timestamp,event,cmd_id,track_id,cmd_az,cmd_el,gimbal_ui_az,gimbal_ui_el,gimbal_ctrl_az,gimbal_ctrl_el,target_ctrl_az,target_ctrl_el,err_az,err_el,is_settled,settle_time,laser_valid,laser_dist,laser_source,laser_ts,laser_age,laser_interval
1780474096.834845,GIMBAL_CMD_SEND,0,-1,,,,,,,59.300000,0.000000,,,,,,,,,,
1780474096.875430,GIMBAL_ATT,0,-1,,,338.000000,7.100000,37.300000,7.100000,59.300000,0.000000,22.000000,7.100000,,,,,,,,
1780474097.197539,GIMBAL_ATT,0,-1,,,343.400000,5.700000,42.700000,5.700000,59.300000,0.000000,16.600000,5.700000,,,,,,,,
1780474097.507726,GIMBAL_ATT,0,-1,,,352.800000,2.900000,52.100000,2.900000,59.300000,0.000000,7.200000,2.900000,,,,,,,,
1780474097.820269,GIMBAL_ATT,0,-1,,,352.800000,0.100000,52.100000,0.100000,59.300000,0.000000,7.200000,0.100000,,,,,,,,
1780474098.104048,GIMBAL_ATT,0,-1,,,359.900000,-0.000000,59.200000,-0.000000,59.300000,0.000000,0.100000,0.000000,,,,,,,,
1780474098.104048,GIMBAL_SETTLED,0,-1,,,359.900000,-0.000000,59.200000,-0.000000,59.300000,0.000000,0.100000,0.000000,1,1.269203,,,,,,
1780474098.393468,LASER_TRIGGER,0,-1,,,359.900000,-0.000000,59.200000,-0.000000,59.300000,0.000000,0.100000,0.000000,1,1.269203,0,,sddm,,,
1780474101.348692,GIMBAL_CMD,1,1,64.034835,-2.485997,359.900000,-0.000000,,,64.034835,-2.485997,,,,,,,,,,
1780474101.513239,GIMBAL_CMD_SEND,1,1,,,,,,,64.034835,-2.485997,,,,,,,,,,
1780474101.553449,GIMBAL_ATT,1,1,,,0.900000,-0.000000,60.200000,-0.000000,64.034835,-2.485997,3.834835,2.485997,,,,,,,,
1780474101.862335,GIMBAL_ATT,1,1,,,0.900000,-1.300000,60.200000,-1.300000,64.034835,-2.485997,3.834835,1.185997,,,,,,,,
1780474102.225460,GIMBAL_ATT,1,1,,,4.600000,-2.300000,63.900000,-2.300000,64.034835,-2.485997,0.134835,0.185997,,,,,,,,
1780474102.225460,GIMBAL_SETTLED,1,1,,,4.600000,-2.300000,63.900000,-2.300000,64.034835,-2.485997,0.134835,0.185997,1,0.712222,,,,,,
1780474102.518360,LASER_TRIGGER,1,1,,,4.600000,-2.300000,63.900000,-2.300000,64.034835,-2.485997,0.134835,0.185997,1,0.712222,1,548.700000,sddm,1780474102.380634,0.137727,
1780474128.332249,GIMBAL_CMD,2,1,62.543870,-2.493602,4.600000,-2.300000,,,62.543870,-2.493602,,,,,,,,,,
1780474128.364209,GIMBAL_CMD_SEND,2,1,,,,,,,62.543870,-2.493602,,,,,,,,,,
1780474128.364209,GIMBAL_ATT,2,1,,,3.500000,-2.300000,62.800000,-2.300000,62.543870,-2.493602,0.256130,0.193602,,,,,,,,
1780474128.364209,GIMBAL_SETTLED,2,1,,,3.500000,-2.300000,62.800000,-2.300000,62.543870,-2.493602,0.256130,0.193602,1,0.000000,,,,,,
1780474128.585832,LASER_TRIGGER,2,1,,,3.500000,-2.300000,62.800000,-2.300000,62.543870,-2.493602,0.256130,0.193602,1,0.000000,1,548.700000,sddm,1780474128.160773,0.425060,26.067472
1780474131.305983,GIMBAL_CMD,3,1,61.733580,-2.186561,3.200000,-2.300000,,,61.733580,-2.186561,,,,,,,,,,
1780474131.320925,GIMBAL_CMD_SEND,3,1,,,,,,,61.733580,-2.186561,,,,,,,,,,
1780474131.615760,GIMBAL_CMD,4,3,62.948212,-3.563500,3.200000,-2.300000,,,62.948212,-3.563500,,,,,,,,,,
1780474131.361830,GIMBAL_ATT,3,1,,,3.200000,-2.300000,62.500000,-2.300000,61.733580,-2.186561,0.766420,0.113439,,,,,,,,
1780474131.714615,GIMBAL_CMD_PREEMPT,4,3,,,,,,,62.948212,-3.563500,1.214632,1.376939,,,,,,,,
1780474131.714615,GIMBAL_ATT,4,3,,,3.400000,-2.100000,62.700000,-2.100000,62.948212,-3.563500,0.248212,1.463500,,,,,,,,
1780474131.990245,GIMBAL_ATT,4,3,,,3.400000,-2.100000,62.700000,-2.100000,62.948212,-3.563500,0.248212,1.463500,,,,,,,,
1780474132.418400,GIMBAL_ATT,4,3,,,3.400000,-3.400000,62.700000,-3.400000,62.948212,-3.563500,0.248212,0.163500,,,,,,,,
1780474132.418400,GIMBAL_SETTLED,4,3,,,3.400000,-3.400000,62.700000,-3.400000,62.948212,-3.563500,0.248212,0.163500,1,0.703785,,,,,,
1780474132.709721,LASER_TRIGGER,4,3,,,3.400000,-3.400000,62.700000,-3.400000,62.948212,-3.563500,0.248212,0.163500,1,0.703785,1,170.900000,sddm,1780474132.704382,0.005338,4.123888
1780474168.250481,GIMBAL_CMD,5,7,64.281380,-2.394843,3.400000,-3.400000,,,64.281380,-2.394843,,,,,,,,,,
1780474168.308067,GIMBAL_CMD_SEND,5,7,,,,,,,64.281380,-2.394843,,,,,,,,,,
1780474168.348543,GIMBAL_ATT,5,7,,,4.500000,-3.400000,63.800000,-3.400000,64.281380,-2.394843,0.481380,1.005157,,,,,,,,
1780474168.581914,GIMBAL_ATT,5,7,,,4.500000,-3.400000,63.800000,-3.400000,64.281380,-2.394843,0.481380,1.005157,,,,,,,,
1780474168.983938,GIMBAL_ATT,5,7,,,4.900000,-2.200000,64.200000,-2.200000,64.281380,-2.394843,0.081380,0.194843,,,,,,,,
1780474168.983938,GIMBAL_SETTLED,5,7,,,4.900000,-2.200000,64.200000,-2.200000,64.281380,-2.394843,0.081380,0.194843,1,0.675870,,,,,,
1780474169.280569,LASER_TRIGGER,5,7,,,4.900000,-2.200000,64.200000,-2.200000,64.281380,-2.394843,0.081380,0.194843,1,0.675870,1,172.400000,sddm,1780474168.495141,0.785428,36.570848
1780474172.821214,GIMBAL_CMD,6,7,62.600336,-2.420506,4.900000,-2.200000,,,62.600336,-2.420506,,,,,,,,,,
1780474172.821214,GIMBAL_CMD_SEND,6,7,,,,,,,62.600336,-2.420506,,,,,,,,,,
1780474172.822071,GIMBAL_ATT,6,7,,,3.800000,-2.200000,63.100000,-2.200000,62.600336,-2.420506,0.499664,0.220506,,,,,,,,
1780474173.073713,GIMBAL_ATT,6,7,,,3.300000,-2.200000,62.600000,-2.200000,62.600336,-2.420506,0.000336,0.220506,,,,,,,,
1780474173.073713,GIMBAL_SETTLED,6,7,,,3.300000,-2.200000,62.600000,-2.200000,62.600336,-2.420506,0.000336,0.220506,1,0.252499,,,,,,
1780474173.362570,LASER_TRIGGER,6,7,,,3.300000,-2.200000,62.600000,-2.200000,62.600336,-2.420506,0.000336,0.220506,1,0.252499,1,554.700000,sddm,1780474172.540324,0.822246,4.082001
1780474174.802485,GIMBAL_CMD,7,7,62.764077,-2.602544,3.300000,-2.200000,,,62.764077,-2.602544,,,,,,,,,,
1780474174.928009,GIMBAL_CMD_SEND,7,7,,,,,,,62.764077,-2.602544,,,,,,,,,,
1780474174.928009,GIMBAL_ATT,7,7,,,3.300000,-2.300000,62.600000,-2.300000,62.764077,-2.602544,0.164077,0.302544,,,,,,,,
1780474175.146029,GIMBAL_ATT,7,7,,,3.300000,-2.500000,62.600000,-2.500000,62.764077,-2.602544,0.164077,0.102544,,,,,,,,
1780474175.146029,GIMBAL_SETTLED,7,7,,,3.300000,-2.500000,62.600000,-2.500000,62.764077,-2.602544,0.164077,0.102544,1,0.218020,,,,,,
1780474175.430590,LASER_TRIGGER,7,7,,,3.300000,-2.500000,62.600000,-2.500000,62.764077,-2.602544,0.164077,0.102544,1,0.218020,1,547.200000,sddm,1780474175.064297,0.366293,2.068020
1780474180.373727,GIMBAL_CMD,8,7,64.047571,-2.435515,3.300000,-2.500000,,,64.047571,-2.435515,,,,,,,,,,
1780474180.508824,GIMBAL_CMD_SEND,8,7,,,,,,,64.047571,-2.435515,,,,,,,,,,
1780474180.508824,GIMBAL_ATT,8,7,,,4.400000,-2.500000,63.700000,-2.500000,64.047571,-2.435515,0.347571,0.064485,,,,,,,,
1780474180.744477,GIMBAL_ATT,8,7,,,4.600000,-2.500000,63.900000,-2.500000,64.047571,-2.435515,0.147571,0.064485,,,,,,,,
1780474180.744477,GIMBAL_SETTLED,8,7,,,4.600000,-2.500000,63.900000,-2.500000,64.047571,-2.435515,0.147571,0.064485,1,0.235653,,,,,,
1780474181.026767,LASER_TRIGGER,8,7,,,4.600000,-2.500000,63.900000,-2.500000,64.047571,-2.435515,0.147571,0.064485,1,0.235653,0,,sddm,,,
1780474209.384315,GIMBAL_CMD,9,7,64.115036,-2.282479,4.600000,-2.500000,,,64.115036,-2.282479,,,,,,,,,,
1780474209.616134,GIMBAL_CMD_SEND,9,7,,,,,,,64.115036,-2.282479,,,,,,,,,,
1780474209.616134,GIMBAL_ATT,9,7,,,4.600000,-2.500000,63.900000,-2.500000,64.115036,-2.282479,0.215036,0.217521,,,,,,,,
1780474209.616134,GIMBAL_SETTLED,9,7,,,4.600000,-2.500000,63.900000,-2.500000,64.115036,-2.282479,0.215036,0.217521,1,0.000000,,,,,,
1780474209.831425,LASER_TRIGGER,9,7,,,4.600000,-2.500000,63.900000,-2.500000,64.115036,-2.282479,0.215036,0.217521,1,0.000000,1,547.200000,sddm,1780474208.564069,1.267357,34.400835
1780474211.309778,GIMBAL_CMD,10,7,64.095703,-2.424662,4.600000,-2.100000,,,64.095703,-2.424662,,,,,,,,,,
1780474211.397413,GIMBAL_CMD_SEND,10,7,,,,,,,64.095703,-2.424662,,,,,,,,,,
1780474211.397413,GIMBAL_ATT,10,7,,,4.600000,-2.100000,63.900000,-2.100000,64.095703,-2.424662,0.195703,0.324662,,,,,,,,
1780474211.702584,GIMBAL_ATT,10,7,,,4.600000,-2.100000,63.900000,-2.100000,64.095703,-2.424662,0.195703,0.324662,,,,,,,,
1780474212.014121,GIMBAL_ATT,10,7,,,4.600000,-2.100000,63.900000,-2.100000,64.095703,-2.424662,0.195703,0.324662,,,,,,,,
1780474212.327543,GIMBAL_ATT,10,7,,,4.600000,-2.100000,63.900000,-2.100000,64.095703,-2.424662,0.195703,0.324662,,,,,,,,
1780474212.642278,GIMBAL_ATT,10,7,,,4.600000,-2.100000,63.900000,-2.100000,64.095703,-2.424662,0.195703,0.324662,,,,,,,,
1780474212.954869,GIMBAL_ATT,10,7,,,4.600000,-2.100000,63.900000,-2.100000,64.095703,-2.424662,0.195703,0.324662,,,,,,,,
1780474213.267200,GIMBAL_ATT,10,7,,,4.600000,-2.100000,63.900000,-2.100000,64.095703,-2.424662,0.195703,0.324662,,,,,,,,
1780474213.582947,GIMBAL_ATT,10,7,,,4.600000,-2.100000,63.900000,-2.100000,64.095703,-2.424662,0.195703,0.324662,,,,,,,,
1780474213.895990,GIMBAL_ATT,10,7,,,4.600000,-2.100000,63.900000,-2.100000,64.095703,-2.424662,0.195703,0.324662,,,,,,,,
1780474214.207954,GIMBAL_ATT,10,7,,,4.600000,-2.100000,63.900000,-2.100000,64.095703,-2.424662,0.195703,0.324662,,,,,,,,
1780474214.207954,GIMBAL_TIMEOUT,10,7,,,,,,,64.095703,-2.424662,0.195703,0.324662,0,2.810541,,,,,,
1780474217.087533,GIMBAL_CMD,11,7,63.110740,-3.683100,4.600000,-2.100000,,,63.110740,-3.683100,,,,,,,,,,
1780474217.240975,GIMBAL_CMD_SEND,11,7,,,,,,,63.110740,-3.683100,,,,,,,,,,
1780474217.281594,GIMBAL_ATT,11,7,,,4.600000,-2.200000,63.900000,-2.200000,63.110740,-3.683100,0.789260,1.483100,,,,,,,,
1780474217.488804,GIMBAL_ATT,11,7,,,4.600000,-2.200000,63.900000,-2.200000,63.110740,-3.683100,0.789260,1.483100,,,,,,,,
1780474217.945072,GIMBAL_ATT,11,7,,,3.800000,-3.500000,63.100000,-3.500000,63.110740,-3.683100,0.010740,0.183100,,,,,,,,
1780474217.945072,GIMBAL_SETTLED,11,7,,,3.800000,-3.500000,63.100000,-3.500000,63.110740,-3.683100,0.010740,0.183100,1,0.704097,,,,,,
1780474218.237411,LASER_TRIGGER,11,7,,,3.800000,-3.500000,63.100000,-3.500000,63.110740,-3.683100,0.010740,0.183100,1,0.704097,1,173.400000,sddm,1780474218.170469,0.066942,8.405985
1780474220.616073,GIMBAL_CMD,12,7,61.963757,-3.969445,3.800000,-3.500000,,,61.963757,-3.969445,,,,,,,,,,
1780474220.617100,GIMBAL_CMD_SEND,12,7,,,,,,,61.963757,-3.969445,,,,,,,,,,
1780474220.658173,GIMBAL_ATT,12,7,,,3.800000,-3.600000,63.100000,-3.600000,61.963757,-3.969445,1.136243,0.369445,,,,,,,,
1780474221.011657,GIMBAL_ATT,12,7,,,2.500000,-3.800000,61.800000,-3.800000,61.963757,-3.969445,0.163757,0.169445,,,,,,,,
1780474221.011657,GIMBAL_SETTLED,12,7,,,2.500000,-3.800000,61.800000,-3.800000,61.963757,-3.969445,0.163757,0.169445,1,0.394557,,,,,,
1780474221.303426,LASER_TRIGGER,12,7,,,2.500000,-3.800000,61.800000,-3.800000,61.963757,-3.969445,0.163757,0.169445,1,0.394557,1,173.400000,sddm,1780474220.817440,0.485986,3.066015
1780474223.732656,GIMBAL_CMD,13,8,64.112525,-2.485889,2.500000,-3.800000,,,64.112525,-2.485889,,,,,,,,,,
1780474223.732656,GIMBAL_CMD_SEND,13,8,,,,,,,64.112525,-2.485889,,,,,,,,,,
1780474223.773986,GIMBAL_ATT,13,8,,,3.700000,-3.800000,63.000000,-3.800000,64.112525,-2.485889,1.112525,1.314111,,,,,,,,
1780474224.071249,GIMBAL_ATT,13,8,,,3.700000,-3.800000,63.000000,-3.800000,64.112525,-2.485889,1.112525,1.314111,,,,,,,,
1780474224.453467,GIMBAL_ATT,13,8,,,4.700000,-2.300000,64.000000,-2.300000,64.112525,-2.485889,0.112525,0.185889,,,,,,,,
1780474224.453467,GIMBAL_SETTLED,13,8,,,4.700000,-2.300000,64.000000,-2.300000,64.112525,-2.485889,0.112525,0.185889,1,0.720811,,,,,,
1780474224.745287,LASER_TRIGGER,13,8,,,4.700000,-2.300000,64.000000,-2.300000,64.112525,-2.485889,0.112525,0.185889,1,0.720811,1,547.200000,sddm,1780474224.340804,0.404483,3.441861
1780474262.834321,GIMBAL_CMD,14,8,61.964441,-3.647934,4.700000,-2.300000,,,61.964441,-3.647934,,,,,,,,,,
1780474262.834321,GIMBAL_CMD_SEND,14,8,,,,,,,61.964441,-3.647934,,,,,,,,,,
1780474262.875587,GIMBAL_ATT,14,8,,,3.700000,-2.400000,63.000000,-2.400000,61.964441,-3.647934,1.035559,1.247934,,,,,,,,
1780474263.166928,GIMBAL_ATT,14,8,,,3.700000,-2.400000,63.000000,-2.400000,61.964441,-3.647934,1.035559,1.247934,,,,,,,,
1780474263.527322,GIMBAL_ATT,14,8,,,2.600000,-3.500000,61.900000,-3.500000,61.964441,-3.647934,0.064441,0.147934,,,,,,,,
1780474263.527322,GIMBAL_SETTLED,14,8,,,2.600000,-3.500000,61.900000,-3.500000,61.964441,-3.647934,0.064441,0.147934,1,0.693001,,,,,,
1780474263.806351,LASER_TRIGGER,14,8,,,2.600000,-3.500000,61.900000,-3.500000,61.964441,-3.647934,0.064441,0.147934,1,0.693001,1,547.200000,sddm,1780474262.761956,1.044394,39.061064
1780474268.136750,GIMBAL_CMD,15,8,61.905348,-3.863288,2.600000,-3.500000,,,61.905348,-3.863288,,,,,,,,,,
1780474268.136750,GIMBAL_CMD_SEND,15,8,,,,,,,61.905348,-3.863288,,,,,,,,,,
1780474268.137737,GIMBAL_ATT,15,8,,,2.600000,-3.600000,61.900000,-3.600000,61.905348,-3.863288,0.005348,0.263288,,,,,,,,
1780474268.137737,GIMBAL_SETTLED,15,8,,,2.600000,-3.600000,61.900000,-3.600000,61.905348,-3.863288,0.005348,0.263288,1,0.000987,,,,,,
1780474268.526822,LASER_TRIGGER,15,8,,,2.600000,-3.600000,61.900000,-3.600000,61.905348,-3.863288,0.005348,0.263288,1,0.000987,0,,sddm,,,
1780474269.795605,GIMBAL_CMD,16,8,61.698621,-3.917288,2.600000,-3.700000,,,61.698621,-3.917288,,,,,,,,,,
1780474269.796617,GIMBAL_CMD_SEND,16,8,,,,,,,61.698621,-3.917288,,,,,,,,,,
1780474270.090829,GIMBAL_CMD,17,11,64.103840,-2.490455,2.600000,-3.700000,,,64.103840,-2.490455,,,,,,,,,,
1780474269.796753,GIMBAL_ATT,16,8,,,2.600000,-3.700000,61.900000,-3.700000,61.698621,-3.917288,0.201379,0.217288,,,,,,,,
1780474269.796753,GIMBAL_SETTLED,16,8,,,2.600000,-3.700000,61.900000,-3.700000,61.698621,-3.917288,0.201379,0.217288,1,0.000137,,,,,,
1780474270.162691,LASER_TRIGGER,16,8,,,2.600000,-3.700000,61.900000,-3.700000,61.698621,-3.917288,0.201379,0.217288,1,0.000137,0,,sddm,,,
1780474270.162691,GIMBAL_CMD_SEND,17,11,,,,,,,64.103840,-2.490455,,,,,,,,,,
1780474270.203549,GIMBAL_ATT,17,11,,,3.200000,-3.700000,62.500000,-3.700000,64.103840,-2.490455,1.603840,1.209545,,,,,,,,
1780474270.512089,GIMBAL_ATT,17,11,,,4.700000,-3.700000,64.000000,-3.700000,64.103840,-2.490455,0.103840,1.209545,,,,,,,,
1780474270.869338,GIMBAL_ATT,17,11,,,4.700000,-2.300000,64.000000,-2.300000,64.103840,-2.490455,0.103840,0.190455,,,,,,,,
1780474270.869338,GIMBAL_SETTLED,17,11,,,4.700000,-2.300000,64.000000,-2.300000,64.103840,-2.490455,0.103840,0.190455,1,0.706648,,,,,,
1780474271.161661,LASER_TRIGGER,17,11,,,4.700000,-2.300000,64.000000,-2.300000,64.103840,-2.490455,0.103840,0.190455,1,0.706648,1,547.200000,sddm,1780474270.819206,0.342455,7.355310
1780474283.571112,GIMBAL_CMD,18,11,64.059686,-2.369790,4.700000,-2.300000,,,64.059686,-2.369790,,,,,,,,,,
1780474283.675617,GIMBAL_CMD_SEND,18,11,,,,,,,64.059686,-2.369790,,,,,,,,,,
1780474283.675617,GIMBAL_ATT,18,11,,,4.700000,-2.300000,64.000000,-2.300000,64.059686,-2.369790,0.059686,0.069790,,,,,,,,
1780474283.675617,GIMBAL_SETTLED,18,11,,,4.700000,-2.300000,64.000000,-2.300000,64.059686,-2.369790,0.059686,0.069790,1,0.000000,,,,,,
1780474283.956679,LASER_TRIGGER,18,11,,,4.700000,-2.300000,64.000000,-2.300000,64.059686,-2.369790,0.059686,0.069790,1,0.000000,1,547.200000,sddm,1780474283.949211,0.007468,12.795018
1780474288.175412,GIMBAL_CMD,19,11,64.062296,-2.491541,4.700000,-2.300000,,,64.062296,-2.491541,,,,,,,,,,
1780474288.272320,GIMBAL_CMD_SEND,19,11,,,,,,,64.062296,-2.491541,,,,,,,,,,
1780474288.272320,GIMBAL_ATT,19,11,,,4.700000,-2.300000,64.000000,-2.300000,64.062296,-2.491541,0.062296,0.191541,,,,,,,,
1780474288.272320,GIMBAL_SETTLED,19,11,,,4.700000,-2.300000,64.000000,-2.300000,64.062296,-2.491541,0.062296,0.191541,1,0.000000,,,,,,
1780474288.554035,LASER_TRIGGER,19,11,,,4.700000,-2.300000,64.000000,-2.300000,64.062296,-2.491541,0.062296,0.191541,1,0.000000,1,548.700000,sddm,1780474288.489130,0.064906,4.597357
1780474294.209078,GIMBAL_CMD,20,11,64.067509,-2.367250,4.700000,-2.300000,,,64.067509,-2.367250,,,,,,,,,,
1780474294.430068,GIMBAL_CMD_SEND,20,11,,,,,,,64.067509,-2.367250,,,,,,,,,,
1780474294.430068,GIMBAL_ATT,20,11,,,4.700000,-2.300000,64.000000,-2.300000,64.067509,-2.367250,0.067509,0.067250,,,,,,,,
1780474294.430068,GIMBAL_SETTLED,20,11,,,4.700000,-2.300000,64.000000,-2.300000,64.067509,-2.367250,0.067509,0.067250,1,0.000000,,,,,,
1780474294.715006,LASER_TRIGGER,20,11,,,4.700000,-2.300000,64.000000,-2.300000,64.067509,-2.367250,0.067509,0.067250,1,0.000000,1,547.200000,sddm,1780474294.562742,0.152264,6.160971
1780474330.300342,GIMBAL_CMD,21,11,64.086336,-2.500345,4.700000,-2.300000,,,64.086336,-2.500345,,,,,,,,,,
1780474330.364869,GIMBAL_CMD_SEND,21,11,,,,,,,64.086336,-2.500345,,,,,,,,,,
1780474330.364869,GIMBAL_ATT,21,11,,,4.700000,-2.300000,64.000000,-2.300000,64.086336,-2.500345,0.086336,0.200345,,,,,,,,
1780474330.364869,GIMBAL_SETTLED,21,11,,,4.700000,-2.300000,64.000000,-2.300000,64.086336,-2.500345,0.086336,0.200345,1,0.000000,,,,,,
1780474330.646821,LASER_TRIGGER,21,11,,,4.700000,-2.300000,64.000000,-2.300000,64.086336,-2.500345,0.086336,0.200345,1,0.000000,1,548.700000,sddm,1780474330.472197,0.174624,35.931815
1780474340.760604,GIMBAL_CMD,22,17,38.517756,-1.924698,4.700000,-2.300000,,,38.517756,-1.924698,,,,,,,,,,
1780474340.823673,GIMBAL_CMD_SEND,22,17,,,,,,,38.517756,-1.924698,,,,,,,,,,
1780474340.864511,GIMBAL_ATT,22,17,,,3.700000,-2.300000,63.000000,-2.300000,38.517756,-1.924698,24.482244,0.375302,,,,,,,,
1780474341.286664,GIMBAL_CMD,23,11,64.065095,-2.419572,3.700000,-2.300000,,,64.065095,-2.419572,,,,,,,,,,
1780474341.090163,GIMBAL_ATT,22,17,,,0.100000,-2.300000,59.400000,-2.300000,38.517756,-1.924698,20.882244,0.375302,,,,,,,,
1780474341.405192,GIMBAL_CMD_PREEMPT,23,11,,,,,,,64.065095,-2.419572,25.547339,0.494874,,,,,,,,
1780474341.405192,GIMBAL_ATT,23,11,,,0.100000,-1.900000,59.400000,-1.900000,64.065095,-2.419572,4.665095,0.519572,,,,,,,,
1780474341.778462,GIMBAL_ATT,23,11,,,4.700000,-1.900000,64.000000,-1.900000,64.065095,-2.419572,0.065095,0.519572,,,,,,,,
1780474342.154235,GIMBAL_ATT,23,11,,,4.700000,-2.300000,64.000000,-2.300000,64.065095,-2.419572,0.065095,0.119572,,,,,,,,
1780474342.154235,GIMBAL_SETTLED,23,11,,,4.700000,-2.300000,64.000000,-2.300000,64.065095,-2.419572,0.065095,0.119572,1,0.749043,,,,,,
1780474342.445842,LASER_TRIGGER,23,11,,,4.700000,-2.300000,64.000000,-2.300000,64.065095,-2.419572,0.065095,0.119572,1,0.749043,1,548.700000,sddm,1780474342.095048,0.350794,11.799021
1780474342.937468,GIMBAL_CMD,24,17,38.517513,-1.933519,4.700000,-2.300000,,,38.517513,-1.933519,,,,,,,,,,
1780474342.937468,GIMBAL_CMD_SEND,24,17,,,,,,,38.517513,-1.933519,,,,,,,,,,
1780474342.979216,GIMBAL_ATT,24,17,,,4.700000,-2.300000,64.000000,-2.300000,38.517513,-1.933519,25.482487,0.366481,,,,,,,,
1780474343.313676,GIMBAL_ATT,24,17,,,354.800000,-2.300000,54.100000,-2.300000,38.517513,-1.933519,15.582487,0.366481,,,,,,,,
1780474343.737577,GIMBAL_ATT,24,17,,,344.400000,-1.800000,43.700000,-1.800000,38.517513,-1.933519,5.182487,0.133519,,,,,,,,
1780474344.089321,GIMBAL_CMD,25,11,64.071921,-2.420109,344.400000,-1.800000,,,64.071921,-2.420109,,,,,,,,,,
1780474344.052762,GIMBAL_ATT,24,17,,,344.400000,-1.800000,43.700000,-1.800000,38.517513,-1.933519,5.182487,0.133519,,,,,,,,
1780474344.395200,GIMBAL_CMD_PREEMPT,25,11,,,,,,,64.071921,-2.420109,25.554408,0.486590,,,,,,,,
1780474344.395200,GIMBAL_ATT,25,11,,,344.400000,-1.900000,43.700000,-1.900000,64.071921,-2.420109,20.371921,0.520109,,,,,,,,
1780474344.769623,GIMBAL_ATT,25,11,,,349.000000,-1.900000,48.300000,-1.900000,64.071921,-2.420109,15.771921,0.520109,,,,,,,,
1780474345.465846,GIMBAL_CMD,26,17,38.505236,-1.869241,349.000000,-1.900000,,,38.505236,-1.869241,,,,,,,,,,
1780474345.190842,GIMBAL_ATT,25,11,,,359.300000,-2.300000,58.600000,-2.300000,64.071921,-2.420109,5.471921,0.120109,,,,,,,,
1780474345.504436,GIMBAL_CMD_PREEMPT,26,17,,,,,,,38.505236,-1.869241,25.566685,0.550869,,,,,,,,
1780474345.504436,GIMBAL_ATT,26,17,,,0.500000,-2.300000,59.800000,-2.300000,38.505236,-1.869241,21.294764,0.430759,,,,,,,,
1780474345.786294,GIMBAL_ATT,26,17,,,352.700000,-2.300000,52.000000,-2.300000,38.505236,-1.869241,13.494764,0.430759,,,,,,,,
1780474346.100843,GIMBAL_ATT,26,17,,,342.000000,-1.700000,41.300000,-1.700000,38.505236,-1.869241,2.794764,0.169241,,,,,,,,
1780474346.412555,GIMBAL_ATT,26,17,,,339.100000,-1.700000,38.400000,-1.700000,38.505236,-1.869241,0.105236,0.169241,,,,,,,,
1780474346.412555,GIMBAL_SETTLED,26,17,,,339.100000,-1.700000,38.400000,-1.700000,38.505236,-1.869241,0.105236,0.169241,1,0.908118,,,,,,
1780474346.707749,LASER_TRIGGER,26,17,,,339.100000,-1.700000,38.400000,-1.700000,38.505236,-1.869241,0.105236,0.169241,1,0.908118,1,67.200000,sddm,1780474345.264683,1.443066,4.261907
1780474351.191016,GIMBAL_CMD,27,11,63.005986,-3.649377,339.100000,-1.700000,,,63.005986,-3.649377,,,,,,,,,,
1780474351.416663,GIMBAL_CMD_SEND,27,11,,,,,,,63.005986,-3.649377,,,,,,,,,,
1780474351.456977,GIMBAL_ATT,27,11,,,340.100000,-1.800000,39.400000,-1.800000,63.005986,-3.649377,23.605986,1.849377,,,,,,,,
1780474351.765117,GIMBAL_ATT,27,11,,,340.100000,-3.100000,39.400000,-3.100000,63.005986,-3.649377,23.605986,0.549377,,,,,,,,
1780474352.264501,GIMBAL_CMD,28,17,38.531461,-1.928520,340.100000,-3.100000,,,38.531461,-1.928520,,,,,,,,,,
1780474352.156904,GIMBAL_ATT,27,11,,,357.400000,-3.500000,56.700000,-3.500000,63.005986,-3.649377,6.305986,0.149377,,,,,,,,
1780474352.470421,GIMBAL_CMD_PREEMPT,28,17,,,,,,,38.531461,-1.928520,24.474525,1.720857,,,,,,,,
1780474352.470421,GIMBAL_ATT,28,17,,,358.800000,-3.500000,58.100000,-3.500000,38.531461,-1.928520,19.568539,1.571480,,,,,,,,
1780474352.830440,GIMBAL_ATT,28,17,,,358.800000,-2.200000,58.100000,-2.200000,38.531461,-1.928520,19.568539,0.271480,,,,,,,,
1780474353.383288,GIMBAL_CMD,29,11,62.990763,-3.652398,358.800000,-2.200000,,,62.990763,-3.652398,,,,,,,,,,
1780474353.204295,GIMBAL_ATT,28,17,,,358.800000,-1.800000,58.100000,-1.800000,38.531461,-1.928520,19.568539,0.128520,,,,,,,,
1780474353.596419,GIMBAL_CMD_PREEMPT,29,11,,,,,,,62.990763,-3.652398,24.459302,1.723878,,,,,,,,
1780474353.596419,GIMBAL_ATT,29,11,,,340.300000,-1.900000,39.600000,-1.900000,62.990763,-3.652398,23.390763,1.752398,,,,,,,,
1780474353.958106,GIMBAL_ATT,29,11,,,340.300000,-3.200000,39.600000,-3.200000,62.990763,-3.652398,23.390763,0.452398,,,,,,,,
1780474354.604689,GIMBAL_CMD,30,17,38.530407,-1.905380,340.300000,-3.200000,,,38.530407,-1.905380,,,,,,,,,,
1780474354.332819,GIMBAL_ATT,29,11,,,357.300000,-3.500000,56.600000,-3.500000,62.990763,-3.652398,6.390763,0.152398,,,,,,,,
1780474354.643579,GIMBAL_CMD_PREEMPT,30,17,,,,,,,38.530407,-1.905380,24.460356,1.747018,,,,,,,,
1780474354.643579,GIMBAL_ATT,30,17,,,358.500000,-3.500000,57.800000,-3.500000,38.530407,-1.905380,19.269593,1.594620,,,,,,,,
1780474355.327484,GIMBAL_CMD,31,11,63.757141,-2.541110,358.500000,-3.500000,,,63.757141,-2.541110,,,,,,,,,,
1780474355.005368,GIMBAL_ATT,30,17,,,358.500000,-2.200000,57.800000,-2.200000,38.530407,-1.905380,19.269593,0.294620,,,,,,,,
1780474355.379496,GIMBAL_CMD_PREEMPT,31,11,,,,,,,63.757141,-2.541110,25.226734,0.635730,,,,,,,,
1780474355.379496,GIMBAL_ATT,31,11,,,344.100000,-1.900000,43.400000,-1.900000,63.757141,-2.541110,20.357141,0.641110,,,,,,,,
1780474355.656463,GIMBAL_ATT,31,11,,,352.400000,-1.900000,51.700000,-1.900000,63.757141,-2.541110,12.057141,0.641110,,,,,,,,
1780474355.974628,GIMBAL_ATT,31,11,,,2.700000,-2.400000,62.000000,-2.400000,63.757141,-2.541110,1.757141,0.141110,,,,,,,,
1780474356.240710,GIMBAL_ATT,31,11,,,4.300000,-2.400000,63.600000,-2.400000,63.757141,-2.541110,0.157141,0.141110,,,,,,,,
1780474356.240710,GIMBAL_SETTLED,31,11,,,4.300000,-2.400000,63.600000,-2.400000,63.757141,-2.541110,0.157141,0.141110,1,0.861215,,,,,,
1780474356.536272,LASER_TRIGGER,31,11,,,4.300000,-2.400000,63.600000,-2.400000,63.757141,-2.541110,0.157141,0.141110,1,0.861215,1,124.500000,sddm,1780474354.692623,1.843649,9.828523
1780474356.934545,GIMBAL_CMD,32,17,38.517091,-1.907320,4.300000,-2.400000,,,38.517091,-1.907320,,,,,,,,,,
1780474356.935570,GIMBAL_CMD_SEND,32,17,,,,,,,38.517091,-1.907320,,,,,,,,,,
1780474356.976521,GIMBAL_ATT,32,17,,,3.200000,-2.400000,62.500000,-2.400000,38.517091,-1.907320,23.982909,0.492680,,,,,,,,
1780474357.210159,GIMBAL_ATT,32,17,,,359.600000,-2.400000,58.900000,-2.400000,38.517091,-1.907320,20.382909,0.492680,,,,,,,,
1780474357.524301,GIMBAL_ATT,32,17,,,351.100000,-1.800000,50.400000,-1.800000,38.517091,-1.907320,11.882909,0.107320,,,,,,,,
1780474358.099223,GIMBAL_CMD,33,11,64.125863,-2.374292,351.100000,-1.800000,,,64.125863,-2.374292,,,,,,,,,,
1780474357.838337,GIMBAL_ATT,32,17,,,341.200000,-1.800000,40.500000,-1.800000,38.517091,-1.907320,1.982909,0.107320,,,,,,,,
1780474358.124913,GIMBAL_CMD_PREEMPT,33,11,,,,,,,64.125863,-2.374292,25.608772,0.466973,,,,,,,,
1780474358.124913,GIMBAL_ATT,33,11,,,340.300000,-1.800000,39.600000,-1.800000,64.125863,-2.374292,24.525863,0.574292,,,,,,,,
1780474358.481208,GIMBAL_ATT,33,11,,,345.600000,-1.800000,44.900000,-1.800000,64.125863,-2.374292,19.225863,0.574292,,,,,,,,
1780474358.795097,GIMBAL_ATT,33,11,,,355.200000,-1.800000,54.500000,-1.800000,64.125863,-2.374292,9.625863,0.574292,,,,,,,,
1780474359.106525,GIMBAL_ATT,33,11,,,4.300000,-1.800000,63.600000,-1.800000,64.125863,-2.374292,0.525863,0.574292,,,,,,,,
1780474359.335788,GIMBAL_CMD,34,17,38.559697,-1.936163,4.300000,-1.800000,,,38.559697,-1.936163,,,,,,,,,,
1780474359.338322,GIMBAL_CMD_PREEMPT,34,17,,,,,,,38.559697,-1.936163,25.566166,0.438130,,,,,,,,
1780474359.338322,GIMBAL_ATT,34,17,,,3.600000,-1.800000,62.900000,-1.800000,38.559697,-1.936163,24.340303,0.136163,,,,,,,,
1780474359.685402,GIMBAL_ATT,34,17,,,358.400000,-1.800000,57.700000,-1.800000,38.559697,-1.936163,19.140303,0.136163,,,,,,,,
1780474359.998405,GIMBAL_ATT,34,17,,,349.000000,-1.800000,48.300000,-1.800000,38.559697,-1.936163,9.740303,0.136163,,,,,,,,
1780474360.311691,GIMBAL_ATT,34,17,,,339.800000,-1.800000,39.100000,-1.800000,38.559697,-1.936163,0.540303,0.136163,,,,,,,,
1780474360.541823,GIMBAL_ATT,34,17,,,339.200000,-1.800000,38.500000,-1.800000,38.559697,-1.936163,0.059697,0.136163,,,,,,,,
1780474360.541823,GIMBAL_SETTLED,34,17,,,339.200000,-1.800000,38.500000,-1.800000,38.559697,-1.936163,0.059697,0.136163,1,1.203501,,,,,,
1780474360.841329,LASER_TRIGGER,34,17,,,339.200000,-1.800000,38.500000,-1.800000,38.559697,-1.936163,0.059697,0.136163,1,1.203501,0,,sddm,,,
1780474361.189631,GIMBAL_CMD,35,11,64.214861,-2.392162,339.200000,-1.800000,,,64.214861,-2.392162,,,,,,,,,,
1780474361.233942,GIMBAL_CMD_SEND,35,11,,,,,,,64.214861,-2.392162,,,,,,,,,,
1780474361.274743,GIMBAL_ATT,35,11,,,339.200000,-1.900000,38.500000,-1.900000,64.214861,-2.392162,25.714861,0.492162,,,,,,,,
1780474361.908552,GIMBAL_CMD,36,17,38.541689,-1.918877,339.200000,-1.900000,,,38.541689,-1.918877,,,,,,,,,,
1780474361.710651,GIMBAL_ATT,35,11,,,348.800000,-2.200000,48.100000,-2.200000,64.214861,-2.392162,16.114861,0.192162,,,,,,,,
1780474362.024198,GIMBAL_CMD_PREEMPT,36,17,,,,,,,38.541689,-1.918877,25.673172,0.473285,,,,,,,,
1780474362.024198,GIMBAL_ATT,36,17,,,348.800000,-2.200000,48.100000,-2.200000,38.541689,-1.918877,9.558311,0.281123,,,,,,,,
1780474362.497718,GIMBAL_CMD,37,11,64.135146,-2.436170,348.800000,-2.200000,,,64.135146,-2.436170,,,,,,,,,,
1780474362.494961,GIMBAL_ATT,36,17,,,348.800000,-1.800000,48.100000,-1.800000,38.541689,-1.918877,9.558311,0.118877,,,,,,,,
1780474362.871455,GIMBAL_CMD_PREEMPT,37,11,,,,,,,64.135146,-2.436170,25.593457,0.517293,,,,,,,,
1780474362.871455,GIMBAL_ATT,37,11,,,348.800000,-1.900000,48.100000,-1.900000,64.135146,-2.436170,16.035146,0.536170,,,,,,,,
1780474363.247401,GIMBAL_ATT,37,11,,,349.100000,-1.900000,48.400000,-1.900000,64.135146,-2.436170,15.735146,0.536170,,,,,,,,
1780474363.786114,GIMBAL_CMD,38,17,38.559286,-1.939632,349.100000,-1.900000,,,38.559286,-1.939632,,,,,,,,,,
1780474363.670013,GIMBAL_ATT,37,11,,,359.400000,-2.300000,58.700000,-2.300000,64.135146,-2.436170,5.435146,0.136170,,,,,,,,
1780474363.982073,GIMBAL_CMD_PREEMPT,38,17,,,,,,,38.559286,-1.939632,25.575860,0.496538,,,,,,,,
1780474363.982073,GIMBAL_ATT,38,17,,,359.400000,-2.300000,58.700000,-2.300000,38.559286,-1.939632,20.140714,0.360368,,,,,,,,
1780474364.648615,GIMBAL_CMD,39,11,64.104927,-2.489778,359.400000,-2.300000,,,64.104927,-2.489778,,,,,,,,,,
1780474364.356564,GIMBAL_ATT,38,17,,,345.600000,-2.300000,44.900000,-2.300000,38.559286,-1.939632,6.340714,0.360368,,,,,,,,
1780474364.778614,GIMBAL_CMD_PREEMPT,39,11,,,,,,,64.104927,-2.489778,25.545640,0.550147,,,,,,,,
1780474364.778614,GIMBAL_ATT,39,11,,,345.600000,-1.900000,44.900000,-1.900000,64.104927,-2.489778,19.204927,0.589778,,,,,,,,
1780474365.151183,GIMBAL_ATT,39,11,,,359.600000,-1.900000,58.900000,-1.900000,64.104927,-2.489778,5.204927,0.589778,,,,,,,,
1780474365.575173,GIMBAL_ATT,39,11,,,359.600000,-2.300000,58.900000,-2.300000,64.104927,-2.489778,5.204927,0.189778,,,,,,,,
1780474365.920571,GIMBAL_ATT,39,11,,,4.700000,-2.300000,64.000000,-2.300000,64.104927,-2.489778,0.104927,0.189778,,,,,,,,
1780474365.920571,GIMBAL_SETTLED,39,11,,,4.700000,-2.300000,64.000000,-2.300000,64.104927,-2.489778,0.104927,0.189778,1,1.141957,,,,,,
1780474366.215093,LASER_TRIGGER,39,11,,,4.700000,-2.300000,64.000000,-2.300000,64.104927,-2.489778,0.104927,0.189778,1,1.141957,1,548.700000,sddm,1780474366.009397,0.205695,9.678821
1780474367.633925,GIMBAL_CMD,40,17,38.538684,-1.909848,4.700000,-2.300000,,,38.538684,-1.909848,,,,,,,,,,
1780474367.783505,GIMBAL_CMD_SEND,40,17,,,,,,,38.538684,-1.909848,,,,,,,,,,
1780474367.824320,GIMBAL_ATT,40,17,,,3.600000,-2.300000,62.900000,-2.300000,38.538684,-1.909848,24.361316,0.390152,,,,,,,,
1780474368.051908,GIMBAL_ATT,40,17,,,0.300000,-2.300000,59.600000,-2.300000,38.538684,-1.909848,21.061316,0.390152,,,,,,,,
1780474368.356624,GIMBAL_ATT,40,17,,,352.000000,-1.800000,51.300000,-1.800000,38.538684,-1.909848,12.761316,0.109848,,,,,,,,
1780474368.670291,GIMBAL_ATT,40,17,,,341.800000,-1.800000,41.100000,-1.800000,38.538684,-1.909848,2.561316,0.109848,,,,,,,,
1780474368.979722,GIMBAL_ATT,40,17,,,339.200000,-1.800000,38.500000,-1.800000,38.538684,-1.909848,0.038684,0.109848,,,,,,,,
1780474368.979722,GIMBAL_SETTLED,40,17,,,339.200000,-1.800000,38.500000,-1.800000,38.538684,-1.909848,0.038684,0.109848,1,1.196217,,,,,,
1780474369.262794,LASER_TRIGGER,40,17,,,339.200000,-1.800000,38.500000,-1.800000,38.538684,-1.909848,0.038684,0.109848,1,1.196217,1,548.700000,sddm,1780474367.523388,1.739405,3.047701
1780474372.764109,GIMBAL_CMD,41,11,64.055967,-2.503691,339.200000,-1.800000,,,64.055967,-2.503691,,,,,,,,,,
1780474372.778428,GIMBAL_CMD_SEND,41,11,,,,,,,64.055967,-2.503691,,,,,,,,,,
1780474372.819257,GIMBAL_ATT,41,11,,,340.200000,-1.900000,39.500000,-1.900000,64.055967,-2.503691,24.555967,0.603691,,,,,,,,
1780474373.046204,GIMBAL_ATT,41,11,,,343.800000,-1.900000,43.100000,-1.900000,64.055967,-2.503691,20.955967,0.603691,,,,,,,,
1780474373.366330,GIMBAL_ATT,41,11,,,352.300000,-2.400000,51.600000,-2.400000,64.055967,-2.503691,12.455967,0.103691,,,,,,,,
1780474373.678488,GIMBAL_ATT,41,11,,,2.200000,-2.400000,61.500000,-2.400000,64.055967,-2.503691,2.555967,0.103691,,,,,,,,
1780474373.977744,GIMBAL_ATT,41,11,,,4.600000,-2.400000,63.900000,-2.400000,64.055967,-2.503691,0.155967,0.103691,,,,,,,,
1780474373.977744,GIMBAL_SETTLED,41,11,,,4.600000,-2.400000,63.900000,-2.400000,64.055967,-2.503691,0.155967,0.103691,1,1.199316,,,,,,
1780474374.263743,LASER_TRIGGER,41,11,,,4.600000,-2.400000,63.900000,-2.400000,64.055967,-2.503691,0.155967,0.103691,1,1.199316,1,545.700000,sddm,1780474374.082492,0.181251,5.000949
1780474376.074422,GIMBAL_CMD,42,11,61.547545,-1.114339,4.600000,-2.400000,,,61.547545,-1.114339,,,,,,,,,,
1780474376.222595,GIMBAL_CMD_SEND,42,11,,,,,,,61.547545,-1.114339,,,,,,,,,,
1780474376.262996,GIMBAL_ATT,42,11,,,3.600000,-2.400000,62.900000,-2.400000,61.547545,-1.114339,1.352455,1.285661,,,,,,,,
1780474376.573397,GIMBAL_ATT,42,11,,,3.600000,-2.400000,62.900000,-2.400000,61.547545,-1.114339,1.352455,1.285661,,,,,,,,
1780474376.931133,GIMBAL_ATT,42,11,,,2.200000,-1.000000,61.500000,-1.000000,61.547545,-1.114339,0.047545,0.114339,,,,,,,,
1780474376.931133,GIMBAL_SETTLED,42,11,,,2.200000,-1.000000,61.500000,-1.000000,61.547545,-1.114339,0.047545,0.114339,1,0.708538,,,,,,
1780474377.220916,LASER_TRIGGER,42,11,,,2.200000,-1.000000,61.500000,-1.000000,61.547545,-1.114339,0.047545,0.114339,1,0.708538,1,547.200000,sddm,1780474376.110190,1.110726,2.957173
1780474378.826574,GIMBAL_CMD,43,17,63.400620,-1.193216,2.200000,-1.000000,,,63.400620,-1.193216,,,,,,,,,,
1780474378.826574,GIMBAL_CMD_SEND,43,17,,,,,,,63.400620,-1.193216,,,,,,,,,,
1780474378.827574,GIMBAL_ATT,43,17,,,3.200000,-1.000000,62.500000,-1.000000,63.400620,-1.193216,0.900620,0.193216,,,,,,,,
1780474379.096416,GIMBAL_ATT,43,17,,,4.000000,-1.000000,63.300000,-1.000000,63.400620,-1.193216,0.100620,0.193216,,,,,,,,
1780474379.096416,GIMBAL_SETTLED,43,17,,,4.000000,-1.000000,63.300000,-1.000000,63.400620,-1.193216,0.100620,0.193216,1,0.269842,,,,,,
1780474379.382396,LASER_TRIGGER,43,17,,,4.000000,-1.000000,63.300000,-1.000000,63.400620,-1.193216,0.100620,0.193216,1,0.269842,0,,sddm,,,
1780474386.889509,GIMBAL_CMD,44,17,86.920031,8.159292,4.000000,-1.000000,,,86.920031,8.159292,,,,,,,,,,
1780474386.889509,GIMBAL_CMD_SEND,44,17,,,,,,,86.920031,8.159292,,,,,,,,,,
1780474386.930821,GIMBAL_ATT,44,17,,,5.000000,-1.000000,64.300000,-1.000000,86.920031,8.159292,22.620031,9.159292,,,,,,,,
1780474387.507630,GIMBAL_CMD,45,17,87.461247,8.633574,5.000000,-1.000000,,,87.461247,8.633574,,,,,,,,,,
1780474387.243842,GIMBAL_ATT,44,17,,,10.300000,0.300000,69.600000,0.300000,86.920031,8.159292,17.320031,7.859292,,,,,,,,
1780474387.555383,GIMBAL_CMD_PREEMPT,45,17,,,,,,,87.461247,8.159292,0.541216,0.474282,,,,,,,,
1780474387.555383,GIMBAL_ATT,45,17,,,19.800000,3.100000,79.100000,3.100000,87.461247,8.159292,8.361247,5.059292,,,,,,,,
1780474387.867759,GIMBAL_ATT,45,17,,,19.800000,6.600000,79.100000,6.600000,87.461247,8.159292,8.361247,1.559292,,,,,,,,
1780474388.125007,GIMBAL_ATT,45,17,,,28.100000,6.600000,87.400000,6.600000,87.461247,8.159292,0.061247,1.559292,,,,,,,,
1780474388.428039,GIMBAL_ATT,45,17,,,28.100000,8.200000,87.400000,8.200000,87.461247,8.159292,0.061247,0.040708,,,,,,,,
1780474388.428039,GIMBAL_SETTLED,45,17,,,28.100000,8.200000,87.400000,8.200000,87.461247,8.159292,0.061247,0.040708,1,0.872656,,,,,,
1780474388.719979,LASER_TRIGGER,45,17,,,28.100000,8.200000,87.400000,8.200000,87.461247,8.159292,0.061247,0.040708,1,0.872656,0,,sddm,,,
1780474445.816191,GIMBAL_CMD,46,21,81.004462,9.855463,28.100000,8.200000,,,81.004462,9.855463,,,,,,,,,,
1780474445.816191,GIMBAL_CMD_SEND,46,21,,,,,,,81.004462,9.855463,,,,,,,,,,
1780474445.857321,GIMBAL_ATT,46,21,,,27.000000,8.300000,86.300000,8.300000,81.004462,9.855463,5.295538,1.555463,,,,,,,,
1780474446.175095,GIMBAL_ATT,46,21,,,27.000000,9.600000,86.300000,9.600000,81.004462,9.855463,5.295538,0.255463,,,,,,,,
1780474446.533162,GIMBAL_ATT,46,21,,,21.700000,9.900000,81.000000,9.900000,81.004462,9.855463,0.004462,0.044537,,,,,,,,
1780474446.533162,GIMBAL_SETTLED,46,21,,,21.700000,9.900000,81.000000,9.900000,81.004462,9.855463,0.004462,0.044537,1,0.716970,,,,,,
1780474446.822814,LASER_TRIGGER,46,21,,,21.700000,9.900000,81.000000,9.900000,81.004462,9.855463,0.004462,0.044537,1,0.716970,0,,sddm,,,
1780474447.143585,GIMBAL_CMD,47,21,81.212618,9.478853,21.700000,9.900000,,,81.212618,9.478853,,,,,,,,,,
1780474447.215345,GIMBAL_CMD_SEND,47,21,,,,,,,81.212618,9.478853,,,,,,,,,,
1780474447.256681,GIMBAL_ATT,47,21,,,21.700000,9.800000,81.000000,9.800000,81.212618,9.478853,0.212618,0.321147,,,,,,,,
1780474447.852636,GIMBAL_CMD,48,21,81.270052,9.296274,21.700000,9.800000,,,81.270052,9.296274,,,,,,,,,,
1780474447.564141,GIMBAL_ATT,47,21,,,21.800000,9.400000,81.100000,9.400000,81.212618,9.478853,0.112618,0.078853,,,,,,,,
1780474447.564141,GIMBAL_SETTLED,47,21,,,21.800000,9.400000,81.100000,9.400000,81.212618,9.478853,0.112618,0.078853,1,0.348796,,,,,,
1780474447.854524,LASER_TRIGGER,47,21,,,21.800000,9.400000,81.100000,9.400000,81.212618,9.478853,0.112618,0.078853,1,0.348796,0,,sddm,,,
1780474447.854524,GIMBAL_CMD_SEND,48,21,,,,,,,81.270052,9.296274,,,,,,,,,,
1780474447.854524,GIMBAL_ATT,48,21,,,21.800000,9.400000,81.100000,9.400000,81.270052,9.296274,0.170052,0.103726,,,,,,,,
1780474447.854524,GIMBAL_SETTLED,48,21,,,21.800000,9.400000,81.100000,9.400000,81.270052,9.296274,0.170052,0.103726,1,0.000000,,,,,,
1780474448.138510,LASER_TRIGGER,48,21,,,21.800000,9.400000,81.100000,9.400000,81.270052,9.296274,0.170052,0.103726,1,0.000000,0,,sddm,,,
1780474448.665532,GIMBAL_CMD,49,21,81.292039,8.784353,21.800000,9.400000,,,81.292039,8.784353,,,,,,,,,,
1780474448.918072,GIMBAL_CMD_SEND,49,21,,,,,,,81.292039,8.784353,,,,,,,,,,
1780474448.918072,GIMBAL_ATT,49,21,,,21.800000,9.400000,81.100000,9.400000,81.292039,8.784353,0.192039,0.615647,,,,,,,,
1780474449.200680,GIMBAL_ATT,49,21,,,21.800000,9.400000,81.100000,9.400000,81.292039,8.784353,0.192039,0.615647,,,,,,,,
1780474449.517699,GIMBAL_ATT,49,21,,,21.800000,8.700000,81.100000,8.700000,81.292039,8.784353,0.192039,0.084353,,,,,,,,
1780474449.517699,GIMBAL_SETTLED,49,21,,,21.800000,8.700000,81.100000,8.700000,81.292039,8.784353,0.192039,0.084353,1,0.599627,,,,,,
1780474449.809448,LASER_TRIGGER,49,21,,,21.800000,8.700000,81.100000,8.700000,81.292039,8.784353,0.192039,0.084353,1,0.599627,0,,sddm,,,
1780474450.464168,GIMBAL_CMD,50,21,81.576400,7.090199,21.800000,8.700000,,,81.576400,7.090199,,,,,,,,,,
1780474450.589924,GIMBAL_CMD_SEND,50,21,,,,,,,81.576400,7.090199,,,,,,,,,,
1780474450.630365,GIMBAL_ATT,50,21,,,21.800000,8.600000,81.100000,8.600000,81.576400,7.090199,0.476400,1.509801,,,,,,,,
1780474451.133063,GIMBAL_CMD,51,21,81.694217,6.697660,21.800000,8.600000,,,81.694217,6.697660,,,,,,,,,,
1780474451.005342,GIMBAL_ATT,50,21,,,21.800000,7.100000,81.100000,7.100000,81.576400,7.090199,0.476400,0.009801,,,,,,,,
1780474451.643500,GIMBAL_CMD,52,21,81.788356,6.511146,21.800000,7.100000,,,81.788356,6.511146,,,,,,,,,,
1780474451.351728,GIMBAL_ATT,50,21,,,22.100000,7.100000,81.400000,7.100000,81.576400,7.090199,0.176400,0.009801,,,,,,,,
1780474451.351728,GIMBAL_SETTLED,50,21,,,22.100000,7.100000,81.400000,7.100000,81.576400,7.090199,0.176400,0.009801,1,0.761804,,,,,,
1780474451.644141,LASER_TRIGGER,50,21,,,22.100000,7.100000,81.400000,7.100000,81.576400,7.090199,0.176400,0.009801,1,0.761804,0,,sddm,,,
1780474451.644141,GIMBAL_CMD_SEND,52,21,,,,,,,81.788356,6.511146,,,,,,,,,,
1780474451.684883,GIMBAL_ATT,52,21,,,22.100000,7.000000,81.400000,7.000000,81.788356,6.511146,0.388356,0.488854,,,,,,,,
1780474452.025917,GIMBAL_ATT,52,21,,,22.300000,6.500000,81.600000,6.500000,81.788356,6.511146,0.188356,0.011146,,,,,,,,
1780474452.025917,GIMBAL_SETTLED,52,21,,,22.300000,6.500000,81.600000,6.500000,81.788356,6.511146,0.188356,0.011146,1,0.381777,,,,,,
1780474452.304014,LASER_TRIGGER,52,21,,,22.300000,6.500000,81.600000,6.500000,81.788356,6.511146,0.188356,0.011146,1,0.381777,0,,sddm,,,
1780474469.512977,GIMBAL_CMD,53,22,75.020040,6.821330,22.300000,6.500000,,,75.020040,6.821330,,,,,,,,,,
1780474469.512977,GIMBAL_CMD_SEND,53,22,,,,,,,75.020040,6.821330,,,,,,,,,,
1780474469.554232,GIMBAL_ATT,53,22,,,22.300000,6.600000,81.600000,6.600000,75.020040,6.821330,6.579960,0.221330,,,,,,,,
1780474469.959589,GIMBAL_ATT,53,22,,,22.300000,6.900000,81.600000,6.900000,75.020040,6.821330,6.579960,0.078670,,,,,,,,
1780474470.381672,GIMBAL_ATT,53,22,,,15.700000,6.900000,75.000000,6.900000,75.020040,6.821330,0.020040,0.078670,,,,,,,,
1780474470.381672,GIMBAL_SETTLED,53,22,,,15.700000,6.900000,75.000000,6.900000,75.020040,6.821330,0.020040,0.078670,1,0.868695,,,,,,
1780474470.673252,LASER_TRIGGER,53,22,,,15.700000,6.900000,75.000000,6.900000,75.020040,6.821330,0.020040,0.078670,1,0.868695,0,,sddm,,,
1780474546.757997,GIMBAL_CMD,54,23,72.183177,6.812467,15.700000,6.900000,,,72.183177,6.812467,,,,,,,,,,
1780474546.972844,GIMBAL_CMD_SEND,54,23,,,,,,,72.183177,6.812467,,,,,,,,,,
1780474546.973015,GIMBAL_ATT,54,23,,,14.600000,6.900000,73.900000,6.900000,72.183177,6.812467,1.716823,0.087533,,,,,,,,
1780474547.500177,GIMBAL_CMD,55,23,72.024357,7.128936,14.600000,6.900000,,,72.024357,7.128936,,,,,,,,,,
1780474547.288692,GIMBAL_ATT,54,23,,,14.600000,6.900000,73.900000,6.900000,72.183177,6.812467,1.716823,0.087533,,,,,,,,
1780474547.708705,GIMBAL_ATT,54,23,,,12.800000,6.900000,72.100000,6.900000,72.183177,6.812467,0.083177,0.087533,,,,,,,,
1780474547.708705,GIMBAL_SETTLED,54,23,,,12.800000,6.900000,72.100000,6.900000,72.183177,6.812467,0.083177,0.087533,1,0.735861,,,,,,
1780474547.988386,LASER_TRIGGER,54,23,,,12.800000,6.900000,72.100000,6.900000,72.183177,6.812467,0.083177,0.087533,1,0.735861,0,,sddm,,,
1780474548.113332,GIMBAL_CMD,56,23,72.020504,7.500391,12.800000,6.900000,,,72.020504,7.500391,,,,,,,,,,
1780474548.382379,GIMBAL_CMD_SEND,56,23,,,,,,,72.020504,7.500391,,,,,,,,,,
1780474548.382779,GIMBAL_ATT,56,23,,,12.800000,6.900000,72.100000,6.900000,72.020504,7.500391,0.079496,0.600391,,,,,,,,
1780474548.679698,GIMBAL_CMD,57,23,72.083905,7.821489,12.800000,6.900000,,,72.083905,7.821489,,,,,,,,,,
1780474548.659934,GIMBAL_ATT,56,23,,,12.800000,6.900000,72.100000,6.900000,72.020504,7.500391,0.079496,0.600391,,,,,,,,
1780474548.967091,GIMBAL_ATT,56,23,,,12.800000,7.500000,72.100000,7.500000,72.020504,7.500391,0.079496,0.000391,,,,,,,,
1780474548.967091,GIMBAL_SETTLED,56,23,,,12.800000,7.500000,72.100000,7.500000,72.020504,7.500391,0.079496,0.000391,1,0.584712,,,,,,
1780474549.257654,LASER_TRIGGER,56,23,,,12.800000,7.500000,72.100000,7.500000,72.020504,7.500391,0.079496,0.000391,1,0.584712,0,,sddm,,,
1780474551.437697,GIMBAL_CMD,58,23,72.304725,7.829873,12.800000,7.500000,,,72.304725,7.829873,,,,,,,,,,
1780474551.612079,GIMBAL_CMD_SEND,58,23,,,,,,,72.304725,7.829873,,,,,,,,,,
1780474551.612079,GIMBAL_ATT,58,23,,,12.800000,7.500000,72.100000,7.500000,72.304725,7.829873,0.204725,0.329873,,,,,,,,
1780474551.829608,GIMBAL_ATT,58,23,,,12.800000,7.500000,72.100000,7.500000,72.304725,7.829873,0.204725,0.329873,,,,,,,,
1780474552.239944,GIMBAL_ATT,58,23,,,12.800000,7.800000,72.100000,7.800000,72.304725,7.829873,0.204725,0.029873,,,,,,,,
1780474552.239944,GIMBAL_SETTLED,58,23,,,12.800000,7.800000,72.100000,7.800000,72.304725,7.829873,0.204725,0.029873,1,0.627865,,,,,,
1780474552.532978,LASER_TRIGGER,58,23,,,12.800000,7.800000,72.100000,7.800000,72.304725,7.829873,0.204725,0.029873,1,0.627865,0,,sddm,,,
1780474560.185518,GIMBAL_CMD,59,23,72.063179,7.822551,12.800000,7.800000,,,72.063179,7.822551,,,,,,,,,,
1780474560.353375,GIMBAL_CMD_SEND,59,23,,,,,,,72.063179,7.822551,,,,,,,,,,
1780474560.353375,GIMBAL_ATT,59,23,,,12.800000,7.800000,72.100000,7.800000,72.063179,7.822551,0.036821,0.022551,,,,,,,,
1780474560.353375,GIMBAL_SETTLED,59,23,,,12.800000,7.800000,72.100000,7.800000,72.063179,7.822551,0.036821,0.022551,1,0.000000,,,,,,
1780474560.633633,LASER_TRIGGER,59,23,,,12.800000,7.800000,72.100000,7.800000,72.063179,7.822551,0.036821,0.022551,1,0.000000,0,,sddm,,,
1780474561.287482,GIMBAL_CMD,60,23,71.810334,7.958881,12.800000,7.800000,,,71.810334,7.958881,,,,,,,,,,
1780474561.420115,GIMBAL_CMD_SEND,60,23,,,,,,,71.810334,7.958881,,,,,,,,,,
1780474561.420115,GIMBAL_ATT,60,23,,,12.800000,7.800000,72.100000,7.800000,71.810334,7.958881,0.289666,0.158881,,,,,,,,
1780474561.420115,GIMBAL_SETTLED,60,23,,,12.800000,7.800000,72.100000,7.800000,71.810334,7.958881,0.289666,0.158881,1,0.000000,,,,,,
1780474561.763670,LASER_TRIGGER,60,23,,,12.800000,7.800000,72.100000,7.800000,71.810334,7.958881,0.289666,0.158881,1,0.000000,0,,sddm,,,
1780474562.428125,GIMBAL_CMD,61,23,71.357570,8.204365,12.400000,7.800000,,,71.357570,8.204365,,,,,,,,,,
1780474562.546819,GIMBAL_CMD_SEND,61,23,,,,,,,71.357570,8.204365,,,,,,,,,,
1780474562.587597,GIMBAL_ATT,61,23,,,12.400000,7.900000,71.700000,7.900000,71.357570,8.204365,0.342430,0.304365,,,,,,,,
1780474563.153120,GIMBAL_CMD,62,23,71.136605,8.307064,12.400000,7.900000,,,71.136605,8.307064,,,,,,,,,,
1780474562.925725,GIMBAL_ATT,61,23,,,11.900000,8.300000,71.200000,8.300000,71.357570,8.204365,0.157570,0.095635,,,,,,,,
1780474562.925725,GIMBAL_SETTLED,61,23,,,11.900000,8.300000,71.200000,8.300000,71.357570,8.204365,0.157570,0.095635,1,0.378906,,,,,,
1780474563.217635,LASER_TRIGGER,61,23,,,11.900000,8.300000,71.200000,8.300000,71.357570,8.204365,0.157570,0.095635,1,0.378906,0,,sddm,,,
1780474563.217635,GIMBAL_CMD_SEND,62,23,,,,,,,71.136605,8.307064,,,,,,,,,,
1780474563.217635,GIMBAL_ATT,62,23,,,11.900000,8.300000,71.200000,8.300000,71.136605,8.307064,0.063395,0.007064,,,,,,,,
1780474563.217635,GIMBAL_SETTLED,62,23,,,11.900000,8.300000,71.200000,8.300000,71.136605,8.307064,0.063395,0.007064,1,0.000000,,,,,,
1780474563.548231,LASER_TRIGGER,62,23,,,11.900000,8.300000,71.200000,8.300000,71.136605,8.307064,0.063395,0.007064,1,0.000000,0,,sddm,,,
1780474602.109225,GIMBAL_CMD,63,24,35.740641,35.444735,11.800000,8.300000,,,35.740641,35.444735,,,,,,,,,,
1780474602.334275,GIMBAL_CMD_SEND,63,24,,,,,,,35.740641,35.444735,,,,,,,,,,
1780474602.645225,GIMBAL_CMD,64,24,34.471281,36.041035,11.800000,8.300000,,,34.471281,36.041035,,,,,,,,,,
1780474602.375055,GIMBAL_ATT,63,24,,,10.700000,8.300000,70.000000,8.300000,35.740641,35.444735,34.259359,27.144735,,,,,,,,
1780474602.683854,GIMBAL_CMD_PREEMPT,64,24,,,,,,,34.471281,35.444735,1.269360,0.596300,,,,,,,,
1780474602.683854,GIMBAL_ATT,64,24,,,5.500000,9.700000,64.800000,9.700000,34.471281,35.444735,30.328719,25.744735,,,,,,,,
1780474602.994899,GIMBAL_ATT,64,24,,,356.000000,12.400000,55.300000,12.400000,34.471281,35.444735,20.828719,23.044735,,,,,,,,
1780474603.307465,GIMBAL_ATT,64,24,,,343.500000,16.500000,42.800000,16.500000,34.471281,35.444735,8.328719,18.944735,,,,,,,,
1780474603.636778,GIMBAL_ATT,64,24,,,343.500000,21.500000,42.800000,21.500000,34.471281,35.444735,8.328719,13.944735,,,,,,,,
1780474604.044433,GIMBAL_ATT,64,24,,,335.000000,27.800000,34.300000,27.800000,34.471281,35.444735,0.171281,7.644735,,,,,,,,
1780474604.356737,GIMBAL_ATT,64,24,,,335.000000,32.300000,34.300000,32.300000,34.471281,35.444735,0.171281,3.144735,,,,,,,,
1780474604.670118,GIMBAL_ATT,64,24,,,335.000000,32.300000,34.300000,32.300000,34.471281,35.444735,0.171281,3.144735,,,,,,,,
1780474604.967106,GIMBAL_ATT,64,24,,,335.000000,35.700000,34.300000,35.700000,34.471281,35.444735,0.171281,0.255265,,,,,,,,
1780474604.967106,GIMBAL_SETTLED,64,24,,,335.000000,35.700000,34.300000,35.700000,34.471281,35.444735,0.171281,0.255265,1,2.283252,,,,,,
1780474605.260419,LASER_TRIGGER,64,24,,,335.000000,35.700000,34.300000,35.700000,34.471281,35.444735,0.171281,0.255265,1,2.283252,0,,sddm,,,
1780474607.262347,GIMBAL_CMD,65,25,76.706141,7.191263,335.000000,35.700000,,,76.706141,7.191263,,,,,,,,,,
1780474607.262852,GIMBAL_CMD_SEND,65,25,,,,,,,76.706141,7.191263,,,,,,,,,,
1780474607.303335,GIMBAL_ATT,65,25,,,336.200000,35.600000,35.500000,35.600000,76.706141,7.191263,41.206141,28.408737,,,,,,,,
1780474607.776516,GIMBAL_CMD,66,25,77.217564,6.895049,336.200000,35.600000,,,77.217564,6.895049,,,,,,,,,,
1780474607.623277,GIMBAL_ATT,65,25,,,341.600000,34.200000,40.900000,34.200000,76.706141,7.191263,35.806141,27.008737,,,,,,,,
1780474607.937505,GIMBAL_CMD_PREEMPT,66,25,,,,,,,77.217564,7.191263,0.511423,0.296213,,,,,,,,
1780474607.937505,GIMBAL_ATT,66,25,,,351.300000,31.300000,50.600000,31.300000,77.217564,7.191263,26.617564,24.108737,,,,,,,,
1780474608.263895,GIMBAL_ATT,66,25,,,6.000000,27.000000,65.300000,27.000000,77.217564,7.191263,11.917564,19.808737,,,,,,,,
1780474608.611692,GIMBAL_ATT,66,25,,,16.900000,21.800000,76.200000,21.800000,77.217564,7.191263,1.017564,14.608737,,,,,,,,
1780474608.843423,GIMBAL_ATT,66,25,,,17.800000,21.800000,77.100000,21.800000,77.217564,7.191263,0.117564,14.608737,,,,,,,,
1780474609.157172,GIMBAL_ATT,66,25,,,17.800000,13.400000,77.100000,13.400000,77.217564,7.191263,0.117564,6.208737,,,,,,,,
1780474609.469837,GIMBAL_ATT,66,25,,,17.800000,9.100000,77.100000,9.100000,77.217564,7.191263,0.117564,1.908737,,,,,,,,
1780474609.801623,GIMBAL_CMD,67,25,77.689572,6.695809,17.800000,9.100000,,,77.689572,6.695809,,,,,,,,,,
1780474609.705960,GIMBAL_ATT,66,25,,,17.800000,9.100000,77.100000,9.100000,77.217564,7.191263,0.117564,1.908737,,,,,,,,
1780474610.018224,GIMBAL_CMD_PREEMPT,67,25,,,,,,,77.689572,7.191263,0.472008,0.495454,,,,,,,,
1780474610.018224,GIMBAL_ATT,67,25,,,17.800000,6.900000,77.100000,6.900000,77.689572,7.191263,0.589572,0.291263,,,,,,,,
1780474610.411546,GIMBAL_ATT,67,25,,,18.200000,6.900000,77.500000,6.900000,77.689572,7.191263,0.189572,0.291263,,,,,,,,
1780474610.411546,GIMBAL_SETTLED,67,25,,,18.200000,6.900000,77.500000,6.900000,77.689572,7.191263,0.189572,0.291263,1,0.393322,,,,,,
1780474610.702510,LASER_TRIGGER,67,25,,,18.200000,6.900000,77.500000,6.900000,77.689572,7.191263,0.189572,0.291263,1,0.393322,0,,sddm,,,
1780474616.635516,GIMBAL_CMD,68,25,77.420713,6.828058,18.200000,6.900000,,,77.420713,6.828058,,,,,,,,,,
1780474616.635516,GIMBAL_CMD_SEND,68,25,,,,,,,77.420713,6.828058,,,,,,,,,,
1780474616.676964,GIMBAL_ATT,68,25,,,18.200000,6.900000,77.500000,6.900000,77.420713,6.828058,0.079287,0.071942,,,,,,,,
1780474616.676964,GIMBAL_SETTLED,68,25,,,18.200000,6.900000,77.500000,6.900000,77.420713,6.828058,0.079287,0.071942,1,0.041448,,,,,,
1780474616.978524,LASER_TRIGGER,68,25,,,18.200000,6.900000,77.500000,6.900000,77.420713,6.828058,0.079287,0.071942,1,0.041448,0,,sddm,,,
1780474628.003141,GIMBAL_CMD,69,25,79.600936,5.965512,18.200000,6.900000,,,79.600936,5.965512,,,,,,,,,,
1780474628.003141,GIMBAL_CMD_SEND,69,25,,,,,,,79.600936,5.965512,,,,,,,,,,
1780474628.044066,GIMBAL_ATT,69,25,,,19.400000,6.800000,78.700000,6.800000,79.600936,5.965512,0.900936,0.834488,,,,,,,,
1780474628.328872,GIMBAL_ATT,69,25,,,19.400000,6.800000,78.700000,6.800000,79.600936,5.965512,0.900936,0.834488,,,,,,,,
1780474628.679207,GIMBAL_ATT,69,25,,,20.300000,5.900000,79.600000,5.900000,79.600936,5.965512,0.000936,0.065512,,,,,,,,
1780474628.679207,GIMBAL_SETTLED,69,25,,,20.300000,5.900000,79.600000,5.900000,79.600936,5.965512,0.000936,0.065512,1,0.676066,,,,,,
1780474628.967379,LASER_TRIGGER,69,25,,,20.300000,5.900000,79.600000,5.900000,79.600936,5.965512,0.000936,0.065512,1,0.676066,0,,sddm,,,
1780474646.224060,GIMBAL_CMD,70,26,43.188462,6.624047,20.300000,5.900000,,,43.188462,6.624047,,,,,,,,,,
1780474646.224060,GIMBAL_CMD_SEND,70,26,,,,,,,43.188462,6.624047,,,,,,,,,,
1780474646.264892,GIMBAL_ATT,70,26,,,19.100000,6.000000,78.400000,6.000000,43.188462,6.624047,35.211538,0.624047,,,,,,,,
1780474646.650020,GIMBAL_CMD,71,26,42.341207,6.662622,19.100000,6.000000,,,42.341207,6.662622,,,,,,,,,,
1780474646.516875,GIMBAL_ATT,70,26,,,15.400000,6.000000,74.700000,6.000000,43.188462,6.624047,31.511538,0.624047,,,,,,,,
1780474646.822174,GIMBAL_CMD_PREEMPT,71,26,,,,,,,42.341207,6.624047,0.847255,0.038575,,,,,,,,
1780474646.822174,GIMBAL_ATT,71,26,,,6.800000,6.700000,66.100000,6.700000,42.341207,6.624047,23.758793,0.075953,,,,,,,,
1780474647.138601,GIMBAL_CMD,72,26,42.464959,7.000382,6.800000,6.700000,,,42.464959,7.000382,,,,,,,,,,
1780474647.135722,GIMBAL_ATT,71,26,,,354.300000,6.700000,53.600000,6.700000,42.341207,6.624047,11.258793,0.075953,,,,,,,,
1780474647.449613,GIMBAL_ATT,71,26,,,344.100000,6.700000,43.400000,6.700000,42.341207,6.624047,1.058793,0.075953,,,,,,,,
1780474647.785724,GIMBAL_CMD,73,26,43.241922,7.364352,344.100000,6.700000,,,43.241922,7.364352,,,,,,,,,,
1780474647.687621,GIMBAL_ATT,71,26,,,343.000000,6.700000,42.300000,6.700000,42.341207,6.624047,0.041207,0.075953,,,,,,,,
1780474647.687621,GIMBAL_SETTLED,71,26,,,343.000000,6.700000,42.300000,6.700000,42.341207,6.624047,0.041207,0.075953,1,0.865447,,,,,,
1780474647.977060,LASER_TRIGGER,71,26,,,343.000000,6.700000,42.300000,6.700000,42.341207,6.624047,0.041207,0.075953,1,0.865447,0,,sddm,,,
1780474647.977060,GIMBAL_CMD_SEND,73,26,,,,,,,43.241922,7.364352,,,,,,,,,,
1780474648.017520,GIMBAL_ATT,73,26,,,343.000000,6.700000,42.300000,6.700000,43.241922,7.364352,0.941922,0.664352,,,,,,,,
1780474648.225530,GIMBAL_ATT,73,26,,,343.800000,6.700000,43.100000,6.700000,43.241922,7.364352,0.141922,0.664352,,,,,,,,
1780474648.533386,GIMBAL_CMD,74,26,44.234246,7.583177,343.800000,6.700000,,,44.234246,7.583177,,,,,,,,,,
1780474648.548961,GIMBAL_CMD_PREEMPT,74,26,,,,,,,44.234246,7.364352,0.992324,0.218825,,,,,,,,
1780474648.548961,GIMBAL_ATT,74,26,,,344.800000,7.400000,44.100000,7.400000,44.234246,7.364352,0.134246,0.035648,,,,,,,,
1780474648.548961,GIMBAL_SETTLED,74,26,,,344.800000,7.400000,44.100000,7.400000,44.234246,7.364352,0.134246,0.035648,1,0.000000,,,,,,
1780474648.759483,LASER_TRIGGER,74,26,,,344.800000,7.400000,44.100000,7.400000,44.234246,7.364352,0.134246,0.035648,1,0.000000,0,,sddm,,,
1780474648.762491,GIMBAL_CMD,75,26,44.836234,7.655530,344.800000,7.400000,,,44.836234,7.655530,,,,,,,,,,
1780474648.762491,GIMBAL_CMD_SEND,75,26,,,,,,,44.836234,7.655530,,,,,,,,,,
1780474649.142846,GIMBAL_CMD,76,26,45.179108,7.685282,344.800000,7.400000,,,45.179108,7.685282,,,,,,,,,,
1780474648.803633,GIMBAL_ATT,75,26,,,344.800000,7.400000,44.100000,7.400000,44.836234,7.655530,0.736234,0.255530,,,,,,,,
1780474649.217851,GIMBAL_CMD_PREEMPT,76,26,,,,,,,45.179108,7.655530,0.342874,0.029752,,,,,,,,
1780474649.385061,GIMBAL_CMD,77,26,45.425340,7.691872,344.800000,7.400000,,,45.425340,7.691872,,,,,,,,,,
1780474649.217851,GIMBAL_ATT,76,26,,,344.800000,7.400000,44.100000,7.400000,45.179108,7.655530,1.079108,0.255530,,,,,,,,
1780474649.546748,GIMBAL_ATT,76,26,,,345.700000,7.400000,45.000000,7.400000,45.179108,7.655530,0.179108,0.255530,,,,,,,,
1780474649.546748,GIMBAL_SETTLED,76,26,,,345.700000,7.400000,45.000000,7.400000,45.179108,7.655530,0.179108,0.255530,1,0.328896,,,,,,
1780474649.841353,LASER_TRIGGER,76,26,,,345.700000,7.400000,45.000000,7.400000,45.179108,7.655530,0.179108,0.255530,1,0.328896,0,,sddm,,,
1780474649.986698,GIMBAL_CMD,78,26,45.639358,7.703776,345.700000,7.400000,,,45.639358,7.703776,,,,,,,,,,
1780474650.243808,GIMBAL_CMD_SEND,78,26,,,,,,,45.639358,7.703776,,,,,,,,,,
1780474650.243808,GIMBAL_ATT,78,26,,,345.700000,7.400000,45.000000,7.400000,45.639358,7.703776,0.639358,0.303776,,,,,,,,
1780474650.640920,GIMBAL_ATT,78,26,,,346.200000,7.400000,45.500000,7.400000,45.639358,7.703776,0.139358,0.303776,,,,,,,,
1780474650.953424,GIMBAL_ATT,78,26,,,346.200000,7.400000,45.500000,7.400000,45.639358,7.703776,0.139358,0.303776,,,,,,,,
1780474651.265641,GIMBAL_ATT,78,26,,,346.200000,7.400000,45.500000,7.400000,45.639358,7.703776,0.139358,0.303776,,,,,,,,
1780474651.733098,GIMBAL_CMD,79,26,45.926523,7.706860,346.200000,7.400000,,,45.926523,7.706860,,,,,,,,,,
1780474651.577623,GIMBAL_ATT,78,26,,,346.200000,7.400000,45.500000,7.400000,45.639358,7.703776,0.139358,0.303776,,,,,,,,
1780474651.889636,GIMBAL_ATT,78,26,,,346.200000,7.400000,45.500000,7.400000,45.639358,7.703776,0.139358,0.303776,,,,,,,,
1780474652.202806,GIMBAL_ATT,78,26,,,346.200000,7.400000,45.500000,7.400000,45.639358,7.703776,0.139358,0.303776,,,,,,,,
1780474652.514109,GIMBAL_ATT,78,26,,,346.200000,7.400000,45.500000,7.400000,45.639358,7.703776,0.139358,0.303776,,,,,,,,
1780474652.829916,GIMBAL_ATT,78,26,,,346.200000,7.400000,45.500000,7.400000,45.639358,7.703776,0.139358,0.303776,,,,,,,,
1780474652.829916,GIMBAL_TIMEOUT,78,26,,,,,,,45.639358,7.703776,0.139358,0.303776,0,2.586108,,,,,,
1780474668.341725,GIMBAL_CMD,80,27,73.234291,10.648873,346.200000,7.400000,,,73.234291,10.648873,,,,,,,,,,
1780474668.376183,GIMBAL_CMD_SEND,80,27,,,,,,,73.234291,10.648873,,,,,,,,,,
1780474668.417190,GIMBAL_ATT,80,27,,,347.300000,7.500000,46.600000,7.500000,73.234291,10.648873,26.634291,3.148873,,,,,,,,
1780474668.725239,GIMBAL_ATT,80,27,,,352.500000,8.700000,51.800000,8.700000,73.234291,10.648873,21.434291,1.948873,,,,,,,,
1780474669.037668,GIMBAL_ATT,80,27,,,1.800000,8.700000,61.100000,8.700000,73.234291,10.648873,12.134291,1.948873,,,,,,,,
1780474669.348840,GIMBAL_ATT,80,27,,,11.900000,10.600000,71.200000,10.600000,73.234291,10.648873,2.034291,0.048873,,,,,,,,
1780474669.628387,GIMBAL_ATT,80,27,,,13.900000,10.600000,73.200000,10.600000,73.234291,10.648873,0.034291,0.048873,,,,,,,,
1780474669.628387,GIMBAL_SETTLED,80,27,,,13.900000,10.600000,73.200000,10.600000,73.234291,10.648873,0.034291,0.048873,1,1.252204,,,,,,
1780474669.925088,LASER_TRIGGER,80,27,,,13.900000,10.600000,73.200000,10.600000,73.234291,10.648873,0.034291,0.048873,1,1.252204,0,,sddm,,,
1780474693.035977,GIMBAL_CMD,81,27,75.470961,9.454584,13.900000,10.600000,,,75.470961,9.454584,,,,,,,,,,
1780474693.036500,GIMBAL_CMD_SEND,81,27,,,,,,,75.470961,9.454584,,,,,,,,,,
1780474693.077280,GIMBAL_ATT,81,27,,,14.900000,10.500000,74.200000,10.500000,75.470961,9.454584,1.270961,1.045416,,,,,,,,
1780474693.373087,GIMBAL_ATT,81,27,,,14.900000,10.500000,74.200000,10.500000,75.470961,9.454584,1.270961,1.045416,,,,,,,,
1780474693.738557,GIMBAL_ATT,81,27,,,16.000000,9.400000,75.300000,9.400000,75.470961,9.454584,0.170961,0.054584,,,,,,,,
1780474693.738557,GIMBAL_SETTLED,81,27,,,16.000000,9.400000,75.300000,9.400000,75.470961,9.454584,0.170961,0.054584,1,0.702057,,,,,,
1780474694.031410,LASER_TRIGGER,81,27,,,16.000000,9.400000,75.300000,9.400000,75.470961,9.454584,0.170961,0.054584,1,0.702057,0,,sddm,,,
1780474749.385043,GIMBAL_CMD,82,28,74.400767,8.865040,16.000000,9.400000,,,74.400767,8.865040,,,,,,,,,,
1780474749.651427,GIMBAL_CMD_SEND,82,28,,,,,,,74.400767,8.865040,,,,,,,,,,
1780474749.692223,GIMBAL_ATT,82,28,,,16.000000,9.400000,75.300000,9.400000,74.400767,8.865040,0.899233,0.534960,,,,,,,,
1780474749.950381,GIMBAL_ATT,82,28,,,16.000000,9.400000,75.300000,9.400000,74.400767,8.865040,0.899233,0.534960,,,,,,,,
1780474750.373698,GIMBAL_ATT,82,28,,,15.200000,8.900000,74.500000,8.900000,74.400767,8.865040,0.099233,0.034960,,,,,,,,
1780474750.373698,GIMBAL_SETTLED,82,28,,,15.200000,8.900000,74.500000,8.900000,74.400767,8.865040,0.099233,0.034960,1,0.722270,,,,,,
1780474750.665548,LASER_TRIGGER,82,28,,,15.200000,8.900000,74.500000,8.900000,74.400767,8.865040,0.099233,0.034960,1,0.722270,0,,sddm,,,
1780474761.120607,GIMBAL_CMD,83,28,74.363864,8.626117,15.200000,8.900000,,,74.363864,8.626117,,,,,,,,,,
1780474761.240068,GIMBAL_CMD_SEND,83,28,,,,,,,74.363864,8.626117,,,,,,,,,,
1780474761.240068,GIMBAL_ATT,83,28,,,15.200000,8.800000,74.500000,8.800000,74.363864,8.626117,0.136136,0.173883,,,,,,,,
1780474761.240068,GIMBAL_SETTLED,83,28,,,15.200000,8.800000,74.500000,8.800000,74.363864,8.626117,0.136136,0.173883,1,0.000000,,,,,,
1780474761.630152,LASER_TRIGGER,83,28,,,15.200000,8.800000,74.500000,8.800000,74.363864,8.626117,0.136136,0.173883,1,0.000000,0,,sddm,,,
1780474771.703737,GIMBAL_CMD,84,28,73.707499,8.385915,15.200000,8.600000,,,73.707499,8.385915,,,,,,,,,,
1780474771.825244,GIMBAL_CMD_SEND,84,28,,,,,,,73.707499,8.385915,,,,,,,,,,
1780474771.866404,GIMBAL_ATT,84,28,,,15.200000,8.600000,74.500000,8.600000,73.707499,8.385915,0.792501,0.214085,,,,,,,,
1780474772.206744,GIMBAL_ATT,84,28,,,14.400000,8.300000,73.700000,8.300000,73.707499,8.385915,0.007499,0.085915,,,,,,,,
1780474772.206744,GIMBAL_SETTLED,84,28,,,14.400000,8.300000,73.700000,8.300000,73.707499,8.385915,0.007499,0.085915,1,0.381499,,,,,,
1780474772.498025,LASER_TRIGGER,84,28,,,14.400000,8.300000,73.700000,8.300000,73.707499,8.385915,0.007499,0.085915,1,0.381499,0,,sddm,,,
1780474796.555379,GIMBAL_CMD,85,29,74.265787,8.154062,14.400000,8.300000,,,74.265787,8.154062,,,,,,,,,,
1780474796.768384,GIMBAL_CMD_SEND,85,29,,,,,,,74.265787,8.154062,,,,,,,,,,
1780474796.809099,GIMBAL_ATT,85,29,,,14.400000,8.300000,73.700000,8.300000,74.265787,8.154062,0.565787,0.145938,,,,,,,,
1780474797.120748,GIMBAL_ATT,85,29,,,14.800000,8.200000,74.100000,8.200000,74.265787,8.154062,0.165787,0.045938,,,,,,,,
1780474797.120748,GIMBAL_SETTLED,85,29,,,14.800000,8.200000,74.100000,8.200000,74.265787,8.154062,0.165787,0.045938,1,0.352364,,,,,,
1780474797.413589,LASER_TRIGGER,85,29,,,14.800000,8.200000,74.100000,8.200000,74.265787,8.154062,0.165787,0.045938,1,0.352364,0,,sddm,,,
1780474801.659630,GIMBAL_CMD,86,29,78.360107,16.147182,14.800000,8.200000,,,78.360107,16.147182,,,,,,,,,,
1780474801.717267,GIMBAL_CMD_SEND,86,29,,,,,,,78.360107,16.147182,,,,,,,,,,
1780474801.757784,GIMBAL_ATT,86,29,,,15.800000,8.300000,75.100000,8.300000,78.360107,16.147182,3.260107,7.847182,,,,,,,,
1780474802.057621,GIMBAL_CMD,87,29,78.593993,16.617167,15.800000,8.300000,,,78.593993,16.617167,,,,,,,,,,
1780474802.428514,GIMBAL_CMD,88,29,78.712317,16.906767,15.800000,8.300000,,,78.712317,16.906767,,,,,,,,,,
1780474802.065773,GIMBAL_ATT,86,29,,,15.800000,9.500000,75.100000,9.500000,78.360107,16.147182,3.260107,6.647182,,,,,,,,
1780474802.455789,GIMBAL_CMD_PREEMPT,88,29,,,,,,,78.712317,16.147182,0.352210,0.759586,,,,,,,,
1780474802.455789,GIMBAL_ATT,88,29,,,15.800000,13.300000,75.100000,13.300000,78.712317,16.147182,3.612317,2.847182,,,,,,,,
1780474803.032635,GIMBAL_CMD,89,29,78.846872,17.066128,15.800000,13.300000,,,78.846872,17.066128,,,,,,,,,,
1780474802.847712,GIMBAL_ATT,88,29,,,19.400000,13.300000,78.700000,13.300000,78.712317,16.147182,0.012317,2.847182,,,,,,,,
1780474803.268879,GIMBAL_CMD_PREEMPT,89,29,,,,,,,78.712317,17.066128,0.134554,0.918946,,,,,,,,
1780474803.268879,GIMBAL_ATT,89,29,,,19.400000,16.200000,78.700000,16.200000,78.712317,17.066128,0.012317,0.866128,,,,,,,,
1780474803.580372,GIMBAL_ATT,89,29,,,19.400000,16.200000,78.700000,16.200000,78.712317,17.066128,0.012317,0.866128,,,,,,,,
1780474804.001307,GIMBAL_ATT,89,29,,,19.400000,17.000000,78.700000,17.000000,78.712317,17.066128,0.012317,0.066128,,,,,,,,
1780474804.001307,GIMBAL_SETTLED,89,29,,,19.400000,17.000000,78.700000,17.000000,78.712317,17.066128,0.012317,0.066128,1,0.732429,,,,,,
1780474804.293430,LASER_TRIGGER,89,29,,,19.400000,17.000000,78.700000,17.000000,78.712317,17.066128,0.012317,0.066128,1,0.732429,0,,sddm,,,
1780475135.911250,GIMBAL_CMD,90,30,80.745932,6.820320,19.400000,17.000000,,,80.745932,6.820320,,,,,,,,,,
1780475135.911778,GIMBAL_CMD_SEND,90,30,,,,,,,80.745932,6.820320,,,,,,,,,,
1780475135.953141,GIMBAL_ATT,90,30,,,20.400000,16.900000,79.700000,16.900000,80.745932,6.820320,1.045932,10.079680,,,,,,,,
1780475136.235754,GIMBAL_ATT,90,30,,,21.400000,16.900000,80.700000,16.900000,80.745932,6.820320,0.045932,10.079680,,,,,,,,
1780475136.544713,GIMBAL_ATT,90,30,,,21.400000,13.200000,80.700000,13.200000,80.745932,6.820320,0.045932,6.379680,,,,,,,,
1780475136.855861,GIMBAL_ATT,90,30,,,21.400000,9.400000,80.700000,9.400000,80.745932,6.820320,0.045932,2.579680,,,,,,,,
1780475137.162012,GIMBAL_ATT,90,30,,,21.400000,9.400000,80.700000,9.400000,80.745932,6.820320,0.045932,2.579680,,,,,,,,
1780475137.470626,GIMBAL_ATT,90,30,,,21.400000,6.900000,80.700000,6.900000,80.745932,6.820320,0.045932,0.079680,,,,,,,,
1780475137.470626,GIMBAL_SETTLED,90,30,,,21.400000,6.900000,80.700000,6.900000,80.745932,6.820320,0.045932,0.079680,1,1.558848,,,,,,
1780475137.762654,LASER_TRIGGER,90,30,,,21.400000,6.900000,80.700000,6.900000,80.745932,6.820320,0.045932,0.079680,1,1.558848,0,,sddm,,,
1780475140.584485,GIMBAL_CMD,91,30,80.908136,6.972189,21.400000,6.900000,,,80.908136,6.972189,,,,,,,,,,
1780475140.584990,GIMBAL_CMD_SEND,91,30,,,,,,,80.908136,6.972189,,,,,,,,,,
1780475140.584990,GIMBAL_ATT,91,30,,,21.400000,6.900000,80.700000,6.900000,80.908136,6.972189,0.208136,0.072189,,,,,,,,
1780475140.584990,GIMBAL_SETTLED,91,30,,,21.400000,6.900000,80.700000,6.900000,80.908136,6.972189,0.208136,0.072189,1,0.000000,,,,,,
1780475140.871686,LASER_TRIGGER,91,30,,,21.400000,6.900000,80.700000,6.900000,80.908136,6.972189,0.208136,0.072189,1,0.000000,0,,sddm,,,
1780475141.704551,GIMBAL_CMD,92,30,80.916388,7.098695,21.400000,6.900000,,,80.916388,7.098695,,,,,,,,,,
1780475141.704551,GIMBAL_CMD_SEND,92,30,,,,,,,80.916388,7.098695,,,,,,,,,,
1780475141.705264,GIMBAL_ATT,92,30,,,21.400000,6.900000,80.700000,6.900000,80.916388,7.098695,0.216388,0.198695,,,,,,,,
1780475141.705264,GIMBAL_SETTLED,92,30,,,21.400000,6.900000,80.700000,6.900000,80.916388,7.098695,0.216388,0.198695,1,0.000713,,,,,,
1780475142.079300,LASER_TRIGGER,92,30,,,21.400000,6.900000,80.700000,6.900000,80.916388,7.098695,0.216388,0.198695,1,0.000713,0,,sddm,,,
1780475146.369200,GIMBAL_CMD,93,30,80.936227,6.972834,21.400000,7.000000,,,80.936227,6.972834,,,,,,,,,,
1780475146.386498,GIMBAL_CMD_SEND,93,30,,,,,,,80.936227,6.972834,,,,,,,,,,
1780475146.386498,GIMBAL_ATT,93,30,,,21.400000,7.000000,80.700000,7.000000,80.936227,6.972834,0.236227,0.027166,,,,,,,,
1780475146.386498,GIMBAL_SETTLED,93,30,,,21.400000,7.000000,80.700000,7.000000,80.936227,6.972834,0.236227,0.027166,1,0.000000,,,,,,
1780475146.668782,LASER_TRIGGER,93,30,,,21.400000,7.000000,80.700000,7.000000,80.936227,6.972834,0.236227,0.027166,1,0.000000,0,,sddm,,,
1780475151.603051,GIMBAL_CMD,94,30,80.924272,7.093161,21.400000,7.000000,,,80.924272,7.093161,,,,,,,,,,
1780475151.755502,GIMBAL_CMD_SEND,94,30,,,,,,,80.924272,7.093161,,,,,,,,,,
1780475151.755502,GIMBAL_ATT,94,30,,,21.400000,7.000000,80.700000,7.000000,80.924272,7.093161,0.224272,0.093161,,,,,,,,
1780475151.755502,GIMBAL_SETTLED,94,30,,,21.400000,7.000000,80.700000,7.000000,80.924272,7.093161,0.224272,0.093161,1,0.000000,,,,,,
1780475152.039573,LASER_TRIGGER,94,30,,,21.400000,7.000000,80.700000,7.000000,80.924272,7.093161,0.224272,0.093161,1,0.000000,0,,sddm,,,
1780475160.260148,GIMBAL_CMD,95,30,80.925730,6.954902,21.400000,7.000000,,,80.925730,6.954902,,,,,,,,,,
1780475160.260148,GIMBAL_CMD_SEND,95,30,,,,,,,80.925730,6.954902,,,,,,,,,,
1780475160.260148,GIMBAL_ATT,95,30,,,21.400000,7.000000,80.700000,7.000000,80.925730,6.954902,0.225730,0.045098,,,,,,,,
1780475160.260148,GIMBAL_SETTLED,95,30,,,21.400000,7.000000,80.700000,7.000000,80.925730,6.954902,0.225730,0.045098,1,0.000000,,,,,,
1780475160.545898,LASER_TRIGGER,95,30,,,21.400000,7.000000,80.700000,7.000000,80.925730,6.954902,0.225730,0.045098,1,0.000000,0,,sddm,,,
1780475167.319592,GIMBAL_CMD,96,30,80.911358,7.103394,21.400000,7.000000,,,80.911358,7.103394,,,,,,,,,,
1780475167.319592,GIMBAL_CMD_SEND,96,30,,,,,,,80.911358,7.103394,,,,,,,,,,
1780475167.319592,GIMBAL_ATT,96,30,,,21.400000,7.000000,80.700000,7.000000,80.911358,7.103394,0.211358,0.103394,,,,,,,,
1780475167.319592,GIMBAL_SETTLED,96,30,,,21.400000,7.000000,80.700000,7.000000,80.911358,7.103394,0.211358,0.103394,1,0.000000,,,,,,
1780475167.601318,LASER_TRIGGER,96,30,,,21.400000,7.000000,80.700000,7.000000,80.911358,7.103394,0.211358,0.103394,1,0.000000,0,,sddm,,,
1780475172.580916,GIMBAL_CMD,97,30,80.924348,7.252935,21.400000,7.000000,,,80.924348,7.252935,,,,,,,,,,
1780475172.734080,GIMBAL_CMD_SEND,97,30,,,,,,,80.924348,7.252935,,,,,,,,,,
1780475172.734080,GIMBAL_ATT,97,30,,,21.400000,7.000000,80.700000,7.000000,80.924348,7.252935,0.224348,0.252935,,,,,,,,
1780475172.734080,GIMBAL_SETTLED,97,30,,,21.400000,7.000000,80.700000,7.000000,80.924348,7.252935,0.224348,0.252935,1,0.000000,,,,,,
1780475173.016615,LASER_TRIGGER,97,30,,,21.400000,7.000000,80.700000,7.000000,80.924348,7.252935,0.224348,0.252935,1,0.000000,0,,sddm,,,
1780475194.963874,GIMBAL_CMD,98,30,72.508687,8.383521,21.400000,7.000000,,,72.508687,8.383521,,,,,,,,,,
1780475195.001571,GIMBAL_CMD_SEND,98,30,,,,,,,72.508687,8.383521,,,,,,,,,,
1780475195.042013,GIMBAL_ATT,98,30,,,20.300000,7.100000,79.600000,7.100000,72.508687,8.383521,7.091313,1.283521,,,,,,,,
1780475195.526813,GIMBAL_CMD,99,30,71.695751,8.606377,20.300000,7.100000,,,71.695751,8.606377,,,,,,,,,,
1780475195.351410,GIMBAL_ATT,98,30,,,20.300000,8.300000,79.600000,8.300000,72.508687,8.383521,7.091313,0.083521,,,,,,,,
1780475195.691873,GIMBAL_CMD_PREEMPT,99,30,,,,,,,71.695751,8.383521,0.812937,0.222857,,,,,,,,
1780475195.691873,GIMBAL_ATT,99,30,,,13.200000,8.300000,72.500000,8.300000,71.695751,8.383521,0.804249,0.083521,,,,,,,,
1780475196.102638,GIMBAL_ATT,99,30,,,13.200000,8.300000,72.500000,8.300000,71.695751,8.383521,0.804249,0.083521,,,,,,,,
1780475196.416996,GIMBAL_ATT,99,30,,,13.200000,8.300000,72.500000,8.300000,71.695751,8.383521,0.804249,0.083521,,,,,,,,
1780475196.730651,GIMBAL_ATT,99,30,,,13.200000,8.300000,72.500000,8.300000,71.695751,8.383521,0.804249,0.083521,,,,,,,,
1780475197.040099,GIMBAL_ATT,99,30,,,13.200000,8.300000,72.500000,8.300000,71.695751,8.383521,0.804249,0.083521,,,,,,,,
1780475197.356373,GIMBAL_ATT,99,30,,,13.200000,8.300000,72.500000,8.300000,71.695751,8.383521,0.804249,0.083521,,,,,,,,
1780475197.657054,GIMBAL_ATT,99,30,,,13.200000,8.300000,72.500000,8.300000,71.695751,8.383521,0.804249,0.083521,,,,,,,,
1780475198.122643,GIMBAL_CMD,100,30,63.523922,15.537340,13.200000,8.300000,,,63.523922,15.537340,,,,,,,,,,
1780475197.970185,GIMBAL_ATT,99,30,,,13.200000,8.300000,72.500000,8.300000,71.695751,8.383521,0.804249,0.083521,,,,,,,,
1780475198.286184,GIMBAL_CMD_PREEMPT,100,30,,,,,,,63.523922,15.537340,8.171829,7.153819,,,,,,,,
1780475198.286184,GIMBAL_ATT,100,30,,,12.100000,8.400000,71.400000,8.400000,63.523922,15.537340,7.876078,7.137340,,,,,,,,
1780475198.649793,GIMBAL_ATT,100,30,,,6.900000,9.800000,66.200000,9.800000,63.523922,15.537340,2.676078,5.737340,,,,,,,,
1780475198.951112,GIMBAL_ATT,100,30,,,6.900000,9.800000,66.200000,9.800000,63.523922,15.537340,2.676078,5.737340,,,,,,,,
1780475199.358817,GIMBAL_ATT,100,30,,,4.100000,9.800000,63.400000,9.800000,63.523922,15.537340,0.123922,5.737340,,,,,,,,
1780475199.775390,GIMBAL_ATT,100,30,,,4.100000,15.600000,63.400000,15.600000,63.523922,15.537340,0.123922,0.062660,,,,,,,,
1780475199.775390,GIMBAL_SETTLED,100,30,,,4.100000,15.600000,63.400000,15.600000,63.523922,15.537340,0.123922,0.062660,1,1.489205,,,,,,
1780475200.067928,LASER_TRIGGER,100,30,,,4.100000,15.600000,63.400000,15.600000,63.523922,15.537340,0.123922,0.062660,1,1.489205,0,,sddm,,,
1780475218.220725,GIMBAL_CMD,101,32,78.913480,10.833294,4.100000,15.600000,,,78.913480,10.833294,,,,,,,,,,
1780475218.472041,GIMBAL_CMD,102,32,78.853989,10.962705,4.100000,15.600000,,,78.853989,10.962705,,,,,,,,,,
1780475218.499525,GIMBAL_CMD_SEND,102,32,,,,,,,78.853989,10.962705,,,,,,,,,,
1780475218.540191,GIMBAL_ATT,102,32,,,5.200000,15.500000,64.500000,15.500000,78.853989,10.962705,14.353989,4.537295,,,,,,,,
1780475219.034528,GIMBAL_CMD,103,32,78.605995,11.053765,5.200000,15.500000,,,78.605995,11.053765,,,,,,,,,,
1780475218.848234,GIMBAL_ATT,102,32,,,10.400000,14.200000,69.700000,14.200000,78.853989,10.962705,9.153989,3.237295,,,,,,,,
1780475219.162574,GIMBAL_ATT,102,32,,,10.400000,11.700000,69.700000,11.700000,78.853989,10.962705,9.153989,0.737295,,,,,,,,
1780475219.554882,GIMBAL_ATT,102,32,,,19.400000,11.000000,78.700000,11.000000,78.853989,10.962705,0.153989,0.037295,,,,,,,,
1780475219.554882,GIMBAL_SETTLED,102,32,,,19.400000,11.000000,78.700000,11.000000,78.853989,10.962705,0.153989,0.037295,1,1.055357,,,,,,
1780475219.847528,LASER_TRIGGER,102,32,,,19.400000,11.000000,78.700000,11.000000,78.853989,10.962705,0.153989,0.037295,1,1.055357,0,,sddm,,,
1780475220.194589,GIMBAL_CMD,104,32,78.454490,10.909257,19.400000,11.000000,,,78.454490,10.909257,,,,,,,,,,
1780475220.235882,GIMBAL_CMD_SEND,104,32,,,,,,,78.454490,10.909257,,,,,,,,,,
1780475220.235882,GIMBAL_ATT,104,32,,,19.400000,11.000000,78.700000,11.000000,78.454490,10.909257,0.245510,0.090743,,,,,,,,
1780475220.235882,GIMBAL_SETTLED,104,32,,,19.400000,11.000000,78.700000,11.000000,78.454490,10.909257,0.245510,0.090743,1,0.000000,,,,,,
1780475220.584232,LASER_TRIGGER,104,32,,,19.400000,11.000000,78.700000,11.000000,78.454490,10.909257,0.245510,0.090743,1,0.000000,0,,sddm,,,
1780475222.153680,GIMBAL_CMD,105,32,78.672062,10.873653,19.100000,11.000000,,,78.672062,10.873653,,,,,,,,,,
1780475222.153680,GIMBAL_CMD_SEND,105,32,,,,,,,78.672062,10.873653,,,,,,,,,,
1780475222.154356,GIMBAL_ATT,105,32,,,19.100000,11.000000,78.400000,11.000000,78.672062,10.873653,0.272062,0.126347,,,,,,,,
1780475222.154356,GIMBAL_SETTLED,105,32,,,19.100000,11.000000,78.400000,11.000000,78.672062,10.873653,0.272062,0.126347,1,0.000675,,,,,,
1780475222.490396,LASER_TRIGGER,105,32,,,19.100000,11.000000,78.400000,11.000000,78.672062,10.873653,0.272062,0.126347,1,0.000675,0,,sddm,,,
1780475225.761281,GIMBAL_CMD,106,32,78.926609,10.839736,19.100000,11.000000,,,78.926609,10.839736,,,,,,,,,,
1780475226.006087,GIMBAL_CMD_SEND,106,32,,,,,,,78.926609,10.839736,,,,,,,,,,
1780475226.006087,GIMBAL_ATT,106,32,,,19.100000,11.000000,78.400000,11.000000,78.926609,10.839736,0.526609,0.160264,,,,,,,,
1780475226.384011,GIMBAL_ATT,106,32,,,19.500000,11.000000,78.800000,11.000000,78.926609,10.839736,0.126609,0.160264,,,,,,,,
1780475226.384011,GIMBAL_SETTLED,106,32,,,19.500000,11.000000,78.800000,11.000000,78.926609,10.839736,0.126609,0.160264,1,0.377924,,,,,,
1780475226.678448,LASER_TRIGGER,106,32,,,19.500000,11.000000,78.800000,11.000000,78.926609,10.839736,0.126609,0.160264,1,0.377924,0,,sddm,,,
1780475231.042475,GIMBAL_CMD,107,32,81.043313,5.814333,19.500000,11.000000,,,81.043313,5.814333,,,,,,,,,,
1780475231.042980,GIMBAL_CMD_SEND,107,32,,,,,,,81.043313,5.814333,,,,,,,,,,
1780475231.083528,GIMBAL_ATT,107,32,,,20.600000,10.900000,79.900000,10.900000,81.043313,5.814333,1.143313,5.085667,,,,,,,,
1780475231.374512,GIMBAL_ATT,107,32,,,21.700000,10.900000,81.000000,10.900000,81.043313,5.814333,0.043313,5.085667,,,,,,,,
1780475231.749045,GIMBAL_CMD,108,32,81.284004,5.421172,21.700000,10.900000,,,81.284004,5.421172,,,,,,,,,,
1780475231.690505,GIMBAL_ATT,107,32,,,21.700000,7.100000,81.000000,7.100000,81.043313,5.814333,0.043313,1.285667,,,,,,,,
1780475231.921570,GIMBAL_ATT,107,32,,,21.700000,7.100000,81.000000,7.100000,81.043313,5.814333,0.043313,1.285667,,,,,,,,
1780475232.365174,GIMBAL_CMD,109,32,81.394781,5.276427,21.700000,7.100000,,,81.394781,5.276427,,,,,,,,,,
1780475232.225712,GIMBAL_ATT,107,32,,,21.700000,5.800000,81.000000,5.800000,81.043313,5.814333,0.043313,0.014333,,,,,,,,
1780475232.225712,GIMBAL_SETTLED,107,32,,,21.700000,5.800000,81.000000,5.800000,81.043313,5.814333,0.043313,0.014333,1,1.182732,,,,,,
1780475232.517618,LASER_TRIGGER,107,32,,,21.700000,5.800000,81.000000,5.800000,81.043313,5.814333,0.043313,0.014333,1,1.182732,0,,sddm,,,
1780475232.517618,GIMBAL_CMD_SEND,109,32,,,,,,,81.394781,5.276427,,,,,,,,,,
1780475232.558359,GIMBAL_ATT,109,32,,,21.700000,5.700000,81.000000,5.700000,81.394781,5.276427,0.394781,0.423573,,,,,,,,
1780475232.896039,GIMBAL_ATT,109,32,,,22.000000,5.300000,81.300000,5.300000,81.394781,5.276427,0.094781,0.023573,,,,,,,,
1780475232.896039,GIMBAL_SETTLED,109,32,,,22.000000,5.300000,81.300000,5.300000,81.394781,5.276427,0.094781,0.023573,1,0.378421,,,,,,
1780475233.188702,LASER_TRIGGER,109,32,,,22.000000,5.300000,81.300000,5.300000,81.394781,5.276427,0.094781,0.023573,1,0.378421,0,,sddm,,,
1780475236.162688,GIMBAL_CMD,110,32,87.095335,5.940818,22.000000,5.300000,,,87.095335,5.940818,,,,,,,,,,
1780475236.326759,GIMBAL_CMD_SEND,110,32,,,,,,,87.095335,5.940818,,,,,,,,,,
1780475236.367313,GIMBAL_ATT,110,32,,,23.000000,5.300000,82.300000,5.300000,87.095335,5.940818,4.795335,0.640818,,,,,,,,
1780475236.855072,GIMBAL_CMD,111,32,87.969869,6.099321,23.000000,5.300000,,,87.969869,6.099321,,,,,,,,,,
1780475236.609337,GIMBAL_ATT,110,32,,,26.500000,5.300000,85.800000,5.300000,87.095335,5.940818,1.295335,0.640818,,,,,,,,
1780475236.875761,GIMBAL_CMD_PREEMPT,111,32,,,,,,,87.969869,5.940818,0.874534,0.158503,,,,,,,,
1780475236.875761,GIMBAL_ATT,111,32,,,27.600000,5.300000,86.900000,5.300000,87.969869,5.940818,1.069869,0.640818,,,,,,,,
1780475237.181463,GIMBAL_ATT,111,32,,,27.600000,5.900000,86.900000,5.900000,87.969869,5.940818,1.069869,0.040818,,,,,,,,
1780475237.639266,GIMBAL_CMD,112,32,88.270533,6.198375,27.600000,5.900000,,,88.270533,6.198375,,,,,,,,,,
1780475237.493519,GIMBAL_ATT,111,32,,,27.600000,5.900000,86.900000,5.900000,87.969869,5.940818,1.069869,0.040818,,,,,,,,
1780475237.807911,GIMBAL_CMD_PREEMPT,112,32,,,,,,,88.270533,5.940818,0.300663,0.257557,,,,,,,,
1780475237.807911,GIMBAL_ATT,112,32,,,28.700000,5.900000,88.000000,5.900000,88.270533,5.940818,0.270533,0.040818,,,,,,,,
1780475237.807911,GIMBAL_SETTLED,112,32,,,28.700000,5.900000,88.000000,5.900000,88.270533,5.940818,0.270533,0.040818,1,0.000000,,,,,,
1780475238.017721,LASER_TRIGGER,112,32,,,28.700000,5.900000,88.000000,5.900000,88.270533,5.940818,0.270533,0.040818,1,0.000000,0,,sddm,,,
1780475239.671958,GIMBAL_CMD,113,32,87.853729,6.153406,28.800000,5.900000,,,87.853729,6.153406,,,,,,,,,,
1780475239.671958,GIMBAL_CMD_SEND,113,32,,,,,,,87.853729,6.153406,,,,,,,,,,
1780475239.712771,GIMBAL_ATT,113,32,,,28.800000,6.000000,88.100000,6.000000,87.853729,6.153406,0.246271,0.153406,,,,,,,,
1780475239.712771,GIMBAL_SETTLED,113,32,,,28.800000,6.000000,88.100000,6.000000,87.853729,6.153406,0.246271,0.153406,1,0.040813,,,,,,
1780475240.008672,LASER_TRIGGER,113,32,,,28.800000,6.000000,88.100000,6.000000,87.853729,6.153406,0.246271,0.153406,1,0.040813,0,,sddm,,,
1780475240.129055,GIMBAL_CMD,114,32,87.640030,6.118966,28.800000,6.000000,,,87.640030,6.118966,,,,,,,,,,
1780475240.401060,GIMBAL_CMD_SEND,114,32,,,,,,,87.640030,6.118966,,,,,,,,,,
1780475240.401060,GIMBAL_ATT,114,32,,,28.600000,6.200000,87.900000,6.200000,87.640030,6.118966,0.259970,0.081034,,,,,,,,
1780475240.401060,GIMBAL_SETTLED,114,32,,,28.600000,6.200000,87.900000,6.200000,87.640030,6.118966,0.259970,0.081034,1,0.000000,,,,,,
1780475240.746519,LASER_TRIGGER,114,32,,,28.600000,6.200000,87.900000,6.200000,87.640030,6.118966,0.259970,0.081034,1,0.000000,0,,sddm,,,
1780475240.767736,GIMBAL_CMD,115,32,87.422505,6.054648,28.600000,6.200000,,,87.422505,6.054648,,,,,,,,,,
1780475240.767736,GIMBAL_CMD_SEND,115,32,,,,,,,87.422505,6.054648,,,,,,,,,,
1780475240.768434,GIMBAL_ATT,115,32,,,28.600000,6.200000,87.900000,6.200000,87.422505,6.054648,0.477495,0.145352,,,,,,,,
1780475241.113034,GIMBAL_ATT,115,32,,,28.000000,6.200000,87.300000,6.200000,87.422505,6.054648,0.122505,0.145352,,,,,,,,
1780475241.113034,GIMBAL_SETTLED,115,32,,,28.000000,6.200000,87.300000,6.200000,87.422505,6.054648,0.122505,0.145352,1,0.345298,,,,,,
1780475241.404350,LASER_TRIGGER,115,32,,,28.000000,6.200000,87.300000,6.200000,87.422505,6.054648,0.122505,0.145352,1,0.345298,0,,sddm,,,
1780475246.694353,GIMBAL_CMD,116,32,87.368397,5.914087,28.000000,6.200000,,,87.368397,5.914087,,,,,,,,,,
1780475246.900910,GIMBAL_CMD_SEND,116,32,,,,,,,87.368397,5.914087,,,,,,,,,,
1780475246.900910,GIMBAL_ATT,116,32,,,28.000000,6.200000,87.300000,6.200000,87.368397,5.914087,0.068397,0.285913,,,,,,,,
1780475246.900910,GIMBAL_SETTLED,116,32,,,28.000000,6.200000,87.300000,6.200000,87.368397,5.914087,0.068397,0.285913,1,0.000000,,,,,,
1780475247.306411,LASER_TRIGGER,116,32,,,28.000000,6.200000,87.300000,6.200000,87.368397,5.914087,0.068397,0.285913,1,0.000000,0,,sddm,,,
1780475253.118558,GIMBAL_CMD,117,32,87.351599,5.792812,28.000000,5.900000,,,87.351599,5.792812,,,,,,,,,,
1780475253.197539,GIMBAL_CMD_SEND,117,32,,,,,,,87.351599,5.792812,,,,,,,,,,
1780475253.197539,GIMBAL_ATT,117,32,,,28.000000,5.900000,87.300000,5.900000,87.351599,5.792812,0.051599,0.107188,,,,,,,,
1780475253.197539,GIMBAL_SETTLED,117,32,,,28.000000,5.900000,87.300000,5.900000,87.351599,5.792812,0.051599,0.107188,1,0.000000,,,,,,
1780475253.482850,LASER_TRIGGER,117,32,,,28.000000,5.900000,87.300000,5.900000,87.351599,5.792812,0.051599,0.107188,1,0.000000,0,,sddm,,,
1780475253.933305,GIMBAL_CMD,118,32,87.201471,5.576415,28.000000,5.900000,,,87.201471,5.576415,,,,,,,,,,
1780475253.933828,GIMBAL_CMD_SEND,118,32,,,,,,,87.201471,5.576415,,,,,,,,,,
1780475253.974450,GIMBAL_ATT,118,32,,,28.000000,5.800000,87.300000,5.800000,87.201471,5.576415,0.098529,0.223585,,,,,,,,
1780475253.974450,GIMBAL_SETTLED,118,32,,,28.000000,5.800000,87.300000,5.800000,87.201471,5.576415,0.098529,0.223585,1,0.040623,,,,,,
1780475254.252061,LASER_TRIGGER,118,32,,,28.000000,5.800000,87.300000,5.800000,87.201471,5.576415,0.098529,0.223585,1,0.040623,0,,sddm,,,
1780475270.049473,GIMBAL_CMD,119,33,96.429248,9.615424,27.900000,5.600000,,,96.429248,9.615424,,,,,,,,,,
1780475270.049977,GIMBAL_CMD_SEND,119,33,,,,,,,96.429248,9.615424,,,,,,,,,,
1780475270.090458,GIMBAL_ATT,119,33,,,28.900000,5.600000,88.200000,5.600000,96.429248,9.615424,8.229248,4.015424,,,,,,,,
1780475270.399690,GIMBAL_ATT,119,33,,,34.100000,6.900000,93.400000,6.900000,96.429248,9.615424,3.029248,2.715424,,,,,,,,
1780475270.715055,GIMBAL_ATT,119,33,,,34.100000,6.900000,93.400000,6.900000,96.429248,9.615424,3.029248,2.715424,,,,,,,,
1780475271.088753,GIMBAL_ATT,119,33,,,36.900000,9.700000,96.200000,9.700000,96.429248,9.615424,0.229248,0.084576,,,,,,,,
1780475271.088753,GIMBAL_SETTLED,119,33,,,36.900000,9.700000,96.200000,9.700000,96.429248,9.615424,0.229248,0.084576,1,1.038776,,,,,,
1780475271.380302,LASER_TRIGGER,119,33,,,36.900000,9.700000,96.200000,9.700000,96.429248,9.615424,0.229248,0.084576,1,1.038776,0,,sddm,,,
1780475271.852034,GIMBAL_CMD,120,33,96.531331,9.470319,36.900000,9.700000,,,96.531331,9.470319,,,,,,,,,,
1780475271.852034,GIMBAL_CMD_SEND,120,33,,,,,,,96.531331,9.470319,,,,,,,,,,
1780475271.852034,GIMBAL_ATT,120,33,,,36.900000,9.700000,96.200000,9.700000,96.531331,9.470319,0.331331,0.229681,,,,,,,,
1780475272.165141,GIMBAL_ATT,120,33,,,36.900000,9.700000,96.200000,9.700000,96.531331,9.470319,0.331331,0.229681,,,,,,,,
1780475272.476644,GIMBAL_ATT,120,33,,,36.900000,9.700000,96.200000,9.700000,96.531331,9.470319,0.331331,0.229681,,,,,,,,
1780475272.790906,GIMBAL_ATT,120,33,,,36.900000,9.700000,96.200000,9.700000,96.531331,9.470319,0.331331,0.229681,,,,,,,,
1780475273.101761,GIMBAL_ATT,120,33,,,36.900000,9.700000,96.200000,9.700000,96.531331,9.470319,0.331331,0.229681,,,,,,,,
1780475273.437464,GIMBAL_CMD,121,33,96.562244,9.318279,36.900000,9.700000,,,96.562244,9.318279,,,,,,,,,,
1780475273.413023,GIMBAL_ATT,120,33,,,36.900000,9.700000,96.200000,9.700000,96.531331,9.470319,0.331331,0.229681,,,,,,,,
1780475273.727489,GIMBAL_ATT,120,33,,,36.900000,9.700000,96.200000,9.700000,96.531331,9.470319,0.331331,0.229681,,,,,,,,
1780475274.038152,GIMBAL_ATT,120,33,,,36.900000,9.700000,96.200000,9.700000,96.531331,9.470319,0.331331,0.229681,,,,,,,,
1780475274.350915,GIMBAL_ATT,120,33,,,36.900000,9.700000,96.200000,9.700000,96.531331,9.470319,0.331331,0.229681,,,,,,,,
1780475274.660955,GIMBAL_ATT,120,33,,,36.900000,9.700000,96.200000,9.700000,96.531331,9.470319,0.331331,0.229681,,,,,,,,
1780475274.660955,GIMBAL_TIMEOUT,120,33,,,,,,,96.531331,9.470319,0.331331,0.229681,0,2.808921,,,,,,
1780475282.088696,GIMBAL_CMD,122,33,93.576412,7.175479,36.900000,9.700000,,,93.576412,7.175479,,,,,,,,,,
1780475282.089201,GIMBAL_CMD_SEND,122,33,,,,,,,93.576412,7.175479,,,,,,,,,,
1780475282.129710,GIMBAL_ATT,122,33,,,35.900000,9.600000,95.200000,9.600000,93.576412,7.175479,1.623588,2.424521,,,,,,,,
1780475282.646181,GIMBAL_CMD,123,33,93.187954,6.949847,35.900000,9.600000,,,93.187954,6.949847,,,,,,,,,,
1780475282.443205,GIMBAL_ATT,122,33,,,35.900000,9.600000,95.200000,9.600000,93.576412,7.175479,1.623588,2.424521,,,,,,,,
1780475282.702270,GIMBAL_CMD_PREEMPT,123,33,,,,,,,93.187954,7.175479,0.388458,0.225632,,,,,,,,
1780475282.702270,GIMBAL_ATT,123,33,,,34.200000,7.100000,93.500000,7.100000,93.187954,7.175479,0.312046,0.075479,,,,,,,,
1780475283.010484,GIMBAL_ATT,123,33,,,34.200000,7.100000,93.500000,7.100000,93.187954,7.175479,0.312046,0.075479,,,,,,,,
1780475283.504261,GIMBAL_CMD,124,33,92.807917,6.818782,34.200000,7.100000,,,92.807917,6.818782,,,,,,,,,,
1780475283.323449,GIMBAL_ATT,123,33,,,34.200000,7.100000,93.500000,7.100000,93.187954,7.175479,0.312046,0.075479,,,,,,,,
1780475283.634256,GIMBAL_CMD_PREEMPT,124,33,,,,,,,92.807917,7.175479,0.380037,0.356697,,,,,,,,
1780475283.634256,GIMBAL_ATT,124,33,,,34.200000,7.100000,93.500000,7.100000,92.807917,7.175479,0.692083,0.075479,,,,,,,,
1780475284.074032,GIMBAL_ATT,124,33,,,33.400000,7.100000,92.700000,7.100000,92.807917,7.175479,0.107917,0.075479,,,,,,,,
1780475284.074032,GIMBAL_SETTLED,124,33,,,33.400000,7.100000,92.700000,7.100000,92.807917,7.175479,0.107917,0.075479,1,0.439776,,,,,,
1780475284.365321,LASER_TRIGGER,124,33,,,33.400000,7.100000,92.700000,7.100000,92.807917,7.175479,0.107917,0.075479,1,0.439776,0,,sddm,,,
1780475284.814321,GIMBAL_CMD,125,33,92.849813,6.956351,33.400000,7.100000,,,92.849813,6.956351,,,,,,,,,,
1780475284.814321,GIMBAL_CMD_SEND,125,33,,,,,,,92.849813,6.956351,,,,,,,,,,
1780475284.815031,GIMBAL_ATT,125,33,,,33.400000,7.100000,92.700000,7.100000,92.849813,6.956351,0.149813,0.143649,,,,,,,,
1780475284.815031,GIMBAL_SETTLED,125,33,,,33.400000,7.100000,92.700000,7.100000,92.849813,6.956351,0.149813,0.143649,1,0.000710,,,,,,
1780475285.181279,LASER_TRIGGER,125,33,,,33.400000,7.100000,92.700000,7.100000,92.849813,6.956351,0.149813,0.143649,1,0.000710,0,,sddm,,,
1780475285.517012,GIMBAL_CMD,126,33,93.037462,7.092700,33.400000,7.100000,,,93.037462,7.092700,,,,,,,,,,
1780475285.574080,GIMBAL_CMD_SEND,126,33,,,,,,,93.037462,7.092700,,,,,,,,,,
1780475285.574080,GIMBAL_ATT,126,33,,,33.400000,7.000000,92.700000,7.000000,93.037462,7.092700,0.337462,0.092700,,,,,,,,
1780475286.050124,GIMBAL_CMD,127,33,93.197649,7.226132,33.400000,7.000000,,,93.197649,7.226132,,,,,,,,,,
1780475285.922887,GIMBAL_ATT,126,33,,,33.500000,7.000000,92.800000,7.000000,93.037462,7.092700,0.237462,0.092700,,,,,,,,
1780475285.922887,GIMBAL_SETTLED,126,33,,,33.500000,7.000000,92.800000,7.000000,93.037462,7.092700,0.237462,0.092700,1,0.348807,,,,,,
1780475286.215893,LASER_TRIGGER,126,33,,,33.500000,7.000000,92.800000,7.000000,93.037462,7.092700,0.237462,0.092700,1,0.348807,0,,sddm,,,
1780475286.215893,GIMBAL_CMD_SEND,127,33,,,,,,,93.197649,7.226132,,,,,,,,,,
1780475286.215893,GIMBAL_ATT,127,33,,,33.500000,7.000000,92.800000,7.000000,93.197649,7.226132,0.397649,0.226132,,,,,,,,
1780475286.432376,GIMBAL_ATT,127,33,,,33.500000,7.200000,92.800000,7.200000,93.197649,7.226132,0.397649,0.026132,,,,,,,,
1780475286.736553,GIMBAL_ATT,127,33,,,33.500000,7.200000,92.800000,7.200000,93.197649,7.226132,0.397649,0.026132,,,,,,,,
1780475287.052951,GIMBAL_ATT,127,33,,,33.500000,7.200000,92.800000,7.200000,93.197649,7.226132,0.397649,0.026132,,,,,,,,
1780475287.367429,GIMBAL_ATT,127,33,,,33.500000,7.200000,92.800000,7.200000,93.197649,7.226132,0.397649,0.026132,,,,,,,,
1780475287.667310,GIMBAL_ATT,127,33,,,33.500000,7.200000,92.800000,7.200000,93.197649,7.226132,0.397649,0.026132,,,,,,,,
1780475287.980263,GIMBAL_ATT,127,33,,,33.500000,7.200000,92.800000,7.200000,93.197649,7.226132,0.397649,0.026132,,,,,,,,
1780475288.292284,GIMBAL_ATT,127,33,,,33.500000,7.200000,92.800000,7.200000,93.197649,7.226132,0.397649,0.026132,,,,,,,,
1780475288.592409,GIMBAL_ATT,127,33,,,33.500000,7.200000,92.800000,7.200000,93.197649,7.226132,0.397649,0.026132,,,,,,,,
1780475288.908113,GIMBAL_ATT,127,33,,,33.500000,7.200000,92.800000,7.200000,93.197649,7.226132,0.397649,0.026132,,,,,,,,
1780475288.908113,GIMBAL_TIMEOUT,127,33,,,,,,,93.197649,7.226132,0.397649,0.026132,0,2.692220,,,,,,
1780475292.521690,GIMBAL_CMD,128,33,93.303537,7.055816,33.500000,7.200000,,,93.303537,7.055816,,,,,,,,,,
1780475292.723197,GIMBAL_CMD_SEND,128,33,,,,,,,93.303537,7.055816,,,,,,,,,,
1780475292.723197,GIMBAL_ATT,128,33,,,33.500000,7.200000,92.800000,7.200000,93.303537,7.055816,0.503537,0.144184,,,,,,,,
1780475293.101210,GIMBAL_ATT,128,33,,,33.900000,7.200000,93.200000,7.200000,93.303537,7.055816,0.103537,0.144184,,,,,,,,
1780475293.101210,GIMBAL_SETTLED,128,33,,,33.900000,7.200000,93.200000,7.200000,93.303537,7.055816,0.103537,0.144184,1,0.378013,,,,,,
1780475293.394491,LASER_TRIGGER,128,33,,,33.900000,7.200000,93.200000,7.200000,93.303537,7.055816,0.103537,0.144184,1,0.378013,0,,sddm,,,
1780475304.271855,GIMBAL_CMD,129,33,91.915508,5.969279,33.900000,7.200000,,,91.915508,5.969279,,,,,,,,,,
1780475304.351191,GIMBAL_CMD_SEND,129,33,,,,,,,91.915508,5.969279,,,,,,,,,,
1780475304.391871,GIMBAL_ATT,129,33,,,32.900000,7.200000,92.200000,7.200000,91.915508,5.969279,0.284492,1.230721,,,,,,,,
1780475304.790591,GIMBAL_CMD,130,33,91.682909,5.844289,32.900000,7.200000,,,91.682909,5.844289,,,,,,,,,,
1780475304.623511,GIMBAL_ATT,129,33,,,32.900000,7.200000,92.200000,7.200000,91.915508,5.969279,0.284492,1.230721,,,,,,,,
1780475305.041279,GIMBAL_ATT,129,33,,,32.700000,6.000000,92.000000,6.000000,91.915508,5.969279,0.084492,0.030721,,,,,,,,
1780475305.041279,GIMBAL_SETTLED,129,33,,,32.700000,6.000000,92.000000,6.000000,91.915508,5.969279,0.084492,0.030721,1,0.690088,,,,,,
1780475305.330614,LASER_TRIGGER,129,33,,,32.700000,6.000000,92.000000,6.000000,91.915508,5.969279,0.084492,0.030721,1,0.690088,0,,sddm,,,
1780475305.367362,GIMBAL_CMD,131,33,91.573571,5.715715,32.700000,6.000000,,,91.573571,5.715715,,,,,,,,,,
1780475305.368396,GIMBAL_CMD_SEND,131,33,,,,,,,91.573571,5.715715,,,,,,,,,,
1780475305.409223,GIMBAL_ATT,131,33,,,32.700000,5.900000,92.000000,5.900000,91.573571,5.715715,0.426429,0.184285,,,,,,,,
1780475305.745232,GIMBAL_ATT,131,33,,,32.100000,5.700000,91.400000,5.700000,91.573571,5.715715,0.173571,0.015715,,,,,,,,
1780475305.745232,GIMBAL_SETTLED,131,33,,,32.100000,5.700000,91.400000,5.700000,91.573571,5.715715,0.173571,0.015715,1,0.376837,,,,,,
1780475306.035763,LASER_TRIGGER,131,33,,,32.100000,5.700000,91.400000,5.700000,91.573571,5.715715,0.173571,0.015715,1,0.376837,0,,sddm,,,
1780475306.629502,GIMBAL_CMD,132,33,91.382406,5.545710,32.100000,5.700000,,,91.382406,5.545710,,,,,,,,,,
1780475306.822970,GIMBAL_CMD_SEND,132,33,,,,,,,91.382406,5.545710,,,,,,,,,,
1780475306.822970,GIMBAL_ATT,132,33,,,32.100000,5.700000,91.400000,5.700000,91.382406,5.545710,0.017594,0.154290,,,,,,,,
1780475306.822970,GIMBAL_SETTLED,132,33,,,32.100000,5.700000,91.400000,5.700000,91.382406,5.545710,0.017594,0.154290,1,0.000000,,,,,,
1780475307.106390,LASER_TRIGGER,132,33,,,32.100000,5.700000,91.400000,5.700000,91.382406,5.545710,0.017594,0.154290,1,0.000000,0,,sddm,,,
1780475320.568826,GIMBAL_CMD,133,34,91.552685,7.951184,32.100000,5.700000,,,91.552685,7.951184,,,,,,,,,,
1780475320.568826,GIMBAL_CMD_SEND,133,34,,,,,,,91.552685,7.951184,,,,,,,,,,
1780475320.569788,GIMBAL_ATT,133,34,,,32.100000,5.700000,91.400000,5.700000,91.552685,7.951184,0.152685,2.251184,,,,,,,,
1780475320.886390,GIMBAL_ATT,133,34,,,32.100000,6.900000,91.400000,6.900000,91.552685,7.951184,0.152685,1.051184,,,,,,,,
1780475321.115649,GIMBAL_ATT,133,34,,,32.100000,6.900000,91.400000,6.900000,91.552685,7.951184,0.152685,1.051184,,,,,,,,
1780475321.433833,GIMBAL_ATT,133,34,,,32.100000,8.000000,91.400000,8.000000,91.552685,7.951184,0.152685,0.048816,,,,,,,,
1780475321.433833,GIMBAL_SETTLED,133,34,,,32.100000,8.000000,91.400000,8.000000,91.552685,7.951184,0.152685,0.048816,1,0.865007,,,,,,
1780475321.727361,LASER_TRIGGER,133,34,,,32.100000,8.000000,91.400000,8.000000,91.552685,7.951184,0.152685,0.048816,1,0.865007,0,,sddm,,,
1780475329.580497,GIMBAL_CMD,134,34,91.569203,7.824919,32.100000,8.000000,,,91.569203,7.824919,,,,,,,,,,
1780475329.580497,GIMBAL_CMD_SEND,134,34,,,,,,,91.569203,7.824919,,,,,,,,,,
1780475329.580497,GIMBAL_ATT,134,34,,,32.100000,8.000000,91.400000,8.000000,91.569203,7.824919,0.169203,0.175081,,,,,,,,
1780475329.580497,GIMBAL_SETTLED,134,34,,,32.100000,8.000000,91.400000,8.000000,91.569203,7.824919,0.169203,0.175081,1,0.000000,,,,,,
1780475329.870345,LASER_TRIGGER,134,34,,,32.100000,8.000000,91.400000,8.000000,91.569203,7.824919,0.169203,0.175081,1,0.000000,0,,sddm,,,
1780475332.873209,GIMBAL_CMD,135,34,91.554764,7.961450,32.100000,8.000000,,,91.554764,7.961450,,,,,,,,,,
1780475333.015440,GIMBAL_CMD_SEND,135,34,,,,,,,91.554764,7.961450,,,,,,,,,,
1780475333.015440,GIMBAL_ATT,135,34,,,32.100000,8.000000,91.400000,8.000000,91.554764,7.961450,0.154764,0.038550,,,,,,,,
1780475333.015440,GIMBAL_SETTLED,135,34,,,32.100000,8.000000,91.400000,8.000000,91.554764,7.961450,0.154764,0.038550,1,0.000000,,,,,,
1780475333.295649,LASER_TRIGGER,135,34,,,32.100000,8.000000,91.400000,8.000000,91.554764,7.961450,0.154764,0.038550,1,0.000000,0,,sddm,,,
1780475338.825039,GIMBAL_CMD,136,34,91.582154,7.838012,32.100000,8.000000,,,91.582154,7.838012,,,,,,,,,,
1780475338.825039,GIMBAL_CMD_SEND,136,34,,,,,,,91.582154,7.838012,,,,,,,,,,
1780475338.825039,GIMBAL_ATT,136,34,,,32.100000,8.000000,91.400000,8.000000,91.582154,7.838012,0.182154,0.161988,,,,,,,,
1780475338.825039,GIMBAL_SETTLED,136,34,,,32.100000,8.000000,91.400000,8.000000,91.582154,7.838012,0.182154,0.161988,1,0.000000,,,,,,
1780475339.113600,LASER_TRIGGER,136,34,,,32.100000,8.000000,91.400000,8.000000,91.582154,7.838012,0.182154,0.161988,1,0.000000,0,,sddm,,,
1780475343.868985,GIMBAL_CMD,137,34,91.591267,7.712924,32.100000,8.000000,,,91.591267,7.712924,,,,,,,,,,
1780475343.869513,GIMBAL_CMD_SEND,137,34,,,,,,,91.591267,7.712924,,,,,,,,,,
1780475343.869900,GIMBAL_ATT,137,34,,,32.100000,8.000000,91.400000,8.000000,91.591267,7.712924,0.191267,0.287076,,,,,,,,
1780475343.869900,GIMBAL_SETTLED,137,34,,,32.100000,8.000000,91.400000,8.000000,91.591267,7.712924,0.191267,0.287076,1,0.000387,,,,,,
1780475344.268370,LASER_TRIGGER,137,34,,,32.100000,8.000000,91.400000,8.000000,91.591267,7.712924,0.191267,0.287076,1,0.000387,0,,sddm,,,
1780475355.371666,GIMBAL_CMD,138,34,89.979018,6.052488,32.100000,7.800000,,,89.979018,6.052488,,,,,,,,,,
1780475355.371666,GIMBAL_CMD_SEND,138,34,,,,,,,89.979018,6.052488,,,,,,,,,,
1780475355.413151,GIMBAL_ATT,138,34,,,31.100000,7.700000,90.400000,7.700000,89.979018,6.052488,0.420982,1.647512,,,,,,,,
1780475355.660859,GIMBAL_ATT,138,34,,,31.100000,7.700000,90.400000,7.700000,89.979018,6.052488,0.420982,1.647512,,,,,,,,
1780475356.079367,GIMBAL_CMD,139,34,89.692739,5.804240,31.100000,7.700000,,,89.692739,5.804240,,,,,,,,,,
1780475355.878186,GIMBAL_ATT,138,34,,,30.600000,6.100000,89.900000,6.100000,89.979018,6.052488,0.079018,0.047512,,,,,,,,
1780475355.878186,GIMBAL_SETTLED,138,34,,,30.600000,6.100000,89.900000,6.100000,89.979018,6.052488,0.079018,0.047512,1,0.506520,,,,,,
1780475356.159935,LASER_TRIGGER,138,34,,,30.600000,6.100000,89.900000,6.100000,89.979018,6.052488,0.079018,0.047512,1,0.506520,0,,sddm,,,
1780475356.159935,GIMBAL_CMD_SEND,139,34,,,,,,,89.692739,5.804240,,,,,,,,,,
1780475356.200893,GIMBAL_ATT,139,34,,,30.600000,6.000000,89.900000,6.000000,89.692739,5.804240,0.207261,0.195760,,,,,,,,
1780475356.200893,GIMBAL_SETTLED,139,34,,,30.600000,6.000000,89.900000,6.000000,89.692739,5.804240,0.207261,0.195760,1,0.040958,,,,,,
1780475356.488850,LASER_TRIGGER,139,34,,,30.600000,6.000000,89.900000,6.000000,89.692739,5.804240,0.207261,0.195760,1,0.040958,0,,sddm,,,
1780475356.801584,GIMBAL_CMD,140,34,89.421504,5.734153,30.600000,6.000000,,,89.421504,5.734153,,,,,,,,,,
1780475356.883716,GIMBAL_CMD_SEND,140,34,,,,,,,89.421504,5.734153,,,,,,,,,,
1780475356.883716,GIMBAL_ATT,140,34,,,30.300000,5.900000,89.600000,5.900000,89.421504,5.734153,0.178496,0.165847,,,,,,,,
1780475356.883716,GIMBAL_SETTLED,140,34,,,30.300000,5.900000,89.600000,5.900000,89.421504,5.734153,0.178496,0.165847,1,0.000000,,,,,,
1780475357.217552,LASER_TRIGGER,140,34,,,30.300000,5.900000,89.600000,5.900000,89.421504,5.734153,0.178496,0.165847,1,0.000000,0,,sddm,,,
1780475357.455154,GIMBAL_CMD,141,34,89.313945,5.950893,30.300000,5.900000,,,89.313945,5.950893,,,,,,,,,,
1780475357.606706,GIMBAL_CMD_SEND,141,34,,,,,,,89.313945,5.950893,,,,,,,,,,
1780475357.606706,GIMBAL_ATT,141,34,,,30.000000,5.900000,89.300000,5.900000,89.313945,5.950893,0.013945,0.050893,,,,,,,,
1780475357.606706,GIMBAL_SETTLED,141,34,,,30.000000,5.900000,89.300000,5.900000,89.313945,5.950893,0.013945,0.050893,1,0.000000,,,,,,
1780475357.888087,LASER_TRIGGER,141,34,,,30.000000,5.900000,89.300000,5.900000,89.313945,5.950893,0.013945,0.050893,1,0.000000,0,,sddm,,,
1780475362.529621,GIMBAL_CMD,142,34,89.243934,5.731587,30.000000,5.900000,,,89.243934,5.731587,,,,,,,,,,
1780475362.592985,GIMBAL_CMD_SEND,142,34,,,,,,,89.243934,5.731587,,,,,,,,,,
1780475362.592985,GIMBAL_ATT,142,34,,,30.000000,5.900000,89.300000,5.900000,89.243934,5.731587,0.056066,0.168413,,,,,,,,
1780475362.592985,GIMBAL_SETTLED,142,34,,,30.000000,5.900000,89.300000,5.900000,89.243934,5.731587,0.056066,0.168413,1,0.000000,,,,,,
1780475362.877173,LASER_TRIGGER,142,34,,,30.000000,5.900000,89.300000,5.900000,89.243934,5.731587,0.056066,0.168413,1,0.000000,0,,sddm,,,
1780475363.888836,GIMBAL_CMD,143,34,89.142285,5.609838,30.000000,5.900000,,,89.142285,5.609838,,,,,,,,,,
1780475364.058578,GIMBAL_CMD_SEND,143,34,,,,,,,89.142285,5.609838,,,,,,,,,,
1780475364.058886,GIMBAL_ATT,143,34,,,30.000000,5.900000,89.300000,5.900000,89.142285,5.609838,0.157715,0.290162,,,,,,,,
1780475364.058886,GIMBAL_SETTLED,143,34,,,30.000000,5.900000,89.300000,5.900000,89.142285,5.609838,0.157715,0.290162,1,0.000308,,,,,,
1780475364.403772,LASER_TRIGGER,143,34,,,30.000000,5.900000,89.300000,5.900000,89.142285,5.609838,0.157715,0.290162,1,0.000308,0,,sddm,,,
1780475368.815802,GIMBAL_CMD,144,34,89.056968,5.473683,29.700000,5.900000,,,89.056968,5.473683,,,,,,,,,,
1780475368.816307,GIMBAL_CMD_SEND,144,34,,,,,,,89.056968,5.473683,,,,,,,,,,
1780475368.816539,GIMBAL_ATT,144,34,,,29.700000,5.800000,89.000000,5.800000,89.056968,5.473683,0.056968,0.326317,,,,,,,,
1780475369.044757,GIMBAL_ATT,144,34,,,29.700000,5.800000,89.000000,5.800000,89.056968,5.473683,0.056968,0.326317,,,,,,,,
1780475369.359247,GIMBAL_ATT,144,34,,,29.700000,5.400000,89.000000,5.400000,89.056968,5.473683,0.056968,0.073683,,,,,,,,
1780475369.359247,GIMBAL_SETTLED,144,34,,,29.700000,5.400000,89.000000,5.400000,89.056968,5.473683,0.056968,0.073683,1,0.542941,,,,,,
1780475369.656487,LASER_TRIGGER,144,34,,,29.700000,5.400000,89.000000,5.400000,89.056968,5.473683,0.056968,0.073683,1,0.542941,0,,sddm,,,
1780475374.203403,GIMBAL_CMD,145,34,89.096123,5.618601,29.700000,5.400000,,,89.096123,5.618601,,,,,,,,,,
1780475374.361782,GIMBAL_CMD_SEND,145,34,,,,,,,89.096123,5.618601,,,,,,,,,,
1780475374.361782,GIMBAL_ATT,145,34,,,29.700000,5.400000,89.000000,5.400000,89.096123,5.618601,0.096123,0.218601,,,,,,,,
1780475374.361782,GIMBAL_SETTLED,145,34,,,29.700000,5.400000,89.000000,5.400000,89.096123,5.618601,0.096123,0.218601,1,0.000000,,,,,,
1780475374.645278,LASER_TRIGGER,145,34,,,29.700000,5.400000,89.000000,5.400000,89.096123,5.618601,0.096123,0.218601,1,0.000000,0,,sddm,,,
1780475374.941158,GIMBAL_CMD,146,34,89.105638,5.836673,29.700000,5.400000,,,89.105638,5.836673,,,,,,,,,,
1780475375.038074,GIMBAL_CMD_SEND,146,34,,,,,,,89.105638,5.836673,,,,,,,,,,
1780475375.038074,GIMBAL_ATT,146,34,,,29.700000,5.400000,89.000000,5.400000,89.105638,5.836673,0.105638,0.436673,,,,,,,,
1780475375.273064,GIMBAL_ATT,146,34,,,29.700000,5.400000,89.000000,5.400000,89.105638,5.836673,0.105638,0.436673,,,,,,,,
1780475375.591637,GIMBAL_ATT,146,34,,,29.700000,5.900000,89.000000,5.900000,89.105638,5.836673,0.105638,0.063327,,,,,,,,
1780475375.591637,GIMBAL_SETTLED,146,34,,,29.700000,5.900000,89.000000,5.900000,89.105638,5.836673,0.105638,0.063327,1,0.553563,,,,,,
1780475375.872501,LASER_TRIGGER,146,34,,,29.700000,5.900000,89.000000,5.900000,89.105638,5.836673,0.105638,0.063327,1,0.553563,0,,sddm,,,
1780475383.265898,GIMBAL_CMD,147,34,90.346658,6.482772,29.700000,5.900000,,,90.346658,6.482772,,,,,,,,,,
1780475383.329979,GIMBAL_CMD_SEND,147,34,,,,,,,90.346658,6.482772,,,,,,,,,,
1780475383.370309,GIMBAL_ATT,147,34,,,30.800000,5.900000,90.100000,5.900000,90.346658,6.482772,0.246658,0.582772,,,,,,,,
1780475383.599583,GIMBAL_ATT,147,34,,,30.800000,5.900000,90.100000,5.900000,90.346658,6.482772,0.246658,0.582772,,,,,,,,
1780475383.915088,GIMBAL_ATT,147,34,,,30.800000,6.400000,90.100000,6.400000,90.346658,6.482772,0.246658,0.082772,,,,,,,,
1780475383.915088,GIMBAL_SETTLED,147,34,,,30.800000,6.400000,90.100000,6.400000,90.346658,6.482772,0.246658,0.082772,1,0.585109,,,,,,
1780475384.205396,LASER_TRIGGER,147,34,,,30.800000,6.400000,90.100000,6.400000,90.346658,6.482772,0.246658,0.082772,1,0.585109,0,,sddm,,,
1780475384.541922,GIMBAL_CMD,148,34,90.090524,6.150279,30.800000,6.400000,,,90.090524,6.150279,,,,,,,,,,
1780475384.596120,GIMBAL_CMD_SEND,148,34,,,,,,,90.090524,6.150279,,,,,,,,,,
1780475384.636738,GIMBAL_ATT,148,34,,,30.800000,6.400000,90.100000,6.400000,90.090524,6.150279,0.009476,0.249721,,,,,,,,
1780475384.636738,GIMBAL_SETTLED,148,34,,,30.800000,6.400000,90.100000,6.400000,90.090524,6.150279,0.009476,0.249721,1,0.040618,,,,,,
1780475384.911297,LASER_TRIGGER,148,34,,,30.800000,6.400000,90.100000,6.400000,90.090524,6.150279,0.009476,0.249721,1,0.040618,0,,sddm,,,
1780475385.066069,GIMBAL_CMD,149,34,89.777100,5.880305,30.800000,6.400000,,,89.777100,5.880305,,,,,,,,,,
1780475385.303980,GIMBAL_CMD_SEND,149,34,,,,,,,89.777100,5.880305,,,,,,,,,,
1780475385.605835,GIMBAL_CMD,150,34,89.331948,5.593070,30.700000,6.100000,,,89.331948,5.593070,,,,,,,,,,
1780475385.344402,GIMBAL_ATT,149,34,,,30.700000,6.100000,90.000000,6.100000,89.777100,5.880305,0.222900,0.219695,,,,,,,,
1780475385.344402,GIMBAL_SETTLED,149,34,,,30.700000,6.100000,90.000000,6.100000,89.777100,5.880305,0.222900,0.219695,1,0.040422,,,,,,
1780475385.646681,LASER_TRIGGER,149,34,,,30.700000,6.100000,90.000000,6.100000,89.777100,5.880305,0.222900,0.219695,1,0.040422,0,,sddm,,,
1780475385.646681,GIMBAL_CMD_SEND,150,34,,,,,,,89.331948,5.593070,,,,,,,,,,
1780475385.687176,GIMBAL_ATT,150,34,,,30.700000,5.800000,90.000000,5.800000,89.331948,5.593070,0.668052,0.206930,,,,,,,,
1780475386.013165,GIMBAL_ATT,150,34,,,30.000000,5.600000,89.300000,5.600000,89.331948,5.593070,0.031948,0.006930,,,,,,,,
1780475386.013165,GIMBAL_SETTLED,150,34,,,30.000000,5.600000,89.300000,5.600000,89.331948,5.593070,0.031948,0.006930,1,0.366485,,,,,,
1780475386.307220,LASER_TRIGGER,150,34,,,30.000000,5.600000,89.300000,5.600000,89.331948,5.593070,0.031948,0.006930,1,0.366485,0,,sddm,,,
1780475386.338201,GIMBAL_CMD,151,34,89.043740,5.370306,30.000000,5.600000,,,89.043740,5.370306,,,,,,,,,,
1780475386.338201,GIMBAL_CMD_SEND,151,34,,,,,,,89.043740,5.370306,,,,,,,,,,
1780475386.379910,GIMBAL_ATT,151,34,,,30.000000,5.500000,89.300000,5.500000,89.043740,5.370306,0.256260,0.129694,,,,,,,,
1780475386.379910,GIMBAL_SETTLED,151,34,,,30.000000,5.500000,89.300000,5.500000,89.043740,5.370306,0.256260,0.129694,1,0.041709,,,,,,
1780475386.683361,LASER_TRIGGER,151,34,,,30.000000,5.500000,89.300000,5.500000,89.043740,5.370306,0.256260,0.129694,1,0.041709,0,,sddm,,,
1780475387.125321,GIMBAL_CMD,152,34,88.794812,5.209407,29.600000,5.300000,,,88.794812,5.209407,,,,,,,,,,
1780475387.125321,GIMBAL_CMD_SEND,152,34,,,,,,,88.794812,5.209407,,,,,,,,,,
1780475387.126066,GIMBAL_ATT,152,34,,,29.600000,5.300000,88.900000,5.300000,88.794812,5.209407,0.105188,0.090593,,,,,,,,
1780475387.126066,GIMBAL_SETTLED,152,34,,,29.600000,5.300000,88.900000,5.300000,88.794812,5.209407,0.105188,0.090593,1,0.000746,,,,,,
1780475387.480723,LASER_TRIGGER,152,34,,,29.600000,5.300000,88.900000,5.300000,88.794812,5.209407,0.105188,0.090593,1,0.000746,0,,sddm,,,
1780475392.573607,GIMBAL_CMD,153,34,88.956416,5.357222,29.300000,5.300000,,,88.956416,5.357222,,,,,,,,,,
1780475392.595405,GIMBAL_CMD_SEND,153,34,,,,,,,88.956416,5.357222,,,,,,,,,,
1780475392.595405,GIMBAL_ATT,153,34,,,29.300000,5.300000,88.600000,5.300000,88.956416,5.357222,0.356416,0.057222,,,,,,,,
1780475392.900780,GIMBAL_ATT,153,34,,,29.300000,5.300000,88.600000,5.300000,88.956416,5.357222,0.356416,0.057222,,,,,,,,
1780475393.213233,GIMBAL_ATT,153,34,,,29.300000,5.300000,88.600000,5.300000,88.956416,5.357222,0.356416,0.057222,,,,,,,,
1780475393.528758,GIMBAL_ATT,153,34,,,29.300000,5.300000,88.600000,5.300000,88.956416,5.357222,0.356416,0.057222,,,,,,,,
1780475393.826670,GIMBAL_ATT,153,34,,,29.300000,5.300000,88.600000,5.300000,88.956416,5.357222,0.356416,0.057222,,,,,,,,
1780475394.139178,GIMBAL_ATT,153,34,,,29.300000,5.300000,88.600000,5.300000,88.956416,5.357222,0.356416,0.057222,,,,,,,,
1780475394.452087,GIMBAL_ATT,153,34,,,29.300000,5.300000,88.600000,5.300000,88.956416,5.357222,0.356416,0.057222,,,,,,,,
1780475394.762334,GIMBAL_ATT,153,34,,,29.300000,5.300000,88.600000,5.300000,88.956416,5.357222,0.356416,0.057222,,,,,,,,
1780475395.078462,GIMBAL_ATT,153,34,,,29.300000,5.300000,88.600000,5.300000,88.956416,5.357222,0.356416,0.057222,,,,,,,,
1780475395.390831,GIMBAL_ATT,153,34,,,29.300000,5.300000,88.600000,5.300000,88.956416,5.357222,0.356416,0.057222,,,,,,,,
1780475395.390831,GIMBAL_TIMEOUT,153,34,,,,,,,88.956416,5.357222,0.356416,0.057222,0,2.795425,,,,,,
1780475411.384027,GIMBAL_CMD,154,35,88.545900,5.532429,29.300000,5.300000,,,88.545900,5.532429,,,,,,,,,,
1780475411.405850,GIMBAL_CMD_SEND,154,35,,,,,,,88.545900,5.532429,,,,,,,,,,
1780475411.405850,GIMBAL_ATT,154,35,,,29.300000,5.300000,88.600000,5.300000,88.545900,5.532429,0.054100,0.232429,,,,,,,,
1780475411.405850,GIMBAL_SETTLED,154,35,,,29.300000,5.300000,88.600000,5.300000,88.545900,5.532429,0.054100,0.232429,1,0.000000,,,,,,
1780475411.737784,LASER_TRIGGER,154,35,,,29.300000,5.300000,88.600000,5.300000,88.545900,5.532429,0.054100,0.232429,1,0.000000,0,,sddm,,,
1780475415.480039,GIMBAL_CMD,155,35,89.825165,5.563098,29.100000,5.300000,,,89.825165,5.563098,,,,,,,,,,
1780475415.646476,GIMBAL_CMD_SEND,155,35,,,,,,,89.825165,5.563098,,,,,,,,,,
1780475415.646945,GIMBAL_ATT,155,35,,,30.300000,5.300000,89.600000,5.300000,89.825165,5.563098,0.225165,0.263098,,,,,,,,
1780475415.646945,GIMBAL_SETTLED,155,35,,,30.300000,5.300000,89.600000,5.300000,89.825165,5.563098,0.225165,0.263098,1,0.000469,,,,,,
1780475415.863799,LASER_TRIGGER,155,35,,,30.300000,5.300000,89.600000,5.300000,89.825165,5.563098,0.225165,0.263098,1,0.000469,0,,sddm,,,
1780475479.885304,GIMBAL_CMD,156,37,45.626919,7.693229,30.400000,5.300000,,,45.626919,7.693229,,,,,,,,,,
1780475479.885304,GIMBAL_CMD_SEND,156,37,,,,,,,45.626919,7.693229,,,,,,,,,,
1780475479.926919,GIMBAL_ATT,156,37,,,29.300000,5.400000,88.600000,5.400000,45.626919,7.693229,42.973081,2.293229,,,,,,,,
1780475480.244448,GIMBAL_ATT,156,37,,,23.900000,6.800000,83.200000,6.800000,45.626919,7.693229,37.573081,0.893229,,,,,,,,
1780475480.474567,GIMBAL_ATT,156,37,,,17.000000,6.800000,76.300000,6.800000,45.626919,7.693229,30.673081,0.893229,,,,,,,,
1780475480.794905,GIMBAL_ATT,156,37,,,4.300000,7.700000,63.600000,7.700000,45.626919,7.693229,17.973081,0.006771,,,,,,,,
1780475481.106558,GIMBAL_ATT,156,37,,,351.900000,7.700000,51.200000,7.700000,45.626919,7.693229,5.573081,0.006771,,,,,,,,
1780475481.418102,GIMBAL_ATT,156,37,,,351.900000,7.700000,51.200000,7.700000,45.626919,7.693229,5.573081,0.006771,,,,,,,,
1780475481.764330,GIMBAL_ATT,156,37,,,346.300000,7.700000,45.600000,7.700000,45.626919,7.693229,0.026919,0.006771,,,,,,,,
1780475481.764330,GIMBAL_SETTLED,156,37,,,346.300000,7.700000,45.600000,7.700000,45.626919,7.693229,0.026919,0.006771,1,1.879027,,,,,,
1780475482.043609,LASER_TRIGGER,156,37,,,346.300000,7.700000,45.600000,7.700000,45.626919,7.693229,0.026919,0.006771,1,1.879027,0,,sddm,,,
1780475561.834985,GIMBAL_CMD,157,40,90.473544,9.052625,346.300000,7.700000,,,90.473544,9.052625,,,,,,,,,,
1780475562.110865,GIMBAL_CMD_SEND,157,40,,,,,,,90.473544,9.052625,,,,,,,,,,
1780475562.151526,GIMBAL_ATT,157,40,,,347.300000,7.800000,46.600000,7.800000,90.473544,9.052625,43.873544,1.252625,,,,,,,,
1780475562.460970,GIMBAL_ATT,157,40,,,347.300000,9.000000,46.600000,9.000000,90.473544,9.052625,43.873544,0.052625,,,,,,,,
1780475562.804243,GIMBAL_ATT,157,40,,,3.300000,9.000000,62.600000,9.000000,90.473544,9.052625,27.873544,0.052625,,,,,,,,
1780475563.116780,GIMBAL_ATT,157,40,,,16.800000,9.000000,76.100000,9.000000,90.473544,9.052625,14.373544,0.052625,,,,,,,,
1780475563.433158,GIMBAL_ATT,157,40,,,28.200000,9.000000,87.500000,9.000000,90.473544,9.052625,2.973544,0.052625,,,,,,,,
1780475563.734237,GIMBAL_ATT,157,40,,,31.000000,9.000000,90.300000,9.000000,90.473544,9.052625,0.173544,0.052625,,,,,,,,
1780475563.734237,GIMBAL_SETTLED,157,40,,,31.000000,9.000000,90.300000,9.000000,90.473544,9.052625,0.173544,0.052625,1,1.623372,,,,,,
1780475564.021428,LASER_TRIGGER,157,40,,,31.000000,9.000000,90.300000,9.000000,90.473544,9.052625,0.173544,0.052625,1,1.623372,0,,sddm,,,
1780475564.415868,GIMBAL_CMD,158,40,90.362351,8.884724,31.000000,9.000000,,,90.362351,8.884724,,,,,,,,,,
1780475564.415868,GIMBAL_CMD_SEND,158,40,,,,,,,90.362351,8.884724,,,,,,,,,,
1780475564.415868,GIMBAL_ATT,158,40,,,31.000000,9.000000,90.300000,9.000000,90.362351,8.884724,0.062351,0.115276,,,,,,,,
1780475564.415868,GIMBAL_SETTLED,158,40,,,31.000000,9.000000,90.300000,9.000000,90.362351,8.884724,0.062351,0.115276,1,0.000000,,,,,,
1780475564.699620,LASER_TRIGGER,158,40,,,31.000000,9.000000,90.300000,9.000000,90.362351,8.884724,0.062351,0.115276,1,0.000000,0,,sddm,,,
1780475570.399359,GIMBAL_CMD,159,40,90.286498,9.024624,31.000000,9.000000,,,90.286498,9.024624,,,,,,,,,,
1780475570.600782,GIMBAL_CMD_SEND,159,40,,,,,,,90.286498,9.024624,,,,,,,,,,
1780475570.600782,GIMBAL_ATT,159,40,,,31.000000,9.000000,90.300000,9.000000,90.286498,9.024624,0.013502,0.024624,,,,,,,,
1780475570.600782,GIMBAL_SETTLED,159,40,,,31.000000,9.000000,90.300000,9.000000,90.286498,9.024624,0.013502,0.024624,1,0.000000,,,,,,
1780475570.882764,LASER_TRIGGER,159,40,,,31.000000,9.000000,90.300000,9.000000,90.286498,9.024624,0.013502,0.024624,1,0.000000,0,,sddm,,,
1780475572.986494,GIMBAL_CMD,160,40,90.268839,8.897190,31.000000,9.000000,,,90.268839,8.897190,,,,,,,,,,
1780475573.234908,GIMBAL_CMD_SEND,160,40,,,,,,,90.268839,8.897190,,,,,,,,,,
1780475573.527809,GIMBAL_CMD,161,40,90.113177,8.718722,31.000000,9.000000,,,90.113177,8.718722,,,,,,,,,,
1780475573.234908,GIMBAL_ATT,160,40,,,31.000000,9.000000,90.300000,9.000000,90.268839,8.897190,0.031161,0.102810,,,,,,,,
1780475573.234908,GIMBAL_SETTLED,160,40,,,31.000000,9.000000,90.300000,9.000000,90.268839,8.897190,0.031161,0.102810,1,0.000000,,,,,,
1780475573.563667,LASER_TRIGGER,160,40,,,31.000000,9.000000,90.300000,9.000000,90.268839,8.897190,0.031161,0.102810,1,0.000000,0,,sddm,,,
1780475573.563667,GIMBAL_CMD_SEND,161,40,,,,,,,90.113177,8.718722,,,,,,,,,,
1780475573.563667,GIMBAL_ATT,161,40,,,31.000000,9.000000,90.300000,9.000000,90.113177,8.718722,0.186823,0.281278,,,,,,,,
1780475573.563667,GIMBAL_SETTLED,161,40,,,31.000000,9.000000,90.300000,9.000000,90.113177,8.718722,0.186823,0.281278,1,0.000000,,,,,,
1780475573.970738,LASER_TRIGGER,161,40,,,31.000000,9.000000,90.300000,9.000000,90.113177,8.718722,0.186823,0.281278,1,0.000000,0,,sddm,,,
1780475579.090700,GIMBAL_CMD,162,40,89.976635,8.559760,30.900000,8.800000,,,89.976635,8.559760,,,,,,,,,,
1780475579.091205,GIMBAL_CMD_SEND,162,40,,,,,,,89.976635,8.559760,,,,,,,,,,
1780475579.091510,GIMBAL_ATT,162,40,,,30.900000,8.800000,90.200000,8.800000,89.976635,8.559760,0.223365,0.240240,,,,,,,,
1780475579.091510,GIMBAL_SETTLED,162,40,,,30.900000,8.800000,90.200000,8.800000,89.976635,8.559760,0.223365,0.240240,1,0.000305,,,,,,
1780475579.447295,LASER_TRIGGER,162,40,,,30.900000,8.800000,90.200000,8.800000,89.976635,8.559760,0.223365,0.240240,1,0.000305,0,,sddm,,,
1780475583.725775,GIMBAL_CMD,163,40,89.935840,8.423857,30.600000,8.800000,,,89.935840,8.423857,,,,,,,,,,
1780475583.761211,GIMBAL_CMD_SEND,163,40,,,,,,,89.935840,8.423857,,,,,,,,,,
1780475583.761211,GIMBAL_ATT,163,40,,,30.600000,8.800000,89.900000,8.800000,89.935840,8.423857,0.035840,0.376143,,,,,,,,
1780475584.092590,GIMBAL_ATT,163,40,,,30.600000,8.400000,89.900000,8.400000,89.935840,8.423857,0.035840,0.023857,,,,,,,,
1780475584.092590,GIMBAL_SETTLED,163,40,,,30.600000,8.400000,89.900000,8.400000,89.935840,8.423857,0.035840,0.023857,1,0.331378,,,,,,
1780475584.385471,LASER_TRIGGER,163,40,,,30.600000,8.400000,89.900000,8.400000,89.935840,8.423857,0.035840,0.023857,1,0.331378,0,,sddm,,,
1780475584.952727,GIMBAL_CMD,164,40,89.795624,8.285262,30.600000,8.400000,,,89.795624,8.285262,,,,,,,,,,
1780475585.169706,GIMBAL_CMD_SEND,164,40,,,,,,,89.795624,8.285262,,,,,,,,,,
1780475585.169706,GIMBAL_ATT,164,40,,,30.600000,8.400000,89.900000,8.400000,89.795624,8.285262,0.104376,0.114738,,,,,,,,
1780475585.169706,GIMBAL_SETTLED,164,40,,,30.600000,8.400000,89.900000,8.400000,89.795624,8.285262,0.104376,0.114738,1,0.000000,,,,,,
1780475585.452268,LASER_TRIGGER,164,40,,,30.600000,8.400000,89.900000,8.400000,89.795624,8.285262,0.104376,0.114738,1,0.000000,0,,sddm,,,
1780475594.812288,GIMBAL_CMD,165,40,89.716465,8.162098,30.600000,8.400000,,,89.716465,8.162098,,,,,,,,,,
1780475594.863841,GIMBAL_CMD_SEND,165,40,,,,,,,89.716465,8.162098,,,,,,,,,,
1780475594.904385,GIMBAL_ATT,165,40,,,30.600000,8.300000,89.900000,8.300000,89.716465,8.162098,0.183535,0.137902,,,,,,,,
1780475594.904385,GIMBAL_SETTLED,165,40,,,30.600000,8.300000,89.900000,8.300000,89.716465,8.162098,0.183535,0.137902,1,0.040544,,,,,,
1780475595.190411,LASER_TRIGGER,165,40,,,30.600000,8.300000,89.900000,8.300000,89.716465,8.162098,0.183535,0.137902,1,0.040544,0,,sddm,,,
1780475610.182295,GIMBAL_CMD,166,40,89.541203,7.922692,30.400000,8.200000,,,89.541203,7.922692,,,,,,,,,,
1780475610.182295,GIMBAL_CMD_SEND,166,40,,,,,,,89.541203,7.922692,,,,,,,,,,
1780475610.183063,GIMBAL_ATT,166,40,,,30.400000,8.200000,89.700000,8.200000,89.541203,7.922692,0.158797,0.277308,,,,,,,,
1780475610.183063,GIMBAL_SETTLED,166,40,,,30.400000,8.200000,89.700000,8.200000,89.541203,7.922692,0.158797,0.277308,1,0.000769,,,,,,
1780475610.595819,LASER_TRIGGER,166,40,,,30.400000,8.200000,89.700000,8.200000,89.541203,7.922692,0.158797,0.277308,1,0.000769,0,,sddm,,,
1780475627.832582,GIMBAL_CMD,167,40,89.355724,7.642673,30.400000,7.900000,,,89.355724,7.642673,,,,,,,,,,
1780475627.863591,GIMBAL_CMD_SEND,167,40,,,,,,,89.355724,7.642673,,,,,,,,,,
1780475627.904536,GIMBAL_ATT,167,40,,,30.400000,7.800000,89.700000,7.800000,89.355724,7.642673,0.344276,0.157327,,,,,,,,
1780475628.230196,GIMBAL_ATT,167,40,,,30.000000,7.700000,89.300000,7.700000,89.355724,7.642673,0.055724,0.057327,,,,,,,,
1780475628.230196,GIMBAL_SETTLED,167,40,,,30.000000,7.700000,89.300000,7.700000,89.355724,7.642673,0.055724,0.057327,1,0.366605,,,,,,
1780475628.524632,LASER_TRIGGER,167,40,,,30.000000,7.700000,89.300000,7.700000,89.355724,7.642673,0.055724,0.057327,1,0.366605,0,,sddm,,,
1780475664.047069,GIMBAL_CMD,168,40,89.068678,7.280037,30.000000,7.700000,,,89.068678,7.280037,,,,,,,,,,
1780475664.236040,GIMBAL_CMD_SEND,168,40,,,,,,,89.068678,7.280037,,,,,,,,,,
1780475664.276757,GIMBAL_ATT,168,40,,,30.000000,7.600000,89.300000,7.600000,89.068678,7.280037,0.231322,0.319963,,,,,,,,
1780475664.587937,GIMBAL_ATT,168,40,,,29.600000,7.200000,88.900000,7.200000,89.068678,7.280037,0.168678,0.080037,,,,,,,,
1780475664.587937,GIMBAL_SETTLED,168,40,,,29.600000,7.200000,88.900000,7.200000,89.068678,7.280037,0.168678,0.080037,1,0.351897,,,,,,
1780475664.882554,LASER_TRIGGER,168,40,,,29.600000,7.200000,88.900000,7.200000,89.068678,7.280037,0.168678,0.080037,1,0.351897,0,,sddm,,,
1780475747.708688,GIMBAL_CMD,169,41,89.169798,7.430625,29.600000,7.200000,,,89.169798,7.430625,,,,,,,,,,
1780475747.723445,GIMBAL_CMD_SEND,169,41,,,,,,,89.169798,7.430625,,,,,,,,,,
1780475747.723445,GIMBAL_ATT,169,41,,,29.600000,7.200000,88.900000,7.200000,89.169798,7.430625,0.269798,0.230625,,,,,,,,
1780475747.723445,GIMBAL_SETTLED,169,41,,,29.600000,7.200000,88.900000,7.200000,89.169798,7.430625,0.269798,0.230625,1,0.000000,,,,,,
1780475748.003638,LASER_TRIGGER,169,41,,,29.600000,7.200000,88.900000,7.200000,89.169798,7.430625,0.269798,0.230625,1,0.000000,0,,sddm,,,
1780475783.479753,GIMBAL_CMD,170,42,90.171793,8.769932,29.600000,7.200000,,,90.171793,8.769932,,,,,,,,,,
1780475783.696941,GIMBAL_CMD_SEND,170,42,,,,,,,90.171793,8.769932,,,,,,,,,,
1780475783.737279,GIMBAL_ATT,170,42,,,30.700000,7.300000,90.000000,7.300000,90.171793,8.769932,0.171793,1.469932,,,,,,,,
1780475783.965634,GIMBAL_ATT,170,42,,,30.700000,7.300000,90.000000,7.300000,90.171793,8.769932,0.171793,1.469932,,,,,,,,
1780475784.423965,GIMBAL_ATT,170,42,,,30.700000,8.700000,90.000000,8.700000,90.171793,8.769932,0.171793,0.069932,,,,,,,,
1780475784.423965,GIMBAL_SETTLED,170,42,,,30.700000,8.700000,90.000000,8.700000,90.171793,8.769932,0.171793,0.069932,1,0.727023,,,,,,
1780475784.704460,LASER_TRIGGER,170,42,,,30.700000,8.700000,90.000000,8.700000,90.171793,8.769932,0.171793,0.069932,1,0.727023,0,,sddm,,,
1780475786.337831,GIMBAL_CMD,171,42,90.307559,8.956679,30.700000,8.700000,,,90.307559,8.956679,,,,,,,,,,
1780475786.337831,GIMBAL_CMD_SEND,171,42,,,,,,,90.307559,8.956679,,,,,,,,,,
1780475786.337831,GIMBAL_ATT,171,42,,,30.700000,8.700000,90.000000,8.700000,90.307559,8.956679,0.307559,0.256679,,,,,,,,
1780475786.642374,GIMBAL_ATT,171,42,,,30.700000,8.700000,90.000000,8.700000,90.307559,8.956679,0.307559,0.256679,,,,,,,,
1780475786.958783,GIMBAL_ATT,171,42,,,30.700000,8.700000,90.000000,8.700000,90.307559,8.956679,0.307559,0.256679,,,,,,,,
1780475787.271574,GIMBAL_ATT,171,42,,,30.700000,8.700000,90.000000,8.700000,90.307559,8.956679,0.307559,0.256679,,,,,,,,
1780475787.583790,GIMBAL_ATT,171,42,,,30.700000,8.700000,90.000000,8.700000,90.307559,8.956679,0.307559,0.256679,,,,,,,,
1780475787.895639,GIMBAL_ATT,171,42,,,30.700000,8.700000,90.000000,8.700000,90.307559,8.956679,0.307559,0.256679,,,,,,,,
1780475788.209777,GIMBAL_ATT,171,42,,,30.700000,8.700000,90.000000,8.700000,90.307559,8.956679,0.307559,0.256679,,,,,,,,
1780475788.521234,GIMBAL_ATT,171,42,,,30.700000,8.700000,90.000000,8.700000,90.307559,8.956679,0.307559,0.256679,,,,,,,,
1780475788.819237,GIMBAL_ATT,171,42,,,30.700000,8.700000,90.000000,8.700000,90.307559,8.956679,0.307559,0.256679,,,,,,,,
1780475789.120348,GIMBAL_ATT,171,42,,,30.700000,8.700000,90.000000,8.700000,90.307559,8.956679,0.307559,0.256679,,,,,,,,
1780475789.120348,GIMBAL_TIMEOUT,171,42,,,,,,,90.307559,8.956679,0.307559,0.256679,0,2.782517,,,,,,
1780475814.986472,GIMBAL_CMD,172,42,93.060442,12.883868,30.700000,8.700000,,,93.060442,12.883868,,,,,,,,,,
1780475815.261980,GIMBAL_CMD_SEND,172,42,,,,,,,93.060442,12.883868,,,,,,,,,,
1780475815.579386,GIMBAL_CMD,173,42,93.421349,13.511777,30.700000,8.700000,,,93.421349,13.511777,,,,,,,,,,
1780475815.303174,GIMBAL_ATT,172,42,,,31.700000,8.800000,91.000000,8.800000,93.060442,12.883868,2.060442,4.083868,,,,,,,,
1780475815.610221,GIMBAL_CMD_PREEMPT,173,42,,,,,,,93.421349,12.883868,0.360907,0.627909,,,,,,,,
1780475815.610221,GIMBAL_ATT,173,42,,,31.700000,10.100000,91.000000,10.100000,93.421349,12.883868,2.421349,2.783868,,,,,,,,
1780475815.973150,GIMBAL_ATT,173,42,,,31.700000,12.800000,91.000000,12.800000,93.421349,12.883868,2.421349,0.083868,,,,,,,,
1780475816.318739,GIMBAL_ATT,173,42,,,34.100000,12.900000,93.400000,12.900000,93.421349,12.883868,0.021349,0.016132,,,,,,,,
1780475816.318739,GIMBAL_SETTLED,173,42,,,34.100000,12.900000,93.400000,12.900000,93.421349,12.883868,0.021349,0.016132,1,0.708517,,,,,,
1780475816.609931,LASER_TRIGGER,173,42,,,34.100000,12.900000,93.400000,12.900000,93.421349,12.883868,0.021349,0.016132,1,0.708517,0,,sddm,,,
1780475816.979548,GIMBAL_CMD,174,42,92.379023,15.647635,34.100000,12.900000,,,92.379023,15.647635,,,,,,,,,,
1780475817.003194,GIMBAL_CMD_SEND,174,42,,,,,,,92.379023,15.647635,,,,,,,,,,
1780475817.043940,GIMBAL_ATT,174,42,,,33.100000,13.000000,92.400000,13.000000,92.379023,15.647635,0.020977,2.647635,,,,,,,,
1780475817.418944,GIMBAL_CMD,175,42,92.232313,16.230516,33.100000,13.000000,,,92.232313,16.230516,,,,,,,,,,
1780475817.271106,GIMBAL_ATT,174,42,,,33.100000,13.000000,92.400000,13.000000,92.379023,15.647635,0.020977,2.647635,,,,,,,,
1780475817.588746,GIMBAL_ATT,174,42,,,33.100000,13.000000,92.400000,13.000000,92.379023,15.647635,0.020977,2.647635,,,,,,,,
1780475817.987002,GIMBAL_CMD,176,42,92.419859,16.715701,33.100000,13.000000,,,92.419859,16.715701,,,,,,,,,,
1780475817.904296,GIMBAL_ATT,174,42,,,33.100000,15.700000,92.400000,15.700000,92.379023,15.647635,0.020977,0.052365,,,,,,,,
1780475817.904296,GIMBAL_SETTLED,174,42,,,33.100000,15.700000,92.400000,15.700000,92.379023,15.647635,0.020977,0.052365,1,0.901102,,,,,,
1780475818.199049,LASER_TRIGGER,174,42,,,33.100000,15.700000,92.400000,15.700000,92.379023,15.647635,0.020977,0.052365,1,0.901102,0,,sddm,,,
1780475818.199049,GIMBAL_CMD_SEND,176,42,,,,,,,92.419859,16.715701,,,,,,,,,,
1780475818.199049,GIMBAL_ATT,176,42,,,33.100000,15.700000,92.400000,15.700000,92.419859,16.715701,0.019859,1.015701,,,,,,,,
1780475818.515972,GIMBAL_ATT,176,42,,,33.100000,16.700000,92.400000,16.700000,92.419859,16.715701,0.019859,0.015701,,,,,,,,
1780475818.515972,GIMBAL_SETTLED,176,42,,,33.100000,16.700000,92.400000,16.700000,92.419859,16.715701,0.019859,0.015701,1,0.316923,,,,,,
1780475818.838331,LASER_TRIGGER,176,42,,,33.100000,16.700000,92.400000,16.700000,92.419859,16.715701,0.019859,0.015701,1,0.316923,0,,sddm,,,
1780475819.394770,GIMBAL_CMD,177,42,92.913672,15.503224,33.100000,16.800000,,,92.913672,15.503224,,,,,,,,,,
1780475819.619010,GIMBAL_CMD_SEND,177,42,,,,,,,92.913672,15.503224,,,,,,,,,,
1780475819.659361,GIMBAL_ATT,177,42,,,33.100000,16.700000,92.400000,16.700000,92.913672,15.503224,0.513672,1.196776,,,,,,,,
1780475820.038091,GIMBAL_ATT,177,42,,,33.500000,16.700000,92.800000,16.700000,92.913672,15.503224,0.113672,1.196776,,,,,,,,
1780475820.450184,GIMBAL_ATT,177,42,,,33.500000,15.500000,92.800000,15.500000,92.913672,15.503224,0.113672,0.003224,,,,,,,,
1780475820.450184,GIMBAL_SETTLED,177,42,,,33.500000,15.500000,92.800000,15.500000,92.913672,15.503224,0.113672,0.003224,1,0.831174,,,,,,
1780475820.743156,LASER_TRIGGER,177,42,,,33.500000,15.500000,92.800000,15.500000,92.913672,15.503224,0.113672,0.003224,1,0.831174,0,,sddm,,,
1780475821.147627,GIMBAL_CMD,178,42,96.387846,13.848669,33.500000,15.500000,,,96.387846,13.848669,,,,,,,,,,
1780475821.148131,GIMBAL_CMD_SEND,178,42,,,,,,,96.387846,13.848669,,,,,,,,,,
1780475821.188681,GIMBAL_ATT,178,42,,,34.500000,15.400000,93.800000,15.400000,96.387846,13.848669,2.587846,1.551331,,,,,,,,
1780475821.496413,GIMBAL_ATT,178,42,,,34.500000,14.200000,93.800000,14.200000,96.387846,13.848669,2.587846,0.351331,,,,,,,,
1780475821.793877,GIMBAL_ATT,178,42,,,37.000000,13.800000,96.300000,13.800000,96.387846,13.848669,0.087846,0.048669,,,,,,,,
1780475821.793877,GIMBAL_SETTLED,178,42,,,37.000000,13.800000,96.300000,13.800000,96.387846,13.848669,0.087846,0.048669,1,0.645746,,,,,,
1780475822.086406,LASER_TRIGGER,178,42,,,37.000000,13.800000,96.300000,13.800000,96.387846,13.848669,0.087846,0.048669,1,0.645746,0,,sddm,,,
1780475828.975685,GIMBAL_CMD,179,42,100.513586,12.415735,37.000000,13.800000,,,100.513586,12.415735,,,,,,,,,,
1780475829.141160,GIMBAL_CMD_SEND,179,42,,,,,,,100.513586,12.415735,,,,,,,,,,
1780475829.182249,GIMBAL_ATT,179,42,,,38.000000,13.800000,97.300000,13.800000,100.513586,12.415735,3.213586,1.384265,,,,,,,,
1780475829.653691,GIMBAL_CMD,180,42,99.902871,12.438544,38.000000,13.800000,,,99.902871,12.438544,,,,,,,,,,
1780475829.490333,GIMBAL_ATT,179,42,,,38.000000,12.600000,97.300000,12.600000,100.513586,12.415735,3.213586,0.184265,,,,,,,,
1780475829.788079,GIMBAL_CMD_PREEMPT,180,42,,,,,,,99.902871,12.415735,0.610715,0.022810,,,,,,,,
1780475830.107418,GIMBAL_CMD,181,42,99.573166,12.483920,38.000000,12.600000,,,99.573166,12.483920,,,,,,,,,,
1780475829.788079,GIMBAL_ATT,180,42,,,38.000000,12.400000,97.300000,12.400000,99.902871,12.415735,2.602871,0.015735,,,,,,,,
1780475830.194753,GIMBAL_CMD_PREEMPT,181,42,,,,,,,99.573166,12.415735,0.329705,0.068185,,,,,,,,
1780475830.377375,GIMBAL_CMD,182,42,99.155497,12.458683,38.000000,12.400000,,,99.155497,12.458683,,,,,,,,,,
1780475830.194753,GIMBAL_ATT,181,42,,,38.000000,12.400000,97.300000,12.400000,99.573166,12.415735,2.273166,0.015735,,,,,,,,
1780475830.589206,GIMBAL_CMD_PREEMPT,182,42,,,,,,,99.155497,12.415735,0.417669,0.042949,,,,,,,,
1780475830.589206,GIMBAL_ATT,182,42,,,38.000000,12.400000,97.300000,12.400000,99.155497,12.415735,1.855497,0.015735,,,,,,,,
1780475831.165037,GIMBAL_CMD,183,42,98.410801,12.412127,38.000000,12.400000,,,98.410801,12.412127,,,,,,,,,,
1780475830.977277,GIMBAL_ATT,182,42,,,39.700000,12.400000,99.000000,12.400000,99.155497,12.415735,0.155497,0.015735,,,,,,,,
1780475830.977277,GIMBAL_SETTLED,182,42,,,39.700000,12.400000,99.000000,12.400000,99.155497,12.415735,0.155497,0.015735,1,0.388071,,,,,,
1780475831.268464,LASER_TRIGGER,182,42,,,39.700000,12.400000,99.000000,12.400000,99.155497,12.415735,0.155497,0.015735,1,0.388071,0,,sddm,,,
1780475831.268464,GIMBAL_CMD_SEND,183,42,,,,,,,98.410801,12.412127,,,,,,,,,,
1780475831.268887,GIMBAL_ATT,183,42,,,39.700000,12.400000,99.000000,12.400000,98.410801,12.412127,0.589199,0.012127,,,,,,,,
1780475831.696903,GIMBAL_ATT,183,42,,,39.100000,12.400000,98.400000,12.400000,98.410801,12.412127,0.010801,0.012127,,,,,,,,
1780475831.696903,GIMBAL_SETTLED,183,42,,,39.100000,12.400000,98.400000,12.400000,98.410801,12.412127,0.010801,0.012127,1,0.428439,,,,,,
1780475831.978265,LASER_TRIGGER,183,42,,,39.100000,12.400000,98.400000,12.400000,98.410801,12.412127,0.010801,0.012127,1,0.428439,0,,sddm,,,
1780475854.615023,GIMBAL_CMD,184,43,94.510416,11.484912,39.100000,12.400000,,,94.510416,11.484912,,,,,,,,,,
1780475854.730755,GIMBAL_CMD_SEND,184,43,,,,,,,94.510416,11.484912,,,,,,,,,,
1780475854.771674,GIMBAL_ATT,184,43,,,38.000000,12.400000,97.300000,12.400000,94.510416,11.484912,2.789584,0.915088,,,,,,,,
1780475855.261916,GIMBAL_CMD,185,43,94.375601,11.276921,38.000000,12.400000,,,94.375601,11.276921,,,,,,,,,,
1780475855.078582,GIMBAL_ATT,184,43,,,38.000000,12.400000,97.300000,12.400000,94.510416,11.484912,2.789584,0.915088,,,,,,,,
1780475855.473936,GIMBAL_ATT,184,43,,,35.200000,11.500000,94.500000,11.500000,94.510416,11.484912,0.010416,0.015088,,,,,,,,
1780475855.473936,GIMBAL_SETTLED,184,43,,,35.200000,11.500000,94.500000,11.500000,94.510416,11.484912,0.010416,0.015088,1,0.743181,,,,,,
1780475855.776756,LASER_TRIGGER,184,43,,,35.200000,11.500000,94.500000,11.500000,94.510416,11.484912,0.010416,0.015088,1,0.743181,0,,sddm,,,
1780475856.440063,GIMBAL_CMD,186,43,94.263856,11.121338,35.200000,11.500000,,,94.263856,11.121338,,,,,,,,,,
1780475856.559064,GIMBAL_CMD_SEND,186,43,,,,,,,94.263856,11.121338,,,,,,,,,,
1780475856.599542,GIMBAL_ATT,186,43,,,35.200000,11.400000,94.500000,11.400000,94.263856,11.121338,0.236144,0.278662,,,,,,,,
1780475856.599542,GIMBAL_SETTLED,186,43,,,35.200000,11.400000,94.500000,11.400000,94.263856,11.121338,0.236144,0.278662,1,0.040478,,,,,,
1780475856.903273,LASER_TRIGGER,186,43,,,35.200000,11.400000,94.500000,11.400000,94.263856,11.121338,0.236144,0.278662,1,0.040478,0,,sddm,,,
1780475858.845617,GIMBAL_CMD,187,43,94.494234,11.195160,34.800000,11.100000,,,94.494234,11.195160,,,,,,,,,,
1780475858.860906,GIMBAL_CMD_SEND,187,43,,,,,,,94.494234,11.195160,,,,,,,,,,
1780475858.860906,GIMBAL_ATT,187,43,,,34.800000,11.100000,94.100000,11.100000,94.494234,11.195160,0.394234,0.095160,,,,,,,,
1780475859.208639,GIMBAL_ATT,187,43,,,35.000000,11.100000,94.300000,11.100000,94.494234,11.195160,0.194234,0.095160,,,,,,,,
1780475859.208639,GIMBAL_SETTLED,187,43,,,35.000000,11.100000,94.300000,11.100000,94.494234,11.195160,0.194234,0.095160,1,0.347733,,,,,,
1780475859.499493,LASER_TRIGGER,187,43,,,35.000000,11.100000,94.300000,11.100000,94.494234,11.195160,0.194234,0.095160,1,0.347733,0,,sddm,,,
1780475860.211387,GIMBAL_CMD,188,43,94.752705,11.336165,35.000000,11.100000,,,94.752705,11.336165,,,,,,,,,,
1780475860.281016,GIMBAL_CMD_SEND,188,43,,,,,,,94.752705,11.336165,,,,,,,,,,
1780475860.321725,GIMBAL_ATT,188,43,,,35.000000,11.200000,94.300000,11.200000,94.752705,11.336165,0.452705,0.136165,,,,,,,,
1780475860.645426,GIMBAL_ATT,188,43,,,35.300000,11.300000,94.600000,11.300000,94.752705,11.336165,0.152705,0.036165,,,,,,,,
1780475860.645426,GIMBAL_SETTLED,188,43,,,35.300000,11.300000,94.600000,11.300000,94.752705,11.336165,0.152705,0.036165,1,0.364409,,,,,,
1780475860.938667,LASER_TRIGGER,188,43,,,35.300000,11.300000,94.600000,11.300000,94.752705,11.336165,0.152705,0.036165,1,0.364409,0,,sddm,,,
1780475861.522138,GIMBAL_CMD,189,43,94.986617,11.413964,35.300000,11.300000,,,94.986617,11.413964,,,,,,,,,,
1780475861.720496,GIMBAL_CMD_SEND,189,43,,,,,,,94.986617,11.413964,,,,,,,,,,
1780475861.720496,GIMBAL_ATT,189,43,,,35.300000,11.300000,94.600000,11.300000,94.986617,11.413964,0.386617,0.113964,,,,,,,,
1780475862.068787,GIMBAL_ATT,189,43,,,35.600000,11.300000,94.900000,11.300000,94.986617,11.413964,0.086617,0.113964,,,,,,,,
1780475862.068787,GIMBAL_SETTLED,189,43,,,35.600000,11.300000,94.900000,11.300000,94.986617,11.413964,0.086617,0.113964,1,0.348291,,,,,,
1780475862.358673,LASER_TRIGGER,189,43,,,35.600000,11.300000,94.900000,11.300000,94.986617,11.413964,0.086617,0.113964,1,0.348291,0,,sddm,,,
1780475868.937697,GIMBAL_CMD,190,43,94.813052,11.645852,35.600000,11.300000,,,94.813052,11.645852,,,,,,,,,,
1780475869.017355,GIMBAL_CMD_SEND,190,43,,,,,,,94.813052,11.645852,,,,,,,,,,
1780475869.017491,GIMBAL_ATT,190,43,,,35.600000,11.400000,94.900000,11.400000,94.813052,11.645852,0.086948,0.245852,,,,,,,,
1780475869.017491,GIMBAL_SETTLED,190,43,,,35.600000,11.400000,94.900000,11.400000,94.813052,11.645852,0.086948,0.245852,1,0.000136,,,,,,
1780475869.216242,LASER_TRIGGER,190,43,,,35.600000,11.400000,94.900000,11.400000,94.813052,11.645852,0.086948,0.245852,1,0.000136,0,,sddm,,,
1780475869.486241,GIMBAL_CMD,191,43,94.811992,11.874760,35.600000,11.400000,,,94.811992,11.874760,,,,,,,,,,
1780475869.612562,GIMBAL_CMD_SEND,191,43,,,,,,,94.811992,11.874760,,,,,,,,,,
1780475869.612562,GIMBAL_ATT,191,43,,,35.600000,11.600000,94.900000,11.600000,94.811992,11.874760,0.088008,0.274760,,,,,,,,
1780475869.612562,GIMBAL_SETTLED,191,43,,,35.600000,11.600000,94.900000,11.600000,94.811992,11.874760,0.088008,0.274760,1,0.000000,,,,,,
1780475870.005417,LASER_TRIGGER,191,43,,,35.600000,11.600000,94.900000,11.600000,94.811992,11.874760,0.088008,0.274760,1,0.000000,0,,sddm,,,
1780475870.095132,GIMBAL_CMD,192,43,94.796123,12.203919,35.600000,11.600000,,,94.796123,12.203919,,,,,,,,,,
1780475870.095132,GIMBAL_CMD_SEND,192,43,,,,,,,94.796123,12.203919,,,,,,,,,,
1780475870.095733,GIMBAL_ATT,192,43,,,35.600000,11.900000,94.900000,11.900000,94.796123,12.203919,0.103877,0.303919,,,,,,,,
1780475870.354703,GIMBAL_CMD,193,43,94.787354,12.340822,35.600000,11.900000,,,94.787354,12.340822,,,,,,,,,,
1780475870.333993,GIMBAL_ATT,192,43,,,35.600000,11.900000,94.900000,11.900000,94.796123,12.203919,0.103877,0.303919,,,,,,,,
1780475870.638037,GIMBAL_ATT,192,43,,,35.600000,12.300000,94.900000,12.300000,94.796123,12.203919,0.103877,0.096081,,,,,,,,
1780475870.638037,GIMBAL_SETTLED,192,43,,,35.600000,12.300000,94.900000,12.300000,94.796123,12.203919,0.103877,0.096081,1,0.542905,,,,,,
1780475870.928725,LASER_TRIGGER,192,43,,,35.600000,12.300000,94.900000,12.300000,94.796123,12.203919,0.103877,0.096081,1,0.542905,0,,sddm,,,
1780475872.875444,GIMBAL_CMD,194,43,91.683684,14.814827,35.600000,12.300000,,,91.683684,14.814827,,,,,,,,,,
1780475872.892039,GIMBAL_CMD_SEND,194,43,,,,,,,91.683684,14.814827,,,,,,,,,,
1780475872.932569,GIMBAL_ATT,194,43,,,34.500000,12.400000,93.800000,12.400000,91.683684,14.814827,2.116316,2.414827,,,,,,,,
1780475873.240457,GIMBAL_ATT,194,43,,,34.500000,13.600000,93.800000,13.600000,91.683684,14.814827,2.116316,1.214827,,,,,,,,
1780475873.512189,GIMBAL_ATT,194,43,,,32.300000,13.600000,91.600000,13.600000,91.683684,14.814827,0.083684,1.214827,,,,,,,,
1780475873.935196,GIMBAL_ATT,194,43,,,32.300000,14.800000,91.600000,14.800000,91.683684,14.814827,0.083684,0.014827,,,,,,,,
1780475873.935196,GIMBAL_SETTLED,194,43,,,32.300000,14.800000,91.600000,14.800000,91.683684,14.814827,0.083684,0.014827,1,1.043157,,,,,,
1780475874.228739,LASER_TRIGGER,194,43,,,32.300000,14.800000,91.600000,14.800000,91.683684,14.814827,0.083684,0.014827,1,1.043157,0,,sddm,,,
1780475886.369493,GIMBAL_CMD,195,44,91.140805,15.746752,32.300000,14.800000,,,91.140805,15.746752,,,,,,,,,,
1780475886.395141,GIMBAL_CMD_SEND,195,44,,,,,,,91.140805,15.746752,,,,,,,,,,
1780475886.436279,GIMBAL_ATT,195,44,,,32.300000,14.900000,91.600000,14.900000,91.140805,15.746752,0.459195,0.846752,,,,,,,,
1780475886.738438,GIMBAL_ATT,195,44,,,31.800000,14.900000,91.100000,14.900000,91.140805,15.746752,0.040805,0.846752,,,,,,,,
1780475887.045875,GIMBAL_ATT,195,44,,,31.800000,15.800000,91.100000,15.800000,91.140805,15.746752,0.040805,0.053248,,,,,,,,
1780475887.045875,GIMBAL_SETTLED,195,44,,,31.800000,15.800000,91.100000,15.800000,91.140805,15.746752,0.040805,0.053248,1,0.650733,,,,,,
1780475887.339705,LASER_TRIGGER,195,44,,,31.800000,15.800000,91.100000,15.800000,91.140805,15.746752,0.040805,0.053248,1,0.650733,0,,sddm,,,
1780475892.265371,GIMBAL_CMD,196,44,91.179855,17.254626,31.800000,15.800000,,,91.179855,17.254626,,,,,,,,,,
1780475892.427094,GIMBAL_CMD_SEND,196,44,,,,,,,91.179855,17.254626,,,,,,,,,,
1780475892.427479,GIMBAL_ATT,196,44,,,31.800000,15.800000,91.100000,15.800000,91.179855,17.254626,0.079855,1.454626,,,,,,,,
1780475892.743690,GIMBAL_ATT,196,44,,,31.800000,16.900000,91.100000,16.900000,91.179855,17.254626,0.079855,0.354626,,,,,,,,
1780475893.119645,GIMBAL_ATT,196,44,,,31.800000,17.200000,91.100000,17.200000,91.179855,17.254626,0.079855,0.054626,,,,,,,,
1780475893.119645,GIMBAL_SETTLED,196,44,,,31.800000,17.200000,91.100000,17.200000,91.179855,17.254626,0.079855,0.054626,1,0.692551,,,,,,
1780475893.412273,LASER_TRIGGER,196,44,,,31.800000,17.200000,91.100000,17.200000,91.179855,17.254626,0.079855,0.054626,1,0.692551,0,,sddm,,,
1780475895.570357,GIMBAL_CMD,197,44,91.168592,17.118452,31.800000,17.200000,,,91.168592,17.118452,,,,,,,,,,
1780475895.765872,GIMBAL_CMD_SEND,197,44,,,,,,,91.168592,17.118452,,,,,,,,,,
1780475895.765872,GIMBAL_ATT,197,44,,,31.800000,17.200000,91.100000,17.200000,91.168592,17.118452,0.068592,0.081548,,,,,,,,
1780475895.765872,GIMBAL_SETTLED,197,44,,,31.800000,17.200000,91.100000,17.200000,91.168592,17.118452,0.068592,0.081548,1,0.000000,,,,,,
1780475896.050398,LASER_TRIGGER,197,44,,,31.800000,17.200000,91.100000,17.200000,91.168592,17.118452,0.068592,0.081548,1,0.000000,0,,sddm,,,
1780475897.682213,GIMBAL_CMD,198,44,91.236731,16.995301,31.800000,17.200000,,,91.236731,16.995301,,,,,,,,,,
1780475897.682213,GIMBAL_CMD_SEND,198,44,,,,,,,91.236731,16.995301,,,,,,,,,,
1780475897.682967,GIMBAL_ATT,198,44,,,31.800000,17.200000,91.100000,17.200000,91.236731,16.995301,0.136731,0.204699,,,,,,,,
1780475897.682967,GIMBAL_SETTLED,198,44,,,31.800000,17.200000,91.100000,17.200000,91.236731,16.995301,0.136731,0.204699,1,0.000754,,,,,,
1780475898.085991,LASER_TRIGGER,198,44,,,31.800000,17.200000,91.100000,17.200000,91.236731,16.995301,0.136731,0.204699,1,0.000754,0,,sddm,,,
1780475900.481958,GIMBAL_CMD,199,44,91.203918,17.226941,31.800000,17.000000,,,91.203918,17.226941,,,,,,,,,,
1780475900.482486,GIMBAL_CMD_SEND,199,44,,,,,,,91.203918,17.226941,,,,,,,,,,
1780475900.482789,GIMBAL_ATT,199,44,,,31.800000,17.000000,91.100000,17.000000,91.203918,17.226941,0.103918,0.226941,,,,,,,,
1780475900.482789,GIMBAL_SETTLED,199,44,,,31.800000,17.000000,91.100000,17.000000,91.203918,17.226941,0.103918,0.226941,1,0.000303,,,,,,
1780475900.889779,LASER_TRIGGER,199,44,,,31.800000,17.000000,91.100000,17.000000,91.203918,17.226941,0.103918,0.226941,1,0.000303,0,,sddm,,,
1780475901.010610,GIMBAL_CMD,200,44,91.188832,17.377154,31.800000,17.000000,,,91.188832,17.377154,,,,,,,,,,
1780475901.285195,GIMBAL_CMD_SEND,200,44,,,,,,,91.188832,17.377154,,,,,,,,,,
1780475901.285195,GIMBAL_ATT,200,44,,,31.800000,17.200000,91.100000,17.200000,91.188832,17.377154,0.088832,0.177154,,,,,,,,
1780475901.285195,GIMBAL_SETTLED,200,44,,,31.800000,17.200000,91.100000,17.200000,91.188832,17.377154,0.088832,0.177154,1,0.000000,,,,,,
1780475901.565409,LASER_TRIGGER,200,44,,,31.800000,17.200000,91.100000,17.200000,91.188832,17.377154,0.088832,0.177154,1,0.000000,0,,sddm,,,
1780475901.832710,GIMBAL_CMD,201,44,91.174884,17.645631,31.800000,17.200000,,,91.174884,17.645631,,,,,,,,,,
1780475901.959769,GIMBAL_CMD_SEND,201,44,,,,,,,91.174884,17.645631,,,,,,,,,,
1780475901.959769,GIMBAL_ATT,201,44,,,31.800000,17.200000,91.100000,17.200000,91.174884,17.645631,0.074884,0.445631,,,,,,,,
1780475902.195598,GIMBAL_ATT,201,44,,,31.800000,17.200000,91.100000,17.200000,91.174884,17.645631,0.074884,0.445631,,,,,,,,
1780475902.499198,GIMBAL_ATT,201,44,,,31.800000,17.600000,91.100000,17.600000,91.174884,17.645631,0.074884,0.045631,,,,,,,,
1780475902.499198,GIMBAL_SETTLED,201,44,,,31.800000,17.600000,91.100000,17.600000,91.174884,17.645631,0.074884,0.045631,1,0.539430,,,,,,
1780475902.789909,LASER_TRIGGER,201,44,,,31.800000,17.600000,91.100000,17.600000,91.174884,17.645631,0.074884,0.045631,1,0.539430,0,,sddm,,,
1780475905.016757,GIMBAL_CMD,202,44,91.213285,19.950145,31.800000,17.600000,,,91.213285,19.950145,,,,,,,,,,
1780475905.138117,GIMBAL_CMD_SEND,202,44,,,,,,,91.213285,19.950145,,,,,,,,,,
1780475905.138117,GIMBAL_ATT,202,44,,,31.800000,17.700000,91.100000,17.700000,91.213285,19.950145,0.113285,2.250145,,,,,,,,
1780475905.533446,GIMBAL_CMD,203,44,91.187213,20.105655,31.800000,17.700000,,,91.187213,20.105655,,,,,,,,,,
1780475905.455664,GIMBAL_ATT,202,44,,,31.800000,18.800000,91.100000,18.800000,91.213285,19.950145,0.113285,1.150145,,,,,,,,
1780475905.691927,GIMBAL_ATT,202,44,,,31.800000,18.800000,91.100000,18.800000,91.213285,19.950145,0.113285,1.150145,,,,,,,,
1780475906.004452,GIMBAL_ATT,202,44,,,31.800000,20.000000,91.100000,20.000000,91.213285,19.950145,0.113285,0.049855,,,,,,,,
1780475906.004452,GIMBAL_SETTLED,202,44,,,31.800000,20.000000,91.100000,20.000000,91.213285,19.950145,0.113285,0.049855,1,0.866334,,,,,,
1780475906.294201,LASER_TRIGGER,202,44,,,31.800000,20.000000,91.100000,20.000000,91.213285,19.950145,0.113285,0.049855,1,0.866334,0,,sddm,,,
1780475918.176548,GIMBAL_CMD,204,45,84.244034,16.748419,31.800000,20.000000,,,84.244034,16.748419,,,,,,,,,,
1780475918.427486,GIMBAL_CMD_SEND,204,45,,,,,,,84.244034,16.748419,,,,,,,,,,
1780475918.468336,GIMBAL_ATT,204,45,,,30.700000,19.900000,90.000000,19.900000,84.244034,16.748419,5.755966,3.151581,,,,,,,,
1780475918.779165,GIMBAL_ATT,204,45,,,25.700000,18.600000,85.000000,18.600000,84.244034,16.748419,0.755966,1.851581,,,,,,,,
1780475919.032920,GIMBAL_ATT,204,45,,,25.700000,18.600000,85.000000,18.600000,84.244034,16.748419,0.755966,1.851581,,,,,,,,
1780475919.388240,GIMBAL_ATT,204,45,,,24.800000,16.800000,84.100000,16.800000,84.244034,16.748419,0.144034,0.051581,,,,,,,,
1780475919.388240,GIMBAL_SETTLED,204,45,,,24.800000,16.800000,84.100000,16.800000,84.244034,16.748419,0.144034,0.051581,1,0.960753,,,,,,
1780475919.666932,LASER_TRIGGER,204,45,,,24.800000,16.800000,84.100000,16.800000,84.244034,16.748419,0.144034,0.051581,1,0.960753,0,,sddm,,,
1780475920.234268,GIMBAL_CMD,205,45,84.292347,16.118967,24.800000,16.800000,,,84.292347,16.118967,,,,,,,,,,
1780475920.450260,GIMBAL_CMD_SEND,205,45,,,,,,,84.292347,16.118967,,,,,,,,,,
1780475920.450260,GIMBAL_ATT,205,45,,,24.800000,16.800000,84.100000,16.800000,84.292347,16.118967,0.192347,0.681033,,,,,,,,
1780475920.783077,GIMBAL_CMD,206,45,84.304420,15.937963,24.800000,16.800000,,,84.304420,15.937963,,,,,,,,,,
1780475920.715032,GIMBAL_ATT,205,45,,,24.800000,16.800000,84.100000,16.800000,84.292347,16.118967,0.192347,0.681033,,,,,,,,
1780475921.020484,GIMBAL_ATT,205,45,,,24.800000,16.100000,84.100000,16.100000,84.292347,16.118967,0.192347,0.018967,,,,,,,,
1780475921.020484,GIMBAL_SETTLED,205,45,,,24.800000,16.100000,84.100000,16.100000,84.292347,16.118967,0.192347,0.018967,1,0.570224,,,,,,
1780475921.311782,LASER_TRIGGER,205,45,,,24.800000,16.100000,84.100000,16.100000,84.292347,16.118967,0.192347,0.018967,1,0.570224,0,,sddm,,,
1780475934.614352,GIMBAL_CMD,207,45,75.341417,14.600918,24.800000,16.100000,,,75.341417,14.600918,,,,,,,,,,
1780475934.675282,GIMBAL_CMD_SEND,207,45,,,,,,,75.341417,14.600918,,,,,,,,,,
1780475934.715732,GIMBAL_ATT,207,45,,,23.800000,16.000000,83.100000,16.000000,75.341417,14.600918,7.758583,1.399082,,,,,,,,
1780475935.024305,GIMBAL_ATT,207,45,,,23.800000,14.800000,83.100000,14.800000,75.341417,14.600918,7.758583,0.199082,,,,,,,,
1780475935.395144,GIMBAL_ATT,207,45,,,15.900000,14.800000,75.200000,14.800000,75.341417,14.600918,0.141417,0.199082,,,,,,,,
1780475935.395144,GIMBAL_SETTLED,207,45,,,15.900000,14.800000,75.200000,14.800000,75.341417,14.600918,0.141417,0.199082,1,0.719862,,,,,,
1780475935.790777,LASER_TRIGGER,207,45,,,15.900000,14.800000,75.200000,14.800000,75.341417,14.600918,0.141417,0.199082,1,0.719862,0,,sddm,,,
1780475937.923592,GIMBAL_CMD,208,45,66.872233,16.393630,15.900000,14.600000,,,66.872233,16.393630,,,,,,,,,,
1780475938.139791,GIMBAL_CMD_SEND,208,45,,,,,,,66.872233,16.393630,,,,,,,,,,
1780475938.180542,GIMBAL_ATT,208,45,,,14.900000,14.700000,74.200000,14.700000,66.872233,16.393630,7.327767,1.693630,,,,,,,,
1780475938.521378,GIMBAL_CMD,209,45,66.126311,16.545268,14.900000,14.700000,,,66.126311,16.545268,,,,,,,,,,
1780475938.488615,GIMBAL_ATT,208,45,,,14.900000,16.000000,74.200000,16.000000,66.872233,16.393630,7.327767,0.393630,,,,,,,,
1780475938.846258,GIMBAL_CMD_PREEMPT,209,45,,,,,,,66.126311,16.393630,0.745921,0.151638,,,,,,,,
1780475938.846258,GIMBAL_ATT,209,45,,,7.400000,16.400000,66.700000,16.400000,66.126311,16.393630,0.573689,0.006370,,,,,,,,
1780475939.164104,GIMBAL_ATT,209,45,,,7.400000,16.400000,66.700000,16.400000,66.126311,16.393630,0.573689,0.006370,,,,,,,,
1780475939.708833,GIMBAL_CMD,210,45,65.506341,16.584586,7.400000,16.400000,,,65.506341,16.584586,,,,,,,,,,
1780475939.478698,GIMBAL_ATT,209,45,,,7.400000,16.400000,66.700000,16.400000,66.126311,16.393630,0.573689,0.006370,,,,,,,,
1780475939.780567,GIMBAL_CMD_PREEMPT,210,45,,,,,,,65.506341,16.393630,0.619970,0.190956,,,,,,,,
1780475939.780567,GIMBAL_ATT,210,45,,,6.400000,16.400000,65.700000,16.400000,65.506341,16.393630,0.193659,0.006370,,,,,,,,
1780475939.780567,GIMBAL_SETTLED,210,45,,,6.400000,16.400000,65.700000,16.400000,65.506341,16.393630,0.193659,0.006370,1,0.000000,,,,,,
1780475939.993117,LASER_TRIGGER,210,45,,,6.400000,16.400000,65.700000,16.400000,65.506341,16.393630,0.193659,0.006370,1,0.000000,0,,sddm,,,
1780475944.480409,GIMBAL_CMD,211,45,66.728101,16.578551,6.200000,16.400000,,,66.728101,16.578551,,,,,,,,,,
1780475944.694143,GIMBAL_CMD_SEND,211,45,,,,,,,66.728101,16.578551,,,,,,,,,,
1780475944.694143,GIMBAL_ATT,211,45,,,7.300000,16.400000,66.600000,16.400000,66.728101,16.578551,0.128101,0.178551,,,,,,,,
1780475944.694143,GIMBAL_SETTLED,211,45,,,7.300000,16.400000,66.600000,16.400000,66.728101,16.578551,0.128101,0.178551,1,0.000000,,,,,,
1780475944.911534,LASER_TRIGGER,211,45,,,7.300000,16.400000,66.600000,16.400000,66.728101,16.578551,0.128101,0.178551,1,0.000000,0,,sddm,,,
1780475944.959600,GIMBAL_CMD,212,45,67.061533,16.616549,7.300000,16.400000,,,67.061533,16.616549,,,,,,,,,,
1780475944.960129,GIMBAL_CMD_SEND,212,45,,,,,,,67.061533,16.616549,,,,,,,,,,
1780475945.001091,GIMBAL_ATT,212,45,,,7.300000,16.400000,66.600000,16.400000,67.061533,16.616549,0.461533,0.216549,,,,,,,,
1780475945.376855,GIMBAL_ATT,212,45,,,7.600000,16.400000,66.900000,16.400000,67.061533,16.616549,0.161533,0.216549,,,,,,,,
1780475945.376855,GIMBAL_SETTLED,212,45,,,7.600000,16.400000,66.900000,16.400000,67.061533,16.616549,0.161533,0.216549,1,0.416727,,,,,,
1780475945.669860,LASER_TRIGGER,212,45,,,7.600000,16.400000,66.900000,16.400000,67.061533,16.616549,0.161533,0.216549,1,0.416727,0,,sddm,,,
1780475945.923807,GIMBAL_CMD,213,45,67.354575,16.645636,7.600000,16.400000,,,67.354575,16.645636,,,,,,,,,,
1780475946.063715,GIMBAL_CMD_SEND,213,45,,,,,,,67.354575,16.645636,,,,,,,,,,
1780475946.063715,GIMBAL_ATT,213,45,,,7.600000,16.400000,66.900000,16.400000,67.354575,16.645636,0.454575,0.245636,,,,,,,,
1780475946.428088,GIMBAL_ATT,213,45,,,7.900000,16.400000,67.200000,16.400000,67.354575,16.645636,0.154575,0.245636,,,,,,,,
1780475946.428088,GIMBAL_SETTLED,213,45,,,7.900000,16.400000,67.200000,16.400000,67.354575,16.645636,0.154575,0.245636,1,0.364373,,,,,,
1780475946.718160,LASER_TRIGGER,213,45,,,7.900000,16.400000,67.200000,16.400000,67.354575,16.645636,0.154575,0.245636,1,0.364373,0,,sddm,,,
1780475948.641220,GIMBAL_CMD,214,45,67.221005,16.770651,7.900000,16.400000,,,67.221005,16.770651,,,,,,,,,,
1780475948.672198,GIMBAL_CMD_SEND,214,45,,,,,,,67.221005,16.770651,,,,,,,,,,
1780475948.672198,GIMBAL_ATT,214,45,,,7.900000,16.400000,67.200000,16.400000,67.221005,16.770651,0.021005,0.370651,,,,,,,,
1780475948.972851,GIMBAL_ATT,214,45,,,7.900000,16.400000,67.200000,16.400000,67.221005,16.770651,0.021005,0.370651,,,,,,,,
1780475949.286164,GIMBAL_ATT,214,45,,,7.900000,16.400000,67.200000,16.400000,67.221005,16.770651,0.021005,0.370651,,,,,,,,
1780475949.601121,GIMBAL_ATT,214,45,,,7.900000,16.400000,67.200000,16.400000,67.221005,16.770651,0.021005,0.370651,,,,,,,,
1780475949.914228,GIMBAL_ATT,214,45,,,7.900000,16.400000,67.200000,16.400000,67.221005,16.770651,0.021005,0.370651,,,,,,,,
1780475950.225903,GIMBAL_ATT,214,45,,,7.900000,16.400000,67.200000,16.400000,67.221005,16.770651,0.021005,0.370651,,,,,,,,
1780475950.535844,GIMBAL_ATT,214,45,,,7.900000,16.400000,67.200000,16.400000,67.221005,16.770651,0.021005,0.370651,,,,,,,,
1780475950.879786,GIMBAL_CMD,215,45,67.111747,16.648111,7.900000,16.400000,,,67.111747,16.648111,,,,,,,,,,
1780475950.847913,GIMBAL_ATT,214,45,,,7.900000,16.400000,67.200000,16.400000,67.221005,16.770651,0.021005,0.370651,,,,,,,,
1780475951.147561,GIMBAL_ATT,214,45,,,7.900000,16.400000,67.200000,16.400000,67.221005,16.770651,0.021005,0.370651,,,,,,,,
1780475951.460340,GIMBAL_ATT,214,45,,,7.900000,16.400000,67.200000,16.400000,67.221005,16.770651,0.021005,0.370651,,,,,,,,
1780475951.460340,GIMBAL_TIMEOUT,214,45,,,,,,,67.221005,16.770651,0.021005,0.370651,0,2.788142,,,,,,
1780475952.837572,GIMBAL_CMD,216,45,67.149422,16.486398,7.900000,16.400000,,,67.149422,16.486398,,,,,,,,,,
1780475952.929239,GIMBAL_CMD_SEND,216,45,,,,,,,67.149422,16.486398,,,,,,,,,,
1780475952.929239,GIMBAL_ATT,216,45,,,7.900000,16.400000,67.200000,16.400000,67.149422,16.486398,0.050578,0.086398,,,,,,,,
1780475952.929239,GIMBAL_SETTLED,216,45,,,7.900000,16.400000,67.200000,16.400000,67.149422,16.486398,0.050578,0.086398,1,0.000000,,,,,,
1780475953.257099,LASER_TRIGGER,216,45,,,7.900000,16.400000,67.200000,16.400000,67.149422,16.486398,0.050578,0.086398,1,0.000000,0,,sddm,,,
1780475954.060451,GIMBAL_CMD,217,45,67.184030,16.359415,7.800000,16.400000,,,67.184030,16.359415,,,,,,,,,,
1780475954.060451,GIMBAL_CMD_SEND,217,45,,,,,,,67.184030,16.359415,,,,,,,,,,
1780475954.061444,GIMBAL_ATT,217,45,,,7.800000,16.400000,67.100000,16.400000,67.184030,16.359415,0.084030,0.040585,,,,,,,,
1780475954.061444,GIMBAL_SETTLED,217,45,,,7.800000,16.400000,67.100000,16.400000,67.184030,16.359415,0.084030,0.040585,1,0.000993,,,,,,
1780475954.385448,LASER_TRIGGER,217,45,,,7.800000,16.400000,67.100000,16.400000,67.184030,16.359415,0.084030,0.040585,1,0.000993,0,,sddm,,,
1780475955.175866,GIMBAL_CMD,218,45,67.138388,16.231491,7.800000,16.300000,,,67.138388,16.231491,,,,,,,,,,
1780475955.176373,GIMBAL_CMD_SEND,218,45,,,,,,,67.138388,16.231491,,,,,,,,,,
1780475955.176373,GIMBAL_ATT,218,45,,,7.800000,16.300000,67.100000,16.300000,67.138388,16.231491,0.038388,0.068509,,,,,,,,
1780475955.176373,GIMBAL_SETTLED,218,45,,,7.800000,16.300000,67.100000,16.300000,67.138388,16.231491,0.038388,0.068509,1,0.000000,,,,,,
1780475955.466532,LASER_TRIGGER,218,45,,,7.800000,16.300000,67.100000,16.300000,67.138388,16.231491,0.038388,0.068509,1,0.000000,0,,sddm,,,
1780475956.836795,GIMBAL_CMD,219,45,67.331481,16.046359,7.800000,16.300000,,,67.331481,16.046359,,,,,,,,,,
1780475957.029748,GIMBAL_CMD_SEND,219,45,,,,,,,67.331481,16.046359,,,,,,,,,,
1780475957.030076,GIMBAL_ATT,219,45,,,7.800000,16.300000,67.100000,16.300000,67.331481,16.046359,0.231481,0.253641,,,,,,,,
1780475957.030076,GIMBAL_SETTLED,219,45,,,7.800000,16.300000,67.100000,16.300000,67.331481,16.046359,0.231481,0.253641,1,0.000327,,,,,,
1780475957.438959,LASER_TRIGGER,219,45,,,7.800000,16.300000,67.100000,16.300000,67.331481,16.046359,0.231481,0.253641,1,0.000327,0,,sddm,,,
1780475960.137286,GIMBAL_CMD,220,45,74.133400,10.205426,7.800000,16.000000,,,74.133400,10.205426,,,,,,,,,,
1780475960.188625,GIMBAL_CMD_SEND,220,45,,,,,,,74.133400,10.205426,,,,,,,,,,
1780475960.229325,GIMBAL_ATT,220,45,,,8.800000,16.000000,68.100000,16.000000,74.133400,10.205426,6.033400,5.794574,,,,,,,,
1780475960.704961,GIMBAL_CMD,221,45,75.434911,9.397738,8.800000,16.000000,,,75.434911,9.397738,,,,,,,,,,
1780475960.539607,GIMBAL_ATT,220,45,,,13.600000,14.700000,72.900000,14.700000,74.133400,10.205426,1.233400,4.494574,,,,,,,,
1780475960.798166,GIMBAL_CMD_PREEMPT,221,45,,,,,,,75.434911,9.397738,1.301511,0.807689,,,,,,,,
1780475960.798166,GIMBAL_ATT,221,45,,,15.800000,12.000000,75.100000,12.000000,75.434911,9.397738,0.334911,2.602262,,,,,,,,
1780475961.071167,GIMBAL_ATT,221,45,,,15.800000,12.000000,75.100000,12.000000,75.434911,9.397738,0.334911,2.602262,,,,,,,,
1780475961.434789,GIMBAL_ATT,221,45,,,16.000000,10.200000,75.300000,10.200000,75.434911,9.397738,0.134911,0.802262,,,,,,,,
1780475961.747972,GIMBAL_ATT,221,45,,,16.000000,10.200000,75.300000,10.200000,75.434911,9.397738,0.134911,0.802262,,,,,,,,
1780475962.060840,GIMBAL_ATT,221,45,,,16.000000,10.200000,75.300000,10.200000,75.434911,9.397738,0.134911,0.802262,,,,,,,,
1780475962.371758,GIMBAL_ATT,221,45,,,16.000000,10.200000,75.300000,10.200000,75.434911,9.397738,0.134911,0.802262,,,,,,,,
1780475962.684927,GIMBAL_ATT,221,45,,,16.000000,10.200000,75.300000,10.200000,75.434911,9.397738,0.134911,0.802262,,,,,,,,
1780475962.996413,GIMBAL_ATT,221,45,,,16.000000,10.200000,75.300000,10.200000,75.434911,9.397738,0.134911,0.802262,,,,,,,,
1780475963.310860,GIMBAL_ATT,221,45,,,16.000000,10.200000,75.300000,10.200000,75.434911,9.397738,0.134911,0.802262,,,,,,,,
1780475963.310860,GIMBAL_TIMEOUT,221,45,,,,,,,75.434911,9.397738,0.134911,0.802262,0,2.512694,,,,,,
1780475965.595186,GIMBAL_CMD,222,45,77.744372,7.176073,16.000000,10.200000,,,77.744372,7.176073,,,,,,,,,,
1780475965.595692,GIMBAL_CMD_SEND,222,45,,,,,,,77.744372,7.176073,,,,,,,,,,
1780475965.636190,GIMBAL_ATT,222,45,,,17.000000,10.200000,76.300000,10.200000,77.744372,7.176073,1.444372,3.023927,,,,,,,,
1780475965.944595,GIMBAL_ATT,222,45,,,18.400000,10.200000,77.700000,10.200000,77.744372,7.176073,0.044372,3.023927,,,,,,,,
1780475966.253970,GIMBAL_ATT,222,45,,,18.400000,10.200000,77.700000,10.200000,77.744372,7.176073,0.044372,3.023927,,,,,,,,
1780475966.571330,GIMBAL_ATT,222,45,,,18.400000,7.200000,77.700000,7.200000,77.744372,7.176073,0.044372,0.023927,,,,,,,,
1780475966.571330,GIMBAL_SETTLED,222,45,,,18.400000,7.200000,77.700000,7.200000,77.744372,7.176073,0.044372,0.023927,1,0.975639,,,,,,
1780475966.848763,LASER_TRIGGER,222,45,,,18.400000,7.200000,77.700000,7.200000,77.744372,7.176073,0.044372,0.023927,1,0.975639,0,,sddm,,,
1780475966.996475,GIMBAL_CMD,223,45,77.772832,7.027407,18.400000,7.200000,,,77.772832,7.027407,,,,,,,,,,
1780475967.245457,GIMBAL_CMD_SEND,223,45,,,,,,,77.772832,7.027407,,,,,,,,,,
1780475967.245457,GIMBAL_ATT,223,45,,,18.400000,7.200000,77.700000,7.200000,77.772832,7.027407,0.072832,0.172593,,,,,,,,
1780475967.245457,GIMBAL_SETTLED,223,45,,,18.400000,7.200000,77.700000,7.200000,77.772832,7.027407,0.072832,0.172593,1,0.000000,,,,,,
1780475967.526664,LASER_TRIGGER,223,45,,,18.400000,7.200000,77.700000,7.200000,77.772832,7.027407,0.072832,0.172593,1,0.000000,0,,sddm,,,
1780475968.219262,GIMBAL_CMD,224,45,77.744142,6.895113,18.400000,7.200000,,,77.744142,6.895113,,,,,,,,,,
1780475968.310033,GIMBAL_CMD_SEND,224,45,,,,,,,77.744142,6.895113,,,,,,,,,,
1780475968.310033,GIMBAL_ATT,224,45,,,18.400000,7.200000,77.700000,7.200000,77.744142,6.895113,0.044142,0.304887,,,,,,,,
1780475968.530106,GIMBAL_ATT,224,45,,,18.400000,7.200000,77.700000,7.200000,77.744142,6.895113,0.044142,0.304887,,,,,,,,
1780475968.944628,GIMBAL_ATT,224,45,,,18.400000,6.800000,77.700000,6.800000,77.744142,6.895113,0.044142,0.095113,,,,,,,,
1780475968.944628,GIMBAL_SETTLED,224,45,,,18.400000,6.800000,77.700000,6.800000,77.744142,6.895113,0.044142,0.095113,1,0.634595,,,,,,
1780475969.236945,LASER_TRIGGER,224,45,,,18.400000,6.800000,77.700000,6.800000,77.744142,6.895113,0.044142,0.095113,1,0.634595,0,,sddm,,,
1780475971.974679,GIMBAL_CMD,225,45,77.533784,6.858989,18.400000,6.800000,,,77.533784,6.858989,,,,,,,,,,
1780475971.984305,GIMBAL_CMD_SEND,225,45,,,,,,,77.533784,6.858989,,,,,,,,,,
1780475971.984305,GIMBAL_ATT,225,45,,,18.400000,6.800000,77.700000,6.800000,77.533784,6.858989,0.166216,0.058989,,,,,,,,
1780475971.984305,GIMBAL_SETTLED,225,45,,,18.400000,6.800000,77.700000,6.800000,77.533784,6.858989,0.166216,0.058989,1,0.000000,,,,,,
1780475972.313437,LASER_TRIGGER,225,45,,,18.400000,6.800000,77.700000,6.800000,77.533784,6.858989,0.166216,0.058989,1,0.000000,0,,sddm,,,
1780475988.347295,GIMBAL_CMD,226,45,77.353898,11.042878,18.200000,6.800000,,,77.353898,11.042878,,,,,,,,,,
1780475988.414615,GIMBAL_CMD_SEND,226,45,,,,,,,77.353898,11.042878,,,,,,,,,,
1780475988.414615,GIMBAL_ATT,226,45,,,18.200000,6.800000,77.500000,6.800000,77.353898,11.042878,0.146102,4.242878,,,,,,,,
1780475988.905953,GIMBAL_CMD,227,45,77.409582,11.259192,18.200000,6.800000,,,77.409582,11.259192,,,,,,,,,,
1780475988.735074,GIMBAL_ATT,226,45,,,18.200000,8.000000,77.500000,8.000000,77.353898,11.042878,0.146102,3.042878,,,,,,,,
1780475989.048818,GIMBAL_ATT,226,45,,,18.200000,10.400000,77.500000,10.400000,77.353898,11.042878,0.146102,0.642878,,,,,,,,
1780475989.684213,GIMBAL_CMD,228,45,77.412232,11.498522,18.200000,10.400000,,,77.412232,11.498522,,,,,,,,,,
1780475989.457287,GIMBAL_ATT,226,45,,,18.200000,11.100000,77.500000,11.100000,77.353898,11.042878,0.146102,0.057122,,,,,,,,
1780475989.457287,GIMBAL_SETTLED,226,45,,,18.200000,11.100000,77.500000,11.100000,77.353898,11.042878,0.146102,0.057122,1,1.042672,,,,,,
1780475989.752680,LASER_TRIGGER,226,45,,,18.200000,11.100000,77.500000,11.100000,77.353898,11.042878,0.146102,0.057122,1,1.042672,0,,sddm,,,
1780475989.752680,GIMBAL_CMD_SEND,228,45,,,,,,,77.412232,11.498522,,,,,,,,,,
1780475989.753146,GIMBAL_ATT,228,45,,,18.200000,11.100000,77.500000,11.100000,77.412232,11.498522,0.087768,0.398522,,,,,,,,
1780475989.972235,GIMBAL_ATT,228,45,,,18.200000,11.100000,77.500000,11.100000,77.412232,11.498522,0.087768,0.398522,,,,,,,,
1780475990.466058,GIMBAL_CMD,229,45,77.373431,11.669891,18.200000,11.100000,,,77.373431,11.669891,,,,,,,,,,
1780475990.380557,GIMBAL_ATT,228,45,,,18.200000,11.400000,77.500000,11.400000,77.412232,11.498522,0.087768,0.098522,,,,,,,,
1780475990.380557,GIMBAL_SETTLED,228,45,,,18.200000,11.400000,77.500000,11.400000,77.412232,11.498522,0.087768,0.098522,1,0.627878,,,,,,
1780475990.660102,LASER_TRIGGER,228,45,,,18.200000,11.400000,77.500000,11.400000,77.412232,11.498522,0.087768,0.098522,1,0.627878,0,,sddm,,,
1780475990.660102,GIMBAL_CMD_SEND,229,45,,,,,,,77.373431,11.669891,,,,,,,,,,
1780475990.660102,GIMBAL_ATT,229,45,,,18.200000,11.400000,77.500000,11.400000,77.373431,11.669891,0.126569,0.269891,,,,,,,,
1780475990.660102,GIMBAL_SETTLED,229,45,,,18.200000,11.400000,77.500000,11.400000,77.373431,11.669891,0.126569,0.269891,1,0.000000,,,,,,
1780475990.941509,LASER_TRIGGER,229,45,,,18.200000,11.400000,77.500000,11.400000,77.373431,11.669891,0.126569,0.269891,1,0.000000,0,,sddm,,,
1780475990.978170,GIMBAL_CMD,230,45,77.344990,11.927523,18.200000,11.400000,,,77.344990,11.927523,,,,,,,,,,
1780475990.978170,GIMBAL_CMD_SEND,230,45,,,,,,,77.344990,11.927523,,,,,,,,,,
1780475990.978933,GIMBAL_ATT,230,45,,,18.200000,11.400000,77.500000,11.400000,77.344990,11.927523,0.155010,0.527523,,,,,,,,
1780475991.224014,GIMBAL_ATT,230,45,,,18.200000,11.400000,77.500000,11.400000,77.344990,11.927523,0.155010,0.527523,,,,,,,,
1780475991.527916,GIMBAL_ATT,230,45,,,18.200000,11.900000,77.500000,11.900000,77.344990,11.927523,0.155010,0.027523,,,,,,,,
1780475991.527916,GIMBAL_SETTLED,230,45,,,18.200000,11.900000,77.500000,11.900000,77.344990,11.927523,0.155010,0.027523,1,0.549746,,,,,,
1780475991.818977,LASER_TRIGGER,230,45,,,18.200000,11.900000,77.500000,11.900000,77.344990,11.927523,0.155010,0.027523,1,0.549746,0,,sddm,,,
1780475996.864944,GIMBAL_CMD,231,45,77.639654,14.800459,18.200000,11.900000,,,77.639654,14.800459,,,,,,,,,,
1780475996.930467,GIMBAL_CMD_SEND,231,45,,,,,,,77.639654,14.800459,,,,,,,,,,
1780475996.930467,GIMBAL_ATT,231,45,,,18.200000,11.900000,77.500000,11.900000,77.639654,14.800459,0.139654,2.900459,,,,,,,,
1780475997.247700,GIMBAL_ATT,231,45,,,18.200000,13.100000,77.500000,13.100000,77.639654,14.800459,0.139654,1.700459,,,,,,,,
1780475997.561844,GIMBAL_ATT,231,45,,,18.200000,13.100000,77.500000,13.100000,77.639654,14.800459,0.139654,1.700459,,,,,,,,
1780475997.876071,GIMBAL_ATT,231,45,,,18.200000,14.900000,77.500000,14.900000,77.639654,14.800459,0.139654,0.099541,,,,,,,,
1780475997.876071,GIMBAL_SETTLED,231,45,,,18.200000,14.900000,77.500000,14.900000,77.639654,14.800459,0.139654,0.099541,1,0.945604,,,,,,
1780475998.169852,LASER_TRIGGER,231,45,,,18.200000,14.900000,77.500000,14.900000,77.639654,14.800459,0.139654,0.099541,1,0.945604,0,,sddm,,,
1780475999.899189,GIMBAL_CMD,232,45,77.684659,14.680278,18.200000,14.900000,,,77.684659,14.680278,,,,,,,,,,
1780476000.127386,GIMBAL_CMD_SEND,232,45,,,,,,,77.684659,14.680278,,,,,,,,,,
1780476000.127386,GIMBAL_ATT,232,45,,,18.200000,14.900000,77.500000,14.900000,77.684659,14.680278,0.184659,0.219722,,,,,,,,
1780476000.127386,GIMBAL_SETTLED,232,45,,,18.200000,14.900000,77.500000,14.900000,77.684659,14.680278,0.184659,0.219722,1,0.000000,,,,,,
1780476000.408181,LASER_TRIGGER,232,45,,,18.200000,14.900000,77.500000,14.900000,77.684659,14.680278,0.184659,0.219722,1,0.000000,0,,sddm,,,
1780476022.232622,GIMBAL_CMD,233,46,77.647280,16.305142,18.200000,14.900000,,,77.647280,16.305142,,,,,,,,,,
1780476022.388909,GIMBAL_CMD_SEND,233,46,,,,,,,77.647280,16.305142,,,,,,,,,,
1780476022.636260,GIMBAL_CMD,234,46,77.608979,16.791943,18.200000,14.900000,,,77.608979,16.791943,,,,,,,,,,
1780476022.388909,GIMBAL_ATT,233,46,,,18.200000,14.900000,77.500000,14.900000,77.647280,16.305142,0.147280,1.405142,,,,,,,,
1780476022.706424,GIMBAL_ATT,233,46,,,18.200000,16.000000,77.500000,16.000000,77.647280,16.305142,0.147280,0.305142,,,,,,,,
1780476023.154160,GIMBAL_CMD,235,46,77.571499,17.025687,18.200000,16.000000,,,77.571499,17.025687,,,,,,,,,,
1780476023.096931,GIMBAL_ATT,233,46,,,18.200000,16.300000,77.500000,16.300000,77.647280,16.305142,0.147280,0.005142,,,,,,,,
1780476023.096931,GIMBAL_SETTLED,233,46,,,18.200000,16.300000,77.500000,16.300000,77.647280,16.305142,0.147280,0.005142,1,0.708022,,,,,,
1780476023.389050,LASER_TRIGGER,233,46,,,18.200000,16.300000,77.500000,16.300000,77.647280,16.305142,0.147280,0.005142,1,0.708022,0,,sddm,,,
1780476023.389050,GIMBAL_CMD_SEND,235,46,,,,,,,77.571499,17.025687,,,,,,,,,,
1780476023.389492,GIMBAL_ATT,235,46,,,18.200000,16.300000,77.500000,16.300000,77.571499,17.025687,0.071499,0.725687,,,,,,,,
1780476023.679538,GIMBAL_ATT,235,46,,,18.200000,16.300000,77.500000,16.300000,77.571499,17.025687,0.071499,0.725687,,,,,,,,
1780476023.993093,GIMBAL_ATT,235,46,,,18.200000,17.100000,77.500000,17.100000,77.571499,17.025687,0.071499,0.074313,,,,,,,,
1780476023.993093,GIMBAL_SETTLED,235,46,,,18.200000,17.100000,77.500000,17.100000,77.571499,17.025687,0.071499,0.074313,1,0.604043,,,,,,
1780476024.289743,LASER_TRIGGER,235,46,,,18.200000,17.100000,77.500000,17.100000,77.571499,17.025687,0.071499,0.074313,1,0.604043,0,,sddm,,,
1780476024.344949,GIMBAL_CMD,236,46,77.591149,17.814792,18.200000,17.100000,,,77.591149,17.814792,,,,,,,,,,
1780476024.344949,GIMBAL_CMD_SEND,236,46,,,,,,,77.591149,17.814792,,,,,,,,,,
1780476024.345806,GIMBAL_ATT,236,46,,,18.200000,17.100000,77.500000,17.100000,77.591149,17.814792,0.091149,0.714792,,,,,,,,
1780476024.820791,GIMBAL_CMD,237,46,77.610697,18.305341,18.200000,17.100000,,,77.610697,18.305341,,,,,,,,,,
1780476024.651269,GIMBAL_ATT,236,46,,,18.200000,17.100000,77.500000,17.100000,77.591149,17.814792,0.091149,0.714792,,,,,,,,
1780476025.233723,GIMBAL_CMD,238,46,77.645047,18.829880,18.200000,17.100000,,,77.645047,18.829880,,,,,,,,,,
1780476024.967354,GIMBAL_ATT,236,46,,,18.200000,17.900000,77.500000,17.900000,77.591149,17.814792,0.091149,0.085208,,,,,,,,
1780476024.967354,GIMBAL_SETTLED,236,46,,,18.200000,17.900000,77.500000,17.900000,77.591149,17.814792,0.091149,0.085208,1,0.622406,,,,,,
1780476025.260700,LASER_TRIGGER,236,46,,,18.200000,17.900000,77.500000,17.900000,77.591149,17.814792,0.091149,0.085208,1,0.622406,0,,sddm,,,
1780476025.260700,GIMBAL_CMD_SEND,238,46,,,,,,,77.645047,18.829880,,,,,,,,,,
1780476025.261207,GIMBAL_ATT,238,46,,,18.200000,17.900000,77.500000,17.900000,77.645047,18.829880,0.145047,0.929880,,,,,,,,
1780476025.641353,GIMBAL_CMD,239,46,77.654064,19.212945,18.200000,17.900000,,,77.654064,19.212945,,,,,,,,,,
1780476025.577068,GIMBAL_ATT,238,46,,,18.200000,17.900000,77.500000,17.900000,77.645047,18.829880,0.145047,0.929880,,,,,,,,
1780476025.889863,GIMBAL_ATT,238,46,,,18.200000,18.800000,77.500000,18.800000,77.645047,18.829880,0.145047,0.029880,,,,,,,,
1780476025.889863,GIMBAL_SETTLED,238,46,,,18.200000,18.800000,77.500000,18.800000,77.645047,18.829880,0.145047,0.029880,1,0.629163,,,,,,
1780476026.182049,LASER_TRIGGER,238,46,,,18.200000,18.800000,77.500000,18.800000,77.645047,18.829880,0.145047,0.029880,1,0.629163,0,,sddm,,,
1780476026.525052,GIMBAL_CMD,240,46,77.663659,19.355688,18.200000,18.800000,,,77.663659,19.355688,,,,,,,,,,
1780476026.572228,GIMBAL_CMD_SEND,240,46,,,,,,,77.663659,19.355688,,,,,,,,,,
1780476026.572605,GIMBAL_ATT,240,46,,,18.200000,18.800000,77.500000,18.800000,77.663659,19.355688,0.163659,0.555688,,,,,,,,
1780476027.058586,GIMBAL_CMD,241,46,77.643976,19.227109,18.200000,18.800000,,,77.643976,19.227109,,,,,,,,,,
1780476026.816426,GIMBAL_ATT,240,46,,,18.200000,18.800000,77.500000,18.800000,77.663659,19.355688,0.163659,0.555688,,,,,,,,
1780476027.123684,GIMBAL_ATT,240,46,,,18.200000,19.400000,77.500000,19.400000,77.663659,19.355688,0.163659,0.044312,,,,,,,,
1780476027.123684,GIMBAL_SETTLED,240,46,,,18.200000,19.400000,77.500000,19.400000,77.663659,19.355688,0.163659,0.044312,1,0.551456,,,,,,
1780476027.403248,LASER_TRIGGER,240,46,,,18.200000,19.400000,77.500000,19.400000,77.663659,19.355688,0.163659,0.044312,1,0.551456,0,,sddm,,,
1780476028.145287,GIMBAL_CMD,242,46,77.766346,18.881048,18.200000,19.400000,,,77.766346,18.881048,,,,,,,,,,
1780476028.184356,GIMBAL_CMD_SEND,242,46,,,,,,,77.766346,18.881048,,,,,,,,,,
1780476028.224895,GIMBAL_ATT,242,46,,,18.200000,19.300000,77.500000,19.300000,77.766346,18.881048,0.266346,0.418952,,,,,,,,
1780476028.565616,GIMBAL_ATT,242,46,,,18.200000,18.800000,77.500000,18.800000,77.766346,18.881048,0.266346,0.081048,,,,,,,,
1780476028.565616,GIMBAL_SETTLED,242,46,,,18.200000,18.800000,77.500000,18.800000,77.766346,18.881048,0.266346,0.081048,1,0.381259,,,,,,
1780476028.856288,LASER_TRIGGER,242,46,,,18.200000,18.800000,77.500000,18.800000,77.766346,18.881048,0.266346,0.081048,1,0.381259,0,,sddm,,,
1780476038.745733,GIMBAL_CMD,243,46,77.716267,18.754987,18.200000,18.800000,,,77.716267,18.754987,,,,,,,,,,
1780476038.746256,GIMBAL_CMD_SEND,243,46,,,,,,,77.716267,18.754987,,,,,,,,,,
1780476038.746256,GIMBAL_ATT,243,46,,,18.200000,18.800000,77.500000,18.800000,77.716267,18.754987,0.216267,0.045013,,,,,,,,
1780476038.746256,GIMBAL_SETTLED,243,46,,,18.200000,18.800000,77.500000,18.800000,77.716267,18.754987,0.216267,0.045013,1,0.000000,,,,,,
1780476039.031803,LASER_TRIGGER,243,46,,,18.200000,18.800000,77.500000,18.800000,77.716267,18.754987,0.216267,0.045013,1,0.000000,0,,sddm,,,
1780476043.245727,GIMBAL_CMD,244,46,77.755171,18.878681,18.200000,18.800000,,,77.755171,18.878681,,,,,,,,,,
1780476043.340337,GIMBAL_CMD_SEND,244,46,,,,,,,77.755171,18.878681,,,,,,,,,,
1780476043.340337,GIMBAL_ATT,244,46,,,18.200000,18.800000,77.500000,18.800000,77.755171,18.878681,0.255171,0.078681,,,,,,,,
1780476043.340337,GIMBAL_SETTLED,244,46,,,18.200000,18.800000,77.500000,18.800000,77.755171,18.878681,0.255171,0.078681,1,0.000000,,,,,,
1780476043.621616,LASER_TRIGGER,244,46,,,18.200000,18.800000,77.500000,18.800000,77.755171,18.878681,0.255171,0.078681,1,0.000000,0,,sddm,,,
1780476044.981211,GIMBAL_CMD,245,46,77.703412,18.999035,18.200000,18.800000,,,77.703412,18.999035,,,,,,,,,,
1780476045.185932,GIMBAL_CMD_SEND,245,46,,,,,,,77.703412,18.999035,,,,,,,,,,
1780476045.185932,GIMBAL_ATT,245,46,,,18.200000,18.800000,77.500000,18.800000,77.703412,18.999035,0.203412,0.199035,,,,,,,,
1780476045.185932,GIMBAL_SETTLED,245,46,,,18.200000,18.800000,77.500000,18.800000,77.703412,18.999035,0.203412,0.199035,1,0.000000,,,,,,
1780476045.470579,LASER_TRIGGER,245,46,,,18.200000,18.800000,77.500000,18.800000,77.703412,18.999035,0.203412,0.199035,1,0.000000,0,,sddm,,,
1780476049.839200,GIMBAL_CMD,246,46,77.724804,18.865083,18.200000,18.800000,,,77.724804,18.865083,,,,,,,,,,
1780476049.839200,GIMBAL_CMD_SEND,246,46,,,,,,,77.724804,18.865083,,,,,,,,,,
1780476049.839200,GIMBAL_ATT,246,46,,,18.200000,18.800000,77.500000,18.800000,77.724804,18.865083,0.224804,0.065083,,,,,,,,
1780476049.839200,GIMBAL_SETTLED,246,46,,,18.200000,18.800000,77.500000,18.800000,77.724804,18.865083,0.224804,0.065083,1,0.000000,,,,,,
1780476050.132672,LASER_TRIGGER,246,46,,,18.200000,18.800000,77.500000,18.800000,77.724804,18.865083,0.224804,0.065083,1,0.000000,0,,sddm,,,
1780476061.208999,GIMBAL_CMD,247,46,77.681285,18.992408,18.200000,18.800000,,,77.681285,18.992408,,,,,,,,,,
1780476061.208999,GIMBAL_CMD_SEND,247,46,,,,,,,77.681285,18.992408,,,,,,,,,,
1780476061.208999,GIMBAL_ATT,247,46,,,18.200000,18.800000,77.500000,18.800000,77.681285,18.992408,0.181285,0.192408,,,,,,,,
1780476061.208999,GIMBAL_SETTLED,247,46,,,18.200000,18.800000,77.500000,18.800000,77.681285,18.992408,0.181285,0.192408,1,0.000000,,,,,,
1780476061.492433,LASER_TRIGGER,247,46,,,18.200000,18.800000,77.500000,18.800000,77.681285,18.992408,0.181285,0.192408,1,0.000000,0,,sddm,,,
1780476066.791739,GIMBAL_CMD,248,46,77.690019,18.869601,18.200000,18.800000,,,77.690019,18.869601,,,,,,,,,,
1780476067.013807,GIMBAL_CMD_SEND,248,46,,,,,,,77.690019,18.869601,,,,,,,,,,
1780476067.013807,GIMBAL_ATT,248,46,,,18.200000,18.800000,77.500000,18.800000,77.690019,18.869601,0.190019,0.069601,,,,,,,,
1780476067.013807,GIMBAL_SETTLED,248,46,,,18.200000,18.800000,77.500000,18.800000,77.690019,18.869601,0.190019,0.069601,1,0.000000,,,,,,
1780476067.293318,LASER_TRIGGER,248,46,,,18.200000,18.800000,77.500000,18.800000,77.690019,18.869601,0.190019,0.069601,1,0.000000,0,,sddm,,,
1780476090.149086,GIMBAL_CMD,249,46,79.969149,14.813002,18.200000,18.800000,,,79.969149,14.813002,,,,,,,,,,
1780476090.149086,GIMBAL_CMD_SEND,249,46,,,,,,,79.969149,14.813002,,,,,,,,,,
1780476090.189974,GIMBAL_ATT,249,46,,,19.300000,18.700000,78.600000,18.700000,79.969149,14.813002,1.369149,3.886998,,,,,,,,
1780476090.761173,GIMBAL_CMD,250,46,79.984712,14.941731,19.300000,18.700000,,,79.984712,14.941731,,,,,,,,,,
1780476090.495630,GIMBAL_ATT,249,46,,,20.600000,18.700000,79.900000,18.700000,79.969149,14.813002,0.069149,3.886998,,,,,,,,
1780476090.811318,GIMBAL_ATT,249,46,,,20.600000,15.100000,79.900000,15.100000,79.969149,14.813002,0.069149,0.286998,,,,,,,,
1780476090.811318,GIMBAL_SETTLED,249,46,,,20.600000,15.100000,79.900000,15.100000,79.969149,14.813002,0.069149,0.286998,1,0.662232,,,,,,
1780476091.137823,LASER_TRIGGER,249,46,,,20.600000,15.100000,79.900000,15.100000,79.969149,14.813002,0.069149,0.286998,1,0.662232,0,,sddm,,,
1780476091.528282,GIMBAL_CMD,251,46,79.977165,15.112629,20.600000,15.100000,,,79.977165,15.112629,,,,,,,,,,
1780476091.530319,GIMBAL_CMD_SEND,251,46,,,,,,,79.977165,15.112629,,,,,,,,,,
1780476091.530319,GIMBAL_ATT,251,46,,,20.600000,14.900000,79.900000,14.900000,79.977165,15.112629,0.077165,0.212629,,,,,,,,
1780476091.530319,GIMBAL_SETTLED,251,46,,,20.600000,14.900000,79.900000,14.900000,79.977165,15.112629,0.077165,0.212629,1,0.000000,,,,,,
1780476091.954237,LASER_TRIGGER,251,46,,,20.600000,14.900000,79.900000,14.900000,79.977165,15.112629,0.077165,0.212629,1,0.000000,0,,sddm,,,
1780476091.999654,GIMBAL_CMD,252,46,79.901970,15.273449,20.600000,14.900000,,,79.901970,15.273449,,,,,,,,,,
1780476091.999654,GIMBAL_CMD_SEND,252,46,,,,,,,79.901970,15.273449,,,,,,,,,,
1780476091.999654,GIMBAL_ATT,252,46,,,20.600000,15.200000,79.900000,15.200000,79.901970,15.273449,0.001970,0.073449,,,,,,,,
1780476091.999654,GIMBAL_SETTLED,252,46,,,20.600000,15.200000,79.900000,15.200000,79.901970,15.273449,0.001970,0.073449,1,0.000000,,,,,,
1780476092.284642,LASER_TRIGGER,252,46,,,20.600000,15.200000,79.900000,15.200000,79.901970,15.273449,0.001970,0.073449,1,0.000000,0,,sddm,,,
1780476092.473975,GIMBAL_CMD,253,46,79.813178,15.417178,20.600000,15.200000,,,79.813178,15.417178,,,,,,,,,,
1780476092.675615,GIMBAL_CMD_SEND,253,46,,,,,,,79.813178,15.417178,,,,,,,,,,
1780476092.675961,GIMBAL_ATT,253,46,,,20.600000,15.200000,79.900000,15.200000,79.813178,15.417178,0.086822,0.217178,,,,,,,,
1780476092.675961,GIMBAL_SETTLED,253,46,,,20.600000,15.200000,79.900000,15.200000,79.813178,15.417178,0.086822,0.217178,1,0.000346,,,,,,
1780476092.873882,LASER_TRIGGER,253,46,,,20.600000,15.200000,79.900000,15.200000,79.813178,15.417178,0.086822,0.217178,1,0.000346,0,,sddm,,,
1780476092.885103,GIMBAL_CMD,254,46,79.699509,15.587240,20.600000,15.200000,,,79.699509,15.587240,,,,,,,,,,
1780476092.885103,GIMBAL_CMD_SEND,254,46,,,,,,,79.699509,15.587240,,,,,,,,,,
1780476092.885753,GIMBAL_ATT,254,46,,,20.600000,15.200000,79.900000,15.200000,79.699509,15.587240,0.200491,0.387240,,,,,,,,
1780476093.340946,GIMBAL_CMD,255,46,79.548104,15.790109,20.600000,15.200000,,,79.548104,15.790109,,,,,,,,,,
1780476093.307741,GIMBAL_ATT,254,46,,,20.600000,15.400000,79.900000,15.400000,79.699509,15.587240,0.200491,0.187240,,,,,,,,
1780476093.307741,GIMBAL_SETTLED,254,46,,,20.600000,15.400000,79.900000,15.400000,79.699509,15.587240,0.200491,0.187240,1,0.422638,,,,,,
1780476093.599641,LASER_TRIGGER,254,46,,,20.600000,15.400000,79.900000,15.400000,79.699509,15.587240,0.200491,0.187240,1,0.422638,0,,sddm,,,
1780476093.599641,GIMBAL_CMD_SEND,255,46,,,,,,,79.548104,15.790109,,,,,,,,,,
1780476093.599641,GIMBAL_ATT,255,46,,,20.600000,15.500000,79.900000,15.500000,79.548104,15.790109,0.351896,0.290109,,,,,,,,
1780476093.817947,GIMBAL_ATT,255,46,,,20.600000,15.700000,79.900000,15.700000,79.548104,15.790109,0.351896,0.090109,,,,,,,,
1780476094.365367,GIMBAL_CMD,256,46,79.411916,15.962088,20.600000,15.700000,,,79.411916,15.962088,,,,,,,,,,
1780476094.114756,GIMBAL_ATT,255,46,,,20.600000,15.700000,79.900000,15.700000,79.548104,15.790109,0.351896,0.090109,,,,,,,,
1780476094.424358,GIMBAL_ATT,255,46,,,20.600000,15.700000,79.900000,15.700000,79.548104,15.790109,0.351896,0.090109,,,,,,,,
1780476094.724981,GIMBAL_ATT,255,46,,,20.600000,15.700000,79.900000,15.700000,79.548104,15.790109,0.351896,0.090109,,,,,,,,
1780476095.038503,GIMBAL_ATT,255,46,,,20.600000,15.700000,79.900000,15.700000,79.548104,15.790109,0.351896,0.090109,,,,,,,,
1780476095.354279,GIMBAL_ATT,255,46,,,20.600000,15.700000,79.900000,15.700000,79.548104,15.790109,0.351896,0.090109,,,,,,,,
1780476095.664740,GIMBAL_ATT,255,46,,,20.600000,15.700000,79.900000,15.700000,79.548104,15.790109,0.351896,0.090109,,,,,,,,
1780476095.965631,GIMBAL_ATT,255,46,,,20.600000,15.700000,79.900000,15.700000,79.548104,15.790109,0.351896,0.090109,,,,,,,,
1780476096.278319,GIMBAL_ATT,255,46,,,20.600000,15.700000,79.900000,15.700000,79.548104,15.790109,0.351896,0.090109,,,,,,,,
1780476096.278319,GIMBAL_TIMEOUT,255,46,,,,,,,79.548104,15.790109,0.351896,0.090109,0,2.678679,,,,,,
1780476096.977167,GIMBAL_CMD,257,46,79.456546,15.841678,20.600000,15.700000,,,79.456546,15.841678,,,,,,,,,,
1780476096.977167,GIMBAL_CMD_SEND,257,46,,,,,,,79.456546,15.841678,,,,,,,,,,
1780476096.977843,GIMBAL_ATT,257,46,,,20.600000,15.700000,79.900000,15.700000,79.456546,15.841678,0.443454,0.141678,,,,,,,,
1780476097.384937,GIMBAL_ATT,257,46,,,20.200000,15.700000,79.500000,15.700000,79.456546,15.841678,0.043454,0.141678,,,,,,,,
1780476097.384937,GIMBAL_SETTLED,257,46,,,20.200000,15.700000,79.500000,15.700000,79.456546,15.841678,0.043454,0.141678,1,0.407770,,,,,,
1780476097.676067,LASER_TRIGGER,257,46,,,20.200000,15.700000,79.500000,15.700000,79.456546,15.841678,0.043454,0.141678,1,0.407770,0,,sddm,,,
1780476098.197504,GIMBAL_CMD,258,46,79.570494,15.709433,20.200000,15.700000,,,79.570494,15.709433,,,,,,,,,,
1780476098.460251,GIMBAL_CMD_SEND,258,46,,,,,,,79.570494,15.709433,,,,,,,,,,
1780476098.460251,GIMBAL_ATT,258,46,,,20.200000,15.700000,79.500000,15.700000,79.570494,15.709433,0.070494,0.009433,,,,,,,,
1780476098.460251,GIMBAL_SETTLED,258,46,,,20.200000,15.700000,79.500000,15.700000,79.570494,15.709433,0.070494,0.009433,1,0.000000,,,,,,
1780476098.742200,LASER_TRIGGER,258,46,,,20.200000,15.700000,79.500000,15.700000,79.570494,15.709433,0.070494,0.009433,1,0.000000,0,,sddm,,,
1780476115.720865,GIMBAL_CMD,259,46,75.374421,14.694175,20.200000,15.700000,,,75.374421,14.694175,,,,,,,,,,
1780476115.986530,GIMBAL_CMD_SEND,259,46,,,,,,,75.374421,14.694175,,,,,,,,,,
1780476116.027133,GIMBAL_ATT,259,46,,,19.100000,15.700000,78.400000,15.700000,75.374421,14.694175,3.025579,1.005825,,,,,,,,
1780476116.336783,GIMBAL_ATT,259,46,,,15.900000,15.700000,75.200000,15.700000,75.374421,14.694175,0.174421,1.005825,,,,,,,,
1780476116.742329,GIMBAL_ATT,259,46,,,15.900000,14.600000,75.200000,14.600000,75.374421,14.694175,0.174421,0.094175,,,,,,,,
1780476116.742329,GIMBAL_SETTLED,259,46,,,15.900000,14.600000,75.200000,14.600000,75.374421,14.694175,0.174421,0.094175,1,0.755799,,,,,,
1780476117.034361,LASER_TRIGGER,259,46,,,15.900000,14.600000,75.200000,14.600000,75.374421,14.694175,0.174421,0.094175,1,0.755799,0,,sddm,,,
1780476117.419674,GIMBAL_CMD,260,46,74.424821,15.668748,15.900000,14.600000,,,74.424821,15.668748,,,,,,,,,,
1780476117.423133,GIMBAL_CMD_SEND,260,46,,,,,,,74.424821,15.668748,,,,,,,,,,
1780476117.463893,GIMBAL_ATT,260,46,,,15.900000,14.700000,75.200000,14.700000,74.424821,15.668748,0.775179,0.968748,,,,,,,,
1780476117.991888,GIMBAL_CMD,261,46,74.204554,15.990353,15.900000,14.700000,,,74.204554,15.990353,,,,,,,,,,
1780476117.673870,GIMBAL_ATT,260,46,,,15.100000,14.700000,74.400000,14.700000,74.424821,15.668748,0.024821,0.968748,,,,,,,,
1780476118.071256,GIMBAL_ATT,260,46,,,15.100000,15.700000,74.400000,15.700000,74.424821,15.668748,0.024821,0.031252,,,,,,,,
1780476118.071256,GIMBAL_SETTLED,260,46,,,15.100000,15.700000,74.400000,15.700000,74.424821,15.668748,0.024821,0.031252,1,0.648123,,,,,,
1780476118.363968,LASER_TRIGGER,260,46,,,15.100000,15.700000,74.400000,15.700000,74.424821,15.668748,0.024821,0.031252,1,0.648123,0,,sddm,,,
1780476118.381079,GIMBAL_CMD,262,46,74.098154,16.123382,15.100000,15.700000,,,74.098154,16.123382,,,,,,,,,,
1780476118.381079,GIMBAL_CMD_SEND,262,46,,,,,,,74.098154,16.123382,,,,,,,,,,
1780476118.422440,GIMBAL_ATT,262,46,,,15.100000,15.700000,74.400000,15.700000,74.098154,16.123382,0.301846,0.423382,,,,,,,,
1780476118.993893,GIMBAL_CMD,263,46,73.893241,16.278587,15.100000,15.700000,,,73.893241,16.278587,,,,,,,,,,
1780476118.747314,GIMBAL_ATT,262,46,,,14.700000,16.200000,74.000000,16.200000,74.098154,16.123382,0.098154,0.076618,,,,,,,,
1780476118.747314,GIMBAL_SETTLED,262,46,,,14.700000,16.200000,74.000000,16.200000,74.098154,16.123382,0.098154,0.076618,1,0.366235,,,,,,
1780476119.040420,LASER_TRIGGER,262,46,,,14.700000,16.200000,74.000000,16.200000,74.098154,16.123382,0.098154,0.076618,1,0.366235,0,,sddm,,,
1780476119.040420,GIMBAL_CMD_SEND,263,46,,,,,,,73.893241,16.278587,,,,,,,,,,
1780476119.040420,GIMBAL_ATT,263,46,,,14.700000,16.200000,74.000000,16.200000,73.893241,16.278587,0.106759,0.078587,,,,,,,,
1780476119.040420,GIMBAL_SETTLED,263,46,,,14.700000,16.200000,74.000000,16.200000,73.893241,16.278587,0.106759,0.078587,1,0.000000,,,,,,
1780476119.371311,LASER_TRIGGER,263,46,,,14.700000,16.200000,74.000000,16.200000,73.893241,16.278587,0.106759,0.078587,1,0.000000,0,,sddm,,,
1780476119.646042,GIMBAL_CMD,264,46,73.643559,16.341003,14.700000,16.200000,,,73.643559,16.341003,,,,,,,,,,
1780476119.765324,GIMBAL_CMD_SEND,264,46,,,,,,,73.643559,16.341003,,,,,,,,,,
1780476119.805940,GIMBAL_ATT,264,46,,,14.400000,16.300000,73.700000,16.300000,73.643559,16.341003,0.056441,0.041003,,,,,,,,
1780476119.805940,GIMBAL_SETTLED,264,46,,,14.400000,16.300000,73.700000,16.300000,73.643559,16.341003,0.056441,0.041003,1,0.040616,,,,,,
1780476120.078434,LASER_TRIGGER,264,46,,,14.400000,16.300000,73.700000,16.300000,73.643559,16.341003,0.056441,0.041003,1,0.040616,0,,sddm,,,
1780476120.572458,GIMBAL_CMD,265,46,73.443349,16.259184,14.200000,16.300000,,,73.443349,16.259184,,,,,,,,,,
1780476120.572458,GIMBAL_CMD_SEND,265,46,,,,,,,73.443349,16.259184,,,,,,,,,,
1780476120.573333,GIMBAL_ATT,265,46,,,14.200000,16.300000,73.500000,16.300000,73.443349,16.259184,0.056651,0.040816,,,,,,,,
1780476120.573333,GIMBAL_SETTLED,265,46,,,14.200000,16.300000,73.500000,16.300000,73.443349,16.259184,0.056651,0.040816,1,0.000875,,,,,,
1780476120.906417,LASER_TRIGGER,265,46,,,14.200000,16.300000,73.500000,16.300000,73.443349,16.259184,0.056651,0.040816,1,0.000875,0,,sddm,,,
1780476121.194623,GIMBAL_CMD,266,46,73.200847,16.421760,14.200000,16.300000,,,73.200847,16.421760,,,,,,,,,,
1780476121.298214,GIMBAL_CMD_SEND,266,46,,,,,,,73.200847,16.421760,,,,,,,,,,
1780476121.604997,GIMBAL_CMD,267,46,72.792959,16.883130,14.100000,16.300000,,,72.792959,16.883130,,,,,,,,,,
1780476121.298214,GIMBAL_ATT,266,46,,,14.100000,16.300000,73.400000,16.300000,73.200847,16.421760,0.199153,0.121760,,,,,,,,
1780476121.298214,GIMBAL_SETTLED,266,46,,,14.100000,16.300000,73.400000,16.300000,73.200847,16.421760,0.199153,0.121760,1,0.000000,,,,,,
1780476121.625864,LASER_TRIGGER,266,46,,,14.100000,16.300000,73.400000,16.300000,73.200847,16.421760,0.199153,0.121760,1,0.000000,0,,sddm,,,
1780476121.625864,GIMBAL_CMD_SEND,267,46,,,,,,,72.792959,16.883130,,,,,,,,,,
1780476121.666379,GIMBAL_ATT,267,46,,,14.100000,16.400000,73.400000,16.400000,72.792959,16.883130,0.607041,0.483130,,,,,,,,
1780476122.009225,GIMBAL_ATT,267,46,,,13.300000,16.800000,72.600000,16.800000,72.792959,16.883130,0.192959,0.083130,,,,,,,,
1780476122.009225,GIMBAL_SETTLED,267,46,,,13.300000,16.800000,72.600000,16.800000,72.792959,16.883130,0.192959,0.083130,1,0.383361,,,,,,
1780476122.301543,LASER_TRIGGER,267,46,,,13.300000,16.800000,72.600000,16.800000,72.792959,16.883130,0.192959,0.083130,1,0.383361,0,,sddm,,,
1780476122.432865,GIMBAL_CMD,268,46,71.888589,17.954726,13.300000,16.800000,,,71.888589,17.954726,,,,,,,,,,
1780476122.696249,GIMBAL_CMD_SEND,268,46,,,,,,,71.888589,17.954726,,,,,,,,,,
1780476122.923943,GIMBAL_CMD,269,46,71.480933,18.319143,13.300000,16.800000,,,71.480933,18.319143,,,,,,,,,,
1780476122.736618,GIMBAL_ATT,268,46,,,13.300000,16.900000,72.600000,16.900000,71.888589,17.954726,0.711411,1.054726,,,,,,,,
1780476123.064522,GIMBAL_CMD_PREEMPT,269,46,,,,,,,71.480933,17.954726,0.407656,0.364417,,,,,,,,
1780476123.064522,GIMBAL_ATT,269,46,,,12.400000,16.900000,71.700000,16.900000,71.480933,17.954726,0.219067,1.054726,,,,,,,,
1780476123.376955,GIMBAL_ATT,269,46,,,12.400000,18.000000,71.700000,18.000000,71.480933,17.954726,0.219067,0.045274,,,,,,,,
1780476123.376955,GIMBAL_SETTLED,269,46,,,12.400000,18.000000,71.700000,18.000000,71.480933,17.954726,0.219067,0.045274,1,0.312433,,,,,,
1780476123.657251,LASER_TRIGGER,269,46,,,12.400000,18.000000,71.700000,18.000000,71.480933,17.954726,0.219067,0.045274,1,0.312433,0,,sddm,,,
1780476128.282434,GIMBAL_CMD,270,46,65.301725,23.455065,12.400000,18.000000,,,65.301725,23.455065,,,,,,,,,,
1780476128.387396,GIMBAL_CMD_SEND,270,46,,,,,,,65.301725,23.455065,,,,,,,,,,
1780476128.708762,GIMBAL_CMD,271,46,65.009358,23.666627,12.400000,18.000000,,,65.009358,23.666627,,,,,,,,,,
1780476128.428450,GIMBAL_ATT,270,46,,,11.500000,18.100000,70.800000,18.100000,65.301725,23.455065,5.498275,5.355065,,,,,,,,
1780476128.738217,GIMBAL_ATT,270,46,,,6.600000,19.400000,65.900000,19.400000,65.301725,23.455065,0.598275,4.055065,,,,,,,,
1780476128.977182,GIMBAL_ATT,270,46,,,5.900000,19.400000,65.200000,19.400000,65.301725,23.455065,0.101725,4.055065,,,,,,,,
1780476129.278933,GIMBAL_ATT,270,46,,,5.900000,19.400000,65.200000,19.400000,65.301725,23.455065,0.101725,4.055065,,,,,,,,
1780476129.582309,GIMBAL_ATT,270,46,,,5.900000,23.400000,65.200000,23.400000,65.301725,23.455065,0.101725,0.055065,,,,,,,,
1780476129.582309,GIMBAL_SETTLED,270,46,,,5.900000,23.400000,65.200000,23.400000,65.301725,23.455065,0.101725,0.055065,1,1.194913,,,,,,
1780476129.873695,LASER_TRIGGER,270,46,,,5.900000,23.400000,65.200000,23.400000,65.301725,23.455065,0.101725,0.055065,1,1.194913,0,,sddm,,,
1780476130.098224,GIMBAL_CMD,272,46,64.768379,23.654954,5.900000,23.400000,,,64.768379,23.654954,,,,,,,,,,
1780476130.263567,GIMBAL_CMD_SEND,272,46,,,,,,,64.768379,23.654954,,,,,,,,,,
1780476130.263567,GIMBAL_ATT,272,46,,,5.900000,23.400000,65.200000,23.400000,64.768379,23.654954,0.431621,0.254954,,,,,,,,
1780476130.674393,GIMBAL_ATT,272,46,,,5.400000,23.400000,64.700000,23.400000,64.768379,23.654954,0.068379,0.254954,,,,,,,,
1780476130.674393,GIMBAL_SETTLED,272,46,,,5.400000,23.400000,64.700000,23.400000,64.768379,23.654954,0.068379,0.254954,1,0.410826,,,,,,
1780476130.952645,LASER_TRIGGER,272,46,,,5.400000,23.400000,64.700000,23.400000,64.768379,23.654954,0.068379,0.254954,1,0.410826,0,,sddm,,,
1780476143.826946,GIMBAL_CMD,273,47,44.919301,5.911883,5.400000,23.400000,,,44.919301,5.911883,,,,,,,,,,
1780476143.945228,GIMBAL_CMD_SEND,273,47,,,,,,,44.919301,5.911883,,,,,,,,,,
1780476143.985989,GIMBAL_ATT,273,47,,,4.300000,23.400000,63.600000,23.400000,44.919301,5.911883,18.680699,17.488117,,,,,,,,
1780476144.292164,GIMBAL_ATT,273,47,,,359.400000,22.100000,58.700000,22.100000,44.919301,5.911883,13.780699,16.188117,,,,,,,,
1780476144.594370,GIMBAL_ATT,273,47,,,350.500000,19.500000,49.800000,19.500000,44.919301,5.911883,4.880699,13.588117,,,,,,,,
1780476144.904170,GIMBAL_ATT,273,47,,,350.500000,15.400000,49.800000,15.400000,44.919301,5.911883,4.880699,9.488117,,,,,,,,
1780476145.263158,GIMBAL_ATT,273,47,,,345.500000,10.000000,44.800000,10.000000,44.919301,5.911883,0.119301,4.088117,,,,,,,,
1780476145.575239,GIMBAL_ATT,273,47,,,345.500000,6.400000,44.800000,6.400000,44.919301,5.911883,0.119301,0.488117,,,,,,,,
1780476145.937546,GIMBAL_ATT,273,47,,,345.500000,5.900000,44.800000,5.900000,44.919301,5.911883,0.119301,0.011883,,,,,,,,
1780476145.937546,GIMBAL_SETTLED,273,47,,,345.500000,5.900000,44.800000,5.900000,44.919301,5.911883,0.119301,0.011883,1,1.992318,,,,,,
1780476146.227854,LASER_TRIGGER,273,47,,,345.500000,5.900000,44.800000,5.900000,44.919301,5.911883,0.119301,0.011883,1,1.992318,0,,sddm,,,
1780476150.970105,GIMBAL_CMD,274,49,41.747287,19.361452,345.500000,5.900000,,,41.747287,19.361452,,,,,,,,,,
1780476150.970105,GIMBAL_CMD_SEND,274,49,,,,,,,41.747287,19.361452,,,,,,,,,,
1780476151.011427,GIMBAL_ATT,274,49,,,344.500000,6.000000,43.800000,6.000000,41.747287,19.361452,2.052713,13.361452,,,,,,,,
1780476151.495757,GIMBAL_CMD,275,49,42.202826,19.396222,344.500000,6.000000,,,42.202826,19.396222,,,,,,,,,,
1780476151.322276,GIMBAL_ATT,274,49,,,344.500000,7.300000,43.800000,7.300000,41.747287,19.361452,2.052713,12.061452,,,,,,,,
1780476151.663268,GIMBAL_CMD_PREEMPT,275,49,,,,,,,42.202826,19.361452,0.455538,0.034771,,,,,,,,
1780476151.888630,GIMBAL_CMD,276,49,42.488074,19.435548,344.500000,7.300000,,,42.488074,19.435548,,,,,,,,,,
1780476151.663268,GIMBAL_ATT,275,49,,,344.500000,10.400000,43.800000,10.400000,42.202826,19.361452,1.597174,8.961452,,,,,,,,
1780476152.055215,GIMBAL_ATT,275,49,,,342.800000,15.800000,42.100000,15.800000,42.202826,19.361452,0.102826,3.561452,,,,,,,,
1780476152.370078,GIMBAL_ATT,275,49,,,342.800000,19.200000,42.100000,19.200000,42.202826,19.361452,0.102826,0.161452,,,,,,,,
1780476152.370078,GIMBAL_SETTLED,275,49,,,342.800000,19.200000,42.100000,19.200000,42.202826,19.361452,0.102826,0.161452,1,0.706810,,,,,,
1780476152.695660,LASER_TRIGGER,275,49,,,342.800000,19.200000,42.100000,19.200000,42.202826,19.361452,0.102826,0.161452,1,0.706810,0,,sddm,,,
1780476152.833345,GIMBAL_CMD,277,49,42.731147,19.529516,342.800000,19.200000,,,42.731147,19.529516,,,,,,,,,,
1780476153.085737,GIMBAL_CMD_SEND,277,49,,,,,,,42.731147,19.529516,,,,,,,,,,
1780476153.085737,GIMBAL_ATT,277,49,,,342.800000,19.300000,42.100000,19.300000,42.731147,19.529516,0.631147,0.229516,,,,,,,,
1780476153.493677,GIMBAL_ATT,277,49,,,343.300000,19.300000,42.600000,19.300000,42.731147,19.529516,0.131147,0.229516,,,,,,,,
1780476153.493677,GIMBAL_SETTLED,277,49,,,343.300000,19.300000,42.600000,19.300000,42.731147,19.529516,0.131147,0.229516,1,0.407940,,,,,,
1780476153.772761,LASER_TRIGGER,277,49,,,343.300000,19.300000,42.600000,19.300000,42.731147,19.529516,0.131147,0.229516,1,0.407940,0,,sddm,,,
1780476153.862783,GIMBAL_CMD,278,49,42.996868,19.575256,343.300000,19.300000,,,42.996868,19.575256,,,,,,,,,,
1780476153.862783,GIMBAL_CMD_SEND,278,49,,,,,,,42.996868,19.575256,,,,,,,,,,
1780476153.904103,GIMBAL_ATT,278,49,,,343.300000,19.400000,42.600000,19.400000,42.996868,19.575256,0.396868,0.175256,,,,,,,,
1780476154.199154,GIMBAL_ATT,278,49,,,343.500000,19.500000,42.800000,19.500000,42.996868,19.575256,0.196868,0.075256,,,,,,,,
1780476154.199154,GIMBAL_SETTLED,278,49,,,343.500000,19.500000,42.800000,19.500000,42.996868,19.575256,0.196868,0.075256,1,0.336370,,,,,,
1780476154.492884,LASER_TRIGGER,278,49,,,343.500000,19.500000,42.800000,19.500000,42.996868,19.575256,0.196868,0.075256,1,0.336370,0,,sddm,,,
1780476155.666548,GIMBAL_CMD,279,49,43.258767,19.612064,343.500000,19.500000,,,43.258767,19.612064,,,,,,,,,,
1780476155.672724,GIMBAL_CMD_SEND,279,49,,,,,,,43.258767,19.612064,,,,,,,,,,
1780476155.672724,GIMBAL_ATT,279,49,,,343.500000,19.500000,42.800000,19.500000,43.258767,19.612064,0.458767,0.112064,,,,,,,,
1780476156.039877,GIMBAL_ATT,279,49,,,343.900000,19.500000,43.200000,19.500000,43.258767,19.612064,0.058767,0.112064,,,,,,,,
1780476156.039877,GIMBAL_SETTLED,279,49,,,343.900000,19.500000,43.200000,19.500000,43.258767,19.612064,0.058767,0.112064,1,0.367152,,,,,,
1780476156.335003,LASER_TRIGGER,279,49,,,343.900000,19.500000,43.200000,19.500000,43.258767,19.612064,0.058767,0.112064,1,0.367152,0,,sddm,,,
1780476171.968062,GIMBAL_CMD,280,49,62.037473,22.842831,343.900000,19.500000,,,62.037473,22.842831,,,,,,,,,,
1780476172.029745,GIMBAL_CMD_SEND,280,49,,,,,,,62.037473,22.842831,,,,,,,,,,
1780476172.293102,GIMBAL_CMD,281,49,63.544992,23.040989,343.900000,19.500000,,,63.544992,23.040989,,,,,,,,,,
1780476172.070153,GIMBAL_ATT,280,49,,,344.900000,19.600000,44.200000,19.600000,62.037473,22.842831,17.837473,3.242831,,,,,,,,
1780476172.380567,GIMBAL_CMD_PREEMPT,281,49,,,,,,,63.544992,22.842831,1.507519,0.198157,,,,,,,,
1780476172.380567,GIMBAL_ATT,281,49,,,350.200000,20.900000,49.500000,20.900000,63.544992,22.842831,14.044992,1.942831,,,,,,,,
1780476172.693620,GIMBAL_ATT,281,49,,,2.100000,20.900000,61.400000,20.900000,63.544992,22.842831,2.144992,1.942831,,,,,,,,
1780476173.350081,GIMBAL_CMD,282,49,66.038969,23.330256,2.100000,20.900000,,,66.038969,23.330256,,,,,,,,,,
1780476173.092776,GIMBAL_ATT,281,49,,,4.200000,20.900000,63.500000,20.900000,63.544992,22.842831,0.044992,1.942831,,,,,,,,
1780476173.396602,GIMBAL_CMD_PREEMPT,282,49,,,,,,,66.038969,22.842831,2.493977,0.487425,,,,,,,,
1780476173.651470,GIMBAL_CMD,283,49,66.244334,23.370118,4.200000,20.900000,,,66.244334,23.370118,,,,,,,,,,
1780476173.396602,GIMBAL_ATT,282,49,,,5.200000,22.800000,64.500000,22.800000,66.038969,22.842831,1.538969,0.042831,,,,,,,,
1780476173.709855,GIMBAL_ATT,282,49,,,6.600000,22.800000,65.900000,22.800000,66.038969,22.842831,0.138969,0.042831,,,,,,,,
1780476173.709855,GIMBAL_SETTLED,282,49,,,6.600000,22.800000,65.900000,22.800000,66.038969,22.842831,0.138969,0.042831,1,0.313252,,,,,,
1780476174.004651,LASER_TRIGGER,282,49,,,6.600000,22.800000,65.900000,22.800000,66.038969,22.842831,0.138969,0.042831,1,0.313252,0,,sddm,,,
1780476179.947468,GIMBAL_CMD,284,49,76.726435,21.927315,6.600000,22.800000,,,76.726435,21.927315,,,,,,,,,,
1780476179.947468,GIMBAL_CMD_SEND,284,49,,,,,,,76.726435,21.927315,,,,,,,,,,
1780476179.988451,GIMBAL_ATT,284,49,,,7.800000,22.800000,67.100000,22.800000,76.726435,21.927315,9.626435,0.872685,,,,,,,,
1780476180.273572,GIMBAL_ATT,284,49,,,12.400000,22.800000,71.700000,22.800000,76.726435,21.927315,5.026435,0.872685,,,,,,,,
1780476180.773869,GIMBAL_CMD,285,49,77.116817,21.866042,12.400000,22.800000,,,77.116817,21.866042,,,,,,,,,,
1780476180.589066,GIMBAL_ATT,284,49,,,12.400000,22.000000,71.700000,22.000000,76.726435,21.927315,5.026435,0.072685,,,,,,,,
1780476180.979677,GIMBAL_CMD_PREEMPT,285,49,,,,,,,77.116817,21.927315,0.390383,0.061273,,,,,,,,
1780476180.979677,GIMBAL_ATT,285,49,,,12.400000,22.000000,71.700000,22.000000,77.116817,21.927315,5.416817,0.072685,,,,,,,,
1780476181.372062,GIMBAL_ATT,285,49,,,17.700000,22.000000,77.000000,22.000000,77.116817,21.927315,0.116817,0.072685,,,,,,,,
1780476181.372062,GIMBAL_SETTLED,285,49,,,17.700000,22.000000,77.000000,22.000000,77.116817,21.927315,0.116817,0.072685,1,0.392385,,,,,,
1780476181.664271,LASER_TRIGGER,285,49,,,17.700000,22.000000,77.000000,22.000000,77.116817,21.927315,0.116817,0.072685,1,0.392385,0,,sddm,,,
1780476182.605893,GIMBAL_CMD,286,49,77.842279,22.065264,17.700000,22.000000,,,77.842279,22.065264,,,,,,,,,,
1780476182.843532,GIMBAL_CMD_SEND,286,49,,,,,,,77.842279,22.065264,,,,,,,,,,
1780476182.843532,GIMBAL_ATT,286,49,,,17.700000,22.000000,77.000000,22.000000,77.842279,22.065264,0.842279,0.065264,,,,,,,,
1780476183.273051,GIMBAL_ATT,286,49,,,18.500000,22.000000,77.800000,22.000000,77.842279,22.065264,0.042279,0.065264,,,,,,,,
1780476183.273051,GIMBAL_SETTLED,286,49,,,18.500000,22.000000,77.800000,22.000000,77.842279,22.065264,0.042279,0.065264,1,0.429519,,,,,,
1780476183.567039,LASER_TRIGGER,286,49,,,18.500000,22.000000,77.800000,22.000000,77.842279,22.065264,0.042279,0.065264,1,0.429519,0,,sddm,,,
1780476188.727867,GIMBAL_CMD,287,49,77.521193,22.082033,18.500000,22.000000,,,77.521193,22.082033,,,,,,,,,,
1780476188.727867,GIMBAL_CMD_SEND,287,49,,,,,,,77.521193,22.082033,,,,,,,,,,
1780476188.728670,GIMBAL_ATT,287,49,,,18.500000,22.000000,77.800000,22.000000,77.521193,22.082033,0.278807,0.082033,,,,,,,,
1780476188.728670,GIMBAL_SETTLED,287,49,,,18.500000,22.000000,77.800000,22.000000,77.521193,22.082033,0.278807,0.082033,1,0.000803,,,,,,
1780476189.085436,LASER_TRIGGER,287,49,,,18.500000,22.000000,77.800000,22.000000,77.521193,22.082033,0.278807,0.082033,1,0.000803,0,,sddm,,,
1780476193.356866,GIMBAL_CMD,288,49,77.450453,21.871095,18.300000,22.000000,,,77.450453,21.871095,,,,,,,,,,
1780476193.399116,GIMBAL_CMD_SEND,288,49,,,,,,,77.450453,21.871095,,,,,,,,,,
1780476193.399116,GIMBAL_ATT,288,49,,,18.300000,22.000000,77.600000,22.000000,77.450453,21.871095,0.149547,0.128905,,,,,,,,
1780476193.399116,GIMBAL_SETTLED,288,49,,,18.300000,22.000000,77.600000,22.000000,77.450453,21.871095,0.149547,0.128905,1,0.000000,,,,,,
1780476193.680985,LASER_TRIGGER,288,49,,,18.300000,22.000000,77.600000,22.000000,77.450453,21.871095,0.149547,0.128905,1,0.000000,0,,sddm,,,
1780476200.442372,GIMBAL_CMD,289,49,77.636452,21.372005,18.300000,22.000000,,,77.636452,21.372005,,,,,,,,,,
1780476200.442372,GIMBAL_CMD_SEND,289,49,,,,,,,77.636452,21.372005,,,,,,,,,,
1780476200.443016,GIMBAL_ATT,289,49,,,18.300000,22.000000,77.600000,22.000000,77.636452,21.372005,0.036452,0.627995,,,,,,,,
1780476200.707388,GIMBAL_ATT,289,49,,,18.300000,22.000000,77.600000,22.000000,77.636452,21.372005,0.036452,0.627995,,,,,,,,
1780476201.015376,GIMBAL_ATT,289,49,,,18.300000,21.300000,77.600000,21.300000,77.636452,21.372005,0.036452,0.072005,,,,,,,,
1780476201.015376,GIMBAL_SETTLED,289,49,,,18.300000,21.300000,77.600000,21.300000,77.636452,21.372005,0.036452,0.072005,1,0.573003,,,,,,
1780476201.308338,LASER_TRIGGER,289,49,,,18.300000,21.300000,77.600000,21.300000,77.636452,21.372005,0.036452,0.072005,1,0.573003,0,,sddm,,,
1780476203.432260,GIMBAL_CMD,290,49,77.652610,21.529921,18.300000,21.300000,,,77.652610,21.529921,,,,,,,,,,
1780476203.654595,GIMBAL_CMD_SEND,290,49,,,,,,,77.652610,21.529921,,,,,,,,,,
1780476203.654595,GIMBAL_ATT,290,49,,,18.300000,21.300000,77.600000,21.300000,77.652610,21.529921,0.052610,0.229921,,,,,,,,
1780476203.654595,GIMBAL_SETTLED,290,49,,,18.300000,21.300000,77.600000,21.300000,77.652610,21.529921,0.052610,0.229921,1,0.000000,,,,,,
1780476203.937883,LASER_TRIGGER,290,49,,,18.300000,21.300000,77.600000,21.300000,77.652610,21.529921,0.052610,0.229921,1,0.000000,0,,sddm,,,
1780476209.534023,GIMBAL_CMD,291,49,75.181034,14.771306,18.300000,21.300000,,,75.181034,14.771306,,,,,,,,,,
1780476209.534551,GIMBAL_CMD_SEND,291,49,,,,,,,75.181034,14.771306,,,,,,,,,,
1780476209.575562,GIMBAL_ATT,291,49,,,17.100000,21.200000,76.400000,21.200000,75.181034,14.771306,1.218966,6.428694,,,,,,,,
1780476209.897190,GIMBAL_ATT,291,49,,,15.700000,21.200000,75.000000,21.200000,75.181034,14.771306,0.181034,6.428694,,,,,,,,
1780476210.211060,GIMBAL_ATT,291,49,,,15.700000,17.000000,75.000000,17.000000,75.181034,14.771306,0.181034,2.228694,,,,,,,,
1780476210.522475,GIMBAL_ATT,291,49,,,15.700000,17.000000,75.000000,17.000000,75.181034,14.771306,0.181034,2.228694,,,,,,,,
1780476210.839058,GIMBAL_ATT,291,49,,,15.700000,14.800000,75.000000,14.800000,75.181034,14.771306,0.181034,0.028694,,,,,,,,
1780476210.839058,GIMBAL_SETTLED,291,49,,,15.700000,14.800000,75.000000,14.800000,75.181034,14.771306,0.181034,0.028694,1,1.304507,,,,,,
1780476211.116385,LASER_TRIGGER,291,49,,,15.700000,14.800000,75.000000,14.800000,75.181034,14.771306,0.181034,0.028694,1,1.304507,0,,sddm,,,
1780476211.883123,GIMBAL_CMD,292,49,72.500019,17.226392,15.700000,14.800000,,,72.500019,17.226392,,,,,,,,,,
1780476211.899109,GIMBAL_CMD_SEND,292,49,,,,,,,72.500019,17.226392,,,,,,,,,,
1780476211.940096,GIMBAL_ATT,292,49,,,14.700000,14.900000,74.000000,14.900000,72.500019,17.226392,1.499981,2.326392,,,,,,,,
1780476212.250286,GIMBAL_ATT,292,49,,,14.700000,14.900000,74.000000,14.900000,72.500019,17.226392,1.499981,2.326392,,,,,,,,
1780476212.757885,GIMBAL_CMD,293,49,72.163602,18.305177,14.700000,14.900000,,,72.163602,18.305177,,,,,,,,,,
1780476212.767755,GIMBAL_CMD_PREEMPT,293,49,,,,,,,72.163602,18.305177,0.336417,1.078785,,,,,,,,
1780476212.767755,GIMBAL_ATT,293,49,,,14.700000,17.400000,74.000000,17.400000,72.163602,18.305177,1.836398,0.905177,,,,,,,,
1780476213.159167,GIMBAL_ATT,293,49,,,12.800000,17.400000,72.100000,17.400000,72.163602,18.305177,0.063602,0.905177,,,,,,,,
1780476213.582840,GIMBAL_ATT,293,49,,,12.800000,18.300000,72.100000,18.300000,72.163602,18.305177,0.063602,0.005177,,,,,,,,
1780476213.582840,GIMBAL_SETTLED,293,49,,,12.800000,18.300000,72.100000,18.300000,72.163602,18.305177,0.063602,0.005177,1,0.815085,,,,,,
1780476213.875168,LASER_TRIGGER,293,49,,,12.800000,18.300000,72.100000,18.300000,72.163602,18.305177,0.063602,0.005177,1,0.815085,0,,sddm,,,
1780476220.899174,GIMBAL_CMD,294,49,66.033348,9.831463,12.800000,18.300000,,,66.033348,9.831463,,,,,,,,,,
1780476220.934505,GIMBAL_CMD_SEND,294,49,,,,,,,66.033348,9.831463,,,,,,,,,,
1780476220.975112,GIMBAL_ATT,294,49,,,11.700000,18.200000,71.000000,18.200000,66.033348,9.831463,4.966652,8.368537,,,,,,,,
1780476221.389121,GIMBAL_CMD,295,49,65.706224,9.689804,11.700000,18.200000,,,65.706224,9.689804,,,,,,,,,,
1780476221.284009,GIMBAL_ATT,294,49,,,7.000000,17.000000,66.300000,17.000000,66.033348,9.831463,0.266652,7.168537,,,,,,,,
1780476221.513071,GIMBAL_CMD_PREEMPT,295,49,,,,,,,65.706224,9.831463,0.327124,0.141659,,,,,,,,
1780476221.513071,GIMBAL_ATT,295,49,,,6.600000,17.000000,65.900000,17.000000,65.706224,9.831463,0.193776,7.168537,,,,,,,,
1780476221.828658,GIMBAL_ATT,295,49,,,6.600000,11.600000,65.900000,11.600000,65.706224,9.831463,0.193776,1.768537,,,,,,,,
1780476222.070536,GIMBAL_ATT,295,49,,,6.600000,11.600000,65.900000,11.600000,65.706224,9.831463,0.193776,1.768537,,,,,,,,
1780476222.378328,GIMBAL_ATT,295,49,,,6.600000,9.900000,65.900000,9.900000,65.706224,9.831463,0.193776,0.068537,,,,,,,,
1780476222.378328,GIMBAL_SETTLED,295,49,,,6.600000,9.900000,65.900000,9.900000,65.706224,9.831463,0.193776,0.068537,1,0.865257,,,,,,
1780476222.672735,LASER_TRIGGER,295,49,,,6.600000,9.900000,65.900000,9.900000,65.706224,9.831463,0.193776,0.068537,1,0.865257,0,,sddm,,,
1780476223.298329,GIMBAL_CMD,296,49,64.595146,10.579149,6.600000,9.900000,,,64.595146,10.579149,,,,,,,,,,
1780476223.456955,GIMBAL_CMD_SEND,296,49,,,,,,,64.595146,10.579149,,,,,,,,,,
1780476223.497607,GIMBAL_ATT,296,49,,,5.500000,10.000000,64.800000,10.000000,64.595146,10.579149,0.204854,0.579149,,,,,,,,
1780476223.860162,GIMBAL_CMD,297,49,64.453023,10.836881,5.500000,10.000000,,,64.453023,10.836881,,,,,,,,,,
1780476223.737019,GIMBAL_ATT,296,49,,,5.200000,10.000000,64.500000,10.000000,64.595146,10.579149,0.095146,0.579149,,,,,,,,
1780476224.055565,GIMBAL_ATT,296,49,,,5.200000,10.500000,64.500000,10.500000,64.595146,10.579149,0.095146,0.079149,,,,,,,,
1780476224.055565,GIMBAL_SETTLED,296,49,,,5.200000,10.500000,64.500000,10.500000,64.595146,10.579149,0.095146,0.079149,1,0.598610,,,,,,
1780476224.347903,LASER_TRIGGER,296,49,,,5.200000,10.500000,64.500000,10.500000,64.595146,10.579149,0.095146,0.079149,1,0.598610,0,,sddm,,,
1780476226.249677,GIMBAL_CMD,298,49,64.650116,10.713163,5.200000,10.500000,,,64.650116,10.713163,,,,,,,,,,
1780476226.308850,GIMBAL_CMD_SEND,298,49,,,,,,,64.650116,10.713163,,,,,,,,,,
1780476226.308850,GIMBAL_ATT,298,49,,,5.200000,10.500000,64.500000,10.500000,64.650116,10.713163,0.150116,0.213163,,,,,,,,
1780476226.308850,GIMBAL_SETTLED,298,49,,,5.200000,10.500000,64.500000,10.500000,64.650116,10.713163,0.150116,0.213163,1,0.000000,,,,,,
1780476226.591554,LASER_TRIGGER,298,49,,,5.200000,10.500000,64.500000,10.500000,64.650116,10.713163,0.150116,0.213163,1,0.000000,0,,sddm,,,
1780476227.319845,GIMBAL_CMD,299,49,64.730544,10.576231,5.200000,10.500000,,,64.730544,10.576231,,,,,,,,,,
1780476227.373265,GIMBAL_CMD_SEND,299,49,,,,,,,64.730544,10.576231,,,,,,,,,,
1780476227.373265,GIMBAL_ATT,299,49,,,5.200000,10.500000,64.500000,10.500000,64.730544,10.576231,0.230544,0.076231,,,,,,,,
1780476227.373265,GIMBAL_SETTLED,299,49,,,5.200000,10.500000,64.500000,10.500000,64.730544,10.576231,0.230544,0.076231,1,0.000000,,,,,,
1780476227.654756,LASER_TRIGGER,299,49,,,5.200000,10.500000,64.500000,10.500000,64.730544,10.576231,0.230544,0.076231,1,0.000000,0,,sddm,,,
1780476230.863236,GIMBAL_CMD,300,49,64.521161,10.478462,5.200000,10.500000,,,64.521161,10.478462,,,,,,,,,,
1780476230.863236,GIMBAL_CMD_SEND,300,49,,,,,,,64.521161,10.478462,,,,,,,,,,
1780476230.863236,GIMBAL_ATT,300,49,,,5.200000,10.500000,64.500000,10.500000,64.521161,10.478462,0.021161,0.021538,,,,,,,,
1780476230.863236,GIMBAL_SETTLED,300,49,,,5.200000,10.500000,64.500000,10.500000,64.521161,10.478462,0.021161,0.021538,1,0.000000,,,,,,
1780476231.148938,LASER_TRIGGER,300,49,,,5.200000,10.500000,64.500000,10.500000,64.521161,10.478462,0.021161,0.021538,1,0.000000,0,,sddm,,,
1780476232.615864,GIMBAL_CMD,301,49,64.290534,10.404851,5.200000,10.500000,,,64.290534,10.404851,,,,,,,,,,
1780476232.736215,GIMBAL_CMD_SEND,301,49,,,,,,,64.290534,10.404851,,,,,,,,,,
1780476232.736215,GIMBAL_ATT,301,49,,,5.200000,10.500000,64.500000,10.500000,64.290534,10.404851,0.209466,0.095149,,,,,,,,
1780476232.736215,GIMBAL_SETTLED,301,49,,,5.200000,10.500000,64.500000,10.500000,64.290534,10.404851,0.209466,0.095149,1,0.000000,,,,,,
1780476233.077282,LASER_TRIGGER,301,49,,,5.200000,10.500000,64.500000,10.500000,64.290534,10.404851,0.209466,0.095149,1,0.000000,0,,sddm,,,
