[Log] stdout/stderr -> logs\20260603_160815\main_tracking_v9_20260603_160815.log
[FieldLog] enabled: C:\Users\cv1124\dym\gimbal\logs\20260603_160815
[Config] DEVICE_HEADING_DEG=180.00 (map north=0, east=90, south=180)
[Config] UI_REAL_LASER_ONLY=True
[GPS] Thread started, periodic UI updates enabled on COM8@115200, fix_timeout=5s, ui_interval=10.0s[Init] Connecting to Gimbal at COM11...

[GT06Z] Driver Ready on COM11.
[Adapter] GT06Z 云台已连接: COM11
[GPS] GGA fix_quality=1, num_sats=10, hdop=1.6, lat=30.408089940333333, lon=104.08864740966666
[LaserThread] 激光读取线程已启动
[Init] Real laser enabled on COM10
[Init] UI distance priority: laser -> mono; UDP distance disabled
[Laser] start_measurement mode=continuous
[Init] Queue gimbal initial posture: Az=59.30°, El=0.00°
[GimbalThread] 控制线程已启动
[Net] Listening RK3588 on 8888...
=== System V9.0 (Predictive Tracking & Scheduling) Running ===
[LIVE] udp=0.0/s, objs=0.0/s, last_udp=, meas=0, tracks=0, valid=0, master=None
[LIVE] udp=1.0/s, objs=1.0/s, last_udp=0.99s, meas=1, tracks=1, valid=0, master=None
[LIVE] udp=1.0/s, objs=1.0/s, last_udp=0.09s, meas=1, tracks=1, valid=0, master=None
[LIVE] udp=1.0/s, objs=1.0/s, last_udp=0.93s, meas=1, tracks=1, valid=0, master=None
[LIVE] udp=2.0/s, objs=2.0/s, last_udp=0.56s, meas=1, tracks=1, valid=1, master=1
[LIVE] udp=0.0/s, objs=0.0/s, last_udp=1.56s, meas=1, tracks=1, valid=1, master=1
[LIVE] udp=3.0/s, objs=4.0/s, last_udp=0.59s, meas=2, tracks=2, valid=1, master=1
[LIVE] udp=1.0/s, objs=2.0/s, last_udp=0.11s, meas=2, tracks=2, valid=1, master=1
[LIVE] udp=2.0/s, objs=2.0/s, last_udp=0.82s, meas=1, tracks=2, valid=1, master=1
[GPS] GGA fix_quality=1, num_sats=11, hdop=1.3, lat=30.408091308, lon=104.08863411883334
[LIVE] udp=0.0/s, objs=0.0/s, last_udp=1.82s, meas=1, tracks=2, valid=1, master=1
[LIVE] udp=3.0/s, objs=3.0/s, last_udp=0.64s, meas=1, tracks=2, valid=1, master=1
[LIVE] udp=0.0/s, objs=0.0/s, last_udp=1.64s, meas=1, tracks=2, valid=1, master=1
[LIVE] udp=0.0/s, objs=0.0/s, last_udp=2.64s, meas=1, tracks=2, valid=1, master=1
[LIVE] udp=3.0/s, objs=3.0/s, last_udp=0.08s, meas=1, tracks=2, valid=1, master=1
[LIVE] udp=0.0/s, objs=0.0/s, last_udp=1.09s, meas=1, tracks=2, valid=1, master=1
[LIVE] udp=0.0/s, objs=0.0/s, last_udp=2.09s, meas=1, tracks=2, valid=1, master=1
[LIVE] udp=0.0/s, objs=0.0/s, last_udp=3.09s, meas=1, tracks=2, valid=1, master=1
[LIVE] udp=3.0/s, objs=3.0/s, last_udp=0.31s, meas=1, tracks=2, valid=1, master=1
[LIVE] udp=0.0/s, objs=0.0/s, last_udp=1.31s, meas=1, tracks=2, valid=1, master=1
[GPS] GGA fix_quality=1, num_sats=12, hdop=1.2, lat=30.4080918915, lon=104.08862722783333
[LIVE] udp=0.0/s, objs=0.0/s, last_udp=2.31s, meas=1, tracks=2, valid=1, master=1
[LIVE] udp=0.0/s, objs=0.0/s, last_udp=3.32s, meas=1, tracks=2, valid=1, master=1
[LIVE] udp=0.0/s, objs=0.0/s, last_udp=4.32s, meas=1, tracks=2, valid=1, master=1
[LIVE] udp=3.0/s, objs=3.0/s, last_udp=0.55s, meas=1, tracks=1, valid=1, master=1
[LIVE] udp=0.0/s, objs=0.0/s, last_udp=1.55s, meas=1, tracks=1, valid=1, master=1
[LIVE] udp=0.0/s, objs=0.0/s, last_udp=2.55s, meas=1, tracks=1, valid=1, master=1
[LIVE] udp=0.0/s, objs=0.0/s, last_udp=3.55s, meas=1, tracks=1, valid=1, master=1
[LIVE] udp=2.0/s, objs=2.0/s, last_udp=0.69s, meas=1, tracks=1, valid=1, master=1
[LIVE] udp=0.0/s, objs=0.0/s, last_udp=1.69s, meas=1, tracks=1, valid=1, master=1
[LIVE] udp=0.0/s, objs=0.0/s, last_udp=2.70s, meas=1, tracks=1, valid=1, master=1
[GPS] GGA fix_quality=1, num_sats=13, hdop=1.0, lat=30.408090512333334, lon=104.08861909066667
[LIVE] udp=0.0/s, objs=0.0/s, last_udp=3.70s, meas=1, tracks=1, valid=1, master=1
[LIVE] udp=0.0/s, objs=0.0/s, last_udp=4.71s, meas=1, tracks=1, valid=1, master=1
[LIVE] udp=1.0/s, objs=2.0/s, last_udp=0.78s, meas=2, tracks=2, valid=1, master=1
[LIVE] udp=0.0/s, objs=0.0/s, last_udp=1.79s, meas=2, tracks=2, valid=1, master=1
[LIVE] udp=0.0/s, objs=0.0/s, last_udp=2.79s, meas=2, tracks=2, valid=1, master=1
[LIVE] udp=3.0/s, objs=4.0/s, last_udp=0.51s, meas=1, tracks=3, valid=1, master=3
[LIVE] udp=0.0/s, objs=0.0/s, last_udp=1.51s, meas=1, tracks=3, valid=1, master=3
[LIVE] udp=0.0/s, objs=0.0/s, last_udp=2.51s, meas=1, tracks=3, valid=1, master=3
[LIVE] udp=0.0/s, objs=0.0/s, last_udp=3.51s, meas=1, tracks=3, valid=1, master=3
[LIVE] udp=0.0/s, objs=0.0/s, last_udp=4.52s, meas=1, tracks=3, valid=1, master=3
[GPS] GGA fix_quality=1, num_sats=14, hdop=1.0, lat=30.40808659016667, lon=104.08862073133334
[LIVE] udp=0.0/s, objs=0.0/s, last_udp=5.52s, meas=1, tracks=3, valid=1, master=3
[LIVE] udp=0.0/s, objs=0.0/s, last_udp=6.52s, meas=1, tracks=3, valid=1, master=3
[LIVE] udp=0.0/s, objs=0.0/s, last_udp=7.52s, meas=1, tracks=3, valid=1, master=3
[LIVE] udp=0.0/s, objs=0.0/s, last_udp=8.52s, meas=1, tracks=3, valid=1, master=3
[LIVE] udp=0.0/s, objs=0.0/s, last_udp=9.52s, meas=1, tracks=3, valid=1, master=3
[LIVE] udp=0.0/s, objs=0.0/s, last_udp=10.53s, meas=1, tracks=3, valid=1, master=3
[LIVE] udp=0.0/s, objs=0.0/s, last_udp=11.53s, meas=1, tracks=3, valid=1, master=3
[LIVE] udp=0.0/s, objs=0.0/s, last_udp=12.53s, meas=1, tracks=3, valid=1, master=3
[LIVE] udp=0.0/s, objs=0.0/s, last_udp=13.53s, meas=1, tracks=3, valid=1, master=3
[LIVE] udp=0.0/s, objs=0.0/s, last_udp=14.53s, meas=1, tracks=3, valid=1, master=3
[GPS] GGA fix_quality=1, num_sats=14, hdop=1.0, lat=30.408087249333335, lon=104.088627643
[LIVE] udp=0.0/s, objs=0.0/s, last_udp=15.54s, meas=1, tracks=3, valid=1, master=3
[LIVE] udp=0.0/s, objs=0.0/s, last_udp=16.54s, meas=1, tracks=3, valid=1, master=3
[LIVE] udp=0.0/s, objs=0.0/s, last_udp=17.54s, meas=1, tracks=3, valid=1, master=3
[LIVE] udp=0.0/s, objs=0.0/s, last_udp=18.55s, meas=1, tracks=3, valid=1, master=3
[LIVE] udp=0.0/s, objs=0.0/s, last_udp=19.55s, meas=1, tracks=3, valid=1, master=3
[LIVE] udp=0.0/s, objs=0.0/s, last_udp=20.55s, meas=1, tracks=3, valid=1, master=3
[LIVE] udp=0.0/s, objs=0.0/s, last_udp=21.55s, meas=1, tracks=3, valid=1, master=3
[LIVE] udp=0.0/s, objs=0.0/s, last_udp=22.56s, meas=1, tracks=3, valid=1, master=3
[LIVE] udp=0.0/s, objs=0.0/s, last_udp=23.56s, meas=1, tracks=3, valid=1, master=3
[GPS] GGA fix_quality=1, num_sats=14, hdop=1.0, lat=30.408088703666667, lon=104.0886287085
[LIVE] udp=0.0/s, objs=0.0/s, last_udp=24.56s, meas=1, tracks=3, valid=1, master=3
[LIVE] udp=0.0/s, objs=0.0/s, last_udp=25.56s, meas=1, tracks=3, valid=1, master=3
[LIVE] udp=0.0/s, objs=0.0/s, last_udp=26.56s, meas=1, tracks=3, valid=1, master=3
[LIVE] udp=2.0/s, objs=2.0/s, last_udp=0.54s, meas=1, tracks=1, valid=0, master=3
[LIVE] udp=0.0/s, objs=0.0/s, last_udp=1.55s, meas=1, tracks=1, valid=0, master=3
[LIVE] udp=2.0/s, objs=3.0/s, last_udp=0.22s, meas=3, tracks=3, valid=0, master=3
[LIVE] udp=0.0/s, objs=0.0/s, last_udp=1.22s, meas=3, tracks=3, valid=0, master=3
[LIVE] udp=0.0/s, objs=0.0/s, last_udp=2.23s, meas=3, tracks=3, valid=0, master=3
[LIVE] udp=0.0/s, objs=0.0/s, last_udp=3.23s, meas=3, tracks=3, valid=0, master=3
[LIVE] udp=0.0/s, objs=0.0/s, last_udp=4.23s, meas=3, tracks=3, valid=0, master=3
[GPS] GGA fix_quality=1, num_sats=16, hdop=1.0, lat=30.408089360833333, lon=104.08864279533333
[LIVE] udp=2.0/s, objs=2.0/s, last_udp=0.57s, meas=1, tracks=3, valid=0, master=3
[LIVE] udp=0.0/s, objs=0.0/s, last_udp=1.58s, meas=1, tracks=3, valid=0, master=3
[LIVE] udp=0.0/s, objs=0.0/s, last_udp=2.58s, meas=1, tracks=3, valid=0, master=3
[LIVE] udp=2.0/s, objs=2.0/s, last_udp=0.82s, meas=1, tracks=3, valid=1, master=7
[LIVE] udp=0.0/s, objs=0.0/s, last_udp=1.82s, meas=1, tracks=3, valid=1, master=7
[LIVE] udp=2.0/s, objs=2.0/s, last_udp=0.17s, meas=1, tracks=3, valid=0, master=7
[LIVE] udp=0.0/s, objs=0.0/s, last_udp=1.17s, meas=1, tracks=3, valid=0, master=7
[LIVE] udp=2.0/s, objs=3.0/s, last_udp=0.25s, meas=2, tracks=2, valid=1, master=7
[LIVE] udp=0.0/s, objs=0.0/s, last_udp=1.25s, meas=2, tracks=2, valid=1, master=7
[LIVE] udp=2.0/s, objs=2.0/s, last_udp=0.26s, meas=1, tracks=2, valid=1, master=7
[GPS] GGA fix_quality=1, num_sats=16, hdop=1.0, lat=30.408088401166665, lon=104.08864897733334
[LIVE] udp=0.0/s, objs=0.0/s, last_udp=1.26s, meas=1, tracks=2, valid=1, master=7
[LIVE] udp=0.0/s, objs=0.0/s, last_udp=2.26s, meas=1, tracks=2, valid=1, master=7
[LIVE] udp=0.0/s, objs=0.0/s, last_udp=3.26s, meas=1, tracks=2, valid=1, master=7
[LIVE] udp=0.0/s, objs=0.0/s, last_udp=4.27s, meas=1, tracks=2, valid=1, master=7
[LIVE] udp=0.0/s, objs=0.0/s, last_udp=5.27s, meas=1, tracks=2, valid=1, master=7
[LIVE] udp=2.0/s, objs=2.0/s, last_udp=0.74s, meas=1, tracks=2, valid=1, master=7
[LIVE] udp=1.0/s, objs=1.0/s, last_udp=0.00s, meas=1, tracks=2, valid=1, master=7
[LIVE] udp=2.0/s, objs=2.0/s, last_udp=0.70s, meas=1, tracks=2, valid=1, master=7
[LIVE] udp=0.0/s, objs=0.0/s, last_udp=1.70s, meas=1, tracks=2, valid=1, master=7
[LIVE] udp=2.0/s, objs=2.0/s, last_udp=0.10s, meas=1, tracks=1, valid=1, master=7
[GPS] GGA fix_quality=1, num_sats=17, hdop=0.9, lat=30.4080870835, lon=104.08863948366667
[LIVE] udp=1.0/s, objs=1.0/s, last_udp=0.96s, meas=1, tracks=1, valid=1, master=7
[LIVE] udp=3.0/s, objs=3.0/s, last_udp=0.18s, meas=1, tracks=1, valid=1, master=7
[LIVE] udp=0.0/s, objs=0.0/s, last_udp=1.19s, meas=1, tracks=1, valid=1, master=7
[LIVE] udp=1.0/s, objs=1.0/s, last_udp=0.65s, meas=1, tracks=1, valid=1, master=7
[LIVE] udp=0.0/s, objs=0.0/s, last_udp=1.65s, meas=1, tracks=1, valid=1, master=7
[LIVE] udp=0.0/s, objs=0.0/s, last_udp=2.65s, meas=1, tracks=1, valid=1, master=7
[LIVE] udp=0.0/s, objs=0.0/s, last_udp=3.66s, meas=1, tracks=1, valid=1, master=7
[LIVE] udp=0.0/s, objs=0.0/s, last_udp=4.66s, meas=1, tracks=1, valid=1, master=7
[LIVE] udp=0.0/s, objs=0.0/s, last_udp=5.67s, meas=1, tracks=1, valid=1, master=7
[LIVE] udp=0.0/s, objs=0.0/s, last_udp=6.67s, meas=1, tracks=1, valid=1, master=7
[GPS] GGA fix_quality=1, num_sats=13, hdop=1.1, lat=30.408088263833335, lon=104.0886463115
[LIVE] udp=0.0/s, objs=0.0/s, last_udp=7.67s, meas=1, tracks=1, valid=1, master=7
[LIVE] udp=0.0/s, objs=0.0/s, last_udp=8.67s, meas=1, tracks=1, valid=1, master=7
[LIVE] udp=1.0/s, objs=1.0/s, last_udp=0.93s, meas=1, tracks=1, valid=1, master=7
[LIVE] udp=0.0/s, objs=0.0/s, last_udp=1.94s, meas=1, tracks=1, valid=1, master=7
[LIVE] udp=0.0/s, objs=0.0/s, last_udp=2.94s, meas=1, tracks=1, valid=1, master=7
[LIVE] udp=0.0/s, objs=0.0/s, last_udp=3.95s, meas=1, tracks=1, valid=1, master=7
[LIVE] udp=1.0/s, objs=1.0/s, last_udp=0.23s, meas=1, tracks=1, valid=1, master=7
[LIVE] udp=0.0/s, objs=0.0/s, last_udp=1.23s, meas=1, tracks=1, valid=1, master=7
[LIVE] udp=0.0/s, objs=0.0/s, last_udp=2.24s, meas=1, tracks=1, valid=1, master=7
[LIVE] udp=3.0/s, objs=3.0/s, last_udp=0.57s, meas=1, tracks=1, valid=1, master=7
[GPS] GGA fix_quality=1, num_sats=13, hdop=1.1, lat=30.408088711166666, lon=104.08865357033334
[LIVE] udp=0.0/s, objs=0.0/s, last_udp=1.57s, meas=1, tracks=1, valid=1, master=7
[LIVE] udp=3.0/s, objs=3.0/s, last_udp=0.62s, meas=1, tracks=1, valid=1, master=7
[LIVE] udp=0.0/s, objs=0.0/s, last_udp=1.62s, meas=1, tracks=1, valid=1, master=7
[LIVE] udp=0.0/s, objs=0.0/s, last_udp=2.63s, meas=1, tracks=1, valid=1, master=7
[LIVE] udp=3.0/s, objs=3.0/s, last_udp=0.61s, meas=1, tracks=1, valid=1, master=7
[LIVE] udp=1.0/s, objs=1.0/s, last_udp=0.03s, meas=1, tracks=1, valid=1, master=7
[LIVE] udp=2.0/s, objs=2.0/s, last_udp=0.76s, meas=1, tracks=1, valid=1, master=7
[LIVE] udp=0.0/s, objs=0.0/s, last_udp=1.77s, meas=1, tracks=1, valid=1, master=7
[LIVE] udp=1.0/s, objs=1.0/s, last_udp=0.84s, meas=1, tracks=1, valid=1, master=7
[LIVE] udp=0.0/s, objs=0.0/s, last_udp=1.84s, meas=1, tracks=1, valid=1, master=7
[GPS] GGA fix_quality=1, num_sats=15, hdop=1.1, lat=30.408089773, lon=104.08866118566667
[LIVE] udp=0.0/s, objs=0.0/s, last_udp=2.85s, meas=1, tracks=1, valid=1, master=7
[LIVE] udp=1.0/s, objs=1.0/s, last_udp=0.27s, meas=1, tracks=1, valid=1, master=7
[LIVE] udp=0.0/s, objs=0.0/s, last_udp=1.27s, meas=1, tracks=1, valid=1, master=7
[LIVE] udp=0.0/s, objs=0.0/s, last_udp=2.27s, meas=1, tracks=1, valid=1, master=7
[LIVE] udp=0.0/s, objs=0.0/s, last_udp=3.27s, meas=1, tracks=1, valid=1, master=7
[LIVE] udp=2.0/s, objs=4.0/s, last_udp=0.54s, meas=1, tracks=3, valid=0, master=7
[LIVE] udp=0.0/s, objs=0.0/s, last_udp=1.54s, meas=1, tracks=3, valid=0, master=7
[LIVE] udp=0.0/s, objs=0.0/s, last_udp=2.54s, meas=1, tracks=3, valid=0, master=7
[LIVE] udp=3.0/s, objs=3.0/s, last_udp=0.37s, meas=1, tracks=3, valid=1, master=8
[LIVE] udp=0.0/s, objs=0.0/s, last_udp=1.37s, meas=1, tracks=3, valid=1, master=8
[GPS] GGA fix_quality=1, num_sats=14, hdop=1.0, lat=30.408087864166667, lon=104.08866810566667
[LIVE] udp=3.0/s, objs=4.0/s, last_udp=0.17s, meas=1, tracks=3, valid=1, master=8
[LIVE] udp=0.0/s, objs=0.0/s, last_udp=1.18s, meas=2, tracks=3, valid=1, master=8
[LIVE] udp=3.0/s, objs=3.0/s, last_udp=0.25s, meas=1, tracks=3, valid=1, master=8
[LIVE] udp=0.0/s, objs=0.0/s, last_udp=1.25s, meas=1, tracks=3, valid=1, master=8
[LIVE] udp=0.0/s, objs=0.0/s, last_udp=2.25s, meas=1, tracks=3, valid=1, master=8
[LIVE] udp=0.0/s, objs=0.0/s, last_udp=3.26s, meas=1, tracks=3, valid=1, master=8
[LIVE] udp=3.0/s, objs=4.0/s, last_udp=0.53s, meas=2, tracks=2, valid=1, master=8
[LIVE] udp=0.0/s, objs=0.0/s, last_udp=1.54s, meas=2, tracks=2, valid=1, master=8
[LIVE] udp=1.0/s, objs=1.0/s, last_udp=0.69s, meas=1, tracks=2, valid=1, master=8
[LIVE] udp=0.0/s, objs=0.0/s, last_udp=1.69s, meas=1, tracks=2, valid=1, master=8
[GPS] GGA fix_quality=1, num_sats=15, hdop=1.0, lat=30.408088129, lon=104.088669739
[LIVE] udp=0.0/s, objs=0.0/s, last_udp=2.70s, meas=1, tracks=2, valid=1, master=8
[LIVE] udp=0.0/s, objs=0.0/s, last_udp=3.70s, meas=1, tracks=2, valid=1, master=8
[LIVE] udp=1.0/s, objs=1.0/s, last_udp=0.82s, meas=1, tracks=2, valid=1, master=8
[LIVE] udp=0.0/s, objs=0.0/s, last_udp=1.82s, meas=1, tracks=2, valid=1, master=8
[LIVE] udp=3.0/s, objs=7.0/s, last_udp=0.36s, meas=3, tracks=3, valid=1, master=8
[LIVE] udp=0.0/s, objs=0.0/s, last_udp=1.37s, meas=3, tracks=3, valid=1, master=8
[LIVE] udp=3.0/s, objs=6.0/s, last_udp=0.34s, meas=3, tracks=3, valid=1, master=8
[LIVE] udp=0.0/s, objs=0.0/s, last_udp=1.35s, meas=3, tracks=3, valid=1, master=8
[LIVE] udp=3.0/s, objs=4.0/s, last_udp=0.25s, meas=2, tracks=3, valid=1, master=8
[LIVE] udp=2.0/s, objs=2.0/s, last_udp=0.05s, meas=2, tracks=3, valid=1, master=8
[GPS] GGA fix_quality=1, num_sats=13, hdop=1.1, lat=30.408089237666665, lon=104.08867173583333
[LIVE] udp=1.0/s, objs=1.0/s, last_udp=0.92s, meas=1, tracks=3, valid=1, master=8
[LIVE] udp=0.0/s, objs=0.0/s, last_udp=1.92s, meas=1, tracks=3, valid=1, master=8
[LIVE] udp=3.0/s, objs=4.0/s, last_udp=0.65s, meas=1, tracks=3, valid=0, master=8
[LIVE] udp=1.0/s, objs=1.0/s, last_udp=0.09s, meas=1, tracks=3, valid=0, master=8
[LIVE] udp=2.0/s, objs=4.0/s, last_udp=0.75s, meas=3, tracks=3, valid=2, master=8
[LIVE] udp=0.0/s, objs=0.0/s, last_udp=1.76s, meas=3, tracks=3, valid=2, master=8
[LIVE] udp=3.0/s, objs=3.0/s, last_udp=0.33s, meas=1, tracks=3, valid=1, master=8
[LIVE] udp=1.0/s, objs=1.0/s, last_udp=0.24s, meas=1, tracks=3, valid=1, master=8
[LIVE] udp=2.0/s, objs=2.0/s, last_udp=0.85s, meas=1, tracks=3, valid=1, master=8
[LIVE] udp=0.0/s, objs=0.0/s, last_udp=1.85s, meas=1, tracks=3, valid=1, master=8
[GPS] GGA fix_quality=1, num_sats=14, hdop=1.0, lat=30.408090424333334, lon=104.08866556616667
[LIVE] udp=1.0/s, objs=1.0/s, last_udp=0.06s, meas=1, tracks=3, valid=1, master=8
[LIVE] udp=0.0/s, objs=0.0/s, last_udp=1.07s, meas=1, tracks=3, valid=1, master=8
[LIVE] udp=0.0/s, objs=0.0/s, last_udp=2.07s, meas=1, tracks=3, valid=1, master=8
[LIVE] udp=0.0/s, objs=0.0/s, last_udp=3.07s, meas=1, tracks=3, valid=1, master=8
[LIVE] udp=0.0/s, objs=0.0/s, last_udp=4.08s, meas=1, tracks=3, valid=1, master=8
[LIVE] udp=0.0/s, objs=0.0/s, last_udp=5.08s, meas=1, tracks=3, valid=1, master=8
[LIVE] udp=0.0/s, objs=0.0/s, last_udp=6.08s, meas=1, tracks=3, valid=1, master=8
[LIVE] udp=1.0/s, objs=1.0/s, last_udp=0.65s, meas=1, tracks=1, valid=1, master=8
[LIVE] udp=1.0/s, objs=1.0/s, last_udp=0.14s, meas=1, tracks=1, valid=1, master=8
[LIVE] udp=1.0/s, objs=2.0/s, last_udp=0.98s, meas=3, tracks=3, valid=1, master=8
[GPS] GGA fix_quality=1, num_sats=12, hdop=1.1, lat=30.408090629166665, lon=104.0886641585
[LIVE] udp=3.0/s, objs=6.0/s, last_udp=0.20s, meas=2, tracks=3, valid=2, master=8
[LIVE] udp=0.0/s, objs=0.0/s, last_udp=1.21s, meas=2, tracks=3, valid=2, master=8
[LIVE] udp=2.0/s, objs=3.0/s, last_udp=0.16s, meas=2, tracks=3, valid=2, master=8
[LIVE] udp=1.0/s, objs=2.0/s, last_udp=0.99s, meas=2, tracks=3, valid=2, master=8
[LIVE] udp=3.0/s, objs=4.0/s, last_udp=0.41s, meas=1, tracks=3, valid=1, master=11
[LIVE] udp=3.0/s, objs=3.0/s, last_udp=0.09s, meas=1, tracks=3, valid=1, master=11
[LIVE] udp=1.0/s, objs=1.0/s, last_udp=0.10s, meas=1, tracks=3, valid=1, master=11
[LIVE] udp=2.0/s, objs=2.0/s, last_udp=0.81s, meas=1, tracks=3, valid=1, master=11
[LIVE] udp=0.0/s, objs=0.0/s, last_udp=1.81s, meas=1, tracks=3, valid=1, master=11
[LIVE] udp=0.0/s, objs=0.0/s, last_udp=2.81s, meas=1, tracks=3, valid=1, master=11
[GPS] GGA fix_quality=1, num_sats=12, hdop=1.1, lat=30.408092508166668, lon=104.08868246633334
[LIVE] udp=3.0/s, objs=3.0/s, last_udp=0.40s, meas=1, tracks=3, valid=1, master=11
[LIVE] udp=0.0/s, objs=0.0/s, last_udp=1.41s, meas=1, tracks=3, valid=1, master=11
[LIVE] udp=3.0/s, objs=3.0/s, last_udp=0.61s, meas=1, tracks=2, valid=1, master=11
[LIVE] udp=0.0/s, objs=0.0/s, last_udp=1.62s, meas=1, tracks=2, valid=1, master=11
[LIVE] udp=3.0/s, objs=3.0/s, last_udp=0.52s, meas=1, tracks=2, valid=1, master=11
[LIVE] udp=2.0/s, objs=2.0/s, last_udp=0.03s, meas=1, tracks=2, valid=1, master=11
[LIVE] udp=1.0/s, objs=1.0/s, last_udp=0.89s, meas=1, tracks=1, valid=1, master=11
[LIVE] udp=0.0/s, objs=0.0/s, last_udp=1.89s, meas=1, tracks=1, valid=1, master=11
[LIVE] udp=3.0/s, objs=5.0/s, last_udp=0.61s, meas=2, tracks=2, valid=1, master=11
[LIVE] udp=2.0/s, objs=2.0/s, last_udp=0.15s, meas=1, tracks=2, valid=1, master=11
[GPS] GGA fix_quality=1, num_sats=12, hdop=1.1, lat=30.408092661, lon=104.088691419
[LIVE] udp=1.0/s, objs=1.0/s, last_udp=0.98s, meas=1, tracks=2, valid=1, master=11
[LIVE] udp=0.0/s, objs=0.0/s, last_udp=1.98s, meas=1, tracks=2, valid=1, master=11
[LIVE] udp=3.0/s, objs=3.0/s, last_udp=0.37s, meas=1, tracks=2, valid=1, master=11
[LIVE] udp=3.0/s, objs=3.0/s, last_udp=0.03s, meas=1, tracks=2, valid=1, master=11
[LIVE] udp=0.0/s, objs=0.0/s, last_udp=1.03s, meas=1, tracks=2, valid=1, master=11
[LIVE] udp=3.0/s, objs=3.0/s, last_udp=0.23s, meas=1, tracks=2, valid=1, master=11
[LIVE] udp=0.0/s, objs=0.0/s, last_udp=1.23s, meas=1, tracks=2, valid=1, master=11
[LIVE] udp=0.0/s, objs=0.0/s, last_udp=2.24s, meas=1, tracks=2, valid=1, master=11
[LIVE] udp=2.0/s, objs=2.0/s, last_udp=0.21s, meas=1, tracks=2, valid=1, master=11
[LIVE] udp=0.0/s, objs=0.0/s, last_udp=1.21s, meas=1, tracks=2, valid=1, master=11
[GPS] GGA fix_quality=1, num_sats=12, hdop=1.1, lat=30.4080922935, lon=104.08868615583333
[LIVE] udp=0.0/s, objs=0.0/s, last_udp=2.21s, meas=1, tracks=2, valid=1, master=11
[LIVE] udp=3.0/s, objs=3.0/s, last_udp=0.11s, meas=1, tracks=1, valid=1, master=11
[LIVE] udp=0.0/s, objs=0.0/s, last_udp=1.12s, meas=1, tracks=1, valid=1, master=11
[LIVE] udp=3.0/s, objs=3.0/s, last_udp=0.24s, meas=1, tracks=1, valid=1, master=11
[LIVE] udp=0.0/s, objs=0.0/s, last_udp=1.24s, meas=1, tracks=1, valid=1, master=11
[LIVE] udp=0.0/s, objs=0.0/s, last_udp=2.25s, meas=1, tracks=1, valid=1, master=11
[LIVE] udp=3.0/s, objs=3.0/s, last_udp=0.41s, meas=1, tracks=1, valid=1, master=11
[LIVE] udp=0.0/s, objs=0.0/s, last_udp=1.41s, meas=1, tracks=1, valid=1, master=11
[LIVE] udp=3.0/s, objs=3.0/s, last_udp=0.53s, meas=1, tracks=1, valid=1, master=11
[LIVE] udp=3.0/s, objs=5.0/s, last_udp=0.11s, meas=2, tracks=2, valid=1, master=11
[GPS] GGA fix_quality=1, num_sats=13, hdop=1.0, lat=30.4080927835, lon=104.0886896145
[LIVE] udp=0.0/s, objs=0.0/s, last_udp=1.11s, meas=2, tracks=2, valid=1, master=11
[LIVE] udp=2.0/s, objs=3.0/s, last_udp=0.04s, meas=2, tracks=2, valid=2, master=11
[LIVE] udp=1.0/s, objs=2.0/s, last_udp=0.91s, meas=2, tracks=2, valid=2, master=11
[LIVE] udp=2.0/s, objs=2.0/s, last_udp=0.10s, meas=1, tracks=2, valid=1, master=11
[LIVE] udp=1.0/s, objs=2.0/s, last_udp=0.96s, meas=2, tracks=2, valid=2, master=11
[LIVE] udp=3.0/s, objs=4.0/s, last_udp=0.06s, meas=2, tracks=2, valid=2, master=11
[LIVE] udp=0.0/s, objs=0.0/s, last_udp=1.07s, meas=2, tracks=2, valid=2, master=11
[LIVE] udp=2.0/s, objs=4.0/s, last_udp=0.01s, meas=2, tracks=2, valid=2, master=11
[LIVE] udp=0.0/s, objs=0.0/s, last_udp=1.01s, meas=2, tracks=2, valid=2, master=11
[LIVE] udp=1.0/s, objs=1.0/s, last_udp=0.21s, meas=1, tracks=2, valid=1, master=11
[GPS] GGA fix_quality=1, num_sats=13, hdop=1.0, lat=30.4080919495, lon=104.08868225883333
[LIVE] udp=2.0/s, objs=3.0/s, last_udp=0.82s, meas=2, tracks=2, valid=2, master=11
[LIVE] udp=1.0/s, objs=2.0/s, last_udp=0.01s, meas=2, tracks=2, valid=2, master=11
[LIVE] udp=2.0/s, objs=3.0/s, last_udp=0.68s, meas=2, tracks=2, valid=2, master=11
[LIVE] udp=3.0/s, objs=4.0/s, last_udp=0.53s, meas=2, tracks=2, valid=2, master=11
[LIVE] udp=1.0/s, objs=1.0/s, last_udp=0.05s, meas=2, tracks=2, valid=2, master=11
[LIVE] udp=2.0/s, objs=2.0/s, last_udp=0.73s, meas=1, tracks=2, valid=1, master=11
[LIVE] udp=3.0/s, objs=3.0/s, last_udp=0.06s, meas=1, tracks=2, valid=1, master=11
[LIVE] udp=0.0/s, objs=0.0/s, last_udp=1.06s, meas=1, tracks=2, valid=1, master=11
[LIVE] udp=0.0/s, objs=0.0/s, last_udp=2.06s, meas=1, tracks=2, valid=1, master=11
[LIVE] udp=3.0/s, objs=3.0/s, last_udp=0.25s, meas=1, tracks=2, valid=1, master=11
[GPS] GGA fix_quality=1, num_sats=13, hdop=1.0, lat=30.4080916115, lon=104.08868080316667
[LIVE] udp=1.0/s, objs=1.0/s, last_udp=0.15s, meas=1, tracks=2, valid=1, master=11
[LIVE] udp=2.0/s, objs=2.0/s, last_udp=0.75s, meas=1, tracks=2, valid=1, master=11
[LIVE] udp=1.0/s, objs=1.0/s, last_udp=0.07s, meas=1, tracks=2, valid=1, master=11
[LIVE] udp=2.0/s, objs=2.0/s, last_udp=0.79s, meas=1, tracks=2, valid=1, master=11
[LIVE] udp=3.0/s, objs=3.0/s, last_udp=0.10s, meas=1, tracks=1, valid=1, master=11
[LIVE] udp=0.0/s, objs=0.0/s, last_udp=1.10s, meas=1, tracks=1, valid=1, master=11
[LIVE] udp=0.0/s, objs=0.0/s, last_udp=2.11s, meas=1, tracks=1, valid=1, master=11
[LIVE] udp=3.0/s, objs=3.0/s, last_udp=0.00s, meas=1, tracks=1, valid=1, master=11
[LIVE] udp=0.0/s, objs=0.0/s, last_udp=1.00s, meas=1, tracks=1, valid=1, master=11
[LIVE] udp=3.0/s, objs=5.0/s, last_udp=0.25s, meas=2, tracks=2, valid=1, master=11
[GPS] GGA fix_quality=1, num_sats=13, hdop=1.0, lat=30.408091537, lon=104.08868955366667
[LIVE] udp=2.0/s, objs=2.0/s, last_udp=0.42s, meas=1, tracks=3, valid=0, master=11
[LIVE] udp=3.0/s, objs=4.0/s, last_udp=0.67s, meas=1, tracks=3, valid=1, master=11
[LIVE] udp=2.0/s, objs=3.0/s, last_udp=0.02s, meas=1, tracks=3, valid=1, master=11
[LIVE] udp=4.0/s, objs=4.0/s, last_udp=0.39s, meas=1, tracks=4, valid=1, master=11
[LIVE] udp=1.0/s, objs=1.0/s, last_udp=0.18s, meas=1, tracks=4, valid=1, master=11
[LIVE] udp=3.0/s, objs=4.0/s, last_udp=0.22s, meas=1, tracks=4, valid=1, master=11
[LIVE] udp=0.0/s, objs=0.0/s, last_udp=1.22s, meas=1, tracks=4, valid=1, master=11
[LIVE] udp=3.0/s, objs=3.0/s, last_udp=0.39s, meas=1, tracks=4, valid=1, master=17
[LIVE] udp=2.0/s, objs=3.0/s, last_udp=0.44s, meas=2, tracks=4, valid=1, master=11
[LIVE] udp=2.0/s, objs=2.0/s, last_udp=0.10s, meas=1, tracks=4, valid=1, master=17
[GPS] GGA fix_quality=1, num_sats=13, hdop=1.0, lat=30.4080924495, lon=104.08868451883333
[LIVE] udp=1.0/s, objs=1.0/s, last_udp=0.41s, meas=1, tracks=4, valid=0, master=17
[LIVE] udp=1.0/s, objs=1.0/s, last_udp=0.11s, meas=1, tracks=4, valid=0, master=17
[LIVE] udp=1.0/s, objs=1.0/s, last_udp=0.98s, meas=1, tracks=4, valid=1, master=17
[LIVE] udp=1.0/s, objs=1.0/s, last_udp=0.42s, meas=1, tracks=4, valid=0, master=17
[LIVE] udp=2.0/s, objs=2.0/s, last_udp=0.61s, meas=1, tracks=4, valid=1, master=17
[LIVE] udp=3.0/s, objs=4.0/s, last_udp=0.51s, meas=2, tracks=4, valid=1, master=11
[LIVE] udp=3.0/s, objs=3.0/s, last_udp=0.14s, meas=1, tracks=3, valid=1, master=17
[LIVE] udp=3.0/s, objs=5.0/s, last_udp=0.02s, meas=2, tracks=3, valid=1, master=11
[LIVE] udp=1.0/s, objs=1.0/s, last_udp=0.10s, meas=2, tracks=3, valid=1, master=11
[LIVE] udp=4.0/s, objs=5.0/s, last_udp=0.25s, meas=2, tracks=3, valid=1, master=11
[GPS] GGA fix_quality=1, num_sats=13, hdop=1.0, lat=30.4080921585, lon=104.08868505033334
[LIVE] udp=0.0/s, objs=0.0/s, last_udp=1.25s, meas=2, tracks=3, valid=1, master=11
[LIVE] udp=3.0/s, objs=3.0/s, last_udp=0.51s, meas=1, tracks=3, valid=1, master=17
[LIVE] udp=3.0/s, objs=3.0/s, last_udp=0.31s, meas=1, tracks=3, valid=1, master=11
[LIVE] udp=3.0/s, objs=3.0/s, last_udp=0.10s, meas=1, tracks=3, valid=1, master=17
[LIVE] udp=0.0/s, objs=0.0/s, last_udp=1.10s, meas=1, tracks=3, valid=1, master=17
[LIVE] udp=4.0/s, objs=5.0/s, last_udp=0.12s, meas=3, tracks=3, valid=2, master=11
[LIVE] udp=4.0/s, objs=6.0/s, last_udp=0.07s, meas=2, tracks=3, valid=1, master=11
[LIVE] udp=0.0/s, objs=0.0/s, last_udp=1.07s, meas=2, tracks=3, valid=1, master=11
[LIVE] udp=4.0/s, objs=5.0/s, last_udp=0.09s, meas=1, tracks=3, valid=1, master=17
[LIVE] udp=2.0/s, objs=4.0/s, last_udp=0.77s, meas=2, tracks=3, valid=1, master=11
[GPS] GGA fix_quality=1, num_sats=14, hdop=1.0, lat=30.4080930525, lon=104.08868283866667
[LIVE] udp=3.0/s, objs=3.0/s, last_udp=0.01s, meas=2, tracks=3, valid=1, master=11
[LIVE] udp=4.0/s, objs=4.0/s, last_udp=0.10s, meas=2, tracks=3, valid=2, master=11
[LIVE] udp=2.0/s, objs=2.0/s, last_udp=0.79s, meas=1, tracks=3, valid=1, master=17
[LIVE] udp=0.0/s, objs=0.0/s, last_udp=1.79s, meas=1, tracks=3, valid=1, master=17
[LIVE] udp=6.0/s, objs=7.0/s, last_udp=0.62s, meas=2, tracks=4, valid=2, master=17
[LIVE] udp=2.0/s, objs=4.0/s, last_udp=0.74s, meas=2, tracks=4, valid=1, master=17
[LIVE] udp=0.0/s, objs=0.0/s, last_udp=1.75s, meas=2, tracks=4, valid=1, master=17
[LIVE] udp=3.0/s, objs=3.0/s, last_udp=0.74s, meas=1, tracks=4, valid=1, master=11
[LIVE] udp=0.0/s, objs=0.0/s, last_udp=1.74s, meas=1, tracks=4, valid=1, master=11
[LIVE] udp=0.0/s, objs=0.0/s, last_udp=2.74s, meas=1, tracks=4, valid=1, master=11
[GPS] GGA fix_quality=1, num_sats=14, hdop=1.0, lat=30.40809371, lon=104.08867937
[LIVE] udp=2.0/s, objs=2.0/s, last_udp=0.69s, meas=1, tracks=3, valid=1, master=11
[LIVE] udp=0.0/s, objs=0.0/s, last_udp=1.69s, meas=1, tracks=3, valid=1, master=11
[LIVE] udp=2.0/s, objs=2.0/s, last_udp=0.07s, meas=2, tracks=3, valid=2, master=11
[LIVE] udp=1.0/s, objs=1.0/s, last_udp=0.95s, meas=1, tracks=3, valid=1, master=17
[LIVE] udp=0.0/s, objs=0.0/s, last_udp=1.95s, meas=1, tracks=3, valid=1, master=17
[LIVE] udp=0.0/s, objs=0.0/s, last_udp=2.95s, meas=1, tracks=3, valid=1, master=17
[LIVE] udp=2.0/s, objs=2.0/s, last_udp=0.15s, meas=1, tracks=3, valid=0, master=17
[LIVE] udp=0.0/s, objs=0.0/s, last_udp=1.16s, meas=1, tracks=3, valid=0, master=17
[LIVE] udp=0.0/s, objs=0.0/s, last_udp=2.16s, meas=1, tracks=3, valid=0, master=17
[LIVE] udp=1.0/s, objs=1.0/s, last_udp=0.79s, meas=1, tracks=3, valid=0, master=17
[GPS] GGA fix_quality=1, num_sats=15, hdop=1.0, lat=30.408094685166667, lon=104.08867844933333
[LIVE] udp=0.0/s, objs=0.0/s, last_udp=1.79s, meas=1, tracks=3, valid=0, master=17
[LIVE] udp=3.0/s, objs=3.0/s, last_udp=0.28s, meas=1, tracks=3, valid=1, master=17
[LIVE] udp=0.0/s, objs=0.0/s, last_udp=1.29s, meas=1, tracks=3, valid=1, master=17
[LIVE] udp=0.0/s, objs=0.0/s, last_udp=2.29s, meas=1, tracks=3, valid=1, master=17
[LIVE] udp=3.0/s, objs=3.0/s, last_udp=0.55s, meas=1, tracks=3, valid=0, master=17
[LIVE] udp=0.0/s, objs=0.0/s, last_udp=1.55s, meas=1, tracks=3, valid=0, master=17
[LIVE] udp=0.0/s, objs=0.0/s, last_udp=2.56s, meas=1, tracks=3, valid=0, master=17
[LIVE] udp=0.0/s, objs=0.0/s, last_udp=3.56s, meas=1, tracks=3, valid=0, master=17
[LIVE] udp=0.0/s, objs=0.0/s, last_udp=4.56s, meas=1, tracks=3, valid=0, master=17
[LIVE] udp=0.0/s, objs=0.0/s, last_udp=5.57s, meas=1, tracks=3, valid=0, master=17
[GPS] GGA fix_quality=1, num_sats=17, hdop=0.8, lat=30.4080985555, lon=104.08867839633334
[LIVE] udp=0.0/s, objs=0.0/s, last_udp=6.57s, meas=1, tracks=3, valid=0, master=17
[LIVE] udp=0.0/s, objs=0.0/s, last_udp=7.57s, meas=1, tracks=3, valid=0, master=17
[LIVE] udp=0.0/s, objs=0.0/s, last_udp=8.57s, meas=1, tracks=3, valid=0, master=17
[LIVE] udp=0.0/s, objs=0.0/s, last_udp=9.58s, meas=1, tracks=3, valid=0, master=17
[LIVE] udp=0.0/s, objs=0.0/s, last_udp=10.58s, meas=1, tracks=3, valid=0, master=17
[LIVE] udp=0.0/s, objs=0.0/s, last_udp=11.59s, meas=1, tracks=3, valid=0, master=17
[LIVE] udp=0.0/s, objs=0.0/s, last_udp=12.59s, meas=1, tracks=3, valid=0, master=17
[LIVE] udp=0.0/s, objs=0.0/s, last_udp=13.59s, meas=1, tracks=3, valid=0, master=17
[LIVE] udp=0.0/s, objs=0.0/s, last_udp=14.60s, meas=1, tracks=3, valid=0, master=17
[LIVE] udp=0.0/s, objs=0.0/s, last_udp=15.60s, meas=1, tracks=3, valid=0, master=17
[GPS] GGA fix_quality=1, num_sats=15, hdop=0.9, lat=30.408092896333333, lon=104.08867481483334
[LIVE] udp=0.0/s, objs=0.0/s, last_udp=16.60s, meas=1, tracks=3, valid=0, master=17
[LIVE] udp=0.0/s, objs=0.0/s, last_udp=17.61s, meas=1, tracks=3, valid=0, master=17
[LIVE] udp=0.0/s, objs=0.0/s, last_udp=18.61s, meas=1, tracks=3, valid=0, master=17
[LIVE] udp=0.0/s, objs=0.0/s, last_udp=19.62s, meas=1, tracks=3, valid=0, master=17
[LIVE] udp=0.0/s, objs=0.0/s, last_udp=20.62s, meas=1, tracks=3, valid=0, master=17
[LIVE] udp=0.0/s, objs=0.0/s, last_udp=21.62s, meas=1, tracks=3, valid=0, master=17
[LIVE] udp=0.0/s, objs=0.0/s, last_udp=22.62s, meas=1, tracks=3, valid=0, master=17
[LIVE] udp=0.0/s, objs=0.0/s, last_udp=23.62s, meas=1, tracks=3, valid=0, master=17
[LIVE] udp=0.0/s, objs=0.0/s, last_udp=24.62s, meas=1, tracks=3, valid=0, master=17
[LIVE] udp=0.0/s, objs=0.0/s, last_udp=25.62s, meas=1, tracks=3, valid=0, master=17
[GPS] GGA fix_quality=1, num_sats=17, hdop=0.8, lat=30.408092286333332, lon=104.08866820966666
[LIVE] udp=0.0/s, objs=0.0/s, last_udp=26.62s, meas=1, tracks=3, valid=0, master=17
[LIVE] udp=0.0/s, objs=0.0/s, last_udp=27.63s, meas=1, tracks=3, valid=0, master=17
[LIVE] udp=0.0/s, objs=0.0/s, last_udp=28.63s, meas=1, tracks=3, valid=0, master=17
[LIVE] udp=0.0/s, objs=0.0/s, last_udp=29.63s, meas=1, tracks=3, valid=0, master=17
[LIVE] udp=0.0/s, objs=0.0/s, last_udp=30.64s, meas=1, tracks=3, valid=0, master=17
[LIVE] udp=0.0/s, objs=0.0/s, last_udp=31.64s, meas=1, tracks=3, valid=0, master=17
[LIVE] udp=0.0/s, objs=0.0/s, last_udp=32.64s, meas=1, tracks=3, valid=0, master=17
[LIVE] udp=0.0/s, objs=0.0/s, last_udp=33.64s, meas=1, tracks=3, valid=0, master=17
[LIVE] udp=0.0/s, objs=0.0/s, last_udp=34.65s, meas=1, tracks=3, valid=0, master=17
[LIVE] udp=0.0/s, objs=0.0/s, last_udp=35.65s, meas=1, tracks=3, valid=0, master=17
[GPS] GGA fix_quality=1, num_sats=14, hdop=1.1, lat=30.408084996, lon=104.08867188916666
[LIVE] udp=0.0/s, objs=0.0/s, last_udp=36.65s, meas=1, tracks=3, valid=0, master=17
[LIVE] udp=0.0/s, objs=0.0/s, last_udp=37.65s, meas=1, tracks=3, valid=0, master=17
[LIVE] udp=0.0/s, objs=0.0/s, last_udp=38.65s, meas=1, tracks=3, valid=0, master=17
[LIVE] udp=0.0/s, objs=0.0/s, last_udp=39.66s, meas=1, tracks=3, valid=0, master=17
[LIVE] udp=0.0/s, objs=0.0/s, last_udp=40.66s, meas=1, tracks=3, valid=0, master=17
[LIVE] udp=0.0/s, objs=0.0/s, last_udp=41.66s, meas=1, tracks=3, valid=0, master=17
[LIVE] udp=0.0/s, objs=0.0/s, last_udp=42.66s, meas=1, tracks=3, valid=0, master=17
[LIVE] udp=0.0/s, objs=0.0/s, last_udp=43.66s, meas=1, tracks=3, valid=0, master=17
[LIVE] udp=0.0/s, objs=0.0/s, last_udp=44.67s, meas=1, tracks=3, valid=0, master=17
[LIVE] udp=0.0/s, objs=0.0/s, last_udp=45.67s, meas=1, tracks=3, valid=0, master=17
[GPS] GGA fix_quality=1, num_sats=14, hdop=1.1, lat=30.408084977, lon=104.08866802466666
[LIVE] udp=0.0/s, objs=0.0/s, last_udp=46.68s, meas=1, tracks=3, valid=0, master=17
[LIVE] udp=0.0/s, objs=0.0/s, last_udp=47.68s, meas=1, tracks=3, valid=0, master=17
[LIVE] udp=0.0/s, objs=0.0/s, last_udp=48.68s, meas=1, tracks=3, valid=0, master=17
[LIVE] udp=0.0/s, objs=0.0/s, last_udp=49.68s, meas=1, tracks=3, valid=0, master=17
[LIVE] udp=0.0/s, objs=0.0/s, last_udp=50.68s, meas=1, tracks=3, valid=0, master=17
[LIVE] udp=0.0/s, objs=0.0/s, last_udp=51.68s, meas=1, tracks=3, valid=0, master=17
[LIVE] udp=0.0/s, objs=0.0/s, last_udp=52.69s, meas=1, tracks=3, valid=0, master=17
[LIVE] udp=0.0/s, objs=0.0/s, last_udp=53.69s, meas=1, tracks=3, valid=0, master=17
[LIVE] udp=1.0/s, objs=1.0/s, last_udp=0.42s, meas=1, tracks=1, valid=0, master=17
[LIVE] udp=3.0/s, objs=3.0/s, last_udp=0.00s, meas=1, tracks=1, valid=0, master=17
[GPS] GGA fix_quality=1, num_sats=15, hdop=1.0, lat=30.408085329666665, lon=104.088669652
[LIVE] udp=2.0/s, objs=2.0/s, last_udp=0.42s, meas=1, tracks=1, valid=1, master=21
[LIVE] udp=2.0/s, objs=2.0/s, last_udp=0.09s, meas=1, tracks=1, valid=1, master=21
[LIVE] udp=1.0/s, objs=1.0/s, last_udp=0.28s, meas=1, tracks=1, valid=1, master=21
[LIVE] udp=0.0/s, objs=0.0/s, last_udp=1.28s, meas=1, tracks=1, valid=1, master=21
[LIVE] udp=1.0/s, objs=1.0/s, last_udp=0.48s, meas=1, tracks=1, valid=1, master=21
[LIVE] udp=2.0/s, objs=2.0/s, last_udp=0.30s, meas=1, tracks=1, valid=1, master=21
[LIVE] udp=0.0/s, objs=0.0/s, last_udp=1.30s, meas=1, tracks=1, valid=1, master=21
[LIVE] udp=0.0/s, objs=0.0/s, last_udp=2.31s, meas=1, tracks=1, valid=1, master=21
[LIVE] udp=0.0/s, objs=0.0/s, last_udp=3.31s, meas=1, tracks=1, valid=1, master=21
[LIVE] udp=0.0/s, objs=0.0/s, last_udp=4.31s, meas=1, tracks=1, valid=1, master=21
[GPS] GGA fix_quality=1, num_sats=14, hdop=1.0, lat=30.4080868235, lon=104.08866843466667
[LIVE] udp=0.0/s, objs=0.0/s, last_udp=5.31s, meas=1, tracks=1, valid=1, master=21
[LIVE] udp=0.0/s, objs=0.0/s, last_udp=6.32s, meas=1, tracks=1, valid=1, master=21
[LIVE] udp=0.0/s, objs=0.0/s, last_udp=7.32s, meas=1, tracks=1, valid=1, master=21
[LIVE] udp=0.0/s, objs=0.0/s, last_udp=8.32s, meas=1, tracks=1, valid=1, master=21
[LIVE] udp=0.0/s, objs=0.0/s, last_udp=9.32s, meas=1, tracks=1, valid=1, master=21
[LIVE] udp=0.0/s, objs=0.0/s, last_udp=10.32s, meas=1, tracks=1, valid=1, master=21
[LIVE] udp=0.0/s, objs=0.0/s, last_udp=11.32s, meas=1, tracks=1, valid=1, master=21
[LIVE] udp=0.0/s, objs=0.0/s, last_udp=12.33s, meas=1, tracks=1, valid=1, master=21
[LIVE] udp=0.0/s, objs=0.0/s, last_udp=13.33s, meas=1, tracks=1, valid=1, master=21
[LIVE] udp=0.0/s, objs=0.0/s, last_udp=14.33s, meas=1, tracks=1, valid=1, master=21
[GPS] GGA fix_quality=1, num_sats=17, hdop=0.8, lat=30.4080865705, lon=104.08866985633334
[LIVE] udp=0.0/s, objs=0.0/s, last_udp=15.34s, meas=1, tracks=1, valid=1, master=21
[LIVE] udp=0.0/s, objs=0.0/s, last_udp=16.34s, meas=1, tracks=1, valid=1, master=21
[LIVE] udp=2.0/s, objs=2.0/s, last_udp=0.47s, meas=1, tracks=1, valid=0, master=21
[LIVE] udp=5.0/s, objs=5.0/s, last_udp=0.23s, meas=1, tracks=1, valid=1, master=22
[LIVE] udp=4.0/s, objs=4.0/s, last_udp=0.26s, meas=1, tracks=1, valid=1, master=22
[LIVE] udp=4.0/s, objs=4.0/s, last_udp=0.13s, meas=1, tracks=1, valid=1, master=22
[LIVE] udp=2.0/s, objs=2.0/s, last_udp=0.43s, meas=1, tracks=1, valid=1, master=22
[LIVE] udp=2.0/s, objs=2.0/s, last_udp=0.38s, meas=1, tracks=1, valid=1, master=22
[LIVE] udp=1.0/s, objs=1.0/s, last_udp=0.08s, meas=1, tracks=1, valid=1, master=22
[LIVE] udp=3.0/s, objs=3.0/s, last_udp=0.38s, meas=1, tracks=1, valid=1, master=22
[GPS] GGA fix_quality=1, num_sats=16, hdop=0.9, lat=30.408086659833334, lon=104.08867202583333
[LIVE] udp=4.0/s, objs=4.0/s, last_udp=0.07s, meas=1, tracks=1, valid=1, master=22
[LIVE] udp=3.0/s, objs=3.0/s, last_udp=0.04s, meas=1, tracks=1, valid=1, master=22
[LIVE] udp=3.0/s, objs=3.0/s, last_udp=0.35s, meas=1, tracks=1, valid=1, master=22
[LIVE] udp=2.0/s, objs=2.0/s, last_udp=0.45s, meas=1, tracks=1, valid=1, master=22
[LIVE] udp=2.0/s, objs=2.0/s, last_udp=0.09s, meas=1, tracks=1, valid=1, master=22
[LIVE] udp=3.0/s, objs=3.0/s, last_udp=0.44s, meas=1, tracks=1, valid=1, master=22
[LIVE] udp=4.0/s, objs=4.0/s, last_udp=0.24s, meas=1, tracks=1, valid=1, master=22
[LIVE] udp=2.0/s, objs=2.0/s, last_udp=0.55s, meas=1, tracks=1, valid=1, master=22
[LIVE] udp=4.0/s, objs=4.0/s, last_udp=0.22s, meas=1, tracks=1, valid=1, master=22
[LIVE] udp=3.0/s, objs=3.0/s, last_udp=0.10s, meas=1, tracks=1, valid=1, master=22
[GPS] GGA fix_quality=1, num_sats=16, hdop=0.8, lat=30.408086749666666, lon=104.08867308383333
[LIVE] udp=4.0/s, objs=4.0/s, last_udp=0.16s, meas=1, tracks=1, valid=1, master=22
[LIVE] udp=5.0/s, objs=5.0/s, last_udp=0.18s, meas=1, tracks=1, valid=1, master=22
[LIVE] udp=2.0/s, objs=2.0/s, last_udp=0.58s, meas=1, tracks=1, valid=1, master=22
[LIVE] udp=4.0/s, objs=4.0/s, last_udp=0.13s, meas=1, tracks=1, valid=1, master=22
[LIVE] udp=0.0/s, objs=0.0/s, last_udp=1.13s, meas=1, tracks=1, valid=1, master=22
[LIVE] udp=0.0/s, objs=0.0/s, last_udp=2.13s, meas=1, tracks=1, valid=1, master=22
[LIVE] udp=0.0/s, objs=0.0/s, last_udp=3.14s, meas=1, tracks=1, valid=1, master=22
[LIVE] udp=0.0/s, objs=0.0/s, last_udp=4.14s, meas=1, tracks=1, valid=1, master=22
[LIVE] udp=0.0/s, objs=0.0/s, last_udp=5.15s, meas=1, tracks=1, valid=1, master=22
[LIVE] udp=0.0/s, objs=0.0/s, last_udp=6.15s, meas=1, tracks=1, valid=1, master=22
[GPS] GGA fix_quality=1, num_sats=17, hdop=0.8, lat=30.408087028666667, lon=104.08867159366666
[LIVE] udp=0.0/s, objs=0.0/s, last_udp=7.15s, meas=1, tracks=1, valid=1, master=22
[LIVE] udp=0.0/s, objs=0.0/s, last_udp=8.16s, meas=1, tracks=1, valid=1, master=22
[LIVE] udp=0.0/s, objs=0.0/s, last_udp=9.16s, meas=1, tracks=1, valid=1, master=22
[LIVE] udp=0.0/s, objs=0.0/s, last_udp=10.16s, meas=1, tracks=1, valid=1, master=22
[LIVE] udp=0.0/s, objs=0.0/s, last_udp=11.17s, meas=1, tracks=1, valid=1, master=22
[LIVE] udp=0.0/s, objs=0.0/s, last_udp=12.17s, meas=1, tracks=1, valid=1, master=22
[LIVE] udp=0.0/s, objs=0.0/s, last_udp=13.17s, meas=1, tracks=1, valid=1, master=22
[LIVE] udp=0.0/s, objs=0.0/s, last_udp=14.17s, meas=1, tracks=1, valid=1, master=22
[LIVE] udp=0.0/s, objs=0.0/s, last_udp=15.18s, meas=1, tracks=1, valid=1, master=22
[LIVE] udp=0.0/s, objs=0.0/s, last_udp=16.18s, meas=1, tracks=1, valid=1, master=22
[GPS] GGA fix_quality=1, num_sats=15, hdop=0.9, lat=30.408086227, lon=104.08867238233333
[LIVE] udp=0.0/s, objs=0.0/s, last_udp=17.18s, meas=1, tracks=1, valid=1, master=22
[LIVE] udp=0.0/s, objs=0.0/s, last_udp=18.18s, meas=1, tracks=1, valid=1, master=22
[LIVE] udp=0.0/s, objs=0.0/s, last_udp=19.19s, meas=1, tracks=1, valid=1, master=22
[LIVE] udp=0.0/s, objs=0.0/s, last_udp=20.19s, meas=1, tracks=1, valid=1, master=22
[LIVE] udp=0.0/s, objs=0.0/s, last_udp=21.19s, meas=1, tracks=1, valid=1, master=22
[LIVE] udp=0.0/s, objs=0.0/s, last_udp=22.20s, meas=1, tracks=1, valid=1, master=22
[LIVE] udp=0.0/s, objs=0.0/s, last_udp=23.20s, meas=1, tracks=1, valid=1, master=22
[LIVE] udp=0.0/s, objs=0.0/s, last_udp=24.20s, meas=1, tracks=1, valid=1, master=22
[LIVE] udp=0.0/s, objs=0.0/s, last_udp=25.21s, meas=1, tracks=1, valid=1, master=22
[LIVE] udp=0.0/s, objs=0.0/s, last_udp=26.21s, meas=1, tracks=1, valid=1, master=22
[GPS] GGA fix_quality=1, num_sats=15, hdop=0.9, lat=30.4080873425, lon=104.08866869516666
[LIVE] udp=0.0/s, objs=0.0/s, last_udp=27.21s, meas=1, tracks=1, valid=1, master=22
[LIVE] udp=0.0/s, objs=0.0/s, last_udp=28.21s, meas=1, tracks=1, valid=1, master=22
[LIVE] udp=0.0/s, objs=0.0/s, last_udp=29.21s, meas=1, tracks=1, valid=1, master=22
[LIVE] udp=0.0/s, objs=0.0/s, last_udp=30.21s, meas=1, tracks=1, valid=1, master=22
[LIVE] udp=0.0/s, objs=0.0/s, last_udp=31.22s, meas=1, tracks=1, valid=1, master=22
[LIVE] udp=0.0/s, objs=0.0/s, last_udp=32.22s, meas=1, tracks=1, valid=1, master=22
[LIVE] udp=0.0/s, objs=0.0/s, last_udp=33.22s, meas=1, tracks=1, valid=1, master=22
[LIVE] udp=0.0/s, objs=0.0/s, last_udp=34.23s, meas=1, tracks=1, valid=1, master=22
[LIVE] udp=0.0/s, objs=0.0/s, last_udp=35.23s, meas=1, tracks=1, valid=1, master=22
[LIVE] udp=0.0/s, objs=0.0/s, last_udp=36.23s, meas=1, tracks=1, valid=1, master=22
[GPS] GGA fix_quality=1, num_sats=16, hdop=0.9, lat=30.408089217166665, lon=104.08866844866667
[LIVE] udp=0.0/s, objs=0.0/s, last_udp=37.24s, meas=1, tracks=1, valid=1, master=22
[LIVE] udp=0.0/s, objs=0.0/s, last_udp=38.24s, meas=1, tracks=1, valid=1, master=22
[LIVE] udp=0.0/s, objs=0.0/s, last_udp=39.24s, meas=1, tracks=1, valid=1, master=22
[LIVE] udp=0.0/s, objs=0.0/s, last_udp=40.24s, meas=1, tracks=1, valid=1, master=22
[LIVE] udp=0.0/s, objs=0.0/s, last_udp=41.25s, meas=1, tracks=1, valid=1, master=22
[LIVE] udp=0.0/s, objs=0.0/s, last_udp=42.25s, meas=1, tracks=1, valid=1, master=22
[LIVE] udp=0.0/s, objs=0.0/s, last_udp=43.26s, meas=1, tracks=1, valid=1, master=22
[LIVE] udp=0.0/s, objs=0.0/s, last_udp=44.26s, meas=1, tracks=1, valid=1, master=22
[LIVE] udp=0.0/s, objs=0.0/s, last_udp=45.26s, meas=1, tracks=1, valid=1, master=22
[GPS] GGA fix_quality=1, num_sats=16, hdop=0.9, lat=30.40809109916667, lon=104.08866003433333
[LIVE] udp=0.0/s, objs=0.0/s, last_udp=46.27s, meas=1, tracks=1, valid=1, master=22
[LIVE] udp=0.0/s, objs=0.0/s, last_udp=47.27s, meas=1, tracks=1, valid=1, master=22
[LIVE] udp=1.0/s, objs=1.0/s, last_udp=0.94s, meas=1, tracks=1, valid=0, master=22
[LIVE] udp=0.0/s, objs=0.0/s, last_udp=1.94s, meas=1, tracks=1, valid=0, master=22
[LIVE] udp=0.0/s, objs=0.0/s, last_udp=2.95s, meas=1, tracks=1, valid=0, master=22
[LIVE] udp=0.0/s, objs=0.0/s, last_udp=3.95s, meas=1, tracks=1, valid=0, master=22
[LIVE] udp=0.0/s, objs=0.0/s, last_udp=4.96s, meas=1, tracks=1, valid=0, master=22
[LIVE] udp=0.0/s, objs=0.0/s, last_udp=5.96s, meas=1, tracks=1, valid=0, master=22
[LIVE] udp=0.0/s, objs=0.0/s, last_udp=6.96s, meas=1, tracks=1, valid=0, master=22
[LIVE] udp=0.0/s, objs=0.0/s, last_udp=7.96s, meas=1, tracks=1, valid=0, master=22
[GPS] GGA fix_quality=1, num_sats=16, hdop=0.9, lat=30.408092052166666, lon=104.08864855483333
[LIVE] udp=0.0/s, objs=0.0/s, last_udp=8.97s, meas=1, tracks=1, valid=0, master=22
[LIVE] udp=5.0/s, objs=5.0/s, last_udp=0.22s, meas=1, tracks=1, valid=1, master=23
[LIVE] udp=2.0/s, objs=2.0/s, last_udp=0.09s, meas=1, tracks=1, valid=1, master=23
[LIVE] udp=3.0/s, objs=3.0/s, last_udp=0.36s, meas=1, tracks=1, valid=1, master=23
[LIVE] udp=2.0/s, objs=2.0/s, last_udp=0.35s, meas=1, tracks=1, valid=1, master=23
[LIVE] udp=2.0/s, objs=2.0/s, last_udp=0.65s, meas=1, tracks=1, valid=1, master=23
[LIVE] udp=4.0/s, objs=4.0/s, last_udp=0.15s, meas=1, tracks=1, valid=1, master=23
[LIVE] udp=0.0/s, objs=0.0/s, last_udp=1.15s, meas=1, tracks=1, valid=1, master=23
[LIVE] udp=0.0/s, objs=0.0/s, last_udp=2.15s, meas=1, tracks=1, valid=1, master=23
[LIVE] udp=0.0/s, objs=0.0/s, last_udp=3.15s, meas=1, tracks=1, valid=1, master=23
[GPS] GGA fix_quality=1, num_sats=16, hdop=0.9, lat=30.408092836, lon=104.08864784716667
[LIVE] udp=1.0/s, objs=1.0/s, last_udp=0.09s, meas=1, tracks=1, valid=1, master=23
[LIVE] udp=3.0/s, objs=3.0/s, last_udp=0.33s, meas=1, tracks=1, valid=1, master=23
[LIVE] udp=3.0/s, objs=3.0/s, last_udp=0.09s, meas=1, tracks=1, valid=1, master=23
[LIVE] udp=3.0/s, objs=3.0/s, last_udp=0.06s, meas=1, tracks=1, valid=1, master=23
[LIVE] udp=3.0/s, objs=3.0/s, last_udp=0.05s, meas=1, tracks=1, valid=1, master=23
[LIVE] udp=2.0/s, objs=2.0/s, last_udp=0.25s, meas=1, tracks=1, valid=1, master=23
[LIVE] udp=3.0/s, objs=3.0/s, last_udp=0.67s, meas=1, tracks=1, valid=1, master=23
[LIVE] udp=4.0/s, objs=4.0/s, last_udp=0.08s, meas=1, tracks=1, valid=1, master=23
[LIVE] udp=3.0/s, objs=3.0/s, last_udp=0.02s, meas=1, tracks=1, valid=1, master=23
[LIVE] udp=4.0/s, objs=4.0/s, last_udp=0.27s, meas=1, tracks=1, valid=1, master=23
[GPS] GGA fix_quality=1, num_sats=17, hdop=0.8, lat=30.408093129666668, lon=104.08864850083333
[LIVE] udp=3.0/s, objs=3.0/s, last_udp=0.13s, meas=1, tracks=1, valid=1, master=23
[LIVE] udp=0.0/s, objs=0.0/s, last_udp=1.13s, meas=1, tracks=1, valid=1, master=23
[LIVE] udp=0.0/s, objs=0.0/s, last_udp=2.14s, meas=1, tracks=1, valid=1, master=23
[LIVE] udp=0.0/s, objs=0.0/s, last_udp=3.14s, meas=1, tracks=1, valid=1, master=23
[LIVE] udp=0.0/s, objs=0.0/s, last_udp=4.14s, meas=1, tracks=1, valid=1, master=23
[LIVE] udp=0.0/s, objs=0.0/s, last_udp=5.14s, meas=1, tracks=1, valid=1, master=23
[LIVE] udp=0.0/s, objs=0.0/s, last_udp=6.15s, meas=1, tracks=1, valid=1, master=23
[LIVE] udp=0.0/s, objs=0.0/s, last_udp=7.15s, meas=1, tracks=1, valid=1, master=23
[LIVE] udp=0.0/s, objs=0.0/s, last_udp=8.15s, meas=1, tracks=1, valid=1, master=23
[LIVE] udp=0.0/s, objs=0.0/s, last_udp=9.15s, meas=1, tracks=1, valid=1, master=23
[GPS] GGA fix_quality=1, num_sats=18, hdop=0.8, lat=30.408094860666665, lon=104.08864838
[LIVE] udp=0.0/s, objs=0.0/s, last_udp=10.16s, meas=1, tracks=1, valid=1, master=23
[LIVE] udp=0.0/s, objs=0.0/s, last_udp=11.16s, meas=1, tracks=1, valid=1, master=23
[LIVE] udp=0.0/s, objs=0.0/s, last_udp=12.16s, meas=1, tracks=1, valid=1, master=23
[LIVE] udp=0.0/s, objs=0.0/s, last_udp=13.16s, meas=1, tracks=1, valid=1, master=23
[LIVE] udp=0.0/s, objs=0.0/s, last_udp=14.16s, meas=1, tracks=1, valid=1, master=23
[LIVE] udp=0.0/s, objs=0.0/s, last_udp=15.16s, meas=1, tracks=1, valid=1, master=23
[LIVE] udp=0.0/s, objs=0.0/s, last_udp=16.16s, meas=1, tracks=1, valid=1, master=23
[LIVE] udp=0.0/s, objs=0.0/s, last_udp=17.16s, meas=1, tracks=1, valid=1, master=23
[LIVE] udp=0.0/s, objs=0.0/s, last_udp=18.16s, meas=1, tracks=1, valid=1, master=23
[LIVE] udp=0.0/s, objs=0.0/s, last_udp=19.17s, meas=1, tracks=1, valid=1, master=23
[GPS] GGA fix_quality=1, num_sats=19, hdop=0.7, lat=30.408094489666667, lon=104.08865265533333
[LIVE] udp=0.0/s, objs=0.0/s, last_udp=20.17s, meas=1, tracks=1, valid=1, master=23
[LIVE] udp=0.0/s, objs=0.0/s, last_udp=21.17s, meas=1, tracks=1, valid=1, master=23
[LIVE] udp=0.0/s, objs=0.0/s, last_udp=22.18s, meas=1, tracks=1, valid=1, master=23
[LIVE] udp=0.0/s, objs=0.0/s, last_udp=23.18s, meas=1, tracks=1, valid=1, master=23
[LIVE] udp=0.0/s, objs=0.0/s, last_udp=24.18s, meas=1, tracks=1, valid=1, master=23
[LIVE] udp=0.0/s, objs=0.0/s, last_udp=25.18s, meas=1, tracks=1, valid=1, master=23
[LIVE] udp=3.0/s, objs=3.0/s, last_udp=0.43s, meas=1, tracks=1, valid=0, master=23
[LIVE] udp=0.0/s, objs=0.0/s, last_udp=1.43s, meas=1, tracks=1, valid=0, master=23
[LIVE] udp=0.0/s, objs=0.0/s, last_udp=2.43s, meas=1, tracks=1, valid=0, master=23
[LIVE] udp=0.0/s, objs=0.0/s, last_udp=3.43s, meas=1, tracks=1, valid=0, master=23
[GPS] GGA fix_quality=1, num_sats=20, hdop=0.7, lat=30.408094009166668, lon=104.088651612
[LIVE] udp=0.0/s, objs=0.0/s, last_udp=4.43s, meas=1, tracks=1, valid=0, master=23
[LIVE] udp=0.0/s, objs=0.0/s, last_udp=5.44s, meas=1, tracks=1, valid=0, master=23
[LIVE] udp=0.0/s, objs=0.0/s, last_udp=6.44s, meas=1, tracks=1, valid=0, master=23
[LIVE] udp=0.0/s, objs=0.0/s, last_udp=7.44s, meas=1, tracks=1, valid=0, master=23
[LIVE] udp=0.0/s, objs=0.0/s, last_udp=8.44s, meas=1, tracks=1, valid=0, master=23
[LIVE] udp=0.0/s, objs=0.0/s, last_udp=9.45s, meas=1, tracks=1, valid=0, master=23
[LIVE] udp=1.0/s, objs=1.0/s, last_udp=0.21s, meas=1, tracks=1, valid=1, master=24
[LIVE] udp=1.0/s, objs=1.0/s, last_udp=0.68s, meas=1, tracks=1, valid=1, master=24
[LIVE] udp=0.0/s, objs=0.0/s, last_udp=1.68s, meas=1, tracks=1, valid=1, master=24
[LIVE] udp=0.0/s, objs=0.0/s, last_udp=2.68s, meas=1, tracks=1, valid=1, master=24
[GPS] GGA fix_quality=1, num_sats=22, hdop=0.7, lat=30.408107542, lon=104.08862600833334
[LIVE] udp=1.0/s, objs=1.0/s, last_udp=0.38s, meas=1, tracks=2, valid=0, master=24
[LIVE] udp=2.0/s, objs=2.0/s, last_udp=0.07s, meas=1, tracks=2, valid=0, master=24
[LIVE] udp=1.0/s, objs=1.0/s, last_udp=0.56s, meas=1, tracks=2, valid=1, master=25
[LIVE] udp=0.0/s, objs=0.0/s, last_udp=1.56s, meas=1, tracks=2, valid=1, master=25
[LIVE] udp=1.0/s, objs=1.0/s, last_udp=0.54s, meas=1, tracks=2, valid=1, master=25
[LIVE] udp=3.0/s, objs=3.0/s, last_udp=0.08s, meas=1, tracks=2, valid=1, master=25
[LIVE] udp=2.0/s, objs=2.0/s, last_udp=0.36s, meas=1, tracks=2, valid=1, master=25
[LIVE] udp=4.0/s, objs=4.0/s, last_udp=0.01s, meas=1, tracks=2, valid=1, master=25
[LIVE] udp=0.0/s, objs=0.0/s, last_udp=1.01s, meas=1, tracks=2, valid=1, master=25
[LIVE] udp=0.0/s, objs=0.0/s, last_udp=2.01s, meas=1, tracks=2, valid=1, master=25
[GPS] GGA fix_quality=1, num_sats=21, hdop=0.7, lat=30.408103104, lon=104.08860562666666
[LIVE] udp=0.0/s, objs=0.0/s, last_udp=3.01s, meas=1, tracks=2, valid=1, master=25
[LIVE] udp=3.0/s, objs=3.0/s, last_udp=0.04s, meas=1, tracks=1, valid=1, master=25
[LIVE] udp=4.0/s, objs=4.0/s, last_udp=0.15s, meas=1, tracks=1, valid=1, master=25
[LIVE] udp=4.0/s, objs=4.0/s, last_udp=0.08s, meas=1, tracks=1, valid=1, master=25
[LIVE] udp=5.0/s, objs=5.0/s, last_udp=0.06s, meas=1, tracks=1, valid=1, master=25
[LIVE] udp=2.0/s, objs=2.0/s, last_udp=0.43s, meas=1, tracks=1, valid=1, master=25
[LIVE] udp=0.0/s, objs=0.0/s, last_udp=1.44s, meas=1, tracks=1, valid=1, master=25
[LIVE] udp=0.0/s, objs=0.0/s, last_udp=2.44s, meas=1, tracks=1, valid=1, master=25
[LIVE] udp=0.0/s, objs=0.0/s, last_udp=3.44s, meas=1, tracks=1, valid=1, master=25
[LIVE] udp=0.0/s, objs=0.0/s, last_udp=4.45s, meas=1, tracks=1, valid=1, master=25
[GPS] GGA fix_quality=1, num_sats=22, hdop=0.7, lat=30.4081025985, lon=104.08860428633334
[LIVE] udp=0.0/s, objs=0.0/s, last_udp=5.45s, meas=1, tracks=1, valid=1, master=25
[LIVE] udp=0.0/s, objs=0.0/s, last_udp=6.45s, meas=1, tracks=1, valid=1, master=25
[LIVE] udp=1.0/s, objs=1.0/s, last_udp=0.39s, meas=1, tracks=1, valid=1, master=25
[LIVE] udp=0.0/s, objs=0.0/s, last_udp=1.39s, meas=1, tracks=1, valid=1, master=25
[LIVE] udp=0.0/s, objs=0.0/s, last_udp=2.39s, meas=1, tracks=1, valid=1, master=25
[LIVE] udp=0.0/s, objs=0.0/s, last_udp=3.40s, meas=1, tracks=1, valid=1, master=25
[LIVE] udp=0.0/s, objs=0.0/s, last_udp=4.40s, meas=1, tracks=1, valid=1, master=25
[LIVE] udp=0.0/s, objs=0.0/s, last_udp=5.40s, meas=1, tracks=1, valid=1, master=25
[LIVE] udp=0.0/s, objs=0.0/s, last_udp=6.41s, meas=1, tracks=1, valid=1, master=25
[LIVE] udp=0.0/s, objs=0.0/s, last_udp=7.41s, meas=1, tracks=1, valid=1, master=25
[GPS] GGA fix_quality=1, num_sats=21, hdop=0.7, lat=30.4081029465, lon=104.088606702
[LIVE] udp=0.0/s, objs=0.0/s, last_udp=8.42s, meas=1, tracks=1, valid=1, master=25
[LIVE] udp=0.0/s, objs=0.0/s, last_udp=9.42s, meas=1, tracks=1, valid=1, master=25
[LIVE] udp=0.0/s, objs=0.0/s, last_udp=10.43s, meas=1, tracks=1, valid=1, master=25
[LIVE] udp=0.0/s, objs=0.0/s, last_udp=11.43s, meas=1, tracks=1, valid=1, master=25
[LIVE] udp=0.0/s, objs=0.0/s, last_udp=12.43s, meas=1, tracks=1, valid=1, master=25
[LIVE] udp=1.0/s, objs=1.0/s, last_udp=0.46s, meas=1, tracks=1, valid=0, master=25
[LIVE] udp=0.0/s, objs=0.0/s, last_udp=1.46s, meas=1, tracks=1, valid=0, master=25
[LIVE] udp=0.0/s, objs=0.0/s, last_udp=2.46s, meas=1, tracks=1, valid=0, master=25
[LIVE] udp=0.0/s, objs=0.0/s, last_udp=3.46s, meas=1, tracks=1, valid=0, master=25
[LIVE] udp=0.0/s, objs=0.0/s, last_udp=4.46s, meas=1, tracks=1, valid=0, master=25
[GPS] GGA fix_quality=1, num_sats=21, hdop=0.7, lat=30.408103456, lon=104.08861124233333
[LIVE] udp=2.0/s, objs=2.0/s, last_udp=0.22s, meas=1, tracks=1, valid=1, master=26
[LIVE] udp=4.0/s, objs=4.0/s, last_udp=0.19s, meas=1, tracks=1, valid=1, master=26
[LIVE] udp=2.0/s, objs=2.0/s, last_udp=0.55s, meas=1, tracks=1, valid=1, master=26
[LIVE] udp=6.0/s, objs=6.0/s, last_udp=0.07s, meas=1, tracks=1, valid=1, master=26
[LIVE] udp=2.0/s, objs=2.0/s, last_udp=0.28s, meas=1, tracks=1, valid=1, master=26
[LIVE] udp=2.0/s, objs=2.0/s, last_udp=0.66s, meas=1, tracks=1, valid=1, master=26
[LIVE] udp=4.0/s, objs=4.0/s, last_udp=0.05s, meas=1, tracks=1, valid=1, master=26
[LIVE] udp=3.0/s, objs=3.0/s, last_udp=0.15s, meas=1, tracks=1, valid=1, master=26
[LIVE] udp=1.0/s, objs=1.0/s, last_udp=0.80s, meas=1, tracks=1, valid=1, master=26
[LIVE] udp=0.0/s, objs=0.0/s, last_udp=1.80s, meas=1, tracks=1, valid=1, master=26
[GPS] GGA fix_quality=1, num_sats=21, hdop=0.7, lat=30.408104256, lon=104.08861200333334
[LIVE] udp=0.0/s, objs=0.0/s, last_udp=2.81s, meas=1, tracks=1, valid=1, master=26
[LIVE] udp=0.0/s, objs=0.0/s, last_udp=3.81s, meas=1, tracks=1, valid=1, master=26
[LIVE] udp=0.0/s, objs=0.0/s, last_udp=4.81s, meas=1, tracks=1, valid=1, master=26
[LIVE] udp=0.0/s, objs=0.0/s, last_udp=5.81s, meas=1, tracks=1, valid=1, master=26
[LIVE] udp=0.0/s, objs=0.0/s, last_udp=6.81s, meas=1, tracks=1, valid=1, master=26
[LIVE] udp=0.0/s, objs=0.0/s, last_udp=7.82s, meas=1, tracks=1, valid=1, master=26
[LIVE] udp=0.0/s, objs=0.0/s, last_udp=8.82s, meas=1, tracks=1, valid=1, master=26
[LIVE] udp=0.0/s, objs=0.0/s, last_udp=9.82s, meas=1, tracks=1, valid=1, master=26
[LIVE] udp=0.0/s, objs=0.0/s, last_udp=10.83s, meas=1, tracks=1, valid=1, master=26
[LIVE] udp=2.0/s, objs=2.0/s, last_udp=0.03s, meas=1, tracks=1, valid=1, master=26
[GPS] GGA fix_quality=1, num_sats=21, hdop=0.7, lat=30.408103273, lon=104.08861024816666
[LIVE] udp=2.0/s, objs=2.0/s, last_udp=0.47s, meas=1, tracks=1, valid=0, master=26
[LIVE] udp=0.0/s, objs=0.0/s, last_udp=1.47s, meas=1, tracks=1, valid=0, master=26
[LIVE] udp=2.0/s, objs=2.0/s, last_udp=0.01s, meas=1, tracks=1, valid=0, master=26
[LIVE] udp=2.0/s, objs=2.0/s, last_udp=0.30s, meas=1, tracks=1, valid=1, master=27
[LIVE] udp=3.0/s, objs=3.0/s, last_udp=0.04s, meas=1, tracks=1, valid=1, master=27
[LIVE] udp=3.0/s, objs=3.0/s, last_udp=0.39s, meas=1, tracks=1, valid=1, master=27
[LIVE] udp=4.0/s, objs=4.0/s, last_udp=0.26s, meas=1, tracks=1, valid=1, master=27
[LIVE] udp=2.0/s, objs=2.0/s, last_udp=0.48s, meas=1, tracks=1, valid=1, master=27
[LIVE] udp=3.0/s, objs=3.0/s, last_udp=0.08s, meas=1, tracks=1, valid=1, master=27
[LIVE] udp=3.0/s, objs=3.0/s, last_udp=0.22s, meas=1, tracks=1, valid=1, master=27
[GPS] GGA fix_quality=1, num_sats=22, hdop=0.7, lat=30.408103346166666, lon=104.08861441583333
[LIVE] udp=2.0/s, objs=2.0/s, last_udp=0.58s, meas=1, tracks=1, valid=1, master=27
[LIVE] udp=2.0/s, objs=2.0/s, last_udp=0.17s, meas=1, tracks=1, valid=1, master=27
[LIVE] udp=3.0/s, objs=3.0/s, last_udp=0.11s, meas=1, tracks=1, valid=1, master=27
[LIVE] udp=2.0/s, objs=2.0/s, last_udp=0.37s, meas=1, tracks=1, valid=1, master=27
[LIVE] udp=4.0/s, objs=4.0/s, last_udp=0.13s, meas=1, tracks=1, valid=1, master=27
[LIVE] udp=3.0/s, objs=3.0/s, last_udp=0.03s, meas=1, tracks=1, valid=1, master=27
[LIVE] udp=2.0/s, objs=2.0/s, last_udp=0.25s, meas=1, tracks=1, valid=1, master=27
[LIVE] udp=2.0/s, objs=2.0/s, last_udp=0.45s, meas=1, tracks=1, valid=1, master=27
[LIVE] udp=4.0/s, objs=4.0/s, last_udp=0.16s, meas=1, tracks=1, valid=1, master=27
[LIVE] udp=0.0/s, objs=0.0/s, last_udp=1.17s, meas=1, tracks=1, valid=1, master=27
[GPS] GGA fix_quality=1, num_sats=22, hdop=0.7, lat=30.408100869833333, lon=104.088616185
[LIVE] udp=0.0/s, objs=0.0/s, last_udp=2.17s, meas=1, tracks=1, valid=1, master=27
[LIVE] udp=0.0/s, objs=0.0/s, last_udp=3.18s, meas=1, tracks=1, valid=1, master=27
[LIVE] udp=0.0/s, objs=0.0/s, last_udp=4.18s, meas=1, tracks=1, valid=1, master=27
[LIVE] udp=0.0/s, objs=0.0/s, last_udp=5.18s, meas=1, tracks=1, valid=1, master=27
[LIVE] udp=0.0/s, objs=0.0/s, last_udp=6.19s, meas=1, tracks=1, valid=1, master=27
[LIVE] udp=0.0/s, objs=0.0/s, last_udp=7.19s, meas=1, tracks=1, valid=1, master=27
[LIVE] udp=0.0/s, objs=0.0/s, last_udp=8.19s, meas=1, tracks=1, valid=1, master=27
[LIVE] udp=2.0/s, objs=2.0/s, last_udp=0.39s, meas=1, tracks=1, valid=1, master=27
[LIVE] udp=0.0/s, objs=0.0/s, last_udp=1.40s, meas=1, tracks=1, valid=1, master=27
[LIVE] udp=0.0/s, objs=0.0/s, last_udp=2.40s, meas=1, tracks=1, valid=1, master=27
[GPS] GGA fix_quality=1, num_sats=22, hdop=0.7, lat=30.408100045833333, lon=104.088614055
[LIVE] udp=0.0/s, objs=0.0/s, last_udp=3.40s, meas=1, tracks=1, valid=1, master=27
[LIVE] udp=0.0/s, objs=0.0/s, last_udp=4.40s, meas=1, tracks=1, valid=1, master=27
[LIVE] udp=4.0/s, objs=4.0/s, last_udp=0.12s, meas=1, tracks=1, valid=1, master=27
[LIVE] udp=0.0/s, objs=0.0/s, last_udp=1.12s, meas=1, tracks=1, valid=1, master=27
[LIVE] udp=0.0/s, objs=0.0/s, last_udp=2.12s, meas=1, tracks=1, valid=1, master=27
[LIVE] udp=1.0/s, objs=1.0/s, last_udp=0.30s, meas=1, tracks=1, valid=1, master=27
[LIVE] udp=2.0/s, objs=2.0/s, last_udp=0.01s, meas=1, tracks=1, valid=1, master=27
[LIVE] udp=3.0/s, objs=3.0/s, last_udp=0.11s, meas=1, tracks=1, valid=1, master=27
[LIVE] udp=3.0/s, objs=3.0/s, last_udp=0.40s, meas=1, tracks=1, valid=1, master=27
[LIVE] udp=4.0/s, objs=4.0/s, last_udp=0.14s, meas=1, tracks=1, valid=1, master=27
[GPS] GGA fix_quality=1, num_sats=21, hdop=0.7, lat=30.408100579166668, lon=104.08862052433334
[LIVE] udp=2.0/s, objs=2.0/s, last_udp=0.40s, meas=1, tracks=1, valid=1, master=27
[LIVE] udp=3.0/s, objs=3.0/s, last_udp=0.29s, meas=1, tracks=1, valid=1, master=27
[LIVE] udp=3.0/s, objs=3.0/s, last_udp=0.13s, meas=1, tracks=1, valid=1, master=27
[LIVE] udp=2.0/s, objs=2.0/s, last_udp=0.38s, meas=1, tracks=1, valid=1, master=27
[LIVE] udp=4.0/s, objs=4.0/s, last_udp=0.16s, meas=1, tracks=1, valid=1, master=27
[LIVE] udp=2.0/s, objs=2.0/s, last_udp=0.38s, meas=1, tracks=1, valid=1, master=27
[LIVE] udp=4.0/s, objs=4.0/s, last_udp=0.12s, meas=1, tracks=1, valid=1, master=27
[LIVE] udp=2.0/s, objs=2.0/s, last_udp=0.49s, meas=1, tracks=1, valid=1, master=27
[LIVE] udp=2.0/s, objs=2.0/s, last_udp=0.56s, meas=1, tracks=1, valid=1, master=27
[LIVE] udp=4.0/s, objs=4.0/s, last_udp=0.22s, meas=1, tracks=1, valid=1, master=27
[GPS] GGA fix_quality=1, num_sats=20, hdop=0.8, lat=30.408099477666667, lon=104.088629497
[LIVE] udp=2.0/s, objs=2.0/s, last_udp=0.40s, meas=1, tracks=1, valid=1, master=27
[LIVE] udp=4.0/s, objs=4.0/s, last_udp=0.31s, meas=1, tracks=1, valid=1, master=27
[LIVE] udp=3.0/s, objs=3.0/s, last_udp=0.03s, meas=1, tracks=1, valid=1, master=27
[LIVE] udp=3.0/s, objs=3.0/s, last_udp=0.30s, meas=1, tracks=1, valid=1, master=27
[LIVE] udp=2.0/s, objs=2.0/s, last_udp=0.32s, meas=1, tracks=1, valid=1, master=27
[LIVE] udp=4.0/s, objs=4.0/s, last_udp=0.01s, meas=1, tracks=1, valid=1, master=27
[LIVE] udp=2.0/s, objs=2.0/s, last_udp=0.49s, meas=1, tracks=1, valid=1, master=27
[LIVE] udp=0.0/s, objs=0.0/s, last_udp=1.49s, meas=1, tracks=1, valid=1, master=27
[LIVE] udp=0.0/s, objs=0.0/s, last_udp=2.49s, meas=1, tracks=1, valid=1, master=27
[LIVE] udp=0.0/s, objs=0.0/s, last_udp=3.49s, meas=1, tracks=1, valid=1, master=27
[GPS] GGA fix_quality=1, num_sats=20, hdop=0.8, lat=30.408101149166665, lon=104.08861432183333
[LIVE] udp=0.0/s, objs=0.0/s, last_udp=4.50s, meas=1, tracks=1, valid=1, master=27
[LIVE] udp=0.0/s, objs=0.0/s, last_udp=5.50s, meas=1, tracks=1, valid=1, master=27
[LIVE] udp=0.0/s, objs=0.0/s, last_udp=6.50s, meas=1, tracks=1, valid=1, master=27
[LIVE] udp=0.0/s, objs=0.0/s, last_udp=7.50s, meas=1, tracks=1, valid=1, master=27
[LIVE] udp=0.0/s, objs=0.0/s, last_udp=8.50s, meas=1, tracks=1, valid=1, master=27
[LIVE] udp=0.0/s, objs=0.0/s, last_udp=9.50s, meas=1, tracks=1, valid=1, master=27
[LIVE] udp=0.0/s, objs=0.0/s, last_udp=10.51s, meas=1, tracks=1, valid=1, master=27
[LIVE] udp=0.0/s, objs=0.0/s, last_udp=11.51s, meas=1, tracks=1, valid=1, master=27
[LIVE] udp=0.0/s, objs=0.0/s, last_udp=12.51s, meas=1, tracks=1, valid=1, master=27
[LIVE] udp=0.0/s, objs=0.0/s, last_udp=13.51s, meas=1, tracks=1, valid=1, master=27
[GPS] GGA fix_quality=1, num_sats=19, hdop=0.8, lat=30.408101546333334, lon=104.08861226483333
[LIVE] udp=0.0/s, objs=0.0/s, last_udp=14.52s, meas=1, tracks=1, valid=1, master=27
[LIVE] udp=0.0/s, objs=0.0/s, last_udp=15.52s, meas=1, tracks=1, valid=1, master=27
[LIVE] udp=0.0/s, objs=0.0/s, last_udp=16.52s, meas=1, tracks=1, valid=1, master=27
[LIVE] udp=0.0/s, objs=0.0/s, last_udp=17.52s, meas=1, tracks=1, valid=1, master=27
[LIVE] udp=0.0/s, objs=0.0/s, last_udp=18.52s, meas=1, tracks=1, valid=1, master=27
[LIVE] udp=0.0/s, objs=0.0/s, last_udp=19.52s, meas=1, tracks=1, valid=1, master=27
[LIVE] udp=0.0/s, objs=0.0/s, last_udp=20.53s, meas=1, tracks=1, valid=1, master=27
[LIVE] udp=0.0/s, objs=0.0/s, last_udp=21.53s, meas=1, tracks=1, valid=1, master=27
[LIVE] udp=0.0/s, objs=0.0/s, last_udp=22.53s, meas=1, tracks=1, valid=1, master=27
[LIVE] udp=0.0/s, objs=0.0/s, last_udp=23.53s, meas=1, tracks=1, valid=1, master=27
[GPS] GGA fix_quality=1, num_sats=19, hdop=0.8, lat=30.408100882833335, lon=104.08860924266666
[LIVE] udp=0.0/s, objs=0.0/s, last_udp=24.54s, meas=1, tracks=1, valid=1, master=27
[LIVE] udp=0.0/s, objs=0.0/s, last_udp=25.54s, meas=1, tracks=1, valid=1, master=27
[LIVE] udp=2.0/s, objs=2.0/s, last_udp=0.38s, meas=1, tracks=1, valid=0, master=27
[LIVE] udp=3.0/s, objs=3.0/s, last_udp=0.31s, meas=1, tracks=1, valid=1, master=28
[LIVE] udp=5.0/s, objs=5.0/s, last_udp=0.04s, meas=1, tracks=1, valid=1, master=28
[LIVE] udp=2.0/s, objs=2.0/s, last_udp=0.53s, meas=1, tracks=1, valid=1, master=28
[LIVE] udp=3.0/s, objs=3.0/s, last_udp=0.24s, meas=1, tracks=1, valid=1, master=28
[LIVE] udp=2.0/s, objs=2.0/s, last_udp=0.46s, meas=1, tracks=1, valid=1, master=28
[LIVE] udp=0.0/s, objs=0.0/s, last_udp=1.46s, meas=1, tracks=1, valid=1, master=28
[LIVE] udp=0.0/s, objs=0.0/s, last_udp=2.47s, meas=1, tracks=1, valid=1, master=28
[GPS] GGA fix_quality=1, num_sats=19, hdop=0.8, lat=30.408100399333332, lon=104.08863396816666
[LIVE] udp=0.0/s, objs=0.0/s, last_udp=3.47s, meas=1, tracks=1, valid=1, master=28
[LIVE] udp=0.0/s, objs=0.0/s, last_udp=4.47s, meas=1, tracks=1, valid=1, master=28
[LIVE] udp=0.0/s, objs=0.0/s, last_udp=5.47s, meas=1, tracks=1, valid=1, master=28
[LIVE] udp=0.0/s, objs=0.0/s, last_udp=6.48s, meas=1, tracks=1, valid=1, master=28
[LIVE] udp=0.0/s, objs=0.0/s, last_udp=7.48s, meas=1, tracks=1, valid=1, master=28
[LIVE] udp=2.0/s, objs=2.0/s, last_udp=0.47s, meas=1, tracks=1, valid=1, master=28
[LIVE] udp=1.0/s, objs=1.0/s, last_udp=0.98s, meas=1, tracks=1, valid=1, master=28
[LIVE] udp=0.0/s, objs=0.0/s, last_udp=1.98s, meas=1, tracks=1, valid=1, master=28
[LIVE] udp=0.0/s, objs=0.0/s, last_udp=2.98s, meas=1, tracks=1, valid=1, master=28
[LIVE] udp=0.0/s, objs=0.0/s, last_udp=3.98s, meas=1, tracks=1, valid=1, master=28
[GPS] GGA fix_quality=1, num_sats=19, hdop=0.8, lat=30.4080964875, lon=104.08862840566667
[LIVE] udp=0.0/s, objs=0.0/s, last_udp=4.98s, meas=1, tracks=1, valid=1, master=28
[LIVE] udp=0.0/s, objs=0.0/s, last_udp=5.99s, meas=1, tracks=1, valid=1, master=28
[LIVE] udp=0.0/s, objs=0.0/s, last_udp=6.99s, meas=1, tracks=1, valid=1, master=28
[LIVE] udp=0.0/s, objs=0.0/s, last_udp=7.99s, meas=1, tracks=1, valid=1, master=28
[LIVE] udp=0.0/s, objs=0.0/s, last_udp=8.99s, meas=1, tracks=1, valid=1, master=28
[LIVE] udp=1.0/s, objs=1.0/s, last_udp=0.04s, meas=1, tracks=1, valid=1, master=28
[LIVE] udp=1.0/s, objs=1.0/s, last_udp=0.33s, meas=1, tracks=1, valid=1, master=28
[LIVE] udp=0.0/s, objs=0.0/s, last_udp=1.33s, meas=1, tracks=1, valid=1, master=28
[LIVE] udp=0.0/s, objs=0.0/s, last_udp=2.34s, meas=1, tracks=1, valid=1, master=28
[LIVE] udp=0.0/s, objs=0.0/s, last_udp=3.34s, meas=1, tracks=1, valid=1, master=28
[GPS] GGA fix_quality=1, num_sats=20, hdop=0.7, lat=30.408094559, lon=104.08863499616666
[LIVE] udp=0.0/s, objs=0.0/s, last_udp=4.34s, meas=1, tracks=1, valid=1, master=28
[LIVE] udp=0.0/s, objs=0.0/s, last_udp=5.34s, meas=1, tracks=1, valid=1, master=28
[LIVE] udp=0.0/s, objs=0.0/s, last_udp=6.34s, meas=1, tracks=1, valid=1, master=28
[LIVE] udp=0.0/s, objs=0.0/s, last_udp=7.34s, meas=1, tracks=1, valid=1, master=28
[LIVE] udp=0.0/s, objs=0.0/s, last_udp=8.34s, meas=1, tracks=1, valid=1, master=28
[LIVE] udp=0.0/s, objs=0.0/s, last_udp=9.35s, meas=1, tracks=1, valid=1, master=28
[LIVE] udp=0.0/s, objs=0.0/s, last_udp=10.35s, meas=1, tracks=1, valid=1, master=28
[LIVE] udp=0.0/s, objs=0.0/s, last_udp=11.35s, meas=1, tracks=1, valid=1, master=28
[LIVE] udp=0.0/s, objs=0.0/s, last_udp=12.36s, meas=1, tracks=1, valid=1, master=28
[LIVE] udp=0.0/s, objs=0.0/s, last_udp=13.36s, meas=1, tracks=1, valid=1, master=28
[GPS] GGA fix_quality=1, num_sats=18, hdop=0.9, lat=30.408093750333332, lon=104.08866151683333
[LIVE] udp=0.0/s, objs=0.0/s, last_udp=14.36s, meas=1, tracks=1, valid=1, master=28
[LIVE] udp=0.0/s, objs=0.0/s, last_udp=15.36s, meas=1, tracks=1, valid=1, master=28
[LIVE] udp=0.0/s, objs=0.0/s, last_udp=16.37s, meas=1, tracks=1, valid=1, master=28
[LIVE] udp=0.0/s, objs=0.0/s, last_udp=17.37s, meas=1, tracks=1, valid=1, master=28
[LIVE] udp=0.0/s, objs=0.0/s, last_udp=18.37s, meas=1, tracks=1, valid=1, master=28
[LIVE] udp=0.0/s, objs=0.0/s, last_udp=19.37s, meas=1, tracks=1, valid=1, master=28
[LIVE] udp=0.0/s, objs=0.0/s, last_udp=20.37s, meas=1, tracks=1, valid=1, master=28
[LIVE] udp=0.0/s, objs=0.0/s, last_udp=21.37s, meas=1, tracks=1, valid=1, master=28
[LIVE] udp=0.0/s, objs=0.0/s, last_udp=22.38s, meas=1, tracks=1, valid=1, master=28
[LIVE] udp=1.0/s, objs=1.0/s, last_udp=0.55s, meas=1, tracks=1, valid=0, master=28
[GPS] GGA fix_quality=1, num_sats=19, hdop=0.8, lat=30.408091503166666, lon=104.088663201
[LIVE] udp=2.0/s, objs=2.0/s, last_udp=0.24s, meas=1, tracks=1, valid=1, master=29
[LIVE] udp=3.0/s, objs=3.0/s, last_udp=0.32s, meas=1, tracks=1, valid=1, master=29
[LIVE] udp=2.0/s, objs=2.0/s, last_udp=0.67s, meas=1, tracks=1, valid=1, master=29
[LIVE] udp=0.0/s, objs=0.0/s, last_udp=1.67s, meas=1, tracks=1, valid=1, master=29
[LIVE] udp=0.0/s, objs=0.0/s, last_udp=2.67s, meas=1, tracks=1, valid=1, master=29
[LIVE] udp=1.0/s, objs=1.0/s, last_udp=0.15s, meas=1, tracks=1, valid=1, master=29
[LIVE] udp=3.0/s, objs=3.0/s, last_udp=0.29s, meas=1, tracks=1, valid=1, master=29
[LIVE] udp=1.0/s, objs=1.0/s, last_udp=0.77s, meas=1, tracks=1, valid=1, master=29
[LIVE] udp=0.0/s, objs=0.0/s, last_udp=1.78s, meas=1, tracks=1, valid=1, master=29
[LIVE] udp=0.0/s, objs=0.0/s, last_udp=2.78s, meas=1, tracks=1, valid=1, master=29
[GPS] GGA fix_quality=1, num_sats=17, hdop=1.2, lat=30.408095886, lon=104.08868948816666
[LIVE] udp=0.0/s, objs=0.0/s, last_udp=3.78s, meas=1, tracks=1, valid=1, master=29
[LIVE] udp=0.0/s, objs=0.0/s, last_udp=4.78s, meas=1, tracks=1, valid=1, master=29
[LIVE] udp=0.0/s, objs=0.0/s, last_udp=5.79s, meas=1, tracks=1, valid=1, master=29
[LIVE] udp=0.0/s, objs=0.0/s, last_udp=6.79s, meas=1, tracks=1, valid=1, master=29
[LIVE] udp=0.0/s, objs=0.0/s, last_udp=7.79s, meas=1, tracks=1, valid=1, master=29
[LIVE] udp=0.0/s, objs=0.0/s, last_udp=8.79s, meas=1, tracks=1, valid=1, master=29
[LIVE] udp=0.0/s, objs=0.0/s, last_udp=9.79s, meas=1, tracks=1, valid=1, master=29
[LIVE] udp=0.0/s, objs=0.0/s, last_udp=10.80s, meas=1, tracks=1, valid=1, master=29
[LIVE] udp=0.0/s, objs=0.0/s, last_udp=11.80s, meas=1, tracks=1, valid=1, master=29
[LIVE] udp=0.0/s, objs=0.0/s, last_udp=12.80s, meas=1, tracks=1, valid=1, master=29
[GPS] GGA fix_quality=1, num_sats=18, hdop=1.0, lat=30.408099789333335, lon=104.0887087425
[LIVE] udp=0.0/s, objs=0.0/s, last_udp=13.81s, meas=1, tracks=1, valid=1, master=29
[LIVE] udp=0.0/s, objs=0.0/s, last_udp=14.81s, meas=1, tracks=1, valid=1, master=29
[LIVE] udp=0.0/s, objs=0.0/s, last_udp=15.81s, meas=1, tracks=1, valid=1, master=29
[LIVE] udp=0.0/s, objs=0.0/s, last_udp=16.81s, meas=1, tracks=1, valid=1, master=29
[LIVE] udp=0.0/s, objs=0.0/s, last_udp=17.81s, meas=1, tracks=1, valid=1, master=29
[LIVE] udp=0.0/s, objs=0.0/s, last_udp=18.82s, meas=1, tracks=1, valid=1, master=29
[LIVE] udp=0.0/s, objs=0.0/s, last_udp=19.82s, meas=1, tracks=1, valid=1, master=29
[LIVE] udp=0.0/s, objs=0.0/s, last_udp=20.82s, meas=1, tracks=1, valid=1, master=29
[LIVE] udp=0.0/s, objs=0.0/s, last_udp=21.82s, meas=1, tracks=1, valid=1, master=29
[LIVE] udp=0.0/s, objs=0.0/s, last_udp=22.82s, meas=1, tracks=1, valid=1, master=29
[GPS] GGA fix_quality=1, num_sats=18, hdop=1.0, lat=30.408101794833332, lon=104.08870969916667
[LIVE] udp=0.0/s, objs=0.0/s, last_udp=23.83s, meas=1, tracks=1, valid=1, master=29
[LIVE] udp=0.0/s, objs=0.0/s, last_udp=24.83s, meas=1, tracks=1, valid=1, master=29
[LIVE] udp=0.0/s, objs=0.0/s, last_udp=25.83s, meas=1, tracks=1, valid=1, master=29
[LIVE] udp=0.0/s, objs=0.0/s, last_udp=26.84s, meas=1, tracks=1, valid=1, master=29
[LIVE] udp=0.0/s, objs=0.0/s, last_udp=27.84s, meas=1, tracks=1, valid=1, master=29
[LIVE] udp=0.0/s, objs=0.0/s, last_udp=28.84s, meas=1, tracks=1, valid=1, master=29
[LIVE] udp=0.0/s, objs=0.0/s, last_udp=29.85s, meas=1, tracks=1, valid=1, master=29
[LIVE] udp=0.0/s, objs=0.0/s, last_udp=30.85s, meas=1, tracks=1, valid=1, master=29
[LIVE] udp=0.0/s, objs=0.0/s, last_udp=31.86s, meas=1, tracks=1, valid=1, master=29
[LIVE] udp=0.0/s, objs=0.0/s, last_udp=32.86s, meas=1, tracks=1, valid=1, master=29
[GPS] GGA fix_quality=1, num_sats=18, hdop=0.9, lat=30.408102295166668, lon=104.088711647
[LIVE] udp=0.0/s, objs=0.0/s, last_udp=33.86s, meas=1, tracks=1, valid=1, master=29
[LIVE] udp=0.0/s, objs=0.0/s, last_udp=34.86s, meas=1, tracks=1, valid=1, master=29
[LIVE] udp=0.0/s, objs=0.0/s, last_udp=35.86s, meas=1, tracks=1, valid=1, master=29
[LIVE] udp=0.0/s, objs=0.0/s, last_udp=36.86s, meas=1, tracks=1, valid=1, master=29
[LIVE] udp=0.0/s, objs=0.0/s, last_udp=37.86s, meas=1, tracks=1, valid=1, master=29
[LIVE] udp=0.0/s, objs=0.0/s, last_udp=38.87s, meas=1, tracks=1, valid=1, master=29
[LIVE] udp=0.0/s, objs=0.0/s, last_udp=39.87s, meas=1, tracks=1, valid=1, master=29
[LIVE] udp=0.0/s, objs=0.0/s, last_udp=40.87s, meas=1, tracks=1, valid=1, master=29
[LIVE] udp=0.0/s, objs=0.0/s, last_udp=41.87s, meas=1, tracks=1, valid=1, master=29
[LIVE] udp=0.0/s, objs=0.0/s, last_udp=42.87s, meas=1, tracks=1, valid=1, master=29
[GPS] GGA fix_quality=1, num_sats=17, hdop=1.0, lat=30.408096296333333, lon=104.088709872
[LIVE] udp=0.0/s, objs=0.0/s, last_udp=43.88s, meas=1, tracks=1, valid=1, master=29
[LIVE] udp=0.0/s, objs=0.0/s, last_udp=44.88s, meas=1, tracks=1, valid=1, master=29
[LIVE] udp=0.0/s, objs=0.0/s, last_udp=45.88s, meas=1, tracks=1, valid=1, master=29
[LIVE] udp=0.0/s, objs=0.0/s, last_udp=46.88s, meas=1, tracks=1, valid=1, master=29
[LIVE] udp=0.0/s, objs=0.0/s, last_udp=47.88s, meas=1, tracks=1, valid=1, master=29
[LIVE] udp=0.0/s, objs=0.0/s, last_udp=48.89s, meas=1, tracks=1, valid=1, master=29
[LIVE] udp=0.0/s, objs=0.0/s, last_udp=49.89s, meas=1, tracks=1, valid=1, master=29
[LIVE] udp=0.0/s, objs=0.0/s, last_udp=50.89s, meas=1, tracks=1, valid=1, master=29
[LIVE] udp=0.0/s, objs=0.0/s, last_udp=51.90s, meas=1, tracks=1, valid=1, master=29
[LIVE] udp=0.0/s, objs=0.0/s, last_udp=52.90s, meas=1, tracks=1, valid=1, master=29
[GPS] GGA fix_quality=1, num_sats=17, hdop=1.0, lat=30.4080930115, lon=104.0886943525
[LIVE] udp=0.0/s, objs=0.0/s, last_udp=53.91s, meas=1, tracks=1, valid=1, master=29
[LIVE] udp=0.0/s, objs=0.0/s, last_udp=54.91s, meas=1, tracks=1, valid=1, master=29
[LIVE] udp=0.0/s, objs=0.0/s, last_udp=55.91s, meas=1, tracks=1, valid=1, master=29
[LIVE] udp=0.0/s, objs=0.0/s, last_udp=56.91s, meas=1, tracks=1, valid=1, master=29
[LIVE] udp=0.0/s, objs=0.0/s, last_udp=57.92s, meas=1, tracks=1, valid=1, master=29
[LIVE] udp=0.0/s, objs=0.0/s, last_udp=58.92s, meas=1, tracks=1, valid=1, master=29
[LIVE] udp=0.0/s, objs=0.0/s, last_udp=59.92s, meas=1, tracks=1, valid=1, master=29
[LIVE] udp=0.0/s, objs=0.0/s, last_udp=60.93s, meas=1, tracks=1, valid=1, master=29
[LIVE] udp=0.0/s, objs=0.0/s, last_udp=61.93s, meas=1, tracks=1, valid=1, master=29
[LIVE] udp=0.0/s, objs=0.0/s, last_udp=62.93s, meas=1, tracks=1, valid=1, master=29
[GPS] GGA fix_quality=1, num_sats=18, hdop=0.9, lat=30.408090959, lon=104.0886805875
[LIVE] udp=0.0/s, objs=0.0/s, last_udp=63.94s, meas=1, tracks=1, valid=1, master=29
[LIVE] udp=0.0/s, objs=0.0/s, last_udp=64.94s, meas=1, tracks=1, valid=1, master=29
[LIVE] udp=0.0/s, objs=0.0/s, last_udp=65.94s, meas=1, tracks=1, valid=1, master=29
[LIVE] udp=0.0/s, objs=0.0/s, last_udp=66.95s, meas=1, tracks=1, valid=1, master=29
[LIVE] udp=0.0/s, objs=0.0/s, last_udp=67.95s, meas=1, tracks=1, valid=1, master=29
[LIVE] udp=0.0/s, objs=0.0/s, last_udp=68.95s, meas=1, tracks=1, valid=1, master=29
[LIVE] udp=0.0/s, objs=0.0/s, last_udp=69.96s, meas=1, tracks=1, valid=1, master=29
[LIVE] udp=0.0/s, objs=0.0/s, last_udp=70.96s, meas=1, tracks=1, valid=1, master=29
[LIVE] udp=0.0/s, objs=0.0/s, last_udp=71.96s, meas=1, tracks=1, valid=1, master=29
[LIVE] udp=0.0/s, objs=0.0/s, last_udp=72.96s, meas=1, tracks=1, valid=1, master=29
[GPS] GGA fix_quality=1, num_sats=17, hdop=1.0, lat=30.408089774166665, lon=104.0886649575
[LIVE] udp=0.0/s, objs=0.0/s, last_udp=73.97s, meas=1, tracks=1, valid=1, master=29
[LIVE] udp=0.0/s, objs=0.0/s, last_udp=74.97s, meas=1, tracks=1, valid=1, master=29
[LIVE] udp=0.0/s, objs=0.0/s, last_udp=75.97s, meas=1, tracks=1, valid=1, master=29
[LIVE] udp=0.0/s, objs=0.0/s, last_udp=76.97s, meas=1, tracks=1, valid=1, master=29
[LIVE] udp=0.0/s, objs=0.0/s, last_udp=77.98s, meas=1, tracks=1, valid=1, master=29
[LIVE] udp=0.0/s, objs=0.0/s, last_udp=78.98s, meas=1, tracks=1, valid=1, master=29
[LIVE] udp=0.0/s, objs=0.0/s, last_udp=79.98s, meas=1, tracks=1, valid=1, master=29
[LIVE] udp=0.0/s, objs=0.0/s, last_udp=80.99s, meas=1, tracks=1, valid=1, master=29
[LIVE] udp=0.0/s, objs=0.0/s, last_udp=81.99s, meas=1, tracks=1, valid=1, master=29
[LIVE] udp=0.0/s, objs=0.0/s, last_udp=82.99s, meas=1, tracks=1, valid=1, master=29
[GPS] GGA fix_quality=1, num_sats=18, hdop=0.9, lat=30.408088323333335, lon=104.08866567933333
[LIVE] udp=0.0/s, objs=0.0/s, last_udp=83.99s, meas=1, tracks=1, valid=1, master=29
[LIVE] udp=0.0/s, objs=0.0/s, last_udp=84.99s, meas=1, tracks=1, valid=1, master=29
[LIVE] udp=0.0/s, objs=0.0/s, last_udp=86.00s, meas=1, tracks=1, valid=1, master=29
[LIVE] udp=0.0/s, objs=0.0/s, last_udp=87.00s, meas=1, tracks=1, valid=1, master=29
[LIVE] udp=0.0/s, objs=0.0/s, last_udp=88.01s, meas=1, tracks=1, valid=1, master=29
[LIVE] udp=0.0/s, objs=0.0/s, last_udp=89.01s, meas=1, tracks=1, valid=1, master=29
[LIVE] udp=0.0/s, objs=0.0/s, last_udp=90.01s, meas=1, tracks=1, valid=1, master=29
[LIVE] udp=0.0/s, objs=0.0/s, last_udp=91.01s, meas=1, tracks=1, valid=1, master=29
[LIVE] udp=0.0/s, objs=0.0/s, last_udp=92.02s, meas=1, tracks=1, valid=1, master=29
[LIVE] udp=0.0/s, objs=0.0/s, last_udp=93.02s, meas=1, tracks=1, valid=1, master=29
[GPS] GGA fix_quality=1, num_sats=16, hdop=1.4, lat=30.408088736666667, lon=104.08866576233333
[LIVE] udp=0.0/s, objs=0.0/s, last_udp=94.02s, meas=1, tracks=1, valid=1, master=29
[LIVE] udp=0.0/s, objs=0.0/s, last_udp=95.02s, meas=1, tracks=1, valid=1, master=29
[LIVE] udp=0.0/s, objs=0.0/s, last_udp=96.03s, meas=1, tracks=1, valid=1, master=29
[LIVE] udp=0.0/s, objs=0.0/s, last_udp=97.03s, meas=1, tracks=1, valid=1, master=29
[LIVE] udp=0.0/s, objs=0.0/s, last_udp=98.03s, meas=1, tracks=1, valid=1, master=29
[LIVE] udp=0.0/s, objs=0.0/s, last_udp=99.03s, meas=1, tracks=1, valid=1, master=29
[LIVE] udp=0.0/s, objs=0.0/s, last_udp=100.04s, meas=1, tracks=1, valid=1, master=29
[LIVE] udp=0.0/s, objs=0.0/s, last_udp=101.04s, meas=1, tracks=1, valid=1, master=29
[LIVE] udp=0.0/s, objs=0.0/s, last_udp=102.04s, meas=1, tracks=1, valid=1, master=29
[LIVE] udp=0.0/s, objs=0.0/s, last_udp=103.04s, meas=1, tracks=1, valid=1, master=29
[GPS] GGA fix_quality=1, num_sats=18, hdop=1.0, lat=30.408089850166668, lon=104.08866716466666
[LIVE] udp=0.0/s, objs=0.0/s, last_udp=104.04s, meas=1, tracks=1, valid=1, master=29
[LIVE] udp=0.0/s, objs=0.0/s, last_udp=105.05s, meas=1, tracks=1, valid=1, master=29
[LIVE] udp=0.0/s, objs=0.0/s, last_udp=106.05s, meas=1, tracks=1, valid=1, master=29
[LIVE] udp=0.0/s, objs=0.0/s, last_udp=107.06s, meas=1, tracks=1, valid=1, master=29
[LIVE] udp=0.0/s, objs=0.0/s, last_udp=108.06s, meas=1, tracks=1, valid=1, master=29
[LIVE] udp=0.0/s, objs=0.0/s, last_udp=109.06s, meas=1, tracks=1, valid=1, master=29
[LIVE] udp=0.0/s, objs=0.0/s, last_udp=110.07s, meas=1, tracks=1, valid=1, master=29
[LIVE] udp=0.0/s, objs=0.0/s, last_udp=111.07s, meas=1, tracks=1, valid=1, master=29
[LIVE] udp=0.0/s, objs=0.0/s, last_udp=112.07s, meas=1, tracks=1, valid=1, master=29
[LIVE] udp=0.0/s, objs=0.0/s, last_udp=113.07s, meas=1, tracks=1, valid=1, master=29
[GPS] GGA fix_quality=1, num_sats=18, hdop=1.0, lat=30.408091681666665, lon=104.08865064383333
[LIVE] udp=0.0/s, objs=0.0/s, last_udp=114.08s, meas=1, tracks=1, valid=1, master=29
[LIVE] udp=0.0/s, objs=0.0/s, last_udp=115.08s, meas=1, tracks=1, valid=1, master=29
[LIVE] udp=0.0/s, objs=0.0/s, last_udp=116.08s, meas=1, tracks=1, valid=1, master=29
[LIVE] udp=0.0/s, objs=0.0/s, last_udp=117.08s, meas=1, tracks=1, valid=1, master=29
[LIVE] udp=0.0/s, objs=0.0/s, last_udp=118.08s, meas=1, tracks=1, valid=1, master=29
[LIVE] udp=0.0/s, objs=0.0/s, last_udp=119.09s, meas=1, tracks=1, valid=1, master=29
[LIVE] udp=0.0/s, objs=0.0/s, last_udp=120.09s, meas=1, tracks=1, valid=1, master=29
[LIVE] udp=0.0/s, objs=0.0/s, last_udp=121.09s, meas=1, tracks=1, valid=1, master=29
[LIVE] udp=0.0/s, objs=0.0/s, last_udp=122.09s, meas=1, tracks=1, valid=1, master=29
[LIVE] udp=0.0/s, objs=0.0/s, last_udp=123.09s, meas=1, tracks=1, valid=1, master=29
[GPS] GGA fix_quality=1, num_sats=18, hdop=0.9, lat=30.408094555833333, lon=104.08863213816667
[LIVE] udp=0.0/s, objs=0.0/s, last_udp=124.10s, meas=1, tracks=1, valid=1, master=29
[LIVE] udp=0.0/s, objs=0.0/s, last_udp=125.10s, meas=1, tracks=1, valid=1, master=29
[LIVE] udp=0.0/s, objs=0.0/s, last_udp=126.10s, meas=1, tracks=1, valid=1, master=29
[LIVE] udp=0.0/s, objs=0.0/s, last_udp=127.11s, meas=1, tracks=1, valid=1, master=29
[LIVE] udp=0.0/s, objs=0.0/s, last_udp=128.11s, meas=1, tracks=1, valid=1, master=29
[LIVE] udp=0.0/s, objs=0.0/s, last_udp=129.11s, meas=1, tracks=1, valid=1, master=29
[LIVE] udp=0.0/s, objs=0.0/s, last_udp=130.12s, meas=1, tracks=1, valid=1, master=29
[LIVE] udp=0.0/s, objs=0.0/s, last_udp=131.12s, meas=1, tracks=1, valid=1, master=29
[LIVE] udp=0.0/s, objs=0.0/s, last_udp=132.12s, meas=1, tracks=1, valid=1, master=29
[LIVE] udp=0.0/s, objs=0.0/s, last_udp=133.12s, meas=1, tracks=1, valid=1, master=29
[GPS] GGA fix_quality=1, num_sats=19, hdop=0.8, lat=30.4080968465, lon=104.08863416816666
[LIVE] udp=0.0/s, objs=0.0/s, last_udp=134.13s, meas=1, tracks=1, valid=1, master=29
[LIVE] udp=0.0/s, objs=0.0/s, last_udp=135.13s, meas=1, tracks=1, valid=1, master=29
[LIVE] udp=0.0/s, objs=0.0/s, last_udp=136.13s, meas=1, tracks=1, valid=1, master=29
[LIVE] udp=0.0/s, objs=0.0/s, last_udp=137.14s, meas=1, tracks=1, valid=1, master=29
[LIVE] udp=0.0/s, objs=0.0/s, last_udp=138.14s, meas=1, tracks=1, valid=1, master=29
[LIVE] udp=0.0/s, objs=0.0/s, last_udp=139.14s, meas=1, tracks=1, valid=1, master=29
[LIVE] udp=0.0/s, objs=0.0/s, last_udp=140.15s, meas=1, tracks=1, valid=1, master=29
[LIVE] udp=0.0/s, objs=0.0/s, last_udp=141.15s, meas=1, tracks=1, valid=1, master=29
[LIVE] udp=0.0/s, objs=0.0/s, last_udp=142.15s, meas=1, tracks=1, valid=1, master=29
[GPS] GGA fix_quality=1, num_sats=19, hdop=0.8, lat=30.408097340833333, lon=104.08865427633333
[LIVE] udp=0.0/s, objs=0.0/s, last_udp=143.15s, meas=1, tracks=1, valid=1, master=29
[LIVE] udp=0.0/s, objs=0.0/s, last_udp=144.15s, meas=1, tracks=1, valid=1, master=29
[LIVE] udp=0.0/s, objs=0.0/s, last_udp=145.16s, meas=1, tracks=1, valid=1, master=29
[LIVE] udp=0.0/s, objs=0.0/s, last_udp=146.16s, meas=1, tracks=1, valid=1, master=29
[LIVE] udp=0.0/s, objs=0.0/s, last_udp=147.17s, meas=1, tracks=1, valid=1, master=29
[LIVE] udp=0.0/s, objs=0.0/s, last_udp=148.17s, meas=1, tracks=1, valid=1, master=29
[LIVE] udp=0.0/s, objs=0.0/s, last_udp=149.17s, meas=1, tracks=1, valid=1, master=29
[LIVE] udp=0.0/s, objs=0.0/s, last_udp=150.17s, meas=1, tracks=1, valid=1, master=29
[LIVE] udp=0.0/s, objs=0.0/s, last_udp=151.18s, meas=1, tracks=1, valid=1, master=29
[LIVE] udp=0.0/s, objs=0.0/s, last_udp=152.18s, meas=1, tracks=1, valid=1, master=29
[GPS] GGA fix_quality=1, num_sats=20, hdop=0.8, lat=30.408097363666666, lon=104.088650405
[LIVE] udp=0.0/s, objs=0.0/s, last_udp=153.18s, meas=1, tracks=1, valid=1, master=29
[LIVE] udp=0.0/s, objs=0.0/s, last_udp=154.19s, meas=1, tracks=1, valid=1, master=29
[LIVE] udp=0.0/s, objs=0.0/s, last_udp=155.19s, meas=1, tracks=1, valid=1, master=29
[LIVE] udp=0.0/s, objs=0.0/s, last_udp=156.19s, meas=1, tracks=1, valid=1, master=29
[LIVE] udp=0.0/s, objs=0.0/s, last_udp=157.19s, meas=1, tracks=1, valid=1, master=29
[LIVE] udp=0.0/s, objs=0.0/s, last_udp=158.20s, meas=1, tracks=1, valid=1, master=29
[LIVE] udp=0.0/s, objs=0.0/s, last_udp=159.20s, meas=1, tracks=1, valid=1, master=29
[LIVE] udp=0.0/s, objs=0.0/s, last_udp=160.20s, meas=1, tracks=1, valid=1, master=29
[LIVE] udp=0.0/s, objs=0.0/s, last_udp=161.20s, meas=1, tracks=1, valid=1, master=29
[LIVE] udp=0.0/s, objs=0.0/s, last_udp=162.20s, meas=1, tracks=1, valid=1, master=29
[GPS] GGA fix_quality=1, num_sats=20, hdop=0.8, lat=30.408094756333334, lon=104.08865239966667
[LIVE] udp=0.0/s, objs=0.0/s, last_udp=163.21s, meas=1, tracks=1, valid=1, master=29
[LIVE] udp=0.0/s, objs=0.0/s, last_udp=164.21s, meas=1, tracks=1, valid=1, master=29
[LIVE] udp=0.0/s, objs=0.0/s, last_udp=165.21s, meas=1, tracks=1, valid=1, master=29
[LIVE] udp=0.0/s, objs=0.0/s, last_udp=166.22s, meas=1, tracks=1, valid=1, master=29
[LIVE] udp=0.0/s, objs=0.0/s, last_udp=167.22s, meas=1, tracks=1, valid=1, master=29
[LIVE] udp=0.0/s, objs=0.0/s, last_udp=168.22s, meas=1, tracks=1, valid=1, master=29
[LIVE] udp=0.0/s, objs=0.0/s, last_udp=169.22s, meas=1, tracks=1, valid=1, master=29
[LIVE] udp=0.0/s, objs=0.0/s, last_udp=170.23s, meas=1, tracks=1, valid=1, master=29
[LIVE] udp=0.0/s, objs=0.0/s, last_udp=171.23s, meas=1, tracks=1, valid=1, master=29
[LIVE] udp=0.0/s, objs=0.0/s, last_udp=172.24s, meas=1, tracks=1, valid=1, master=29
[GPS] GGA fix_quality=1, num_sats=20, hdop=0.8, lat=30.408089135, lon=104.08865911383333
[LIVE] udp=0.0/s, objs=0.0/s, last_udp=173.24s, meas=1, tracks=1, valid=1, master=29
[LIVE] udp=0.0/s, objs=0.0/s, last_udp=174.24s, meas=1, tracks=1, valid=1, master=29
[LIVE] udp=0.0/s, objs=0.0/s, last_udp=175.24s, meas=1, tracks=1, valid=1, master=29
[LIVE] udp=0.0/s, objs=0.0/s, last_udp=176.25s, meas=1, tracks=1, valid=1, master=29
[LIVE] udp=0.0/s, objs=0.0/s, last_udp=177.25s, meas=1, tracks=1, valid=1, master=29
[LIVE] udp=0.0/s, objs=0.0/s, last_udp=178.26s, meas=1, tracks=1, valid=1, master=29
[LIVE] udp=0.0/s, objs=0.0/s, last_udp=179.26s, meas=1, tracks=1, valid=1, master=29
[LIVE] udp=0.0/s, objs=0.0/s, last_udp=180.26s, meas=1, tracks=1, valid=1, master=29
[LIVE] udp=0.0/s, objs=0.0/s, last_udp=181.27s, meas=1, tracks=1, valid=1, master=29
[LIVE] udp=0.0/s, objs=0.0/s, last_udp=182.27s, meas=1, tracks=1, valid=1, master=29
[GPS] GGA fix_quality=1, num_sats=20, hdop=0.8, lat=30.4080845945, lon=104.0886542985
[LIVE] udp=0.0/s, objs=0.0/s, last_udp=183.27s, meas=1, tracks=1, valid=1, master=29
[LIVE] udp=0.0/s, objs=0.0/s, last_udp=184.28s, meas=1, tracks=1, valid=1, master=29
[LIVE] udp=0.0/s, objs=0.0/s, last_udp=185.28s, meas=1, tracks=1, valid=1, master=29
[LIVE] udp=0.0/s, objs=0.0/s, last_udp=186.29s, meas=1, tracks=1, valid=1, master=29
[LIVE] udp=0.0/s, objs=0.0/s, last_udp=187.29s, meas=1, tracks=1, valid=1, master=29
[LIVE] udp=0.0/s, objs=0.0/s, last_udp=188.29s, meas=1, tracks=1, valid=1, master=29
[LIVE] udp=0.0/s, objs=0.0/s, last_udp=189.30s, meas=1, tracks=1, valid=1, master=29
[LIVE] udp=0.0/s, objs=0.0/s, last_udp=190.30s, meas=1, tracks=1, valid=1, master=29
[LIVE] udp=0.0/s, objs=0.0/s, last_udp=191.30s, meas=1, tracks=1, valid=1, master=29
[LIVE] udp=0.0/s, objs=0.0/s, last_udp=192.31s, meas=1, tracks=1, valid=1, master=29
[GPS] GGA fix_quality=1, num_sats=20, hdop=0.8, lat=30.408086740333335, lon=104.0886441105
[LIVE] udp=0.0/s, objs=0.0/s, last_udp=193.31s, meas=1, tracks=1, valid=1, master=29
[LIVE] udp=0.0/s, objs=0.0/s, last_udp=194.32s, meas=1, tracks=1, valid=1, master=29
[LIVE] udp=0.0/s, objs=0.0/s, last_udp=195.32s, meas=1, tracks=1, valid=1, master=29
[LIVE] udp=0.0/s, objs=0.0/s, last_udp=196.32s, meas=1, tracks=1, valid=1, master=29
[LIVE] udp=0.0/s, objs=0.0/s, last_udp=197.32s, meas=1, tracks=1, valid=1, master=29
[LIVE] udp=0.0/s, objs=0.0/s, last_udp=198.32s, meas=1, tracks=1, valid=1, master=29
[LIVE] udp=0.0/s, objs=0.0/s, last_udp=199.32s, meas=1, tracks=1, valid=1, master=29
[LIVE] udp=0.0/s, objs=0.0/s, last_udp=200.33s, meas=1, tracks=1, valid=1, master=29
[LIVE] udp=0.0/s, objs=0.0/s, last_udp=201.33s, meas=1, tracks=1, valid=1, master=29
[LIVE] udp=0.0/s, objs=0.0/s, last_udp=202.34s, meas=1, tracks=1, valid=1, master=29
[GPS] GGA fix_quality=1, num_sats=20, hdop=0.8, lat=30.4080855885, lon=104.08865266816667
[LIVE] udp=0.0/s, objs=0.0/s, last_udp=203.34s, meas=1, tracks=1, valid=1, master=29
[LIVE] udp=0.0/s, objs=0.0/s, last_udp=204.34s, meas=1, tracks=1, valid=1, master=29
[LIVE] udp=0.0/s, objs=0.0/s, last_udp=205.35s, meas=1, tracks=1, valid=1, master=29
[LIVE] udp=0.0/s, objs=0.0/s, last_udp=206.35s, meas=1, tracks=1, valid=1, master=29
[LIVE] udp=0.0/s, objs=0.0/s, last_udp=207.35s, meas=1, tracks=1, valid=1, master=29
[LIVE] udp=0.0/s, objs=0.0/s, last_udp=208.35s, meas=1, tracks=1, valid=1, master=29
[LIVE] udp=0.0/s, objs=0.0/s, last_udp=209.36s, meas=1, tracks=1, valid=1, master=29
[LIVE] udp=0.0/s, objs=0.0/s, last_udp=210.36s, meas=1, tracks=1, valid=1, master=29
[LIVE] udp=0.0/s, objs=0.0/s, last_udp=211.36s, meas=1, tracks=1, valid=1, master=29
[LIVE] udp=0.0/s, objs=0.0/s, last_udp=212.36s, meas=1, tracks=1, valid=1, master=29
[GPS] GGA fix_quality=1, num_sats=21, hdop=0.8, lat=30.408088733166668, lon=104.08865271
[LIVE] udp=0.0/s, objs=0.0/s, last_udp=213.36s, meas=1, tracks=1, valid=1, master=29
[LIVE] udp=0.0/s, objs=0.0/s, last_udp=214.37s, meas=1, tracks=1, valid=1, master=29
[LIVE] udp=0.0/s, objs=0.0/s, last_udp=215.37s, meas=1, tracks=1, valid=1, master=29
[LIVE] udp=0.0/s, objs=0.0/s, last_udp=216.37s, meas=1, tracks=1, valid=1, master=29
[LIVE] udp=0.0/s, objs=0.0/s, last_udp=217.37s, meas=1, tracks=1, valid=1, master=29
[LIVE] udp=0.0/s, objs=0.0/s, last_udp=218.38s, meas=1, tracks=1, valid=1, master=29
[LIVE] udp=0.0/s, objs=0.0/s, last_udp=219.38s, meas=1, tracks=1, valid=1, master=29
[LIVE] udp=0.0/s, objs=0.0/s, last_udp=220.38s, meas=1, tracks=1, valid=1, master=29
[LIVE] udp=0.0/s, objs=0.0/s, last_udp=221.39s, meas=1, tracks=1, valid=1, master=29
[LIVE] udp=0.0/s, objs=0.0/s, last_udp=222.39s, meas=1, tracks=1, valid=1, master=29
[GPS] GGA fix_quality=1, num_sats=20, hdop=0.8, lat=30.408096005333334, lon=104.08864160483333
[LIVE] udp=0.0/s, objs=0.0/s, last_udp=223.39s, meas=1, tracks=1, valid=1, master=29
[LIVE] udp=0.0/s, objs=0.0/s, last_udp=224.39s, meas=1, tracks=1, valid=1, master=29
[LIVE] udp=0.0/s, objs=0.0/s, last_udp=225.39s, meas=1, tracks=1, valid=1, master=29
[LIVE] udp=0.0/s, objs=0.0/s, last_udp=226.40s, meas=1, tracks=1, valid=1, master=29
[LIVE] udp=0.0/s, objs=0.0/s, last_udp=227.40s, meas=1, tracks=1, valid=1, master=29
[LIVE] udp=0.0/s, objs=0.0/s, last_udp=228.40s, meas=1, tracks=1, valid=1, master=29
[LIVE] udp=0.0/s, objs=0.0/s, last_udp=229.41s, meas=1, tracks=1, valid=1, master=29
[LIVE] udp=0.0/s, objs=0.0/s, last_udp=230.41s, meas=1, tracks=1, valid=1, master=29
[LIVE] udp=0.0/s, objs=0.0/s, last_udp=231.41s, meas=1, tracks=1, valid=1, master=29
[LIVE] udp=0.0/s, objs=0.0/s, last_udp=232.41s, meas=1, tracks=1, valid=1, master=29
[GPS] GGA fix_quality=1, num_sats=20, hdop=0.8, lat=30.408099057166666, lon=104.08862816716666
[LIVE] udp=0.0/s, objs=0.0/s, last_udp=233.41s, meas=1, tracks=1, valid=1, master=29
[LIVE] udp=0.0/s, objs=0.0/s, last_udp=234.42s, meas=1, tracks=1, valid=1, master=29
[LIVE] udp=0.0/s, objs=0.0/s, last_udp=235.42s, meas=1, tracks=1, valid=1, master=29
[LIVE] udp=0.0/s, objs=0.0/s, last_udp=236.42s, meas=1, tracks=1, valid=1, master=29
[LIVE] udp=0.0/s, objs=0.0/s, last_udp=237.42s, meas=1, tracks=1, valid=1, master=29
[LIVE] udp=0.0/s, objs=0.0/s, last_udp=238.42s, meas=1, tracks=1, valid=1, master=29
[LIVE] udp=0.0/s, objs=0.0/s, last_udp=239.43s, meas=1, tracks=1, valid=1, master=29
[LIVE] udp=0.0/s, objs=0.0/s, last_udp=240.43s, meas=1, tracks=1, valid=1, master=29
[LIVE] udp=0.0/s, objs=0.0/s, last_udp=241.43s, meas=1, tracks=1, valid=1, master=29
[LIVE] udp=0.0/s, objs=0.0/s, last_udp=242.43s, meas=1, tracks=1, valid=1, master=29
[GPS] GGA fix_quality=1, num_sats=20, hdop=0.8, lat=30.408102842833333, lon=104.088621357
[LIVE] udp=0.0/s, objs=0.0/s, last_udp=243.43s, meas=1, tracks=1, valid=1, master=29
[LIVE] udp=0.0/s, objs=0.0/s, last_udp=244.44s, meas=1, tracks=1, valid=1, master=29
[LIVE] udp=0.0/s, objs=0.0/s, last_udp=245.44s, meas=1, tracks=1, valid=1, master=29
[LIVE] udp=0.0/s, objs=0.0/s, last_udp=246.44s, meas=1, tracks=1, valid=1, master=29
[LIVE] udp=0.0/s, objs=0.0/s, last_udp=247.44s, meas=1, tracks=1, valid=1, master=29
[LIVE] udp=0.0/s, objs=0.0/s, last_udp=248.45s, meas=1, tracks=1, valid=1, master=29
[LIVE] udp=0.0/s, objs=0.0/s, last_udp=249.45s, meas=1, tracks=1, valid=1, master=29
[LIVE] udp=0.0/s, objs=0.0/s, last_udp=250.45s, meas=1, tracks=1, valid=1, master=29
[LIVE] udp=0.0/s, objs=0.0/s, last_udp=251.46s, meas=1, tracks=1, valid=1, master=29
[LIVE] udp=0.0/s, objs=0.0/s, last_udp=252.46s, meas=1, tracks=1, valid=1, master=29
[GPS] GGA fix_quality=1, num_sats=21, hdop=0.8, lat=30.4081020395, lon=104.0886229445
[LIVE] udp=0.0/s, objs=0.0/s, last_udp=253.46s, meas=1, tracks=1, valid=1, master=29
[LIVE] udp=0.0/s, objs=0.0/s, last_udp=254.47s, meas=1, tracks=1, valid=1, master=29
[LIVE] udp=0.0/s, objs=0.0/s, last_udp=255.47s, meas=1, tracks=1, valid=1, master=29
[LIVE] udp=0.0/s, objs=0.0/s, last_udp=256.47s, meas=1, tracks=1, valid=1, master=29
[LIVE] udp=0.0/s, objs=0.0/s, last_udp=257.48s, meas=1, tracks=1, valid=1, master=29
[LIVE] udp=0.0/s, objs=0.0/s, last_udp=258.49s, meas=1, tracks=1, valid=1, master=29
[LIVE] udp=0.0/s, objs=0.0/s, last_udp=259.49s, meas=1, tracks=1, valid=1, master=29
[LIVE] udp=0.0/s, objs=0.0/s, last_udp=260.49s, meas=1, tracks=1, valid=1, master=29
[LIVE] udp=0.0/s, objs=0.0/s, last_udp=261.49s, meas=1, tracks=1, valid=1, master=29
[LIVE] udp=0.0/s, objs=0.0/s, last_udp=262.50s, meas=1, tracks=1, valid=1, master=29
[GPS] GGA fix_quality=1, num_sats=20, hdop=0.8, lat=30.4081017575, lon=104.08862854866666
[LIVE] udp=0.0/s, objs=0.0/s, last_udp=263.50s, meas=1, tracks=1, valid=1, master=29
[LIVE] udp=0.0/s, objs=0.0/s, last_udp=264.50s, meas=1, tracks=1, valid=1, master=29
[LIVE] udp=0.0/s, objs=0.0/s, last_udp=265.50s, meas=1, tracks=1, valid=1, master=29
[LIVE] udp=0.0/s, objs=0.0/s, last_udp=266.51s, meas=1, tracks=1, valid=1, master=29
[LIVE] udp=0.0/s, objs=0.0/s, last_udp=267.51s, meas=1, tracks=1, valid=1, master=29
[LIVE] udp=0.0/s, objs=0.0/s, last_udp=268.51s, meas=1, tracks=1, valid=1, master=29
[LIVE] udp=0.0/s, objs=0.0/s, last_udp=269.51s, meas=1, tracks=1, valid=1, master=29
[LIVE] udp=0.0/s, objs=0.0/s, last_udp=270.52s, meas=1, tracks=1, valid=1, master=29
[LIVE] udp=0.0/s, objs=0.0/s, last_udp=271.52s, meas=1, tracks=1, valid=1, master=29
[LIVE] udp=0.0/s, objs=0.0/s, last_udp=272.52s, meas=1, tracks=1, valid=1, master=29
[GPS] GGA fix_quality=1, num_sats=19, hdop=0.8, lat=30.408100516666668, lon=104.08863107666667
[LIVE] udp=0.0/s, objs=0.0/s, last_udp=273.53s, meas=1, tracks=1, valid=1, master=29
[LIVE] udp=0.0/s, objs=0.0/s, last_udp=274.53s, meas=1, tracks=1, valid=1, master=29
[LIVE] udp=0.0/s, objs=0.0/s, last_udp=275.53s, meas=1, tracks=1, valid=1, master=29
[LIVE] udp=0.0/s, objs=0.0/s, last_udp=276.53s, meas=1, tracks=1, valid=1, master=29
[LIVE] udp=0.0/s, objs=0.0/s, last_udp=277.54s, meas=1, tracks=1, valid=1, master=29
[LIVE] udp=0.0/s, objs=0.0/s, last_udp=278.54s, meas=1, tracks=1, valid=1, master=29
[LIVE] udp=0.0/s, objs=0.0/s, last_udp=279.54s, meas=1, tracks=1, valid=1, master=29
[LIVE] udp=0.0/s, objs=0.0/s, last_udp=280.55s, meas=1, tracks=1, valid=1, master=29
[LIVE] udp=0.0/s, objs=0.0/s, last_udp=281.55s, meas=1, tracks=1, valid=1, master=29
[LIVE] udp=0.0/s, objs=0.0/s, last_udp=282.56s, meas=1, tracks=1, valid=1, master=29
[GPS] GGA fix_quality=1, num_sats=20, hdop=0.7, lat=30.408096713, lon=104.088640165
[LIVE] udp=0.0/s, objs=0.0/s, last_udp=283.56s, meas=1, tracks=1, valid=1, master=29
[LIVE] udp=0.0/s, objs=0.0/s, last_udp=284.56s, meas=1, tracks=1, valid=1, master=29
[LIVE] udp=0.0/s, objs=0.0/s, last_udp=285.57s, meas=1, tracks=1, valid=1, master=29
[LIVE] udp=0.0/s, objs=0.0/s, last_udp=286.57s, meas=1, tracks=1, valid=1, master=29
[LIVE] udp=0.0/s, objs=0.0/s, last_udp=287.57s, meas=1, tracks=1, valid=1, master=29
[LIVE] udp=0.0/s, objs=0.0/s, last_udp=288.57s, meas=1, tracks=1, valid=1, master=29
[LIVE] udp=0.0/s, objs=0.0/s, last_udp=289.58s, meas=1, tracks=1, valid=1, master=29
[LIVE] udp=0.0/s, objs=0.0/s, last_udp=290.58s, meas=1, tracks=1, valid=1, master=29
[LIVE] udp=0.0/s, objs=0.0/s, last_udp=291.59s, meas=1, tracks=1, valid=1, master=29
[LIVE] udp=0.0/s, objs=0.0/s, last_udp=292.59s, meas=1, tracks=1, valid=1, master=29
[GPS] GGA fix_quality=1, num_sats=21, hdop=0.7, lat=30.408096672666666, lon=104.088636402
[LIVE] udp=0.0/s, objs=0.0/s, last_udp=293.60s, meas=1, tracks=1, valid=1, master=29
[LIVE] udp=0.0/s, objs=0.0/s, last_udp=294.60s, meas=1, tracks=1, valid=1, master=29
[LIVE] udp=0.0/s, objs=0.0/s, last_udp=295.60s, meas=1, tracks=1, valid=1, master=29
[LIVE] udp=0.0/s, objs=0.0/s, last_udp=296.60s, meas=1, tracks=1, valid=1, master=29
[LIVE] udp=0.0/s, objs=0.0/s, last_udp=297.61s, meas=1, tracks=1, valid=1, master=29
[LIVE] udp=0.0/s, objs=0.0/s, last_udp=298.61s, meas=1, tracks=1, valid=1, master=29
[LIVE] udp=0.0/s, objs=0.0/s, last_udp=299.61s, meas=1, tracks=1, valid=1, master=29
[LIVE] udp=0.0/s, objs=0.0/s, last_udp=300.61s, meas=1, tracks=1, valid=1, master=29
[LIVE] udp=0.0/s, objs=0.0/s, last_udp=301.62s, meas=1, tracks=1, valid=1, master=29
[LIVE] udp=0.0/s, objs=0.0/s, last_udp=302.62s, meas=1, tracks=1, valid=1, master=29
[GPS] GGA fix_quality=1, num_sats=21, hdop=0.7, lat=30.408097443666666, lon=104.0886431815
[LIVE] udp=0.0/s, objs=0.0/s, last_udp=303.62s, meas=1, tracks=1, valid=1, master=29
[LIVE] udp=0.0/s, objs=0.0/s, last_udp=304.63s, meas=1, tracks=1, valid=1, master=29
[LIVE] udp=0.0/s, objs=0.0/s, last_udp=305.63s, meas=1, tracks=1, valid=1, master=29
[LIVE] udp=0.0/s, objs=0.0/s, last_udp=306.63s, meas=1, tracks=1, valid=1, master=29
[LIVE] udp=0.0/s, objs=0.0/s, last_udp=307.63s, meas=1, tracks=1, valid=1, master=29
[LIVE] udp=0.0/s, objs=0.0/s, last_udp=308.64s, meas=1, tracks=1, valid=1, master=29
[LIVE] udp=0.0/s, objs=0.0/s, last_udp=309.64s, meas=1, tracks=1, valid=1, master=29
[LIVE] udp=0.0/s, objs=0.0/s, last_udp=310.65s, meas=1, tracks=1, valid=1, master=29
[LIVE] udp=0.0/s, objs=0.0/s, last_udp=311.65s, meas=1, tracks=1, valid=1, master=29
[LIVE] udp=0.0/s, objs=0.0/s, last_udp=312.66s, meas=1, tracks=1, valid=1, master=29
[GPS] GGA fix_quality=1, num_sats=21, hdop=0.7, lat=30.408098531, lon=104.08863933166667
[LIVE] udp=0.0/s, objs=0.0/s, last_udp=313.66s, meas=1, tracks=1, valid=1, master=29
[LIVE] udp=0.0/s, objs=0.0/s, last_udp=314.66s, meas=1, tracks=1, valid=1, master=29
[LIVE] udp=0.0/s, objs=0.0/s, last_udp=315.67s, meas=1, tracks=1, valid=1, master=29
[LIVE] udp=0.0/s, objs=0.0/s, last_udp=316.67s, meas=1, tracks=1, valid=1, master=29
[LIVE] udp=0.0/s, objs=0.0/s, last_udp=317.67s, meas=1, tracks=1, valid=1, master=29
[LIVE] udp=0.0/s, objs=0.0/s, last_udp=318.67s, meas=1, tracks=1, valid=1, master=29
[LIVE] udp=0.0/s, objs=0.0/s, last_udp=319.68s, meas=1, tracks=1, valid=1, master=29
[LIVE] udp=0.0/s, objs=0.0/s, last_udp=320.68s, meas=1, tracks=1, valid=1, master=29
[LIVE] udp=0.0/s, objs=0.0/s, last_udp=321.68s, meas=1, tracks=1, valid=1, master=29
[LIVE] udp=0.0/s, objs=0.0/s, last_udp=322.69s, meas=1, tracks=1, valid=1, master=29
[GPS] GGA fix_quality=1, num_sats=20, hdop=0.7, lat=30.40810118916667, lon=104.08863698516667
[LIVE] udp=0.0/s, objs=0.0/s, last_udp=323.69s, meas=1, tracks=1, valid=1, master=29
[LIVE] udp=0.0/s, objs=0.0/s, last_udp=324.69s, meas=1, tracks=1, valid=1, master=29
[LIVE] udp=0.0/s, objs=0.0/s, last_udp=325.70s, meas=1, tracks=1, valid=1, master=29
[LIVE] udp=0.0/s, objs=0.0/s, last_udp=326.70s, meas=1, tracks=1, valid=1, master=29
[LIVE] udp=0.0/s, objs=0.0/s, last_udp=327.70s, meas=1, tracks=1, valid=1, master=29
[LIVE] udp=0.0/s, objs=0.0/s, last_udp=328.71s, meas=1, tracks=1, valid=1, master=29
[LIVE] udp=0.0/s, objs=0.0/s, last_udp=329.71s, meas=1, tracks=1, valid=1, master=29
[LIVE] udp=0.0/s, objs=0.0/s, last_udp=330.71s, meas=1, tracks=1, valid=1, master=29
[LIVE] udp=0.0/s, objs=0.0/s, last_udp=331.71s, meas=1, tracks=1, valid=1, master=29
[LIVE] udp=4.0/s, objs=4.0/s, last_udp=0.29s, meas=1, tracks=1, valid=0, master=29
[GPS] GGA fix_quality=1, num_sats=20, hdop=0.7, lat=30.408105975333335, lon=104.08863038366667
[LIVE] udp=3.0/s, objs=3.0/s, last_udp=0.15s, meas=1, tracks=1, valid=1, master=30
[LIVE] udp=2.0/s, objs=2.0/s, last_udp=0.05s, meas=1, tracks=1, valid=1, master=30
[LIVE] udp=2.0/s, objs=2.0/s, last_udp=0.32s, meas=1, tracks=1, valid=1, master=30
[LIVE] udp=4.0/s, objs=4.0/s, last_udp=0.18s, meas=1, tracks=1, valid=1, master=30
[LIVE] udp=4.0/s, objs=4.0/s, last_udp=0.07s, meas=1, tracks=1, valid=1, master=30
[LIVE] udp=3.0/s, objs=3.0/s, last_udp=0.07s, meas=1, tracks=1, valid=1, master=30
[LIVE] udp=4.0/s, objs=4.0/s, last_udp=0.20s, meas=1, tracks=1, valid=1, master=30
[LIVE] udp=5.0/s, objs=5.0/s, last_udp=0.07s, meas=1, tracks=1, valid=1, master=30
[LIVE] udp=2.0/s, objs=2.0/s, last_udp=0.32s, meas=1, tracks=1, valid=1, master=30
[LIVE] udp=5.0/s, objs=5.0/s, last_udp=0.15s, meas=1, tracks=1, valid=1, master=30
[GPS] GGA fix_quality=1, num_sats=20, hdop=0.7, lat=30.408103159833335, lon=104.088636608
[LIVE] udp=4.0/s, objs=4.0/s, last_udp=0.11s, meas=1, tracks=1, valid=1, master=30
[LIVE] udp=4.0/s, objs=4.0/s, last_udp=0.03s, meas=1, tracks=1, valid=1, master=30
[LIVE] udp=3.0/s, objs=3.0/s, last_udp=0.21s, meas=1, tracks=1, valid=1, master=30
[LIVE] udp=4.0/s, objs=4.0/s, last_udp=0.07s, meas=1, tracks=1, valid=1, master=30
[LIVE] udp=3.0/s, objs=3.0/s, last_udp=0.12s, meas=1, tracks=1, valid=1, master=30
[LIVE] udp=3.0/s, objs=3.0/s, last_udp=0.20s, meas=1, tracks=1, valid=1, master=30
[LIVE] udp=5.0/s, objs=5.0/s, last_udp=0.01s, meas=1, tracks=1, valid=1, master=30
[LIVE] udp=5.0/s, objs=5.0/s, last_udp=0.00s, meas=1, tracks=1, valid=1, master=30
[LIVE] udp=5.0/s, objs=5.0/s, last_udp=0.13s, meas=1, tracks=1, valid=1, master=30
[LIVE] udp=4.0/s, objs=4.0/s, last_udp=0.08s, meas=1, tracks=1, valid=1, master=30
[GPS] GGA fix_quality=1, num_sats=20, hdop=0.7, lat=30.40810004, lon=104.08863101466666
[LIVE] udp=3.0/s, objs=3.0/s, last_udp=0.28s, meas=1, tracks=1, valid=1, master=30
[LIVE] udp=5.0/s, objs=5.0/s, last_udp=0.02s, meas=1, tracks=1, valid=1, master=30
[LIVE] udp=3.0/s, objs=3.0/s, last_udp=0.25s, meas=1, tracks=1, valid=1, master=30
[LIVE] udp=5.0/s, objs=5.0/s, last_udp=0.18s, meas=1, tracks=1, valid=1, master=30
[LIVE] udp=4.0/s, objs=4.0/s, last_udp=0.03s, meas=1, tracks=1, valid=1, master=30
[LIVE] udp=4.0/s, objs=4.0/s, last_udp=0.24s, meas=1, tracks=1, valid=1, master=30
[LIVE] udp=4.0/s, objs=4.0/s, last_udp=0.20s, meas=1, tracks=1, valid=1, master=30
[LIVE] udp=5.0/s, objs=5.0/s, last_udp=0.04s, meas=1, tracks=1, valid=1, master=30
[LIVE] udp=4.0/s, objs=4.0/s, last_udp=0.19s, meas=1, tracks=1, valid=1, master=30
[LIVE] udp=5.0/s, objs=5.0/s, last_udp=0.03s, meas=1, tracks=1, valid=1, master=30
[GPS] GGA fix_quality=1, num_sats=20, hdop=0.7, lat=30.408100700833334, lon=104.08863620216667
[LIVE] udp=4.0/s, objs=4.0/s, last_udp=0.01s, meas=1, tracks=1, valid=1, master=30
[LIVE] udp=3.0/s, objs=3.0/s, last_udp=0.15s, meas=1, tracks=1, valid=1, master=30
[LIVE] udp=5.0/s, objs=5.0/s, last_udp=0.07s, meas=1, tracks=1, valid=1, master=30
[LIVE] udp=4.0/s, objs=4.0/s, last_udp=0.36s, meas=1, tracks=1, valid=1, master=30
[LIVE] udp=3.0/s, objs=3.0/s, last_udp=0.52s, meas=1, tracks=1, valid=1, master=30
[LIVE] udp=3.0/s, objs=3.0/s, last_udp=0.07s, meas=1, tracks=1, valid=1, master=30
[LIVE] udp=6.0/s, objs=6.0/s, last_udp=0.01s, meas=1, tracks=1, valid=1, master=30
[LIVE] udp=5.0/s, objs=5.0/s, last_udp=0.12s, meas=1, tracks=1, valid=1, master=30
[LIVE] udp=5.0/s, objs=5.0/s, last_udp=0.04s, meas=1, tracks=1, valid=1, master=30
[LIVE] udp=5.0/s, objs=5.0/s, last_udp=0.05s, meas=1, tracks=1, valid=1, master=30
[GPS] GGA fix_quality=1, num_sats=19, hdop=0.8, lat=30.408100782333335, lon=104.08863852466666
[LIVE] udp=5.0/s, objs=5.0/s, last_udp=0.30s, meas=1, tracks=1, valid=1, master=30
[LIVE] udp=4.0/s, objs=4.0/s, last_udp=0.12s, meas=1, tracks=1, valid=1, master=30
[LIVE] udp=5.0/s, objs=5.0/s, last_udp=0.00s, meas=1, tracks=1, valid=1, master=30
[LIVE] udp=4.0/s, objs=4.0/s, last_udp=0.10s, meas=1, tracks=1, valid=1, master=30
[LIVE] udp=4.0/s, objs=4.0/s, last_udp=0.11s, meas=1, tracks=1, valid=1, master=30
[LIVE] udp=5.0/s, objs=5.0/s, last_udp=0.25s, meas=1, tracks=1, valid=1, master=30
[LIVE] udp=5.0/s, objs=5.0/s, last_udp=0.09s, meas=1, tracks=1, valid=1, master=30
[LIVE] udp=5.0/s, objs=5.0/s, last_udp=0.02s, meas=1, tracks=1, valid=1, master=30
[LIVE] udp=4.0/s, objs=4.0/s, last_udp=0.04s, meas=1, tracks=1, valid=1, master=30
[LIVE] udp=5.0/s, objs=5.0/s, last_udp=0.23s, meas=1, tracks=1, valid=1, master=30
[GPS] GGA fix_quality=1, num_sats=22, hdop=0.7, lat=30.408097769666668, lon=104.08863752366666
[LIVE] udp=6.0/s, objs=6.0/s, last_udp=0.16s, meas=1, tracks=1, valid=1, master=30
[LIVE] udp=5.0/s, objs=5.0/s, last_udp=0.09s, meas=1, tracks=1, valid=1, master=30
[LIVE] udp=3.0/s, objs=3.0/s, last_udp=0.40s, meas=1, tracks=1, valid=1, master=30
[LIVE] udp=6.0/s, objs=6.0/s, last_udp=0.20s, meas=1, tracks=1, valid=1, master=30
[LIVE] udp=1.0/s, objs=1.0/s, last_udp=0.86s, meas=1, tracks=1, valid=1, master=30
[LIVE] udp=0.0/s, objs=0.0/s, last_udp=1.86s, meas=1, tracks=1, valid=1, master=30
[LIVE] udp=0.0/s, objs=0.0/s, last_udp=2.86s, meas=1, tracks=1, valid=1, master=30
[LIVE] udp=0.0/s, objs=0.0/s, last_udp=3.87s, meas=1, tracks=1, valid=1, master=30
[LIVE] udp=0.0/s, objs=0.0/s, last_udp=4.87s, meas=1, tracks=1, valid=1, master=30
[LIVE] udp=2.0/s, objs=2.0/s, last_udp=0.40s, meas=1, tracks=1, valid=1, master=30
[GPS] GGA fix_quality=1, num_sats=22, hdop=0.7, lat=30.408097160666667, lon=104.088635471
[LIVE] udp=0.0/s, objs=0.0/s, last_udp=1.40s, meas=1, tracks=1, valid=1, master=30
[LIVE] udp=0.0/s, objs=0.0/s, last_udp=2.41s, meas=1, tracks=1, valid=1, master=30
[LIVE] udp=2.0/s, objs=2.0/s, last_udp=0.73s, meas=1, tracks=1, valid=1, master=30
[LIVE] udp=0.0/s, objs=0.0/s, last_udp=1.74s, meas=1, tracks=1, valid=1, master=30
[LIVE] udp=0.0/s, objs=0.0/s, last_udp=2.74s, meas=1, tracks=1, valid=1, master=30
[LIVE] udp=0.0/s, objs=0.0/s, last_udp=3.74s, meas=1, tracks=1, valid=1, master=30
[LIVE] udp=0.0/s, objs=0.0/s, last_udp=4.74s, meas=1, tracks=1, valid=1, master=30
[LIVE] udp=0.0/s, objs=0.0/s, last_udp=5.74s, meas=1, tracks=1, valid=1, master=30
[LIVE] udp=0.0/s, objs=0.0/s, last_udp=6.75s, meas=1, tracks=1, valid=1, master=30
[LIVE] udp=0.0/s, objs=0.0/s, last_udp=7.75s, meas=1, tracks=1, valid=1, master=30
[GPS] GGA fix_quality=1, num_sats=22, hdop=0.7, lat=30.408096088666667, lon=104.08863383816667
[LIVE] udp=0.0/s, objs=0.0/s, last_udp=8.75s, meas=1, tracks=1, valid=1, master=30
[LIVE] udp=0.0/s, objs=0.0/s, last_udp=9.76s, meas=1, tracks=1, valid=1, master=30
[LIVE] udp=0.0/s, objs=0.0/s, last_udp=10.76s, meas=1, tracks=1, valid=1, master=30
[LIVE] udp=0.0/s, objs=0.0/s, last_udp=11.76s, meas=1, tracks=1, valid=1, master=30
[LIVE] udp=0.0/s, objs=0.0/s, last_udp=12.76s, meas=1, tracks=1, valid=1, master=30
[LIVE] udp=4.0/s, objs=4.0/s, last_udp=0.14s, meas=2, tracks=2, valid=0, master=30
[LIVE] udp=0.0/s, objs=0.0/s, last_udp=1.14s, meas=2, tracks=2, valid=0, master=30
[LIVE] udp=0.0/s, objs=0.0/s, last_udp=2.14s, meas=2, tracks=2, valid=0, master=30
[LIVE] udp=0.0/s, objs=0.0/s, last_udp=3.15s, meas=2, tracks=2, valid=0, master=30
[LIVE] udp=0.0/s, objs=0.0/s, last_udp=4.15s, meas=2, tracks=2, valid=0, master=30
[GPS] GGA fix_quality=1, num_sats=22, hdop=0.7, lat=30.408093340166666, lon=104.088634241
[LIVE] udp=0.0/s, objs=0.0/s, last_udp=5.15s, meas=2, tracks=2, valid=0, master=30
[LIVE] udp=1.0/s, objs=1.0/s, last_udp=0.02s, meas=2, tracks=2, valid=0, master=30
[LIVE] udp=5.0/s, objs=5.0/s, last_udp=0.05s, meas=1, tracks=2, valid=1, master=32
[LIVE] udp=2.0/s, objs=2.0/s, last_udp=0.51s, meas=1, tracks=2, valid=1, master=32
[LIVE] udp=2.0/s, objs=2.0/s, last_udp=0.30s, meas=1, tracks=2, valid=1, master=32
[LIVE] udp=1.0/s, objs=1.0/s, last_udp=0.39s, meas=1, tracks=2, valid=1, master=32
[LIVE] udp=2.0/s, objs=2.0/s, last_udp=0.67s, meas=1, tracks=2, valid=1, master=32
[LIVE] udp=0.0/s, objs=0.0/s, last_udp=1.68s, meas=1, tracks=2, valid=1, master=32
[LIVE] udp=0.0/s, objs=0.0/s, last_udp=2.68s, meas=1, tracks=2, valid=1, master=32
[LIVE] udp=2.0/s, objs=2.0/s, last_udp=0.13s, meas=1, tracks=1, valid=1, master=32
[GPS] GGA fix_quality=1, num_sats=21, hdop=0.7, lat=30.408090230166668, lon=104.08863294783333
[LIVE] udp=0.0/s, objs=0.0/s, last_udp=1.13s, meas=1, tracks=1, valid=1, master=32
[LIVE] udp=0.0/s, objs=0.0/s, last_udp=2.13s, meas=1, tracks=1, valid=1, master=32
[LIVE] udp=0.0/s, objs=0.0/s, last_udp=3.13s, meas=1, tracks=1, valid=1, master=32
[LIVE] udp=0.0/s, objs=0.0/s, last_udp=4.13s, meas=1, tracks=1, valid=1, master=32
[LIVE] udp=0.0/s, objs=0.0/s, last_udp=5.14s, meas=1, tracks=1, valid=1, master=32
[LIVE] udp=2.0/s, objs=2.0/s, last_udp=0.27s, meas=1, tracks=1, valid=1, master=32
[LIVE] udp=1.0/s, objs=1.0/s, last_udp=0.66s, meas=1, tracks=1, valid=1, master=32
[LIVE] udp=1.0/s, objs=1.0/s, last_udp=0.74s, meas=1, tracks=1, valid=1, master=32
[LIVE] udp=0.0/s, objs=0.0/s, last_udp=1.74s, meas=1, tracks=1, valid=1, master=32
[LIVE] udp=0.0/s, objs=0.0/s, last_udp=2.74s, meas=1, tracks=1, valid=1, master=32
[GPS] GGA fix_quality=1, num_sats=22, hdop=0.7, lat=30.4080883205, lon=104.08864088566666
[LIVE] udp=4.0/s, objs=4.0/s, last_udp=0.07s, meas=1, tracks=1, valid=1, master=32
[LIVE] udp=1.0/s, objs=1.0/s, last_udp=0.39s, meas=1, tracks=1, valid=1, master=32
[LIVE] udp=3.0/s, objs=3.0/s, last_udp=0.05s, meas=1, tracks=1, valid=1, master=32
[LIVE] udp=2.0/s, objs=2.0/s, last_udp=0.37s, meas=1, tracks=1, valid=1, master=32
[LIVE] udp=5.0/s, objs=5.0/s, last_udp=0.01s, meas=1, tracks=1, valid=1, master=32
[LIVE] udp=3.0/s, objs=3.0/s, last_udp=0.36s, meas=1, tracks=1, valid=1, master=32
[LIVE] udp=2.0/s, objs=2.0/s, last_udp=0.78s, meas=1, tracks=1, valid=1, master=32
[LIVE] udp=0.0/s, objs=0.0/s, last_udp=1.78s, meas=1, tracks=1, valid=1, master=32
[LIVE] udp=1.0/s, objs=1.0/s, last_udp=0.08s, meas=1, tracks=1, valid=1, master=32
[LIVE] udp=4.0/s, objs=4.0/s, last_udp=0.03s, meas=1, tracks=1, valid=1, master=32
[GPS] GGA fix_quality=1, num_sats=23, hdop=0.7, lat=30.408086974166668, lon=104.0886408235
[LIVE] udp=5.0/s, objs=5.0/s, last_udp=0.08s, meas=1, tracks=1, valid=1, master=32
[LIVE] udp=5.0/s, objs=5.0/s, last_udp=0.28s, meas=1, tracks=1, valid=1, master=32
[LIVE] udp=4.0/s, objs=4.0/s, last_udp=0.21s, meas=1, tracks=1, valid=1, master=32
[LIVE] udp=5.0/s, objs=5.0/s, last_udp=0.09s, meas=1, tracks=1, valid=1, master=32
[LIVE] udp=4.0/s, objs=4.0/s, last_udp=0.09s, meas=1, tracks=1, valid=1, master=32
[LIVE] udp=4.0/s, objs=4.0/s, last_udp=0.13s, meas=1, tracks=1, valid=1, master=32
[LIVE] udp=4.0/s, objs=4.0/s, last_udp=0.27s, meas=1, tracks=1, valid=1, master=32
[LIVE] udp=5.0/s, objs=5.0/s, last_udp=0.02s, meas=1, tracks=1, valid=1, master=32
[LIVE] udp=0.0/s, objs=0.0/s, last_udp=1.03s, meas=1, tracks=1, valid=1, master=32
[LIVE] udp=0.0/s, objs=0.0/s, last_udp=2.03s, meas=1, tracks=1, valid=1, master=32
[GPS] GGA fix_quality=1, num_sats=23, hdop=0.7, lat=30.4080868895, lon=104.08863740816666
[LIVE] udp=0.0/s, objs=0.0/s, last_udp=3.03s, meas=1, tracks=1, valid=1, master=32
[LIVE] udp=0.0/s, objs=0.0/s, last_udp=4.04s, meas=1, tracks=1, valid=1, master=32
[LIVE] udp=0.0/s, objs=0.0/s, last_udp=5.04s, meas=1, tracks=1, valid=1, master=32
[LIVE] udp=0.0/s, objs=0.0/s, last_udp=6.04s, meas=1, tracks=1, valid=1, master=32
[LIVE] udp=0.0/s, objs=0.0/s, last_udp=7.04s, meas=1, tracks=1, valid=1, master=32
[LIVE] udp=0.0/s, objs=0.0/s, last_udp=8.05s, meas=1, tracks=1, valid=1, master=32
[LIVE] udp=0.0/s, objs=0.0/s, last_udp=9.05s, meas=1, tracks=1, valid=1, master=32
[LIVE] udp=0.0/s, objs=0.0/s, last_udp=10.05s, meas=1, tracks=1, valid=1, master=32
[LIVE] udp=0.0/s, objs=0.0/s, last_udp=11.05s, meas=1, tracks=1, valid=1, master=32
[LIVE] udp=0.0/s, objs=0.0/s, last_udp=12.06s, meas=1, tracks=1, valid=1, master=32
[GPS] GGA fix_quality=1, num_sats=23, hdop=0.7, lat=30.40808987833333, lon=104.08863928916666
[LIVE] udp=0.0/s, objs=0.0/s, last_udp=13.06s, meas=1, tracks=1, valid=1, master=32
[LIVE] udp=0.0/s, objs=0.0/s, last_udp=14.06s, meas=1, tracks=1, valid=1, master=32
[LIVE] udp=2.0/s, objs=2.0/s, last_udp=0.38s, meas=1, tracks=1, valid=0, master=32
[LIVE] udp=3.0/s, objs=3.0/s, last_udp=0.07s, meas=1, tracks=1, valid=0, master=32
[LIVE] udp=3.0/s, objs=3.0/s, last_udp=0.28s, meas=1, tracks=1, valid=1, master=33
[LIVE] udp=4.0/s, objs=4.0/s, last_udp=0.16s, meas=1, tracks=1, valid=1, master=33
[LIVE] udp=4.0/s, objs=4.0/s, last_udp=0.11s, meas=1, tracks=1, valid=1, master=33
[LIVE] udp=3.0/s, objs=3.0/s, last_udp=0.12s, meas=1, tracks=1, valid=1, master=33
[LIVE] udp=4.0/s, objs=4.0/s, last_udp=0.01s, meas=1, tracks=1, valid=1, master=33
[LIVE] udp=2.0/s, objs=2.0/s, last_udp=0.27s, meas=1, tracks=1, valid=1, master=33
[GPS] GGA fix_quality=1, num_sats=23, hdop=0.7, lat=30.408091296166667, lon=104.08863959666667
[LIVE] udp=4.0/s, objs=4.0/s, last_udp=0.15s, meas=1, tracks=1, valid=1, master=33
[LIVE] udp=0.0/s, objs=0.0/s, last_udp=1.15s, meas=1, tracks=1, valid=1, master=33
[LIVE] udp=0.0/s, objs=0.0/s, last_udp=2.15s, meas=1, tracks=1, valid=1, master=33
[LIVE] udp=0.0/s, objs=0.0/s, last_udp=3.15s, meas=1, tracks=1, valid=1, master=33
[LIVE] udp=0.0/s, objs=0.0/s, last_udp=4.16s, meas=1, tracks=1, valid=1, master=33
[LIVE] udp=1.0/s, objs=1.0/s, last_udp=0.07s, meas=1, tracks=1, valid=1, master=33
[LIVE] udp=3.0/s, objs=3.0/s, last_udp=0.33s, meas=1, tracks=1, valid=1, master=33
[LIVE] udp=3.0/s, objs=3.0/s, last_udp=0.02s, meas=1, tracks=1, valid=1, master=33
[LIVE] udp=2.0/s, objs=2.0/s, last_udp=0.35s, meas=1, tracks=1, valid=1, master=33
[GPS] GGA fix_quality=1, num_sats=23, hdop=0.7, lat=30.4080930965, lon=104.08864133266667
[LIVE] udp=2.0/s, objs=2.0/s, last_udp=0.12s, meas=1, tracks=1, valid=1, master=33
[LIVE] udp=1.0/s, objs=1.0/s, last_udp=0.99s, meas=1, tracks=1, valid=1, master=33
[LIVE] udp=4.0/s, objs=4.0/s, last_udp=0.20s, meas=1, tracks=1, valid=1, master=33
[LIVE] udp=4.0/s, objs=4.0/s, last_udp=0.05s, meas=1, tracks=1, valid=1, master=33
[LIVE] udp=4.0/s, objs=4.0/s, last_udp=0.27s, meas=1, tracks=1, valid=1, master=33
[LIVE] udp=5.0/s, objs=5.0/s, last_udp=0.17s, meas=1, tracks=1, valid=1, master=33
[LIVE] udp=3.0/s, objs=3.0/s, last_udp=0.37s, meas=1, tracks=1, valid=1, master=33
[LIVE] udp=3.0/s, objs=3.0/s, last_udp=0.67s, meas=1, tracks=1, valid=1, master=33
[LIVE] udp=0.0/s, objs=0.0/s, last_udp=1.67s, meas=1, tracks=1, valid=1, master=33
[LIVE] udp=3.0/s, objs=3.0/s, last_udp=0.12s, meas=1, tracks=1, valid=1, master=33
[GPS] GGA fix_quality=1, num_sats=25, hdop=0.6, lat=30.40809803533333, lon=104.08863725866667
[LIVE] udp=4.0/s, objs=4.0/s, last_udp=0.06s, meas=1, tracks=1, valid=1, master=33
[LIVE] udp=2.0/s, objs=2.0/s, last_udp=0.44s, meas=1, tracks=1, valid=1, master=33
[LIVE] udp=5.0/s, objs=5.0/s, last_udp=0.28s, meas=1, tracks=1, valid=1, master=33
[LIVE] udp=5.0/s, objs=5.0/s, last_udp=0.23s, meas=1, tracks=1, valid=1, master=33
[LIVE] udp=6.0/s, objs=6.0/s, last_udp=0.09s, meas=1, tracks=1, valid=1, master=33
[LIVE] udp=3.0/s, objs=3.0/s, last_udp=0.41s, meas=1, tracks=1, valid=1, master=33
[LIVE] udp=0.0/s, objs=0.0/s, last_udp=1.41s, meas=1, tracks=1, valid=1, master=33
[LIVE] udp=0.0/s, objs=0.0/s, last_udp=2.41s, meas=1, tracks=1, valid=1, master=33
[LIVE] udp=0.0/s, objs=0.0/s, last_udp=3.41s, meas=1, tracks=1, valid=1, master=33
[LIVE] udp=4.0/s, objs=4.0/s, last_udp=0.24s, meas=1, tracks=1, valid=1, master=33
[GPS] GGA fix_quality=1, num_sats=24, hdop=0.6, lat=30.4080975365, lon=104.088636195
[LIVE] udp=4.0/s, objs=4.0/s, last_udp=0.16s, meas=1, tracks=1, valid=1, master=33
[LIVE] udp=3.0/s, objs=3.0/s, last_udp=0.02s, meas=1, tracks=1, valid=1, master=33
[LIVE] udp=3.0/s, objs=3.0/s, last_udp=0.29s, meas=1, tracks=1, valid=1, master=33
[LIVE] udp=0.0/s, objs=0.0/s, last_udp=1.29s, meas=1, tracks=1, valid=1, master=33
[LIVE] udp=0.0/s, objs=0.0/s, last_udp=2.29s, meas=1, tracks=1, valid=1, master=33
[LIVE] udp=0.0/s, objs=0.0/s, last_udp=3.29s, meas=1, tracks=1, valid=1, master=33
[LIVE] udp=0.0/s, objs=0.0/s, last_udp=4.29s, meas=1, tracks=1, valid=1, master=33
[LIVE] udp=0.0/s, objs=0.0/s, last_udp=5.29s, meas=1, tracks=1, valid=1, master=33
[LIVE] udp=0.0/s, objs=0.0/s, last_udp=6.30s, meas=1, tracks=1, valid=1, master=33
[LIVE] udp=0.0/s, objs=0.0/s, last_udp=7.30s, meas=1, tracks=1, valid=1, master=33
[GPS] GGA fix_quality=1, num_sats=23, hdop=0.7, lat=30.40809820366667, lon=104.08864514083334
[LIVE] udp=0.0/s, objs=0.0/s, last_udp=8.30s, meas=1, tracks=1, valid=1, master=33
[LIVE] udp=0.0/s, objs=0.0/s, last_udp=9.30s, meas=1, tracks=1, valid=1, master=33
[LIVE] udp=0.0/s, objs=0.0/s, last_udp=10.30s, meas=1, tracks=1, valid=1, master=33
[LIVE] udp=0.0/s, objs=0.0/s, last_udp=11.31s, meas=1, tracks=1, valid=1, master=33
[LIVE] udp=4.0/s, objs=4.0/s, last_udp=0.04s, meas=1, tracks=1, valid=0, master=33
[LIVE] udp=3.0/s, objs=3.0/s, last_udp=0.31s, meas=1, tracks=1, valid=1, master=34
[LIVE] udp=2.0/s, objs=2.0/s, last_udp=0.23s, meas=1, tracks=1, valid=1, master=34
[LIVE] udp=4.0/s, objs=4.0/s, last_udp=0.13s, meas=1, tracks=1, valid=1, master=34
[LIVE] udp=5.0/s, objs=5.0/s, last_udp=0.35s, meas=1, tracks=1, valid=1, master=34
[LIVE] udp=5.0/s, objs=5.0/s, last_udp=0.16s, meas=1, tracks=1, valid=1, master=34
[GPS] GGA fix_quality=1, num_sats=25, hdop=0.6, lat=30.408100382166666, lon=104.088641423
[LIVE] udp=5.0/s, objs=5.0/s, last_udp=0.14s, meas=1, tracks=1, valid=1, master=34
[LIVE] udp=6.0/s, objs=6.0/s, last_udp=0.04s, meas=1, tracks=1, valid=1, master=34
[LIVE] udp=5.0/s, objs=5.0/s, last_udp=0.21s, meas=1, tracks=1, valid=1, master=34
[LIVE] udp=4.0/s, objs=4.0/s, last_udp=0.26s, meas=1, tracks=1, valid=1, master=34
[LIVE] udp=5.0/s, objs=5.0/s, last_udp=0.01s, meas=1, tracks=1, valid=1, master=34
[LIVE] udp=5.0/s, objs=5.0/s, last_udp=0.29s, meas=1, tracks=1, valid=1, master=34
[LIVE] udp=5.0/s, objs=5.0/s, last_udp=0.07s, meas=1, tracks=1, valid=1, master=34
[LIVE] udp=5.0/s, objs=5.0/s, last_udp=0.14s, meas=1, tracks=1, valid=1, master=34
[LIVE] udp=4.0/s, objs=4.0/s, last_udp=0.23s, meas=1, tracks=1, valid=1, master=34
[LIVE] udp=3.0/s, objs=3.0/s, last_udp=0.58s, meas=1, tracks=1, valid=1, master=34
[GPS] GGA fix_quality=1, num_sats=23, hdop=0.7, lat=30.408099713333332, lon=104.088642683
[LIVE] udp=5.0/s, objs=5.0/s, last_udp=0.24s, meas=1, tracks=1, valid=1, master=34
[LIVE] udp=6.0/s, objs=6.0/s, last_udp=0.05s, meas=1, tracks=1, valid=1, master=34
[LIVE] udp=5.0/s, objs=5.0/s, last_udp=0.10s, meas=1, tracks=1, valid=1, master=34
[LIVE] udp=5.0/s, objs=5.0/s, last_udp=0.14s, meas=1, tracks=1, valid=1, master=34
[LIVE] udp=4.0/s, objs=4.0/s, last_udp=0.27s, meas=1, tracks=1, valid=1, master=34
[LIVE] udp=4.0/s, objs=4.0/s, last_udp=0.28s, meas=1, tracks=1, valid=1, master=34
[LIVE] udp=5.0/s, objs=5.0/s, last_udp=0.30s, meas=1, tracks=1, valid=1, master=34
[LIVE] udp=6.0/s, objs=6.0/s, last_udp=0.04s, meas=1, tracks=1, valid=1, master=34
[LIVE] udp=3.0/s, objs=3.0/s, last_udp=0.18s, meas=1, tracks=1, valid=1, master=34
[LIVE] udp=5.0/s, objs=5.0/s, last_udp=0.09s, meas=1, tracks=1, valid=1, master=34
[GPS] GGA fix_quality=1, num_sats=23, hdop=0.7, lat=30.4080966625, lon=104.08864729716667
[LIVE] udp=4.0/s, objs=4.0/s, last_udp=0.27s, meas=1, tracks=1, valid=1, master=34
[LIVE] udp=5.0/s, objs=5.0/s, last_udp=0.04s, meas=1, tracks=1, valid=1, master=34
[LIVE] udp=3.0/s, objs=3.0/s, last_udp=0.33s, meas=1, tracks=1, valid=1, master=34
[LIVE] udp=6.0/s, objs=6.0/s, last_udp=0.08s, meas=1, tracks=1, valid=1, master=34
[LIVE] udp=4.0/s, objs=4.0/s, last_udp=0.09s, meas=1, tracks=1, valid=1, master=34
[LIVE] udp=3.0/s, objs=3.0/s, last_udp=0.32s, meas=1, tracks=1, valid=1, master=34
[LIVE] udp=0.0/s, objs=0.0/s, last_udp=1.33s, meas=1, tracks=1, valid=1, master=34
[LIVE] udp=0.0/s, objs=0.0/s, last_udp=2.33s, meas=1, tracks=1, valid=1, master=34
[LIVE] udp=0.0/s, objs=0.0/s, last_udp=3.33s, meas=1, tracks=1, valid=1, master=34
[LIVE] udp=0.0/s, objs=0.0/s, last_udp=4.33s, meas=1, tracks=1, valid=1, master=34
[GPS] GGA fix_quality=1, num_sats=23, hdop=0.7, lat=30.408095787833332, lon=104.08864153433333
[LIVE] udp=4.0/s, objs=4.0/s, last_udp=0.15s, meas=1, tracks=1, valid=1, master=34
[LIVE] udp=2.0/s, objs=2.0/s, last_udp=0.44s, meas=1, tracks=1, valid=1, master=34
[LIVE] udp=3.0/s, objs=3.0/s, last_udp=0.20s, meas=1, tracks=1, valid=1, master=34
[LIVE] udp=4.0/s, objs=4.0/s, last_udp=0.11s, meas=1, tracks=1, valid=1, master=34
[LIVE] udp=2.0/s, objs=2.0/s, last_udp=0.35s, meas=1, tracks=1, valid=1, master=34
[LIVE] udp=3.0/s, objs=3.0/s, last_udp=0.00s, meas=1, tracks=1, valid=1, master=34
[LIVE] udp=2.0/s, objs=2.0/s, last_udp=0.44s, meas=1, tracks=1, valid=1, master=34
[LIVE] udp=3.0/s, objs=3.0/s, last_udp=0.30s, meas=1, tracks=1, valid=1, master=34
[LIVE] udp=4.0/s, objs=4.0/s, last_udp=0.15s, meas=1, tracks=1, valid=1, master=34
[LIVE] udp=5.0/s, objs=5.0/s, last_udp=0.02s, meas=1, tracks=1, valid=1, master=34
[GPS] GGA fix_quality=1, num_sats=22, hdop=0.7, lat=30.4080935115, lon=104.088646472
[LIVE] udp=5.0/s, objs=5.0/s, last_udp=0.11s, meas=1, tracks=1, valid=1, master=34
[LIVE] udp=5.0/s, objs=5.0/s, last_udp=0.07s, meas=1, tracks=1, valid=1, master=34
[LIVE] udp=4.0/s, objs=4.0/s, last_udp=0.14s, meas=1, tracks=1, valid=1, master=34
[LIVE] udp=6.0/s, objs=6.0/s, last_udp=0.05s, meas=1, tracks=1, valid=1, master=34
[LIVE] udp=5.0/s, objs=5.0/s, last_udp=0.03s, meas=1, tracks=1, valid=1, master=34
[LIVE] udp=6.0/s, objs=6.0/s, last_udp=0.07s, meas=1, tracks=1, valid=1, master=34
[LIVE] udp=4.0/s, objs=4.0/s, last_udp=0.10s, meas=1, tracks=1, valid=1, master=34
[LIVE] udp=4.0/s, objs=4.0/s, last_udp=0.30s, meas=1, tracks=1, valid=1, master=34
[LIVE] udp=5.0/s, objs=5.0/s, last_udp=0.10s, meas=1, tracks=1, valid=1, master=34
[LIVE] udp=3.0/s, objs=3.0/s, last_udp=0.32s, meas=1, tracks=1, valid=1, master=34
[GPS] GGA fix_quality=1, num_sats=22, hdop=0.7, lat=30.408096156833334, lon=104.08863730433333
[LIVE] udp=0.0/s, objs=0.0/s, last_udp=1.33s, meas=1, tracks=1, valid=1, master=34
[LIVE] udp=0.0/s, objs=0.0/s, last_udp=2.33s, meas=1, tracks=1, valid=1, master=34
[LIVE] udp=0.0/s, objs=0.0/s, last_udp=3.33s, meas=1, tracks=1, valid=1, master=34
[LIVE] udp=0.0/s, objs=0.0/s, last_udp=4.33s, meas=1, tracks=1, valid=1, master=34
[LIVE] udp=0.0/s, objs=0.0/s, last_udp=5.34s, meas=1, tracks=1, valid=1, master=34
[LIVE] udp=0.0/s, objs=0.0/s, last_udp=6.34s, meas=1, tracks=1, valid=1, master=34
[LIVE] udp=0.0/s, objs=0.0/s, last_udp=7.34s, meas=1, tracks=1, valid=1, master=34
[LIVE] udp=1.0/s, objs=1.0/s, last_udp=0.17s, meas=1, tracks=1, valid=1, master=34
[LIVE] udp=1.0/s, objs=1.0/s, last_udp=0.43s, meas=1, tracks=1, valid=1, master=34
[LIVE] udp=4.0/s, objs=4.0/s, last_udp=0.26s, meas=1, tracks=1, valid=1, master=34
[GPS] GGA fix_quality=1, num_sats=23, hdop=0.7, lat=30.408093897666667, lon=104.08863874966667
[LIVE] udp=4.0/s, objs=4.0/s, last_udp=0.01s, meas=1, tracks=1, valid=1, master=34
[LIVE] udp=2.0/s, objs=2.0/s, last_udp=0.32s, meas=1, tracks=1, valid=1, master=34
[LIVE] udp=0.0/s, objs=0.0/s, last_udp=1.32s, meas=1, tracks=1, valid=1, master=34
[LIVE] udp=0.0/s, objs=0.0/s, last_udp=2.32s, meas=1, tracks=1, valid=1, master=34
[LIVE] udp=0.0/s, objs=0.0/s, last_udp=3.33s, meas=1, tracks=1, valid=1, master=34
[LIVE] udp=0.0/s, objs=0.0/s, last_udp=4.33s, meas=1, tracks=1, valid=1, master=34
[LIVE] udp=0.0/s, objs=0.0/s, last_udp=5.33s, meas=1, tracks=1, valid=1, master=34
[LIVE] udp=3.0/s, objs=3.0/s, last_udp=0.24s, meas=1, tracks=1, valid=1, master=34
[LIVE] udp=2.0/s, objs=2.0/s, last_udp=0.67s, meas=1, tracks=1, valid=1, master=34
[LIVE] udp=0.0/s, objs=0.0/s, last_udp=1.68s, meas=1, tracks=1, valid=1, master=34
[GPS] GGA fix_quality=1, num_sats=22, hdop=0.7, lat=30.408094905833334, lon=104.08864032666666
[LIVE] udp=2.0/s, objs=2.0/s, last_udp=0.42s, meas=1, tracks=1, valid=1, master=34
[LIVE] udp=0.0/s, objs=0.0/s, last_udp=1.42s, meas=1, tracks=1, valid=1, master=34
[LIVE] udp=5.0/s, objs=5.0/s, last_udp=0.01s, meas=1, tracks=1, valid=1, master=34
[LIVE] udp=4.0/s, objs=4.0/s, last_udp=0.02s, meas=1, tracks=1, valid=1, master=34
[LIVE] udp=2.0/s, objs=2.0/s, last_udp=0.59s, meas=1, tracks=1, valid=1, master=34
[LIVE] udp=0.0/s, objs=0.0/s, last_udp=1.60s, meas=1, tracks=1, valid=1, master=34
[LIVE] udp=0.0/s, objs=0.0/s, last_udp=2.60s, meas=1, tracks=1, valid=1, master=34
[LIVE] udp=0.0/s, objs=0.0/s, last_udp=3.61s, meas=1, tracks=1, valid=1, master=34
[LIVE] udp=0.0/s, objs=0.0/s, last_udp=4.61s, meas=1, tracks=1, valid=1, master=34
[LIVE] udp=0.0/s, objs=0.0/s, last_udp=5.61s, meas=1, tracks=1, valid=1, master=34
[GPS] GGA fix_quality=1, num_sats=23, hdop=0.7, lat=30.408090438333332, lon=104.08864866733333
[LIVE] udp=0.0/s, objs=0.0/s, last_udp=6.61s, meas=1, tracks=1, valid=1, master=34
[LIVE] udp=0.0/s, objs=0.0/s, last_udp=7.61s, meas=1, tracks=1, valid=1, master=34
[LIVE] udp=0.0/s, objs=0.0/s, last_udp=8.61s, meas=1, tracks=1, valid=1, master=34
[LIVE] udp=0.0/s, objs=0.0/s, last_udp=9.62s, meas=1, tracks=1, valid=1, master=34
[LIVE] udp=2.0/s, objs=2.0/s, last_udp=0.06s, meas=1, tracks=1, valid=1, master=34
[LIVE] udp=3.0/s, objs=3.0/s, last_udp=0.14s, meas=1, tracks=1, valid=0, master=34
[LIVE] udp=3.0/s, objs=3.0/s, last_udp=0.21s, meas=1, tracks=1, valid=1, master=35
[LIVE] udp=1.0/s, objs=1.0/s, last_udp=0.96s, meas=1, tracks=1, valid=1, master=35
[LIVE] udp=0.0/s, objs=0.0/s, last_udp=1.96s, meas=1, tracks=1, valid=1, master=35
[LIVE] udp=1.0/s, objs=1.0/s, last_udp=0.05s, meas=1, tracks=1, valid=1, master=35
[GPS] GGA fix_quality=1, num_sats=23, hdop=0.7, lat=30.4080889435, lon=104.08865227383333
[LIVE] udp=0.0/s, objs=0.0/s, last_udp=1.05s, meas=1, tracks=1, valid=1, master=35
[LIVE] udp=0.0/s, objs=0.0/s, last_udp=2.06s, meas=1, tracks=1, valid=1, master=35
[LIVE] udp=0.0/s, objs=0.0/s, last_udp=3.06s, meas=1, tracks=1, valid=1, master=35
[LIVE] udp=0.0/s, objs=0.0/s, last_udp=4.06s, meas=1, tracks=1, valid=1, master=35
[LIVE] udp=0.0/s, objs=0.0/s, last_udp=5.06s, meas=1, tracks=1, valid=1, master=35
[LIVE] udp=0.0/s, objs=0.0/s, last_udp=6.07s, meas=1, tracks=1, valid=1, master=35
[LIVE] udp=0.0/s, objs=0.0/s, last_udp=7.07s, meas=1, tracks=1, valid=1, master=35
[LIVE] udp=0.0/s, objs=0.0/s, last_udp=8.07s, meas=1, tracks=1, valid=1, master=35
[LIVE] udp=0.0/s, objs=0.0/s, last_udp=9.08s, meas=1, tracks=1, valid=1, master=35
[LIVE] udp=0.0/s, objs=0.0/s, last_udp=10.08s, meas=1, tracks=1, valid=1, master=35
[GPS] GGA fix_quality=1, num_sats=23, hdop=0.7, lat=30.408091531166665, lon=104.08865114383333
[LIVE] udp=0.0/s, objs=0.0/s, last_udp=11.08s, meas=1, tracks=1, valid=1, master=35
[LIVE] udp=0.0/s, objs=0.0/s, last_udp=12.09s, meas=1, tracks=1, valid=1, master=35
[LIVE] udp=0.0/s, objs=0.0/s, last_udp=13.09s, meas=1, tracks=1, valid=1, master=35
[LIVE] udp=0.0/s, objs=0.0/s, last_udp=14.09s, meas=1, tracks=1, valid=1, master=35
[LIVE] udp=0.0/s, objs=0.0/s, last_udp=15.09s, meas=1, tracks=1, valid=1, master=35
[LIVE] udp=0.0/s, objs=0.0/s, last_udp=16.10s, meas=1, tracks=1, valid=1, master=35
[LIVE] udp=0.0/s, objs=0.0/s, last_udp=17.10s, meas=1, tracks=1, valid=1, master=35
[LIVE] udp=0.0/s, objs=0.0/s, last_udp=18.10s, meas=1, tracks=1, valid=1, master=35
[LIVE] udp=0.0/s, objs=0.0/s, last_udp=19.10s, meas=1, tracks=1, valid=1, master=35
[LIVE] udp=0.0/s, objs=0.0/s, last_udp=20.11s, meas=1, tracks=1, valid=1, master=35
[GPS] GGA fix_quality=1, num_sats=23, hdop=0.7, lat=30.408095124, lon=104.08864974133333
[LIVE] udp=0.0/s, objs=0.0/s, last_udp=21.11s, meas=1, tracks=1, valid=1, master=35
[LIVE] udp=0.0/s, objs=0.0/s, last_udp=22.11s, meas=1, tracks=1, valid=1, master=35
[LIVE] udp=0.0/s, objs=0.0/s, last_udp=23.11s, meas=1, tracks=1, valid=1, master=35
[LIVE] udp=0.0/s, objs=0.0/s, last_udp=24.12s, meas=1, tracks=1, valid=1, master=35
[LIVE] udp=0.0/s, objs=0.0/s, last_udp=25.12s, meas=1, tracks=1, valid=1, master=35
[LIVE] udp=0.0/s, objs=0.0/s, last_udp=26.12s, meas=1, tracks=1, valid=1, master=35
[LIVE] udp=0.0/s, objs=0.0/s, last_udp=27.13s, meas=1, tracks=1, valid=1, master=35
[LIVE] udp=0.0/s, objs=0.0/s, last_udp=28.13s, meas=1, tracks=1, valid=1, master=35
[LIVE] udp=1.0/s, objs=1.0/s, last_udp=0.95s, meas=1, tracks=1, valid=0, master=35
[LIVE] udp=0.0/s, objs=0.0/s, last_udp=1.95s, meas=1, tracks=1, valid=0, master=35
[GPS] GGA fix_quality=1, num_sats=24, hdop=0.7, lat=30.4080991845, lon=104.08864575166666
[LIVE] udp=0.0/s, objs=0.0/s, last_udp=2.95s, meas=1, tracks=1, valid=0, master=35
[LIVE] udp=0.0/s, objs=0.0/s, last_udp=3.95s, meas=1, tracks=1, valid=0, master=35
[LIVE] udp=0.0/s, objs=0.0/s, last_udp=4.95s, meas=1, tracks=1, valid=0, master=35
[LIVE] udp=0.0/s, objs=0.0/s, last_udp=5.96s, meas=1, tracks=1, valid=0, master=35
[LIVE] udp=0.0/s, objs=0.0/s, last_udp=6.96s, meas=1, tracks=1, valid=0, master=35
[LIVE] udp=0.0/s, objs=0.0/s, last_udp=7.96s, meas=1, tracks=1, valid=0, master=35
[LIVE] udp=0.0/s, objs=0.0/s, last_udp=8.97s, meas=1, tracks=1, valid=0, master=35
[LIVE] udp=0.0/s, objs=0.0/s, last_udp=9.97s, meas=1, tracks=1, valid=0, master=35
[LIVE] udp=0.0/s, objs=0.0/s, last_udp=10.97s, meas=1, tracks=1, valid=0, master=35
[LIVE] udp=0.0/s, objs=0.0/s, last_udp=11.97s, meas=1, tracks=1, valid=0, master=35
[GPS] GGA fix_quality=1, num_sats=22, hdop=0.7, lat=30.408100706666666, lon=104.08864140466666
[LIVE] udp=0.0/s, objs=0.0/s, last_udp=12.98s, meas=1, tracks=1, valid=0, master=35
[LIVE] udp=0.0/s, objs=0.0/s, last_udp=13.98s, meas=1, tracks=1, valid=0, master=35
[LIVE] udp=0.0/s, objs=0.0/s, last_udp=14.99s, meas=1, tracks=1, valid=0, master=35
[LIVE] udp=0.0/s, objs=0.0/s, last_udp=15.99s, meas=1, tracks=1, valid=0, master=35
[LIVE] udp=0.0/s, objs=0.0/s, last_udp=16.99s, meas=1, tracks=1, valid=0, master=35
[LIVE] udp=0.0/s, objs=0.0/s, last_udp=17.99s, meas=1, tracks=1, valid=0, master=35
[LIVE] udp=0.0/s, objs=0.0/s, last_udp=18.99s, meas=1, tracks=1, valid=0, master=35
[LIVE] udp=0.0/s, objs=0.0/s, last_udp=20.00s, meas=1, tracks=1, valid=0, master=35
[LIVE] udp=0.0/s, objs=0.0/s, last_udp=21.00s, meas=1, tracks=1, valid=0, master=35
[LIVE] udp=0.0/s, objs=0.0/s, last_udp=22.00s, meas=1, tracks=1, valid=0, master=35
[GPS] GGA fix_quality=1, num_sats=23, hdop=0.7, lat=30.4080979665, lon=104.08864130266667
[LIVE] udp=0.0/s, objs=0.0/s, last_udp=23.00s, meas=1, tracks=1, valid=0, master=35
[LIVE] udp=0.0/s, objs=0.0/s, last_udp=24.01s, meas=1, tracks=1, valid=0, master=35
[LIVE] udp=0.0/s, objs=0.0/s, last_udp=25.01s, meas=1, tracks=1, valid=0, master=35
[LIVE] udp=0.0/s, objs=0.0/s, last_udp=26.01s, meas=1, tracks=1, valid=0, master=35
[LIVE] udp=0.0/s, objs=0.0/s, last_udp=27.02s, meas=1, tracks=1, valid=0, master=35
[LIVE] udp=0.0/s, objs=0.0/s, last_udp=28.02s, meas=1, tracks=1, valid=0, master=35
[LIVE] udp=0.0/s, objs=0.0/s, last_udp=29.02s, meas=1, tracks=1, valid=0, master=35
[LIVE] udp=0.0/s, objs=0.0/s, last_udp=30.02s, meas=1, tracks=1, valid=0, master=35
[LIVE] udp=0.0/s, objs=0.0/s, last_udp=31.03s, meas=1, tracks=1, valid=0, master=35
[LIVE] udp=0.0/s, objs=0.0/s, last_udp=32.03s, meas=1, tracks=1, valid=0, master=35
[GPS] GGA fix_quality=1, num_sats=21, hdop=0.8, lat=30.4080937895, lon=104.088642454
[LIVE] udp=0.0/s, objs=0.0/s, last_udp=33.03s, meas=1, tracks=1, valid=0, master=35
[LIVE] udp=0.0/s, objs=0.0/s, last_udp=34.03s, meas=1, tracks=1, valid=0, master=35
[LIVE] udp=1.0/s, objs=1.0/s, last_udp=0.15s, meas=1, tracks=1, valid=0, master=35
[LIVE] udp=2.0/s, objs=2.0/s, last_udp=0.48s, meas=1, tracks=1, valid=0, master=35
[LIVE] udp=3.0/s, objs=3.0/s, last_udp=0.22s, meas=1, tracks=1, valid=1, master=37
[LIVE] udp=0.0/s, objs=0.0/s, last_udp=1.22s, meas=1, tracks=1, valid=1, master=37
[LIVE] udp=0.0/s, objs=0.0/s, last_udp=2.22s, meas=1, tracks=1, valid=1, master=37
[LIVE] udp=0.0/s, objs=0.0/s, last_udp=3.23s, meas=1, tracks=1, valid=1, master=37
[LIVE] udp=2.0/s, objs=2.0/s, last_udp=0.08s, meas=1, tracks=2, valid=0, master=37
[LIVE] udp=0.0/s, objs=0.0/s, last_udp=1.08s, meas=1, tracks=2, valid=0, master=37
[GPS] GGA fix_quality=1, num_sats=21, hdop=0.7, lat=30.408090683166666, lon=104.0886402835
[LIVE] udp=0.0/s, objs=0.0/s, last_udp=2.08s, meas=1, tracks=2, valid=0, master=37
[LIVE] udp=0.0/s, objs=0.0/s, last_udp=3.08s, meas=1, tracks=2, valid=0, master=37
[LIVE] udp=0.0/s, objs=0.0/s, last_udp=4.09s, meas=1, tracks=2, valid=0, master=37
[LIVE] udp=0.0/s, objs=0.0/s, last_udp=5.09s, meas=1, tracks=2, valid=0, master=37
[LIVE] udp=0.0/s, objs=0.0/s, last_udp=6.09s, meas=1, tracks=2, valid=0, master=37
[LIVE] udp=0.0/s, objs=0.0/s, last_udp=7.10s, meas=1, tracks=2, valid=0, master=37
[LIVE] udp=0.0/s, objs=0.0/s, last_udp=8.10s, meas=1, tracks=2, valid=0, master=37
[LIVE] udp=0.0/s, objs=0.0/s, last_udp=9.10s, meas=1, tracks=2, valid=0, master=37
[LIVE] udp=0.0/s, objs=0.0/s, last_udp=10.11s, meas=1, tracks=2, valid=0, master=37
[LIVE] udp=0.0/s, objs=0.0/s, last_udp=11.11s, meas=1, tracks=2, valid=0, master=37
[GPS] GGA fix_quality=1, num_sats=23, hdop=0.7, lat=30.408089692, lon=104.08864755533334
[LIVE] udp=0.0/s, objs=0.0/s, last_udp=12.11s, meas=1, tracks=2, valid=0, master=37
[LIVE] udp=0.0/s, objs=0.0/s, last_udp=13.12s, meas=1, tracks=2, valid=0, master=37
[LIVE] udp=0.0/s, objs=0.0/s, last_udp=14.12s, meas=1, tracks=2, valid=0, master=37
[LIVE] udp=0.0/s, objs=0.0/s, last_udp=15.12s, meas=1, tracks=2, valid=0, master=37
[LIVE] udp=0.0/s, objs=0.0/s, last_udp=16.12s, meas=1, tracks=2, valid=0, master=37
[LIVE] udp=0.0/s, objs=0.0/s, last_udp=17.13s, meas=1, tracks=2, valid=0, master=37
[LIVE] udp=0.0/s, objs=0.0/s, last_udp=18.13s, meas=1, tracks=2, valid=0, master=37
[LIVE] udp=0.0/s, objs=0.0/s, last_udp=19.13s, meas=1, tracks=2, valid=0, master=37
[LIVE] udp=0.0/s, objs=0.0/s, last_udp=20.14s, meas=1, tracks=2, valid=0, master=37
[LIVE] udp=0.0/s, objs=0.0/s, last_udp=21.14s, meas=1, tracks=2, valid=0, master=37
[GPS] GGA fix_quality=1, num_sats=23, hdop=0.7, lat=30.408090370333333, lon=104.088642432
[LIVE] udp=0.0/s, objs=0.0/s, last_udp=22.14s, meas=1, tracks=2, valid=0, master=37
[LIVE] udp=0.0/s, objs=0.0/s, last_udp=23.14s, meas=1, tracks=2, valid=0, master=37
[LIVE] udp=0.0/s, objs=0.0/s, last_udp=24.14s, meas=1, tracks=2, valid=0, master=37
[LIVE] udp=0.0/s, objs=0.0/s, last_udp=25.15s, meas=1, tracks=2, valid=0, master=37
[LIVE] udp=0.0/s, objs=0.0/s, last_udp=26.15s, meas=1, tracks=2, valid=0, master=37
[LIVE] udp=0.0/s, objs=0.0/s, last_udp=27.15s, meas=1, tracks=2, valid=0, master=37
[LIVE] udp=0.0/s, objs=0.0/s, last_udp=28.16s, meas=1, tracks=2, valid=0, master=37
[LIVE] udp=0.0/s, objs=0.0/s, last_udp=29.16s, meas=1, tracks=2, valid=0, master=37
[LIVE] udp=0.0/s, objs=0.0/s, last_udp=30.16s, meas=1, tracks=2, valid=0, master=37
[LIVE] udp=0.0/s, objs=0.0/s, last_udp=31.16s, meas=1, tracks=2, valid=0, master=37
[GPS] GGA fix_quality=1, num_sats=23, hdop=0.7, lat=30.4080957095, lon=104.088635753
[LIVE] udp=0.0/s, objs=0.0/s, last_udp=32.17s, meas=1, tracks=2, valid=0, master=37
[LIVE] udp=0.0/s, objs=0.0/s, last_udp=33.17s, meas=1, tracks=2, valid=0, master=37
[LIVE] udp=0.0/s, objs=0.0/s, last_udp=34.17s, meas=1, tracks=2, valid=0, master=37
[LIVE] udp=0.0/s, objs=0.0/s, last_udp=35.18s, meas=1, tracks=2, valid=0, master=37
[LIVE] udp=0.0/s, objs=0.0/s, last_udp=36.18s, meas=1, tracks=2, valid=0, master=37
[LIVE] udp=0.0/s, objs=0.0/s, last_udp=37.18s, meas=1, tracks=2, valid=0, master=37
[LIVE] udp=0.0/s, objs=0.0/s, last_udp=38.18s, meas=1, tracks=2, valid=0, master=37
[LIVE] udp=0.0/s, objs=0.0/s, last_udp=39.19s, meas=1, tracks=2, valid=0, master=37
[LIVE] udp=0.0/s, objs=0.0/s, last_udp=40.19s, meas=1, tracks=2, valid=0, master=37
[LIVE] udp=0.0/s, objs=0.0/s, last_udp=41.19s, meas=1, tracks=2, valid=0, master=37
[GPS] GGA fix_quality=1, num_sats=23, hdop=0.7, lat=30.408097144166668, lon=104.08863443083334
[LIVE] udp=0.0/s, objs=0.0/s, last_udp=42.20s, meas=1, tracks=2, valid=0, master=37
[LIVE] udp=0.0/s, objs=0.0/s, last_udp=43.20s, meas=1, tracks=2, valid=0, master=37
[LIVE] udp=0.0/s, objs=0.0/s, last_udp=44.20s, meas=1, tracks=2, valid=0, master=37
[LIVE] udp=0.0/s, objs=0.0/s, last_udp=45.20s, meas=1, tracks=2, valid=0, master=37
[LIVE] udp=0.0/s, objs=0.0/s, last_udp=46.21s, meas=1, tracks=2, valid=0, master=37
[LIVE] udp=0.0/s, objs=0.0/s, last_udp=47.21s, meas=1, tracks=2, valid=0, master=37
[LIVE] udp=0.0/s, objs=0.0/s, last_udp=48.21s, meas=1, tracks=2, valid=0, master=37
[LIVE] udp=0.0/s, objs=0.0/s, last_udp=49.21s, meas=1, tracks=2, valid=0, master=37
[LIVE] udp=0.0/s, objs=0.0/s, last_udp=50.22s, meas=1, tracks=2, valid=0, master=37
[LIVE] udp=0.0/s, objs=0.0/s, last_udp=51.22s, meas=1, tracks=2, valid=0, master=37
[GPS] GGA fix_quality=1, num_sats=23, hdop=0.7, lat=30.40809759, lon=104.08862682333333
[LIVE] udp=0.0/s, objs=0.0/s, last_udp=52.22s, meas=1, tracks=2, valid=0, master=37
[LIVE] udp=0.0/s, objs=0.0/s, last_udp=53.22s, meas=1, tracks=2, valid=0, master=37
[LIVE] udp=0.0/s, objs=0.0/s, last_udp=54.23s, meas=1, tracks=2, valid=0, master=37
[LIVE] udp=0.0/s, objs=0.0/s, last_udp=55.23s, meas=1, tracks=2, valid=0, master=37
[LIVE] udp=0.0/s, objs=0.0/s, last_udp=56.23s, meas=1, tracks=2, valid=0, master=37
[LIVE] udp=0.0/s, objs=0.0/s, last_udp=57.23s, meas=1, tracks=2, valid=0, master=37
[LIVE] udp=0.0/s, objs=0.0/s, last_udp=58.23s, meas=1, tracks=2, valid=0, master=37
[LIVE] udp=0.0/s, objs=0.0/s, last_udp=59.23s, meas=1, tracks=2, valid=0, master=37
[LIVE] udp=0.0/s, objs=0.0/s, last_udp=60.23s, meas=1, tracks=2, valid=0, master=37
[LIVE] udp=0.0/s, objs=0.0/s, last_udp=61.24s, meas=1, tracks=2, valid=0, master=37
[GPS] GGA fix_quality=1, num_sats=23, hdop=0.7, lat=30.408097361333333, lon=104.0886314185
[LIVE] udp=0.0/s, objs=0.0/s, last_udp=62.24s, meas=1, tracks=2, valid=0, master=37
[LIVE] udp=0.0/s, objs=0.0/s, last_udp=63.25s, meas=1, tracks=2, valid=0, master=37
[LIVE] udp=0.0/s, objs=0.0/s, last_udp=64.25s, meas=1, tracks=2, valid=0, master=37
[LIVE] udp=0.0/s, objs=0.0/s, last_udp=65.25s, meas=1, tracks=2, valid=0, master=37
[LIVE] udp=0.0/s, objs=0.0/s, last_udp=66.26s, meas=1, tracks=2, valid=0, master=37
[LIVE] udp=0.0/s, objs=0.0/s, last_udp=67.26s, meas=1, tracks=2, valid=0, master=37
[LIVE] udp=0.0/s, objs=0.0/s, last_udp=68.26s, meas=1, tracks=2, valid=0, master=37
[LIVE] udp=0.0/s, objs=0.0/s, last_udp=69.26s, meas=1, tracks=2, valid=0, master=37
[LIVE] udp=0.0/s, objs=0.0/s, last_udp=70.26s, meas=1, tracks=2, valid=0, master=37
[LIVE] udp=0.0/s, objs=0.0/s, last_udp=71.27s, meas=1, tracks=2, valid=0, master=37
[GPS] GGA fix_quality=1, num_sats=23, hdop=0.7, lat=30.4080959355, lon=104.08863195733333
[LIVE] udp=2.0/s, objs=2.0/s, last_udp=0.15s, meas=1, tracks=1, valid=0, master=37
[LIVE] udp=0.0/s, objs=0.0/s, last_udp=1.15s, meas=1, tracks=1, valid=0, master=37
[LIVE] udp=0.0/s, objs=0.0/s, last_udp=2.16s, meas=1, tracks=1, valid=0, master=37
[LIVE] udp=0.0/s, objs=0.0/s, last_udp=3.16s, meas=1, tracks=1, valid=0, master=37
[LIVE] udp=2.0/s, objs=2.0/s, last_udp=0.01s, meas=1, tracks=1, valid=0, master=37
[LIVE] udp=3.0/s, objs=3.0/s, last_udp=0.08s, meas=1, tracks=2, valid=0, master=37
[LIVE] udp=3.0/s, objs=3.0/s, last_udp=0.35s, meas=1, tracks=2, valid=1, master=40
[LIVE] udp=0.0/s, objs=0.0/s, last_udp=1.36s, meas=1, tracks=2, valid=1, master=40
[LIVE] udp=1.0/s, objs=1.0/s, last_udp=0.51s, meas=1, tracks=2, valid=1, master=40
[LIVE] udp=0.0/s, objs=0.0/s, last_udp=1.52s, meas=1, tracks=2, valid=1, master=40
[GPS] GGA fix_quality=1, num_sats=22, hdop=0.7, lat=30.408094705666667, lon=104.08863343816667
[LIVE] udp=0.0/s, objs=0.0/s, last_udp=2.52s, meas=1, tracks=2, valid=1, master=40
[LIVE] udp=0.0/s, objs=0.0/s, last_udp=3.52s, meas=1, tracks=2, valid=1, master=40
[LIVE] udp=1.0/s, objs=1.0/s, last_udp=0.32s, meas=1, tracks=1, valid=1, master=40
[LIVE] udp=0.0/s, objs=0.0/s, last_udp=1.32s, meas=1, tracks=1, valid=1, master=40
[LIVE] udp=1.0/s, objs=1.0/s, last_udp=0.55s, meas=1, tracks=1, valid=1, master=40
[LIVE] udp=4.0/s, objs=4.0/s, last_udp=0.04s, meas=1, tracks=1, valid=1, master=40
[LIVE] udp=2.0/s, objs=2.0/s, last_udp=0.54s, meas=1, tracks=1, valid=1, master=40
[LIVE] udp=3.0/s, objs=3.0/s, last_udp=0.30s, meas=1, tracks=1, valid=1, master=40
[LIVE] udp=0.0/s, objs=0.0/s, last_udp=1.30s, meas=1, tracks=1, valid=1, master=40
[LIVE] udp=0.0/s, objs=0.0/s, last_udp=2.31s, meas=1, tracks=1, valid=1, master=40
[GPS] GGA fix_quality=1, num_sats=23, hdop=0.7, lat=30.408094025166665, lon=104.088634255
[LIVE] udp=0.0/s, objs=0.0/s, last_udp=3.31s, meas=1, tracks=1, valid=1, master=40
[LIVE] udp=0.0/s, objs=0.0/s, last_udp=4.31s, meas=1, tracks=1, valid=1, master=40
[LIVE] udp=0.0/s, objs=0.0/s, last_udp=5.31s, meas=1, tracks=1, valid=1, master=40
[LIVE] udp=4.0/s, objs=4.0/s, last_udp=0.07s, meas=1, tracks=1, valid=1, master=40
[LIVE] udp=2.0/s, objs=2.0/s, last_udp=0.34s, meas=1, tracks=1, valid=1, master=40
[LIVE] udp=3.0/s, objs=3.0/s, last_udp=0.23s, meas=1, tracks=1, valid=1, master=40
[LIVE] udp=4.0/s, objs=4.0/s, last_udp=0.01s, meas=1, tracks=1, valid=1, master=40
[LIVE] udp=3.0/s, objs=3.0/s, last_udp=0.25s, meas=1, tracks=1, valid=1, master=40
[LIVE] udp=1.0/s, objs=1.0/s, last_udp=0.03s, meas=1, tracks=1, valid=1, master=40
[LIVE] udp=0.0/s, objs=0.0/s, last_udp=1.04s, meas=1, tracks=1, valid=1, master=40
[GPS] GGA fix_quality=1, num_sats=23, hdop=0.7, lat=30.408093520666668, lon=104.08863392733333
[LIVE] udp=0.0/s, objs=0.0/s, last_udp=2.04s, meas=1, tracks=1, valid=1, master=40
[LIVE] udp=1.0/s, objs=1.0/s, last_udp=0.09s, meas=1, tracks=1, valid=1, master=40
[LIVE] udp=2.0/s, objs=2.0/s, last_udp=0.44s, meas=1, tracks=1, valid=1, master=40
[LIVE] udp=4.0/s, objs=4.0/s, last_udp=0.06s, meas=1, tracks=1, valid=1, master=40
[LIVE] udp=2.0/s, objs=2.0/s, last_udp=0.29s, meas=1, tracks=1, valid=1, master=40
[LIVE] udp=2.0/s, objs=2.0/s, last_udp=0.65s, meas=1, tracks=1, valid=1, master=40
[LIVE] udp=0.0/s, objs=0.0/s, last_udp=1.65s, meas=1, tracks=1, valid=1, master=40
[LIVE] udp=0.0/s, objs=0.0/s, last_udp=2.65s, meas=1, tracks=1, valid=1, master=40
[LIVE] udp=2.0/s, objs=2.0/s, last_udp=0.19s, meas=1, tracks=1, valid=1, master=40
[LIVE] udp=4.0/s, objs=4.0/s, last_udp=0.00s, meas=1, tracks=1, valid=1, master=40
[GPS] GGA fix_quality=1, num_sats=23, hdop=0.7, lat=30.408092303166665, lon=104.08863584266666
[LIVE] udp=3.0/s, objs=3.0/s, last_udp=0.11s, meas=1, tracks=1, valid=1, master=40
[LIVE] udp=5.0/s, objs=5.0/s, last_udp=0.35s, meas=1, tracks=1, valid=1, master=40
[LIVE] udp=5.0/s, objs=5.0/s, last_udp=0.04s, meas=1, tracks=1, valid=1, master=40
[LIVE] udp=5.0/s, objs=5.0/s, last_udp=0.27s, meas=1, tracks=1, valid=1, master=40
[LIVE] udp=4.0/s, objs=4.0/s, last_udp=0.18s, meas=1, tracks=1, valid=1, master=40
[LIVE] udp=0.0/s, objs=0.0/s, last_udp=1.18s, meas=1, tracks=1, valid=1, master=40
[LIVE] udp=2.0/s, objs=2.0/s, last_udp=0.14s, meas=1, tracks=1, valid=1, master=40
[LIVE] udp=2.0/s, objs=2.0/s, last_udp=0.55s, meas=1, tracks=1, valid=1, master=40
[LIVE] udp=0.0/s, objs=0.0/s, last_udp=1.55s, meas=1, tracks=1, valid=1, master=40
[LIVE] udp=0.0/s, objs=0.0/s, last_udp=2.55s, meas=1, tracks=1, valid=1, master=40
[GPS] GGA fix_quality=1, num_sats=22, hdop=0.7, lat=30.4080948445, lon=104.08863698683334
[LIVE] udp=1.0/s, objs=1.0/s, last_udp=0.14s, meas=1, tracks=1, valid=1, master=40
[LIVE] udp=0.0/s, objs=0.0/s, last_udp=1.14s, meas=1, tracks=1, valid=1, master=40
[LIVE] udp=0.0/s, objs=0.0/s, last_udp=2.14s, meas=1, tracks=1, valid=1, master=40
[LIVE] udp=0.0/s, objs=0.0/s, last_udp=3.14s, meas=1, tracks=1, valid=1, master=40
[LIVE] udp=3.0/s, objs=3.0/s, last_udp=0.21s, meas=1, tracks=1, valid=1, master=40
[LIVE] udp=4.0/s, objs=4.0/s, last_udp=0.10s, meas=1, tracks=1, valid=1, master=40
[LIVE] udp=4.0/s, objs=4.0/s, last_udp=0.06s, meas=1, tracks=1, valid=1, master=40
[LIVE] udp=4.0/s, objs=4.0/s, last_udp=0.10s, meas=1, tracks=1, valid=1, master=40
[LIVE] udp=2.0/s, objs=2.0/s, last_udp=0.73s, meas=1, tracks=1, valid=1, master=40
[LIVE] udp=0.0/s, objs=0.0/s, last_udp=1.74s, meas=1, tracks=1, valid=1, master=40
[GPS] GGA fix_quality=1, num_sats=23, hdop=0.7, lat=30.408097159833332, lon=104.08863447083333
[LIVE] udp=0.0/s, objs=0.0/s, last_udp=2.74s, meas=1, tracks=1, valid=1, master=40
[LIVE] udp=0.0/s, objs=0.0/s, last_udp=3.74s, meas=1, tracks=1, valid=1, master=40
[LIVE] udp=0.0/s, objs=0.0/s, last_udp=4.75s, meas=1, tracks=1, valid=1, master=40
[LIVE] udp=0.0/s, objs=0.0/s, last_udp=5.75s, meas=1, tracks=1, valid=1, master=40
[LIVE] udp=0.0/s, objs=0.0/s, last_udp=6.75s, meas=1, tracks=1, valid=1, master=40
[LIVE] udp=0.0/s, objs=0.0/s, last_udp=7.75s, meas=1, tracks=1, valid=1, master=40
[LIVE] udp=1.0/s, objs=1.0/s, last_udp=0.58s, meas=1, tracks=1, valid=1, master=40
[LIVE] udp=0.0/s, objs=0.0/s, last_udp=1.58s, meas=1, tracks=1, valid=1, master=40
[LIVE] udp=0.0/s, objs=0.0/s, last_udp=2.59s, meas=1, tracks=1, valid=1, master=40
[LIVE] udp=0.0/s, objs=0.0/s, last_udp=3.59s, meas=1, tracks=1, valid=1, master=40
[GPS] GGA fix_quality=1, num_sats=22, hdop=0.7, lat=30.408101523333332, lon=104.08863393566666
[LIVE] udp=0.0/s, objs=0.0/s, last_udp=4.59s, meas=1, tracks=1, valid=1, master=40
[LIVE] udp=2.0/s, objs=2.0/s, last_udp=0.11s, meas=1, tracks=1, valid=1, master=40
[LIVE] udp=0.0/s, objs=0.0/s, last_udp=1.11s, meas=1, tracks=1, valid=1, master=40
[LIVE] udp=0.0/s, objs=0.0/s, last_udp=2.11s, meas=1, tracks=1, valid=1, master=40
[LIVE] udp=0.0/s, objs=0.0/s, last_udp=3.11s, meas=1, tracks=1, valid=1, master=40
[LIVE] udp=2.0/s, objs=2.0/s, last_udp=0.01s, meas=1, tracks=1, valid=1, master=40
[LIVE] udp=1.0/s, objs=1.0/s, last_udp=0.91s, meas=1, tracks=1, valid=1, master=40
[LIVE] udp=0.0/s, objs=0.0/s, last_udp=1.91s, meas=1, tracks=1, valid=1, master=40
[LIVE] udp=0.0/s, objs=0.0/s, last_udp=2.92s, meas=1, tracks=1, valid=1, master=40
[LIVE] udp=0.0/s, objs=0.0/s, last_udp=3.92s, meas=1, tracks=1, valid=1, master=40
[GPS] GGA fix_quality=1, num_sats=22, hdop=0.7, lat=30.408102036166667, lon=104.0886289355
[LIVE] udp=0.0/s, objs=0.0/s, last_udp=4.92s, meas=1, tracks=1, valid=1, master=40
[LIVE] udp=0.0/s, objs=0.0/s, last_udp=5.93s, meas=1, tracks=1, valid=1, master=40
[LIVE] udp=0.0/s, objs=0.0/s, last_udp=6.93s, meas=1, tracks=1, valid=1, master=40
[LIVE] udp=0.0/s, objs=0.0/s, last_udp=7.94s, meas=1, tracks=1, valid=1, master=40
[LIVE] udp=0.0/s, objs=0.0/s, last_udp=8.94s, meas=1, tracks=1, valid=1, master=40
[LIVE] udp=1.0/s, objs=1.0/s, last_udp=0.23s, meas=1, tracks=1, valid=1, master=40
[LIVE] udp=2.0/s, objs=2.0/s, last_udp=0.01s, meas=1, tracks=1, valid=1, master=40
[LIVE] udp=1.0/s, objs=1.0/s, last_udp=0.86s, meas=1, tracks=1, valid=1, master=40
[LIVE] udp=1.0/s, objs=1.0/s, last_udp=0.23s, meas=1, tracks=1, valid=1, master=40
[LIVE] udp=2.0/s, objs=2.0/s, last_udp=0.51s, meas=1, tracks=1, valid=1, master=40
[GPS] GGA fix_quality=1, num_sats=22, hdop=0.7, lat=30.408103755333332, lon=104.08862582366666
[LIVE] udp=0.0/s, objs=0.0/s, last_udp=1.51s, meas=1, tracks=1, valid=1, master=40
[LIVE] udp=1.0/s, objs=1.0/s, last_udp=0.60s, meas=1, tracks=1, valid=1, master=40
[LIVE] udp=4.0/s, objs=4.0/s, last_udp=0.18s, meas=1, tracks=1, valid=1, master=40
[LIVE] udp=4.0/s, objs=4.0/s, last_udp=0.07s, meas=1, tracks=1, valid=1, master=40
[LIVE] udp=3.0/s, objs=3.0/s, last_udp=0.12s, meas=1, tracks=1, valid=1, master=40
[LIVE] udp=5.0/s, objs=5.0/s, last_udp=0.26s, meas=1, tracks=1, valid=1, master=40
[LIVE] udp=6.0/s, objs=6.0/s, last_udp=0.21s, meas=1, tracks=1, valid=1, master=40
[LIVE] udp=4.0/s, objs=4.0/s, last_udp=0.06s, meas=1, tracks=1, valid=1, master=40
[LIVE] udp=0.0/s, objs=0.0/s, last_udp=1.06s, meas=1, tracks=1, valid=1, master=40
[LIVE] udp=0.0/s, objs=0.0/s, last_udp=2.06s, meas=1, tracks=1, valid=1, master=40
[GPS] GGA fix_quality=1, num_sats=23, hdop=0.7, lat=30.408106543, lon=104.08862636216666
[LIVE] udp=0.0/s, objs=0.0/s, last_udp=3.06s, meas=1, tracks=1, valid=1, master=40
[LIVE] udp=0.0/s, objs=0.0/s, last_udp=4.06s, meas=1, tracks=1, valid=1, master=40
[LIVE] udp=0.0/s, objs=0.0/s, last_udp=5.07s, meas=1, tracks=1, valid=1, master=40
[LIVE] udp=0.0/s, objs=0.0/s, last_udp=6.07s, meas=1, tracks=1, valid=1, master=40
[LIVE] udp=0.0/s, objs=0.0/s, last_udp=7.07s, meas=1, tracks=1, valid=1, master=40
[LIVE] udp=0.0/s, objs=0.0/s, last_udp=8.08s, meas=1, tracks=1, valid=1, master=40
[LIVE] udp=0.0/s, objs=0.0/s, last_udp=9.08s, meas=1, tracks=1, valid=1, master=40
[LIVE] udp=1.0/s, objs=1.0/s, last_udp=0.15s, meas=1, tracks=1, valid=1, master=40
[LIVE] udp=0.0/s, objs=0.0/s, last_udp=1.15s, meas=1, tracks=1, valid=1, master=40
[GPS] GGA fix_quality=1, num_sats=24, hdop=0.7, lat=30.408101708166665, lon=104.08862921533333
[LIVE] udp=0.0/s, objs=0.0/s, last_udp=2.15s, meas=1, tracks=1, valid=1, master=40
[LIVE] udp=0.0/s, objs=0.0/s, last_udp=3.16s, meas=1, tracks=1, valid=1, master=40
[LIVE] udp=0.0/s, objs=0.0/s, last_udp=4.16s, meas=1, tracks=1, valid=1, master=40
[LIVE] udp=0.0/s, objs=0.0/s, last_udp=5.17s, meas=1, tracks=1, valid=1, master=40
[LIVE] udp=0.0/s, objs=0.0/s, last_udp=6.17s, meas=1, tracks=1, valid=1, master=40
[LIVE] udp=1.0/s, objs=1.0/s, last_udp=0.60s, meas=1, tracks=1, valid=1, master=40
[LIVE] udp=0.0/s, objs=0.0/s, last_udp=1.60s, meas=1, tracks=1, valid=1, master=40
[LIVE] udp=0.0/s, objs=0.0/s, last_udp=2.60s, meas=1, tracks=1, valid=1, master=40
[LIVE] udp=0.0/s, objs=0.0/s, last_udp=3.61s, meas=1, tracks=1, valid=1, master=40
[LIVE] udp=0.0/s, objs=0.0/s, last_udp=4.61s, meas=1, tracks=1, valid=1, master=40
[GPS] GGA fix_quality=1, num_sats=22, hdop=0.7, lat=30.408095239166666, lon=104.08863226533333
[LIVE] udp=0.0/s, objs=0.0/s, last_udp=5.61s, meas=1, tracks=1, valid=1, master=40
[LIVE] udp=0.0/s, objs=0.0/s, last_udp=6.62s, meas=1, tracks=1, valid=1, master=40
[LIVE] udp=0.0/s, objs=0.0/s, last_udp=7.62s, meas=1, tracks=1, valid=1, master=40
[LIVE] udp=0.0/s, objs=0.0/s, last_udp=8.62s, meas=1, tracks=1, valid=1, master=40
[LIVE] udp=1.0/s, objs=1.0/s, last_udp=0.60s, meas=1, tracks=1, valid=1, master=40
[LIVE] udp=4.0/s, objs=4.0/s, last_udp=0.33s, meas=1, tracks=1, valid=1, master=40
[LIVE] udp=1.0/s, objs=1.0/s, last_udp=0.39s, meas=1, tracks=1, valid=1, master=40
[LIVE] udp=2.0/s, objs=2.0/s, last_udp=0.11s, meas=1, tracks=1, valid=1, master=40
[LIVE] udp=1.0/s, objs=1.0/s, last_udp=0.97s, meas=1, tracks=1, valid=1, master=40
[LIVE] udp=0.0/s, objs=0.0/s, last_udp=1.97s, meas=1, tracks=1, valid=1, master=40
[GPS] GGA fix_quality=1, num_sats=22, hdop=0.7, lat=30.4080889005, lon=104.08864044066667
[LIVE] udp=0.0/s, objs=0.0/s, last_udp=2.98s, meas=1, tracks=1, valid=1, master=40
[LIVE] udp=0.0/s, objs=0.0/s, last_udp=3.98s, meas=1, tracks=1, valid=1, master=40
[LIVE] udp=0.0/s, objs=0.0/s, last_udp=4.98s, meas=1, tracks=1, valid=1, master=40
[LIVE] udp=0.0/s, objs=0.0/s, last_udp=5.99s, meas=1, tracks=1, valid=1, master=40
[LIVE] udp=0.0/s, objs=0.0/s, last_udp=6.99s, meas=1, tracks=1, valid=1, master=40
[LIVE] udp=0.0/s, objs=0.0/s, last_udp=7.99s, meas=1, tracks=1, valid=1, master=40
[LIVE] udp=0.0/s, objs=0.0/s, last_udp=9.00s, meas=1, tracks=1, valid=1, master=40
[LIVE] udp=0.0/s, objs=0.0/s, last_udp=10.00s, meas=1, tracks=1, valid=1, master=40
[LIVE] udp=0.0/s, objs=0.0/s, last_udp=11.00s, meas=1, tracks=1, valid=1, master=40
[LIVE] udp=0.0/s, objs=0.0/s, last_udp=12.00s, meas=1, tracks=1, valid=1, master=40
[GPS] GGA fix_quality=1, num_sats=22, hdop=0.7, lat=30.408086744833334, lon=104.08863624866666
[LIVE] udp=0.0/s, objs=0.0/s, last_udp=13.00s, meas=1, tracks=1, valid=1, master=40
[LIVE] udp=0.0/s, objs=0.0/s, last_udp=14.00s, meas=1, tracks=1, valid=1, master=40
[LIVE] udp=0.0/s, objs=0.0/s, last_udp=15.01s, meas=1, tracks=1, valid=1, master=40
[LIVE] udp=0.0/s, objs=0.0/s, last_udp=16.01s, meas=1, tracks=1, valid=1, master=40
[LIVE] udp=0.0/s, objs=0.0/s, last_udp=17.01s, meas=1, tracks=1, valid=1, master=40
[LIVE] udp=0.0/s, objs=0.0/s, last_udp=18.01s, meas=1, tracks=1, valid=1, master=40
[LIVE] udp=0.0/s, objs=0.0/s, last_udp=19.02s, meas=1, tracks=1, valid=1, master=40
[LIVE] udp=0.0/s, objs=0.0/s, last_udp=20.02s, meas=1, tracks=1, valid=1, master=40
[LIVE] udp=0.0/s, objs=0.0/s, last_udp=21.02s, meas=1, tracks=1, valid=1, master=40
[LIVE] udp=0.0/s, objs=0.0/s, last_udp=22.02s, meas=1, tracks=1, valid=1, master=40
[GPS] GGA fix_quality=1, num_sats=22, hdop=0.7, lat=30.4080852995, lon=104.08863908766666
[LIVE] udp=0.0/s, objs=0.0/s, last_udp=23.02s, meas=1, tracks=1, valid=1, master=40
[LIVE] udp=0.0/s, objs=0.0/s, last_udp=24.03s, meas=1, tracks=1, valid=1, master=40
[LIVE] udp=0.0/s, objs=0.0/s, last_udp=25.03s, meas=1, tracks=1, valid=1, master=40
[LIVE] udp=0.0/s, objs=0.0/s, last_udp=26.03s, meas=1, tracks=1, valid=1, master=40
[LIVE] udp=0.0/s, objs=0.0/s, last_udp=27.03s, meas=1, tracks=1, valid=1, master=40
[LIVE] udp=0.0/s, objs=0.0/s, last_udp=28.04s, meas=1, tracks=1, valid=1, master=40
[LIVE] udp=0.0/s, objs=0.0/s, last_udp=29.04s, meas=1, tracks=1, valid=1, master=40
[LIVE] udp=0.0/s, objs=0.0/s, last_udp=30.04s, meas=1, tracks=1, valid=1, master=40
[LIVE] udp=0.0/s, objs=0.0/s, last_udp=31.04s, meas=1, tracks=1, valid=1, master=40
[LIVE] udp=0.0/s, objs=0.0/s, last_udp=32.05s, meas=1, tracks=1, valid=1, master=40
[GPS] GGA fix_quality=1, num_sats=21, hdop=0.8, lat=30.408083920833334, lon=104.0886505595
[LIVE] udp=0.0/s, objs=0.0/s, last_udp=33.05s, meas=1, tracks=1, valid=1, master=40
[LIVE] udp=0.0/s, objs=0.0/s, last_udp=34.05s, meas=1, tracks=1, valid=1, master=40
[LIVE] udp=0.0/s, objs=0.0/s, last_udp=35.05s, meas=1, tracks=1, valid=1, master=40
[LIVE] udp=0.0/s, objs=0.0/s, last_udp=36.05s, meas=1, tracks=1, valid=1, master=40
[LIVE] udp=0.0/s, objs=0.0/s, last_udp=37.06s, meas=1, tracks=1, valid=1, master=40
[LIVE] udp=0.0/s, objs=0.0/s, last_udp=38.06s, meas=1, tracks=1, valid=1, master=40
[LIVE] udp=0.0/s, objs=0.0/s, last_udp=39.06s, meas=1, tracks=1, valid=1, master=40
[LIVE] udp=0.0/s, objs=0.0/s, last_udp=40.06s, meas=1, tracks=1, valid=1, master=40
[LIVE] udp=0.0/s, objs=0.0/s, last_udp=41.07s, meas=1, tracks=1, valid=1, master=40
[LIVE] udp=0.0/s, objs=0.0/s, last_udp=42.07s, meas=1, tracks=1, valid=1, master=40
[GPS] GGA fix_quality=1, num_sats=21, hdop=0.8, lat=30.408081748666667, lon=104.08864835616667
[LIVE] udp=0.0/s, objs=0.0/s, last_udp=43.07s, meas=1, tracks=1, valid=1, master=40
[LIVE] udp=0.0/s, objs=0.0/s, last_udp=44.08s, meas=1, tracks=1, valid=1, master=40
[LIVE] udp=0.0/s, objs=0.0/s, last_udp=45.08s, meas=1, tracks=1, valid=1, master=40
[LIVE] udp=0.0/s, objs=0.0/s, last_udp=46.08s, meas=1, tracks=1, valid=1, master=40
[LIVE] udp=0.0/s, objs=0.0/s, last_udp=47.08s, meas=1, tracks=1, valid=1, master=40
[LIVE] udp=0.0/s, objs=0.0/s, last_udp=48.08s, meas=1, tracks=1, valid=1, master=40
[LIVE] udp=0.0/s, objs=0.0/s, last_udp=49.09s, meas=1, tracks=1, valid=1, master=40
[LIVE] udp=0.0/s, objs=0.0/s, last_udp=50.09s, meas=1, tracks=1, valid=1, master=40
[LIVE] udp=0.0/s, objs=0.0/s, last_udp=51.09s, meas=1, tracks=1, valid=1, master=40
[LIVE] udp=0.0/s, objs=0.0/s, last_udp=52.09s, meas=1, tracks=1, valid=1, master=40
[GPS] GGA fix_quality=1, num_sats=21, hdop=0.8, lat=30.408083614833334, lon=104.08864368633333
[LIVE] udp=0.0/s, objs=0.0/s, last_udp=53.09s, meas=1, tracks=1, valid=1, master=40
[LIVE] udp=0.0/s, objs=0.0/s, last_udp=54.10s, meas=1, tracks=1, valid=1, master=40
[LIVE] udp=0.0/s, objs=0.0/s, last_udp=55.10s, meas=1, tracks=1, valid=1, master=40
[LIVE] udp=0.0/s, objs=0.0/s, last_udp=56.10s, meas=1, tracks=1, valid=1, master=40
[LIVE] udp=0.0/s, objs=0.0/s, last_udp=57.11s, meas=1, tracks=1, valid=1, master=40
[LIVE] udp=0.0/s, objs=0.0/s, last_udp=58.11s, meas=1, tracks=1, valid=1, master=40
[LIVE] udp=0.0/s, objs=0.0/s, last_udp=59.11s, meas=1, tracks=1, valid=1, master=40
[LIVE] udp=0.0/s, objs=0.0/s, last_udp=60.11s, meas=1, tracks=1, valid=1, master=40
[LIVE] udp=0.0/s, objs=0.0/s, last_udp=61.11s, meas=1, tracks=1, valid=1, master=40
[LIVE] udp=0.0/s, objs=0.0/s, last_udp=62.11s, meas=1, tracks=1, valid=1, master=40
[GPS] GGA fix_quality=1, num_sats=22, hdop=0.7, lat=30.408086338333334, lon=104.08863928933333
[LIVE] udp=0.0/s, objs=0.0/s, last_udp=63.11s, meas=1, tracks=1, valid=1, master=40
[LIVE] udp=1.0/s, objs=1.0/s, last_udp=0.29s, meas=1, tracks=1, valid=0, master=40
[LIVE] udp=5.0/s, objs=5.0/s, last_udp=0.08s, meas=1, tracks=1, valid=1, master=41
[LIVE] udp=3.0/s, objs=3.0/s, last_udp=0.54s, meas=1, tracks=1, valid=1, master=41
[LIVE] udp=1.0/s, objs=1.0/s, last_udp=0.32s, meas=1, tracks=1, valid=1, master=41
[LIVE] udp=4.0/s, objs=4.0/s, last_udp=0.34s, meas=1, tracks=1, valid=1, master=41
[LIVE] udp=1.0/s, objs=1.0/s, last_udp=0.66s, meas=1, tracks=1, valid=1, master=41
[LIVE] udp=0.0/s, objs=0.0/s, last_udp=1.67s, meas=1, tracks=1, valid=1, master=41
[LIVE] udp=1.0/s, objs=1.0/s, last_udp=0.14s, meas=1, tracks=1, valid=1, master=41
[LIVE] udp=2.0/s, objs=2.0/s, last_udp=0.60s, meas=1, tracks=1, valid=1, master=41
[GPS] GGA fix_quality=1, num_sats=21, hdop=0.8, lat=30.4080871435, lon=104.08863532783333
[LIVE] udp=0.0/s, objs=0.0/s, last_udp=1.60s, meas=1, tracks=1, valid=1, master=41
[LIVE] udp=0.0/s, objs=0.0/s, last_udp=2.60s, meas=1, tracks=1, valid=1, master=41
[LIVE] udp=0.0/s, objs=0.0/s, last_udp=3.61s, meas=1, tracks=1, valid=1, master=41
[LIVE] udp=0.0/s, objs=0.0/s, last_udp=4.61s, meas=1, tracks=1, valid=1, master=41
[LIVE] udp=0.0/s, objs=0.0/s, last_udp=5.61s, meas=1, tracks=1, valid=1, master=41
[LIVE] udp=0.0/s, objs=0.0/s, last_udp=6.62s, meas=1, tracks=1, valid=1, master=41
[LIVE] udp=0.0/s, objs=0.0/s, last_udp=7.62s, meas=1, tracks=1, valid=1, master=41
[LIVE] udp=0.0/s, objs=0.0/s, last_udp=8.62s, meas=1, tracks=1, valid=1, master=41
[LIVE] udp=0.0/s, objs=0.0/s, last_udp=9.62s, meas=1, tracks=1, valid=1, master=41
[LIVE] udp=0.0/s, objs=0.0/s, last_udp=10.62s, meas=1, tracks=1, valid=1, master=41
[GPS] GGA fix_quality=1, num_sats=21, hdop=0.8, lat=30.408087966, lon=104.0886360035
[LIVE] udp=0.0/s, objs=0.0/s, last_udp=11.62s, meas=1, tracks=1, valid=1, master=41
[LIVE] udp=0.0/s, objs=0.0/s, last_udp=12.62s, meas=1, tracks=1, valid=1, master=41
[LIVE] udp=0.0/s, objs=0.0/s, last_udp=13.63s, meas=1, tracks=1, valid=1, master=41
[LIVE] udp=0.0/s, objs=0.0/s, last_udp=14.63s, meas=1, tracks=1, valid=1, master=41
[LIVE] udp=0.0/s, objs=0.0/s, last_udp=15.63s, meas=1, tracks=1, valid=1, master=41
[LIVE] udp=0.0/s, objs=0.0/s, last_udp=16.64s, meas=1, tracks=1, valid=1, master=41
[LIVE] udp=0.0/s, objs=0.0/s, last_udp=17.64s, meas=1, tracks=1, valid=1, master=41
[LIVE] udp=0.0/s, objs=0.0/s, last_udp=18.64s, meas=1, tracks=1, valid=1, master=41
[LIVE] udp=0.0/s, objs=0.0/s, last_udp=19.65s, meas=1, tracks=1, valid=1, master=41
[LIVE] udp=0.0/s, objs=0.0/s, last_udp=20.65s, meas=1, tracks=1, valid=1, master=41
[GPS] GGA fix_quality=1, num_sats=21, hdop=0.8, lat=30.408096025333332, lon=104.0886350285
[LIVE] udp=0.0/s, objs=0.0/s, last_udp=21.65s, meas=1, tracks=1, valid=1, master=41
[LIVE] udp=0.0/s, objs=0.0/s, last_udp=22.65s, meas=1, tracks=1, valid=1, master=41
[LIVE] udp=0.0/s, objs=0.0/s, last_udp=23.65s, meas=1, tracks=1, valid=1, master=41
[LIVE] udp=0.0/s, objs=0.0/s, last_udp=24.66s, meas=1, tracks=1, valid=1, master=41
[LIVE] udp=0.0/s, objs=0.0/s, last_udp=25.66s, meas=1, tracks=1, valid=1, master=41
[LIVE] udp=0.0/s, objs=0.0/s, last_udp=26.66s, meas=1, tracks=1, valid=1, master=41
[LIVE] udp=2.0/s, objs=2.0/s, last_udp=0.14s, meas=1, tracks=1, valid=0, master=41
[LIVE] udp=2.0/s, objs=2.0/s, last_udp=0.02s, meas=1, tracks=1, valid=0, master=41
[LIVE] udp=0.0/s, objs=0.0/s, last_udp=1.02s, meas=1, tracks=1, valid=1, master=42
[LIVE] udp=0.0/s, objs=0.0/s, last_udp=2.02s, meas=1, tracks=1, valid=1, master=42
[GPS] GGA fix_quality=1, num_sats=21, hdop=0.8, lat=30.408096286333333, lon=104.08864355783334
[LIVE] udp=1.0/s, objs=1.0/s, last_udp=0.17s, meas=1, tracks=1, valid=1, master=42
[LIVE] udp=4.0/s, objs=4.0/s, last_udp=0.01s, meas=1, tracks=1, valid=1, master=42
[LIVE] udp=2.0/s, objs=2.0/s, last_udp=0.27s, meas=1, tracks=1, valid=1, master=42
[LIVE] udp=2.0/s, objs=2.0/s, last_udp=0.51s, meas=1, tracks=1, valid=1, master=42
[LIVE] udp=4.0/s, objs=4.0/s, last_udp=0.18s, meas=1, tracks=1, valid=1, master=42
[LIVE] udp=3.0/s, objs=3.0/s, last_udp=0.30s, meas=1, tracks=1, valid=1, master=42
[LIVE] udp=5.0/s, objs=5.0/s, last_udp=0.23s, meas=1, tracks=1, valid=1, master=42
[LIVE] udp=6.0/s, objs=6.0/s, last_udp=0.12s, meas=1, tracks=1, valid=1, master=42
[LIVE] udp=3.0/s, objs=3.0/s, last_udp=0.56s, meas=1, tracks=1, valid=1, master=42
[LIVE] udp=1.0/s, objs=1.0/s, last_udp=0.52s, meas=1, tracks=1, valid=1, master=42
[GPS] GGA fix_quality=1, num_sats=22, hdop=0.8, lat=30.408095921, lon=104.088637988
[LIVE] udp=3.0/s, objs=3.0/s, last_udp=0.01s, meas=1, tracks=1, valid=1, master=42
[LIVE] udp=2.0/s, objs=2.0/s, last_udp=0.25s, meas=1, tracks=1, valid=1, master=42
[LIVE] udp=3.0/s, objs=3.0/s, last_udp=0.12s, meas=1, tracks=1, valid=1, master=42
[LIVE] udp=4.0/s, objs=4.0/s, last_udp=0.00s, meas=1, tracks=1, valid=1, master=42
[LIVE] udp=3.0/s, objs=3.0/s, last_udp=0.27s, meas=1, tracks=1, valid=1, master=42
[LIVE] udp=5.0/s, objs=5.0/s, last_udp=0.05s, meas=1, tracks=1, valid=1, master=42
[LIVE] udp=5.0/s, objs=5.0/s, last_udp=0.10s, meas=1, tracks=1, valid=1, master=42
[LIVE] udp=5.0/s, objs=5.0/s, last_udp=0.08s, meas=1, tracks=1, valid=1, master=42
[LIVE] udp=0.0/s, objs=0.0/s, last_udp=1.09s, meas=1, tracks=1, valid=1, master=42
[LIVE] udp=0.0/s, objs=0.0/s, last_udp=2.09s, meas=1, tracks=1, valid=1, master=42
[GPS] GGA fix_quality=1, num_sats=22, hdop=0.8, lat=30.408096672166668, lon=104.08863346416666
[LIVE] udp=1.0/s, objs=1.0/s, last_udp=0.05s, meas=1, tracks=1, valid=1, master=42
[LIVE] udp=0.0/s, objs=0.0/s, last_udp=1.05s, meas=1, tracks=1, valid=1, master=42
[LIVE] udp=0.0/s, objs=0.0/s, last_udp=2.06s, meas=1, tracks=1, valid=1, master=42
[LIVE] udp=0.0/s, objs=0.0/s, last_udp=3.06s, meas=1, tracks=1, valid=1, master=42
[LIVE] udp=0.0/s, objs=0.0/s, last_udp=4.06s, meas=1, tracks=1, valid=1, master=42
[LIVE] udp=0.0/s, objs=0.0/s, last_udp=5.06s, meas=1, tracks=1, valid=1, master=42
[LIVE] udp=0.0/s, objs=0.0/s, last_udp=6.06s, meas=1, tracks=1, valid=1, master=42
[LIVE] udp=0.0/s, objs=0.0/s, last_udp=7.07s, meas=1, tracks=1, valid=1, master=42
[LIVE] udp=0.0/s, objs=0.0/s, last_udp=8.07s, meas=1, tracks=1, valid=1, master=42
[LIVE] udp=1.0/s, objs=1.0/s, last_udp=0.59s, meas=1, tracks=1, valid=1, master=42
[GPS] GGA fix_quality=1, num_sats=23, hdop=0.7, lat=30.408095756833333, lon=104.08863342716667
[LIVE] udp=2.0/s, objs=2.0/s, last_udp=0.81s, meas=1, tracks=1, valid=1, master=42
[LIVE] udp=4.0/s, objs=4.0/s, last_udp=0.08s, meas=1, tracks=1, valid=1, master=42
[LIVE] udp=2.0/s, objs=2.0/s, last_udp=0.51s, meas=1, tracks=1, valid=1, master=42
[LIVE] udp=1.0/s, objs=1.0/s, last_udp=0.19s, meas=1, tracks=1, valid=1, master=42
[LIVE] udp=0.0/s, objs=0.0/s, last_udp=1.20s, meas=1, tracks=1, valid=1, master=42
[LIVE] udp=2.0/s, objs=2.0/s, last_udp=0.31s, meas=1, tracks=1, valid=1, master=42
[LIVE] udp=0.0/s, objs=0.0/s, last_udp=1.31s, meas=1, tracks=1, valid=1, master=42
[LIVE] udp=0.0/s, objs=0.0/s, last_udp=2.32s, meas=1, tracks=1, valid=1, master=42
[LIVE] udp=0.0/s, objs=0.0/s, last_udp=3.32s, meas=1, tracks=1, valid=1, master=42
[LIVE] udp=0.0/s, objs=0.0/s, last_udp=4.32s, meas=1, tracks=1, valid=1, master=42
[GPS] GGA fix_quality=1, num_sats=23, hdop=0.7, lat=30.408092977666666, lon=104.08863053616666
[LIVE] udp=0.0/s, objs=0.0/s, last_udp=5.32s, meas=1, tracks=1, valid=1, master=42
[LIVE] udp=0.0/s, objs=0.0/s, last_udp=6.33s, meas=1, tracks=1, valid=1, master=42
[LIVE] udp=0.0/s, objs=0.0/s, last_udp=7.33s, meas=1, tracks=1, valid=1, master=42
[LIVE] udp=2.0/s, objs=2.0/s, last_udp=0.51s, meas=1, tracks=1, valid=1, master=42
[LIVE] udp=3.0/s, objs=3.0/s, last_udp=0.25s, meas=1, tracks=1, valid=1, master=42
[LIVE] udp=1.0/s, objs=1.0/s, last_udp=0.46s, meas=1, tracks=1, valid=1, master=42
[LIVE] udp=0.0/s, objs=0.0/s, last_udp=1.46s, meas=1, tracks=1, valid=1, master=42
[LIVE] udp=0.0/s, objs=0.0/s, last_udp=2.46s, meas=1, tracks=1, valid=1, master=42
[LIVE] udp=0.0/s, objs=0.0/s, last_udp=3.46s, meas=1, tracks=1, valid=1, master=42
[LIVE] udp=0.0/s, objs=0.0/s, last_udp=4.47s, meas=1, tracks=1, valid=1, master=42
[GPS] GGA fix_quality=1, num_sats=23, hdop=0.7, lat=30.408090836833335, lon=104.08863739866666
[LIVE] udp=0.0/s, objs=0.0/s, last_udp=5.47s, meas=1, tracks=1, valid=1, master=42
[LIVE] udp=0.0/s, objs=0.0/s, last_udp=6.47s, meas=1, tracks=1, valid=1, master=42
[LIVE] udp=0.0/s, objs=0.0/s, last_udp=7.47s, meas=1, tracks=1, valid=1, master=42
[LIVE] udp=0.0/s, objs=0.0/s, last_udp=8.47s, meas=1, tracks=1, valid=1, master=42
[LIVE] udp=0.0/s, objs=0.0/s, last_udp=9.48s, meas=1, tracks=1, valid=1, master=42
[LIVE] udp=0.0/s, objs=0.0/s, last_udp=10.48s, meas=1, tracks=1, valid=1, master=42
[LIVE] udp=0.0/s, objs=0.0/s, last_udp=11.48s, meas=1, tracks=1, valid=1, master=42
[LIVE] udp=0.0/s, objs=0.0/s, last_udp=12.48s, meas=1, tracks=1, valid=1, master=42
[LIVE] udp=0.0/s, objs=0.0/s, last_udp=13.48s, meas=1, tracks=1, valid=1, master=42
[LIVE] udp=0.0/s, objs=0.0/s, last_udp=14.49s, meas=1, tracks=1, valid=1, master=42
[GPS] GGA fix_quality=1, num_sats=22, hdop=0.8, lat=30.408093125, lon=104.088637223
[LIVE] udp=0.0/s, objs=0.0/s, last_udp=15.49s, meas=1, tracks=1, valid=1, master=42
[LIVE] udp=0.0/s, objs=0.0/s, last_udp=16.49s, meas=1, tracks=1, valid=1, master=42
[LIVE] udp=0.0/s, objs=0.0/s, last_udp=17.49s, meas=1, tracks=1, valid=1, master=42
[LIVE] udp=0.0/s, objs=0.0/s, last_udp=18.49s, meas=1, tracks=1, valid=1, master=42
[LIVE] udp=0.0/s, objs=0.0/s, last_udp=19.50s, meas=1, tracks=1, valid=1, master=42
[LIVE] udp=0.0/s, objs=0.0/s, last_udp=20.50s, meas=1, tracks=1, valid=1, master=42
[LIVE] udp=0.0/s, objs=0.0/s, last_udp=21.50s, meas=1, tracks=1, valid=1, master=42
[LIVE] udp=2.0/s, objs=2.0/s, last_udp=0.03s, meas=1, tracks=1, valid=1, master=42
[LIVE] udp=3.0/s, objs=3.0/s, last_udp=0.05s, meas=1, tracks=1, valid=0, master=42
[LIVE] udp=2.0/s, objs=2.0/s, last_udp=0.23s, meas=1, tracks=1, valid=1, master=43
[GPS] GGA fix_quality=1, num_sats=22, hdop=0.8, lat=30.40809177, lon=104.08864950433333
[LIVE] udp=4.0/s, objs=4.0/s, last_udp=0.13s, meas=1, tracks=1, valid=1, master=43
[LIVE] udp=2.0/s, objs=2.0/s, last_udp=0.07s, meas=1, tracks=1, valid=1, master=43
[LIVE] udp=3.0/s, objs=3.0/s, last_udp=0.29s, meas=1, tracks=1, valid=1, master=43
[LIVE] udp=4.0/s, objs=4.0/s, last_udp=0.19s, meas=1, tracks=1, valid=1, master=43
[LIVE] udp=2.0/s, objs=2.0/s, last_udp=0.28s, meas=1, tracks=1, valid=1, master=43
[LIVE] udp=5.0/s, objs=5.0/s, last_udp=0.16s, meas=1, tracks=1, valid=1, master=43
[LIVE] udp=5.0/s, objs=5.0/s, last_udp=0.00s, meas=1, tracks=1, valid=1, master=43
[LIVE] udp=3.0/s, objs=3.0/s, last_udp=0.32s, meas=1, tracks=1, valid=1, master=43
[LIVE] udp=4.0/s, objs=4.0/s, last_udp=0.24s, meas=1, tracks=1, valid=1, master=43
[LIVE] udp=6.0/s, objs=6.0/s, last_udp=0.22s, meas=1, tracks=1, valid=1, master=43
[GPS] GGA fix_quality=1, num_sats=21, hdop=0.8, lat=30.408095692833335, lon=104.08863959466666
[LIVE] udp=6.0/s, objs=6.0/s, last_udp=0.01s, meas=1, tracks=1, valid=1, master=43
[LIVE] udp=4.0/s, objs=4.0/s, last_udp=0.06s, meas=1, tracks=1, valid=1, master=43
[LIVE] udp=5.0/s, objs=5.0/s, last_udp=0.15s, meas=1, tracks=1, valid=1, master=43
[LIVE] udp=4.0/s, objs=4.0/s, last_udp=0.11s, meas=1, tracks=1, valid=1, master=43
[LIVE] udp=2.0/s, objs=2.0/s, last_udp=0.35s, meas=1, tracks=1, valid=1, master=43
[LIVE] udp=0.0/s, objs=0.0/s, last_udp=1.35s, meas=1, tracks=1, valid=1, master=43
[LIVE] udp=0.0/s, objs=0.0/s, last_udp=2.35s, meas=1, tracks=1, valid=1, master=43
[LIVE] udp=2.0/s, objs=2.0/s, last_udp=0.74s, meas=1, tracks=1, valid=1, master=43
[LIVE] udp=0.0/s, objs=0.0/s, last_udp=1.75s, meas=1, tracks=1, valid=1, master=43
[LIVE] udp=0.0/s, objs=0.0/s, last_udp=2.75s, meas=1, tracks=1, valid=1, master=43
[GPS] GGA fix_quality=1, num_sats=21, hdop=0.8, lat=30.408091415166666, lon=104.08863849616667
[LIVE] udp=0.0/s, objs=0.0/s, last_udp=3.75s, meas=1, tracks=1, valid=1, master=43
[LIVE] udp=0.0/s, objs=0.0/s, last_udp=4.75s, meas=1, tracks=1, valid=1, master=43
[LIVE] udp=0.0/s, objs=0.0/s, last_udp=5.76s, meas=1, tracks=1, valid=1, master=43
[LIVE] udp=0.0/s, objs=0.0/s, last_udp=6.76s, meas=1, tracks=1, valid=1, master=43
[LIVE] udp=0.0/s, objs=0.0/s, last_udp=7.76s, meas=1, tracks=1, valid=1, master=43
[LIVE] udp=0.0/s, objs=0.0/s, last_udp=8.76s, meas=1, tracks=1, valid=1, master=43
[LIVE] udp=0.0/s, objs=0.0/s, last_udp=9.77s, meas=1, tracks=1, valid=1, master=43
[LIVE] udp=0.0/s, objs=0.0/s, last_udp=10.77s, meas=1, tracks=1, valid=1, master=43
[LIVE] udp=0.0/s, objs=0.0/s, last_udp=11.77s, meas=1, tracks=1, valid=1, master=43
[LIVE] udp=2.0/s, objs=2.0/s, last_udp=0.35s, meas=1, tracks=1, valid=0, master=43
[GPS] GGA fix_quality=1, num_sats=21, hdop=0.8, lat=30.408089204166668, lon=104.0886314285
[LIVE] udp=1.0/s, objs=1.0/s, last_udp=0.37s, meas=1, tracks=1, valid=1, master=44
[LIVE] udp=0.0/s, objs=0.0/s, last_udp=1.38s, meas=1, tracks=1, valid=1, master=44
[LIVE] udp=0.0/s, objs=0.0/s, last_udp=2.38s, meas=1, tracks=1, valid=1, master=44
[LIVE] udp=0.0/s, objs=0.0/s, last_udp=3.38s, meas=1, tracks=1, valid=1, master=44
[LIVE] udp=0.0/s, objs=0.0/s, last_udp=4.39s, meas=1, tracks=1, valid=1, master=44
[LIVE] udp=0.0/s, objs=0.0/s, last_udp=5.39s, meas=1, tracks=1, valid=1, master=44
[LIVE] udp=4.0/s, objs=4.0/s, last_udp=0.02s, meas=1, tracks=1, valid=1, master=44
[LIVE] udp=4.0/s, objs=4.0/s, last_udp=0.02s, meas=1, tracks=1, valid=1, master=44
[LIVE] udp=4.0/s, objs=4.0/s, last_udp=0.21s, meas=1, tracks=1, valid=1, master=44
[LIVE] udp=2.0/s, objs=2.0/s, last_udp=0.03s, meas=1, tracks=1, valid=1, master=44
[GPS] GGA fix_quality=1, num_sats=21, hdop=0.7, lat=30.408093003833333, lon=104.08862217866667
[LIVE] udp=6.0/s, objs=6.0/s, last_udp=0.02s, meas=1, tracks=1, valid=1, master=44
[LIVE] udp=6.0/s, objs=6.0/s, last_udp=0.10s, meas=1, tracks=1, valid=1, master=44
[LIVE] udp=4.0/s, objs=4.0/s, last_udp=0.16s, meas=1, tracks=1, valid=1, master=44
[LIVE] udp=7.0/s, objs=7.0/s, last_udp=0.06s, meas=1, tracks=1, valid=1, master=44
[LIVE] udp=4.0/s, objs=4.0/s, last_udp=0.21s, meas=1, tracks=1, valid=1, master=44
[LIVE] udp=2.0/s, objs=2.0/s, last_udp=0.38s, meas=1, tracks=1, valid=1, master=44
[LIVE] udp=1.0/s, objs=1.0/s, last_udp=0.96s, meas=1, tracks=1, valid=1, master=44
[LIVE] udp=0.0/s, objs=0.0/s, last_udp=1.96s, meas=1, tracks=1, valid=1, master=44
[LIVE] udp=0.0/s, objs=0.0/s, last_udp=2.96s, meas=1, tracks=1, valid=1, master=44
[LIVE] udp=3.0/s, objs=3.0/s, last_udp=0.26s, meas=1, tracks=1, valid=1, master=44
[GPS] GGA fix_quality=1, num_sats=22, hdop=0.7, lat=30.408092054666668, lon=104.08862690383333
[LIVE] udp=2.0/s, objs=2.0/s, last_udp=0.85s, meas=1, tracks=1, valid=1, master=44
[LIVE] udp=0.0/s, objs=0.0/s, last_udp=1.85s, meas=1, tracks=1, valid=1, master=44
[LIVE] udp=0.0/s, objs=0.0/s, last_udp=2.85s, meas=1, tracks=1, valid=1, master=44
[LIVE] udp=0.0/s, objs=0.0/s, last_udp=3.86s, meas=1, tracks=1, valid=1, master=44
[LIVE] udp=0.0/s, objs=0.0/s, last_udp=4.86s, meas=1, tracks=1, valid=1, master=44
[LIVE] udp=0.0/s, objs=0.0/s, last_udp=5.86s, meas=1, tracks=1, valid=1, master=44
[LIVE] udp=0.0/s, objs=0.0/s, last_udp=6.86s, meas=1, tracks=1, valid=1, master=44
[LIVE] udp=0.0/s, objs=0.0/s, last_udp=7.87s, meas=1, tracks=1, valid=1, master=44
[LIVE] udp=0.0/s, objs=0.0/s, last_udp=8.87s, meas=1, tracks=1, valid=1, master=44
[LIVE] udp=0.0/s, objs=0.0/s, last_udp=9.87s, meas=1, tracks=1, valid=1, master=44
[GPS] GGA fix_quality=1, num_sats=23, hdop=0.7, lat=30.408097036666668, lon=104.08863211783333
[LIVE] udp=0.0/s, objs=0.0/s, last_udp=10.87s, meas=1, tracks=1, valid=1, master=44
[LIVE] udp=3.0/s, objs=3.0/s, last_udp=0.15s, meas=1, tracks=1, valid=0, master=44
[LIVE] udp=2.0/s, objs=2.0/s, last_udp=0.35s, meas=1, tracks=1, valid=1, master=45
[LIVE] udp=0.0/s, objs=0.0/s, last_udp=1.35s, meas=1, tracks=1, valid=1, master=45
[LIVE] udp=3.0/s, objs=3.0/s, last_udp=0.05s, meas=1, tracks=1, valid=1, master=45
[LIVE] udp=4.0/s, objs=4.0/s, last_udp=0.09s, meas=1, tracks=1, valid=1, master=45
[LIVE] udp=3.0/s, objs=3.0/s, last_udp=0.07s, meas=1, tracks=1, valid=1, master=45
[LIVE] udp=5.0/s, objs=5.0/s, last_udp=0.08s, meas=1, tracks=1, valid=1, master=45
[LIVE] udp=4.0/s, objs=4.0/s, last_udp=0.16s, meas=1, tracks=1, valid=1, master=45
[LIVE] udp=5.0/s, objs=5.0/s, last_udp=0.02s, meas=1, tracks=1, valid=1, master=45
[GPS] GGA fix_quality=1, num_sats=24, hdop=0.7, lat=30.408101150833332, lon=104.08863231866667
[LIVE] udp=6.0/s, objs=6.0/s, last_udp=0.15s, meas=1, tracks=1, valid=1, master=45
[LIVE] udp=4.0/s, objs=4.0/s, last_udp=0.28s, meas=1, tracks=1, valid=1, master=45
[LIVE] udp=6.0/s, objs=6.0/s, last_udp=0.21s, meas=1, tracks=1, valid=1, master=45
[LIVE] udp=0.0/s, objs=0.0/s, last_udp=1.21s, meas=1, tracks=1, valid=1, master=45
[LIVE] udp=0.0/s, objs=0.0/s, last_udp=2.21s, meas=1, tracks=1, valid=1, master=45
[LIVE] udp=0.0/s, objs=0.0/s, last_udp=3.22s, meas=1, tracks=1, valid=1, master=45
[LIVE] udp=0.0/s, objs=0.0/s, last_udp=4.22s, meas=1, tracks=1, valid=1, master=45
[LIVE] udp=0.0/s, objs=0.0/s, last_udp=5.22s, meas=1, tracks=1, valid=1, master=45
[LIVE] udp=2.0/s, objs=2.0/s, last_udp=0.17s, meas=1, tracks=1, valid=1, master=45
[LIVE] udp=0.0/s, objs=0.0/s, last_udp=1.17s, meas=1, tracks=1, valid=1, master=45
[GPS] GGA fix_quality=1, num_sats=22, hdop=0.7, lat=30.408101159666668, lon=104.08863782366667
[LIVE] udp=0.0/s, objs=0.0/s, last_udp=2.18s, meas=1, tracks=1, valid=1, master=45
[LIVE] udp=0.0/s, objs=0.0/s, last_udp=3.18s, meas=1, tracks=1, valid=1, master=45
[LIVE] udp=3.0/s, objs=3.0/s, last_udp=0.00s, meas=1, tracks=1, valid=1, master=45
[LIVE] udp=2.0/s, objs=2.0/s, last_udp=0.10s, meas=1, tracks=1, valid=1, master=45
[LIVE] udp=0.0/s, objs=0.0/s, last_udp=1.10s, meas=1, tracks=1, valid=1, master=45
[LIVE] udp=0.0/s, objs=0.0/s, last_udp=2.10s, meas=1, tracks=1, valid=1, master=45
[LIVE] udp=0.0/s, objs=0.0/s, last_udp=3.11s, meas=1, tracks=1, valid=1, master=45
[LIVE] udp=0.0/s, objs=0.0/s, last_udp=4.11s, meas=1, tracks=1, valid=1, master=45
[LIVE] udp=2.0/s, objs=2.0/s, last_udp=0.35s, meas=1, tracks=1, valid=1, master=45
[LIVE] udp=3.0/s, objs=3.0/s, last_udp=0.46s, meas=1, tracks=1, valid=1, master=45
[GPS] GGA fix_quality=1, num_sats=23, hdop=0.7, lat=30.408100411666666, lon=104.08863722183334
[LIVE] udp=6.0/s, objs=6.0/s, last_udp=0.06s, meas=1, tracks=1, valid=1, master=45
[LIVE] udp=6.0/s, objs=6.0/s, last_udp=0.08s, meas=1, tracks=1, valid=1, master=45
[LIVE] udp=4.0/s, objs=4.0/s, last_udp=0.08s, meas=1, tracks=1, valid=1, master=45
[LIVE] udp=4.0/s, objs=4.0/s, last_udp=0.15s, meas=1, tracks=1, valid=1, master=45
[LIVE] udp=7.0/s, objs=7.0/s, last_udp=0.05s, meas=1, tracks=1, valid=1, master=45
[LIVE] udp=6.0/s, objs=6.0/s, last_udp=0.02s, meas=1, tracks=1, valid=1, master=45
[LIVE] udp=5.0/s, objs=5.0/s, last_udp=0.09s, meas=1, tracks=1, valid=1, master=45
[LIVE] udp=4.0/s, objs=4.0/s, last_udp=0.08s, meas=1, tracks=1, valid=1, master=45
[LIVE] udp=7.0/s, objs=7.0/s, last_udp=0.07s, meas=1, tracks=1, valid=1, master=45
[LIVE] udp=7.0/s, objs=7.0/s, last_udp=0.07s, meas=1, tracks=1, valid=1, master=45
[GPS] GGA fix_quality=1, num_sats=22, hdop=0.7, lat=30.408097852166666, lon=104.088633977
[LIVE] udp=4.0/s, objs=4.0/s, last_udp=0.11s, meas=1, tracks=1, valid=1, master=45
[LIVE] udp=1.0/s, objs=1.0/s, last_udp=0.95s, meas=1, tracks=1, valid=1, master=45
[LIVE] udp=0.0/s, objs=0.0/s, last_udp=1.95s, meas=1, tracks=1, valid=1, master=45
[LIVE] udp=0.0/s, objs=0.0/s, last_udp=2.96s, meas=1, tracks=1, valid=1, master=45
[LIVE] udp=2.0/s, objs=2.0/s, last_udp=0.25s, meas=1, tracks=1, valid=1, master=45
[LIVE] udp=0.0/s, objs=0.0/s, last_udp=1.25s, meas=1, tracks=1, valid=1, master=45
[LIVE] udp=0.0/s, objs=0.0/s, last_udp=2.26s, meas=1, tracks=1, valid=1, master=45
[LIVE] udp=0.0/s, objs=0.0/s, last_udp=3.26s, meas=1, tracks=1, valid=1, master=45
[LIVE] udp=0.0/s, objs=0.0/s, last_udp=4.26s, meas=1, tracks=1, valid=1, master=45
[LIVE] udp=1.0/s, objs=1.0/s, last_udp=0.37s, meas=1, tracks=1, valid=1, master=45
[GPS] GGA fix_quality=1, num_sats=23, hdop=0.7, lat=30.4080961985, lon=104.08863113183334
[LIVE] udp=1.0/s, objs=1.0/s, last_udp=0.67s, meas=1, tracks=1, valid=1, master=45
[LIVE] udp=3.0/s, objs=3.0/s, last_udp=0.36s, meas=1, tracks=1, valid=1, master=45
[LIVE] udp=2.0/s, objs=2.0/s, last_udp=0.15s, meas=1, tracks=1, valid=1, master=45
[LIVE] udp=1.0/s, objs=1.0/s, last_udp=0.59s, meas=1, tracks=1, valid=1, master=45
[LIVE] udp=3.0/s, objs=3.0/s, last_udp=0.02s, meas=1, tracks=1, valid=1, master=45
[LIVE] udp=3.0/s, objs=3.0/s, last_udp=0.01s, meas=1, tracks=1, valid=1, master=45
[LIVE] udp=3.0/s, objs=3.0/s, last_udp=0.03s, meas=1, tracks=1, valid=1, master=45
[LIVE] udp=1.0/s, objs=1.0/s, last_udp=0.38s, meas=1, tracks=1, valid=1, master=45
[LIVE] udp=3.0/s, objs=3.0/s, last_udp=0.14s, meas=1, tracks=1, valid=1, master=45
[LIVE] udp=4.0/s, objs=4.0/s, last_udp=0.17s, meas=1, tracks=1, valid=1, master=45
[GPS] GGA fix_quality=1, num_sats=22, hdop=0.7, lat=30.408095958666667, lon=104.08862825916667
[LIVE] udp=2.0/s, objs=2.0/s, last_udp=0.41s, meas=1, tracks=1, valid=1, master=45
[LIVE] udp=3.0/s, objs=3.0/s, last_udp=0.32s, meas=1, tracks=1, valid=1, master=45
[LIVE] udp=3.0/s, objs=3.0/s, last_udp=0.07s, meas=1, tracks=1, valid=1, master=45
[LIVE] udp=2.0/s, objs=2.0/s, last_udp=0.41s, meas=1, tracks=1, valid=1, master=45
[LIVE] udp=0.0/s, objs=0.0/s, last_udp=1.42s, meas=1, tracks=1, valid=1, master=45
[LIVE] udp=0.0/s, objs=0.0/s, last_udp=2.42s, meas=1, tracks=1, valid=1, master=45
[LIVE] udp=0.0/s, objs=0.0/s, last_udp=3.42s, meas=1, tracks=1, valid=1, master=45
[LIVE] udp=0.0/s, objs=0.0/s, last_udp=4.42s, meas=1, tracks=1, valid=1, master=45
[LIVE] udp=0.0/s, objs=0.0/s, last_udp=5.43s, meas=1, tracks=1, valid=1, master=45
[LIVE] udp=0.0/s, objs=0.0/s, last_udp=6.43s, meas=1, tracks=1, valid=1, master=45
[GPS] GGA fix_quality=1, num_sats=22, hdop=0.7, lat=30.408094305833334, lon=104.08862991916666
[LIVE] udp=0.0/s, objs=0.0/s, last_udp=7.43s, meas=1, tracks=1, valid=1, master=45
[LIVE] udp=0.0/s, objs=0.0/s, last_udp=8.43s, meas=1, tracks=1, valid=1, master=45
[LIVE] udp=2.0/s, objs=2.0/s, last_udp=0.11s, meas=1, tracks=1, valid=1, master=45
[LIVE] udp=1.0/s, objs=1.0/s, last_udp=0.34s, meas=1, tracks=1, valid=1, master=45
[LIVE] udp=2.0/s, objs=2.0/s, last_udp=0.05s, meas=1, tracks=1, valid=1, master=45
[LIVE] udp=0.0/s, objs=0.0/s, last_udp=1.05s, meas=1, tracks=1, valid=1, master=45
[LIVE] udp=0.0/s, objs=0.0/s, last_udp=2.05s, meas=1, tracks=1, valid=1, master=45
[LIVE] udp=0.0/s, objs=0.0/s, last_udp=3.05s, meas=1, tracks=1, valid=1, master=45
[LIVE] udp=0.0/s, objs=0.0/s, last_udp=4.06s, meas=1, tracks=1, valid=1, master=45
[LIVE] udp=0.0/s, objs=0.0/s, last_udp=5.06s, meas=1, tracks=1, valid=1, master=45
[GPS] GGA fix_quality=1, num_sats=22, hdop=0.7, lat=30.408090291833332, lon=104.08862456316666
[LIVE] udp=1.0/s, objs=1.0/s, last_udp=0.17s, meas=1, tracks=1, valid=1, master=45
[LIVE] udp=7.0/s, objs=7.0/s, last_udp=0.07s, meas=1, tracks=1, valid=1, master=45
[LIVE] udp=6.0/s, objs=6.0/s, last_udp=0.05s, meas=1, tracks=1, valid=1, master=45
[LIVE] udp=5.0/s, objs=5.0/s, last_udp=0.15s, meas=1, tracks=1, valid=1, master=45
[LIVE] udp=3.0/s, objs=3.0/s, last_udp=0.43s, meas=1, tracks=1, valid=1, master=45
[LIVE] udp=3.0/s, objs=3.0/s, last_udp=0.04s, meas=1, tracks=1, valid=1, master=45
[LIVE] udp=2.0/s, objs=2.0/s, last_udp=0.09s, meas=1, tracks=1, valid=1, master=45
[LIVE] udp=6.0/s, objs=6.0/s, last_udp=0.08s, meas=1, tracks=1, valid=1, master=45
[LIVE] udp=5.0/s, objs=5.0/s, last_udp=0.03s, meas=1, tracks=1, valid=1, master=45
[LIVE] udp=4.0/s, objs=4.0/s, last_udp=0.28s, meas=1, tracks=1, valid=1, master=45
[GPS] GGA fix_quality=1, num_sats=20, hdop=0.8, lat=30.408088654166665, lon=104.08862904166666
[LIVE] udp=5.0/s, objs=5.0/s, last_udp=0.29s, meas=1, tracks=1, valid=1, master=45
[LIVE] udp=5.0/s, objs=5.0/s, last_udp=0.28s, meas=1, tracks=1, valid=1, master=45
[LIVE] udp=0.0/s, objs=0.0/s, last_udp=1.29s, meas=1, tracks=1, valid=1, master=45
[LIVE] udp=0.0/s, objs=0.0/s, last_udp=2.29s, meas=1, tracks=1, valid=1, master=45
[LIVE] udp=0.0/s, objs=0.0/s, last_udp=3.29s, meas=1, tracks=1, valid=1, master=45
[LIVE] udp=0.0/s, objs=0.0/s, last_udp=4.29s, meas=1, tracks=1, valid=1, master=45
[LIVE] udp=0.0/s, objs=0.0/s, last_udp=5.29s, meas=1, tracks=1, valid=1, master=45
[LIVE] udp=0.0/s, objs=0.0/s, last_udp=6.30s, meas=1, tracks=1, valid=1, master=45
[LIVE] udp=0.0/s, objs=0.0/s, last_udp=7.30s, meas=1, tracks=1, valid=1, master=45
[LIVE] udp=0.0/s, objs=0.0/s, last_udp=8.30s, meas=1, tracks=1, valid=1, master=45
[GPS] GGA fix_quality=1, num_sats=23, hdop=0.7, lat=30.408094552666668, lon=104.08861907716667
[LIVE] udp=0.0/s, objs=0.0/s, last_udp=9.30s, meas=1, tracks=1, valid=1, master=45
[LIVE] udp=0.0/s, objs=0.0/s, last_udp=10.30s, meas=1, tracks=1, valid=1, master=45
[LIVE] udp=0.0/s, objs=0.0/s, last_udp=11.31s, meas=1, tracks=1, valid=1, master=45
[LIVE] udp=0.0/s, objs=0.0/s, last_udp=12.31s, meas=1, tracks=1, valid=1, master=45
[LIVE] udp=0.0/s, objs=0.0/s, last_udp=13.32s, meas=1, tracks=1, valid=1, master=45
[LIVE] udp=2.0/s, objs=2.0/s, last_udp=0.28s, meas=1, tracks=1, valid=0, master=45
[LIVE] udp=2.0/s, objs=2.0/s, last_udp=0.47s, meas=1, tracks=1, valid=1, master=46
[LIVE] udp=4.0/s, objs=4.0/s, last_udp=0.43s, meas=1, tracks=1, valid=1, master=46
[LIVE] udp=4.0/s, objs=4.0/s, last_udp=0.21s, meas=1, tracks=1, valid=1, master=46
[LIVE] udp=4.0/s, objs=4.0/s, last_udp=0.41s, meas=1, tracks=1, valid=1, master=46
[GPS] GGA fix_quality=1, num_sats=23, hdop=0.7, lat=30.408097560333335, lon=104.08862052116666
[LIVE] udp=2.0/s, objs=2.0/s, last_udp=0.06s, meas=1, tracks=1, valid=1, master=46
[LIVE] udp=0.0/s, objs=0.0/s, last_udp=1.07s, meas=1, tracks=1, valid=1, master=46
[LIVE] udp=2.0/s, objs=2.0/s, last_udp=0.90s, meas=1, tracks=1, valid=1, master=46
[LIVE] udp=0.0/s, objs=0.0/s, last_udp=1.90s, meas=1, tracks=1, valid=1, master=46
[LIVE] udp=0.0/s, objs=0.0/s, last_udp=2.90s, meas=1, tracks=1, valid=1, master=46
[LIVE] udp=3.0/s, objs=3.0/s, last_udp=0.04s, meas=1, tracks=1, valid=1, master=46
[LIVE] udp=4.0/s, objs=4.0/s, last_udp=0.21s, meas=1, tracks=1, valid=1, master=46
[LIVE] udp=4.0/s, objs=4.0/s, last_udp=0.22s, meas=1, tracks=1, valid=1, master=46
[LIVE] udp=7.0/s, objs=7.0/s, last_udp=0.13s, meas=1, tracks=1, valid=1, master=46
[LIVE] udp=3.0/s, objs=3.0/s, last_udp=0.37s, meas=1, tracks=1, valid=1, master=46
[GPS] GGA fix_quality=1, num_sats=22, hdop=0.7, lat=30.408097512333335, lon=104.0886206955
[LIVE] udp=7.0/s, objs=7.0/s, last_udp=0.03s, meas=1, tracks=1, valid=1, master=46
[LIVE] udp=4.0/s, objs=4.0/s, last_udp=0.09s, meas=1, tracks=1, valid=1, master=46
[LIVE] udp=5.0/s, objs=5.0/s, last_udp=0.18s, meas=1, tracks=1, valid=1, master=46
[LIVE] udp=8.0/s, objs=8.0/s, last_udp=0.00s, meas=1, tracks=1, valid=1, master=46
[LIVE] udp=6.0/s, objs=6.0/s, last_udp=0.04s, meas=1, tracks=1, valid=1, master=46
[LIVE] udp=6.0/s, objs=6.0/s, last_udp=0.14s, meas=1, tracks=1, valid=1, master=46
[LIVE] udp=6.0/s, objs=6.0/s, last_udp=0.18s, meas=1, tracks=1, valid=1, master=46
[LIVE] udp=4.0/s, objs=4.0/s, last_udp=0.26s, meas=1, tracks=1, valid=1, master=46
[LIVE] udp=5.0/s, objs=5.0/s, last_udp=0.18s, meas=1, tracks=1, valid=1, master=46
[LIVE] udp=3.0/s, objs=3.0/s, last_udp=0.17s, meas=1, tracks=1, valid=1, master=46
[GPS] GGA fix_quality=1, num_sats=23, hdop=0.7, lat=30.4081008375, lon=104.08862360033334
[LIVE] udp=7.0/s, objs=7.0/s, last_udp=0.02s, meas=1, tracks=1, valid=1, master=46
[LIVE] udp=5.0/s, objs=5.0/s, last_udp=0.18s, meas=1, tracks=1, valid=1, master=46
[LIVE] udp=6.0/s, objs=6.0/s, last_udp=0.06s, meas=1, tracks=1, valid=1, master=46
[LIVE] udp=6.0/s, objs=6.0/s, last_udp=0.18s, meas=1, tracks=1, valid=1, master=46
[LIVE] udp=5.0/s, objs=5.0/s, last_udp=0.13s, meas=1, tracks=1, valid=1, master=46
[LIVE] udp=5.0/s, objs=5.0/s, last_udp=0.26s, meas=1, tracks=1, valid=1, master=46
[LIVE] udp=4.0/s, objs=4.0/s, last_udp=0.04s, meas=1, tracks=1, valid=1, master=46
[LIVE] udp=5.0/s, objs=5.0/s, last_udp=0.10s, meas=1, tracks=1, valid=1, master=46
[LIVE] udp=3.0/s, objs=3.0/s, last_udp=0.25s, meas=1, tracks=1, valid=1, master=46
[GPS] GGA fix_quality=1, num_sats=24, hdop=0.7, lat=30.408096761833335, lon=104.0886351065
[LIVE] udp=5.0/s, objs=5.0/s, last_udp=0.29s, meas=1, tracks=1, valid=1, master=46
[LIVE] udp=4.0/s, objs=4.0/s, last_udp=0.37s, meas=1, tracks=1, valid=1, master=46
[LIVE] udp=5.0/s, objs=5.0/s, last_udp=0.08s, meas=1, tracks=1, valid=1, master=46
[LIVE] udp=7.0/s, objs=7.0/s, last_udp=0.04s, meas=1, tracks=1, valid=1, master=46
[LIVE] udp=3.0/s, objs=3.0/s, last_udp=0.42s, meas=1, tracks=1, valid=1, master=46
[LIVE] udp=6.0/s, objs=6.0/s, last_udp=0.00s, meas=1, tracks=1, valid=1, master=46
[LIVE] udp=5.0/s, objs=5.0/s, last_udp=0.03s, meas=1, tracks=1, valid=1, master=46
[LIVE] udp=5.0/s, objs=5.0/s, last_udp=0.11s, meas=1, tracks=1, valid=1, master=46
[LIVE] udp=6.0/s, objs=6.0/s, last_udp=0.06s, meas=1, tracks=1, valid=1, master=46
[LIVE] udp=6.0/s, objs=6.0/s, last_udp=0.03s, meas=1, tracks=1, valid=1, master=46
[GPS] GGA fix_quality=1, num_sats=23, hdop=0.7, lat=30.408088364, lon=104.0886380665
[LIVE] udp=5.0/s, objs=5.0/s, last_udp=0.15s, meas=1, tracks=1, valid=1, master=46
[LIVE] udp=6.0/s, objs=6.0/s, last_udp=0.06s, meas=1, tracks=1, valid=1, master=46
[LIVE] udp=5.0/s, objs=5.0/s, last_udp=0.12s, meas=1, tracks=1, valid=1, master=46
[LIVE] udp=5.0/s, objs=5.0/s, last_udp=0.07s, meas=1, tracks=1, valid=1, master=46
[LIVE] udp=5.0/s, objs=5.0/s, last_udp=0.31s, meas=1, tracks=1, valid=1, master=46
[LIVE] udp=5.0/s, objs=5.0/s, last_udp=0.11s, meas=1, tracks=1, valid=1, master=46
[LIVE] udp=4.0/s, objs=4.0/s, last_udp=0.28s, meas=1, tracks=1, valid=1, master=46
[LIVE] udp=6.0/s, objs=6.0/s, last_udp=0.10s, meas=1, tracks=1, valid=1, master=46
[LIVE] udp=6.0/s, objs=6.0/s, last_udp=0.20s, meas=1, tracks=1, valid=1, master=46
[LIVE] udp=3.0/s, objs=3.0/s, last_udp=0.18s, meas=1, tracks=1, valid=1, master=46
[GPS] GGA fix_quality=1, num_sats=21, hdop=0.8, lat=30.408084505333335, lon=104.08863473533333
[LIVE] udp=5.0/s, objs=5.0/s, last_udp=0.17s, meas=1, tracks=1, valid=1, master=46
[LIVE] udp=5.0/s, objs=5.0/s, last_udp=0.13s, meas=1, tracks=1, valid=1, master=46
[LIVE] udp=7.0/s, objs=7.0/s, last_udp=0.02s, meas=1, tracks=1, valid=1, master=46
[LIVE] udp=5.0/s, objs=5.0/s, last_udp=0.11s, meas=1, tracks=1, valid=1, master=46
[LIVE] udp=6.0/s, objs=6.0/s, last_udp=0.03s, meas=1, tracks=1, valid=1, master=46
[LIVE] udp=6.0/s, objs=6.0/s, last_udp=0.04s, meas=1, tracks=1, valid=1, master=46
[LIVE] udp=6.0/s, objs=6.0/s, last_udp=0.13s, meas=1, tracks=1, valid=1, master=46
[LIVE] udp=1.0/s, objs=1.0/s, last_udp=0.81s, meas=1, tracks=1, valid=1, master=46
[LIVE] udp=0.0/s, objs=0.0/s, last_udp=1.81s, meas=1, tracks=1, valid=1, master=46
[LIVE] udp=0.0/s, objs=0.0/s, last_udp=2.81s, meas=1, tracks=1, valid=1, master=46
[GPS] GGA fix_quality=1, num_sats=20, hdop=0.8, lat=30.408083798, lon=104.08863063
[LIVE] udp=0.0/s, objs=0.0/s, last_udp=3.81s, meas=1, tracks=1, valid=1, master=46
[LIVE] udp=0.0/s, objs=0.0/s, last_udp=4.82s, meas=1, tracks=1, valid=1, master=46
[LIVE] udp=0.0/s, objs=0.0/s, last_udp=5.82s, meas=1, tracks=1, valid=1, master=46
[LIVE] udp=0.0/s, objs=0.0/s, last_udp=6.82s, meas=1, tracks=1, valid=1, master=46
[LIVE] udp=1.0/s, objs=1.0/s, last_udp=0.14s, meas=1, tracks=1, valid=1, master=46
[LIVE] udp=3.0/s, objs=3.0/s, last_udp=0.14s, meas=1, tracks=1, valid=1, master=46
[LIVE] udp=3.0/s, objs=3.0/s, last_udp=0.22s, meas=1, tracks=1, valid=1, master=46
[LIVE] udp=4.0/s, objs=4.0/s, last_udp=0.33s, meas=1, tracks=1, valid=1, master=46
[LIVE] udp=3.0/s, objs=3.0/s, last_udp=0.35s, meas=1, tracks=1, valid=1, master=46
[LIVE] udp=6.0/s, objs=6.0/s, last_udp=0.06s, meas=1, tracks=1, valid=1, master=46
[GPS] GGA fix_quality=1, num_sats=24, hdop=0.7, lat=30.408083194, lon=104.08863000083333
[LIVE] udp=6.0/s, objs=6.0/s, last_udp=0.02s, meas=1, tracks=1, valid=1, master=46
[LIVE] udp=6.0/s, objs=6.0/s, last_udp=0.16s, meas=1, tracks=1, valid=1, master=46
[LIVE] udp=5.0/s, objs=5.0/s, last_udp=0.12s, meas=1, tracks=1, valid=1, master=46
[LIVE] udp=7.0/s, objs=7.0/s, last_udp=0.06s, meas=1, tracks=1, valid=1, master=46
[LIVE] udp=6.0/s, objs=6.0/s, last_udp=0.10s, meas=1, tracks=1, valid=1, master=46
[LIVE] udp=6.0/s, objs=6.0/s, last_udp=0.05s, meas=1, tracks=1, valid=1, master=46
[LIVE] udp=5.0/s, objs=5.0/s, last_udp=0.15s, meas=1, tracks=1, valid=1, master=46
[LIVE] udp=6.0/s, objs=6.0/s, last_udp=0.12s, meas=1, tracks=1, valid=1, master=46
[LIVE] udp=6.0/s, objs=6.0/s, last_udp=0.17s, meas=1, tracks=1, valid=1, master=46
[LIVE] udp=5.0/s, objs=5.0/s, last_udp=0.14s, meas=1, tracks=1, valid=1, master=46
[GPS] GGA fix_quality=1, num_sats=23, hdop=0.7, lat=30.40808943, lon=104.08862927616667
[LIVE] udp=5.0/s, objs=5.0/s, last_udp=0.29s, meas=1, tracks=1, valid=1, master=46
[LIVE] udp=6.0/s, objs=6.0/s, last_udp=0.07s, meas=1, tracks=1, valid=1, master=46
[LIVE] udp=5.0/s, objs=5.0/s, last_udp=0.19s, meas=1, tracks=1, valid=1, master=46
[LIVE] udp=4.0/s, objs=4.0/s, last_udp=0.51s, meas=1, tracks=1, valid=1, master=46
[LIVE] udp=0.0/s, objs=0.0/s, last_udp=1.52s, meas=1, tracks=1, valid=1, master=46
[LIVE] udp=0.0/s, objs=0.0/s, last_udp=2.52s, meas=1, tracks=1, valid=1, master=46
[LIVE] udp=0.0/s, objs=0.0/s, last_udp=3.52s, meas=1, tracks=1, valid=1, master=46
[LIVE] udp=0.0/s, objs=0.0/s, last_udp=4.52s, meas=1, tracks=1, valid=1, master=46
[LIVE] udp=0.0/s, objs=0.0/s, last_udp=5.52s, meas=1, tracks=1, valid=1, master=46
[LIVE] udp=0.0/s, objs=0.0/s, last_udp=6.53s, meas=1, tracks=1, valid=1, master=46
[GPS] GGA fix_quality=1, num_sats=23, hdop=0.7, lat=30.4080950715, lon=104.088627015
[LIVE] udp=1.0/s, objs=1.0/s, last_udp=0.64s, meas=1, tracks=1, valid=1, master=46
[LIVE] udp=0.0/s, objs=0.0/s, last_udp=1.64s, meas=1, tracks=1, valid=1, master=46
[LIVE] udp=3.0/s, objs=3.0/s, last_udp=0.30s, meas=1, tracks=1, valid=1, master=46
[LIVE] udp=3.0/s, objs=3.0/s, last_udp=0.38s, meas=1, tracks=1, valid=1, master=46
[LIVE] udp=3.0/s, objs=3.0/s, last_udp=0.53s, meas=1, tracks=1, valid=1, master=46
[LIVE] udp=3.0/s, objs=3.0/s, last_udp=0.17s, meas=1, tracks=1, valid=1, master=46
[LIVE] udp=1.0/s, objs=1.0/s, last_udp=0.77s, meas=1, tracks=1, valid=1, master=46
[LIVE] udp=3.0/s, objs=3.0/s, last_udp=0.44s, meas=1, tracks=1, valid=1, master=46
[LIVE] udp=0.0/s, objs=0.0/s, last_udp=1.44s, meas=1, tracks=1, valid=1, master=46
[LIVE] udp=0.0/s, objs=0.0/s, last_udp=2.45s, meas=1, tracks=1, valid=1, master=46
[GPS] GGA fix_quality=1, num_sats=24, hdop=0.7, lat=30.408095357833332, lon=104.08862700033333
[LIVE] udp=0.0/s, objs=0.0/s, last_udp=3.45s, meas=1, tracks=1, valid=1, master=46
[LIVE] udp=0.0/s, objs=0.0/s, last_udp=4.45s, meas=1, tracks=1, valid=1, master=46
[LIVE] udp=2.0/s, objs=2.0/s, last_udp=0.02s, meas=1, tracks=1, valid=1, master=46
[LIVE] udp=2.0/s, objs=2.0/s, last_udp=0.15s, meas=1, tracks=1, valid=1, master=46
[LIVE] udp=3.0/s, objs=3.0/s, last_udp=0.28s, meas=1, tracks=1, valid=1, master=46
[LIVE] udp=0.0/s, objs=0.0/s, last_udp=1.29s, meas=1, tracks=1, valid=1, master=46
[LIVE] udp=0.0/s, objs=0.0/s, last_udp=2.29s, meas=1, tracks=1, valid=1, master=46
[LIVE] udp=0.0/s, objs=0.0/s, last_udp=3.29s, meas=1, tracks=1, valid=1, master=46
[LIVE] udp=0.0/s, objs=0.0/s, last_udp=4.30s, meas=1, tracks=1, valid=1, master=46
[LIVE] udp=0.0/s, objs=0.0/s, last_udp=5.30s, meas=1, tracks=1, valid=1, master=46
[GPS] GGA fix_quality=1, num_sats=24, hdop=0.7, lat=30.408093424333334, lon=104.08862679833334
[LIVE] udp=0.0/s, objs=0.0/s, last_udp=6.30s, meas=1, tracks=1, valid=1, master=46
[LIVE] udp=0.0/s, objs=0.0/s, last_udp=7.30s, meas=1, tracks=1, valid=1, master=46
[LIVE] udp=0.0/s, objs=0.0/s, last_udp=8.31s, meas=1, tracks=1, valid=1, master=46
[LIVE] udp=0.0/s, objs=0.0/s, last_udp=9.31s, meas=1, tracks=1, valid=1, master=46
[LIVE] udp=0.0/s, objs=0.0/s, last_udp=10.31s, meas=1, tracks=1, valid=1, master=46
[LIVE] udp=0.0/s, objs=0.0/s, last_udp=11.31s, meas=1, tracks=1, valid=1, master=46
[LIVE] udp=2.0/s, objs=4.0/s, last_udp=0.06s, meas=1, tracks=1, valid=1, master=46
[LIVE] udp=1.0/s, objs=1.0/s, last_udp=0.15s, meas=2, tracks=2, valid=0, master=46
[LIVE] udp=1.0/s, objs=2.0/s, last_udp=0.59s, meas=2, tracks=2, valid=1, master=47
[LIVE] udp=5.0/s, objs=7.0/s, last_udp=0.24s, meas=2, tracks=3, valid=1, master=47
[GPS] GGA fix_quality=1, num_sats=23, hdop=0.7, lat=30.408091808666665, lon=104.0886260935
[LIVE] udp=2.0/s, objs=3.0/s, last_udp=0.35s, meas=2, tracks=3, valid=2, master=47
[LIVE] udp=0.0/s, objs=0.0/s, last_udp=1.35s, meas=2, tracks=3, valid=2, master=47
[LIVE] udp=1.0/s, objs=1.0/s, last_udp=0.67s, meas=1, tracks=3, valid=0, master=47
[LIVE] udp=0.0/s, objs=0.0/s, last_udp=1.67s, meas=1, tracks=3, valid=0, master=47
[LIVE] udp=1.0/s, objs=1.0/s, last_udp=0.94s, meas=1, tracks=3, valid=0, master=47
[LIVE] udp=1.0/s, objs=1.0/s, last_udp=0.47s, meas=1, tracks=3, valid=1, master=49
[LIVE] udp=3.0/s, objs=3.0/s, last_udp=0.06s, meas=1, tracks=3, valid=1, master=49
[LIVE] udp=4.0/s, objs=4.0/s, last_udp=0.11s, meas=1, tracks=3, valid=1, master=49
[LIVE] udp=3.0/s, objs=3.0/s, last_udp=0.11s, meas=1, tracks=3, valid=1, master=49
[LIVE] udp=1.0/s, objs=1.0/s, last_udp=0.99s, meas=1, tracks=3, valid=1, master=49
[GPS] GGA fix_quality=1, num_sats=21, hdop=0.7, lat=30.40809139916667, lon=104.0886304835
[LIVE] udp=2.0/s, objs=2.0/s, last_udp=0.30s, meas=1, tracks=3, valid=1, master=49
[LIVE] udp=4.0/s, objs=4.0/s, last_udp=0.12s, meas=1, tracks=3, valid=1, master=49
[LIVE] udp=4.0/s, objs=4.0/s, last_udp=0.26s, meas=1, tracks=1, valid=1, master=49
[LIVE] udp=6.0/s, objs=6.0/s, last_udp=0.31s, meas=1, tracks=1, valid=1, master=49
[LIVE] udp=4.0/s, objs=4.0/s, last_udp=0.04s, meas=1, tracks=1, valid=1, master=49
[LIVE] udp=4.0/s, objs=4.0/s, last_udp=0.04s, meas=1, tracks=1, valid=1, master=49
[LIVE] udp=3.0/s, objs=3.0/s, last_udp=0.25s, meas=1, tracks=1, valid=1, master=49
[LIVE] udp=5.0/s, objs=5.0/s, last_udp=0.01s, meas=1, tracks=1, valid=1, master=49
[LIVE] udp=4.0/s, objs=4.0/s, last_udp=0.11s, meas=1, tracks=1, valid=1, master=49
[LIVE] udp=6.0/s, objs=6.0/s, last_udp=0.01s, meas=1, tracks=1, valid=1, master=49
[GPS] GGA fix_quality=1, num_sats=23, hdop=0.7, lat=30.408092716666665, lon=104.08863360466667
[LIVE] udp=6.0/s, objs=6.0/s, last_udp=0.13s, meas=1, tracks=1, valid=1, master=49
[LIVE] udp=2.0/s, objs=2.0/s, last_udp=0.55s, meas=1, tracks=1, valid=1, master=49
[LIVE] udp=0.0/s, objs=0.0/s, last_udp=1.55s, meas=1, tracks=1, valid=1, master=49
[LIVE] udp=0.0/s, objs=0.0/s, last_udp=2.55s, meas=1, tracks=1, valid=1, master=49
[LIVE] udp=0.0/s, objs=0.0/s, last_udp=3.55s, meas=1, tracks=1, valid=1, master=49
[LIVE] udp=0.0/s, objs=0.0/s, last_udp=4.56s, meas=1, tracks=1, valid=1, master=49
[LIVE] udp=2.0/s, objs=2.0/s, last_udp=0.21s, meas=1, tracks=1, valid=1, master=49
[LIVE] udp=1.0/s, objs=1.0/s, last_udp=0.15s, meas=1, tracks=1, valid=1, master=49
[LIVE] udp=1.0/s, objs=1.0/s, last_udp=0.86s, meas=1, tracks=1, valid=1, master=49
[LIVE] udp=0.0/s, objs=0.0/s, last_udp=1.86s, meas=1, tracks=1, valid=1, master=49
[GPS] GGA fix_quality=1, num_sats=25, hdop=0.7, lat=30.4080921855, lon=104.08863457316667
[LIVE] udp=0.0/s, objs=0.0/s, last_udp=2.86s, meas=1, tracks=1, valid=1, master=49
[LIVE] udp=0.0/s, objs=0.0/s, last_udp=3.86s, meas=1, tracks=1, valid=1, master=49
[LIVE] udp=0.0/s, objs=0.0/s, last_udp=4.87s, meas=1, tracks=1, valid=1, master=49
[LIVE] udp=0.0/s, objs=0.0/s, last_udp=5.87s, meas=1, tracks=1, valid=1, master=49
[LIVE] udp=1.0/s, objs=1.0/s, last_udp=0.57s, meas=1, tracks=1, valid=1, master=49
[LIVE] udp=2.0/s, objs=2.0/s, last_udp=0.28s, meas=1, tracks=1, valid=1, master=49
[LIVE] udp=1.0/s, objs=1.0/s, last_udp=0.88s, meas=1, tracks=1, valid=1, master=49
[LIVE] udp=3.0/s, objs=3.0/s, last_udp=0.36s, meas=1, tracks=1, valid=1, master=49
[LIVE] udp=1.0/s, objs=1.0/s, last_udp=0.39s, meas=1, tracks=1, valid=1, master=49
[LIVE] udp=0.0/s, objs=0.0/s, last_udp=1.40s, meas=1, tracks=1, valid=1, master=49
[GPS] GGA fix_quality=1, num_sats=25, hdop=0.7, lat=30.408089961833333, lon=104.08863357033333
[LIVE] udp=0.0/s, objs=0.0/s, last_udp=2.40s, meas=1, tracks=1, valid=1, master=49
[LIVE] udp=0.0/s, objs=0.0/s, last_udp=3.40s, meas=1, tracks=1, valid=1, master=49
[LIVE] udp=0.0/s, objs=0.0/s, last_udp=4.40s, meas=1, tracks=1, valid=1, master=49
[LIVE] udp=4.0/s, objs=4.0/s, last_udp=0.12s, meas=1, tracks=1, valid=1, master=49
[LIVE] udp=5.0/s, objs=5.0/s, last_udp=0.03s, meas=1, tracks=1, valid=1, master=49
[LIVE] udp=5.0/s, objs=5.0/s, last_udp=0.02s, meas=1, tracks=1, valid=1, master=49
[LIVE] udp=7.0/s, objs=7.0/s, last_udp=0.06s, meas=1, tracks=1, valid=1, master=49
[LIVE] udp=4.0/s, objs=4.0/s, last_udp=0.11s, meas=1, tracks=1, valid=1, master=49
[LIVE] udp=0.0/s, objs=0.0/s, last_udp=1.12s, meas=1, tracks=1, valid=1, master=49
[LIVE] udp=0.0/s, objs=0.0/s, last_udp=2.12s, meas=1, tracks=1, valid=1, master=49
[GPS] GGA fix_quality=1, num_sats=24, hdop=0.7, lat=30.408093670166668, lon=104.08863494233333
[LIVE] udp=0.0/s, objs=0.0/s, last_udp=3.12s, meas=1, tracks=1, valid=1, master=49
[LIVE] udp=0.0/s, objs=0.0/s, last_udp=4.12s, meas=1, tracks=1, valid=1, master=49
[LIVE] udp=0.0/s, objs=0.0/s, last_udp=5.12s, meas=1, tracks=1, valid=1, master=49
[LIVE] udp=0.0/s, objs=0.0/s, last_udp=6.13s, meas=1, tracks=1, valid=1, master=49
[LIVE] udp=1.0/s, objs=1.0/s, last_udp=0.13s, meas=1, tracks=1, valid=1, master=49
[LIVE] udp=6.0/s, objs=6.0/s, last_udp=0.14s, meas=1, tracks=1, valid=1, master=49
[LIVE] udp=4.0/s, objs=4.0/s, last_udp=0.14s, meas=1, tracks=1, valid=1, master=49
[LIVE] udp=5.0/s, objs=5.0/s, last_udp=0.14s, meas=1, tracks=1, valid=1, master=49
[LIVE] udp=6.0/s, objs=6.0/s, last_udp=0.12s, meas=1, tracks=1, valid=1, master=49
[LIVE] udp=6.0/s, objs=6.0/s, last_udp=0.06s, meas=1, tracks=1, valid=1, master=49
[GPS] GGA fix_quality=1, num_sats=24, hdop=0.7, lat=30.4080931015, lon=104.088641483
[LIVE] udp=2.0/s, objs=2.0/s, last_udp=0.64s, meas=1, tracks=1, valid=1, master=49
[LIVE] udp=0.0/s, objs=0.0/s, last_udp=1.64s, meas=1, tracks=1, valid=1, master=49
[LIVE] udp=0.0/s, objs=0.0/s, last_udp=2.64s, meas=1, tracks=1, valid=1, master=49
[LIVE] udp=1.0/s, objs=1.0/s, last_udp=0.05s, meas=1, tracks=1, valid=1, master=49
[LIVE] udp=0.0/s, objs=0.0/s, last_udp=1.05s, meas=1, tracks=1, valid=1, master=49
[LIVE] udp=0.0/s, objs=0.0/s, last_udp=2.06s, meas=1, tracks=1, valid=1, master=49
[LIVE] udp=1.0/s, objs=1.0/s, last_udp=0.71s, meas=1, tracks=1, valid=1, master=49
[LIVE] udp=1.0/s, objs=1.0/s, last_udp=0.84s, meas=1, tracks=1, valid=1, master=49
[LIVE] udp=0.0/s, objs=0.0/s, last_udp=1.84s, meas=1, tracks=1, valid=1, master=49
[LIVE] udp=0.0/s, objs=0.0/s, last_udp=2.84s, meas=1, tracks=1, valid=1, master=49
[GPS] GGA fix_quality=1, num_sats=20, hdop=0.8, lat=30.408089827166666, lon=104.08863876966667
[LIVE] udp=0.0/s, objs=0.0/s, last_udp=3.85s, meas=1, tracks=1, valid=1, master=49
[LIVE] udp=0.0/s, objs=0.0/s, last_udp=4.85s, meas=1, tracks=1, valid=1, master=49
[LIVE] udp=0.0/s, objs=0.0/s, last_udp=5.85s, meas=1, tracks=1, valid=1, master=49
[LIVE] udp=0.0/s, objs=0.0/s, last_udp=6.85s, meas=1, tracks=1, valid=1, master=49
[LIVE] udp=0.0/s, objs=0.0/s, last_udp=7.86s, meas=1, tracks=1, valid=1, master=49
[LIVE] udp=2.0/s, objs=2.0/s, last_udp=0.23s, meas=1, tracks=1, valid=1, master=49
[LIVE] udp=0.0/s, objs=0.0/s, last_udp=1.23s, meas=1, tracks=1, valid=1, master=49
[LIVE] udp=1.0/s, objs=1.0/s, last_udp=0.33s, meas=1, tracks=1, valid=1, master=49
[LIVE] udp=1.0/s, objs=1.0/s, last_udp=0.77s, meas=1, tracks=1, valid=1, master=49
[LIVE] udp=0.0/s, objs=0.0/s, last_udp=1.77s, meas=1, tracks=1, valid=1, master=49
[GPS] GGA fix_quality=1, num_sats=22, hdop=0.7, lat=30.408089322166667, lon=104.08863117316666
[LIVE] udp=3.0/s, objs=3.0/s, last_udp=0.26s, meas=1, tracks=1, valid=1, master=49
[LIVE] udp=4.0/s, objs=4.0/s, last_udp=0.20s, meas=1, tracks=1, valid=1, master=49
[LIVE] udp=3.0/s, objs=3.0/s, last_udp=0.01s, meas=1, tracks=1, valid=1, master=49
[LIVE] udp=4.0/s, objs=4.0/s, last_udp=0.20s, meas=1, tracks=1, valid=1, master=49
[LIVE] udp=4.0/s, objs=4.0/s, last_udp=0.08s, meas=1, tracks=1, valid=1, master=49
[LIVE] udp=5.0/s, objs=5.0/s, last_udp=0.25s, meas=1, tracks=1, valid=1, master=49
[LIVE] udp=4.0/s, objs=4.0/s, last_udp=0.04s, meas=1, tracks=1, valid=1, master=49
[LIVE] udp=3.0/s, objs=3.0/s, last_udp=0.50s, meas=1, tracks=1, valid=1, master=49
[LIVE] udp=0.0/s, objs=0.0/s, last_udp=1.51s, meas=1, tracks=1, valid=1, master=49
[LIVE] udp=0.0/s, objs=0.0/s, last_udp=2.51s, meas=1, tracks=1, valid=1, master=49
[GPS] GGA fix_quality=1, num_sats=23, hdop=0.7, lat=30.408089165666667, lon=104.0886332435
[LIVE] udp=0.0/s, objs=0.0/s, last_udp=3.51s, meas=1, tracks=1, valid=1, master=49
[LIVE] udp=0.0/s, objs=0.0/s, last_udp=4.51s, meas=1, tracks=1, valid=1, master=49
[LIVE] udp=0.0/s, objs=0.0/s, last_udp=5.52s, meas=1, tracks=1, valid=1, master=49
[LIVE] udp=0.0/s, objs=0.0/s, last_udp=6.52s, meas=1, tracks=1, valid=1, master=49
[LIVE] udp=0.0/s, objs=0.0/s, last_udp=7.52s, meas=1, tracks=1, valid=1, master=49
[LIVE] udp=0.0/s, objs=0.0/s, last_udp=8.52s, meas=1, tracks=1, valid=1, master=49
[LIVE] udp=0.0/s, objs=0.0/s, last_udp=9.52s, meas=1, tracks=1, valid=1, master=49
[LIVE] udp=0.0/s, objs=0.0/s, last_udp=10.53s, meas=1, tracks=1, valid=1, master=49
[LIVE] udp=0.0/s, objs=0.0/s, last_udp=11.53s, meas=1, tracks=1, valid=1, master=49
[LIVE] udp=0.0/s, objs=0.0/s, last_udp=12.53s, meas=1, tracks=1, valid=1, master=49
[GPS] GGA fix_quality=1, num_sats=24, hdop=0.7, lat=30.40808988, lon=104.08862839516667
[LIVE] udp=0.0/s, objs=0.0/s, last_udp=13.54s, meas=1, tracks=1, valid=1, master=49
[LIVE] udp=0.0/s, objs=0.0/s, last_udp=14.54s, meas=1, tracks=1, valid=1, master=49
[LIVE] udp=0.0/s, objs=0.0/s, last_udp=15.54s, meas=1, tracks=1, valid=1, master=49
[LIVE] udp=1.0/s, objs=1.0/s, last_udp=0.21s, meas=1, tracks=1, valid=0, master=49
[LIVE] udp=0.0/s, objs=0.0/s, last_udp=1.21s, meas=1, tracks=1, valid=0, master=49
[LIVE] udp=0.0/s, objs=0.0/s, last_udp=2.22s, meas=1, tracks=1, valid=0, master=49
[LIVE] udp=0.0/s, objs=0.0/s, last_udp=3.22s, meas=1, tracks=1, valid=0, master=49
[LIVE] udp=0.0/s, objs=0.0/s, last_udp=4.23s, meas=1, tracks=1, valid=0, master=49
[LIVE] udp=0.0/s, objs=0.0/s, last_udp=5.23s, meas=1, tracks=1, valid=0, master=49
[LIVE] udp=0.0/s, objs=0.0/s, last_udp=6.23s, meas=1, tracks=1, valid=0, master=49
[GPS] GGA fix_quality=1, num_sats=22, hdop=0.8, lat=30.4080922735, lon=104.08863443566666
[LIVE] udp=0.0/s, objs=0.0/s, last_udp=7.23s, meas=1, tracks=1, valid=0, master=49
[LIVE] udp=0.0/s, objs=0.0/s, last_udp=8.24s, meas=1, tracks=1, valid=0, master=49
[LIVE] udp=0.0/s, objs=0.0/s, last_udp=9.24s, meas=1, tracks=1, valid=0, master=49
[LIVE] udp=0.0/s, objs=0.0/s, last_udp=10.24s, meas=1, tracks=1, valid=0, master=49
[LIVE] udp=0.0/s, objs=0.0/s, last_udp=11.24s, meas=1, tracks=1, valid=0, master=49
[LIVE] udp=0.0/s, objs=0.0/s, last_udp=12.25s, meas=1, tracks=1, valid=0, master=49
[LIVE] udp=0.0/s, objs=0.0/s, last_udp=13.25s, meas=1, tracks=1, valid=0, master=49
[LIVE] udp=0.0/s, objs=0.0/s, last_udp=14.25s, meas=1, tracks=1, valid=0, master=49
[LIVE] udp=0.0/s, objs=0.0/s, last_udp=15.25s, meas=1, tracks=1, valid=0, master=49
[LIVE] udp=0.0/s, objs=0.0/s, last_udp=16.26s, meas=1, tracks=1, valid=0, master=49
[GPS] GGA fix_quality=1, num_sats=23, hdop=0.7, lat=30.408094144333333, lon=104.08863823316666
[LIVE] udp=0.0/s, objs=0.0/s, last_udp=17.26s, meas=1, tracks=1, valid=0, master=49
[LIVE] udp=0.0/s, objs=0.0/s, last_udp=18.26s, meas=1, tracks=1, valid=0, master=49
[LIVE] udp=0.0/s, objs=0.0/s, last_udp=19.26s, meas=1, tracks=1, valid=0, master=49
[LIVE] udp=0.0/s, objs=0.0/s, last_udp=20.27s, meas=1, tracks=1, valid=0, master=49
[LIVE] udp=0.0/s, objs=0.0/s, last_udp=21.27s, meas=1, tracks=1, valid=0, master=49
[LIVE] udp=0.0/s, objs=0.0/s, last_udp=22.27s, meas=1, tracks=1, valid=0, master=49
[LIVE] udp=0.0/s, objs=0.0/s, last_udp=23.27s, meas=1, tracks=1, valid=0, master=49
[LIVE] udp=0.0/s, objs=0.0/s, last_udp=24.28s, meas=1, tracks=1, valid=0, master=49
[LIVE] udp=0.0/s, objs=0.0/s, last_udp=25.28s, meas=1, tracks=1, valid=0, master=49
[LIVE] udp=0.0/s, objs=0.0/s, last_udp=26.28s, meas=1, tracks=1, valid=0, master=49
[GPS] GGA fix_quality=1, num_sats=24, hdop=0.7, lat=30.408094715166666, lon=104.08864656483334
[LIVE] udp=0.0/s, objs=0.0/s, last_udp=27.28s, meas=1, tracks=1, valid=0, master=49
[LIVE] udp=0.0/s, objs=0.0/s, last_udp=28.28s, meas=1, tracks=1, valid=0, master=49
[LIVE] udp=0.0/s, objs=0.0/s, last_udp=29.28s, meas=1, tracks=1, valid=0, master=49
[LIVE] udp=0.0/s, objs=0.0/s, last_udp=30.29s, meas=1, tracks=1, valid=0, master=49
[LIVE] udp=0.0/s, objs=0.0/s, last_udp=31.29s, meas=1, tracks=1, valid=0, master=49
[LIVE] udp=0.0/s, objs=0.0/s, last_udp=32.29s, meas=1, tracks=1, valid=0, master=49
[LIVE] udp=0.0/s, objs=0.0/s, last_udp=33.30s, meas=1, tracks=1, valid=0, master=49
[LIVE] udp=0.0/s, objs=0.0/s, last_udp=34.30s, meas=1, tracks=1, valid=0, master=49
[LIVE] udp=0.0/s, objs=0.0/s, last_udp=35.31s, meas=1, tracks=1, valid=0, master=49
[LIVE] udp=0.0/s, objs=0.0/s, last_udp=36.31s, meas=1, tracks=1, valid=0, master=49
[GPS] GGA fix_quality=1, num_sats=23, hdop=0.7, lat=30.408093869833333, lon=104.0886454085
[LIVE] udp=0.0/s, objs=0.0/s, last_udp=37.31s, meas=1, tracks=1, valid=0, master=49
[LIVE] udp=0.0/s, objs=0.0/s, last_udp=38.31s, meas=1, tracks=1, valid=0, master=49
[LIVE] udp=0.0/s, objs=0.0/s, last_udp=39.31s, meas=1, tracks=1, valid=0, master=49
[LIVE] udp=0.0/s, objs=0.0/s, last_udp=40.31s, meas=1, tracks=1, valid=0, master=49
[LIVE] udp=1.0/s, objs=1.0/s, last_udp=0.14s, meas=1, tracks=1, valid=0, master=49
[LIVE] udp=0.0/s, objs=0.0/s, last_udp=1.14s, meas=1, tracks=1, valid=0, master=49
[LIVE] udp=0.0/s, objs=0.0/s, last_udp=2.14s, meas=1, tracks=1, valid=0, master=49
[LIVE] udp=0.0/s, objs=0.0/s, last_udp=3.15s, meas=1, tracks=1, valid=0, master=49
[LIVE] udp=0.0/s, objs=0.0/s, last_udp=4.15s, meas=1, tracks=1, valid=0, master=49
[LIVE] udp=0.0/s, objs=0.0/s, last_udp=5.15s, meas=1, tracks=1, valid=0, master=49
[GPS] GGA fix_quality=1, num_sats=24, hdop=0.7, lat=30.408096800333333, lon=104.08864052016666
[LIVE] udp=0.0/s, objs=0.0/s, last_udp=6.15s, meas=1, tracks=1, valid=0, master=49
[LIVE] udp=0.0/s, objs=0.0/s, last_udp=7.16s, meas=1, tracks=1, valid=0, master=49
[LIVE] udp=0.0/s, objs=0.0/s, last_udp=8.16s, meas=1, tracks=1, valid=0, master=49
[LIVE] udp=0.0/s, objs=0.0/s, last_udp=9.16s, meas=1, tracks=1, valid=0, master=49
[LIVE] udp=0.0/s, objs=0.0/s, last_udp=10.16s, meas=1, tracks=1, valid=0, master=49
[LIVE] udp=0.0/s, objs=0.0/s, last_udp=11.16s, meas=1, tracks=1, valid=0, master=49
[LIVE] udp=0.0/s, objs=0.0/s, last_udp=12.17s, meas=1, tracks=1, valid=0, master=49
[LIVE] udp=0.0/s, objs=0.0/s, last_udp=13.17s, meas=1, tracks=1, valid=0, master=49
[LIVE] udp=0.0/s, objs=0.0/s, last_udp=14.17s, meas=1, tracks=1, valid=0, master=49
[LIVE] udp=0.0/s, objs=0.0/s, last_udp=15.18s, meas=1, tracks=1, valid=0, master=49
[GPS] GGA fix_quality=1, num_sats=24, hdop=0.7, lat=30.408091526166668, lon=104.08863790566667
[LIVE] udp=0.0/s, objs=0.0/s, last_udp=16.18s, meas=1, tracks=1, valid=0, master=49
[LIVE] udp=0.0/s, objs=0.0/s, last_udp=17.18s, meas=1, tracks=1, valid=0, master=49
[LIVE] udp=0.0/s, objs=0.0/s, last_udp=18.18s, meas=1, tracks=1, valid=0, master=49
[LIVE] udp=0.0/s, objs=0.0/s, last_udp=19.18s, meas=1, tracks=1, valid=0, master=49
[LIVE] udp=0.0/s, objs=0.0/s, last_udp=20.19s, meas=1, tracks=1, valid=0, master=49
[LIVE] udp=0.0/s, objs=0.0/s, last_udp=21.19s, meas=1, tracks=1, valid=0, master=49
[LIVE] udp=0.0/s, objs=0.0/s, last_udp=22.19s, meas=1, tracks=1, valid=0, master=49
[LIVE] udp=0.0/s, objs=0.0/s, last_udp=23.19s, meas=1, tracks=1, valid=0, master=49
[LIVE] udp=0.0/s, objs=0.0/s, last_udp=24.19s, meas=1, tracks=1, valid=0, master=49
[LIVE] udp=1.0/s, objs=1.0/s, last_udp=0.06s, meas=1, tracks=1, valid=0, master=49
[GPS] GGA fix_quality=1, num_sats=23, hdop=0.7, lat=30.408089683666667, lon=104.08864138016666
[LIVE] udp=0.0/s, objs=0.0/s, last_udp=1.07s, meas=1, tracks=1, valid=0, master=49
[LIVE] udp=0.0/s, objs=0.0/s, last_udp=2.07s, meas=1, tracks=1, valid=0, master=49
[LIVE] udp=0.0/s, objs=0.0/s, last_udp=3.07s, meas=1, tracks=1, valid=0, master=49
[LIVE] udp=0.0/s, objs=0.0/s, last_udp=4.07s, meas=1, tracks=1, valid=0, master=49
[LIVE] udp=0.0/s, objs=0.0/s, last_udp=5.08s, meas=1, tracks=1, valid=0, master=49
[LIVE] udp=0.0/s, objs=0.0/s, last_udp=6.08s, meas=1, tracks=1, valid=0, master=49
[LIVE] udp=0.0/s, objs=0.0/s, last_udp=7.08s, meas=1, tracks=1, valid=0, master=49
[LIVE] udp=0.0/s, objs=0.0/s, last_udp=8.08s, meas=1, tracks=1, valid=0, master=49
[LIVE] udp=0.0/s, objs=0.0/s, last_udp=9.09s, meas=1, tracks=1, valid=0, master=49
[LIVE] udp=0.0/s, objs=0.0/s, last_udp=10.09s, meas=1, tracks=1, valid=0, master=49
[GPS] GGA fix_quality=1, num_sats=23, hdop=0.7, lat=30.408093520833333, lon=104.08864208383334
[LIVE] udp=0.0/s, objs=0.0/s, last_udp=11.10s, meas=1, tracks=1, valid=0, master=49
[LIVE] udp=0.0/s, objs=0.0/s, last_udp=12.10s, meas=1, tracks=1, valid=0, master=49
[LIVE] udp=0.0/s, objs=0.0/s, last_udp=13.11s, meas=1, tracks=1, valid=0, master=49
[LIVE] udp=0.0/s, objs=0.0/s, last_udp=14.11s, meas=1, tracks=1, valid=0, master=49
[LIVE] udp=0.0/s, objs=0.0/s, last_udp=15.11s, meas=1, tracks=1, valid=0, master=49
[LIVE] udp=0.0/s, objs=0.0/s, last_udp=16.11s, meas=1, tracks=1, valid=0, master=49
[LIVE] udp=0.0/s, objs=0.0/s, last_udp=17.12s, meas=1, tracks=1, valid=0, master=49
[LIVE] udp=0.0/s, objs=0.0/s, last_udp=18.12s, meas=1, tracks=1, valid=0, master=49
[LIVE] udp=0.0/s, objs=0.0/s, last_udp=19.13s, meas=1, tracks=1, valid=0, master=49
[LIVE] udp=0.0/s, objs=0.0/s, last_udp=20.13s, meas=1, tracks=1, valid=0, master=49
[GPS] GGA fix_quality=1, num_sats=22, hdop=0.7, lat=30.40809165983333, lon=104.088647221
[LIVE] udp=0.0/s, objs=0.0/s, last_udp=21.13s, meas=1, tracks=1, valid=0, master=49
[LIVE] udp=0.0/s, objs=0.0/s, last_udp=22.13s, meas=1, tracks=1, valid=0, master=49
[LIVE] udp=0.0/s, objs=0.0/s, last_udp=23.14s, meas=1, tracks=1, valid=0, master=49
[LIVE] udp=0.0/s, objs=0.0/s, last_udp=24.14s, meas=1, tracks=1, valid=0, master=49
[LIVE] udp=0.0/s, objs=0.0/s, last_udp=25.14s, meas=1, tracks=1, valid=0, master=49
[LIVE] udp=0.0/s, objs=0.0/s, last_udp=26.15s, meas=1, tracks=1, valid=0, master=49
[LIVE] udp=0.0/s, objs=0.0/s, last_udp=27.15s, meas=1, tracks=1, valid=0, master=49
[LIVE] udp=0.0/s, objs=0.0/s, last_udp=28.15s, meas=1, tracks=1, valid=0, master=49
[LIVE] udp=0.0/s, objs=0.0/s, last_udp=29.15s, meas=1, tracks=1, valid=0, master=49
[LIVE] udp=0.0/s, objs=0.0/s, last_udp=30.16s, meas=1, tracks=1, valid=0, master=49
[GPS] GGA fix_quality=1, num_sats=23, hdop=0.7, lat=30.4080975285, lon=104.08864923933334
[LIVE] udp=0.0/s, objs=0.0/s, last_udp=31.16s, meas=1, tracks=1, valid=0, master=49
[LIVE] udp=0.0/s, objs=0.0/s, last_udp=32.16s, meas=1, tracks=1, valid=0, master=49
[LIVE] udp=0.0/s, objs=0.0/s, last_udp=33.16s, meas=1, tracks=1, valid=0, master=49
[LIVE] udp=0.0/s, objs=0.0/s, last_udp=34.17s, meas=1, tracks=1, valid=0, master=49
[LIVE] udp=0.0/s, objs=0.0/s, last_udp=35.17s, meas=1, tracks=1, valid=0, master=49
[LIVE] udp=0.0/s, objs=0.0/s, last_udp=36.17s, meas=1, tracks=1, valid=0, master=49
[LIVE] udp=0.0/s, objs=0.0/s, last_udp=37.17s, meas=1, tracks=1, valid=0, master=49
[LIVE] udp=0.0/s, objs=0.0/s, last_udp=38.18s, meas=1, tracks=1, valid=0, master=49
[LIVE] udp=0.0/s, objs=0.0/s, last_udp=39.18s, meas=1, tracks=1, valid=0, master=49
[LIVE] udp=0.0/s, objs=0.0/s, last_udp=40.18s, meas=1, tracks=1, valid=0, master=49
[GPS] GGA fix_quality=1, num_sats=23, hdop=0.7, lat=30.408092774333333, lon=104.08864556316666
[LIVE] udp=0.0/s, objs=0.0/s, last_udp=41.18s, meas=1, tracks=1, valid=0, master=49
[LIVE] udp=0.0/s, objs=0.0/s, last_udp=42.19s, meas=1, tracks=1, valid=0, master=49
[LIVE] udp=0.0/s, objs=0.0/s, last_udp=43.19s, meas=1, tracks=1, valid=0, master=49
[LIVE] udp=0.0/s, objs=0.0/s, last_udp=44.19s, meas=1, tracks=1, valid=0, master=49
[LIVE] udp=0.0/s, objs=0.0/s, last_udp=45.19s, meas=1, tracks=1, valid=0, master=49
[LIVE] udp=0.0/s, objs=0.0/s, last_udp=46.20s, meas=1, tracks=1, valid=0, master=49
[LIVE] udp=0.0/s, objs=0.0/s, last_udp=47.20s, meas=1, tracks=1, valid=0, master=49
[LIVE] udp=0.0/s, objs=0.0/s, last_udp=48.21s, meas=1, tracks=1, valid=0, master=49
[LIVE] udp=0.0/s, objs=0.0/s, last_udp=49.21s, meas=1, tracks=1, valid=0, master=49
[LIVE] udp=0.0/s, objs=0.0/s, last_udp=50.21s, meas=1, tracks=1, valid=0, master=49
[GPS] GGA fix_quality=1, num_sats=23, hdop=0.7, lat=30.408096881833334, lon=104.08863582916666
[LIVE] udp=0.0/s, objs=0.0/s, last_udp=51.21s, meas=1, tracks=1, valid=0, master=49
[LIVE] udp=0.0/s, objs=0.0/s, last_udp=52.21s, meas=1, tracks=1, valid=0, master=49
[LIVE] udp=0.0/s, objs=0.0/s, last_udp=53.21s, meas=1, tracks=1, valid=0, master=49
[LIVE] udp=0.0/s, objs=0.0/s, last_udp=54.22s, meas=1, tracks=1, valid=0, master=49
[LIVE] udp=0.0/s, objs=0.0/s, last_udp=55.22s, meas=1, tracks=1, valid=0, master=49
[LIVE] udp=0.0/s, objs=0.0/s, last_udp=56.22s, meas=1, tracks=1, valid=0, master=49
[LIVE] udp=0.0/s, objs=0.0/s, last_udp=57.22s, meas=1, tracks=1, valid=0, master=49
[LIVE] udp=0.0/s, objs=0.0/s, last_udp=58.22s, meas=1, tracks=1, valid=0, master=49
[LIVE] udp=0.0/s, objs=0.0/s, last_udp=59.23s, meas=1, tracks=1, valid=0, master=49
[LIVE] udp=0.0/s, objs=0.0/s, last_udp=60.23s, meas=1, tracks=1, valid=0, master=49
[GPS] GGA fix_quality=1, num_sats=22, hdop=0.7, lat=30.408101403, lon=104.0886264235
[LIVE] udp=0.0/s, objs=0.0/s, last_udp=61.23s, meas=1, tracks=1, valid=0, master=49
[LIVE] udp=0.0/s, objs=0.0/s, last_udp=62.24s, meas=1, tracks=1, valid=0, master=49
[LIVE] udp=0.0/s, objs=0.0/s, last_udp=63.24s, meas=1, tracks=1, valid=0, master=49
[LIVE] udp=0.0/s, objs=0.0/s, last_udp=64.24s, meas=1, tracks=1, valid=0, master=49
[LIVE] udp=0.0/s, objs=0.0/s, last_udp=65.24s, meas=1, tracks=1, valid=0, master=49
[LIVE] udp=0.0/s, objs=0.0/s, last_udp=66.25s, meas=1, tracks=1, valid=0, master=49
[LIVE] udp=0.0/s, objs=0.0/s, last_udp=67.25s, meas=1, tracks=1, valid=0, master=49
[LIVE] udp=0.0/s, objs=0.0/s, last_udp=68.26s, meas=1, tracks=1, valid=0, master=49
[LIVE] udp=0.0/s, objs=0.0/s, last_udp=69.26s, meas=1, tracks=1, valid=0, master=49
[LIVE] udp=0.0/s, objs=0.0/s, last_udp=70.27s, meas=1, tracks=1, valid=0, master=49
[GPS] GGA fix_quality=1, num_sats=20, hdop=0.7, lat=30.408103084833332, lon=104.08862794
[LIVE] udp=0.0/s, objs=0.0/s, last_udp=71.27s, meas=1, tracks=1, valid=0, master=49
[LIVE] udp=0.0/s, objs=0.0/s, last_udp=72.27s, meas=1, tracks=1, valid=0, master=49
[LIVE] udp=0.0/s, objs=0.0/s, last_udp=73.27s, meas=1, tracks=1, valid=0, master=49
[LIVE] udp=0.0/s, objs=0.0/s, last_udp=74.27s, meas=1, tracks=1, valid=0, master=49
[LIVE] udp=0.0/s, objs=0.0/s, last_udp=75.27s, meas=1, tracks=1, valid=0, master=49
[LIVE] udp=0.0/s, objs=0.0/s, last_udp=76.28s, meas=1, tracks=1, valid=0, master=49
[LIVE] udp=0.0/s, objs=0.0/s, last_udp=77.28s, meas=1, tracks=1, valid=0, master=49
[LIVE] udp=0.0/s, objs=0.0/s, last_udp=78.28s, meas=1, tracks=1, valid=0, master=49
[LIVE] udp=0.0/s, objs=0.0/s, last_udp=79.28s, meas=1, tracks=1, valid=0, master=49
[LIVE] udp=0.0/s, objs=0.0/s, last_udp=80.28s, meas=1, tracks=1, valid=0, master=49
[GPS] GGA fix_quality=1, num_sats=22, hdop=0.7, lat=30.408101593833333, lon=104.08862320983333
[LIVE] udp=0.0/s, objs=0.0/s, last_udp=81.29s, meas=1, tracks=1, valid=0, master=49
[LIVE] udp=0.0/s, objs=0.0/s, last_udp=82.29s, meas=1, tracks=1, valid=0, master=49
[LIVE] udp=0.0/s, objs=0.0/s, last_udp=83.29s, meas=1, tracks=1, valid=0, master=49
[LIVE] udp=0.0/s, objs=0.0/s, last_udp=84.29s, meas=1, tracks=1, valid=0, master=49
[LIVE] udp=0.0/s, objs=0.0/s, last_udp=85.29s, meas=1, tracks=1, valid=0, master=49
[LIVE] udp=0.0/s, objs=0.0/s, last_udp=86.30s, meas=1, tracks=1, valid=0, master=49
[LIVE] udp=0.0/s, objs=0.0/s, last_udp=87.30s, meas=1, tracks=1, valid=0, master=49
[LIVE] udp=0.0/s, objs=0.0/s, last_udp=88.30s, meas=1, tracks=1, valid=0, master=49
[LIVE] udp=0.0/s, objs=0.0/s, last_udp=89.30s, meas=1, tracks=1, valid=0, master=49
[LIVE] udp=0.0/s, objs=0.0/s, last_udp=90.30s, meas=1, tracks=1, valid=0, master=49
[GPS] GGA fix_quality=1, num_sats=23, hdop=0.7, lat=30.408106616, lon=104.08862345616667
[LIVE] udp=0.0/s, objs=0.0/s, last_udp=91.31s, meas=1, tracks=1, valid=0, master=49
[LIVE] udp=0.0/s, objs=0.0/s, last_udp=92.31s, meas=1, tracks=1, valid=0, master=49
[LIVE] udp=0.0/s, objs=0.0/s, last_udp=93.31s, meas=1, tracks=1, valid=0, master=49
[LIVE] udp=0.0/s, objs=0.0/s, last_udp=94.31s, meas=1, tracks=1, valid=0, master=49
[LIVE] udp=0.0/s, objs=0.0/s, last_udp=95.31s, meas=1, tracks=1, valid=0, master=49
[LIVE] udp=0.0/s, objs=0.0/s, last_udp=96.32s, meas=1, tracks=1, valid=0, master=49
[LIVE] udp=0.0/s, objs=0.0/s, last_udp=97.32s, meas=1, tracks=1, valid=0, master=49
[LIVE] udp=0.0/s, objs=0.0/s, last_udp=98.33s, meas=1, tracks=1, valid=0, master=49
[LIVE] udp=0.0/s, objs=0.0/s, last_udp=99.33s, meas=1, tracks=1, valid=0, master=49
[LIVE] udp=0.0/s, objs=0.0/s, last_udp=100.33s, meas=1, tracks=1, valid=0, master=49
[GPS] GGA fix_quality=1, num_sats=23, hdop=0.7, lat=30.40810439, lon=104.08862579516666
[LIVE] udp=0.0/s, objs=0.0/s, last_udp=101.34s, meas=1, tracks=1, valid=0, master=49
[LIVE] udp=0.0/s, objs=0.0/s, last_udp=102.34s, meas=1, tracks=1, valid=0, master=49
[LIVE] udp=0.0/s, objs=0.0/s, last_udp=103.34s, meas=1, tracks=1, valid=0, master=49
[LIVE] udp=0.0/s, objs=0.0/s, last_udp=104.34s, meas=1, tracks=1, valid=0, master=49
[LIVE] udp=0.0/s, objs=0.0/s, last_udp=105.35s, meas=1, tracks=1, valid=0, master=49
[LIVE] udp=0.0/s, objs=0.0/s, last_udp=106.35s, meas=1, tracks=1, valid=0, master=49
[LIVE] udp=0.0/s, objs=0.0/s, last_udp=107.36s, meas=1, tracks=1, valid=0, master=49
[LIVE] udp=0.0/s, objs=0.0/s, last_udp=108.36s, meas=1, tracks=1, valid=0, master=49
[LIVE] udp=0.0/s, objs=0.0/s, last_udp=109.36s, meas=1, tracks=1, valid=0, master=49
[LIVE] udp=0.0/s, objs=0.0/s, last_udp=110.36s, meas=1, tracks=1, valid=0, master=49
[GPS] GGA fix_quality=1, num_sats=24, hdop=0.7, lat=30.408105337333332, lon=104.088629223
[LIVE] udp=0.0/s, objs=0.0/s, last_udp=111.36s, meas=1, tracks=1, valid=0, master=49
[LIVE] udp=0.0/s, objs=0.0/s, last_udp=112.36s, meas=1, tracks=1, valid=0, master=49
[LIVE] udp=0.0/s, objs=0.0/s, last_udp=113.36s, meas=1, tracks=1, valid=0, master=49
[LIVE] udp=0.0/s, objs=0.0/s, last_udp=114.37s, meas=1, tracks=1, valid=0, master=49
[LIVE] udp=0.0/s, objs=0.0/s, last_udp=115.37s, meas=1, tracks=1, valid=0, master=49
[LIVE] udp=0.0/s, objs=0.0/s, last_udp=116.38s, meas=1, tracks=1, valid=0, master=49
[LIVE] udp=0.0/s, objs=0.0/s, last_udp=117.38s, meas=1, tracks=1, valid=0, master=49
[LIVE] udp=0.0/s, objs=0.0/s, last_udp=118.38s, meas=1, tracks=1, valid=0, master=49
[LIVE] udp=0.0/s, objs=0.0/s, last_udp=119.39s, meas=1, tracks=1, valid=0, master=49
[GPS] GGA fix_quality=1, num_sats=24, hdop=0.7, lat=30.408098737, lon=104.0886280055
[LIVE] udp=0.0/s, objs=0.0/s, last_udp=120.39s, meas=1, tracks=1, valid=0, master=49
[LIVE] udp=0.0/s, objs=0.0/s, last_udp=121.39s, meas=1, tracks=1, valid=0, master=49
[LIVE] udp=0.0/s, objs=0.0/s, last_udp=122.40s, meas=1, tracks=1, valid=0, master=49
[LIVE] udp=0.0/s, objs=0.0/s, last_udp=123.40s, meas=1, tracks=1, valid=0, master=49
[LIVE] udp=0.0/s, objs=0.0/s, last_udp=124.40s, meas=1, tracks=1, valid=0, master=49
[LIVE] udp=0.0/s, objs=0.0/s, last_udp=125.40s, meas=1, tracks=1, valid=0, master=49
[LIVE] udp=0.0/s, objs=0.0/s, last_udp=126.41s, meas=1, tracks=1, valid=0, master=49
