timestamp,seq,mode,board,cam,meas_idx,raw_bbox_x1,raw_bbox_y1,raw_bbox_x2,raw_bbox_y2,raw_bbox_w,raw_bbox_h,clipped_bbox_x1,clipped_bbox_y1,clipped_bbox_x2,clipped_bbox_y2,clipped_bbox_w,clipped_bbox_h,bbox_x1,bbox_y1,bbox_x2,bbox_y2,bbox_cx,bbox_cy,bbox_w,bbox_h,is_edge_bbox,visible_ratio,mono_dist,meas_az,meas_el
1780474098.042534,,,BOARD_1,2,0,2849.000,1390.000,3085.000,1866.000,236.000,476.000,2849.000,1390.000,3085.000,1866.000,236.000,476.000,2849.000,1390.000,3085.000,1866.000,2967.000,1628.000,236.000,476.000,0,1.000000,26.430000,4.771484,-2.511667
1780474099.954875,,,BOARD_1,2,0,2841.000,1382.000,3077.000,1858.000,236.000,476.000,2841.000,1382.000,3077.000,1858.000,236.000,476.000,2841.000,1382.000,3077.000,1858.000,2959.000,1620.000,236.000,476.000,0,1.000000,26.430000,4.735026,-2.475000
1780474099.954875,,,BOARD_1,2,1,2839.000,1380.000,3075.000,1856.000,236.000,476.000,2839.000,1380.000,3075.000,1856.000,236.000,476.000,2839.000,1380.000,3075.000,1856.000,2957.000,1618.000,236.000,476.000,0,1.000000,26.430000,4.725911,-2.465833
1780474101.348692,,,BOARD_1,2,0,2842.000,1386.000,3078.000,1862.000,236.000,476.000,2842.000,1386.000,3078.000,1862.000,236.000,476.000,2842.000,1386.000,3078.000,1862.000,2960.000,1624.000,236.000,476.000,0,1.000000,26.430000,4.739583,-2.493333
1780474101.348692,,,BOARD_1,2,1,2845.000,1387.000,3081.000,1863.000,236.000,476.000,2845.000,1387.000,3081.000,1863.000,236.000,476.000,2845.000,1387.000,3081.000,1863.000,2963.000,1625.000,236.000,476.000,0,1.000000,26.430000,4.753255,-2.497917
1780474103.136179,,,BOARD_1,2,0,2846.000,1388.000,3082.000,1864.000,236.000,476.000,2846.000,1388.000,3082.000,1864.000,236.000,476.000,2846.000,1388.000,3082.000,1864.000,2964.000,1626.000,236.000,476.000,0,1.000000,26.430000,4.757812,-2.502500
1780474103.136179,,,BOARD_1,2,1,2848.000,1388.000,3084.000,1864.000,236.000,476.000,2848.000,1388.000,3084.000,1864.000,236.000,476.000,2848.000,1388.000,3084.000,1864.000,2966.000,1626.000,236.000,476.000,0,1.000000,26.430000,4.766927,-2.502500
1780474103.467451,,,BOARD_1,2,0,2843.000,1386.000,3079.000,1862.000,236.000,476.000,2843.000,1386.000,3079.000,1862.000,236.000,476.000,2843.000,1386.000,3079.000,1862.000,2961.000,1624.000,236.000,476.000,0,1.000000,26.430000,4.744141,-2.493333
1780474103.467451,,,BOARD_1,2,1,2379.000,1322.000,2615.000,1798.000,236.000,476.000,2379.000,1322.000,2615.000,1798.000,236.000,476.000,2379.000,1322.000,2615.000,1798.000,2497.000,1560.000,236.000,476.000,0,1.000000,26.430000,2.629557,-2.200000
1780474104.947557,,,BOARD_1,2,0,2843.000,1386.000,3079.000,1862.000,236.000,476.000,2843.000,1386.000,3079.000,1862.000,236.000,476.000,2843.000,1386.000,3079.000,1862.000,2961.000,1624.000,236.000,476.000,0,1.000000,26.430000,4.744141,-2.493333
1780474104.947557,,,BOARD_1,2,1,2379.000,1322.000,2615.000,1798.000,236.000,476.000,2379.000,1322.000,2615.000,1798.000,236.000,476.000,2379.000,1322.000,2615.000,1798.000,2497.000,1560.000,236.000,476.000,0,1.000000,26.430000,2.629557,-2.200000
1780474104.947557,,,BOARD_1,2,2,2851.000,1378.000,3087.000,1854.000,236.000,476.000,2851.000,1378.000,3087.000,1854.000,236.000,476.000,2851.000,1378.000,3087.000,1854.000,2969.000,1616.000,236.000,476.000,0,1.000000,26.430000,4.780599,-2.456667
1780474105.243094,,,BOARD_1,2,0,2853.000,1376.000,3089.000,1852.000,236.000,476.000,2853.000,1376.000,3089.000,1852.000,236.000,476.000,2853.000,1376.000,3089.000,1852.000,2971.000,1614.000,236.000,476.000,0,1.000000,26.430000,4.789714,-2.447500
1780474107.113714,,,BOARD_1,2,0,2856.000,1374.000,3092.000,1850.000,236.000,476.000,2856.000,1374.000,3092.000,1850.000,236.000,476.000,2856.000,1374.000,3092.000,1850.000,2974.000,1612.000,236.000,476.000,0,1.000000,26.430000,4.803385,-2.438333
1780474107.113714,,,BOARD_1,2,1,2843.000,1386.000,3079.000,1862.000,236.000,476.000,2843.000,1386.000,3079.000,1862.000,236.000,476.000,2843.000,1386.000,3079.000,1862.000,2961.000,1624.000,236.000,476.000,0,1.000000,26.430000,4.744141,-2.493333
1780474107.427282,,,BOARD_1,2,0,2848.000,1382.000,3084.000,1858.000,236.000,476.000,2848.000,1382.000,3084.000,1858.000,236.000,476.000,2848.000,1382.000,3084.000,1858.000,2966.000,1620.000,236.000,476.000,0,1.000000,26.430000,4.766927,-2.475000
1780474110.632743,,,BOARD_1,2,0,2851.000,1380.000,3087.000,1856.000,236.000,476.000,2851.000,1380.000,3087.000,1856.000,236.000,476.000,2851.000,1380.000,3087.000,1856.000,2969.000,1618.000,236.000,476.000,0,1.000000,26.430000,4.780599,-2.465833
1780474110.632743,,,BOARD_1,2,1,2840.000,1390.000,3076.000,1866.000,236.000,476.000,2840.000,1390.000,3076.000,1866.000,236.000,476.000,2840.000,1390.000,3076.000,1866.000,2958.000,1628.000,236.000,476.000,0,1.000000,26.430000,4.730469,-2.511667
1780474110.981325,,,BOARD_1,2,0,2844.000,1386.000,3080.000,1862.000,236.000,476.000,2844.000,1386.000,3080.000,1862.000,236.000,476.000,2844.000,1386.000,3080.000,1862.000,2962.000,1624.000,236.000,476.000,0,1.000000,26.430000,4.748698,-2.493333
1780474114.483110,,,BOARD_1,2,0,2846.000,1384.000,3082.000,1860.000,236.000,476.000,2846.000,1384.000,3082.000,1860.000,236.000,476.000,2846.000,1384.000,3082.000,1860.000,2964.000,1622.000,236.000,476.000,0,1.000000,26.430000,4.757812,-2.484167
1780474114.483110,,,BOARD_1,2,1,2852.000,1378.000,3088.000,1854.000,236.000,476.000,2852.000,1378.000,3088.000,1854.000,236.000,476.000,2852.000,1378.000,3088.000,1854.000,2970.000,1616.000,236.000,476.000,0,1.000000,26.430000,4.785156,-2.456667
1780474114.768831,,,BOARD_1,2,0,2855.000,1375.000,3091.000,1851.000,236.000,476.000,2855.000,1375.000,3091.000,1851.000,236.000,476.000,2855.000,1375.000,3091.000,1851.000,2973.000,1613.000,236.000,476.000,0,1.000000,26.430000,4.798828,-2.442917
1780474119.148228,,,BOARD_1,2,0,2858.000,1372.000,3094.000,1848.000,236.000,476.000,2858.000,1372.000,3094.000,1848.000,236.000,476.000,2858.000,1372.000,3094.000,1848.000,2976.000,1610.000,236.000,476.000,0,1.000000,26.430000,4.812500,-2.429167
1780474119.399422,,,BOARD_1,2,0,2844.000,1386.000,3080.000,1862.000,236.000,476.000,2844.000,1386.000,3080.000,1862.000,236.000,476.000,2844.000,1386.000,3080.000,1862.000,2962.000,1624.000,236.000,476.000,0,1.000000,26.430000,4.748698,-2.493333
1780474119.399422,,,BOARD_1,2,1,2844.000,1386.000,3080.000,1862.000,236.000,476.000,2844.000,1386.000,3080.000,1862.000,236.000,476.000,2844.000,1386.000,3080.000,1862.000,2962.000,1624.000,236.000,476.000,0,1.000000,26.430000,4.748698,-2.493333
1780474123.237249,,,BOARD_1,2,0,2844.000,1386.000,3080.000,1862.000,236.000,476.000,2844.000,1386.000,3080.000,1862.000,236.000,476.000,2844.000,1386.000,3080.000,1862.000,2962.000,1624.000,236.000,476.000,0,1.000000,26.430000,4.748698,-2.493333
1780474123.237249,,,BOARD_1,2,1,2844.000,1386.000,3080.000,1862.000,236.000,476.000,2844.000,1386.000,3080.000,1862.000,236.000,476.000,2844.000,1386.000,3080.000,1862.000,2962.000,1624.000,236.000,476.000,0,1.000000,26.430000,4.748698,-2.493333
1780474128.332249,,,BOARD_1,2,0,2629.000,1642.000,2865.000,2118.000,236.000,476.000,2629.000,1642.000,2865.000,2118.000,236.000,476.000,2629.000,1642.000,2865.000,2118.000,2747.000,1880.000,236.000,476.000,0,1.000000,26.430000,3.768880,-3.666667
1780474128.332249,,,BOARD_1,2,1,2511.000,1534.000,2759.000,1714.000,248.000,180.000,2511.000,1534.000,2759.000,1714.000,248.000,180.000,2511.000,1534.000,2759.000,1714.000,2635.000,1624.000,248.000,180.000,0,1.000000,25.150000,3.258464,-2.493333
1780474131.305983,,,BOARD_1,2,0,2519.000,1536.000,2767.000,1716.000,248.000,180.000,2519.000,1536.000,2767.000,1716.000,248.000,180.000,2519.000,1536.000,2767.000,1716.000,2643.000,1626.000,248.000,180.000,0,1.000000,25.150000,3.294922,-2.502500
1780474131.305983,,,BOARD_1,2,1,2612.000,1626.000,2848.000,2102.000,236.000,476.000,2612.000,1626.000,2848.000,2102.000,236.000,476.000,2612.000,1626.000,2848.000,2102.000,2730.000,1864.000,236.000,476.000,0,1.000000,26.430000,3.691406,-3.593333
1780474131.305983,,,BOARD_1,2,2,2356.000,1322.000,2592.000,1798.000,236.000,476.000,2356.000,1322.000,2592.000,1798.000,236.000,476.000,2356.000,1322.000,2592.000,1798.000,2474.000,1560.000,236.000,476.000,0,1.000000,26.430000,2.524740,-2.200000
1780474131.615760,,,BOARD_1,2,0,2599.000,1619.000,2835.000,2095.000,236.000,476.000,2599.000,1619.000,2835.000,2095.000,236.000,476.000,2599.000,1619.000,2835.000,2095.000,2717.000,1857.000,236.000,476.000,0,1.000000,26.430000,3.632161,-3.561250
1780474158.515403,,,BOARD_1,2,0,2852.000,1378.000,3088.000,1854.000,236.000,476.000,2852.000,1378.000,3088.000,1854.000,236.000,476.000,2852.000,1378.000,3088.000,1854.000,2970.000,1616.000,236.000,476.000,0,1.000000,26.430000,4.785156,-2.456667
1780474158.515403,,,BOARD_1,2,1,2889.000,1389.000,3125.000,1865.000,236.000,476.000,2889.000,1389.000,3125.000,1865.000,236.000,476.000,2889.000,1389.000,3125.000,1865.000,3007.000,1627.000,236.000,476.000,0,1.000000,26.430000,4.953776,-2.507083
1780474160.821568,,,BOARD_1,2,0,2668.000,1626.000,2904.000,2102.000,236.000,476.000,2668.000,1626.000,2904.000,2102.000,236.000,476.000,2668.000,1626.000,2904.000,2102.000,2786.000,1864.000,236.000,476.000,0,1.000000,26.430000,3.946615,-3.593333
1780474160.821568,,,BOARD_1,2,1,2412.000,1626.000,2648.000,2102.000,236.000,476.000,2412.000,1626.000,2648.000,2102.000,236.000,476.000,2412.000,1626.000,2648.000,2102.000,2530.000,1864.000,236.000,476.000,0,1.000000,26.430000,2.779948,-3.593333
1780474160.821568,,,BOARD_1,2,2,2412.000,1466.000,2648.000,1942.000,236.000,476.000,2412.000,1466.000,2648.000,1942.000,236.000,476.000,2412.000,1466.000,2648.000,1942.000,2530.000,1704.000,236.000,476.000,0,1.000000,26.430000,2.779948,-2.860000
1780474165.479698,,,BOARD_1,2,0,2844.000,1370.000,3080.000,1846.000,236.000,476.000,2844.000,1370.000,3080.000,1846.000,236.000,476.000,2844.000,1370.000,3080.000,1846.000,2962.000,1608.000,236.000,476.000,0,1.000000,26.430000,4.748698,-2.420000
1780474165.479698,,,BOARD_1,2,1,2844.000,1370.000,3080.000,1846.000,236.000,476.000,2844.000,1370.000,3080.000,1846.000,236.000,476.000,2844.000,1370.000,3080.000,1846.000,2962.000,1608.000,236.000,476.000,0,1.000000,26.430000,4.748698,-2.420000
1780474168.250481,,,BOARD_1,2,0,2845.000,1369.000,3081.000,1845.000,236.000,476.000,2845.000,1369.000,3081.000,1845.000,236.000,476.000,2845.000,1369.000,3081.000,1845.000,2963.000,1607.000,236.000,476.000,0,1.000000,26.430000,4.753255,-2.415417
1780474168.250481,,,BOARD_1,2,1,2845.000,1369.000,3081.000,1845.000,236.000,476.000,2845.000,1369.000,3081.000,1845.000,236.000,476.000,2845.000,1369.000,3081.000,1845.000,2963.000,1607.000,236.000,476.000,0,1.000000,26.430000,4.753255,-2.415417
1780474170.908753,,,BOARD_1,2,0,2412.000,1610.000,2648.000,2086.000,236.000,476.000,2412.000,1610.000,2648.000,2086.000,236.000,476.000,2412.000,1610.000,2648.000,2086.000,2530.000,1848.000,236.000,476.000,0,1.000000,26.430000,2.779948,-3.520000
1780474170.908753,,,BOARD_1,2,1,2412.000,1610.000,2648.000,2086.000,236.000,476.000,2412.000,1610.000,2648.000,2086.000,236.000,476.000,2412.000,1610.000,2648.000,2086.000,2530.000,1848.000,236.000,476.000,0,1.000000,26.430000,2.779948,-3.520000
1780474172.821214,,,BOARD_1,2,0,2406.000,1626.000,2642.000,2102.000,236.000,476.000,2406.000,1626.000,2642.000,2102.000,236.000,476.000,2406.000,1626.000,2642.000,2102.000,2524.000,1864.000,236.000,476.000,0,1.000000,26.430000,2.752604,-3.593333
1780474172.821214,,,BOARD_1,2,1,2405.000,1629.000,2641.000,2105.000,236.000,476.000,2405.000,1629.000,2641.000,2105.000,236.000,476.000,2405.000,1629.000,2641.000,2105.000,2523.000,1867.000,236.000,476.000,0,1.000000,26.430000,2.748047,-3.607083
1780474172.821214,,,BOARD_1,2,2,2509.000,1518.000,2757.000,1698.000,248.000,180.000,2509.000,1518.000,2757.000,1698.000,248.000,180.000,2509.000,1518.000,2757.000,1698.000,2633.000,1608.000,248.000,180.000,0,1.000000,25.150000,3.249349,-2.420000
1780474174.802485,,,BOARD_1,2,0,2578.000,1544.000,2826.000,1724.000,248.000,180.000,2578.000,1544.000,2826.000,1724.000,248.000,180.000,2578.000,1544.000,2826.000,1724.000,2702.000,1634.000,248.000,180.000,0,1.000000,25.150000,3.563802,-2.539167
1780474174.802485,,,BOARD_1,2,1,2646.000,1571.000,2894.000,1751.000,248.000,180.000,2646.000,1571.000,2894.000,1751.000,248.000,180.000,2646.000,1571.000,2894.000,1751.000,2770.000,1661.000,248.000,180.000,0,1.000000,25.150000,3.873698,-2.662917
1780474180.373727,,,BOARD_1,2,0,2845.000,1378.000,3081.000,1854.000,236.000,476.000,2845.000,1378.000,3081.000,1854.000,236.000,476.000,2845.000,1378.000,3081.000,1854.000,2963.000,1616.000,236.000,476.000,0,1.000000,26.430000,4.753255,-2.456667
1780474180.373727,,,BOARD_1,2,1,2844.000,1371.000,3080.000,1847.000,236.000,476.000,2844.000,1371.000,3080.000,1847.000,236.000,476.000,2844.000,1371.000,3080.000,1847.000,2962.000,1609.000,236.000,476.000,0,1.000000,26.430000,4.748698,-2.424583
1780474182.242069,,,BOARD_1,2,0,2841.000,1367.000,3077.000,1843.000,236.000,476.000,2841.000,1367.000,3077.000,1843.000,236.000,476.000,2841.000,1367.000,3077.000,1843.000,2959.000,1605.000,236.000,476.000,0,1.000000,26.430000,4.735026,-2.406250
1780474182.242069,,,BOARD_1,2,1,2852.000,1379.000,3088.000,1855.000,236.000,476.000,2852.000,1379.000,3088.000,1855.000,236.000,476.000,2852.000,1379.000,3088.000,1855.000,2970.000,1617.000,236.000,476.000,0,1.000000,26.430000,4.785156,-2.461250
1780474182.558087,,,BOARD_1,2,0,2853.000,1379.000,3089.000,1855.000,236.000,476.000,2853.000,1379.000,3089.000,1855.000,236.000,476.000,2853.000,1379.000,3089.000,1855.000,2971.000,1617.000,236.000,476.000,0,1.000000,26.430000,4.789714,-2.461250
1780474185.010820,,,BOARD_1,2,0,2854.000,1380.000,3090.000,1856.000,236.000,476.000,2854.000,1380.000,3090.000,1856.000,236.000,476.000,2854.000,1380.000,3090.000,1856.000,2972.000,1618.000,236.000,476.000,0,1.000000,26.430000,4.794271,-2.465833
1780474185.010820,,,BOARD_1,2,1,2846.000,1372.000,3082.000,1848.000,236.000,476.000,2846.000,1372.000,3082.000,1848.000,236.000,476.000,2846.000,1372.000,3082.000,1848.000,2964.000,1610.000,236.000,476.000,0,1.000000,26.430000,4.757812,-2.429167
1780474185.306322,,,BOARD_1,2,0,2845.000,1371.000,3081.000,1847.000,236.000,476.000,2845.000,1371.000,3081.000,1847.000,236.000,476.000,2845.000,1371.000,3081.000,1847.000,2963.000,1609.000,236.000,476.000,0,1.000000,26.430000,4.753255,-2.424583
1780474186.807047,,,BOARD_1,2,0,2845.000,1370.000,3081.000,1846.000,236.000,476.000,2845.000,1370.000,3081.000,1846.000,236.000,476.000,2845.000,1370.000,3081.000,1846.000,2963.000,1608.000,236.000,476.000,0,1.000000,26.430000,4.753255,-2.420000
1780474186.807047,,,BOARD_1,2,1,2844.000,1369.000,3080.000,1845.000,236.000,476.000,2844.000,1369.000,3080.000,1845.000,236.000,476.000,2844.000,1369.000,3080.000,1845.000,2962.000,1607.000,236.000,476.000,0,1.000000,26.430000,4.748698,-2.415417
1780474187.080682,,,BOARD_1,2,0,2909.000,1550.000,3041.000,1642.000,132.000,92.000,2909.000,1550.000,3041.000,1642.000,132.000,92.000,2909.000,1550.000,3041.000,1642.000,2975.000,1596.000,132.000,92.000,0,1.000000,47.250000,4.807943,-2.365000
1780474188.626585,,,BOARD_1,2,0,2910.000,1548.000,3042.000,1640.000,132.000,92.000,2910.000,1548.000,3042.000,1640.000,132.000,92.000,2910.000,1548.000,3042.000,1640.000,2976.000,1594.000,132.000,92.000,0,1.000000,47.250000,4.812500,-2.355833
1780474197.361281,,,BOARD_1,2,0,2851.000,1386.000,3087.000,1862.000,236.000,476.000,2851.000,1386.000,3087.000,1862.000,236.000,476.000,2851.000,1386.000,3087.000,1862.000,2969.000,1624.000,236.000,476.000,0,1.000000,26.430000,4.780599,-2.493333
1780474202.078716,,,BOARD_1,2,0,2934.000,1486.000,3054.000,1730.000,120.000,244.000,2934.000,1486.000,3054.000,1730.000,120.000,244.000,2934.000,1486.000,3054.000,1730.000,2994.000,1608.000,120.000,244.000,0,1.000000,51.980000,4.894531,-2.420000
1780474204.462295,,,BOARD_1,2,0,2941.000,1484.000,3061.000,1728.000,120.000,244.000,2941.000,1484.000,3061.000,1728.000,120.000,244.000,2941.000,1484.000,3061.000,1728.000,3001.000,1606.000,120.000,244.000,0,1.000000,51.980000,4.926432,-2.410833
1780474204.462295,,,BOARD_1,2,1,2852.000,1378.000,3088.000,1854.000,236.000,476.000,2852.000,1378.000,3088.000,1854.000,236.000,476.000,2852.000,1378.000,3088.000,1854.000,2970.000,1616.000,236.000,476.000,0,1.000000,26.430000,4.785156,-2.456667
1780474204.758135,,,BOARD_1,2,0,2856.000,1370.000,3092.000,1846.000,236.000,476.000,2856.000,1370.000,3092.000,1846.000,236.000,476.000,2856.000,1370.000,3092.000,1846.000,2974.000,1608.000,236.000,476.000,0,1.000000,26.430000,4.803385,-2.420000
1780474206.383893,,,BOARD_1,2,0,2857.000,1366.000,3093.000,1842.000,236.000,476.000,2857.000,1366.000,3093.000,1842.000,236.000,476.000,2857.000,1366.000,3093.000,1842.000,2975.000,1604.000,236.000,476.000,0,1.000000,26.430000,4.807943,-2.401667
1780474206.383893,,,BOARD_1,2,1,2848.000,1378.000,3084.000,1854.000,236.000,476.000,2848.000,1378.000,3084.000,1854.000,236.000,476.000,2848.000,1378.000,3084.000,1854.000,2966.000,1616.000,236.000,476.000,0,1.000000,26.430000,4.766927,-2.456667
1780474206.706440,,,BOARD_1,2,0,2908.000,1550.000,3040.000,1642.000,132.000,92.000,2908.000,1550.000,3040.000,1642.000,132.000,92.000,2908.000,1550.000,3040.000,1642.000,2974.000,1596.000,132.000,92.000,0,1.000000,47.250000,4.803385,-2.365000
1780474209.384315,,,BOARD_1,2,0,2912.000,1539.000,3044.000,1631.000,132.000,92.000,2912.000,1539.000,3044.000,1631.000,132.000,92.000,2912.000,1539.000,3044.000,1631.000,2978.000,1585.000,132.000,92.000,0,1.000000,47.250000,4.821615,-2.314583
1780474209.384315,,,BOARD_1,2,1,2915.000,1528.000,3047.000,1620.000,132.000,92.000,2915.000,1528.000,3047.000,1620.000,132.000,92.000,2915.000,1528.000,3047.000,1620.000,2981.000,1574.000,132.000,92.000,0,1.000000,47.250000,4.835286,-2.264167
1780474209.721715,,,BOARD_1,2,0,2856.000,1370.000,3092.000,1846.000,236.000,476.000,2856.000,1370.000,3092.000,1846.000,236.000,476.000,2856.000,1370.000,3092.000,1846.000,2974.000,1608.000,236.000,476.000,0,1.000000,26.430000,4.803385,-2.420000
1780474211.309778,,,BOARD_1,2,0,2858.000,1367.000,3094.000,1843.000,236.000,476.000,2858.000,1367.000,3094.000,1843.000,236.000,476.000,2858.000,1367.000,3094.000,1843.000,2976.000,1605.000,236.000,476.000,0,1.000000,26.430000,4.812500,-2.406250
1780474211.309778,,,BOARD_1,2,1,2848.000,1378.000,3084.000,1854.000,236.000,476.000,2848.000,1378.000,3084.000,1854.000,236.000,476.000,2848.000,1378.000,3084.000,1854.000,2966.000,1616.000,236.000,476.000,0,1.000000,26.430000,4.766927,-2.456667
1780474211.584671,,,BOARD_1,2,0,2847.000,1379.000,3083.000,1855.000,236.000,476.000,2847.000,1379.000,3083.000,1855.000,236.000,476.000,2847.000,1379.000,3083.000,1855.000,2965.000,1617.000,236.000,476.000,0,1.000000,26.430000,4.762370,-2.461250
1780474213.511179,,,BOARD_1,2,0,2845.000,1380.000,3081.000,1856.000,236.000,476.000,2845.000,1380.000,3081.000,1856.000,236.000,476.000,2845.000,1380.000,3081.000,1856.000,2963.000,1618.000,236.000,476.000,0,1.000000,26.430000,4.753255,-2.465833
1780474217.087533,,,BOARD_1,2,0,2632.000,1634.000,2868.000,2110.000,236.000,476.000,2632.000,1634.000,2868.000,2110.000,236.000,476.000,2632.000,1634.000,2868.000,2110.000,2750.000,1872.000,236.000,476.000,0,1.000000,26.430000,3.782552,-3.630000
1780474220.616073,,,BOARD_1,2,0,2863.000,1386.000,3099.000,1862.000,236.000,476.000,2863.000,1386.000,3099.000,1862.000,236.000,476.000,2863.000,1386.000,3099.000,1862.000,2981.000,1624.000,236.000,476.000,0,1.000000,26.430000,4.835286,-2.493333
1780474220.616073,,,BOARD_1,2,1,2399.000,1706.000,2635.000,2182.000,236.000,476.000,2399.000,1706.000,2635.000,2160.000,236.000,454.000,2399.000,1706.000,2635.000,2160.000,2517.000,1933.000,236.000,454.000,1,0.953782,26.430000,2.720703,-3.909583
1780474220.616073,,,BOARD_1,2,2,2632.000,1634.000,2868.000,2110.000,236.000,476.000,2632.000,1634.000,2868.000,2110.000,236.000,476.000,2632.000,1634.000,2868.000,2110.000,2750.000,1872.000,236.000,476.000,0,1.000000,26.430000,3.782552,-3.630000
1780474220.830261,,,BOARD_1,2,0,2856.000,1381.000,3092.000,1857.000,236.000,476.000,2856.000,1381.000,3092.000,1857.000,236.000,476.000,2856.000,1381.000,3092.000,1857.000,2974.000,1619.000,236.000,476.000,0,1.000000,26.430000,4.803385,-2.470417
1780474223.732656,,,BOARD_1,2,0,2853.000,1380.000,3089.000,1856.000,236.000,476.000,2853.000,1380.000,3089.000,1856.000,236.000,476.000,2853.000,1380.000,3089.000,1856.000,2971.000,1618.000,236.000,476.000,0,1.000000,26.430000,4.789714,-2.465833
1780474223.732656,,,BOARD_1,2,1,2864.000,1389.000,3100.000,1865.000,236.000,476.000,2864.000,1389.000,3100.000,1865.000,236.000,476.000,2864.000,1389.000,3100.000,1865.000,2982.000,1627.000,236.000,476.000,0,1.000000,26.430000,4.839844,-2.507083
1780474224.010501,,,BOARD_1,2,0,2855.000,1386.000,3091.000,1862.000,236.000,476.000,2855.000,1386.000,3091.000,1862.000,236.000,476.000,2855.000,1386.000,3091.000,1862.000,2973.000,1624.000,236.000,476.000,0,1.000000,26.430000,4.798828,-2.493333
1780474225.874676,,,BOARD_1,2,0,2850.000,1385.000,3086.000,1861.000,236.000,476.000,2850.000,1385.000,3086.000,1861.000,236.000,476.000,2850.000,1385.000,3086.000,1861.000,2968.000,1623.000,236.000,476.000,0,1.000000,26.430000,4.776042,-2.488750
1780474225.874676,,,BOARD_1,2,1,2863.000,1378.000,3099.000,1854.000,236.000,476.000,2863.000,1378.000,3099.000,1854.000,236.000,476.000,2863.000,1378.000,3099.000,1854.000,2981.000,1616.000,236.000,476.000,0,1.000000,26.430000,4.835286,-2.456667
1780474226.206168,,,BOARD_1,2,0,2865.000,1386.000,3101.000,1862.000,236.000,476.000,2865.000,1386.000,3101.000,1862.000,236.000,476.000,2865.000,1386.000,3101.000,1862.000,2983.000,1624.000,236.000,476.000,0,1.000000,26.430000,4.844401,-2.493333
1780474226.206168,,,BOARD_1,2,1,2623.000,1626.000,2859.000,2102.000,236.000,476.000,2623.000,1626.000,2859.000,2102.000,236.000,476.000,2623.000,1626.000,2859.000,2102.000,2741.000,1864.000,236.000,476.000,0,1.000000,26.430000,3.741536,-3.593333
1780474227.855299,,,BOARD_1,2,0,2866.000,1389.000,3102.000,1865.000,236.000,476.000,2866.000,1389.000,3102.000,1865.000,236.000,476.000,2866.000,1389.000,3102.000,1865.000,2984.000,1627.000,236.000,476.000,0,1.000000,26.430000,4.848958,-2.507083
1780474227.855299,,,BOARD_1,2,1,2857.000,1378.000,3093.000,1854.000,236.000,476.000,2857.000,1378.000,3093.000,1854.000,236.000,476.000,2857.000,1378.000,3093.000,1854.000,2975.000,1616.000,236.000,476.000,0,1.000000,26.430000,4.807943,-2.456667
1780474228.138823,,,BOARD_1,2,0,2855.000,1377.000,3091.000,1853.000,236.000,476.000,2855.000,1377.000,3091.000,1853.000,236.000,476.000,2855.000,1377.000,3091.000,1853.000,2973.000,1615.000,236.000,476.000,0,1.000000,26.430000,4.798828,-2.452083
1780474231.528837,,,BOARD_1,2,0,2855.000,1370.000,3091.000,1846.000,236.000,476.000,2855.000,1370.000,3091.000,1846.000,236.000,476.000,2855.000,1370.000,3091.000,1846.000,2973.000,1608.000,236.000,476.000,0,1.000000,26.430000,4.798828,-2.420000
1780474231.736381,,,BOARD_1,2,0,2854.000,1367.000,3090.000,1843.000,236.000,476.000,2854.000,1367.000,3090.000,1843.000,236.000,476.000,2854.000,1367.000,3090.000,1843.000,2972.000,1605.000,236.000,476.000,0,1.000000,26.430000,4.794271,-2.406250
1780474231.736381,,,BOARD_1,2,1,2633.000,1634.000,2869.000,2110.000,236.000,476.000,2633.000,1634.000,2869.000,2110.000,236.000,476.000,2633.000,1634.000,2869.000,2110.000,2751.000,1872.000,236.000,476.000,0,1.000000,26.430000,3.787109,-3.630000
1780474231.736381,,,BOARD_1,2,2,2852.000,1365.000,3088.000,1841.000,236.000,476.000,2852.000,1365.000,3088.000,1841.000,236.000,476.000,2852.000,1365.000,3088.000,1841.000,2970.000,1603.000,236.000,476.000,0,1.000000,26.430000,4.785156,-2.397083
1780474233.713931,,,BOARD_1,2,0,2851.000,1362.000,3087.000,1838.000,236.000,476.000,2851.000,1362.000,3087.000,1838.000,236.000,476.000,2851.000,1362.000,3087.000,1838.000,2969.000,1600.000,236.000,476.000,0,1.000000,26.430000,4.780599,-2.383333
1780474237.603904,,,BOARD_1,2,0,2853.000,1378.000,3089.000,1854.000,236.000,476.000,2853.000,1378.000,3089.000,1854.000,236.000,476.000,2853.000,1378.000,3089.000,1854.000,2971.000,1616.000,236.000,476.000,0,1.000000,26.430000,4.789714,-2.456667
1780474239.717323,,,BOARD_1,2,0,2852.000,1386.000,3088.000,1862.000,236.000,476.000,2852.000,1386.000,3088.000,1862.000,236.000,476.000,2852.000,1386.000,3088.000,1862.000,2970.000,1624.000,236.000,476.000,0,1.000000,26.430000,4.785156,-2.493333
1780474239.921910,,,BOARD_1,2,0,2856.000,1382.000,3092.000,1858.000,236.000,476.000,2856.000,1382.000,3092.000,1858.000,236.000,476.000,2856.000,1382.000,3092.000,1858.000,2974.000,1620.000,236.000,476.000,0,1.000000,26.430000,4.803385,-2.475000
1780474239.921910,,,BOARD_1,2,1,2381.000,1690.000,2617.000,2166.000,236.000,476.000,2381.000,1690.000,2617.000,2160.000,236.000,470.000,2381.000,1690.000,2617.000,2160.000,2499.000,1925.000,236.000,470.000,1,0.987395,26.430000,2.638672,-3.872917
1780474239.921910,,,BOARD_1,2,2,2680.000,1638.000,2916.000,2114.000,236.000,476.000,2680.000,1638.000,2916.000,2114.000,236.000,476.000,2680.000,1638.000,2916.000,2114.000,2798.000,1876.000,236.000,476.000,0,1.000000,26.430000,4.001302,-3.648333
1780474239.921910,,,BOARD_1,2,3,2858.000,1380.000,3094.000,1856.000,236.000,476.000,2858.000,1380.000,3094.000,1856.000,236.000,476.000,2858.000,1380.000,3094.000,1856.000,2976.000,1618.000,236.000,476.000,0,1.000000,26.430000,4.812500,-2.465833
1780474239.921910,,,BOARD_1,2,4,2377.000,1692.000,2613.000,2168.000,236.000,476.000,2377.000,1692.000,2613.000,2160.000,236.000,468.000,2377.000,1692.000,2613.000,2160.000,2495.000,1926.000,236.000,468.000,1,0.983193,26.430000,2.620443,-3.877500
1780474239.921910,,,BOARD_1,2,5,2622.000,1626.000,2858.000,2102.000,236.000,476.000,2622.000,1626.000,2858.000,2102.000,236.000,476.000,2622.000,1626.000,2858.000,2102.000,2740.000,1864.000,236.000,476.000,0,1.000000,26.430000,3.736979,-3.593333
1780474241.717021,,,BOARD_1,2,0,2859.000,1379.000,3095.000,1855.000,236.000,476.000,2859.000,1379.000,3095.000,1855.000,236.000,476.000,2859.000,1379.000,3095.000,1855.000,2977.000,1617.000,236.000,476.000,0,1.000000,26.430000,4.817057,-2.461250
1780474241.935929,,,BOARD_1,2,0,2854.000,1370.000,3090.000,1846.000,236.000,476.000,2854.000,1370.000,3090.000,1846.000,236.000,476.000,2854.000,1370.000,3090.000,1846.000,2972.000,1608.000,236.000,476.000,0,1.000000,26.430000,4.794271,-2.420000
1780474241.935929,,,BOARD_1,2,1,2390.000,1690.000,2626.000,2166.000,236.000,476.000,2390.000,1690.000,2626.000,2160.000,236.000,470.000,2390.000,1690.000,2626.000,2160.000,2508.000,1925.000,236.000,470.000,1,0.987395,26.430000,2.679688,-3.872917
1780474241.935929,,,BOARD_1,2,2,2851.000,1371.000,3087.000,1847.000,236.000,476.000,2851.000,1371.000,3087.000,1847.000,236.000,476.000,2851.000,1371.000,3087.000,1847.000,2969.000,1609.000,236.000,476.000,0,1.000000,26.430000,4.780599,-2.424583
1780474241.935929,,,BOARD_1,2,3,2390.000,1691.000,2626.000,2167.000,236.000,476.000,2390.000,1691.000,2626.000,2160.000,236.000,469.000,2390.000,1691.000,2626.000,2160.000,2508.000,1925.500,236.000,469.000,1,0.985294,26.430000,2.679688,-3.875208
1780474241.935929,,,BOARD_1,2,4,2622.000,1626.000,2858.000,2102.000,236.000,476.000,2622.000,1626.000,2858.000,2102.000,236.000,476.000,2622.000,1626.000,2858.000,2102.000,2740.000,1864.000,236.000,476.000,0,1.000000,26.430000,3.736979,-3.593333
1780474243.785019,,,BOARD_1,2,0,2850.000,1370.000,3086.000,1846.000,236.000,476.000,2850.000,1370.000,3086.000,1846.000,236.000,476.000,2850.000,1370.000,3086.000,1846.000,2968.000,1608.000,236.000,476.000,0,1.000000,26.430000,4.776042,-2.420000
1780474244.055820,,,BOARD_1,2,0,2859.000,1379.000,3095.000,1855.000,236.000,476.000,2859.000,1379.000,3095.000,1855.000,236.000,476.000,2859.000,1379.000,3095.000,1855.000,2977.000,1617.000,236.000,476.000,0,1.000000,26.430000,4.817057,-2.461250
1780474244.055820,,,BOARD_1,2,1,2861.000,1381.000,3097.000,1857.000,236.000,476.000,2861.000,1381.000,3097.000,1857.000,236.000,476.000,2861.000,1381.000,3097.000,1857.000,2979.000,1619.000,236.000,476.000,0,1.000000,26.430000,4.826172,-2.470417
1780474244.055820,,,BOARD_1,2,2,2622.000,1626.000,2858.000,2102.000,236.000,476.000,2622.000,1626.000,2858.000,2102.000,236.000,476.000,2622.000,1626.000,2858.000,2102.000,2740.000,1864.000,236.000,476.000,0,1.000000,26.430000,3.736979,-3.593333
1780474245.263354,,,BOARD_1,2,0,2862.000,1383.000,3098.000,1859.000,236.000,476.000,2862.000,1383.000,3098.000,1859.000,236.000,476.000,2862.000,1383.000,3098.000,1859.000,2980.000,1621.000,236.000,476.000,0,1.000000,26.430000,4.830729,-2.479583
1780474245.263354,,,BOARD_1,2,1,2854.000,1370.000,3090.000,1846.000,236.000,476.000,2854.000,1370.000,3090.000,1846.000,236.000,476.000,2854.000,1370.000,3090.000,1846.000,2972.000,1608.000,236.000,476.000,0,1.000000,26.430000,4.794271,-2.420000
1780474245.531410,,,BOARD_1,2,0,2854.000,1375.000,3090.000,1851.000,236.000,476.000,2854.000,1375.000,3090.000,1851.000,236.000,476.000,2854.000,1375.000,3090.000,1851.000,2972.000,1613.000,236.000,476.000,0,1.000000,26.430000,4.794271,-2.442917
1780474247.485316,,,BOARD_1,2,0,2854.000,1377.000,3090.000,1853.000,236.000,476.000,2854.000,1377.000,3090.000,1853.000,236.000,476.000,2854.000,1377.000,3090.000,1853.000,2972.000,1615.000,236.000,476.000,0,1.000000,26.430000,4.794271,-2.452083
1780474247.485316,,,BOARD_1,2,1,2622.000,1626.000,2858.000,2102.000,236.000,476.000,2622.000,1626.000,2858.000,2102.000,236.000,476.000,2622.000,1626.000,2858.000,2102.000,2740.000,1864.000,236.000,476.000,0,1.000000,26.430000,3.736979,-3.593333
1780474247.485316,,,BOARD_1,2,2,2846.000,1367.000,3082.000,1843.000,236.000,476.000,2846.000,1367.000,3082.000,1843.000,236.000,476.000,2846.000,1367.000,3082.000,1843.000,2964.000,1605.000,236.000,476.000,0,1.000000,26.430000,4.757812,-2.406250
1780474247.800010,,,BOARD_1,2,0,2638.000,1626.000,2874.000,2102.000,236.000,476.000,2638.000,1626.000,2874.000,2102.000,236.000,476.000,2638.000,1626.000,2874.000,2102.000,2756.000,1864.000,236.000,476.000,0,1.000000,26.430000,3.809896,-3.593333
1780474249.360936,,,BOARD_1,2,0,2641.000,1626.000,2877.000,2102.000,236.000,476.000,2641.000,1626.000,2877.000,2102.000,236.000,476.000,2641.000,1626.000,2877.000,2102.000,2759.000,1864.000,236.000,476.000,0,1.000000,26.430000,3.823568,-3.593333
1780474249.360936,,,BOARD_1,2,1,2854.000,1378.000,3090.000,1854.000,236.000,476.000,2854.000,1378.000,3090.000,1854.000,236.000,476.000,2854.000,1378.000,3090.000,1854.000,2972.000,1616.000,236.000,476.000,0,1.000000,26.430000,4.794271,-2.456667
1780474249.698409,,,BOARD_1,2,0,2390.000,1690.000,2626.000,2166.000,236.000,476.000,2390.000,1690.000,2626.000,2160.000,236.000,470.000,2390.000,1690.000,2626.000,2160.000,2508.000,1925.000,236.000,470.000,1,0.987395,26.430000,2.679688,-3.872917
1780474249.698409,,,BOARD_1,2,1,2614.000,1634.000,2850.000,2110.000,236.000,476.000,2614.000,1634.000,2850.000,2110.000,236.000,476.000,2614.000,1634.000,2850.000,2110.000,2732.000,1872.000,236.000,476.000,0,1.000000,26.430000,3.700521,-3.630000
1780474249.698409,,,BOARD_1,2,2,2854.000,1370.000,3090.000,1846.000,236.000,476.000,2854.000,1370.000,3090.000,1846.000,236.000,476.000,2854.000,1370.000,3090.000,1846.000,2972.000,1608.000,236.000,476.000,0,1.000000,26.430000,4.794271,-2.420000
1780474251.760369,,,BOARD_1,2,0,2855.000,1368.000,3091.000,1844.000,236.000,476.000,2855.000,1368.000,3091.000,1844.000,236.000,476.000,2855.000,1368.000,3091.000,1844.000,2973.000,1606.000,236.000,476.000,0,1.000000,26.430000,4.798828,-2.410833
1780474251.760369,,,BOARD_1,2,1,2846.000,1378.000,3082.000,1854.000,236.000,476.000,2846.000,1378.000,3082.000,1854.000,236.000,476.000,2846.000,1378.000,3082.000,1854.000,2964.000,1616.000,236.000,476.000,0,1.000000,26.430000,4.757812,-2.456667
1780474252.129084,,,BOARD_1,2,0,2862.000,1370.000,3098.000,1846.000,236.000,476.000,2862.000,1370.000,3098.000,1846.000,236.000,476.000,2862.000,1370.000,3098.000,1846.000,2980.000,1608.000,236.000,476.000,0,1.000000,26.430000,4.830729,-2.420000
1780474253.208712,,,BOARD_1,2,0,2870.000,1366.000,3106.000,1842.000,236.000,476.000,2870.000,1366.000,3106.000,1842.000,236.000,476.000,2870.000,1366.000,3106.000,1842.000,2988.000,1604.000,236.000,476.000,0,1.000000,26.430000,4.867188,-2.401667
1780474253.488919,,,BOARD_1,2,0,2878.000,1362.000,3114.000,1838.000,236.000,476.000,2878.000,1362.000,3114.000,1838.000,236.000,476.000,2878.000,1362.000,3114.000,1838.000,2996.000,1600.000,236.000,476.000,0,1.000000,26.430000,4.903646,-2.383333
1780474253.488919,,,BOARD_1,2,1,2886.000,1358.000,3122.000,1834.000,236.000,476.000,2886.000,1358.000,3122.000,1834.000,236.000,476.000,2886.000,1358.000,3122.000,1834.000,3004.000,1596.000,236.000,476.000,0,1.000000,26.430000,4.940104,-2.365000
1780474256.398018,,,BOARD_1,2,0,2854.000,1378.000,3090.000,1854.000,236.000,476.000,2854.000,1378.000,3090.000,1854.000,236.000,476.000,2854.000,1378.000,3090.000,1854.000,2972.000,1616.000,236.000,476.000,0,1.000000,26.430000,4.794271,-2.456667
1780474262.834321,,,BOARD_1,2,0,2396.000,1626.000,2632.000,2102.000,236.000,476.000,2396.000,1626.000,2632.000,2102.000,236.000,476.000,2396.000,1626.000,2632.000,2102.000,2514.000,1864.000,236.000,476.000,0,1.000000,26.430000,2.707031,-3.593333
1780474264.338644,,,BOARD_1,2,0,2397.000,1614.000,2633.000,2090.000,236.000,476.000,2397.000,1614.000,2633.000,2090.000,236.000,476.000,2397.000,1614.000,2633.000,2090.000,2515.000,1852.000,236.000,476.000,0,1.000000,26.430000,2.711589,-3.538333
1780474264.338644,,,BOARD_1,2,1,2852.000,1370.000,3088.000,1846.000,236.000,476.000,2852.000,1370.000,3088.000,1846.000,236.000,476.000,2852.000,1370.000,3088.000,1846.000,2970.000,1608.000,236.000,476.000,0,1.000000,26.430000,4.785156,-2.420000
1780474264.338644,,,BOARD_1,2,2,2420.000,1466.000,2656.000,1942.000,236.000,476.000,2420.000,1466.000,2656.000,1942.000,236.000,476.000,2420.000,1466.000,2656.000,1942.000,2538.000,1704.000,236.000,476.000,0,1.000000,26.430000,2.816406,-2.860000
1780474265.947584,,,BOARD_1,2,0,2852.000,1378.000,3088.000,1854.000,236.000,476.000,2852.000,1378.000,3088.000,1854.000,236.000,476.000,2852.000,1378.000,3088.000,1854.000,2970.000,1616.000,236.000,476.000,0,1.000000,26.430000,4.785156,-2.456667
1780474265.947584,,,BOARD_1,2,1,2645.000,1544.000,2709.000,1664.000,64.000,120.000,2645.000,1544.000,2709.000,1664.000,64.000,120.000,2645.000,1544.000,2709.000,1664.000,2677.000,1604.000,64.000,120.000,0,1.000000,97.460000,3.449870,-2.401667
1780474265.947584,,,BOARD_1,2,2,2860.000,1386.000,3096.000,1862.000,236.000,476.000,2860.000,1386.000,3096.000,1862.000,236.000,476.000,2860.000,1386.000,3096.000,1862.000,2978.000,1624.000,236.000,476.000,0,1.000000,26.430000,4.821615,-2.493333
1780474265.947584,,,BOARD_1,2,3,2396.000,1626.000,2632.000,2102.000,236.000,476.000,2396.000,1626.000,2632.000,2102.000,236.000,476.000,2396.000,1626.000,2632.000,2102.000,2514.000,1864.000,236.000,476.000,0,1.000000,26.430000,2.707031,-3.593333
1780474266.289201,,,BOARD_1,2,0,2864.000,1391.000,3100.000,1867.000,236.000,476.000,2864.000,1391.000,3100.000,1867.000,236.000,476.000,2864.000,1391.000,3100.000,1867.000,2982.000,1629.000,236.000,476.000,0,1.000000,26.430000,4.839844,-2.516250
1780474266.289201,,,BOARD_1,2,1,2392.000,1611.000,2628.000,2087.000,236.000,476.000,2392.000,1611.000,2628.000,2087.000,236.000,476.000,2392.000,1611.000,2628.000,2087.000,2510.000,1849.000,236.000,476.000,0,1.000000,26.430000,2.688802,-3.524583
1780474268.136750,,,BOARD_1,2,0,2868.000,1395.000,3104.000,1871.000,236.000,476.000,2868.000,1395.000,3104.000,1871.000,236.000,476.000,2868.000,1395.000,3104.000,1871.000,2986.000,1633.000,236.000,476.000,0,1.000000,26.430000,4.858073,-2.534583
1780474268.136750,,,BOARD_1,2,1,2852.000,1386.000,3088.000,1862.000,236.000,476.000,2852.000,1386.000,3088.000,1862.000,236.000,476.000,2852.000,1386.000,3088.000,1862.000,2970.000,1624.000,236.000,476.000,0,1.000000,26.430000,4.785156,-2.493333
1780474268.136750,,,BOARD_1,2,2,2388.000,1690.000,2624.000,2166.000,236.000,476.000,2388.000,1690.000,2624.000,2160.000,236.000,470.000,2388.000,1690.000,2624.000,2160.000,2506.000,1925.000,236.000,470.000,1,0.987395,26.430000,2.670573,-3.872917
1780474268.503025,,,BOARD_1,2,0,2860.000,1387.000,3096.000,1863.000,236.000,476.000,2860.000,1387.000,3096.000,1863.000,236.000,476.000,2860.000,1387.000,3096.000,1863.000,2978.000,1625.000,236.000,476.000,0,1.000000,26.430000,4.821615,-2.497917
1780474268.503025,,,BOARD_1,2,1,2347.000,1685.000,2583.000,2161.000,236.000,476.000,2347.000,1685.000,2583.000,2160.000,236.000,475.000,2347.000,1685.000,2583.000,2160.000,2465.000,1922.500,236.000,475.000,1,0.997899,26.430000,2.483724,-3.861458
1780474269.795605,,,BOARD_1,2,0,2865.000,1389.000,3101.000,1865.000,236.000,476.000,2865.000,1389.000,3101.000,1865.000,236.000,476.000,2865.000,1389.000,3101.000,1865.000,2983.000,1627.000,236.000,476.000,0,1.000000,26.430000,4.844401,-2.507083
1780474269.795605,,,BOARD_1,2,1,2323.000,1685.000,2559.000,2161.000,236.000,476.000,2323.000,1685.000,2559.000,2160.000,236.000,475.000,2323.000,1685.000,2559.000,2160.000,2441.000,1922.500,236.000,475.000,1,0.997899,26.430000,2.374349,-3.861458
1780474269.795605,,,BOARD_1,2,2,2852.000,1379.000,3088.000,1855.000,236.000,476.000,2852.000,1379.000,3088.000,1855.000,236.000,476.000,2852.000,1379.000,3088.000,1855.000,2970.000,1617.000,236.000,476.000,0,1.000000,26.430000,4.785156,-2.461250
1780474270.090829,,,BOARD_1,2,0,2851.000,1386.000,3087.000,1862.000,236.000,476.000,2851.000,1386.000,3087.000,1862.000,236.000,476.000,2851.000,1386.000,3087.000,1862.000,2969.000,1624.000,236.000,476.000,0,1.000000,26.430000,4.780599,-2.493333
1780474271.107419,,,BOARD_1,2,0,2850.000,1389.000,3086.000,1865.000,236.000,476.000,2850.000,1389.000,3086.000,1865.000,236.000,476.000,2850.000,1389.000,3086.000,1865.000,2968.000,1627.000,236.000,476.000,0,1.000000,26.430000,4.776042,-2.507083
1780474271.107419,,,BOARD_1,2,1,2859.000,1378.000,3095.000,1854.000,236.000,476.000,2859.000,1378.000,3095.000,1854.000,236.000,476.000,2859.000,1378.000,3095.000,1854.000,2977.000,1616.000,236.000,476.000,0,1.000000,26.430000,4.817057,-2.456667
1780474271.409785,,,BOARD_1,2,0,2859.000,1386.000,3095.000,1862.000,236.000,476.000,2859.000,1386.000,3095.000,1862.000,236.000,476.000,2859.000,1386.000,3095.000,1862.000,2977.000,1624.000,236.000,476.000,0,1.000000,26.430000,4.817057,-2.493333
1780474272.410752,,,BOARD_1,2,0,2860.000,1390.000,3096.000,1866.000,236.000,476.000,2860.000,1390.000,3096.000,1866.000,236.000,476.000,2860.000,1390.000,3096.000,1866.000,2978.000,1628.000,236.000,476.000,0,1.000000,26.430000,4.821615,-2.511667
1780474272.410752,,,BOARD_1,2,1,2851.000,1378.000,3087.000,1854.000,236.000,476.000,2851.000,1378.000,3087.000,1854.000,236.000,476.000,2851.000,1378.000,3087.000,1854.000,2969.000,1616.000,236.000,476.000,0,1.000000,26.430000,4.780599,-2.456667
1780474272.704618,,,BOARD_1,2,0,2851.000,1370.000,3087.000,1846.000,236.000,476.000,2851.000,1370.000,3087.000,1846.000,236.000,476.000,2851.000,1370.000,3087.000,1846.000,2969.000,1608.000,236.000,476.000,0,1.000000,26.430000,4.780599,-2.420000
1780474275.790238,,,BOARD_1,2,0,2850.000,1365.000,3086.000,1841.000,236.000,476.000,2850.000,1365.000,3086.000,1841.000,236.000,476.000,2850.000,1365.000,3086.000,1841.000,2968.000,1603.000,236.000,476.000,0,1.000000,26.430000,4.776042,-2.397083
1780474275.790238,,,BOARD_1,2,1,2859.000,1378.000,3095.000,1854.000,236.000,476.000,2859.000,1378.000,3095.000,1854.000,236.000,476.000,2859.000,1378.000,3095.000,1854.000,2977.000,1616.000,236.000,476.000,0,1.000000,26.430000,4.817057,-2.456667
1780474276.114640,,,BOARD_1,2,0,2859.000,1386.000,3095.000,1862.000,236.000,476.000,2859.000,1386.000,3095.000,1862.000,236.000,476.000,2859.000,1386.000,3095.000,1862.000,2977.000,1624.000,236.000,476.000,0,1.000000,26.430000,4.817057,-2.493333
1780474277.584097,,,BOARD_1,2,0,2860.000,1390.000,3096.000,1866.000,236.000,476.000,2860.000,1390.000,3096.000,1866.000,236.000,476.000,2860.000,1390.000,3096.000,1866.000,2978.000,1628.000,236.000,476.000,0,1.000000,26.430000,4.821615,-2.511667
1780474277.584097,,,BOARD_1,2,1,2851.000,1378.000,3087.000,1854.000,236.000,476.000,2851.000,1378.000,3087.000,1854.000,236.000,476.000,2851.000,1378.000,3087.000,1854.000,2969.000,1616.000,236.000,476.000,0,1.000000,26.430000,4.780599,-2.456667
1780474277.906340,,,BOARD_1,2,0,2849.000,1378.000,3085.000,1854.000,236.000,476.000,2849.000,1378.000,3085.000,1854.000,236.000,476.000,2849.000,1378.000,3085.000,1854.000,2967.000,1616.000,236.000,476.000,0,1.000000,26.430000,4.771484,-2.456667
1780474279.718494,,,BOARD_1,2,0,2847.000,1378.000,3083.000,1854.000,236.000,476.000,2847.000,1378.000,3083.000,1854.000,236.000,476.000,2847.000,1378.000,3083.000,1854.000,2965.000,1616.000,236.000,476.000,0,1.000000,26.430000,4.762370,-2.456667
1780474279.718494,,,BOARD_1,2,1,2859.000,1386.000,3095.000,1862.000,236.000,476.000,2859.000,1386.000,3095.000,1862.000,236.000,476.000,2859.000,1386.000,3095.000,1862.000,2977.000,1624.000,236.000,476.000,0,1.000000,26.430000,4.817057,-2.493333
1780474280.006368,,,BOARD_1,2,0,2855.000,1386.000,3091.000,1862.000,236.000,476.000,2855.000,1386.000,3091.000,1862.000,236.000,476.000,2855.000,1386.000,3091.000,1862.000,2973.000,1624.000,236.000,476.000,0,1.000000,26.430000,4.798828,-2.493333
1780474281.356056,,,BOARD_1,2,0,2853.000,1387.000,3089.000,1863.000,236.000,476.000,2853.000,1387.000,3089.000,1863.000,236.000,476.000,2853.000,1387.000,3089.000,1863.000,2971.000,1625.000,236.000,476.000,0,1.000000,26.430000,4.789714,-2.497917
1780474281.356056,,,BOARD_1,2,1,2863.000,1394.000,3099.000,1870.000,236.000,476.000,2863.000,1394.000,3099.000,1870.000,236.000,476.000,2863.000,1394.000,3099.000,1870.000,2981.000,1632.000,236.000,476.000,0,1.000000,26.430000,4.835286,-2.530000
1780474281.646094,,,BOARD_1,2,0,2852.000,1374.000,3088.000,1850.000,236.000,476.000,2852.000,1374.000,3088.000,1850.000,236.000,476.000,2852.000,1374.000,3088.000,1850.000,2970.000,1612.000,236.000,476.000,0,1.000000,26.430000,4.785156,-2.438333
1780474283.571112,,,BOARD_1,2,0,2384.000,1690.000,2620.000,2166.000,236.000,476.000,2384.000,1690.000,2620.000,2160.000,236.000,470.000,2384.000,1690.000,2620.000,2160.000,2502.000,1925.000,236.000,470.000,1,0.987395,26.430000,2.652344,-3.872917
1780474283.571112,,,BOARD_1,2,1,2847.000,1364.000,3083.000,1840.000,236.000,476.000,2847.000,1364.000,3083.000,1840.000,236.000,476.000,2847.000,1364.000,3083.000,1840.000,2965.000,1602.000,236.000,476.000,0,1.000000,26.430000,4.762370,-2.392500
1780474283.571112,,,BOARD_1,2,2,2841.000,1354.000,3077.000,1830.000,236.000,476.000,2841.000,1354.000,3077.000,1830.000,236.000,476.000,2841.000,1354.000,3077.000,1830.000,2959.000,1592.000,236.000,476.000,0,1.000000,26.430000,4.735026,-2.346667
1780474283.923544,,,BOARD_1,2,0,2420.000,1630.000,2656.000,2106.000,236.000,476.000,2420.000,1630.000,2656.000,2106.000,236.000,476.000,2420.000,1630.000,2656.000,2106.000,2538.000,1868.000,236.000,476.000,0,1.000000,26.430000,2.816406,-3.611667
1780474283.923544,,,BOARD_1,2,1,2852.000,1374.000,3088.000,1850.000,236.000,476.000,2852.000,1374.000,3088.000,1850.000,236.000,476.000,2852.000,1374.000,3088.000,1850.000,2970.000,1612.000,236.000,476.000,0,1.000000,26.430000,4.785156,-2.438333
1780474285.163878,,,BOARD_1,2,0,2850.000,1370.000,3086.000,1846.000,236.000,476.000,2850.000,1370.000,3086.000,1846.000,236.000,476.000,2850.000,1370.000,3086.000,1846.000,2968.000,1608.000,236.000,476.000,0,1.000000,26.430000,4.776042,-2.420000
1780474285.389011,,,BOARD_1,2,0,2844.000,1382.000,3080.000,1858.000,236.000,476.000,2844.000,1382.000,3080.000,1858.000,236.000,476.000,2844.000,1382.000,3080.000,1858.000,2962.000,1620.000,236.000,476.000,0,1.000000,26.430000,4.748698,-2.475000
1780474285.389011,,,BOARD_1,2,1,2841.000,1382.000,3077.000,1858.000,236.000,476.000,2841.000,1382.000,3077.000,1858.000,236.000,476.000,2841.000,1382.000,3077.000,1858.000,2959.000,1620.000,236.000,476.000,0,1.000000,26.430000,4.735026,-2.475000
1780474287.884723,,,BOARD_1,2,0,2837.000,1382.000,3073.000,1858.000,236.000,476.000,2837.000,1382.000,3073.000,1858.000,236.000,476.000,2837.000,1382.000,3073.000,1858.000,2955.000,1620.000,236.000,476.000,0,1.000000,26.430000,4.716797,-2.475000
1780474287.884723,,,BOARD_1,2,1,2834.000,1383.000,3070.000,1859.000,236.000,476.000,2834.000,1383.000,3070.000,1859.000,236.000,476.000,2834.000,1383.000,3070.000,1859.000,2952.000,1621.000,236.000,476.000,0,1.000000,26.430000,4.703125,-2.479583
1780474288.175412,,,BOARD_1,2,0,2860.000,1386.000,3096.000,1862.000,236.000,476.000,2860.000,1386.000,3096.000,1862.000,236.000,476.000,2860.000,1386.000,3096.000,1862.000,2978.000,1624.000,236.000,476.000,0,1.000000,26.430000,4.821615,-2.493333
1780474289.232176,,,BOARD_1,2,0,2861.000,1387.000,3097.000,1863.000,236.000,476.000,2861.000,1387.000,3097.000,1863.000,236.000,476.000,2861.000,1387.000,3097.000,1863.000,2979.000,1625.000,236.000,476.000,0,1.000000,26.430000,4.826172,-2.497917
1780474289.232176,,,BOARD_1,2,1,2852.000,1378.000,3088.000,1854.000,236.000,476.000,2852.000,1378.000,3088.000,1854.000,236.000,476.000,2852.000,1378.000,3088.000,1854.000,2970.000,1616.000,236.000,476.000,0,1.000000,26.430000,4.785156,-2.456667
1780474289.520142,,,BOARD_1,2,0,2850.000,1376.000,3086.000,1852.000,236.000,476.000,2850.000,1376.000,3086.000,1852.000,236.000,476.000,2850.000,1376.000,3086.000,1852.000,2968.000,1614.000,236.000,476.000,0,1.000000,26.430000,4.776042,-2.447500
1780474291.019995,,,BOARD_1,2,0,2848.000,1374.000,3084.000,1850.000,236.000,476.000,2848.000,1374.000,3084.000,1850.000,236.000,476.000,2848.000,1374.000,3084.000,1850.000,2966.000,1612.000,236.000,476.000,0,1.000000,26.430000,4.766927,-2.438333
1780474291.019995,,,BOARD_1,2,1,2860.000,1386.000,3096.000,1862.000,236.000,476.000,2860.000,1386.000,3096.000,1862.000,236.000,476.000,2860.000,1386.000,3096.000,1862.000,2978.000,1624.000,236.000,476.000,0,1.000000,26.430000,4.821615,-2.493333
1780474291.320467,,,BOARD_1,2,0,2861.000,1387.000,3097.000,1863.000,236.000,476.000,2861.000,1387.000,3097.000,1863.000,236.000,476.000,2861.000,1387.000,3097.000,1863.000,2979.000,1625.000,236.000,476.000,0,1.000000,26.430000,4.826172,-2.497917
1780474294.209078,,,BOARD_1,2,0,2853.000,1379.000,3089.000,1855.000,236.000,476.000,2853.000,1379.000,3089.000,1855.000,236.000,476.000,2853.000,1379.000,3089.000,1855.000,2971.000,1617.000,236.000,476.000,0,1.000000,26.430000,4.789714,-2.461250
1780474294.209078,,,BOARD_1,2,1,2837.000,1338.000,3073.000,1814.000,236.000,476.000,2837.000,1338.000,3073.000,1814.000,236.000,476.000,2837.000,1338.000,3073.000,1814.000,2955.000,1576.000,236.000,476.000,0,1.000000,26.430000,4.716797,-2.273333
1780474297.163144,,,BOARD_1,2,0,2828.000,1315.000,3064.000,1791.000,236.000,476.000,2828.000,1315.000,3064.000,1791.000,236.000,476.000,2828.000,1315.000,3064.000,1791.000,2946.000,1553.000,236.000,476.000,0,1.000000,26.430000,4.675781,-2.167917
1780474297.163144,,,BOARD_1,2,1,2845.000,1378.000,3081.000,1854.000,236.000,476.000,2845.000,1378.000,3081.000,1854.000,236.000,476.000,2845.000,1378.000,3081.000,1854.000,2963.000,1616.000,236.000,476.000,0,1.000000,26.430000,4.753255,-2.456667
1780474297.455754,,,BOARD_1,2,0,2843.000,1379.000,3079.000,1855.000,236.000,476.000,2843.000,1379.000,3079.000,1855.000,236.000,476.000,2843.000,1379.000,3079.000,1855.000,2961.000,1617.000,236.000,476.000,0,1.000000,26.430000,4.744141,-2.461250
1780474299.019849,,,BOARD_1,2,0,2841.000,1379.000,3077.000,1855.000,236.000,476.000,2841.000,1379.000,3077.000,1855.000,236.000,476.000,2841.000,1379.000,3077.000,1855.000,2959.000,1617.000,236.000,476.000,0,1.000000,26.430000,4.735026,-2.461250
1780474299.019849,,,BOARD_1,2,1,2849.000,1371.000,3085.000,1847.000,236.000,476.000,2849.000,1371.000,3085.000,1847.000,236.000,476.000,2849.000,1371.000,3085.000,1847.000,2967.000,1609.000,236.000,476.000,0,1.000000,26.430000,4.771484,-2.424583
1780474299.329475,,,BOARD_1,2,0,2846.000,1370.000,3082.000,1846.000,236.000,476.000,2846.000,1370.000,3082.000,1846.000,236.000,476.000,2846.000,1370.000,3082.000,1846.000,2964.000,1608.000,236.000,476.000,0,1.000000,26.430000,4.757812,-2.420000
1780474301.895493,,,BOARD_1,2,0,2844.000,1369.000,3080.000,1845.000,236.000,476.000,2844.000,1369.000,3080.000,1845.000,236.000,476.000,2844.000,1369.000,3080.000,1845.000,2962.000,1607.000,236.000,476.000,0,1.000000,26.430000,4.748698,-2.415417
1780474301.895493,,,BOARD_1,2,1,2838.000,1378.000,3074.000,1854.000,236.000,476.000,2838.000,1378.000,3074.000,1854.000,236.000,476.000,2838.000,1378.000,3074.000,1854.000,2956.000,1616.000,236.000,476.000,0,1.000000,26.430000,4.721354,-2.456667
1780474302.174831,,,BOARD_1,2,0,2835.000,1380.000,3071.000,1856.000,236.000,476.000,2835.000,1380.000,3071.000,1856.000,236.000,476.000,2835.000,1380.000,3071.000,1856.000,2953.000,1618.000,236.000,476.000,0,1.000000,26.430000,4.707682,-2.465833
1780474303.766478,,,BOARD_1,2,0,2832.000,1382.000,3068.000,1858.000,236.000,476.000,2832.000,1382.000,3068.000,1858.000,236.000,476.000,2832.000,1382.000,3068.000,1858.000,2950.000,1620.000,236.000,476.000,0,1.000000,26.430000,4.694010,-2.475000
1780474303.766478,,,BOARD_1,2,1,2829.000,1383.000,3065.000,1859.000,236.000,476.000,2829.000,1383.000,3065.000,1859.000,236.000,476.000,2829.000,1383.000,3065.000,1859.000,2947.000,1621.000,236.000,476.000,0,1.000000,26.430000,4.680339,-2.479583
1780474304.054435,,,BOARD_1,2,0,2840.000,1374.000,3076.000,1850.000,236.000,476.000,2840.000,1374.000,3076.000,1850.000,236.000,476.000,2840.000,1374.000,3076.000,1850.000,2958.000,1612.000,236.000,476.000,0,1.000000,26.430000,4.730469,-2.438333
1780474305.143125,,,BOARD_1,2,0,2853.000,1370.000,3089.000,1846.000,236.000,476.000,2853.000,1370.000,3089.000,1846.000,236.000,476.000,2853.000,1370.000,3089.000,1846.000,2971.000,1608.000,236.000,476.000,0,1.000000,26.430000,4.789714,-2.420000
1780474305.143125,,,BOARD_1,2,1,2388.000,1690.000,2624.000,2166.000,236.000,476.000,2388.000,1690.000,2624.000,2160.000,236.000,470.000,2388.000,1690.000,2624.000,2160.000,2506.000,1925.000,236.000,470.000,1,0.987395,26.430000,2.670573,-3.872917
1780474305.143125,,,BOARD_1,2,2,2852.000,1370.000,3088.000,1846.000,236.000,476.000,2852.000,1370.000,3088.000,1846.000,236.000,476.000,2852.000,1370.000,3088.000,1846.000,2970.000,1608.000,236.000,476.000,0,1.000000,26.430000,4.785156,-2.420000
1780474305.475229,,,BOARD_1,2,0,2388.000,1692.000,2624.000,2168.000,236.000,476.000,2388.000,1692.000,2624.000,2160.000,236.000,468.000,2388.000,1692.000,2624.000,2160.000,2506.000,1926.000,236.000,468.000,1,0.983193,26.430000,2.670573,-3.877500
1780474305.475229,,,BOARD_1,2,1,2854.000,1369.000,3090.000,1845.000,236.000,476.000,2854.000,1369.000,3090.000,1845.000,236.000,476.000,2854.000,1369.000,3090.000,1845.000,2972.000,1607.000,236.000,476.000,0,1.000000,26.430000,4.794271,-2.415417
1780474307.381215,,,BOARD_1,2,0,2857.000,1368.000,3093.000,1844.000,236.000,476.000,2857.000,1368.000,3093.000,1844.000,236.000,476.000,2857.000,1368.000,3093.000,1844.000,2975.000,1606.000,236.000,476.000,0,1.000000,26.430000,4.807943,-2.410833
1780474307.381215,,,BOARD_1,2,1,2384.000,1690.000,2620.000,2166.000,236.000,476.000,2384.000,1690.000,2620.000,2160.000,236.000,470.000,2384.000,1690.000,2620.000,2160.000,2502.000,1925.000,236.000,470.000,1,0.987395,26.430000,2.652344,-3.872917
1780474307.381215,,,BOARD_1,2,2,2848.000,1370.000,3084.000,1846.000,236.000,476.000,2848.000,1370.000,3084.000,1846.000,236.000,476.000,2848.000,1370.000,3084.000,1846.000,2966.000,1608.000,236.000,476.000,0,1.000000,26.430000,4.766927,-2.420000
1780474307.689072,,,BOARD_1,2,0,2383.000,1691.000,2619.000,2167.000,236.000,476.000,2383.000,1691.000,2619.000,2160.000,236.000,469.000,2383.000,1691.000,2619.000,2160.000,2501.000,1925.500,236.000,469.000,1,0.985294,26.430000,2.647786,-3.875208
1780474307.689072,,,BOARD_1,2,1,2849.000,1376.000,3085.000,1852.000,236.000,476.000,2849.000,1376.000,3085.000,1852.000,236.000,476.000,2849.000,1376.000,3085.000,1852.000,2967.000,1614.000,236.000,476.000,0,1.000000,26.430000,4.771484,-2.447500
1780474309.348671,,,BOARD_1,2,0,2850.000,1379.000,3086.000,1855.000,236.000,476.000,2850.000,1379.000,3086.000,1855.000,236.000,476.000,2850.000,1379.000,3086.000,1855.000,2968.000,1617.000,236.000,476.000,0,1.000000,26.430000,4.776042,-2.461250
1780474309.348671,,,BOARD_1,2,1,2857.000,1384.000,3093.000,1860.000,236.000,476.000,2857.000,1384.000,3093.000,1860.000,236.000,476.000,2857.000,1384.000,3093.000,1860.000,2975.000,1622.000,236.000,476.000,0,1.000000,26.430000,4.807943,-2.484167
1780474309.642496,,,BOARD_1,2,0,2360.000,1688.000,2596.000,2164.000,236.000,476.000,2360.000,1688.000,2596.000,2160.000,236.000,472.000,2360.000,1688.000,2596.000,2160.000,2478.000,1924.000,236.000,472.000,1,0.991597,26.430000,2.542969,-3.868333
1780474309.642496,,,BOARD_1,2,1,2851.000,1370.000,3087.000,1846.000,236.000,476.000,2851.000,1370.000,3087.000,1846.000,236.000,476.000,2851.000,1370.000,3087.000,1846.000,2969.000,1608.000,236.000,476.000,0,1.000000,26.430000,4.780599,-2.420000
1780474311.169320,,,BOARD_1,2,0,2849.000,1364.000,3085.000,1840.000,236.000,476.000,2849.000,1364.000,3085.000,1840.000,236.000,476.000,2849.000,1364.000,3085.000,1840.000,2967.000,1602.000,236.000,476.000,0,1.000000,26.430000,4.771484,-2.392500
1780474311.406942,,,BOARD_1,2,0,2847.000,1358.000,3083.000,1834.000,236.000,476.000,2847.000,1358.000,3083.000,1834.000,236.000,476.000,2847.000,1358.000,3083.000,1834.000,2965.000,1596.000,236.000,476.000,0,1.000000,26.430000,4.762370,-2.365000
1780474311.406942,,,BOARD_1,2,1,2360.000,1688.000,2596.000,2164.000,236.000,476.000,2360.000,1688.000,2596.000,2160.000,236.000,472.000,2360.000,1688.000,2596.000,2160.000,2478.000,1924.000,236.000,472.000,1,0.991597,26.430000,2.542969,-3.868333
1780474311.406942,,,BOARD_1,2,2,2845.000,1352.000,3081.000,1828.000,236.000,476.000,2845.000,1352.000,3081.000,1828.000,236.000,476.000,2845.000,1352.000,3081.000,1828.000,2963.000,1590.000,236.000,476.000,0,1.000000,26.430000,4.753255,-2.337500
1780474313.217954,,,BOARD_1,2,0,2358.000,1688.000,2594.000,2164.000,236.000,476.000,2358.000,1688.000,2594.000,2160.000,236.000,472.000,2358.000,1688.000,2594.000,2160.000,2476.000,1924.000,236.000,472.000,1,0.991597,26.430000,2.533854,-3.868333
1780474313.217954,,,BOARD_1,2,1,2842.000,1346.000,3078.000,1822.000,236.000,476.000,2842.000,1346.000,3078.000,1822.000,236.000,476.000,2842.000,1346.000,3078.000,1822.000,2960.000,1584.000,236.000,476.000,0,1.000000,26.430000,4.739583,-2.310000
1780474313.606849,,,BOARD_1,2,0,2390.000,1626.000,2626.000,2102.000,236.000,476.000,2390.000,1626.000,2626.000,2102.000,236.000,476.000,2390.000,1626.000,2626.000,2102.000,2508.000,1864.000,236.000,476.000,0,1.000000,26.430000,2.679688,-3.593333
1780474313.606849,,,BOARD_1,2,1,2854.000,1370.000,3090.000,1846.000,236.000,476.000,2854.000,1370.000,3090.000,1846.000,236.000,476.000,2854.000,1370.000,3090.000,1846.000,2972.000,1608.000,236.000,476.000,0,1.000000,26.430000,4.794271,-2.420000
1780474315.405257,,,BOARD_1,2,0,2850.000,1370.000,3086.000,1846.000,236.000,476.000,2850.000,1370.000,3086.000,1846.000,236.000,476.000,2850.000,1370.000,3086.000,1846.000,2968.000,1608.000,236.000,476.000,0,1.000000,26.430000,4.776042,-2.420000
1780474315.637687,,,BOARD_1,2,0,2846.000,1378.000,3082.000,1854.000,236.000,476.000,2846.000,1378.000,3082.000,1854.000,236.000,476.000,2846.000,1378.000,3082.000,1854.000,2964.000,1616.000,236.000,476.000,0,1.000000,26.430000,4.757812,-2.456667
1780474315.637687,,,BOARD_1,2,1,2391.000,1626.000,2627.000,2102.000,236.000,476.000,2391.000,1626.000,2627.000,2102.000,236.000,476.000,2391.000,1626.000,2627.000,2102.000,2509.000,1864.000,236.000,476.000,0,1.000000,26.430000,2.684245,-3.593333
1780474315.637687,,,BOARD_1,2,2,2855.000,1370.000,3091.000,1846.000,236.000,476.000,2855.000,1370.000,3091.000,1846.000,236.000,476.000,2855.000,1370.000,3091.000,1846.000,2973.000,1608.000,236.000,476.000,0,1.000000,26.430000,4.798828,-2.420000
1780474317.610230,,,BOARD_1,2,0,2393.000,1621.000,2629.000,2097.000,236.000,476.000,2393.000,1621.000,2629.000,2097.000,236.000,476.000,2393.000,1621.000,2629.000,2097.000,2511.000,1859.000,236.000,476.000,0,1.000000,26.430000,2.693359,-3.570417
1780474317.610230,,,BOARD_1,2,1,2858.000,1367.000,3094.000,1843.000,236.000,476.000,2858.000,1367.000,3094.000,1843.000,236.000,476.000,2858.000,1367.000,3094.000,1843.000,2976.000,1605.000,236.000,476.000,0,1.000000,26.430000,4.812500,-2.406250
1780474317.610230,,,BOARD_1,2,2,2847.000,1378.000,3083.000,1854.000,236.000,476.000,2847.000,1378.000,3083.000,1854.000,236.000,476.000,2847.000,1378.000,3083.000,1854.000,2965.000,1616.000,236.000,476.000,0,1.000000,26.430000,4.762370,-2.456667
1780474317.945048,,,BOARD_1,2,0,2389.000,1699.000,2625.000,2175.000,236.000,476.000,2389.000,1699.000,2625.000,2160.000,236.000,461.000,2389.000,1699.000,2625.000,2160.000,2507.000,1929.500,236.000,461.000,1,0.968487,26.430000,2.675130,-3.893542
1780474317.945048,,,BOARD_1,2,1,2853.000,1379.000,3089.000,1855.000,236.000,476.000,2853.000,1379.000,3089.000,1855.000,236.000,476.000,2853.000,1379.000,3089.000,1855.000,2971.000,1617.000,236.000,476.000,0,1.000000,26.430000,4.789714,-2.461250
1780474318.778291,,,BOARD_1,2,0,2856.000,1380.000,3092.000,1856.000,236.000,476.000,2856.000,1380.000,3092.000,1856.000,236.000,476.000,2856.000,1380.000,3092.000,1856.000,2974.000,1618.000,236.000,476.000,0,1.000000,26.430000,4.803385,-2.465833
1780474318.778291,,,BOARD_1,2,1,2845.000,1371.000,3081.000,1847.000,236.000,476.000,2845.000,1371.000,3081.000,1847.000,236.000,476.000,2845.000,1371.000,3081.000,1847.000,2963.000,1609.000,236.000,476.000,0,1.000000,26.430000,4.753255,-2.424583
1780474319.097630,,,BOARD_1,2,0,2391.000,1706.000,2627.000,2182.000,236.000,476.000,2391.000,1706.000,2627.000,2160.000,236.000,454.000,2391.000,1706.000,2627.000,2160.000,2509.000,1933.000,236.000,454.000,1,0.953782,26.430000,2.684245,-3.909583
1780474319.097630,,,BOARD_1,2,1,2855.000,1370.000,3091.000,1846.000,236.000,476.000,2855.000,1370.000,3091.000,1846.000,236.000,476.000,2855.000,1370.000,3091.000,1846.000,2973.000,1608.000,236.000,476.000,0,1.000000,26.430000,4.798828,-2.420000
1780474320.579890,,,BOARD_1,2,0,2860.000,1369.000,3096.000,1845.000,236.000,476.000,2860.000,1369.000,3096.000,1845.000,236.000,476.000,2860.000,1369.000,3096.000,1845.000,2978.000,1607.000,236.000,476.000,0,1.000000,26.430000,4.821615,-2.415417
1780474320.579890,,,BOARD_1,2,1,2847.000,1378.000,3083.000,1854.000,236.000,476.000,2847.000,1378.000,3083.000,1854.000,236.000,476.000,2847.000,1378.000,3083.000,1854.000,2965.000,1616.000,236.000,476.000,0,1.000000,26.430000,4.762370,-2.456667
1780474320.910596,,,BOARD_1,2,0,2853.000,1370.000,3089.000,1846.000,236.000,476.000,2853.000,1370.000,3089.000,1846.000,236.000,476.000,2853.000,1370.000,3089.000,1846.000,2971.000,1608.000,236.000,476.000,0,1.000000,26.430000,4.789714,-2.420000
1780474322.237709,,,BOARD_1,2,0,2856.000,1366.000,3092.000,1842.000,236.000,476.000,2856.000,1366.000,3092.000,1842.000,236.000,476.000,2856.000,1366.000,3092.000,1842.000,2974.000,1604.000,236.000,476.000,0,1.000000,26.430000,4.803385,-2.401667
1780474322.237709,,,BOARD_1,2,1,2845.000,1378.000,3081.000,1854.000,236.000,476.000,2845.000,1378.000,3081.000,1854.000,236.000,476.000,2845.000,1378.000,3081.000,1854.000,2963.000,1616.000,236.000,476.000,0,1.000000,26.430000,4.753255,-2.456667
1780474322.579482,,,BOARD_1,2,0,2851.000,1370.000,3087.000,1846.000,236.000,476.000,2851.000,1370.000,3087.000,1846.000,236.000,476.000,2851.000,1370.000,3087.000,1846.000,2969.000,1608.000,236.000,476.000,0,1.000000,26.430000,4.780599,-2.420000
1780474325.075989,,,BOARD_1,2,0,2854.000,1366.000,3090.000,1842.000,236.000,476.000,2854.000,1366.000,3090.000,1842.000,236.000,476.000,2854.000,1366.000,3090.000,1842.000,2972.000,1604.000,236.000,476.000,0,1.000000,26.430000,4.794271,-2.401667
1780474325.075989,,,BOARD_1,2,1,2843.000,1378.000,3079.000,1854.000,236.000,476.000,2843.000,1378.000,3079.000,1854.000,236.000,476.000,2843.000,1378.000,3079.000,1854.000,2961.000,1616.000,236.000,476.000,0,1.000000,26.430000,4.744141,-2.456667
1780474325.389724,,,BOARD_1,2,0,2853.000,1370.000,3089.000,1846.000,236.000,476.000,2853.000,1370.000,3089.000,1846.000,236.000,476.000,2853.000,1370.000,3089.000,1846.000,2971.000,1608.000,236.000,476.000,0,1.000000,26.430000,4.789714,-2.420000
1780474326.493152,,,BOARD_1,2,0,2858.000,1366.000,3094.000,1842.000,236.000,476.000,2858.000,1366.000,3094.000,1842.000,236.000,476.000,2858.000,1366.000,3094.000,1842.000,2976.000,1604.000,236.000,476.000,0,1.000000,26.430000,4.812500,-2.401667
1780474326.764251,,,BOARD_1,2,0,2845.000,1378.000,3081.000,1854.000,236.000,476.000,2845.000,1378.000,3081.000,1854.000,236.000,476.000,2845.000,1378.000,3081.000,1854.000,2963.000,1616.000,236.000,476.000,0,1.000000,26.430000,4.753255,-2.456667
1780474326.764251,,,BOARD_1,2,1,2845.000,1378.000,3081.000,1854.000,236.000,476.000,2845.000,1378.000,3081.000,1854.000,236.000,476.000,2845.000,1378.000,3081.000,1854.000,2963.000,1616.000,236.000,476.000,0,1.000000,26.430000,4.753255,-2.456667
1780474328.572452,,,BOARD_1,2,0,2845.000,1379.000,3081.000,1855.000,236.000,476.000,2845.000,1379.000,3081.000,1855.000,236.000,476.000,2845.000,1379.000,3081.000,1855.000,2963.000,1617.000,236.000,476.000,0,1.000000,26.430000,4.753255,-2.461250
1780474328.572452,,,BOARD_1,2,1,2853.000,1371.000,3089.000,1847.000,236.000,476.000,2853.000,1371.000,3089.000,1847.000,236.000,476.000,2853.000,1371.000,3089.000,1847.000,2971.000,1609.000,236.000,476.000,0,1.000000,26.430000,4.789714,-2.424583
1780474328.861755,,,BOARD_1,2,0,2855.000,1386.000,3091.000,1862.000,236.000,476.000,2855.000,1386.000,3091.000,1862.000,236.000,476.000,2855.000,1386.000,3091.000,1862.000,2973.000,1624.000,236.000,476.000,0,1.000000,26.430000,4.798828,-2.493333
1780474330.300342,,,BOARD_1,2,0,2857.000,1394.000,3093.000,1870.000,236.000,476.000,2857.000,1394.000,3093.000,1870.000,236.000,476.000,2857.000,1394.000,3093.000,1870.000,2975.000,1632.000,236.000,476.000,0,1.000000,26.430000,4.807943,-2.530000
1780474330.300342,,,BOARD_1,2,1,2847.000,1378.000,3083.000,1854.000,236.000,476.000,2847.000,1378.000,3083.000,1854.000,236.000,476.000,2847.000,1378.000,3083.000,1854.000,2965.000,1616.000,236.000,476.000,0,1.000000,26.430000,4.762370,-2.456667
1780474330.553471,,,BOARD_1,2,0,2853.000,1370.000,3089.000,1846.000,236.000,476.000,2853.000,1370.000,3089.000,1846.000,236.000,476.000,2853.000,1370.000,3089.000,1846.000,2971.000,1608.000,236.000,476.000,0,1.000000,26.430000,4.789714,-2.420000
1780474333.393775,,,BOARD_1,2,0,2856.000,1366.000,3092.000,1842.000,236.000,476.000,2856.000,1366.000,3092.000,1842.000,236.000,476.000,2856.000,1366.000,3092.000,1842.000,2974.000,1604.000,236.000,476.000,0,1.000000,26.430000,4.803385,-2.401667
1780474333.393775,,,BOARD_1,2,1,2845.000,1378.000,3081.000,1854.000,236.000,476.000,2845.000,1378.000,3081.000,1854.000,236.000,476.000,2845.000,1378.000,3081.000,1854.000,2963.000,1616.000,236.000,476.000,0,1.000000,26.430000,4.753255,-2.456667
1780474333.660245,,,BOARD_1,2,0,2844.000,1378.000,3080.000,1854.000,236.000,476.000,2844.000,1378.000,3080.000,1854.000,236.000,476.000,2844.000,1378.000,3080.000,1854.000,2962.000,1616.000,236.000,476.000,0,1.000000,26.430000,4.748698,-2.456667
1780474335.061400,,,BOARD_1,2,0,2855.000,1370.000,3091.000,1846.000,236.000,476.000,2855.000,1370.000,3091.000,1846.000,236.000,476.000,2855.000,1370.000,3091.000,1846.000,2973.000,1608.000,236.000,476.000,0,1.000000,26.430000,4.798828,-2.420000
1780474335.061400,,,BOARD_1,2,1,2389.000,1706.000,2625.000,2182.000,236.000,476.000,2389.000,1706.000,2625.000,2160.000,236.000,454.000,2389.000,1706.000,2625.000,2160.000,2507.000,1933.000,236.000,454.000,1,0.953782,26.430000,2.675130,-3.909583
1780474335.061400,,,BOARD_1,2,2,2851.000,1371.000,3087.000,1847.000,236.000,476.000,2851.000,1371.000,3087.000,1847.000,236.000,476.000,2851.000,1371.000,3087.000,1847.000,2969.000,1609.000,236.000,476.000,0,1.000000,26.430000,4.780599,-2.424583
1780474335.409370,,,BOARD_1,2,0,2387.000,1707.000,2623.000,2183.000,236.000,476.000,2387.000,1707.000,2623.000,2160.000,236.000,453.000,2387.000,1707.000,2623.000,2160.000,2505.000,1933.500,236.000,453.000,1,0.951681,26.430000,2.666016,-3.911875
1780474335.409370,,,BOARD_1,2,1,2850.000,1371.000,3086.000,1847.000,236.000,476.000,2850.000,1371.000,3086.000,1847.000,236.000,476.000,2850.000,1371.000,3086.000,1847.000,2968.000,1609.000,236.000,476.000,0,1.000000,26.430000,4.776042,-2.424583
1780474336.119193,,,BOARD_1,3,0,836.000,590.000,1072.000,1066.000,236.000,476.000,836.000,590.000,1072.000,1066.000,236.000,476.000,836.000,590.000,1072.000,1066.000,954.000,828.000,236.000,476.000,0,1.000000,26.430000,339.439756,1.155000
1780474336.119193,,,BOARD_1,3,1,851.000,592.000,1087.000,1068.000,236.000,476.000,851.000,592.000,1087.000,1068.000,236.000,476.000,851.000,592.000,1087.000,1068.000,969.000,830.000,236.000,476.000,0,1.000000,26.430000,339.508116,1.145833
1780474336.687834,,,BOARD_1,2,0,2849.000,1370.000,3085.000,1846.000,236.000,476.000,2849.000,1370.000,3085.000,1846.000,236.000,476.000,2849.000,1370.000,3085.000,1846.000,2967.000,1608.000,236.000,476.000,0,1.000000,26.430000,4.771484,-2.420000
1780474336.687834,,,BOARD_1,2,1,2368.000,1690.000,2604.000,2166.000,236.000,476.000,2368.000,1690.000,2604.000,2160.000,236.000,470.000,2368.000,1690.000,2604.000,2160.000,2486.000,1925.000,236.000,470.000,1,0.987395,26.430000,2.579427,-3.872917
1780474336.687834,,,BOARD_1,2,2,2848.000,1370.000,3084.000,1846.000,236.000,476.000,2848.000,1370.000,3084.000,1846.000,236.000,476.000,2848.000,1370.000,3084.000,1846.000,2966.000,1608.000,236.000,476.000,0,1.000000,26.430000,4.766927,-2.420000
1780474336.999716,,,BOARD_1,2,0,2847.000,1370.000,3083.000,1846.000,236.000,476.000,2847.000,1370.000,3083.000,1846.000,236.000,476.000,2847.000,1370.000,3083.000,1846.000,2965.000,1608.000,236.000,476.000,0,1.000000,26.430000,4.762370,-2.420000
1780474338.489403,,,BOARD_1,3,0,780.000,582.000,1016.000,1058.000,236.000,476.000,780.000,582.000,1016.000,1058.000,236.000,476.000,780.000,582.000,1016.000,1058.000,898.000,820.000,236.000,476.000,0,1.000000,26.430000,339.184548,1.191667
1780474338.489403,,,BOARD_1,3,1,772.000,581.000,1008.000,1057.000,236.000,476.000,772.000,581.000,1008.000,1057.000,236.000,476.000,772.000,581.000,1008.000,1057.000,890.000,819.000,236.000,476.000,0,1.000000,26.430000,339.148090,1.196250
1780474338.489403,,,BOARD_1,3,2,787.000,1252.000,1023.000,1728.000,236.000,476.000,787.000,1252.000,1023.000,1728.000,236.000,476.000,787.000,1252.000,1023.000,1728.000,905.000,1490.000,236.000,476.000,0,1.000000,26.430000,339.216449,-1.879167
1780474338.788522,,,BOARD_1,3,0,785.000,1259.000,1021.000,1735.000,236.000,476.000,785.000,1259.000,1021.000,1735.000,236.000,476.000,785.000,1259.000,1021.000,1735.000,903.000,1497.000,236.000,476.000,0,1.000000,26.430000,339.207334,-1.911250
1780474338.788522,,,BOARD_1,2,1,2846.000,1369.000,3082.000,1845.000,236.000,476.000,2846.000,1369.000,3082.000,1845.000,236.000,476.000,2846.000,1369.000,3082.000,1845.000,2964.000,1607.000,236.000,476.000,0,1.000000,26.430000,4.757812,-2.415417
1780474339.156638,,,BOARD_1,2,0,2849.000,1370.000,3085.000,1846.000,236.000,476.000,2849.000,1370.000,3085.000,1846.000,236.000,476.000,2849.000,1370.000,3085.000,1846.000,2967.000,1608.000,236.000,476.000,0,1.000000,26.430000,4.771484,-2.420000
1780474339.156638,,,BOARD_1,2,1,2849.000,1370.000,3085.000,1846.000,236.000,476.000,2849.000,1370.000,3085.000,1846.000,236.000,476.000,2849.000,1370.000,3085.000,1846.000,2967.000,1608.000,236.000,476.000,0,1.000000,26.430000,4.771484,-2.420000
1780474340.499068,,,BOARD_1,3,0,783.000,1265.000,1019.000,1741.000,236.000,476.000,783.000,1265.000,1019.000,1741.000,236.000,476.000,783.000,1265.000,1019.000,1741.000,901.000,1503.000,236.000,476.000,0,1.000000,26.430000,339.198220,-1.938750
1780474340.760604,,,BOARD_1,3,0,791.000,1257.000,1027.000,1733.000,236.000,476.000,791.000,1257.000,1027.000,1733.000,236.000,476.000,791.000,1257.000,1027.000,1733.000,909.000,1495.000,236.000,476.000,0,1.000000,26.430000,339.234678,-1.902083
1780474340.760604,,,BOARD_1,3,1,971.000,842.000,1207.000,1318.000,236.000,476.000,971.000,842.000,1207.000,1318.000,236.000,476.000,971.000,842.000,1207.000,1318.000,1089.000,1080.000,236.000,476.000,0,1.000000,26.430000,340.054991,0.000000
1780474341.286664,,,BOARD_1,2,0,2848.000,1370.000,3084.000,1846.000,236.000,476.000,2848.000,1370.000,3084.000,1846.000,236.000,476.000,2848.000,1370.000,3084.000,1846.000,2966.000,1608.000,236.000,476.000,0,1.000000,26.430000,4.766927,-2.420000
1780474341.286664,,,BOARD_1,2,1,2848.000,1370.000,3084.000,1846.000,236.000,476.000,2848.000,1370.000,3084.000,1846.000,236.000,476.000,2848.000,1370.000,3084.000,1846.000,2966.000,1608.000,236.000,476.000,0,1.000000,26.430000,4.766927,-2.420000
1780474342.937468,,,BOARD_1,3,0,791.000,1261.000,1027.000,1737.000,236.000,476.000,791.000,1261.000,1027.000,1737.000,236.000,476.000,791.000,1261.000,1027.000,1737.000,909.000,1499.000,236.000,476.000,0,1.000000,26.430000,339.234678,-1.920417
1780474342.937468,,,BOARD_1,3,1,783.000,1265.000,1019.000,1741.000,236.000,476.000,783.000,1265.000,1019.000,1741.000,236.000,476.000,783.000,1265.000,1019.000,1741.000,901.000,1503.000,236.000,476.000,0,1.000000,26.430000,339.198220,-1.938750
1780474343.291179,,,BOARD_1,3,0,781.000,1269.000,1017.000,1745.000,236.000,476.000,781.000,1269.000,1017.000,1745.000,236.000,476.000,781.000,1269.000,1017.000,1745.000,899.000,1507.000,236.000,476.000,0,1.000000,26.430000,339.189105,-1.957083
1780474344.089321,,,BOARD_1,2,0,2849.000,1370.000,3085.000,1846.000,236.000,476.000,2849.000,1370.000,3085.000,1846.000,236.000,476.000,2849.000,1370.000,3085.000,1846.000,2967.000,1608.000,236.000,476.000,0,1.000000,26.430000,4.771484,-2.420000
1780474344.089321,,,BOARD_1,2,1,2385.000,1706.000,2621.000,2182.000,236.000,476.000,2385.000,1706.000,2621.000,2160.000,236.000,454.000,2385.000,1706.000,2621.000,2160.000,2503.000,1933.000,236.000,454.000,1,0.953782,26.430000,2.656901,-3.909583
1780474344.089321,,,BOARD_1,2,2,2849.000,1370.000,3085.000,1846.000,236.000,476.000,2849.000,1370.000,3085.000,1846.000,236.000,476.000,2849.000,1370.000,3085.000,1846.000,2967.000,1608.000,236.000,476.000,0,1.000000,26.430000,4.771484,-2.420000
1780474345.465846,,,BOARD_1,3,0,786.000,1249.000,1022.000,1725.000,236.000,476.000,786.000,1249.000,1022.000,1725.000,236.000,476.000,786.000,1249.000,1022.000,1725.000,904.000,1487.000,236.000,476.000,0,1.000000,26.430000,339.211892,-1.865417
1780474345.465846,,,BOARD_1,3,1,785.000,1248.000,1021.000,1724.000,236.000,476.000,785.000,1248.000,1021.000,1724.000,236.000,476.000,785.000,1248.000,1021.000,1724.000,903.000,1486.000,236.000,476.000,0,1.000000,26.430000,339.207334,-1.860833
1780474346.277231,,,BOARD_1,2,0,2395.000,1706.000,2631.000,2182.000,236.000,476.000,2395.000,1706.000,2631.000,2160.000,236.000,454.000,2395.000,1706.000,2631.000,2160.000,2513.000,1933.000,236.000,454.000,1,0.953782,26.430000,2.702474,-3.909583
1780474347.583560,,,BOARD_1,3,0,793.000,1255.000,1029.000,1731.000,236.000,476.000,793.000,1255.000,1029.000,1731.000,236.000,476.000,793.000,1255.000,1029.000,1731.000,911.000,1493.000,236.000,476.000,0,1.000000,26.430000,339.243793,-1.892917
1780474347.583560,,,BOARD_1,3,1,794.000,1256.000,1030.000,1732.000,236.000,476.000,794.000,1256.000,1030.000,1732.000,236.000,476.000,794.000,1256.000,1030.000,1732.000,912.000,1494.000,236.000,476.000,0,1.000000,26.430000,339.248350,-1.897500
1780474349.281168,,,BOARD_1,2,0,2627.000,1634.000,2863.000,2110.000,236.000,476.000,2627.000,1634.000,2863.000,2110.000,236.000,476.000,2627.000,1634.000,2863.000,2110.000,2745.000,1872.000,236.000,476.000,0,1.000000,26.430000,3.759766,-3.630000
1780474349.949776,,,BOARD_1,3,0,788.000,1258.000,1024.000,1734.000,236.000,476.000,788.000,1258.000,1024.000,1734.000,236.000,476.000,788.000,1258.000,1024.000,1734.000,906.000,1496.000,236.000,476.000,0,1.000000,26.430000,339.221006,-1.906667
1780474349.949776,,,BOARD_1,3,1,787.000,1264.000,1023.000,1740.000,236.000,476.000,787.000,1264.000,1023.000,1740.000,236.000,476.000,787.000,1264.000,1023.000,1740.000,905.000,1502.000,236.000,476.000,0,1.000000,26.430000,339.216449,-1.934167
1780474350.869624,,,BOARD_1,2,0,2394.000,1626.000,2630.000,2102.000,236.000,476.000,2394.000,1626.000,2630.000,2102.000,236.000,476.000,2394.000,1626.000,2630.000,2102.000,2512.000,1864.000,236.000,476.000,0,1.000000,26.430000,2.697917,-3.593333
1780474350.869624,,,BOARD_1,2,1,2395.000,1626.000,2631.000,2102.000,236.000,476.000,2395.000,1626.000,2631.000,2102.000,236.000,476.000,2395.000,1626.000,2631.000,2102.000,2513.000,1864.000,236.000,476.000,0,1.000000,26.430000,2.702474,-3.593333
1780474351.191016,,,BOARD_1,2,0,2619.000,1626.000,2855.000,2102.000,236.000,476.000,2619.000,1626.000,2855.000,2102.000,236.000,476.000,2619.000,1626.000,2855.000,2102.000,2737.000,1864.000,236.000,476.000,0,1.000000,26.430000,3.723307,-3.593333
1780474351.191016,,,BOARD_1,2,1,2400.000,1625.000,2636.000,2101.000,236.000,476.000,2400.000,1625.000,2636.000,2101.000,236.000,476.000,2400.000,1625.000,2636.000,2101.000,2518.000,1863.000,236.000,476.000,0,1.000000,26.430000,2.725260,-3.588750
1780474352.264501,,,BOARD_1,3,0,786.000,1268.000,1022.000,1744.000,236.000,476.000,786.000,1268.000,1022.000,1744.000,236.000,476.000,786.000,1268.000,1022.000,1744.000,904.000,1506.000,236.000,476.000,0,1.000000,26.430000,339.211892,-1.952500
1780474352.264501,,,BOARD_1,3,1,795.000,1256.000,1031.000,1732.000,236.000,476.000,795.000,1256.000,1031.000,1732.000,236.000,476.000,795.000,1256.000,1031.000,1732.000,913.000,1494.000,236.000,476.000,0,1.000000,26.430000,339.252907,-1.897500
1780474352.557273,,,BOARD_1,3,0,797.000,1255.000,1033.000,1731.000,236.000,476.000,797.000,1255.000,1033.000,1731.000,236.000,476.000,797.000,1255.000,1033.000,1731.000,915.000,1493.000,236.000,476.000,0,1.000000,26.430000,339.262022,-1.892917
1780474353.383288,,,BOARD_1,2,0,2406.000,1623.000,2642.000,2099.000,236.000,476.000,2406.000,1623.000,2642.000,2099.000,236.000,476.000,2406.000,1623.000,2642.000,2099.000,2524.000,1861.000,236.000,476.000,0,1.000000,26.430000,2.752604,-3.579583
1780474353.383288,,,BOARD_1,2,1,2638.000,1626.000,2874.000,2102.000,236.000,476.000,2638.000,1626.000,2874.000,2102.000,236.000,476.000,2638.000,1626.000,2874.000,2102.000,2756.000,1864.000,236.000,476.000,0,1.000000,26.430000,3.809896,-3.593333
1780474353.383288,,,BOARD_1,2,2,2387.000,1706.000,2623.000,2182.000,236.000,476.000,2387.000,1706.000,2623.000,2160.000,236.000,454.000,2387.000,1706.000,2623.000,2160.000,2505.000,1933.000,236.000,454.000,1,0.953782,26.430000,2.666016,-3.909583
1780474353.680163,,,BOARD_1,2,0,2643.000,1626.000,2879.000,2102.000,236.000,476.000,2643.000,1626.000,2879.000,2102.000,236.000,476.000,2643.000,1626.000,2879.000,2102.000,2761.000,1864.000,236.000,476.000,0,1.000000,26.430000,3.832682,-3.593333
1780474353.680163,,,BOARD_1,2,1,2388.000,1720.000,2624.000,2196.000,236.000,476.000,2388.000,1720.000,2624.000,2160.000,236.000,440.000,2388.000,1720.000,2624.000,2160.000,2506.000,1940.000,236.000,440.000,1,0.924370,26.430000,2.670573,-3.941667
1780474354.604689,,,BOARD_1,3,0,788.000,1258.000,1024.000,1734.000,236.000,476.000,788.000,1258.000,1024.000,1734.000,236.000,476.000,788.000,1258.000,1024.000,1734.000,906.000,1496.000,236.000,476.000,0,1.000000,26.430000,339.221006,-1.906667
1780474354.817089,,,BOARD_1,3,0,790.000,1260.000,1026.000,1736.000,236.000,476.000,790.000,1260.000,1026.000,1736.000,236.000,476.000,790.000,1260.000,1026.000,1736.000,908.000,1498.000,236.000,476.000,0,1.000000,26.430000,339.230121,-1.915833
1780474354.817089,,,BOARD_1,3,1,791.000,1261.000,1027.000,1737.000,236.000,476.000,791.000,1261.000,1027.000,1737.000,236.000,476.000,791.000,1261.000,1027.000,1737.000,909.000,1499.000,236.000,476.000,0,1.000000,26.430000,339.234678,-1.920417
1780474355.327484,,,BOARD_1,2,0,2399.000,1706.000,2635.000,2182.000,236.000,476.000,2399.000,1706.000,2635.000,2160.000,236.000,454.000,2399.000,1706.000,2635.000,2160.000,2517.000,1933.000,236.000,454.000,1,0.953782,26.430000,2.720703,-3.909583
1780474355.327484,,,BOARD_1,2,1,2843.000,1378.000,3079.000,1854.000,236.000,476.000,2843.000,1378.000,3079.000,1854.000,236.000,476.000,2843.000,1378.000,3079.000,1854.000,2961.000,1616.000,236.000,476.000,0,1.000000,26.430000,4.744141,-2.456667
1780474355.327484,,,BOARD_1,2,2,2402.000,1712.000,2638.000,2188.000,236.000,476.000,2402.000,1712.000,2638.000,2160.000,236.000,448.000,2402.000,1712.000,2638.000,2160.000,2520.000,1936.000,236.000,448.000,1,0.941176,26.430000,2.734375,-3.923333
1780474356.934545,,,BOARD_1,3,0,791.000,1262.000,1027.000,1738.000,236.000,476.000,791.000,1262.000,1027.000,1738.000,236.000,476.000,791.000,1262.000,1027.000,1738.000,909.000,1500.000,236.000,476.000,0,1.000000,26.430000,339.234678,-1.925000
1780474356.934545,,,BOARD_1,3,1,783.000,1254.000,1019.000,1730.000,236.000,476.000,783.000,1254.000,1019.000,1730.000,236.000,476.000,783.000,1254.000,1019.000,1730.000,901.000,1492.000,236.000,476.000,0,1.000000,26.430000,339.198220,-1.888333
1780474357.212170,,,BOARD_1,3,0,792.000,1260.000,1028.000,1736.000,236.000,476.000,792.000,1260.000,1028.000,1736.000,236.000,476.000,792.000,1260.000,1028.000,1736.000,910.000,1498.000,236.000,476.000,0,1.000000,26.430000,339.239235,-1.915833
1780474358.099223,,,BOARD_1,2,0,2840.000,1382.000,3076.000,1858.000,236.000,476.000,2840.000,1382.000,3076.000,1858.000,236.000,476.000,2840.000,1382.000,3076.000,1858.000,2958.000,1620.000,236.000,476.000,0,1.000000,26.430000,4.730469,-2.475000
1780474358.099223,,,BOARD_1,2,1,2851.000,1370.000,3087.000,1846.000,236.000,476.000,2851.000,1370.000,3087.000,1846.000,236.000,476.000,2851.000,1370.000,3087.000,1846.000,2969.000,1608.000,236.000,476.000,0,1.000000,26.430000,4.780599,-2.420000
1780474358.414110,,,BOARD_1,2,0,2853.000,1370.000,3089.000,1846.000,236.000,476.000,2853.000,1370.000,3089.000,1846.000,236.000,476.000,2853.000,1370.000,3089.000,1846.000,2971.000,1608.000,236.000,476.000,0,1.000000,26.430000,4.789714,-2.420000
1780474359.335788,,,BOARD_1,3,0,796.000,1263.000,1032.000,1739.000,236.000,476.000,796.000,1263.000,1032.000,1739.000,236.000,476.000,796.000,1263.000,1032.000,1739.000,914.000,1501.000,236.000,476.000,0,1.000000,26.430000,339.257465,-1.929583
1780474359.335788,,,BOARD_1,3,1,801.000,1266.000,1037.000,1742.000,236.000,476.000,801.000,1266.000,1037.000,1742.000,236.000,476.000,801.000,1266.000,1037.000,1742.000,919.000,1504.000,236.000,476.000,0,1.000000,26.430000,339.280251,-1.943333
1780474359.624689,,,BOARD_1,3,0,784.000,1252.000,1020.000,1728.000,236.000,476.000,784.000,1252.000,1020.000,1728.000,236.000,476.000,784.000,1252.000,1020.000,1728.000,902.000,1490.000,236.000,476.000,0,1.000000,26.430000,339.202777,-1.879167
1780474361.189631,,,BOARD_1,2,0,2855.000,1370.000,3091.000,1846.000,236.000,476.000,2855.000,1370.000,3091.000,1846.000,236.000,476.000,2855.000,1370.000,3091.000,1846.000,2973.000,1608.000,236.000,476.000,0,1.000000,26.430000,4.798828,-2.420000
1780474361.189631,,,BOARD_1,2,1,2856.000,1370.000,3092.000,1846.000,236.000,476.000,2856.000,1370.000,3092.000,1846.000,236.000,476.000,2856.000,1370.000,3092.000,1846.000,2974.000,1608.000,236.000,476.000,0,1.000000,26.430000,4.803385,-2.420000
1780474361.489800,,,BOARD_1,2,0,2621.000,1626.000,2857.000,2102.000,236.000,476.000,2621.000,1626.000,2857.000,2102.000,236.000,476.000,2621.000,1626.000,2857.000,2102.000,2739.000,1864.000,236.000,476.000,0,1.000000,26.430000,3.732422,-3.593333
1780474361.489800,,,BOARD_1,2,1,2858.000,1370.000,3094.000,1846.000,236.000,476.000,2858.000,1370.000,3094.000,1846.000,236.000,476.000,2858.000,1370.000,3094.000,1846.000,2976.000,1608.000,236.000,476.000,0,1.000000,26.430000,4.812500,-2.420000
1780474361.489800,,,BOARD_1,3,2,792.000,1260.000,1028.000,1736.000,236.000,476.000,792.000,1260.000,1028.000,1736.000,236.000,476.000,792.000,1260.000,1028.000,1736.000,910.000,1498.000,236.000,476.000,0,1.000000,26.430000,339.239235,-1.915833
1780474361.908552,,,BOARD_1,3,0,792.000,1260.000,1028.000,1736.000,236.000,476.000,792.000,1260.000,1028.000,1736.000,236.000,476.000,792.000,1260.000,1028.000,1736.000,910.000,1498.000,236.000,476.000,0,1.000000,26.430000,339.239235,-1.915833
1780474361.908552,,,BOARD_1,3,1,794.000,1262.000,1030.000,1738.000,236.000,476.000,794.000,1262.000,1030.000,1738.000,236.000,476.000,794.000,1262.000,1030.000,1738.000,912.000,1500.000,236.000,476.000,0,1.000000,26.430000,339.248350,-1.925000
1780474362.497718,,,BOARD_1,2,0,2853.000,1370.000,3089.000,1846.000,236.000,476.000,2853.000,1370.000,3089.000,1846.000,236.000,476.000,2853.000,1370.000,3089.000,1846.000,2971.000,1608.000,236.000,476.000,0,1.000000,26.430000,4.789714,-2.420000
1780474362.497718,,,BOARD_1,2,1,2389.000,1610.000,2625.000,2086.000,236.000,476.000,2389.000,1610.000,2625.000,2086.000,236.000,476.000,2389.000,1610.000,2625.000,2086.000,2507.000,1848.000,236.000,476.000,0,1.000000,26.430000,2.675130,-3.520000
1780474362.497718,,,BOARD_1,2,2,2851.000,1378.000,3087.000,1854.000,236.000,476.000,2851.000,1378.000,3087.000,1854.000,236.000,476.000,2851.000,1378.000,3087.000,1854.000,2969.000,1616.000,236.000,476.000,0,1.000000,26.430000,4.780599,-2.456667
1780474362.497718,,,BOARD_1,2,3,2348.000,1690.000,2584.000,2166.000,236.000,476.000,2348.000,1690.000,2584.000,2160.000,236.000,470.000,2348.000,1690.000,2584.000,2160.000,2466.000,1925.000,236.000,470.000,1,0.987395,26.430000,2.488281,-3.872917
1780474363.786114,,,BOARD_1,3,0,796.000,1264.000,1032.000,1740.000,236.000,476.000,796.000,1264.000,1032.000,1740.000,236.000,476.000,796.000,1264.000,1032.000,1740.000,914.000,1502.000,236.000,476.000,0,1.000000,26.430000,339.257465,-1.934167
1780474363.786114,,,BOARD_1,3,1,798.000,1266.000,1034.000,1742.000,236.000,476.000,798.000,1266.000,1034.000,1742.000,236.000,476.000,798.000,1266.000,1034.000,1742.000,916.000,1504.000,236.000,476.000,0,1.000000,26.430000,339.266579,-1.943333
1780474364.059559,,,BOARD_1,3,0,791.000,1256.000,1027.000,1732.000,236.000,476.000,791.000,1256.000,1027.000,1732.000,236.000,476.000,791.000,1256.000,1027.000,1732.000,909.000,1494.000,236.000,476.000,0,1.000000,26.430000,339.234678,-1.897500
1780474364.648615,,,BOARD_1,2,0,2850.000,1382.000,3086.000,1858.000,236.000,476.000,2850.000,1382.000,3086.000,1858.000,236.000,476.000,2850.000,1382.000,3086.000,1858.000,2968.000,1620.000,236.000,476.000,0,1.000000,26.430000,4.776042,-2.475000
1780474364.648615,,,BOARD_1,2,1,2326.000,1730.000,2562.000,2206.000,236.000,476.000,2326.000,1730.000,2562.000,2160.000,236.000,430.000,2326.000,1730.000,2562.000,2160.000,2444.000,1945.000,236.000,430.000,1,0.903361,26.430000,2.388021,-3.964583
1780474364.648615,,,BOARD_1,2,2,2859.000,1386.000,3095.000,1862.000,236.000,476.000,2859.000,1386.000,3095.000,1862.000,236.000,476.000,2859.000,1386.000,3095.000,1862.000,2977.000,1624.000,236.000,476.000,0,1.000000,26.430000,4.817057,-2.493333
1780474364.648615,,,BOARD_1,2,3,2340.000,1690.000,2576.000,2166.000,236.000,476.000,2340.000,1690.000,2576.000,2160.000,236.000,470.000,2340.000,1690.000,2576.000,2160.000,2458.000,1925.000,236.000,470.000,1,0.987395,26.430000,2.451823,-3.872917
1780474364.968302,,,BOARD_1,2,0,2852.000,1386.000,3088.000,1862.000,236.000,476.000,2852.000,1386.000,3088.000,1862.000,236.000,476.000,2852.000,1386.000,3088.000,1862.000,2970.000,1624.000,236.000,476.000,0,1.000000,26.430000,4.785156,-2.493333
1780474364.968302,,,BOARD_1,2,1,2388.000,1626.000,2624.000,2102.000,236.000,476.000,2388.000,1626.000,2624.000,2102.000,236.000,476.000,2388.000,1626.000,2624.000,2102.000,2506.000,1864.000,236.000,476.000,0,1.000000,26.430000,2.670573,-3.593333
1780474366.603217,,,BOARD_1,3,0,792.000,1256.000,1028.000,1732.000,236.000,476.000,792.000,1256.000,1028.000,1732.000,236.000,476.000,792.000,1256.000,1028.000,1732.000,910.000,1494.000,236.000,476.000,0,1.000000,26.430000,339.239235,-1.897500
1780474366.603217,,,BOARD_1,2,1,2849.000,1388.000,3085.000,1864.000,236.000,476.000,2849.000,1388.000,3085.000,1864.000,236.000,476.000,2849.000,1388.000,3085.000,1864.000,2967.000,1626.000,236.000,476.000,0,1.000000,26.430000,4.771484,-2.502500
1780474366.603217,,,BOARD_1,3,2,793.000,1257.000,1029.000,1733.000,236.000,476.000,793.000,1257.000,1029.000,1733.000,236.000,476.000,793.000,1257.000,1029.000,1733.000,911.000,1495.000,236.000,476.000,0,1.000000,26.430000,339.243793,-1.902083
1780474366.876900,,,BOARD_1,3,0,793.000,1257.000,1029.000,1733.000,236.000,476.000,793.000,1257.000,1029.000,1733.000,236.000,476.000,793.000,1257.000,1029.000,1733.000,911.000,1495.000,236.000,476.000,0,1.000000,26.430000,339.243793,-1.902083
1780474366.876900,,,BOARD_1,2,1,2860.000,1378.000,3096.000,1854.000,236.000,476.000,2860.000,1378.000,3096.000,1854.000,236.000,476.000,2860.000,1378.000,3096.000,1854.000,2978.000,1616.000,236.000,476.000,0,1.000000,26.430000,4.821615,-2.456667
1780474366.876900,,,BOARD_1,2,2,2861.000,1377.000,3097.000,1853.000,236.000,476.000,2861.000,1377.000,3097.000,1853.000,236.000,476.000,2861.000,1377.000,3097.000,1853.000,2979.000,1615.000,236.000,476.000,0,1.000000,26.430000,4.826172,-2.452083
1780474367.633925,,,BOARD_1,3,0,791.000,1260.000,1027.000,1736.000,236.000,476.000,791.000,1260.000,1027.000,1736.000,236.000,476.000,791.000,1260.000,1027.000,1736.000,909.000,1498.000,236.000,476.000,0,1.000000,26.430000,339.234678,-1.915833
1780474367.633925,,,BOARD_1,3,1,791.000,1261.000,1027.000,1737.000,236.000,476.000,791.000,1261.000,1027.000,1737.000,236.000,476.000,791.000,1261.000,1027.000,1737.000,909.000,1499.000,236.000,476.000,0,1.000000,26.430000,339.234678,-1.920417
1780474367.950665,,,BOARD_1,3,0,791.000,1256.000,1027.000,1732.000,236.000,476.000,791.000,1256.000,1027.000,1732.000,236.000,476.000,791.000,1256.000,1027.000,1732.000,909.000,1494.000,236.000,476.000,0,1.000000,26.430000,339.234678,-1.897500
1780474369.753067,,,BOARD_1,3,0,791.000,1255.000,1027.000,1731.000,236.000,476.000,791.000,1255.000,1027.000,1731.000,236.000,476.000,791.000,1255.000,1027.000,1731.000,909.000,1493.000,236.000,476.000,0,1.000000,26.430000,339.234678,-1.892917
1780474369.753067,,,BOARD_1,3,1,645.000,1486.000,709.000,1606.000,64.000,120.000,645.000,1486.000,709.000,1606.000,64.000,120.000,645.000,1486.000,709.000,1606.000,677.000,1546.000,64.000,120.000,0,1.000000,97.460000,338.177386,-2.135833
1780474369.753067,,,BOARD_1,2,2,2844.000,1386.000,3080.000,1862.000,236.000,476.000,2844.000,1386.000,3080.000,1862.000,236.000,476.000,2844.000,1386.000,3080.000,1862.000,2962.000,1624.000,236.000,476.000,0,1.000000,26.430000,4.748698,-2.493333
1780474369.753067,,,BOARD_1,3,3,791.000,1254.000,1027.000,1730.000,236.000,476.000,791.000,1254.000,1027.000,1730.000,236.000,476.000,791.000,1254.000,1027.000,1730.000,909.000,1492.000,236.000,476.000,0,1.000000,26.430000,339.234678,-1.888333
1780474369.981772,,,BOARD_1,2,0,2854.000,1383.000,3090.000,1859.000,236.000,476.000,2854.000,1383.000,3090.000,1859.000,236.000,476.000,2854.000,1383.000,3090.000,1859.000,2972.000,1621.000,236.000,476.000,0,1.000000,26.430000,4.794271,-2.479583
1780474369.981772,,,BOARD_1,3,1,791.000,1254.000,1027.000,1730.000,236.000,476.000,791.000,1254.000,1027.000,1730.000,236.000,476.000,791.000,1254.000,1027.000,1730.000,909.000,1492.000,236.000,476.000,0,1.000000,26.430000,339.234678,-1.888333
1780474369.981772,,,BOARD_1,2,2,2849.000,1386.000,3085.000,1862.000,236.000,476.000,2849.000,1386.000,3085.000,1862.000,236.000,476.000,2849.000,1386.000,3085.000,1862.000,2967.000,1624.000,236.000,476.000,0,1.000000,26.430000,4.771484,-2.493333
1780474370.856636,,,BOARD_1,3,0,791.000,1253.000,1027.000,1729.000,236.000,476.000,791.000,1253.000,1027.000,1729.000,236.000,476.000,791.000,1253.000,1027.000,1729.000,909.000,1491.000,236.000,476.000,0,1.000000,26.430000,339.234678,-1.883750
1780474370.856636,,,BOARD_1,3,1,645.000,1486.000,709.000,1606.000,64.000,120.000,645.000,1486.000,709.000,1606.000,64.000,120.000,645.000,1486.000,709.000,1606.000,677.000,1546.000,64.000,120.000,0,1.000000,97.460000,338.177386,-2.135833
1780474370.856636,,,BOARD_1,3,2,791.000,1253.000,1027.000,1729.000,236.000,476.000,791.000,1253.000,1027.000,1729.000,236.000,476.000,791.000,1253.000,1027.000,1729.000,909.000,1491.000,236.000,476.000,0,1.000000,26.430000,339.234678,-1.883750
1780474370.856636,,,BOARD_1,3,3,645.000,1486.000,709.000,1606.000,64.000,120.000,645.000,1486.000,709.000,1606.000,64.000,120.000,645.000,1486.000,709.000,1606.000,677.000,1546.000,64.000,120.000,0,1.000000,97.460000,338.177386,-2.135833
1780474372.764109,,,BOARD_1,2,0,2848.000,1387.000,3084.000,1863.000,236.000,476.000,2848.000,1387.000,3084.000,1863.000,236.000,476.000,2848.000,1387.000,3084.000,1863.000,2966.000,1625.000,236.000,476.000,0,1.000000,26.430000,4.766927,-2.497917
1780474372.764109,,,BOARD_1,2,1,2847.000,1388.000,3083.000,1864.000,236.000,476.000,2847.000,1388.000,3083.000,1864.000,236.000,476.000,2847.000,1388.000,3083.000,1864.000,2965.000,1626.000,236.000,476.000,0,1.000000,26.430000,4.762370,-2.502500
1780474373.018879,,,BOARD_1,2,0,2846.000,1390.000,3082.000,1866.000,236.000,476.000,2846.000,1390.000,3082.000,1866.000,236.000,476.000,2846.000,1390.000,3082.000,1866.000,2964.000,1628.000,236.000,476.000,0,1.000000,26.430000,4.757812,-2.511667
1780474375.765710,,,BOARD_1,2,0,2845.000,1391.000,3081.000,1867.000,236.000,476.000,2845.000,1391.000,3081.000,1867.000,236.000,476.000,2845.000,1391.000,3081.000,1867.000,2963.000,1629.000,236.000,476.000,0,1.000000,26.430000,4.753255,-2.516250
1780474376.074422,,,BOARD_1,2,0,2308.000,1106.000,2544.000,1582.000,236.000,476.000,2308.000,1106.000,2544.000,1582.000,236.000,476.000,2308.000,1106.000,2544.000,1582.000,2426.000,1344.000,236.000,476.000,0,1.000000,26.430000,2.305990,-1.210000
1780474378.521623,,,BOARD_1,2,0,2308.000,1106.000,2544.000,1582.000,236.000,476.000,2308.000,1106.000,2544.000,1582.000,236.000,476.000,2308.000,1106.000,2544.000,1582.000,2426.000,1344.000,236.000,476.000,0,1.000000,26.430000,2.305990,-1.210000
1780474378.521623,,,BOARD_1,2,1,2460.000,1114.000,2696.000,1590.000,236.000,476.000,2460.000,1114.000,2696.000,1590.000,236.000,476.000,2460.000,1114.000,2696.000,1590.000,2578.000,1352.000,236.000,476.000,0,1.000000,26.430000,2.998698,-1.246667
1780474378.826574,,,BOARD_1,2,0,2502.000,1116.000,2738.000,1592.000,236.000,476.000,2502.000,1116.000,2738.000,1592.000,236.000,476.000,2502.000,1116.000,2738.000,1592.000,2620.000,1354.000,236.000,476.000,0,1.000000,26.430000,3.190104,-1.255833
1780474382.492500,,,BOARD_1,3,0,454.000,1244.000,690.000,1720.000,236.000,476.000,454.000,1244.000,690.000,1720.000,236.000,476.000,454.000,1244.000,690.000,1720.000,572.000,1482.000,236.000,476.000,0,1.000000,26.430000,337.698871,-1.842500
1780474382.492500,,,BOARD_1,3,1,453.000,1243.000,689.000,1719.000,236.000,476.000,453.000,1243.000,689.000,1719.000,236.000,476.000,453.000,1243.000,689.000,1719.000,571.000,1481.000,236.000,476.000,0,1.000000,26.430000,337.694314,-1.837917
1780474385.000853,,,BOARD_1,3,0,657.000,1510.000,696.000,1561.000,39.000,51.000,657.000,1510.000,696.000,1561.000,39.000,51.000,657.000,1510.000,696.000,1561.000,676.500,1535.500,39.000,51.000,0,1.000000,159.930000,338.175108,-2.087708
1780474386.889509,,,BOARD_2,0,0,8.000,1272.000,472.000,1632.000,464.000,360.000,8.000,1272.000,472.000,1632.000,464.000,360.000,8.000,1272.000,472.000,1632.000,240.000,1452.000,464.000,360.000,0,1.000000,13.440000,26.652350,7.795000
1780474386.889509,,,BOARD_2,0,1,2.000,1275.000,466.000,1635.000,464.000,360.000,2.000,1275.000,466.000,1635.000,464.000,360.000,2.000,1275.000,466.000,1635.000,234.000,1455.000,464.000,360.000,0,1.000000,13.440000,26.625006,7.781250
1780474387.507630,,,BOARD_2,0,0,8.000,1202.000,472.000,1562.000,464.000,360.000,8.000,1202.000,472.000,1562.000,464.000,360.000,8.000,1202.000,472.000,1562.000,240.000,1382.000,464.000,360.000,0,1.000000,13.440000,26.652350,8.115833
1780474389.844795,,,BOARD_1,3,0,709.000,1386.000,945.000,1862.000,236.000,476.000,709.000,1386.000,945.000,1862.000,236.000,476.000,709.000,1386.000,945.000,1862.000,827.000,1624.000,236.000,476.000,0,1.000000,26.430000,338.860980,-2.493333
1780474389.844795,,,BOARD_1,2,1,2362.000,1450.000,2598.000,1926.000,236.000,476.000,2362.000,1450.000,2598.000,1926.000,236.000,476.000,2362.000,1450.000,2598.000,1926.000,2480.000,1688.000,236.000,476.000,0,1.000000,26.430000,2.552083,-2.786667
1780474390.239840,,,BOARD_1,3,0,733.000,1386.000,853.000,1630.000,120.000,244.000,733.000,1386.000,853.000,1630.000,120.000,244.000,733.000,1386.000,853.000,1630.000,793.000,1508.000,120.000,244.000,0,1.000000,51.980000,338.706032,-1.961667
1780474444.513556,,,BOARD_2,1,0,3101.000,844.000,3349.000,1024.000,248.000,180.000,3101.000,844.000,3349.000,1024.000,248.000,180.000,3101.000,844.000,3349.000,1024.000,3225.000,934.000,248.000,180.000,0,1.000000,25.150000,21.506566,10.169167
1780474445.067044,,,BOARD_2,1,0,3132.000,870.000,3380.000,1050.000,248.000,180.000,3132.000,870.000,3380.000,1050.000,248.000,180.000,3132.000,870.000,3380.000,1050.000,3256.000,960.000,248.000,180.000,0,1.000000,25.150000,21.647842,10.050000
1780474445.816191,,,BOARD_2,1,0,3200.000,943.000,3332.000,1035.000,132.000,92.000,3200.000,943.000,3332.000,1035.000,132.000,92.000,3200.000,943.000,3332.000,1035.000,3266.000,989.000,132.000,92.000,0,1.000000,47.250000,21.693415,9.917083
1780474445.816191,,,BOARD_2,1,1,3207.000,954.000,3339.000,1046.000,132.000,92.000,3207.000,954.000,3339.000,1046.000,132.000,92.000,3207.000,954.000,3339.000,1046.000,3273.000,1000.000,132.000,92.000,0,1.000000,47.250000,21.725316,9.866667
1780474446.372551,,,BOARD_2,1,0,3218.000,961.000,3350.000,1053.000,132.000,92.000,3218.000,961.000,3350.000,1053.000,132.000,92.000,3218.000,961.000,3350.000,1053.000,3284.000,1007.000,132.000,92.000,0,1.000000,47.250000,21.775446,9.834583
1780474446.372551,,,BOARD_2,1,1,3224.000,969.000,3356.000,1061.000,132.000,92.000,3224.000,969.000,3356.000,1061.000,132.000,92.000,3224.000,969.000,3356.000,1061.000,3290.000,1015.000,132.000,92.000,0,1.000000,47.250000,21.802790,9.797917
1780474447.143585,,,BOARD_2,1,0,3181.000,989.000,3429.000,1169.000,248.000,180.000,3181.000,989.000,3429.000,1169.000,248.000,180.000,3181.000,989.000,3429.000,1169.000,3305.000,1079.000,248.000,180.000,0,1.000000,25.150000,21.871149,9.504583
1780474447.852636,,,BOARD_2,1,0,3186.000,1015.000,3434.000,1195.000,248.000,180.000,3186.000,1015.000,3434.000,1195.000,248.000,180.000,3186.000,1015.000,3434.000,1195.000,3310.000,1105.000,248.000,180.000,0,1.000000,25.150000,21.893935,9.385417
1780474448.665532,,,BOARD_2,1,0,3186.000,1144.000,3434.000,1324.000,248.000,180.000,3186.000,1144.000,3434.000,1324.000,248.000,180.000,3186.000,1144.000,3434.000,1324.000,3310.000,1234.000,248.000,180.000,0,1.000000,25.150000,21.893935,8.794167
1780474450.464168,,,BOARD_2,1,0,3270.000,1496.000,3518.000,1676.000,248.000,180.000,3270.000,1496.000,3518.000,1676.000,248.000,180.000,3270.000,1496.000,3518.000,1676.000,3394.000,1586.000,248.000,180.000,0,1.000000,25.150000,22.276748,7.180833
1780474451.133063,,,BOARD_2,1,0,3348.000,1580.000,3480.000,1672.000,132.000,92.000,3348.000,1580.000,3480.000,1672.000,132.000,92.000,3348.000,1580.000,3480.000,1672.000,3414.000,1626.000,132.000,92.000,0,1.000000,47.250000,22.367894,6.997500
1780474451.643500,,,BOARD_2,1,0,3370.000,1618.000,3502.000,1710.000,132.000,92.000,3370.000,1618.000,3502.000,1710.000,132.000,92.000,3370.000,1618.000,3502.000,1710.000,3436.000,1664.000,132.000,92.000,0,1.000000,47.250000,22.468154,6.823333
1780474468.400237,,,BOARD_2,1,0,1888.000,1610.000,2020.000,1702.000,132.000,92.000,1888.000,1610.000,2020.000,1702.000,132.000,92.000,1888.000,1610.000,2020.000,1702.000,1954.000,1656.000,132.000,92.000,0,1.000000,47.250000,15.714248,6.860000
1780474468.400237,,,BOARD_2,1,1,1886.000,1610.000,2018.000,1702.000,132.000,92.000,1886.000,1610.000,2018.000,1702.000,132.000,92.000,1886.000,1610.000,2018.000,1702.000,1952.000,1656.000,132.000,92.000,0,1.000000,47.250000,15.705133,6.860000
1780474469.027807,,,BOARD_2,1,0,1888.000,1613.000,2020.000,1705.000,132.000,92.000,1888.000,1613.000,2020.000,1705.000,132.000,92.000,1888.000,1613.000,2020.000,1705.000,1954.000,1659.000,132.000,92.000,0,1.000000,47.250000,15.714248,6.846250
1780474469.027807,,,BOARD_2,1,1,1887.000,1613.000,2019.000,1705.000,132.000,92.000,1887.000,1613.000,2019.000,1705.000,132.000,92.000,1887.000,1613.000,2019.000,1705.000,1953.000,1659.000,132.000,92.000,0,1.000000,47.250000,15.709691,6.846250
1780474469.512977,,,BOARD_2,1,0,1886.000,1614.000,2018.000,1706.000,132.000,92.000,1886.000,1614.000,2018.000,1706.000,132.000,92.000,1886.000,1614.000,2018.000,1706.000,1952.000,1660.000,132.000,92.000,0,1.000000,47.250000,15.705133,6.841667
1780474469.512977,,,BOARD_2,1,1,1836.000,1578.000,2084.000,1758.000,248.000,180.000,1836.000,1578.000,2084.000,1758.000,248.000,180.000,1836.000,1578.000,2084.000,1758.000,1960.000,1668.000,248.000,180.000,0,1.000000,25.150000,15.741592,6.805000
1780474469.757217,,,BOARD_2,1,0,1837.000,1580.000,2085.000,1760.000,248.000,180.000,1837.000,1580.000,2085.000,1760.000,248.000,180.000,1837.000,1580.000,2085.000,1760.000,1961.000,1670.000,248.000,180.000,0,1.000000,25.150000,15.746149,6.795833
1780474470.165612,,,BOARD_2,1,0,1845.000,1574.000,2093.000,1754.000,248.000,180.000,1845.000,1574.000,2093.000,1754.000,248.000,180.000,1845.000,1574.000,2093.000,1754.000,1969.000,1664.000,248.000,180.000,0,1.000000,25.150000,15.782607,6.823333
1780474470.165612,,,BOARD_2,1,1,1847.000,1574.000,2095.000,1754.000,248.000,180.000,1847.000,1574.000,2095.000,1754.000,248.000,180.000,1847.000,1574.000,2095.000,1754.000,1971.000,1664.000,248.000,180.000,0,1.000000,25.150000,15.791722,6.823333
1780474470.616035,,,BOARD_2,1,0,1887.000,1606.000,2019.000,1698.000,132.000,92.000,1887.000,1606.000,2019.000,1698.000,132.000,92.000,1887.000,1606.000,2019.000,1698.000,1953.000,1652.000,132.000,92.000,0,1.000000,47.250000,15.709691,6.878333
1780474470.616035,,,BOARD_2,1,1,1885.000,1604.000,2017.000,1696.000,132.000,92.000,1885.000,1604.000,2017.000,1696.000,132.000,92.000,1885.000,1604.000,2017.000,1696.000,1951.000,1650.000,132.000,92.000,0,1.000000,47.250000,15.700576,6.887500
1780474471.101944,,,BOARD_2,1,0,1833.000,1566.000,2081.000,1746.000,248.000,180.000,1833.000,1566.000,2081.000,1746.000,248.000,180.000,1833.000,1566.000,2081.000,1746.000,1957.000,1656.000,248.000,180.000,0,1.000000,25.150000,15.727920,6.860000
1780474471.101944,,,BOARD_2,1,1,1833.000,1566.000,2081.000,1746.000,248.000,180.000,1833.000,1566.000,2081.000,1746.000,248.000,180.000,1833.000,1566.000,2081.000,1746.000,1957.000,1656.000,248.000,180.000,0,1.000000,25.150000,15.727920,6.860000
1780474471.721456,,,BOARD_2,1,0,1841.000,1574.000,2089.000,1754.000,248.000,180.000,1841.000,1574.000,2089.000,1754.000,248.000,180.000,1841.000,1574.000,2089.000,1754.000,1965.000,1664.000,248.000,180.000,0,1.000000,25.150000,15.764378,6.823333
1780474471.721456,,,BOARD_2,1,1,1842.000,1575.000,2090.000,1755.000,248.000,180.000,1842.000,1575.000,2090.000,1755.000,248.000,180.000,1842.000,1575.000,2090.000,1755.000,1966.000,1665.000,248.000,180.000,0,1.000000,25.150000,15.768935,6.818750
1780474472.452884,,,BOARD_2,1,0,1882.000,1609.000,2014.000,1701.000,132.000,92.000,1882.000,1609.000,2014.000,1701.000,132.000,92.000,1882.000,1609.000,2014.000,1701.000,1948.000,1655.000,132.000,92.000,0,1.000000,47.250000,15.686904,6.864583
1780474472.452884,,,BOARD_2,1,1,1880.000,1608.000,2012.000,1700.000,132.000,92.000,1880.000,1608.000,2012.000,1700.000,132.000,92.000,1880.000,1608.000,2012.000,1700.000,1946.000,1654.000,132.000,92.000,0,1.000000,47.250000,15.677790,6.869167
1780474473.090475,,,BOARD_2,1,0,1843.000,1571.000,2091.000,1751.000,248.000,180.000,1843.000,1571.000,2091.000,1751.000,248.000,180.000,1843.000,1571.000,2091.000,1751.000,1967.000,1661.000,248.000,180.000,0,1.000000,25.150000,15.773493,6.837083
1780474473.618742,,,BOARD_2,1,0,1878.000,1604.000,2010.000,1696.000,132.000,92.000,1878.000,1604.000,2010.000,1696.000,132.000,92.000,1878.000,1604.000,2010.000,1696.000,1944.000,1650.000,132.000,92.000,0,1.000000,47.250000,15.668675,6.887500
1780474474.923306,,,BOARD_2,1,0,1876.000,1605.000,2008.000,1696.000,132.000,91.000,1876.000,1605.000,2008.000,1696.000,132.000,91.000,1876.000,1605.000,2008.000,1696.000,1942.000,1650.500,132.000,91.000,0,1.000000,47.250000,15.659560,6.885208
1780474474.923306,,,BOARD_2,1,1,1871.000,1604.000,2003.000,1695.000,132.000,91.000,1871.000,1604.000,2003.000,1695.000,132.000,91.000,1871.000,1604.000,2003.000,1695.000,1937.000,1649.500,132.000,91.000,0,1.000000,47.250000,15.636774,6.889792
1780474475.526262,,,BOARD_2,1,0,1878.000,1598.000,2010.000,1690.000,132.000,92.000,1878.000,1598.000,2010.000,1690.000,132.000,92.000,1878.000,1598.000,2010.000,1690.000,1944.000,1644.000,132.000,92.000,0,1.000000,47.250000,15.668675,6.915000
1780474475.526262,,,BOARD_2,1,1,1876.000,1596.000,2008.000,1688.000,132.000,92.000,1876.000,1596.000,2008.000,1688.000,132.000,92.000,1876.000,1596.000,2008.000,1688.000,1942.000,1642.000,132.000,92.000,0,1.000000,47.250000,15.659560,6.924167
1780474476.057105,,,BOARD_2,1,0,1824.000,1558.000,2072.000,1738.000,248.000,180.000,1824.000,1558.000,2072.000,1738.000,248.000,180.000,1824.000,1558.000,2072.000,1738.000,1948.000,1648.000,248.000,180.000,0,1.000000,25.150000,15.686904,6.896667
1780474476.057105,,,BOARD_2,1,1,1824.000,1558.000,2072.000,1738.000,248.000,180.000,1824.000,1558.000,2072.000,1738.000,248.000,180.000,1824.000,1558.000,2072.000,1738.000,1948.000,1648.000,248.000,180.000,0,1.000000,25.150000,15.686904,6.896667
1780474476.826460,,,BOARD_2,1,0,1832.000,1566.000,2080.000,1746.000,248.000,180.000,1832.000,1566.000,2080.000,1746.000,248.000,180.000,1832.000,1566.000,2080.000,1746.000,1956.000,1656.000,248.000,180.000,0,1.000000,25.150000,15.723363,6.860000
1780474476.826460,,,BOARD_2,1,1,1833.000,1567.000,2081.000,1747.000,248.000,180.000,1833.000,1567.000,2081.000,1747.000,248.000,180.000,1833.000,1567.000,2081.000,1747.000,1957.000,1657.000,248.000,180.000,0,1.000000,25.150000,15.727920,6.855417
1780474477.360650,,,BOARD_2,1,0,1881.000,1601.000,2013.000,1693.000,132.000,92.000,1881.000,1601.000,2013.000,1693.000,132.000,92.000,1881.000,1601.000,2013.000,1693.000,1947.000,1647.000,132.000,92.000,0,1.000000,47.250000,15.682347,6.901250
1780474477.360650,,,BOARD_2,1,1,1880.000,1600.000,2012.000,1692.000,132.000,92.000,1880.000,1600.000,2012.000,1692.000,132.000,92.000,1880.000,1600.000,2012.000,1692.000,1946.000,1646.000,132.000,92.000,0,1.000000,47.250000,15.677790,6.905833
1780474477.968549,,,BOARD_2,1,0,1875.000,1603.000,2007.000,1695.000,132.000,92.000,1875.000,1603.000,2007.000,1695.000,132.000,92.000,1875.000,1603.000,2007.000,1695.000,1941.000,1649.000,132.000,92.000,0,1.000000,47.250000,15.655003,6.892083
1780474477.968549,,,BOARD_2,1,1,1873.000,1603.000,2005.000,1695.000,132.000,92.000,1873.000,1603.000,2005.000,1695.000,132.000,92.000,1873.000,1603.000,2005.000,1695.000,1939.000,1649.000,132.000,92.000,0,1.000000,47.250000,15.645889,6.892083
1780474478.542367,,,BOARD_2,1,0,1838.000,1567.000,2086.000,1747.000,248.000,180.000,1838.000,1567.000,2086.000,1747.000,248.000,180.000,1838.000,1567.000,2086.000,1747.000,1962.000,1657.000,248.000,180.000,0,1.000000,25.150000,15.750706,6.855417
1780474478.542367,,,BOARD_2,1,1,1841.000,1568.000,2089.000,1748.000,248.000,180.000,1841.000,1568.000,2089.000,1748.000,248.000,180.000,1841.000,1568.000,2089.000,1748.000,1965.000,1658.000,248.000,180.000,0,1.000000,25.150000,15.764378,6.850833
1780474479.041640,,,BOARD_2,1,0,1874.000,1610.000,2006.000,1701.000,132.000,91.000,1874.000,1610.000,2006.000,1701.000,132.000,91.000,1874.000,1610.000,2006.000,1701.000,1940.000,1655.500,132.000,91.000,0,1.000000,47.250000,15.650446,6.862292
1780474479.571195,,,BOARD_2,1,0,1835.000,1574.000,2083.000,1754.000,248.000,180.000,1835.000,1574.000,2083.000,1754.000,248.000,180.000,1835.000,1574.000,2083.000,1754.000,1959.000,1664.000,248.000,180.000,0,1.000000,25.150000,15.737034,6.823333
1780474480.059811,,,BOARD_2,1,0,1878.000,1609.000,2010.000,1700.000,132.000,91.000,1878.000,1609.000,2010.000,1700.000,132.000,91.000,1878.000,1609.000,2010.000,1700.000,1944.000,1654.500,132.000,91.000,0,1.000000,47.250000,15.668675,6.866875
1780474480.923388,,,BOARD_2,1,0,1879.000,1610.000,2011.000,1702.000,132.000,92.000,1879.000,1610.000,2011.000,1702.000,132.000,92.000,1879.000,1610.000,2011.000,1702.000,1945.000,1656.000,132.000,92.000,0,1.000000,47.250000,15.673232,6.860000
1780474480.923388,,,BOARD_2,1,1,1878.000,1610.000,2010.000,1702.000,132.000,92.000,1878.000,1610.000,2010.000,1702.000,132.000,92.000,1878.000,1610.000,2010.000,1702.000,1944.000,1656.000,132.000,92.000,0,1.000000,47.250000,15.668675,6.860000
1780474481.460281,,,BOARD_2,1,0,1874.000,1614.000,2006.000,1705.000,132.000,91.000,1874.000,1614.000,2006.000,1705.000,132.000,91.000,1874.000,1614.000,2006.000,1705.000,1940.000,1659.500,132.000,91.000,0,1.000000,47.250000,15.650446,6.843958
1780474481.460281,,,BOARD_2,1,1,1873.000,1615.000,2005.000,1706.000,132.000,91.000,1873.000,1615.000,2005.000,1706.000,132.000,91.000,1873.000,1615.000,2005.000,1706.000,1939.000,1660.500,132.000,91.000,0,1.000000,47.250000,15.645889,6.839375
1780474482.079720,,,BOARD_2,1,0,1838.000,1578.000,2086.000,1758.000,248.000,180.000,1838.000,1578.000,2086.000,1758.000,248.000,180.000,1838.000,1578.000,2086.000,1758.000,1962.000,1668.000,248.000,180.000,0,1.000000,25.150000,15.750706,6.805000
1780474482.079720,,,BOARD_2,1,1,1842.000,1580.000,2090.000,1760.000,248.000,180.000,1842.000,1580.000,2090.000,1760.000,248.000,180.000,1842.000,1580.000,2090.000,1760.000,1966.000,1670.000,248.000,180.000,0,1.000000,25.150000,15.768935,6.795833
1780474482.682085,,,BOARD_2,1,0,1837.000,1590.000,2085.000,1770.000,248.000,180.000,1837.000,1590.000,2085.000,1770.000,248.000,180.000,1837.000,1590.000,2085.000,1770.000,1961.000,1680.000,248.000,180.000,0,1.000000,25.150000,15.746149,6.750000
1780474482.682085,,,BOARD_2,1,1,1838.000,1593.000,2086.000,1773.000,248.000,180.000,1838.000,1593.000,2086.000,1773.000,248.000,180.000,1838.000,1593.000,2086.000,1773.000,1962.000,1683.000,248.000,180.000,0,1.000000,25.150000,15.750706,6.736250
1780474483.271042,,,BOARD_2,1,0,1878.000,1620.000,2010.000,1712.000,132.000,92.000,1878.000,1620.000,2010.000,1712.000,132.000,92.000,1878.000,1620.000,2010.000,1712.000,1944.000,1666.000,132.000,92.000,0,1.000000,47.250000,15.668675,6.814167
1780474483.271042,,,BOARD_2,1,1,1876.000,1619.000,2008.000,1711.000,132.000,92.000,1876.000,1619.000,2008.000,1711.000,132.000,92.000,1876.000,1619.000,2008.000,1711.000,1942.000,1665.000,132.000,92.000,0,1.000000,47.250000,15.659560,6.818750
1780474484.100749,,,BOARD_2,1,0,1877.000,1622.000,2009.000,1714.000,132.000,92.000,1877.000,1622.000,2009.000,1714.000,132.000,92.000,1877.000,1622.000,2009.000,1714.000,1943.000,1668.000,132.000,92.000,0,1.000000,47.250000,15.664118,6.805000
1780474484.100749,,,BOARD_2,1,1,1876.000,1622.000,2008.000,1714.000,132.000,92.000,1876.000,1622.000,2008.000,1714.000,132.000,92.000,1876.000,1622.000,2008.000,1714.000,1942.000,1668.000,132.000,92.000,0,1.000000,47.250000,15.659560,6.805000
1780474484.690146,,,BOARD_2,1,0,1878.000,1626.000,2010.000,1717.000,132.000,91.000,1878.000,1626.000,2010.000,1717.000,132.000,91.000,1878.000,1626.000,2010.000,1717.000,1944.000,1671.500,132.000,91.000,0,1.000000,47.250000,15.668675,6.788958
1780474484.690146,,,BOARD_2,1,1,1878.000,1627.000,2010.000,1718.000,132.000,91.000,1878.000,1627.000,2010.000,1718.000,132.000,91.000,1878.000,1627.000,2010.000,1718.000,1944.000,1672.500,132.000,91.000,0,1.000000,47.250000,15.668675,6.784375
1780474485.334553,,,BOARD_2,1,0,1881.000,1622.000,2013.000,1713.000,132.000,91.000,1881.000,1622.000,2013.000,1713.000,132.000,91.000,1881.000,1622.000,2013.000,1713.000,1947.000,1667.500,132.000,91.000,0,1.000000,47.250000,15.682347,6.807292
1780474485.667540,,,BOARD_2,1,0,1881.000,1622.000,2013.000,1713.000,132.000,91.000,1881.000,1622.000,2013.000,1713.000,132.000,91.000,1881.000,1622.000,2013.000,1713.000,1947.000,1667.500,132.000,91.000,0,1.000000,47.250000,15.682347,6.807292
1780474485.920155,,,BOARD_2,1,0,1877.000,1626.000,2009.000,1717.000,132.000,91.000,1877.000,1626.000,2009.000,1717.000,132.000,91.000,1877.000,1626.000,2009.000,1717.000,1943.000,1671.500,132.000,91.000,0,1.000000,47.250000,15.664118,6.788958
1780474486.199487,,,BOARD_2,1,0,1876.000,1627.000,2008.000,1718.000,132.000,91.000,1876.000,1627.000,2008.000,1718.000,132.000,91.000,1876.000,1627.000,2008.000,1718.000,1942.000,1672.500,132.000,91.000,0,1.000000,47.250000,15.659560,6.784375
1780474486.628345,,,BOARD_2,1,0,1875.000,1628.000,2007.000,1719.000,132.000,91.000,1875.000,1628.000,2007.000,1719.000,132.000,91.000,1875.000,1628.000,2007.000,1719.000,1941.000,1673.500,132.000,91.000,0,1.000000,47.250000,15.655003,6.779792
1780474486.628345,,,BOARD_2,1,1,1887.000,1624.000,2019.000,1716.000,132.000,92.000,1887.000,1624.000,2019.000,1716.000,132.000,92.000,1887.000,1624.000,2019.000,1716.000,1953.000,1670.000,132.000,92.000,0,1.000000,47.250000,15.709691,6.795833
1780474486.872627,,,BOARD_2,1,0,1888.000,1624.000,2020.000,1716.000,132.000,92.000,1888.000,1624.000,2020.000,1716.000,132.000,92.000,1888.000,1624.000,2020.000,1716.000,1954.000,1670.000,132.000,92.000,0,1.000000,47.250000,15.714248,6.795833
1780474487.148345,,,BOARD_2,1,0,1890.000,1624.000,2022.000,1716.000,132.000,92.000,1890.000,1624.000,2022.000,1716.000,132.000,92.000,1890.000,1624.000,2022.000,1716.000,1956.000,1670.000,132.000,92.000,0,1.000000,47.250000,15.723363,6.795833
1780474487.370431,,,BOARD_2,1,0,1840.000,1588.000,2088.000,1768.000,248.000,180.000,1840.000,1588.000,2088.000,1768.000,248.000,180.000,1840.000,1588.000,2088.000,1768.000,1964.000,1678.000,248.000,180.000,0,1.000000,25.150000,15.759821,6.759167
1780474487.627722,,,BOARD_2,1,0,1842.000,1589.000,2090.000,1769.000,248.000,180.000,1842.000,1589.000,2090.000,1769.000,248.000,180.000,1842.000,1589.000,2090.000,1769.000,1966.000,1679.000,248.000,180.000,0,1.000000,25.150000,15.768935,6.754583
1780474487.627722,,,BOARD_2,1,1,1886.000,1620.000,2018.000,1712.000,132.000,92.000,1886.000,1620.000,2018.000,1712.000,132.000,92.000,1886.000,1620.000,2018.000,1712.000,1952.000,1666.000,132.000,92.000,0,1.000000,47.250000,15.705133,6.814167
1780474487.858464,,,BOARD_2,1,0,1884.000,1617.000,2016.000,1709.000,132.000,92.000,1884.000,1617.000,2016.000,1709.000,132.000,92.000,1884.000,1617.000,2016.000,1709.000,1950.000,1663.000,132.000,92.000,0,1.000000,47.250000,15.696019,6.827917
1780474488.248662,,,BOARD_2,1,0,1831.000,1578.000,2079.000,1758.000,248.000,180.000,1831.000,1578.000,2079.000,1758.000,248.000,180.000,1831.000,1578.000,2079.000,1758.000,1955.000,1668.000,248.000,180.000,0,1.000000,25.150000,15.718805,6.805000
1780474488.454227,,,BOARD_2,1,0,1830.000,1577.000,2078.000,1757.000,248.000,180.000,1830.000,1577.000,2078.000,1757.000,248.000,180.000,1830.000,1577.000,2078.000,1757.000,1954.000,1667.000,248.000,180.000,0,1.000000,25.150000,15.714248,6.809583
1780474489.202319,,,BOARD_2,1,0,1838.000,1584.000,2086.000,1764.000,248.000,180.000,1838.000,1584.000,2086.000,1764.000,248.000,180.000,1838.000,1584.000,2086.000,1764.000,1962.000,1674.000,248.000,180.000,0,1.000000,25.150000,15.750706,6.777500
1780474489.202319,,,BOARD_2,1,1,1839.000,1585.000,2087.000,1765.000,248.000,180.000,1839.000,1585.000,2087.000,1765.000,248.000,180.000,1839.000,1585.000,2087.000,1765.000,1963.000,1675.000,248.000,180.000,0,1.000000,25.150000,15.755264,6.772917
1780474489.738660,,,BOARD_2,1,0,1912.000,1561.000,2032.000,1805.000,120.000,244.000,1912.000,1561.000,2032.000,1805.000,120.000,244.000,1912.000,1561.000,2032.000,1805.000,1972.000,1683.000,120.000,244.000,0,1.000000,51.980000,15.796279,6.736250
1780474489.738660,,,BOARD_2,1,1,1914.000,1563.000,2034.000,1807.000,120.000,244.000,1914.000,1563.000,2034.000,1807.000,120.000,244.000,1914.000,1563.000,2034.000,1807.000,1974.000,1685.000,120.000,244.000,0,1.000000,51.980000,15.805394,6.727083
1780474537.232239,,,BOARD_2,1,0,2115.000,1669.000,2363.000,1849.000,248.000,180.000,2115.000,1669.000,2363.000,1849.000,248.000,180.000,2115.000,1669.000,2363.000,1849.000,2239.000,1759.000,248.000,180.000,0,1.000000,25.150000,17.013076,6.387917
1780474546.358312,,,BOARD_2,1,0,1248.000,1585.000,1496.000,1765.000,248.000,180.000,1248.000,1585.000,1496.000,1765.000,248.000,180.000,1248.000,1585.000,1496.000,1765.000,1372.000,1675.000,248.000,180.000,0,1.000000,25.150000,13.061904,6.772917
1780474546.358312,,,BOARD_2,1,1,1255.000,1587.000,1503.000,1767.000,248.000,180.000,1255.000,1587.000,1503.000,1767.000,248.000,180.000,1255.000,1587.000,1503.000,1767.000,1379.000,1677.000,248.000,180.000,0,1.000000,25.150000,13.093805,6.763750
1780474546.757997,,,BOARD_2,1,0,1261.000,1589.000,1509.000,1769.000,248.000,180.000,1261.000,1589.000,1509.000,1769.000,248.000,180.000,1261.000,1589.000,1509.000,1769.000,1385.000,1679.000,248.000,180.000,0,1.000000,25.150000,13.121149,6.754583
1780474546.757997,,,BOARD_2,1,1,1237.000,1565.000,1485.000,1745.000,248.000,180.000,1237.000,1565.000,1485.000,1745.000,248.000,180.000,1237.000,1565.000,1485.000,1745.000,1361.000,1655.000,248.000,180.000,0,1.000000,25.150000,13.011774,6.864583
1780474546.983865,,,BOARD_2,1,0,1238.000,1562.000,1486.000,1742.000,248.000,180.000,1238.000,1562.000,1486.000,1742.000,248.000,180.000,1238.000,1562.000,1486.000,1742.000,1362.000,1652.000,248.000,180.000,0,1.000000,25.150000,13.016331,6.878333
1780474547.500177,,,BOARD_2,1,0,1293.000,1536.000,1425.000,1628.000,132.000,92.000,1293.000,1536.000,1425.000,1628.000,132.000,92.000,1293.000,1536.000,1425.000,1628.000,1359.000,1582.000,132.000,92.000,0,1.000000,47.250000,13.002659,7.199167
1780474548.113332,,,BOARD_2,1,0,1243.000,1439.000,1491.000,1619.000,248.000,180.000,1243.000,1439.000,1491.000,1619.000,248.000,180.000,1243.000,1439.000,1491.000,1619.000,1367.000,1529.000,248.000,180.000,0,1.000000,25.150000,13.039118,7.442083
1780474548.113332,,,BOARD_2,1,1,1244.000,1423.000,1492.000,1603.000,248.000,180.000,1244.000,1423.000,1492.000,1603.000,248.000,180.000,1244.000,1423.000,1492.000,1603.000,1368.000,1513.000,248.000,180.000,0,1.000000,25.150000,13.043675,7.515417
1780474548.679698,,,BOARD_2,1,0,1300.000,1422.000,1432.000,1514.000,132.000,92.000,1300.000,1422.000,1432.000,1514.000,132.000,92.000,1300.000,1422.000,1432.000,1514.000,1366.000,1468.000,132.000,92.000,0,1.000000,47.250000,13.034560,7.721667
1780474548.679698,,,BOARD_2,1,1,1300.000,1403.000,1432.000,1495.000,132.000,92.000,1300.000,1403.000,1432.000,1495.000,132.000,92.000,1300.000,1403.000,1432.000,1495.000,1366.000,1449.000,132.000,92.000,0,1.000000,47.250000,13.034560,7.808750
1780474549.257654,,,BOARD_2,1,0,1251.000,1381.000,1499.000,1561.000,248.000,180.000,1251.000,1381.000,1499.000,1561.000,248.000,180.000,1251.000,1381.000,1499.000,1561.000,1375.000,1471.000,248.000,180.000,0,1.000000,25.150000,13.075576,7.707917
1780474549.851087,,,BOARD_2,1,0,1247.000,1389.000,1495.000,1569.000,248.000,180.000,1247.000,1389.000,1495.000,1569.000,248.000,180.000,1247.000,1389.000,1495.000,1569.000,1371.000,1479.000,248.000,180.000,0,1.000000,25.150000,13.057347,7.671250
1780474550.440455,,,BOARD_2,1,0,1301.000,1425.000,1433.000,1517.000,132.000,92.000,1301.000,1425.000,1433.000,1517.000,132.000,92.000,1301.000,1425.000,1433.000,1517.000,1367.000,1471.000,132.000,92.000,0,1.000000,47.250000,13.039118,7.707917
1780474550.440455,,,BOARD_2,1,1,1300.000,1423.000,1432.000,1515.000,132.000,92.000,1300.000,1423.000,1432.000,1515.000,132.000,92.000,1300.000,1423.000,1432.000,1515.000,1366.000,1469.000,132.000,92.000,0,1.000000,47.250000,13.034560,7.717083
1780474551.437697,,,BOARD_2,1,0,1250.000,1384.000,1498.000,1564.000,248.000,180.000,1250.000,1384.000,1498.000,1564.000,248.000,180.000,1250.000,1384.000,1498.000,1564.000,1374.000,1474.000,248.000,180.000,0,1.000000,25.150000,13.071019,7.694167
1780474551.437697,,,BOARD_2,1,1,1251.000,1383.000,1499.000,1563.000,248.000,180.000,1251.000,1383.000,1499.000,1563.000,248.000,180.000,1251.000,1383.000,1499.000,1563.000,1375.000,1473.000,248.000,180.000,0,1.000000,25.150000,13.075576,7.698750
1780474551.956849,,,BOARD_2,1,0,1298.000,1423.000,1430.000,1515.000,132.000,92.000,1298.000,1423.000,1430.000,1515.000,132.000,92.000,1298.000,1423.000,1430.000,1515.000,1364.000,1469.000,132.000,92.000,0,1.000000,47.250000,13.025446,7.717083
1780474551.956849,,,BOARD_2,1,1,1297.000,1422.000,1429.000,1514.000,132.000,92.000,1297.000,1422.000,1429.000,1514.000,132.000,92.000,1297.000,1422.000,1429.000,1514.000,1363.000,1468.000,132.000,92.000,0,1.000000,47.250000,13.020889,7.721667
1780474556.130619,,,BOARD_2,1,0,1286.000,1421.000,1418.000,1513.000,132.000,92.000,1286.000,1421.000,1418.000,1513.000,132.000,92.000,1286.000,1421.000,1418.000,1513.000,1352.000,1467.000,132.000,92.000,0,1.000000,47.250000,12.970758,7.726250
1780474556.130619,,,BOARD_2,1,1,1284.000,1421.000,1416.000,1513.000,132.000,92.000,1284.000,1421.000,1416.000,1513.000,132.000,92.000,1284.000,1421.000,1416.000,1513.000,1350.000,1467.000,132.000,92.000,0,1.000000,47.250000,12.961644,7.726250
1780474556.743607,,,BOARD_2,1,0,1286.000,1417.000,1418.000,1509.000,132.000,92.000,1286.000,1417.000,1418.000,1509.000,132.000,92.000,1286.000,1417.000,1418.000,1509.000,1352.000,1463.000,132.000,92.000,0,1.000000,47.250000,12.970758,7.744583
1780474556.743607,,,BOARD_2,1,1,1285.000,1416.000,1417.000,1508.000,132.000,92.000,1285.000,1416.000,1417.000,1508.000,132.000,92.000,1285.000,1416.000,1417.000,1508.000,1351.000,1462.000,132.000,92.000,0,1.000000,47.250000,12.966201,7.749167
1780474557.317638,,,BOARD_2,1,0,1288.000,1419.000,1420.000,1511.000,132.000,92.000,1288.000,1419.000,1420.000,1511.000,132.000,92.000,1288.000,1419.000,1420.000,1511.000,1354.000,1465.000,132.000,92.000,0,1.000000,47.250000,12.979873,7.735417
1780474557.526699,,,BOARD_2,1,0,1288.000,1419.000,1420.000,1511.000,132.000,92.000,1288.000,1419.000,1420.000,1511.000,132.000,92.000,1288.000,1419.000,1420.000,1511.000,1354.000,1465.000,132.000,92.000,0,1.000000,47.250000,12.979873,7.735417
1780474558.130075,,,BOARD_2,1,0,1260.000,1415.000,1392.000,1507.000,132.000,92.000,1260.000,1415.000,1392.000,1507.000,132.000,92.000,1260.000,1415.000,1392.000,1507.000,1326.000,1461.000,132.000,92.000,0,1.000000,47.250000,12.852269,7.753750
1780474558.130075,,,BOARD_2,1,1,1255.000,1414.000,1387.000,1506.000,132.000,92.000,1255.000,1414.000,1387.000,1506.000,132.000,92.000,1255.000,1414.000,1387.000,1506.000,1321.000,1460.000,132.000,92.000,0,1.000000,47.250000,12.829482,7.758333
1780474559.060177,,,BOARD_2,1,0,1254.000,1410.000,1386.000,1502.000,132.000,92.000,1254.000,1410.000,1386.000,1502.000,132.000,92.000,1254.000,1410.000,1386.000,1502.000,1320.000,1456.000,132.000,92.000,0,1.000000,47.250000,12.824925,7.776667
1780474559.060177,,,BOARD_2,1,1,1251.000,1409.000,1383.000,1501.000,132.000,92.000,1251.000,1409.000,1383.000,1501.000,132.000,92.000,1251.000,1409.000,1383.000,1501.000,1317.000,1455.000,132.000,92.000,0,1.000000,47.250000,12.811253,7.781250
1780474559.444118,,,BOARD_2,1,0,1247.000,1408.000,1379.000,1500.000,132.000,92.000,1247.000,1408.000,1379.000,1500.000,132.000,92.000,1247.000,1408.000,1379.000,1500.000,1313.000,1454.000,132.000,92.000,0,1.000000,47.250000,12.793024,7.785833
1780474559.669549,,,BOARD_2,1,0,1213.000,1372.000,1461.000,1552.000,248.000,180.000,1213.000,1372.000,1461.000,1552.000,248.000,180.000,1213.000,1372.000,1461.000,1552.000,1337.000,1462.000,248.000,180.000,0,1.000000,25.150000,12.902399,7.749167
1780474560.185518,,,BOARD_2,1,0,1235.000,1396.000,1367.000,1488.000,132.000,92.000,1235.000,1396.000,1367.000,1488.000,132.000,92.000,1235.000,1396.000,1367.000,1488.000,1301.000,1442.000,132.000,92.000,0,1.000000,47.250000,12.738336,7.840833
1780474560.185518,,,BOARD_2,1,1,1225.000,1391.000,1357.000,1483.000,132.000,92.000,1225.000,1391.000,1357.000,1483.000,132.000,92.000,1225.000,1391.000,1357.000,1483.000,1291.000,1437.000,132.000,92.000,0,1.000000,47.250000,12.692764,7.863750
1780474560.988890,,,BOARD_2,1,0,1196.000,1381.000,1328.000,1473.000,132.000,92.000,1196.000,1381.000,1328.000,1473.000,132.000,92.000,1196.000,1381.000,1328.000,1473.000,1262.000,1427.000,132.000,92.000,0,1.000000,47.250000,12.560602,7.909583
1780474561.287482,,,BOARD_2,1,0,1186.000,1377.000,1318.000,1469.000,132.000,92.000,1186.000,1377.000,1318.000,1469.000,132.000,92.000,1186.000,1377.000,1318.000,1469.000,1252.000,1423.000,132.000,92.000,0,1.000000,47.250000,12.515029,7.927917
1780474561.287482,,,BOARD_2,1,1,1082.000,1313.000,1330.000,1493.000,248.000,180.000,1082.000,1313.000,1330.000,1493.000,248.000,180.000,1082.000,1313.000,1330.000,1493.000,1206.000,1403.000,248.000,180.000,0,1.000000,25.150000,12.305394,8.019583
1780474561.560822,,,BOARD_2,1,0,1062.000,1304.000,1310.000,1484.000,248.000,180.000,1062.000,1304.000,1310.000,1484.000,248.000,180.000,1062.000,1304.000,1310.000,1484.000,1186.000,1394.000,248.000,180.000,0,1.000000,25.150000,12.214248,8.060833
1780474562.428125,,,BOARD_2,1,0,1073.000,1320.000,1205.000,1412.000,132.000,92.000,1073.000,1320.000,1205.000,1412.000,132.000,92.000,1073.000,1320.000,1205.000,1412.000,1139.000,1366.000,132.000,92.000,0,1.000000,47.250000,12.000055,8.189167
1780474562.879444,,,BOARD_2,1,0,1055.000,1311.000,1187.000,1403.000,132.000,92.000,1055.000,1311.000,1187.000,1403.000,132.000,92.000,1055.000,1311.000,1187.000,1403.000,1121.000,1357.000,132.000,92.000,0,1.000000,47.250000,11.918024,8.230417
1780474562.879444,,,BOARD_2,1,1,1007.000,1268.000,1255.000,1448.000,248.000,180.000,1007.000,1268.000,1255.000,1448.000,248.000,180.000,1007.000,1268.000,1255.000,1448.000,1131.000,1358.000,248.000,180.000,0,1.000000,25.150000,11.963597,8.225833
1780474563.153120,,,BOARD_2,1,0,997.000,1262.000,1245.000,1442.000,248.000,180.000,997.000,1262.000,1245.000,1442.000,248.000,180.000,997.000,1262.000,1245.000,1442.000,1121.000,1352.000,248.000,180.000,0,1.000000,25.150000,11.918024,8.253333
1780474563.589908,,,BOARD_2,1,0,1048.000,1312.000,1180.000,1404.000,132.000,92.000,1048.000,1312.000,1180.000,1404.000,132.000,92.000,1048.000,1312.000,1180.000,1404.000,1114.000,1358.000,132.000,92.000,0,1.000000,47.250000,11.886123,8.225833
1780474563.589908,,,BOARD_2,1,1,1040.000,1309.000,1172.000,1401.000,132.000,92.000,1040.000,1309.000,1172.000,1401.000,132.000,92.000,1040.000,1309.000,1172.000,1401.000,1106.000,1355.000,132.000,92.000,0,1.000000,47.250000,11.849665,8.239583
1780474564.220326,,,BOARD_2,1,0,1052.000,1310.000,1184.000,1402.000,132.000,92.000,1052.000,1310.000,1184.000,1402.000,132.000,92.000,1052.000,1310.000,1184.000,1402.000,1118.000,1356.000,132.000,92.000,0,1.000000,47.250000,11.904352,8.235000
1780474564.220326,,,BOARD_2,1,1,1049.000,1308.000,1181.000,1400.000,132.000,92.000,1049.000,1308.000,1181.000,1400.000,132.000,92.000,1049.000,1308.000,1181.000,1400.000,1115.000,1354.000,132.000,92.000,0,1.000000,47.250000,11.890680,8.244167
1780474564.720773,,,BOARD_2,1,0,1046.000,1307.000,1178.000,1399.000,132.000,92.000,1046.000,1307.000,1178.000,1399.000,132.000,92.000,1046.000,1307.000,1178.000,1399.000,1112.000,1353.000,132.000,92.000,0,1.000000,47.250000,11.877008,8.248750
1780474564.720773,,,BOARD_2,1,1,1058.000,1311.000,1190.000,1403.000,132.000,92.000,1058.000,1311.000,1190.000,1403.000,132.000,92.000,1058.000,1311.000,1190.000,1403.000,1124.000,1357.000,132.000,92.000,0,1.000000,47.250000,11.931696,8.230417
1780474564.969234,,,BOARD_2,1,0,1058.000,1310.000,1190.000,1402.000,132.000,92.000,1058.000,1310.000,1190.000,1402.000,132.000,92.000,1058.000,1310.000,1190.000,1402.000,1124.000,1356.000,132.000,92.000,0,1.000000,47.250000,11.931696,8.235000
1780474565.542063,,,BOARD_2,1,0,1054.000,1306.000,1186.000,1398.000,132.000,92.000,1054.000,1306.000,1186.000,1398.000,132.000,92.000,1054.000,1306.000,1186.000,1398.000,1120.000,1352.000,132.000,92.000,0,1.000000,47.250000,11.913467,8.253333
1780474565.542063,,,BOARD_2,1,1,1053.000,1305.000,1185.000,1397.000,132.000,92.000,1053.000,1305.000,1185.000,1397.000,132.000,92.000,1053.000,1305.000,1185.000,1397.000,1119.000,1351.000,132.000,92.000,0,1.000000,47.250000,11.908909,8.257917
1780474566.112228,,,BOARD_2,1,0,954.000,1252.000,1202.000,1432.000,248.000,180.000,954.000,1252.000,1202.000,1432.000,248.000,180.000,954.000,1252.000,1202.000,1432.000,1078.000,1342.000,248.000,180.000,0,1.000000,25.150000,11.722060,8.299167
1780474591.387057,,,BOARD_2,1,0,1630.000,1522.000,1878.000,1702.000,248.000,180.000,1630.000,1522.000,1878.000,1702.000,248.000,180.000,1630.000,1522.000,1878.000,1702.000,1754.000,1612.000,248.000,180.000,0,1.000000,25.150000,14.802790,7.061667
1780474591.387057,,,BOARD_2,1,1,1629.000,1524.000,1877.000,1704.000,248.000,180.000,1629.000,1524.000,1877.000,1704.000,248.000,180.000,1629.000,1524.000,1877.000,1704.000,1753.000,1614.000,248.000,180.000,0,1.000000,25.150000,14.798232,7.052500
1780474591.869334,,,BOARD_2,1,0,1585.000,1565.000,1717.000,1657.000,132.000,92.000,1585.000,1565.000,1717.000,1657.000,132.000,92.000,1585.000,1565.000,1717.000,1657.000,1651.000,1611.000,132.000,92.000,0,1.000000,47.250000,14.333389,7.066250
1780474602.109225,,,BOARD_5,3,0,1091.000,1594.000,1327.000,2070.000,236.000,476.000,1091.000,1594.000,1327.000,2070.000,236.000,476.000,1091.000,1594.000,1327.000,2070.000,1209.000,1832.000,236.000,476.000,0,1.000000,26.430000,337.470066,34.553333
1780474602.645225,,,BOARD_5,3,0,931.000,1536.000,1167.000,2012.000,236.000,476.000,931.000,1536.000,1167.000,2012.000,236.000,476.000,931.000,1536.000,1167.000,2012.000,1049.000,1774.000,236.000,476.000,0,1.000000,26.430000,336.740899,34.819167
1780474605.951783,,,BOARD_2,1,0,2091.000,1337.000,2155.000,1457.000,64.000,120.000,2091.000,1337.000,2155.000,1457.000,64.000,120.000,2091.000,1337.000,2155.000,1457.000,2123.000,1397.000,64.000,120.000,0,1.000000,97.460000,16.484430,8.047083
1780474606.531646,,,BOARD_2,1,0,2118.000,1397.000,2366.000,1577.000,248.000,180.000,2118.000,1397.000,2366.000,1577.000,248.000,180.000,2118.000,1397.000,2366.000,1577.000,2242.000,1487.000,248.000,180.000,0,1.000000,25.150000,17.026748,7.634583
1780474607.262347,,,BOARD_2,1,0,2294.000,1494.000,2358.000,1613.000,64.000,119.000,2294.000,1494.000,2358.000,1613.000,64.000,119.000,2294.000,1494.000,2358.000,1613.000,2326.000,1553.500,64.000,119.000,0,1.000000,97.460000,17.409560,7.329792
1780474607.776516,,,BOARD_2,1,0,2378.000,1554.000,2442.000,1674.000,64.000,120.000,2378.000,1554.000,2442.000,1674.000,64.000,120.000,2378.000,1554.000,2442.000,1674.000,2410.000,1614.000,64.000,120.000,0,1.000000,97.460000,17.792373,7.052500
1780474609.801623,,,BOARD_2,1,0,2415.000,1618.000,2547.000,1709.000,132.000,91.000,2415.000,1618.000,2547.000,1709.000,132.000,91.000,2415.000,1618.000,2547.000,1709.000,2481.000,1663.500,132.000,91.000,0,1.000000,47.250000,18.115941,6.825625
1780474610.390926,,,BOARD_2,1,0,2413.000,1626.000,2545.000,1717.000,132.000,91.000,2413.000,1626.000,2545.000,1717.000,132.000,91.000,2413.000,1626.000,2545.000,1717.000,2479.000,1671.500,132.000,91.000,0,1.000000,47.250000,18.106826,6.788958
1780474611.065038,,,BOARD_2,1,0,2413.000,1626.000,2545.000,1717.000,132.000,91.000,2413.000,1626.000,2545.000,1717.000,132.000,91.000,2413.000,1626.000,2545.000,1717.000,2479.000,1671.500,132.000,91.000,0,1.000000,47.250000,18.106826,6.788958
1780474611.065038,,,BOARD_2,1,1,2414.000,1627.000,2546.000,1718.000,132.000,91.000,2414.000,1627.000,2546.000,1718.000,132.000,91.000,2414.000,1627.000,2546.000,1718.000,2480.000,1672.500,132.000,91.000,0,1.000000,47.250000,18.111383,6.784375
1780474611.839982,,,BOARD_2,1,0,2411.000,1624.000,2543.000,1715.000,132.000,91.000,2411.000,1624.000,2543.000,1715.000,132.000,91.000,2411.000,1624.000,2543.000,1715.000,2477.000,1669.500,132.000,91.000,0,1.000000,47.250000,18.097711,6.798125
1780474611.839982,,,BOARD_2,1,1,2411.000,1624.000,2543.000,1715.000,132.000,91.000,2411.000,1624.000,2543.000,1715.000,132.000,91.000,2411.000,1624.000,2543.000,1715.000,2477.000,1669.500,132.000,91.000,0,1.000000,47.250000,18.097711,6.798125
1780474612.460057,,,BOARD_2,1,0,2415.000,1620.000,2547.000,1711.000,132.000,91.000,2415.000,1620.000,2547.000,1711.000,132.000,91.000,2415.000,1620.000,2547.000,1711.000,2481.000,1665.500,132.000,91.000,0,1.000000,47.250000,18.115941,6.816458
1780474612.842902,,,BOARD_2,1,0,2411.000,1624.000,2543.000,1715.000,132.000,91.000,2411.000,1624.000,2543.000,1715.000,132.000,91.000,2411.000,1624.000,2543.000,1715.000,2477.000,1669.500,132.000,91.000,0,1.000000,47.250000,18.097711,6.798125
1780474612.842902,,,BOARD_2,1,1,2410.000,1625.000,2542.000,1716.000,132.000,91.000,2410.000,1625.000,2542.000,1716.000,132.000,91.000,2410.000,1625.000,2542.000,1716.000,2476.000,1670.500,132.000,91.000,0,1.000000,47.250000,18.093154,6.793542
1780474613.345480,,,BOARD_2,1,0,2409.000,1626.000,2541.000,1717.000,132.000,91.000,2409.000,1626.000,2541.000,1717.000,132.000,91.000,2409.000,1626.000,2541.000,1717.000,2475.000,1671.500,132.000,91.000,0,1.000000,47.250000,18.088597,6.788958
1780474616.635516,,,BOARD_2,1,0,2412.000,1618.000,2544.000,1709.000,132.000,91.000,2412.000,1618.000,2544.000,1709.000,132.000,91.000,2412.000,1618.000,2544.000,1709.000,2478.000,1663.500,132.000,91.000,0,1.000000,47.250000,18.102269,6.825625
1780474616.914142,,,BOARD_2,1,0,2412.000,1617.000,2544.000,1708.000,132.000,91.000,2412.000,1617.000,2544.000,1708.000,132.000,91.000,2412.000,1617.000,2544.000,1708.000,2478.000,1662.500,132.000,91.000,0,1.000000,47.250000,18.102269,6.830208
1780474617.321991,,,BOARD_2,1,0,2412.000,1617.000,2544.000,1708.000,132.000,91.000,2412.000,1617.000,2544.000,1708.000,132.000,91.000,2412.000,1617.000,2544.000,1708.000,2478.000,1662.500,132.000,91.000,0,1.000000,47.250000,18.102269,6.830208
1780474617.613134,,,BOARD_2,1,0,2416.000,1620.000,2548.000,1711.000,132.000,91.000,2416.000,1620.000,2548.000,1711.000,132.000,91.000,2416.000,1620.000,2548.000,1711.000,2482.000,1665.500,132.000,91.000,0,1.000000,47.250000,18.120498,6.816458
1780474617.613134,,,BOARD_2,1,1,2417.000,1620.000,2549.000,1711.000,132.000,91.000,2417.000,1620.000,2549.000,1711.000,132.000,91.000,2417.000,1620.000,2549.000,1711.000,2483.000,1665.500,132.000,91.000,0,1.000000,47.250000,18.125055,6.816458
1780474618.007275,,,BOARD_2,1,0,2418.000,1620.000,2550.000,1711.000,132.000,91.000,2418.000,1620.000,2550.000,1711.000,132.000,91.000,2418.000,1620.000,2550.000,1711.000,2484.000,1665.500,132.000,91.000,0,1.000000,47.250000,18.129613,6.816458
1780474618.215397,,,BOARD_2,1,0,2414.000,1616.000,2546.000,1707.000,132.000,91.000,2414.000,1616.000,2546.000,1707.000,132.000,91.000,2414.000,1616.000,2546.000,1707.000,2480.000,1661.500,132.000,91.000,0,1.000000,47.250000,18.111383,6.834792
1780474618.468142,,,BOARD_2,1,0,2414.000,1615.000,2546.000,1706.000,132.000,91.000,2414.000,1615.000,2546.000,1706.000,132.000,91.000,2414.000,1615.000,2546.000,1706.000,2480.000,1660.500,132.000,91.000,0,1.000000,47.250000,18.111383,6.839375
1780474618.701672,,,BOARD_2,1,0,2410.000,1620.000,2542.000,1711.000,132.000,91.000,2410.000,1620.000,2542.000,1711.000,132.000,91.000,2410.000,1620.000,2542.000,1711.000,2476.000,1665.500,132.000,91.000,0,1.000000,47.250000,18.093154,6.816458
1780474618.701672,,,BOARD_2,1,1,2409.000,1621.000,2541.000,1712.000,132.000,91.000,2409.000,1621.000,2541.000,1712.000,132.000,91.000,2409.000,1621.000,2541.000,1712.000,2475.000,1666.500,132.000,91.000,0,1.000000,47.250000,18.088597,6.811875
1780474619.284023,,,BOARD_2,1,0,2408.000,1622.000,2540.000,1713.000,132.000,91.000,2408.000,1622.000,2540.000,1713.000,132.000,91.000,2408.000,1622.000,2540.000,1713.000,2474.000,1667.500,132.000,91.000,0,1.000000,47.250000,18.084040,6.807292
1780474619.568444,,,BOARD_2,1,0,2412.000,1618.000,2544.000,1709.000,132.000,91.000,2412.000,1618.000,2544.000,1709.000,132.000,91.000,2412.000,1618.000,2544.000,1709.000,2478.000,1663.500,132.000,91.000,0,1.000000,47.250000,18.102269,6.825625
1780474619.568444,,,BOARD_2,1,1,2412.000,1618.000,2544.000,1709.000,132.000,91.000,2412.000,1618.000,2544.000,1709.000,132.000,91.000,2412.000,1618.000,2544.000,1709.000,2478.000,1663.500,132.000,91.000,0,1.000000,47.250000,18.102269,6.825625
1780474619.998421,,,BOARD_2,1,0,2412.000,1618.000,2544.000,1709.000,132.000,91.000,2412.000,1618.000,2544.000,1709.000,132.000,91.000,2412.000,1618.000,2544.000,1709.000,2478.000,1663.500,132.000,91.000,0,1.000000,47.250000,18.102269,6.825625
1780474619.998421,,,BOARD_2,1,1,2416.000,1614.000,2548.000,1705.000,132.000,91.000,2416.000,1614.000,2548.000,1705.000,132.000,91.000,2416.000,1614.000,2548.000,1705.000,2482.000,1659.500,132.000,91.000,0,1.000000,47.250000,18.120498,6.843958
1780474620.304268,,,BOARD_2,1,0,2417.000,1613.000,2549.000,1704.000,132.000,91.000,2417.000,1613.000,2549.000,1704.000,132.000,91.000,2417.000,1613.000,2549.000,1704.000,2483.000,1658.500,132.000,91.000,0,1.000000,47.250000,18.125055,6.848542
1780474620.808301,,,BOARD_2,1,0,2319.000,1592.000,2567.000,1771.000,248.000,179.000,2319.000,1592.000,2567.000,1771.000,248.000,179.000,2319.000,1592.000,2567.000,1771.000,2443.000,1681.500,248.000,179.000,0,1.000000,25.150000,17.942764,6.743125
1780474620.808301,,,BOARD_2,1,1,2312.000,1596.000,2560.000,1775.000,248.000,179.000,2312.000,1596.000,2560.000,1775.000,248.000,179.000,2312.000,1596.000,2560.000,1775.000,2436.000,1685.500,248.000,179.000,0,1.000000,25.150000,17.910863,6.724792
1780474628.003141,,,BOARD_2,1,0,2931.000,1818.000,2971.000,1869.000,40.000,51.000,2931.000,1818.000,2971.000,1869.000,40.000,51.000,2931.000,1818.000,2971.000,1869.000,2951.000,1843.500,40.000,51.000,0,1.000000,155.930000,20.257868,6.000625
1780474640.977601,,,BOARD_3,1,0,1382.000,478.000,1421.000,529.000,39.000,51.000,1382.000,478.000,1421.000,529.000,39.000,51.000,1382.000,478.000,1421.000,529.000,1401.500,503.500,39.000,51.000,0,1.000000,159.930000,17.329144,21.642292
1780474646.003380,,,BOARD_2,4,0,2780.000,1444.000,2819.000,1495.000,39.000,51.000,2780.000,1444.000,2819.000,1495.000,39.000,51.000,2780.000,1444.000,2819.000,1495.000,2799.500,1469.500,39.000,51.000,0,1.000000,159.930000,346.378438,7.714792
1780474646.224060,,,BOARD_2,4,0,2782.000,1443.000,2821.000,1494.000,39.000,51.000,2782.000,1443.000,2821.000,1494.000,39.000,51.000,2782.000,1443.000,2821.000,1494.000,2801.500,1468.500,39.000,51.000,0,1.000000,159.930000,346.387553,7.719375
1780474646.650020,,,BOARD_2,4,0,2780.000,1446.000,2819.000,1497.000,39.000,51.000,2780.000,1446.000,2819.000,1497.000,39.000,51.000,2780.000,1446.000,2819.000,1497.000,2799.500,1471.500,39.000,51.000,0,1.000000,159.930000,346.378438,7.705625
1780474646.650020,,,BOARD_2,4,1,2781.000,1446.000,2820.000,1497.000,39.000,51.000,2781.000,1446.000,2820.000,1497.000,39.000,51.000,2781.000,1446.000,2820.000,1497.000,2800.500,1471.500,39.000,51.000,0,1.000000,159.930000,346.382995,7.705625
1780474647.138601,,,BOARD_2,4,0,2786.000,1450.000,2825.000,1501.000,39.000,51.000,2786.000,1450.000,2825.000,1501.000,39.000,51.000,2786.000,1450.000,2825.000,1501.000,2805.500,1475.500,39.000,51.000,0,1.000000,159.930000,346.405782,7.687292
1780474647.138601,,,BOARD_2,4,1,2788.000,1451.000,2827.000,1502.000,39.000,51.000,2788.000,1451.000,2827.000,1502.000,39.000,51.000,2788.000,1451.000,2827.000,1502.000,2807.500,1476.500,39.000,51.000,0,1.000000,159.930000,346.414896,7.682708
1780474647.785724,,,BOARD_2,4,0,2792.000,1446.000,2831.000,1497.000,39.000,51.000,2792.000,1446.000,2831.000,1497.000,39.000,51.000,2792.000,1446.000,2831.000,1497.000,2811.500,1471.500,39.000,51.000,0,1.000000,159.930000,346.433126,7.705625
1780474647.785724,,,BOARD_2,4,1,2794.000,1446.000,2833.000,1497.000,39.000,51.000,2794.000,1446.000,2833.000,1497.000,39.000,51.000,2794.000,1446.000,2833.000,1497.000,2813.500,1471.500,39.000,51.000,0,1.000000,159.930000,346.442240,7.705625
1780474648.533386,,,BOARD_2,4,0,2796.000,1445.000,2835.000,1496.000,39.000,51.000,2796.000,1445.000,2835.000,1496.000,39.000,51.000,2796.000,1445.000,2835.000,1496.000,2815.500,1470.500,39.000,51.000,0,1.000000,159.930000,346.451355,7.710208
1780474648.533386,,,BOARD_2,4,1,2792.000,1448.000,2831.000,1499.000,39.000,51.000,2792.000,1448.000,2831.000,1499.000,39.000,51.000,2792.000,1448.000,2831.000,1499.000,2811.500,1473.500,39.000,51.000,0,1.000000,159.930000,346.433126,7.696458
1780474648.762491,,,BOARD_2,4,0,2793.000,1448.000,2832.000,1499.000,39.000,51.000,2793.000,1448.000,2832.000,1499.000,39.000,51.000,2793.000,1448.000,2832.000,1499.000,2812.500,1473.500,39.000,51.000,0,1.000000,159.930000,346.437683,7.696458
1780474649.142846,,,BOARD_2,4,0,2794.000,1448.000,2833.000,1499.000,39.000,51.000,2794.000,1448.000,2833.000,1499.000,39.000,51.000,2794.000,1448.000,2833.000,1499.000,2813.500,1473.500,39.000,51.000,0,1.000000,159.930000,346.442240,7.696458
1780474649.142846,,,BOARD_2,4,1,2806.000,1452.000,2845.000,1503.000,39.000,51.000,2806.000,1452.000,2845.000,1503.000,39.000,51.000,2806.000,1452.000,2845.000,1503.000,2825.500,1477.500,39.000,51.000,0,1.000000,159.930000,346.496928,7.678125
1780474649.385061,,,BOARD_2,4,0,2809.000,1453.000,2848.000,1504.000,39.000,51.000,2809.000,1453.000,2848.000,1504.000,39.000,51.000,2809.000,1453.000,2848.000,1504.000,2828.500,1478.500,39.000,51.000,0,1.000000,159.930000,346.510599,7.673542
1780474649.986698,,,BOARD_2,4,0,2808.000,1450.000,2847.000,1501.000,39.000,51.000,2808.000,1450.000,2847.000,1501.000,39.000,51.000,2808.000,1450.000,2847.000,1501.000,2827.500,1475.500,39.000,51.000,0,1.000000,159.930000,346.506042,7.687292
1780474649.986698,,,BOARD_2,4,1,2810.000,1450.000,2849.000,1501.000,39.000,51.000,2810.000,1450.000,2849.000,1501.000,39.000,51.000,2810.000,1450.000,2849.000,1501.000,2829.500,1475.500,39.000,51.000,0,1.000000,159.930000,346.515157,7.687292
1780474650.673861,,,BOARD_2,4,0,2814.000,1446.000,2854.000,1497.000,40.000,51.000,2814.000,1446.000,2854.000,1497.000,40.000,51.000,2814.000,1446.000,2854.000,1497.000,2834.000,1471.500,40.000,51.000,0,1.000000,155.930000,346.535665,7.705625
1780474650.673861,,,BOARD_2,4,1,2816.000,1445.000,2856.000,1496.000,40.000,51.000,2816.000,1445.000,2856.000,1496.000,40.000,51.000,2816.000,1445.000,2856.000,1496.000,2836.000,1470.500,40.000,51.000,0,1.000000,155.930000,346.544779,7.710208
1780474651.733098,,,BOARD_2,4,0,2814.000,1448.000,2854.000,1499.000,40.000,51.000,2814.000,1448.000,2854.000,1499.000,40.000,51.000,2814.000,1448.000,2854.000,1499.000,2834.000,1473.500,40.000,51.000,0,1.000000,155.930000,346.535665,7.696458
1780474651.733098,,,BOARD_2,4,1,2815.000,1448.000,2855.000,1499.000,40.000,51.000,2815.000,1448.000,2855.000,1499.000,40.000,51.000,2815.000,1448.000,2855.000,1499.000,2835.000,1473.500,40.000,51.000,0,1.000000,155.930000,346.540222,7.696458
1780474652.214022,,,BOARD_2,4,0,2816.000,1448.000,2856.000,1499.000,40.000,51.000,2816.000,1448.000,2856.000,1499.000,40.000,51.000,2816.000,1448.000,2856.000,1499.000,2836.000,1473.500,40.000,51.000,0,1.000000,155.930000,346.544779,7.696458
1780474652.214022,,,BOARD_2,4,1,2820.000,1444.000,2860.000,1495.000,40.000,51.000,2820.000,1444.000,2860.000,1495.000,40.000,51.000,2820.000,1444.000,2860.000,1495.000,2840.000,1469.500,40.000,51.000,0,1.000000,155.930000,346.563008,7.714792
1780474652.535924,,,BOARD_2,4,0,2821.000,1443.000,2861.000,1494.000,40.000,51.000,2821.000,1443.000,2861.000,1494.000,40.000,51.000,2821.000,1443.000,2861.000,1494.000,2841.000,1468.500,40.000,51.000,0,1.000000,155.930000,346.567566,7.719375
1780474653.175341,,,BOARD_2,4,0,2827.000,1446.000,2867.000,1497.000,40.000,51.000,2827.000,1446.000,2867.000,1497.000,40.000,51.000,2827.000,1446.000,2867.000,1497.000,2847.000,1471.500,40.000,51.000,0,1.000000,155.930000,346.594909,7.705625
1780474653.175341,,,BOARD_2,4,1,2829.000,1446.000,2869.000,1497.000,40.000,51.000,2829.000,1446.000,2869.000,1497.000,40.000,51.000,2829.000,1446.000,2869.000,1497.000,2849.000,1471.500,40.000,51.000,0,1.000000,155.930000,346.604024,7.705625
1780474653.661021,,,BOARD_2,4,0,2831.000,1446.000,2871.000,1497.000,40.000,51.000,2831.000,1446.000,2871.000,1497.000,40.000,51.000,2831.000,1446.000,2871.000,1497.000,2851.000,1471.500,40.000,51.000,0,1.000000,155.930000,346.613139,7.705625
1780474665.326493,,,BOARD_2,1,0,1550.000,838.000,1590.000,889.000,40.000,51.000,1550.000,838.000,1590.000,889.000,40.000,51.000,1550.000,838.000,1590.000,889.000,1570.000,863.500,40.000,51.000,0,1.000000,155.930000,13.964248,10.492292
1780474665.326493,,,BOARD_2,1,1,1552.000,839.000,1592.000,890.000,40.000,51.000,1552.000,839.000,1592.000,890.000,40.000,51.000,1552.000,839.000,1592.000,890.000,1572.000,864.500,40.000,51.000,0,1.000000,155.930000,13.973363,10.487708
1780474665.907994,,,BOARD_2,1,0,1542.000,834.000,1582.000,885.000,40.000,51.000,1542.000,834.000,1582.000,885.000,40.000,51.000,1542.000,834.000,1582.000,885.000,1562.000,859.500,40.000,51.000,0,1.000000,155.930000,13.927790,10.510625
1780474665.907994,,,BOARD_2,1,1,1542.000,834.000,1582.000,885.000,40.000,51.000,1542.000,834.000,1582.000,885.000,40.000,51.000,1542.000,834.000,1582.000,885.000,1562.000,859.500,40.000,51.000,0,1.000000,155.930000,13.927790,10.510625
1780474668.341725,,,BOARD_2,1,0,1544.000,808.000,1584.000,859.000,40.000,51.000,1544.000,808.000,1584.000,859.000,40.000,51.000,1544.000,808.000,1584.000,859.000,1564.000,833.500,40.000,51.000,0,1.000000,155.930000,13.936904,10.629792
1780474668.341725,,,BOARD_2,1,1,1545.000,806.000,1585.000,857.000,40.000,51.000,1545.000,806.000,1585.000,857.000,40.000,51.000,1545.000,806.000,1585.000,857.000,1565.000,831.500,40.000,51.000,0,1.000000,155.930000,13.941461,10.638958
1780474668.930095,,,BOARD_2,1,0,1542.000,808.000,1582.000,859.000,40.000,51.000,1542.000,808.000,1582.000,859.000,40.000,51.000,1542.000,808.000,1582.000,859.000,1562.000,833.500,40.000,51.000,0,1.000000,155.930000,13.927790,10.629792
1780474669.205513,,,BOARD_2,1,0,1542.000,807.000,1582.000,858.000,40.000,51.000,1542.000,807.000,1582.000,858.000,40.000,51.000,1542.000,807.000,1582.000,858.000,1562.000,832.500,40.000,51.000,0,1.000000,155.930000,13.927790,10.634375
1780474669.877754,,,BOARD_2,1,0,1546.000,810.000,1586.000,861.000,40.000,51.000,1546.000,810.000,1586.000,861.000,40.000,51.000,1546.000,810.000,1586.000,861.000,1566.000,835.500,40.000,51.000,0,1.000000,155.930000,13.946019,10.620625
1780474669.877754,,,BOARD_2,1,1,1547.000,810.000,1587.000,861.000,40.000,51.000,1547.000,810.000,1587.000,861.000,40.000,51.000,1547.000,810.000,1587.000,861.000,1567.000,835.500,40.000,51.000,0,1.000000,155.930000,13.950576,10.620625
1780474670.465080,,,BOARD_2,1,0,1551.000,814.000,1591.000,865.000,40.000,51.000,1551.000,814.000,1591.000,865.000,40.000,51.000,1551.000,814.000,1591.000,865.000,1571.000,839.500,40.000,51.000,0,1.000000,155.930000,13.968805,10.602292
1780474670.465080,,,BOARD_2,1,1,1552.000,815.000,1592.000,866.000,40.000,51.000,1552.000,815.000,1592.000,866.000,40.000,51.000,1552.000,815.000,1592.000,866.000,1572.000,840.500,40.000,51.000,0,1.000000,155.930000,13.973363,10.597708
1780474671.012487,,,BOARD_2,1,0,1541.000,810.000,1581.000,861.000,40.000,51.000,1541.000,810.000,1581.000,861.000,40.000,51.000,1541.000,810.000,1581.000,861.000,1561.000,835.500,40.000,51.000,0,1.000000,155.930000,13.923232,10.620625
1780474671.012487,,,BOARD_2,1,1,1540.000,810.000,1580.000,861.000,40.000,51.000,1540.000,810.000,1580.000,861.000,40.000,51.000,1540.000,810.000,1580.000,861.000,1560.000,835.500,40.000,51.000,0,1.000000,155.930000,13.918675,10.620625
1780474671.570261,,,BOARD_2,1,0,1542.000,812.000,1582.000,863.000,40.000,51.000,1542.000,812.000,1582.000,863.000,40.000,51.000,1542.000,812.000,1582.000,863.000,1562.000,837.500,40.000,51.000,0,1.000000,155.930000,13.927790,10.611458
1780474671.570261,,,BOARD_2,1,1,1542.000,812.000,1582.000,863.000,40.000,51.000,1542.000,812.000,1582.000,863.000,40.000,51.000,1542.000,812.000,1582.000,863.000,1562.000,837.500,40.000,51.000,0,1.000000,155.930000,13.927790,10.611458
1780474672.130758,,,BOARD_2,1,0,1545.000,808.000,1585.000,859.000,40.000,51.000,1545.000,808.000,1585.000,859.000,40.000,51.000,1545.000,808.000,1585.000,859.000,1565.000,833.500,40.000,51.000,0,1.000000,155.930000,13.941461,10.629792
1780474672.130758,,,BOARD_2,1,1,1545.000,807.000,1585.000,858.000,40.000,51.000,1545.000,807.000,1585.000,858.000,40.000,51.000,1545.000,807.000,1585.000,858.000,1565.000,832.500,40.000,51.000,0,1.000000,155.930000,13.941461,10.634375
1780474672.721642,,,BOARD_2,1,0,1542.000,810.000,1582.000,861.000,40.000,51.000,1542.000,810.000,1582.000,861.000,40.000,51.000,1542.000,810.000,1582.000,861.000,1562.000,835.500,40.000,51.000,0,1.000000,155.930000,13.927790,10.620625
1780474673.025569,,,BOARD_2,1,0,1542.000,810.000,1582.000,861.000,40.000,51.000,1542.000,810.000,1582.000,861.000,40.000,51.000,1542.000,810.000,1582.000,861.000,1562.000,835.500,40.000,51.000,0,1.000000,155.930000,13.927790,10.620625
1780474673.907891,,,BOARD_2,1,0,1545.000,814.000,1585.000,865.000,40.000,51.000,1545.000,814.000,1585.000,865.000,40.000,51.000,1545.000,814.000,1585.000,865.000,1565.000,839.500,40.000,51.000,0,1.000000,155.930000,13.941461,10.602292
1780474673.907891,,,BOARD_2,1,1,1545.000,815.000,1585.000,866.000,40.000,51.000,1545.000,815.000,1585.000,866.000,40.000,51.000,1545.000,815.000,1585.000,866.000,1565.000,840.500,40.000,51.000,0,1.000000,155.930000,13.941461,10.597708
1780474674.422319,,,BOARD_2,1,0,1550.000,812.000,1590.000,863.000,40.000,51.000,1550.000,812.000,1590.000,863.000,40.000,51.000,1550.000,812.000,1590.000,863.000,1570.000,837.500,40.000,51.000,0,1.000000,155.930000,13.964248,10.611458
1780474674.422319,,,BOARD_2,1,1,1551.000,812.000,1591.000,863.000,40.000,51.000,1551.000,812.000,1591.000,863.000,40.000,51.000,1551.000,812.000,1591.000,863.000,1571.000,837.500,40.000,51.000,0,1.000000,155.930000,13.968805,10.611458
1780474675.163198,,,BOARD_2,1,0,1548.000,816.000,1588.000,867.000,40.000,51.000,1548.000,816.000,1588.000,867.000,40.000,51.000,1548.000,816.000,1588.000,867.000,1568.000,841.500,40.000,51.000,0,1.000000,155.930000,13.955133,10.593125
1780474675.163198,,,BOARD_2,1,1,1548.000,817.000,1588.000,868.000,40.000,51.000,1548.000,817.000,1588.000,868.000,40.000,51.000,1548.000,817.000,1588.000,868.000,1568.000,842.500,40.000,51.000,0,1.000000,155.930000,13.955133,10.588542
1780474675.758708,,,BOARD_2,1,0,1544.000,820.000,1584.000,871.000,40.000,51.000,1544.000,820.000,1584.000,871.000,40.000,51.000,1544.000,820.000,1584.000,871.000,1564.000,845.500,40.000,51.000,0,1.000000,155.930000,13.936904,10.574792
1780474675.758708,,,BOARD_2,1,1,1543.000,821.000,1583.000,872.000,40.000,51.000,1543.000,821.000,1583.000,872.000,40.000,51.000,1543.000,821.000,1583.000,872.000,1563.000,846.500,40.000,51.000,0,1.000000,155.930000,13.932347,10.570208
1780474676.597004,,,BOARD_2,1,0,1547.000,818.000,1587.000,869.000,40.000,51.000,1547.000,818.000,1587.000,869.000,40.000,51.000,1547.000,818.000,1587.000,869.000,1567.000,843.500,40.000,51.000,0,1.000000,155.930000,13.950576,10.583958
1780474677.346675,,,BOARD_2,1,0,1543.000,814.000,1583.000,865.000,40.000,51.000,1543.000,814.000,1583.000,865.000,40.000,51.000,1543.000,814.000,1583.000,865.000,1563.000,839.500,40.000,51.000,0,1.000000,155.930000,13.932347,10.602292
1780474677.588281,,,BOARD_2,1,0,1542.000,813.000,1582.000,864.000,40.000,51.000,1542.000,813.000,1582.000,864.000,40.000,51.000,1542.000,813.000,1582.000,864.000,1562.000,838.500,40.000,51.000,0,1.000000,155.930000,13.927790,10.606875
1780474678.225451,,,BOARD_2,1,0,1545.000,816.000,1585.000,867.000,40.000,51.000,1545.000,816.000,1585.000,867.000,40.000,51.000,1545.000,816.000,1585.000,867.000,1565.000,841.500,40.000,51.000,0,1.000000,155.930000,13.941461,10.593125
1780474678.225451,,,BOARD_2,1,1,1545.000,816.000,1585.000,867.000,40.000,51.000,1545.000,816.000,1585.000,867.000,40.000,51.000,1545.000,816.000,1585.000,867.000,1565.000,841.500,40.000,51.000,0,1.000000,155.930000,13.941461,10.593125
1780474679.023960,,,BOARD_2,1,0,1549.000,812.000,1589.000,863.000,40.000,51.000,1549.000,812.000,1589.000,863.000,40.000,51.000,1549.000,812.000,1589.000,863.000,1569.000,837.500,40.000,51.000,0,1.000000,155.930000,13.959691,10.611458
1780474679.023960,,,BOARD_2,1,1,1550.000,811.000,1590.000,862.000,40.000,51.000,1550.000,811.000,1590.000,862.000,40.000,51.000,1550.000,811.000,1590.000,862.000,1570.000,836.500,40.000,51.000,0,1.000000,155.930000,13.964248,10.616042
1780474679.599636,,,BOARD_2,1,0,1546.000,822.000,1586.000,873.000,40.000,51.000,1546.000,822.000,1586.000,873.000,40.000,51.000,1546.000,822.000,1586.000,873.000,1566.000,847.500,40.000,51.000,0,1.000000,155.930000,13.946019,10.565625
1780474679.599636,,,BOARD_2,1,1,1546.000,823.000,1586.000,874.000,40.000,51.000,1546.000,823.000,1586.000,874.000,40.000,51.000,1546.000,823.000,1586.000,874.000,1566.000,848.500,40.000,51.000,0,1.000000,155.930000,13.946019,10.561042
1780474680.272463,,,BOARD_2,1,0,1550.000,820.000,1590.000,871.000,40.000,51.000,1550.000,820.000,1590.000,871.000,40.000,51.000,1550.000,820.000,1590.000,871.000,1570.000,845.500,40.000,51.000,0,1.000000,155.930000,13.964248,10.574792
1780474680.272463,,,BOARD_2,1,1,1551.000,820.000,1591.000,871.000,40.000,51.000,1551.000,820.000,1591.000,871.000,40.000,51.000,1551.000,820.000,1591.000,871.000,1571.000,845.500,40.000,51.000,0,1.000000,155.930000,13.968805,10.574792
1780474680.826282,,,BOARD_2,1,0,1555.000,816.000,1595.000,867.000,40.000,51.000,1555.000,816.000,1595.000,867.000,40.000,51.000,1555.000,816.000,1595.000,867.000,1575.000,841.500,40.000,51.000,0,1.000000,155.930000,13.987034,10.593125
1780474680.826282,,,BOARD_2,1,1,1556.000,815.000,1596.000,866.000,40.000,51.000,1556.000,815.000,1596.000,866.000,40.000,51.000,1556.000,815.000,1596.000,866.000,1576.000,840.500,40.000,51.000,0,1.000000,155.930000,13.991592,10.597708
1780474681.493450,,,BOARD_2,1,0,1553.000,818.000,1593.000,869.000,40.000,51.000,1553.000,818.000,1593.000,869.000,40.000,51.000,1553.000,818.000,1593.000,869.000,1573.000,843.500,40.000,51.000,0,1.000000,155.930000,13.977920,10.583958
1780474682.104177,,,BOARD_2,1,0,1549.000,814.000,1589.000,865.000,40.000,51.000,1549.000,814.000,1589.000,865.000,40.000,51.000,1549.000,814.000,1589.000,865.000,1569.000,839.500,40.000,51.000,0,1.000000,155.930000,13.959691,10.602292
1780474682.104177,,,BOARD_2,1,1,1548.000,813.000,1588.000,864.000,40.000,51.000,1548.000,813.000,1588.000,864.000,40.000,51.000,1548.000,813.000,1588.000,864.000,1568.000,838.500,40.000,51.000,0,1.000000,155.930000,13.955133,10.606875
1780474682.889940,,,BOARD_2,1,0,1551.000,816.000,1591.000,867.000,40.000,51.000,1551.000,816.000,1591.000,867.000,40.000,51.000,1551.000,816.000,1591.000,867.000,1571.000,841.500,40.000,51.000,0,1.000000,155.930000,13.968805,10.593125
1780474682.889940,,,BOARD_2,1,1,1551.000,816.000,1591.000,867.000,40.000,51.000,1551.000,816.000,1591.000,867.000,40.000,51.000,1551.000,816.000,1591.000,867.000,1571.000,841.500,40.000,51.000,0,1.000000,155.930000,13.968805,10.593125
1780474683.590670,,,BOARD_2,1,0,1547.000,812.000,1587.000,863.000,40.000,51.000,1547.000,812.000,1587.000,863.000,40.000,51.000,1547.000,812.000,1587.000,863.000,1567.000,837.500,40.000,51.000,0,1.000000,155.930000,13.950576,10.611458
1780474683.590670,,,BOARD_2,1,1,1546.000,811.000,1586.000,862.000,40.000,51.000,1546.000,811.000,1586.000,862.000,40.000,51.000,1546.000,811.000,1586.000,862.000,1566.000,836.500,40.000,51.000,0,1.000000,155.930000,13.946019,10.616042
1780474684.226703,,,BOARD_2,1,0,1553.000,788.000,1617.000,907.000,64.000,119.000,1553.000,788.000,1617.000,907.000,64.000,119.000,1553.000,788.000,1617.000,907.000,1585.000,847.500,64.000,119.000,0,1.000000,97.460000,14.032607,10.565625
1780474684.226703,,,BOARD_2,1,1,1556.000,789.000,1620.000,908.000,64.000,119.000,1556.000,789.000,1620.000,908.000,64.000,119.000,1556.000,789.000,1620.000,908.000,1588.000,848.500,64.000,119.000,0,1.000000,97.460000,14.046279,10.561042
1780474693.035977,,,BOARD_2,1,0,2019.000,1054.000,2059.000,1105.000,40.000,51.000,2019.000,1054.000,2059.000,1105.000,40.000,51.000,2019.000,1054.000,2059.000,1105.000,2039.000,1079.500,40.000,51.000,0,1.000000,155.930000,16.101618,9.502292
1780474693.035977,,,BOARD_2,1,1,2018.000,1055.000,2058.000,1106.000,40.000,51.000,2018.000,1055.000,2058.000,1106.000,40.000,51.000,2018.000,1055.000,2058.000,1106.000,2038.000,1080.500,40.000,51.000,0,1.000000,155.930000,16.097060,9.497708
1780474697.623993,,,BOARD_2,1,0,2021.000,1052.000,2061.000,1103.000,40.000,51.000,2021.000,1052.000,2061.000,1103.000,40.000,51.000,2021.000,1052.000,2061.000,1103.000,2041.000,1077.500,40.000,51.000,0,1.000000,155.930000,16.110732,9.511458
1780474697.623993,,,BOARD_2,1,1,2021.000,1053.000,2061.000,1104.000,40.000,51.000,2021.000,1053.000,2061.000,1104.000,40.000,51.000,2021.000,1053.000,2061.000,1104.000,2041.000,1078.500,40.000,51.000,0,1.000000,155.930000,16.110732,9.506875
1780474698.315663,,,BOARD_2,1,0,2018.000,1050.000,2058.000,1101.000,40.000,51.000,2018.000,1050.000,2058.000,1101.000,40.000,51.000,2018.000,1050.000,2058.000,1101.000,2038.000,1075.500,40.000,51.000,0,1.000000,155.930000,16.097060,9.520625
1780474698.315663,,,BOARD_2,1,1,2018.000,1050.000,2058.000,1101.000,40.000,51.000,2018.000,1050.000,2058.000,1101.000,40.000,51.000,2018.000,1050.000,2058.000,1101.000,2038.000,1075.500,40.000,51.000,0,1.000000,155.930000,16.097060,9.520625
1780474701.272491,,,BOARD_2,1,0,2020.000,1060.000,2059.000,1111.000,39.000,51.000,2020.000,1060.000,2059.000,1111.000,39.000,51.000,2020.000,1060.000,2059.000,1111.000,2039.500,1085.500,39.000,51.000,0,1.000000,159.930000,16.103896,9.474792
1780474701.973116,,,BOARD_2,1,0,2016.000,1056.000,2055.000,1107.000,39.000,51.000,2016.000,1056.000,2055.000,1107.000,39.000,51.000,2016.000,1056.000,2055.000,1107.000,2035.500,1081.500,39.000,51.000,0,1.000000,159.930000,16.085667,9.493125
1780474702.568301,,,BOARD_2,1,0,2026.000,1058.000,2066.000,1109.000,40.000,51.000,2026.000,1058.000,2066.000,1109.000,40.000,51.000,2026.000,1058.000,2066.000,1109.000,2046.000,1083.500,40.000,51.000,0,1.000000,155.930000,16.133519,9.483958
1780474702.983863,,,BOARD_2,1,0,2022.000,1054.000,2061.000,1105.000,39.000,51.000,2022.000,1054.000,2061.000,1105.000,39.000,51.000,2022.000,1054.000,2061.000,1105.000,2041.500,1079.500,39.000,51.000,0,1.000000,159.930000,16.113011,9.502292
1780474702.983863,,,BOARD_2,1,1,2021.000,1053.000,2060.000,1104.000,39.000,51.000,2021.000,1053.000,2060.000,1104.000,39.000,51.000,2021.000,1053.000,2060.000,1104.000,2040.500,1078.500,39.000,51.000,0,1.000000,159.930000,16.108454,9.506875
1780474703.468684,,,BOARD_2,1,0,2024.000,1064.000,2063.000,1115.000,39.000,51.000,2024.000,1064.000,2063.000,1115.000,39.000,51.000,2024.000,1064.000,2063.000,1115.000,2043.500,1089.500,39.000,51.000,0,1.000000,159.930000,16.122126,9.456458
1780474703.468684,,,BOARD_2,1,1,2024.000,1065.000,2063.000,1116.000,39.000,51.000,2024.000,1065.000,2063.000,1116.000,39.000,51.000,2024.000,1065.000,2063.000,1116.000,2043.500,1090.500,39.000,51.000,0,1.000000,159.930000,16.122126,9.451875
1780474704.037173,,,BOARD_2,1,0,2020.000,1054.000,2060.000,1105.000,40.000,51.000,2020.000,1054.000,2060.000,1105.000,40.000,51.000,2020.000,1054.000,2060.000,1105.000,2040.000,1079.500,40.000,51.000,0,1.000000,155.930000,16.106175,9.502292
1780474704.037173,,,BOARD_2,1,1,2019.000,1053.000,2059.000,1104.000,40.000,51.000,2019.000,1053.000,2059.000,1104.000,40.000,51.000,2019.000,1053.000,2059.000,1104.000,2039.000,1078.500,40.000,51.000,0,1.000000,155.930000,16.101618,9.506875
1780474704.628580,,,BOARD_2,1,0,2023.000,1064.000,2063.000,1115.000,40.000,51.000,2023.000,1064.000,2063.000,1115.000,40.000,51.000,2023.000,1064.000,2063.000,1115.000,2043.000,1089.500,40.000,51.000,0,1.000000,155.930000,16.119847,9.456458
1780474704.628580,,,BOARD_2,1,1,2023.000,1065.000,2063.000,1116.000,40.000,51.000,2023.000,1065.000,2063.000,1116.000,40.000,51.000,2023.000,1065.000,2063.000,1116.000,2043.000,1090.500,40.000,51.000,0,1.000000,155.930000,16.119847,9.451875
1780474705.336027,,,BOARD_2,1,0,2020.000,1054.000,2060.000,1105.000,40.000,51.000,2020.000,1054.000,2060.000,1105.000,40.000,51.000,2020.000,1054.000,2060.000,1105.000,2040.000,1079.500,40.000,51.000,0,1.000000,155.930000,16.106175,9.502292
1780474705.336027,,,BOARD_2,1,1,2020.000,1053.000,2060.000,1104.000,40.000,51.000,2020.000,1053.000,2060.000,1104.000,40.000,51.000,2020.000,1053.000,2060.000,1104.000,2040.000,1078.500,40.000,51.000,0,1.000000,155.930000,16.106175,9.506875
1780474706.072424,,,BOARD_2,1,0,2023.000,1062.000,2063.000,1113.000,40.000,51.000,2023.000,1062.000,2063.000,1113.000,40.000,51.000,2023.000,1062.000,2063.000,1113.000,2043.000,1087.500,40.000,51.000,0,1.000000,155.930000,16.119847,9.465625
1780474706.072424,,,BOARD_2,1,1,2023.000,1063.000,2063.000,1114.000,40.000,51.000,2023.000,1063.000,2063.000,1114.000,40.000,51.000,2023.000,1063.000,2063.000,1114.000,2043.000,1088.500,40.000,51.000,0,1.000000,155.930000,16.119847,9.461042
1780474706.743525,,,BOARD_2,1,0,2028.000,1060.000,2068.000,1111.000,40.000,51.000,2028.000,1060.000,2068.000,1111.000,40.000,51.000,2028.000,1060.000,2068.000,1111.000,2048.000,1085.500,40.000,51.000,0,1.000000,155.930000,16.142633,9.474792
1780474707.188513,,,BOARD_2,1,0,2024.000,1064.000,2063.000,1115.000,39.000,51.000,2024.000,1064.000,2063.000,1115.000,39.000,51.000,2024.000,1064.000,2063.000,1115.000,2043.500,1089.500,39.000,51.000,0,1.000000,159.930000,16.122126,9.456458
1780474707.188513,,,BOARD_2,1,1,2023.000,1065.000,2062.000,1116.000,39.000,51.000,2023.000,1065.000,2062.000,1116.000,39.000,51.000,2023.000,1065.000,2062.000,1116.000,2042.500,1090.500,39.000,51.000,0,1.000000,159.930000,16.117568,9.451875
1780474707.824960,,,BOARD_2,1,0,2026.000,1062.000,2066.000,1113.000,40.000,51.000,2026.000,1062.000,2066.000,1113.000,40.000,51.000,2026.000,1062.000,2066.000,1113.000,2046.000,1087.500,40.000,51.000,0,1.000000,155.930000,16.133519,9.465625
1780474707.824960,,,BOARD_2,1,1,2026.000,1062.000,2066.000,1113.000,40.000,51.000,2026.000,1062.000,2066.000,1113.000,40.000,51.000,2026.000,1062.000,2066.000,1113.000,2046.000,1087.500,40.000,51.000,0,1.000000,155.930000,16.133519,9.465625
1780474708.462183,,,BOARD_2,1,0,2030.000,1058.000,2070.000,1109.000,40.000,51.000,2030.000,1058.000,2070.000,1109.000,40.000,51.000,2030.000,1058.000,2070.000,1109.000,2050.000,1083.500,40.000,51.000,0,1.000000,155.930000,16.151748,9.483958
1780474709.102686,,,BOARD_2,1,0,2026.000,1054.000,2066.000,1105.000,40.000,51.000,2026.000,1054.000,2066.000,1105.000,40.000,51.000,2026.000,1054.000,2066.000,1105.000,2046.000,1079.500,40.000,51.000,0,1.000000,155.930000,16.133519,9.502292
1780474709.102686,,,BOARD_2,1,1,2025.000,1053.000,2065.000,1104.000,40.000,51.000,2025.000,1053.000,2065.000,1104.000,40.000,51.000,2025.000,1053.000,2065.000,1104.000,2045.000,1078.500,40.000,51.000,0,1.000000,155.930000,16.128961,9.506875
1780474709.722690,,,BOARD_2,1,0,2028.000,1062.000,2068.000,1113.000,40.000,51.000,2028.000,1062.000,2068.000,1113.000,40.000,51.000,2028.000,1062.000,2068.000,1113.000,2048.000,1087.500,40.000,51.000,0,1.000000,155.930000,16.142633,9.465625
1780474709.722690,,,BOARD_2,1,1,2028.000,1063.000,2068.000,1114.000,40.000,51.000,2028.000,1063.000,2068.000,1114.000,40.000,51.000,2028.000,1063.000,2068.000,1114.000,2048.000,1088.500,40.000,51.000,0,1.000000,155.930000,16.142633,9.461042
1780474710.273853,,,BOARD_2,1,0,2024.000,1060.000,2064.000,1111.000,40.000,51.000,2024.000,1060.000,2064.000,1111.000,40.000,51.000,2024.000,1060.000,2064.000,1111.000,2044.000,1085.500,40.000,51.000,0,1.000000,155.930000,16.124404,9.474792
1780474710.273853,,,BOARD_2,1,1,2023.000,1060.000,2063.000,1111.000,40.000,51.000,2023.000,1060.000,2063.000,1111.000,40.000,51.000,2023.000,1060.000,2063.000,1111.000,2043.000,1085.500,40.000,51.000,0,1.000000,155.930000,16.119847,9.474792
1780474710.947333,,,BOARD_2,1,0,2019.000,1056.000,2058.000,1107.000,39.000,51.000,2019.000,1056.000,2058.000,1107.000,39.000,51.000,2019.000,1056.000,2058.000,1107.000,2038.500,1081.500,39.000,51.000,0,1.000000,159.930000,16.099339,9.493125
1780474711.219855,,,BOARD_2,1,0,2018.000,1055.000,2057.000,1106.000,39.000,51.000,2018.000,1055.000,2057.000,1106.000,39.000,51.000,2018.000,1055.000,2057.000,1106.000,2037.500,1080.500,39.000,51.000,0,1.000000,159.930000,16.094782,9.497708
1780474711.735776,,,BOARD_2,1,0,2028.000,1058.000,2068.000,1109.000,40.000,51.000,2028.000,1058.000,2068.000,1109.000,40.000,51.000,2028.000,1058.000,2068.000,1109.000,2048.000,1083.500,40.000,51.000,0,1.000000,155.930000,16.142633,9.483958
1780474711.735776,,,BOARD_2,1,1,2029.000,1058.000,2069.000,1109.000,40.000,51.000,2029.000,1058.000,2069.000,1109.000,40.000,51.000,2029.000,1058.000,2069.000,1109.000,2049.000,1083.500,40.000,51.000,0,1.000000,155.930000,16.147191,9.483958
1780474712.350134,,,BOARD_2,1,0,2026.000,1054.000,2066.000,1105.000,40.000,51.000,2026.000,1054.000,2066.000,1105.000,40.000,51.000,2026.000,1054.000,2066.000,1105.000,2046.000,1079.500,40.000,51.000,0,1.000000,155.930000,16.133519,9.502292
1780474712.350134,,,BOARD_2,1,1,2026.000,1053.000,2066.000,1104.000,40.000,51.000,2026.000,1053.000,2066.000,1104.000,40.000,51.000,2026.000,1053.000,2066.000,1104.000,2046.000,1078.500,40.000,51.000,0,1.000000,155.930000,16.133519,9.506875
1780474712.993192,,,BOARD_2,1,0,2022.000,1056.000,2061.000,1107.000,39.000,51.000,2022.000,1056.000,2061.000,1107.000,39.000,51.000,2022.000,1056.000,2061.000,1107.000,2041.500,1081.500,39.000,51.000,0,1.000000,159.930000,16.113011,9.493125
1780474712.993192,,,BOARD_2,1,1,2021.000,1056.000,2060.000,1107.000,39.000,51.000,2021.000,1056.000,2060.000,1107.000,39.000,51.000,2021.000,1056.000,2060.000,1107.000,2040.500,1081.500,39.000,51.000,0,1.000000,159.930000,16.108454,9.493125
1780474713.773328,,,BOARD_2,1,0,2024.000,1052.000,2064.000,1103.000,40.000,51.000,2024.000,1052.000,2064.000,1103.000,40.000,51.000,2024.000,1052.000,2064.000,1103.000,2044.000,1077.500,40.000,51.000,0,1.000000,155.930000,16.124404,9.511458
1780474714.053943,,,BOARD_2,1,0,2024.000,1051.000,2064.000,1102.000,40.000,51.000,2024.000,1051.000,2064.000,1102.000,40.000,51.000,2024.000,1051.000,2064.000,1102.000,2044.000,1076.500,40.000,51.000,0,1.000000,155.930000,16.124404,9.516042
1780474714.724999,,,BOARD_2,1,0,2020.000,1054.000,2060.000,1105.000,40.000,51.000,2020.000,1054.000,2060.000,1105.000,40.000,51.000,2020.000,1054.000,2060.000,1105.000,2040.000,1079.500,40.000,51.000,0,1.000000,155.930000,16.106175,9.502292
1780474714.724999,,,BOARD_2,1,1,2019.000,1054.000,2059.000,1105.000,40.000,51.000,2019.000,1054.000,2059.000,1105.000,40.000,51.000,2019.000,1054.000,2059.000,1105.000,2039.000,1079.500,40.000,51.000,0,1.000000,155.930000,16.101618,9.502292
1780474715.284886,,,BOARD_2,1,0,2023.000,1058.000,2063.000,1109.000,40.000,51.000,2023.000,1058.000,2063.000,1109.000,40.000,51.000,2023.000,1058.000,2063.000,1109.000,2043.000,1083.500,40.000,51.000,0,1.000000,155.930000,16.119847,9.483958
1780474715.284886,,,BOARD_2,1,1,2023.000,1059.000,2063.000,1110.000,40.000,51.000,2023.000,1059.000,2063.000,1110.000,40.000,51.000,2023.000,1059.000,2063.000,1110.000,2043.000,1084.500,40.000,51.000,0,1.000000,155.930000,16.119847,9.479375
1780474716.101734,,,BOARD_2,1,0,2027.000,1056.000,2067.000,1107.000,40.000,51.000,2027.000,1056.000,2067.000,1107.000,40.000,51.000,2027.000,1056.000,2067.000,1107.000,2047.000,1081.500,40.000,51.000,0,1.000000,155.930000,16.138076,9.493125
1780474716.101734,,,BOARD_2,1,1,2028.000,1056.000,2068.000,1107.000,40.000,51.000,2028.000,1056.000,2068.000,1107.000,40.000,51.000,2028.000,1056.000,2068.000,1107.000,2048.000,1081.500,40.000,51.000,0,1.000000,155.930000,16.142633,9.493125
1780474716.619742,,,BOARD_2,1,0,2025.000,1060.000,2064.000,1111.000,39.000,51.000,2025.000,1060.000,2064.000,1111.000,39.000,51.000,2025.000,1060.000,2064.000,1111.000,2044.500,1085.500,39.000,51.000,0,1.000000,159.930000,16.126683,9.474792
1780474716.619742,,,BOARD_2,1,1,2025.000,1061.000,2064.000,1112.000,39.000,51.000,2025.000,1061.000,2064.000,1112.000,39.000,51.000,2025.000,1061.000,2064.000,1112.000,2044.500,1086.500,39.000,51.000,0,1.000000,159.930000,16.126683,9.470208
1780474717.186428,,,BOARD_2,1,0,2020.000,1056.000,2059.000,1107.000,39.000,51.000,2020.000,1056.000,2059.000,1107.000,39.000,51.000,2020.000,1056.000,2059.000,1107.000,2039.500,1081.500,39.000,51.000,0,1.000000,159.930000,16.103896,9.493125
1780474717.186428,,,BOARD_2,1,1,2019.000,1056.000,2058.000,1107.000,39.000,51.000,2019.000,1056.000,2058.000,1107.000,39.000,51.000,2019.000,1056.000,2058.000,1107.000,2038.500,1081.500,39.000,51.000,0,1.000000,159.930000,16.099339,9.493125
1780474717.753560,,,BOARD_2,1,0,2030.000,1058.000,2070.000,1109.000,40.000,51.000,2030.000,1058.000,2070.000,1109.000,40.000,51.000,2030.000,1058.000,2070.000,1109.000,2050.000,1083.500,40.000,51.000,0,1.000000,155.930000,16.151748,9.483958
1780474718.027886,,,BOARD_2,1,0,2031.000,1058.000,2071.000,1109.000,40.000,51.000,2031.000,1058.000,2071.000,1109.000,40.000,51.000,2031.000,1058.000,2071.000,1109.000,2051.000,1083.500,40.000,51.000,0,1.000000,155.930000,16.156305,9.483958
1780474718.594575,,,BOARD_2,1,0,2029.000,1062.000,2068.000,1113.000,39.000,51.000,2029.000,1062.000,2068.000,1113.000,39.000,51.000,2029.000,1062.000,2068.000,1113.000,2048.500,1087.500,39.000,51.000,0,1.000000,159.930000,16.144912,9.465625
1780474718.594575,,,BOARD_2,1,1,2029.000,1063.000,2068.000,1114.000,39.000,51.000,2029.000,1063.000,2068.000,1114.000,39.000,51.000,2029.000,1063.000,2068.000,1114.000,2048.500,1088.500,39.000,51.000,0,1.000000,159.930000,16.144912,9.461042
1780474719.211746,,,BOARD_2,1,0,2026.000,1060.000,2065.000,1111.000,39.000,51.000,2026.000,1060.000,2065.000,1111.000,39.000,51.000,2026.000,1060.000,2065.000,1111.000,2045.500,1085.500,39.000,51.000,0,1.000000,159.930000,16.131240,9.474792
1780474719.211746,,,BOARD_2,1,1,2026.000,1060.000,2065.000,1111.000,39.000,51.000,2026.000,1060.000,2065.000,1111.000,39.000,51.000,2026.000,1060.000,2065.000,1111.000,2045.500,1085.500,39.000,51.000,0,1.000000,159.930000,16.131240,9.474792
1780474720.193103,,,BOARD_2,1,0,2020.000,1056.000,2059.000,1107.000,39.000,51.000,2020.000,1056.000,2059.000,1107.000,39.000,51.000,2020.000,1056.000,2059.000,1107.000,2039.500,1081.500,39.000,51.000,0,1.000000,159.930000,16.103896,9.493125
1780474720.193103,,,BOARD_2,1,1,2019.000,1055.000,2058.000,1106.000,39.000,51.000,2019.000,1055.000,2058.000,1106.000,39.000,51.000,2019.000,1055.000,2058.000,1106.000,2038.500,1080.500,39.000,51.000,0,1.000000,159.930000,16.099339,9.497708
1780474720.856408,,,BOARD_2,1,0,2020.000,1058.000,2060.000,1109.000,40.000,51.000,2020.000,1058.000,2060.000,1109.000,40.000,51.000,2020.000,1058.000,2060.000,1109.000,2040.000,1083.500,40.000,51.000,0,1.000000,155.930000,16.106175,9.483958
1780474720.856408,,,BOARD_2,1,1,2020.000,1058.000,2060.000,1109.000,40.000,51.000,2020.000,1058.000,2060.000,1109.000,40.000,51.000,2020.000,1058.000,2060.000,1109.000,2040.000,1083.500,40.000,51.000,0,1.000000,155.930000,16.106175,9.483958
1780474721.507091,,,BOARD_2,1,0,2031.000,1062.000,2071.000,1113.000,40.000,51.000,2031.000,1062.000,2071.000,1113.000,40.000,51.000,2031.000,1062.000,2071.000,1113.000,2051.000,1087.500,40.000,51.000,0,1.000000,155.930000,16.156305,9.465625
1780474721.507091,,,BOARD_2,1,1,2033.000,1063.000,2073.000,1114.000,40.000,51.000,2033.000,1063.000,2073.000,1114.000,40.000,51.000,2033.000,1063.000,2073.000,1114.000,2053.000,1088.500,40.000,51.000,0,1.000000,155.930000,16.165420,9.461042
1780474722.013272,,,BOARD_2,1,0,2031.000,1066.000,2071.000,1117.000,40.000,51.000,2031.000,1066.000,2071.000,1117.000,40.000,51.000,2031.000,1066.000,2071.000,1117.000,2051.000,1091.500,40.000,51.000,0,1.000000,155.930000,16.156305,9.447292
1780474722.013272,,,BOARD_2,1,1,2032.000,1067.000,2072.000,1118.000,40.000,51.000,2032.000,1067.000,2072.000,1118.000,40.000,51.000,2032.000,1067.000,2072.000,1118.000,2052.000,1092.500,40.000,51.000,0,1.000000,155.930000,16.160863,9.442708
1780474748.200037,,,BOARD_2,1,0,1807.000,1196.000,1846.000,1247.000,39.000,51.000,1807.000,1196.000,1846.000,1247.000,39.000,51.000,1807.000,1196.000,1846.000,1247.000,1826.500,1221.500,39.000,51.000,0,1.000000,159.930000,15.133193,8.851458
1780474748.200037,,,BOARD_2,1,1,1808.000,1197.000,1847.000,1248.000,39.000,51.000,1808.000,1197.000,1847.000,1248.000,39.000,51.000,1808.000,1197.000,1847.000,1248.000,1827.500,1222.500,39.000,51.000,0,1.000000,159.930000,15.137751,8.846875
1780474748.774123,,,BOARD_2,1,0,1804.000,1192.000,1844.000,1243.000,40.000,51.000,1804.000,1192.000,1844.000,1243.000,40.000,51.000,1804.000,1192.000,1844.000,1243.000,1824.000,1217.500,40.000,51.000,0,1.000000,155.930000,15.121800,8.869792
1780474748.774123,,,BOARD_2,1,1,1804.000,1192.000,1844.000,1243.000,40.000,51.000,1804.000,1192.000,1844.000,1243.000,40.000,51.000,1804.000,1192.000,1844.000,1243.000,1824.000,1217.500,40.000,51.000,0,1.000000,155.930000,15.121800,8.869792
1780474749.385043,,,BOARD_2,1,0,1800.000,1194.000,1840.000,1245.000,40.000,51.000,1800.000,1194.000,1840.000,1245.000,40.000,51.000,1800.000,1194.000,1840.000,1245.000,1820.000,1219.500,40.000,51.000,0,1.000000,155.930000,15.103571,8.860625
1780474749.738298,,,BOARD_2,1,0,1799.000,1194.000,1839.000,1245.000,40.000,51.000,1799.000,1194.000,1839.000,1245.000,40.000,51.000,1799.000,1194.000,1839.000,1245.000,1819.000,1219.500,40.000,51.000,0,1.000000,155.930000,15.099014,8.860625
1780474749.951381,,,BOARD_2,1,0,1804.000,1190.000,1844.000,1241.000,40.000,51.000,1804.000,1190.000,1844.000,1241.000,40.000,51.000,1804.000,1190.000,1844.000,1241.000,1824.000,1215.500,40.000,51.000,0,1.000000,155.930000,15.121800,8.878958
1780474749.951381,,,BOARD_2,1,1,1805.000,1189.000,1845.000,1240.000,40.000,51.000,1805.000,1189.000,1845.000,1240.000,40.000,51.000,1805.000,1189.000,1845.000,1240.000,1825.000,1214.500,40.000,51.000,0,1.000000,155.930000,15.126357,8.883542
1780474750.531378,,,BOARD_2,1,0,1802.000,1192.000,1842.000,1243.000,40.000,51.000,1802.000,1192.000,1842.000,1243.000,40.000,51.000,1802.000,1192.000,1842.000,1243.000,1822.000,1217.500,40.000,51.000,0,1.000000,155.930000,15.112685,8.869792
1780474750.531378,,,BOARD_2,1,1,1802.000,1192.000,1842.000,1243.000,40.000,51.000,1802.000,1192.000,1842.000,1243.000,40.000,51.000,1802.000,1192.000,1842.000,1243.000,1822.000,1217.500,40.000,51.000,0,1.000000,155.930000,15.112685,8.869792
1780474751.045023,,,BOARD_2,1,0,1706.000,1136.000,1954.000,1316.000,248.000,180.000,1706.000,1136.000,1954.000,1316.000,248.000,180.000,1706.000,1136.000,1954.000,1316.000,1830.000,1226.000,248.000,180.000,0,1.000000,25.150000,15.149144,8.830833
1780474751.045023,,,BOARD_2,1,1,1707.000,1138.000,1955.000,1318.000,248.000,180.000,1707.000,1138.000,1955.000,1318.000,248.000,180.000,1707.000,1138.000,1955.000,1318.000,1831.000,1228.000,248.000,180.000,0,1.000000,25.150000,15.153701,8.821667
1780474751.851865,,,BOARD_2,1,0,1789.000,1149.000,1853.000,1268.000,64.000,119.000,1789.000,1149.000,1853.000,1268.000,64.000,119.000,1789.000,1149.000,1853.000,1268.000,1821.000,1208.500,64.000,119.000,0,1.000000,97.460000,15.108128,8.911042
1780474751.851865,,,BOARD_2,1,1,1788.000,1146.000,1852.000,1265.000,64.000,119.000,1788.000,1146.000,1852.000,1265.000,64.000,119.000,1788.000,1146.000,1852.000,1265.000,1820.000,1205.500,64.000,119.000,0,1.000000,97.460000,15.103571,8.924792
1780474752.459685,,,BOARD_2,1,0,1803.000,1174.000,1843.000,1225.000,40.000,51.000,1803.000,1174.000,1843.000,1225.000,40.000,51.000,1803.000,1174.000,1843.000,1225.000,1823.000,1199.500,40.000,51.000,0,1.000000,155.930000,15.117243,8.952292
1780474753.136590,,,BOARD_2,1,0,1761.000,1158.000,1893.000,1249.000,132.000,91.000,1761.000,1158.000,1893.000,1249.000,132.000,91.000,1761.000,1158.000,1893.000,1249.000,1827.000,1203.500,132.000,91.000,0,1.000000,47.250000,15.135472,8.933958
1780474753.136590,,,BOARD_2,1,1,1762.000,1158.000,1894.000,1249.000,132.000,91.000,1762.000,1158.000,1894.000,1249.000,132.000,91.000,1762.000,1158.000,1894.000,1249.000,1828.000,1203.500,132.000,91.000,0,1.000000,47.250000,15.140029,8.933958
1780474761.120607,,,BOARD_2,1,0,1792.000,1242.000,1832.000,1293.000,40.000,51.000,1792.000,1242.000,1832.000,1293.000,40.000,51.000,1792.000,1242.000,1832.000,1293.000,1812.000,1267.500,40.000,51.000,0,1.000000,155.930000,15.067113,8.640625
1780474761.120607,,,BOARD_2,1,1,1791.000,1242.000,1831.000,1293.000,40.000,51.000,1791.000,1242.000,1831.000,1293.000,40.000,51.000,1791.000,1242.000,1831.000,1293.000,1811.000,1267.500,40.000,51.000,0,1.000000,155.930000,15.062555,8.640625
1780474761.754614,,,BOARD_2,1,0,1793.000,1238.000,1833.000,1289.000,40.000,51.000,1793.000,1238.000,1833.000,1289.000,40.000,51.000,1793.000,1238.000,1833.000,1289.000,1813.000,1263.500,40.000,51.000,0,1.000000,155.930000,15.071670,8.658958
1780474771.703737,,,BOARD_2,1,0,1652.000,1296.000,1692.000,1347.000,40.000,51.000,1652.000,1296.000,1692.000,1347.000,40.000,51.000,1652.000,1296.000,1692.000,1347.000,1672.000,1321.500,40.000,51.000,0,1.000000,155.930000,14.429092,8.393125
1780474772.417271,,,BOARD_2,1,0,1644.000,1272.000,1708.000,1391.000,64.000,119.000,1644.000,1272.000,1708.000,1391.000,64.000,119.000,1644.000,1272.000,1708.000,1391.000,1676.000,1331.500,64.000,119.000,0,1.000000,97.460000,14.447321,8.347292
1780474795.247166,,,BOARD_2,1,0,1777.000,1350.000,1817.000,1401.000,40.000,51.000,1777.000,1350.000,1817.000,1401.000,40.000,51.000,1777.000,1350.000,1817.000,1401.000,1797.000,1375.500,40.000,51.000,0,1.000000,155.930000,14.998753,8.145625
1780474795.885898,,,BOARD_2,1,0,1771.000,1352.000,1811.000,1403.000,40.000,51.000,1771.000,1352.000,1811.000,1403.000,40.000,51.000,1771.000,1352.000,1811.000,1403.000,1791.000,1377.500,40.000,51.000,0,1.000000,155.930000,14.971409,8.136458
1780474796.555379,,,BOARD_2,1,0,1772.000,1348.000,1811.000,1399.000,39.000,51.000,1772.000,1348.000,1811.000,1399.000,39.000,51.000,1772.000,1348.000,1811.000,1399.000,1791.500,1373.500,39.000,51.000,0,1.000000,159.930000,14.973688,8.154792
1780474796.816631,,,BOARD_2,1,0,1771.000,1347.000,1810.000,1398.000,39.000,51.000,1771.000,1347.000,1810.000,1398.000,39.000,51.000,1771.000,1347.000,1810.000,1398.000,1790.500,1372.500,39.000,51.000,0,1.000000,159.930000,14.969131,8.159375
1780474797.204059,,,BOARD_2,1,0,1774.000,1350.000,1813.000,1401.000,39.000,51.000,1774.000,1350.000,1813.000,1401.000,39.000,51.000,1774.000,1350.000,1813.000,1401.000,1793.500,1375.500,39.000,51.000,0,1.000000,159.930000,14.982803,8.145625
1780474797.486807,,,BOARD_2,1,0,1774.000,1350.000,1813.000,1401.000,39.000,51.000,1774.000,1350.000,1813.000,1401.000,39.000,51.000,1774.000,1350.000,1813.000,1401.000,1793.500,1375.500,39.000,51.000,0,1.000000,159.930000,14.982803,8.145625
1780474798.009543,,,BOARD_2,1,0,1770.000,1346.000,1809.000,1397.000,39.000,51.000,1770.000,1346.000,1809.000,1397.000,39.000,51.000,1770.000,1346.000,1809.000,1397.000,1789.500,1371.500,39.000,51.000,0,1.000000,159.930000,14.964573,8.163958
1780474798.009543,,,BOARD_2,1,1,1769.000,1345.000,1808.000,1396.000,39.000,51.000,1769.000,1345.000,1808.000,1396.000,39.000,51.000,1769.000,1345.000,1808.000,1396.000,1788.500,1370.500,39.000,51.000,0,1.000000,159.930000,14.960016,8.168542
1780474801.659630,,,BOARD_3,1,0,1630.000,1742.000,1878.000,1922.000,248.000,180.000,1630.000,1742.000,1878.000,1922.000,248.000,180.000,1630.000,1742.000,1878.000,1922.000,1754.000,1832.000,248.000,180.000,0,1.000000,25.150000,18.935590,15.553333
1780474802.057621,,,BOARD_3,1,0,1606.000,1718.000,1854.000,1898.000,248.000,180.000,1606.000,1718.000,1854.000,1898.000,248.000,180.000,1606.000,1718.000,1854.000,1898.000,1730.000,1808.000,248.000,180.000,0,1.000000,25.150000,18.826215,15.663333
1780474802.428514,,,BOARD_3,1,0,1582.000,1694.000,1830.000,1874.000,248.000,180.000,1582.000,1694.000,1830.000,1874.000,248.000,180.000,1582.000,1694.000,1830.000,1874.000,1706.000,1784.000,248.000,180.000,0,1.000000,25.150000,18.716840,15.773333
1780474802.428514,,,BOARD_3,1,1,1571.000,1684.000,1819.000,1864.000,248.000,180.000,1571.000,1684.000,1819.000,1864.000,248.000,180.000,1571.000,1684.000,1819.000,1864.000,1695.000,1774.000,248.000,180.000,0,1.000000,25.150000,18.666709,15.819167
1780474803.032635,,,BOARD_3,1,0,1537.000,1682.000,1785.000,1862.000,248.000,180.000,1537.000,1682.000,1785.000,1862.000,248.000,180.000,1537.000,1682.000,1785.000,1862.000,1661.000,1772.000,248.000,180.000,0,1.000000,25.150000,18.511761,15.828333
1780475134.830198,,,BOARD_2,1,0,3131.000,1489.000,3263.000,1581.000,132.000,92.000,3131.000,1489.000,3263.000,1581.000,132.000,92.000,3131.000,1489.000,3263.000,1581.000,3197.000,1535.000,132.000,92.000,0,1.000000,47.250000,21.378961,7.414583
1780475134.830198,,,BOARD_2,1,1,3132.000,1510.000,3264.000,1602.000,132.000,92.000,3132.000,1510.000,3264.000,1602.000,132.000,92.000,3132.000,1510.000,3264.000,1602.000,3198.000,1556.000,132.000,92.000,0,1.000000,47.250000,21.383519,7.318333
1780475135.341767,,,BOARD_2,1,0,3082.000,1528.000,3330.000,1708.000,248.000,180.000,3082.000,1528.000,3330.000,1708.000,248.000,180.000,3082.000,1528.000,3330.000,1708.000,3206.000,1618.000,248.000,180.000,0,1.000000,25.150000,21.419977,7.034167
1780475135.341767,,,BOARD_2,1,1,3084.000,1553.000,3332.000,1733.000,248.000,180.000,3084.000,1553.000,3332.000,1733.000,248.000,180.000,3084.000,1553.000,3332.000,1733.000,3208.000,1643.000,248.000,180.000,0,1.000000,25.150000,21.429092,6.919583
1780475135.911250,,,BOARD_2,1,0,3148.000,1594.000,3280.000,1686.000,132.000,92.000,3148.000,1594.000,3280.000,1686.000,132.000,92.000,3148.000,1594.000,3280.000,1686.000,3214.000,1640.000,132.000,92.000,0,1.000000,47.250000,21.456435,6.933333
1780475136.478047,,,BOARD_2,1,0,3103.000,1556.000,3351.000,1736.000,248.000,180.000,3103.000,1556.000,3351.000,1736.000,248.000,180.000,3103.000,1556.000,3351.000,1736.000,3227.000,1646.000,248.000,180.000,0,1.000000,25.150000,21.515680,6.905833
1780475136.478047,,,BOARD_2,1,1,3106.000,1564.000,3354.000,1744.000,248.000,180.000,3106.000,1564.000,3354.000,1744.000,248.000,180.000,3106.000,1564.000,3354.000,1744.000,3230.000,1654.000,248.000,180.000,0,1.000000,25.150000,21.529352,6.869167
1780475137.097139,,,BOARD_2,1,0,3118.000,1564.000,3366.000,1744.000,248.000,180.000,3118.000,1564.000,3366.000,1744.000,248.000,180.000,3118.000,1564.000,3366.000,1744.000,3242.000,1654.000,248.000,180.000,0,1.000000,25.150000,21.584040,6.869167
1780475137.710192,,,BOARD_2,1,0,3119.000,1550.000,3367.000,1730.000,248.000,180.000,3119.000,1550.000,3367.000,1730.000,248.000,180.000,3119.000,1550.000,3367.000,1730.000,3243.000,1640.000,248.000,180.000,0,1.000000,25.150000,21.588597,6.933333
1780475138.314399,,,BOARD_2,1,0,3115.000,1541.000,3363.000,1721.000,248.000,180.000,3115.000,1541.000,3363.000,1721.000,248.000,180.000,3115.000,1541.000,3363.000,1721.000,3239.000,1631.000,248.000,180.000,0,1.000000,25.150000,21.570368,6.974583
1780475138.314399,,,BOARD_2,1,1,3115.000,1539.000,3363.000,1719.000,248.000,180.000,3115.000,1539.000,3363.000,1719.000,248.000,180.000,3115.000,1539.000,3363.000,1719.000,3239.000,1629.000,248.000,180.000,0,1.000000,25.150000,21.570368,6.983750
1780475138.953071,,,BOARD_2,1,0,3107.000,1545.000,3355.000,1725.000,248.000,180.000,3107.000,1545.000,3355.000,1725.000,248.000,180.000,3107.000,1545.000,3355.000,1725.000,3231.000,1635.000,248.000,180.000,0,1.000000,25.150000,21.533909,6.956250
1780475138.953071,,,BOARD_2,1,1,3106.000,1545.000,3354.000,1725.000,248.000,180.000,3106.000,1545.000,3354.000,1725.000,248.000,180.000,3106.000,1545.000,3354.000,1725.000,3230.000,1635.000,248.000,180.000,0,1.000000,25.150000,21.529352,6.956250
1780475139.465709,,,BOARD_2,1,0,3112.000,1553.000,3360.000,1733.000,248.000,180.000,3112.000,1553.000,3360.000,1733.000,248.000,180.000,3112.000,1553.000,3360.000,1733.000,3236.000,1643.000,248.000,180.000,0,1.000000,25.150000,21.556696,6.919583
1780475139.465709,,,BOARD_2,1,1,3112.000,1554.000,3360.000,1734.000,248.000,180.000,3112.000,1554.000,3360.000,1734.000,248.000,180.000,3112.000,1554.000,3360.000,1734.000,3236.000,1644.000,248.000,180.000,0,1.000000,25.150000,21.556696,6.915000
1780475140.086684,,,BOARD_2,1,0,3121.000,1548.000,3369.000,1728.000,248.000,180.000,3121.000,1548.000,3369.000,1728.000,248.000,180.000,3121.000,1548.000,3369.000,1728.000,3245.000,1638.000,248.000,180.000,0,1.000000,25.150000,21.597711,6.942500
1780475140.086684,,,BOARD_2,1,1,3123.000,1548.000,3371.000,1728.000,248.000,180.000,3123.000,1548.000,3371.000,1728.000,248.000,180.000,3123.000,1548.000,3371.000,1728.000,3247.000,1638.000,248.000,180.000,0,1.000000,25.150000,21.606826,6.942500
1780475140.584485,,,BOARD_2,1,0,3117.000,1539.000,3365.000,1719.000,248.000,180.000,3117.000,1539.000,3365.000,1719.000,248.000,180.000,3117.000,1539.000,3365.000,1719.000,3241.000,1629.000,248.000,180.000,0,1.000000,25.150000,21.579482,6.983750
1780475140.584485,,,BOARD_2,1,1,3117.000,1537.000,3365.000,1717.000,248.000,180.000,3117.000,1537.000,3365.000,1717.000,248.000,180.000,3117.000,1537.000,3365.000,1717.000,3241.000,1627.000,248.000,180.000,0,1.000000,25.150000,21.579482,6.992917
1780475141.099225,,,BOARD_2,1,0,3125.000,1527.000,3373.000,1707.000,248.000,180.000,3125.000,1527.000,3373.000,1707.000,248.000,180.000,3125.000,1527.000,3373.000,1707.000,3249.000,1617.000,248.000,180.000,0,1.000000,25.150000,21.615941,7.038750
1780475141.099225,,,BOARD_2,1,1,3126.000,1524.000,3374.000,1704.000,248.000,180.000,3126.000,1524.000,3374.000,1704.000,248.000,180.000,3126.000,1524.000,3374.000,1704.000,3250.000,1614.000,248.000,180.000,0,1.000000,25.150000,21.620498,7.052500
1780475141.704551,,,BOARD_2,1,0,3120.000,1513.000,3368.000,1693.000,248.000,180.000,3120.000,1513.000,3368.000,1693.000,248.000,180.000,3120.000,1513.000,3368.000,1693.000,3244.000,1603.000,248.000,180.000,0,1.000000,25.150000,21.593154,7.102917
1780475141.704551,,,BOARD_2,1,1,3120.000,1509.000,3368.000,1689.000,248.000,180.000,3120.000,1509.000,3368.000,1689.000,248.000,180.000,3120.000,1509.000,3368.000,1689.000,3244.000,1599.000,248.000,180.000,0,1.000000,25.150000,21.593154,7.121250
1780475142.304097,,,BOARD_2,1,0,3120.000,1505.000,3368.000,1685.000,248.000,180.000,3120.000,1505.000,3368.000,1685.000,248.000,180.000,3120.000,1505.000,3368.000,1685.000,3244.000,1595.000,248.000,180.000,0,1.000000,25.150000,21.593154,7.139583
1780475142.304097,,,BOARD_2,1,1,3128.000,1513.000,3376.000,1693.000,248.000,180.000,3128.000,1513.000,3376.000,1693.000,248.000,180.000,3128.000,1513.000,3376.000,1693.000,3252.000,1603.000,248.000,180.000,0,1.000000,25.150000,21.629613,7.102917
1780475142.574141,,,BOARD_2,1,0,3129.000,1511.000,3377.000,1691.000,248.000,180.000,3129.000,1511.000,3377.000,1691.000,248.000,180.000,3129.000,1511.000,3377.000,1691.000,3253.000,1601.000,248.000,180.000,0,1.000000,25.150000,21.634170,7.112083
1780475142.961552,,,BOARD_2,1,0,3131.000,1509.000,3379.000,1689.000,248.000,180.000,3131.000,1509.000,3379.000,1689.000,248.000,180.000,3131.000,1509.000,3379.000,1689.000,3255.000,1599.000,248.000,180.000,0,1.000000,25.150000,21.643284,7.121250
1780475142.961552,,,BOARD_2,1,1,3123.000,1517.000,3371.000,1697.000,248.000,180.000,3123.000,1517.000,3371.000,1697.000,248.000,180.000,3123.000,1517.000,3371.000,1697.000,3247.000,1607.000,248.000,180.000,0,1.000000,25.150000,21.606826,7.084583
1780475143.189508,,,BOARD_2,1,0,3123.000,1517.000,3371.000,1697.000,248.000,180.000,3123.000,1517.000,3371.000,1697.000,248.000,180.000,3123.000,1517.000,3371.000,1697.000,3247.000,1607.000,248.000,180.000,0,1.000000,25.150000,21.606826,7.084583
1780475143.583808,,,BOARD_2,1,0,3130.000,1509.000,3378.000,1689.000,248.000,180.000,3130.000,1509.000,3378.000,1689.000,248.000,180.000,3130.000,1509.000,3378.000,1689.000,3254.000,1599.000,248.000,180.000,0,1.000000,25.150000,21.638727,7.121250
1780475143.583808,,,BOARD_2,1,1,3131.000,1508.000,3379.000,1688.000,248.000,180.000,3131.000,1508.000,3379.000,1688.000,248.000,180.000,3131.000,1508.000,3379.000,1688.000,3255.000,1598.000,248.000,180.000,0,1.000000,25.150000,21.643284,7.125833
1780475144.238537,,,BOARD_2,1,0,3124.000,1514.000,3372.000,1694.000,248.000,180.000,3124.000,1514.000,3372.000,1694.000,248.000,180.000,3124.000,1514.000,3372.000,1694.000,3248.000,1604.000,248.000,180.000,0,1.000000,25.150000,21.611383,7.098333
1780475144.460397,,,BOARD_2,1,0,3123.000,1514.000,3371.000,1694.000,248.000,180.000,3123.000,1514.000,3371.000,1694.000,248.000,180.000,3123.000,1514.000,3371.000,1694.000,3247.000,1604.000,248.000,180.000,0,1.000000,25.150000,21.606826,7.098333
1780475144.789844,,,BOARD_2,1,0,3123.000,1514.000,3371.000,1694.000,248.000,180.000,3123.000,1514.000,3371.000,1694.000,248.000,180.000,3123.000,1514.000,3371.000,1694.000,3247.000,1604.000,248.000,180.000,0,1.000000,25.150000,21.606826,7.098333
1780475144.789844,,,BOARD_2,1,1,3131.000,1522.000,3379.000,1702.000,248.000,180.000,3131.000,1522.000,3379.000,1702.000,248.000,180.000,3131.000,1522.000,3379.000,1702.000,3255.000,1612.000,248.000,180.000,0,1.000000,25.150000,21.643284,7.061667
1780475145.021096,,,BOARD_2,1,0,3132.000,1524.000,3380.000,1704.000,248.000,180.000,3132.000,1524.000,3380.000,1704.000,248.000,180.000,3132.000,1524.000,3380.000,1704.000,3256.000,1614.000,248.000,180.000,0,1.000000,25.150000,21.647842,7.052500
1780475145.344923,,,BOARD_2,1,0,3133.000,1525.000,3381.000,1705.000,248.000,180.000,3133.000,1525.000,3381.000,1705.000,248.000,180.000,3133.000,1525.000,3381.000,1705.000,3257.000,1615.000,248.000,180.000,0,1.000000,25.150000,21.652399,7.047917
1780475145.630528,,,BOARD_2,1,0,3125.000,1533.000,3373.000,1713.000,248.000,180.000,3125.000,1533.000,3373.000,1713.000,248.000,180.000,3125.000,1533.000,3373.000,1713.000,3249.000,1623.000,248.000,180.000,0,1.000000,25.150000,21.615941,7.011250
1780475145.630528,,,BOARD_2,1,1,3124.000,1536.000,3372.000,1716.000,248.000,180.000,3124.000,1536.000,3372.000,1716.000,248.000,180.000,3124.000,1536.000,3372.000,1716.000,3248.000,1626.000,248.000,180.000,0,1.000000,25.150000,21.611383,6.997500
1780475146.369200,,,BOARD_2,1,0,3124.000,1538.000,3372.000,1718.000,248.000,180.000,3124.000,1538.000,3372.000,1718.000,248.000,180.000,3124.000,1538.000,3372.000,1718.000,3248.000,1628.000,248.000,180.000,0,1.000000,25.150000,21.611383,6.988333
1780475146.369200,,,BOARD_2,1,1,3132.000,1546.000,3380.000,1726.000,248.000,180.000,3132.000,1546.000,3380.000,1726.000,248.000,180.000,3132.000,1546.000,3380.000,1726.000,3256.000,1636.000,248.000,180.000,0,1.000000,25.150000,21.647842,6.951667
1780475146.672097,,,BOARD_2,1,0,3133.000,1550.000,3381.000,1730.000,248.000,180.000,3133.000,1550.000,3381.000,1730.000,248.000,180.000,3133.000,1550.000,3381.000,1730.000,3257.000,1640.000,248.000,180.000,0,1.000000,25.150000,21.652399,6.933333
1780475147.052549,,,BOARD_2,1,0,3134.000,1553.000,3382.000,1733.000,248.000,180.000,3134.000,1553.000,3382.000,1733.000,248.000,180.000,3134.000,1553.000,3382.000,1733.000,3258.000,1643.000,248.000,180.000,0,1.000000,25.150000,21.656956,6.919583
1780475147.052549,,,BOARD_2,1,1,3172.000,1577.000,3304.000,1669.000,132.000,92.000,3172.000,1577.000,3304.000,1669.000,132.000,92.000,3172.000,1577.000,3304.000,1669.000,3238.000,1623.000,132.000,92.000,0,1.000000,47.250000,21.565810,7.011250
1780475147.289037,,,BOARD_2,1,0,3169.000,1576.000,3301.000,1668.000,132.000,92.000,3169.000,1576.000,3301.000,1668.000,132.000,92.000,3169.000,1576.000,3301.000,1668.000,3235.000,1622.000,132.000,92.000,0,1.000000,47.250000,21.552139,7.015833
1780475147.755220,,,BOARD_2,1,0,3116.000,1539.000,3364.000,1719.000,248.000,180.000,3116.000,1539.000,3364.000,1719.000,248.000,180.000,3116.000,1539.000,3364.000,1719.000,3240.000,1629.000,248.000,180.000,0,1.000000,25.150000,21.574925,6.983750
1780475147.755220,,,BOARD_2,1,1,3115.000,1540.000,3363.000,1720.000,248.000,180.000,3115.000,1540.000,3363.000,1720.000,248.000,180.000,3115.000,1540.000,3363.000,1720.000,3239.000,1630.000,248.000,180.000,0,1.000000,25.150000,21.570368,6.979167
1780475148.472675,,,BOARD_2,1,0,3122.000,1533.000,3370.000,1713.000,248.000,180.000,3122.000,1533.000,3370.000,1713.000,248.000,180.000,3122.000,1533.000,3370.000,1713.000,3246.000,1623.000,248.000,180.000,0,1.000000,25.150000,21.602269,7.011250
1780475148.472675,,,BOARD_2,1,1,3123.000,1532.000,3371.000,1712.000,248.000,180.000,3123.000,1532.000,3371.000,1712.000,248.000,180.000,3123.000,1532.000,3371.000,1712.000,3247.000,1622.000,248.000,180.000,0,1.000000,25.150000,21.606826,7.015833
1780475149.097148,,,BOARD_2,1,0,3131.000,1523.000,3379.000,1703.000,248.000,180.000,3131.000,1523.000,3379.000,1703.000,248.000,180.000,3131.000,1523.000,3379.000,1703.000,3255.000,1613.000,248.000,180.000,0,1.000000,25.150000,21.643284,7.057083
1780475149.097148,,,BOARD_2,1,1,3133.000,1521.000,3381.000,1701.000,248.000,180.000,3133.000,1521.000,3381.000,1701.000,248.000,180.000,3133.000,1521.000,3381.000,1701.000,3257.000,1611.000,248.000,180.000,0,1.000000,25.150000,21.652399,7.066250
1780475149.616943,,,BOARD_2,1,0,3127.000,1527.000,3375.000,1707.000,248.000,180.000,3127.000,1527.000,3375.000,1707.000,248.000,180.000,3127.000,1527.000,3375.000,1707.000,3251.000,1617.000,248.000,180.000,0,1.000000,25.150000,21.625055,7.038750
1780475149.616943,,,BOARD_2,1,1,3127.000,1527.000,3375.000,1707.000,248.000,180.000,3127.000,1527.000,3375.000,1707.000,248.000,180.000,3127.000,1527.000,3375.000,1707.000,3251.000,1617.000,248.000,180.000,0,1.000000,25.150000,21.625055,7.038750
1780475150.231855,,,BOARD_2,1,0,3119.000,1519.000,3367.000,1699.000,248.000,180.000,3119.000,1519.000,3367.000,1699.000,248.000,180.000,3119.000,1519.000,3367.000,1699.000,3243.000,1609.000,248.000,180.000,0,1.000000,25.150000,21.588597,7.075417
1780475150.231855,,,BOARD_2,1,1,3118.000,1517.000,3366.000,1697.000,248.000,180.000,3118.000,1517.000,3366.000,1697.000,248.000,180.000,3118.000,1517.000,3366.000,1697.000,3242.000,1607.000,248.000,180.000,0,1.000000,25.150000,21.584040,7.084583
1780475150.673801,,,BOARD_2,1,0,3116.000,1516.000,3364.000,1696.000,248.000,180.000,3116.000,1516.000,3364.000,1696.000,248.000,180.000,3116.000,1516.000,3364.000,1696.000,3240.000,1606.000,248.000,180.000,0,1.000000,25.150000,21.574925,7.089167
1780475150.673801,,,BOARD_2,1,1,3124.000,1524.000,3372.000,1704.000,248.000,180.000,3124.000,1524.000,3372.000,1704.000,248.000,180.000,3124.000,1524.000,3372.000,1704.000,3248.000,1614.000,248.000,180.000,0,1.000000,25.150000,21.611383,7.052500
1780475150.980921,,,BOARD_2,1,0,3124.000,1524.000,3372.000,1704.000,248.000,180.000,3124.000,1524.000,3372.000,1704.000,248.000,180.000,3124.000,1524.000,3372.000,1704.000,3248.000,1614.000,248.000,180.000,0,1.000000,25.150000,21.611383,7.052500
1780475151.603051,,,BOARD_2,1,0,3133.000,1516.000,3381.000,1696.000,248.000,180.000,3133.000,1516.000,3381.000,1696.000,248.000,180.000,3133.000,1516.000,3381.000,1696.000,3257.000,1606.000,248.000,180.000,0,1.000000,25.150000,21.652399,7.089167
1780475152.057204,,,BOARD_2,1,0,3134.000,1515.000,3382.000,1695.000,248.000,180.000,3134.000,1515.000,3382.000,1695.000,248.000,180.000,3134.000,1515.000,3382.000,1695.000,3258.000,1605.000,248.000,180.000,0,1.000000,25.150000,21.656956,7.093750
1780475152.057204,,,BOARD_2,1,1,3125.000,1524.000,3373.000,1704.000,248.000,180.000,3125.000,1524.000,3373.000,1704.000,248.000,180.000,3125.000,1524.000,3373.000,1704.000,3249.000,1614.000,248.000,180.000,0,1.000000,25.150000,21.615941,7.052500
1780475152.347455,,,BOARD_2,1,0,3123.000,1526.000,3371.000,1706.000,248.000,180.000,3123.000,1526.000,3371.000,1706.000,248.000,180.000,3123.000,1526.000,3371.000,1706.000,3247.000,1616.000,248.000,180.000,0,1.000000,25.150000,21.606826,7.043333
1780475152.649726,,,BOARD_2,1,0,3122.000,1527.000,3370.000,1707.000,248.000,180.000,3122.000,1527.000,3370.000,1707.000,248.000,180.000,3122.000,1527.000,3370.000,1707.000,3246.000,1617.000,248.000,180.000,0,1.000000,25.150000,21.602269,7.038750
1780475152.649726,,,BOARD_2,1,1,3114.000,1519.000,3362.000,1699.000,248.000,180.000,3114.000,1519.000,3362.000,1699.000,248.000,180.000,3114.000,1519.000,3362.000,1699.000,3238.000,1609.000,248.000,180.000,0,1.000000,25.150000,21.565810,7.075417
1780475152.908806,,,BOARD_2,1,0,3111.000,1519.000,3359.000,1699.000,248.000,180.000,3111.000,1519.000,3359.000,1699.000,248.000,180.000,3111.000,1519.000,3359.000,1699.000,3235.000,1609.000,248.000,180.000,0,1.000000,25.150000,21.552139,7.075417
1780475153.219744,,,BOARD_2,1,0,3109.000,1519.000,3357.000,1699.000,248.000,180.000,3109.000,1519.000,3357.000,1699.000,248.000,180.000,3109.000,1519.000,3357.000,1699.000,3233.000,1609.000,248.000,180.000,0,1.000000,25.150000,21.543024,7.075417
1780475153.219744,,,BOARD_2,1,1,3117.000,1527.000,3365.000,1707.000,248.000,180.000,3117.000,1527.000,3365.000,1707.000,248.000,180.000,3117.000,1527.000,3365.000,1707.000,3241.000,1617.000,248.000,180.000,0,1.000000,25.150000,21.579482,7.038750
1780475153.504522,,,BOARD_2,1,0,3116.000,1528.000,3364.000,1708.000,248.000,180.000,3116.000,1528.000,3364.000,1708.000,248.000,180.000,3116.000,1528.000,3364.000,1708.000,3240.000,1618.000,248.000,180.000,0,1.000000,25.150000,21.574925,7.034167
1780475153.812638,,,BOARD_2,1,0,3116.000,1530.000,3364.000,1710.000,248.000,180.000,3116.000,1530.000,3364.000,1710.000,248.000,180.000,3116.000,1530.000,3364.000,1710.000,3240.000,1620.000,248.000,180.000,0,1.000000,25.150000,21.574925,7.025000
1780475153.812638,,,BOARD_2,1,1,3124.000,1522.000,3372.000,1702.000,248.000,180.000,3124.000,1522.000,3372.000,1702.000,248.000,180.000,3124.000,1522.000,3372.000,1702.000,3248.000,1612.000,248.000,180.000,0,1.000000,25.150000,21.611383,7.061667
1780475154.052863,,,BOARD_2,1,0,3125.000,1522.000,3373.000,1702.000,248.000,180.000,3125.000,1522.000,3373.000,1702.000,248.000,180.000,3125.000,1522.000,3373.000,1702.000,3249.000,1612.000,248.000,180.000,0,1.000000,25.150000,21.615941,7.061667
1780475154.385983,,,BOARD_2,1,0,3126.000,1521.000,3374.000,1701.000,248.000,180.000,3126.000,1521.000,3374.000,1701.000,248.000,180.000,3126.000,1521.000,3374.000,1701.000,3250.000,1611.000,248.000,180.000,0,1.000000,25.150000,21.620498,7.066250
1780475154.385983,,,BOARD_2,1,1,3134.000,1529.000,3382.000,1709.000,248.000,180.000,3134.000,1529.000,3382.000,1709.000,248.000,180.000,3134.000,1529.000,3382.000,1709.000,3258.000,1619.000,248.000,180.000,0,1.000000,25.150000,21.656956,7.029583
1780475154.682602,,,BOARD_2,1,0,3136.000,1530.000,3384.000,1710.000,248.000,180.000,3136.000,1530.000,3384.000,1710.000,248.000,180.000,3136.000,1530.000,3384.000,1710.000,3260.000,1620.000,248.000,180.000,0,1.000000,25.150000,21.666071,7.025000
1780475154.966641,,,BOARD_2,1,0,3139.000,1531.000,3387.000,1711.000,248.000,180.000,3139.000,1531.000,3387.000,1711.000,248.000,180.000,3139.000,1531.000,3387.000,1711.000,3263.000,1621.000,248.000,180.000,0,1.000000,25.150000,21.679743,7.020417
1780475155.214499,,,BOARD_2,1,0,3131.000,1523.000,3379.000,1703.000,248.000,180.000,3131.000,1523.000,3379.000,1703.000,248.000,180.000,3131.000,1523.000,3379.000,1703.000,3255.000,1613.000,248.000,180.000,0,1.000000,25.150000,21.643284,7.057083
1780475155.516472,,,BOARD_2,1,0,3132.000,1523.000,3380.000,1703.000,248.000,180.000,3132.000,1523.000,3380.000,1703.000,248.000,180.000,3132.000,1523.000,3380.000,1703.000,3256.000,1613.000,248.000,180.000,0,1.000000,25.150000,21.647842,7.057083
1780475155.743294,,,BOARD_2,1,0,3123.000,1531.000,3371.000,1711.000,248.000,180.000,3123.000,1531.000,3371.000,1711.000,248.000,180.000,3123.000,1531.000,3371.000,1711.000,3247.000,1621.000,248.000,180.000,0,1.000000,25.150000,21.606826,7.020417
1780475155.743294,,,BOARD_2,1,1,3121.000,1533.000,3369.000,1713.000,248.000,180.000,3121.000,1533.000,3369.000,1713.000,248.000,180.000,3121.000,1533.000,3369.000,1713.000,3245.000,1623.000,248.000,180.000,0,1.000000,25.150000,21.597711,7.011250
1780475156.265602,,,BOARD_2,1,0,3119.000,1535.000,3367.000,1715.000,248.000,180.000,3119.000,1535.000,3367.000,1715.000,248.000,180.000,3119.000,1535.000,3367.000,1715.000,3243.000,1625.000,248.000,180.000,0,1.000000,25.150000,21.588597,7.002083
1780475156.551215,,,BOARD_2,1,0,3127.000,1527.000,3375.000,1707.000,248.000,180.000,3127.000,1527.000,3375.000,1707.000,248.000,180.000,3127.000,1527.000,3375.000,1707.000,3251.000,1617.000,248.000,180.000,0,1.000000,25.150000,21.625055,7.038750
1780475156.840538,,,BOARD_2,1,0,3127.000,1527.000,3375.000,1707.000,248.000,180.000,3127.000,1527.000,3375.000,1707.000,248.000,180.000,3127.000,1527.000,3375.000,1707.000,3251.000,1617.000,248.000,180.000,0,1.000000,25.150000,21.625055,7.038750
1780475157.115062,,,BOARD_2,1,0,3119.000,1535.000,3367.000,1715.000,248.000,180.000,3119.000,1535.000,3367.000,1715.000,248.000,180.000,3119.000,1535.000,3367.000,1715.000,3243.000,1625.000,248.000,180.000,0,1.000000,25.150000,21.588597,7.002083
1780475157.446653,,,BOARD_2,1,0,3117.000,1537.000,3365.000,1717.000,248.000,180.000,3117.000,1537.000,3365.000,1717.000,248.000,180.000,3117.000,1537.000,3365.000,1717.000,3241.000,1627.000,248.000,180.000,0,1.000000,25.150000,21.579482,6.992917
1780475157.446653,,,BOARD_2,1,1,3127.000,1527.000,3375.000,1707.000,248.000,180.000,3127.000,1527.000,3375.000,1707.000,248.000,180.000,3127.000,1527.000,3375.000,1707.000,3251.000,1617.000,248.000,180.000,0,1.000000,25.150000,21.625055,7.038750
1780475157.809183,,,BOARD_2,1,0,3128.000,1526.000,3376.000,1706.000,248.000,180.000,3128.000,1526.000,3376.000,1706.000,248.000,180.000,3128.000,1526.000,3376.000,1706.000,3252.000,1616.000,248.000,180.000,0,1.000000,25.150000,21.629613,7.043333
1780475158.259585,,,BOARD_2,1,0,3130.000,1524.000,3378.000,1704.000,248.000,180.000,3130.000,1524.000,3378.000,1704.000,248.000,180.000,3130.000,1524.000,3378.000,1704.000,3254.000,1614.000,248.000,180.000,0,1.000000,25.150000,21.638727,7.052500
1780475158.259585,,,BOARD_2,1,1,3122.000,1532.000,3370.000,1712.000,248.000,180.000,3122.000,1532.000,3370.000,1712.000,248.000,180.000,3122.000,1532.000,3370.000,1712.000,3246.000,1622.000,248.000,180.000,0,1.000000,25.150000,21.602269,7.015833
1780475158.586202,,,BOARD_2,1,0,3122.000,1532.000,3370.000,1712.000,248.000,180.000,3122.000,1532.000,3370.000,1712.000,248.000,180.000,3122.000,1532.000,3370.000,1712.000,3246.000,1622.000,248.000,180.000,0,1.000000,25.150000,21.602269,7.015833
1780475158.839664,,,BOARD_2,1,0,3121.000,1533.000,3369.000,1713.000,248.000,180.000,3121.000,1533.000,3369.000,1713.000,248.000,180.000,3121.000,1533.000,3369.000,1713.000,3245.000,1623.000,248.000,180.000,0,1.000000,25.150000,21.597711,7.011250
1780475158.839664,,,BOARD_2,1,1,3129.000,1541.000,3377.000,1721.000,248.000,180.000,3129.000,1541.000,3377.000,1721.000,248.000,180.000,3129.000,1541.000,3377.000,1721.000,3253.000,1631.000,248.000,180.000,0,1.000000,25.150000,21.634170,6.974583
1780475159.133402,,,BOARD_2,1,0,3130.000,1543.000,3378.000,1723.000,248.000,180.000,3130.000,1543.000,3378.000,1723.000,248.000,180.000,3130.000,1543.000,3378.000,1723.000,3254.000,1633.000,248.000,180.000,0,1.000000,25.150000,21.638727,6.965417
1780475159.525010,,,BOARD_2,1,0,3123.000,1537.000,3371.000,1717.000,248.000,180.000,3123.000,1537.000,3371.000,1717.000,248.000,180.000,3123.000,1537.000,3371.000,1717.000,3247.000,1627.000,248.000,180.000,0,1.000000,25.150000,21.606826,6.992917
1780475159.525010,,,BOARD_2,1,1,3122.000,1537.000,3370.000,1717.000,248.000,180.000,3122.000,1537.000,3370.000,1717.000,248.000,180.000,3122.000,1537.000,3370.000,1717.000,3246.000,1627.000,248.000,180.000,0,1.000000,25.150000,21.602269,6.992917
1780475160.260148,,,BOARD_2,1,0,3130.000,1545.000,3378.000,1725.000,248.000,180.000,3130.000,1545.000,3378.000,1725.000,248.000,180.000,3130.000,1545.000,3378.000,1725.000,3254.000,1635.000,248.000,180.000,0,1.000000,25.150000,21.638727,6.956250
1780475160.260148,,,BOARD_2,1,1,3131.000,1546.000,3379.000,1726.000,248.000,180.000,3131.000,1546.000,3379.000,1726.000,248.000,180.000,3131.000,1546.000,3379.000,1726.000,3255.000,1636.000,248.000,180.000,0,1.000000,25.150000,21.643284,6.951667
1780475160.629528,,,BOARD_2,1,0,3132.000,1548.000,3380.000,1728.000,248.000,180.000,3132.000,1548.000,3380.000,1728.000,248.000,180.000,3132.000,1548.000,3380.000,1728.000,3256.000,1638.000,248.000,180.000,0,1.000000,25.150000,21.647842,6.942500
1780475160.629528,,,BOARD_2,1,1,3124.000,1556.000,3372.000,1736.000,248.000,180.000,3124.000,1556.000,3372.000,1736.000,248.000,180.000,3124.000,1556.000,3372.000,1736.000,3248.000,1646.000,248.000,180.000,0,1.000000,25.150000,21.611383,6.905833
1780475160.921548,,,BOARD_2,1,0,3123.000,1559.000,3371.000,1739.000,248.000,180.000,3123.000,1559.000,3371.000,1739.000,248.000,180.000,3123.000,1559.000,3371.000,1739.000,3247.000,1649.000,248.000,180.000,0,1.000000,25.150000,21.606826,6.892083
1780475161.349196,,,BOARD_2,1,0,3123.000,1561.000,3371.000,1741.000,248.000,180.000,3123.000,1561.000,3371.000,1741.000,248.000,180.000,3123.000,1561.000,3371.000,1741.000,3247.000,1651.000,248.000,180.000,0,1.000000,25.150000,21.606826,6.882917
1780475161.349196,,,BOARD_2,1,1,3131.000,1553.000,3379.000,1733.000,248.000,180.000,3131.000,1553.000,3379.000,1733.000,248.000,180.000,3131.000,1553.000,3379.000,1733.000,3255.000,1643.000,248.000,180.000,0,1.000000,25.150000,21.643284,6.919583
1780475161.599796,,,BOARD_2,1,0,3132.000,1554.000,3380.000,1734.000,248.000,180.000,3132.000,1554.000,3380.000,1734.000,248.000,180.000,3132.000,1554.000,3380.000,1734.000,3256.000,1644.000,248.000,180.000,0,1.000000,25.150000,21.647842,6.915000
1780475161.949222,,,BOARD_2,1,0,3133.000,1554.000,3381.000,1734.000,248.000,180.000,3133.000,1554.000,3381.000,1734.000,248.000,180.000,3133.000,1554.000,3381.000,1734.000,3257.000,1644.000,248.000,180.000,0,1.000000,25.150000,21.652399,6.915000
1780475162.242032,,,BOARD_2,1,0,3125.000,1562.000,3373.000,1742.000,248.000,180.000,3125.000,1562.000,3373.000,1742.000,248.000,180.000,3125.000,1562.000,3373.000,1742.000,3249.000,1652.000,248.000,180.000,0,1.000000,25.150000,21.615941,6.878333
1780475162.242032,,,BOARD_2,1,1,3124.000,1564.000,3372.000,1744.000,248.000,180.000,3124.000,1564.000,3372.000,1744.000,248.000,180.000,3124.000,1564.000,3372.000,1744.000,3248.000,1654.000,248.000,180.000,0,1.000000,25.150000,21.611383,6.869167
1780475162.644569,,,BOARD_2,1,0,3124.000,1566.000,3372.000,1746.000,248.000,180.000,3124.000,1566.000,3372.000,1746.000,248.000,180.000,3124.000,1566.000,3372.000,1746.000,3248.000,1656.000,248.000,180.000,0,1.000000,25.150000,21.611383,6.860000
1780475162.898153,,,BOARD_2,1,0,3132.000,1558.000,3380.000,1738.000,248.000,180.000,3132.000,1558.000,3380.000,1738.000,248.000,180.000,3132.000,1558.000,3380.000,1738.000,3256.000,1648.000,248.000,180.000,0,1.000000,25.150000,21.647842,6.896667
1780475163.168938,,,BOARD_2,1,0,3133.000,1558.000,3381.000,1738.000,248.000,180.000,3133.000,1558.000,3381.000,1738.000,248.000,180.000,3133.000,1558.000,3381.000,1738.000,3257.000,1648.000,248.000,180.000,0,1.000000,25.150000,21.652399,6.896667
1780475163.168938,,,BOARD_2,1,1,3124.000,1550.000,3372.000,1730.000,248.000,180.000,3124.000,1550.000,3372.000,1730.000,248.000,180.000,3124.000,1550.000,3372.000,1730.000,3248.000,1640.000,248.000,180.000,0,1.000000,25.150000,21.611383,6.933333
1780475163.402563,,,BOARD_2,1,0,3122.000,1548.000,3370.000,1728.000,248.000,180.000,3122.000,1548.000,3370.000,1728.000,248.000,180.000,3122.000,1548.000,3370.000,1728.000,3246.000,1638.000,248.000,180.000,0,1.000000,25.150000,21.602269,6.942500
1780475163.805315,,,BOARD_2,1,0,3120.000,1546.000,3368.000,1726.000,248.000,180.000,3120.000,1546.000,3368.000,1726.000,248.000,180.000,3120.000,1546.000,3368.000,1726.000,3244.000,1636.000,248.000,180.000,0,1.000000,25.150000,21.593154,6.951667
1780475163.805315,,,BOARD_2,1,1,3128.000,1554.000,3376.000,1734.000,248.000,180.000,3128.000,1554.000,3376.000,1734.000,248.000,180.000,3128.000,1554.000,3376.000,1734.000,3252.000,1644.000,248.000,180.000,0,1.000000,25.150000,21.629613,6.915000
1780475164.045562,,,BOARD_2,1,0,3128.000,1554.000,3376.000,1734.000,248.000,180.000,3128.000,1554.000,3376.000,1734.000,248.000,180.000,3128.000,1554.000,3376.000,1734.000,3252.000,1644.000,248.000,180.000,0,1.000000,25.150000,21.629613,6.915000
1780475164.524792,,,BOARD_2,1,0,3174.000,1578.000,3306.000,1670.000,132.000,92.000,3174.000,1578.000,3306.000,1670.000,132.000,92.000,3174.000,1578.000,3306.000,1670.000,3240.000,1624.000,132.000,92.000,0,1.000000,47.250000,21.574925,7.006667
1780475164.524792,,,BOARD_2,1,1,3172.000,1574.000,3304.000,1666.000,132.000,92.000,3172.000,1574.000,3304.000,1666.000,132.000,92.000,3172.000,1574.000,3304.000,1666.000,3238.000,1620.000,132.000,92.000,0,1.000000,47.250000,21.565810,7.025000
1780475165.118047,,,BOARD_2,1,0,3119.000,1534.000,3367.000,1714.000,248.000,180.000,3119.000,1534.000,3367.000,1714.000,248.000,180.000,3119.000,1534.000,3367.000,1714.000,3243.000,1624.000,248.000,180.000,0,1.000000,25.150000,21.588597,7.006667
1780475165.118047,,,BOARD_2,1,1,3119.000,1532.000,3367.000,1712.000,248.000,180.000,3119.000,1532.000,3367.000,1712.000,248.000,180.000,3119.000,1532.000,3367.000,1712.000,3243.000,1622.000,248.000,180.000,0,1.000000,25.150000,21.588597,7.015833
1780475165.499510,,,BOARD_2,1,0,3118.000,1531.000,3366.000,1711.000,248.000,180.000,3118.000,1531.000,3366.000,1711.000,248.000,180.000,3118.000,1531.000,3366.000,1711.000,3242.000,1621.000,248.000,180.000,0,1.000000,25.150000,21.584040,7.020417
1780475165.499510,,,BOARD_2,1,1,3126.000,1539.000,3374.000,1719.000,248.000,180.000,3126.000,1539.000,3374.000,1719.000,248.000,180.000,3126.000,1539.000,3374.000,1719.000,3250.000,1629.000,248.000,180.000,0,1.000000,25.150000,21.620498,6.983750
1780475165.818668,,,BOARD_2,1,0,3127.000,1539.000,3375.000,1719.000,248.000,180.000,3127.000,1539.000,3375.000,1719.000,248.000,180.000,3127.000,1539.000,3375.000,1719.000,3251.000,1629.000,248.000,180.000,0,1.000000,25.150000,21.625055,6.983750
1780475166.215018,,,BOARD_2,1,0,3120.000,1531.000,3368.000,1711.000,248.000,180.000,3120.000,1531.000,3368.000,1711.000,248.000,180.000,3120.000,1531.000,3368.000,1711.000,3244.000,1621.000,248.000,180.000,0,1.000000,25.150000,21.593154,7.020417
1780475166.215018,,,BOARD_2,1,1,3119.000,1530.000,3367.000,1710.000,248.000,180.000,3119.000,1530.000,3367.000,1710.000,248.000,180.000,3119.000,1530.000,3367.000,1710.000,3243.000,1620.000,248.000,180.000,0,1.000000,25.150000,21.588597,7.025000
1780475166.589162,,,BOARD_2,1,0,3119.000,1528.000,3367.000,1708.000,248.000,180.000,3119.000,1528.000,3367.000,1708.000,248.000,180.000,3119.000,1528.000,3367.000,1708.000,3243.000,1618.000,248.000,180.000,0,1.000000,25.150000,21.588597,7.034167
1780475166.840692,,,BOARD_2,1,0,3127.000,1520.000,3375.000,1700.000,248.000,180.000,3127.000,1520.000,3375.000,1700.000,248.000,180.000,3127.000,1520.000,3375.000,1700.000,3251.000,1610.000,248.000,180.000,0,1.000000,25.150000,21.625055,7.070833
1780475166.840692,,,BOARD_2,1,1,3128.000,1517.000,3376.000,1697.000,248.000,180.000,3128.000,1517.000,3376.000,1697.000,248.000,180.000,3128.000,1517.000,3376.000,1697.000,3252.000,1607.000,248.000,180.000,0,1.000000,25.150000,21.629613,7.084583
1780475167.319592,,,BOARD_2,1,0,3129.000,1515.000,3377.000,1695.000,248.000,180.000,3129.000,1515.000,3377.000,1695.000,248.000,180.000,3129.000,1515.000,3377.000,1695.000,3253.000,1605.000,248.000,180.000,0,1.000000,25.150000,21.634170,7.093750
1780475167.710039,,,BOARD_2,1,0,3121.000,1523.000,3369.000,1703.000,248.000,180.000,3121.000,1523.000,3369.000,1703.000,248.000,180.000,3121.000,1523.000,3369.000,1703.000,3245.000,1613.000,248.000,180.000,0,1.000000,25.150000,21.597711,7.057083
1780475167.971841,,,BOARD_2,1,0,3121.000,1522.000,3369.000,1702.000,248.000,180.000,3121.000,1522.000,3369.000,1702.000,248.000,180.000,3121.000,1522.000,3369.000,1702.000,3245.000,1612.000,248.000,180.000,0,1.000000,25.150000,21.597711,7.061667
1780475167.971841,,,BOARD_2,1,1,3129.000,1515.000,3377.000,1695.000,248.000,180.000,3129.000,1515.000,3377.000,1695.000,248.000,180.000,3129.000,1515.000,3377.000,1695.000,3253.000,1605.000,248.000,180.000,0,1.000000,25.150000,21.634170,7.093750
1780475168.267229,,,BOARD_2,1,0,3131.000,1512.000,3379.000,1692.000,248.000,180.000,3131.000,1512.000,3379.000,1692.000,248.000,180.000,3131.000,1512.000,3379.000,1692.000,3255.000,1602.000,248.000,180.000,0,1.000000,25.150000,21.643284,7.107500
1780475168.544252,,,BOARD_2,1,0,3133.000,1510.000,3381.000,1690.000,248.000,180.000,3133.000,1510.000,3381.000,1690.000,248.000,180.000,3133.000,1510.000,3381.000,1690.000,3257.000,1600.000,248.000,180.000,0,1.000000,25.150000,21.652399,7.116667
1780475168.792408,,,BOARD_2,1,0,3125.000,1518.000,3373.000,1698.000,248.000,180.000,3125.000,1518.000,3373.000,1698.000,248.000,180.000,3125.000,1518.000,3373.000,1698.000,3249.000,1608.000,248.000,180.000,0,1.000000,25.150000,21.615941,7.080000
1780475168.792408,,,BOARD_2,1,1,3125.000,1517.000,3373.000,1697.000,248.000,180.000,3125.000,1517.000,3373.000,1697.000,248.000,180.000,3125.000,1517.000,3373.000,1697.000,3249.000,1607.000,248.000,180.000,0,1.000000,25.150000,21.615941,7.084583
1780475169.265398,,,BOARD_2,1,0,3125.000,1517.000,3373.000,1697.000,248.000,180.000,3125.000,1517.000,3373.000,1697.000,248.000,180.000,3125.000,1517.000,3373.000,1697.000,3249.000,1607.000,248.000,180.000,0,1.000000,25.150000,21.615941,7.084583
1780475169.265398,,,BOARD_2,1,1,3133.000,1509.000,3381.000,1689.000,248.000,180.000,3133.000,1509.000,3381.000,1689.000,248.000,180.000,3133.000,1509.000,3381.000,1689.000,3257.000,1599.000,248.000,180.000,0,1.000000,25.150000,21.652399,7.121250
1780475169.499598,,,BOARD_2,1,0,3135.000,1507.000,3383.000,1687.000,248.000,180.000,3135.000,1507.000,3383.000,1687.000,248.000,180.000,3135.000,1507.000,3383.000,1687.000,3259.000,1597.000,248.000,180.000,0,1.000000,25.150000,21.661514,7.130417
1780475169.909153,,,BOARD_2,1,0,3136.000,1505.000,3384.000,1685.000,248.000,180.000,3136.000,1505.000,3384.000,1685.000,248.000,180.000,3136.000,1505.000,3384.000,1685.000,3260.000,1595.000,248.000,180.000,0,1.000000,25.150000,21.666071,7.139583
1780475169.909153,,,BOARD_2,1,1,3128.000,1513.000,3376.000,1693.000,248.000,180.000,3128.000,1513.000,3376.000,1693.000,248.000,180.000,3128.000,1513.000,3376.000,1693.000,3252.000,1603.000,248.000,180.000,0,1.000000,25.150000,21.629613,7.102917
1780475170.343403,,,BOARD_2,1,0,3128.000,1513.000,3376.000,1693.000,248.000,180.000,3128.000,1513.000,3376.000,1693.000,248.000,180.000,3128.000,1513.000,3376.000,1693.000,3252.000,1603.000,248.000,180.000,0,1.000000,25.150000,21.629613,7.102917
1780475171.177338,,,BOARD_2,1,0,3120.000,1505.000,3368.000,1685.000,248.000,180.000,3120.000,1505.000,3368.000,1685.000,248.000,180.000,3120.000,1505.000,3368.000,1685.000,3244.000,1595.000,248.000,180.000,0,1.000000,25.150000,21.593154,7.139583
1780475171.454985,,,BOARD_2,1,0,3118.000,1503.000,3366.000,1683.000,248.000,180.000,3118.000,1503.000,3366.000,1683.000,248.000,180.000,3118.000,1503.000,3366.000,1683.000,3242.000,1593.000,248.000,180.000,0,1.000000,25.150000,21.584040,7.148750
1780475171.800138,,,BOARD_2,1,0,3117.000,1502.000,3365.000,1682.000,248.000,180.000,3117.000,1502.000,3365.000,1682.000,248.000,180.000,3117.000,1502.000,3365.000,1682.000,3241.000,1592.000,248.000,180.000,0,1.000000,25.150000,21.579482,7.153333
1780475171.800138,,,BOARD_2,1,1,3125.000,1494.000,3373.000,1674.000,248.000,180.000,3125.000,1494.000,3373.000,1674.000,248.000,180.000,3125.000,1494.000,3373.000,1674.000,3249.000,1584.000,248.000,180.000,0,1.000000,25.150000,21.615941,7.190000
1780475172.043856,,,BOARD_2,1,0,3125.000,1491.000,3373.000,1671.000,248.000,180.000,3125.000,1491.000,3373.000,1671.000,248.000,180.000,3125.000,1491.000,3373.000,1671.000,3249.000,1581.000,248.000,180.000,0,1.000000,25.150000,21.615941,7.203750
1780475172.362760,,,BOARD_2,1,0,3125.000,1489.000,3373.000,1669.000,248.000,180.000,3125.000,1489.000,3373.000,1669.000,248.000,180.000,3125.000,1489.000,3373.000,1669.000,3249.000,1579.000,248.000,180.000,0,1.000000,25.150000,21.615941,7.212917
1780475172.362760,,,BOARD_2,1,1,3133.000,1481.000,3381.000,1661.000,248.000,180.000,3133.000,1481.000,3381.000,1661.000,248.000,180.000,3133.000,1481.000,3381.000,1661.000,3257.000,1571.000,248.000,180.000,0,1.000000,25.150000,21.652399,7.249583
1780475172.580916,,,BOARD_2,1,0,3135.000,1477.000,3383.000,1657.000,248.000,180.000,3135.000,1477.000,3383.000,1657.000,248.000,180.000,3135.000,1477.000,3383.000,1657.000,3259.000,1567.000,248.000,180.000,0,1.000000,25.150000,21.661514,7.267917
1780475172.860706,,,BOARD_2,1,0,3136.000,1474.000,3384.000,1654.000,248.000,180.000,3136.000,1474.000,3384.000,1654.000,248.000,180.000,3136.000,1474.000,3384.000,1654.000,3260.000,1564.000,248.000,180.000,0,1.000000,25.150000,21.666071,7.281667
1780475172.860706,,,BOARD_2,1,1,3128.000,1482.000,3376.000,1662.000,248.000,180.000,3128.000,1482.000,3376.000,1662.000,248.000,180.000,3128.000,1482.000,3376.000,1662.000,3252.000,1572.000,248.000,180.000,0,1.000000,25.150000,21.629613,7.245000
1780475173.096502,,,BOARD_2,1,0,3128.000,1481.000,3376.000,1661.000,248.000,180.000,3128.000,1481.000,3376.000,1661.000,248.000,180.000,3128.000,1481.000,3376.000,1661.000,3252.000,1571.000,248.000,180.000,0,1.000000,25.150000,21.629613,7.249583
1780475173.495424,,,BOARD_2,1,0,3128.000,1479.000,3376.000,1659.000,248.000,180.000,3128.000,1479.000,3376.000,1659.000,248.000,180.000,3128.000,1479.000,3376.000,1659.000,3252.000,1569.000,248.000,180.000,0,1.000000,25.150000,21.629613,7.258750
1780475173.495424,,,BOARD_2,1,1,3136.000,1487.000,3384.000,1667.000,248.000,180.000,3136.000,1487.000,3384.000,1667.000,248.000,180.000,3136.000,1487.000,3384.000,1667.000,3260.000,1577.000,248.000,180.000,0,1.000000,25.150000,21.666071,7.222083
1780475173.752608,,,BOARD_2,1,0,3137.000,1487.000,3385.000,1667.000,248.000,180.000,3137.000,1487.000,3385.000,1667.000,248.000,180.000,3137.000,1487.000,3385.000,1667.000,3261.000,1577.000,248.000,180.000,0,1.000000,25.150000,21.670628,7.222083
1780475174.098673,,,BOARD_2,1,0,3139.000,1488.000,3387.000,1668.000,248.000,180.000,3139.000,1488.000,3387.000,1668.000,248.000,180.000,3139.000,1488.000,3387.000,1668.000,3263.000,1578.000,248.000,180.000,0,1.000000,25.150000,21.679743,7.217500
1780475174.098673,,,BOARD_2,1,1,3131.000,1480.000,3379.000,1660.000,248.000,180.000,3131.000,1480.000,3379.000,1660.000,248.000,180.000,3131.000,1480.000,3379.000,1660.000,3255.000,1570.000,248.000,180.000,0,1.000000,25.150000,21.643284,7.254167
1780475174.370781,,,BOARD_2,1,0,3131.000,1479.000,3379.000,1659.000,248.000,180.000,3131.000,1479.000,3379.000,1659.000,248.000,180.000,3131.000,1479.000,3379.000,1659.000,3255.000,1569.000,248.000,180.000,0,1.000000,25.150000,21.643284,7.258750
1780475174.698448,,,BOARD_2,1,0,3130.000,1478.000,3378.000,1658.000,248.000,180.000,3130.000,1478.000,3378.000,1658.000,248.000,180.000,3130.000,1478.000,3378.000,1658.000,3254.000,1568.000,248.000,180.000,0,1.000000,25.150000,21.638727,7.263333
1780475174.698448,,,BOARD_2,1,1,3122.000,1470.000,3370.000,1650.000,248.000,180.000,3122.000,1470.000,3370.000,1650.000,248.000,180.000,3122.000,1470.000,3370.000,1650.000,3246.000,1560.000,248.000,180.000,0,1.000000,25.150000,21.602269,7.300000
1780475174.949838,,,BOARD_2,1,0,3120.000,1468.000,3368.000,1648.000,248.000,180.000,3120.000,1468.000,3368.000,1648.000,248.000,180.000,3120.000,1468.000,3368.000,1648.000,3244.000,1558.000,248.000,180.000,0,1.000000,25.150000,21.593154,7.309167
1780475175.194242,,,BOARD_2,1,0,3118.000,1465.000,3366.000,1645.000,248.000,180.000,3118.000,1465.000,3366.000,1645.000,248.000,180.000,3118.000,1465.000,3366.000,1645.000,3242.000,1555.000,248.000,180.000,0,1.000000,25.150000,21.584040,7.322917
1780475175.194242,,,BOARD_2,1,1,3126.000,1473.000,3374.000,1653.000,248.000,180.000,3126.000,1473.000,3374.000,1653.000,248.000,180.000,3126.000,1473.000,3374.000,1653.000,3250.000,1563.000,248.000,180.000,0,1.000000,25.150000,21.620498,7.286250
1780475175.500929,,,BOARD_2,1,0,3126.000,1472.000,3374.000,1652.000,248.000,180.000,3126.000,1472.000,3374.000,1652.000,248.000,180.000,3126.000,1472.000,3374.000,1652.000,3250.000,1562.000,248.000,180.000,0,1.000000,25.150000,21.620498,7.290833
1780475175.835301,,,BOARD_2,1,0,3126.000,1472.000,3374.000,1652.000,248.000,180.000,3126.000,1472.000,3374.000,1652.000,248.000,180.000,3126.000,1472.000,3374.000,1652.000,3250.000,1562.000,248.000,180.000,0,1.000000,25.150000,21.620498,7.290833
1780475175.835301,,,BOARD_2,1,1,3118.000,1480.000,3366.000,1660.000,248.000,180.000,3118.000,1480.000,3366.000,1660.000,248.000,180.000,3118.000,1480.000,3366.000,1660.000,3242.000,1570.000,248.000,180.000,0,1.000000,25.150000,21.584040,7.254167
1780475176.075956,,,BOARD_2,1,0,3117.000,1481.000,3365.000,1661.000,248.000,180.000,3117.000,1481.000,3365.000,1661.000,248.000,180.000,3117.000,1481.000,3365.000,1661.000,3241.000,1571.000,248.000,180.000,0,1.000000,25.150000,21.579482,7.249583
1780475176.364428,,,BOARD_2,1,0,3115.000,1482.000,3363.000,1662.000,248.000,180.000,3115.000,1482.000,3363.000,1662.000,248.000,180.000,3115.000,1482.000,3363.000,1662.000,3239.000,1572.000,248.000,180.000,0,1.000000,25.150000,21.570368,7.245000
1780475176.364428,,,BOARD_2,1,1,3123.000,1474.000,3371.000,1654.000,248.000,180.000,3123.000,1474.000,3371.000,1654.000,248.000,180.000,3123.000,1474.000,3371.000,1654.000,3247.000,1564.000,248.000,180.000,0,1.000000,25.150000,21.606826,7.281667
1780475176.582655,,,BOARD_2,1,0,3123.000,1473.000,3371.000,1653.000,248.000,180.000,3123.000,1473.000,3371.000,1653.000,248.000,180.000,3123.000,1473.000,3371.000,1653.000,3247.000,1563.000,248.000,180.000,0,1.000000,25.150000,21.606826,7.286250
1780475176.919179,,,BOARD_2,1,0,3123.000,1473.000,3371.000,1653.000,248.000,180.000,3123.000,1473.000,3371.000,1653.000,248.000,180.000,3123.000,1473.000,3371.000,1653.000,3247.000,1563.000,248.000,180.000,0,1.000000,25.150000,21.606826,7.286250
1780475176.919179,,,BOARD_2,1,1,3131.000,1481.000,3379.000,1661.000,248.000,180.000,3131.000,1481.000,3379.000,1661.000,248.000,180.000,3131.000,1481.000,3379.000,1661.000,3255.000,1571.000,248.000,180.000,0,1.000000,25.150000,21.643284,7.249583
1780475177.186194,,,BOARD_2,1,0,3133.000,1482.000,3381.000,1662.000,248.000,180.000,3133.000,1482.000,3381.000,1662.000,248.000,180.000,3133.000,1482.000,3381.000,1662.000,3257.000,1572.000,248.000,180.000,0,1.000000,25.150000,21.652399,7.245000
1780475177.758177,,,BOARD_2,1,0,3126.000,1475.000,3374.000,1655.000,248.000,180.000,3126.000,1475.000,3374.000,1655.000,248.000,180.000,3126.000,1475.000,3374.000,1655.000,3250.000,1565.000,248.000,180.000,0,1.000000,25.150000,21.620498,7.277083
1780475177.758177,,,BOARD_2,1,1,3126.000,1474.000,3374.000,1654.000,248.000,180.000,3126.000,1474.000,3374.000,1654.000,248.000,180.000,3126.000,1474.000,3374.000,1654.000,3250.000,1564.000,248.000,180.000,0,1.000000,25.150000,21.620498,7.281667
1780475178.334959,,,BOARD_2,1,0,3126.000,1474.000,3374.000,1654.000,248.000,180.000,3126.000,1474.000,3374.000,1654.000,248.000,180.000,3126.000,1474.000,3374.000,1654.000,3250.000,1564.000,248.000,180.000,0,1.000000,25.150000,21.620498,7.281667
1780475178.334959,,,BOARD_2,1,1,3134.000,1466.000,3382.000,1646.000,248.000,180.000,3134.000,1466.000,3382.000,1646.000,248.000,180.000,3134.000,1466.000,3382.000,1646.000,3258.000,1556.000,248.000,180.000,0,1.000000,25.150000,21.656956,7.318333
1780475178.586340,,,BOARD_2,1,0,3135.000,1464.000,3383.000,1644.000,248.000,180.000,3135.000,1464.000,3383.000,1644.000,248.000,180.000,3135.000,1464.000,3383.000,1644.000,3259.000,1554.000,248.000,180.000,0,1.000000,25.150000,21.661514,7.327500
1780475178.888526,,,BOARD_2,1,0,3137.000,1462.000,3385.000,1642.000,248.000,180.000,3137.000,1462.000,3385.000,1642.000,248.000,180.000,3137.000,1462.000,3385.000,1642.000,3261.000,1552.000,248.000,180.000,0,1.000000,25.150000,21.670628,7.336667
1780475178.888526,,,BOARD_2,1,1,3129.000,1470.000,3377.000,1650.000,248.000,180.000,3129.000,1470.000,3377.000,1650.000,248.000,180.000,3129.000,1470.000,3377.000,1650.000,3253.000,1560.000,248.000,180.000,0,1.000000,25.150000,21.634170,7.300000
1780475179.121051,,,BOARD_2,1,0,3129.000,1470.000,3377.000,1650.000,248.000,180.000,3129.000,1470.000,3377.000,1650.000,248.000,180.000,3129.000,1470.000,3377.000,1650.000,3253.000,1560.000,248.000,180.000,0,1.000000,25.150000,21.634170,7.300000
1780475179.674284,,,BOARD_2,1,0,3136.000,1462.000,3384.000,1642.000,248.000,180.000,3136.000,1462.000,3384.000,1642.000,248.000,180.000,3136.000,1462.000,3384.000,1642.000,3260.000,1552.000,248.000,180.000,0,1.000000,25.150000,21.666071,7.336667
1780475179.674284,,,BOARD_2,1,1,3137.000,1460.000,3385.000,1640.000,248.000,180.000,3137.000,1460.000,3385.000,1640.000,248.000,180.000,3137.000,1460.000,3385.000,1640.000,3261.000,1550.000,248.000,180.000,0,1.000000,25.150000,21.670628,7.345833
1780475180.164357,,,BOARD_2,1,0,3138.000,1459.000,3386.000,1639.000,248.000,180.000,3138.000,1459.000,3386.000,1639.000,248.000,180.000,3138.000,1459.000,3386.000,1639.000,3262.000,1549.000,248.000,180.000,0,1.000000,25.150000,21.675185,7.350417
1780475180.164357,,,BOARD_2,1,1,3130.000,1467.000,3378.000,1647.000,248.000,180.000,3130.000,1467.000,3378.000,1647.000,248.000,180.000,3130.000,1467.000,3378.000,1647.000,3254.000,1557.000,248.000,180.000,0,1.000000,25.150000,21.638727,7.313750
1780475180.495580,,,BOARD_2,1,0,3129.000,1467.000,3377.000,1647.000,248.000,180.000,3129.000,1467.000,3377.000,1647.000,248.000,180.000,3129.000,1467.000,3377.000,1647.000,3253.000,1557.000,248.000,180.000,0,1.000000,25.150000,21.634170,7.313750
1780475180.782560,,,BOARD_2,1,0,3129.000,1467.000,3377.000,1647.000,248.000,180.000,3129.000,1467.000,3377.000,1647.000,248.000,180.000,3129.000,1467.000,3377.000,1647.000,3253.000,1557.000,248.000,180.000,0,1.000000,25.150000,21.634170,7.313750
1780475180.782560,,,BOARD_2,1,1,3121.000,1475.000,3369.000,1655.000,248.000,180.000,3121.000,1475.000,3369.000,1655.000,248.000,180.000,3121.000,1475.000,3369.000,1655.000,3245.000,1565.000,248.000,180.000,0,1.000000,25.150000,21.597711,7.277083
1780475181.058146,,,BOARD_2,1,0,3119.000,1477.000,3367.000,1657.000,248.000,180.000,3119.000,1477.000,3367.000,1657.000,248.000,180.000,3119.000,1477.000,3367.000,1657.000,3243.000,1567.000,248.000,180.000,0,1.000000,25.150000,21.588597,7.267917
1780475181.395502,,,BOARD_2,1,0,3117.000,1478.000,3365.000,1658.000,248.000,180.000,3117.000,1478.000,3365.000,1658.000,248.000,180.000,3117.000,1478.000,3365.000,1658.000,3241.000,1568.000,248.000,180.000,0,1.000000,25.150000,21.579482,7.263333
1780475181.395502,,,BOARD_2,1,1,3125.000,1470.000,3373.000,1650.000,248.000,180.000,3125.000,1470.000,3373.000,1650.000,248.000,180.000,3125.000,1470.000,3373.000,1650.000,3249.000,1560.000,248.000,180.000,0,1.000000,25.150000,21.615941,7.300000
1780475181.639950,,,BOARD_2,1,0,3125.000,1470.000,3373.000,1650.000,248.000,180.000,3125.000,1470.000,3373.000,1650.000,248.000,180.000,3125.000,1470.000,3373.000,1650.000,3249.000,1560.000,248.000,180.000,0,1.000000,25.150000,21.615941,7.300000
1780475182.007224,,,BOARD_2,1,0,3125.000,1470.000,3373.000,1650.000,248.000,180.000,3125.000,1470.000,3373.000,1650.000,248.000,180.000,3125.000,1470.000,3373.000,1650.000,3249.000,1560.000,248.000,180.000,0,1.000000,25.150000,21.615941,7.300000
1780475182.263435,,,BOARD_2,1,0,3133.000,1478.000,3381.000,1658.000,248.000,180.000,3133.000,1478.000,3381.000,1658.000,248.000,180.000,3133.000,1478.000,3381.000,1658.000,3257.000,1568.000,248.000,180.000,0,1.000000,25.150000,21.652399,7.263333
1780475182.583209,,,BOARD_2,1,0,3134.000,1479.000,3382.000,1659.000,248.000,180.000,3134.000,1479.000,3382.000,1659.000,248.000,180.000,3134.000,1479.000,3382.000,1659.000,3258.000,1569.000,248.000,180.000,0,1.000000,25.150000,21.656956,7.258750
1780475182.583209,,,BOARD_2,1,1,3125.000,1470.000,3373.000,1650.000,248.000,180.000,3125.000,1470.000,3373.000,1650.000,248.000,180.000,3125.000,1470.000,3373.000,1650.000,3249.000,1560.000,248.000,180.000,0,1.000000,25.150000,21.615941,7.300000
1780475182.802649,,,BOARD_2,1,0,3123.000,1468.000,3371.000,1648.000,248.000,180.000,3123.000,1468.000,3371.000,1648.000,248.000,180.000,3123.000,1468.000,3371.000,1648.000,3247.000,1558.000,248.000,180.000,0,1.000000,25.150000,21.606826,7.309167
1780475183.072809,,,BOARD_2,1,0,3122.000,1467.000,3370.000,1647.000,248.000,180.000,3122.000,1467.000,3370.000,1647.000,248.000,180.000,3122.000,1467.000,3370.000,1647.000,3246.000,1557.000,248.000,180.000,0,1.000000,25.150000,21.602269,7.313750
1780475183.321161,,,BOARD_2,1,0,3130.000,1475.000,3378.000,1655.000,248.000,180.000,3130.000,1475.000,3378.000,1655.000,248.000,180.000,3130.000,1475.000,3378.000,1655.000,3254.000,1565.000,248.000,180.000,0,1.000000,25.150000,21.638727,7.277083
1780475183.660595,,,BOARD_2,1,0,3130.000,1475.000,3378.000,1655.000,248.000,180.000,3130.000,1475.000,3378.000,1655.000,248.000,180.000,3130.000,1475.000,3378.000,1655.000,3254.000,1565.000,248.000,180.000,0,1.000000,25.150000,21.638727,7.277083
1780475183.660595,,,BOARD_2,1,1,3138.000,1467.000,3386.000,1647.000,248.000,180.000,3138.000,1467.000,3386.000,1647.000,248.000,180.000,3138.000,1467.000,3386.000,1647.000,3262.000,1557.000,248.000,180.000,0,1.000000,25.150000,21.675185,7.313750
1780475183.877011,,,BOARD_2,1,0,3140.000,1465.000,3388.000,1645.000,248.000,180.000,3140.000,1465.000,3388.000,1645.000,248.000,180.000,3140.000,1465.000,3388.000,1645.000,3264.000,1555.000,248.000,180.000,0,1.000000,25.150000,21.684300,7.322917
1780475184.173611,,,BOARD_2,1,0,3142.000,1463.000,3390.000,1643.000,248.000,180.000,3142.000,1463.000,3390.000,1643.000,248.000,180.000,3142.000,1463.000,3390.000,1643.000,3266.000,1553.000,248.000,180.000,0,1.000000,25.150000,21.693415,7.332083
1780475184.173611,,,BOARD_2,1,1,3134.000,1471.000,3382.000,1651.000,248.000,180.000,3134.000,1471.000,3382.000,1651.000,248.000,180.000,3134.000,1471.000,3382.000,1651.000,3258.000,1561.000,248.000,180.000,0,1.000000,25.150000,21.656956,7.295417
1780475184.479071,,,BOARD_2,1,0,3134.000,1471.000,3382.000,1651.000,248.000,180.000,3134.000,1471.000,3382.000,1651.000,248.000,180.000,3134.000,1471.000,3382.000,1651.000,3258.000,1561.000,248.000,180.000,0,1.000000,25.150000,21.656956,7.295417
1780475184.856300,,,BOARD_2,1,0,3134.000,1470.000,3382.000,1650.000,248.000,180.000,3134.000,1470.000,3382.000,1650.000,248.000,180.000,3134.000,1470.000,3382.000,1650.000,3258.000,1560.000,248.000,180.000,0,1.000000,25.150000,21.656956,7.300000
1780475184.856300,,,BOARD_2,1,1,3126.000,1478.000,3374.000,1658.000,248.000,180.000,3126.000,1478.000,3374.000,1658.000,248.000,180.000,3126.000,1478.000,3374.000,1658.000,3250.000,1568.000,248.000,180.000,0,1.000000,25.150000,21.620498,7.263333
1780475185.136247,,,BOARD_2,1,0,3125.000,1479.000,3373.000,1659.000,248.000,180.000,3125.000,1479.000,3373.000,1659.000,248.000,180.000,3125.000,1479.000,3373.000,1659.000,3249.000,1569.000,248.000,180.000,0,1.000000,25.150000,21.615941,7.258750
1780475185.444579,,,BOARD_2,1,0,3123.000,1480.000,3371.000,1660.000,248.000,180.000,3123.000,1480.000,3371.000,1660.000,248.000,180.000,3123.000,1480.000,3371.000,1660.000,3247.000,1570.000,248.000,180.000,0,1.000000,25.150000,21.606826,7.254167
1780475185.444579,,,BOARD_2,1,1,3131.000,1472.000,3379.000,1652.000,248.000,180.000,3131.000,1472.000,3379.000,1652.000,248.000,180.000,3131.000,1472.000,3379.000,1652.000,3255.000,1562.000,248.000,180.000,0,1.000000,25.150000,21.643284,7.290833
1780475185.671331,,,BOARD_2,1,0,3131.000,1471.000,3379.000,1651.000,248.000,180.000,3131.000,1471.000,3379.000,1651.000,248.000,180.000,3131.000,1471.000,3379.000,1651.000,3255.000,1561.000,248.000,180.000,0,1.000000,25.150000,21.643284,7.295417
1780475185.978270,,,BOARD_2,1,0,3132.000,1471.000,3380.000,1651.000,248.000,180.000,3132.000,1471.000,3380.000,1651.000,248.000,180.000,3132.000,1471.000,3380.000,1651.000,3256.000,1561.000,248.000,180.000,0,1.000000,25.150000,21.647842,7.295417
1780475185.978270,,,BOARD_2,1,1,3124.000,1479.000,3372.000,1659.000,248.000,180.000,3124.000,1479.000,3372.000,1659.000,248.000,180.000,3124.000,1479.000,3372.000,1659.000,3248.000,1569.000,248.000,180.000,0,1.000000,25.150000,21.611383,7.258750
1780475186.216063,,,BOARD_2,1,0,3123.000,1480.000,3371.000,1660.000,248.000,180.000,3123.000,1480.000,3371.000,1660.000,248.000,180.000,3123.000,1480.000,3371.000,1660.000,3247.000,1570.000,248.000,180.000,0,1.000000,25.150000,21.606826,7.254167
1780475186.492714,,,BOARD_2,1,0,3122.000,1481.000,3370.000,1661.000,248.000,180.000,3122.000,1481.000,3370.000,1661.000,248.000,180.000,3122.000,1481.000,3370.000,1661.000,3246.000,1571.000,248.000,180.000,0,1.000000,25.150000,21.602269,7.249583
1780475186.492714,,,BOARD_2,1,1,3130.000,1473.000,3378.000,1653.000,248.000,180.000,3130.000,1473.000,3378.000,1653.000,248.000,180.000,3130.000,1473.000,3378.000,1653.000,3254.000,1563.000,248.000,180.000,0,1.000000,25.150000,21.638727,7.286250
1780475186.748513,,,BOARD_2,1,0,3131.000,1472.000,3379.000,1652.000,248.000,180.000,3131.000,1472.000,3379.000,1652.000,248.000,180.000,3131.000,1472.000,3379.000,1652.000,3255.000,1562.000,248.000,180.000,0,1.000000,25.150000,21.643284,7.290833
1780475187.002626,,,BOARD_2,1,0,3131.000,1472.000,3379.000,1652.000,248.000,180.000,3131.000,1472.000,3379.000,1652.000,248.000,180.000,3131.000,1472.000,3379.000,1652.000,3255.000,1562.000,248.000,180.000,0,1.000000,25.150000,21.643284,7.290833
1780475187.236285,,,BOARD_2,1,0,3123.000,1480.000,3371.000,1660.000,248.000,180.000,3123.000,1480.000,3371.000,1660.000,248.000,180.000,3123.000,1480.000,3371.000,1660.000,3247.000,1570.000,248.000,180.000,0,1.000000,25.150000,21.606826,7.254167
1780475187.486512,,,BOARD_2,1,0,3122.000,1481.000,3370.000,1661.000,248.000,180.000,3122.000,1481.000,3370.000,1661.000,248.000,180.000,3122.000,1481.000,3370.000,1661.000,3246.000,1571.000,248.000,180.000,0,1.000000,25.150000,21.602269,7.249583
1780475187.693614,,,BOARD_2,1,0,3131.000,1488.000,3379.000,1668.000,248.000,180.000,3131.000,1488.000,3379.000,1668.000,248.000,180.000,3131.000,1488.000,3379.000,1668.000,3255.000,1578.000,248.000,180.000,0,1.000000,25.150000,21.643284,7.217500
1780475187.693614,,,BOARD_2,1,1,3133.000,1491.000,3381.000,1671.000,248.000,180.000,3133.000,1491.000,3381.000,1671.000,248.000,180.000,3133.000,1491.000,3381.000,1671.000,3257.000,1581.000,248.000,180.000,0,1.000000,25.150000,21.652399,7.203750
1780475188.234759,,,BOARD_2,1,0,3135.000,1493.000,3383.000,1673.000,248.000,180.000,3135.000,1493.000,3383.000,1673.000,248.000,180.000,3135.000,1493.000,3383.000,1673.000,3259.000,1583.000,248.000,180.000,0,1.000000,25.150000,21.661514,7.194583
1780475188.234759,,,BOARD_2,1,1,3143.000,1485.000,3391.000,1665.000,248.000,180.000,3143.000,1485.000,3391.000,1665.000,248.000,180.000,3143.000,1485.000,3391.000,1665.000,3267.000,1575.000,248.000,180.000,0,1.000000,25.150000,21.697972,7.231250
1780475188.509391,,,BOARD_2,1,0,3146.000,1486.000,3394.000,1666.000,248.000,180.000,3146.000,1486.000,3394.000,1666.000,248.000,180.000,3146.000,1486.000,3394.000,1666.000,3270.000,1576.000,248.000,180.000,0,1.000000,25.150000,21.711644,7.226667
1780475188.971395,,,BOARD_2,1,0,3149.000,1486.000,3397.000,1666.000,248.000,180.000,3149.000,1486.000,3397.000,1666.000,248.000,180.000,3149.000,1486.000,3397.000,1666.000,3273.000,1576.000,248.000,180.000,0,1.000000,25.150000,21.725316,7.226667
1780475188.971395,,,BOARD_2,1,1,3125.000,1494.000,3373.000,1674.000,248.000,180.000,3125.000,1494.000,3373.000,1674.000,248.000,180.000,3125.000,1494.000,3373.000,1674.000,3249.000,1584.000,248.000,180.000,0,1.000000,25.150000,21.615941,7.190000
1780475189.197478,,,BOARD_2,1,0,3123.000,1496.000,3371.000,1676.000,248.000,180.000,3123.000,1496.000,3371.000,1676.000,248.000,180.000,3123.000,1496.000,3371.000,1676.000,3247.000,1586.000,248.000,180.000,0,1.000000,25.150000,21.606826,7.180833
1780475189.484262,,,BOARD_2,1,0,3121.000,1498.000,3369.000,1678.000,248.000,180.000,3121.000,1498.000,3369.000,1678.000,248.000,180.000,3121.000,1498.000,3369.000,1678.000,3245.000,1588.000,248.000,180.000,0,1.000000,25.150000,21.597711,7.171667
1780475189.484262,,,BOARD_2,1,1,3129.000,1490.000,3377.000,1670.000,248.000,180.000,3129.000,1490.000,3377.000,1670.000,248.000,180.000,3129.000,1490.000,3377.000,1670.000,3253.000,1580.000,248.000,180.000,0,1.000000,25.150000,21.634170,7.208333
1780475189.718200,,,BOARD_2,1,0,3129.000,1490.000,3377.000,1670.000,248.000,180.000,3129.000,1490.000,3377.000,1670.000,248.000,180.000,3129.000,1490.000,3377.000,1670.000,3253.000,1580.000,248.000,180.000,0,1.000000,25.150000,21.634170,7.208333
1780475190.054133,,,BOARD_2,1,0,3129.000,1490.000,3377.000,1670.000,248.000,180.000,3129.000,1490.000,3377.000,1670.000,248.000,180.000,3129.000,1490.000,3377.000,1670.000,3253.000,1580.000,248.000,180.000,0,1.000000,25.150000,21.634170,7.208333
1780475194.963874,,,BOARD_2,1,0,1272.000,1246.000,1520.000,1426.000,248.000,180.000,1272.000,1246.000,1520.000,1426.000,248.000,180.000,1272.000,1246.000,1520.000,1426.000,1396.000,1336.000,248.000,180.000,0,1.000000,25.150000,13.171279,8.326667
1780475195.526813,,,BOARD_2,1,0,1225.000,1194.000,1473.000,1374.000,248.000,180.000,1225.000,1194.000,1473.000,1374.000,248.000,180.000,1225.000,1194.000,1473.000,1374.000,1349.000,1284.000,248.000,180.000,0,1.000000,25.150000,12.957086,8.565000
1780475198.122643,,,BOARD_3,2,0,2552.000,1674.000,2788.000,2150.000,236.000,476.000,2552.000,1674.000,2788.000,2150.000,236.000,476.000,2552.000,1674.000,2788.000,2150.000,2670.000,1912.000,236.000,476.000,0,1.000000,26.430000,4.388269,15.186667
1780475198.122643,,,BOARD_3,2,1,2523.000,1652.000,2759.000,2128.000,236.000,476.000,2523.000,1652.000,2759.000,2128.000,236.000,476.000,2523.000,1652.000,2759.000,2128.000,2641.000,1890.000,236.000,476.000,0,1.000000,26.430000,4.256107,15.287500
1780475211.221126,,,BOARD_2,1,0,2978.000,561.000,3214.000,1037.000,236.000,476.000,2978.000,561.000,3214.000,1037.000,236.000,476.000,2978.000,561.000,3214.000,1037.000,3096.000,799.000,236.000,476.000,0,1.000000,26.430000,20.918675,10.787917
1780475211.221126,,,BOARD_2,1,1,2904.000,643.000,3368.000,1003.000,464.000,360.000,2904.000,643.000,3368.000,1003.000,464.000,360.000,2904.000,643.000,3368.000,1003.000,3136.000,823.000,464.000,360.000,0,1.000000,13.440000,21.100967,10.677917
1780475211.700115,,,BOARD_2,1,0,2925.000,654.000,3389.000,1014.000,464.000,360.000,2925.000,654.000,3389.000,1014.000,464.000,360.000,2925.000,654.000,3389.000,1014.000,3157.000,834.000,464.000,360.000,0,1.000000,13.440000,21.196670,10.627500
1780475211.700115,,,BOARD_2,1,1,2994.000,401.000,3230.000,877.000,236.000,476.000,2994.000,401.000,3230.000,877.000,236.000,476.000,2994.000,401.000,3230.000,877.000,3112.000,639.000,236.000,476.000,0,1.000000,26.430000,20.991592,11.521250
1780475217.964270,,,BOARD_2,1,0,2718.000,564.000,2954.000,1040.000,236.000,476.000,2718.000,564.000,2954.000,1040.000,236.000,476.000,2718.000,564.000,2954.000,1040.000,2836.000,802.000,236.000,476.000,0,1.000000,26.430000,19.733779,10.774167
1780475218.220725,,,BOARD_2,1,0,2704.000,534.000,2940.000,1010.000,236.000,476.000,2704.000,534.000,2940.000,1010.000,236.000,476.000,2704.000,534.000,2940.000,1010.000,2822.000,772.000,236.000,476.000,0,1.000000,26.430000,19.669977,10.911667
1780475218.220725,,,BOARD_2,1,1,2588.000,574.000,3052.000,934.000,464.000,360.000,2588.000,574.000,3052.000,934.000,464.000,360.000,2588.000,574.000,3052.000,934.000,2820.000,754.000,464.000,360.000,0,1.000000,13.440000,19.660863,10.994167
1780475218.472041,,,BOARD_2,1,0,2578.000,547.000,3042.000,907.000,464.000,360.000,2578.000,547.000,3042.000,907.000,464.000,360.000,2578.000,547.000,3042.000,907.000,2810.000,727.000,464.000,360.000,0,1.000000,13.440000,19.615290,11.117917
1780475218.752113,,,BOARD_2,1,0,2567.000,521.000,3031.000,881.000,464.000,360.000,2567.000,521.000,3031.000,881.000,464.000,360.000,2567.000,521.000,3031.000,881.000,2799.000,701.000,464.000,360.000,0,1.000000,13.440000,19.565159,11.237083
1780475218.752113,,,BOARD_2,1,1,2625.000,519.000,2861.000,995.000,236.000,476.000,2625.000,519.000,2861.000,995.000,236.000,476.000,2625.000,519.000,2861.000,995.000,2743.000,757.000,236.000,476.000,0,1.000000,26.430000,19.309951,10.980417
1780475219.034528,,,BOARD_2,1,0,2606.000,508.000,2842.000,984.000,236.000,476.000,2606.000,508.000,2842.000,984.000,236.000,476.000,2606.000,508.000,2842.000,984.000,2724.000,746.000,236.000,476.000,0,1.000000,26.430000,19.223363,11.030833
1780475219.476695,,,BOARD_2,1,0,2521.000,602.000,2985.000,962.000,464.000,360.000,2521.000,602.000,2985.000,962.000,464.000,360.000,2521.000,602.000,2985.000,962.000,2753.000,782.000,464.000,360.000,0,1.000000,13.440000,19.355524,10.865833
1780475220.194589,,,BOARD_2,1,0,2630.000,535.000,2866.000,1011.000,236.000,476.000,2630.000,535.000,2866.000,1011.000,236.000,476.000,2630.000,535.000,2866.000,1011.000,2748.000,773.000,236.000,476.000,0,1.000000,26.430000,19.332738,10.907083
1780475220.689746,,,BOARD_2,1,0,2654.000,527.000,2890.000,1003.000,236.000,476.000,2654.000,527.000,2890.000,1003.000,236.000,476.000,2654.000,527.000,2890.000,1003.000,2772.000,765.000,236.000,476.000,0,1.000000,26.430000,19.442113,10.943750
1780475221.596201,,,BOARD_2,1,0,2656.000,545.000,2892.000,1021.000,236.000,476.000,2656.000,545.000,2892.000,1021.000,236.000,476.000,2656.000,545.000,2892.000,1021.000,2774.000,783.000,236.000,476.000,0,1.000000,26.430000,19.451227,10.861250
1780475222.153680,,,BOARD_2,1,0,2664.000,537.000,2900.000,1013.000,236.000,476.000,2664.000,537.000,2900.000,1013.000,236.000,476.000,2664.000,537.000,2900.000,1013.000,2782.000,775.000,236.000,476.000,0,1.000000,26.430000,19.487685,10.897917
1780475222.153680,,,BOARD_2,1,1,2667.000,535.000,2903.000,1011.000,236.000,476.000,2667.000,535.000,2903.000,1011.000,236.000,476.000,2667.000,535.000,2903.000,1011.000,2785.000,773.000,236.000,476.000,0,1.000000,26.430000,19.501357,10.907083
1780475225.761281,,,BOARD_2,1,0,2695.000,549.000,2931.000,1025.000,236.000,476.000,2695.000,549.000,2931.000,1025.000,236.000,476.000,2695.000,549.000,2931.000,1025.000,2813.000,787.000,236.000,476.000,0,1.000000,26.430000,19.628961,10.842917
1780475225.761281,,,BOARD_2,1,1,2702.000,548.000,2938.000,1024.000,236.000,476.000,2702.000,548.000,2938.000,1024.000,236.000,476.000,2702.000,548.000,2938.000,1024.000,2820.000,786.000,236.000,476.000,0,1.000000,26.430000,19.660863,10.847500
1780475231.042475,,,BOARD_2,1,0,3151.000,1593.000,3387.000,2069.000,236.000,476.000,3151.000,1593.000,3387.000,2069.000,236.000,476.000,3151.000,1593.000,3387.000,2069.000,3269.000,1831.000,236.000,476.000,0,1.000000,26.430000,21.707086,6.057917
1780475231.749045,,,BOARD_2,1,0,3182.000,1642.000,3418.000,2118.000,236.000,476.000,3182.000,1642.000,3418.000,2118.000,236.000,476.000,3182.000,1642.000,3418.000,2118.000,3300.000,1880.000,236.000,476.000,0,1.000000,26.430000,21.848363,5.833333
1780475232.365174,,,BOARD_2,1,0,3181.000,1822.000,3429.000,2002.000,248.000,180.000,3181.000,1822.000,3429.000,2002.000,248.000,180.000,3181.000,1822.000,3429.000,2002.000,3305.000,1912.000,248.000,180.000,0,1.000000,25.150000,21.871149,5.686667
1780475233.276839,,,BOARD_2,1,0,3172.000,1838.000,3420.000,2018.000,248.000,180.000,3172.000,1838.000,3420.000,2018.000,248.000,180.000,3172.000,1838.000,3420.000,2018.000,3296.000,1928.000,248.000,180.000,0,1.000000,25.150000,21.830133,5.613333
1780475236.162688,,,BOARD_2,0,0,416.000,1758.000,664.000,1938.000,248.000,180.000,416.000,1758.000,664.000,1938.000,248.000,180.000,416.000,1758.000,664.000,1938.000,540.000,1848.000,248.000,180.000,0,1.000000,25.150000,28.019537,5.980000
1780475236.162688,,,BOARD_2,0,1,432.000,1755.000,680.000,1935.000,248.000,180.000,432.000,1755.000,680.000,1935.000,248.000,180.000,432.000,1755.000,680.000,1935.000,556.000,1845.000,248.000,180.000,0,1.000000,25.150000,28.092454,5.993750
1780475236.855072,,,BOARD_2,0,0,424.000,1742.000,672.000,1922.000,248.000,180.000,424.000,1742.000,672.000,1922.000,248.000,180.000,424.000,1742.000,672.000,1922.000,548.000,1832.000,248.000,180.000,0,1.000000,25.150000,28.055996,6.053333
1780475236.855072,,,BOARD_2,0,1,433.000,1738.000,681.000,1918.000,248.000,180.000,433.000,1738.000,681.000,1918.000,248.000,180.000,433.000,1738.000,681.000,1918.000,557.000,1828.000,248.000,180.000,0,1.000000,25.150000,28.097011,6.071667
1780475237.639266,,,BOARD_2,0,0,401.000,1725.000,649.000,1905.000,248.000,180.000,401.000,1725.000,649.000,1905.000,248.000,180.000,401.000,1725.000,649.000,1905.000,525.000,1815.000,248.000,180.000,0,1.000000,25.150000,27.951178,6.131250
1780475238.339505,,,BOARD_2,0,0,392.000,1723.000,640.000,1903.000,248.000,180.000,392.000,1723.000,640.000,1903.000,248.000,180.000,392.000,1723.000,640.000,1903.000,516.000,1813.000,248.000,180.000,0,1.000000,25.150000,27.910162,6.140417
1780475238.339505,,,BOARD_2,0,1,390.000,1720.000,638.000,1900.000,248.000,180.000,390.000,1720.000,638.000,1900.000,248.000,180.000,390.000,1720.000,638.000,1900.000,514.000,1810.000,248.000,180.000,0,1.000000,25.150000,27.901048,6.154167
1780475238.987644,,,BOARD_2,0,0,380.000,1726.000,628.000,1906.000,248.000,180.000,380.000,1726.000,628.000,1906.000,248.000,180.000,380.000,1726.000,628.000,1906.000,504.000,1816.000,248.000,180.000,0,1.000000,25.150000,27.855475,6.126667
1780475238.987644,,,BOARD_2,0,1,377.000,1725.000,625.000,1905.000,248.000,180.000,377.000,1725.000,625.000,1905.000,248.000,180.000,377.000,1725.000,625.000,1905.000,501.000,1815.000,248.000,180.000,0,1.000000,25.150000,27.841803,6.131250
1780475239.671958,,,BOARD_2,0,0,382.000,1733.000,630.000,1913.000,248.000,180.000,382.000,1733.000,630.000,1913.000,248.000,180.000,382.000,1733.000,630.000,1913.000,506.000,1823.000,248.000,180.000,0,1.000000,25.150000,27.864590,6.094583
1780475240.129055,,,BOARD_2,0,0,381.000,1734.000,629.000,1914.000,248.000,180.000,381.000,1734.000,629.000,1914.000,248.000,180.000,381.000,1734.000,629.000,1914.000,505.000,1824.000,248.000,180.000,0,1.000000,25.150000,27.860032,6.090000
1780475240.365433,,,BOARD_2,0,0,390.000,1741.000,638.000,1921.000,248.000,180.000,390.000,1741.000,638.000,1921.000,248.000,180.000,390.000,1741.000,638.000,1921.000,514.000,1831.000,248.000,180.000,0,1.000000,25.150000,27.901048,6.057917
1780475240.767736,,,BOARD_2,0,0,391.000,1743.000,639.000,1923.000,248.000,180.000,391.000,1743.000,639.000,1923.000,248.000,180.000,391.000,1743.000,639.000,1923.000,515.000,1833.000,248.000,180.000,0,1.000000,25.150000,27.905605,6.048750
1780475240.767736,,,BOARD_2,0,1,382.000,1749.000,630.000,1929.000,248.000,180.000,382.000,1749.000,630.000,1929.000,248.000,180.000,382.000,1749.000,630.000,1929.000,506.000,1839.000,248.000,180.000,0,1.000000,25.150000,27.864590,6.021250
1780475241.033888,,,BOARD_2,0,0,380.000,1752.000,628.000,1932.000,248.000,180.000,380.000,1752.000,628.000,1932.000,248.000,180.000,380.000,1752.000,628.000,1932.000,504.000,1842.000,248.000,180.000,0,1.000000,25.150000,27.855475,6.007500
1780475241.292226,,,BOARD_2,0,0,378.000,1755.000,626.000,1935.000,248.000,180.000,378.000,1755.000,626.000,1935.000,248.000,180.000,378.000,1755.000,626.000,1935.000,502.000,1845.000,248.000,180.000,0,1.000000,25.150000,27.846360,5.993750
1780475241.560243,,,BOARD_2,0,0,402.000,1742.000,650.000,1922.000,248.000,180.000,402.000,1742.000,650.000,1922.000,248.000,180.000,402.000,1742.000,650.000,1922.000,526.000,1832.000,248.000,180.000,0,1.000000,25.150000,27.955735,6.053333
1780475241.560243,,,BOARD_2,0,1,405.000,1742.000,653.000,1922.000,248.000,180.000,405.000,1742.000,653.000,1922.000,248.000,180.000,405.000,1742.000,653.000,1922.000,529.000,1832.000,248.000,180.000,0,1.000000,25.150000,27.969407,6.053333
1780475242.151522,,,BOARD_2,0,0,400.000,1750.000,648.000,1930.000,248.000,180.000,400.000,1750.000,648.000,1930.000,248.000,180.000,400.000,1750.000,648.000,1930.000,524.000,1840.000,248.000,180.000,0,1.000000,25.150000,27.946621,6.016667
1780475242.151522,,,BOARD_2,0,1,401.000,1751.000,649.000,1931.000,248.000,180.000,401.000,1751.000,649.000,1931.000,248.000,180.000,401.000,1751.000,649.000,1931.000,525.000,1841.000,248.000,180.000,0,1.000000,25.150000,27.951178,6.012083
1780475244.969681,,,BOARD_2,0,0,427.000,1752.000,675.000,1932.000,248.000,180.000,427.000,1752.000,675.000,1932.000,248.000,180.000,427.000,1752.000,675.000,1932.000,551.000,1842.000,248.000,180.000,0,1.000000,25.150000,28.069668,6.007500
1780475244.969681,,,BOARD_2,0,1,430.000,1753.000,678.000,1933.000,248.000,180.000,430.000,1753.000,678.000,1933.000,248.000,180.000,430.000,1753.000,678.000,1933.000,554.000,1843.000,248.000,180.000,0,1.000000,25.150000,28.083340,6.002917
1780475245.505555,,,BOARD_2,0,0,425.000,1758.000,673.000,1938.000,248.000,180.000,425.000,1758.000,673.000,1938.000,248.000,180.000,425.000,1758.000,673.000,1938.000,549.000,1848.000,248.000,180.000,0,1.000000,25.150000,28.060553,5.980000
1780475245.505555,,,BOARD_2,0,1,426.000,1759.000,674.000,1939.000,248.000,180.000,426.000,1759.000,674.000,1939.000,248.000,180.000,426.000,1759.000,674.000,1939.000,550.000,1849.000,248.000,180.000,0,1.000000,25.150000,28.065110,5.975417
1780475246.029857,,,BOARD_2,0,0,419.000,1758.000,667.000,1938.000,248.000,180.000,419.000,1758.000,667.000,1938.000,248.000,180.000,419.000,1758.000,667.000,1938.000,543.000,1848.000,248.000,180.000,0,1.000000,25.150000,28.033209,5.980000
1780475246.029857,,,BOARD_2,0,1,418.000,1759.000,666.000,1939.000,248.000,180.000,418.000,1759.000,666.000,1939.000,248.000,180.000,418.000,1759.000,666.000,1939.000,542.000,1849.000,248.000,180.000,0,1.000000,25.150000,28.028652,5.975417
1780475246.446361,,,BOARD_2,0,0,418.000,1759.000,666.000,1939.000,248.000,180.000,418.000,1759.000,666.000,1939.000,248.000,180.000,418.000,1759.000,666.000,1939.000,542.000,1849.000,248.000,180.000,0,1.000000,25.150000,28.028652,5.975417
1780475246.446361,,,BOARD_2,0,1,426.000,1774.000,674.000,1954.000,248.000,180.000,426.000,1774.000,674.000,1954.000,248.000,180.000,426.000,1774.000,674.000,1954.000,550.000,1864.000,248.000,180.000,0,1.000000,25.150000,28.065110,5.906667
1780475246.694353,,,BOARD_2,0,0,427.000,1777.000,675.000,1957.000,248.000,180.000,427.000,1777.000,675.000,1957.000,248.000,180.000,427.000,1777.000,675.000,1957.000,551.000,1867.000,248.000,180.000,0,1.000000,25.150000,28.069668,5.892917
1780475246.981394,,,BOARD_2,0,0,428.000,1780.000,676.000,1960.000,248.000,180.000,428.000,1780.000,676.000,1960.000,248.000,180.000,428.000,1780.000,676.000,1960.000,552.000,1870.000,248.000,180.000,0,1.000000,25.150000,28.074225,5.879167
1780475246.981394,,,BOARD_2,0,1,436.000,1774.000,684.000,1954.000,248.000,180.000,436.000,1774.000,684.000,1954.000,248.000,180.000,436.000,1774.000,684.000,1954.000,560.000,1864.000,248.000,180.000,0,1.000000,25.150000,28.110683,5.906667
1780475247.209076,,,BOARD_2,0,0,438.000,1775.000,686.000,1955.000,248.000,180.000,438.000,1775.000,686.000,1955.000,248.000,180.000,438.000,1775.000,686.000,1955.000,562.000,1865.000,248.000,180.000,0,1.000000,25.150000,28.119798,5.902083
1780475247.525412,,,BOARD_2,0,0,441.000,1777.000,689.000,1957.000,248.000,180.000,441.000,1777.000,689.000,1957.000,248.000,180.000,441.000,1777.000,689.000,1957.000,565.000,1867.000,248.000,180.000,0,1.000000,25.150000,28.133470,5.892917
1780475247.525412,,,BOARD_2,0,1,433.000,1774.000,681.000,1954.000,248.000,180.000,433.000,1774.000,681.000,1954.000,248.000,180.000,433.000,1774.000,681.000,1954.000,557.000,1864.000,248.000,180.000,0,1.000000,25.150000,28.097011,5.906667
1780475247.775148,,,BOARD_2,0,0,433.000,1775.000,681.000,1955.000,248.000,180.000,433.000,1775.000,681.000,1955.000,248.000,180.000,433.000,1775.000,681.000,1955.000,557.000,1865.000,248.000,180.000,0,1.000000,25.150000,28.097011,5.902083
1780475248.074913,,,BOARD_2,0,0,434.000,1775.000,682.000,1955.000,248.000,180.000,434.000,1775.000,682.000,1955.000,248.000,180.000,434.000,1775.000,682.000,1955.000,558.000,1865.000,248.000,180.000,0,1.000000,25.150000,28.101569,5.902083
1780475248.307120,,,BOARD_2,0,0,442.000,1774.000,690.000,1954.000,248.000,180.000,442.000,1774.000,690.000,1954.000,248.000,180.000,442.000,1774.000,690.000,1954.000,566.000,1864.000,248.000,180.000,0,1.000000,25.150000,28.138027,5.906667
1780475248.629299,,,BOARD_2,0,0,443.000,1774.000,691.000,1954.000,248.000,180.000,443.000,1774.000,691.000,1954.000,248.000,180.000,443.000,1774.000,691.000,1954.000,567.000,1864.000,248.000,180.000,0,1.000000,25.150000,28.142584,5.906667
1780475248.842166,,,BOARD_2,0,0,434.000,1774.000,682.000,1954.000,248.000,180.000,434.000,1774.000,682.000,1954.000,248.000,180.000,434.000,1774.000,682.000,1954.000,558.000,1864.000,248.000,180.000,0,1.000000,25.150000,28.101569,5.906667
1780475249.078878,,,BOARD_2,0,0,433.000,1774.000,681.000,1954.000,248.000,180.000,433.000,1774.000,681.000,1954.000,248.000,180.000,433.000,1774.000,681.000,1954.000,557.000,1864.000,248.000,180.000,0,1.000000,25.150000,28.097011,5.906667
1780475249.078878,,,BOARD_2,0,1,442.000,1774.000,690.000,1954.000,248.000,180.000,442.000,1774.000,690.000,1954.000,248.000,180.000,442.000,1774.000,690.000,1954.000,566.000,1864.000,248.000,180.000,0,1.000000,25.150000,28.138027,5.906667
1780475249.346359,,,BOARD_2,0,0,444.000,1774.000,692.000,1954.000,248.000,180.000,444.000,1774.000,692.000,1954.000,248.000,180.000,444.000,1774.000,692.000,1954.000,568.000,1864.000,248.000,180.000,0,1.000000,25.150000,28.147142,5.906667
1780475249.757405,,,BOARD_2,0,0,446.000,1774.000,694.000,1954.000,248.000,180.000,446.000,1774.000,694.000,1954.000,248.000,180.000,446.000,1774.000,694.000,1954.000,570.000,1864.000,248.000,180.000,0,1.000000,25.150000,28.156256,5.906667
1780475249.976165,,,BOARD_2,0,0,438.000,1774.000,686.000,1954.000,248.000,180.000,438.000,1774.000,686.000,1954.000,248.000,180.000,438.000,1774.000,686.000,1954.000,562.000,1864.000,248.000,180.000,0,1.000000,25.150000,28.119798,5.906667
1780475249.976165,,,BOARD_2,0,1,438.000,1774.000,686.000,1954.000,248.000,180.000,438.000,1774.000,686.000,1954.000,248.000,180.000,438.000,1774.000,686.000,1954.000,562.000,1864.000,248.000,180.000,0,1.000000,25.150000,28.119798,5.906667
1780475250.388174,,,BOARD_2,0,0,438.000,1774.000,686.000,1954.000,248.000,180.000,438.000,1774.000,686.000,1954.000,248.000,180.000,438.000,1774.000,686.000,1954.000,562.000,1864.000,248.000,180.000,0,1.000000,25.150000,28.119798,5.906667
1780475250.683412,,,BOARD_2,0,0,446.000,1774.000,694.000,1954.000,248.000,180.000,446.000,1774.000,694.000,1954.000,248.000,180.000,446.000,1774.000,694.000,1954.000,570.000,1864.000,248.000,180.000,0,1.000000,25.150000,28.156256,5.906667
1780475250.974413,,,BOARD_2,0,0,448.000,1774.000,696.000,1954.000,248.000,180.000,448.000,1774.000,696.000,1954.000,248.000,180.000,448.000,1774.000,696.000,1954.000,572.000,1864.000,248.000,180.000,0,1.000000,25.150000,28.165371,5.906667
1780475251.348024,,,BOARD_2,0,0,449.000,1774.000,697.000,1954.000,248.000,180.000,449.000,1774.000,697.000,1954.000,248.000,180.000,449.000,1774.000,697.000,1954.000,573.000,1864.000,248.000,180.000,0,1.000000,25.150000,28.169928,5.906667
1780475251.348024,,,BOARD_2,0,1,441.000,1774.000,689.000,1954.000,248.000,180.000,441.000,1774.000,689.000,1954.000,248.000,180.000,441.000,1774.000,689.000,1954.000,565.000,1864.000,248.000,180.000,0,1.000000,25.150000,28.133470,5.906667
1780475251.617432,,,BOARD_2,0,0,441.000,1774.000,689.000,1954.000,248.000,180.000,441.000,1774.000,689.000,1954.000,248.000,180.000,441.000,1774.000,689.000,1954.000,565.000,1864.000,248.000,180.000,0,1.000000,25.150000,28.133470,5.906667
1780475251.943760,,,BOARD_2,0,0,441.000,1774.000,689.000,1954.000,248.000,180.000,441.000,1774.000,689.000,1954.000,248.000,180.000,441.000,1774.000,689.000,1954.000,565.000,1864.000,248.000,180.000,0,1.000000,25.150000,28.133470,5.906667
1780475252.191564,,,BOARD_2,0,0,439.000,1626.000,675.000,2102.000,236.000,476.000,439.000,1626.000,675.000,2102.000,236.000,476.000,439.000,1626.000,675.000,2102.000,557.000,1864.000,236.000,476.000,0,1.000000,26.430000,28.097011,5.906667
1780475252.520554,,,BOARD_2,0,0,438.000,1626.000,674.000,2102.000,236.000,476.000,438.000,1626.000,674.000,2102.000,236.000,476.000,438.000,1626.000,674.000,2102.000,556.000,1864.000,236.000,476.000,0,1.000000,26.430000,28.092454,5.906667
1780475252.520554,,,BOARD_2,0,1,425.000,1790.000,673.000,1970.000,248.000,180.000,425.000,1790.000,673.000,1970.000,248.000,180.000,425.000,1790.000,673.000,1970.000,549.000,1880.000,248.000,180.000,0,1.000000,25.150000,28.060553,5.833333
1780475252.801054,,,BOARD_2,0,0,422.000,1794.000,670.000,1974.000,248.000,180.000,422.000,1794.000,670.000,1974.000,248.000,180.000,422.000,1794.000,670.000,1974.000,546.000,1884.000,248.000,180.000,0,1.000000,25.150000,28.046881,5.815000
1780475253.118558,,,BOARD_2,0,0,420.000,1799.000,668.000,1979.000,248.000,180.000,420.000,1799.000,668.000,1979.000,248.000,180.000,420.000,1799.000,668.000,1979.000,544.000,1889.000,248.000,180.000,0,1.000000,25.150000,28.037767,5.792083
1780475253.118558,,,BOARD_2,0,1,396.000,1822.000,644.000,2002.000,248.000,180.000,396.000,1822.000,644.000,2002.000,248.000,180.000,396.000,1822.000,644.000,2002.000,520.000,1912.000,248.000,180.000,0,1.000000,25.150000,27.928392,5.686667
1780475253.367941,,,BOARD_2,0,0,389.000,1830.000,637.000,2010.000,248.000,180.000,389.000,1830.000,637.000,2010.000,248.000,180.000,389.000,1830.000,637.000,2010.000,513.000,1920.000,248.000,180.000,0,1.000000,25.150000,27.896491,5.650000
1780475253.933305,,,BOARD_2,0,0,381.000,1722.000,617.000,2198.000,236.000,476.000,381.000,1722.000,617.000,2160.000,236.000,438.000,381.000,1722.000,617.000,2160.000,499.000,1941.000,236.000,438.000,1,0.920168,26.430000,27.832689,5.553750
1780475253.933305,,,BOARD_2,0,1,374.000,1734.000,610.000,2210.000,236.000,476.000,374.000,1734.000,610.000,2160.000,236.000,426.000,374.000,1734.000,610.000,2160.000,492.000,1947.000,236.000,426.000,1,0.894958,26.430000,27.800787,5.526250
1780475268.618079,,,BOARD_2,0,0,2482.000,985.000,2614.000,1077.000,132.000,92.000,2482.000,985.000,2614.000,1077.000,132.000,92.000,2482.000,985.000,2614.000,1077.000,2548.000,1031.000,132.000,92.000,0,1.000000,47.250000,37.170579,9.724583
1780475268.618079,,,BOARD_2,0,1,2478.000,983.000,2610.000,1075.000,132.000,92.000,2478.000,983.000,2610.000,1075.000,132.000,92.000,2478.000,983.000,2610.000,1075.000,2544.000,1029.000,132.000,92.000,0,1.000000,47.250000,37.152350,9.733750
1780475269.232365,,,BOARD_2,0,0,2425.000,961.000,2673.000,1141.000,248.000,180.000,2425.000,961.000,2673.000,1141.000,248.000,180.000,2425.000,961.000,2673.000,1141.000,2549.000,1051.000,248.000,180.000,0,1.000000,25.150000,37.175136,9.632917
1780475269.232365,,,BOARD_2,0,1,2424.000,964.000,2672.000,1144.000,248.000,180.000,2424.000,964.000,2672.000,1144.000,248.000,180.000,2424.000,964.000,2672.000,1144.000,2548.000,1054.000,248.000,180.000,0,1.000000,25.150000,37.170579,9.619167
1780475270.049473,,,BOARD_2,0,0,2414.000,958.000,2662.000,1138.000,248.000,180.000,2414.000,958.000,2662.000,1138.000,248.000,180.000,2414.000,958.000,2662.000,1138.000,2538.000,1048.000,248.000,180.000,0,1.000000,25.150000,37.125006,9.646667
1780475270.049473,,,BOARD_2,0,1,2411.000,959.000,2659.000,1139.000,248.000,180.000,2411.000,959.000,2659.000,1139.000,248.000,180.000,2411.000,959.000,2659.000,1139.000,2535.000,1049.000,248.000,180.000,0,1.000000,25.150000,37.111334,9.642083
1780475270.741416,,,BOARD_2,0,0,2417.000,967.000,2665.000,1147.000,248.000,180.000,2417.000,967.000,2665.000,1147.000,248.000,180.000,2417.000,967.000,2665.000,1147.000,2541.000,1057.000,248.000,180.000,0,1.000000,25.150000,37.138678,9.605417
1780475270.741416,,,BOARD_2,0,1,2416.000,969.000,2664.000,1149.000,248.000,180.000,2416.000,969.000,2664.000,1149.000,248.000,180.000,2416.000,969.000,2664.000,1149.000,2540.000,1059.000,248.000,180.000,0,1.000000,25.150000,37.134121,9.596250
1780475271.225885,,,BOARD_2,0,0,2440.000,979.000,2688.000,1159.000,248.000,180.000,2440.000,979.000,2688.000,1159.000,248.000,180.000,2440.000,979.000,2688.000,1159.000,2564.000,1069.000,248.000,180.000,0,1.000000,25.150000,37.243496,9.550417
1780475271.225885,,,BOARD_2,0,1,2444.000,982.000,2692.000,1162.000,248.000,180.000,2444.000,982.000,2692.000,1162.000,248.000,180.000,2444.000,982.000,2692.000,1162.000,2568.000,1072.000,248.000,180.000,0,1.000000,25.150000,37.261725,9.536667
1780475271.852034,,,BOARD_2,0,0,2440.000,993.000,2688.000,1173.000,248.000,180.000,2440.000,993.000,2688.000,1173.000,248.000,180.000,2440.000,993.000,2688.000,1173.000,2564.000,1083.000,248.000,180.000,0,1.000000,25.150000,37.243496,9.486250
1780475271.852034,,,BOARD_2,0,1,2442.000,997.000,2690.000,1177.000,248.000,180.000,2442.000,997.000,2690.000,1177.000,248.000,180.000,2442.000,997.000,2690.000,1177.000,2566.000,1087.000,248.000,180.000,0,1.000000,25.150000,37.252610,9.467917
1780475272.338710,,,BOARD_2,0,0,2436.000,1009.000,2684.000,1189.000,248.000,180.000,2436.000,1009.000,2684.000,1189.000,248.000,180.000,2436.000,1009.000,2684.000,1189.000,2560.000,1099.000,248.000,180.000,0,1.000000,25.150000,37.225267,9.412917
1780475272.338710,,,BOARD_2,0,1,2436.000,1014.000,2684.000,1194.000,248.000,180.000,2436.000,1014.000,2684.000,1194.000,248.000,180.000,2436.000,1014.000,2684.000,1194.000,2560.000,1104.000,248.000,180.000,0,1.000000,25.150000,37.225267,9.390000
1780475272.914131,,,BOARD_2,0,0,2444.000,1010.000,2692.000,1190.000,248.000,180.000,2444.000,1010.000,2692.000,1190.000,248.000,180.000,2444.000,1010.000,2692.000,1190.000,2568.000,1100.000,248.000,180.000,0,1.000000,25.150000,37.261725,9.408333
1780475272.914131,,,BOARD_2,0,1,2445.000,1012.000,2693.000,1192.000,248.000,180.000,2445.000,1012.000,2693.000,1192.000,248.000,180.000,2445.000,1012.000,2693.000,1192.000,2569.000,1102.000,248.000,180.000,0,1.000000,25.150000,37.266282,9.399167
1780475273.437464,,,BOARD_2,0,0,2439.000,1023.000,2687.000,1203.000,248.000,180.000,2439.000,1023.000,2687.000,1203.000,248.000,180.000,2439.000,1023.000,2687.000,1203.000,2563.000,1113.000,248.000,180.000,0,1.000000,25.150000,37.238939,9.348750
1780475273.437464,,,BOARD_2,0,1,2439.000,1026.000,2687.000,1206.000,248.000,180.000,2439.000,1026.000,2687.000,1206.000,248.000,180.000,2439.000,1026.000,2687.000,1206.000,2563.000,1116.000,248.000,180.000,0,1.000000,25.150000,37.238939,9.335000
1780475274.012362,,,BOARD_2,0,0,2447.000,1006.000,2695.000,1186.000,248.000,180.000,2447.000,1006.000,2695.000,1186.000,248.000,180.000,2447.000,1006.000,2695.000,1186.000,2571.000,1096.000,248.000,180.000,0,1.000000,25.150000,37.275397,9.426667
1780475274.012362,,,BOARD_2,0,1,2448.000,1004.000,2696.000,1184.000,248.000,180.000,2448.000,1004.000,2696.000,1184.000,248.000,180.000,2448.000,1004.000,2696.000,1184.000,2572.000,1094.000,248.000,180.000,0,1.000000,25.150000,37.279954,9.435833
1780475274.516212,,,BOARD_2,0,0,2442.000,1011.000,2690.000,1191.000,248.000,180.000,2442.000,1011.000,2690.000,1191.000,248.000,180.000,2442.000,1011.000,2690.000,1191.000,2566.000,1101.000,248.000,180.000,0,1.000000,25.150000,37.252610,9.403750
1780475274.516212,,,BOARD_2,0,1,2442.000,1011.000,2690.000,1191.000,248.000,180.000,2442.000,1011.000,2690.000,1191.000,248.000,180.000,2442.000,1011.000,2690.000,1191.000,2566.000,1101.000,248.000,180.000,0,1.000000,25.150000,37.252610,9.403750
1780475275.127553,,,BOARD_2,0,0,2449.000,1019.000,2697.000,1199.000,248.000,180.000,2449.000,1019.000,2697.000,1199.000,248.000,180.000,2449.000,1019.000,2697.000,1199.000,2573.000,1109.000,248.000,180.000,0,1.000000,25.150000,37.284511,9.367083
1780475275.763936,,,BOARD_2,0,0,2457.000,1011.000,2705.000,1191.000,248.000,180.000,2457.000,1011.000,2705.000,1191.000,248.000,180.000,2457.000,1011.000,2705.000,1191.000,2581.000,1101.000,248.000,180.000,0,1.000000,25.150000,37.320970,9.403750
1780475275.763936,,,BOARD_2,0,1,2460.000,1009.000,2708.000,1189.000,248.000,180.000,2460.000,1009.000,2708.000,1189.000,248.000,180.000,2460.000,1009.000,2708.000,1189.000,2584.000,1099.000,248.000,180.000,0,1.000000,25.150000,37.334642,9.412917
1780475276.263961,,,BOARD_2,0,0,2454.000,1016.000,2702.000,1196.000,248.000,180.000,2454.000,1016.000,2702.000,1196.000,248.000,180.000,2454.000,1016.000,2702.000,1196.000,2578.000,1106.000,248.000,180.000,0,1.000000,25.150000,37.307298,9.380833
1780475276.263961,,,BOARD_2,0,1,2455.000,1016.000,2703.000,1196.000,248.000,180.000,2455.000,1016.000,2703.000,1196.000,248.000,180.000,2455.000,1016.000,2703.000,1196.000,2579.000,1106.000,248.000,180.000,0,1.000000,25.150000,37.311855,9.380833
1780475276.883097,,,BOARD_2,0,0,2447.000,1024.000,2695.000,1204.000,248.000,180.000,2447.000,1024.000,2695.000,1204.000,248.000,180.000,2447.000,1024.000,2695.000,1204.000,2571.000,1114.000,248.000,180.000,0,1.000000,25.150000,37.275397,9.344167
1780475276.883097,,,BOARD_2,0,1,2446.000,1026.000,2694.000,1206.000,248.000,180.000,2446.000,1026.000,2694.000,1206.000,248.000,180.000,2446.000,1026.000,2694.000,1206.000,2570.000,1116.000,248.000,180.000,0,1.000000,25.150000,37.270840,9.335000
1780475282.088696,,,BOARD_2,0,0,1858.000,1515.000,1990.000,1607.000,132.000,92.000,1858.000,1515.000,1990.000,1607.000,132.000,92.000,1858.000,1515.000,1990.000,1607.000,1924.000,1561.000,132.000,92.000,0,1.000000,47.250000,34.326829,7.295417
1780475282.088696,,,BOARD_2,0,1,1841.000,1521.000,1973.000,1613.000,132.000,92.000,1841.000,1521.000,1973.000,1613.000,132.000,92.000,1841.000,1521.000,1973.000,1613.000,1907.000,1567.000,132.000,92.000,0,1.000000,47.250000,34.249355,7.267917
1780475282.646181,,,BOARD_2,0,0,1796.000,1555.000,1928.000,1647.000,132.000,92.000,1796.000,1555.000,1928.000,1647.000,132.000,92.000,1796.000,1555.000,1928.000,1647.000,1862.000,1601.000,132.000,92.000,0,1.000000,47.250000,34.044277,7.112083
1780475282.646181,,,BOARD_2,0,1,1777.000,1565.000,1909.000,1657.000,132.000,92.000,1777.000,1565.000,1909.000,1657.000,132.000,92.000,1777.000,1565.000,1909.000,1657.000,1843.000,1611.000,132.000,92.000,0,1.000000,47.250000,33.957689,7.066250
1780475283.504261,,,BOARD_2,0,0,1754.000,1571.000,1886.000,1663.000,132.000,92.000,1754.000,1571.000,1886.000,1663.000,132.000,92.000,1754.000,1571.000,1886.000,1663.000,1820.000,1617.000,132.000,92.000,0,1.000000,47.250000,33.852871,7.038750
1780475283.504261,,,BOARD_2,0,1,1738.000,1578.000,1870.000,1670.000,132.000,92.000,1738.000,1578.000,1870.000,1670.000,132.000,92.000,1738.000,1578.000,1870.000,1670.000,1804.000,1624.000,132.000,92.000,0,1.000000,47.250000,33.779954,7.006667
1780475284.136528,,,BOARD_2,0,0,1757.000,1566.000,1889.000,1658.000,132.000,92.000,1757.000,1566.000,1889.000,1658.000,132.000,92.000,1757.000,1566.000,1889.000,1658.000,1823.000,1612.000,132.000,92.000,0,1.000000,47.250000,33.866543,7.061667
1780475284.136528,,,BOARD_2,0,1,1750.000,1568.000,1882.000,1660.000,132.000,92.000,1750.000,1568.000,1882.000,1660.000,132.000,92.000,1750.000,1568.000,1882.000,1660.000,1816.000,1614.000,132.000,92.000,0,1.000000,47.250000,33.834642,7.052500
1780475284.814321,,,BOARD_2,0,0,1725.000,1519.000,1973.000,1699.000,248.000,180.000,1725.000,1519.000,1973.000,1699.000,248.000,180.000,1725.000,1519.000,1973.000,1699.000,1849.000,1609.000,248.000,180.000,0,1.000000,25.150000,33.985032,7.075417
1780475285.517012,,,BOARD_2,0,0,1752.000,1496.000,2000.000,1676.000,248.000,180.000,1752.000,1496.000,2000.000,1676.000,248.000,180.000,1752.000,1496.000,2000.000,1676.000,1876.000,1586.000,248.000,180.000,0,1.000000,25.150000,34.108079,7.180833
1780475286.050124,,,BOARD_2,0,0,1817.000,1520.000,1949.000,1612.000,132.000,92.000,1817.000,1520.000,1949.000,1612.000,132.000,92.000,1817.000,1520.000,1949.000,1612.000,1883.000,1566.000,132.000,92.000,0,1.000000,47.250000,34.139980,7.272500
1780475286.050124,,,BOARD_2,0,1,1821.000,1515.000,1953.000,1607.000,132.000,92.000,1821.000,1515.000,1953.000,1607.000,132.000,92.000,1821.000,1515.000,1953.000,1607.000,1887.000,1561.000,132.000,92.000,0,1.000000,47.250000,34.158209,7.295417
1780475287.230210,,,BOARD_2,0,0,1781.000,1539.000,1913.000,1631.000,132.000,92.000,1781.000,1539.000,1913.000,1631.000,132.000,92.000,1781.000,1539.000,1913.000,1631.000,1847.000,1585.000,132.000,92.000,0,1.000000,47.250000,33.975918,7.185417
1780475287.230210,,,BOARD_2,0,1,1777.000,1540.000,1909.000,1632.000,132.000,92.000,1777.000,1540.000,1909.000,1632.000,132.000,92.000,1777.000,1540.000,1909.000,1632.000,1843.000,1586.000,132.000,92.000,0,1.000000,47.250000,33.957689,7.180833
1780475287.806946,,,BOARD_2,0,0,1777.000,1546.000,1909.000,1637.000,132.000,91.000,1777.000,1546.000,1909.000,1637.000,132.000,91.000,1777.000,1546.000,1909.000,1637.000,1843.000,1591.500,132.000,91.000,0,1.000000,47.250000,33.957689,7.155625
1780475287.806946,,,BOARD_2,0,1,1775.000,1548.000,1907.000,1639.000,132.000,91.000,1775.000,1548.000,1907.000,1639.000,132.000,91.000,1775.000,1548.000,1907.000,1639.000,1841.000,1593.500,132.000,91.000,0,1.000000,47.250000,33.948574,7.146458
1780475288.355427,,,BOARD_2,0,0,1776.000,1546.000,1908.000,1638.000,132.000,92.000,1776.000,1546.000,1908.000,1638.000,132.000,92.000,1776.000,1546.000,1908.000,1638.000,1842.000,1592.000,132.000,92.000,0,1.000000,47.250000,33.953131,7.153333
1780475288.355427,,,BOARD_2,0,1,1775.000,1547.000,1907.000,1639.000,132.000,92.000,1775.000,1547.000,1907.000,1639.000,132.000,92.000,1775.000,1547.000,1907.000,1639.000,1841.000,1593.000,132.000,92.000,0,1.000000,47.250000,33.948574,7.148750
1780475288.971841,,,BOARD_2,0,0,1773.000,1548.000,1905.000,1640.000,132.000,92.000,1773.000,1548.000,1905.000,1640.000,132.000,92.000,1773.000,1548.000,1905.000,1640.000,1839.000,1594.000,132.000,92.000,0,1.000000,47.250000,33.939459,7.144167
1780475288.971841,,,BOARD_2,0,1,1785.000,1544.000,1917.000,1636.000,132.000,92.000,1785.000,1544.000,1917.000,1636.000,132.000,92.000,1785.000,1544.000,1917.000,1636.000,1851.000,1590.000,132.000,92.000,0,1.000000,47.250000,33.994147,7.162500
1780475289.244302,,,BOARD_2,0,0,1786.000,1544.000,1918.000,1636.000,132.000,92.000,1786.000,1544.000,1918.000,1636.000,132.000,92.000,1786.000,1544.000,1918.000,1636.000,1852.000,1590.000,132.000,92.000,0,1.000000,47.250000,33.998704,7.162500
1780475289.617980,,,BOARD_2,0,0,1787.000,1544.000,1919.000,1636.000,132.000,92.000,1787.000,1544.000,1919.000,1636.000,132.000,92.000,1787.000,1544.000,1919.000,1636.000,1853.000,1590.000,132.000,92.000,0,1.000000,47.250000,34.003261,7.162500
1780475289.617980,,,BOARD_2,0,1,1783.000,1548.000,1915.000,1640.000,132.000,92.000,1783.000,1548.000,1915.000,1640.000,132.000,92.000,1783.000,1548.000,1915.000,1640.000,1849.000,1594.000,132.000,92.000,0,1.000000,47.250000,33.985032,7.144167
1780475289.915352,,,BOARD_2,0,0,1783.000,1549.000,1915.000,1641.000,132.000,92.000,1783.000,1549.000,1915.000,1641.000,132.000,92.000,1783.000,1549.000,1915.000,1641.000,1849.000,1595.000,132.000,92.000,0,1.000000,47.250000,33.985032,7.139583
1780475290.229362,,,BOARD_2,0,0,1783.000,1550.000,1915.000,1642.000,132.000,92.000,1783.000,1550.000,1915.000,1642.000,132.000,92.000,1783.000,1550.000,1915.000,1642.000,1849.000,1596.000,132.000,92.000,0,1.000000,47.250000,33.985032,7.135000
1780475290.450977,,,BOARD_2,0,0,1779.000,1546.000,1911.000,1638.000,132.000,92.000,1779.000,1546.000,1911.000,1638.000,132.000,92.000,1779.000,1546.000,1911.000,1638.000,1845.000,1592.000,132.000,92.000,0,1.000000,47.250000,33.966803,7.153333
1780475290.772363,,,BOARD_2,0,0,1779.000,1546.000,1911.000,1638.000,132.000,92.000,1779.000,1546.000,1911.000,1638.000,132.000,92.000,1779.000,1546.000,1911.000,1638.000,1845.000,1592.000,132.000,92.000,0,1.000000,47.250000,33.966803,7.153333
1780475290.772363,,,BOARD_2,0,1,1783.000,1550.000,1915.000,1642.000,132.000,92.000,1783.000,1550.000,1915.000,1642.000,132.000,92.000,1783.000,1550.000,1915.000,1642.000,1849.000,1596.000,132.000,92.000,0,1.000000,47.250000,33.985032,7.135000
1780475291.013160,,,BOARD_2,0,0,1784.000,1551.000,1916.000,1643.000,132.000,92.000,1784.000,1551.000,1916.000,1643.000,132.000,92.000,1784.000,1551.000,1916.000,1643.000,1850.000,1597.000,132.000,92.000,0,1.000000,47.250000,33.989590,7.130417
1780475291.358260,,,BOARD_2,0,0,1785.000,1552.000,1917.000,1644.000,132.000,92.000,1785.000,1552.000,1917.000,1644.000,132.000,92.000,1785.000,1552.000,1917.000,1644.000,1851.000,1598.000,132.000,92.000,0,1.000000,47.250000,33.994147,7.125833
1780475291.598343,,,BOARD_2,0,0,1781.000,1548.000,1913.000,1640.000,132.000,92.000,1781.000,1548.000,1913.000,1640.000,132.000,92.000,1781.000,1548.000,1913.000,1640.000,1847.000,1594.000,132.000,92.000,0,1.000000,47.250000,33.975918,7.144167
1780475291.821012,,,BOARD_2,0,0,1781.000,1548.000,1913.000,1640.000,132.000,92.000,1781.000,1548.000,1913.000,1640.000,132.000,92.000,1781.000,1548.000,1913.000,1640.000,1847.000,1594.000,132.000,92.000,0,1.000000,47.250000,33.975918,7.144167
1780475292.288273,,,BOARD_2,0,0,1781.000,1548.000,1913.000,1640.000,132.000,92.000,1781.000,1548.000,1913.000,1640.000,132.000,92.000,1781.000,1548.000,1913.000,1640.000,1847.000,1594.000,132.000,92.000,0,1.000000,47.250000,33.975918,7.144167
1780475292.288273,,,BOARD_2,0,1,1731.000,1528.000,1979.000,1708.000,248.000,180.000,1731.000,1528.000,1979.000,1708.000,248.000,180.000,1731.000,1528.000,1979.000,1708.000,1855.000,1618.000,248.000,180.000,0,1.000000,25.150000,34.012376,7.034167
1780475292.521690,,,BOARD_2,0,0,1732.000,1532.000,1980.000,1712.000,248.000,180.000,1732.000,1532.000,1980.000,1712.000,248.000,180.000,1732.000,1532.000,1980.000,1712.000,1856.000,1622.000,248.000,180.000,0,1.000000,25.150000,34.016933,7.015833
1780475294.398505,,,BOARD_2,0,0,1734.000,1523.000,1982.000,1703.000,248.000,180.000,1734.000,1523.000,1982.000,1703.000,248.000,180.000,1734.000,1523.000,1982.000,1703.000,1858.000,1613.000,248.000,180.000,0,1.000000,25.150000,34.026048,7.057083
1780475294.942566,,,BOARD_2,0,0,1783.000,1567.000,1915.000,1659.000,132.000,92.000,1783.000,1567.000,1915.000,1659.000,132.000,92.000,1783.000,1567.000,1915.000,1659.000,1849.000,1613.000,132.000,92.000,0,1.000000,47.250000,33.985032,7.057083
1780475294.942566,,,BOARD_2,0,1,1782.000,1568.000,1914.000,1660.000,132.000,92.000,1782.000,1568.000,1914.000,1660.000,132.000,92.000,1782.000,1568.000,1914.000,1660.000,1848.000,1614.000,132.000,92.000,0,1.000000,47.250000,33.980475,7.052500
1780475295.506906,,,BOARD_2,0,0,1731.000,1533.000,1979.000,1713.000,248.000,180.000,1731.000,1533.000,1979.000,1713.000,248.000,180.000,1731.000,1533.000,1979.000,1713.000,1855.000,1623.000,248.000,180.000,0,1.000000,25.150000,34.012376,7.011250
1780475295.506906,,,BOARD_2,0,1,1732.000,1535.000,1980.000,1715.000,248.000,180.000,1732.000,1535.000,1980.000,1715.000,248.000,180.000,1732.000,1535.000,1980.000,1715.000,1856.000,1625.000,248.000,180.000,0,1.000000,25.150000,34.016933,7.002083
1780475296.003607,,,BOARD_2,0,0,1786.000,1569.000,1918.000,1661.000,132.000,92.000,1786.000,1569.000,1918.000,1661.000,132.000,92.000,1786.000,1569.000,1918.000,1661.000,1852.000,1615.000,132.000,92.000,0,1.000000,47.250000,33.998704,7.047917
1780475296.003607,,,BOARD_2,0,1,1786.000,1569.000,1918.000,1661.000,132.000,92.000,1786.000,1569.000,1918.000,1661.000,132.000,92.000,1786.000,1569.000,1918.000,1661.000,1852.000,1615.000,132.000,92.000,0,1.000000,47.250000,33.998704,7.047917
1780475296.557294,,,BOARD_2,0,0,1782.000,1572.000,1914.000,1664.000,132.000,92.000,1782.000,1572.000,1914.000,1664.000,132.000,92.000,1782.000,1572.000,1914.000,1664.000,1848.000,1618.000,132.000,92.000,0,1.000000,47.250000,33.980475,7.034167
1780475296.557294,,,BOARD_2,0,1,1781.000,1572.000,1913.000,1664.000,132.000,92.000,1781.000,1572.000,1913.000,1664.000,132.000,92.000,1781.000,1572.000,1913.000,1664.000,1847.000,1618.000,132.000,92.000,0,1.000000,47.250000,33.975918,7.034167
1780475297.359555,,,BOARD_2,0,0,1784.000,1569.000,1916.000,1661.000,132.000,92.000,1784.000,1569.000,1916.000,1661.000,132.000,92.000,1784.000,1569.000,1916.000,1661.000,1850.000,1615.000,132.000,92.000,0,1.000000,47.250000,33.989590,7.047917
1780475297.359555,,,BOARD_2,0,1,1784.000,1569.000,1916.000,1661.000,132.000,92.000,1784.000,1569.000,1916.000,1661.000,132.000,92.000,1784.000,1569.000,1916.000,1661.000,1850.000,1615.000,132.000,92.000,0,1.000000,47.250000,33.989590,7.047917
1780475297.706742,,,BOARD_2,0,0,1784.000,1568.000,1916.000,1660.000,132.000,92.000,1784.000,1568.000,1916.000,1660.000,132.000,92.000,1784.000,1568.000,1916.000,1660.000,1850.000,1614.000,132.000,92.000,0,1.000000,47.250000,33.989590,7.052500
1780475297.706742,,,BOARD_2,0,1,1780.000,1572.000,1912.000,1664.000,132.000,92.000,1780.000,1572.000,1912.000,1664.000,132.000,92.000,1780.000,1572.000,1912.000,1664.000,1846.000,1618.000,132.000,92.000,0,1.000000,47.250000,33.971360,7.034167
1780475297.923537,,,BOARD_2,0,0,1779.000,1572.000,1911.000,1664.000,132.000,92.000,1779.000,1572.000,1911.000,1664.000,132.000,92.000,1779.000,1572.000,1911.000,1664.000,1845.000,1618.000,132.000,92.000,0,1.000000,47.250000,33.966803,7.034167
1780475298.227568,,,BOARD_2,0,0,1779.000,1573.000,1911.000,1665.000,132.000,92.000,1779.000,1573.000,1911.000,1665.000,132.000,92.000,1779.000,1573.000,1911.000,1665.000,1845.000,1619.000,132.000,92.000,0,1.000000,47.250000,33.966803,7.029583
1780475298.227568,,,BOARD_2,0,1,1783.000,1569.000,1915.000,1661.000,132.000,92.000,1783.000,1569.000,1915.000,1661.000,132.000,92.000,1783.000,1569.000,1915.000,1661.000,1849.000,1615.000,132.000,92.000,0,1.000000,47.250000,33.985032,7.047917
1780475298.440017,,,BOARD_2,0,0,1783.000,1569.000,1915.000,1661.000,132.000,92.000,1783.000,1569.000,1915.000,1661.000,132.000,92.000,1783.000,1569.000,1915.000,1661.000,1849.000,1615.000,132.000,92.000,0,1.000000,47.250000,33.985032,7.047917
1780475298.741239,,,BOARD_2,0,0,1783.000,1568.000,1915.000,1660.000,132.000,92.000,1783.000,1568.000,1915.000,1660.000,132.000,92.000,1783.000,1568.000,1915.000,1660.000,1849.000,1614.000,132.000,92.000,0,1.000000,47.250000,33.985032,7.052500
1780475298.967309,,,BOARD_2,0,0,1779.000,1564.000,1911.000,1656.000,132.000,92.000,1779.000,1564.000,1911.000,1656.000,132.000,92.000,1779.000,1564.000,1911.000,1656.000,1845.000,1610.000,132.000,92.000,0,1.000000,47.250000,33.966803,7.070833
1780475299.265647,,,BOARD_2,0,0,1779.000,1563.000,1911.000,1655.000,132.000,92.000,1779.000,1563.000,1911.000,1655.000,132.000,92.000,1779.000,1563.000,1911.000,1655.000,1845.000,1609.000,132.000,92.000,0,1.000000,47.250000,33.966803,7.075417
1780475299.265647,,,BOARD_2,0,1,1783.000,1560.000,1915.000,1652.000,132.000,92.000,1783.000,1560.000,1915.000,1652.000,132.000,92.000,1783.000,1560.000,1915.000,1652.000,1849.000,1606.000,132.000,92.000,0,1.000000,47.250000,33.985032,7.089167
1780475299.512345,,,BOARD_2,0,0,1784.000,1559.000,1916.000,1651.000,132.000,92.000,1784.000,1559.000,1916.000,1651.000,132.000,92.000,1784.000,1559.000,1916.000,1651.000,1850.000,1605.000,132.000,92.000,0,1.000000,47.250000,33.989590,7.093750
1780475299.814063,,,BOARD_2,0,0,1785.000,1557.000,1917.000,1649.000,132.000,92.000,1785.000,1557.000,1917.000,1649.000,132.000,92.000,1785.000,1557.000,1917.000,1649.000,1851.000,1603.000,132.000,92.000,0,1.000000,47.250000,33.994147,7.102917
1780475299.814063,,,BOARD_2,0,1,1799.000,1489.000,1919.000,1733.000,120.000,244.000,1799.000,1489.000,1919.000,1733.000,120.000,244.000,1799.000,1489.000,1919.000,1733.000,1859.000,1611.000,120.000,244.000,0,1.000000,51.980000,34.030605,7.066250
1780475300.108641,,,BOARD_2,0,0,1801.000,1489.000,1921.000,1733.000,120.000,244.000,1801.000,1489.000,1921.000,1733.000,120.000,244.000,1801.000,1489.000,1921.000,1733.000,1861.000,1611.000,120.000,244.000,0,1.000000,51.980000,34.039720,7.066250
1780475300.494805,,,BOARD_2,0,0,1803.000,1489.000,1923.000,1733.000,120.000,244.000,1803.000,1489.000,1923.000,1733.000,120.000,244.000,1803.000,1489.000,1923.000,1733.000,1863.000,1611.000,120.000,244.000,0,1.000000,51.980000,34.048834,7.066250
1780475300.494805,,,BOARD_2,0,1,1753.000,1569.000,1885.000,1661.000,132.000,92.000,1753.000,1569.000,1885.000,1661.000,132.000,92.000,1753.000,1569.000,1885.000,1661.000,1819.000,1615.000,132.000,92.000,0,1.000000,47.250000,33.848314,7.047917
1780475300.798040,,,BOARD_2,0,0,1747.000,1570.000,1879.000,1662.000,132.000,92.000,1747.000,1570.000,1879.000,1662.000,132.000,92.000,1747.000,1570.000,1879.000,1662.000,1813.000,1616.000,132.000,92.000,0,1.000000,47.250000,33.820970,7.043333
1780475304.271855,,,BOARD_2,0,0,1506.000,1776.000,1570.000,1896.000,64.000,120.000,1506.000,1776.000,1570.000,1896.000,64.000,120.000,1506.000,1776.000,1570.000,1896.000,1538.000,1836.000,64.000,120.000,0,1.000000,97.460000,32.567715,6.035000
1780475304.271855,,,BOARD_2,0,1,1495.000,1785.000,1559.000,1905.000,64.000,120.000,1495.000,1785.000,1559.000,1905.000,64.000,120.000,1495.000,1785.000,1559.000,1905.000,1527.000,1845.000,64.000,120.000,0,1.000000,97.460000,32.517584,5.993750
1780475304.790591,,,BOARD_2,0,0,1488.000,1792.000,1552.000,1912.000,64.000,120.000,1488.000,1792.000,1552.000,1912.000,64.000,120.000,1488.000,1792.000,1552.000,1912.000,1520.000,1852.000,64.000,120.000,0,1.000000,97.460000,32.485683,5.961667
1780475304.790591,,,BOARD_2,0,1,1480.000,1799.000,1544.000,1919.000,64.000,120.000,1480.000,1799.000,1544.000,1919.000,64.000,120.000,1480.000,1799.000,1544.000,1919.000,1512.000,1859.000,64.000,120.000,0,1.000000,97.460000,32.449225,5.929583
1780475305.367362,,,BOARD_2,0,0,1387.000,1790.000,1635.000,1970.000,248.000,180.000,1387.000,1790.000,1635.000,1970.000,248.000,180.000,1387.000,1790.000,1635.000,1970.000,1511.000,1880.000,248.000,180.000,0,1.000000,25.150000,32.444668,5.833333
1780475305.367362,,,BOARD_2,0,1,1382.000,1798.000,1630.000,1978.000,248.000,180.000,1382.000,1798.000,1630.000,1978.000,248.000,180.000,1382.000,1798.000,1630.000,1978.000,1506.000,1888.000,248.000,180.000,0,1.000000,25.150000,32.421881,5.796667
1780475305.922876,,,BOARD_2,0,0,1368.000,1806.000,1616.000,1986.000,248.000,180.000,1368.000,1806.000,1616.000,1986.000,248.000,180.000,1368.000,1806.000,1616.000,1986.000,1492.000,1896.000,248.000,180.000,0,1.000000,25.150000,32.358079,5.760000
1780475305.922876,,,BOARD_2,0,1,1362.000,1813.000,1610.000,1993.000,248.000,180.000,1362.000,1813.000,1610.000,1993.000,248.000,180.000,1362.000,1813.000,1610.000,1993.000,1486.000,1903.000,248.000,180.000,0,1.000000,25.150000,32.330735,5.727917
1780475306.629502,,,BOARD_2,0,0,1364.000,1822.000,1612.000,2002.000,248.000,180.000,1364.000,1822.000,1612.000,2002.000,248.000,180.000,1364.000,1822.000,1612.000,2002.000,1488.000,1912.000,248.000,180.000,0,1.000000,25.150000,32.339850,5.686667
1780475306.629502,,,BOARD_2,0,1,1361.000,1828.000,1609.000,2008.000,248.000,180.000,1361.000,1828.000,1609.000,2008.000,248.000,180.000,1361.000,1828.000,1609.000,2008.000,1485.000,1918.000,248.000,180.000,0,1.000000,25.150000,32.326178,5.659167
1780475307.198009,,,BOARD_2,0,0,1437.000,1848.000,1501.000,1968.000,64.000,120.000,1437.000,1848.000,1501.000,1968.000,64.000,120.000,1437.000,1848.000,1501.000,1968.000,1469.000,1908.000,64.000,120.000,0,1.000000,97.460000,32.253261,5.705000
1780475307.198009,,,BOARD_2,0,1,1432.000,1850.000,1496.000,1970.000,64.000,120.000,1432.000,1850.000,1496.000,1970.000,64.000,120.000,1432.000,1850.000,1496.000,1970.000,1464.000,1910.000,64.000,120.000,0,1.000000,97.460000,32.230475,5.695833
1780475307.795854,,,BOARD_2,0,0,1405.000,1870.000,1537.000,1962.000,132.000,92.000,1405.000,1870.000,1537.000,1962.000,132.000,92.000,1405.000,1870.000,1537.000,1962.000,1471.000,1916.000,132.000,92.000,0,1.000000,47.250000,32.262376,5.668333
1780475307.795854,,,BOARD_2,0,1,1403.000,1872.000,1535.000,1964.000,132.000,92.000,1403.000,1872.000,1535.000,1964.000,132.000,92.000,1403.000,1872.000,1535.000,1964.000,1469.000,1918.000,132.000,92.000,0,1.000000,47.250000,32.253261,5.659167
1780475319.511938,,,BOARD_2,0,0,1407.000,1378.000,1539.000,1469.000,132.000,91.000,1407.000,1378.000,1539.000,1469.000,132.000,91.000,1407.000,1378.000,1539.000,1469.000,1473.000,1423.500,132.000,91.000,0,1.000000,47.250000,32.271491,7.925625
1780475319.511938,,,BOARD_2,0,1,1407.000,1378.000,1539.000,1469.000,132.000,91.000,1407.000,1378.000,1539.000,1469.000,132.000,91.000,1407.000,1378.000,1539.000,1469.000,1473.000,1423.500,132.000,91.000,0,1.000000,47.250000,32.271491,7.925625
1780475320.099760,,,BOARD_2,0,0,1438.000,1360.000,1502.000,1480.000,64.000,120.000,1438.000,1360.000,1502.000,1480.000,64.000,120.000,1438.000,1360.000,1502.000,1480.000,1470.000,1420.000,64.000,120.000,0,1.000000,97.460000,32.257819,7.941667
1780475320.099760,,,BOARD_2,0,1,1438.000,1360.000,1502.000,1480.000,64.000,120.000,1438.000,1360.000,1502.000,1480.000,64.000,120.000,1438.000,1360.000,1502.000,1480.000,1470.000,1420.000,64.000,120.000,0,1.000000,97.460000,32.257819,7.941667
1780475320.568826,,,BOARD_2,0,0,1437.000,1359.000,1501.000,1479.000,64.000,120.000,1437.000,1359.000,1501.000,1479.000,64.000,120.000,1437.000,1359.000,1501.000,1479.000,1469.000,1419.000,64.000,120.000,0,1.000000,97.460000,32.253261,7.946250
1780475320.802539,,,BOARD_2,0,0,1353.000,1337.000,1601.000,1517.000,248.000,180.000,1353.000,1337.000,1601.000,1517.000,248.000,180.000,1353.000,1337.000,1601.000,1517.000,1477.000,1427.000,248.000,180.000,0,1.000000,25.150000,32.289720,7.909583
1780475320.802539,,,BOARD_2,0,1,1354.000,1338.000,1602.000,1518.000,248.000,180.000,1354.000,1338.000,1602.000,1518.000,248.000,180.000,1354.000,1338.000,1602.000,1518.000,1478.000,1428.000,248.000,180.000,0,1.000000,25.150000,32.294277,7.905000
1780475321.736454,,,BOARD_2,0,0,1401.000,1371.000,1533.000,1463.000,132.000,92.000,1401.000,1371.000,1533.000,1463.000,132.000,92.000,1401.000,1371.000,1533.000,1463.000,1467.000,1417.000,132.000,92.000,0,1.000000,47.250000,32.244147,7.955417
1780475322.021110,,,BOARD_2,0,0,1400.000,1370.000,1532.000,1462.000,132.000,92.000,1400.000,1370.000,1532.000,1462.000,132.000,92.000,1400.000,1370.000,1532.000,1462.000,1466.000,1416.000,132.000,92.000,0,1.000000,47.250000,32.239590,7.960000
1780475322.446153,,,BOARD_2,0,0,1398.000,1368.000,1530.000,1460.000,132.000,92.000,1398.000,1368.000,1530.000,1460.000,132.000,92.000,1398.000,1368.000,1530.000,1460.000,1464.000,1414.000,132.000,92.000,0,1.000000,47.250000,32.230475,7.969167
1780475322.446153,,,BOARD_2,0,1,1402.000,1372.000,1534.000,1463.000,132.000,91.000,1402.000,1372.000,1534.000,1463.000,132.000,91.000,1402.000,1372.000,1534.000,1463.000,1468.000,1417.500,132.000,91.000,0,1.000000,47.250000,32.248704,7.953125
1780475322.697095,,,BOARD_2,0,0,1402.000,1371.000,1534.000,1462.000,132.000,91.000,1402.000,1371.000,1534.000,1462.000,132.000,91.000,1402.000,1371.000,1534.000,1462.000,1468.000,1416.500,132.000,91.000,0,1.000000,47.250000,32.248704,7.957708
1780475323.118467,,,BOARD_2,0,0,1401.000,1371.000,1533.000,1462.000,132.000,91.000,1401.000,1371.000,1533.000,1462.000,132.000,91.000,1401.000,1371.000,1533.000,1462.000,1467.000,1416.500,132.000,91.000,0,1.000000,47.250000,32.244147,7.957708
1780475323.118467,,,BOARD_2,0,1,1405.000,1366.000,1537.000,1457.000,132.000,91.000,1405.000,1366.000,1537.000,1457.000,132.000,91.000,1405.000,1366.000,1537.000,1457.000,1471.000,1411.500,132.000,91.000,0,1.000000,47.250000,32.262376,7.980625
1780475323.429806,,,BOARD_2,0,0,1405.000,1365.000,1537.000,1456.000,132.000,91.000,1405.000,1365.000,1537.000,1456.000,132.000,91.000,1405.000,1365.000,1537.000,1456.000,1471.000,1410.500,132.000,91.000,0,1.000000,47.250000,32.262376,7.985208
1780475323.674472,,,BOARD_2,0,0,1406.000,1363.000,1538.000,1454.000,132.000,91.000,1406.000,1363.000,1538.000,1454.000,132.000,91.000,1406.000,1363.000,1538.000,1454.000,1472.000,1408.500,132.000,91.000,0,1.000000,47.250000,32.266933,7.994375
1780475323.674472,,,BOARD_2,0,1,1402.000,1374.000,1534.000,1465.000,132.000,91.000,1402.000,1374.000,1534.000,1465.000,132.000,91.000,1402.000,1374.000,1534.000,1465.000,1468.000,1419.500,132.000,91.000,0,1.000000,47.250000,32.248704,7.943958
1780475323.901674,,,BOARD_2,0,0,1402.000,1375.000,1534.000,1466.000,132.000,91.000,1402.000,1375.000,1534.000,1466.000,132.000,91.000,1402.000,1375.000,1534.000,1466.000,1468.000,1420.500,132.000,91.000,0,1.000000,47.250000,32.248704,7.939375
1780475324.271222,,,BOARD_2,0,0,1401.000,1376.000,1533.000,1467.000,132.000,91.000,1401.000,1376.000,1533.000,1467.000,132.000,91.000,1401.000,1376.000,1533.000,1467.000,1467.000,1421.500,132.000,91.000,0,1.000000,47.250000,32.244147,7.934792
1780475324.487600,,,BOARD_2,0,0,1405.000,1372.000,1537.000,1463.000,132.000,91.000,1405.000,1372.000,1537.000,1463.000,132.000,91.000,1405.000,1372.000,1537.000,1463.000,1471.000,1417.500,132.000,91.000,0,1.000000,47.250000,32.262376,7.953125
1780475324.487600,,,BOARD_2,0,1,1405.000,1372.000,1537.000,1463.000,132.000,91.000,1405.000,1372.000,1537.000,1463.000,132.000,91.000,1405.000,1372.000,1537.000,1463.000,1471.000,1417.500,132.000,91.000,0,1.000000,47.250000,32.262376,7.953125
1780475324.982789,,,BOARD_2,0,0,1406.000,1372.000,1538.000,1463.000,132.000,91.000,1406.000,1372.000,1538.000,1463.000,132.000,91.000,1406.000,1372.000,1538.000,1463.000,1472.000,1417.500,132.000,91.000,0,1.000000,47.250000,32.266933,7.953125
1780475324.982789,,,BOARD_2,0,1,1402.000,1376.000,1534.000,1467.000,132.000,91.000,1402.000,1376.000,1534.000,1467.000,132.000,91.000,1402.000,1376.000,1534.000,1467.000,1468.000,1421.500,132.000,91.000,0,1.000000,47.250000,32.248704,7.934792
1780475325.259141,,,BOARD_2,0,0,1402.000,1377.000,1534.000,1468.000,132.000,91.000,1402.000,1377.000,1534.000,1468.000,132.000,91.000,1402.000,1377.000,1534.000,1468.000,1468.000,1422.500,132.000,91.000,0,1.000000,47.250000,32.248704,7.930208
1780475325.548765,,,BOARD_2,0,0,1401.000,1377.000,1533.000,1468.000,132.000,91.000,1401.000,1377.000,1533.000,1468.000,132.000,91.000,1401.000,1377.000,1533.000,1468.000,1467.000,1422.500,132.000,91.000,0,1.000000,47.250000,32.244147,7.930208
1780475325.548765,,,BOARD_2,0,1,1405.000,1380.000,1537.000,1471.000,132.000,91.000,1405.000,1380.000,1537.000,1471.000,132.000,91.000,1405.000,1380.000,1537.000,1471.000,1471.000,1425.500,132.000,91.000,0,1.000000,47.250000,32.262376,7.916458
1780475325.808937,,,BOARD_2,0,0,1405.000,1381.000,1537.000,1472.000,132.000,91.000,1405.000,1381.000,1537.000,1472.000,132.000,91.000,1405.000,1381.000,1537.000,1472.000,1471.000,1426.500,132.000,91.000,0,1.000000,47.250000,32.262376,7.911875
1780475326.124290,,,BOARD_2,0,0,1406.000,1382.000,1538.000,1473.000,132.000,91.000,1406.000,1382.000,1538.000,1473.000,132.000,91.000,1406.000,1382.000,1538.000,1473.000,1472.000,1427.500,132.000,91.000,0,1.000000,47.250000,32.266933,7.907292
1780475326.124290,,,BOARD_2,0,1,1402.000,1378.000,1534.000,1469.000,132.000,91.000,1402.000,1378.000,1534.000,1469.000,132.000,91.000,1402.000,1378.000,1534.000,1469.000,1468.000,1423.500,132.000,91.000,0,1.000000,47.250000,32.248704,7.925625
1780475326.426747,,,BOARD_2,0,0,1402.000,1378.000,1534.000,1469.000,132.000,91.000,1402.000,1378.000,1534.000,1469.000,132.000,91.000,1402.000,1378.000,1534.000,1469.000,1468.000,1423.500,132.000,91.000,0,1.000000,47.250000,32.248704,7.925625
1780475326.713652,,,BOARD_2,0,0,1401.000,1378.000,1533.000,1469.000,132.000,91.000,1401.000,1378.000,1533.000,1469.000,132.000,91.000,1401.000,1378.000,1533.000,1469.000,1467.000,1423.500,132.000,91.000,0,1.000000,47.250000,32.244147,7.925625
1780475326.713652,,,BOARD_2,0,1,1405.000,1382.000,1537.000,1474.000,132.000,92.000,1405.000,1382.000,1537.000,1474.000,132.000,92.000,1405.000,1382.000,1537.000,1474.000,1471.000,1428.000,132.000,92.000,0,1.000000,47.250000,32.262376,7.905000
1780475326.962765,,,BOARD_2,0,0,1405.000,1383.000,1537.000,1475.000,132.000,92.000,1405.000,1383.000,1537.000,1475.000,132.000,92.000,1405.000,1383.000,1537.000,1475.000,1471.000,1429.000,132.000,92.000,0,1.000000,47.250000,32.262376,7.900417
1780475327.221431,,,BOARD_2,0,0,1406.000,1384.000,1538.000,1476.000,132.000,92.000,1406.000,1384.000,1538.000,1476.000,132.000,92.000,1406.000,1384.000,1538.000,1476.000,1472.000,1430.000,132.000,92.000,0,1.000000,47.250000,32.266933,7.895833
1780475327.221431,,,BOARD_2,0,1,1410.000,1388.000,1542.000,1479.000,132.000,91.000,1410.000,1388.000,1542.000,1479.000,132.000,91.000,1410.000,1388.000,1542.000,1479.000,1476.000,1433.500,132.000,91.000,0,1.000000,47.250000,32.285162,7.879792
1780475327.457234,,,BOARD_2,0,0,1411.000,1389.000,1543.000,1480.000,132.000,91.000,1411.000,1389.000,1543.000,1480.000,132.000,91.000,1411.000,1389.000,1543.000,1480.000,1477.000,1434.500,132.000,91.000,0,1.000000,47.250000,32.289720,7.875208
1780475327.840261,,,BOARD_2,0,0,1412.000,1391.000,1544.000,1482.000,132.000,91.000,1412.000,1391.000,1544.000,1482.000,132.000,91.000,1412.000,1391.000,1544.000,1482.000,1478.000,1436.500,132.000,91.000,0,1.000000,47.250000,32.294277,7.866042
1780475327.840261,,,BOARD_2,0,1,1408.000,1394.000,1540.000,1485.000,132.000,91.000,1408.000,1394.000,1540.000,1485.000,132.000,91.000,1408.000,1394.000,1540.000,1485.000,1474.000,1439.500,132.000,91.000,0,1.000000,47.250000,32.276048,7.852292
1780475328.063793,,,BOARD_2,0,0,1408.000,1396.000,1540.000,1487.000,132.000,91.000,1408.000,1396.000,1540.000,1487.000,132.000,91.000,1408.000,1396.000,1540.000,1487.000,1474.000,1441.500,132.000,91.000,0,1.000000,47.250000,32.276048,7.843125
1780475328.401923,,,BOARD_2,0,0,1408.000,1397.000,1540.000,1488.000,132.000,91.000,1408.000,1397.000,1540.000,1488.000,132.000,91.000,1408.000,1397.000,1540.000,1488.000,1474.000,1442.500,132.000,91.000,0,1.000000,47.250000,32.276048,7.838542
1780475328.651037,,,BOARD_2,0,0,1404.000,1392.000,1536.000,1483.000,132.000,91.000,1404.000,1392.000,1536.000,1483.000,132.000,91.000,1404.000,1392.000,1536.000,1483.000,1470.000,1437.500,132.000,91.000,0,1.000000,47.250000,32.257819,7.861458
1780475328.651037,,,BOARD_2,0,1,1403.000,1392.000,1535.000,1483.000,132.000,91.000,1403.000,1392.000,1535.000,1483.000,132.000,91.000,1403.000,1392.000,1535.000,1483.000,1469.000,1437.500,132.000,91.000,0,1.000000,47.250000,32.253261,7.861458
1780475329.015828,,,BOARD_2,0,0,1403.000,1393.000,1535.000,1484.000,132.000,91.000,1403.000,1393.000,1535.000,1484.000,132.000,91.000,1403.000,1393.000,1535.000,1484.000,1469.000,1438.500,132.000,91.000,0,1.000000,47.250000,32.253261,7.856875
1780475329.302490,,,BOARD_2,0,0,1407.000,1396.000,1539.000,1487.000,132.000,91.000,1407.000,1396.000,1539.000,1487.000,132.000,91.000,1407.000,1396.000,1539.000,1487.000,1473.000,1441.500,132.000,91.000,0,1.000000,47.250000,32.271491,7.843125
1780475329.580497,,,BOARD_2,0,0,1407.000,1397.000,1539.000,1488.000,132.000,91.000,1407.000,1397.000,1539.000,1488.000,132.000,91.000,1407.000,1397.000,1539.000,1488.000,1473.000,1442.500,132.000,91.000,0,1.000000,47.250000,32.271491,7.838542
1780475329.580497,,,BOARD_2,0,1,1403.000,1400.000,1535.000,1491.000,132.000,91.000,1403.000,1400.000,1535.000,1491.000,132.000,91.000,1403.000,1400.000,1535.000,1491.000,1469.000,1445.500,132.000,91.000,0,1.000000,47.250000,32.253261,7.824792
1780475329.869580,,,BOARD_2,0,0,1402.000,1401.000,1534.000,1492.000,132.000,91.000,1402.000,1401.000,1534.000,1492.000,132.000,91.000,1402.000,1401.000,1534.000,1492.000,1468.000,1446.500,132.000,91.000,0,1.000000,47.250000,32.248704,7.820208
1780475330.269896,,,BOARD_2,0,0,1401.000,1403.000,1533.000,1494.000,132.000,91.000,1401.000,1403.000,1533.000,1494.000,132.000,91.000,1401.000,1403.000,1533.000,1494.000,1467.000,1448.500,132.000,91.000,0,1.000000,47.250000,32.244147,7.811042
1780475330.269896,,,BOARD_2,0,1,1405.000,1398.000,1537.000,1489.000,132.000,91.000,1405.000,1398.000,1537.000,1489.000,132.000,91.000,1405.000,1398.000,1537.000,1489.000,1471.000,1443.500,132.000,91.000,0,1.000000,47.250000,32.262376,7.833958
1780475330.486167,,,BOARD_2,0,0,1405.000,1398.000,1537.000,1489.000,132.000,91.000,1405.000,1398.000,1537.000,1489.000,132.000,91.000,1405.000,1398.000,1537.000,1489.000,1471.000,1443.500,132.000,91.000,0,1.000000,47.250000,32.262376,7.833958
1780475330.746252,,,BOARD_2,0,0,1405.000,1399.000,1537.000,1490.000,132.000,91.000,1405.000,1399.000,1537.000,1490.000,132.000,91.000,1405.000,1399.000,1537.000,1490.000,1471.000,1444.500,132.000,91.000,0,1.000000,47.250000,32.262376,7.829375
1780475330.746252,,,BOARD_2,0,1,1409.000,1394.000,1541.000,1485.000,132.000,91.000,1409.000,1394.000,1541.000,1485.000,132.000,91.000,1409.000,1394.000,1541.000,1485.000,1475.000,1439.500,132.000,91.000,0,1.000000,47.250000,32.280605,7.852292
1780475330.986099,,,BOARD_2,0,0,1410.000,1393.000,1542.000,1484.000,132.000,91.000,1410.000,1393.000,1542.000,1484.000,132.000,91.000,1410.000,1393.000,1542.000,1484.000,1476.000,1438.500,132.000,91.000,0,1.000000,47.250000,32.285162,7.856875
1780475331.428461,,,BOARD_2,0,0,1410.000,1393.000,1542.000,1484.000,132.000,91.000,1410.000,1393.000,1542.000,1484.000,132.000,91.000,1410.000,1393.000,1542.000,1484.000,1476.000,1438.500,132.000,91.000,0,1.000000,47.250000,32.285162,7.856875
1780475331.428461,,,BOARD_2,0,1,1406.000,1388.000,1538.000,1479.000,132.000,91.000,1406.000,1388.000,1538.000,1479.000,132.000,91.000,1406.000,1388.000,1538.000,1479.000,1472.000,1433.500,132.000,91.000,0,1.000000,47.250000,32.266933,7.879792
1780475331.648306,,,BOARD_2,0,0,1406.000,1387.000,1538.000,1478.000,132.000,91.000,1406.000,1387.000,1538.000,1478.000,132.000,91.000,1406.000,1387.000,1538.000,1478.000,1472.000,1432.500,132.000,91.000,0,1.000000,47.250000,32.266933,7.884375
1780475332.015770,,,BOARD_2,0,0,1406.000,1385.000,1538.000,1476.000,132.000,91.000,1406.000,1385.000,1538.000,1476.000,132.000,91.000,1406.000,1385.000,1538.000,1476.000,1472.000,1430.500,132.000,91.000,0,1.000000,47.250000,32.266933,7.893542
1780475332.015770,,,BOARD_2,0,1,1402.000,1380.000,1534.000,1471.000,132.000,91.000,1402.000,1380.000,1534.000,1471.000,132.000,91.000,1402.000,1380.000,1534.000,1471.000,1468.000,1425.500,132.000,91.000,0,1.000000,47.250000,32.248704,7.916458
1780475332.350319,,,BOARD_2,0,0,1401.000,1378.000,1533.000,1469.000,132.000,91.000,1401.000,1378.000,1533.000,1469.000,132.000,91.000,1401.000,1378.000,1533.000,1469.000,1467.000,1423.500,132.000,91.000,0,1.000000,47.250000,32.244147,7.925625
1780475332.631046,,,BOARD_2,0,0,1400.000,1376.000,1532.000,1467.000,132.000,91.000,1400.000,1376.000,1532.000,1467.000,132.000,91.000,1400.000,1376.000,1532.000,1467.000,1466.000,1421.500,132.000,91.000,0,1.000000,47.250000,32.239590,7.934792
1780475332.631046,,,BOARD_2,0,1,1404.000,1372.000,1536.000,1464.000,132.000,92.000,1404.000,1372.000,1536.000,1464.000,132.000,92.000,1404.000,1372.000,1536.000,1464.000,1470.000,1418.000,132.000,92.000,0,1.000000,47.250000,32.257819,7.950833
1780475332.873209,,,BOARD_2,0,0,1404.000,1370.000,1536.000,1462.000,132.000,92.000,1404.000,1370.000,1536.000,1462.000,132.000,92.000,1404.000,1370.000,1536.000,1462.000,1470.000,1416.000,132.000,92.000,0,1.000000,47.250000,32.257819,7.960000
1780475333.138536,,,BOARD_2,0,0,1404.000,1367.000,1536.000,1459.000,132.000,92.000,1404.000,1367.000,1536.000,1459.000,132.000,92.000,1404.000,1367.000,1536.000,1459.000,1470.000,1413.000,132.000,92.000,0,1.000000,47.250000,32.257819,7.973750
1780475333.364396,,,BOARD_2,0,0,1408.000,1371.000,1540.000,1462.000,132.000,91.000,1408.000,1371.000,1540.000,1462.000,132.000,91.000,1408.000,1371.000,1540.000,1462.000,1474.000,1416.500,132.000,91.000,0,1.000000,47.250000,32.276048,7.957708
1780475333.777180,,,BOARD_2,0,0,1409.000,1370.000,1541.000,1461.000,132.000,91.000,1409.000,1370.000,1541.000,1461.000,132.000,91.000,1409.000,1370.000,1541.000,1461.000,1475.000,1415.500,132.000,91.000,0,1.000000,47.250000,32.280605,7.962292
1780475333.777180,,,BOARD_2,0,1,1358.000,1334.000,1606.000,1514.000,248.000,180.000,1358.000,1334.000,1606.000,1514.000,248.000,180.000,1358.000,1334.000,1606.000,1514.000,1482.000,1424.000,248.000,180.000,0,1.000000,25.150000,32.312506,7.923333
1780475334.058401,,,BOARD_2,0,0,1360.000,1336.000,1608.000,1516.000,248.000,180.000,1360.000,1336.000,1608.000,1516.000,248.000,180.000,1360.000,1336.000,1608.000,1516.000,1484.000,1426.000,248.000,180.000,0,1.000000,25.150000,32.321621,7.914167
1780475334.479746,,,BOARD_2,0,0,1363.000,1337.000,1611.000,1517.000,248.000,180.000,1363.000,1337.000,1611.000,1517.000,248.000,180.000,1363.000,1337.000,1611.000,1517.000,1487.000,1427.000,248.000,180.000,0,1.000000,25.150000,32.335293,7.909583
1780475334.479746,,,BOARD_2,0,1,1409.000,1369.000,1541.000,1460.000,132.000,91.000,1409.000,1369.000,1541.000,1460.000,132.000,91.000,1409.000,1369.000,1541.000,1460.000,1475.000,1414.500,132.000,91.000,0,1.000000,47.250000,32.280605,7.966875
1780475334.711784,,,BOARD_2,0,0,1409.000,1368.000,1541.000,1459.000,132.000,91.000,1409.000,1368.000,1541.000,1459.000,132.000,91.000,1409.000,1368.000,1541.000,1459.000,1475.000,1413.500,132.000,91.000,0,1.000000,47.250000,32.280605,7.971458
1780475335.339068,,,BOARD_2,0,0,1439.000,1356.000,1503.000,1476.000,64.000,120.000,1439.000,1356.000,1503.000,1476.000,64.000,120.000,1439.000,1356.000,1503.000,1476.000,1471.000,1416.000,64.000,120.000,0,1.000000,97.460000,32.262376,7.960000
1780475335.339068,,,BOARD_2,0,1,1438.000,1356.000,1502.000,1476.000,64.000,120.000,1438.000,1356.000,1502.000,1476.000,64.000,120.000,1438.000,1356.000,1502.000,1476.000,1470.000,1416.000,64.000,120.000,0,1.000000,97.460000,32.257819,7.960000
1780475335.803551,,,BOARD_2,0,0,1437.000,1356.000,1501.000,1476.000,64.000,120.000,1437.000,1356.000,1501.000,1476.000,64.000,120.000,1437.000,1356.000,1501.000,1476.000,1469.000,1416.000,64.000,120.000,0,1.000000,97.460000,32.253261,7.960000
1780475335.803551,,,BOARD_2,0,1,1441.000,1360.000,1505.000,1480.000,64.000,120.000,1441.000,1360.000,1505.000,1480.000,64.000,120.000,1441.000,1360.000,1505.000,1480.000,1473.000,1420.000,64.000,120.000,0,1.000000,97.460000,32.271491,7.941667
1780475336.052550,,,BOARD_2,0,0,1441.000,1361.000,1505.000,1481.000,64.000,120.000,1441.000,1361.000,1505.000,1481.000,64.000,120.000,1441.000,1361.000,1505.000,1481.000,1473.000,1421.000,64.000,120.000,0,1.000000,97.460000,32.271491,7.937083
1780475336.466668,,,BOARD_2,0,0,1441.000,1361.000,1505.000,1481.000,64.000,120.000,1441.000,1361.000,1505.000,1481.000,64.000,120.000,1441.000,1361.000,1505.000,1481.000,1473.000,1421.000,64.000,120.000,0,1.000000,97.460000,32.271491,7.937083
1780475336.466668,,,BOARD_2,0,1,1411.000,1379.000,1543.000,1470.000,132.000,91.000,1411.000,1379.000,1543.000,1470.000,132.000,91.000,1411.000,1379.000,1543.000,1470.000,1477.000,1424.500,132.000,91.000,0,1.000000,47.250000,32.289720,7.921042
1780475336.741281,,,BOARD_2,0,0,1412.000,1380.000,1544.000,1471.000,132.000,91.000,1412.000,1380.000,1544.000,1471.000,132.000,91.000,1412.000,1380.000,1544.000,1471.000,1478.000,1425.500,132.000,91.000,0,1.000000,47.250000,32.294277,7.916458
1780475337.015966,,,BOARD_2,0,0,1412.000,1381.000,1544.000,1472.000,132.000,91.000,1412.000,1381.000,1544.000,1472.000,132.000,91.000,1412.000,1381.000,1544.000,1472.000,1478.000,1426.500,132.000,91.000,0,1.000000,47.250000,32.294277,7.911875
1780475337.015966,,,BOARD_2,0,1,1408.000,1384.000,1540.000,1475.000,132.000,91.000,1408.000,1384.000,1540.000,1475.000,132.000,91.000,1408.000,1384.000,1540.000,1475.000,1474.000,1429.500,132.000,91.000,0,1.000000,47.250000,32.276048,7.898125
1780475337.248286,,,BOARD_2,0,0,1408.000,1385.000,1540.000,1476.000,132.000,91.000,1408.000,1385.000,1540.000,1476.000,132.000,91.000,1408.000,1385.000,1540.000,1476.000,1474.000,1430.500,132.000,91.000,0,1.000000,47.250000,32.276048,7.893542
1780475337.563749,,,BOARD_2,0,0,1408.000,1387.000,1540.000,1478.000,132.000,91.000,1408.000,1387.000,1540.000,1478.000,132.000,91.000,1408.000,1387.000,1540.000,1478.000,1474.000,1432.500,132.000,91.000,0,1.000000,47.250000,32.276048,7.884375
1780475337.563749,,,BOARD_2,0,1,1404.000,1382.000,1536.000,1474.000,132.000,92.000,1404.000,1382.000,1536.000,1474.000,132.000,92.000,1404.000,1382.000,1536.000,1474.000,1470.000,1428.000,132.000,92.000,0,1.000000,47.250000,32.257819,7.905000
1780475337.812078,,,BOARD_2,0,0,1403.000,1382.000,1535.000,1474.000,132.000,92.000,1403.000,1382.000,1535.000,1474.000,132.000,92.000,1403.000,1382.000,1535.000,1474.000,1469.000,1428.000,132.000,92.000,0,1.000000,47.250000,32.253261,7.905000
1780475338.094451,,,BOARD_2,0,0,1402.000,1383.000,1534.000,1475.000,132.000,92.000,1402.000,1383.000,1534.000,1475.000,132.000,92.000,1402.000,1383.000,1534.000,1475.000,1468.000,1429.000,132.000,92.000,0,1.000000,47.250000,32.248704,7.900417
1780475338.094451,,,BOARD_2,0,1,1440.000,1373.000,1504.000,1492.000,64.000,119.000,1440.000,1373.000,1504.000,1492.000,64.000,119.000,1440.000,1373.000,1504.000,1492.000,1472.000,1432.500,64.000,119.000,0,1.000000,97.460000,32.266933,7.884375
1780475338.318085,,,BOARD_2,0,0,1440.000,1374.000,1504.000,1493.000,64.000,119.000,1440.000,1374.000,1504.000,1493.000,64.000,119.000,1440.000,1374.000,1504.000,1493.000,1472.000,1433.500,64.000,119.000,0,1.000000,97.460000,32.266933,7.879792
1780475338.570842,,,BOARD_2,0,0,1440.000,1375.000,1504.000,1494.000,64.000,119.000,1440.000,1375.000,1504.000,1494.000,64.000,119.000,1440.000,1375.000,1504.000,1494.000,1472.000,1434.500,64.000,119.000,0,1.000000,97.460000,32.266933,7.875208
1780475338.570842,,,BOARD_2,0,1,1356.000,1352.000,1604.000,1532.000,248.000,180.000,1356.000,1352.000,1604.000,1532.000,248.000,180.000,1356.000,1352.000,1604.000,1532.000,1480.000,1442.000,248.000,180.000,0,1.000000,25.150000,32.303392,7.840833
1780475338.825039,,,BOARD_2,0,0,1357.000,1354.000,1605.000,1534.000,248.000,180.000,1357.000,1354.000,1605.000,1534.000,248.000,180.000,1357.000,1354.000,1605.000,1534.000,1481.000,1444.000,248.000,180.000,0,1.000000,25.150000,32.307949,7.831667
1780475339.158597,,,BOARD_2,0,0,1359.000,1356.000,1607.000,1536.000,248.000,180.000,1359.000,1356.000,1607.000,1536.000,248.000,180.000,1359.000,1356.000,1607.000,1536.000,1483.000,1446.000,248.000,180.000,0,1.000000,25.150000,32.317064,7.822500
1780475339.158597,,,BOARD_2,0,1,1439.000,1374.000,1503.000,1494.000,64.000,120.000,1439.000,1374.000,1503.000,1494.000,64.000,120.000,1439.000,1374.000,1503.000,1494.000,1471.000,1434.000,64.000,120.000,0,1.000000,97.460000,32.262376,7.877500
1780475339.458904,,,BOARD_2,0,0,1438.000,1374.000,1502.000,1494.000,64.000,120.000,1438.000,1374.000,1502.000,1494.000,64.000,120.000,1438.000,1374.000,1502.000,1494.000,1470.000,1434.000,64.000,120.000,0,1.000000,97.460000,32.257819,7.877500
1780475339.926557,,,BOARD_2,0,0,1407.000,1391.000,1539.000,1483.000,132.000,92.000,1407.000,1391.000,1539.000,1483.000,132.000,92.000,1407.000,1391.000,1539.000,1483.000,1473.000,1437.000,132.000,92.000,0,1.000000,47.250000,32.271491,7.863750
1780475339.926557,,,BOARD_2,0,1,1407.000,1391.000,1539.000,1483.000,132.000,92.000,1407.000,1391.000,1539.000,1483.000,132.000,92.000,1407.000,1391.000,1539.000,1483.000,1473.000,1437.000,132.000,92.000,0,1.000000,47.250000,32.271491,7.863750
1780475340.438117,,,BOARD_2,0,0,1407.000,1392.000,1539.000,1484.000,132.000,92.000,1407.000,1392.000,1539.000,1484.000,132.000,92.000,1407.000,1392.000,1539.000,1484.000,1473.000,1438.000,132.000,92.000,0,1.000000,47.250000,32.271491,7.859167
1780475340.438117,,,BOARD_2,0,1,1411.000,1396.000,1543.000,1487.000,132.000,91.000,1411.000,1396.000,1543.000,1487.000,132.000,91.000,1411.000,1396.000,1543.000,1487.000,1477.000,1441.500,132.000,91.000,0,1.000000,47.250000,32.289720,7.843125
1780475340.678529,,,BOARD_2,0,0,1412.000,1397.000,1544.000,1488.000,132.000,91.000,1412.000,1397.000,1544.000,1488.000,132.000,91.000,1412.000,1397.000,1544.000,1488.000,1478.000,1442.500,132.000,91.000,0,1.000000,47.250000,32.294277,7.838542
1780475341.024578,,,BOARD_2,0,0,1412.000,1398.000,1544.000,1489.000,132.000,91.000,1412.000,1398.000,1544.000,1489.000,132.000,91.000,1412.000,1398.000,1544.000,1489.000,1478.000,1443.500,132.000,91.000,0,1.000000,47.250000,32.294277,7.833958
1780475341.317615,,,BOARD_2,0,0,1442.000,1388.000,1506.000,1507.000,64.000,119.000,1442.000,1388.000,1506.000,1507.000,64.000,119.000,1442.000,1388.000,1506.000,1507.000,1474.000,1447.500,64.000,119.000,0,1.000000,97.460000,32.276048,7.815625
1780475341.317615,,,BOARD_2,0,1,1442.000,1390.000,1506.000,1509.000,64.000,119.000,1442.000,1390.000,1506.000,1509.000,64.000,119.000,1442.000,1390.000,1506.000,1509.000,1474.000,1449.500,64.000,119.000,0,1.000000,97.460000,32.276048,7.806458
1780475341.749290,,,BOARD_2,0,0,1442.000,1391.000,1506.000,1510.000,64.000,119.000,1442.000,1391.000,1506.000,1510.000,64.000,119.000,1442.000,1391.000,1506.000,1510.000,1474.000,1450.500,64.000,119.000,0,1.000000,97.460000,32.276048,7.801875
1780475341.749290,,,BOARD_2,0,1,1412.000,1408.000,1544.000,1499.000,132.000,91.000,1412.000,1408.000,1544.000,1499.000,132.000,91.000,1412.000,1408.000,1544.000,1499.000,1478.000,1453.500,132.000,91.000,0,1.000000,47.250000,32.294277,7.788125
1780475342.011349,,,BOARD_2,0,0,1413.000,1410.000,1545.000,1501.000,132.000,91.000,1413.000,1410.000,1545.000,1501.000,132.000,91.000,1413.000,1410.000,1545.000,1501.000,1479.000,1455.500,132.000,91.000,0,1.000000,47.250000,32.298834,7.778958
1780475342.450339,,,BOARD_2,0,0,1413.000,1412.000,1545.000,1503.000,132.000,91.000,1413.000,1412.000,1545.000,1503.000,132.000,91.000,1413.000,1412.000,1545.000,1503.000,1479.000,1457.500,132.000,91.000,0,1.000000,47.250000,32.298834,7.769792
1780475342.450339,,,BOARD_2,0,1,1409.000,1416.000,1541.000,1507.000,132.000,91.000,1409.000,1416.000,1541.000,1507.000,132.000,91.000,1409.000,1416.000,1541.000,1507.000,1475.000,1461.500,132.000,91.000,0,1.000000,47.250000,32.280605,7.751458
1780475342.740918,,,BOARD_2,0,0,1409.000,1418.000,1541.000,1509.000,132.000,91.000,1409.000,1418.000,1541.000,1509.000,132.000,91.000,1409.000,1418.000,1541.000,1509.000,1475.000,1463.500,132.000,91.000,0,1.000000,47.250000,32.280605,7.742292
1780475343.026540,,,BOARD_2,0,0,1408.000,1421.000,1540.000,1512.000,132.000,91.000,1408.000,1421.000,1540.000,1512.000,132.000,91.000,1408.000,1421.000,1540.000,1512.000,1474.000,1466.500,132.000,91.000,0,1.000000,47.250000,32.276048,7.728542
1780475343.026540,,,BOARD_2,0,1,1412.000,1416.000,1544.000,1507.000,132.000,91.000,1412.000,1416.000,1544.000,1507.000,132.000,91.000,1412.000,1416.000,1544.000,1507.000,1478.000,1461.500,132.000,91.000,0,1.000000,47.250000,32.294277,7.751458
1780475343.278599,,,BOARD_2,0,0,1412.000,1417.000,1544.000,1508.000,132.000,91.000,1412.000,1417.000,1544.000,1508.000,132.000,91.000,1412.000,1417.000,1544.000,1508.000,1478.000,1462.500,132.000,91.000,0,1.000000,47.250000,32.294277,7.746875
1780475343.593558,,,BOARD_2,0,0,1413.000,1418.000,1545.000,1509.000,132.000,91.000,1413.000,1418.000,1545.000,1509.000,132.000,91.000,1413.000,1418.000,1545.000,1509.000,1479.000,1463.500,132.000,91.000,0,1.000000,47.250000,32.298834,7.742292
1780475343.868985,,,BOARD_2,0,0,1409.000,1422.000,1541.000,1513.000,132.000,91.000,1409.000,1422.000,1541.000,1513.000,132.000,91.000,1409.000,1422.000,1541.000,1513.000,1475.000,1467.500,132.000,91.000,0,1.000000,47.250000,32.280605,7.723958
1780475344.140543,,,BOARD_2,0,0,1409.000,1424.000,1541.000,1515.000,132.000,91.000,1409.000,1424.000,1541.000,1515.000,132.000,91.000,1409.000,1424.000,1541.000,1515.000,1475.000,1469.500,132.000,91.000,0,1.000000,47.250000,32.280605,7.714792
1780475344.454408,,,BOARD_2,0,0,1408.000,1425.000,1540.000,1516.000,132.000,91.000,1408.000,1425.000,1540.000,1516.000,132.000,91.000,1408.000,1425.000,1540.000,1516.000,1474.000,1470.500,132.000,91.000,0,1.000000,47.250000,32.276048,7.710208
1780475344.454408,,,BOARD_2,0,1,1412.000,1420.000,1544.000,1511.000,132.000,91.000,1412.000,1420.000,1544.000,1511.000,132.000,91.000,1412.000,1420.000,1544.000,1511.000,1478.000,1465.500,132.000,91.000,0,1.000000,47.250000,32.294277,7.733125
1780475344.745356,,,BOARD_2,0,0,1412.000,1420.000,1544.000,1511.000,132.000,91.000,1412.000,1420.000,1544.000,1511.000,132.000,91.000,1412.000,1420.000,1544.000,1511.000,1478.000,1465.500,132.000,91.000,0,1.000000,47.250000,32.294277,7.733125
1780475345.107790,,,BOARD_2,0,0,1413.000,1421.000,1545.000,1512.000,132.000,91.000,1413.000,1421.000,1545.000,1512.000,132.000,91.000,1413.000,1421.000,1545.000,1512.000,1479.000,1466.500,132.000,91.000,0,1.000000,47.250000,32.298834,7.728542
1780475345.107790,,,BOARD_2,0,1,1409.000,1416.000,1541.000,1507.000,132.000,91.000,1409.000,1416.000,1541.000,1507.000,132.000,91.000,1409.000,1416.000,1541.000,1507.000,1475.000,1461.500,132.000,91.000,0,1.000000,47.250000,32.280605,7.751458
1780475345.460330,,,BOARD_2,0,0,1409.000,1415.000,1541.000,1506.000,132.000,91.000,1409.000,1415.000,1541.000,1506.000,132.000,91.000,1409.000,1415.000,1541.000,1506.000,1475.000,1460.500,132.000,91.000,0,1.000000,47.250000,32.280605,7.756042
1780475345.814103,,,BOARD_2,0,0,1408.000,1415.000,1540.000,1506.000,132.000,91.000,1408.000,1415.000,1540.000,1506.000,132.000,91.000,1408.000,1415.000,1540.000,1506.000,1474.000,1460.500,132.000,91.000,0,1.000000,47.250000,32.276048,7.756042
1780475345.814103,,,BOARD_2,0,1,1412.000,1418.000,1544.000,1509.000,132.000,91.000,1412.000,1418.000,1544.000,1509.000,132.000,91.000,1412.000,1418.000,1544.000,1509.000,1478.000,1463.500,132.000,91.000,0,1.000000,47.250000,32.294277,7.742292
1780475346.058867,,,BOARD_2,0,0,1412.000,1418.000,1544.000,1509.000,132.000,91.000,1412.000,1418.000,1544.000,1509.000,132.000,91.000,1412.000,1418.000,1544.000,1509.000,1478.000,1463.500,132.000,91.000,0,1.000000,47.250000,32.294277,7.742292
1780475346.343813,,,BOARD_2,0,0,1413.000,1418.000,1545.000,1509.000,132.000,91.000,1413.000,1418.000,1545.000,1509.000,132.000,91.000,1413.000,1418.000,1545.000,1509.000,1479.000,1463.500,132.000,91.000,0,1.000000,47.250000,32.298834,7.742292
1780475346.751869,,,BOARD_2,0,0,1409.000,1414.000,1541.000,1505.000,132.000,91.000,1409.000,1414.000,1541.000,1505.000,132.000,91.000,1409.000,1414.000,1541.000,1505.000,1475.000,1459.500,132.000,91.000,0,1.000000,47.250000,32.280605,7.760625
1780475347.023995,,,BOARD_2,0,0,1409.000,1413.000,1541.000,1504.000,132.000,91.000,1409.000,1413.000,1541.000,1504.000,132.000,91.000,1409.000,1413.000,1541.000,1504.000,1475.000,1458.500,132.000,91.000,0,1.000000,47.250000,32.280605,7.765208
1780475347.023995,,,BOARD_2,0,1,1413.000,1418.000,1545.000,1509.000,132.000,91.000,1413.000,1418.000,1545.000,1509.000,132.000,91.000,1413.000,1418.000,1545.000,1509.000,1479.000,1463.500,132.000,91.000,0,1.000000,47.250000,32.298834,7.742292
1780475347.283327,,,BOARD_2,0,0,1414.000,1419.000,1546.000,1510.000,132.000,91.000,1414.000,1419.000,1546.000,1510.000,132.000,91.000,1414.000,1419.000,1546.000,1510.000,1480.000,1464.500,132.000,91.000,0,1.000000,47.250000,32.303392,7.737708
1780475347.664903,,,BOARD_2,0,0,1415.000,1420.000,1547.000,1511.000,132.000,91.000,1415.000,1420.000,1547.000,1511.000,132.000,91.000,1415.000,1420.000,1547.000,1511.000,1481.000,1465.500,132.000,91.000,0,1.000000,47.250000,32.307949,7.733125
1780475347.888647,,,BOARD_2,0,0,1411.000,1416.000,1543.000,1507.000,132.000,91.000,1411.000,1416.000,1543.000,1507.000,132.000,91.000,1411.000,1416.000,1543.000,1507.000,1477.000,1461.500,132.000,91.000,0,1.000000,47.250000,32.289720,7.751458
1780475347.888647,,,BOARD_2,0,1,1411.000,1416.000,1543.000,1507.000,132.000,91.000,1411.000,1416.000,1543.000,1507.000,132.000,91.000,1411.000,1416.000,1543.000,1507.000,1477.000,1461.500,132.000,91.000,0,1.000000,47.250000,32.289720,7.751458
1780475348.342504,,,BOARD_2,0,0,1411.000,1416.000,1543.000,1507.000,132.000,91.000,1411.000,1416.000,1543.000,1507.000,132.000,91.000,1411.000,1416.000,1543.000,1507.000,1477.000,1461.500,132.000,91.000,0,1.000000,47.250000,32.289720,7.751458
1780475348.342504,,,BOARD_2,0,1,1415.000,1420.000,1547.000,1511.000,132.000,91.000,1415.000,1420.000,1547.000,1511.000,132.000,91.000,1415.000,1420.000,1547.000,1511.000,1481.000,1465.500,132.000,91.000,0,1.000000,47.250000,32.307949,7.733125
1780475348.603983,,,BOARD_2,0,0,1416.000,1421.000,1548.000,1512.000,132.000,91.000,1416.000,1421.000,1548.000,1512.000,132.000,91.000,1416.000,1421.000,1548.000,1512.000,1482.000,1466.500,132.000,91.000,0,1.000000,47.250000,32.312506,7.728542
1780475348.892611,,,BOARD_2,0,0,1417.000,1421.000,1549.000,1512.000,132.000,91.000,1417.000,1421.000,1549.000,1512.000,132.000,91.000,1417.000,1421.000,1549.000,1512.000,1483.000,1466.500,132.000,91.000,0,1.000000,47.250000,32.317064,7.728542
1780475348.892611,,,BOARD_2,0,1,1413.000,1416.000,1545.000,1508.000,132.000,92.000,1413.000,1416.000,1545.000,1508.000,132.000,92.000,1413.000,1416.000,1545.000,1508.000,1479.000,1462.000,132.000,92.000,0,1.000000,47.250000,32.298834,7.749167
1780475349.261118,,,BOARD_2,0,0,1413.000,1416.000,1545.000,1508.000,132.000,92.000,1413.000,1416.000,1545.000,1508.000,132.000,92.000,1413.000,1416.000,1545.000,1508.000,1479.000,1462.000,132.000,92.000,0,1.000000,47.250000,32.298834,7.749167
1780475349.625943,,,BOARD_2,0,0,1413.000,1415.000,1545.000,1507.000,132.000,92.000,1413.000,1415.000,1545.000,1507.000,132.000,92.000,1413.000,1415.000,1545.000,1507.000,1479.000,1461.000,132.000,92.000,0,1.000000,47.250000,32.298834,7.753750
1780475349.625943,,,BOARD_2,0,1,1417.000,1411.000,1549.000,1503.000,132.000,92.000,1417.000,1411.000,1549.000,1503.000,132.000,92.000,1417.000,1411.000,1549.000,1503.000,1483.000,1457.000,132.000,92.000,0,1.000000,47.250000,32.317064,7.772083
1780475349.870307,,,BOARD_2,0,0,1418.000,1410.000,1550.000,1502.000,132.000,92.000,1418.000,1410.000,1550.000,1502.000,132.000,92.000,1418.000,1410.000,1550.000,1502.000,1484.000,1456.000,132.000,92.000,0,1.000000,47.250000,32.321621,7.776667
1780475350.253405,,,BOARD_2,0,0,1418.000,1409.000,1550.000,1501.000,132.000,92.000,1418.000,1409.000,1550.000,1501.000,132.000,92.000,1418.000,1409.000,1550.000,1501.000,1484.000,1455.000,132.000,92.000,0,1.000000,47.250000,32.321621,7.781250
1780475350.253405,,,BOARD_2,0,1,1368.000,1373.000,1616.000,1553.000,248.000,180.000,1368.000,1373.000,1616.000,1553.000,248.000,180.000,1368.000,1373.000,1616.000,1553.000,1492.000,1463.000,248.000,180.000,0,1.000000,25.150000,32.358079,7.744583
1780475350.534317,,,BOARD_2,0,0,1370.000,1374.000,1618.000,1554.000,248.000,180.000,1370.000,1374.000,1618.000,1554.000,248.000,180.000,1370.000,1374.000,1618.000,1554.000,1494.000,1464.000,248.000,180.000,0,1.000000,25.150000,32.367194,7.740000
1780475351.017683,,,BOARD_2,0,0,1372.000,1374.000,1620.000,1554.000,248.000,180.000,1372.000,1374.000,1620.000,1554.000,248.000,180.000,1372.000,1374.000,1620.000,1554.000,1496.000,1464.000,248.000,180.000,0,1.000000,25.150000,32.376308,7.740000
1780475355.371666,,,BOARD_2,0,0,1088.000,1751.000,1152.000,1870.000,64.000,119.000,1088.000,1751.000,1152.000,1870.000,64.000,119.000,1088.000,1751.000,1152.000,1870.000,1120.000,1810.500,64.000,119.000,0,1.000000,97.460000,30.662767,6.151875
1780475355.371666,,,BOARD_2,0,1,1077.000,1759.000,1141.000,1878.000,64.000,119.000,1077.000,1759.000,1141.000,1878.000,64.000,119.000,1077.000,1759.000,1141.000,1878.000,1109.000,1818.500,64.000,119.000,0,1.000000,97.460000,30.612636,6.115208
1780475356.079367,,,BOARD_2,0,0,966.000,1762.000,1214.000,1942.000,248.000,180.000,966.000,1762.000,1214.000,1942.000,248.000,180.000,966.000,1762.000,1214.000,1942.000,1090.000,1852.000,248.000,180.000,0,1.000000,25.150000,30.526048,5.961667
1780475356.079367,,,BOARD_2,0,1,956.000,1773.000,1204.000,1953.000,248.000,180.000,956.000,1773.000,1204.000,1953.000,248.000,180.000,956.000,1773.000,1204.000,1953.000,1080.000,1863.000,248.000,180.000,0,1.000000,25.150000,30.480475,5.911250
1780475356.801584,,,BOARD_2,0,0,1001.000,1792.000,1065.000,1912.000,64.000,120.000,1001.000,1792.000,1065.000,1912.000,64.000,120.000,1001.000,1792.000,1065.000,1912.000,1033.000,1852.000,64.000,120.000,0,1.000000,97.460000,30.266282,5.961667
1780475356.801584,,,BOARD_2,0,1,986.000,1797.000,1050.000,1917.000,64.000,120.000,986.000,1797.000,1050.000,1917.000,64.000,120.000,986.000,1797.000,1050.000,1917.000,1018.000,1857.000,64.000,120.000,0,1.000000,97.460000,30.197923,5.938750
1780475357.455154,,,BOARD_2,0,0,1003.000,1802.000,1043.000,1853.000,40.000,51.000,1003.000,1802.000,1043.000,1853.000,40.000,51.000,1003.000,1802.000,1043.000,1853.000,1023.000,1827.500,40.000,51.000,0,1.000000,155.930000,30.220709,6.073958
1780475357.455154,,,BOARD_2,0,1,994.000,1800.000,1034.000,1851.000,40.000,51.000,994.000,1800.000,1034.000,1851.000,40.000,51.000,994.000,1800.000,1034.000,1851.000,1014.000,1825.500,40.000,51.000,0,1.000000,155.930000,30.179694,6.083125
1780475358.155690,,,BOARD_2,0,0,952.000,1782.000,1084.000,1873.000,132.000,91.000,952.000,1782.000,1084.000,1873.000,132.000,91.000,952.000,1782.000,1084.000,1873.000,1018.000,1827.500,132.000,91.000,0,1.000000,47.250000,30.197923,6.073958
1780475358.577340,,,BOARD_2,0,0,948.000,1786.000,1080.000,1877.000,132.000,91.000,948.000,1786.000,1080.000,1877.000,132.000,91.000,948.000,1786.000,1080.000,1877.000,1014.000,1831.500,132.000,91.000,0,1.000000,47.250000,30.179694,6.055625
1780475358.577340,,,BOARD_2,0,1,945.000,1787.000,1077.000,1878.000,132.000,91.000,945.000,1787.000,1077.000,1878.000,132.000,91.000,945.000,1787.000,1077.000,1878.000,1011.000,1832.500,132.000,91.000,0,1.000000,47.250000,30.166022,6.051042
1780475359.146886,,,BOARD_2,0,0,992.000,1810.000,1032.000,1861.000,40.000,51.000,992.000,1810.000,1032.000,1861.000,40.000,51.000,992.000,1810.000,1032.000,1861.000,1012.000,1835.500,40.000,51.000,0,1.000000,155.930000,30.170579,6.037292
1780475359.146886,,,BOARD_2,0,1,990.000,1811.000,1030.000,1862.000,40.000,51.000,990.000,1811.000,1030.000,1862.000,40.000,51.000,990.000,1811.000,1030.000,1862.000,1010.000,1836.500,40.000,51.000,0,1.000000,155.930000,30.161465,6.032708
1780475359.747908,,,BOARD_2,0,0,908.000,1756.000,1156.000,1936.000,248.000,180.000,908.000,1756.000,1156.000,1936.000,248.000,180.000,908.000,1756.000,1156.000,1936.000,1032.000,1846.000,248.000,180.000,0,1.000000,25.150000,30.261725,5.989167
1780475360.011981,,,BOARD_2,0,0,911.000,1758.000,1159.000,1938.000,248.000,180.000,911.000,1758.000,1159.000,1938.000,248.000,180.000,911.000,1758.000,1159.000,1938.000,1035.000,1848.000,248.000,180.000,0,1.000000,25.150000,30.275397,5.980000
1780475360.483946,,,BOARD_2,0,0,936.000,1806.000,1068.000,1897.000,132.000,91.000,936.000,1806.000,1068.000,1897.000,132.000,91.000,936.000,1806.000,1068.000,1897.000,1002.000,1851.500,132.000,91.000,0,1.000000,47.250000,30.125006,5.963958
1780475361.247712,,,BOARD_2,0,0,966.000,1800.000,1030.000,1920.000,64.000,120.000,966.000,1800.000,1030.000,1920.000,64.000,120.000,966.000,1800.000,1030.000,1920.000,998.000,1860.000,64.000,120.000,0,1.000000,97.460000,30.106777,5.925000
1780475361.247712,,,BOARD_2,0,1,963.000,1802.000,1027.000,1922.000,64.000,120.000,963.000,1802.000,1027.000,1922.000,64.000,120.000,963.000,1802.000,1027.000,1922.000,995.000,1862.000,64.000,120.000,0,1.000000,97.460000,30.093105,5.915833
1780475361.808508,,,BOARD_2,0,0,949.000,1816.000,1013.000,1936.000,64.000,120.000,949.000,1816.000,1013.000,1936.000,64.000,120.000,949.000,1816.000,1013.000,1936.000,981.000,1876.000,64.000,120.000,0,1.000000,97.460000,30.029303,5.851667
1780475361.808508,,,BOARD_2,0,1,945.000,1820.000,1009.000,1940.000,64.000,120.000,945.000,1820.000,1009.000,1940.000,64.000,120.000,945.000,1820.000,1009.000,1940.000,977.000,1880.000,64.000,120.000,0,1.000000,97.460000,30.011074,5.833333
1780475362.529621,,,BOARD_2,0,0,928.000,1840.000,992.000,1960.000,64.000,120.000,928.000,1840.000,992.000,1960.000,64.000,120.000,928.000,1840.000,992.000,1960.000,960.000,1900.000,64.000,120.000,0,1.000000,97.460000,29.933600,5.741667
1780475362.860373,,,BOARD_2,0,0,923.000,1845.000,987.000,1965.000,64.000,120.000,923.000,1845.000,987.000,1965.000,64.000,120.000,923.000,1845.000,987.000,1965.000,955.000,1905.000,64.000,120.000,0,1.000000,97.460000,29.910814,5.718750
1780475363.075174,,,BOARD_2,0,0,890.000,1862.000,1022.000,1953.000,132.000,91.000,890.000,1862.000,1022.000,1953.000,132.000,91.000,890.000,1862.000,1022.000,1953.000,956.000,1907.500,132.000,91.000,0,1.000000,47.250000,29.915371,5.707292
1780475363.438732,,,BOARD_2,0,0,887.000,1866.000,1019.000,1957.000,132.000,91.000,887.000,1866.000,1019.000,1957.000,132.000,91.000,887.000,1866.000,1019.000,1957.000,953.000,1911.500,132.000,91.000,0,1.000000,47.250000,29.901699,5.688958
1780475363.438732,,,BOARD_2,0,1,932.000,1890.000,972.000,1941.000,40.000,51.000,932.000,1890.000,972.000,1941.000,40.000,51.000,932.000,1890.000,972.000,1941.000,952.000,1915.500,40.000,51.000,0,1.000000,155.930000,29.897142,5.670625
1780475363.888836,,,BOARD_2,0,0,930.000,1894.000,970.000,1945.000,40.000,51.000,930.000,1894.000,970.000,1945.000,40.000,51.000,930.000,1894.000,970.000,1945.000,950.000,1919.500,40.000,51.000,0,1.000000,155.930000,29.888027,5.652292
1780475364.225650,,,BOARD_2,0,0,927.000,1898.000,967.000,1949.000,40.000,51.000,927.000,1898.000,967.000,1949.000,40.000,51.000,927.000,1898.000,967.000,1949.000,947.000,1923.500,40.000,51.000,0,1.000000,155.930000,29.874355,5.633958
1780475364.225650,,,BOARD_2,0,1,923.000,1898.000,963.000,1949.000,40.000,51.000,923.000,1898.000,963.000,1949.000,40.000,51.000,923.000,1898.000,963.000,1949.000,943.000,1923.500,40.000,51.000,0,1.000000,155.930000,29.856126,5.633958
1780475364.552654,,,BOARD_2,0,0,920.000,1901.000,960.000,1952.000,40.000,51.000,920.000,1901.000,960.000,1952.000,40.000,51.000,920.000,1901.000,960.000,1952.000,940.000,1926.500,40.000,51.000,0,1.000000,155.930000,29.842454,5.620208
1780475364.996741,,,BOARD_2,0,0,918.000,1904.000,958.000,1955.000,40.000,51.000,918.000,1904.000,958.000,1955.000,40.000,51.000,918.000,1904.000,958.000,1955.000,938.000,1929.500,40.000,51.000,0,1.000000,155.930000,29.833340,5.606458
1780475364.996741,,,BOARD_2,0,1,922.000,1906.000,962.000,1957.000,40.000,51.000,922.000,1906.000,962.000,1957.000,40.000,51.000,922.000,1906.000,962.000,1957.000,942.000,1931.500,40.000,51.000,0,1.000000,155.930000,29.851569,5.597292
1780475365.352711,,,BOARD_2,0,0,921.000,1909.000,961.000,1960.000,40.000,51.000,921.000,1909.000,961.000,1960.000,40.000,51.000,921.000,1909.000,961.000,1960.000,941.000,1934.500,40.000,51.000,0,1.000000,155.930000,29.847011,5.583542
1780475365.620070,,,BOARD_2,0,0,919.000,1912.000,959.000,1963.000,40.000,51.000,919.000,1912.000,959.000,1963.000,40.000,51.000,919.000,1912.000,959.000,1963.000,939.000,1937.500,40.000,51.000,0,1.000000,155.930000,29.837897,5.569792
1780475365.620070,,,BOARD_2,0,1,923.000,1906.000,963.000,1957.000,40.000,51.000,923.000,1906.000,963.000,1957.000,40.000,51.000,923.000,1906.000,963.000,1957.000,943.000,1931.500,40.000,51.000,0,1.000000,155.930000,29.856126,5.597292
1780475365.852757,,,BOARD_2,0,0,923.000,1907.000,963.000,1958.000,40.000,51.000,923.000,1907.000,963.000,1958.000,40.000,51.000,923.000,1907.000,963.000,1958.000,943.000,1932.500,40.000,51.000,0,1.000000,155.930000,29.856126,5.592708
1780475366.147381,,,BOARD_2,0,0,922.000,1909.000,962.000,1960.000,40.000,51.000,922.000,1909.000,962.000,1960.000,40.000,51.000,922.000,1909.000,962.000,1960.000,942.000,1934.500,40.000,51.000,0,1.000000,155.930000,29.851569,5.583542
1780475366.147381,,,BOARD_2,0,1,918.000,1914.000,958.000,1965.000,40.000,51.000,918.000,1914.000,958.000,1965.000,40.000,51.000,918.000,1914.000,958.000,1965.000,938.000,1939.500,40.000,51.000,0,1.000000,155.930000,29.833340,5.560625
1780475366.385212,,,BOARD_2,0,0,917.000,1916.000,957.000,1967.000,40.000,51.000,917.000,1916.000,957.000,1967.000,40.000,51.000,917.000,1916.000,957.000,1967.000,937.000,1941.500,40.000,51.000,0,1.000000,155.930000,29.828782,5.551458
1780475366.666651,,,BOARD_2,0,0,916.000,1918.000,956.000,1969.000,40.000,51.000,916.000,1918.000,956.000,1969.000,40.000,51.000,916.000,1918.000,956.000,1969.000,936.000,1943.500,40.000,51.000,0,1.000000,155.930000,29.824225,5.542292
1780475366.666651,,,BOARD_2,0,1,920.000,1914.000,960.000,1965.000,40.000,51.000,920.000,1914.000,960.000,1965.000,40.000,51.000,920.000,1914.000,960.000,1965.000,940.000,1939.500,40.000,51.000,0,1.000000,155.930000,29.842454,5.560625
1780475366.995673,,,BOARD_2,0,0,920.000,1915.000,960.000,1966.000,40.000,51.000,920.000,1915.000,960.000,1966.000,40.000,51.000,920.000,1915.000,960.000,1966.000,940.000,1940.500,40.000,51.000,0,1.000000,155.930000,29.842454,5.556042
1780475367.319476,,,BOARD_2,0,0,920.000,1916.000,960.000,1967.000,40.000,51.000,920.000,1916.000,960.000,1967.000,40.000,51.000,920.000,1916.000,960.000,1967.000,940.000,1941.500,40.000,51.000,0,1.000000,155.930000,29.842454,5.551458
1780475367.532450,,,BOARD_2,0,0,824.000,1854.000,1072.000,2034.000,248.000,180.000,824.000,1854.000,1072.000,2034.000,248.000,180.000,824.000,1854.000,1072.000,2034.000,948.000,1944.000,248.000,180.000,0,1.000000,25.150000,29.878912,5.540000
1780475367.842275,,,BOARD_2,0,0,825.000,1855.000,1073.000,2035.000,248.000,180.000,825.000,1855.000,1073.000,2035.000,248.000,180.000,825.000,1855.000,1073.000,2035.000,949.000,1945.000,248.000,180.000,0,1.000000,25.150000,29.883470,5.535417
1780475368.138358,,,BOARD_2,0,0,908.000,1922.000,948.000,1973.000,40.000,51.000,908.000,1922.000,948.000,1973.000,40.000,51.000,908.000,1922.000,948.000,1973.000,928.000,1947.500,40.000,51.000,0,1.000000,155.930000,29.787767,5.523958
1780475368.138358,,,BOARD_2,0,1,903.000,1923.000,943.000,1974.000,40.000,51.000,903.000,1923.000,943.000,1974.000,40.000,51.000,903.000,1923.000,943.000,1974.000,923.000,1948.500,40.000,51.000,0,1.000000,155.930000,29.764980,5.519375
1780475368.583577,,,BOARD_2,0,0,898.000,1925.000,938.000,1976.000,40.000,51.000,898.000,1925.000,938.000,1976.000,40.000,51.000,898.000,1925.000,938.000,1976.000,918.000,1950.500,40.000,51.000,0,1.000000,155.930000,29.742194,5.510208
1780475368.583577,,,BOARD_2,0,1,902.000,1930.000,942.000,1981.000,40.000,51.000,902.000,1930.000,942.000,1981.000,40.000,51.000,902.000,1930.000,942.000,1981.000,922.000,1955.500,40.000,51.000,0,1.000000,155.930000,29.760423,5.487292
1780475368.815802,,,BOARD_2,0,0,899.000,1932.000,939.000,1983.000,40.000,51.000,899.000,1932.000,939.000,1983.000,40.000,51.000,899.000,1932.000,939.000,1983.000,919.000,1957.500,40.000,51.000,0,1.000000,155.930000,29.746751,5.478125
1780475369.111878,,,BOARD_2,0,0,895.000,1934.000,935.000,1985.000,40.000,51.000,895.000,1934.000,935.000,1985.000,40.000,51.000,895.000,1934.000,935.000,1985.000,915.000,1959.500,40.000,51.000,0,1.000000,155.930000,29.728522,5.468958
1780475369.111878,,,BOARD_2,0,1,907.000,1930.000,947.000,1981.000,40.000,51.000,907.000,1930.000,947.000,1981.000,40.000,51.000,907.000,1930.000,947.000,1981.000,927.000,1955.500,40.000,51.000,0,1.000000,155.930000,29.783209,5.487292
1780475369.342913,,,BOARD_2,0,0,906.000,1931.000,946.000,1982.000,40.000,51.000,906.000,1931.000,946.000,1982.000,40.000,51.000,906.000,1931.000,946.000,1982.000,926.000,1956.500,40.000,51.000,0,1.000000,155.930000,29.778652,5.482708
1780475369.658388,,,BOARD_2,0,0,906.000,1932.000,946.000,1983.000,40.000,51.000,906.000,1932.000,946.000,1983.000,40.000,51.000,906.000,1932.000,946.000,1983.000,926.000,1957.500,40.000,51.000,0,1.000000,155.930000,29.778652,5.478125
1780475369.658388,,,BOARD_2,0,1,902.000,1930.000,942.000,1981.000,40.000,51.000,902.000,1930.000,942.000,1981.000,40.000,51.000,902.000,1930.000,942.000,1981.000,922.000,1955.500,40.000,51.000,0,1.000000,155.930000,29.760423,5.487292
1780475369.961755,,,BOARD_2,0,0,901.000,1930.000,941.000,1981.000,40.000,51.000,901.000,1930.000,941.000,1981.000,40.000,51.000,901.000,1930.000,941.000,1981.000,921.000,1955.500,40.000,51.000,0,1.000000,155.930000,29.755866,5.487292
1780475370.260160,,,BOARD_2,0,0,900.000,1931.000,940.000,1982.000,40.000,51.000,900.000,1931.000,940.000,1982.000,40.000,51.000,900.000,1931.000,940.000,1982.000,920.000,1956.500,40.000,51.000,0,1.000000,155.930000,29.751308,5.482708
1780475370.260160,,,BOARD_2,0,1,904.000,1930.000,944.000,1981.000,40.000,51.000,904.000,1930.000,944.000,1981.000,40.000,51.000,904.000,1930.000,944.000,1981.000,924.000,1955.500,40.000,51.000,0,1.000000,155.930000,29.769537,5.487292
1780475370.471775,,,BOARD_2,0,0,904.000,1930.000,944.000,1981.000,40.000,51.000,904.000,1930.000,944.000,1981.000,40.000,51.000,904.000,1930.000,944.000,1981.000,924.000,1955.500,40.000,51.000,0,1.000000,155.930000,29.769537,5.487292
1780475370.721426,,,BOARD_2,0,0,904.000,1930.000,944.000,1981.000,40.000,51.000,904.000,1930.000,944.000,1981.000,40.000,51.000,904.000,1930.000,944.000,1981.000,924.000,1955.500,40.000,51.000,0,1.000000,155.930000,29.769537,5.487292
1780475370.721426,,,BOARD_2,0,1,908.000,1922.000,948.000,1973.000,40.000,51.000,908.000,1922.000,948.000,1973.000,40.000,51.000,908.000,1922.000,948.000,1973.000,928.000,1947.500,40.000,51.000,0,1.000000,155.930000,29.787767,5.523958
1780475370.944787,,,BOARD_2,0,0,909.000,1921.000,949.000,1972.000,40.000,51.000,909.000,1921.000,949.000,1972.000,40.000,51.000,909.000,1921.000,949.000,1972.000,929.000,1946.500,40.000,51.000,0,1.000000,155.930000,29.792324,5.528542
1780475371.200939,,,BOARD_2,0,0,909.000,1919.000,949.000,1970.000,40.000,51.000,909.000,1919.000,949.000,1970.000,40.000,51.000,909.000,1919.000,949.000,1970.000,929.000,1944.500,40.000,51.000,0,1.000000,155.930000,29.792324,5.537708
1780475371.200939,,,BOARD_2,0,1,905.000,1922.000,945.000,1973.000,40.000,51.000,905.000,1922.000,945.000,1973.000,40.000,51.000,905.000,1922.000,945.000,1973.000,925.000,1947.500,40.000,51.000,0,1.000000,155.930000,29.774095,5.523958
1780475371.446591,,,BOARD_2,0,0,905.000,1921.000,945.000,1972.000,40.000,51.000,905.000,1921.000,945.000,1972.000,40.000,51.000,905.000,1921.000,945.000,1972.000,925.000,1946.500,40.000,51.000,0,1.000000,155.930000,29.774095,5.528542
1780475371.775909,,,BOARD_2,0,0,904.000,1921.000,944.000,1972.000,40.000,51.000,904.000,1921.000,944.000,1972.000,40.000,51.000,904.000,1921.000,944.000,1972.000,924.000,1946.500,40.000,51.000,0,1.000000,155.930000,29.769537,5.528542
1780475372.017188,,,BOARD_2,0,0,908.000,1922.000,948.000,1973.000,40.000,51.000,908.000,1922.000,948.000,1973.000,40.000,51.000,908.000,1922.000,948.000,1973.000,928.000,1947.500,40.000,51.000,0,1.000000,155.930000,29.787767,5.523958
1780475372.310435,,,BOARD_2,0,0,908.000,1922.000,948.000,1973.000,40.000,51.000,908.000,1922.000,948.000,1973.000,40.000,51.000,908.000,1922.000,948.000,1973.000,928.000,1947.500,40.000,51.000,0,1.000000,155.930000,29.787767,5.523958
1780475372.310435,,,BOARD_2,0,1,904.000,1922.000,944.000,1973.000,40.000,51.000,904.000,1922.000,944.000,1973.000,40.000,51.000,904.000,1922.000,944.000,1973.000,924.000,1947.500,40.000,51.000,0,1.000000,155.930000,29.769537,5.523958
1780475372.569116,,,BOARD_2,0,0,903.000,1922.000,943.000,1973.000,40.000,51.000,903.000,1922.000,943.000,1973.000,40.000,51.000,903.000,1922.000,943.000,1973.000,923.000,1947.500,40.000,51.000,0,1.000000,155.930000,29.764980,5.523958
1780475372.854539,,,BOARD_2,0,0,902.000,1922.000,942.000,1973.000,40.000,51.000,902.000,1922.000,942.000,1973.000,40.000,51.000,902.000,1922.000,942.000,1973.000,922.000,1947.500,40.000,51.000,0,1.000000,155.930000,29.760423,5.523958
1780475373.113775,,,BOARD_2,0,0,906.000,1914.000,946.000,1965.000,40.000,51.000,906.000,1914.000,946.000,1965.000,40.000,51.000,906.000,1914.000,946.000,1965.000,926.000,1939.500,40.000,51.000,0,1.000000,155.930000,29.778652,5.560625
1780475373.685005,,,BOARD_2,0,0,906.000,1913.000,946.000,1964.000,40.000,51.000,906.000,1913.000,946.000,1964.000,40.000,51.000,906.000,1913.000,946.000,1964.000,926.000,1938.500,40.000,51.000,0,1.000000,155.930000,29.778652,5.565208
1780475373.685005,,,BOARD_2,0,1,910.000,1914.000,950.000,1965.000,40.000,51.000,910.000,1914.000,950.000,1965.000,40.000,51.000,910.000,1914.000,950.000,1965.000,930.000,1939.500,40.000,51.000,0,1.000000,155.930000,29.796881,5.560625
1780475373.916740,,,BOARD_2,0,0,911.000,1913.000,951.000,1964.000,40.000,51.000,911.000,1913.000,951.000,1964.000,40.000,51.000,911.000,1913.000,951.000,1964.000,931.000,1938.500,40.000,51.000,0,1.000000,155.930000,29.801439,5.565208
1780475374.203403,,,BOARD_2,0,0,912.000,1913.000,952.000,1964.000,40.000,51.000,912.000,1913.000,952.000,1964.000,40.000,51.000,912.000,1913.000,952.000,1964.000,932.000,1938.500,40.000,51.000,0,1.000000,155.930000,29.805996,5.565208
1780475374.203403,,,BOARD_2,0,1,908.000,1882.000,948.000,1933.000,40.000,51.000,908.000,1882.000,948.000,1933.000,40.000,51.000,908.000,1882.000,948.000,1933.000,928.000,1907.500,40.000,51.000,0,1.000000,155.930000,29.787767,5.707292
1780475374.446090,,,BOARD_2,0,0,908.000,1876.000,948.000,1927.000,40.000,51.000,908.000,1876.000,948.000,1927.000,40.000,51.000,908.000,1876.000,948.000,1927.000,928.000,1901.500,40.000,51.000,0,1.000000,155.930000,29.787767,5.734792
1780475374.941158,,,BOARD_2,0,0,912.000,1858.000,952.000,1909.000,40.000,51.000,912.000,1858.000,952.000,1909.000,40.000,51.000,912.000,1858.000,952.000,1909.000,932.000,1883.500,40.000,51.000,0,1.000000,155.930000,29.805996,5.817292
1780475374.941158,,,BOARD_2,0,1,913.000,1851.000,953.000,1902.000,40.000,51.000,913.000,1851.000,953.000,1902.000,40.000,51.000,913.000,1851.000,953.000,1902.000,933.000,1876.500,40.000,51.000,0,1.000000,155.930000,29.810553,5.849375
1780475383.265898,,,BOARD_2,0,0,1070.000,1652.000,1318.000,1832.000,248.000,180.000,1070.000,1652.000,1318.000,1832.000,248.000,180.000,1070.000,1652.000,1318.000,1832.000,1194.000,1742.000,248.000,180.000,0,1.000000,25.150000,31.000006,6.465833
1780475384.010389,,,BOARD_2,0,0,1066.000,1727.000,1198.000,1818.000,132.000,91.000,1066.000,1727.000,1198.000,1818.000,132.000,91.000,1066.000,1727.000,1198.000,1818.000,1132.000,1772.500,132.000,91.000,0,1.000000,47.250000,30.717454,6.326042
1780475384.541922,,,BOARD_2,0,0,966.000,1730.000,1214.000,1910.000,248.000,180.000,966.000,1730.000,1214.000,1910.000,248.000,180.000,966.000,1730.000,1214.000,1910.000,1090.000,1820.000,248.000,180.000,0,1.000000,25.150000,30.526048,6.108333
1780475384.541922,,,BOARD_2,0,1,951.000,1744.000,1199.000,1924.000,248.000,180.000,951.000,1744.000,1199.000,1924.000,248.000,180.000,951.000,1744.000,1199.000,1924.000,1075.000,1834.000,248.000,180.000,0,1.000000,25.150000,30.457689,6.044167
1780475385.066069,,,BOARD_2,0,0,1003.000,1842.000,1043.000,1893.000,40.000,51.000,1003.000,1842.000,1043.000,1893.000,40.000,51.000,1003.000,1842.000,1043.000,1893.000,1023.000,1867.500,40.000,51.000,0,1.000000,155.930000,30.220709,5.890625
1780475385.066069,,,BOARD_2,0,1,984.000,1857.000,1024.000,1908.000,40.000,51.000,984.000,1857.000,1024.000,1908.000,40.000,51.000,984.000,1857.000,1024.000,1908.000,1004.000,1882.500,40.000,51.000,0,1.000000,155.930000,30.134121,5.821875
1780475385.605835,,,BOARD_2,0,0,961.000,1882.000,1001.000,1933.000,40.000,51.000,961.000,1882.000,1001.000,1933.000,40.000,51.000,961.000,1882.000,1001.000,1933.000,981.000,1907.500,40.000,51.000,0,1.000000,155.930000,30.029303,5.707292
1780475385.605835,,,BOARD_2,0,1,945.000,1896.000,985.000,1947.000,40.000,51.000,945.000,1896.000,985.000,1947.000,40.000,51.000,945.000,1896.000,985.000,1947.000,965.000,1921.500,40.000,51.000,0,1.000000,155.930000,29.956386,5.643125
1780475386.338201,,,BOARD_2,0,0,924.000,1922.000,964.000,1973.000,40.000,51.000,924.000,1922.000,964.000,1973.000,40.000,51.000,924.000,1922.000,964.000,1973.000,944.000,1947.500,40.000,51.000,0,1.000000,155.930000,29.860683,5.523958
1780475386.338201,,,BOARD_2,0,1,910.000,1936.000,950.000,1987.000,40.000,51.000,910.000,1936.000,950.000,1987.000,40.000,51.000,910.000,1936.000,950.000,1987.000,930.000,1961.500,40.000,51.000,0,1.000000,155.930000,29.796881,5.459792
1780475386.904606,,,BOARD_2,0,0,884.000,1954.000,924.000,2005.000,40.000,51.000,884.000,1954.000,924.000,2005.000,40.000,51.000,884.000,1954.000,924.000,2005.000,904.000,1979.500,40.000,51.000,0,1.000000,155.930000,29.678392,5.377292
1780475387.125321,,,BOARD_2,0,0,872.000,1965.000,912.000,2016.000,40.000,51.000,872.000,1965.000,912.000,2016.000,40.000,51.000,872.000,1965.000,912.000,2016.000,892.000,1990.500,40.000,51.000,0,1.000000,155.930000,29.623704,5.326875
1780475392.573607,,,BOARD_2,0,0,884.000,1962.000,924.000,2013.000,40.000,51.000,884.000,1962.000,924.000,2013.000,40.000,51.000,884.000,1962.000,924.000,2013.000,904.000,1987.500,40.000,51.000,0,1.000000,155.930000,29.678392,5.340625
1780475393.118303,,,BOARD_2,0,0,886.000,1962.000,926.000,2013.000,40.000,51.000,886.000,1962.000,926.000,2013.000,40.000,51.000,886.000,1962.000,926.000,2013.000,906.000,1987.500,40.000,51.000,0,1.000000,155.930000,29.687506,5.340625
1780475393.118303,,,BOARD_2,0,1,886.000,1962.000,926.000,2013.000,40.000,51.000,886.000,1962.000,926.000,2013.000,40.000,51.000,886.000,1962.000,926.000,2013.000,906.000,1987.500,40.000,51.000,0,1.000000,155.930000,29.687506,5.340625
1780475393.688249,,,BOARD_2,0,0,882.000,1954.000,922.000,2005.000,40.000,51.000,882.000,1954.000,922.000,2005.000,40.000,51.000,882.000,1954.000,922.000,2005.000,902.000,1979.500,40.000,51.000,0,1.000000,155.930000,29.669277,5.377292
1780475393.688249,,,BOARD_2,0,1,881.000,1953.000,921.000,2004.000,40.000,51.000,881.000,1953.000,921.000,2004.000,40.000,51.000,881.000,1953.000,921.000,2004.000,901.000,1978.500,40.000,51.000,0,1.000000,155.930000,29.664720,5.381875
1780475395.938208,,,BOARD_2,0,0,881.000,1954.000,921.000,2005.000,40.000,51.000,881.000,1954.000,921.000,2005.000,40.000,51.000,881.000,1954.000,921.000,2005.000,901.000,1979.500,40.000,51.000,0,1.000000,155.930000,29.664720,5.377292
1780475395.938208,,,BOARD_2,0,1,881.000,1954.000,921.000,2005.000,40.000,51.000,881.000,1954.000,921.000,2005.000,40.000,51.000,881.000,1954.000,921.000,2005.000,901.000,1979.500,40.000,51.000,0,1.000000,155.930000,29.664720,5.377292
1780475397.781670,,,BOARD_2,0,0,887.000,1954.000,927.000,2005.000,40.000,51.000,887.000,1954.000,927.000,2005.000,40.000,51.000,887.000,1954.000,927.000,2005.000,907.000,1979.500,40.000,51.000,0,1.000000,155.930000,29.692064,5.377292
1780475397.781670,,,BOARD_2,0,1,887.000,1954.000,927.000,2005.000,40.000,51.000,887.000,1954.000,927.000,2005.000,40.000,51.000,887.000,1954.000,927.000,2005.000,907.000,1979.500,40.000,51.000,0,1.000000,155.930000,29.692064,5.377292
1780475398.203985,,,BOARD_2,0,0,887.000,1954.000,927.000,2005.000,40.000,51.000,887.000,1954.000,927.000,2005.000,40.000,51.000,887.000,1954.000,927.000,2005.000,907.000,1979.500,40.000,51.000,0,1.000000,155.930000,29.692064,5.377292
1780475398.203985,,,BOARD_2,0,1,891.000,1954.000,931.000,2005.000,40.000,51.000,891.000,1954.000,931.000,2005.000,40.000,51.000,891.000,1954.000,931.000,2005.000,911.000,1979.500,40.000,51.000,0,1.000000,155.930000,29.710293,5.377292
1780475398.473981,,,BOARD_2,0,0,892.000,1954.000,932.000,2005.000,40.000,51.000,892.000,1954.000,932.000,2005.000,40.000,51.000,892.000,1954.000,932.000,2005.000,912.000,1979.500,40.000,51.000,0,1.000000,155.930000,29.714850,5.377292
1780475398.837813,,,BOARD_2,0,0,893.000,1954.000,933.000,2005.000,40.000,51.000,893.000,1954.000,933.000,2005.000,40.000,51.000,893.000,1954.000,933.000,2005.000,913.000,1979.500,40.000,51.000,0,1.000000,155.930000,29.719407,5.377292
1780475399.071484,,,BOARD_2,0,0,877.000,1912.000,941.000,2031.000,64.000,119.000,877.000,1912.000,941.000,2031.000,64.000,119.000,877.000,1912.000,941.000,2031.000,909.000,1971.500,64.000,119.000,0,1.000000,97.460000,29.701178,5.413958
1780475399.353767,,,BOARD_2,0,0,877.000,1911.000,941.000,2030.000,64.000,119.000,877.000,1911.000,941.000,2030.000,64.000,119.000,877.000,1911.000,941.000,2030.000,909.000,1970.500,64.000,119.000,0,1.000000,97.460000,29.701178,5.418542
1780475399.353767,,,BOARD_2,0,1,877.000,1954.000,917.000,2005.000,40.000,51.000,877.000,1954.000,917.000,2005.000,40.000,51.000,877.000,1954.000,917.000,2005.000,897.000,1979.500,40.000,51.000,0,1.000000,155.930000,29.646491,5.377292
1780475399.569126,,,BOARD_2,0,0,874.000,1956.000,914.000,2007.000,40.000,51.000,874.000,1956.000,914.000,2007.000,40.000,51.000,874.000,1956.000,914.000,2007.000,894.000,1981.500,40.000,51.000,0,1.000000,155.930000,29.632819,5.368125
1780475399.891846,,,BOARD_2,0,0,870.000,1957.000,910.000,2008.000,40.000,51.000,870.000,1957.000,910.000,2008.000,40.000,51.000,870.000,1957.000,910.000,2008.000,890.000,1982.500,40.000,51.000,0,1.000000,155.930000,29.614590,5.363542
1780475410.341563,,,BOARD_2,0,0,797.000,1906.000,837.000,1957.000,40.000,51.000,797.000,1906.000,837.000,1957.000,40.000,51.000,797.000,1906.000,837.000,1957.000,817.000,1931.500,40.000,51.000,0,1.000000,155.930000,29.281907,5.597292
1780475410.341563,,,BOARD_2,0,1,796.000,1906.000,836.000,1957.000,40.000,51.000,796.000,1906.000,836.000,1957.000,40.000,51.000,796.000,1906.000,836.000,1957.000,816.000,1931.500,40.000,51.000,0,1.000000,155.930000,29.277350,5.597292
1780475410.897910,,,BOARD_2,0,0,780.000,1880.000,844.000,1999.000,64.000,119.000,780.000,1880.000,844.000,1999.000,64.000,119.000,780.000,1880.000,844.000,1999.000,812.000,1939.500,64.000,119.000,0,1.000000,97.460000,29.259121,5.560625
1780475410.897910,,,BOARD_2,0,1,779.000,1881.000,843.000,2000.000,64.000,119.000,779.000,1881.000,843.000,2000.000,64.000,119.000,779.000,1881.000,843.000,2000.000,811.000,1940.500,64.000,119.000,0,1.000000,97.460000,29.254564,5.556042
1780475411.384027,,,BOARD_2,0,0,778.000,1883.000,842.000,2002.000,64.000,119.000,778.000,1883.000,842.000,2002.000,64.000,119.000,778.000,1883.000,842.000,2002.000,810.000,1942.500,64.000,119.000,0,1.000000,97.460000,29.250006,5.546875
1780475411.664144,,,BOARD_2,0,0,786.000,1922.000,826.000,1973.000,40.000,51.000,786.000,1922.000,826.000,1973.000,40.000,51.000,786.000,1922.000,826.000,1973.000,806.000,1947.500,40.000,51.000,0,1.000000,155.930000,29.231777,5.523958
1780475411.899699,,,BOARD_2,0,0,784.000,1924.000,824.000,1975.000,40.000,51.000,784.000,1924.000,824.000,1975.000,40.000,51.000,784.000,1924.000,824.000,1975.000,804.000,1949.500,40.000,51.000,0,1.000000,155.930000,29.222662,5.514792
1780475412.309922,,,BOARD_2,0,0,787.000,1922.000,827.000,1973.000,40.000,51.000,787.000,1922.000,827.000,1973.000,40.000,51.000,787.000,1922.000,827.000,1973.000,807.000,1947.500,40.000,51.000,0,1.000000,155.930000,29.236334,5.523958
1780475412.564812,,,BOARD_2,0,0,786.000,1923.000,826.000,1974.000,40.000,51.000,786.000,1923.000,826.000,1974.000,40.000,51.000,786.000,1923.000,826.000,1974.000,806.000,1948.500,40.000,51.000,0,1.000000,155.930000,29.231777,5.519375
1780475415.480039,,,BOARD_2,0,0,1067.000,1914.000,1107.000,1965.000,40.000,51.000,1067.000,1914.000,1107.000,1965.000,40.000,51.000,1067.000,1914.000,1107.000,1965.000,1087.000,1939.500,40.000,51.000,0,1.000000,155.930000,30.512376,5.560625
1780475443.664900,,,BOARD_2,0,0,968.000,1652.000,1008.000,1703.000,40.000,51.000,968.000,1652.000,1008.000,1703.000,40.000,51.000,968.000,1652.000,1008.000,1703.000,988.000,1677.500,40.000,51.000,0,1.000000,155.930000,30.061204,6.761458
1780475478.546345,,,BOARD_2,4,0,2774.000,1448.000,2813.000,1499.000,39.000,51.000,2774.000,1448.000,2813.000,1499.000,39.000,51.000,2774.000,1448.000,2813.000,1499.000,2793.500,1473.500,39.000,51.000,0,1.000000,159.930000,346.351094,7.696458
1780475478.546345,,,BOARD_2,4,1,2772.000,1448.000,2811.000,1499.000,39.000,51.000,2772.000,1448.000,2811.000,1499.000,39.000,51.000,2772.000,1448.000,2811.000,1499.000,2791.500,1473.500,39.000,51.000,0,1.000000,159.930000,346.341980,7.696458
1780475479.220698,,,BOARD_2,4,0,2774.000,1452.000,2813.000,1503.000,39.000,51.000,2774.000,1452.000,2813.000,1503.000,39.000,51.000,2774.000,1452.000,2813.000,1503.000,2793.500,1477.500,39.000,51.000,0,1.000000,159.930000,346.351094,7.678125
1780475479.885304,,,BOARD_2,4,0,2768.000,1448.000,2807.000,1499.000,39.000,51.000,2768.000,1448.000,2807.000,1499.000,39.000,51.000,2768.000,1448.000,2807.000,1499.000,2787.500,1473.500,39.000,51.000,0,1.000000,159.930000,346.323751,7.696458
1780475480.378153,,,BOARD_2,4,0,2764.000,1444.000,2803.000,1495.000,39.000,51.000,2764.000,1444.000,2803.000,1495.000,39.000,51.000,2764.000,1444.000,2803.000,1495.000,2783.500,1469.500,39.000,51.000,0,1.000000,159.930000,346.305521,7.714792
1780475480.378153,,,BOARD_2,4,1,2762.000,1443.000,2801.000,1494.000,39.000,51.000,2762.000,1443.000,2801.000,1494.000,39.000,51.000,2762.000,1443.000,2801.000,1494.000,2781.500,1468.500,39.000,51.000,0,1.000000,159.930000,346.296407,7.719375
1780475484.464005,,,BOARD_2,0,0,975.000,1792.000,1039.000,1911.000,64.000,119.000,975.000,1792.000,1039.000,1911.000,64.000,119.000,975.000,1792.000,1039.000,1911.000,1007.000,1851.500,64.000,119.000,0,1.000000,97.460000,30.147793,5.963958
1780475484.464005,,,BOARD_2,0,1,968.000,1794.000,1032.000,1913.000,64.000,119.000,968.000,1794.000,1032.000,1913.000,64.000,119.000,968.000,1794.000,1032.000,1913.000,1000.000,1853.500,64.000,119.000,0,1.000000,97.460000,30.115892,5.954792
1780475556.223327,,,BOARD_6,4,0,2292.000,308.000,2540.000,488.000,248.000,180.000,2292.000,308.000,2540.000,488.000,248.000,180.000,2292.000,308.000,2540.000,488.000,2416.000,398.000,248.000,180.000,0,1.000000,25.150000,324.030717,50.625833
1780475556.752534,,,BOARD_6,4,0,2402.000,347.000,2650.000,527.000,248.000,180.000,2402.000,347.000,2650.000,527.000,248.000,180.000,2402.000,347.000,2650.000,527.000,2526.000,437.000,248.000,180.000,0,1.000000,25.150000,324.532019,50.447083
1780475560.794254,,,BOARD_2,0,0,1187.000,1164.000,1227.000,1216.000,40.000,52.000,1187.000,1164.000,1227.000,1216.000,40.000,52.000,1187.000,1164.000,1227.000,1216.000,1207.000,1190.000,40.000,52.000,0,1.000000,155.930000,31.059251,8.995833
1780475560.794254,,,BOARD_2,0,1,1192.000,1154.000,1232.000,1206.000,40.000,52.000,1192.000,1154.000,1232.000,1206.000,40.000,52.000,1192.000,1154.000,1232.000,1206.000,1212.000,1180.000,40.000,52.000,0,1.000000,155.930000,31.082037,9.041667
1780475561.328668,,,BOARD_2,0,0,1190.000,1122.000,1254.000,1241.000,64.000,119.000,1190.000,1122.000,1254.000,1241.000,64.000,119.000,1190.000,1122.000,1254.000,1241.000,1222.000,1181.500,64.000,119.000,0,1.000000,97.460000,31.127610,9.034792
1780475561.328668,,,BOARD_2,0,1,1195.000,1116.000,1259.000,1235.000,64.000,119.000,1195.000,1116.000,1259.000,1235.000,64.000,119.000,1195.000,1116.000,1259.000,1235.000,1227.000,1175.500,64.000,119.000,0,1.000000,97.460000,31.150397,9.062292
1780475561.834985,,,BOARD_2,0,0,1196.000,1122.000,1260.000,1241.000,64.000,119.000,1196.000,1122.000,1260.000,1241.000,64.000,119.000,1196.000,1122.000,1260.000,1241.000,1228.000,1181.500,64.000,119.000,0,1.000000,97.460000,31.154954,9.034792
1780475561.834985,,,BOARD_2,0,1,1199.000,1119.000,1263.000,1238.000,64.000,119.000,1199.000,1119.000,1263.000,1238.000,64.000,119.000,1199.000,1119.000,1263.000,1238.000,1231.000,1178.500,64.000,119.000,0,1.000000,97.460000,31.168626,9.048542
1780475562.457940,,,BOARD_2,0,0,1149.000,1142.000,1281.000,1233.000,132.000,91.000,1149.000,1142.000,1281.000,1233.000,132.000,91.000,1149.000,1142.000,1281.000,1233.000,1215.000,1187.500,132.000,91.000,0,1.000000,47.250000,31.095709,9.007292
1780475562.457940,,,BOARD_2,0,1,1148.000,1142.000,1280.000,1233.000,132.000,91.000,1148.000,1142.000,1280.000,1233.000,132.000,91.000,1148.000,1142.000,1280.000,1233.000,1214.000,1187.500,132.000,91.000,0,1.000000,47.250000,31.091152,9.007292
1780475564.415868,,,BOARD_2,0,0,1181.000,1188.000,1221.000,1239.000,40.000,51.000,1181.000,1188.000,1221.000,1239.000,40.000,51.000,1181.000,1188.000,1221.000,1239.000,1201.000,1213.500,40.000,51.000,0,1.000000,155.930000,31.031907,8.888125
1780475568.623009,,,BOARD_2,0,0,1170.000,1170.000,1210.000,1221.000,40.000,51.000,1170.000,1170.000,1210.000,1221.000,40.000,51.000,1170.000,1170.000,1210.000,1221.000,1190.000,1195.500,40.000,51.000,0,1.000000,155.930000,30.981777,8.970625
1780475570.399359,,,BOARD_2,0,0,1173.000,1160.000,1213.000,1211.000,40.000,51.000,1173.000,1160.000,1213.000,1211.000,40.000,51.000,1173.000,1160.000,1213.000,1211.000,1193.000,1185.500,40.000,51.000,0,1.000000,155.930000,30.995449,9.016458
1780475571.164016,,,BOARD_2,0,0,1170.000,1160.000,1210.000,1211.000,40.000,51.000,1170.000,1160.000,1210.000,1211.000,40.000,51.000,1170.000,1160.000,1210.000,1211.000,1190.000,1185.500,40.000,51.000,0,1.000000,155.930000,30.981777,9.016458
1780475571.164016,,,BOARD_2,0,1,1170.000,1159.000,1210.000,1210.000,40.000,51.000,1170.000,1159.000,1210.000,1210.000,40.000,51.000,1170.000,1159.000,1210.000,1210.000,1190.000,1184.500,40.000,51.000,0,1.000000,155.930000,30.981777,9.021042
1780475571.779468,,,BOARD_2,0,0,1173.000,1154.000,1213.000,1205.000,40.000,51.000,1173.000,1154.000,1213.000,1205.000,40.000,51.000,1173.000,1154.000,1213.000,1205.000,1193.000,1179.500,40.000,51.000,0,1.000000,155.930000,30.995449,9.043958
1780475571.779468,,,BOARD_2,0,1,1173.000,1153.000,1213.000,1204.000,40.000,51.000,1173.000,1153.000,1213.000,1204.000,40.000,51.000,1173.000,1153.000,1213.000,1204.000,1193.000,1178.500,40.000,51.000,0,1.000000,155.930000,30.995449,9.048542
1780475572.300228,,,BOARD_2,0,0,1078.000,1110.000,1326.000,1290.000,248.000,180.000,1078.000,1110.000,1326.000,1290.000,248.000,180.000,1078.000,1110.000,1326.000,1290.000,1202.000,1200.000,248.000,180.000,0,1.000000,25.150000,31.036465,8.950000
1780475572.300228,,,BOARD_2,0,1,1080.000,1113.000,1328.000,1293.000,248.000,180.000,1080.000,1113.000,1328.000,1293.000,248.000,180.000,1080.000,1113.000,1328.000,1293.000,1204.000,1203.000,248.000,180.000,0,1.000000,25.150000,31.045579,8.936250
1780475572.986494,,,BOARD_2,0,0,1142.000,1192.000,1182.000,1243.000,40.000,51.000,1142.000,1192.000,1182.000,1243.000,40.000,51.000,1142.000,1192.000,1182.000,1243.000,1162.000,1217.500,40.000,51.000,0,1.000000,155.930000,30.854173,8.869792
1780475573.527809,,,BOARD_2,0,0,1113.000,1186.000,1177.000,1305.000,64.000,119.000,1113.000,1186.000,1177.000,1305.000,64.000,119.000,1113.000,1186.000,1177.000,1305.000,1145.000,1245.500,64.000,119.000,0,1.000000,97.460000,30.776699,8.741458
1780475573.527809,,,BOARD_2,0,1,1107.000,1193.000,1171.000,1312.000,64.000,119.000,1107.000,1193.000,1171.000,1312.000,64.000,119.000,1107.000,1193.000,1171.000,1312.000,1139.000,1252.500,64.000,119.000,0,1.000000,97.460000,30.749355,8.709375
1780475579.090700,,,BOARD_2,0,0,1106.000,1258.000,1146.000,1309.000,40.000,51.000,1106.000,1258.000,1146.000,1309.000,40.000,51.000,1106.000,1258.000,1146.000,1309.000,1126.000,1283.500,40.000,51.000,0,1.000000,155.930000,30.690110,8.567292
1780475579.090700,,,BOARD_2,0,1,1107.000,1258.000,1147.000,1309.000,40.000,51.000,1107.000,1258.000,1147.000,1309.000,40.000,51.000,1107.000,1258.000,1147.000,1309.000,1127.000,1283.500,40.000,51.000,0,1.000000,155.930000,30.694668,8.567292
1780475579.777371,,,BOARD_2,0,0,1104.000,1252.000,1144.000,1303.000,40.000,51.000,1104.000,1252.000,1144.000,1303.000,40.000,51.000,1104.000,1252.000,1144.000,1303.000,1124.000,1277.500,40.000,51.000,0,1.000000,155.930000,30.680996,8.594792
1780475579.777371,,,BOARD_2,0,1,1104.000,1251.000,1144.000,1302.000,40.000,51.000,1104.000,1251.000,1144.000,1302.000,40.000,51.000,1104.000,1251.000,1144.000,1302.000,1124.000,1276.500,40.000,51.000,0,1.000000,155.930000,30.680996,8.599375
1780475580.494945,,,BOARD_2,0,0,1108.000,1260.000,1148.000,1311.000,40.000,51.000,1108.000,1260.000,1148.000,1311.000,40.000,51.000,1108.000,1260.000,1148.000,1311.000,1128.000,1285.500,40.000,51.000,0,1.000000,155.930000,30.699225,8.558125
1780475580.494945,,,BOARD_2,0,1,1109.000,1261.000,1149.000,1312.000,40.000,51.000,1109.000,1261.000,1149.000,1312.000,40.000,51.000,1109.000,1261.000,1149.000,1312.000,1129.000,1286.500,40.000,51.000,0,1.000000,155.930000,30.703782,8.553542
1780475581.052820,,,BOARD_2,0,0,1106.000,1258.000,1146.000,1309.000,40.000,51.000,1106.000,1258.000,1146.000,1309.000,40.000,51.000,1106.000,1258.000,1146.000,1309.000,1126.000,1283.500,40.000,51.000,0,1.000000,155.930000,30.690110,8.567292
1780475581.052820,,,BOARD_2,0,1,1106.000,1258.000,1146.000,1309.000,40.000,51.000,1106.000,1258.000,1146.000,1309.000,40.000,51.000,1106.000,1258.000,1146.000,1309.000,1126.000,1283.500,40.000,51.000,0,1.000000,155.930000,30.690110,8.567292
1780475581.738091,,,BOARD_2,0,0,1102.000,1254.000,1142.000,1305.000,40.000,51.000,1102.000,1254.000,1142.000,1305.000,40.000,51.000,1102.000,1254.000,1142.000,1305.000,1122.000,1279.500,40.000,51.000,0,1.000000,155.930000,30.671881,8.585625
1780475582.191206,,,BOARD_2,0,0,1101.000,1253.000,1141.000,1304.000,40.000,51.000,1101.000,1253.000,1141.000,1304.000,40.000,51.000,1101.000,1253.000,1141.000,1304.000,1121.000,1278.500,40.000,51.000,0,1.000000,155.930000,30.667324,8.590208
1780475582.191206,,,BOARD_2,0,1,1094.000,1224.000,1158.000,1343.000,64.000,119.000,1094.000,1224.000,1158.000,1343.000,64.000,119.000,1094.000,1224.000,1158.000,1343.000,1126.000,1283.500,64.000,119.000,0,1.000000,97.460000,30.690110,8.567292
1780475582.558753,,,BOARD_2,0,0,1095.000,1225.000,1159.000,1344.000,64.000,119.000,1095.000,1225.000,1159.000,1344.000,64.000,119.000,1095.000,1225.000,1159.000,1344.000,1127.000,1284.500,64.000,119.000,0,1.000000,97.460000,30.694668,8.562708
1780475582.973075,,,BOARD_2,0,0,1096.000,1226.000,1160.000,1345.000,64.000,119.000,1096.000,1226.000,1160.000,1345.000,64.000,119.000,1096.000,1226.000,1160.000,1345.000,1128.000,1285.500,64.000,119.000,0,1.000000,97.460000,30.699225,8.558125
1780475582.973075,,,BOARD_2,0,1,996.000,1220.000,1244.000,1399.000,248.000,179.000,996.000,1220.000,1244.000,1399.000,248.000,179.000,996.000,1220.000,1244.000,1399.000,1120.000,1309.500,248.000,179.000,0,1.000000,25.150000,30.662767,8.448125
1780475583.209378,,,BOARD_2,0,0,995.000,1225.000,1243.000,1404.000,248.000,179.000,995.000,1225.000,1243.000,1404.000,248.000,179.000,995.000,1225.000,1243.000,1404.000,1119.000,1314.500,248.000,179.000,0,1.000000,25.150000,30.658209,8.425208
1780475583.725775,,,BOARD_2,0,0,1079.000,1290.000,1119.000,1341.000,40.000,51.000,1079.000,1290.000,1119.000,1341.000,40.000,51.000,1079.000,1290.000,1119.000,1341.000,1099.000,1315.500,40.000,51.000,0,1.000000,155.930000,30.567064,8.420625
1780475584.952727,,,BOARD_2,0,0,1050.000,1280.000,1114.000,1399.000,64.000,119.000,1050.000,1280.000,1114.000,1399.000,64.000,119.000,1050.000,1280.000,1114.000,1399.000,1082.000,1339.500,64.000,119.000,0,1.000000,97.460000,30.489590,8.310625
1780475587.908628,,,BOARD_2,0,0,1049.000,1324.000,1089.000,1375.000,40.000,51.000,1049.000,1324.000,1089.000,1375.000,40.000,51.000,1049.000,1324.000,1089.000,1375.000,1069.000,1349.500,40.000,51.000,0,1.000000,155.930000,30.430345,8.264792
1780475588.441690,,,BOARD_2,0,0,1050.000,1328.000,1090.000,1379.000,40.000,51.000,1050.000,1328.000,1090.000,1379.000,40.000,51.000,1050.000,1328.000,1090.000,1379.000,1070.000,1353.500,40.000,51.000,0,1.000000,155.930000,30.434902,8.246458
1780475588.441690,,,BOARD_2,0,1,1050.000,1329.000,1090.000,1380.000,40.000,51.000,1050.000,1329.000,1090.000,1380.000,40.000,51.000,1050.000,1329.000,1090.000,1380.000,1070.000,1354.500,40.000,51.000,0,1.000000,155.930000,30.434902,8.241875
1780475589.108453,,,BOARD_2,0,0,1053.000,1334.000,1093.000,1385.000,40.000,51.000,1053.000,1334.000,1093.000,1385.000,40.000,51.000,1053.000,1334.000,1093.000,1385.000,1073.000,1359.500,40.000,51.000,0,1.000000,155.930000,30.448574,8.218958
1780475589.108453,,,BOARD_2,0,1,1053.000,1335.000,1093.000,1386.000,40.000,51.000,1053.000,1335.000,1093.000,1386.000,40.000,51.000,1053.000,1335.000,1093.000,1386.000,1073.000,1360.500,40.000,51.000,0,1.000000,155.930000,30.448574,8.214375
1780475589.804888,,,BOARD_2,0,0,1050.000,1332.000,1090.000,1383.000,40.000,51.000,1050.000,1332.000,1090.000,1383.000,40.000,51.000,1050.000,1332.000,1090.000,1383.000,1070.000,1357.500,40.000,51.000,0,1.000000,155.930000,30.434902,8.228125
1780475589.804888,,,BOARD_2,0,1,1050.000,1332.000,1090.000,1383.000,40.000,51.000,1050.000,1332.000,1090.000,1383.000,40.000,51.000,1050.000,1332.000,1090.000,1383.000,1070.000,1357.500,40.000,51.000,0,1.000000,155.930000,30.434902,8.228125
1780475590.594525,,,BOARD_2,0,0,1053.000,1328.000,1093.000,1379.000,40.000,51.000,1053.000,1328.000,1093.000,1379.000,40.000,51.000,1053.000,1328.000,1093.000,1379.000,1073.000,1353.500,40.000,51.000,0,1.000000,155.930000,30.448574,8.246458
1780475590.594525,,,BOARD_2,0,1,1053.000,1327.000,1093.000,1378.000,40.000,51.000,1053.000,1327.000,1093.000,1378.000,40.000,51.000,1053.000,1327.000,1093.000,1378.000,1073.000,1352.500,40.000,51.000,0,1.000000,155.930000,30.448574,8.251042
1780475591.212494,,,BOARD_2,0,0,1046.000,1296.000,1110.000,1415.000,64.000,119.000,1046.000,1296.000,1110.000,1415.000,64.000,119.000,1046.000,1296.000,1110.000,1415.000,1078.000,1355.500,64.000,119.000,0,1.000000,97.460000,30.471360,8.237292
1780475591.212494,,,BOARD_2,0,1,1047.000,1296.000,1111.000,1415.000,64.000,119.000,1047.000,1296.000,1111.000,1415.000,64.000,119.000,1047.000,1296.000,1111.000,1415.000,1079.000,1355.500,64.000,119.000,0,1.000000,97.460000,30.475918,8.237292
1780475594.573286,,,BOARD_2,0,0,1047.000,1344.000,1087.000,1395.000,40.000,51.000,1047.000,1344.000,1087.000,1395.000,40.000,51.000,1047.000,1344.000,1087.000,1395.000,1067.000,1369.500,40.000,51.000,0,1.000000,155.930000,30.421230,8.173125
1780475594.812288,,,BOARD_2,0,0,1046.000,1345.000,1086.000,1396.000,40.000,51.000,1046.000,1345.000,1086.000,1396.000,40.000,51.000,1046.000,1345.000,1086.000,1396.000,1066.000,1370.500,40.000,51.000,0,1.000000,155.930000,30.416673,8.168542
1780475595.301410,,,BOARD_2,0,0,1049.000,1342.000,1089.000,1393.000,40.000,51.000,1049.000,1342.000,1089.000,1393.000,40.000,51.000,1049.000,1342.000,1089.000,1393.000,1069.000,1367.500,40.000,51.000,0,1.000000,155.930000,30.430345,8.182292
1780475595.301410,,,BOARD_2,0,1,1049.000,1342.000,1089.000,1393.000,40.000,51.000,1049.000,1342.000,1089.000,1393.000,40.000,51.000,1049.000,1342.000,1089.000,1393.000,1069.000,1367.500,40.000,51.000,0,1.000000,155.930000,30.430345,8.182292
1780475595.900393,,,BOARD_2,0,0,1045.000,1338.000,1085.000,1389.000,40.000,51.000,1045.000,1338.000,1085.000,1389.000,40.000,51.000,1045.000,1338.000,1085.000,1389.000,1065.000,1363.500,40.000,51.000,0,1.000000,155.930000,30.412116,8.200625
1780475595.900393,,,BOARD_2,0,1,1044.000,1337.000,1084.000,1388.000,40.000,51.000,1044.000,1337.000,1084.000,1388.000,40.000,51.000,1044.000,1337.000,1084.000,1388.000,1064.000,1362.500,40.000,51.000,0,1.000000,155.930000,30.407558,8.205208
1780475596.516275,,,BOARD_2,0,0,1048.000,1340.000,1088.000,1391.000,40.000,51.000,1048.000,1340.000,1088.000,1391.000,40.000,51.000,1048.000,1340.000,1088.000,1391.000,1068.000,1365.500,40.000,51.000,0,1.000000,155.930000,30.425787,8.191458
1780475596.516275,,,BOARD_2,0,1,1048.000,1340.000,1088.000,1391.000,40.000,51.000,1048.000,1340.000,1088.000,1391.000,40.000,51.000,1048.000,1340.000,1088.000,1391.000,1068.000,1365.500,40.000,51.000,0,1.000000,155.930000,30.425787,8.191458
1780475596.899272,,,BOARD_2,0,0,1048.000,1340.000,1088.000,1391.000,40.000,51.000,1048.000,1340.000,1088.000,1391.000,40.000,51.000,1048.000,1340.000,1088.000,1391.000,1068.000,1365.500,40.000,51.000,0,1.000000,155.930000,30.425787,8.191458
1780475596.899272,,,BOARD_2,0,1,1044.000,1336.000,1084.000,1387.000,40.000,51.000,1044.000,1336.000,1084.000,1387.000,40.000,51.000,1044.000,1336.000,1084.000,1387.000,1064.000,1361.500,40.000,51.000,0,1.000000,155.930000,30.407558,8.209792
1780475597.186965,,,BOARD_2,0,0,1043.000,1335.000,1083.000,1386.000,40.000,51.000,1043.000,1335.000,1083.000,1386.000,40.000,51.000,1043.000,1335.000,1083.000,1386.000,1063.000,1360.500,40.000,51.000,0,1.000000,155.930000,30.403001,8.214375
1780475597.426399,,,BOARD_2,0,0,1043.000,1335.000,1083.000,1386.000,40.000,51.000,1043.000,1335.000,1083.000,1386.000,40.000,51.000,1043.000,1335.000,1083.000,1386.000,1063.000,1360.500,40.000,51.000,0,1.000000,155.930000,30.403001,8.214375
1780475597.426399,,,BOARD_2,0,1,1055.000,1338.000,1095.000,1389.000,40.000,51.000,1055.000,1338.000,1095.000,1389.000,40.000,51.000,1055.000,1338.000,1095.000,1389.000,1075.000,1363.500,40.000,51.000,0,1.000000,155.930000,30.457689,8.200625
1780475597.658582,,,BOARD_2,0,0,1057.000,1338.000,1097.000,1389.000,40.000,51.000,1057.000,1338.000,1097.000,1389.000,40.000,51.000,1057.000,1338.000,1097.000,1389.000,1077.000,1363.500,40.000,51.000,0,1.000000,155.930000,30.466803,8.200625
1780475598.152995,,,BOARD_2,0,0,1046.000,1342.000,1086.000,1393.000,40.000,51.000,1046.000,1342.000,1086.000,1393.000,40.000,51.000,1046.000,1342.000,1086.000,1393.000,1066.000,1367.500,40.000,51.000,0,1.000000,155.930000,30.416673,8.182292
1780475598.415734,,,BOARD_2,0,0,1046.000,1343.000,1086.000,1394.000,40.000,51.000,1046.000,1343.000,1086.000,1394.000,40.000,51.000,1046.000,1343.000,1086.000,1394.000,1066.000,1368.500,40.000,51.000,0,1.000000,155.930000,30.416673,8.177708
1780475598.415734,,,BOARD_2,0,1,1050.000,1338.000,1090.000,1389.000,40.000,51.000,1050.000,1338.000,1090.000,1389.000,40.000,51.000,1050.000,1338.000,1090.000,1389.000,1070.000,1363.500,40.000,51.000,0,1.000000,155.930000,30.434902,8.200625
1780475598.677452,,,BOARD_2,0,0,1051.000,1337.000,1091.000,1388.000,40.000,51.000,1051.000,1337.000,1091.000,1388.000,40.000,51.000,1051.000,1337.000,1091.000,1388.000,1071.000,1362.500,40.000,51.000,0,1.000000,155.930000,30.439459,8.205208
1780475598.978717,,,BOARD_2,0,0,1052.000,1336.000,1092.000,1387.000,40.000,51.000,1052.000,1336.000,1092.000,1387.000,40.000,51.000,1052.000,1336.000,1092.000,1387.000,1072.000,1361.500,40.000,51.000,0,1.000000,155.930000,30.444017,8.209792
1780475598.978717,,,BOARD_2,0,1,1048.000,1340.000,1088.000,1391.000,40.000,51.000,1048.000,1340.000,1088.000,1391.000,40.000,51.000,1048.000,1340.000,1088.000,1391.000,1068.000,1365.500,40.000,51.000,0,1.000000,155.930000,30.425787,8.191458
1780475599.252256,,,BOARD_2,0,0,1048.000,1340.000,1088.000,1391.000,40.000,51.000,1048.000,1340.000,1088.000,1391.000,40.000,51.000,1048.000,1340.000,1088.000,1391.000,1068.000,1365.500,40.000,51.000,0,1.000000,155.930000,30.425787,8.191458
1780475599.527218,,,BOARD_2,0,0,1048.000,1340.000,1088.000,1391.000,40.000,51.000,1048.000,1340.000,1088.000,1391.000,40.000,51.000,1048.000,1340.000,1088.000,1391.000,1068.000,1365.500,40.000,51.000,0,1.000000,155.930000,30.425787,8.191458
1780475599.527218,,,BOARD_2,0,1,1052.000,1344.000,1092.000,1395.000,40.000,51.000,1052.000,1344.000,1092.000,1395.000,40.000,51.000,1052.000,1344.000,1092.000,1395.000,1072.000,1369.500,40.000,51.000,0,1.000000,155.930000,30.444017,8.173125
1780475599.751434,,,BOARD_2,0,0,1053.000,1345.000,1093.000,1396.000,40.000,51.000,1053.000,1345.000,1093.000,1396.000,40.000,51.000,1053.000,1345.000,1093.000,1396.000,1073.000,1370.500,40.000,51.000,0,1.000000,155.930000,30.448574,8.168542
1780475600.135360,,,BOARD_2,0,0,1053.000,1345.000,1093.000,1396.000,40.000,51.000,1053.000,1345.000,1093.000,1396.000,40.000,51.000,1053.000,1345.000,1093.000,1396.000,1073.000,1370.500,40.000,51.000,0,1.000000,155.930000,30.448574,8.168542
1780475600.382003,,,BOARD_2,0,0,1049.000,1348.000,1089.000,1399.000,40.000,51.000,1049.000,1348.000,1089.000,1399.000,40.000,51.000,1049.000,1348.000,1089.000,1399.000,1069.000,1373.500,40.000,51.000,0,1.000000,155.930000,30.430345,8.154792
1780475600.382003,,,BOARD_2,0,1,1049.000,1349.000,1089.000,1400.000,40.000,51.000,1049.000,1349.000,1089.000,1400.000,40.000,51.000,1049.000,1349.000,1089.000,1400.000,1069.000,1374.500,40.000,51.000,0,1.000000,155.930000,30.430345,8.150208
1780475600.841150,,,BOARD_2,0,0,1049.000,1350.000,1089.000,1401.000,40.000,51.000,1049.000,1350.000,1089.000,1401.000,40.000,51.000,1049.000,1350.000,1089.000,1401.000,1069.000,1375.500,40.000,51.000,0,1.000000,155.930000,30.430345,8.145625
1780475602.185205,,,BOARD_2,0,0,1048.000,1336.000,1088.000,1387.000,40.000,51.000,1048.000,1336.000,1088.000,1387.000,40.000,51.000,1048.000,1336.000,1088.000,1387.000,1068.000,1361.500,40.000,51.000,0,1.000000,155.930000,30.425787,8.209792
1780475602.885694,,,BOARD_2,0,0,1046.000,1338.000,1086.000,1389.000,40.000,51.000,1046.000,1338.000,1086.000,1389.000,40.000,51.000,1046.000,1338.000,1086.000,1389.000,1066.000,1363.500,40.000,51.000,0,1.000000,155.930000,30.416673,8.200625
1780475603.369955,,,BOARD_2,0,0,1050.000,1342.000,1090.000,1393.000,40.000,51.000,1050.000,1342.000,1090.000,1393.000,40.000,51.000,1050.000,1342.000,1090.000,1393.000,1070.000,1367.500,40.000,51.000,0,1.000000,155.930000,30.434902,8.182292
1780475603.369955,,,BOARD_2,0,1,1051.000,1343.000,1091.000,1394.000,40.000,51.000,1051.000,1343.000,1091.000,1394.000,40.000,51.000,1051.000,1343.000,1091.000,1394.000,1071.000,1368.500,40.000,51.000,0,1.000000,155.930000,30.439459,8.177708
1780475606.903671,,,BOARD_2,0,0,937.000,1296.000,1185.000,1475.000,248.000,179.000,937.000,1296.000,1185.000,1475.000,248.000,179.000,937.000,1296.000,1185.000,1475.000,1061.000,1385.500,248.000,179.000,0,1.000000,25.150000,30.393886,8.099792
1780475610.182295,,,BOARD_2,0,0,1006.000,1396.000,1046.000,1447.000,40.000,51.000,1006.000,1396.000,1046.000,1447.000,40.000,51.000,1006.000,1396.000,1046.000,1447.000,1026.000,1421.500,40.000,51.000,0,1.000000,155.930000,30.234381,7.934792
1780475610.672822,,,BOARD_2,0,0,1000.000,1400.000,1040.000,1451.000,40.000,51.000,1000.000,1400.000,1040.000,1451.000,40.000,51.000,1000.000,1400.000,1040.000,1451.000,1020.000,1425.500,40.000,51.000,0,1.000000,155.930000,30.207037,7.916458
1780475610.672822,,,BOARD_2,0,1,998.000,1402.000,1038.000,1453.000,40.000,51.000,998.000,1402.000,1038.000,1453.000,40.000,51.000,998.000,1402.000,1038.000,1453.000,1018.000,1427.500,40.000,51.000,0,1.000000,155.930000,30.197923,7.907292
1780475611.343285,,,BOARD_2,0,0,1001.000,1400.000,1041.000,1451.000,40.000,51.000,1001.000,1400.000,1041.000,1451.000,40.000,51.000,1001.000,1400.000,1041.000,1451.000,1021.000,1425.500,40.000,51.000,0,1.000000,155.930000,30.211595,7.916458
1780475611.343285,,,BOARD_2,0,1,1000.000,1401.000,1040.000,1452.000,40.000,51.000,1000.000,1401.000,1040.000,1452.000,40.000,51.000,1000.000,1401.000,1040.000,1452.000,1020.000,1426.500,40.000,51.000,0,1.000000,155.930000,30.207037,7.911875
1780475611.842916,,,BOARD_2,0,0,996.000,1406.000,1036.000,1457.000,40.000,51.000,996.000,1406.000,1036.000,1457.000,40.000,51.000,996.000,1406.000,1036.000,1457.000,1016.000,1431.500,40.000,51.000,0,1.000000,155.930000,30.188808,7.888958
1780475611.842916,,,BOARD_2,0,1,995.000,1408.000,1035.000,1459.000,40.000,51.000,995.000,1408.000,1035.000,1459.000,40.000,51.000,995.000,1408.000,1035.000,1459.000,1015.000,1433.500,40.000,51.000,0,1.000000,155.930000,30.184251,7.879792
1780475612.338147,,,BOARD_2,0,0,998.000,1404.000,1038.000,1455.000,40.000,51.000,998.000,1404.000,1038.000,1455.000,40.000,51.000,998.000,1404.000,1038.000,1455.000,1018.000,1429.500,40.000,51.000,0,1.000000,155.930000,30.197923,7.898125
1780475612.338147,,,BOARD_2,0,1,998.000,1404.000,1038.000,1455.000,40.000,51.000,998.000,1404.000,1038.000,1455.000,40.000,51.000,998.000,1404.000,1038.000,1455.000,1018.000,1429.500,40.000,51.000,0,1.000000,155.930000,30.197923,7.898125
1780475612.885717,,,BOARD_2,0,0,994.000,1408.000,1033.000,1459.000,39.000,51.000,994.000,1408.000,1033.000,1459.000,39.000,51.000,994.000,1408.000,1033.000,1459.000,1013.500,1433.500,39.000,51.000,0,1.000000,159.930000,30.177415,7.879792
1780475612.885717,,,BOARD_2,0,1,993.000,1409.000,1032.000,1460.000,39.000,51.000,993.000,1409.000,1032.000,1460.000,39.000,51.000,993.000,1409.000,1032.000,1460.000,1012.500,1434.500,39.000,51.000,0,1.000000,159.930000,30.172858,7.875208
1780475613.346523,,,BOARD_2,0,0,992.000,1410.000,1031.000,1461.000,39.000,51.000,992.000,1410.000,1031.000,1461.000,39.000,51.000,992.000,1410.000,1031.000,1461.000,1011.500,1435.500,39.000,51.000,0,1.000000,159.930000,30.168301,7.870625
1780475613.559558,,,BOARD_2,0,0,1004.000,1406.000,1043.000,1457.000,39.000,51.000,1004.000,1406.000,1043.000,1457.000,39.000,51.000,1004.000,1406.000,1043.000,1457.000,1023.500,1431.500,39.000,51.000,0,1.000000,159.930000,30.222988,7.888958
1780475613.816161,,,BOARD_2,0,0,1005.000,1406.000,1044.000,1457.000,39.000,51.000,1005.000,1406.000,1044.000,1457.000,39.000,51.000,1005.000,1406.000,1044.000,1457.000,1024.500,1431.500,39.000,51.000,0,1.000000,159.930000,30.227545,7.888958
1780475613.816161,,,BOARD_2,0,1,1000.000,1402.000,1039.000,1453.000,39.000,51.000,1000.000,1402.000,1039.000,1453.000,39.000,51.000,1000.000,1402.000,1039.000,1453.000,1019.500,1427.500,39.000,51.000,0,1.000000,159.930000,30.204759,7.907292
1780475614.064344,,,BOARD_2,0,0,999.000,1401.000,1038.000,1452.000,39.000,51.000,999.000,1401.000,1038.000,1452.000,39.000,51.000,999.000,1401.000,1038.000,1452.000,1018.500,1426.500,39.000,51.000,0,1.000000,159.930000,30.200202,7.911875
1780475614.325428,,,BOARD_2,0,0,999.000,1400.000,1038.000,1451.000,39.000,51.000,999.000,1400.000,1038.000,1451.000,39.000,51.000,999.000,1400.000,1038.000,1451.000,1018.500,1425.500,39.000,51.000,0,1.000000,159.930000,30.200202,7.916458
1780475622.496901,,,BOARD_2,0,0,992.000,1404.000,1032.000,1455.000,40.000,51.000,992.000,1404.000,1032.000,1455.000,40.000,51.000,992.000,1404.000,1032.000,1455.000,1012.000,1429.500,40.000,51.000,0,1.000000,155.930000,30.170579,7.898125
1780475627.832582,,,BOARD_2,0,0,968.000,1456.000,1007.000,1507.000,39.000,51.000,968.000,1456.000,1007.000,1507.000,39.000,51.000,968.000,1456.000,1007.000,1507.000,987.500,1481.500,39.000,51.000,0,1.000000,159.930000,30.058926,7.659792
1780475627.832582,,,BOARD_2,0,1,969.000,1457.000,1008.000,1508.000,39.000,51.000,969.000,1457.000,1008.000,1508.000,39.000,51.000,969.000,1457.000,1008.000,1508.000,988.500,1482.500,39.000,51.000,0,1.000000,159.930000,30.063483,7.655208
1780475631.545877,,,BOARD_2,0,0,956.000,1470.000,996.000,1521.000,40.000,51.000,956.000,1470.000,996.000,1521.000,40.000,51.000,956.000,1470.000,996.000,1521.000,976.000,1495.500,40.000,51.000,0,1.000000,155.930000,30.006517,7.595625
1780475632.080199,,,BOARD_2,0,0,960.000,1474.000,999.000,1525.000,39.000,51.000,960.000,1474.000,999.000,1525.000,39.000,51.000,960.000,1474.000,999.000,1525.000,979.500,1499.500,39.000,51.000,0,1.000000,159.930000,30.022467,7.577292
1780475632.080199,,,BOARD_2,0,1,961.000,1475.000,1000.000,1526.000,39.000,51.000,961.000,1475.000,1000.000,1526.000,39.000,51.000,961.000,1475.000,1000.000,1526.000,980.500,1500.500,39.000,51.000,0,1.000000,159.930000,30.027024,7.572708
1780475641.904358,,,BOARD_2,0,0,962.000,1466.000,1001.000,1517.000,39.000,51.000,962.000,1466.000,1001.000,1517.000,39.000,51.000,962.000,1466.000,1001.000,1517.000,981.500,1491.500,39.000,51.000,0,1.000000,159.930000,30.031582,7.613958
1780475642.532813,,,BOARD_2,0,0,952.000,1462.000,991.000,1513.000,39.000,51.000,952.000,1462.000,991.000,1513.000,39.000,51.000,952.000,1462.000,991.000,1513.000,971.500,1487.500,39.000,51.000,0,1.000000,159.930000,29.986009,7.632292
1780475643.123314,,,BOARD_2,0,0,952.000,1464.000,991.000,1515.000,39.000,51.000,952.000,1464.000,991.000,1515.000,39.000,51.000,952.000,1464.000,991.000,1515.000,971.500,1489.500,39.000,51.000,0,1.000000,159.930000,29.986009,7.623125
1780475643.123314,,,BOARD_2,0,1,951.000,1464.000,990.000,1515.000,39.000,51.000,951.000,1464.000,990.000,1515.000,39.000,51.000,951.000,1464.000,990.000,1515.000,970.500,1489.500,39.000,51.000,0,1.000000,159.930000,29.981452,7.623125
1780475644.917111,,,BOARD_2,0,0,956.000,1464.000,996.000,1515.000,40.000,51.000,956.000,1464.000,996.000,1515.000,40.000,51.000,956.000,1464.000,996.000,1515.000,976.000,1489.500,40.000,51.000,0,1.000000,155.930000,30.006517,7.623125
1780475645.532513,,,BOARD_2,0,0,958.000,1470.000,997.000,1521.000,39.000,51.000,958.000,1470.000,997.000,1521.000,39.000,51.000,958.000,1470.000,997.000,1521.000,977.500,1495.500,39.000,51.000,0,1.000000,159.930000,30.013353,7.595625
1780475645.532513,,,BOARD_2,0,1,958.000,1472.000,997.000,1523.000,39.000,51.000,958.000,1472.000,997.000,1523.000,39.000,51.000,958.000,1472.000,997.000,1523.000,977.500,1497.500,39.000,51.000,0,1.000000,159.930000,30.013353,7.586458
1780475647.553943,,,BOARD_2,0,0,956.000,1462.000,995.000,1513.000,39.000,51.000,956.000,1462.000,995.000,1513.000,39.000,51.000,956.000,1462.000,995.000,1513.000,975.500,1487.500,39.000,51.000,0,1.000000,159.930000,30.004238,7.632292
1780475648.291169,,,BOARD_2,0,0,958.000,1464.000,997.000,1515.000,39.000,51.000,958.000,1464.000,997.000,1515.000,39.000,51.000,958.000,1464.000,997.000,1515.000,977.500,1489.500,39.000,51.000,0,1.000000,159.930000,30.013353,7.623125
1780475648.291169,,,BOARD_2,0,1,958.000,1464.000,997.000,1515.000,39.000,51.000,958.000,1464.000,997.000,1515.000,39.000,51.000,958.000,1464.000,997.000,1515.000,977.500,1489.500,39.000,51.000,0,1.000000,159.930000,30.013353,7.623125
1780475648.799516,,,BOARD_2,0,0,954.000,1460.000,993.000,1511.000,39.000,51.000,954.000,1460.000,993.000,1511.000,39.000,51.000,954.000,1460.000,993.000,1511.000,973.500,1485.500,39.000,51.000,0,1.000000,159.930000,29.995123,7.641458
1780475648.799516,,,BOARD_2,0,1,953.000,1459.000,992.000,1510.000,39.000,51.000,953.000,1459.000,992.000,1510.000,39.000,51.000,953.000,1459.000,992.000,1510.000,972.500,1484.500,39.000,51.000,0,1.000000,159.930000,29.990566,7.646042
1780475649.371535,,,BOARD_2,0,0,956.000,1462.000,996.000,1513.000,40.000,51.000,956.000,1462.000,996.000,1513.000,40.000,51.000,956.000,1462.000,996.000,1513.000,976.000,1487.500,40.000,51.000,0,1.000000,155.930000,30.006517,7.632292
1780475649.371535,,,BOARD_2,0,1,956.000,1462.000,996.000,1513.000,40.000,51.000,956.000,1462.000,996.000,1513.000,40.000,51.000,956.000,1462.000,996.000,1513.000,976.000,1487.500,40.000,51.000,0,1.000000,155.930000,30.006517,7.632292
1780475649.937266,,,BOARD_2,0,0,960.000,1466.000,999.000,1517.000,39.000,51.000,960.000,1466.000,999.000,1517.000,39.000,51.000,960.000,1466.000,999.000,1517.000,979.500,1491.500,39.000,51.000,0,1.000000,159.930000,30.022467,7.613958
1780475649.937266,,,BOARD_2,0,1,961.000,1467.000,1000.000,1518.000,39.000,51.000,961.000,1467.000,1000.000,1518.000,39.000,51.000,961.000,1467.000,1000.000,1518.000,980.500,1492.500,39.000,51.000,0,1.000000,159.930000,30.027024,7.609375
1780475650.464671,,,BOARD_2,0,0,956.000,1464.000,995.000,1515.000,39.000,51.000,956.000,1464.000,995.000,1515.000,39.000,51.000,956.000,1464.000,995.000,1515.000,975.500,1489.500,39.000,51.000,0,1.000000,159.930000,30.004238,7.623125
1780475650.464671,,,BOARD_2,0,1,956.000,1464.000,995.000,1515.000,39.000,51.000,956.000,1464.000,995.000,1515.000,39.000,51.000,956.000,1464.000,995.000,1515.000,975.500,1489.500,39.000,51.000,0,1.000000,159.930000,30.004238,7.623125
1780475651.040474,,,BOARD_2,0,0,955.000,1464.000,994.000,1515.000,39.000,51.000,955.000,1464.000,994.000,1515.000,39.000,51.000,955.000,1464.000,994.000,1515.000,974.500,1489.500,39.000,51.000,0,1.000000,159.930000,29.999681,7.623125
1780475651.040474,,,BOARD_2,0,1,958.000,1460.000,997.000,1511.000,39.000,51.000,958.000,1460.000,997.000,1511.000,39.000,51.000,958.000,1460.000,997.000,1511.000,977.500,1485.500,39.000,51.000,0,1.000000,159.930000,30.013353,7.641458
1780475651.300148,,,BOARD_2,0,0,958.000,1459.000,997.000,1510.000,39.000,51.000,958.000,1459.000,997.000,1510.000,39.000,51.000,958.000,1459.000,997.000,1510.000,977.500,1484.500,39.000,51.000,0,1.000000,159.930000,30.013353,7.646042
1780475651.611975,,,BOARD_2,0,0,958.000,1459.000,997.000,1510.000,39.000,51.000,958.000,1459.000,997.000,1510.000,39.000,51.000,958.000,1459.000,997.000,1510.000,977.500,1484.500,39.000,51.000,0,1.000000,159.930000,30.013353,7.646042
1780475651.611975,,,BOARD_2,0,1,954.000,1462.000,994.000,1513.000,40.000,51.000,954.000,1462.000,994.000,1513.000,40.000,51.000,954.000,1462.000,994.000,1513.000,974.000,1487.500,40.000,51.000,0,1.000000,155.930000,29.997402,7.632292
1780475651.907506,,,BOARD_2,0,0,953.000,1462.000,993.000,1513.000,40.000,51.000,953.000,1462.000,993.000,1513.000,40.000,51.000,953.000,1462.000,993.000,1513.000,973.000,1487.500,40.000,51.000,0,1.000000,155.930000,29.992845,7.632292
1780475652.180159,,,BOARD_2,0,0,953.000,1462.000,993.000,1513.000,40.000,51.000,953.000,1462.000,993.000,1513.000,40.000,51.000,953.000,1462.000,993.000,1513.000,973.000,1487.500,40.000,51.000,0,1.000000,155.930000,29.992845,7.632292
1780475652.180159,,,BOARD_2,0,1,957.000,1466.000,996.000,1517.000,39.000,51.000,957.000,1466.000,996.000,1517.000,39.000,51.000,957.000,1466.000,996.000,1517.000,976.500,1491.500,39.000,51.000,0,1.000000,159.930000,30.008795,7.613958
1780475652.402868,,,BOARD_2,0,0,957.000,1467.000,996.000,1518.000,39.000,51.000,957.000,1467.000,996.000,1518.000,39.000,51.000,957.000,1467.000,996.000,1518.000,976.500,1492.500,39.000,51.000,0,1.000000,159.930000,30.008795,7.609375
1780475652.735109,,,BOARD_2,0,0,957.000,1467.000,996.000,1518.000,39.000,51.000,957.000,1467.000,996.000,1518.000,39.000,51.000,957.000,1467.000,996.000,1518.000,976.500,1492.500,39.000,51.000,0,1.000000,159.930000,30.008795,7.609375
1780475652.735109,,,BOARD_2,0,1,952.000,1462.000,992.000,1513.000,40.000,51.000,952.000,1462.000,992.000,1513.000,40.000,51.000,952.000,1462.000,992.000,1513.000,972.000,1487.500,40.000,51.000,0,1.000000,155.930000,29.988287,7.632292
1780475652.952742,,,BOARD_2,0,0,951.000,1462.000,991.000,1513.000,40.000,51.000,951.000,1462.000,991.000,1513.000,40.000,51.000,951.000,1462.000,991.000,1513.000,971.000,1487.500,40.000,51.000,0,1.000000,155.930000,29.983730,7.632292
1780475653.321490,,,BOARD_2,0,0,951.000,1461.000,991.000,1512.000,40.000,51.000,951.000,1461.000,991.000,1512.000,40.000,51.000,951.000,1461.000,991.000,1512.000,971.000,1486.500,40.000,51.000,0,1.000000,155.930000,29.983730,7.636875
1780475653.321490,,,BOARD_2,0,1,955.000,1464.000,995.000,1515.000,40.000,51.000,955.000,1464.000,995.000,1515.000,40.000,51.000,955.000,1464.000,995.000,1515.000,975.000,1489.500,40.000,51.000,0,1.000000,155.930000,30.001959,7.623125
1780475653.633423,,,BOARD_2,0,0,955.000,1464.000,995.000,1515.000,40.000,51.000,955.000,1464.000,995.000,1515.000,40.000,51.000,955.000,1464.000,995.000,1515.000,975.000,1489.500,40.000,51.000,0,1.000000,155.930000,30.001959,7.623125
1780475654.112573,,,BOARD_2,0,0,955.000,1464.000,995.000,1515.000,40.000,51.000,955.000,1464.000,995.000,1515.000,40.000,51.000,955.000,1464.000,995.000,1515.000,975.000,1489.500,40.000,51.000,0,1.000000,155.930000,30.001959,7.623125
1780475664.047069,,,BOARD_2,0,0,906.000,1536.000,945.000,1587.000,39.000,51.000,906.000,1536.000,945.000,1587.000,39.000,51.000,906.000,1536.000,945.000,1587.000,925.500,1561.500,39.000,51.000,0,1.000000,159.930000,29.776373,7.293125
1780475670.624343,,,BOARD_2,0,0,908.000,1538.000,947.000,1589.000,39.000,51.000,908.000,1538.000,947.000,1589.000,39.000,51.000,908.000,1538.000,947.000,1589.000,927.500,1563.500,39.000,51.000,0,1.000000,159.930000,29.785488,7.283958
1780475679.650551,,,BOARD_2,0,0,898.000,1542.000,937.000,1593.000,39.000,51.000,898.000,1542.000,937.000,1593.000,39.000,51.000,898.000,1542.000,937.000,1593.000,917.500,1567.500,39.000,51.000,0,1.000000,159.930000,29.739915,7.265625
1780475680.311112,,,BOARD_2,0,0,902.000,1546.000,941.000,1597.000,39.000,51.000,902.000,1546.000,941.000,1597.000,39.000,51.000,902.000,1546.000,941.000,1597.000,921.500,1571.500,39.000,51.000,0,1.000000,159.930000,29.758144,7.247292
1780475680.311112,,,BOARD_2,0,1,903.000,1547.000,942.000,1598.000,39.000,51.000,903.000,1547.000,942.000,1598.000,39.000,51.000,903.000,1547.000,942.000,1598.000,922.500,1572.500,39.000,51.000,0,1.000000,159.930000,29.762702,7.242708
1780475680.813195,,,BOARD_2,0,0,898.000,1544.000,937.000,1595.000,39.000,51.000,898.000,1544.000,937.000,1595.000,39.000,51.000,898.000,1544.000,937.000,1595.000,917.500,1569.500,39.000,51.000,0,1.000000,159.930000,29.739915,7.256458
1780475680.813195,,,BOARD_2,0,1,898.000,1544.000,937.000,1595.000,39.000,51.000,898.000,1544.000,937.000,1595.000,39.000,51.000,898.000,1544.000,937.000,1595.000,917.500,1569.500,39.000,51.000,0,1.000000,159.930000,29.739915,7.256458
1780475681.861549,,,BOARD_2,0,0,900.000,1540.000,939.000,1591.000,39.000,51.000,900.000,1540.000,939.000,1591.000,39.000,51.000,900.000,1540.000,939.000,1591.000,919.500,1565.500,39.000,51.000,0,1.000000,159.930000,29.749030,7.274792
1780475682.505097,,,BOARD_2,0,0,904.000,1542.000,943.000,1593.000,39.000,51.000,904.000,1542.000,943.000,1593.000,39.000,51.000,904.000,1542.000,943.000,1593.000,923.500,1567.500,39.000,51.000,0,1.000000,159.930000,29.767259,7.265625
1780475683.144816,,,BOARD_2,0,0,900.000,1546.000,939.000,1597.000,39.000,51.000,900.000,1546.000,939.000,1597.000,39.000,51.000,900.000,1546.000,939.000,1597.000,919.500,1571.500,39.000,51.000,0,1.000000,159.930000,29.749030,7.247292
1780475683.144816,,,BOARD_2,0,1,899.000,1547.000,938.000,1598.000,39.000,51.000,899.000,1547.000,938.000,1598.000,39.000,51.000,899.000,1547.000,938.000,1598.000,918.500,1572.500,39.000,51.000,0,1.000000,159.930000,29.744472,7.242708
1780475747.115142,,,BOARD_2,0,0,926.000,1506.000,966.000,1557.000,40.000,51.000,926.000,1506.000,966.000,1557.000,40.000,51.000,926.000,1506.000,966.000,1557.000,946.000,1531.500,40.000,51.000,0,1.000000,155.930000,29.869798,7.430625
1780475747.418676,,,BOARD_2,0,0,926.000,1506.000,966.000,1557.000,40.000,51.000,926.000,1506.000,966.000,1557.000,40.000,51.000,926.000,1506.000,966.000,1557.000,946.000,1531.500,40.000,51.000,0,1.000000,155.930000,29.869798,7.430625
1780475747.708688,,,BOARD_2,0,0,926.000,1506.000,966.000,1557.000,40.000,51.000,926.000,1506.000,966.000,1557.000,40.000,51.000,926.000,1506.000,966.000,1557.000,946.000,1531.500,40.000,51.000,0,1.000000,155.930000,29.869798,7.430625
1780475747.708688,,,BOARD_2,0,1,926.000,1506.000,966.000,1557.000,40.000,51.000,926.000,1506.000,966.000,1557.000,40.000,51.000,926.000,1506.000,966.000,1557.000,946.000,1531.500,40.000,51.000,0,1.000000,155.930000,29.869798,7.430625
1780475748.166171,,,BOARD_2,0,0,926.000,1506.000,966.000,1557.000,40.000,51.000,926.000,1506.000,966.000,1557.000,40.000,51.000,926.000,1506.000,966.000,1557.000,946.000,1531.500,40.000,51.000,0,1.000000,155.930000,29.869798,7.430625
1780475748.166171,,,BOARD_2,0,1,926.000,1506.000,966.000,1557.000,40.000,51.000,926.000,1506.000,966.000,1557.000,40.000,51.000,926.000,1506.000,966.000,1557.000,946.000,1531.500,40.000,51.000,0,1.000000,155.930000,29.869798,7.430625
1780475748.436374,,,BOARD_2,0,0,926.000,1506.000,966.000,1557.000,40.000,51.000,926.000,1506.000,966.000,1557.000,40.000,51.000,926.000,1506.000,966.000,1557.000,946.000,1531.500,40.000,51.000,0,1.000000,155.930000,29.869798,7.430625
1780475748.754066,,,BOARD_2,0,0,926.000,1506.000,966.000,1557.000,40.000,51.000,926.000,1506.000,966.000,1557.000,40.000,51.000,926.000,1506.000,966.000,1557.000,946.000,1531.500,40.000,51.000,0,1.000000,155.930000,29.869798,7.430625
1780475748.754066,,,BOARD_2,0,1,926.000,1506.000,966.000,1557.000,40.000,51.000,926.000,1506.000,966.000,1557.000,40.000,51.000,926.000,1506.000,966.000,1557.000,946.000,1531.500,40.000,51.000,0,1.000000,155.930000,29.869798,7.430625
1780475750.095944,,,BOARD_2,0,0,934.000,1514.000,974.000,1565.000,40.000,51.000,934.000,1514.000,974.000,1565.000,40.000,51.000,934.000,1514.000,974.000,1565.000,954.000,1539.500,40.000,51.000,0,1.000000,155.930000,29.906256,7.393958
1780475750.574089,,,BOARD_2,0,0,936.000,1512.000,976.000,1563.000,40.000,51.000,936.000,1512.000,976.000,1563.000,40.000,51.000,936.000,1512.000,976.000,1563.000,956.000,1537.500,40.000,51.000,0,1.000000,155.930000,29.915371,7.403125
1780475750.574089,,,BOARD_2,0,1,930.000,1510.000,970.000,1561.000,40.000,51.000,930.000,1510.000,970.000,1561.000,40.000,51.000,930.000,1510.000,970.000,1561.000,950.000,1535.500,40.000,51.000,0,1.000000,155.930000,29.888027,7.412292
1780475750.792120,,,BOARD_2,0,0,930.000,1508.000,970.000,1559.000,40.000,51.000,930.000,1508.000,970.000,1559.000,40.000,51.000,930.000,1508.000,970.000,1559.000,950.000,1533.500,40.000,51.000,0,1.000000,155.930000,29.888027,7.421458
1780475751.077399,,,BOARD_2,0,0,930.000,1506.000,970.000,1557.000,40.000,51.000,930.000,1506.000,970.000,1557.000,40.000,51.000,930.000,1506.000,970.000,1557.000,950.000,1531.500,40.000,51.000,0,1.000000,155.930000,29.888027,7.430625
1780475751.754444,,,BOARD_2,0,0,926.000,1512.000,965.000,1563.000,39.000,51.000,926.000,1512.000,965.000,1563.000,39.000,51.000,926.000,1512.000,965.000,1563.000,945.500,1537.500,39.000,51.000,0,1.000000,159.930000,29.867519,7.403125
1780475754.291212,,,BOARD_2,0,0,928.000,1520.000,967.000,1571.000,39.000,51.000,928.000,1520.000,967.000,1571.000,39.000,51.000,928.000,1520.000,967.000,1571.000,947.500,1545.500,39.000,51.000,0,1.000000,159.930000,29.876634,7.366458
1780475754.710594,,,BOARD_2,0,0,924.000,1516.000,963.000,1567.000,39.000,51.000,924.000,1516.000,963.000,1567.000,39.000,51.000,924.000,1516.000,963.000,1567.000,943.500,1541.500,39.000,51.000,0,1.000000,159.930000,29.858405,7.384792
1780475754.710594,,,BOARD_2,0,1,923.000,1515.000,962.000,1566.000,39.000,51.000,923.000,1515.000,962.000,1566.000,39.000,51.000,923.000,1515.000,962.000,1566.000,942.500,1540.500,39.000,51.000,0,1.000000,159.930000,29.853847,7.389375
1780475782.237649,,,BOARD_2,0,0,1086.000,1222.000,1150.000,1342.000,64.000,120.000,1086.000,1222.000,1150.000,1342.000,64.000,120.000,1086.000,1222.000,1150.000,1342.000,1118.000,1282.000,64.000,120.000,0,1.000000,97.460000,30.653652,8.574167
1780475782.237649,,,BOARD_2,0,1,1090.000,1214.000,1154.000,1334.000,64.000,120.000,1090.000,1214.000,1154.000,1334.000,64.000,120.000,1090.000,1214.000,1154.000,1334.000,1122.000,1274.000,64.000,120.000,0,1.000000,97.460000,30.671881,8.610833
1780475782.861784,,,BOARD_2,0,0,1041.000,1168.000,1289.000,1348.000,248.000,180.000,1041.000,1168.000,1289.000,1348.000,248.000,180.000,1041.000,1168.000,1289.000,1348.000,1165.000,1258.000,248.000,180.000,0,1.000000,25.150000,30.867845,8.684167
1780475783.479753,,,BOARD_2,0,0,1130.000,1220.000,1170.000,1271.000,40.000,51.000,1130.000,1220.000,1170.000,1271.000,40.000,51.000,1130.000,1220.000,1170.000,1271.000,1150.000,1245.500,40.000,51.000,0,1.000000,155.930000,30.799485,8.741458
1780475786.337831,,,BOARD_2,0,0,1158.000,1144.000,1222.000,1263.000,64.000,119.000,1158.000,1144.000,1222.000,1263.000,64.000,119.000,1158.000,1144.000,1222.000,1263.000,1190.000,1203.500,64.000,119.000,0,1.000000,97.460000,30.981777,8.933958
1780475786.876701,,,BOARD_2,0,0,1168.000,1176.000,1208.000,1227.000,40.000,51.000,1168.000,1176.000,1208.000,1227.000,40.000,51.000,1168.000,1176.000,1208.000,1227.000,1188.000,1201.500,40.000,51.000,0,1.000000,155.930000,30.972662,8.943125
1780475786.876701,,,BOARD_2,0,1,1168.000,1174.000,1208.000,1225.000,40.000,51.000,1168.000,1174.000,1208.000,1225.000,40.000,51.000,1168.000,1174.000,1208.000,1225.000,1188.000,1199.500,40.000,51.000,0,1.000000,155.930000,30.972662,8.952292
1780475787.387081,,,BOARD_2,0,0,1172.000,1184.000,1212.000,1235.000,40.000,51.000,1172.000,1184.000,1212.000,1235.000,40.000,51.000,1172.000,1184.000,1212.000,1235.000,1192.000,1209.500,40.000,51.000,0,1.000000,155.930000,30.990892,8.906458
1780475787.387081,,,BOARD_2,0,1,1173.000,1185.000,1213.000,1236.000,40.000,51.000,1173.000,1185.000,1213.000,1236.000,40.000,51.000,1173.000,1185.000,1213.000,1236.000,1193.000,1210.500,40.000,51.000,0,1.000000,155.930000,30.995449,8.901875
1780475788.124400,,,BOARD_2,0,0,1170.000,1180.000,1210.000,1231.000,40.000,51.000,1170.000,1180.000,1210.000,1231.000,40.000,51.000,1170.000,1180.000,1210.000,1231.000,1190.000,1205.500,40.000,51.000,0,1.000000,155.930000,30.981777,8.924792
1780475788.124400,,,BOARD_2,0,1,1170.000,1180.000,1210.000,1231.000,40.000,51.000,1170.000,1180.000,1210.000,1231.000,40.000,51.000,1170.000,1180.000,1210.000,1231.000,1190.000,1205.500,40.000,51.000,0,1.000000,155.930000,30.981777,8.924792
1780475788.892135,,,BOARD_2,0,0,1166.000,1174.000,1206.000,1225.000,40.000,51.000,1166.000,1174.000,1206.000,1225.000,40.000,51.000,1166.000,1174.000,1206.000,1225.000,1186.000,1199.500,40.000,51.000,0,1.000000,155.930000,30.963548,8.952292
1780475788.892135,,,BOARD_2,0,1,1165.000,1173.000,1205.000,1224.000,40.000,51.000,1165.000,1173.000,1205.000,1224.000,40.000,51.000,1165.000,1173.000,1205.000,1224.000,1185.000,1198.500,40.000,51.000,0,1.000000,155.930000,30.958991,8.956875
1780475789.534714,,,BOARD_2,0,0,1169.000,1182.000,1209.000,1233.000,40.000,51.000,1169.000,1182.000,1209.000,1233.000,40.000,51.000,1169.000,1182.000,1209.000,1233.000,1189.000,1207.500,40.000,51.000,0,1.000000,155.930000,30.977220,8.915625
1780475789.735008,,,BOARD_2,0,0,1169.000,1183.000,1209.000,1234.000,40.000,51.000,1169.000,1183.000,1209.000,1234.000,40.000,51.000,1169.000,1183.000,1209.000,1234.000,1189.000,1208.500,40.000,51.000,0,1.000000,155.930000,30.977220,8.911042
1780475790.222041,,,BOARD_2,0,0,1173.000,1180.000,1213.000,1231.000,40.000,51.000,1173.000,1180.000,1213.000,1231.000,40.000,51.000,1173.000,1180.000,1213.000,1231.000,1193.000,1205.500,40.000,51.000,0,1.000000,155.930000,30.995449,8.924792
1780475790.222041,,,BOARD_2,0,1,1174.000,1180.000,1214.000,1231.000,40.000,51.000,1174.000,1180.000,1214.000,1231.000,40.000,51.000,1174.000,1180.000,1214.000,1231.000,1194.000,1205.500,40.000,51.000,0,1.000000,155.930000,31.000006,8.924792
1780475790.775573,,,BOARD_2,0,0,1171.000,1184.000,1211.000,1235.000,40.000,51.000,1171.000,1184.000,1211.000,1235.000,40.000,51.000,1171.000,1184.000,1211.000,1235.000,1191.000,1209.500,40.000,51.000,0,1.000000,155.930000,30.986334,8.906458
1780475790.775573,,,BOARD_2,0,1,1171.000,1185.000,1211.000,1236.000,40.000,51.000,1171.000,1185.000,1211.000,1236.000,40.000,51.000,1171.000,1185.000,1211.000,1236.000,1191.000,1210.500,40.000,51.000,0,1.000000,155.930000,30.986334,8.901875
1780475791.217838,,,BOARD_2,0,0,1171.000,1185.000,1211.000,1236.000,40.000,51.000,1171.000,1185.000,1211.000,1236.000,40.000,51.000,1171.000,1185.000,1211.000,1236.000,1191.000,1210.500,40.000,51.000,0,1.000000,155.930000,30.986334,8.901875
1780475791.533555,,,BOARD_2,0,0,1167.000,1180.000,1207.000,1231.000,40.000,51.000,1167.000,1180.000,1207.000,1231.000,40.000,51.000,1167.000,1180.000,1207.000,1231.000,1187.000,1205.500,40.000,51.000,0,1.000000,155.930000,30.968105,8.924792
1780475791.533555,,,BOARD_2,0,1,1166.000,1180.000,1206.000,1231.000,40.000,51.000,1166.000,1180.000,1206.000,1231.000,40.000,51.000,1166.000,1180.000,1206.000,1231.000,1186.000,1205.500,40.000,51.000,0,1.000000,155.930000,30.963548,8.924792
1780475792.026463,,,BOARD_2,0,0,1166.000,1179.000,1206.000,1230.000,40.000,51.000,1166.000,1179.000,1206.000,1230.000,40.000,51.000,1166.000,1179.000,1206.000,1230.000,1186.000,1204.500,40.000,51.000,0,1.000000,155.930000,30.963548,8.929375
1780475792.026463,,,BOARD_2,0,1,1170.000,1182.000,1210.000,1233.000,40.000,51.000,1170.000,1182.000,1210.000,1233.000,40.000,51.000,1170.000,1182.000,1210.000,1233.000,1190.000,1207.500,40.000,51.000,0,1.000000,155.930000,30.981777,8.915625
1780475792.281801,,,BOARD_2,0,0,1170.000,1182.000,1210.000,1233.000,40.000,51.000,1170.000,1182.000,1210.000,1233.000,40.000,51.000,1170.000,1182.000,1210.000,1233.000,1190.000,1207.500,40.000,51.000,0,1.000000,155.930000,30.981777,8.915625
1780475792.588356,,,BOARD_2,0,0,1170.000,1182.000,1210.000,1233.000,40.000,51.000,1170.000,1182.000,1210.000,1233.000,40.000,51.000,1170.000,1182.000,1210.000,1233.000,1190.000,1207.500,40.000,51.000,0,1.000000,155.930000,30.981777,8.915625
1780475792.588356,,,BOARD_2,0,1,1166.000,1178.000,1206.000,1229.000,40.000,51.000,1166.000,1178.000,1206.000,1229.000,40.000,51.000,1166.000,1178.000,1206.000,1229.000,1186.000,1203.500,40.000,51.000,0,1.000000,155.930000,30.963548,8.933958
1780475792.822946,,,BOARD_2,0,0,1165.000,1177.000,1205.000,1228.000,40.000,51.000,1165.000,1177.000,1205.000,1228.000,40.000,51.000,1165.000,1177.000,1205.000,1228.000,1185.000,1202.500,40.000,51.000,0,1.000000,155.930000,30.958991,8.938542
1780475793.098576,,,BOARD_2,0,0,1165.000,1177.000,1205.000,1228.000,40.000,51.000,1165.000,1177.000,1205.000,1228.000,40.000,51.000,1165.000,1177.000,1205.000,1228.000,1185.000,1202.500,40.000,51.000,0,1.000000,155.930000,30.958991,8.938542
1780475793.098576,,,BOARD_2,0,1,1169.000,1180.000,1209.000,1231.000,40.000,51.000,1169.000,1180.000,1209.000,1231.000,40.000,51.000,1169.000,1180.000,1209.000,1231.000,1189.000,1205.500,40.000,51.000,0,1.000000,155.930000,30.977220,8.924792
1780475793.405388,,,BOARD_2,0,0,1169.000,1180.000,1209.000,1231.000,40.000,51.000,1169.000,1180.000,1209.000,1231.000,40.000,51.000,1169.000,1180.000,1209.000,1231.000,1189.000,1205.500,40.000,51.000,0,1.000000,155.930000,30.977220,8.924792
1780475793.704197,,,BOARD_2,0,0,1170.000,1180.000,1210.000,1231.000,40.000,51.000,1170.000,1180.000,1210.000,1231.000,40.000,51.000,1170.000,1180.000,1210.000,1231.000,1190.000,1205.500,40.000,51.000,0,1.000000,155.930000,30.981777,8.924792
1780475793.704197,,,BOARD_2,0,1,1174.000,1176.000,1214.000,1227.000,40.000,51.000,1174.000,1176.000,1214.000,1227.000,40.000,51.000,1174.000,1176.000,1214.000,1227.000,1194.000,1201.500,40.000,51.000,0,1.000000,155.930000,31.000006,8.943125
1780475793.968536,,,BOARD_2,0,0,1175.000,1175.000,1215.000,1226.000,40.000,51.000,1175.000,1175.000,1215.000,1226.000,40.000,51.000,1175.000,1175.000,1215.000,1226.000,1195.000,1200.500,40.000,51.000,0,1.000000,155.930000,31.004564,8.947708
1780475795.002245,,,BOARD_2,0,0,1175.000,1184.000,1215.000,1235.000,40.000,51.000,1175.000,1184.000,1215.000,1235.000,40.000,51.000,1175.000,1184.000,1215.000,1235.000,1195.000,1209.500,40.000,51.000,0,1.000000,155.930000,31.004564,8.906458
1780475795.679693,,,BOARD_2,0,0,1172.000,1180.000,1212.000,1231.000,40.000,51.000,1172.000,1180.000,1212.000,1231.000,40.000,51.000,1172.000,1180.000,1212.000,1231.000,1192.000,1205.500,40.000,51.000,0,1.000000,155.930000,30.990892,8.924792
1780475796.363510,,,BOARD_2,0,0,1175.000,1190.000,1215.000,1241.000,40.000,51.000,1175.000,1190.000,1215.000,1241.000,40.000,51.000,1175.000,1190.000,1215.000,1241.000,1195.000,1215.500,40.000,51.000,0,1.000000,155.930000,31.004564,8.878958
1780475796.363510,,,BOARD_2,0,1,1175.000,1192.000,1215.000,1243.000,40.000,51.000,1175.000,1192.000,1215.000,1243.000,40.000,51.000,1175.000,1192.000,1215.000,1243.000,1195.000,1217.500,40.000,51.000,0,1.000000,155.930000,31.004564,8.869792
1780475797.170742,,,BOARD_2,0,0,1172.000,1180.000,1212.000,1231.000,40.000,51.000,1172.000,1180.000,1212.000,1231.000,40.000,51.000,1172.000,1180.000,1212.000,1231.000,1192.000,1205.500,40.000,51.000,0,1.000000,155.930000,30.990892,8.924792
1780475797.170742,,,BOARD_2,0,1,1172.000,1179.000,1212.000,1230.000,40.000,51.000,1172.000,1179.000,1212.000,1230.000,40.000,51.000,1172.000,1179.000,1212.000,1230.000,1192.000,1204.500,40.000,51.000,0,1.000000,155.930000,30.990892,8.929375
1780475797.768103,,,BOARD_2,0,0,1175.000,1190.000,1215.000,1241.000,40.000,51.000,1175.000,1190.000,1215.000,1241.000,40.000,51.000,1175.000,1190.000,1215.000,1241.000,1195.000,1215.500,40.000,51.000,0,1.000000,155.930000,31.004564,8.878958
1780475797.768103,,,BOARD_2,0,1,1175.000,1191.000,1215.000,1242.000,40.000,51.000,1175.000,1191.000,1215.000,1242.000,40.000,51.000,1175.000,1191.000,1215.000,1242.000,1195.000,1216.500,40.000,51.000,0,1.000000,155.930000,31.004564,8.874375
1780475798.414980,,,BOARD_2,0,0,1172.000,1188.000,1212.000,1239.000,40.000,51.000,1172.000,1188.000,1212.000,1239.000,40.000,51.000,1172.000,1188.000,1212.000,1239.000,1192.000,1213.500,40.000,51.000,0,1.000000,155.930000,30.990892,8.888125
1780475798.414980,,,BOARD_2,0,1,1172.000,1188.000,1212.000,1239.000,40.000,51.000,1172.000,1188.000,1212.000,1239.000,40.000,51.000,1172.000,1188.000,1212.000,1239.000,1192.000,1213.500,40.000,51.000,0,1.000000,155.930000,30.990892,8.888125
1780475799.012894,,,BOARD_2,0,0,1175.000,1184.000,1215.000,1235.000,40.000,51.000,1175.000,1184.000,1215.000,1235.000,40.000,51.000,1175.000,1184.000,1215.000,1235.000,1195.000,1209.500,40.000,51.000,0,1.000000,155.930000,31.004564,8.906458
1780475799.012894,,,BOARD_2,0,1,1175.000,1183.000,1215.000,1234.000,40.000,51.000,1175.000,1183.000,1215.000,1234.000,40.000,51.000,1175.000,1183.000,1215.000,1234.000,1195.000,1208.500,40.000,51.000,0,1.000000,155.930000,31.004564,8.911042
1780475799.540274,,,BOARD_2,0,0,1172.000,1186.000,1212.000,1237.000,40.000,51.000,1172.000,1186.000,1212.000,1237.000,40.000,51.000,1172.000,1186.000,1212.000,1237.000,1192.000,1211.500,40.000,51.000,0,1.000000,155.930000,30.990892,8.897292
1780475799.540274,,,BOARD_2,0,1,1172.000,1186.000,1212.000,1237.000,40.000,51.000,1172.000,1186.000,1212.000,1237.000,40.000,51.000,1172.000,1186.000,1212.000,1237.000,1192.000,1211.500,40.000,51.000,0,1.000000,155.930000,30.990892,8.897292
1780475800.089902,,,BOARD_2,0,0,1175.000,1190.000,1215.000,1241.000,40.000,51.000,1175.000,1190.000,1215.000,1241.000,40.000,51.000,1175.000,1190.000,1215.000,1241.000,1195.000,1215.500,40.000,51.000,0,1.000000,155.930000,31.004564,8.878958
1780475800.089902,,,BOARD_2,0,1,1175.000,1191.000,1215.000,1242.000,40.000,51.000,1175.000,1191.000,1215.000,1242.000,40.000,51.000,1175.000,1191.000,1215.000,1242.000,1195.000,1216.500,40.000,51.000,0,1.000000,155.930000,31.004564,8.874375
1780475800.758850,,,BOARD_2,0,0,1172.000,1188.000,1212.000,1239.000,40.000,51.000,1172.000,1188.000,1212.000,1239.000,40.000,51.000,1172.000,1188.000,1212.000,1239.000,1192.000,1213.500,40.000,51.000,0,1.000000,155.930000,30.990892,8.888125
1780475800.758850,,,BOARD_2,0,1,1172.000,1188.000,1212.000,1239.000,40.000,51.000,1172.000,1188.000,1212.000,1239.000,40.000,51.000,1172.000,1188.000,1212.000,1239.000,1192.000,1213.500,40.000,51.000,0,1.000000,155.930000,30.990892,8.888125
1780475801.167729,,,BOARD_2,0,0,1171.000,1188.000,1211.000,1239.000,40.000,51.000,1171.000,1188.000,1211.000,1239.000,40.000,51.000,1171.000,1188.000,1211.000,1239.000,1191.000,1213.500,40.000,51.000,0,1.000000,155.930000,30.986334,8.888125
1780475801.167729,,,BOARD_2,0,1,1175.000,1192.000,1215.000,1243.000,40.000,51.000,1175.000,1192.000,1215.000,1243.000,40.000,51.000,1175.000,1192.000,1215.000,1243.000,1195.000,1217.500,40.000,51.000,0,1.000000,155.930000,31.004564,8.869792
1780475801.489104,,,BOARD_2,0,0,1175.000,1193.000,1215.000,1244.000,40.000,51.000,1175.000,1193.000,1215.000,1244.000,40.000,51.000,1175.000,1193.000,1215.000,1244.000,1195.000,1218.500,40.000,51.000,0,1.000000,155.930000,31.004564,8.865208
1780475801.768666,,,BOARD_2,0,0,1176.000,1193.000,1216.000,1244.000,40.000,51.000,1176.000,1193.000,1216.000,1244.000,40.000,51.000,1176.000,1193.000,1216.000,1244.000,1196.000,1218.500,40.000,51.000,0,1.000000,155.930000,31.009121,8.865208
1780475801.768666,,,BOARD_2,0,1,1172.000,1188.000,1212.000,1239.000,40.000,51.000,1172.000,1188.000,1212.000,1239.000,40.000,51.000,1172.000,1188.000,1212.000,1239.000,1192.000,1213.500,40.000,51.000,0,1.000000,155.930000,30.990892,8.888125
1780475802.044393,,,BOARD_2,0,0,1172.000,1188.000,1212.000,1239.000,40.000,51.000,1172.000,1188.000,1212.000,1239.000,40.000,51.000,1172.000,1188.000,1212.000,1239.000,1192.000,1213.500,40.000,51.000,0,1.000000,155.930000,30.990892,8.888125
1780475802.327502,,,BOARD_2,0,0,1171.000,1187.000,1211.000,1238.000,40.000,51.000,1171.000,1187.000,1211.000,1238.000,40.000,51.000,1171.000,1187.000,1211.000,1238.000,1191.000,1212.500,40.000,51.000,0,1.000000,155.930000,30.986334,8.892708
1780475802.327502,,,BOARD_2,0,1,1175.000,1190.000,1215.000,1241.000,40.000,51.000,1175.000,1190.000,1215.000,1241.000,40.000,51.000,1175.000,1190.000,1215.000,1241.000,1195.000,1215.500,40.000,51.000,0,1.000000,155.930000,31.004564,8.878958
1780475802.586835,,,BOARD_2,0,0,1175.000,1190.000,1215.000,1241.000,40.000,51.000,1175.000,1190.000,1215.000,1241.000,40.000,51.000,1175.000,1190.000,1215.000,1241.000,1195.000,1215.500,40.000,51.000,0,1.000000,155.930000,31.004564,8.878958
1780475802.851776,,,BOARD_2,0,0,1176.000,1190.000,1216.000,1241.000,40.000,51.000,1176.000,1190.000,1216.000,1241.000,40.000,51.000,1176.000,1190.000,1216.000,1241.000,1196.000,1215.500,40.000,51.000,0,1.000000,155.930000,31.009121,8.878958
1780475802.851776,,,BOARD_2,0,1,1172.000,1186.000,1212.000,1237.000,40.000,51.000,1172.000,1186.000,1212.000,1237.000,40.000,51.000,1172.000,1186.000,1212.000,1237.000,1192.000,1211.500,40.000,51.000,0,1.000000,155.930000,30.990892,8.897292
1780475803.089144,,,BOARD_2,0,0,1172.000,1185.000,1212.000,1236.000,40.000,51.000,1172.000,1185.000,1212.000,1236.000,40.000,51.000,1172.000,1185.000,1212.000,1236.000,1192.000,1210.500,40.000,51.000,0,1.000000,155.930000,30.990892,8.901875
1780475803.462807,,,BOARD_2,0,0,1171.000,1185.000,1211.000,1236.000,40.000,51.000,1171.000,1185.000,1211.000,1236.000,40.000,51.000,1171.000,1185.000,1211.000,1236.000,1191.000,1210.500,40.000,51.000,0,1.000000,155.930000,30.986334,8.901875
1780475806.499817,,,BOARD_2,0,0,1171.000,1182.000,1211.000,1233.000,40.000,51.000,1171.000,1182.000,1211.000,1233.000,40.000,51.000,1171.000,1182.000,1211.000,1233.000,1191.000,1207.500,40.000,51.000,0,1.000000,155.930000,30.986334,8.915625
1780475814.986472,,,BOARD_2,0,0,1711.000,334.000,1843.000,425.000,132.000,91.000,1711.000,334.000,1843.000,425.000,132.000,91.000,1711.000,334.000,1843.000,425.000,1777.000,379.500,132.000,91.000,0,1.000000,47.250000,33.656907,12.710625
1780475815.579386,,,BOARD_2,0,0,1865.000,152.000,1929.000,271.000,64.000,119.000,1865.000,152.000,1929.000,271.000,64.000,119.000,1865.000,152.000,1929.000,271.000,1897.000,211.500,64.000,119.000,0,1.000000,97.460000,34.203782,13.480625
1780475815.579386,,,BOARD_2,0,1,1902.000,101.000,1966.000,220.000,64.000,119.000,1902.000,101.000,1966.000,220.000,64.000,119.000,1902.000,101.000,1966.000,220.000,1934.000,160.500,64.000,119.000,0,1.000000,97.460000,34.372402,13.714375
1780475816.979548,,,BOARD_3,0,0,1933.000,1806.000,2181.000,1986.000,248.000,180.000,1933.000,1806.000,2181.000,1986.000,248.000,180.000,1933.000,1806.000,2181.000,1986.000,2057.000,1896.000,248.000,180.000,0,1.000000,25.150000,32.611349,15.260000
1780475816.979548,,,BOARD_3,0,1,1957.000,1775.000,2205.000,1955.000,248.000,180.000,1957.000,1775.000,2205.000,1955.000,248.000,180.000,1957.000,1775.000,2205.000,1955.000,2081.000,1865.000,248.000,180.000,0,1.000000,25.150000,32.720724,15.402083
1780475817.418944,,,BOARD_3,0,0,2093.000,1738.000,2157.000,1858.000,64.000,120.000,2093.000,1738.000,2157.000,1858.000,64.000,120.000,2093.000,1738.000,2157.000,1858.000,2125.000,1798.000,64.000,120.000,0,1.000000,97.460000,32.921245,15.709167
1780475817.418944,,,BOARD_3,0,1,2116.000,1706.000,2180.000,1826.000,64.000,120.000,2116.000,1706.000,2180.000,1826.000,64.000,120.000,2116.000,1706.000,2180.000,1826.000,2148.000,1766.000,64.000,120.000,0,1.000000,97.460000,33.026062,15.855833
1780475817.987002,,,BOARD_3,0,0,2152.000,1572.000,2272.000,1816.000,120.000,244.000,2152.000,1572.000,2272.000,1816.000,120.000,244.000,2152.000,1572.000,2272.000,1816.000,2212.000,1694.000,120.000,244.000,0,1.000000,51.980000,33.317729,16.185833
1780475817.987002,,,BOARD_3,0,1,2178.000,1539.000,2298.000,1783.000,120.000,244.000,2178.000,1539.000,2298.000,1783.000,120.000,244.000,2178.000,1539.000,2298.000,1783.000,2238.000,1661.000,120.000,244.000,0,1.000000,51.980000,33.436219,16.337083
1780475819.394770,,,BOARD_3,0,0,2302.000,1985.000,2434.000,2077.000,132.000,92.000,2302.000,1985.000,2434.000,2077.000,132.000,92.000,2302.000,1985.000,2434.000,2077.000,2368.000,2031.000,132.000,92.000,0,1.000000,47.250000,34.028667,14.641250
1780475821.147627,,,BOARD_2,0,0,2577.000,46.000,2825.000,226.000,248.000,180.000,2577.000,46.000,2825.000,226.000,248.000,180.000,2577.000,46.000,2825.000,226.000,2701.000,136.000,248.000,180.000,0,1.000000,25.150000,37.867845,13.826667
1780475821.147627,,,BOARD_2,0,1,2584.000,43.000,2832.000,223.000,248.000,180.000,2584.000,43.000,2832.000,223.000,248.000,180.000,2584.000,43.000,2832.000,223.000,2708.000,133.000,248.000,180.000,0,1.000000,25.150000,37.899746,13.840417
1780475828.975685,,,BOARD_2,0,0,3320.000,393.000,3452.000,485.000,132.000,92.000,3320.000,393.000,3452.000,485.000,132.000,92.000,3320.000,393.000,3452.000,485.000,3386.000,439.000,132.000,92.000,0,1.000000,47.250000,40.989590,12.437917
1780475828.975685,,,BOARD_2,0,1,3312.000,383.000,3444.000,475.000,132.000,92.000,3312.000,383.000,3444.000,475.000,132.000,92.000,3312.000,383.000,3444.000,475.000,3378.000,429.000,132.000,92.000,0,1.000000,47.250000,40.953131,12.483750
1780475829.653691,,,BOARD_2,0,0,3096.000,385.000,3228.000,477.000,132.000,92.000,3096.000,385.000,3228.000,477.000,132.000,92.000,3096.000,385.000,3228.000,477.000,3162.000,431.000,132.000,92.000,0,1.000000,47.250000,39.968756,12.474583
1780475830.107418,,,BOARD_2,0,0,3072.000,376.000,3204.000,468.000,132.000,92.000,3072.000,376.000,3204.000,468.000,132.000,92.000,3072.000,376.000,3204.000,468.000,3138.000,422.000,132.000,92.000,0,1.000000,47.250000,39.859381,12.515833
1780475830.377375,,,BOARD_2,0,0,2952.000,393.000,3084.000,485.000,132.000,92.000,2952.000,393.000,3084.000,485.000,132.000,92.000,2952.000,393.000,3084.000,485.000,3018.000,439.000,132.000,92.000,0,1.000000,47.250000,39.312506,12.437917
1780475831.165037,,,BOARD_2,0,0,2800.000,401.000,2932.000,493.000,132.000,92.000,2800.000,401.000,2932.000,493.000,132.000,92.000,2800.000,401.000,2932.000,493.000,2866.000,447.000,132.000,92.000,0,1.000000,47.250000,38.619798,12.401250
1780475853.530893,,,BOARD_2,0,0,2006.000,530.000,2254.000,710.000,248.000,180.000,2006.000,530.000,2254.000,710.000,248.000,180.000,2006.000,530.000,2254.000,710.000,2130.000,620.000,248.000,180.000,0,1.000000,25.150000,35.265631,11.608333
1780475853.530893,,,BOARD_2,0,1,2010.000,531.000,2258.000,711.000,248.000,180.000,2010.000,531.000,2258.000,711.000,248.000,180.000,2010.000,531.000,2258.000,711.000,2134.000,621.000,248.000,180.000,0,1.000000,25.150000,35.283860,11.603750
1780475854.053754,,,BOARD_2,0,0,2007.000,541.000,2255.000,721.000,248.000,180.000,2007.000,541.000,2255.000,721.000,248.000,180.000,2007.000,541.000,2255.000,721.000,2131.000,631.000,248.000,180.000,0,1.000000,25.150000,35.270189,11.557917
1780475854.053754,,,BOARD_2,0,1,2009.000,544.000,2257.000,724.000,248.000,180.000,2009.000,544.000,2257.000,724.000,248.000,180.000,2009.000,544.000,2257.000,724.000,2133.000,634.000,248.000,180.000,0,1.000000,25.150000,35.279303,11.544167
1780475854.615023,,,BOARD_2,0,0,1993.000,406.000,2229.000,882.000,236.000,476.000,1993.000,406.000,2229.000,882.000,236.000,476.000,1993.000,406.000,2229.000,882.000,2111.000,644.000,236.000,476.000,0,1.000000,26.430000,35.179043,11.498333
1780475855.261916,,,BOARD_2,0,0,1963.000,594.000,2211.000,774.000,248.000,180.000,1963.000,594.000,2211.000,774.000,248.000,180.000,1963.000,594.000,2211.000,774.000,2087.000,684.000,248.000,180.000,0,1.000000,25.150000,35.069668,11.315000
1780475855.261916,,,BOARD_2,0,1,1956.000,606.000,2204.000,786.000,248.000,180.000,1956.000,606.000,2204.000,786.000,248.000,180.000,1956.000,606.000,2204.000,786.000,2080.000,696.000,248.000,180.000,0,1.000000,25.150000,35.037767,11.260000
1780475855.853043,,,BOARD_2,0,0,1956.000,611.000,2204.000,791.000,248.000,180.000,1956.000,611.000,2204.000,791.000,248.000,180.000,1956.000,611.000,2204.000,791.000,2080.000,701.000,248.000,180.000,0,1.000000,25.150000,35.037767,11.237083
1780475855.853043,,,BOARD_2,0,1,1951.000,620.000,2199.000,800.000,248.000,180.000,1951.000,620.000,2199.000,800.000,248.000,180.000,1951.000,620.000,2199.000,800.000,2075.000,710.000,248.000,180.000,0,1.000000,25.150000,35.014980,11.195833
1780475856.440063,,,BOARD_2,0,0,2009.000,660.000,2141.000,752.000,132.000,92.000,2009.000,660.000,2141.000,752.000,132.000,92.000,2009.000,660.000,2141.000,752.000,2075.000,706.000,132.000,92.000,0,1.000000,47.250000,35.014980,11.214167
1780475856.440063,,,BOARD_2,0,1,2006.000,665.000,2138.000,757.000,132.000,92.000,2006.000,665.000,2138.000,757.000,132.000,92.000,2006.000,665.000,2138.000,757.000,2072.000,711.000,132.000,92.000,0,1.000000,47.250000,35.001308,11.191250
1780475857.006468,,,BOARD_2,0,0,1985.000,618.000,2233.000,798.000,248.000,180.000,1985.000,618.000,2233.000,798.000,248.000,180.000,1985.000,618.000,2233.000,798.000,2109.000,708.000,248.000,180.000,0,1.000000,25.150000,35.169928,11.205000
1780475857.607095,,,BOARD_2,0,0,1987.000,615.000,2235.000,795.000,248.000,180.000,1987.000,615.000,2235.000,795.000,248.000,180.000,1987.000,615.000,2235.000,795.000,2111.000,705.000,248.000,180.000,0,1.000000,25.150000,35.179043,11.218750
1780475857.607095,,,BOARD_2,0,1,1990.000,616.000,2238.000,796.000,248.000,180.000,1990.000,616.000,2238.000,796.000,248.000,180.000,1990.000,616.000,2238.000,796.000,2114.000,706.000,248.000,180.000,0,1.000000,25.150000,35.192715,11.214167
1780475858.272275,,,BOARD_2,0,0,2000.000,608.000,2248.000,788.000,248.000,180.000,2000.000,608.000,2248.000,788.000,248.000,180.000,2000.000,608.000,2248.000,788.000,2124.000,698.000,248.000,180.000,0,1.000000,25.150000,35.238287,11.250833
1780475858.272275,,,BOARD_2,0,1,2004.000,607.000,2252.000,787.000,248.000,180.000,2004.000,607.000,2252.000,787.000,248.000,180.000,2004.000,607.000,2252.000,787.000,2128.000,697.000,248.000,180.000,0,1.000000,25.150000,35.256517,11.255417
1780475858.845617,,,BOARD_2,0,0,1999.000,614.000,2247.000,794.000,248.000,180.000,1999.000,614.000,2247.000,794.000,248.000,180.000,1999.000,614.000,2247.000,794.000,2123.000,704.000,248.000,180.000,0,1.000000,25.150000,35.233730,11.223333
1780475858.845617,,,BOARD_2,0,1,2000.000,615.000,2248.000,795.000,248.000,180.000,2000.000,615.000,2248.000,795.000,248.000,180.000,2000.000,615.000,2248.000,795.000,2124.000,705.000,248.000,180.000,0,1.000000,25.150000,35.238287,11.218750
1780475859.371413,,,BOARD_2,0,0,2042.000,591.000,2290.000,771.000,248.000,180.000,2042.000,591.000,2290.000,771.000,248.000,180.000,2042.000,591.000,2290.000,771.000,2166.000,681.000,248.000,180.000,0,1.000000,25.150000,35.429694,11.328750
1780475859.371413,,,BOARD_2,0,1,2051.000,587.000,2299.000,767.000,248.000,180.000,2051.000,587.000,2299.000,767.000,248.000,180.000,2051.000,587.000,2299.000,767.000,2175.000,677.000,248.000,180.000,0,1.000000,25.150000,35.470709,11.347083
1780475860.211387,,,BOARD_2,0,0,2051.000,591.000,2299.000,771.000,248.000,180.000,2051.000,591.000,2299.000,771.000,248.000,180.000,2051.000,591.000,2299.000,771.000,2175.000,681.000,248.000,180.000,0,1.000000,25.150000,35.470709,11.328750
1780475860.211387,,,BOARD_2,0,1,2056.000,589.000,2304.000,769.000,248.000,180.000,2056.000,589.000,2304.000,769.000,248.000,180.000,2056.000,589.000,2304.000,769.000,2180.000,679.000,248.000,180.000,0,1.000000,25.150000,35.493496,11.337917
1780475860.806021,,,BOARD_2,0,0,2070.000,579.000,2318.000,759.000,248.000,180.000,2070.000,579.000,2318.000,759.000,248.000,180.000,2070.000,579.000,2318.000,759.000,2194.000,669.000,248.000,180.000,0,1.000000,25.150000,35.557298,11.383750
1780475860.806021,,,BOARD_2,0,1,2076.000,576.000,2324.000,756.000,248.000,180.000,2076.000,576.000,2324.000,756.000,248.000,180.000,2076.000,576.000,2324.000,756.000,2200.000,666.000,248.000,180.000,0,1.000000,25.150000,35.584642,11.397500
1780475861.216620,,,BOARD_2,0,0,2082.000,573.000,2330.000,753.000,248.000,180.000,2082.000,573.000,2330.000,753.000,248.000,180.000,2082.000,573.000,2330.000,753.000,2206.000,663.000,248.000,180.000,0,1.000000,25.150000,35.611985,11.411250
1780475861.216620,,,BOARD_2,0,1,2090.000,581.000,2338.000,761.000,248.000,180.000,2090.000,581.000,2338.000,761.000,248.000,180.000,2090.000,581.000,2338.000,761.000,2214.000,671.000,248.000,180.000,0,1.000000,25.150000,35.648444,11.374583
1780475861.522138,,,BOARD_2,0,0,2096.000,580.000,2344.000,760.000,248.000,180.000,2096.000,580.000,2344.000,760.000,248.000,180.000,2096.000,580.000,2344.000,760.000,2220.000,670.000,248.000,180.000,0,1.000000,25.150000,35.675787,11.379167
1780475861.798509,,,BOARD_2,0,0,2103.000,579.000,2351.000,759.000,248.000,180.000,2103.000,579.000,2351.000,759.000,248.000,180.000,2103.000,579.000,2351.000,759.000,2227.000,669.000,248.000,180.000,0,1.000000,25.150000,35.707689,11.383750
1780475862.023047,,,BOARD_2,0,0,2095.000,587.000,2343.000,767.000,248.000,180.000,2095.000,587.000,2343.000,767.000,248.000,180.000,2095.000,587.000,2343.000,767.000,2219.000,677.000,248.000,180.000,0,1.000000,25.150000,35.671230,11.347083
1780475862.387432,,,BOARD_2,0,0,2099.000,587.000,2347.000,767.000,248.000,180.000,2099.000,587.000,2347.000,767.000,248.000,180.000,2099.000,587.000,2347.000,767.000,2223.000,677.000,248.000,180.000,0,1.000000,25.150000,35.689459,11.347083
1780475862.387432,,,BOARD_2,0,1,2103.000,579.000,2351.000,759.000,248.000,180.000,2103.000,579.000,2351.000,759.000,248.000,180.000,2103.000,579.000,2351.000,759.000,2227.000,669.000,248.000,180.000,0,1.000000,25.150000,35.707689,11.383750
1780475862.687298,,,BOARD_2,0,0,2107.000,577.000,2355.000,757.000,248.000,180.000,2107.000,577.000,2355.000,757.000,248.000,180.000,2107.000,577.000,2355.000,757.000,2231.000,667.000,248.000,180.000,0,1.000000,25.150000,35.725918,11.392917
1780475863.013738,,,BOARD_2,0,0,2111.000,575.000,2359.000,755.000,248.000,180.000,2111.000,575.000,2359.000,755.000,248.000,180.000,2111.000,575.000,2359.000,755.000,2235.000,665.000,248.000,180.000,0,1.000000,25.150000,35.744147,11.402083
1780475863.013738,,,BOARD_2,0,1,2087.000,583.000,2335.000,763.000,248.000,180.000,2087.000,583.000,2335.000,763.000,248.000,180.000,2087.000,583.000,2335.000,763.000,2211.000,673.000,248.000,180.000,0,1.000000,25.150000,35.634772,11.365417
1780475863.363267,,,BOARD_2,0,0,2086.000,583.000,2334.000,763.000,248.000,180.000,2086.000,583.000,2334.000,763.000,248.000,180.000,2086.000,583.000,2334.000,763.000,2210.000,673.000,248.000,180.000,0,1.000000,25.150000,35.630215,11.365417
1780475863.789132,,,BOARD_2,0,0,2093.000,575.000,2341.000,755.000,248.000,180.000,2093.000,575.000,2341.000,755.000,248.000,180.000,2093.000,575.000,2341.000,755.000,2217.000,665.000,248.000,180.000,0,1.000000,25.150000,35.662116,11.402083
1780475863.789132,,,BOARD_2,0,1,2094.000,573.000,2342.000,753.000,248.000,180.000,2094.000,573.000,2342.000,753.000,248.000,180.000,2094.000,573.000,2342.000,753.000,2218.000,663.000,248.000,180.000,0,1.000000,25.150000,35.666673,11.411250
1780475864.325019,,,BOARD_2,0,0,2086.000,580.000,2334.000,760.000,248.000,180.000,2086.000,580.000,2334.000,760.000,248.000,180.000,2086.000,580.000,2334.000,760.000,2210.000,670.000,248.000,180.000,0,1.000000,25.150000,35.630215,11.379167
1780475864.325019,,,BOARD_2,0,1,2085.000,580.000,2333.000,760.000,248.000,180.000,2085.000,580.000,2333.000,760.000,248.000,180.000,2085.000,580.000,2333.000,760.000,2209.000,670.000,248.000,180.000,0,1.000000,25.150000,35.625657,11.379167
1780475864.726263,,,BOARD_2,0,0,2084.000,580.000,2332.000,760.000,248.000,180.000,2084.000,580.000,2332.000,760.000,248.000,180.000,2084.000,580.000,2332.000,760.000,2208.000,670.000,248.000,180.000,0,1.000000,25.150000,35.621100,11.379167
1780475864.726263,,,BOARD_2,0,1,2092.000,588.000,2340.000,768.000,248.000,180.000,2092.000,588.000,2340.000,768.000,248.000,180.000,2092.000,588.000,2340.000,768.000,2216.000,678.000,248.000,180.000,0,1.000000,25.150000,35.657558,11.342500
1780475864.966281,,,BOARD_2,0,0,2093.000,590.000,2341.000,770.000,248.000,180.000,2093.000,590.000,2341.000,770.000,248.000,180.000,2093.000,590.000,2341.000,770.000,2217.000,680.000,248.000,180.000,0,1.000000,25.150000,35.662116,11.333333
1780475865.189115,,,BOARD_2,0,0,2093.000,591.000,2341.000,771.000,248.000,180.000,2093.000,591.000,2341.000,771.000,248.000,180.000,2093.000,591.000,2341.000,771.000,2217.000,681.000,248.000,180.000,0,1.000000,25.150000,35.662116,11.328750
1780475865.189115,,,BOARD_2,0,1,2085.000,583.000,2333.000,763.000,248.000,180.000,2085.000,583.000,2333.000,763.000,248.000,180.000,2085.000,583.000,2333.000,763.000,2209.000,673.000,248.000,180.000,0,1.000000,25.150000,35.625657,11.365417
1780475865.476064,,,BOARD_2,0,0,2084.000,583.000,2332.000,763.000,248.000,180.000,2084.000,583.000,2332.000,763.000,248.000,180.000,2084.000,583.000,2332.000,763.000,2208.000,673.000,248.000,180.000,0,1.000000,25.150000,35.621100,11.365417
1780475865.887198,,,BOARD_2,0,0,2083.000,583.000,2331.000,763.000,248.000,180.000,2083.000,583.000,2331.000,763.000,248.000,180.000,2083.000,583.000,2331.000,763.000,2207.000,673.000,248.000,180.000,0,1.000000,25.150000,35.616543,11.365417
1780475865.887198,,,BOARD_2,0,1,2075.000,591.000,2323.000,771.000,248.000,180.000,2075.000,591.000,2323.000,771.000,248.000,180.000,2075.000,591.000,2323.000,771.000,2199.000,681.000,248.000,180.000,0,1.000000,25.150000,35.580084,11.328750
1780475866.120326,,,BOARD_2,0,0,2073.000,592.000,2321.000,772.000,248.000,180.000,2073.000,592.000,2321.000,772.000,248.000,180.000,2073.000,592.000,2321.000,772.000,2197.000,682.000,248.000,180.000,0,1.000000,25.150000,35.570970,11.324167
1780475866.459383,,,BOARD_2,0,0,2070.000,594.000,2318.000,774.000,248.000,180.000,2070.000,594.000,2318.000,774.000,248.000,180.000,2070.000,594.000,2318.000,774.000,2194.000,684.000,248.000,180.000,0,1.000000,25.150000,35.557298,11.315000
1780475866.459383,,,BOARD_2,0,1,2062.000,586.000,2310.000,766.000,248.000,180.000,2062.000,586.000,2310.000,766.000,248.000,180.000,2062.000,586.000,2310.000,766.000,2186.000,676.000,248.000,180.000,0,1.000000,25.150000,35.520840,11.351667
1780475866.690246,,,BOARD_2,0,0,2059.000,586.000,2307.000,766.000,248.000,180.000,2059.000,586.000,2307.000,766.000,248.000,180.000,2059.000,586.000,2307.000,766.000,2183.000,676.000,248.000,180.000,0,1.000000,25.150000,35.507168,11.351667
1780475866.975511,,,BOARD_2,0,0,2055.000,585.000,2303.000,765.000,248.000,180.000,2055.000,585.000,2303.000,765.000,248.000,180.000,2055.000,585.000,2303.000,765.000,2179.000,675.000,248.000,180.000,0,1.000000,25.150000,35.488939,11.356250
1780475866.975511,,,BOARD_2,0,1,2063.000,593.000,2311.000,773.000,248.000,180.000,2063.000,593.000,2311.000,773.000,248.000,180.000,2063.000,593.000,2311.000,773.000,2187.000,683.000,248.000,180.000,0,1.000000,25.150000,35.525397,11.319583
1780475867.378954,,,BOARD_2,0,0,2062.000,594.000,2310.000,774.000,248.000,180.000,2062.000,594.000,2310.000,774.000,248.000,180.000,2062.000,594.000,2310.000,774.000,2186.000,684.000,248.000,180.000,0,1.000000,25.150000,35.520840,11.315000
1780475867.634488,,,BOARD_2,0,0,2060.000,595.000,2308.000,775.000,248.000,180.000,2060.000,595.000,2308.000,775.000,248.000,180.000,2060.000,595.000,2308.000,775.000,2184.000,685.000,248.000,180.000,0,1.000000,25.150000,35.511725,11.310417
1780475867.634488,,,BOARD_2,0,1,2068.000,587.000,2316.000,767.000,248.000,180.000,2068.000,587.000,2316.000,767.000,248.000,180.000,2068.000,587.000,2316.000,767.000,2192.000,677.000,248.000,180.000,0,1.000000,25.150000,35.548183,11.347083
1780475867.892960,,,BOARD_2,0,0,2068.000,586.000,2316.000,766.000,248.000,180.000,2068.000,586.000,2316.000,766.000,248.000,180.000,2068.000,586.000,2316.000,766.000,2192.000,676.000,248.000,180.000,0,1.000000,25.150000,35.548183,11.351667
1780475868.263449,,,BOARD_2,0,0,2069.000,586.000,2317.000,766.000,248.000,180.000,2069.000,586.000,2317.000,766.000,248.000,180.000,2069.000,586.000,2317.000,766.000,2193.000,676.000,248.000,180.000,0,1.000000,25.150000,35.552741,11.351667
1780475868.263449,,,BOARD_2,0,1,2123.000,578.000,2255.000,670.000,132.000,92.000,2123.000,578.000,2255.000,670.000,132.000,92.000,2123.000,578.000,2255.000,670.000,2189.000,624.000,132.000,92.000,0,1.000000,47.250000,35.534511,11.590000
1780475868.552224,,,BOARD_2,0,0,2123.000,568.000,2255.000,660.000,132.000,92.000,2123.000,568.000,2255.000,660.000,132.000,92.000,2123.000,568.000,2255.000,660.000,2189.000,614.000,132.000,92.000,0,1.000000,47.250000,35.534511,11.635833
1780475868.937697,,,BOARD_2,0,0,2072.000,506.000,2320.000,686.000,248.000,180.000,2072.000,506.000,2320.000,686.000,248.000,180.000,2072.000,506.000,2320.000,686.000,2196.000,596.000,248.000,180.000,0,1.000000,25.150000,35.566412,11.718333
1780475868.937697,,,BOARD_2,0,1,2073.000,496.000,2321.000,676.000,248.000,180.000,2073.000,496.000,2321.000,676.000,248.000,180.000,2073.000,496.000,2321.000,676.000,2197.000,586.000,248.000,180.000,0,1.000000,25.150000,35.570970,11.764167
1780475869.486241,,,BOARD_2,0,0,2066.000,463.000,2314.000,643.000,248.000,180.000,2066.000,463.000,2314.000,643.000,248.000,180.000,2066.000,463.000,2314.000,643.000,2190.000,553.000,248.000,180.000,0,1.000000,25.150000,35.539069,11.915417
1780475869.486241,,,BOARD_2,0,1,2065.000,451.000,2313.000,631.000,248.000,180.000,2065.000,451.000,2313.000,631.000,248.000,180.000,2065.000,451.000,2313.000,631.000,2189.000,541.000,248.000,180.000,0,1.000000,25.150000,35.534511,11.970417
1780475870.095132,,,BOARD_2,0,0,2057.000,399.000,2305.000,579.000,248.000,180.000,2057.000,399.000,2305.000,579.000,248.000,180.000,2057.000,399.000,2305.000,579.000,2181.000,489.000,248.000,180.000,0,1.000000,25.150000,35.498053,12.208750
1780475870.354703,,,BOARD_2,0,0,2055.000,385.000,2303.000,565.000,248.000,180.000,2055.000,385.000,2303.000,565.000,248.000,180.000,2055.000,385.000,2303.000,565.000,2179.000,475.000,248.000,180.000,0,1.000000,25.150000,35.488939,12.272917
1780475872.875444,,,BOARD_3,0,0,1778.000,1934.000,2026.000,2114.000,248.000,180.000,1778.000,1934.000,2026.000,2114.000,248.000,180.000,1778.000,1934.000,2026.000,2114.000,1902.000,2024.000,248.000,180.000,0,1.000000,25.150000,31.904969,14.673333
1780475872.875444,,,BOARD_3,0,1,1779.000,1933.000,2027.000,2113.000,248.000,180.000,1779.000,1933.000,2027.000,2113.000,248.000,180.000,1779.000,1933.000,2027.000,2113.000,1903.000,2023.000,248.000,180.000,0,1.000000,25.150000,31.909526,14.677917
1780475884.890932,,,BOARD_3,0,0,1771.000,1710.000,2019.000,1890.000,248.000,180.000,1771.000,1710.000,2019.000,1890.000,248.000,180.000,1771.000,1710.000,2019.000,1890.000,1895.000,1800.000,248.000,180.000,0,1.000000,25.150000,31.873068,15.700000
1780475885.395647,,,BOARD_3,0,0,1776.000,1687.000,2024.000,1867.000,248.000,180.000,1776.000,1687.000,2024.000,1867.000,248.000,180.000,1776.000,1687.000,2024.000,1867.000,1900.000,1777.000,248.000,180.000,0,1.000000,25.150000,31.895854,15.805417
1780475886.369493,,,BOARD_3,0,0,1761.000,1705.000,2009.000,1885.000,248.000,180.000,1761.000,1705.000,2009.000,1885.000,248.000,180.000,1761.000,1705.000,2009.000,1885.000,1885.000,1795.000,248.000,180.000,0,1.000000,25.150000,31.827495,15.722917
1780475892.265371,,,BOARD_3,0,0,1773.000,1386.000,2021.000,1566.000,248.000,180.000,1773.000,1386.000,2021.000,1566.000,248.000,180.000,1773.000,1386.000,2021.000,1566.000,1897.000,1476.000,248.000,180.000,0,1.000000,25.150000,31.882182,17.185000
1780475892.515521,,,BOARD_3,0,0,1773.000,1387.000,2021.000,1567.000,248.000,180.000,1773.000,1387.000,2021.000,1567.000,248.000,180.000,1773.000,1387.000,2021.000,1567.000,1897.000,1477.000,248.000,180.000,0,1.000000,25.150000,31.882182,17.180417
1780475892.515521,,,BOARD_3,0,1,1781.000,1394.000,2029.000,1574.000,248.000,180.000,1781.000,1394.000,2029.000,1574.000,248.000,180.000,1781.000,1394.000,2029.000,1574.000,1905.000,1484.000,248.000,180.000,0,1.000000,25.150000,31.918641,17.148333
1780475892.743690,,,BOARD_3,0,0,1783.000,1397.000,2031.000,1577.000,248.000,180.000,1783.000,1397.000,2031.000,1577.000,248.000,180.000,1783.000,1397.000,2031.000,1577.000,1907.000,1487.000,248.000,180.000,0,1.000000,25.150000,31.927755,17.134583
1780475893.109475,,,BOARD_3,0,0,1785.000,1399.000,2033.000,1579.000,248.000,180.000,1785.000,1399.000,2033.000,1579.000,248.000,180.000,1785.000,1399.000,2033.000,1579.000,1909.000,1489.000,248.000,180.000,0,1.000000,25.150000,31.936870,17.125417
1780475893.109475,,,BOARD_3,0,1,1777.000,1391.000,2025.000,1571.000,248.000,180.000,1777.000,1391.000,2025.000,1571.000,248.000,180.000,1777.000,1391.000,2025.000,1571.000,1901.000,1481.000,248.000,180.000,0,1.000000,25.150000,31.900411,17.162083
1780475893.650967,,,BOARD_3,0,0,1777.000,1392.000,2025.000,1572.000,248.000,180.000,1777.000,1392.000,2025.000,1572.000,248.000,180.000,1777.000,1392.000,2025.000,1572.000,1901.000,1482.000,248.000,180.000,0,1.000000,25.150000,31.900411,17.157500
1780475893.650967,,,BOARD_3,0,1,1769.000,1399.000,2017.000,1579.000,248.000,180.000,1769.000,1399.000,2017.000,1579.000,248.000,180.000,1769.000,1399.000,2017.000,1579.000,1893.000,1489.000,248.000,180.000,0,1.000000,25.150000,31.863953,17.125417
1780475893.650967,,,BOARD_3,0,2,1767.000,1402.000,2015.000,1582.000,248.000,180.000,1767.000,1402.000,2015.000,1582.000,248.000,180.000,1767.000,1402.000,2015.000,1582.000,1891.000,1492.000,248.000,180.000,0,1.000000,25.150000,31.854839,17.111667
1780475894.133479,,,BOARD_3,0,0,1765.000,1404.000,2013.000,1584.000,248.000,180.000,1765.000,1404.000,2013.000,1584.000,248.000,180.000,1765.000,1404.000,2013.000,1584.000,1889.000,1494.000,248.000,180.000,0,1.000000,25.150000,31.845724,17.102500
1780475894.133479,,,BOARD_3,0,1,1819.000,1436.000,1951.000,1528.000,132.000,92.000,1819.000,1436.000,1951.000,1528.000,132.000,92.000,1819.000,1436.000,1951.000,1528.000,1885.000,1482.000,132.000,92.000,0,1.000000,47.250000,31.827495,17.157500
1780475894.555192,,,BOARD_3,0,0,1817.000,1436.000,1949.000,1528.000,132.000,92.000,1817.000,1436.000,1949.000,1528.000,132.000,92.000,1817.000,1436.000,1949.000,1528.000,1883.000,1482.000,132.000,92.000,0,1.000000,47.250000,31.818380,17.157500
1780475895.570357,,,BOARD_3,0,0,1777.000,1406.000,2025.000,1586.000,248.000,180.000,1777.000,1406.000,2025.000,1586.000,248.000,180.000,1777.000,1406.000,2025.000,1586.000,1901.000,1496.000,248.000,180.000,0,1.000000,25.150000,31.900411,17.093333
1780475895.570357,,,BOARD_3,0,1,1778.000,1408.000,2026.000,1588.000,248.000,180.000,1778.000,1408.000,2026.000,1588.000,248.000,180.000,1778.000,1408.000,2026.000,1588.000,1902.000,1498.000,248.000,180.000,0,1.000000,25.150000,31.904969,17.084167
1780475896.031059,,,BOARD_3,0,0,1770.000,1402.000,2018.000,1582.000,248.000,180.000,1770.000,1402.000,2018.000,1582.000,248.000,180.000,1770.000,1402.000,2018.000,1582.000,1894.000,1492.000,248.000,180.000,0,1.000000,25.150000,31.868510,17.111667
1780475896.031059,,,BOARD_3,0,1,1769.000,1402.000,2017.000,1582.000,248.000,180.000,1769.000,1402.000,2017.000,1582.000,248.000,180.000,1769.000,1402.000,2017.000,1582.000,1893.000,1492.000,248.000,180.000,0,1.000000,25.150000,31.863953,17.111667
1780475896.342676,,,BOARD_3,0,0,1768.000,1402.000,2016.000,1582.000,248.000,180.000,1768.000,1402.000,2016.000,1582.000,248.000,180.000,1768.000,1402.000,2016.000,1582.000,1892.000,1492.000,248.000,180.000,0,1.000000,25.150000,31.859396,17.111667
1780475896.342676,,,BOARD_3,0,1,1776.000,1410.000,2024.000,1590.000,248.000,180.000,1776.000,1410.000,2024.000,1590.000,248.000,180.000,1776.000,1410.000,2024.000,1590.000,1900.000,1500.000,248.000,180.000,0,1.000000,25.150000,31.895854,17.075000
1780475896.342676,,,BOARD_3,0,2,1777.000,1412.000,2025.000,1592.000,248.000,180.000,1777.000,1412.000,2025.000,1592.000,248.000,180.000,1777.000,1412.000,2025.000,1592.000,1901.000,1502.000,248.000,180.000,0,1.000000,25.150000,31.900411,17.065833
1780475896.754234,,,BOARD_3,0,0,1777.000,1413.000,2025.000,1593.000,248.000,180.000,1777.000,1413.000,2025.000,1593.000,248.000,180.000,1777.000,1413.000,2025.000,1593.000,1901.000,1503.000,248.000,180.000,0,1.000000,25.150000,31.900411,17.061250
1780475896.754234,,,BOARD_3,0,1,1785.000,1421.000,2033.000,1601.000,248.000,180.000,1785.000,1421.000,2033.000,1601.000,248.000,180.000,1785.000,1421.000,2033.000,1601.000,1909.000,1511.000,248.000,180.000,0,1.000000,25.150000,31.936870,17.024583
1780475897.007536,,,BOARD_3,0,0,1787.000,1424.000,2035.000,1604.000,248.000,180.000,1787.000,1424.000,2035.000,1604.000,248.000,180.000,1787.000,1424.000,2035.000,1604.000,1911.000,1514.000,248.000,180.000,0,1.000000,25.150000,31.945984,17.010833
1780475897.235435,,,BOARD_3,0,0,1789.000,1426.000,2037.000,1606.000,248.000,180.000,1789.000,1426.000,2037.000,1606.000,248.000,180.000,1789.000,1426.000,2037.000,1606.000,1913.000,1516.000,248.000,180.000,0,1.000000,25.150000,31.955099,17.001667
1780475897.235435,,,BOARD_3,0,1,1781.000,1418.000,2029.000,1598.000,248.000,180.000,1781.000,1418.000,2029.000,1598.000,248.000,180.000,1781.000,1418.000,2029.000,1598.000,1905.000,1508.000,248.000,180.000,0,1.000000,25.150000,31.918641,17.038333
1780475897.456423,,,BOARD_3,0,0,1781.000,1419.000,2029.000,1599.000,248.000,180.000,1781.000,1419.000,2029.000,1599.000,248.000,180.000,1781.000,1419.000,2029.000,1599.000,1905.000,1509.000,248.000,180.000,0,1.000000,25.150000,31.918641,17.033750
1780475897.682213,,,BOARD_3,0,0,1781.000,1419.000,2029.000,1599.000,248.000,180.000,1781.000,1419.000,2029.000,1599.000,248.000,180.000,1781.000,1419.000,2029.000,1599.000,1905.000,1509.000,248.000,180.000,0,1.000000,25.150000,31.918641,17.033750
1780475897.682213,,,BOARD_3,0,1,1789.000,1427.000,2037.000,1607.000,248.000,180.000,1789.000,1427.000,2037.000,1607.000,248.000,180.000,1789.000,1427.000,2037.000,1607.000,1913.000,1517.000,248.000,180.000,0,1.000000,25.150000,31.955099,16.997083
1780475898.173034,,,BOARD_3,0,0,1790.000,1429.000,2038.000,1609.000,248.000,180.000,1790.000,1429.000,2038.000,1609.000,248.000,180.000,1790.000,1429.000,2038.000,1609.000,1914.000,1519.000,248.000,180.000,0,1.000000,25.150000,31.959656,16.987917
1780475898.173034,,,BOARD_3,0,1,1781.000,1435.000,2029.000,1615.000,248.000,180.000,1781.000,1435.000,2029.000,1615.000,248.000,180.000,1781.000,1435.000,2029.000,1615.000,1905.000,1525.000,248.000,180.000,0,1.000000,25.150000,31.918641,16.960417
1780475898.616185,,,BOARD_3,0,0,1780.000,1437.000,2028.000,1617.000,248.000,180.000,1780.000,1437.000,2028.000,1617.000,248.000,180.000,1780.000,1437.000,2028.000,1617.000,1904.000,1527.000,248.000,180.000,0,1.000000,25.150000,31.914083,16.951250
1780475898.845748,,,BOARD_3,0,0,1789.000,1427.000,2037.000,1607.000,248.000,180.000,1789.000,1427.000,2037.000,1607.000,248.000,180.000,1789.000,1427.000,2037.000,1607.000,1913.000,1517.000,248.000,180.000,0,1.000000,25.150000,31.955099,16.997083
1780475898.845748,,,BOARD_3,0,1,1791.000,1426.000,2039.000,1606.000,248.000,180.000,1791.000,1426.000,2039.000,1606.000,248.000,180.000,1791.000,1426.000,2039.000,1606.000,1915.000,1516.000,248.000,180.000,0,1.000000,25.150000,31.964214,17.001667
1780475899.161181,,,BOARD_3,0,0,1793.000,1425.000,2041.000,1605.000,248.000,180.000,1793.000,1425.000,2041.000,1605.000,248.000,180.000,1793.000,1425.000,2041.000,1605.000,1917.000,1515.000,248.000,180.000,0,1.000000,25.150000,31.973328,17.006250
1780475899.161181,,,BOARD_3,0,1,1831.000,1473.000,1963.000,1565.000,132.000,92.000,1831.000,1473.000,1963.000,1565.000,132.000,92.000,1831.000,1473.000,1963.000,1565.000,1897.000,1519.000,132.000,92.000,0,1.000000,47.250000,31.882182,16.987917
1780475899.553774,,,BOARD_3,0,0,1830.000,1473.000,1962.000,1565.000,132.000,92.000,1830.000,1473.000,1962.000,1565.000,132.000,92.000,1830.000,1473.000,1962.000,1565.000,1896.000,1519.000,132.000,92.000,0,1.000000,47.250000,31.877625,16.987917
1780475899.553774,,,BOARD_3,0,1,1781.000,1437.000,2029.000,1617.000,248.000,180.000,1781.000,1437.000,2029.000,1617.000,248.000,180.000,1781.000,1437.000,2029.000,1617.000,1905.000,1527.000,248.000,180.000,0,1.000000,25.150000,31.918641,16.951250
1780475899.553774,,,BOARD_3,0,2,1783.000,1439.000,2031.000,1619.000,248.000,180.000,1783.000,1439.000,2031.000,1619.000,248.000,180.000,1783.000,1439.000,2031.000,1619.000,1907.000,1529.000,248.000,180.000,0,1.000000,25.150000,31.927755,16.942083
1780475899.941199,,,BOARD_3,0,0,1784.000,1441.000,2032.000,1621.000,248.000,180.000,1784.000,1441.000,2032.000,1621.000,248.000,180.000,1784.000,1441.000,2032.000,1621.000,1908.000,1531.000,248.000,180.000,0,1.000000,25.150000,31.932312,16.932917
1780475899.941199,,,BOARD_3,0,1,1776.000,1385.000,2024.000,1565.000,248.000,180.000,1776.000,1385.000,2024.000,1565.000,248.000,180.000,1776.000,1385.000,2024.000,1565.000,1900.000,1475.000,248.000,180.000,0,1.000000,25.150000,31.895854,17.189583
1780475900.481958,,,BOARD_3,0,0,1768.000,1345.000,2016.000,1525.000,248.000,180.000,1768.000,1345.000,2016.000,1525.000,248.000,180.000,1768.000,1345.000,2016.000,1525.000,1892.000,1435.000,248.000,180.000,0,1.000000,25.150000,31.859396,17.372917
1780475900.481958,,,BOARD_3,0,1,1766.000,1331.000,2014.000,1511.000,248.000,180.000,1766.000,1331.000,2014.000,1511.000,248.000,180.000,1766.000,1331.000,2014.000,1511.000,1890.000,1421.000,248.000,180.000,0,1.000000,25.150000,31.850281,17.437083
1780475901.010610,,,BOARD_3,0,0,1772.000,1341.000,2020.000,1521.000,248.000,180.000,1772.000,1341.000,2020.000,1521.000,248.000,180.000,1772.000,1341.000,2020.000,1521.000,1896.000,1431.000,248.000,180.000,0,1.000000,25.150000,31.877625,17.391250
1780475901.400904,,,BOARD_3,0,0,1826.000,1381.000,1958.000,1473.000,132.000,92.000,1826.000,1381.000,1958.000,1473.000,132.000,92.000,1826.000,1381.000,1958.000,1473.000,1892.000,1427.000,132.000,92.000,0,1.000000,47.250000,31.859396,17.409583
1780475901.832710,,,BOARD_3,0,0,1776.000,1281.000,2024.000,1461.000,248.000,180.000,1776.000,1281.000,2024.000,1461.000,248.000,180.000,1776.000,1281.000,2024.000,1461.000,1900.000,1371.000,248.000,180.000,0,1.000000,25.150000,31.895854,17.666250
1780475905.016757,,,BOARD_3,0,0,1779.000,819.000,2027.000,999.000,248.000,180.000,1779.000,819.000,2027.000,999.000,248.000,180.000,1779.000,819.000,2027.000,999.000,1903.000,909.000,248.000,180.000,0,1.000000,25.150000,31.909526,19.783750
1780475905.016757,,,BOARD_3,0,1,1786.000,805.000,2034.000,985.000,248.000,180.000,1786.000,805.000,2034.000,985.000,248.000,180.000,1786.000,805.000,2034.000,985.000,1910.000,895.000,248.000,180.000,0,1.000000,25.150000,31.941427,19.847917
1780475905.533446,,,BOARD_3,0,0,1769.000,814.000,2017.000,994.000,248.000,180.000,1769.000,814.000,2017.000,994.000,248.000,180.000,1769.000,814.000,2017.000,994.000,1893.000,904.000,248.000,180.000,0,1.000000,25.150000,31.863953,19.806667
1780475905.861189,,,BOARD_3,0,0,1777.000,822.000,2025.000,1002.000,248.000,180.000,1777.000,822.000,2025.000,1002.000,248.000,180.000,1777.000,822.000,2025.000,1002.000,1901.000,912.000,248.000,180.000,0,1.000000,25.150000,31.900411,19.770000
1780475905.861189,,,BOARD_3,0,1,1780.000,821.000,2028.000,1001.000,248.000,180.000,1780.000,821.000,2028.000,1001.000,248.000,180.000,1780.000,821.000,2028.000,1001.000,1904.000,911.000,248.000,180.000,0,1.000000,25.150000,31.914083,19.774583
1780475917.223062,,,BOARD_3,0,0,265.000,1454.000,513.000,1634.000,248.000,180.000,265.000,1454.000,513.000,1634.000,248.000,180.000,265.000,1454.000,513.000,1634.000,389.000,1544.000,248.000,180.000,0,1.000000,25.150000,25.009786,16.873333
1780475917.572961,,,BOARD_3,0,0,257.000,1462.000,505.000,1642.000,248.000,180.000,257.000,1462.000,505.000,1642.000,248.000,180.000,257.000,1462.000,505.000,1642.000,381.000,1552.000,248.000,180.000,0,1.000000,25.150000,24.973328,16.836667
1780475917.572961,,,BOARD_3,0,1,255.000,1467.000,503.000,1647.000,248.000,180.000,255.000,1467.000,503.000,1647.000,248.000,180.000,255.000,1467.000,503.000,1647.000,379.000,1557.000,248.000,180.000,0,1.000000,25.150000,24.964214,16.813750
1780475918.176548,,,BOARD_3,0,0,245.000,1479.000,493.000,1659.000,248.000,180.000,245.000,1479.000,493.000,1659.000,248.000,180.000,245.000,1479.000,493.000,1659.000,369.000,1569.000,248.000,180.000,0,1.000000,25.150000,24.918641,16.758750
1780475918.486510,,,BOARD_3,0,0,242.000,1483.000,490.000,1663.000,248.000,180.000,242.000,1483.000,490.000,1663.000,248.000,180.000,242.000,1483.000,490.000,1663.000,366.000,1573.000,248.000,180.000,0,1.000000,25.150000,24.904969,16.740417
1780475920.234268,,,BOARD_3,1,0,2972.000,1607.000,3220.000,1787.000,248.000,180.000,2972.000,1607.000,3220.000,1787.000,248.000,180.000,2972.000,1607.000,3220.000,1787.000,3096.000,1697.000,248.000,180.000,0,1.000000,25.150000,25.051475,16.172083
1780475920.234268,,,BOARD_3,1,1,2965.000,1611.000,3213.000,1791.000,248.000,180.000,2965.000,1611.000,3213.000,1791.000,248.000,180.000,2965.000,1611.000,3213.000,1791.000,3089.000,1701.000,248.000,180.000,0,1.000000,25.150000,25.019574,16.153750
1780475920.783077,,,BOARD_3,1,0,2965.000,1640.000,3213.000,1820.000,248.000,180.000,2965.000,1640.000,3213.000,1820.000,248.000,180.000,2965.000,1640.000,3213.000,1820.000,3089.000,1730.000,248.000,180.000,0,1.000000,25.150000,25.019574,16.020833
1780475920.783077,,,BOARD_3,1,1,2960.000,1648.000,3208.000,1828.000,248.000,180.000,2960.000,1648.000,3208.000,1828.000,248.000,180.000,2960.000,1648.000,3208.000,1828.000,3084.000,1738.000,248.000,180.000,0,1.000000,25.150000,24.996787,15.984167
1780475921.250138,,,BOARD_3,1,0,2980.000,1648.000,3228.000,1828.000,248.000,180.000,2980.000,1648.000,3228.000,1828.000,248.000,180.000,2980.000,1648.000,3228.000,1828.000,3104.000,1738.000,248.000,180.000,0,1.000000,25.150000,25.087933,15.984167
1780475921.250138,,,BOARD_3,1,1,2981.000,1653.000,3229.000,1833.000,248.000,180.000,2981.000,1653.000,3229.000,1833.000,248.000,180.000,2981.000,1653.000,3229.000,1833.000,3105.000,1743.000,248.000,180.000,0,1.000000,25.150000,25.092491,15.961250
1780475921.751885,,,BOARD_3,1,0,2989.000,1650.000,3237.000,1830.000,248.000,180.000,2989.000,1650.000,3237.000,1830.000,248.000,180.000,2989.000,1650.000,3237.000,1830.000,3113.000,1740.000,248.000,180.000,0,1.000000,25.150000,25.128949,15.975000
1780475922.215642,,,BOARD_3,1,0,2997.000,1642.000,3245.000,1822.000,248.000,180.000,2997.000,1642.000,3245.000,1822.000,248.000,180.000,2997.000,1642.000,3245.000,1822.000,3121.000,1732.000,248.000,180.000,0,1.000000,25.150000,25.165407,16.011667
1780475922.215642,,,BOARD_3,1,1,3000.000,1641.000,3248.000,1821.000,248.000,180.000,3000.000,1641.000,3248.000,1821.000,248.000,180.000,3000.000,1641.000,3248.000,1821.000,3124.000,1731.000,248.000,180.000,0,1.000000,25.150000,25.179079,16.016250
1780475922.780500,,,BOARD_3,1,0,2995.000,1632.000,3243.000,1812.000,248.000,180.000,2995.000,1632.000,3243.000,1812.000,248.000,180.000,2995.000,1632.000,3243.000,1812.000,3119.000,1722.000,248.000,180.000,0,1.000000,25.150000,25.156293,16.057500
1780475923.113311,,,BOARD_3,1,0,2996.000,1630.000,3244.000,1810.000,248.000,180.000,2996.000,1630.000,3244.000,1810.000,248.000,180.000,2996.000,1630.000,3244.000,1810.000,3120.000,1720.000,248.000,180.000,0,1.000000,25.150000,25.160850,16.066667
1780475923.113311,,,BOARD_3,1,1,3033.000,1672.000,3165.000,1764.000,132.000,92.000,3033.000,1672.000,3165.000,1764.000,132.000,92.000,3033.000,1672.000,3165.000,1764.000,3099.000,1718.000,132.000,92.000,0,1.000000,47.250000,25.065147,16.075833
1780475923.113311,,,BOARD_3,1,2,3028.000,1670.000,3160.000,1762.000,132.000,92.000,3028.000,1670.000,3160.000,1762.000,132.000,92.000,3028.000,1670.000,3160.000,1762.000,3094.000,1716.000,132.000,92.000,0,1.000000,47.250000,25.042360,16.085000
1780475923.685318,,,BOARD_3,1,0,2989.000,1632.000,3237.000,1812.000,248.000,180.000,2989.000,1632.000,3237.000,1812.000,248.000,180.000,2989.000,1632.000,3237.000,1812.000,3113.000,1722.000,248.000,180.000,0,1.000000,25.150000,25.128949,16.057500
1780475923.685318,,,BOARD_3,1,1,2989.000,1632.000,3237.000,1812.000,248.000,180.000,2989.000,1632.000,3237.000,1812.000,248.000,180.000,2989.000,1632.000,3237.000,1812.000,3113.000,1722.000,248.000,180.000,0,1.000000,25.150000,25.128949,16.057500
1780475924.160717,,,BOARD_3,1,0,2966.000,1640.000,3214.000,1820.000,248.000,180.000,2966.000,1640.000,3214.000,1820.000,248.000,180.000,2966.000,1640.000,3214.000,1820.000,3090.000,1730.000,248.000,180.000,0,1.000000,25.150000,25.024131,16.020833
1780475924.160717,,,BOARD_3,1,1,2962.000,1641.000,3210.000,1821.000,248.000,180.000,2962.000,1641.000,3210.000,1821.000,248.000,180.000,2962.000,1641.000,3210.000,1821.000,3086.000,1731.000,248.000,180.000,0,1.000000,25.150000,25.005902,16.016250
1780475924.612510,,,BOARD_3,1,0,2982.000,1635.000,3230.000,1815.000,248.000,180.000,2982.000,1635.000,3230.000,1815.000,248.000,180.000,2982.000,1635.000,3230.000,1815.000,3106.000,1725.000,248.000,180.000,0,1.000000,25.150000,25.097048,16.043750
1780475924.612510,,,BOARD_3,1,1,2983.000,1635.000,3231.000,1815.000,248.000,180.000,2983.000,1635.000,3231.000,1815.000,248.000,180.000,2983.000,1635.000,3231.000,1815.000,3107.000,1725.000,248.000,180.000,0,1.000000,25.150000,25.101605,16.043750
1780475925.004487,,,BOARD_3,1,0,2976.000,1642.000,3224.000,1822.000,248.000,180.000,2976.000,1642.000,3224.000,1822.000,248.000,180.000,2976.000,1642.000,3224.000,1822.000,3100.000,1732.000,248.000,180.000,0,1.000000,25.150000,25.069704,16.011667
1780475925.004487,,,BOARD_3,1,1,2975.000,1643.000,3223.000,1823.000,248.000,180.000,2975.000,1643.000,3223.000,1823.000,248.000,180.000,2975.000,1643.000,3223.000,1823.000,3099.000,1733.000,248.000,180.000,0,1.000000,25.150000,25.065147,16.007083
1780475925.389332,,,BOARD_3,1,0,2983.000,1636.000,3231.000,1816.000,248.000,180.000,2983.000,1636.000,3231.000,1816.000,248.000,180.000,2983.000,1636.000,3231.000,1816.000,3107.000,1726.000,248.000,180.000,0,1.000000,25.150000,25.101605,16.039167
1780475925.389332,,,BOARD_3,1,1,2984.000,1635.000,3232.000,1815.000,248.000,180.000,2984.000,1635.000,3232.000,1815.000,248.000,180.000,2984.000,1635.000,3232.000,1815.000,3108.000,1725.000,248.000,180.000,0,1.000000,25.150000,25.106162,16.043750
1780475925.830743,,,BOARD_3,1,0,2977.000,1643.000,3225.000,1823.000,248.000,180.000,2977.000,1643.000,3225.000,1823.000,248.000,180.000,2977.000,1643.000,3225.000,1823.000,3101.000,1733.000,248.000,180.000,0,1.000000,25.150000,25.074261,16.007083
1780475926.078284,,,BOARD_3,1,0,2977.000,1644.000,3225.000,1824.000,248.000,180.000,2977.000,1644.000,3225.000,1824.000,248.000,180.000,2977.000,1644.000,3225.000,1824.000,3101.000,1734.000,248.000,180.000,0,1.000000,25.150000,25.074261,16.002500
1780475926.078284,,,BOARD_3,1,1,2985.000,1635.000,3233.000,1815.000,248.000,180.000,2985.000,1635.000,3233.000,1815.000,248.000,180.000,2985.000,1635.000,3233.000,1815.000,3109.000,1725.000,248.000,180.000,0,1.000000,25.150000,25.110720,16.043750
1780475926.284014,,,BOARD_3,1,0,2987.000,1633.000,3235.000,1813.000,248.000,180.000,2987.000,1633.000,3235.000,1813.000,248.000,180.000,2987.000,1633.000,3235.000,1813.000,3111.000,1723.000,248.000,180.000,0,1.000000,25.150000,25.119834,16.052917
1780475926.495682,,,BOARD_3,1,0,2989.000,1631.000,3237.000,1811.000,248.000,180.000,2989.000,1631.000,3237.000,1811.000,248.000,180.000,2989.000,1631.000,3237.000,1811.000,3113.000,1721.000,248.000,180.000,0,1.000000,25.150000,25.128949,16.062083
1780475926.495682,,,BOARD_3,1,1,2981.000,1639.000,3229.000,1819.000,248.000,180.000,2981.000,1639.000,3229.000,1819.000,248.000,180.000,2981.000,1639.000,3229.000,1819.000,3105.000,1729.000,248.000,180.000,0,1.000000,25.150000,25.092491,16.025417
1780475926.702735,,,BOARD_3,1,0,2981.000,1639.000,3229.000,1819.000,248.000,180.000,2981.000,1639.000,3229.000,1819.000,248.000,180.000,2981.000,1639.000,3229.000,1819.000,3105.000,1729.000,248.000,180.000,0,1.000000,25.150000,25.092491,16.025417
1780475926.992510,,,BOARD_3,1,0,2981.000,1639.000,3229.000,1819.000,248.000,180.000,2981.000,1639.000,3229.000,1819.000,248.000,180.000,2981.000,1639.000,3229.000,1819.000,3105.000,1729.000,248.000,180.000,0,1.000000,25.150000,25.092491,16.025417
1780475926.992510,,,BOARD_3,1,1,2973.000,1647.000,3221.000,1827.000,248.000,180.000,2973.000,1647.000,3221.000,1827.000,248.000,180.000,2973.000,1647.000,3221.000,1827.000,3097.000,1737.000,248.000,180.000,0,1.000000,25.150000,25.056032,15.988750
1780475927.400339,,,BOARD_3,1,0,2972.000,1648.000,3220.000,1828.000,248.000,180.000,2972.000,1648.000,3220.000,1828.000,248.000,180.000,2972.000,1648.000,3220.000,1828.000,3096.000,1738.000,248.000,180.000,0,1.000000,25.150000,25.051475,15.984167
1780475927.400339,,,BOARD_3,1,1,2981.000,1639.000,3229.000,1819.000,248.000,180.000,2981.000,1639.000,3229.000,1819.000,248.000,180.000,2981.000,1639.000,3229.000,1819.000,3105.000,1729.000,248.000,180.000,0,1.000000,25.150000,25.092491,16.025417
1780475927.992878,,,BOARD_3,1,0,2982.000,1638.000,3230.000,1818.000,248.000,180.000,2982.000,1638.000,3230.000,1818.000,248.000,180.000,2982.000,1638.000,3230.000,1818.000,3106.000,1728.000,248.000,180.000,0,1.000000,25.150000,25.097048,16.030000
1780475927.992878,,,BOARD_3,1,1,2979.000,1499.000,3215.000,1975.000,236.000,476.000,2979.000,1499.000,3215.000,1975.000,236.000,476.000,2979.000,1499.000,3215.000,1975.000,3097.000,1737.000,236.000,476.000,0,1.000000,26.430000,25.056032,15.988750
1780475927.992878,,,BOARD_3,1,2,2977.000,1501.000,3213.000,1977.000,236.000,476.000,2977.000,1501.000,3213.000,1977.000,236.000,476.000,2977.000,1501.000,3213.000,1977.000,3095.000,1739.000,236.000,476.000,0,1.000000,26.430000,25.046918,15.979583
1780475928.470984,,,BOARD_3,1,0,2976.000,1503.000,3212.000,1979.000,236.000,476.000,2976.000,1503.000,3212.000,1979.000,236.000,476.000,2976.000,1503.000,3212.000,1979.000,3094.000,1741.000,236.000,476.000,0,1.000000,26.430000,25.042360,15.970417
1780475928.470984,,,BOARD_3,1,1,2968.000,1543.000,3204.000,2019.000,236.000,476.000,2968.000,1543.000,3204.000,2019.000,236.000,476.000,2968.000,1543.000,3204.000,2019.000,3086.000,1781.000,236.000,476.000,0,1.000000,26.430000,25.005902,15.787083
1780475928.470984,,,BOARD_3,1,2,2965.000,1552.000,3201.000,2028.000,236.000,476.000,2965.000,1552.000,3201.000,2028.000,236.000,476.000,2965.000,1552.000,3201.000,2028.000,3083.000,1790.000,236.000,476.000,0,1.000000,26.430000,24.992230,15.745833
1780475934.614352,,,BOARD_3,1,0,1056.000,1934.000,1304.000,2114.000,248.000,180.000,1056.000,1934.000,1304.000,2114.000,248.000,180.000,1056.000,1934.000,1304.000,2114.000,1180.000,2024.000,248.000,180.000,0,1.000000,25.150000,16.319704,14.673333
1780475934.614352,,,BOARD_3,1,1,997.000,1939.000,1245.000,2119.000,248.000,180.000,997.000,1939.000,1245.000,2119.000,248.000,180.000,997.000,1939.000,1245.000,2119.000,1121.000,2029.000,248.000,180.000,0,1.000000,25.150000,16.050824,14.650417
1780475937.923592,,,BOARD_3,2,0,3324.000,1571.000,3572.000,1751.000,248.000,180.000,3324.000,1571.000,3572.000,1751.000,248.000,180.000,3324.000,1571.000,3572.000,1751.000,3448.000,1661.000,248.000,180.000,0,1.000000,25.150000,7.933842,16.337083
1780475938.521378,,,BOARD_3,2,0,3349.000,1612.000,3481.000,1704.000,132.000,92.000,3349.000,1612.000,3481.000,1704.000,132.000,92.000,3349.000,1612.000,3481.000,1704.000,3415.000,1658.000,132.000,92.000,0,1.000000,47.250000,7.783451,16.350833
1780475938.890629,,,BOARD_3,2,0,3299.000,1576.000,3547.000,1756.000,248.000,180.000,3299.000,1576.000,3547.000,1756.000,248.000,180.000,3299.000,1576.000,3547.000,1756.000,3423.000,1666.000,248.000,180.000,0,1.000000,25.150000,7.819909,16.314167
1780475939.708833,,,BOARD_3,2,0,3324.000,1566.000,3572.000,1746.000,248.000,180.000,3324.000,1566.000,3572.000,1746.000,248.000,180.000,3324.000,1566.000,3572.000,1746.000,3448.000,1656.000,248.000,180.000,0,1.000000,25.150000,7.933842,16.360000
1780475939.708833,,,BOARD_3,2,1,3327.000,1564.000,3575.000,1744.000,248.000,180.000,3327.000,1564.000,3575.000,1744.000,248.000,180.000,3327.000,1564.000,3575.000,1744.000,3451.000,1654.000,248.000,180.000,0,1.000000,25.150000,7.947514,16.369167
1780475944.480409,,,BOARD_3,2,0,3313.000,1521.000,3561.000,1701.000,248.000,180.000,3313.000,1521.000,3561.000,1701.000,248.000,180.000,3313.000,1521.000,3561.000,1701.000,3437.000,1611.000,248.000,180.000,0,1.000000,25.150000,7.883711,16.566250
1780475944.480409,,,BOARD_3,2,1,3311.000,1523.000,3559.000,1703.000,248.000,180.000,3311.000,1523.000,3559.000,1703.000,248.000,180.000,3311.000,1523.000,3559.000,1703.000,3435.000,1613.000,248.000,180.000,0,1.000000,25.150000,7.874597,16.557083
1780475944.959600,,,BOARD_3,2,0,3362.000,1549.000,3494.000,1641.000,132.000,92.000,3362.000,1549.000,3494.000,1641.000,132.000,92.000,3362.000,1549.000,3494.000,1641.000,3428.000,1595.000,132.000,92.000,0,1.000000,47.250000,7.842696,16.639583
1780475944.959600,,,BOARD_3,2,1,3359.000,1547.000,3491.000,1639.000,132.000,92.000,3359.000,1547.000,3491.000,1639.000,132.000,92.000,3359.000,1547.000,3491.000,1639.000,3425.000,1593.000,132.000,92.000,0,1.000000,47.250000,7.829024,16.648750
1780475945.448155,,,BOARD_3,2,0,3323.000,1509.000,3571.000,1689.000,248.000,180.000,3323.000,1509.000,3571.000,1689.000,248.000,180.000,3323.000,1509.000,3571.000,1689.000,3447.000,1599.000,248.000,180.000,0,1.000000,25.150000,7.929284,16.621250
1780475945.923807,,,BOARD_3,2,0,3315.000,1501.000,3563.000,1681.000,248.000,180.000,3315.000,1501.000,3563.000,1681.000,248.000,180.000,3315.000,1501.000,3563.000,1681.000,3439.000,1591.000,248.000,180.000,0,1.000000,25.150000,7.892826,16.657917
1780475946.169847,,,BOARD_3,2,0,3314.000,1499.000,3562.000,1679.000,248.000,180.000,3314.000,1499.000,3562.000,1679.000,248.000,180.000,3314.000,1499.000,3562.000,1679.000,3438.000,1589.000,248.000,180.000,0,1.000000,25.150000,7.888269,16.667083
1780475946.169847,,,BOARD_3,2,1,3323.000,1493.000,3571.000,1673.000,248.000,180.000,3323.000,1493.000,3571.000,1673.000,248.000,180.000,3323.000,1493.000,3571.000,1673.000,3447.000,1583.000,248.000,180.000,0,1.000000,25.150000,7.929284,16.694583
1780475946.624369,,,BOARD_3,2,0,3324.000,1491.000,3572.000,1671.000,248.000,180.000,3324.000,1491.000,3572.000,1671.000,248.000,180.000,3324.000,1491.000,3572.000,1671.000,3448.000,1581.000,248.000,180.000,0,1.000000,25.150000,7.933842,16.703750
1780475946.624369,,,BOARD_3,2,1,3315.000,1501.000,3563.000,1681.000,248.000,180.000,3315.000,1501.000,3563.000,1681.000,248.000,180.000,3315.000,1501.000,3563.000,1681.000,3439.000,1591.000,248.000,180.000,0,1.000000,25.150000,7.892826,16.657917
1780475946.851604,,,BOARD_3,2,0,3313.000,1502.000,3561.000,1682.000,248.000,180.000,3313.000,1502.000,3561.000,1682.000,248.000,180.000,3313.000,1502.000,3561.000,1682.000,3437.000,1592.000,248.000,180.000,0,1.000000,25.150000,7.883711,16.653333
1780475947.197461,,,BOARD_3,2,0,3312.000,1503.000,3560.000,1683.000,248.000,180.000,3312.000,1503.000,3560.000,1683.000,248.000,180.000,3312.000,1503.000,3560.000,1683.000,3436.000,1593.000,248.000,180.000,0,1.000000,25.150000,7.879154,16.648750
1780475947.197461,,,BOARD_3,2,1,3304.000,1495.000,3552.000,1675.000,248.000,180.000,3304.000,1495.000,3552.000,1675.000,248.000,180.000,3304.000,1495.000,3552.000,1675.000,3428.000,1585.000,248.000,180.000,0,1.000000,25.150000,7.842696,16.685417
1780475947.419661,,,BOARD_3,2,0,3301.000,1494.000,3549.000,1674.000,248.000,180.000,3301.000,1494.000,3549.000,1674.000,248.000,180.000,3301.000,1494.000,3549.000,1674.000,3425.000,1584.000,248.000,180.000,0,1.000000,25.150000,7.829024,16.690000
1780475947.419661,,,BOARD_3,2,1,3298.000,1494.000,3546.000,1674.000,248.000,180.000,3298.000,1494.000,3546.000,1674.000,248.000,180.000,3298.000,1494.000,3546.000,1674.000,3422.000,1584.000,248.000,180.000,0,1.000000,25.150000,7.815352,16.690000
1780475947.731664,,,BOARD_3,2,0,3306.000,1486.000,3554.000,1666.000,248.000,180.000,3306.000,1486.000,3554.000,1666.000,248.000,180.000,3306.000,1486.000,3554.000,1666.000,3430.000,1576.000,248.000,180.000,0,1.000000,25.150000,7.851810,16.726667
1780475947.731664,,,BOARD_3,2,1,3305.000,1484.000,3553.000,1664.000,248.000,180.000,3305.000,1484.000,3553.000,1664.000,248.000,180.000,3305.000,1484.000,3553.000,1664.000,3429.000,1574.000,248.000,180.000,0,1.000000,25.150000,7.847253,16.735833
1780475948.104566,,,BOARD_3,2,0,3304.000,1482.000,3552.000,1662.000,248.000,180.000,3304.000,1482.000,3552.000,1662.000,248.000,180.000,3304.000,1482.000,3552.000,1662.000,3428.000,1572.000,248.000,180.000,0,1.000000,25.150000,7.842696,16.745000
1780475948.339238,,,BOARD_3,2,0,3358.000,1522.000,3490.000,1614.000,132.000,92.000,3358.000,1522.000,3490.000,1614.000,132.000,92.000,3358.000,1522.000,3490.000,1614.000,3424.000,1568.000,132.000,92.000,0,1.000000,47.250000,7.824467,16.763333
1780475948.641220,,,BOARD_3,2,0,3357.000,1520.000,3489.000,1612.000,132.000,92.000,3357.000,1520.000,3489.000,1612.000,132.000,92.000,3357.000,1520.000,3489.000,1612.000,3423.000,1566.000,132.000,92.000,0,1.000000,47.250000,7.819909,16.772500
1780475948.641220,,,BOARD_3,2,1,3308.000,1486.000,3556.000,1666.000,248.000,180.000,3308.000,1486.000,3556.000,1666.000,248.000,180.000,3308.000,1486.000,3556.000,1666.000,3432.000,1576.000,248.000,180.000,0,1.000000,25.150000,7.860925,16.726667
1780475949.166868,,,BOARD_3,2,0,3309.000,1487.000,3557.000,1667.000,248.000,180.000,3309.000,1487.000,3557.000,1667.000,248.000,180.000,3309.000,1487.000,3557.000,1667.000,3433.000,1577.000,248.000,180.000,0,1.000000,25.150000,7.865482,16.722083
1780475949.166868,,,BOARD_3,2,1,3300.000,1478.000,3548.000,1658.000,248.000,180.000,3300.000,1478.000,3548.000,1658.000,248.000,180.000,3300.000,1478.000,3548.000,1658.000,3424.000,1568.000,248.000,180.000,0,1.000000,25.150000,7.824467,16.763333
1780475949.596104,,,BOARD_3,2,0,3299.000,1477.000,3547.000,1657.000,248.000,180.000,3299.000,1477.000,3547.000,1657.000,248.000,180.000,3299.000,1477.000,3547.000,1657.000,3423.000,1567.000,248.000,180.000,0,1.000000,25.150000,7.819909,16.767917
1780475949.596104,,,BOARD_3,2,1,3292.000,1486.000,3540.000,1666.000,248.000,180.000,3292.000,1486.000,3540.000,1666.000,248.000,180.000,3292.000,1486.000,3540.000,1666.000,3416.000,1576.000,248.000,180.000,0,1.000000,25.150000,7.788008,16.726667
1780475949.992595,,,BOARD_3,2,0,3290.000,1487.000,3538.000,1667.000,248.000,180.000,3290.000,1487.000,3538.000,1667.000,248.000,180.000,3290.000,1487.000,3538.000,1667.000,3414.000,1577.000,248.000,180.000,0,1.000000,25.150000,7.778894,16.722083
1780475949.992595,,,BOARD_3,2,1,3288.000,1488.000,3536.000,1668.000,248.000,180.000,3288.000,1488.000,3536.000,1668.000,248.000,180.000,3288.000,1488.000,3536.000,1668.000,3412.000,1578.000,248.000,180.000,0,1.000000,25.150000,7.769779,16.717500
1780475949.992595,,,BOARD_3,2,2,3300.000,1494.000,3548.000,1674.000,248.000,180.000,3300.000,1494.000,3548.000,1674.000,248.000,180.000,3300.000,1494.000,3548.000,1674.000,3424.000,1584.000,248.000,180.000,0,1.000000,25.150000,7.824467,16.690000
1780475950.448264,,,BOARD_3,2,0,3301.000,1496.000,3549.000,1676.000,248.000,180.000,3301.000,1496.000,3549.000,1676.000,248.000,180.000,3301.000,1496.000,3549.000,1676.000,3425.000,1586.000,248.000,180.000,0,1.000000,25.150000,7.829024,16.680833
1780475950.448264,,,BOARD_3,2,1,3301.000,1498.000,3549.000,1678.000,248.000,180.000,3301.000,1498.000,3549.000,1678.000,248.000,180.000,3301.000,1498.000,3549.000,1678.000,3425.000,1588.000,248.000,180.000,0,1.000000,25.150000,7.829024,16.671667
1780475950.448264,,,BOARD_3,2,2,3292.000,1502.000,3540.000,1682.000,248.000,180.000,3292.000,1502.000,3540.000,1682.000,248.000,180.000,3292.000,1502.000,3540.000,1682.000,3416.000,1592.000,248.000,180.000,0,1.000000,25.150000,7.788008,16.653333
1780475950.879786,,,BOARD_3,2,0,3291.000,1504.000,3539.000,1684.000,248.000,180.000,3291.000,1504.000,3539.000,1684.000,248.000,180.000,3291.000,1504.000,3539.000,1684.000,3415.000,1594.000,248.000,180.000,0,1.000000,25.150000,7.783451,16.644167
1780475950.879786,,,BOARD_3,2,1,3300.000,1510.000,3548.000,1690.000,248.000,180.000,3300.000,1510.000,3548.000,1690.000,248.000,180.000,3300.000,1510.000,3548.000,1690.000,3424.000,1600.000,248.000,180.000,0,1.000000,25.150000,7.824467,16.616667
1780475950.879786,,,BOARD_3,2,2,3302.000,1513.000,3550.000,1693.000,248.000,180.000,3302.000,1513.000,3550.000,1693.000,248.000,180.000,3302.000,1513.000,3550.000,1693.000,3426.000,1603.000,248.000,180.000,0,1.000000,25.150000,7.833581,16.602917
1780475951.271698,,,BOARD_3,2,0,3303.000,1516.000,3551.000,1696.000,248.000,180.000,3303.000,1516.000,3551.000,1696.000,248.000,180.000,3303.000,1516.000,3551.000,1696.000,3427.000,1606.000,248.000,180.000,0,1.000000,25.150000,7.838139,16.589167
1780475951.271698,,,BOARD_3,2,1,3311.000,1508.000,3559.000,1688.000,248.000,180.000,3311.000,1508.000,3559.000,1688.000,248.000,180.000,3311.000,1508.000,3559.000,1688.000,3435.000,1598.000,248.000,180.000,0,1.000000,25.150000,7.874597,16.625833
1780475951.734426,,,BOARD_3,2,0,3313.000,1509.000,3561.000,1689.000,248.000,180.000,3313.000,1509.000,3561.000,1689.000,248.000,180.000,3313.000,1509.000,3561.000,1689.000,3437.000,1599.000,248.000,180.000,0,1.000000,25.150000,7.883711,16.621250
1780475951.734426,,,BOARD_3,2,1,3303.000,1516.000,3551.000,1696.000,248.000,180.000,3303.000,1516.000,3551.000,1696.000,248.000,180.000,3303.000,1516.000,3551.000,1696.000,3427.000,1606.000,248.000,180.000,0,1.000000,25.150000,7.838139,16.589167
1780475952.027982,,,BOARD_3,2,0,3302.000,1519.000,3550.000,1699.000,248.000,180.000,3302.000,1519.000,3550.000,1699.000,248.000,180.000,3302.000,1519.000,3550.000,1699.000,3426.000,1609.000,248.000,180.000,0,1.000000,25.150000,7.833581,16.575417
1780475952.254485,,,BOARD_3,2,0,3301.000,1521.000,3549.000,1701.000,248.000,180.000,3301.000,1521.000,3549.000,1701.000,248.000,180.000,3301.000,1521.000,3549.000,1701.000,3425.000,1611.000,248.000,180.000,0,1.000000,25.150000,7.829024,16.566250
1780475952.254485,,,BOARD_3,2,1,3309.000,1529.000,3557.000,1709.000,248.000,180.000,3309.000,1529.000,3557.000,1709.000,248.000,180.000,3309.000,1529.000,3557.000,1709.000,3433.000,1619.000,248.000,180.000,0,1.000000,25.150000,7.865482,16.529583
1780475952.254485,,,BOARD_3,2,2,3310.000,1533.000,3558.000,1713.000,248.000,180.000,3310.000,1533.000,3558.000,1713.000,248.000,180.000,3310.000,1533.000,3558.000,1713.000,3434.000,1623.000,248.000,180.000,0,1.000000,25.150000,7.870040,16.511250
1780475952.837572,,,BOARD_3,2,0,3310.000,1536.000,3558.000,1716.000,248.000,180.000,3310.000,1536.000,3558.000,1716.000,248.000,180.000,3310.000,1536.000,3558.000,1716.000,3434.000,1626.000,248.000,180.000,0,1.000000,25.150000,7.870040,16.497500
1780475953.070566,,,BOARD_3,2,0,3318.000,1544.000,3566.000,1724.000,248.000,180.000,3318.000,1544.000,3566.000,1724.000,248.000,180.000,3318.000,1544.000,3566.000,1724.000,3442.000,1634.000,248.000,180.000,0,1.000000,25.150000,7.906498,16.460833
1780475953.352730,,,BOARD_3,2,0,3319.000,1548.000,3567.000,1728.000,248.000,180.000,3319.000,1548.000,3567.000,1728.000,248.000,180.000,3319.000,1548.000,3567.000,1728.000,3443.000,1638.000,248.000,180.000,0,1.000000,25.150000,7.911055,16.442500
1780475953.352730,,,BOARD_3,2,1,3326.000,1552.000,3574.000,1732.000,248.000,180.000,3326.000,1552.000,3574.000,1732.000,248.000,180.000,3326.000,1552.000,3574.000,1732.000,3450.000,1642.000,248.000,180.000,0,1.000000,25.150000,7.942956,16.424167
1780475953.852417,,,BOARD_3,2,0,3328.000,1555.000,3576.000,1735.000,248.000,180.000,3328.000,1555.000,3576.000,1735.000,248.000,180.000,3328.000,1555.000,3576.000,1735.000,3452.000,1645.000,248.000,180.000,0,1.000000,25.150000,7.952071,16.410417
1780475953.852417,,,BOARD_3,2,1,3364.000,1600.000,3496.000,1692.000,132.000,92.000,3364.000,1600.000,3496.000,1692.000,132.000,92.000,3364.000,1600.000,3496.000,1692.000,3430.000,1646.000,132.000,92.000,0,1.000000,47.250000,7.851810,16.405833
1780475954.060451,,,BOARD_3,2,0,3359.000,1603.000,3491.000,1695.000,132.000,92.000,3359.000,1603.000,3491.000,1695.000,132.000,92.000,3359.000,1603.000,3491.000,1695.000,3425.000,1649.000,132.000,92.000,0,1.000000,47.250000,7.829024,16.392083
1780475954.294618,,,BOARD_3,2,0,3355.000,1605.000,3487.000,1697.000,132.000,92.000,3355.000,1605.000,3487.000,1697.000,132.000,92.000,3355.000,1605.000,3487.000,1697.000,3421.000,1651.000,132.000,92.000,0,1.000000,47.250000,7.810795,16.382917
1780475954.294618,,,BOARD_3,2,1,3359.000,1609.000,3491.000,1701.000,132.000,92.000,3359.000,1609.000,3491.000,1701.000,132.000,92.000,3359.000,1609.000,3491.000,1701.000,3425.000,1655.000,132.000,92.000,0,1.000000,47.250000,7.829024,16.364583
1780475954.511531,,,BOARD_3,2,0,3356.000,1612.000,3488.000,1704.000,132.000,92.000,3356.000,1612.000,3488.000,1704.000,132.000,92.000,3356.000,1612.000,3488.000,1704.000,3422.000,1658.000,132.000,92.000,0,1.000000,47.250000,7.815352,16.350833
1780475954.766665,,,BOARD_3,2,0,3353.000,1615.000,3485.000,1707.000,132.000,92.000,3353.000,1615.000,3485.000,1707.000,132.000,92.000,3353.000,1615.000,3485.000,1707.000,3419.000,1661.000,132.000,92.000,0,1.000000,47.250000,7.801680,16.337083
1780475954.766665,,,BOARD_3,2,1,3303.000,1579.000,3551.000,1759.000,248.000,180.000,3303.000,1579.000,3551.000,1759.000,248.000,180.000,3303.000,1579.000,3551.000,1759.000,3427.000,1669.000,248.000,180.000,0,1.000000,25.150000,7.838139,16.300417
1780475954.766665,,,BOARD_3,2,2,3302.000,1583.000,3550.000,1763.000,248.000,180.000,3302.000,1583.000,3550.000,1763.000,248.000,180.000,3302.000,1583.000,3550.000,1763.000,3426.000,1673.000,248.000,180.000,0,1.000000,25.150000,7.833581,16.282083
1780475955.175866,,,BOARD_3,2,0,3301.000,1587.000,3549.000,1767.000,248.000,180.000,3301.000,1587.000,3549.000,1767.000,248.000,180.000,3301.000,1587.000,3549.000,1767.000,3425.000,1677.000,248.000,180.000,0,1.000000,25.150000,7.829024,16.263750
1780475955.175866,,,BOARD_3,2,1,3309.000,1595.000,3557.000,1775.000,248.000,180.000,3309.000,1595.000,3557.000,1775.000,248.000,180.000,3309.000,1595.000,3557.000,1775.000,3433.000,1685.000,248.000,180.000,0,1.000000,25.150000,7.865482,16.227083
1780475955.409553,,,BOARD_3,2,0,3310.000,1600.000,3558.000,1780.000,248.000,180.000,3310.000,1600.000,3558.000,1780.000,248.000,180.000,3310.000,1600.000,3558.000,1780.000,3434.000,1690.000,248.000,180.000,0,1.000000,25.150000,7.870040,16.204167
1780475955.641580,,,BOARD_3,2,0,3310.000,1604.000,3558.000,1784.000,248.000,180.000,3310.000,1604.000,3558.000,1784.000,248.000,180.000,3310.000,1604.000,3558.000,1784.000,3434.000,1694.000,248.000,180.000,0,1.000000,25.150000,7.870040,16.185833
1780475955.641580,,,BOARD_3,2,1,3318.000,1596.000,3566.000,1776.000,248.000,180.000,3318.000,1596.000,3566.000,1776.000,248.000,180.000,3318.000,1596.000,3566.000,1776.000,3442.000,1686.000,248.000,180.000,0,1.000000,25.150000,7.906498,16.222500
1780475955.874144,,,BOARD_3,2,0,3320.000,1598.000,3568.000,1778.000,248.000,180.000,3320.000,1598.000,3568.000,1778.000,248.000,180.000,3320.000,1598.000,3568.000,1778.000,3444.000,1688.000,248.000,180.000,0,1.000000,25.150000,7.915612,16.213333
1780475956.116559,,,BOARD_3,2,0,3322.000,1601.000,3570.000,1781.000,248.000,180.000,3322.000,1601.000,3570.000,1781.000,248.000,180.000,3322.000,1601.000,3570.000,1781.000,3446.000,1691.000,248.000,180.000,0,1.000000,25.150000,7.924727,16.199583
1780475956.328028,,,BOARD_3,2,0,3394.000,1577.000,3514.000,1821.000,120.000,244.000,3394.000,1577.000,3514.000,1821.000,120.000,244.000,3394.000,1577.000,3514.000,1821.000,3454.000,1699.000,120.000,244.000,0,1.000000,51.980000,7.961185,16.162917
1780475956.617641,,,BOARD_3,2,0,3397.000,1580.000,3517.000,1824.000,120.000,244.000,3397.000,1580.000,3517.000,1824.000,120.000,244.000,3397.000,1580.000,3517.000,1824.000,3457.000,1702.000,120.000,244.000,0,1.000000,51.980000,7.974857,16.149167
1780475956.836795,,,BOARD_3,2,0,3432.000,1681.000,3564.000,1773.000,132.000,92.000,3432.000,1681.000,3564.000,1773.000,132.000,92.000,3432.000,1681.000,3564.000,1773.000,3498.000,1727.000,132.000,92.000,0,1.000000,47.250000,8.161706,16.034583
1780475956.836795,,,BOARD_3,2,1,3445.000,1690.000,3577.000,1782.000,132.000,92.000,3445.000,1690.000,3577.000,1782.000,132.000,92.000,3445.000,1690.000,3577.000,1782.000,3511.000,1736.000,132.000,92.000,0,1.000000,47.250000,8.220951,15.993333
1780475960.137286,,,BOARD_2,1,0,1745.000,782.000,1993.000,962.000,248.000,180.000,1745.000,782.000,1993.000,962.000,248.000,180.000,1745.000,782.000,1993.000,962.000,1869.000,872.000,248.000,180.000,0,1.000000,25.150000,15.326878,10.453333
1780475960.704961,,,BOARD_2,1,0,1919.000,938.000,2051.000,1030.000,132.000,92.000,1919.000,938.000,2051.000,1030.000,132.000,92.000,1919.000,938.000,2051.000,1030.000,1985.000,984.000,132.000,92.000,0,1.000000,47.250000,15.855524,9.940000
1780475965.595186,,,BOARD_2,1,0,2360.000,1418.000,2480.000,1662.000,120.000,244.000,2360.000,1418.000,2480.000,1662.000,120.000,244.000,2360.000,1418.000,2480.000,1662.000,2420.000,1540.000,120.000,244.000,0,1.000000,51.980000,17.837946,7.391667
1780475966.303070,,,BOARD_2,1,0,2402.000,1448.000,2522.000,1692.000,120.000,244.000,2402.000,1448.000,2522.000,1692.000,120.000,244.000,2402.000,1448.000,2522.000,1692.000,2462.000,1570.000,120.000,244.000,0,1.000000,51.980000,18.029352,7.254167
1780475966.996475,,,BOARD_2,1,0,2448.000,1549.000,2580.000,1641.000,132.000,92.000,2448.000,1549.000,2580.000,1641.000,132.000,92.000,2448.000,1549.000,2580.000,1641.000,2514.000,1595.000,132.000,92.000,0,1.000000,47.250000,18.266331,7.139583
1780475966.996475,,,BOARD_2,1,1,2463.000,1558.000,2595.000,1650.000,132.000,92.000,2463.000,1558.000,2595.000,1650.000,132.000,92.000,2463.000,1558.000,2595.000,1650.000,2529.000,1604.000,132.000,92.000,0,1.000000,47.250000,18.334691,7.098333
1780475967.614414,,,BOARD_2,1,0,2492.000,1566.000,2556.000,1686.000,64.000,120.000,2492.000,1566.000,2556.000,1686.000,64.000,120.000,2492.000,1566.000,2556.000,1686.000,2524.000,1626.000,64.000,120.000,0,1.000000,97.460000,18.311904,6.997500
1780475968.219262,,,BOARD_2,1,0,2489.000,1574.000,2553.000,1694.000,64.000,120.000,2489.000,1574.000,2553.000,1694.000,64.000,120.000,2489.000,1574.000,2553.000,1694.000,2521.000,1634.000,64.000,120.000,0,1.000000,97.460000,18.298232,6.960833
1780475968.830640,,,BOARD_2,1,0,2450.000,1588.000,2582.000,1680.000,132.000,92.000,2450.000,1588.000,2582.000,1680.000,132.000,92.000,2450.000,1588.000,2582.000,1680.000,2516.000,1634.000,132.000,92.000,0,1.000000,47.250000,18.275446,6.960833
1780475969.393396,,,BOARD_2,1,0,2447.000,1589.000,2579.000,1681.000,132.000,92.000,2447.000,1589.000,2579.000,1681.000,132.000,92.000,2447.000,1589.000,2579.000,1681.000,2513.000,1635.000,132.000,92.000,0,1.000000,47.250000,18.261774,6.956250
1780475970.182654,,,BOARD_2,1,0,2396.000,1556.000,2644.000,1736.000,248.000,180.000,2396.000,1556.000,2644.000,1736.000,248.000,180.000,2396.000,1556.000,2644.000,1736.000,2520.000,1646.000,248.000,180.000,0,1.000000,25.150000,18.293675,6.905833
1780475970.810741,,,BOARD_2,1,0,2388.000,1564.000,2636.000,1744.000,248.000,180.000,2388.000,1564.000,2636.000,1744.000,248.000,180.000,2388.000,1564.000,2636.000,1744.000,2512.000,1654.000,248.000,180.000,0,1.000000,25.150000,18.257217,6.869167
1780475970.810741,,,BOARD_2,1,1,2386.000,1567.000,2634.000,1747.000,248.000,180.000,2386.000,1567.000,2634.000,1747.000,248.000,180.000,2386.000,1567.000,2634.000,1747.000,2510.000,1657.000,248.000,180.000,0,1.000000,25.150000,18.248102,6.855417
1780475971.377915,,,BOARD_2,1,0,2472.000,1588.000,2536.000,1708.000,64.000,120.000,2472.000,1588.000,2536.000,1708.000,64.000,120.000,2472.000,1588.000,2536.000,1708.000,2504.000,1648.000,64.000,120.000,0,1.000000,97.460000,18.220758,6.896667
1780475971.377915,,,BOARD_2,1,1,2470.000,1588.000,2534.000,1708.000,64.000,120.000,2470.000,1588.000,2534.000,1708.000,64.000,120.000,2470.000,1588.000,2534.000,1708.000,2502.000,1648.000,64.000,120.000,0,1.000000,97.460000,18.211644,6.896667
1780475971.974679,,,BOARD_2,1,0,2471.000,1593.000,2535.000,1713.000,64.000,120.000,2471.000,1593.000,2535.000,1713.000,64.000,120.000,2471.000,1593.000,2535.000,1713.000,2503.000,1653.000,64.000,120.000,0,1.000000,97.460000,18.216201,6.873750
1780475972.489279,,,BOARD_2,1,0,2387.000,1571.000,2635.000,1751.000,248.000,180.000,2387.000,1571.000,2635.000,1751.000,248.000,180.000,2387.000,1571.000,2635.000,1751.000,2511.000,1661.000,248.000,180.000,0,1.000000,25.150000,18.252659,6.837083
1780475972.847044,,,BOARD_2,1,0,2395.000,1579.000,2643.000,1759.000,248.000,180.000,2395.000,1579.000,2643.000,1759.000,248.000,180.000,2395.000,1579.000,2643.000,1759.000,2519.000,1669.000,248.000,180.000,0,1.000000,25.150000,18.289118,6.800417
1780475972.847044,,,BOARD_2,1,1,2398.000,1582.000,2646.000,1762.000,248.000,180.000,2398.000,1582.000,2646.000,1762.000,248.000,180.000,2398.000,1582.000,2646.000,1762.000,2522.000,1672.000,248.000,180.000,0,1.000000,25.150000,18.302790,6.786667
1780475973.605849,,,BOARD_2,1,0,2438.000,1609.000,2570.000,1701.000,132.000,92.000,2438.000,1609.000,2570.000,1701.000,132.000,92.000,2438.000,1609.000,2570.000,1701.000,2504.000,1655.000,132.000,92.000,0,1.000000,47.250000,18.220758,6.864583
1780475974.178811,,,BOARD_2,1,0,2468.000,1591.000,2532.000,1711.000,64.000,120.000,2468.000,1591.000,2532.000,1711.000,64.000,120.000,2468.000,1591.000,2532.000,1711.000,2500.000,1651.000,64.000,120.000,0,1.000000,97.460000,18.202529,6.882917
1780475974.178811,,,BOARD_2,1,1,2467.000,1590.000,2531.000,1710.000,64.000,120.000,2467.000,1590.000,2531.000,1710.000,64.000,120.000,2467.000,1590.000,2531.000,1710.000,2499.000,1650.000,64.000,120.000,0,1.000000,97.460000,18.197972,6.887500
1780475974.849399,,,BOARD_2,1,0,2469.000,1592.000,2533.000,1712.000,64.000,120.000,2469.000,1592.000,2533.000,1712.000,64.000,120.000,2469.000,1592.000,2533.000,1712.000,2501.000,1652.000,64.000,120.000,0,1.000000,97.460000,18.207086,6.878333
1780475975.241277,,,BOARD_2,1,0,2439.000,1610.000,2571.000,1702.000,132.000,92.000,2439.000,1610.000,2571.000,1702.000,132.000,92.000,2439.000,1610.000,2571.000,1702.000,2505.000,1656.000,132.000,92.000,0,1.000000,47.250000,18.225316,6.860000
1780475975.241277,,,BOARD_2,1,1,2440.000,1611.000,2572.000,1703.000,132.000,92.000,2440.000,1611.000,2572.000,1703.000,132.000,92.000,2440.000,1611.000,2572.000,1703.000,2506.000,1657.000,132.000,92.000,0,1.000000,47.250000,18.229873,6.855417
1780475975.722213,,,BOARD_2,1,0,2471.000,1594.000,2535.000,1714.000,64.000,120.000,2471.000,1594.000,2535.000,1714.000,64.000,120.000,2471.000,1594.000,2535.000,1714.000,2503.000,1654.000,64.000,120.000,0,1.000000,97.460000,18.216201,6.869167
1780475975.722213,,,BOARD_2,1,1,2471.000,1594.000,2535.000,1714.000,64.000,120.000,2471.000,1594.000,2535.000,1714.000,64.000,120.000,2471.000,1594.000,2535.000,1714.000,2503.000,1654.000,64.000,120.000,0,1.000000,97.460000,18.216201,6.869167
1780475976.357096,,,BOARD_2,1,0,2441.000,1612.000,2573.000,1704.000,132.000,92.000,2441.000,1612.000,2573.000,1704.000,132.000,92.000,2441.000,1612.000,2573.000,1704.000,2507.000,1658.000,132.000,92.000,0,1.000000,47.250000,18.234430,6.850833
1780475976.583082,,,BOARD_2,1,0,2442.000,1613.000,2574.000,1705.000,132.000,92.000,2442.000,1613.000,2574.000,1705.000,132.000,92.000,2442.000,1613.000,2574.000,1705.000,2508.000,1659.000,132.000,92.000,0,1.000000,47.250000,18.238988,6.846250
1780475977.159753,,,BOARD_2,1,0,2438.000,1609.000,2570.000,1701.000,132.000,92.000,2438.000,1609.000,2570.000,1701.000,132.000,92.000,2438.000,1609.000,2570.000,1701.000,2504.000,1655.000,132.000,92.000,0,1.000000,47.250000,18.220758,6.864583
1780475977.565635,,,BOARD_2,1,0,2468.000,1599.000,2532.000,1719.000,64.000,120.000,2468.000,1599.000,2532.000,1719.000,64.000,120.000,2468.000,1599.000,2532.000,1719.000,2500.000,1659.000,64.000,120.000,0,1.000000,97.460000,18.202529,6.846250
1780475977.565635,,,BOARD_2,1,1,2467.000,1600.000,2531.000,1720.000,64.000,120.000,2467.000,1600.000,2531.000,1720.000,64.000,120.000,2467.000,1600.000,2531.000,1720.000,2499.000,1660.000,64.000,120.000,0,1.000000,97.460000,18.197972,6.841667
1780475978.220572,,,BOARD_2,1,0,2436.000,1611.000,2568.000,1703.000,132.000,92.000,2436.000,1611.000,2568.000,1703.000,132.000,92.000,2436.000,1611.000,2568.000,1703.000,2502.000,1657.000,132.000,92.000,0,1.000000,47.250000,18.211644,6.855417
1780475978.429406,,,BOARD_2,1,0,2436.000,1611.000,2568.000,1703.000,132.000,92.000,2436.000,1611.000,2568.000,1703.000,132.000,92.000,2436.000,1611.000,2568.000,1703.000,2502.000,1657.000,132.000,92.000,0,1.000000,47.250000,18.211644,6.855417
1780475978.926666,,,BOARD_2,1,0,2466.000,1593.000,2530.000,1713.000,64.000,120.000,2466.000,1593.000,2530.000,1713.000,64.000,120.000,2466.000,1593.000,2530.000,1713.000,2498.000,1653.000,64.000,120.000,0,1.000000,97.460000,18.193415,6.873750
1780475978.926666,,,BOARD_2,1,1,2465.000,1592.000,2529.000,1712.000,64.000,120.000,2465.000,1592.000,2529.000,1712.000,64.000,120.000,2465.000,1592.000,2529.000,1712.000,2497.000,1652.000,64.000,120.000,0,1.000000,97.460000,18.188857,6.878333
1780475979.587615,,,BOARD_2,1,0,2412.000,1586.000,2660.000,1766.000,248.000,180.000,2412.000,1586.000,2660.000,1766.000,248.000,180.000,2412.000,1586.000,2660.000,1766.000,2536.000,1676.000,248.000,180.000,0,1.000000,25.150000,18.366592,6.768333
1780475988.347295,,,BOARD_2,1,0,2436.000,720.000,2500.000,840.000,64.000,120.000,2436.000,720.000,2500.000,840.000,64.000,120.000,2436.000,720.000,2500.000,840.000,2468.000,780.000,64.000,120.000,0,1.000000,97.460000,18.056696,10.875000
1780475988.905953,,,BOARD_2,1,0,2364.000,650.000,2612.000,830.000,248.000,180.000,2364.000,650.000,2612.000,830.000,248.000,180.000,2364.000,650.000,2612.000,830.000,2488.000,740.000,248.000,180.000,0,1.000000,25.150000,18.147842,11.058333
1780475989.684213,,,BOARD_2,1,0,2362.000,604.000,2610.000,784.000,248.000,180.000,2362.000,604.000,2610.000,784.000,248.000,180.000,2362.000,604.000,2610.000,784.000,2486.000,694.000,248.000,180.000,0,1.000000,25.150000,18.138727,11.269167
1780475990.466058,,,BOARD_2,1,0,2436.000,587.000,2500.000,707.000,64.000,120.000,2436.000,587.000,2500.000,707.000,64.000,120.000,2436.000,587.000,2500.000,707.000,2468.000,647.000,64.000,120.000,0,1.000000,97.460000,18.056696,11.484583
1780475990.978170,,,BOARD_2,1,0,2400.000,528.000,2532.000,620.000,132.000,92.000,2400.000,528.000,2532.000,620.000,132.000,92.000,2400.000,528.000,2532.000,620.000,2466.000,574.000,132.000,92.000,0,1.000000,47.250000,18.047581,11.819167
1780475996.864944,,,BOARD_3,1,0,1557.000,1982.000,1689.000,2074.000,132.000,92.000,1557.000,1982.000,1689.000,2074.000,132.000,92.000,1557.000,1982.000,1689.000,2074.000,1623.000,2028.000,132.000,92.000,0,1.000000,47.250000,18.338584,14.655000
1780475996.864944,,,BOARD_3,1,1,1559.000,1982.000,1691.000,2074.000,132.000,92.000,1559.000,1982.000,1691.000,2074.000,132.000,92.000,1559.000,1982.000,1691.000,2074.000,1625.000,2028.000,132.000,92.000,0,1.000000,47.250000,18.347699,14.655000
1780475997.114850,,,BOARD_3,1,0,1595.000,1968.000,1659.000,2087.000,64.000,119.000,1595.000,1968.000,1659.000,2087.000,64.000,119.000,1595.000,1968.000,1659.000,2087.000,1627.000,2027.500,64.000,119.000,0,1.000000,97.460000,18.356814,14.657292
1780475997.114850,,,BOARD_3,1,1,1597.000,1968.000,1661.000,2087.000,64.000,119.000,1597.000,1968.000,1661.000,2087.000,64.000,119.000,1597.000,1968.000,1661.000,2087.000,1629.000,2027.500,64.000,119.000,0,1.000000,97.460000,18.365928,14.657292
1780475997.491088,,,BOARD_3,1,0,1599.000,1968.000,1663.000,2087.000,64.000,119.000,1599.000,1968.000,1663.000,2087.000,64.000,119.000,1599.000,1968.000,1663.000,2087.000,1631.000,2027.500,64.000,119.000,0,1.000000,97.460000,18.375043,14.657292
1780475997.491088,,,BOARD_3,1,1,1595.000,1968.000,1659.000,2087.000,64.000,119.000,1595.000,1968.000,1659.000,2087.000,64.000,119.000,1595.000,1968.000,1659.000,2087.000,1627.000,2027.500,64.000,119.000,0,1.000000,97.460000,18.356814,14.657292
1780475997.716029,,,BOARD_3,1,0,1596.000,1968.000,1660.000,2087.000,64.000,119.000,1596.000,1968.000,1660.000,2087.000,64.000,119.000,1596.000,1968.000,1660.000,2087.000,1628.000,2027.500,64.000,119.000,0,1.000000,97.460000,18.361371,14.657292
1780475997.964419,,,BOARD_3,1,0,1597.000,1968.000,1661.000,2087.000,64.000,119.000,1597.000,1968.000,1661.000,2087.000,64.000,119.000,1597.000,1968.000,1661.000,2087.000,1629.000,2027.500,64.000,119.000,0,1.000000,97.460000,18.365928,14.657292
1780475997.964419,,,BOARD_3,1,1,1593.000,1968.000,1657.000,2087.000,64.000,119.000,1593.000,1968.000,1657.000,2087.000,64.000,119.000,1593.000,1968.000,1657.000,2087.000,1625.000,2027.500,64.000,119.000,0,1.000000,97.460000,18.347699,14.657292
1780475998.327787,,,BOARD_3,1,0,1593.000,1968.000,1657.000,2087.000,64.000,119.000,1593.000,1968.000,1657.000,2087.000,64.000,119.000,1593.000,1968.000,1657.000,2087.000,1625.000,2027.500,64.000,119.000,0,1.000000,97.460000,18.347699,14.657292
1780475998.327787,,,BOARD_3,1,1,1597.000,1968.000,1661.000,2088.000,64.000,120.000,1597.000,1968.000,1661.000,2088.000,64.000,120.000,1597.000,1968.000,1661.000,2088.000,1629.000,2028.000,64.000,120.000,0,1.000000,97.460000,18.365928,14.655000
1780475998.550803,,,BOARD_3,1,0,1598.000,1968.000,1662.000,2088.000,64.000,120.000,1598.000,1968.000,1662.000,2088.000,64.000,120.000,1598.000,1968.000,1662.000,2088.000,1630.000,2028.000,64.000,120.000,0,1.000000,97.460000,18.370485,14.655000
1780475998.826478,,,BOARD_3,1,0,1599.000,1968.000,1663.000,2088.000,64.000,120.000,1599.000,1968.000,1663.000,2088.000,64.000,120.000,1599.000,1968.000,1663.000,2088.000,1631.000,2028.000,64.000,120.000,0,1.000000,97.460000,18.375043,14.655000
1780475998.826478,,,BOARD_3,1,1,1569.000,1982.000,1701.000,2073.000,132.000,91.000,1569.000,1982.000,1701.000,2073.000,132.000,91.000,1569.000,1982.000,1701.000,2073.000,1635.000,2027.500,132.000,91.000,0,1.000000,47.250000,18.393272,14.657292
1780475999.228137,,,BOARD_3,1,0,1570.000,1982.000,1702.000,2073.000,132.000,91.000,1570.000,1982.000,1702.000,2073.000,132.000,91.000,1570.000,1982.000,1702.000,2073.000,1636.000,2027.500,132.000,91.000,0,1.000000,47.250000,18.397829,14.657292
1780475999.228137,,,BOARD_3,1,1,1599.000,1968.000,1663.000,2087.000,64.000,119.000,1599.000,1968.000,1663.000,2087.000,64.000,119.000,1599.000,1968.000,1663.000,2087.000,1631.000,2027.500,64.000,119.000,0,1.000000,97.460000,18.375043,14.657292
1780475999.691352,,,BOARD_3,1,0,1599.000,1968.000,1663.000,2087.000,64.000,119.000,1599.000,1968.000,1663.000,2087.000,64.000,119.000,1599.000,1968.000,1663.000,2087.000,1631.000,2027.500,64.000,119.000,0,1.000000,97.460000,18.375043,14.657292
1780475999.691352,,,BOARD_3,1,1,1595.000,1968.000,1659.000,2087.000,64.000,119.000,1595.000,1968.000,1659.000,2087.000,64.000,119.000,1595.000,1968.000,1659.000,2087.000,1627.000,2027.500,64.000,119.000,0,1.000000,97.460000,18.356814,14.657292
1780475999.899189,,,BOARD_3,1,0,1594.000,1968.000,1658.000,2087.000,64.000,119.000,1594.000,1968.000,1658.000,2087.000,64.000,119.000,1594.000,1968.000,1658.000,2087.000,1626.000,2027.500,64.000,119.000,0,1.000000,97.460000,18.352256,14.657292
1780476000.126683,,,BOARD_3,1,0,1593.000,1968.000,1657.000,2087.000,64.000,119.000,1593.000,1968.000,1657.000,2087.000,64.000,119.000,1593.000,1968.000,1657.000,2087.000,1625.000,2027.500,64.000,119.000,0,1.000000,97.460000,18.347699,14.657292
1780476000.126683,,,BOARD_3,1,1,1597.000,1968.000,1661.000,2088.000,64.000,120.000,1597.000,1968.000,1661.000,2088.000,64.000,120.000,1597.000,1968.000,1661.000,2088.000,1629.000,2028.000,64.000,120.000,0,1.000000,97.460000,18.365928,14.655000
1780476000.622683,,,BOARD_3,1,0,1597.000,1968.000,1661.000,2088.000,64.000,120.000,1597.000,1968.000,1661.000,2088.000,64.000,120.000,1597.000,1968.000,1661.000,2088.000,1629.000,2028.000,64.000,120.000,0,1.000000,97.460000,18.365928,14.655000
1780476001.546205,,,BOARD_3,1,0,1592.000,1968.000,1656.000,2088.000,64.000,120.000,1592.000,1968.000,1656.000,2088.000,64.000,120.000,1592.000,1968.000,1656.000,2088.000,1624.000,2028.000,64.000,120.000,0,1.000000,97.460000,18.343142,14.655000
1780476001.937439,,,BOARD_3,1,0,1596.000,1968.000,1660.000,2087.000,64.000,119.000,1596.000,1968.000,1660.000,2087.000,64.000,119.000,1596.000,1968.000,1660.000,2087.000,1628.000,2027.500,64.000,119.000,0,1.000000,97.460000,18.361371,14.657292
1780476001.937439,,,BOARD_3,1,1,1597.000,1968.000,1661.000,2087.000,64.000,119.000,1597.000,1968.000,1661.000,2087.000,64.000,119.000,1597.000,1968.000,1661.000,2087.000,1629.000,2027.500,64.000,119.000,0,1.000000,97.460000,18.365928,14.657292
1780476002.547328,,,BOARD_3,1,0,1594.000,1968.000,1658.000,2087.000,64.000,119.000,1594.000,1968.000,1658.000,2087.000,64.000,119.000,1594.000,1968.000,1658.000,2087.000,1626.000,2027.500,64.000,119.000,0,1.000000,97.460000,18.352256,14.657292
1780476002.964694,,,BOARD_3,1,0,1590.000,1960.000,1654.000,2079.000,64.000,119.000,1590.000,1960.000,1654.000,2079.000,64.000,119.000,1590.000,1960.000,1654.000,2079.000,1622.000,2019.500,64.000,119.000,0,1.000000,97.460000,18.334027,14.693958
1780476003.196195,,,BOARD_3,1,0,1589.000,1959.000,1653.000,2078.000,64.000,119.000,1589.000,1959.000,1653.000,2078.000,64.000,119.000,1589.000,1959.000,1653.000,2078.000,1621.000,2018.500,64.000,119.000,0,1.000000,97.460000,18.329470,14.698542
1780476003.196195,,,BOARD_3,1,1,1594.000,1952.000,1658.000,2072.000,64.000,120.000,1594.000,1952.000,1658.000,2072.000,64.000,120.000,1594.000,1952.000,1658.000,2072.000,1626.000,2012.000,64.000,120.000,0,1.000000,97.460000,18.352256,14.728333
1780476003.196195,,,BOARD_3,1,2,1595.000,1949.000,1659.000,2069.000,64.000,120.000,1595.000,1949.000,1659.000,2069.000,64.000,120.000,1595.000,1949.000,1659.000,2069.000,1627.000,2009.000,64.000,120.000,0,1.000000,97.460000,18.356814,14.742083
1780476003.633184,,,BOARD_3,1,0,1596.000,1947.000,1660.000,2067.000,64.000,120.000,1596.000,1947.000,1660.000,2067.000,64.000,120.000,1596.000,1947.000,1660.000,2067.000,1628.000,2007.000,64.000,120.000,0,1.000000,97.460000,18.361371,14.751250
1780476003.633184,,,BOARD_3,1,1,1592.000,1952.000,1656.000,2072.000,64.000,120.000,1592.000,1952.000,1656.000,2072.000,64.000,120.000,1592.000,1952.000,1656.000,2072.000,1624.000,2012.000,64.000,120.000,0,1.000000,97.460000,18.343142,14.728333
1780476003.974757,,,BOARD_3,1,0,1592.000,1951.000,1656.000,2071.000,64.000,120.000,1592.000,1951.000,1656.000,2071.000,64.000,120.000,1592.000,1951.000,1656.000,2071.000,1624.000,2011.000,64.000,120.000,0,1.000000,97.460000,18.343142,14.732917
1780476004.180992,,,BOARD_3,1,0,1562.000,1966.000,1694.000,2057.000,132.000,91.000,1562.000,1966.000,1694.000,2057.000,132.000,91.000,1562.000,1966.000,1694.000,2057.000,1628.000,2011.500,132.000,91.000,0,1.000000,47.250000,18.361371,14.730625
1780476004.425486,,,BOARD_3,1,0,1563.000,1965.000,1695.000,2056.000,132.000,91.000,1563.000,1965.000,1695.000,2056.000,132.000,91.000,1563.000,1965.000,1695.000,2056.000,1629.000,2010.500,132.000,91.000,0,1.000000,47.250000,18.365928,14.735208
1780476004.425486,,,BOARD_3,1,1,1558.000,1966.000,1690.000,2057.000,132.000,91.000,1558.000,1966.000,1690.000,2057.000,132.000,91.000,1558.000,1966.000,1690.000,2057.000,1624.000,2011.500,132.000,91.000,0,1.000000,47.250000,18.343142,14.730625
1780476004.670761,,,BOARD_3,1,0,1557.000,1966.000,1689.000,2057.000,132.000,91.000,1557.000,1966.000,1689.000,2057.000,132.000,91.000,1557.000,1966.000,1689.000,2057.000,1623.000,2011.500,132.000,91.000,0,1.000000,47.250000,18.338584,14.730625
1780476005.026639,,,BOARD_3,1,0,1556.000,1965.000,1688.000,2056.000,132.000,91.000,1556.000,1965.000,1688.000,2056.000,132.000,91.000,1556.000,1965.000,1688.000,2056.000,1622.000,2010.500,132.000,91.000,0,1.000000,47.250000,18.334027,14.735208
1780476005.026639,,,BOARD_3,1,1,1560.000,1966.000,1692.000,2057.000,132.000,91.000,1560.000,1966.000,1692.000,2057.000,132.000,91.000,1560.000,1966.000,1692.000,2057.000,1626.000,2011.500,132.000,91.000,0,1.000000,47.250000,18.352256,14.730625
1780476005.324534,,,BOARD_3,1,0,1560.000,1966.000,1692.000,2057.000,132.000,91.000,1560.000,1966.000,1692.000,2057.000,132.000,91.000,1560.000,1966.000,1692.000,2057.000,1626.000,2011.500,132.000,91.000,0,1.000000,47.250000,18.352256,14.730625
1780476005.579409,,,BOARD_3,1,0,1560.000,1966.000,1692.000,2057.000,132.000,91.000,1560.000,1966.000,1692.000,2057.000,132.000,91.000,1560.000,1966.000,1692.000,2057.000,1626.000,2011.500,132.000,91.000,0,1.000000,47.250000,18.352256,14.730625
1780476005.781552,,,BOARD_3,1,0,1590.000,1952.000,1654.000,2071.000,64.000,119.000,1590.000,1952.000,1654.000,2071.000,64.000,119.000,1590.000,1952.000,1654.000,2071.000,1622.000,2011.500,64.000,119.000,0,1.000000,97.460000,18.334027,14.730625
1780476006.149374,,,BOARD_3,1,0,1589.000,1952.000,1653.000,2071.000,64.000,119.000,1589.000,1952.000,1653.000,2071.000,64.000,119.000,1589.000,1952.000,1653.000,2071.000,1621.000,2011.500,64.000,119.000,0,1.000000,97.460000,18.329470,14.730625
1780476006.149374,,,BOARD_3,1,1,1594.000,1952.000,1658.000,2072.000,64.000,120.000,1594.000,1952.000,1658.000,2072.000,64.000,120.000,1594.000,1952.000,1658.000,2072.000,1626.000,2012.000,64.000,120.000,0,1.000000,97.460000,18.352256,14.728333
1780476006.597502,,,BOARD_3,1,0,1594.000,1952.000,1658.000,2072.000,64.000,120.000,1594.000,1952.000,1658.000,2072.000,64.000,120.000,1594.000,1952.000,1658.000,2072.000,1626.000,2012.000,64.000,120.000,0,1.000000,97.460000,18.352256,14.728333
1780476006.597502,,,BOARD_3,1,1,1564.000,1974.000,1696.000,2065.000,132.000,91.000,1564.000,1974.000,1696.000,2065.000,132.000,91.000,1564.000,1974.000,1696.000,2065.000,1630.000,2019.500,132.000,91.000,0,1.000000,47.250000,18.370485,14.693958
1780476006.597502,,,BOARD_3,1,2,1565.000,1976.000,1697.000,2067.000,132.000,91.000,1565.000,1976.000,1697.000,2067.000,132.000,91.000,1565.000,1976.000,1697.000,2067.000,1631.000,2021.500,132.000,91.000,0,1.000000,47.250000,18.375043,14.684792
1780476007.079764,,,BOARD_3,1,0,1567.000,1978.000,1699.000,2069.000,132.000,91.000,1567.000,1978.000,1699.000,2069.000,132.000,91.000,1567.000,1978.000,1699.000,2069.000,1633.000,2023.500,132.000,91.000,0,1.000000,47.250000,18.384157,14.675625
1780476007.324629,,,BOARD_3,1,0,1597.000,1960.000,1661.000,2079.000,64.000,119.000,1597.000,1960.000,1661.000,2079.000,64.000,119.000,1597.000,1960.000,1661.000,2079.000,1629.000,2019.500,64.000,119.000,0,1.000000,97.460000,18.365928,14.693958
1780476007.569918,,,BOARD_3,1,0,1597.000,1961.000,1661.000,2080.000,64.000,119.000,1597.000,1961.000,1661.000,2080.000,64.000,119.000,1597.000,1961.000,1661.000,2080.000,1629.000,2020.500,64.000,119.000,0,1.000000,97.460000,18.365928,14.689375
1780476007.569918,,,BOARD_3,1,1,1593.000,1968.000,1657.000,2087.000,64.000,119.000,1593.000,1968.000,1657.000,2087.000,64.000,119.000,1593.000,1968.000,1657.000,2087.000,1625.000,2027.500,64.000,119.000,0,1.000000,97.460000,18.347699,14.657292
1780476007.784223,,,BOARD_3,1,0,1592.000,1971.000,1656.000,2090.000,64.000,119.000,1592.000,1971.000,1656.000,2090.000,64.000,119.000,1592.000,1971.000,1656.000,2090.000,1624.000,2030.500,64.000,119.000,0,1.000000,97.460000,18.343142,14.643542
1780476021.230542,,,BOARD_3,1,0,1558.000,1934.000,1690.000,2026.000,132.000,92.000,1558.000,1934.000,1690.000,2026.000,132.000,92.000,1558.000,1934.000,1690.000,2026.000,1624.000,1980.000,132.000,92.000,0,1.000000,47.250000,18.343142,14.875000
1780476021.819263,,,BOARD_3,1,0,1596.000,1792.000,1660.000,1912.000,64.000,120.000,1596.000,1792.000,1660.000,1912.000,64.000,120.000,1596.000,1792.000,1660.000,1912.000,1628.000,1852.000,64.000,120.000,0,1.000000,97.460000,18.361371,15.461667
1780476022.232622,,,BOARD_3,1,0,1592.000,1656.000,1656.000,1776.000,64.000,120.000,1592.000,1656.000,1656.000,1776.000,64.000,120.000,1592.000,1656.000,1656.000,1776.000,1624.000,1716.000,64.000,120.000,0,1.000000,97.460000,18.343142,16.085000
1780476022.636260,,,BOARD_3,1,0,1580.000,1564.000,1644.000,1684.000,64.000,120.000,1580.000,1564.000,1644.000,1684.000,64.000,120.000,1580.000,1564.000,1644.000,1684.000,1612.000,1624.000,64.000,120.000,0,1.000000,97.460000,18.288454,16.506667
1780476023.154160,,,BOARD_3,1,0,1576.000,1560.000,1640.000,1679.000,64.000,119.000,1576.000,1560.000,1640.000,1679.000,64.000,119.000,1576.000,1560.000,1640.000,1679.000,1608.000,1619.500,64.000,119.000,0,1.000000,97.460000,18.270225,16.527292
1780476023.154160,,,BOARD_3,1,1,1574.000,1544.000,1638.000,1663.000,64.000,119.000,1574.000,1544.000,1638.000,1663.000,64.000,119.000,1574.000,1544.000,1638.000,1663.000,1606.000,1603.500,64.000,119.000,0,1.000000,97.460000,18.261110,16.600625
1780476023.606994,,,BOARD_3,1,0,1576.000,1538.000,1640.000,1658.000,64.000,120.000,1576.000,1538.000,1640.000,1658.000,64.000,120.000,1576.000,1538.000,1640.000,1658.000,1608.000,1598.000,64.000,120.000,0,1.000000,97.460000,18.270225,16.625833
1780476023.606994,,,BOARD_3,1,1,1575.000,1527.000,1639.000,1647.000,64.000,120.000,1575.000,1527.000,1639.000,1647.000,64.000,120.000,1575.000,1527.000,1639.000,1647.000,1607.000,1587.000,64.000,120.000,0,1.000000,97.460000,18.265668,16.676250
1780476024.344949,,,BOARD_3,1,0,1590.000,1331.000,1654.000,1451.000,64.000,120.000,1590.000,1331.000,1654.000,1451.000,64.000,120.000,1590.000,1331.000,1654.000,1451.000,1622.000,1391.000,64.000,120.000,0,1.000000,97.460000,18.334027,17.574583
1780476024.344949,,,BOARD_3,1,1,1592.000,1303.000,1656.000,1423.000,64.000,120.000,1592.000,1303.000,1656.000,1423.000,64.000,120.000,1592.000,1303.000,1656.000,1423.000,1624.000,1363.000,64.000,120.000,0,1.000000,97.460000,18.343142,17.702917
1780476024.820791,,,BOARD_3,1,0,1589.000,1239.000,1653.000,1359.000,64.000,120.000,1589.000,1239.000,1653.000,1359.000,64.000,120.000,1589.000,1239.000,1653.000,1359.000,1621.000,1299.000,64.000,120.000,0,1.000000,97.460000,18.329470,17.996250
1780476024.820791,,,BOARD_3,1,1,1590.000,1210.000,1654.000,1330.000,64.000,120.000,1590.000,1210.000,1654.000,1330.000,64.000,120.000,1590.000,1210.000,1654.000,1330.000,1622.000,1270.000,64.000,120.000,0,1.000000,97.460000,18.334027,18.129167
1780476025.233723,,,BOARD_3,1,0,1506.000,1094.000,1754.000,1274.000,248.000,180.000,1506.000,1094.000,1754.000,1274.000,248.000,180.000,1506.000,1094.000,1754.000,1274.000,1630.000,1184.000,248.000,180.000,0,1.000000,25.150000,18.370485,18.523333
1780476025.233723,,,BOARD_3,1,1,1508.000,1060.000,1756.000,1240.000,248.000,180.000,1508.000,1060.000,1756.000,1240.000,248.000,180.000,1508.000,1060.000,1756.000,1240.000,1632.000,1150.000,248.000,180.000,0,1.000000,25.150000,18.379600,18.679167
1780476025.641353,,,BOARD_3,1,0,1502.000,1033.000,1750.000,1213.000,248.000,180.000,1502.000,1033.000,1750.000,1213.000,248.000,180.000,1502.000,1033.000,1750.000,1213.000,1626.000,1123.000,248.000,180.000,0,1.000000,25.150000,18.352256,18.802917
1780476025.641353,,,BOARD_3,1,1,1502.000,1006.000,1750.000,1186.000,248.000,180.000,1502.000,1006.000,1750.000,1186.000,248.000,180.000,1502.000,1006.000,1750.000,1186.000,1626.000,1096.000,248.000,180.000,0,1.000000,25.150000,18.352256,18.926667
1780476026.525052,,,BOARD_3,1,0,1502.000,1028.000,1750.000,1208.000,248.000,180.000,1502.000,1028.000,1750.000,1208.000,248.000,180.000,1502.000,1028.000,1750.000,1208.000,1626.000,1118.000,248.000,180.000,0,1.000000,25.150000,18.352256,18.825833
1780476027.058586,,,BOARD_3,1,0,1585.000,1055.000,1649.000,1175.000,64.000,120.000,1585.000,1055.000,1649.000,1175.000,64.000,120.000,1585.000,1055.000,1649.000,1175.000,1617.000,1115.000,64.000,120.000,0,1.000000,97.460000,18.311241,18.839583
1780476028.145287,,,BOARD_3,1,0,1529.000,1046.000,1777.000,1226.000,248.000,180.000,1529.000,1046.000,1777.000,1226.000,248.000,180.000,1529.000,1046.000,1777.000,1226.000,1653.000,1136.000,248.000,180.000,0,1.000000,25.150000,18.475303,18.743333
1780476028.145287,,,BOARD_3,1,1,1538.000,1049.000,1786.000,1229.000,248.000,180.000,1538.000,1049.000,1786.000,1229.000,248.000,180.000,1538.000,1049.000,1786.000,1229.000,1662.000,1139.000,248.000,180.000,0,1.000000,25.150000,18.516319,18.729583
1780476031.627914,,,BOARD_3,1,0,1514.000,1031.000,1762.000,1211.000,248.000,180.000,1514.000,1031.000,1762.000,1211.000,248.000,180.000,1514.000,1031.000,1762.000,1211.000,1638.000,1121.000,248.000,180.000,0,1.000000,25.150000,18.406944,18.812083
1780476031.627914,,,BOARD_3,1,1,1514.000,1031.000,1762.000,1211.000,248.000,180.000,1514.000,1031.000,1762.000,1211.000,248.000,180.000,1514.000,1031.000,1762.000,1211.000,1638.000,1121.000,248.000,180.000,0,1.000000,25.150000,18.406944,18.812083
1780476032.094462,,,BOARD_3,1,0,1602.000,1042.000,1666.000,1162.000,64.000,120.000,1602.000,1042.000,1666.000,1162.000,64.000,120.000,1602.000,1042.000,1666.000,1162.000,1634.000,1102.000,64.000,120.000,0,1.000000,97.460000,18.388715,18.899167
1780476032.326902,,,BOARD_3,1,0,1601.000,1040.000,1665.000,1160.000,64.000,120.000,1601.000,1040.000,1665.000,1160.000,64.000,120.000,1601.000,1040.000,1665.000,1160.000,1633.000,1100.000,64.000,120.000,0,1.000000,97.460000,18.384157,18.908333
1780476032.326902,,,BOARD_3,1,1,1518.000,1020.000,1766.000,1200.000,248.000,180.000,1518.000,1020.000,1766.000,1200.000,248.000,180.000,1518.000,1020.000,1766.000,1200.000,1642.000,1110.000,248.000,180.000,0,1.000000,25.150000,18.425173,18.862500
1780476032.744077,,,BOARD_3,1,0,1519.000,1020.000,1767.000,1200.000,248.000,180.000,1519.000,1020.000,1767.000,1200.000,248.000,180.000,1519.000,1020.000,1767.000,1200.000,1643.000,1110.000,248.000,180.000,0,1.000000,25.150000,18.429730,18.862500
1780476032.744077,,,BOARD_3,1,1,1526.000,1012.000,1774.000,1192.000,248.000,180.000,1526.000,1012.000,1774.000,1192.000,248.000,180.000,1526.000,1012.000,1774.000,1192.000,1650.000,1102.000,248.000,180.000,0,1.000000,25.150000,18.461631,18.899167
1780476033.203568,,,BOARD_3,1,0,1528.000,1011.000,1776.000,1191.000,248.000,180.000,1528.000,1011.000,1776.000,1191.000,248.000,180.000,1528.000,1011.000,1776.000,1191.000,1652.000,1101.000,248.000,180.000,0,1.000000,25.150000,18.470746,18.903750
1780476033.203568,,,BOARD_3,1,1,1518.000,1004.000,1766.000,1184.000,248.000,180.000,1518.000,1004.000,1766.000,1184.000,248.000,180.000,1518.000,1004.000,1766.000,1184.000,1642.000,1094.000,248.000,180.000,0,1.000000,25.150000,18.425173,18.935833
1780476033.756305,,,BOARD_3,1,0,1517.000,1002.000,1765.000,1182.000,248.000,180.000,1517.000,1002.000,1765.000,1182.000,248.000,180.000,1517.000,1002.000,1765.000,1182.000,1641.000,1092.000,248.000,180.000,0,1.000000,25.150000,18.420616,18.945000
1780476033.756305,,,BOARD_3,1,1,1526.000,1012.000,1774.000,1192.000,248.000,180.000,1526.000,1012.000,1774.000,1192.000,248.000,180.000,1526.000,1012.000,1774.000,1192.000,1650.000,1102.000,248.000,180.000,0,1.000000,25.150000,18.461631,18.899167
1780476034.169901,,,BOARD_3,1,0,1527.000,1013.000,1775.000,1193.000,248.000,180.000,1527.000,1013.000,1775.000,1193.000,248.000,180.000,1527.000,1013.000,1775.000,1193.000,1651.000,1103.000,248.000,180.000,0,1.000000,25.150000,18.466189,18.894583
1780476034.169901,,,BOARD_3,1,1,1518.000,1004.000,1766.000,1184.000,248.000,180.000,1518.000,1004.000,1766.000,1184.000,248.000,180.000,1518.000,1004.000,1766.000,1184.000,1642.000,1094.000,248.000,180.000,0,1.000000,25.150000,18.425173,18.935833
1780476034.169901,,,BOARD_3,1,2,1516.000,1002.000,1764.000,1182.000,248.000,180.000,1516.000,1002.000,1764.000,1182.000,248.000,180.000,1516.000,1002.000,1764.000,1182.000,1640.000,1092.000,248.000,180.000,0,1.000000,25.150000,18.416058,18.945000
1780476034.589240,,,BOARD_3,1,0,1515.000,1000.000,1763.000,1180.000,248.000,180.000,1515.000,1000.000,1763.000,1180.000,248.000,180.000,1515.000,1000.000,1763.000,1180.000,1639.000,1090.000,248.000,180.000,0,1.000000,25.150000,18.411501,18.954167
1780476034.589240,,,BOARD_3,1,1,1507.000,1008.000,1755.000,1188.000,248.000,180.000,1507.000,1008.000,1755.000,1188.000,248.000,180.000,1507.000,1008.000,1755.000,1188.000,1631.000,1098.000,248.000,180.000,0,1.000000,25.150000,18.375043,18.917500
1780476034.836620,,,BOARD_3,1,0,1504.000,1008.000,1752.000,1188.000,248.000,180.000,1504.000,1008.000,1752.000,1188.000,248.000,180.000,1504.000,1008.000,1752.000,1188.000,1628.000,1098.000,248.000,180.000,0,1.000000,25.150000,18.361371,18.917500
1780476034.836620,,,BOARD_3,1,1,1501.000,1008.000,1749.000,1188.000,248.000,180.000,1501.000,1008.000,1749.000,1188.000,248.000,180.000,1501.000,1008.000,1749.000,1188.000,1625.000,1098.000,248.000,180.000,0,1.000000,25.150000,18.347699,18.917500
1780476035.175819,,,BOARD_3,1,0,1525.000,1016.000,1773.000,1196.000,248.000,180.000,1525.000,1016.000,1773.000,1196.000,248.000,180.000,1525.000,1016.000,1773.000,1196.000,1649.000,1106.000,248.000,180.000,0,1.000000,25.150000,18.457074,18.880833
1780476035.668707,,,BOARD_3,1,0,1517.000,1008.000,1765.000,1188.000,248.000,180.000,1517.000,1008.000,1765.000,1188.000,248.000,180.000,1517.000,1008.000,1765.000,1188.000,1641.000,1098.000,248.000,180.000,0,1.000000,25.150000,18.420616,18.917500
1780476035.668707,,,BOARD_3,1,1,1515.000,1006.000,1763.000,1186.000,248.000,180.000,1515.000,1006.000,1763.000,1186.000,248.000,180.000,1515.000,1006.000,1763.000,1186.000,1639.000,1096.000,248.000,180.000,0,1.000000,25.150000,18.411501,18.926667
1780476036.190255,,,BOARD_3,1,0,1602.000,1039.000,1666.000,1159.000,64.000,120.000,1602.000,1039.000,1666.000,1159.000,64.000,120.000,1602.000,1039.000,1666.000,1159.000,1634.000,1099.000,64.000,120.000,0,1.000000,97.460000,18.388715,18.912917
1780476036.413065,,,BOARD_3,1,0,1600.000,1038.000,1664.000,1158.000,64.000,120.000,1600.000,1038.000,1664.000,1158.000,64.000,120.000,1600.000,1038.000,1664.000,1158.000,1632.000,1098.000,64.000,120.000,0,1.000000,97.460000,18.379600,18.917500
1780476036.413065,,,BOARD_3,1,1,1518.000,1017.000,1766.000,1197.000,248.000,180.000,1518.000,1017.000,1766.000,1197.000,248.000,180.000,1518.000,1017.000,1766.000,1197.000,1642.000,1107.000,248.000,180.000,0,1.000000,25.150000,18.425173,18.876250
1780476036.635279,,,BOARD_3,1,0,1519.000,1019.000,1767.000,1199.000,248.000,180.000,1519.000,1019.000,1767.000,1199.000,248.000,180.000,1519.000,1019.000,1767.000,1199.000,1643.000,1109.000,248.000,180.000,0,1.000000,25.150000,18.429730,18.867083
1780476036.926382,,,BOARD_3,1,0,1521.000,1021.000,1769.000,1201.000,248.000,180.000,1521.000,1021.000,1769.000,1201.000,248.000,180.000,1521.000,1021.000,1769.000,1201.000,1645.000,1111.000,248.000,180.000,0,1.000000,25.150000,18.438845,18.857917
1780476036.926382,,,BOARD_3,1,1,1529.000,1029.000,1777.000,1209.000,248.000,180.000,1529.000,1029.000,1777.000,1209.000,248.000,180.000,1529.000,1029.000,1777.000,1209.000,1653.000,1119.000,248.000,180.000,0,1.000000,25.150000,18.475303,18.821250
1780476036.926382,,,BOARD_3,1,2,1532.000,1032.000,1780.000,1212.000,248.000,180.000,1532.000,1032.000,1780.000,1212.000,248.000,180.000,1532.000,1032.000,1780.000,1212.000,1656.000,1122.000,248.000,180.000,0,1.000000,25.150000,18.488975,18.807500
1780476037.401775,,,BOARD_3,1,0,1534.000,1035.000,1782.000,1215.000,248.000,180.000,1534.000,1035.000,1782.000,1215.000,248.000,180.000,1534.000,1035.000,1782.000,1215.000,1658.000,1125.000,248.000,180.000,0,1.000000,25.150000,18.498090,18.793750
1780476037.401775,,,BOARD_3,1,1,1526.000,1027.000,1774.000,1207.000,248.000,180.000,1526.000,1027.000,1774.000,1207.000,248.000,180.000,1526.000,1027.000,1774.000,1207.000,1650.000,1117.000,248.000,180.000,0,1.000000,25.150000,18.461631,18.830417
1780476037.826694,,,BOARD_3,1,0,1527.000,1028.000,1775.000,1208.000,248.000,180.000,1527.000,1028.000,1775.000,1208.000,248.000,180.000,1527.000,1028.000,1775.000,1208.000,1651.000,1118.000,248.000,180.000,0,1.000000,25.150000,18.466189,18.825833
1780476038.059637,,,BOARD_3,1,0,1518.000,1035.000,1766.000,1215.000,248.000,180.000,1518.000,1035.000,1766.000,1215.000,248.000,180.000,1518.000,1035.000,1766.000,1215.000,1642.000,1125.000,248.000,180.000,0,1.000000,25.150000,18.425173,18.793750
1780476038.278742,,,BOARD_3,1,0,1517.000,1037.000,1765.000,1217.000,248.000,180.000,1517.000,1037.000,1765.000,1217.000,248.000,180.000,1517.000,1037.000,1765.000,1217.000,1641.000,1127.000,248.000,180.000,0,1.000000,25.150000,18.420616,18.784583
1780476038.278742,,,BOARD_3,1,1,1510.000,1043.000,1758.000,1223.000,248.000,180.000,1510.000,1043.000,1758.000,1223.000,248.000,180.000,1510.000,1043.000,1758.000,1223.000,1634.000,1133.000,248.000,180.000,0,1.000000,25.150000,18.388715,18.757083
1780476038.745733,,,BOARD_3,1,0,1508.000,1045.000,1756.000,1225.000,248.000,180.000,1508.000,1045.000,1756.000,1225.000,248.000,180.000,1508.000,1045.000,1756.000,1225.000,1632.000,1135.000,248.000,180.000,0,1.000000,25.150000,18.379600,18.747917
1780476038.745733,,,BOARD_3,1,1,1598.000,1061.000,1662.000,1181.000,64.000,120.000,1598.000,1061.000,1662.000,1181.000,64.000,120.000,1598.000,1061.000,1662.000,1181.000,1630.000,1121.000,64.000,120.000,0,1.000000,97.460000,18.370485,18.812083
1780476038.973152,,,BOARD_3,1,0,1596.000,1059.000,1660.000,1179.000,64.000,120.000,1596.000,1059.000,1660.000,1179.000,64.000,120.000,1596.000,1059.000,1660.000,1179.000,1628.000,1119.000,64.000,120.000,0,1.000000,97.460000,18.361371,18.821250
1780476039.321207,,,BOARD_3,1,0,1594.000,1057.000,1658.000,1177.000,64.000,120.000,1594.000,1057.000,1658.000,1177.000,64.000,120.000,1594.000,1057.000,1658.000,1177.000,1626.000,1117.000,64.000,120.000,0,1.000000,97.460000,18.352256,18.830417
1780476039.321207,,,BOARD_3,1,1,1598.000,1061.000,1662.000,1181.000,64.000,120.000,1598.000,1061.000,1662.000,1181.000,64.000,120.000,1598.000,1061.000,1662.000,1181.000,1630.000,1121.000,64.000,120.000,0,1.000000,97.460000,18.370485,18.812083
1780476039.321207,,,BOARD_3,1,2,1597.000,1060.000,1661.000,1180.000,64.000,120.000,1597.000,1060.000,1661.000,1180.000,64.000,120.000,1597.000,1060.000,1661.000,1180.000,1629.000,1120.000,64.000,120.000,0,1.000000,97.460000,18.365928,18.816667
1780476039.670342,,,BOARD_3,1,0,1596.000,1059.000,1660.000,1179.000,64.000,120.000,1596.000,1059.000,1660.000,1179.000,64.000,120.000,1596.000,1059.000,1660.000,1179.000,1628.000,1119.000,64.000,120.000,0,1.000000,97.460000,18.361371,18.821250
1780476039.670342,,,BOARD_3,1,1,1600.000,1063.000,1664.000,1183.000,64.000,120.000,1600.000,1063.000,1664.000,1183.000,64.000,120.000,1600.000,1063.000,1664.000,1183.000,1632.000,1123.000,64.000,120.000,0,1.000000,97.460000,18.379600,18.802917
1780476039.670342,,,BOARD_3,1,2,1600.000,1063.000,1664.000,1183.000,64.000,120.000,1600.000,1063.000,1664.000,1183.000,64.000,120.000,1600.000,1063.000,1664.000,1183.000,1632.000,1123.000,64.000,120.000,0,1.000000,97.460000,18.379600,18.802917
1780476040.054249,,,BOARD_3,1,0,1600.000,1063.000,1664.000,1183.000,64.000,120.000,1600.000,1063.000,1664.000,1183.000,64.000,120.000,1600.000,1063.000,1664.000,1183.000,1632.000,1123.000,64.000,120.000,0,1.000000,97.460000,18.379600,18.802917
1780476040.054249,,,BOARD_3,1,1,1516.000,1041.000,1764.000,1221.000,248.000,180.000,1516.000,1041.000,1764.000,1221.000,248.000,180.000,1516.000,1041.000,1764.000,1221.000,1640.000,1131.000,248.000,180.000,0,1.000000,25.150000,18.416058,18.766250
1780476040.287514,,,BOARD_3,1,0,1517.000,1042.000,1765.000,1222.000,248.000,180.000,1517.000,1042.000,1765.000,1222.000,248.000,180.000,1517.000,1042.000,1765.000,1222.000,1641.000,1132.000,248.000,180.000,0,1.000000,25.150000,18.420616,18.761667
1780476040.526301,,,BOARD_3,1,0,1519.000,1044.000,1767.000,1224.000,248.000,180.000,1519.000,1044.000,1767.000,1224.000,248.000,180.000,1519.000,1044.000,1767.000,1224.000,1643.000,1134.000,248.000,180.000,0,1.000000,25.150000,18.429730,18.752500
1780476040.526301,,,BOARD_3,1,1,1599.000,1062.000,1663.000,1182.000,64.000,120.000,1599.000,1062.000,1663.000,1182.000,64.000,120.000,1599.000,1062.000,1663.000,1182.000,1631.000,1122.000,64.000,120.000,0,1.000000,97.460000,18.375043,18.807500
1780476040.526301,,,BOARD_3,1,2,1598.000,1061.000,1662.000,1181.000,64.000,120.000,1598.000,1061.000,1662.000,1181.000,64.000,120.000,1598.000,1061.000,1662.000,1181.000,1630.000,1121.000,64.000,120.000,0,1.000000,97.460000,18.370485,18.812083
1780476041.037263,,,BOARD_3,1,0,1601.000,1056.000,1665.000,1176.000,64.000,120.000,1601.000,1056.000,1665.000,1176.000,64.000,120.000,1601.000,1056.000,1665.000,1176.000,1633.000,1116.000,64.000,120.000,0,1.000000,97.460000,18.384157,18.835000
1780476041.037263,,,BOARD_3,1,1,1601.000,1054.000,1665.000,1174.000,64.000,120.000,1601.000,1054.000,1665.000,1174.000,64.000,120.000,1601.000,1054.000,1665.000,1174.000,1633.000,1114.000,64.000,120.000,0,1.000000,97.460000,18.384157,18.844167
1780476041.346668,,,BOARD_3,1,0,1601.000,1053.000,1665.000,1173.000,64.000,120.000,1601.000,1053.000,1665.000,1173.000,64.000,120.000,1601.000,1053.000,1665.000,1173.000,1633.000,1113.000,64.000,120.000,0,1.000000,97.460000,18.384157,18.848750
1780476041.346668,,,BOARD_3,1,1,1517.000,1031.000,1765.000,1211.000,248.000,180.000,1517.000,1031.000,1765.000,1211.000,248.000,180.000,1517.000,1031.000,1765.000,1211.000,1641.000,1121.000,248.000,180.000,0,1.000000,25.150000,18.420616,18.812083
1780476041.346668,,,BOARD_3,1,2,1518.000,1031.000,1766.000,1211.000,248.000,180.000,1518.000,1031.000,1766.000,1211.000,248.000,180.000,1518.000,1031.000,1766.000,1211.000,1642.000,1121.000,248.000,180.000,0,1.000000,25.150000,18.425173,18.812083
1780476041.781682,,,BOARD_3,1,0,1520.000,1031.000,1768.000,1211.000,248.000,180.000,1520.000,1031.000,1768.000,1211.000,248.000,180.000,1520.000,1031.000,1768.000,1211.000,1644.000,1121.000,248.000,180.000,0,1.000000,25.150000,18.434287,18.812083
1780476041.781682,,,BOARD_3,1,1,1512.000,1023.000,1760.000,1203.000,248.000,180.000,1512.000,1023.000,1760.000,1203.000,248.000,180.000,1512.000,1023.000,1760.000,1203.000,1636.000,1113.000,248.000,180.000,0,1.000000,25.150000,18.397829,18.848750
1780476042.025221,,,BOARD_3,1,0,1512.000,1022.000,1760.000,1202.000,248.000,180.000,1512.000,1022.000,1760.000,1202.000,248.000,180.000,1512.000,1022.000,1760.000,1202.000,1636.000,1112.000,248.000,180.000,0,1.000000,25.150000,18.397829,18.853333
1780476042.292468,,,BOARD_3,1,0,1511.000,1020.000,1759.000,1200.000,248.000,180.000,1511.000,1020.000,1759.000,1200.000,248.000,180.000,1511.000,1020.000,1759.000,1200.000,1635.000,1110.000,248.000,180.000,0,1.000000,25.150000,18.393272,18.862500
1780476042.292468,,,BOARD_3,1,1,1519.000,1028.000,1767.000,1208.000,248.000,180.000,1519.000,1028.000,1767.000,1208.000,248.000,180.000,1519.000,1028.000,1767.000,1208.000,1643.000,1118.000,248.000,180.000,0,1.000000,25.150000,18.429730,18.825833
1780476042.292468,,,BOARD_3,1,2,1520.000,1028.000,1768.000,1208.000,248.000,180.000,1520.000,1028.000,1768.000,1208.000,248.000,180.000,1520.000,1028.000,1768.000,1208.000,1644.000,1118.000,248.000,180.000,0,1.000000,25.150000,18.434287,18.825833
1780476042.765385,,,BOARD_3,1,0,1521.000,1029.000,1769.000,1209.000,248.000,180.000,1521.000,1029.000,1769.000,1209.000,248.000,180.000,1521.000,1029.000,1769.000,1209.000,1645.000,1119.000,248.000,180.000,0,1.000000,25.150000,18.438845,18.821250
1780476042.765385,,,BOARD_3,1,1,1529.000,1021.000,1777.000,1201.000,248.000,180.000,1529.000,1021.000,1777.000,1201.000,248.000,180.000,1529.000,1021.000,1777.000,1201.000,1653.000,1111.000,248.000,180.000,0,1.000000,25.150000,18.475303,18.857917
1780476042.979795,,,BOARD_3,1,0,1531.000,1020.000,1779.000,1200.000,248.000,180.000,1531.000,1020.000,1779.000,1200.000,248.000,180.000,1531.000,1020.000,1779.000,1200.000,1655.000,1110.000,248.000,180.000,0,1.000000,25.150000,18.484418,18.862500
1780476043.245727,,,BOARD_3,1,0,1534.000,1019.000,1782.000,1199.000,248.000,180.000,1534.000,1019.000,1782.000,1199.000,248.000,180.000,1534.000,1019.000,1782.000,1199.000,1658.000,1109.000,248.000,180.000,0,1.000000,25.150000,18.498090,18.867083
1780476043.245727,,,BOARD_3,1,1,1510.000,1011.000,1758.000,1191.000,248.000,180.000,1510.000,1011.000,1758.000,1191.000,248.000,180.000,1510.000,1011.000,1758.000,1191.000,1634.000,1101.000,248.000,180.000,0,1.000000,25.150000,18.388715,18.903750
1780476043.472351,,,BOARD_3,1,0,1508.000,1009.000,1756.000,1189.000,248.000,180.000,1508.000,1009.000,1756.000,1189.000,248.000,180.000,1508.000,1009.000,1756.000,1189.000,1632.000,1099.000,248.000,180.000,0,1.000000,25.150000,18.379600,18.912917
1780476043.898091,,,BOARD_3,1,0,1529.000,1014.000,1777.000,1194.000,248.000,180.000,1529.000,1014.000,1777.000,1194.000,248.000,180.000,1529.000,1014.000,1777.000,1194.000,1653.000,1104.000,248.000,180.000,0,1.000000,25.150000,18.475303,18.890000
1780476044.254647,,,BOARD_3,1,0,1601.000,1032.000,1665.000,1152.000,64.000,120.000,1601.000,1032.000,1665.000,1152.000,64.000,120.000,1601.000,1032.000,1665.000,1152.000,1633.000,1092.000,64.000,120.000,0,1.000000,97.460000,18.384157,18.945000
1780476044.482123,,,BOARD_3,1,0,1598.000,1030.000,1662.000,1150.000,64.000,120.000,1598.000,1030.000,1662.000,1150.000,64.000,120.000,1598.000,1030.000,1662.000,1150.000,1630.000,1090.000,64.000,120.000,0,1.000000,97.460000,18.370485,18.954167
1780476044.482123,,,BOARD_3,1,1,1605.000,1028.000,1669.000,1148.000,64.000,120.000,1605.000,1028.000,1669.000,1148.000,64.000,120.000,1605.000,1028.000,1669.000,1148.000,1637.000,1088.000,64.000,120.000,0,1.000000,97.460000,18.402386,18.963333
1780476044.701089,,,BOARD_3,1,0,1605.000,1026.000,1669.000,1146.000,64.000,120.000,1605.000,1026.000,1669.000,1146.000,64.000,120.000,1605.000,1026.000,1669.000,1146.000,1637.000,1086.000,64.000,120.000,0,1.000000,97.460000,18.402386,18.972500
1780476044.981211,,,BOARD_3,1,0,1605.000,1024.000,1669.000,1144.000,64.000,120.000,1605.000,1024.000,1669.000,1144.000,64.000,120.000,1605.000,1024.000,1669.000,1144.000,1637.000,1084.000,64.000,120.000,0,1.000000,97.460000,18.402386,18.981667
1780476045.189690,,,BOARD_3,1,0,1521.000,1002.000,1769.000,1182.000,248.000,180.000,1521.000,1002.000,1769.000,1182.000,248.000,180.000,1521.000,1002.000,1769.000,1182.000,1645.000,1092.000,248.000,180.000,0,1.000000,25.150000,18.438845,18.945000
1780476045.189690,,,BOARD_3,1,1,1522.000,1002.000,1770.000,1182.000,248.000,180.000,1522.000,1002.000,1770.000,1182.000,248.000,180.000,1522.000,1002.000,1770.000,1182.000,1646.000,1092.000,248.000,180.000,0,1.000000,25.150000,18.443402,18.945000
1780476046.000805,,,BOARD_3,1,0,1516.000,993.000,1764.000,1173.000,248.000,180.000,1516.000,993.000,1764.000,1173.000,248.000,180.000,1516.000,993.000,1764.000,1173.000,1640.000,1083.000,248.000,180.000,0,1.000000,25.150000,18.416058,18.986250
1780476046.205921,,,BOARD_3,1,0,1516.000,992.000,1764.000,1172.000,248.000,180.000,1516.000,992.000,1764.000,1172.000,248.000,180.000,1516.000,992.000,1764.000,1172.000,1640.000,1082.000,248.000,180.000,0,1.000000,25.150000,18.416058,18.990833
1780476046.418072,,,BOARD_3,1,0,1604.000,1019.000,1668.000,1139.000,64.000,120.000,1604.000,1019.000,1668.000,1139.000,64.000,120.000,1604.000,1019.000,1668.000,1139.000,1636.000,1079.000,64.000,120.000,0,1.000000,97.460000,18.397829,19.004583
1780476046.418072,,,BOARD_3,1,1,1603.000,1018.000,1667.000,1138.000,64.000,120.000,1603.000,1018.000,1667.000,1138.000,64.000,120.000,1603.000,1018.000,1667.000,1138.000,1635.000,1078.000,64.000,120.000,0,1.000000,97.460000,18.393272,19.009167
1780476046.737006,,,BOARD_3,1,0,1520.000,997.000,1768.000,1177.000,248.000,180.000,1520.000,997.000,1768.000,1177.000,248.000,180.000,1520.000,997.000,1768.000,1177.000,1644.000,1087.000,248.000,180.000,0,1.000000,25.150000,18.434287,18.967917
1780476046.737006,,,BOARD_3,1,1,1522.000,999.000,1770.000,1179.000,248.000,180.000,1522.000,999.000,1770.000,1179.000,248.000,180.000,1522.000,999.000,1770.000,1179.000,1646.000,1089.000,248.000,180.000,0,1.000000,25.150000,18.443402,18.958750
1780476046.995190,,,BOARD_3,1,0,1524.000,1000.000,1772.000,1180.000,248.000,180.000,1524.000,1000.000,1772.000,1180.000,248.000,180.000,1524.000,1000.000,1772.000,1180.000,1648.000,1090.000,248.000,180.000,0,1.000000,25.150000,18.452517,18.954167
1780476046.995190,,,BOARD_3,1,1,1604.000,1018.000,1668.000,1138.000,64.000,120.000,1604.000,1018.000,1668.000,1138.000,64.000,120.000,1604.000,1018.000,1668.000,1138.000,1636.000,1078.000,64.000,120.000,0,1.000000,97.460000,18.397829,19.009167
1780476047.412401,,,BOARD_3,1,0,1604.000,1017.000,1668.000,1137.000,64.000,120.000,1604.000,1017.000,1668.000,1137.000,64.000,120.000,1604.000,1017.000,1668.000,1137.000,1636.000,1077.000,64.000,120.000,0,1.000000,97.460000,18.397829,19.013750
1780476047.412401,,,BOARD_3,1,1,1608.000,1022.000,1672.000,1142.000,64.000,120.000,1608.000,1022.000,1672.000,1142.000,64.000,120.000,1608.000,1022.000,1672.000,1142.000,1640.000,1082.000,64.000,120.000,0,1.000000,97.460000,18.416058,18.990833
1780476047.412401,,,BOARD_3,1,2,1609.000,1023.000,1673.000,1143.000,64.000,120.000,1609.000,1023.000,1673.000,1143.000,64.000,120.000,1609.000,1023.000,1673.000,1143.000,1641.000,1083.000,64.000,120.000,0,1.000000,97.460000,18.420616,18.986250
1780476047.835639,,,BOARD_3,1,0,1610.000,1024.000,1674.000,1144.000,64.000,120.000,1610.000,1024.000,1674.000,1144.000,64.000,120.000,1610.000,1024.000,1674.000,1144.000,1642.000,1084.000,64.000,120.000,0,1.000000,97.460000,18.425173,18.981667
1780476047.835639,,,BOARD_3,1,1,1526.000,1002.000,1774.000,1182.000,248.000,180.000,1526.000,1002.000,1774.000,1182.000,248.000,180.000,1526.000,1002.000,1774.000,1182.000,1650.000,1092.000,248.000,180.000,0,1.000000,25.150000,18.461631,18.945000
1780476048.236426,,,BOARD_3,1,0,1528.000,1004.000,1776.000,1184.000,248.000,180.000,1528.000,1004.000,1776.000,1184.000,248.000,180.000,1528.000,1004.000,1776.000,1184.000,1652.000,1094.000,248.000,180.000,0,1.000000,25.150000,18.470746,18.935833
1780476048.236426,,,BOARD_3,1,1,1518.000,994.000,1766.000,1174.000,248.000,180.000,1518.000,994.000,1766.000,1174.000,248.000,180.000,1518.000,994.000,1766.000,1174.000,1642.000,1084.000,248.000,180.000,0,1.000000,25.150000,18.425173,18.981667
1780476048.685912,,,BOARD_3,1,0,1517.000,993.000,1765.000,1173.000,248.000,180.000,1517.000,993.000,1765.000,1173.000,248.000,180.000,1517.000,993.000,1765.000,1173.000,1641.000,1083.000,248.000,180.000,0,1.000000,25.150000,18.420616,18.986250
1780476048.685912,,,BOARD_3,1,1,1606.000,1028.000,1670.000,1148.000,64.000,120.000,1606.000,1028.000,1670.000,1148.000,64.000,120.000,1606.000,1028.000,1670.000,1148.000,1638.000,1088.000,64.000,120.000,0,1.000000,97.460000,18.406944,18.963333
1780476049.037118,,,BOARD_3,1,0,1605.000,1028.000,1669.000,1148.000,64.000,120.000,1605.000,1028.000,1669.000,1148.000,64.000,120.000,1605.000,1028.000,1669.000,1148.000,1637.000,1088.000,64.000,120.000,0,1.000000,97.460000,18.402386,18.963333
1780476049.037118,,,BOARD_3,1,1,1522.000,1006.000,1770.000,1186.000,248.000,180.000,1522.000,1006.000,1770.000,1186.000,248.000,180.000,1522.000,1006.000,1770.000,1186.000,1646.000,1096.000,248.000,180.000,0,1.000000,25.150000,18.443402,18.926667
1780476049.037118,,,BOARD_3,1,2,1524.000,1008.000,1772.000,1188.000,248.000,180.000,1524.000,1008.000,1772.000,1188.000,248.000,180.000,1524.000,1008.000,1772.000,1188.000,1648.000,1098.000,248.000,180.000,0,1.000000,25.150000,18.452517,18.917500
1780476049.425003,,,BOARD_3,1,0,1525.000,1011.000,1773.000,1191.000,248.000,180.000,1525.000,1011.000,1773.000,1191.000,248.000,180.000,1525.000,1011.000,1773.000,1191.000,1649.000,1101.000,248.000,180.000,0,1.000000,25.150000,18.457074,18.903750
1780476049.425003,,,BOARD_3,1,1,1517.000,1019.000,1765.000,1199.000,248.000,180.000,1517.000,1019.000,1765.000,1199.000,248.000,180.000,1517.000,1019.000,1765.000,1199.000,1641.000,1109.000,248.000,180.000,0,1.000000,25.150000,18.420616,18.867083
1780476049.425003,,,BOARD_3,1,2,1517.000,1022.000,1765.000,1202.000,248.000,180.000,1517.000,1022.000,1765.000,1202.000,248.000,180.000,1517.000,1022.000,1765.000,1202.000,1641.000,1112.000,248.000,180.000,0,1.000000,25.150000,18.420616,18.853333
1780476049.839200,,,BOARD_3,1,0,1517.000,1026.000,1765.000,1206.000,248.000,180.000,1517.000,1026.000,1765.000,1206.000,248.000,180.000,1517.000,1026.000,1765.000,1206.000,1641.000,1116.000,248.000,180.000,0,1.000000,25.150000,18.420616,18.835000
1780476049.839200,,,BOARD_3,1,1,1509.000,1018.000,1757.000,1198.000,248.000,180.000,1509.000,1018.000,1757.000,1198.000,248.000,180.000,1509.000,1018.000,1757.000,1198.000,1633.000,1108.000,248.000,180.000,0,1.000000,25.150000,18.384157,18.871667
1780476050.264615,,,BOARD_3,1,0,1508.000,1019.000,1756.000,1199.000,248.000,180.000,1508.000,1019.000,1756.000,1199.000,248.000,180.000,1508.000,1019.000,1756.000,1199.000,1632.000,1109.000,248.000,180.000,0,1.000000,25.150000,18.379600,18.867083
1780476050.264615,,,BOARD_3,1,1,1605.000,1044.000,1669.000,1164.000,64.000,120.000,1605.000,1044.000,1669.000,1164.000,64.000,120.000,1605.000,1044.000,1669.000,1164.000,1637.000,1104.000,64.000,120.000,0,1.000000,97.460000,18.402386,18.890000
1780476050.264615,,,BOARD_3,1,2,1606.000,1044.000,1670.000,1164.000,64.000,120.000,1606.000,1044.000,1670.000,1164.000,64.000,120.000,1606.000,1044.000,1670.000,1164.000,1638.000,1104.000,64.000,120.000,0,1.000000,97.460000,18.406944,18.890000
1780476050.855005,,,BOARD_3,1,0,1606.000,1043.000,1670.000,1163.000,64.000,120.000,1606.000,1043.000,1670.000,1163.000,64.000,120.000,1606.000,1043.000,1670.000,1163.000,1638.000,1103.000,64.000,120.000,0,1.000000,97.460000,18.406944,18.894583
1780476050.855005,,,BOARD_3,1,1,1602.000,1047.000,1666.000,1167.000,64.000,120.000,1602.000,1047.000,1666.000,1167.000,64.000,120.000,1602.000,1047.000,1666.000,1167.000,1634.000,1107.000,64.000,120.000,0,1.000000,97.460000,18.388715,18.876250
1780476051.303272,,,BOARD_3,1,0,1602.000,1047.000,1666.000,1167.000,64.000,120.000,1602.000,1047.000,1666.000,1167.000,64.000,120.000,1602.000,1047.000,1666.000,1167.000,1634.000,1107.000,64.000,120.000,0,1.000000,97.460000,18.388715,18.876250
1780476051.303272,,,BOARD_3,1,1,1518.000,1025.000,1766.000,1205.000,248.000,180.000,1518.000,1025.000,1766.000,1205.000,248.000,180.000,1518.000,1025.000,1766.000,1205.000,1642.000,1115.000,248.000,180.000,0,1.000000,25.150000,18.425173,18.839583
1780476051.763750,,,BOARD_3,1,0,1519.000,1027.000,1767.000,1207.000,248.000,180.000,1519.000,1027.000,1767.000,1207.000,248.000,180.000,1519.000,1027.000,1767.000,1207.000,1643.000,1117.000,248.000,180.000,0,1.000000,25.150000,18.429730,18.830417
1780476051.763750,,,BOARD_3,1,1,1510.000,1017.000,1758.000,1197.000,248.000,180.000,1510.000,1017.000,1758.000,1197.000,248.000,180.000,1510.000,1017.000,1758.000,1197.000,1634.000,1107.000,248.000,180.000,0,1.000000,25.150000,18.388715,18.876250
1780476051.763750,,,BOARD_3,1,2,1508.000,1016.000,1756.000,1196.000,248.000,180.000,1508.000,1016.000,1756.000,1196.000,248.000,180.000,1508.000,1016.000,1756.000,1196.000,1632.000,1106.000,248.000,180.000,0,1.000000,25.150000,18.379600,18.880833
1780476052.190349,,,BOARD_3,1,0,1507.000,1014.000,1755.000,1194.000,248.000,180.000,1507.000,1014.000,1755.000,1194.000,248.000,180.000,1507.000,1014.000,1755.000,1194.000,1631.000,1104.000,248.000,180.000,0,1.000000,25.150000,18.375043,18.890000
1780476052.190349,,,BOARD_3,1,1,1531.000,1022.000,1779.000,1202.000,248.000,180.000,1531.000,1022.000,1779.000,1202.000,248.000,180.000,1531.000,1022.000,1779.000,1202.000,1655.000,1112.000,248.000,180.000,0,1.000000,25.150000,18.484418,18.853333
1780476052.749991,,,BOARD_3,1,0,1523.000,1014.000,1771.000,1194.000,248.000,180.000,1523.000,1014.000,1771.000,1194.000,248.000,180.000,1523.000,1014.000,1771.000,1194.000,1647.000,1104.000,248.000,180.000,0,1.000000,25.150000,18.447959,18.890000
1780476053.145483,,,BOARD_3,1,0,1531.000,1006.000,1779.000,1186.000,248.000,180.000,1531.000,1006.000,1779.000,1186.000,248.000,180.000,1531.000,1006.000,1779.000,1186.000,1655.000,1096.000,248.000,180.000,0,1.000000,25.150000,18.484418,18.926667
1780476053.443585,,,BOARD_3,1,0,1532.000,1004.000,1780.000,1184.000,248.000,180.000,1532.000,1004.000,1780.000,1184.000,248.000,180.000,1532.000,1004.000,1780.000,1184.000,1656.000,1094.000,248.000,180.000,0,1.000000,25.150000,18.488975,18.935833
1780476053.443585,,,BOARD_3,1,1,1523.000,998.000,1771.000,1178.000,248.000,180.000,1523.000,998.000,1771.000,1178.000,248.000,180.000,1523.000,998.000,1771.000,1178.000,1647.000,1088.000,248.000,180.000,0,1.000000,25.150000,18.447959,18.963333
1780476053.835450,,,BOARD_3,1,0,1522.000,996.000,1770.000,1176.000,248.000,180.000,1522.000,996.000,1770.000,1176.000,248.000,180.000,1522.000,996.000,1770.000,1176.000,1646.000,1086.000,248.000,180.000,0,1.000000,25.150000,18.443402,18.972500
1780476053.835450,,,BOARD_3,1,1,1531.000,1006.000,1779.000,1186.000,248.000,180.000,1531.000,1006.000,1779.000,1186.000,248.000,180.000,1531.000,1006.000,1779.000,1186.000,1655.000,1096.000,248.000,180.000,0,1.000000,25.150000,18.484418,18.926667
1780476054.083677,,,BOARD_3,1,0,1533.000,1007.000,1781.000,1187.000,248.000,180.000,1533.000,1007.000,1781.000,1187.000,248.000,180.000,1533.000,1007.000,1781.000,1187.000,1657.000,1097.000,248.000,180.000,0,1.000000,25.150000,18.493532,18.922083
1780476054.499185,,,BOARD_3,1,0,1527.000,1000.000,1775.000,1180.000,248.000,180.000,1527.000,1000.000,1775.000,1180.000,248.000,180.000,1527.000,1000.000,1775.000,1180.000,1651.000,1090.000,248.000,180.000,0,1.000000,25.150000,18.466189,18.954167
1780476054.726283,,,BOARD_3,1,0,1527.000,1000.000,1775.000,1180.000,248.000,180.000,1527.000,1000.000,1775.000,1180.000,248.000,180.000,1527.000,1000.000,1775.000,1180.000,1651.000,1090.000,248.000,180.000,0,1.000000,25.150000,18.466189,18.954167
1780476054.932816,,,BOARD_3,1,0,1535.000,1008.000,1783.000,1188.000,248.000,180.000,1535.000,1008.000,1783.000,1188.000,248.000,180.000,1535.000,1008.000,1783.000,1188.000,1659.000,1098.000,248.000,180.000,0,1.000000,25.150000,18.502647,18.917500
1780476055.215612,,,BOARD_3,1,0,1537.000,1009.000,1785.000,1189.000,248.000,180.000,1537.000,1009.000,1785.000,1189.000,248.000,180.000,1537.000,1009.000,1785.000,1189.000,1661.000,1099.000,248.000,180.000,0,1.000000,25.150000,18.511761,18.912917
1780476055.215612,,,BOARD_3,1,1,1607.000,1026.000,1671.000,1146.000,64.000,120.000,1607.000,1026.000,1671.000,1146.000,64.000,120.000,1607.000,1026.000,1671.000,1146.000,1639.000,1086.000,64.000,120.000,0,1.000000,97.460000,18.411501,18.972500
1780476055.215612,,,BOARD_3,1,2,1602.000,1023.000,1666.000,1143.000,64.000,120.000,1602.000,1023.000,1666.000,1143.000,64.000,120.000,1602.000,1023.000,1666.000,1143.000,1634.000,1083.000,64.000,120.000,0,1.000000,97.460000,18.388715,18.986250
1780476055.813545,,,BOARD_3,1,0,1529.000,1015.000,1777.000,1195.000,248.000,180.000,1529.000,1015.000,1777.000,1195.000,248.000,180.000,1529.000,1015.000,1777.000,1195.000,1653.000,1105.000,248.000,180.000,0,1.000000,25.150000,18.475303,18.885417
1780476055.813545,,,BOARD_3,1,1,1529.000,1017.000,1777.000,1197.000,248.000,180.000,1529.000,1017.000,1777.000,1197.000,248.000,180.000,1529.000,1017.000,1777.000,1197.000,1653.000,1107.000,248.000,180.000,0,1.000000,25.150000,18.475303,18.876250
1780476056.238235,,,BOARD_3,1,0,1522.000,1012.000,1770.000,1192.000,248.000,180.000,1522.000,1012.000,1770.000,1192.000,248.000,180.000,1522.000,1012.000,1770.000,1192.000,1646.000,1102.000,248.000,180.000,0,1.000000,25.150000,18.443402,18.899167
1780476056.238235,,,BOARD_3,1,1,1521.000,1012.000,1769.000,1192.000,248.000,180.000,1521.000,1012.000,1769.000,1192.000,248.000,180.000,1521.000,1012.000,1769.000,1192.000,1645.000,1102.000,248.000,180.000,0,1.000000,25.150000,18.438845,18.899167
1780476056.756658,,,BOARD_3,1,0,1528.000,1021.000,1776.000,1201.000,248.000,180.000,1528.000,1021.000,1776.000,1201.000,248.000,180.000,1528.000,1021.000,1776.000,1201.000,1652.000,1111.000,248.000,180.000,0,1.000000,25.150000,18.470746,18.857917
1780476056.756658,,,BOARD_3,1,1,1529.000,1023.000,1777.000,1203.000,248.000,180.000,1529.000,1023.000,1777.000,1203.000,248.000,180.000,1529.000,1023.000,1777.000,1203.000,1653.000,1113.000,248.000,180.000,0,1.000000,25.150000,18.475303,18.848750
1780476057.207313,,,BOARD_3,1,0,1521.000,1017.000,1769.000,1197.000,248.000,180.000,1521.000,1017.000,1769.000,1197.000,248.000,180.000,1521.000,1017.000,1769.000,1197.000,1645.000,1107.000,248.000,180.000,0,1.000000,25.150000,18.438845,18.876250
1780476057.207313,,,BOARD_3,1,1,1520.000,1017.000,1768.000,1197.000,248.000,180.000,1520.000,1017.000,1768.000,1197.000,248.000,180.000,1520.000,1017.000,1768.000,1197.000,1644.000,1107.000,248.000,180.000,0,1.000000,25.150000,18.434287,18.876250
1780476057.683954,,,BOARD_3,1,0,1607.000,1043.000,1671.000,1163.000,64.000,120.000,1607.000,1043.000,1671.000,1163.000,64.000,120.000,1607.000,1043.000,1671.000,1163.000,1639.000,1103.000,64.000,120.000,0,1.000000,97.460000,18.411501,18.894583
1780476057.928027,,,BOARD_3,1,0,1606.000,1042.000,1670.000,1162.000,64.000,120.000,1606.000,1042.000,1670.000,1162.000,64.000,120.000,1606.000,1042.000,1670.000,1162.000,1638.000,1102.000,64.000,120.000,0,1.000000,97.460000,18.406944,18.899167
1780476057.928027,,,BOARD_3,1,1,1507.000,1021.000,1755.000,1201.000,248.000,180.000,1507.000,1021.000,1755.000,1201.000,248.000,180.000,1507.000,1021.000,1755.000,1201.000,1631.000,1111.000,248.000,180.000,0,1.000000,25.150000,18.375043,18.857917
1780476058.343511,,,BOARD_3,1,0,1505.000,1022.000,1753.000,1202.000,248.000,180.000,1505.000,1022.000,1753.000,1202.000,248.000,180.000,1505.000,1022.000,1753.000,1202.000,1629.000,1112.000,248.000,180.000,0,1.000000,25.150000,18.365928,18.853333
1780476058.343511,,,BOARD_3,1,1,1603.000,1039.000,1667.000,1159.000,64.000,120.000,1603.000,1039.000,1667.000,1159.000,64.000,120.000,1603.000,1039.000,1667.000,1159.000,1635.000,1099.000,64.000,120.000,0,1.000000,97.460000,18.393272,18.912917
1780476058.343511,,,BOARD_3,1,2,1603.000,1036.000,1667.000,1156.000,64.000,120.000,1603.000,1036.000,1667.000,1156.000,64.000,120.000,1603.000,1036.000,1667.000,1156.000,1635.000,1096.000,64.000,120.000,0,1.000000,97.460000,18.393272,18.926667
1780476058.766219,,,BOARD_3,1,0,1603.000,1034.000,1667.000,1154.000,64.000,120.000,1603.000,1034.000,1667.000,1154.000,64.000,120.000,1603.000,1034.000,1667.000,1154.000,1635.000,1094.000,64.000,120.000,0,1.000000,97.460000,18.393272,18.935833
1780476058.766219,,,BOARD_3,1,1,1519.000,1012.000,1767.000,1192.000,248.000,180.000,1519.000,1012.000,1767.000,1192.000,248.000,180.000,1519.000,1012.000,1767.000,1192.000,1643.000,1102.000,248.000,180.000,0,1.000000,25.150000,18.429730,18.899167
1780476058.766219,,,BOARD_3,1,2,1521.000,1011.000,1769.000,1191.000,248.000,180.000,1521.000,1011.000,1769.000,1191.000,248.000,180.000,1521.000,1011.000,1769.000,1191.000,1645.000,1101.000,248.000,180.000,0,1.000000,25.150000,18.438845,18.903750
1780476059.170033,,,BOARD_3,1,0,1522.000,1011.000,1770.000,1191.000,248.000,180.000,1522.000,1011.000,1770.000,1191.000,248.000,180.000,1522.000,1011.000,1770.000,1191.000,1646.000,1101.000,248.000,180.000,0,1.000000,25.150000,18.443402,18.903750
1780476059.170033,,,BOARD_3,1,1,1514.000,1019.000,1762.000,1199.000,248.000,180.000,1514.000,1019.000,1762.000,1199.000,248.000,180.000,1514.000,1019.000,1762.000,1199.000,1638.000,1109.000,248.000,180.000,0,1.000000,25.150000,18.406944,18.867083
1780476059.604505,,,BOARD_3,1,0,1514.000,1020.000,1762.000,1200.000,248.000,180.000,1514.000,1020.000,1762.000,1200.000,248.000,180.000,1514.000,1020.000,1762.000,1200.000,1638.000,1110.000,248.000,180.000,0,1.000000,25.150000,18.406944,18.862500
1780476059.604505,,,BOARD_3,1,1,1522.000,1011.000,1770.000,1191.000,248.000,180.000,1522.000,1011.000,1770.000,1191.000,248.000,180.000,1522.000,1011.000,1770.000,1191.000,1646.000,1101.000,248.000,180.000,0,1.000000,25.150000,18.443402,18.903750
1780476060.272522,,,BOARD_3,1,0,1523.000,1010.000,1771.000,1190.000,248.000,180.000,1523.000,1010.000,1771.000,1190.000,248.000,180.000,1523.000,1010.000,1771.000,1190.000,1647.000,1100.000,248.000,180.000,0,1.000000,25.150000,18.447959,18.908333
1780476060.272522,,,BOARD_3,1,1,1602.000,1029.000,1666.000,1149.000,64.000,120.000,1602.000,1029.000,1666.000,1149.000,64.000,120.000,1602.000,1029.000,1666.000,1149.000,1634.000,1089.000,64.000,120.000,0,1.000000,97.460000,18.388715,18.958750
1780476060.481482,,,BOARD_3,1,0,1599.000,1025.000,1663.000,1145.000,64.000,120.000,1599.000,1025.000,1663.000,1145.000,64.000,120.000,1599.000,1025.000,1663.000,1145.000,1631.000,1085.000,64.000,120.000,0,1.000000,97.460000,18.375043,18.977083
1780476060.782574,,,BOARD_3,1,0,1597.000,1021.000,1661.000,1141.000,64.000,120.000,1597.000,1021.000,1661.000,1141.000,64.000,120.000,1597.000,1021.000,1661.000,1141.000,1629.000,1081.000,64.000,120.000,0,1.000000,97.460000,18.365928,18.995417
1780476060.782574,,,BOARD_3,1,1,1513.000,999.000,1761.000,1179.000,248.000,180.000,1513.000,999.000,1761.000,1179.000,248.000,180.000,1513.000,999.000,1761.000,1179.000,1637.000,1089.000,248.000,180.000,0,1.000000,25.150000,18.402386,18.958750
1780476061.208999,,,BOARD_3,1,0,1512.000,997.000,1760.000,1177.000,248.000,180.000,1512.000,997.000,1760.000,1177.000,248.000,180.000,1512.000,997.000,1760.000,1177.000,1636.000,1087.000,248.000,180.000,0,1.000000,25.150000,18.397829,18.967917
1780476061.208999,,,BOARD_3,1,1,1567.000,1039.000,1699.000,1131.000,132.000,92.000,1567.000,1039.000,1699.000,1131.000,132.000,92.000,1567.000,1039.000,1699.000,1131.000,1633.000,1085.000,132.000,92.000,0,1.000000,47.250000,18.384157,18.977083
1780476061.643601,,,BOARD_3,1,0,1566.000,1037.000,1698.000,1129.000,132.000,92.000,1566.000,1037.000,1698.000,1129.000,132.000,92.000,1566.000,1037.000,1698.000,1129.000,1632.000,1083.000,132.000,92.000,0,1.000000,47.250000,18.379600,18.986250
1780476061.643601,,,BOARD_3,1,1,1517.000,1003.000,1765.000,1183.000,248.000,180.000,1517.000,1003.000,1765.000,1183.000,248.000,180.000,1517.000,1003.000,1765.000,1183.000,1641.000,1093.000,248.000,180.000,0,1.000000,25.150000,18.420616,18.940417
1780476061.901091,,,BOARD_3,1,0,1519.000,1005.000,1767.000,1185.000,248.000,180.000,1519.000,1005.000,1767.000,1185.000,248.000,180.000,1519.000,1005.000,1767.000,1185.000,1643.000,1095.000,248.000,180.000,0,1.000000,25.150000,18.429730,18.931250
1780476062.186026,,,BOARD_3,1,0,1520.000,1006.000,1768.000,1186.000,248.000,180.000,1520.000,1006.000,1768.000,1186.000,248.000,180.000,1520.000,1006.000,1768.000,1186.000,1644.000,1096.000,248.000,180.000,0,1.000000,25.150000,18.434287,18.926667
1780476062.186026,,,BOARD_3,1,1,1512.000,998.000,1760.000,1178.000,248.000,180.000,1512.000,998.000,1760.000,1178.000,248.000,180.000,1512.000,998.000,1760.000,1178.000,1636.000,1088.000,248.000,180.000,0,1.000000,25.150000,18.397829,18.963333
1780476062.586447,,,BOARD_3,1,0,1512.000,998.000,1760.000,1178.000,248.000,180.000,1512.000,998.000,1760.000,1178.000,248.000,180.000,1512.000,998.000,1760.000,1178.000,1636.000,1088.000,248.000,180.000,0,1.000000,25.150000,18.397829,18.963333
1780476062.586447,,,BOARD_3,1,1,1600.000,1016.000,1664.000,1136.000,64.000,120.000,1600.000,1016.000,1664.000,1136.000,64.000,120.000,1600.000,1016.000,1664.000,1136.000,1632.000,1076.000,64.000,120.000,0,1.000000,97.460000,18.379600,19.018333
1780476062.832038,,,BOARD_3,1,0,1599.000,1013.000,1663.000,1133.000,64.000,120.000,1599.000,1013.000,1663.000,1133.000,64.000,120.000,1599.000,1013.000,1663.000,1133.000,1631.000,1073.000,64.000,120.000,0,1.000000,97.460000,18.375043,19.032083
1780476063.106339,,,BOARD_3,1,0,1598.000,1009.000,1662.000,1129.000,64.000,120.000,1598.000,1009.000,1662.000,1129.000,64.000,120.000,1598.000,1009.000,1662.000,1129.000,1630.000,1069.000,64.000,120.000,0,1.000000,97.460000,18.370485,19.050417
1780476063.106339,,,BOARD_3,1,1,1514.000,987.000,1762.000,1167.000,248.000,180.000,1514.000,987.000,1762.000,1167.000,248.000,180.000,1514.000,987.000,1762.000,1167.000,1638.000,1077.000,248.000,180.000,0,1.000000,25.150000,18.406944,19.013750
1780476063.474848,,,BOARD_3,1,0,1514.000,986.000,1762.000,1166.000,248.000,180.000,1514.000,986.000,1762.000,1166.000,248.000,180.000,1514.000,986.000,1762.000,1166.000,1638.000,1076.000,248.000,180.000,0,1.000000,25.150000,18.406944,19.018333
1780476063.474848,,,BOARD_3,1,1,1602.000,1021.000,1666.000,1141.000,64.000,120.000,1602.000,1021.000,1666.000,1141.000,64.000,120.000,1602.000,1021.000,1666.000,1141.000,1634.000,1081.000,64.000,120.000,0,1.000000,97.460000,18.388715,18.995417
1780476063.744866,,,BOARD_3,1,0,1601.000,1021.000,1665.000,1141.000,64.000,120.000,1601.000,1021.000,1665.000,1141.000,64.000,120.000,1601.000,1021.000,1665.000,1141.000,1633.000,1081.000,64.000,120.000,0,1.000000,97.460000,18.384157,18.995417
1780476063.979702,,,BOARD_3,1,0,1600.000,1022.000,1664.000,1142.000,64.000,120.000,1600.000,1022.000,1664.000,1142.000,64.000,120.000,1600.000,1022.000,1664.000,1142.000,1632.000,1082.000,64.000,120.000,0,1.000000,97.460000,18.379600,18.990833
1780476063.979702,,,BOARD_3,1,1,1516.000,1000.000,1764.000,1180.000,248.000,180.000,1516.000,1000.000,1764.000,1180.000,248.000,180.000,1516.000,1000.000,1764.000,1180.000,1640.000,1090.000,248.000,180.000,0,1.000000,25.150000,18.416058,18.954167
1780476064.425628,,,BOARD_3,1,0,1516.000,1001.000,1764.000,1181.000,248.000,180.000,1516.000,1001.000,1764.000,1181.000,248.000,180.000,1516.000,1001.000,1764.000,1181.000,1640.000,1091.000,248.000,180.000,0,1.000000,25.150000,18.416058,18.949583
1780476064.425628,,,BOARD_3,1,1,1524.000,1008.000,1772.000,1188.000,248.000,180.000,1524.000,1008.000,1772.000,1188.000,248.000,180.000,1524.000,1008.000,1772.000,1188.000,1648.000,1098.000,248.000,180.000,0,1.000000,25.150000,18.452517,18.917500
1780476064.665313,,,BOARD_3,1,0,1526.000,1011.000,1774.000,1191.000,248.000,180.000,1526.000,1011.000,1774.000,1191.000,248.000,180.000,1526.000,1011.000,1774.000,1191.000,1650.000,1101.000,248.000,180.000,0,1.000000,25.150000,18.461631,18.903750
1780476064.984329,,,BOARD_3,1,0,1529.000,1014.000,1777.000,1194.000,248.000,180.000,1529.000,1014.000,1777.000,1194.000,248.000,180.000,1529.000,1014.000,1777.000,1194.000,1653.000,1104.000,248.000,180.000,0,1.000000,25.150000,18.475303,18.890000
1780476064.984329,,,BOARD_3,1,1,1521.000,1006.000,1769.000,1186.000,248.000,180.000,1521.000,1006.000,1769.000,1186.000,248.000,180.000,1521.000,1006.000,1769.000,1186.000,1645.000,1096.000,248.000,180.000,0,1.000000,25.150000,18.438845,18.926667
1780476065.201755,,,BOARD_3,1,0,1522.000,1007.000,1770.000,1187.000,248.000,180.000,1522.000,1007.000,1770.000,1187.000,248.000,180.000,1522.000,1007.000,1770.000,1187.000,1646.000,1097.000,248.000,180.000,0,1.000000,25.150000,18.443402,18.922083
1780476065.450737,,,BOARD_3,1,0,1522.000,1008.000,1770.000,1188.000,248.000,180.000,1522.000,1008.000,1770.000,1188.000,248.000,180.000,1522.000,1008.000,1770.000,1188.000,1646.000,1098.000,248.000,180.000,0,1.000000,25.150000,18.443402,18.917500
1780476065.450737,,,BOARD_3,1,1,1602.000,1034.000,1666.000,1154.000,64.000,120.000,1602.000,1034.000,1666.000,1154.000,64.000,120.000,1602.000,1034.000,1666.000,1154.000,1634.000,1094.000,64.000,120.000,0,1.000000,97.460000,18.388715,18.935833
1780476065.450737,,,BOARD_3,1,2,1600.000,1034.000,1664.000,1154.000,64.000,120.000,1600.000,1034.000,1664.000,1154.000,64.000,120.000,1600.000,1034.000,1664.000,1154.000,1632.000,1094.000,64.000,120.000,0,1.000000,97.460000,18.379600,18.935833
1780476065.904406,,,BOARD_3,1,0,1598.000,1034.000,1662.000,1154.000,64.000,120.000,1598.000,1034.000,1662.000,1154.000,64.000,120.000,1598.000,1034.000,1662.000,1154.000,1630.000,1094.000,64.000,120.000,0,1.000000,97.460000,18.370485,18.935833
1780476065.904406,,,BOARD_3,1,1,1602.000,1038.000,1666.000,1158.000,64.000,120.000,1602.000,1038.000,1666.000,1158.000,64.000,120.000,1602.000,1038.000,1666.000,1158.000,1634.000,1098.000,64.000,120.000,0,1.000000,97.460000,18.388715,18.917500
1780476066.301739,,,BOARD_3,1,0,1601.000,1039.000,1665.000,1159.000,64.000,120.000,1601.000,1039.000,1665.000,1159.000,64.000,120.000,1601.000,1039.000,1665.000,1159.000,1633.000,1099.000,64.000,120.000,0,1.000000,97.460000,18.384157,18.912917
1780476066.301739,,,BOARD_3,1,1,1598.000,1042.000,1662.000,1162.000,64.000,120.000,1598.000,1042.000,1662.000,1162.000,64.000,120.000,1598.000,1042.000,1662.000,1162.000,1630.000,1102.000,64.000,120.000,0,1.000000,97.460000,18.370485,18.899167
1780476066.508816,,,BOARD_3,1,0,1597.000,1043.000,1661.000,1163.000,64.000,120.000,1597.000,1043.000,1661.000,1163.000,64.000,120.000,1597.000,1043.000,1661.000,1163.000,1629.000,1103.000,64.000,120.000,0,1.000000,97.460000,18.365928,18.894583
1780476066.791739,,,BOARD_3,1,0,1595.000,1045.000,1659.000,1165.000,64.000,120.000,1595.000,1045.000,1659.000,1165.000,64.000,120.000,1595.000,1045.000,1659.000,1165.000,1627.000,1105.000,64.000,120.000,0,1.000000,97.460000,18.356814,18.885417
1780476066.791739,,,BOARD_3,1,1,1527.000,1023.000,1775.000,1203.000,248.000,180.000,1527.000,1023.000,1775.000,1203.000,248.000,180.000,1527.000,1023.000,1775.000,1203.000,1651.000,1113.000,248.000,180.000,0,1.000000,25.150000,18.466189,18.848750
1780476067.174558,,,BOARD_3,1,0,1529.000,1025.000,1777.000,1205.000,248.000,180.000,1529.000,1025.000,1777.000,1205.000,248.000,180.000,1529.000,1025.000,1777.000,1205.000,1653.000,1115.000,248.000,180.000,0,1.000000,25.150000,18.475303,18.839583
1780476067.174558,,,BOARD_3,1,1,1519.000,1015.000,1767.000,1195.000,248.000,180.000,1519.000,1015.000,1767.000,1195.000,248.000,180.000,1519.000,1015.000,1767.000,1195.000,1643.000,1105.000,248.000,180.000,0,1.000000,25.150000,18.429730,18.885417
1780476067.174558,,,BOARD_3,1,2,1518.000,1014.000,1766.000,1194.000,248.000,180.000,1518.000,1014.000,1766.000,1194.000,248.000,180.000,1518.000,1014.000,1766.000,1194.000,1642.000,1104.000,248.000,180.000,0,1.000000,25.150000,18.425173,18.890000
1780476067.681842,,,BOARD_3,1,0,1525.000,1021.000,1773.000,1201.000,248.000,180.000,1525.000,1021.000,1773.000,1201.000,248.000,180.000,1525.000,1021.000,1773.000,1201.000,1649.000,1111.000,248.000,180.000,0,1.000000,25.150000,18.457074,18.857917
1780476067.943603,,,BOARD_3,1,0,1525.000,1021.000,1773.000,1201.000,248.000,180.000,1525.000,1021.000,1773.000,1201.000,248.000,180.000,1525.000,1021.000,1773.000,1201.000,1649.000,1111.000,248.000,180.000,0,1.000000,25.150000,18.457074,18.857917
1780476067.943603,,,BOARD_3,1,1,1517.000,1013.000,1765.000,1193.000,248.000,180.000,1517.000,1013.000,1765.000,1193.000,248.000,180.000,1517.000,1013.000,1765.000,1193.000,1641.000,1103.000,248.000,180.000,0,1.000000,25.150000,18.420616,18.894583
1780476068.343649,,,BOARD_3,1,0,1516.000,1012.000,1764.000,1192.000,248.000,180.000,1516.000,1012.000,1764.000,1192.000,248.000,180.000,1516.000,1012.000,1764.000,1192.000,1640.000,1102.000,248.000,180.000,0,1.000000,25.150000,18.416058,18.899167
1780476068.343649,,,BOARD_3,1,1,1525.000,1021.000,1773.000,1201.000,248.000,180.000,1525.000,1021.000,1773.000,1201.000,248.000,180.000,1525.000,1021.000,1773.000,1201.000,1649.000,1111.000,248.000,180.000,0,1.000000,25.150000,18.457074,18.857917
1780476068.714114,,,BOARD_3,1,0,1526.000,1022.000,1774.000,1202.000,248.000,180.000,1526.000,1022.000,1774.000,1202.000,248.000,180.000,1526.000,1022.000,1774.000,1202.000,1650.000,1112.000,248.000,180.000,0,1.000000,25.150000,18.461631,18.853333
1780476068.714114,,,BOARD_3,1,1,1517.000,1013.000,1765.000,1193.000,248.000,180.000,1517.000,1013.000,1765.000,1193.000,248.000,180.000,1517.000,1013.000,1765.000,1193.000,1641.000,1103.000,248.000,180.000,0,1.000000,25.150000,18.420616,18.894583
1780476069.162605,,,BOARD_3,1,0,1516.000,1012.000,1764.000,1192.000,248.000,180.000,1516.000,1012.000,1764.000,1192.000,248.000,180.000,1516.000,1012.000,1764.000,1192.000,1640.000,1102.000,248.000,180.000,0,1.000000,25.150000,18.416058,18.899167
1780476069.162605,,,BOARD_3,1,1,1525.000,1021.000,1773.000,1201.000,248.000,180.000,1525.000,1021.000,1773.000,1201.000,248.000,180.000,1525.000,1021.000,1773.000,1201.000,1649.000,1111.000,248.000,180.000,0,1.000000,25.150000,18.457074,18.857917
1780476069.162605,,,BOARD_3,1,2,1527.000,1023.000,1775.000,1203.000,248.000,180.000,1527.000,1023.000,1775.000,1203.000,248.000,180.000,1527.000,1023.000,1775.000,1203.000,1651.000,1113.000,248.000,180.000,0,1.000000,25.150000,18.466189,18.848750
1780476069.683632,,,BOARD_3,1,0,1528.000,1024.000,1776.000,1204.000,248.000,180.000,1528.000,1024.000,1776.000,1204.000,248.000,180.000,1528.000,1024.000,1776.000,1204.000,1652.000,1114.000,248.000,180.000,0,1.000000,25.150000,18.470746,18.844167
1780476069.683632,,,BOARD_3,1,1,1600.000,1050.000,1664.000,1170.000,64.000,120.000,1600.000,1050.000,1664.000,1170.000,64.000,120.000,1600.000,1050.000,1664.000,1170.000,1632.000,1110.000,64.000,120.000,0,1.000000,97.460000,18.379600,18.862500
1780476069.928045,,,BOARD_3,1,0,1598.000,1051.000,1662.000,1171.000,64.000,120.000,1598.000,1051.000,1662.000,1171.000,64.000,120.000,1598.000,1051.000,1662.000,1171.000,1630.000,1111.000,64.000,120.000,0,1.000000,97.460000,18.370485,18.857917
1780476070.361679,,,BOARD_3,1,0,1511.000,1029.000,1759.000,1209.000,248.000,180.000,1511.000,1029.000,1759.000,1209.000,248.000,180.000,1511.000,1029.000,1759.000,1209.000,1635.000,1119.000,248.000,180.000,0,1.000000,25.150000,18.393272,18.821250
1780476070.608684,,,BOARD_3,1,0,1510.000,1031.000,1758.000,1211.000,248.000,180.000,1510.000,1031.000,1758.000,1211.000,248.000,180.000,1510.000,1031.000,1758.000,1211.000,1634.000,1121.000,248.000,180.000,0,1.000000,25.150000,18.388715,18.812083
1780476070.608684,,,BOARD_3,1,1,1503.000,1037.000,1751.000,1217.000,248.000,180.000,1503.000,1037.000,1751.000,1217.000,248.000,180.000,1503.000,1037.000,1751.000,1217.000,1627.000,1127.000,248.000,180.000,0,1.000000,25.150000,18.356814,18.784583
1780476070.814608,,,BOARD_3,1,0,1501.000,1040.000,1749.000,1220.000,248.000,180.000,1501.000,1040.000,1749.000,1220.000,248.000,180.000,1501.000,1040.000,1749.000,1220.000,1625.000,1130.000,248.000,180.000,0,1.000000,25.150000,18.347699,18.770833
1780476071.128143,,,BOARD_3,1,0,1498.000,1043.000,1746.000,1223.000,248.000,180.000,1498.000,1043.000,1746.000,1223.000,248.000,180.000,1498.000,1043.000,1746.000,1223.000,1622.000,1133.000,248.000,180.000,0,1.000000,25.150000,18.334027,18.757083
1780476071.128143,,,BOARD_3,1,1,1594.000,1053.000,1658.000,1173.000,64.000,120.000,1594.000,1053.000,1658.000,1173.000,64.000,120.000,1594.000,1053.000,1658.000,1173.000,1626.000,1113.000,64.000,120.000,0,1.000000,97.460000,18.352256,18.848750
1780476071.359960,,,BOARD_3,1,0,1593.000,1052.000,1657.000,1172.000,64.000,120.000,1593.000,1052.000,1657.000,1172.000,64.000,120.000,1593.000,1052.000,1657.000,1172.000,1625.000,1112.000,64.000,120.000,0,1.000000,97.460000,18.347699,18.853333
1780476071.833551,,,BOARD_3,1,0,1507.000,1028.000,1755.000,1208.000,248.000,180.000,1507.000,1028.000,1755.000,1208.000,248.000,180.000,1507.000,1028.000,1755.000,1208.000,1631.000,1118.000,248.000,180.000,0,1.000000,25.150000,18.375043,18.825833
1780476071.833551,,,BOARD_3,1,1,1507.000,1028.000,1755.000,1208.000,248.000,180.000,1507.000,1028.000,1755.000,1208.000,248.000,180.000,1507.000,1028.000,1755.000,1208.000,1631.000,1118.000,248.000,180.000,0,1.000000,25.150000,18.375043,18.825833
1780476072.396339,,,BOARD_3,1,0,1596.000,1047.000,1660.000,1167.000,64.000,120.000,1596.000,1047.000,1660.000,1167.000,64.000,120.000,1596.000,1047.000,1660.000,1167.000,1628.000,1107.000,64.000,120.000,0,1.000000,97.460000,18.361371,18.876250
1780476072.396339,,,BOARD_3,1,1,1596.000,1045.000,1660.000,1165.000,64.000,120.000,1596.000,1045.000,1660.000,1165.000,64.000,120.000,1596.000,1045.000,1660.000,1165.000,1628.000,1105.000,64.000,120.000,0,1.000000,97.460000,18.361371,18.885417
1780476072.783793,,,BOARD_3,1,0,1595.000,1043.000,1659.000,1163.000,64.000,120.000,1595.000,1043.000,1659.000,1163.000,64.000,120.000,1595.000,1043.000,1659.000,1163.000,1627.000,1103.000,64.000,120.000,0,1.000000,97.460000,18.356814,18.894583
1780476072.783793,,,BOARD_3,1,1,1511.000,1021.000,1759.000,1201.000,248.000,180.000,1511.000,1021.000,1759.000,1201.000,248.000,180.000,1511.000,1021.000,1759.000,1201.000,1635.000,1111.000,248.000,180.000,0,1.000000,25.150000,18.393272,18.857917
1780476072.783793,,,BOARD_3,1,2,1512.000,1021.000,1760.000,1201.000,248.000,180.000,1512.000,1021.000,1760.000,1201.000,248.000,180.000,1512.000,1021.000,1760.000,1201.000,1636.000,1111.000,248.000,180.000,0,1.000000,25.150000,18.397829,18.857917
1780476073.145536,,,BOARD_3,1,0,1513.000,1021.000,1761.000,1201.000,248.000,180.000,1513.000,1021.000,1761.000,1201.000,248.000,180.000,1513.000,1021.000,1761.000,1201.000,1637.000,1111.000,248.000,180.000,0,1.000000,25.150000,18.402386,18.857917
1780476073.145536,,,BOARD_3,1,1,1505.000,1013.000,1753.000,1193.000,248.000,180.000,1505.000,1013.000,1753.000,1193.000,248.000,180.000,1505.000,1013.000,1753.000,1193.000,1629.000,1103.000,248.000,180.000,0,1.000000,25.150000,18.365928,18.894583
1780476073.389194,,,BOARD_3,1,0,1504.000,1011.000,1752.000,1191.000,248.000,180.000,1504.000,1011.000,1752.000,1191.000,248.000,180.000,1504.000,1011.000,1752.000,1191.000,1628.000,1101.000,248.000,180.000,0,1.000000,25.150000,18.361371,18.903750
1780476073.622356,,,BOARD_3,1,0,1504.000,1010.000,1752.000,1190.000,248.000,180.000,1504.000,1010.000,1752.000,1190.000,248.000,180.000,1504.000,1010.000,1752.000,1190.000,1628.000,1100.000,248.000,180.000,0,1.000000,25.150000,18.361371,18.908333
1780476073.622356,,,BOARD_3,1,1,1512.000,1018.000,1760.000,1198.000,248.000,180.000,1512.000,1018.000,1760.000,1198.000,248.000,180.000,1512.000,1018.000,1760.000,1198.000,1636.000,1108.000,248.000,180.000,0,1.000000,25.150000,18.397829,18.871667
1780476073.848705,,,BOARD_3,1,0,1513.000,1018.000,1761.000,1198.000,248.000,180.000,1513.000,1018.000,1761.000,1198.000,248.000,180.000,1513.000,1018.000,1761.000,1198.000,1637.000,1108.000,248.000,180.000,0,1.000000,25.150000,18.402386,18.871667
1780476073.848705,,,BOARD_3,1,1,1514.000,1018.000,1762.000,1198.000,248.000,180.000,1514.000,1018.000,1762.000,1198.000,248.000,180.000,1514.000,1018.000,1762.000,1198.000,1638.000,1108.000,248.000,180.000,0,1.000000,25.150000,18.406944,18.871667
1780476074.340980,,,BOARD_3,1,0,1522.000,1010.000,1770.000,1190.000,248.000,180.000,1522.000,1010.000,1770.000,1190.000,248.000,180.000,1522.000,1010.000,1770.000,1190.000,1646.000,1100.000,248.000,180.000,0,1.000000,25.150000,18.443402,18.908333
1780476074.847769,,,BOARD_3,1,0,1524.000,1009.000,1772.000,1189.000,248.000,180.000,1524.000,1009.000,1772.000,1189.000,248.000,180.000,1524.000,1009.000,1772.000,1189.000,1648.000,1099.000,248.000,180.000,0,1.000000,25.150000,18.452517,18.912917
1780476075.067915,,,BOARD_3,1,0,1514.000,1018.000,1762.000,1198.000,248.000,180.000,1514.000,1018.000,1762.000,1198.000,248.000,180.000,1514.000,1018.000,1762.000,1198.000,1638.000,1108.000,248.000,180.000,0,1.000000,25.150000,18.406944,18.871667
1780476075.311616,,,BOARD_3,1,0,1513.000,1019.000,1761.000,1199.000,248.000,180.000,1513.000,1019.000,1761.000,1199.000,248.000,180.000,1513.000,1019.000,1761.000,1199.000,1637.000,1109.000,248.000,180.000,0,1.000000,25.150000,18.402386,18.867083
1780476075.311616,,,BOARD_3,1,1,1506.000,1010.000,1754.000,1190.000,248.000,180.000,1506.000,1010.000,1754.000,1190.000,248.000,180.000,1506.000,1010.000,1754.000,1190.000,1630.000,1100.000,248.000,180.000,0,1.000000,25.150000,18.370485,18.908333
1780476075.577147,,,BOARD_3,1,0,1504.000,1008.000,1752.000,1188.000,248.000,180.000,1504.000,1008.000,1752.000,1188.000,248.000,180.000,1504.000,1008.000,1752.000,1188.000,1628.000,1098.000,248.000,180.000,0,1.000000,25.150000,18.361371,18.917500
1780476075.899524,,,BOARD_3,1,0,1501.000,1007.000,1749.000,1187.000,248.000,180.000,1501.000,1007.000,1749.000,1187.000,248.000,180.000,1501.000,1007.000,1749.000,1187.000,1625.000,1097.000,248.000,180.000,0,1.000000,25.150000,18.347699,18.922083
1780476075.899524,,,BOARD_3,1,1,1597.000,1033.000,1661.000,1153.000,64.000,120.000,1597.000,1033.000,1661.000,1153.000,64.000,120.000,1597.000,1033.000,1661.000,1153.000,1629.000,1093.000,64.000,120.000,0,1.000000,97.460000,18.365928,18.940417
1780476076.342431,,,BOARD_3,1,0,1596.000,1031.000,1660.000,1151.000,64.000,120.000,1596.000,1031.000,1660.000,1151.000,64.000,120.000,1596.000,1031.000,1660.000,1151.000,1628.000,1091.000,64.000,120.000,0,1.000000,97.460000,18.361371,18.949583
1780476076.342431,,,BOARD_3,1,1,1601.000,1037.000,1665.000,1157.000,64.000,120.000,1601.000,1037.000,1665.000,1157.000,64.000,120.000,1601.000,1037.000,1665.000,1157.000,1633.000,1097.000,64.000,120.000,0,1.000000,97.460000,18.384157,18.922083
1780476076.730519,,,BOARD_3,1,0,1601.000,1037.000,1665.000,1157.000,64.000,120.000,1601.000,1037.000,1665.000,1157.000,64.000,120.000,1601.000,1037.000,1665.000,1157.000,1633.000,1097.000,64.000,120.000,0,1.000000,97.460000,18.384157,18.922083
1780476076.730519,,,BOARD_3,1,1,1517.000,1015.000,1765.000,1195.000,248.000,180.000,1517.000,1015.000,1765.000,1195.000,248.000,180.000,1517.000,1015.000,1765.000,1195.000,1641.000,1105.000,248.000,180.000,0,1.000000,25.150000,18.420616,18.885417
1780476077.126215,,,BOARD_3,1,0,1519.000,1016.000,1767.000,1196.000,248.000,180.000,1519.000,1016.000,1767.000,1196.000,248.000,180.000,1519.000,1016.000,1767.000,1196.000,1643.000,1106.000,248.000,180.000,0,1.000000,25.150000,18.429730,18.880833
1780476077.126215,,,BOARD_3,1,1,1509.000,1007.000,1757.000,1187.000,248.000,180.000,1509.000,1007.000,1757.000,1187.000,248.000,180.000,1509.000,1007.000,1757.000,1187.000,1633.000,1097.000,248.000,180.000,0,1.000000,25.150000,18.384157,18.922083
1780476077.543429,,,BOARD_3,1,0,1508.000,1006.000,1756.000,1186.000,248.000,180.000,1508.000,1006.000,1756.000,1186.000,248.000,180.000,1508.000,1006.000,1756.000,1186.000,1632.000,1096.000,248.000,180.000,0,1.000000,25.150000,18.379600,18.926667
1780476077.543429,,,BOARD_3,1,1,1517.000,1015.000,1765.000,1195.000,248.000,180.000,1517.000,1015.000,1765.000,1195.000,248.000,180.000,1517.000,1015.000,1765.000,1195.000,1641.000,1105.000,248.000,180.000,0,1.000000,25.150000,18.420616,18.885417
1780476077.767257,,,BOARD_3,1,0,1519.000,1017.000,1767.000,1197.000,248.000,180.000,1519.000,1017.000,1767.000,1197.000,248.000,180.000,1519.000,1017.000,1767.000,1197.000,1643.000,1107.000,248.000,180.000,0,1.000000,25.150000,18.429730,18.876250
1780476078.030335,,,BOARD_3,1,0,1521.000,1019.000,1769.000,1199.000,248.000,180.000,1521.000,1019.000,1769.000,1199.000,248.000,180.000,1521.000,1019.000,1769.000,1199.000,1645.000,1109.000,248.000,180.000,0,1.000000,25.150000,18.438845,18.867083
1780476078.030335,,,BOARD_3,1,1,1601.000,1037.000,1665.000,1157.000,64.000,120.000,1601.000,1037.000,1665.000,1157.000,64.000,120.000,1601.000,1037.000,1665.000,1157.000,1633.000,1097.000,64.000,120.000,0,1.000000,97.460000,18.384157,18.922083
1780476078.248833,,,BOARD_3,1,0,1600.000,1036.000,1664.000,1156.000,64.000,120.000,1600.000,1036.000,1664.000,1156.000,64.000,120.000,1600.000,1036.000,1664.000,1156.000,1632.000,1096.000,64.000,120.000,0,1.000000,97.460000,18.379600,18.926667
1780476078.516019,,,BOARD_3,1,0,1600.000,1036.000,1664.000,1156.000,64.000,120.000,1600.000,1036.000,1664.000,1156.000,64.000,120.000,1600.000,1036.000,1664.000,1156.000,1632.000,1096.000,64.000,120.000,0,1.000000,97.460000,18.379600,18.926667
1780476078.516019,,,BOARD_3,1,1,1604.000,1040.000,1668.000,1160.000,64.000,120.000,1604.000,1040.000,1668.000,1160.000,64.000,120.000,1604.000,1040.000,1668.000,1160.000,1636.000,1100.000,64.000,120.000,0,1.000000,97.460000,18.397829,18.908333
1780476078.738585,,,BOARD_3,1,0,1604.000,1040.000,1668.000,1160.000,64.000,120.000,1604.000,1040.000,1668.000,1160.000,64.000,120.000,1604.000,1040.000,1668.000,1160.000,1636.000,1100.000,64.000,120.000,0,1.000000,97.460000,18.397829,18.908333
1780476079.007626,,,BOARD_3,1,0,1605.000,1041.000,1669.000,1161.000,64.000,120.000,1605.000,1041.000,1669.000,1161.000,64.000,120.000,1605.000,1041.000,1669.000,1161.000,1637.000,1101.000,64.000,120.000,0,1.000000,97.460000,18.402386,18.903750
1780476079.007626,,,BOARD_3,1,1,1601.000,1037.000,1665.000,1157.000,64.000,120.000,1601.000,1037.000,1665.000,1157.000,64.000,120.000,1601.000,1037.000,1665.000,1157.000,1633.000,1097.000,64.000,120.000,0,1.000000,97.460000,18.384157,18.922083
1780476079.490526,,,BOARD_3,1,0,1601.000,1037.000,1665.000,1157.000,64.000,120.000,1601.000,1037.000,1665.000,1157.000,64.000,120.000,1601.000,1037.000,1665.000,1157.000,1633.000,1097.000,64.000,120.000,0,1.000000,97.460000,18.384157,18.922083
1780476079.490526,,,BOARD_3,1,1,1597.000,1041.000,1661.000,1161.000,64.000,120.000,1597.000,1041.000,1661.000,1161.000,64.000,120.000,1597.000,1041.000,1661.000,1161.000,1629.000,1101.000,64.000,120.000,0,1.000000,97.460000,18.365928,18.903750
1780476079.490526,,,BOARD_3,1,2,1596.000,1042.000,1660.000,1162.000,64.000,120.000,1596.000,1042.000,1660.000,1162.000,64.000,120.000,1596.000,1042.000,1660.000,1162.000,1628.000,1102.000,64.000,120.000,0,1.000000,97.460000,18.361371,18.899167
1780476079.863329,,,BOARD_3,1,0,1595.000,1043.000,1659.000,1163.000,64.000,120.000,1595.000,1043.000,1659.000,1163.000,64.000,120.000,1595.000,1043.000,1659.000,1163.000,1627.000,1103.000,64.000,120.000,0,1.000000,97.460000,18.356814,18.894583
1780476079.863329,,,BOARD_3,1,1,1599.000,1039.000,1663.000,1159.000,64.000,120.000,1599.000,1039.000,1663.000,1159.000,64.000,120.000,1599.000,1039.000,1663.000,1159.000,1631.000,1099.000,64.000,120.000,0,1.000000,97.460000,18.375043,18.912917
1780476080.238226,,,BOARD_3,1,0,1599.000,1039.000,1663.000,1159.000,64.000,120.000,1599.000,1039.000,1663.000,1159.000,64.000,120.000,1599.000,1039.000,1663.000,1159.000,1631.000,1099.000,64.000,120.000,0,1.000000,97.460000,18.375043,18.912917
1780476080.238226,,,BOARD_3,1,1,1515.000,1017.000,1763.000,1197.000,248.000,180.000,1515.000,1017.000,1763.000,1197.000,248.000,180.000,1515.000,1017.000,1763.000,1197.000,1639.000,1107.000,248.000,180.000,0,1.000000,25.150000,18.411501,18.876250
1780476080.238226,,,BOARD_3,1,2,1517.000,1019.000,1765.000,1199.000,248.000,180.000,1517.000,1019.000,1765.000,1199.000,248.000,180.000,1517.000,1019.000,1765.000,1199.000,1641.000,1109.000,248.000,180.000,0,1.000000,25.150000,18.420616,18.867083
1780476080.625917,,,BOARD_3,1,0,1519.000,1022.000,1767.000,1202.000,248.000,180.000,1519.000,1022.000,1767.000,1202.000,248.000,180.000,1519.000,1022.000,1767.000,1202.000,1643.000,1112.000,248.000,180.000,0,1.000000,25.150000,18.429730,18.853333
1780476080.625917,,,BOARD_3,1,1,1599.000,1040.000,1663.000,1160.000,64.000,120.000,1599.000,1040.000,1663.000,1160.000,64.000,120.000,1599.000,1040.000,1663.000,1160.000,1631.000,1100.000,64.000,120.000,0,1.000000,97.460000,18.375043,18.908333
1780476081.063270,,,BOARD_3,1,0,1599.000,1040.000,1663.000,1160.000,64.000,120.000,1599.000,1040.000,1663.000,1160.000,64.000,120.000,1599.000,1040.000,1663.000,1160.000,1631.000,1100.000,64.000,120.000,0,1.000000,97.460000,18.375043,18.908333
1780476081.063270,,,BOARD_3,1,1,1595.000,1036.000,1659.000,1156.000,64.000,120.000,1595.000,1036.000,1659.000,1156.000,64.000,120.000,1595.000,1036.000,1659.000,1156.000,1627.000,1096.000,64.000,120.000,0,1.000000,97.460000,18.356814,18.926667
1780476081.504846,,,BOARD_3,1,0,1594.000,1035.000,1658.000,1155.000,64.000,120.000,1594.000,1035.000,1658.000,1155.000,64.000,120.000,1594.000,1035.000,1658.000,1155.000,1626.000,1095.000,64.000,120.000,0,1.000000,97.460000,18.352256,18.931250
1780476081.504846,,,BOARD_3,1,1,1511.000,1014.000,1759.000,1194.000,248.000,180.000,1511.000,1014.000,1759.000,1194.000,248.000,180.000,1511.000,1014.000,1759.000,1194.000,1635.000,1104.000,248.000,180.000,0,1.000000,25.150000,18.393272,18.890000
1780476081.504846,,,BOARD_3,1,2,1513.000,1016.000,1761.000,1196.000,248.000,180.000,1513.000,1016.000,1761.000,1196.000,248.000,180.000,1513.000,1016.000,1761.000,1196.000,1637.000,1106.000,248.000,180.000,0,1.000000,25.150000,18.402386,18.880833
1780476081.925025,,,BOARD_3,1,0,1515.000,1018.000,1763.000,1198.000,248.000,180.000,1515.000,1018.000,1763.000,1198.000,248.000,180.000,1515.000,1018.000,1763.000,1198.000,1639.000,1108.000,248.000,180.000,0,1.000000,25.150000,18.411501,18.871667
1780476081.925025,,,BOARD_3,1,1,1507.000,1010.000,1755.000,1190.000,248.000,180.000,1507.000,1010.000,1755.000,1190.000,248.000,180.000,1507.000,1010.000,1755.000,1190.000,1631.000,1100.000,248.000,180.000,0,1.000000,25.150000,18.375043,18.908333
1780476082.140865,,,BOARD_3,1,0,1507.000,1010.000,1755.000,1190.000,248.000,180.000,1507.000,1010.000,1755.000,1190.000,248.000,180.000,1507.000,1010.000,1755.000,1190.000,1631.000,1100.000,248.000,180.000,0,1.000000,25.150000,18.375043,18.908333
1780476082.469563,,,BOARD_3,1,0,1507.000,1010.000,1755.000,1190.000,248.000,180.000,1507.000,1010.000,1755.000,1190.000,248.000,180.000,1507.000,1010.000,1755.000,1190.000,1631.000,1100.000,248.000,180.000,0,1.000000,25.150000,18.375043,18.908333
1780476090.149086,,,BOARD_3,1,0,2091.000,1896.000,2155.000,2016.000,64.000,120.000,2091.000,1896.000,2155.000,2016.000,64.000,120.000,2091.000,1896.000,2155.000,2016.000,2123.000,1956.000,64.000,120.000,0,1.000000,97.460000,20.617230,14.985000
1780476090.761173,,,BOARD_3,1,0,1978.000,1822.000,2226.000,2002.000,248.000,180.000,1978.000,1822.000,2226.000,2002.000,248.000,180.000,1978.000,1822.000,2226.000,2002.000,2102.000,1912.000,248.000,180.000,0,1.000000,25.150000,20.521527,15.186667
1780476091.077624,,,BOARD_3,1,0,1970.000,1806.000,2218.000,1986.000,248.000,180.000,1970.000,1806.000,2218.000,1986.000,248.000,180.000,1970.000,1806.000,2218.000,1986.000,2094.000,1896.000,248.000,180.000,0,1.000000,25.150000,20.485069,15.260000
1780476091.077624,,,BOARD_3,1,1,1965.000,1797.000,2213.000,1977.000,248.000,180.000,1965.000,1797.000,2213.000,1977.000,248.000,180.000,1965.000,1797.000,2213.000,1977.000,2089.000,1887.000,248.000,180.000,0,1.000000,25.150000,20.462282,15.301250
1780476091.528282,,,BOARD_3,1,0,2014.000,1838.000,2146.000,1929.000,132.000,91.000,2014.000,1838.000,2146.000,1929.000,132.000,91.000,2014.000,1838.000,2146.000,1929.000,2080.000,1883.500,132.000,91.000,0,1.000000,47.250000,20.421267,15.317292
1780476091.999654,,,BOARD_3,1,0,2002.000,1822.000,2134.000,1914.000,132.000,92.000,2002.000,1822.000,2134.000,1914.000,132.000,92.000,2002.000,1822.000,2134.000,1914.000,2068.000,1868.000,132.000,92.000,0,1.000000,47.250000,20.366579,15.388333
1780476091.999654,,,BOARD_3,1,1,1997.000,1815.000,2129.000,1907.000,132.000,92.000,1997.000,1815.000,2129.000,1907.000,132.000,92.000,1997.000,1815.000,2129.000,1907.000,2063.000,1861.000,132.000,92.000,0,1.000000,47.250000,20.343793,15.420417
1780476092.473975,,,BOARD_3,1,0,1996.000,1806.000,2128.000,1898.000,132.000,92.000,1996.000,1806.000,2128.000,1898.000,132.000,92.000,1996.000,1806.000,2128.000,1898.000,2062.000,1852.000,132.000,92.000,0,1.000000,47.250000,20.339235,15.461667
1780476092.473975,,,BOARD_3,1,1,1993.000,1800.000,2125.000,1892.000,132.000,92.000,1993.000,1800.000,2125.000,1892.000,132.000,92.000,1993.000,1800.000,2125.000,1892.000,2059.000,1846.000,132.000,92.000,0,1.000000,47.250000,20.325564,15.489167
1780476092.885103,,,BOARD_3,1,0,2011.000,1760.000,2075.000,1879.000,64.000,119.000,2011.000,1760.000,2075.000,1879.000,64.000,119.000,2011.000,1760.000,2075.000,1879.000,2043.000,1819.500,64.000,119.000,0,1.000000,97.460000,20.252647,15.610625
1780476092.885103,,,BOARD_3,1,1,2006.000,1751.000,2070.000,1870.000,64.000,119.000,2006.000,1751.000,2070.000,1870.000,64.000,119.000,2006.000,1751.000,2070.000,1870.000,2038.000,1810.500,64.000,119.000,0,1.000000,97.460000,20.229860,15.651875
1780476093.340946,,,BOARD_3,1,0,1997.000,1730.000,2061.000,1850.000,64.000,120.000,1997.000,1730.000,2061.000,1850.000,64.000,120.000,1997.000,1730.000,2061.000,1850.000,2029.000,1790.000,64.000,120.000,0,1.000000,97.460000,20.188845,15.745833
1780476093.340946,,,BOARD_3,1,1,1992.000,1721.000,2056.000,1841.000,64.000,120.000,1992.000,1721.000,2056.000,1841.000,64.000,120.000,1992.000,1721.000,2056.000,1841.000,2024.000,1781.000,64.000,120.000,0,1.000000,97.460000,20.166058,15.787083
1780476093.951685,,,BOARD_3,1,0,1991.000,1715.000,2055.000,1835.000,64.000,120.000,1991.000,1715.000,2055.000,1835.000,64.000,120.000,1991.000,1715.000,2055.000,1835.000,2023.000,1775.000,64.000,120.000,0,1.000000,97.460000,20.161501,15.814583
1780476094.365367,,,BOARD_3,1,0,1987.000,1703.000,2051.000,1823.000,64.000,120.000,1987.000,1703.000,2051.000,1823.000,64.000,120.000,1987.000,1703.000,2051.000,1823.000,2019.000,1763.000,64.000,120.000,0,1.000000,97.460000,20.143272,15.869583
1780476094.365367,,,BOARD_3,1,1,1985.000,1697.000,2049.000,1817.000,64.000,120.000,1985.000,1697.000,2049.000,1817.000,64.000,120.000,1985.000,1697.000,2049.000,1817.000,2017.000,1757.000,64.000,120.000,0,1.000000,97.460000,20.134157,15.897083
1780476094.810303,,,BOARD_3,1,0,1982.000,1691.000,2046.000,1811.000,64.000,120.000,1982.000,1691.000,2046.000,1811.000,64.000,120.000,1982.000,1691.000,2046.000,1811.000,2014.000,1751.000,64.000,120.000,0,1.000000,97.460000,20.120485,15.924583
1780476094.810303,,,BOARD_3,1,1,1952.000,1717.000,2084.000,1809.000,132.000,92.000,1952.000,1717.000,2084.000,1809.000,132.000,92.000,1952.000,1717.000,2084.000,1809.000,2018.000,1763.000,132.000,92.000,0,1.000000,47.250000,20.138715,15.869583
1780476094.810303,,,BOARD_3,1,2,1951.000,1714.000,2083.000,1806.000,132.000,92.000,1951.000,1714.000,2083.000,1806.000,132.000,92.000,1951.000,1714.000,2083.000,1806.000,2017.000,1760.000,132.000,92.000,0,1.000000,47.250000,20.134157,15.883333
1780476095.249163,,,BOARD_3,1,0,1949.000,1711.000,2081.000,1803.000,132.000,92.000,1949.000,1711.000,2081.000,1803.000,132.000,92.000,1949.000,1711.000,2081.000,1803.000,2015.000,1757.000,132.000,92.000,0,1.000000,47.250000,20.125043,15.897083
1780476095.249163,,,BOARD_3,1,1,1953.000,1715.000,2085.000,1806.000,132.000,91.000,1953.000,1715.000,2085.000,1806.000,132.000,91.000,1953.000,1715.000,2085.000,1806.000,2019.000,1760.500,132.000,91.000,0,1.000000,47.250000,20.143272,15.881042
1780476095.249163,,,BOARD_3,1,2,1953.000,1713.000,2085.000,1804.000,132.000,91.000,1953.000,1713.000,2085.000,1804.000,132.000,91.000,1953.000,1713.000,2085.000,1804.000,2019.000,1758.500,132.000,91.000,0,1.000000,47.250000,20.143272,15.890208
1780476095.668764,,,BOARD_3,1,0,1952.000,1712.000,2084.000,1803.000,132.000,91.000,1952.000,1712.000,2084.000,1803.000,132.000,91.000,1952.000,1712.000,2084.000,1803.000,2018.000,1757.500,132.000,91.000,0,1.000000,47.250000,20.138715,15.894792
1780476095.898523,,,BOARD_3,1,0,2002.000,1736.000,2042.000,1787.000,40.000,51.000,2002.000,1736.000,2042.000,1787.000,40.000,51.000,2002.000,1736.000,2042.000,1787.000,2022.000,1761.500,40.000,51.000,0,1.000000,155.930000,20.156944,15.876458
1780476096.129588,,,BOARD_3,1,0,2002.000,1735.000,2042.000,1786.000,40.000,51.000,2002.000,1735.000,2042.000,1786.000,40.000,51.000,2002.000,1735.000,2042.000,1786.000,2022.000,1760.500,40.000,51.000,0,1.000000,155.930000,20.156944,15.881042
1780476096.129588,,,BOARD_3,1,1,1960.000,1720.000,2092.000,1811.000,132.000,91.000,1960.000,1720.000,2092.000,1811.000,132.000,91.000,1960.000,1720.000,2092.000,1811.000,2026.000,1765.500,132.000,91.000,0,1.000000,47.250000,20.175173,15.858125
1780476096.368136,,,BOARD_3,1,0,1961.000,1721.000,2093.000,1812.000,132.000,91.000,1961.000,1721.000,2093.000,1812.000,132.000,91.000,1961.000,1721.000,2093.000,1812.000,2027.000,1766.500,132.000,91.000,0,1.000000,47.250000,20.179730,15.853542
1780476096.594466,,,BOARD_3,1,0,1962.000,1722.000,2094.000,1813.000,132.000,91.000,1962.000,1722.000,2094.000,1813.000,132.000,91.000,1962.000,1722.000,2094.000,1813.000,2028.000,1767.500,132.000,91.000,0,1.000000,47.250000,20.184287,15.848958
1780476096.594466,,,BOARD_3,1,1,1958.000,1726.000,2090.000,1817.000,132.000,91.000,1958.000,1726.000,2090.000,1817.000,132.000,91.000,1958.000,1726.000,2090.000,1817.000,2024.000,1771.500,132.000,91.000,0,1.000000,47.250000,20.166058,15.830625
1780476096.977167,,,BOARD_3,1,0,1958.000,1727.000,2090.000,1818.000,132.000,91.000,1958.000,1727.000,2090.000,1818.000,132.000,91.000,1958.000,1727.000,2090.000,1818.000,2024.000,1772.500,132.000,91.000,0,1.000000,47.250000,20.166058,15.826042
1780476096.977167,,,BOARD_3,1,1,1970.000,1730.000,2102.000,1821.000,132.000,91.000,1970.000,1730.000,2102.000,1821.000,132.000,91.000,1970.000,1730.000,2102.000,1821.000,2036.000,1775.500,132.000,91.000,0,1.000000,47.250000,20.220746,15.812292
1780476096.977167,,,BOARD_3,1,2,1973.000,1732.000,2105.000,1823.000,132.000,91.000,1973.000,1732.000,2105.000,1823.000,132.000,91.000,1973.000,1732.000,2105.000,1823.000,2039.000,1777.500,132.000,91.000,0,1.000000,47.250000,20.234418,15.803125
1780476097.396638,,,BOARD_3,1,0,1977.000,1733.000,2109.000,1824.000,132.000,91.000,1977.000,1733.000,2109.000,1824.000,132.000,91.000,1977.000,1733.000,2109.000,1824.000,2043.000,1778.500,132.000,91.000,0,1.000000,47.250000,20.252647,15.798542
1780476097.396638,,,BOARD_3,1,1,2007.000,1722.000,2071.000,1842.000,64.000,120.000,2007.000,1722.000,2071.000,1842.000,64.000,120.000,2007.000,1722.000,2071.000,1842.000,2039.000,1782.000,64.000,120.000,0,1.000000,97.460000,20.234418,15.782500
1780476097.759390,,,BOARD_3,1,0,2009.000,1724.000,2073.000,1844.000,64.000,120.000,2009.000,1724.000,2073.000,1844.000,64.000,120.000,2009.000,1724.000,2073.000,1844.000,2041.000,1784.000,64.000,120.000,0,1.000000,97.460000,20.243532,15.773333
1780476097.759390,,,BOARD_3,1,1,1985.000,1748.000,2117.000,1839.000,132.000,91.000,1985.000,1748.000,2117.000,1839.000,132.000,91.000,1985.000,1748.000,2117.000,1839.000,2051.000,1793.500,132.000,91.000,0,1.000000,47.250000,20.289105,15.729792
1780476098.197504,,,BOARD_3,1,0,1988.000,1751.000,2120.000,1842.000,132.000,91.000,1988.000,1751.000,2120.000,1842.000,132.000,91.000,1988.000,1751.000,2120.000,1842.000,2054.000,1796.500,132.000,91.000,0,1.000000,47.250000,20.302777,15.716042
1780476098.197504,,,BOARD_3,1,1,1989.000,1752.000,2121.000,1843.000,132.000,91.000,1989.000,1752.000,2121.000,1843.000,132.000,91.000,1989.000,1752.000,2121.000,1843.000,2055.000,1797.500,132.000,91.000,0,1.000000,47.250000,20.307334,15.711458
1780476098.436313,,,BOARD_3,1,0,1991.000,1754.000,2123.000,1845.000,132.000,91.000,1991.000,1754.000,2123.000,1845.000,132.000,91.000,1991.000,1754.000,2123.000,1845.000,2057.000,1799.500,132.000,91.000,0,1.000000,47.250000,20.316449,15.702292
1780476098.711218,,,BOARD_3,1,0,1994.000,1757.000,2126.000,1848.000,132.000,91.000,1994.000,1757.000,2126.000,1848.000,132.000,91.000,1994.000,1757.000,2126.000,1848.000,2060.000,1802.500,132.000,91.000,0,1.000000,47.250000,20.330121,15.688542
1780476098.711218,,,BOARD_3,1,1,1990.000,1752.000,2122.000,1843.000,132.000,91.000,1990.000,1752.000,2122.000,1843.000,132.000,91.000,1990.000,1752.000,2122.000,1843.000,2056.000,1797.500,132.000,91.000,0,1.000000,47.250000,20.311892,15.711458
1780476098.937743,,,BOARD_3,1,0,1991.000,1753.000,2123.000,1844.000,132.000,91.000,1991.000,1753.000,2123.000,1844.000,132.000,91.000,1991.000,1753.000,2123.000,1844.000,2057.000,1798.500,132.000,91.000,0,1.000000,47.250000,20.316449,15.706875
1780476098.937743,,,BOARD_3,1,1,1993.000,1754.000,2125.000,1845.000,132.000,91.000,1993.000,1754.000,2125.000,1845.000,132.000,91.000,1993.000,1754.000,2125.000,1845.000,2059.000,1799.500,132.000,91.000,0,1.000000,47.250000,20.325564,15.702292
1780476099.260603,,,BOARD_3,1,0,1997.000,1758.000,2129.000,1849.000,132.000,91.000,1997.000,1758.000,2129.000,1849.000,132.000,91.000,1997.000,1758.000,2129.000,1849.000,2063.000,1803.500,132.000,91.000,0,1.000000,47.250000,20.343793,15.683958
1780476099.260603,,,BOARD_3,1,1,1999.000,1760.000,2131.000,1851.000,132.000,91.000,1999.000,1760.000,2131.000,1851.000,132.000,91.000,1999.000,1760.000,2131.000,1851.000,2065.000,1805.500,132.000,91.000,0,1.000000,47.250000,20.352907,15.674792
1780476099.669264,,,BOARD_3,1,0,2001.000,1761.000,2133.000,1852.000,132.000,91.000,2001.000,1761.000,2133.000,1852.000,132.000,91.000,2001.000,1761.000,2133.000,1852.000,2067.000,1806.500,132.000,91.000,0,1.000000,47.250000,20.362022,15.670208
1780476099.669264,,,BOARD_3,1,1,1997.000,1764.000,2129.000,1855.000,132.000,91.000,1997.000,1764.000,2129.000,1855.000,132.000,91.000,1997.000,1764.000,2129.000,1855.000,2063.000,1809.500,132.000,91.000,0,1.000000,47.250000,20.343793,15.656458
1780476099.669264,,,BOARD_3,1,2,1998.000,1766.000,2130.000,1857.000,132.000,91.000,1998.000,1766.000,2130.000,1857.000,132.000,91.000,1998.000,1766.000,2130.000,1857.000,2064.000,1811.500,132.000,91.000,0,1.000000,47.250000,20.348350,15.647292
1780476100.084698,,,BOARD_3,1,0,1999.000,1768.000,2131.000,1859.000,132.000,91.000,1999.000,1768.000,2131.000,1859.000,132.000,91.000,1999.000,1768.000,2131.000,1859.000,2065.000,1813.500,132.000,91.000,0,1.000000,47.250000,20.352907,15.638125
1780476100.084698,,,BOARD_3,1,1,1995.000,1764.000,2127.000,1855.000,132.000,91.000,1995.000,1764.000,2127.000,1855.000,132.000,91.000,1995.000,1764.000,2127.000,1855.000,2061.000,1809.500,132.000,91.000,0,1.000000,47.250000,20.334678,15.656458
1780476100.333924,,,BOARD_3,1,0,1995.000,1765.000,2127.000,1856.000,132.000,91.000,1995.000,1765.000,2127.000,1856.000,132.000,91.000,1995.000,1765.000,2127.000,1856.000,2061.000,1810.500,132.000,91.000,0,1.000000,47.250000,20.334678,15.651875
1780476100.662716,,,BOARD_3,1,0,1995.000,1766.000,2127.000,1857.000,132.000,91.000,1995.000,1766.000,2127.000,1857.000,132.000,91.000,1995.000,1766.000,2127.000,1857.000,2061.000,1811.500,132.000,91.000,0,1.000000,47.250000,20.334678,15.647292
1780476100.662716,,,BOARD_3,1,1,1991.000,1762.000,2123.000,1853.000,132.000,91.000,1991.000,1762.000,2123.000,1853.000,132.000,91.000,1991.000,1762.000,2123.000,1853.000,2057.000,1807.500,132.000,91.000,0,1.000000,47.250000,20.316449,15.665625
1780476100.877910,,,BOARD_3,1,0,1990.000,1762.000,2122.000,1853.000,132.000,91.000,1990.000,1762.000,2122.000,1853.000,132.000,91.000,1990.000,1762.000,2122.000,1853.000,2056.000,1807.500,132.000,91.000,0,1.000000,47.250000,20.311892,15.665625
1780476101.156643,,,BOARD_3,1,0,1990.000,1762.000,2122.000,1853.000,132.000,91.000,1990.000,1762.000,2122.000,1853.000,132.000,91.000,1990.000,1762.000,2122.000,1853.000,2056.000,1807.500,132.000,91.000,0,1.000000,47.250000,20.311892,15.665625
1780476101.156643,,,BOARD_3,1,1,1994.000,1758.000,2126.000,1849.000,132.000,91.000,1994.000,1758.000,2126.000,1849.000,132.000,91.000,1994.000,1758.000,2126.000,1849.000,2060.000,1803.500,132.000,91.000,0,1.000000,47.250000,20.330121,15.683958
1780476101.156643,,,BOARD_3,1,2,1994.000,1757.000,2126.000,1848.000,132.000,91.000,1994.000,1757.000,2126.000,1848.000,132.000,91.000,1994.000,1757.000,2126.000,1848.000,2060.000,1802.500,132.000,91.000,0,1.000000,47.250000,20.330121,15.688542
1780476101.629623,,,BOARD_3,1,0,1994.000,1757.000,2126.000,1848.000,132.000,91.000,1994.000,1757.000,2126.000,1848.000,132.000,91.000,1994.000,1757.000,2126.000,1848.000,2060.000,1802.500,132.000,91.000,0,1.000000,47.250000,20.330121,15.688542
1780476101.629623,,,BOARD_3,1,1,1990.000,1752.000,2122.000,1843.000,132.000,91.000,1990.000,1752.000,2122.000,1843.000,132.000,91.000,1990.000,1752.000,2122.000,1843.000,2056.000,1797.500,132.000,91.000,0,1.000000,47.250000,20.311892,15.711458
1780476101.914793,,,BOARD_3,1,0,1989.000,1751.000,2121.000,1842.000,132.000,91.000,1989.000,1751.000,2121.000,1842.000,132.000,91.000,1989.000,1751.000,2121.000,1842.000,2055.000,1796.500,132.000,91.000,0,1.000000,47.250000,20.307334,15.716042
1780476102.173711,,,BOARD_3,1,0,1989.000,1749.000,2121.000,1840.000,132.000,91.000,1989.000,1749.000,2121.000,1840.000,132.000,91.000,1989.000,1749.000,2121.000,1840.000,2055.000,1794.500,132.000,91.000,0,1.000000,47.250000,20.307334,15.725208
1780476102.173711,,,BOARD_3,1,1,1993.000,1752.000,2125.000,1843.000,132.000,91.000,1993.000,1752.000,2125.000,1843.000,132.000,91.000,1993.000,1752.000,2125.000,1843.000,2059.000,1797.500,132.000,91.000,0,1.000000,47.250000,20.325564,15.711458
1780476102.678288,,,BOARD_3,1,0,1993.000,1751.000,2125.000,1842.000,132.000,91.000,1993.000,1751.000,2125.000,1842.000,132.000,91.000,1993.000,1751.000,2125.000,1842.000,2059.000,1796.500,132.000,91.000,0,1.000000,47.250000,20.325564,15.716042
1780476102.678288,,,BOARD_3,1,1,1997.000,1748.000,2129.000,1839.000,132.000,91.000,1997.000,1748.000,2129.000,1839.000,132.000,91.000,1997.000,1748.000,2129.000,1839.000,2063.000,1793.500,132.000,91.000,0,1.000000,47.250000,20.343793,15.729792
1780476103.044960,,,BOARD_3,1,0,1998.000,1747.000,2130.000,1838.000,132.000,91.000,1998.000,1747.000,2130.000,1838.000,132.000,91.000,1998.000,1747.000,2130.000,1838.000,2064.000,1792.500,132.000,91.000,0,1.000000,47.250000,20.348350,15.734375
1780476103.044960,,,BOARD_3,1,1,1999.000,1746.000,2131.000,1837.000,132.000,91.000,1999.000,1746.000,2131.000,1837.000,132.000,91.000,1999.000,1746.000,2131.000,1837.000,2065.000,1791.500,132.000,91.000,0,1.000000,47.250000,20.352907,15.738958
1780476103.044960,,,BOARD_3,1,2,1993.000,1744.000,2125.000,1835.000,132.000,91.000,1993.000,1744.000,2125.000,1835.000,132.000,91.000,1993.000,1744.000,2125.000,1835.000,2059.000,1789.500,132.000,91.000,0,1.000000,47.250000,20.325564,15.748125
1780476103.562078,,,BOARD_3,1,0,1993.000,1743.000,2125.000,1834.000,132.000,91.000,1993.000,1743.000,2125.000,1834.000,132.000,91.000,1993.000,1743.000,2125.000,1834.000,2059.000,1788.500,132.000,91.000,0,1.000000,47.250000,20.325564,15.752708
1780476103.562078,,,BOARD_3,1,1,2031.000,1726.000,2095.000,1846.000,64.000,120.000,2031.000,1726.000,2095.000,1846.000,64.000,120.000,2031.000,1726.000,2095.000,1846.000,2063.000,1786.000,64.000,120.000,0,1.000000,97.460000,20.343793,15.764167
1780476103.562078,,,BOARD_3,1,2,2032.000,1725.000,2096.000,1845.000,64.000,120.000,2032.000,1725.000,2096.000,1845.000,64.000,120.000,2032.000,1725.000,2096.000,1845.000,2064.000,1785.000,64.000,120.000,0,1.000000,97.460000,20.348350,15.768750
1780476103.932811,,,BOARD_3,1,0,2033.000,1723.000,2097.000,1843.000,64.000,120.000,2033.000,1723.000,2097.000,1843.000,64.000,120.000,2033.000,1723.000,2097.000,1843.000,2065.000,1783.000,64.000,120.000,0,1.000000,97.460000,20.352907,15.777917
1780476103.932811,,,BOARD_3,1,1,1995.000,1733.000,2127.000,1824.000,132.000,91.000,1995.000,1733.000,2127.000,1824.000,132.000,91.000,1995.000,1733.000,2127.000,1824.000,2061.000,1778.500,132.000,91.000,0,1.000000,47.250000,20.334678,15.798542
1780476104.158693,,,BOARD_3,1,0,1995.000,1731.000,2127.000,1822.000,132.000,91.000,1995.000,1731.000,2127.000,1822.000,132.000,91.000,1995.000,1731.000,2127.000,1822.000,2061.000,1776.500,132.000,91.000,0,1.000000,47.250000,20.334678,15.807708
1780476104.499064,,,BOARD_3,1,0,1995.000,1729.000,2127.000,1820.000,132.000,91.000,1995.000,1729.000,2127.000,1820.000,132.000,91.000,1995.000,1729.000,2127.000,1820.000,2061.000,1774.500,132.000,91.000,0,1.000000,47.250000,20.334678,15.816875
1780476104.499064,,,BOARD_3,1,1,2025.000,1726.000,2089.000,1845.000,64.000,119.000,2025.000,1726.000,2089.000,1845.000,64.000,119.000,2025.000,1726.000,2089.000,1845.000,2057.000,1785.500,64.000,119.000,0,1.000000,97.460000,20.316449,15.766458
1780476104.950061,,,BOARD_3,1,0,2024.000,1726.000,2088.000,1845.000,64.000,119.000,2024.000,1726.000,2088.000,1845.000,64.000,119.000,2024.000,1726.000,2088.000,1845.000,2056.000,1785.500,64.000,119.000,0,1.000000,97.460000,20.311892,15.766458
1780476104.950061,,,BOARD_3,1,1,1995.000,1736.000,2127.000,1827.000,132.000,91.000,1995.000,1736.000,2127.000,1827.000,132.000,91.000,1995.000,1736.000,2127.000,1827.000,2061.000,1781.500,132.000,91.000,0,1.000000,47.250000,20.334678,15.784792
1780476105.187958,,,BOARD_3,1,0,1996.000,1735.000,2128.000,1826.000,132.000,91.000,1996.000,1735.000,2128.000,1826.000,132.000,91.000,1996.000,1735.000,2128.000,1826.000,2062.000,1780.500,132.000,91.000,0,1.000000,47.250000,20.339235,15.789375
1780476105.458241,,,BOARD_3,1,0,1997.000,1734.000,2129.000,1825.000,132.000,91.000,1997.000,1734.000,2129.000,1825.000,132.000,91.000,1997.000,1734.000,2129.000,1825.000,2063.000,1779.500,132.000,91.000,0,1.000000,47.250000,20.343793,15.793958
1780476105.458241,,,BOARD_3,1,1,1993.000,1738.000,2125.000,1829.000,132.000,91.000,1993.000,1738.000,2125.000,1829.000,132.000,91.000,1993.000,1738.000,2125.000,1829.000,2059.000,1783.500,132.000,91.000,0,1.000000,47.250000,20.325564,15.775625
1780476105.882495,,,BOARD_3,1,0,1993.000,1738.000,2125.000,1829.000,132.000,91.000,1993.000,1738.000,2125.000,1829.000,132.000,91.000,1993.000,1738.000,2125.000,1829.000,2059.000,1783.500,132.000,91.000,0,1.000000,47.250000,20.325564,15.775625
1780476105.882495,,,BOARD_3,1,1,1997.000,1734.000,2129.000,1825.000,132.000,91.000,1997.000,1734.000,2129.000,1825.000,132.000,91.000,1997.000,1734.000,2129.000,1825.000,2063.000,1779.500,132.000,91.000,0,1.000000,47.250000,20.343793,15.793958
1780476105.882495,,,BOARD_3,1,2,1998.000,1733.000,2130.000,1824.000,132.000,91.000,1998.000,1733.000,2130.000,1824.000,132.000,91.000,1998.000,1733.000,2130.000,1824.000,2064.000,1778.500,132.000,91.000,0,1.000000,47.250000,20.348350,15.798542
1780476106.349791,,,BOARD_3,1,0,1999.000,1732.000,2131.000,1823.000,132.000,91.000,1999.000,1732.000,2131.000,1823.000,132.000,91.000,1999.000,1732.000,2131.000,1823.000,2065.000,1777.500,132.000,91.000,0,1.000000,47.250000,20.352907,15.803125
1780476106.550599,,,BOARD_3,1,0,1995.000,1736.000,2127.000,1827.000,132.000,91.000,1995.000,1736.000,2127.000,1827.000,132.000,91.000,1995.000,1736.000,2127.000,1827.000,2061.000,1781.500,132.000,91.000,0,1.000000,47.250000,20.334678,15.784792
1780476106.768627,,,BOARD_3,1,0,1995.000,1736.000,2127.000,1827.000,132.000,91.000,1995.000,1736.000,2127.000,1827.000,132.000,91.000,1995.000,1736.000,2127.000,1827.000,2061.000,1781.500,132.000,91.000,0,1.000000,47.250000,20.334678,15.784792
1780476106.768627,,,BOARD_3,1,1,1991.000,1740.000,2123.000,1831.000,132.000,91.000,1991.000,1740.000,2123.000,1831.000,132.000,91.000,1991.000,1740.000,2123.000,1831.000,2057.000,1785.500,132.000,91.000,0,1.000000,47.250000,20.316449,15.766458
1780476107.027218,,,BOARD_3,1,0,1990.000,1741.000,2122.000,1832.000,132.000,91.000,1990.000,1741.000,2122.000,1832.000,132.000,91.000,1990.000,1741.000,2122.000,1832.000,2056.000,1786.500,132.000,91.000,0,1.000000,47.250000,20.311892,15.761875
1780476107.266189,,,BOARD_3,1,0,1989.000,1742.000,2121.000,1833.000,132.000,91.000,1989.000,1742.000,2121.000,1833.000,132.000,91.000,1989.000,1742.000,2121.000,1833.000,2055.000,1787.500,132.000,91.000,0,1.000000,47.250000,20.307334,15.757292
1780476107.266189,,,BOARD_3,1,1,1993.000,1738.000,2125.000,1829.000,132.000,91.000,1993.000,1738.000,2125.000,1829.000,132.000,91.000,1993.000,1738.000,2125.000,1829.000,2059.000,1783.500,132.000,91.000,0,1.000000,47.250000,20.325564,15.775625
1780476107.266189,,,BOARD_3,1,2,1993.000,1738.000,2125.000,1829.000,132.000,91.000,1993.000,1738.000,2125.000,1829.000,132.000,91.000,1993.000,1738.000,2125.000,1829.000,2059.000,1783.500,132.000,91.000,0,1.000000,47.250000,20.325564,15.775625
1780476107.867812,,,BOARD_3,1,0,1993.000,1738.000,2125.000,1829.000,132.000,91.000,1993.000,1738.000,2125.000,1829.000,132.000,91.000,1993.000,1738.000,2125.000,1829.000,2059.000,1783.500,132.000,91.000,0,1.000000,47.250000,20.325564,15.775625
1780476107.867812,,,BOARD_3,1,1,1997.000,1742.000,2129.000,1833.000,132.000,91.000,1997.000,1742.000,2129.000,1833.000,132.000,91.000,1997.000,1742.000,2129.000,1833.000,2063.000,1787.500,132.000,91.000,0,1.000000,47.250000,20.343793,15.757292
1780476108.143298,,,BOARD_3,1,0,1998.000,1743.000,2130.000,1834.000,132.000,91.000,1998.000,1743.000,2130.000,1834.000,132.000,91.000,1998.000,1743.000,2130.000,1834.000,2064.000,1788.500,132.000,91.000,0,1.000000,47.250000,20.348350,15.752708
1780476108.418634,,,BOARD_3,1,0,1998.000,1744.000,2130.000,1835.000,132.000,91.000,1998.000,1744.000,2130.000,1835.000,132.000,91.000,1998.000,1744.000,2130.000,1835.000,2064.000,1789.500,132.000,91.000,0,1.000000,47.250000,20.348350,15.748125
1780476108.418634,,,BOARD_3,1,1,2020.000,1718.000,2084.000,1838.000,64.000,120.000,2020.000,1718.000,2084.000,1838.000,64.000,120.000,2020.000,1718.000,2084.000,1838.000,2052.000,1778.000,64.000,120.000,0,1.000000,97.460000,20.293662,15.800833
1780476108.635619,,,BOARD_3,1,0,2018.000,1717.000,2082.000,1837.000,64.000,120.000,2018.000,1717.000,2082.000,1837.000,64.000,120.000,2018.000,1717.000,2082.000,1837.000,2050.000,1777.000,64.000,120.000,0,1.000000,97.460000,20.284548,15.805417
1780476108.635619,,,BOARD_3,1,1,2017.000,1715.000,2081.000,1835.000,64.000,120.000,2017.000,1715.000,2081.000,1835.000,64.000,120.000,2017.000,1715.000,2081.000,1835.000,2049.000,1775.000,64.000,120.000,0,1.000000,97.460000,20.279991,15.814583
1780476115.720865,,,BOARD_3,1,0,1034.000,1918.000,1282.000,2098.000,248.000,180.000,1034.000,1918.000,1282.000,2098.000,248.000,180.000,1034.000,1918.000,1282.000,2098.000,1158.000,2008.000,248.000,180.000,0,1.000000,25.150000,16.219444,14.746667
1780476117.419674,,,BOARD_3,1,0,855.000,1702.000,1103.000,1882.000,248.000,180.000,855.000,1702.000,1103.000,1882.000,248.000,180.000,855.000,1702.000,1103.000,1882.000,979.000,1792.000,248.000,180.000,0,1.000000,25.150000,15.403689,15.736667
1780476117.991888,,,BOARD_3,1,0,862.000,1713.000,994.000,1805.000,132.000,92.000,862.000,1713.000,994.000,1805.000,132.000,92.000,862.000,1713.000,994.000,1805.000,928.000,1759.000,132.000,92.000,0,1.000000,47.250000,15.171267,15.887917
1780476117.991888,,,BOARD_3,1,1,846.000,1700.000,978.000,1792.000,132.000,92.000,846.000,1700.000,978.000,1792.000,132.000,92.000,846.000,1700.000,978.000,1792.000,912.000,1746.000,132.000,92.000,0,1.000000,47.250000,15.098350,15.947500
1780476118.381079,,,BOARD_3,1,0,779.000,1652.000,1027.000,1832.000,248.000,180.000,779.000,1652.000,1027.000,1832.000,248.000,180.000,779.000,1652.000,1027.000,1832.000,903.000,1742.000,248.000,180.000,0,1.000000,25.150000,15.057334,15.965833
1780476118.381079,,,BOARD_3,1,1,767.000,1643.000,1015.000,1823.000,248.000,180.000,767.000,1643.000,1015.000,1823.000,248.000,180.000,767.000,1643.000,1015.000,1823.000,891.000,1733.000,248.000,180.000,0,1.000000,25.150000,15.002647,16.007083
1780476118.993893,,,BOARD_3,1,0,795.000,1594.000,915.000,1838.000,120.000,244.000,795.000,1594.000,915.000,1838.000,120.000,244.000,795.000,1594.000,915.000,1838.000,855.000,1716.000,120.000,244.000,0,1.000000,51.980000,14.838584,16.085000
1780476119.412999,,,BOARD_3,1,0,745.000,1658.000,877.000,1750.000,132.000,92.000,745.000,1658.000,877.000,1750.000,132.000,92.000,745.000,1658.000,877.000,1750.000,811.000,1704.000,132.000,92.000,0,1.000000,47.250000,14.638064,16.140000
1780476119.646042,,,BOARD_3,1,0,732.000,1652.000,864.000,1744.000,132.000,92.000,732.000,1652.000,864.000,1744.000,132.000,92.000,732.000,1652.000,864.000,1744.000,798.000,1698.000,132.000,92.000,0,1.000000,47.250000,14.578819,16.167500
1780476119.646042,,,BOARD_3,1,1,679.000,1622.000,927.000,1802.000,248.000,180.000,679.000,1622.000,927.000,1802.000,248.000,180.000,679.000,1622.000,927.000,1802.000,803.000,1712.000,248.000,180.000,0,1.000000,25.150000,14.601605,16.103333
1780476120.572458,,,BOARD_3,1,0,725.000,1686.000,857.000,1778.000,132.000,92.000,725.000,1686.000,857.000,1778.000,132.000,92.000,725.000,1686.000,857.000,1778.000,791.000,1732.000,132.000,92.000,0,1.000000,47.250000,14.546918,16.011667
1780476120.572458,,,BOARD_3,1,1,641.000,1626.000,889.000,1806.000,248.000,180.000,641.000,1626.000,889.000,1806.000,248.000,180.000,641.000,1626.000,889.000,1806.000,765.000,1716.000,248.000,180.000,0,1.000000,25.150000,14.428428,16.085000
1780476121.194623,,,BOARD_3,1,0,553.000,1554.000,801.000,1734.000,248.000,180.000,553.000,1554.000,801.000,1734.000,248.000,180.000,553.000,1554.000,801.000,1734.000,677.000,1644.000,248.000,180.000,0,1.000000,25.150000,14.027386,16.415000
1780476121.604997,,,BOARD_3,1,0,463.000,1458.000,595.000,1550.000,132.000,92.000,463.000,1458.000,595.000,1550.000,132.000,92.000,463.000,1458.000,595.000,1550.000,529.000,1504.000,132.000,92.000,0,1.000000,47.250000,13.352907,17.056667
1780476122.432865,,,BOARD_3,1,0,273.000,1180.000,393.000,1424.000,120.000,244.000,273.000,1180.000,393.000,1424.000,120.000,244.000,273.000,1180.000,393.000,1424.000,333.000,1302.000,120.000,244.000,0,1.000000,51.980000,12.459678,17.982500
1780476122.432865,,,BOARD_3,1,1,235.000,1146.000,355.000,1390.000,120.000,244.000,235.000,1146.000,355.000,1390.000,120.000,244.000,235.000,1146.000,355.000,1390.000,295.000,1268.000,120.000,244.000,0,1.000000,51.980000,12.286501,18.138333
1780476122.923943,,,BOARD_3,1,0,234.000,1233.000,366.000,1325.000,132.000,92.000,234.000,1233.000,366.000,1325.000,132.000,92.000,234.000,1233.000,366.000,1325.000,300.000,1279.000,132.000,92.000,0,1.000000,47.250000,12.309287,18.087917
1780476128.282434,,,BOARD_3,2,0,2953.000,78.000,3201.000,258.000,248.000,180.000,2953.000,78.000,3201.000,258.000,248.000,180.000,2953.000,78.000,3201.000,258.000,3077.000,168.000,248.000,180.000,0,1.000000,25.150000,6.243086,23.180000
1780476128.282434,,,BOARD_3,2,1,2952.000,81.000,3200.000,261.000,248.000,180.000,2952.000,81.000,3200.000,261.000,248.000,180.000,2952.000,81.000,3200.000,261.000,3076.000,171.000,248.000,180.000,0,1.000000,25.150000,6.238529,23.166250
1780476128.708762,,,BOARD_3,2,0,3004.000,102.000,3136.000,194.000,132.000,92.000,3004.000,102.000,3136.000,194.000,132.000,92.000,3004.000,102.000,3136.000,194.000,3070.000,148.000,132.000,92.000,0,1.000000,47.250000,6.211185,23.271667
1780476129.234047,,,BOARD_3,2,0,2950.000,62.000,3198.000,242.000,248.000,180.000,2950.000,62.000,3198.000,242.000,248.000,180.000,2950.000,62.000,3198.000,242.000,3074.000,152.000,248.000,180.000,0,1.000000,25.150000,6.229415,23.253333
1780476129.634962,,,BOARD_3,2,0,2942.000,46.000,3190.000,226.000,248.000,180.000,2942.000,46.000,3190.000,226.000,248.000,180.000,2942.000,46.000,3190.000,226.000,3066.000,136.000,248.000,180.000,0,1.000000,25.150000,6.192956,23.326667
1780476129.634962,,,BOARD_3,2,1,2940.000,41.000,3188.000,221.000,248.000,180.000,2940.000,41.000,3188.000,221.000,248.000,180.000,2940.000,41.000,3188.000,221.000,3064.000,131.000,248.000,180.000,0,1.000000,25.150000,6.183842,23.349583
1780476130.098224,,,BOARD_3,2,0,2936.000,46.000,3184.000,226.000,248.000,180.000,2936.000,46.000,3184.000,226.000,248.000,180.000,2936.000,46.000,3184.000,226.000,3060.000,136.000,248.000,180.000,0,1.000000,25.150000,6.165612,23.326667
1780476142.220459,,,BOARD_2,4,0,2515.000,1625.000,2751.000,2101.000,236.000,476.000,2515.000,1625.000,2751.000,2101.000,236.000,476.000,2515.000,1625.000,2751.000,2101.000,2633.000,1863.000,236.000,476.000,0,1.000000,26.430000,345.619649,5.911250
1780476142.220459,,,BOARD_2,4,1,2409.000,1419.000,2873.000,1779.000,464.000,360.000,2409.000,1419.000,2873.000,1779.000,464.000,360.000,2409.000,1419.000,2873.000,1779.000,2641.000,1599.000,464.000,360.000,0,1.000000,13.440000,345.656107,7.121250
1780476142.220459,,,BOARD_2,4,2,2516.000,1626.000,2752.000,2102.000,236.000,476.000,2516.000,1626.000,2752.000,2102.000,236.000,476.000,2516.000,1626.000,2752.000,2102.000,2634.000,1864.000,236.000,476.000,0,1.000000,26.430000,345.624206,5.906667
1780476142.220459,,,BOARD_2,4,3,2412.000,1422.000,2876.000,1782.000,464.000,360.000,2412.000,1422.000,2876.000,1782.000,464.000,360.000,2412.000,1422.000,2876.000,1782.000,2644.000,1602.000,464.000,360.000,0,1.000000,13.440000,345.669779,7.107500
1780476143.263656,,,BOARD_2,4,0,2515.000,1625.000,2751.000,2101.000,236.000,476.000,2515.000,1625.000,2751.000,2101.000,236.000,476.000,2515.000,1625.000,2751.000,2101.000,2633.000,1863.000,236.000,476.000,0,1.000000,26.430000,345.619649,5.911250
1780476143.826946,,,BOARD_2,4,0,2515.000,1625.000,2751.000,2101.000,236.000,476.000,2515.000,1625.000,2751.000,2101.000,236.000,476.000,2515.000,1625.000,2751.000,2101.000,2633.000,1863.000,236.000,476.000,0,1.000000,26.430000,345.619649,5.911250
1780476143.826946,,,BOARD_2,4,1,2409.000,1419.000,2873.000,1779.000,464.000,360.000,2409.000,1419.000,2873.000,1779.000,464.000,360.000,2409.000,1419.000,2873.000,1779.000,2641.000,1599.000,464.000,360.000,0,1.000000,13.440000,345.656107,7.121250
1780476144.426462,,,BOARD_2,4,0,2515.000,1625.000,2751.000,2101.000,236.000,476.000,2515.000,1625.000,2751.000,2101.000,236.000,476.000,2515.000,1625.000,2751.000,2101.000,2633.000,1863.000,236.000,476.000,0,1.000000,26.430000,345.619649,5.911250
1780476144.426462,,,BOARD_2,4,1,2409.000,1419.000,2873.000,1779.000,464.000,360.000,2409.000,1419.000,2873.000,1779.000,464.000,360.000,2409.000,1419.000,2873.000,1779.000,2641.000,1599.000,464.000,360.000,0,1.000000,13.440000,345.656107,7.121250
1780476144.787804,,,BOARD_3,2,0,271.000,572.000,519.000,752.000,248.000,180.000,271.000,572.000,519.000,752.000,248.000,180.000,271.000,572.000,519.000,752.000,395.000,662.000,248.000,180.000,0,1.000000,25.150000,354.020430,20.915833
1780476144.787804,,,BOARD_3,2,1,255.000,576.000,503.000,756.000,248.000,180.000,255.000,576.000,503.000,756.000,248.000,180.000,255.000,576.000,503.000,756.000,379.000,666.000,248.000,180.000,0,1.000000,25.150000,353.947514,20.897500
1780476145.040769,,,BOARD_2,4,0,2515.000,1625.000,2751.000,2101.000,236.000,476.000,2515.000,1625.000,2751.000,2101.000,236.000,476.000,2515.000,1625.000,2751.000,2101.000,2633.000,1863.000,236.000,476.000,0,1.000000,26.430000,345.619649,5.911250
1780476145.040769,,,BOARD_2,4,1,2409.000,1419.000,2873.000,1779.000,464.000,360.000,2409.000,1419.000,2873.000,1779.000,464.000,360.000,2409.000,1419.000,2873.000,1779.000,2641.000,1599.000,464.000,360.000,0,1.000000,13.440000,345.656107,7.121250
1780476145.040769,,,BOARD_2,4,2,2515.000,1625.000,2751.000,2101.000,236.000,476.000,2515.000,1625.000,2751.000,2101.000,236.000,476.000,2515.000,1625.000,2751.000,2101.000,2633.000,1863.000,236.000,476.000,0,1.000000,26.430000,345.619649,5.911250
1780476145.932927,,,BOARD_2,4,0,2515.000,1625.000,2751.000,2101.000,236.000,476.000,2515.000,1625.000,2751.000,2101.000,236.000,476.000,2515.000,1625.000,2751.000,2101.000,2633.000,1863.000,236.000,476.000,0,1.000000,26.430000,345.619649,5.911250
1780476145.932927,,,BOARD_2,4,1,2409.000,1419.000,2873.000,1779.000,464.000,360.000,2409.000,1419.000,2873.000,1779.000,464.000,360.000,2409.000,1419.000,2873.000,1779.000,2641.000,1599.000,464.000,360.000,0,1.000000,13.440000,345.656107,7.121250
1780476145.932927,,,BOARD_2,4,2,2515.000,1625.000,2751.000,2101.000,236.000,476.000,2515.000,1625.000,2751.000,2101.000,236.000,476.000,2515.000,1625.000,2751.000,2101.000,2633.000,1863.000,236.000,476.000,0,1.000000,26.430000,345.619649,5.911250
1780476147.765556,,,BOARD_3,3,0,3085.000,788.000,3333.000,968.000,248.000,180.000,3085.000,788.000,3333.000,968.000,248.000,180.000,3085.000,788.000,3333.000,968.000,3209.000,878.000,248.000,180.000,0,1.000000,25.150000,345.791649,19.925833
1780476149.500949,,,BOARD_3,3,0,2714.000,942.000,2846.000,1034.000,132.000,92.000,2714.000,942.000,2846.000,1034.000,132.000,92.000,2714.000,942.000,2846.000,1034.000,2780.000,988.000,132.000,92.000,0,1.000000,47.250000,343.836571,19.421667
1780476150.970105,,,BOARD_3,3,0,2754.000,927.000,2886.000,1019.000,132.000,92.000,2754.000,927.000,2886.000,1019.000,132.000,92.000,2754.000,927.000,2886.000,1019.000,2820.000,973.000,132.000,92.000,0,1.000000,47.250000,344.018863,19.490417
1780476151.495757,,,BOARD_3,3,0,2707.000,889.000,2955.000,1069.000,248.000,180.000,2707.000,889.000,2955.000,1069.000,248.000,180.000,2707.000,889.000,2955.000,1069.000,2831.000,979.000,248.000,180.000,0,1.000000,25.150000,344.068993,19.462917
1780476151.888630,,,BOARD_3,3,0,2715.000,881.000,2963.000,1061.000,248.000,180.000,2715.000,881.000,2963.000,1061.000,248.000,180.000,2715.000,881.000,2963.000,1061.000,2839.000,971.000,248.000,180.000,0,1.000000,25.150000,344.105451,19.499583
1780476152.390777,,,BOARD_3,3,0,2707.000,873.000,2955.000,1053.000,248.000,180.000,2707.000,873.000,2955.000,1053.000,248.000,180.000,2707.000,873.000,2955.000,1053.000,2831.000,963.000,248.000,180.000,0,1.000000,25.150000,344.068993,19.536250
1780476152.833345,,,BOARD_3,3,0,2753.000,913.000,2885.000,1005.000,132.000,92.000,2753.000,913.000,2885.000,1005.000,132.000,92.000,2753.000,913.000,2885.000,1005.000,2819.000,959.000,132.000,92.000,0,1.000000,47.250000,344.014305,19.554583
1780476153.155214,,,BOARD_3,3,0,2751.000,911.000,2883.000,1003.000,132.000,92.000,2751.000,911.000,2883.000,1003.000,132.000,92.000,2751.000,911.000,2883.000,1003.000,2817.000,957.000,132.000,92.000,0,1.000000,47.250000,344.005191,19.563750
1780476153.155214,,,BOARD_3,3,1,2757.000,909.000,2889.000,1001.000,132.000,92.000,2757.000,909.000,2889.000,1001.000,132.000,92.000,2757.000,909.000,2889.000,1001.000,2823.000,955.000,132.000,92.000,0,1.000000,47.250000,344.032534,19.572917
1780476153.155214,,,BOARD_3,3,2,2757.000,907.000,2889.000,999.000,132.000,92.000,2757.000,907.000,2889.000,999.000,132.000,92.000,2757.000,907.000,2889.000,999.000,2823.000,953.000,132.000,92.000,0,1.000000,47.250000,344.032534,19.582083
1780476153.862783,,,BOARD_3,3,0,2707.000,869.000,2955.000,1049.000,248.000,180.000,2707.000,869.000,2955.000,1049.000,248.000,180.000,2707.000,869.000,2955.000,1049.000,2831.000,959.000,248.000,180.000,0,1.000000,25.150000,344.068993,19.554583
1780476153.862783,,,BOARD_3,3,1,2708.000,869.000,2956.000,1049.000,248.000,180.000,2708.000,869.000,2956.000,1049.000,248.000,180.000,2708.000,869.000,2956.000,1049.000,2832.000,959.000,248.000,180.000,0,1.000000,25.150000,344.073550,19.554583
1780476154.345527,,,BOARD_3,3,0,2702.000,877.000,2950.000,1057.000,248.000,180.000,2702.000,877.000,2950.000,1057.000,248.000,180.000,2702.000,877.000,2950.000,1057.000,2826.000,967.000,248.000,180.000,0,1.000000,25.150000,344.046206,19.517917
1780476154.345527,,,BOARD_3,3,1,2702.000,878.000,2950.000,1058.000,248.000,180.000,2702.000,878.000,2950.000,1058.000,248.000,180.000,2702.000,878.000,2950.000,1058.000,2826.000,968.000,248.000,180.000,0,1.000000,25.150000,344.046206,19.513333
1780476155.666548,,,BOARD_3,3,0,2704.000,856.000,2952.000,1036.000,248.000,180.000,2704.000,856.000,2952.000,1036.000,248.000,180.000,2704.000,856.000,2952.000,1036.000,2828.000,946.000,248.000,180.000,0,1.000000,25.150000,344.055321,19.614167
1780476156.158617,,,BOARD_3,3,0,2696.000,864.000,2944.000,1044.000,248.000,180.000,2696.000,864.000,2944.000,1044.000,248.000,180.000,2696.000,864.000,2944.000,1044.000,2820.000,954.000,248.000,180.000,0,1.000000,25.150000,344.018863,19.577500
1780476156.507336,,,BOARD_3,3,0,2750.000,896.000,2882.000,988.000,132.000,92.000,2750.000,896.000,2882.000,988.000,132.000,92.000,2750.000,896.000,2882.000,988.000,2816.000,942.000,132.000,92.000,0,1.000000,47.250000,344.000633,19.632500
1780476156.883484,,,BOARD_3,3,0,2746.000,900.000,2878.000,992.000,132.000,92.000,2746.000,900.000,2878.000,992.000,132.000,92.000,2746.000,900.000,2878.000,992.000,2812.000,946.000,132.000,92.000,0,1.000000,47.250000,343.982404,19.614167
1780476157.148351,,,BOARD_3,3,0,2745.000,900.000,2877.000,992.000,132.000,92.000,2745.000,900.000,2877.000,992.000,132.000,92.000,2745.000,900.000,2877.000,992.000,2811.000,946.000,132.000,92.000,0,1.000000,47.250000,343.977847,19.614167
1780476157.148351,,,BOARD_3,3,1,2696.000,864.000,2944.000,1044.000,248.000,180.000,2696.000,864.000,2944.000,1044.000,248.000,180.000,2696.000,864.000,2944.000,1044.000,2820.000,954.000,248.000,180.000,0,1.000000,25.150000,344.018863,19.577500
1780476157.534241,,,BOARD_3,3,0,2697.000,865.000,2945.000,1045.000,248.000,180.000,2697.000,865.000,2945.000,1045.000,248.000,180.000,2697.000,865.000,2945.000,1045.000,2821.000,955.000,248.000,180.000,0,1.000000,25.150000,344.023420,19.572917
1780476157.534241,,,BOARD_3,3,1,2704.000,856.000,2952.000,1036.000,248.000,180.000,2704.000,856.000,2952.000,1036.000,248.000,180.000,2704.000,856.000,2952.000,1036.000,2828.000,946.000,248.000,180.000,0,1.000000,25.150000,344.055321,19.614167
1780476157.972112,,,BOARD_3,3,0,2706.000,855.000,2954.000,1035.000,248.000,180.000,2706.000,855.000,2954.000,1035.000,248.000,180.000,2706.000,855.000,2954.000,1035.000,2830.000,945.000,248.000,180.000,0,1.000000,25.150000,344.064435,19.618750
1780476158.204780,,,BOARD_3,3,0,2696.000,864.000,2944.000,1044.000,248.000,180.000,2696.000,864.000,2944.000,1044.000,248.000,180.000,2696.000,864.000,2944.000,1044.000,2820.000,954.000,248.000,180.000,0,1.000000,25.150000,344.018863,19.577500
1780476158.486861,,,BOARD_3,3,0,2695.000,865.000,2943.000,1045.000,248.000,180.000,2695.000,865.000,2943.000,1045.000,248.000,180.000,2695.000,865.000,2943.000,1045.000,2819.000,955.000,248.000,180.000,0,1.000000,25.150000,344.014305,19.572917
1780476158.486861,,,BOARD_3,3,1,2704.000,856.000,2952.000,1036.000,248.000,180.000,2704.000,856.000,2952.000,1036.000,248.000,180.000,2704.000,856.000,2952.000,1036.000,2828.000,946.000,248.000,180.000,0,1.000000,25.150000,344.055321,19.614167
1780476158.742003,,,BOARD_3,3,0,2706.000,854.000,2954.000,1034.000,248.000,180.000,2706.000,854.000,2954.000,1034.000,248.000,180.000,2706.000,854.000,2954.000,1034.000,2830.000,944.000,248.000,180.000,0,1.000000,25.150000,344.064435,19.623333
1780476158.962540,,,BOARD_3,3,0,2708.000,853.000,2956.000,1033.000,248.000,180.000,2708.000,853.000,2956.000,1033.000,248.000,180.000,2708.000,853.000,2956.000,1033.000,2832.000,943.000,248.000,180.000,0,1.000000,25.150000,344.073550,19.627917
1780476158.962540,,,BOARD_3,3,1,2738.000,893.000,2870.000,985.000,132.000,92.000,2738.000,893.000,2870.000,985.000,132.000,92.000,2738.000,893.000,2870.000,985.000,2804.000,939.000,132.000,92.000,0,1.000000,47.250000,343.945946,19.646250
1780476158.962540,,,BOARD_3,3,2,2734.000,891.000,2866.000,983.000,132.000,92.000,2734.000,891.000,2866.000,983.000,132.000,92.000,2734.000,891.000,2866.000,983.000,2800.000,937.000,132.000,92.000,0,1.000000,47.250000,343.927717,19.655417
1780476159.544307,,,BOARD_3,3,0,2697.000,853.000,2945.000,1033.000,248.000,180.000,2697.000,853.000,2945.000,1033.000,248.000,180.000,2697.000,853.000,2945.000,1033.000,2821.000,943.000,248.000,180.000,0,1.000000,25.150000,344.023420,19.627917
1780476159.949831,,,BOARD_3,3,0,2689.000,861.000,2937.000,1041.000,248.000,180.000,2689.000,861.000,2937.000,1041.000,248.000,180.000,2689.000,861.000,2937.000,1041.000,2813.000,951.000,248.000,180.000,0,1.000000,25.150000,343.986961,19.591250
1780476159.949831,,,BOARD_3,3,1,2687.000,863.000,2935.000,1043.000,248.000,180.000,2687.000,863.000,2935.000,1043.000,248.000,180.000,2687.000,863.000,2935.000,1043.000,2811.000,953.000,248.000,180.000,0,1.000000,25.150000,343.977847,19.582083
1780476160.429582,,,BOARD_3,3,0,2693.000,857.000,2941.000,1037.000,248.000,180.000,2693.000,857.000,2941.000,1037.000,248.000,180.000,2693.000,857.000,2941.000,1037.000,2817.000,947.000,248.000,180.000,0,1.000000,25.150000,344.005191,19.609583
1780476160.429582,,,BOARD_3,3,1,2693.000,857.000,2941.000,1037.000,248.000,180.000,2693.000,857.000,2941.000,1037.000,248.000,180.000,2693.000,857.000,2941.000,1037.000,2817.000,947.000,248.000,180.000,0,1.000000,25.150000,344.005191,19.609583
1780476160.962420,,,BOARD_3,3,0,2685.000,865.000,2933.000,1045.000,248.000,180.000,2685.000,865.000,2933.000,1045.000,248.000,180.000,2685.000,865.000,2933.000,1045.000,2809.000,955.000,248.000,180.000,0,1.000000,25.150000,343.968732,19.572917
1780476160.962420,,,BOARD_3,3,1,2683.000,867.000,2931.000,1047.000,248.000,180.000,2683.000,867.000,2931.000,1047.000,248.000,180.000,2683.000,867.000,2931.000,1047.000,2807.000,957.000,248.000,180.000,0,1.000000,25.150000,343.959618,19.563750
1780476161.435049,,,BOARD_3,3,0,2736.000,900.000,2868.000,992.000,132.000,92.000,2736.000,900.000,2868.000,992.000,132.000,92.000,2736.000,900.000,2868.000,992.000,2802.000,946.000,132.000,92.000,0,1.000000,47.250000,343.936831,19.614167
1780476161.742728,,,BOARD_3,3,0,2686.000,864.000,2934.000,1044.000,248.000,180.000,2686.000,864.000,2934.000,1044.000,248.000,180.000,2686.000,864.000,2934.000,1044.000,2810.000,954.000,248.000,180.000,0,1.000000,25.150000,343.973290,19.577500
1780476161.742728,,,BOARD_3,3,1,2687.000,866.000,2935.000,1046.000,248.000,180.000,2687.000,866.000,2935.000,1046.000,248.000,180.000,2687.000,866.000,2935.000,1046.000,2811.000,956.000,248.000,180.000,0,1.000000,25.150000,343.977847,19.568333
1780476162.220554,,,BOARD_3,3,0,2735.000,900.000,2867.000,992.000,132.000,92.000,2735.000,900.000,2867.000,992.000,132.000,92.000,2735.000,900.000,2867.000,992.000,2801.000,946.000,132.000,92.000,0,1.000000,47.250000,343.932274,19.614167
1780476162.635525,,,BOARD_3,3,0,2731.000,904.000,2863.000,996.000,132.000,92.000,2731.000,904.000,2863.000,996.000,132.000,92.000,2731.000,904.000,2863.000,996.000,2797.000,950.000,132.000,92.000,0,1.000000,47.250000,343.914045,19.595833
1780476162.909898,,,BOARD_3,3,0,2730.000,905.000,2862.000,997.000,132.000,92.000,2730.000,905.000,2862.000,997.000,132.000,92.000,2730.000,905.000,2862.000,997.000,2796.000,951.000,132.000,92.000,0,1.000000,47.250000,343.909488,19.591250
1780476162.909898,,,BOARD_3,3,1,2681.000,868.000,2929.000,1048.000,248.000,180.000,2681.000,868.000,2929.000,1048.000,248.000,180.000,2681.000,868.000,2929.000,1048.000,2805.000,958.000,248.000,180.000,0,1.000000,25.150000,343.950503,19.559167
1780476163.162611,,,BOARD_3,3,0,2683.000,870.000,2931.000,1050.000,248.000,180.000,2683.000,870.000,2931.000,1050.000,248.000,180.000,2683.000,870.000,2931.000,1050.000,2807.000,960.000,248.000,180.000,0,1.000000,25.150000,343.959618,19.550000
1780476163.472079,,,BOARD_3,3,0,2685.000,873.000,2933.000,1053.000,248.000,180.000,2685.000,873.000,2933.000,1053.000,248.000,180.000,2685.000,873.000,2933.000,1053.000,2809.000,963.000,248.000,180.000,0,1.000000,25.150000,343.968732,19.536250
1780476163.472079,,,BOARD_3,3,1,2677.000,865.000,2925.000,1045.000,248.000,180.000,2677.000,865.000,2925.000,1045.000,248.000,180.000,2677.000,865.000,2925.000,1045.000,2801.000,955.000,248.000,180.000,0,1.000000,25.150000,343.932274,19.572917
1780476163.685233,,,BOARD_3,3,0,2677.000,866.000,2925.000,1046.000,248.000,180.000,2677.000,866.000,2925.000,1046.000,248.000,180.000,2677.000,866.000,2925.000,1046.000,2801.000,956.000,248.000,180.000,0,1.000000,25.150000,343.932274,19.568333
1780476164.155835,,,BOARD_3,3,0,2731.000,906.000,2863.000,998.000,132.000,92.000,2731.000,906.000,2863.000,998.000,132.000,92.000,2731.000,906.000,2863.000,998.000,2797.000,952.000,132.000,92.000,0,1.000000,47.250000,343.914045,19.586667
1780476164.366744,,,BOARD_3,3,0,2730.000,906.000,2862.000,998.000,132.000,92.000,2730.000,906.000,2862.000,998.000,132.000,92.000,2730.000,906.000,2862.000,998.000,2796.000,952.000,132.000,92.000,0,1.000000,47.250000,343.909488,19.586667
1780476164.366744,,,BOARD_3,3,1,2681.000,870.000,2929.000,1050.000,248.000,180.000,2681.000,870.000,2929.000,1050.000,248.000,180.000,2681.000,870.000,2929.000,1050.000,2805.000,960.000,248.000,180.000,0,1.000000,25.150000,343.950503,19.550000
1780476164.920304,,,BOARD_3,3,0,2682.000,871.000,2930.000,1051.000,248.000,180.000,2682.000,871.000,2930.000,1051.000,248.000,180.000,2682.000,871.000,2930.000,1051.000,2806.000,961.000,248.000,180.000,0,1.000000,25.150000,343.955060,19.545417
1780476164.920304,,,BOARD_3,3,1,2689.000,862.000,2937.000,1042.000,248.000,180.000,2689.000,862.000,2937.000,1042.000,248.000,180.000,2689.000,862.000,2937.000,1042.000,2813.000,952.000,248.000,180.000,0,1.000000,25.150000,343.986961,19.586667
1780476164.920304,,,BOARD_3,3,2,2692.000,860.000,2940.000,1040.000,248.000,180.000,2692.000,860.000,2940.000,1040.000,248.000,180.000,2692.000,860.000,2940.000,1040.000,2816.000,950.000,248.000,180.000,0,1.000000,25.150000,344.000633,19.595833
1780476165.311156,,,BOARD_3,3,0,2695.000,859.000,2943.000,1039.000,248.000,180.000,2695.000,859.000,2943.000,1039.000,248.000,180.000,2695.000,859.000,2943.000,1039.000,2819.000,949.000,248.000,180.000,0,1.000000,25.150000,344.014305,19.600417
1780476165.311156,,,BOARD_3,3,1,2687.000,867.000,2935.000,1047.000,248.000,180.000,2687.000,867.000,2935.000,1047.000,248.000,180.000,2687.000,867.000,2935.000,1047.000,2811.000,957.000,248.000,180.000,0,1.000000,25.150000,343.977847,19.563750
1780476165.687728,,,BOARD_3,3,0,2688.000,867.000,2936.000,1047.000,248.000,180.000,2688.000,867.000,2936.000,1047.000,248.000,180.000,2688.000,867.000,2936.000,1047.000,2812.000,957.000,248.000,180.000,0,1.000000,25.150000,343.982404,19.563750
1780476165.687728,,,BOARD_3,3,1,2733.000,907.000,2865.000,999.000,132.000,92.000,2733.000,907.000,2865.000,999.000,132.000,92.000,2733.000,907.000,2865.000,999.000,2799.000,953.000,132.000,92.000,0,1.000000,47.250000,343.923159,19.582083
1780476165.687728,,,BOARD_3,3,2,2730.000,906.000,2862.000,998.000,132.000,92.000,2730.000,906.000,2862.000,998.000,132.000,92.000,2730.000,906.000,2862.000,998.000,2796.000,952.000,132.000,92.000,0,1.000000,47.250000,343.909488,19.586667
1780476166.136721,,,BOARD_3,3,0,2727.000,905.000,2859.000,997.000,132.000,92.000,2727.000,905.000,2859.000,997.000,132.000,92.000,2727.000,905.000,2859.000,997.000,2793.000,951.000,132.000,92.000,0,1.000000,47.250000,343.895816,19.591250
1780476166.136721,,,BOARD_3,3,1,2731.000,909.000,2863.000,1001.000,132.000,92.000,2731.000,909.000,2863.000,1001.000,132.000,92.000,2731.000,909.000,2863.000,1001.000,2797.000,955.000,132.000,92.000,0,1.000000,47.250000,343.914045,19.572917
1780476166.353792,,,BOARD_3,3,0,2729.000,909.000,2861.000,1001.000,132.000,92.000,2729.000,909.000,2861.000,1001.000,132.000,92.000,2729.000,909.000,2861.000,1001.000,2795.000,955.000,132.000,92.000,0,1.000000,47.250000,343.904930,19.572917
1780476166.757054,,,BOARD_3,3,0,2728.000,909.000,2860.000,1001.000,132.000,92.000,2728.000,909.000,2860.000,1001.000,132.000,92.000,2728.000,909.000,2860.000,1001.000,2794.000,955.000,132.000,92.000,0,1.000000,47.250000,343.900373,19.572917
1780476166.757054,,,BOARD_3,3,1,2796.000,897.000,2928.000,989.000,132.000,92.000,2796.000,897.000,2928.000,989.000,132.000,92.000,2796.000,897.000,2928.000,989.000,2862.000,943.000,132.000,92.000,0,1.000000,47.250000,344.210269,19.627917
1780476171.968062,,,BOARD_3,2,0,2239.000,230.000,2371.000,322.000,132.000,92.000,2239.000,230.000,2371.000,322.000,132.000,92.000,2239.000,230.000,2371.000,322.000,2305.000,276.000,132.000,92.000,0,1.000000,47.250000,2.724857,22.685000
1780476172.293102,,,BOARD_3,2,0,2403.000,198.000,2535.000,290.000,132.000,92.000,2403.000,198.000,2535.000,290.000,132.000,92.000,2403.000,198.000,2535.000,290.000,2469.000,244.000,132.000,92.000,0,1.000000,47.250000,3.472253,22.831667
1780476173.350081,,,BOARD_3,2,0,2561.000,110.000,2809.000,290.000,248.000,180.000,2561.000,110.000,2809.000,290.000,248.000,180.000,2561.000,110.000,2809.000,290.000,2685.000,200.000,248.000,180.000,0,1.000000,25.150000,4.456628,23.033333
1780476173.651470,,,BOARD_3,2,0,2729.000,78.000,2977.000,258.000,248.000,180.000,2729.000,78.000,2977.000,258.000,248.000,180.000,2729.000,78.000,2977.000,258.000,2853.000,168.000,248.000,180.000,0,1.000000,25.150000,5.222253,23.180000
1780476179.947468,,,BOARD_3,1,0,1132.000,338.000,1380.000,518.000,248.000,180.000,1132.000,338.000,1380.000,518.000,248.000,180.000,1132.000,338.000,1380.000,518.000,1256.000,428.000,248.000,180.000,0,1.000000,25.150000,16.666058,21.988333
1780476180.773869,,,BOARD_3,1,0,1193.000,332.000,1441.000,512.000,248.000,180.000,1193.000,332.000,1441.000,512.000,248.000,180.000,1193.000,332.000,1441.000,512.000,1317.000,422.000,248.000,180.000,0,1.000000,25.150000,16.944053,22.015833
1780476181.243271,,,BOARD_3,1,0,1192.000,335.000,1440.000,515.000,248.000,180.000,1192.000,335.000,1440.000,515.000,248.000,180.000,1192.000,335.000,1440.000,515.000,1316.000,425.000,248.000,180.000,0,1.000000,25.150000,16.939496,22.002083
1780476181.645038,,,BOARD_3,1,0,1264.000,327.000,1512.000,507.000,248.000,180.000,1264.000,327.000,1512.000,507.000,248.000,180.000,1264.000,327.000,1512.000,507.000,1388.000,417.000,248.000,180.000,0,1.000000,25.150000,17.267621,22.038750
1780476182.605893,,,BOARD_3,1,0,1506.000,347.000,1638.000,439.000,132.000,92.000,1506.000,347.000,1638.000,439.000,132.000,92.000,1506.000,347.000,1638.000,439.000,1572.000,393.000,132.000,92.000,0,1.000000,47.250000,18.106162,22.148750
1780476182.605893,,,BOARD_3,1,1,1536.000,344.000,1668.000,436.000,132.000,92.000,1536.000,344.000,1668.000,436.000,132.000,92.000,1536.000,344.000,1668.000,436.000,1602.000,390.000,132.000,92.000,0,1.000000,47.250000,18.242881,22.162500
1780476183.172263,,,BOARD_3,1,0,1514.000,345.000,1646.000,437.000,132.000,92.000,1514.000,345.000,1646.000,437.000,132.000,92.000,1514.000,345.000,1646.000,437.000,1580.000,391.000,132.000,92.000,0,1.000000,47.250000,18.142621,22.157917
1780476184.135991,,,BOARD_3,1,0,1433.000,304.000,1681.000,484.000,248.000,180.000,1433.000,304.000,1681.000,484.000,248.000,180.000,1433.000,304.000,1681.000,484.000,1557.000,394.000,248.000,180.000,0,1.000000,25.150000,18.037803,22.144167
1780476188.727867,,,BOARD_3,1,0,1438.000,317.000,1686.000,497.000,248.000,180.000,1438.000,317.000,1686.000,497.000,248.000,180.000,1438.000,317.000,1686.000,497.000,1562.000,407.000,248.000,180.000,0,1.000000,25.150000,18.060590,22.084583
1780476188.727867,,,BOARD_3,1,1,1438.000,318.000,1686.000,498.000,248.000,180.000,1438.000,318.000,1686.000,498.000,248.000,180.000,1438.000,318.000,1686.000,498.000,1562.000,408.000,248.000,180.000,0,1.000000,25.150000,18.060590,22.080000
1780476189.279711,,,BOARD_3,1,0,1492.000,352.000,1624.000,444.000,132.000,92.000,1492.000,352.000,1624.000,444.000,132.000,92.000,1492.000,352.000,1624.000,444.000,1558.000,398.000,132.000,92.000,0,1.000000,47.250000,18.042360,22.125833
1780476189.279711,,,BOARD_3,1,1,1491.000,351.000,1623.000,443.000,132.000,92.000,1491.000,351.000,1623.000,443.000,132.000,92.000,1491.000,351.000,1623.000,443.000,1557.000,397.000,132.000,92.000,0,1.000000,47.250000,18.037803,22.130417
1780476189.930658,,,BOARD_3,1,0,1440.000,314.000,1688.000,494.000,248.000,180.000,1440.000,314.000,1688.000,494.000,248.000,180.000,1440.000,314.000,1688.000,494.000,1564.000,404.000,248.000,180.000,0,1.000000,25.150000,18.069704,22.098333
1780476190.158782,,,BOARD_3,1,0,1440.000,314.000,1688.000,494.000,248.000,180.000,1440.000,314.000,1688.000,494.000,248.000,180.000,1440.000,314.000,1688.000,494.000,1564.000,404.000,248.000,180.000,0,1.000000,25.150000,18.069704,22.098333
1780476190.158782,,,BOARD_3,1,1,1448.000,306.000,1696.000,486.000,248.000,180.000,1448.000,306.000,1696.000,486.000,248.000,180.000,1448.000,306.000,1696.000,486.000,1572.000,396.000,248.000,180.000,0,1.000000,25.150000,18.106162,22.135000
1780476190.158782,,,BOARD_3,1,2,1450.000,304.000,1698.000,484.000,248.000,180.000,1450.000,304.000,1698.000,484.000,248.000,180.000,1450.000,304.000,1698.000,484.000,1574.000,394.000,248.000,180.000,0,1.000000,25.150000,18.115277,22.144167
1780476190.518920,,,BOARD_3,1,0,1453.000,302.000,1701.000,482.000,248.000,180.000,1453.000,302.000,1701.000,482.000,248.000,180.000,1453.000,302.000,1701.000,482.000,1577.000,392.000,248.000,180.000,0,1.000000,25.150000,18.128949,22.153333
1780476190.775862,,,BOARD_3,1,0,1445.000,310.000,1693.000,490.000,248.000,180.000,1445.000,310.000,1693.000,490.000,248.000,180.000,1445.000,310.000,1693.000,490.000,1569.000,400.000,248.000,180.000,0,1.000000,25.150000,18.092491,22.116667
1780476191.125498,,,BOARD_3,1,0,1446.000,310.000,1694.000,490.000,248.000,180.000,1446.000,310.000,1694.000,490.000,248.000,180.000,1446.000,310.000,1694.000,490.000,1570.000,400.000,248.000,180.000,0,1.000000,25.150000,18.097048,22.116667
1780476191.125498,,,BOARD_3,1,1,1499.000,350.000,1631.000,442.000,132.000,92.000,1499.000,350.000,1631.000,442.000,132.000,92.000,1499.000,350.000,1631.000,442.000,1565.000,396.000,132.000,92.000,0,1.000000,47.250000,18.074261,22.135000
1780476191.125498,,,BOARD_3,1,2,1498.000,349.000,1630.000,441.000,132.000,92.000,1498.000,349.000,1630.000,441.000,132.000,92.000,1498.000,349.000,1630.000,441.000,1564.000,395.000,132.000,92.000,0,1.000000,47.250000,18.069704,22.139583
1780476191.533562,,,BOARD_3,1,0,1497.000,347.000,1629.000,439.000,132.000,92.000,1497.000,347.000,1629.000,439.000,132.000,92.000,1497.000,347.000,1629.000,439.000,1563.000,393.000,132.000,92.000,0,1.000000,47.250000,18.065147,22.148750
1780476191.533562,,,BOARD_3,1,1,1447.000,311.000,1695.000,491.000,248.000,180.000,1447.000,311.000,1695.000,491.000,248.000,180.000,1447.000,311.000,1695.000,491.000,1571.000,401.000,248.000,180.000,0,1.000000,25.150000,18.101605,22.112083
1780476191.533562,,,BOARD_3,1,2,1448.000,311.000,1696.000,491.000,248.000,180.000,1448.000,311.000,1696.000,491.000,248.000,180.000,1448.000,311.000,1696.000,491.000,1572.000,401.000,248.000,180.000,0,1.000000,25.150000,18.106162,22.112083
1780476191.932979,,,BOARD_3,1,0,1448.000,312.000,1696.000,492.000,248.000,180.000,1448.000,312.000,1696.000,492.000,248.000,180.000,1448.000,312.000,1696.000,492.000,1572.000,402.000,248.000,180.000,0,1.000000,25.150000,18.106162,22.107500
1780476191.932979,,,BOARD_3,1,1,1456.000,320.000,1704.000,500.000,248.000,180.000,1456.000,320.000,1704.000,500.000,248.000,180.000,1456.000,320.000,1704.000,500.000,1580.000,410.000,248.000,180.000,0,1.000000,25.150000,18.142621,22.070833
1780476192.172258,,,BOARD_3,1,0,1458.000,322.000,1706.000,502.000,248.000,180.000,1458.000,322.000,1706.000,502.000,248.000,180.000,1458.000,322.000,1706.000,502.000,1582.000,412.000,248.000,180.000,0,1.000000,25.150000,18.151735,22.061667
1780476192.413178,,,BOARD_3,1,0,1460.000,324.000,1708.000,504.000,248.000,180.000,1460.000,324.000,1708.000,504.000,248.000,180.000,1460.000,324.000,1708.000,504.000,1584.000,414.000,248.000,180.000,0,1.000000,25.150000,18.160850,22.052500
1780476192.413178,,,BOARD_3,1,1,1452.000,316.000,1700.000,496.000,248.000,180.000,1452.000,316.000,1700.000,496.000,248.000,180.000,1452.000,316.000,1700.000,496.000,1576.000,406.000,248.000,180.000,0,1.000000,25.150000,18.124392,22.089167
1780476192.413178,,,BOARD_3,1,2,1452.000,316.000,1700.000,496.000,248.000,180.000,1452.000,316.000,1700.000,496.000,248.000,180.000,1452.000,316.000,1700.000,496.000,1576.000,406.000,248.000,180.000,0,1.000000,25.150000,18.124392,22.089167
1780476192.994971,,,BOARD_3,1,0,1466.000,192.000,1702.000,668.000,236.000,476.000,1466.000,192.000,1702.000,668.000,236.000,476.000,1466.000,192.000,1702.000,668.000,1584.000,430.000,236.000,476.000,0,1.000000,26.430000,18.160850,21.979167
1780476193.356866,,,BOARD_3,1,0,1468.000,380.000,1716.000,560.000,248.000,180.000,1468.000,380.000,1716.000,560.000,248.000,180.000,1468.000,380.000,1716.000,560.000,1592.000,470.000,248.000,180.000,0,1.000000,25.150000,18.197308,21.795833
1780476193.356866,,,BOARD_3,1,1,1471.000,393.000,1719.000,573.000,248.000,180.000,1471.000,393.000,1719.000,573.000,248.000,180.000,1471.000,393.000,1719.000,573.000,1595.000,483.000,248.000,180.000,0,1.000000,25.150000,18.210980,21.736250
1780476200.442372,,,BOARD_3,1,0,1497.000,468.000,1745.000,648.000,248.000,180.000,1497.000,468.000,1745.000,648.000,248.000,180.000,1497.000,468.000,1745.000,648.000,1621.000,558.000,248.000,180.000,0,1.000000,25.150000,18.329470,21.392500
1780476200.717430,,,BOARD_3,1,0,1496.000,470.000,1744.000,650.000,248.000,180.000,1496.000,470.000,1744.000,650.000,248.000,180.000,1496.000,470.000,1744.000,650.000,1620.000,560.000,248.000,180.000,0,1.000000,25.150000,18.324912,21.383333
1780476200.717430,,,BOARD_3,1,1,1505.000,460.000,1753.000,640.000,248.000,180.000,1505.000,460.000,1753.000,640.000,248.000,180.000,1505.000,460.000,1753.000,640.000,1629.000,550.000,248.000,180.000,0,1.000000,25.150000,18.365928,21.429167
1780476200.955851,,,BOARD_3,1,0,1507.000,459.000,1755.000,639.000,248.000,180.000,1507.000,459.000,1755.000,639.000,248.000,180.000,1507.000,459.000,1755.000,639.000,1631.000,549.000,248.000,180.000,0,1.000000,25.150000,18.375043,21.433750
1780476201.233243,,,BOARD_3,1,0,1509.000,457.000,1757.000,637.000,248.000,180.000,1509.000,457.000,1757.000,637.000,248.000,180.000,1509.000,457.000,1757.000,637.000,1633.000,547.000,248.000,180.000,0,1.000000,25.150000,18.384157,21.442917
1780476201.233243,,,BOARD_3,1,1,1501.000,465.000,1749.000,645.000,248.000,180.000,1501.000,465.000,1749.000,645.000,248.000,180.000,1501.000,465.000,1749.000,645.000,1625.000,555.000,248.000,180.000,0,1.000000,25.150000,18.347699,21.406250
1780476201.435631,,,BOARD_3,1,0,1501.000,465.000,1749.000,645.000,248.000,180.000,1501.000,465.000,1749.000,645.000,248.000,180.000,1501.000,465.000,1749.000,645.000,1625.000,555.000,248.000,180.000,0,1.000000,25.150000,18.347699,21.406250
1780476201.990192,,,BOARD_3,1,0,1493.000,458.000,1741.000,638.000,248.000,180.000,1493.000,458.000,1741.000,638.000,248.000,180.000,1493.000,458.000,1741.000,638.000,1617.000,548.000,248.000,180.000,0,1.000000,25.150000,18.311241,21.438333
1780476201.990192,,,BOARD_3,1,1,1492.000,457.000,1740.000,637.000,248.000,180.000,1492.000,457.000,1740.000,637.000,248.000,180.000,1492.000,457.000,1740.000,637.000,1616.000,547.000,248.000,180.000,0,1.000000,25.150000,18.306683,21.442917
1780476202.357444,,,BOARD_3,1,0,1498.000,464.000,1746.000,644.000,248.000,180.000,1498.000,464.000,1746.000,644.000,248.000,180.000,1498.000,464.000,1746.000,644.000,1622.000,554.000,248.000,180.000,0,1.000000,25.150000,18.334027,21.410833
1780476202.357444,,,BOARD_3,1,1,1498.000,465.000,1746.000,645.000,248.000,180.000,1498.000,465.000,1746.000,645.000,248.000,180.000,1498.000,465.000,1746.000,645.000,1622.000,555.000,248.000,180.000,0,1.000000,25.150000,18.334027,21.406250
1780476202.654523,,,BOARD_3,1,0,1499.000,465.000,1747.000,645.000,248.000,180.000,1499.000,465.000,1747.000,645.000,248.000,180.000,1499.000,465.000,1747.000,645.000,1623.000,555.000,248.000,180.000,0,1.000000,25.150000,18.338584,21.406250
1780476202.654523,,,BOARD_3,1,1,1553.000,489.000,1685.000,581.000,132.000,92.000,1553.000,489.000,1685.000,581.000,132.000,92.000,1553.000,489.000,1685.000,581.000,1619.000,535.000,132.000,92.000,0,1.000000,47.250000,18.320355,21.497917
1780476203.214390,,,BOARD_3,1,0,1553.000,487.000,1685.000,579.000,132.000,92.000,1553.000,487.000,1685.000,579.000,132.000,92.000,1553.000,487.000,1685.000,579.000,1619.000,533.000,132.000,92.000,0,1.000000,47.250000,18.320355,21.507083
1780476203.214390,,,BOARD_3,1,1,1503.000,437.000,1751.000,617.000,248.000,180.000,1503.000,437.000,1751.000,617.000,248.000,180.000,1503.000,437.000,1751.000,617.000,1627.000,527.000,248.000,180.000,0,1.000000,25.150000,18.356814,21.534583
1780476203.432260,,,BOARD_3,1,0,1505.000,434.000,1753.000,614.000,248.000,180.000,1505.000,434.000,1753.000,614.000,248.000,180.000,1505.000,434.000,1753.000,614.000,1629.000,524.000,248.000,180.000,0,1.000000,25.150000,18.365928,21.548333
1780476203.696915,,,BOARD_3,1,0,1507.000,430.000,1755.000,610.000,248.000,180.000,1507.000,430.000,1755.000,610.000,248.000,180.000,1507.000,430.000,1755.000,610.000,1631.000,520.000,248.000,180.000,0,1.000000,25.150000,18.375043,21.566667
1780476203.696915,,,BOARD_3,1,1,1499.000,438.000,1747.000,618.000,248.000,180.000,1499.000,438.000,1747.000,618.000,248.000,180.000,1499.000,438.000,1747.000,618.000,1623.000,528.000,248.000,180.000,0,1.000000,25.150000,18.338584,21.530000
1780476204.088590,,,BOARD_3,1,0,1499.000,437.000,1747.000,617.000,248.000,180.000,1499.000,437.000,1747.000,617.000,248.000,180.000,1499.000,437.000,1747.000,617.000,1623.000,527.000,248.000,180.000,0,1.000000,25.150000,18.338584,21.534583
1780476204.088590,,,BOARD_3,1,1,1507.000,430.000,1755.000,610.000,248.000,180.000,1507.000,430.000,1755.000,610.000,248.000,180.000,1507.000,430.000,1755.000,610.000,1631.000,520.000,248.000,180.000,0,1.000000,25.150000,18.375043,21.566667
1780476204.088590,,,BOARD_3,1,2,1509.000,427.000,1757.000,607.000,248.000,180.000,1509.000,427.000,1757.000,607.000,248.000,180.000,1509.000,427.000,1757.000,607.000,1633.000,517.000,248.000,180.000,0,1.000000,25.150000,18.384157,21.580417
1780476204.458734,,,BOARD_3,1,0,1512.000,424.000,1760.000,604.000,248.000,180.000,1512.000,424.000,1760.000,604.000,248.000,180.000,1512.000,424.000,1760.000,604.000,1636.000,514.000,248.000,180.000,0,1.000000,25.150000,18.397829,21.594167
1780476204.680436,,,BOARD_3,1,0,1504.000,432.000,1752.000,612.000,248.000,180.000,1504.000,432.000,1752.000,612.000,248.000,180.000,1504.000,432.000,1752.000,612.000,1628.000,522.000,248.000,180.000,0,1.000000,25.150000,18.361371,21.557500
1780476204.911603,,,BOARD_3,1,0,1505.000,431.000,1753.000,611.000,248.000,180.000,1505.000,431.000,1753.000,611.000,248.000,180.000,1505.000,431.000,1753.000,611.000,1629.000,521.000,248.000,180.000,0,1.000000,25.150000,18.365928,21.562083
1780476204.911603,,,BOARD_3,1,1,1512.000,440.000,1760.000,620.000,248.000,180.000,1512.000,440.000,1760.000,620.000,248.000,180.000,1512.000,440.000,1760.000,620.000,1636.000,530.000,248.000,180.000,0,1.000000,25.150000,18.397829,21.520833
1780476204.911603,,,BOARD_3,1,2,1514.000,442.000,1762.000,622.000,248.000,180.000,1514.000,442.000,1762.000,622.000,248.000,180.000,1514.000,442.000,1762.000,622.000,1638.000,532.000,248.000,180.000,0,1.000000,25.150000,18.406944,21.511667
1780476205.361494,,,BOARD_3,1,0,1517.000,444.000,1765.000,624.000,248.000,180.000,1517.000,444.000,1765.000,624.000,248.000,180.000,1517.000,444.000,1765.000,624.000,1641.000,534.000,248.000,180.000,0,1.000000,25.150000,18.420616,21.502500
1780476205.361494,,,BOARD_3,1,1,1509.000,436.000,1757.000,616.000,248.000,180.000,1509.000,436.000,1757.000,616.000,248.000,180.000,1509.000,436.000,1757.000,616.000,1633.000,526.000,248.000,180.000,0,1.000000,25.150000,18.384157,21.539167
1780476205.594975,,,BOARD_3,1,0,1510.000,436.000,1758.000,616.000,248.000,180.000,1510.000,436.000,1758.000,616.000,248.000,180.000,1510.000,436.000,1758.000,616.000,1634.000,526.000,248.000,180.000,0,1.000000,25.150000,18.388715,21.539167
1780476205.942810,,,BOARD_3,1,0,1510.000,436.000,1758.000,616.000,248.000,180.000,1510.000,436.000,1758.000,616.000,248.000,180.000,1510.000,436.000,1758.000,616.000,1634.000,526.000,248.000,180.000,0,1.000000,25.150000,18.388715,21.539167
1780476209.534023,,,BOARD_3,1,0,924.000,1851.000,1172.000,2031.000,248.000,180.000,924.000,1851.000,1172.000,2031.000,248.000,180.000,924.000,1851.000,1172.000,2031.000,1048.000,1941.000,248.000,180.000,0,1.000000,25.150000,15.718142,15.053750
1780476211.883123,,,BOARD_3,1,0,389.000,1122.000,625.000,1598.000,236.000,476.000,389.000,1122.000,625.000,1598.000,236.000,476.000,389.000,1122.000,625.000,1598.000,507.000,1360.000,236.000,476.000,0,1.000000,26.430000,13.252647,17.716667
1780476212.757885,,,BOARD_3,1,0,477.000,1190.000,609.000,1282.000,132.000,92.000,477.000,1190.000,609.000,1282.000,132.000,92.000,477.000,1190.000,609.000,1282.000,543.000,1236.000,132.000,92.000,0,1.000000,47.250000,13.416709,18.285000
1780476220.899174,,,BOARD_2,2,0,3314.000,691.000,3550.000,1167.000,236.000,476.000,3314.000,691.000,3550.000,1167.000,236.000,476.000,3314.000,691.000,3550.000,1167.000,3432.000,929.000,236.000,476.000,0,1.000000,26.430000,6.966525,10.192083
1780476221.389121,,,BOARD_2,2,0,3241.000,658.000,3477.000,1134.000,236.000,476.000,3241.000,658.000,3477.000,1134.000,236.000,476.000,3241.000,658.000,3477.000,1134.000,3359.000,896.000,236.000,476.000,0,1.000000,26.430000,6.633843,10.343333
1780476223.298329,,,BOARD_2,2,0,3007.000,545.000,3243.000,1021.000,236.000,476.000,3007.000,545.000,3243.000,1021.000,236.000,476.000,3007.000,545.000,3243.000,1021.000,3125.000,783.000,236.000,476.000,0,1.000000,26.430000,5.567436,10.861250
1780476223.860162,,,BOARD_2,2,0,2980.000,539.000,3216.000,1015.000,236.000,476.000,2980.000,539.000,3216.000,1015.000,236.000,476.000,2980.000,539.000,3216.000,1015.000,3098.000,777.000,236.000,476.000,0,1.000000,26.430000,5.444390,10.888750
1780476225.685233,,,BOARD_2,2,0,3010.000,574.000,3246.000,1050.000,236.000,476.000,3010.000,574.000,3246.000,1050.000,236.000,476.000,3010.000,574.000,3246.000,1050.000,3128.000,812.000,236.000,476.000,0,1.000000,26.430000,5.581108,10.728333
1780476226.249677,,,BOARD_2,2,0,3019.000,588.000,3255.000,1064.000,236.000,476.000,3019.000,588.000,3255.000,1064.000,236.000,476.000,3019.000,588.000,3255.000,1064.000,3137.000,826.000,236.000,476.000,0,1.000000,26.430000,5.622124,10.664167
1780476226.249677,,,BOARD_2,2,1,3021.000,592.000,3257.000,1068.000,236.000,476.000,3021.000,592.000,3257.000,1068.000,236.000,476.000,3021.000,592.000,3257.000,1068.000,3139.000,830.000,236.000,476.000,0,1.000000,26.430000,5.631239,10.645833
1780476226.785012,,,BOARD_2,2,0,2999.000,604.000,3235.000,1080.000,236.000,476.000,2999.000,604.000,3235.000,1080.000,236.000,476.000,2999.000,604.000,3235.000,1080.000,3117.000,842.000,236.000,476.000,0,1.000000,26.430000,5.530978,10.590833
1780476226.785012,,,BOARD_2,2,1,2996.000,609.000,3232.000,1085.000,236.000,476.000,2996.000,609.000,3232.000,1085.000,236.000,476.000,2996.000,609.000,3232.000,1085.000,3114.000,847.000,236.000,476.000,0,1.000000,26.430000,5.517306,10.567917
1780476227.319845,,,BOARD_2,2,0,3001.000,605.000,3237.000,1081.000,236.000,476.000,3001.000,605.000,3237.000,1081.000,236.000,476.000,3001.000,605.000,3237.000,1081.000,3119.000,843.000,236.000,476.000,0,1.000000,26.430000,5.540093,10.586250
1780476227.319845,,,BOARD_2,2,1,3000.000,607.000,3236.000,1083.000,236.000,476.000,3000.000,607.000,3236.000,1083.000,236.000,476.000,3000.000,607.000,3236.000,1083.000,3118.000,845.000,236.000,476.000,0,1.000000,26.430000,5.535535,10.577083
1780476227.973127,,,BOARD_2,2,0,2991.000,618.000,3227.000,1094.000,236.000,476.000,2991.000,618.000,3227.000,1094.000,236.000,476.000,2991.000,618.000,3227.000,1094.000,3109.000,856.000,236.000,476.000,0,1.000000,26.430000,5.494520,10.526667
1780476228.214709,,,BOARD_2,2,0,2989.000,621.000,3225.000,1097.000,236.000,476.000,2989.000,621.000,3225.000,1097.000,236.000,476.000,2989.000,621.000,3225.000,1097.000,3107.000,859.000,236.000,476.000,0,1.000000,26.430000,5.485405,10.512917
1780476228.632473,,,BOARD_2,2,0,2979.000,617.000,3215.000,1093.000,236.000,476.000,2979.000,617.000,3215.000,1093.000,236.000,476.000,2979.000,617.000,3215.000,1093.000,3097.000,855.000,236.000,476.000,0,1.000000,26.430000,5.439832,10.531250
1780476228.632473,,,BOARD_2,2,1,2976.000,618.000,3212.000,1094.000,236.000,476.000,2976.000,618.000,3212.000,1094.000,236.000,476.000,2976.000,618.000,3212.000,1094.000,3094.000,856.000,236.000,476.000,0,1.000000,26.430000,5.426160,10.526667
1780476229.026338,,,BOARD_2,2,0,2973.000,620.000,3209.000,1096.000,236.000,476.000,2973.000,620.000,3209.000,1096.000,236.000,476.000,2973.000,620.000,3209.000,1096.000,3091.000,858.000,236.000,476.000,0,1.000000,26.430000,5.412489,10.517500
1780476229.026338,,,BOARD_2,2,1,2965.000,612.000,3201.000,1088.000,236.000,476.000,2965.000,612.000,3201.000,1088.000,236.000,476.000,2965.000,612.000,3201.000,1088.000,3083.000,850.000,236.000,476.000,0,1.000000,26.430000,5.376030,10.554167
1780476229.451256,,,BOARD_2,2,0,2961.000,612.000,3197.000,1088.000,236.000,476.000,2961.000,612.000,3197.000,1088.000,236.000,476.000,2961.000,612.000,3197.000,1088.000,3079.000,850.000,236.000,476.000,0,1.000000,26.430000,5.357801,10.554167
1780476229.919254,,,BOARD_2,2,0,2957.000,611.000,3193.000,1087.000,236.000,476.000,2957.000,611.000,3193.000,1087.000,236.000,476.000,2957.000,611.000,3193.000,1087.000,3075.000,849.000,236.000,476.000,0,1.000000,26.430000,5.339572,10.558750
1780476230.126497,,,BOARD_2,2,0,2949.000,619.000,3185.000,1095.000,236.000,476.000,2949.000,619.000,3185.000,1095.000,236.000,476.000,2949.000,619.000,3185.000,1095.000,3067.000,857.000,236.000,476.000,0,1.000000,26.430000,5.303114,10.522083
1780476230.126497,,,BOARD_2,2,1,2944.000,620.000,3180.000,1096.000,236.000,476.000,2944.000,620.000,3180.000,1096.000,236.000,476.000,2944.000,620.000,3180.000,1096.000,3062.000,858.000,236.000,476.000,0,1.000000,26.430000,5.280327,10.517500
1780476230.567803,,,BOARD_2,2,0,2940.000,621.000,3176.000,1097.000,236.000,476.000,2940.000,621.000,3176.000,1097.000,236.000,476.000,2940.000,621.000,3176.000,1097.000,3058.000,859.000,236.000,476.000,0,1.000000,26.430000,5.262098,10.512917
1780476230.567803,,,BOARD_2,2,1,2932.000,629.000,3168.000,1105.000,236.000,476.000,2932.000,629.000,3168.000,1105.000,236.000,476.000,2932.000,629.000,3168.000,1105.000,3050.000,867.000,236.000,476.000,0,1.000000,26.430000,5.225640,10.476250
1780476230.863236,,,BOARD_2,2,0,2927.000,631.000,3163.000,1107.000,236.000,476.000,2927.000,631.000,3163.000,1107.000,236.000,476.000,2927.000,631.000,3163.000,1107.000,3045.000,869.000,236.000,476.000,0,1.000000,26.430000,5.202853,10.467083
1780476231.165234,,,BOARD_2,2,0,2922.000,634.000,3158.000,1110.000,236.000,476.000,2922.000,634.000,3158.000,1110.000,236.000,476.000,2922.000,634.000,3158.000,1110.000,3040.000,872.000,236.000,476.000,0,1.000000,26.430000,5.180067,10.453333
1780476231.165234,,,BOARD_2,2,1,2914.000,642.000,3150.000,1118.000,236.000,476.000,2914.000,642.000,3150.000,1118.000,236.000,476.000,2914.000,642.000,3150.000,1118.000,3032.000,880.000,236.000,476.000,0,1.000000,26.430000,5.143608,10.416667
1780476231.405725,,,BOARD_2,2,0,2908.000,645.000,3144.000,1121.000,236.000,476.000,2908.000,645.000,3144.000,1121.000,236.000,476.000,2908.000,645.000,3144.000,1121.000,3026.000,883.000,236.000,476.000,0,1.000000,26.430000,5.116265,10.402917
1780476231.802085,,,BOARD_2,2,0,2903.000,649.000,3139.000,1125.000,236.000,476.000,2903.000,649.000,3139.000,1125.000,236.000,476.000,2903.000,649.000,3139.000,1125.000,3021.000,887.000,236.000,476.000,0,1.000000,26.430000,5.093478,10.384583
1780476232.100240,,,BOARD_2,2,0,2895.000,641.000,3131.000,1117.000,236.000,476.000,2895.000,641.000,3131.000,1117.000,236.000,476.000,2895.000,641.000,3131.000,1117.000,3013.000,879.000,236.000,476.000,0,1.000000,26.430000,5.057020,10.421250
1780476232.100240,,,BOARD_2,2,1,2889.000,642.000,3125.000,1118.000,236.000,476.000,2889.000,642.000,3125.000,1118.000,236.000,476.000,2889.000,642.000,3125.000,1118.000,3007.000,880.000,236.000,476.000,0,1.000000,26.430000,5.029676,10.416667
1780476232.615864,,,BOARD_2,2,0,2883.000,644.000,3119.000,1120.000,236.000,476.000,2883.000,644.000,3119.000,1120.000,236.000,476.000,2883.000,644.000,3119.000,1120.000,3001.000,882.000,236.000,476.000,0,1.000000,26.430000,5.002332,10.407500
1780476232.615864,,,BOARD_2,2,1,2891.000,620.000,3127.000,1096.000,236.000,476.000,2891.000,620.000,3127.000,1096.000,236.000,476.000,2891.000,620.000,3127.000,1096.000,3009.000,858.000,236.000,476.000,0,1.000000,26.430000,5.038791,10.517500
1780476232.897936,,,BOARD_2,2,0,2888.000,617.000,3124.000,1093.000,236.000,476.000,2888.000,617.000,3124.000,1093.000,236.000,476.000,2888.000,617.000,3124.000,1093.000,3006.000,855.000,236.000,476.000,0,1.000000,26.430000,5.025119,10.531250
1780476233.158422,,,BOARD_2,2,0,2884.000,614.000,3120.000,1090.000,236.000,476.000,2884.000,614.000,3120.000,1090.000,236.000,476.000,2884.000,614.000,3120.000,1090.000,3002.000,852.000,236.000,476.000,0,1.000000,26.430000,5.006890,10.545000
1780476249.490883,,,BOARD_2,2,0,2439.000,1427.000,2903.000,1787.000,464.000,360.000,2439.000,1427.000,2903.000,1787.000,464.000,360.000,2439.000,1427.000,2903.000,1787.000,2671.000,1607.000,464.000,360.000,0,1.000000,13.440000,3.498426,7.084583
1780476290.666598,,,BOARD_2,2,0,2287.000,1298.000,2523.000,1774.000,236.000,476.000,2287.000,1298.000,2523.000,1774.000,236.000,476.000,2287.000,1298.000,2523.000,1774.000,2405.000,1536.000,236.000,476.000,0,1.000000,26.430000,2.286186,7.410000
1780476315.793751,,,BOARD_2,2,0,2085.000,1088.000,2321.000,1564.000,236.000,476.000,2085.000,1088.000,2321.000,1564.000,236.000,476.000,2085.000,1088.000,2321.000,1564.000,2203.000,1326.000,236.000,476.000,0,1.000000,26.430000,1.365614,8.372500
