timestamp,seq,mode,dt,raw_meas_count,fused_meas_count,fusion_groups,meas_count,track_count,valid_count,track_ids,valid_ids,master_id,hit_streaks,time_since_updates,track_states,cmd_az,cmd_el,gimbal_ui_az,gimbal_ui_el
1780474098.042534,,,0.250000,1,1,"0:n=1,raw=0,src=BOARD_1/2",1,1,0,1,,,1,0,"1:4.7715,-2.5117,0.0000,0.0000",,,352.800000,2.900000
1780474099.954875,,,0.250000,2,1,"0:n=2,raw=0,1,src=BOARD_1/2,BOARD_1/2",1,1,0,1,,,2,0,"1:4.7362,-2.4720,-0.0186,0.0209",,,359.900000,-0.000000
1780474101.348692,,,0.250000,2,1,"0:n=2,raw=0,1,src=BOARD_1/2,BOARD_1/2",1,1,1,1,1,1,3,0,"1:4.7375,-2.4862,-0.0090,0.0007",,,359.900000,-0.000000
1780474103.136179,,,0.250000,2,1,"0:n=2,raw=0,1,src=BOARD_1/2,BOARD_1/2",1,1,1,1,1,1,4,0,"1:4.7518,-2.4999,0.0013,-0.0062",64.034835,-2.485997,4.600000,-2.300000
1780474103.467451,,,0.250000,2,2,"0:n=1,raw=0,src=BOARD_1/2;1:n=1,raw=1,src=BOARD_1/2",2,2,1,1;2,1,1,5;1,0;0,"1:4.7448,-2.4939,-0.0015,-0.0021;2:2.6296,-2.2000,0.0000,0.0000",64.034835,-2.485997,4.600000,-2.300000
1780474104.947557,,,0.250000,3,2,"0:n=2,raw=0,2,src=BOARD_1/2,BOARD_1/2;1:n=1,raw=1,src=BOARD_1/2",2,2,1,1;2,1,1,6;2,0;0,"1:4.7515,-2.4814,0.0039,0.0083;2:2.6296,-2.2000,0.0000,0.0000",64.034835,-2.485997,4.600000,-2.300000
1780474105.243094,,,0.250000,1,1,"0:n=1,raw=0,src=BOARD_1/2",1,2,1,1;2,1,1,7;1,0;1,"1:4.7667,-2.4632,0.0120,0.0189;2:2.6296,-2.2000,0.0000,0.0000",64.034835,-2.485997,4.600000,-2.300000
1780474107.113714,,,0.241752,2,1,"0:n=2,raw=0,1,src=BOARD_1/2,BOARD_1/2",1,2,1,1;2,1,1,8;0,0;10,"1:4.7782,-2.4601,0.0078,0.0039;2:2.6296,-2.2000,0.0000,0.0000",64.034835,-2.485997,4.600000,-2.300000
1780474107.427282,,,0.250000,1,1,"0:n=1,raw=0,src=BOARD_1/2",1,2,1,1;2,1,1,9;0,0;11,"1:4.7740,-2.4676,0.0053,-0.0005;2:2.6296,-2.2000,0.0000,0.0000",64.034835,-2.485997,4.600000,-2.300000
1780474110.632743,,,0.250000,2,1,"0:n=2,raw=0,1,src=BOARD_1/2,BOARD_1/2",1,2,1,1;2,1,1,10;0,0;26,"1:4.7608,-2.4876,-0.0036,-0.0069;2:2.6296,-2.2000,0.0000,0.0000",64.034835,-2.485997,4.600000,-2.300000
1780474110.981325,,,0.250000,1,1,"0:n=1,raw=0,src=BOARD_1/2",1,2,1,1;2,1,1,11;0,0;27,"1:4.7543,-2.4915,-0.0054,-0.0080;2:2.6296,-2.2000,0.0000,0.0000",64.034835,-2.485997,4.600000,-2.300000
1780474114.483110,,,0.250000,2,1,"0:n=2,raw=0,1,src=BOARD_1/2,BOARD_1/2",1,2,1,1;2,1,1,12;0,0;44,"1:4.7671,-2.4726,0.0035,0.0069;2:2.6296,-2.2000,0.0000,0.0000",64.034835,-2.485997,4.600000,-2.300000
1780474114.768831,,,0.250000,1,1,"0:n=1,raw=0,src=BOARD_1/2",1,2,1,1;2,1,1,13;0,0;45,"1:4.7837,-2.4556,0.0085,0.0138;2:2.6296,-2.2000,0.0000,0.0000",64.034835,-2.485997,4.600000,-2.300000
1780474119.148228,,,0.250000,1,1,"0:n=1,raw=0,src=BOARD_1/2",1,1,1,1,1,1,14,0,"1:4.8131,-2.4283,0.0068,0.0051",64.034835,-2.485997,4.600000,-2.300000
1780474119.399422,,,0.250000,2,1,"0:n=2,raw=0,1,src=BOARD_1/2,BOARD_1/2",1,1,1,1,1,1,15,0,"1:4.7808,-2.4632,-0.0032,-0.0106",64.034835,-2.485997,4.600000,-2.300000
1780474123.237249,,,0.202688,2,1,"0:n=2,raw=0,1,src=BOARD_1/2,BOARD_1/2",1,1,1,1,1,1,16,0,"1:4.7507,-2.4937,-0.0080,-0.0076",64.034835,-2.485997,4.600000,-2.300000
1780474128.332249,,,0.236357,2,2,"0:n=1,raw=0,src=BOARD_1/2;1:n=1,raw=1,src=BOARD_1/2",2,2,1,1;3,1,1,17;1,0;0,"1:3.3324,-2.4940,-0.2950,0.0013;3:3.7689,-3.6667,0.0000,0.0000",64.034835,-2.485997,4.600000,-2.300000
1780474131.305983,,,0.250000,3,3,"0:n=1,raw=0,src=BOARD_1/2;1:n=1,raw=1,src=BOARD_1/2;2:n=1,raw=2,src=BOARD_1/2",3,3,1,1;3;4,1,1,18;2;1,0;0;0,"1:2.5187,-2.2161,-0.2839,0.0986;3:3.6963,-3.5946,-0.0257,0.0256;4:3.2949,-2.5025,0.0000,0.0000",62.543870,-2.493602,3.200000,-2.300000
1780474131.615760,,,0.250000,1,1,"0:n=1,raw=0,src=BOARD_1/2",1,3,1,1;3;4,3,3,17;3;0,1;0;1,"1:2.4478,-2.1915,-0.2839,0.0986;3:3.6593,-3.5732,-0.0368,0.0324;4:3.2949,-2.5025,0.0000,0.0000",61.733580,-2.186561,3.200000,-2.300000
1780474158.515403,,,0.250000,2,1,"0:n=2,raw=0,1,src=BOARD_1/2,BOARD_1/2",1,1,0,5,,3,1,0,"5:4.8695,-2.4819,0.0000,0.0000",62.948212,-3.563500,3.400000,-3.400000
1780474160.821568,,,0.250000,3,3,"0:n=1,raw=0,src=BOARD_1/2;1:n=1,raw=1,src=BOARD_1/2;2:n=1,raw=2,src=BOARD_1/2",3,3,0,5;6;7,,3,2;1;1,0;0;0,"5:4.0383,-3.5635,-0.3678,-0.4787;6:2.7799,-3.5933,0.0000,0.0000;7:2.7799,-2.8600,0.0000,0.0000",62.948212,-3.563500,3.400000,-3.400000
1780474165.479698,,,0.250000,2,1,"0:n=2,raw=0,1,src=BOARD_1/2,BOARD_1/2",1,3,0,5;6;7,,3,1;0;2,22;22;0,"5:2.3802,-5.7214,-0.3678,-0.4787;6:2.7799,-3.5933,0.0000,0.0000;7:4.6974,-2.4229,0.4488,0.1023",62.948212,-3.563500,3.400000,-3.400000
1780474168.250481,,,0.250000,2,1,"0:n=2,raw=0,1,src=BOARD_1/2,BOARD_1/2",1,3,1,5;6;7,7,7,0;0;3,35;35;0,"5:1.3929,-7.0062,-0.3678,-0.4787;6:2.7799,-3.5933,0.0000,0.0000;7:4.9316,-2.3977,0.1660,0.0095",62.948212,-3.563500,3.400000,-3.400000
1780474170.908753,,,0.230863,2,1,"0:n=2,raw=0,1,src=BOARD_1/2,BOARD_1/2",1,3,0,5;6;7,,7,0;1;2,48;0;13,"5:0.4152,-8.2786,-0.3678,-0.4787;6:2.7799,-3.5201,0.0000,0.0083;7:5.3730,-2.3724,0.1660,0.0095",64.281380,-2.394843,4.900000,-2.200000
1780474172.821214,,,0.250000,3,2,"0:n=2,raw=0,1,src=BOARD_1/2,BOARD_1/2;1:n=1,raw=2,src=BOARD_1/2",2,2,1,6;7,7,7,2;3,0;0,"6:2.7568,-3.5915,-0.0085,-0.0343;7:3.4044,-2.4185,-0.3468,-0.0068",64.281380,-2.394843,4.900000,-2.200000
1780474174.802485,,,0.250000,2,1,"0:n=2,raw=0,1,src=BOARD_1/2,BOARD_1/2",1,2,1,6;7,7,7,1;4,9;0,"6:2.7408,-3.6555,-0.0085,-0.0343;7:3.4942,-2.5801,-0.1003,-0.0747",62.600336,-2.420506,3.300000,-2.200000
1780474180.373727,,,0.250000,2,1,"0:n=2,raw=0,1,src=BOARD_1/2,BOARD_1/2",1,2,1,6;7,7,7,0;5,36;0,"6:2.6938,-3.8447,-0.0085,-0.0343;7:4.6750,-2.4486,0.2418,0.0437",62.764077,-2.602544,3.300000,-2.500000
1780474182.242069,,,0.247547,2,1,"0:n=2,raw=0,1,src=BOARD_1/2,BOARD_1/2",1,2,1,6;7,7,7,0;6,45;0,"6:2.6778,-3.9087,-0.0085,-0.0343;7:4.8455,-2.4259,0.1468,0.0164",64.047571,-2.435515,4.600000,-2.500000
1780474182.558087,,,0.250000,1,1,"0:n=1,raw=0,src=BOARD_1/2",1,2,1,6;7,7,7,0;7,46;0,"6:2.6757,-3.9173,-0.0085,-0.0343;7:4.8377,-2.4431,0.1300,0.0047",64.047571,-2.435515,4.600000,-2.500000
1780474185.010820,,,0.230272,2,1,"0:n=2,raw=0,1,src=BOARD_1/2,BOARD_1/2",1,1,1,7,7,7,8,0,"7:4.8500,-2.4461,0.0242,-0.0012",64.047571,-2.435515,4.600000,-2.500000
1780474185.306322,,,0.250000,1,1,"0:n=1,raw=0,src=BOARD_1/2",1,1,1,7,7,7,9,0,"7:4.8054,-2.4346,0.0056,0.0047",64.047571,-2.435515,4.600000,-2.500000
1780474186.807047,,,0.250000,2,1,"0:n=2,raw=0,1,src=BOARD_1/2,BOARD_1/2",1,1,1,7,7,7,10,0,"7:4.7732,-2.4198,-0.0109,0.0090",64.047571,-2.435515,4.600000,-2.500000
1780474187.080682,,,0.250000,1,1,"0:n=1,raw=0,src=BOARD_1/2",1,1,1,7,7,7,11,0,"7:4.7872,-2.3901,-0.0038,0.0250",64.047571,-2.435515,4.600000,-2.500000
1780474188.626585,,,0.250000,1,1,"0:n=1,raw=0,src=BOARD_1/2",1,1,1,7,7,7,12,0,"7:4.8015,-2.3553,0.0045,0.0240",64.047571,-2.435515,4.600000,-2.500000
1780474197.361281,,,0.228364,1,1,"0:n=1,raw=0,src=BOARD_1/2",1,1,1,7,7,7,13,0,"7:4.7815,-2.4917,-0.0038,-0.0279",64.047571,-2.435515,4.600000,-2.500000
1780474202.078716,,,0.250000,1,1,"0:n=1,raw=0,src=BOARD_1/2",1,1,1,7,7,7,14,0,"7:4.8876,-2.4233,0.0239,0.0205",64.047571,-2.435515,4.600000,-2.500000
1780474204.462295,,,0.250000,2,1,"0:n=2,raw=0,1,src=BOARD_1/2,BOARD_1/2",1,1,1,7,7,7,15,0,"7:4.8715,-2.4288,0.0015,-0.0010",64.047571,-2.435515,4.600000,-2.500000
1780474204.758135,,,0.250000,1,1,"0:n=1,raw=0,src=BOARD_1/2",1,1,1,7,7,7,16,0,"7:4.8384,-2.4242,-0.0104,0.0015",64.047571,-2.435515,4.600000,-2.500000
1780474206.383893,,,0.250000,2,1,"0:n=2,raw=0,1,src=BOARD_1/2,BOARD_1/2",1,1,1,7,7,7,17,0,"7:4.7998,-2.4277,-0.0202,-0.0016",64.047571,-2.435515,4.600000,-2.500000
1780474206.706440,,,0.250000,1,1,"0:n=1,raw=0,src=BOARD_1/2",1,1,1,7,7,7,18,0,"7:4.7986,-2.3951,-0.0185,0.0177",64.047571,-2.435515,4.600000,-2.500000
1780474209.384315,,,0.241371,2,1,"0:n=2,raw=0,1,src=BOARD_1/2,BOARD_1/2",1,1,1,7,7,7,19,0,"7:4.8142,-2.2939,0.0027,0.0382",64.047571,-2.435515,4.600000,-2.500000
1780474209.721715,,,0.250000,1,1,"0:n=1,raw=0,src=BOARD_1/2",1,1,1,7,7,7,20,0,"7:4.8092,-2.3579,0.0007,0.0028",64.115036,-2.282479,4.600000,-2.500000
1780474211.309778,,,0.250000,2,1,"0:n=2,raw=0,1,src=BOARD_1/2,BOARD_1/2",1,1,1,7,7,7,21,0,"7:4.7971,-2.4156,-0.0046,-0.0304",64.115036,-2.282479,4.600000,-2.100000
1780474211.584671,,,0.250000,1,1,"0:n=1,raw=0,src=BOARD_1/2",1,1,1,7,7,7,22,0,"7:4.7654,-2.4587,-0.0176,-0.0512",64.095703,-2.424662,4.600000,-2.100000
1780474213.511179,,,0.250000,1,1,"0:n=1,raw=0,src=BOARD_1/2",1,1,1,7,7,7,23,0,"7:4.7442,-2.4839,-0.0114,-0.0111",64.095703,-2.424662,4.600000,-2.100000
1780474217.087533,,,0.250000,1,1,"0:n=1,raw=0,src=BOARD_1/2",1,1,1,7,7,7,24,0,"7:3.8800,-3.5823,-0.2307,-0.3361",64.095703,-2.424662,4.600000,-2.100000
1780474220.616073,,,0.250000,3,3,"0:n=1,raw=0,src=BOARD_1/2;1:n=1,raw=1,src=BOARD_1/2;2:n=1,raw=2,src=BOARD_1/2",3,3,1,7;8;9,7,7,25;1;1,0;0;0,"7:2.7578,-3.9441,-0.3135,-0.0846;8:4.8353,-2.4933,0.0000,0.0000;9:3.7826,-3.6300,0.0000,0.0000",63.110740,-3.683100,3.800000,-3.500000
1780474220.830261,,,0.214188,1,1,"0:n=1,raw=0,src=BOARD_1/2",1,3,0,7;8;9,,7,24;2;0,1;0;1,"7:2.6907,-3.9622,-0.3135,-0.0846;8:4.8291,-2.4821,-0.0088,0.0160;9:3.7826,-3.6300,0.0000,0.0000",61.963757,-3.969445,3.800000,-3.500000
1780474223.732656,,,0.250000,2,1,"0:n=2,raw=0,1,src=BOARD_1/2,BOARD_1/2",1,3,1,7;8;9,8,8,23;3;0,15;0;15,"7:1.7901,-4.2053,-0.3135,-0.0846;8:4.8141,-2.4856,-0.0053,-0.0011;9:3.7826,-3.6300,0.0000,0.0000",61.963757,-3.969445,2.500000,-3.800000
1780474224.010501,,,0.250000,1,1,"0:n=1,raw=0,src=BOARD_1/2",1,3,1,7;8;9,8,8,22;4;0,16;0;16,"7:1.7117,-4.2264,-0.3135,-0.0846;8:4.8054,-2.4900,-0.0079,-0.0029;9:3.7826,-3.6300,0.0000,0.0000",64.112525,-2.485889,2.500000,-3.800000
1780474225.874676,,,0.241046,2,1,"0:n=2,raw=0,1,src=BOARD_1/2,BOARD_1/2",1,3,1,7;8;9,8,8,21;5;0,25;0;25,"7:1.1273,-4.3842,-0.3135,-0.0846;8:4.8014,-2.4760,-0.0040,0.0064;9:3.7826,-3.6300,0.0000,0.0000",64.112525,-2.485889,4.700000,-2.300000
1780474226.206168,,,0.250000,2,2,"0:n=1,raw=0,src=BOARD_1/2;1:n=1,raw=1,src=BOARD_1/2",2,3,1,7;8;9,8,8,20;6;1,26;0;0,"7:1.0489,-4.4053,-0.3135,-0.0846;8:4.8408,-2.4921,0.0118,-0.0033;9:3.7423,-3.5935,-0.0079,0.0071",64.112525,-2.485889,4.700000,-2.300000
1780474227.855299,,,0.231745,2,1,"0:n=2,raw=0,1,src=BOARD_1/2,BOARD_1/2",1,3,1,7;8;9,8,8,19;7;0,34;0;8,"7:0.5319,-4.5449,-0.3135,-0.0846;8:4.8442,-2.4857,0.0027,0.0040;9:3.7292,-3.5817,-0.0079,0.0071",64.112525,-2.485889,4.700000,-2.300000
1780474228.138823,,,0.250000,1,1,"0:n=1,raw=0,src=BOARD_1/2",1,3,1,7;8;9,8,8,18;8;0,35;0;9,"7:0.4535,-4.5661,-0.3135,-0.0846;8:4.8263,-2.4679,-0.0073,0.0146;9:3.7273,-3.5799,-0.0079,0.0071",64.112525,-2.485889,4.700000,-2.300000
1780474231.528837,,,0.250000,1,1,"0:n=1,raw=0,src=BOARD_1/2",1,2,1,8;9,8,8,9;0,0;25,"8:4.7993,-2.4200,-0.0082,0.0146;9:3.7013,-3.5564,-0.0079,0.0071",64.112525,-2.485889,4.700000,-2.300000
1780474231.736381,,,0.207544,3,2,"0:n=2,raw=0,2,src=BOARD_1/2,BOARD_1/2;1:n=1,raw=1,src=BOARD_1/2",2,2,1,8;9,8,8,10;1,0;0,"8:4.7937,-2.4088,-0.0094,0.0182;9:3.7830,-3.6289,0.0089,-0.0092",64.112525,-2.485889,4.700000,-2.300000
1780474233.713931,,,0.250000,1,1,"0:n=1,raw=0,src=BOARD_1/2",1,2,1,8;9,8,8,11;0,0;9,"8:4.7793,-2.3821,-0.0082,0.0146;9:3.7997,-3.6461,0.0089,-0.0092",64.112525,-2.485889,4.700000,-2.300000
1780474237.603904,,,0.246917,1,1,"0:n=1,raw=0,src=BOARD_1/2",1,2,1,8;9,8,8,12;0,0;28,"8:4.7861,-2.4523,0.0014,-0.0215;9:3.8345,-3.6819,0.0089,-0.0092",64.112525,-2.485889,4.700000,-2.300000
1780474239.717323,,,0.250000,1,1,"0:n=1,raw=0,src=BOARD_1/2",1,2,1,8;9,8,8,13;0,0;38,"8:4.7860,-2.4937,0.0004,-0.0201;9:3.8531,-3.7011,0.0089,-0.0092",64.112525,-2.485889,4.700000,-2.300000
1780474239.921910,,,0.204587,6,3,"0:n=2,raw=0,3,src=BOARD_1/2,BOARD_1/2;1:n=2,raw=1,4,src=BOARD_1/2,BOARD_1/2;2:n=2,raw=2,5,src=BOARD_1/2,BOARD_1/2",3,3,1,8;9;10,8,8,14;1;1,0;0;0,"8:4.7965,-2.4833,0.0041,-0.0127;9:3.8689,-3.6213,0.0110,0.0037;10:2.6296,-3.8752,0.0000,0.0000",64.112525,-2.485889,4.700000,-2.300000
1780474241.717021,,,0.250000,1,1,"0:n=1,raw=0,src=BOARD_1/2",1,3,1,8;9;10,8,8,15;0;0,0;8;8,"8:4.8128,-2.4685,0.0079,0.0056;9:3.8873,-3.6151,0.0110,0.0037;10:2.6296,-3.8752,0.0000,0.0000",64.112525,-2.485889,4.700000,-2.300000
1780474241.935929,,,0.218907,5,3,"0:n=2,raw=0,2,src=BOARD_1/2,BOARD_1/2;1:n=2,raw=1,3,src=BOARD_1/2,BOARD_1/2;2:n=1,raw=4,src=BOARD_1/2",3,3,1,8;9;10,8,8,16;1;1,0;0;0,"8:4.8022,-2.4438,0.0028,0.0187;9:3.7712,-3.5955,-0.0307,0.0126;10:2.6728,-3.8741,0.0226,0.0006",64.112525,-2.485889,4.700000,-2.300000
1780474243.785019,,,0.227220,1,1,"0:n=1,raw=0,src=BOARD_1/2",1,3,1,8;9;10,8,8,17;0;0,0;9;9,"8:4.7850,-2.4184,-0.0059,0.0143;9:3.7144,-3.5722,-0.0307,0.0126;10:2.7146,-3.8730,0.0226,0.0006",64.112525,-2.485889,4.700000,-2.300000
1780474244.055820,,,0.250000,3,2,"0:n=2,raw=0,1,src=BOARD_1/2,BOARD_1/2;1:n=1,raw=2,src=BOARD_1/2",2,3,1,8;9;10,8,8,18;1;0,0;0;10,"8:4.8013,-2.4420,0.0013,-0.0004;9:3.7311,-3.5909,-0.0224,0.0036;10:2.7203,-3.8729,0.0226,0.0006",64.112525,-2.485889,4.700000,-2.300000
1780474245.263354,,,0.250000,2,1,"0:n=2,raw=0,1,src=BOARD_1/2,BOARD_1/2",1,3,1,8;9;10,8,8,19;0;0,0;5;15,"8:4.8082,-2.4476,0.0037,-0.0035;9:3.7073,-3.5871,-0.0224,0.0036;10:2.7443,-3.8723,0.0226,0.0006",64.112525,-2.485889,4.700000,-2.300000
1780474245.531410,,,0.250000,1,1,"0:n=1,raw=0,src=BOARD_1/2",1,3,1,8;9;10,8,8,20;0;0,0;6;16,"8:4.8030,-2.4457,0.0009,-0.0017;9:3.7017,-3.5862,-0.0224,0.0036;10:2.7500,-3.8721,0.0226,0.0006",64.112525,-2.485889,4.700000,-2.300000
1780474247.485316,,,0.250000,3,2,"0:n=2,raw=0,2,src=BOARD_1/2,BOARD_1/2;1:n=1,raw=1,src=BOARD_1/2",2,3,1,8;9;10,8,8,21;1;0,0;0;25,"8:4.7844,-2.4320,-0.0070,0.0062;9:3.7278,-3.5926,-0.0039,-0.0007;10:2.7924,-3.8711,0.0226,0.0006",64.112525,-2.485889,4.700000,-2.300000
1780474247.800010,,,0.250000,1,1,"0:n=1,raw=0,src=BOARD_1/2",1,3,0,8;9;10,,8,20;2;0,1;0;26,"8:4.7826,-2.4305,-0.0070,0.0062;9:3.7690,-3.5931,0.0092,-0.0008;10:2.7981,-3.8709,0.0226,0.0006",64.112525,-2.485889,4.700000,-2.300000
1780474249.360936,,,0.250000,2,2,"0:n=1,raw=0,src=BOARD_1/2;1:n=1,raw=1,src=BOARD_1/2",2,3,2,8;9;10,8;9,8,21;3;0,0;0;33,"8:4.7885,-2.4514,-0.0013,-0.0074;9:3.8090,-3.5935,0.0201,-0.0004;10:2.8314,-3.8701,0.0226,0.0006",64.112525,-2.485889,4.700000,-2.300000
1780474249.698409,,,0.250000,3,3,"0:n=1,raw=0,src=BOARD_1/2;1:n=1,raw=1,src=BOARD_1/2;2:n=1,raw=2,src=BOARD_1/2",3,3,2,8;9;10,8;9,8,22;4;1,0;0;0,"8:4.7911,-2.4356,-0.0002,0.0020;9:3.7634,-3.6127,-0.0017,-0.0117;10:2.6829,-3.8729,-0.0009,0.0001",64.112525,-2.485889,4.700000,-2.300000
1780474251.760369,,,0.242620,2,1,"0:n=2,raw=0,1,src=BOARD_1/2,BOARD_1/2",1,3,1,8;9;10,8,8,23;3;0,0;10;10,"8:4.7815,-2.4335,-0.0036,0.0011;9:3.7599,-3.6368,-0.0017,-0.0117;10:2.6811,-3.8728,-0.0009,0.0001",64.112525,-2.485889,4.700000,-2.300000
1780474252.129084,,,0.250000,1,1,"0:n=1,raw=0,src=BOARD_1/2",1,3,1,8;9;10,8,8,24;2;0,0;11;11,"8:4.8044,-2.4261,0.0056,0.0048;9:3.7594,-3.6397,-0.0017,-0.0117;10:2.6809,-3.8727,-0.0009,0.0001",64.112525,-2.485889,4.700000,-2.300000
1780474253.208712,,,0.250000,1,1,"0:n=1,raw=0,src=BOARD_1/2",1,3,1,8;9;10,8,8,25;1;0,0;16;16,"8:4.8421,-2.4074,0.0194,0.0129;9:3.7576,-3.6521,-0.0017,-0.0117;10:2.6799,-3.8727,-0.0009,0.0001",64.112525,-2.485889,4.700000,-2.300000
1780474253.488919,,,0.250000,2,1,"0:n=2,raw=0,1,src=BOARD_1/2,BOARD_1/2",1,3,1,8;9;10,8,8,26;0;0,0;17;17,"8:4.8780,-2.3892,0.0334,0.0224;9:3.7572,-3.6550,-0.0017,-0.0117;10:2.6797,-3.8726,-0.0009,0.0001",64.112525,-2.485889,4.700000,-2.300000
1780474256.398018,,,0.250000,1,1,"0:n=1,raw=0,src=BOARD_1/2",1,3,1,8;9;10,8,8,27;0;0,0;31;31,"8:4.8240,-2.4478,-0.0142,-0.0223;9:3.7523,-3.6888,-0.0017,-0.0117;10:2.6772,-3.8725,-0.0009,0.0001",64.112525,-2.485889,4.700000,-2.300000
1780474262.834321,,,0.250000,1,1,"0:n=1,raw=0,src=BOARD_1/2",1,1,1,8,8,8,28,0,"8:2.7741,-3.5825,-0.3656,-0.2180",64.112525,-2.485889,4.700000,-2.300000
1780474264.338644,,,0.250000,3,3,"0:n=1,raw=0,src=BOARD_1/2;1:n=1,raw=1,src=BOARD_1/2;2:n=1,raw=2,src=BOARD_1/2",3,3,1,8;11;12,8,8,29;1;1,0;0;0,"8:2.5760,-3.5976,-0.2454,-0.0577;11:4.7852,-2.4200,0.0000,0.0000;12:2.8164,-2.8600,0.0000,0.0000",61.964441,-3.647934,2.600000,-3.500000
1780474265.947584,,,0.250000,4,3,"0:n=2,raw=0,2,src=BOARD_1/2,BOARD_1/2;1:n=1,raw=1,src=BOARD_1/2;2:n=1,raw=3,src=BOARD_1/2",3,3,1,8;11;12,8,8,30;2;2,0;0;0,"8:2.5658,-3.6080,-0.1091,-0.0209;11:4.7996,-2.4716,0.0095,-0.0339;12:3.3177,-2.4300,0.3295,0.2826",61.964441,-3.647934,2.600000,-3.500000
1780474266.289201,,,0.250000,2,2,"0:n=1,raw=0,src=BOARD_1/2;1:n=1,raw=1,src=BOARD_1/2",2,3,2,8;11;12,8;11,8,31;3;1,0;0;1,"8:2.6089,-3.5662,-0.0801,0.0054;11:4.8217,-2.5009,0.0213,-0.0478;12:3.4001,-2.3594,0.3295,0.2826",61.964441,-3.647934,2.600000,-3.500000
1780474268.136750,,,0.228970,3,2,"0:n=2,raw=0,1,src=BOARD_1/2,BOARD_1/2;1:n=1,raw=2,src=BOARD_1/2",2,3,2,8;11;12,8;11,8,32;4;0,0;0;10,"8:2.6119,-3.8264,-0.0217,-0.1229;11:4.8309,-2.5239,0.0100,-0.0174;12:4.0087,-1.8372,0.3295,0.2826",61.964441,-3.647934,2.600000,-3.500000
1780474268.503025,,,0.250000,2,2,"0:n=1,raw=0,src=BOARD_1/2;1:n=1,raw=1,src=BOARD_1/2",2,3,2,8;11;12,8;11,8,33;5;0,0;0;11,"8:2.5488,-3.8594,-0.0449,-0.1241;11:4.8277,-2.5120,0.0078,-0.0088;12:4.0911,-1.7666,0.3295,0.2826",61.905348,-3.863288,2.600000,-3.500000
1780474269.795605,,,0.250000,3,2,"0:n=2,raw=0,2,src=BOARD_1/2,BOARD_1/2;1:n=1,raw=1,src=BOARD_1/2",2,3,2,8;11;12,8;11,8,34;6;0,0;0;17,"8:2.4212,-3.8996,-0.0752,-0.0589;11:4.8239,-2.4938,0.0022,0.0077;12:4.5055,-1.4112,0.3295,0.2826",61.905348,-3.863288,2.600000,-3.700000
1780474270.090829,,,0.250000,1,1,"0:n=1,raw=0,src=BOARD_1/2",1,3,1,8;11;12,11,11,33;7;0,1;0;18,"8:2.4024,-3.9143,-0.0752,-0.0589;11:4.8056,-2.4926,-0.0060,0.0072;12:4.5878,-1.3405,0.3295,0.2826",61.698621,-3.917288,2.600000,-3.700000
1780474271.107419,,,0.206261,2,1,"0:n=2,raw=0,1,src=BOARD_1/2,BOARD_1/2",1,3,1,8;11;12,11,11,32;8;0,6;0;23,"8:2.3260,-3.9742,-0.0752,-0.0589;11:4.7979,-2.4829,-0.0067,0.0086;12:4.9228,-1.0532,0.3295,0.2826",64.103840,-2.490455,4.700000,-3.700000
1780474271.409785,,,0.250000,1,1,"0:n=1,raw=0,src=BOARD_1/2",1,3,1,8;11;12,11,11,31;9;0,7;0;24,"8:2.3072,-3.9889,-0.0752,-0.0589;11:4.8047,-2.4870,-0.0028,0.0047;12:5.0051,-0.9826,0.3295,0.2826",64.103840,-2.490455,4.700000,-2.300000
1780474272.410752,,,0.250000,2,1,"0:n=2,raw=0,1,src=BOARD_1/2,BOARD_1/2",1,3,1,8;11;12,11,11,30;10;0,11;0;28,"8:2.2426,-4.0394,-0.0752,-0.0589;11:4.8012,-2.4841,-0.0033,0.0040;12:5.2880,-0.7399,0.3295,0.2826",64.103840,-2.490455,4.700000,-2.300000
1780474272.704618,,,0.250000,1,1,"0:n=1,raw=0,src=BOARD_1/2",1,3,1,8;11;12,11,11,29;11;0,12;0;29,"8:2.2239,-4.0541,-0.0752,-0.0589;11:4.7888,-2.4401,-0.0121,0.0538;12:5.3704,-0.6693,0.3295,0.2826",64.103840,-2.490455,4.700000,-2.300000
1780474275.790238,,,0.248188,2,1,"0:n=2,raw=0,1,src=BOARD_1/2,BOARD_1/2",1,3,1,8;11;12,11,11,28;12;0,27;0;44,"8:1.9919,-4.2358,-0.0752,-0.0589;11:4.7868,-2.4150,0.0009,-0.0009;12:6.3869,0.2027,0.3295,0.2826",64.103840,-2.490455,4.700000,-2.300000
1780474276.114640,,,0.250000,1,1,"0:n=1,raw=0,src=BOARD_1/2",1,3,1,8;11;12,11,11,27;13;0,28;0;45,"8:1.9732,-4.2505,-0.0752,-0.0589;11:4.8017,-2.4576,0.0065,-0.0212;12:6.4693,0.2734,0.3295,0.2826",64.103840,-2.490455,4.700000,-2.300000
1780474277.584097,,,0.250000,2,1,"0:n=2,raw=0,1,src=BOARD_1/2,BOARD_1/2",1,2,1,8;11,11,11,26;14,35;0,"8:1.8634,-4.3364,-0.0752,-0.0589;11:4.8047,-2.4851,0.0039,-0.0193",64.103840,-2.490455,4.700000,-2.300000
1780474277.906340,,,0.250000,1,1,"0:n=1,raw=0,src=BOARD_1/2",1,2,1,8;11,11,11,25;15,36;0,"8:1.8446,-4.3511,-0.0752,-0.0589;11:4.7906,-2.4726,-0.0024,-0.0092",64.103840,-2.490455,4.700000,-2.300000
1780474279.718494,,,0.250000,2,1,"0:n=2,raw=0,1,src=BOARD_1/2,BOARD_1/2",1,2,1,8;11,11,11,24;16,44;0,"8:1.7189,-4.4496,-0.0752,-0.0589;11:4.7887,-2.4772,-0.0015,-0.0039",64.103840,-2.490455,4.700000,-2.300000
1780474280.006368,,,0.250000,1,1,"0:n=1,raw=0,src=BOARD_1/2",1,2,1,8;11,11,11,23;17,45;0,"8:1.7002,-4.4643,-0.0752,-0.0589;11:4.7931,-2.4862,0.0004,-0.0083",64.103840,-2.490455,4.700000,-2.300000
1780474281.356056,,,0.250000,2,1,"0:n=2,raw=0,1,src=BOARD_1/2,BOARD_1/2",1,1,1,11,11,11,18,0,"11:4.8050,-2.5097,0.0052,-0.0155",64.103840,-2.490455,4.700000,-2.300000
1780474281.646094,,,0.250000,1,1,"0:n=1,raw=0,src=BOARD_1/2",1,1,1,11,11,11,19,0,"11:4.7972,-2.4751,0.0013,0.0075",64.103840,-2.490455,4.700000,-2.300000
1780474283.571112,,,0.250000,3,2,"0:n=1,raw=0,src=BOARD_1/2;1:n=2,raw=1,2,src=BOARD_1/2,BOARD_1/2",2,2,1,11;13,11,11,20;1,0;0,"11:4.7635,-2.3831,-0.0126,0.0442;13:2.6523,-3.8729,0.0000,0.0000",64.103840,-2.490455,4.700000,-2.300000
1780474283.923544,,,0.250000,2,2,"0:n=1,raw=0,src=BOARD_1/2;1:n=1,raw=1,src=BOARD_1/2",2,2,1,11;13,11,11,21;2,0;0,"11:4.7719,-2.4073,-0.0080,0.0253;13:2.6870,-3.7378,0.0518,0.2017",64.059686,-2.369790,4.700000,-2.300000
1780474285.163878,,,0.225262,1,1,"0:n=1,raw=0,src=BOARD_1/2",1,2,1,11;13,11,11,22;1,0;6,"11:4.7703,-2.4088,-0.0045,0.0068;13:2.7512,-3.4875,0.0518,0.2017",64.059686,-2.369790,4.700000,-2.300000
1780474285.389011,,,0.225133,2,1,"0:n=2,raw=0,1,src=BOARD_1/2,BOARD_1/2",1,2,1,11;13,11,11,23;0,0;7,"11:4.7445,-2.4701,-0.0153,-0.0313;13:2.7629,-3.4421,0.0518,0.2017",64.059686,-2.369790,4.700000,-2.300000
1780474287.884723,,,0.250000,2,1,"0:n=2,raw=0,1,src=BOARD_1/2,BOARD_1/2",1,2,1,11;13,11,11,24;0,0;19,"11:4.7089,-2.4857,-0.0143,-0.0028;13:2.8913,-2.9413,0.0518,0.2017",64.059686,-2.369790,4.700000,-2.300000
1780474288.175412,,,0.250000,1,1,"0:n=1,raw=0,src=BOARD_1/2",1,2,1,11;13,11,11,25;0,0;20,"11:4.7596,-2.4901,0.0089,-0.0047;13:2.9043,-2.8909,0.0518,0.2017",64.059686,-2.369790,4.700000,-2.300000
1780474289.232176,,,0.243801,2,1,"0:n=2,raw=0,1,src=BOARD_1/2,BOARD_1/2",1,2,1,11;13,11,11,26;0,0;25,"11:4.7894,-2.4827,0.0176,0.0026;13:2.9590,-2.6777,0.0518,0.2017",64.062296,-2.491541,4.700000,-2.300000
1780474289.520142,,,0.250000,1,1,"0:n=1,raw=0,src=BOARD_1/2",1,2,1,11;13,11,11,27;0,0;26,"11:4.7778,-2.4500,0.0106,0.0227;13:2.9719,-2.6273,0.0518,0.2017",64.062296,-2.491541,4.700000,-2.300000
1780474291.019995,,,0.250000,2,1,"0:n=2,raw=0,1,src=BOARD_1/2,BOARD_1/2",1,2,1,11;13,11,11,28;0,0;33,"11:4.7937,-2.4508,0.0108,-0.0001;13:3.0478,-2.3314,0.0518,0.2017",64.062296,-2.491541,4.700000,-2.300000
1780474291.320467,,,0.250000,1,1,"0:n=1,raw=0,src=BOARD_1/2",1,2,1,11;13,11,11,29;0,0;34,"11:4.8075,-2.4745,0.0171,-0.0157;13:3.0608,-2.2809,0.0518,0.2017",64.062296,-2.491541,4.700000,-2.300000
1780474294.209078,,,0.250000,2,1,"0:n=2,raw=0,1,src=BOARD_1/2,BOARD_1/2",1,2,1,11;13,11,11,30;0,0;48,"11:4.7705,-2.3779,-0.0100,0.0357;13:3.2102,-1.6984,0.0518,0.2017",64.062296,-2.491541,4.700000,-2.300000
1780474297.163144,,,0.250000,2,1,"0:n=2,raw=0,1,src=BOARD_1/2,BOARD_1/2",1,1,1,11,11,11,31,0,"11:4.7184,-2.3100,-0.0167,0.0235",64.067509,-2.367250,4.700000,-2.300000
1780474297.455754,,,0.250000,1,1,"0:n=1,raw=0,src=BOARD_1/2",1,1,1,11,11,11,32,0,"11:4.7292,-2.3896,-0.0118,-0.0167",64.067509,-2.367250,4.700000,-2.300000
1780474299.019849,,,0.250000,2,1,"0:n=2,raw=0,1,src=BOARD_1/2,BOARD_1/2",1,1,1,11,11,11,33,0,"11:4.7386,-2.4372,-0.0008,-0.0292",64.067509,-2.367250,4.700000,-2.300000
1780474299.329475,,,0.250000,1,1,"0:n=1,raw=0,src=BOARD_1/2",1,1,1,11,11,11,34,0,"11:4.7471,-2.4316,0.0029,-0.0216",64.067509,-2.367250,4.700000,-2.300000
1780474301.895493,,,0.250000,2,1,"0:n=2,raw=0,1,src=BOARD_1/2,BOARD_1/2",1,1,1,11,11,11,35,0,"11:4.7389,-2.4405,-0.0023,-0.0037",64.067509,-2.367250,4.700000,-2.300000
1780474302.174831,,,0.250000,1,1,"0:n=1,raw=0,src=BOARD_1/2",1,1,1,11,11,11,36,0,"11:4.7233,-2.4546,-0.0078,-0.0102",64.067509,-2.367250,4.700000,-2.300000
1780474303.766478,,,0.250000,2,1,"0:n=2,raw=0,1,src=BOARD_1/2,BOARD_1/2",1,1,1,11,11,11,37,0,"11:4.6961,-2.4757,-0.0142,-0.0135",64.067509,-2.367250,4.700000,-2.300000
1780474304.054435,,,0.250000,1,1,"0:n=1,raw=0,src=BOARD_1/2",1,1,1,11,11,11,38,0,"11:4.7094,-2.4578,-0.0071,-0.0011",64.067509,-2.367250,4.700000,-2.300000
1780474305.143125,,,0.250000,3,2,"0:n=2,raw=0,2,src=BOARD_1/2,BOARD_1/2;1:n=1,raw=1,src=BOARD_1/2",2,2,1,11;14,11,11,39;1,0;0,"11:4.7492,-2.4315,0.0141,0.0152;14:2.6706,-3.8729,0.0000,0.0000",64.067509,-2.367250,4.700000,-2.300000
1780474305.475229,,,0.250000,2,2,"0:n=1,raw=0,src=BOARD_1/2;1:n=1,raw=1,src=BOARD_1/2",2,2,1,11;14,11,11,40;2,0;0,"11:4.7699,-2.4216,0.0219,0.0191;14:2.6706,-3.8753,0.0000,-0.0035",64.067509,-2.367250,4.700000,-2.300000
1780474307.381215,,,0.250000,3,2,"0:n=2,raw=0,2,src=BOARD_1/2,BOARD_1/2;1:n=1,raw=1,src=BOARD_1/2",2,2,2,11;14,11;14,11,41;3,0;0,"11:4.7943,-2.4111,0.0155,0.0072;14:2.6546,-3.8733,-0.0077,0.0008",64.067509,-2.367250,4.700000,-2.300000
1780474307.689072,,,0.250000,2,2,"0:n=1,raw=0,src=BOARD_1/2;1:n=1,raw=1,src=BOARD_1/2",2,2,2,11;14,11;14,11,42;4,0;0,"11:4.7857,-2.4296,0.0105,-0.0036;14:2.6501,-3.8743,-0.0089,0.0001",64.067509,-2.367250,4.700000,-2.300000
1780474309.348671,,,0.243174,2,1,"0:n=2,raw=0,1,src=BOARD_1/2,BOARD_1/2",1,2,1,11;14,11,11,43;3,0;8,"11:4.7956,-2.4662,0.0075,-0.0189;14:2.6354,-3.8741,-0.0089,0.0001",64.067509,-2.367250,4.700000,-2.300000
1780474309.642496,,,0.250000,2,2,"0:n=1,raw=0,src=BOARD_1/2;1:n=1,raw=1,src=BOARD_1/2",2,2,2,11;14,11;14,11,44;4,0;0,"11:4.7898,-2.4441,0.0044,-0.0039;14:2.5664,-3.8691,-0.0330,0.0024",64.067509,-2.367250,4.700000,-2.300000
1780474311.169320,,,0.250000,1,1,"0:n=1,raw=0,src=BOARD_1/2",1,2,1,11;14,11,11,45;3,0;7,"11:4.7804,-2.4044,-0.0021,0.0201;14:2.5182,-3.8656,-0.0330,0.0024",64.067509,-2.367250,4.700000,-2.300000
1780474311.406942,,,0.237622,3,2,"0:n=2,raw=0,2,src=BOARD_1/2,BOARD_1/2;1:n=1,raw=1,src=BOARD_1/2",2,2,2,11;14,11;14,11,46;4,0;0,"11:4.7701,-2.3746,-0.0063,0.0345;14:2.5343,-3.8678,-0.0246,0.0011",64.067509,-2.367250,4.700000,-2.300000
1780474313.217954,,,0.250000,2,2,"0:n=1,raw=0,src=BOARD_1/2;1:n=1,raw=1,src=BOARD_1/2",2,2,2,11;14,11;14,11,47;5,0;0,"11:4.7460,-2.3112,-0.0117,0.0373;14:2.5228,-3.8680,-0.0141,0.0002",64.067509,-2.367250,4.700000,-2.300000
1780474313.606849,,,0.250000,2,2,"0:n=1,raw=0,src=BOARD_1/2;1:n=1,raw=1,src=BOARD_1/2",2,2,2,11;14,11;14,11,48;6,0;0,"11:4.7665,-2.3642,-0.0021,0.0028;14:2.5947,-3.7223,0.0144,0.0784",64.067509,-2.367250,4.700000,-2.300000
1780474315.405257,,,0.250000,1,1,"0:n=1,raw=0,src=BOARD_1/2",1,2,1,11;14,11,11,49;5,0;8,"11:4.7718,-2.4094,0.0014,-0.0221;14:2.6188,-3.5914,0.0144,0.0784",64.067509,-2.367250,4.700000,-2.300000
1780474315.637687,,,0.232430,3,2,"0:n=2,raw=0,2,src=BOARD_1/2,BOARD_1/2;1:n=1,raw=1,src=BOARD_1/2",2,2,2,11;14,11;14,11,50;6,0;0,"11:4.7749,-2.4270,0.0026,-0.0289;14:2.6667,-3.5905,0.0314,0.0703",64.067509,-2.367250,4.700000,-2.300000
1780474317.610230,,,0.250000,3,2,"0:n=1,raw=0,src=BOARD_1/2;1:n=2,raw=1,2,src=BOARD_1/2,BOARD_1/2",2,2,2,11;14,11;14,11,51;7,0;0,"11:4.7852,-2.4388,0.0047,-0.0090;14:2.7010,-3.5559,0.0230,0.0281",64.067509,-2.367250,4.700000,-2.300000
1780474317.945048,,,0.250000,2,2,"0:n=1,raw=0,src=BOARD_1/2;1:n=1,raw=1,src=BOARD_1/2",2,2,2,11;14,11;14,11,52;8,0;0,"11:4.7879,-2.4518,0.0053,-0.0148;14:2.6916,-3.7330,0.0174,-0.0679",64.067509,-2.367250,4.700000,-2.300000
1780474318.778291,,,0.222436,2,1,"0:n=2,raw=0,1,src=BOARD_1/2,BOARD_1/2",1,2,1,11;14,11,11,53;7,0;4,"11:4.7853,-2.4520,0.0021,-0.0072;14:2.7062,-3.7895,0.0174,-0.0679",64.067509,-2.367250,4.700000,-2.300000
1780474319.097630,,,0.250000,2,2,"0:n=1,raw=0,src=BOARD_1/2;1:n=1,raw=1,src=BOARD_1/2",2,2,2,11;14,11;14,11,54;8,0;0,"11:4.7909,-2.4376,0.0045,0.0036;14:2.6958,-3.8798,0.0111,-0.1115",64.067509,-2.367250,4.700000,-2.300000
1780474320.579890,,,0.250000,2,1,"0:n=2,raw=0,1,src=BOARD_1/2,BOARD_1/2",1,2,1,11;14,11,11,55;7,0;7,"11:4.7940,-2.4353,0.0030,0.0020;14:2.7120,-4.0431,0.0111,-0.1115",64.067509,-2.367250,4.700000,-2.300000
1780474320.910596,,,0.250000,1,1,"0:n=1,raw=0,src=BOARD_1/2",1,2,1,11;14,11,11,56;6,0;8,"11:4.7925,-2.4271,0.0020,0.0065;14:2.7147,-4.0710,0.0111,-0.1115",64.067509,-2.367250,4.700000,-2.300000
1780474322.237709,,,0.250000,2,1,"0:n=2,raw=0,1,src=BOARD_1/2,BOARD_1/2",1,2,1,11;14,11,11,57;5,0;14,"11:4.7851,-2.4266,-0.0023,0.0022;14:2.7287,-4.2120,0.0111,-0.1115",64.067509,-2.367250,4.700000,-2.300000
1780474322.579482,,,0.250000,1,1,"0:n=1,raw=0,src=BOARD_1/2",1,2,1,11;14,11,11,58;4,0;15,"11:4.7828,-2.4230,-0.0030,0.0040;14:2.7314,-4.2399,0.0111,-0.1115",64.067509,-2.367250,4.700000,-2.300000
1780474325.075989,,,0.250000,2,1,"0:n=2,raw=0,1,src=BOARD_1/2,BOARD_1/2",1,2,1,11;14,11,11,59;3,0;27,"11:4.7705,-2.4277,-0.0047,-0.0019;14:2.7588,-4.5164,0.0111,-0.1115",64.067509,-2.367250,4.700000,-2.300000
1780474325.389724,,,0.250000,1,1,"0:n=1,raw=0,src=BOARD_1/2",1,2,1,11;14,11,11,60;2,0;28,"11:4.7793,-2.4237,-0.0011,0.0003;14:2.7616,-4.5443,0.0111,-0.1115",64.067509,-2.367250,4.700000,-2.300000
1780474326.493152,,,0.250000,1,1,"0:n=1,raw=0,src=BOARD_1/2",1,2,1,11;14,11,11,61;1,0;33,"11:4.7973,-2.4081,0.0071,0.0095;14:2.7733,-4.6624,0.0111,-0.1115",64.067509,-2.367250,4.700000,-2.300000
1780474326.764251,,,0.250000,2,1,"0:n=2,raw=0,1,src=BOARD_1/2,BOARD_1/2",1,2,1,11;14,11,11,62;0,0;34,"11:4.7801,-2.4312,-0.0013,-0.0068;14:2.7761,-4.6902,0.0111,-0.1115",64.067509,-2.367250,4.700000,-2.300000
1780474328.572452,,,0.250000,2,1,"0:n=2,raw=0,1,src=BOARD_1/2,BOARD_1/2",1,2,1,11;14,11,11,63;0,0;42,"11:4.7736,-2.4428,-0.0031,-0.0069;14:2.7945,-4.8759,0.0111,-0.1115",64.067509,-2.367250,4.700000,-2.300000
1780474328.861755,,,0.250000,1,1,"0:n=1,raw=0,src=BOARD_1/2",1,2,1,11;14,11,11,64;0,0;43,"11:4.7847,-2.4703,0.0019,-0.0212;14:2.7972,-4.9038,0.0111,-0.1115",64.067509,-2.367250,4.700000,-2.300000
1780474330.300342,,,0.226826,2,1,"0:n=2,raw=0,1,src=BOARD_1/2,BOARD_1/2",1,1,1,11,11,11,65,0,"11:4.7860,-2.4949,0.0013,-0.0181",64.067509,-2.367250,4.700000,-2.300000
1780474330.553471,,,0.250000,1,1,"0:n=1,raw=0,src=BOARD_1/2",1,1,1,11,11,11,66,0,"11:4.7878,-2.4582,0.0019,0.0060",64.086336,-2.500345,4.700000,-2.300000
1780474333.393775,,,0.216506,2,1,"0:n=2,raw=0,1,src=BOARD_1/2,BOARD_1/2",1,1,1,11,11,11,67,0,"11:4.7808,-2.4300,-0.0020,0.0101",64.086336,-2.500345,4.700000,-2.300000
1780474333.660245,,,0.250000,1,1,"0:n=1,raw=0,src=BOARD_1/2",1,1,1,11,11,11,68,0,"11:4.7646,-2.4433,-0.0074,0.0025",64.086336,-2.500345,4.700000,-2.300000
1780474335.061400,,,0.250000,3,2,"0:n=2,raw=0,2,src=BOARD_1/2,BOARD_1/2;1:n=1,raw=1,src=BOARD_1/2",2,2,1,11;15,11,11,69;1,0;0,"11:4.7760,-2.4266,0.0013,0.0103;15:2.6751,-3.9096,0.0000,0.0000",64.086336,-2.500345,4.700000,-2.300000
1780474335.409370,,,0.250000,2,2,"0:n=1,raw=0,src=BOARD_1/2;1:n=1,raw=1,src=BOARD_1/2",2,2,1,11;15,11,11,70;2,0;0,"11:4.7762,-2.4243,0.0012,0.0101;15:2.6732,-3.9108,-0.0029,-0.0018",64.086336,-2.500345,4.700000,-2.300000
1780474336.119193,,,0.250000,2,1,"0:n=2,raw=0,1,src=BOARD_1/3,BOARD_1/3",1,3,0,11;15;16,,11,69;1;1,3;3;0,"11:4.7770,-2.4177,0.0012,0.0101;15:2.6713,-3.9119,-0.0029,-0.0018;16:339.4739,1.1504,0.0000,0.0000",64.086336,-2.500345,4.700000,-2.300000
1780474336.687834,,,0.250000,3,2,"0:n=2,raw=0,2,src=BOARD_1/2,BOARD_1/2;1:n=1,raw=1,src=BOARD_1/2",2,3,1,11;15;16,11,11,70;2;0,0;0;2,"11:4.7729,-2.4181,-0.0009,0.0072;15:2.6030,-3.8769,-0.0514,0.0256;16:339.4739,1.1504,0.0000,0.0000",64.086336,-2.500345,4.700000,-2.300000
1780474336.999716,,,0.250000,1,1,"0:n=1,raw=0,src=BOARD_1/2",1,3,1,11;15;16,11,11,71;1;0,0;1;3,"11:4.7684,-2.4181,-0.0028,0.0061;15:2.5902,-3.8705,-0.0514,0.0256;16:339.4739,1.1504,0.0000,0.0000",64.086336,-2.500345,4.700000,-2.300000
1780474338.489403,,,0.250000,3,2,"0:n=2,raw=0,1,src=BOARD_1/3,BOARD_1/3;1:n=1,raw=2,src=BOARD_1/3",2,4,0,11;15;16;17,,11,70;0;1;1,7;8;0;0,"11:4.7642,-2.4092,-0.0028,0.0061;15:2.5149,-3.8329,-0.0514,0.0256;16:339.1998,1.1927,-0.1266,0.0195;17:339.2164,-1.8792,0.0000,0.0000",64.086336,-2.500345,4.700000,-2.300000
1780474338.788522,,,0.250000,2,2,"0:n=1,raw=0,src=BOARD_1/3;1:n=1,raw=1,src=BOARD_1/2",2,4,1,11;15;16;17,11,11,71;0;0;2,0;9;1;0,"11:4.7596,-2.4141,-0.0044,0.0029;15:2.5021,-3.8265,-0.0514,0.0256;16:339.1682,1.1975,-0.1266,0.0195;17:339.2145,-1.8958,-0.0029,-0.0248",64.086336,-2.500345,4.700000,-2.300000
1780474339.156638,,,0.250000,2,1,"0:n=2,raw=0,1,src=BOARD_1/2,BOARD_1/2",1,4,1,11;15;16;17,11,11,72;0;0;1,0;10;2;1,"11:4.7645,-2.4169,-0.0020,0.0011;15:2.4892,-3.8201,-0.0514,0.0256;16:339.1365,1.2024,-0.1266,0.0195;17:339.2138,-1.9020,-0.0029,-0.0248",64.086336,-2.500345,4.700000,-2.300000
1780474340.499068,,,0.250000,1,1,"0:n=1,raw=0,src=BOARD_1/3",1,4,0,11;15;16;17,,11,71;0;0;2,6;16;8;0,"11:4.7620,-2.4155,-0.0020,0.0011;15:2.4245,-3.7877,-0.0514,0.0256;16:338.9769,1.2270,-0.1266,0.0195;17:339.2003,-1.9384,-0.0085,-0.0279",64.086336,-2.500345,4.700000,-2.300000
1780474340.760604,,,0.250000,2,2,"0:n=1,raw=0,src=BOARD_1/3;1:n=1,raw=1,src=BOARD_1/3",2,4,1,11;15;16;17,17,17,70;0;1;3,7;17;0;0,"11:4.7615,-2.4153,-0.0020,0.0011;15:2.4116,-3.7813,-0.0514,0.0256;16:339.8499,0.1370,0.1609,-0.4322;17:339.2173,-1.9208,0.0016,-0.0129",64.086336,-2.500345,4.700000,-2.300000
1780474341.286664,,,0.250000,2,1,"0:n=2,raw=0,1,src=BOARD_1/2,BOARD_1/2",1,4,1,11;15;16;17,11,11,71;0;0;2,0;19;2;2,"11:4.7652,-2.4193,-0.0003,-0.0010;15:2.3883,-3.7697,-0.0514,0.0256;16:339.9230,-0.0593,0.1609,-0.4322;17:339.2180,-1.9267,0.0016,-0.0129",38.517756,-1.924698,3.700000,-2.300000
1780474342.937468,,,0.239150,2,1,"0:n=2,raw=0,1,src=BOARD_1/3,BOARD_1/3",1,4,1,11;15;16;17,17,17,70;0;0;3,8;27;10;0,"11:4.7647,-2.4209,-0.0003,-0.0010;15:2.3035,-3.7274,-0.0514,0.0256;16:340.1887,-0.7727,0.1609,-0.4322;17:339.2174,-1.9318,0.0005,-0.0059",64.065095,-2.419572,4.700000,-2.300000
1780474343.291179,,,0.250000,1,1,"0:n=1,raw=0,src=BOARD_1/3",1,4,1,11;15;16;17,17,17,69;0;0;4,9;28;11;0,"11:4.7647,-2.4212,-0.0003,-0.0010;15:2.2907,-3.7210,-0.0514,0.0256;16:340.2289,-0.8808,0.1609,-0.4322;17:339.2037,-1.9460,-0.0046,-0.0124",38.517513,-1.933519,4.700000,-2.300000
1780474344.089321,,,0.250000,3,2,"0:n=2,raw=0,2,src=BOARD_1/2,BOARD_1/2;1:n=1,raw=1,src=BOARD_1/2",2,4,1,11;15;16;17,11,11,70;1;0;3,0;0;14;3,"11:4.7714,-2.4200,0.0018,-0.0003;15:2.6488,-3.9079,0.0103,-0.0105;16:340.3341,-1.1632,0.1609,-0.4322;17:339.2007,-1.9542,-0.0046,-0.0124",38.517513,-1.933519,344.400000,-1.800000
1780474345.465846,,,0.250000,2,1,"0:n=2,raw=0,1,src=BOARD_1/3,BOARD_1/3",1,4,1,11;15;16;17,17,17,69;0;0;4,6;6;20;0,"11:4.7737,-2.4204,0.0018,-0.0003;15:2.6618,-3.9211,0.0103,-0.0105;16:340.5367,-1.7072,0.1609,-0.4322;17:339.2054,-1.8783,-0.0007,0.0303",64.071921,-2.420109,349.000000,-1.900000
1780474346.277231,,,0.250000,1,1,"0:n=1,raw=0,src=BOARD_1/2",1,4,0,11;15;16;17,,17,68;1;0;3,9;0;23;3,"11:4.7749,-2.4206,0.0018,-0.0003;15:2.6947,-3.9116,0.0192,-0.0029;16:340.6423,-1.9908,0.1609,-0.4322;17:339.2050,-1.8585,-0.0007,0.0303",38.505236,-1.869241,352.700000,-2.300000
1780474347.583560,,,0.250000,2,1,"0:n=2,raw=0,1,src=BOARD_1/3,BOARD_1/3",1,4,1,11;15;16;17,17,17,67;0;0;4,15;6;29;0,"11:4.7772,-2.4210,0.0018,-0.0003;15:2.7191,-3.9152,0.0192,-0.0029;16:340.8460,-2.5379,0.1609,-0.4322;17:339.2362,-1.8858,0.0102,0.0020",38.505236,-1.869241,339.100000,-1.700000
1780474349.281168,,,0.250000,1,1,"0:n=1,raw=0,src=BOARD_1/2",1,4,0,11;15;16;17,,17,66;1;0;3,23;0;37;8,"11:4.7802,-2.4216,0.0018,-0.0003;15:3.6303,-3.6466,0.2746,0.0906;16:341.1138,-3.2568,0.1609,-0.4322;17:339.2532,-1.8824,0.0102,0.0020",38.505236,-1.869241,339.100000,-1.700000
1780474349.949776,,,0.250000,2,1,"0:n=2,raw=0,1,src=BOARD_1/3,BOARD_1/3",1,4,1,11;15;16;17,17,17,65;0;0;4,26;3;40;0,"11:4.7814,-2.4218,0.0018,-0.0003;15:3.8101,-3.5873,0.2746,0.0906;16:341.2191,-3.5396,0.1609,-0.4322;17:339.2265,-1.9168,-0.0003,-0.0121",38.505236,-1.869241,339.100000,-1.700000
1780474350.869624,,,0.250000,2,1,"0:n=2,raw=0,1,src=BOARD_1/2,BOARD_1/2",1,4,0,11;15;16;17,,17,64;1;0;3,30;0;44;4,"11:4.7830,-2.4221,0.0018,-0.0003;15:3.0771,-3.5789,-0.0602,0.0573;16:341.3572,-3.9104,0.1609,-0.4322;17:339.2262,-1.9271,-0.0003,-0.0121",38.505236,-1.869241,339.100000,-1.700000
1780474351.191016,,,0.250000,2,2,"0:n=1,raw=0,src=BOARD_1/2;1:n=1,raw=1,src=BOARD_1/2",2,4,1,11;15;16;17,11,11,65;2;0;2,0;0;45;5,"11:3.7643,-3.5805,-0.1945,-0.2296;15:2.9051,-3.5773,-0.1195,0.0502;16:341.3974,-4.0185,0.1609,-0.4322;17:339.2262,-1.9302,-0.0003,-0.0121",38.505236,-1.869241,339.100000,-1.700000
1780474352.264501,,,0.250000,2,1,"0:n=2,raw=0,1,src=BOARD_1/3,BOARD_1/3",1,3,1,11;15;17,17,17,64;1;3,5;5;0,"11:3.5582,-3.8239,-0.1945,-0.2296;15:2.7784,-3.5241,-0.1195,0.0502;17:339.2311,-1.9269,0.0013,-0.0055",63.005986,-3.649377,340.100000,-3.100000
1780474352.557273,,,0.250000,1,1,"0:n=1,raw=0,src=BOARD_1/3",1,3,1,11;15;17,17,17,63;0;4,6;6;0,"11:3.5096,-3.8813,-0.1945,-0.2296;15:2.7485,-3.5116,-0.1195,0.0502;17:339.2463,-1.9092,0.0066,0.0040",38.531461,-1.928520,357.400000,-3.500000
1780474353.383288,,,0.215024,3,2,"0:n=2,raw=0,2,src=BOARD_1/2,BOARD_1/2;1:n=1,raw=1,src=BOARD_1/2",2,3,1,11;15;17,11,11,64;1;3,0;0;4,"11:3.7140,-3.6391,-0.0774,-0.0442;15:2.6947,-3.7129,-0.1032,-0.0556;17:339.2518,-1.9059,0.0066,0.0040",38.531461,-1.928520,358.800000,-2.200000
1780474353.680163,,,0.250000,2,2,"0:n=1,raw=0,src=BOARD_1/2;1:n=1,raw=1,src=BOARD_1/2",2,3,1,11;15;17,11,11,65;2;2,0;0;5,"11:3.7618,-3.6193,-0.0533,-0.0280;15:2.6697,-3.8422,-0.1029,-0.1148;17:339.2534,-1.9049,0.0066,0.0040",62.990763,-3.652398,358.800000,-1.800000
1780474354.604689,,,0.250000,1,1,"0:n=1,raw=0,src=BOARD_1/3",1,3,1,11;15;17,17,17,64;1;3,4;4;0,"11:3.7162,-3.6433,-0.0533,-0.0280;15:2.5817,-3.9405,-0.1029,-0.1148;17:339.2315,-1.9060,-0.0038,0.0019",62.990763,-3.652398,340.300000,-3.200000
1780474354.817089,,,0.212400,2,1,"0:n=2,raw=0,1,src=BOARD_1/3,BOARD_1/3",1,3,1,11;15;17,17,17,63;0;4,5;5;0,"11:3.7049,-3.6493,-0.0533,-0.0280;15:2.5598,-3.9649,-0.1029,-0.1148;17:339.2315,-1.9121,-0.0035,-0.0015",38.530407,-1.905380,357.300000,-3.500000
1780474355.327484,,,0.250000,3,2,"0:n=2,raw=0,2,src=BOARD_1/2,BOARD_1/2;1:n=1,raw=1,src=BOARD_1/2",2,3,1,11;15;17,11,11,64;1;3,0;0;2,"11:4.3854,-2.6863,0.2393,0.4840;15:2.6531,-3.9364,-0.0467,-0.0730;17:339.2299,-1.9128,-0.0035,-0.0015",38.530407,-1.905380,358.500000,-3.500000
1780474356.934545,,,0.250000,2,1,"0:n=2,raw=0,1,src=BOARD_1/3,BOARD_1/3",1,3,1,11;15;17,17,17,63;0;4,7;7;0,"11:4.7354,-1.9783,0.2393,0.4840;15:2.5848,-4.0432,-0.0467,-0.0730;17:339.2188,-1.9079,-0.0058,0.0018",63.757141,-2.541110,4.300000,-2.400000
1780474357.212170,,,0.250000,1,1,"0:n=1,raw=0,src=BOARD_1/3",1,3,1,11;15;17,17,17,62;0;5,8;8;0,"11:4.7952,-1.8573,0.2393,0.4840;15:2.5732,-4.0614,-0.0467,-0.0730;17:339.2276,-1.9119,-0.0017,-0.0006",38.517091,-1.907320,3.200000,-2.400000
1780474358.099223,,,0.250000,2,1,"0:n=2,raw=0,1,src=BOARD_1/2,BOARD_1/2",1,3,1,11;15;17,11,11,63;0;4,0;12;4,"11:4.7750,-2.4121,0.1697,0.1260;15:2.5332,-4.1240,-0.0467,-0.0730;17:339.2262,-1.9124,-0.0017,-0.0006",38.517091,-1.907320,351.100000,-1.800000
1780474358.414110,,,0.250000,1,1,"0:n=1,raw=0,src=BOARD_1/2",1,3,1,11;15;17,11,11,64;0;3,0;13;5,"11:4.8028,-2.4031,0.1640,0.1123;15:2.5215,-4.1422,-0.0467,-0.0730;17:339.2257,-1.9125,-0.0017,-0.0006",64.125863,-2.374292,341.200000,-1.800000
1780474359.335788,,,0.250000,2,1,"0:n=2,raw=0,1,src=BOARD_1/3,BOARD_1/3",1,3,1,11;15;17,17,17,63;0;4,4;17;0,"11:4.9432,-2.3069,0.1640,0.1123;15:2.4815,-4.2047,-0.0467,-0.0730;17:339.2566,-1.9332,0.0103,-0.0098",64.125863,-2.374292,4.300000,-1.800000
1780474359.624689,,,0.250000,1,1,"0:n=1,raw=0,src=BOARD_1/3",1,3,1,11;15;17,17,17,62;0;5,5;18;0,"11:4.9842,-2.2789,0.1640,0.1123;15:2.4699,-4.2230,-0.0467,-0.0730;17:339.2327,-1.9055,0.0000,0.0060",38.559697,-1.936163,4.300000,-1.800000
1780474361.189631,,,0.250000,2,1,"0:n=2,raw=0,1,src=BOARD_1/2,BOARD_1/2",1,3,1,11;15;17,11,11,63;0;4,0;25;7,"11:4.9017,-2.3914,0.0440,-0.0027;15:2.4018,-4.3294,-0.0467,-0.0730;17:339.2327,-1.8968,0.0000,0.0060",38.559697,-1.936163,339.200000,-1.800000
1780474361.489800,,,0.250000,3,3,"0:n=1,raw=0,src=BOARD_1/2;1:n=1,raw=1,src=BOARD_1/2;2:n=1,raw=2,src=BOARD_1/3",3,3,2,11;15;17,11;17,11,64;1;5,0;0;0,"11:4.8644,-2.4072,0.0253,-0.0102;15:3.6738,-3.6045,0.2023,0.0858;17:339.2372,-1.9124,0.0017,-0.0024",64.214861,-2.392162,339.200000,-1.800000
1780474361.908552,,,0.216279,2,1,"0:n=2,raw=0,1,src=BOARD_1/3,BOARD_1/3",1,3,1,11;15;17,17,17,63;0;6,2;2;0,"11:4.8750,-2.4114,0.0253,-0.0102;15:3.7585,-3.5686,0.2023,0.0858;17:339.2408,-1.9175,0.0029,-0.0047",64.214861,-2.392162,339.200000,-1.900000
1780474362.497718,,,0.250000,4,2,"0:n=2,raw=0,2,src=BOARD_1/2,BOARD_1/2;1:n=2,raw=1,3,src=BOARD_1/2,BOARD_1/2",2,3,1,11;15;17,11,11,64;1;5,0;0;2,"11:4.8343,-2.4304,0.0028,-0.0191;15:3.0701,-3.6482,-0.0570,0.0182;17:339.2421,-1.9196,0.0029,-0.0047",38.541689,-1.918877,348.800000,-2.200000
1780474363.786114,,,0.250000,2,1,"0:n=2,raw=0,1,src=BOARD_1/3,BOARD_1/3",1,3,1,11;15;17,17,17,63;0;6,6;6;0,"11:4.8378,-2.4546,0.0028,-0.0191;15:2.9982,-3.6253,-0.0570,0.0182;17:339.2571,-1.9366,0.0073,-0.0101",64.135146,-2.436170,349.100000,-1.900000
1780474364.059559,,,0.250000,1,1,"0:n=1,raw=0,src=BOARD_1/3",1,3,1,11;15;17,17,17,62;0;7,7;7;0,"11:4.8385,-2.4593,0.0028,-0.0191;15:2.9839,-3.6208,-0.0570,0.0182;17:339.2477,-1.9171,0.0028,0.0019",38.559286,-1.939632,359.400000,-2.300000
1780474364.648615,,,0.250000,4,2,"0:n=2,raw=0,2,src=BOARD_1/2,BOARD_1/2;1:n=2,raw=1,3,src=BOARD_1/2,BOARD_1/2",2,3,1,11;15;17,11,11,63;1;6,0;0;2,"11:4.8076,-2.4822,-0.0089,-0.0253;15:2.5469,-3.8855,-0.2077,-0.1027;17:339.2490,-1.9162,0.0028,0.0019",38.559286,-1.939632,359.400000,-2.300000
1780474364.968302,,,0.250000,2,2,"0:n=1,raw=0,src=BOARD_1/2;1:n=1,raw=1,src=BOARD_1/2",2,3,1,11;15;17,11,11,64;2;5,0;0;3,"11:4.7958,-2.4911,-0.0125,-0.0266;15:2.5797,-3.7396,-0.1749,-0.0147;17:339.2497,-1.9157,0.0028,0.0019",64.104927,-2.489778,345.600000,-2.300000
1780474366.603217,,,0.214655,3,2,"0:n=2,raw=0,2,src=BOARD_1/3,BOARD_1/3;1:n=1,raw=1,src=BOARD_1/2",2,3,2,11;15;17,11;17,11,65;1;6,0;8;0,"11:4.7728,-2.5083,-0.0135,-0.0134;15:2.2938,-3.7637,-0.1749,-0.0147;17:339.2444,-1.9011,-0.0006,0.0067",64.104927,-2.489778,4.700000,-2.300000
1780474366.876900,,,0.250000,3,2,"0:n=1,raw=0,src=BOARD_1/3;1:n=2,raw=1,2,src=BOARD_1/2,BOARD_1/2",2,3,2,11;15;17,11;17,11,66;0;7,0;9;0,"11:4.8192,-2.4582,0.0070,0.0169;15:2.2500,-3.7674,-0.1749,-0.0147;17:339.2440,-1.9009,-0.0007,0.0060",64.104927,-2.489778,4.700000,-2.300000
1780474367.633925,,,0.250000,2,1,"0:n=2,raw=0,1,src=BOARD_1/3,BOARD_1/3",1,3,1,11;15;17,17,17,65;0;8,3;12;0,"11:4.8237,-2.4471,0.0070,0.0169;15:2.1358,-3.7770,-0.1749,-0.0147;17:339.2394,-1.9092,-0.0025,-0.0021",64.104927,-2.489778,4.700000,-2.300000
1780474367.950665,,,0.250000,1,1,"0:n=1,raw=0,src=BOARD_1/3",1,3,1,11;15;17,17,17,64;0;9,4;13;0,"11:4.8255,-2.4429,0.0070,0.0169;15:2.0920,-3.7807,-0.1749,-0.0147;17:339.2373,-1.9041,-0.0032,0.0019",38.538684,-1.909848,4.700000,-2.300000
1780474369.753067,,,0.250000,4,3,"0:n=2,raw=0,3,src=BOARD_1/3,BOARD_1/3;1:n=1,raw=1,src=BOARD_1/3;2:n=1,raw=2,src=BOARD_1/2",3,4,2,11;15;17;18,11;17,17,65;0;10;1,0;21;0;0,"11:4.7742,-2.4845,-0.0193,-0.0141;15:1.8005,-3.8053,-0.1749,-0.0147;17:339.2337,-1.8924,-0.0025,0.0062;18:338.1774,-2.1358,0.0000,0.0000",38.538684,-1.909848,339.200000,-1.800000
1780474369.981772,,,0.228705,3,2,"0:n=2,raw=0,2,src=BOARD_1/2,BOARD_1/2;1:n=1,raw=1,src=BOARD_1/3",2,4,2,11;15;17;18,11;17,17,66;0;11;0,0;22;0;1,"11:4.7759,-2.4871,-0.0167,-0.0138;15:1.7605,-3.8086,-0.1749,-0.0147;17:339.2345,-1.8885,-0.0019,0.0076;18:338.1774,-2.1358,0.0000,0.0000",38.538684,-1.909848,339.200000,-1.800000
1780474370.856636,,,0.250000,4,2,"0:n=2,raw=0,2,src=BOARD_1/3,BOARD_1/3;1:n=2,raw=1,3,src=BOARD_1/3,BOARD_1/3",2,4,1,11;15;17;18,17,17,65;0;12;1,4;26;0;0,"11:4.7615,-2.4989,-0.0167,-0.0138;15:1.6107,-3.8213,-0.1749,-0.0147;17:339.2343,-1.8836,-0.0008,0.0061;18:338.1774,-2.1358,0.0000,0.0000",38.538684,-1.909848,339.200000,-1.800000
1780474372.764109,,,0.250000,2,1,"0:n=2,raw=0,1,src=BOARD_1/2,BOARD_1/2",1,4,1,11;15;17;18,11,11,66;0;11;0,0;35;9;9,"11:4.7583,-2.5021,-0.0078,-0.0053;15:1.2843,-3.8488,-0.1749,-0.0147;17:339.2328,-1.8722,-0.0008,0.0061;18:338.1774,-2.1358,0.0000,0.0000",38.538684,-1.909848,339.200000,-1.800000
1780474373.018879,,,0.250000,1,1,"0:n=1,raw=0,src=BOARD_1/2",1,4,1,11;15;17;18,11,11,67;0;10;0,0;36;10;10,"11:4.7571,-2.5079,-0.0076,-0.0074;15:1.2406,-3.8524,-0.1749,-0.0147;17:339.2326,-1.8706,-0.0008,0.0061;18:338.1774,-2.1358,0.0000,0.0000",64.055967,-2.503691,339.200000,-1.800000
1780474375.765710,,,0.250000,1,1,"0:n=1,raw=0,src=BOARD_1/2",1,4,1,11;15;17;18,11,11,68;0;9;0,0;49;23;23,"11:4.7502,-2.5171,-0.0032,-0.0033;15:0.7726,-3.8919,-0.1749,-0.0147;17:339.2304,-1.8543,-0.0008,0.0061;18:338.1774,-2.1358,0.0000,0.0000",64.055967,-2.503691,4.600000,-2.400000
1780474376.074422,,,0.250000,1,1,"0:n=1,raw=0,src=BOARD_1/2",1,3,1,11;17;18,11,11,69;8;0,0;24;24,"11:2.4879,-1.2910,-0.8011,0.5889;17:339.2302,-1.8527,-0.0008,0.0061;18:338.1774,-2.1358,0.0000,0.0000",64.055967,-2.503691,4.600000,-2.400000
1780474378.521623,,,0.218354,2,2,"0:n=1,raw=0,src=BOARD_1/2;1:n=1,raw=1,src=BOARD_1/2",2,3,2,11;17;18,11;17,11,70;9;0,0;0;36,"11:2.2626,-1.0876,-0.0467,0.0192;17:1.6026,-1.2155,3.9260,0.1193;18:338.1774,-2.1358,0.0000,0.0000",61.547545,-1.114339,2.200000,-1.000000
1780474378.826574,,,0.250000,1,1,"0:n=1,raw=0,src=BOARD_1/2",1,3,1,11;17;18,17,17,69;10;0,1;0;37,"11:2.2509,-1.0828,-0.0467,0.0192;17:2.8997,-1.2239,4.0031,0.1024;18:338.1774,-2.1358,0.0000,0.0000",61.547545,-1.114339,2.200000,-1.000000
1780474382.492500,,,0.221096,2,1,"0:n=2,raw=0,1,src=BOARD_1/3,BOARD_1/3",1,3,0,11;17;19,,17,68;9;1,19;18;0,"11:2.0798,-1.0126,-0.0467,0.0192;17:17.5749,-0.8485,4.0031,0.1024;19:337.6966,-1.8402,0.0000,0.0000",63.400620,-1.193216,4.000000,-1.000000
1780474385.000853,,,0.250000,1,1,"0:n=1,raw=0,src=BOARD_1/3",1,3,0,11;17;19,,17,67;8;2,31;30;0,"11:1.9644,-0.9652,-0.0467,0.0192;17:27.4759,-0.5952,4.0031,0.1024;19:338.1344,-2.0821,0.1793,-0.0991",63.400620,-1.193216,4.000000,-1.000000
1780474386.889509,,,0.250000,2,1,"0:n=2,raw=0,1,src=BOARD_2/0,BOARD_2/0",1,3,1,11;17;19,17,17,66;9;1,40;0;9,"11:1.8768,-0.9292,-0.0467,0.0192;17:26.7926,7.7473,2.7582,1.3734;19:338.4711,-2.2681,0.1793,-0.0991",63.400620,-1.193216,4.000000,-1.000000
1780474387.507630,,,0.215132,1,1,"0:n=1,raw=0,src=BOARD_2/0",1,3,1,11;17;19,17,17,65;10;0,43;0;12,"11:1.8479,-0.9173,-0.0467,0.0192;17:27.4348,8.2811,2.4215,1.1750;19:338.5819,-2.3294,0.1793,-0.0991",86.920031,8.159292,5.000000,-1.000000
1780474389.844795,,,0.250000,2,2,"0:n=1,raw=0,src=BOARD_1/3;1:n=1,raw=1,src=BOARD_1/2",2,3,0,17;19;20,,17,9;1;1,11;0;0,"17:32.9336,10.9493,2.4215,1.1750;19:338.8634,-2.4938,0.1531,-0.0843;20:2.5521,-2.7867,0.0000,0.0000",87.461247,8.633574,28.100000,8.200000
1780474390.239840,,,0.250000,1,1,"0:n=1,raw=0,src=BOARD_1/3",1,3,0,17;19;20,,17,8;2;0,12;0;1,"17:33.5390,11.2431,2.4215,1.1750;19:338.8470,-2.3382,0.1321,0.0474;20:2.5521,-2.7867,0.0000,0.0000",87.461247,8.633574,28.100000,8.200000
1780474444.513556,,,0.250000,1,1,"0:n=1,raw=0,src=BOARD_2/1",1,1,0,21,,17,1,0,"21:21.5066,10.1692,0.0000,0.0000",87.461247,8.633574,28.100000,8.200000
1780474445.067044,,,0.250000,1,1,"0:n=1,raw=0,src=BOARD_2/1",1,1,0,21,,17,2,0,"21:21.5539,10.0895,0.0686,-0.1154",87.461247,8.633574,28.100000,8.200000
1780474445.816191,,,0.250000,2,1,"0:n=2,raw=0,1,src=BOARD_2/1,BOARD_2/1",1,1,1,21,21,21,3,0,"21:21.6662,9.9178,0.1275,-0.2079",87.461247,8.633574,28.100000,8.200000
1780474446.372551,,,0.250000,2,1,"0:n=2,raw=0,1,src=BOARD_2/1,BOARD_2/1",1,1,1,21,21,21,4,0,"21:21.7600,9.8190,0.1521,-0.2120",81.004462,9.855463,27.000000,8.300000
1780474447.143585,,,0.250000,1,1,"0:n=1,raw=0,src=BOARD_2/1",1,1,1,21,21,21,5,0,"21:21.8659,9.5656,0.1557,-0.2892",81.004462,9.855463,21.700000,9.900000
1780474447.852636,,,0.250000,1,1,"0:n=1,raw=0,src=BOARD_2/1",1,1,1,21,21,21,6,0,"21:21.9289,9.3819,0.1371,-0.2854",81.212618,9.478853,21.700000,9.800000
1780474448.665532,,,0.207215,1,1,"0:n=1,raw=0,src=BOARD_2/1",1,1,1,21,21,21,7,0,"21:21.9614,8.9126,0.1022,-0.4274",81.270052,9.296274,21.800000,9.400000
1780474450.464168,,,0.250000,1,1,"0:n=1,raw=0,src=BOARD_2/1",1,1,1,21,21,21,8,0,"21:22.2341,7.3407,0.1408,-0.8349",81.292039,8.784353,21.800000,8.700000
1780474451.133063,,,0.250000,1,1,"0:n=1,raw=0,src=BOARD_2/1",1,1,1,21,21,21,9,0,"21:22.3492,6.9259,0.1499,-0.7607",81.576400,7.090199,21.800000,8.600000
1780474451.643500,,,0.250000,1,1,"0:n=1,raw=0,src=BOARD_2/1",1,1,1,21,21,21,10,0,"21:22.4404,6.7139,0.1599,-0.6757",81.694217,6.697660,21.800000,7.100000
1780474468.400237,,,0.250000,2,1,"0:n=2,raw=0,1,src=BOARD_2/1,BOARD_2/1",1,1,0,22,,21,1,0,"22:15.7097,6.8600,0.0000,0.0000",81.788356,6.511146,22.300000,6.500000
1780474469.027807,,,0.224607,2,1,"0:n=2,raw=0,1,src=BOARD_2/1,BOARD_2/1",1,1,0,22,,21,2,0,"22:15.7107,6.8495,0.0013,-0.0132",81.788356,6.511146,22.300000,6.500000
1780474469.512977,,,0.250000,2,1,"0:n=2,raw=0,1,src=BOARD_2/1,BOARD_2/1",1,1,1,22,22,22,3,0,"22:15.7179,6.8295,0.0072,-0.0272",81.788356,6.511146,22.300000,6.500000
1780474469.757217,,,0.244240,1,1,"0:n=1,raw=0,src=BOARD_2/1",1,1,1,22,22,22,4,0,"22:15.7317,6.8083,0.0166,-0.0406",75.020040,6.821330,22.300000,6.500000
1780474470.165612,,,0.204887,2,1,"0:n=2,raw=0,1,src=BOARD_2/1,BOARD_2/1",1,1,1,22,22,22,5,0,"22:15.7606,6.8090,0.0311,-0.0264",75.020040,6.821330,22.300000,6.600000
1780474470.616035,,,0.247184,2,1,"0:n=2,raw=0,1,src=BOARD_2/1,BOARD_2/1",1,1,1,22,22,22,6,0,"22:15.7434,6.8441,0.0131,0.0087",75.020040,6.821330,22.300000,6.900000
1780474471.101944,,,0.250000,2,1,"0:n=2,raw=0,1,src=BOARD_2/1,BOARD_2/1",1,1,1,22,22,22,7,0,"22:15.7401,6.8545,0.0082,0.0133",75.020040,6.821330,15.700000,6.900000
1780474471.721456,,,0.211959,2,1,"0:n=2,raw=0,1,src=BOARD_2/1,BOARD_2/1",1,1,1,22,22,22,8,0,"22:15.7551,6.8382,0.0131,-0.0029",75.020040,6.821330,15.700000,6.900000
1780474472.452884,,,0.250000,2,1,"0:n=2,raw=0,1,src=BOARD_2/1,BOARD_2/1",1,1,1,22,22,22,9,0,"22:15.7249,6.8550,-0.0053,0.0090",75.020040,6.821330,15.700000,6.900000
1780474473.090475,,,0.231354,1,1,"0:n=1,raw=0,src=BOARD_2/1",1,1,1,22,22,22,10,0,"22:15.7463,6.8463,0.0062,-0.0000",75.020040,6.821330,15.700000,6.900000
1780474473.618742,,,0.250000,1,1,"0:n=1,raw=0,src=BOARD_2/1",1,1,1,22,22,22,11,0,"22:15.7146,6.8687,-0.0101,0.0146",75.020040,6.821330,15.700000,6.900000
1780474474.923306,,,0.250000,2,1,"0:n=2,raw=0,1,src=BOARD_2/1,BOARD_2/1",1,1,1,22,22,22,12,0,"22:15.6695,6.8874,-0.0240,0.0147",75.020040,6.821330,15.700000,6.900000
1780474475.526262,,,0.250000,2,1,"0:n=2,raw=0,1,src=BOARD_2/1,BOARD_2/1",1,1,1,22,22,22,13,0,"22:15.6613,6.9089,-0.0228,0.0234",75.020040,6.821330,15.700000,6.900000
1780474476.057105,,,0.250000,2,1,"0:n=2,raw=0,1,src=BOARD_2/1,BOARD_2/1",1,1,1,22,22,22,14,0,"22:15.6662,6.9074,-0.0158,0.0156",75.020040,6.821330,15.700000,6.900000
1780474476.826460,,,0.250000,2,1,"0:n=2,raw=0,1,src=BOARD_2/1,BOARD_2/1",1,1,1,22,22,22,15,0,"22:15.6876,6.8822,-0.0007,-0.0077",75.020040,6.821330,15.700000,6.900000
1780474477.360650,,,0.250000,2,1,"0:n=2,raw=0,1,src=BOARD_2/1,BOARD_2/1",1,1,1,22,22,22,16,0,"22:15.6842,6.8921,-0.0022,0.0013",75.020040,6.821330,15.700000,6.900000
1780474477.968549,,,0.250000,2,1,"0:n=2,raw=0,1,src=BOARD_2/1,BOARD_2/1",1,1,1,22,22,22,17,0,"22:15.6699,6.8924,-0.0087,0.0010",75.020040,6.821330,15.700000,6.900000
1780474478.542367,,,0.250000,2,1,"0:n=2,raw=0,1,src=BOARD_2/1,BOARD_2/1",1,1,1,22,22,22,18,0,"22:15.7023,6.8723,0.0095,-0.0130",75.020040,6.821330,15.700000,6.900000
1780474479.041640,,,0.250000,1,1,"0:n=1,raw=0,src=BOARD_2/1",1,1,1,22,22,22,19,0,"22:15.6845,6.8643,-0.0017,-0.0145",75.020040,6.821330,15.700000,6.900000
1780474479.571195,,,0.250000,1,1,"0:n=1,raw=0,src=BOARD_2/1",1,1,1,22,22,22,20,0,"22:15.7046,6.8400,0.0089,-0.0266",75.020040,6.821330,15.700000,6.900000
1780474480.059811,,,0.250000,1,1,"0:n=1,raw=0,src=BOARD_2/1",1,1,1,22,22,22,21,0,"22:15.6930,6.8480,0.0009,-0.0129",75.020040,6.821330,15.700000,6.900000
1780474480.923388,,,0.250000,2,1,"0:n=2,raw=0,1,src=BOARD_2/1,BOARD_2/1",1,1,1,22,22,22,22,0,"22:15.6825,6.8520,-0.0045,-0.0035",75.020040,6.821330,15.700000,6.900000
1780474481.460281,,,0.250000,2,1,"0:n=2,raw=0,1,src=BOARD_2/1,BOARD_2/1",1,1,1,22,22,22,23,0,"22:15.6663,6.8456,-0.0112,-0.0066",75.020040,6.821330,15.700000,6.900000
1780474482.079720,,,0.213678,2,1,"0:n=2,raw=0,1,src=BOARD_2/1,BOARD_2/1",1,1,1,22,22,22,24,0,"22:15.7050,6.8174,0.0104,-0.0221",75.020040,6.821330,15.700000,6.900000
1780474482.682085,,,0.250000,2,1,"0:n=2,raw=0,1,src=BOARD_2/1,BOARD_2/1",1,1,1,22,22,22,25,0,"22:15.7259,6.7729,0.0183,-0.0451",75.020040,6.821330,15.700000,6.900000
1780474483.271042,,,0.250000,2,1,"0:n=2,raw=0,1,src=BOARD_2/1,BOARD_2/1",1,1,1,22,22,22,26,0,"22:15.7059,6.7859,0.0044,-0.0224",75.020040,6.821330,15.700000,6.900000
1780474484.100749,,,0.222294,2,1,"0:n=2,raw=0,1,src=BOARD_2/1,BOARD_2/1",1,1,1,22,22,22,27,0,"22:15.6860,6.7918,-0.0069,-0.0070",75.020040,6.821330,15.700000,6.900000
1780474484.690146,,,0.250000,2,1,"0:n=2,raw=0,1,src=BOARD_2/1,BOARD_2/1",1,1,1,22,22,22,28,0,"22:15.6767,6.7875,-0.0099,-0.0077",75.020040,6.821330,15.700000,6.900000
1780474485.334553,,,0.243676,1,1,"0:n=1,raw=0,src=BOARD_2/1",1,1,1,22,22,22,29,0,"22:15.6759,6.7973,-0.0072,0.0018",75.020040,6.821330,15.700000,6.900000
1780474485.667540,,,0.250000,1,1,"0:n=1,raw=0,src=BOARD_2/1",1,1,1,22,22,22,30,0,"22:15.6772,6.8022,-0.0057,0.0048",75.020040,6.821330,15.700000,6.900000
1780474485.920155,,,0.250000,1,1,"0:n=1,raw=0,src=BOARD_2/1",1,1,1,22,22,22,31,0,"22:15.6719,6.7974,-0.0076,0.0005",75.020040,6.821330,15.700000,6.900000
1780474486.199487,,,0.250000,1,1,"0:n=1,raw=0,src=BOARD_2/1",1,1,1,22,22,22,32,0,"22:15.6668,6.7924,-0.0093,-0.0033",75.020040,6.821330,15.700000,6.900000
1780474486.628345,,,0.226563,2,1,"0:n=2,raw=0,1,src=BOARD_2/1,BOARD_2/1",1,1,1,22,22,22,33,0,"22:15.6694,6.7896,-0.0058,-0.0044",75.020040,6.821330,15.700000,6.900000
1780474486.872627,,,0.244282,1,1,"0:n=1,raw=0,src=BOARD_2/1",1,1,1,22,22,22,34,0,"22:15.6823,6.7915,0.0021,-0.0021",75.020040,6.821330,15.700000,6.900000
1780474487.148345,,,0.250000,1,1,"0:n=1,raw=0,src=BOARD_2/1",1,1,1,22,22,22,35,0,"22:15.6947,6.7929,0.0087,-0.0007",75.020040,6.821330,15.700000,6.900000
1780474487.370431,,,0.222086,1,1,"0:n=1,raw=0,src=BOARD_2/1",1,1,1,22,22,22,36,0,"22:15.7143,6.7803,0.0187,-0.0103",75.020040,6.821330,15.700000,6.900000
1780474487.627722,,,0.250000,2,1,"0:n=2,raw=0,1,src=BOARD_2/1,BOARD_2/1",1,1,1,22,22,22,37,0,"22:15.7239,6.7802,0.0215,-0.0083",75.020040,6.821330,15.700000,6.900000
1780474487.858464,,,0.230742,1,1,"0:n=1,raw=0,src=BOARD_2/1",1,1,1,22,22,22,38,0,"22:15.7200,6.7964,0.0164,0.0059",75.020040,6.821330,15.700000,6.900000
1780474488.248662,,,0.250000,1,1,"0:n=1,raw=0,src=BOARD_2/1",1,1,1,22,22,22,39,0,"22:15.7227,6.8005,0.0156,0.0080",75.020040,6.821330,15.700000,6.900000
1780474488.454227,,,0.205565,1,1,"0:n=1,raw=0,src=BOARD_2/1",1,1,1,22,22,22,40,0,"22:15.7229,6.8048,0.0138,0.0101",75.020040,6.821330,15.700000,6.900000
1780474489.202319,,,0.250000,2,1,"0:n=2,raw=0,1,src=BOARD_2/1,BOARD_2/1",1,1,1,22,22,22,41,0,"22:15.7398,6.7920,0.0182,-0.0038",75.020040,6.821330,15.700000,6.900000
1780474489.738660,,,0.250000,2,1,"0:n=2,raw=0,1,src=BOARD_2/1,BOARD_2/1",1,1,1,22,22,22,42,0,"22:15.7685,6.7594,0.0290,-0.0250",75.020040,6.821330,15.700000,6.900000
1780474537.232239,,,0.250000,1,1,"0:n=1,raw=0,src=BOARD_2/1",1,1,0,23,,22,1,0,"23:17.0131,6.3879,0.0000,0.0000",75.020040,6.821330,15.700000,6.900000
1780474546.358312,,,0.250000,2,1,"0:n=2,raw=0,1,src=BOARD_2/1,BOARD_2/1",1,1,0,23,,22,2,0,"23:13.1014,6.7678,-0.4839,0.0470",75.020040,6.821330,15.700000,6.900000
1780474546.757997,,,0.250000,2,1,"0:n=2,raw=0,1,src=BOARD_2/1,BOARD_2/1",1,1,1,23,23,23,3,0,"23:13.0253,6.7960,-0.4739,0.0550",75.020040,6.821330,15.700000,6.900000
1780474546.983865,,,0.225868,1,1,"0:n=1,raw=0,src=BOARD_2/1",1,1,1,23,23,23,4,0,"23:12.9553,6.8393,-0.4602,0.0815",72.183177,6.812467,15.700000,6.900000
1780474547.500177,,,0.250000,1,1,"0:n=1,raw=0,src=BOARD_2/1",1,1,1,23,23,23,5,0,"23:12.8452,7.0526,-0.4028,0.2545",72.183177,6.812467,14.600000,6.900000
1780474548.113332,,,0.202950,2,1,"0:n=2,raw=0,1,src=BOARD_2/1,BOARD_2/1",1,1,1,23,23,23,6,0,"23:12.8036,7.3831,-0.2770,0.3910",72.024357,7.128936,12.800000,6.900000
1780474548.679698,,,0.250000,2,1,"0:n=2,raw=0,1,src=BOARD_2/1,BOARD_2/1",1,1,1,23,23,23,7,0,"23:12.8391,7.6786,-0.1839,0.4761",72.020504,7.500391,12.800000,6.900000
1780474549.257654,,,0.250000,1,1,"0:n=1,raw=0,src=BOARD_2/1",1,1,1,23,23,23,8,0,"23:12.8957,7.7923,-0.1071,0.4067",72.083905,7.821489,12.800000,6.900000
1780474549.851087,,,0.250000,1,1,"0:n=1,raw=0,src=BOARD_2/1",1,1,1,23,23,23,9,0,"23:12.9363,7.8152,-0.0602,0.2970",72.083905,7.821489,12.800000,7.500000
1780474550.440455,,,0.250000,2,1,"0:n=2,raw=0,1,src=BOARD_2/1,BOARD_2/1",1,1,1,23,23,23,10,0,"23:12.9618,7.8263,-0.0331,0.2132",72.083905,7.821489,12.800000,7.500000
1780474551.437697,,,0.250000,2,1,"0:n=2,raw=0,1,src=BOARD_2/1,BOARD_2/1",1,1,1,23,23,23,11,0,"23:13.0045,7.8041,0.0007,0.0859",72.083905,7.821489,12.800000,7.500000
1780474551.956849,,,0.250000,2,1,"0:n=2,raw=0,1,src=BOARD_2/1,BOARD_2/1",1,1,1,23,23,23,12,0,"23:13.0130,7.7741,0.0046,0.0424",72.304725,7.829873,12.800000,7.500000
1780474556.130619,,,0.250000,2,1,"0:n=2,raw=0,1,src=BOARD_2/1,BOARD_2/1",1,1,1,23,23,23,13,0,"23:12.9721,7.7333,-0.0105,-0.0178",72.304725,7.829873,12.800000,7.800000
1780474556.743607,,,0.209756,2,1,"0:n=2,raw=0,1,src=BOARD_2/1,BOARD_2/1",1,1,1,23,23,23,14,0,"23:12.9673,7.7381,-0.0099,-0.0094",72.304725,7.829873,12.800000,7.800000
1780474557.317638,,,0.250000,1,1,"0:n=1,raw=0,src=BOARD_2/1",1,1,1,23,23,23,15,0,"23:12.9705,7.7347,-0.0067,-0.0088",72.304725,7.829873,12.800000,7.800000
1780474557.526699,,,0.209061,1,1,"0:n=1,raw=0,src=BOARD_2/1",1,1,1,23,23,23,16,0,"23:12.9730,7.7340,-0.0049,-0.0080",72.304725,7.829873,12.800000,7.800000
1780474558.130075,,,0.250000,2,1,"0:n=2,raw=0,1,src=BOARD_2/1,BOARD_2/1",1,1,1,23,23,23,17,0,"23:12.9225,7.7432,-0.0308,0.0020",72.304725,7.829873,12.800000,7.800000
1780474559.060177,,,0.250000,2,1,"0:n=2,raw=0,1,src=BOARD_2/1,BOARD_2/1",1,1,1,23,23,23,18,0,"23:12.8570,7.7677,-0.0509,0.0168",72.304725,7.829873,12.800000,7.800000
1780474559.444118,,,0.250000,1,1,"0:n=1,raw=0,src=BOARD_2/1",1,1,1,23,23,23,19,0,"23:12.8239,7.7788,-0.0613,0.0212",72.304725,7.829873,12.800000,7.800000
1780474559.669549,,,0.225431,1,1,"0:n=1,raw=0,src=BOARD_2/1",1,1,1,23,23,23,20,0,"23:12.8413,7.7693,-0.0451,0.0114",72.304725,7.829873,12.800000,7.800000
1780474560.185518,,,0.250000,2,1,"0:n=2,raw=0,1,src=BOARD_2/1,BOARD_2/1",1,1,1,23,23,23,21,0,"23:12.7828,7.8112,-0.0654,0.0380",72.304725,7.829873,12.800000,7.800000
1780474560.988890,,,0.250000,1,1,"0:n=1,raw=0,src=BOARD_2/1",1,1,1,23,23,23,22,0,"23:12.6626,7.8785,-0.1051,0.0668",72.063179,7.822551,12.800000,7.800000
1780474561.287482,,,0.250000,2,1,"0:n=2,raw=0,1,src=BOARD_2/1,BOARD_2/1",1,1,1,23,23,23,23,0,"23:12.5545,7.9314,-0.1471,0.0916",72.063179,7.822551,12.800000,7.800000
1780474561.560822,,,0.250000,1,1,"0:n=1,raw=0,src=BOARD_2/1",1,1,1,23,23,23,24,0,"23:12.4194,7.9980,-0.1983,0.1229",71.810334,7.958881,12.800000,7.800000
1780474562.428125,,,0.250000,1,1,"0:n=1,raw=0,src=BOARD_2/1",1,1,1,23,23,23,25,0,"23:12.1341,8.1572,-0.2551,0.1573",71.810334,7.958881,12.400000,7.800000
1780474562.879444,,,0.250000,2,1,"0:n=2,raw=0,1,src=BOARD_2/1,BOARD_2/1",1,1,1,23,23,23,26,0,"23:11.9859,8.2281,-0.2714,0.1574",71.357570,8.204365,12.400000,7.800000
1780474563.153120,,,0.250000,1,1,"0:n=1,raw=0,src=BOARD_2/1",1,1,1,23,23,23,27,0,"23:11.9180,8.2611,-0.2714,0.1531",71.357570,8.204365,12.400000,7.900000
1780474563.589908,,,0.236191,2,1,"0:n=2,raw=0,1,src=BOARD_2/1,BOARD_2/1",1,1,1,23,23,23,28,0,"23:11.8245,8.2824,-0.2587,0.1210",71.136605,8.307064,11.900000,8.300000
1780474564.220326,,,0.223700,2,1,"0:n=2,raw=0,1,src=BOARD_2/1,BOARD_2/1",1,1,1,23,23,23,29,0,"23:11.7613,8.2907,-0.2084,0.0751",71.136605,8.307064,11.800000,8.300000
1780474564.720773,,,0.250000,2,1,"0:n=2,raw=0,1,src=BOARD_2/1,BOARD_2/1",1,1,1,23,23,23,30,0,"23:11.7638,8.2791,-0.1597,0.0443",71.136605,8.307064,11.800000,8.300000
1780474564.969234,,,0.248461,1,1,"0:n=1,raw=0,src=BOARD_2/1",1,1,1,23,23,23,31,0,"23:11.7965,8.2657,-0.1230,0.0274",71.136605,8.307064,11.800000,8.300000
1780474565.542063,,,0.250000,2,1,"0:n=2,raw=0,1,src=BOARD_2/1,BOARD_2/1",1,1,1,23,23,23,32,0,"23:11.8033,8.2672,-0.0907,0.0196",71.136605,8.307064,11.800000,8.300000
1780474566.112228,,,0.250000,1,1,"0:n=1,raw=0,src=BOARD_2/1",1,1,1,23,23,23,33,0,"23:11.7471,8.2877,-0.0985,0.0278",71.136605,8.307064,11.800000,8.300000
1780474591.387057,,,0.250000,2,1,"0:n=2,raw=0,1,src=BOARD_2/1,BOARD_2/1",1,1,0,24,,23,1,0,"24:14.8005,7.0571,0.0000,0.0000",71.136605,8.307064,11.800000,8.300000
1780474591.869334,,,0.250000,1,1,"0:n=1,raw=0,src=BOARD_2/1",1,1,0,24,,23,2,0,"24:14.6431,7.0632,-0.2276,0.0089",71.136605,8.307064,11.800000,8.300000
1780474602.109225,,,0.250000,1,1,"0:n=1,raw=0,src=BOARD_5/3",1,1,1,24,24,24,3,0,"24:337.6434,34.5101,-4.0092,3.1154",71.136605,8.307064,11.800000,8.300000
1780474602.645225,,,0.250000,1,1,"0:n=1,raw=0,src=BOARD_5/3",1,1,1,24,24,24,4,0,"24:336.3295,35.2439,-3.8608,2.6573",35.740641,35.444735,11.800000,8.300000
1780474605.951783,,,0.250000,1,1,"0:n=1,raw=0,src=BOARD_2/1",1,2,0,24;25,,24,3;1,16;0,"24:323.5937,44.0095,-3.8608,2.6573;25:16.4844,8.0471,0.0000,0.0000",34.471281,36.041035,335.000000,35.700000
1780474606.531646,,,0.250000,1,1,"0:n=1,raw=0,src=BOARD_2/1",1,2,0,24;25,,24,2;2,18;0,"24:321.8426,45.2147,-3.8608,2.6573;25:16.7473,7.7212,0.3803,-0.4715",34.471281,36.041035,335.000000,35.700000
1780474607.262347,,,0.250000,1,1,"0:n=1,raw=0,src=BOARD_2/1",1,2,1,24;25,25,25,1;3,21;0,"24:319.3022,46.9632,-3.8608,2.6573;25:17.2296,7.3512,0.5885,-0.5330",34.471281,36.041035,335.000000,35.700000
1780474607.776516,,,0.250000,1,1,"0:n=1,raw=0,src=BOARD_2/1",1,2,1,24;25,25,25,0;4,23;0,"24:317.5604,48.1620,-3.8608,2.6573;25:17.6987,7.0659,0.7296,-0.5696",76.706141,7.191263,336.200000,35.600000
1780474609.801623,,,0.250000,1,1,"0:n=1,raw=0,src=BOARD_2/1",1,2,1,24;25,25,25,0;5,32;0,"24:310.3226,53.1435,-3.8608,2.6573;25:18.2655,6.7583,0.4136,-0.2082",77.217564,6.895049,17.800000,9.100000
1780474610.390926,,,0.250000,1,1,"0:n=1,raw=0,src=BOARD_2/1",1,2,1,24;25,25,25,0;6,34;0,"24:308.5756,54.3459,-3.8608,2.6573;25:18.3120,6.7242,0.3520,-0.1696",77.689572,6.695809,17.800000,9.100000
1780474611.065038,,,0.250000,2,1,"0:n=2,raw=0,1,src=BOARD_2/1,BOARD_2/1",1,2,1,24;25,25,25,0;7,37;0,"24:306.0374,56.0928,-3.8608,2.6573;25:18.3523,6.7130,0.2617,-0.1016",77.689572,6.695809,18.200000,6.900000
1780474611.839982,,,0.250000,2,1,"0:n=2,raw=0,1,src=BOARD_2/1,BOARD_2/1",1,2,1,24;25,25,25,0;8,40;0,"24:303.4884,57.8472,-3.8608,2.6573;25:18.3265,6.7392,0.1669,-0.0413",77.689572,6.695809,18.200000,6.900000
1780474612.460057,,,0.215293,1,1,"0:n=1,raw=0,src=BOARD_2/1",1,2,1,24;25,25,25,0;9,43;0,"24:301.0944,59.4949,-3.8608,2.6573;25:18.2830,6.7759,0.0972,-0.0018",77.689572,6.695809,18.200000,6.900000
1780474612.842902,,,0.250000,2,1,"0:n=2,raw=0,1,src=BOARD_2/1,BOARD_2/1",1,2,1,24;25,25,25,0;10,44;0,"24:300.1292,60.1592,-3.8608,2.6573;25:18.2275,6.7850,0.0585,0.0045",77.689572,6.695809,18.200000,6.900000
1780474613.345480,,,0.250000,1,1,"0:n=1,raw=0,src=BOARD_2/1",1,2,1,24;25,25,25,0;11,46;0,"24:298.3798,61.3633,-3.8608,2.6573;25:18.1910,6.7880,0.0266,0.0052",77.689572,6.695809,18.200000,6.900000
1780474616.635516,,,0.242169,1,1,"0:n=1,raw=0,src=BOARD_2/1",1,1,1,25,25,25,12,0,"25:18.1262,6.8246,-0.0182,0.0116",77.689572,6.695809,18.200000,6.900000
1780474616.914142,,,0.250000,1,1,"0:n=1,raw=0,src=BOARD_2/1",1,1,1,25,25,25,13,0,"25:18.1119,6.8290,-0.0213,0.0123",77.420713,6.828058,18.200000,6.900000
1780474617.321991,,,0.207102,1,1,"0:n=1,raw=0,src=BOARD_2/1",1,1,1,25,25,25,14,0,"25:18.1028,6.8321,-0.0215,0.0111",77.420713,6.828058,18.200000,6.900000
1780474617.613134,,,0.250000,2,1,"0:n=2,raw=0,1,src=BOARD_2/1,BOARD_2/1",1,1,1,25,25,25,15,0,"25:18.1061,6.8270,-0.0174,0.0051",77.420713,6.828058,18.200000,6.900000
1780474618.007275,,,0.250000,1,1,"0:n=1,raw=0,src=BOARD_2/1",1,1,1,25,25,25,16,0,"25:18.1104,6.8235,-0.0130,0.0012",77.420713,6.828058,18.200000,6.900000
1780474618.215397,,,0.208122,1,1,"0:n=1,raw=0,src=BOARD_2/1",1,1,1,25,25,25,17,0,"25:18.1087,6.8279,-0.0124,0.0047",77.420713,6.828058,18.200000,6.900000
1780474618.468142,,,0.250000,1,1,"0:n=1,raw=0,src=BOARD_2/1",1,1,1,25,25,25,18,0,"25:18.1073,6.8330,-0.0115,0.0080",77.420713,6.828058,18.200000,6.900000
1780474618.701672,,,0.233530,2,1,"0:n=2,raw=0,1,src=BOARD_2/1,BOARD_2/1",1,1,1,25,25,25,19,0,"25:18.1008,6.8271,-0.0137,0.0015",77.420713,6.828058,18.200000,6.900000
1780474619.284023,,,0.250000,1,1,"0:n=1,raw=0,src=BOARD_2/1",1,1,1,25,25,25,20,0,"25:18.0911,6.8181,-0.0158,-0.0059",77.420713,6.828058,18.200000,6.900000
1780474619.568444,,,0.250000,2,1,"0:n=2,raw=0,1,src=BOARD_2/1,BOARD_2/1",1,1,1,25,25,25,21,0,"25:18.0919,6.8204,-0.0130,-0.0031",77.420713,6.828058,18.200000,6.900000
1780474619.998421,,,0.228093,2,1,"0:n=2,raw=0,1,src=BOARD_2/1,BOARD_2/1",1,1,1,25,25,25,22,0,"25:18.0951,6.8265,-0.0081,0.0023",77.420713,6.828058,18.200000,6.900000
1780474620.304268,,,0.250000,1,1,"0:n=1,raw=0,src=BOARD_2/1",1,1,1,25,25,25,23,0,"25:18.1033,6.8361,-0.0024,0.0089",77.420713,6.828058,18.200000,6.900000
1780474620.808301,,,0.250000,2,1,"0:n=2,raw=0,1,src=BOARD_2/1,BOARD_2/1",1,1,1,25,25,25,24,0,"25:18.0399,6.7894,-0.0362,-0.0276",77.420713,6.828058,18.200000,6.900000
1780474628.003141,,,0.250000,1,1,"0:n=1,raw=0,src=BOARD_2/1",1,1,1,25,25,25,25,0,"25:20.1887,6.0056,0.3741,-0.1337",77.420713,6.828058,18.200000,6.900000
1780474640.977601,,,0.250000,1,1,"0:n=1,raw=0,src=BOARD_3/1",1,1,0,26,,25,1,0,"26:17.3291,21.6423,0.0000,0.0000",79.600936,5.965512,20.300000,5.900000
1780474646.003380,,,0.250000,1,1,"0:n=1,raw=0,src=BOARD_2/4",1,1,0,26,,25,2,0,"26:346.6059,7.7405,-6.6373,-3.0033",79.600936,5.965512,20.300000,5.900000
1780474646.224060,,,0.220680,1,1,"0:n=1,raw=0,src=BOARD_2/4",1,1,1,26,26,26,3,0,"26:345.8089,7.4467,-6.4015,-2.7423",79.600936,5.965512,20.300000,5.900000
1780474646.650020,,,0.222093,2,1,"0:n=2,raw=0,1,src=BOARD_2/4,BOARD_2/4",1,1,1,26,26,26,4,0,"26:344.6556,7.1853,-5.3812,-1.7422",43.188462,6.624047,19.100000,6.000000
1780474647.138601,,,0.250000,2,1,"0:n=2,raw=0,1,src=BOARD_2/4,BOARD_2/4",1,1,1,26,26,26,5,0,"26:344.3128,7.2635,-3.8261,-0.8771",42.341207,6.662622,6.800000,6.700000
1780474647.785724,,,0.241457,2,1,"0:n=2,raw=0,1,src=BOARD_2/4,BOARD_2/4",1,1,1,26,26,26,6,0,"26:344.5370,7.4427,-1.9837,-0.2612",42.464959,7.000382,344.100000,6.700000
1780474648.533386,,,0.250000,2,1,"0:n=2,raw=0,1,src=BOARD_2/4,BOARD_2/4",1,1,1,26,26,26,7,0,"26:345.1702,7.5881,-0.7866,-0.0163",43.241922,7.364352,343.800000,6.700000
1780474648.762491,,,0.229105,1,1,"0:n=1,raw=0,src=BOARD_2/4",1,1,1,26,26,26,8,0,"26:345.6479,7.6452,-0.3722,0.0345",44.234246,7.583177,344.800000,7.400000
1780474649.142846,,,0.250000,2,1,"0:n=2,raw=0,1,src=BOARD_2/4,BOARD_2/4",1,1,1,26,26,26,9,0,"26:345.9184,7.6704,-0.1309,0.0498",44.836234,7.655530,344.800000,7.400000
1780474649.385061,,,0.242215,1,1,"0:n=1,raw=0,src=BOARD_2/4",1,1,1,26,26,26,10,0,"26:346.1166,7.6782,0.0290,0.0457",45.179108,7.685282,344.800000,7.400000
1780474649.986698,,,0.250000,2,1,"0:n=2,raw=0,1,src=BOARD_2/4,BOARD_2/4",1,1,1,26,26,26,11,0,"26:346.2957,7.6920,0.1455,0.0394",45.425340,7.691872,345.700000,7.400000
1780474650.673861,,,0.250000,2,1,"0:n=2,raw=0,1,src=BOARD_2/4,BOARD_2/4",1,1,1,26,26,26,12,0,"26:346.4725,7.7108,0.1978,0.0337",45.639358,7.703776,345.700000,7.400000
1780474651.733098,,,0.249412,2,1,"0:n=2,raw=0,1,src=BOARD_2/4,BOARD_2/4",1,1,1,26,26,26,13,0,"26:346.5833,7.7051,0.1440,0.0060",45.639358,7.703776,346.200000,7.400000
1780474652.214022,,,0.250000,2,1,"0:n=2,raw=0,1,src=BOARD_2/4,BOARD_2/4",1,1,1,26,26,26,14,0,"26:346.5969,7.7064,0.1146,0.0049",45.926523,7.706860,346.200000,7.400000
1780474652.535924,,,0.250000,1,1,"0:n=1,raw=0,src=BOARD_2/4",1,1,1,26,26,26,15,0,"26:346.6005,7.7138,0.0995,0.0102",45.926523,7.706860,346.200000,7.400000
1780474653.175341,,,0.236402,2,1,"0:n=2,raw=0,1,src=BOARD_2/4,BOARD_2/4",1,1,1,26,26,26,16,0,"26:346.6303,7.7102,0.0781,0.0018",45.926523,7.706860,346.200000,7.400000
1780474653.661021,,,0.250000,1,1,"0:n=1,raw=0,src=BOARD_2/4",1,1,1,26,26,26,17,0,"26:346.6393,7.7076,0.0615,-0.0011",45.926523,7.706860,346.200000,7.400000
1780474665.326493,,,0.250000,2,1,"0:n=2,raw=0,1,src=BOARD_2/1,BOARD_2/1",1,1,0,27,,26,1,0,"27:13.9688,10.4900,0.0000,0.0000",45.926523,7.706860,346.200000,7.400000
1780474665.907994,,,0.250000,2,1,"0:n=2,raw=0,1,src=BOARD_2/1,BOARD_2/1",1,1,0,27,,26,2,0,"27:13.9443,10.5077,-0.0354,0.0255",45.926523,7.706860,346.200000,7.400000
1780474668.341725,,,0.208177,2,1,"0:n=2,raw=0,1,src=BOARD_2/1,BOARD_2/1",1,1,1,27,27,27,3,0,"27:13.9360,10.6334,-0.0058,0.0515",45.926523,7.706860,346.200000,7.400000
1780474668.930095,,,0.250000,1,1,"0:n=1,raw=0,src=BOARD_2/1",1,1,1,27,27,27,4,0,"27:13.9301,10.6387,-0.0074,0.0383",73.234291,10.648873,347.300000,7.500000
1780474669.205513,,,0.250000,1,1,"0:n=1,raw=0,src=BOARD_2/1",1,1,1,27,27,27,5,0,"27:13.9280,10.6409,-0.0075,0.0315",73.234291,10.648873,352.500000,8.700000
1780474669.877754,,,0.250000,2,1,"0:n=2,raw=0,1,src=BOARD_2/1,BOARD_2/1",1,1,1,27,27,27,6,0,"27:13.9366,10.6325,0.0012,0.0065",73.234291,10.648873,11.900000,10.600000
1780474670.465080,,,0.250000,2,1,"0:n=2,raw=0,1,src=BOARD_2/1,BOARD_2/1",1,1,1,27,27,27,7,0,"27:13.9544,10.6124,0.0125,-0.0129",73.234291,10.648873,13.900000,10.600000
1780474671.012487,,,0.250000,2,1,"0:n=2,raw=0,1,src=BOARD_2/1,BOARD_2/1",1,1,1,27,27,27,8,0,"27:13.9406,10.6155,-0.0002,-0.0054",73.234291,10.648873,13.900000,10.600000
1780474671.570261,,,0.250000,2,1,"0:n=2,raw=0,1,src=BOARD_2/1,BOARD_2/1",1,1,1,27,27,27,9,0,"27:13.9342,10.6120,-0.0042,-0.0062",73.234291,10.648873,13.900000,10.600000
1780474672.130758,,,0.250000,2,1,"0:n=2,raw=0,1,src=BOARD_2/1,BOARD_2/1",1,1,1,27,27,27,10,0,"27:13.9368,10.6236,-0.0013,0.0059",73.234291,10.648873,13.900000,10.600000
1780474672.721642,,,0.250000,1,1,"0:n=1,raw=0,src=BOARD_2/1",1,1,1,27,27,27,11,0,"27:13.9321,10.6227,-0.0040,0.0029",73.234291,10.648873,13.900000,10.600000
1780474673.025569,,,0.250000,1,1,"0:n=1,raw=0,src=BOARD_2/1",1,1,1,27,27,27,12,0,"27:13.9297,10.6220,-0.0049,0.0016",73.234291,10.648873,13.900000,10.600000
1780474673.907891,,,0.250000,2,1,"0:n=2,raw=0,1,src=BOARD_2/1,BOARD_2/1",1,1,1,27,27,27,13,0,"27:13.9350,10.6056,0.0008,-0.0118",73.234291,10.648873,13.900000,10.600000
1780474674.422319,,,0.250000,2,1,"0:n=2,raw=0,1,src=BOARD_2/1,BOARD_2/1",1,1,1,27,27,27,14,0,"27:13.9517,10.6075,0.0107,-0.0060",73.234291,10.648873,13.900000,10.600000
1780474675.163198,,,0.250000,2,1,"0:n=2,raw=0,1,src=BOARD_2/1,BOARD_2/1",1,1,1,27,27,27,15,0,"27:13.9567,10.5945,0.0095,-0.0132",73.234291,10.648873,13.900000,10.600000
1780474675.758708,,,0.250000,2,1,"0:n=2,raw=0,1,src=BOARD_2/1,BOARD_2/1",1,1,1,27,27,27,16,0,"27:13.9475,10.5783,0.0013,-0.0216",73.234291,10.648873,13.900000,10.600000
1780474676.597004,,,0.234187,1,1,"0:n=1,raw=0,src=BOARD_2/1",1,1,1,27,27,27,17,0,"27:13.9498,10.5785,0.0020,-0.0080",73.234291,10.648873,13.900000,10.600000
1780474677.346675,,,0.250000,1,1,"0:n=1,raw=0,src=BOARD_2/1",1,1,1,27,27,27,18,0,"27:13.9400,10.5944,-0.0044,0.0080",73.234291,10.648873,13.900000,10.600000
1780474677.588281,,,0.241605,1,1,"0:n=1,raw=0,src=BOARD_2/1",1,1,1,27,27,27,19,0,"27:13.9339,10.6021,-0.0075,0.0128",73.234291,10.648873,13.900000,10.600000
1780474678.225451,,,0.237106,2,1,"0:n=2,raw=0,1,src=BOARD_2/1,BOARD_2/1",1,1,1,27,27,27,20,0,"27:13.9357,10.5985,-0.0034,0.0031",73.234291,10.648873,13.900000,10.600000
1780474679.023960,,,0.250000,2,1,"0:n=2,raw=0,1,src=BOARD_2/1,BOARD_2/1",1,1,1,27,27,27,21,0,"27:13.9498,10.6101,0.0066,0.0106",73.234291,10.648873,13.900000,10.600000
1780474679.599636,,,0.250000,2,1,"0:n=2,raw=0,1,src=BOARD_2/1,BOARD_2/1",1,1,1,27,27,27,22,0,"27:13.9493,10.5817,0.0044,-0.0165",73.234291,10.648873,13.900000,10.600000
1780474680.272463,,,0.250000,2,1,"0:n=2,raw=0,1,src=BOARD_2/1,BOARD_2/1",1,1,1,27,27,27,23,0,"27:13.9603,10.5737,0.0093,-0.0142",73.234291,10.648873,13.900000,10.600000
1780474680.826282,,,0.250000,2,1,"0:n=2,raw=0,1,src=BOARD_2/1,BOARD_2/1",1,1,1,27,27,27,24,0,"27:13.9772,10.5853,0.0171,0.0005",73.234291,10.648873,13.900000,10.600000
1780474681.493450,,,0.250000,1,1,"0:n=1,raw=0,src=BOARD_2/1",1,1,1,27,27,27,25,0,"27:13.9825,10.5845,0.0136,-0.0004",73.234291,10.648873,13.900000,10.600000
1780474682.104177,,,0.205373,2,1,"0:n=2,raw=0,1,src=BOARD_2/1,BOARD_2/1",1,1,1,27,27,27,26,0,"27:13.9720,10.5986,0.0023,0.0108",73.234291,10.648873,13.900000,10.600000
1780474682.889940,,,0.250000,2,1,"0:n=2,raw=0,1,src=BOARD_2/1,BOARD_2/1",1,1,1,27,27,27,27,0,"27:13.9708,10.5966,0.0007,0.0037",73.234291,10.648873,13.900000,10.600000
1780474683.590670,,,0.250000,2,1,"0:n=2,raw=0,1,src=BOARD_2/1,BOARD_2/1",1,1,1,27,27,27,28,0,"27:13.9578,10.6097,-0.0072,0.0119",73.234291,10.648873,13.900000,10.600000
1780474684.226703,,,0.230473,2,1,"0:n=2,raw=0,1,src=BOARD_2/1,BOARD_2/1",1,1,1,27,27,27,29,0,"27:14.0030,10.5786,0.0221,-0.0180",73.234291,10.648873,13.900000,10.600000
1780474693.035977,,,0.250000,2,1,"0:n=2,raw=0,1,src=BOARD_2/1,BOARD_2/1",1,1,1,27,27,27,30,0,"27:16.0803,9.5026,0.3022,-0.1601",73.234291,10.648873,13.900000,10.600000
1780474697.623993,,,0.250000,2,1,"0:n=2,raw=0,1,src=BOARD_2/1,BOARD_2/1",1,1,1,27,27,27,31,0,"27:16.1414,9.5044,-0.0128,0.0248",75.470961,9.454584,16.000000,9.400000
1780474698.315663,,,0.250000,2,1,"0:n=2,raw=0,1,src=BOARD_2/1,BOARD_2/1",1,1,1,27,27,27,32,0,"27:16.1101,9.5207,-0.0241,0.0247",75.470961,9.454584,16.000000,9.400000
1780474701.272491,,,0.250000,1,1,"0:n=1,raw=0,src=BOARD_2/1",1,1,1,27,27,27,33,0,"27:16.0995,9.4777,-0.0038,-0.0184",75.470961,9.454584,16.000000,9.400000
1780474701.973116,,,0.250000,1,1,"0:n=1,raw=0,src=BOARD_2/1",1,1,1,27,27,27,34,0,"27:16.0897,9.4860,-0.0073,-0.0031",75.470961,9.454584,16.000000,9.400000
1780474702.568301,,,0.250000,1,1,"0:n=1,raw=0,src=BOARD_2/1",1,1,1,27,27,27,35,0,"27:16.1114,9.4842,0.0075,-0.0035",75.470961,9.454584,16.000000,9.400000
1780474702.983863,,,0.214900,2,1,"0:n=2,raw=0,1,src=BOARD_2/1,BOARD_2/1",1,1,1,27,27,27,36,0,"27:16.1127,9.4963,0.0063,0.0086",75.470961,9.454584,16.000000,9.400000
1780474703.468684,,,0.250000,2,1,"0:n=2,raw=0,1,src=BOARD_2/1,BOARD_2/1",1,1,1,27,27,27,37,0,"27:16.1188,9.4707,0.0085,-0.0174",75.470961,9.454584,16.000000,9.400000
1780474704.037173,,,0.250000,2,1,"0:n=2,raw=0,1,src=BOARD_2/1,BOARD_2/1",1,1,1,27,27,27,38,0,"27:16.1133,9.4894,0.0022,0.0055",75.470961,9.454584,16.000000,9.400000
1780474704.628580,,,0.250000,2,1,"0:n=2,raw=0,1,src=BOARD_2/1,BOARD_2/1",1,1,1,27,27,27,39,0,"27:16.1170,9.4683,0.0040,-0.0146",75.470961,9.454584,16.000000,9.400000
1780474705.336027,,,0.250000,2,1,"0:n=2,raw=0,1,src=BOARD_2/1,BOARD_2/1",1,1,1,27,27,27,40,0,"27:16.1121,9.4913,-0.0006,0.0112",75.470961,9.454584,16.000000,9.400000
1780474706.072424,,,0.250000,2,1,"0:n=2,raw=0,1,src=BOARD_2/1,BOARD_2/1",1,1,1,27,27,27,41,0,"27:16.1164,9.4732,0.0022,-0.0084",75.470961,9.454584,16.000000,9.400000
1780474706.743525,,,0.250000,1,1,"0:n=1,raw=0,src=BOARD_2/1",1,1,1,27,27,27,42,0,"27:16.1322,9.4728,0.0106,-0.0045",75.470961,9.454584,16.000000,9.400000
1780474707.188513,,,0.242200,2,1,"0:n=2,raw=0,1,src=BOARD_2/1,BOARD_2/1",1,1,1,27,27,27,43,0,"27:16.1282,9.4602,0.0053,-0.0131",75.470961,9.454584,16.000000,9.400000
1780474707.824960,,,0.228978,2,1,"0:n=2,raw=0,1,src=BOARD_2/1,BOARD_2/1",1,1,1,27,27,27,44,0,"27:16.1327,9.4617,0.0060,-0.0053",75.470961,9.454584,16.000000,9.400000
1780474708.462183,,,0.230675,1,1,"0:n=1,raw=0,src=BOARD_2/1",1,1,1,27,27,27,45,0,"27:16.1451,9.4766,0.0112,0.0091",75.470961,9.454584,16.000000,9.400000
1780474709.102686,,,0.233903,2,1,"0:n=2,raw=0,1,src=BOARD_2/1,BOARD_2/1",1,1,1,27,27,27,46,0,"27:16.1402,9.4984,0.0040,0.0215",75.470961,9.454584,16.000000,9.400000
1780474709.722690,,,0.211401,2,1,"0:n=2,raw=0,1,src=BOARD_2/1,BOARD_2/1",1,1,1,27,27,27,47,0,"27:16.1426,9.4772,0.0040,-0.0054",75.470961,9.454584,16.000000,9.400000
1780474710.273853,,,0.250000,2,1,"0:n=2,raw=0,1,src=BOARD_2/1,BOARD_2/1",1,1,1,27,27,27,48,0,"27:16.1329,9.4748,-0.0031,-0.0054",75.470961,9.454584,16.000000,9.400000
1780474710.947333,,,0.250000,1,1,"0:n=1,raw=0,src=BOARD_2/1",1,1,1,27,27,27,49,0,"27:16.1131,9.4869,-0.0140,0.0070",75.470961,9.454584,16.000000,9.400000
1780474711.219855,,,0.250000,1,1,"0:n=1,raw=0,src=BOARD_2/1",1,1,1,27,27,27,50,0,"27:16.1029,9.4937,-0.0182,0.0113",75.470961,9.454584,16.000000,9.400000
1780474711.735776,,,0.250000,2,1,"0:n=2,raw=0,1,src=BOARD_2/1,BOARD_2/1",1,1,1,27,27,27,51,0,"27:16.1183,9.4898,-0.0028,0.0034",75.470961,9.454584,16.000000,9.400000
1780474712.350134,,,0.210438,2,1,"0:n=2,raw=0,1,src=BOARD_2/1,BOARD_2/1",1,1,1,27,27,27,52,0,"27:16.1256,9.5007,0.0029,0.0106",75.470961,9.454584,16.000000,9.400000
1780474712.993192,,,0.242556,2,1,"0:n=2,raw=0,1,src=BOARD_2/1,BOARD_2/1",1,1,1,27,27,27,53,0,"27:16.1179,9.4972,-0.0029,0.0025",75.470961,9.454584,16.000000,9.400000
1780474713.773328,,,0.250000,1,1,"0:n=1,raw=0,src=BOARD_2/1",1,1,1,27,27,27,54,0,"27:16.1210,9.5080,0.0001,0.0096",75.470961,9.454584,16.000000,9.400000
1780474714.053943,,,0.250000,1,1,"0:n=1,raw=0,src=BOARD_2/1",1,1,1,27,27,27,55,0,"27:16.1225,9.5135,0.0010,0.0122",75.470961,9.454584,16.000000,9.400000
1780474714.724999,,,0.250000,2,1,"0:n=2,raw=0,1,src=BOARD_2/1,BOARD_2/1",1,1,1,27,27,27,56,0,"27:16.1129,9.5082,-0.0055,0.0013",75.470961,9.454584,16.000000,9.400000
1780474715.284886,,,0.250000,2,1,"0:n=2,raw=0,1,src=BOARD_2/1,BOARD_2/1",1,1,1,27,27,27,57,0,"27:16.1152,9.4914,-0.0025,-0.0130",75.470961,9.454584,16.000000,9.400000
1780474716.101734,,,0.205990,2,1,"0:n=2,raw=0,1,src=BOARD_2/1,BOARD_2/1",1,1,1,27,27,27,58,0,"27:16.1298,9.4902,0.0073,-0.0060",75.470961,9.454584,16.000000,9.400000
1780474716.619742,,,0.250000,2,1,"0:n=2,raw=0,1,src=BOARD_2/1,BOARD_2/1",1,1,1,27,27,27,59,0,"27:16.1297,9.4777,0.0053,-0.0139",75.470961,9.454584,16.000000,9.400000
1780474717.186428,,,0.250000,2,1,"0:n=2,raw=0,1,src=BOARD_2/1,BOARD_2/1",1,1,1,27,27,27,60,0,"27:16.1166,9.4853,-0.0044,-0.0022",75.470961,9.454584,16.000000,9.400000
1780474717.753560,,,0.250000,1,1,"0:n=1,raw=0,src=BOARD_2/1",1,1,1,27,27,27,61,0,"27:16.1330,9.4841,0.0074,-0.0024",75.470961,9.454584,16.000000,9.400000
1780474718.027886,,,0.250000,1,1,"0:n=1,raw=0,src=BOARD_2/1",1,1,1,27,27,27,62,0,"27:16.1436,9.4837,0.0132,-0.0022",75.470961,9.454584,16.000000,9.400000
1780474718.594575,,,0.250000,2,1,"0:n=2,raw=0,1,src=BOARD_2/1,BOARD_2/1",1,1,1,27,27,27,63,0,"27:16.1474,9.4711,0.0118,-0.0125",75.470961,9.454584,16.000000,9.400000
1780474719.211746,,,0.208483,2,1,"0:n=2,raw=0,1,src=BOARD_2/1,BOARD_2/1",1,1,1,27,27,27,64,0,"27:16.1420,9.4714,0.0037,-0.0060",75.470961,9.454584,16.000000,9.400000
1780474720.193103,,,0.250000,2,1,"0:n=2,raw=0,1,src=BOARD_2/1,BOARD_2/1",1,1,1,27,27,27,65,0,"27:16.1173,9.4892,-0.0125,0.0107",75.470961,9.454584,16.000000,9.400000
1780474720.856408,,,0.250000,2,1,"0:n=2,raw=0,1,src=BOARD_2/1,BOARD_2/1",1,1,1,27,27,27,66,0,"27:16.1074,9.4873,-0.0135,0.0039",75.470961,9.454584,16.000000,9.400000
1780474721.507091,,,0.249057,2,1,"0:n=2,raw=0,1,src=BOARD_2/1,BOARD_2/1",1,1,1,27,27,27,67,0,"27:16.1346,9.4708,0.0075,-0.0108",75.470961,9.454584,16.000000,9.400000
1780474722.013272,,,0.250000,2,1,"0:n=2,raw=0,1,src=BOARD_2/1,BOARD_2/1",1,1,1,27,27,27,68,0,"27:16.1486,9.4524,0.0140,-0.0218",75.470961,9.454584,16.000000,9.400000
1780474748.200037,,,0.250000,2,1,"0:n=2,raw=0,1,src=BOARD_2/1,BOARD_2/1",1,1,0,28,,27,1,0,"28:15.1355,8.8492,0.0000,0.0000",75.470961,9.454584,16.000000,9.400000
1780474748.774123,,,0.250000,2,1,"0:n=2,raw=0,1,src=BOARD_2/1,BOARD_2/1",1,1,0,28,,27,2,0,"28:15.1272,8.8669,-0.0120,0.0256",75.470961,9.454584,16.000000,9.400000
1780474749.385043,,,0.205003,1,1,"0:n=1,raw=0,src=BOARD_2/1",1,1,1,28,28,28,3,0,"28:15.1078,8.8638,-0.0236,0.0042",75.470961,9.454584,16.000000,9.400000
1780474749.738298,,,0.250000,1,1,"0:n=1,raw=0,src=BOARD_2/1",1,1,1,28,28,28,4,0,"28:15.1003,8.8622,-0.0250,0.0013",74.400767,8.865040,16.000000,9.400000
1780474749.951381,,,0.213083,2,1,"0:n=2,raw=0,1,src=BOARD_2/1,BOARD_2/1",1,1,1,28,28,28,5,0,"28:15.1080,8.8724,-0.0143,0.0119",74.400767,8.865040,16.000000,9.400000
1780474750.531378,,,0.250000,2,1,"0:n=2,raw=0,1,src=BOARD_2/1,BOARD_2/1",1,1,1,28,28,28,6,0,"28:15.1071,8.8728,-0.0102,0.0071",74.400767,8.865040,16.000000,9.400000
1780474751.045023,,,0.250000,2,1,"0:n=2,raw=0,1,src=BOARD_2/1,BOARD_2/1",1,1,1,28,28,28,7,0,"28:15.1272,8.8443,0.0067,-0.0207",74.400767,8.865040,15.200000,8.900000
1780474751.851865,,,0.250000,2,1,"0:n=2,raw=0,1,src=BOARD_2/1,BOARD_2/1",1,1,1,28,28,28,8,0,"28:15.1236,8.8711,0.0017,0.0112",74.400767,8.865040,15.200000,8.900000
1780474752.459685,,,0.201974,1,1,"0:n=1,raw=0,src=BOARD_2/1",1,1,1,28,28,28,9,0,"28:15.1205,8.9305,-0.0005,0.0473",74.400767,8.865040,15.200000,8.900000
1780474753.136590,,,0.250000,2,1,"0:n=2,raw=0,1,src=BOARD_2/1,BOARD_2/1",1,1,1,28,28,28,10,0,"28:15.1317,8.9403,0.0056,0.0325",74.400767,8.865040,15.200000,8.900000
1780474761.120607,,,0.250000,2,1,"0:n=2,raw=0,1,src=BOARD_2/1,BOARD_2/1",1,1,1,28,28,28,11,0,"28:15.0674,8.6444,-0.0119,-0.0610",74.400767,8.865040,15.200000,8.900000
1780474761.754614,,,0.229320,1,1,"0:n=1,raw=0,src=BOARD_2/1",1,1,1,28,28,28,12,0,"28:15.0693,8.6509,-0.0089,-0.0329",74.363864,8.626117,15.200000,8.800000
1780474771.703737,,,0.230518,1,1,"0:n=1,raw=0,src=BOARD_2/1",1,1,1,28,28,28,13,0,"28:14.4311,8.3931,-0.0788,-0.0238",74.363864,8.626117,15.200000,8.600000
1780474772.417271,,,0.250000,1,1,"0:n=1,raw=0,src=BOARD_2/1",1,1,1,28,28,28,14,0,"28:14.4236,8.3534,-0.0523,-0.0481",73.707499,8.385915,15.200000,8.600000
1780474795.247166,,,0.250000,1,1,"0:n=1,raw=0,src=BOARD_2/1",1,1,0,29,,28,1,0,"29:14.9988,8.1456,0.0000,0.0000",73.707499,8.385915,14.400000,8.300000
1780474795.885898,,,0.231263,1,1,"0:n=1,raw=0,src=BOARD_2/1",1,1,0,29,,28,2,0,"29:14.9793,8.1373,-0.0240,-0.0103",73.707499,8.385915,14.400000,8.300000
1780474796.555379,,,0.250000,1,1,"0:n=1,raw=0,src=BOARD_2/1",1,1,1,29,29,29,3,0,"29:14.9711,8.1510,-0.0178,0.0102",73.707499,8.385915,14.400000,8.300000
1780474796.816631,,,0.250000,1,1,"0:n=1,raw=0,src=BOARD_2/1",1,1,1,29,29,29,4,0,"29:14.9680,8.1571,-0.0167,0.0137",74.265787,8.154062,14.400000,8.300000
1780474797.204059,,,0.250000,1,1,"0:n=1,raw=0,src=BOARD_2/1",1,1,1,29,29,29,5,0,"29:14.9724,8.1526,-0.0103,0.0057",74.265787,8.154062,14.400000,8.300000
1780474797.486807,,,0.250000,1,1,"0:n=1,raw=0,src=BOARD_2/1",1,1,1,29,29,29,6,0,"29:14.9751,8.1498,-0.0064,0.0014",74.265787,8.154062,14.800000,8.200000
1780474798.009543,,,0.250000,2,1,"0:n=2,raw=0,1,src=BOARD_2/1,BOARD_2/1",1,1,1,29,29,29,7,0,"29:14.9676,8.1601,-0.0096,0.0103",74.265787,8.154062,14.800000,8.200000
1780474801.659630,,,0.250000,1,1,"0:n=1,raw=0,src=BOARD_3/1",1,1,1,29,29,29,8,0,"29:18.7135,15.4173,1.1554,2.4329",74.265787,8.154062,14.800000,8.200000
1780474802.057621,,,0.250000,1,1,"0:n=1,raw=0,src=BOARD_3/1",1,1,1,29,29,29,9,0,"29:18.9534,15.9107,1.1354,2.3548",78.360107,16.147182,15.800000,8.300000
1780474802.428514,,,0.250000,2,1,"0:n=2,raw=0,1,src=BOARD_3/1,BOARD_3/1",1,1,1,29,29,29,10,0,"29:19.0931,16.2613,1.0639,2.1516",78.593993,16.617167,15.800000,8.300000
1780474803.032635,,,0.201545,1,1,"0:n=1,raw=0,src=BOARD_3/1",1,1,1,29,29,29,11,0,"29:19.3014,16.6405,0.8181,1.4188",78.712317,16.906767,15.800000,13.300000
1780475134.830198,,,0.250000,2,1,"0:n=2,raw=0,1,src=BOARD_2/1,BOARD_2/1",1,1,0,30,,29,1,0,"30:21.3812,7.3665,0.0000,0.0000",78.846872,17.066128,19.400000,17.000000
1780475135.341767,,,0.250000,2,1,"0:n=2,raw=0,1,src=BOARD_2/1,BOARD_2/1",1,1,0,30,,29,2,0,"30:21.3957,7.1063,0.0210,-0.3772",78.846872,17.066128,19.400000,17.000000
1780475135.911250,,,0.250000,1,1,"0:n=1,raw=0,src=BOARD_2/1",1,1,1,30,30,30,3,0,"30:21.4315,6.9341,0.0480,-0.3794",78.846872,17.066128,19.400000,17.000000
1780475136.478047,,,0.250000,2,1,"0:n=2,raw=0,1,src=BOARD_2/1,BOARD_2/1",1,1,1,30,30,30,4,0,"30:21.4906,6.8444,0.0767,-0.3064",80.745932,6.820320,20.400000,16.900000
1780475137.097139,,,0.214746,1,1,"0:n=1,raw=0,src=BOARD_2/1",1,1,1,30,30,30,5,0,"30:21.5638,6.7964,0.0916,-0.2057",80.745932,6.820320,21.400000,13.200000
1780475137.710192,,,0.206054,1,1,"0:n=1,raw=0,src=BOARD_2/1",1,1,1,30,30,30,6,0,"30:21.6034,6.8358,0.0834,-0.0987",80.745932,6.820320,21.400000,9.400000
1780475138.314399,,,0.250000,2,1,"0:n=2,raw=0,1,src=BOARD_2/1,BOARD_2/1",1,1,1,30,30,30,7,0,"30:21.6086,6.8952,0.0678,-0.0303",80.745932,6.820320,21.400000,6.900000
1780475138.953071,,,0.233758,2,1,"0:n=2,raw=0,1,src=BOARD_2/1,BOARD_2/1",1,1,1,30,30,30,8,0,"30:21.5955,6.9237,0.0412,0.0008",80.745932,6.820320,21.400000,6.900000
1780475139.465709,,,0.250000,2,1,"0:n=2,raw=0,1,src=BOARD_2/1,BOARD_2/1",1,1,1,30,30,30,9,0,"30:21.5897,6.9204,0.0295,-0.0016",80.745932,6.820320,21.400000,6.900000
1780475140.086684,,,0.215422,2,1,"0:n=2,raw=0,1,src=BOARD_2/1,BOARD_2/1",1,1,1,30,30,30,10,0,"30:21.6054,6.9329,0.0283,0.0073",80.745932,6.820320,21.400000,6.900000
1780475140.584485,,,0.250000,2,1,"0:n=2,raw=0,1,src=BOARD_2/1,BOARD_2/1",1,1,1,30,30,30,11,0,"30:21.6020,6.9644,0.0203,0.0260",80.745932,6.820320,21.400000,6.900000
1780475141.099225,,,0.250000,2,1,"0:n=2,raw=0,1,src=BOARD_2/1,BOARD_2/1",1,1,1,30,30,30,12,0,"30:21.6140,7.0125,0.0217,0.0508",80.908136,6.972189,21.400000,6.900000
1780475141.704551,,,0.250000,2,1,"0:n=2,raw=0,1,src=BOARD_2/1,BOARD_2/1",1,1,1,30,30,30,13,0,"30:21.6117,7.0753,0.0156,0.0780",80.908136,6.972189,21.400000,6.900000
1780475142.304097,,,0.250000,2,1,"0:n=2,raw=0,1,src=BOARD_2/1,BOARD_2/1",1,1,1,30,30,30,14,0,"30:21.6159,7.1162,0.0141,0.0817",80.916388,7.098695,21.400000,6.900000
1780475142.574141,,,0.250000,1,1,"0:n=1,raw=0,src=BOARD_2/1",1,1,1,30,30,30,15,0,"30:21.6244,7.1259,0.0167,0.0742",80.916388,7.098695,21.400000,7.000000
1780475142.961552,,,0.250000,2,1,"0:n=2,raw=0,1,src=BOARD_2/1,BOARD_2/1",1,1,1,30,30,30,16,0,"30:21.6275,7.1278,0.0161,0.0620",80.916388,7.098695,21.400000,7.000000
1780475143.189508,,,0.227957,1,1,"0:n=1,raw=0,src=BOARD_2/1",1,1,1,30,30,30,17,0,"30:21.6241,7.1204,0.0123,0.0458",80.916388,7.098695,21.400000,7.000000
1780475143.583808,,,0.250000,2,1,"0:n=2,raw=0,1,src=BOARD_2/1,BOARD_2/1",1,1,1,30,30,30,18,0,"30:21.6311,7.1287,0.0145,0.0434",80.916388,7.098695,21.400000,7.000000
1780475144.238537,,,0.250000,1,1,"0:n=1,raw=0,src=BOARD_2/1",1,1,1,30,30,30,19,0,"30:21.6294,7.1253,0.0084,0.0208",80.916388,7.098695,21.400000,7.000000
1780475144.460397,,,0.221860,1,1,"0:n=1,raw=0,src=BOARD_2/1",1,1,1,30,30,30,20,0,"30:21.6232,7.1161,0.0041,0.0110",80.916388,7.098695,21.400000,7.000000
1780475144.789844,,,0.250000,2,1,"0:n=2,raw=0,1,src=BOARD_2/1,BOARD_2/1",1,1,1,30,30,30,21,0,"30:21.6244,7.1032,0.0042,-0.0004",80.916388,7.098695,21.400000,7.000000
1780475145.021096,,,0.231251,1,1,"0:n=1,raw=0,src=BOARD_2/1",1,1,1,30,30,30,22,0,"30:21.6319,7.0840,0.0078,-0.0148",80.916388,7.098695,21.400000,7.000000
1780475145.344923,,,0.250000,1,1,"0:n=1,raw=0,src=BOARD_2/1",1,1,1,30,30,30,23,0,"30:21.6391,7.0682,0.0107,-0.0241",80.916388,7.098695,21.400000,7.000000
1780475145.630528,,,0.250000,2,1,"0:n=2,raw=0,1,src=BOARD_2/1,BOARD_2/1",1,1,1,30,30,30,24,0,"30:21.6340,7.0407,0.0063,-0.0409",80.916388,7.098695,21.400000,7.000000
1780475146.369200,,,0.250000,2,1,"0:n=2,raw=0,1,src=BOARD_2/1,BOARD_2/1",1,1,1,30,30,30,25,0,"30:21.6349,6.9901,0.0046,-0.0577",80.916388,7.098695,21.400000,7.000000
1780475146.672097,,,0.250000,1,1,"0:n=1,raw=0,src=BOARD_2/1",1,1,1,30,30,30,26,0,"30:21.6415,6.9567,0.0075,-0.0711",80.936227,6.972834,21.400000,7.000000
1780475147.052549,,,0.250000,2,1,"0:n=2,raw=0,1,src=BOARD_2/1,BOARD_2/1",1,1,1,30,30,30,27,0,"30:21.6335,6.9497,0.0022,-0.0633",80.936227,6.972834,21.400000,7.000000
1780475147.289037,,,0.236488,1,1,"0:n=1,raw=0,src=BOARD_2/1",1,1,1,30,30,30,28,0,"30:21.6101,6.9656,-0.0108,-0.0404",80.936227,6.972834,21.400000,7.000000
1780475147.755220,,,0.250000,2,1,"0:n=2,raw=0,1,src=BOARD_2/1,BOARD_2/1",1,1,1,30,30,30,29,0,"30:21.5944,6.9630,-0.0167,-0.0289",80.936227,6.972834,21.400000,7.000000
1780475148.472675,,,0.250000,2,1,"0:n=2,raw=0,1,src=BOARD_2/1,BOARD_2/1",1,1,1,30,30,30,30,0,"30:21.5922,6.9840,-0.0121,-0.0019",80.936227,6.972834,21.400000,7.000000
1780475149.097148,,,0.215021,2,1,"0:n=2,raw=0,1,src=BOARD_2/1,BOARD_2/1",1,1,1,30,30,30,31,0,"30:21.6131,7.0299,0.0018,0.0281",80.936227,6.972834,21.400000,7.000000
1780475149.616943,,,0.250000,2,1,"0:n=2,raw=0,1,src=BOARD_2/1,BOARD_2/1",1,1,1,30,30,30,32,0,"30:21.6186,7.0405,0.0041,0.0268",80.936227,6.972834,21.400000,7.000000
1780475150.231855,,,0.211989,2,1,"0:n=2,raw=0,1,src=BOARD_2/1,BOARD_2/1",1,1,1,30,30,30,33,0,"30:21.6056,7.0704,-0.0034,0.0355",80.936227,6.972834,21.400000,7.000000
1780475150.673801,,,0.239439,2,1,"0:n=2,raw=0,1,src=BOARD_2/1,BOARD_2/1",1,1,1,30,30,30,34,0,"30:21.5996,7.0779,-0.0056,0.0301",80.936227,6.972834,21.400000,7.000000
1780475150.980921,,,0.250000,1,1,"0:n=1,raw=0,src=BOARD_2/1",1,1,1,30,30,30,35,0,"30:21.6028,7.0709,-0.0033,0.0199",80.936227,6.972834,21.400000,7.000000
1780475151.603051,,,0.218223,1,1,"0:n=1,raw=0,src=BOARD_2/1",1,1,1,30,30,30,36,0,"30:21.6220,7.0865,0.0075,0.0221",80.936227,6.972834,21.400000,7.000000
1780475152.057204,,,0.250000,2,1,"0:n=2,raw=0,1,src=BOARD_2/1,BOARD_2/1",1,1,1,30,30,30,37,0,"30:21.6299,7.0841,0.0098,0.0136",80.924272,7.093161,21.400000,7.000000
1780475152.347455,,,0.250000,1,1,"0:n=1,raw=0,src=BOARD_2/1",1,1,1,30,30,30,38,0,"30:21.6235,7.0679,0.0052,-0.0001",80.924272,7.093161,21.400000,7.000000
1780475152.649726,,,0.250000,2,1,"0:n=2,raw=0,1,src=BOARD_2/1,BOARD_2/1",1,1,1,30,30,30,39,0,"30:21.6119,7.0635,-0.0015,-0.0033",80.924272,7.093161,21.400000,7.000000
1780475152.908806,,,0.250000,1,1,"0:n=1,raw=0,src=BOARD_2/1",1,1,1,30,30,30,40,0,"30:21.5939,7.0676,-0.0110,0.0004",80.924272,7.093161,21.400000,7.000000
1780475153.219744,,,0.250000,2,1,"0:n=2,raw=0,1,src=BOARD_2/1,BOARD_2/1",1,1,1,30,30,30,41,0,"30:21.5826,7.0637,-0.0158,-0.0027",80.924272,7.093161,21.400000,7.000000
1780475153.504522,,,0.250000,1,1,"0:n=1,raw=0,src=BOARD_2/1",1,1,1,30,30,30,42,0,"30:21.5776,7.0522,-0.0164,-0.0111",80.924272,7.093161,21.400000,7.000000
1780475153.812638,,,0.250000,2,1,"0:n=2,raw=0,1,src=BOARD_2/1,BOARD_2/1",1,1,1,30,30,30,43,0,"30:21.5790,7.0472,-0.0133,-0.0129",80.924272,7.093161,21.400000,7.000000
1780475154.052863,,,0.240225,1,1,"0:n=1,raw=0,src=BOARD_2/1",1,1,1,30,30,30,44,0,"30:21.5867,7.0506,-0.0070,-0.0078",80.924272,7.093161,21.400000,7.000000
1780475154.385983,,,0.250000,2,1,"0:n=2,raw=0,1,src=BOARD_2/1,BOARD_2/1",1,1,1,30,30,30,45,0,"30:21.5995,7.0484,0.0014,-0.0080",80.924272,7.093161,21.400000,7.000000
1780475154.682602,,,0.250000,1,1,"0:n=1,raw=0,src=BOARD_2/1",1,1,1,30,30,30,46,0,"30:21.6178,7.0384,0.0117,-0.0142",80.924272,7.093161,21.400000,7.000000
1780475154.966641,,,0.250000,1,1,"0:n=1,raw=0,src=BOARD_2/1",1,1,1,30,30,30,47,0,"30:21.6367,7.0295,0.0209,-0.0183",80.924272,7.093161,21.400000,7.000000
1780475155.214499,,,0.247859,1,1,"0:n=1,raw=0,src=BOARD_2/1",1,1,1,30,30,30,48,0,"30:21.6423,7.0369,0.0211,-0.0092",80.924272,7.093161,21.400000,7.000000
1780475155.516472,,,0.250000,1,1,"0:n=1,raw=0,src=BOARD_2/1",1,1,1,30,30,30,49,0,"30:21.6476,7.0429,0.0212,-0.0027",80.924272,7.093161,21.400000,7.000000
1780475155.743294,,,0.226822,2,1,"0:n=2,raw=0,1,src=BOARD_2/1,BOARD_2/1",1,1,1,30,30,30,50,0,"30:21.6391,7.0327,0.0136,-0.0101",80.924272,7.093161,21.400000,7.000000
1780475156.265602,,,0.250000,1,1,"0:n=1,raw=0,src=BOARD_2/1",1,1,1,30,30,30,51,0,"30:21.6272,7.0164,0.0034,-0.0189",80.924272,7.093161,21.400000,7.000000
1780475156.551215,,,0.250000,1,1,"0:n=1,raw=0,src=BOARD_2/1",1,1,1,30,30,30,52,0,"30:21.6272,7.0228,0.0029,-0.0106",80.924272,7.093161,21.400000,7.000000
1780475156.840538,,,0.250000,1,1,"0:n=1,raw=0,src=BOARD_2/1",1,1,1,30,30,30,53,0,"30:21.6271,7.0274,0.0024,-0.0052",80.924272,7.093161,21.400000,7.000000
1780475157.115062,,,0.250000,1,1,"0:n=1,raw=0,src=BOARD_2/1",1,1,1,30,30,30,54,0,"30:21.6166,7.0170,-0.0037,-0.0121",80.924272,7.093161,21.400000,7.000000
1780475157.446653,,,0.250000,2,1,"0:n=2,raw=0,1,src=BOARD_2/1,BOARD_2/1",1,1,1,30,30,30,55,0,"30:21.6120,7.0147,-0.0058,-0.0116",80.924272,7.093161,21.400000,7.000000
1780475157.809183,,,0.250000,1,1,"0:n=1,raw=0,src=BOARD_2/1",1,1,1,30,30,30,56,0,"30:21.6158,7.0235,-0.0029,-0.0026",80.924272,7.093161,21.400000,7.000000
1780475158.259585,,,0.247969,2,1,"0:n=2,raw=0,1,src=BOARD_2/1,BOARD_2/1",1,1,1,30,30,30,57,0,"30:21.6164,7.0277,-0.0018,0.0014",80.924272,7.093161,21.400000,7.000000
1780475158.586202,,,0.250000,1,1,"0:n=1,raw=0,src=BOARD_2/1",1,1,1,30,30,30,58,0,"30:21.6118,7.0230,-0.0041,-0.0023",80.924272,7.093161,21.400000,7.000000
1780475158.839664,,,0.250000,2,1,"0:n=2,raw=0,1,src=BOARD_2/1,BOARD_2/1",1,1,1,30,30,30,59,0,"30:21.6123,7.0109,-0.0033,-0.0109",80.924272,7.093161,21.400000,7.000000
1780475159.133402,,,0.250000,1,1,"0:n=1,raw=0,src=BOARD_2/1",1,1,1,30,30,30,60,0,"30:21.6192,6.9920,0.0010,-0.0231",80.924272,7.093161,21.400000,7.000000
1780475159.525010,,,0.250000,2,1,"0:n=2,raw=0,1,src=BOARD_2/1,BOARD_2/1",1,1,1,30,30,30,61,0,"30:21.6153,6.9887,-0.0013,-0.0212",80.924272,7.093161,21.400000,7.000000
1780475160.260148,,,0.250000,2,1,"0:n=2,raw=0,1,src=BOARD_2/1,BOARD_2/1",1,1,1,30,30,30,62,0,"30:21.6245,6.9636,0.0041,-0.0291",80.924272,7.093161,21.400000,7.000000
1780475160.629528,,,0.250000,2,1,"0:n=2,raw=0,1,src=BOARD_2/1,BOARD_2/1",1,1,1,30,30,30,63,0,"30:21.6269,6.9420,0.0048,-0.0392",80.925730,6.954902,21.400000,7.000000
1780475160.921548,,,0.250000,1,1,"0:n=1,raw=0,src=BOARD_2/1",1,1,1,30,30,30,64,0,"30:21.6215,6.9160,0.0013,-0.0508",80.925730,6.954902,21.400000,7.000000
1780475161.349196,,,0.224310,2,1,"0:n=2,raw=0,1,src=BOARD_2/1,BOARD_2/1",1,1,1,30,30,30,65,0,"30:21.6231,6.8975,0.0019,-0.0485",80.925730,6.954902,21.400000,7.000000
1780475161.599796,,,0.250000,1,1,"0:n=1,raw=0,src=BOARD_2/1",1,1,1,30,30,30,66,0,"30:21.6311,6.8976,0.0059,-0.0395",80.925730,6.954902,21.400000,7.000000
1780475161.949222,,,0.250000,1,1,"0:n=1,raw=0,src=BOARD_2/1",1,1,1,30,30,30,67,0,"30:21.6384,6.8984,0.0091,-0.0315",80.925730,6.954902,21.400000,7.000000
1780475162.242032,,,0.250000,2,1,"0:n=2,raw=0,1,src=BOARD_2/1,BOARD_2/1",1,1,1,30,30,30,68,0,"30:21.6330,6.8841,0.0048,-0.0364",80.925730,6.954902,21.400000,7.000000
1780475162.644569,,,0.250000,1,1,"0:n=1,raw=0,src=BOARD_2/1",1,1,1,30,30,30,69,0,"30:21.6279,6.8694,0.0013,-0.0407",80.925730,6.954902,21.400000,7.000000
1780475162.898153,,,0.250000,1,1,"0:n=1,raw=0,src=BOARD_2/1",1,1,1,30,30,30,70,0,"30:21.6336,6.8732,0.0043,-0.0299",80.925730,6.954902,21.400000,7.000000
1780475163.168938,,,0.250000,2,1,"0:n=2,raw=0,1,src=BOARD_2/1,BOARD_2/1",1,1,1,30,30,30,71,0,"30:21.6339,6.8840,0.0039,-0.0157",80.925730,6.954902,21.400000,7.000000
1780475163.402563,,,0.233625,1,1,"0:n=1,raw=0,src=BOARD_2/1",1,1,1,30,30,30,72,0,"30:21.6261,6.9031,-0.0011,0.0019",80.925730,6.954902,21.400000,7.000000
1780475163.805315,,,0.250000,2,1,"0:n=2,raw=0,1,src=BOARD_2/1,BOARD_2/1",1,1,1,30,30,30,73,0,"30:21.6220,6.9145,-0.0033,0.0104",80.925730,6.954902,21.400000,7.000000
1780475164.045562,,,0.240246,1,1,"0:n=1,raw=0,src=BOARD_2/1",1,1,1,30,30,30,74,0,"30:21.6234,6.9163,-0.0020,0.0099",80.925730,6.954902,21.400000,7.000000
1780475164.524792,,,0.250000,2,1,"0:n=2,raw=0,1,src=BOARD_2/1,BOARD_2/1",1,1,1,30,30,30,75,0,"30:21.6058,6.9639,-0.0114,0.0421",80.925730,6.954902,21.400000,7.000000
1780475165.118047,,,0.250000,2,1,"0:n=2,raw=0,1,src=BOARD_2/1,BOARD_2/1",1,1,1,30,30,30,76,0,"30:21.5964,6.9970,-0.0137,0.0521",80.925730,6.954902,21.400000,7.000000
1780475165.499510,,,0.250000,2,1,"0:n=2,raw=0,1,src=BOARD_2/1,BOARD_2/1",1,1,1,30,30,30,77,0,"30:21.5959,7.0066,-0.0121,0.0497",80.925730,6.954902,21.400000,7.000000
1780475165.818668,,,0.250000,1,1,"0:n=1,raw=0,src=BOARD_2/1",1,1,1,30,30,30,78,0,"30:21.6026,7.0050,-0.0069,0.0394",80.925730,6.954902,21.400000,7.000000
1780475166.215018,,,0.250000,2,1,"0:n=2,raw=0,1,src=BOARD_2/1,BOARD_2/1",1,1,1,30,30,30,79,0,"30:21.5980,7.0179,-0.0085,0.0417",80.925730,6.954902,21.400000,7.000000
1780475166.589162,,,0.250000,1,1,"0:n=1,raw=0,src=BOARD_2/1",1,1,1,30,30,30,80,0,"30:21.5938,7.0305,-0.0096,0.0433",80.925730,6.954902,21.400000,7.000000
1780475166.840692,,,0.250000,2,1,"0:n=2,raw=0,1,src=BOARD_2/1,BOARD_2/1",1,1,1,30,30,30,81,0,"30:21.6013,7.0548,-0.0041,0.0537",80.925730,6.954902,21.400000,7.000000
1780475167.319592,,,0.250000,1,1,"0:n=1,raw=0,src=BOARD_2/1",1,1,1,30,30,30,82,0,"30:21.6107,7.0858,0.0021,0.0587",80.925730,6.954902,21.400000,7.000000
1780475167.710039,,,0.250000,1,1,"0:n=1,raw=0,src=BOARD_2/1",1,1,1,30,30,30,83,0,"30:21.6071,7.0826,-0.0001,0.0455",80.911358,7.103394,21.400000,7.000000
1780475167.971841,,,0.250000,2,1,"0:n=2,raw=0,1,src=BOARD_2/1,BOARD_2/1",1,1,1,30,30,30,84,0,"30:21.6097,7.0876,0.0013,0.0408",80.911358,7.103394,21.400000,7.000000
1780475168.267229,,,0.250000,1,1,"0:n=1,raw=0,src=BOARD_2/1",1,1,1,30,30,30,85,0,"30:21.6194,7.1015,0.0065,0.0435",80.911358,7.103394,21.400000,7.000000
1780475168.544252,,,0.250000,1,1,"0:n=1,raw=0,src=BOARD_2/1",1,1,1,30,30,30,86,0,"30:21.6297,7.1140,0.0114,0.0448",80.911358,7.103394,21.400000,7.000000
1780475168.792408,,,0.248156,2,1,"0:n=2,raw=0,1,src=BOARD_2/1,BOARD_2/1",1,1,1,30,30,30,87,0,"30:21.6280,7.1092,0.0088,0.0326",80.911358,7.103394,21.400000,7.000000
1780475169.265398,,,0.250000,2,1,"0:n=2,raw=0,1,src=BOARD_2/1,BOARD_2/1",1,1,1,30,30,30,88,0,"30:21.6327,7.1144,0.0092,0.0255",80.911358,7.103394,21.400000,7.000000
1780475169.499598,,,0.234200,1,1,"0:n=1,raw=0,src=BOARD_2/1",1,1,1,30,30,30,89,0,"30:21.6429,7.1244,0.0136,0.0285",80.911358,7.103394,21.400000,7.000000
1780475169.909153,,,0.206474,2,1,"0:n=2,raw=0,1,src=BOARD_2/1,BOARD_2/1",1,1,1,30,30,30,90,0,"30:21.6482,7.1293,0.0135,0.0236",80.911358,7.103394,21.400000,7.000000
1780475170.343403,,,0.233219,1,1,"0:n=1,raw=0,src=BOARD_2/1",1,1,1,30,30,30,91,0,"30:21.6454,7.1216,0.0088,0.0107",80.911358,7.103394,21.400000,7.000000
1780475171.177338,,,0.231308,1,1,"0:n=1,raw=0,src=BOARD_2/1",1,1,1,30,30,30,92,0,"30:21.6244,7.1364,-0.0052,0.0144",80.911358,7.103394,21.400000,7.000000
1780475171.454985,,,0.250000,1,1,"0:n=1,raw=0,src=BOARD_2/1",1,1,1,30,30,30,93,0,"30:21.6081,7.1442,-0.0126,0.0172",80.911358,7.103394,21.400000,7.000000
1780475171.800138,,,0.250000,2,1,"0:n=2,raw=0,1,src=BOARD_2/1,BOARD_2/1",1,1,1,30,30,30,94,0,"30:21.6026,7.1582,-0.0138,0.0239",80.911358,7.103394,21.400000,7.000000
1780475172.043856,,,0.243717,1,1,"0:n=1,raw=0,src=BOARD_2/1",1,1,1,30,30,30,95,0,"30:21.6043,7.1794,-0.0112,0.0353",80.911358,7.103394,21.400000,7.000000
1780475172.362760,,,0.250000,2,1,"0:n=2,raw=0,1,src=BOARD_2/1,BOARD_2/1",1,1,1,30,30,30,96,0,"30:21.6110,7.2045,-0.0061,0.0477",80.911358,7.103394,21.400000,7.000000
1780475172.580916,,,0.218157,1,1,"0:n=1,raw=0,src=BOARD_2/1",1,1,1,30,30,30,97,0,"30:21.6238,7.2341,0.0017,0.0626",80.911358,7.103394,21.400000,7.000000
1780475172.860706,,,0.250000,2,1,"0:n=2,raw=0,1,src=BOARD_2/1,BOARD_2/1",1,1,1,30,30,30,98,0,"30:21.6307,7.2548,0.0054,0.0666",80.924348,7.252935,21.400000,7.000000
1780475173.096502,,,0.235796,1,1,"0:n=1,raw=0,src=BOARD_2/1",1,1,1,30,30,30,99,0,"30:21.6313,7.2628,0.0050,0.0605",80.924348,7.252935,21.400000,7.000000
1780475173.495424,,,0.250000,2,1,"0:n=2,raw=0,1,src=BOARD_2/1,BOARD_2/1",1,1,1,30,30,30,100,0,"30:21.6367,7.2641,0.0074,0.0495",80.924348,7.252935,21.400000,7.000000
1780475173.752608,,,0.250000,1,1,"0:n=1,raw=0,src=BOARD_2/1",1,1,1,30,30,30,101,0,"30:21.6472,7.2562,0.0125,0.0336",80.924348,7.252935,21.400000,7.000000
1780475174.098673,,,0.250000,2,1,"0:n=2,raw=0,1,src=BOARD_2/1,BOARD_2/1",1,1,1,30,30,30,102,0,"30:21.6533,7.2539,0.0142,0.0252",80.924348,7.252935,21.400000,7.000000
1780475174.370781,,,0.250000,1,1,"0:n=1,raw=0,src=BOARD_2/1",1,1,1,30,30,30,103,0,"30:21.6532,7.2597,0.0121,0.0247",80.924348,7.252935,21.400000,7.000000
1780475174.698448,,,0.250000,2,1,"0:n=2,raw=0,1,src=BOARD_2/1,BOARD_2/1",1,1,1,30,30,30,104,0,"30:21.6465,7.2717,0.0065,0.0293",80.924348,7.252935,21.400000,7.000000
1780475174.949838,,,0.250000,1,1,"0:n=1,raw=0,src=BOARD_2/1",1,1,1,30,30,30,105,0,"30:21.6332,7.2902,-0.0021,0.0379",80.924348,7.252935,21.400000,7.000000
1780475175.194242,,,0.244404,2,1,"0:n=2,raw=0,1,src=BOARD_2/1,BOARD_2/1",1,1,1,30,30,30,106,0,"30:21.6245,7.3014,-0.0068,0.0394",80.924348,7.252935,21.400000,7.000000
1780475175.500929,,,0.250000,1,1,"0:n=1,raw=0,src=BOARD_2/1",1,1,1,30,30,30,107,0,"30:21.6222,7.3037,-0.0072,0.0336",80.924348,7.252935,21.400000,7.000000
1780475175.835301,,,0.250000,2,1,"0:n=2,raw=0,1,src=BOARD_2/1,BOARD_2/1",1,1,1,30,30,30,108,0,"30:21.6155,7.2975,-0.0100,0.0223",80.924348,7.252935,21.400000,7.000000
1780475176.075956,,,0.240654,1,1,"0:n=1,raw=0,src=BOARD_2/1",1,1,1,30,30,30,109,0,"30:21.6041,7.2834,-0.0151,0.0073",80.924348,7.252935,21.400000,7.000000
1780475176.364428,,,0.250000,2,1,"0:n=2,raw=0,1,src=BOARD_2/1,BOARD_2/1",1,1,1,30,30,30,110,0,"30:21.5972,7.2772,-0.0169,0.0010",80.924348,7.252935,21.400000,7.000000
1780475176.582655,,,0.218227,1,1,"0:n=1,raw=0,src=BOARD_2/1",1,1,1,30,30,30,111,0,"30:21.5970,7.2806,-0.0149,0.0035",80.924348,7.252935,21.400000,7.000000
1780475176.919179,,,0.250000,2,1,"0:n=2,raw=0,1,src=BOARD_2/1,BOARD_2/1",1,1,1,30,30,30,112,0,"30:21.6016,7.2765,-0.0101,-0.0003",80.924348,7.252935,21.400000,7.000000
1780475177.186194,,,0.250000,1,1,"0:n=1,raw=0,src=BOARD_2/1",1,1,1,30,30,30,113,0,"30:21.6133,7.2649,-0.0019,-0.0094",80.924348,7.252935,21.400000,7.000000
1780475177.758177,,,0.250000,2,1,"0:n=2,raw=0,1,src=BOARD_2/1,BOARD_2/1",1,1,1,30,30,30,114,0,"30:21.6150,7.2692,-0.0004,-0.0030",80.924348,7.252935,21.400000,7.000000
1780475178.334959,,,0.250000,2,1,"0:n=2,raw=0,1,src=BOARD_2/1,BOARD_2/1",1,1,1,30,30,30,115,0,"30:21.6233,7.2837,0.0042,0.0083",80.924348,7.252935,21.400000,7.000000
1780475178.586340,,,0.250000,1,1,"0:n=1,raw=0,src=BOARD_2/1",1,1,1,30,30,30,116,0,"30:21.6363,7.3037,0.0106,0.0210",80.924348,7.252935,21.400000,7.000000
1780475178.888526,,,0.250000,2,1,"0:n=2,raw=0,1,src=BOARD_2/1,BOARD_2/1",1,1,1,30,30,30,117,0,"30:21.6430,7.3127,0.0128,0.0238",80.924348,7.252935,21.400000,7.000000
1780475179.121051,,,0.232524,1,1,"0:n=1,raw=0,src=BOARD_2/1",1,1,1,30,30,30,118,0,"30:21.6426,7.3114,0.0110,0.0187",80.924348,7.252935,21.400000,7.000000
1780475179.674284,,,0.250000,2,1,"0:n=2,raw=0,1,src=BOARD_2/1,BOARD_2/1",1,1,1,30,30,30,119,0,"30:21.6544,7.3296,0.0147,0.0259",80.924348,7.252935,21.400000,7.000000
1780475180.164357,,,0.250000,2,1,"0:n=2,raw=0,1,src=BOARD_2/1,BOARD_2/1",1,1,1,30,30,30,120,0,"30:21.6596,7.3368,0.0139,0.0226",80.924348,7.252935,21.400000,7.000000
1780475180.495580,,,0.250000,1,1,"0:n=1,raw=0,src=BOARD_2/1",1,1,1,30,30,30,121,0,"30:21.6537,7.3301,0.0089,0.0138",80.924348,7.252935,21.400000,7.000000
1780475180.782560,,,0.250000,2,1,"0:n=2,raw=0,1,src=BOARD_2/1,BOARD_2/1",1,1,1,30,30,30,122,0,"30:21.6438,7.3184,0.0024,0.0027",80.924348,7.252935,21.400000,7.000000
1780475181.058146,,,0.250000,1,1,"0:n=1,raw=0,src=BOARD_2/1",1,1,1,30,30,30,123,0,"30:21.6283,7.2996,-0.0064,-0.0119",80.924348,7.252935,21.400000,7.000000
1780475181.395502,,,0.250000,2,1,"0:n=2,raw=0,1,src=BOARD_2/1,BOARD_2/1",1,1,1,30,30,30,124,0,"30:21.6186,7.2910,-0.0109,-0.0162",80.924348,7.252935,21.400000,7.000000
1780475181.639950,,,0.244448,1,1,"0:n=1,raw=0,src=BOARD_2/1",1,1,1,30,30,30,125,0,"30:21.6159,7.2918,-0.0109,-0.0125",80.924348,7.252935,21.400000,7.000000
1780475182.007224,,,0.250000,1,1,"0:n=1,raw=0,src=BOARD_2/1",1,1,1,30,30,30,126,0,"30:21.6139,7.2929,-0.0105,-0.0093",80.924348,7.252935,21.400000,7.000000
1780475182.263435,,,0.250000,1,1,"0:n=1,raw=0,src=BOARD_2/1",1,1,1,30,30,30,127,0,"30:21.6224,7.2805,-0.0041,-0.0171",80.924348,7.252935,21.400000,7.000000
1780475182.583209,,,0.250000,2,1,"0:n=2,raw=0,1,src=BOARD_2/1,BOARD_2/1",1,1,1,30,30,30,128,0,"30:21.6255,7.2774,-0.0018,-0.0162",80.924348,7.252935,21.400000,7.000000
1780475182.802649,,,0.219440,1,1,"0:n=1,raw=0,src=BOARD_2/1",1,1,1,30,30,30,129,0,"30:21.6203,7.2865,-0.0046,-0.0063",80.924348,7.252935,21.400000,7.000000
1780475183.072809,,,0.250000,1,1,"0:n=1,raw=0,src=BOARD_2/1",1,1,1,30,30,30,130,0,"30:21.6147,7.2954,-0.0071,0.0019",80.924348,7.252935,21.400000,7.000000
1780475183.321161,,,0.248352,1,1,"0:n=1,raw=0,src=BOARD_2/1",1,1,1,30,30,30,131,0,"30:21.6198,7.2890,-0.0032,-0.0035",80.924348,7.252935,21.400000,7.000000
1780475183.660595,,,0.250000,2,1,"0:n=2,raw=0,1,src=BOARD_2/1,BOARD_2/1",1,1,1,30,30,30,132,0,"30:21.6292,7.2908,0.0027,-0.0014",80.924348,7.252935,21.400000,7.000000
1780475183.877011,,,0.216417,1,1,"0:n=1,raw=0,src=BOARD_2/1",1,1,1,30,30,30,133,0,"30:21.6440,7.3021,0.0110,0.0076",80.924348,7.252935,21.400000,7.000000
1780475184.173611,,,0.250000,2,1,"0:n=2,raw=0,1,src=BOARD_2/1,BOARD_2/1",1,1,1,30,30,30,134,0,"30:21.6543,7.3075,0.0153,0.0104",80.924348,7.252935,21.400000,7.000000
1780475184.479071,,,0.250000,1,1,"0:n=1,raw=0,src=BOARD_2/1",1,1,1,30,30,30,135,0,"30:21.6578,7.3047,0.0152,0.0061",80.924348,7.252935,21.400000,7.000000
1780475184.856300,,,0.250000,2,1,"0:n=2,raw=0,1,src=BOARD_2/1,BOARD_2/1",1,1,1,30,30,30,136,0,"30:21.6555,7.2972,0.0116,-0.0010",80.924348,7.252935,21.400000,7.000000
1780475185.136247,,,0.250000,1,1,"0:n=1,raw=0,src=BOARD_2/1",1,1,1,30,30,30,137,0,"30:21.6469,7.2828,0.0050,-0.0119",80.924348,7.252935,21.400000,7.000000
1780475185.444579,,,0.250000,2,1,"0:n=2,raw=0,1,src=BOARD_2/1,BOARD_2/1",1,1,1,30,30,30,138,0,"30:21.6420,7.2771,0.0014,-0.0140",80.924348,7.252935,21.400000,7.000000
1780475185.671331,,,0.226752,1,1,"0:n=1,raw=0,src=BOARD_2/1",1,1,1,30,30,30,139,0,"30:21.6426,7.2817,0.0016,-0.0080",80.924348,7.252935,21.400000,7.000000
1780475185.978270,,,0.250000,2,1,"0:n=2,raw=0,1,src=BOARD_2/1,BOARD_2/1",1,1,1,30,30,30,140,0,"30:21.6394,7.2787,-0.0005,-0.0088",80.924348,7.252935,21.400000,7.000000
1780475186.216063,,,0.237793,1,1,"0:n=1,raw=0,src=BOARD_2/1",1,1,1,30,30,30,141,0,"30:21.6307,7.2685,-0.0054,-0.0151",80.924348,7.252935,21.400000,7.000000
1780475186.492714,,,0.250000,2,1,"0:n=2,raw=0,1,src=BOARD_2/1,BOARD_2/1",1,1,1,30,30,30,142,0,"30:21.6270,7.2659,-0.0068,-0.0142",80.924348,7.252935,21.400000,7.000000
1780475186.748513,,,0.250000,1,1,"0:n=1,raw=0,src=BOARD_2/1",1,1,1,30,30,30,143,0,"30:21.6301,7.2728,-0.0040,-0.0060",80.924348,7.252935,21.400000,7.000000
1780475187.002626,,,0.250000,1,1,"0:n=1,raw=0,src=BOARD_2/1",1,1,1,30,30,30,144,0,"30:21.6329,7.2785,-0.0018,-0.0004",80.924348,7.252935,21.400000,7.000000
1780475187.236285,,,0.233659,1,1,"0:n=1,raw=0,src=BOARD_2/1",1,1,1,30,30,30,145,0,"30:21.6257,7.2696,-0.0057,-0.0073",80.924348,7.252935,21.400000,7.000000
1780475187.486512,,,0.250000,1,1,"0:n=1,raw=0,src=BOARD_2/1",1,1,1,30,30,30,146,0,"30:21.6184,7.2611,-0.0091,-0.0125",80.924348,7.252935,21.400000,7.000000
1780475187.693614,,,0.207102,2,1,"0:n=2,raw=0,1,src=BOARD_2/1,BOARD_2/1",1,1,1,30,30,30,147,0,"30:21.6246,7.2416,-0.0044,-0.0256",80.924348,7.252935,21.400000,7.000000
1780475188.234759,,,0.250000,2,1,"0:n=2,raw=0,1,src=BOARD_2/1,BOARD_2/1",1,1,1,30,30,30,148,0,"30:21.6406,7.2223,0.0058,-0.0314",80.924348,7.252935,21.400000,7.000000
1780475188.509391,,,0.250000,1,1,"0:n=1,raw=0,src=BOARD_2/1",1,1,1,30,30,30,149,0,"30:21.6629,7.2195,0.0175,-0.0276",80.924348,7.252935,21.400000,7.000000
1780475188.971395,,,0.250000,2,1,"0:n=2,raw=0,1,src=BOARD_2/1,BOARD_2/1",1,1,1,30,30,30,150,0,"30:21.6707,7.2076,0.0175,-0.0272",80.924348,7.252935,21.400000,7.000000
1780475189.197478,,,0.226083,1,1,"0:n=1,raw=0,src=BOARD_2/1",1,1,1,30,30,30,151,0,"30:21.6537,7.1930,0.0061,-0.0334",80.924348,7.252935,21.400000,7.000000
1780475189.484262,,,0.250000,2,1,"0:n=2,raw=0,1,src=BOARD_2/1,BOARD_2/1",1,1,1,30,30,30,152,0,"30:21.6437,7.1867,-0.0003,-0.0318",80.924348,7.252935,21.400000,7.000000
1780475189.718200,,,0.233938,1,1,"0:n=1,raw=0,src=BOARD_2/1",1,1,1,30,30,30,153,0,"30:21.6410,7.1901,-0.0017,-0.0236",80.924348,7.252935,21.400000,7.000000
1780475190.054133,,,0.250000,1,1,"0:n=1,raw=0,src=BOARD_2/1",1,1,1,30,30,30,154,0,"30:21.6388,7.1932,-0.0027,-0.0166",80.924348,7.252935,21.400000,7.000000
1780475194.963874,,,0.247720,1,1,"0:n=1,raw=0,src=BOARD_2/1",1,1,1,30,30,30,155,0,"30:13.7574,8.2996,-1.8290,0.2797",80.924348,7.252935,21.400000,7.000000
1780475195.526813,,,0.250000,1,1,"0:n=1,raw=0,src=BOARD_2/1",1,1,1,30,30,30,156,0,"30:12.9429,8.5097,-1.8237,0.3224",72.508687,8.383521,20.300000,7.100000
1780475198.122643,,,0.250000,2,1,"0:n=2,raw=0,1,src=BOARD_3/2,BOARD_3/2",1,1,1,30,30,30,157,0,"30:5.1080,14.7873,-2.9468,2.5002",71.695751,8.606377,13.200000,8.300000
1780475211.221126,,,0.250000,2,1,"0:n=2,raw=0,1,src=BOARD_2/1,BOARD_2/1",1,1,0,31,,30,1,0,"31:21.0098,10.7329,0.0000,0.0000",63.523922,15.537340,4.100000,15.600000
1780475211.700115,,,0.250000,2,2,"0:n=1,raw=0,src=BOARD_2/1;1:n=1,raw=1,src=BOARD_2/1",2,2,0,31;32,,30,2;1,0;0,"31:21.0729,10.6622,0.0911,-0.1022;32:20.9916,11.5213,0.0000,0.0000",63.523922,15.537340,4.100000,15.600000
1780475217.964270,,,0.250000,1,1,"0:n=1,raw=0,src=BOARD_2/1",1,2,0,31;32,,30,1;2,30;0,"31:21.6311,10.0361,0.0911,-0.1022;32:19.7510,10.7768,-0.2184,-0.1311",63.523922,15.537340,4.100000,15.600000
1780475218.220725,,,0.250000,2,1,"0:n=2,raw=0,1,src=BOARD_2/1,BOARD_2/1",1,2,1,31;32,32,32,0;3,31;0,"31:21.6539,10.0106,0.0911,-0.1022;32:19.6802,10.8580,-0.2223,-0.0823",63.523922,15.537340,4.100000,15.600000
1780475218.472041,,,0.250000,1,1,"0:n=1,raw=0,src=BOARD_2/1",1,2,1,31;32,32,32,0;4,32;0,"31:21.6767,9.9850,0.0911,-0.1022;32:19.6210,10.9603,-0.2235,0.0081",78.913480,10.833294,4.100000,15.600000
1780475218.752113,,,0.250000,2,1,"0:n=2,raw=0,1,src=BOARD_2/1,BOARD_2/1",1,2,1,31;32,32,32,0;5,33;0,"31:21.6995,9.9595,0.0911,-0.1022;32:19.5238,11.0232,-0.2428,0.0636",78.853989,10.962705,4.100000,15.600000
1780475219.034528,,,0.250000,1,1,"0:n=1,raw=0,src=BOARD_2/1",1,2,1,31;32,32,32,0;6,34;0,"31:21.7223,9.9340,0.0911,-0.1022;32:19.3910,11.0357,-0.2833,0.0603",78.853989,10.962705,5.200000,15.500000
1780475219.476695,,,0.240040,1,1,"0:n=1,raw=0,src=BOARD_2/1",1,2,1,31;32,32,32,0;7,36;0,"31:21.7625,9.8888,0.0911,-0.1022;32:19.2971,10.9621,-0.2639,-0.0253",78.605995,11.053765,10.400000,14.200000
1780475220.194589,,,0.250000,1,1,"0:n=1,raw=0,src=BOARD_2/1",1,2,1,31;32,32,32,0;8,39;0,"31:21.8224,9.8217,0.0911,-0.1022;32:19.2176,10.9218,-0.2104,-0.0419",78.605995,11.053765,19.400000,11.000000
1780475220.689746,,,0.250000,1,1,"0:n=1,raw=0,src=BOARD_2/1",1,2,1,31;32,32,32,0;9,41;0,"31:21.8637,9.7754,0.0911,-0.1022;32:19.2609,10.9255,-0.1361,-0.0267",78.454490,10.909257,19.400000,11.000000
1780475221.596201,,,0.250000,1,1,"0:n=1,raw=0,src=BOARD_2/1",1,2,1,31;32,32,32,0;10,45;0,"31:21.9418,9.6877,0.0911,-0.1022;32:19.3050,10.8752,-0.0594,-0.0434",78.454490,10.909257,19.100000,11.000000
1780475222.153680,,,0.250000,2,1,"0:n=2,raw=0,1,src=BOARD_2/1,BOARD_2/1",1,2,1,31;32,32,32,0;11,47;0,"31:21.9832,9.6413,0.0911,-0.1022;32:19.3761,10.8817,-0.0134,-0.0269",78.454490,10.909257,19.100000,11.000000
1780475225.761281,,,0.250000,2,1,"0:n=2,raw=0,1,src=BOARD_2/1,BOARD_2/1",1,1,1,32,32,32,12,0,"32:19.6075,10.8426,0.0638,-0.0096",78.672062,10.873653,19.100000,11.000000
1780475231.042475,,,0.232620,1,1,"0:n=1,raw=0,src=BOARD_2/1",1,1,1,32,32,32,13,0,"32:21.6216,6.1348,0.4056,-1.0683",78.926609,10.839736,19.500000,11.000000
1780475231.749045,,,0.250000,1,1,"0:n=1,raw=0,src=BOARD_2/1",1,1,1,32,32,32,14,0,"32:21.8645,5.6970,0.3983,-0.9195",81.043313,5.814333,21.700000,10.900000
1780475232.365174,,,0.209339,1,1,"0:n=1,raw=0,src=BOARD_2/1",1,1,1,32,32,32,15,0,"32:21.9912,5.4794,0.3454,-0.6767",81.284004,5.421172,21.700000,7.100000
1780475233.276839,,,0.250000,1,1,"0:n=1,raw=0,src=BOARD_2/1",1,1,1,32,32,32,16,0,"32:22.0376,5.4004,0.2238,-0.3566",81.394781,5.276427,22.000000,5.300000
1780475236.162688,,,0.250000,2,1,"0:n=2,raw=0,1,src=BOARD_2/0,BOARD_2/0",1,1,1,32,32,32,17,0,"32:27.3090,5.8893,1.6212,0.1716",81.394781,5.276427,22.000000,5.300000
1780475236.855072,,,0.250000,2,1,"0:n=2,raw=0,1,src=BOARD_2/0,BOARD_2/0",1,1,1,32,32,32,18,0,"32:28.2017,6.0415,1.5607,0.1927",87.095335,5.940818,23.000000,5.300000
1780475237.639266,,,0.250000,1,1,"0:n=1,raw=0,src=BOARD_2/0",1,1,1,32,32,32,19,0,"32:28.5828,6.1448,1.2924,0.1785",87.969869,6.099321,27.600000,5.900000
1780475238.339505,,,0.250000,2,1,"0:n=2,raw=0,1,src=BOARD_2/0,BOARD_2/0",1,1,1,32,32,32,20,0,"32:28.6899,6.1904,0.9489,0.1320",88.270533,6.198375,28.700000,5.900000
1780475238.987644,,,0.245527,2,1,"0:n=2,raw=0,1,src=BOARD_2/0,BOARD_2/0",1,1,1,32,32,32,21,0,"32:28.5996,6.1848,0.6136,0.0738",88.270533,6.198375,28.800000,5.900000
1780475239.671958,,,0.250000,1,1,"0:n=1,raw=0,src=BOARD_2/0",1,1,1,32,32,32,22,0,"32:28.4483,6.1475,0.3515,0.0198",88.270533,6.198375,28.800000,5.900000
1780475240.129055,,,0.250000,1,1,"0:n=1,raw=0,src=BOARD_2/0",1,1,1,32,32,32,23,0,"32:28.2815,6.1201,0.1951,-0.0038",87.853729,6.153406,28.800000,6.000000
1780475240.365433,,,0.236378,1,1,"0:n=1,raw=0,src=BOARD_2/0",1,1,1,32,32,32,24,0,"32:28.1748,6.0921,0.1197,-0.0223",87.640030,6.118966,28.800000,6.000000
1780475240.767736,,,0.250000,2,1,"0:n=2,raw=0,1,src=BOARD_2/0,BOARD_2/0",1,1,1,32,32,32,25,0,"32:28.1024,6.0659,0.0671,-0.0374",87.640030,6.118966,28.600000,6.200000
1780475241.033888,,,0.250000,1,1,"0:n=1,raw=0,src=BOARD_2/0",1,1,1,32,32,32,26,0,"32:28.0403,6.0377,0.0249,-0.0517",87.422505,6.054648,28.600000,6.200000
1780475241.292226,,,0.250000,1,1,"0:n=1,raw=0,src=BOARD_2/0",1,1,1,32,32,32,27,0,"32:27.9891,6.0130,-0.0069,-0.0608",87.422505,6.054648,28.600000,6.200000
1780475241.560243,,,0.250000,2,1,"0:n=2,raw=0,1,src=BOARD_2/0,BOARD_2/0",1,1,1,32,32,32,28,0,"32:27.9804,6.0187,-0.0109,-0.0445",87.422505,6.054648,28.000000,6.200000
1780475242.151522,,,0.250000,2,1,"0:n=2,raw=0,1,src=BOARD_2/0,BOARD_2/0",1,1,1,32,32,32,29,0,"32:27.9667,6.0058,-0.0158,-0.0390",87.422505,6.054648,28.000000,6.200000
1780475244.969681,,,0.250000,2,1,"0:n=2,raw=0,1,src=BOARD_2/0,BOARD_2/0",1,1,1,32,32,32,30,0,"32:28.0471,5.9970,0.0253,-0.0027",87.422505,6.054648,28.000000,6.200000
1780475245.505555,,,0.250000,2,1,"0:n=2,raw=0,1,src=BOARD_2/0,BOARD_2/0",1,1,1,32,32,32,31,0,"32:28.0608,5.9850,0.0261,-0.0083",87.422505,6.054648,28.000000,6.200000
1780475246.029857,,,0.250000,2,1,"0:n=2,raw=0,1,src=BOARD_2/0,BOARD_2/0",1,1,1,32,32,32,32,0,"32:28.0543,5.9794,0.0184,-0.0095",87.422505,6.054648,28.000000,6.200000
1780475246.446361,,,0.212295,2,1,"0:n=2,raw=0,1,src=BOARD_2/0,BOARD_2/0",1,1,1,32,32,32,33,0,"32:28.0560,5.9579,0.0156,-0.0219",87.422505,6.054648,28.000000,6.200000
1780475246.694353,,,0.247992,1,1,"0:n=1,raw=0,src=BOARD_2/0",1,1,1,32,32,32,34,0,"32:28.0632,5.9265,0.0173,-0.0413",87.422505,6.054648,28.000000,6.200000
1780475246.981394,,,0.250000,2,1,"0:n=2,raw=0,1,src=BOARD_2/0,BOARD_2/0",1,1,1,32,32,32,35,0,"32:28.0753,5.9067,0.0214,-0.0485",87.368397,5.914087,28.000000,6.200000
1780475247.209076,,,0.227683,1,1,"0:n=1,raw=0,src=BOARD_2/0",1,1,1,32,32,32,36,0,"32:28.0916,5.8981,0.0278,-0.0466",87.368397,5.914087,28.000000,6.200000
1780475247.525412,,,0.250000,2,1,"0:n=2,raw=0,1,src=BOARD_2/0,BOARD_2/0",1,1,1,32,32,32,37,0,"32:28.1033,5.8915,0.0305,-0.0426",87.368397,5.914087,28.000000,6.200000
1780475247.775148,,,0.249735,1,1,"0:n=1,raw=0,src=BOARD_2/0",1,1,1,32,32,32,38,0,"32:28.1070,5.8889,0.0282,-0.0362",87.368397,5.914087,28.000000,5.900000
1780475248.074913,,,0.250000,1,1,"0:n=1,raw=0,src=BOARD_2/0",1,1,1,32,32,32,39,0,"32:28.1106,5.8882,0.0262,-0.0295",87.368397,5.914087,28.000000,5.900000
1780475248.307120,,,0.232207,1,1,"0:n=1,raw=0,src=BOARD_2/0",1,1,1,32,32,32,40,0,"32:28.1225,5.8907,0.0296,-0.0222",87.368397,5.914087,28.000000,5.900000
1780475248.629299,,,0.250000,1,1,"0:n=1,raw=0,src=BOARD_2/0",1,1,1,32,32,32,41,0,"32:28.1334,5.8931,0.0317,-0.0159",87.368397,5.914087,28.000000,5.900000
1780475248.842166,,,0.212867,1,1,"0:n=1,raw=0,src=BOARD_2/0",1,1,1,32,32,32,42,0,"32:28.1299,5.8958,0.0256,-0.0112",87.368397,5.914087,28.000000,5.900000
1780475249.078878,,,0.236712,2,1,"0:n=2,raw=0,1,src=BOARD_2/0,BOARD_2/0",1,1,1,32,32,32,43,0,"32:28.1311,5.8980,0.0227,-0.0074",87.368397,5.914087,28.000000,5.900000
1780475249.346359,,,0.250000,1,1,"0:n=1,raw=0,src=BOARD_2/0",1,1,1,32,32,32,44,0,"32:28.1395,5.9000,0.0244,-0.0043",87.368397,5.914087,28.000000,5.900000
1780475249.757405,,,0.210255,1,1,"0:n=1,raw=0,src=BOARD_2/0",1,1,1,32,32,32,45,0,"32:28.1517,5.9020,0.0256,-0.0015",87.368397,5.914087,28.000000,5.900000
1780475249.976165,,,0.218760,2,1,"0:n=2,raw=0,1,src=BOARD_2/0,BOARD_2/0",1,1,1,32,32,32,46,0,"32:28.1463,5.9036,0.0193,0.0000",87.368397,5.914087,28.000000,5.900000
1780475250.388174,,,0.209985,1,1,"0:n=1,raw=0,src=BOARD_2/0",1,1,1,32,32,32,47,0,"32:28.1430,5.9050,0.0130,0.0010",87.368397,5.914087,28.000000,5.900000
1780475250.683412,,,0.250000,1,1,"0:n=1,raw=0,src=BOARD_2/0",1,1,1,32,32,32,48,0,"32:28.1493,5.9058,0.0147,0.0015",87.368397,5.914087,28.000000,5.900000
1780475250.974413,,,0.250000,1,1,"0:n=1,raw=0,src=BOARD_2/0",1,1,1,32,32,32,49,0,"32:28.1566,5.9064,0.0168,0.0016",87.368397,5.914087,28.000000,5.900000
1780475251.348024,,,0.250000,2,1,"0:n=2,raw=0,1,src=BOARD_2/0,BOARD_2/0",1,1,1,32,32,32,50,0,"32:28.1582,5.9067,0.0153,0.0016",87.368397,5.914087,28.000000,5.900000
1780475251.617432,,,0.250000,1,1,"0:n=1,raw=0,src=BOARD_2/0",1,1,1,32,32,32,51,0,"32:28.1540,5.9070,0.0108,0.0014",87.368397,5.914087,28.000000,5.900000
1780475251.943760,,,0.250000,1,1,"0:n=1,raw=0,src=BOARD_2/0",1,1,1,32,32,32,52,0,"32:28.1503,5.9071,0.0071,0.0012",87.368397,5.914087,28.000000,5.900000
1780475252.191564,,,0.247804,1,1,"0:n=1,raw=0,src=BOARD_2/0",1,1,1,32,32,32,53,0,"32:28.1370,5.9071,-0.0015,0.0010",87.368397,5.914087,28.000000,5.900000
1780475252.520554,,,0.250000,2,1,"0:n=2,raw=0,1,src=BOARD_2/0,BOARD_2/0",1,1,1,32,32,32,54,0,"32:28.1203,5.8935,-0.0108,-0.0097",87.368397,5.914087,28.000000,5.900000
1780475252.801054,,,0.250000,1,1,"0:n=1,raw=0,src=BOARD_2/0",1,1,1,32,32,32,55,0,"32:28.0984,5.8629,-0.0218,-0.0315",87.368397,5.914087,28.000000,5.900000
1780475253.118558,,,0.250000,2,1,"0:n=2,raw=0,1,src=BOARD_2/0,BOARD_2/0",1,1,1,32,32,32,56,0,"32:28.0632,5.8122,-0.0388,-0.0646",87.368397,5.914087,28.000000,5.900000
1780475253.367941,,,0.249382,1,1,"0:n=1,raw=0,src=BOARD_2/0",1,1,1,32,32,32,57,0,"32:28.0112,5.7421,-0.0630,-0.1063",87.351599,5.792812,28.000000,5.900000
1780475253.933305,,,0.250000,2,1,"0:n=2,raw=0,1,src=BOARD_2/0,BOARD_2/0",1,1,1,32,32,32,58,0,"32:27.9293,5.6239,-0.0928,-0.1582",87.351599,5.792812,28.000000,5.900000
1780475268.618079,,,0.250000,2,1,"0:n=2,raw=0,1,src=BOARD_2/0,BOARD_2/0",1,1,0,33,,32,1,0,"33:37.1615,9.7292,0.0000,0.0000",87.201471,5.576415,27.900000,5.600000
1780475269.232365,,,0.209681,2,1,"0:n=2,raw=0,1,src=BOARD_2/0,BOARD_2/0",1,1,0,33,,32,2,0,"33:37.1665,9.6507,0.0064,-0.0990",87.201471,5.576415,27.900000,5.600000
1780475270.049473,,,0.215253,2,1,"0:n=2,raw=0,1,src=BOARD_2/0,BOARD_2/0",1,1,1,33,33,33,3,0,"33:37.1351,9.6308,-0.0195,-0.0513",87.201471,5.576415,27.900000,5.600000
1780475270.741416,,,0.250000,2,1,"0:n=2,raw=0,1,src=BOARD_2/0,BOARD_2/0",1,1,1,33,33,33,4,0,"33:37.1309,9.5997,-0.0148,-0.0496",96.429248,9.615424,34.100000,6.900000
1780475271.225885,,,0.250000,2,1,"0:n=2,raw=0,1,src=BOARD_2/0,BOARD_2/0",1,1,1,33,33,33,5,0,"33:37.1884,9.5578,0.0169,-0.0623",96.429248,9.615424,34.100000,6.900000
1780475271.852034,,,0.222186,2,1,"0:n=2,raw=0,1,src=BOARD_2/0,BOARD_2/0",1,1,1,33,33,33,6,0,"33:37.2229,9.4938,0.0281,-0.0784",96.429248,9.615424,36.900000,9.700000
1780475272.338710,,,0.250000,2,1,"0:n=2,raw=0,1,src=BOARD_2/0,BOARD_2/0",1,1,1,33,33,33,7,0,"33:37.2311,9.4275,0.0260,-0.0989",96.531331,9.470319,36.900000,9.700000
1780475272.914131,,,0.250000,2,1,"0:n=2,raw=0,1,src=BOARD_2/0,BOARD_2/0",1,1,1,33,33,33,8,0,"33:37.2515,9.3938,0.0301,-0.0914",96.531331,9.470319,36.900000,9.700000
1780475273.437464,,,0.250000,2,1,"0:n=2,raw=0,1,src=BOARD_2/0,BOARD_2/0",1,1,1,33,33,33,9,0,"33:37.2548,9.3468,0.0250,-0.0951",96.531331,9.470319,36.900000,9.700000
1780475274.012362,,,0.250000,2,1,"0:n=2,raw=0,1,src=BOARD_2/0,BOARD_2/0",1,1,1,33,33,33,10,0,"33:37.2706,9.3697,0.0273,-0.0498",96.562244,9.318279,36.900000,9.700000
1780475274.516212,,,0.250000,2,1,"0:n=2,raw=0,1,src=BOARD_2/0,BOARD_2/0",1,1,1,33,33,33,11,0,"33:37.2711,9.3764,0.0213,-0.0298",96.562244,9.318279,36.900000,9.700000
1780475275.127553,,,0.203306,1,1,"0:n=1,raw=0,src=BOARD_2/0",1,1,1,33,33,33,12,0,"33:37.2843,9.3633,0.0214,-0.0264",96.562244,9.318279,36.900000,9.700000
1780475275.763936,,,0.233777,2,1,"0:n=2,raw=0,1,src=BOARD_2/0,BOARD_2/0",1,1,1,33,33,33,13,0,"33:37.3116,9.3837,0.0281,-0.0023",96.562244,9.318279,36.900000,9.700000
1780475276.263961,,,0.250000,2,1,"0:n=2,raw=0,1,src=BOARD_2/0,BOARD_2/0",1,1,1,33,33,33,14,0,"33:37.3181,9.3817,0.0250,-0.0030",96.562244,9.318279,36.900000,9.700000
1780475276.883097,,,0.213684,2,1,"0:n=2,raw=0,1,src=BOARD_2/0,BOARD_2/0",1,1,1,33,33,33,15,0,"33:37.3064,9.3563,0.0118,-0.0184",96.562244,9.318279,36.900000,9.700000
1780475282.088696,,,0.250000,2,1,"0:n=2,raw=0,1,src=BOARD_2/0,BOARD_2/0",1,1,1,33,33,33,16,0,"33:34.4617,7.3187,-0.6176,-0.4773",96.562244,9.318279,36.900000,9.700000
1780475282.646181,,,0.250000,2,1,"0:n=2,raw=0,1,src=BOARD_2/0,BOARD_2/0",1,1,1,33,33,33,17,0,"33:34.0822,7.0942,-0.6475,-0.4813",93.576412,7.175479,35.900000,9.600000
1780475283.504261,,,0.250000,2,1,"0:n=2,raw=0,1,src=BOARD_2/0,BOARD_2/0",1,1,1,33,33,33,18,0,"33:33.6819,6.9162,-0.5798,-0.3248",93.187954,6.949847,34.200000,7.100000
1780475284.136528,,,0.227561,2,1,"0:n=2,raw=0,1,src=BOARD_2/0,BOARD_2/0",1,1,1,33,33,33,19,0,"33:33.5833,6.9330,-0.4515,-0.1798",92.807917,6.818782,34.200000,7.100000
1780475284.814321,,,0.250000,1,1,"0:n=1,raw=0,src=BOARD_2/0",1,1,1,33,33,33,20,0,"33:33.6348,6.9789,-0.2833,-0.0753",92.807917,6.818782,33.400000,7.100000
1780475285.517012,,,0.250000,1,1,"0:n=1,raw=0,src=BOARD_2/0",1,1,1,33,33,33,21,0,"33:33.7755,7.0858,-0.1269,0.0232",92.849813,6.956351,33.400000,7.100000
1780475286.050124,,,0.250000,2,1,"0:n=2,raw=0,1,src=BOARD_2/0,BOARD_2/0",1,1,1,33,33,33,22,0,"33:33.9082,7.1991,-0.0352,0.0901",93.037462,7.092700,33.400000,7.000000
1780475287.230210,,,0.250000,2,1,"0:n=2,raw=0,1,src=BOARD_2/0,BOARD_2/0",1,1,1,33,33,33,23,0,"33:33.9250,7.2147,-0.0109,0.0438",93.197649,7.226132,33.500000,7.200000
1780475287.806946,,,0.250000,2,1,"0:n=2,raw=0,1,src=BOARD_2/0,BOARD_2/0",1,1,1,33,33,33,24,0,"33:33.9354,7.1869,-0.0039,0.0145",93.197649,7.226132,33.500000,7.200000
1780475288.355427,,,0.250000,2,1,"0:n=2,raw=0,1,src=BOARD_2/0,BOARD_2/0",1,1,1,33,33,33,25,0,"33:33.9409,7.1710,-0.0005,-0.0002",93.197649,7.226132,33.500000,7.200000
1780475288.971841,,,0.212828,2,1,"0:n=2,raw=0,1,src=BOARD_2/0,BOARD_2/0",1,1,1,33,33,33,26,0,"33:33.9523,7.1607,0.0051,-0.0069",93.197649,7.226132,33.500000,7.200000
1780475289.244302,,,0.250000,1,1,"0:n=1,raw=0,src=BOARD_2/0",1,1,1,33,33,33,27,0,"33:33.9701,7.1606,0.0133,-0.0058",93.197649,7.226132,33.500000,7.200000
1780475289.617980,,,0.250000,2,1,"0:n=2,raw=0,1,src=BOARD_2/0,BOARD_2/0",1,1,1,33,33,33,28,0,"33:33.9801,7.1568,0.0167,-0.0075",93.197649,7.226132,33.500000,7.200000
1780475289.915352,,,0.250000,1,1,"0:n=1,raw=0,src=BOARD_2/0",1,1,1,33,33,33,29,0,"33:33.9845,7.1489,0.0168,-0.0121",93.197649,7.226132,33.500000,7.200000
1780475290.229362,,,0.250000,1,1,"0:n=1,raw=0,src=BOARD_2/0",1,1,1,33,33,33,30,0,"33:33.9877,7.1418,0.0162,-0.0153",93.197649,7.226132,33.500000,7.200000
1780475290.450977,,,0.221615,1,1,"0:n=1,raw=0,src=BOARD_2/0",1,1,1,33,33,33,31,0,"33:33.9845,7.1439,0.0124,-0.0110",93.197649,7.226132,33.500000,7.200000
1780475290.772363,,,0.250000,2,1,"0:n=2,raw=0,1,src=BOARD_2/0,BOARD_2/0",1,1,1,33,33,33,32,0,"33:33.9844,7.1422,0.0106,-0.0101",93.197649,7.226132,33.500000,7.200000
1780475291.013160,,,0.240797,1,1,"0:n=1,raw=0,src=BOARD_2/0",1,1,1,33,33,33,33,0,"33:33.9877,7.1364,0.0110,-0.0128",93.197649,7.226132,33.500000,7.200000
1780475291.358260,,,0.250000,1,1,"0:n=1,raw=0,src=BOARD_2/0",1,1,1,33,33,33,34,0,"33:33.9915,7.1304,0.0116,-0.0150",93.197649,7.226132,33.500000,7.200000
1780475291.598343,,,0.240083,1,1,"0:n=1,raw=0,src=BOARD_2/0",1,1,1,33,33,33,35,0,"33:33.9893,7.1332,0.0087,-0.0100",93.197649,7.226132,33.500000,7.200000
1780475291.821012,,,0.222669,1,1,"0:n=1,raw=0,src=BOARD_2/0",1,1,1,33,33,33,36,0,"33:33.9872,7.1357,0.0063,-0.0062",93.197649,7.226132,33.500000,7.200000
1780475292.288273,,,0.250000,2,1,"0:n=2,raw=0,1,src=BOARD_2/0,BOARD_2/0",1,1,1,33,33,33,37,0,"33:33.9914,7.1131,0.0071,-0.0212",93.197649,7.226132,33.500000,7.200000
1780475292.521690,,,0.233417,1,1,"0:n=1,raw=0,src=BOARD_2/0",1,1,1,33,33,33,38,0,"33:34.0002,7.0706,0.0111,-0.0492",93.197649,7.226132,33.500000,7.200000
1780475294.398505,,,0.250000,1,1,"0:n=1,raw=0,src=BOARD_2/0",1,1,1,33,33,33,39,0,"33:34.0245,7.0449,0.0125,-0.0176",93.303537,7.055816,33.900000,7.200000
1780475294.942566,,,0.250000,2,1,"0:n=2,raw=0,1,src=BOARD_2/0,BOARD_2/0",1,1,1,33,33,33,40,0,"33:34.0063,7.0475,0.0027,-0.0118",93.303537,7.055816,33.900000,7.200000
1780475295.506906,,,0.250000,2,1,"0:n=2,raw=0,1,src=BOARD_2/0,BOARD_2/0",1,1,1,33,33,33,41,0,"33:34.0106,7.0234,0.0041,-0.0238",93.303537,7.055816,33.900000,7.200000
1780475296.003607,,,0.250000,2,1,"0:n=2,raw=0,1,src=BOARD_2/0,BOARD_2/0",1,1,1,33,33,33,42,0,"33:34.0069,7.0309,0.0015,-0.0113",93.303537,7.055816,33.900000,7.200000
1780475296.557294,,,0.250000,2,1,"0:n=2,raw=0,1,src=BOARD_2/0,BOARD_2/0",1,1,1,33,33,33,43,0,"33:33.9960,7.0301,-0.0043,-0.0082",93.303537,7.055816,33.900000,7.200000
1780475297.359555,,,0.250000,2,1,"0:n=2,raw=0,1,src=BOARD_2/0,BOARD_2/0",1,1,1,33,33,33,44,0,"33:33.9916,7.0385,-0.0051,0.0009",93.303537,7.055816,33.900000,7.200000
1780475297.706742,,,0.250000,2,1,"0:n=2,raw=0,1,src=BOARD_2/0,BOARD_2/0",1,1,1,33,33,33,45,0,"33:33.9867,7.0409,-0.0069,0.0023",93.303537,7.055816,33.900000,7.200000
1780475297.923537,,,0.216796,1,1,"0:n=1,raw=0,src=BOARD_2/0",1,1,1,33,33,33,46,0,"33:33.9794,7.0385,-0.0099,0.0003",93.303537,7.055816,33.900000,7.200000
1780475298.227568,,,0.250000,2,1,"0:n=2,raw=0,1,src=BOARD_2/0,BOARD_2/0",1,1,1,33,33,33,47,0,"33:33.9766,7.0386,-0.0100,0.0003",93.303537,7.055816,33.900000,7.200000
1780475298.440017,,,0.212449,1,1,"0:n=1,raw=0,src=BOARD_2/0",1,1,1,33,33,33,48,0,"33:33.9774,7.0420,-0.0084,0.0029",93.303537,7.055816,33.900000,7.200000
1780475298.741239,,,0.250000,1,1,"0:n=1,raw=0,src=BOARD_2/0",1,1,1,33,33,33,49,0,"33:33.9780,7.0463,-0.0069,0.0058",93.303537,7.055816,33.900000,7.200000
1780475298.967309,,,0.226070,1,1,"0:n=1,raw=0,src=BOARD_2/0",1,1,1,33,33,33,50,0,"33:33.9738,7.0560,-0.0084,0.0125",93.303537,7.055816,33.900000,7.200000
1780475299.265647,,,0.250000,2,1,"0:n=2,raw=0,1,src=BOARD_2/0,BOARD_2/0",1,1,1,33,33,33,51,0,"33:33.9729,7.0677,-0.0077,0.0193",93.303537,7.055816,33.900000,7.200000
1780475299.512345,,,0.246698,1,1,"0:n=1,raw=0,src=BOARD_2/0",1,1,1,33,33,33,52,0,"33:33.9760,7.0803,-0.0048,0.0256",93.303537,7.055816,33.900000,7.200000
1780475299.814063,,,0.250000,2,1,"0:n=2,raw=0,1,src=BOARD_2/0,BOARD_2/0",1,1,1,33,33,33,53,0,"33:33.9850,7.0859,0.0012,0.0250",93.303537,7.055816,33.900000,7.200000
1780475300.108641,,,0.250000,1,1,"0:n=1,raw=0,src=BOARD_2/0",1,1,1,33,33,33,54,0,"33:34.0001,7.0825,0.0099,0.0174",93.303537,7.055816,33.900000,7.200000
1780475300.494805,,,0.250000,2,1,"0:n=2,raw=0,1,src=BOARD_2/0,BOARD_2/0",1,1,1,33,33,33,55,0,"33:33.9876,7.0756,0.0012,0.0087",93.303537,7.055816,33.900000,7.200000
1780475300.798040,,,0.250000,1,1,"0:n=1,raw=0,src=BOARD_2/0",1,1,1,33,33,33,56,0,"33:33.9426,7.0651,-0.0250,-0.0012",93.303537,7.055816,33.900000,7.200000
1780475304.271855,,,0.231138,2,1,"0:n=2,raw=0,1,src=BOARD_2/0,BOARD_2/0",1,1,1,33,33,33,57,0,"33:32.7231,6.0667,-0.3586,-0.3249",93.303537,7.055816,33.900000,7.200000
1780475304.790591,,,0.250000,2,1,"0:n=2,raw=0,1,src=BOARD_2/0,BOARD_2/0",1,1,1,33,33,33,58,0,"33:32.4971,5.9389,-0.3806,-0.3154",91.915508,5.969279,32.900000,7.200000
1780475305.367362,,,0.250000,2,1,"0:n=2,raw=0,1,src=BOARD_2/0,BOARD_2/0",1,1,1,33,33,33,59,0,"33:32.3801,5.8077,-0.3551,-0.3067",91.682909,5.844289,32.700000,6.000000
1780475305.922876,,,0.250000,2,1,"0:n=2,raw=0,1,src=BOARD_2/0,BOARD_2/0",1,1,1,33,33,33,60,0,"33:32.2593,5.7025,-0.3330,-0.2789",91.573571,5.715715,32.700000,5.900000
1780475306.629502,,,0.250000,2,1,"0:n=2,raw=0,1,src=BOARD_2/0,BOARD_2/0",1,1,1,33,33,33,61,0,"33:32.1621,5.6099,-0.2655,-0.2141",91.573571,5.715715,32.100000,5.700000
1780475307.198009,,,0.250000,2,1,"0:n=2,raw=0,1,src=BOARD_2/0,BOARD_2/0",1,1,1,33,33,33,62,0,"33:32.1243,5.6156,-0.2214,-0.1442",91.382406,5.545710,32.100000,5.700000
1780475307.795854,,,0.250000,2,1,"0:n=2,raw=0,1,src=BOARD_2/0,BOARD_2/0",1,1,1,33,33,33,63,0,"33:32.1551,5.6267,-0.1535,-0.0926",91.382406,5.545710,32.100000,5.700000
1780475319.511938,,,0.250000,2,1,"0:n=2,raw=0,1,src=BOARD_2/0,BOARD_2/0",1,1,0,34,,33,1,0,"34:32.2715,7.9256,0.0000,0.0000",91.382406,5.545710,32.100000,5.700000
1780475320.099760,,,0.250000,2,1,"0:n=2,raw=0,1,src=BOARD_2/0,BOARD_2/0",1,1,0,34,,33,2,0,"34:32.2669,7.9364,-0.0066,0.0155",91.382406,5.545710,32.100000,5.700000
1780475320.568826,,,0.250000,1,1,"0:n=1,raw=0,src=BOARD_2/0",1,1,1,34,34,34,3,0,"34:32.2568,7.9457,-0.0139,0.0182",91.382406,5.545710,32.100000,5.700000
1780475320.802539,,,0.233713,2,1,"0:n=2,raw=0,1,src=BOARD_2/0,BOARD_2/0",1,1,1,34,34,34,4,0,"34:32.2734,7.9246,0.0039,-0.0094",91.552685,7.951184,32.100000,5.700000
1780475321.736454,,,0.250000,1,1,"0:n=1,raw=0,src=BOARD_2/0",1,1,1,34,34,34,5,0,"34:32.2599,7.9422,-0.0064,0.0100",91.552685,7.951184,32.100000,8.000000
1780475322.021110,,,0.250000,1,1,"0:n=1,raw=0,src=BOARD_2/0",1,1,1,34,34,34,6,0,"34:32.2505,7.9523,-0.0109,0.0155",91.552685,7.951184,32.100000,8.000000
1780475322.446153,,,0.221833,2,1,"0:n=2,raw=0,1,src=BOARD_2/0,BOARD_2/0",1,1,1,34,34,34,7,0,"34:32.2433,7.9601,-0.0122,0.0163",91.552685,7.951184,32.100000,8.000000
1780475322.697095,,,0.250000,1,1,"0:n=1,raw=0,src=BOARD_2/0",1,1,1,34,34,34,8,0,"34:32.2432,7.9614,-0.0107,0.0143",91.552685,7.951184,32.100000,8.000000
1780475323.118467,,,0.219280,2,1,"0:n=2,raw=0,1,src=BOARD_2/0,BOARD_2/0",1,1,1,34,34,34,9,0,"34:32.2440,7.9682,-0.0080,0.0149",91.552685,7.951184,32.100000,8.000000
1780475323.429806,,,0.250000,1,1,"0:n=1,raw=0,src=BOARD_2/0",1,1,1,34,34,34,10,0,"34:32.2486,7.9775,-0.0045,0.0190",91.552685,7.951184,32.100000,8.000000
1780475323.674472,,,0.244667,2,1,"0:n=2,raw=0,1,src=BOARD_2/0,BOARD_2/0",1,1,1,34,34,34,11,0,"34:32.2506,7.9771,-0.0028,0.0152",91.552685,7.951184,32.100000,8.000000
1780475323.901674,,,0.227202,1,1,"0:n=1,raw=0,src=BOARD_2/0",1,1,1,34,34,34,12,0,"34:32.2496,7.9652,-0.0030,0.0034",91.552685,7.951184,32.100000,8.000000
1780475324.271222,,,0.250000,1,1,"0:n=1,raw=0,src=BOARD_2/0",1,1,1,34,34,34,13,0,"34:32.2476,7.9544,-0.0037,-0.0057",91.552685,7.951184,32.100000,8.000000
1780475324.487600,,,0.216378,2,1,"0:n=2,raw=0,1,src=BOARD_2/0,BOARD_2/0",1,1,1,34,34,34,14,0,"34:32.2509,7.9532,-0.0014,-0.0057",91.552685,7.951184,32.100000,8.000000
1780475324.982789,,,0.250000,2,1,"0:n=2,raw=0,1,src=BOARD_2/0,BOARD_2/0",1,1,1,34,34,34,15,0,"34:32.2527,7.9476,-0.0000,-0.0080",91.552685,7.951184,32.100000,8.000000
1780475325.259141,,,0.250000,1,1,"0:n=1,raw=0,src=BOARD_2/0",1,1,1,34,34,34,16,0,"34:32.2515,7.9392,-0.0007,-0.0128",91.552685,7.951184,32.100000,8.000000
1780475325.548765,,,0.250000,2,1,"0:n=2,raw=0,1,src=BOARD_2/0,BOARD_2/0",1,1,1,34,34,34,17,0,"34:32.2519,7.9311,-0.0004,-0.0165",91.552685,7.951184,32.100000,8.000000
1780475325.808937,,,0.250000,1,1,"0:n=1,raw=0,src=BOARD_2/0",1,1,1,34,34,34,18,0,"34:32.2548,7.9212,0.0013,-0.0209",91.552685,7.951184,32.100000,8.000000
1780475326.124290,,,0.250000,2,1,"0:n=2,raw=0,1,src=BOARD_2/0,BOARD_2/0",1,1,1,34,34,34,19,0,"34:32.2559,7.9162,0.0017,-0.0207",91.552685,7.951184,32.100000,8.000000
1780475326.426747,,,0.250000,1,1,"0:n=1,raw=0,src=BOARD_2/0",1,1,1,34,34,34,20,0,"34:32.2542,7.9164,0.0006,-0.0166",91.552685,7.951184,32.100000,8.000000
1780475326.713652,,,0.250000,2,1,"0:n=2,raw=0,1,src=BOARD_2/0,BOARD_2/0",1,1,1,34,34,34,21,0,"34:32.2541,7.9134,0.0004,-0.0157",91.552685,7.951184,32.100000,8.000000
1780475326.962765,,,0.249113,1,1,"0:n=1,raw=0,src=BOARD_2/0",1,1,1,34,34,34,22,0,"34:32.2564,7.9061,0.0017,-0.0183",91.552685,7.951184,32.100000,8.000000
1780475327.221431,,,0.250000,2,1,"0:n=2,raw=0,1,src=BOARD_2/0,BOARD_2/0",1,1,1,34,34,34,23,0,"34:32.2620,7.8965,0.0046,-0.0222",91.552685,7.951184,32.100000,8.000000
1780475327.457234,,,0.235802,1,1,"0:n=1,raw=0,src=BOARD_2/0",1,1,1,34,34,34,24,0,"34:32.2702,7.8854,0.0087,-0.0267",91.552685,7.951184,32.100000,8.000000
1780475327.840261,,,0.250000,2,1,"0:n=2,raw=0,1,src=BOARD_2/0,BOARD_2/0",1,1,1,34,34,34,25,0,"34:32.2758,7.8715,0.0106,-0.0323",91.552685,7.951184,32.100000,8.000000
1780475328.063793,,,0.223532,1,1,"0:n=1,raw=0,src=BOARD_2/0",1,1,1,34,34,34,26,0,"34:32.2776,7.8567,0.0103,-0.0382",91.552685,7.951184,32.100000,8.000000
1780475328.401923,,,0.250000,1,1,"0:n=1,raw=0,src=BOARD_2/0",1,1,1,34,34,34,27,0,"34:32.2791,7.8440,0.0097,-0.0407",91.552685,7.951184,32.100000,8.000000
1780475328.651037,,,0.249114,2,1,"0:n=2,raw=0,1,src=BOARD_2/0,BOARD_2/0",1,1,1,34,34,34,28,0,"34:32.2746,7.8440,0.0057,-0.0327",91.552685,7.951184,32.100000,8.000000
1780475329.015828,,,0.250000,1,1,"0:n=1,raw=0,src=BOARD_2/0",1,1,1,34,34,34,29,0,"34:32.2699,7.8436,0.0022,-0.0267",91.552685,7.951184,32.100000,8.000000
1780475329.302490,,,0.250000,1,1,"0:n=1,raw=0,src=BOARD_2/0",1,1,1,34,34,34,30,0,"34:32.2707,7.8392,0.0023,-0.0249",91.552685,7.951184,32.100000,8.000000
1780475329.580497,,,0.250000,2,1,"0:n=2,raw=0,1,src=BOARD_2/0,BOARD_2/0",1,1,1,34,34,34,31,0,"34:32.2689,7.8325,0.0009,-0.0253",91.552685,7.951184,32.100000,8.000000
1780475329.869580,,,0.250000,1,1,"0:n=1,raw=0,src=BOARD_2/0",1,1,1,34,34,34,32,0,"34:32.2636,7.8240,-0.0022,-0.0270",91.569203,7.824919,32.100000,8.000000
1780475330.269896,,,0.250000,2,1,"0:n=2,raw=0,1,src=BOARD_2/0,BOARD_2/0",1,1,1,34,34,34,33,0,"34:32.2604,7.8192,-0.0037,-0.0255",91.569203,7.824919,32.100000,8.000000
1780475330.486167,,,0.216271,1,1,"0:n=1,raw=0,src=BOARD_2/0",1,1,1,34,34,34,34,0,"34:32.2604,7.8209,-0.0033,-0.0199",91.569203,7.824919,32.100000,8.000000
1780475330.746252,,,0.250000,2,1,"0:n=2,raw=0,1,src=BOARD_2/0,BOARD_2/0",1,1,1,34,34,34,35,0,"34:32.2627,7.8250,-0.0015,-0.0128",91.569203,7.824919,32.100000,8.000000
1780475330.986099,,,0.239847,1,1,"0:n=1,raw=0,src=BOARD_2/0",1,1,1,34,34,34,36,0,"34:32.2683,7.8346,0.0020,-0.0029",91.569203,7.824919,32.100000,8.000000
1780475331.428461,,,0.238310,2,1,"0:n=2,raw=0,1,src=BOARD_2/0,BOARD_2/0",1,1,1,34,34,34,37,0,"34:32.2714,7.8491,0.0032,0.0089",91.569203,7.824919,32.100000,8.000000
1780475331.648306,,,0.219845,1,1,"0:n=1,raw=0,src=BOARD_2/0",1,1,1,34,34,34,38,0,"34:32.2706,7.8644,0.0023,0.0189",91.569203,7.824919,32.100000,8.000000
1780475332.015770,,,0.250000,2,1,"0:n=2,raw=0,1,src=BOARD_2/0,BOARD_2/0",1,1,1,34,34,34,39,0,"34:32.2674,7.8829,0.0002,0.0294",91.569203,7.824919,32.100000,8.000000
1780475332.350319,,,0.250000,1,1,"0:n=1,raw=0,src=BOARD_2/0",1,1,1,34,34,34,40,0,"34:32.2609,7.9036,-0.0035,0.0397",91.569203,7.824919,32.100000,8.000000
1780475332.631046,,,0.250000,2,1,"0:n=2,raw=0,1,src=BOARD_2/0,BOARD_2/0",1,1,1,34,34,34,41,0,"34:32.2569,7.9245,-0.0052,0.0481",91.569203,7.824919,32.100000,8.000000
1780475332.873209,,,0.242162,1,1,"0:n=1,raw=0,src=BOARD_2/0",1,1,1,34,34,34,42,0,"34:32.2562,7.9450,-0.0049,0.0550",91.569203,7.824919,32.100000,8.000000
1780475333.138536,,,0.250000,1,1,"0:n=1,raw=0,src=BOARD_2/0",1,1,1,34,34,34,43,0,"34:32.2558,7.9643,-0.0045,0.0593",91.554764,7.961450,32.100000,8.000000
1780475333.364396,,,0.225860,1,1,"0:n=1,raw=0,src=BOARD_2/0",1,1,1,34,34,34,44,0,"34:32.2604,7.9704,-0.0012,0.0537",91.554764,7.961450,32.100000,8.000000
1780475333.777180,,,0.211401,2,1,"0:n=2,raw=0,1,src=BOARD_2/0,BOARD_2/0",1,1,1,34,34,34,45,0,"34:32.2712,7.9708,0.0052,0.0372",91.554764,7.961450,32.100000,8.000000
1780475334.058401,,,0.250000,1,1,"0:n=1,raw=0,src=BOARD_2/0",1,1,1,34,34,34,46,0,"34:32.2870,7.9534,0.0134,0.0170",91.554764,7.961450,32.100000,8.000000
1780475334.479746,,,0.216826,2,1,"0:n=2,raw=0,1,src=BOARD_2/0,BOARD_2/0",1,1,1,34,34,34,47,0,"34:32.2977,7.9502,0.0162,0.0094",91.554764,7.961450,32.100000,8.000000
1780475334.711784,,,0.232038,1,1,"0:n=1,raw=0,src=BOARD_2/0",1,1,1,34,34,34,48,0,"34:32.2951,7.9602,0.0127,0.0152",91.554764,7.961450,32.100000,8.000000
1780475335.339068,,,0.225842,2,1,"0:n=2,raw=0,1,src=BOARD_2/0,BOARD_2/0",1,1,1,34,34,34,49,0,"34:32.2862,7.9644,0.0037,0.0115",91.554764,7.961450,32.100000,8.000000
1780475335.803551,,,0.250000,2,1,"0:n=2,raw=0,1,src=BOARD_2/0,BOARD_2/0",1,1,1,34,34,34,50,0,"34:32.2739,7.9569,-0.0036,0.0028",91.554764,7.961450,32.100000,8.000000
1780475336.052550,,,0.248999,1,1,"0:n=1,raw=0,src=BOARD_2/0",1,1,1,34,34,34,51,0,"34:32.2724,7.9471,-0.0039,-0.0050",91.554764,7.961450,32.100000,8.000000
1780475336.466668,,,0.212814,2,1,"0:n=2,raw=0,1,src=BOARD_2/0,BOARD_2/0",1,1,1,34,34,34,52,0,"34:32.2749,7.9364,-0.0015,-0.0119",91.554764,7.961450,32.100000,8.000000
1780475336.741281,,,0.250000,1,1,"0:n=1,raw=0,src=BOARD_2/0",1,1,1,34,34,34,53,0,"34:32.2802,7.9269,0.0019,-0.0175",91.554764,7.961450,32.100000,8.000000
1780475337.015966,,,0.250000,2,1,"0:n=2,raw=0,1,src=BOARD_2/0,BOARD_2/0",1,1,1,34,34,34,54,0,"34:32.2817,7.9167,0.0025,-0.0224",91.554764,7.961450,32.100000,8.000000
1780475337.248286,,,0.232320,1,1,"0:n=1,raw=0,src=BOARD_2/0",1,1,1,34,34,34,55,0,"34:32.2808,7.9053,0.0016,-0.0276",91.554764,7.961450,32.100000,8.000000
1780475337.563749,,,0.250000,2,1,"0:n=2,raw=0,1,src=BOARD_2/0,BOARD_2/0",1,1,1,34,34,34,56,0,"34:32.2775,7.8970,-0.0006,-0.0287",91.554764,7.961450,32.100000,8.000000
1780475337.812078,,,0.248329,1,1,"0:n=1,raw=0,src=BOARD_2/0",1,1,1,34,34,34,57,0,"34:32.2710,7.8955,-0.0045,-0.0243",91.554764,7.961450,32.100000,8.000000
1780475338.094451,,,0.250000,2,1,"0:n=2,raw=0,1,src=BOARD_2/0,BOARD_2/0",1,1,1,34,34,34,58,0,"34:32.2667,7.8905,-0.0064,-0.0234",91.554764,7.961450,32.100000,8.000000
1780475338.318085,,,0.223634,1,1,"0:n=1,raw=0,src=BOARD_2/0",1,1,1,34,34,34,59,0,"34:32.2658,7.8829,-0.0061,-0.0252",91.554764,7.961450,32.100000,8.000000
1780475338.570842,,,0.250000,2,1,"0:n=2,raw=0,1,src=BOARD_2/0,BOARD_2/0",1,1,1,34,34,34,60,0,"34:32.2723,7.8675,-0.0013,-0.0325",91.554764,7.961450,32.100000,8.000000
1780475338.825039,,,0.250000,1,1,"0:n=1,raw=0,src=BOARD_2/0",1,1,1,34,34,34,61,0,"34:32.2809,7.8501,0.0041,-0.0402",91.554764,7.961450,32.100000,8.000000
1780475339.158597,,,0.250000,2,1,"0:n=2,raw=0,1,src=BOARD_2/0,BOARD_2/0",1,1,1,34,34,34,62,0,"34:32.2838,7.8433,0.0052,-0.0374",91.582154,7.838012,32.100000,8.000000
1780475339.458904,,,0.250000,1,1,"0:n=1,raw=0,src=BOARD_2/0",1,1,1,34,34,34,63,0,"34:32.2777,7.8505,0.0007,-0.0240",91.582154,7.838012,32.100000,8.000000
1780475339.926557,,,0.250000,2,1,"0:n=2,raw=0,1,src=BOARD_2/0,BOARD_2/0",1,1,1,34,34,34,64,0,"34:32.2751,7.8539,-0.0010,-0.0131",91.582154,7.838012,32.100000,8.000000
1780475340.438117,,,0.250000,2,1,"0:n=2,raw=0,1,src=BOARD_2/0,BOARD_2/0",1,1,1,34,34,34,65,0,"34:32.2764,7.8494,0.0001,-0.0120",91.582154,7.838012,32.100000,8.000000
1780475340.678529,,,0.240412,1,1,"0:n=1,raw=0,src=BOARD_2/0",1,1,1,34,34,34,66,0,"34:32.2816,7.8433,0.0030,-0.0144",91.582154,7.838012,32.100000,8.000000
1780475341.024578,,,0.250000,1,1,"0:n=1,raw=0,src=BOARD_2/0",1,1,1,34,34,34,67,0,"34:32.2857,7.8375,0.0049,-0.0161",91.582154,7.838012,32.100000,8.000000
1780475341.317615,,,0.250000,2,1,"0:n=2,raw=0,1,src=BOARD_2/0,BOARD_2/0",1,1,1,34,34,34,68,0,"34:32.2839,7.8250,0.0032,-0.0226",91.582154,7.838012,32.100000,8.000000
1780475341.749290,,,0.228187,2,1,"0:n=2,raw=0,1,src=BOARD_2/0,BOARD_2/0",1,1,1,34,34,34,69,0,"34:32.2852,7.8030,0.0031,-0.0317",91.582154,7.838012,32.100000,8.000000
1780475342.011349,,,0.250000,1,1,"0:n=1,raw=0,src=BOARD_2/0",1,1,1,34,34,34,70,0,"34:32.2900,7.7886,0.0054,-0.0368",91.582154,7.838012,32.100000,8.000000
1780475342.450339,,,0.235998,2,1,"0:n=2,raw=0,1,src=BOARD_2/0,BOARD_2/0",1,1,1,34,34,34,71,0,"34:32.2916,7.7675,0.0050,-0.0406",91.582154,7.838012,32.100000,8.000000
1780475342.740918,,,0.250000,1,1,"0:n=1,raw=0,src=BOARD_2/0",1,1,1,34,34,34,72,0,"34:32.2893,7.7514,0.0030,-0.0453",91.582154,7.838012,32.100000,8.000000
1780475343.026540,,,0.250000,2,1,"0:n=2,raw=0,1,src=BOARD_2/0,BOARD_2/0",1,1,1,34,34,34,73,0,"34:32.2887,7.7400,0.0022,-0.0453",91.582154,7.838012,32.100000,8.000000
1780475343.278599,,,0.250000,1,1,"0:n=1,raw=0,src=BOARD_2/0",1,1,1,34,34,34,74,0,"34:32.2906,7.7356,0.0030,-0.0400",91.582154,7.838012,32.100000,8.000000
1780475343.593558,,,0.250000,1,1,"0:n=1,raw=0,src=BOARD_2/0",1,1,1,34,34,34,75,0,"34:32.2934,7.7318,0.0041,-0.0352",91.582154,7.838012,32.100000,8.000000
1780475343.868985,,,0.250000,1,1,"0:n=1,raw=0,src=BOARD_2/0",1,1,1,34,34,34,76,0,"34:32.2907,7.7234,0.0020,-0.0349",91.582154,7.838012,32.100000,8.000000
1780475344.140543,,,0.250000,1,1,"0:n=1,raw=0,src=BOARD_2/0",1,1,1,34,34,34,77,0,"34:32.2883,7.7147,0.0003,-0.0349",91.591267,7.712924,32.100000,8.000000
1780475344.454408,,,0.250000,2,1,"0:n=2,raw=0,1,src=BOARD_2/0,BOARD_2/0",1,1,1,34,34,34,78,0,"34:32.2875,7.7118,-0.0002,-0.0304",91.591267,7.712924,32.100000,8.000000
1780475344.745356,,,0.250000,1,1,"0:n=1,raw=0,src=BOARD_2/0",1,1,1,34,34,34,79,0,"34:32.2893,7.7149,0.0009,-0.0221",91.591267,7.712924,32.100000,7.800000
1780475345.107790,,,0.250000,2,1,"0:n=2,raw=0,1,src=BOARD_2/0,BOARD_2/0",1,1,1,34,34,34,80,0,"34:32.2896,7.7207,0.0009,-0.0134",91.591267,7.712924,32.100000,7.800000
1780475345.460330,,,0.250000,1,1,"0:n=1,raw=0,src=BOARD_2/0",1,1,1,34,34,34,81,0,"34:32.2873,7.7316,-0.0005,-0.0024",91.591267,7.712924,32.100000,7.800000
1780475345.814103,,,0.250000,2,1,"0:n=2,raw=0,1,src=BOARD_2/0,BOARD_2/0",1,1,1,34,34,34,82,0,"34:32.2867,7.7377,-0.0008,0.0028",91.591267,7.712924,32.100000,7.800000
1780475346.058867,,,0.244763,1,1,"0:n=1,raw=0,src=BOARD_2/0",1,1,1,34,34,34,83,0,"34:32.2886,7.7398,0.0004,0.0039",91.591267,7.712924,32.100000,7.800000
1780475346.343813,,,0.250000,1,1,"0:n=1,raw=0,src=BOARD_2/0",1,1,1,34,34,34,84,0,"34:32.2914,7.7413,0.0019,0.0043",91.591267,7.712924,32.100000,7.800000
1780475346.751869,,,0.205627,1,1,"0:n=1,raw=0,src=BOARD_2/0",1,1,1,34,34,34,85,0,"34:32.2886,7.7508,-0.0001,0.0100",91.591267,7.712924,32.100000,7.800000
1780475347.023995,,,0.250000,2,1,"0:n=2,raw=0,1,src=BOARD_2/0,BOARD_2/0",1,1,1,34,34,34,86,0,"34:32.2889,7.7535,0.0001,0.0102",91.591267,7.712924,32.100000,7.800000
1780475347.283327,,,0.250000,1,1,"0:n=1,raw=0,src=BOARD_2/0",1,1,1,34,34,34,87,0,"34:32.2931,7.7489,0.0024,0.0048",91.591267,7.712924,32.100000,7.800000
1780475347.664903,,,0.250000,1,1,"0:n=1,raw=0,src=BOARD_2/0",1,1,1,34,34,34,88,0,"34:32.2977,7.7437,0.0047,-0.0001",91.591267,7.712924,32.100000,7.800000
1780475347.888647,,,0.223744,2,1,"0:n=2,raw=0,1,src=BOARD_2/0,BOARD_2/0",1,1,1,34,34,34,89,0,"34:32.2963,7.7465,0.0033,0.0021",91.591267,7.712924,32.100000,7.800000
1780475348.342504,,,0.250000,2,1,"0:n=2,raw=0,1,src=BOARD_2/0,BOARD_2/0",1,1,1,34,34,34,90,0,"34:32.2981,7.7451,0.0035,0.0003",91.591267,7.712924,32.100000,7.800000
1780475348.603983,,,0.250000,1,1,"0:n=1,raw=0,src=BOARD_2/0",1,1,1,34,34,34,91,0,"34:32.3031,7.7383,0.0058,-0.0048",91.591267,7.712924,32.100000,7.800000
1780475348.892611,,,0.250000,2,1,"0:n=2,raw=0,1,src=BOARD_2/0,BOARD_2/0",1,1,1,34,34,34,92,0,"34:32.3055,7.7378,0.0063,-0.0043",91.591267,7.712924,32.100000,7.800000
1780475349.261118,,,0.250000,1,1,"0:n=1,raw=0,src=BOARD_2/0",1,1,1,34,34,34,93,0,"34:32.3048,7.7414,0.0050,-0.0007",91.591267,7.712924,32.100000,7.800000
1780475349.625943,,,0.250000,2,1,"0:n=2,raw=0,1,src=BOARD_2/0,BOARD_2/0",1,1,1,34,34,34,94,0,"34:32.3066,7.7494,0.0053,0.0055",91.591267,7.712924,32.100000,7.800000
1780475349.870307,,,0.244364,1,1,"0:n=1,raw=0,src=BOARD_2/0",1,1,1,34,34,34,95,0,"34:32.3116,7.7603,0.0074,0.0129",91.591267,7.712924,32.100000,7.800000
1780475350.253405,,,0.250000,2,1,"0:n=2,raw=0,1,src=BOARD_2/0,BOARD_2/0",1,1,1,34,34,34,96,0,"34:32.3206,7.7633,0.0115,0.0127",91.591267,7.712924,32.100000,7.800000
1780475350.534317,,,0.250000,1,1,"0:n=1,raw=0,src=BOARD_2/0",1,1,1,34,34,34,97,0,"34:32.3353,7.7567,0.0182,0.0051",91.591267,7.712924,32.100000,7.800000
1780475351.017683,,,0.250000,1,1,"0:n=1,raw=0,src=BOARD_2/0",1,1,1,34,34,34,98,0,"34:32.3541,7.7503,0.0241,-0.0013",91.591267,7.712924,32.100000,7.800000
1780475355.371666,,,0.250000,2,1,"0:n=2,raw=0,1,src=BOARD_2/0,BOARD_2/0",1,1,1,34,34,34,99,0,"34:30.7968,6.1811,-0.3928,-0.4288",91.591267,7.712924,32.100000,7.800000
1780475356.079367,,,0.250000,2,1,"0:n=2,raw=0,1,src=BOARD_2/0,BOARD_2/0",1,1,1,34,34,34,100,0,"34:30.5131,5.9281,-0.4011,-0.4129",89.979018,6.052488,31.100000,7.700000
1780475356.801584,,,0.250000,2,1,"0:n=2,raw=0,1,src=BOARD_2/0,BOARD_2/0",1,1,1,34,34,34,101,0,"34:30.2430,5.8211,-0.4049,-0.2900",89.692739,5.804240,30.600000,6.000000
1780475357.455154,,,0.247898,2,1,"0:n=2,raw=0,1,src=BOARD_2/0,BOARD_2/0",1,1,1,34,34,34,102,0,"34:30.1145,5.9683,-0.3350,-0.0580",89.421504,5.734153,30.300000,5.900000
1780475358.155690,,,0.250000,1,1,"0:n=1,raw=0,src=BOARD_2/0",1,1,1,34,34,34,103,0,"34:30.0990,6.0425,-0.2256,0.0209",89.313945,5.950893,30.000000,5.900000
1780475358.577340,,,0.219453,2,1,"0:n=2,raw=0,1,src=BOARD_2/0,BOARD_2/0",1,1,1,34,34,34,104,0,"34:30.0518,6.0521,-0.1974,0.0215",89.313945,5.950893,30.000000,5.900000
1780475359.146886,,,0.250000,2,1,"0:n=2,raw=0,1,src=BOARD_2/0,BOARD_2/0",1,1,1,34,34,34,105,0,"34:30.0312,6.0492,-0.1573,0.0118",89.313945,5.950893,30.000000,5.900000
1780475359.747908,,,0.250000,1,1,"0:n=1,raw=0,src=BOARD_2/0",1,1,1,34,34,34,106,0,"34:30.1507,6.0055,-0.0507,-0.0237",89.313945,5.950893,30.000000,5.900000
1780475360.011981,,,0.250000,1,1,"0:n=1,raw=0,src=BOARD_2/0",1,1,1,34,34,34,107,0,"34:30.1697,5.9938,-0.0320,-0.0284",89.313945,5.950893,30.000000,5.900000
1780475360.483946,,,0.250000,1,1,"0:n=1,raw=0,src=BOARD_2/0",1,1,1,34,34,34,108,0,"34:30.1464,5.9738,-0.0373,-0.0341",89.313945,5.950893,30.000000,5.900000
1780475361.247712,,,0.250000,2,1,"0:n=2,raw=0,1,src=BOARD_2/0,BOARD_2/0",1,1,1,34,34,34,109,0,"34:30.1131,5.9339,-0.0421,-0.0463",89.313945,5.950893,30.000000,5.900000
1780475361.808508,,,0.250000,2,1,"0:n=2,raw=0,1,src=BOARD_2/0,BOARD_2/0",1,1,1,34,34,34,110,0,"34:30.0531,5.8650,-0.0633,-0.0784",89.313945,5.950893,30.000000,5.900000
1780475362.529621,,,0.250000,1,1,"0:n=1,raw=0,src=BOARD_2/0",1,1,1,34,34,34,111,0,"34:29.9695,5.7653,-0.0852,-0.1122",89.313945,5.950893,30.000000,5.900000
1780475362.860373,,,0.250000,1,1,"0:n=1,raw=0,src=BOARD_2/0",1,1,1,34,34,34,112,0,"34:29.9325,5.7278,-0.0937,-0.1193",89.243934,5.731587,30.000000,5.900000
1780475363.075174,,,0.214801,1,1,"0:n=1,raw=0,src=BOARD_2/0",1,1,1,34,34,34,113,0,"34:29.9134,5.7044,-0.0931,-0.1175",89.243934,5.731587,30.000000,5.900000
1780475363.438732,,,0.250000,2,1,"0:n=2,raw=0,1,src=BOARD_2/0,BOARD_2/0",1,1,1,34,34,34,114,0,"34:29.8921,5.6764,-0.0919,-0.1163",89.243934,5.731587,30.000000,5.900000
1780475363.888836,,,0.247968,1,1,"0:n=1,raw=0,src=BOARD_2/0",1,1,1,34,34,34,115,0,"34:29.8669,5.6407,-0.0820,-0.1027",89.243934,5.731587,30.000000,5.900000
1780475364.225650,,,0.250000,2,1,"0:n=2,raw=0,1,src=BOARD_2/0,BOARD_2/0",1,1,1,34,34,34,116,0,"34:29.8554,5.6262,-0.0765,-0.0934",89.142285,5.609838,30.000000,5.900000
1780475364.552654,,,0.250000,1,1,"0:n=1,raw=0,src=BOARD_2/0",1,1,1,34,34,34,117,0,"34:29.8388,5.6117,-0.0748,-0.0856",89.142285,5.609838,30.000000,5.900000
1780475364.996741,,,0.238874,2,1,"0:n=2,raw=0,1,src=BOARD_2/0,BOARD_2/0",1,1,1,34,34,34,118,0,"34:29.8220,5.5903,-0.0638,-0.0708",89.142285,5.609838,29.700000,5.900000
1780475365.352711,,,0.250000,1,1,"0:n=1,raw=0,src=BOARD_2/0",1,1,1,34,34,34,119,0,"34:29.8223,5.5782,-0.0527,-0.0657",89.142285,5.609838,29.700000,5.900000
1780475365.620070,,,0.250000,2,1,"0:n=2,raw=0,1,src=BOARD_2/0,BOARD_2/0",1,1,1,34,34,34,120,0,"34:29.8232,5.5724,-0.0429,-0.0558",89.142285,5.609838,29.700000,5.900000
1780475365.852757,,,0.232686,1,1,"0:n=1,raw=0,src=BOARD_2/0",1,1,1,34,34,34,121,0,"34:29.8283,5.5750,-0.0321,-0.0410",89.142285,5.609838,29.700000,5.900000
1780475366.147381,,,0.250000,2,1,"0:n=2,raw=0,1,src=BOARD_2/0,BOARD_2/0",1,1,1,34,34,34,122,0,"34:29.8280,5.5682,-0.0265,-0.0377",89.142285,5.609838,29.700000,5.900000
1780475366.385212,,,0.237831,1,1,"0:n=1,raw=0,src=BOARD_2/0",1,1,1,34,34,34,123,0,"34:29.8242,5.5556,-0.0247,-0.0412",89.142285,5.609838,29.700000,5.900000
1780475366.666651,,,0.250000,2,1,"0:n=2,raw=0,1,src=BOARD_2/0,BOARD_2/0",1,1,1,34,34,34,124,0,"34:29.8233,5.5482,-0.0208,-0.0384",89.142285,5.609838,29.700000,5.900000
1780475366.995673,,,0.250000,1,1,"0:n=1,raw=0,src=BOARD_2/0",1,1,1,34,34,34,125,0,"34:29.8265,5.5468,-0.0146,-0.0305",89.142285,5.609838,29.700000,5.900000
1780475367.319476,,,0.250000,1,1,"0:n=1,raw=0,src=BOARD_2/0",1,1,1,34,34,34,126,0,"34:29.8296,5.5450,-0.0097,-0.0250",89.142285,5.609838,29.700000,5.900000
1780475367.532450,,,0.212974,1,1,"0:n=1,raw=0,src=BOARD_2/0",1,1,1,34,34,34,127,0,"34:29.8447,5.5398,0.0028,-0.0248",89.142285,5.609838,29.700000,5.900000
1780475367.842275,,,0.250000,1,1,"0:n=1,raw=0,src=BOARD_2/0",1,1,1,34,34,34,128,0,"34:29.8511,5.5340,0.0070,-0.0244",89.142285,5.609838,29.700000,5.900000
1780475368.138358,,,0.250000,2,1,"0:n=2,raw=0,1,src=BOARD_2/0,BOARD_2/0",1,1,1,34,34,34,129,0,"34:29.8388,5.5261,-0.0030,-0.0261",89.142285,5.609838,29.700000,5.900000
1780475368.583577,,,0.242393,2,1,"0:n=2,raw=0,1,src=BOARD_2/0,BOARD_2/0",1,1,1,34,34,34,130,0,"34:29.7934,5.5038,-0.0315,-0.0347",89.142285,5.609838,29.700000,5.900000
1780475368.815802,,,0.232224,1,1,"0:n=1,raw=0,src=BOARD_2/0",1,1,1,34,34,34,131,0,"34:29.7696,5.4864,-0.0421,-0.0425",89.142285,5.609838,29.700000,5.900000
1780475369.111878,,,0.250000,2,1,"0:n=2,raw=0,1,src=BOARD_2/0,BOARD_2/0",1,1,1,34,34,34,132,0,"34:29.7579,5.4769,-0.0429,-0.0415",89.056968,5.473683,29.700000,5.800000
1780475369.342913,,,0.231036,1,1,"0:n=1,raw=0,src=BOARD_2/0",1,1,1,34,34,34,133,0,"34:29.7588,5.4745,-0.0355,-0.0348",89.056968,5.473683,29.700000,5.800000
1780475369.658388,,,0.250000,2,1,"0:n=2,raw=0,1,src=BOARD_2/0,BOARD_2/0",1,1,1,34,34,34,134,0,"34:29.7568,5.4737,-0.0306,-0.0271",89.056968,5.473683,29.700000,5.400000
1780475369.961755,,,0.250000,1,1,"0:n=1,raw=0,src=BOARD_2/0",1,1,1,34,34,34,135,0,"34:29.7514,5.4765,-0.0289,-0.0178",89.056968,5.473683,29.700000,5.400000
1780475370.260160,,,0.250000,2,1,"0:n=2,raw=0,1,src=BOARD_2/0,BOARD_2/0",1,1,1,34,34,34,136,0,"34:29.7498,5.4782,-0.0249,-0.0119",89.056968,5.473683,29.700000,5.400000
1780475370.471775,,,0.211615,1,1,"0:n=1,raw=0,src=BOARD_2/0",1,1,1,34,34,34,137,0,"34:29.7529,5.4809,-0.0188,-0.0069",89.056968,5.473683,29.700000,5.400000
1780475370.721426,,,0.249651,2,1,"0:n=2,raw=0,1,src=BOARD_2/0,BOARD_2/0",1,1,1,34,34,34,138,0,"34:29.7585,5.4915,-0.0112,0.0050",89.056968,5.473683,29.700000,5.400000
1780475370.944787,,,0.223361,1,1,"0:n=1,raw=0,src=BOARD_2/0",1,1,1,34,34,34,139,0,"34:29.7681,5.5090,-0.0022,0.0209",89.056968,5.473683,29.700000,5.400000
1780475371.200939,,,0.250000,2,1,"0:n=2,raw=0,1,src=BOARD_2/0,BOARD_2/0",1,1,1,34,34,34,140,0,"34:29.7729,5.5220,0.0017,0.0285",89.056968,5.473683,29.700000,5.400000
1780475371.446591,,,0.245652,1,1,"0:n=1,raw=0,src=BOARD_2/0",1,1,1,34,34,34,141,0,"34:29.7736,5.5288,0.0019,0.0283",89.056968,5.473683,29.700000,5.400000
1780475371.775909,,,0.250000,1,1,"0:n=1,raw=0,src=BOARD_2/0",1,1,1,34,34,34,142,0,"34:29.7725,5.5324,0.0008,0.0250",89.056968,5.473683,29.700000,5.400000
1780475372.017188,,,0.241279,1,1,"0:n=1,raw=0,src=BOARD_2/0",1,1,1,34,34,34,143,0,"34:29.7778,5.5317,0.0046,0.0185",89.056968,5.473683,29.700000,5.400000
1780475372.310435,,,0.250000,2,1,"0:n=2,raw=0,1,src=BOARD_2/0,BOARD_2/0",1,1,1,34,34,34,144,0,"34:29.7789,5.5305,0.0045,0.0130",89.056968,5.473683,29.700000,5.400000
1780475372.569116,,,0.250000,1,1,"0:n=1,raw=0,src=BOARD_2/0",1,1,1,34,34,34,145,0,"34:29.7748,5.5292,0.0007,0.0086",89.056968,5.473683,29.700000,5.400000
1780475372.854539,,,0.250000,1,1,"0:n=1,raw=0,src=BOARD_2/0",1,1,1,34,34,34,146,0,"34:29.7700,5.5279,-0.0029,0.0053",89.056968,5.473683,29.700000,5.400000
1780475373.113775,,,0.250000,1,1,"0:n=1,raw=0,src=BOARD_2/0",1,1,1,34,34,34,147,0,"34:29.7725,5.5439,-0.0006,0.0193",89.056968,5.473683,29.700000,5.400000
1780475373.685005,,,0.250000,2,1,"0:n=2,raw=0,1,src=BOARD_2/0,BOARD_2/0",1,1,1,34,34,34,148,0,"34:29.7788,5.5587,0.0040,0.0247",89.056968,5.473683,29.700000,5.400000
1780475373.916740,,,0.231734,1,1,"0:n=1,raw=0,src=BOARD_2/0",1,1,1,34,34,34,149,0,"34:29.7879,5.5648,0.0097,0.0250",89.056968,5.473683,29.700000,5.400000
1780475374.203403,,,0.250000,2,1,"0:n=2,raw=0,1,src=BOARD_2/0,BOARD_2/0",1,1,1,34,34,34,150,0,"34:29.7927,5.6023,0.0113,0.0542",89.056968,5.473683,29.700000,5.400000
1780475374.446090,,,0.242687,1,1,"0:n=1,raw=0,src=BOARD_2/0",1,1,1,34,34,34,151,0,"34:29.7928,5.6715,0.0094,0.1073",89.096123,5.618601,29.700000,5.400000
1780475374.941158,,,0.250000,2,1,"0:n=2,raw=0,1,src=BOARD_2/0,BOARD_2/0",1,1,1,34,34,34,152,0,"34:29.8018,5.7866,0.0127,0.1669",89.096123,5.618601,29.700000,5.400000
1780475383.265898,,,0.220696,1,1,"0:n=1,raw=0,src=BOARD_2/0",1,1,1,34,34,34,153,0,"34:30.9917,6.4673,0.1831,0.0515",89.105638,5.836673,29.700000,5.900000
1780475384.010389,,,0.250000,1,1,"0:n=1,raw=0,src=BOARD_2/0",1,1,1,34,34,34,154,0,"34:30.9612,6.4054,0.1001,-0.0400",90.346658,6.482772,30.800000,5.900000
1780475384.541922,,,0.250000,2,1,"0:n=2,raw=0,1,src=BOARD_2/0,BOARD_2/0",1,1,1,34,34,34,155,0,"34:30.7985,6.2079,-0.0267,-0.1919",90.346658,6.482772,30.800000,6.400000
1780475385.066069,,,0.250000,2,1,"0:n=2,raw=0,1,src=BOARD_2/0,BOARD_2/0",1,1,1,34,34,34,156,0,"34:30.5308,5.9718,-0.1789,-0.3048",90.090524,6.150279,30.800000,6.400000
1780475385.605835,,,0.250000,2,1,"0:n=2,raw=0,1,src=BOARD_2/0,BOARD_2/0",1,1,1,34,34,34,157,0,"34:30.1384,5.7107,-0.3549,-0.3920",89.777100,5.880305,30.700000,6.100000
1780475386.338201,,,0.250000,2,1,"0:n=2,raw=0,1,src=BOARD_2/0,BOARD_2/0",1,1,1,34,34,34,158,0,"34:29.8585,5.4816,-0.3827,-0.3709",89.331948,5.593070,30.000000,5.600000
1780475386.904606,,,0.250000,1,1,"0:n=1,raw=0,src=BOARD_2/0",1,1,1,34,34,34,159,0,"34:29.6818,5.3548,-0.3850,-0.3374",89.043740,5.370306,30.000000,5.500000
1780475387.125321,,,0.220715,1,1,"0:n=1,raw=0,src=BOARD_2/0",1,1,1,34,34,34,160,0,"34:29.6081,5.3043,-0.3777,-0.3164",89.043740,5.370306,29.600000,5.300000
1780475392.573607,,,0.250000,1,1,"0:n=1,raw=0,src=BOARD_2/0",1,1,1,34,34,34,161,0,"34:29.6310,5.3288,0.0847,0.0946",88.794812,5.209407,29.300000,5.300000
1780475393.118303,,,0.250000,2,1,"0:n=2,raw=0,1,src=BOARD_2/0,BOARD_2/0",1,1,1,34,34,34,162,0,"34:29.6799,5.3507,0.0896,0.0770",88.956416,5.357222,29.300000,5.300000
1780475393.688249,,,0.250000,2,1,"0:n=2,raw=0,1,src=BOARD_2/0,BOARD_2/0",1,1,1,34,34,34,163,0,"34:29.6929,5.3815,0.0718,0.0732",88.956416,5.357222,29.300000,5.300000
1780475395.938208,,,0.228325,2,1,"0:n=2,raw=0,1,src=BOARD_2/0,BOARD_2/0",1,1,1,34,34,34,164,0,"34:29.6857,5.3845,0.0029,0.0004",88.956416,5.357222,29.300000,5.300000
1780475397.781670,,,0.217070,2,1,"0:n=2,raw=0,1,src=BOARD_2/0,BOARD_2/0",1,1,1,34,34,34,165,0,"34:29.6919,5.3778,0.0032,-0.0034",88.956416,5.357222,29.300000,5.300000
1780475398.203985,,,0.220397,2,1,"0:n=2,raw=0,1,src=BOARD_2/0,BOARD_2/0",1,1,1,34,34,34,166,0,"34:29.6978,5.3770,0.0055,-0.0030",88.956416,5.357222,29.300000,5.300000
1780475398.473981,,,0.250000,1,1,"0:n=1,raw=0,src=BOARD_2/0",1,1,1,34,34,34,167,0,"34:29.7060,5.3768,0.0096,-0.0025",88.956416,5.357222,29.300000,5.300000
1780475398.837813,,,0.250000,1,1,"0:n=1,raw=0,src=BOARD_2/0",1,1,1,34,34,34,168,0,"34:29.7127,5.3767,0.0125,-0.0019",88.956416,5.357222,29.300000,5.300000
1780475399.071484,,,0.233671,1,1,"0:n=1,raw=0,src=BOARD_2/0",1,1,1,34,34,34,169,0,"34:29.7104,5.3944,0.0087,0.0163",88.956416,5.357222,29.300000,5.300000
1780475399.353767,,,0.250000,2,1,"0:n=2,raw=0,1,src=BOARD_2/0,BOARD_2/0",1,1,1,34,34,34,170,0,"34:29.7024,5.3983,0.0010,0.0161",88.956416,5.357222,29.300000,5.300000
1780475399.569126,,,0.215359,1,1,"0:n=1,raw=0,src=BOARD_2/0",1,1,1,34,34,34,171,0,"34:29.6800,5.3867,-0.0160,0.0016",88.956416,5.357222,29.300000,5.300000
1780475399.891846,,,0.250000,1,1,"0:n=1,raw=0,src=BOARD_2/0",1,1,1,34,34,34,172,0,"34:29.6525,5.3751,-0.0335,-0.0098",88.956416,5.357222,29.300000,5.300000
1780475410.341563,,,0.250000,2,1,"0:n=2,raw=0,1,src=BOARD_2/0,BOARD_2/0",1,1,0,35,,34,1,0,"35:29.2796,5.5973,0.0000,0.0000",88.956416,5.357222,29.300000,5.300000
1780475410.897910,,,0.250000,2,1,"0:n=2,raw=0,1,src=BOARD_2/0,BOARD_2/0",1,1,0,35,,34,2,0,"35:29.2661,5.5640,-0.0196,-0.0482",88.956416,5.357222,29.300000,5.300000
1780475411.384027,,,0.250000,1,1,"0:n=1,raw=0,src=BOARD_2/0",1,1,1,35,35,35,3,0,"35:29.2531,5.5456,-0.0241,-0.0438",88.956416,5.357222,29.300000,5.300000
1780475411.664144,,,0.250000,1,1,"0:n=1,raw=0,src=BOARD_2/0",1,1,1,35,35,35,4,0,"35:29.2396,5.5283,-0.0312,-0.0511",88.545900,5.532429,29.300000,5.300000
1780475411.899699,,,0.235555,1,1,"0:n=1,raw=0,src=BOARD_2/0",1,1,1,35,35,35,5,0,"35:29.2270,5.5154,-0.0356,-0.0521",88.545900,5.532429,29.300000,5.300000
1780475412.309922,,,0.206994,1,1,"0:n=1,raw=0,src=BOARD_2/0",1,1,1,35,35,35,6,0,"35:29.2250,5.5131,-0.0262,-0.0340",88.545900,5.532429,29.100000,5.300000
1780475412.564812,,,0.250000,1,1,"0:n=1,raw=0,src=BOARD_2/0",1,1,1,35,35,35,7,0,"35:29.2244,5.5125,-0.0220,-0.0265",88.545900,5.532429,29.100000,5.300000
1780475415.480039,,,0.250000,1,1,"0:n=1,raw=0,src=BOARD_2/0",1,1,1,35,35,35,8,0,"35:30.4015,5.5570,0.4123,0.0205",88.545900,5.532429,29.100000,5.300000
1780475443.664900,,,0.250000,1,1,"0:n=1,raw=0,src=BOARD_2/0",1,1,0,36,,35,1,0,"36:30.0612,6.7615,0.0000,0.0000",89.825165,5.563098,30.400000,5.300000
1780475478.546345,,,0.250000,2,1,"0:n=2,raw=0,1,src=BOARD_2/4,BOARD_2/4",1,1,0,37,,35,1,0,"37:346.3465,7.6965,0.0000,0.0000",89.825165,5.563098,30.400000,5.300000
1780475479.220698,,,0.250000,1,1,"0:n=1,raw=0,src=BOARD_2/4",1,1,0,37,,35,2,0,"37:346.3498,7.6797,0.0040,-0.0204",89.825165,5.563098,30.400000,5.300000
1780475479.885304,,,0.250000,1,1,"0:n=1,raw=0,src=BOARD_2/4",1,1,1,37,37,37,3,0,"37:346.3310,7.6917,-0.0136,0.0050",89.825165,5.563098,30.400000,5.300000
1780475480.378153,,,0.250000,2,1,"0:n=2,raw=0,1,src=BOARD_2/4,BOARD_2/4",1,1,1,37,37,37,4,0,"37:346.3102,7.7102,-0.0240,0.0198",45.626919,7.693229,29.300000,5.400000
1780475484.464005,,,0.236729,2,1,"0:n=2,raw=0,1,src=BOARD_2/0,BOARD_2/0",1,2,0,37;38,,37,3;1,20;0,"37:346.2122,7.7911,-0.0240,0.0198;38:30.1318,5.9594,0.0000,0.0000",45.626919,7.693229,346.300000,7.700000
1780475556.223327,,,0.250000,1,1,"0:n=1,raw=0,src=BOARD_6/4",1,1,0,39,,37,1,0,"39:324.0307,50.6258,0.0000,0.0000",45.626919,7.693229,346.300000,7.700000
1780475556.752534,,,0.250000,1,1,"0:n=1,raw=0,src=BOARD_6/4",1,1,0,39,,37,2,0,"39:324.1984,50.5064,0.2431,-0.1731",45.626919,7.693229,346.300000,7.700000
1780475560.794254,,,0.250000,2,1,"0:n=2,raw=0,1,src=BOARD_2/0,BOARD_2/0",1,2,0,39;40,,37,1;1,19;0,"39:325.1445,49.8330,0.2431,-0.1731;40:31.0706,9.0188,0.0000,0.0000",45.626919,7.693229,346.300000,7.700000
1780475561.328668,,,0.250000,2,1,"0:n=2,raw=0,1,src=BOARD_2/0,BOARD_2/0",1,2,0,39;40,,37,0;2,21;0,"39:325.2541,49.7550,0.2431,-0.1731;40:31.1113,9.0442,0.0589,0.0369",45.626919,7.693229,346.300000,7.700000
1780475561.834985,,,0.250000,2,1,"0:n=2,raw=0,1,src=BOARD_2/0,BOARD_2/0",1,2,1,39;40,40,40,0;3,23;0,"39:325.3640,49.6768,0.2431,-0.1731;40:31.1514,9.0471,0.0738,0.0185",45.626919,7.693229,346.300000,7.700000
1780475562.457940,,,0.215085,2,1,"0:n=2,raw=0,1,src=BOARD_2/0,BOARD_2/0",1,2,1,39;40,40,40,0;4,26;0,"39:325.5155,49.5689,0.2431,-0.1731;40:31.1300,9.0194,0.0235,-0.0164",90.473544,9.052625,347.300000,7.800000
1780475564.415868,,,0.250000,1,1,"0:n=1,raw=0,src=BOARD_2/0",1,2,1,39;40,40,40,0;5,35;0,"39:325.9704,49.2451,0.2431,-0.1731;40:31.0680,8.9020,-0.0188,-0.0575",90.473544,9.052625,31.000000,9.000000
1780475568.623009,,,0.250000,1,1,"0:n=1,raw=0,src=BOARD_2/0",1,1,1,40,40,40,6,0,"40:30.9820,8.9674,-0.0209,0.0253",90.362351,8.884724,31.000000,9.000000
1780475570.399359,,,0.250000,1,1,"0:n=1,raw=0,src=BOARD_2/0",1,1,1,40,40,40,7,0,"40:30.9873,9.0160,-0.0027,0.0289",90.362351,8.884724,31.000000,9.000000
1780475571.164016,,,0.250000,2,1,"0:n=2,raw=0,1,src=BOARD_2/0,BOARD_2/0",1,1,1,40,40,40,8,0,"40:30.9832,9.0229,-0.0040,0.0201",90.286498,9.024624,31.000000,9.000000
1780475571.779468,,,0.211481,2,1,"0:n=2,raw=0,1,src=BOARD_2/0,BOARD_2/0",1,1,1,40,40,40,9,0,"40:30.9894,9.0431,0.0012,0.0263",90.286498,9.024624,31.000000,9.000000
1780475572.300228,,,0.250000,2,1,"0:n=2,raw=0,1,src=BOARD_2/0,BOARD_2/0",1,1,1,40,40,40,10,0,"40:31.0167,8.9825,0.0180,-0.0348",90.286498,9.024624,31.000000,9.000000
1780475572.986494,,,0.250000,1,1,"0:n=1,raw=0,src=BOARD_2/0",1,1,1,40,40,40,11,0,"40:30.9737,8.9177,-0.0161,-0.0683",90.286498,9.024624,31.000000,9.000000
1780475573.527809,,,0.250000,2,1,"0:n=2,raw=0,1,src=BOARD_2/0,BOARD_2/0",1,1,1,40,40,40,12,0,"40:30.8398,8.7656,-0.0889,-0.1563",90.268839,8.897190,31.000000,9.000000
1780475579.090700,,,0.250000,2,1,"0:n=2,raw=0,1,src=BOARD_2/0,BOARD_2/0",1,1,1,40,40,40,13,0,"40:30.6817,8.5609,-0.0168,-0.0037",90.113177,8.718722,30.900000,8.800000
1780475579.777371,,,0.250000,2,1,"0:n=2,raw=0,1,src=BOARD_2/0,BOARD_2/0",1,1,1,40,40,40,14,0,"40:30.6780,8.5891,-0.0138,0.0185",89.976635,8.559760,30.900000,8.800000
1780475580.494945,,,0.250000,2,1,"0:n=2,raw=0,1,src=BOARD_2/0,BOARD_2/0",1,1,1,40,40,40,15,0,"40:30.6889,8.5669,-0.0018,-0.0108",89.976635,8.559760,30.600000,8.800000
1780475581.052820,,,0.250000,2,1,"0:n=2,raw=0,1,src=BOARD_2/0,BOARD_2/0",1,1,1,40,40,40,16,0,"40:30.6892,8.5655,-0.0010,-0.0077",89.976635,8.559760,30.600000,8.800000
1780475581.738091,,,0.250000,1,1,"0:n=1,raw=0,src=BOARD_2/0",1,1,1,40,40,40,17,0,"40:30.6787,8.5787,-0.0073,0.0069",89.976635,8.559760,30.600000,8.800000
1780475582.191206,,,0.248833,2,1,"0:n=2,raw=0,1,src=BOARD_2/0,BOARD_2/0",1,1,1,40,40,40,18,0,"40:30.6772,8.5798,-0.0062,0.0053",89.976635,8.559760,30.600000,8.800000
1780475582.558753,,,0.250000,1,1,"0:n=1,raw=0,src=BOARD_2/0",1,1,1,40,40,40,19,0,"40:30.6828,8.5725,-0.0015,-0.0023",89.976635,8.559760,30.600000,8.800000
1780475582.973075,,,0.212927,2,1,"0:n=2,raw=0,1,src=BOARD_2/0,BOARD_2/0",1,1,1,40,40,40,20,0,"40:30.6817,8.5378,-0.0018,-0.0315",89.976635,8.559760,30.600000,8.800000
1780475583.209378,,,0.236303,1,1,"0:n=1,raw=0,src=BOARD_2/0",1,1,1,40,40,40,21,0,"40:30.6758,8.4951,-0.0054,-0.0624",89.976635,8.559760,30.600000,8.800000
1780475583.725775,,,0.250000,1,1,"0:n=1,raw=0,src=BOARD_2/0",1,1,1,40,40,40,22,0,"40:30.6431,8.4473,-0.0243,-0.0783",89.976635,8.559760,30.600000,8.800000
1780475584.952727,,,0.217628,1,1,"0:n=1,raw=0,src=BOARD_2/0",1,1,1,40,40,40,23,0,"40:30.5168,8.3150,-0.0705,-0.0991",89.935840,8.423857,30.600000,8.400000
1780475587.908628,,,0.250000,1,1,"0:n=1,raw=0,src=BOARD_2/0",1,1,1,40,40,40,24,0,"40:30.4168,8.2545,-0.0358,-0.0128",89.795624,8.285262,30.600000,8.400000
1780475588.441690,,,0.250000,2,1,"0:n=2,raw=0,1,src=BOARD_2/0,BOARD_2/0",1,1,1,40,40,40,25,0,"40:30.4235,8.2454,-0.0263,-0.0149",89.795624,8.285262,30.600000,8.400000
1780475589.108453,,,0.250000,2,1,"0:n=2,raw=0,1,src=BOARD_2/0,BOARD_2/0",1,1,1,40,40,40,26,0,"40:30.4312,8.2218,-0.0123,-0.0263",89.795624,8.285262,30.600000,8.400000
1780475589.804888,,,0.250000,2,1,"0:n=2,raw=0,1,src=BOARD_2/0,BOARD_2/0",1,1,1,40,40,40,27,0,"40:30.4301,8.2219,-0.0081,-0.0125",89.795624,8.285262,30.600000,8.400000
1780475590.594525,,,0.250000,2,1,"0:n=2,raw=0,1,src=BOARD_2/0,BOARD_2/0",1,1,1,40,40,40,28,0,"40:30.4389,8.2393,0.0005,0.0073",89.795624,8.285262,30.600000,8.400000
1780475591.212494,,,0.215455,2,1,"0:n=2,raw=0,1,src=BOARD_2/0,BOARD_2/0",1,1,1,40,40,40,29,0,"40:30.4591,8.2391,0.0124,0.0037",89.795624,8.285262,30.600000,8.400000
1780475594.573286,,,0.250000,1,1,"0:n=1,raw=0,src=BOARD_2/0",1,1,1,40,40,40,30,0,"40:30.4286,8.1757,-0.0102,-0.0228",89.795624,8.285262,30.600000,8.400000
1780475594.812288,,,0.239001,1,1,"0:n=1,raw=0,src=BOARD_2/0",1,1,1,40,40,40,31,0,"40:30.4202,8.1691,-0.0124,-0.0234",89.795624,8.285262,30.600000,8.400000
1780475595.301410,,,0.250000,2,1,"0:n=2,raw=0,1,src=BOARD_2/0,BOARD_2/0",1,1,1,40,40,40,32,0,"40:30.4226,8.1735,-0.0080,-0.0098",89.716465,8.162098,30.600000,8.300000
1780475595.900393,,,0.250000,2,1,"0:n=2,raw=0,1,src=BOARD_2/0,BOARD_2/0",1,1,1,40,40,40,33,0,"40:30.4145,8.1909,-0.0109,0.0104",89.716465,8.162098,30.400000,8.200000
1780475596.516275,,,0.212450,2,1,"0:n=2,raw=0,1,src=BOARD_2/0,BOARD_2/0",1,1,1,40,40,40,34,0,"40:30.4178,8.1931,-0.0044,0.0070",89.716465,8.162098,30.400000,8.200000
1780475596.899272,,,0.250000,2,1,"0:n=2,raw=0,1,src=BOARD_2/0,BOARD_2/0",1,1,1,40,40,40,35,0,"40:30.4167,8.1980,-0.0044,0.0097",89.716465,8.162098,30.400000,8.200000
1780475597.186965,,,0.250000,1,1,"0:n=1,raw=0,src=BOARD_2/0",1,1,1,40,40,40,36,0,"40:30.4106,8.2074,-0.0078,0.0161",89.716465,8.162098,30.400000,8.200000
1780475597.426399,,,0.239434,2,1,"0:n=2,raw=0,1,src=BOARD_2/0,BOARD_2/0",1,1,1,40,40,40,37,0,"40:30.4167,8.2095,-0.0021,0.0144",89.716465,8.162098,30.400000,8.200000
1780475597.658582,,,0.232183,1,1,"0:n=1,raw=0,src=BOARD_2/0",1,1,1,40,40,40,38,0,"40:30.4341,8.2071,0.0108,0.0089",89.716465,8.162098,30.400000,8.200000
1780475598.152995,,,0.250000,1,1,"0:n=1,raw=0,src=BOARD_2/0",1,1,1,40,40,40,39,0,"40:30.4294,8.1942,0.0040,-0.0066",89.716465,8.162098,30.400000,8.200000
1780475598.415734,,,0.250000,2,1,"0:n=2,raw=0,1,src=BOARD_2/0,BOARD_2/0",1,1,1,40,40,40,40,0,"40:30.4286,8.1908,0.0027,-0.0082",89.716465,8.162098,30.400000,8.200000
1780475598.677452,,,0.250000,1,1,"0:n=1,raw=0,src=BOARD_2/0",1,1,1,40,40,40,41,0,"40:30.4330,8.1967,0.0054,-0.0007",89.716465,8.162098,30.400000,8.200000
1780475598.978717,,,0.250000,2,1,"0:n=2,raw=0,1,src=BOARD_2/0,BOARD_2/0",1,1,1,40,40,40,42,0,"40:30.4346,8.1985,0.0055,0.0011",89.716465,8.162098,30.400000,8.200000
1780475599.252256,,,0.250000,1,1,"0:n=1,raw=0,src=BOARD_2/0",1,1,1,40,40,40,43,0,"40:30.4324,8.1953,0.0030,-0.0022",89.716465,8.162098,30.400000,8.200000
1780475599.527218,,,0.250000,2,1,"0:n=2,raw=0,1,src=BOARD_2/0,BOARD_2/0",1,1,1,40,40,40,44,0,"40:30.4337,8.1889,0.0034,-0.0078",89.716465,8.162098,30.400000,8.200000
1780475599.751434,,,0.224216,1,1,"0:n=1,raw=0,src=BOARD_2/0",1,1,1,40,40,40,45,0,"40:30.4393,8.1786,0.0068,-0.0159",89.716465,8.162098,30.400000,8.200000
1780475600.135360,,,0.250000,1,1,"0:n=1,raw=0,src=BOARD_2/0",1,1,1,40,40,40,46,0,"40:30.4436,8.1718,0.0087,-0.0186",89.716465,8.162098,30.400000,8.200000
1780475600.382003,,,0.246643,2,1,"0:n=2,raw=0,1,src=BOARD_2/0,BOARD_2/0",1,1,1,40,40,40,47,0,"40:30.4405,8.1603,0.0049,-0.0253",89.716465,8.162098,30.400000,8.200000
1780475600.841150,,,0.250000,1,1,"0:n=1,raw=0,src=BOARD_2/0",1,1,1,40,40,40,48,0,"40:30.4375,8.1470,0.0012,-0.0270",89.716465,8.162098,30.400000,8.200000
1780475602.185205,,,0.250000,1,1,"0:n=1,raw=0,src=BOARD_2/0",1,1,1,40,40,40,49,0,"40:30.4297,8.1961,-0.0038,0.0258",89.716465,8.162098,30.400000,8.200000
1780475602.885694,,,0.250000,1,1,"0:n=1,raw=0,src=BOARD_2/0",1,1,1,40,40,40,50,0,"40:30.4207,8.2039,-0.0073,0.0192",89.716465,8.162098,30.400000,8.200000
1780475603.369955,,,0.250000,2,1,"0:n=2,raw=0,1,src=BOARD_2/0,BOARD_2/0",1,1,1,40,40,40,51,0,"40:30.4277,8.1916,-0.0013,0.0020",89.716465,8.162098,30.400000,8.200000
1780475606.903671,,,0.250000,1,1,"0:n=1,raw=0,src=BOARD_2/0",1,1,1,40,40,40,52,0,"40:30.3956,8.1016,-0.0098,-0.0305",89.716465,8.162098,30.400000,8.200000
1780475610.182295,,,0.248929,1,1,"0:n=1,raw=0,src=BOARD_2/0",1,1,1,40,40,40,53,0,"40:30.2544,7.9385,-0.0440,-0.0525",89.716465,8.162098,30.400000,8.200000
1780475610.672822,,,0.250000,2,1,"0:n=2,raw=0,1,src=BOARD_2/0,BOARD_2/0",1,1,1,40,40,40,54,0,"40:30.2098,7.9124,-0.0527,-0.0537",89.541203,7.922692,30.400000,8.200000
1780475611.343285,,,0.250000,2,1,"0:n=2,raw=0,1,src=BOARD_2/0,BOARD_2/0",1,1,1,40,40,40,55,0,"40:30.1960,7.9044,-0.0416,-0.0317",89.541203,7.922692,30.400000,7.900000
1780475611.842916,,,0.250000,2,1,"0:n=2,raw=0,1,src=BOARD_2/0,BOARD_2/0",1,1,1,40,40,40,56,0,"40:30.1821,7.8863,-0.0386,-0.0350",89.541203,7.922692,30.400000,7.900000
1780475612.338147,,,0.250000,2,1,"0:n=2,raw=0,1,src=BOARD_2/0,BOARD_2/0",1,1,1,40,40,40,57,0,"40:30.1815,7.8882,-0.0274,-0.0196",89.541203,7.922692,30.400000,7.900000
1780475612.885717,,,0.250000,2,1,"0:n=2,raw=0,1,src=BOARD_2/0,BOARD_2/0",1,1,1,40,40,40,58,0,"40:30.1721,7.8782,-0.0254,-0.0206",89.541203,7.922692,30.400000,7.900000
1780475613.346523,,,0.250000,1,1,"0:n=1,raw=0,src=BOARD_2/0",1,1,1,40,40,40,59,0,"40:30.1645,7.8700,-0.0229,-0.0196",89.541203,7.922692,30.400000,7.900000
1780475613.559558,,,0.213035,1,1,"0:n=1,raw=0,src=BOARD_2/0",1,1,1,40,40,40,60,0,"40:30.1857,7.8776,-0.0054,-0.0092",89.541203,7.922692,30.400000,7.900000
1780475613.816161,,,0.250000,2,1,"0:n=2,raw=0,1,src=BOARD_2/0,BOARD_2/0",1,1,1,40,40,40,61,0,"40:30.1964,7.8864,0.0030,0.0013",89.541203,7.922692,30.400000,7.900000
1780475614.064344,,,0.248183,1,1,"0:n=1,raw=0,src=BOARD_2/0",1,1,1,40,40,40,62,0,"40:30.1983,7.8988,0.0038,0.0130",89.541203,7.922692,30.400000,7.900000
1780475614.325428,,,0.250000,1,1,"0:n=1,raw=0,src=BOARD_2/0",1,1,1,40,40,40,63,0,"40:30.1996,7.9089,0.0040,0.0198",89.541203,7.922692,30.400000,7.900000
1780475622.496901,,,0.250000,1,1,"0:n=1,raw=0,src=BOARD_2/0",1,1,1,40,40,40,64,0,"40:30.1711,7.8985,-0.0059,-0.0089",89.541203,7.922692,30.400000,7.900000
1780475627.832582,,,0.250000,2,1,"0:n=2,raw=0,1,src=BOARD_2/0,BOARD_2/0",1,1,1,40,40,40,65,0,"40:30.0626,7.6584,-0.0228,-0.0525",89.541203,7.922692,30.400000,7.900000
1780475631.545877,,,0.250000,1,1,"0:n=1,raw=0,src=BOARD_2/0",1,1,1,40,40,40,66,0,"40:30.0053,7.5940,-0.0149,-0.0120",89.355724,7.642673,30.000000,7.700000
1780475632.080199,,,0.250000,2,1,"0:n=2,raw=0,1,src=BOARD_2/0,BOARD_2/0",1,1,1,40,40,40,67,0,"40:30.0138,7.5796,-0.0079,-0.0190",89.355724,7.642673,30.000000,7.700000
1780475641.904358,,,0.250000,1,1,"0:n=1,raw=0,src=BOARD_2/0",1,1,1,40,40,40,68,0,"40:30.0312,7.6137,0.0047,0.0112",89.355724,7.642673,30.000000,7.700000
1780475642.532813,,,0.223375,1,1,"0:n=1,raw=0,src=BOARD_2/0",1,1,1,40,40,40,69,0,"40:30.0032,7.6298,-0.0136,0.0205",89.355724,7.642673,30.000000,7.700000
1780475643.123314,,,0.250000,2,1,"0:n=2,raw=0,1,src=BOARD_2/0,BOARD_2/0",1,1,1,40,40,40,70,0,"40:29.9895,7.6278,-0.0193,0.0090",89.355724,7.642673,30.000000,7.700000
1780475644.917111,,,0.250000,1,1,"0:n=1,raw=0,src=BOARD_2/0",1,1,1,40,40,40,71,0,"40:29.9992,7.6245,0.0009,-0.0009",89.355724,7.642673,30.000000,7.700000
1780475645.532513,,,0.211589,2,1,"0:n=2,raw=0,1,src=BOARD_2/0,BOARD_2/0",1,1,1,40,40,40,72,0,"40:30.0082,7.6003,0.0054,-0.0182",89.355724,7.642673,30.000000,7.700000
1780475647.553943,,,0.250000,1,1,"0:n=1,raw=0,src=BOARD_2/0",1,1,1,40,40,40,73,0,"40:30.0064,7.6280,0.0002,0.0135",89.355724,7.642673,30.000000,7.700000
1780475648.291169,,,0.250000,2,1,"0:n=2,raw=0,1,src=BOARD_2/0,BOARD_2/0",1,1,1,40,40,40,74,0,"40:30.0108,7.6267,0.0024,0.0060",89.355724,7.642673,30.000000,7.700000
1780475648.799516,,,0.250000,2,1,"0:n=2,raw=0,1,src=BOARD_2/0,BOARD_2/0",1,1,1,40,40,40,75,0,"40:30.0018,7.6388,-0.0035,0.0138",89.355724,7.642673,30.000000,7.700000
1780475649.371535,,,0.250000,2,1,"0:n=2,raw=0,1,src=BOARD_2/0,BOARD_2/0",1,1,1,40,40,40,76,0,"40:30.0034,7.6369,-0.0015,0.0068",89.355724,7.642673,30.000000,7.700000
1780475649.937266,,,0.250000,2,1,"0:n=2,raw=0,1,src=BOARD_2/0,BOARD_2/0",1,1,1,40,40,40,77,0,"40:30.0134,7.6222,0.0055,-0.0085",89.355724,7.642673,30.000000,7.700000
1780475650.464671,,,0.250000,2,1,"0:n=2,raw=0,1,src=BOARD_2/0,BOARD_2/0",1,1,1,40,40,40,78,0,"40:30.0101,7.6214,0.0017,-0.0060",89.355724,7.642673,30.000000,7.700000
1780475651.040474,,,0.250000,2,1,"0:n=2,raw=0,1,src=BOARD_2/0,BOARD_2/0",1,1,1,40,40,40,79,0,"40:30.0087,7.6273,0.0003,0.0013",89.355724,7.642673,30.000000,7.700000
1780475651.300148,,,0.250000,1,1,"0:n=1,raw=0,src=BOARD_2/0",1,1,1,40,40,40,80,0,"40:30.0107,7.6373,0.0016,0.0100",89.355724,7.642673,30.000000,7.700000
1780475651.611975,,,0.250000,2,1,"0:n=2,raw=0,1,src=BOARD_2/0,BOARD_2/0",1,1,1,40,40,40,81,0,"40:30.0089,7.6395,0.0001,0.0097",89.355724,7.642673,30.000000,7.700000
1780475651.907506,,,0.250000,1,1,"0:n=1,raw=0,src=BOARD_2/0",1,1,1,40,40,40,82,0,"40:30.0031,7.6373,-0.0040,0.0053",89.355724,7.642673,30.000000,7.700000
1780475652.180159,,,0.250000,2,1,"0:n=2,raw=0,1,src=BOARD_2/0,BOARD_2/0",1,1,1,40,40,40,83,0,"40:30.0017,7.6314,-0.0044,-0.0017",89.355724,7.642673,30.000000,7.700000
1780475652.402868,,,0.222709,1,1,"0:n=1,raw=0,src=BOARD_2/0",1,1,1,40,40,40,84,0,"40:30.0035,7.6210,-0.0023,-0.0113",89.355724,7.642673,30.000000,7.700000
1780475652.735109,,,0.250000,2,1,"0:n=2,raw=0,1,src=BOARD_2/0,BOARD_2/0",1,1,1,40,40,40,85,0,"40:30.0014,7.6194,-0.0035,-0.0101",89.355724,7.642673,30.000000,7.700000
1780475652.952742,,,0.217633,1,1,"0:n=1,raw=0,src=BOARD_2/0",1,1,1,40,40,40,86,0,"40:29.9950,7.6241,-0.0076,-0.0035",89.355724,7.642673,30.000000,7.700000
1780475653.321490,,,0.250000,2,1,"0:n=2,raw=0,1,src=BOARD_2/0,BOARD_2/0",1,1,1,40,40,40,87,0,"40:29.9930,7.6264,-0.0077,-0.0004",89.355724,7.642673,30.000000,7.700000
1780475653.633423,,,0.250000,1,1,"0:n=1,raw=0,src=BOARD_2/0",1,1,1,40,40,40,88,0,"40:29.9948,7.6248,-0.0049,-0.0018",89.355724,7.642673,30.000000,7.700000
1780475654.112573,,,0.250000,1,1,"0:n=1,raw=0,src=BOARD_2/0",1,1,1,40,40,40,89,0,"40:29.9965,7.6235,-0.0021,-0.0023",89.355724,7.642673,30.000000,7.700000
1780475664.047069,,,0.214832,1,1,"0:n=1,raw=0,src=BOARD_2/0",1,1,1,40,40,40,90,0,"40:29.7773,7.2935,-0.0288,-0.0450",89.355724,7.642673,30.000000,7.700000
1780475670.624343,,,0.250000,1,1,"0:n=1,raw=0,src=BOARD_2/0",1,1,1,40,40,40,91,0,"40:29.7837,7.2833,0.0064,0.0073",89.068678,7.280037,29.600000,7.200000
1780475679.650551,,,0.250000,1,1,"0:n=1,raw=0,src=BOARD_2/0",1,1,1,40,40,40,92,0,"40:29.7404,7.2657,-0.0078,-0.0046",89.068678,7.280037,29.600000,7.200000
1780475680.311112,,,0.250000,2,1,"0:n=2,raw=0,1,src=BOARD_2/0,BOARD_2/0",1,1,1,40,40,40,93,0,"40:29.7516,7.2487,0.0017,-0.0186",89.068678,7.280037,29.600000,7.200000
1780475680.813195,,,0.250000,2,1,"0:n=2,raw=0,1,src=BOARD_2/0,BOARD_2/0",1,1,1,40,40,40,94,0,"40:29.7453,7.2517,-0.0035,-0.0073",89.068678,7.280037,29.600000,7.200000
1780475681.861549,,,0.233716,1,1,"0:n=1,raw=0,src=BOARD_2/0",1,1,1,40,40,40,95,0,"40:29.7471,7.2703,-0.0002,0.0110",89.068678,7.280037,29.600000,7.200000
1780475682.505097,,,0.235079,1,1,"0:n=1,raw=0,src=BOARD_2/0",1,1,1,40,40,40,96,0,"40:29.7598,7.2687,0.0072,0.0045",89.068678,7.280037,29.600000,7.200000
1780475683.144816,,,0.237973,2,1,"0:n=2,raw=0,1,src=BOARD_2/0,BOARD_2/0",1,1,1,40,40,40,97,0,"40:29.7539,7.2524,0.0010,-0.0105",89.068678,7.280037,29.600000,7.200000
1780475747.115142,,,0.250000,1,1,"0:n=1,raw=0,src=BOARD_2/0",1,1,0,41,,40,1,0,"41:29.8698,7.4306,0.0000,0.0000",89.068678,7.280037,29.600000,7.200000
1780475747.418676,,,0.250000,1,1,"0:n=1,raw=0,src=BOARD_2/0",1,1,0,41,,40,2,0,"41:29.8698,7.4306,0.0000,0.0000",89.068678,7.280037,29.600000,7.200000
1780475747.708688,,,0.250000,2,1,"0:n=2,raw=0,1,src=BOARD_2/0,BOARD_2/0",1,1,1,41,41,41,3,0,"41:29.8698,7.4306,0.0000,0.0000",89.068678,7.280037,29.600000,7.200000
1780475748.166171,,,0.250000,2,1,"0:n=2,raw=0,1,src=BOARD_2/0,BOARD_2/0",1,1,1,41,41,41,4,0,"41:29.8698,7.4306,0.0000,0.0000",89.169798,7.430625,29.600000,7.200000
1780475748.436374,,,0.250000,1,1,"0:n=1,raw=0,src=BOARD_2/0",1,1,1,41,41,41,5,0,"41:29.8698,7.4306,0.0000,0.0000",89.169798,7.430625,29.600000,7.200000
1780475748.754066,,,0.250000,2,1,"0:n=2,raw=0,1,src=BOARD_2/0,BOARD_2/0",1,1,1,41,41,41,6,0,"41:29.8698,7.4306,0.0000,0.0000",89.169798,7.430625,29.600000,7.200000
1780475750.095944,,,0.250000,1,1,"0:n=1,raw=0,src=BOARD_2/0",1,1,1,41,41,41,7,0,"41:29.8973,7.3988,0.0149,-0.0204",89.169798,7.430625,29.600000,7.200000
1780475750.574089,,,0.250000,2,1,"0:n=2,raw=0,1,src=BOARD_2/0,BOARD_2/0",1,1,1,41,41,41,8,0,"41:29.9027,7.4016,0.0142,-0.0114",89.169798,7.430625,29.600000,7.200000
1780475750.792120,,,0.218031,1,1,"0:n=1,raw=0,src=BOARD_2/0",1,1,1,41,41,41,9,0,"41:29.8982,7.4106,0.0097,-0.0017",89.169798,7.430625,29.600000,7.200000
1780475751.077399,,,0.250000,1,1,"0:n=1,raw=0,src=BOARD_2/0",1,1,1,41,41,41,10,0,"41:29.8958,7.4201,0.0066,0.0077",89.169798,7.430625,29.600000,7.200000
1780475751.754444,,,0.250000,1,1,"0:n=1,raw=0,src=BOARD_2/0",1,1,1,41,41,41,11,0,"41:29.8834,7.4099,-0.0044,-0.0052",89.169798,7.430625,29.600000,7.200000
1780475754.291212,,,0.250000,1,1,"0:n=1,raw=0,src=BOARD_2/0",1,1,1,41,41,41,12,0,"41:29.8762,7.3676,-0.0030,-0.0177",89.169798,7.430625,29.600000,7.200000
1780475754.710594,,,0.217650,2,1,"0:n=2,raw=0,1,src=BOARD_2/0,BOARD_2/0",1,1,1,41,41,41,13,0,"41:29.8641,7.3778,-0.0082,-0.0048",89.169798,7.430625,29.600000,7.200000
1780475782.237649,,,0.250000,2,1,"0:n=2,raw=0,1,src=BOARD_2/0,BOARD_2/0",1,1,0,42,,41,1,0,"42:30.6628,8.5925,0.0000,0.0000",89.169798,7.430625,29.600000,7.200000
1780475782.861784,,,0.217382,1,1,"0:n=1,raw=0,src=BOARD_2/0",1,1,0,42,,41,2,0,"42:30.7862,8.6712,0.1544,0.0984",89.169798,7.430625,29.600000,7.200000
1780475783.479753,,,0.209949,1,1,"0:n=1,raw=0,src=BOARD_2/0",1,1,1,42,42,42,3,0,"42:30.8366,8.7385,0.1173,0.1047",89.169798,7.430625,29.600000,7.200000
1780475786.337831,,,0.230346,1,1,"0:n=1,raw=0,src=BOARD_2/0",1,1,1,42,42,42,4,0,"42:30.9887,8.9357,0.0627,0.0700",90.171793,8.769932,30.700000,8.700000
1780475786.876701,,,0.250000,2,1,"0:n=2,raw=0,1,src=BOARD_2/0,BOARD_2/0",1,1,1,42,42,42,5,0,"42:30.9960,8.9563,0.0533,0.0617",90.307559,8.956679,30.700000,8.700000
1780475787.387081,,,0.250000,2,1,"0:n=2,raw=0,1,src=BOARD_2/0,BOARD_2/0",1,1,1,42,42,42,6,0,"42:31.0051,8.9291,0.0448,0.0141",90.307559,8.956679,30.700000,8.700000
1780475788.124400,,,0.250000,2,1,"0:n=2,raw=0,1,src=BOARD_2/0,BOARD_2/0",1,1,1,42,42,42,7,0,"42:31.0039,8.9284,0.0257,0.0060",90.307559,8.956679,30.700000,8.700000
1780475788.892135,,,0.250000,2,1,"0:n=2,raw=0,1,src=BOARD_2/0,BOARD_2/0",1,1,1,42,42,42,8,0,"42:30.9855,8.9486,0.0041,0.0186",90.307559,8.956679,30.700000,8.700000
1780475789.534714,,,0.234662,1,1,"0:n=1,raw=0,src=BOARD_2/0",1,1,1,42,42,42,9,0,"42:30.9817,8.9282,0.0003,-0.0063",90.307559,8.956679,30.700000,8.700000
1780475789.735008,,,0.200295,1,1,"0:n=1,raw=0,src=BOARD_2/0",1,1,1,42,42,42,10,0,"42:30.9798,8.9185,-0.0010,-0.0133",90.307559,8.956679,30.700000,8.700000
1780475790.222041,,,0.250000,2,1,"0:n=2,raw=0,1,src=BOARD_2/0,BOARD_2/0",1,1,1,42,42,42,11,0,"42:30.9878,8.9199,0.0047,-0.0067",90.307559,8.956679,30.700000,8.700000
1780475790.775573,,,0.250000,2,1,"0:n=2,raw=0,1,src=BOARD_2/0,BOARD_2/0",1,1,1,42,42,42,12,0,"42:30.9882,8.9089,0.0035,-0.0136",90.307559,8.956679,30.700000,8.700000
1780475791.217838,,,0.237497,1,1,"0:n=1,raw=0,src=BOARD_2/0",1,1,1,42,42,42,13,0,"42:30.9881,8.9023,0.0024,-0.0142",90.307559,8.956679,30.700000,8.700000
1780475791.533555,,,0.250000,2,1,"0:n=2,raw=0,1,src=BOARD_2/0,BOARD_2/0",1,1,1,42,42,42,14,0,"42:30.9793,8.9123,-0.0039,-0.0020",90.307559,8.956679,30.700000,8.700000
1780475792.026463,,,0.250000,2,1,"0:n=2,raw=0,1,src=BOARD_2/0,BOARD_2/0",1,1,1,42,42,42,15,0,"42:30.9753,8.9181,-0.0053,0.0038",90.307559,8.956679,30.700000,8.700000
1780475792.281801,,,0.250000,1,1,"0:n=1,raw=0,src=BOARD_2/0",1,1,1,42,42,42,16,0,"42:30.9771,8.9173,-0.0032,0.0022",90.307559,8.956679,30.700000,8.700000
1780475792.588356,,,0.250000,2,1,"0:n=2,raw=0,1,src=BOARD_2/0,BOARD_2/0",1,1,1,42,42,42,17,0,"42:30.9749,8.9212,-0.0042,0.0054",90.307559,8.956679,30.700000,8.700000
1780475792.822946,,,0.234590,1,1,"0:n=1,raw=0,src=BOARD_2/0",1,1,1,42,42,42,18,0,"42:30.9687,8.9300,-0.0079,0.0125",90.307559,8.956679,30.700000,8.700000
1780475793.098576,,,0.250000,2,1,"0:n=2,raw=0,1,src=BOARD_2/0,BOARD_2/0",1,1,1,42,42,42,19,0,"42:30.9672,8.9324,-0.0076,0.0119",90.307559,8.956679,30.700000,8.700000
1780475793.405388,,,0.250000,1,1,"0:n=1,raw=0,src=BOARD_2/0",1,1,1,42,42,42,20,0,"42:30.9694,8.9304,-0.0045,0.0070",90.307559,8.956679,30.700000,8.700000
1780475793.704197,,,0.250000,2,1,"0:n=2,raw=0,1,src=BOARD_2/0,BOARD_2/0",1,1,1,42,42,42,21,0,"42:30.9761,8.9330,0.0012,0.0079",90.307559,8.956679,30.700000,8.700000
1780475793.968536,,,0.250000,1,1,"0:n=1,raw=0,src=BOARD_2/0",1,1,1,42,42,42,22,0,"42:30.9862,8.9410,0.0083,0.0136",90.307559,8.956679,30.700000,8.700000
1780475795.002245,,,0.227453,1,1,"0:n=1,raw=0,src=BOARD_2/0",1,1,1,42,42,42,23,0,"42:31.0009,8.9161,0.0119,-0.0141",90.307559,8.956679,30.700000,8.700000
1780475795.679693,,,0.250000,1,1,"0:n=1,raw=0,src=BOARD_2/0",1,1,1,42,42,42,24,0,"42:30.9981,8.9200,0.0058,-0.0043",90.307559,8.956679,30.700000,8.700000
1780475796.363510,,,0.250000,2,1,"0:n=2,raw=0,1,src=BOARD_2/0,BOARD_2/0",1,1,1,42,42,42,25,0,"42:31.0035,8.8862,0.0067,-0.0280",90.307559,8.956679,30.700000,8.700000
1780475797.170742,,,0.250000,2,1,"0:n=2,raw=0,1,src=BOARD_2/0,BOARD_2/0",1,1,1,42,42,42,26,0,"42:30.9980,8.9107,0.0010,0.0051",90.307559,8.956679,30.700000,8.700000
1780475797.768103,,,0.250000,2,1,"0:n=2,raw=0,1,src=BOARD_2/0,BOARD_2/0",1,1,1,42,42,42,27,0,"42:31.0016,8.8896,0.0029,-0.0140",90.307559,8.956679,30.700000,8.700000
1780475798.414980,,,0.244561,2,1,"0:n=2,raw=0,1,src=BOARD_2/0,BOARD_2/0",1,1,1,42,42,42,28,0,"42:30.9964,8.8859,-0.0014,-0.0097",90.307559,8.956679,30.700000,8.700000
1780475799.012894,,,0.250000,2,1,"0:n=2,raw=0,1,src=BOARD_2/0,BOARD_2/0",1,1,1,42,42,42,29,0,"42:31.0003,8.8990,0.0014,0.0046",90.307559,8.956679,30.700000,8.700000
1780475799.540274,,,0.250000,2,1,"0:n=2,raw=0,1,src=BOARD_2/0,BOARD_2/0",1,1,1,42,42,42,30,0,"42:30.9960,8.8987,-0.0017,0.0026",90.307559,8.956679,30.700000,8.700000
1780475800.089902,,,0.250000,2,1,"0:n=2,raw=0,1,src=BOARD_2/0,BOARD_2/0",1,1,1,42,42,42,31,0,"42:30.9998,8.8853,0.0012,-0.0097",90.307559,8.956679,30.700000,8.700000
1780475800.758850,,,0.250000,2,1,"0:n=2,raw=0,1,src=BOARD_2/0,BOARD_2/0",1,1,1,42,42,42,32,0,"42:30.9952,8.8855,-0.0021,-0.0046",90.307559,8.956679,30.700000,8.700000
1780475801.167729,,,0.208798,2,1,"0:n=2,raw=0,1,src=BOARD_2/0,BOARD_2/0",1,1,1,42,42,42,33,0,"42:30.9949,8.8807,-0.0018,-0.0069",90.307559,8.956679,30.700000,8.700000
1780475801.489104,,,0.250000,1,1,"0:n=1,raw=0,src=BOARD_2/0",1,1,1,42,42,42,34,0,"42:30.9986,8.8718,0.0010,-0.0133",90.307559,8.956679,30.700000,8.700000
1780475801.768666,,,0.250000,2,1,"0:n=2,raw=0,1,src=BOARD_2/0,BOARD_2/0",1,1,1,42,42,42,35,0,"42:30.9993,8.8725,0.0012,-0.0095",90.307559,8.956679,30.700000,8.700000
1780475802.044393,,,0.250000,1,1,"0:n=1,raw=0,src=BOARD_2/0",1,1,1,42,42,42,36,0,"42:30.9965,8.8787,-0.0010,-0.0012",90.307559,8.956679,30.700000,8.700000
1780475802.327502,,,0.250000,2,1,"0:n=2,raw=0,1,src=BOARD_2/0,BOARD_2/0",1,1,1,42,42,42,37,0,"42:30.9959,8.8819,-0.0012,0.0022",90.307559,8.956679,30.700000,8.700000
1780475802.586835,,,0.250000,1,1,"0:n=1,raw=0,src=BOARD_2/0",1,1,1,42,42,42,38,0,"42:30.9988,8.8808,0.0011,0.0006",90.307559,8.956679,30.700000,8.700000
1780475802.851776,,,0.250000,2,1,"0:n=2,raw=0,1,src=BOARD_2/0,BOARD_2/0",1,1,1,42,42,42,39,0,"42:30.9994,8.8844,0.0013,0.0038",90.307559,8.956679,30.700000,8.700000
1780475803.089144,,,0.237367,1,1,"0:n=1,raw=0,src=BOARD_2/0",1,1,1,42,42,42,40,0,"42:30.9967,8.8930,-0.0009,0.0112",90.307559,8.956679,30.700000,8.700000
1780475803.462807,,,0.250000,1,1,"0:n=1,raw=0,src=BOARD_2/0",1,1,1,42,42,42,41,0,"42:30.9930,8.8986,-0.0034,0.0139",90.307559,8.956679,30.700000,8.700000
1780475806.499817,,,0.205884,1,1,"0:n=1,raw=0,src=BOARD_2/0",1,1,1,42,42,42,42,0,"42:30.9860,8.9163,-0.0022,0.0046",90.307559,8.956679,30.700000,8.700000
1780475814.986472,,,0.250000,1,1,"0:n=1,raw=0,src=BOARD_2/0",1,1,1,42,42,42,43,0,"42:33.6381,12.7034,0.4078,0.6017",90.307559,8.956679,30.700000,8.700000
1780475815.579386,,,0.250000,2,1,"0:n=2,raw=0,1,src=BOARD_2/0,BOARD_2/0",1,1,1,42,42,42,44,0,"42:33.9760,13.2488,0.4846,0.8767",93.060442,12.883868,30.700000,8.700000
1780475816.979548,,,0.250000,2,1,"0:n=2,raw=0,1,src=BOARD_3/0,BOARD_3/0",1,1,1,42,42,42,45,0,"42:33.1574,15.2249,-0.2614,1.4090",93.421349,13.511777,34.100000,12.900000
1780475817.418944,,,0.235534,2,1,"0:n=2,raw=0,1,src=BOARD_3/0,BOARD_3/0",1,1,1,42,42,42,46,0,"42:33.0151,15.8140,-0.2760,1.3884",92.379023,15.647635,33.100000,13.000000
1780475817.987002,,,0.250000,2,1,"0:n=2,raw=0,1,src=BOARD_3/0,BOARD_3/0",1,1,1,42,42,42,47,0,"42:33.1598,16.3245,-0.1331,1.3040",92.232313,16.230516,33.100000,13.000000
1780475819.394770,,,0.250000,1,1,"0:n=1,raw=0,src=BOARD_3/0",1,1,1,42,42,42,48,0,"42:33.5711,15.5444,0.1420,-0.1372",92.419859,16.715701,33.100000,16.800000
1780475821.147627,,,0.250000,2,1,"0:n=2,raw=0,1,src=BOARD_2/0,BOARD_2/0",1,1,1,42,42,42,49,0,"42:36.7158,14.0651,1.2401,-0.7213",92.913672,15.503224,33.500000,15.500000
1780475828.975685,,,0.250000,2,1,"0:n=2,raw=0,1,src=BOARD_2/0,BOARD_2/0",1,1,1,42,42,42,50,0,"42:41.0841,12.4348,0.4318,-0.0635",96.387846,13.848669,37.000000,13.800000
1780475829.653691,,,0.250000,1,1,"0:n=1,raw=0,src=BOARD_2/0",1,1,1,42,42,42,51,0,"42:40.5530,12.4474,0.1663,-0.0294",100.513586,12.415735,38.000000,13.800000
1780475830.107418,,,0.250000,1,1,"0:n=1,raw=0,src=BOARD_2/0",1,1,1,42,42,42,52,0,"42:40.2723,12.4818,0.0029,0.0072",99.902871,12.438544,38.000000,12.600000
1780475830.377375,,,0.250000,1,1,"0:n=1,raw=0,src=BOARD_2/0",1,1,1,42,42,42,53,0,"42:39.9116,12.4618,-0.1869,-0.0104",99.573166,12.483920,38.000000,12.400000
1780475831.165037,,,0.250000,1,1,"0:n=1,raw=0,src=BOARD_2/0",1,1,1,42,42,42,54,0,"42:39.2574,12.4224,-0.4886,-0.0343",99.155497,12.458683,38.000000,12.400000
1780475853.530893,,,0.250000,2,1,"0:n=2,raw=0,1,src=BOARD_2/0,BOARD_2/0",1,1,0,43,,42,1,0,"43:35.2747,11.6060,0.0000,0.0000",98.410801,12.412127,39.100000,12.400000
1780475854.053754,,,0.250000,2,1,"0:n=2,raw=0,1,src=BOARD_2/0,BOARD_2/0",1,1,0,43,,42,2,0,"43:35.2747,11.5691,0.0000,-0.0533",98.410801,12.412127,39.100000,12.400000
1780475854.615023,,,0.250000,1,1,"0:n=1,raw=0,src=BOARD_2/0",1,1,1,43,43,43,3,0,"43:35.2255,11.5122,-0.0503,-0.0908",98.410801,12.412127,39.100000,12.400000
1780475855.261916,,,0.245190,2,1,"0:n=2,raw=0,1,src=BOARD_2/0,BOARD_2/0",1,1,1,43,43,43,4,0,"43:35.1081,11.3328,-0.1082,-0.1864",94.510416,11.484912,38.000000,12.400000
1780475855.853043,,,0.250000,2,1,"0:n=2,raw=0,1,src=BOARD_2/0,BOARD_2/0",1,1,1,43,43,43,5,0,"43:35.0420,11.2291,-0.1181,-0.2001",94.375601,11.276921,35.200000,11.500000
1780475856.440063,,,0.250000,2,1,"0:n=2,raw=0,1,src=BOARD_2/0,BOARD_2/0",1,1,1,43,43,43,6,0,"43:34.9979,11.1742,-0.1134,-0.1762",94.375601,11.276921,35.200000,11.500000
1780475857.006468,,,0.250000,1,1,"0:n=1,raw=0,src=BOARD_2/0",1,1,1,43,43,43,7,0,"43:35.0432,11.1530,-0.0655,-0.1366",94.263856,11.121338,35.200000,11.400000
1780475857.607095,,,0.250000,2,1,"0:n=2,raw=0,1,src=BOARD_2/0,BOARD_2/0",1,1,1,43,43,43,8,0,"43:35.0844,11.1564,-0.0308,-0.0923",94.263856,11.121338,34.800000,11.100000
1780475858.272275,,,0.250000,2,1,"0:n=2,raw=0,1,src=BOARD_2/0,BOARD_2/0",1,1,1,43,43,43,9,0,"43:35.1467,11.1888,0.0089,-0.0314",94.263856,11.121338,34.800000,11.100000
1780475858.845617,,,0.250000,2,1,"0:n=2,raw=0,1,src=BOARD_2/0,BOARD_2/0",1,1,1,43,43,43,10,0,"43:35.1864,11.1996,0.0261,-0.0149",94.263856,11.121338,34.800000,11.100000
1780475859.371413,,,0.250000,2,1,"0:n=2,raw=0,1,src=BOARD_2/0,BOARD_2/0",1,1,1,43,43,43,11,0,"43:35.2995,11.2684,0.0756,0.0359",94.494234,11.195160,34.800000,11.100000
1780475860.211387,,,0.231990,2,1,"0:n=2,raw=0,1,src=BOARD_2/0,BOARD_2/0",1,1,1,43,43,43,12,0,"43:35.4217,11.3212,0.1034,0.0500",94.494234,11.195160,35.000000,11.100000
1780475860.806021,,,0.250000,2,1,"0:n=2,raw=0,1,src=BOARD_2/0,BOARD_2/0",1,1,1,43,43,43,13,0,"43:35.5136,11.3699,0.1247,0.0666",94.752705,11.336165,35.000000,11.200000
1780475861.216620,,,0.210032,2,1,"0:n=2,raw=0,1,src=BOARD_2/0,BOARD_2/0",1,1,1,43,43,43,14,0,"43:35.5911,11.3950,0.1374,0.0651",94.752705,11.336165,35.300000,11.300000
1780475861.522138,,,0.250000,1,1,"0:n=1,raw=0,src=BOARD_2/0",1,1,1,43,43,43,15,0,"43:35.6428,11.3974,0.1461,0.0553",94.752705,11.336165,35.300000,11.300000
1780475861.798509,,,0.250000,1,1,"0:n=1,raw=0,src=BOARD_2/0",1,1,1,43,43,43,16,0,"43:35.6882,11.4002,0.1507,0.0471",94.986617,11.413964,35.300000,11.300000
1780475862.023047,,,0.224538,1,1,"0:n=1,raw=0,src=BOARD_2/0",1,1,1,43,43,43,17,0,"43:35.7073,11.3869,0.1428,0.0287",94.986617,11.413964,35.300000,11.300000
1780475862.387432,,,0.250000,2,1,"0:n=2,raw=0,1,src=BOARD_2/0,BOARD_2/0",1,1,1,43,43,43,18,0,"43:35.7306,11.3833,0.1358,0.0203",94.986617,11.413964,35.600000,11.300000
1780475862.687298,,,0.250000,1,1,"0:n=1,raw=0,src=BOARD_2/0",1,1,1,43,43,43,19,0,"43:35.7538,11.3901,0.1297,0.0216",94.986617,11.413964,35.600000,11.300000
1780475863.013738,,,0.250000,2,1,"0:n=2,raw=0,1,src=BOARD_2/0,BOARD_2/0",1,1,1,43,43,43,20,0,"43:35.7596,11.3911,0.1143,0.0181",94.986617,11.413964,35.600000,11.300000
1780475863.363267,,,0.250000,1,1,"0:n=1,raw=0,src=BOARD_2/0",1,1,1,43,43,43,21,0,"43:35.7449,11.3843,0.0891,0.0093",94.986617,11.413964,35.600000,11.300000
1780475863.789132,,,0.220858,2,1,"0:n=2,raw=0,1,src=BOARD_2/0,BOARD_2/0",1,1,1,43,43,43,22,0,"43:35.7450,11.3966,0.0675,0.0155",94.986617,11.413964,35.600000,11.300000
1780475864.325019,,,0.250000,2,1,"0:n=2,raw=0,1,src=BOARD_2/0,BOARD_2/0",1,1,1,43,43,43,23,0,"43:35.7228,11.3915,0.0386,0.0068",94.986617,11.413964,35.600000,11.300000
1780475864.726263,,,0.250000,2,1,"0:n=2,raw=0,1,src=BOARD_2/0,BOARD_2/0",1,1,1,43,43,43,24,0,"43:35.7023,11.3793,0.0222,-0.0032",94.986617,11.413964,35.600000,11.300000
1780475864.966281,,,0.240018,1,1,"0:n=1,raw=0,src=BOARD_2/0",1,1,1,43,43,43,25,0,"43:35.6939,11.3608,0.0147,-0.0162",94.986617,11.413964,35.600000,11.300000
1780475865.189115,,,0.222835,2,1,"0:n=2,raw=0,1,src=BOARD_2/0,BOARD_2/0",1,1,1,43,43,43,26,0,"43:35.6821,11.3534,0.0064,-0.0191",94.986617,11.413964,35.600000,11.300000
1780475865.476064,,,0.250000,1,1,"0:n=1,raw=0,src=BOARD_2/0",1,1,1,43,43,43,27,0,"43:35.6664,11.3548,-0.0033,-0.0143",94.986617,11.413964,35.600000,11.300000
1780475865.887198,,,0.208624,2,1,"0:n=2,raw=0,1,src=BOARD_2/0,BOARD_2/0",1,1,1,43,43,43,28,0,"43:35.6440,11.3481,-0.0151,-0.0149",94.986617,11.413964,35.600000,11.300000
1780475866.120326,,,0.233127,1,1,"0:n=1,raw=0,src=BOARD_2/0",1,1,1,43,43,43,29,0,"43:35.6199,11.3364,-0.0266,-0.0211",94.986617,11.413964,35.600000,11.300000
1780475866.459383,,,0.250000,2,1,"0:n=2,raw=0,1,src=BOARD_2/0,BOARD_2/0",1,1,1,43,43,43,30,0,"43:35.5920,11.3320,-0.0387,-0.0205",94.986617,11.413964,35.600000,11.300000
1780475866.690246,,,0.230862,1,1,"0:n=1,raw=0,src=BOARD_2/0",1,1,1,43,43,43,31,0,"43:35.5621,11.3364,-0.0506,-0.0134",94.986617,11.413964,35.600000,11.300000
1780475866.975511,,,0.250000,2,1,"0:n=2,raw=0,1,src=BOARD_2/0,BOARD_2/0",1,1,1,43,43,43,32,0,"43:35.5378,11.3348,-0.0573,-0.0120",94.986617,11.413964,35.600000,11.300000
1780475867.378954,,,0.250000,1,1,"0:n=1,raw=0,src=BOARD_2/0",1,1,1,43,43,43,33,0,"43:35.5228,11.3256,-0.0577,-0.0169",94.986617,11.413964,35.600000,11.300000
1780475867.634488,,,0.250000,2,1,"0:n=2,raw=0,1,src=BOARD_2/0,BOARD_2/0",1,1,1,43,43,43,34,0,"43:35.5142,11.3241,-0.0543,-0.0148",94.986617,11.413964,35.600000,11.300000
1780475867.892960,,,0.250000,1,1,"0:n=1,raw=0,src=BOARD_2/0",1,1,1,43,43,43,35,0,"43:35.5136,11.3320,-0.0468,-0.0057",94.986617,11.413964,35.600000,11.300000
1780475868.263449,,,0.250000,2,1,"0:n=2,raw=0,1,src=BOARD_2/0,BOARD_2/0",1,1,1,43,43,43,36,0,"43:35.5132,11.3827,-0.0403,0.0347",94.986617,11.413964,35.600000,11.300000
1780475868.552224,,,0.250000,1,1,"0:n=1,raw=0,src=BOARD_2/0",1,1,1,43,43,43,37,0,"43:35.5116,11.4820,-0.0354,0.1047",94.986617,11.413964,35.600000,11.300000
1780475868.937697,,,0.250000,2,1,"0:n=2,raw=0,1,src=BOARD_2/0,BOARD_2/0",1,1,1,43,43,43,38,0,"43:35.5206,11.5945,-0.0252,0.1713",94.986617,11.413964,35.600000,11.300000
1780475869.486241,,,0.250000,2,1,"0:n=2,raw=0,1,src=BOARD_2/0,BOARD_2/0",1,1,1,43,43,43,39,0,"43:35.5181,11.7960,-0.0202,0.2626",94.813052,11.645852,35.600000,11.400000
1780475870.095132,,,0.204521,1,1,"0:n=1,raw=0,src=BOARD_2/0",1,1,1,43,43,43,40,0,"43:35.5027,12.0966,-0.0218,0.3578",94.811992,11.874760,35.600000,11.600000
1780475870.354703,,,0.250000,1,1,"0:n=1,raw=0,src=BOARD_2/0",1,1,1,43,43,43,41,0,"43:35.4944,12.2253,-0.0233,0.3850",94.796123,12.203919,35.600000,11.900000
1780475872.875444,,,0.250000,2,1,"0:n=2,raw=0,1,src=BOARD_3/0,BOARD_3/0",1,1,1,43,43,43,42,0,"43:32.6782,14.5359,-0.9817,0.9296",94.787354,12.340822,35.600000,12.300000
1780475884.890932,,,0.250000,1,1,"0:n=1,raw=0,src=BOARD_3/0",1,1,0,44,,43,1,0,"44:31.8731,15.7000,0.0000,0.0000",91.683684,14.814827,32.300000,14.800000
1780475885.395647,,,0.250000,1,1,"0:n=1,raw=0,src=BOARD_3/0",1,1,0,44,,43,2,0,"44:31.8808,15.7707,0.0111,0.1022",91.683684,14.814827,32.300000,14.800000
1780475886.369493,,,0.250000,1,1,"0:n=1,raw=0,src=BOARD_3/0",1,1,1,44,44,44,3,0,"44:31.8472,15.7443,-0.0214,0.0083",91.683684,14.814827,32.300000,14.800000
1780475892.265371,,,0.222014,1,1,"0:n=1,raw=0,src=BOARD_3/0",1,1,1,44,44,44,4,0,"44:31.8780,17.1705,0.0062,0.2805",91.140805,15.746752,31.800000,15.800000
1780475892.515521,,,0.250000,2,1,"0:n=2,raw=0,1,src=BOARD_3/0,BOARD_3/0",1,1,1,44,44,44,5,0,"44:31.8904,17.1990,0.0089,0.2624",91.179855,17.254626,31.800000,15.800000
1780475892.743690,,,0.228169,1,1,"0:n=1,raw=0,src=BOARD_3/0",1,1,1,44,44,44,6,0,"44:31.9058,17.2054,0.0136,0.2244",91.179855,17.254626,31.800000,15.800000
1780475893.109475,,,0.250000,2,1,"0:n=2,raw=0,1,src=BOARD_3/0,BOARD_3/0",1,1,1,44,44,44,7,0,"44:31.9122,17.2132,0.0150,0.1809",91.179855,17.254626,31.800000,16.900000
1780475893.650967,,,0.250000,3,1,"0:n=3,raw=0,1,2,src=BOARD_3/0,BOARD_3/0,BOARD_3/0",1,1,1,44,44,44,8,0,"44:31.9026,17.2110,0.0052,0.1068",91.179855,17.254626,31.800000,17.200000
1780475894.133479,,,0.250000,2,1,"0:n=2,raw=0,1,src=BOARD_3/0,BOARD_3/0",1,1,1,44,44,44,9,0,"44:31.8782,17.1887,-0.0110,0.0515",91.179855,17.254626,31.800000,17.200000
1780475894.555192,,,0.218586,1,1,"0:n=1,raw=0,src=BOARD_3/0",1,1,1,44,44,44,10,0,"44:31.8514,17.1824,-0.0238,0.0312",91.179855,17.254626,31.800000,17.200000
1780475895.570357,,,0.204130,2,1,"0:n=2,raw=0,1,src=BOARD_3/0,BOARD_3/0",1,1,1,44,44,44,11,0,"44:31.8696,17.1250,-0.0033,-0.0217",91.179855,17.254626,31.800000,17.200000
1780475896.031059,,,0.250000,2,1,"0:n=2,raw=0,1,src=BOARD_3/0,BOARD_3/0",1,1,1,44,44,44,12,0,"44:31.8672,17.1131,-0.0037,-0.0230",91.168592,17.118452,31.800000,17.200000
1780475896.342676,,,0.250000,3,1,"0:n=3,raw=0,1,2,src=BOARD_3/0,BOARD_3/0,BOARD_3/0",1,1,1,44,44,44,13,0,"44:31.8734,17.0969,-0.0003,-0.0300",91.168592,17.118452,31.800000,17.200000
1780475896.754234,,,0.209294,2,1,"0:n=2,raw=0,1,src=BOARD_3/0,BOARD_3/0",1,1,1,44,44,44,14,0,"44:31.8901,17.0648,0.0081,-0.0439",91.168592,17.118452,31.800000,17.200000
1780475897.007536,,,0.250000,1,1,"0:n=1,raw=0,src=BOARD_3/0",1,1,1,44,44,44,15,0,"44:31.9098,17.0358,0.0173,-0.0572",91.168592,17.118452,31.800000,17.200000
1780475897.235435,,,0.227899,2,1,"0:n=2,raw=0,1,src=BOARD_3/0,BOARD_3/0",1,1,1,44,44,44,16,0,"44:31.9206,17.0217,0.0210,-0.0580",91.168592,17.118452,31.800000,17.200000
1780475897.456423,,,0.220987,1,1,"0:n=1,raw=0,src=BOARD_3/0",1,1,1,44,44,44,17,0,"44:31.9234,17.0181,0.0199,-0.0508",91.168592,17.118452,31.800000,17.200000
1780475897.682213,,,0.225791,2,1,"0:n=2,raw=0,1,src=BOARD_3/0,BOARD_3/0",1,1,1,44,44,44,18,0,"44:31.9303,17.0098,0.0213,-0.0483",91.168592,17.118452,31.800000,17.200000
1780475898.173034,,,0.250000,2,1,"0:n=2,raw=0,1,src=BOARD_3/0,BOARD_3/0",1,1,1,44,44,44,19,0,"44:31.9397,16.9817,0.0212,-0.0532",91.236731,16.995301,31.800000,17.200000
1780475898.616185,,,0.242399,1,1,"0:n=1,raw=0,src=BOARD_3/0",1,1,1,44,44,44,20,0,"44:31.9365,16.9547,0.0142,-0.0557",91.236731,16.995301,31.800000,17.000000
1780475898.845748,,,0.229563,2,1,"0:n=2,raw=0,1,src=BOARD_3/0,BOARD_3/0",1,1,1,44,44,44,21,0,"44:31.9462,16.9663,0.0177,-0.0380",91.236731,16.995301,31.800000,17.000000
1780475899.161181,,,0.250000,2,1,"0:n=2,raw=0,1,src=BOARD_3/0,BOARD_3/0",1,1,1,44,44,44,22,0,"44:31.9437,16.9727,0.0139,-0.0261",91.236731,16.995301,31.800000,17.000000
1780475899.553774,,,0.250000,3,1,"0:n=3,raw=0,1,2,src=BOARD_3/0,BOARD_3/0,BOARD_3/0",1,1,1,44,44,44,23,0,"44:31.9358,16.9640,0.0076,-0.0278",91.236731,16.995301,31.800000,17.000000
1780475899.941199,,,0.250000,2,1,"0:n=2,raw=0,1,src=BOARD_3/0,BOARD_3/0",1,1,1,44,44,44,24,0,"44:31.9310,16.9962,0.0038,0.0023",91.236731,16.995301,31.800000,17.000000
1780475900.481958,,,0.250000,2,1,"0:n=2,raw=0,1,src=BOARD_3/0,BOARD_3/0",1,1,1,44,44,44,25,0,"44:31.9071,17.1845,-0.0104,0.1415",91.236731,16.995301,31.800000,17.000000
1780475901.010610,,,0.250000,1,1,"0:n=1,raw=0,src=BOARD_3/0",1,1,1,44,44,44,26,0,"44:31.8934,17.3196,-0.0152,0.1919",91.203918,17.226941,31.800000,17.000000
1780475901.400904,,,0.250000,1,1,"0:n=1,raw=0,src=BOARD_3/0",1,1,1,44,44,44,27,0,"44:31.8798,17.3856,-0.0205,0.2048",91.188832,17.377154,31.800000,17.200000
1780475901.832710,,,0.226763,1,1,"0:n=1,raw=0,src=BOARD_3/0",1,1,1,44,44,44,28,0,"44:31.8796,17.5648,-0.0159,0.2694",91.188832,17.377154,31.800000,17.200000
1780475905.016757,,,0.250000,2,1,"0:n=2,raw=0,1,src=BOARD_3/0,BOARD_3/0",1,1,1,44,44,44,29,0,"44:31.9107,19.7301,0.0087,0.7336",91.174884,17.645631,31.800000,17.600000
1780475905.533446,,,0.250000,1,1,"0:n=1,raw=0,src=BOARD_3/0",1,1,1,44,44,44,30,0,"44:31.8874,19.9089,-0.0007,0.6557",91.213285,19.950145,31.800000,17.700000
1780475905.861189,,,0.250000,2,1,"0:n=2,raw=0,1,src=BOARD_3/0,BOARD_3/0",1,1,1,44,44,44,31,0,"44:31.8952,19.9356,0.0024,0.5683",91.187213,20.105655,31.800000,18.800000
1780475917.223062,,,0.250000,1,1,"0:n=1,raw=0,src=BOARD_3/0",1,1,0,45,,44,1,0,"45:25.0098,16.8733,0.0000,0.0000",91.187213,20.105655,31.800000,20.000000
1780475917.572961,,,0.250000,2,1,"0:n=2,raw=0,1,src=BOARD_3/0,BOARD_3/0",1,1,0,45,,44,2,0,"45:25.0011,16.8484,-0.0129,-0.0372",91.187213,20.105655,31.800000,20.000000
1780475918.176548,,,0.250000,1,1,"0:n=1,raw=0,src=BOARD_3/0",1,1,1,45,45,45,3,0,"45:24.9606,16.7803,-0.0552,-0.1062",91.187213,20.105655,31.800000,20.000000
1780475918.486510,,,0.250000,1,1,"0:n=1,raw=0,src=BOARD_3/0",1,1,1,45,45,45,4,0,"45:24.9282,16.7460,-0.0739,-0.1151",84.244034,16.748419,31.800000,20.000000
1780475920.234268,,,0.250000,2,1,"0:n=2,raw=0,1,src=BOARD_3/1,BOARD_3/1",1,1,1,45,45,45,5,0,"45:24.9904,16.2052,0.0066,-0.2875",84.244034,16.748419,24.800000,16.800000
1780475920.783077,,,0.250000,2,1,"0:n=2,raw=0,1,src=BOARD_3/1,BOARD_3/1",1,1,1,45,45,45,6,0,"45:25.0014,16.0315,0.0099,-0.3119",84.292347,16.118967,24.800000,16.800000
1780475921.250138,,,0.250000,2,1,"0:n=2,raw=0,1,src=BOARD_3/1,BOARD_3/1",1,1,1,45,45,45,7,0,"45:25.0440,15.9343,0.0265,-0.2841",84.304420,15.937963,24.800000,16.800000
1780475921.751885,,,0.250000,1,1,"0:n=1,raw=0,src=BOARD_3/1",1,1,1,45,45,45,8,0,"45:25.0861,15.8934,0.0403,-0.2242",84.304420,15.937963,24.800000,16.100000
1780475922.215642,,,0.250000,2,1,"0:n=2,raw=0,1,src=BOARD_3/1,BOARD_3/1",1,1,1,45,45,45,9,0,"45:25.1312,15.9070,0.0534,-0.1444",84.304420,15.937963,24.800000,16.100000
1780475922.780500,,,0.250000,1,1,"0:n=1,raw=0,src=BOARD_3/1",1,1,1,45,45,45,10,0,"45:25.1558,15.9536,0.0535,-0.0663",84.304420,15.937963,24.800000,16.100000
1780475923.113311,,,0.250000,3,1,"0:n=3,raw=0,1,2,src=BOARD_3/1,BOARD_3/1,BOARD_3/1",1,1,1,45,45,45,11,0,"45:25.1421,15.9978,0.0397,-0.0231",84.304420,15.937963,24.800000,16.100000
1780475923.685318,,,0.250000,2,1,"0:n=2,raw=0,1,src=BOARD_3/1,BOARD_3/1",1,1,1,45,45,45,12,0,"45:25.1487,16.0214,0.0338,0.0012",84.304420,15.937963,24.800000,16.100000
1780475924.160717,,,0.250000,2,1,"0:n=2,raw=0,1,src=BOARD_3/1,BOARD_3/1",1,1,1,45,45,45,13,0,"45:25.1078,16.0202,0.0044,-0.0000",84.304420,15.937963,24.800000,16.100000
1780475924.612510,,,0.249031,2,1,"0:n=2,raw=0,1,src=BOARD_3/1,BOARD_3/1",1,1,1,45,45,45,14,0,"45:25.1058,16.0323,0.0023,0.0083",84.304420,15.937963,24.800000,16.100000
1780475925.004487,,,0.250000,2,1,"0:n=2,raw=0,1,src=BOARD_3/1,BOARD_3/1",1,1,1,45,45,45,15,0,"45:25.0932,16.0235,-0.0046,0.0007",84.304420,15.937963,24.800000,16.100000
1780475925.389332,,,0.250000,2,1,"0:n=2,raw=0,1,src=BOARD_3/1,BOARD_3/1",1,1,1,45,45,45,16,0,"45:25.0957,16.0308,-0.0026,0.0059",84.304420,15.937963,24.800000,16.100000
1780475925.830743,,,0.238782,1,1,"0:n=1,raw=0,src=BOARD_3/1",1,1,1,45,45,45,17,0,"45:25.0876,16.0212,-0.0064,-0.0030",84.304420,15.937963,24.800000,16.100000
1780475926.078284,,,0.247541,2,1,"0:n=2,raw=0,1,src=BOARD_3/1,BOARD_3/1",1,1,1,45,45,45,18,0,"45:25.0881,16.0215,-0.0053,-0.0022",84.304420,15.937963,24.800000,16.100000
1780475926.284014,,,0.205730,1,1,"0:n=1,raw=0,src=BOARD_3/1",1,1,1,45,45,45,19,0,"45:25.0964,16.0331,-0.0001,0.0068",84.304420,15.937963,24.800000,16.100000
1780475926.495682,,,0.211668,2,1,"0:n=2,raw=0,1,src=BOARD_3/1,BOARD_3/1",1,1,1,45,45,45,20,0,"45:25.1003,16.0378,0.0021,0.0093",84.304420,15.937963,24.800000,16.100000
1780475926.702735,,,0.207053,1,1,"0:n=1,raw=0,src=BOARD_3/1",1,1,1,45,45,45,21,0,"45:25.0986,16.0347,0.0008,0.0054",84.304420,15.937963,24.800000,16.100000
1780475926.992510,,,0.250000,2,1,"0:n=2,raw=0,1,src=BOARD_3/1,BOARD_3/1",1,1,1,45,45,45,22,0,"45:25.0923,16.0256,-0.0030,-0.0032",84.304420,15.937963,24.800000,16.100000
1780475927.400339,,,0.206942,2,1,"0:n=2,raw=0,1,src=BOARD_3/1,BOARD_3/1",1,1,1,45,45,45,23,0,"45:25.0852,16.0157,-0.0064,-0.0099",84.304420,15.937963,24.800000,16.100000
1780475927.992878,,,0.250000,3,1,"0:n=3,raw=0,1,2,src=BOARD_3/1,BOARD_3/1,BOARD_3/1",1,1,1,45,45,45,24,0,"45:25.0768,16.0054,-0.0095,-0.0142",84.304420,15.937963,24.800000,16.100000
1780475928.470984,,,0.250000,3,1,"0:n=3,raw=0,1,2,src=BOARD_3/1,BOARD_3/1,BOARD_3/1",1,1,1,45,45,45,25,0,"45:25.0502,15.9144,-0.0215,-0.0735",84.304420,15.937963,24.800000,16.100000
1780475934.614352,,,0.250000,2,1,"0:n=2,raw=0,1,src=BOARD_3/1,BOARD_3/1",1,1,1,45,45,45,26,0,"45:16.5296,14.6718,-1.6273,-0.2364",84.304420,15.937963,24.800000,16.100000
1780475937.923592,,,0.250000,1,1,"0:n=1,raw=0,src=BOARD_3/2",1,1,1,45,45,45,27,0,"45:8.2989,16.2365,-2.4222,0.5239",75.341417,14.600918,15.900000,14.600000
1780475938.521378,,,0.250000,1,1,"0:n=1,raw=0,src=BOARD_3/2",1,1,1,45,45,45,28,0,"45:7.5209,16.3994,-2.3152,0.4861",66.872233,16.393630,14.900000,14.700000
1780475938.890629,,,0.250000,1,1,"0:n=1,raw=0,src=BOARD_3/2",1,1,1,45,45,45,29,0,"45:7.2931,16.4260,-2.1737,0.4242",66.126311,16.545268,14.900000,16.000000
1780475939.708833,,,0.212235,2,1,"0:n=2,raw=0,1,src=BOARD_3/2,BOARD_3/2",1,1,1,45,45,45,30,0,"45:6.6835,16.5114,-1.5906,0.2440",66.126311,16.545268,7.400000,16.400000
1780475944.480409,,,0.250000,2,1,"0:n=2,raw=0,1,src=BOARD_3/2,BOARD_3/2",1,1,1,45,45,45,31,0,"45:7.3541,16.5849,0.2468,-0.0213",65.506341,16.584586,6.200000,16.400000
1780475944.959600,,,0.250000,2,1,"0:n=2,raw=0,1,src=BOARD_3/2,BOARD_3/2",1,1,1,45,45,45,32,0,"45:7.6690,16.6166,0.3086,-0.0000",66.728101,16.578551,7.300000,16.400000
1780475945.448155,,,0.250000,1,1,"0:n=1,raw=0,src=BOARD_3/2",1,1,1,45,45,45,33,0,"45:7.8619,16.6191,0.3306,0.0018",67.061533,16.616549,7.300000,16.400000
1780475945.923807,,,0.250000,1,1,"0:n=1,raw=0,src=BOARD_3/2",1,1,1,45,45,45,34,0,"45:7.9626,16.6404,0.3066,0.0173",67.061533,16.616549,7.600000,16.400000
1780475946.169847,,,0.246040,2,1,"0:n=2,raw=0,1,src=BOARD_3/2,BOARD_3/2",1,1,1,45,45,45,35,0,"45:7.9929,16.6611,0.2827,0.0300",67.354575,16.645636,7.600000,16.400000
1780475946.624369,,,0.250000,2,1,"0:n=2,raw=0,1,src=BOARD_3/2,BOARD_3/2",1,1,1,45,45,45,36,0,"45:8.0429,16.6777,0.2394,0.0323",67.354575,16.645636,7.600000,16.400000
1780475946.851604,,,0.227235,1,1,"0:n=1,raw=0,src=BOARD_3/2",1,1,1,45,45,45,37,0,"45:8.0267,16.6715,0.1995,0.0221",67.354575,16.645636,7.900000,16.400000
1780475947.197461,,,0.250000,2,1,"0:n=2,raw=0,1,src=BOARD_3/2,BOARD_3/2",1,1,1,45,45,45,38,0,"45:8.0097,16.6730,0.1610,0.0191",67.354575,16.645636,7.900000,16.400000
1780475947.419661,,,0.222200,2,1,"0:n=2,raw=0,1,src=BOARD_3/2,BOARD_3/2",1,1,1,45,45,45,39,0,"45:7.9805,16.6821,0.1233,0.0228",67.354575,16.645636,7.900000,16.400000
1780475947.731664,,,0.250000,2,1,"0:n=2,raw=0,1,src=BOARD_3/2,BOARD_3/2",1,1,1,45,45,45,40,0,"45:7.9651,16.7041,0.0961,0.0356",67.354575,16.645636,7.900000,16.400000
1780475948.104566,,,0.250000,1,1,"0:n=1,raw=0,src=BOARD_3/2",1,1,1,45,45,45,41,0,"45:7.9477,16.7250,0.0717,0.0451",67.354575,16.645636,7.900000,16.400000
1780475948.339238,,,0.234673,1,1,"0:n=1,raw=0,src=BOARD_3/2",1,1,1,45,45,45,42,0,"45:7.9258,16.7458,0.0489,0.0531",67.354575,16.645636,7.900000,16.400000
1780475948.641220,,,0.250000,2,1,"0:n=2,raw=0,1,src=BOARD_3/2,BOARD_3/2",1,1,1,45,45,45,43,0,"45:7.9111,16.7555,0.0331,0.0504",67.354575,16.645636,7.900000,16.400000
1780475949.166868,,,0.250000,2,1,"0:n=2,raw=0,1,src=BOARD_3/2,BOARD_3/2",1,1,1,45,45,45,44,0,"45:7.8994,16.7620,0.0179,0.0382",67.221005,16.770651,7.900000,16.400000
1780475949.596104,,,0.227371,2,1,"0:n=2,raw=0,1,src=BOARD_3/2,BOARD_3/2",1,1,1,45,45,45,45,0,"45:7.8703,16.7632,-0.0022,0.0273",67.221005,16.770651,7.900000,16.400000
1780475949.992595,,,0.250000,3,1,"0:n=3,raw=0,1,2,src=BOARD_3/2,BOARD_3/2,BOARD_3/2",1,1,1,45,45,45,46,0,"45:7.8443,16.7444,-0.0160,0.0089",67.221005,16.770651,7.900000,16.400000
1780475950.448264,,,0.250000,3,1,"0:n=3,raw=0,1,2,src=BOARD_3/2,BOARD_3/2,BOARD_3/2",1,1,1,45,45,45,47,0,"45:7.8294,16.7102,-0.0201,-0.0185",67.221005,16.770651,7.900000,16.400000
1780475950.879786,,,0.231365,3,1,"0:n=3,raw=0,1,2,src=BOARD_3/2,BOARD_3/2,BOARD_3/2",1,1,1,45,45,45,48,0,"45:7.8182,16.6621,-0.0215,-0.0467",67.221005,16.770651,7.900000,16.400000
1780475951.271698,,,0.250000,2,1,"0:n=2,raw=0,1,src=BOARD_3/2,BOARD_3/2",1,1,1,45,45,45,49,0,"45:7.8271,16.6321,-0.0139,-0.0598",67.111747,16.648111,7.900000,16.400000
1780475951.734426,,,0.250000,2,1,"0:n=2,raw=0,1,src=BOARD_3/2,BOARD_3/2",1,1,1,45,45,45,50,0,"45:7.8351,16.6051,-0.0064,-0.0598",67.111747,16.648111,7.900000,16.400000
1780475952.027982,,,0.250000,1,1,"0:n=1,raw=0,src=BOARD_3/2",1,1,1,45,45,45,51,0,"45:7.8335,16.5839,-0.0064,-0.0643",67.111747,16.648111,7.900000,16.400000
1780475952.254485,,,0.226503,3,1,"0:n=3,raw=0,1,2,src=BOARD_3/2,BOARD_3/2,BOARD_3/2",1,1,1,45,45,45,52,0,"45:7.8388,16.5564,-0.0028,-0.0739",67.111747,16.648111,7.900000,16.400000
1780475952.837572,,,0.250000,1,1,"0:n=1,raw=0,src=BOARD_3/2",1,1,1,45,45,45,53,0,"45:7.8485,16.5112,0.0032,-0.0826",67.111747,16.648111,7.900000,16.400000
1780475953.070566,,,0.232994,1,1,"0:n=1,raw=0,src=BOARD_3/2",1,1,1,45,45,45,54,0,"45:7.8668,16.4792,0.0128,-0.0921",67.149422,16.486398,7.900000,16.400000
1780475953.352730,,,0.250000,2,1,"0:n=2,raw=0,1,src=BOARD_3/2,BOARD_3/2",1,1,1,45,45,45,55,0,"45:7.8867,16.4473,0.0220,-0.0988",67.149422,16.486398,7.900000,16.400000
1780475953.852417,,,0.250000,2,1,"0:n=2,raw=0,1,src=BOARD_3/2,BOARD_3/2",1,1,1,45,45,45,56,0,"45:7.8984,16.4052,0.0230,-0.0969",67.149422,16.486398,7.800000,16.400000
1780475954.060451,,,0.208034,1,1,"0:n=1,raw=0,src=BOARD_3/2",1,1,1,45,45,45,57,0,"45:7.8808,16.3879,0.0107,-0.0949",67.149422,16.486398,7.800000,16.400000
1780475954.294618,,,0.234167,2,1,"0:n=2,raw=0,1,src=BOARD_3/2,BOARD_3/2",1,1,1,45,45,45,58,0,"45:7.8652,16.3687,0.0006,-0.0925",67.184030,16.359415,7.800000,16.400000
1780475954.511531,,,0.216913,1,1,"0:n=1,raw=0,src=BOARD_3/2",1,1,1,45,45,45,59,0,"45:7.8517,16.3495,-0.0071,-0.0919",67.184030,16.359415,7.800000,16.400000
1780475954.766665,,,0.250000,3,1,"0:n=3,raw=0,1,2,src=BOARD_3/2,BOARD_3/2,BOARD_3/2",1,1,1,45,45,45,60,0,"45:7.8430,16.3191,-0.0111,-0.0977",67.184030,16.359415,7.800000,16.400000
1780475955.175866,,,0.206311,2,1,"0:n=2,raw=0,1,src=BOARD_3/2,BOARD_3/2",1,1,1,45,45,45,61,0,"45:7.8412,16.2642,-0.0095,-0.1091",67.184030,16.359415,7.800000,16.300000
1780475955.409553,,,0.233687,1,1,"0:n=1,raw=0,src=BOARD_3/2",1,1,1,45,45,45,62,0,"45:7.8482,16.2248,-0.0043,-0.1198",67.138388,16.231491,7.800000,16.300000
1780475955.641580,,,0.232027,2,1,"0:n=2,raw=0,1,src=BOARD_3/2,BOARD_3/2",1,1,1,45,45,45,63,0,"45:7.8588,16.1997,0.0024,-0.1177",67.138388,16.231491,7.800000,16.300000
1780475955.874144,,,0.232565,1,1,"0:n=1,raw=0,src=BOARD_3/2",1,1,1,45,45,45,64,0,"45:7.8748,16.1876,0.0113,-0.1058",67.138388,16.231491,7.800000,16.300000
1780475956.116559,,,0.242414,1,1,"0:n=1,raw=0,src=BOARD_3/2",1,1,1,45,45,45,65,0,"45:7.8904,16.1758,0.0187,-0.0948",67.138388,16.231491,7.800000,16.300000
1780475956.328028,,,0.211469,1,1,"0:n=1,raw=0,src=BOARD_3/2",1,1,1,45,45,45,66,0,"45:7.9120,16.1583,0.0290,-0.0928",67.138388,16.231491,7.800000,16.300000
1780475956.617641,,,0.250000,1,1,"0:n=1,raw=0,src=BOARD_3/2",1,1,1,45,45,45,67,0,"45:7.9343,16.1403,0.0378,-0.0886",67.138388,16.231491,7.800000,16.300000
1780475956.836795,,,0.219154,2,1,"0:n=2,raw=0,1,src=BOARD_3/2,BOARD_3/2",1,1,1,45,45,45,68,0,"45:8.0085,16.0822,0.0766,-0.1195",67.138388,16.231491,7.800000,16.300000
1780475960.137286,,,0.250000,1,1,"0:n=1,raw=0,src=BOARD_2/1",1,1,1,45,45,45,69,0,"45:14.2573,10.7453,1.9204,-1.7995",67.331481,16.046359,7.800000,16.000000
1780475960.704961,,,0.250000,1,1,"0:n=1,raw=0,src=BOARD_2/1",1,1,1,45,45,45,70,0,"45:15.5179,9.9369,2.0568,-1.7971",74.133400,10.205426,8.800000,16.000000
1780475965.595186,,,0.237361,1,1,"0:n=1,raw=0,src=BOARD_2/1",1,1,1,45,45,45,71,0,"45:18.3146,7.2685,0.4325,-0.3080",75.434911,9.397738,16.000000,10.200000
1780475966.303070,,,0.250000,1,1,"0:n=1,raw=0,src=BOARD_2/1",1,1,1,45,45,45,72,0,"45:18.2640,7.1905,0.3232,-0.2390",77.744372,7.176073,18.400000,10.200000
1780475966.996475,,,0.250000,2,1,"0:n=2,raw=0,1,src=BOARD_2/1,BOARD_2/1",1,1,1,45,45,45,73,0,"45:18.3876,7.0878,0.2840,-0.2015",77.744372,7.176073,18.400000,7.200000
1780475967.614414,,,0.216553,1,1,"0:n=1,raw=0,src=BOARD_2/1",1,1,1,45,45,45,74,0,"45:18.4422,6.9846,0.2251,-0.1871",77.772832,7.027407,18.400000,7.200000
1780475968.219262,,,0.250000,1,1,"0:n=1,raw=0,src=BOARD_2/1",1,1,1,45,45,45,75,0,"45:18.3987,6.9425,0.1514,-0.1579",77.772832,7.027407,18.400000,7.200000
1780475968.830640,,,0.250000,1,1,"0:n=1,raw=0,src=BOARD_2/1",1,1,1,45,45,45,76,0,"45:18.3711,6.9256,0.0986,-0.1171",77.744142,6.895113,18.400000,7.200000
1780475969.393396,,,0.250000,1,1,"0:n=1,raw=0,src=BOARD_2/1",1,1,1,45,45,45,77,0,"45:18.3661,6.9089,0.0698,-0.0886",77.744142,6.895113,18.400000,6.800000
1780475970.182654,,,0.250000,1,1,"0:n=1,raw=0,src=BOARD_2/1",1,1,1,45,45,45,78,0,"45:18.3624,6.8823,0.0429,-0.0668",77.744142,6.895113,18.400000,6.800000
1780475970.810741,,,0.223210,2,1,"0:n=2,raw=0,1,src=BOARD_2/1,BOARD_2/1",1,1,1,45,45,45,79,0,"45:18.3266,6.8536,0.0114,-0.0583",77.744142,6.895113,18.400000,6.800000
1780475971.377915,,,0.250000,2,1,"0:n=2,raw=0,1,src=BOARD_2/1,BOARD_2/1",1,1,1,45,45,45,80,0,"45:18.2824,6.8648,-0.0130,-0.0335",77.744142,6.895113,18.400000,6.800000
1780475971.974679,,,0.250000,1,1,"0:n=1,raw=0,src=BOARD_2/1",1,1,1,45,45,45,81,0,"45:18.2427,6.8658,-0.0297,-0.0227",77.744142,6.895113,18.400000,6.800000
1780475972.489279,,,0.250000,1,1,"0:n=1,raw=0,src=BOARD_2/1",1,1,1,45,45,45,82,0,"45:18.2406,6.8446,-0.0237,-0.0309",77.533784,6.858989,18.400000,6.800000
1780475972.847044,,,0.250000,2,1,"0:n=2,raw=0,1,src=BOARD_2/1,BOARD_2/1",1,1,1,45,45,45,83,0,"45:18.2506,6.8221,-0.0149,-0.0426",77.533784,6.858989,18.200000,6.800000
1780475973.605849,,,0.250000,1,1,"0:n=1,raw=0,src=BOARD_2/1",1,1,1,45,45,45,84,0,"45:18.2335,6.8315,-0.0190,-0.0154",77.533784,6.858989,18.200000,6.800000
1780475974.178811,,,0.250000,2,1,"0:n=2,raw=0,1,src=BOARD_2/1,BOARD_2/1",1,1,1,45,45,45,85,0,"45:18.2154,6.8565,-0.0240,0.0067",77.533784,6.858989,18.200000,6.800000
1780475974.849399,,,0.250000,1,1,"0:n=1,raw=0,src=BOARD_2/1",1,1,1,45,45,45,86,0,"45:18.2041,6.8736,-0.0218,0.0150",77.533784,6.858989,18.200000,6.800000
1780475975.241277,,,0.250000,2,1,"0:n=2,raw=0,1,src=BOARD_2/1,BOARD_2/1",1,1,1,45,45,45,87,0,"45:18.2114,6.8670,-0.0152,0.0076",77.533784,6.858989,18.200000,6.800000
1780475975.722213,,,0.250000,2,1,"0:n=2,raw=0,1,src=BOARD_2/1,BOARD_2/1",1,1,1,45,45,45,88,0,"45:18.2080,6.8700,-0.0133,0.0072",77.533784,6.858989,18.200000,6.800000
1780475976.357096,,,0.229011,1,1,"0:n=1,raw=0,src=BOARD_2/1",1,1,1,45,45,45,89,0,"45:18.2184,6.8580,-0.0031,-0.0045",77.533784,6.858989,18.200000,6.800000
1780475976.583082,,,0.225986,1,1,"0:n=1,raw=0,src=BOARD_2/1",1,1,1,45,45,45,90,0,"45:18.2236,6.8532,0.0002,-0.0074",77.533784,6.858989,18.200000,6.800000
1780475977.159753,,,0.250000,1,1,"0:n=1,raw=0,src=BOARD_2/1",1,1,1,45,45,45,91,0,"45:18.2227,6.8565,-0.0003,-0.0024",77.533784,6.858989,18.200000,6.800000
1780475977.565635,,,0.204666,2,1,"0:n=2,raw=0,1,src=BOARD_2/1,BOARD_2/1",1,1,1,45,45,45,92,0,"45:18.2148,6.8500,-0.0046,-0.0064",77.533784,6.858989,18.200000,6.800000
1780475978.220572,,,0.250000,1,1,"0:n=1,raw=0,src=BOARD_2/1",1,1,1,45,45,45,93,0,"45:18.2117,6.8527,-0.0047,-0.0017",77.533784,6.858989,18.200000,6.800000
1780475978.429406,,,0.208834,1,1,"0:n=1,raw=0,src=BOARD_2/1",1,1,1,45,45,45,94,0,"45:18.2110,6.8535,-0.0045,-0.0009",77.533784,6.858989,18.200000,6.800000
1780475978.926666,,,0.250000,2,1,"0:n=2,raw=0,1,src=BOARD_2/1,BOARD_2/1",1,1,1,45,45,45,95,0,"45:18.2031,6.8634,-0.0077,0.0069",77.533784,6.858989,18.200000,6.800000
1780475979.587615,,,0.250000,1,1,"0:n=1,raw=0,src=BOARD_2/1",1,1,1,45,45,45,96,0,"45:18.2937,6.7968,0.0426,-0.0420",77.533784,6.858989,18.200000,6.800000
1780475988.347295,,,0.250000,1,1,"0:n=1,raw=0,src=BOARD_2/1",1,1,1,45,45,45,97,0,"45:18.0673,10.8524,-0.0448,0.6349",77.533784,6.858989,18.200000,6.800000
1780475988.905953,,,0.250000,1,1,"0:n=1,raw=0,src=BOARD_2/1",1,1,1,45,45,45,98,0,"45:18.1170,11.0798,-0.0246,0.5980",77.353898,11.042878,18.200000,6.800000
1780475989.684213,,,0.250000,1,1,"0:n=1,raw=0,src=BOARD_2/1",1,1,1,45,45,45,99,0,"45:18.1169,11.3509,-0.0155,0.4920",77.409582,11.259192,18.200000,10.400000
1780475990.466058,,,0.250000,1,1,"0:n=1,raw=0,src=BOARD_2/1",1,1,1,45,45,45,100,0,"45:18.0823,11.5491,-0.0295,0.4025",77.412232,11.498522,18.200000,11.100000
1780475990.978170,,,0.250000,1,1,"0:n=1,raw=0,src=BOARD_2/1",1,1,1,45,45,45,101,0,"45:18.0560,11.7939,-0.0366,0.4455",77.373431,11.669891,18.200000,11.400000
1780475996.864944,,,0.218686,2,1,"0:n=2,raw=0,1,src=BOARD_3/1,BOARD_3/1",1,1,1,45,45,45,102,0,"45:18.3221,14.6516,0.0586,0.4961",77.344990,11.927523,18.200000,11.900000
1780475997.114850,,,0.249907,2,1,"0:n=2,raw=0,1,src=BOARD_3/1,BOARD_3/1",1,1,1,45,45,45,103,0,"45:18.3495,14.7110,0.0619,0.4680",77.639654,14.800459,18.200000,11.900000
1780475997.491088,,,0.250000,2,1,"0:n=2,raw=0,1,src=BOARD_3/1,BOARD_3/1",1,1,1,45,45,45,104,0,"45:18.3655,14.7274,0.0621,0.3968",77.639654,14.800459,18.200000,11.900000
1780475997.716029,,,0.224941,1,1,"0:n=1,raw=0,src=BOARD_3/1",1,1,1,45,45,45,105,0,"45:18.3722,14.7393,0.0585,0.3235",77.639654,14.800459,18.200000,13.100000
1780475997.964419,,,0.248390,2,1,"0:n=2,raw=0,1,src=BOARD_3/1,BOARD_3/1",1,1,1,45,45,45,106,0,"45:18.3761,14.7430,0.0516,0.2426",77.639654,14.800459,18.200000,13.100000
1780475998.327787,,,0.250000,2,1,"0:n=2,raw=0,1,src=BOARD_3/1,BOARD_3/1",1,1,1,45,45,45,107,0,"45:18.3779,14.7343,0.0435,0.1701",77.639654,14.800459,18.200000,14.900000
1780475998.550803,,,0.223016,1,1,"0:n=1,raw=0,src=BOARD_3/1",1,1,1,45,45,45,108,0,"45:18.3819,14.7193,0.0392,0.1171",77.639654,14.800459,18.200000,14.900000
1780475998.826478,,,0.250000,2,1,"0:n=2,raw=0,1,src=BOARD_3/1,BOARD_3/1",1,1,1,45,45,45,109,0,"45:18.3892,14.7069,0.0373,0.0769",77.639654,14.800459,18.200000,14.900000
1780475999.228137,,,0.250000,2,1,"0:n=2,raw=0,1,src=BOARD_3/1,BOARD_3/1",1,1,1,45,45,45,110,0,"45:18.3953,14.7012,0.0349,0.0538",77.639654,14.800459,18.200000,14.900000
1780475999.691352,,,0.250000,2,1,"0:n=2,raw=0,1,src=BOARD_3/1,BOARD_3/1",1,1,1,45,45,45,111,0,"45:18.3953,14.6925,0.0243,0.0266",77.639654,14.800459,18.200000,14.900000
1780475999.899189,,,0.207837,1,1,"0:n=1,raw=0,src=BOARD_3/1",1,1,1,45,45,45,112,0,"45:18.3811,14.6773,0.0118,0.0100",77.639654,14.800459,18.200000,14.900000
1780476000.126683,,,0.227494,2,1,"0:n=2,raw=0,1,src=BOARD_3/1,BOARD_3/1",1,1,1,45,45,45,113,0,"45:18.3742,14.6690,0.0057,0.0013",77.684659,14.680278,18.200000,14.900000
1780476000.622683,,,0.250000,1,1,"0:n=1,raw=0,src=BOARD_3/1",1,1,1,45,45,45,114,0,"45:18.3724,14.6618,0.0029,-0.0052",77.684659,14.680278,18.200000,14.900000
1780476001.546205,,,0.250000,1,1,"0:n=1,raw=0,src=BOARD_3/1",1,1,1,45,45,45,115,0,"45:18.3573,14.6556,-0.0068,-0.0064",77.684659,14.680278,18.200000,14.900000
1780476001.937439,,,0.250000,2,1,"0:n=2,raw=0,1,src=BOARD_3/1,BOARD_3/1",1,1,1,45,45,45,116,0,"45:18.3590,14.6558,-0.0049,-0.0051",77.684659,14.680278,18.200000,14.900000
1780476002.547328,,,0.250000,1,1,"0:n=1,raw=0,src=BOARD_3/1",1,1,1,45,45,45,117,0,"45:18.3548,14.6556,-0.0060,-0.0034",77.684659,14.680278,18.200000,14.900000
1780476002.964694,,,0.216580,1,1,"0:n=1,raw=0,src=BOARD_3/1",1,1,1,45,45,45,118,0,"45:18.3445,14.6764,-0.0105,0.0141",77.684659,14.680278,18.200000,14.900000
1780476003.196195,,,0.231500,3,1,"0:n=3,raw=0,1,2,src=BOARD_3/1,BOARD_3/1,BOARD_3/1",1,1,1,45,45,45,119,0,"45:18.3436,14.7000,-0.0096,0.0309",77.684659,14.680278,18.200000,14.900000
1780476003.633184,,,0.236627,2,1,"0:n=2,raw=0,1,src=BOARD_3/1,BOARD_3/1",1,1,1,45,45,45,120,0,"45:18.3445,14.7277,-0.0065,0.0427",77.684659,14.680278,18.200000,14.900000
1780476003.974757,,,0.250000,1,1,"0:n=1,raw=0,src=BOARD_3/1",1,1,1,45,45,45,121,0,"45:18.3430,14.7358,-0.0064,0.0405",77.684659,14.680278,18.200000,14.900000
1780476004.180992,,,0.206235,1,1,"0:n=1,raw=0,src=BOARD_3/1",1,1,1,45,45,45,122,0,"45:18.3481,14.7384,-0.0023,0.0355",77.684659,14.680278,18.200000,14.900000
1780476004.425486,,,0.244493,2,1,"0:n=2,raw=0,1,src=BOARD_3/1,BOARD_3/1",1,1,1,45,45,45,123,0,"45:18.3489,14.7430,-0.0014,0.0319",77.684659,14.680278,18.200000,14.900000
1780476004.670761,,,0.245275,1,1,"0:n=1,raw=0,src=BOARD_3/1",1,1,1,45,45,45,124,0,"45:18.3464,14.7443,-0.0029,0.0262",77.684659,14.680278,18.200000,14.900000
1780476005.026639,,,0.250000,2,1,"0:n=2,raw=0,1,src=BOARD_3/1,BOARD_3/1",1,1,1,45,45,45,125,0,"45:18.3450,14.7445,-0.0033,0.0209",77.684659,14.680278,18.200000,14.900000
1780476005.324534,,,0.250000,1,1,"0:n=1,raw=0,src=BOARD_3/1",1,1,1,45,45,45,126,0,"45:18.3463,14.7428,-0.0020,0.0153",77.684659,14.680278,18.200000,14.900000
1780476005.579409,,,0.250000,1,1,"0:n=1,raw=0,src=BOARD_3/1",1,1,1,45,45,45,127,0,"45:18.3475,14.7407,-0.0010,0.0106",77.684659,14.680278,18.200000,14.900000
1780476005.781552,,,0.202143,1,1,"0:n=1,raw=0,src=BOARD_3/1",1,1,1,45,45,45,128,0,"45:18.3439,14.7385,-0.0030,0.0072",77.684659,14.680278,18.200000,14.900000
1780476006.149374,,,0.250000,2,1,"0:n=2,raw=0,1,src=BOARD_3/1,BOARD_3/1",1,1,1,45,45,45,129,0,"45:18.3422,14.7348,-0.0035,0.0029",77.684659,14.680278,18.200000,14.900000
1780476006.597502,,,0.244612,3,1,"0:n=3,raw=0,1,2,src=BOARD_3/1,BOARD_3/1,BOARD_3/1",1,1,1,45,45,45,130,0,"45:18.3512,14.7174,0.0027,-0.0119",77.684659,14.680278,18.200000,14.900000
1780476007.079764,,,0.250000,1,1,"0:n=1,raw=0,src=BOARD_3/1",1,1,1,45,45,45,131,0,"45:18.3628,14.6954,0.0088,-0.0249",77.684659,14.680278,18.200000,14.900000
1780476007.324629,,,0.244865,1,1,"0:n=1,raw=0,src=BOARD_3/1",1,1,1,45,45,45,132,0,"45:18.3652,14.6911,0.0089,-0.0235",77.684659,14.680278,18.200000,14.900000
1780476007.569918,,,0.245289,2,1,"0:n=2,raw=0,1,src=BOARD_3/1,BOARD_3/1",1,1,1,45,45,45,133,0,"45:18.3630,14.6790,0.0064,-0.0284",77.684659,14.680278,18.200000,14.900000
1780476007.784223,,,0.214305,1,1,"0:n=1,raw=0,src=BOARD_3/1",1,1,1,45,45,45,134,0,"45:18.3569,14.6597,0.0020,-0.0391",77.684659,14.680278,18.200000,14.900000
1780476021.230542,,,0.250000,1,1,"0:n=1,raw=0,src=BOARD_3/1",1,1,0,46,,45,1,0,"46:18.3431,14.8750,0.0000,0.0000",77.684659,14.680278,18.200000,14.900000
1780476021.819263,,,0.250000,1,1,"0:n=1,raw=0,src=BOARD_3/1",1,1,0,46,,45,2,0,"46:18.3493,15.2678,0.0089,0.5684",77.684659,14.680278,18.200000,14.900000
1780476022.232622,,,0.210309,1,1,"0:n=1,raw=0,src=BOARD_3/1",1,1,1,46,46,46,3,0,"46:18.3466,15.9701,0.0022,1.1169",77.684659,14.680278,18.200000,14.900000
1780476022.636260,,,0.250000,1,1,"0:n=1,raw=0,src=BOARD_3/1",1,1,1,46,46,46,4,0,"46:18.3167,16.4047,-0.0258,1.2908",77.647280,16.305142,18.200000,14.900000
1780476023.154160,,,0.250000,2,1,"0:n=2,raw=0,1,src=BOARD_3/1,BOARD_3/1",1,1,1,46,46,46,5,0,"46:18.2840,16.7161,-0.0416,1.0319",77.608979,16.791943,18.200000,16.000000
1780476023.606994,,,0.250000,2,1,"0:n=2,raw=0,1,src=BOARD_3/1,BOARD_3/1",1,1,1,46,46,46,6,0,"46:18.2666,16.8514,-0.0407,0.7555",77.571499,17.025687,18.200000,16.300000
1780476024.344949,,,0.250000,2,1,"0:n=2,raw=0,1,src=BOARD_3/1,BOARD_3/1",1,1,1,46,46,46,7,0,"46:18.2941,17.5439,-0.0099,0.9030",77.571499,17.025687,18.200000,17.100000
1780476024.820791,,,0.250000,2,1,"0:n=2,raw=0,1,src=BOARD_3/1,BOARD_3/1",1,1,1,46,46,46,8,0,"46:18.3102,18.0199,0.0015,0.9516",77.591149,17.814792,18.200000,17.100000
1780476025.233723,,,0.208490,2,1,"0:n=2,raw=0,1,src=BOARD_3/1,BOARD_3/1",1,1,1,46,46,46,9,0,"46:18.3397,18.5198,0.0177,1.0336",77.610697,18.305341,18.200000,17.100000
1780476025.641353,,,0.205860,2,1,"0:n=2,raw=0,1,src=BOARD_3/1,BOARD_3/1",1,1,1,46,46,46,10,0,"46:18.3485,18.9102,0.0186,1.0091",77.645047,18.829880,18.200000,17.900000
1780476026.525052,,,0.250000,1,1,"0:n=1,raw=0,src=BOARD_3/1",1,1,1,46,46,46,11,0,"46:18.3589,19.1729,0.0157,0.6093",77.654064,19.212945,18.200000,18.800000
1780476027.058586,,,0.250000,1,1,"0:n=1,raw=0,src=BOARD_3/1",1,1,1,46,46,46,12,0,"46:18.3428,19.1101,0.0040,0.3899",77.663659,19.355688,18.200000,18.800000
1780476028.145287,,,0.250000,2,1,"0:n=2,raw=0,1,src=BOARD_3/1,BOARD_3/1",1,1,1,46,46,46,13,0,"46:18.4511,18.8758,0.0508,0.0177",77.643976,19.227109,18.200000,19.400000
1780476031.627914,,,0.239901,2,1,"0:n=2,raw=0,1,src=BOARD_3/1,BOARD_3/1",1,1,1,46,46,46,14,0,"46:18.4355,18.8182,-0.0045,-0.0210",77.766346,18.881048,18.200000,18.800000
1780476032.094462,,,0.250000,1,1,"0:n=1,raw=0,src=BOARD_3/1",1,1,1,46,46,46,15,0,"46:18.4093,18.8629,-0.0127,0.0067",77.766346,18.881048,18.200000,18.800000
1780476032.326902,,,0.232440,2,1,"0:n=2,raw=0,1,src=BOARD_3/1,BOARD_3/1",1,1,1,46,46,46,16,0,"46:18.4054,18.8771,-0.0130,0.0148",77.766346,18.881048,18.200000,18.800000
1780476032.744077,,,0.215032,2,1,"0:n=2,raw=0,1,src=BOARD_3/1,BOARD_3/1",1,1,1,46,46,46,17,0,"46:18.4156,18.8822,-0.0049,0.0139",77.766346,18.881048,18.200000,18.800000
1780476033.203568,,,0.250000,2,1,"0:n=2,raw=0,1,src=BOARD_3/1,BOARD_3/1",1,1,1,46,46,46,18,0,"46:18.4252,18.9037,0.0019,0.0263",77.766346,18.881048,18.200000,18.800000
1780476033.756305,,,0.250000,2,1,"0:n=2,raw=0,1,src=BOARD_3/1,BOARD_3/1",1,1,1,46,46,46,19,0,"46:18.4318,18.9190,0.0051,0.0288",77.766346,18.881048,18.200000,18.800000
1780476034.169901,,,0.211895,3,1,"0:n=3,raw=0,1,2,src=BOARD_3/1,BOARD_3/1,BOARD_3/1",1,1,1,46,46,46,20,0,"46:18.4346,18.9280,0.0056,0.0267",77.766346,18.881048,18.200000,18.800000
1780476034.589240,,,0.215396,2,1,"0:n=2,raw=0,1,src=BOARD_3/1,BOARD_3/1",1,1,1,46,46,46,21,0,"46:18.4201,18.9375,-0.0035,0.0255",77.766346,18.881048,18.200000,18.800000
1780476034.836620,,,0.247380,2,1,"0:n=2,raw=0,1,src=BOARD_3/1,BOARD_3/1",1,1,1,46,46,46,22,0,"46:18.3973,18.9324,-0.0154,0.0173",77.766346,18.881048,18.200000,18.800000
1780476035.175819,,,0.250000,1,1,"0:n=1,raw=0,src=BOARD_3/1",1,1,1,46,46,46,23,0,"46:18.4133,18.9144,-0.0045,0.0007",77.766346,18.881048,18.200000,18.800000
1780476035.668707,,,0.250000,2,1,"0:n=2,raw=0,1,src=BOARD_3/1,BOARD_3/1",1,1,1,46,46,46,24,0,"46:18.4130,18.9182,-0.0036,0.0032",77.766346,18.881048,18.200000,18.800000
1780476036.190255,,,0.250000,1,1,"0:n=1,raw=0,src=BOARD_3/1",1,1,1,46,46,46,25,0,"46:18.4029,18.9163,-0.0081,0.0008",77.766346,18.881048,18.200000,18.800000
1780476036.413065,,,0.222810,2,1,"0:n=2,raw=0,1,src=BOARD_3/1,BOARD_3/1",1,1,1,46,46,46,26,0,"46:18.4017,18.9052,-0.0078,-0.0072",77.766346,18.881048,18.200000,18.800000
1780476036.635279,,,0.222214,1,1,"0:n=1,raw=0,src=BOARD_3/1",1,1,1,46,46,46,27,0,"46:18.4082,18.8908,-0.0032,-0.0172",77.766346,18.881048,18.200000,18.800000
1780476036.926382,,,0.250000,3,1,"0:n=3,raw=0,1,2,src=BOARD_3/1,BOARD_3/1,BOARD_3/1",1,1,1,46,46,46,28,0,"46:18.4224,18.8672,0.0055,-0.0330",77.766346,18.881048,18.200000,18.800000
1780476037.401775,,,0.250000,2,1,"0:n=2,raw=0,1,src=BOARD_3/1,BOARD_3/1",1,1,1,46,46,46,29,0,"46:18.4419,18.8343,0.0154,-0.0469",77.766346,18.881048,18.200000,18.800000
1780476037.826694,,,0.220454,1,1,"0:n=1,raw=0,src=BOARD_3/1",1,1,1,46,46,46,30,0,"46:18.4546,18.8200,0.0188,-0.0429",77.766346,18.881048,18.200000,18.800000
1780476038.059637,,,0.232943,1,1,"0:n=1,raw=0,src=BOARD_3/1",1,1,1,46,46,46,31,0,"46:18.4484,18.8032,0.0130,-0.0479",77.766346,18.881048,18.200000,18.800000
1780476038.278742,,,0.219105,2,1,"0:n=2,raw=0,1,src=BOARD_3/1,BOARD_3/1",1,1,1,46,46,46,32,0,"46:18.4377,18.7843,0.0054,-0.0541",77.766346,18.881048,18.200000,18.800000
1780476038.745733,,,0.250000,2,1,"0:n=2,raw=0,1,src=BOARD_3/1,BOARD_3/1",1,1,1,46,46,46,33,0,"46:18.4183,18.7691,-0.0067,-0.0472",77.766346,18.881048,18.200000,18.800000
1780476038.973152,,,0.227419,1,1,"0:n=1,raw=0,src=BOARD_3/1",1,1,1,46,46,46,34,0,"46:18.3982,18.7861,-0.0170,-0.0265",77.716267,18.754987,18.200000,18.800000
1780476039.321207,,,0.250000,3,1,"0:n=3,raw=0,1,2,src=BOARD_3/1,BOARD_3/1,BOARD_3/1",1,1,1,46,46,46,35,0,"46:18.3808,18.8008,-0.0244,-0.0102",77.716267,18.754987,18.200000,18.800000
1780476039.670342,,,0.250000,3,1,"0:n=3,raw=0,1,2,src=BOARD_3/1,BOARD_3/1,BOARD_3/1",1,1,1,46,46,46,36,0,"46:18.3743,18.8032,-0.0246,-0.0061",77.716267,18.754987,18.200000,18.800000
1780476040.054249,,,0.250000,2,1,"0:n=2,raw=0,1,src=BOARD_3/1,BOARD_3/1",1,1,1,46,46,46,37,0,"46:18.3782,18.7942,-0.0185,-0.0125",77.716267,18.754987,18.200000,18.800000
1780476040.287514,,,0.233266,1,1,"0:n=1,raw=0,src=BOARD_3/1",1,1,1,46,46,46,38,0,"46:18.3844,18.7820,-0.0118,-0.0206",77.716267,18.754987,18.200000,18.800000
1780476040.526301,,,0.238787,3,1,"0:n=3,raw=0,1,2,src=BOARD_3/1,BOARD_3/1,BOARD_3/1",1,1,1,46,46,46,39,0,"46:18.3838,18.7814,-0.0104,-0.0169",77.716267,18.754987,18.200000,18.800000
1780476041.037263,,,0.250000,2,1,"0:n=2,raw=0,1,src=BOARD_3/1,BOARD_3/1",1,1,1,46,46,46,40,0,"46:18.3809,18.8069,-0.0093,0.0094",77.716267,18.754987,18.200000,18.800000
1780476041.346668,,,0.250000,3,1,"0:n=3,raw=0,1,2,src=BOARD_3/1,BOARD_3/1,BOARD_3/1",1,1,1,46,46,46,41,0,"46:18.3913,18.8172,-0.0017,0.0156",77.716267,18.754987,18.200000,18.800000
1780476041.781682,,,0.230947,2,1,"0:n=2,raw=0,1,src=BOARD_3/1,BOARD_3/1",1,1,1,46,46,46,42,0,"46:18.3977,18.8266,0.0026,0.0176",77.716267,18.754987,18.200000,18.800000
1780476042.025221,,,0.243539,1,1,"0:n=1,raw=0,src=BOARD_3/1",1,1,1,46,46,46,43,0,"46:18.3982,18.8395,0.0025,0.0243",77.716267,18.754987,18.200000,18.800000
1780476042.292468,,,0.250000,3,1,"0:n=3,raw=0,1,2,src=BOARD_3/1,BOARD_3/1,BOARD_3/1",1,1,1,46,46,46,44,0,"46:18.4045,18.8427,0.0058,0.0221",77.716267,18.754987,18.200000,18.800000
1780476042.765385,,,0.250000,2,1,"0:n=2,raw=0,1,src=BOARD_3/1,BOARD_3/1",1,1,1,46,46,46,45,0,"46:18.4234,18.8467,0.0150,0.0176",77.716267,18.754987,18.200000,18.800000
1780476042.979795,,,0.214410,1,1,"0:n=1,raw=0,src=BOARD_3/1",1,1,1,46,46,46,46,0,"46:18.4439,18.8553,0.0246,0.0212",77.716267,18.754987,18.200000,18.800000
1780476043.245727,,,0.250000,2,1,"0:n=2,raw=0,1,src=BOARD_3/1,BOARD_3/1",1,1,1,46,46,46,47,0,"46:18.4481,18.8702,0.0235,0.0284",77.716267,18.754987,18.200000,18.800000
1780476043.472351,,,0.226624,1,1,"0:n=1,raw=0,src=BOARD_3/1",1,1,1,46,46,46,48,0,"46:18.4331,18.8900,0.0121,0.0387",77.755171,18.878681,18.200000,18.800000
1780476043.898091,,,0.224734,1,1,"0:n=1,raw=0,src=BOARD_3/1",1,1,1,46,46,46,49,0,"46:18.4500,18.8991,0.0187,0.0331",77.755171,18.878681,18.200000,18.800000
1780476044.254647,,,0.250000,1,1,"0:n=1,raw=0,src=BOARD_3/1",1,1,1,46,46,46,50,0,"46:18.4334,18.9228,0.0068,0.0448",77.755171,18.878681,18.200000,18.800000
1780476044.482123,,,0.227476,2,1,"0:n=2,raw=0,1,src=BOARD_3/1,BOARD_3/1",1,1,1,46,46,46,51,0,"46:18.4144,18.9468,-0.0048,0.0552",77.755171,18.878681,18.200000,18.800000
1780476044.701089,,,0.218966,1,1,"0:n=1,raw=0,src=BOARD_3/1",1,1,1,46,46,46,52,0,"46:18.4094,18.9650,-0.0071,0.0603",77.755171,18.878681,18.200000,18.800000
1780476044.981211,,,0.250000,1,1,"0:n=1,raw=0,src=BOARD_3/1",1,1,1,46,46,46,53,0,"46:18.4059,18.9808,-0.0081,0.0608",77.755171,18.878681,18.200000,18.800000
1780476045.189690,,,0.208479,2,1,"0:n=2,raw=0,1,src=BOARD_3/1,BOARD_3/1",1,1,1,46,46,46,54,0,"46:18.4157,18.9735,-0.0008,0.0431",77.703412,18.999035,18.200000,18.800000
1780476046.000805,,,0.205851,1,1,"0:n=1,raw=0,src=BOARD_3/1",1,1,1,46,46,46,55,0,"46:18.4154,18.9965,-0.0006,0.0342",77.703412,18.999035,18.200000,18.800000
1780476046.205921,,,0.205116,1,1,"0:n=1,raw=0,src=BOARD_3/1",1,1,1,46,46,46,56,0,"46:18.4155,18.9980,-0.0004,0.0301",77.703412,18.999035,18.200000,18.800000
1780476046.418072,,,0.212151,2,1,"0:n=2,raw=0,1,src=BOARD_3/1,BOARD_3/1",1,1,1,46,46,46,57,0,"46:18.4097,19.0053,-0.0038,0.0308",77.703412,18.999035,18.200000,18.800000
1780476046.737006,,,0.250000,2,1,"0:n=2,raw=0,1,src=BOARD_3/1,BOARD_3/1",1,1,1,46,46,46,58,0,"46:18.4215,18.9866,0.0036,0.0103",77.703412,18.999035,18.200000,18.800000
1780476046.995190,,,0.250000,2,1,"0:n=2,raw=0,1,src=BOARD_3/1,BOARD_3/1",1,1,1,46,46,46,59,0,"46:18.4231,18.9868,0.0040,0.0083",77.703412,18.999035,18.200000,18.800000
1780476047.412401,,,0.216882,3,1,"0:n=3,raw=0,1,2,src=BOARD_3/1,BOARD_3/1,BOARD_3/1",1,1,1,46,46,46,60,0,"46:18.4205,18.9933,0.0015,0.0107",77.703412,18.999035,18.200000,18.800000
1780476047.835639,,,0.218154,2,1,"0:n=2,raw=0,1,src=BOARD_3/1,BOARD_3/1",1,1,1,46,46,46,61,0,"46:18.4317,18.9765,0.0076,-0.0054",77.703412,18.999035,18.200000,18.800000
1780476048.236426,,,0.250000,2,1,"0:n=2,raw=0,1,src=BOARD_3/1,BOARD_3/1",1,1,1,46,46,46,62,0,"46:18.4377,18.9690,0.0100,-0.0103",77.703412,18.999035,18.200000,18.800000
1780476048.685912,,,0.247983,2,1,"0:n=2,raw=0,1,src=BOARD_3/1,BOARD_3/1",1,1,1,46,46,46,63,0,"46:18.4334,18.9689,0.0049,-0.0067",77.703412,18.999035,18.200000,18.800000
1780476049.037118,,,0.250000,3,1,"0:n=3,raw=0,1,2,src=BOARD_3/1,BOARD_3/1,BOARD_3/1",1,1,1,46,46,46,64,0,"46:18.4340,18.9535,0.0045,-0.0173",77.703412,18.999035,18.200000,18.800000
1780476049.425003,,,0.250000,3,1,"0:n=3,raw=0,1,2,src=BOARD_3/1,BOARD_3/1,BOARD_3/1",1,1,1,46,46,46,65,0,"46:18.4345,18.9210,0.0042,-0.0389",77.703412,18.999035,18.200000,18.800000
1780476049.839200,,,0.209308,2,1,"0:n=2,raw=0,1,src=BOARD_3/1,BOARD_3/1",1,1,1,46,46,46,66,0,"46:18.4254,18.8819,-0.0019,-0.0561",77.703412,18.999035,18.200000,18.800000
1780476050.264615,,,0.224864,3,1,"0:n=3,raw=0,1,2,src=BOARD_3/1,BOARD_3/1,BOARD_3/1",1,1,1,46,46,46,67,0,"46:18.4147,18.8698,-0.0073,-0.0476",77.724804,18.865083,18.200000,18.800000
1780476050.855005,,,0.250000,2,1,"0:n=2,raw=0,1,src=BOARD_3/1,BOARD_3/1",1,1,1,46,46,46,68,0,"46:18.4054,18.8697,-0.0105,-0.0325",77.724804,18.865083,18.200000,18.800000
1780476051.303272,,,0.248016,2,1,"0:n=2,raw=0,1,src=BOARD_3/1,BOARD_3/1",1,1,1,46,46,46,69,0,"46:18.4039,18.8569,-0.0088,-0.0312",77.724804,18.865083,18.200000,18.800000
1780476051.763750,,,0.250000,3,1,"0:n=3,raw=0,1,2,src=BOARD_3/1,BOARD_3/1,BOARD_3/1",1,1,1,46,46,46,70,0,"46:18.3997,18.8520,-0.0089,-0.0243",77.724804,18.865083,18.200000,18.800000
1780476052.190349,,,0.225721,2,1,"0:n=2,raw=0,1,src=BOARD_3/1,BOARD_3/1",1,1,1,46,46,46,71,0,"46:18.4074,18.8557,-0.0026,-0.0139",77.724804,18.865083,18.200000,18.800000
1780476052.749991,,,0.250000,1,1,"0:n=1,raw=0,src=BOARD_3/1",1,1,1,46,46,46,72,0,"46:18.4215,18.8698,0.0056,0.0007",77.724804,18.865083,18.200000,18.800000
1780476053.145483,,,0.250000,1,1,"0:n=1,raw=0,src=BOARD_3/1",1,1,1,46,46,46,73,0,"46:18.4431,18.8945,0.0164,0.0184",77.724804,18.865083,18.200000,18.800000
1780476053.443585,,,0.250000,2,1,"0:n=2,raw=0,1,src=BOARD_3/1,BOARD_3/1",1,1,1,46,46,46,74,0,"46:18.4537,18.9193,0.0199,0.0332",77.724804,18.865083,18.200000,18.800000
1780476053.835450,,,0.250000,2,1,"0:n=2,raw=0,1,src=BOARD_3/1,BOARD_3/1",1,1,1,46,46,46,75,0,"46:18.4602,18.9360,0.0208,0.0396",77.724804,18.865083,18.200000,18.800000
1780476054.083677,,,0.248226,1,1,"0:n=1,raw=0,src=BOARD_3/1",1,1,1,46,46,46,76,0,"46:18.4733,18.9369,0.0252,0.0328",77.724804,18.865083,18.200000,18.800000
1780476054.499185,,,0.212786,1,1,"0:n=1,raw=0,src=BOARD_3/1",1,1,1,46,46,46,77,0,"46:18.4782,18.9521,0.0221,0.0340",77.724804,18.865083,18.200000,18.800000
1780476054.726283,,,0.227098,1,1,"0:n=1,raw=0,src=BOARD_3/1",1,1,1,46,46,46,78,0,"46:18.4781,18.9576,0.0193,0.0323",77.724804,18.865083,18.200000,18.800000
1780476054.932816,,,0.206533,1,1,"0:n=1,raw=0,src=BOARD_3/1",1,1,1,46,46,46,79,0,"46:18.4878,18.9470,0.0225,0.0190",77.724804,18.865083,18.200000,18.800000
1780476055.215612,,,0.250000,3,1,"0:n=3,raw=0,1,2,src=BOARD_3/1,BOARD_3/1,BOARD_3/1",1,1,1,46,46,46,80,0,"46:18.4780,18.9538,0.0136,0.0206",77.724804,18.865083,18.200000,18.800000
1780476055.813545,,,0.250000,2,1,"0:n=2,raw=0,1,src=BOARD_3/1,BOARD_3/1",1,1,1,46,46,46,81,0,"46:18.4807,18.9195,0.0117,-0.0124",77.724804,18.865083,18.200000,18.800000
1780476056.238235,,,0.224454,2,1,"0:n=2,raw=0,1,src=BOARD_3/1,BOARD_3/1",1,1,1,46,46,46,82,0,"46:18.4709,18.9073,0.0034,-0.0176",77.724804,18.865083,18.200000,18.800000
1780476056.756658,,,0.250000,2,1,"0:n=2,raw=0,1,src=BOARD_3/1,BOARD_3/1",1,1,1,46,46,46,83,0,"46:18.4726,18.8763,0.0035,-0.0340",77.724804,18.865083,18.200000,18.800000
1780476057.207313,,,0.249561,2,1,"0:n=2,raw=0,1,src=BOARD_3/1,BOARD_3/1",1,1,1,46,46,46,84,0,"46:18.4599,18.8688,-0.0040,-0.0286",77.724804,18.865083,18.200000,18.800000
1780476057.683954,,,0.250000,1,1,"0:n=1,raw=0,src=BOARD_3/1",1,1,1,46,46,46,85,0,"46:18.4401,18.8758,-0.0133,-0.0149",77.724804,18.865083,18.200000,18.800000
1780476057.928027,,,0.244073,2,1,"0:n=2,raw=0,1,src=BOARD_3/1,BOARD_3/1",1,1,1,46,46,46,86,0,"46:18.4146,18.8759,-0.0248,-0.0123",77.724804,18.865083,18.200000,18.800000
1780476058.343511,,,0.211040,3,1,"0:n=3,raw=0,1,2,src=BOARD_3/1,BOARD_3/1,BOARD_3/1",1,1,1,46,46,46,87,0,"46:18.3977,18.8825,-0.0284,-0.0033",77.724804,18.865083,18.200000,18.800000
1780476058.766219,,,0.222347,3,1,"0:n=3,raw=0,1,2,src=BOARD_3/1,BOARD_3/1,BOARD_3/1",1,1,1,46,46,46,88,0,"46:18.3993,18.8978,-0.0208,0.0093",77.724804,18.865083,18.200000,18.800000
1780476059.170033,,,0.250000,2,1,"0:n=2,raw=0,1,src=BOARD_3/1,BOARD_3/1",1,1,1,46,46,46,89,0,"46:18.4030,18.8945,-0.0158,0.0049",77.724804,18.865083,18.200000,18.800000
1780476059.604505,,,0.233840,2,1,"0:n=2,raw=0,1,src=BOARD_3/1,BOARD_3/1",1,1,1,46,46,46,90,0,"46:18.4057,18.8904,-0.0104,0.0002",77.724804,18.865083,18.200000,18.800000
1780476060.272522,,,0.250000,2,1,"0:n=2,raw=0,1,src=BOARD_3/1,BOARD_3/1",1,1,1,46,46,46,91,0,"46:18.4070,18.9155,-0.0061,0.0172",77.724804,18.865083,18.200000,18.800000
1780476060.481482,,,0.208960,1,1,"0:n=1,raw=0,src=BOARD_3/1",1,1,1,46,46,46,92,0,"46:18.3942,18.9469,-0.0121,0.0363",77.724804,18.865083,18.200000,18.800000
1780476060.782574,,,0.250000,2,1,"0:n=2,raw=0,1,src=BOARD_3/1,BOARD_3/1",1,1,1,46,46,46,93,0,"46:18.3880,18.9675,-0.0138,0.0446",77.724804,18.865083,18.200000,18.800000
1780476061.208999,,,0.223632,2,1,"0:n=2,raw=0,1,src=BOARD_3/1,BOARD_3/1",1,1,1,46,46,46,94,0,"46:18.3849,18.9804,-0.0122,0.0399",77.724804,18.865083,18.200000,18.800000
1780476061.643601,,,0.233014,2,1,"0:n=2,raw=0,1,src=BOARD_3/1,BOARD_3/1",1,1,1,46,46,46,95,0,"46:18.3863,18.9820,-0.0084,0.0278",77.681285,18.992408,18.200000,18.800000
1780476061.901091,,,0.250000,1,1,"0:n=1,raw=0,src=BOARD_3/1",1,1,1,46,46,46,96,0,"46:18.3981,18.9649,-0.0006,0.0095",77.681285,18.992408,18.200000,18.800000
1780476062.186026,,,0.250000,2,1,"0:n=2,raw=0,1,src=BOARD_3/1,BOARD_3/1",1,1,1,46,46,46,97,0,"46:18.4033,18.9585,0.0024,0.0028",77.681285,18.992408,18.200000,18.800000
1780476062.586447,,,0.250000,2,1,"0:n=2,raw=0,1,src=BOARD_3/1,BOARD_3/1",1,1,1,46,46,46,98,0,"46:18.3996,18.9713,-0.0000,0.0121",77.681285,18.992408,18.200000,18.800000
1780476062.832038,,,0.245592,1,1,"0:n=1,raw=0,src=BOARD_3/1",1,1,1,46,46,46,99,0,"46:18.3921,18.9978,-0.0043,0.0302",77.681285,18.992408,18.200000,18.800000
1780476063.106339,,,0.250000,2,1,"0:n=2,raw=0,1,src=BOARD_3/1,BOARD_3/1",1,1,1,46,46,46,100,0,"46:18.3901,19.0191,-0.0048,0.0409",77.681285,18.992408,18.200000,18.800000
1780476063.474848,,,0.250000,2,1,"0:n=2,raw=0,1,src=BOARD_3/1,BOARD_3/1",1,1,1,46,46,46,101,0,"46:18.3912,19.0216,-0.0035,0.0347",77.681285,18.992408,18.200000,18.800000
1780476063.744866,,,0.250000,1,1,"0:n=1,raw=0,src=BOARD_3/1",1,1,1,46,46,46,102,0,"46:18.3887,19.0177,-0.0044,0.0243",77.681285,18.992408,18.200000,18.800000
1780476063.979702,,,0.234836,2,1,"0:n=2,raw=0,1,src=BOARD_3/1,BOARD_3/1",1,1,1,46,46,46,103,0,"46:18.3914,18.9988,-0.0022,0.0042",77.681285,18.992408,18.200000,18.800000
1780476064.425628,,,0.242534,2,1,"0:n=2,raw=0,1,src=BOARD_3/1,BOARD_3/1",1,1,1,46,46,46,104,0,"46:18.4034,18.9722,0.0057,-0.0187",77.681285,18.992408,18.200000,18.800000
1780476064.665313,,,0.239685,1,1,"0:n=1,raw=0,src=BOARD_3/1",1,1,1,46,46,46,105,0,"46:18.4196,18.9440,0.0146,-0.0375",77.681285,18.992408,18.200000,18.800000
1780476064.984329,,,0.250000,2,1,"0:n=2,raw=0,1,src=BOARD_3/1,BOARD_3/1",1,1,1,46,46,46,106,0,"46:18.4323,18.9248,0.0200,-0.0452",77.681285,18.992408,18.200000,18.800000
1780476065.201755,,,0.217426,1,1,"0:n=1,raw=0,src=BOARD_3/1",1,1,1,46,46,46,107,0,"46:18.4384,18.9176,0.0210,-0.0433",77.681285,18.992408,18.200000,18.800000
1780476065.450737,,,0.248983,3,1,"0:n=3,raw=0,1,2,src=BOARD_3/1,BOARD_3/1,BOARD_3/1",1,1,1,46,46,46,108,0,"46:18.4331,18.9152,0.0148,-0.0367",77.681285,18.992408,18.200000,18.800000
1780476065.904406,,,0.248122,2,1,"0:n=2,raw=0,1,src=BOARD_3/1,BOARD_3/1",1,1,1,46,46,46,109,0,"46:18.4167,18.9133,0.0017,-0.0256",77.681285,18.992408,18.200000,18.800000
1780476066.301739,,,0.250000,2,1,"0:n=2,raw=0,1,src=BOARD_3/1,BOARD_3/1",1,1,1,46,46,46,110,0,"46:18.4003,18.9065,-0.0079,-0.0259",77.681285,18.992408,18.200000,18.800000
1780476066.508816,,,0.207078,1,1,"0:n=1,raw=0,src=BOARD_3/1",1,1,1,46,46,46,111,0,"46:18.3870,18.8982,-0.0146,-0.0283",77.681285,18.992408,18.200000,18.800000
1780476066.791739,,,0.250000,2,1,"0:n=2,raw=0,1,src=BOARD_3/1,BOARD_3/1",1,1,1,46,46,46,112,0,"46:18.3927,18.8807,-0.0089,-0.0371",77.681285,18.992408,18.200000,18.800000
1780476067.174558,,,0.250000,3,1,"0:n=3,raw=0,1,2,src=BOARD_3/1,BOARD_3/1,BOARD_3/1",1,1,1,46,46,46,113,0,"46:18.4024,18.8715,-0.0014,-0.0371",77.690019,18.869601,18.200000,18.800000
1780476067.681842,,,0.250000,1,1,"0:n=1,raw=0,src=BOARD_3/1",1,1,1,46,46,46,114,0,"46:18.4168,18.8561,0.0080,-0.0360",77.690019,18.869601,18.200000,18.800000
1780476067.943603,,,0.250000,2,1,"0:n=2,raw=0,1,src=BOARD_3/1,BOARD_3/1",1,1,1,46,46,46,115,0,"46:18.4243,18.8587,0.0113,-0.0269",77.690019,18.869601,18.200000,18.800000
1780476068.343649,,,0.250000,2,1,"0:n=2,raw=0,1,src=BOARD_3/1,BOARD_3/1",1,1,1,46,46,46,116,0,"46:18.4297,18.8622,0.0128,-0.0190",77.690019,18.869601,18.200000,18.800000
1780476068.714114,,,0.250000,2,1,"0:n=2,raw=0,1,src=BOARD_3/1,BOARD_3/1",1,1,1,46,46,46,117,0,"46:18.4352,18.8637,0.0141,-0.0142",77.690019,18.869601,18.200000,18.800000
1780476069.162605,,,0.243576,3,1,"0:n=3,raw=0,1,2,src=BOARD_3/1,BOARD_3/1,BOARD_3/1",1,1,1,46,46,46,118,0,"46:18.4431,18.8625,0.0150,-0.0104",77.690019,18.869601,18.200000,18.800000
1780476069.683632,,,0.250000,2,1,"0:n=2,raw=0,1,src=BOARD_3/1,BOARD_3/1",1,1,1,46,46,46,119,0,"46:18.4411,18.8556,0.0103,-0.0120",77.690019,18.869601,18.200000,18.800000
1780476069.928045,,,0.244413,1,1,"0:n=1,raw=0,src=BOARD_3/1",1,1,1,46,46,46,120,0,"46:18.4179,18.8551,-0.0034,-0.0103",77.690019,18.869601,18.200000,18.800000
1780476070.361679,,,0.233035,1,1,"0:n=1,raw=0,src=BOARD_3/1",1,1,1,46,46,46,121,0,"46:18.4051,18.8326,-0.0094,-0.0232",77.690019,18.869601,18.200000,18.800000
1780476070.608684,,,0.247005,2,1,"0:n=2,raw=0,1,src=BOARD_3/1,BOARD_3/1",1,1,1,46,46,46,122,0,"46:18.3949,18.8171,-0.0138,-0.0308",77.690019,18.869601,18.200000,18.800000
1780476070.814608,,,0.205924,1,1,"0:n=1,raw=0,src=BOARD_3/1",1,1,1,46,46,46,123,0,"46:18.3809,18.7972,-0.0202,-0.0416",77.690019,18.869601,18.200000,18.800000
1780476071.128143,,,0.250000,2,1,"0:n=2,raw=0,1,src=BOARD_3/1,BOARD_3/1",1,1,1,46,46,46,124,0,"46:18.3674,18.7926,-0.0251,-0.0369",77.690019,18.869601,18.200000,18.800000
1780476071.359960,,,0.231818,1,1,"0:n=1,raw=0,src=BOARD_3/1",1,1,1,46,46,46,125,0,"46:18.3576,18.8110,-0.0274,-0.0151",77.690019,18.869601,18.200000,18.800000
1780476071.833551,,,0.250000,2,1,"0:n=2,raw=0,1,src=BOARD_3/1,BOARD_3/1",1,1,1,46,46,46,126,0,"46:18.3588,18.8171,-0.0195,-0.0051",77.690019,18.869601,18.200000,18.800000
1780476072.396339,,,0.250000,2,1,"0:n=2,raw=0,1,src=BOARD_3/1,BOARD_3/1",1,1,1,46,46,46,127,0,"46:18.3534,18.8432,-0.0175,0.0168",77.690019,18.869601,18.200000,18.800000
1780476072.783793,,,0.250000,3,1,"0:n=3,raw=0,1,2,src=BOARD_3/1,BOARD_3/1,BOARD_3/1",1,1,1,46,46,46,128,0,"46:18.3637,18.8600,-0.0091,0.0264",77.690019,18.869601,18.200000,18.800000
1780476073.145536,,,0.250000,2,1,"0:n=2,raw=0,1,src=BOARD_3/1,BOARD_3/1",1,1,1,46,46,46,129,0,"46:18.3670,18.8698,-0.0059,0.0289",77.690019,18.869601,18.200000,18.800000
1780476073.389194,,,0.243658,1,1,"0:n=1,raw=0,src=BOARD_3/1",1,1,1,46,46,46,130,0,"46:18.3645,18.8861,-0.0065,0.0363",77.690019,18.869601,18.200000,18.800000
1780476073.622356,,,0.233162,2,1,"0:n=2,raw=0,1,src=BOARD_3/1,BOARD_3/1",1,1,1,46,46,46,131,0,"46:18.3672,18.8930,-0.0040,0.0351",77.690019,18.869601,18.200000,18.800000
1780476073.848705,,,0.226349,2,1,"0:n=2,raw=0,1,src=BOARD_3/1,BOARD_3/1",1,1,1,46,46,46,132,0,"46:18.3761,18.8906,0.0018,0.0268",77.690019,18.869601,18.200000,18.800000
1780476074.340980,,,0.250000,1,1,"0:n=1,raw=0,src=BOARD_3/1",1,1,1,46,46,46,133,0,"46:18.3978,18.9053,0.0138,0.0287",77.690019,18.869601,18.200000,18.800000
1780476074.847769,,,0.250000,1,1,"0:n=1,raw=0,src=BOARD_3/1",1,1,1,46,46,46,134,0,"46:18.4213,18.9157,0.0233,0.0268",77.690019,18.869601,18.200000,18.800000
1780476075.067915,,,0.220146,1,1,"0:n=1,raw=0,src=BOARD_3/1",1,1,1,46,46,46,135,0,"46:18.4203,18.9007,0.0199,0.0118",77.690019,18.869601,18.200000,18.800000
1780476075.311616,,,0.243701,2,1,"0:n=2,raw=0,1,src=BOARD_3/1,BOARD_3/1",1,1,1,46,46,46,136,0,"46:18.4136,18.8974,0.0137,0.0073",77.690019,18.869601,18.200000,18.800000
1780476075.577147,,,0.250000,1,1,"0:n=1,raw=0,src=BOARD_3/1",1,1,1,46,46,46,137,0,"46:18.4011,18.9061,0.0049,0.0125",77.690019,18.869601,18.200000,18.800000
1780476075.899524,,,0.250000,2,1,"0:n=2,raw=0,1,src=BOARD_3/1,BOARD_3/1",1,1,1,46,46,46,138,0,"46:18.3896,18.9175,-0.0022,0.0189",77.690019,18.869601,18.200000,18.800000
1780476076.342431,,,0.238378,2,1,"0:n=2,raw=0,1,src=BOARD_3/1,BOARD_3/1",1,1,1,46,46,46,139,0,"46:18.3830,18.9307,-0.0053,0.0225",77.690019,18.869601,18.200000,18.800000
1780476076.730519,,,0.250000,2,1,"0:n=2,raw=0,1,src=BOARD_3/1,BOARD_3/1",1,1,1,46,46,46,140,0,"46:18.3908,18.9183,-0.0003,0.0090",77.690019,18.869601,18.200000,18.800000
1780476077.126215,,,0.250000,2,1,"0:n=2,raw=0,1,src=BOARD_3/1,BOARD_3/1",1,1,1,46,46,46,141,0,"46:18.3951,18.9138,0.0022,0.0036",77.690019,18.869601,18.200000,18.800000
1780476077.543429,,,0.213814,2,1,"0:n=2,raw=0,1,src=BOARD_3/1,BOARD_3/1",1,1,1,46,46,46,142,0,"46:18.3972,18.9115,0.0029,0.0006",77.690019,18.869601,18.200000,18.800000
1780476077.767257,,,0.223828,1,1,"0:n=1,raw=0,src=BOARD_3/1",1,1,1,46,46,46,143,0,"46:18.4067,18.8980,0.0080,-0.0100",77.690019,18.869601,18.200000,18.800000
1780476078.030335,,,0.250000,2,1,"0:n=2,raw=0,1,src=BOARD_3/1,BOARD_3/1",1,1,1,46,46,46,144,0,"46:18.4094,18.8952,0.0085,-0.0103",77.690019,18.869601,18.200000,18.800000
1780476078.248833,,,0.218498,1,1,"0:n=1,raw=0,src=BOARD_3/1",1,1,1,46,46,46,145,0,"46:18.4020,18.9063,0.0030,0.0002",77.690019,18.869601,18.200000,18.800000
1780476078.516019,,,0.250000,2,1,"0:n=2,raw=0,1,src=BOARD_3/1,BOARD_3/1",1,1,1,46,46,46,146,0,"46:18.3972,18.9120,-0.0002,0.0047",77.690019,18.869601,18.200000,18.800000
1780476078.738585,,,0.222565,1,1,"0:n=1,raw=0,src=BOARD_3/1",1,1,1,46,46,46,147,0,"46:18.3974,18.9110,-0.0001,0.0030",77.690019,18.869601,18.200000,18.800000
1780476079.007626,,,0.250000,2,1,"0:n=2,raw=0,1,src=BOARD_3/1,BOARD_3/1",1,1,1,46,46,46,148,0,"46:18.3960,18.9122,-0.0009,0.0034",77.690019,18.869601,18.200000,18.800000
1780476079.490526,,,0.250000,3,1,"0:n=3,raw=0,1,2,src=BOARD_3/1,BOARD_3/1,BOARD_3/1",1,1,1,46,46,46,149,0,"46:18.3859,18.9109,-0.0071,0.0010",77.690019,18.869601,18.200000,18.800000
1780476079.863329,,,0.250000,2,1,"0:n=2,raw=0,1,src=BOARD_3/1,BOARD_3/1",1,1,1,46,46,46,150,0,"46:18.3777,18.9076,-0.0111,-0.0019",77.690019,18.869601,18.200000,18.800000
1780476080.238226,,,0.250000,3,1,"0:n=3,raw=0,1,2,src=BOARD_3/1,BOARD_3/1,BOARD_3/1",1,1,1,46,46,46,151,0,"46:18.3841,18.8975,-0.0052,-0.0102",77.690019,18.869601,18.200000,18.800000
1780476080.625917,,,0.250000,2,1,"0:n=2,raw=0,1,src=BOARD_3/1,BOARD_3/1",1,1,1,46,46,46,152,0,"46:18.3869,18.8908,-0.0026,-0.0137",77.690019,18.869601,18.200000,18.800000
1780476081.063270,,,0.235442,2,1,"0:n=2,raw=0,1,src=BOARD_3/1,BOARD_3/1",1,1,1,46,46,46,153,0,"46:18.3797,18.8994,-0.0063,-0.0021",77.690019,18.869601,18.200000,18.800000
1780476081.504846,,,0.241357,3,1,"0:n=3,raw=0,1,2,src=BOARD_3/1,BOARD_3/1,BOARD_3/1",1,1,1,46,46,46,154,0,"46:18.3796,18.8999,-0.0048,-0.0011",77.690019,18.869601,18.200000,18.800000
1780476081.925025,,,0.216497,2,1,"0:n=2,raw=0,1,src=BOARD_3/1,BOARD_3/1",1,1,1,46,46,46,155,0,"46:18.3823,18.8954,-0.0021,-0.0041",77.690019,18.869601,18.200000,18.800000
1780476082.140865,,,0.215840,1,1,"0:n=1,raw=0,src=BOARD_3/1",1,1,1,46,46,46,156,0,"46:18.3799,18.8999,-0.0032,-0.0000",77.690019,18.869601,18.200000,18.800000
1780476082.469563,,,0.250000,1,1,"0:n=1,raw=0,src=BOARD_3/1",1,1,1,46,46,46,157,0,"46:18.3780,18.9031,-0.0038,0.0025",77.690019,18.869601,18.200000,18.800000
1780476090.149086,,,0.201580,1,1,"0:n=1,raw=0,src=BOARD_3/1",1,1,1,46,46,46,158,0,"46:20.5619,15.0130,0.3573,-0.6665",77.690019,18.869601,18.200000,18.800000
1780476090.761173,,,0.202729,1,1,"0:n=1,raw=0,src=BOARD_3/1",1,1,1,46,46,46,159,0,"46:20.5952,15.0575,0.2983,-0.3859",79.969149,14.813002,19.300000,18.700000
1780476091.077624,,,0.250000,2,1,"0:n=2,raw=0,1,src=BOARD_3/1,BOARD_3/1",1,1,1,46,46,46,160,0,"46:20.6061,15.0886,0.2684,-0.2722",79.984712,14.941731,20.600000,18.700000
1780476091.528282,,,0.245592,1,1,"0:n=1,raw=0,src=BOARD_3/1",1,1,1,46,46,46,161,0,"46:20.6169,15.1454,0.2009,-0.1093",79.984712,14.941731,20.600000,15.100000
1780476091.999654,,,0.250000,2,1,"0:n=2,raw=0,1,src=BOARD_3/1,BOARD_3/1",1,1,1,46,46,46,162,0,"46:20.5677,15.2655,0.1141,0.0264",79.977165,15.112629,20.600000,14.900000
1780476092.473975,,,0.250000,2,1,"0:n=2,raw=0,1,src=BOARD_3/1,BOARD_3/1",1,1,1,46,46,46,163,0,"46:20.5000,15.3857,0.0440,0.1050",79.901970,15.273449,20.600000,15.200000
1780476092.885103,,,0.209488,2,1,"0:n=2,raw=0,1,src=BOARD_3/1,BOARD_3/1",1,1,1,46,46,46,164,0,"46:20.4051,15.5338,-0.0188,0.1781",79.813178,15.417178,20.600000,15.200000
1780476093.340946,,,0.250000,2,1,"0:n=2,raw=0,1,src=BOARD_3/1,BOARD_3/1",1,1,1,46,46,46,165,0,"46:20.2735,15.7156,-0.0847,0.2485",79.699509,15.587240,20.600000,15.200000
1780476093.951685,,,0.206068,1,1,"0:n=1,raw=0,src=BOARD_3/1",1,1,1,46,46,46,166,0,"46:20.1894,15.8325,-0.1021,0.2235",79.548104,15.790109,20.600000,15.500000
1780476094.365367,,,0.211462,2,1,"0:n=2,raw=0,1,src=BOARD_3/1,BOARD_3/1",1,1,1,46,46,46,167,0,"46:20.1432,15.9006,-0.1043,0.2049",79.548104,15.790109,20.600000,15.700000
1780476094.810303,,,0.242928,3,1,"0:n=3,raw=0,1,2,src=BOARD_3/1,BOARD_3/1,BOARD_3/1",1,1,1,46,46,46,168,0,"46:20.1123,15.9342,-0.0953,0.1591",79.411916,15.962088,20.600000,15.700000
1780476095.249163,,,0.237931,3,1,"0:n=3,raw=0,1,2,src=BOARD_3/1,BOARD_3/1,BOARD_3/1",1,1,1,46,46,46,169,0,"46:20.0930,15.9508,-0.0820,0.1167",79.411916,15.962088,20.600000,15.700000
1780476095.668764,,,0.216693,1,1,"0:n=1,raw=0,src=BOARD_3/1",1,1,1,46,46,46,170,0,"46:20.0850,15.9513,-0.0668,0.0799",79.411916,15.962088,20.600000,15.700000
1780476095.898523,,,0.229760,1,1,"0:n=1,raw=0,src=BOARD_3/1",1,1,1,46,46,46,171,0,"46:20.0963,15.9314,-0.0516,0.0509",79.411916,15.962088,20.600000,15.700000
1780476096.129588,,,0.231065,2,1,"0:n=2,raw=0,1,src=BOARD_3/1,BOARD_3/1",1,1,1,46,46,46,172,0,"46:20.1287,15.8957,-0.0262,0.0144",79.411916,15.962088,20.600000,15.700000
1780476096.368136,,,0.238548,1,1,"0:n=1,raw=0,src=BOARD_3/1",1,1,1,46,46,46,173,0,"46:20.1416,15.8800,-0.0144,-0.0020",79.411916,15.962088,20.600000,15.700000
1780476096.594466,,,0.226330,2,1,"0:n=2,raw=0,1,src=BOARD_3/1,BOARD_3/1",1,1,1,46,46,46,174,0,"46:20.1454,15.8690,-0.0099,-0.0116",79.411916,15.962088,20.600000,15.700000
1780476096.977167,,,0.250000,3,1,"0:n=3,raw=0,1,2,src=BOARD_3/1,BOARD_3/1,BOARD_3/1",1,1,1,46,46,46,175,0,"46:20.1568,15.8496,-0.0008,-0.0263",79.411916,15.962088,20.600000,15.700000
1780476097.396638,,,0.215949,2,1,"0:n=2,raw=0,1,src=BOARD_3/1,BOARD_3/1",1,1,1,46,46,46,176,0,"46:20.1810,15.8180,0.0145,-0.0428",79.456546,15.841678,20.600000,15.700000
1780476097.759390,,,0.250000,2,1,"0:n=2,raw=0,1,src=BOARD_3/1,BOARD_3/1",1,1,1,46,46,46,177,0,"46:20.2124,15.7811,0.0314,-0.0634",79.456546,15.841678,20.200000,15.700000
1780476098.197504,,,0.236512,2,1,"0:n=2,raw=0,1,src=BOARD_3/1,BOARD_3/1",1,1,1,46,46,46,178,0,"46:20.2559,15.7330,0.0487,-0.0787",79.456546,15.841678,20.200000,15.700000
1780476098.436313,,,0.238810,1,1,"0:n=1,raw=0,src=BOARD_3/1",1,1,1,46,46,46,179,0,"46:20.2812,15.7097,0.0566,-0.0821",79.570494,15.709433,20.200000,15.700000
1780476098.711218,,,0.250000,2,1,"0:n=2,raw=0,1,src=BOARD_3/1,BOARD_3/1",1,1,1,46,46,46,180,0,"46:20.3025,15.6932,0.0607,-0.0790",79.570494,15.709433,20.200000,15.700000
1780476098.937743,,,0.226525,2,1,"0:n=2,raw=0,1,src=BOARD_3/1,BOARD_3/1",1,1,1,46,46,46,181,0,"46:20.3175,15.6860,0.0615,-0.0707",79.570494,15.709433,20.200000,15.700000
1780476099.260603,,,0.250000,2,1,"0:n=2,raw=0,1,src=BOARD_3/1,BOARD_3/1",1,1,1,46,46,46,182,0,"46:20.3371,15.6724,0.0639,-0.0676",79.570494,15.709433,20.200000,15.700000
1780476099.669264,,,0.207285,3,1,"0:n=3,raw=0,1,2,src=BOARD_3/1,BOARD_3/1,BOARD_3/1",1,1,1,46,46,46,183,0,"46:20.3595,15.6506,0.0618,-0.0631",79.570494,15.709433,20.200000,15.700000
1780476100.084698,,,0.210900,2,1,"0:n=2,raw=0,1,src=BOARD_3/1,BOARD_3/1",1,1,1,46,46,46,184,0,"46:20.3710,15.6353,0.0540,-0.0551",79.570494,15.709433,20.200000,15.700000
1780476100.333924,,,0.249225,1,1,"0:n=1,raw=0,src=BOARD_3/1",1,1,1,46,46,46,185,0,"46:20.3688,15.6344,0.0453,-0.0457",79.570494,15.709433,20.200000,15.700000
1780476100.662716,,,0.250000,2,1,"0:n=2,raw=0,1,src=BOARD_3/1,BOARD_3/1",1,1,1,46,46,46,186,0,"46:20.3638,15.6362,0.0363,-0.0357",79.570494,15.709433,20.200000,15.700000
1780476100.877910,,,0.215194,1,1,"0:n=1,raw=0,src=BOARD_3/1",1,1,1,46,46,46,187,0,"46:20.3549,15.6423,0.0270,-0.0252",79.570494,15.709433,20.200000,15.700000
1780476101.156643,,,0.250000,3,1,"0:n=3,raw=0,1,2,src=BOARD_3/1,BOARD_3/1,BOARD_3/1",1,1,1,46,46,46,188,0,"46:20.3513,15.6521,0.0211,-0.0126",79.570494,15.709433,20.200000,15.700000
1780476101.629623,,,0.250000,2,1,"0:n=2,raw=0,1,src=BOARD_3/1,BOARD_3/1",1,1,1,46,46,46,189,0,"46:20.3479,15.6710,0.0138,0.0059",79.570494,15.709433,20.200000,15.700000
1780476101.914793,,,0.250000,1,1,"0:n=1,raw=0,src=BOARD_3/1",1,1,1,46,46,46,190,0,"46:20.3378,15.6906,0.0063,0.0194",79.570494,15.709433,20.200000,15.700000
1780476102.173711,,,0.250000,2,1,"0:n=2,raw=0,1,src=BOARD_3/1,BOARD_3/1",1,1,1,46,46,46,191,0,"46:20.3327,15.7044,0.0026,0.0262",79.570494,15.709433,20.200000,15.700000
1780476102.678288,,,0.250000,2,1,"0:n=2,raw=0,1,src=BOARD_3/1,BOARD_3/1",1,1,1,46,46,46,192,0,"46:20.3341,15.7194,0.0027,0.0284",79.570494,15.709433,20.200000,15.700000
1780476103.044960,,,0.250000,3,1,"0:n=3,raw=0,1,2,src=BOARD_3/1,BOARD_3/1,BOARD_3/1",1,1,1,46,46,46,193,0,"46:20.3371,15.7323,0.0040,0.0327",79.570494,15.709433,20.200000,15.700000
1780476103.562078,,,0.250000,3,1,"0:n=3,raw=0,1,2,src=BOARD_3/1,BOARD_3/1,BOARD_3/1",1,1,1,46,46,46,194,0,"46:20.3390,15.7542,0.0040,0.0377",79.570494,15.709433,20.200000,15.700000
1780476103.932811,,,0.250000,2,1,"0:n=2,raw=0,1,src=BOARD_3/1,BOARD_3/1",1,1,1,46,46,46,195,0,"46:20.3416,15.7762,0.0048,0.0469",79.570494,15.709433,20.200000,15.700000
1780476104.158693,,,0.225883,1,1,"0:n=1,raw=0,src=BOARD_3/1",1,1,1,46,46,46,196,0,"46:20.3401,15.7954,0.0034,0.0534",79.570494,15.709433,20.200000,15.700000
1780476104.499064,,,0.250000,2,1,"0:n=2,raw=0,1,src=BOARD_3/1,BOARD_3/1",1,1,1,46,46,46,197,0,"46:20.3371,15.8030,0.0012,0.0488",79.570494,15.709433,20.200000,15.700000
1780476104.950061,,,0.249513,2,1,"0:n=2,raw=0,1,src=BOARD_3/1,BOARD_3/1",1,1,1,46,46,46,198,0,"46:20.3324,15.7999,-0.0018,0.0295",79.570494,15.709433,20.200000,15.700000
1780476105.187958,,,0.237897,1,1,"0:n=1,raw=0,src=BOARD_3/1",1,1,1,46,46,46,199,0,"46:20.3344,15.7992,-0.0004,0.0235",79.570494,15.709433,20.200000,15.700000
1780476105.458241,,,0.250000,2,1,"0:n=2,raw=0,1,src=BOARD_3/1,BOARD_3/1",1,1,1,46,46,46,200,0,"46:20.3344,15.7980,-0.0003,0.0178",79.570494,15.709433,20.200000,15.700000
1780476105.882495,,,0.220118,3,1,"0:n=3,raw=0,1,2,src=BOARD_3/1,BOARD_3/1,BOARD_3/1",1,1,1,46,46,46,201,0,"46:20.3358,15.7984,0.0006,0.0124",79.570494,15.709433,20.200000,15.700000
1780476106.349791,,,0.250000,1,1,"0:n=1,raw=0,src=BOARD_3/1",1,1,1,46,46,46,202,0,"46:20.3419,15.8036,0.0038,0.0121",79.570494,15.709433,20.200000,15.700000
1780476106.550599,,,0.200808,1,1,"0:n=1,raw=0,src=BOARD_3/1",1,1,1,46,46,46,203,0,"46:20.3402,15.7973,0.0025,0.0058",79.570494,15.709433,20.200000,15.700000
1780476106.768627,,,0.218028,2,1,"0:n=2,raw=0,1,src=BOARD_3/1,BOARD_3/1",1,1,1,46,46,46,204,0,"46:20.3364,15.7899,0.0000,-0.0007",79.570494,15.709433,20.200000,15.700000
1780476107.027218,,,0.250000,1,1,"0:n=1,raw=0,src=BOARD_3/1",1,1,1,46,46,46,205,0,"46:20.3295,15.7793,-0.0038,-0.0088",79.570494,15.709433,20.200000,15.700000
1780476107.266189,,,0.238971,3,1,"0:n=3,raw=0,1,2,src=BOARD_3/1,BOARD_3/1,BOARD_3/1",1,1,1,46,46,46,206,0,"46:20.3261,15.7744,-0.0053,-0.0111",79.570494,15.709433,20.200000,15.700000
1780476107.867812,,,0.250000,2,1,"0:n=2,raw=0,1,src=BOARD_3/1,BOARD_3/1",1,1,1,46,46,46,207,0,"46:20.3273,15.7680,-0.0033,-0.0121",79.570494,15.709433,20.200000,15.700000
1780476108.143298,,,0.250000,1,1,"0:n=1,raw=0,src=BOARD_3/1",1,1,1,46,46,46,208,0,"46:20.3332,15.7599,0.0005,-0.0159",79.570494,15.709433,20.200000,15.700000
1780476108.418634,,,0.250000,2,1,"0:n=2,raw=0,1,src=BOARD_3/1,BOARD_3/1",1,1,1,46,46,46,209,0,"46:20.3297,15.7632,-0.0015,-0.0104",79.570494,15.709433,20.200000,15.700000
1780476108.635619,,,0.216985,2,1,"0:n=2,raw=0,1,src=BOARD_3/1,BOARD_3/1",1,1,1,46,46,46,210,0,"46:20.3136,15.7822,-0.0103,0.0057",79.570494,15.709433,20.200000,15.700000
1780476115.720865,,,0.229753,1,1,"0:n=1,raw=0,src=BOARD_3/1",1,1,1,46,46,46,211,0,"46:16.2860,14.7519,-0.7053,-0.1924",79.570494,15.709433,20.200000,15.700000
1780476117.419674,,,0.250000,1,1,"0:n=1,raw=0,src=BOARD_3/1",1,1,1,46,46,46,212,0,"46:15.3112,15.5430,-0.6214,0.4193",75.374421,14.694175,15.900000,14.600000
1780476117.991888,,,0.250000,2,1,"0:n=2,raw=0,1,src=BOARD_3/1,BOARD_3/1",1,1,1,46,46,46,213,0,"46:15.0839,15.8444,-0.5978,0.4865",74.424821,15.668748,15.900000,14.700000
1780476118.381079,,,0.250000,2,1,"0:n=2,raw=0,1,src=BOARD_3/1,BOARD_3/1",1,1,1,46,46,46,214,0,"46:14.9721,15.9755,-0.5799,0.4928",74.204554,15.990353,15.100000,15.700000
1780476118.993893,,,0.250000,1,1,"0:n=1,raw=0,src=BOARD_3/1",1,1,1,46,46,46,215,0,"46:14.7593,16.1430,-0.5535,0.4521",74.098154,16.123382,15.100000,15.700000
1780476119.412999,,,0.218722,1,1,"0:n=1,raw=0,src=BOARD_3/1",1,1,1,46,46,46,216,0,"46:14.5708,16.2349,-0.5305,0.3822",73.893241,16.278587,14.700000,16.200000
1780476119.646042,,,0.233043,2,1,"0:n=2,raw=0,1,src=BOARD_3/1,BOARD_3/1",1,1,1,46,46,46,217,0,"46:14.4950,16.2440,-0.5047,0.3233",73.893241,16.278587,14.700000,16.200000
1780476120.572458,,,0.250000,2,1,"0:n=2,raw=0,1,src=BOARD_3/1,BOARD_3/1",1,1,1,46,46,46,218,0,"46:14.2638,16.2212,-0.4016,0.1266",73.643559,16.341003,14.200000,16.300000
1780476121.194623,,,0.216779,1,1,"0:n=1,raw=0,src=BOARD_3/1",1,1,1,46,46,46,219,0,"46:14.0204,16.3705,-0.3985,0.1708",73.443349,16.259184,14.200000,16.300000
1780476121.604997,,,0.205690,1,1,"0:n=1,raw=0,src=BOARD_3/1",1,1,1,46,46,46,220,0,"46:13.6435,16.7678,-0.5017,0.3843",73.200847,16.421760,14.100000,16.300000
1780476122.432865,,,0.220119,2,1,"0:n=2,raw=0,1,src=BOARD_3/1,BOARD_3/1",1,1,1,46,46,46,221,0,"46:12.7998,17.7197,-0.7041,0.7833",72.792959,16.883130,13.300000,16.800000
1780476122.923943,,,0.250000,1,1,"0:n=1,raw=0,src=BOARD_3/1",1,1,1,46,46,46,222,0,"46:12.4030,18.0829,-0.7403,0.7875",71.888589,17.954726,13.300000,16.800000
1780476128.282434,,,0.250000,2,1,"0:n=2,raw=0,1,src=BOARD_3/2,BOARD_3/2",1,1,1,46,46,46,223,0,"46:6.3575,23.1576,-1.1858,0.9916",71.480933,18.319143,12.400000,18.000000
1780476128.708762,,,0.223508,1,1,"0:n=1,raw=0,src=BOARD_3/2",1,1,1,46,46,46,224,0,"46:6.0478,23.3973,-1.1280,0.8976",65.301725,23.455065,12.400000,18.000000
1780476129.234047,,,0.250000,1,1,"0:n=1,raw=0,src=BOARD_3/2",1,1,1,46,46,46,225,0,"46:5.8417,23.5049,-1.0010,0.6783",65.009358,23.666627,6.600000,19.400000
1780476129.634962,,,0.250000,2,1,"0:n=2,raw=0,1,src=BOARD_3/2,BOARD_3/2",1,1,1,46,46,46,226,0,"46:5.8058,23.5207,-0.8967,0.5553",65.009358,23.666627,5.900000,19.400000
1780476130.098224,,,0.250000,1,1,"0:n=1,raw=0,src=BOARD_3/2",1,1,1,46,46,46,227,0,"46:5.6894,23.5426,-0.7368,0.3745",65.009358,23.666627,5.900000,23.400000
1780476142.220459,,,0.250000,4,2,"0:n=2,raw=0,2,src=BOARD_2/4,BOARD_2/4;1:n=2,raw=1,3,src=BOARD_2/4,BOARD_2/4",2,2,0,47;48,,46,1;1,0;0,"47:345.6219,5.9090,0.0000,0.0000;48:345.6629,7.1144,0.0000,0.0000",64.768379,23.654954,5.400000,23.400000
1780476143.263656,,,0.233254,1,1,"0:n=1,raw=0,src=BOARD_2/4",1,2,0,47;48,,46,2;0,0;5,"47:345.6204,5.9110,-0.0013,0.0018;48:345.6629,7.1144,0.0000,0.0000",64.768379,23.654954,5.400000,23.400000
1780476143.826946,,,0.250000,2,2,"0:n=1,raw=0,src=BOARD_2/4;1:n=1,raw=1,src=BOARD_2/4",2,2,1,47;48,47,47,3;1,0;0,"47:345.6197,5.9114,-0.0014,0.0015;48:345.6575,7.1208,-0.0035,0.0042",64.768379,23.654954,5.400000,23.400000
1780476144.426462,,,0.250000,2,2,"0:n=1,raw=0,src=BOARD_2/4;1:n=1,raw=1,src=BOARD_2/4",2,2,1,47;48,47,47,4;2,0;0,"47:345.6194,5.9116,-0.0012,0.0011;48:345.6560,7.1218,-0.0035,0.0036",44.919301,5.911883,4.300000,23.400000
1780476144.787804,,,0.250000,2,1,"0:n=2,raw=0,1,src=BOARD_3/2,BOARD_3/2",1,3,0,47;48;49,,47,3;1;1,1;1;0,"47:345.6191,5.9119,-0.0012,0.0011;48:345.6552,7.1227,-0.0035,0.0036;49:353.9840,20.9067,0.0000,0.0000",44.919301,5.911883,359.400000,22.100000
1780476145.040769,,,0.250000,3,2,"0:n=2,raw=0,2,src=BOARD_2/4,BOARD_2/4;1:n=1,raw=1,src=BOARD_2/4",2,3,1,47;48;49,47,47,4;2;0,0;0;1,"47:345.6192,5.9116,-0.0010,0.0008;48:345.6552,7.1222,-0.0030,0.0027;49:353.9840,20.9067,0.0000,0.0000",44.919301,5.911883,350.500000,19.500000
1780476145.932927,,,0.250000,3,2,"0:n=2,raw=0,2,src=BOARD_2/4,BOARD_2/4;1:n=1,raw=1,src=BOARD_2/4",2,3,2,47;48;49,47;48,47,5;3;0,0;0;5,"47:345.6190,5.9116,-0.0007,0.0003;48:345.6545,7.1223,-0.0022,0.0013;49:353.9840,20.9067,0.0000,0.0000",44.919301,5.911883,345.500000,6.400000
1780476147.765556,,,0.250000,1,1,"0:n=1,raw=0,src=BOARD_3/3",1,3,0,47;48;49,,47,4;2;1,8;8;0,"47:345.6179,5.9122,-0.0007,0.0003;48:345.6509,7.1246,-0.0022,0.0013;49:346.3514,19.9435,-2.7947,-0.3527",44.919301,5.911883,345.500000,5.900000
1780476149.500949,,,0.250000,1,1,"0:n=1,raw=0,src=BOARD_3/3",1,3,0,47;48;49,,47,3;1;2,16;16;0,"47:345.6168,5.9127,-0.0007,0.0003;48:345.6473,7.1268,-0.0022,0.0013;49:343.3259,19.4117,-2.2555,-0.3268",44.919301,5.911883,345.500000,5.900000
1780476150.970105,,,0.250000,1,1,"0:n=1,raw=0,src=BOARD_3/3",1,3,1,47;48;49,49,49,2;0;3,23;23;0,"47:345.6158,5.9132,-0.0007,0.0003;48:345.6441,7.1287,-0.0022,0.0013;49:342.8215,19.3921,-1.2473,-0.1022",44.919301,5.911883,345.500000,5.900000
1780476151.495757,,,0.250000,1,1,"0:n=1,raw=0,src=BOARD_3/3",1,3,1,47;48;49,49,49,1;0;4,25;25;0,"47:345.6155,5.9134,-0.0007,0.0003;48:345.6432,7.1293,-0.0022,0.0013;49:343.1681,19.4149,-0.8842,-0.0623",41.747287,19.361452,344.500000,6.000000
1780476151.888630,,,0.250000,1,1,"0:n=1,raw=0,src=BOARD_3/3",1,3,1,47;48;49,49,49,0;0;5,26;26;0,"47:345.6153,5.9134,-0.0007,0.0003;48:345.6426,7.1297,-0.0022,0.0013;49:343.3947,19.4453,-0.6887,-0.0323",42.202826,19.396222,344.500000,7.300000
1780476152.390777,,,0.250000,1,1,"0:n=1,raw=0,src=BOARD_3/3",1,3,1,47;48;49,49,49,0;0;6,28;28;0,"47:345.6150,5.9136,-0.0007,0.0003;48:345.6416,7.1303,-0.0022,0.0013;49:343.4588,19.4825,-0.5024,0.0051",42.488074,19.435548,342.800000,15.800000
1780476152.833345,,,0.239186,1,1,"0:n=1,raw=0,src=BOARD_3/3",1,3,1,47;48;49,49,49,0;0;7,30;30;0,"47:345.6147,5.9137,-0.0007,0.0003;48:345.6407,7.1308,-0.0022,0.0013;49:343.5351,19.5203,-0.3464,0.0307",42.488074,19.435548,342.800000,19.200000
1780476153.155214,,,0.250000,3,1,"0:n=3,raw=0,1,2,src=BOARD_3/3,BOARD_3/3,BOARD_3/3",1,3,1,47;48;49,49,49,0;0;8,31;31;0,"47:345.6145,5.9138,-0.0007,0.0003;48:345.6401,7.1312,-0.0022,0.0013;49:343.6427,19.5476,-0.2425,0.0451",42.731147,19.529516,342.800000,19.300000
1780476153.862783,,,0.250000,2,1,"0:n=2,raw=0,1,src=BOARD_3/3,BOARD_3/3",1,3,1,47;48;49,49,49,0;0;9,34;34;0,"47:345.6141,5.9140,-0.0007,0.0003;48:345.6387,7.1320,-0.0022,0.0013;49:343.7306,19.5644,-0.1123,0.0362",42.731147,19.529516,343.300000,19.300000
1780476154.345527,,,0.250000,2,1,"0:n=2,raw=0,1,src=BOARD_3/3,BOARD_3/3",1,3,1,47;48;49,49,49,0;0;10,36;36;0,"47:345.6138,5.9142,-0.0007,0.0003;48:345.6378,7.1326,-0.0022,0.0013;49:343.8302,19.5459,-0.0351,0.0128",42.996868,19.575256,343.300000,19.400000
1780476155.666548,,,0.250000,1,1,"0:n=1,raw=0,src=BOARD_3/3",1,3,1,47;48;49,49,49,0;0;11,42;42;0,"47:345.6129,5.9146,-0.0007,0.0003;48:345.6350,7.1343,-0.0022,0.0013;49:343.9480,19.6017,0.0358,0.0344",42.996868,19.575256,343.500000,19.500000
1780476156.158617,,,0.250000,1,1,"0:n=1,raw=0,src=BOARD_3/3",1,3,1,47;48;49,49,49,0;0;12,44;44;0,"47:345.6126,5.9148,-0.0007,0.0003;48:345.6340,7.1349,-0.0022,0.0013;49:343.9904,19.5943,0.0473,0.0208",43.258767,19.612064,343.500000,19.500000
1780476156.507336,,,0.250000,1,1,"0:n=1,raw=0,src=BOARD_3/3",1,3,1,47;48;49,49,49,0;0;13,45;45;0,"47:345.6124,5.9148,-0.0007,0.0003;48:345.6335,7.1353,-0.0022,0.0013;49:344.0016,19.6145,0.0470,0.0305",43.258767,19.612064,343.900000,19.500000
1780476156.883484,,,0.250000,1,1,"0:n=1,raw=0,src=BOARD_3/3",1,3,1,47;48;49,49,49,0;0;14,46;46;0,"47:345.6122,5.9149,-0.0007,0.0003;48:345.6330,7.1356,-0.0022,0.0013;49:344.0032,19.6189,0.0421,0.0282",43.258767,19.612064,343.900000,19.500000
1780476157.148351,,,0.250000,2,1,"0:n=2,raw=0,1,src=BOARD_3/3,BOARD_3/3",1,3,1,47;48;49,49,49,0;0;15,47;47;0,"47:345.6121,5.9150,-0.0007,0.0003;48:345.6324,7.1359,-0.0022,0.0013;49:344.0091,19.6143,0.0397,0.0195",43.258767,19.612064,343.900000,19.500000
1780476157.534241,,,0.250000,2,1,"0:n=2,raw=0,1,src=BOARD_3/3,BOARD_3/3",1,3,1,47;48;49,49,49,0;0;16,48;48;0,"47:345.6119,5.9151,-0.0007,0.0003;48:345.6319,7.1363,-0.0022,0.0013;49:344.0249,19.6095,0.0429,0.0119",43.258767,19.612064,343.900000,19.500000
1780476157.972112,,,0.237026,1,1,"0:n=1,raw=0,src=BOARD_3/3",1,1,1,49,49,49,17,0,"49:344.0504,19.6166,0.0466,0.0133",43.258767,19.612064,343.900000,19.500000
1780476158.204780,,,0.232668,1,1,"0:n=1,raw=0,src=BOARD_3/3",1,1,1,49,49,49,18,0,"49:344.0485,19.6024,0.0395,0.0003",43.258767,19.612064,343.900000,19.500000
1780476158.486861,,,0.250000,2,1,"0:n=2,raw=0,1,src=BOARD_3/3,BOARD_3/3",1,1,1,49,49,49,19,0,"49:344.0515,19.5990,0.0356,-0.0024",43.258767,19.612064,343.900000,19.500000
1780476158.742003,,,0.250000,1,1,"0:n=1,raw=0,src=BOARD_3/3",1,1,1,49,49,49,20,0,"49:344.0615,19.6079,0.0363,0.0049",43.258767,19.612064,343.900000,19.500000
1780476158.962540,,,0.220537,3,1,"0:n=3,raw=0,1,2,src=BOARD_3/3,BOARD_3/3,BOARD_3/3",1,1,1,49,49,49,21,0,"49:344.0458,19.6215,0.0227,0.0146",43.258767,19.612064,343.900000,19.500000
1780476159.544307,,,0.250000,1,1,"0:n=1,raw=0,src=BOARD_3/3",1,1,1,49,49,49,22,0,"49:344.0454,19.6280,0.0166,0.0146",43.258767,19.612064,343.900000,19.500000
1780476159.949831,,,0.205296,2,1,"0:n=2,raw=0,1,src=BOARD_3/3,BOARD_3/3",1,1,1,49,49,49,23,0,"49:344.0279,19.6112,0.0033,-0.0018",43.258767,19.612064,343.900000,19.500000
1780476160.429582,,,0.250000,2,1,"0:n=2,raw=0,1,src=BOARD_3/3,BOARD_3/3",1,1,1,49,49,49,24,0,"49:344.0204,19.6100,-0.0015,-0.0021",43.258767,19.612064,343.900000,19.500000
1780476160.962420,,,0.250000,2,1,"0:n=2,raw=0,1,src=BOARD_3/3,BOARD_3/3",1,1,1,49,49,49,25,0,"49:343.9984,19.5882,-0.0127,-0.0166",43.258767,19.612064,343.900000,19.500000
1780476161.435049,,,0.250000,1,1,"0:n=1,raw=0,src=BOARD_3/3",1,1,1,49,49,49,26,0,"49:343.9709,19.5979,-0.0238,-0.0047",43.258767,19.612064,343.900000,19.500000
1780476161.742728,,,0.250000,2,1,"0:n=2,raw=0,1,src=BOARD_3/3,BOARD_3/3",1,1,1,49,49,49,27,0,"49:343.9685,19.5864,-0.0220,-0.0120",43.258767,19.612064,343.900000,19.500000
1780476162.220554,,,0.250000,1,1,"0:n=1,raw=0,src=BOARD_3/3",1,1,1,49,49,49,28,0,"49:343.9491,19.5969,-0.0269,-0.0007",43.258767,19.612064,343.900000,19.500000
1780476162.635525,,,0.213406,1,1,"0:n=1,raw=0,src=BOARD_3/3",1,1,1,49,49,49,29,0,"49:343.9292,19.5963,-0.0314,-0.0009",43.258767,19.612064,343.900000,19.500000
1780476162.909898,,,0.250000,2,1,"0:n=2,raw=0,1,src=BOARD_3/3,BOARD_3/3",1,1,1,49,49,49,30,0,"49:343.9242,19.5871,-0.0300,-0.0073",43.258767,19.612064,343.900000,19.500000
1780476163.162611,,,0.250000,1,1,"0:n=1,raw=0,src=BOARD_3/3",1,1,1,49,49,49,31,0,"49:343.9297,19.5713,-0.0230,-0.0178",43.258767,19.612064,343.900000,19.500000
1780476163.472079,,,0.250000,2,1,"0:n=2,raw=0,1,src=BOARD_3/3,BOARD_3/3",1,1,1,49,49,49,32,0,"49:343.9317,19.5622,-0.0187,-0.0214",43.258767,19.612064,343.900000,19.500000
1780476163.685233,,,0.213154,1,1,"0:n=1,raw=0,src=BOARD_3/3",1,1,1,49,49,49,33,0,"49:343.9289,19.5615,-0.0180,-0.0184",43.258767,19.612064,343.900000,19.500000
1780476164.155835,,,0.250000,1,1,"0:n=1,raw=0,src=BOARD_3/3",1,1,1,49,49,49,34,0,"49:343.9186,19.5684,-0.0193,-0.0068",43.258767,19.612064,343.900000,19.500000
1780476164.366744,,,0.210910,2,1,"0:n=2,raw=0,1,src=BOARD_3/3,BOARD_3/3",1,1,1,49,49,49,35,0,"49:343.9191,19.5675,-0.0167,-0.0064",43.258767,19.612064,343.900000,19.500000
1780476164.920304,,,0.250000,3,1,"0:n=3,raw=0,1,2,src=BOARD_3/3,BOARD_3/3,BOARD_3/3",1,1,1,49,49,49,36,0,"49:343.9351,19.5700,-0.0036,-0.0025",43.258767,19.612064,343.900000,19.500000
1780476165.311156,,,0.250000,2,1,"0:n=2,raw=0,1,src=BOARD_3/3,BOARD_3/3",1,1,1,49,49,49,37,0,"49:343.9536,19.5747,0.0071,0.0015",43.258767,19.612064,343.900000,19.500000
1780476165.687728,,,0.250000,3,1,"0:n=3,raw=0,1,2,src=BOARD_3/3,BOARD_3/3,BOARD_3/3",1,1,1,49,49,49,38,0,"49:343.9503,19.5760,0.0043,0.0022",43.258767,19.612064,343.900000,19.500000
1780476166.136721,,,0.248471,2,1,"0:n=2,raw=0,1,src=BOARD_3/3,BOARD_3/3",1,1,1,49,49,49,39,0,"49:343.9362,19.5794,-0.0045,0.0039",43.258767,19.612064,343.900000,19.500000
1780476166.353792,,,0.217071,1,1,"0:n=1,raw=0,src=BOARD_3/3",1,1,1,49,49,49,40,0,"49:343.9260,19.5773,-0.0095,0.0018",43.258767,19.612064,343.900000,19.500000
1780476166.757054,,,0.250000,2,1,"0:n=2,raw=0,1,src=BOARD_3/3,BOARD_3/3",1,1,1,49,49,49,41,0,"49:343.9620,19.5865,0.0117,0.0084",43.258767,19.612064,343.900000,19.500000
1780476171.968062,,,0.250000,1,1,"0:n=1,raw=0,src=BOARD_3/2",1,1,1,49,49,49,42,0,"49:1.5544,22.6238,3.9436,0.7302",43.258767,19.612064,343.900000,19.500000
1780476172.293102,,,0.250000,1,1,"0:n=1,raw=0,src=BOARD_3/2",1,1,1,49,49,49,43,0,"49:3.0223,22.8201,4.0756,0.7361",62.037473,22.842831,343.900000,19.500000
1780476173.350081,,,0.242603,1,1,"0:n=1,raw=0,src=BOARD_3/2",1,1,1,49,49,49,44,0,"49:5.7269,23.1887,3.3734,0.4717",63.544992,23.040989,2.100000,20.900000
1780476173.651470,,,0.250000,1,1,"0:n=1,raw=0,src=BOARD_3/2",1,1,1,49,49,49,45,0,"49:6.0107,23.2418,3.1122,0.4279",66.038969,23.330256,4.200000,20.900000
1780476179.947468,,,0.226287,1,1,"0:n=1,raw=0,src=BOARD_3/1",1,1,1,49,49,49,46,0,"49:16.9726,22.0318,1.5127,-0.3484",66.244334,23.370118,6.600000,22.800000
1780476180.773869,,,0.219232,1,1,"0:n=1,raw=0,src=BOARD_3/1",1,1,1,49,49,49,47,0,"49:17.4419,21.9362,1.2497,-0.2338",76.726435,21.927315,12.400000,22.800000
1780476181.243271,,,0.250000,1,1,"0:n=1,raw=0,src=BOARD_3/1",1,1,1,49,49,49,48,0,"49:17.5022,21.9309,1.0297,-0.1626",77.116817,21.866042,12.400000,22.000000
1780476181.645038,,,0.250000,1,1,"0:n=1,raw=0,src=BOARD_3/1",1,1,1,49,49,49,49,0,"49:17.5738,21.9602,0.9377,-0.1092",77.116817,21.866042,12.400000,22.000000
1780476182.605893,,,0.250000,2,1,"0:n=2,raw=0,1,src=BOARD_3/1,BOARD_3/1",1,1,1,49,49,49,50,0,"49:18.2775,22.0592,0.8827,0.0201",77.116817,21.866042,17.700000,22.000000
1780476183.172263,,,0.250000,1,1,"0:n=1,raw=0,src=BOARD_3/1",1,1,1,49,49,49,51,0,"49:18.4338,22.1192,0.7588,0.0535",77.842279,22.065264,17.700000,22.000000
1780476184.135991,,,0.250000,1,1,"0:n=1,raw=0,src=BOARD_3/1",1,1,1,49,49,49,52,0,"49:18.5294,22.1511,0.4946,0.0449",77.842279,22.065264,18.500000,22.000000
1780476188.727867,,,0.250000,2,1,"0:n=2,raw=0,1,src=BOARD_3/1,BOARD_3/1",1,1,1,49,49,49,53,0,"49:18.2469,22.0890,-0.0856,-0.0233",77.842279,22.065264,18.500000,22.000000
1780476189.279711,,,0.250000,2,1,"0:n=2,raw=0,1,src=BOARD_3/1,BOARD_3/1",1,1,1,49,49,49,54,0,"49:18.1162,22.1082,-0.1139,-0.0081",77.521193,22.082033,18.500000,22.000000
1780476189.930658,,,0.249639,1,1,"0:n=1,raw=0,src=BOARD_3/1",1,1,1,49,49,49,55,0,"49:18.0554,22.1001,-0.1081,-0.0101",77.521193,22.082033,18.300000,22.000000
1780476190.158782,,,0.228124,3,1,"0:n=3,raw=0,1,2,src=BOARD_3/1,BOARD_3/1,BOARD_3/1",1,1,1,49,49,49,56,0,"49:18.0558,22.1110,-0.0962,-0.0004",77.521193,22.082033,18.300000,22.000000
1780476190.518920,,,0.250000,1,1,"0:n=1,raw=0,src=BOARD_3/1",1,1,1,49,49,49,57,0,"49:18.0639,22.1289,-0.0793,0.0136",77.521193,22.082033,18.300000,22.000000
1780476190.775862,,,0.250000,1,1,"0:n=1,raw=0,src=BOARD_3/1",1,1,1,49,49,49,58,0,"49:18.0590,22.1260,-0.0709,0.0086",77.521193,22.082033,18.300000,22.000000
1780476191.125498,,,0.250000,3,1,"0:n=3,raw=0,1,2,src=BOARD_3/1,BOARD_3/1,BOARD_3/1",1,1,1,49,49,49,59,0,"49:18.0529,22.1290,-0.0641,0.0093",77.521193,22.082033,18.300000,22.000000
1780476191.533562,,,0.205987,3,1,"0:n=3,raw=0,1,2,src=BOARD_3/1,BOARD_3/1,BOARD_3/1",1,1,1,49,49,49,60,0,"49:18.0482,22.1289,-0.0514,0.0063",77.521193,22.082033,18.300000,22.000000
1780476191.932979,,,0.250000,2,1,"0:n=2,raw=0,1,src=BOARD_3/1,BOARD_3/1",1,1,1,49,49,49,61,0,"49:18.0635,22.1132,-0.0348,-0.0069",77.521193,22.082033,18.300000,22.000000
1780476192.172258,,,0.239280,1,1,"0:n=1,raw=0,src=BOARD_3/1",1,1,1,49,49,49,62,0,"49:18.0841,22.0920,-0.0179,-0.0220",77.521193,22.082033,18.300000,22.000000
1780476192.413178,,,0.240920,3,1,"0:n=3,raw=0,1,2,src=BOARD_3/1,BOARD_3/1,BOARD_3/1",1,1,1,49,49,49,63,0,"49:18.0962,22.0830,-0.0082,-0.0249",77.521193,22.082033,18.300000,22.000000
1780476192.994971,,,0.250000,1,1,"0:n=1,raw=0,src=BOARD_3/1",1,1,1,49,49,49,64,0,"49:18.1156,22.0290,0.0050,-0.0569",77.521193,22.082033,18.300000,22.000000
1780476193.356866,,,0.250000,2,1,"0:n=2,raw=0,1,src=BOARD_3/1,BOARD_3/1",1,1,1,49,49,49,65,0,"49:18.1443,21.9112,0.0204,-0.1338",77.521193,22.082033,18.300000,22.000000
1780476200.442372,,,0.212027,1,1,"0:n=1,raw=0,src=BOARD_3/1",1,1,1,49,49,49,66,0,"49:18.3283,21.3887,0.0272,-0.0557",77.450453,21.871095,18.300000,22.000000
1780476200.717430,,,0.250000,2,1,"0:n=2,raw=0,1,src=BOARD_3/1,BOARD_3/1",1,1,1,49,49,49,67,0,"49:18.3405,21.3920,0.0285,-0.0481",77.636452,21.372005,18.300000,22.000000
1780476200.955851,,,0.238420,1,1,"0:n=1,raw=0,src=BOARD_3/1",1,1,1,49,49,49,68,0,"49:18.3578,21.4037,0.0324,-0.0307",77.636452,21.372005,18.300000,22.000000
1780476201.233243,,,0.250000,2,1,"0:n=2,raw=0,1,src=BOARD_3/1,BOARD_3/1",1,1,1,49,49,49,69,0,"49:18.3659,21.4080,0.0324,-0.0196",77.636452,21.372005,18.300000,22.000000
1780476201.435631,,,0.202389,1,1,"0:n=1,raw=0,src=BOARD_3/1",1,1,1,49,49,49,70,0,"49:18.3652,21.4049,0.0282,-0.0187",77.636452,21.372005,18.300000,21.300000
1780476201.990192,,,0.250000,2,1,"0:n=2,raw=0,1,src=BOARD_3/1,BOARD_3/1",1,1,1,49,49,49,71,0,"49:18.3537,21.4190,0.0125,0.0011",77.636452,21.372005,18.300000,21.300000
1780476202.357444,,,0.250000,2,1,"0:n=2,raw=0,1,src=BOARD_3/1,BOARD_3/1",1,1,1,49,49,49,72,0,"49:18.3493,21.4144,0.0076,-0.0029",77.636452,21.372005,18.300000,21.300000
1780476202.654523,,,0.250000,2,1,"0:n=2,raw=0,1,src=BOARD_3/1,BOARD_3/1",1,1,1,49,49,49,73,0,"49:18.3443,21.4298,0.0033,0.0100",77.636452,21.372005,18.300000,21.300000
1780476203.214390,,,0.250000,2,1,"0:n=2,raw=0,1,src=BOARD_3/1,BOARD_3/1",1,1,1,49,49,49,74,0,"49:18.3431,21.4765,0.0017,0.0415",77.636452,21.372005,18.300000,21.300000
1780476203.432260,,,0.217871,1,1,"0:n=1,raw=0,src=BOARD_3/1",1,1,1,49,49,49,75,0,"49:18.3508,21.5117,0.0060,0.0608",77.636452,21.372005,18.300000,21.300000
1780476203.696915,,,0.250000,2,1,"0:n=2,raw=0,1,src=BOARD_3/1,BOARD_3/1",1,1,1,49,49,49,76,0,"49:18.3537,21.5353,0.0068,0.0671",77.652610,21.529921,18.300000,21.300000
1780476204.088590,,,0.250000,3,1,"0:n=3,raw=0,1,2,src=BOARD_3/1,BOARD_3/1,BOARD_3/1",1,1,1,49,49,49,77,0,"49:18.3585,21.5553,0.0086,0.0696",77.652610,21.529921,18.300000,21.300000
1780476204.458734,,,0.250000,1,1,"0:n=1,raw=0,src=BOARD_3/1",1,1,1,49,49,49,78,0,"49:18.3714,21.5808,0.0147,0.0758",77.652610,21.529921,18.300000,21.300000
1780476204.680436,,,0.221703,1,1,"0:n=1,raw=0,src=BOARD_3/1",1,1,1,49,49,49,79,0,"49:18.3710,21.5830,0.0126,0.0645",77.652610,21.529921,18.300000,21.300000
1780476204.911603,,,0.231167,3,1,"0:n=3,raw=0,1,2,src=BOARD_3/1,BOARD_3/1,BOARD_3/1",1,1,1,49,49,49,80,0,"49:18.3783,21.5741,0.0151,0.0458",77.652610,21.529921,18.300000,21.300000
1780476205.361494,,,0.247811,2,1,"0:n=2,raw=0,1,src=BOARD_3/1,BOARD_3/1",1,1,1,49,49,49,81,0,"49:18.3907,21.5613,0.0183,0.0205",77.652610,21.529921,18.300000,21.300000
1780476205.594975,,,0.233481,1,1,"0:n=1,raw=0,src=BOARD_3/1",1,1,1,49,49,49,82,0,"49:18.3931,21.5551,0.0172,0.0123",77.652610,21.529921,18.300000,21.300000
1780476205.942810,,,0.250000,1,1,"0:n=1,raw=0,src=BOARD_3/1",1,1,1,49,49,49,83,0,"49:18.3949,21.5508,0.0158,0.0067",77.652610,21.529921,18.300000,21.300000
1780476209.534023,,,0.250000,1,1,"0:n=1,raw=0,src=BOARD_3/1",1,1,1,49,49,49,84,0,"49:16.0838,15.3715,-0.6758,-2.0006",77.652610,21.529921,18.300000,21.300000
1780476211.883123,,,0.250000,1,1,"0:n=1,raw=0,src=BOARD_3/1",1,1,1,49,49,49,85,0,"49:13.5004,17.0693,-1.0012,0.5235",75.181034,14.771306,15.700000,14.800000
1780476212.757885,,,0.250000,1,1,"0:n=1,raw=0,src=BOARD_3/1",1,1,1,49,49,49,86,0,"49:13.1117,18.0593,-0.8270,0.8195",72.500019,17.226392,14.700000,14.900000
1780476220.899174,,,0.250000,1,1,"0:n=1,raw=0,src=BOARD_2/2",1,1,1,49,49,49,87,0,"49:6.9558,10.2733,-0.7413,-1.4728",72.163602,18.305177,12.800000,18.300000
1780476221.389121,,,0.250000,1,1,"0:n=1,raw=0,src=BOARD_2/2",1,1,1,49,49,49,88,0,"49:6.6280,10.0529,-0.7393,-1.2103",66.033348,9.831463,11.700000,18.200000
1780476223.298329,,,0.250000,1,1,"0:n=1,raw=0,src=BOARD_2/2",1,1,1,49,49,49,89,0,"49:5.4870,10.5451,-0.6394,0.1134",65.706224,9.689804,6.600000,9.900000
1780476223.860162,,,0.250000,1,1,"0:n=1,raw=0,src=BOARD_2/2",1,1,1,49,49,49,90,0,"49:5.3284,10.7733,-0.5846,0.2119",64.595146,10.579149,5.500000,10.000000
1780476225.685233,,,0.205503,1,1,"0:n=1,raw=0,src=BOARD_2/2",1,1,1,49,49,49,91,0,"49:5.2273,10.7901,-0.2200,0.0389",64.453023,10.836881,5.200000,10.500000
1780476226.249677,,,0.250000,2,1,"0:n=2,raw=0,1,src=BOARD_2/2,BOARD_2/2",1,1,1,49,49,49,92,0,"49:5.3851,10.7168,-0.1165,-0.0122",64.453023,10.836881,5.200000,10.500000
1780476226.785012,,,0.250000,2,1,"0:n=2,raw=0,1,src=BOARD_2/2,BOARD_2/2",1,1,1,49,49,49,93,0,"49:5.4165,10.6410,-0.0791,-0.0583",64.650116,10.713163,5.200000,10.500000
1780476227.319845,,,0.250000,2,1,"0:n=2,raw=0,1,src=BOARD_2/2,BOARD_2/2",1,1,1,49,49,49,94,0,"49:5.4450,10.5973,-0.0480,-0.0703",64.650116,10.713163,5.200000,10.500000
1780476227.973127,,,0.248828,1,1,"0:n=1,raw=0,src=BOARD_2/2",1,1,1,49,49,49,95,0,"49:5.4501,10.5366,-0.0299,-0.0802",64.730544,10.576231,5.200000,10.500000
1780476228.214709,,,0.241582,1,1,"0:n=1,raw=0,src=BOARD_2/2",1,1,1,49,49,49,96,0,"49:5.4586,10.5153,-0.0220,-0.0815",64.730544,10.576231,5.200000,10.500000
1780476228.632473,,,0.212644,2,1,"0:n=2,raw=0,1,src=BOARD_2/2,BOARD_2/2",1,1,1,49,49,49,97,0,"49:5.4433,10.5042,-0.0252,-0.0653",64.730544,10.576231,5.200000,10.500000
1780476229.026338,,,0.250000,2,1,"0:n=2,raw=0,1,src=BOARD_2/2,BOARD_2/2",1,1,1,49,49,49,98,0,"49:5.4229,10.5082,-0.0327,-0.0505",64.730544,10.576231,5.200000,10.500000
1780476229.451256,,,0.222138,1,1,"0:n=1,raw=0,src=BOARD_2/2",1,1,1,49,49,49,99,0,"49:5.3910,10.5185,-0.0424,-0.0272",64.730544,10.576231,5.200000,10.500000
1780476229.919254,,,0.250000,1,1,"0:n=1,raw=0,src=BOARD_2/2",1,1,1,49,49,49,100,0,"49:5.3598,10.5326,-0.0488,-0.0082",64.730544,10.576231,5.200000,10.500000
1780476230.126497,,,0.207243,2,1,"0:n=2,raw=0,1,src=BOARD_2/2,BOARD_2/2",1,1,1,49,49,49,101,0,"49:5.3310,10.5263,-0.0589,-0.0116",64.730544,10.576231,5.200000,10.500000
1780476230.567803,,,0.238916,2,1,"0:n=2,raw=0,1,src=BOARD_2/2,BOARD_2/2",1,1,1,49,49,49,102,0,"49:5.2835,10.5086,-0.0706,-0.0208",64.730544,10.576231,5.200000,10.500000
1780476230.863236,,,0.250000,1,1,"0:n=1,raw=0,src=BOARD_2/2",1,1,1,49,49,49,103,0,"49:5.2456,10.4881,-0.0816,-0.0321",64.730544,10.576231,5.200000,10.500000
1780476231.165234,,,0.250000,2,1,"0:n=2,raw=0,1,src=BOARD_2/2,BOARD_2/2",1,1,1,49,49,49,104,0,"49:5.2061,10.4622,-0.0921,-0.0455",64.521161,10.478462,5.200000,10.500000
1780476231.405725,,,0.240491,1,1,"0:n=1,raw=0,src=BOARD_2/2",1,1,1,49,49,49,105,0,"49:5.1645,10.4329,-0.1030,-0.0596",64.521161,10.478462,5.200000,10.500000
1780476231.802085,,,0.250000,1,1,"0:n=1,raw=0,src=BOARD_2/2",1,1,1,49,49,49,106,0,"49:5.1260,10.4055,-0.1101,-0.0693",64.521161,10.478462,5.200000,10.500000
1780476232.100240,,,0.250000,2,1,"0:n=2,raw=0,1,src=BOARD_2/2,BOARD_2/2",1,1,1,49,49,49,107,0,"49:5.0832,10.3997,-0.1188,-0.0604",64.521161,10.478462,5.200000,10.500000
1780476232.615864,,,0.250000,2,1,"0:n=2,raw=0,1,src=BOARD_2/2,BOARD_2/2",1,1,1,49,49,49,108,0,"49:5.0267,10.4137,-0.1205,-0.0296",64.521161,10.478462,5.200000,10.500000
1780476232.897936,,,0.250000,1,1,"0:n=1,raw=0,src=BOARD_2/2",1,1,1,49,49,49,109,0,"49:5.0053,10.4581,-0.1156,0.0087",64.290534,10.404851,5.200000,10.500000
1780476233.158422,,,0.250000,1,1,"0:n=1,raw=0,src=BOARD_2/2",1,1,1,49,49,49,110,0,"49:4.9853,10.4934,-0.1107,0.0335",64.290534,10.404851,5.200000,10.500000
1780476249.490883,,,0.250000,1,1,"0:n=1,raw=0,src=BOARD_2/2",1,1,0,50,,49,1,0,"50:3.4984,7.0846,0.0000,0.0000",64.290534,10.404851,4.800000,10.500000
1780476290.666598,,,0.250000,1,1,"0:n=1,raw=0,src=BOARD_2/2",1,1,0,51,,49,1,0,"51:2.2862,7.4100,0.0000,0.0000",64.290534,10.404851,4.800000,10.500000
1780476315.793751,,,0.250000,1,1,"0:n=1,raw=0,src=BOARD_2/2",1,1,0,52,,49,1,0,"52:1.3656,8.3725,0.0000,0.0000",64.290534,10.404851,4.800000,10.500000
