timestamp,seq,mode,event,track_id,meas_idx,meas_az,meas_el,pred_az,map_az,pred_el,cost,dynamic_thresh,uncertainty,p_az,p_el,hit_streak,time_since_update,reason,internal_track_id,ui_id,master_id,is_master,laser_track_id,distance,distance_source,track_laser_dist,track_laser_ts,track_laser_age,raw_bbox_x1,raw_bbox_y1,raw_bbox_x2,raw_bbox_y2,clipped_bbox_x1,clipped_bbox_y1,clipped_bbox_x2,clipped_bbox_y2,is_edge_bbox,visible_ratio
1780369421.580573,,,NEW_TRACK,1,0,2.050378,20.356667,,,,,,,1.000000,1.000000,1,0,,,,,,,,,,,,,,,,,,,,,
1780369421.859939,,,MATCH_ACCEPT,1,0,358.778243,20.274167,2.050378,,20.356667,3.273175,5.796251,1.830301,1.675000,1.675000,1,1,,,,,,,,,,,,,,,,,,,,,
1780369422.099280,,,MATCH_ACCEPT,1,1,355.911706,20.306250,0.575694,,20.282162,4.664050,6.975309,1.983539,2.481452,1.452975,2,1,,,,,,,,,,,,,,,,,,,,,
1780369422.099280,,,NEW_TRACK,2,0,359.437879,5.407083,,,,,,,1.000000,1.000000,1,0,,,,,,,,,,,,,,,,,,,,,
1780369422.099280,,,TargetAcquire,1,,,,,,,,,,,,,,initial_acquire,,,,,,,,,,,,,,,,,,,,
1780369422.099280,,,UI_STATUS_SEND,1,,,,359.250203,179.250203,20.293769,,,,,,3,0,"internal_id=1,ui_id=1",1,1,1,1,-1,25.150000,mono,,,,,,,,,,,,,
1780369422.428697,,,BBOX_CLIPPED,,0,,,,,,,,,,,,,bbox_out_of_image_bounds,,,,,,,,,,,1718.000,2031.000,1966.000,2211.000,1718.000,2031.000,1966.000,2160.000,1,0.716667
1780369422.430916,,,MATCH_ACCEPT,1,0,353.423425,20.549167,358.335378,,20.278645,4.919396,7.518955,2.345970,3.659880,1.843697,3,1,,,,,,,,,,,,,,,,,,,,,
1780369422.430916,,,MATCH_ACCEPT,2,1,359.720431,4.845625,359.437879,,5.407083,0.628547,6.745451,1.830301,1.675000,1.675000,1,1,,,,,,,,,,,,,,,,,,,,,
1780369422.428697,,,UI_STATUS_SEND,1,,,,356.521314,176.521314,20.425072,,,,,,4,0,"internal_id=1,ui_id=1",1,1,1,1,-1,25.150000,mono,,,,,,,,,,,,,
1780369422.747187,,,MATCH_REJECT,1,0,346.976545,20.672917,355.035968,,20.465002,8.062105,7.645343,2.430229,4.157307,1.748704,4,1,,,,,,,,,,,,,,,,,,,,,
1780369422.747187,,,NEW_TRACK,3,0,346.976545,20.672917,,,,,,,1.000000,1.000000,1,0,,,,,,,,,,,,,,,,,,,,,
1780369422.747187,,,TargetLost,1,,,,,,,,,,,,,,not_in_valid_tracks,,,,,,,,,,,,,,,,,,,,
1780369423.003409,,,BBOX_CLIPPED,,0,,,,,,,,,,,,,bbox_out_of_image_bounds,,,,,,,,,,,1750.000,1956.000,1870.000,2200.000,1750.000,1956.000,1870.000,2160.000,1,0.836066
1780369423.003409,,,MATCH_ACCEPT,2,0,359.574598,5.017500,359.542165,,4.899820,0.122068,8.732200,3.154800,5.757926,4.194836,1,2,,,,,,,,,,,,,,,,,,,,,
1780369423.003409,,,MATCH_ACCEPT,3,1,345.076154,20.466667,346.976545,,20.672917,1.911550,6.745451,1.830301,1.675000,1.675000,1,1,,,,,,,,,,,,,,,,,,,,,
1780369423.003409,,,TargetLost,1,,,,,,,,,,,,,,not_in_valid_tracks,,,,,,,,,,,,,,,,,,,,
1780369423.337808,,,MATCH_ACCEPT,2,1,357.984103,5.808125,359.584543,,4.904722,1.837809,8.019189,2.705860,5.175337,2.146339,2,1,,,,,,,,,,,,,,,,,,,,,
1780369423.337808,,,MATCH_ACCEPT,3,0,343.212222,20.292500,346.425012,,20.526392,3.221292,6.379149,2.218900,2.944992,1.978523,2,1,,,,,,,,,,,,,,,,,,,,,
1780369423.337808,,,TargetLost,1,,,,,,,,,,,,,,not_in_valid_tracks,,,,,,,,,,,,,,,,,,,,
1780369423.337808,,,TargetSwitch,3,,,,,,,,,,,,,,master_lost,,,,,,,,,,,,,,,,,,,,
1780369423.337808,,,UI_STATUS_SEND,3,,,,344.926559,164.926559,20.362341,,,,,,3,0,"internal_id=3,ui_id=2",3,2,3,1,-1,25.150000,mono,,,,,,,,,,,,,
1780369423.615476,,,MATCH_ACCEPT,2,1,357.227593,5.411667,358.699900,,5.497169,1.474788,6.126846,2.457430,4.460518,1.578446,3,1,,,,,,,,,,,,,,,,,,,,,
1780369423.615476,,,MATCH_ACCEPT,3,0,340.163394,20.205417,344.226601,,20.254660,4.063505,7.221428,2.147619,3.190803,1.421462,3,1,,,,,,,,,,,,,,,,,,,,,
1780369423.615476,,,UI_STATUS_SEND,3,,,,342.853318,162.853318,20.231202,,,,,,4,0,"internal_id=3,ui_id=2",3,2,3,1,-1,25.150000,mono,,,,,,,,,,,,,
1780369423.919831,,,MATCH_ACCEPT,3,0,337.725243,20.471250,341.726207,,20.114671,4.016823,7.474093,2.316062,3.800231,1.563912,4,1,,,,,,,,,,,,,,,,,,,,,
1780369423.919831,,,UI_STATUS_SEND,3,,,,340.213347,160.213347,20.293041,,,,,,5,0,"internal_id=3,ui_id=2",3,2,3,1,-1,25.150000,mono,,,,,,,,,,,,,
1780369424.242344,,,BBOX_CLIPPED,,0,,,,,,,,,,,,,bbox_out_of_image_bounds,,,,,,,,,,,1195.000,2002.000,1443.000,2182.000,1195.000,2002.000,1443.000,2160.000,1,0.877778
1780369424.242344,,,MATCH_ACCEPT,2,0,357.336968,4.912083,356.989530,,5.531309,0.710038,7.197212,2.131475,3.298921,1.244262,3,2,,,,,,,,,,,,,,,,,,,,,
1780369424.242344,,,MATCH_ACCEPT,3,1,335.414696,20.585833,338.695779,,20.232257,3.300079,7.465598,2.310399,3.873710,1.464232,5,1,,,,,,,,,,,,,,,,,,,,,
1780369424.242344,,,UI_STATUS_SEND,3,,,,337.440314,157.440314,20.403306,,,,,,6,0,"internal_id=3,ui_id=2",3,2,3,1,-1,51.980000,mono,,,,,,,,,,,,,
1780369424.517703,,,MATCH_ACCEPT,3,0,333.614566,20.242083,335.647101,,20.387888,2.037758,7.310068,2.233112,3.673209,1.313579,6,1,,,,,,,,,,,,,,,,,,,,,
1780369424.517703,,,UI_STATUS_SEND,3,,,,334.884133,154.884133,20.320488,,,,,,7,0,"internal_id=3,ui_id=2",3,2,3,1,-1,25.150000,mono,,,,,,,,,,,,,
1780369427.043520,,,MATCH_ACCEPT,2,0,346.645040,13.460000,353.433842,,5.118481,10.754942,14.747311,7.164874,31.298239,20.037180,3,13,,,,,,,,,,,,,,,,,,,,,
1780369427.043520,,,TargetLost,3,,,,,,,,,,,,,,not_in_valid_tracks,,,,,,,,,,,,,,,,,,,,
1780369427.043520,,,TargetSwitch,2,,,,,,,,,,,,,,master_lost,,,,,,,,,,,,,,,,,,,,
1780369427.043520,,,UI_STATUS_SEND,2,,,,347.775053,167.775053,12.856583,,,,,,4,0,"internal_id=2,ui_id=3",2,3,2,1,-1,25.150000,mono,,,,,,,,,,,,,
1780369428.081200,,,MATCH_ACCEPT,2,0,347.428894,10.982708,344.475008,,15.785059,5.638086,9.945453,3.963635,11.189416,4.520987,4,5,,,,,,,,,,,,,,,,,,,,,
1780369428.081200,,,UI_STATUS_SEND,2,,,,346.370270,166.370270,12.216158,,,,,,5,0,"internal_id=2,ui_id=3",2,3,2,1,-1,155.930000,mono,,,,,,,,,,,,,
1780369430.265043,,,MATCH_ACCEPT,2,0,346.540222,8.367917,341.185468,,14.222558,7.934118,11.182397,5.827798,21.147064,12.816164,5,10,,,,,,,,,,,,,,,,,,,,,
1780369430.265043,,,UI_STATUS_SEND,2,,,,346.047194,166.047194,8.602997,,,,,,6,0,"internal_id=2,ui_id=3",2,3,2,1,-1,97.460000,mono,,,,,,,,,,,,,
1780369430.823256,,,MATCH_ACCEPT,2,0,345.209493,7.740000,345.674652,,7.957320,0.513421,6.073725,2.015283,2.994901,1.066466,6,2,,,,,,,,,,,,,,,,,,,,,
1780369430.823256,,,UI_STATUS_SEND,2,,,,345.455754,165.455754,7.835900,,,,,,7,0,"internal_id=2,ui_id=3",2,3,2,1,-1,97.460000,mono,,,,,,,,,,,,,
1780369431.222578,,,MATCH_ACCEPT,2,0,342.908060,7.322917,345.222584,,7.454908,2.318285,5.606225,1.703616,2.126151,0.776158,7,1,,,,,,,,,,,,,,,,,,,,,
1780369431.222578,,,UI_STATUS_SEND,2,,,,344.327108,164.327108,7.391610,,,,,,8,0,"internal_id=2,ui_id=3",2,3,2,1,-1,97.460000,mono,,,,,,,,,,,,,
1780369432.810275,,,MATCH_REJECT,2,0,339.682631,36.329375,342.221858,,5.076145,31.356212,8.517424,3.644416,8.150868,5.130899,8,7,,,,,,,,,,,,,,,,,,,,,
1780369432.810275,,,NEW_TRACK,4,0,339.682631,36.329375,,,,,,,1.000000,1.000000,1,0,,,,,,,,,,,,,,,,,,,,,
1780369432.810275,,,TargetLost,2,,,,,,,,,,,,,,not_in_valid_tracks,,,,,,,,,,,,,,,,,,,,
1780369433.135845,,,MATCH_REJECT,4,0,359.514766,40.403958,339.682631,,36.329375,20.246378,5.765451,1.830301,1.675000,1.675000,1,1,,,,,,,,,,,,,,,,,,,,,
1780369433.135845,,,NEW_TRACK,5,0,359.514766,40.403958,,,,,,,1.000000,1.000000,1,0,,,,,,,,,,,,,,,,,,,,,
1780369433.135845,,,TargetLost,2,,,,,,,,,,,,,,not_in_valid_tracks,,,,,,,,,,,,,,,,,,,,
1780369434.155631,,no_packet,TRACK_DELETE,1,,,,292.506296,,22.145955,,,,1075.762197,797.261333,0,50,,,,,,,,,,,,,,,,,,,,,
1780369435.567723,,no_packet,TRACK_DELETE,3,,,,253.896929,,19.018803,,,,646.362891,522.303316,0,50,,,,,,,,,,,,,,,,,,,,,
1780369436.872945,,,MATCH_ACCEPT,2,0,335.042175,7.542917,336.565102,,-1.145452,8.820831,23.911017,13.906811,105.977696,87.421709,6,26,,,,,,,,,,,,,,,,,,,,,
1780369436.872945,,,UI_STATUS_SEND,2,,,,335.089101,155.089101,7.460002,,,,,,7,0,"internal_id=2,ui_id=3",2,3,2,1,-1,26.430000,mono,,,,,,,,,,,,,
1780369437.441870,,,MATCH_ACCEPT,4,0,334.109063,39.235208,339.682631,,36.329375,6.285581,34.517859,20.998573,220.470032,220.470032,0,21,,,,,,,,,,,,,,,,,,,,,
1780369437.441870,,,TargetLost,2,,,,,,,,,,,,,,not_in_valid_tracks,,,,,,,,,,,,,,,,,,,,
1780369437.758983,,,MATCH_ACCEPT,4,1,328.654089,40.092292,333.862082,,39.397817,5.254092,6.325413,2.203609,3.788713,1.067179,1,1,,,,,,,,,,,,,,,,,,,,,
1780369437.758983,,,MATCH_ACCEPT,5,0,327.487422,40.862292,359.514766,,40.403958,32.030623,34.576853,21.037902,221.296666,221.296666,0,21,,,,,,,,,,,,,,,,,,,,,
1780369437.758983,,,TargetLost,2,,,,,,,,,,,,,,not_in_valid_tracks,,,,,,,,,,,,,,,,,,,,
1780369438.656728,,,MATCH_ACCEPT,2,0,331.256167,15.544167,332.342668,,8.101165,7.521885,10.452706,4.301804,11.539041,6.966477,5,7,,,,,,,,,,,,,,,,,,,,,
1780369438.656728,,,UI_STATUS_SEND,2,,,,331.637898,151.637898,14.180616,,,,,,6,0,"internal_id=2,ui_id=3",2,3,2,1,-1,159.930000,mono,,,,,,,,,,,,,
1780369439.387253,,,MATCH_REJECT,4,0,7.781693,41.792708,327.740182,,41.168890,40.046371,8.169807,3.846071,8.639606,6.152657,1,7,,,,,,,,,,,,,,,,,,,,,
1780369439.387253,,,NEW_TRACK,6,0,7.781693,41.792708,,,,,,,1.000000,1.000000,1,0,,,,,,,,,,,,,,,,,,,,,
1780369439.387253,,,TargetLost,2,,,,,,,,,,,,,,not_in_valid_tracks,,,,,,,,,,,,,,,,,,,,
1780369439.939799,,,BBOX_REJECT,,0,,,,,,,,,,,,,invalid_clipped_bbox,,,,,,,,,,,3114.000,2312.000,3234.000,2556.000,,,,,,
1780369439.939799,,,TargetLost,2,,,,,,,,,,,,,,not_in_valid_tracks,,,,,,,,,,,,,,,,,,,,
1780369440.344970,,,BBOX_REJECT,,0,,,,,,,,,,,,,invalid_clipped_bbox,,,,,,,,,,,268.000,2288.000,388.000,2532.000,,,,,,
1780369440.344970,,,MATCH_ACCEPT,2,0,333.917626,15.899375,328.551161,,19.892189,6.688909,9.577879,4.784786,15.082463,7.811713,5,7,,,,,,,,,,,,,,,,,,,,,
1780369440.344970,,,TargetKeep,2,,,,,,,,,,,,,,lock_timer_expired,,,,,,,,,,,,,,,,,,,,
1780369440.344970,,,UI_STATUS_SEND,2,,,,333.268665,153.268665,16.147992,,,,,,6,0,"internal_id=2,ui_id=3",2,3,2,1,-1,159.930000,mono,,,,,,,,,,,,,
1780369440.549780,,,BBOX_REJECT,,0,,,,,,,,,,,,,invalid_clipped_bbox,,,,,,,,,,,4012.000,2163.000,4260.000,2343.000,,,,,,
1780369440.549780,,,MATCH_ACCEPT,2,0,334.350568,15.917708,333.218430,,16.557104,1.300217,4.956939,1.704159,2.225266,0.678893,6,1,,,,,,,,,,,,,,,,,,,,,
1780369440.549780,,,UI_STATUS_SEND,2,,,,333.804305,153.804305,16.194643,,,,,,7,0,"internal_id=2,ui_id=3",2,3,2,1,-1,159.930000,mono,,,,,,,,,,,,,
1780369440.920640,,,MATCH_ACCEPT,2,0,334.774396,16.004792,333.810116,,16.632126,1.150385,4.512739,1.408026,1.466073,0.516465,7,1,,,,,,,,,,,,,,,,,,,,,
1780369440.920640,,,UI_STATUS_SEND,2,,,,334.209368,154.209368,16.319137,,,,,,8,0,"internal_id=2,ui_id=3",2,3,2,1,-1,159.930000,mono,,,,,,,,,,,,,
1780369441.243543,,,BBOX_CLIPPED,,0,,,,,,,,,,,,,bbox_out_of_image_bounds,,,,,,,,,,,1865.000,2155.000,1985.000,2399.000,1865.000,2155.000,1985.000,2160.000,1,0.020492
1780369441.244049,,,MATCH_ACCEPT,2,0,335.275698,16.064375,334.274912,,16.682558,1.176317,4.392190,1.327660,1.261345,0.501335,8,1,,,,,,,,,,,,,,,,,,,,,
1780369441.244049,,,MATCH_REJECT,4,1,342.793786,4.561458,324.296870,,42.592714,42.290807,13.668059,7.511573,30.356004,26.067722,0,14,,,,,,,,,,,,,,,,,,,,,
1780369441.244049,,,NEW_TRACK,7,1,342.793786,4.561458,,,,,,,1.000000,1.000000,1,0,,,,,,,,,,,,,,,,,,,,,
1780369441.243543,,,UI_STATUS_SEND,2,,,,334.653293,154.653293,16.378729,,,,,,9,0,"internal_id=2,ui_id=3",2,3,2,1,-1,159.930000,mono,,,,,,,,,,,,,
1780369441.467789,,,MATCH_ACCEPT,2,0,336.057274,16.137708,334.772026,,16.632756,1.377293,4.318619,1.278613,1.157804,0.477046,9,1,,,,,,,,,,,,,,,,,,,,,
1780369441.467282,,,UI_STATUS_SEND,2,,,,335.232355,155.232355,16.395587,,,,,,10,0,"internal_id=2,ui_id=3",2,3,2,1,-1,159.930000,mono,,,,,,,,,,,,,
1780369441.709228,,,MATCH_ACCEPT,7,0,348.968917,5.622500,342.793786,,4.561458,6.265624,7.802466,2.561377,3.280327,3.280327,0,2,,,,,,,,,,,,,,,,,,,,,
1780369441.709228,,,TargetLost,2,,,,,,,,,,,,,,not_in_valid_tracks,,,,,,,,,,,,,,,,,,,,
1780369441.984625,,,MATCH_ACCEPT,2,0,336.720360,16.229375,335.667216,,16.831312,1.213029,4.830912,1.620141,1.765096,0.859761,9,2,,,,,,,,,,,,,,,,,,,,,
1780369441.984121,,,UI_STATUS_SEND,2,,,,336.151317,156.151317,16.455878,,,,,,10,0,"internal_id=2,ui_id=3",2,3,2,1,-1,159.930000,mono,,,,,,,,,,,,,
1780369442.259686,,,MATCH_ACCEPT,2,0,337.312808,16.293542,336.463391,,16.589726,0.899575,4.538648,1.425298,1.448856,0.582619,10,1,,,,,,,,,,,,,,,,,,,,,
1780369442.259686,,,MATCH_REJECT,7,1,357.851942,7.300000,346.497186,,5.804455,11.452822,9.068794,3.379196,7.319826,4.099138,0,2,,,,,,,,,,,,,,,,,,,,,
1780369442.259686,,,NEW_TRACK,8,1,357.851942,7.300000,,,,,,,1.000000,1.000000,1,0,,,,,,,,,,,,,,,,,,,,,
1780369442.259686,,,UI_STATUS_SEND,2,,,,336.812653,156.812653,16.433039,,,,,,11,0,"internal_id=2,ui_id=3",2,3,2,1,-1,159.930000,mono,,,,,,,,,,,,,
1780369442.526857,,,MATCH_ACCEPT,2,0,337.786766,16.348542,337.188772,,16.530949,0.625196,4.412836,1.341424,1.294700,0.504719,11,1,,,,,,,,,,,,,,,,,,,,,
1780369442.526857,,,MATCH_ACCEPT,8,1,2.864962,7.492500,357.851942,,7.300000,5.016715,6.745451,1.830301,1.675000,1.675000,1,1,,,,,,,,,,,,,,,,,,,,,
1780369442.526857,,,TargetKeep,2,,,,,,,,,,,,,,lock_timer_expired,,,,,,,,,,,,,,,,,,,,
1780369442.526857,,,UI_STATUS_SEND,2,,,,337.418545,157.418545,16.440992,,,,,,12,0,"internal_id=2,ui_id=3",2,3,2,1,-1,159.930000,mono,,,,,,,,,,,,,
1780369442.921536,,,MATCH_ACCEPT,2,0,338.269839,16.398958,337.836396,,16.517981,0.449488,4.350628,1.299952,1.211604,0.478272,12,1,,,,,,,,,,,,,,,,,,,,,
1780369442.921536,,,UI_STATUS_SEND,2,,,,337.996194,157.996194,16.460883,,,,,,13,0,"internal_id=2,ui_id=3",2,3,2,1,-1,159.930000,mono,,,,,,,,,,,,,
1780369443.202414,,,BBOX_CLIPPED,,0,,,,,,,,,,,,,bbox_out_of_image_bounds,,,,,,,,,,,3775.000,1371.000,4023.000,1551.000,3775.000,1371.000,3840.000,1551.000,1,0.262097
1780369443.202414,,,MATCH_ACCEPT,2,0,338.748355,16.412708,338.443006,,16.524385,0.325131,4.318340,1.278427,1.164808,0.469566,13,1,,,,,,,,,,,,,,,,,,,,,
1780369443.202414,,,MATCH_REJECT,8,1,8.677788,7.753750,359.702173,,7.473919,8.979976,8.732200,3.154800,5.757926,4.194836,1,2,,,,,,,,,,,,,,,,,,,,,
1780369443.202414,,,NEW_TRACK,9,1,8.677788,7.753750,,,,,,,1.000000,1.000000,1,0,,,,,,,,,,,,,,,,,,,,,
1780369443.202414,,,UI_STATUS_SEND,2,,,,338.552794,158.552794,16.471323,,,,,,14,0,"internal_id=2,ui_id=3",2,3,2,1,-1,159.930000,mono,,,,,,,,,,,,,
1780369443.529912,,,MATCH_ACCEPT,2,0,339.363589,16.486042,339.019518,,16.522174,0.345963,4.300981,1.266854,1.137944,0.466975,14,1,,,,,,,,,,,,,,,,,,,,,
1780369443.529912,,,UI_STATUS_SEND,2,,,,339.141386,159.141386,16.505056,,,,,,15,0,"internal_id=2,ui_id=3",2,3,2,1,-1,159.930000,mono,,,,,,,,,,,,,
1780369443.790042,,,MATCH_ACCEPT,2,0,339.860334,16.573125,339.630241,,16.551810,0.231078,4.291258,1.260372,1.122350,0.466188,15,1,,,,,,,,,,,,,,,,,,,,,
1780369443.790042,,,MATCH_REJECT,9,1,18.147842,6.502500,8.677788,,7.753750,9.552358,8.031904,2.687936,3.612500,3.612500,0,2,,,,,,,,,,,,,,,,,,,,,
1780369443.790042,,,NEW_TRACK,10,1,18.147842,6.502500,,,,,,,1.000000,1.000000,1,0,,,,,,,,,,,,,,,,,,,,,
1780369443.789536,,,UI_STATUS_SEND,2,,,,339.711014,159.711014,16.561899,,,,,,16,0,"internal_id=2,ui_id=3",2,3,2,1,-1,159.930000,mono,,,,,,,,,,,,,
1780369444.038143,,,MATCH_ACCEPT,2,0,340.471011,16.641875,340.211746,,16.610796,0.261121,4.283463,1.255175,1.110922,0.464542,16,1,,,,,,,,,,,,,,,,,,,,,
1780369444.038143,,,UI_STATUS_SEND,2,,,,340.302156,160.302156,16.625479,,,,,,17,0,"internal_id=2,ui_id=3",2,3,2,1,-1,159.930000,mono,,,,,,,,,,,,,
1780369444.405048,,,MATCH_ACCEPT,2,0,340.972313,16.701458,340.822135,,16.678164,0.151974,4.281021,1.253547,1.106418,0.464962,17,1,,,,,,,,,,,,,,,,,,,,,
1780369444.405048,,,MATCH_REJECT,10,1,29.304694,5.045000,18.147842,,6.502500,11.251651,8.024136,2.682757,3.598593,3.598593,0,2,,,,,,,,,,,,,,,,,,,,,
1780369444.405048,,,NEW_TRACK,11,1,29.304694,5.045000,,,,,,,1.000000,1.000000,1,0,,,,,,,,,,,,,,,,,,,,,
1780369444.405048,,,UI_STATUS_SEND,2,,,,340.874367,160.874367,16.689175,,,,,,18,0,"internal_id=2,ui_id=3",2,3,2,1,-1,159.930000,mono,,,,,,,,,,,,,
1780369444.608517,,,MATCH_ACCEPT,2,0,341.608055,16.765625,341.305301,,16.734197,0.304381,4.211179,1.206986,1.031354,0.425461,18,1,,,,,,,,,,,,,,,,,,,,,
1780369444.608517,,,TargetKeep,2,,,,,,,,,,,,,,lock_timer_expired,,,,,,,,,,,,,,,,,,,,
1780369444.608517,,,UI_STATUS_SEND,2,,,,341.405826,161.405826,16.748359,,,,,,19,0,"internal_id=2,ui_id=3",2,3,2,1,-1,155.930000,mono,,,,,,,,,,,,,
1780369444.912679,,,BBOX_CLIPPED,,0,,,,,,,,,,,,,bbox_out_of_image_bounds,,,,,,,,,,,1837.000,2074.000,2085.000,2254.000,1837.000,2074.000,2085.000,2160.000,1,0.477778
1780369444.912679,,,MATCH_ACCEPT,2,0,342.111636,16.829792,341.953618,,16.807054,0.159646,4.283794,1.228729,1.060486,0.449289,19,1,,,,,,,,,,,,,,,,,,,,,
1780369444.912679,,,MATCH_ACCEPT,11,1,34.495449,4.747083,29.304694,,5.045000,5.199297,6.827016,2.517477,3.168846,3.168846,0,2,,,,,,,,,,,,,,,,,,,,,
1780369444.912679,,,UI_STATUS_SEND,2,,,,342.005903,162.005903,16.817421,,,,,,20,0,"internal_id=2,ui_id=3",2,3,2,1,-1,159.930000,mono,,,,,,,,,,,,,
1780369445.232622,,,BBOX_REJECT,,0,,,,,,,,,,,,,invalid_clipped_bbox,,,,,,,,,,,3246.000,2161.000,3494.000,2341.000,,,,,,
1780369445.232622,,,MATCH_ACCEPT,2,0,342.626610,16.880208,342.563364,,16.878650,0.063266,4.275094,1.249596,1.093145,0.468345,20,1,,,,,,,,,,,,,,,,,,,,,
1780369445.232622,,,UI_STATUS_SEND,2,,,,342.585188,162.585188,16.879389,,,,,,21,0,"internal_id=2,ui_id=3",2,3,2,1,-1,159.930000,mono,,,,,,,,,,,,,
1780369445.483998,,,MATCH_ACCEPT,2,0,343.209943,16.898542,343.146688,,16.940798,0.076072,4.281067,1.253578,1.101685,0.469772,21,1,,,,,,,,,,,,,,,,,,,,,
1780369445.483998,,,UI_STATUS_SEND,2,,,,343.168626,163.168626,16.920716,,,,,,22,0,"internal_id=2,ui_id=3",2,3,2,1,-1,159.930000,mono,,,,,,,,,,,,,
1780369445.714027,,,MATCH_ACCEPT,2,0,343.729474,16.999375,343.688997,,16.972748,0.048450,4.252789,1.234726,1.073303,0.451246,22,1,,,,,,,,,,,,,,,,,,,,,
1780369445.714027,,,UI_STATUS_SEND,2,,,,343.702797,163.702797,16.985136,,,,,,23,0,"internal_id=2,ui_id=3",2,3,2,1,-1,159.930000,mono,,,,,,,,,,,,,
1780369446.037247,,,MATCH_ACCEPT,2,0,344.192040,17.049792,344.270881,,17.044665,0.079008,4.267385,1.244457,1.087820,0.460852,23,1,,,,,,,,,,,,,,,,,,,,,
1780369446.036742,,,UI_STATUS_SEND,2,,,,344.243763,164.243763,17.047077,,,,,,24,0,"internal_id=2,ui_id=3",2,3,2,1,-1,155.930000,mono,,,,,,,,,,,,,
1780369446.261509,,,MATCH_ACCEPT,2,0,344.652326,17.104792,344.750018,,17.101122,0.097761,4.277820,1.224747,1.056732,0.443273,24,1,,,,,,,,,,,,,,,,,,,,,
1780369446.261509,,,MATCH_ACCEPT,7,1,335.001159,7.497083,357.036256,,9.341755,22.112175,29.128041,16.752027,164.132267,116.498149,0,16,,,,,,,,,,,,,,,,,,,,,
1780369446.261509,,,UI_STATUS_SEND,2,,,,344.717770,164.717770,17.102783,,,,,,25,0,"internal_id=2,ui_id=3",2,3,2,1,-1,155.930000,mono,,,,,,,,,,,,,
1780369446.604743,,,MATCH_ACCEPT,2,0,345.324527,17.178125,345.274922,,17.163296,0.051773,4.310097,1.246265,1.089337,0.463838,25,1,,,,,,,,,,,,,,,,,,,,,
1780369446.604743,,,TargetKeep,2,,,,,,,,,,,,,,lock_timer_expired,,,,,,,,,,,,,,,,,,,,
1780369446.604743,,,UI_STATUS_SEND,2,,,,345.291632,165.291632,17.170174,,,,,,26,0,"internal_id=2,ui_id=3",2,3,2,1,-1,159.930000,mono,,,,,,,,,,,,,
1780369446.959025,,,MATCH_ACCEPT,2,0,345.989891,17.260625,345.851869,,17.232358,0.140887,4.288158,1.258305,1.109946,0.473386,26,1,,,,,,,,,,,,,,,,,,,,,
1780369446.959025,,,UI_STATUS_SEND,2,,,,345.899973,165.899973,17.245846,,,,,,27,0,"internal_id=2,ui_id=3",2,3,2,1,-1,159.930000,mono,,,,,,,,,,,,,
1780369447.182586,,,MATCH_ACCEPT,2,0,346.436506,17.306458,346.408874,,17.304366,0.027711,4.246451,1.230500,1.067164,0.446967,27,1,,,,,,,,,,,,,,,,,,,,,
1780369447.182586,,,UI_STATUS_SEND,2,,,,346.418259,166.418259,17.305334,,,,,,28,0,"internal_id=2,ui_id=3",2,3,2,1,-1,159.930000,mono,,,,,,,,,,,,,
1780369447.580765,,,MATCH_ACCEPT,2,0,347.156558,17.384375,346.989067,,17.371007,0.168023,4.264003,1.242202,1.083826,0.459239,28,1,,,,,,,,,,,,,,,,,,,,,
1780369447.580260,,,UI_STATUS_SEND,2,,,,347.046539,167.046539,17.377285,,,,,,29,0,"internal_id=2,ui_id=3",2,3,2,1,-1,159.930000,mono,,,,,,,,,,,,,
1780369447.799543,,,MATCH_ACCEPT,2,0,348.074852,17.457708,347.556507,,17.436225,0.518790,4.228529,1.218552,1.046328,0.438542,29,1,,,,,,,,,,,,,,,,,,,,,
1780369447.799543,,,UI_STATUS_SEND,2,,,,347.730277,167.730277,17.446067,,,,,,30,0,"internal_id=2,ui_id=3",2,3,2,1,-1,155.930000,mono,,,,,,,,,,,,,
1780369448.143874,,,BBOX_REJECT,,0,,,,,,,,,,,,,invalid_clipped_bbox,,,,,,,,,,,4003.000,1374.000,4043.000,1425.000,,,,,,
1780369448.144378,,,MATCH_ACCEPT,2,1,352.603113,17.347708,348.343730,,17.515646,4.262692,4.296131,1.236954,1.073069,0.456986,30,1,,,,,,,,,,,,,,,,,,,,,
1780369448.144378,,,MATCH_ACCEPT,10,0,28.928717,4.900625,18.147842,,6.502500,10.899233,29.365782,16.910521,142.982864,142.982864,0,15,,,,,,,,,,,,,,,,,,,,,
1780369448.143874,,,UI_STATUS_SEND,2,,,,349.764236,169.764236,17.438369,,,,,,31,0,"internal_id=2,ui_id=3",2,3,2,1,-1,155.930000,mono,,,,,,,,,,,,,
1780369448.620392,,,MATCH_ACCEPT,2,0,353.184167,17.329375,351.353151,,17.530146,1.841991,4.714533,1.515889,1.542048,0.755871,31,2,,,,,,,,,,,,,,,,,,,,,
1780369448.620392,,,UI_STATUS_SEND,2,,,,352.119042,172.119042,17.412687,,,,,,32,0,"internal_id=2,ui_id=3",2,3,2,1,-1,159.930000,mono,,,,,,,,,,,,,
1780369448.865808,,,MATCH_ACCEPT,2,0,353.623946,17.388958,353.111719,,17.436274,0.514407,4.462394,1.374463,1.332084,0.557063,32,1,,,,,,,,,,,,,,,,,,,,,
1780369448.865300,,,TargetKeep,2,,,,,,,,,,,,,,lock_timer_expired,,,,,,,,,,,,,,,,,,,,
1780369448.865300,,,UI_STATUS_SEND,2,,,,353.311998,173.311998,17.411772,,,,,,33,0,"internal_id=2,ui_id=3",2,3,2,1,-1,155.930000,mono,,,,,,,,,,,,,
1780369449.157012,,,MATCH_ACCEPT,2,0,353.986251,17.407292,354.360437,,17.430289,0.374893,4.403771,1.308714,1.218006,0.494727,33,1,,,,,,,,,,,,,,,,,,,,,
1780369449.157012,,,UI_STATUS_SEND,2,,,,354.224896,174.224896,17.419252,,,,,,34,0,"internal_id=2,ui_id=3",2,3,2,1,-1,159.930000,mono,,,,,,,,,,,,,
1780369449.621084,,,MATCH_ACCEPT,2,1,355.310144,17.407292,356.073721,,17.448029,0.764663,4.712630,1.541287,1.614264,0.761301,34,2,,,,,,,,,,,,,,,,,,,,,
1780369449.621084,,,MATCH_ACCEPT,8,0,354.740482,17.430208,8.397618,,8.291277,16.432815,46.152859,28.101906,420.247859,369.469270,0,25,,,,,,,,,,,,,,,,,,,,,
1780369449.621084,,,UI_STATUS_SEND,2,,,,355.739595,175.739595,17.423800,,,,,,35,0,"internal_id=2,ui_id=3",2,3,2,1,-1,155.930000,mono,,,,,,,,,,,,,
1780369450.029141,,,MATCH_ACCEPT,2,0,355.955001,17.434792,357.316238,,17.441000,1.361252,4.819669,1.585980,1.724683,0.790649,35,2,,,,,,,,,,,,,,,,,,,,,
1780369450.029141,,,MATCH_ACCEPT,7,1,335.625508,5.705000,328.938260,,9.375895,7.628549,16.664227,8.442818,43.050287,28.230894,0,14,,,,,,,,,,,,,,,,,,,,,
1780369450.028637,,,UI_STATUS_SEND,2,,,,356.709472,176.709472,17.437300,,,,,,36,0,"internal_id=2,ui_id=3",2,3,2,1,-1,159.930000,mono,,,,,,,,,,,,,
1780369450.288262,,,MATCH_ACCEPT,2,0,356.536055,17.489792,357.575033,,17.447052,1.039856,4.506857,1.404105,1.404592,0.566918,36,1,,,,,,,,,,,,,,,,,,,,,
1780369450.288262,,,UI_STATUS_SEND,2,,,,357.155610,177.155610,17.469371,,,,,,37,0,"internal_id=2,ui_id=3",2,3,2,1,-1,155.930000,mono,,,,,,,,,,,,,
1780369450.534090,,,MATCH_ACCEPT,2,0,357.041915,17.471458,357.936653,,17.483931,0.894825,4.417102,1.317601,1.239709,0.496363,37,1,,,,,,,,,,,,,,,,,,,,,
1780369450.534090,,,UI_STATUS_SEND,2,,,,357.608893,177.608893,17.477935,,,,,,38,0,"internal_id=2,ui_id=3",2,3,2,1,-1,155.930000,mono,,,,,,,,,,,,,
1780369450.783886,,,MATCH_ACCEPT,2,0,357.625248,17.526458,358.345537,,17.491316,0.721146,4.377573,1.291249,1.182222,0.485102,38,1,,,,,,,,,,,,,,,,,,,,,
1780369450.783886,,,UI_STATUS_SEND,2,,,,358.089569,178.089569,17.508009,,,,,,39,0,"internal_id=2,ui_id=3",2,3,2,1,-1,155.930000,mono,,,,,,,,,,,,,
1780369451.054124,,,MATCH_ACCEPT,2,0,358.199467,17.540208,358.781307,,17.525417,0.582029,4.360497,1.279865,1.155770,0.482284,39,1,,,,,,,,,,,,,,,,,,,,,
1780369451.054124,,,TRACK_DELETE,4,,,,305.292384,,50.451153,,,,707.790099,683.101995,0,50,,,,,,,,,,,,,,,,,,,,,
1780369451.054124,,,TRACK_DELETE,5,,,,239.604321,,42.139026,,,,710.458841,675.479888,0,50,,,,,,,,,,,,,,,,,,,,,
1780369451.054124,,,TargetKeep,2,,,,,,,,,,,,,,lock_timer_expired,,,,,,,,,,,,,,,,,,,,
1780369451.054124,,,UI_STATUS_SEND,2,,,,358.577546,178.577546,17.532422,,,,,,40,0,"internal_id=2,ui_id=3",2,3,2,1,-1,155.930000,mono,,,,,,,,,,,,,
1780369451.318699,,,MATCH_ACCEPT,2,1,359.284102,17.535625,359.232580,,17.551519,0.053918,4.352445,1.274496,1.143649,0.480692,40,1,,,,,,,,,,,,,,,,,,,,,
1780369451.318699,,,MATCH_ACCEPT,8,0,358.707605,17.558542,353.708522,,20.286083,5.694762,10.045528,5.069885,16.687743,9.015992,0,7,,,,,,,,,,,,,,,,,,,,,
1780369451.318699,,,UI_STATUS_SEND,2,,,,359.250500,179.250500,17.544006,,,,,,41,0,"internal_id=2,ui_id=3",2,3,2,1,-1,155.930000,mono,,,,,,,,,,,,,
1780369451.935498,,,MATCH_ACCEPT,2,0,359.867435,17.595208,0.874615,,17.586667,1.007215,5.088595,1.765263,2.041892,1.074262,41,3,,,,,,,,,,,,,,,,,,,,,
1780369451.935498,,,UI_STATUS_SEND,2,,,,0.383371,180.383371,17.592365,,,,,,42,0,"internal_id=2,ui_id=3",2,3,2,1,-1,155.930000,mono,,,,,,,,,,,,,
1780369452.217462,,,MATCH_ACCEPT,2,0,0.484948,17.613542,0.959123,,17.610848,0.474182,4.637783,1.464722,1.528320,0.617090,42,1,,,,,,,,,,,,,,,,,,,,,
1780369452.216956,,,UI_STATUS_SEND,2,,,,0.761813,180.761813,17.612290,,,,,,43,0,"internal_id=2,ui_id=3",2,3,2,1,-1,159.930000,mono,,,,,,,,,,,,,
1780369452.460136,,,MATCH_ACCEPT,2,0,1.179935,17.641042,1.289632,,17.630575,0.110195,4.422884,1.348123,1.305254,0.512181,43,1,,,,,,,,,,,,,,,,,,,,,
1780369452.460136,,,UI_STATUS_SEND,2,,,,1.247271,181.247271,17.635775,,,,,,44,0,"internal_id=2,ui_id=3",2,3,2,1,-1,155.930000,mono,,,,,,,,,,,,,
1780369452.798768,,,BBOX_REJECT,,0,,,,,,,,,,,,,invalid_clipped_bbox,,,,,,,,,,,3166.000,2244.000,3230.000,2364.000,,,,,,
1780369452.798768,,,MATCH_ACCEPT,2,0,1.799727,17.654792,1.782649,,17.655767,0.017106,4.385053,1.296235,1.198482,0.481744,44,1,,,,,,,,,,,,,,,,,,,,,
1780369452.798768,,,TRACK_DELETE,6,,,,7.781693,,41.792708,,,,1844.657534,1844.657534,0,50,,,,,,,,,,,,,,,,,,,,,
1780369452.798768,,,UI_STATUS_SEND,2,,,,1.788771,181.788771,17.655306,,,,,,45,0,"internal_id=2,ui_id=3",2,3,2,1,-1,155.930000,mono,,,,,,,,,,,,,
1780369453.093025,,,MATCH_ACCEPT,2,1,2.310144,17.673125,2.325223,,17.675188,0.015220,4.362211,1.281008,1.161050,0.479931,45,1,,,,,,,,,,,,,,,,,,,,,
1780369453.093025,,,MATCH_ACCEPT,8,0,358.077528,12.724375,359.273272,,18.508752,5.906677,8.406181,4.003654,10.101204,5.928040,0,7,,,,,,,,,,,,,,,,,,,,,
1780369453.093025,,,UI_STATUS_SEND,2,,,,2.319927,182.319927,17.674213,,,,,,46,0,"internal_id=2,ui_id=3",2,3,2,1,-1,155.930000,mono,,,,,,,,,,,,,
1780369453.365227,,,MATCH_ACCEPT,2,0,3.048425,17.691458,2.855432,,17.693861,0.193008,4.352328,1.274419,1.144280,0.479864,46,1,,,,,,,,,,,,,,,,,,,,,
1780369453.365227,,,TargetKeep,2,,,,,,,,,,,,,,lock_timer_expired,,,,,,,,,,,,,,,,,,,,
1780369453.365227,,,UI_STATUS_SEND,2,,,,2.922581,182.922581,17.692726,,,,,,47,0,"internal_id=2,ui_id=3",2,3,2,1,-1,47.250000,mono,,,,,,,,,,,,,
1780369453.618700,,,MATCH_ACCEPT,2,0,3.745691,17.718958,3.470205,,17.712100,0.275571,5.906867,1.271245,1.136982,0.479081,47,1,,,,,,,,,,,,,,,,,,,,,
1780369453.618175,,,UI_STATUS_SEND,2,,,,3.512607,183.512607,17.713709,,,,,,48,0,"internal_id=2,ui_id=3",2,3,2,1,-1,97.460000,mono,,,,,,,,,,,,,
1780369453.980816,,,MATCH_ACCEPT,2,0,4.297123,17.737292,4.067920,,17.733469,0.229235,5.220120,1.446213,1.439125,0.652409,48,1,,,,,,,,,,,,,,,,,,,,,
1780369453.980816,,,MATCH_ACCEPT,7,2,341.159997,9.662708,332.631509,,3.912347,10.285999,18.224406,9.482937,53.916538,36.009556,0,15,,,,,,,,,,,,,,,,,,,,,
1780369453.980816,,,MATCH_REJECT,8,1,354.665287,22.027292,358.469904,,11.362871,11.322763,5.948675,2.365316,3.955954,1.638768,0,3,,,,,,,,,,,,,,,,,,,,,
1780369453.980816,,,NEW_TRACK,12,1,354.665287,22.027292,,,,,,,1.000000,1.000000,1,0,,,,,,,,,,,,,,,,,,,,,
1780369453.980312,,,UI_STATUS_SEND,2,,,,4.136519,184.136519,17.735138,,,,,,49,0,"internal_id=2,ui_id=3",2,3,2,1,-1,47.250000,mono,,,,,,,,,,,,,
1780369454.230714,,,MATCH_ACCEPT,2,2,5.117435,17.764792,4.703602,,17.755266,0.413943,6.190055,1.460036,1.489779,0.641928,49,1,,,,,,,,,,,,,,,,,,,,,
1780369454.230714,,,MATCH_REJECT,8,0,0.412032,17.659375,358.532747,,10.754196,7.156341,6.516861,2.744107,5.166110,2.364015,0,4,,,,,,,,,,,,,,,,,,,,,
1780369454.230714,,,MATCH_REJECT,12,1,359.830977,18.026042,354.665287,,22.027292,6.534092,5.145654,1.829969,1.674393,1.674393,1,1,,,,,,,,,,,,,,,,,,,,,
1780369454.230714,,,NEW_TRACK,13,0,0.412032,17.659375,,,,,,,1.000000,1.000000,1,0,,,,,,,,,,,,,,,,,,,,,
1780369454.230714,,,NEW_TRACK,14,1,359.830977,18.026042,,,,,,,1.000000,1.000000,1,0,,,,,,,,,,,,,,,,,,,,,
1780369454.230191,,,UI_STATUS_SEND,2,,,,4.783258,184.783258,17.758040,,,,,,50,0,"internal_id=2,ui_id=3",2,3,2,1,-1,97.460000,mono,,,,,,,,,,,,,
1780369454.486432,,,MATCH_ACCEPT,2,0,4.595626,15.312708,5.364225,,17.778787,2.583078,5.428166,1.584910,1.745681,0.766260,50,1,,,,,,,,,,,,,,,,,,,,,
1780369454.486432,,,UI_STATUS_SEND,2,,,,5.101910,185.101910,16.604051,,,,,,51,0,"internal_id=2,ui_id=3",2,3,2,1,-1,159.930000,mono,,,,,,,,,,,,,
1780369454.689319,,,MATCH_ACCEPT,2,1,6.261316,17.792292,5.537293,,16.420705,1.550954,4.616924,1.477483,1.557239,0.625716,51,1,,,,,,,,,,,,,,,,,,,,,
1780369454.689319,,,MATCH_ACCEPT,13,0,5.746342,17.783125,0.412032,,17.659375,5.335745,6.168473,2.511849,3.154692,3.154692,0,2,,,,,,,,,,,,,,,,,,,,,
1780369454.688815,,,UI_STATUS_SEND,2,,,,5.847717,185.847717,17.170626,,,,,,52,0,"internal_id=2,ui_id=3",2,3,2,1,-1,97.460000,mono,,,,,,,,,,,,,
1780369455.209206,,,MATCH_ACCEPT,2,0,7.054284,17.815208,6.906434,,17.045710,0.783574,5.444202,1.595601,1.757416,0.788528,52,2,,,,,,,,,,,,,,,,,,,,,
1780369455.209206,,,UI_STATUS_SEND,2,,,,6.957117,186.957117,17.417768,,,,,,53,0,"internal_id=2,ui_id=3",2,3,2,1,-1,97.460000,mono,,,,,,,,,,,,,
1780369455.506684,,,MATCH_ACCEPT,2,0,7.692305,17.838125,7.553532,,17.429100,0.431925,5.355838,1.536692,1.665288,0.696134,53,1,,,,,,,,,,,,,,,,,,,,,
1780369455.506684,,,TargetKeep,2,,,,,,,,,,,,,,lock_timer_expired,,,,,,,,,,,,,,,,,,,,
1780369455.506684,,,UI_STATUS_SEND,2,,,,7.599434,187.599434,17.614180,,,,,,54,0,"internal_id=2,ui_id=3",2,3,2,1,-1,97.460000,mono,,,,,,,,,,,,,
1780369455.872135,,,MATCH_ACCEPT,2,0,11.030967,15.791667,8.203321,,17.665526,3.392187,5.307199,1.504266,1.606952,0.655864,54,1,,,,,,,,,,,,,,,,,,,,,
1780369455.872135,,,MATCH_ACCEPT,13,1,11.762413,15.803125,8.053173,,17.911734,4.266695,9.266669,4.143913,10.858812,6.313200,0,4,,,,,,,,,,,,,,,,,,,,,
1780369455.871104,,,UI_STATUS_SEND,2,,,,9.116440,189.116440,16.845201,,,,,,55,0,"internal_id=2,ui_id=3",2,3,2,1,-1,159.930000,mono,,,,,,,,,,,,,
1780369456.409389,,,MATCH_ACCEPT,13,0,12.343467,15.729792,13.951540,,15.397494,1.642047,6.312522,2.581215,4.944394,1.718276,1,2,,,,,,,,,,,,,,,,,,,,,
1780369456.409389,,,TargetLost,2,,,,,,,,,,,,,,not_in_valid_tracks,,,,,,,,,,,,,,,,,,,,
1780369456.677748,,,MATCH_ACCEPT,13,0,12.865277,15.734375,14.352146,,15.337332,1.538968,4.906706,1.670671,2.111476,0.679665,2,1,,,,,,,,,,,,,,,,,,,,,
1780369456.677748,,,TRACK_DELETE,9,,,,8.677788,,7.753750,,,,1863.320071,1863.320071,0,50,,,,,,,,,,,,,,,,,,,,,
1780369456.677243,,,TargetLost,2,,,,,,,,,,,,,,not_in_valid_tracks,,,,,,,,,,,,,,,,,,,,
1780369456.677243,,,TargetSwitch,13,,,,,,,,,,,,,,master_lost,,,,,,,,,,,,,,,,,,,,
1780369456.677243,,,UI_STATUS_SEND,13,,,,13.602200,193.602200,15.562518,,,,,,3,0,"internal_id=13,ui_id=4",13,4,13,1,-1,155.930000,mono,,,,,,,,,,,,,
1780369456.933872,,,MATCH_ACCEPT,13,0,13.450889,15.661042,15.007132,,15.296298,1.598415,4.578918,1.425479,1.504913,0.527077,3,1,,,,,,,,,,,,,,,,,,,,,
1780369456.933872,,,UI_STATUS_SEND,13,,,,14.365387,194.365387,15.477117,,,,,,4,0,"internal_id=13,ui_id=4",13,4,13,1,-1,159.930000,mono,,,,,,,,,,,,,
1780369457.282406,,,MATCH_ACCEPT,13,0,14.257530,15.628958,15.665940,,15.252478,1.457860,4.410615,1.339944,1.299216,0.496233,4,1,,,,,,,,,,,,,,,,,,,,,
1780369457.282406,,,UI_STATUS_SEND,13,,,,15.123612,195.123612,15.436551,,,,,,5,0,"internal_id=13,ui_id=4",13,4,13,1,-1,159.930000,mono,,,,,,,,,,,,,
1780369457.639739,,,MATCH_ACCEPT,2,0,14.765668,15.633542,13.483753,,16.109841,1.367540,7.385745,3.323363,6.774168,4.270576,51,6,,,,,,,,,,,,,,,,,,,,,
1780369457.639739,,,TargetLost,13,,,,,,,,,,,,,,not_in_valid_tracks,,,,,,,,,,,,,,,,,,,,
1780369457.639739,,,TargetSwitch,2,,,,,,,,,,,,,,master_lost,,,,,,,,,,,,,,,,,,,,
1780369457.639739,,,UI_STATUS_SEND,2,,,,14.465099,194.465099,15.685127,,,,,,52,0,"internal_id=2,ui_id=3",2,3,2,1,-1,155.930000,mono,,,,,,,,,,,,,
1780369457.863372,,,MATCH_ACCEPT,2,0,15.540407,15.578542,15.244277,,15.517604,0.302335,4.914583,1.649255,2.044343,0.675700,52,1,,,,,,,,,,,,,,,,,,,,,
1780369457.863372,,,UI_STATUS_SEND,2,,,,15.388801,195.388801,15.551582,,,,,,53,0,"internal_id=2,ui_id=3",2,3,2,1,-1,155.930000,mono,,,,,,,,,,,,,
1780369458.213759,,,MATCH_ACCEPT,2,0,16.030316,15.532708,16.278341,,15.370161,0.296543,4.534128,1.395619,1.438153,0.509598,53,1,,,,,,,,,,,,,,,,,,,,,
1780369458.213759,,,UI_STATUS_SEND,2,,,,16.178779,196.178779,15.449373,,,,,,54,0,"internal_id=2,ui_id=3",2,3,2,1,-1,159.930000,mono,,,,,,,,,,,,,
1780369458.537095,,,MATCH_ACCEPT,2,0,16.675173,15.427292,17.053946,,15.284920,0.404647,4.365347,1.309765,1.233527,0.481957,54,1,,,,,,,,,,,,,,,,,,,,,
1780369458.537601,,,TRACK_DELETE,11,,,,75.087944,,0.761946,,,,1533.599044,1213.168992,0,50,,,,,,,,,,,,,,,,,,,,,
1780369458.537095,,,UI_STATUS_SEND,2,,,,16.912719,196.912719,15.353492,,,,,,55,0,"internal_id=2,ui_id=3",2,3,2,1,-1,47.250000,mono,,,,,,,,,,,,,
1780369458.874072,,,MATCH_ACCEPT,2,0,17.076215,15.326458,17.765171,,15.205362,0.699517,5.911594,1.274396,1.147204,0.476880,55,1,,,,,,,,,,,,,,,,,,,,,
1780369458.874072,,,MATCH_ACCEPT,13,1,17.714235,15.170625,21.037592,,14.553701,3.380132,6.472676,2.714651,4.546303,2.823026,1,5,,,,,,,,,,,,,,,,,,,,,
1780369458.874072,,,UI_STATUS_SEND,2,,,,17.658323,197.658323,15.233679,,,,,,56,0,"internal_id=2,ui_id=3",2,3,2,1,-1,155.930000,mono,,,,,,,,,,,,,
1780369459.470812,,,MATCH_ACCEPT,2,0,18.033246,15.033125,19.165137,,14.978632,1.133202,5.025375,1.723117,1.957287,1.011844,56,2,,,,,,,,,,,,,,,,,,,,,
1780369459.470308,,,UI_STATUS_SEND,2,,,,18.625026,198.625026,15.014252,,,,,,57,0,"internal_id=2,ui_id=3",2,3,2,1,-1,155.930000,mono,,,,,,,,,,,,,
1780369459.783190,,,MATCH_ACCEPT,2,0,18.600629,14.815417,19.368213,,14.880775,0.770362,4.618100,1.451600,1.497590,0.609552,57,1,,,,,,,,,,,,,,,,,,,,,
1780369459.783190,,,UI_STATUS_SEND,2,,,,19.052592,199.052592,14.846002,,,,,,58,0,"internal_id=2,ui_id=3",2,3,2,1,-1,155.930000,mono,,,,,,,,,,,,,
1780369460.319999,,,MATCH_ACCEPT,2,0,19.085980,14.561042,20.297858,,14.591352,1.212257,4.849869,1.606113,1.776787,0.802811,58,2,,,,,,,,,,,,,,,,,,,,,
1780369460.319999,,,TargetKeep,2,,,,,,,,,,,,,,lock_timer_expired,,,,,,,,,,,,,,,,,,,,
1780369460.319999,,,UI_STATUS_SEND,2,,,,19.748744,199.748744,14.573178,,,,,,59,0,"internal_id=2,ui_id=3",2,3,2,1,-1,155.930000,mono,,,,,,,,,,,,,
1780369460.611157,,,MATCH_ACCEPT,2,0,19.359418,14.391458,20.346809,,14.428131,0.988072,4.558575,1.411916,1.425031,0.568477,59,1,,,,,,,,,,,,,,,,,,,,,
1780369460.611157,,,UI_STATUS_SEND,2,,,,19.952625,199.952625,14.409258,,,,,,60,0,"internal_id=2,ui_id=3",2,3,2,1,-1,97.460000,mono,,,,,,,,,,,,,
1780369461.152143,,,BBOX_CLIPPED,,0,,,,,,,,,,,,,bbox_out_of_image_bounds,,,,,,,,,,,1877.000,2106.000,1941.000,2226.000,1877.000,2106.000,1941.000,2160.000,1,0.450000
1780369461.152143,,,MATCH_ACCEPT,2,0,19.641970,14.173750,20.913263,,14.139464,1.271755,5.434677,1.589252,1.733830,0.791890,60,2,,,,,,,,,,,,,,,,,,,,,
1780369461.152143,,,MATCH_REJECT,7,1,319.238724,38.813542,348.209028,,15.886022,36.945225,26.457448,16.037832,145.462421,111.749632,0,25,,,,,,,,,,,,,,,,,,,,,
1780369461.152143,,,NEW_TRACK,15,1,319.238724,38.813542,,,,,,,1.000000,1.000000,1,0,,,,,,,,,,,,,,,,,,,,,
1780369461.152143,,,UI_STATUS_SEND,2,,,,20.481329,200.481329,14.156078,,,,,,61,0,"internal_id=2,ui_id=3",2,3,2,1,-1,97.460000,mono,,,,,,,,,,,,,
1780369461.557734,,no_packet,TRACK_DELETE,10,,,,63.301301,,-0.424193,,,,735.063599,650.169874,0,50,,,,,,,,,,,,,,,,,,,,,
1780369462.357850,,,BBOX_REJECT,,0,,,,,,,,,,,,,invalid_clipped_bbox,,,,,,,,,,,1801.000,2272.000,2049.000,2452.000,,,,,,
1780369462.357850,,,TargetLost,2,,,,,,,,,,,,,,not_in_valid_tracks,,,,,,,,,,,,,,,,,,,,
1780369462.756343,,,MATCH_ACCEPT,15,0,322.725053,41.050208,319.238724,,38.813542,4.142120,11.687871,6.191447,19.167009,19.167009,1,6,,,,,,,,,,,,,,,,,,,,,
1780369462.755838,,,TargetLost,2,,,,,,,,,,,,,,not_in_valid_tracks,,,,,,,,,,,,,,,,,,,,
1780369464.777498,,,MATCH_ACCEPT,7,1,334.973816,7.634583,352.672206,,19.520961,21.319451,43.734138,27.555625,412.789449,346.523043,0,41,,,,,,,,,,,,,,,,,,,,,
1780369464.777498,,,MATCH_ACCEPT,12,0,335.994649,8.954583,354.665287,,22.027292,22.792289,72.074380,46.449120,1078.760381,1078.760381,0,41,,,,,,,,,,,,,,,,,,,,,
1780369464.777498,,,TargetLost,2,,,,,,,,,,,,,,not_in_valid_tracks,,,,,,,,,,,,,,,,,,,,
1780369465.350554,,,MATCH_ACCEPT,12,0,338.788269,9.619167,335.023547,,8.254814,4.004321,7.105828,2.070552,3.005930,1.281256,1,2,,,,,,,,,,,,,,,,,,,,,
1780369465.350554,,,TargetLost,2,,,,,,,,,,,,,,not_in_valid_tracks,,,,,,,,,,,,,,,,,,,,
1780369465.986114,,,MATCH_REJECT,7,2,334.576154,16.300417,333.974467,,7.009640,9.310240,8.957958,3.305305,6.579647,4.345396,0,5,,,,,,,,,,,,,,,,,,,,,
1780369465.986114,,,MATCH_ACCEPT,12,0,338.332540,8.638333,335.253750,,8.314088,3.095817,8.181647,2.787765,4.836822,2.934810,2,3,,,,,,,,,,,,,,,,,,,,,
1780369465.986114,,,MATCH_ACCEPT,14,1,342.826029,11.741250,359.830977,,18.026042,18.129172,79.152968,51.168179,1309.091271,1309.091271,0,45,,,,,,,,,,,,,,,,,,,,,
1780369465.986114,,,NEW_TRACK,16,2,334.576154,16.300417,,,,,,,1.000000,1.000000,1,0,,,,,,,,,,,,,,,,,,,,,
1780369465.985609,,,TargetLost,2,,,,,,,,,,,,,,not_in_valid_tracks,,,,,,,,,,,,,,,,,,,,
1780369465.985609,,,TargetSwitch,12,,,,,,,,,,,,,,master_lost,,,,,,,,,,,,,,,,,,,,
1780369465.985609,,,UI_STATUS_SEND,12,,,,336.596926,156.596926,8.525681,,,,,,3,0,"internal_id=12,ui_id=5",12,5,12,1,-1,25.150000,mono,,,,,,,,,,,,,
1780369466.190367,,no_packet,TRACK_DELETE,8,,,,1.126192,,-14.365120,,,,607.305346,528.931510,0,50,,,,,,,,,,,,,,,,,,,,,
1780369466.405900,,,MATCH_ACCEPT,12,0,337.470870,10.939167,336.307648,,8.235415,2.943358,7.966116,2.644077,4.811239,2.179905,3,2,,,,,,,,,,,,,,,,,,,,,
1780369466.405900,,,UI_STATUS_SEND,12,,,,336.813607,156.813607,9.810317,,,,,,4,0,"internal_id=12,ui_id=5",12,5,12,1,-1,47.250000,mono,,,,,,,,,,,,,
1780369466.776776,,,MATCH_REJECT,12,1,345.874516,10.531250,336.719561,,9.936947,9.174225,7.402882,2.268588,3.753142,1.393348,4,1,,,,,,,,,,,,,,,,,,,,,
1780369466.776776,,,MATCH_REJECT,14,0,352.547254,13.111667,341.598741,,11.279655,11.100730,7.730145,2.486763,3.987473,2.196518,0,3,,,,,,,,,,,,,,,,,,,,,
1780369466.776776,,,NEW_TRACK,17,0,352.547254,13.111667,,,,,,,1.000000,1.000000,1,0,,,,,,,,,,,,,,,,,,,,,
1780369466.776776,,,NEW_TRACK,18,1,345.874516,10.531250,,,,,,,1.000000,1.000000,1,0,,,,,,,,,,,,,,,,,,,,,
1780369466.776776,,,TargetLost,12,,,,,,,,,,,,,,not_in_valid_tracks,,,,,,,,,,,,,,,,,,,,
1780369467.182401,,,MATCH_ACCEPT,17,0,357.377983,10.425833,352.547254,,13.111667,5.527173,6.745451,1.830301,1.675000,1.675000,1,1,,,,,,,,,,,,,,,,,,,,,
1780369467.182401,,,TargetLost,12,,,,,,,,,,,,,,not_in_valid_tracks,,,,,,,,,,,,,,,,,,,,
1780369467.999958,,,MATCH_ACCEPT,2,0,26.834642,7.730833,31.794975,,10.566249,5.713536,26.601881,15.700721,132.521167,113.991466,54,29,,,,,,,,,,,,,,,,,,,,,
1780369467.999958,,,TargetLost,12,,,,,,,,,,,,,,not_in_valid_tracks,,,,,,,,,,,,,,,,,,,,
1780369467.999958,,,TargetSwitch,2,,,,,,,,,,,,,,master_lost,,,,,,,,,,,,,,,,,,,,
1780369467.999958,,,UI_STATUS_SEND,2,,,,26.957629,206.957629,7.751631,,,,,,55,0,"internal_id=2,ui_id=3",2,3,2,1,-1,25.150000,mono,,,,,,,,,,,,,
1780369468.335920,,,MATCH_ACCEPT,2,1,29.085944,6.420000,27.176816,,7.459128,2.173604,7.313112,2.208741,3.789118,1.089421,55,1,,,,,,,,,,,,,,,,,,,,,
1780369468.335920,,,MATCH_ACCEPT,13,0,34.231126,5.801250,48.293686,,11.930851,15.340391,35.857773,22.278049,265.314209,230.997244,0,38,,,,,,,,,,,,,,,,,,,,,
1780369468.335416,,,UI_STATUS_SEND,2,,,,27.897388,207.897388,7.032250,,,,,,56,0,"internal_id=2,ui_id=3",2,3,2,1,-1,25.150000,mono,,,,,,,,,,,,,
1780369468.594569,,,MATCH_ACCEPT,13,0,37.056647,5.906667,34.691417,,5.469016,2.405380,6.710020,1.806680,2.494299,0.769794,1,1,,,,,,,,,,,,,,,,,,,,,
1780369468.594569,,,TargetLost,2,,,,,,,,,,,,,,not_in_valid_tracks,,,,,,,,,,,,,,,,,,,,
1780369469.178081,,,BBOX_CLIPPED,,0,,,,,,,,,,,,,bbox_out_of_image_bounds,,,,,,,,,,,3584.000,2095.000,3716.000,2187.000,3584.000,2095.000,3716.000,2160.000,1,0.706522
1780369469.178081,,,MATCH_ACCEPT,13,0,42.192715,4.698958,36.112159,,5.039782,6.090100,7.186509,2.124339,3.019507,1.493311,2,2,,,,,,,,,,,,,,,,,,,,,
1780369469.178081,,,TargetLost,2,,,,,,,,,,,,,,not_in_valid_tracks,,,,,,,,,,,,,,,,,,,,
1780369469.178081,,,TargetSwitch,13,,,,,,,,,,,,,,master_lost,,,,,,,,,,,,,,,,,,,,
1780369469.178081,,,UI_STATUS_SEND,13,,,,38.092877,218.092877,4.873229,,,,,,3,0,"internal_id=13,ui_id=4",13,4,13,1,-1,47.250000,mono,,,,,,,,,,,,,
1780369472.957298,,,MATCH_ACCEPT,16,0,318.681160,22.008958,334.576154,,16.300417,16.888999,50.801565,31.201043,486.752549,486.752549,0,30,,,,,,,,,,,,,,,,,,,,,
1780369472.956792,,,TargetLost,13,,,,,,,,,,,,,,not_in_valid_tracks,,,,,,,,,,,,,,,,,,,,
1780369473.233979,,,MATCH_ACCEPT,12,0,321.698087,19.758542,334.472872,,12.962009,14.470245,30.781979,17.854653,184.664622,134.124005,0,29,,,,,,,,,,,,,,,,,,,,,
1780369473.233979,,,MATCH_ACCEPT,16,1,320.198738,21.073958,318.220218,,22.230889,2.291949,6.840259,2.959706,6.885407,1.874453,1,1,,,,,,,,,,,,,,,,,,,,,
1780369473.233474,,,TargetLost,13,,,,,,,,,,,,,,not_in_valid_tracks,,,,,,,,,,,,,,,,,,,,
1780369474.047411,,no_packet,TRACK_DELETE,15,,,,346.395979,,57.613611,,,,639.225506,537.339312,0,50,,,,,,,,,,,,,,,,,,,,,
1780369476.066861,,no_packet,TRACK_DELETE,7,,,,324.504316,,1.414664,,,,680.926205,651.508298,0,50,,,,,,,,,,,,,,,,,,,,,
1780369477.185832,,,MATCH_ACCEPT,12,0,314.957149,39.239792,311.936296,,26.841250,12.761245,18.876263,10.983709,67.897292,52.744569,1,19,,,,,,,,,,,,,,,,,,,,,
1780369477.186337,,,TRACK_DELETE,14,,,,323.139806,,4.449383,,,,707.070314,699.817144,0,50,,,,,,,,,,,,,,,,,,,,,
1780369477.185832,,,TargetLost,13,,,,,,,,,,,,,,not_in_valid_tracks,,,,,,,,,,,,,,,,,,,,
1780369477.458296,,,MATCH_ACCEPT,16,0,318.106941,22.650625,310.241674,,23.693223,7.934068,19.222994,11.214862,65.257146,60.515992,1,20,,,,,,,,,,,,,,,,,,,,,
1780369477.458296,,,TargetLost,13,,,,,,,,,,,,,,not_in_valid_tracks,,,,,,,,,,,,,,,,,,,,
1780369477.690726,,,MATCH_REJECT,12,0,318.480639,18.702083,313.960841,,41.700999,23.438829,6.116077,2.043518,3.059993,1.115972,1,2,,,,,,,,,,,,,,,,,,,,,
1780369477.690726,,,MATCH_ACCEPT,16,1,318.257332,20.120625,317.808252,,22.725283,2.643089,5.045198,1.762999,2.400433,0.707732,2,1,,,,,,,,,,,,,,,,,,,,,
1780369477.690726,,,NEW_TRACK,19,0,318.480639,18.702083,,,,,,,1.000000,1.000000,1,0,,,,,,,,,,,,,,,,,,,,,
1780369477.690726,,,TargetLost,13,,,,,,,,,,,,,,not_in_valid_tracks,,,,,,,,,,,,,,,,,,,,
1780369477.690726,,,TargetSwitch,16,,,,,,,,,,,,,,master_lost,,,,,,,,,,,,,,,,,,,,
1780369477.690726,,,UI_STATUS_SEND,16,,,,318.049130,138.049130,21.222227,,,,,,3,0,"internal_id=16,ui_id=6",16,6,16,1,-1,159.930000,mono,,,,,,,,,,,,,
1780369477.893634,,no_packet,TRACK_DELETE,18,,,,345.874516,,10.531250,,,,1472.211151,1472.211151,0,50,,,,,,,,,,,,,,,,,,,,,
1780369478.110380,,,MATCH_ACCEPT,19,0,318.544441,17.072708,318.480639,,18.702083,1.630624,5.994751,2.396034,2.870490,2.870490,1,2,,,,,,,,,,,,,,,,,,,,,
1780369478.110380,,,TRACK_DELETE,17,,,,9.595367,,-10.090695,,,,1442.554453,1299.645962,0,50,,,,,,,,,,,,,,,,,,,,,
1780369478.110380,,,TargetLost,16,,,,,,,,,,,,,,not_in_valid_tracks,,,,,,,,,,,,,,,,,,,,
1780369479.115805,,no_packet,TRACK_DELETE,2,,,,39.374481,,-7.816451,,,,601.759770,570.258879,48,50,,,,,,,,,,,,,,,,,,,,,
1780369479.729145,,no_packet,TRACK_DELETE,13,,,,67.750934,,-9.976860,,,,653.355136,575.781357,0,50,,,,,,,,,,,,,,,,,,,,,
1780369484.223743,,,BBOX_CLIPPED,,0,,,,,,,,,,,,,bbox_out_of_image_bounds,,,,,,,,,,,2214.000,2126.000,2278.000,2246.000,2214.000,2126.000,2278.000,2160.000,1,0.283333
1780369484.224247,,,MATCH_REJECT,16,1,33.472677,14.127917,317.069141,,16.501590,76.440400,29.163307,17.841738,165.426337,152.901284,2,32,,,,,,,,,,,,,,,,,,,,,
1780369484.224247,,,MATCH_REJECT,19,0,39.939134,10.350208,318.852081,,4.860890,81.272645,39.773243,24.915029,348.857826,271.900833,2,30,,,,,,,,,,,,,,,,,,,,,
1780369484.224247,,,NEW_TRACK,20,0,39.939134,10.350208,,,,,,,1.000000,1.000000,1,0,,,,,,,,,,,,,,,,,,,,,
1780369484.224247,,,NEW_TRACK,21,1,33.472677,14.127917,,,,,,,1.000000,1.000000,1,0,,,,,,,,,,,,,,,,,,,,,
1780369484.223743,,,TargetLost,16,,,,,,,,,,,,,,not_in_valid_tracks,,,,,,,,,,,,,,,,,,,,
1780369484.648912,,,MATCH_ACCEPT,21,0,34.308940,20.611042,33.472677,,14.127917,6.536838,6.674088,2.415526,2.917382,2.917382,1,2,,,,,,,,,,,,,,,,,,,,,
1780369484.648912,,,TargetLost,16,,,,,,,,,,,,,,not_in_valid_tracks,,,,,,,,,,,,,,,,,,,,
1780369486.541590,,,MATCH_ACCEPT,20,0,36.751648,15.129375,39.939134,,10.350208,5.744606,20.098585,10.732390,57.592101,57.592101,0,11,,,,,,,,,,,,,,,,,,,,,
1780369486.541087,,,TargetLost,16,,,,,,,,,,,,,,not_in_valid_tracks,,,,,,,,,,,,,,,,,,,,
1780369486.927227,,,MATCH_ACCEPT,20,0,31.606466,14.483125,36.748269,,15.513552,5.244036,6.914474,3.009182,7.062428,1.992751,1,1,,,,,,,,,,,,,,,,,,,,,
1780369486.927227,,,TargetLost,16,,,,,,,,,,,,,,not_in_valid_tracks,,,,,,,,,,,,,,,,,,,,
1780369487.739881,,no_packet,TRACK_DELETE,12,,,,295.371564,,94.634500,,,,569.139500,514.556006,0,50,,,,,,,,,,,,,,,,,,,,,
1780369488.145151,,no_packet,TRACK_DELETE,16,,,,316.504710,,13.782711,,,,532.768498,505.551165,0,50,,,,,,,,,,,,,,,,,,,,,
1780369488.551833,,no_packet,TRACK_DELETE,19,,,,319.080153,,-3.637840,,,,1101.708431,901.231498,0,50,,,,,,,,,,,,,,,,,,,,,
1780369495.031581,,no_packet,TRACK_DELETE,21,,,,39.702995,,94.892033,,,,1166.004450,931.473690,0,50,,,,,,,,,,,,,,,,,,,,,
1780369496.187607,,,MATCH_REJECT,20,0,317.552527,36.398125,5.621330,,29.575901,48.550516,42.916187,27.010325,378.366530,351.191124,2,45,,,,,,,,,,,,,,,,,,,,,
1780369496.187607,,,NEW_TRACK,22,0,317.552527,36.398125,,,,,,,1.000000,1.000000,1,0,,,,,,,,,,,,,,,,,,,,,
1780369496.187607,,,TargetLost,16,,,,,,,,,,,,,,not_in_valid_tracks,,,,,,,,,,,,,,,,,,,,
1780369496.615677,,,MATCH_REJECT,22,0,324.815274,21.885208,317.552527,,36.398125,16.228748,6.039674,2.425983,2.942696,2.942696,1,2,,,,,,,,,,,,,,,,,,,,,
1780369496.615677,,,NEW_TRACK,23,0,324.815274,21.885208,,,,,,,1.000000,1.000000,1,0,,,,,,,,,,,,,,,,,,,,,
1780369496.615677,,,TargetLost,16,,,,,,,,,,,,,,not_in_valid_tracks,,,,,,,,,,,,,,,,,,,,
1780369497.230242,,no_packet,TRACK_DELETE,20,,,,2.532044,,31.268862,,,,502.761891,470.443440,0,50,,,,,,,,,,,,,,,,,,,,,
1780369499.430527,,,MATCH_REJECT,23,0,345.169610,37.195625,324.815274,,21.885208,25.469743,21.306604,12.603936,79.429604,79.429604,1,13,,,,,,,,,,,,,,,,,,,,,
1780369499.431032,,,NEW_TRACK,24,0,345.169610,37.195625,,,,,,,1.000000,1.000000,1,0,,,,,,,,,,,,,,,,,,,,,
1780369499.430527,,,TargetLost,16,,,,,,,,,,,,,,not_in_valid_tracks,,,,,,,,,,,,,,,,,,,,
1780369500.028666,,,MATCH_REJECT,24,0,1.775183,35.660208,345.169610,,37.195625,16.676407,6.490927,2.523718,3.184577,3.184577,1,2,,,,,,,,,,,,,,,,,,,,,
1780369500.028666,,,NEW_TRACK,25,0,1.775183,35.660208,,,,,,,1.000000,1.000000,1,0,,,,,,,,,,,,,,,,,,,,,
1780369500.028666,,,TargetLost,16,,,,,,,,,,,,,,not_in_valid_tracks,,,,,,,,,,,,,,,,,,,,
1780369500.708880,,,MATCH_REJECT,24,0,359.332474,40.413125,345.169610,,37.195625,14.523741,10.598749,5.262266,13.845720,13.845720,0,5,,,,,,,,,,,,,,,,,,,,,
1780369500.708880,,,MATCH_ACCEPT,25,1,359.660599,39.679792,1.775183,,35.660208,4.541862,7.364195,3.308997,5.474730,5.474730,1,3,,,,,,,,,,,,,,,,,,,,,
1780369500.709385,,,NEW_TRACK,26,0,359.332474,40.413125,,,,,,,1.000000,1.000000,1,0,,,,,,,,,,,,,,,,,,,,,
1780369500.708880,,,TargetLost,16,,,,,,,,,,,,,,not_in_valid_tracks,,,,,,,,,,,,,,,,,,,,
1780369503.079350,,,MATCH_REJECT,24,1,4.355197,7.123542,345.169610,,37.195625,35.670954,26.708182,16.001888,128.030205,128.030205,0,16,,,,,,,,,,,,,,,,,,,,,
1780369503.079350,,,MATCH_REJECT,26,0,8.914769,7.593333,359.332474,,40.413125,34.190044,18.444968,10.696179,57.204118,57.204118,1,11,,,,,,,,,,,,,,,,,,,,,
1780369503.079350,,,NEW_TRACK,27,0,8.914769,7.593333,,,,,,,1.000000,1.000000,1,0,,,,,,,,,,,,,,,,,,,,,
1780369503.079350,,,NEW_TRACK,28,1,4.355197,7.123542,,,,,,,1.000000,1.000000,1,0,,,,,,,,,,,,,,,,,,,,,
1780369503.078845,,,TargetLost,16,,,,,,,,,,,,,,not_in_valid_tracks,,,,,,,,,,,,,,,,,,,,
1780369503.634678,,,BBOX_REJECT,,0,,,,,,,,,,,,,invalid_clipped_bbox,,,,,,,,,,,1885.000,2215.000,1949.000,2335.000,,,,,,
1780369503.634678,,,TargetLost,16,,,,,,,,,,,,,,not_in_valid_tracks,,,,,,,,,,,,,,,,,,,,
1780369506.618681,,,MATCH_ACCEPT,22,1,315.404467,20.478125,317.552527,,36.398125,16.064263,78.019269,50.412379,1270.703995,1270.703995,0,47,,,,,,,,,,,,,,,,,,,,,
1780369506.618681,,,MATCH_ACCEPT,23,2,316.716967,20.258125,324.815274,,21.885208,8.260144,74.389251,47.992367,1151.633650,1151.633650,0,45,,,,,,,,,,,,,,,,,,,,,
1780369506.618681,,,MATCH_ACCEPT,24,0,316.060717,20.368125,345.169610,,37.195625,33.622796,52.396993,33.127762,548.724311,548.724311,0,32,,,,,,,,,,,,,,,,,,,,,
1780369506.618175,,,TargetLost,16,,,,,,,,,,,,,,not_in_valid_tracks,,,,,,,,,,,,,,,,,,,,
1780369506.877885,,,MATCH_REJECT,22,1,327.900561,15.216458,315.347216,,20.033811,13.445942,5.094113,1.795608,2.433189,0.791020,1,1,,,,,,,,,,,,,,,,,,,,,
1780369506.877885,,,MATCH_ACCEPT,23,2,320.941577,18.942708,316.493061,,20.210880,4.625749,5.090335,1.793090,2.430368,0.784803,1,1,,,,,,,,,,,,,,,,,,,,,
1780369506.877885,,,MATCH_REJECT,24,0,326.551603,14.556458,315.035272,,19.712667,12.617938,5.372721,1.981347,3.025571,0.900165,1,1,,,,,,,,,,,,,,,,,,,,,
1780369506.877885,,,NEW_TRACK,29,0,326.551603,14.556458,,,,,,,1.000000,1.000000,1,0,,,,,,,,,,,,,,,,,,,,,
1780369506.877885,,,NEW_TRACK,30,1,327.900561,15.216458,,,,,,,1.000000,1.000000,1,0,,,,,,,,,,,,,,,,,,,,,
1780369506.877378,,,TargetLost,16,,,,,,,,,,,,,,not_in_valid_tracks,,,,,,,,,,,,,,,,,,,,
1780369509.222399,,,MATCH_ACCEPT,26,0,0.517370,35.990208,359.332474,,40.413125,4.578883,63.792962,40.928175,837.557749,837.557749,0,39,,,,,,,,,,,,,,,,,,,,,
1780369509.222399,,,TargetLost,16,,,,,,,,,,,,,,not_in_valid_tracks,,,,,,,,,,,,,,,,,,,,
1780369511.439094,,no_packet,TRACK_DELETE,25,,,,340.830215,,85.811346,,,,895.967139,703.660538,0,50,,,,,,,,,,,,,,,,,,,,,
1780369513.684323,,no_packet,TRACK_DELETE,27,,,,8.914769,,7.593333,,,,1414.855499,1414.855499,0,50,,,,,,,,,,,,,,,,,,,,,
1780369513.684323,,no_packet,TRACK_DELETE,28,,,,4.355197,,7.123542,,,,1414.855499,1414.855499,0,50,,,,,,,,,,,,,,,,,,,,,
1780369515.793096,,,MATCH_REJECT,26,0,32.456061,10.487708,1.555651,,32.099161,37.707960,32.802297,20.267732,208.134590,202.646355,1,32,,,,,,,,,,,,,,,,,,,,,
1780369515.793096,,,NEW_TRACK,31,0,32.456061,10.487708,,,,,,,1.000000,1.000000,1,0,,,,,,,,,,,,,,,,,,,,,
1780369515.793096,,,TargetLost,16,,,,,,,,,,,,,,not_in_valid_tracks,,,,,,,,,,,,,,,,,,,,
1780369516.827264,,,MATCH_REJECT,31,0,24.237326,17.810625,32.456061,,10.487708,11.007848,9.812457,4.941171,12.207586,12.207586,1,5,,,,,,,,,,,,,,,,,,,,,
1780369516.827769,,,NEW_TRACK,32,0,24.237326,17.810625,,,,,,,1.000000,1.000000,1,0,,,,,,,,,,,,,,,,,,,,,
1780369516.827264,,,TargetLost,16,,,,,,,,,,,,,,not_in_valid_tracks,,,,,,,,,,,,,,,,,,,,
1780369517.126091,,,MATCH_ACCEPT,29,0,330.376745,40.367292,326.551603,,14.556458,26.092735,80.361171,51.973647,1350.629996,1350.629996,0,49,,,,,,,,,,,,,,,,,,,,,
1780369517.126091,,,MATCH_ACCEPT,30,1,333.721693,40.908125,327.900561,,15.216458,26.342880,80.361171,51.973647,1350.629996,1350.629996,0,49,,,,,,,,,,,,,,,,,,,,,
1780369517.126091,,,MATCH_ACCEPT,32,2,27.755555,19.368958,24.237326,,17.810625,3.847901,5.146151,1.830301,1.675000,1.675000,1,1,,,,,,,,,,,,,,,,,,,,,
1780369517.126091,,,TRACK_DELETE,22,,,,312.891672,,1.812657,,,,689.481803,682.146646,0,50,,,,,,,,,,,,,,,,,,,,,
1780369517.126091,,,TRACK_DELETE,24,,,,267.965655,,-7.595585,,,,604.923479,590.972723,0,50,,,,,,,,,,,,,,,,,,,,,
1780369517.126091,,,TargetLost,16,,,,,,,,,,,,,,not_in_valid_tracks,,,,,,,,,,,,,,,,,,,,
1780369517.491661,,,MATCH_REJECT,32,0,31.342143,22.352708,26.395282,,19.444469,5.738405,5.167707,1.844672,2.201762,1.201052,2,1,,,,,,,,,,,,,,,,,,,,,
1780369517.491661,,,NEW_TRACK,33,0,31.342143,22.352708,,,,,,,1.000000,1.000000,1,0,,,,,,,,,,,,,,,,,,,,,
1780369517.491661,,,TRACK_DELETE,23,,,,319.166272,,9.359097,,,,683.232022,647.530123,0,50,,,,,,,,,,,,,,,,,,,,,
1780369517.491661,,,TargetLost,16,,,,,,,,,,,,,,not_in_valid_tracks,,,,,,,,,,,,,,,,,,,,
1780369519.209516,,,MATCH_ACCEPT,26,1,5.179480,35.201875,2.064983,,30.194423,5.897005,52.132780,33.154720,553.763240,545.472222,0,47,,,,,,,,,,,,,,,,,,,,,
1780369519.210022,,,MATCH_REJECT,29,0,334.969258,7.556667,331.182697,,45.841581,38.471713,10.814558,5.609239,16.873558,14.590003,0,9,,,,,,,,,,,,,,,,,,,,,
1780369519.210022,,,NEW_TRACK,34,0,334.969258,7.556667,,,,,,,1.000000,1.000000,1,0,,,,,,,,,,,,,,,,,,,,,
1780369519.209516,,,TargetLost,16,,,,,,,,,,,,,,not_in_valid_tracks,,,,,,,,,,,,,,,,,,,,
1780369519.521015,,,MATCH_ACCEPT,26,0,7.253047,35.096458,5.307689,,35.210878,1.948720,5.086554,1.790569,2.429404,0.776734,1,1,,,,,,,,,,,,,,,,,,,,,
1780369519.521015,,,TargetLost,16,,,,,,,,,,,,,,not_in_valid_tracks,,,,,,,,,,,,,,,,,,,,
1780369519.955362,,,MATCH_ACCEPT,31,1,38.225592,6.445208,32.456061,,10.487708,7.044806,30.028603,18.418602,169.622449,169.622449,0,18,,,,,,,,,,,,,,,,,,,,,
1780369519.955362,,,MATCH_ACCEPT,34,0,340.861836,5.881458,334.969258,,7.556667,6.126075,9.144716,3.429811,5.881800,5.881800,0,3,,,,,,,,,,,,,,,,,,,,,
1780369519.955362,,,TargetLost,16,,,,,,,,,,,,,,not_in_valid_tracks,,,,,,,,,,,,,,,,,,,,
1780369520.298779,,,BBOX_CLIPPED,,0,,,,,,,,,,,,,bbox_out_of_image_bounds,,,,,,,,,,,2073.000,2092.000,2321.000,2272.000,2073.000,2092.000,2321.000,2160.000,1,0.377778
1780369520.299282,,,MATCH_ACCEPT,34,0,343.632670,4.705833,338.673300,,5.840574,5.087533,6.564903,2.749469,5.289013,2.270566,1,1,,,,,,,,,,,,,,,,,,,,,
1780369520.298779,,,TargetLost,16,,,,,,,,,,,,,,not_in_valid_tracks,,,,,,,,,,,,,,,,,,,,
1780369520.553051,,,MATCH_REJECT,34,0,332.999331,22.611667,343.923277,,4.279456,21.340163,6.755724,1.837149,2.525145,0.849972,2,1,,,,,,,,,,,,,,,,,,,,,
1780369520.553051,,,NEW_TRACK,35,0,332.999331,22.611667,,,,,,,1.000000,1.000000,1,0,,,,,,,,,,,,,,,,,,,,,
1780369520.553051,,,TargetLost,16,,,,,,,,,,,,,,not_in_valid_tracks,,,,,,,,,,,,,,,,,,,,
1780369520.883880,,,MATCH_ACCEPT,35,0,336.813784,22.080000,332.999331,,22.611667,3.851327,5.796251,1.830301,1.675000,1.675000,1,1,,,,,,,,,,,,,,,,,,,,,
1780369520.883880,,,TargetLost,16,,,,,,,,,,,,,,not_in_valid_tracks,,,,,,,,,,,,,,,,,,,,
1780369521.235849,,,MATCH_REJECT,35,0,342.779279,21.204583,334.738577,,22.125899,8.093313,6.078737,2.018625,2.563788,1.511059,2,1,,,,,,,,,,,,,,,,,,,,,
1780369521.235849,,,NEW_TRACK,36,0,342.779279,21.204583,,,,,,,1.000000,1.000000,1,0,,,,,,,,,,,,,,,,,,,,,
1780369521.235849,,,TargetLost,16,,,,,,,,,,,,,,not_in_valid_tracks,,,,,,,,,,,,,,,,,,,,
1780369521.505172,,,MATCH_REJECT,34,1,355.009363,18.862500,349.087335,,2.350053,17.542273,9.162280,3.441520,8.017359,3.826702,0,4,,,,,,,,,,,,,,,,,,,,,
1780369521.505172,,,MATCH_ACCEPT,36,0,347.268211,20.168750,342.779279,,21.204583,4.606893,5.796251,1.830301,1.675000,1.675000,1,1,,,,,,,,,,,,,,,,,,,,,
1780369521.505172,,,NEW_TRACK,37,1,355.009363,18.862500,,,,,,,1.000000,1.000000,1,0,,,,,,,,,,,,,,,,,,,,,
1780369521.505172,,,TargetLost,16,,,,,,,,,,,,,,not_in_valid_tracks,,,,,,,,,,,,,,,,,,,,
1780369521.985375,,,MATCH_ACCEPT,37,0,359.133711,17.790000,355.009363,,18.862500,4.261515,6.828031,2.518154,3.170550,3.170550,1,2,,,,,,,,,,,,,,,,,,,,,
1780369521.985375,,,TargetLost,16,,,,,,,,,,,,,,not_in_valid_tracks,,,,,,,,,,,,,,,,,,,,
1780369522.229273,,,MATCH_REJECT,37,0,5.290612,16.580000,357.712892,,17.716764,7.662511,7.268814,2.179209,3.259248,1.489705,2,1,,,,,,,,,,,,,,,,,,,,,
1780369522.229273,,,NEW_TRACK,38,0,5.290612,16.580000,,,,,,,1.000000,1.000000,1,0,,,,,,,,,,,,,,,,,,,,,
1780369522.228768,,,TargetLost,16,,,,,,,,,,,,,,not_in_valid_tracks,,,,,,,,,,,,,,,,,,,,
1780369522.497529,,,BBOX_REJECT,,0,,,,,,,,,,,,,invalid_clipped_bbox,,,,,,,,,,,4012.000,1836.000,4260.000,2016.000,,,,,,
1780369522.497529,,,TargetLost,16,,,,,,,,,,,,,,not_in_valid_tracks,,,,,,,,,,,,,,,,,,,,
1780369523.066642,,,MATCH_REJECT,38,0,18.248102,11.869583,5.290612,,16.580000,13.787116,9.268062,3.512041,6.167217,6.167217,1,3,,,,,,,,,,,,,,,,,,,,,
1780369523.066642,,,NEW_TRACK,39,0,18.248102,11.869583,,,,,,,1.000000,1.000000,1,0,,,,,,,,,,,,,,,,,,,,,
1780369523.066642,,,TargetLost,16,,,,,,,,,,,,,,not_in_valid_tracks,,,,,,,,,,,,,,,,,,,,
1780369523.835568,,,MATCH_ACCEPT,33,0,31.059251,9.600833,31.342143,,22.352708,12.755013,43.460265,27.373043,374.641752,374.641752,0,25,,,,,,,,,,,,,,,,,,,,,
1780369523.835061,,,TargetLost,16,,,,,,,,,,,,,,not_in_valid_tracks,,,,,,,,,,,,,,,,,,,,
1780369524.208080,,,MATCH_ACCEPT,31,0,40.064459,8.954583,43.595353,,2.611429,7.259670,14.807735,8.271357,37.134504,31.280842,0,15,,,,,,,,,,,,,,,,,,,,,
1780369524.207576,,,TargetLost,16,,,,,,,,,,,,,,not_in_valid_tracks,,,,,,,,,,,,,,,,,,,,
1780369527.309783,,,MATCH_ACCEPT,26,1,1.825313,41.797292,13.324760,,35.052480,13.331533,35.265783,21.910055,249.161295,230.889225,0,32,,,,,,,,,,,,,,,,,,,,,
1780369527.310783,,,MATCH_ACCEPT,35,0,315.974129,19.167292,345.416274,,19.143638,29.442155,43.473055,26.948170,389.930281,336.273573,0,27,,,,,,,,,,,,,,,,,,,,,
1780369527.309783,,,TargetLost,16,,,,,,,,,,,,,,not_in_valid_tracks,,,,,,,,,,,,,,,,,,,,
1780369528.014946,,,MATCH_ACCEPT,26,0,1.260209,35.765625,1.308315,,42.529669,6.764215,7.503077,2.335384,3.684724,1.769297,1,3,,,,,,,,,,,,,,,,,,,,,
1780369528.014946,,,MATCH_ACCEPT,38,1,0.995886,35.252292,5.290612,,16.580000,19.159832,42.703988,25.802659,332.888605,332.888605,0,25,,,,,,,,,,,,,,,,,,,,,
1780369528.014946,,,TargetLost,16,,,,,,,,,,,,,,not_in_valid_tracks,,,,,,,,,,,,,,,,,,,,
1780369529.034549,,no_packet,TRACK_DELETE,29,,,,335.001624,,71.640150,,,,767.222641,759.620084,0,50,,,,,,,,,,,,,,,,,,,,,
1780369529.035053,,no_packet,TRACK_DELETE,30,,,,340.759869,,72.036599,,,,767.222641,759.620084,0,50,,,,,,,,,,,,,,,,,,,,,
1780369529.035053,,no_packet,TRACK_DELETE,32,,,,51.427350,,38.396880,,,,1429.765957,1270.895910,0,50,,,,,,,,,,,,,,,,,,,,,
1780369531.674216,,no_packet,TRACK_DELETE,34,,,,55.961869,,-22.635712,,,,742.732431,602.135666,0,50,,,,,,,,,,,,,,,,,,,,,
1780369532.415973,,,MATCH_ACCEPT,35,0,316.252123,18.589792,299.816919,,16.566176,16.559316,23.038252,13.758368,99.557234,89.735448,0,24,,,,,,,,,,,,,,,,,,,,,
1780369532.415973,,,TargetLost,16,,,,,,,,,,,,,,not_in_valid_tracks,,,,,,,,,,,,,,,,,,,,
1780369532.658018,,,BBOX_CLIPPED,,0,,,,,,,,,,,,,bbox_out_of_image_bounds,,,,,,,,,,,1663.000,2045.000,1727.000,2164.000,1663.000,2045.000,1727.000,2160.000,1,0.966387
1780369532.658018,,,MATCH_REJECT,35,0,321.727709,14.313542,315.999567,,18.568178,7.135372,6.658380,1.772253,2.417498,0.723383,1,1,,,,,,,,,,,,,,,,,,,,,
1780369532.658018,,,NEW_TRACK,40,0,321.727709,14.313542,,,,,,,1.000000,1.000000,1,0,,,,,,,,,,,,,,,,,,,,,
1780369532.658018,,,TRACK_DELETE,36,,,,7.867360,,9.604128,,,,1401.174257,1243.010133,0,50,,,,,,,,,,,,,,,,,,,,,
1780369532.658018,,,TargetLost,16,,,,,,,,,,,,,,not_in_valid_tracks,,,,,,,,,,,,,,,,,,,,
1780369533.221573,,,MATCH_REJECT,35,1,322.241980,33.918542,316.154092,,18.549582,16.530798,7.512786,2.341857,3.792746,1.691549,0,3,,,,,,,,,,,,,,,,,,,,,
1780369533.221573,,,MATCH_REJECT,40,0,327.923347,22.613958,321.727709,,14.313542,10.357743,6.812624,2.507883,3.144738,3.144738,1,2,,,,,,,,,,,,,,,,,,,,,
1780369533.221573,,,NEW_TRACK,41,0,327.923347,22.613958,,,,,,,1.000000,1.000000,1,0,,,,,,,,,,,,,,,,,,,,,
1780369533.221573,,,NEW_TRACK,42,1,322.241980,33.918542,,,,,,,1.000000,1.000000,1,0,,,,,,,,,,,,,,,,,,,,,
1780369533.221573,,,TRACK_DELETE,37,,,,27.680892,,5.016550,,,,1218.195224,959.768186,0,50,,,,,,,,,,,,,,,,,,,,,
1780369533.221068,,,TargetLost,16,,,,,,,,,,,,,,not_in_valid_tracks,,,,,,,,,,,,,,,,,,,,
1780369533.674875,,,MATCH_ACCEPT,35,0,318.384936,23.237292,316.309646,,18.530863,5.143666,8.679601,3.119734,6.172277,3.560464,0,5,,,,,,,,,,,,,,,,,,,,,
1780369533.674875,,,MATCH_ACCEPT,40,2,319.743009,21.990625,321.727709,,14.313542,7.929479,9.601482,4.367122,9.535876,9.535876,0,4,,,,,,,,,,,,,,,,,,,,,
1780369533.674875,,,MATCH_REJECT,41,1,319.770353,22.503958,327.923347,,22.613958,8.153737,6.178691,2.518661,3.171826,3.171826,1,2,,,,,,,,,,,,,,,,,,,,,
1780369533.674875,,,NEW_TRACK,43,1,319.770353,22.503958,,,,,,,1.000000,1.000000,1,0,,,,,,,,,,,,,,,,,,,,,
1780369533.674875,,,TargetLost,16,,,,,,,,,,,,,,not_in_valid_tracks,,,,,,,,,,,,,,,,,,,,
1780369533.947193,,,MATCH_ACCEPT,40,1,322.841967,20.707292,319.902554,,23.092490,3.785409,5.874881,2.316121,4.010885,1.353531,1,1,,,,,,,,,,,,,,,,,,,,,
1780369533.947193,,,MATCH_ACCEPT,41,0,324.081551,20.083958,327.923347,,22.613958,4.600033,7.668148,3.511632,6.165779,6.165779,0,3,,,,,,,,,,,,,,,,,,,,,
1780369533.947193,,,MATCH_ACCEPT,43,2,321.597827,21.371875,319.770353,,22.503958,2.149715,5.146151,1.830301,1.675000,1.675000,1,1,,,,,,,,,,,,,,,,,,,,,
1780369533.946687,,,TargetLost,16,,,,,,,,,,,,,,not_in_valid_tracks,,,,,,,,,,,,,,,,,,,,
1780369534.247583,,,MATCH_ACCEPT,40,2,321.347176,22.760625,321.897774,,22.659510,0.559806,4.939514,1.692543,2.149440,0.715261,2,1,,,,,,,,,,,,,,,,,,,,,
1780369534.247583,,,MATCH_ACCEPT,41,0,327.777514,17.828958,324.211078,,19.600146,3.982032,5.311125,1.940284,2.777943,0.986758,1,1,,,,,,,,,,,,,,,,,,,,,
1780369534.247583,,,MATCH_REJECT,43,1,325.758634,19.080208,320.891260,,21.317019,5.356739,5.167707,1.844672,2.201762,1.201052,2,1,,,,,,,,,,,,,,,,,,,,,
1780369534.247583,,,NEW_TRACK,44,1,325.758634,19.080208,,,,,,,1.000000,1.000000,1,0,,,,,,,,,,,,,,,,,,,,,
1780369534.247583,,,TRACK_DELETE,39,,,,18.248102,,11.869583,,,,1496.864146,1496.864146,0,50,,,,,,,,,,,,,,,,,,,,,
1780369534.247583,,,TargetLost,16,,,,,,,,,,,,,,not_in_valid_tracks,,,,,,,,,,,,,,,,,,,,
1780369534.247583,,,TargetSwitch,40,,,,,,,,,,,,,,master_lost,,,,,,,,,,,,,,,,,,,,
1780369534.247583,,,UI_STATUS_SEND,40,,,,321.617611,141.617611,22.718121,,,,,,3,0,"internal_id=40,ui_id=7",40,7,40,1,-1,159.930000,mono,,,,,,,,,,,,,
1780369534.560182,,,MATCH_ACCEPT,26,1,1.319454,38.896042,355.431970,,25.198544,14.909189,30.463965,18.708843,188.619548,161.401261,0,29,,,,,,,,,,,,,,,,,,,,,
1780369534.560182,,,MATCH_ACCEPT,44,0,324.728686,20.675208,325.758634,,19.080208,1.898636,5.146151,1.830301,1.675000,1.675000,1,1,,,,,,,,,,,,,,,,,,,,,
1780369534.560182,,,TargetLost,40,,,,,,,,,,,,,,not_in_valid_tracks,,,,,,,,,,,,,,,,,,,,
1780369534.966498,,no_packet,TRACK_DELETE,33,,,,30.499442,,-15.791129,,,,588.954393,575.088669,0,50,,,,,,,,,,,,,,,,,,,,,
1780369535.167205,,no_packet,TRACK_DELETE,31,,,,46.047989,,18.680752,,,,554.536876,512.585220,0,50,,,,,,,,,,,,,,,,,,,,,
1780369535.883083,,,MATCH_ACCEPT,43,0,318.398608,19.873125,322.736021,,19.363585,4.367240,14.125788,7.816725,34.053142,27.048050,0,8,,,,,,,,,,,,,,,,,,,,,
1780369535.883083,,,TargetLost,40,,,,,,,,,,,,,,not_in_valid_tracks,,,,,,,,,,,,,,,,,,,,
1780369536.088102,,,MATCH_ACCEPT,41,0,322.101407,16.506667,324.146734,,11.184676,5.701486,9.867411,4.977808,15.388657,9.389911,0,8,,,,,,,,,,,,,,,,,,,,,
1780369536.088102,,,MATCH_ACCEPT,43,2,320.298998,18.081042,318.463563,,19.655517,2.418221,5.083763,1.788708,2.483473,0.716004,1,1,,,,,,,,,,,,,,,,,,,,,
1780369536.088102,,,MATCH_ACCEPT,44,1,321.169441,17.242292,324.290110,,22.967597,6.520559,12.321324,6.613749,24.574626,19.167050,1,7,,,,,,,,,,,,,,,,,,,,,
1780369536.087598,,,TargetLost,40,,,,,,,,,,,,,,not_in_valid_tracks,,,,,,,,,,,,,,,,,,,,
1780369536.430459,,,BBOX_CLIPPED,,0,,,,,,,,,,,,,bbox_out_of_image_bounds,,,,,,,,,,,2282.000,2113.000,2321.000,2164.000,2282.000,2113.000,2321.000,2160.000,1,0.921569
1780369536.430982,,,MATCH_ACCEPT,41,0,324.491707,14.157708,321.825663,,15.851464,3.158576,5.055909,1.770140,2.396302,0.737092,1,1,,,,,,,,,,,,,,,,,,,,,
1780369536.430459,,,TargetLost,40,,,,,,,,,,,,,,not_in_valid_tracks,,,,,,,,,,,,,,,,,,,,
1780369536.986333,,,MATCH_ACCEPT,40,1,326.899532,40.445208,321.625959,,35.374590,7.315855,11.141696,5.827331,19.950674,14.007107,0,11,,,,,,,,,,,,,,,,,,,,,
1780369536.986333,,,MATCH_ACCEPT,42,0,327.683386,39.336042,322.241980,,33.918542,7.678425,26.181058,15.853572,125.667867,125.667867,0,15,,,,,,,,,,,,,,,,,,,,,
1780369536.986333,,,MATCH_ACCEPT,43,2,316.493660,16.348542,319.205629,,17.590701,2.982907,5.451997,2.034198,2.832050,1.305912,1,3,,,,,,,,,,,,,,,,,,,,,
1780369536.986333,,,TargetLost,40,,,,,,,,,,,,,,not_in_valid_tracks,,,,,,,,,,,,,,,,,,,,
1780369539.213327,,no_packet,TRACK_DELETE,38,,,,352.174459,,74.404672,,,,634.840173,590.507104,0,50,,,,,,,,,,,,,,,,,,,,,
1780369540.963768,,,MATCH_ACCEPT,41,0,325.446459,17.210208,317.376550,,5.282974,14.400777,17.524182,10.082322,55.256848,46.396362,1,21,,,,,,,,,,,,,,,,,,,,,
1780369540.963262,,,TargetLost,40,,,,,,,,,,,,,,not_in_valid_tracks,,,,,,,,,,,,,,,,,,,,
1780369541.807654,,,BBOX_REJECT,,0,,,,,,,,,,,,,invalid_clipped_bbox,,,,,,,,,,,2145.000,2297.000,2184.000,2348.000,,,,,,
1780369541.807654,,,TargetLost,40,,,,,,,,,,,,,,not_in_valid_tracks,,,,,,,,,,,,,,,,,,,,
1780369542.060785,,,MATCH_REJECT,26,0,24.657269,15.221042,2.150991,,41.743702,34.784826,33.535883,20.756788,221.882519,208.961747,0,34,,,,,,,,,,,,,,,,,,,,,
1780369542.061290,,,NEW_TRACK,45,0,24.657269,15.221042,,,,,,,1.000000,1.000000,1,0,,,,,,,,,,,,,,,,,,,,,
1780369542.060785,,,TargetLost,40,,,,,,,,,,,,,,not_in_valid_tracks,,,,,,,,,,,,,,,,,,,,
1780369542.457721,,,MATCH_ACCEPT,26,1,13.314170,22.169375,2.182279,,41.844719,22.606153,34.908577,21.671918,241.629296,228.042740,0,35,,,,,,,,,,,,,,,,,,,,,
1780369542.457721,,,MATCH_ACCEPT,45,0,26.060242,16.880208,24.657269,,15.221042,2.172825,5.146151,1.830301,1.675000,1.675000,1,1,,,,,,,,,,,,,,,,,,,,,
1780369542.457721,,,TargetLost,40,,,,,,,,,,,,,,not_in_valid_tracks,,,,,,,,,,,,,,,,,,,,
1780369542.664484,,,MATCH_ACCEPT,26,2,17.980837,20.450625,13.627700,,21.600886,4.502544,5.016892,1.744128,2.346284,0.695700,1,1,,,,,,,,,,,,,,,,,,,,,
1780369542.664989,,,MATCH_REJECT,42,0,29.619487,18.264375,336.505164,,48.294180,61.015740,23.322959,13.948173,102.687581,91.863947,0,26,,,,,,,,,,,,,,,,,,,,,
1780369542.664989,,,MATCH_ACCEPT,45,1,29.072612,18.117708,25.477361,,16.878850,3.802710,4.963190,1.708326,1.913619,1.004760,2,1,,,,,,,,,,,,,,,,,,,,,
1780369542.664989,,,NEW_TRACK,46,0,29.619487,18.264375,,,,,,,1.000000,1.000000,1,0,,,,,,,,,,,,,,,,,,,,,
1780369542.664484,,,TargetLost,40,,,,,,,,,,,,,,not_in_valid_tracks,,,,,,,,,,,,,,,,,,,,
1780369542.664484,,,TargetSwitch,45,,,,,,,,,,,,,,master_lost,,,,,,,,,,,,,,,,,,,,
1780369542.664484,,,UI_STATUS_SEND,45,,,,27.202336,207.202336,17.695907,,,,,,3,0,"internal_id=45,ui_id=8",45,8,45,1,-1,159.930000,mono,,,,,,,,,,,,,
1780369543.039436,,,MATCH_REJECT,26,2,34.436544,19.634792,16.631445,,20.074815,17.810535,4.563107,1.441605,1.485986,0.592238,2,1,,,,,,,,,,,,,,,,,,,,,
1780369543.039436,,,MATCH_ACCEPT,45,0,32.280945,19.034375,28.145512,,18.597778,4.158416,5.123663,1.815308,2.254763,1.040582,3,1,,,,,,,,,,,,,,,,,,,,,
1780369543.039436,,,MATCH_ACCEPT,46,1,30.166362,18.411042,29.619487,,18.264375,0.566201,5.146151,1.830301,1.675000,1.675000,1,1,,,,,,,,,,,,,,,,,,,,,
1780369543.039436,,,NEW_TRACK,47,2,34.436544,19.634792,,,,,,,1.000000,1.000000,1,0,,,,,,,,,,,,,,,,,,,,,
1780369543.039436,,,UI_STATUS_SEND,45,,,,30.299171,210.299171,18.889139,,,,,,4,0,"internal_id=45,ui_id=8",45,8,45,1,-1,159.930000,mono,,,,,,,,,,,,,
1780369543.303396,,,MATCH_REJECT,26,0,24.010134,20.198542,17.324972,,19.207700,6.758192,5.140115,1.826277,2.172129,1.163159,1,2,,,,,,,,,,,,,,,,,,,,,
1780369543.303396,,,MATCH_REJECT,46,1,24.492534,20.780625,29.954921,,18.418149,5.951383,5.167707,1.844672,2.201762,1.201052,2,1,,,,,,,,,,,,,,,,,,,,,
1780369543.303396,,,MATCH_ACCEPT,47,2,39.308289,20.844792,34.436544,,19.634792,5.019761,5.146151,1.830301,1.675000,1.675000,1,1,,,,,,,,,,,,,,,,,,,,,
1780369543.303396,,,NEW_TRACK,48,0,24.010134,20.198542,,,,,,,1.000000,1.000000,1,0,,,,,,,,,,,,,,,,,,,,,
1780369543.303396,,,NEW_TRACK,49,1,24.492534,20.780625,,,,,,,1.000000,1.000000,1,0,,,,,,,,,,,,,,,,,,,,,
1780369543.303396,,,TargetLost,45,,,,,,,,,,,,,,not_in_valid_tracks,,,,,,,,,,,,,,,,,,,,
1780369543.618096,,,MATCH_ACCEPT,46,0,29.728862,22.270208,30.046071,,18.459935,3.823455,6.506784,2.737389,4.555884,2.937415,1,2,,,,,,,,,,,,,,,,,,,,,
1780369543.617563,,,TargetLost,45,,,,,,,,,,,,,,not_in_valid_tracks,,,,,,,,,,,,,,,,,,,,
1780369545.221602,,,BBOX_REJECT,,0,,,,,,,,,,,,,invalid_clipped_bbox,,,,,,,,,,,4014.000,1942.000,4054.000,1993.000,,,,,,
1780369545.221602,,,MATCH_ACCEPT,45,0,44.471941,37.585208,43.766358,,27.038810,10.569975,11.939882,6.359455,25.325931,15.116733,2,9,,,,,,,,,,,,,,,,,,,,,
1780369545.221602,,,UI_STATUS_SEND,45,,,,44.418513,224.418513,37.235334,,,,,,3,0,"internal_id=45,ui_id=8",45,8,45,1,-1,47.250000,mono,,,,,,,,,,,,,
1780369545.425188,,no_packet,TRACK_DELETE,35,,,,326.659207,,46.135478,,,,661.336354,562.440923,0,50,,,,,,,,,,,,,,,,,,,,,
1780369545.779386,,,MATCH_ACCEPT,47,0,36.972337,12.930625,43.679238,,23.558809,12.567450,16.749956,9.566171,50.542874,40.968748,0,10,,,,,,,,,,,,,,,,,,,,,
1780369545.778881,,,TargetLost,45,,,,,,,,,,,,,,not_in_valid_tracks,,,,,,,,,,,,,,,,,,,,
1780369547.606574,,no_packet,TRACK_DELETE,44,,,,295.627612,,-1.303877,,,,589.526702,500.741524,0,50,,,,,,,,,,,,,,,,,,,,,
1780369548.208704,,no_packet,TRACK_DELETE,40,,,,345.674459,,117.534472,,,,533.961375,489.201418,0,50,,,,,,,,,,,,,,,,,,,,,
1780369548.208704,,no_packet,TRACK_DELETE,42,,,,344.863119,,56.718031,,,,542.743340,515.518265,0,50,,,,,,,,,,,,,,,,,,,,,
1780369548.208704,,no_packet,TRACK_DELETE,43,,,,304.000213,,-8.357502,,,,534.709032,486.362003,0,50,,,,,,,,,,,,,,,,,,,,,
1780369552.061965,,,MATCH_ACCEPT,41,0,317.593542,38.387292,332.747029,,29.288599,17.675248,51.801489,32.500460,544.571764,511.708107,0,50,,,,,,,,,,,,,,,,,,,,,
1780369552.061965,,,TargetLost,45,,,,,,,,,,,,,,not_in_valid_tracks,,,,,,,,,,,,,,,,,,,,
1780369552.560065,,,MATCH_REJECT,41,0,323.944832,23.154792,317.156268,,39.428842,17.633188,6.121848,2.480765,4.484944,1.669252,1,2,,,,,,,,,,,,,,,,,,,,,
1780369552.560065,,,MATCH_ACCEPT,48,1,324.455248,22.751458,24.010134,,20.198542,59.609578,69.935910,45.023473,1013.556566,1013.556566,0,43,,,,,,,,,,,,,,,,,,,,,
1780369552.560065,,,NEW_TRACK,50,0,323.944832,23.154792,,,,,,,1.000000,1.000000,1,0,,,,,,,,,,,,,,,,,,,,,
1780369552.560065,,,TargetLost,45,,,,,,,,,,,,,,not_in_valid_tracks,,,,,,,,,,,,,,,,,,,,
1780369552.916879,,,MATCH_REJECT,48,0,327.713712,20.381875,322.725715,,22.829629,5.556223,5.088658,1.791972,2.430746,0.780416,1,1,,,,,,,,,,,,,,,,,,,,,
1780369552.916879,,,MATCH_ACCEPT,50,1,324.924649,22.380208,323.944832,,23.154792,1.249008,5.146151,1.830301,1.675000,1.675000,1,1,,,,,,,,,,,,,,,,,,,,,
1780369552.916879,,,NEW_TRACK,51,0,327.713712,20.381875,,,,,,,1.000000,1.000000,1,0,,,,,,,,,,,,,,,,,,,,,
1780369552.916350,,,TargetLost,45,,,,,,,,,,,,,,not_in_valid_tracks,,,,,,,,,,,,,,,,,,,,
1780369553.729298,,no_packet,TRACK_DELETE,26,,,,44.996794,,-15.390354,,,,610.984114,584.629888,0,50,,,,,,,,,,,,,,,,,,,,,
1780369554.133646,,no_packet,TRACK_DELETE,49,,,,24.492534,,20.780625,,,,1425.277070,1425.277070,0,50,,,,,,,,,,,,,,,,,,,,,
1780369554.333898,,no_packet,TRACK_DELETE,46,,,,30.777634,,72.582879,,,,814.948459,611.898622,0,50,,,,,,,,,,,,,,,,,,,,,
1780369555.750405,,no_packet,TRACK_DELETE,45,,,,117.526231,,115.347040,,,,505.518130,455.639883,0,50,,,,,,,,,,,,,,,,,,,,,
1780369556.050349,,,MATCH_REJECT,51,0,5.439245,39.368125,327.713712,,20.381875,42.233796,24.197424,14.531150,105.577155,105.577155,1,15,,,,,,,,,,,,,,,,,,,,,
1780369556.050349,,,NEW_TRACK,52,0,5.439245,39.368125,,,,,,,1.000000,1.000000,1,0,,,,,,,,,,,,,,,,,,,,,
1780369556.050349,,,TargetLost,45,,,,,,,,,,,,,,not_in_valid_tracks,,,,,,,,,,,,,,,,,,,,
1780369556.416964,,,MATCH_ACCEPT,41,0,322.547318,39.372708,312.962624,,47.781324,12.750340,20.645726,12.163351,77.466416,70.480680,0,19,,,,,,,,,,,,,,,,,,,,,
1780369556.416964,,,TRACK_DELETE,47,,,,41.909073,,-21.789678,,,,520.430375,468.575354,0,50,,,,,,,,,,,,,,,,,,,,,
1780369556.416964,,,TargetLost,45,,,,,,,,,,,,,,not_in_valid_tracks,,,,,,,,,,,,,,,,,,,,
1780369556.731558,,,MATCH_ACCEPT,51,0,326.660978,20.858542,327.713712,,20.381875,1.155621,27.870687,16.979991,144.160055,144.160055,0,17,,,,,,,,,,,,,,,,,,,,,
1780369556.731558,,,TargetLost,45,,,,,,,,,,,,,,not_in_valid_tracks,,,,,,,,,,,,,,,,,,,,
1780369557.033005,,,MATCH_ACCEPT,50,0,327.112149,17.453125,326.887083,,19.178904,1.740393,27.760280,16.906386,154.905459,130.920445,0,18,,,,,,,,,,,,,,,,,,,,,
1780369557.033005,,,TargetLost,45,,,,,,,,,,,,,,not_in_valid_tracks,,,,,,,,,,,,,,,,,,,,
1780369557.319845,,,MATCH_ACCEPT,50,1,327.175952,15.615208,327.287139,,17.122544,1.511431,5.075854,1.783436,2.460509,0.720135,1,1,,,,,,,,,,,,,,,,,,,,,
1780369557.319845,,,MATCH_REJECT,51,0,326.907071,14.483125,326.525563,,20.925642,6.453803,5.486439,2.057159,3.117704,1.114201,0,2,,,,,,,,,,,,,,,,,,,,,
1780369557.319845,,,NEW_TRACK,53,0,326.907071,14.483125,,,,,,,1.000000,1.000000,1,0,,,,,,,,,,,,,,,,,,,,,
1780369557.319845,,,TargetLost,45,,,,,,,,,,,,,,not_in_valid_tracks,,,,,,,,,,,,,,,,,,,,
1780369560.304752,,,MATCH_REJECT,50,0,344.122579,9.552708,329.218682,,10.682860,14.946685,12.401057,6.666905,23.902218,20.545404,2,14,,,,,,,,,,,,,,,,,,,,,
1780369560.304752,,,NEW_TRACK,54,0,344.122579,9.552708,,,,,,,1.000000,1.000000,1,0,,,,,,,,,,,,,,,,,,,,,
1780369560.304752,,,TargetLost,45,,,,,,,,,,,,,,not_in_valid_tracks,,,,,,,,,,,,,,,,,,,,
1780369562.553746,,,MATCH_ACCEPT,52,0,359.669714,37.983958,5.439245,,39.368125,5.933246,47.783065,29.842043,445.273771,445.273771,0,29,,,,,,,,,,,,,,,,,,,,,
1780369562.553746,,,TargetLost,45,,,,,,,,,,,,,,not_in_valid_tracks,,,,,,,,,,,,,,,,,,,,
1780369563.561848,,no_packet,TRACK_DELETE,48,,,,246.974474,,26.081811,,,,679.908113,671.656519,0,50,,,,,,,,,,,,,,,,,,,,,
1780369566.999928,,no_packet,TRACK_DELETE,41,,,,335.508940,,39.622899,,,,536.553582,495.282814,0,50,,,,,,,,,,,,,,,,,,,,,
1780369567.202179,,no_packet,TRACK_DELETE,51,,,,323.582799,,22.272425,,,,507.406500,483.188389,0,50,,,,,,,,,,,,,,,,,,,,,
1780369567.606826,,no_packet,TRACK_DELETE,50,,,,334.253411,,-3.379626,,,,502.990768,481.931443,0,50,,,,,,,,,,,,,,,,,,,,,
1780369567.606826,,no_packet,TRACK_DELETE,53,,,,326.907071,,14.483125,,,,1376.718232,1376.718232,0,50,,,,,,,,,,,,,,,,,,,,,
1780369570.448155,,no_packet,TRACK_DELETE,54,,,,344.122579,,9.552708,,,,1364.738557,1364.738557,0,50,,,,,,,,,,,,,,,,,,,,,
1780369571.185248,,,MATCH_ACCEPT,52,0,357.664506,35.376042,351.114104,,35.912371,6.572322,42.966178,27.043652,373.328800,358.030307,1,42,,,,,,,,,,,,,,,,,,,,,
1780369571.185248,,,TargetLost,45,,,,,,,,,,,,,,not_in_valid_tracks,,,,,,,,,,,,,,,,,,,,
1780369573.833896,,,MATCH_REJECT,52,0,321.690547,37.539375,357.482862,,34.522768,35.919211,13.357949,7.304832,28.480481,24.880096,2,13,,,,,,,,,,,,,,,,,,,,,
1780369573.833896,,,NEW_TRACK,55,0,321.690547,37.539375,,,,,,,1.000000,1.000000,1,0,,,,,,,,,,,,,,,,,,,,,
1780369573.833896,,,TargetLost,45,,,,,,,,,,,,,,not_in_valid_tracks,,,,,,,,,,,,,,,,,,,,
1780369574.154028,,,MATCH_REJECT,52,2,328.752774,15.578542,357.469134,,34.442156,34.357900,14.439014,8.025542,34.146737,30.262593,1,14,,,,,,,,,,,,,,,,,,,,,
1780369574.154028,,,MATCH_REJECT,55,1,324.268399,22.772083,321.690547,,37.539375,14.990605,5.765451,1.830301,1.675000,1.675000,1,1,,,,,,,,,,,,,,,,,,,,,
1780369574.154028,,,NEW_TRACK,56,0,325.034024,21.170208,,,,,,,1.000000,1.000000,1,0,,,,,,,,,,,,,,,,,,,,,
1780369574.154028,,,NEW_TRACK,57,1,324.268399,22.772083,,,,,,,1.000000,1.000000,1,0,,,,,,,,,,,,,,,,,,,,,
1780369574.154028,,,NEW_TRACK,58,2,328.752774,15.578542,,,,,,,1.000000,1.000000,1,0,,,,,,,,,,,,,,,,,,,,,
1780369574.154028,,,TargetLost,45,,,,,,,,,,,,,,not_in_valid_tracks,,,,,,,,,,,,,,,,,,,,
1780369574.510722,,,MATCH_ACCEPT,56,2,327.517748,17.315625,325.034024,,21.170208,4.585488,5.707751,1.830301,1.675000,1.675000,1,1,,,,,,,,,,,,,,,,,,,,,
1780369574.510722,,,MATCH_REJECT,57,1,327.955248,16.728958,324.268399,,22.772083,7.078998,5.146151,1.830301,1.675000,1.675000,1,1,,,,,,,,,,,,,,,,,,,,,
1780369574.510722,,,MATCH_ACCEPT,58,0,328.761889,15.573958,328.752774,,15.578542,0.010202,5.146151,1.830301,1.675000,1.675000,1,1,,,,,,,,,,,,,,,,,,,,,
1780369574.510722,,,NEW_TRACK,59,1,327.955248,16.728958,,,,,,,1.000000,1.000000,1,0,,,,,,,,,,,,,,,,,,,,,
1780369574.510722,,,TargetLost,45,,,,,,,,,,,,,,not_in_valid_tracks,,,,,,,,,,,,,,,,,,,,
1780369574.906030,,,MATCH_ACCEPT,52,1,348.596693,39.624792,357.441679,,34.280932,10.333954,16.673417,9.515145,47.518051,43.019924,0,16,,,,,,,,,,,,,,,,,,,,,
1780369574.906030,,,MATCH_ACCEPT,58,0,328.761889,15.541875,328.758365,,15.573736,0.032056,5.167707,1.844672,2.201762,1.201052,2,1,,,,,,,,,,,,,,,,,,,,,
1780369574.905525,,,TargetLost,45,,,,,,,,,,,,,,not_in_valid_tracks,,,,,,,,,,,,,,,,,,,,
1780369574.905525,,,TargetSwitch,58,,,,,,,,,,,,,,master_lost,,,,,,,,,,,,,,,,,,,,
1780369574.905525,,,UI_STATUS_SEND,58,,,,328.760179,148.760179,15.551485,,,,,,3,0,"internal_id=58,ui_id=9",58,9,58,1,-1,159.930000,mono,,,,,,,,,,,,,
1780369576.168550,,,MATCH_REJECT,52,0,0.466719,19.222292,345.591347,,41.329036,26.645541,7.257929,3.238153,6.786294,3.699339,1,6,,,,,,,,,,,,,,,,,,,,,
1780369576.168550,,,NEW_TRACK,60,0,0.466719,19.222292,,,,,,,1.000000,1.000000,1,0,,,,,,,,,,,,,,,,,,,,,
1780369576.168550,,,TargetLost,58,,,,,,,,,,,,,,not_in_valid_tracks,,,,,,,,,,,,,,,,,,,,
1780369582.782012,,,MATCH_ACCEPT,60,0,0.977657,39.468958,0.466719,,19.222292,20.253113,50.651920,32.167480,517.373381,517.373381,1,32,,,,,,,,,,,,,,,,,,,,,
1780369582.782012,,,TargetLost,58,,,,,,,,,,,,,,not_in_valid_tracks,,,,,,,,,,,,,,,,,,,,
1780369584.607210,,no_packet,TRACK_DELETE,55,,,,321.690547,,37.539375,,,,1418.753199,1418.753199,0,50,,,,,,,,,,,,,,,,,,,,,
1780369584.808320,,no_packet,TRACK_DELETE,57,,,,324.268399,,22.772083,,,,1407.882002,1407.882002,0,50,,,,,,,,,,,,,,,,,,,,,
1780369585.009350,,no_packet,TRACK_DELETE,56,,,,339.095594,,-21.629946,,,,1315.455333,1166.512292,0,50,,,,,,,,,,,,,,,,,,,,,
1780369585.009350,,no_packet,TRACK_DELETE,59,,,,327.955248,,16.728958,,,,1397.213883,1397.213883,0,50,,,,,,,,,,,,,,,,,,,,,
1780369585.214356,,no_packet,TRACK_DELETE,52,,,,321.621422,,53.883619,,,,514.415637,472.114150,0,50,,,,,,,,,,,,,,,,,,,,,
1780369585.214356,,no_packet,TRACK_DELETE,58,,,,328.852008,,15.037603,,,,987.590041,786.774636,1,50,,,,,,,,,,,,,,,,,,,,,
1780369586.300159,,,MATCH_REJECT,60,0,359.833256,17.971042,1.270148,,51.155031,33.215084,16.391532,9.327222,45.428152,41.568911,2,17,,,,,,,,,,,,,,,,,,,,,
1780369586.300159,,,NEW_TRACK,61,0,359.833256,17.971042,,,,,,,1.000000,1.000000,1,0,,,,,,,,,,,,,,,,,,,,,
1780369586.300159,,,TargetLost,58,,,,,,,,,,,,,,not_in_valid_tracks,,,,,,,,,,,,,,,,,,,,
1780369586.779597,,,MATCH_ACCEPT,61,0,0.799402,21.390208,359.833256,,17.971042,3.553046,6.162691,2.507994,3.145018,3.145018,1,2,,,,,,,,,,,,,,,,,,,,,
1780369586.779597,,,TargetLost,58,,,,,,,,,,,,,,not_in_valid_tracks,,,,,,,,,,,,,,,,,,,,
1780369587.171494,,,MATCH_REJECT,60,1,338.842956,7.173958,1.329268,,53.504789,51.499321,19.577879,11.451453,67.791935,63.343836,0,20,,,,,,,,,,,,,,,,,,,,,
1780369587.171999,,,MATCH_ACCEPT,61,0,358.944584,23.347292,0.626300,,21.969648,2.173953,5.294079,1.928920,2.607248,1.113482,2,1,,,,,,,,,,,,,,,,,,,,,
1780369587.171999,,,NEW_TRACK,62,1,338.842956,7.173958,,,,,,,1.000000,1.000000,1,0,,,,,,,,,,,,,,,,,,,,,
1780369587.171494,,,TargetLost,58,,,,,,,,,,,,,,not_in_valid_tracks,,,,,,,,,,,,,,,,,,,,
1780369587.171494,,,TargetSwitch,61,,,,,,,,,,,,,,master_lost,,,,,,,,,,,,,,,,,,,,
1780369587.171494,,,UI_STATUS_SEND,61,,,,359.689820,179.689820,22.909482,,,,,,3,0,"internal_id=61,ui_id=10",61,10,61,1,-1,159.930000,mono,,,,,,,,,,,,,
1780369587.682890,,,MATCH_REJECT,61,1,341.505547,39.633958,359.516327,,25.531742,22.874892,5.776144,2.250296,3.482136,1.581696,3,2,,,,,,,,,,,,,,,,,,,,,
1780369587.682890,,,MATCH_ACCEPT,62,0,339.831547,5.404792,338.842956,,7.173958,2.026638,6.821134,2.513556,3.158983,3.158983,1,2,,,,,,,,,,,,,,,,,,,,,
1780369587.683396,,,NEW_TRACK,63,1,341.505547,39.633958,,,,,,,1.000000,1.000000,1,0,,,,,,,,,,,,,,,,,,,,,
1780369587.682890,,,TargetLost,61,,,,,,,,,,,,,,not_in_valid_tracks,,,,,,,,,,,,,,,,,,,,
1780369590.674076,,,MATCH_ACCEPT,61,0,0.631303,37.195625,358.411259,,42.234240,5.506018,18.577693,10.784662,68.577678,47.731262,2,16,,,,,,,,,,,,,,,,,,,,,
1780369590.674076,,,UI_STATUS_SEND,61,,,,0.566108,180.566108,37.249792,,,,,,3,0,"internal_id=61,ui_id=10",61,10,61,1,-1,159.930000,mono,,,,,,,,,,,,,
1780369593.516006,,no_packet,TRACK_DELETE,60,,,,1.850234,,74.210853,,,,600.480539,589.036635,0,50,,,,,,,,,,,,,,,,,,,,,
1780369594.323393,,,MATCH_REJECT,61,0,44.790951,39.056458,1.453583,,51.987600,45.225456,14.925599,8.349933,38.415919,31.305461,3,17,,,,,,,,,,,,,,,,,,,,,
1780369594.323393,,,NEW_TRACK,64,0,44.790951,39.056458,,,,,,,1.000000,1.000000,1,0,,,,,,,,,,,,,,,,,,,,,
1780369594.323393,,,TargetLost,61,,,,,,,,,,,,,,not_in_valid_tracks,,,,,,,,,,,,,,,,,,,,
1780369598.180213,,no_packet,TRACK_DELETE,62,,,,346.413085,,-14.929071,,,,1146.044584,904.293584,0,50,,,,,,,,,,,,,,,,,,,,,
1780369598.180213,,no_packet,TRACK_DELETE,63,,,,341.505547,,39.633958,,,,1391.087886,1391.087886,0,50,,,,,,,,,,,,,,,,,,,,,
1780369599.783293,,,MATCH_REJECT,61,0,316.347827,17.916042,2.802183,,74.383058,73.119978,41.254140,25.902293,348.230507,322.698276,2,43,,,,,,,,,,,,,,,,,,,,,
1780369599.783293,,,NEW_TRACK,65,0,316.347827,17.916042,,,,,,,1.000000,1.000000,1,0,,,,,,,,,,,,,,,,,,,,,
1780369599.783293,,,TargetLost,61,,,,,,,,,,,,,,not_in_valid_tracks,,,,,,,,,,,,,,,,,,,,
1780369600.115866,,,MATCH_ACCEPT,65,0,314.128426,19.291042,316.347827,,17.916042,2.610817,5.146151,1.830301,1.675000,1.675000,1,1,,,,,,,,,,,,,,,,,,,,,
1780369600.115866,,,TargetLost,61,,,,,,,,,,,,,,not_in_valid_tracks,,,,,,,,,,,,,,,,,,,,
1780369601.327730,,no_packet,TRACK_DELETE,61,,,,3.172783,,80.537393,,,,520.256718,487.571015,0,50,,,,,,,,,,,,,,,,,,,,,
1780369604.874174,,,MATCH_ACCEPT,65,0,314.312292,37.814375,308.392275,,26.341019,12.910635,33.811051,20.940234,236.335439,202.157955,2,23,,,,,,,,,,,,,,,,,,,,,
1780369604.874174,,,TRACK_DELETE,64,,,,44.790951,,39.056458,,,,1403.376225,1403.376225,0,50,,,,,,,,,,,,,,,,,,,,,
1780369604.874174,,,TargetLost,61,,,,,,,,,,,,,,not_in_valid_tracks,,,,,,,,,,,,,,,,,,,,
1780369604.874174,,,TargetSwitch,65,,,,,,,,,,,,,,master_lost,,,,,,,,,,,,,,,,,,,,
1780369604.874174,,,UI_STATUS_SEND,65,,,,314.260772,134.260772,37.785012,,,,,,3,0,"internal_id=65,ui_id=11",65,11,65,1,-1,159.930000,mono,,,,,,,,,,,,,
1780369608.989907,,,MATCH_REJECT,65,0,6.678829,38.089375,313.488599,,54.839710,55.765350,18.108683,10.471989,57.990751,51.671801,3,20,,,,,,,,,,,,,,,,,,,,,
1780369608.989907,,,NEW_TRACK,66,0,6.678829,38.089375,,,,,,,1.000000,1.000000,1,0,,,,,,,,,,,,,,,,,,,,,
1780369608.989907,,,TargetLost,65,,,,,,,,,,,,,,not_in_valid_tracks,,,,,,,,,,,,,,,,,,,,
1780369609.563890,,,BBOX_CLIPPED,,0,,,,,,,,,,,,,bbox_out_of_image_bounds,,,,,,,,,,,1284.000,2063.000,1532.000,2242.000,1284.000,2063.000,1532.000,2160.000,1,0.541899
1780369609.563890,,,MATCH_REJECT,66,0,358.436967,33.272292,6.678829,,38.089375,9.546339,6.786001,2.510668,3.151726,3.151726,1,2,,,,,,,,,,,,,,,,,,,,,
1780369609.564395,,,NEW_TRACK,67,0,358.436967,33.272292,,,,,,,1.000000,1.000000,1,0,,,,,,,,,,,,,,,,,,,,,
1780369609.563890,,,TargetLost,65,,,,,,,,,,,,,,not_in_valid_tracks,,,,,,,,,,,,,,,,,,,,
1780369613.734068,,,MATCH_ACCEPT,67,0,326.120235,41.357292,358.436967,,33.272292,33.312736,33.373224,19.582149,191.730283,191.730283,1,20,,,,,,,,,,,,,,,,,,,,,
1780369613.734068,,,TargetLost,65,,,,,,,,,,,,,,not_in_valid_tracks,,,,,,,,,,,,,,,,,,,,
1780369615.355410,,no_packet,TRACK_DELETE,65,,,,312.326964,,80.496331,,,,546.140778,525.019376,0,50,,,,,,,,,,,,,,,,,,,,,
1780369616.830860,,,MATCH_ACCEPT,66,0,355.609754,7.586458,6.678829,,38.089375,32.449227,60.167004,38.098003,725.728902,725.728902,0,37,,,,,,,,,,,,,,,,,,,,,
1780369616.830860,,,TargetLost,65,,,,,,,,,,,,,,not_in_valid_tracks,,,,,,,,,,,,,,,,,,,,
1780369617.532346,,,MATCH_ACCEPT,66,0,357.332410,8.180000,354.622454,,4.752913,4.369072,7.147189,2.730926,5.197869,2.260089,1,3,,,,,,,,,,,,,,,,,,,,,
1780369617.532346,,,MATCH_REJECT,67,1,335.060404,8.947708,297.211765,,48.961070,55.078022,17.747258,10.231039,60.953426,43.720732,1,18,,,,,,,,,,,,,,,,,,,,,
1780369617.532851,,,NEW_TRACK,68,1,335.060404,8.947708,,,,,,,1.000000,1.000000,1,0,,,,,,,,,,,,,,,,,,,,,
1780369617.532851,,,NEW_TRACK,69,2,335.005717,7.570417,,,,,,,1.000000,1.000000,1,0,,,,,,,,,,,,,,,,,,,,,
1780369617.532346,,,TargetLost,65,,,,,,,,,,,,,,not_in_valid_tracks,,,,,,,,,,,,,,,,,,,,
1780369617.960781,,,MATCH_ACCEPT,66,2,359.932345,7.911875,355.900003,,6.279085,4.350378,6.376262,2.216975,3.392626,1.522351,2,2,,,,,,,,,,,,,,,,,,,,,
1780369617.960781,,,MATCH_ACCEPT,68,0,337.571472,9.021042,335.060404,,8.947708,2.512138,7.640968,2.427312,2.945921,2.945921,1,2,,,,,,,,,,,,,,,,,,,,,
1780369617.960781,,,MATCH_ACCEPT,69,1,336.163269,7.900417,335.005717,,7.570417,1.203672,7.640968,2.427312,2.945921,2.945921,1,2,,,,,,,,,,,,,,,,,,,,,
1780369617.960781,,,TargetLost,65,,,,,,,,,,,,,,not_in_valid_tracks,,,,,,,,,,,,,,,,,,,,
1780369617.960781,,,TargetSwitch,66,,,,,,,,,,,,,,master_lost,,,,,,,,,,,,,,,,,,,,
1780369617.960781,,,UI_STATUS_SEND,66,,,,357.923135,177.923135,7.330258,,,,,,3,0,"internal_id=66,ui_id=12",66,12,66,1,-1,159.930000,mono,,,,,,,,,,,,,
1780369618.325397,,,MATCH_ACCEPT,66,1,1.983127,7.710208,358.012634,,7.004318,4.032753,5.137264,1.824376,2.393259,0.935088,3,1,,,,,,,,,,,,,,,,,,,,,
1780369618.325397,,,MATCH_ACCEPT,68,0,341.094258,8.166250,336.160408,,9.013233,5.006022,7.752266,2.501511,4.046168,2.211388,2,1,,,,,,,,,,,,,,,,,,,,,
1780369618.325397,,,UI_STATUS_SEND,66,,,,0.139373,180.139373,7.458352,,,,,,4,0,"internal_id=66,ui_id=12",66,12,66,1,-1,159.930000,mono,,,,,,,,,,,,,
1780369618.794596,,,MATCH_ACCEPT,66,1,3.856173,7.591042,0.940043,,7.062451,2.963651,5.108696,1.805331,2.290032,0.969188,4,2,,,,,,,,,,,,,,,,,,,,,
1780369618.794596,,,MATCH_ACCEPT,68,0,345.688008,7.047917,339.718569,,8.239147,6.087136,8.631440,3.087627,6.559864,2.973574,3,2,,,,,,,,,,,,,,,,,,,,,
1780369618.794091,,,UI_STATUS_SEND,66,,,,2.470003,182.470003,7.406766,,,,,,5,0,"internal_id=66,ui_id=12",66,12,66,1,-1,159.930000,mono,,,,,,,,,,,,,
1780369619.613531,,,BBOX_CLIPPED,,0,,,,,,,,,,,,,bbox_out_of_image_bounds,,,,,,,,,,,-6.000,1593.000,126.000,1684.000,0.000,1593.000,126.000,1684.000,1,0.954545
1780369619.613531,,,BBOX_CLIPPED,,0,,,,,,,,,,,,,bbox_out_of_image_bounds,,,,,,,,,,,733.000,2059.000,981.000,2239.000,733.000,2059.000,981.000,2160.000,1,0.561111
1780369619.613531,,,MATCH_ACCEPT,66,0,7.096409,6.940208,4.843258,,6.948303,2.253166,5.995063,2.396242,3.867023,1.874954,5,4,,,,,,,,,,,,,,,,,,,,,
1780369619.613531,,,MATCH_ACCEPT,69,1,337.926599,4.781458,336.204965,,8.267770,3.888238,14.876741,7.251160,31.420865,21.158463,0,7,,,,,,,,,,,,,,,,,,,,,
1780369619.613531,,,UI_STATUS_SEND,66,,,,6.309639,186.309639,6.941962,,,,,,6,0,"internal_id=66,ui_id=12",66,12,66,1,-1,47.250000,mono,,,,,,,,,,,,,
1780369619.820422,,,MATCH_ACCEPT,66,0,7.882541,7.448958,7.101313,,6.825215,0.999686,6.345918,1.563945,1.819213,0.626711,6,1,,,,,,,,,,,,,,,,,,,,,
1780369619.820927,,,MATCH_REJECT,69,1,330.890144,22.274792,337.910048,,4.709994,18.915633,8.349946,2.899964,6.505302,1.904490,1,1,,,,,,,,,,,,,,,,,,,,,
1780369619.820927,,,NEW_TRACK,70,1,330.890144,22.274792,,,,,,,1.000000,1.000000,1,0,,,,,,,,,,,,,,,,,,,,,
1780369619.820422,,,UI_STATUS_SEND,66,,,,7.277442,187.277442,7.003776,,,,,,7,0,"internal_id=66,ui_id=12",66,12,66,1,-1,47.250000,mono,,,,,,,,,,,,,
1780369620.178504,,,MATCH_ACCEPT,69,0,341.531417,4.889167,338.235203,,4.333933,3.342650,8.968006,3.312004,8.355051,2.614319,0,2,,,,,,,,,,,,,,,,,,,,,
1780369620.178504,,,TargetLost,66,,,,,,,,,,,,,,not_in_valid_tracks,,,,,,,,,,,,,,,,,,,,
1780369620.711739,,,MATCH_ACCEPT,66,0,10.284235,7.160208,10.037514,,6.711370,0.512179,7.463357,2.308905,3.633691,1.697350,6,3,,,,,,,,,,,,,,,,,,,,,
1780369620.711739,,,MATCH_REJECT,68,1,320.136511,34.404375,353.693251,,4.987185,44.625394,12.470011,6.279474,26.257992,13.173803,1,8,,,,,,,,,,,,,,,,,,,,,
1780369620.711739,,,MATCH_REJECT,69,2,318.313594,35.394375,341.107350,,4.094991,38.719591,8.093174,2.728783,5.580823,1.865433,1,2,,,,,,,,,,,,,,,,,,,,,
1780369620.711739,,,MATCH_REJECT,70,3,318.896928,35.064375,330.890144,,22.274792,17.533131,7.644897,3.496131,6.111466,6.111466,0,3,,,,,,,,,,,,,,,,,,,,,
1780369620.711739,,,NEW_TRACK,71,1,320.136511,34.404375,,,,,,,1.000000,1.000000,1,0,,,,,,,,,,,,,,,,,,,,,
1780369620.711739,,,NEW_TRACK,72,2,318.313594,35.394375,,,,,,,1.000000,1.000000,1,0,,,,,,,,,,,,,,,,,,,,,
1780369620.711739,,,NEW_TRACK,73,3,318.896928,35.064375,,,,,,,1.000000,1.000000,1,0,,,,,,,,,,,,,,,,,,,,,
1780369620.711232,,,UI_STATUS_SEND,66,,,,10.128220,190.128220,6.945073,,,,,,7,0,"internal_id=66,ui_id=12",66,12,66,1,-1,159.930000,mono,,,,,,,,,,,,,
1780369620.967352,,,MATCH_ACCEPT,66,0,11.690159,7.515417,11.126356,,6.884323,0.846258,5.534537,2.089225,3.123389,1.241472,7,1,,,,,,,,,,,,,,,,,,,,,
1780369620.967352,,,UI_STATUS_SEND,66,,,,11.465123,191.465123,7.329441,,,,,,8,0,"internal_id=66,ui_id=12",66,12,66,1,-1,97.460000,mono,,,,,,,,,,,,,
1780369621.333537,,,MATCH_ACCEPT,66,0,12.995823,7.687292,12.511017,,7.349775,0.590724,5.343100,1.528200,1.728423,0.606972,8,1,,,,,,,,,,,,,,,,,,,,,
1780369621.333537,,,MATCH_REJECT,68,1,0.909297,36.581458,356.854287,,4.271735,32.563190,14.561016,7.673477,38.445758,20.436494,0,10,,,,,,,,,,,,,,,,,,,,,
1780369621.333537,,,NEW_TRACK,74,1,0.909297,36.581458,,,,,,,1.000000,1.000000,1,0,,,,,,,,,,,,,,,,,,,,,
1780369621.333537,,,TargetKeep,66,,,,,,,,,,,,,,lock_timer_expired,,,,,,,,,,,,,,,,,,,,
1780369621.333537,,,UI_STATUS_SEND,66,,,,12.675395,192.675395,7.491129,,,,,,9,0,"internal_id=66,ui_id=12",66,12,66,1,-1,159.930000,mono,,,,,,,,,,,,,
1780369621.870828,,,MATCH_ACCEPT,66,0,14.039443,7.710208,14.608742,,7.580231,0.583948,5.019568,1.745912,2.126908,0.921300,9,2,,,,,,,,,,,,,,,,,,,,,
1780369621.870322,,,UI_STATUS_SEND,66,,,,14.320563,194.320563,7.663389,,,,,,10,0,"internal_id=66,ui_id=12",66,12,66,1,-1,159.930000,mono,,,,,,,,,,,,,
1780369622.964779,,,BBOX_REJECT,,0,,,,,,,,,,,,,invalid_clipped_bbox,,,,,,,,,,,1578.000,2296.000,1826.000,2476.000,,,,,,
1780369622.964779,,,TargetLost,66,,,,,,,,,,,,,,not_in_valid_tracks,,,,,,,,,,,,,,,,,,,,
1780369623.491621,,,BBOX_CLIPPED,,0,,,,,,,,,,,,,bbox_out_of_image_bounds,,,,,,,,,,,1402.000,2068.000,1650.000,2248.000,1402.000,2068.000,1650.000,2160.000,1,0.511111
1780369623.492127,,,MATCH_REJECT,66,0,32.513027,4.760833,20.520623,,8.066477,12.439656,7.535877,3.423451,7.150856,4.569164,10,7,,,,,,,,,,,,,,,,,,,,,
1780369623.492127,,,MATCH_ACCEPT,68,1,17.765029,7.627708,9.259788,,1.463945,10.503862,23.585984,13.690123,116.212087,71.207378,0,19,,,,,,,,,,,,,,,,,,,,,
1780369623.492127,,,NEW_TRACK,75,0,32.513027,4.760833,,,,,,,1.000000,1.000000,1,0,,,,,,,,,,,,,,,,,,,,,
1780369623.491621,,,TargetLost,66,,,,,,,,,,,,,,not_in_valid_tracks,,,,,,,,,,,,,,,,,,,,
1780369623.912350,,,MATCH_ACCEPT,68,0,18.849665,8.351875,20.978571,,7.604186,2.256387,6.634624,2.389216,4.322068,1.386284,1,2,,,,,,,,,,,,,,,,,,,,,
1780369623.912350,,,TargetLost,66,,,,,,,,,,,,,,not_in_valid_tracks,,,,,,,,,,,,,,,,,,,,
1780369624.172701,,,MATCH_ACCEPT,68,0,19.451227,9.355625,21.728521,,8.172627,2.566233,5.137286,1.797724,2.393064,0.838747,2,1,,,,,,,,,,,,,,,,,,,,,
1780369624.172701,,,TargetLost,66,,,,,,,,,,,,,,not_in_valid_tracks,,,,,,,,,,,,,,,,,,,,
1780369624.172701,,,TargetSwitch,68,,,,,,,,,,,,,,master_lost,,,,,,,,,,,,,,,,,,,,
1780369624.172701,,,UI_STATUS_SEND,68,,,,20.527507,200.527507,8.894317,,,,,,3,0,"internal_id=68,ui_id=13",68,13,68,1,-1,155.930000,mono,,,,,,,,,,,,,
1780369624.378875,,,MATCH_ACCEPT,75,0,31.059251,6.339792,32.513027,,4.760833,2.146293,10.374933,4.249956,9.031061,9.031061,0,4,,,,,,,,,,,,,,,,,,,,,
1780369624.378875,,,TargetLost,68,,,,,,,,,,,,,,not_in_valid_tracks,,,,,,,,,,,,,,,,,,,,
1780369624.600571,,,MATCH_ACCEPT,68,0,19.811253,10.604583,23.615808,,9.337521,4.009998,5.017034,1.717556,2.020891,0.929107,2,2,,,,,,,,,,,,,,,,,,,,,
1780369624.600571,,,UI_STATUS_SEND,68,,,,21.769993,201.769993,10.140965,,,,,,3,0,"internal_id=68,ui_id=13",68,13,68,1,-1,97.460000,mono,,,,,,,,,,,,,
1780369624.806848,,,MATCH_ACCEPT,74,0,3.684688,37.048958,0.909297,,36.581458,2.814489,25.462311,15.374407,118.186200,118.186200,0,15,,,,,,,,,,,,,,,,,,,,,
1780369624.806848,,,MATCH_ACCEPT,75,1,30.202480,6.965417,31.286352,,6.682659,1.120148,7.439083,3.332255,7.959021,3.144904,0,2,,,,,,,,,,,,,,,,,,,,,
1780369624.806342,,,TargetLost,68,,,,,,,,,,,,,,not_in_valid_tracks,,,,,,,,,,,,,,,,,,,,
1780369625.048523,,,MATCH_ACCEPT,68,0,20.093805,11.876458,24.454690,,10.957568,4.456644,5.694088,1.762192,2.114277,0.991043,2,2,,,,,,,,,,,,,,,,,,,,,
1780369625.048523,,,MATCH_ACCEPT,75,1,29.313808,7.575000,30.067407,,7.299790,0.802279,6.715603,1.810402,2.491109,0.786445,1,1,,,,,,,,,,,,,,,,,,,,,
1780369625.048019,,,UI_STATUS_SEND,68,,,,22.773278,202.773278,11.454283,,,,,,3,0,"internal_id=68,ui_id=13",68,13,68,1,-1,155.930000,mono,,,,,,,,,,,,,
1780369625.449284,,,MATCH_ACCEPT,68,1,20.554092,13.020000,23.972633,,12.025805,3.560175,4.909593,1.645928,1.921182,0.787898,3,1,,,,,,,,,,,,,,,,,,,,,
1780369625.449284,,,MATCH_ACCEPT,75,0,30.644537,8.583333,29.435658,,7.802664,1.439040,5.257851,1.878101,2.609559,0.917704,2,1,,,,,,,,,,,,,,,,,,,,,
1780369625.449284,,,TRACK_DELETE,67,,,,240.358747,,63.529488,,,,659.799771,595.703567,0,50,,,,,,,,,,,,,,,,,,,,,
1780369625.449284,,,UI_STATUS_SEND,68,,,,22.357259,202.357259,12.617427,,,,,,4,0,"internal_id=68,ui_id=13",68,13,68,1,-1,25.150000,mono,,,,,,,,,,,,,
1780369625.758498,,,MATCH_ACCEPT,68,3,21.447321,13.441667,23.270891,,13.321790,1.827506,6.166390,1.444260,1.513464,0.572423,4,1,,,,,,,,,,,,,,,,,,,,,
1780369625.758498,,,MATCH_ACCEPT,70,1,335.497904,7.520000,330.890144,,22.274792,15.457533,39.875762,24.983374,312.084497,312.084497,0,23,,,,,,,,,,,,,,,,,,,,,
1780369625.758498,,,MATCH_REJECT,74,0,358.616459,22.513125,4.274592,,37.155756,15.697805,6.598984,2.385989,4.005420,1.687526,0,3,,,,,,,,,,,,,,,,,,,,,
1780369625.758498,,,MATCH_ACCEPT,75,2,32.517584,9.181458,29.797336,,8.823392,2.743714,6.300893,1.533929,1.731788,0.621150,3,1,,,,,,,,,,,,,,,,,,,,,
1780369625.758498,,,NEW_TRACK,76,0,358.616459,22.513125,,,,,,,1.000000,1.000000,1,0,,,,,,,,,,,,,,,,,,,,,
1780369625.758498,,,UI_STATUS_SEND,68,,,,22.915392,202.915392,13.353931,,,,,,5,0,"internal_id=68,ui_id=13",68,13,68,1,-1,97.460000,mono,,,,,,,,,,,,,
1780369626.018523,,,MATCH_ACCEPT,70,1,335.497904,7.520000,335.700523,,6.794505,0.753258,6.664456,1.776304,2.429835,0.725422,1,1,,,,,,,,,,,,,,,,,,,,,
1780369626.018523,,,MATCH_ACCEPT,76,0,359.286381,19.341458,358.616459,,22.513125,3.241645,5.146151,1.830301,1.675000,1.675000,1,1,,,,,,,,,,,,,,,,,,,,,
1780369626.018017,,,TargetLost,68,,,,,,,,,,,,,,not_in_valid_tracks,,,,,,,,,,,,,,,,,,,,
1780369626.221178,,,MATCH_ACCEPT,66,0,34.550136,8.773542,30.778041,,8.733347,3.772310,16.078907,9.118805,46.068665,37.083932,0,18,,,,,,,,,,,,,,,,,,,,,
1780369626.221178,,,MATCH_ACCEPT,68,1,22.878310,13.826667,24.456156,,14.644101,1.777019,5.863811,1.875340,2.428272,1.088630,4,2,,,,,,,,,,,,,,,,,,,,,
1780369626.221178,,,UI_STATUS_SEND,68,,,,23.795284,203.795284,14.183248,,,,,,5,0,"internal_id=68,ui_id=13",68,13,68,1,-1,25.150000,mono,,,,,,,,,,,,,
1780369626.656971,,,MATCH_ACCEPT,66,0,37.170579,7.932500,36.608489,,8.894270,1.113978,5.387760,1.964707,2.858954,1.001118,1,2,,,,,,,,,,,,,,,,,,,,,
1780369626.656448,,,TargetLost,68,,,,,,,,,,,,,,not_in_valid_tracks,,,,,,,,,,,,,,,,,,,,
1780369627.177788,,,MATCH_ACCEPT,66,0,39.490241,7.224375,39.289202,,8.178120,0.974703,6.606038,1.763759,2.142196,0.968649,2,2,,,,,,,,,,,,,,,,,,,,,
1780369627.177788,,,MATCH_ACCEPT,70,1,335.497904,7.520000,336.636757,,3.940336,3.756459,8.684930,3.123286,5.843987,3.910931,0,5,,,,,,,,,,,,,,,,,,,,,
1780369627.177788,,,TargetLost,68,,,,,,,,,,,,,,not_in_valid_tracks,,,,,,,,,,,,,,,,,,,,
1780369627.177788,,,TargetSwitch,66,,,,,,,,,,,,,,master_lost,,,,,,,,,,,,,,,,,,,,
1780369627.177788,,,UI_STATUS_SEND,66,,,,39.341376,219.341376,7.808093,,,,,,3,0,"internal_id=66,ui_id=12",66,12,66,1,-1,155.930000,mono,,,,,,,,,,,,,
1780369627.408736,,,BBOX_REJECT,,0,,,,,,,,,,,,,invalid_clipped_bbox,,,,,,,,,,,4074.000,1967.000,4194.000,2211.000,,,,,,
1780369627.408736,,,MATCH_REJECT,68,0,13.177452,21.335208,27.104774,,16.938924,14.604713,8.517544,3.011696,5.889467,3.180847,3,5,,,,,,,,,,,,,,,,,,,,,
1780369627.408736,,,NEW_TRACK,77,0,13.177452,21.335208,,,,,,,1.000000,1.000000,1,0,,,,,,,,,,,,,,,,,,,,,
1780369627.408736,,,TargetLost,66,,,,,,,,,,,,,,not_in_valid_tracks,,,,,,,,,,,,,,,,,,,,
1780369627.616706,,,BBOX_CLIPPED,,0,,,,,,,,,,,,,bbox_out_of_image_bounds,,,,,,,,,,,399.000,1994.000,647.000,2174.000,399.000,1994.000,647.000,2160.000,1,0.922222
1780369627.617229,,,MATCH_ACCEPT,68,1,25.620464,14.430417,27.721357,,17.452327,3.680448,9.076590,3.384393,7.309210,4.144907,2,6,,,,,,,,,,,,,,,,,,,,,
1780369627.617229,,,MATCH_ACCEPT,70,2,335.497904,7.520000,336.359076,,6.036660,1.715201,7.998881,2.665921,4.929352,2.177780,0,2,,,,,,,,,,,,,,,,,,,,,
1780369627.617229,,,MATCH_ACCEPT,77,0,13.172894,21.284792,13.177452,,21.335208,0.050622,4.983589,1.721926,1.482515,1.482515,1,1,,,,,,,,,,,,,,,,,,,,,
1780369627.616706,,,TargetLost,66,,,,,,,,,,,,,,not_in_valid_tracks,,,,,,,,,,,,,,,,,,,,
1780369627.616706,,,TargetSwitch,68,,,,,,,,,,,,,,master_lost,,,,,,,,,,,,,,,,,,,,
1780369627.616706,,,UI_STATUS_SEND,68,,,,26.588852,206.588852,15.257716,,,,,,3,0,"internal_id=68,ui_id=13",68,13,68,1,-1,25.150000,mono,,,,,,,,,,,,,
1780369627.899620,,,MATCH_ACCEPT,66,1,42.450202,7.059375,42.975067,,7.431146,0.643193,6.172270,2.487714,3.965861,2.222857,1,3,,,,,,,,,,,,,,,,,,,,,
1780369627.899620,,,MATCH_ACCEPT,68,0,27.406922,14.870417,27.192521,,15.556212,0.718529,7.654523,2.436349,4.346365,1.589429,3,1,,,,,,,,,,,,,,,,,,,,,
1780369627.899115,,,UI_STATUS_SEND,68,,,,27.280463,207.280463,15.210385,,,,,,4,0,"internal_id=68,ui_id=13",68,13,68,1,-1,25.150000,mono,,,,,,,,,,,,,
1780369628.143782,,,MATCH_ACCEPT,75,0,28.974630,14.907083,28.574944,,13.949112,1.038007,10.542920,5.401480,17.176415,11.999574,0,10,,,,,,,,,,,,,,,,,,,,,
1780369628.143277,,,TargetLost,68,,,,,,,,,,,,,,not_in_valid_tracks,,,,,,,,,,,,,,,,,,,,
1780369628.386739,,,MATCH_ACCEPT,75,0,30.756531,14.558750,28.769051,,15.501136,2.199584,5.091210,1.767006,2.390047,0.732265,1,1,,,,,,,,,,,,,,,,,,,,,
1780369628.386739,,,TargetLost,68,,,,,,,,,,,,,,not_in_valid_tracks,,,,,,,,,,,,,,,,,,,,
1780369628.619867,,,BBOX_CLIPPED,,0,,,,,,,,,,,,,bbox_out_of_image_bounds,,,,,,,,,,,1860.000,2089.000,2108.000,2269.000,1860.000,2089.000,2108.000,2160.000,1,0.394444
1780369628.619867,,,MATCH_ACCEPT,75,0,32.278667,14.212708,29.769747,,15.483323,2.812319,6.117114,1.411410,1.482251,0.509826,2,1,,,,,,,,,,,,,,,,,,,,,
1780369628.619867,,,TargetLost,68,,,,,,,,,,,,,,not_in_valid_tracks,,,,,,,,,,,,,,,,,,,,
1780369628.619867,,,TargetSwitch,75,,,,,,,,,,,,,,master_lost,,,,,,,,,,,,,,,,,,,,
1780369628.619867,,,UI_STATUS_SEND,75,,,,30.250700,210.250700,15.170731,,,,,,3,0,"internal_id=75,ui_id=14",75,14,75,1,-1,25.150000,mono,,,,,,,,,,,,,
1780369628.860358,,,BBOX_REJECT,,0,,,,,,,,,,,,,invalid_clipped_bbox,,,,,,,,,,,2261.000,2266.000,2509.000,2446.000,,,,,,
1780369628.860358,,,MATCH_ACCEPT,71,1,324.778816,22.041042,320.136511,,34.404375,13.206173,57.885613,36.989942,684.127912,684.127912,0,33,,,,,,,,,,,,,,,,,,,,,
1780369628.860358,,,MATCH_ACCEPT,74,3,359.496537,38.286458,6.844602,,37.594335,7.380589,16.037789,8.678526,41.263394,34.053422,0,16,,,,,,,,,,,,,,,,,,,,,
1780369628.860358,,,MATCH_REJECT,76,0,359.569454,37.076458,0.138887,,10.192529,26.889960,20.375709,11.983339,78.668779,64.931636,0,12,,,,,,,,,,,,,,,,,,,,,
1780369628.860358,,,MATCH_REJECT,77,2,359.532995,37.663125,13.172325,,21.234398,21.352621,10.840225,5.626350,17.577937,14.077877,0,5,,,,,,,,,,,,,,,,,,,,,
1780369628.861370,,,NEW_TRACK,78,0,359.569454,37.076458,,,,,,,1.000000,1.000000,1,0,,,,,,,,,,,,,,,,,,,,,
1780369628.861370,,,NEW_TRACK,79,2,359.532995,37.663125,,,,,,,1.000000,1.000000,1,0,,,,,,,,,,,,,,,,,,,,,
1780369628.860358,,,TargetLost,75,,,,,,,,,,,,,,not_in_valid_tracks,,,,,,,,,,,,,,,,,,,,
1780369629.126676,,,BBOX_CLIPPED,,0,,,,,,,,,,,,,bbox_out_of_image_bounds,,,,,,,,,,,1550.000,-14.000,1589.000,37.000,1550.000,0.000,1589.000,37.000,1,0.725490
1780369629.127181,,,MATCH_ACCEPT,71,1,321.155769,23.865208,324.932564,,21.602552,4.402702,5.064891,1.776128,2.409646,0.744984,1,1,,,,,,,,,,,,,,,,,,,,,
1780369629.127181,,,MATCH_ACCEPT,74,0,359.077266,40.110625,359.773067,,38.359534,1.884266,5.647818,2.164745,3.628402,1.057720,1,1,,,,,,,,,,,,,,,,,,,,,
1780369629.127181,,,MATCH_ACCEPT,78,2,359.496537,35.861875,359.569454,,37.076458,1.216770,6.745451,1.830301,1.675000,1.675000,1,1,,,,,,,,,,,,,,,,,,,,,
1780369629.126676,,,TargetLost,75,,,,,,,,,,,,,,not_in_valid_tracks,,,,,,,,,,,,,,,,,,,,
1780369631.961369,,no_packet,TRACK_DELETE,69,,,,4.273823,,-9.677430,,,,653.580360,558.372355,0,50,,,,,,,,,,,,,,,,,,,,,
1780369632.370302,,no_packet,TRACK_DELETE,72,,,,318.313594,,35.394375,,,,1593.053715,1593.053715,0,50,,,,,,,,,,,,,,,,,,,,,
1780369632.370302,,no_packet,TRACK_DELETE,73,,,,318.896928,,35.064375,,,,1593.053715,1593.053715,0,50,,,,,,,,,,,,,,,,,,,,,
1780369634.027284,,,MATCH_ACCEPT,71,0,314.565926,17.366042,322.624212,,19.699245,8.389268,23.002078,13.734252,97.588802,91.040878,2,24,,,,,,,,,,,,,,,,,,,,,
1780369634.026780,,,TargetLost,75,,,,,,,,,,,,,,not_in_valid_tracks,,,,,,,,,,,,,,,,,,,,
1780369634.026780,,,TargetSwitch,71,,,,,,,,,,,,,,master_lost,,,,,,,,,,,,,,,,,,,,
1780369634.026780,,,UI_STATUS_SEND,71,,,,314.733684,134.733684,17.379260,,,,,,3,0,"internal_id=71,ui_id=15",71,15,71,1,-1,159.930000,mono,,,,,,,,,,,,,
1780369634.363782,,,MATCH_ACCEPT,70,1,319.259936,14.891042,338.789047,,3.710000,22.503375,30.514975,18.309450,187.903617,147.332350,0,31,,,,,,,,,,,,,,,,,,,,,
1780369634.363782,,,MATCH_ACCEPT,71,2,316.858243,16.091875,314.254989,,17.074280,2.782454,5.068808,1.778738,2.432912,0.730998,3,1,,,,,,,,,,,,,,,,,,,,,
1780369634.363782,,,MATCH_REJECT,78,0,318.640144,15.221042,359.435579,,31.617770,43.967263,38.864630,24.309287,314.810139,276.131272,1,25,,,,,,,,,,,,,,,,,,,,,
1780369634.364782,,,NEW_TRACK,80,0,318.640144,15.221042,,,,,,,1.000000,1.000000,1,0,,,,,,,,,,,,,,,,,,,,,
1780369634.363782,,,UI_STATUS_SEND,71,,,,315.660020,135.660020,16.499633,,,,,,4,0,"internal_id=71,ui_id=15",71,15,71,1,-1,159.930000,mono,,,,,,,,,,,,,
1780369635.035744,,,MATCH_REJECT,80,0,335.552592,7.492500,318.640144,,15.221042,18.594656,7.370233,3.313022,5.488056,5.488056,1,3,,,,,,,,,,,,,,,,,,,,,
1780369635.035744,,,NEW_TRACK,81,0,335.552592,7.492500,,,,,,,1.000000,1.000000,1,0,,,,,,,,,,,,,,,,,,,,,
1780369635.035237,,,TargetLost,71,,,,,,,,,,,,,,not_in_valid_tracks,,,,,,,,,,,,,,,,,,,,
1780369635.237126,,,MATCH_ACCEPT,81,0,335.033060,7.515417,335.552592,,7.492500,0.520036,6.559237,1.706158,1.455487,1.455487,1,1,,,,,,,,,,,,,,,,,,,,,
1780369635.236604,,,TargetLost,71,,,,,,,,,,,,,,not_in_valid_tracks,,,,,,,,,,,,,,,,,,,,
1780369636.850019,,no_packet,TRACK_DELETE,76,,,,3.653668,,-18.251635,,,,1346.736957,1196.352578,0,50,,,,,,,,,,,,,,,,,,,,,
1780369638.267137,,no_packet,TRACK_DELETE,77,,,,13.147583,,20.747839,,,,1363.468495,1244.650048,0,50,,,,,,,,,,,,,,,,,,,,,
1780369638.614020,,,MATCH_ACCEPT,75,0,38.339865,23.235000,30.815802,,34.572561,13.607049,47.644941,29.096627,438.527196,408.086514,0,47,,,,,,,,,,,,,,,,,,,,,
1780369638.614525,,,TRACK_DELETE,66,,,,95.899180,,-0.951972,,,,533.990228,467.748749,0,50,,,,,,,,,,,,,,,,,,,,,
1780369638.614525,,,TRACK_DELETE,68,,,,53.069414,,25.552557,,,,548.667658,484.009649,0,50,,,,,,,,,,,,,,,,,,,,,
1780369638.614020,,,TargetLost,71,,,,,,,,,,,,,,not_in_valid_tracks,,,,,,,,,,,,,,,,,,,,
1780369638.818784,,,MATCH_REJECT,75,0,31.023133,21.523125,38.451200,,23.364243,7.652836,7.420319,2.913012,6.675203,1.810438,1,1,,,,,,,,,,,,,,,,,,,,,
1780369638.818784,,,NEW_TRACK,82,0,31.023133,21.523125,,,,,,,1.000000,1.000000,1,0,,,,,,,,,,,,,,,,,,,,,
1780369638.818784,,,TargetLost,71,,,,,,,,,,,,,,not_in_valid_tracks,,,,,,,,,,,,,,,,,,,,
1780369639.176385,,,MATCH_REJECT,75,1,23.950889,17.210208,38.716215,,23.469240,16.037154,7.810640,3.173227,7.634033,2.435335,0,2,,,,,,,,,,,,,,,,,,,,,
1780369639.176385,,,MATCH_REJECT,82,0,24.273784,19.130625,31.023133,,21.523125,7.160850,5.146151,1.830301,1.675000,1.675000,1,1,,,,,,,,,,,,,,,,,,,,,
1780369639.176385,,,NEW_TRACK,83,0,24.273784,19.130625,,,,,,,1.000000,1.000000,1,0,,,,,,,,,,,,,,,,,,,,,
1780369639.176385,,,NEW_TRACK,84,1,23.950889,17.210208,,,,,,,1.000000,1.000000,1,0,,,,,,,,,,,,,,,,,,,,,
1780369639.175880,,,TargetLost,71,,,,,,,,,,,,,,not_in_valid_tracks,,,,,,,,,,,,,,,,,,,,
1780369639.584777,,no_packet,TRACK_DELETE,79,,,,359.532995,,37.663125,,,,1436.361885,1436.361885,0,50,,,,,,,,,,,,,,,,,,,,,
1780369639.856397,,,MATCH_ACCEPT,84,0,22.547243,15.331042,23.950889,,17.210208,2.345525,7.396038,3.330225,5.545200,5.545200,1,3,,,,,,,,,,,,,,,,,,,,,
1780369639.856397,,,TRACK_DELETE,74,,,,346.656820,,49.807162,,,,533.503195,499.084513,0,50,,,,,,,,,,,,,,,,,,,,,
1780369639.856397,,,TRACK_DELETE,78,,,,359.314816,,26.693684,,,,1418.600732,1278.666484,0,50,,,,,,,,,,,,,,,,,,,,,
1780369639.855872,,,TargetLost,71,,,,,,,,,,,,,,not_in_valid_tracks,,,,,,,,,,,,,,,,,,,,
1780369644.916138,,no_packet,TRACK_DELETE,70,,,,288.869636,,31.889359,,,,600.659903,564.564247,0,50,,,,,,,,,,,,,,,,,,,,,
1780369644.916644,,no_packet,TRACK_DELETE,71,,,,301.436601,,-0.427420,,,,545.600742,520.945355,0,50,,,,,,,,,,,,,,,,,,,,,
1780369644.916644,,no_packet,TRACK_DELETE,80,,,,318.640144,,15.221042,,,,1408.017454,1408.017454,0,50,,,,,,,,,,,,,,,,,,,,,
1780369645.728243,,no_packet,TRACK_DELETE,81,,,,334.060578,,7.660533,,,,1396.797534,1298.090887,0,50,,,,,,,,,,,,,,,,,,,,,
1780369647.243002,,,MATCH_ACCEPT,83,0,326.938972,18.177292,24.273784,,19.130625,57.342737,62.456346,40.037097,801.484572,801.484572,0,39,,,,,,,,,,,,,,,,,,,,,
1780369647.243002,,,MATCH_REJECT,84,1,327.576993,17.480625,13.833283,,0.189061,49.382614,42.356841,26.637427,405.575051,303.977490,2,36,,,,,,,,,,,,,,,,,,,,,
1780369647.243002,,,NEW_TRACK,85,1,327.576993,17.480625,,,,,,,1.000000,1.000000,1,0,,,,,,,,,,,,,,,,,,,,,
1780369647.243002,,,TargetLost,71,,,,,,,,,,,,,,not_in_valid_tracks,,,,,,,,,,,,,,,,,,,,
1780369647.486892,,,BBOX_CLIPPED,,0,,,,,,,,,,,,,bbox_out_of_image_bounds,,,,,,,,,,,3680.000,-26.000,3812.000,65.000,3680.000,0.000,3812.000,65.000,1,0.714286
1780369647.487398,,,MATCH_ACCEPT,75,5,9.091915,42.801042,47.451509,,26.930094,41.513196,47.128519,29.385146,445.248337,418.238478,0,42,,,,,,,,,,,,,,,,,,,,,
1780369647.487398,,,MATCH_ACCEPT,82,1,325.084155,20.216875,31.023133,,21.523125,65.951915,66.458941,42.705494,911.879617,911.879617,0,41,,,,,,,,,,,,,,,,,,,,,
1780369647.487398,,,MATCH_ACCEPT,83,3,325.398608,19.808958,325.166648,,18.145915,1.679142,5.073276,1.781717,2.415762,0.758754,1,1,,,,,,,,,,,,,,,,,,,,,
1780369647.487398,,,MATCH_REJECT,84,4,325.763191,19.442292,13.530942,,-0.319577,51.694192,43.894996,27.662864,436.497177,328.736864,1,37,,,,,,,,,,,,,,,,,,,,,
1780369647.487398,,,MATCH_ACCEPT,85,0,326.433113,18.676875,327.576993,,17.480625,1.655136,5.121308,1.813738,1.644824,1.644824,1,1,,,,,,,,,,,,,,,,,,,,,
1780369647.487398,,,NEW_TRACK,86,2,324.523608,21.055625,,,,,,,1.000000,1.000000,1,0,,,,,,,,,,,,,,,,,,,,,
1780369647.487398,,,NEW_TRACK,87,4,325.763191,19.442292,,,,,,,1.000000,1.000000,1,0,,,,,,,,,,,,,,,,,,,,,
1780369647.486892,,,TargetLost,71,,,,,,,,,,,,,,not_in_valid_tracks,,,,,,,,,,,,,,,,,,,,
1780369648.256251,,,MATCH_REJECT,86,0,321.161902,38.579792,324.523608,,21.055625,17.843696,7.375202,3.316335,5.499038,5.499038,1,3,,,,,,,,,,,,,,,,,,,,,
1780369648.256251,,,NEW_TRACK,88,0,321.161902,38.579792,,,,,,,1.000000,1.000000,1,0,,,,,,,,,,,,,,,,,,,,,
1780369648.256251,,,TargetLost,71,,,,,,,,,,,,,,not_in_valid_tracks,,,,,,,,,,,,,,,,,,,,
1780369650.291384,,no_packet,TRACK_DELETE,84,,,,10.195545,,-5.930814,,,,878.253062,690.463826,0,50,,,,,,,,,,,,,,,,,,,,,
1780369653.808273,,,MATCH_ACCEPT,86,0,319.114103,15.661042,324.523608,,21.055625,7.639652,47.786260,30.257040,457.744244,457.744244,0,30,,,,,,,,,,,,,,,,,,,,,
1780369653.808273,,,TargetLost,71,,,,,,,,,,,,,,not_in_valid_tracks,,,,,,,,,,,,,,,,,,,,
1780369655.347113,,,MATCH_REJECT,87,0,39.661479,21.014375,325.763191,,19.442292,73.915008,59.708432,38.205155,729.816929,729.816929,0,37,,,,,,,,,,,,,,,,,,,,,
1780369655.347618,,,NEW_TRACK,89,0,39.661479,21.014375,,,,,,,1.000000,1.000000,1,0,,,,,,,,,,,,,,,,,,,,,
1780369655.347113,,,TargetLost,71,,,,,,,,,,,,,,not_in_valid_tracks,,,,,,,,,,,,,,,,,,,,
1780369655.604650,,,MATCH_REJECT,89,0,34.327169,18.415625,39.661479,,21.014375,5.933664,5.186151,1.830301,1.675000,1.675000,1,1,,,,,,,,,,,,,,,,,,,,,
1780369655.604650,,,NEW_TRACK,90,0,34.327169,18.415625,,,,,,,1.000000,1.000000,1,0,,,,,,,,,,,,,,,,,,,,,
1780369655.604144,,,TargetLost,71,,,,,,,,,,,,,,not_in_valid_tracks,,,,,,,,,,,,,,,,,,,,
1780369655.976210,,,MATCH_ACCEPT,87,1,29.200216,16.596042,325.763191,,19.442292,63.500845,63.833594,40.955263,838.666767,838.666767,0,39,,,,,,,,,,,,,,,,,,,,,
1780369655.976210,,,MATCH_REJECT,89,0,30.330424,16.926042,39.661479,,21.014375,10.187397,6.472604,2.687936,3.612500,3.612500,0,2,,,,,,,,,,,,,,,,,,,,,
1780369655.976210,,,MATCH_ACCEPT,90,2,32.028016,17.487500,34.327169,,18.415625,2.479420,5.146151,1.830301,1.675000,1.675000,1,1,,,,,,,,,,,,,,,,,,,,,
1780369655.976210,,,NEW_TRACK,91,0,30.330424,16.926042,,,,,,,1.000000,1.000000,1,0,,,,,,,,,,,,,,,,,,,,,
1780369655.975705,,,TargetLost,71,,,,,,,,,,,,,,not_in_valid_tracks,,,,,,,,,,,,,,,,,,,,
1780369658.215380,,no_packet,TRACK_DELETE,75,,,,325.440553,,70.712646,,,,671.237408,641.498545,0,50,,,,,,,,,,,,,,,,,,,,,
1780369658.215908,,no_packet,TRACK_DELETE,82,,,,236.022390,,18.447326,,,,659.923870,651.310705,0,50,,,,,,,,,,,,,,,,,,,,,
1780369658.215908,,no_packet,TRACK_DELETE,83,,,,243.866201,,27.375819,,,,652.094359,623.374706,0,50,,,,,,,,,,,,,,,,,,,,,
1780369658.215908,,no_packet,TRACK_DELETE,85,,,,319.267447,,32.420836,,,,1315.238894,1174.059570,0,50,,,,,,,,,,,,,,,,,,,,,
1780369658.822469,,no_packet,TRACK_DELETE,88,,,,321.161902,,38.579792,,,,1427.023690,1427.023690,0,50,,,,,,,,,,,,,,,,,,,,,
1780369659.359091,,,BBOX_CLIPPED,,0,,,,,,,,,,,,,bbox_out_of_image_bounds,,,,,,,,,,,1634.000,-2.000,1882.000,178.000,1634.000,0.000,1882.000,178.000,1,0.988889
1780369659.359091,,,MATCH_REJECT,91,0,0.032019,42.542083,30.330424,,16.926042,39.675874,25.757034,15.570890,121.226302,121.226302,1,16,,,,,,,,,,,,,,,,,,,,,
1780369659.359091,,,NEW_TRACK,92,0,0.032019,42.542083,,,,,,,1.000000,1.000000,1,0,,,,,,,,,,,,,,,,,,,,,
1780369659.359091,,,TargetLost,71,,,,,,,,,,,,,,not_in_valid_tracks,,,,,,,,,,,,,,,,,,,,
1780369660.376875,,,MATCH_ACCEPT,92,0,358.696732,42.400000,0.032019,,42.542083,1.342824,11.301484,4.867656,11.847036,11.847036,1,5,,,,,,,,,,,,,,,,,,,,,
1780369660.376352,,,TargetLost,71,,,,,,,,,,,,,,not_in_valid_tracks,,,,,,,,,,,,,,,,,,,,
1780369660.618027,,,MATCH_ACCEPT,92,0,357.890092,41.613958,358.969227,,42.389464,1.328887,8.339656,2.893104,6.188817,2.181235,2,1,,,,,,,,,,,,,,,,,,,,,
1780369660.618027,,,TargetLost,71,,,,,,,,,,,,,,not_in_valid_tracks,,,,,,,,,,,,,,,,,,,,
1780369660.618027,,,TargetSwitch,92,,,,,,,,,,,,,,master_lost,,,,,,,,,,,,,,,,,,,,
1780369660.618027,,,UI_STATUS_SEND,92,,,,358.432313,178.432313,41.937626,,,,,,3,0,"internal_id=92,ui_id=16",92,16,92,1,-1,97.460000,mono,,,,,,,,,,,,,
1780369660.969895,,,MATCH_ACCEPT,92,0,356.614050,40.546042,358.132668,,41.812560,1.977440,6.736595,2.457197,4.566737,1.471079,3,1,,,,,,,,,,,,,,,,,,,,,
1780369660.969895,,,UI_STATUS_SEND,92,,,,357.258788,177.258788,41.007187,,,,,,4,0,"internal_id=92,ui_id=16",92,16,92,1,-1,155.930000,mono,,,,,,,,,,,,,
1780369661.422362,,,MATCH_ACCEPT,92,0,355.467891,39.400208,356.438726,,40.468528,1.443547,5.814711,2.249341,3.703831,1.355703,4,2,,,,,,,,,,,,,,,,,,,,,
1780369661.422362,,,UI_STATUS_SEND,92,,,,355.823885,175.823885,39.702962,,,,,,5,0,"internal_id=92,ui_id=16",92,16,92,1,-1,159.930000,mono,,,,,,,,,,,,,
1780369661.809392,,,MATCH_ACCEPT,92,0,354.435665,37.942708,355.273655,,39.242310,1.546349,4.819363,1.612442,1.931974,0.667995,5,1,,,,,,,,,,,,,,,,,,,,,
1780369661.809392,,,UI_STATUS_SEND,92,,,,354.869597,174.869597,38.510761,,,,,,6,0,"internal_id=92,ui_id=16",92,16,92,1,-1,155.930000,mono,,,,,,,,,,,,,
1780369662.243620,,,MATCH_REJECT,90,1,348.580743,34.892500,24.190018,,11.420654,42.649127,42.599959,26.799506,384.961310,333.252216,0,28,,,,,,,,,,,,,,,,,,,,,
1780369662.243620,,,MATCH_ACCEPT,92,0,353.095821,36.164375,353.801545,,37.421549,1.441712,4.924893,1.656129,1.918800,0.823964,6,2,,,,,,,,,,,,,,,,,,,,,
1780369662.243620,,,NEW_TRACK,93,1,348.580743,34.892500,,,,,,,1.000000,1.000000,1,0,,,,,,,,,,,,,,,,,,,,,
1780369662.243620,,,UI_STATUS_SEND,92,,,,353.468285,173.468285,36.659937,,,,,,7,0,"internal_id=92,ui_id=16",92,16,92,1,-1,155.930000,mono,,,,,,,,,,,,,
1780369663.761573,,,MATCH_ACCEPT,86,0,335.497904,7.529167,310.323792,,6.846894,25.183356,47.187893,29.858128,451.133295,440.374538,0,44,,,,,,,,,,,,,,,,,,,,,
1780369663.761573,,,MATCH_REJECT,92,1,339.981102,20.361250,349.542915,,31.968623,15.038596,7.536916,3.397477,7.028209,4.514644,7,7,,,,,,,,,,,,,,,,,,,,,
1780369663.761573,,,NEW_TRACK,94,1,339.981102,20.361250,,,,,,,1.000000,1.000000,1,0,,,,,,,,,,,,,,,,,,,,,
1780369663.761067,,,TargetLost,92,,,,,,,,,,,,,,not_in_valid_tracks,,,,,,,,,,,,,,,,,,,,
1780369664.143571,,,MATCH_ACCEPT,94,0,338.809878,18.161250,339.981102,,20.361250,2.492341,6.745451,1.830301,1.675000,1.675000,1,1,,,,,,,,,,,,,,,,,,,,,
1780369664.143571,,,TargetLost,92,,,,,,,,,,,,,,not_in_valid_tracks,,,,,,,,,,,,,,,,,,,,
1780369664.928597,,,MATCH_ACCEPT,94,0,340.674646,13.680000,339.491262,,18.108951,4.584321,9.674172,3.782781,8.158244,6.151192,2,3,,,,,,,,,,,,,,,,,,,,,
1780369664.928597,,,TargetLost,92,,,,,,,,,,,,,,not_in_valid_tracks,,,,,,,,,,,,,,,,,,,,
1780369664.928597,,,TargetSwitch,94,,,,,,,,,,,,,,master_lost,,,,,,,,,,,,,,,,,,,,
1780369664.928597,,,UI_STATUS_SEND,94,,,,340.161318,160.161318,14.577137,,,,,,3,0,"internal_id=94,ui_id=17",94,17,94,1,-1,25.150000,mono,,,,,,,,,,,,,
1780369665.180115,,,MATCH_ACCEPT,94,0,338.591964,10.292917,340.239057,,13.180555,3.324360,8.210258,2.806839,5.713696,2.164647,3,1,,,,,,,,,,,,,,,,,,,,,
1780369665.179610,,,UI_STATUS_SEND,94,,,,339.452428,159.452428,11.503477,,,,,,4,0,"internal_id=94,ui_id=17",94,17,94,1,-1,97.460000,mono,,,,,,,,,,,,,
1780369665.536821,,,MATCH_ACCEPT,86,0,335.994307,6.896667,338.829115,,6.338566,2.889223,10.001070,4.000713,9.149411,6.856294,0,6,,,,,,,,,,,,,,,,,,,,,
1780369665.536821,,,TargetLost,94,,,,,,,,,,,,,,not_in_valid_tracks,,,,,,,,,,,,,,,,,,,,
1780369666.947856,,no_packet,TRACK_DELETE,89,,,,39.661479,,21.014375,,,,1527.995859,1527.995859,0,50,,,,,,,,,,,,,,,,,,,,,
1780369667.351209,,no_packet,TRACK_DELETE,87,,,,119.774593,,12.519398,,,,673.533138,664.344223,0,50,,,,,,,,,,,,,,,,,,,,,
1780369667.351209,,no_packet,TRACK_DELETE,90,,,,17.008406,,6.465103,,,,1368.892801,1217.965148,0,50,,,,,,,,,,,,,,,,,,,,,
1780369667.351209,,no_packet,TRACK_DELETE,91,,,,30.330424,,16.926042,,,,1505.251277,1505.251277,0,50,,,,,,,,,,,,,,,,,,,,,
1780369673.033368,,no_packet,TRACK_DELETE,92,,,,325.689268,,3.460501,,,,501.466482,456.228565,2,50,,,,,,,,,,,,,,,,,,,,,
1780369673.033368,,no_packet,TRACK_DELETE,93,,,,348.580743,,34.892500,,,,1418.432165,1418.432165,0,50,,,,,,,,,,,,,,,,,,,,,
1780369673.613083,,,MATCH_REJECT,86,0,40.777676,8.306042,349.576185,,2.436880,51.536780,41.186661,24.791107,348.327340,266.271658,1,39,,,,,,,,,,,,,,,,,,,,,
1780369673.613083,,,NEW_TRACK,95,0,40.777676,8.306042,,,,,,,1.000000,1.000000,1,0,,,,,,,,,,,,,,,,,,,,,
1780369673.613083,,,TargetLost,94,,,,,,,,,,,,,,not_in_valid_tracks,,,,,,,,,,,,,,,,,,,,
1780369674.017797,,,MATCH_REJECT,95,0,31.772467,7.852292,40.777676,,8.306042,9.016633,5.146151,1.830301,1.675000,1.675000,1,1,,,,,,,,,,,,,,,,,,,,,
1780369674.017797,,,NEW_TRACK,96,0,31.772467,7.852292,,,,,,,1.000000,1.000000,1,0,,,,,,,,,,,,,,,,,,,,,
1780369674.017797,,,TargetLost,94,,,,,,,,,,,,,,not_in_valid_tracks,,,,,,,,,,,,,,,,,,,,
1780369674.472340,,,MATCH_REJECT,96,0,22.064834,8.654375,31.772467,,7.852292,9.740713,6.175997,2.516865,3.167305,3.167305,1,2,,,,,,,,,,,,,,,,,,,,,
1780369674.472340,,,NEW_TRACK,97,0,22.064834,8.654375,,,,,,,1.000000,1.000000,1,0,,,,,,,,,,,,,,,,,,,,,
1780369674.472340,,,TargetLost,94,,,,,,,,,,,,,,not_in_valid_tracks,,,,,,,,,,,,,,,,,,,,
1780369674.821076,,,MATCH_REJECT,97,0,14.558974,9.699375,22.064834,,8.654375,7.578255,5.146151,1.830301,1.675000,1.675000,1,1,,,,,,,,,,,,,,,,,,,,,
1780369674.821076,,,NEW_TRACK,98,0,14.558974,9.699375,,,,,,,1.000000,1.000000,1,0,,,,,,,,,,,,,,,,,,,,,
1780369674.821076,,,TargetLost,94,,,,,,,,,,,,,,not_in_valid_tracks,,,,,,,,,,,,,,,,,,,,
1780369675.314161,,,MATCH_REJECT,97,1,6.786512,11.858125,22.064834,,8.654375,15.610610,7.655644,3.503296,6.136541,6.136541,0,3,,,,,,,,,,,,,,,,,,,,,
1780369675.314161,,,MATCH_REJECT,98,0,8.174209,11.156875,14.558974,,9.699375,6.549010,6.170930,2.513487,3.158808,3.158808,1,2,,,,,,,,,,,,,,,,,,,,,
1780369675.314161,,,NEW_TRACK,99,0,8.174209,11.156875,,,,,,,1.000000,1.000000,1,0,,,,,,,,,,,,,,,,,,,,,
1780369675.314161,,,NEW_TRACK,100,1,6.786512,11.858125,,,,,,,1.000000,1.000000,1,0,,,,,,,,,,,,,,,,,,,,,
1780369675.313656,,,TargetLost,94,,,,,,,,,,,,,,not_in_valid_tracks,,,,,,,,,,,,,,,,,,,,
1780369675.773495,,,MATCH_REJECT,100,0,0.255913,10.877292,6.786512,,11.858125,6.603844,6.185695,2.523330,3.183598,3.183598,1,2,,,,,,,,,,,,,,,,,,,,,
1780369675.773495,,,NEW_TRACK,101,0,0.255913,10.877292,,,,,,,1.000000,1.000000,1,0,,,,,,,,,,,,,,,,,,,,,
1780369675.773495,,,TargetLost,94,,,,,,,,,,,,,,not_in_valid_tracks,,,,,,,,,,,,,,,,,,,,
1780369676.178009,,no_packet,TRACK_DELETE,94,,,,335.638388,,-64.016167,,,,796.368555,595.179570,0,50,,,,,,,,,,,,,,,,,,,,,
1780369676.379388,,no_packet,TRACK_DELETE,86,,,,353.432923,,1.085397,,,,668.829599,536.965904,0,50,,,,,,,,,,,,,,,,,,,,,
1780369676.619035,,,MATCH_ACCEPT,101,0,353.319715,10.950625,0.255913,,10.877292,6.936586,8.578848,4.118765,8.482114,8.482114,1,4,,,,,,,,,,,,,,,,,,,,,
1780369676.619035,,,TargetLost,94,,,,,,,,,,,,,,not_in_valid_tracks,,,,,,,,,,,,,,,,,,,,
1780369677.562728,,,MATCH_REJECT,101,0,314.894051,21.046458,349.765473,,11.007377,36.287729,7.380914,3.320142,7.599091,3.424255,2,4,,,,,,,,,,,,,,,,,,,,,
1780369677.562728,,,NEW_TRACK,102,0,314.894051,21.046458,,,,,,,1.000000,1.000000,1,0,,,,,,,,,,,,,,,,,,,,,
1780369677.562728,,,TargetLost,94,,,,,,,,,,,,,,not_in_valid_tracks,,,,,,,,,,,,,,,,,,,,
1780369677.795631,,,MATCH_REJECT,101,0,335.461446,7.515417,348.431128,,11.023924,13.435858,8.248290,3.898394,10.250951,4.946522,1,5,,,,,,,,,,,,,,,,,,,,,
1780369677.796135,,,NEW_TRACK,103,0,335.461446,7.515417,,,,,,,1.000000,1.000000,1,0,,,,,,,,,,,,,,,,,,,,,
1780369677.795631,,,TargetLost,94,,,,,,,,,,,,,,not_in_valid_tracks,,,,,,,,,,,,,,,,,,,,
1780369678.718956,,,MATCH_REJECT,101,1,332.598321,36.031458,343.549654,,11.084456,27.244901,11.653022,6.168215,24.317394,13.729478,0,9,,,,,,,,,,,,,,,,,,,,,
1780369678.718956,,,MATCH_REJECT,102,0,326.179480,37.763958,314.894051,,21.046458,20.170169,10.138079,5.158253,13.303786,13.303786,0,5,,,,,,,,,,,,,,,,,,,,,
1780369678.718956,,,NEW_TRACK,104,0,326.179480,37.763958,,,,,,,1.000000,1.000000,1,0,,,,,,,,,,,,,,,,,,,,,
1780369678.718956,,,NEW_TRACK,105,1,332.598321,36.031458,,,,,,,1.000000,1.000000,1,0,,,,,,,,,,,,,,,,,,,,,
1780369678.718956,,,TargetLost,94,,,,,,,,,,,,,,not_in_valid_tracks,,,,,,,,,,,,,,,,,,,,
1780369684.581496,,no_packet,TRACK_DELETE,95,,,,40.777676,,8.306042,,,,1450.847234,1450.847234,0,50,,,,,,,,,,,,,,,,,,,,,
1780369684.785968,,no_packet,TRACK_DELETE,96,,,,31.772467,,7.852292,,,,1440.345187,1440.345187,0,50,,,,,,,,,,,,,,,,,,,,,
1780369685.188909,,no_packet,TRACK_DELETE,97,,,,22.064834,,8.654375,,,,1427.446974,1427.446974,0,50,,,,,,,,,,,,,,,,,,,,,
1780369685.393003,,no_packet,TRACK_DELETE,98,,,,14.558974,,9.699375,,,,1417.235607,1417.235607,0,50,,,,,,,,,,,,,,,,,,,,,
1780369685.795929,,no_packet,TRACK_DELETE,99,,,,8.174209,,11.156875,,,,1405.278642,1405.278642,0,50,,,,,,,,,,,,,,,,,,,,,
1780369685.795929,,no_packet,TRACK_DELETE,100,,,,6.786512,,11.858125,,,,1405.278642,1405.278642,0,50,,,,,,,,,,,,,,,,,,,,,
1780369686.485565,,,MATCH_ACCEPT,103,0,40.067078,21.227500,335.461446,,7.515417,66.044750,69.006989,43.337992,939.090794,939.090794,0,42,,,,,,,,,,,,,,,,,,,,,
1780369686.485565,,,TargetLost,94,,,,,,,,,,,,,,not_in_valid_tracks,,,,,,,,,,,,,,,,,,,,
1780369686.928106,,,MATCH_ACCEPT,103,0,37.487651,19.967083,43.303418,,21.986144,6.156277,7.792038,3.160825,7.592734,2.398084,1,2,,,,,,,,,,,,,,,,,,,,,
1780369686.928106,,,TargetLost,94,,,,,,,,,,,,,,not_in_valid_tracks,,,,,,,,,,,,,,,,,,,,
1780369687.133563,,,MATCH_ACCEPT,103,0,35.792339,18.720417,40.744628,,20.664115,5.320069,6.889788,1.926526,2.772844,0.938656,2,1,,,,,,,,,,,,,,,,,,,,,
1780369687.133563,,,TRACK_DELETE,101,,,,295.534334,,11.679865,,,,765.315400,606.405745,0,50,,,,,,,,,,,,,,,,,,,,,
1780369687.133563,,,TargetLost,94,,,,,,,,,,,,,,not_in_valid_tracks,,,,,,,,,,,,,,,,,,,,
1780369687.133563,,,TargetSwitch,103,,,,,,,,,,,,,,master_lost,,,,,,,,,,,,,,,,,,,,
1780369687.133563,,,UI_STATUS_SEND,103,,,,39.222721,219.222721,19.934667,,,,,,3,0,"internal_id=103,ui_id=18",103,18,103,1,-1,51.980000,mono,,,,,,,,,,,,,
1780369687.484695,,,MATCH_ACCEPT,103,0,35.222677,17.178125,40.840376,,19.968518,6.272546,6.826156,1.910504,2.581793,1.068233,3,1,,,,,,,,,,,,,,,,,,,,,
1780369687.484695,,,UI_STATUS_SEND,103,,,,39.172122,219.172122,18.820416,,,,,,4,0,"internal_id=103,ui_id=18",103,18,103,1,-1,155.930000,mono,,,,,,,,,,,,,
1780369687.719191,,,MATCH_ACCEPT,103,0,36.102234,16.142292,40.449405,,18.559184,4.973857,5.308522,1.911881,2.541876,1.113415,4,1,,,,,,,,,,,,,,,,,,,,,
1780369687.719191,,,UI_STATUS_SEND,103,,,,38.091526,218.091526,16.927824,,,,,,5,0,"internal_id=103,ui_id=18",103,18,103,1,-1,155.930000,mono,,,,,,,,,,,,,
1780369687.972021,,,MATCH_ACCEPT,102,0,335.497904,7.515417,314.894051,,21.046458,24.649703,81.118500,52.478533,1376.998228,1376.998228,0,49,,,,,,,,,,,,,,,,,,,,,
1780369687.972526,,,MATCH_ACCEPT,103,1,36.981792,15.230208,39.042252,,16.220904,2.286258,4.791827,1.567418,1.764808,0.691991,5,1,,,,,,,,,,,,,,,,,,,,,
1780369687.972021,,,UI_STATUS_SEND,103,,,,38.112089,218.112089,15.662692,,,,,,6,0,"internal_id=103,ui_id=18",103,18,103,1,-1,155.930000,mono,,,,,,,,,,,,,
1780369688.262257,,,BBOX_REJECT,,0,,,,,,,,,,,,,invalid_clipped_bbox,,,,,,,,,,,3140.000,2295.000,3388.000,2475.000,,,,,,
1780369688.262257,,,TargetLost,103,,,,,,,,,,,,,,not_in_valid_tracks,,,,,,,,,,,,,,,,,,,,
1780369689.276170,,no_packet,TRACK_DELETE,104,,,,326.179480,,37.763958,,,,1438.230333,1438.230333,0,50,,,,,,,,,,,,,,,,,,,,,
1780369689.276170,,no_packet,TRACK_DELETE,105,,,,332.598321,,36.031458,,,,1438.230333,1438.230333,0,50,,,,,,,,,,,,,,,,,,,,,
1780369691.385562,,,MATCH_REJECT,103,0,43.770118,35.800000,48.346075,,4.236019,31.893953,14.757850,8.211433,40.227639,27.199996,6,16,,,,,,,,,,,,,,,,,,,,,
1780369691.385562,,,NEW_TRACK,106,0,43.770118,35.800000,,,,,,,1.000000,1.000000,1,0,,,,,,,,,,,,,,,,,,,,,
1780369691.385562,,,TargetLost,103,,,,,,,,,,,,,,not_in_valid_tracks,,,,,,,,,,,,,,,,,,,,
1780369692.979938,,,MATCH_REJECT,106,0,19.003949,21.433750,43.770118,,35.800000,28.631316,14.329537,6.886358,23.710962,23.710962,1,7,,,,,,,,,,,,,,,,,,,,,
1780369692.979938,,,NEW_TRACK,107,0,19.003949,21.433750,,,,,,,1.000000,1.000000,1,0,,,,,,,,,,,,,,,,,,,,,
1780369692.979938,,,TargetLost,103,,,,,,,,,,,,,,not_in_valid_tracks,,,,,,,,,,,,,,,,,,,,
1780369693.254134,,,MATCH_ACCEPT,107,0,16.524782,18.729583,19.003949,,21.433750,3.668622,6.745451,1.830301,1.675000,1.675000,1,1,,,,,,,,,,,,,,,,,,,,,
1780369693.254134,,,TargetLost,103,,,,,,,,,,,,,,not_in_valid_tracks,,,,,,,,,,,,,,,,,,,,
1780369693.538025,,,MATCH_ACCEPT,107,0,12.742230,15.745833,18.284443,,19.512643,6.701118,7.288749,2.218900,2.944992,1.978523,2,1,,,,,,,,,,,,,,,,,,,,,
1780369693.538025,,,TargetLost,103,,,,,,,,,,,,,,not_in_valid_tracks,,,,,,,,,,,,,,,,,,,,
1780369693.538025,,,TargetSwitch,107,,,,,,,,,,,,,,master_lost,,,,,,,,,,,,,,,,,,,,
1780369693.538025,,,UI_STATUS_SEND,107,,,,16.482358,196.482358,17.387281,,,,,,3,0,"internal_id=107,ui_id=19",107,19,107,1,-1,47.250000,mono,,,,,,,,,,,,,
1780369693.965263,,,MATCH_ACCEPT,107,0,6.976810,15.952083,15.017671,,14.992576,8.097907,8.536714,3.024476,5.968387,3.179070,3,2,,,,,,,,,,,,,,,,,,,,,
1780369693.965263,,,UI_STATUS_SEND,107,,,,11.089905,191.089905,15.635895,,,,,,4,0,"internal_id=107,ui_id=19",107,19,107,1,-1,51.980000,mono,,,,,,,,,,,,,
1780369694.233774,,,BBOX_REJECT,,0,,,,,,,,,,,,,invalid_clipped_bbox,,,,,,,,,,,2440.000,2292.000,2560.000,2536.000,,,,,,
1780369694.233774,,,BBOX_CLIPPED,,0,,,,,,,,,,,,,bbox_out_of_image_bounds,,,,,,,,,,,-62.000,-118.000,174.000,358.000,0.000,0.000,174.000,358.000,1,0.554515
1780369694.234279,,,MATCH_ACCEPT,102,0,4.988660,13.460000,349.014037,,-1.386262,21.808258,32.527037,19.018025,182.978725,178.706534,0,28,,,,,,,,,,,,,,,,,,,,,
1780369694.234279,,,MATCH_ACCEPT,107,1,7.205784,13.629583,9.214950,,14.426036,2.161269,7.895383,2.623322,4.986206,1.895611,4,1,,,,,,,,,,,,,,,,,,,,,
1780369694.233774,,,UI_STATUS_SEND,107,,,,8.312285,188.312285,13.985056,,,,,,5,0,"internal_id=107,ui_id=19",107,19,107,1,-1,26.430000,mono,,,,,,,,,,,,,
1780369694.848915,,,MATCH_ACCEPT,107,0,0.836968,11.782500,3.212401,,10.729760,2.598258,8.735630,3.157086,7.145401,2.821793,5,3,,,,,,,,,,,,,,,,,,,,,
1780369694.848915,,,UI_STATUS_SEND,107,,,,1.945293,181.945293,11.407318,,,,,,6,0,"internal_id=107,ui_id=19",107,19,107,1,-1,26.430000,mono,,,,,,,,,,,,,
1780369695.344443,,,MATCH_ACCEPT,107,0,358.558322,10.274583,357.802922,,9.233613,1.286176,8.237862,2.825241,5.868337,2.113651,6,2,,,,,,,,,,,,,,,,,,,,,
1780369695.344443,,,UI_STATUS_SEND,107,,,,358.168726,178.168726,9.832133,,,,,,7,0,"internal_id=107,ui_id=19",107,19,107,1,-1,47.250000,mono,,,,,,,,,,,,,
1780369695.881568,,,MATCH_ACCEPT,107,0,356.908582,8.367917,354.148859,,7.862689,2.805588,7.929465,2.619643,5.033819,1.828711,7,2,,,,,,,,,,,,,,,,,,,,,
1780369695.881568,,,UI_STATUS_SEND,107,,,,355.379998,175.379998,8.135133,,,,,,8,0,"internal_id=107,ui_id=19",107,19,107,1,-1,47.250000,mono,,,,,,,,,,,,,
1780369696.242023,,,MATCH_ACCEPT,107,0,355.527723,7.522292,353.313027,,7.091491,2.256206,7.322934,2.215289,3.655725,1.251781,8,1,,,,,,,,,,,,,,,,,,,,,
1780369696.242023,,,UI_STATUS_SEND,107,,,,354.130364,174.130364,7.283110,,,,,,9,0,"internal_id=107,ui_id=19",107,19,107,1,-1,155.930000,mono,,,,,,,,,,,,,
1780369696.680212,,,MATCH_ACCEPT,107,0,353.800509,7.648333,350.688350,,5.512041,3.774822,5.854373,2.275782,3.735272,1.443912,9,2,,,,,,,,,,,,,,,,,,,,,
1780369696.680212,,,TargetKeep,107,,,,,,,,,,,,,,lock_timer_expired,,,,,,,,,,,,,,,,,,,,
1780369696.680212,,,UI_STATUS_SEND,107,,,,352.665418,172.665418,7.069895,,,,,,10,0,"internal_id=107,ui_id=19",107,19,107,1,-1,25.150000,mono,,,,,,,,,,,,,
1780369697.301547,,,BBOX_CLIPPED,,0,,,,,,,,,,,,,bbox_out_of_image_bounds,,,,,,,,,,,-52.000,1298.000,196.000,1478.000,0.000,1298.000,196.000,1478.000,1,0.790323
1780369697.301547,,,MATCH_ACCEPT,107,0,351.772515,8.088333,348.406061,,5.243121,4.407748,7.090611,2.060407,2.930464,1.314815,10,3,,,,,,,,,,,,,,,,,,,,,
1780369697.301547,,,UI_STATUS_SEND,107,,,,349.480655,169.480655,6.543266,,,,,,11,0,"internal_id=107,ui_id=19",107,19,107,1,-1,25.150000,mono,,,,,,,,,,,,,
1780369697.504833,,,MATCH_ACCEPT,107,0,349.356286,8.202917,348.210008,,6.151537,2.349918,6.850207,1.900138,2.569348,1.041177,11,1,,,,,,,,,,,,,,,,,,,,,
1780369697.504833,,,UI_STATUS_SEND,107,,,,348.543954,168.543954,6.971857,,,,,,12,0,"internal_id=107,ui_id=19",107,19,107,1,-1,25.150000,mono,,,,,,,,,,,,,
1780369698.001552,,,BBOX_CLIPPED,,0,,,,,,,,,,,,,bbox_out_of_image_bounds,,,,,,,,,,,750.000,-66.000,998.000,113.000,750.000,0.000,998.000,113.000,1,0.631285
1780369698.002056,,,MATCH_REJECT,102,1,317.003373,42.691042,22.806343,,18.240975,70.198551,18.342230,9.561487,52.427976,38.994052,0,16,,,,,,,,,,,,,,,,,,,,,
1780369698.002056,,,MATCH_ACCEPT,107,0,345.263839,9.087500,345.792466,,6.385778,2.752953,7.224714,2.149809,3.200743,1.420937,12,2,,,,,,,,,,,,,,,,,,,,,
1780369698.002056,,,NEW_TRACK,108,1,317.003373,42.691042,,,,,,,1.000000,1.000000,1,0,,,,,,,,,,,,,,,,,,,,,
1780369698.001552,,,UI_STATUS_SEND,107,,,,345.613433,165.613433,7.672541,,,,,,13,0,"internal_id=107,ui_id=19",107,19,107,1,-1,25.150000,mono,,,,,,,,,,,,,
1780369698.556364,,,MATCH_REJECT,108,0,325.741980,36.480625,317.003373,,42.691042,10.720659,7.782171,2.521447,3.178848,3.178848,1,2,,,,,,,,,,,,,,,,,,,,,
1780369698.556364,,,NEW_TRACK,109,0,325.741980,36.480625,,,,,,,1.000000,1.000000,1,0,,,,,,,,,,,,,,,,,,,,,
1780369698.556364,,,TargetLost,107,,,,,,,,,,,,,,not_in_valid_tracks,,,,,,,,,,,,,,,,,,,,
1780369699.148482,,,MATCH_ACCEPT,107,0,338.541833,7.492500,340.009808,,7.380928,1.472209,8.531098,3.020732,6.015844,3.108978,12,4,,,,,,,,,,,,,,,,,,,,,
1780369699.147976,,,UI_STATUS_SEND,107,,,,339.289833,159.289833,7.455182,,,,,,13,0,"internal_id=107,ui_id=19",107,19,107,1,-1,25.150000,mono,,,,,,,,,,,,,
1780369699.496689,,,MATCH_ACCEPT,102,1,36.238953,15.975000,28.902063,,19.872341,8.307781,23.341193,12.894129,91.972280,74.286276,0,21,,,,,,,,,,,,,,,,,,,,,
1780369699.497257,,,MATCH_ACCEPT,107,0,337.912927,6.305417,337.659923,,7.386549,1.110342,7.508817,2.339211,3.983854,1.488057,13,1,,,,,,,,,,,,,,,,,,,,,
1780369699.496689,,,UI_STATUS_SEND,107,,,,337.758413,157.758413,6.859175,,,,,,14,0,"internal_id=107,ui_id=19",107,19,107,1,-1,47.250000,mono,,,,,,,,,,,,,
1780369699.699737,,no_packet,TRACK_DELETE,103,,,,71.338626,,-21.436126,,,,648.743159,539.303990,0,50,,,,,,,,,,,,,,,,,,,,,
1780369700.593893,,,MATCH_REJECT,102,0,29.910814,10.228750,42.981991,,16.547780,14.518465,10.033638,4.022425,11.494013,4.685891,1,5,,,,,,,,,,,,,,,,,,,,,
1780369700.593893,,,NEW_TRACK,110,0,29.910814,10.228750,,,,,,,1.000000,1.000000,1,0,,,,,,,,,,,,,,,,,,,,,
1780369700.593893,,,TargetLost,107,,,,,,,,,,,,,,not_in_valid_tracks,,,,,,,,,,,,,,,,,,,,
1780369700.922929,,,MATCH_ACCEPT,107,0,335.552592,7.492500,329.256764,,6.057973,6.457191,9.601501,3.734334,9.128350,4.816900,13,6,,,,,,,,,,,,,,,,,,,,,
1780369700.922929,,,UI_STATUS_SEND,107,,,,332.993870,152.993870,7.141143,,,,,,14,0,"internal_id=107,ui_id=19",107,19,107,1,-1,25.150000,mono,,,,,,,,,,,,,
1780369701.346901,,,MATCH_ACCEPT,109,0,326.015417,39.743958,325.741980,,36.480625,3.274769,19.502042,11.400895,64.990199,64.990199,0,11,,,,,,,,,,,,,,,,,,,,,
1780369701.346901,,,MATCH_ACCEPT,110,1,26.014329,5.831042,29.910814,,10.228750,5.875579,9.081567,3.387711,5.738294,5.738294,0,3,,,,,,,,,,,,,,,,,,,,,
1780369701.346901,,,TargetLost,107,,,,,,,,,,,,,,not_in_valid_tracks,,,,,,,,,,,,,,,,,,,,
1780369702.443362,,,BBOX_REJECT,,0,,,,,,,,,,,,,invalid_clipped_bbox,,,,,,,,,,,3990.000,2182.000,4238.000,2362.000,,,,,,
1780369702.443362,,,MATCH_REJECT,102,0,39.306010,15.624375,54.762334,,17.352474,15.552629,15.542286,7.694857,36.196003,23.014824,0,13,,,,,,,,,,,,,,,,,,,,,
1780369702.443362,,,NEW_TRACK,111,0,39.306010,15.624375,,,,,,,1.000000,1.000000,1,0,,,,,,,,,,,,,,,,,,,,,
1780369702.443362,,,TargetLost,107,,,,,,,,,,,,,,not_in_valid_tracks,,,,,,,,,,,,,,,,,,,,
1780369703.197062,,,BBOX_CLIPPED,,0,,,,,,,,,,,,,bbox_out_of_image_bounds,,,,,,,,,,,2601.000,2099.000,2849.000,2279.000,2601.000,2099.000,2849.000,2160.000,1,0.338889
1780369703.197568,,,MATCH_ACCEPT,110,1,26.050787,8.173125,24.206058,,-0.343752,8.714368,13.771024,7.553550,36.777539,20.278574,0,8,,,,,,,,,,,,,,,,,,,,,
1780369703.197568,,,MATCH_REJECT,111,0,37.977220,4.689792,39.306010,,15.624375,11.015026,8.027246,3.317630,5.503336,5.503336,1,3,,,,,,,,,,,,,,,,,,,,,
1780369703.197568,,,NEW_TRACK,112,0,37.977220,4.689792,,,,,,,1.000000,1.000000,1,0,,,,,,,,,,,,,,,,,,,,,
1780369703.197062,,,TargetLost,107,,,,,,,,,,,,,,not_in_valid_tracks,,,,,,,,,,,,,,,,,,,,
1780369703.397297,,no_packet,TRACK_DELETE,106,,,,43.770118,,35.800000,,,,1591.891124,1591.891124,0,50,,,,,,,,,,,,,,,,,,,,,
1780369703.715467,,,MATCH_REJECT,110,0,19.239313,5.881458,25.291423,,7.901191,6.380231,5.560621,2.079947,3.240958,1.085223,1,2,,,,,,,,,,,,,,,,,,,,,
1780369703.715972,,,NEW_TRACK,113,0,19.239313,5.881458,,,,,,,1.000000,1.000000,1,0,,,,,,,,,,,,,,,,,,,,,
1780369703.715467,,,TargetLost,107,,,,,,,,,,,,,,not_in_valid_tracks,,,,,,,,,,,,,,,,,,,,
1780369703.916296,,,MATCH_ACCEPT,112,0,36.573574,5.466667,37.977220,,4.689792,1.604293,8.946615,3.297743,5.437555,5.437555,0,3,,,,,,,,,,,,,,,,,,,,,
1780369703.916296,,,TargetLost,107,,,,,,,,,,,,,,not_in_valid_tracks,,,,,,,,,,,,,,,,,,,,
1780369705.520849,,,BBOX_CLIPPED,,0,,,,,,,,,,,,,bbox_out_of_image_bounds,,,,,,,,,,,2892.000,2034.000,3140.000,2214.000,2892.000,2034.000,3140.000,2160.000,1,0.700000
1780369705.520849,,,MATCH_ACCEPT,112,0,39.303392,4.838750,36.155268,,6.373445,3.502280,14.077436,6.718290,29.160849,15.974577,1,7,,,,,,,,,,,,,,,,,,,,,
1780369705.520849,,,TargetLost,107,,,,,,,,,,,,,,not_in_valid_tracks,,,,,,,,,,,,,,,,,,,,
1780369705.851027,,,BBOX_CLIPPED,,0,,,,,,,,,,,,,bbox_out_of_image_bounds,,,,,,,,,,,3307.000,2093.000,3371.000,2213.000,3307.000,2093.000,3371.000,2160.000,1,0.558333
1780369705.851531,,,MATCH_ACCEPT,112,0,40.775397,4.703542,38.869837,,4.969581,1.924041,8.390088,2.926725,6.618242,1.947479,2,1,,,,,,,,,,,,,,,,,,,,,
1780369705.851027,,,TargetLost,107,,,,,,,,,,,,,,not_in_valid_tracks,,,,,,,,,,,,,,,,,,,,
1780369705.851027,,,TargetSwitch,112,,,,,,,,,,,,,,master_lost,,,,,,,,,,,,,,,,,,,,
1780369705.851027,,,UI_STATUS_SEND,112,,,,39.849882,219.849882,4.821971,,,,,,3,0,"internal_id=112,ui_id=20",112,20,112,1,-1,97.460000,mono,,,,,,,,,,,,,
1780369706.501296,,,MATCH_ACCEPT,111,0,35.338888,17.466875,39.306010,,15.624375,4.374113,29.102095,17.367530,150.815552,150.815552,0,17,,,,,,,,,,,,,,,,,,,,,
1780369706.500791,,,TargetLost,112,,,,,,,,,,,,,,not_in_valid_tracks,,,,,,,,,,,,,,,,,,,,
1780369709.542225,,no_packet,TRACK_DELETE,108,,,,317.003373,,42.691042,,,,1502.019686,1502.019686,0,50,,,,,,,,,,,,,,,,,,,,,
1780369710.550946,,no_packet,TRACK_DELETE,102,,,,107.103279,,20.927786,,,,617.336724,541.170410,0,50,,,,,,,,,,,,,,,,,,,,,
1780369711.766932,,no_packet,TRACK_DELETE,107,,,,282.310562,,6.952220,,,,575.200005,495.021167,6,50,,,,,,,,,,,,,,,,,,,,,
1780369712.172185,,no_packet,TRACK_DELETE,109,,,,327.146966,,53.646704,,,,521.136644,479.077228,0,50,,,,,,,,,,,,,,,,,,,,,
1780369713.798452,,no_packet,TRACK_DELETE,110,,,,10.881830,,6.749651,,,,515.043517,462.627845,0,50,,,,,,,,,,,,,,,,,,,,,
1780369714.206236,,no_packet,TRACK_DELETE,113,,,,19.239313,,5.881458,,,,1395.382376,1395.382376,0,50,,,,,,,,,,,,,,,,,,,,,
1780369716.024394,,no_packet,TRACK_DELETE,112,,,,49.537195,,3.716212,,,,550.662591,473.398128,2,50,,,,,,,,,,,,,,,,,,,,,
1780369716.635425,,no_packet,TRACK_DELETE,111,,,,24.302054,,22.708960,,,,521.054444,484.306290,1,50,,,,,,,,,,,,,,,,,,,,,
1780369725.409142,,,NEW_TRACK,114,0,334.380222,41.870625,,,,,,,1.000000,1.000000,1,0,,,,,,,,,,,,,,,,,,,,,
1780369725.409142,,,TargetLost,112,,,,,,,,,,,,,,not_in_valid_tracks,,,,,,,,,,,,,,,,,,,,
1780369726.453698,,,MATCH_REJECT,114,0,353.694584,21.866875,334.380222,,41.870625,27.806377,10.530919,4.986746,12.433817,12.433817,1,5,,,,,,,,,,,,,,,,,,,,,
1780369726.453698,,,NEW_TRACK,115,0,353.694584,21.866875,,,,,,,1.000000,1.000000,1,0,,,,,,,,,,,,,,,,,,,,,
1780369726.453698,,,NEW_TRACK,116,1,357.385990,19.497292,,,,,,,1.000000,1.000000,1,0,,,,,,,,,,,,,,,,,,,,,
1780369726.453698,,,TargetLost,112,,,,,,,,,,,,,,not_in_valid_tracks,,,,,,,,,,,,,,,,,,,,
1780369728.791057,,,MATCH_ACCEPT,114,0,321.075313,36.214792,334.380222,,41.870625,14.457145,26.568940,15.678760,122.911758,122.911758,0,16,,,,,,,,,,,,,,,,,,,,,
1780369728.791057,,,MATCH_REJECT,115,1,323.931160,22.540625,353.694584,,21.866875,29.771049,18.384058,10.655572,56.770605,56.770605,1,11,,,,,,,,,,,,,,,,,,,,,
1780369728.791579,,,NEW_TRACK,117,1,323.931160,22.540625,,,,,,,1.000000,1.000000,1,0,,,,,,,,,,,,,,,,,,,,,
1780369728.791057,,,TargetLost,112,,,,,,,,,,,,,,not_in_valid_tracks,,,,,,,,,,,,,,,,,,,,
1780369729.167204,,,MATCH_ACCEPT,117,0,324.323087,19.717292,323.931160,,22.540625,2.850407,5.146151,1.830301,1.675000,1.675000,1,1,,,,,,,,,,,,,,,,,,,,,
1780369729.167204,,,TargetLost,112,,,,,,,,,,,,,,not_in_valid_tracks,,,,,,,,,,,,,,,,,,,,
1780369730.988621,,,MATCH_REJECT,114,1,324.628426,17.132292,313.670684,,32.887370,19.191003,11.456648,4.971098,15.479572,9.232248,0,9,,,,,,,,,,,,,,,,,,,,,
1780369730.988621,,,MATCH_ACCEPT,117,0,325.940926,16.178958,324.544053,,14.993650,1.831996,13.612818,7.474745,31.188277,24.683542,2,8,,,,,,,,,,,,,,,,,,,,,
1780369730.989126,,,NEW_TRACK,118,1,324.628426,17.132292,,,,,,,1.000000,1.000000,1,0,,,,,,,,,,,,,,,,,,,,,
1780369730.988621,,,TargetLost,112,,,,,,,,,,,,,,not_in_valid_tracks,,,,,,,,,,,,,,,,,,,,
1780369730.988621,,,TargetSwitch,117,,,,,,,,,,,,,,master_lost,,,,,,,,,,,,,,,,,,,,
1780369730.988621,,,UI_STATUS_SEND,117,,,,325.853795,145.853795,16.154563,,,,,,3,0,"internal_id=117,ui_id=21",117,21,117,1,-1,159.930000,mono,,,,,,,,,,,,,
1780369731.353351,,,MATCH_REJECT,114,0,321.682136,19.453750,312.663241,,32.450367,15.819372,12.255017,5.503345,18.578367,11.708439,0,10,,,,,,,,,,,,,,,,,,,,,
1780369731.353351,,,MATCH_REJECT,117,1,322.121915,19.139792,326.096395,,15.516109,5.378435,5.161841,1.840760,2.619612,0.768787,3,1,,,,,,,,,,,,,,,,,,,,,
1780369731.353351,,,MATCH_ACCEPT,118,2,322.996915,18.479792,324.628426,,17.132292,2.116030,5.146151,1.830301,1.675000,1.675000,1,1,,,,,,,,,,,,,,,,,,,,,
1780369731.353351,,,NEW_TRACK,119,0,321.682136,19.453750,,,,,,,1.000000,1.000000,1,0,,,,,,,,,,,,,,,,,,,,,
1780369731.353351,,,NEW_TRACK,120,1,322.121915,19.139792,,,,,,,1.000000,1.000000,1,0,,,,,,,,,,,,,,,,,,,,,
1780369731.353351,,,TargetLost,117,,,,,,,,,,,,,,not_in_valid_tracks,,,,,,,,,,,,,,,,,,,,
1780369731.743164,,,MATCH_REJECT,119,0,316.726082,22.251875,321.682136,,19.453750,5.691395,5.146151,1.830301,1.675000,1.675000,1,1,,,,,,,,,,,,,,,,,,,,,
1780369731.743164,,,MATCH_ACCEPT,120,1,318.403165,21.188542,322.121915,,19.139792,4.245760,5.146151,1.830301,1.675000,1.675000,1,1,,,,,,,,,,,,,,,,,,,,,
1780369731.743164,,,NEW_TRACK,121,0,316.726082,22.251875,,,,,,,1.000000,1.000000,1,0,,,,,,,,,,,,,,,,,,,,,
1780369731.743164,,,TargetLost,117,,,,,,,,,,,,,,not_in_valid_tracks,,,,,,,,,,,,,,,,,,,,
1780369735.351567,,,MATCH_ACCEPT,120,0,321.449011,40.440625,311.804767,,28.855695,15.073886,25.446187,15.363658,128.257845,107.784140,2,17,,,,,,,,,,,,,,,,,,,,,
1780369735.351061,,,TargetLost,117,,,,,,,,,,,,,,not_in_valid_tracks,,,,,,,,,,,,,,,,,,,,
1780369735.351061,,,TargetSwitch,120,,,,,,,,,,,,,,master_lost,,,,,,,,,,,,,,,,,,,,
1780369735.351061,,,UI_STATUS_SEND,120,,,,321.295481,141.295481,40.385140,,,,,,3,0,"internal_id=120,ui_id=22",120,22,120,1,-1,159.930000,mono,,,,,,,,,,,,,
1780369735.713492,,,MATCH_REJECT,120,0,325.974402,34.633542,321.357150,,41.822416,8.543941,5.086785,1.790723,2.480046,0.726644,3,1,,,,,,,,,,,,,,,,,,,,,
1780369735.713492,,,NEW_TRACK,122,0,325.974402,34.633542,,,,,,,1.000000,1.000000,1,0,,,,,,,,,,,,,,,,,,,,,
1780369735.713492,,,TargetLost,120,,,,,,,,,,,,,,not_in_valid_tracks,,,,,,,,,,,,,,,,,,,,
1780369737.739274,,no_packet,TRACK_DELETE,115,,,,353.694584,,21.866875,,,,1453.849081,1453.849081,0,50,,,,,,,,,,,,,,,,,,,,,
1780369737.739274,,no_packet,TRACK_DELETE,116,,,,357.385990,,19.497292,,,,1453.849081,1453.849081,0,50,,,,,,,,,,,,,,,,,,,,,
1780369739.967398,,no_packet,TRACK_DELETE,114,,,,279.436809,,18.037612,,,,546.723890,502.751050,0,50,,,,,,,,,,,,,,,,,,,,,
1780369741.791767,,no_packet,TRACK_DELETE,117,,,,335.867950,,-10.199775,,,,530.330653,458.517861,0,50,,,,,,,,,,,,,,,,,,,,,
1780369741.992556,,no_packet,TRACK_DELETE,118,,,,312.728247,,33.932859,,,,1269.174931,1127.661275,0,50,,,,,,,,,,,,,,,,,,,,,
1780369741.992556,,no_packet,TRACK_DELETE,119,,,,321.682136,,19.453750,,,,1395.548854,1395.548854,0,50,,,,,,,,,,,,,,,,,,,,,
1780369742.195639,,no_packet,TRACK_DELETE,121,,,,316.726082,,22.251875,,,,1385.732222,1385.732222,0,50,,,,,,,,,,,,,,,,,,,,,
1780369742.892291,,,MATCH_ACCEPT,122,0,359.683386,39.574375,325.974402,,34.633542,34.069157,55.537233,35.424355,627.442474,627.442474,1,35,,,,,,,,,,,,,,,,,,,,,
1780369742.892291,,,TargetLost,120,,,,,,,,,,,,,,not_in_valid_tracks,,,,,,,,,,,,,,,,,,,,
1780369743.453135,,,MATCH_ACCEPT,122,0,0.257605,36.191875,1.907287,,39.913391,4.070765,5.459459,2.039173,2.965406,1.192820,2,2,,,,,,,,,,,,,,,,,,,,,
1780369743.453135,,,TargetLost,120,,,,,,,,,,,,,,not_in_valid_tracks,,,,,,,,,,,,,,,,,,,,
1780369743.453135,,,TargetSwitch,122,,,,,,,,,,,,,,master_lost,,,,,,,,,,,,,,,,,,,,
1780369743.453135,,,UI_STATUS_SEND,122,,,,0.936698,180.936698,37.319736,,,,,,3,0,"internal_id=122,ui_id=23",122,23,122,1,-1,159.930000,mono,,,,,,,,,,,,,
1780369745.889428,,,MATCH_REJECT,122,0,345.022302,7.529167,12.277999,,32.766753,37.145778,12.050002,6.432868,23.069936,18.311858,3,12,,,,,,,,,,,,,,,,,,,,,
1780369745.889428,,,NEW_TRACK,123,0,345.022302,7.529167,,,,,,,1.000000,1.000000,1,0,,,,,,,,,,,,,,,,,,,,,
1780369745.889428,,,TRACK_DELETE,120,,,,323.831831,,99.497551,,,,518.973597,489.840612,0,50,,,,,,,,,,,,,,,,,,,,,
1780369745.889428,,,TargetLost,122,,,,,,,,,,,,,,not_in_valid_tracks,,,,,,,,,,,,,,,,,,,,
1780369746.382209,,,MATCH_ACCEPT,123,0,339.553552,6.044167,345.022302,,7.529167,5.666785,7.763844,2.509230,3.148117,3.148117,1,2,,,,,,,,,,,,,,,,,,,,,
1780369746.382209,,,TargetLost,122,,,,,,,,,,,,,,not_in_valid_tracks,,,,,,,,,,,,,,,,,,,,
1780369747.429658,,,MATCH_ACCEPT,122,0,18.960655,15.926875,19.254329,,29.966095,14.042291,18.458195,10.704997,62.244090,52.352869,1,19,,,,,,,,,,,,,,,,,,,,,
1780369747.429658,,,TargetLost,122,,,,,,,,,,,,,,not_in_valid_tracks,,,,,,,,,,,,,,,,,,,,
1780369749.101498,,,BBOX_REJECT,,0,,,,,,,,,,,,,invalid_clipped_bbox,,,,,,,,,,,3983.000,1146.000,4231.000,1326.000,,,,,,
1780369749.101498,,,TargetLost,122,,,,,,,,,,,,,,not_in_valid_tracks,,,,,,,,,,,,,,,,,,,,
1780369749.874802,,,MATCH_ACCEPT,122,0,32.882168,9.912500,29.581223,,2.434883,8.173799,10.641621,5.493947,17.311224,12.872230,2,11,,,,,,,,,,,,,,,,,,,,,
1780369749.874802,,,UI_STATUS_SEND,122,,,,32.528881,212.528881,9.622852,,,,,,3,0,"internal_id=122,ui_id=23",122,23,122,1,-1,25.150000,mono,,,,,,,,,,,,,
1780369750.810311,,,MATCH_REJECT,122,0,12.788467,6.878333,37.417999,,7.359958,24.634241,7.839043,2.559362,4.523434,2.026902,3,4,,,,,,,,,,,,,,,,,,,,,
1780369750.810311,,,NEW_TRACK,124,0,12.788467,6.878333,,,,,,,1.000000,1.000000,1,0,,,,,,,,,,,,,,,,,,,,,
1780369750.810311,,,TargetLost,122,,,,,,,,,,,,,,not_in_valid_tracks,,,,,,,,,,,,,,,,,,,,
1780369751.246632,,,MATCH_ACCEPT,124,0,8.495498,7.162500,12.788467,,6.878333,4.302363,7.683091,2.455394,3.014479,3.014479,1,2,,,,,,,,,,,,,,,,,,,,,
1780369751.246632,,,TargetLost,122,,,,,,,,,,,,,,not_in_valid_tracks,,,,,,,,,,,,,,,,,,,,
1780369752.109687,,,MATCH_REJECT,122,0,7.738987,5.672917,44.787374,,3.949096,37.088468,11.469947,4.979965,15.088193,9.711854,1,10,,,,,,,,,,,,,,,,,,,,,
1780369752.109687,,,MATCH_ACCEPT,124,1,7.089572,6.841667,9.646378,,7.299327,2.597443,11.025727,4.683818,13.510487,8.427666,2,4,,,,,,,,,,,,,,,,,,,,,
1780369752.110191,,,NEW_TRACK,125,0,7.738987,5.672917,,,,,,,1.000000,1.000000,1,0,,,,,,,,,,,,,,,,,,,,,
1780369752.109687,,,TargetLost,122,,,,,,,,,,,,,,not_in_valid_tracks,,,,,,,,,,,,,,,,,,,,
1780369752.109687,,,TargetSwitch,124,,,,,,,,,,,,,,master_lost,,,,,,,,,,,,,,,,,,,,
1780369752.109687,,,UI_STATUS_SEND,124,,,,7.898258,187.898258,6.913247,,,,,,3,0,"internal_id=124,ui_id=24",124,24,124,1,-1,25.150000,mono,,,,,,,,,,,,,
1780369752.608378,,,BBOX_REJECT,,0,,,,,,,,,,,,,invalid_clipped_bbox,,,,,,,,,,,388.000,2184.000,636.000,2364.000,,,,,,
1780369752.608378,,,TargetLost,124,,,,,,,,,,,,,,not_in_valid_tracks,,,,,,,,,,,,,,,,,,,,
1780369752.974384,,,MATCH_REJECT,124,0,357.222448,36.471458,5.520501,,6.879250,30.733637,9.805693,3.870462,10.912002,4.068472,3,3,,,,,,,,,,,,,,,,,,,,,
1780369752.974384,,,NEW_TRACK,126,0,357.222448,36.471458,,,,,,,1.000000,1.000000,1,0,,,,,,,,,,,,,,,,,,,,,
1780369752.974384,,,TargetLost,124,,,,,,,,,,,,,,not_in_valid_tracks,,,,,,,,,,,,,,,,,,,,
1780369753.353181,,,MATCH_ACCEPT,123,2,317.696785,17.966458,326.026895,,-2.761655,22.339325,46.963373,28.668649,467.360814,354.530594,0,30,,,,,,,,,,,,,,,,,,,,,
1780369753.353181,,,MATCH_REJECT,124,1,318.207202,17.709792,4.675323,,6.867166,47.716337,10.682954,4.455303,14.239228,5.610493,2,4,,,,,,,,,,,,,,,,,,,,,
1780369753.353181,,,MATCH_REJECT,126,0,5.074662,40.344375,357.222448,,36.471458,8.755384,5.146151,1.830301,1.675000,1.675000,1,1,,,,,,,,,,,,,,,,,,,,,
1780369753.353181,,,NEW_TRACK,127,0,5.074662,40.344375,,,,,,,1.000000,1.000000,1,0,,,,,,,,,,,,,,,,,,,,,
1780369753.353181,,,NEW_TRACK,128,1,318.207202,17.709792,,,,,,,1.000000,1.000000,1,0,,,,,,,,,,,,,,,,,,,,,
1780369753.353181,,,TargetLost,124,,,,,,,,,,,,,,not_in_valid_tracks,,,,,,,,,,,,,,,,,,,,
1780369753.693365,,,MATCH_ACCEPT,128,0,322.787280,15.418125,318.207202,,17.709792,5.121411,5.146151,1.830301,1.675000,1.675000,1,1,,,,,,,,,,,,,,,,,,,,,
1780369753.693365,,,TargetLost,124,,,,,,,,,,,,,,not_in_valid_tracks,,,,,,,,,,,,,,,,,,,,
1780369757.295350,,,BBOX_REJECT,,0,,,,,,,,,,,,,invalid_clipped_bbox,,,,,,,,,,,3375.000,2272.000,3439.000,2391.000,,,,,,
1780369757.295350,,,TargetLost,124,,,,,,,,,,,,,,not_in_valid_tracks,,,,,,,,,,,,,,,,,,,,
1780369758.549406,,,BBOX_REJECT,,0,,,,,,,,,,,,,invalid_clipped_bbox,,,,,,,,,,,2708.000,2217.000,2956.000,2397.000,,,,,,
1780369758.549406,,,TargetLost,124,,,,,,,,,,,,,,not_in_valid_tracks,,,,,,,,,,,,,,,,,,,,
1780369759.168911,,,BBOX_REJECT,,0,,,,,,,,,,,,,invalid_clipped_bbox,,,,,,,,,,,2282.000,2213.000,2530.000,2393.000,,,,,,
1780369759.168911,,,TargetLost,124,,,,,,,,,,,,,,not_in_valid_tracks,,,,,,,,,,,,,,,,,,,,
1780369759.576365,,,BBOX_REJECT,,0,,,,,,,,,,,,,invalid_clipped_bbox,,,,,,,,,,,1505.000,2257.000,1569.000,2377.000,,,,,,
1780369759.576365,,,MATCH_REJECT,123,0,320.806433,41.196875,293.833158,,30.060921,29.181622,28.998569,17.731913,167.047781,147.372951,0,29,,,,,,,,,,,,,,,,,,,,,
1780369759.576365,,,NEW_TRACK,129,0,320.806433,41.196875,,,,,,,1.000000,1.000000,1,0,,,,,,,,,,,,,,,,,,,,,
1780369759.576365,,,TargetLost,124,,,,,,,,,,,,,,not_in_valid_tracks,,,,,,,,,,,,,,,,,,,,
1780369759.966392,,,BBOX_REJECT,,0,,,,,,,,,,,,,invalid_clipped_bbox,,,,,,,,,,,1055.000,2245.000,1119.000,2365.000,,,,,,
1780369759.966392,,,TargetLost,124,,,,,,,,,,,,,,not_in_valid_tracks,,,,,,,,,,,,,,,,,,,,
1780369760.431262,,,BBOX_REJECT,,0,,,,,,,,,,,,,invalid_clipped_bbox,,,,,,,,,,,569.000,2209.000,817.000,2389.000,,,,,,
1780369760.431262,,,BBOX_REJECT,,0,,,,,,,,,,,,,invalid_clipped_bbox,,,,,,,,,,,4009.000,1924.000,4257.000,2104.000,,,,,,
1780369760.431262,,,TargetLost,124,,,,,,,,,,,,,,not_in_valid_tracks,,,,,,,,,,,,,,,,,,,,
1780369760.875878,,,BBOX_CLIPPED,,0,,,,,,,,,,,,,bbox_out_of_image_bounds,,,,,,,,,,,244.000,2110.000,308.000,2230.000,244.000,2110.000,308.000,2160.000,1,0.416667
1780369760.875878,,,MATCH_ACCEPT,124,1,6.975640,5.420833,340.418707,,6.520353,26.579684,45.739851,27.826568,462.137745,312.180121,0,38,,,,,,,,,,,,,,,,,,,,,
1780369760.875878,,,MATCH_ACCEPT,125,0,8.067113,4.664583,7.738987,,5.672917,1.060378,64.831574,40.554383,822.328983,822.328983,0,38,,,,,,,,,,,,,,,,,,,,,
1780369760.875878,,,TargetLost,124,,,,,,,,,,,,,,not_in_valid_tracks,,,,,,,,,,,,,,,,,,,,
1780369761.409871,,,MATCH_ACCEPT,124,1,4.159233,6.064792,6.716643,,5.328663,2.661246,8.744220,3.162814,7.615267,2.388123,1,2,,,,,,,,,,,,,,,,,,,,,
1780369761.409871,,,MATCH_REJECT,129,0,321.743660,21.669792,320.806433,,41.196875,19.549562,13.627288,7.484392,28.008061,28.008061,0,7,,,,,,,,,,,,,,,,,,,,,
1780369761.409871,,,NEW_TRACK,130,0,321.743660,21.669792,,,,,,,1.000000,1.000000,1,0,,,,,,,,,,,,,,,,,,,,,
1780369761.409871,,,TRACK_DELETE,122,,,,93.805539,,-18.738612,,,,565.488849,505.530090,0,50,,,,,,,,,,,,,,,,,,,,,
1780369761.409871,,,TargetLost,124,,,,,,,,,,,,,,not_in_valid_tracks,,,,,,,,,,,,,,,,,,,,
1780369761.655046,,,MATCH_REJECT,129,0,323.612149,18.885417,320.806433,,41.196875,22.487179,15.314267,8.609045,37.057825,37.057825,0,8,,,,,,,,,,,,,,,,,,,,,
1780369761.655046,,,MATCH_ACCEPT,130,1,322.837410,20.051875,321.743660,,21.669792,1.952932,5.124455,1.815837,1.648631,1.648631,1,1,,,,,,,,,,,,,,,,,,,,,
1780369761.655046,,,NEW_TRACK,131,0,323.612149,18.885417,,,,,,,1.000000,1.000000,1,0,,,,,,,,,,,,,,,,,,,,,
1780369761.654541,,,TargetLost,124,,,,,,,,,,,,,,not_in_valid_tracks,,,,,,,,,,,,,,,,,,,,
1780369762.074540,,,MATCH_ACCEPT,124,0,2.140353,6.504792,5.189018,,5.804128,3.128144,6.953995,3.008864,6.145214,2.908046,1,3,,,,,,,,,,,,,,,,,,,,,
1780369762.074035,,,TargetLost,124,,,,,,,,,,,,,,not_in_valid_tracks,,,,,,,,,,,,,,,,,,,,
1780369762.482613,,,MATCH_ACCEPT,124,0,359.529025,6.802708,2.409542,,6.600483,2.887606,5.368510,1.951873,2.715021,1.094788,2,2,,,,,,,,,,,,,,,,,,,,,
1780369762.482613,,,UI_STATUS_SEND,124,,,,0.800202,180.800202,6.736231,,,,,,3,0,"internal_id=124,ui_id=24",124,24,124,1,-1,155.930000,mono,,,,,,,,,,,,,
1780369763.048569,,,MATCH_ACCEPT,124,0,357.195692,6.779792,359.755602,,7.017879,2.570958,5.234794,1.862729,2.441385,1.028374,3,2,,,,,,,,,,,,,,,,,,,,,
1780369763.048569,,,UI_STATUS_SEND,124,,,,358.392792,178.392792,6.861380,,,,,,4,0,"internal_id=124,ui_id=24",124,24,124,1,-1,47.250000,mono,,,,,,,,,,,,,
1780369763.647570,,,MATCH_ACCEPT,124,0,354.876030,6.633125,356.888008,,7.079307,2.060857,6.755738,1.837159,2.386201,0.988951,4,2,,,,,,,,,,,,,,,,,,,,,
1780369763.647570,,,UI_STATUS_SEND,124,,,,356.332094,176.332094,6.906365,,,,,,5,0,"internal_id=124,ui_id=24",124,24,124,1,-1,47.250000,mono,,,,,,,,,,,,,
1780369763.981778,,,BBOX_REJECT,,0,,,,,,,,,,,,,invalid_clipped_bbox,,,,,,,,,,,3966.000,1795.000,4214.000,1975.000,,,,,,
1780369763.981778,,,TargetLost,124,,,,,,,,,,,,,,not_in_valid_tracks,,,,,,,,,,,,,,,,,,,,
1780369764.323099,,,MATCH_ACCEPT,124,0,349.552250,5.801250,354.477163,,7.069585,5.085611,7.387481,2.258321,3.546384,1.553629,5,2,,,,,,,,,,,,,,,,,,,,,
1780369764.323099,,,UI_STATUS_SEND,124,,,,352.694298,172.694298,6.437223,,,,,,6,0,"internal_id=124,ui_id=24",124,24,124,1,-1,25.150000,mono,,,,,,,,,,,,,
1780369764.583599,,,MATCH_ACCEPT,124,0,347.364750,5.874583,351.486911,,6.398293,4.155295,7.121870,2.081247,3.133941,1.197648,6,1,,,,,,,,,,,,,,,,,,,,,
1780369764.583599,,,MATCH_ACCEPT,125,1,1.579806,10.579375,8.204940,,4.232891,9.174435,16.966914,9.277409,47.788289,38.282032,0,14,,,,,,,,,,,,,,,,,,,,,
1780369764.583599,,,UI_STATUS_SEND,124,,,,350.110239,170.110239,6.171052,,,,,,7,0,"internal_id=124,ui_id=24",124,24,124,1,-1,25.150000,mono,,,,,,,,,,,,,
1780369764.966787,,,MATCH_ACCEPT,124,0,345.286625,6.344375,348.698084,,6.090356,3.420904,6.963124,1.975416,2.858491,1.043777,7,1,,,,,,,,,,,,,,,,,,,,,
1780369764.966787,,,TRACK_DELETE,126,,,,357.222448,,36.471458,,,,1573.859519,1573.859519,0,50,,,,,,,,,,,,,,,,,,,,,
1780369764.966282,,,UI_STATUS_SEND,124,,,,347.627476,167.627476,6.192087,,,,,,8,0,"internal_id=124,ui_id=24",124,24,124,1,-1,97.460000,mono,,,,,,,,,,,,,
1780369765.199461,,,MATCH_ACCEPT,124,1,343.258630,6.589583,346.166853,,6.134200,2.943660,5.883096,1.888197,2.619126,0.946163,8,1,,,,,,,,,,,,,,,,,,,,,
1780369765.199461,,,MATCH_ACCEPT,125,0,0.877983,12.481458,1.192133,,11.365242,1.159582,6.132578,2.461252,4.557119,1.500644,0,2,,,,,,,,,,,,,,,,,,,,,
1780369765.199461,,,TRACK_DELETE,123,,,,274.683824,,39.793629,,,,687.047295,645.866289,0,50,,,,,,,,,,,,,,,,,,,,,
1780369765.199461,,,TRACK_DELETE,127,,,,5.074662,,40.344375,,,,1572.611831,1572.611831,0,50,,,,,,,,,,,,,,,,,,,,,
1780369765.199461,,,TargetKeep,124,,,,,,,,,,,,,,lock_timer_expired,,,,,,,,,,,,,,,,,,,,
1780369765.199461,,,UI_STATUS_SEND,124,,,,344.894895,164.894895,6.375112,,,,,,9,0,"internal_id=124,ui_id=24",124,24,124,1,-1,97.460000,mono,,,,,,,,,,,,,
1780369765.426804,,,BBOX_REJECT,,0,,,,,,,,,,,,,invalid_clipped_bbox,,,,,,,,,,,1617.000,2286.000,1681.000,2405.000,,,,,,
1780369765.426804,,,MATCH_ACCEPT,124,0,341.226078,6.786667,343.307556,,6.359262,2.124905,5.500447,1.633098,1.971324,0.695685,9,1,,,,,,,,,,,,,,,,,,,,,
1780369765.427309,,,TRACK_DELETE,128,,,,353.288019,,-12.294252,,,,1427.803396,1271.753058,0,50,,,,,,,,,,,,,,,,,,,,,
1780369765.426804,,,UI_STATUS_SEND,124,,,,342.539241,162.539241,6.552590,,,,,,10,0,"internal_id=124,ui_id=24",124,24,124,1,-1,97.460000,mono,,,,,,,,,,,,,
1780369765.717054,,,MATCH_REJECT,124,0,359.867435,15.679375,340.682894,,6.573358,21.235964,5.362860,1.541373,1.733681,0.642150,10,1,,,,,,,,,,,,,,,,,,,,,
1780369765.717054,,,MATCH_ACCEPT,125,1,1.014702,13.553958,0.123169,,13.346394,0.915376,5.275104,1.889602,2.538389,1.032208,0,2,,,,,,,,,,,,,,,,,,,,,
1780369765.717054,,,NEW_TRACK,132,0,359.867435,15.679375,,,,,,,1.000000,1.000000,1,0,,,,,,,,,,,,,,,,,,,,,
1780369765.717054,,,TargetLost,124,,,,,,,,,,,,,,not_in_valid_tracks,,,,,,,,,,,,,,,,,,,,
1780369765.940455,,,MATCH_ACCEPT,124,1,339.412276,6.878333,339.027792,,6.591875,0.479465,5.782082,1.820855,2.322993,0.992518,9,2,,,,,,,,,,,,,,,,,,,,,
1780369765.940455,,,MATCH_ACCEPT,132,0,359.635014,17.320208,359.867435,,15.679375,1.657213,5.079024,1.758883,1.546834,1.546834,1,1,,,,,,,,,,,,,,,,,,,,,
1780369765.939952,,,UI_STATUS_SEND,124,,,,339.184698,159.184698,6.746829,,,,,,10,0,"internal_id=124,ui_id=24",124,24,124,1,-1,25.150000,mono,,,,,,,,,,,,,
1780369766.247928,,,MATCH_ACCEPT,124,1,337.484542,7.098333,337.351604,,6.798981,0.327542,6.451813,1.634542,1.917963,0.753765,10,1,,,,,,,,,,,,,,,,,,,,,
1780369766.247928,,,MATCH_ACCEPT,132,0,358.634688,18.800625,359.734955,,17.336840,1.831189,5.805624,1.836549,2.149496,1.223417,2,1,,,,,,,,,,,,,,,,,,,,,
1780369766.247928,,,UI_STATUS_SEND,124,,,,337.382820,157.382820,6.896397,,,,,,11,0,"internal_id=124,ui_id=24",124,24,124,1,-1,97.460000,mono,,,,,,,,,,,,,
1780369766.500192,,,MATCH_ACCEPT,132,0,357.709558,19.648542,359.096460,,19.090450,1.494979,5.486309,2.057073,2.859749,1.371800,3,1,,,,,,,,,,,,,,,,,,,,,
1780369766.500192,,,TargetLost,124,,,,,,,,,,,,,,not_in_valid_tracks,,,,,,,,,,,,,,,,,,,,
1780369766.500192,,,TargetSwitch,132,,,,,,,,,,,,,,master_lost,,,,,,,,,,,,,,,,,,,,
1780369766.500192,,,UI_STATUS_SEND,132,,,,358.292702,178.292702,19.495416,,,,,,4,0,"internal_id=132,ui_id=25",132,25,132,1,-1,159.930000,mono,,,,,,,,,,,,,
1780369766.761521,,,MATCH_ACCEPT,124,1,335.647953,7.387083,333.726045,,7.040985,1.952822,6.095443,2.029762,2.816146,1.303788,10,2,,,,,,,,,,,,,,,,,,,,,
1780369766.761521,,,MATCH_ACCEPT,132,0,356.112227,21.106042,357.812378,,20.548992,1.789083,5.084203,1.789002,2.312817,0.887711,4,1,,,,,,,,,,,,,,,,,,,,,
1780369766.760991,,,UI_STATUS_SEND,132,,,,356.916190,176.916190,20.900595,,,,,,5,0,"internal_id=132,ui_id=25",132,25,132,1,-1,97.460000,mono,,,,,,,,,,,,,
1780369766.980003,,,MATCH_ACCEPT,132,0,355.141524,22.960000,356.272746,,21.929834,1.530002,5.405429,1.569752,1.814442,0.649681,5,1,,,,,,,,,,,,,,,,,,,,,
1780369766.980003,,,UI_STATUS_SEND,132,,,,355.876788,175.876788,22.378412,,,,,,6,0,"internal_id=132,ui_id=25",132,25,132,1,-1,25.150000,mono,,,,,,,,,,,,,
1780369767.223136,,,MATCH_REJECT,125,0,350.773946,7.455833,358.441158,,17.137562,12.349980,7.653904,3.475469,7.553968,4.524919,0,6,,,,,,,,,,,,,,,,,,,,,
1780369767.223136,,,NEW_TRACK,133,0,350.773946,7.455833,,,,,,,1.000000,1.000000,1,0,,,,,,,,,,,,,,,,,,,,,
1780369767.223136,,,TargetLost,132,,,,,,,,,,,,,,not_in_valid_tracks,,,,,,,,,,,,,,,,,,,,
1780369767.635079,,,MATCH_ACCEPT,133,0,347.374206,7.180833,350.773946,,7.455833,3.410844,6.604122,2.368881,2.805799,2.805799,1,2,,,,,,,,,,,,,,,,,,,,,
1780369767.635079,,,TargetLost,132,,,,,,,,,,,,,,not_in_valid_tracks,,,,,,,,,,,,,,,,,,,,
1780369767.987711,,,MATCH_ACCEPT,133,0,344.840352,7.352708,348.656410,,7.165905,3.820628,7.259698,2.173132,3.190935,1.531569,2,1,,,,,,,,,,,,,,,,,,,,,
1780369767.987711,,,TargetLost,132,,,,,,,,,,,,,,not_in_valid_tracks,,,,,,,,,,,,,,,,,,,,
1780369767.987711,,,TargetSwitch,133,,,,,,,,,,,,,,master_lost,,,,,,,,,,,,,,,,,,,,
1780369767.987711,,,UI_STATUS_SEND,133,,,,347.366624,167.366624,7.258373,,,,,,3,0,"internal_id=133,ui_id=26",133,26,133,1,-1,155.930000,mono,,,,,,,,,,,,,
1780369768.491946,,,MATCH_ACCEPT,133,0,342.930847,7.545208,345.574426,,7.181591,2.668470,6.867117,2.950945,5.922526,2.785549,3,2,,,,,,,,,,,,,,,,,,,,,
1780369768.491946,,,UI_STATUS_SEND,133,,,,343.633610,163.633610,7.486519,,,,,,4,0,"internal_id=133,ui_id=26",133,26,133,1,-1,155.930000,mono,,,,,,,,,,,,,
1780369768.872246,,,MATCH_ACCEPT,133,0,341.094258,7.462708,342.189419,,7.527832,1.097095,5.192322,1.834414,2.517958,0.847118,4,1,,,,,,,,,,,,,,,,,,,,,
1780369768.872246,,,UI_STATUS_SEND,133,,,,341.597981,161.597981,7.487950,,,,,,5,0,"internal_id=133,ui_id=26",133,26,133,1,-1,155.930000,mono,,,,,,,,,,,,,
1780369769.262436,,,MATCH_ACCEPT,129,0,336.768243,33.476250,320.806433,,41.196875,17.730974,64.646488,41.497192,861.008461,861.008461,0,36,,,,,,,,,,,,,,,,,,,,,
1780369769.262436,,,MATCH_ACCEPT,132,1,346.185886,40.724792,349.686754,,32.113714,9.295522,11.307594,4.871729,15.161406,8.572340,1,8,,,,,,,,,,,,,,,,,,,,,
1780369769.262436,,,MATCH_ACCEPT,133,2,338.478373,7.059375,340.029673,,7.518725,1.617879,4.782988,1.561525,1.810147,0.628214,5,1,,,,,,,,,,,,,,,,,,,,,
1780369769.262436,,,UI_STATUS_SEND,133,,,,339.319606,159.319606,7.270886,,,,,,6,0,"internal_id=133,ui_id=26",133,26,133,1,-1,155.930000,mono,,,,,,,,,,,,,
1780369769.590456,,,MATCH_ACCEPT,129,0,333.514336,34.507500,337.251853,,33.227963,3.950474,5.717360,1.777706,2.407527,0.752714,1,1,,,,,,,,,,,,,,,,,,,,,
1780369769.590456,,,TargetLost,133,,,,,,,,,,,,,,not_in_valid_tracks,,,,,,,,,,,,,,,,,,,,
1780369770.211053,,,BBOX_REJECT,,0,,,,,,,,,,,,,invalid_clipped_bbox,,,,,,,,,,,2390.000,2239.000,2638.000,2419.000,,,,,,
1780369770.211053,,,MATCH_ACCEPT,133,0,336.623555,7.002083,333.367796,,7.153938,3.259299,6.039233,2.399022,3.820781,1.934526,5,4,,,,,,,,,,,,,,,,,,,,,
1780369770.211053,,,UI_STATUS_SEND,133,,,,335.453111,155.453111,7.035036,,,,,,6,0,"internal_id=133,ui_id=26",133,26,133,1,-1,47.250000,mono,,,,,,,,,,,,,
1780369771.475963,,,MATCH_ACCEPT,131,0,317.010913,17.563125,323.612149,,18.885417,6.732368,67.009783,43.072722,927.629683,927.629683,0,38,,,,,,,,,,,,,,,,,,,,,
1780369771.475963,,,TargetLost,133,,,,,,,,,,,,,,not_in_valid_tracks,,,,,,,,,,,,,,,,,,,,
1780369771.724380,,,MATCH_ACCEPT,131,0,314.091967,20.265000,316.817649,,17.522131,3.866869,6.673521,1.782347,2.414041,0.762720,1,1,,,,,,,,,,,,,,,,,,,,,
1780369771.724380,,,TargetLost,133,,,,,,,,,,,,,,not_in_valid_tracks,,,,,,,,,,,,,,,,,,,,
1780369772.648126,,,MATCH_ACCEPT,131,0,315.659676,20.688958,315.091078,,19.002944,1.779311,6.859398,2.972465,5.243158,3.592391,2,4,,,,,,,,,,,,,,,,,,,,,
1780369772.648126,,,MATCH_REJECT,133,1,316.243009,21.051042,322.312184,,6.502488,15.763734,12.108772,5.405848,17.512909,11.710285,4,11,,,,,,,,,,,,,,,,,,,,,
1780369772.648126,,,NEW_TRACK,134,1,316.243009,21.051042,,,,,,,1.000000,1.000000,1,0,,,,,,,,,,,,,,,,,,,,,
1780369772.647598,,,TargetLost,133,,,,,,,,,,,,,,not_in_valid_tracks,,,,,,,,,,,,,,,,,,,,
1780369772.647598,,,TargetSwitch,131,,,,,,,,,,,,,,master_lost,,,,,,,,,,,,,,,,,,,,
1780369772.647598,,,UI_STATUS_SEND,131,,,,315.498465,135.498465,20.476231,,,,,,3,0,"internal_id=131,ui_id=27",131,27,131,1,-1,159.930000,mono,,,,,,,,,,,,,
1780369774.066943,,no_packet,TRACK_DELETE,130,,,,330.242040,,0.072818,,,,1495.922603,1334.526004,0,50,,,,,,,,,,,,,,,,,,,,,
1780369777.102630,,no_packet,TRACK_DELETE,125,,,,344.397173,,40.841108,,,,569.021325,495.818771,0,50,,,,,,,,,,,,,,,,,,,,,
1780369777.908170,,no_packet,TRACK_DELETE,124,,,,262.636067,,12.006532,,,,523.290601,468.900150,0,50,,,,,,,,,,,,,,,,,,,,,
1780369778.368365,,,BBOX_REJECT,,0,,,,,,,,,,,,,invalid_clipped_bbox,,,,,,,,,,,1389.000,2266.000,1637.000,2446.000,,,,,,
1780369778.368365,,,TargetLost,131,,,,,,,,,,,,,,not_in_valid_tracks,,,,,,,,,,,,,,,,,,,,
1780369778.572851,,,BBOX_CLIPPED,,0,,,,,,,,,,,,,bbox_out_of_image_bounds,,,,,,,,,,,-20.000,1449.000,43.000,1569.000,0.000,1449.000,43.000,1569.000,1,0.682540
1780369778.572851,,,MATCH_ACCEPT,131,1,317.301876,40.802708,310.347111,,31.716207,11.442607,26.818656,16.278637,150.850110,114.143922,3,29,,,,,,,,,,,,,,,,,,,,,
1780369778.572851,,,MATCH_ACCEPT,134,0,333.718282,7.533750,316.243009,,21.051042,22.093038,45.718214,28.878343,416.979343,416.979343,1,29,,,,,,,,,,,,,,,,,,,,,
1780369778.572851,,,UI_STATUS_SEND,131,,,,317.207517,137.207517,40.761603,,,,,,4,0,"internal_id=131,ui_id=27",131,27,131,1,-1,99.000000,mono,,,,,,,,,,,,,
1780369778.817742,,,MATCH_ACCEPT,134,0,334.622904,7.914167,334.406072,,6.949373,0.988860,5.686115,1.777410,2.423230,0.735956,2,1,,,,,,,,,,,,,,,,,,,,,
1780369778.817742,,,TargetLost,131,,,,,,,,,,,,,,not_in_valid_tracks,,,,,,,,,,,,,,,,,,,,
1780369778.817742,,,TargetSwitch,134,,,,,,,,,,,,,,master_lost,,,,,,,,,,,,,,,,,,,,
1780369778.817742,,,UI_STATUS_SEND,134,,,,334.498031,154.498031,7.404938,,,,,,3,0,"internal_id=134,ui_id=28",134,28,134,1,-1,97.460000,mono,,,,,,,,,,,,,
1780369779.052159,,,MATCH_REJECT,131,0,319.188594,35.939792,317.440017,,42.596929,6.882950,6.086179,2.044120,3.016798,1.161627,3,2,,,,,,,,,,,,,,,,,,,,,
1780369779.052159,,,MATCH_ACCEPT,134,1,339.453633,5.045000,335.247099,,6.915296,4.603579,5.421263,1.580309,1.802358,0.695018,3,1,,,,,,,,,,,,,,,,,,,,,
1780369779.052665,,,NEW_TRACK,135,0,319.188594,35.939792,,,,,,,1.000000,1.000000,1,0,,,,,,,,,,,,,,,,,,,,,
1780369779.052159,,,UI_STATUS_SEND,134,,,,336.713110,156.713110,6.069751,,,,,,4,0,"internal_id=134,ui_id=28",134,28,134,1,-1,25.150000,mono,,,,,,,,,,,,,
1780369779.337445,,,MATCH_ACCEPT,134,0,335.115092,8.198333,337.717843,,5.309608,3.888322,6.346080,1.564053,1.688142,0.758121,4,1,,,,,,,,,,,,,,,,,,,,,
1780369779.337445,,,UI_STATUS_SEND,134,,,,337.164336,157.164336,6.253322,,,,,,5,0,"internal_id=134,ui_id=28",134,28,134,1,-1,25.150000,mono,,,,,,,,,,,,,
1780369779.803314,,,MATCH_ACCEPT,134,1,336.199727,7.199167,338.806071,,5.373146,3.182354,7.088960,2.059307,2.738058,1.502685,5,2,,,,,,,,,,,,,,,,,,,,,
1780369779.803314,,,MATCH_REJECT,135,0,323.876472,17.925208,319.188594,,35.939792,18.614548,7.657544,3.504562,6.140979,6.140979,0,3,,,,,,,,,,,,,,,,,,,,,
1780369779.803314,,,NEW_TRACK,136,0,323.876472,17.925208,,,,,,,1.000000,1.000000,1,0,,,,,,,,,,,,,,,,,,,,,
1780369779.803314,,,UI_STATUS_SEND,134,,,,338.012093,158.012093,6.268340,,,,,,6,0,"internal_id=134,ui_id=28",134,28,134,1,-1,51.980000,mono,,,,,,,,,,,,,
1780369780.193821,,,MATCH_ACCEPT,134,0,338.852071,9.321250,338.775809,,5.990820,3.331303,6.973698,2.008866,2.772973,1.262568,6,1,,,,,,,,,,,,,,,,,,,,,
1780369780.193821,,,TRACK_DELETE,132,,,,300.420582,,133.189328,,,,609.005371,509.853296,0,50,,,,,,,,,,,,,,,,,,,,,
1780369780.193316,,,UI_STATUS_SEND,134,,,,338.799609,158.799609,7.497621,,,,,,7,0,"internal_id=134,ui_id=28",134,28,134,1,-1,97.460000,mono,,,,,,,,,,,,,
1780369780.396658,,no_packet,TRACK_DELETE,129,,,,351.704948,,28.826980,,,,655.316567,631.653615,0,50,,,,,,,,,,,,,,,,,,,,,
1780369780.649699,,,MATCH_ACCEPT,134,0,339.658711,10.911667,340.191921,,7.574551,3.379446,6.468338,2.278359,3.603629,1.587289,7,2,,,,,,,,,,,,,,,,,,,,,
1780369780.649699,,,UI_STATUS_SEND,134,,,,339.916356,159.916356,9.754723,,,,,,8,0,"internal_id=134,ui_id=28",134,28,134,1,-1,47.250000,mono,,,,,,,,,,,,,
1780369781.121811,,,MATCH_ACCEPT,134,0,343.377461,5.397917,341.230276,,10.572638,5.602513,7.150527,2.100351,3.161617,1.249858,8,2,,,,,,,,,,,,,,,,,,,,,
1780369781.122316,,,MATCH_REJECT,136,1,339.572123,12.130833,323.876472,,17.925208,16.731056,10.599549,5.465900,14.938029,14.938029,0,5,,,,,,,,,,,,,,,,,,,,,
1780369781.122316,,,NEW_TRACK,137,1,339.572123,12.130833,,,,,,,1.000000,1.000000,1,0,,,,,,,,,,,,,,,,,,,,,
1780369781.122316,,,TRACK_DELETE,133,,,,276.537901,,4.647444,,,,550.509376,491.372529,0,50,,,,,,,,,,,,,,,,,,,,,
1780369781.121811,,,UI_STATUS_SEND,134,,,,341.951574,161.951574,8.272907,,,,,,9,0,"internal_id=134,ui_id=28",134,28,134,1,-1,25.150000,mono,,,,,,,,,,,,,
1780369781.497124,,,MATCH_ACCEPT,134,0,345.665222,5.196250,342.782673,,8.295099,4.232252,6.978668,1.985779,2.869212,1.074105,9,1,,,,,,,,,,,,,,,,,,,,,
1780369781.497124,,,TargetKeep,134,,,,,,,,,,,,,,lock_timer_expired,,,,,,,,,,,,,,,,,,,,
1780369781.497124,,,UI_STATUS_SEND,134,,,,343.689620,163.689620,7.032684,,,,,,10,0,"internal_id=134,ui_id=28",134,28,134,1,-1,25.150000,mono,,,,,,,,,,,,,
1780369781.773047,,,BBOX_REJECT,,0,,,,,,,,,,,,,invalid_clipped_bbox,,,,,,,,,,,2908.000,2265.000,3156.000,2445.000,,,,,,
1780369781.773047,,,TargetLost,134,,,,,,,,,,,,,,not_in_valid_tracks,,,,,,,,,,,,,,,,,,,,
1780369782.548457,,,MATCH_REJECT,134,1,29.439134,11.670208,347.156633,,6.264295,42.626679,8.323705,2.882470,5.595596,2.713037,10,4,,,,,,,,,,,,,,,,,,,,,
1780369782.548457,,,MATCH_ACCEPT,136,2,327.488126,18.541667,323.876472,,17.925208,3.663886,18.526639,10.750626,57.787978,57.787978,0,10,,,,,,,,,,,,,,,,,,,,,
1780369782.548961,,,MATCH_REJECT,137,0,327.123543,16.286667,339.572123,,12.130833,13.123951,12.166047,5.444031,14.818738,14.818738,0,5,,,,,,,,,,,,,,,,,,,,,
1780369782.548961,,,NEW_TRACK,138,0,327.123543,16.286667,,,,,,,1.000000,1.000000,1,0,,,,,,,,,,,,,,,,,,,,,
1780369782.548961,,,NEW_TRACK,139,1,29.439134,11.670208,,,,,,,1.000000,1.000000,1,0,,,,,,,,,,,,,,,,,,,,,
1780369782.548457,,,TargetLost,134,,,,,,,,,,,,,,not_in_valid_tracks,,,,,,,,,,,,,,,,,,,,
1780369782.989871,,,MATCH_ACCEPT,136,0,328.112475,20.764583,328.032661,,18.653544,2.112548,7.078290,2.052194,3.163605,1.047893,1,2,,,,,,,,,,,,,,,,,,,,,
1780369782.989871,,,TargetLost,134,,,,,,,,,,,,,,not_in_valid_tracks,,,,,,,,,,,,,,,,,,,,
1780369783.489822,,,MATCH_ACCEPT,135,0,333.632826,34.677083,319.188594,,35.939792,14.499319,30.033880,18.422120,169.687249,169.687249,0,17,,,,,,,,,,,,,,,,,,,,,
1780369783.489317,,,TargetLost,134,,,,,,,,,,,,,,not_in_valid_tracks,,,,,,,,,,,,,,,,,,,,
1780369783.996484,,,MATCH_ACCEPT,134,2,347.201029,7.002083,352.316669,,5.120683,5.450636,12.188843,5.459229,18.192725,11.610451,7,10,,,,,,,,,,,,,,,,,,,,,
1780369783.996484,,,MATCH_ACCEPT,137,0,336.591654,5.315417,339.572123,,12.130833,7.438622,21.446909,11.631273,67.643250,67.643250,0,11,,,,,,,,,,,,,,,,,,,,,
1780369783.996484,,,MATCH_ACCEPT,138,1,335.242696,5.718750,327.123543,,16.286667,13.326722,13.460742,6.307161,19.890142,19.890142,0,6,,,,,,,,,,,,,,,,,,,,,
1780369783.996484,,,UI_STATUS_SEND,134,,,,348.509097,168.509097,6.778922,,,,,,8,0,"internal_id=134,ui_id=28",134,28,134,1,-1,25.150000,mono,,,,,,,,,,,,,
1780369784.207909,,,MATCH_REJECT,135,0,318.805782,38.653125,335.975058,,34.458910,17.674147,7.400812,2.267208,3.630570,1.509663,0,3,,,,,,,,,,,,,,,,,,,,,
1780369784.207909,,,NEW_TRACK,140,0,318.805782,38.653125,,,,,,,1.000000,1.000000,1,0,,,,,,,,,,,,,,,,,,,,,
1780369784.207909,,,TargetLost,134,,,,,,,,,,,,,,not_in_valid_tracks,,,,,,,,,,,,,,,,,,,,
1780369784.555916,,,MATCH_ACCEPT,134,1,348.955586,7.052500,349.642654,,6.711514,0.767029,8.498452,2.998968,6.701068,2.292742,7,2,,,,,,,,,,,,,,,,,,,,,
1780369784.555916,,,MATCH_ACCEPT,137,0,335.005375,6.823333,336.333366,,4.223160,2.919669,8.003108,3.301539,8.405105,2.495053,0,2,,,,,,,,,,,,,,,,,,,,,
1780369784.555916,,,UI_STATUS_SEND,134,,,,349.287155,169.287155,6.914301,,,,,,8,0,"internal_id=134,ui_id=28",134,28,134,1,-1,25.150000,mono,,,,,,,,,,,,,
1780369784.846456,,,BBOX_CLIPPED,,0,,,,,,,,,,,,,bbox_out_of_image_bounds,,,,,,,,,,,-20.000,1335.000,99.000,1579.000,0.000,1335.000,99.000,1579.000,1,0.831933
1780369784.846962,,,MATCH_ACCEPT,137,0,333.845886,7.772083,335.015729,,5.742117,2.342924,6.977615,1.985077,3.021249,0.919282,1,1,,,,,,,,,,,,,,,,,,,,,
1780369784.846962,,,MATCH_ACCEPT,138,1,337.343266,6.937917,336.419537,,1.543132,5.473297,8.989799,3.959332,11.581922,4.094391,0,3,,,,,,,,,,,,,,,,,,,,,
1780369784.846456,,,TargetLost,134,,,,,,,,,,,,,,not_in_valid_tracks,,,,,,,,,,,,,,,,,,,,
1780369785.278332,,,MATCH_ACCEPT,138,0,340.433109,7.084583,339.190001,,4.215220,3.127070,7.559735,2.373157,4.222617,1.409256,1,2,,,,,,,,,,,,,,,,,,,,,
1780369785.278332,,,TargetLost,134,,,,,,,,,,,,,,not_in_valid_tracks,,,,,,,,,,,,,,,,,,,,
1780369785.633698,,,MATCH_ACCEPT,138,0,345.263839,7.850000,340.944710,,4.774462,5.302245,7.164784,2.109856,3.317745,1.133746,2,1,,,,,,,,,,,,,,,,,,,,,
1780369785.633698,,,TargetLost,134,,,,,,,,,,,,,,not_in_valid_tracks,,,,,,,,,,,,,,,,,,,,
1780369785.633698,,,TargetSwitch,138,,,,,,,,,,,,,,master_lost,,,,,,,,,,,,,,,,,,,,
1780369785.633698,,,UI_STATUS_SEND,138,,,,342.442427,162.442427,6.067697,,,,,,3,0,"internal_id=138,ui_id=29",138,29,138,1,-1,25.150000,mono,,,,,,,,,,,,,
1780369786.042188,,,MATCH_ACCEPT,134,0,348.463057,10.792500,352.030601,,6.867519,5.304040,9.503795,3.669197,9.035144,4.427863,5,5,,,,,,,,,,,,,,,,,,,,,
1780369786.042188,,,TargetLost,138,,,,,,,,,,,,,,not_in_valid_tracks,,,,,,,,,,,,,,,,,,,,
1780369786.042188,,,TargetSwitch,134,,,,,,,,,,,,,,master_lost,,,,,,,,,,,,,,,,,,,,
1780369786.042188,,,UI_STATUS_SEND,134,,,,349.921804,169.921804,9.768725,,,,,,6,0,"internal_id=134,ui_id=28",134,28,134,1,-1,51.980000,mono,,,,,,,,,,,,,
1780369786.671597,,,MATCH_ACCEPT,134,0,353.737878,17.267500,350.844718,,10.754661,7.126531,8.491147,3.020498,6.472440,2.650969,6,3,,,,,,,,,,,,,,,,,,,,,
1780369786.671597,,,MATCH_REJECT,138,1,356.672774,16.589167,347.525446,,4.096698,15.483391,8.357106,2.904737,5.662227,2.775272,2,4,,,,,,,,,,,,,,,,,,,,,
1780369786.671597,,,NEW_TRACK,141,1,356.672774,16.589167,,,,,,,1.000000,1.000000,1,0,,,,,,,,,,,,,,,,,,,,,
1780369786.671091,,,UI_STATUS_SEND,134,,,,352.332711,172.332711,14.886101,,,,,,7,0,"internal_id=134,ui_id=28",134,28,134,1,-1,47.250000,mono,,,,,,,,,,,,,
1780369787.192503,,,MATCH_ACCEPT,141,0,359.967696,15.878750,356.672774,,16.589167,3.370638,7.762830,2.508553,3.146419,3.146419,1,2,,,,,,,,,,,,,,,,,,,,,
1780369787.192503,,,TargetLost,134,,,,,,,,,,,,,,not_in_valid_tracks,,,,,,,,,,,,,,,,,,,,
1780369787.428037,,,BBOX_CLIPPED,,0,,,,,,,,,,,,,bbox_out_of_image_bounds,,,,,,,,,,,2793.000,1821.000,3029.000,2297.000,2793.000,1821.000,3029.000,2160.000,1,0.712185
1780369787.428541,,,MATCH_ACCEPT,141,0,5.486576,14.826875,358.152698,,15.952446,7.419749,7.684678,2.482852,4.025775,2.138779,2,1,,,,,,,,,,,,,,,,,,,,,
1780369787.428037,,,TargetLost,134,,,,,,,,,,,,,,not_in_valid_tracks,,,,,,,,,,,,,,,,,,,,
1780369787.428037,,,TargetSwitch,141,,,,,,,,,,,,,,master_lost,,,,,,,,,,,,,,,,,,,,
1780369787.428037,,,UI_STATUS_SEND,141,,,,1.064980,181.064980,15.295925,,,,,,3,0,"internal_id=141,ui_id=30",141,30,141,1,-1,26.430000,mono,,,,,,,,,,,,,
1780369787.838442,,,MATCH_ACCEPT,141,0,10.509821,13.093333,3.194182,,14.645411,7.478470,8.409936,2.939957,5.994583,2.648766,3,2,,,,,,,,,,,,,,,,,,,,,
1780369787.838442,,,UI_STATUS_SEND,141,,,,6.775701,186.775701,13.669198,,,,,,4,0,"internal_id=141,ui_id=30",141,30,141,1,-1,26.430000,mono,,,,,,,,,,,,,
1780369788.320167,,,MATCH_REJECT,141,0,19.496800,11.736667,10.595985,,12.480709,8.931859,8.504505,3.003003,6.494143,2.523887,4,2,,,,,,,,,,,,,,,,,,,,,
1780369788.320167,,,NEW_TRACK,142,0,19.496800,11.736667,,,,,,,1.000000,1.000000,1,0,,,,,,,,,,,,,,,,,,,,,
1780369788.320167,,,TargetLost,141,,,,,,,,,,,,,,not_in_valid_tracks,,,,,,,,,,,,,,,,,,,,
1780369788.592539,,,MATCH_ACCEPT,139,0,31.173183,8.615417,29.439134,,11.670208,3.512646,41.476828,26.050752,339.320841,339.320841,0,24,,,,,,,,,,,,,,,,,,,,,
1780369788.592035,,,TargetLost,141,,,,,,,,,,,,,,not_in_valid_tracks,,,,,,,,,,,,,,,,,,,,
1780369788.964312,,,MATCH_ACCEPT,139,0,33.269537,8.510000,31.247213,,8.470417,2.022712,6.625009,1.776406,2.427587,0.728031,1,1,,,,,,,,,,,,,,,,,,,,,
1780369788.964312,,,MATCH_ACCEPT,142,1,26.834642,9.555000,19.496800,,11.736667,7.655298,8.031904,2.687936,3.612500,3.612500,0,2,,,,,,,,,,,,,,,,,,,,,
1780369788.964312,,,TargetLost,141,,,,,,,,,,,,,,not_in_valid_tracks,,,,,,,,,,,,,,,,,,,,
1780369789.792129,,,MATCH_ACCEPT,141,0,20.390029,13.166667,21.826395,,8.986931,4.419654,13.603400,6.402267,27.116074,13.872947,1,8,,,,,,,,,,,,,,,,,,,,,
1780369789.791623,,,TargetLost,141,,,,,,,,,,,,,,not_in_valid_tracks,,,,,,,,,,,,,,,,,,,,
1780369790.637836,,,BBOX_REJECT,,0,,,,,,,,,,,,,invalid_clipped_bbox,,,,,,,,,,,4110.000,1671.000,4174.000,1791.000,,,,,,
1780369790.637836,,,TargetLost,141,,,,,,,,,,,,,,not_in_valid_tracks,,,,,,,,,,,,,,,,,,,,
1780369790.909885,,,MATCH_ACCEPT,134,0,6.657800,15.892500,0.662849,,30.748470,16.019965,19.265928,10.177286,59.868084,43.709059,0,18,,,,,,,,,,,,,,,,,,,,,
1780369790.909380,,,TargetLost,141,,,,,,,,,,,,,,not_in_valid_tracks,,,,,,,,,,,,,,,,,,,,
1780369791.167210,,,MATCH_ACCEPT,134,0,3.718347,15.704583,6.958021,,16.390088,3.311405,8.349717,2.899812,6.543459,1.865448,1,1,,,,,,,,,,,,,,,,,,,,,
1780369791.167210,,,TRACK_DELETE,131,,,,322.701768,,84.132536,,,,684.450458,652.434380,0,50,,,,,,,,,,,,,,,,,,,,,
1780369791.167210,,,TargetLost,141,,,,,,,,,,,,,,not_in_valid_tracks,,,,,,,,,,,,,,,,,,,,
1780369791.562106,,,MATCH_ACCEPT,134,0,0.396081,15.869583,6.047127,,15.961845,5.651799,7.355702,2.237135,3.827430,1.177341,2,1,,,,,,,,,,,,,,,,,,,,,
1780369791.562106,,,MATCH_ACCEPT,135,1,355.715743,16.327917,0.814217,,32.267630,16.735259,33.028931,19.352621,193.782671,180.741258,0,32,,,,,,,,,,,,,,,,,,,,,
1780369791.561601,,,TargetLost,141,,,,,,,,,,,,,,not_in_valid_tracks,,,,,,,,,,,,,,,,,,,,
1780369791.561601,,,TargetSwitch,134,,,,,,,,,,,,,,master_lost,,,,,,,,,,,,,,,,,,,,
1780369791.561601,,,UI_STATUS_SEND,134,,,,3.900848,183.900848,15.922199,,,,,,3,0,"internal_id=134,ui_id=28",134,28,134,1,-1,26.430000,mono,,,,,,,,,,,,,
1780369792.021013,,,BBOX_CLIPPED,,0,,,,,,,,,,,,,bbox_out_of_image_bounds,,,,,,,,,,,3638.000,1161.000,3886.000,1341.000,3638.000,1161.000,3840.000,1341.000,1,0.814516
1780369792.021518,,,MATCH_REJECT,135,0,348.207014,18.216250,357.212626,,15.024498,9.554493,8.723340,3.148893,7.584790,2.330738,1,2,,,,,,,,,,,,,,,,,,,,,
1780369792.021518,,,NEW_TRACK,143,0,348.207014,18.216250,,,,,,,1.000000,1.000000,1,0,,,,,,,,,,,,,,,,,,,,,
1780369792.021013,,,TargetLost,134,,,,,,,,,,,,,,not_in_valid_tracks,,,,,,,,,,,,,,,,,,,,
1780369792.255526,,,MATCH_ACCEPT,143,0,345.112612,19.169583,348.207014,,18.216250,3.237926,6.681266,1.787510,1.597597,1.597597,1,1,,,,,,,,,,,,,,,,,,,,,
1780369792.255021,,,TargetLost,134,,,,,,,,,,,,,,not_in_valid_tracks,,,,,,,,,,,,,,,,,,,,
1780369792.852013,,,MATCH_ACCEPT,136,0,338.383803,41.577292,341.503536,,27.384907,14.531226,42.019499,25.346333,336.912723,305.523861,0,39,,,,,,,,,,,,,,,,,,,,,
1780369792.852013,,,MATCH_REJECT,143,1,336.786441,22.084583,347.160281,,19.017080,10.817862,8.419853,2.946569,5.007121,3.675147,2,2,,,,,,,,,,,,,,,,,,,,,
1780369792.852013,,,NEW_TRACK,144,1,336.786441,22.084583,,,,,,,1.000000,1.000000,1,0,,,,,,,,,,,,,,,,,,,,,
1780369792.852013,,,TargetLost,134,,,,,,,,,,,,,,not_in_valid_tracks,,,,,,,,,,,,,,,,,,,,
1780369793.117959,,,MATCH_ACCEPT,136,0,341.273126,36.627292,338.713327,,42.255239,6.182747,6.813810,2.942073,6.786936,1.868859,1,1,,,,,,,,,,,,,,,,,,,,,
1780369793.117959,,,TargetLost,134,,,,,,,,,,,,,,not_in_valid_tracks,,,,,,,,,,,,,,,,,,,,
1780369793.396686,,,MATCH_REJECT,144,0,327.068855,15.690833,336.786441,,22.084583,11.632347,8.031904,2.687936,3.612500,3.612500,0,2,,,,,,,,,,,,,,,,,,,,,
1780369793.396686,,,NEW_TRACK,145,0,327.068855,15.690833,,,,,,,1.000000,1.000000,1,0,,,,,,,,,,,,,,,,,,,,,
1780369793.396686,,,TargetLost,134,,,,,,,,,,,,,,not_in_valid_tracks,,,,,,,,,,,,,,,,,,,,
1780369793.954731,,,MATCH_ACCEPT,145,0,319.412605,16.327917,327.068855,,15.690833,7.682710,7.784633,2.523089,3.182988,3.182988,1,2,,,,,,,,,,,,,,,,,,,,,
1780369793.954223,,,TargetLost,134,,,,,,,,,,,,,,not_in_valid_tracks,,,,,,,,,,,,,,,,,,,,
1780369796.387463,,no_packet,TRACK_DELETE,140,,,,318.805782,,38.653125,,,,1613.746547,1613.746547,0,50,,,,,,,,,,,,,,,,,,,,,
1780369796.792698,,no_packet,TRACK_DELETE,137,,,,316.594394,,-6.459518,,,,587.906214,547.865428,0,50,,,,,,,,,,,,,,,,,,,,,
1780369797.404055,,no_packet,TRACK_DELETE,138,,,,45.455529,,-18.366363,,,,591.626017,533.527543,0,50,,,,,,,,,,,,,,,,,,,,,
1780369799.442479,,,MATCH_ACCEPT,134,0,4.109103,6.083125,20.616993,,14.058237,18.333381,36.584416,21.722944,249.660183,222.226127,0,36,,,,,,,,,,,,,,,,,,,,,
1780369799.441975,,,TargetLost,134,,,,,,,,,,,,,,not_in_valid_tracks,,,,,,,,,,,,,,,,,,,,
1780369800.050892,,no_packet,TRACK_DELETE,139,,,,37.566690,,2.228870,,,,587.899323,569.865926,0,50,,,,,,,,,,,,,,,,,,,,,
1780369800.050892,,no_packet,TRACK_DELETE,142,,,,62.068198,,-12.385407,,,,1307.273817,1006.585127,0,50,,,,,,,,,,,,,,,,,,,,,
1780369800.895825,,,MATCH_ACCEPT,134,0,7.736709,5.501042,3.899875,,3.825544,4.186715,10.398985,4.898790,15.572145,8.425996,1,7,,,,,,,,,,,,,,,,,,,,,
1780369800.895825,,,TRACK_DELETE,141,,,,105.604414,,3.262570,,,,618.230707,511.818102,0,50,,,,,,,,,,,,,,,,,,,,,
1780369800.895825,,,TargetLost,134,,,,,,,,,,,,,,not_in_valid_tracks,,,,,,,,,,,,,,,,,,,,
1780369801.300230,,,MATCH_ACCEPT,134,0,8.030654,5.874583,7.233514,,5.157162,1.072440,5.610887,2.140125,3.463533,1.116601,2,1,,,,,,,,,,,,,,,,,,,,,
1780369801.300230,,,MATCH_ACCEPT,135,1,8.110405,6.527708,23.226607,,-12.982058,24.680570,48.460560,29.640373,458.480331,420.071405,0,44,,,,,,,,,,,,,,,,,,,,,
1780369801.300230,,,UI_STATUS_SEND,134,,,,7.732024,187.732024,5.647024,,,,,,3,0,"internal_id=134,ui_id=28",134,28,134,1,-1,97.460000,mono,,,,,,,,,,,,,
1780369801.705707,,,BBOX_REJECT,,0,,,,,,,,,,,,,invalid_clipped_bbox,,,,,,,,,,,3843.000,1406.000,3907.000,1526.000,,,,,,
1780369801.705707,,,MATCH_ACCEPT,135,0,8.399795,7.038750,8.551506,,6.338566,0.716432,7.474753,2.949302,6.813174,1.885208,1,1,,,,,,,,,,,,,,,,,,,,,
1780369801.705707,,,TargetLost,134,,,,,,,,,,,,,,not_in_valid_tracks,,,,,,,,,,,,,,,,,,,,
1780369802.287711,,,MATCH_ACCEPT,135,0,8.992243,9.046250,8.869888,,6.715282,2.334177,6.376928,2.217419,3.433201,1.483745,2,2,,,,,,,,,,,,,,,,,,,,,
1780369802.287711,,,TargetLost,134,,,,,,,,,,,,,,not_in_valid_tracks,,,,,,,,,,,,,,,,,,,,
1780369802.287711,,,TargetSwitch,135,,,,,,,,,,,,,,master_lost,,,,,,,,,,,,,,,,,,,,
1780369802.287711,,,UI_STATUS_SEND,135,,,,8.931640,188.931640,8.202154,,,,,,3,0,"internal_id=135,ui_id=31",135,31,135,1,-1,97.460000,mono,,,,,,,,,,,,,
1780369802.681098,,,MATCH_ACCEPT,135,0,9.931045,10.231042,9.172115,,8.522851,1.869195,5.809445,1.839097,2.392906,0.989371,3,1,,,,,,,,,,,,,,,,,,,,,
1780369802.681098,,,UI_STATUS_SEND,135,,,,9.487281,189.487281,9.445514,,,,,,4,0,"internal_id=135,ui_id=31",135,31,135,1,-1,97.460000,mono,,,,,,,,,,,,,
1780369803.079150,,,MATCH_ACCEPT,135,0,11.471409,11.745833,9.781567,,10.013136,2.420291,5.620750,1.713300,2.085199,0.850199,4,1,,,,,,,,,,,,,,,,,,,,,
1780369803.079150,,,UI_STATUS_SEND,135,,,,10.427579,190.427579,10.883517,,,,,,5,0,"internal_id=135,ui_id=31",135,31,135,1,-1,47.250000,mono,,,,,,,,,,,,,
1780369803.504689,,,MATCH_ACCEPT,135,0,13.458389,13.166667,11.137915,,12.239103,2.498995,6.924327,1.949551,2.643808,1.156943,5,2,,,,,,,,,,,,,,,,,,,,,
1780369803.504689,,,UI_STATUS_SEND,135,,,,11.827708,191.827708,12.633720,,,,,,6,0,"internal_id=135,ui_id=31",135,31,135,1,-1,25.150000,mono,,,,,,,,,,,,,
1780369804.110719,,,MATCH_ACCEPT,135,0,16.037816,13.698333,12.821878,,14.245804,3.262204,7.456405,2.304270,3.700144,1.609515,6,2,,,,,,,,,,,,,,,,,,,,,
1780369804.111223,,,TRACK_DELETE,143,,,,337.721866,,26.238183,,,,1497.233375,1363.581994,0,50,,,,,,,,,,,,,,,,,,,,,
1780369804.110719,,,UI_STATUS_SEND,135,,,,14.017784,194.017784,13.968011,,,,,,7,0,"internal_id=135,ui_id=31",135,31,135,1,-1,47.250000,mono,,,,,,,,,,,,,
1780369804.363361,,,BBOX_REJECT,,0,,,,,,,,,,,,,invalid_clipped_bbox,,,,,,,,,,,2221.000,2385.000,2469.000,2565.000,,,,,,
1780369804.363361,,,TargetLost,135,,,,,,,,,,,,,,not_in_valid_tracks,,,,,,,,,,,,,,,,,,,,
1780369804.635454,,,MATCH_REJECT,135,0,24.258506,14.499167,15.509533,,15.632981,8.822135,7.771918,2.514612,4.485130,1.838145,7,2,,,,,,,,,,,,,,,,,,,,,
1780369804.635454,,,NEW_TRACK,146,0,24.258506,14.499167,,,,,,,1.000000,1.000000,1,0,,,,,,,,,,,,,,,,,,,,,
1780369804.635454,,,TRACK_DELETE,144,,,,336.786441,,22.084583,,,,1532.468804,1532.468804,0,50,,,,,,,,,,,,,,,,,,,,,
1780369804.635454,,,TargetLost,135,,,,,,,,,,,,,,not_in_valid_tracks,,,,,,,,,,,,,,,,,,,,
1780369804.883054,,,MATCH_ACCEPT,146,0,23.692729,16.121667,24.258506,,14.499167,1.718316,6.735646,1.823764,1.663058,1.663058,1,1,,,,,,,,,,,,,,,,,,,,,
1780369804.883559,,,TRACK_DELETE,136,,,,357.091808,,49.159293,,,,682.055758,652.330556,0,50,,,,,,,,,,,,,,,,,,,,,
1780369804.883054,,,TargetLost,135,,,,,,,,,,,,,,not_in_valid_tracks,,,,,,,,,,,,,,,,,,,,
1780369805.096859,,,MATCH_REJECT,135,0,27.183615,17.086458,16.886133,,17.169431,10.297816,8.973714,3.315809,7.509980,3.484610,5,4,,,,,,,,,,,,,,,,,,,,,
1780369805.096859,,,MATCH_ACCEPT,146,1,27.498741,16.185833,24.101749,,15.601993,3.446799,6.189530,2.092487,2.630634,1.747866,2,1,,,,,,,,,,,,,,,,,,,,,
1780369805.097363,,,NEW_TRACK,147,0,27.183615,17.086458,,,,,,,1.000000,1.000000,1,0,,,,,,,,,,,,,,,,,,,,,
1780369805.096859,,,TargetLost,135,,,,,,,,,,,,,,not_in_valid_tracks,,,,,,,,,,,,,,,,,,,,
1780369805.096859,,,TargetSwitch,146,,,,,,,,,,,,,,master_lost,,,,,,,,,,,,,,,,,,,,
1780369805.096859,,,UI_STATUS_SEND,146,,,,25.591144,205.591144,15.995970,,,,,,3,0,"internal_id=146,ui_id=32",146,32,146,1,-1,25.150000,mono,,,,,,,,,,,,,
1780369805.431565,,,MATCH_ACCEPT,147,0,30.761089,17.721250,27.183615,,17.086458,3.633357,6.745451,1.830301,1.675000,1.675000,1,1,,,,,,,,,,,,,,,,,,,,,
1780369805.431565,,,TargetLost,146,,,,,,,,,,,,,,not_in_valid_tracks,,,,,,,,,,,,,,,,,,,,
1780369805.714256,,,MATCH_REJECT,147,0,35.199891,18.945000,28.221872,,17.537430,7.118567,6.379149,2.218900,2.944992,1.978523,2,1,,,,,,,,,,,,,,,,,,,,,
1780369805.714256,,,NEW_TRACK,148,0,35.199891,18.945000,,,,,,,1.000000,1.000000,1,0,,,,,,,,,,,,,,,,,,,,,
1780369805.714256,,,TRACK_DELETE,145,,,,284.402187,,22.748112,,,,1401.839380,1112.468425,0,50,,,,,,,,,,,,,,,,,,,,,
1780369805.714256,,,TargetLost,146,,,,,,,,,,,,,,not_in_valid_tracks,,,,,,,,,,,,,,,,,,,,
1780369805.950643,,,BBOX_CLIPPED,,0,,,,,,,,,,,,,bbox_out_of_image_bounds,,,,,,,,,,,3731.000,498.000,3863.000,590.000,3731.000,498.000,3840.000,590.000,1,0.825758
1780369805.951148,,,MATCH_ACCEPT,148,0,40.488628,21.456667,35.199891,,18.945000,5.854845,6.651043,1.793762,1.608790,1.608790,1,1,,,,,,,,,,,,,,,,,,,,,
1780369805.950643,,,TargetLost,146,,,,,,,,,,,,,,not_in_valid_tracks,,,,,,,,,,,,,,,,,,,,
1780369811.861410,,,MATCH_REJECT,134,0,317.962683,34.826042,16.878459,,1.572906,67.652344,46.897842,29.231361,465.557513,388.914955,0,45,,,,,,,,,,,,,,,,,,,,,
1780369811.861410,,,NEW_TRACK,149,0,317.962683,34.826042,,,,,,,1.000000,1.000000,1,0,,,,,,,,,,,,,,,,,,,,,
1780369811.861410,,,TargetLost,146,,,,,,,,,,,,,,not_in_valid_tracks,,,,,,,,,,,,,,,,,,,,
1780369812.877308,,no_packet,TRACK_DELETE,134,,,,17.837288,,1.145812,,,,602.963875,510.380779,0,50,,,,,,,,,,,,,,,,,,,,,
1780369814.697173,,no_packet,TRACK_DELETE,135,,,,45.178402,,48.746982,,,,595.214810,488.697902,0,50,,,,,,,,,,,,,,,,,,,,,
1780369815.504429,,no_packet,TRACK_DELETE,146,,,,46.903370,,35.709698,,,,1125.937037,896.549401,0,50,,,,,,,,,,,,,,,,,,,,,
1780369815.707343,,no_packet,TRACK_DELETE,147,,,,39.499477,,22.435908,,,,1366.455860,1230.465698,0,50,,,,,,,,,,,,,,,,,,,,,
1780369816.110125,,no_packet,TRACK_DELETE,148,,,,52.752300,,39.462605,,,,1354.207921,1229.926558,1,50,,,,,,,,,,,,,,,,,,,,,
1780369821.992638,,no_packet,TRACK_DELETE,149,,,,317.962683,,34.826042,,,,1362.125706,1362.125706,1,50,,,,,,,,,,,,,,,,,,,,,
1780369822.424962,,,NEW_TRACK,150,0,20.859831,36.196458,,,,,,,1.000000,1.000000,1,0,,,,,,,,,,,,,,,,,,,,,
1780369822.424962,,,TargetLost,146,,,,,,,,,,,,,,not_in_valid_tracks,,,,,,,,,,,,,,,,,,,,
1780369822.779783,,,MATCH_REJECT,150,0,12.620248,34.839792,20.859831,,36.196458,8.350526,5.186151,1.830301,1.675000,1.675000,1,1,,,,,,,,,,,,,,,,,,,,,
1780369822.779783,,,NEW_TRACK,151,0,12.620248,34.839792,,,,,,,1.000000,1.000000,1,0,,,,,,,,,,,,,,,,,,,,,
1780369822.779783,,,NEW_TRACK,152,1,319.287280,23.420625,,,,,,,1.000000,1.000000,1,0,,,,,,,,,,,,,,,,,,,,,
1780369822.779783,,,TargetLost,146,,,,,,,,,,,,,,not_in_valid_tracks,,,,,,,,,,,,,,,,,,,,
1780369823.130788,,,MATCH_ACCEPT,151,0,7.225704,33.400625,12.620248,,34.839792,5.583217,5.796251,1.830301,1.675000,1.675000,1,1,,,,,,,,,,,,,,,,,,,,,
1780369823.130788,,,TargetLost,146,,,,,,,,,,,,,,not_in_valid_tracks,,,,,,,,,,,,,,,,,,,,
1780369826.856189,,,MATCH_ACCEPT,152,0,342.115092,5.608750,319.287280,,23.420625,28.954652,32.064342,18.709561,175.023840,175.023840,0,19,,,,,,,,,,,,,,,,,,,,,
1780369826.856189,,,TargetLost,146,,,,,,,,,,,,,,not_in_valid_tracks,,,,,,,,,,,,,,,,,,,,
1780369827.192423,,,MATCH_ACCEPT,152,0,341.107930,6.905833,342.791296,,4.594304,2.859526,8.476350,2.984233,7.003439,1.902209,1,1,,,,,,,,,,,,,,,,,,,,,
1780369827.192423,,,TargetLost,146,,,,,,,,,,,,,,not_in_valid_tracks,,,,,,,,,,,,,,,,,,,,
1780369827.438226,,,MATCH_ACCEPT,152,0,339.900248,8.262500,343.275738,,4.842680,4.805113,7.394400,2.262933,3.939529,1.181337,2,1,,,,,,,,,,,,,,,,,,,,,
1780369827.438226,,,TargetLost,146,,,,,,,,,,,,,,not_in_valid_tracks,,,,,,,,,,,,,,,,,,,,
1780369827.438226,,,TargetSwitch,152,,,,,,,,,,,,,,master_lost,,,,,,,,,,,,,,,,,,,,
1780369827.438226,,,UI_STATUS_SEND,152,,,,341.970689,161.970689,6.315056,,,,,,3,0,"internal_id=152,ui_id=33",152,33,152,1,-1,47.250000,mono,,,,,,,,,,,,,
1780369827.780684,,,MATCH_ACCEPT,152,0,338.615092,9.280000,343.251358,,5.510781,5.975113,7.016416,2.010944,3.009025,1.034870,3,1,,,,,,,,,,,,,,,,,,,,,
1780369827.780684,,,UI_STATUS_SEND,152,,,,341.744651,161.744651,7.012550,,,,,,4,0,"internal_id=152,ui_id=33",152,33,152,1,-1,51.980000,mono,,,,,,,,,,,,,
1780369828.217347,,,MATCH_REJECT,152,0,336.896993,11.438750,343.696052,,6.128123,8.627281,7.213999,2.169066,3.251012,1.453835,4,2,,,,,,,,,,,,,,,,,,,,,
1780369828.217347,,,NEW_TRACK,153,0,336.896993,11.438750,,,,,,,1.000000,1.000000,1,0,,,,,,,,,,,,,,,,,,,,,
1780369828.217347,,,TargetLost,152,,,,,,,,,,,,,,not_in_valid_tracks,,,,,,,,,,,,,,,,,,,,
1780369828.612723,,,MATCH_ACCEPT,153,0,334.969258,12.392083,336.896993,,11.438750,2.150582,6.745451,1.830301,1.675000,1.675000,1,1,,,,,,,,,,,,,,,,,,,,,
1780369828.612723,,,TargetLost,152,,,,,,,,,,,,,,not_in_valid_tracks,,,,,,,,,,,,,,,,,,,,
1780369832.427269,,,BBOX_CLIPPED,,0,,,,,,,,,,,,,bbox_out_of_image_bounds,,,,,,,,,,,2664.000,1779.000,2900.000,2255.000,2664.000,1779.000,2900.000,2160.000,1,0.800420
1780369832.427269,,,MATCH_ACCEPT,150,0,38.236985,5.423125,20.859831,,36.196458,35.340678,73.314164,47.248976,1116.232874,1116.232874,0,44,,,,,,,,,,,,,,,,,,,,,
1780369832.427269,,,TargetLost,152,,,,,,,,,,,,,,not_in_valid_tracks,,,,,,,,,,,,,,,,,,,,
1780369832.721569,,,BBOX_CLIPPED,,0,,,,,,,,,,,,,bbox_out_of_image_bounds,,,,,,,,,,,1854.000,2059.000,1974.000,2303.000,1854.000,2059.000,1974.000,2160.000,1,0.413934
1780369832.721569,,,MATCH_ACCEPT,150,0,34.281256,4.781458,38.720676,,4.521000,4.447054,6.726715,1.817810,2.503030,0.801404,1,1,,,,,,,,,,,,,,,,,,,,,
1780369832.721569,,,TargetLost,152,,,,,,,,,,,,,,not_in_valid_tracks,,,,,,,,,,,,,,,,,,,,
1780369833.025634,,,MATCH_ACCEPT,151,0,9.157995,36.191875,345.914829,,20.563464,28.008785,71.137255,44.758170,1063.693562,939.600215,0,44,,,,,,,,,,,,,,,,,,,,,
1780369833.025634,,,TargetLost,152,,,,,,,,,,,,,,not_in_valid_tracks,,,,,,,,,,,,,,,,,,,,
1780369833.304390,,,BBOX_REJECT,,0,,,,,,,,,,,,,invalid_clipped_bbox,,,,,,,,,,,1314.000,2390.000,1446.000,2482.000,,,,,,
1780369833.304390,,,TargetLost,152,,,,,,,,,,,,,,not_in_valid_tracks,,,,,,,,,,,,,,,,,,,,
1780369835.080467,,,MATCH_REJECT,151,0,357.941980,22.650625,9.134297,,37.035694,18.226304,11.581326,6.120417,22.309910,15.149597,1,9,,,,,,,,,,,,,,,,,,,,,
1780369835.080467,,,NEW_TRACK,154,0,357.941980,22.650625,,,,,,,1.000000,1.000000,1,0,,,,,,,,,,,,,,,,,,,,,
1780369835.080467,,,TargetLost,152,,,,,,,,,,,,,,not_in_valid_tracks,,,,,,,,,,,,,,,,,,,,
1780369835.313213,,,MATCH_REJECT,150,1,34.085633,21.390208,41.209326,,-3.996285,26.367045,14.639381,7.119320,26.928947,23.755775,0,11,,,,,,,,,,,,,,,,,,,,,
1780369835.313213,,,MATCH_ACCEPT,154,0,356.287683,21.752292,357.941980,,22.650625,1.882472,5.077015,1.784210,1.591703,1.591703,1,1,,,,,,,,,,,,,,,,,,,,,
1780369835.313717,,,NEW_TRACK,155,1,34.085633,21.390208,,,,,,,1.000000,1.000000,1,0,,,,,,,,,,,,,,,,,,,,,
1780369835.313213,,,TargetLost,152,,,,,,,,,,,,,,not_in_valid_tracks,,,,,,,,,,,,,,,,,,,,
1780369835.623957,,,BBOX_CLIPPED,,0,,,,,,,,,,,,,bbox_out_of_image_bounds,,,,,,,,,,,3355.000,-50.000,3603.000,130.000,3355.000,0.000,3603.000,130.000,1,0.722222
1780369835.623957,,,MATCH_REJECT,150,1,41.413418,14.152083,41.600144,,-4.891196,19.044195,15.728042,7.845095,32.518393,29.027120,0,12,,,,,,,,,,,,,,,,,,,,,
1780369835.623957,,,MATCH_ACCEPT,155,0,29.965841,18.947292,34.085633,,21.390208,4.789627,5.146151,1.830301,1.675000,1.675000,1,1,,,,,,,,,,,,,,,,,,,,,
1780369835.623957,,,NEW_TRACK,156,1,41.413418,14.152083,,,,,,,1.000000,1.000000,1,0,,,,,,,,,,,,,,,,,,,,,
1780369835.623957,,,TargetLost,152,,,,,,,,,,,,,,not_in_valid_tracks,,,,,,,,,,,,,,,,,,,,
1780369835.994037,,,MATCH_ACCEPT,151,0,357.901485,37.704375,9.177040,,37.367407,11.280589,14.520738,8.080025,36.808772,28.478040,0,12,,,,,,,,,,,,,,,,,,,,,
1780369835.994037,,,TargetLost,152,,,,,,,,,,,,,,not_in_valid_tracks,,,,,,,,,,,,,,,,,,,,
1780369836.727434,,,MATCH_ACCEPT,156,0,36.696621,13.606667,41.413418,,14.152083,4.748226,10.533213,4.355475,9.485083,9.485083,0,4,,,,,,,,,,,,,,,,,,,,,
1780369836.726928,,,TargetLost,152,,,,,,,,,,,,,,not_in_valid_tracks,,,,,,,,,,,,,,,,,,,,
1780369837.239003,,,MATCH_ACCEPT,156,0,32.645189,12.492917,37.308293,,13.475986,4.765603,9.101573,3.401049,8.312115,3.255017,1,2,,,,,,,,,,,,,,,,,,,,,
1780369837.239003,,,TargetLost,152,,,,,,,,,,,,,,not_in_valid_tracks,,,,,,,,,,,,,,,,,,,,
1780369837.596080,,,MATCH_ACCEPT,155,0,28.766933,11.924583,27.835926,,15.055530,3.266436,13.139395,7.159130,28.687197,22.565950,0,7,,,,,,,,,,,,,,,,,,,,,
1780369837.596080,,,TargetLost,152,,,,,,,,,,,,,,not_in_valid_tracks,,,,,,,,,,,,,,,,,,,,
1780369838.165062,,,MATCH_ACCEPT,153,0,315.076342,19.854792,331.223013,,18.307455,16.220642,67.448453,42.298969,944.304305,844.898460,0,40,,,,,,,,,,,,,,,,,,,,,
1780369838.165062,,,MATCH_ACCEPT,155,1,26.615892,11.952083,27.678768,,9.909181,2.302859,6.213690,2.108593,3.347924,1.098240,1,2,,,,,,,,,,,,,,,,,,,,,
1780369838.164557,,,TargetLost,152,,,,,,,,,,,,,,not_in_valid_tracks,,,,,,,,,,,,,,,,,,,,
1780369838.649263,,,BBOX_REJECT,,0,,,,,,,,,,,,,invalid_clipped_bbox,,,,,,,,,,,1792.000,2347.000,2040.000,2527.000,,,,,,
1780369838.649263,,,MATCH_ACCEPT,151,0,343.374037,40.284792,351.001221,,39.005195,7.733777,10.505124,5.402949,17.951520,11.240342,0,10,,,,,,,,,,,,,,,,,,,,,
1780369838.649263,,,MATCH_ACCEPT,153,1,314.830248,23.530625,314.003470,,20.272338,3.361547,7.132996,3.154864,7.573009,2.380159,1,2,,,,,,,,,,,,,,,,,,,,,
1780369838.649263,,,MATCH_REJECT,154,2,316.215665,22.503958,354.325791,,19.238991,38.249728,20.655431,12.169821,80.511370,67.593164,0,12,,,,,,,,,,,,,,,,,,,,,
1780369838.649263,,,NEW_TRACK,157,2,316.215665,22.503958,,,,,,,1.000000,1.000000,1,0,,,,,,,,,,,,,,,,,,,,,
1780369838.649263,,,TargetLost,152,,,,,,,,,,,,,,not_in_valid_tracks,,,,,,,,,,,,,,,,,,,,
1780369838.882361,,,MATCH_REJECT,151,4,320.285327,19.896042,342.774736,,40.491207,30.494825,5.012488,1.741192,2.324941,0.706809,1,1,,,,,,,,,,,,,,,,,,,,,
1780369838.882361,,,MATCH_REJECT,153,3,319.629077,20.326875,314.084844,,23.536435,6.406231,4.887074,1.657583,2.028504,0.719077,2,1,,,,,,,,,,,,,,,,,,,,,
1780369838.882361,,,MATCH_REJECT,154,0,321.508959,19.018333,354.081539,,19.008556,32.572581,22.189627,13.192618,94.383698,79.661466,0,13,,,,,,,,,,,,,,,,,,,,,
1780369838.882361,,,MATCH_ACCEPT,155,1,21.547581,12.030000,25.406219,,8.502364,5.228126,7.510441,2.340294,3.817052,1.659923,1,3,,,,,,,,,,,,,,,,,,,,,
1780369838.882361,,,MATCH_ACCEPT,157,2,318.936368,20.766875,316.215665,,22.503958,3.227954,5.076419,1.783813,1.590994,1.590994,1,1,,,,,,,,,,,,,,,,,,,,,
1780369838.882361,,,NEW_TRACK,158,0,321.508959,19.018333,,,,,,,1.000000,1.000000,1,0,,,,,,,,,,,,,,,,,,,,,
1780369838.882361,,,NEW_TRACK,159,3,319.629077,20.326875,,,,,,,1.000000,1.000000,1,0,,,,,,,,,,,,,,,,,,,,,
1780369838.882361,,,NEW_TRACK,160,4,320.285327,19.896042,,,,,,,1.000000,1.000000,1,0,,,,,,,,,,,,,,,,,,,,,
1780369838.881856,,,TargetLost,152,,,,,,,,,,,,,,not_in_valid_tracks,,,,,,,,,,,,,,,,,,,,
1780369839.381838,,,BBOX_CLIPPED,,0,,,,,,,,,,,,,bbox_out_of_image_bounds,,,,,,,,,,,2972.000,-50.000,3220.000,130.000,2972.000,0.000,3220.000,130.000,1,0.722222
1780369839.382344,,,MATCH_REJECT,151,1,327.129675,42.652083,340.068793,,41.003102,13.043769,5.835085,2.289590,3.741578,1.500644,0,3,,,,,,,,,,,,,,,,,,,,,
1780369839.382344,,,MATCH_ACCEPT,155,0,20.576878,11.227917,22.432239,,9.226380,2.729196,7.571469,2.380979,3.967905,1.701157,2,2,,,,,,,,,,,,,,,,,,,,,
1780369839.382344,,,NEW_TRACK,161,1,327.129675,42.652083,,,,,,,1.000000,1.000000,1,0,,,,,,,,,,,,,,,,,,,,,
1780369839.381838,,,TargetLost,152,,,,,,,,,,,,,,not_in_valid_tracks,,,,,,,,,,,,,,,,,,,,
1780369839.381838,,,TargetSwitch,155,,,,,,,,,,,,,,master_lost,,,,,,,,,,,,,,,,,,,,
1780369839.381838,,,UI_STATUS_SEND,155,,,,21.711749,201.711749,10.269666,,,,,,3,0,"internal_id=155,ui_id=34",155,34,155,1,-1,97.460000,mono,,,,,,,,,,,,,
1780369839.753275,,,BBOX_CLIPPED,,0,,,,,,,,,,,,,bbox_out_of_image_bounds,,,,,,,,,,,720.000,2054.000,968.000,2234.000,720.000,2054.000,968.000,2160.000,1,0.588889
1780369839.753275,,,MATCH_ACCEPT,155,1,19.879613,10.088958,20.784389,,9.848469,0.936192,6.207673,2.104582,3.207209,1.222055,3,1,,,,,,,,,,,,,,,,,,,,,
1780369839.753275,,,MATCH_ACCEPT,156,0,29.404954,4.792917,24.709653,,10.695709,7.542467,14.209833,6.806555,30.855274,15.473920,0,9,,,,,,,,,,,,,,,,,,,,,
1780369839.753275,,,UI_STATUS_SEND,155,,,,20.343150,200.343150,9.990832,,,,,,4,0,"internal_id=155,ui_id=34",155,34,155,1,-1,97.460000,mono,,,,,,,,,,,,,
1780369840.092776,,,BBOX_REJECT,,0,,,,,,,,,,,,,invalid_clipped_bbox,,,,,,,,,,,3934.000,581.000,3973.000,632.000,,,,,,
1780369840.092776,,,BBOX_REJECT,,0,,,,,,,,,,,,,invalid_clipped_bbox,,,,,,,,,,,448.000,2318.000,696.000,2498.000,,,,,,
1780369840.092776,,,MATCH_ACCEPT,155,0,19.501357,9.270833,19.358636,,9.594732,0.353949,5.646036,1.730157,2.205748,0.787696,4,1,,,,,,,,,,,,,,,,,,,,,
1780369840.092776,,,TRACK_DELETE,152,,,,30.827889,,-15.233297,,,,642.292633,600.551250,0,50,,,,,,,,,,,,,,,,,,,,,
1780369840.092776,,,UI_STATUS_SEND,155,,,,19.415103,199.415103,9.438210,,,,,,5,0,"internal_id=155,ui_id=34",155,34,155,1,-1,25.150000,mono,,,,,,,,,,,,,
1780369840.364507,,,MATCH_REJECT,155,1,39.467454,7.914167,18.438265,,9.012072,21.057830,6.373494,1.582330,1.828746,0.675021,5,1,,,,,,,,,,,,,,,,,,,,,
1780369840.364507,,,MATCH_REJECT,156,0,42.548183,8.106667,26.922004,,3.713799,16.231905,8.743174,3.162116,7.572132,2.426847,0,2,,,,,,,,,,,,,,,,,,,,,
1780369840.364507,,,NEW_TRACK,162,0,42.548183,8.106667,,,,,,,1.000000,1.000000,1,0,,,,,,,,,,,,,,,,,,,,,
1780369840.364507,,,NEW_TRACK,163,1,39.467454,7.914167,,,,,,,1.000000,1.000000,1,0,,,,,,,,,,,,,,,,,,,,,
1780369840.364002,,,TargetLost,155,,,,,,,,,,,,,,not_in_valid_tracks,,,,,,,,,,,,,,,,,,,,
1780369840.763580,,,MATCH_ACCEPT,155,0,19.095758,8.450417,17.461426,,8.585933,1.639941,6.839165,1.892777,2.503619,1.078985,4,2,,,,,,,,,,,,,,,,,,,,,
1780369840.763580,,,UI_STATUS_SEND,155,,,,17.928861,197.928861,8.530578,,,,,,5,0,"internal_id=155,ui_id=34",155,34,155,1,-1,25.150000,mono,,,,,,,,,,,,,
1780369841.003898,,,MATCH_ACCEPT,155,1,17.336644,7.552083,17.056361,,8.111266,0.625495,6.770855,1.847237,2.417213,0.995071,5,1,,,,,,,,,,,,,,,,,,,,,
1780369841.003898,,,MATCH_ACCEPT,163,0,37.621751,8.546667,39.467454,,7.914167,1.951071,7.974676,2.649784,3.510678,3.510678,0,2,,,,,,,,,,,,,,,,,,,,,
1780369841.003394,,,UI_STATUS_SEND,155,,,,17.134530,197.134530,7.893706,,,,,,6,0,"internal_id=155,ui_id=34",155,34,155,1,-1,25.150000,mono,,,,,,,,,,,,,
1780369841.286963,,,MATCH_ACCEPT,163,0,35.602871,9.898750,38.569778,,8.506026,3.277533,6.909164,2.572243,4.374879,2.241555,1,1,,,,,,,,,,,,,,,,,,,,,
1780369841.286458,,,TargetLost,155,,,,,,,,,,,,,,not_in_valid_tracks,,,,,,,,,,,,,,,,,,,,
1780369841.666267,,,BBOX_REJECT,,0,,,,,,,,,,,,,invalid_clipped_bbox,,,,,,,,,,,3395.000,2366.000,3643.000,2546.000,,,,,,
1780369841.666267,,,MATCH_ACCEPT,155,1,15.404352,7.442083,15.337853,,6.934974,0.511451,7.247292,2.164862,3.224873,1.461753,5,2,,,,,,,,,,,,,,,,,,,,,
1780369841.666267,,,MATCH_ACCEPT,163,0,33.711595,10.875000,36.167520,,10.001941,2.606492,7.182271,2.147914,3.364233,1.249301,2,1,,,,,,,,,,,,,,,,,,,,,
1780369841.666267,,,UI_STATUS_SEND,155,,,,15.360487,195.360487,7.180082,,,,,,6,0,"internal_id=155,ui_id=34",155,34,155,1,-1,25.150000,mono,,,,,,,,,,,,,
1780369842.160790,,,BBOX_CLIPPED,,0,,,,,,,,,,,,,bbox_out_of_image_bounds,,,,,,,,,,,2899.000,2124.000,3147.000,2304.000,2899.000,2124.000,3147.000,2160.000,1,0.200000
1780369842.160790,,,MATCH_ACCEPT,156,1,20.585993,4.632500,22.033239,,-0.968154,5.784621,12.388276,5.592184,20.928991,10.343529,0,8,,,,,,,,,,,,,,,,,,,,,
1780369842.160790,,,MATCH_ACCEPT,163,0,31.774746,11.576250,33.573053,,11.496175,1.800089,7.047607,2.664538,5.037414,2.062348,3,2,,,,,,,,,,,,,,,,,,,,,
1780369842.160790,,,TargetLost,155,,,,,,,,,,,,,,not_in_valid_tracks,,,,,,,,,,,,,,,,,,,,
1780369842.160790,,,TargetSwitch,163,,,,,,,,,,,,,,master_lost,,,,,,,,,,,,,,,,,,,,
1780369842.160790,,,UI_STATUS_SEND,163,,,,32.495481,212.495481,11.553029,,,,,,4,0,"internal_id=163,ui_id=35",163,35,163,1,-1,97.460000,mono,,,,,,,,,,,,,
1780369842.445258,,,MATCH_ACCEPT,155,0,13.540420,7.542917,12.836760,,5.953999,1.737756,7.983939,2.655959,4.765253,2.288867,5,3,,,,,,,,,,,,,,,,,,,,,
1780369842.445258,,,MATCH_ACCEPT,163,1,34.301764,9.758958,31.339454,,12.172128,3.820820,6.056288,2.003659,2.992388,1.022261,4,1,,,,,,,,,,,,,,,,,,,,,
1780369842.445258,,,UI_STATUS_SEND,163,,,,32.732859,212.732859,10.849102,,,,,,5,0,"internal_id=163,ui_id=35",163,35,163,1,-1,159.930000,mono,,,,,,,,,,,,,
1780369842.677216,,,MATCH_ACCEPT,156,1,16.511774,6.358125,19.119170,,3.311262,4.010223,8.523926,3.015951,6.789417,2.306542,0,2,,,,,,,,,,,,,,,,,,,,,
1780369842.677216,,,MATCH_ACCEPT,163,0,29.828782,12.305000,31.889964,,11.145892,2.364741,5.006508,1.737205,2.250258,0.767624,5,1,,,,,,,,,,,,,,,,,,,,,
1780369842.677216,,,UI_STATUS_SEND,163,,,,30.817567,210.817567,11.837598,,,,,,6,0,"internal_id=163,ui_id=35",163,35,163,1,-1,97.460000,mono,,,,,,,,,,,,,
1780369842.992474,,,MATCH_ACCEPT,155,0,10.318415,8.070000,11.489636,,6.353462,2.078043,7.792404,2.528269,4.509113,1.883033,5,2,,,,,,,,,,,,,,,,,,,,,
1780369842.992474,,,TargetLost,163,,,,,,,,,,,,,,not_in_valid_tracks,,,,,,,,,,,,,,,,,,,,
1780369842.992474,,,TargetSwitch,155,,,,,,,,,,,,,,master_lost,,,,,,,,,,,,,,,,,,,,
1780369842.992474,,,UI_STATUS_SEND,155,,,,10.998780,190.998780,7.291575,,,,,,6,0,"internal_id=155,ui_id=34",155,34,155,1,-1,25.150000,mono,,,,,,,,,,,,,
1780369843.202725,,,MATCH_ACCEPT,155,2,8.809951,8.255625,10.228099,,7.179366,1.780302,7.166455,2.110970,3.274232,1.181961,6,1,,,,,,,,,,,,,,,,,,,,,
1780369843.202725,,,MATCH_ACCEPT,156,1,15.108128,7.295417,15.821436,,5.010376,2.393787,6.891090,2.560193,4.789253,1.765336,0,2,,,,,,,,,,,,,,,,,,,,,
1780369843.202725,,,MATCH_ACCEPT,162,3,26.397142,12.309583,42.548183,,8.106667,16.688938,19.706003,11.103469,61.643511,61.643511,0,10,,,,,,,,,,,,,,,,,,,,,
1780369843.202725,,,MATCH_ACCEPT,163,0,28.115241,12.341667,28.810188,,12.710623,0.786817,5.665455,1.743103,2.156529,0.881881,5,2,,,,,,,,,,,,,,,,,,,,,
1780369843.202725,,,UI_STATUS_SEND,155,,,,9.740569,189.740569,7.642880,,,,,,7,0,"internal_id=155,ui_id=34",155,34,155,1,-1,155.930000,mono,,,,,,,,,,,,,
1780369843.481987,,,MATCH_ACCEPT,155,0,8.233452,8.741458,8.764534,,7.585847,1.271804,5.376711,1.957340,2.817640,1.013542,7,1,,,,,,,,,,,,,,,,,,,,,
1780369843.481987,,,UI_STATUS_SEND,155,,,,8.462972,188.462972,8.341658,,,,,,8,0,"internal_id=155,ui_id=34",155,34,155,1,-1,155.930000,mono,,,,,,,,,,,,,
1780369843.721798,,,MATCH_ACCEPT,155,1,7.467827,8.901875,7.490158,,8.415505,0.486882,4.671771,1.487381,1.636725,0.575577,8,1,,,,,,,,,,,,,,,,,,,,,
1780369843.721798,,,MATCH_ACCEPT,156,0,8.140029,8.205208,13.252913,,6.915009,5.273158,7.220519,2.147013,3.285447,1.324216,0,2,,,,,,,,,,,,,,,,,,,,,
1780369843.721798,,,UI_STATUS_SEND,155,,,,7.480492,187.480492,8.667319,,,,,,9,0,"internal_id=155,ui_id=34",155,34,155,1,-1,155.930000,mono,,,,,,,,,,,,,
1780369843.979260,,,BBOX_REJECT,,1,,,,,,,,,,,,,invalid_clipped_bbox,,,,,,,,,,,3855.000,277.000,4103.000,457.000,,,,,,
1780369843.979260,,,BBOX_REJECT,,0,,,,,,,,,,,,,invalid_clipped_bbox,,,,,,,,,,,2226.000,2196.000,2462.000,2672.000,,,,,,
1780369843.979765,,,MATCH_ACCEPT,155,1,7.811904,8.794167,6.464980,,8.796883,1.346927,4.465470,1.349846,1.318607,0.503478,9,1,,,,,,,,,,,,,,,,,,,,,
1780369843.979765,,,MATCH_ACCEPT,156,0,14.474665,8.629167,10.170228,,7.800777,4.383424,5.430977,1.993518,2.859461,1.114654,1,1,,,,,,,,,,,,,,,,,,,,,
1780369843.979260,,,UI_STATUS_SEND,155,,,,6.977829,186.977829,8.795568,,,,,,10,0,"internal_id=155,ui_id=34",155,34,155,1,-1,97.460000,mono,,,,,,,,,,,,,
1780369844.282549,,,MATCH_ACCEPT,155,0,7.404025,9.500000,6.043780,,8.924824,1.476853,5.003529,1.301819,1.204342,0.490392,10,1,,,,,,,,,,,,,,,,,,,,,
1780369844.282549,,,MATCH_ACCEPT,156,1,13.877659,11.044583,11.637906,,8.760955,3.198664,6.279346,1.519564,1.695477,0.613598,2,1,,,,,,,,,,,,,,,,,,,,,
1780369844.282549,,,MATCH_ACCEPT,162,2,21.164105,14.641250,20.844982,,13.982795,0.731712,8.908750,3.298900,7.815105,3.067635,0,4,,,,,,,,,,,,,,,,,,,,,
1780369844.282043,,,UI_STATUS_SEND,155,,,,6.401964,186.401964,9.136469,,,,,,11,0,"internal_id=155,ui_id=34",155,34,155,1,-1,25.150000,mono,,,,,,,,,,,,,
1780369844.629180,,,MATCH_ACCEPT,155,1,7.848362,9.651250,5.529806,,9.317483,2.342457,6.066294,1.377529,1.325240,0.572346,11,1,,,,,,,,,,,,,,,,,,,,,
1780369844.629180,,,MATCH_ACCEPT,162,0,20.512412,15.053750,19.428895,,14.924843,1.091159,7.556911,2.397674,4.295267,1.453574,1,1,,,,,,,,,,,,,,,,,,,,,
1780369844.629180,,,UI_STATUS_SEND,155,,,,5.935423,185.935423,9.406965,,,,,,12,0,"internal_id=155,ui_id=34",155,34,155,1,-1,97.460000,mono,,,,,,,,,,,,,
1780369844.937477,,,BBOX_CLIPPED,,0,,,,,,,,,,,,,bbox_out_of_image_bounds,,,,,,,,,,,1738.000,1958.000,1858.000,2202.000,1738.000,1958.000,1858.000,2160.000,1,0.827869
1780369844.938005,,,MATCH_REJECT,155,2,7.692305,14.705417,5.135108,,9.609335,5.701693,5.350655,1.533237,1.617381,0.733434,12,1,,,,,,,,,,,,,,,,,,,,,
1780369844.938005,,,MATCH_ACCEPT,156,3,8.249404,10.787917,10.276161,,10.484405,2.049357,6.940026,1.960018,2.637737,1.203932,2,2,,,,,,,,,,,,,,,,,,,,,
1780369844.938005,,,MATCH_ACCEPT,162,0,12.460342,12.749583,18.328768,,15.500214,6.481080,7.075963,2.077042,3.208390,1.105714,2,1,,,,,,,,,,,,,,,,,,,,,
1780369844.938005,,,MATCH_ACCEPT,163,1,19.136110,14.512917,21.776402,,15.101467,2.705094,9.383256,3.588837,8.030629,4.849125,1,6,,,,,,,,,,,,,,,,,,,,,
1780369844.938005,,,NEW_TRACK,164,2,7.692305,14.705417,,,,,,,1.000000,1.000000,1,0,,,,,,,,,,,,,,,,,,,,,
1780369844.937477,,,TargetLost,155,,,,,,,,,,,,,,not_in_valid_tracks,,,,,,,,,,,,,,,,,,,,
1780369844.937477,,,TargetSwitch,156,,,,,,,,,,,,,,master_lost,,,,,,,,,,,,,,,,,,,,
1780369844.937477,,,UI_STATUS_SEND,156,,,,9.674652,189.674652,10.616491,,,,,,3,0,"internal_id=156,ui_id=36",156,36,156,1,-1,47.250000,mono,,,,,,,,,,,,,
1780369845.297232,,,BBOX_CLIPPED,,0,,,,,,,,,,,,,bbox_out_of_image_bounds,,,,,,,,,,,1381.000,2058.000,1501.000,2302.000,1381.000,2058.000,1501.000,2160.000,1,0.418033
1780369845.297232,,,MATCH_ACCEPT,156,3,9.201878,11.791667,8.662039,,11.182902,0.813647,6.867921,1.911947,2.579883,1.075658,3,1,,,,,,,,,,,,,,,,,,,,,
1780369845.298232,,,MATCH_ACCEPT,162,2,10.277399,13.460000,14.531014,,14.657220,4.418889,6.891001,1.927334,2.727954,0.986663,3,1,,,,,,,,,,,,,,,,,,,,,
1780369845.298232,,,MATCH_ACCEPT,163,0,17.509157,14.283750,18.984226,,15.027786,1.652095,7.669101,2.472467,4.484991,1.628104,2,1,,,,,,,,,,,,,,,,,,,,,
1780369845.298232,,,MATCH_ACCEPT,164,1,5.349857,15.493750,7.692305,,14.705417,2.471544,6.745451,1.830301,1.675000,1.675000,1,1,,,,,,,,,,,,,,,,,,,,,
1780369845.297232,,,UI_STATUS_SEND,156,,,,8.819767,188.819767,11.431114,,,,,,4,0,"internal_id=156,ui_id=36",156,36,156,1,-1,25.150000,mono,,,,,,,,,,,,,
1780369845.589216,,,BBOX_CLIPPED,,0,,,,,,,,,,,,,bbox_out_of_image_bounds,,,,,,,,,,,833.000,2153.000,953.000,2397.000,833.000,2153.000,953.000,2160.000,1,0.028689
1780369845.589216,,,MATCH_ACCEPT,163,0,15.011761,14.066042,16.981287,,14.960414,2.163084,7.123821,2.108947,3.318017,1.129642,3,1,,,,,,,,,,,,,,,,,,,,,
1780369845.589216,,,MATCH_ACCEPT,164,1,2.797774,16.121667,7.012478,,15.265468,4.300791,6.379149,2.218900,2.944992,1.978523,2,1,,,,,,,,,,,,,,,,,,,,,
1780369845.589216,,,TargetLost,156,,,,,,,,,,,,,,not_in_valid_tracks,,,,,,,,,,,,,,,,,,,,
1780369845.589216,,,TargetSwitch,164,,,,,,,,,,,,,,master_lost,,,,,,,,,,,,,,,,,,,,
1780369845.589216,,,UI_STATUS_SEND,164,,,,5.046730,185.046730,15.866001,,,,,,3,0,"internal_id=164,ui_id=37",164,37,164,1,-1,51.980000,mono,,,,,,,,,,,,,
1780369845.805290,,,BBOX_CLIPPED,,0,,,,,,,,,,,,,bbox_out_of_image_bounds,,,,,,,,,,,268.000,2093.000,332.000,2213.000,268.000,2093.000,332.000,2160.000,1,0.558333
1780369845.805290,,,MATCH_ACCEPT,162,1,8.439701,14.989583,9.629378,,14.614307,1.247463,7.172172,2.141181,3.202731,1.381928,3,2,,,,,,,,,,,,,,,,,,,,,
1780369845.805290,,,MATCH_ACCEPT,163,0,12.309287,14.203542,15.027057,,14.801861,2.782850,6.816182,1.903855,2.698518,0.926145,4,1,,,,,,,,,,,,,,,,,,,,,
1780369845.805290,,,TargetLost,164,,,,,,,,,,,,,,not_in_valid_tracks,,,,,,,,,,,,,,,,,,,,
1780369845.805290,,,TargetSwitch,162,,,,,,,,,,,,,,master_lost,,,,,,,,,,,,,,,,,,,,
1780369845.805290,,,UI_STATUS_SEND,162,,,,9.220333,189.220333,14.792524,,,,,,4,0,"internal_id=162,ui_id=38",162,38,162,1,-1,47.250000,mono,,,,,,,,,,,,,
1780369846.105601,,,MATCH_ACCEPT,164,0,0.532800,16.662500,3.356995,,16.612874,2.824631,8.178662,2.812174,5.279367,2.628958,2,2,,,,,,,,,,,,,,,,,,,,,
1780369846.105601,,,TargetLost,162,,,,,,,,,,,,,,not_in_valid_tracks,,,,,,,,,,,,,,,,,,,,
1780369846.105601,,,TargetSwitch,164,,,,,,,,,,,,,,master_lost,,,,,,,,,,,,,,,,,,,,
1780369846.105601,,,UI_STATUS_SEND,164,,,,2.048132,182.048132,16.644258,,,,,,3,0,"internal_id=164,ui_id=37",164,37,164,1,-1,51.980000,mono,,,,,,,,,,,,,
1780369846.415914,,,MATCH_ACCEPT,158,2,323.115405,19.093958,321.508959,,19.018333,1.608224,48.092773,30.461382,463.947889,463.947889,0,26,,,,,,,,,,,,,,,,,,,,,
1780369846.415914,,,MATCH_ACCEPT,159,0,320.403816,21.697292,319.629077,,20.326875,1.574250,48.092773,30.461382,463.947889,463.947889,0,26,,,,,,,,,,,,,,,,,,,,,
1780369846.415914,,,MATCH_ACCEPT,160,3,322.677905,20.526250,320.285327,,19.896042,2.474185,48.092773,30.461382,463.947889,463.947889,0,26,,,,,,,,,,,,,,,,,,,,,
1780369846.416914,,,MATCH_ACCEPT,164,1,358.586836,16.731250,0.803556,,17.054440,2.240155,7.752632,2.528155,4.623821,1.767744,3,1,,,,,,,,,,,,,,,,,,,,,
1780369846.416914,,,TRACK_DELETE,150,,,,55.728900,,-37.243837,,,,895.524254,865.491406,0,50,,,,,,,,,,,,,,,,,,,,,
1780369846.415914,,,UI_STATUS_SEND,164,,,,359.848850,179.848850,16.881092,,,,,,4,0,"internal_id=164,ui_id=37",164,37,164,1,-1,26.430000,mono,,,,,,,,,,,,,
1780369846.689746,,,MATCH_ACCEPT,158,1,323.083504,19.071042,323.176135,,19.097080,0.096222,5.057005,1.770870,2.408790,0.727189,1,1,,,,,,,,,,,,,,,,,,,,,
1780369846.689746,,,MATCH_ACCEPT,159,2,322.718920,20.537708,320.433105,,21.753864,2.589206,5.057005,1.770870,2.408790,0.727189,1,1,,,,,,,,,,,,,,,,,,,,,
1780369846.689746,,,MATCH_ACCEPT,160,0,325.503426,19.162708,322.768354,,20.552266,3.067814,5.057005,1.770870,2.408790,0.727189,1,1,,,,,,,,,,,,,,,,,,,,,
1780369846.689746,,,MATCH_ACCEPT,164,3,357.046472,16.447083,358.395899,,17.246465,1.568427,7.495787,2.330525,4.026389,1.404957,4,1,,,,,,,,,,,,,,,,,,,,,
1780369846.689746,,,UI_STATUS_SEND,164,,,,357.867180,177.867180,16.867994,,,,,,5,0,"internal_id=164,ui_id=37",164,37,164,1,-1,51.980000,mono,,,,,,,,,,,,,
1780369847.091658,,,BBOX_REJECT,,0,,,,,,,,,,,,,invalid_clipped_bbox,,,,,,,,,,,1032.000,2369.000,1280.000,2549.000,,,,,,
1780369847.091658,,,MATCH_ACCEPT,162,0,355.428633,15.988750,1.262561,,15.826982,5.836170,8.657097,3.104731,6.280720,3.358636,1,4,,,,,,,,,,,,,,,,,,,,,
1780369847.091658,,,MATCH_ACCEPT,164,1,354.138920,15.576250,356.313194,,17.146218,2.681840,7.248046,2.191764,3.584484,1.219347,5,1,,,,,,,,,,,,,,,,,,,,,
1780369847.091658,,,UI_STATUS_SEND,164,,,,355.509448,175.509448,16.449434,,,,,,6,0,"internal_id=164,ui_id=37",164,37,164,1,-1,47.250000,mono,,,,,,,,,,,,,
1780369847.377809,,,BBOX_CLIPPED,,0,,,,,,,,,,,,,bbox_out_of_image_bounds,,,,,,,,,,,1597.000,2064.000,1845.000,2244.000,1597.000,2064.000,1845.000,2160.000,1,0.533333
1780369847.377809,,,MATCH_ACCEPT,156,1,0.063399,14.270000,2.032094,,15.649380,2.403840,10.481690,4.321126,11.698915,6.973219,0,7,,,,,,,,,,,,,,,,,,,,,
1780369847.377809,,,MATCH_ACCEPT,163,0,6.124597,19.898333,6.395605,,15.663419,4.243577,7.993411,3.295074,6.958840,3.898671,1,5,,,,,,,,,,,,,,,,,,,,,
1780369847.377809,,,TargetLost,164,,,,,,,,,,,,,,not_in_valid_tracks,,,,,,,,,,,,,,,,,,,,
1780369847.653620,,,BBOX_CLIPPED,,0,,,,,,,,,,,,,bbox_out_of_image_bounds,,,,,,,,,,,-4.000,2042.000,60.000,2162.000,0.000,2042.000,60.000,2160.000,1,0.921875
1780369847.653620,,,BBOX_CLIPPED,,0,,,,,,,,,,,,,bbox_out_of_image_bounds,,,,,,,,,,,1375.000,2063.000,1623.000,2243.000,1375.000,2063.000,1623.000,2160.000,1,0.538889
1780369847.653620,,,BBOX_CLIPPED,,0,,,,,,,,,,,,,bbox_out_of_image_bounds,,,,,,,,,,,1467.000,2088.000,1715.000,2268.000,1467.000,2088.000,1715.000,2160.000,1,0.400000
1780369847.653620,,,BBOX_CLIPPED,,0,,,,,,,,,,,,,bbox_out_of_image_bounds,,,,,,,,,,,3536.000,2102.000,3784.000,2282.000,3536.000,2102.000,3784.000,2160.000,1,0.322222
1780369847.654622,,,MATCH_ACCEPT,154,4,347.846988,14.182917,346.420192,,11.780583,2.794092,75.507964,48.738176,1253.275573,1122.134217,0,43,,,,,,,,,,,,,,,,,,,,,
1780369847.654622,,,MATCH_ACCEPT,156,3,359.470951,14.215000,359.627360,,15.000212,0.800638,7.905132,2.603421,5.070495,1.707308,1,1,,,,,,,,,,,,,,,,,,,,,
1780369847.654622,,,MATCH_ACCEPT,157,2,340.852380,4.772292,329.990731,,7.221881,11.134447,52.313045,33.274897,588.265804,518.952945,0,30,,,,,,,,,,,,,,,,,,,,,
1780369847.654622,,,MATCH_ACCEPT,163,1,4.019128,22.295417,4.632432,,19.868091,2.503608,6.974782,1.983188,2.926315,1.006721,2,1,,,,,,,,,,,,,,,,,,,,,
1780369847.654622,,,MATCH_ACCEPT,164,0,352.357019,14.320417,352.124455,,16.709613,2.400489,7.703560,2.469040,4.421062,1.675097,5,2,,,,,,,,,,,,,,,,,,,,,
1780369847.653620,,,UI_STATUS_SEND,164,,,,352.220807,172.220807,15.473469,,,,,,6,0,"internal_id=164,ui_id=37",164,37,164,1,-1,97.460000,mono,,,,,,,,,,,,,
1780369848.046023,,,BBOX_CLIPPED,,0,,,,,,,,,,,,,bbox_out_of_image_bounds,,,,,,,,,,,1392.000,2031.000,1640.000,2211.000,1392.000,2031.000,1640.000,2160.000,1,0.716667
1780369848.046023,,,MATCH_ACCEPT,156,1,359.129154,14.345625,358.428485,,15.013692,0.968118,7.241982,2.161321,3.521826,1.149483,2,1,,,,,,,,,,,,,,,,,,,,,
1780369848.046023,,,MATCH_ACCEPT,157,0,341.057458,5.679792,341.642631,,4.204484,1.587123,6.656351,1.770901,2.401297,0.734792,1,1,,,,,,,,,,,,,,,,,,,,,
1780369848.046023,,,MATCH_ACCEPT,164,2,353.604546,13.753333,350.542426,,15.374401,3.464742,6.315495,2.176463,3.506699,1.230295,6,1,,,,,,,,,,,,,,,,,,,,,
1780369848.046023,,,UI_STATUS_SEND,164,,,,352.104085,172.104085,14.412143,,,,,,7,0,"internal_id=164,ui_id=37",164,37,164,1,-1,51.980000,mono,,,,,,,,,,,,,
1780369848.270131,,,MATCH_ACCEPT,154,0,344.707014,15.276042,347.419917,,13.837226,3.070836,7.120318,2.080212,3.025279,1.302002,0,2,,,,,,,,,,,,,,,,,,,,,
1780369848.270131,,,MATCH_ACCEPT,156,1,359.338790,14.801667,357.695907,,15.070574,1.664744,6.908699,1.939132,2.811763,0.948472,3,1,,,,,,,,,,,,,,,,,,,,,
1780369848.269624,,,TargetLost,164,,,,,,,,,,,,,,not_in_valid_tracks,,,,,,,,,,,,,,,,,,,,
1780369848.269624,,,TargetSwitch,156,,,,,,,,,,,,,,master_lost,,,,,,,,,,,,,,,,,,,,
1780369848.269624,,,UI_STATUS_SEND,156,,,,358.205675,178.205675,14.968999,,,,,,4,0,"internal_id=156,ui_id=36",156,36,156,1,-1,97.460000,mono,,,,,,,,,,,,,
1780369848.471412,,,BBOX_CLIPPED,,0,,,,,,,,,,,,,bbox_out_of_image_bounds,,,,,,,,,,,1890.000,-2.000,2138.000,178.000,1890.000,0.000,2138.000,178.000,1,0.988889
1780369848.471412,,,MATCH_ACCEPT,154,1,343.312482,15.560208,346.259457,,14.487314,3.136202,5.370740,1.953360,2.644476,1.171141,1,1,,,,,,,,,,,,,,,,,,,,,
1780369848.471412,,,MATCH_ACCEPT,155,0,0.504285,14.042083,355.878784,,11.949926,5.076651,13.547647,6.997898,27.743398,21.227176,0,13,,,,,,,,,,,,,,,,,,,,,
1780369848.471412,,,MATCH_ACCEPT,156,3,359.799076,14.393750,357.364204,,15.261793,2.584976,5.759093,1.805529,2.409989,0.849946,4,1,,,,,,,,,,,,,,,,,,,,,
1780369848.471412,,,MATCH_ACCEPT,164,2,349.748214,13.533333,349.617973,,13.948112,0.434746,6.953602,1.995468,2.890493,1.091401,6,2,,,,,,,,,,,,,,,,,,,,,
1780369848.471412,,,UI_STATUS_SEND,156,,,,358.379560,178.379560,14.825816,,,,,,5,0,"internal_id=156,ui_id=36",156,36,156,1,-1,97.460000,mono,,,,,,,,,,,,,
1780369848.857498,,,BBOX_CLIPPED,,0,,,,,,,,,,,,,bbox_out_of_image_bounds,,,,,,,,,,,2016.000,-18.000,2264.000,162.000,2016.000,0.000,2264.000,162.000,1,0.900000
1780369848.857498,,,BBOX_CLIPPED,,1,,,,,,,,,,,,,bbox_out_of_image_bounds,,,,,,,,,,,2968.000,-50.000,3088.000,194.000,2968.000,0.000,3088.000,194.000,1,0.795082
1780369848.857498,,,BBOX_REJECT,,0,,,,,,,,,,,,,invalid_clipped_bbox,,,,,,,,,,,1694.000,2295.000,1942.000,2475.000,,,,,,
1780369848.858005,,,MATCH_ACCEPT,154,1,341.685529,15.514375,344.033086,,15.417567,2.349552,4.809447,1.579164,1.768996,0.724764,2,1,,,,,,,,,,,,,,,,,,,,,
1780369848.858005,,,MATCH_ACCEPT,155,0,1.078504,14.078750,359.531474,,14.338825,1.568739,7.251802,2.167868,3.625165,1.074485,1,1,,,,,,,,,,,,,,,,,,,,,
1780369848.858005,,,MATCH_ACCEPT,157,2,341.244307,5.361250,343.680244,,3.391238,3.132848,6.715527,2.443151,3.769214,2.199775,0,3,,,,,,,,,,,,,,,,,,,,,
1780369848.858005,,,MATCH_ACCEPT,164,3,347.820479,14.005417,348.204443,,13.470301,0.658618,6.861477,1.907651,2.644615,0.994517,7,1,,,,,,,,,,,,,,,,,,,,,
1780369848.857498,,,TargetLost,156,,,,,,,,,,,,,,not_in_valid_tracks,,,,,,,,,,,,,,,,,,,,
1780369848.857498,,,TargetSwitch,164,,,,,,,,,,,,,,master_lost,,,,,,,,,,,,,,,,,,,,
1780369848.857498,,,UI_STATUS_SEND,164,,,,348.090280,168.090280,13.678427,,,,,,8,0,"internal_id=164,ui_id=37",164,37,164,1,-1,51.980000,mono,,,,,,,,,,,,,
1780369849.143061,,,MATCH_ACCEPT,154,0,340.660139,15.447917,342.164532,,15.683422,1.522715,4.646547,1.470564,1.541577,0.620983,3,1,,,,,,,,,,,,,,,,,,,,,
1780369849.143061,,,MATCH_ACCEPT,162,1,338.942040,15.392917,342.662369,,17.781718,4.421225,11.045474,4.696983,14.248280,7.813369,0,7,,,,,,,,,,,,,,,,,,,,,
1780369849.143061,,,TargetLost,164,,,,,,,,,,,,,,not_in_valid_tracks,,,,,,,,,,,,,,,,,,,,
1780369849.143061,,,TargetSwitch,154,,,,,,,,,,,,,,master_lost,,,,,,,,,,,,,,,,,,,,
1780369849.143061,,,UI_STATUS_SEND,154,,,,341.535375,161.535375,15.557034,,,,,,4,0,"internal_id=154,ui_id=39",154,39,154,1,-1,25.150000,mono,,,,,,,,,,,,,
1780369849.386697,,,BBOX_CLIPPED,,0,,,,,,,,,,,,,bbox_out_of_image_bounds,,,,,,,,,,,2402.000,-18.000,2650.000,162.000,2402.000,0.000,2650.000,162.000,1,0.900000
1780369849.387203,,,MATCH_ACCEPT,154,0,342.059227,20.746250,340.616521,,15.727264,5.222224,6.124172,1.416115,1.441123,0.564259,4,1,,,,,,,,,,,,,,,,,,,,,
1780369849.387203,,,MATCH_ACCEPT,155,2,1.930718,13.223958,359.270148,,14.948374,3.170527,7.351634,2.234423,3.600125,1.392521,1,2,,,,,,,,,,,,,,,,,,,,,
1780369849.387203,,,MATCH_ACCEPT,162,3,337.346988,15.647292,337.561652,,15.837807,0.287014,7.968123,2.645416,5.285531,1.712692,1,1,,,,,,,,,,,,,,,,,,,,,
1780369849.387203,,,MATCH_ACCEPT,164,1,345.532719,14.078750,345.185685,,13.154273,0.987466,7.239182,2.185855,3.335269,1.442692,7,2,,,,,,,,,,,,,,,,,,,,,
1780369849.386697,,,UI_STATUS_SEND,154,,,,340.886847,160.886847,17.058871,,,,,,5,0,"internal_id=154,ui_id=39",154,39,154,1,-1,51.980000,mono,,,,,,,,,,,,,
1780369849.615189,,,BBOX_CLIPPED,,0,,,,,,,,,,,,,bbox_out_of_image_bounds,,,,,,,,,,,1921.000,-18.000,2041.000,226.000,1921.000,0.000,2041.000,226.000,1,0.926230
1780369849.615189,,,MATCH_ACCEPT,154,1,340.414045,18.743333,340.078957,,17.545421,1.243896,6.342131,1.587820,1.791086,0.730088,5,1,,,,,,,,,,,,,,,,,,,,,
1780369849.615189,,,MATCH_ACCEPT,155,2,2.582410,12.575417,359.959199,,14.332076,3.157070,5.437210,1.997673,2.891452,1.099246,2,1,,,,,,,,,,,,,,,,,,,,,
1780369849.615189,,,MATCH_ACCEPT,164,0,343.048995,13.932083,343.978791,,13.435404,1.054140,6.968249,1.978833,2.817783,1.097996,8,1,,,,,,,,,,,,,,,,,,,,,
1780369849.615189,,,UI_STATUS_SEND,154,,,,340.154897,160.154897,17.932724,,,,,,6,0,"internal_id=154,ui_id=39",154,39,154,1,-1,51.980000,mono,,,,,,,,,,,,,
1780369849.924853,,,MATCH_ACCEPT,154,2,339.534487,17.175833,339.286579,,18.560127,1.406317,6.551201,1.727200,2.124188,0.859034,6,1,,,,,,,,,,,,,,,,,,,,,
1780369849.924853,,,MATCH_ACCEPT,159,1,320.276212,22.137292,323.117573,,20.242366,3.415271,11.970584,6.379923,21.634219,19.069197,0,11,,,,,,,,,,,,,,,,,,,,,
1780369849.924853,,,MATCH_ACCEPT,162,0,336.139305,15.862708,332.506331,,15.805434,3.633425,7.669547,2.446365,4.386219,1.598482,1,2,,,,,,,,,,,,,,,,,,,,,
1780369849.924348,,,UI_STATUS_SEND,154,,,,339.350515,159.350515,18.061963,,,,,,7,0,"internal_id=154,ui_id=39",154,39,154,1,-1,47.250000,mono,,,,,,,,,,,,,
1780369850.134745,,,MATCH_ACCEPT,154,3,338.946597,15.761875,338.629983,,18.495422,2.751822,6.627361,1.751574,2.210301,0.857710,7,1,,,,,,,,,,,,,,,,,,,,,
1780369850.134745,,,MATCH_ACCEPT,155,0,1.251681,11.626667,1.231417,,13.134087,1.507556,6.661112,1.774074,2.195954,0.951386,2,2,,,,,,,,,,,,,,,,,,,,,
1780369850.134745,,,MATCH_ACCEPT,158,2,325.722176,18.841875,323.853834,,19.085787,1.884196,12.770874,6.913449,25.290689,22.505091,0,12,,,,,,,,,,,,,,,,,,,,,
1780369850.134745,,,MATCH_ACCEPT,160,1,326.524259,18.475208,326.826878,,18.298996,0.350184,12.770874,6.913449,25.290689,22.505091,0,12,,,,,,,,,,,,,,,,,,,,,
1780369850.134745,,,UI_STATUS_SEND,154,,,,338.712700,158.712700,17.526667,,,,,,8,0,"internal_id=154,ui_id=39",154,39,154,1,-1,47.250000,mono,,,,,,,,,,,,,
1780369850.378968,,,BBOX_REJECT,,0,,,,,,,,,,,,,invalid_clipped_bbox,,,,,,,,,,,3919.000,1664.000,3958.000,1715.000,,,,,,
1780369850.379473,,,MATCH_ACCEPT,154,2,338.440737,14.719167,337.890731,,17.828645,3.157747,6.704710,1.803140,2.352667,0.898647,8,1,,,,,,,,,,,,,,,,,,,,,
1780369850.379473,,,MATCH_ACCEPT,155,3,359.775119,11.246250,1.113361,,12.435006,1.789982,6.685473,1.790315,2.243403,0.961825,3,1,,,,,,,,,,,,,,,,,,,,,
1780369850.379473,,,MATCH_ACCEPT,162,0,334.776675,16.172083,329.588835,,15.906741,5.194621,7.565194,2.376796,4.033435,1.615724,1,2,,,,,,,,,,,,,,,,,,,,,
1780369850.379473,,,MATCH_ACCEPT,164,1,342.930505,14.028333,339.481194,,13.227794,3.540990,7.752483,2.528055,4.343957,2.047107,7,3,,,,,,,,,,,,,,,,,,,,,
1780369850.378968,,,UI_STATUS_SEND,154,,,,338.041148,158.041148,16.693271,,,,,,9,0,"internal_id=154,ui_id=39",154,39,154,1,-1,25.150000,mono,,,,,,,,,,,,,
1780369850.665920,,,MATCH_ACCEPT,154,1,333.477847,16.589167,337.224965,,16.769704,3.751465,6.747149,1.831432,2.433019,0.921126,9,1,,,,,,,,,,,,,,,,,,,,,
1780369850.666424,,,MATCH_ACCEPT,160,2,326.487801,18.456875,326.945725,,18.253860,0.500909,5.442880,2.028120,3.039909,1.073362,0,2,,,,,,,,,,,,,,,,,,,,,
1780369850.666424,,,MATCH_ACCEPT,162,0,328.921394,17.356875,329.434152,,16.104621,1.353167,7.137533,2.091689,3.180421,1.194742,2,1,,,,,,,,,,,,,,,,,,,,,
1780369850.665920,,,UI_STATUS_SEND,154,,,,336.175007,156.175007,16.702746,,,,,,10,0,"internal_id=154,ui_id=39",154,39,154,1,-1,25.150000,mono,,,,,,,,,,,,,
1780369850.924309,,,BBOX_REJECT,,0,,,,,,,,,,,,,invalid_clipped_bbox,,,,,,,,,,,1365.000,2212.000,1497.000,2304.000,,,,,,
1780369850.924309,,,MATCH_ACCEPT,154,1,332.297508,17.033750,335.191783,,16.765827,2.906649,6.757891,1.838594,2.454143,0.926284,10,1,,,,,,,,,,,,,,,,,,,,,
1780369850.924309,,,MATCH_ACCEPT,155,0,358.202853,11.081250,0.399980,,11.529179,2.242322,7.241053,2.160702,3.171220,1.497413,3,2,,,,,,,,,,,,,,,,,,,,,
1780369850.924309,,,TargetKeep,154,,,,,,,,,,,,,,lock_timer_expired,,,,,,,,,,,,,,,,,,,,
1780369850.924309,,,UI_STATUS_SEND,154,,,,334.375739,154.375739,16.865544,,,,,,11,0,"internal_id=154,ui_id=39",154,39,154,1,-1,25.150000,mono,,,,,,,,,,,,,
1780369851.184101,,,MATCH_ACCEPT,164,0,341.057458,12.525000,336.983665,,13.477559,4.183678,8.300397,2.866932,5.600500,2.618797,6,3,,,,,,,,,,,,,,,,,,,,,
1780369851.183595,,,TargetLost,154,,,,,,,,,,,,,,not_in_valid_tracks,,,,,,,,,,,,,,,,,,,,
1780369851.183595,,,TargetSwitch,164,,,,,,,,,,,,,,master_lost,,,,,,,,,,,,,,,,,,,,
1780369851.183595,,,UI_STATUS_SEND,164,,,,338.908924,158.908924,12.880960,,,,,,7,0,"internal_id=164,ui_id=37",164,37,164,1,-1,47.250000,mono,,,,,,,,,,,,,
1780369851.391571,,,MATCH_ACCEPT,155,0,356.525770,11.340208,359.131853,,10.819356,2.657623,7.463900,2.309267,3.690094,1.642620,3,2,,,,,,,,,,,,,,,,,,,,,
1780369851.391571,,,TargetLost,164,,,,,,,,,,,,,,not_in_valid_tracks,,,,,,,,,,,,,,,,,,,,
1780369851.391571,,,TargetSwitch,155,,,,,,,,,,,,,,master_lost,,,,,,,,,,,,,,,,,,,,
1780369851.391571,,,UI_STATUS_SEND,155,,,,358.164388,178.164388,11.086292,,,,,,4,0,"internal_id=155,ui_id=34",155,34,155,1,-1,155.930000,mono,,,,,,,,,,,,,
1780369851.843925,,,MATCH_ACCEPT,155,0,355.281629,11.571667,357.401246,,10.685795,2.297291,5.982042,2.360895,3.923193,1.650631,4,2,,,,,,,,,,,,,,,,,,,,,
1780369851.843925,,,UI_STATUS_SEND,155,,,,356.030770,176.030770,11.354476,,,,,,5,0,"internal_id=155,ui_id=34",155,34,155,1,-1,25.150000,mono,,,,,,,,,,,,,
1780369852.093892,,,MATCH_ACCEPT,155,1,354.256239,11.571667,355.429797,,11.247033,1.217631,6.388572,1.592381,1.883825,0.651852,5,1,,,,,,,,,,,,,,,,,,,,,
1780369852.093892,,,MATCH_ACCEPT,164,0,340.059411,10.341042,334.970009,,12.295223,5.451683,8.876113,3.250742,7.191859,3.375463,5,4,,,,,,,,,,,,,,,,,,,,,
1780369852.093387,,,UI_STATUS_SEND,155,,,,355.157996,175.157996,11.342597,,,,,,6,0,"internal_id=155,ui_id=34",155,34,155,1,-1,25.150000,mono,,,,,,,,,,,,,
1780369852.558847,,,MATCH_ACCEPT,155,2,353.887098,12.041458,354.004808,,11.182752,0.866737,6.880378,1.920252,2.576556,1.110812,6,2,,,,,,,,,,,,,,,,,,,,,
1780369852.558847,,,MATCH_ACCEPT,158,1,332.807925,21.713333,327.627123,,18.639424,6.024087,10.236533,5.223888,16.298837,10.990174,0,10,,,,,,,,,,,,,,,,,,,,,
1780369852.558847,,,MATCH_ACCEPT,164,0,340.323734,9.055417,336.281956,,10.326212,4.236849,7.043586,2.661858,5.114947,1.970539,6,2,,,,,,,,,,,,,,,,,,,,,
1780369852.558847,,,TRACK_DELETE,151,,,,272.534663,,53.778825,,,,694.999885,622.442821,0,50,,,,,,,,,,,,,,,,,,,,,
1780369852.558847,,,TRACK_DELETE,153,,,,285.392392,,53.301724,,,,862.359744,803.427525,0,50,,,,,,,,,,,,,,,,,,,,,
1780369852.558342,,,UI_STATUS_SEND,155,,,,353.970447,173.970447,11.539561,,,,,,7,0,"internal_id=155,ui_id=34",155,34,155,1,-1,97.460000,mono,,,,,,,,,,,,,
1780369852.904769,,,MATCH_ACCEPT,155,2,354.251681,12.699167,353.324884,,11.521648,1.498500,5.868300,1.878334,2.499006,1.029131,7,1,,,,,,,,,,,,,,,,,,,,,
1780369852.904769,,,MATCH_REJECT,157,0,42.379564,7.691875,351.820569,,2.406605,50.834497,18.594198,9.729465,54.817221,39.845269,0,16,,,,,,,,,,,,,,,,,,,,,
1780369852.904769,,,MATCH_ACCEPT,158,1,334.430321,22.272500,332.863137,,21.875574,1.616668,6.614366,1.742911,2.317535,0.720202,1,1,,,,,,,,,,,,,,,,,,,,,
1780369852.904769,,,NEW_TRACK,165,0,42.379564,7.691875,,,,,,,1.000000,1.000000,1,0,,,,,,,,,,,,,,,,,,,,,
1780369852.904769,,,UI_STATUS_SEND,155,,,,353.719560,173.719560,12.169178,,,,,,8,0,"internal_id=155,ui_id=34",155,34,155,1,-1,47.250000,mono,,,,,,,,,,,,,
1780369853.116563,,,MATCH_ACCEPT,158,1,335.838524,22.813333,333.869392,,22.273357,2.041827,6.536827,1.691218,2.125889,0.734330,2,1,,,,,,,,,,,,,,,,,,,,,
1780369853.116563,,,MATCH_ACCEPT,164,0,340.720219,7.373333,337.769861,,8.536920,3.171521,7.197774,2.131849,3.284691,1.260090,6,2,,,,,,,,,,,,,,,,,,,,,
1780369853.116563,,,TargetLost,155,,,,,,,,,,,,,,not_in_valid_tracks,,,,,,,,,,,,,,,,,,,,
1780369853.116563,,,TargetSwitch,164,,,,,,,,,,,,,,master_lost,,,,,,,,,,,,,,,,,,,,
1780369853.116563,,,UI_STATUS_SEND,164,,,,338.786256,158.786256,8.017460,,,,,,7,0,"internal_id=164,ui_id=37",164,37,164,1,-1,97.460000,mono,,,,,,,,,,,,,
1780369853.327919,,,BBOX_REJECT,,0,,,,,,,,,,,,,invalid_clipped_bbox,,,,,,,,,,,204.000,2266.000,324.000,2510.000,,,,,,
1780369853.328423,,,MATCH_ACCEPT,165,0,41.242519,8.021875,42.379564,,7.691875,1.183964,6.052864,2.408110,2.899496,2.899496,0,2,,,,,,,,,,,,,,,,,,,,,
1780369853.328423,,,TRACK_DELETE,161,,,,327.129675,,42.652083,,,,1894.721149,1894.721149,0,50,,,,,,,,,,,,,,,,,,,,,
1780369853.327919,,,TargetLost,164,,,,,,,,,,,,,,not_in_valid_tracks,,,,,,,,,,,,,,,,,,,,
1780369853.534749,,,BBOX_CLIPPED,,0,,,,,,,,,,,,,bbox_out_of_image_bounds,,,,,,,,,,,220.000,2063.000,340.000,2307.000,220.000,2063.000,340.000,2160.000,1,0.397541
1780369853.534749,,,BBOX_CLIPPED,,0,,,,,,,,,,,,,bbox_out_of_image_bounds,,,,,,,,,,,1463.000,2027.000,1711.000,2207.000,1463.000,2027.000,1711.000,2160.000,1,0.738889
1780369853.535254,,,MATCH_ACCEPT,155,0,353.496342,14.272292,352.236215,,12.442587,2.221652,7.263115,2.175410,3.220746,1.511662,6,3,,,,,,,,,,,,,,,,,,,,,
1780369853.535254,,,MATCH_ACCEPT,157,2,354.607150,13.313333,353.388871,,2.005789,11.372984,21.250590,11.500393,75.720170,56.538877,0,19,,,,,,,,,,,,,,,,,,,,,
1780369853.535254,,,MATCH_ACCEPT,164,1,341.253422,4.854792,338.136654,,7.048271,3.811246,6.357279,2.204319,3.427656,1.431366,6,2,,,,,,,,,,,,,,,,,,,,,
1780369853.534749,,,UI_STATUS_SEND,164,,,,339.708422,159.708422,5.667398,,,,,,7,0,"internal_id=164,ui_id=37",164,37,164,1,-1,25.150000,mono,,,,,,,,,,,,,
1780369853.776046,,,BBOX_CLIPPED,,0,,,,,,,,,,,,,bbox_out_of_image_bounds,,,,,,,,,,,629.000,-66.000,749.000,178.000,629.000,0.000,749.000,178.000,1,0.729508
1780369853.776552,,,MATCH_ACCEPT,154,3,315.258634,15.551042,322.275044,,17.767801,7.358263,13.608454,6.405636,24.414463,16.617707,2,12,,,,,,,,,,,,,,,,,,,,,
1780369853.776552,,,MATCH_ACCEPT,155,2,353.077071,15.328750,352.155189,,13.607937,1.952195,6.965892,2.003661,2.851789,1.162869,7,1,,,,,,,,,,,,,,,,,,,,,
1780369853.776552,,,MATCH_ACCEPT,157,1,354.465874,14.042083,355.180366,,13.545173,0.870298,8.361169,2.907446,6.603274,1.849967,1,1,,,,,,,,,,,,,,,,,,,,,
1780369853.776552,,,MATCH_ACCEPT,165,0,40.374355,7.921042,41.294217,,8.154337,0.948985,6.229952,2.552834,4.334242,2.182721,0,2,,,,,,,,,,,,,,,,,,,,,
1780369853.776046,,,TargetLost,164,,,,,,,,,,,,,,not_in_valid_tracks,,,,,,,,,,,,,,,,,,,,
1780369853.776046,,,TargetSwitch,155,,,,,,,,,,,,,,master_lost,,,,,,,,,,,,,,,,,,,,
1780369853.776046,,,UI_STATUS_SEND,155,,,,352.448476,172.448476,14.351581,,,,,,8,0,"internal_id=155,ui_id=34",155,34,155,1,-1,97.460000,mono,,,,,,,,,,,,,
1780369854.109289,,,BBOX_CLIPPED,,0,,,,,,,,,,,,,bbox_out_of_image_bounds,,,,,,,,,,,-68.000,1452.000,180.000,1632.000,0.000,1452.000,180.000,1632.000,1,0.725806
1780369854.109289,,,MATCH_ACCEPT,155,0,352.630456,16.882500,351.961635,,14.764024,2.221545,5.920683,1.913255,2.636251,1.024295,8,1,,,,,,,,,,,,,,,,,,,,,
1780369854.110298,,,MATCH_ACCEPT,165,1,39.444668,7.659792,40.255361,,8.003838,0.880677,5.187348,1.831099,2.461012,0.891911,1,1,,,,,,,,,,,,,,,,,,,,,
1780369854.109289,,,UI_STATUS_SEND,155,,,,352.255228,172.255228,15.926526,,,,,,9,0,"internal_id=155,ui_id=34",155,34,155,1,-1,25.150000,mono,,,,,,,,,,,,,
1780369854.541299,,,BBOX_CLIPPED,,0,,,,,,,,,,,,,bbox_out_of_image_bounds,,,,,,,,,,,-84.000,1219.000,163.000,1399.000,0.000,1219.000,163.000,1399.000,1,0.659919
1780369854.541804,,,MATCH_ACCEPT,155,0,352.591719,17.950417,351.485008,,17.015978,1.448442,6.855667,1.903778,2.563987,1.060383,9,2,,,,,,,,,,,,,,,,,,,,,
1780369854.541804,,,MATCH_REJECT,164,1,348.331237,5.054167,339.022653,,2.602353,9.626066,8.107592,2.738395,4.962419,2.536389,5,4,,,,,,,,,,,,,,,,,,,,,
1780369854.541804,,,MATCH_ACCEPT,165,2,38.683600,7.082292,38.916072,,7.738422,0.696096,5.349804,1.939403,2.674866,1.086418,2,2,,,,,,,,,,,,,,,,,,,,,
1780369854.541804,,,NEW_TRACK,166,1,348.331237,5.054167,,,,,,,1.000000,1.000000,1,0,,,,,,,,,,,,,,,,,,,,,
1780369854.541299,,,UI_STATUS_SEND,155,,,,351.806950,171.806950,17.393754,,,,,,10,0,"internal_id=155,ui_id=34",155,34,155,1,-1,25.250000,mono,,,,,,,,,,,,,
1780369854.813374,,,MATCH_ACCEPT,155,1,353.715092,20.031250,351.407465,,18.097949,3.010447,6.800794,1.867196,2.486500,0.999921,10,1,,,,,,,,,,,,,,,,,,,,,
1780369854.813374,,,MATCH_ACCEPT,165,2,37.945319,6.374167,38.236279,,7.157575,0.835695,6.371457,1.580971,1.836140,0.663330,3,1,,,,,,,,,,,,,,,,,,,,,
1780369854.813374,,,MATCH_ACCEPT,166,0,349.188008,6.323750,348.331237,,5.054167,1.531632,5.796251,1.830301,1.675000,1.675000,1,1,,,,,,,,,,,,,,,,,,,,,
1780369854.813374,,,UI_STATUS_SEND,155,,,,352.064240,172.064240,18.852372,,,,,,11,0,"internal_id=155,ui_id=34",155,34,155,1,-1,51.980000,mono,,,,,,,,,,,,,
1780369855.190130,,,BBOX_REJECT,,0,,,,,,,,,,,,,invalid_clipped_bbox,,,,,,,,,,,3984.000,1531.000,4116.000,1622.000,,,,,,
1780369855.190635,,,MATCH_ACCEPT,155,0,356.075769,20.796667,351.759124,,19.703638,4.452879,6.726593,1.844129,2.434056,0.966754,11,1,,,,,,,,,,,,,,,,,,,,,
1780369855.190130,,,UI_STATUS_SEND,155,,,,352.988551,172.988551,20.127195,,,,,,12,0,"internal_id=155,ui_id=34",155,34,155,1,-1,26.430000,mono,,,,,,,,,,,,,
1780369855.417606,,,BBOX_CLIPPED,,0,,,,,,,,,,,,,bbox_out_of_image_bounds,,,,,,,,,,,-4.000,1631.000,60.000,1751.000,0.000,1631.000,60.000,1751.000,1,0.937500
1780369855.417606,,,MATCH_ACCEPT,157,2,358.887618,20.856250,358.559967,,17.101768,3.768752,9.973508,4.008739,10.230604,5.839384,0,6,,,,,,,,,,,,,,,,,,,,,
1780369855.417606,,,MATCH_ACCEPT,158,3,340.040378,33.847500,340.576874,,25.387602,8.476892,11.381187,4.920791,14.224677,9.989510,0,9,,,,,,,,,,,,,,,,,,,,,
1780369855.417606,,,MATCH_ACCEPT,164,0,334.157719,6.699583,338.482333,,0.187395,7.817345,10.062687,4.041791,10.122508,6.213569,2,7,,,,,,,,,,,,,,,,,,,,,
1780369855.418608,,,MATCH_ACCEPT,165,1,36.682949,5.760000,37.094098,,6.544512,0.885722,7.084008,2.056005,2.954358,1.272799,3,2,,,,,,,,,,,,,,,,,,,,,
1780369855.417606,,,TargetLost,155,,,,,,,,,,,,,,not_in_valid_tracks,,,,,,,,,,,,,,,,,,,,
1780369855.417606,,,TargetSwitch,164,,,,,,,,,,,,,,master_lost,,,,,,,,,,,,,,,,,,,,
1780369855.417606,,,UI_STATUS_SEND,164,,,,335.808586,155.808586,5.391044,,,,,,3,0,"internal_id=164,ui_id=37",164,37,164,1,-1,97.460000,mono,,,,,,,,,,,,,
1780369855.683238,,,MATCH_ACCEPT,157,1,2.214441,20.242083,359.450405,,21.075140,2.886845,7.810883,2.540589,4.773556,1.681035,1,1,,,,,,,,,,,,,,,,,,,,,
1780369855.683238,,,MATCH_ACCEPT,164,0,336.233565,7.485625,335.332783,,5.236362,2.422930,6.892261,2.560974,4.862142,1.696445,3,1,,,,,,,,,,,,,,,,,,,,,
1780369855.682733,,,UI_STATUS_SEND,164,,,,335.864857,155.864857,6.739357,,,,,,4,0,"internal_id=164,ui_id=37",164,37,164,1,-1,47.610000,mono,,,,,,,,,,,,,
1780369855.921108,,,MATCH_ACCEPT,157,1,6.685144,19.385000,1.422624,,21.533072,5.684041,7.166163,2.137175,3.408275,1.159243,2,1,,,,,,,,,,,,,,,,,,,,,
1780369855.921108,,,MATCH_ACCEPT,158,3,343.581394,36.565417,341.596485,,35.037986,2.504577,8.442007,2.987738,6.574607,2.351970,0,2,,,,,,,,,,,,,,,,,,,,,
1780369855.921108,,,MATCH_ACCEPT,164,2,337.958500,7.311458,335.466347,,6.791148,2.545888,6.746911,1.831274,2.532845,0.820720,4,1,,,,,,,,,,,,,,,,,,,,,
1780369855.921108,,,MATCH_ACCEPT,165,0,35.885423,5.785208,35.819116,,5.662426,0.139543,7.504410,2.336273,3.805357,1.652816,3,2,,,,,,,,,,,,,,,,,,,,,
1780369855.921108,,,UI_STATUS_SEND,164,,,,336.185048,156.185048,6.970330,,,,,,5,0,"internal_id=164,ui_id=37",164,37,164,1,-1,97.460000,mono,,,,,,,,,,,,,
1780369856.373857,,,MATCH_REJECT,155,4,356.518347,36.895417,352.388103,,24.489824,13.075077,8.834595,3.223063,6.667357,3.720779,9,5,,,,,,,,,,,,,,,,,,,,,
1780369856.373857,,,MATCH_REJECT,157,1,15.084678,16.181250,5.172128,,22.015215,11.501904,7.347031,2.231354,3.567492,1.411448,3,2,,,,,,,,,,,,,,,,,,,,,
1780369856.373857,,,MATCH_ACCEPT,158,3,348.617201,37.404167,344.101964,,38.348191,4.612867,7.821458,2.547638,4.764259,1.726202,1,2,,,,,,,,,,,,,,,,,,,,,
1780369856.373857,,,MATCH_ACCEPT,164,2,339.476078,6.933333,335.583134,,7.123776,3.897600,6.121305,2.047003,2.983163,1.207059,5,2,,,,,,,,,,,,,,,,,,,,,
1780369856.373857,,,MATCH_ACCEPT,165,0,35.327155,5.812708,34.792274,,5.255386,0.772467,6.022470,2.387847,4.034876,1.666936,4,2,,,,,,,,,,,,,,,,,,,,,
1780369856.373857,,,NEW_TRACK,167,1,15.084678,16.181250,,,,,,,1.000000,1.000000,1,0,,,,,,,,,,,,,,,,,,,,,
1780369856.373857,,,NEW_TRACK,168,4,356.518347,36.895417,,,,,,,1.000000,1.000000,1,0,,,,,,,,,,,,,,,,,,,,,
1780369856.373353,,,UI_STATUS_SEND,164,,,,337.411294,157.411294,7.011608,,,,,,6,0,"internal_id=164,ui_id=37",164,37,164,1,-1,97.460000,mono,,,,,,,,,,,,,
1780369856.739058,,,BBOX_CLIPPED,,0,,,,,,,,,,,,,bbox_out_of_image_bounds,,,,,,,,,,,1774.000,2089.000,1906.000,2181.000,1774.000,2089.000,1906.000,2160.000,1,0.771739
1780369856.739058,,,MATCH_ACCEPT,164,2,341.098474,6.779792,337.317155,,7.075198,3.792840,5.622255,1.714303,2.136586,0.802249,6,1,,,,,,,,,,,,,,,,,,,,,
1780369856.739058,,,MATCH_ACCEPT,165,0,34.632168,6.025833,34.606207,,5.488824,0.537636,4.796805,1.597403,1.899864,0.651834,5,1,,,,,,,,,,,,,,,,,,,,,
1780369856.740119,,,MATCH_ACCEPT,167,1,19.327517,14.212708,15.084678,,16.181250,4.677268,6.745451,1.830301,1.675000,1.675000,1,1,,,,,,,,,,,,,,,,,,,,,
1780369856.740119,,,MATCH_ACCEPT,168,3,2.424597,34.897083,356.518347,,36.895417,6.235152,6.705851,1.830301,1.675000,1.675000,1,1,,,,,,,,,,,,,,,,,,,,,
1780369856.739058,,,UI_STATUS_SEND,164,,,,338.784520,158.784520,6.931094,,,,,,7,0,"internal_id=164,ui_id=37",164,37,164,1,-1,97.460000,mono,,,,,,,,,,,,,
1780369857.147474,,,MATCH_ACCEPT,160,1,338.697123,12.387500,330.746560,,16.350297,8.883423,24.647958,14.831505,117.290221,102.683330,0,26,,,,,,,,,,,,,,,,,,,,,
1780369857.147474,,,MATCH_ACCEPT,164,0,342.456547,6.834792,338.964672,,6.987308,3.495204,5.737031,1.790821,2.244151,0.962887,7,2,,,,,,,,,,,,,,,,,,,,,
1780369857.146969,,,UI_STATUS_SEND,164,,,,340.360662,160.360662,6.905957,,,,,,8,0,"internal_id=164,ui_id=37",164,37,164,1,-1,97.460000,mono,,,,,,,,,,,,,
1780369857.366689,,,MATCH_ACCEPT,164,1,343.910323,6.775208,340.640543,,6.921422,3.273047,5.439441,1.592427,1.821501,0.714323,8,1,,,,,,,,,,,,,,,,,,,,,
1780369857.366689,,,MATCH_ACCEPT,165,0,33.344733,6.124375,33.280098,,5.462074,0.665448,5.845837,1.863358,2.346183,1.125919,5,3,,,,,,,,,,,,,,,,,,,,,
1780369857.366183,,,UI_STATUS_SEND,164,,,,341.787944,161.787944,6.854327,,,,,,9,0,"internal_id=164,ui_id=37",164,37,164,1,-1,47.250000,mono,,,,,,,,,,,,,
1780369857.747265,,,MATCH_ACCEPT,165,0,32.260097,5.936458,32.777065,,5.788965,0.537596,4.883488,1.655192,1.942398,0.797263,6,1,,,,,,,,,,,,,,,,,,,,,
1780369857.747265,,,MATCH_REJECT,167,1,30.316412,12.295833,17.155404,,13.829451,13.250062,11.035941,4.690627,12.367565,9.634418,0,4,,,,,,,,,,,,,,,,,,,,,
1780369857.747265,,,NEW_TRACK,169,1,30.316412,12.295833,,,,,,,1.000000,1.000000,1,0,,,,,,,,,,,,,,,,,,,,,
1780369857.747265,,,TargetLost,164,,,,,,,,,,,,,,not_in_valid_tracks,,,,,,,,,,,,,,,,,,,,
1780369857.747265,,,TargetSwitch,165,,,,,,,,,,,,,,master_lost,,,,,,,,,,,,,,,,,,,,
1780369857.747265,,,UI_STATUS_SEND,165,,,,32.527101,212.527101,5.878322,,,,,,7,0,"internal_id=165,ui_id=40",165,40,165,1,-1,159.930000,mono,,,,,,,,,,,,,
1780369858.038728,,,MATCH_ACCEPT,160,1,336.896651,11.209583,340.186262,,11.560686,3.308295,7.540978,2.360652,3.803770,1.768907,0,3,,,,,,,,,,,,,,,,,,,,,
1780369858.038728,,,MATCH_ACCEPT,164,0,345.528161,6.811875,342.782470,,6.860978,2.746130,6.797582,1.865055,2.387854,1.090575,8,2,,,,,,,,,,,,,,,,,,,,,
1780369858.038728,,,MATCH_ACCEPT,165,2,30.799485,6.156458,31.959008,,5.844992,1.200627,4.520012,1.412874,1.442092,0.554122,7,1,,,,,,,,,,,,,,,,,,,,,
1780369858.038728,,,UI_STATUS_SEND,165,,,,31.483551,211.483551,6.005867,,,,,,8,0,"internal_id=165,ui_id=40",165,40,165,1,-1,155.930000,mono,,,,,,,,,,,,,
1780369858.269769,,,MATCH_ACCEPT,164,3,345.122562,9.807083,344.108893,,6.840008,3.135453,5.799727,1.832618,2.361147,0.997343,9,1,,,,,,,,,,,,,,,,,,,,,
1780369858.269769,,,MATCH_ACCEPT,166,1,347.496911,6.555208,349.900338,,9.713331,3.968652,22.823059,13.588239,100.811951,83.828292,0,13,,,,,,,,,,,,,,,,,,,,,
1780369858.269769,,,MATCH_ACCEPT,167,2,25.557334,21.947083,17.797908,,13.099735,11.767934,14.078136,6.718758,24.917030,20.224674,0,6,,,,,,,,,,,,,,,,,,,,,
1780369858.269769,,,MATCH_REJECT,169,0,37.740241,11.425000,30.316412,,12.295833,7.474729,6.970930,2.613420,3.414982,3.414982,0,2,,,,,,,,,,,,,,,,,,,,,
1780369858.269769,,,NEW_TRACK,170,0,37.740241,11.425000,,,,,,,1.000000,1.000000,1,0,,,,,,,,,,,,,,,,,,,,,
1780369858.268769,,,TargetLost,165,,,,,,,,,,,,,,not_in_valid_tracks,,,,,,,,,,,,,,,,,,,,
1780369858.268769,,,TargetSwitch,164,,,,,,,,,,,,,,master_lost,,,,,,,,,,,,,,,,,,,,
1780369858.268769,,,UI_STATUS_SEND,164,,,,344.526562,164.526562,8.448559,,,,,,10,0,"internal_id=164,ui_id=37",164,37,164,1,-1,47.250000,mono,,,,,,,,,,,,,
1780369858.637490,,,MATCH_ACCEPT,165,0,29.819668,6.424583,30.244416,,6.011164,0.592728,4.857959,1.611506,1.776168,0.820783,7,2,,,,,,,,,,,,,,,,,,,,,
1780369858.637490,,,MATCH_ACCEPT,166,1,349.328943,6.491042,347.464113,,6.630397,1.870030,5.782524,1.821149,2.572942,0.743644,1,1,,,,,,,,,,,,,,,,,,,,,
1780369858.636985,,,TargetLost,164,,,,,,,,,,,,,,not_in_valid_tracks,,,,,,,,,,,,,,,,,,,,
1780369858.636985,,,TargetSwitch,165,,,,,,,,,,,,,,master_lost,,,,,,,,,,,,,,,,,,,,
1780369858.636985,,,UI_STATUS_SEND,165,,,,30.051995,210.051995,6.261237,,,,,,8,0,"internal_id=165,ui_id=40",165,40,165,1,-1,25.150000,mono,,,,,,,,,,,,,
1780369858.935660,,,MATCH_ACCEPT,167,0,27.899109,20.287917,26.594144,,23.220123,3.209481,9.121197,3.440532,8.945392,2.891866,0,2,,,,,,,,,,,,,,,,,,,,,
1780369858.935660,,,TargetLost,165,,,,,,,,,,,,,,not_in_valid_tracks,,,,,,,,,,,,,,,,,,,,
1780369859.158136,,,BBOX_REJECT,,0,,,,,,,,,,,,,invalid_clipped_bbox,,,,,,,,,,,4098.000,1618.000,4162.000,1738.000,,,,,,
1780369859.158641,,,MATCH_REJECT,165,2,42.664394,5.808125,28.771448,,6.371097,13.904348,6.549867,1.699911,1.978723,0.910976,7,2,,,,,,,,,,,,,,,,,,,,,
1780369859.158641,,,MATCH_ACCEPT,167,0,30.902365,19.215417,28.612227,,21.889805,3.520949,6.723364,2.448376,4.611727,1.382818,1,1,,,,,,,,,,,,,,,,,,,,,
1780369859.158641,,,MATCH_ACCEPT,170,1,41.463548,6.651458,37.740241,,11.425000,6.053901,9.337124,3.584483,6.424258,6.424258,0,3,,,,,,,,,,,,,,,,,,,,,
1780369859.158641,,,NEW_TRACK,171,2,42.664394,5.808125,,,,,,,1.000000,1.000000,1,0,,,,,,,,,,,,,,,,,,,,,
1780369859.158136,,,TargetLost,165,,,,,,,,,,,,,,not_in_valid_tracks,,,,,,,,,,,,,,,,,,,,
1780369859.403966,,,BBOX_REJECT,,0,,,,,,,,,,,,,invalid_clipped_bbox,,,,,,,,,,,3232.000,2241.000,3480.000,2421.000,,,,,,
1780369859.403966,,,MATCH_REJECT,164,0,0.394910,6.030417,347.163130,,9.685441,13.727317,8.017268,2.678179,4.718190,2.454452,7,4,,,,,,,,,,,,,,,,,,,,,
1780369859.403966,,,MATCH_ACCEPT,165,2,28.338548,6.816458,28.105178,,6.428257,0.452948,7.067558,2.045038,2.764646,1.417536,6,3,,,,,,,,,,,,,,,,,,,,,
1780369859.404982,,,MATCH_ACCEPT,166,1,352.109754,7.171667,348.262911,,6.693945,3.876393,6.338539,2.191826,3.215173,1.588928,0,3,,,,,,,,,,,,,,,,,,,,,
1780369859.404982,,,MATCH_ACCEPT,167,3,33.021505,18.248333,31.471526,,20.615756,2.829686,5.803715,1.835276,2.564004,0.804236,2,1,,,,,,,,,,,,,,,,,,,,,
1780369859.404982,,,NEW_TRACK,172,0,0.394910,6.030417,,,,,,,1.000000,1.000000,1,0,,,,,,,,,,,,,,,,,,,,,
1780369859.403966,,,UI_STATUS_SEND,165,,,,28.176748,208.176748,6.612916,,,,,,7,0,"internal_id=165,ui_id=40",165,40,165,1,-1,155.930000,mono,,,,,,,,,,,,,
1780369859.649574,,,MATCH_ACCEPT,166,0,354.370171,7.673542,350.385751,,7.111531,4.023861,5.695465,1.763110,2.221876,0.886680,1,1,,,,,,,,,,,,,,,,,,,,,
1780369859.649574,,,MATCH_ACCEPT,170,2,39.109707,6.188542,40.723027,,5.396421,1.797291,7.623581,3.455254,8.288353,3.650425,0,2,,,,,,,,,,,,,,,,,,,,,
1780369859.650573,,,MATCH_ACCEPT,171,1,39.948248,6.151875,42.664394,,5.808125,2.737812,6.384704,2.656002,3.527175,3.527175,0,2,,,,,,,,,,,,,,,,,,,,,
1780369859.649574,,,TargetLost,165,,,,,,,,,,,,,,not_in_valid_tracks,,,,,,,,,,,,,,,,,,,,
1780369859.911071,,,MATCH_ACCEPT,166,1,356.370822,8.422917,352.442782,,7.565930,4.020439,6.411774,1.607849,1.860554,0.724625,2,1,,,,,,,,,,,,,,,,,,,,,
1780369859.912152,,,MATCH_ACCEPT,167,0,34.570984,16.882500,35.410571,,19.811784,3.047230,6.903145,1.935430,2.653989,1.091901,2,2,,,,,,,,,,,,,,,,,,,,,
1780369859.911071,,,TargetLost,165,,,,,,,,,,,,,,not_in_valid_tracks,,,,,,,,,,,,,,,,,,,,
1780369859.911071,,,TargetSwitch,166,,,,,,,,,,,,,,master_lost,,,,,,,,,,,,,,,,,,,,
1780369859.911071,,,UI_STATUS_SEND,166,,,,353.343871,173.343871,7.837447,,,,,,3,0,"internal_id=166,ui_id=41",166,41,166,1,-1,47.250000,mono,,,,,,,,,,,,,
1780369860.157296,,,BBOX_CLIPPED,,0,,,,,,,,,,,,,bbox_out_of_image_bounds,,,,,,,,,,,3836.000,1806.000,4084.000,1986.000,3836.000,1806.000,3840.000,1986.000,1,0.016129
1780369860.157296,,,MATCH_ACCEPT,165,2,24.300185,5.760000,26.198836,,6.890823,2.209894,6.450649,2.673299,4.726613,2.419915,5,3,,,,,,,,,,,,,,,,,,,,,
1780369860.158298,,,MATCH_ACCEPT,167,0,36.453146,14.522083,36.750090,,18.540714,4.029587,5.872436,1.881091,2.517530,1.020973,3,1,,,,,,,,,,,,,,,,,,,,,
1780369860.158298,,,MATCH_ACCEPT,169,1,26.852871,6.426875,30.316412,,12.295833,6.814748,18.324674,10.182582,51.842493,51.842493,0,9,,,,,,,,,,,,,,,,,,,,,
1780369860.157296,,,TargetLost,166,,,,,,,,,,,,,,not_in_valid_tracks,,,,,,,,,,,,,,,,,,,,
1780369860.157296,,,TargetSwitch,165,,,,,,,,,,,,,,master_lost,,,,,,,,,,,,,,,,,,,,
1780369860.157296,,,UI_STATUS_SEND,165,,,,24.892766,204.892766,5.965095,,,,,,6,0,"internal_id=165,ui_id=40",165,40,165,1,-1,25.150000,mono,,,,,,,,,,,,,
1780369860.397409,,,BBOX_REJECT,,0,,,,,,,,,,,,,invalid_clipped_bbox,,,,,,,,,,,3098.000,2324.000,3230.000,2416.000,,,,,,
1780369860.397409,,,MATCH_ACCEPT,170,1,35.618821,6.344375,40.286212,,3.295167,5.575141,6.469582,2.712588,5.217704,2.140429,0,3,,,,,,,,,,,,,,,,,,,,,
1780369860.397409,,,MATCH_ACCEPT,171,0,36.639655,6.161042,39.182177,,6.418328,2.555507,7.468008,3.378205,7.476832,3.935438,0,3,,,,,,,,,,,,,,,,,,,,,
1780369860.397409,,,TargetLost,165,,,,,,,,,,,,,,not_in_valid_tracks,,,,,,,,,,,,,,,,,,,,
1780369860.746165,,,MATCH_ACCEPT,165,0,21.351618,5.326875,23.251252,,5.857760,1.972423,6.881299,1.920866,2.644816,1.044909,5,2,,,,,,,,,,,,,,,,,,,,,
1780369860.746165,,,MATCH_ACCEPT,166,1,359.246473,10.636667,355.140504,,8.497255,4.629910,7.567325,2.378217,3.738317,1.917598,1,3,,,,,,,,,,,,,,,,,,,,,
1780369860.747175,,,TRACK_DELETE,163,,,,289.115697,,61.996248,,,,671.023787,604.120561,0,50,,,,,,,,,,,,,,,,,,,,,
1780369860.746165,,,UI_STATUS_SEND,165,,,,22.686408,202.686408,5.645010,,,,,,6,0,"internal_id=165,ui_id=40",165,40,165,1,-1,155.930000,mono,,,,,,,,,,,,,
1780369861.080440,,,MATCH_ACCEPT,165,0,19.865941,4.891458,21.772455,,5.550786,2.017302,5.237809,1.864739,2.501514,0.975738,6,1,,,,,,,,,,,,,,,,,,,,,
1780369861.080440,,,MATCH_ACCEPT,166,1,359.857150,12.387500,357.505531,,10.111026,3.272987,7.163520,2.109013,3.157119,1.290817,2,1,,,,,,,,,,,,,,,,,,,,,
1780369861.081440,,,MATCH_ACCEPT,170,2,33.558926,6.518542,36.479772,,4.833155,3.372221,5.408330,2.005087,2.895285,1.125087,0,2,,,,,,,,,,,,,,,,,,,,,
1780369861.081440,,,MATCH_ACCEPT,171,3,34.470384,6.298542,35.136420,,6.287610,0.666126,5.783450,2.255167,3.704928,1.380848,0,2,,,,,,,,,,,,,,,,,,,,,
1780369861.080440,,,UI_STATUS_SEND,165,,,,20.745952,200.745952,5.125266,,,,,,7,0,"internal_id=165,ui_id=40",165,40,165,1,-1,97.460000,mono,,,,,,,,,,,,,
1780369861.374280,,,BBOX_REJECT,,0,,,,,,,,,,,,,invalid_clipped_bbox,,,,,,,,,,,1269.000,2289.000,1389.000,2533.000,,,,,,
1780369861.374280,,,MATCH_ACCEPT,165,2,18.594456,5.012917,19.692082,,4.951064,1.099367,5.265146,1.476230,1.595712,0.583544,7,1,,,,,,,,,,,,,,,,,,,,,
1780369861.374280,,,MATCH_ACCEPT,170,1,30.883795,6.784375,34.291869,,5.760966,3.558417,4.678657,1.518638,1.698957,0.607305,1,1,,,,,,,,,,,,,,,,,,,,,
1780369861.375303,,,MATCH_ACCEPT,171,0,30.264004,7.077708,33.606937,,6.345600,3.422161,4.818815,1.612077,1.942384,0.656407,1,1,,,,,,,,,,,,,,,,,,,,,
1780369861.374280,,,UI_STATUS_SEND,165,,,,19.339313,199.339313,4.976378,,,,,,8,0,"internal_id=165,ui_id=40",165,40,165,1,-1,25.150000,mono,,,,,,,,,,,,,
1780369861.600840,,,MATCH_ACCEPT,156,0,314.275834,37.287292,315.111745,,28.100739,9.224506,56.700967,35.766778,666.097803,613.164625,0,50,,,,,,,,,,,,,,,,,,,,,
1780369861.600840,,,MATCH_ACCEPT,164,1,358.121993,14.490000,352.495880,,12.187172,6.079158,13.812135,6.541423,25.054566,17.735651,0,12,,,,,,,,,,,,,,,,,,,,,
1780369861.600840,,,MATCH_ACCEPT,166,2,359.688530,13.240000,0.081272,,12.313382,1.006413,6.467680,2.277920,3.658975,1.529943,2,2,,,,,,,,,,,,,,,,,,,,,
1780369861.602004,,,MATCH_ACCEPT,170,3,29.443691,6.935625,32.103443,,6.216037,2.755375,4.408206,1.338338,1.305823,0.485324,2,1,,,,,,,,,,,,,,,,,,,,,
1780369861.602004,,,MATCH_ACCEPT,171,4,28.933274,7.338958,30.742966,,6.882773,1.866303,4.486748,1.390698,1.428919,0.505123,2,1,,,,,,,,,,,,,,,,,,,,,
1780369861.600840,,,TargetLost,165,,,,,,,,,,,,,,not_in_valid_tracks,,,,,,,,,,,,,,,,,,,,
1780369861.600840,,,TargetSwitch,171,,,,,,,,,,,,,,master_lost,,,,,,,,,,,,,,,,,,,,
1780369861.600840,,,UI_STATUS_SEND,171,,,,30.004923,210.004923,7.107840,,,,,,3,0,"internal_id=171,ui_id=42",171,42,171,1,-1,159.930000,mono,,,,,,,,,,,,,
1780369861.847317,,,BBOX_CLIPPED,,0,,,,,,,,,,,,,bbox_out_of_image_bounds,,,,,,,,,,,2244.000,2062.000,2492.000,2242.000,2244.000,2062.000,2492.000,2160.000,1,0.544444
1780369861.847822,,,MATCH_ACCEPT,156,2,318.076615,36.384375,313.352476,,37.814971,4.935999,5.713799,2.208732,3.767563,1.110936,1,1,,,,,,,,,,,,,,,,,,,,,
1780369861.847822,,,MATCH_ACCEPT,164,0,357.948816,16.007083,358.032548,,14.809384,1.200622,7.234174,2.788916,5.959276,1.818778,1,1,,,,,,,,,,,,,,,,,,,,,
1780369861.847822,,,MATCH_ACCEPT,165,1,17.600967,4.774583,17.247488,,4.656817,0.372580,6.605500,1.737000,2.073626,0.943542,7,2,,,,,,,,,,,,,,,,,,,,,
1780369861.847317,,,TargetLost,171,,,,,,,,,,,,,,not_in_valid_tracks,,,,,,,,,,,,,,,,,,,,
1780369861.847317,,,TargetSwitch,165,,,,,,,,,,,,,,master_lost,,,,,,,,,,,,,,,,,,,,
1780369861.847317,,,UI_STATUS_SEND,165,,,,17.335549,197.335549,4.701157,,,,,,8,0,"internal_id=165,ui_id=40",165,40,165,1,-1,25.150000,mono,,,,,,,,,,,,,
1780369862.210645,,,BBOX_REJECT,,0,,,,,,,,,,,,,invalid_clipped_bbox,,,,,,,,,,,1925.000,2320.000,2173.000,2500.000,,,,,,
1780369862.210645,,,MATCH_ACCEPT,164,0,359.101810,17.611250,359.023058,,16.233800,1.379699,6.762177,1.867851,2.660434,0.828434,2,1,,,,,,,,,,,,,,,,,,,,,
1780369862.210645,,,MATCH_ACCEPT,171,1,27.233405,7.572708,27.020224,,7.492974,0.227604,4.851880,1.634120,1.838906,0.831442,2,2,,,,,,,,,,,,,,,,,,,,,
1780369862.210645,,,TargetLost,165,,,,,,,,,,,,,,not_in_valid_tracks,,,,,,,,,,,,,,,,,,,,
1780369862.210645,,,TargetSwitch,171,,,,,,,,,,,,,,master_lost,,,,,,,,,,,,,,,,,,,,
1780369862.210645,,,UI_STATUS_SEND,171,,,,27.120389,207.120389,7.542076,,,,,,3,0,"internal_id=171,ui_id=42",171,42,171,1,-1,159.930000,mono,,,,,,,,,,,,,
1780369862.497887,,,MATCH_REJECT,156,1,321.171016,36.228542,314.963187,,37.587269,6.354784,5.382866,1.988111,2.574414,1.378171,1,2,,,,,,,,,,,,,,,,,,,,,
1780369862.497887,,,MATCH_ACCEPT,164,0,1.093347,19.453750,0.093395,,17.404250,2.280429,6.651814,1.794276,2.377176,0.842250,3,1,,,,,,,,,,,,,,,,,,,,,
1780369862.497887,,,MATCH_ACCEPT,166,2,2.834232,20.485000,2.594569,,15.052686,5.437598,7.633989,2.449059,4.129570,1.868320,1,3,,,,,,,,,,,,,,,,,,,,,
1780369862.497887,,,NEW_TRACK,173,1,321.171016,36.228542,,,,,,,1.000000,1.000000,1,0,,,,,,,,,,,,,,,,,,,,,
1780369862.497382,,,TargetLost,171,,,,,,,,,,,,,,not_in_valid_tracks,,,,,,,,,,,,,,,,,,,,
1780369862.497382,,,TargetSwitch,164,,,,,,,,,,,,,,master_lost,,,,,,,,,,,,,,,,,,,,
1780369862.497382,,,UI_STATUS_SEND,164,,,,0.373401,180.373401,18.132511,,,,,,4,0,"internal_id=164,ui_id=37",164,37,164,1,-1,97.460000,mono,,,,,,,,,,,,,
1780369862.800534,,,MATCH_ACCEPT,171,0,25.868496,7.847708,24.148395,,7.951914,1.723254,4.999801,1.732734,2.057681,0.944685,2,2,,,,,,,,,,,,,,,,,,,,,
1780369862.800534,,,MATCH_REJECT,173,1,328.649532,38.556875,321.171016,,36.228542,7.832581,5.146151,1.830301,1.675000,1.675000,1,1,,,,,,,,,,,,,,,,,,,,,
1780369862.800534,,,NEW_TRACK,174,1,328.649532,38.556875,,,,,,,1.000000,1.000000,1,0,,,,,,,,,,,,,,,,,,,,,
1780369862.800534,,,TargetLost,164,,,,,,,,,,,,,,not_in_valid_tracks,,,,,,,,,,,,,,,,,,,,
1780369862.800534,,,TargetSwitch,171,,,,,,,,,,,,,,master_lost,,,,,,,,,,,,,,,,,,,,
1780369862.800534,,,UI_STATUS_SEND,171,,,,25.004881,205.004881,7.884644,,,,,,3,0,"internal_id=171,ui_id=42",171,42,171,1,-1,47.250000,mono,,,,,,,,,,,,,
1780369863.008199,,,BBOX_REJECT,,0,,,,,,,,,,,,,invalid_clipped_bbox,,,,,,,,,,,3951.000,1358.000,3991.000,1409.000,,,,,,
1780369863.008199,,,BBOX_REJECT,,1,,,,,,,,,,,,,invalid_clipped_bbox,,,,,,,,,,,4039.000,1310.000,4079.000,1361.000,,,,,,
1780369863.008703,,,MATCH_ACCEPT,166,1,4.424727,21.374167,4.380181,,20.282896,1.092180,7.601999,2.401332,4.058580,1.707817,1,2,,,,,,,,,,,,,,,,,,,,,
1780369863.008703,,,MATCH_REJECT,174,0,335.544610,39.918125,328.649532,,38.556875,7.028165,4.982487,1.721192,1.481250,1.481250,1,1,,,,,,,,,,,,,,,,,,,,,
1780369863.008703,,,NEW_TRACK,175,0,335.544610,39.918125,,,,,,,1.000000,1.000000,1,0,,,,,,,,,,,,,,,,,,,,,
1780369863.008703,,,TRACK_DELETE,159,,,,315.522293,,27.207625,,,,662.024666,605.355747,0,50,,,,,,,,,,,,,,,,,,,,,
1780369863.008199,,,TargetLost,171,,,,,,,,,,,,,,not_in_valid_tracks,,,,,,,,,,,,,,,,,,,,
1780369863.268284,,,MATCH_ACCEPT,166,0,6.357019,21.580417,5.322507,,22.171549,1.191491,7.156354,2.104236,3.221200,1.206609,2,1,,,,,,,,,,,,,,,,,,,,,
1780369863.268284,,,MATCH_ACCEPT,171,1,22.670954,8.076875,22.538099,,8.234048,0.205800,6.554365,1.702910,2.011736,0.888166,2,2,,,,,,,,,,,,,,,,,,,,,
1780369863.268284,,,UI_STATUS_SEND,171,,,,22.570449,202.570449,8.177086,,,,,,3,0,"internal_id=171,ui_id=42",171,42,171,1,-1,159.930000,mono,,,,,,,,,,,,,
1780369863.485940,,,MATCH_ACCEPT,175,0,337.602227,42.017292,335.544610,,39.918125,2.939437,6.868732,2.565821,3.291720,3.291720,0,2,,,,,,,,,,,,,,,,,,,,,
1780369863.485434,,,TargetLost,171,,,,,,,,,,,,,,not_in_valid_tracks,,,,,,,,,,,,,,,,,,,,
1780369863.741279,,,MATCH_REJECT,166,0,13.279991,19.146667,7.484891,,24.296102,7.752410,7.362642,2.241761,3.559488,1.466004,2,2,,,,,,,,,,,,,,,,,,,,,
1780369863.741279,,,NEW_TRACK,176,0,13.279991,19.146667,,,,,,,1.000000,1.000000,1,0,,,,,,,,,,,,,,,,,,,,,
1780369863.741279,,,TRACK_DELETE,162,,,,225.032180,,24.194097,,,,707.930122,633.476239,0,50,,,,,,,,,,,,,,,,,,,,,
1780369863.740774,,,TargetLost,171,,,,,,,,,,,,,,not_in_valid_tracks,,,,,,,,,,,,,,,,,,,,
1780369863.960061,,,MATCH_ACCEPT,170,0,21.162490,7.398542,23.471476,,6.332257,2.543301,8.982001,4.387534,11.183146,8.067310,0,9,,,,,,,,,,,,,,,,,,,,,
1780369863.960061,,,MATCH_ACCEPT,176,1,18.511761,18.239167,13.279991,,19.146667,5.309895,6.622771,1.748514,1.528650,1.528650,1,1,,,,,,,,,,,,,,,,,,,,,
1780369863.959555,,,TargetLost,171,,,,,,,,,,,,,,not_in_valid_tracks,,,,,,,,,,,,,,,,,,,,
1780369864.197183,,,MATCH_REJECT,170,0,23.738975,16.199583,20.482627,,7.421922,9.362219,4.968274,1.711716,2.226658,0.703315,1,1,,,,,,,,,,,,,,,,,,,,,
1780369864.197183,,,NEW_TRACK,177,0,23.738975,16.199583,,,,,,,1.000000,1.000000,1,0,,,,,,,,,,,,,,,,,,,,,
1780369864.197183,,,TargetLost,171,,,,,,,,,,,,,,not_in_valid_tracks,,,,,,,,,,,,,,,,,,,,
1780369864.765391,,,MATCH_REJECT,166,0,1.287553,40.527708,11.004916,,28.927406,15.132553,9.544793,3.696529,8.756128,4.908198,0,6,,,,,,,,,,,,,,,,,,,,,
1780369864.765391,,,NEW_TRACK,178,0,1.287553,40.527708,,,,,,,1.000000,1.000000,1,0,,,,,,,,,,,,,,,,,,,,,
1780369864.765391,,,TargetLost,171,,,,,,,,,,,,,,not_in_valid_tracks,,,,,,,,,,,,,,,,,,,,
1780369865.093670,,,MATCH_REJECT,177,1,37.489590,11.163750,23.738975,,16.199583,14.643737,9.255552,3.503701,6.137961,6.137961,0,3,,,,,,,,,,,,,,,,,,,,,
1780369865.093670,,,MATCH_ACCEPT,178,0,4.837683,37.356042,1.287553,,40.527708,4.760556,6.745451,1.830301,1.675000,1.675000,1,1,,,,,,,,,,,,,,,,,,,,,
1780369865.093670,,,NEW_TRACK,179,1,37.489590,11.163750,,,,,,,1.000000,1.000000,1,0,,,,,,,,,,,,,,,,,,,,,
1780369865.093164,,,TargetLost,171,,,,,,,,,,,,,,not_in_valid_tracks,,,,,,,,,,,,,,,,,,,,
1780369866.718100,,no_packet,TRACK_DELETE,154,,,,243.911652,,10.696194,,,,706.464793,613.864963,0,50,,,,,,,,,,,,,,,,,,,,,
1780369867.735174,,no_packet,TRACK_DELETE,155,,,,347.116364,,62.792303,,,,628.750870,563.820098,0,50,,,,,,,,,,,,,,,,,,,,,
1780369867.971514,,,MATCH_ACCEPT,173,0,316.827917,34.670208,321.171016,,36.228542,4.614208,39.902644,25.001296,312.532407,312.532407,0,24,,,,,,,,,,,,,,,,,,,,,
1780369867.970975,,,TargetLost,171,,,,,,,,,,,,,,not_in_valid_tracks,,,,,,,,,,,,,,,,,,,,
1780369868.227413,,,MATCH_REJECT,173,0,321.994311,22.467292,316.636529,,34.593450,13.257056,5.072652,1.781301,2.438871,0.734164,1,1,,,,,,,,,,,,,,,,,,,,,
1780369868.228432,,,NEW_TRACK,180,0,321.994311,22.467292,,,,,,,1.000000,1.000000,1,0,,,,,,,,,,,,,,,,,,,,,
1780369868.227413,,,TargetLost,171,,,,,,,,,,,,,,not_in_valid_tracks,,,,,,,,,,,,,,,,,,,,
1780369868.529130,,,MATCH_REJECT,173,0,324.509936,19.469792,316.416499,,34.514109,17.083185,5.494534,2.062556,3.064148,1.189989,0,2,,,,,,,,,,,,,,,,,,,,,
1780369868.529130,,,MATCH_ACCEPT,180,1,323.507332,20.743958,321.994311,,22.467292,2.293275,5.146151,1.830301,1.675000,1.675000,1,1,,,,,,,,,,,,,,,,,,,,,
1780369868.529130,,,NEW_TRACK,181,0,324.509936,19.469792,,,,,,,1.000000,1.000000,1,0,,,,,,,,,,,,,,,,,,,,,
1780369868.529130,,,TRACK_DELETE,157,,,,50.512091,,56.254000,,,,664.791342,581.290225,0,50,,,,,,,,,,,,,,,,,,,,,
1780369868.528625,,,TargetLost,171,,,,,,,,,,,,,,not_in_valid_tracks,,,,,,,,,,,,,,,,,,,,
1780369868.934485,,no_packet,TRACK_DELETE,158,,,,32.874076,,94.410027,,,,648.946822,580.952764,0,50,,,,,,,,,,,,,,,,,,,,,
1780369869.135658,,no_packet,TRACK_DELETE,168,,,,19.306897,,18.150232,,,,1660.971463,1495.057387,0,50,,,,,,,,,,,,,,,,,,,,,
1780369870.155456,,no_packet,TRACK_DELETE,160,,,,357.403097,,-3.620726,,,,682.145235,612.618981,0,50,,,,,,,,,,,,,,,,,,,,,
1780369870.441109,,,MATCH_ACCEPT,181,0,322.062670,21.344375,324.509936,,19.469792,3.082721,15.561299,8.773733,38.489191,38.489191,1,9,,,,,,,,,,,,,,,,,,,,,
1780369870.441109,,,TargetLost,171,,,,,,,,,,,,,,not_in_valid_tracks,,,,,,,,,,,,,,,,,,,,
1780369870.643834,,,MATCH_ACCEPT,171,2,323.243009,19.309375,344.542874,,13.250921,22.144732,30.715207,18.876338,191.079220,165.236912,0,33,,,,,,,,,,,,,,,,,,,,,
1780369870.644835,,,MATCH_REJECT,173,3,322.317879,20.794375,314.586684,,33.854295,15.176722,11.892493,6.327862,21.818079,18.223757,0,12,,,,,,,,,,,,,,,,,,,,,
1780369870.644835,,,MATCH_ACCEPT,174,0,322.914884,19.774583,328.649532,,38.556875,19.638245,58.331359,37.287106,695.164133,695.164133,0,35,,,,,,,,,,,,,,,,,,,,,
1780369870.644835,,,MATCH_ACCEPT,180,1,323.753426,18.319375,324.767365,,17.068280,1.610376,16.169338,9.179092,46.595398,37.660328,1,10,,,,,,,,,,,,,,,,,,,,,
1780369870.644835,,,MATCH_ACCEPT,181,4,322.646004,20.281042,321.939505,,21.517263,1.423863,5.715358,1.796905,2.507015,0.721853,2,1,,,,,,,,,,,,,,,,,,,,,
1780369870.644835,,,NEW_TRACK,182,3,322.317879,20.794375,,,,,,,1.000000,1.000000,1,0,,,,,,,,,,,,,,,,,,,,,
1780369870.643834,,,TargetLost,171,,,,,,,,,,,,,,not_in_valid_tracks,,,,,,,,,,,,,,,,,,,,
1780369870.643834,,,TargetSwitch,181,,,,,,,,,,,,,,master_lost,,,,,,,,,,,,,,,,,,,,
1780369870.643834,,,UI_STATUS_SEND,181,,,,322.245010,142.245010,20.939491,,,,,,3,0,"internal_id=181,ui_id=43",181,43,181,1,-1,159.930000,mono,,,,,,,,,,,,,
1780369871.259182,,no_packet,TRACK_DELETE,172,,,,0.394910,,6.030417,,,,1614.288234,1614.288234,0,50,,,,,,,,,,,,,,,,,,,,,
1780369871.870591,,no_packet,TRACK_DELETE,167,,,,106.728437,,-5.803805,,,,556.627379,502.635567,0,50,,,,,,,,,,,,,,,,,,,,,
1780369871.870591,,no_packet,TRACK_DELETE,169,,,,10.768123,,-22.417445,,,,606.482135,522.125086,0,50,,,,,,,,,,,,,,,,,,,,,
1780369872.477294,,,BBOX_REJECT,,0,,,,,,,,,,,,,invalid_clipped_bbox,,,,,,,,,,,4080.000,700.000,4120.000,751.000,,,,,,
1780369872.477294,,,TargetLost,181,,,,,,,,,,,,,,not_in_valid_tracks,,,,,,,,,,,,,,,,,,,,
1780369872.800692,,,MATCH_ACCEPT,179,0,33.816753,18.773125,37.489590,,11.163750,8.449398,58.955592,36.663461,672.104691,672.104691,0,35,,,,,,,,,,,,,,,,,,,,,
1780369872.800692,,,TargetLost,181,,,,,,,,,,,,,,not_in_valid_tracks,,,,,,,,,,,,,,,,,,,,
1780369873.316786,,,BBOX_REJECT,,0,,,,,,,,,,,,,invalid_clipped_bbox,,,,,,,,,,,228.000,2286.000,292.000,2405.000,,,,,,
1780369873.316786,,,TargetLost,181,,,,,,,,,,,,,,not_in_valid_tracks,,,,,,,,,,,,,,,,,,,,
1780369873.519565,,no_packet,TRACK_DELETE,156,,,,285.171224,,53.099052,,,,729.827356,691.342864,0,50,,,,,,,,,,,,,,,,,,,,,
1780369873.519565,,no_packet,TRACK_DELETE,165,,,,329.832041,,-2.242506,,,,567.408500,515.276411,0,50,,,,,,,,,,,,,,,,,,,,,
1780369873.771042,,,MATCH_ACCEPT,176,0,26.561204,13.810625,27.892138,,12.768497,1.690389,72.501458,45.667639,1088.773845,996.759388,0,43,,,,,,,,,,,,,,,,,,,,,
1780369873.771042,,,TargetLost,181,,,,,,,,,,,,,,not_in_valid_tracks,,,,,,,,,,,,,,,,,,,,
1780369873.973531,,no_packet,TRACK_DELETE,164,,,,47.140113,,54.064793,,,,574.055691,530.594663,0,50,,,,,,,,,,,,,,,,,,,,,
1780369874.577854,,no_packet,TRACK_DELETE,166,,,,47.236707,,76.597638,,,,566.558235,506.786130,0,50,,,,,,,,,,,,,,,,,,,,,
1780369874.980459,,,BBOX_REJECT,,0,,,,,,,,,,,,,invalid_clipped_bbox,,,,,,,,,,,3984.000,508.000,4116.000,600.000,,,,,,
1780369874.980459,,,TRACK_DELETE,175,,,,352.427531,,67.473445,,,,1239.006260,973.192546,0,50,,,,,,,,,,,,,,,,,,,,,
1780369874.980459,,,TargetLost,181,,,,,,,,,,,,,,not_in_valid_tracks,,,,,,,,,,,,,,,,,,,,
1780369875.417769,,,MATCH_REJECT,176,1,40.857428,11.033125,28.532044,,13.036671,12.487165,10.679847,5.086031,16.190832,9.676883,1,7,,,,,,,,,,,,,,,,,,,,,
1780369875.417769,,,MATCH_ACCEPT,179,0,38.387716,14.304375,32.559007,,21.448434,9.220164,12.933045,7.021563,28.809947,20.492403,0,11,,,,,,,,,,,,,,,,,,,,,
1780369875.417769,,,NEW_TRACK,183,1,40.857428,11.033125,,,,,,,1.000000,1.000000,1,0,,,,,,,,,,,,,,,,,,,,,
1780369875.417769,,,TRACK_DELETE,170,,,,334.529706,,11.296776,,,,541.209247,493.661559,0,50,,,,,,,,,,,,,,,,,,,,,
1780369875.417769,,,TargetLost,181,,,,,,,,,,,,,,not_in_valid_tracks,,,,,,,,,,,,,,,,,,,,
1780369875.620200,,no_packet,TRACK_DELETE,177,,,,23.738975,,16.199583,,,,1517.777721,1517.777721,0,50,,,,,,,,,,,,,,,,,,,,,
1780369875.823695,,,MATCH_ACCEPT,183,0,37.799485,10.341042,40.857428,,11.033125,3.135282,5.962374,2.347782,2.756041,2.756041,1,2,,,,,,,,,,,,,,,,,,,,,
1780369875.823695,,,TargetLost,181,,,,,,,,,,,,,,not_in_valid_tracks,,,,,,,,,,,,,,,,,,,,
1780369876.218137,,,MATCH_ACCEPT,183,0,35.944668,10.029375,38.498073,,10.238273,2.561937,5.346331,1.937087,2.588768,1.163540,2,1,,,,,,,,,,,,,,,,,,,,,
1780369876.218137,,,TargetLost,181,,,,,,,,,,,,,,not_in_valid_tracks,,,,,,,,,,,,,,,,,,,,
1780369876.218137,,,TargetSwitch,183,,,,,,,,,,,,,,master_lost,,,,,,,,,,,,,,,,,,,,
1780369876.218137,,,UI_STATUS_SEND,183,,,,37.101546,217.101546,10.095268,,,,,,3,0,"internal_id=183,ui_id=44",183,44,183,1,-1,155.930000,mono,,,,,,,,,,,,,
1780369876.613107,,,MATCH_ACCEPT,183,0,34.408860,9.472500,35.984989,,9.818612,1.613684,5.138900,1.798800,2.307035,0.928645,3,1,,,,,,,,,,,,,,,,,,,,,
1780369876.613107,,,TRACK_DELETE,178,,,,14.011624,,12.701192,,,,1500.539225,1353.140278,0,50,,,,,,,,,,,,,,,,,,,,,
1780369876.613107,,,UI_STATUS_SEND,183,,,,35.168156,215.168156,9.599183,,,,,,4,0,"internal_id=183,ui_id=44",183,44,183,1,-1,25.150000,mono,,,,,,,,,,,,,
1780369877.090946,,,MATCH_ACCEPT,183,0,33.538418,8.372500,32.693888,,8.942730,1.019016,7.143723,2.095816,3.055208,1.337235,4,2,,,,,,,,,,,,,,,,,,,,,
1780369877.090946,,,UI_STATUS_SEND,183,,,,32.971175,212.971175,8.679764,,,,,,5,0,"internal_id=183,ui_id=44",183,44,183,1,-1,25.150000,mono,,,,,,,,,,,,,
1780369877.523423,,,MATCH_ACCEPT,183,0,33.611334,7.288542,30.729100,,7.930849,2.952936,7.698836,2.465891,4.255739,1.824878,5,2,,,,,,,,,,,,,,,,,,,,,
1780369877.523423,,,UI_STATUS_SEND,183,,,,31.896656,211.896656,7.584819,,,,,,6,0,"internal_id=183,ui_id=44",183,44,183,1,-1,97.460000,mono,,,,,,,,,,,,,
1780369879.546716,,no_packet,TRACK_DELETE,173,,,,307.417346,,31.269101,,,,600.031023,584.347967,0,50,,,,,,,,,,,,,,,,,,,,,
1780369879.788054,,,BBOX_CLIPPED,,0,,,,,,,,,,,,,bbox_out_of_image_bounds,,,,,,,,,,,2752.000,1995.000,3000.000,2174.000,2752.000,1995.000,3000.000,2160.000,1,0.921788
1780369879.788560,,,MATCH_ACCEPT,179,0,38.665371,4.928125,42.886336,,7.541781,4.964649,17.475073,10.049582,58.150136,42.843966,0,19,,,,,,,,,,,,,,,,,,,,,
1780369879.788054,,,TargetLost,183,,,,,,,,,,,,,,not_in_valid_tracks,,,,,,,,,,,,,,,,,,,,
1780369882.020778,,no_packet,TRACK_DELETE,171,,,,227.299662,,38.703473,,,,623.716390,599.647098,0,50,,,,,,,,,,,,,,,,,,,,,
1780369882.020778,,no_packet,TRACK_DELETE,174,,,,314.135730,,-9.085494,,,,647.567165,637.577320,0,50,,,,,,,,,,,,,,,,,,,,,
1780369882.020778,,no_packet,TRACK_DELETE,180,,,,329.856358,,3.633099,,,,546.334516,488.607755,0,50,,,,,,,,,,,,,,,,,,,,,
1780369882.020778,,no_packet,TRACK_DELETE,181,,,,311.008768,,26.886527,,,,550.762748,510.173158,0,50,,,,,,,,,,,,,,,,,,,,,
1780369882.020778,,no_packet,TRACK_DELETE,182,,,,322.317879,,20.794375,,,,1491.093985,1491.093985,0,50,,,,,,,,,,,,,,,,,,,,,
1780369882.715927,,,MATCH_REJECT,183,0,356.105912,41.316042,9.464694,,-2.856431,46.148287,24.721486,14.447124,121.800599,86.918799,5,25,,,,,,,,,,,,,,,,,,,,,
1780369882.715927,,,NEW_TRACK,184,0,356.105912,41.316042,,,,,,,1.000000,1.000000,1,0,,,,,,,,,,,,,,,,,,,,,
1780369882.715927,,,TargetLost,183,,,,,,,,,,,,,,not_in_valid_tracks,,,,,,,,,,,,,,,,,,,,
1780369883.214389,,,MATCH_REJECT,184,0,346.559584,36.246875,356.105912,,41.316042,10.808739,6.158204,2.505003,3.137520,3.137520,1,2,,,,,,,,,,,,,,,,,,,,,
1780369883.214389,,,NEW_TRACK,185,0,346.559584,36.246875,,,,,,,1.000000,1.000000,1,0,,,,,,,,,,,,,,,,,,,,,
1780369883.214389,,,TargetLost,183,,,,,,,,,,,,,,not_in_valid_tracks,,,,,,,,,,,,,,,,,,,,
1780369884.839462,,no_packet,TRACK_DELETE,176,,,,40.393053,,8.370651,,,,701.926753,674.931367,0,50,,,,,,,,,,,,,,,,,,,,,
1780369886.511885,,,BBOX_CLIPPED,,0,,,,,,,,,,,,,bbox_out_of_image_bounds,,,,,,,,,,,3742.000,1080.000,3990.000,1260.000,3742.000,1080.000,3840.000,1260.000,1,0.395161
1780369886.511885,,,MATCH_ACCEPT,184,0,333.774102,39.448333,356.105912,,41.316042,22.409776,29.001167,17.733645,157.241082,157.241082,0,18,,,,,,,,,,,,,,,,,,,,,
1780369886.511885,,,MATCH_ACCEPT,185,1,330.296993,37.587500,346.559584,,36.246875,16.317756,27.316397,15.544265,120.812081,120.812081,1,16,,,,,,,,,,,,,,,,,,,,,
1780369886.511885,,,TargetLost,183,,,,,,,,,,,,,,not_in_valid_tracks,,,,,,,,,,,,,,,,,,,,
1780369887.952834,,,MATCH_ACCEPT,183,0,353.936120,14.652708,346.911197,,-13.354251,28.874545,53.438669,33.591912,620.456712,507.959869,2,50,,,,,,,,,,,,,,,,,,,,,
1780369887.952834,,,UI_STATUS_SEND,183,,,,353.898179,173.898179,14.606343,,,,,,3,0,"internal_id=183,ui_id=44",183,44,183,1,-1,159.930000,mono,,,,,,,,,,,,,
1780369888.573018,,,MATCH_REJECT,183,0,357.954481,11.757292,351.722653,,15.579077,7.310384,6.526735,2.750690,5.261896,2.304399,3,3,,,,,,,,,,,,,,,,,,,,,
1780369888.573018,,,NEW_TRACK,186,0,357.954481,11.757292,,,,,,,1.000000,1.000000,1,0,,,,,,,,,,,,,,,,,,,,,
1780369888.573018,,,TargetLost,183,,,,,,,,,,,,,,not_in_valid_tracks,,,,,,,,,,,,,,,,,,,,
1780369890.192420,,no_packet,TRACK_DELETE,179,,,,39.978203,,-20.488725,,,,538.517007,501.997704,0,50,,,,,,,,,,,,,,,,,,,,,
1780369891.371480,,,MATCH_ACCEPT,185,0,321.909297,37.653958,308.096629,,39.539065,13.940711,23.660314,13.106876,99.507719,72.282473,0,23,,,,,,,,,,,,,,,,,,,,,
1780369891.371480,,,TargetLost,183,,,,,,,,,,,,,,not_in_valid_tracks,,,,,,,,,,,,,,,,,,,,
1780369891.774323,,,MATCH_REJECT,185,0,323.972176,21.399375,320.574591,,37.683792,16.635078,7.412122,2.928081,6.696983,1.876676,1,1,,,,,,,,,,,,,,,,,,,,,
1780369891.774323,,,NEW_TRACK,187,0,323.972176,21.399375,,,,,,,1.000000,1.000000,1,0,,,,,,,,,,,,,,,,,,,,,
1780369891.774323,,,TargetLost,183,,,,,,,,,,,,,,not_in_valid_tracks,,,,,,,,,,,,,,,,,,,,
1780369892.045768,,,MATCH_ACCEPT,187,0,325.113777,18.750208,323.972176,,21.399375,2.884673,5.765451,1.830301,1.675000,1.675000,1,1,,,,,,,,,,,,,,,,,,,,,
1780369892.045768,,,TargetLost,183,,,,,,,,,,,,,,not_in_valid_tracks,,,,,,,,,,,,,,,,,,,,
1780369893.535897,,,MATCH_ACCEPT,185,0,322.246537,38.139792,317.024819,,37.614950,5.248028,11.706636,5.791090,21.563951,11.972777,0,9,,,,,,,,,,,,,,,,,,,,,
1780369893.535897,,,TargetLost,183,,,,,,,,,,,,,,not_in_valid_tracks,,,,,,,,,,,,,,,,,,,,
1780369893.870587,,,MATCH_ACCEPT,187,0,322.709806,22.870625,325.341152,,15.083541,8.219651,14.253118,7.901612,34.745573,27.689896,1,8,,,,,,,,,,,,,,,,,,,,,
1780369893.870587,,,TargetLost,183,,,,,,,,,,,,,,not_in_valid_tracks,,,,,,,,,,,,,,,,,,,,
1780369894.196792,,,MATCH_ACCEPT,187,0,319.647306,20.418542,322.676313,,23.117260,4.056842,6.758394,1.838929,2.616701,0.764961,2,1,,,,,,,,,,,,,,,,,,,,,
1780369894.196286,,,TargetLost,183,,,,,,,,,,,,,,not_in_valid_tracks,,,,,,,,,,,,,,,,,,,,
1780369894.196286,,,TargetSwitch,187,,,,,,,,,,,,,,master_lost,,,,,,,,,,,,,,,,,,,,
1780369894.196286,,,UI_STATUS_SEND,187,,,,321.782406,141.782406,22.230279,,,,,,3,0,"internal_id=187,ui_id=45",187,45,187,1,-1,159.930000,mono,,,,,,,,,,,,,
1780369894.428024,,,MATCH_ACCEPT,183,3,317.696785,19.611875,332.880880,,24.003725,15.806489,31.030894,19.086796,188.895275,175.410514,0,28,,,,,,,,,,,,,,,,,,,,,
1780369894.428024,,,MATCH_ACCEPT,184,1,314.748217,19.057292,288.444970,,35.601440,31.073617,35.392975,20.928650,226.216935,211.791445,0,35,,,,,,,,,,,,,,,,,,,,,
1780369894.428024,,,MATCH_REJECT,185,4,315.509285,19.171875,321.130770,,38.236256,19.875908,7.176322,2.770882,5.491706,2.186079,0,3,,,,,,,,,,,,,,,,,,,,,
1780369894.428024,,,MATCH_REJECT,186,0,316.131355,19.224583,357.954481,,11.757292,42.484518,41.399018,25.998879,337.970855,337.970855,0,25,,,,,,,,,,,,,,,,,,,,,
1780369894.428024,,,MATCH_REJECT,187,2,317.113452,19.465208,321.502394,,22.445805,5.305353,5.095778,1.796719,2.435532,0.792667,3,1,,,,,,,,,,,,,,,,,,,,,
1780369894.428024,,,NEW_TRACK,188,0,316.131355,19.224583,,,,,,,1.000000,1.000000,1,0,,,,,,,,,,,,,,,,,,,,,
1780369894.428024,,,NEW_TRACK,189,2,317.113452,19.465208,,,,,,,1.000000,1.000000,1,0,,,,,,,,,,,,,,,,,,,,,
1780369894.429024,,,NEW_TRACK,190,4,315.509285,19.171875,,,,,,,1.000000,1.000000,1,0,,,,,,,,,,,,,,,,,,,,,
1780369894.428024,,,TargetLost,187,,,,,,,,,,,,,,not_in_valid_tracks,,,,,,,,,,,,,,,,,,,,
1780369897.295698,,,MATCH_ACCEPT,190,0,315.368009,16.188125,315.509285,,19.171875,2.987093,22.624299,13.482399,90.887546,90.887546,1,14,,,,,,,,,,,,,,,,,,,,,
1780369897.295698,,,TargetLost,187,,,,,,,,,,,,,,not_in_valid_tracks,,,,,,,,,,,,,,,,,,,,
1780369899.519921,,no_packet,TRACK_DELETE,186,,,,357.954481,,11.757292,,,,1450.986664,1450.986664,0,50,,,,,,,,,,,,,,,,,,,,,
1780369901.229127,,,MATCH_ACCEPT,185,0,340.268243,37.566875,317.205956,,39.440283,23.138252,35.334649,21.543099,255.617304,208.487827,0,36,,,,,,,,,,,,,,,,,,,,,
1780369901.229127,,,TargetLost,187,,,,,,,,,,,,,,not_in_valid_tracks,,,,,,,,,,,,,,,,,,,,
1780369903.287761,,,MATCH_REJECT,185,0,359.113724,41.577292,346.422769,,37.272354,13.401226,11.620231,5.712954,18.790334,13.847506,1,10,,,,,,,,,,,,,,,,,,,,,
1780369903.288266,,,NEW_TRACK,191,0,359.113724,41.577292,,,,,,,1.000000,1.000000,1,0,,,,,,,,,,,,,,,,,,,,,
1780369903.287761,,,TargetLost,187,,,,,,,,,,,,,,not_in_valid_tracks,,,,,,,,,,,,,,,,,,,,
1780369903.705467,,,MATCH_ACCEPT,187,1,323.693477,41.941667,310.334266,,31.041923,17.241605,44.883009,28.321539,424.863481,377.246094,0,46,,,,,,,,,,,,,,,,,,,,,
1780369903.705467,,,MATCH_ACCEPT,191,0,0.622188,36.058958,359.113724,,41.577292,5.720792,7.583801,2.389201,2.854140,2.854140,1,2,,,,,,,,,,,,,,,,,,,,,
1780369903.705467,,,TargetLost,187,,,,,,,,,,,,,,not_in_valid_tracks,,,,,,,,,,,,,,,,,,,,
1780369904.590465,,,MATCH_ACCEPT,189,0,327.194181,21.220625,317.113452,,19.465208,10.232428,80.374477,51.982518,1351.091076,1351.091076,0,49,,,,,,,,,,,,,,,,,,,,,
1780369904.590465,,,MATCH_REJECT,191,1,22.834353,22.907292,0.188355,,33.473670,24.989789,9.463867,4.708778,13.538219,8.634374,2,4,,,,,,,,,,,,,,,,,,,,,
1780369904.590465,,,NEW_TRACK,192,1,22.834353,22.907292,,,,,,,1.000000,1.000000,1,0,,,,,,,,,,,,,,,,,,,,,
1780369904.589960,,,TargetLost,187,,,,,,,,,,,,,,not_in_valid_tracks,,,,,,,,,,,,,,,,,,,,
1780369904.909114,,,MATCH_ACCEPT,192,0,19.443728,19.786042,22.834353,,22.907292,4.608529,5.765451,1.830301,1.675000,1.675000,1,1,,,,,,,,,,,,,,,,,,,,,
1780369904.909114,,,TRACK_DELETE,183,,,,251.953257,,26.969709,,,,578.095129,552.217110,0,50,,,,,,,,,,,,,,,,,,,,,
1780369904.909114,,,TRACK_DELETE,184,,,,295.110354,,-15.715371,,,,630.895041,587.313788,0,50,,,,,,,,,,,,,,,,,,,,,
1780369904.909114,,,TRACK_DELETE,188,,,,316.131355,,19.224583,,,,1427.349788,1427.349788,0,50,,,,,,,,,,,,,,,,,,,,,
1780369904.909114,,,TargetLost,187,,,,,,,,,,,,,,not_in_valid_tracks,,,,,,,,,,,,,,,,,,,,
1780369905.160807,,,BBOX_CLIPPED,,0,,,,,,,,,,,,,bbox_out_of_image_bounds,,,,,,,,,,,3159.000,2157.000,3223.000,2277.000,3159.000,2157.000,3223.000,2160.000,1,0.025000
1780369905.160807,,,MATCH_REJECT,185,1,16.235394,16.921458,351.992158,,37.011591,31.485678,19.069743,10.679295,61.320897,52.726453,0,18,,,,,,,,,,,,,,,,,,,,,
1780369905.160807,,,MATCH_REJECT,187,4,15.779665,16.545625,324.453575,,45.301568,58.832574,8.973372,3.948381,8.989539,6.600175,0,6,,,,,,,,,,,,,,,,,,,,,
1780369905.160807,,,MATCH_REJECT,189,2,15.323936,16.224792,327.737240,,21.317321,47.858411,5.649280,2.165720,3.210308,1.480036,0,2,,,,,,,,,,,,,,,,,,,,,
1780369905.160807,,,MATCH_REJECT,190,3,14.895551,15.908542,314.989780,,8.013135,60.423827,35.151102,21.833601,249.053072,227.653072,0,37,,,,,,,,,,,,,,,,,,,,,
1780369905.160807,,,MATCH_REJECT,191,5,17.019248,17.682292,0.537987,,30.837149,21.087491,12.370937,6.646825,26.397077,17.783202,0,6,,,,,,,,,,,,,,,,,,,,,
1780369905.160807,,,MATCH_REJECT,192,0,40.100918,4.556875,21.263859,,20.033039,24.379221,5.416289,2.010392,2.547170,1.494508,2,1,,,,,,,,,,,,,,,,,,,,,
1780369905.160807,,,NEW_TRACK,193,0,40.100918,4.556875,,,,,,,1.000000,1.000000,1,0,,,,,,,,,,,,,,,,,,,,,
1780369905.160807,,,NEW_TRACK,194,1,16.235394,16.921458,,,,,,,1.000000,1.000000,1,0,,,,,,,,,,,,,,,,,,,,,
1780369905.160807,,,NEW_TRACK,195,2,15.323936,16.224792,,,,,,,1.000000,1.000000,1,0,,,,,,,,,,,,,,,,,,,,,
1780369905.161877,,,NEW_TRACK,196,3,14.895551,15.908542,,,,,,,1.000000,1.000000,1,0,,,,,,,,,,,,,,,,,,,,,
1780369905.161877,,,NEW_TRACK,197,4,15.779665,16.545625,,,,,,,1.000000,1.000000,1,0,,,,,,,,,,,,,,,,,,,,,
1780369905.161877,,,NEW_TRACK,198,5,17.019248,17.682292,,,,,,,1.000000,1.000000,1,0,,,,,,,,,,,,,,,,,,,,,
1780369905.160807,,,TargetLost,187,,,,,,,,,,,,,,not_in_valid_tracks,,,,,,,,,,,,,,,,,,,,
1780369905.634483,,,MATCH_REJECT,189,1,316.493660,19.868542,328.242499,,21.405406,11.848931,7.048680,3.098653,5.750208,3.851443,0,4,,,,,,,,,,,,,,,,,,,,,
1780369905.634483,,,MATCH_ACCEPT,193,0,41.664069,6.213750,40.100918,,4.556875,2.277867,6.820823,2.513349,3.158461,3.158461,1,2,,,,,,,,,,,,,,,,,,,,,
1780369905.634483,,,NEW_TRACK,199,1,316.493660,19.868542,,,,,,,1.000000,1.000000,1,0,,,,,,,,,,,,,,,,,,,,,
1780369905.634483,,,TargetLost,187,,,,,,,,,,,,,,not_in_valid_tracks,,,,,,,,,,,,,,,,,,,,
1780369906.024987,,,BBOX_CLIPPED,,0,,,,,,,,,,,,,bbox_out_of_image_bounds,,,,,,,,,,,3715.000,585.000,3847.000,676.000,3715.000,585.000,3840.000,676.000,1,0.946970
1780369906.024987,,,BBOX_REJECT,,0,,,,,,,,,,,,,invalid_clipped_bbox,,,,,,,,,,,4015.000,1353.000,4263.000,1533.000,,,,,,
1780369906.024987,,,MATCH_ACCEPT,190,1,319.223478,15.738958,314.955153,,7.269378,9.484323,39.050673,24.433315,310.667341,286.319548,0,40,,,,,,,,,,,,,,,,,,,,,
1780369906.024987,,,MATCH_ACCEPT,191,0,9.235469,40.060208,1.029096,,27.133771,15.311347,16.598894,9.465463,52.586726,37.008262,0,9,,,,,,,,,,,,,,,,,,,,,
1780369906.025986,,,MATCH_ACCEPT,199,2,318.931811,16.192708,316.493660,,19.868542,4.410933,5.146151,1.830301,1.675000,1.675000,1,1,,,,,,,,,,,,,,,,,,,,,
1780369906.024987,,,TargetLost,187,,,,,,,,,,,,,,not_in_valid_tracks,,,,,,,,,,,,,,,,,,,,
1780369906.559450,,,BBOX_REJECT,,0,,,,,,,,,,,,,invalid_clipped_bbox,,,,,,,,,,,2410.000,2292.000,2658.000,2472.000,,,,,,
1780369906.559450,,,TargetLost,187,,,,,,,,,,,,,,not_in_valid_tracks,,,,,,,,,,,,,,,,,,,,
1780369906.835437,,,MATCH_ACCEPT,193,0,34.162767,5.819583,41.900360,,7.668914,7.955525,10.803148,4.535432,13.016945,7.553196,1,4,,,,,,,,,,,,,,,,,,,,,
1780369906.835437,,,TargetLost,187,,,,,,,,,,,,,,not_in_valid_tracks,,,,,,,,,,,,,,,,,,,,
1780369907.288691,,,MATCH_ACCEPT,193,0,32.554043,6.383333,35.438917,,6.426732,2.885201,8.870521,3.247014,7.809484,2.733616,2,2,,,,,,,,,,,,,,,,,,,,,
1780369907.288691,,,TargetLost,187,,,,,,,,,,,,,,not_in_valid_tracks,,,,,,,,,,,,,,,,,,,,
1780369907.288691,,,TargetSwitch,193,,,,,,,,,,,,,,master_lost,,,,,,,,,,,,,,,,,,,,
1780369907.288691,,,UI_STATUS_SEND,193,,,,33.836484,213.836484,6.399117,,,,,,3,0,"internal_id=193,ui_id=46",193,46,193,1,-1,25.150000,mono,,,,,,,,,,,,,
1780369907.531804,,,MATCH_ACCEPT,193,0,30.945319,6.291667,32.945464,,6.549730,2.016724,7.707690,2.471794,4.649110,1.460654,3,1,,,,,,,,,,,,,,,,,,,,,
1780369907.531300,,,UI_STATUS_SEND,193,,,,32.092285,212.092285,6.425045,,,,,,4,0,"internal_id=193,ui_id=46",193,46,193,1,-1,25.150000,mono,,,,,,,,,,,,,
1780369908.100170,,,MATCH_ACCEPT,193,0,29.537116,6.099167,30.214822,,6.666675,0.883941,7.695844,2.463896,4.483982,1.586800,4,2,,,,,,,,,,,,,,,,,,,,,
1780369908.100170,,,UI_STATUS_SEND,193,,,,29.931719,209.931719,6.380731,,,,,,5,0,"internal_id=193,ui_id=46",193,46,193,1,-1,47.250000,mono,,,,,,,,,,,,,
1780369908.485688,,,MATCH_ACCEPT,193,0,28.110683,6.062500,28.857980,,6.464066,0.848355,7.228149,2.152099,3.443890,1.187641,5,1,,,,,,,,,,,,,,,,,,,,,
1780369908.485688,,,UI_STATUS_SEND,193,,,,28.592492,208.592492,6.290651,,,,,,6,0,"internal_id=193,ui_id=46",193,46,193,1,-1,47.250000,mono,,,,,,,,,,,,,
1780369909.624672,,,MATCH_ACCEPT,193,0,22.577529,6.062500,23.889102,,6.512776,1.386713,8.842228,3.228152,6.913314,3.507652,6,5,,,,,,,,,,,,,,,,,,,,,
1780369909.624672,,,MATCH_ACCEPT,198,1,39.415385,21.640000,17.019248,,17.682292,22.743140,29.768124,18.244949,166.439082,166.439082,0,17,,,,,,,,,,,,,,,,,,,,,
1780369909.624672,,,UI_STATUS_SEND,193,,,,23.200270,203.200270,6.201264,,,,,,7,0,"internal_id=193,ui_id=46",193,46,193,1,-1,97.460000,mono,,,,,,,,,,,,,
1780369909.998449,,,MATCH_ACCEPT,193,0,20.941461,6.025833,22.012254,,6.206436,1.085916,6.644785,2.395990,4.205151,1.535617,7,1,,,,,,,,,,,,,,,,,,,,,
1780369909.997944,,,UI_STATUS_SEND,193,,,,21.417774,201.417774,6.089807,,,,,,8,0,"internal_id=193,ui_id=46",193,46,193,1,-1,47.250000,mono,,,,,,,,,,,,,
1780369910.706032,,,MATCH_ACCEPT,193,0,19.783909,6.585000,18.105411,,6.055210,1.760123,7.518126,2.345417,3.849202,1.651779,8,3,,,,,,,,,,,,,,,,,,,,,
1780369910.705528,,,UI_STATUS_SEND,193,,,,18.745153,198.745153,6.327463,,,,,,9,0,"internal_id=193,ui_id=46",193,46,193,1,-1,47.250000,mono,,,,,,,,,,,,,
1780369911.585698,,,MATCH_ACCEPT,189,0,335.813490,39.927292,334.028938,,22.414193,17.603785,31.323661,19.281974,188.090545,183.703982,0,27,,,,,,,,,,,,,,,,,,,,,
1780369911.585698,,,MATCH_ACCEPT,193,2,20.107477,6.937917,14.703434,,6.448335,5.426174,8.514331,3.009554,6.033951,3.023463,9,4,,,,,,,,,,,,,,,,,,,,,
1780369911.585698,,,MATCH_REJECT,198,1,41.208340,9.096667,49.655237,,23.503277,16.700314,10.292440,4.194960,10.466422,7.131268,0,8,,,,,,,,,,,,,,,,,,,,,
1780369911.585698,,,NEW_TRACK,200,1,41.208340,9.096667,,,,,,,1.000000,1.000000,1,0,,,,,,,,,,,,,,,,,,,,,
1780369911.585191,,,TargetKeep,193,,,,,,,,,,,,,,lock_timer_expired,,,,,,,,,,,,,,,,,,,,
1780369911.585191,,,UI_STATUS_SEND,193,,,,17.357933,197.357933,6.771109,,,,,,10,0,"internal_id=193,ui_id=46",193,46,193,1,-1,25.150000,mono,,,,,,,,,,,,,
1780369911.955048,,,MATCH_ACCEPT,190,0,330.666837,21.546042,322.261309,,17.092604,9.512413,24.206811,14.537408,109.470479,101.865742,0,23,,,,,,,,,,,,,,,,,,,,,
1780369911.955048,,,MATCH_ACCEPT,200,1,38.660814,10.820000,41.208340,,9.096667,3.075673,6.745451,1.830301,1.675000,1.675000,1,1,,,,,,,,,,,,,,,,,,,,,
1780369911.954542,,,TargetLost,193,,,,,,,,,,,,,,not_in_valid_tracks,,,,,,,,,,,,,,,,,,,,
1780369912.224246,,,MATCH_ACCEPT,190,0,329.486498,17.214792,331.114288,,21.842445,4.905596,5.061700,1.774000,2.422013,0.725063,1,1,,,,,,,,,,,,,,,,,,,,,
1780369912.223739,,,TargetLost,193,,,,,,,,,,,,,,not_in_valid_tracks,,,,,,,,,,,,,,,,,,,,
1780369912.682358,,,BBOX_REJECT,,0,,,,,,,,,,,,,invalid_clipped_bbox,,,,,,,,,,,3007.000,2188.000,3243.000,2664.000,,,,,,
1780369912.682862,,,MATCH_REJECT,198,1,39.670594,15.342500,55.317139,,24.513139,18.136014,13.446479,6.297653,22.126585,17.533843,0,12,,,,,,,,,,,,,,,,,,,,,
1780369912.682862,,,MATCH_ACCEPT,200,0,38.811204,12.790833,40.105863,,10.922283,2.273240,9.944820,3.963213,8.928020,6.779040,1,3,,,,,,,,,,,,,,,,,,,,,
1780369912.682862,,,NEW_TRACK,201,1,39.670594,15.342500,,,,,,,1.000000,1.000000,1,0,,,,,,,,,,,,,,,,,,,,,
1780369912.682358,,,TargetLost,193,,,,,,,,,,,,,,not_in_valid_tracks,,,,,,,,,,,,,,,,,,,,
1780369912.963016,,,MATCH_REJECT,200,0,29.623704,8.251042,38.957514,,13.173979,10.552502,8.201649,2.827500,5.833993,2.160761,2,1,,,,,,,,,,,,,,,,,,,,,
1780369912.963016,,,NEW_TRACK,202,0,29.623704,8.251042,,,,,,,1.000000,1.000000,1,0,,,,,,,,,,,,,,,,,,,,,
1780369912.962511,,,TargetLost,193,,,,,,,,,,,,,,not_in_valid_tracks,,,,,,,,,,,,,,,,,,,,
1780369913.351732,,,MATCH_ACCEPT,202,0,32.171230,9.449583,29.623704,,8.251042,2.815385,6.705851,1.830301,1.675000,1.675000,1,1,,,,,,,,,,,,,,,,,,,,,
1780369913.351228,,,TargetLost,193,,,,,,,,,,,,,,not_in_valid_tracks,,,,,,,,,,,,,,,,,,,,
1780369913.552429,,no_packet,TRACK_DELETE,185,,,,14.810571,,35.943213,,,,735.371504,697.486716,0,50,,,,,,,,,,,,,,,,,,,,,
1780369914.250194,,,MATCH_REJECT,189,0,315.793412,37.704375,339.139637,,48.035900,25.530113,10.911013,5.673542,17.848019,14.341061,0,10,,,,,,,,,,,,,,,,,,,,,
1780369914.250194,,,NEW_TRACK,203,0,315.793412,37.704375,,,,,,,1.000000,1.000000,1,0,,,,,,,,,,,,,,,,,,,,,
1780369914.249688,,,TargetLost,193,,,,,,,,,,,,,,not_in_valid_tracks,,,,,,,,,,,,,,,,,,,,
1780369914.591850,,,BBOX_CLIPPED,,0,,,,,,,,,,,,,bbox_out_of_image_bounds,,,,,,,,,,,2441.000,2018.000,2677.000,2494.000,2441.000,2018.000,2677.000,2160.000,1,0.298319
1780369914.591850,,,MATCH_ACCEPT,200,0,34.899109,14.375417,36.858843,,17.151823,3.398380,13.835692,6.583528,29.412372,13.930468,0,7,,,,,,,,,,,,,,,,,,,,,
1780369914.591850,,,TargetLost,193,,,,,,,,,,,,,,not_in_valid_tracks,,,,,,,,,,,,,,,,,,,,
1780369914.938251,,,MATCH_ACCEPT,200,0,35.610047,16.456250,34.675804,,15.081985,1.661751,8.282364,2.854909,6.315185,1.835322,1,1,,,,,,,,,,,,,,,,,,,,,
1780369914.937721,,,TargetLost,193,,,,,,,,,,,,,,not_in_valid_tracks,,,,,,,,,,,,,,,,,,,,
1780369915.150574,,,MATCH_ACCEPT,194,0,6.337032,38.020625,16.235394,,16.921458,23.305631,67.218257,43.211705,933.625716,933.625716,0,38,,,,,,,,,,,,,,,,,,,,,
1780369915.150574,,,MATCH_ACCEPT,200,1,34.475281,19.297917,34.711177,,16.274658,3.032448,7.340040,2.226693,3.822603,1.135561,2,1,,,,,,,,,,,,,,,,,,,,,
1780369915.150052,,,TargetLost,193,,,,,,,,,,,,,,not_in_valid_tracks,,,,,,,,,,,,,,,,,,,,
1780369915.150052,,,TargetSwitch,200,,,,,,,,,,,,,,master_lost,,,,,,,,,,,,,,,,,,,,
1780369915.150052,,,UI_STATUS_SEND,200,,,,34.621654,214.621654,17.547088,,,,,,3,0,"internal_id=200,ui_id=47",200,47,200,1,-1,51.980000,mono,,,,,,,,,,,,,
1780369915.537362,,,MATCH_REJECT,194,0,0.075313,33.923125,6.045388,,38.678471,7.632503,5.072686,1.781324,2.412509,0.760606,1,1,,,,,,,,,,,,,,,,,,,,,
1780369915.537362,,,NEW_TRACK,204,0,0.075313,33.923125,,,,,,,1.000000,1.000000,1,0,,,,,,,,,,,,,,,,,,,,,
1780369915.537362,,,TargetLost,200,,,,,,,,,,,,,,not_in_valid_tracks,,,,,,,,,,,,,,,,,,,,
1780369915.788620,,,BBOX_CLIPPED,,0,,,,,,,,,,,,,bbox_out_of_image_bounds,,,,,,,,,,,1157.000,-198.000,1393.000,278.000,1157.000,0.000,1393.000,278.000,1,0.584034
1780369915.789124,,,MATCH_ACCEPT,200,0,29.047547,23.312917,33.579887,,18.995003,6.259911,7.430901,2.313668,3.888233,1.464825,2,2,,,,,,,,,,,,,,,,,,,,,
1780369915.788620,,,UI_STATUS_SEND,200,,,,31.817678,211.817678,21.108357,,,,,,3,0,"internal_id=200,ui_id=47",200,47,200,1,-1,26.430000,mono,,,,,,,,,,,,,
1780369916.536987,,,MATCH_ACCEPT,197,0,17.960329,21.685833,15.779665,,16.545625,5.583640,76.814277,49.609051,1230.528995,1230.528995,0,43,,,,,,,,,,,,,,,,,,,,,
1780369916.536480,,,TargetLost,200,,,,,,,,,,,,,,not_in_valid_tracks,,,,,,,,,,,,,,,,,,,,
1780369916.870504,,,MATCH_ACCEPT,195,0,14.182334,19.110000,15.323936,,16.224792,3.102851,78.926762,51.017374,1301.386248,1301.386248,0,44,,,,,,,,,,,,,,,,,,,,,
1780369916.870504,,,TRACK_DELETE,187,,,,330.550573,,70.242251,,,,803.104852,777.344079,0,50,,,,,,,,,,,,,,,,,,,,,
1780369916.869997,,,TargetLost,200,,,,,,,,,,,,,,not_in_valid_tracks,,,,,,,,,,,,,,,,,,,,
1780369917.369544,,,MATCH_REJECT,195,0,6.835534,17.817500,14.127116,,19.253171,7.431575,7.095808,2.063872,2.985947,1.273619,1,2,,,,,,,,,,,,,,,,,,,,,
1780369917.369544,,,NEW_TRACK,205,0,6.835534,17.817500,,,,,,,1.000000,1.000000,1,0,,,,,,,,,,,,,,,,,,,,,
1780369917.369544,,,TargetLost,200,,,,,,,,,,,,,,not_in_valid_tracks,,,,,,,,,,,,,,,,,,,,
1780369917.579038,,,BBOX_REJECT,,0,,,,,,,,,,,,,invalid_clipped_bbox,,,,,,,,,,,4072.000,568.000,4192.000,812.000,,,,,,
1780369917.579543,,,MATCH_ACCEPT,189,0,342.034193,39.120625,343.162475,,57.845146,18.758483,22.472926,13.381484,93.324754,85.739352,0,22,,,,,,,,,,,,,,,,,,,,,
1780369917.579543,,,MATCH_ACCEPT,205,1,5.108321,17.217083,6.835534,,17.817500,1.828597,6.588427,1.725618,1.488879,1.488879,1,1,,,,,,,,,,,,,,,,,,,,,
1780369917.579038,,,TargetLost,200,,,,,,,,,,,,,,not_in_valid_tracks,,,,,,,,,,,,,,,,,,,,
1780369917.911457,,,MATCH_ACCEPT,205,0,2.870691,17.052083,6.386346,,17.421480,3.535009,7.216029,2.144019,2.700439,1.896379,2,1,,,,,,,,,,,,,,,,,,,,,
1780369917.911457,,,TargetLost,200,,,,,,,,,,,,,,not_in_valid_tracks,,,,,,,,,,,,,,,,,,,,
1780369917.911457,,,TargetSwitch,205,,,,,,,,,,,,,,master_lost,,,,,,,,,,,,,,,,,,,,
1780369917.911457,,,UI_STATUS_SEND,205,,,,5.325637,185.325637,17.218953,,,,,,3,0,"internal_id=205,ui_id=48",205,48,205,1,-1,51.980000,mono,,,,,,,,,,,,,
1780369918.176763,,,MATCH_ACCEPT,193,3,359.566654,17.547083,358.246926,,8.683625,8.961170,26.103117,14.735411,122.482923,94.649415,0,24,,,,,,,,,,,,,,,,,,,,,
1780369918.176763,,,MATCH_ACCEPT,201,1,40.875657,10.480833,39.670594,,15.342500,5.008790,37.080109,22.053406,243.176361,243.176361,0,20,,,,,,,,,,,,,,,,,,,,,
1780369918.177855,,,MATCH_ACCEPT,204,2,358.047318,39.423125,0.075313,,33.923125,5.861976,20.172428,10.781619,58.121651,58.121651,0,10,,,,,,,,,,,,,,,,,,,,,
1780369918.177855,,,MATCH_ACCEPT,205,0,1.230066,17.221667,4.806123,,17.028774,3.581256,7.596407,2.424004,3.864392,2.011406,3,1,,,,,,,,,,,,,,,,,,,,,
1780369918.177855,,,TRACK_DELETE,192,,,,2.116964,,-15.008819,,,,1642.689575,1459.506091,0,50,,,,,,,,,,,,,,,,,,,,,
1780369918.176763,,,UI_STATUS_SEND,205,,,,3.420947,183.420947,17.138392,,,,,,4,0,"internal_id=205,ui_id=48",205,48,205,1,-1,25.150000,mono,,,,,,,,,,,,,
1780369918.378582,,no_packet,TRACK_DELETE,196,,,,14.895551,,15.908542,,,,1729.826473,1729.826473,0,50,,,,,,,,,,,,,,,,,,,,,
1780369918.682009,,,MATCH_ACCEPT,193,0,357.953373,17.707500,358.068222,,18.407195,0.709058,8.703430,3.135620,7.533302,2.298813,1,2,,,,,,,,,,,,,,,,,,,,,
1780369918.681504,,,TargetLost,205,,,,,,,,,,,,,,not_in_valid_tracks,,,,,,,,,,,,,,,,,,,,
1780369918.914162,,,MATCH_ACCEPT,193,0,356.330977,17.904583,357.262700,,18.458948,1.084171,7.461039,2.307359,4.030439,1.293467,2,1,,,,,,,,,,,,,,,,,,,,,
1780369918.914162,,,MATCH_ACCEPT,201,1,38.779303,9.467917,41.027892,,9.761783,2.267710,9.198599,3.465733,9.035922,2.975380,0,3,,,,,,,,,,,,,,,,,,,,,
1780369918.914162,,,TargetLost,205,,,,,,,,,,,,,,not_in_valid_tracks,,,,,,,,,,,,,,,,,,,,
1780369918.914162,,,TargetSwitch,193,,,,,,,,,,,,,,master_lost,,,,,,,,,,,,,,,,,,,,
1780369918.914162,,,UI_STATUS_SEND,193,,,,356.897419,176.897419,18.207876,,,,,,3,0,"internal_id=193,ui_id=46",193,46,193,1,-1,97.460000,mono,,,,,,,,,,,,,
1780369919.156959,,,MATCH_ACCEPT,193,0,355.018477,17.757917,356.095343,,18.652359,1.399881,6.101894,2.034063,3.048973,1.088437,3,1,,,,,,,,,,,,,,,,,,,,,
1780369919.156959,,,MATCH_ACCEPT,201,2,36.013027,8.716250,39.665158,,9.280233,3.695421,6.672125,2.414216,4.399113,1.429328,1,1,,,,,,,,,,,,,,,,,,,,,
1780369919.156959,,,MATCH_ACCEPT,203,1,317.871537,37.333125,315.793412,,37.704375,2.111026,32.228256,19.885038,197.707359,197.707359,0,18,,,,,,,,,,,,,,,,,,,,,
1780369919.156959,,,TRACK_DELETE,191,,,,54.759234,,43.958218,,,,629.307716,572.668588,0,50,,,,,,,,,,,,,,,,,,,,,
1780369919.156959,,,TRACK_DELETE,199,,,,336.178223,,-30.860015,,,,1578.870283,1405.489315,0,50,,,,,,,,,,,,,,,,,,,,,
1780369919.155427,,,UI_STATUS_SEND,193,,,,355.583781,175.583781,18.148130,,,,,,4,0,"internal_id=193,ui_id=46",193,46,193,1,-1,25.150000,mono,,,,,,,,,,,,,
1780369919.431971,,,MATCH_ACCEPT,193,0,353.874597,17.262917,354.694420,,18.505601,1.488749,6.576806,1.717870,2.139128,0.811951,4,1,,,,,,,,,,,,,,,,,,,,,
1780369919.431971,,,MATCH_ACCEPT,201,1,32.672532,8.372500,37.375872,,8.568243,4.707411,6.706586,1.804391,2.413014,0.842812,2,1,,,,,,,,,,,,,,,,,,,,,
1780369919.431971,,,UI_STATUS_SEND,193,,,,354.485375,174.485375,18.080661,,,,,,5,0,"internal_id=193,ui_id=46",193,46,193,1,-1,25.150000,mono,,,,,,,,,,,,,
1780369919.695643,,,BBOX_CLIPPED,,0,,,,,,,,,,,,,bbox_out_of_image_bounds,,,,,,,,,,,-4.000,1588.000,244.000,1768.000,0.000,1588.000,244.000,1768.000,1,0.983871
1780369919.695643,,,MATCH_ACCEPT,193,0,352.776290,16.259167,353.566079,,18.338690,2.224451,6.662263,1.774842,2.225483,0.924582,5,1,,,,,,,,,,,,,,,,,,,,,
1780369919.695643,,,UI_STATUS_SEND,193,,,,353.358697,173.358697,17.565620,,,,,,6,0,"internal_id=193,ui_id=46",193,46,193,1,-1,25.150000,mono,,,,,,,,,,,,,
1780369920.039746,,,BBOX_CLIPPED,,0,,,,,,,,,,,,,bbox_out_of_image_bounds,,,,,,,,,,,3438.000,2062.000,3686.000,2242.000,3438.000,2062.000,3686.000,2160.000,1,0.544444
1780369920.039746,,,MATCH_ACCEPT,190,0,347.400373,14.274583,344.377799,,14.737954,3.057886,29.961872,18.374115,175.322193,162.285896,0,29,,,,,,,,,,,,,,,,,,,,,
1780369920.039746,,,MATCH_ACCEPT,201,1,29.751308,8.512292,35.316120,,7.756668,5.615879,6.269769,2.145979,3.127804,1.477422,2,2,,,,,,,,,,,,,,,,,,,,,
1780369920.039746,,,TargetLost,193,,,,,,,,,,,,,,not_in_valid_tracks,,,,,,,,,,,,,,,,,,,,
1780369920.039746,,,TargetSwitch,201,,,,,,,,,,,,,,master_lost,,,,,,,,,,,,,,,,,,,,
1780369920.039746,,,UI_STATUS_SEND,201,,,,32.637128,212.637128,8.237918,,,,,,3,0,"internal_id=201,ui_id=49",201,49,201,1,-1,155.930000,mono,,,,,,,,,,,,,
1780369920.443452,,,BBOX_CLIPPED,,0,,,,,,,,,,,,,bbox_out_of_image_bounds,,,,,,,,,,,3741.000,250.000,3989.000,430.000,3741.000,250.000,3840.000,430.000,1,0.399194
1780369920.443956,,,MATCH_ACCEPT,190,1,351.295414,12.891667,348.023047,,14.091664,3.485453,6.656059,1.770706,2.406478,0.728922,1,1,,,,,,,,,,,,,,,,,,,,,
1780369920.443956,,,MATCH_ACCEPT,193,0,352.091525,13.680000,351.454205,,17.721731,4.091671,7.306730,2.204487,3.289164,1.570597,5,2,,,,,,,,,,,,,,,,,,,,,
1780369920.443956,,,MATCH_ACCEPT,201,2,27.764329,8.597083,31.880737,,7.966284,4.164460,5.092851,1.768101,2.242886,0.883294,3,1,,,,,,,,,,,,,,,,,,,,,
1780369920.443452,,,UI_STATUS_SEND,201,,,,29.776391,209.776391,8.358824,,,,,,4,0,"internal_id=201,ui_id=49",201,49,201,1,-1,25.150000,mono,,,,,,,,,,,,,
1780369921.028211,,,MATCH_ACCEPT,190,0,350.240401,11.617500,350.268276,,13.245951,1.628689,7.059494,2.039662,2.824426,1.335797,2,2,,,,,,,,,,,,,,,,,,,,,
1780369921.028211,,,MATCH_ACCEPT,201,1,23.876357,7.946250,27.832248,,8.016746,3.956518,6.608342,1.738895,2.120082,0.903674,4,2,,,,,,,,,,,,,,,,,,,,,
1780369921.027706,,,UI_STATUS_SEND,201,,,,26.830249,206.830249,7.990914,,,,,,5,0,"internal_id=201,ui_id=49",201,49,201,1,-1,47.250000,mono,,,,,,,,,,,,,
1780369921.332897,,,BBOX_REJECT,,0,,,,,,,,,,,,,invalid_clipped_bbox,,,,,,,,,,,4003.000,1172.000,4067.000,1292.000,,,,,,
1780369921.333447,,,MATCH_ACCEPT,202,0,42.698574,5.883750,35.700159,,15.201312,11.653102,52.059911,32.039941,544.982371,481.575430,0,29,,,,,,,,,,,,,,,,,,,,,
1780369921.332897,,,TargetLost,201,,,,,,,,,,,,,,not_in_valid_tracks,,,,,,,,,,,,,,,,,,,,
1780369921.543659,,,MATCH_ACCEPT,190,0,352.146212,7.964583,351.617194,,11.691833,3.764605,7.469740,2.313160,3.520970,1.829739,2,2,,,,,,,,,,,,,,,,,,,,,
1780369921.543659,,,MATCH_ACCEPT,201,1,20.809300,7.982917,24.545824,,7.632319,3.752936,7.144137,2.096092,3.012303,1.381297,4,2,,,,,,,,,,,,,,,,,,,,,
1780369921.543154,,,UI_STATUS_SEND,201,,,,23.330625,203.330625,7.796828,,,,,,5,0,"internal_id=201,ui_id=49",201,49,201,1,-1,97.460000,mono,,,,,,,,,,,,,
1780369921.847027,,,MATCH_ACCEPT,190,1,353.991916,5.590417,352.574120,,8.825718,3.532325,6.215063,2.109509,3.115908,1.334120,3,1,,,,,,,,,,,,,,,,,,,,,
1780369921.847027,,,MATCH_ACCEPT,202,0,39.162116,5.828750,43.490882,,5.667921,4.331753,8.694592,3.156128,7.635261,2.325884,0,2,,,,,,,,,,,,,,,,,,,,,
1780369921.847027,,,TargetLost,201,,,,,,,,,,,,,,not_in_valid_tracks,,,,,,,,,,,,,,,,,,,,
1780369921.847027,,,TargetSwitch,190,,,,,,,,,,,,,,master_lost,,,,,,,,,,,,,,,,,,,,
1780369921.847027,,,UI_STATUS_SEND,190,,,,353.255322,173.255322,6.842535,,,,,,4,0,"internal_id=190,ui_id=50",190,50,190,1,-1,97.460000,mono,,,,,,,,,,,,,
1780369922.095044,,,MATCH_ACCEPT,201,0,16.981175,6.218333,20.484231,,7.472119,3.720669,6.575189,2.349593,3.822086,1.698501,4,2,,,,,,,,,,,,,,,,,,,,,
1780369922.095044,,,TargetLost,190,,,,,,,,,,,,,,not_in_valid_tracks,,,,,,,,,,,,,,,,,,,,
1780369922.095044,,,TargetSwitch,201,,,,,,,,,,,,,,master_lost,,,,,,,,,,,,,,,,,,,,
1780369922.095044,,,UI_STATUS_SEND,201,,,,18.622418,198.622418,6.633982,,,,,,5,0,"internal_id=201,ui_id=49",201,49,201,1,-1,25.150000,mono,,,,,,,,,,,,,
1780369922.302505,,,BBOX_CLIPPED,,0,,,,,,,,,,,,,bbox_out_of_image_bounds,,,,,,,,,,,2253.000,2106.000,2317.000,2226.000,2253.000,2106.000,2317.000,2160.000,1,0.450000
1780369922.303011,,,MATCH_ACCEPT,202,0,35.972011,4.673750,41.661272,,5.544928,5.755574,7.878272,2.585515,4.788415,1.896471,0,2,,,,,,,,,,,,,,,,,,,,,
1780369922.302505,,,TargetLost,201,,,,,,,,,,,,,,not_in_valid_tracks,,,,,,,,,,,,,,,,,,,,
1780369922.885783,,,MATCH_ACCEPT,189,0,338.481784,39.870000,347.454053,,35.431872,10.009924,19.002664,11.067976,65.370742,57.129351,0,19,,,,,,,,,,,,,,,,,,,,,
1780369922.885783,,,TargetLost,201,,,,,,,,,,,,,,not_in_valid_tracks,,,,,,,,,,,,,,,,,,,,
1780369923.124856,,,BBOX_CLIPPED,,0,,,,,,,,,,,,,bbox_out_of_image_bounds,,,,,,,,,,,2357.000,2059.000,2605.000,2239.000,2357.000,2059.000,2605.000,2160.000,1,0.561111
1780369923.124856,,,BBOX_REJECT,,0,,,,,,,,,,,,,invalid_clipped_bbox,,,,,,,,,,,3977.000,1563.000,4097.000,1807.000,,,,,,
1780369923.124856,,,MATCH_ACCEPT,202,0,36.865241,4.781458,39.363404,,4.479992,2.516287,7.402737,2.901291,5.572371,2.845119,0,3,,,,,,,,,,,,,,,,,,,,,
1780369923.124856,,,TRACK_DELETE,198,,,,108.058535,,33.920143,,,,661.269118,635.316568,0,50,,,,,,,,,,,,,,,,,,,,,
1780369923.124856,,,TargetLost,201,,,,,,,,,,,,,,not_in_valid_tracks,,,,,,,,,,,,,,,,,,,,
1780369923.613987,,,BBOX_CLIPPED,,1,,,,,,,,,,,,,bbox_out_of_image_bounds,,,,,,,,,,,2817.000,2152.000,3065.000,2332.000,2817.000,2152.000,3065.000,2160.000,1,0.044444
1780369923.613987,,,MATCH_ACCEPT,197,0,40.319668,6.206875,19.459651,,25.230963,28.232184,31.703740,18.495560,173.261444,168.824306,0,26,,,,,,,,,,,,,,,,,,,,,
1780369923.615012,,,MATCH_ACCEPT,202,1,38.941087,4.781458,37.555550,,4.404455,1.435912,7.370252,2.246835,3.599840,1.448426,1,2,,,,,,,,,,,,,,,,,,,,,
1780369923.613987,,,TargetLost,201,,,,,,,,,,,,,,not_in_valid_tracks,,,,,,,,,,,,,,,,,,,,
