timestamp,event,cmd_id,track_id,cmd_az,cmd_el,gimbal_ui_az,gimbal_ui_el,gimbal_ctrl_az,gimbal_ctrl_el,target_ctrl_az,target_ctrl_el,err_az,err_el,is_settled,settle_time,laser_valid,laser_dist,laser_source,laser_ts,laser_age,laser_interval
1780369421.300927,GIMBAL_CMD_SEND,0,-1,,,,,,,59.300000,0.000000,,,,,,,,,,
1780369421.341557,GIMBAL_ATT,0,-1,,,0.700000,18.700000,60.000000,18.700000,59.300000,0.000000,0.700000,18.700000,,,,,,,,
1780369421.614287,GIMBAL_ATT,0,-1,,,0.000000,18.700000,59.300000,18.700000,59.300000,0.000000,0.000000,18.700000,,,,,,,,
1780369422.099280,GIMBAL_CMD,1,1,57.452413,20.275620,0.000000,18.700000,,,57.452413,20.275620,,,,,,,,,,
1780369421.924975,GIMBAL_ATT,0,-1,,,0.000000,15.100000,59.300000,15.100000,59.300000,0.000000,0.000000,15.100000,,,,,,,,
1780369422.237963,GIMBAL_CMD_PREEMPT,1,1,,,,,,,57.452413,20.275620,1.847587,20.275620,,,,,,,,
1780369422.428697,GIMBAL_CMD,2,1,54.038899,20.472988,0.000000,15.100000,,,54.038899,20.472988,,,,,,,,,,
1780369422.237963,GIMBAL_ATT,1,1,,,358.900000,11.800000,58.200000,11.800000,57.452413,20.275620,0.747587,8.475620,,,,,,,,
1780369422.555100,GIMBAL_CMD_PREEMPT,2,1,,,,,,,54.038899,20.275620,3.413514,0.197368,,,,,,,,
1780369422.555100,GIMBAL_ATT,2,1,,,358.100000,11.800000,57.400000,11.800000,54.038899,20.275620,3.361101,8.475620,,,,,,,,
1780369422.862942,GIMBAL_ATT,2,1,,,358.100000,19.500000,57.400000,19.500000,54.038899,20.275620,3.361101,0.775620,,,,,,,,
1780369423.337808,GIMBAL_CMD,3,3,43.386609,20.233123,358.100000,19.500000,,,43.386609,20.233123,,,,,,,,,,
1780369423.252996,GIMBAL_ATT,2,1,,,358.100000,20.000000,57.400000,20.000000,54.038899,20.275620,3.361101,0.275620,,,,,,,,
1780369423.565284,GIMBAL_CMD_PREEMPT,3,3,,,,,,,43.386609,20.233123,10.652290,0.042496,,,,,,,,
1780369423.615476,GIMBAL_CMD,4,3,40.800785,20.091364,358.100000,20.000000,,,40.800785,20.091364,,,,,,,,,,
1780369423.565284,GIMBAL_ATT,3,3,,,357.000000,20.000000,56.300000,20.000000,43.386609,20.233123,12.913391,0.233123,,,,,,,,
1780369423.878720,GIMBAL_CMD_PREEMPT,4,3,,,,,,,40.800785,20.233123,2.585824,0.141759,,,,,,,,
1780369423.919831,GIMBAL_CMD,5,3,37.692265,20.220101,357.000000,20.000000,,,37.692265,20.220101,,,,,,,,,,
1780369423.878720,GIMBAL_ATT,4,3,,,351.700000,20.000000,51.000000,20.000000,40.800785,20.233123,10.199215,0.233123,,,,,,,,
1780369424.191413,GIMBAL_CMD_PREEMPT,5,3,,,,,,,37.692265,20.233123,3.108520,0.013023,,,,,,,,
1780369424.242344,GIMBAL_CMD,6,3,34.588458,20.384804,351.700000,20.000000,,,34.588458,20.384804,,,,,,,,,,
1780369424.191413,GIMBAL_ATT,5,3,,,342.800000,20.000000,42.100000,20.000000,37.692265,20.233123,4.407735,0.233123,,,,,,,,
1780369424.502100,GIMBAL_CMD_PREEMPT,6,3,,,,,,,34.588458,20.233123,3.103807,0.151681,,,,,,,,
1780369424.517703,GIMBAL_CMD,7,3,31.856140,20.283071,342.800000,20.000000,,,31.856140,20.283071,,,,,,,,,,
1780369424.502100,GIMBAL_ATT,6,3,,,336.000000,20.000000,35.300000,20.000000,34.588458,20.233123,0.711542,0.233123,,,,,,,,
1780369424.749618,GIMBAL_CMD_PREEMPT,7,3,,,,,,,31.856140,20.233123,2.732319,0.049947,,,,,,,,
1780369424.749618,GIMBAL_ATT,7,3,,,335.100000,20.000000,34.400000,20.000000,31.856140,20.233123,2.543860,0.233123,,,,,,,,
1780369425.066365,GIMBAL_ATT,7,3,,,335.100000,20.000000,34.400000,20.000000,31.856140,20.233123,2.543860,0.233123,,,,,,,,
1780369425.377337,GIMBAL_ATT,7,3,,,335.100000,20.000000,34.400000,20.000000,31.856140,20.233123,2.543860,0.233123,,,,,,,,
1780369425.687848,GIMBAL_ATT,7,3,,,335.100000,20.000000,34.400000,20.000000,31.856140,20.233123,2.543860,0.233123,,,,,,,,
1780369426.001683,GIMBAL_ATT,7,3,,,335.100000,20.000000,34.400000,20.000000,31.856140,20.233123,2.543860,0.233123,,,,,,,,
1780369426.314219,GIMBAL_ATT,7,3,,,335.100000,20.000000,34.400000,20.000000,31.856140,20.233123,2.543860,0.233123,,,,,,,,
1780369426.627151,GIMBAL_ATT,7,3,,,335.100000,20.000000,34.400000,20.000000,31.856140,20.233123,2.543860,0.233123,,,,,,,,
1780369427.043520,GIMBAL_CMD,8,2,46.120989,13.703224,335.100000,20.000000,,,46.120989,13.703224,,,,,,,,,,
1780369426.938369,GIMBAL_ATT,7,3,,,335.100000,20.000000,34.400000,20.000000,31.856140,20.233123,2.543860,0.233123,,,,,,,,
1780369427.249591,GIMBAL_CMD_PREEMPT,8,2,,,,,,,46.120989,13.703224,14.264849,6.529899,,,,,,,,
1780369427.249591,GIMBAL_ATT,8,2,,,336.200000,19.900000,35.500000,19.900000,46.120989,13.703224,10.620989,6.196776,,,,,,,,
1780369427.608295,GIMBAL_ATT,8,2,,,341.700000,18.600000,41.000000,18.600000,46.120989,13.703224,5.120989,4.896776,,,,,,,,
1780369428.081200,GIMBAL_CMD,9,2,44.919568,12.506662,341.700000,18.600000,,,44.919568,12.506662,,,,,,,,,,
1780369427.922820,GIMBAL_ATT,8,2,,,341.700000,15.800000,41.000000,15.800000,46.120989,13.703224,5.120989,2.096776,,,,,,,,
1780369428.239311,GIMBAL_CMD_PREEMPT,9,2,,,,,,,44.919568,12.506662,1.201420,1.196562,,,,,,,,
1780369428.239311,GIMBAL_ATT,9,2,,,345.600000,13.800000,44.900000,13.800000,44.919568,12.506662,0.019568,1.293338,,,,,,,,
1780369428.510473,GIMBAL_ATT,9,2,,,345.600000,13.800000,44.900000,13.800000,44.919568,12.506662,0.019568,1.293338,,,,,,,,
1780369428.826516,GIMBAL_ATT,9,2,,,345.600000,13.800000,44.900000,13.800000,44.919568,12.506662,0.019568,1.293338,,,,,,,,
1780369429.142032,GIMBAL_ATT,9,2,,,345.600000,13.800000,44.900000,13.800000,44.919568,12.506662,0.019568,1.293338,,,,,,,,
1780369429.451983,GIMBAL_ATT,9,2,,,345.600000,13.800000,44.900000,13.800000,44.919568,12.506662,0.019568,1.293338,,,,,,,,
1780369429.764586,GIMBAL_ATT,9,2,,,345.600000,13.800000,44.900000,13.800000,44.919568,12.506662,0.019568,1.293338,,,,,,,,
1780369430.265043,GIMBAL_CMD,10,2,45.099265,8.173295,345.600000,13.800000,,,45.099265,8.173295,,,,,,,,,,
1780369430.076163,GIMBAL_ATT,9,2,,,345.600000,13.800000,44.900000,13.800000,44.919568,12.506662,0.019568,1.293338,,,,,,,,
1780369430.388803,GIMBAL_CMD_PREEMPT,10,2,,,,,,,44.919568,8.173295,0.179697,4.333367,,,,,,,,
1780369430.388803,GIMBAL_ATT,10,2,,,345.600000,13.800000,44.900000,13.800000,44.919568,8.173295,0.019568,5.626705,,,,,,,,
1780369430.823256,GIMBAL_CMD,11,2,44.475951,7.378710,345.600000,13.800000,,,44.475951,7.378710,,,,,,,,,,
1780369430.701413,GIMBAL_ATT,10,2,,,345.600000,12.600000,44.900000,12.600000,44.919568,8.173295,0.019568,4.426705,,,,,,,,
1780369431.015012,GIMBAL_CMD_PREEMPT,11,2,,,,,,,44.475951,8.173295,0.443618,0.794586,,,,,,,,
1780369431.222578,GIMBAL_CMD,12,2,43.196588,6.918101,345.600000,12.600000,,,43.196588,6.918101,,,,,,,,,,
1780369431.015012,GIMBAL_ATT,11,2,,,345.600000,10.000000,44.900000,10.000000,44.475951,8.173295,0.424049,1.826705,,,,,,,,
1780369431.314517,GIMBAL_CMD_PREEMPT,12,2,,,,,,,43.196588,6.918101,1.279363,1.255195,,,,,,,,
1780369431.314517,GIMBAL_ATT,12,2,,,344.000000,8.200000,43.300000,8.200000,43.196588,6.918101,0.103412,1.281899,,,,,,,,
1780369431.587795,GIMBAL_ATT,12,2,,,343.800000,8.200000,43.100000,8.200000,43.196588,6.918101,0.096588,1.281899,,,,,,,,
1780369431.907271,GIMBAL_ATT,12,2,,,343.800000,8.200000,43.100000,8.200000,43.196588,6.918101,0.096588,1.281899,,,,,,,,
1780369432.217028,GIMBAL_ATT,12,2,,,343.800000,8.200000,43.100000,8.200000,43.196588,6.918101,0.096588,1.281899,,,,,,,,
1780369432.527017,GIMBAL_ATT,12,2,,,343.800000,8.200000,43.100000,8.200000,43.196588,6.918101,0.096588,1.281899,,,,,,,,
1780369432.838832,GIMBAL_ATT,12,2,,,343.800000,8.200000,43.100000,8.200000,43.196588,6.918101,0.096588,1.281899,,,,,,,,
1780369433.150962,GIMBAL_ATT,12,2,,,343.800000,8.200000,43.100000,8.200000,43.196588,6.918101,0.096588,1.281899,,,,,,,,
1780369433.464573,GIMBAL_ATT,12,2,,,343.800000,8.200000,43.100000,8.200000,43.196588,6.918101,0.096588,1.281899,,,,,,,,
1780369433.777663,GIMBAL_ATT,12,2,,,343.800000,8.200000,43.100000,8.200000,43.196588,6.918101,0.096588,1.281899,,,,,,,,
1780369434.089805,GIMBAL_ATT,12,2,,,343.800000,8.200000,43.100000,8.200000,43.196588,6.918101,0.096588,1.281899,,,,,,,,
1780369434.089805,GIMBAL_TIMEOUT,12,2,,,,,,,43.196588,6.918101,0.096588,1.281899,0,2.775288,,,,,,
1780369436.872945,GIMBAL_CMD,13,2,33.862144,7.583021,343.800000,8.200000,,,33.862144,7.583021,,,,,,,,,,
1780369437.113024,GIMBAL_CMD_SEND,13,2,,,,,,,33.862144,7.583021,,,,,,,,,,
1780369437.153704,GIMBAL_ATT,13,2,,,342.800000,8.100000,42.100000,8.100000,33.862144,7.583021,8.237856,0.516979,,,,,,,,
1780369437.386838,GIMBAL_ATT,13,2,,,339.200000,8.100000,38.500000,8.100000,33.862144,7.583021,4.637856,0.516979,,,,,,,,
1780369437.696145,GIMBAL_ATT,13,2,,,339.200000,7.500000,38.500000,7.500000,33.862144,7.583021,4.637856,0.083021,,,,,,,,
1780369438.090854,GIMBAL_ATT,13,2,,,334.500000,7.500000,33.800000,7.500000,33.862144,7.583021,0.062144,0.083021,,,,,,,,
1780369438.090854,GIMBAL_SETTLED,13,2,,,334.500000,7.500000,33.800000,7.500000,33.862144,7.583021,0.062144,0.083021,1,0.977830,,,,,,
1780369438.381450,LASER_TRIGGER,13,2,,,334.500000,7.500000,33.800000,7.500000,33.862144,7.583021,0.062144,0.083021,1,0.977830,0,,sddm,,,
1780369438.656728,GIMBAL_CMD,14,2,30.324522,15.315583,334.500000,7.500000,,,30.324522,15.315583,,,,,,,,,,
1780369438.770272,GIMBAL_CMD_SEND,14,2,,,,,,,30.324522,15.315583,,,,,,,,,,
1780369438.811043,GIMBAL_ATT,14,2,,,333.500000,7.600000,32.800000,7.600000,30.324522,15.315583,2.475478,7.715583,,,,,,,,
1780369439.119088,GIMBAL_ATT,14,2,,,333.500000,8.900000,32.800000,8.900000,30.324522,15.315583,2.475478,6.415583,,,,,,,,
1780369439.463275,GIMBAL_ATT,14,2,,,330.900000,12.000000,30.200000,12.000000,30.324522,15.315583,0.124522,3.315583,,,,,,,,
1780369439.776171,GIMBAL_ATT,14,2,,,330.900000,15.100000,30.200000,15.100000,30.324522,15.315583,0.124522,0.215583,,,,,,,,
1780369439.776171,GIMBAL_SETTLED,14,2,,,330.900000,15.100000,30.200000,15.100000,30.324522,15.315583,0.124522,0.215583,1,1.005899,,,,,,
1780369440.100228,LASER_TRIGGER,14,2,,,330.900000,15.100000,30.200000,15.100000,30.324522,15.315583,0.124522,0.215583,1,1.005899,0,,sddm,,,
1780369440.344970,GIMBAL_CMD,15,2,32.495082,16.747247,330.900000,15.100000,,,32.495082,16.747247,,,,,,,,,,
1780369440.488232,GIMBAL_CMD_SEND,15,2,,,,,,,32.495082,16.747247,,,,,,,,,,
1780369440.549780,GIMBAL_CMD,16,2,33.111278,16.719623,330.900000,15.300000,,,33.111278,16.719623,,,,,,,,,,
1780369440.528946,GIMBAL_ATT,15,2,,,331.900000,15.400000,31.200000,15.400000,32.495082,16.747247,1.295082,1.347247,,,,,,,,
1780369440.820359,GIMBAL_CMD_PREEMPT,16,2,,,,,,,33.111278,16.747247,0.616196,0.027624,,,,,,,,
1780369440.920640,GIMBAL_CMD,17,2,33.588021,16.755242,331.900000,15.400000,,,33.588021,16.755242,,,,,,,,,,
1780369440.820359,GIMBAL_ATT,16,2,,,331.900000,15.400000,31.200000,15.400000,33.111278,16.747247,1.911278,1.347247,,,,,,,,
1780369441.196774,GIMBAL_CMD_PREEMPT,17,2,,,,,,,33.588021,16.747247,0.476743,0.007995,,,,,,,,
1780369441.243543,GIMBAL_CMD,18,2,34.112495,16.719341,331.900000,15.400000,,,34.112495,16.719341,,,,,,,,,,
1780369441.196774,GIMBAL_ATT,17,2,,,334.000000,16.800000,33.300000,16.800000,33.588021,16.747247,0.288021,0.052753,,,,,,,,
1780369441.196774,GIMBAL_SETTLED,17,2,,,334.000000,16.800000,33.300000,16.800000,33.588021,16.747247,0.288021,0.052753,1,0.000000,,,,,,
1780369441.407302,LASER_TRIGGER,17,2,,,334.000000,16.800000,33.300000,16.800000,33.588021,16.747247,0.288021,0.052753,1,0.000000,0,,sddm,,,
1780369441.407302,GIMBAL_CMD_SEND,18,2,,,,,,,34.112495,16.719341,,,,,,,,,,
1780369441.467282,GIMBAL_CMD,19,2,34.797543,16.661303,334.000000,16.800000,,,34.797543,16.661303,,,,,,,,,,
1780369441.407302,GIMBAL_ATT,18,2,,,334.100000,16.800000,33.400000,16.800000,34.112495,16.719341,0.712495,0.080659,,,,,,,,
1780369441.838135,GIMBAL_CMD_PREEMPT,19,2,,,,,,,34.797543,16.719341,0.685048,0.058038,,,,,,,,
1780369441.984121,GIMBAL_CMD,20,2,35.825805,16.616495,334.100000,16.800000,,,35.825805,16.616495,,,,,,,,,,
1780369441.838135,GIMBAL_ATT,19,2,,,335.200000,16.800000,34.500000,16.800000,34.797543,16.719341,0.297543,0.080659,,,,,,,,
1780369441.838135,GIMBAL_SETTLED,19,2,,,335.200000,16.800000,34.500000,16.800000,34.797543,16.719341,0.297543,0.080659,1,0.000000,,,,,,
1780369442.047792,LASER_TRIGGER,19,2,,,335.200000,16.800000,34.500000,16.800000,34.797543,16.719341,0.297543,0.080659,1,0.000000,0,,sddm,,,
1780369442.047792,GIMBAL_CMD_SEND,20,2,,,,,,,35.825805,16.616495,,,,,,,,,,
1780369442.259686,GIMBAL_CMD,21,2,36.563996,16.550531,335.200000,16.800000,,,36.563996,16.550531,,,,,,,,,,
1780369442.047792,GIMBAL_ATT,20,2,,,335.400000,16.800000,34.700000,16.800000,35.825805,16.616495,1.125805,0.183505,,,,,,,,
1780369442.477901,GIMBAL_CMD_PREEMPT,21,2,,,,,,,36.563996,16.616495,0.738191,0.065964,,,,,,,,
1780369442.526857,GIMBAL_CMD,22,2,37.219966,16.533379,335.400000,16.800000,,,37.219966,16.533379,,,,,,,,,,
1780369442.477901,GIMBAL_ATT,21,2,,,336.400000,16.800000,35.700000,16.800000,36.563996,16.616495,0.863996,0.183505,,,,,,,,
1780369442.743804,GIMBAL_CMD_PREEMPT,22,2,,,,,,,37.219966,16.616495,0.655970,0.083116,,,,,,,,
1780369442.921536,GIMBAL_CMD,23,2,37.832368,16.537086,336.400000,16.800000,,,37.832368,16.537086,,,,,,,,,,
1780369442.743804,GIMBAL_ATT,22,2,,,337.100000,16.800000,36.400000,16.800000,37.219966,16.616495,0.819966,0.183505,,,,,,,,
1780369443.054185,GIMBAL_CMD_PREEMPT,23,2,,,,,,,37.832368,16.616495,0.612402,0.079410,,,,,,,,
1780369443.202414,GIMBAL_CMD,24,2,38.412863,16.532344,337.100000,16.800000,,,38.412863,16.532344,,,,,,,,,,
1780369443.054185,GIMBAL_ATT,23,2,,,338.200000,16.800000,37.500000,16.800000,37.832368,16.616495,0.332368,0.183505,,,,,,,,
1780369443.286922,GIMBAL_CMD_PREEMPT,24,2,,,,,,,38.412863,16.616495,0.580495,0.084151,,,,,,,,
1780369443.529912,GIMBAL_CMD,25,2,39.028012,16.561161,338.200000,16.800000,,,39.028012,16.561161,,,,,,,,,,
1780369443.286922,GIMBAL_ATT,24,2,,,338.400000,16.800000,37.700000,16.800000,38.412863,16.616495,0.712863,0.183505,,,,,,,,
1780369443.602164,GIMBAL_CMD_PREEMPT,25,2,,,,,,,39.028012,16.616495,0.615149,0.055334,,,,,,,,
1780369443.789536,GIMBAL_CMD,26,2,39.615258,16.620904,338.400000,16.800000,,,39.615258,16.620904,,,,,,,,,,
1780369443.602164,GIMBAL_ATT,25,2,,,339.500000,16.800000,38.800000,16.800000,39.028012,16.616495,0.228012,0.183505,,,,,,,,
1780369443.602164,GIMBAL_SETTLED,25,2,,,339.500000,16.800000,38.800000,16.800000,39.028012,16.616495,0.228012,0.183505,1,0.000000,,,,,,
1780369443.811619,LASER_TRIGGER,25,2,,,339.500000,16.800000,38.800000,16.800000,39.028012,16.616495,0.228012,0.183505,1,0.000000,0,,sddm,,,
1780369443.811619,GIMBAL_CMD_SEND,26,2,,,,,,,39.615258,16.620904,,,,,,,,,,
1780369444.038143,GIMBAL_CMD,27,2,40.226131,16.688700,339.500000,16.800000,,,40.226131,16.688700,,,,,,,,,,
1780369443.811783,GIMBAL_ATT,26,2,,,339.700000,16.800000,39.000000,16.800000,39.615258,16.620904,0.615258,0.179096,,,,,,,,
1780369444.239174,GIMBAL_CMD_PREEMPT,27,2,,,,,,,40.226131,16.620904,0.610873,0.067797,,,,,,,,
1780369444.405048,GIMBAL_CMD,28,2,40.809746,16.755557,339.700000,16.800000,,,40.809746,16.755557,,,,,,,,,,
1780369444.239174,GIMBAL_ATT,27,2,,,340.700000,16.800000,40.000000,16.800000,40.226131,16.620904,0.226131,0.179096,,,,,,,,
1780369444.239174,GIMBAL_SETTLED,27,2,,,340.700000,16.800000,40.000000,16.800000,40.226131,16.620904,0.226131,0.179096,1,0.000000,,,,,,
1780369444.449654,LASER_TRIGGER,27,2,,,340.700000,16.800000,40.000000,16.800000,40.226131,16.620904,0.226131,0.179096,1,0.000000,0,,sddm,,,
1780369444.449654,GIMBAL_CMD_SEND,28,2,,,,,,,40.809746,16.755557,,,,,,,,,,
1780369444.608517,GIMBAL_CMD,29,2,41.363176,16.818793,340.700000,16.800000,,,41.363176,16.818793,,,,,,,,,,
1780369444.449654,GIMBAL_ATT,28,2,,,340.900000,16.800000,40.200000,16.800000,40.809746,16.755557,0.609746,0.044443,,,,,,,,
1780369444.885558,GIMBAL_CMD_PREEMPT,29,2,,,,,,,41.363176,16.755557,0.553430,0.063235,,,,,,,,
1780369444.912679,GIMBAL_CMD,30,2,41.974856,16.890895,340.900000,16.800000,,,41.974856,16.890895,,,,,,,,,,
1780369444.885558,GIMBAL_ATT,29,2,,,341.900000,16.800000,41.200000,16.800000,41.363176,16.755557,0.163176,0.044443,,,,,,,,
1780369444.885558,GIMBAL_SETTLED,29,2,,,341.900000,16.800000,41.200000,16.800000,41.363176,16.755557,0.163176,0.044443,1,0.000000,,,,,,
1780369445.094439,LASER_TRIGGER,29,2,,,341.900000,16.800000,41.200000,16.800000,41.363176,16.755557,0.163176,0.044443,1,0.000000,0,,sddm,,,
1780369445.094439,GIMBAL_CMD_SEND,30,2,,,,,,,41.974856,16.890895,,,,,,,,,,
1780369445.232622,GIMBAL_CMD,31,2,42.558988,16.953080,341.900000,16.800000,,,42.558988,16.953080,,,,,,,,,,
1780369445.483998,GIMBAL_CMD,32,2,43.147282,16.988576,341.900000,16.800000,,,43.147282,16.988576,,,,,,,,,,
1780369445.094439,GIMBAL_ATT,30,2,,,342.000000,16.800000,41.300000,16.800000,41.974856,16.890895,0.674856,0.090895,,,,,,,,
1780369445.523724,GIMBAL_CMD_PREEMPT,32,2,,,,,,,43.147282,16.890895,1.172427,0.097680,,,,,,,,
1780369445.714027,GIMBAL_CMD,33,2,43.684498,17.056570,342.000000,16.800000,,,43.684498,17.056570,,,,,,,,,,
1780369445.523724,GIMBAL_ATT,32,2,,,343.000000,16.800000,42.300000,16.800000,43.147282,16.890895,0.847282,0.090895,,,,,,,,
1780369445.787377,GIMBAL_CMD_PREEMPT,33,2,,,,,,,43.684498,16.890895,0.537216,0.165675,,,,,,,,
1780369446.036742,GIMBAL_CMD,34,2,44.219469,17.119212,343.000000,16.800000,,,44.219469,17.119212,,,,,,,,,,
1780369445.787377,GIMBAL_ATT,33,2,,,343.700000,16.800000,43.000000,16.800000,43.684498,16.890895,0.684498,0.090895,,,,,,,,
1780369446.104379,GIMBAL_CMD_PREEMPT,34,2,,,,,,,44.219469,16.890895,0.534971,0.228316,,,,,,,,
1780369446.261509,GIMBAL_CMD,35,2,44.686353,17.175399,343.700000,16.800000,,,44.686353,17.175399,,,,,,,,,,
1780369446.104379,GIMBAL_ATT,34,2,,,344.800000,16.800000,44.100000,16.800000,44.219469,16.890895,0.119469,0.090895,,,,,,,,
1780369446.104379,GIMBAL_SETTLED,34,2,,,344.800000,16.800000,44.100000,16.800000,44.219469,16.890895,0.119469,0.090895,1,0.000000,,,,,,
1780369446.313215,LASER_TRIGGER,34,2,,,344.800000,16.800000,44.100000,16.800000,44.219469,16.890895,0.119469,0.090895,1,0.000000,0,,sddm,,,
1780369446.313215,GIMBAL_CMD_SEND,35,2,,,,,,,44.686353,17.175399,,,,,,,,,,
1780369446.604743,GIMBAL_CMD,36,2,45.263917,17.244795,344.800000,16.800000,,,45.263917,17.244795,,,,,,,,,,
1780369446.353920,GIMBAL_ATT,35,2,,,344.800000,16.800000,44.100000,16.800000,44.686353,17.175399,0.586353,0.375399,,,,,,,,
1780369446.776237,GIMBAL_CMD_PREEMPT,36,2,,,,,,,45.263917,17.175399,0.577564,0.069396,,,,,,,,
1780369446.959025,GIMBAL_CMD,37,2,45.882876,17.324375,344.800000,16.800000,,,45.882876,17.324375,,,,,,,,,,
1780369446.776237,GIMBAL_ATT,36,2,,,345.800000,16.800000,45.100000,16.800000,45.263917,17.175399,0.163917,0.375399,,,,,,,,
1780369447.005175,GIMBAL_CMD_PREEMPT,37,2,,,,,,,45.882876,17.175399,0.618959,0.148976,,,,,,,,
1780369447.182586,GIMBAL_CMD,38,2,46.403229,17.384142,345.800000,16.800000,,,46.403229,17.384142,,,,,,,,,,
1780369447.005175,GIMBAL_ATT,37,2,,,345.800000,16.800000,45.100000,16.800000,45.882876,17.175399,0.782876,0.375399,,,,,,,,
1780369447.319961,GIMBAL_CMD_PREEMPT,38,2,,,,,,,46.403229,17.175399,0.520353,0.208743,,,,,,,,
1780369447.319961,GIMBAL_ATT,38,2,,,346.900000,16.800000,46.200000,16.800000,46.403229,17.175399,0.203229,0.375399,,,,,,,,
1780369447.580260,GIMBAL_CMD,39,2,47.044224,17.457921,346.900000,16.800000,,,47.044224,17.457921,,,,,,,,,,
1780369447.799543,GIMBAL_CMD,40,2,47.766421,17.529562,346.900000,16.800000,,,47.766421,17.529562,,,,,,,,,,
1780369447.552515,GIMBAL_ATT,38,2,,,347.100000,16.800000,46.400000,16.800000,46.403229,17.175399,0.003229,0.375399,,,,,,,,
1780369447.869609,GIMBAL_CMD_PREEMPT,40,2,,,,,,,47.766421,17.175399,1.363192,0.354164,,,,,,,,
1780369447.869609,GIMBAL_ATT,40,2,,,348.100000,16.800000,47.400000,16.800000,47.766421,17.175399,0.366421,0.375399,,,,,,,,
1780369448.143874,GIMBAL_CMD,41,2,50.116858,17.499169,348.100000,16.800000,,,50.116858,17.499169,,,,,,,,,,
1780369448.099485,GIMBAL_ATT,40,2,,,348.400000,16.800000,47.700000,16.800000,47.766421,17.175399,0.066421,0.375399,,,,,,,,
1780369448.413306,GIMBAL_CMD_PREEMPT,41,2,,,,,,,50.116858,17.175399,2.350437,0.323771,,,,,,,,
1780369448.620392,GIMBAL_CMD,42,2,52.635019,17.441580,348.400000,16.800000,,,52.635019,17.441580,,,,,,,,,,
1780369448.413306,GIMBAL_ATT,41,2,,,349.400000,16.800000,48.700000,16.800000,50.116858,17.175399,1.416858,0.375399,,,,,,,,
1780369448.722932,GIMBAL_CMD_PREEMPT,42,2,,,,,,,52.635019,17.175399,2.518161,0.266181,,,,,,,,
1780369448.865300,GIMBAL_CMD,43,2,53.870125,17.433992,349.400000,16.800000,,,53.870125,17.433992,,,,,,,,,,
1780369448.722932,GIMBAL_ATT,42,2,,,350.800000,16.800000,50.100000,16.800000,52.635019,17.175399,2.535019,0.375399,,,,,,,,
1780369449.036159,GIMBAL_CMD_PREEMPT,43,2,,,,,,,53.870125,17.175399,1.235106,0.258594,,,,,,,,
1780369449.157012,GIMBAL_CMD,44,2,54.754381,17.438389,350.800000,16.800000,,,54.754381,17.438389,,,,,,,,,,
1780369449.036159,GIMBAL_ATT,43,2,,,351.800000,16.800000,51.100000,16.800000,53.870125,17.175399,2.770125,0.375399,,,,,,,,
1780369449.348003,GIMBAL_CMD_PREEMPT,44,2,,,,,,,54.754381,17.175399,0.884256,0.262990,,,,,,,,
1780369449.621084,GIMBAL_CMD,45,2,56.200165,17.436461,351.800000,16.800000,,,56.200165,17.436461,,,,,,,,,,
1780369449.348003,GIMBAL_ATT,44,2,,,351.800000,16.800000,51.100000,16.800000,54.754381,17.175399,3.654381,0.375399,,,,,,,,
1780369449.770637,GIMBAL_CMD_PREEMPT,45,2,,,,,,,56.200165,17.175399,1.445784,0.261062,,,,,,,,
1780369449.770637,GIMBAL_ATT,45,2,,,356.300000,16.800000,55.600000,16.800000,56.200165,17.175399,0.600165,0.375399,,,,,,,,
1780369450.028637,GIMBAL_CMD,46,2,57.048145,17.449002,356.300000,16.800000,,,57.048145,17.449002,,,,,,,,,,
1780369450.288262,GIMBAL_CMD,47,2,57.408769,17.487139,356.300000,16.800000,,,57.408769,17.487139,,,,,,,,,,
1780369450.013948,GIMBAL_ATT,45,2,,,356.900000,16.800000,56.200000,16.800000,56.200165,17.175399,0.000165,0.375399,,,,,,,,
1780369450.332356,GIMBAL_CMD_PREEMPT,47,2,,,,,,,57.408769,17.175399,1.208603,0.311741,,,,,,,,
1780369450.534090,GIMBAL_CMD,48,2,57.793586,17.494006,356.900000,16.800000,,,57.793586,17.494006,,,,,,,,,,
1780369450.332356,GIMBAL_ATT,47,2,,,357.900000,16.800000,57.200000,16.800000,57.408769,17.175399,0.208769,0.375399,,,,,,,,
1780369450.563234,GIMBAL_CMD_PREEMPT,48,2,,,,,,,57.793586,17.175399,0.384817,0.318607,,,,,,,,
1780369450.783886,GIMBAL_CMD,49,2,58.219655,17.528899,357.900000,16.800000,,,58.219655,17.528899,,,,,,,,,,
1780369450.563234,GIMBAL_ATT,48,2,,,358.100000,16.800000,57.400000,16.800000,57.793586,17.175399,0.393586,0.375399,,,,,,,,
1780369450.879387,GIMBAL_CMD_PREEMPT,49,2,,,,,,,58.219655,17.175399,0.426069,0.353500,,,,,,,,
1780369451.054124,GIMBAL_CMD,50,2,58.663587,17.555339,358.100000,16.800000,,,58.663587,17.555339,,,,,,,,,,
1780369450.879387,GIMBAL_ATT,49,2,,,358.100000,16.800000,57.400000,16.800000,58.219655,17.175399,0.819655,0.375399,,,,,,,,
1780369451.315686,GIMBAL_CMD_PREEMPT,50,2,,,,,,,58.663587,17.175399,0.443932,0.379940,,,,,,,,
1780369451.318699,GIMBAL_CMD,51,2,59.340440,17.564755,358.100000,16.800000,,,59.340440,17.564755,,,,,,,,,,
1780369451.315686,GIMBAL_ATT,50,2,,,358.100000,16.800000,57.400000,16.800000,58.663587,17.175399,1.263587,0.375399,,,,,,,,
1780369451.708279,GIMBAL_CMD_PREEMPT,51,2,,,,,,,59.340440,17.175399,0.676853,0.389357,,,,,,,,
1780369451.935498,GIMBAL_CMD,52,2,60.374273,17.614545,358.100000,16.800000,,,60.374273,17.614545,,,,,,,,,,
1780369451.708279,GIMBAL_ATT,51,2,,,358.100000,16.800000,57.400000,16.800000,59.340440,17.175399,1.940440,0.375399,,,,,,,,
1780369452.132073,GIMBAL_CMD_PREEMPT,52,2,,,,,,,60.374273,17.175399,1.033833,0.439147,,,,,,,,
1780369452.216956,GIMBAL_CMD,53,2,60.712960,17.634847,358.100000,16.800000,,,60.712960,17.634847,,,,,,,,,,
1780369452.132073,GIMBAL_ATT,52,2,,,358.100000,16.800000,57.400000,16.800000,60.374273,17.175399,2.974273,0.375399,,,,,,,,
1780369452.460136,GIMBAL_CMD,54,2,61.189724,17.659766,358.100000,16.800000,,,61.189724,17.659766,,,,,,,,,,
1780369452.461733,GIMBAL_CMD_PREEMPT,54,2,,,,,,,61.189724,17.175399,0.815451,0.484367,,,,,,,,
1780369452.461733,GIMBAL_ATT,54,2,,,0.900000,16.800000,60.200000,16.800000,61.189724,17.175399,0.989724,0.375399,,,,,,,,
1780369452.798768,GIMBAL_CMD,55,2,61.732514,17.679164,0.900000,16.800000,,,61.732514,17.679164,,,,,,,,,,
1780369452.772961,GIMBAL_ATT,54,2,,,0.900000,16.800000,60.200000,16.800000,61.189724,17.175399,0.989724,0.375399,,,,,,,,
1780369453.072661,GIMBAL_CMD_PREEMPT,55,2,,,,,,,61.732514,17.175399,0.542789,0.503766,,,,,,,,
1780369453.093025,GIMBAL_CMD,56,2,62.262534,17.697790,0.900000,16.800000,,,62.262534,17.697790,,,,,,,,,,
1780369453.072661,GIMBAL_ATT,55,2,,,2.000000,16.800000,61.300000,16.800000,61.732514,17.175399,0.432514,0.375399,,,,,,,,
1780369453.306352,GIMBAL_CMD_PREEMPT,56,2,,,,,,,62.262534,17.175399,0.530020,0.522392,,,,,,,,
1780369453.365227,GIMBAL_CMD,57,2,62.879730,17.715975,2.000000,16.800000,,,62.879730,17.715975,,,,,,,,,,
1780369453.306352,GIMBAL_ATT,56,2,,,2.400000,16.800000,61.700000,16.800000,62.262534,17.175399,0.562534,0.375399,,,,,,,,
1780369453.618175,GIMBAL_CMD,58,2,63.478982,17.737421,2.400000,16.800000,,,63.478982,17.737421,,,,,,,,,,
1780369453.619219,GIMBAL_CMD_PREEMPT,58,2,,,,,,,63.478982,17.175399,1.216449,0.562023,,,,,,,,
1780369453.619219,GIMBAL_ATT,58,2,,,3.400000,16.800000,62.700000,16.800000,63.478982,17.175399,0.778982,0.375399,,,,,,,,
1780369453.980312,GIMBAL_CMD,59,2,64.117349,17.759303,3.400000,16.800000,,,64.117349,17.759303,,,,,,,,,,
1780369453.877669,GIMBAL_ATT,58,2,,,4.100000,16.800000,63.400000,16.800000,63.478982,17.175399,0.078982,0.375399,,,,,,,,
1780369454.183320,GIMBAL_CMD_PREEMPT,59,2,,,,,,,64.117349,17.175399,0.638367,0.583905,,,,,,,,
1780369454.230191,GIMBAL_CMD,60,2,64.780419,17.782937,4.100000,16.800000,,,64.780419,17.782937,,,,,,,,,,
1780369454.486432,GIMBAL_CMD,61,2,65.047295,16.332270,4.100000,16.800000,,,65.047295,16.332270,,,,,,,,,,
1780369454.183320,GIMBAL_ATT,59,2,,,4.100000,16.800000,63.400000,16.800000,64.117349,17.175399,0.717349,0.375399,,,,,,,,
1780369454.607394,GIMBAL_CMD_PREEMPT,61,2,,,,,,,65.047295,16.332270,0.929946,0.843129,,,,,,,,
1780369454.688815,GIMBAL_CMD,62,2,65.853449,17.087358,4.100000,16.800000,,,65.853449,17.087358,,,,,,,,,,
1780369454.607394,GIMBAL_ATT,61,2,,,4.100000,16.700000,63.400000,16.700000,65.047295,16.332270,1.647295,0.367730,,,,,,,,
1780369455.027700,GIMBAL_CMD_PREEMPT,62,2,,,,,,,65.853449,16.332270,0.806154,0.755088,,,,,,,,
1780369455.209206,GIMBAL_CMD,63,2,66.972815,17.431367,4.100000,16.700000,,,66.972815,17.431367,,,,,,,,,,
1780369455.027700,GIMBAL_ATT,62,2,,,4.100000,16.400000,63.400000,16.400000,65.853449,16.332270,2.453449,0.067730,,,,,,,,
1780369455.465894,GIMBAL_CMD_PREEMPT,63,2,,,,,,,66.972815,17.431367,1.119366,1.099097,,,,,,,,
1780369455.506684,GIMBAL_CMD,64,2,67.624098,17.675795,4.100000,16.400000,,,67.624098,17.675795,,,,,,,,,,
1780369455.465894,GIMBAL_ATT,63,2,,,7.500000,16.500000,66.800000,16.500000,66.972815,17.431367,0.172815,0.931367,,,,,,,,
1780369455.742936,GIMBAL_CMD_PREEMPT,64,2,,,,,,,67.624098,17.431367,0.651283,0.244428,,,,,,,,
1780369455.871104,GIMBAL_CMD,65,2,69.319139,16.693206,7.500000,16.500000,,,69.319139,16.693206,,,,,,,,,,
1780369455.742936,GIMBAL_ATT,64,2,,,7.500000,16.500000,66.800000,16.500000,67.624098,17.431367,0.824098,0.931367,,,,,,,,
1780369456.106461,GIMBAL_CMD_PREEMPT,65,2,,,,,,,69.319139,17.431367,1.695041,0.738160,,,,,,,,
1780369456.106461,GIMBAL_ATT,65,2,,,8.600000,17.400000,67.900000,17.400000,69.319139,17.431367,1.419139,0.031367,,,,,,,,
1780369456.677243,GIMBAL_CMD,66,13,74.588119,15.243054,8.600000,17.400000,,,74.588119,15.243054,,,,,,,,,,
1780369456.415452,GIMBAL_ATT,65,2,,,9.900000,17.400000,69.200000,17.400000,69.319139,17.431367,0.119139,0.031367,,,,,,,,
1780369456.415452,GIMBAL_SETTLED,65,2,,,9.900000,17.400000,69.200000,17.400000,69.319139,17.431367,0.119139,0.031367,1,0.308992,,,,,,
1780369456.706296,LASER_TRIGGER,65,2,,,9.900000,17.400000,69.200000,17.400000,69.319139,17.431367,0.119139,0.031367,1,0.308992,0,,sddm,,,
1780369456.706296,GIMBAL_CMD_SEND,66,13,,,,,,,74.588119,15.243054,,,,,,,,,,
1780369456.933872,GIMBAL_CMD,67,13,75.226050,15.207550,9.900000,17.400000,,,75.226050,15.207550,,,,,,,,,,
1780369456.747131,GIMBAL_ATT,66,13,,,11.000000,17.300000,70.300000,17.300000,74.588119,15.243054,4.288119,2.056946,,,,,,,,
1780369457.055610,GIMBAL_CMD_PREEMPT,67,13,,,,,,,75.226050,15.243054,0.637932,0.035504,,,,,,,,
1780369457.282406,GIMBAL_CMD,68,13,75.873551,15.220101,11.000000,17.300000,,,75.873551,15.220101,,,,,,,,,,
1780369457.055610,GIMBAL_ATT,67,13,,,11.000000,16.000000,70.300000,16.000000,75.226050,15.243054,4.926050,0.756946,,,,,,,,
1780369457.315633,GIMBAL_CMD_PREEMPT,68,13,,,,,,,75.873551,15.243054,0.647501,0.022953,,,,,,,,
1780369457.639739,GIMBAL_CMD,69,2,74.810353,15.460398,11.000000,16.000000,,,74.810353,15.460398,,,,,,,,,,
1780369457.315633,GIMBAL_ATT,68,13,,,11.000000,16.000000,70.300000,16.000000,75.873551,15.243054,5.573551,0.756946,,,,,,,,
1780369457.742264,GIMBAL_CMD_PREEMPT,69,2,,,,,,,74.810353,15.460398,1.063198,0.217344,,,,,,,,
1780369457.863372,GIMBAL_CMD,70,2,75.756248,15.333877,11.000000,16.000000,,,75.756248,15.333877,,,,,,,,,,
1780369457.742264,GIMBAL_ATT,69,2,,,11.000000,15.300000,70.300000,15.300000,74.810353,15.460398,4.510353,0.160398,,,,,,,,
1780369458.101822,GIMBAL_CMD_PREEMPT,70,2,,,,,,,75.756248,15.460398,0.945895,0.126521,,,,,,,,
1780369458.213759,GIMBAL_CMD,71,2,76.528980,15.252029,11.000000,15.300000,,,76.528980,15.252029,,,,,,,,,,
1780369458.101822,GIMBAL_ATT,70,2,,,11.000000,15.400000,70.300000,15.400000,75.756248,15.460398,5.456248,0.060398,,,,,,,,
1780369458.537095,GIMBAL_CMD,72,2,77.235661,15.175736,11.000000,15.400000,,,77.235661,15.175736,,,,,,,,,,
1780369458.538108,GIMBAL_CMD_PREEMPT,72,2,,,,,,,77.235661,15.460398,1.479412,0.284662,,,,,,,,
1780369458.538108,GIMBAL_ATT,72,2,,,17.300000,15.400000,76.600000,15.400000,77.235661,15.460398,0.635661,0.060398,,,,,,,,
1780369458.874072,GIMBAL_CMD,73,2,77.959004,15.064301,17.300000,15.400000,,,77.959004,15.064301,,,,,,,,,,
1780369458.788370,GIMBAL_ATT,72,2,,,17.800000,15.400000,77.100000,15.400000,77.235661,15.460398,0.135661,0.060398,,,,,,,,
1780369458.788370,GIMBAL_SETTLED,72,2,,,17.800000,15.400000,77.100000,15.400000,77.235661,15.460398,0.135661,0.060398,1,0.250261,,,,,,
1780369459.080138,LASER_TRIGGER,72,2,,,17.800000,15.400000,77.100000,15.400000,77.235661,15.460398,0.135661,0.060398,1,0.250261,0,,sddm,,,
1780369459.080138,GIMBAL_CMD_SEND,73,2,,,,,,,77.959004,15.064301,,,,,,,,,,
1780369459.121025,GIMBAL_ATT,73,2,,,17.800000,15.400000,77.100000,15.400000,77.959004,15.064301,0.859004,0.335699,,,,,,,,
1780369459.470308,GIMBAL_CMD,74,2,78.816850,14.854080,17.800000,15.400000,,,78.816850,14.854080,,,,,,,,,,
1780369459.487493,GIMBAL_CMD_PREEMPT,74,2,,,,,,,78.816850,15.064301,0.857846,0.210221,,,,,,,,
1780369459.487493,GIMBAL_ATT,74,2,,,17.800000,15.100000,77.100000,15.100000,78.816850,15.064301,1.716850,0.035699,,,,,,,,
1780369459.783190,GIMBAL_CMD,75,2,79.180583,14.676682,17.800000,15.100000,,,79.180583,14.676682,,,,,,,,,,
1780369459.702068,GIMBAL_ATT,74,2,,,19.500000,15.100000,78.800000,15.100000,78.816850,15.064301,0.016850,0.035699,,,,,,,,
1780369459.702068,GIMBAL_SETTLED,74,2,,,19.500000,15.100000,78.800000,15.100000,78.816850,15.064301,0.016850,0.035699,1,0.214574,,,,,,
1780369460.094010,LASER_TRIGGER,74,2,,,19.500000,15.100000,78.800000,15.100000,78.816850,15.064301,0.016850,0.035699,1,0.214574,0,,sddm,,,
1780369460.094010,GIMBAL_CMD_SEND,75,2,,,,,,,79.180583,14.676682,,,,,,,,,,
1780369460.319999,GIMBAL_CMD,76,2,79.766422,14.399121,19.500000,15.100000,,,79.766422,14.399121,,,,,,,,,,
1780369460.135112,GIMBAL_ATT,75,2,,,19.500000,15.000000,78.800000,15.000000,79.180583,14.676682,0.380583,0.323318,,,,,,,,
1780369460.458753,GIMBAL_CMD_PREEMPT,76,2,,,,,,,79.766422,14.676682,0.585839,0.277561,,,,,,,,
1780369460.611157,GIMBAL_CMD,77,2,79.890422,14.230133,19.500000,15.000000,,,79.890422,14.230133,,,,,,,,,,
1780369460.458753,GIMBAL_ATT,76,2,,,19.500000,14.600000,78.800000,14.600000,79.766422,14.676682,0.966422,0.076682,,,,,,,,
1780369461.152143,GIMBAL_CMD,78,2,80.332048,13.981335,19.500000,14.600000,,,80.332048,13.981335,,,,,,,,,,
1780369460.866318,GIMBAL_ATT,76,2,,,20.400000,14.600000,79.700000,14.600000,79.766422,14.676682,0.066422,0.076682,,,,,,,,
1780369460.866318,GIMBAL_SETTLED,76,2,,,20.400000,14.600000,79.700000,14.600000,79.766422,14.676682,0.066422,0.076682,1,0.407564,,,,,,
1780369461.157255,LASER_TRIGGER,76,2,,,20.400000,14.600000,79.700000,14.600000,79.766422,14.676682,0.066422,0.076682,1,0.407564,0,,sddm,,,
1780369461.157255,GIMBAL_CMD_SEND,78,2,,,,,,,80.332048,13.981335,,,,,,,,,,
1780369461.197882,GIMBAL_ATT,78,2,,,20.400000,14.600000,79.700000,14.600000,80.332048,13.981335,0.632048,0.618665,,,,,,,,
1780369461.581218,GIMBAL_ATT,78,2,,,20.900000,14.000000,80.200000,14.000000,80.332048,13.981335,0.132048,0.018665,,,,,,,,
1780369461.581218,GIMBAL_SETTLED,78,2,,,20.900000,14.000000,80.200000,14.000000,80.332048,13.981335,0.132048,0.018665,1,0.423963,,,,,,
1780369461.872463,LASER_TRIGGER,78,2,,,20.900000,14.000000,80.200000,14.000000,80.332048,13.981335,0.132048,0.018665,1,0.423963,0,,sddm,,,
1780369465.985609,GIMBAL_CMD,79,12,35.690442,8.318492,20.900000,14.000000,,,35.690442,8.318492,,,,,,,,,,
1780369466.163976,GIMBAL_CMD_SEND,79,12,,,,,,,35.690442,8.318492,,,,,,,,,,
1780369466.405900,GIMBAL_CMD,80,12,36.000751,9.962273,20.900000,14.000000,,,36.000751,9.962273,,,,,,,,,,
1780369466.204498,GIMBAL_ATT,79,12,,,19.900000,13.900000,79.200000,13.900000,35.690442,8.318492,43.509558,5.581508,,,,,,,,
1780369466.513427,GIMBAL_CMD_PREEMPT,80,12,,,,,,,36.000751,9.962273,0.310309,1.643781,,,,,,,,
1780369466.513427,GIMBAL_ATT,80,12,,,13.500000,12.300000,72.800000,12.300000,36.000751,9.962273,36.799249,2.337727,,,,,,,,
1780369466.871340,GIMBAL_ATT,80,12,,,13.500000,10.000000,72.800000,10.000000,36.000751,9.962273,36.799249,0.037727,,,,,,,,
1780369467.214968,GIMBAL_ATT,80,12,,,349.200000,10.000000,48.500000,10.000000,36.000751,9.962273,12.499249,0.037727,,,,,,,,
1780369467.514395,GIMBAL_ATT,80,12,,,338.500000,10.000000,37.800000,10.000000,36.000751,9.962273,1.799249,0.037727,,,,,,,,
1780369467.999958,GIMBAL_CMD,81,2,86.520654,7.400627,338.500000,10.000000,,,86.520654,7.400627,,,,,,,,,,
1780369467.776109,GIMBAL_ATT,80,12,,,336.700000,10.000000,36.000000,10.000000,36.000751,9.962273,0.000751,0.037727,,,,,,,,
1780369467.776109,GIMBAL_SETTLED,80,12,,,336.700000,10.000000,36.000000,10.000000,36.000751,9.962273,0.000751,0.037727,1,1.262681,,,,,,
1780369468.073128,LASER_TRIGGER,80,12,,,336.700000,10.000000,36.000000,10.000000,36.000751,9.962273,0.000751,0.037727,1,1.262681,0,,sddm,,,
1780369468.073128,GIMBAL_CMD_SEND,81,2,,,,,,,86.520654,7.400627,,,,,,,,,,
1780369468.335416,GIMBAL_CMD,82,2,87.526713,6.606179,336.700000,10.000000,,,87.526713,6.606179,,,,,,,,,,
1780369468.113910,GIMBAL_ATT,81,2,,,337.700000,9.900000,37.000000,9.900000,86.520654,7.400627,49.520654,2.499373,,,,,,,,
1780369468.422376,GIMBAL_CMD_PREEMPT,82,2,,,,,,,87.526713,7.400627,1.006060,0.794448,,,,,,,,
1780369468.422376,GIMBAL_ATT,82,2,,,343.000000,8.500000,42.300000,8.500000,87.526713,7.400627,45.226713,1.099373,,,,,,,,
1780369468.652267,GIMBAL_ATT,82,2,,,349.300000,8.500000,48.600000,8.500000,87.526713,7.400627,38.926713,1.099373,,,,,,,,
1780369469.178081,GIMBAL_CMD,83,13,98.251338,4.443389,349.300000,8.500000,,,98.251338,4.443389,,,,,,,,,,
1780369468.955841,GIMBAL_ATT,82,2,,,1.500000,7.400000,60.800000,7.400000,87.526713,7.400627,26.726713,0.000627,,,,,,,,
1780369469.264804,GIMBAL_CMD_PREEMPT,83,13,,,,,,,98.251338,4.443389,10.724625,2.957239,,,,,,,,
1780369469.264804,GIMBAL_ATT,83,13,,,17.500000,7.300000,76.800000,7.300000,98.251338,4.443389,21.451338,2.856611,,,,,,,,
1780369469.623900,GIMBAL_ATT,83,13,,,30.600000,6.000000,89.900000,6.000000,98.251338,4.443389,8.351338,1.556611,,,,,,,,
1780369469.901139,GIMBAL_ATT,83,13,,,30.600000,6.000000,89.900000,6.000000,98.251338,4.443389,8.351338,1.556611,,,,,,,,
1780369470.117147,GIMBAL_ATT,83,13,,,38.800000,6.000000,98.100000,6.000000,98.251338,4.443389,0.151338,1.556611,,,,,,,,
1780369470.529408,GIMBAL_ATT,83,13,,,38.800000,4.500000,98.100000,4.500000,98.251338,4.443389,0.151338,0.056611,,,,,,,,
1780369470.529408,GIMBAL_SETTLED,83,13,,,38.800000,4.500000,98.100000,4.500000,98.251338,4.443389,0.151338,0.056611,1,1.264604,,,,,,
1780369470.819574,LASER_TRIGGER,83,13,,,38.800000,4.500000,98.100000,4.500000,98.251338,4.443389,0.151338,0.056611,1,1.264604,0,,sddm,,,
1780369477.690726,GIMBAL_CMD,84,16,17.304128,21.005453,38.800000,4.500000,,,17.304128,21.005453,,,,,,,,,,
1780369477.882213,GIMBAL_CMD_SEND,84,16,,,,,,,17.304128,21.005453,,,,,,,,,,
1780369477.922732,GIMBAL_ATT,84,16,,,37.700000,4.500000,97.000000,4.500000,17.304128,21.005453,79.695872,16.505453,,,,,,,,
1780369478.231755,GIMBAL_ATT,84,16,,,32.500000,5.800000,91.800000,5.800000,17.304128,21.005453,74.495872,15.205453,,,,,,,,
1780369478.544255,GIMBAL_ATT,84,16,,,23.000000,8.600000,82.300000,8.600000,17.304128,21.005453,64.995872,12.405453,,,,,,,,
1780369478.858899,GIMBAL_ATT,84,16,,,7.900000,12.800000,67.200000,12.800000,17.304128,21.005453,49.895872,8.205453,,,,,,,,
1780369479.231825,GIMBAL_ATT,84,16,,,352.900000,18.100000,52.200000,18.100000,17.304128,21.005453,34.895872,2.905453,,,,,,,,
1780369479.545603,GIMBAL_ATT,84,16,,,334.000000,18.100000,33.300000,18.100000,17.304128,21.005453,15.995872,2.905453,,,,,,,,
1780369479.970786,GIMBAL_ATT,84,16,,,322.500000,21.300000,21.800000,21.300000,17.304128,21.005453,4.495872,0.294547,,,,,,,,
1780369480.267601,GIMBAL_ATT,84,16,,,322.500000,21.300000,21.800000,21.300000,17.304128,21.005453,4.495872,0.294547,,,,,,,,
1780369480.611728,GIMBAL_ATT,84,16,,,318.000000,21.300000,17.300000,21.300000,17.304128,21.005453,0.004128,0.294547,,,,,,,,
1780369480.611728,GIMBAL_SETTLED,84,16,,,318.000000,21.300000,17.300000,21.300000,17.304128,21.005453,0.004128,0.294547,1,2.729515,,,,,,
1780369480.904275,LASER_TRIGGER,84,16,,,318.000000,21.300000,17.300000,21.300000,17.304128,21.005453,0.004128,0.294547,1,2.729515,0,,sddm,,,
1780369534.247583,GIMBAL_CMD,85,40,20.918646,24.287071,318.000000,21.300000,,,20.918646,24.287071,,,,,,,,,,
1780369534.432106,GIMBAL_CMD_SEND,85,40,,,,,,,20.918646,24.287071,,,,,,,,,,
1780369534.472600,GIMBAL_ATT,85,40,,,319.000000,21.400000,18.300000,21.400000,20.918646,24.287071,2.618646,2.887071,,,,,,,,
1780369534.779795,GIMBAL_ATT,85,40,,,319.000000,22.600000,18.300000,22.600000,20.918646,24.287071,2.618646,1.687071,,,,,,,,
1780369535.098509,GIMBAL_ATT,85,40,,,321.500000,22.600000,20.800000,22.600000,20.918646,24.287071,0.118646,1.687071,,,,,,,,
1780369535.516873,GIMBAL_ATT,85,40,,,321.500000,24.200000,20.800000,24.200000,20.918646,24.287071,0.118646,0.087071,,,,,,,,
1780369535.516873,GIMBAL_SETTLED,85,40,,,321.500000,24.200000,20.800000,24.200000,20.918646,24.287071,0.118646,0.087071,1,1.084767,,,,,,
1780369535.807699,LASER_TRIGGER,85,40,,,321.500000,24.200000,20.800000,24.200000,20.918646,24.287071,0.118646,0.087071,1,1.084767,0,,sddm,,,
1780369542.664484,GIMBAL_CMD,86,45,87.634148,18.778153,321.500000,24.200000,,,87.634148,18.778153,,,,,,,,,,
1780369542.832700,GIMBAL_CMD_SEND,86,45,,,,,,,87.634148,18.778153,,,,,,,,,,
1780369543.039436,GIMBAL_CMD,87,45,91.647853,20.128900,321.500000,24.200000,,,91.647853,20.128900,,,,,,,,,,
1780369542.873421,GIMBAL_ATT,86,45,,,322.500000,24.200000,21.800000,24.200000,87.634148,18.778153,65.834148,5.421847,,,,,,,,
1780369543.179474,GIMBAL_CMD_PREEMPT,87,45,,,,,,,91.647853,20.128900,4.013706,1.350747,,,,,,,,
1780369543.179474,GIMBAL_ATT,87,45,,,328.900000,22.600000,28.200000,22.600000,91.647853,20.128900,63.447853,2.471100,,,,,,,,
1780369543.538265,GIMBAL_ATT,87,45,,,328.900000,20.200000,28.200000,20.200000,91.647853,20.128900,63.447853,0.071100,,,,,,,,
1780369543.879366,GIMBAL_ATT,87,45,,,353.800000,20.100000,53.100000,20.100000,91.647853,20.128900,38.547853,0.028900,,,,,,,,
1780369544.190941,GIMBAL_ATT,87,45,,,7.600000,20.100000,66.900000,20.100000,91.647853,20.128900,24.747853,0.028900,,,,,,,,
1780369544.502181,GIMBAL_ATT,87,45,,,21.400000,20.100000,80.700000,20.100000,91.647853,20.128900,10.947853,0.028900,,,,,,,,
1780369544.817694,GIMBAL_ATT,87,45,,,31.600000,20.100000,90.900000,20.100000,91.647853,20.128900,0.747853,0.028900,,,,,,,,
1780369545.221602,GIMBAL_CMD,88,45,105.853238,39.516174,31.600000,20.100000,,,105.853238,39.516174,,,,,,,,,,
1780369545.047693,GIMBAL_ATT,87,45,,,32.200000,20.100000,91.500000,20.100000,91.647853,20.128900,0.147853,0.028900,,,,,,,,
1780369545.047693,GIMBAL_SETTLED,87,45,,,32.200000,20.100000,91.500000,20.100000,91.647853,20.128900,0.147853,0.028900,1,1.868220,,,,,,
1780369545.341999,LASER_TRIGGER,87,45,,,32.200000,20.100000,91.500000,20.100000,91.647853,20.128900,0.147853,0.028900,1,1.868220,0,,sddm,,,
1780369545.341999,GIMBAL_CMD_SEND,88,45,,,,,,,105.853238,39.516174,,,,,,,,,,
1780369545.383090,GIMBAL_ATT,88,45,,,33.400000,20.200000,92.700000,20.200000,105.853238,39.516174,13.153238,19.316174,,,,,,,,
1780369545.705085,GIMBAL_ATT,88,45,,,38.800000,21.600000,98.100000,21.600000,105.853238,39.516174,7.753238,17.916174,,,,,,,,
1780369546.016080,GIMBAL_ATT,88,45,,,46.200000,24.400000,105.500000,24.400000,105.853238,39.516174,0.353238,15.116174,,,,,,,,
1780369546.246537,GIMBAL_ATT,88,45,,,46.400000,24.400000,105.700000,24.400000,105.853238,39.516174,0.153238,15.116174,,,,,,,,
1780369546.562399,GIMBAL_ATT,88,45,,,46.400000,32.200000,105.700000,32.200000,105.853238,39.516174,0.153238,7.316174,,,,,,,,
1780369546.876251,GIMBAL_ATT,88,45,,,46.400000,36.800000,105.700000,36.800000,105.853238,39.516174,0.153238,2.716174,,,,,,,,
1780369547.183721,GIMBAL_ATT,88,45,,,46.400000,36.800000,105.700000,36.800000,105.853238,39.516174,0.153238,2.716174,,,,,,,,
1780369547.498305,GIMBAL_ATT,88,45,,,46.400000,39.500000,105.700000,39.500000,105.853238,39.516174,0.153238,0.016174,,,,,,,,
1780369547.498305,GIMBAL_SETTLED,88,45,,,46.400000,39.500000,105.700000,39.500000,105.853238,39.516174,0.153238,0.016174,1,2.156306,,,,,,
1780369547.789132,LASER_TRIGGER,88,45,,,46.400000,39.500000,105.700000,39.500000,105.853238,39.516174,0.153238,0.016174,1,2.156306,0,,sddm,,,
1780369574.905525,GIMBAL_CMD,89,58,28.062872,15.536418,46.400000,39.500000,,,28.062872,15.536418,,,,,,,,,,
1780369574.906030,GIMBAL_CMD_SEND,89,58,,,,,,,28.062872,15.536418,,,,,,,,,,
1780369574.946982,GIMBAL_ATT,89,58,,,45.300000,39.500000,104.600000,39.500000,28.062872,15.536418,76.537128,23.963582,,,,,,,,
1780369575.266107,GIMBAL_ATT,89,58,,,39.900000,38.100000,99.200000,38.100000,28.062872,15.536418,71.137128,22.563582,,,,,,,,
1780369575.577824,GIMBAL_ATT,89,58,,,30.400000,35.300000,89.700000,35.300000,28.062872,15.536418,61.637128,19.763582,,,,,,,,
1780369575.888910,GIMBAL_ATT,89,58,,,10.000000,31.000000,69.300000,31.000000,28.062872,15.536418,41.237128,15.463582,,,,,,,,
1780369576.498281,GIMBAL_ATT,89,58,,,349.500000,22.000000,48.800000,22.000000,28.062872,15.536418,20.737128,6.463582,,,,,,,,
1780369576.825552,GIMBAL_ATT,89,58,,,336.100000,17.600000,35.400000,17.600000,28.062872,15.536418,7.337128,2.063582,,,,,,,,
1780369577.080243,GIMBAL_ATT,89,58,,,336.100000,17.600000,35.400000,17.600000,28.062872,15.536418,7.337128,2.063582,,,,,,,,
1780369577.402452,GIMBAL_ATT,89,58,,,328.700000,15.100000,28.000000,15.100000,28.062872,15.536418,0.062872,0.436418,,,,,,,,
1780369577.716541,GIMBAL_ATT,89,58,,,328.700000,15.100000,28.000000,15.100000,28.062872,15.536418,0.062872,0.436418,,,,,,,,
1780369577.716541,GIMBAL_TIMEOUT,89,58,,,,,,,28.062872,15.536418,0.062872,0.436418,0,2.810511,,,,,,
1780369587.171494,GIMBAL_CMD,90,61,58.874767,24.648455,328.700000,15.100000,,,58.874767,24.648455,,,,,,,,,,
1780369587.379089,GIMBAL_CMD_SEND,90,61,,,,,,,58.874767,24.648455,,,,,,,,,,
1780369587.419560,GIMBAL_ATT,90,61,,,329.700000,15.200000,29.000000,15.200000,58.874767,24.648455,29.874767,9.448455,,,,,,,,
1780369587.729538,GIMBAL_ATT,90,61,,,335.000000,16.500000,34.300000,16.500000,58.874767,24.648455,24.574767,8.148455,,,,,,,,
1780369588.042678,GIMBAL_ATT,90,61,,,344.600000,19.200000,43.900000,19.200000,58.874767,24.648455,14.974767,5.448455,,,,,,,,
1780369588.372171,GIMBAL_ATT,90,61,,,356.000000,23.100000,55.300000,23.100000,58.874767,24.648455,3.574767,1.548455,,,,,,,,
1780369588.602609,GIMBAL_ATT,90,61,,,356.000000,23.100000,55.300000,23.100000,58.874767,24.648455,3.574767,1.548455,,,,,,,,
1780369588.982667,GIMBAL_ATT,90,61,,,359.400000,24.700000,58.700000,24.700000,58.874767,24.648455,0.174767,0.051545,,,,,,,,
1780369588.982667,GIMBAL_SETTLED,90,61,,,359.400000,24.700000,58.700000,24.700000,58.874767,24.648455,0.174767,0.051545,1,1.603578,,,,,,
1780369589.275161,LASER_TRIGGER,90,61,,,359.400000,24.700000,58.700000,24.700000,58.874767,24.648455,0.174767,0.051545,1,1.603578,0,,sddm,,,
1780369590.674076,GIMBAL_CMD,91,61,59.942161,38.512769,359.400000,24.700000,,,59.942161,38.512769,,,,,,,,,,
1780369590.838423,GIMBAL_CMD_SEND,91,61,,,,,,,59.942161,38.512769,,,,,,,,,,
1780369590.879122,GIMBAL_ATT,91,61,,,0.400000,24.800000,59.700000,24.800000,59.942161,38.512769,0.242161,13.712769,,,,,,,,
1780369591.104863,GIMBAL_ATT,91,61,,,0.500000,24.800000,59.800000,24.800000,59.942161,38.512769,0.142161,13.712769,,,,,,,,
1780369591.421269,GIMBAL_ATT,91,61,,,0.500000,28.000000,59.800000,28.000000,59.942161,38.512769,0.142161,10.512769,,,,,,,,
1780369591.732664,GIMBAL_ATT,91,61,,,0.500000,31.900000,59.800000,31.900000,59.942161,38.512769,0.142161,6.612769,,,,,,,,
1780369592.044893,GIMBAL_ATT,91,61,,,0.500000,36.200000,59.800000,36.200000,59.942161,38.512769,0.142161,2.312769,,,,,,,,
1780369592.315952,GIMBAL_ATT,91,61,,,0.500000,36.200000,59.800000,36.200000,59.942161,38.512769,0.142161,2.312769,,,,,,,,
1780369592.625182,GIMBAL_ATT,91,61,,,0.500000,38.500000,59.800000,38.500000,59.942161,38.512769,0.142161,0.012769,,,,,,,,
1780369592.625182,GIMBAL_SETTLED,91,61,,,0.500000,38.500000,59.800000,38.500000,59.942161,38.512769,0.142161,0.012769,1,1.786759,,,,,,
1780369592.917102,LASER_TRIGGER,91,61,,,0.500000,38.500000,59.800000,38.500000,59.942161,38.512769,0.142161,0.012769,1,1.786759,0,,sddm,,,
1780369604.874174,GIMBAL_CMD,92,65,13.504378,39.030577,0.500000,38.500000,,,13.504378,39.030577,,,,,,,,,,
1780369605.056222,GIMBAL_CMD_SEND,92,65,,,,,,,13.504378,39.030577,,,,,,,,,,
1780369605.096846,GIMBAL_ATT,92,65,,,359.500000,38.600000,58.800000,38.600000,13.504378,39.030577,45.295622,0.430577,,,,,,,,
1780369605.322813,GIMBAL_ATT,92,65,,,356.000000,38.600000,55.300000,38.600000,13.504378,39.030577,41.795622,0.430577,,,,,,,,
1780369605.641167,GIMBAL_ATT,92,65,,,347.600000,39.000000,46.900000,39.000000,13.504378,39.030577,33.395622,0.030577,,,,,,,,
1780369605.952740,GIMBAL_ATT,92,65,,,335.000000,39.000000,34.300000,39.000000,13.504378,39.030577,20.795622,0.030577,,,,,,,,
1780369606.266567,GIMBAL_ATT,92,65,,,322.000000,39.000000,21.300000,39.000000,13.504378,39.030577,7.795622,0.030577,,,,,,,,
1780369606.577172,GIMBAL_ATT,92,65,,,322.000000,39.000000,21.300000,39.000000,13.504378,39.030577,7.795622,0.030577,,,,,,,,
1780369606.982577,GIMBAL_ATT,92,65,,,314.200000,39.000000,13.500000,39.000000,13.504378,39.030577,0.004378,0.030577,,,,,,,,
1780369606.982577,GIMBAL_SETTLED,92,65,,,314.200000,39.000000,13.500000,39.000000,13.504378,39.030577,0.004378,0.030577,1,1.926355,,,,,,
1780369607.274417,LASER_TRIGGER,92,65,,,314.200000,39.000000,13.500000,39.000000,13.504378,39.030577,0.004378,0.030577,1,1.926355,0,,sddm,,,
1780369617.960781,GIMBAL_CMD,93,66,57.330534,6.939130,314.200000,39.000000,,,57.330534,6.939130,,,,,,,,,,
1780369618.230666,GIMBAL_CMD_SEND,93,66,,,,,,,57.330534,6.939130,,,,,,,,,,
1780369618.325397,GIMBAL_CMD,94,66,59.972528,7.194727,314.200000,39.000000,,,59.972528,7.194727,,,,,,,,,,
1780369618.271372,GIMBAL_ATT,93,66,,,315.200000,39.000000,14.500000,39.000000,57.330534,6.939130,42.830534,32.060870,,,,,,,,
1780369618.579083,GIMBAL_CMD_PREEMPT,94,66,,,,,,,59.972528,6.939130,2.641994,0.255597,,,,,,,,
1780369618.794091,GIMBAL_CMD,95,66,62.638861,7.238921,315.200000,39.000000,,,62.638861,7.238921,,,,,,,,,,
1780369618.579083,GIMBAL_ATT,94,66,,,320.500000,37.600000,19.800000,37.600000,59.972528,6.939130,40.172528,30.660870,,,,,,,,
1780369618.890276,GIMBAL_CMD_PREEMPT,95,66,,,,,,,62.638861,6.939130,2.666333,0.299791,,,,,,,,
1780369618.890276,GIMBAL_ATT,95,66,,,330.000000,34.900000,29.300000,34.900000,62.638861,6.939130,33.338861,27.960870,,,,,,,,
1780369619.203068,GIMBAL_ATT,95,66,,,344.700000,30.800000,44.000000,30.800000,62.638861,6.939130,18.638861,23.860870,,,,,,,,
1780369619.613531,GIMBAL_CMD,96,66,66.757594,6.772675,344.700000,30.800000,,,66.757594,6.772675,,,,,,,,,,
1780369619.820422,GIMBAL_CMD,97,66,67.759322,6.878566,344.700000,30.800000,,,67.759322,6.878566,,,,,,,,,,
1780369619.580816,GIMBAL_ATT,95,66,,,358.300000,25.100000,57.600000,25.100000,62.638861,6.939130,5.038861,18.160870,,,,,,,,
1780369619.892413,GIMBAL_CMD_PREEMPT,97,66,,,,,,,67.759322,6.939130,5.120461,0.060564,,,,,,,,
1780369619.892413,GIMBAL_ATT,97,66,,,6.500000,20.300000,65.800000,20.300000,67.759322,6.939130,1.959322,13.360870,,,,,,,,
1780369620.184678,GIMBAL_ATT,97,66,,,8.300000,20.300000,67.600000,20.300000,67.759322,6.939130,0.159322,13.360870,,,,,,,,
1780369620.711232,GIMBAL_CMD,98,66,70.625983,6.872173,8.300000,20.300000,,,70.625983,6.872173,,,,,,,,,,
1780369620.501160,GIMBAL_ATT,97,66,,,8.300000,11.100000,67.600000,11.100000,67.759322,6.939130,0.159322,4.160870,,,,,,,,
1780369620.814253,GIMBAL_CMD_PREEMPT,98,66,,,,,,,70.625983,6.939130,2.866660,0.066957,,,,,,,,
1780369620.967352,GIMBAL_CMD,99,66,72.020196,7.353842,8.300000,11.100000,,,72.020196,7.353842,,,,,,,,,,
1780369620.814253,GIMBAL_ATT,98,66,,,8.300000,7.300000,67.600000,7.300000,70.625983,6.939130,3.025983,0.360870,,,,,,,,
1780369621.196544,GIMBAL_CMD_PREEMPT,99,66,,,,,,,72.020196,6.939130,1.394213,0.414712,,,,,,,,
1780369621.333537,GIMBAL_CMD,100,66,73.259684,7.550318,8.300000,7.300000,,,73.259684,7.550318,,,,,,,,,,
1780369621.196544,GIMBAL_ATT,99,66,,,11.200000,6.700000,70.500000,6.700000,72.020196,6.939130,1.520196,0.239130,,,,,,,,
1780369621.503525,GIMBAL_CMD_PREEMPT,100,66,,,,,,,73.259684,6.939130,1.239488,0.611188,,,,,,,,
1780369621.503525,GIMBAL_ATT,100,66,,,12.300000,6.700000,71.600000,6.700000,73.259684,6.939130,1.659684,0.239130,,,,,,,,
1780369621.870322,GIMBAL_CMD,101,66,74.851844,7.743439,12.300000,6.700000,,,74.851844,7.743439,,,,,,,,,,
1780369621.816015,GIMBAL_ATT,100,66,,,13.900000,6.700000,73.200000,6.700000,73.259684,6.939130,0.059684,0.239130,,,,,,,,
1780369621.816015,GIMBAL_SETTLED,100,66,,,13.900000,6.700000,73.200000,6.700000,73.259684,6.939130,0.059684,0.239130,1,0.312490,,,,,,
1780369622.220737,LASER_TRIGGER,100,66,,,13.900000,6.700000,73.200000,6.700000,73.259684,6.939130,0.059684,0.239130,1,0.312490,0,,sddm,,,
1780369622.220737,GIMBAL_CMD_SEND,101,66,,,,,,,74.851844,7.743439,,,,,,,,,,
1780369622.261172,GIMBAL_ATT,101,66,,,14.800000,6.800000,74.100000,6.800000,74.851844,7.743439,0.751844,0.943439,,,,,,,,
1780369622.509954,GIMBAL_ATT,101,66,,,14.800000,6.800000,74.100000,6.800000,74.851844,7.743439,0.751844,0.943439,,,,,,,,
1780369622.862936,GIMBAL_ATT,101,66,,,15.400000,7.700000,74.700000,7.700000,74.851844,7.743439,0.151844,0.043439,,,,,,,,
1780369622.862936,GIMBAL_SETTLED,101,66,,,15.400000,7.700000,74.700000,7.700000,74.851844,7.743439,0.151844,0.043439,1,0.642200,,,,,,
1780369623.153761,LASER_TRIGGER,101,66,,,15.400000,7.700000,74.700000,7.700000,74.851844,7.743439,0.151844,0.043439,1,0.642200,0,,sddm,,,
1780369624.172701,GIMBAL_CMD,102,68,81.992863,9.205069,15.400000,7.700000,,,81.992863,9.205069,,,,,,,,,,
1780369624.328396,GIMBAL_CMD_SEND,102,68,,,,,,,81.992863,9.205069,,,,,,,,,,
1780369624.600571,GIMBAL_CMD,103,68,82.870000,10.688472,15.400000,7.700000,,,82.870000,10.688472,,,,,,,,,,
1780369624.369267,GIMBAL_ATT,102,68,,,16.400000,7.800000,75.700000,7.800000,81.992863,9.205069,6.292863,1.405069,,,,,,,,
1780369624.676193,GIMBAL_CMD_PREEMPT,103,68,,,,,,,82.870000,10.688472,0.877137,1.483403,,,,,,,,
1780369624.676193,GIMBAL_ATT,103,68,,,22.400000,9.200000,81.700000,9.200000,82.870000,10.688472,1.170000,1.488472,,,,,,,,
1780369625.048019,GIMBAL_CMD,104,68,83.512504,12.140110,22.400000,9.200000,,,83.512504,12.140110,,,,,,,,,,
1780369624.983146,GIMBAL_ATT,103,68,,,22.400000,9.200000,81.700000,9.200000,82.870000,10.688472,1.170000,1.488472,,,,,,,,
1780369625.333174,GIMBAL_CMD_PREEMPT,104,68,,,,,,,83.512504,12.140110,0.642504,1.451638,,,,,,,,
1780369625.449284,GIMBAL_CMD,105,68,82.753618,13.462662,22.400000,9.200000,,,82.753618,13.462662,,,,,,,,,,
1780369625.758498,GIMBAL_CMD,106,68,83.235402,14.208044,22.400000,9.200000,,,83.235402,14.208044,,,,,,,,,,
1780369625.333174,GIMBAL_ATT,104,68,,,22.400000,10.800000,81.700000,10.800000,83.512504,12.140110,1.812504,1.340110,,,,,,,,
1780369625.794080,GIMBAL_CMD_PREEMPT,106,68,,,,,,,83.512504,14.208044,0.277102,2.067934,,,,,,,,
1780369625.794080,GIMBAL_ATT,106,68,,,24.100000,10.800000,83.400000,10.800000,83.512504,14.208044,0.112504,3.408044,,,,,,,,
1780369626.221178,GIMBAL_CMD,107,68,83.984716,14.923841,24.100000,10.800000,,,83.984716,14.923841,,,,,,,,,,
1780369626.209576,GIMBAL_ATT,106,68,,,24.100000,12.200000,83.400000,12.200000,83.512504,14.208044,0.112504,2.008044,,,,,,,,
1780369626.523352,GIMBAL_CMD_PREEMPT,107,68,,,,,,,83.984716,14.208044,0.472212,0.715797,,,,,,,,
1780369626.523352,GIMBAL_ATT,107,68,,,24.100000,12.200000,83.400000,12.200000,83.984716,14.208044,0.584716,2.008044,,,,,,,,
1780369627.177788,GIMBAL_CMD,108,66,100.223724,7.643945,24.100000,12.200000,,,100.223724,7.643945,,,,,,,,,,
1780369626.897703,GIMBAL_ATT,107,68,,,24.500000,12.200000,83.800000,12.200000,83.984716,14.208044,0.184716,2.008044,,,,,,,,
1780369627.209719,GIMBAL_CMD_PREEMPT,108,66,,,,,,,100.223724,7.643945,16.239008,6.564099,,,,,,,,
1780369627.209719,GIMBAL_ATT,108,66,,,25.700000,12.100000,85.000000,12.100000,100.223724,7.643945,15.223724,4.456055,,,,,,,,
1780369627.616706,GIMBAL_CMD,109,68,86.613254,15.615912,25.700000,12.100000,,,86.613254,15.615912,,,,,,,,,,
1780369627.569638,GIMBAL_ATT,108,66,,,31.100000,10.700000,90.400000,10.700000,100.223724,7.643945,9.823724,3.056055,,,,,,,,
1780369627.899115,GIMBAL_CMD,110,68,87.317445,15.505938,31.100000,10.700000,,,87.317445,15.505938,,,,,,,,,,
1780369627.883005,GIMBAL_CMD_PREEMPT,109,68,,,,,,,86.613254,15.615912,13.610469,7.971966,,,,,,,,
1780369627.883005,GIMBAL_ATT,109,68,,,32.100000,8.600000,91.400000,8.600000,86.613254,15.615912,4.786746,7.015912,,,,,,,,
1780369628.242673,GIMBAL_CMD_PREEMPT,110,68,,,,,,,87.317445,15.615912,0.704190,0.109974,,,,,,,,
1780369628.242673,GIMBAL_ATT,110,68,,,32.100000,11.800000,91.400000,11.800000,87.317445,15.615912,4.082555,3.815912,,,,,,,,
1780369628.619867,GIMBAL_CMD,111,75,89.568040,15.766060,32.100000,11.800000,,,89.568040,15.766060,,,,,,,,,,
1780369628.585272,GIMBAL_ATT,110,68,,,32.100000,15.300000,91.400000,15.300000,87.317445,15.615912,4.082555,0.315912,,,,,,,,
1780369628.931779,GIMBAL_CMD_PREEMPT,111,75,,,,,,,89.568040,15.766060,2.250595,0.150148,,,,,,,,
1780369628.931779,GIMBAL_ATT,111,75,,,29.100000,15.700000,88.400000,15.700000,89.568040,15.766060,1.168040,0.066060,,,,,,,,
1780369629.220338,GIMBAL_ATT,111,75,,,30.100000,15.700000,89.400000,15.700000,89.568040,15.766060,0.168040,0.066060,,,,,,,,
1780369629.220338,GIMBAL_SETTLED,111,75,,,30.100000,15.700000,89.400000,15.700000,89.568040,15.766060,0.168040,0.066060,1,0.288559,,,,,,
1780369629.505449,LASER_TRIGGER,111,75,,,30.100000,15.700000,89.400000,15.700000,89.568040,15.766060,0.168040,0.066060,1,0.288559,0,,sddm,,,
1780369634.026780,GIMBAL_CMD,112,71,13.459250,17.013284,30.100000,15.700000,,,13.459250,17.013284,,,,,,,,,,
1780369634.216166,GIMBAL_CMD_SEND,112,71,,,,,,,13.459250,17.013284,,,,,,,,,,
1780369634.363782,GIMBAL_CMD,113,71,14.546162,16.007108,30.100000,15.700000,,,14.546162,16.007108,,,,,,,,,,
1780369634.256516,GIMBAL_ATT,112,71,,,29.000000,15.700000,88.300000,15.700000,13.459250,17.013284,74.840750,1.313284,,,,,,,,
1780369634.561908,GIMBAL_CMD_PREEMPT,113,71,,,,,,,14.546162,16.007108,1.086913,1.006175,,,,,,,,
1780369634.561908,GIMBAL_ATT,113,71,,,29.000000,16.700000,88.300000,16.700000,14.546162,16.007108,73.753838,0.692892,,,,,,,,
1780369634.820251,GIMBAL_ATT,113,71,,,12.500000,16.700000,71.800000,16.700000,14.546162,16.007108,57.253838,0.692892,,,,,,,,
1780369635.237403,GIMBAL_ATT,113,71,,,359.000000,16.000000,58.300000,16.000000,14.546162,16.007108,43.753838,0.007108,,,,,,,,
1780369635.548329,GIMBAL_ATT,113,71,,,345.000000,16.000000,44.300000,16.000000,14.546162,16.007108,29.753838,0.007108,,,,,,,,
1780369635.859688,GIMBAL_ATT,113,71,,,331.000000,16.000000,30.300000,16.000000,14.546162,16.007108,15.753838,0.007108,,,,,,,,
1780369636.171846,GIMBAL_ATT,113,71,,,319.300000,16.000000,18.600000,16.000000,14.546162,16.007108,4.053838,0.007108,,,,,,,,
1780369636.483547,GIMBAL_ATT,113,71,,,319.300000,16.000000,18.600000,16.000000,14.546162,16.007108,4.053838,0.007108,,,,,,,,
1780369636.796865,GIMBAL_ATT,113,71,,,315.200000,16.000000,14.500000,16.000000,14.546162,16.007108,0.046162,0.007108,,,,,,,,
1780369636.796865,GIMBAL_SETTLED,113,71,,,315.200000,16.000000,14.500000,16.000000,14.546162,16.007108,0.046162,0.007108,1,2.234957,,,,,,
1780369637.088922,LASER_TRIGGER,113,71,,,315.200000,16.000000,14.500000,16.000000,14.546162,16.007108,0.046162,0.007108,1,2.234957,0,,sddm,,,
1780369660.618027,GIMBAL_CMD,114,92,57.372739,41.787546,315.200000,16.000000,,,57.372739,41.787546,,,,,,,,,,
1780369660.618027,GIMBAL_CMD_SEND,114,92,,,,,,,57.372739,41.787546,,,,,,,,,,
1780369660.659265,GIMBAL_ATT,114,92,,,316.300000,16.100000,15.600000,16.100000,57.372739,41.787546,41.772739,25.687546,,,,,,,,
1780369660.969895,GIMBAL_CMD,115,92,56.015061,40.650039,316.300000,16.100000,,,56.015061,40.650039,,,,,,,,,,
1780369660.976883,GIMBAL_CMD_PREEMPT,115,92,,,,,,,56.015061,40.650039,1.357679,1.137508,,,,,,,,
1780369660.976883,GIMBAL_ATT,115,92,,,322.900000,17.800000,22.200000,17.800000,56.015061,40.650039,33.815061,22.850039,,,,,,,,
1780369661.422362,GIMBAL_CMD,116,92,54.463609,39.150180,322.900000,17.800000,,,54.463609,39.150180,,,,,,,,,,
1780369661.335495,GIMBAL_ATT,115,92,,,332.900000,20.800000,32.200000,20.800000,56.015061,40.650039,23.815061,19.850039,,,,,,,,
1780369661.647180,GIMBAL_CMD_PREEMPT,116,92,,,,,,,54.463609,39.150180,1.551451,1.499858,,,,,,,,
1780369661.809392,GIMBAL_CMD,117,92,53.431700,37.758245,332.900000,20.800000,,,53.431700,37.758245,,,,,,,,,,
1780369661.647180,GIMBAL_ATT,116,92,,,347.900000,25.900000,47.200000,25.900000,54.463609,39.150180,7.263609,13.250180,,,,,,,,
1780369662.004628,GIMBAL_CMD_PREEMPT,117,92,,,,,,,53.431700,37.758245,1.031909,1.391935,,,,,,,,
1780369662.243620,GIMBAL_CMD,118,92,51.964440,35.699240,347.900000,25.900000,,,51.964440,35.699240,,,,,,,,,,
1780369662.004628,GIMBAL_ATT,117,92,,,347.900000,31.300000,47.200000,31.300000,53.431700,37.758245,6.231700,6.458245,,,,,,,,
1780369662.397024,GIMBAL_CMD_PREEMPT,118,92,,,,,,,51.964440,35.699240,1.467260,2.059005,,,,,,,,
1780369662.397024,GIMBAL_ATT,118,92,,,354.000000,31.300000,53.300000,31.300000,51.964440,35.699240,1.335560,4.399240,,,,,,,,
1780369662.742413,GIMBAL_ATT,118,92,,,354.000000,35.800000,53.300000,35.800000,51.964440,35.699240,1.335560,0.100760,,,,,,,,
1780369663.055478,GIMBAL_ATT,118,92,,,354.000000,35.800000,53.300000,35.800000,51.964440,35.699240,1.335560,0.100760,,,,,,,,
1780369663.369817,GIMBAL_ATT,118,92,,,354.000000,35.800000,53.300000,35.800000,51.964440,35.699240,1.335560,0.100760,,,,,,,,
1780369663.682379,GIMBAL_ATT,118,92,,,354.000000,35.800000,53.300000,35.800000,51.964440,35.699240,1.335560,0.100760,,,,,,,,
1780369663.992373,GIMBAL_ATT,118,92,,,354.000000,35.800000,53.300000,35.800000,51.964440,35.699240,1.335560,0.100760,,,,,,,,
1780369664.302844,GIMBAL_ATT,118,92,,,354.000000,35.800000,53.300000,35.800000,51.964440,35.699240,1.335560,0.100760,,,,,,,,
1780369664.616797,GIMBAL_ATT,118,92,,,354.000000,35.800000,53.300000,35.800000,51.964440,35.699240,1.335560,0.100760,,,,,,,,
1780369664.928597,GIMBAL_CMD,119,94,39.554605,12.901239,354.000000,35.800000,,,39.554605,12.901239,,,,,,,,,,
1780369664.929597,GIMBAL_CMD_PREEMPT,119,94,,,,,,,39.554605,12.901239,12.409835,22.798002,,,,,,,,
1780369665.179610,GIMBAL_CMD,120,94,38.643101,9.338754,354.000000,35.800000,,,38.643101,9.338754,,,,,,,,,,
1780369664.929597,GIMBAL_ATT,119,94,,,352.900000,35.700000,52.200000,35.700000,39.554605,12.901239,12.645395,22.798761,,,,,,,,
1780369665.291924,GIMBAL_CMD_PREEMPT,120,94,,,,,,,38.643101,9.338754,0.911504,3.562484,,,,,,,,
1780369665.291924,GIMBAL_ATT,120,94,,,346.200000,34.000000,45.500000,34.000000,38.643101,9.338754,6.856899,24.661246,,,,,,,,
1780369665.653008,GIMBAL_ATT,120,94,,,346.200000,31.000000,45.500000,31.000000,38.643101,9.338754,6.856899,21.661246,,,,,,,,
1780369665.866466,GIMBAL_ATT,120,94,,,339.300000,31.000000,38.600000,31.000000,38.643101,9.338754,0.043101,21.661246,,,,,,,,
1780369666.278313,GIMBAL_ATT,120,94,,,339.300000,21.800000,38.600000,21.800000,38.643101,9.338754,0.043101,12.461246,,,,,,,,
1780369666.591008,GIMBAL_ATT,120,94,,,339.300000,16.900000,38.600000,16.900000,38.643101,9.338754,0.043101,7.561246,,,,,,,,
1780369666.906001,GIMBAL_ATT,120,94,,,339.300000,12.300000,38.600000,12.300000,38.643101,9.338754,0.043101,2.961246,,,,,,,,
1780369667.217849,GIMBAL_ATT,120,94,,,339.300000,12.300000,38.600000,12.300000,38.643101,9.338754,0.043101,2.961246,,,,,,,,
1780369667.641239,GIMBAL_ATT,120,94,,,339.300000,9.400000,38.600000,9.400000,38.643101,9.338754,0.043101,0.061246,,,,,,,,
1780369667.641239,GIMBAL_SETTLED,120,94,,,339.300000,9.400000,38.600000,9.400000,38.643101,9.338754,0.043101,0.061246,1,2.349316,,,,,,
1780369667.934596,LASER_TRIGGER,120,94,,,339.300000,9.400000,38.600000,9.400000,38.643101,9.338754,0.043101,0.061246,1,2.349316,0,,sddm,,,
1780369687.133563,GIMBAL_CMD,121,103,100.463907,19.975288,339.300000,9.400000,,,100.463907,19.975288,,,,,,,,,,
1780369687.133563,GIMBAL_CMD_SEND,121,103,,,,,,,100.463907,19.975288,,,,,,,,,,
1780369687.174895,GIMBAL_ATT,121,103,,,340.300000,9.400000,39.600000,9.400000,100.463907,19.975288,60.863907,10.575288,,,,,,,,
1780369687.484695,GIMBAL_CMD,122,103,100.106199,18.486212,340.300000,9.400000,,,100.106199,18.486212,,,,,,,,,,
1780369687.719191,GIMBAL_CMD,123,103,98.532398,16.079520,340.300000,9.400000,,,98.532398,16.079520,,,,,,,,,,
1780369687.483565,GIMBAL_ATT,121,103,,,345.600000,10.700000,44.900000,10.700000,100.463907,19.975288,55.563907,9.275288,,,,,,,,
1780369687.795901,GIMBAL_CMD_PREEMPT,123,103,,,,,,,98.532398,16.079520,1.931510,3.895768,,,,,,,,
1780369687.972021,GIMBAL_CMD,124,103,98.332307,14.635231,345.600000,10.700000,,,98.332307,14.635231,,,,,,,,,,
1780369687.795901,GIMBAL_ATT,123,103,,,356.700000,14.000000,56.000000,14.000000,98.532398,16.079520,42.532398,2.079520,,,,,,,,
1780369688.122064,GIMBAL_CMD_PREEMPT,124,103,,,,,,,98.532398,14.635231,0.200091,1.444289,,,,,,,,
1780369688.122064,GIMBAL_ATT,124,103,,,8.800000,14.000000,68.100000,14.000000,98.532398,14.635231,30.432398,0.635231,,,,,,,,
1780369688.432416,GIMBAL_ATT,124,103,,,22.800000,16.000000,82.100000,16.000000,98.532398,14.635231,16.432398,1.364769,,,,,,,,
1780369688.744360,GIMBAL_ATT,124,103,,,34.700000,16.000000,94.000000,16.000000,98.532398,14.635231,4.532398,1.364769,,,,,,,,
1780369689.056228,GIMBAL_ATT,124,103,,,34.700000,16.000000,94.000000,16.000000,98.532398,14.635231,4.532398,1.364769,,,,,,,,
1780369689.505696,GIMBAL_ATT,124,103,,,39.100000,16.000000,98.400000,16.000000,98.532398,14.635231,0.132398,1.364769,,,,,,,,
1780369689.820977,GIMBAL_ATT,124,103,,,39.100000,16.000000,98.400000,16.000000,98.532398,14.635231,0.132398,1.364769,,,,,,,,
1780369690.134903,GIMBAL_ATT,124,103,,,39.100000,16.000000,98.400000,16.000000,98.532398,14.635231,0.132398,1.364769,,,,,,,,
1780369690.446275,GIMBAL_ATT,124,103,,,39.100000,16.000000,98.400000,16.000000,98.532398,14.635231,0.132398,1.364769,,,,,,,,
1780369690.757304,GIMBAL_ATT,124,103,,,39.100000,16.000000,98.400000,16.000000,98.532398,14.635231,0.132398,1.364769,,,,,,,,
1780369690.757304,GIMBAL_TIMEOUT,124,103,,,,,,,98.532398,14.635231,0.132398,1.364769,0,2.635239,,,,,,
1780369693.538025,GIMBAL_CMD,125,107,74.753878,15.705758,39.100000,16.000000,,,74.753878,15.705758,,,,,,,,,,
1780369693.767235,GIMBAL_CMD_SEND,125,107,,,,,,,74.753878,15.705758,,,,,,,,,,
1780369693.965263,GIMBAL_CMD,126,107,68.139960,14.184064,39.100000,16.000000,,,68.139960,14.184064,,,,,,,,,,
1780369693.808087,GIMBAL_ATT,125,107,,,39.100000,16.000000,98.400000,16.000000,74.753878,15.705758,23.646122,0.294242,,,,,,,,
1780369694.233774,GIMBAL_CMD,127,107,65.125105,12.397469,39.100000,16.000000,,,65.125105,12.397469,,,,,,,,,,
1780369694.209552,GIMBAL_CMD_PREEMPT,126,107,,,,,,,68.139960,14.184064,6.613919,1.521693,,,,,,,,
1780369694.209552,GIMBAL_ATT,126,107,,,29.100000,15.700000,88.400000,15.700000,68.139960,14.184064,20.260040,1.515936,,,,,,,,
1780369694.567534,GIMBAL_CMD_PREEMPT,127,107,,,,,,,65.125105,12.397469,3.014855,1.786595,,,,,,,,
1780369694.848915,GIMBAL_CMD,128,107,58.515669,9.974951,29.100000,15.700000,,,58.515669,9.974951,,,,,,,,,,
1780369694.567534,GIMBAL_ATT,127,107,,,16.100000,14.200000,75.400000,14.200000,65.125105,12.397469,10.274895,1.802531,,,,,,,,
1780369694.925389,GIMBAL_CMD_PREEMPT,128,107,,,,,,,58.515669,9.974951,6.609436,2.422518,,,,,,,,
1780369695.344443,GIMBAL_CMD,129,107,54.799759,8.524532,16.100000,14.200000,,,54.799759,8.524532,,,,,,,,,,
1780369694.925389,GIMBAL_ATT,128,107,,,16.100000,14.200000,75.400000,14.200000,58.515669,9.974951,16.884331,4.225049,,,,,,,,
1780369695.422657,GIMBAL_CMD_PREEMPT,129,107,,,,,,,54.799759,8.524532,3.715911,1.450419,,,,,,,,
1780369695.422657,GIMBAL_ATT,129,107,,,4.700000,12.200000,64.000000,12.200000,54.799759,8.524532,9.200241,3.675468,,,,,,,,
1780369695.881568,GIMBAL_CMD,130,107,52.199633,6.882763,4.700000,12.200000,,,52.199633,6.882763,,,,,,,,,,
1780369695.784035,GIMBAL_ATT,129,107,,,359.300000,10.900000,58.600000,10.900000,54.799759,8.524532,3.800241,2.375468,,,,,,,,
1780369696.095297,GIMBAL_CMD_PREEMPT,130,107,,,,,,,52.199633,6.882763,2.600126,1.641769,,,,,,,,
1780369696.242023,GIMBAL_CMD,131,107,51.073843,6.070575,359.300000,10.900000,,,51.073843,6.070575,,,,,,,,,,
1780369696.095297,GIMBAL_ATT,130,107,,,359.300000,10.900000,58.600000,10.900000,52.199633,6.882763,6.400367,4.017237,,,,,,,,
1780369696.680212,GIMBAL_CMD,132,107,49.908864,6.187870,359.300000,10.900000,,,49.908864,6.187870,,,,,,,,,,
1780369696.686752,GIMBAL_CMD_PREEMPT,132,107,,,,,,,49.908864,6.882763,2.290769,0.694893,,,,,,,,
1780369696.686752,GIMBAL_ATT,132,107,,,352.800000,6.900000,52.100000,6.900000,49.908864,6.882763,2.191136,0.017237,,,,,,,,
1780369696.997635,GIMBAL_ATT,132,107,,,352.800000,6.900000,52.100000,6.900000,49.908864,6.882763,2.191136,0.017237,,,,,,,,
1780369697.301547,GIMBAL_CMD,133,107,46.905495,5.965171,352.800000,6.900000,,,46.905495,5.965171,,,,,,,,,,
1780369697.504833,GIMBAL_CMD,134,107,46.025590,6.584538,352.800000,6.900000,,,46.025590,6.584538,,,,,,,,,,
1780369697.296486,GIMBAL_ATT,132,107,,,352.800000,6.900000,52.100000,6.900000,49.908864,6.882763,2.191136,0.017237,,,,,,,,
1780369697.610143,GIMBAL_CMD_PREEMPT,134,107,,,,,,,46.025590,6.882763,3.883274,0.298225,,,,,,,,
1780369697.610143,GIMBAL_ATT,134,107,,,351.700000,6.900000,51.000000,6.900000,46.025590,6.882763,4.974410,0.017237,,,,,,,,
1780369698.001552,GIMBAL_CMD,135,107,43.064700,7.576333,351.700000,6.900000,,,43.064700,7.576333,,,,,,,,,,
1780369697.922621,GIMBAL_ATT,134,107,,,347.000000,6.900000,46.300000,6.900000,46.025590,6.882763,0.274410,0.017237,,,,,,,,
1780369697.922621,GIMBAL_SETTLED,134,107,,,347.000000,6.900000,46.300000,6.900000,46.025590,6.882763,0.274410,0.017237,1,0.312477,,,,,,
1780369698.131854,LASER_TRIGGER,134,107,,,347.000000,6.900000,46.300000,6.900000,46.025590,6.882763,0.274410,0.017237,1,0.312477,0,,sddm,,,
1780369698.131854,GIMBAL_CMD_SEND,135,107,,,,,,,43.064700,7.576333,,,,,,,,,,
1780369698.172582,GIMBAL_ATT,135,107,,,346.600000,6.900000,45.900000,6.900000,43.064700,7.576333,2.835300,0.676333,,,,,,,,
1780369698.592557,GIMBAL_ATT,135,107,,,346.600000,6.900000,45.900000,6.900000,43.064700,7.576333,2.835300,0.676333,,,,,,,,
1780369699.147976,GIMBAL_CMD,136,107,36.633941,7.372823,346.600000,6.900000,,,36.633941,7.372823,,,,,,,,,,
1780369698.903979,GIMBAL_ATT,135,107,,,346.600000,6.900000,45.900000,6.900000,43.064700,7.576333,2.835300,0.676333,,,,,,,,
1780369699.214867,GIMBAL_CMD_PREEMPT,136,107,,,,,,,36.633941,7.576333,6.430759,0.203510,,,,,,,,
1780369699.496689,GIMBAL_CMD,137,107,35.117007,6.676215,346.600000,6.900000,,,35.117007,6.676215,,,,,,,,,,
1780369699.214867,GIMBAL_ATT,136,107,,,345.600000,6.900000,44.900000,6.900000,36.633941,7.576333,8.266059,0.676333,,,,,,,,
1780369699.527440,GIMBAL_CMD_PREEMPT,137,107,,,,,,,35.117007,6.676215,1.516933,0.900118,,,,,,,,
1780369699.527440,GIMBAL_ATT,137,107,,,345.600000,6.800000,44.900000,6.800000,35.117007,6.676215,9.782993,0.123785,,,,,,,,
1780369699.975298,GIMBAL_ATT,137,107,,,335.800000,6.800000,35.100000,6.800000,35.117007,6.676215,0.017007,0.123785,,,,,,,,
1780369699.975298,GIMBAL_SETTLED,137,107,,,335.800000,6.800000,35.100000,6.800000,35.117007,6.676215,0.017007,0.123785,1,0.447857,,,,,,
1780369700.369406,LASER_TRIGGER,137,107,,,335.800000,6.800000,35.100000,6.800000,35.117007,6.676215,0.017007,0.123785,1,0.447857,0,,sddm,,,
1780369700.922929,GIMBAL_CMD,138,107,30.835544,7.135707,335.800000,6.700000,,,30.835544,7.135707,,,,,,,,,,
1780369701.155799,GIMBAL_CMD_SEND,138,107,,,,,,,30.835544,7.135707,,,,,,,,,,
1780369701.196159,GIMBAL_ATT,138,107,,,334.800000,6.700000,34.100000,6.700000,30.835544,7.135707,3.264456,0.435707,,,,,,,,
1780369701.425299,GIMBAL_ATT,138,107,,,331.600000,6.700000,30.900000,6.700000,30.835544,7.135707,0.064456,0.435707,,,,,,,,
1780369701.657807,GIMBAL_ATT,138,107,,,331.400000,6.700000,30.700000,6.700000,30.835544,7.135707,0.135544,0.435707,,,,,,,,
1780369701.970079,GIMBAL_ATT,138,107,,,331.400000,7.200000,30.700000,7.200000,30.835544,7.135707,0.135544,0.064293,,,,,,,,
1780369701.970079,GIMBAL_SETTLED,138,107,,,331.400000,7.200000,30.700000,7.200000,30.835544,7.135707,0.135544,0.064293,1,0.814280,,,,,,
1780369702.265862,LASER_TRIGGER,138,107,,,331.400000,7.200000,30.700000,7.200000,30.835544,7.135707,0.135544,0.064293,1,0.814280,0,,sddm,,,
1780369705.851027,GIMBAL_CMD,139,112,99.435549,4.789364,331.400000,7.200000,,,99.435549,4.789364,,,,,,,,,,
1780369705.851531,GIMBAL_CMD_SEND,139,112,,,,,,,99.435549,4.789364,,,,,,,,,,
1780369705.892166,GIMBAL_ATT,139,112,,,332.500000,7.100000,31.800000,7.100000,99.435549,4.789364,67.635549,2.310636,,,,,,,,
1780369706.211630,GIMBAL_ATT,139,112,,,337.900000,5.700000,37.200000,5.700000,99.435549,4.789364,62.235549,0.910636,,,,,,,,
1780369706.443368,GIMBAL_ATT,139,112,,,344.800000,5.700000,44.100000,5.700000,99.435549,4.789364,55.335549,0.910636,,,,,,,,
1780369706.761343,GIMBAL_ATT,139,112,,,357.400000,4.800000,56.700000,4.800000,99.435549,4.789364,42.735549,0.010636,,,,,,,,
1780369707.070008,GIMBAL_ATT,139,112,,,11.300000,4.800000,70.600000,4.800000,99.435549,4.789364,28.835549,0.010636,,,,,,,,
1780369707.382818,GIMBAL_ATT,139,112,,,25.300000,4.800000,84.600000,4.800000,99.435549,4.789364,14.835549,0.010636,,,,,,,,
1780369707.698241,GIMBAL_ATT,139,112,,,36.900000,4.800000,96.200000,4.800000,99.435549,4.789364,3.235549,0.010636,,,,,,,,
1780369708.010643,GIMBAL_ATT,139,112,,,40.000000,4.800000,99.300000,4.800000,99.435549,4.789364,0.135549,0.010636,,,,,,,,
1780369708.010643,GIMBAL_SETTLED,139,112,,,40.000000,4.800000,99.300000,4.800000,99.435549,4.789364,0.135549,0.010636,1,2.159112,,,,,,
1780369708.303576,LASER_TRIGGER,139,112,,,40.000000,4.800000,99.300000,4.800000,99.435549,4.789364,0.135549,0.010636,1,2.159112,0,,sddm,,,
1780369730.988621,GIMBAL_CMD,140,117,25.444915,15.388419,40.000000,4.800000,,,25.444915,15.388419,,,,,,,,,,
1780369730.989126,GIMBAL_CMD_SEND,140,117,,,,,,,25.444915,15.388419,,,,,,,,,,
1780369731.030294,GIMBAL_ATT,140,117,,,39.000000,4.800000,98.300000,4.800000,25.444915,15.388419,72.855085,10.588419,,,,,,,,
1780369731.336777,GIMBAL_ATT,140,117,,,33.700000,6.100000,93.000000,6.100000,25.444915,15.388419,67.555085,9.288419,,,,,,,,
1780369731.648684,GIMBAL_ATT,140,117,,,24.300000,8.800000,83.600000,8.800000,25.444915,15.388419,58.155085,6.588419,,,,,,,,
1780369731.958970,GIMBAL_ATT,140,117,,,11.200000,12.700000,70.500000,12.700000,25.444915,15.388419,45.055085,2.688419,,,,,,,,
1780369732.272242,GIMBAL_ATT,140,117,,,357.100000,12.700000,56.400000,12.700000,25.444915,15.388419,30.955085,2.688419,,,,,,,,
1780369732.583944,GIMBAL_ATT,140,117,,,343.100000,15.400000,42.400000,15.400000,25.444915,15.388419,16.955085,0.011581,,,,,,,,
1780369732.898573,GIMBAL_ATT,140,117,,,331.000000,15.400000,30.300000,15.400000,25.444915,15.388419,4.855085,0.011581,,,,,,,,
1780369733.211225,GIMBAL_ATT,140,117,,,331.000000,15.400000,30.300000,15.400000,25.444915,15.388419,4.855085,0.011581,,,,,,,,
1780369733.555785,GIMBAL_ATT,140,117,,,326.100000,15.400000,25.400000,15.400000,25.444915,15.388419,0.044915,0.011581,,,,,,,,
1780369733.555785,GIMBAL_SETTLED,140,117,,,326.100000,15.400000,25.400000,15.400000,25.444915,15.388419,0.044915,0.011581,1,2.566659,,,,,,
1780369733.848829,LASER_TRIGGER,140,117,,,326.100000,15.400000,25.400000,15.400000,25.444915,15.388419,0.044915,0.011581,1,2.566659,0,,sddm,,,
1780369735.351061,GIMBAL_CMD,141,120,20.669484,42.109872,326.100000,15.400000,,,20.669484,42.109872,,,,,,,,,,
1780369735.409249,GIMBAL_CMD_SEND,141,120,,,,,,,20.669484,42.109872,,,,,,,,,,
1780369735.449871,GIMBAL_ATT,141,120,,,325.100000,15.400000,24.400000,15.400000,20.669484,42.109872,3.730516,26.709872,,,,,,,,
1780369735.757533,GIMBAL_ATT,141,120,,,325.100000,16.700000,24.400000,16.700000,20.669484,42.109872,3.730516,25.409872,,,,,,,,
1780369736.177931,GIMBAL_ATT,141,120,,,321.200000,20.700000,20.500000,20.700000,20.669484,42.109872,0.169484,21.409872,,,,,,,,
1780369736.490658,GIMBAL_ATT,141,120,,,321.200000,25.300000,20.500000,25.300000,20.669484,42.109872,0.169484,16.809872,,,,,,,,
1780369736.802244,GIMBAL_ATT,141,120,,,321.200000,30.100000,20.500000,30.100000,20.669484,42.109872,0.169484,12.009872,,,,,,,,
1780369737.115123,GIMBAL_ATT,141,120,,,321.200000,35.000000,20.500000,35.000000,20.669484,42.109872,0.169484,7.109872,,,,,,,,
1780369737.427773,GIMBAL_ATT,141,120,,,321.200000,39.500000,20.500000,39.500000,20.669484,42.109872,0.169484,2.609872,,,,,,,,
1780369737.726161,GIMBAL_ATT,141,120,,,321.200000,39.500000,20.500000,39.500000,20.669484,42.109872,0.169484,2.609872,,,,,,,,
1780369738.036358,GIMBAL_ATT,141,120,,,321.200000,42.200000,20.500000,42.200000,20.669484,42.109872,0.169484,0.090128,,,,,,,,
1780369738.036358,GIMBAL_SETTLED,141,120,,,321.200000,42.200000,20.500000,42.200000,20.669484,42.109872,0.169484,0.090128,1,2.627109,,,,,,
1780369738.327960,LASER_TRIGGER,141,120,,,321.200000,42.200000,20.500000,42.200000,20.669484,42.109872,0.169484,0.090128,1,2.627109,0,,sddm,,,
1780369743.453135,GIMBAL_CMD,142,122,61.633242,36.759091,321.200000,42.200000,,,61.633242,36.759091,,,,,,,,,,
1780369743.453135,GIMBAL_CMD_SEND,142,122,,,,,,,61.633242,36.759091,,,,,,,,,,
1780369743.494558,GIMBAL_ATT,142,122,,,322.200000,42.100000,21.500000,42.100000,61.633242,36.759091,40.133242,5.340909,,,,,,,,
1780369743.803293,GIMBAL_ATT,142,122,,,327.500000,40.800000,26.800000,40.800000,61.633242,36.759091,34.833242,4.040909,,,,,,,,
1780369744.114784,GIMBAL_ATT,142,122,,,336.900000,38.200000,36.200000,38.200000,61.633242,36.759091,25.433242,1.440909,,,,,,,,
1780369744.343962,GIMBAL_ATT,142,122,,,346.600000,38.200000,45.900000,38.200000,61.633242,36.759091,15.733242,1.440909,,,,,,,,
1780369744.658890,GIMBAL_ATT,142,122,,,358.400000,36.800000,57.700000,36.800000,61.633242,36.759091,3.933242,0.040909,,,,,,,,
1780369744.973254,GIMBAL_ATT,142,122,,,2.200000,36.800000,61.500000,36.800000,61.633242,36.759091,0.133242,0.040909,,,,,,,,
1780369744.973254,GIMBAL_SETTLED,142,122,,,2.200000,36.800000,61.500000,36.800000,61.633242,36.759091,0.133242,0.040909,1,1.520119,,,,,,
1780369745.372692,LASER_TRIGGER,142,122,,,2.200000,36.800000,61.500000,36.800000,61.633242,36.759091,0.133242,0.040909,1,1.520119,0,,sddm,,,
1780369749.874802,GIMBAL_CMD,143,122,93.542078,8.829911,2.200000,36.800000,,,93.542078,8.829911,,,,,,,,,,
1780369750.067768,GIMBAL_CMD_SEND,143,122,,,,,,,93.542078,8.829911,,,,,,,,,,
1780369750.108321,GIMBAL_ATT,143,122,,,3.200000,36.700000,62.500000,36.700000,93.542078,8.829911,31.042078,27.870089,,,,,,,,
1780369750.414117,GIMBAL_ATT,143,122,,,8.400000,35.400000,67.700000,35.400000,93.542078,8.829911,25.842078,26.570089,,,,,,,,
1780369750.723693,GIMBAL_ATT,143,122,,,17.800000,32.700000,77.100000,32.700000,93.542078,8.829911,16.442078,23.870089,,,,,,,,
1780369751.036671,GIMBAL_ATT,143,122,,,29.200000,28.600000,88.500000,28.600000,93.542078,8.829911,5.042078,19.770089,,,,,,,,
1780369751.350322,GIMBAL_ATT,143,122,,,29.200000,23.800000,88.500000,23.800000,93.542078,8.829911,5.042078,14.970089,,,,,,,,
1780369751.693157,GIMBAL_ATT,143,122,,,34.200000,18.600000,93.500000,18.600000,93.542078,8.829911,0.042078,9.770089,,,,,,,,
1780369752.109687,GIMBAL_CMD,144,124,66.184045,6.898746,34.200000,18.600000,,,66.184045,6.898746,,,,,,,,,,
1780369751.991149,GIMBAL_ATT,143,122,,,34.200000,14.000000,93.500000,14.000000,93.542078,8.829911,0.042078,5.170089,,,,,,,,
1780369752.304846,GIMBAL_CMD_PREEMPT,144,124,,,,,,,66.184045,6.898746,27.358034,1.931165,,,,,,,,
1780369752.304846,GIMBAL_ATT,144,124,,,33.100000,9.500000,92.400000,9.500000,66.184045,6.898746,26.215955,2.601254,,,,,,,,
1780369752.660965,GIMBAL_ATT,144,124,,,33.100000,9.500000,92.400000,9.500000,66.184045,6.898746,26.215955,2.601254,,,,,,,,
1780369752.973873,GIMBAL_ATT,144,124,,,18.200000,6.700000,77.500000,6.700000,66.184045,6.898746,11.315955,0.198746,,,,,,,,
1780369753.285200,GIMBAL_ATT,144,124,,,8.400000,6.700000,67.700000,6.700000,66.184045,6.898746,1.515955,0.198746,,,,,,,,
1780369753.549972,GIMBAL_ATT,144,124,,,6.800000,6.700000,66.100000,6.700000,66.184045,6.898746,0.084045,0.198746,,,,,,,,
1780369753.549972,GIMBAL_SETTLED,144,124,,,6.800000,6.700000,66.100000,6.700000,66.184045,6.898746,0.084045,0.198746,1,1.245126,,,,,,
1780369753.843621,LASER_TRIGGER,144,124,,,6.800000,6.700000,66.100000,6.700000,66.184045,6.898746,0.084045,0.198746,1,1.245126,0,,sddm,,,
1780369762.482613,GIMBAL_CMD,145,124,59.404776,6.923734,6.800000,6.700000,,,59.404776,6.923734,,,,,,,,,,
1780369762.483624,GIMBAL_CMD_SEND,145,124,,,,,,,59.404776,6.923734,,,,,,,,,,
1780369762.483839,GIMBAL_ATT,145,124,,,5.700000,6.700000,65.000000,6.700000,59.404776,6.923734,5.595224,0.223734,,,,,,,,
1780369762.803242,GIMBAL_ATT,145,124,,,0.700000,6.700000,60.000000,6.700000,59.404776,6.923734,0.595224,0.223734,,,,,,,,
1780369763.048569,GIMBAL_CMD,146,124,56.699274,7.005264,0.700000,6.700000,,,56.699274,7.005264,,,,,,,,,,
1780369763.043273,GIMBAL_ATT,145,124,,,0.000000,6.700000,59.300000,6.700000,59.404776,6.923734,0.104776,0.223734,,,,,,,,
1780369763.043273,GIMBAL_SETTLED,145,124,,,0.000000,6.700000,59.300000,6.700000,59.404776,6.923734,0.104776,0.223734,1,0.559649,,,,,,
1780369763.332315,LASER_TRIGGER,145,124,,,0.000000,6.700000,59.300000,6.700000,59.404776,6.923734,0.104776,0.223734,1,0.559649,0,,sddm,,,
1780369763.332315,GIMBAL_CMD_SEND,146,124,,,,,,,56.699274,7.005264,,,,,,,,,,
1780369763.332315,GIMBAL_ATT,146,124,,,358.900000,6.700000,58.200000,6.700000,56.699274,7.005264,1.500726,0.305264,,,,,,,,
1780369763.647570,GIMBAL_CMD,147,124,54.519135,7.004297,358.900000,6.700000,,,54.519135,7.004297,,,,,,,,,,
1780369763.648579,GIMBAL_CMD_PREEMPT,147,124,,,,,,,54.519135,7.005264,2.180139,0.000967,,,,,,,,
1780369763.648579,GIMBAL_ATT,147,124,,,358.900000,6.700000,58.200000,6.700000,54.519135,7.005264,3.680865,0.305264,,,,,,,,
1780369763.959180,GIMBAL_ATT,147,124,,,357.300000,6.700000,56.600000,6.700000,54.519135,7.005264,2.080865,0.305264,,,,,,,,
1780369764.323099,GIMBAL_CMD,148,124,50.545433,6.390507,357.300000,6.700000,,,50.545433,6.390507,,,,,,,,,,
1780369764.268948,GIMBAL_ATT,147,124,,,357.300000,6.700000,56.600000,6.700000,54.519135,7.005264,2.080865,0.305264,,,,,,,,
1780369764.578572,GIMBAL_CMD_PREEMPT,148,124,,,,,,,50.545433,7.005264,3.973702,0.614757,,,,,,,,
1780369764.583599,GIMBAL_CMD,149,124,47.715654,6.074216,357.300000,6.700000,,,47.715654,6.074216,,,,,,,,,,
1780369764.578572,GIMBAL_ATT,148,124,,,356.200000,6.700000,55.500000,6.700000,50.545433,7.005264,4.954567,0.305264,,,,,,,,
1780369764.890257,GIMBAL_CMD_PREEMPT,149,124,,,,,,,47.715654,6.074216,2.829780,0.931048,,,,,,,,
1780369764.966282,GIMBAL_CMD,150,124,45.048295,6.117612,356.200000,6.700000,,,45.048295,6.117612,,,,,,,,,,
1780369764.890257,GIMBAL_ATT,149,124,,,350.000000,6.700000,49.300000,6.700000,47.715654,6.074216,1.584346,0.625784,,,,,,,,
1780369765.173347,GIMBAL_CMD_PREEMPT,150,124,,,,,,,45.048295,6.074216,2.667358,0.043396,,,,,,,,
1780369765.199461,GIMBAL_CMD,151,124,42.100253,6.354196,350.000000,6.700000,,,42.100253,6.354196,,,,,,,,,,
1780369765.426804,GIMBAL_CMD,152,124,39.611625,6.577512,350.000000,6.700000,,,39.611625,6.577512,,,,,,,,,,
1780369765.173347,GIMBAL_ATT,150,124,,,350.000000,6.700000,49.300000,6.700000,45.048295,6.074216,4.251705,0.625784,,,,,,,,
1780369765.533517,GIMBAL_CMD_PREEMPT,152,124,,,,,,,39.611625,6.074216,5.436671,0.503295,,,,,,,,
1780369765.533517,GIMBAL_ATT,152,124,,,347.300000,6.000000,46.600000,6.000000,39.611625,6.074216,6.988375,0.074216,,,,,,,,
1780369765.939952,GIMBAL_CMD,153,124,36.284985,6.809412,347.300000,6.000000,,,36.284985,6.809412,,,,,,,,,,
1780369765.847248,GIMBAL_ATT,152,124,,,342.100000,6.000000,41.400000,6.000000,39.611625,6.074216,1.788375,0.074216,,,,,,,,
1780369766.151459,GIMBAL_CMD_PREEMPT,153,124,,,,,,,36.284985,6.074216,3.326640,0.735196,,,,,,,,
1780369766.247928,GIMBAL_CMD,154,124,34.488755,6.983150,342.100000,6.000000,,,34.488755,6.983150,,,,,,,,,,
1780369766.151459,GIMBAL_ATT,153,124,,,340.300000,6.000000,39.600000,6.000000,36.284985,6.074216,3.315015,0.074216,,,,,,,,
1780369766.458650,GIMBAL_CMD_PREEMPT,154,124,,,,,,,34.488755,6.983150,1.796230,0.908934,,,,,,,,
1780369766.500192,GIMBAL_CMD,155,132,57.016313,20.759707,340.300000,6.000000,,,57.016313,20.759707,,,,,,,,,,
1780369766.760991,GIMBAL_CMD,156,132,55.334809,22.310432,340.300000,6.000000,,,55.334809,22.310432,,,,,,,,,,
1780369766.458650,GIMBAL_ATT,154,124,,,339.200000,6.100000,38.500000,6.100000,34.488755,6.983150,4.011245,0.883150,,,,,,,,
1780369766.795726,GIMBAL_CMD_PREEMPT,156,132,,,,,,,55.334809,22.310432,20.846054,15.327282,,,,,,,,
1780369766.980003,GIMBAL_CMD,157,132,54.176125,23.952193,339.200000,6.100000,,,54.176125,23.952193,,,,,,,,,,
1780369766.795726,GIMBAL_ATT,156,132,,,339.500000,7.000000,38.800000,7.000000,55.334809,22.310432,16.534809,15.310432,,,,,,,,
1780369767.145030,GIMBAL_CMD_PREEMPT,157,132,,,,,,,54.176125,23.952193,1.158684,1.641761,,,,,,,,
1780369767.145030,GIMBAL_ATT,157,132,,,350.000000,7.000000,49.300000,7.000000,54.176125,23.952193,4.876125,16.952193,,,,,,,,
1780369767.503190,GIMBAL_ATT,157,132,,,350.000000,8.400000,49.300000,8.400000,54.176125,23.952193,4.876125,15.552193,,,,,,,,
1780369767.987711,GIMBAL_CMD,158,133,45.473691,7.207265,350.000000,8.400000,,,45.473691,7.207265,,,,,,,,,,
1780369767.845512,GIMBAL_ATT,157,132,,,354.700000,11.500000,54.000000,11.500000,54.176125,23.952193,0.176125,12.452193,,,,,,,,
1780369768.169699,GIMBAL_CMD_PREEMPT,158,133,,,,,,,45.473691,7.207265,8.702433,16.744929,,,,,,,,
1780369768.491946,GIMBAL_CMD,159,133,41.200581,7.536095,354.700000,11.500000,,,41.200581,7.536095,,,,,,,,,,
1780369768.169699,GIMBAL_ATT,158,133,,,353.600000,15.300000,52.900000,15.300000,45.473691,7.207265,7.426309,8.092735,,,,,,,,
1780369768.528622,GIMBAL_CMD_PREEMPT,159,133,,,,,,,41.200581,7.207265,4.273111,0.328830,,,,,,,,
1780369768.528622,GIMBAL_ATT,159,133,,,348.200000,10.600000,47.500000,10.600000,41.200581,7.207265,6.299419,3.392735,,,,,,,,
1780369768.872246,GIMBAL_CMD,160,133,39.016011,7.524881,348.200000,10.600000,,,39.016011,7.524881,,,,,,,,,,
1780369768.840788,GIMBAL_ATT,159,133,,,348.200000,7.300000,47.500000,7.300000,41.200581,7.207265,6.299419,0.092735,,,,,,,,
1780369769.152984,GIMBAL_CMD_PREEMPT,160,133,,,,,,,39.016011,7.207265,2.184570,0.317616,,,,,,,,
1780369769.262436,GIMBAL_CMD,161,133,36.568666,7.230587,348.200000,7.300000,,,36.568666,7.230587,,,,,,,,,,
1780369769.152984,GIMBAL_ATT,160,133,,,340.900000,7.500000,40.200000,7.500000,39.016011,7.207265,1.183989,0.292735,,,,,,,,
1780369769.453475,GIMBAL_CMD_PREEMPT,161,133,,,,,,,36.568666,7.207265,2.447345,0.023322,,,,,,,,
1780369769.453475,GIMBAL_ATT,161,133,,,339.600000,7.500000,38.900000,7.500000,36.568666,7.207265,2.331334,0.292735,,,,,,,,
1780369769.762431,GIMBAL_ATT,161,133,,,339.600000,7.500000,38.900000,7.500000,36.568666,7.207265,2.331334,0.292735,,,,,,,,
1780369770.211053,GIMBAL_CMD,162,133,33.089311,6.967609,339.600000,7.500000,,,33.089311,6.967609,,,,,,,,,,
1780369770.074488,GIMBAL_ATT,161,133,,,339.600000,7.500000,38.900000,7.500000,36.568666,7.207265,2.331334,0.292735,,,,,,,,
1780369770.391569,GIMBAL_CMD_PREEMPT,162,133,,,,,,,33.089311,7.207265,3.479355,0.239656,,,,,,,,
1780369770.391569,GIMBAL_ATT,162,133,,,338.600000,7.500000,37.900000,7.500000,33.089311,7.207265,4.810689,0.292735,,,,,,,,
1780369770.705709,GIMBAL_ATT,162,133,,,333.800000,7.500000,33.100000,7.500000,33.089311,7.207265,0.010689,0.292735,,,,,,,,
1780369770.705709,GIMBAL_SETTLED,162,133,,,333.800000,7.500000,33.100000,7.500000,33.089311,7.207265,0.010689,0.292735,1,0.314140,,,,,,
1780369770.915003,LASER_TRIGGER,162,133,,,333.800000,7.500000,33.100000,7.500000,33.089311,7.207265,0.010689,0.292735,1,0.314140,0,,sddm,,,
1780369772.647598,GIMBAL_CMD,163,131,14.537207,21.046283,333.600000,7.500000,,,14.537207,21.046283,,,,,,,,,,
1780369772.873556,GIMBAL_CMD_SEND,163,131,,,,,,,14.537207,21.046283,,,,,,,,,,
1780369772.913907,GIMBAL_ATT,163,131,,,332.600000,7.500000,31.900000,7.500000,14.537207,21.046283,17.362793,13.546283,,,,,,,,
1780369773.223679,GIMBAL_ATT,163,131,,,327.300000,8.800000,26.600000,8.800000,14.537207,21.046283,12.062793,12.246283,,,,,,,,
1780369773.535544,GIMBAL_ATT,163,131,,,318.600000,11.600000,17.900000,11.600000,14.537207,21.046283,3.362793,9.446283,,,,,,,,
1780369773.849675,GIMBAL_ATT,163,131,,,318.600000,11.600000,17.900000,11.600000,14.537207,21.046283,3.362793,9.446283,,,,,,,,
1780369774.271075,GIMBAL_ATT,163,131,,,318.600000,20.800000,17.900000,20.800000,14.537207,21.046283,3.362793,0.246283,,,,,,,,
1780369774.612980,GIMBAL_ATT,163,131,,,315.100000,21.100000,14.400000,21.100000,14.537207,21.046283,0.137207,0.053717,,,,,,,,
1780369774.612980,GIMBAL_SETTLED,163,131,,,315.100000,21.100000,14.400000,21.100000,14.537207,21.046283,0.137207,0.053717,1,1.739424,,,,,,
1780369774.905254,LASER_TRIGGER,163,131,,,315.100000,21.100000,14.400000,21.100000,14.537207,21.046283,0.137207,0.053717,1,1.739424,0,,sddm,,,
1780369778.572851,GIMBAL_CMD,164,131,16.653039,41.910338,315.100000,21.100000,,,16.653039,41.910338,,,,,,,,,,
1780369778.817742,GIMBAL_CMD,165,134,34.756667,6.778308,315.100000,21.100000,,,34.756667,6.778308,,,,,,,,,,
1780369778.816632,GIMBAL_CMD_SEND,164,131,,,,,,,16.653039,41.910338,,,,,,,,,,
1780369778.857254,GIMBAL_CMD_PREEMPT,165,134,,,,,,,34.756667,6.778308,18.103628,35.132029,,,,,,,,
1780369779.052159,GIMBAL_CMD,166,134,37.218790,5.157579,315.100000,21.100000,,,37.218790,5.157579,,,,,,,,,,
1780369778.857254,GIMBAL_ATT,165,134,,,316.100000,21.200000,15.400000,21.200000,34.756667,6.778308,19.356667,14.421692,,,,,,,,
1780369779.147372,GIMBAL_CMD_PREEMPT,166,134,,,,,,,37.218790,5.157579,2.462123,1.620729,,,,,,,,
1780369779.337445,GIMBAL_CMD,167,134,37.552363,5.670003,316.100000,21.200000,,,37.552363,5.670003,,,,,,,,,,
1780369779.147372,GIMBAL_ATT,166,134,,,318.300000,22.600000,17.600000,22.600000,37.218790,5.157579,19.618790,17.442421,,,,,,,,
1780369779.510202,GIMBAL_CMD_PREEMPT,167,134,,,,,,,37.552363,5.157579,0.333573,0.512424,,,,,,,,
1780369779.510202,GIMBAL_ATT,167,134,,,323.800000,25.600000,23.100000,25.600000,37.552363,5.157579,14.452363,20.442421,,,,,,,,
1780369779.803314,GIMBAL_CMD,168,134,38.228552,5.935316,318.300000,22.600000,,,38.228552,5.935316,,,,,,,,,,
1780369779.824251,GIMBAL_CMD_PREEMPT,168,134,,,,,,,38.228552,5.157579,0.676189,0.777737,,,,,,,,
1780369779.824251,GIMBAL_ATT,168,134,,,333.100000,30.000000,32.400000,30.000000,38.228552,5.157579,5.828552,24.842421,,,,,,,,
1780369780.193316,GIMBAL_CMD,169,134,39.020973,7.548530,333.100000,30.000000,,,39.020973,7.548530,,,,,,,,,,
1780369780.136187,GIMBAL_ATT,168,134,,,333.100000,34.600000,32.400000,34.600000,38.228552,5.157579,5.828552,29.442421,,,,,,,,
1780369780.509932,GIMBAL_CMD_PREEMPT,169,134,,,,,,,39.020973,7.548530,0.792421,2.390950,,,,,,,,
1780369780.649699,GIMBAL_CMD,170,134,40.086496,10.296385,333.100000,34.600000,,,40.086496,10.296385,,,,,,,,,,
1780369780.509932,GIMBAL_ATT,169,134,,,333.100000,39.300000,32.400000,39.300000,39.020973,7.548530,6.620973,31.751470,,,,,,,,
1780369780.979063,GIMBAL_CMD_PREEMPT,170,134,,,,,,,40.086496,10.296385,1.065523,2.747856,,,,,,,,
1780369781.121811,GIMBAL_CMD,171,134,42.248892,8.299538,333.100000,39.300000,,,42.248892,8.299538,,,,,,,,,,
1780369780.979063,GIMBAL_ATT,170,134,,,333.100000,32.400000,32.400000,32.400000,40.086496,10.296385,7.686496,22.103615,,,,,,,,
1780369781.355169,GIMBAL_CMD_PREEMPT,171,134,,,,,,,42.248892,8.299538,2.162396,1.996848,,,,,,,,
1780369781.497124,GIMBAL_CMD,172,134,44.142905,6.777084,333.100000,32.400000,,,44.142905,6.777084,,,,,,,,,,
1780369781.355169,GIMBAL_ATT,171,134,,,341.800000,26.600000,41.100000,26.600000,42.248892,8.299538,1.148892,18.300462,,,,,,,,
1780369781.695146,GIMBAL_CMD_PREEMPT,172,134,,,,,,,44.142905,6.777084,1.894012,1.522454,,,,,,,,
1780369781.695146,GIMBAL_ATT,172,134,,,343.900000,21.400000,43.200000,21.400000,44.142905,6.777084,0.942905,14.622916,,,,,,,,
1780369782.010161,GIMBAL_ATT,172,134,,,344.700000,21.400000,44.000000,21.400000,44.142905,6.777084,0.142905,14.622916,,,,,,,,
1780369782.322820,GIMBAL_ATT,172,134,,,344.700000,12.500000,44.000000,12.500000,44.142905,6.777084,0.142905,5.722916,,,,,,,,
1780369782.635082,GIMBAL_ATT,172,134,,,344.700000,8.800000,44.000000,8.800000,44.142905,6.777084,0.142905,2.022916,,,,,,,,
1780369783.009223,GIMBAL_ATT,172,134,,,344.700000,8.300000,44.000000,8.300000,44.142905,6.777084,0.142905,1.522916,,,,,,,,
1780369783.321451,GIMBAL_ATT,172,134,,,344.700000,8.300000,44.000000,8.300000,44.142905,6.777084,0.142905,1.522916,,,,,,,,
1780369783.629988,GIMBAL_ATT,172,134,,,344.700000,8.300000,44.000000,8.300000,44.142905,6.777084,0.142905,1.522916,,,,,,,,
1780369783.996484,GIMBAL_CMD,173,134,48.546090,6.735096,344.700000,8.300000,,,48.546090,6.735096,,,,,,,,,,
1780369783.940046,GIMBAL_ATT,172,134,,,344.700000,8.300000,44.000000,8.300000,44.142905,6.777084,0.142905,1.522916,,,,,,,,
1780369784.252895,GIMBAL_CMD_PREEMPT,173,134,,,,,,,48.546090,6.777084,4.403185,0.041988,,,,,,,,
1780369784.252895,GIMBAL_ATT,173,134,,,345.800000,8.300000,45.100000,8.300000,48.546090,6.777084,3.446090,1.522916,,,,,,,,
1780369784.555916,GIMBAL_CMD,174,134,49.283534,6.902426,345.800000,8.300000,,,49.283534,6.902426,,,,,,,,,,
1780369784.564894,GIMBAL_CMD_PREEMPT,174,134,,,,,,,49.283534,6.777084,0.737444,0.125342,,,,,,,,
1780369784.564894,GIMBAL_ATT,174,134,,,345.800000,8.300000,45.100000,8.300000,49.283534,6.777084,4.183534,1.522916,,,,,,,,
1780369784.777493,GIMBAL_ATT,174,134,,,349.900000,8.300000,49.200000,8.300000,49.283534,6.777084,0.083534,1.522916,,,,,,,,
1780369785.079406,GIMBAL_ATT,174,134,,,349.900000,8.300000,49.200000,8.300000,49.283534,6.777084,0.083534,1.522916,,,,,,,,
1780369785.633698,GIMBAL_CMD,175,138,43.477438,5.394926,349.900000,8.300000,,,43.477438,5.394926,,,,,,,,,,
1780369785.393053,GIMBAL_ATT,174,134,,,349.900000,8.300000,49.200000,8.300000,49.283534,6.777084,0.083534,1.522916,,,,,,,,
1780369785.705106,GIMBAL_CMD_PREEMPT,175,138,,,,,,,43.477438,5.394926,5.806096,1.382157,,,,,,,,
1780369785.705106,GIMBAL_ATT,175,138,,,348.800000,8.300000,48.100000,8.300000,43.477438,5.394926,4.622562,2.905074,,,,,,,,
1780369786.042188,GIMBAL_CMD,176,134,49.662054,10.239038,349.900000,8.300000,,,49.662054,10.239038,,,,,,,,,,
1780369786.062860,GIMBAL_CMD_PREEMPT,176,134,,,,,,,49.662054,10.239038,6.184615,4.844112,,,,,,,,
1780369786.062860,GIMBAL_ATT,176,134,,,348.800000,7.200000,48.100000,7.200000,49.662054,10.239038,1.562054,3.039038,,,,,,,,
1780369786.671091,GIMBAL_CMD,177,134,52.261880,16.084175,348.800000,7.200000,,,52.261880,16.084175,,,,,,,,,,
1780369786.392841,GIMBAL_ATT,176,134,,,348.800000,7.200000,48.100000,7.200000,49.662054,10.239038,1.562054,3.039038,,,,,,,,
1780369786.812121,GIMBAL_CMD_PREEMPT,177,134,,,,,,,52.261880,16.084175,2.599826,5.845137,,,,,,,,
1780369786.812121,GIMBAL_ATT,177,134,,,351.400000,10.300000,50.700000,10.300000,52.261880,16.084175,1.561880,5.784175,,,,,,,,
1780369787.428037,GIMBAL_CMD,178,141,61.921395,14.820408,351.400000,10.300000,,,61.921395,14.820408,,,,,,,,,,
1780369787.169654,GIMBAL_ATT,177,134,,,352.800000,10.300000,52.100000,10.300000,52.261880,16.084175,0.161880,5.784175,,,,,,,,
1780369787.593046,GIMBAL_CMD_PREEMPT,178,141,,,,,,,61.921395,14.820408,9.659515,1.263766,,,,,,,,
1780369787.838442,GIMBAL_CMD,179,141,68.614007,12.879532,352.800000,10.300000,,,68.614007,12.879532,,,,,,,,,,
1780369787.593046,GIMBAL_ATT,178,141,,,352.800000,15.000000,52.100000,15.000000,61.921395,14.820408,9.821395,0.179592,,,,,,,,
1780369787.985187,GIMBAL_CMD_PREEMPT,179,141,,,,,,,68.614007,12.879532,6.692612,1.940877,,,,,,,,
1780369787.985187,GIMBAL_ATT,179,141,,,1.500000,14.700000,60.800000,14.700000,68.614007,12.879532,7.814007,1.820468,,,,,,,,
1780369788.347456,GIMBAL_ATT,179,141,,,1.500000,13.400000,60.800000,13.400000,68.614007,12.879532,7.814007,0.520468,,,,,,,,
1780369788.691248,GIMBAL_ATT,179,141,,,9.200000,12.900000,68.500000,12.900000,68.614007,12.879532,0.114007,0.020468,,,,,,,,
1780369788.691248,GIMBAL_SETTLED,179,141,,,9.200000,12.900000,68.500000,12.900000,68.614007,12.879532,0.114007,0.020468,1,0.706061,,,,,,
1780369788.983873,LASER_TRIGGER,179,141,,,9.200000,12.900000,68.500000,12.900000,68.614007,12.879532,0.114007,0.020468,1,0.706061,0,,sddm,,,
1780369791.561601,GIMBAL_CMD,180,134,63.862209,15.848453,9.200000,12.900000,,,63.862209,15.848453,,,,,,,,,,
1780369791.723347,GIMBAL_CMD_SEND,180,134,,,,,,,63.862209,15.848453,,,,,,,,,,
1780369791.763997,GIMBAL_ATT,180,134,,,8.200000,13.000000,67.500000,13.000000,63.862209,15.848453,3.637791,2.848453,,,,,,,,
1780369792.073240,GIMBAL_ATT,180,134,,,8.200000,14.200000,67.500000,14.200000,63.862209,15.848453,3.637791,1.648453,,,,,,,,
1780369792.495453,GIMBAL_ATT,180,134,,,4.600000,15.900000,63.900000,15.900000,63.862209,15.848453,0.037791,0.051547,,,,,,,,
1780369792.495453,GIMBAL_SETTLED,180,134,,,4.600000,15.900000,63.900000,15.900000,63.862209,15.848453,0.037791,0.051547,1,0.772106,,,,,,
1780369792.789104,LASER_TRIGGER,180,134,,,4.600000,15.900000,63.900000,15.900000,63.862209,15.848453,0.037791,0.051547,1,0.772106,0,,sddm,,,
1780369801.300230,GIMBAL_CMD,181,134,67.315171,5.520901,4.600000,15.900000,,,67.315171,5.520901,,,,,,,,,,
1780369801.385056,GIMBAL_CMD_SEND,181,134,,,,,,,67.315171,5.520901,,,,,,,,,,
1780369801.425678,GIMBAL_ATT,181,134,,,5.600000,15.800000,64.900000,15.800000,67.315171,5.520901,2.415171,10.279099,,,,,,,,
1780369801.732956,GIMBAL_ATT,181,134,,,5.600000,14.500000,64.900000,14.500000,67.315171,5.520901,2.415171,8.979099,,,,,,,,
1780369802.287711,GIMBAL_CMD,182,135,68.520210,8.586990,5.600000,14.500000,,,68.520210,8.586990,,,,,,,,,,
1780369802.076689,GIMBAL_ATT,181,134,,,7.900000,11.400000,67.200000,11.400000,67.315171,5.520901,0.115171,5.879099,,,,,,,,
1780369802.389013,GIMBAL_CMD_PREEMPT,182,135,,,,,,,68.520210,8.586990,1.205038,3.066089,,,,,,,,
1780369802.681098,GIMBAL_CMD,183,135,69.140424,10.126660,7.900000,11.400000,,,69.140424,10.126660,,,,,,,,,,
1780369802.389013,GIMBAL_ATT,182,135,,,7.900000,8.100000,67.200000,8.100000,68.520210,8.586990,1.320210,0.486990,,,,,,,,
1780369802.781079,GIMBAL_CMD_PREEMPT,183,135,,,,,,,69.140424,10.126660,0.620214,1.539670,,,,,,,,
1780369803.079150,GIMBAL_CMD,184,135,70.228358,11.839190,7.900000,8.100000,,,70.228358,11.839190,,,,,,,,,,
1780369802.781079,GIMBAL_ATT,183,135,,,7.900000,8.600000,67.200000,8.600000,69.140424,10.126660,1.940424,1.526660,,,,,,,,
1780369803.233760,GIMBAL_CMD_PREEMPT,184,135,,,,,,,70.228358,11.839190,1.087934,1.712530,,,,,,,,
1780369803.504689,GIMBAL_CMD,185,135,71.784329,13.698456,7.900000,8.600000,,,71.784329,13.698456,,,,,,,,,,
1780369803.233760,GIMBAL_ATT,184,135,,,9.800000,8.600000,69.100000,8.600000,70.228358,11.839190,1.128358,3.239190,,,,,,,,
1780369803.687882,GIMBAL_CMD_PREEMPT,185,135,,,,,,,71.784329,13.698456,1.555972,1.859266,,,,,,,,
1780369803.687882,GIMBAL_ATT,185,135,,,10.900000,10.300000,70.200000,10.300000,71.784329,13.698456,1.584329,3.398456,,,,,,,,
1780369804.110719,GIMBAL_CMD,186,135,74.212833,14.966993,10.900000,10.300000,,,74.212833,14.966993,,,,,,,,,,
1780369804.046696,GIMBAL_ATT,185,135,,,12.400000,10.300000,71.700000,10.300000,71.784329,13.698456,0.084329,3.398456,,,,,,,,
1780369804.358835,GIMBAL_CMD_PREEMPT,186,135,,,,,,,74.212833,14.966993,2.428504,1.268538,,,,,,,,
1780369804.358835,GIMBAL_ATT,186,135,,,12.400000,10.300000,71.700000,10.300000,74.212833,14.966993,2.512833,4.666993,,,,,,,,
1780369805.096859,GIMBAL_CMD,187,146,85.512481,16.570705,12.400000,10.300000,,,85.512481,16.570705,,,,,,,,,,
1780369804.815114,GIMBAL_ATT,186,135,,,12.400000,13.700000,71.700000,13.700000,74.212833,14.966993,2.512833,1.266993,,,,,,,,
1780369805.126378,GIMBAL_CMD_PREEMPT,187,146,,,,,,,85.512481,16.570705,11.299648,1.603712,,,,,,,,
1780369805.126378,GIMBAL_ATT,187,146,,,13.500000,13.800000,72.800000,13.800000,85.512481,16.570705,12.712481,2.770705,,,,,,,,
1780369805.485529,GIMBAL_ATT,187,146,,,18.900000,15.100000,78.200000,15.100000,85.512481,16.570705,7.312481,1.470705,,,,,,,,
1780369805.755720,GIMBAL_ATT,187,146,,,25.200000,15.100000,84.500000,15.100000,85.512481,16.570705,1.012481,1.470705,,,,,,,,
1780369805.996724,GIMBAL_ATT,187,146,,,26.200000,15.100000,85.500000,15.100000,85.512481,16.570705,0.012481,1.470705,,,,,,,,
1780369806.312390,GIMBAL_ATT,187,146,,,26.200000,16.500000,85.500000,16.500000,85.512481,16.570705,0.012481,0.070705,,,,,,,,
1780369806.312390,GIMBAL_SETTLED,187,146,,,26.200000,16.500000,85.500000,16.500000,85.512481,16.570705,0.012481,0.070705,1,1.186012,,,,,,
1780369806.605390,LASER_TRIGGER,187,146,,,26.200000,16.500000,85.500000,16.500000,85.512481,16.570705,0.012481,0.070705,1,1.186012,0,,sddm,,,
1780369827.438226,GIMBAL_CMD,188,152,42.807492,5.349926,26.200000,16.500000,,,42.807492,5.349926,,,,,,,,,,
1780369827.694876,GIMBAL_CMD_SEND,188,152,,,,,,,42.807492,5.349926,,,,,,,,,,
1780369827.780684,GIMBAL_CMD,189,152,42.385319,6.404923,26.200000,16.500000,,,42.385319,6.404923,,,,,,,,,,
1780369827.735558,GIMBAL_ATT,188,152,,,25.200000,16.500000,84.500000,16.500000,42.807492,5.349926,41.692508,11.150074,,,,,,,,
1780369828.044620,GIMBAL_CMD_PREEMPT,189,152,,,,,,,42.385319,6.404923,0.422173,1.054997,,,,,,,,
1780369828.044620,GIMBAL_ATT,189,152,,,18.700000,14.900000,78.000000,14.900000,42.385319,6.404923,35.614681,8.495077,,,,,,,,
1780369828.403041,GIMBAL_ATT,189,152,,,8.700000,11.900000,68.000000,11.900000,42.385319,6.404923,25.614681,5.495077,,,,,,,,
1780369828.715562,GIMBAL_ATT,189,152,,,355.300000,8.200000,54.600000,8.200000,42.385319,6.404923,12.214681,1.795077,,,,,,,,
1780369828.950864,GIMBAL_ATT,189,152,,,346.800000,8.200000,46.100000,8.200000,42.385319,6.404923,3.714681,1.795077,,,,,,,,
1780369829.262924,GIMBAL_ATT,189,152,,,346.800000,8.200000,46.100000,8.200000,42.385319,6.404923,3.714681,1.795077,,,,,,,,
1780369829.575145,GIMBAL_ATT,189,152,,,343.000000,6.400000,42.300000,6.400000,42.385319,6.404923,0.085319,0.004923,,,,,,,,
1780369829.575145,GIMBAL_SETTLED,189,152,,,343.000000,6.400000,42.300000,6.400000,42.385319,6.404923,0.085319,0.004923,1,1.530524,,,,,,
1780369829.866838,LASER_TRIGGER,189,152,,,343.000000,6.400000,42.300000,6.400000,42.385319,6.404923,0.085319,0.004923,1,1.530524,0,,sddm,,,
1780369839.381838,GIMBAL_CMD,190,155,79.898917,9.764230,343.000000,6.400000,,,79.898917,9.764230,,,,,,,,,,
1780369839.634844,GIMBAL_CMD_SEND,190,155,,,,,,,79.898917,9.764230,,,,,,,,,,
1780369839.753275,GIMBAL_CMD,191,155,78.461733,9.515512,343.000000,6.400000,,,78.461733,9.515512,,,,,,,,,,
1780369839.675497,GIMBAL_ATT,190,155,,,344.100000,6.400000,43.400000,6.400000,79.898917,9.764230,36.498917,3.364230,,,,,,,,
1780369839.985655,GIMBAL_CMD_PREEMPT,191,155,,,,,,,78.461733,9.764230,1.437184,0.248718,,,,,,,,
1780369840.092776,GIMBAL_CMD,192,155,77.542897,8.926844,344.100000,6.400000,,,77.542897,8.926844,,,,,,,,,,
1780369839.985655,GIMBAL_ATT,191,155,,,349.300000,7.800000,48.600000,7.800000,78.461733,9.764230,29.861733,1.964230,,,,,,,,
1780369840.296953,GIMBAL_CMD_PREEMPT,192,155,,,,,,,77.542897,8.926844,0.918836,0.837386,,,,,,,,
1780369840.296953,GIMBAL_ATT,192,155,,,4.400000,7.800000,63.700000,7.800000,77.542897,8.926844,13.842897,1.126844,,,,,,,,
1780369840.763580,GIMBAL_CMD,193,155,76.137390,8.006031,4.400000,7.800000,,,76.137390,8.006031,,,,,,,,,,
1780369841.003394,GIMBAL_CMD,194,155,75.356524,7.318467,4.400000,7.800000,,,75.356524,7.318467,,,,,,,,,,
1780369840.752273,GIMBAL_ATT,192,155,,,15.800000,9.700000,75.100000,9.700000,77.542897,8.926844,2.442897,0.773156,,,,,,,,
1780369841.063975,GIMBAL_CMD_PREEMPT,194,155,,,,,,,75.356524,7.318467,2.186373,1.608377,,,,,,,,
1780369841.063975,GIMBAL_ATT,194,155,,,18.900000,9.700000,78.200000,9.700000,75.356524,7.318467,2.843476,2.381533,,,,,,,,
1780369841.666267,GIMBAL_CMD,195,155,73.586245,6.658191,18.900000,9.700000,,,73.586245,6.658191,,,,,,,,,,
1780369841.422758,GIMBAL_ATT,194,155,,,18.900000,9.700000,78.200000,9.700000,75.356524,7.318467,2.843476,2.381533,,,,,,,,
1780369841.734815,GIMBAL_CMD_PREEMPT,195,155,,,,,,,73.586245,7.318467,1.770279,0.660275,,,,,,,,
1780369841.734815,GIMBAL_ATT,195,155,,,17.900000,9.700000,77.200000,9.700000,73.586245,7.318467,3.613755,2.381533,,,,,,,,
1780369842.160790,GIMBAL_CMD,196,163,90.408249,12.295947,17.900000,9.700000,,,90.408249,12.295947,,,,,,,,,,
1780369842.048387,GIMBAL_ATT,195,155,,,17.900000,9.700000,77.200000,9.700000,73.586245,7.318467,3.613755,2.381533,,,,,,,,
1780369842.445258,GIMBAL_CMD,197,163,90.942708,11.232952,17.900000,9.700000,,,90.942708,11.232952,,,,,,,,,,
1780369842.454318,GIMBAL_CMD_PREEMPT,197,163,,,,,,,90.942708,11.232952,17.356463,3.914486,,,,,,,,
1780369842.677216,GIMBAL_CMD,198,163,88.809122,12.406651,17.900000,9.700000,,,88.809122,12.406651,,,,,,,,,,
1780369842.454318,GIMBAL_ATT,197,163,,,15.400000,9.800000,74.700000,9.800000,90.942708,11.232952,16.242708,1.432952,,,,,,,,
1780369842.814790,GIMBAL_CMD_PREEMPT,198,163,,,,,,,88.809122,12.406651,2.133587,1.173698,,,,,,,,
1780369842.992474,GIMBAL_CMD,199,155,69.199123,7.131468,15.400000,9.800000,,,69.199123,7.131468,,,,,,,,,,
1780369842.814790,GIMBAL_ATT,198,163,,,22.000000,11.300000,81.300000,11.300000,88.809122,12.406651,7.509122,1.106651,,,,,,,,
1780369843.107467,GIMBAL_CMD_PREEMPT,199,155,,,,,,,69.199123,7.131468,19.609999,5.275183,,,,,,,,
1780369843.202725,GIMBAL_CMD,200,155,67.869326,7.574441,22.000000,11.300000,,,67.869326,7.574441,,,,,,,,,,
1780369843.107467,GIMBAL_ATT,199,155,,,21.400000,12.400000,80.700000,12.400000,69.199123,7.131468,11.500877,5.268532,,,,,,,,
1780369843.458313,GIMBAL_CMD_PREEMPT,200,155,,,,,,,67.869326,7.131468,1.329797,0.442973,,,,,,,,
1780369843.481987,GIMBAL_CMD,201,155,66.545993,8.434039,21.400000,12.400000,,,66.545993,8.434039,,,,,,,,,,
1780369843.721798,GIMBAL_CMD,202,155,65.561877,8.822796,21.400000,12.400000,,,65.561877,8.822796,,,,,,,,,,
1780369843.458313,GIMBAL_ATT,200,155,,,11.700000,12.400000,71.000000,12.400000,67.869326,7.131468,3.130674,5.268532,,,,,,,,
1780369843.771225,GIMBAL_CMD_PREEMPT,202,155,,,,,,,65.561877,8.822796,2.307449,1.691328,,,,,,,,
1780369843.979260,GIMBAL_CMD,203,155,65.156970,8.950676,11.700000,12.400000,,,65.156970,8.950676,,,,,,,,,,
1780369843.771225,GIMBAL_ATT,202,155,,,8.400000,12.400000,67.700000,12.400000,65.561877,8.822796,2.138123,3.577204,,,,,,,,
1780369844.224061,GIMBAL_CMD_PREEMPT,203,155,,,,,,,65.156970,8.822796,0.404907,0.127879,,,,,,,,
1780369844.282043,GIMBAL_CMD,204,155,64.655374,9.353685,8.400000,12.400000,,,64.655374,9.353685,,,,,,,,,,
1780369844.224061,GIMBAL_ATT,203,155,,,7.300000,12.400000,66.600000,12.400000,65.156970,8.822796,1.443030,3.577204,,,,,,,,
1780369844.535517,GIMBAL_CMD_PREEMPT,204,155,,,,,,,64.655374,8.822796,0.501596,0.530889,,,,,,,,
1780369844.629180,GIMBAL_CMD,205,155,64.275045,9.649810,7.300000,12.400000,,,64.275045,9.649810,,,,,,,,,,
1780369844.535517,GIMBAL_ATT,204,155,,,5.800000,12.400000,65.100000,12.400000,64.655374,8.822796,0.444626,3.577204,,,,,,,,
1780369844.937477,GIMBAL_CMD,206,156,67.759516,11.296184,5.800000,12.400000,,,67.759516,11.296184,,,,,,,,,,
1780369844.957093,GIMBAL_CMD_PREEMPT,206,156,,,,,,,67.759516,11.296184,3.104142,2.473388,,,,,,,,
1780369844.957093,GIMBAL_ATT,206,156,,,6.900000,12.400000,66.200000,12.400000,67.759516,11.296184,1.559516,1.103816,,,,,,,,
1780369845.297232,GIMBAL_CMD,207,156,66.933162,12.168541,6.900000,12.400000,,,66.933162,12.168541,,,,,,,,,,
1780369845.314855,GIMBAL_CMD_PREEMPT,207,156,,,,,,,66.933162,12.168541,0.826354,0.872357,,,,,,,,
1780369845.589216,GIMBAL_CMD,208,164,63.259091,16.346744,6.900000,12.400000,,,63.259091,16.346744,,,,,,,,,,
1780369845.314855,GIMBAL_ATT,207,156,,,8.300000,12.400000,67.600000,12.400000,66.933162,12.168541,0.666838,0.231459,,,,,,,,
1780369845.675679,GIMBAL_CMD_PREEMPT,208,164,,,,,,,63.259091,16.346744,3.674071,4.178203,,,,,,,,
1780369845.805290,GIMBAL_CMD,209,162,66.133001,15.102861,8.300000,12.400000,,,66.133001,15.102861,,,,,,,,,,
1780369845.675679,GIMBAL_ATT,208,164,,,7.100000,11.300000,66.400000,11.300000,63.259091,16.346744,3.140909,5.046744,,,,,,,,
1780369846.037141,GIMBAL_CMD_PREEMPT,209,162,,,,,,,66.133001,15.102861,2.873910,1.243882,,,,,,,,
1780369846.105601,GIMBAL_CMD,210,164,59.854640,17.136476,7.100000,11.300000,,,59.854640,17.136476,,,,,,,,,,
1780369846.037141,GIMBAL_ATT,209,162,,,6.600000,13.000000,65.900000,13.000000,66.133001,15.102861,0.233001,2.102861,,,,,,,,
1780369846.315333,GIMBAL_CMD_PREEMPT,210,164,,,,,,,59.854640,17.136476,6.278361,2.033615,,,,,,,,
1780369846.415914,GIMBAL_CMD,211,164,57.405309,17.319539,6.600000,13.000000,,,57.405309,17.319539,,,,,,,,,,
1780369846.315333,GIMBAL_ATT,210,164,,,6.600000,15.100000,65.900000,15.100000,59.854640,17.136476,6.045360,2.036476,,,,,,,,
1780369846.689746,GIMBAL_CMD,212,164,55.302397,17.201862,6.600000,15.100000,,,55.302397,17.201862,,,,,,,,,,
1780369846.710128,GIMBAL_CMD_PREEMPT,212,164,,,,,,,55.302397,17.136476,4.552243,0.065386,,,,,,,,
1780369846.710128,GIMBAL_ATT,212,164,,,359.400000,15.200000,58.700000,15.200000,55.302397,17.136476,3.397603,1.936476,,,,,,,,
1780369847.091658,GIMBAL_CMD,213,164,52.778452,16.605542,359.400000,15.200000,,,52.778452,16.605542,,,,,,,,,,
1780369847.022749,GIMBAL_ATT,212,164,,,359.400000,15.200000,58.700000,15.200000,55.302397,17.136476,3.397603,1.936476,,,,,,,,
1780369847.365744,GIMBAL_CMD_PREEMPT,213,164,,,,,,,52.778452,17.136476,2.523945,0.530934,,,,,,,,
1780369847.653620,GIMBAL_CMD,214,164,49.506750,15.354587,359.400000,15.200000,,,49.506750,15.354587,,,,,,,,,,
1780369847.365744,GIMBAL_ATT,213,164,,,355.000000,15.200000,54.300000,15.200000,52.778452,17.136476,1.521548,1.936476,,,,,,,,
1780369847.677076,GIMBAL_CMD_PREEMPT,214,164,,,,,,,49.506750,15.354587,3.271702,1.781889,,,,,,,,
1780369848.046023,GIMBAL_CMD,215,164,49.650789,14.084891,355.000000,15.200000,,,49.650789,14.084891,,,,,,,,,,
1780369847.677076,GIMBAL_ATT,214,164,,,353.300000,15.200000,52.600000,15.200000,49.506750,15.354587,3.093250,0.154587,,,,,,,,
1780369848.128873,GIMBAL_CMD_PREEMPT,215,164,,,,,,,49.506750,14.084891,0.144039,1.269696,,,,,,,,
1780369848.269624,GIMBAL_CMD,216,156,56.254654,15.404299,353.300000,15.200000,,,56.254654,15.404299,,,,,,,,,,
1780369848.128873,GIMBAL_ATT,215,164,,,353.300000,15.100000,52.600000,15.100000,49.506750,14.084891,3.093250,1.015109,,,,,,,,
1780369848.471412,GIMBAL_CMD,217,156,56.578780,15.163544,353.300000,15.100000,,,56.578780,15.163544,,,,,,,,,,
1780369848.441628,GIMBAL_CMD_PREEMPT,216,156,,,,,,,56.254654,15.404299,6.747904,1.319407,,,,,,,,
1780369848.441628,GIMBAL_ATT,216,156,,,354.400000,14.300000,53.700000,14.300000,56.254654,15.404299,2.554654,1.104299,,,,,,,,
1780369848.756343,GIMBAL_CMD_PREEMPT,217,156,,,,,,,56.578780,15.404299,0.324126,0.240754,,,,,,,,
1780369848.857498,GIMBAL_CMD,218,164,45.625056,13.359880,354.400000,14.300000,,,45.625056,13.359880,,,,,,,,,,
1780369848.756343,GIMBAL_ATT,217,156,,,354.400000,14.300000,53.700000,14.300000,56.578780,15.404299,2.878780,1.104299,,,,,,,,
1780369849.143061,GIMBAL_CMD,219,154,39.703949,15.766646,354.400000,14.300000,,,39.703949,15.766646,,,,,,,,,,
1780369849.157903,GIMBAL_CMD_PREEMPT,219,154,,,,,,,39.703949,15.766646,16.874831,0.362347,,,,,,,,
1780369849.386697,GIMBAL_CMD,220,154,39.126121,17.697691,354.400000,14.300000,,,39.126121,17.697691,,,,,,,,,,
1780369849.157903,GIMBAL_ATT,219,154,,,354.400000,15.500000,53.700000,15.500000,39.703949,15.766646,13.996051,0.266646,,,,,,,,
1780369849.615189,GIMBAL_CMD,221,154,38.412915,18.685608,354.400000,15.500000,,,38.412915,18.685608,,,,,,,,,,
1780369849.594809,GIMBAL_CMD_PREEMPT,220,154,,,,,,,39.126121,17.697691,0.577828,1.931045,,,,,,,,
1780369849.924348,GIMBAL_CMD,222,154,37.623129,18.680020,354.400000,15.500000,,,37.623129,18.680020,,,,,,,,,,
1780369849.594809,GIMBAL_ATT,220,154,,,346.900000,15.800000,46.200000,15.800000,39.126121,17.697691,7.073879,1.897691,,,,,,,,
1780369849.954888,GIMBAL_CMD_PREEMPT,222,154,,,,,,,37.623129,18.680020,1.502992,0.982329,,,,,,,,
1780369850.134745,GIMBAL_CMD,223,154,37.003007,17.897612,346.900000,15.800000,,,37.003007,17.897612,,,,,,,,,,
1780369849.954888,GIMBAL_ATT,222,154,,,338.600000,17.400000,37.900000,17.400000,37.623129,18.680020,0.276871,1.280020,,,,,,,,
1780369850.231148,GIMBAL_CMD_PREEMPT,223,154,,,,,,,37.003007,18.680020,0.620121,0.782408,,,,,,,,
1780369850.378968,GIMBAL_CMD,224,154,36.361729,16.784990,338.600000,17.400000,,,36.361729,16.784990,,,,,,,,,,
1780369850.231148,GIMBAL_ATT,223,154,,,338.600000,17.400000,37.900000,17.400000,37.003007,18.680020,0.896993,1.280020,,,,,,,,
1780369850.593801,GIMBAL_CMD_PREEMPT,224,154,,,,,,,36.361729,16.784990,0.641278,1.895030,,,,,,,,
1780369850.665920,GIMBAL_CMD,225,154,34.295139,16.778443,338.600000,17.400000,,,34.295139,16.778443,,,,,,,,,,
1780369850.593801,GIMBAL_ATT,224,154,,,337.200000,18.600000,36.500000,18.600000,36.361729,16.784990,0.138271,1.815010,,,,,,,,
1780369850.870816,GIMBAL_CMD_PREEMPT,225,154,,,,,,,34.295139,16.784990,2.066590,0.006547,,,,,,,,
1780369850.924309,GIMBAL_CMD,226,154,32.346538,16.964652,337.200000,18.600000,,,32.346538,16.964652,,,,,,,,,,
1780369850.870816,GIMBAL_ATT,225,154,,,337.000000,18.600000,36.300000,18.600000,34.295139,16.784990,2.004861,1.815010,,,,,,,,
1780369851.104905,GIMBAL_CMD_PREEMPT,226,154,,,,,,,32.346538,16.784990,1.948601,0.179662,,,,,,,,
1780369851.183595,GIMBAL_CMD,227,164,36.910084,12.687816,337.000000,18.600000,,,36.910084,12.687816,,,,,,,,,,
1780369851.391571,GIMBAL_CMD,228,155,56.958275,10.820684,337.000000,18.600000,,,56.958275,10.820684,,,,,,,,,,
1780369851.104905,GIMBAL_ATT,226,154,,,337.000000,18.600000,36.300000,18.600000,32.346538,16.784990,3.953462,1.815010,,,,,,,,
1780369851.421787,GIMBAL_CMD_PREEMPT,228,155,,,,,,,56.958275,10.820684,24.611737,5.964306,,,,,,,,
1780369851.421787,GIMBAL_ATT,228,155,,,338.100000,16.700000,37.400000,16.700000,56.958275,10.820684,19.558275,5.879316,,,,,,,,
1780369851.843925,GIMBAL_CMD,229,155,54.608046,11.225266,338.100000,16.700000,,,54.608046,11.225266,,,,,,,,,,
1780369851.783144,GIMBAL_ATT,228,155,,,343.500000,15.300000,42.800000,15.300000,56.958275,10.820684,14.158275,4.479316,,,,,,,,
1780369852.093387,GIMBAL_CMD,230,155,53.689291,11.236045,343.500000,15.300000,,,53.689291,11.236045,,,,,,,,,,
1780369852.095398,GIMBAL_CMD_PREEMPT,230,155,,,,,,,53.689291,10.820684,3.268984,0.415362,,,,,,,,
1780369852.095398,GIMBAL_ATT,230,155,,,352.200000,12.500000,51.500000,12.500000,53.689291,10.820684,2.189291,1.679316,,,,,,,,
1780369852.558342,GIMBAL_CMD,231,155,52.495771,11.518066,352.200000,12.500000,,,52.495771,11.518066,,,,,,,,,,
1780369852.356200,GIMBAL_ATT,230,155,,,352.200000,12.500000,51.500000,12.500000,53.689291,10.820684,2.189291,1.679316,,,,,,,,
1780369852.705252,GIMBAL_CMD_PREEMPT,231,155,,,,,,,52.495771,10.820684,1.193520,0.697382,,,,,,,,
1780369852.904769,GIMBAL_CMD,232,155,52.313182,12.299377,352.200000,12.500000,,,52.313182,12.299377,,,,,,,,,,
1780369852.705252,GIMBAL_ATT,231,155,,,353.100000,10.800000,52.400000,10.800000,52.495771,10.820684,0.095771,0.020684,,,,,,,,
1780369852.705252,GIMBAL_SETTLED,231,155,,,353.100000,10.800000,52.400000,10.800000,52.495771,10.820684,0.095771,0.020684,1,0.000000,,,,,,
1780369852.915234,LASER_TRIGGER,231,155,,,353.100000,10.800000,52.400000,10.800000,52.495771,10.820684,0.095771,0.020684,1,0.000000,0,,sddm,,,
1780369852.915234,GIMBAL_CMD_SEND,232,155,,,,,,,52.313182,12.299377,,,,,,,,,,
1780369853.116563,GIMBAL_CMD,233,164,37.620241,7.322179,353.100000,10.800000,,,37.620241,7.322179,,,,,,,,,,
1780369852.915234,GIMBAL_ATT,232,155,,,353.100000,10.800000,52.400000,10.800000,52.313182,12.299377,0.086818,1.499377,,,,,,,,
1780369853.346129,GIMBAL_CMD_PREEMPT,233,164,,,,,,,37.620241,7.322179,14.692941,4.977198,,,,,,,,
1780369853.534749,GIMBAL_CMD,234,164,38.785602,4.671506,353.100000,10.800000,,,38.785602,4.671506,,,,,,,,,,
1780369853.346129,GIMBAL_ATT,233,164,,,352.000000,10.800000,51.300000,10.800000,37.620241,7.322179,13.679759,3.477821,,,,,,,,
1780369853.703417,GIMBAL_CMD_PREEMPT,234,164,,,,,,,38.785602,4.671506,1.165361,2.650673,,,,,,,,
1780369853.776046,GIMBAL_CMD,235,155,51.164267,14.846513,352.000000,10.800000,,,51.164267,14.846513,,,,,,,,,,
1780369853.703417,GIMBAL_ATT,234,164,,,345.500000,9.100000,44.800000,9.100000,38.785602,4.671506,6.014398,4.428494,,,,,,,,
1780369854.062317,GIMBAL_CMD_PREEMPT,235,155,,,,,,,51.164267,14.846513,12.378665,10.175007,,,,,,,,
1780369854.109289,GIMBAL_CMD,236,155,51.020365,16.683074,345.500000,9.100000,,,51.020365,16.683074,,,,,,,,,,
1780369854.062317,GIMBAL_ATT,235,155,,,344.300000,6.600000,43.600000,6.600000,51.164267,14.846513,7.564267,8.246513,,,,,,,,
1780369854.420845,GIMBAL_CMD_PREEMPT,236,155,,,,,,,51.164267,16.683074,0.143902,1.836561,,,,,,,,
1780369854.541299,GIMBAL_CMD,237,155,50.627568,18.238788,344.300000,6.600000,,,50.627568,18.238788,,,,,,,,,,
1780369854.420845,GIMBAL_ATT,236,155,,,344.300000,10.600000,43.600000,10.600000,51.164267,16.683074,7.564267,6.083074,,,,,,,,
1780369854.747802,GIMBAL_CMD_PREEMPT,237,155,,,,,,,50.627568,18.238788,0.536699,1.555714,,,,,,,,
1780369854.813374,GIMBAL_CMD,238,155,50.998101,19.873891,344.300000,10.600000,,,50.998101,19.873891,,,,,,,,,,
1780369854.747802,GIMBAL_ATT,237,155,,,344.300000,15.300000,43.600000,15.300000,50.627568,18.238788,7.027568,2.938788,,,,,,,,
1780369855.122719,GIMBAL_CMD_PREEMPT,238,155,,,,,,,50.998101,19.873891,0.370533,1.635103,,,,,,,,
1780369855.190130,GIMBAL_CMD,239,155,52.134339,21.247642,344.300000,15.300000,,,52.134339,21.247642,,,,,,,,,,
1780369855.417606,GIMBAL_CMD,240,164,34.537622,5.205426,344.300000,15.300000,,,34.537622,5.205426,,,,,,,,,,
1780369855.122719,GIMBAL_ATT,238,155,,,344.300000,16.800000,43.600000,16.800000,50.998101,19.873891,7.398101,3.073891,,,,,,,,
1780369855.510607,GIMBAL_CMD_PREEMPT,240,164,,,,,,,34.537622,5.205426,16.460479,14.668465,,,,,,,,
1780369855.682733,GIMBAL_CMD,241,164,34.663324,6.804537,344.300000,16.800000,,,34.663324,6.804537,,,,,,,,,,
1780369855.510607,GIMBAL_ATT,240,164,,,350.300000,18.000000,49.600000,18.000000,34.537622,5.205426,15.062378,12.794574,,,,,,,,
1780369855.872396,GIMBAL_CMD_PREEMPT,241,164,,,,,,,34.537622,6.804537,0.125701,1.599111,,,,,,,,
1780369855.921108,GIMBAL_CMD,242,164,35.085764,7.072120,350.300000,18.000000,,,35.085764,7.072120,,,,,,,,,,
1780369855.872396,GIMBAL_ATT,241,164,,,344.800000,14.700000,44.100000,14.700000,34.537622,6.804537,9.562378,7.895463,,,,,,,,
1780369856.184884,GIMBAL_CMD_PREEMPT,242,164,,,,,,,35.085764,6.804537,0.548142,0.267582,,,,,,,,
1780369856.373353,GIMBAL_CMD,243,164,36.598327,7.087916,344.800000,14.700000,,,36.598327,7.087916,,,,,,,,,,
1780369856.184884,GIMBAL_ATT,242,164,,,336.800000,10.400000,36.100000,10.400000,35.085764,6.804537,1.014236,3.595463,,,,,,,,
1780369856.431918,GIMBAL_CMD_PREEMPT,243,164,,,,,,,36.598327,6.804537,1.512563,0.283379,,,,,,,,
1780369856.739058,GIMBAL_CMD,244,164,38.217014,6.972437,336.800000,10.400000,,,38.217014,6.972437,,,,,,,,,,
1780369856.431918,GIMBAL_ATT,243,164,,,336.800000,10.400000,36.100000,10.400000,36.598327,6.804537,0.498327,3.595463,,,,,,,,
1780369856.839797,GIMBAL_CMD_PREEMPT,244,164,,,,,,,38.217014,6.804537,1.618686,0.167900,,,,,,,,
1780369856.839797,GIMBAL_ATT,244,164,,,336.800000,6.800000,36.100000,6.800000,38.217014,6.804537,2.117014,0.004537,,,,,,,,
1780369857.146969,GIMBAL_CMD,245,164,40.043687,6.927122,336.800000,6.800000,,,40.043687,6.927122,,,,,,,,,,
1780369857.153006,GIMBAL_CMD_PREEMPT,245,164,,,,,,,40.043687,6.804537,1.826673,0.122584,,,,,,,,
1780369857.153006,GIMBAL_ATT,245,164,,,340.600000,6.800000,39.900000,6.800000,40.043687,6.804537,0.143687,0.004537,,,,,,,,
1780369857.153006,GIMBAL_SETTLED,245,164,,,340.600000,6.800000,39.900000,6.800000,40.043687,6.804537,0.143687,0.004537,1,0.000000,,,,,,
1780369857.362166,LASER_TRIGGER,245,164,,,340.600000,6.800000,39.900000,6.800000,40.043687,6.804537,0.143687,0.004537,1,0.000000,0,,sddm,,,
1780369857.366183,GIMBAL_CMD,246,164,41.684660,6.858317,340.600000,6.800000,,,41.684660,6.858317,,,,,,,,,,
1780369857.366689,GIMBAL_CMD_SEND,246,164,,,,,,,41.684660,6.858317,,,,,,,,,,
1780369857.747265,GIMBAL_CMD,247,165,91.145390,5.838326,340.600000,6.800000,,,91.145390,5.838326,,,,,,,,,,
1780369857.367316,GIMBAL_ATT,246,164,,,340.600000,6.800000,39.900000,6.800000,41.684660,6.858317,1.784660,0.058317,,,,,,,,
1780369857.789445,GIMBAL_CMD_PREEMPT,247,165,,,,,,,91.145390,5.838326,49.460730,1.019992,,,,,,,,
1780369858.038728,GIMBAL_CMD,248,165,90.009158,6.009177,340.600000,6.800000,,,90.009158,6.009177,,,,,,,,,,
1780369857.789445,GIMBAL_ATT,247,165,,,341.700000,6.700000,41.000000,6.700000,91.145390,5.838326,50.145390,0.861674,,,,,,,,
1780369858.127458,GIMBAL_CMD_PREEMPT,248,165,,,,,,,90.009158,5.838326,1.136232,0.170851,,,,,,,,
1780369858.268769,GIMBAL_CMD,249,164,44.643422,8.831769,341.700000,6.700000,,,44.643422,8.831769,,,,,,,,,,
1780369858.127458,GIMBAL_ATT,248,165,,,346.400000,6.700000,45.700000,6.700000,90.009158,5.838326,44.309158,0.861674,,,,,,,,
1780369858.435215,GIMBAL_CMD_PREEMPT,249,164,,,,,,,44.643422,8.831769,45.365736,2.993443,,,,,,,,
1780369858.636985,GIMBAL_CMD,250,165,88.538907,6.330993,346.400000,6.700000,,,88.538907,6.330993,,,,,,,,,,
1780369858.435215,GIMBAL_ATT,249,164,,,347.500000,5.900000,46.800000,5.900000,44.643422,8.831769,2.156578,2.931769,,,,,,,,
1780369858.774225,GIMBAL_CMD_PREEMPT,250,165,,,,,,,88.538907,6.330993,43.895485,2.500776,,,,,,,,
1780369858.774225,GIMBAL_ATT,250,165,,,346.300000,7.500000,45.600000,7.500000,88.538907,6.330993,42.938907,1.169007,,,,,,,,
1780369859.075879,GIMBAL_ATT,250,165,,,350.500000,7.500000,49.800000,7.500000,88.538907,6.330993,38.738907,1.169007,,,,,,,,
1780369859.403966,GIMBAL_CMD,251,165,86.676873,6.725302,350.500000,7.500000,,,86.676873,6.725302,,,,,,,,,,
1780369859.386799,GIMBAL_ATT,250,165,,,359.300000,8.800000,58.600000,8.800000,88.538907,6.330993,29.938907,2.469007,,,,,,,,
1780369859.698524,GIMBAL_CMD_PREEMPT,251,165,,,,,,,86.676873,6.330993,1.862034,0.394309,,,,,,,,
1780369859.911071,GIMBAL_CMD,252,166,53.375858,8.106267,359.300000,8.800000,,,53.375858,8.106267,,,,,,,,,,
1780369859.698524,GIMBAL_ATT,251,165,,,12.100000,8.800000,71.400000,8.800000,86.676873,6.330993,15.276873,2.469007,,,,,,,,
1780369860.008849,GIMBAL_CMD_PREEMPT,252,166,,,,,,,53.375858,8.106267,33.301016,1.775274,,,,,,,,
1780369860.157296,GIMBAL_CMD,253,165,83.187989,5.899395,12.100000,8.800000,,,83.187989,5.899395,,,,,,,,,,
1780369860.008849,GIMBAL_ATT,252,166,,,14.000000,8.700000,73.300000,8.700000,53.375858,8.106267,19.924142,0.593733,,,,,,,,
1780369860.286410,GIMBAL_CMD_PREEMPT,253,165,,,,,,,83.187989,5.899395,29.812131,2.206872,,,,,,,,
1780369860.286410,GIMBAL_ATT,253,165,,,14.700000,8.200000,74.000000,8.200000,83.187989,5.899395,9.187989,2.300605,,,,,,,,
1780369860.746165,GIMBAL_CMD,254,165,80.889664,5.531941,14.700000,8.200000,,,80.889664,5.531941,,,,,,,,,,
1780369860.633925,GIMBAL_ATT,253,165,,,14.700000,8.200000,74.000000,8.200000,83.187989,5.899395,9.187989,2.300605,,,,,,,,
1780369860.846023,GIMBAL_CMD_PREEMPT,254,165,,,,,,,80.889664,5.899395,2.298325,0.367454,,,,,,,,
1780369861.080440,GIMBAL_CMD,255,165,78.781308,4.916224,14.700000,8.200000,,,78.781308,4.916224,,,,,,,,,,
1780369860.846023,GIMBAL_ATT,254,165,,,23.700000,8.200000,83.000000,8.200000,80.889664,5.899395,2.110336,2.300605,,,,,,,,
1780369861.162541,GIMBAL_CMD_PREEMPT,255,165,,,,,,,78.781308,4.916224,2.108356,0.983171,,,,,,,,
1780369861.374280,GIMBAL_CMD,256,165,77.312678,4.773713,23.700000,8.200000,,,77.312678,4.773713,,,,,,,,,,
1780369861.162541,GIMBAL_ATT,255,165,,,22.600000,8.100000,81.900000,8.100000,78.781308,4.916224,3.118692,3.183776,,,,,,,,
1780369861.517390,GIMBAL_CMD_PREEMPT,256,165,,,,,,,77.312678,4.916224,1.468630,0.142511,,,,,,,,
1780369861.600840,GIMBAL_CMD,257,171,87.501398,7.340560,22.600000,8.100000,,,87.501398,7.340560,,,,,,,,,,
1780369861.517390,GIMBAL_ATT,256,165,,,18.100000,6.800000,77.400000,6.800000,77.312678,4.916224,0.087322,1.883776,,,,,,,,
1780369861.747332,GIMBAL_CMD_PREEMPT,257,171,,,,,,,87.501398,7.340560,10.188720,2.424336,,,,,,,,
1780369861.847317,GIMBAL_CMD,258,165,75.325124,4.509610,18.100000,6.800000,,,75.325124,4.509610,,,,,,,,,,
1780369862.210645,GIMBAL_CMD,259,171,84.637193,7.787979,18.100000,6.800000,,,84.637193,7.787979,,,,,,,,,,
1780369861.747332,GIMBAL_ATT,257,171,,,18.100000,6.800000,77.400000,6.800000,87.501398,7.340560,10.101398,0.540560,,,,,,,,
1780369862.235706,GIMBAL_CMD_PREEMPT,259,171,,,,,,,84.637193,7.340560,2.864205,0.447419,,,,,,,,
1780369862.497382,GIMBAL_CMD,260,164,60.969161,19.128083,18.100000,6.800000,,,60.969161,19.128083,,,,,,,,,,
1780369862.235706,GIMBAL_ATT,259,171,,,18.100000,5.000000,77.400000,5.000000,84.637193,7.340560,7.237193,2.340560,,,,,,,,
1780369862.596509,GIMBAL_CMD_PREEMPT,260,164,,,,,,,60.969161,19.128083,23.668032,11.787523,,,,,,,,
1780369862.800534,GIMBAL_CMD,261,171,82.687904,8.113679,18.100000,5.000000,,,82.687904,8.113679,,,,,,,,,,
1780369862.596509,GIMBAL_ATT,260,164,,,24.100000,5.000000,83.400000,5.000000,60.969161,19.128083,22.430839,14.128083,,,,,,,,
1780369862.953934,GIMBAL_CMD_PREEMPT,261,171,,,,,,,82.687904,8.113679,21.718743,11.014404,,,,,,,,
1780369863.268284,GIMBAL_CMD,262,171,80.259620,8.392011,24.100000,5.000000,,,80.259620,8.392011,,,,,,,,,,
1780369862.953934,GIMBAL_ATT,261,171,,,24.100000,6.700000,83.400000,6.700000,82.687904,8.113679,0.712096,1.413679,,,,,,,,
1780369863.407371,GIMBAL_CMD_PREEMPT,262,171,,,,,,,80.259620,8.113679,2.428285,0.278332,,,,,,,,
1780369863.407371,GIMBAL_ATT,262,171,,,22.200000,8.100000,81.500000,8.100000,80.259620,8.113679,1.240380,0.013679,,,,,,,,
1780369863.721162,GIMBAL_ATT,262,171,,,20.900000,8.100000,80.200000,8.100000,80.259620,8.113679,0.059620,0.013679,,,,,,,,
1780369863.721162,GIMBAL_SETTLED,262,171,,,20.900000,8.100000,80.200000,8.100000,80.259620,8.113679,0.059620,0.013679,1,0.313791,,,,,,
1780369864.014054,LASER_TRIGGER,262,171,,,20.900000,8.100000,80.200000,8.100000,80.259620,8.113679,0.059620,0.013679,1,0.313791,0,,sddm,,,
1780369870.643834,GIMBAL_CMD,263,181,21.227600,21.107488,20.900000,8.100000,,,21.227600,21.107488,,,,,,,,,,
1780369870.676189,GIMBAL_CMD_SEND,263,181,,,,,,,21.227600,21.107488,,,,,,,,,,
1780369870.717240,GIMBAL_ATT,263,181,,,19.900000,8.200000,79.200000,8.200000,21.227600,21.107488,57.972400,12.907488,,,,,,,,
1780369871.028679,GIMBAL_ATT,263,181,,,14.600000,9.500000,73.900000,9.500000,21.227600,21.107488,52.672400,11.607488,,,,,,,,
1780369871.341228,GIMBAL_ATT,263,181,,,5.000000,12.300000,64.300000,12.300000,21.227600,21.107488,43.072400,8.807488,,,,,,,,
1780369871.653456,GIMBAL_ATT,263,181,,,351.700000,16.400000,51.000000,16.400000,21.227600,21.107488,29.772400,4.707488,,,,,,,,
1780369871.968562,GIMBAL_ATT,263,181,,,351.700000,20.200000,51.000000,20.200000,21.227600,21.107488,29.772400,0.907488,,,,,,,,
1780369872.390927,GIMBAL_ATT,263,181,,,322.700000,21.300000,22.000000,21.300000,21.227600,21.107488,0.772400,0.192512,,,,,,,,
1780369872.623418,GIMBAL_ATT,263,181,,,321.800000,21.300000,21.100000,21.300000,21.227600,21.107488,0.127600,0.192512,,,,,,,,
1780369872.623418,GIMBAL_SETTLED,263,181,,,321.800000,21.300000,21.100000,21.300000,21.227600,21.107488,0.127600,0.192512,1,1.947229,,,,,,
1780369872.920622,LASER_TRIGGER,263,181,,,321.800000,21.300000,21.100000,21.300000,21.227600,21.107488,0.127600,0.192512,1,1.947229,0,,sddm,,,
1780369876.218137,GIMBAL_CMD,264,183,95.061678,9.763281,321.800000,21.300000,,,95.061678,9.763281,,,,,,,,,,
1780369876.428924,GIMBAL_CMD_SEND,264,183,,,,,,,95.061678,9.763281,,,,,,,,,,
1780369876.613107,GIMBAL_CMD,265,183,92.837866,9.166647,321.800000,21.300000,,,92.837866,9.166647,,,,,,,,,,
1780369876.469380,GIMBAL_ATT,264,183,,,322.800000,21.200000,22.100000,21.200000,95.061678,9.763281,72.961678,11.436719,,,,,,,,
1780369876.776512,GIMBAL_CMD_PREEMPT,265,183,,,,,,,92.837866,9.763281,2.223812,0.596633,,,,,,,,
1780369876.776512,GIMBAL_ATT,265,183,,,328.100000,19.900000,27.400000,19.900000,92.837866,9.763281,65.437866,10.136719,,,,,,,,
1780369877.090946,GIMBAL_CMD,266,183,90.715896,8.160258,328.100000,19.900000,,,90.715896,8.160258,,,,,,,,,,
1780369877.089432,GIMBAL_ATT,265,183,,,337.400000,17.200000,36.700000,17.200000,92.837866,9.763281,56.137866,7.436719,,,,,,,,
1780369877.398993,GIMBAL_CMD_PREEMPT,266,183,,,,,,,90.715896,8.160258,2.121970,1.603023,,,,,,,,
1780369877.523423,GIMBAL_CMD,267,183,89.891196,6.977176,337.400000,17.200000,,,89.891196,6.977176,,,,,,,,,,
1780369877.398993,GIMBAL_ATT,266,183,,,352.800000,12.600000,52.100000,12.600000,90.715896,8.160258,38.615896,4.439742,,,,,,,,
1780369877.763032,GIMBAL_CMD_PREEMPT,267,183,,,,,,,89.891196,6.977176,0.824700,1.183082,,,,,,,,
1780369877.763032,GIMBAL_ATT,267,183,,,9.000000,8.600000,68.300000,8.600000,89.891196,6.977176,21.591196,1.622824,,,,,,,,
1780369878.070343,GIMBAL_ATT,267,183,,,20.400000,8.600000,79.700000,8.600000,89.891196,6.977176,10.191196,1.622824,,,,,,,,
1780369878.386432,GIMBAL_ATT,267,183,,,30.300000,6.800000,89.600000,6.800000,89.891196,6.977176,0.291196,0.177176,,,,,,,,
1780369878.386432,GIMBAL_SETTLED,267,183,,,30.300000,6.800000,89.600000,6.800000,89.891196,6.977176,0.291196,0.177176,1,0.623401,,,,,,
1780369878.594995,LASER_TRIGGER,267,183,,,30.300000,6.800000,89.600000,6.800000,89.891196,6.977176,0.291196,0.177176,1,0.623401,0,,sddm,,,
1780369887.952834,GIMBAL_CMD,268,183,52.145817,15.076881,30.400000,6.800000,,,52.145817,15.076881,,,,,,,,,,
1780369887.979527,GIMBAL_CMD_SEND,268,183,,,,,,,52.145817,15.076881,,,,,,,,,,
1780369888.020281,GIMBAL_ATT,268,183,,,29.400000,6.900000,88.700000,6.900000,52.145817,15.076881,36.554183,8.176881,,,,,,,,
1780369888.324551,GIMBAL_ATT,268,183,,,24.200000,8.100000,83.500000,8.100000,52.145817,15.076881,31.354183,6.976881,,,,,,,,
1780369888.636110,GIMBAL_ATT,268,183,,,14.800000,10.900000,74.100000,10.900000,52.145817,15.076881,21.954183,4.176881,,,,,,,,
1780369888.950267,GIMBAL_ATT,268,183,,,14.800000,14.200000,74.100000,14.200000,52.145817,15.076881,21.954183,0.876881,,,,,,,,
1780369889.355967,GIMBAL_ATT,268,183,,,14.800000,15.100000,74.100000,15.100000,52.145817,15.076881,21.954183,0.023119,,,,,,,,
1780369889.718235,GIMBAL_ATT,268,183,,,352.800000,15.100000,52.100000,15.100000,52.145817,15.076881,0.045817,0.023119,,,,,,,,
1780369889.718235,GIMBAL_SETTLED,268,183,,,352.800000,15.100000,52.100000,15.100000,52.145817,15.076881,0.045817,0.023119,1,1.738708,,,,,,
1780369890.012913,LASER_TRIGGER,268,183,,,352.800000,15.100000,52.100000,15.100000,52.145817,15.076881,0.045817,0.023119,1,1.738708,0,,sddm,,,
1780369894.196286,GIMBAL_CMD,269,187,20.719911,22.509291,352.800000,15.100000,,,20.719911,22.509291,,,,,,,,,,
1780369894.309090,GIMBAL_CMD_SEND,269,187,,,,,,,20.719911,22.509291,,,,,,,,,,
1780369894.349927,GIMBAL_ATT,269,187,,,351.800000,15.200000,51.100000,15.200000,20.719911,22.509291,30.380089,7.309291,,,,,,,,
1780369894.659520,GIMBAL_ATT,269,187,,,346.500000,16.500000,45.800000,16.500000,20.719911,22.509291,25.080089,6.009291,,,,,,,,
1780369894.973426,GIMBAL_ATT,269,187,,,337.000000,19.200000,36.300000,19.200000,20.719911,22.509291,15.580089,3.309291,,,,,,,,
1780369895.285241,GIMBAL_ATT,269,187,,,337.000000,22.300000,36.300000,22.300000,20.719911,22.509291,15.580089,0.209291,,,,,,,,
1780369895.632931,GIMBAL_ATT,269,187,,,321.300000,22.300000,20.600000,22.300000,20.719911,22.509291,0.119911,0.209291,,,,,,,,
1780369895.632931,GIMBAL_SETTLED,269,187,,,321.300000,22.300000,20.600000,22.300000,20.719911,22.509291,0.119911,0.209291,1,1.323841,,,,,,
1780369896.033825,LASER_TRIGGER,269,187,,,321.300000,22.300000,20.600000,22.300000,20.719911,22.509291,0.119911,0.209291,1,1.323841,0,,sddm,,,
1780369907.288691,GIMBAL_CMD,270,193,92.034686,6.585358,321.300000,22.600000,,,92.034686,6.585358,,,,,,,,,,
1780369907.364428,GIMBAL_CMD_SEND,270,193,,,,,,,92.034686,6.585358,,,,,,,,,,
1780369907.531300,GIMBAL_CMD,271,193,90.147997,6.585185,321.300000,22.600000,,,90.147997,6.585185,,,,,,,,,,
1780369907.405035,GIMBAL_ATT,270,193,,,322.300000,22.500000,21.600000,22.500000,92.034686,6.585358,70.434686,15.914642,,,,,,,,
1780369907.712706,GIMBAL_CMD_PREEMPT,271,193,,,,,,,90.147997,6.585358,1.886690,0.000173,,,,,,,,
1780369907.712706,GIMBAL_ATT,271,193,,,327.600000,21.200000,26.900000,21.200000,90.147997,6.585358,63.247997,14.614642,,,,,,,,
1780369908.100170,GIMBAL_CMD,272,193,87.943232,6.480733,327.600000,21.200000,,,87.943232,6.480733,,,,,,,,,,
1780369908.026286,GIMBAL_ATT,271,193,,,337.100000,18.500000,36.400000,18.500000,90.147997,6.585358,53.747997,11.914642,,,,,,,,
1780369908.342889,GIMBAL_CMD_PREEMPT,272,193,,,,,,,87.943232,6.585358,2.204765,0.104625,,,,,,,,
1780369908.485688,GIMBAL_CMD,273,193,86.562991,6.353439,337.100000,18.500000,,,86.562991,6.353439,,,,,,,,,,
1780369908.342889,GIMBAL_ATT,272,193,,,355.400000,18.500000,54.700000,18.500000,87.943232,6.585358,33.243232,11.914642,,,,,,,,
1780369908.763159,GIMBAL_CMD_PREEMPT,273,193,,,,,,,86.562991,6.585358,1.380240,0.231920,,,,,,,,
1780369908.763159,GIMBAL_ATT,273,193,,,9.300000,8.400000,68.600000,8.400000,86.562991,6.585358,17.962991,1.814642,,,,,,,,
1780369909.004591,GIMBAL_ATT,273,193,,,19.500000,8.400000,78.800000,8.400000,86.562991,6.585358,7.762991,1.814642,,,,,,,,
1780369909.624672,GIMBAL_CMD,274,193,81.074651,6.207471,19.500000,8.400000,,,81.074651,6.207471,,,,,,,,,,
1780369909.322628,GIMBAL_ATT,273,193,,,19.500000,6.400000,78.800000,6.400000,86.562991,6.585358,7.762991,0.185358,,,,,,,,
1780369909.728473,GIMBAL_CMD_PREEMPT,274,193,,,,,,,81.074651,6.585358,5.488341,0.377887,,,,,,,,
1780369909.997944,GIMBAL_CMD,275,193,79.208863,6.074047,19.500000,6.400000,,,79.208863,6.074047,,,,,,,,,,
1780369909.728473,GIMBAL_ATT,274,193,,,26.100000,6.400000,85.400000,6.400000,81.074651,6.585358,4.325349,0.185358,,,,,,,,
1780369910.039173,GIMBAL_CMD_PREEMPT,275,193,,,,,,,79.208863,6.585358,1.865788,0.511311,,,,,,,,
1780369910.039173,GIMBAL_ATT,275,193,,,21.000000,6.400000,80.300000,6.400000,79.208863,6.585358,1.091137,0.185358,,,,,,,,
1780369910.309373,GIMBAL_ATT,275,193,,,19.900000,6.400000,79.200000,6.400000,79.208863,6.585358,0.008863,0.185358,,,,,,,,
1780369910.309373,GIMBAL_SETTLED,275,193,,,19.900000,6.400000,79.200000,6.400000,79.208863,6.585358,0.008863,0.185358,1,0.270200,,,,,,
1780369910.596659,LASER_TRIGGER,275,193,,,19.900000,6.400000,79.200000,6.400000,79.208863,6.585358,0.008863,0.185358,1,0.270200,0,,sddm,,,
1780369910.705528,GIMBAL_CMD,276,193,76.634085,6.369662,19.900000,6.400000,,,76.634085,6.369662,,,,,,,,,,
1780369910.706032,GIMBAL_CMD_SEND,276,193,,,,,,,76.634085,6.369662,,,,,,,,,,
1780369910.746936,GIMBAL_ATT,276,193,,,19.900000,6.400000,79.200000,6.400000,76.634085,6.369662,2.565915,0.030338,,,,,,,,
1780369911.161880,GIMBAL_ATT,276,193,,,19.900000,6.400000,79.200000,6.400000,76.634085,6.369662,2.565915,0.030338,,,,,,,,
1780369911.585191,GIMBAL_CMD,277,193,75.631157,6.873863,19.900000,6.400000,,,75.631157,6.873863,,,,,,,,,,
1780369911.472645,GIMBAL_ATT,276,193,,,19.900000,6.400000,79.200000,6.400000,76.634085,6.369662,2.565915,0.030338,,,,,,,,
1780369911.786544,GIMBAL_CMD_PREEMPT,277,193,,,,,,,75.631157,6.369662,1.002928,0.504201,,,,,,,,
1780369911.786544,GIMBAL_ATT,277,193,,,18.900000,6.400000,78.200000,6.400000,75.631157,6.369662,2.568843,0.030338,,,,,,,,
1780369912.099067,GIMBAL_ATT,277,193,,,18.900000,6.400000,78.200000,6.400000,75.631157,6.369662,2.568843,0.030338,,,,,,,,
1780369912.444628,GIMBAL_ATT,277,193,,,16.200000,6.400000,75.500000,6.400000,75.631157,6.369662,0.131157,0.030338,,,,,,,,
1780369912.444628,GIMBAL_SETTLED,277,193,,,16.200000,6.400000,75.500000,6.400000,75.631157,6.369662,0.131157,0.030338,1,0.658085,,,,,,
1780369912.734640,LASER_TRIGGER,277,193,,,16.200000,6.400000,75.500000,6.400000,75.631157,6.369662,0.131157,0.030338,1,0.658085,0,,sddm,,,
1780369915.150052,GIMBAL_CMD,278,200,93.296593,18.415837,16.200000,6.400000,,,93.296593,18.415837,,,,,,,,,,
1780369915.150574,GIMBAL_CMD_SEND,278,200,,,,,,,93.296593,18.415837,,,,,,,,,,
1780369915.191880,GIMBAL_ATT,278,200,,,17.300000,6.400000,76.600000,6.400000,93.296593,18.415837,16.696593,12.015837,,,,,,,,
1780369915.788620,GIMBAL_CMD,279,200,90.243668,22.426798,17.300000,6.400000,,,90.243668,22.426798,,,,,,,,,,
1780369915.511873,GIMBAL_ATT,278,200,,,22.700000,7.800000,82.000000,7.800000,93.296593,18.415837,11.296593,10.615837,,,,,,,,
1780369915.823236,GIMBAL_CMD_PREEMPT,279,200,,,,,,,90.243668,22.426798,3.052925,4.010961,,,,,,,,
1780369915.823236,GIMBAL_ATT,279,200,,,22.700000,11.100000,82.000000,11.100000,90.243668,22.426798,8.243668,11.326798,,,,,,,,
1780369916.260001,GIMBAL_ATT,279,200,,,30.800000,16.700000,90.100000,16.700000,90.243668,22.426798,0.143668,5.726798,,,,,,,,
1780369916.571228,GIMBAL_ATT,279,200,,,30.800000,20.900000,90.100000,20.900000,90.243668,22.426798,0.143668,1.526798,,,,,,,,
1780369916.800434,GIMBAL_ATT,279,200,,,30.800000,20.900000,90.100000,20.900000,90.243668,22.426798,0.143668,1.526798,,,,,,,,
1780369917.117100,GIMBAL_ATT,279,200,,,30.800000,22.400000,90.100000,22.400000,90.243668,22.426798,0.143668,0.026798,,,,,,,,
1780369917.117100,GIMBAL_SETTLED,279,200,,,30.800000,22.400000,90.100000,22.400000,90.243668,22.426798,0.143668,0.026798,1,1.293864,,,,,,
1780369917.408777,LASER_TRIGGER,279,200,,,30.800000,22.400000,90.100000,22.400000,90.243668,22.426798,0.143668,0.026798,1,1.293864,0,,sddm,,,
1780369917.911457,GIMBAL_CMD,280,205,64.002220,16.990738,30.800000,22.400000,,,64.002220,16.990738,,,,,,,,,,
1780369918.176763,GIMBAL_CMD,281,205,61.575805,16.958324,30.800000,22.400000,,,61.575805,16.958324,,,,,,,,,,
1780369918.188402,GIMBAL_CMD_SEND,281,205,,,,,,,61.575805,16.958324,,,,,,,,,,
1780369918.228939,GIMBAL_ATT,281,205,,,29.800000,22.300000,89.100000,22.300000,61.575805,16.958324,27.524195,5.341676,,,,,,,,
1780369918.536801,GIMBAL_ATT,281,205,,,24.600000,21.100000,83.900000,21.100000,61.575805,16.958324,22.324195,4.141676,,,,,,,,
1780369918.914162,GIMBAL_CMD,282,193,55.200082,18.760565,24.600000,21.100000,,,55.200082,18.760565,,,,,,,,,,
1780369918.849665,GIMBAL_ATT,281,205,,,15.100000,18.400000,74.400000,18.400000,61.575805,16.958324,12.824195,1.441676,,,,,,,,
1780369919.082418,GIMBAL_CMD_PREEMPT,282,193,,,,,,,55.200082,18.760565,6.375723,1.802242,,,,,,,,
1780369919.155427,GIMBAL_CMD,283,193,53.816547,18.577095,15.100000,18.400000,,,53.816547,18.577095,,,,,,,,,,
1780369919.082418,GIMBAL_ATT,282,193,,,4.900000,17.000000,64.200000,17.000000,55.200082,18.760565,8.999918,1.760565,,,,,,,,
1780369919.431971,GIMBAL_CMD,284,193,52.682219,18.390295,4.900000,17.000000,,,52.682219,18.390295,,,,,,,,,,
1780369919.440015,GIMBAL_CMD_PREEMPT,284,193,,,,,,,52.682219,18.760565,2.517863,0.370270,,,,,,,,
1780369919.695643,GIMBAL_CMD,285,193,51.516001,17.659287,4.900000,17.000000,,,51.516001,17.659287,,,,,,,,,,
1780369919.440015,GIMBAL_ATT,284,193,,,355.700000,17.000000,55.000000,17.000000,52.682219,18.760565,2.317781,1.760565,,,,,,,,
1780369919.753932,GIMBAL_CMD_PREEMPT,285,193,,,,,,,51.516001,17.659287,1.166218,1.101279,,,,,,,,
1780369919.753932,GIMBAL_ATT,285,193,,,352.200000,17.000000,51.500000,17.000000,51.516001,17.659287,0.016001,0.659287,,,,,,,,
1780369920.039746,GIMBAL_CMD,286,201,91.029459,7.911957,352.200000,17.000000,,,91.029459,7.911957,,,,,,,,,,
1780369920.032677,GIMBAL_ATT,285,193,,,352.200000,17.000000,51.500000,17.000000,51.516001,17.659287,0.016001,0.659287,,,,,,,,
1780369920.347796,GIMBAL_CMD_PREEMPT,286,201,,,,,,,91.029459,7.911957,39.513458,9.747330,,,,,,,,
1780369920.443452,GIMBAL_CMD,287,201,87.786101,8.131793,352.200000,17.000000,,,87.786101,8.131793,,,,,,,,,,
1780369920.347796,GIMBAL_ATT,286,201,,,353.300000,16.900000,52.600000,16.900000,91.029459,7.911957,38.429459,8.988043,,,,,,,,
1780369920.705179,GIMBAL_CMD_PREEMPT,287,201,,,,,,,87.786101,7.911957,3.243358,0.219836,,,,,,,,
1780369920.705179,GIMBAL_ATT,287,201,,,358.700000,15.500000,58.000000,15.500000,87.786101,7.911957,29.786101,7.588043,,,,,,,,
1780369921.027706,GIMBAL_CMD,288,201,84.641238,7.757179,358.700000,15.500000,,,84.641238,7.757179,,,,,,,,,,
1780369921.019625,GIMBAL_ATT,287,201,,,8.300000,12.800000,67.600000,12.800000,87.786101,7.911957,20.186101,4.888043,,,,,,,,
1780369921.333447,GIMBAL_CMD_PREEMPT,288,201,,,,,,,84.641238,7.911957,3.144863,0.154778,,,,,,,,
1780369921.543154,GIMBAL_CMD,289,201,80.915990,7.601227,8.300000,12.800000,,,80.915990,7.601227,,,,,,,,,,
1780369921.333447,GIMBAL_ATT,288,201,,,23.100000,9.200000,82.400000,9.200000,84.641238,7.911957,2.241238,1.288043,,,,,,,,
1780369921.669762,GIMBAL_CMD_PREEMPT,289,201,,,,,,,80.915990,7.911957,3.725248,0.310730,,,,,,,,
1780369921.847027,GIMBAL_CMD,290,190,53.598828,5.341953,23.100000,9.200000,,,53.598828,5.341953,,,,,,,,,,
1780369921.669762,GIMBAL_ATT,289,201,,,25.200000,9.200000,84.500000,9.200000,80.915990,7.911957,3.584010,1.288043,,,,,,,,
1780369921.975879,GIMBAL_CMD_PREEMPT,290,190,,,,,,,53.598828,5.341953,27.317162,2.570004,,,,,,,,
1780369922.095044,GIMBAL_CMD,291,201,75.892237,6.261336,25.200000,9.200000,,,75.892237,6.261336,,,,,,,,,,
1780369921.975879,GIMBAL_ATT,290,190,,,24.100000,7.800000,83.400000,7.800000,53.598828,5.341953,29.801172,2.458047,,,,,,,,
1780369922.336188,GIMBAL_CMD_PREEMPT,291,201,,,,,,,75.892237,6.261336,22.293409,0.919383,,,,,,,,
1780369922.336188,GIMBAL_ATT,291,201,,,24.100000,7.800000,83.400000,7.800000,75.892237,6.261336,7.507763,1.538664,,,,,,,,
1780369922.807857,GIMBAL_ATT,291,201,,,3.000000,6.200000,62.300000,6.200000,75.892237,6.261336,13.592237,0.061336,,,,,,,,
1780369923.122726,GIMBAL_ATT,291,201,,,3.000000,6.200000,62.300000,6.200000,75.892237,6.261336,13.592237,0.061336,,,,,,,,
1780369923.336774,GIMBAL_ATT,291,201,,,354.200000,6.200000,53.500000,6.200000,75.892237,6.261336,22.392237,0.061336,,,,,,,,
1780369923.752207,GIMBAL_ATT,291,201,,,354.200000,6.200000,53.500000,6.200000,75.892237,6.261336,22.392237,0.061336,,,,,,,,
