[Log] stdout/stderr -> logs\20260601_153929\main_tracking_v9_20260601_153929.log
[FieldLog] enabled: C:\Users\cv1124\dym\gimbal\logs\20260601_153929
[Config] DEVICE_HEADING_DEG=180.00 (map north=0, east=90, south=180)
[GPS] Thread started, periodic UI updates enabled on COM8@115200, fix_timeout=5s, ui_interval=10.0s[Init] Connecting to Gimbal at COM9...

[GT06Z] Driver Ready on COM9.
[Adapter] GT06Z 云台已连接: COM9
[GPS] GGA fix_quality=0, num_sats=00, hdop=9999.0, lat=0.0, lon=0.0
[LaserThread] 激光读取线程已启动
[Init] Real laser enabled on COM10
[Laser] start_measurement mode=continuous
[Init] Queue gimbal initial posture: Az=59.30°, El=0.00°
[GimbalThread] 控制线程已启动
[Net] Listening RK3588 on 8888...
=== System V9.0 (Predictive Tracking & Scheduling) Running ===
[GPS] GGA fix_quality=0, num_sats=00, hdop=9999.0, lat=0.0, lon=0.0
[LIVE] udp=9.0/s, objs=15.9/s, last_udp=0.07s, meas=2, tracks=7, valid=0, master=None
[GPS] GGA fix_quality=0, num_sats=00, hdop=9999.0, lat=0.0, lon=0.0
[LIVE] udp=10.0/s, objs=27.9/s, last_udp=0.04s, meas=3, tracks=11, valid=2, master=1
[GPS] GGA fix_quality=0, num_sats=00, hdop=9999.0, lat=0.0, lon=0.0
[LIVE] udp=10.0/s, objs=28.9/s, last_udp=0.01s, meas=2, tracks=9, valid=0, master=1
[GPS] GGA fix_quality=0, num_sats=00, hdop=9999.0, lat=0.0, lon=0.0
[LIVE] udp=6.0/s, objs=8.0/s, last_udp=0.09s, meas=1, tracks=5, valid=0, master=1
[GPS] GGA fix_quality=0, num_sats=00, hdop=9999.0, lat=0.0, lon=0.0
[LIVE] udp=8.0/s, objs=16.9/s, last_udp=0.02s, meas=2, tracks=6, valid=0, master=1
[LIVE] udp=9.0/s, objs=17.0/s, last_udp=0.10s, meas=2, tracks=8, valid=0, master=1
[LIVE] udp=9.0/s, objs=16.9/s, last_udp=0.02s, meas=3, tracks=6, valid=0, master=1
[LIVE] udp=8.0/s, objs=17.0/s, last_udp=0.01s, meas=2, tracks=6, valid=0, master=1
[LIVE] udp=9.0/s, objs=20.0/s, last_udp=0.05s, meas=1, tracks=9, valid=0, master=1
[GPS] GGA fix_quality=0, num_sats=00, hdop=9999.0, lat=0.0, lon=0.0
[LIVE] udp=7.0/s, objs=16.9/s, last_udp=0.04s, meas=5, tracks=8, valid=0, master=1
[GPS] GGA fix_quality=0, num_sats=00, hdop=9999.0, lat=0.0, lon=0.0
[LIVE] udp=11.9/s, objs=22.9/s, last_udp=0.02s, meas=2, tracks=8, valid=0, master=1
[GPS] GGA fix_quality=0, num_sats=00, hdop=9999.0, lat=0.0, lon=0.0
[LIVE] udp=5.0/s, objs=11.0/s, last_udp=0.15s, meas=1, tracks=5, valid=0, master=1
[GPS] GGA fix_quality=0, num_sats=00, hdop=9999.0, lat=0.0, lon=0.0
[LIVE] udp=11.0/s, objs=27.0/s, last_udp=0.07s, meas=1, tracks=11, valid=0, master=1
[GPS] GGA fix_quality=0, num_sats=00, hdop=9999.0, lat=0.0, lon=0.0
[LIVE] udp=8.0/s, objs=12.0/s, last_udp=0.15s, meas=1, tracks=5, valid=0, master=1
[GPS] GGA fix_quality=0, num_sats=00, hdop=9999.0, lat=0.0, lon=0.0
[LIVE] udp=9.0/s, objs=16.0/s, last_udp=0.04s, meas=5, tracks=9, valid=0, master=1
[LIVE] udp=11.0/s, objs=24.0/s, last_udp=0.10s, meas=1, tracks=9, valid=0, master=1
[LIVE] udp=5.0/s, objs=12.0/s, last_udp=0.30s, meas=1, tracks=6, valid=0, master=1
[LIVE] udp=9.0/s, objs=19.0/s, last_udp=0.03s, meas=3, tracks=5, valid=0, master=14
[LIVE] udp=5.0/s, objs=16.0/s, last_udp=0.15s, meas=1, tracks=10, valid=0, master=14
[GPS] GGA fix_quality=0, num_sats=00, hdop=9999.0, lat=0.0, lon=0.0
[LIVE] udp=11.0/s, objs=23.0/s, last_udp=0.11s, meas=1, tracks=6, valid=1, master=58
[GPS] GGA fix_quality=0, num_sats=00, hdop=9999.0, lat=0.0, lon=0.0
[LIVE] udp=6.0/s, objs=13.9/s, last_udp=0.12s, meas=3, tracks=7, valid=0, master=58
[GPS] GGA fix_quality=0, num_sats=00, hdop=9999.0, lat=0.0, lon=0.0
[LIVE] udp=5.0/s, objs=10.0/s, last_udp=0.32s, meas=2, tracks=6, valid=0, master=58
[GPS] GGA fix_quality=0, num_sats=00, hdop=9999.0, lat=0.0, lon=0.0
[LIVE] udp=8.0/s, objs=20.9/s, last_udp=0.09s, meas=2, tracks=7, valid=0, master=58
[GPS] GGA fix_quality=0, num_sats=00, hdop=9999.0, lat=0.0, lon=0.0
[LIVE] udp=10.0/s, objs=18.0/s, last_udp=0.18s, meas=1, tracks=7, valid=0, master=58
[GPS] GGA fix_quality=0, num_sats=00, hdop=9999.0, lat=0.0, lon=0.0
[LIVE] udp=8.0/s, objs=14.0/s, last_udp=0.01s, meas=1, tracks=6, valid=0, master=58
[LIVE] udp=9.0/s, objs=16.9/s, last_udp=0.15s, meas=1, tracks=8, valid=0, master=58
[LIVE] udp=10.0/s, objs=18.0/s, last_udp=0.04s, meas=1, tracks=9, valid=0, master=58
[LIVE] udp=8.0/s, objs=18.0/s, last_udp=0.16s, meas=2, tracks=7, valid=0, master=58
[LIVE] udp=6.0/s, objs=16.9/s, last_udp=0.18s, meas=1, tracks=8, valid=0, master=58
[GPS] GGA fix_quality=0, num_sats=00, hdop=9999.0, lat=0.0, lon=0.0
[LIVE] udp=8.0/s, objs=16.0/s, last_udp=0.12s, meas=2, tracks=6, valid=0, master=58
[GPS] GGA fix_quality=0, num_sats=00, hdop=9999.0, lat=0.0, lon=0.0
[LIVE] udp=5.0/s, objs=11.0/s, last_udp=0.12s, meas=4, tracks=6, valid=0, master=58
[GPS] GGA fix_quality=0, num_sats=00, hdop=9999.0, lat=0.0, lon=0.0
[LIVE] udp=9.0/s, objs=20.0/s, last_udp=0.13s, meas=1, tracks=8, valid=0, master=58
[GPS] GGA fix_quality=0, num_sats=00, hdop=9999.0, lat=0.0, lon=0.0
[LIVE] udp=6.0/s, objs=12.9/s, last_udp=0.17s, meas=1, tracks=5, valid=0, master=58
[GPS] GGA fix_quality=0, num_sats=00, hdop=9999.0, lat=0.0, lon=0.0
[LIVE] udp=9.0/s, objs=23.9/s, last_udp=0.01s, meas=1, tracks=8, valid=0, master=58
[GPS] GGA fix_quality=0, num_sats=00, hdop=9999.0, lat=0.0, lon=0.0
[LIVE] udp=6.0/s, objs=12.9/s, last_udp=0.11s, meas=1, tracks=6, valid=0, master=58
[LIVE] udp=10.0/s, objs=21.0/s, last_udp=0.10s, meas=2, tracks=7, valid=0, master=58
[LIVE] udp=11.0/s, objs=21.9/s, last_udp=0.04s, meas=1, tracks=7, valid=0, master=58
[LIVE] udp=5.0/s, objs=13.0/s, last_udp=0.11s, meas=4, tracks=7, valid=0, master=58
[LIVE] udp=5.0/s, objs=8.0/s, last_udp=0.32s, meas=1, tracks=6, valid=0, master=58
[GPS] GGA fix_quality=0, num_sats=00, hdop=9999.0, lat=0.0, lon=0.0
[LIVE] udp=3.0/s, objs=3.0/s, last_udp=0.05s, meas=1, tracks=3, valid=0, master=58
[GPS] GGA fix_quality=0, num_sats=00, hdop=9999.0, lat=0.0, lon=0.0
[LIVE] udp=6.0/s, objs=12.0/s, last_udp=0.15s, meas=1, tracks=5, valid=0, master=122
[GPS] GGA fix_quality=0, num_sats=00, hdop=9999.0, lat=0.0, lon=0.0
[LIVE] udp=7.0/s, objs=9.0/s, last_udp=0.15s, meas=1, tracks=3, valid=0, master=122
[GPS] GGA fix_quality=0, num_sats=00, hdop=9999.0, lat=0.0, lon=0.0
[LIVE] udp=7.0/s, objs=11.0/s, last_udp=0.03s, meas=2, tracks=6, valid=1, master=123
[GPS] GGA fix_quality=0, num_sats=00, hdop=9999.0, lat=0.0, lon=0.0
[LIVE] udp=4.0/s, objs=6.0/s, last_udp=0.36s, meas=2, tracks=4, valid=0, master=123
[GPS] GGA fix_quality=0, num_sats=00, hdop=9999.0, lat=0.0, lon=0.0
[LIVE] udp=5.0/s, objs=11.0/s, last_udp=0.24s, meas=3, tracks=3, valid=0, master=123
[LIVE] udp=10.0/s, objs=23.9/s, last_udp=0.03s, meas=1, tracks=9, valid=0, master=135
[LIVE] udp=7.0/s, objs=14.0/s, last_udp=0.23s, meas=1, tracks=7, valid=0, master=136
[LIVE] udp=9.0/s, objs=25.0/s, last_udp=0.13s, meas=2, tracks=10, valid=0, master=136
[LIVE] udp=7.0/s, objs=18.9/s, last_udp=0.04s, meas=5, tracks=8, valid=0, master=136
[GPS] GGA fix_quality=0, num_sats=00, hdop=9999.0, lat=0.0, lon=0.0
[LIVE] udp=7.0/s, objs=17.0/s, last_udp=0.02s, meas=2, tracks=4, valid=0, master=136
[GPS] GGA fix_quality=0, num_sats=00, hdop=9999.0, lat=0.0, lon=0.0
[LIVE] udp=4.0/s, objs=8.0/s, last_udp=0.06s, meas=1, tracks=4, valid=0, master=153
[GPS] GGA fix_quality=0, num_sats=00, hdop=9999.0, lat=0.0, lon=0.0
[LIVE] udp=7.0/s, objs=23.0/s, last_udp=0.11s, meas=4, tracks=9, valid=1, master=153
[GPS] GGA fix_quality=0, num_sats=00, hdop=9999.0, lat=0.0, lon=0.0
[LIVE] udp=5.0/s, objs=11.0/s, last_udp=0.14s, meas=2, tracks=4, valid=0, master=153
[GPS] GGA fix_quality=0, num_sats=00, hdop=9999.0, lat=0.0, lon=0.0
[LIVE] udp=7.0/s, objs=13.0/s, last_udp=0.07s, meas=1, tracks=8, valid=0, master=153
[GPS] GGA fix_quality=0, num_sats=00, hdop=9999.0, lat=0.0, lon=0.0
[LIVE] udp=6.0/s, objs=15.0/s, last_udp=0.09s, meas=5, tracks=8, valid=0, master=153
[LIVE] udp=3.0/s, objs=7.0/s, last_udp=0.63s, meas=1, tracks=8, valid=0, master=153
[LIVE] udp=0.0/s, objs=0.0/s, last_udp=1.63s, meas=1, tracks=8, valid=0, master=153
[LIVE] udp=0.0/s, objs=0.0/s, last_udp=2.64s, meas=1, tracks=8, valid=0, master=153
[LIVE] udp=0.0/s, objs=0.0/s, last_udp=3.64s, meas=1, tracks=8, valid=0, master=153
[GPS] GGA fix_quality=0, num_sats=00, hdop=9999.0, lat=0.0, lon=0.0
[LIVE] udp=0.0/s, objs=0.0/s, last_udp=4.64s, meas=1, tracks=8, valid=0, master=153
[GPS] GGA fix_quality=0, num_sats=00, hdop=9999.0, lat=0.0, lon=0.0
[LIVE] udp=0.0/s, objs=0.0/s, last_udp=5.65s, meas=1, tracks=8, valid=0, master=153
[GPS] GGA fix_quality=0, num_sats=00, hdop=9999.0, lat=0.0, lon=0.0
[LIVE] udp=0.0/s, objs=0.0/s, last_udp=6.65s, meas=1, tracks=8, valid=0, master=153
[GPS] GGA fix_quality=0, num_sats=00, hdop=9999.0, lat=0.0, lon=0.0
[LIVE] udp=0.0/s, objs=0.0/s, last_udp=7.65s, meas=1, tracks=8, valid=0, master=153
[GPS] GGA fix_quality=0, num_sats=00, hdop=9999.0, lat=0.0, lon=0.0
[LIVE] udp=0.0/s, objs=0.0/s, last_udp=8.65s, meas=1, tracks=8, valid=0, master=153
[GPS] GGA fix_quality=0, num_sats=00, hdop=9999.0, lat=0.0, lon=0.0
[LIVE] udp=0.0/s, objs=0.0/s, last_udp=9.66s, meas=1, tracks=8, valid=0, master=153
[LIVE] udp=0.0/s, objs=0.0/s, last_udp=10.66s, meas=1, tracks=8, valid=0, master=153
[LIVE] udp=0.0/s, objs=0.0/s, last_udp=11.66s, meas=1, tracks=8, valid=0, master=153
[LIVE] udp=0.0/s, objs=0.0/s, last_udp=12.67s, meas=1, tracks=8, valid=0, master=153
[LIVE] udp=0.0/s, objs=0.0/s, last_udp=13.67s, meas=1, tracks=8, valid=0, master=153
[GPS] GGA fix_quality=0, num_sats=00, hdop=9999.0, lat=0.0, lon=0.0
[LIVE] udp=0.0/s, objs=0.0/s, last_udp=14.67s, meas=1, tracks=8, valid=0, master=153
[GPS] GGA fix_quality=0, num_sats=00, hdop=9999.0, lat=0.0, lon=0.0
[LIVE] udp=0.0/s, objs=0.0/s, last_udp=15.67s, meas=1, tracks=8, valid=0, master=153
[GPS] GGA fix_quality=0, num_sats=00, hdop=9999.0, lat=0.0, lon=0.0
[LIVE] udp=0.0/s, objs=0.0/s, last_udp=16.68s, meas=1, tracks=8, valid=0, master=153
[GPS] GGA fix_quality=0, num_sats=00, hdop=9999.0, lat=0.0, lon=0.0
[LIVE] udp=0.0/s, objs=0.0/s, last_udp=17.68s, meas=1, tracks=8, valid=0, master=153
[GPS] GGA fix_quality=0, num_sats=00, hdop=9999.0, lat=0.0, lon=0.0
[LIVE] udp=0.0/s, objs=0.0/s, last_udp=18.68s, meas=1, tracks=8, valid=0, master=153
[GPS] GGA fix_quality=0, num_sats=00, hdop=9999.0, lat=0.0, lon=0.0
[LIVE] udp=0.0/s, objs=0.0/s, last_udp=19.69s, meas=1, tracks=8, valid=0, master=153
[LIVE] udp=0.0/s, objs=0.0/s, last_udp=20.69s, meas=1, tracks=8, valid=0, master=153
[LIVE] udp=0.0/s, objs=0.0/s, last_udp=21.69s, meas=1, tracks=8, valid=0, master=153
[LIVE] udp=0.0/s, objs=0.0/s, last_udp=22.70s, meas=1, tracks=8, valid=0, master=153
[LIVE] udp=0.0/s, objs=0.0/s, last_udp=23.70s, meas=1, tracks=8, valid=0, master=153
[GPS] GGA fix_quality=0, num_sats=00, hdop=9999.0, lat=0.0, lon=0.0
[LIVE] udp=0.0/s, objs=0.0/s, last_udp=24.70s, meas=1, tracks=8, valid=0, master=153
[GPS] GGA fix_quality=0, num_sats=00, hdop=9999.0, lat=0.0, lon=0.0
[LIVE] udp=0.0/s, objs=0.0/s, last_udp=25.70s, meas=1, tracks=8, valid=0, master=153
[GPS] GGA fix_quality=0, num_sats=00, hdop=9999.0, lat=0.0, lon=0.0
[LIVE] udp=0.0/s, objs=0.0/s, last_udp=26.71s, meas=1, tracks=8, valid=0, master=153
[GPS] GGA fix_quality=0, num_sats=00, hdop=9999.0, lat=0.0, lon=0.0
[LIVE] udp=0.0/s, objs=0.0/s, last_udp=27.71s, meas=1, tracks=8, valid=0, master=153
[GPS] GGA fix_quality=0, num_sats=00, hdop=9999.0, lat=0.0, lon=0.0
[LIVE] udp=0.0/s, objs=0.0/s, last_udp=28.71s, meas=1, tracks=8, valid=0, master=153
[GPS] GGA fix_quality=0, num_sats=00, hdop=9999.0, lat=0.0, lon=0.0
[LIVE] udp=0.0/s, objs=0.0/s, last_udp=29.71s, meas=1, tracks=8, valid=0, master=153
[LIVE] udp=0.0/s, objs=0.0/s, last_udp=30.72s, meas=1, tracks=8, valid=0, master=153
[LIVE] udp=0.0/s, objs=0.0/s, last_udp=31.72s, meas=1, tracks=8, valid=0, master=153
[LIVE] udp=0.0/s, objs=0.0/s, last_udp=32.72s, meas=1, tracks=8, valid=0, master=153
[LIVE] udp=0.0/s, objs=0.0/s, last_udp=33.73s, meas=1, tracks=8, valid=0, master=153
[GPS] GGA fix_quality=0, num_sats=00, hdop=9999.0, lat=0.0, lon=0.0
[LIVE] udp=0.0/s, objs=0.0/s, last_udp=34.73s, meas=1, tracks=8, valid=0, master=153
[GPS] GGA fix_quality=0, num_sats=00, hdop=9999.0, lat=0.0, lon=0.0
[LIVE] udp=0.0/s, objs=0.0/s, last_udp=35.73s, meas=1, tracks=8, valid=0, master=153
[GPS] GGA fix_quality=0, num_sats=00, hdop=9999.0, lat=0.0, lon=0.0
[LIVE] udp=0.0/s, objs=0.0/s, last_udp=36.73s, meas=1, tracks=8, valid=0, master=153
[GPS] GGA fix_quality=0, num_sats=00, hdop=9999.0, lat=0.0, lon=0.0
[LIVE] udp=0.0/s, objs=0.0/s, last_udp=37.73s, meas=1, tracks=8, valid=0, master=153
[GPS] GGA fix_quality=0, num_sats=00, hdop=9999.0, lat=0.0, lon=0.0
[LIVE] udp=0.0/s, objs=0.0/s, last_udp=38.73s, meas=1, tracks=8, valid=0, master=153
[GPS] GGA fix_quality=0, num_sats=00, hdop=9999.0, lat=0.0, lon=0.0
[LIVE] udp=0.0/s, objs=0.0/s, last_udp=39.74s, meas=1, tracks=8, valid=0, master=153
[LIVE] udp=0.0/s, objs=0.0/s, last_udp=40.74s, meas=1, tracks=8, valid=0, master=153
[LIVE] udp=0.0/s, objs=0.0/s, last_udp=41.74s, meas=1, tracks=8, valid=0, master=153
[LIVE] udp=0.0/s, objs=0.0/s, last_udp=42.74s, meas=1, tracks=8, valid=0, master=153
[LIVE] udp=0.0/s, objs=0.0/s, last_udp=43.75s, meas=1, tracks=8, valid=0, master=153
[GPS] GGA fix_quality=0, num_sats=00, hdop=9999.0, lat=0.0, lon=0.0
[LIVE] udp=0.0/s, objs=0.0/s, last_udp=44.75s, meas=1, tracks=8, valid=0, master=153
[GPS] GGA fix_quality=0, num_sats=00, hdop=9999.0, lat=0.0, lon=0.0
[LIVE] udp=0.0/s, objs=0.0/s, last_udp=45.75s, meas=1, tracks=8, valid=0, master=153
[GPS] GGA fix_quality=0, num_sats=00, hdop=9999.0, lat=0.0, lon=0.0
[LIVE] udp=0.0/s, objs=0.0/s, last_udp=46.75s, meas=1, tracks=8, valid=0, master=153
[GPS] GGA fix_quality=0, num_sats=00, hdop=9999.0, lat=0.0, lon=0.0
[LIVE] udp=0.0/s, objs=0.0/s, last_udp=47.76s, meas=1, tracks=8, valid=0, master=153
[GPS] GGA fix_quality=0, num_sats=00, hdop=9999.0, lat=0.0, lon=0.0
[LIVE] udp=0.0/s, objs=0.0/s, last_udp=48.76s, meas=1, tracks=8, valid=0, master=153
[GPS] GGA fix_quality=0, num_sats=00, hdop=9999.0, lat=0.0, lon=0.0
[LIVE] udp=0.0/s, objs=0.0/s, last_udp=49.76s, meas=1, tracks=8, valid=0, master=153
[LIVE] udp=0.0/s, objs=0.0/s, last_udp=50.77s, meas=1, tracks=8, valid=0, master=153
[LIVE] udp=0.0/s, objs=0.0/s, last_udp=51.77s, meas=1, tracks=8, valid=0, master=153
[LIVE] udp=0.0/s, objs=0.0/s, last_udp=52.77s, meas=1, tracks=8, valid=0, master=153
[LIVE] udp=0.0/s, objs=0.0/s, last_udp=53.78s, meas=1, tracks=8, valid=0, master=153
[GPS] GGA fix_quality=0, num_sats=00, hdop=9999.0, lat=0.0, lon=0.0
[LIVE] udp=0.0/s, objs=0.0/s, last_udp=54.78s, meas=1, tracks=8, valid=0, master=153
[GPS] GGA fix_quality=0, num_sats=00, hdop=9999.0, lat=0.0, lon=0.0
[LIVE] udp=0.0/s, objs=0.0/s, last_udp=55.78s, meas=1, tracks=8, valid=0, master=153
[GPS] GGA fix_quality=0, num_sats=00, hdop=9999.0, lat=0.0, lon=0.0
[LIVE] udp=0.0/s, objs=0.0/s, last_udp=56.78s, meas=1, tracks=8, valid=0, master=153
[GPS] GGA fix_quality=0, num_sats=00, hdop=9999.0, lat=0.0, lon=0.0
[LIVE] udp=0.0/s, objs=0.0/s, last_udp=57.78s, meas=1, tracks=8, valid=0, master=153
[GPS] GGA fix_quality=0, num_sats=00, hdop=9999.0, lat=0.0, lon=0.0
[LIVE] udp=0.0/s, objs=0.0/s, last_udp=58.78s, meas=1, tracks=8, valid=0, master=153
[GPS] GGA fix_quality=0, num_sats=00, hdop=9999.0, lat=0.0, lon=0.0
[LIVE] udp=0.0/s, objs=0.0/s, last_udp=59.79s, meas=1, tracks=8, valid=0, master=153
[LIVE] udp=0.0/s, objs=0.0/s, last_udp=60.79s, meas=1, tracks=8, valid=0, master=153
[LIVE] udp=0.0/s, objs=0.0/s, last_udp=61.79s, meas=1, tracks=8, valid=0, master=153
[LIVE] udp=0.0/s, objs=0.0/s, last_udp=62.80s, meas=1, tracks=8, valid=0, master=153
[LIVE] udp=0.0/s, objs=0.0/s, last_udp=63.80s, meas=1, tracks=8, valid=0, master=153
[GPS] GGA fix_quality=0, num_sats=00, hdop=9999.0, lat=0.0, lon=0.0
[LIVE] udp=0.0/s, objs=0.0/s, last_udp=64.80s, meas=1, tracks=8, valid=0, master=153
[GPS] GGA fix_quality=0, num_sats=00, hdop=9999.0, lat=0.0, lon=0.0
[LIVE] udp=0.0/s, objs=0.0/s, last_udp=65.80s, meas=1, tracks=8, valid=0, master=153
[GPS] GGA fix_quality=0, num_sats=00, hdop=9999.0, lat=0.0, lon=0.0
[LIVE] udp=0.0/s, objs=0.0/s, last_udp=66.80s, meas=1, tracks=8, valid=0, master=153
[GPS] GGA fix_quality=0, num_sats=00, hdop=9999.0, lat=0.0, lon=0.0
[LIVE] udp=0.0/s, objs=0.0/s, last_udp=67.81s, meas=1, tracks=8, valid=0, master=153
[GPS] GGA fix_quality=0, num_sats=00, hdop=9999.0, lat=0.0, lon=0.0
[LIVE] udp=0.0/s, objs=0.0/s, last_udp=68.81s, meas=1, tracks=8, valid=0, master=153
[GPS] GGA fix_quality=0, num_sats=00, hdop=9999.0, lat=0.0, lon=0.0
[LIVE] udp=0.0/s, objs=0.0/s, last_udp=69.81s, meas=1, tracks=8, valid=0, master=153
[LIVE] udp=0.0/s, objs=0.0/s, last_udp=70.82s, meas=1, tracks=8, valid=0, master=153
[LIVE] udp=0.0/s, objs=0.0/s, last_udp=71.82s, meas=1, tracks=8, valid=0, master=153
[LIVE] udp=0.0/s, objs=0.0/s, last_udp=72.82s, meas=1, tracks=8, valid=0, master=153
[LIVE] udp=0.0/s, objs=0.0/s, last_udp=73.82s, meas=1, tracks=8, valid=0, master=153
[GPS] GGA fix_quality=0, num_sats=00, hdop=9999.0, lat=0.0, lon=0.0
[LIVE] udp=0.0/s, objs=0.0/s, last_udp=74.83s, meas=1, tracks=8, valid=0, master=153
[GPS] GGA fix_quality=0, num_sats=00, hdop=9999.0, lat=0.0, lon=0.0
[LIVE] udp=0.0/s, objs=0.0/s, last_udp=75.83s, meas=1, tracks=8, valid=0, master=153
[GPS] GGA fix_quality=0, num_sats=00, hdop=9999.0, lat=0.0, lon=0.0
[LIVE] udp=0.0/s, objs=0.0/s, last_udp=76.83s, meas=1, tracks=8, valid=0, master=153
[GPS] GGA fix_quality=0, num_sats=00, hdop=9999.0, lat=0.0, lon=0.0
[LIVE] udp=0.0/s, objs=0.0/s, last_udp=77.83s, meas=1, tracks=8, valid=0, master=153
[GPS] GGA fix_quality=0, num_sats=00, hdop=9999.0, lat=0.0, lon=0.0
[LIVE] udp=0.0/s, objs=0.0/s, last_udp=78.84s, meas=1, tracks=8, valid=0, master=153
[GPS] GGA fix_quality=0, num_sats=00, hdop=9999.0, lat=0.0, lon=0.0
[LIVE] udp=0.0/s, objs=0.0/s, last_udp=79.84s, meas=1, tracks=8, valid=0, master=153
[LIVE] udp=0.0/s, objs=0.0/s, last_udp=80.84s, meas=1, tracks=8, valid=0, master=153
[LIVE] udp=0.0/s, objs=0.0/s, last_udp=81.85s, meas=1, tracks=8, valid=0, master=153
[LIVE] udp=0.0/s, objs=0.0/s, last_udp=82.85s, meas=1, tracks=8, valid=0, master=153
[LIVE] udp=0.0/s, objs=0.0/s, last_udp=83.85s, meas=1, tracks=8, valid=0, master=153
[GPS] GGA fix_quality=0, num_sats=00, hdop=9999.0, lat=0.0, lon=0.0
[LIVE] udp=0.0/s, objs=0.0/s, last_udp=84.86s, meas=1, tracks=8, valid=0, master=153
[GPS] GGA fix_quality=0, num_sats=00, hdop=9999.0, lat=0.0, lon=0.0
[LIVE] udp=0.0/s, objs=0.0/s, last_udp=85.86s, meas=1, tracks=8, valid=0, master=153
[GPS] GGA fix_quality=0, num_sats=00, hdop=9999.0, lat=0.0, lon=0.0
[LIVE] udp=0.0/s, objs=0.0/s, last_udp=86.86s, meas=1, tracks=8, valid=0, master=153
[GPS] GGA fix_quality=0, num_sats=00, hdop=9999.0, lat=0.0, lon=0.0
[LIVE] udp=0.0/s, objs=0.0/s, last_udp=87.86s, meas=1, tracks=8, valid=0, master=153
[GPS] GGA fix_quality=0, num_sats=00, hdop=9999.0, lat=0.0, lon=0.0
[LIVE] udp=0.0/s, objs=0.0/s, last_udp=88.87s, meas=1, tracks=8, valid=0, master=153
[GPS] GGA fix_quality=0, num_sats=00, hdop=9999.0, lat=0.0, lon=0.0
[LIVE] udp=0.0/s, objs=0.0/s, last_udp=89.87s, meas=1, tracks=8, valid=0, master=153
[LIVE] udp=0.0/s, objs=0.0/s, last_udp=90.87s, meas=1, tracks=8, valid=0, master=153
[LIVE] udp=0.0/s, objs=0.0/s, last_udp=91.87s, meas=1, tracks=8, valid=0, master=153
[LIVE] udp=0.0/s, objs=0.0/s, last_udp=92.87s, meas=1, tracks=8, valid=0, master=153
[LIVE] udp=0.0/s, objs=0.0/s, last_udp=93.87s, meas=1, tracks=8, valid=0, master=153
[GPS] GGA fix_quality=0, num_sats=00, hdop=9999.0, lat=0.0, lon=0.0
[LIVE] udp=0.0/s, objs=0.0/s, last_udp=94.88s, meas=1, tracks=8, valid=0, master=153
[GPS] GGA fix_quality=0, num_sats=00, hdop=9999.0, lat=0.0, lon=0.0
[LIVE] udp=0.0/s, objs=0.0/s, last_udp=95.88s, meas=1, tracks=8, valid=0, master=153
[GPS] GGA fix_quality=0, num_sats=00, hdop=9999.0, lat=0.0, lon=0.0
[LIVE] udp=0.0/s, objs=0.0/s, last_udp=96.88s, meas=1, tracks=8, valid=0, master=153
[GPS] GGA fix_quality=0, num_sats=00, hdop=9999.0, lat=0.0, lon=0.0
[LIVE] udp=0.0/s, objs=0.0/s, last_udp=97.89s, meas=1, tracks=8, valid=0, master=153
[GPS] GGA fix_quality=0, num_sats=00, hdop=9999.0, lat=0.0, lon=0.0
[GPS] GGA fix_quality=0, num_sats=00, hdop=9999.0, lat=0.0, lon=0.0
[LIVE] udp=0.0/s, objs=0.0/s, last_udp=98.89s, meas=1, tracks=8, valid=0, master=153
[LIVE] udp=0.0/s, objs=0.0/s, last_udp=99.89s, meas=1, tracks=8, valid=0, master=153
[LIVE] udp=0.0/s, objs=0.0/s, last_udp=100.89s, meas=1, tracks=8, valid=0, master=153
[LIVE] udp=0.0/s, objs=0.0/s, last_udp=101.89s, meas=1, tracks=8, valid=0, master=153
[LIVE] udp=0.0/s, objs=0.0/s, last_udp=102.90s, meas=1, tracks=8, valid=0, master=153
[GPS] GGA fix_quality=0, num_sats=00, hdop=9999.0, lat=0.0, lon=0.0
[LIVE] udp=0.0/s, objs=0.0/s, last_udp=103.90s, meas=1, tracks=8, valid=0, master=153
[GPS] GGA fix_quality=0, num_sats=00, hdop=9999.0, lat=0.0, lon=0.0
[LIVE] udp=0.0/s, objs=0.0/s, last_udp=104.91s, meas=1, tracks=8, valid=0, master=153
[GPS] GGA fix_quality=0, num_sats=00, hdop=9999.0, lat=0.0, lon=0.0
[LIVE] udp=0.0/s, objs=0.0/s, last_udp=105.91s, meas=1, tracks=8, valid=0, master=153
[GPS] GGA fix_quality=0, num_sats=00, hdop=9999.0, lat=0.0, lon=0.0
[LIVE] udp=0.0/s, objs=0.0/s, last_udp=106.91s, meas=1, tracks=8, valid=0, master=153
[GPS] GGA fix_quality=0, num_sats=00, hdop=9999.0, lat=0.0, lon=0.0
[LIVE] udp=0.0/s, objs=0.0/s, last_udp=107.91s, meas=1, tracks=8, valid=0, master=153
[GPS] GGA fix_quality=0, num_sats=00, hdop=9999.0, lat=0.0, lon=0.0
[LIVE] udp=0.0/s, objs=0.0/s, last_udp=108.91s, meas=1, tracks=8, valid=0, master=153
[LIVE] udp=0.0/s, objs=0.0/s, last_udp=109.91s, meas=1, tracks=8, valid=0, master=153
[LIVE] udp=0.0/s, objs=0.0/s, last_udp=110.91s, meas=1, tracks=8, valid=0, master=153
[LIVE] udp=0.0/s, objs=0.0/s, last_udp=111.92s, meas=1, tracks=8, valid=0, master=153
[LIVE] udp=0.0/s, objs=0.0/s, last_udp=112.92s, meas=1, tracks=8, valid=0, master=153
[GPS] GGA fix_quality=0, num_sats=00, hdop=9999.0, lat=0.0, lon=0.0
[LIVE] udp=0.0/s, objs=0.0/s, last_udp=113.92s, meas=1, tracks=8, valid=0, master=153
[GPS] GGA fix_quality=0, num_sats=00, hdop=9999.0, lat=0.0, lon=0.0
[LIVE] udp=0.0/s, objs=0.0/s, last_udp=114.93s, meas=1, tracks=8, valid=0, master=153
[GPS] GGA fix_quality=0, num_sats=00, hdop=9999.0, lat=0.0, lon=0.0
[LIVE] udp=0.0/s, objs=0.0/s, last_udp=115.93s, meas=1, tracks=8, valid=0, master=153
[GPS] GGA fix_quality=0, num_sats=00, hdop=9999.0, lat=0.0, lon=0.0
[LIVE] udp=0.0/s, objs=0.0/s, last_udp=116.94s, meas=1, tracks=8, valid=0, master=153
[GPS] GGA fix_quality=0, num_sats=00, hdop=9999.0, lat=0.0, lon=0.0
[LIVE] udp=0.0/s, objs=0.0/s, last_udp=117.94s, meas=1, tracks=8, valid=0, master=153
[GPS] GGA fix_quality=0, num_sats=00, hdop=9999.0, lat=0.0, lon=0.0
[LIVE] udp=0.0/s, objs=0.0/s, last_udp=118.94s, meas=1, tracks=8, valid=0, master=153
[LIVE] udp=0.0/s, objs=0.0/s, last_udp=119.94s, meas=1, tracks=8, valid=0, master=153
[LIVE] udp=0.0/s, objs=0.0/s, last_udp=120.94s, meas=1, tracks=8, valid=0, master=153
[LIVE] udp=0.0/s, objs=0.0/s, last_udp=121.95s, meas=1, tracks=8, valid=0, master=153
[LIVE] udp=0.0/s, objs=0.0/s, last_udp=122.95s, meas=1, tracks=8, valid=0, master=153
[GPS] GGA fix_quality=0, num_sats=00, hdop=9999.0, lat=0.0, lon=0.0
[LIVE] udp=0.0/s, objs=0.0/s, last_udp=123.95s, meas=1, tracks=8, valid=0, master=153
[GPS] GGA fix_quality=0, num_sats=00, hdop=9999.0, lat=0.0, lon=0.0
[LIVE] udp=0.0/s, objs=0.0/s, last_udp=124.95s, meas=1, tracks=8, valid=0, master=153
[GPS] GGA fix_quality=0, num_sats=00, hdop=9999.0, lat=0.0, lon=0.0
[LIVE] udp=0.0/s, objs=0.0/s, last_udp=125.96s, meas=1, tracks=8, valid=0, master=153
[GPS] GGA fix_quality=0, num_sats=00, hdop=9999.0, lat=0.0, lon=0.0
[LIVE] udp=0.0/s, objs=0.0/s, last_udp=126.96s, meas=1, tracks=8, valid=0, master=153
[GPS] GGA fix_quality=0, num_sats=00, hdop=9999.0, lat=0.0, lon=0.0
[LIVE] udp=0.0/s, objs=0.0/s, last_udp=127.96s, meas=1, tracks=8, valid=0, master=153
[GPS] GGA fix_quality=0, num_sats=00, hdop=9999.0, lat=0.0, lon=0.0
[LIVE] udp=0.0/s, objs=0.0/s, last_udp=128.96s, meas=1, tracks=8, valid=0, master=153
[LIVE] udp=0.0/s, objs=0.0/s, last_udp=129.97s, meas=1, tracks=8, valid=0, master=153
[LIVE] udp=0.0/s, objs=0.0/s, last_udp=130.97s, meas=1, tracks=8, valid=0, master=153
[LIVE] udp=0.0/s, objs=0.0/s, last_udp=131.97s, meas=1, tracks=8, valid=0, master=153
[LIVE] udp=0.0/s, objs=0.0/s, last_udp=132.98s, meas=1, tracks=8, valid=0, master=153
[GPS] GGA fix_quality=0, num_sats=00, hdop=9999.0, lat=0.0, lon=0.0
[LIVE] udp=0.0/s, objs=0.0/s, last_udp=133.98s, meas=1, tracks=8, valid=0, master=153
[GPS] GGA fix_quality=0, num_sats=00, hdop=9999.0, lat=0.0, lon=0.0
[LIVE] udp=0.0/s, objs=0.0/s, last_udp=134.98s, meas=1, tracks=8, valid=0, master=153
[GPS] GGA fix_quality=0, num_sats=00, hdop=9999.0, lat=0.0, lon=0.0
[LIVE] udp=0.0/s, objs=0.0/s, last_udp=135.98s, meas=1, tracks=8, valid=0, master=153
[GPS] GGA fix_quality=0, num_sats=00, hdop=9999.0, lat=0.0, lon=0.0
[LIVE] udp=0.0/s, objs=0.0/s, last_udp=136.98s, meas=1, tracks=8, valid=0, master=153
[GPS] GGA fix_quality=0, num_sats=00, hdop=9999.0, lat=0.0, lon=0.0
[LIVE] udp=0.0/s, objs=0.0/s, last_udp=137.99s, meas=1, tracks=8, valid=0, master=153
[GPS] GGA fix_quality=0, num_sats=00, hdop=9999.0, lat=0.0, lon=0.0
[LIVE] udp=0.0/s, objs=0.0/s, last_udp=138.99s, meas=1, tracks=8, valid=0, master=153
[LIVE] udp=0.0/s, objs=0.0/s, last_udp=139.99s, meas=1, tracks=8, valid=0, master=153
[LIVE] udp=0.0/s, objs=0.0/s, last_udp=140.99s, meas=1, tracks=8, valid=0, master=153
[LIVE] udp=0.0/s, objs=0.0/s, last_udp=141.99s, meas=1, tracks=8, valid=0, master=153
[LIVE] udp=0.0/s, objs=0.0/s, last_udp=142.99s, meas=1, tracks=8, valid=0, master=153
[GPS] GGA fix_quality=0, num_sats=00, hdop=9999.0, lat=0.0, lon=0.0
[LIVE] udp=0.0/s, objs=0.0/s, last_udp=144.00s, meas=1, tracks=8, valid=0, master=153
[GPS] GGA fix_quality=0, num_sats=00, hdop=9999.0, lat=0.0, lon=0.0
[LIVE] udp=0.0/s, objs=0.0/s, last_udp=145.00s, meas=1, tracks=8, valid=0, master=153
[GPS] GGA fix_quality=0, num_sats=00, hdop=9999.0, lat=0.0, lon=0.0
[LIVE] udp=0.0/s, objs=0.0/s, last_udp=146.01s, meas=1, tracks=8, valid=0, master=153
[GPS] GGA fix_quality=0, num_sats=00, hdop=9999.0, lat=0.0, lon=0.0
[LIVE] udp=0.0/s, objs=0.0/s, last_udp=147.01s, meas=1, tracks=8, valid=0, master=153
[GPS] GGA fix_quality=0, num_sats=00, hdop=9999.0, lat=0.0, lon=0.0
[LIVE] udp=0.0/s, objs=0.0/s, last_udp=148.01s, meas=1, tracks=8, valid=0, master=153
[GPS] GGA fix_quality=0, num_sats=00, hdop=9999.0, lat=0.0, lon=0.0
[LIVE] udp=0.0/s, objs=0.0/s, last_udp=149.01s, meas=1, tracks=8, valid=0, master=153
[LIVE] udp=0.0/s, objs=0.0/s, last_udp=150.02s, meas=1, tracks=8, valid=0, master=153
[LIVE] udp=0.0/s, objs=0.0/s, last_udp=151.02s, meas=1, tracks=8, valid=0, master=153
[LIVE] udp=0.0/s, objs=0.0/s, last_udp=152.03s, meas=1, tracks=8, valid=0, master=153
[LIVE] udp=0.0/s, objs=0.0/s, last_udp=153.03s, meas=1, tracks=8, valid=0, master=153
[GPS] GGA fix_quality=0, num_sats=00, hdop=9999.0, lat=0.0, lon=0.0
[LIVE] udp=0.0/s, objs=0.0/s, last_udp=154.03s, meas=1, tracks=8, valid=0, master=153
[GPS] GGA fix_quality=0, num_sats=00, hdop=9999.0, lat=0.0, lon=0.0
[LIVE] udp=0.0/s, objs=0.0/s, last_udp=155.03s, meas=1, tracks=8, valid=0, master=153
[GPS] GGA fix_quality=0, num_sats=00, hdop=9999.0, lat=0.0, lon=0.0
[LIVE] udp=0.0/s, objs=0.0/s, last_udp=156.03s, meas=1, tracks=8, valid=0, master=153
[GPS] GGA fix_quality=0, num_sats=00, hdop=9999.0, lat=0.0, lon=0.0
[LIVE] udp=0.0/s, objs=0.0/s, last_udp=157.03s, meas=1, tracks=8, valid=0, master=153
[GPS] GGA fix_quality=0, num_sats=00, hdop=9999.0, lat=0.0, lon=0.0
[LIVE] udp=0.0/s, objs=0.0/s, last_udp=158.04s, meas=1, tracks=8, valid=0, master=153
[GPS] GGA fix_quality=0, num_sats=00, hdop=9999.0, lat=0.0, lon=0.0
[LIVE] udp=0.0/s, objs=0.0/s, last_udp=159.04s, meas=1, tracks=8, valid=0, master=153
[LIVE] udp=0.0/s, objs=0.0/s, last_udp=160.04s, meas=1, tracks=8, valid=0, master=153
[LIVE] udp=0.0/s, objs=0.0/s, last_udp=161.04s, meas=1, tracks=8, valid=0, master=153
[LIVE] udp=0.0/s, objs=0.0/s, last_udp=162.04s, meas=1, tracks=8, valid=0, master=153
[LIVE] udp=0.0/s, objs=0.0/s, last_udp=163.04s, meas=1, tracks=8, valid=0, master=153
[GPS] GGA fix_quality=0, num_sats=00, hdop=9999.0, lat=0.0, lon=0.0
[LIVE] udp=0.0/s, objs=0.0/s, last_udp=164.05s, meas=1, tracks=8, valid=0, master=153
[GPS] GGA fix_quality=0, num_sats=00, hdop=9999.0, lat=0.0, lon=0.0
[LIVE] udp=0.0/s, objs=0.0/s, last_udp=165.05s, meas=1, tracks=8, valid=0, master=153
[GPS] GGA fix_quality=0, num_sats=00, hdop=9999.0, lat=0.0, lon=0.0
[LIVE] udp=0.0/s, objs=0.0/s, last_udp=166.05s, meas=1, tracks=8, valid=0, master=153
[GPS] GGA fix_quality=0, num_sats=00, hdop=9999.0, lat=0.0, lon=0.0
[LIVE] udp=0.0/s, objs=0.0/s, last_udp=167.05s, meas=1, tracks=8, valid=0, master=153
[GPS] GGA fix_quality=0, num_sats=00, hdop=9999.0, lat=0.0, lon=0.0
[LIVE] udp=0.0/s, objs=0.0/s, last_udp=168.06s, meas=1, tracks=8, valid=0, master=153
[GPS] GGA fix_quality=0, num_sats=00, hdop=9999.0, lat=0.0, lon=0.0
[LIVE] udp=0.0/s, objs=0.0/s, last_udp=169.06s, meas=1, tracks=8, valid=0, master=153
[LIVE] udp=0.0/s, objs=0.0/s, last_udp=170.06s, meas=1, tracks=8, valid=0, master=153
[LIVE] udp=0.0/s, objs=0.0/s, last_udp=171.06s, meas=1, tracks=8, valid=0, master=153
[LIVE] udp=0.0/s, objs=0.0/s, last_udp=172.06s, meas=1, tracks=8, valid=0, master=153
[LIVE] udp=0.0/s, objs=0.0/s, last_udp=173.07s, meas=1, tracks=8, valid=0, master=153
[GPS] GGA fix_quality=0, num_sats=00, hdop=9999.0, lat=0.0, lon=0.0
[LIVE] udp=0.0/s, objs=0.0/s, last_udp=174.07s, meas=1, tracks=8, valid=0, master=153
[GPS] GGA fix_quality=0, num_sats=00, hdop=9999.0, lat=0.0, lon=0.0
[LIVE] udp=0.0/s, objs=0.0/s, last_udp=175.07s, meas=1, tracks=8, valid=0, master=153
[GPS] GGA fix_quality=0, num_sats=00, hdop=9999.0, lat=0.0, lon=0.0
[LIVE] udp=0.0/s, objs=0.0/s, last_udp=176.07s, meas=1, tracks=8, valid=0, master=153
[GPS] GGA fix_quality=0, num_sats=00, hdop=9999.0, lat=0.0, lon=0.0
[LIVE] udp=0.0/s, objs=0.0/s, last_udp=177.08s, meas=1, tracks=8, valid=0, master=153
[GPS] GGA fix_quality=0, num_sats=00, hdop=9999.0, lat=0.0, lon=0.0
[LIVE] udp=0.0/s, objs=0.0/s, last_udp=178.08s, meas=1, tracks=8, valid=0, master=153
[GPS] GGA fix_quality=0, num_sats=00, hdop=9999.0, lat=0.0, lon=0.0
[LIVE] udp=0.0/s, objs=0.0/s, last_udp=179.08s, meas=1, tracks=8, valid=0, master=153
[LIVE] udp=0.0/s, objs=0.0/s, last_udp=180.08s, meas=1, tracks=8, valid=0, master=153
[LIVE] udp=0.0/s, objs=0.0/s, last_udp=181.08s, meas=1, tracks=8, valid=0, master=153
[LIVE] udp=0.0/s, objs=0.0/s, last_udp=182.09s, meas=1, tracks=8, valid=0, master=153
[LIVE] udp=0.0/s, objs=0.0/s, last_udp=183.09s, meas=1, tracks=8, valid=0, master=153
[GPS] GGA fix_quality=0, num_sats=00, hdop=9999.0, lat=0.0, lon=0.0
[LIVE] udp=0.0/s, objs=0.0/s, last_udp=184.09s, meas=1, tracks=8, valid=0, master=153
[GPS] GGA fix_quality=0, num_sats=00, hdop=9999.0, lat=0.0, lon=0.0
[LIVE] udp=0.0/s, objs=0.0/s, last_udp=185.09s, meas=1, tracks=8, valid=0, master=153
[GPS] GGA fix_quality=0, num_sats=00, hdop=9999.0, lat=0.0, lon=0.0
[LIVE] udp=0.0/s, objs=0.0/s, last_udp=186.10s, meas=1, tracks=8, valid=0, master=153
[GPS] GGA fix_quality=0, num_sats=00, hdop=9999.0, lat=0.0, lon=0.0
[LIVE] udp=0.0/s, objs=0.0/s, last_udp=187.10s, meas=1, tracks=8, valid=0, master=153
[GPS] GGA fix_quality=0, num_sats=00, hdop=9999.0, lat=0.0, lon=0.0
[LIVE] udp=0.0/s, objs=0.0/s, last_udp=188.10s, meas=1, tracks=8, valid=0, master=153
[GPS] GGA fix_quality=0, num_sats=00, hdop=9999.0, lat=0.0, lon=0.0
[LIVE] udp=0.0/s, objs=0.0/s, last_udp=189.11s, meas=1, tracks=8, valid=0, master=153
[LIVE] udp=0.0/s, objs=0.0/s, last_udp=190.11s, meas=1, tracks=8, valid=0, master=153
[LIVE] udp=0.0/s, objs=0.0/s, last_udp=191.11s, meas=1, tracks=8, valid=0, master=153
[LIVE] udp=0.0/s, objs=0.0/s, last_udp=192.11s, meas=1, tracks=8, valid=0, master=153
[LIVE] udp=0.0/s, objs=0.0/s, last_udp=193.12s, meas=1, tracks=8, valid=0, master=153
[GPS] GGA fix_quality=0, num_sats=00, hdop=9999.0, lat=0.0, lon=0.0
[LIVE] udp=0.0/s, objs=0.0/s, last_udp=194.12s, meas=1, tracks=8, valid=0, master=153
[GPS] GGA fix_quality=0, num_sats=00, hdop=9999.0, lat=0.0, lon=0.0
[LIVE] udp=0.0/s, objs=0.0/s, last_udp=195.12s, meas=1, tracks=8, valid=0, master=153
[GPS] GGA fix_quality=0, num_sats=00, hdop=9999.0, lat=0.0, lon=0.0
[LIVE] udp=0.0/s, objs=0.0/s, last_udp=196.13s, meas=1, tracks=8, valid=0, master=153
[GPS] GGA fix_quality=0, num_sats=00, hdop=9999.0, lat=0.0, lon=0.0
[LIVE] udp=0.0/s, objs=0.0/s, last_udp=197.13s, meas=1, tracks=8, valid=0, master=153
[GPS] GGA fix_quality=0, num_sats=00, hdop=9999.0, lat=0.0, lon=0.0
[LIVE] udp=0.0/s, objs=0.0/s, last_udp=198.13s, meas=1, tracks=8, valid=0, master=153
[GPS] GGA fix_quality=0, num_sats=00, hdop=9999.0, lat=0.0, lon=0.0
[LIVE] udp=0.0/s, objs=0.0/s, last_udp=199.14s, meas=1, tracks=8, valid=0, master=153
[LIVE] udp=0.0/s, objs=0.0/s, last_udp=200.14s, meas=1, tracks=8, valid=0, master=153
[LIVE] udp=0.0/s, objs=0.0/s, last_udp=201.14s, meas=1, tracks=8, valid=0, master=153
[LIVE] udp=0.0/s, objs=0.0/s, last_udp=202.15s, meas=1, tracks=8, valid=0, master=153
[LIVE] udp=0.0/s, objs=0.0/s, last_udp=203.15s, meas=1, tracks=8, valid=0, master=153
[GPS] GGA fix_quality=0, num_sats=00, hdop=9999.0, lat=0.0, lon=0.0
[LIVE] udp=0.0/s, objs=0.0/s, last_udp=204.15s, meas=1, tracks=8, valid=0, master=153
[GPS] GGA fix_quality=0, num_sats=00, hdop=9999.0, lat=0.0, lon=0.0
[LIVE] udp=0.0/s, objs=0.0/s, last_udp=205.15s, meas=1, tracks=8, valid=0, master=153
[GPS] GGA fix_quality=0, num_sats=00, hdop=9999.0, lat=0.0, lon=0.0
[LIVE] udp=0.0/s, objs=0.0/s, last_udp=206.16s, meas=1, tracks=8, valid=0, master=153
[GPS] GGA fix_quality=0, num_sats=00, hdop=9999.0, lat=0.0, lon=0.0
[LIVE] udp=0.0/s, objs=0.0/s, last_udp=207.16s, meas=1, tracks=8, valid=0, master=153
[GPS] GGA fix_quality=0, num_sats=00, hdop=9999.0, lat=0.0, lon=0.0
[LIVE] udp=0.0/s, objs=0.0/s, last_udp=208.16s, meas=1, tracks=8, valid=0, master=153
[GPS] GGA fix_quality=0, num_sats=00, hdop=9999.0, lat=0.0, lon=0.0
[LIVE] udp=0.0/s, objs=0.0/s, last_udp=209.16s, meas=1, tracks=8, valid=0, master=153
[LIVE] udp=0.0/s, objs=0.0/s, last_udp=210.16s, meas=1, tracks=8, valid=0, master=153
[LIVE] udp=0.0/s, objs=0.0/s, last_udp=211.16s, meas=1, tracks=8, valid=0, master=153
[LIVE] udp=0.0/s, objs=0.0/s, last_udp=212.17s, meas=1, tracks=8, valid=0, master=153
[LIVE] udp=0.0/s, objs=0.0/s, last_udp=213.17s, meas=1, tracks=8, valid=0, master=153
[GPS] GGA fix_quality=0, num_sats=00, hdop=9999.0, lat=0.0, lon=0.0
[LIVE] udp=0.0/s, objs=0.0/s, last_udp=214.17s, meas=1, tracks=8, valid=0, master=153
[GPS] GGA fix_quality=0, num_sats=00, hdop=9999.0, lat=0.0, lon=0.0
[LIVE] udp=0.0/s, objs=0.0/s, last_udp=215.18s, meas=1, tracks=8, valid=0, master=153
[GPS] GGA fix_quality=0, num_sats=00, hdop=9999.0, lat=0.0, lon=0.0
[LIVE] udp=0.0/s, objs=0.0/s, last_udp=216.18s, meas=1, tracks=8, valid=0, master=153
[GPS] GGA fix_quality=0, num_sats=00, hdop=9999.0, lat=0.0, lon=0.0
[LIVE] udp=0.0/s, objs=0.0/s, last_udp=217.18s, meas=1, tracks=8, valid=0, master=153
[GPS] GGA fix_quality=0, num_sats=00, hdop=9999.0, lat=0.0, lon=0.0
[LIVE] udp=0.0/s, objs=0.0/s, last_udp=218.19s, meas=1, tracks=8, valid=0, master=153
[GPS] GGA fix_quality=0, num_sats=00, hdop=9999.0, lat=0.0, lon=0.0
[LIVE] udp=0.0/s, objs=0.0/s, last_udp=219.19s, meas=1, tracks=8, valid=0, master=153
[LIVE] udp=0.0/s, objs=0.0/s, last_udp=220.19s, meas=1, tracks=8, valid=0, master=153
[LIVE] udp=0.0/s, objs=0.0/s, last_udp=221.19s, meas=1, tracks=8, valid=0, master=153
[LIVE] udp=0.0/s, objs=0.0/s, last_udp=222.19s, meas=1, tracks=8, valid=0, master=153
[LIVE] udp=0.0/s, objs=0.0/s, last_udp=223.20s, meas=1, tracks=8, valid=0, master=153
[GPS] GGA fix_quality=0, num_sats=00, hdop=9999.0, lat=0.0, lon=0.0
[LIVE] udp=0.0/s, objs=0.0/s, last_udp=224.20s, meas=1, tracks=8, valid=0, master=153
[GPS] GGA fix_quality=0, num_sats=00, hdop=9999.0, lat=0.0, lon=0.0
[LIVE] udp=0.0/s, objs=0.0/s, last_udp=225.20s, meas=1, tracks=8, valid=0, master=153
[GPS] GGA fix_quality=0, num_sats=00, hdop=9999.0, lat=0.0, lon=0.0
[LIVE] udp=0.0/s, objs=0.0/s, last_udp=226.20s, meas=1, tracks=8, valid=0, master=153
[GPS] GGA fix_quality=0, num_sats=00, hdop=9999.0, lat=0.0, lon=0.0
[LIVE] udp=0.0/s, objs=0.0/s, last_udp=227.21s, meas=1, tracks=8, valid=0, master=153
[GPS] GGA fix_quality=0, num_sats=00, hdop=9999.0, lat=0.0, lon=0.0
[LIVE] udp=0.0/s, objs=0.0/s, last_udp=228.21s, meas=1, tracks=8, valid=0, master=153
[GPS] GGA fix_quality=0, num_sats=00, hdop=9999.0, lat=0.0, lon=0.0
[LIVE] udp=0.0/s, objs=0.0/s, last_udp=229.21s, meas=1, tracks=8, valid=0, master=153
[LIVE] udp=0.0/s, objs=0.0/s, last_udp=230.21s, meas=1, tracks=8, valid=0, master=153
[LIVE] udp=0.0/s, objs=0.0/s, last_udp=231.22s, meas=1, tracks=8, valid=0, master=153
[LIVE] udp=0.0/s, objs=0.0/s, last_udp=232.22s, meas=1, tracks=8, valid=0, master=153
[LIVE] udp=0.0/s, objs=0.0/s, last_udp=233.22s, meas=1, tracks=8, valid=0, master=153
[GPS] GGA fix_quality=0, num_sats=00, hdop=9999.0, lat=0.0, lon=0.0
[LIVE] udp=0.0/s, objs=0.0/s, last_udp=234.22s, meas=1, tracks=8, valid=0, master=153
[GPS] GGA fix_quality=0, num_sats=00, hdop=9999.0, lat=0.0, lon=0.0
[LIVE] udp=0.0/s, objs=0.0/s, last_udp=235.23s, meas=1, tracks=8, valid=0, master=153
[GPS] GGA fix_quality=0, num_sats=00, hdop=9999.0, lat=0.0, lon=0.0
[LIVE] udp=0.0/s, objs=0.0/s, last_udp=236.23s, meas=1, tracks=8, valid=0, master=153
[GPS] GGA fix_quality=0, num_sats=00, hdop=9999.0, lat=0.0, lon=0.0
[LIVE] udp=0.0/s, objs=0.0/s, last_udp=237.23s, meas=1, tracks=8, valid=0, master=153
[GPS] GGA fix_quality=0, num_sats=00, hdop=9999.0, lat=0.0, lon=0.0
[LIVE] udp=0.0/s, objs=0.0/s, last_udp=238.24s, meas=1, tracks=8, valid=0, master=153
[GPS] GGA fix_quality=0, num_sats=00, hdop=9999.0, lat=0.0, lon=0.0
[LIVE] udp=0.0/s, objs=0.0/s, last_udp=239.24s, meas=1, tracks=8, valid=0, master=153
[LIVE] udp=0.0/s, objs=0.0/s, last_udp=240.24s, meas=1, tracks=8, valid=0, master=153
[LIVE] udp=0.0/s, objs=0.0/s, last_udp=241.24s, meas=1, tracks=8, valid=0, master=153
[LIVE] udp=0.0/s, objs=0.0/s, last_udp=242.24s, meas=1, tracks=8, valid=0, master=153
[LIVE] udp=0.0/s, objs=0.0/s, last_udp=243.24s, meas=1, tracks=8, valid=0, master=153
[GPS] GGA fix_quality=0, num_sats=00, hdop=9999.0, lat=0.0, lon=0.0
[LIVE] udp=0.0/s, objs=0.0/s, last_udp=244.25s, meas=1, tracks=8, valid=0, master=153
[GPS] GGA fix_quality=0, num_sats=00, hdop=9999.0, lat=0.0, lon=0.0
[LIVE] udp=0.0/s, objs=0.0/s, last_udp=245.25s, meas=1, tracks=8, valid=0, master=153
[GPS] GGA fix_quality=0, num_sats=00, hdop=9999.0, lat=0.0, lon=0.0
[LIVE] udp=0.0/s, objs=0.0/s, last_udp=246.25s, meas=1, tracks=8, valid=0, master=153
[GPS] GGA fix_quality=0, num_sats=00, hdop=9999.0, lat=0.0, lon=0.0
[LIVE] udp=0.0/s, objs=0.0/s, last_udp=247.25s, meas=1, tracks=8, valid=0, master=153
[GPS] GGA fix_quality=0, num_sats=00, hdop=9999.0, lat=0.0, lon=0.0
[LIVE] udp=0.0/s, objs=0.0/s, last_udp=248.25s, meas=1, tracks=8, valid=0, master=153
[GPS] GGA fix_quality=0, num_sats=00, hdop=9999.0, lat=0.0, lon=0.0
[LIVE] udp=0.0/s, objs=0.0/s, last_udp=249.26s, meas=1, tracks=8, valid=0, master=153
[LIVE] udp=0.0/s, objs=0.0/s, last_udp=250.26s, meas=1, tracks=8, valid=0, master=153
[LIVE] udp=0.0/s, objs=0.0/s, last_udp=251.26s, meas=1, tracks=8, valid=0, master=153
[LIVE] udp=0.0/s, objs=0.0/s, last_udp=252.27s, meas=1, tracks=8, valid=0, master=153
[LIVE] udp=0.0/s, objs=0.0/s, last_udp=253.27s, meas=1, tracks=8, valid=0, master=153
[GPS] GGA fix_quality=0, num_sats=00, hdop=9999.0, lat=0.0, lon=0.0
[LIVE] udp=0.0/s, objs=0.0/s, last_udp=254.28s, meas=1, tracks=8, valid=0, master=153
[GPS] GGA fix_quality=0, num_sats=00, hdop=9999.0, lat=0.0, lon=0.0
[LIVE] udp=0.0/s, objs=0.0/s, last_udp=255.28s, meas=1, tracks=8, valid=0, master=153
[GPS] GGA fix_quality=0, num_sats=00, hdop=9999.0, lat=0.0, lon=0.0
[LIVE] udp=0.0/s, objs=0.0/s, last_udp=256.28s, meas=1, tracks=8, valid=0, master=153
[GPS] GGA fix_quality=0, num_sats=00, hdop=9999.0, lat=0.0, lon=0.0
[LIVE] udp=0.0/s, objs=0.0/s, last_udp=257.28s, meas=1, tracks=8, valid=0, master=153
[GPS] GGA fix_quality=0, num_sats=00, hdop=9999.0, lat=0.0, lon=0.0
[LIVE] udp=0.0/s, objs=0.0/s, last_udp=258.29s, meas=1, tracks=8, valid=0, master=153
[GPS] GGA fix_quality=0, num_sats=00, hdop=9999.0, lat=0.0, lon=0.0
[LIVE] udp=0.0/s, objs=0.0/s, last_udp=259.29s, meas=1, tracks=8, valid=0, master=153
[LIVE] udp=0.0/s, objs=0.0/s, last_udp=260.29s, meas=1, tracks=8, valid=0, master=153
[LIVE] udp=0.0/s, objs=0.0/s, last_udp=261.29s, meas=1, tracks=8, valid=0, master=153
[LIVE] udp=0.0/s, objs=0.0/s, last_udp=262.30s, meas=1, tracks=8, valid=0, master=153
[LIVE] udp=0.0/s, objs=0.0/s, last_udp=263.30s, meas=1, tracks=8, valid=0, master=153
[GPS] GGA fix_quality=0, num_sats=00, hdop=9999.0, lat=0.0, lon=0.0
[LIVE] udp=0.0/s, objs=0.0/s, last_udp=264.30s, meas=1, tracks=8, valid=0, master=153
[GPS] GGA fix_quality=0, num_sats=00, hdop=9999.0, lat=0.0, lon=0.0
[LIVE] udp=0.0/s, objs=0.0/s, last_udp=265.30s, meas=1, tracks=8, valid=0, master=153
[GPS] GGA fix_quality=0, num_sats=00, hdop=9999.0, lat=0.0, lon=0.0
[LIVE] udp=0.0/s, objs=0.0/s, last_udp=266.30s, meas=1, tracks=8, valid=0, master=153
[GPS] GGA fix_quality=0, num_sats=00, hdop=9999.0, lat=0.0, lon=0.0
[LIVE] udp=0.0/s, objs=0.0/s, last_udp=267.31s, meas=1, tracks=8, valid=0, master=153
[GPS] GGA fix_quality=0, num_sats=00, hdop=9999.0, lat=0.0, lon=0.0
[LIVE] udp=0.0/s, objs=0.0/s, last_udp=268.31s, meas=1, tracks=8, valid=0, master=153
[GPS] GGA fix_quality=0, num_sats=00, hdop=9999.0, lat=0.0, lon=0.0
[LIVE] udp=0.0/s, objs=0.0/s, last_udp=269.31s, meas=1, tracks=8, valid=0, master=153
[LIVE] udp=0.0/s, objs=0.0/s, last_udp=270.31s, meas=1, tracks=8, valid=0, master=153
[LIVE] udp=0.0/s, objs=0.0/s, last_udp=271.32s, meas=1, tracks=8, valid=0, master=153
[LIVE] udp=0.0/s, objs=0.0/s, last_udp=272.32s, meas=1, tracks=8, valid=0, master=153
[LIVE] udp=0.0/s, objs=0.0/s, last_udp=273.32s, meas=1, tracks=8, valid=0, master=153
[GPS] GGA fix_quality=0, num_sats=00, hdop=9999.0, lat=0.0, lon=0.0
[LIVE] udp=0.0/s, objs=0.0/s, last_udp=274.32s, meas=1, tracks=8, valid=0, master=153
[GPS] GGA fix_quality=0, num_sats=00, hdop=9999.0, lat=0.0, lon=0.0
[LIVE] udp=0.0/s, objs=0.0/s, last_udp=275.33s, meas=1, tracks=8, valid=0, master=153
[GPS] GGA fix_quality=0, num_sats=00, hdop=9999.0, lat=0.0, lon=0.0
[LIVE] udp=0.0/s, objs=0.0/s, last_udp=276.33s, meas=1, tracks=8, valid=0, master=153
[GPS] GGA fix_quality=0, num_sats=00, hdop=9999.0, lat=0.0, lon=0.0
[LIVE] udp=0.0/s, objs=0.0/s, last_udp=277.33s, meas=1, tracks=8, valid=0, master=153
[GPS] GGA fix_quality=0, num_sats=00, hdop=9999.0, lat=0.0, lon=0.0
[LIVE] udp=0.0/s, objs=0.0/s, last_udp=278.33s, meas=1, tracks=8, valid=0, master=153
[GPS] GGA fix_quality=0, num_sats=00, hdop=9999.0, lat=0.0, lon=0.0
[LIVE] udp=0.0/s, objs=0.0/s, last_udp=279.33s, meas=1, tracks=8, valid=0, master=153
[LIVE] udp=0.0/s, objs=0.0/s, last_udp=280.33s, meas=1, tracks=8, valid=0, master=153
[LIVE] udp=0.0/s, objs=0.0/s, last_udp=281.33s, meas=1, tracks=8, valid=0, master=153
[LIVE] udp=0.0/s, objs=0.0/s, last_udp=282.34s, meas=1, tracks=8, valid=0, master=153
[LIVE] udp=0.0/s, objs=0.0/s, last_udp=283.34s, meas=1, tracks=8, valid=0, master=153
[GPS] GGA fix_quality=0, num_sats=00, hdop=9999.0, lat=0.0, lon=0.0
[LIVE] udp=0.0/s, objs=0.0/s, last_udp=284.34s, meas=1, tracks=8, valid=0, master=153
[GPS] GGA fix_quality=0, num_sats=00, hdop=9999.0, lat=0.0, lon=0.0
[LIVE] udp=0.0/s, objs=0.0/s, last_udp=285.34s, meas=1, tracks=8, valid=0, master=153
[GPS] GGA fix_quality=0, num_sats=00, hdop=9999.0, lat=0.0, lon=0.0
[LIVE] udp=0.0/s, objs=0.0/s, last_udp=286.34s, meas=1, tracks=8, valid=0, master=153
[GPS] GGA fix_quality=0, num_sats=00, hdop=9999.0, lat=0.0, lon=0.0
[LIVE] udp=0.0/s, objs=0.0/s, last_udp=287.35s, meas=1, tracks=8, valid=0, master=153
[GPS] GGA fix_quality=0, num_sats=00, hdop=9999.0, lat=0.0, lon=0.0
[LIVE] udp=0.0/s, objs=0.0/s, last_udp=288.35s, meas=1, tracks=8, valid=0, master=153
[GPS] GGA fix_quality=0, num_sats=00, hdop=9999.0, lat=0.0, lon=0.0
[LIVE] udp=0.0/s, objs=0.0/s, last_udp=289.35s, meas=1, tracks=8, valid=0, master=153
[LIVE] udp=0.0/s, objs=0.0/s, last_udp=290.35s, meas=1, tracks=8, valid=0, master=153
[LIVE] udp=0.0/s, objs=0.0/s, last_udp=291.36s, meas=1, tracks=8, valid=0, master=153
[LIVE] udp=0.0/s, objs=0.0/s, last_udp=292.36s, meas=1, tracks=8, valid=0, master=153
[LIVE] udp=0.0/s, objs=0.0/s, last_udp=293.36s, meas=1, tracks=8, valid=0, master=153
[GPS] GGA fix_quality=0, num_sats=00, hdop=9999.0, lat=0.0, lon=0.0
[LIVE] udp=0.0/s, objs=0.0/s, last_udp=294.36s, meas=1, tracks=8, valid=0, master=153
[GPS] GGA fix_quality=0, num_sats=00, hdop=9999.0, lat=0.0, lon=0.0
[LIVE] udp=0.0/s, objs=0.0/s, last_udp=295.36s, meas=1, tracks=8, valid=0, master=153
[GPS] GGA fix_quality=0, num_sats=00, hdop=9999.0, lat=0.0, lon=0.0
[LIVE] udp=0.0/s, objs=0.0/s, last_udp=296.37s, meas=1, tracks=8, valid=0, master=153
[GPS] GGA fix_quality=0, num_sats=00, hdop=9999.0, lat=0.0, lon=0.0
[LIVE] udp=0.0/s, objs=0.0/s, last_udp=297.37s, meas=1, tracks=8, valid=0, master=153
[GPS] GGA fix_quality=0, num_sats=00, hdop=9999.0, lat=0.0, lon=0.0
[LIVE] udp=0.0/s, objs=0.0/s, last_udp=298.37s, meas=1, tracks=8, valid=0, master=153
[GPS] GGA fix_quality=0, num_sats=00, hdop=9999.0, lat=0.0, lon=0.0
[LIVE] udp=0.0/s, objs=0.0/s, last_udp=299.37s, meas=1, tracks=8, valid=0, master=153
[LIVE] udp=0.0/s, objs=0.0/s, last_udp=300.38s, meas=1, tracks=8, valid=0, master=153
[LIVE] udp=0.0/s, objs=0.0/s, last_udp=301.38s, meas=1, tracks=8, valid=0, master=153
[LIVE] udp=0.0/s, objs=0.0/s, last_udp=302.38s, meas=1, tracks=8, valid=0, master=153
[LIVE] udp=0.0/s, objs=0.0/s, last_udp=303.39s, meas=1, tracks=8, valid=0, master=153
[GPS] GGA fix_quality=0, num_sats=00, hdop=9999.0, lat=0.0, lon=0.0
[LIVE] udp=0.0/s, objs=0.0/s, last_udp=304.39s, meas=1, tracks=8, valid=0, master=153
[GPS] GGA fix_quality=0, num_sats=00, hdop=9999.0, lat=0.0, lon=0.0
[LIVE] udp=0.0/s, objs=0.0/s, last_udp=305.40s, meas=1, tracks=8, valid=0, master=153
[GPS] GGA fix_quality=0, num_sats=00, hdop=9999.0, lat=0.0, lon=0.0
[LIVE] udp=0.0/s, objs=0.0/s, last_udp=306.40s, meas=1, tracks=8, valid=0, master=153
[GPS] GGA fix_quality=0, num_sats=00, hdop=9999.0, lat=0.0, lon=0.0
[LIVE] udp=0.0/s, objs=0.0/s, last_udp=307.40s, meas=1, tracks=8, valid=0, master=153
[GPS] GGA fix_quality=0, num_sats=00, hdop=9999.0, lat=0.0, lon=0.0
[LIVE] udp=0.0/s, objs=0.0/s, last_udp=308.40s, meas=1, tracks=8, valid=0, master=153
[GPS] GGA fix_quality=0, num_sats=00, hdop=9999.0, lat=0.0, lon=0.0
[LIVE] udp=0.0/s, objs=0.0/s, last_udp=309.41s, meas=1, tracks=8, valid=0, master=153
[LIVE] udp=0.0/s, objs=0.0/s, last_udp=310.41s, meas=1, tracks=8, valid=0, master=153
[LIVE] udp=0.0/s, objs=0.0/s, last_udp=311.41s, meas=1, tracks=8, valid=0, master=153
[LIVE] udp=0.0/s, objs=0.0/s, last_udp=312.42s, meas=1, tracks=8, valid=0, master=153
[LIVE] udp=0.0/s, objs=0.0/s, last_udp=313.42s, meas=1, tracks=8, valid=0, master=153
[GPS] GGA fix_quality=0, num_sats=00, hdop=9999.0, lat=0.0, lon=0.0
[LIVE] udp=0.0/s, objs=0.0/s, last_udp=314.42s, meas=1, tracks=8, valid=0, master=153
[GPS] GGA fix_quality=0, num_sats=00, hdop=9999.0, lat=0.0, lon=0.0
[LIVE] udp=0.0/s, objs=0.0/s, last_udp=315.42s, meas=1, tracks=8, valid=0, master=153
[GPS] GGA fix_quality=0, num_sats=00, hdop=9999.0, lat=0.0, lon=0.0
[LIVE] udp=0.0/s, objs=0.0/s, last_udp=316.43s, meas=1, tracks=8, valid=0, master=153
[GPS] GGA fix_quality=0, num_sats=00, hdop=9999.0, lat=0.0, lon=0.0
[LIVE] udp=0.0/s, objs=0.0/s, last_udp=317.43s, meas=1, tracks=8, valid=0, master=153
[GPS] GGA fix_quality=0, num_sats=00, hdop=9999.0, lat=0.0, lon=0.0
[LIVE] udp=0.0/s, objs=0.0/s, last_udp=318.43s, meas=1, tracks=8, valid=0, master=153
[GPS] GGA fix_quality=0, num_sats=00, hdop=9999.0, lat=0.0, lon=0.0
[LIVE] udp=0.0/s, objs=0.0/s, last_udp=319.43s, meas=1, tracks=8, valid=0, master=153
[LIVE] udp=0.0/s, objs=0.0/s, last_udp=320.43s, meas=1, tracks=8, valid=0, master=153
[LIVE] udp=0.0/s, objs=0.0/s, last_udp=321.44s, meas=1, tracks=8, valid=0, master=153
[LIVE] udp=0.0/s, objs=0.0/s, last_udp=322.44s, meas=1, tracks=8, valid=0, master=153
[LIVE] udp=0.0/s, objs=0.0/s, last_udp=323.44s, meas=1, tracks=8, valid=0, master=153
[GPS] GGA fix_quality=0, num_sats=00, hdop=9999.0, lat=0.0, lon=0.0
[LIVE] udp=0.0/s, objs=0.0/s, last_udp=324.45s, meas=1, tracks=8, valid=0, master=153
[GPS] GGA fix_quality=0, num_sats=00, hdop=9999.0, lat=0.0, lon=0.0
[LIVE] udp=0.0/s, objs=0.0/s, last_udp=325.45s, meas=1, tracks=8, valid=0, master=153
[GPS] GGA fix_quality=0, num_sats=00, hdop=9999.0, lat=0.0, lon=0.0
[LIVE] udp=0.0/s, objs=0.0/s, last_udp=326.45s, meas=1, tracks=8, valid=0, master=153
[GPS] GGA fix_quality=0, num_sats=00, hdop=9999.0, lat=0.0, lon=0.0
[LIVE] udp=0.0/s, objs=0.0/s, last_udp=327.46s, meas=1, tracks=8, valid=0, master=153
[GPS] GGA fix_quality=0, num_sats=00, hdop=9999.0, lat=0.0, lon=0.0
[LIVE] udp=0.0/s, objs=0.0/s, last_udp=328.46s, meas=1, tracks=8, valid=0, master=153
[GPS] GGA fix_quality=0, num_sats=00, hdop=9999.0, lat=0.0, lon=0.0
[LIVE] udp=0.0/s, objs=0.0/s, last_udp=329.46s, meas=1, tracks=8, valid=0, master=153
[LIVE] udp=0.0/s, objs=0.0/s, last_udp=330.46s, meas=1, tracks=8, valid=0, master=153
[LIVE] udp=0.0/s, objs=0.0/s, last_udp=331.47s, meas=1, tracks=8, valid=0, master=153
[LIVE] udp=0.0/s, objs=0.0/s, last_udp=332.47s, meas=1, tracks=8, valid=0, master=153
[LIVE] udp=0.0/s, objs=0.0/s, last_udp=333.47s, meas=1, tracks=8, valid=0, master=153
[GPS] GGA fix_quality=0, num_sats=00, hdop=9999.0, lat=0.0, lon=0.0
[LIVE] udp=0.0/s, objs=0.0/s, last_udp=334.48s, meas=1, tracks=8, valid=0, master=153
[GPS] GGA fix_quality=0, num_sats=00, hdop=9999.0, lat=0.0, lon=0.0
[LIVE] udp=0.0/s, objs=0.0/s, last_udp=335.48s, meas=1, tracks=8, valid=0, master=153
[GPS] GGA fix_quality=0, num_sats=00, hdop=9999.0, lat=0.0, lon=0.0
[LIVE] udp=0.0/s, objs=0.0/s, last_udp=336.48s, meas=1, tracks=8, valid=0, master=153
[GPS] GGA fix_quality=0, num_sats=00, hdop=9999.0, lat=0.0, lon=0.0
[LIVE] udp=0.0/s, objs=0.0/s, last_udp=337.49s, meas=1, tracks=8, valid=0, master=153
[GPS] GGA fix_quality=0, num_sats=00, hdop=9999.0, lat=0.0, lon=0.0
[LIVE] udp=0.0/s, objs=0.0/s, last_udp=338.49s, meas=1, tracks=8, valid=0, master=153
[GPS] GGA fix_quality=0, num_sats=00, hdop=9999.0, lat=0.0, lon=0.0
[LIVE] udp=0.0/s, objs=0.0/s, last_udp=339.49s, meas=1, tracks=8, valid=0, master=153
[LIVE] udp=0.0/s, objs=0.0/s, last_udp=340.50s, meas=1, tracks=8, valid=0, master=153
[LIVE] udp=0.0/s, objs=0.0/s, last_udp=341.50s, meas=1, tracks=8, valid=0, master=153
[LIVE] udp=0.0/s, objs=0.0/s, last_udp=342.50s, meas=1, tracks=8, valid=0, master=153
[LIVE] udp=0.0/s, objs=0.0/s, last_udp=343.51s, meas=1, tracks=8, valid=0, master=153
[GPS] GGA fix_quality=0, num_sats=00, hdop=9999.0, lat=0.0, lon=0.0
[LIVE] udp=0.0/s, objs=0.0/s, last_udp=344.51s, meas=1, tracks=8, valid=0, master=153
[GPS] GGA fix_quality=0, num_sats=00, hdop=9999.0, lat=0.0, lon=0.0
[LIVE] udp=0.0/s, objs=0.0/s, last_udp=345.51s, meas=1, tracks=8, valid=0, master=153
[GPS] GGA fix_quality=0, num_sats=00, hdop=9999.0, lat=0.0, lon=0.0
[LIVE] udp=0.0/s, objs=0.0/s, last_udp=346.52s, meas=1, tracks=8, valid=0, master=153
[GPS] GGA fix_quality=0, num_sats=00, hdop=9999.0, lat=0.0, lon=0.0
[LIVE] udp=0.0/s, objs=0.0/s, last_udp=347.52s, meas=1, tracks=8, valid=0, master=153
[GPS] GGA fix_quality=0, num_sats=00, hdop=9999.0, lat=0.0, lon=0.0
[LIVE] udp=0.0/s, objs=0.0/s, last_udp=348.52s, meas=1, tracks=8, valid=0, master=153
[GPS] GGA fix_quality=0, num_sats=00, hdop=9999.0, lat=0.0, lon=0.0
[LIVE] udp=0.0/s, objs=0.0/s, last_udp=349.52s, meas=1, tracks=8, valid=0, master=153
[LIVE] udp=0.0/s, objs=0.0/s, last_udp=350.52s, meas=1, tracks=8, valid=0, master=153
[LIVE] udp=0.0/s, objs=0.0/s, last_udp=351.52s, meas=1, tracks=8, valid=0, master=153
[LIVE] udp=0.0/s, objs=0.0/s, last_udp=352.53s, meas=1, tracks=8, valid=0, master=153
[LIVE] udp=0.0/s, objs=0.0/s, last_udp=353.53s, meas=1, tracks=8, valid=0, master=153
[GPS] GGA fix_quality=0, num_sats=00, hdop=9999.0, lat=0.0, lon=0.0
[LIVE] udp=0.0/s, objs=0.0/s, last_udp=354.53s, meas=1, tracks=8, valid=0, master=153
[GPS] GGA fix_quality=0, num_sats=00, hdop=9999.0, lat=0.0, lon=0.0
[LIVE] udp=0.0/s, objs=0.0/s, last_udp=355.53s, meas=1, tracks=8, valid=0, master=153
[GPS] GGA fix_quality=0, num_sats=00, hdop=9999.0, lat=0.0, lon=0.0
[LIVE] udp=0.0/s, objs=0.0/s, last_udp=356.53s, meas=1, tracks=8, valid=0, master=153
[GPS] GGA fix_quality=0, num_sats=00, hdop=9999.0, lat=0.0, lon=0.0
[LIVE] udp=0.0/s, objs=0.0/s, last_udp=357.54s, meas=1, tracks=8, valid=0, master=153
[GPS] GGA fix_quality=0, num_sats=00, hdop=9999.0, lat=0.0, lon=0.0
[LIVE] udp=0.0/s, objs=0.0/s, last_udp=358.54s, meas=1, tracks=8, valid=0, master=153
[GPS] GGA fix_quality=0, num_sats=00, hdop=9999.0, lat=0.0, lon=0.0
[LIVE] udp=0.0/s, objs=0.0/s, last_udp=359.54s, meas=1, tracks=8, valid=0, master=153
[LIVE] udp=0.0/s, objs=0.0/s, last_udp=360.55s, meas=1, tracks=8, valid=0, master=153
[LIVE] udp=0.0/s, objs=0.0/s, last_udp=361.55s, meas=1, tracks=8, valid=0, master=153
[LIVE] udp=0.0/s, objs=0.0/s, last_udp=362.55s, meas=1, tracks=8, valid=0, master=153
[LIVE] udp=0.0/s, objs=0.0/s, last_udp=363.56s, meas=1, tracks=8, valid=0, master=153
[GPS] GGA fix_quality=0, num_sats=00, hdop=9999.0, lat=0.0, lon=0.0
[LIVE] udp=0.0/s, objs=0.0/s, last_udp=364.56s, meas=1, tracks=8, valid=0, master=153
[GPS] GGA fix_quality=0, num_sats=00, hdop=9999.0, lat=0.0, lon=0.0
[LIVE] udp=0.0/s, objs=0.0/s, last_udp=365.56s, meas=1, tracks=8, valid=0, master=153
[GPS] GGA fix_quality=0, num_sats=00, hdop=9999.0, lat=0.0, lon=0.0
[LIVE] udp=0.0/s, objs=0.0/s, last_udp=366.57s, meas=1, tracks=8, valid=0, master=153
[GPS] GGA fix_quality=0, num_sats=00, hdop=9999.0, lat=0.0, lon=0.0
[LIVE] udp=0.0/s, objs=0.0/s, last_udp=367.57s, meas=1, tracks=8, valid=0, master=153
[GPS] GGA fix_quality=0, num_sats=00, hdop=9999.0, lat=0.0, lon=0.0
[LIVE] udp=0.0/s, objs=0.0/s, last_udp=368.57s, meas=1, tracks=8, valid=0, master=153
[GPS] GGA fix_quality=0, num_sats=00, hdop=9999.0, lat=0.0, lon=0.0
[LIVE] udp=0.0/s, objs=0.0/s, last_udp=369.57s, meas=1, tracks=8, valid=0, master=153
[LIVE] udp=0.0/s, objs=0.0/s, last_udp=370.58s, meas=1, tracks=8, valid=0, master=153
[LIVE] udp=0.0/s, objs=0.0/s, last_udp=371.58s, meas=1, tracks=8, valid=0, master=153
[LIVE] udp=0.0/s, objs=0.0/s, last_udp=372.58s, meas=1, tracks=8, valid=0, master=153
[LIVE] udp=0.0/s, objs=0.0/s, last_udp=373.59s, meas=1, tracks=8, valid=0, master=153
[GPS] GGA fix_quality=0, num_sats=00, hdop=9999.0, lat=0.0, lon=0.0
[LIVE] udp=0.0/s, objs=0.0/s, last_udp=374.59s, meas=1, tracks=8, valid=0, master=153
[GPS] GGA fix_quality=0, num_sats=00, hdop=9999.0, lat=0.0, lon=0.0
[LIVE] udp=0.0/s, objs=0.0/s, last_udp=375.59s, meas=1, tracks=8, valid=0, master=153
[GPS] GGA fix_quality=0, num_sats=00, hdop=9999.0, lat=0.0, lon=0.0
[LIVE] udp=0.0/s, objs=0.0/s, last_udp=376.59s, meas=1, tracks=8, valid=0, master=153
[GPS] GGA fix_quality=0, num_sats=00, hdop=9999.0, lat=0.0, lon=0.0
[LIVE] udp=0.0/s, objs=0.0/s, last_udp=377.59s, meas=1, tracks=8, valid=0, master=153
[GPS] GGA fix_quality=0, num_sats=00, hdop=9999.0, lat=0.0, lon=0.0
[LIVE] udp=0.0/s, objs=0.0/s, last_udp=378.59s, meas=1, tracks=8, valid=0, master=153
[GPS] GGA fix_quality=0, num_sats=00, hdop=9999.0, lat=0.0, lon=0.0
[LIVE] udp=0.0/s, objs=0.0/s, last_udp=379.60s, meas=1, tracks=8, valid=0, master=153
[LIVE] udp=0.0/s, objs=0.0/s, last_udp=380.60s, meas=1, tracks=8, valid=0, master=153
[LIVE] udp=0.0/s, objs=0.0/s, last_udp=381.60s, meas=1, tracks=8, valid=0, master=153
[LIVE] udp=0.0/s, objs=0.0/s, last_udp=382.61s, meas=1, tracks=8, valid=0, master=153
[LIVE] udp=0.0/s, objs=0.0/s, last_udp=383.61s, meas=1, tracks=8, valid=0, master=153
[GPS] GGA fix_quality=0, num_sats=00, hdop=9999.0, lat=0.0, lon=0.0
[LIVE] udp=0.0/s, objs=0.0/s, last_udp=384.61s, meas=1, tracks=8, valid=0, master=153
[GPS] GGA fix_quality=0, num_sats=00, hdop=9999.0, lat=0.0, lon=0.0
[LIVE] udp=0.0/s, objs=0.0/s, last_udp=385.62s, meas=1, tracks=8, valid=0, master=153
[GPS] GGA fix_quality=0, num_sats=00, hdop=9999.0, lat=0.0, lon=0.0
[LIVE] udp=0.0/s, objs=0.0/s, last_udp=386.62s, meas=1, tracks=8, valid=0, master=153
[GPS] GGA fix_quality=0, num_sats=00, hdop=9999.0, lat=0.0, lon=0.0
[LIVE] udp=0.0/s, objs=0.0/s, last_udp=387.62s, meas=1, tracks=8, valid=0, master=153
[GPS] GGA fix_quality=0, num_sats=00, hdop=9999.0, lat=0.0, lon=0.0
[LIVE] udp=0.0/s, objs=0.0/s, last_udp=388.63s, meas=1, tracks=8, valid=0, master=153
[GPS] GGA fix_quality=0, num_sats=00, hdop=9999.0, lat=0.0, lon=0.0
[LIVE] udp=0.0/s, objs=0.0/s, last_udp=389.63s, meas=1, tracks=8, valid=0, master=153
[LIVE] udp=0.0/s, objs=0.0/s, last_udp=390.63s, meas=1, tracks=8, valid=0, master=153
[LIVE] udp=0.0/s, objs=0.0/s, last_udp=391.63s, meas=1, tracks=8, valid=0, master=153
[LIVE] udp=0.0/s, objs=0.0/s, last_udp=392.64s, meas=1, tracks=8, valid=0, master=153
[LIVE] udp=0.0/s, objs=0.0/s, last_udp=393.64s, meas=1, tracks=8, valid=0, master=153
[GPS] GGA fix_quality=0, num_sats=00, hdop=9999.0, lat=0.0, lon=0.0
[LIVE] udp=0.0/s, objs=0.0/s, last_udp=394.64s, meas=1, tracks=8, valid=0, master=153
[GPS] GGA fix_quality=0, num_sats=00, hdop=9999.0, lat=0.0, lon=0.0
[LIVE] udp=0.0/s, objs=0.0/s, last_udp=395.65s, meas=1, tracks=8, valid=0, master=153
[GPS] GGA fix_quality=0, num_sats=00, hdop=9999.0, lat=0.0, lon=0.0
[LIVE] udp=0.0/s, objs=0.0/s, last_udp=396.65s, meas=1, tracks=8, valid=0, master=153
[GPS] GGA fix_quality=0, num_sats=00, hdop=9999.0, lat=0.0, lon=0.0
[LIVE] udp=0.0/s, objs=0.0/s, last_udp=397.65s, meas=1, tracks=8, valid=0, master=153
[GPS] GGA fix_quality=0, num_sats=00, hdop=9999.0, lat=0.0, lon=0.0
[LIVE] udp=0.0/s, objs=0.0/s, last_udp=398.65s, meas=1, tracks=8, valid=0, master=153
[GPS] GGA fix_quality=0, num_sats=00, hdop=9999.0, lat=0.0, lon=0.0
[LIVE] udp=0.0/s, objs=0.0/s, last_udp=399.66s, meas=1, tracks=8, valid=0, master=153
[LIVE] udp=0.0/s, objs=0.0/s, last_udp=400.66s, meas=1, tracks=8, valid=0, master=153
[LIVE] udp=0.0/s, objs=0.0/s, last_udp=401.66s, meas=1, tracks=8, valid=0, master=153
[LIVE] udp=0.0/s, objs=0.0/s, last_udp=402.66s, meas=1, tracks=8, valid=0, master=153
[LIVE] udp=0.0/s, objs=0.0/s, last_udp=403.67s, meas=1, tracks=8, valid=0, master=153
[GPS] GGA fix_quality=0, num_sats=00, hdop=9999.0, lat=0.0, lon=0.0
[LIVE] udp=0.0/s, objs=0.0/s, last_udp=404.67s, meas=1, tracks=8, valid=0, master=153
[GPS] GGA fix_quality=0, num_sats=00, hdop=9999.0, lat=0.0, lon=0.0
[LIVE] udp=0.0/s, objs=0.0/s, last_udp=405.67s, meas=1, tracks=8, valid=0, master=153
[GPS] GGA fix_quality=0, num_sats=00, hdop=9999.0, lat=0.0, lon=0.0
[LIVE] udp=0.0/s, objs=0.0/s, last_udp=406.68s, meas=1, tracks=8, valid=0, master=153
[GPS] GGA fix_quality=0, num_sats=00, hdop=9999.0, lat=0.0, lon=0.0
[LIVE] udp=0.0/s, objs=0.0/s, last_udp=407.68s, meas=1, tracks=8, valid=0, master=153
[GPS] GGA fix_quality=0, num_sats=00, hdop=9999.0, lat=0.0, lon=0.0
[LIVE] udp=0.0/s, objs=0.0/s, last_udp=408.68s, meas=1, tracks=8, valid=0, master=153
[GPS] GGA fix_quality=0, num_sats=00, hdop=9999.0, lat=0.0, lon=0.0
[LIVE] udp=0.0/s, objs=0.0/s, last_udp=409.69s, meas=1, tracks=8, valid=0, master=153
[LIVE] udp=0.0/s, objs=0.0/s, last_udp=410.69s, meas=1, tracks=8, valid=0, master=153
[LIVE] udp=0.0/s, objs=0.0/s, last_udp=411.69s, meas=1, tracks=8, valid=0, master=153
[LIVE] udp=0.0/s, objs=0.0/s, last_udp=412.69s, meas=1, tracks=8, valid=0, master=153
[LIVE] udp=0.0/s, objs=0.0/s, last_udp=413.70s, meas=1, tracks=8, valid=0, master=153
[GPS] GGA fix_quality=0, num_sats=00, hdop=9999.0, lat=0.0, lon=0.0
[LIVE] udp=0.0/s, objs=0.0/s, last_udp=414.70s, meas=1, tracks=8, valid=0, master=153
[GPS] GGA fix_quality=0, num_sats=00, hdop=9999.0, lat=0.0, lon=0.0
[LIVE] udp=0.0/s, objs=0.0/s, last_udp=415.70s, meas=1, tracks=8, valid=0, master=153
[GPS] GGA fix_quality=0, num_sats=00, hdop=9999.0, lat=0.0, lon=0.0
[LIVE] udp=0.0/s, objs=0.0/s, last_udp=416.70s, meas=1, tracks=8, valid=0, master=153
[GPS] GGA fix_quality=0, num_sats=00, hdop=9999.0, lat=0.0, lon=0.0
[LIVE] udp=0.0/s, objs=0.0/s, last_udp=417.71s, meas=1, tracks=8, valid=0, master=153
[GPS] GGA fix_quality=0, num_sats=00, hdop=9999.0, lat=0.0, lon=0.0
[LIVE] udp=0.0/s, objs=0.0/s, last_udp=418.71s, meas=1, tracks=8, valid=0, master=153
[GPS] GGA fix_quality=0, num_sats=00, hdop=9999.0, lat=0.0, lon=0.0
[LIVE] udp=0.0/s, objs=0.0/s, last_udp=419.71s, meas=1, tracks=8, valid=0, master=153
[LIVE] udp=0.0/s, objs=0.0/s, last_udp=420.71s, meas=1, tracks=8, valid=0, master=153
[LIVE] udp=0.0/s, objs=0.0/s, last_udp=421.72s, meas=1, tracks=8, valid=0, master=153
[LIVE] udp=0.0/s, objs=0.0/s, last_udp=422.72s, meas=1, tracks=8, valid=0, master=153
[LIVE] udp=0.0/s, objs=0.0/s, last_udp=423.72s, meas=1, tracks=8, valid=0, master=153
[GPS] GGA fix_quality=0, num_sats=00, hdop=9999.0, lat=0.0, lon=0.0
[LIVE] udp=0.0/s, objs=0.0/s, last_udp=424.72s, meas=1, tracks=8, valid=0, master=153
[GPS] GGA fix_quality=0, num_sats=00, hdop=9999.0, lat=0.0, lon=0.0
[LIVE] udp=0.0/s, objs=0.0/s, last_udp=425.73s, meas=1, tracks=8, valid=0, master=153
[GPS] GGA fix_quality=0, num_sats=00, hdop=9999.0, lat=0.0, lon=0.0
[LIVE] udp=0.0/s, objs=0.0/s, last_udp=426.73s, meas=1, tracks=8, valid=0, master=153
[GPS] GGA fix_quality=0, num_sats=00, hdop=9999.0, lat=0.0, lon=0.0
[LIVE] udp=0.0/s, objs=0.0/s, last_udp=427.73s, meas=1, tracks=8, valid=0, master=153
[GPS] GGA fix_quality=0, num_sats=00, hdop=9999.0, lat=0.0, lon=0.0
[LIVE] udp=0.0/s, objs=0.0/s, last_udp=428.73s, meas=1, tracks=8, valid=0, master=153
[GPS] GGA fix_quality=0, num_sats=00, hdop=9999.0, lat=0.0, lon=0.0
[LIVE] udp=0.0/s, objs=0.0/s, last_udp=429.74s, meas=1, tracks=8, valid=0, master=153
[LIVE] udp=0.0/s, objs=0.0/s, last_udp=430.74s, meas=1, tracks=8, valid=0, master=153
[LIVE] udp=0.0/s, objs=0.0/s, last_udp=431.74s, meas=1, tracks=8, valid=0, master=153
[LIVE] udp=0.0/s, objs=0.0/s, last_udp=432.75s, meas=1, tracks=8, valid=0, master=153
[LIVE] udp=0.0/s, objs=0.0/s, last_udp=433.75s, meas=1, tracks=8, valid=0, master=153
[GPS] GGA fix_quality=0, num_sats=00, hdop=9999.0, lat=0.0, lon=0.0
[LIVE] udp=0.0/s, objs=0.0/s, last_udp=434.75s, meas=1, tracks=8, valid=0, master=153
[GPS] GGA fix_quality=0, num_sats=00, hdop=9999.0, lat=0.0, lon=0.0
[LIVE] udp=0.0/s, objs=0.0/s, last_udp=435.75s, meas=1, tracks=8, valid=0, master=153
[GPS] GGA fix_quality=0, num_sats=00, hdop=9999.0, lat=0.0, lon=0.0
[LIVE] udp=0.0/s, objs=0.0/s, last_udp=436.75s, meas=1, tracks=8, valid=0, master=153
[GPS] GGA fix_quality=0, num_sats=00, hdop=9999.0, lat=0.0, lon=0.0
[LIVE] udp=0.0/s, objs=0.0/s, last_udp=437.76s, meas=1, tracks=8, valid=0, master=153
[GPS] GGA fix_quality=0, num_sats=00, hdop=9999.0, lat=0.0, lon=0.0
[LIVE] udp=0.0/s, objs=0.0/s, last_udp=438.76s, meas=1, tracks=8, valid=0, master=153
[GPS] GGA fix_quality=0, num_sats=00, hdop=9999.0, lat=0.0, lon=0.0
[LIVE] udp=0.0/s, objs=0.0/s, last_udp=439.77s, meas=1, tracks=8, valid=0, master=153
[LIVE] udp=0.0/s, objs=0.0/s, last_udp=440.77s, meas=1, tracks=8, valid=0, master=153
[LIVE] udp=0.0/s, objs=0.0/s, last_udp=441.77s, meas=1, tracks=8, valid=0, master=153
[LIVE] udp=0.0/s, objs=0.0/s, last_udp=442.78s, meas=1, tracks=8, valid=0, master=153
[LIVE] udp=0.0/s, objs=0.0/s, last_udp=443.78s, meas=1, tracks=8, valid=0, master=153
[GPS] GGA fix_quality=0, num_sats=00, hdop=9999.0, lat=0.0, lon=0.0
[LIVE] udp=0.0/s, objs=0.0/s, last_udp=444.78s, meas=1, tracks=8, valid=0, master=153
[GPS] GGA fix_quality=0, num_sats=00, hdop=9999.0, lat=0.0, lon=0.0
[LIVE] udp=0.0/s, objs=0.0/s, last_udp=445.79s, meas=1, tracks=8, valid=0, master=153
[GPS] GGA fix_quality=0, num_sats=00, hdop=9999.0, lat=0.0, lon=0.0
[LIVE] udp=0.0/s, objs=0.0/s, last_udp=446.79s, meas=1, tracks=8, valid=0, master=153
[GPS] GGA fix_quality=0, num_sats=00, hdop=9999.0, lat=0.0, lon=0.0
[LIVE] udp=0.0/s, objs=0.0/s, last_udp=447.79s, meas=1, tracks=8, valid=0, master=153
[GPS] GGA fix_quality=0, num_sats=00, hdop=9999.0, lat=0.0, lon=0.0
[LIVE] udp=0.0/s, objs=0.0/s, last_udp=448.79s, meas=1, tracks=8, valid=0, master=153
[GPS] GGA fix_quality=0, num_sats=00, hdop=9999.0, lat=0.0, lon=0.0
[LIVE] udp=0.0/s, objs=0.0/s, last_udp=449.80s, meas=1, tracks=8, valid=0, master=153
[LIVE] udp=0.0/s, objs=0.0/s, last_udp=450.80s, meas=1, tracks=8, valid=0, master=153
[LIVE] udp=0.0/s, objs=0.0/s, last_udp=451.80s, meas=1, tracks=8, valid=0, master=153
[LIVE] udp=0.0/s, objs=0.0/s, last_udp=452.81s, meas=1, tracks=8, valid=0, master=153
[LIVE] udp=0.0/s, objs=0.0/s, last_udp=453.81s, meas=1, tracks=8, valid=0, master=153
[GPS] GGA fix_quality=0, num_sats=00, hdop=9999.0, lat=0.0, lon=0.0
[LIVE] udp=0.0/s, objs=0.0/s, last_udp=454.81s, meas=1, tracks=8, valid=0, master=153
[GPS] GGA fix_quality=0, num_sats=00, hdop=9999.0, lat=0.0, lon=0.0
[LIVE] udp=0.0/s, objs=0.0/s, last_udp=455.82s, meas=1, tracks=8, valid=0, master=153
[GPS] GGA fix_quality=0, num_sats=00, hdop=9999.0, lat=0.0, lon=0.0
[LIVE] udp=0.0/s, objs=0.0/s, last_udp=456.82s, meas=1, tracks=8, valid=0, master=153
[GPS] GGA fix_quality=0, num_sats=00, hdop=9999.0, lat=0.0, lon=0.0
[LIVE] udp=0.0/s, objs=0.0/s, last_udp=457.83s, meas=1, tracks=8, valid=0, master=153
[GPS] GGA fix_quality=0, num_sats=00, hdop=9999.0, lat=0.0, lon=0.0
[LIVE] udp=0.0/s, objs=0.0/s, last_udp=458.83s, meas=1, tracks=8, valid=0, master=153
[GPS] GGA fix_quality=0, num_sats=00, hdop=9999.0, lat=0.0, lon=0.0
[LIVE] udp=0.0/s, objs=0.0/s, last_udp=459.83s, meas=1, tracks=8, valid=0, master=153
[LIVE] udp=0.0/s, objs=0.0/s, last_udp=460.83s, meas=1, tracks=8, valid=0, master=153
[LIVE] udp=0.0/s, objs=0.0/s, last_udp=461.83s, meas=1, tracks=8, valid=0, master=153
[LIVE] udp=0.0/s, objs=0.0/s, last_udp=462.83s, meas=1, tracks=8, valid=0, master=153
[LIVE] udp=0.0/s, objs=0.0/s, last_udp=463.84s, meas=1, tracks=8, valid=0, master=153
[GPS] GGA fix_quality=0, num_sats=00, hdop=9999.0, lat=0.0, lon=0.0
[LIVE] udp=0.0/s, objs=0.0/s, last_udp=464.84s, meas=1, tracks=8, valid=0, master=153
[GPS] GGA fix_quality=0, num_sats=00, hdop=9999.0, lat=0.0, lon=0.0
[LIVE] udp=0.0/s, objs=0.0/s, last_udp=465.85s, meas=1, tracks=8, valid=0, master=153
[GPS] GGA fix_quality=0, num_sats=00, hdop=9999.0, lat=0.0, lon=0.0
[LIVE] udp=0.0/s, objs=0.0/s, last_udp=466.85s, meas=1, tracks=8, valid=0, master=153
[GPS] GGA fix_quality=0, num_sats=00, hdop=9999.0, lat=0.0, lon=0.0
[LIVE] udp=0.0/s, objs=0.0/s, last_udp=467.85s, meas=1, tracks=8, valid=0, master=153
[GPS] GGA fix_quality=0, num_sats=00, hdop=9999.0, lat=0.0, lon=0.0
[LIVE] udp=0.0/s, objs=0.0/s, last_udp=468.85s, meas=1, tracks=8, valid=0, master=153
[GPS] GGA fix_quality=0, num_sats=00, hdop=9999.0, lat=0.0, lon=0.0
[LIVE] udp=0.0/s, objs=0.0/s, last_udp=469.86s, meas=1, tracks=8, valid=0, master=153
[LIVE] udp=0.0/s, objs=0.0/s, last_udp=470.86s, meas=1, tracks=8, valid=0, master=153
[LIVE] udp=0.0/s, objs=0.0/s, last_udp=471.86s, meas=1, tracks=8, valid=0, master=153
[LIVE] udp=0.0/s, objs=0.0/s, last_udp=472.86s, meas=1, tracks=8, valid=0, master=153
[GPS] GGA fix_quality=0, num_sats=00, hdop=9999.0, lat=0.0, lon=0.0
[LIVE] udp=0.0/s, objs=0.0/s, last_udp=473.87s, meas=1, tracks=8, valid=0, master=153
[GPS] GGA fix_quality=0, num_sats=00, hdop=9999.0, lat=0.0, lon=0.0
[LIVE] udp=0.0/s, objs=0.0/s, last_udp=474.87s, meas=1, tracks=8, valid=0, master=153
[GPS] GGA fix_quality=0, num_sats=00, hdop=9999.0, lat=0.0, lon=0.0
[LIVE] udp=0.0/s, objs=0.0/s, last_udp=475.87s, meas=1, tracks=8, valid=0, master=153
[GPS] GGA fix_quality=0, num_sats=00, hdop=9999.0, lat=0.0, lon=0.0
[LIVE] udp=0.0/s, objs=0.0/s, last_udp=476.88s, meas=1, tracks=8, valid=0, master=153
[GPS] GGA fix_quality=0, num_sats=00, hdop=9999.0, lat=0.0, lon=0.0
[LIVE] udp=0.0/s, objs=0.0/s, last_udp=477.88s, meas=1, tracks=8, valid=0, master=153
[GPS] GGA fix_quality=0, num_sats=00, hdop=9999.0, lat=0.0, lon=0.0
[LIVE] udp=0.0/s, objs=0.0/s, last_udp=478.88s, meas=1, tracks=8, valid=0, master=153
[LIVE] udp=0.0/s, objs=0.0/s, last_udp=479.89s, meas=1, tracks=8, valid=0, master=153
[LIVE] udp=0.0/s, objs=0.0/s, last_udp=480.89s, meas=1, tracks=8, valid=0, master=153
[LIVE] udp=0.0/s, objs=0.0/s, last_udp=481.89s, meas=1, tracks=8, valid=0, master=153
[LIVE] udp=0.0/s, objs=0.0/s, last_udp=482.90s, meas=1, tracks=8, valid=0, master=153
[GPS] GGA fix_quality=0, num_sats=00, hdop=9999.0, lat=0.0, lon=0.0
[LIVE] udp=0.0/s, objs=0.0/s, last_udp=483.90s, meas=1, tracks=8, valid=0, master=153
[GPS] GGA fix_quality=0, num_sats=00, hdop=9999.0, lat=0.0, lon=0.0
[LIVE] udp=0.0/s, objs=0.0/s, last_udp=484.90s, meas=1, tracks=8, valid=0, master=153
[GPS] GGA fix_quality=0, num_sats=00, hdop=9999.0, lat=0.0, lon=0.0
[LIVE] udp=0.0/s, objs=0.0/s, last_udp=485.90s, meas=1, tracks=8, valid=0, master=153
[GPS] GGA fix_quality=0, num_sats=00, hdop=9999.0, lat=0.0, lon=0.0
[LIVE] udp=0.0/s, objs=0.0/s, last_udp=486.90s, meas=1, tracks=8, valid=0, master=153
[GPS] GGA fix_quality=0, num_sats=00, hdop=9999.0, lat=0.0, lon=0.0
[LIVE] udp=0.0/s, objs=0.0/s, last_udp=487.91s, meas=1, tracks=8, valid=0, master=153
[GPS] GGA fix_quality=0, num_sats=00, hdop=9999.0, lat=0.0, lon=0.0
[LIVE] udp=0.0/s, objs=0.0/s, last_udp=488.91s, meas=1, tracks=8, valid=0, master=153
[LIVE] udp=0.0/s, objs=0.0/s, last_udp=489.91s, meas=1, tracks=8, valid=0, master=153
[LIVE] udp=0.0/s, objs=0.0/s, last_udp=490.91s, meas=1, tracks=8, valid=0, master=153
[LIVE] udp=0.0/s, objs=0.0/s, last_udp=491.91s, meas=1, tracks=8, valid=0, master=153
[LIVE] udp=0.0/s, objs=0.0/s, last_udp=492.92s, meas=1, tracks=8, valid=0, master=153
[GPS] GGA fix_quality=0, num_sats=00, hdop=9999.0, lat=0.0, lon=0.0
[LIVE] udp=0.0/s, objs=0.0/s, last_udp=493.92s, meas=1, tracks=8, valid=0, master=153
[GPS] GGA fix_quality=0, num_sats=00, hdop=9999.0, lat=0.0, lon=0.0
[LIVE] udp=0.0/s, objs=0.0/s, last_udp=494.92s, meas=1, tracks=8, valid=0, master=153
[GPS] GGA fix_quality=0, num_sats=00, hdop=9999.0, lat=0.0, lon=0.0
[LIVE] udp=0.0/s, objs=0.0/s, last_udp=495.93s, meas=1, tracks=8, valid=0, master=153
[GPS] GGA fix_quality=0, num_sats=00, hdop=9999.0, lat=0.0, lon=0.0
[LIVE] udp=0.0/s, objs=0.0/s, last_udp=496.93s, meas=1, tracks=8, valid=0, master=153
[GPS] GGA fix_quality=0, num_sats=00, hdop=9999.0, lat=0.0, lon=0.0
[LIVE] udp=0.0/s, objs=0.0/s, last_udp=497.94s, meas=1, tracks=8, valid=0, master=153
[GPS] GGA fix_quality=0, num_sats=00, hdop=9999.0, lat=0.0, lon=0.0
[LIVE] udp=0.0/s, objs=0.0/s, last_udp=498.94s, meas=1, tracks=8, valid=0, master=153
[LIVE] udp=0.0/s, objs=0.0/s, last_udp=499.94s, meas=1, tracks=8, valid=0, master=153
[LIVE] udp=0.0/s, objs=0.0/s, last_udp=500.94s, meas=1, tracks=8, valid=0, master=153
[LIVE] udp=0.0/s, objs=0.0/s, last_udp=501.95s, meas=1, tracks=8, valid=0, master=153
[LIVE] udp=0.0/s, objs=0.0/s, last_udp=502.95s, meas=1, tracks=8, valid=0, master=153
[GPS] GGA fix_quality=0, num_sats=00, hdop=9999.0, lat=0.0, lon=0.0
[LIVE] udp=0.0/s, objs=0.0/s, last_udp=503.95s, meas=1, tracks=8, valid=0, master=153
[GPS] GGA fix_quality=0, num_sats=00, hdop=9999.0, lat=0.0, lon=0.0
[LIVE] udp=0.0/s, objs=0.0/s, last_udp=504.96s, meas=1, tracks=8, valid=0, master=153
[GPS] GGA fix_quality=0, num_sats=00, hdop=9999.0, lat=0.0, lon=0.0
[LIVE] udp=0.0/s, objs=0.0/s, last_udp=505.96s, meas=1, tracks=8, valid=0, master=153
[GPS] GGA fix_quality=0, num_sats=00, hdop=9999.0, lat=0.0, lon=0.0
[LIVE] udp=0.0/s, objs=0.0/s, last_udp=506.96s, meas=1, tracks=8, valid=0, master=153
[GPS] GGA fix_quality=0, num_sats=00, hdop=9999.0, lat=0.0, lon=0.0
[LIVE] udp=0.0/s, objs=0.0/s, last_udp=507.96s, meas=1, tracks=8, valid=0, master=153
[GPS] GGA fix_quality=0, num_sats=00, hdop=9999.0, lat=0.0, lon=0.0
[LIVE] udp=0.0/s, objs=0.0/s, last_udp=508.96s, meas=1, tracks=8, valid=0, master=153
[LIVE] udp=0.0/s, objs=0.0/s, last_udp=509.97s, meas=1, tracks=8, valid=0, master=153
[LIVE] udp=0.0/s, objs=0.0/s, last_udp=510.97s, meas=1, tracks=8, valid=0, master=153
[LIVE] udp=0.0/s, objs=0.0/s, last_udp=511.97s, meas=1, tracks=8, valid=0, master=153
[LIVE] udp=0.0/s, objs=0.0/s, last_udp=512.98s, meas=1, tracks=8, valid=0, master=153
[GPS] GGA fix_quality=0, num_sats=00, hdop=9999.0, lat=0.0, lon=0.0
[LIVE] udp=0.0/s, objs=0.0/s, last_udp=513.98s, meas=1, tracks=8, valid=0, master=153
[GPS] GGA fix_quality=0, num_sats=00, hdop=9999.0, lat=0.0, lon=0.0
[LIVE] udp=0.0/s, objs=0.0/s, last_udp=514.98s, meas=1, tracks=8, valid=0, master=153
[GPS] GGA fix_quality=0, num_sats=00, hdop=9999.0, lat=0.0, lon=0.0
[LIVE] udp=0.0/s, objs=0.0/s, last_udp=515.99s, meas=1, tracks=8, valid=0, master=153
[GPS] GGA fix_quality=0, num_sats=00, hdop=9999.0, lat=0.0, lon=0.0
[LIVE] udp=0.0/s, objs=0.0/s, last_udp=516.99s, meas=1, tracks=8, valid=0, master=153
[GPS] GGA fix_quality=0, num_sats=00, hdop=9999.0, lat=0.0, lon=0.0
[LIVE] udp=0.0/s, objs=0.0/s, last_udp=518.00s, meas=1, tracks=8, valid=0, master=153
[GPS] GGA fix_quality=0, num_sats=00, hdop=9999.0, lat=0.0, lon=0.0
[LIVE] udp=0.0/s, objs=0.0/s, last_udp=519.00s, meas=1, tracks=8, valid=0, master=153
[LIVE] udp=0.0/s, objs=0.0/s, last_udp=520.00s, meas=1, tracks=8, valid=0, master=153
[LIVE] udp=0.0/s, objs=0.0/s, last_udp=521.00s, meas=1, tracks=8, valid=0, master=153
[LIVE] udp=0.0/s, objs=0.0/s, last_udp=522.00s, meas=1, tracks=8, valid=0, master=153
[LIVE] udp=0.0/s, objs=0.0/s, last_udp=523.01s, meas=1, tracks=8, valid=0, master=153
[GPS] GGA fix_quality=0, num_sats=00, hdop=9999.0, lat=0.0, lon=0.0
[LIVE] udp=0.0/s, objs=0.0/s, last_udp=524.01s, meas=1, tracks=8, valid=0, master=153
[GPS] GGA fix_quality=0, num_sats=00, hdop=9999.0, lat=0.0, lon=0.0
[LIVE] udp=0.0/s, objs=0.0/s, last_udp=525.01s, meas=1, tracks=8, valid=0, master=153
[GPS] GGA fix_quality=0, num_sats=00, hdop=9999.0, lat=0.0, lon=0.0
[LIVE] udp=0.0/s, objs=0.0/s, last_udp=526.01s, meas=1, tracks=8, valid=0, master=153
[GPS] GGA fix_quality=0, num_sats=00, hdop=9999.0, lat=0.0, lon=0.0
[LIVE] udp=0.0/s, objs=0.0/s, last_udp=527.01s, meas=1, tracks=8, valid=0, master=153
[GPS] GGA fix_quality=0, num_sats=00, hdop=9999.0, lat=0.0, lon=0.0
[LIVE] udp=0.0/s, objs=0.0/s, last_udp=528.02s, meas=1, tracks=8, valid=0, master=153
[GPS] GGA fix_quality=0, num_sats=00, hdop=9999.0, lat=0.0, lon=0.0
[LIVE] udp=0.0/s, objs=0.0/s, last_udp=529.02s, meas=1, tracks=8, valid=0, master=153
[LIVE] udp=0.0/s, objs=0.0/s, last_udp=530.03s, meas=1, tracks=8, valid=0, master=153
[LIVE] udp=0.0/s, objs=0.0/s, last_udp=531.03s, meas=1, tracks=8, valid=0, master=153
[LIVE] udp=0.0/s, objs=0.0/s, last_udp=532.04s, meas=1, tracks=8, valid=0, master=153
[LIVE] udp=0.0/s, objs=0.0/s, last_udp=533.04s, meas=1, tracks=8, valid=0, master=153
[GPS] GGA fix_quality=0, num_sats=00, hdop=9999.0, lat=0.0, lon=0.0
[LIVE] udp=0.0/s, objs=0.0/s, last_udp=534.04s, meas=1, tracks=8, valid=0, master=153
[GPS] GGA fix_quality=0, num_sats=00, hdop=9999.0, lat=0.0, lon=0.0
[LIVE] udp=0.0/s, objs=0.0/s, last_udp=535.04s, meas=1, tracks=8, valid=0, master=153
[GPS] GGA fix_quality=0, num_sats=00, hdop=9999.0, lat=0.0, lon=0.0
[LIVE] udp=0.0/s, objs=0.0/s, last_udp=536.05s, meas=1, tracks=8, valid=0, master=153
[GPS] GGA fix_quality=0, num_sats=00, hdop=9999.0, lat=0.0, lon=0.0
[LIVE] udp=0.0/s, objs=0.0/s, last_udp=537.05s, meas=1, tracks=8, valid=0, master=153
[GPS] GGA fix_quality=0, num_sats=00, hdop=9999.0, lat=0.0, lon=0.0
[LIVE] udp=0.0/s, objs=0.0/s, last_udp=538.05s, meas=1, tracks=8, valid=0, master=153
[GPS] GGA fix_quality=0, num_sats=00, hdop=9999.0, lat=0.0, lon=0.0
[LIVE] udp=0.0/s, objs=0.0/s, last_udp=539.06s, meas=1, tracks=8, valid=0, master=153
[LIVE] udp=0.0/s, objs=0.0/s, last_udp=540.06s, meas=1, tracks=8, valid=0, master=153
[LIVE] udp=0.0/s, objs=0.0/s, last_udp=541.07s, meas=1, tracks=8, valid=0, master=153
[LIVE] udp=0.0/s, objs=0.0/s, last_udp=542.07s, meas=1, tracks=8, valid=0, master=153
[LIVE] udp=0.0/s, objs=0.0/s, last_udp=543.07s, meas=1, tracks=8, valid=0, master=153
[GPS] GGA fix_quality=0, num_sats=00, hdop=9999.0, lat=0.0, lon=0.0
[LIVE] udp=0.0/s, objs=0.0/s, last_udp=544.07s, meas=1, tracks=8, valid=0, master=153
[GPS] GGA fix_quality=0, num_sats=00, hdop=9999.0, lat=0.0, lon=0.0
[LIVE] udp=0.0/s, objs=0.0/s, last_udp=545.08s, meas=1, tracks=8, valid=0, master=153
[GPS] GGA fix_quality=0, num_sats=00, hdop=9999.0, lat=0.0, lon=0.0
[LIVE] udp=0.0/s, objs=0.0/s, last_udp=546.08s, meas=1, tracks=8, valid=0, master=153
[GPS] GGA fix_quality=0, num_sats=00, hdop=9999.0, lat=0.0, lon=0.0
[LIVE] udp=0.0/s, objs=0.0/s, last_udp=547.09s, meas=1, tracks=8, valid=0, master=153
[GPS] GGA fix_quality=0, num_sats=00, hdop=9999.0, lat=0.0, lon=0.0
[LIVE] udp=0.0/s, objs=0.0/s, last_udp=548.09s, meas=1, tracks=8, valid=0, master=153
[GPS] GGA fix_quality=0, num_sats=00, hdop=9999.0, lat=0.0, lon=0.0
[LIVE] udp=0.0/s, objs=0.0/s, last_udp=549.09s, meas=1, tracks=8, valid=0, master=153
[LIVE] udp=0.0/s, objs=0.0/s, last_udp=550.09s, meas=1, tracks=8, valid=0, master=153
[LIVE] udp=0.0/s, objs=0.0/s, last_udp=551.09s, meas=1, tracks=8, valid=0, master=153
[LIVE] udp=0.0/s, objs=0.0/s, last_udp=552.10s, meas=1, tracks=8, valid=0, master=153
[LIVE] udp=0.0/s, objs=0.0/s, last_udp=553.10s, meas=1, tracks=8, valid=0, master=153
[GPS] GGA fix_quality=0, num_sats=00, hdop=9999.0, lat=0.0, lon=0.0
[LIVE] udp=0.0/s, objs=0.0/s, last_udp=554.10s, meas=1, tracks=8, valid=0, master=153
[GPS] GGA fix_quality=0, num_sats=00, hdop=9999.0, lat=0.0, lon=0.0
[LIVE] udp=0.0/s, objs=0.0/s, last_udp=555.11s, meas=1, tracks=8, valid=0, master=153
[GPS] GGA fix_quality=0, num_sats=00, hdop=9999.0, lat=0.0, lon=0.0
[LIVE] udp=0.0/s, objs=0.0/s, last_udp=556.11s, meas=1, tracks=8, valid=0, master=153
[GPS] GGA fix_quality=0, num_sats=00, hdop=9999.0, lat=0.0, lon=0.0
[LIVE] udp=0.0/s, objs=0.0/s, last_udp=557.11s, meas=1, tracks=8, valid=0, master=153
[GPS] GGA fix_quality=0, num_sats=00, hdop=9999.0, lat=0.0, lon=0.0
[LIVE] udp=0.0/s, objs=0.0/s, last_udp=558.12s, meas=1, tracks=8, valid=0, master=153
[GPS] GGA fix_quality=0, num_sats=00, hdop=9999.0, lat=0.0, lon=0.0
[LIVE] udp=0.0/s, objs=0.0/s, last_udp=559.12s, meas=1, tracks=8, valid=0, master=153
[LIVE] udp=0.0/s, objs=0.0/s, last_udp=560.12s, meas=1, tracks=8, valid=0, master=153
[LIVE] udp=0.0/s, objs=0.0/s, last_udp=561.13s, meas=1, tracks=8, valid=0, master=153
[LIVE] udp=0.0/s, objs=0.0/s, last_udp=562.13s, meas=1, tracks=8, valid=0, master=153
[LIVE] udp=0.0/s, objs=0.0/s, last_udp=563.13s, meas=1, tracks=8, valid=0, master=153
[GPS] GGA fix_quality=0, num_sats=00, hdop=9999.0, lat=0.0, lon=0.0
[LIVE] udp=0.0/s, objs=0.0/s, last_udp=564.13s, meas=1, tracks=8, valid=0, master=153
[GPS] GGA fix_quality=0, num_sats=00, hdop=9999.0, lat=0.0, lon=0.0
[LIVE] udp=0.0/s, objs=0.0/s, last_udp=565.13s, meas=1, tracks=8, valid=0, master=153
[GPS] GGA fix_quality=0, num_sats=00, hdop=9999.0, lat=0.0, lon=0.0
[LIVE] udp=0.0/s, objs=0.0/s, last_udp=566.13s, meas=1, tracks=8, valid=0, master=153
[GPS] GGA fix_quality=0, num_sats=00, hdop=9999.0, lat=0.0, lon=0.0
[LIVE] udp=0.0/s, objs=0.0/s, last_udp=567.14s, meas=1, tracks=8, valid=0, master=153
[GPS] GGA fix_quality=0, num_sats=00, hdop=9999.0, lat=0.0, lon=0.0
[LIVE] udp=0.0/s, objs=0.0/s, last_udp=568.14s, meas=1, tracks=8, valid=0, master=153
[GPS] GGA fix_quality=0, num_sats=00, hdop=9999.0, lat=0.0, lon=0.0
[LIVE] udp=0.0/s, objs=0.0/s, last_udp=569.14s, meas=1, tracks=8, valid=0, master=153
[LIVE] udp=0.0/s, objs=0.0/s, last_udp=570.14s, meas=1, tracks=8, valid=0, master=153
[LIVE] udp=0.0/s, objs=0.0/s, last_udp=571.14s, meas=1, tracks=8, valid=0, master=153
[LIVE] udp=0.0/s, objs=0.0/s, last_udp=572.15s, meas=1, tracks=8, valid=0, master=153
[LIVE] udp=0.0/s, objs=0.0/s, last_udp=573.15s, meas=1, tracks=8, valid=0, master=153
[GPS] GGA fix_quality=0, num_sats=00, hdop=9999.0, lat=0.0, lon=0.0
[LIVE] udp=0.0/s, objs=0.0/s, last_udp=574.16s, meas=1, tracks=8, valid=0, master=153
[GPS] GGA fix_quality=0, num_sats=00, hdop=9999.0, lat=0.0, lon=0.0
[LIVE] udp=0.0/s, objs=0.0/s, last_udp=575.16s, meas=1, tracks=8, valid=0, master=153
[GPS] GGA fix_quality=0, num_sats=00, hdop=9999.0, lat=0.0, lon=0.0
[LIVE] udp=0.0/s, objs=0.0/s, last_udp=576.16s, meas=1, tracks=8, valid=0, master=153
[GPS] GGA fix_quality=0, num_sats=00, hdop=9999.0, lat=0.0, lon=0.0
[LIVE] udp=0.0/s, objs=0.0/s, last_udp=577.17s, meas=1, tracks=8, valid=0, master=153
[GPS] GGA fix_quality=0, num_sats=00, hdop=9999.0, lat=0.0, lon=0.0
[LIVE] udp=0.0/s, objs=0.0/s, last_udp=578.17s, meas=1, tracks=8, valid=0, master=153
[GPS] GGA fix_quality=0, num_sats=00, hdop=9999.0, lat=0.0, lon=0.0
[LIVE] udp=0.0/s, objs=0.0/s, last_udp=579.17s, meas=1, tracks=8, valid=0, master=153
[LIVE] udp=0.0/s, objs=0.0/s, last_udp=580.18s, meas=1, tracks=8, valid=0, master=153
[LIVE] udp=0.0/s, objs=0.0/s, last_udp=581.18s, meas=1, tracks=8, valid=0, master=153
[LIVE] udp=0.0/s, objs=0.0/s, last_udp=582.18s, meas=1, tracks=8, valid=0, master=153
[LIVE] udp=0.0/s, objs=0.0/s, last_udp=583.18s, meas=1, tracks=8, valid=0, master=153
[GPS] GGA fix_quality=0, num_sats=00, hdop=9999.0, lat=0.0, lon=0.0
[LIVE] udp=0.0/s, objs=0.0/s, last_udp=584.18s, meas=1, tracks=8, valid=0, master=153
[GPS] GGA fix_quality=0, num_sats=00, hdop=9999.0, lat=0.0, lon=0.0
[LIVE] udp=0.0/s, objs=0.0/s, last_udp=585.19s, meas=1, tracks=8, valid=0, master=153
[GPS] GGA fix_quality=0, num_sats=00, hdop=9999.0, lat=0.0, lon=0.0
[LIVE] udp=0.0/s, objs=0.0/s, last_udp=586.19s, meas=1, tracks=8, valid=0, master=153
[GPS] GGA fix_quality=0, num_sats=00, hdop=9999.0, lat=0.0, lon=0.0
[LIVE] udp=0.0/s, objs=0.0/s, last_udp=587.19s, meas=1, tracks=8, valid=0, master=153
[GPS] GGA fix_quality=0, num_sats=00, hdop=9999.0, lat=0.0, lon=0.0
[LIVE] udp=0.0/s, objs=0.0/s, last_udp=588.19s, meas=1, tracks=8, valid=0, master=153
[GPS] GGA fix_quality=0, num_sats=00, hdop=9999.0, lat=0.0, lon=0.0
[LIVE] udp=0.0/s, objs=0.0/s, last_udp=589.19s, meas=1, tracks=8, valid=0, master=153
[LIVE] udp=0.0/s, objs=0.0/s, last_udp=590.20s, meas=1, tracks=8, valid=0, master=153
[LIVE] udp=0.0/s, objs=0.0/s, last_udp=591.20s, meas=1, tracks=8, valid=0, master=153
[LIVE] udp=0.0/s, objs=0.0/s, last_udp=592.20s, meas=1, tracks=8, valid=0, master=153
[LIVE] udp=0.0/s, objs=0.0/s, last_udp=593.21s, meas=1, tracks=8, valid=0, master=153
[GPS] GGA fix_quality=0, num_sats=00, hdop=9999.0, lat=0.0, lon=0.0
[LIVE] udp=0.0/s, objs=0.0/s, last_udp=594.21s, meas=1, tracks=8, valid=0, master=153
[GPS] GGA fix_quality=0, num_sats=00, hdop=9999.0, lat=0.0, lon=0.0
[LIVE] udp=0.0/s, objs=0.0/s, last_udp=595.21s, meas=1, tracks=8, valid=0, master=153
[GPS] GGA fix_quality=0, num_sats=00, hdop=9999.0, lat=0.0, lon=0.0
[LIVE] udp=0.0/s, objs=0.0/s, last_udp=596.21s, meas=1, tracks=8, valid=0, master=153
[GPS] GGA fix_quality=0, num_sats=00, hdop=9999.0, lat=0.0, lon=0.0
[LIVE] udp=0.0/s, objs=0.0/s, last_udp=597.22s, meas=1, tracks=8, valid=0, master=153
[GPS] GGA fix_quality=0, num_sats=00, hdop=9999.0, lat=0.0, lon=0.0
[LIVE] udp=0.0/s, objs=0.0/s, last_udp=598.22s, meas=1, tracks=8, valid=0, master=153
[GPS] GGA fix_quality=0, num_sats=00, hdop=9999.0, lat=0.0, lon=0.0
[LIVE] udp=0.0/s, objs=0.0/s, last_udp=599.22s, meas=1, tracks=8, valid=0, master=153
[LIVE] udp=0.0/s, objs=0.0/s, last_udp=600.23s, meas=1, tracks=8, valid=0, master=153
[LIVE] udp=0.0/s, objs=0.0/s, last_udp=601.23s, meas=1, tracks=8, valid=0, master=153
[LIVE] udp=0.0/s, objs=0.0/s, last_udp=602.24s, meas=1, tracks=8, valid=0, master=153
[LIVE] udp=0.0/s, objs=0.0/s, last_udp=603.24s, meas=1, tracks=8, valid=0, master=153
[GPS] GGA fix_quality=0, num_sats=00, hdop=9999.0, lat=0.0, lon=0.0
[LIVE] udp=0.0/s, objs=0.0/s, last_udp=604.24s, meas=1, tracks=8, valid=0, master=153
[GPS] GGA fix_quality=0, num_sats=00, hdop=9999.0, lat=0.0, lon=0.0
[LIVE] udp=0.0/s, objs=0.0/s, last_udp=605.24s, meas=1, tracks=8, valid=0, master=153
[GPS] GGA fix_quality=0, num_sats=00, hdop=9999.0, lat=0.0, lon=0.0
[LIVE] udp=0.0/s, objs=0.0/s, last_udp=606.25s, meas=1, tracks=8, valid=0, master=153
[GPS] GGA fix_quality=0, num_sats=00, hdop=9999.0, lat=0.0, lon=0.0
[LIVE] udp=0.0/s, objs=0.0/s, last_udp=607.25s, meas=1, tracks=8, valid=0, master=153
[GPS] GGA fix_quality=0, num_sats=00, hdop=9999.0, lat=0.0, lon=0.0
[LIVE] udp=0.0/s, objs=0.0/s, last_udp=608.25s, meas=1, tracks=8, valid=0, master=153
[GPS] GGA fix_quality=0, num_sats=00, hdop=9999.0, lat=0.0, lon=0.0
[LIVE] udp=0.0/s, objs=0.0/s, last_udp=609.26s, meas=1, tracks=8, valid=0, master=153
[LIVE] udp=0.0/s, objs=0.0/s, last_udp=610.26s, meas=1, tracks=8, valid=0, master=153
[LIVE] udp=0.0/s, objs=0.0/s, last_udp=611.26s, meas=1, tracks=8, valid=0, master=153
[LIVE] udp=0.0/s, objs=0.0/s, last_udp=612.26s, meas=1, tracks=8, valid=0, master=153
[LIVE] udp=0.0/s, objs=0.0/s, last_udp=613.27s, meas=1, tracks=8, valid=0, master=153
[GPS] GGA fix_quality=0, num_sats=00, hdop=9999.0, lat=0.0, lon=0.0
[LIVE] udp=0.0/s, objs=0.0/s, last_udp=614.27s, meas=1, tracks=8, valid=0, master=153
[GPS] GGA fix_quality=0, num_sats=00, hdop=9999.0, lat=0.0, lon=0.0
[LIVE] udp=0.0/s, objs=0.0/s, last_udp=615.27s, meas=1, tracks=8, valid=0, master=153
[GPS] GGA fix_quality=0, num_sats=00, hdop=9999.0, lat=0.0, lon=0.0
[LIVE] udp=0.0/s, objs=0.0/s, last_udp=616.28s, meas=1, tracks=8, valid=0, master=153
[GPS] GGA fix_quality=0, num_sats=00, hdop=9999.0, lat=0.0, lon=0.0
[LIVE] udp=0.0/s, objs=0.0/s, last_udp=617.28s, meas=1, tracks=8, valid=0, master=153
[GPS] GGA fix_quality=0, num_sats=00, hdop=9999.0, lat=0.0, lon=0.0
[LIVE] udp=0.0/s, objs=0.0/s, last_udp=618.28s, meas=1, tracks=8, valid=0, master=153
[GPS] GGA fix_quality=0, num_sats=00, hdop=9999.0, lat=0.0, lon=0.0
[LIVE] udp=0.0/s, objs=0.0/s, last_udp=619.28s, meas=1, tracks=8, valid=0, master=153
[LIVE] udp=0.0/s, objs=0.0/s, last_udp=620.28s, meas=1, tracks=8, valid=0, master=153
[LIVE] udp=0.0/s, objs=0.0/s, last_udp=621.28s, meas=1, tracks=8, valid=0, master=153
[LIVE] udp=0.0/s, objs=0.0/s, last_udp=622.29s, meas=1, tracks=8, valid=0, master=153
[LIVE] udp=0.0/s, objs=0.0/s, last_udp=623.29s, meas=1, tracks=8, valid=0, master=153
[GPS] GGA fix_quality=0, num_sats=00, hdop=9999.0, lat=0.0, lon=0.0
[LIVE] udp=0.0/s, objs=0.0/s, last_udp=624.29s, meas=1, tracks=8, valid=0, master=153
[GPS] GGA fix_quality=0, num_sats=00, hdop=9999.0, lat=0.0, lon=0.0
[LIVE] udp=0.0/s, objs=0.0/s, last_udp=625.30s, meas=1, tracks=8, valid=0, master=153
[GPS] GGA fix_quality=0, num_sats=00, hdop=9999.0, lat=0.0, lon=0.0
[LIVE] udp=0.0/s, objs=0.0/s, last_udp=626.30s, meas=1, tracks=8, valid=0, master=153
[GPS] GGA fix_quality=0, num_sats=00, hdop=9999.0, lat=0.0, lon=0.0
[LIVE] udp=0.0/s, objs=0.0/s, last_udp=627.30s, meas=1, tracks=8, valid=0, master=153
[GPS] GGA fix_quality=0, num_sats=00, hdop=9999.0, lat=0.0, lon=0.0
[LIVE] udp=0.0/s, objs=0.0/s, last_udp=628.30s, meas=1, tracks=8, valid=0, master=153
[GPS] GGA fix_quality=0, num_sats=00, hdop=9999.0, lat=0.0, lon=0.0
[LIVE] udp=0.0/s, objs=0.0/s, last_udp=629.30s, meas=1, tracks=8, valid=0, master=153
[LIVE] udp=0.0/s, objs=0.0/s, last_udp=630.31s, meas=1, tracks=8, valid=0, master=153
[LIVE] udp=0.0/s, objs=0.0/s, last_udp=631.31s, meas=1, tracks=8, valid=0, master=153
[LIVE] udp=0.0/s, objs=0.0/s, last_udp=632.31s, meas=1, tracks=8, valid=0, master=153
[LIVE] udp=0.0/s, objs=0.0/s, last_udp=633.31s, meas=1, tracks=8, valid=0, master=153
[GPS] GGA fix_quality=0, num_sats=00, hdop=9999.0, lat=0.0, lon=0.0
[LIVE] udp=0.0/s, objs=0.0/s, last_udp=634.31s, meas=1, tracks=8, valid=0, master=153
[GPS] GGA fix_quality=0, num_sats=00, hdop=9999.0, lat=0.0, lon=0.0
[LIVE] udp=0.0/s, objs=0.0/s, last_udp=635.32s, meas=1, tracks=8, valid=0, master=153
[GPS] GGA fix_quality=0, num_sats=00, hdop=9999.0, lat=0.0, lon=0.0
[LIVE] udp=0.0/s, objs=0.0/s, last_udp=636.32s, meas=1, tracks=8, valid=0, master=153
[GPS] GGA fix_quality=0, num_sats=00, hdop=9999.0, lat=0.0, lon=0.0
[LIVE] udp=0.0/s, objs=0.0/s, last_udp=637.32s, meas=1, tracks=8, valid=0, master=153
[GPS] GGA fix_quality=0, num_sats=00, hdop=9999.0, lat=0.0, lon=0.0
[LIVE] udp=0.0/s, objs=0.0/s, last_udp=638.32s, meas=1, tracks=8, valid=0, master=153
[GPS] GGA fix_quality=0, num_sats=00, hdop=9999.0, lat=0.0, lon=0.0
[LIVE] udp=0.0/s, objs=0.0/s, last_udp=639.33s, meas=1, tracks=8, valid=0, master=153
[LIVE] udp=0.0/s, objs=0.0/s, last_udp=640.33s, meas=1, tracks=8, valid=0, master=153
[LIVE] udp=0.0/s, objs=0.0/s, last_udp=641.33s, meas=1, tracks=8, valid=0, master=153
[LIVE] udp=0.0/s, objs=0.0/s, last_udp=642.33s, meas=1, tracks=8, valid=0, master=153
[LIVE] udp=0.0/s, objs=0.0/s, last_udp=643.34s, meas=1, tracks=8, valid=0, master=153
[GPS] GGA fix_quality=0, num_sats=00, hdop=9999.0, lat=0.0, lon=0.0
[LIVE] udp=0.0/s, objs=0.0/s, last_udp=644.34s, meas=1, tracks=8, valid=0, master=153
[GPS] GGA fix_quality=0, num_sats=00, hdop=9999.0, lat=0.0, lon=0.0
[LIVE] udp=0.0/s, objs=0.0/s, last_udp=645.34s, meas=1, tracks=8, valid=0, master=153
[GPS] GGA fix_quality=0, num_sats=00, hdop=9999.0, lat=0.0, lon=0.0
[LIVE] udp=0.0/s, objs=0.0/s, last_udp=646.34s, meas=1, tracks=8, valid=0, master=153
[GPS] GGA fix_quality=0, num_sats=00, hdop=9999.0, lat=0.0, lon=0.0
[LIVE] udp=0.0/s, objs=0.0/s, last_udp=647.34s, meas=1, tracks=8, valid=0, master=153
[GPS] GGA fix_quality=0, num_sats=00, hdop=9999.0, lat=0.0, lon=0.0
[LIVE] udp=0.0/s, objs=0.0/s, last_udp=648.35s, meas=1, tracks=8, valid=0, master=153
[GPS] GGA fix_quality=0, num_sats=00, hdop=9999.0, lat=0.0, lon=0.0
[LIVE] udp=0.0/s, objs=0.0/s, last_udp=649.35s, meas=1, tracks=8, valid=0, master=153
[LIVE] udp=0.0/s, objs=0.0/s, last_udp=650.35s, meas=1, tracks=8, valid=0, master=153
[LIVE] udp=0.0/s, objs=0.0/s, last_udp=651.35s, meas=1, tracks=8, valid=0, master=153
[LIVE] udp=0.0/s, objs=0.0/s, last_udp=652.35s, meas=1, tracks=8, valid=0, master=153
[LIVE] udp=0.0/s, objs=0.0/s, last_udp=653.36s, meas=1, tracks=8, valid=0, master=153
[GPS] GGA fix_quality=0, num_sats=00, hdop=9999.0, lat=0.0, lon=0.0
[LIVE] udp=0.0/s, objs=0.0/s, last_udp=654.36s, meas=1, tracks=8, valid=0, master=153
[GPS] GGA fix_quality=0, num_sats=00, hdop=9999.0, lat=0.0, lon=0.0
[LIVE] udp=0.0/s, objs=0.0/s, last_udp=655.36s, meas=1, tracks=8, valid=0, master=153
[GPS] GGA fix_quality=0, num_sats=00, hdop=9999.0, lat=0.0, lon=0.0
[LIVE] udp=0.0/s, objs=0.0/s, last_udp=656.37s, meas=1, tracks=8, valid=0, master=153
[GPS] GGA fix_quality=0, num_sats=00, hdop=9999.0, lat=0.0, lon=0.0
[LIVE] udp=0.0/s, objs=0.0/s, last_udp=657.37s, meas=1, tracks=8, valid=0, master=153
[GPS] GGA fix_quality=0, num_sats=00, hdop=9999.0, lat=0.0, lon=0.0
[LIVE] udp=0.0/s, objs=0.0/s, last_udp=658.37s, meas=1, tracks=8, valid=0, master=153
[GPS] GGA fix_quality=0, num_sats=00, hdop=9999.0, lat=0.0, lon=0.0
[LIVE] udp=0.0/s, objs=0.0/s, last_udp=659.37s, meas=1, tracks=8, valid=0, master=153
[LIVE] udp=0.0/s, objs=0.0/s, last_udp=660.37s, meas=1, tracks=8, valid=0, master=153
[LIVE] udp=0.0/s, objs=0.0/s, last_udp=661.38s, meas=1, tracks=8, valid=0, master=153
[LIVE] udp=0.0/s, objs=0.0/s, last_udp=662.38s, meas=1, tracks=8, valid=0, master=153
[LIVE] udp=0.0/s, objs=0.0/s, last_udp=663.38s, meas=1, tracks=8, valid=0, master=153
[GPS] GGA fix_quality=0, num_sats=00, hdop=9999.0, lat=0.0, lon=0.0
[LIVE] udp=0.0/s, objs=0.0/s, last_udp=664.38s, meas=1, tracks=8, valid=0, master=153
[GPS] GGA fix_quality=0, num_sats=00, hdop=9999.0, lat=0.0, lon=0.0
[LIVE] udp=0.0/s, objs=0.0/s, last_udp=665.39s, meas=1, tracks=8, valid=0, master=153
[GPS] GGA fix_quality=0, num_sats=00, hdop=9999.0, lat=0.0, lon=0.0
[LIVE] udp=0.0/s, objs=0.0/s, last_udp=666.39s, meas=1, tracks=8, valid=0, master=153
[GPS] GGA fix_quality=0, num_sats=00, hdop=9999.0, lat=0.0, lon=0.0
[LIVE] udp=0.0/s, objs=0.0/s, last_udp=667.39s, meas=1, tracks=8, valid=0, master=153
[GPS] GGA fix_quality=0, num_sats=00, hdop=9999.0, lat=0.0, lon=0.0
[LIVE] udp=0.0/s, objs=0.0/s, last_udp=668.39s, meas=1, tracks=8, valid=0, master=153
[GPS] GGA fix_quality=0, num_sats=00, hdop=9999.0, lat=0.0, lon=0.0
[LIVE] udp=0.0/s, objs=0.0/s, last_udp=669.39s, meas=1, tracks=8, valid=0, master=153
[LIVE] udp=0.0/s, objs=0.0/s, last_udp=670.39s, meas=1, tracks=8, valid=0, master=153
[LIVE] udp=0.0/s, objs=0.0/s, last_udp=671.40s, meas=1, tracks=8, valid=0, master=153
[LIVE] udp=0.0/s, objs=0.0/s, last_udp=672.40s, meas=1, tracks=8, valid=0, master=153
[LIVE] udp=0.0/s, objs=0.0/s, last_udp=673.40s, meas=1, tracks=8, valid=0, master=153
[GPS] GGA fix_quality=0, num_sats=00, hdop=9999.0, lat=0.0, lon=0.0
[LIVE] udp=0.0/s, objs=0.0/s, last_udp=674.41s, meas=1, tracks=8, valid=0, master=153
[GPS] GGA fix_quality=0, num_sats=00, hdop=9999.0, lat=0.0, lon=0.0
[LIVE] udp=0.0/s, objs=0.0/s, last_udp=675.41s, meas=1, tracks=8, valid=0, master=153
[GPS] GGA fix_quality=0, num_sats=00, hdop=9999.0, lat=0.0, lon=0.0
[LIVE] udp=0.0/s, objs=0.0/s, last_udp=676.41s, meas=1, tracks=8, valid=0, master=153
[GPS] GGA fix_quality=0, num_sats=00, hdop=9999.0, lat=0.0, lon=0.0
[LIVE] udp=0.0/s, objs=0.0/s, last_udp=677.42s, meas=1, tracks=8, valid=0, master=153
[GPS] GGA fix_quality=0, num_sats=00, hdop=9999.0, lat=0.0, lon=0.0
[LIVE] udp=0.0/s, objs=0.0/s, last_udp=678.42s, meas=1, tracks=8, valid=0, master=153
[GPS] GGA fix_quality=0, num_sats=00, hdop=9999.0, lat=0.0, lon=0.0
[LIVE] udp=0.0/s, objs=0.0/s, last_udp=679.42s, meas=1, tracks=8, valid=0, master=153
[LIVE] udp=0.0/s, objs=0.0/s, last_udp=680.43s, meas=1, tracks=8, valid=0, master=153
[LIVE] udp=0.0/s, objs=0.0/s, last_udp=681.43s, meas=1, tracks=8, valid=0, master=153
[LIVE] udp=0.0/s, objs=0.0/s, last_udp=682.44s, meas=1, tracks=8, valid=0, master=153
[LIVE] udp=0.0/s, objs=0.0/s, last_udp=683.44s, meas=1, tracks=8, valid=0, master=153
[GPS] GGA fix_quality=0, num_sats=00, hdop=9999.0, lat=0.0, lon=0.0
[LIVE] udp=0.0/s, objs=0.0/s, last_udp=684.44s, meas=1, tracks=8, valid=0, master=153
[GPS] GGA fix_quality=0, num_sats=00, hdop=9999.0, lat=0.0, lon=0.0
[LIVE] udp=0.0/s, objs=0.0/s, last_udp=685.44s, meas=1, tracks=8, valid=0, master=153
[GPS] GGA fix_quality=0, num_sats=00, hdop=9999.0, lat=0.0, lon=0.0
[LIVE] udp=0.0/s, objs=0.0/s, last_udp=686.44s, meas=1, tracks=8, valid=0, master=153
[GPS] GGA fix_quality=0, num_sats=00, hdop=9999.0, lat=0.0, lon=0.0
[LIVE] udp=0.0/s, objs=0.0/s, last_udp=687.44s, meas=1, tracks=8, valid=0, master=153
[GPS] GGA fix_quality=0, num_sats=00, hdop=9999.0, lat=0.0, lon=0.0
[LIVE] udp=0.0/s, objs=0.0/s, last_udp=688.45s, meas=1, tracks=8, valid=0, master=153
[GPS] GGA fix_quality=0, num_sats=00, hdop=9999.0, lat=0.0, lon=0.0
[LIVE] udp=0.0/s, objs=0.0/s, last_udp=689.45s, meas=1, tracks=8, valid=0, master=153
[LIVE] udp=0.0/s, objs=0.0/s, last_udp=690.46s, meas=1, tracks=8, valid=0, master=153
[LIVE] udp=0.0/s, objs=0.0/s, last_udp=691.46s, meas=1, tracks=8, valid=0, master=153
[LIVE] udp=0.0/s, objs=0.0/s, last_udp=692.46s, meas=1, tracks=8, valid=0, master=153
[LIVE] udp=0.0/s, objs=0.0/s, last_udp=693.46s, meas=1, tracks=8, valid=0, master=153
[GPS] GGA fix_quality=0, num_sats=00, hdop=9999.0, lat=0.0, lon=0.0
[LIVE] udp=0.0/s, objs=0.0/s, last_udp=694.46s, meas=1, tracks=8, valid=0, master=153
[GPS] GGA fix_quality=0, num_sats=00, hdop=9999.0, lat=0.0, lon=0.0
[LIVE] udp=0.0/s, objs=0.0/s, last_udp=695.47s, meas=1, tracks=8, valid=0, master=153
[GPS] GGA fix_quality=0, num_sats=00, hdop=9999.0, lat=0.0, lon=0.0
[LIVE] udp=0.0/s, objs=0.0/s, last_udp=696.47s, meas=1, tracks=8, valid=0, master=153
[GPS] GGA fix_quality=0, num_sats=00, hdop=9999.0, lat=0.0, lon=0.0
[LIVE] udp=0.0/s, objs=0.0/s, last_udp=697.47s, meas=1, tracks=8, valid=0, master=153
[GPS] GGA fix_quality=0, num_sats=00, hdop=9999.0, lat=0.0, lon=0.0
[LIVE] udp=0.0/s, objs=0.0/s, last_udp=698.48s, meas=1, tracks=8, valid=0, master=153
[GPS] GGA fix_quality=0, num_sats=00, hdop=9999.0, lat=0.0, lon=0.0
[LIVE] udp=0.0/s, objs=0.0/s, last_udp=699.48s, meas=1, tracks=8, valid=0, master=153
[LIVE] udp=0.0/s, objs=0.0/s, last_udp=700.49s, meas=1, tracks=8, valid=0, master=153
[LIVE] udp=0.0/s, objs=0.0/s, last_udp=701.49s, meas=1, tracks=8, valid=0, master=153
[LIVE] udp=0.0/s, objs=0.0/s, last_udp=702.49s, meas=1, tracks=8, valid=0, master=153
[LIVE] udp=0.0/s, objs=0.0/s, last_udp=703.50s, meas=1, tracks=8, valid=0, master=153
[GPS] GGA fix_quality=0, num_sats=00, hdop=9999.0, lat=0.0, lon=0.0
[LIVE] udp=0.0/s, objs=0.0/s, last_udp=704.50s, meas=1, tracks=8, valid=0, master=153
[GPS] GGA fix_quality=0, num_sats=00, hdop=9999.0, lat=0.0, lon=0.0
[LIVE] udp=0.0/s, objs=0.0/s, last_udp=705.50s, meas=1, tracks=8, valid=0, master=153
[GPS] GGA fix_quality=0, num_sats=00, hdop=9999.0, lat=0.0, lon=0.0
[LIVE] udp=0.0/s, objs=0.0/s, last_udp=706.50s, meas=1, tracks=8, valid=0, master=153
[GPS] GGA fix_quality=0, num_sats=00, hdop=9999.0, lat=0.0, lon=0.0
[LIVE] udp=0.0/s, objs=0.0/s, last_udp=707.51s, meas=1, tracks=8, valid=0, master=153
[GPS] GGA fix_quality=0, num_sats=00, hdop=9999.0, lat=0.0, lon=0.0
[LIVE] udp=0.0/s, objs=0.0/s, last_udp=708.51s, meas=1, tracks=8, valid=0, master=153
[GPS] GGA fix_quality=0, num_sats=00, hdop=9999.0, lat=0.0, lon=0.0
[LIVE] udp=0.0/s, objs=0.0/s, last_udp=709.51s, meas=1, tracks=8, valid=0, master=153
[LIVE] udp=0.0/s, objs=0.0/s, last_udp=710.51s, meas=1, tracks=8, valid=0, master=153
[LIVE] udp=0.0/s, objs=0.0/s, last_udp=711.52s, meas=1, tracks=8, valid=0, master=153
[LIVE] udp=0.0/s, objs=0.0/s, last_udp=712.52s, meas=1, tracks=8, valid=0, master=153
[LIVE] udp=0.0/s, objs=0.0/s, last_udp=713.52s, meas=1, tracks=8, valid=0, master=153
[GPS] GGA fix_quality=0, num_sats=00, hdop=9999.0, lat=0.0, lon=0.0
[LIVE] udp=0.0/s, objs=0.0/s, last_udp=714.52s, meas=1, tracks=8, valid=0, master=153
[GPS] GGA fix_quality=0, num_sats=00, hdop=9999.0, lat=0.0, lon=0.0
[LIVE] udp=0.0/s, objs=0.0/s, last_udp=715.53s, meas=1, tracks=8, valid=0, master=153
[GPS] GGA fix_quality=0, num_sats=00, hdop=9999.0, lat=0.0, lon=0.0
[LIVE] udp=0.0/s, objs=0.0/s, last_udp=716.53s, meas=1, tracks=8, valid=0, master=153
[GPS] GGA fix_quality=0, num_sats=00, hdop=9999.0, lat=0.0, lon=0.0
[LIVE] udp=0.0/s, objs=0.0/s, last_udp=717.53s, meas=1, tracks=8, valid=0, master=153
[GPS] GGA fix_quality=0, num_sats=00, hdop=9999.0, lat=0.0, lon=0.0
[LIVE] udp=0.0/s, objs=0.0/s, last_udp=718.54s, meas=1, tracks=8, valid=0, master=153
[GPS] GGA fix_quality=0, num_sats=00, hdop=9999.0, lat=0.0, lon=0.0
[LIVE] udp=0.0/s, objs=0.0/s, last_udp=719.54s, meas=1, tracks=8, valid=0, master=153
[LIVE] udp=0.0/s, objs=0.0/s, last_udp=720.54s, meas=1, tracks=8, valid=0, master=153
[LIVE] udp=0.0/s, objs=0.0/s, last_udp=721.55s, meas=1, tracks=8, valid=0, master=153
[LIVE] udp=0.0/s, objs=0.0/s, last_udp=722.55s, meas=1, tracks=8, valid=0, master=153
[LIVE] udp=0.0/s, objs=0.0/s, last_udp=723.55s, meas=1, tracks=8, valid=0, master=153
[GPS] GGA fix_quality=0, num_sats=00, hdop=9999.0, lat=0.0, lon=0.0
[LIVE] udp=0.0/s, objs=0.0/s, last_udp=724.56s, meas=1, tracks=8, valid=0, master=153
[GPS] GGA fix_quality=0, num_sats=00, hdop=9999.0, lat=0.0, lon=0.0
[LIVE] udp=0.0/s, objs=0.0/s, last_udp=725.56s, meas=1, tracks=8, valid=0, master=153
[GPS] GGA fix_quality=0, num_sats=00, hdop=9999.0, lat=0.0, lon=0.0
[LIVE] udp=0.0/s, objs=0.0/s, last_udp=726.56s, meas=1, tracks=8, valid=0, master=153
[GPS] GGA fix_quality=0, num_sats=00, hdop=9999.0, lat=0.0, lon=0.0
[LIVE] udp=0.0/s, objs=0.0/s, last_udp=727.56s, meas=1, tracks=8, valid=0, master=153
[GPS] GGA fix_quality=0, num_sats=00, hdop=9999.0, lat=0.0, lon=0.0
[LIVE] udp=0.0/s, objs=0.0/s, last_udp=728.57s, meas=1, tracks=8, valid=0, master=153
[GPS] GGA fix_quality=0, num_sats=00, hdop=9999.0, lat=0.0, lon=0.0
[LIVE] udp=0.0/s, objs=0.0/s, last_udp=729.57s, meas=1, tracks=8, valid=0, master=153
[LIVE] udp=0.0/s, objs=0.0/s, last_udp=730.57s, meas=1, tracks=8, valid=0, master=153
[LIVE] udp=0.0/s, objs=0.0/s, last_udp=731.57s, meas=1, tracks=8, valid=0, master=153
[LIVE] udp=0.0/s, objs=0.0/s, last_udp=732.58s, meas=1, tracks=8, valid=0, master=153
[LIVE] udp=0.0/s, objs=0.0/s, last_udp=733.58s, meas=1, tracks=8, valid=0, master=153
[GPS] GGA fix_quality=0, num_sats=00, hdop=9999.0, lat=0.0, lon=0.0
[LIVE] udp=0.0/s, objs=0.0/s, last_udp=734.58s, meas=1, tracks=8, valid=0, master=153
[GPS] GGA fix_quality=0, num_sats=00, hdop=9999.0, lat=0.0, lon=0.0
[LIVE] udp=0.0/s, objs=0.0/s, last_udp=735.59s, meas=1, tracks=8, valid=0, master=153
[GPS] GGA fix_quality=0, num_sats=00, hdop=9999.0, lat=0.0, lon=0.0
[LIVE] udp=0.0/s, objs=0.0/s, last_udp=736.59s, meas=1, tracks=8, valid=0, master=153
[GPS] GGA fix_quality=0, num_sats=00, hdop=9999.0, lat=0.0, lon=0.0
[LIVE] udp=0.0/s, objs=0.0/s, last_udp=737.59s, meas=1, tracks=8, valid=0, master=153
[GPS] GGA fix_quality=0, num_sats=00, hdop=9999.0, lat=0.0, lon=0.0
[LIVE] udp=0.0/s, objs=0.0/s, last_udp=738.59s, meas=1, tracks=8, valid=0, master=153
[GPS] GGA fix_quality=0, num_sats=00, hdop=9999.0, lat=0.0, lon=0.0
[LIVE] udp=0.0/s, objs=0.0/s, last_udp=739.59s, meas=1, tracks=8, valid=0, master=153
[LIVE] udp=0.0/s, objs=0.0/s, last_udp=740.60s, meas=1, tracks=8, valid=0, master=153
[LIVE] udp=0.0/s, objs=0.0/s, last_udp=741.60s, meas=1, tracks=8, valid=0, master=153
[LIVE] udp=0.0/s, objs=0.0/s, last_udp=742.60s, meas=1, tracks=8, valid=0, master=153
[LIVE] udp=0.0/s, objs=0.0/s, last_udp=743.60s, meas=1, tracks=8, valid=0, master=153
[GPS] GGA fix_quality=0, num_sats=00, hdop=9999.0, lat=0.0, lon=0.0
[LIVE] udp=0.0/s, objs=0.0/s, last_udp=744.61s, meas=1, tracks=8, valid=0, master=153
[GPS] GGA fix_quality=0, num_sats=00, hdop=9999.0, lat=0.0, lon=0.0
[LIVE] udp=0.0/s, objs=0.0/s, last_udp=745.61s, meas=1, tracks=8, valid=0, master=153
[GPS] GGA fix_quality=0, num_sats=00, hdop=9999.0, lat=0.0, lon=0.0
[LIVE] udp=0.0/s, objs=0.0/s, last_udp=746.61s, meas=1, tracks=8, valid=0, master=153
[GPS] GGA fix_quality=0, num_sats=00, hdop=9999.0, lat=0.0, lon=0.0
[LIVE] udp=0.0/s, objs=0.0/s, last_udp=747.62s, meas=1, tracks=8, valid=0, master=153
[GPS] GGA fix_quality=0, num_sats=00, hdop=9999.0, lat=0.0, lon=0.0
[LIVE] udp=0.0/s, objs=0.0/s, last_udp=748.62s, meas=1, tracks=8, valid=0, master=153
[GPS] GGA fix_quality=0, num_sats=00, hdop=9999.0, lat=0.0, lon=0.0
[LIVE] udp=0.0/s, objs=0.0/s, last_udp=749.62s, meas=1, tracks=8, valid=0, master=153
[LIVE] udp=0.0/s, objs=0.0/s, last_udp=750.63s, meas=1, tracks=8, valid=0, master=153
[LIVE] udp=0.0/s, objs=0.0/s, last_udp=751.63s, meas=1, tracks=8, valid=0, master=153
[LIVE] udp=0.0/s, objs=0.0/s, last_udp=752.63s, meas=1, tracks=8, valid=0, master=153
[LIVE] udp=0.0/s, objs=0.0/s, last_udp=753.64s, meas=1, tracks=8, valid=0, master=153
[GPS] GGA fix_quality=0, num_sats=00, hdop=9999.0, lat=0.0, lon=0.0
[LIVE] udp=0.0/s, objs=0.0/s, last_udp=754.64s, meas=1, tracks=8, valid=0, master=153
[GPS] GGA fix_quality=0, num_sats=00, hdop=9999.0, lat=0.0, lon=0.0
[LIVE] udp=0.0/s, objs=0.0/s, last_udp=755.64s, meas=1, tracks=8, valid=0, master=153
[GPS] GGA fix_quality=0, num_sats=00, hdop=9999.0, lat=0.0, lon=0.0
[LIVE] udp=0.0/s, objs=0.0/s, last_udp=756.64s, meas=1, tracks=8, valid=0, master=153
[GPS] GGA fix_quality=0, num_sats=00, hdop=9999.0, lat=0.0, lon=0.0
[LIVE] udp=0.0/s, objs=0.0/s, last_udp=757.65s, meas=1, tracks=8, valid=0, master=153
[GPS] GGA fix_quality=0, num_sats=00, hdop=9999.0, lat=0.0, lon=0.0
[LIVE] udp=0.0/s, objs=0.0/s, last_udp=758.65s, meas=1, tracks=8, valid=0, master=153
[GPS] GGA fix_quality=0, num_sats=00, hdop=9999.0, lat=0.0, lon=0.0
[LIVE] udp=0.0/s, objs=0.0/s, last_udp=759.65s, meas=1, tracks=8, valid=0, master=153
[LIVE] udp=0.0/s, objs=0.0/s, last_udp=760.65s, meas=1, tracks=8, valid=0, master=153
[LIVE] udp=0.0/s, objs=0.0/s, last_udp=761.66s, meas=1, tracks=8, valid=0, master=153
[LIVE] udp=0.0/s, objs=0.0/s, last_udp=762.66s, meas=1, tracks=8, valid=0, master=153
[LIVE] udp=0.0/s, objs=0.0/s, last_udp=763.66s, meas=1, tracks=8, valid=0, master=153
[GPS] GGA fix_quality=0, num_sats=00, hdop=9999.0, lat=0.0, lon=0.0
[LIVE] udp=0.0/s, objs=0.0/s, last_udp=764.67s, meas=1, tracks=8, valid=0, master=153
[GPS] GGA fix_quality=0, num_sats=00, hdop=9999.0, lat=0.0, lon=0.0
[LIVE] udp=0.0/s, objs=0.0/s, last_udp=765.67s, meas=1, tracks=8, valid=0, master=153
[GPS] GGA fix_quality=0, num_sats=00, hdop=9999.0, lat=0.0, lon=0.0
[LIVE] udp=0.0/s, objs=0.0/s, last_udp=766.67s, meas=1, tracks=8, valid=0, master=153
[GPS] GGA fix_quality=0, num_sats=00, hdop=9999.0, lat=0.0, lon=0.0
[LIVE] udp=0.0/s, objs=0.0/s, last_udp=767.68s, meas=1, tracks=8, valid=0, master=153
[GPS] GGA fix_quality=0, num_sats=00, hdop=9999.0, lat=0.0, lon=0.0
[LIVE] udp=0.0/s, objs=0.0/s, last_udp=768.68s, meas=1, tracks=8, valid=0, master=153
[GPS] GGA fix_quality=0, num_sats=00, hdop=9999.0, lat=0.0, lon=0.0
[LIVE] udp=0.0/s, objs=0.0/s, last_udp=769.68s, meas=1, tracks=8, valid=0, master=153
[LIVE] udp=0.0/s, objs=0.0/s, last_udp=770.68s, meas=1, tracks=8, valid=0, master=153
[LIVE] udp=0.0/s, objs=0.0/s, last_udp=771.69s, meas=1, tracks=8, valid=0, master=153
[LIVE] udp=0.0/s, objs=0.0/s, last_udp=772.69s, meas=1, tracks=8, valid=0, master=153
[LIVE] udp=0.0/s, objs=0.0/s, last_udp=773.69s, meas=1, tracks=8, valid=0, master=153
[GPS] GGA fix_quality=0, num_sats=00, hdop=9999.0, lat=0.0, lon=0.0
[LIVE] udp=0.0/s, objs=0.0/s, last_udp=774.69s, meas=1, tracks=8, valid=0, master=153
[GPS] GGA fix_quality=0, num_sats=00, hdop=9999.0, lat=0.0, lon=0.0
[LIVE] udp=0.0/s, objs=0.0/s, last_udp=775.70s, meas=1, tracks=8, valid=0, master=153
[GPS] GGA fix_quality=0, num_sats=00, hdop=9999.0, lat=0.0, lon=0.0
[LIVE] udp=0.0/s, objs=0.0/s, last_udp=776.70s, meas=1, tracks=8, valid=0, master=153
[GPS] GGA fix_quality=0, num_sats=00, hdop=9999.0, lat=0.0, lon=0.0
[LIVE] udp=0.0/s, objs=0.0/s, last_udp=777.70s, meas=1, tracks=8, valid=0, master=153
[GPS] GGA fix_quality=0, num_sats=00, hdop=9999.0, lat=0.0, lon=0.0
[LIVE] udp=0.0/s, objs=0.0/s, last_udp=778.70s, meas=1, tracks=8, valid=0, master=153
[GPS] GGA fix_quality=0, num_sats=00, hdop=9999.0, lat=0.0, lon=0.0
[LIVE] udp=0.0/s, objs=0.0/s, last_udp=779.70s, meas=1, tracks=8, valid=0, master=153
[LIVE] udp=0.0/s, objs=0.0/s, last_udp=780.71s, meas=1, tracks=8, valid=0, master=153
[LIVE] udp=0.0/s, objs=0.0/s, last_udp=781.71s, meas=1, tracks=8, valid=0, master=153
[LIVE] udp=0.0/s, objs=0.0/s, last_udp=782.71s, meas=1, tracks=8, valid=0, master=153
[LIVE] udp=0.0/s, objs=0.0/s, last_udp=783.72s, meas=1, tracks=8, valid=0, master=153
[GPS] GGA fix_quality=0, num_sats=00, hdop=9999.0, lat=0.0, lon=0.0
[LIVE] udp=0.0/s, objs=0.0/s, last_udp=784.72s, meas=1, tracks=8, valid=0, master=153
[GPS] GGA fix_quality=0, num_sats=00, hdop=9999.0, lat=0.0, lon=0.0
[LIVE] udp=0.0/s, objs=0.0/s, last_udp=785.72s, meas=1, tracks=8, valid=0, master=153
[GPS] GGA fix_quality=0, num_sats=00, hdop=9999.0, lat=0.0, lon=0.0
[LIVE] udp=0.0/s, objs=0.0/s, last_udp=786.73s, meas=1, tracks=8, valid=0, master=153
[GPS] GGA fix_quality=0, num_sats=00, hdop=9999.0, lat=0.0, lon=0.0
[LIVE] udp=0.0/s, objs=0.0/s, last_udp=787.73s, meas=1, tracks=8, valid=0, master=153
[GPS] GGA fix_quality=0, num_sats=00, hdop=9999.0, lat=0.0, lon=0.0
[LIVE] udp=0.0/s, objs=0.0/s, last_udp=788.73s, meas=1, tracks=8, valid=0, master=153
[GPS] GGA fix_quality=0, num_sats=00, hdop=9999.0, lat=0.0, lon=0.0
[LIVE] udp=0.0/s, objs=0.0/s, last_udp=789.73s, meas=1, tracks=8, valid=0, master=153
[LIVE] udp=0.0/s, objs=0.0/s, last_udp=790.73s, meas=1, tracks=8, valid=0, master=153
[LIVE] udp=0.0/s, objs=0.0/s, last_udp=791.74s, meas=1, tracks=8, valid=0, master=153
[LIVE] udp=0.0/s, objs=0.0/s, last_udp=792.74s, meas=1, tracks=8, valid=0, master=153
[LIVE] udp=0.0/s, objs=0.0/s, last_udp=793.75s, meas=1, tracks=8, valid=0, master=153
[GPS] GGA fix_quality=0, num_sats=00, hdop=9999.0, lat=0.0, lon=0.0
[LIVE] udp=0.0/s, objs=0.0/s, last_udp=794.75s, meas=1, tracks=8, valid=0, master=153
[GPS] GGA fix_quality=0, num_sats=00, hdop=9999.0, lat=0.0, lon=0.0
[LIVE] udp=0.0/s, objs=0.0/s, last_udp=795.75s, meas=1, tracks=8, valid=0, master=153
[GPS] GGA fix_quality=0, num_sats=00, hdop=9999.0, lat=0.0, lon=0.0
[LIVE] udp=0.0/s, objs=0.0/s, last_udp=796.76s, meas=1, tracks=8, valid=0, master=153
[GPS] GGA fix_quality=0, num_sats=00, hdop=9999.0, lat=0.0, lon=0.0
[LIVE] udp=0.0/s, objs=0.0/s, last_udp=797.76s, meas=1, tracks=8, valid=0, master=153
[GPS] GGA fix_quality=0, num_sats=00, hdop=9999.0, lat=0.0, lon=0.0
[LIVE] udp=0.0/s, objs=0.0/s, last_udp=798.76s, meas=1, tracks=8, valid=0, master=153
[GPS] GGA fix_quality=0, num_sats=00, hdop=9999.0, lat=0.0, lon=0.0
[LIVE] udp=0.0/s, objs=0.0/s, last_udp=799.76s, meas=1, tracks=8, valid=0, master=153
[LIVE] udp=0.0/s, objs=0.0/s, last_udp=800.77s, meas=1, tracks=8, valid=0, master=153
[LIVE] udp=0.0/s, objs=0.0/s, last_udp=801.77s, meas=1, tracks=8, valid=0, master=153
[LIVE] udp=0.0/s, objs=0.0/s, last_udp=802.77s, meas=1, tracks=8, valid=0, master=153
[LIVE] udp=0.0/s, objs=0.0/s, last_udp=803.78s, meas=1, tracks=8, valid=0, master=153
[GPS] GGA fix_quality=0, num_sats=00, hdop=9999.0, lat=0.0, lon=0.0
[LIVE] udp=0.0/s, objs=0.0/s, last_udp=804.78s, meas=1, tracks=8, valid=0, master=153
[GPS] GGA fix_quality=0, num_sats=00, hdop=9999.0, lat=0.0, lon=0.0
[LIVE] udp=0.0/s, objs=0.0/s, last_udp=805.78s, meas=1, tracks=8, valid=0, master=153
[GPS] GGA fix_quality=0, num_sats=00, hdop=9999.0, lat=0.0, lon=0.0
[LIVE] udp=0.0/s, objs=0.0/s, last_udp=806.79s, meas=1, tracks=8, valid=0, master=153
[GPS] GGA fix_quality=0, num_sats=00, hdop=9999.0, lat=0.0, lon=0.0
[LIVE] udp=0.0/s, objs=0.0/s, last_udp=807.79s, meas=1, tracks=8, valid=0, master=153
[GPS] GGA fix_quality=0, num_sats=00, hdop=9999.0, lat=0.0, lon=0.0
[LIVE] udp=0.0/s, objs=0.0/s, last_udp=808.79s, meas=1, tracks=8, valid=0, master=153
[GPS] GGA fix_quality=0, num_sats=00, hdop=9999.0, lat=0.0, lon=0.0
[LIVE] udp=0.0/s, objs=0.0/s, last_udp=809.79s, meas=1, tracks=8, valid=0, master=153
[LIVE] udp=0.0/s, objs=0.0/s, last_udp=810.79s, meas=1, tracks=8, valid=0, master=153
[LIVE] udp=0.0/s, objs=0.0/s, last_udp=811.79s, meas=1, tracks=8, valid=0, master=153
[LIVE] udp=0.0/s, objs=0.0/s, last_udp=812.80s, meas=1, tracks=8, valid=0, master=153
[LIVE] udp=0.0/s, objs=0.0/s, last_udp=813.80s, meas=1, tracks=8, valid=0, master=153
[GPS] GGA fix_quality=0, num_sats=00, hdop=9999.0, lat=0.0, lon=0.0
[LIVE] udp=0.0/s, objs=0.0/s, last_udp=814.81s, meas=1, tracks=8, valid=0, master=153
[GPS] GGA fix_quality=0, num_sats=00, hdop=9999.0, lat=0.0, lon=0.0
[LIVE] udp=0.0/s, objs=0.0/s, last_udp=815.81s, meas=1, tracks=8, valid=0, master=153
[GPS] GGA fix_quality=0, num_sats=00, hdop=9999.0, lat=0.0, lon=0.0
[LIVE] udp=0.0/s, objs=0.0/s, last_udp=816.81s, meas=1, tracks=8, valid=0, master=153
[GPS] GGA fix_quality=0, num_sats=00, hdop=9999.0, lat=0.0, lon=0.0
[LIVE] udp=0.0/s, objs=0.0/s, last_udp=817.82s, meas=1, tracks=8, valid=0, master=153
[GPS] GGA fix_quality=0, num_sats=00, hdop=9999.0, lat=0.0, lon=0.0
[LIVE] udp=0.0/s, objs=0.0/s, last_udp=818.82s, meas=1, tracks=8, valid=0, master=153
[GPS] GGA fix_quality=0, num_sats=00, hdop=9999.0, lat=0.0, lon=0.0
[LIVE] udp=0.0/s, objs=0.0/s, last_udp=819.82s, meas=1, tracks=8, valid=0, master=153
[LIVE] udp=0.0/s, objs=0.0/s, last_udp=820.83s, meas=1, tracks=8, valid=0, master=153
[LIVE] udp=0.0/s, objs=0.0/s, last_udp=821.83s, meas=1, tracks=8, valid=0, master=153
[LIVE] udp=0.0/s, objs=0.0/s, last_udp=822.84s, meas=1, tracks=8, valid=0, master=153
[LIVE] udp=0.0/s, objs=0.0/s, last_udp=823.84s, meas=1, tracks=8, valid=0, master=153
[GPS] GGA fix_quality=0, num_sats=00, hdop=9999.0, lat=0.0, lon=0.0
[LIVE] udp=0.0/s, objs=0.0/s, last_udp=824.84s, meas=1, tracks=8, valid=0, master=153
[GPS] GGA fix_quality=0, num_sats=00, hdop=9999.0, lat=0.0, lon=0.0
[LIVE] udp=0.0/s, objs=0.0/s, last_udp=825.84s, meas=1, tracks=8, valid=0, master=153
[GPS] GGA fix_quality=0, num_sats=00, hdop=9999.0, lat=0.0, lon=0.0
[GPS] GGA fix_quality=0, num_sats=00, hdop=9999.0, lat=0.0, lon=0.0
[LIVE] udp=0.0/s, objs=0.0/s, last_udp=826.84s, meas=1, tracks=8, valid=0, master=153
[GPS] GGA fix_quality=0, num_sats=00, hdop=9999.0, lat=0.0, lon=0.0
[LIVE] udp=0.0/s, objs=0.0/s, last_udp=827.85s, meas=1, tracks=8, valid=0, master=153
[GPS] GGA fix_quality=0, num_sats=00, hdop=9999.0, lat=0.0, lon=0.0
[LIVE] udp=0.0/s, objs=0.0/s, last_udp=828.85s, meas=1, tracks=8, valid=0, master=153
[LIVE] udp=0.0/s, objs=0.0/s, last_udp=829.85s, meas=1, tracks=8, valid=0, master=153
[LIVE] udp=0.0/s, objs=0.0/s, last_udp=830.86s, meas=1, tracks=8, valid=0, master=153
[LIVE] udp=0.0/s, objs=0.0/s, last_udp=831.86s, meas=1, tracks=8, valid=0, master=153
[LIVE] udp=0.0/s, objs=0.0/s, last_udp=832.86s, meas=1, tracks=8, valid=0, master=153
[GPS] GGA fix_quality=0, num_sats=00, hdop=9999.0, lat=0.0, lon=0.0
[LIVE] udp=0.0/s, objs=0.0/s, last_udp=833.87s, meas=1, tracks=8, valid=0, master=153
[GPS] GGA fix_quality=0, num_sats=00, hdop=9999.0, lat=0.0, lon=0.0
[LIVE] udp=0.0/s, objs=0.0/s, last_udp=834.87s, meas=1, tracks=8, valid=0, master=153
[GPS] GGA fix_quality=0, num_sats=00, hdop=9999.0, lat=0.0, lon=0.0
[LIVE] udp=0.0/s, objs=0.0/s, last_udp=835.87s, meas=1, tracks=8, valid=0, master=153
[GPS] GGA fix_quality=0, num_sats=00, hdop=9999.0, lat=0.0, lon=0.0
[LIVE] udp=0.0/s, objs=0.0/s, last_udp=836.88s, meas=1, tracks=8, valid=0, master=153
[GPS] GGA fix_quality=0, num_sats=00, hdop=9999.0, lat=0.0, lon=0.0
[LIVE] udp=0.0/s, objs=0.0/s, last_udp=837.88s, meas=1, tracks=8, valid=0, master=153
[GPS] GGA fix_quality=0, num_sats=00, hdop=9999.0, lat=0.0, lon=0.0
[LIVE] udp=0.0/s, objs=0.0/s, last_udp=838.88s, meas=1, tracks=8, valid=0, master=153
[LIVE] udp=0.0/s, objs=0.0/s, last_udp=839.88s, meas=1, tracks=8, valid=0, master=153
[LIVE] udp=0.0/s, objs=0.0/s, last_udp=840.89s, meas=1, tracks=8, valid=0, master=153
[LIVE] udp=0.0/s, objs=0.0/s, last_udp=841.89s, meas=1, tracks=8, valid=0, master=153
[LIVE] udp=0.0/s, objs=0.0/s, last_udp=842.89s, meas=1, tracks=8, valid=0, master=153
[GPS] GGA fix_quality=0, num_sats=00, hdop=9999.0, lat=0.0, lon=0.0
[LIVE] udp=0.0/s, objs=0.0/s, last_udp=843.90s, meas=1, tracks=8, valid=0, master=153
[GPS] GGA fix_quality=0, num_sats=00, hdop=9999.0, lat=0.0, lon=0.0
[LIVE] udp=0.0/s, objs=0.0/s, last_udp=844.90s, meas=1, tracks=8, valid=0, master=153
[GPS] GGA fix_quality=0, num_sats=00, hdop=9999.0, lat=0.0, lon=0.0
[LIVE] udp=0.0/s, objs=0.0/s, last_udp=845.90s, meas=1, tracks=8, valid=0, master=153
[GPS] GGA fix_quality=0, num_sats=00, hdop=9999.0, lat=0.0, lon=0.0
[LIVE] udp=0.0/s, objs=0.0/s, last_udp=846.90s, meas=1, tracks=8, valid=0, master=153
[GPS] GGA fix_quality=0, num_sats=00, hdop=9999.0, lat=0.0, lon=0.0
[LIVE] udp=0.0/s, objs=0.0/s, last_udp=847.91s, meas=1, tracks=8, valid=0, master=153
[GPS] GGA fix_quality=0, num_sats=00, hdop=9999.0, lat=0.0, lon=0.0
[LIVE] udp=0.0/s, objs=0.0/s, last_udp=848.91s, meas=1, tracks=8, valid=0, master=153
[LIVE] udp=0.0/s, objs=0.0/s, last_udp=849.91s, meas=1, tracks=8, valid=0, master=153
[LIVE] udp=0.0/s, objs=0.0/s, last_udp=850.92s, meas=1, tracks=8, valid=0, master=153
[LIVE] udp=0.0/s, objs=0.0/s, last_udp=851.92s, meas=1, tracks=8, valid=0, master=153
[LIVE] udp=0.0/s, objs=0.0/s, last_udp=852.92s, meas=1, tracks=8, valid=0, master=153
[GPS] GGA fix_quality=0, num_sats=00, hdop=9999.0, lat=0.0, lon=0.0
[LIVE] udp=0.0/s, objs=0.0/s, last_udp=853.93s, meas=1, tracks=8, valid=0, master=153
[GPS] GGA fix_quality=0, num_sats=00, hdop=9999.0, lat=0.0, lon=0.0
[LIVE] udp=0.0/s, objs=0.0/s, last_udp=854.93s, meas=1, tracks=8, valid=0, master=153
[GPS] GGA fix_quality=0, num_sats=00, hdop=9999.0, lat=0.0, lon=0.0
[LIVE] udp=0.0/s, objs=0.0/s, last_udp=855.93s, meas=1, tracks=8, valid=0, master=153
[GPS] GGA fix_quality=0, num_sats=00, hdop=9999.0, lat=0.0, lon=0.0
[LIVE] udp=0.0/s, objs=0.0/s, last_udp=856.93s, meas=1, tracks=8, valid=0, master=153
[GPS] GGA fix_quality=0, num_sats=00, hdop=9999.0, lat=0.0, lon=0.0
[LIVE] udp=0.0/s, objs=0.0/s, last_udp=857.93s, meas=1, tracks=8, valid=0, master=153
[GPS] GGA fix_quality=0, num_sats=00, hdop=9999.0, lat=0.0, lon=0.0
[LIVE] udp=0.0/s, objs=0.0/s, last_udp=858.94s, meas=1, tracks=8, valid=0, master=153
[LIVE] udp=0.0/s, objs=0.0/s, last_udp=859.94s, meas=1, tracks=8, valid=0, master=153
[LIVE] udp=0.0/s, objs=0.0/s, last_udp=860.95s, meas=1, tracks=8, valid=0, master=153
[LIVE] udp=0.0/s, objs=0.0/s, last_udp=861.95s, meas=1, tracks=8, valid=0, master=153
[LIVE] udp=0.0/s, objs=0.0/s, last_udp=862.95s, meas=1, tracks=8, valid=0, master=153
[GPS] GGA fix_quality=0, num_sats=00, hdop=9999.0, lat=0.0, lon=0.0
[LIVE] udp=0.0/s, objs=0.0/s, last_udp=863.95s, meas=1, tracks=8, valid=0, master=153
[GPS] GGA fix_quality=0, num_sats=00, hdop=9999.0, lat=0.0, lon=0.0
[LIVE] udp=0.0/s, objs=0.0/s, last_udp=864.95s, meas=1, tracks=8, valid=0, master=153
[GPS] GGA fix_quality=0, num_sats=00, hdop=9999.0, lat=0.0, lon=0.0
[LIVE] udp=0.0/s, objs=0.0/s, last_udp=865.96s, meas=1, tracks=8, valid=0, master=153
[GPS] GGA fix_quality=0, num_sats=00, hdop=9999.0, lat=0.0, lon=0.0
[LIVE] udp=0.0/s, objs=0.0/s, last_udp=866.96s, meas=1, tracks=8, valid=0, master=153
[GPS] GGA fix_quality=0, num_sats=00, hdop=9999.0, lat=0.0, lon=0.0
[LIVE] udp=0.0/s, objs=0.0/s, last_udp=867.96s, meas=1, tracks=8, valid=0, master=153
[GPS] GGA fix_quality=0, num_sats=00, hdop=9999.0, lat=0.0, lon=0.0
[LIVE] udp=0.0/s, objs=0.0/s, last_udp=868.96s, meas=1, tracks=8, valid=0, master=153
[LIVE] udp=0.0/s, objs=0.0/s, last_udp=869.97s, meas=1, tracks=8, valid=0, master=153
[LIVE] udp=0.0/s, objs=0.0/s, last_udp=870.97s, meas=1, tracks=8, valid=0, master=153
[LIVE] udp=0.0/s, objs=0.0/s, last_udp=871.97s, meas=1, tracks=8, valid=0, master=153
[LIVE] udp=0.0/s, objs=0.0/s, last_udp=872.97s, meas=1, tracks=8, valid=0, master=153
[GPS] GGA fix_quality=0, num_sats=00, hdop=9999.0, lat=0.0, lon=0.0
[LIVE] udp=0.0/s, objs=0.0/s, last_udp=873.97s, meas=1, tracks=8, valid=0, master=153
[GPS] GGA fix_quality=0, num_sats=00, hdop=9999.0, lat=0.0, lon=0.0
[LIVE] udp=0.0/s, objs=0.0/s, last_udp=874.97s, meas=1, tracks=8, valid=0, master=153
[GPS] GGA fix_quality=0, num_sats=00, hdop=9999.0, lat=0.0, lon=0.0
[LIVE] udp=0.0/s, objs=0.0/s, last_udp=875.98s, meas=1, tracks=8, valid=0, master=153
[GPS] GGA fix_quality=0, num_sats=00, hdop=9999.0, lat=0.0, lon=0.0
[LIVE] udp=0.0/s, objs=0.0/s, last_udp=876.98s, meas=1, tracks=8, valid=0, master=153
[GPS] GGA fix_quality=0, num_sats=00, hdop=9999.0, lat=0.0, lon=0.0
[LIVE] udp=0.0/s, objs=0.0/s, last_udp=877.98s, meas=1, tracks=8, valid=0, master=153
[GPS] GGA fix_quality=0, num_sats=00, hdop=9999.0, lat=0.0, lon=0.0
[LIVE] udp=0.0/s, objs=0.0/s, last_udp=878.99s, meas=1, tracks=8, valid=0, master=153
[LIVE] udp=0.0/s, objs=0.0/s, last_udp=879.99s, meas=1, tracks=8, valid=0, master=153
[LIVE] udp=0.0/s, objs=0.0/s, last_udp=880.99s, meas=1, tracks=8, valid=0, master=153
[LIVE] udp=0.0/s, objs=0.0/s, last_udp=882.00s, meas=1, tracks=8, valid=0, master=153
[LIVE] udp=0.0/s, objs=0.0/s, last_udp=883.00s, meas=1, tracks=8, valid=0, master=153
[GPS] GGA fix_quality=0, num_sats=00, hdop=9999.0, lat=0.0, lon=0.0
[LIVE] udp=0.0/s, objs=0.0/s, last_udp=884.01s, meas=1, tracks=8, valid=0, master=153
[GPS] GGA fix_quality=0, num_sats=00, hdop=9999.0, lat=0.0, lon=0.0
[LIVE] udp=0.0/s, objs=0.0/s, last_udp=885.01s, meas=1, tracks=8, valid=0, master=153
[GPS] GGA fix_quality=0, num_sats=00, hdop=9999.0, lat=0.0, lon=0.0
[LIVE] udp=0.0/s, objs=0.0/s, last_udp=886.02s, meas=1, tracks=8, valid=0, master=153
[GPS] GGA fix_quality=0, num_sats=00, hdop=9999.0, lat=0.0, lon=0.0
[LIVE] udp=0.0/s, objs=0.0/s, last_udp=887.02s, meas=1, tracks=8, valid=0, master=153
[GPS] GGA fix_quality=0, num_sats=00, hdop=9999.0, lat=0.0, lon=0.0
[LIVE] udp=0.0/s, objs=0.0/s, last_udp=888.02s, meas=1, tracks=8, valid=0, master=153
[GPS] GGA fix_quality=0, num_sats=00, hdop=9999.0, lat=0.0, lon=0.0
[LIVE] udp=0.0/s, objs=0.0/s, last_udp=889.02s, meas=1, tracks=8, valid=0, master=153
[LIVE] udp=0.0/s, objs=0.0/s, last_udp=890.03s, meas=1, tracks=8, valid=0, master=153
[LIVE] udp=0.0/s, objs=0.0/s, last_udp=891.03s, meas=1, tracks=8, valid=0, master=153
[LIVE] udp=0.0/s, objs=0.0/s, last_udp=892.03s, meas=1, tracks=8, valid=0, master=153
[LIVE] udp=0.0/s, objs=0.0/s, last_udp=893.03s, meas=1, tracks=8, valid=0, master=153
[GPS] GGA fix_quality=0, num_sats=00, hdop=9999.0, lat=0.0, lon=0.0
[LIVE] udp=0.0/s, objs=0.0/s, last_udp=894.04s, meas=1, tracks=8, valid=0, master=153
[GPS] GGA fix_quality=0, num_sats=00, hdop=9999.0, lat=0.0, lon=0.0
[LIVE] udp=0.0/s, objs=0.0/s, last_udp=895.04s, meas=1, tracks=8, valid=0, master=153
[GPS] GGA fix_quality=0, num_sats=00, hdop=9999.0, lat=0.0, lon=0.0
[LIVE] udp=0.0/s, objs=0.0/s, last_udp=896.04s, meas=1, tracks=8, valid=0, master=153
[GPS] GGA fix_quality=0, num_sats=00, hdop=9999.0, lat=0.0, lon=0.0
[LIVE] udp=0.0/s, objs=0.0/s, last_udp=897.05s, meas=1, tracks=8, valid=0, master=153
[GPS] GGA fix_quality=0, num_sats=00, hdop=9999.0, lat=0.0, lon=0.0
[LIVE] udp=0.0/s, objs=0.0/s, last_udp=898.05s, meas=1, tracks=8, valid=0, master=153
[GPS] GGA fix_quality=0, num_sats=00, hdop=9999.0, lat=0.0, lon=0.0
[LIVE] udp=0.0/s, objs=0.0/s, last_udp=899.05s, meas=1, tracks=8, valid=0, master=153
[LIVE] udp=0.0/s, objs=0.0/s, last_udp=900.06s, meas=1, tracks=8, valid=0, master=153
[LIVE] udp=0.0/s, objs=0.0/s, last_udp=901.06s, meas=1, tracks=8, valid=0, master=153
[LIVE] udp=0.0/s, objs=0.0/s, last_udp=902.07s, meas=1, tracks=8, valid=0, master=153
[LIVE] udp=0.0/s, objs=0.0/s, last_udp=903.07s, meas=1, tracks=8, valid=0, master=153
[GPS] GGA fix_quality=0, num_sats=00, hdop=9999.0, lat=0.0, lon=0.0
[LIVE] udp=0.0/s, objs=0.0/s, last_udp=904.07s, meas=1, tracks=8, valid=0, master=153
[GPS] GGA fix_quality=0, num_sats=00, hdop=9999.0, lat=0.0, lon=0.0
[LIVE] udp=0.0/s, objs=0.0/s, last_udp=905.08s, meas=1, tracks=8, valid=0, master=153
[GPS] GGA fix_quality=0, num_sats=00, hdop=9999.0, lat=0.0, lon=0.0
[LIVE] udp=0.0/s, objs=0.0/s, last_udp=906.08s, meas=1, tracks=8, valid=0, master=153
[GPS] GGA fix_quality=0, num_sats=00, hdop=9999.0, lat=0.0, lon=0.0
[LIVE] udp=0.0/s, objs=0.0/s, last_udp=907.08s, meas=1, tracks=8, valid=0, master=153
[GPS] GGA fix_quality=0, num_sats=00, hdop=9999.0, lat=0.0, lon=0.0
[LIVE] udp=0.0/s, objs=0.0/s, last_udp=908.08s, meas=1, tracks=8, valid=0, master=153
[GPS] GGA fix_quality=0, num_sats=00, hdop=9999.0, lat=0.0, lon=0.0
[LIVE] udp=0.0/s, objs=0.0/s, last_udp=909.08s, meas=1, tracks=8, valid=0, master=153
[LIVE] udp=0.0/s, objs=0.0/s, last_udp=910.09s, meas=1, tracks=8, valid=0, master=153
[LIVE] udp=0.0/s, objs=0.0/s, last_udp=911.09s, meas=1, tracks=8, valid=0, master=153
[LIVE] udp=0.0/s, objs=0.0/s, last_udp=912.09s, meas=1, tracks=8, valid=0, master=153
[LIVE] udp=0.0/s, objs=0.0/s, last_udp=913.10s, meas=1, tracks=8, valid=0, master=153
[GPS] GGA fix_quality=0, num_sats=00, hdop=9999.0, lat=0.0, lon=0.0
[LIVE] udp=0.0/s, objs=0.0/s, last_udp=914.10s, meas=1, tracks=8, valid=0, master=153
[GPS] GGA fix_quality=0, num_sats=00, hdop=9999.0, lat=0.0, lon=0.0
[LIVE] udp=0.0/s, objs=0.0/s, last_udp=915.10s, meas=1, tracks=8, valid=0, master=153
[GPS] GGA fix_quality=0, num_sats=00, hdop=9999.0, lat=0.0, lon=0.0
[LIVE] udp=0.0/s, objs=0.0/s, last_udp=916.10s, meas=1, tracks=8, valid=0, master=153
[GPS] GGA fix_quality=0, num_sats=00, hdop=9999.0, lat=0.0, lon=0.0
[LIVE] udp=0.0/s, objs=0.0/s, last_udp=917.10s, meas=1, tracks=8, valid=0, master=153
[GPS] GGA fix_quality=0, num_sats=00, hdop=9999.0, lat=0.0, lon=0.0
[LIVE] udp=0.0/s, objs=0.0/s, last_udp=918.10s, meas=1, tracks=8, valid=0, master=153
[GPS] GGA fix_quality=0, num_sats=00, hdop=9999.0, lat=0.0, lon=0.0
[LIVE] udp=0.0/s, objs=0.0/s, last_udp=919.11s, meas=1, tracks=8, valid=0, master=153
[LIVE] udp=0.0/s, objs=0.0/s, last_udp=920.11s, meas=1, tracks=8, valid=0, master=153
[LIVE] udp=0.0/s, objs=0.0/s, last_udp=921.11s, meas=1, tracks=8, valid=0, master=153
[LIVE] udp=0.0/s, objs=0.0/s, last_udp=922.12s, meas=1, tracks=8, valid=0, master=153
[LIVE] udp=0.0/s, objs=0.0/s, last_udp=923.12s, meas=1, tracks=8, valid=0, master=153
[GPS] GGA fix_quality=0, num_sats=00, hdop=9999.0, lat=0.0, lon=0.0
[LIVE] udp=0.0/s, objs=0.0/s, last_udp=924.12s, meas=1, tracks=8, valid=0, master=153
[GPS] GGA fix_quality=0, num_sats=00, hdop=9999.0, lat=0.0, lon=0.0
[LIVE] udp=0.0/s, objs=0.0/s, last_udp=925.13s, meas=1, tracks=8, valid=0, master=153
[GPS] GGA fix_quality=0, num_sats=00, hdop=9999.0, lat=0.0, lon=0.0
[LIVE] udp=0.0/s, objs=0.0/s, last_udp=926.13s, meas=1, tracks=8, valid=0, master=153
[GPS] GGA fix_quality=0, num_sats=00, hdop=9999.0, lat=0.0, lon=0.0
[LIVE] udp=0.0/s, objs=0.0/s, last_udp=927.13s, meas=1, tracks=8, valid=0, master=153
[GPS] GGA fix_quality=0, num_sats=00, hdop=9999.0, lat=0.0, lon=0.0
[LIVE] udp=0.0/s, objs=0.0/s, last_udp=928.13s, meas=1, tracks=8, valid=0, master=153
[GPS] GGA fix_quality=0, num_sats=00, hdop=9999.0, lat=0.0, lon=0.0
[LIVE] udp=0.0/s, objs=0.0/s, last_udp=929.14s, meas=1, tracks=8, valid=0, master=153
[LIVE] udp=0.0/s, objs=0.0/s, last_udp=930.14s, meas=1, tracks=8, valid=0, master=153
[LIVE] udp=0.0/s, objs=0.0/s, last_udp=931.14s, meas=1, tracks=8, valid=0, master=153
[LIVE] udp=0.0/s, objs=0.0/s, last_udp=932.15s, meas=1, tracks=8, valid=0, master=153
[LIVE] udp=0.0/s, objs=0.0/s, last_udp=933.15s, meas=1, tracks=8, valid=0, master=153
[GPS] GGA fix_quality=0, num_sats=00, hdop=9999.0, lat=0.0, lon=0.0
[LIVE] udp=0.0/s, objs=0.0/s, last_udp=934.15s, meas=1, tracks=8, valid=0, master=153
[GPS] GGA fix_quality=0, num_sats=00, hdop=9999.0, lat=0.0, lon=0.0
[LIVE] udp=0.0/s, objs=0.0/s, last_udp=935.15s, meas=1, tracks=8, valid=0, master=153
[GPS] GGA fix_quality=0, num_sats=00, hdop=9999.0, lat=0.0, lon=0.0
[LIVE] udp=0.0/s, objs=0.0/s, last_udp=936.16s, meas=1, tracks=8, valid=0, master=153
[GPS] GGA fix_quality=0, num_sats=00, hdop=9999.0, lat=0.0, lon=0.0
[LIVE] udp=0.0/s, objs=0.0/s, last_udp=937.16s, meas=1, tracks=8, valid=0, master=153
[GPS] GGA fix_quality=0, num_sats=00, hdop=9999.0, lat=0.0, lon=0.0
[LIVE] udp=0.0/s, objs=0.0/s, last_udp=938.16s, meas=1, tracks=8, valid=0, master=153
[GPS] GGA fix_quality=0, num_sats=00, hdop=9999.0, lat=0.0, lon=0.0
[LIVE] udp=0.0/s, objs=0.0/s, last_udp=939.16s, meas=1, tracks=8, valid=0, master=153
[LIVE] udp=0.0/s, objs=0.0/s, last_udp=940.17s, meas=1, tracks=8, valid=0, master=153
[LIVE] udp=0.0/s, objs=0.0/s, last_udp=941.17s, meas=1, tracks=8, valid=0, master=153
[LIVE] udp=0.0/s, objs=0.0/s, last_udp=942.17s, meas=1, tracks=8, valid=0, master=153
[LIVE] udp=0.0/s, objs=0.0/s, last_udp=943.18s, meas=1, tracks=8, valid=0, master=153
[GPS] GGA fix_quality=0, num_sats=00, hdop=9999.0, lat=0.0, lon=0.0
[LIVE] udp=0.0/s, objs=0.0/s, last_udp=944.18s, meas=1, tracks=8, valid=0, master=153
[GPS] GGA fix_quality=0, num_sats=00, hdop=9999.0, lat=0.0, lon=0.0
[LIVE] udp=0.0/s, objs=0.0/s, last_udp=945.18s, meas=1, tracks=8, valid=0, master=153
[GPS] GGA fix_quality=0, num_sats=00, hdop=9999.0, lat=0.0, lon=0.0
[LIVE] udp=0.0/s, objs=0.0/s, last_udp=946.18s, meas=1, tracks=8, valid=0, master=153
[GPS] GGA fix_quality=0, num_sats=00, hdop=9999.0, lat=0.0, lon=0.0
[LIVE] udp=0.0/s, objs=0.0/s, last_udp=947.18s, meas=1, tracks=8, valid=0, master=153
[GPS] GGA fix_quality=0, num_sats=00, hdop=9999.0, lat=0.0, lon=0.0
[LIVE] udp=0.0/s, objs=0.0/s, last_udp=948.18s, meas=1, tracks=8, valid=0, master=153
[GPS] GGA fix_quality=0, num_sats=00, hdop=9999.0, lat=0.0, lon=0.0
[LIVE] udp=0.0/s, objs=0.0/s, last_udp=949.19s, meas=1, tracks=8, valid=0, master=153
[LIVE] udp=0.0/s, objs=0.0/s, last_udp=950.19s, meas=1, tracks=8, valid=0, master=153
[LIVE] udp=0.0/s, objs=0.0/s, last_udp=951.19s, meas=1, tracks=8, valid=0, master=153
[LIVE] udp=0.0/s, objs=0.0/s, last_udp=952.19s, meas=1, tracks=8, valid=0, master=153
[LIVE] udp=0.0/s, objs=0.0/s, last_udp=953.19s, meas=1, tracks=8, valid=0, master=153
[GPS] GGA fix_quality=0, num_sats=00, hdop=9999.0, lat=0.0, lon=0.0
[LIVE] udp=0.0/s, objs=0.0/s, last_udp=954.20s, meas=1, tracks=8, valid=0, master=153
[GPS] GGA fix_quality=0, num_sats=00, hdop=9999.0, lat=0.0, lon=0.0
[LIVE] udp=0.0/s, objs=0.0/s, last_udp=955.20s, meas=1, tracks=8, valid=0, master=153
[GPS] GGA fix_quality=0, num_sats=00, hdop=9999.0, lat=0.0, lon=0.0
[LIVE] udp=0.0/s, objs=0.0/s, last_udp=956.21s, meas=1, tracks=8, valid=0, master=153
[GPS] GGA fix_quality=0, num_sats=00, hdop=9999.0, lat=0.0, lon=0.0
[LIVE] udp=0.0/s, objs=0.0/s, last_udp=957.21s, meas=1, tracks=8, valid=0, master=153
[GPS] GGA fix_quality=0, num_sats=00, hdop=9999.0, lat=0.0, lon=0.0
[LIVE] udp=0.0/s, objs=0.0/s, last_udp=958.21s, meas=1, tracks=8, valid=0, master=153
[GPS] GGA fix_quality=0, num_sats=00, hdop=9999.0, lat=0.0, lon=0.0
[LIVE] udp=0.0/s, objs=0.0/s, last_udp=959.21s, meas=1, tracks=8, valid=0, master=153
[LIVE] udp=0.0/s, objs=0.0/s, last_udp=960.21s, meas=1, tracks=8, valid=0, master=153
[LIVE] udp=0.0/s, objs=0.0/s, last_udp=961.22s, meas=1, tracks=8, valid=0, master=153
[LIVE] udp=0.0/s, objs=0.0/s, last_udp=962.22s, meas=1, tracks=8, valid=0, master=153
[LIVE] udp=0.0/s, objs=0.0/s, last_udp=963.22s, meas=1, tracks=8, valid=0, master=153
[GPS] GGA fix_quality=0, num_sats=00, hdop=9999.0, lat=0.0, lon=0.0
[LIVE] udp=0.0/s, objs=0.0/s, last_udp=964.22s, meas=1, tracks=8, valid=0, master=153
[GPS] GGA fix_quality=0, num_sats=00, hdop=9999.0, lat=0.0, lon=0.0
[LIVE] udp=0.0/s, objs=0.0/s, last_udp=965.23s, meas=1, tracks=8, valid=0, master=153
[GPS] GGA fix_quality=0, num_sats=00, hdop=9999.0, lat=0.0, lon=0.0
[LIVE] udp=0.0/s, objs=0.0/s, last_udp=966.23s, meas=1, tracks=8, valid=0, master=153
[GPS] GGA fix_quality=0, num_sats=00, hdop=9999.0, lat=0.0, lon=0.0
[LIVE] udp=0.0/s, objs=0.0/s, last_udp=967.23s, meas=1, tracks=8, valid=0, master=153
[GPS] GGA fix_quality=0, num_sats=00, hdop=9999.0, lat=0.0, lon=0.0
[LIVE] udp=0.0/s, objs=0.0/s, last_udp=968.24s, meas=1, tracks=8, valid=0, master=153
[GPS] GGA fix_quality=0, num_sats=00, hdop=9999.0, lat=0.0, lon=0.0
[LIVE] udp=0.0/s, objs=0.0/s, last_udp=969.24s, meas=1, tracks=8, valid=0, master=153
[LIVE] udp=0.0/s, objs=0.0/s, last_udp=970.24s, meas=1, tracks=8, valid=0, master=153
[LIVE] udp=0.0/s, objs=0.0/s, last_udp=971.25s, meas=1, tracks=8, valid=0, master=153
[LIVE] udp=0.0/s, objs=0.0/s, last_udp=972.25s, meas=1, tracks=8, valid=0, master=153
[LIVE] udp=0.0/s, objs=0.0/s, last_udp=973.25s, meas=1, tracks=8, valid=0, master=153
[GPS] GGA fix_quality=0, num_sats=00, hdop=9999.0, lat=0.0, lon=0.0
[LIVE] udp=0.0/s, objs=0.0/s, last_udp=974.25s, meas=1, tracks=8, valid=0, master=153
[GPS] GGA fix_quality=0, num_sats=00, hdop=9999.0, lat=0.0, lon=0.0
[LIVE] udp=0.0/s, objs=0.0/s, last_udp=975.26s, meas=1, tracks=8, valid=0, master=153
[GPS] GGA fix_quality=0, num_sats=00, hdop=9999.0, lat=0.0, lon=0.0
[LIVE] udp=0.0/s, objs=0.0/s, last_udp=976.26s, meas=1, tracks=8, valid=0, master=153
[GPS] GGA fix_quality=0, num_sats=00, hdop=9999.0, lat=0.0, lon=0.0
[LIVE] udp=0.0/s, objs=0.0/s, last_udp=977.26s, meas=1, tracks=8, valid=0, master=153
[GPS] GGA fix_quality=0, num_sats=00, hdop=9999.0, lat=0.0, lon=0.0
[LIVE] udp=0.0/s, objs=0.0/s, last_udp=978.27s, meas=1, tracks=8, valid=0, master=153
[GPS] GGA fix_quality=0, num_sats=00, hdop=9999.0, lat=0.0, lon=0.0
[LIVE] udp=0.0/s, objs=0.0/s, last_udp=979.27s, meas=1, tracks=8, valid=0, master=153
[LIVE] udp=0.0/s, objs=0.0/s, last_udp=980.27s, meas=1, tracks=8, valid=0, master=153
[LIVE] udp=0.0/s, objs=0.0/s, last_udp=981.27s, meas=1, tracks=8, valid=0, master=153
[LIVE] udp=0.0/s, objs=0.0/s, last_udp=982.28s, meas=1, tracks=8, valid=0, master=153
[LIVE] udp=0.0/s, objs=0.0/s, last_udp=983.28s, meas=1, tracks=8, valid=0, master=153
[GPS] GGA fix_quality=0, num_sats=00, hdop=9999.0, lat=0.0, lon=0.0
[LIVE] udp=0.0/s, objs=0.0/s, last_udp=984.28s, meas=1, tracks=8, valid=0, master=153
[GPS] GGA fix_quality=0, num_sats=00, hdop=9999.0, lat=0.0, lon=0.0
[LIVE] udp=0.0/s, objs=0.0/s, last_udp=985.28s, meas=1, tracks=8, valid=0, master=153
[GPS] GGA fix_quality=0, num_sats=00, hdop=9999.0, lat=0.0, lon=0.0
[LIVE] udp=0.0/s, objs=0.0/s, last_udp=986.29s, meas=1, tracks=8, valid=0, master=153
[GPS] GGA fix_quality=0, num_sats=00, hdop=9999.0, lat=0.0, lon=0.0
[LIVE] udp=0.0/s, objs=0.0/s, last_udp=987.29s, meas=1, tracks=8, valid=0, master=153
[GPS] GGA fix_quality=0, num_sats=00, hdop=9999.0, lat=0.0, lon=0.0
[LIVE] udp=0.0/s, objs=0.0/s, last_udp=988.30s, meas=1, tracks=8, valid=0, master=153
[GPS] GGA fix_quality=0, num_sats=00, hdop=9999.0, lat=0.0, lon=0.0
[LIVE] udp=0.0/s, objs=0.0/s, last_udp=989.30s, meas=1, tracks=8, valid=0, master=153
[LIVE] udp=0.0/s, objs=0.0/s, last_udp=990.30s, meas=1, tracks=8, valid=0, master=153
[LIVE] udp=0.0/s, objs=0.0/s, last_udp=991.31s, meas=1, tracks=8, valid=0, master=153
[LIVE] udp=0.0/s, objs=0.0/s, last_udp=992.31s, meas=1, tracks=8, valid=0, master=153
[LIVE] udp=0.0/s, objs=0.0/s, last_udp=993.31s, meas=1, tracks=8, valid=0, master=153
[GPS] GGA fix_quality=0, num_sats=00, hdop=9999.0, lat=0.0, lon=0.0
[LIVE] udp=0.0/s, objs=0.0/s, last_udp=994.31s, meas=1, tracks=8, valid=0, master=153
[GPS] GGA fix_quality=0, num_sats=00, hdop=9999.0, lat=0.0, lon=0.0
[LIVE] udp=0.0/s, objs=0.0/s, last_udp=995.32s, meas=1, tracks=8, valid=0, master=153
[GPS] GGA fix_quality=0, num_sats=00, hdop=9999.0, lat=0.0, lon=0.0
[LIVE] udp=0.0/s, objs=0.0/s, last_udp=996.32s, meas=1, tracks=8, valid=0, master=153
[GPS] GGA fix_quality=0, num_sats=00, hdop=9999.0, lat=0.0, lon=0.0
[LIVE] udp=0.0/s, objs=0.0/s, last_udp=997.33s, meas=1, tracks=8, valid=0, master=153
[GPS] GGA fix_quality=0, num_sats=00, hdop=9999.0, lat=0.0, lon=0.0
[LIVE] udp=0.0/s, objs=0.0/s, last_udp=998.33s, meas=1, tracks=8, valid=0, master=153
[GPS] GGA fix_quality=0, num_sats=00, hdop=9999.0, lat=0.0, lon=0.0
[LIVE] udp=0.0/s, objs=0.0/s, last_udp=999.33s, meas=1, tracks=8, valid=0, master=153
[LIVE] udp=0.0/s, objs=0.0/s, last_udp=1000.34s, meas=1, tracks=8, valid=0, master=153
[LIVE] udp=0.0/s, objs=0.0/s, last_udp=1001.34s, meas=1, tracks=8, valid=0, master=153
[LIVE] udp=0.0/s, objs=0.0/s, last_udp=1002.34s, meas=1, tracks=8, valid=0, master=153
[LIVE] udp=0.0/s, objs=0.0/s, last_udp=1003.35s, meas=1, tracks=8, valid=0, master=153
[GPS] GGA fix_quality=0, num_sats=00, hdop=9999.0, lat=0.0, lon=0.0
[LIVE] udp=0.0/s, objs=0.0/s, last_udp=1004.35s, meas=1, tracks=8, valid=0, master=153
[GPS] GGA fix_quality=0, num_sats=00, hdop=9999.0, lat=0.0, lon=0.0
[LIVE] udp=0.0/s, objs=0.0/s, last_udp=1005.35s, meas=1, tracks=8, valid=0, master=153
[GPS] GGA fix_quality=0, num_sats=00, hdop=9999.0, lat=0.0, lon=0.0
[LIVE] udp=0.0/s, objs=0.0/s, last_udp=1006.35s, meas=1, tracks=8, valid=0, master=153
[GPS] GGA fix_quality=0, num_sats=00, hdop=9999.0, lat=0.0, lon=0.0
[LIVE] udp=0.0/s, objs=0.0/s, last_udp=1007.36s, meas=1, tracks=8, valid=0, master=153
[GPS] GGA fix_quality=0, num_sats=00, hdop=9999.0, lat=0.0, lon=0.0
[LIVE] udp=0.0/s, objs=0.0/s, last_udp=1008.36s, meas=1, tracks=8, valid=0, master=153
[GPS] GGA fix_quality=0, num_sats=00, hdop=9999.0, lat=0.0, lon=0.0
[LIVE] udp=0.0/s, objs=0.0/s, last_udp=1009.36s, meas=1, tracks=8, valid=0, master=153
[LIVE] udp=0.0/s, objs=0.0/s, last_udp=1010.37s, meas=1, tracks=8, valid=0, master=153
[LIVE] udp=0.0/s, objs=0.0/s, last_udp=1011.37s, meas=1, tracks=8, valid=0, master=153
[LIVE] udp=0.0/s, objs=0.0/s, last_udp=1012.37s, meas=1, tracks=8, valid=0, master=153
[LIVE] udp=0.0/s, objs=0.0/s, last_udp=1013.37s, meas=1, tracks=8, valid=0, master=153
[GPS] GGA fix_quality=0, num_sats=00, hdop=9999.0, lat=0.0, lon=0.0
[LIVE] udp=0.0/s, objs=0.0/s, last_udp=1014.38s, meas=1, tracks=8, valid=0, master=153
[GPS] GGA fix_quality=0, num_sats=00, hdop=9999.0, lat=0.0, lon=0.0
[LIVE] udp=0.0/s, objs=0.0/s, last_udp=1015.38s, meas=1, tracks=8, valid=0, master=153
[GPS] GGA fix_quality=0, num_sats=00, hdop=9999.0, lat=0.0, lon=0.0
[LIVE] udp=0.0/s, objs=0.0/s, last_udp=1016.38s, meas=1, tracks=8, valid=0, master=153
[GPS] GGA fix_quality=0, num_sats=00, hdop=9999.0, lat=0.0, lon=0.0
[LIVE] udp=0.0/s, objs=0.0/s, last_udp=1017.38s, meas=1, tracks=8, valid=0, master=153
[GPS] GGA fix_quality=0, num_sats=00, hdop=9999.0, lat=0.0, lon=0.0
[LIVE] udp=0.0/s, objs=0.0/s, last_udp=1018.39s, meas=1, tracks=8, valid=0, master=153
[GPS] GGA fix_quality=0, num_sats=00, hdop=9999.0, lat=0.0, lon=0.0
[LIVE] udp=0.0/s, objs=0.0/s, last_udp=1019.39s, meas=1, tracks=8, valid=0, master=153
[LIVE] udp=0.0/s, objs=0.0/s, last_udp=1020.39s, meas=1, tracks=8, valid=0, master=153
[LIVE] udp=0.0/s, objs=0.0/s, last_udp=1021.39s, meas=1, tracks=8, valid=0, master=153
[LIVE] udp=0.0/s, objs=0.0/s, last_udp=1022.39s, meas=1, tracks=8, valid=0, master=153
[LIVE] udp=0.0/s, objs=0.0/s, last_udp=1023.39s, meas=1, tracks=8, valid=0, master=153
[GPS] GGA fix_quality=0, num_sats=00, hdop=9999.0, lat=0.0, lon=0.0
[LIVE] udp=0.0/s, objs=0.0/s, last_udp=1024.40s, meas=1, tracks=8, valid=0, master=153
[GPS] GGA fix_quality=0, num_sats=00, hdop=9999.0, lat=0.0, lon=0.0
[LIVE] udp=0.0/s, objs=0.0/s, last_udp=1025.40s, meas=1, tracks=8, valid=0, master=153
[GPS] GGA fix_quality=0, num_sats=00, hdop=9999.0, lat=0.0, lon=0.0
[LIVE] udp=0.0/s, objs=0.0/s, last_udp=1026.41s, meas=1, tracks=8, valid=0, master=153
[GPS] GGA fix_quality=0, num_sats=00, hdop=9999.0, lat=0.0, lon=0.0
[LIVE] udp=0.0/s, objs=0.0/s, last_udp=1027.41s, meas=1, tracks=8, valid=0, master=153
[GPS] GGA fix_quality=0, num_sats=00, hdop=9999.0, lat=0.0, lon=0.0
[LIVE] udp=0.0/s, objs=0.0/s, last_udp=1028.41s, meas=1, tracks=8, valid=0, master=153
[GPS] GGA fix_quality=0, num_sats=00, hdop=9999.0, lat=0.0, lon=0.0
[LIVE] udp=0.0/s, objs=0.0/s, last_udp=1029.42s, meas=1, tracks=8, valid=0, master=153
[LIVE] udp=0.0/s, objs=0.0/s, last_udp=1030.42s, meas=1, tracks=8, valid=0, master=153
[LIVE] udp=0.0/s, objs=0.0/s, last_udp=1031.42s, meas=1, tracks=8, valid=0, master=153
[LIVE] udp=0.0/s, objs=0.0/s, last_udp=1032.43s, meas=1, tracks=8, valid=0, master=153
[LIVE] udp=0.0/s, objs=0.0/s, last_udp=1033.43s, meas=1, tracks=8, valid=0, master=153
[GPS] GGA fix_quality=0, num_sats=00, hdop=9999.0, lat=0.0, lon=0.0
[LIVE] udp=0.0/s, objs=0.0/s, last_udp=1034.43s, meas=1, tracks=8, valid=0, master=153
[GPS] GGA fix_quality=0, num_sats=00, hdop=9999.0, lat=0.0, lon=0.0
[LIVE] udp=0.0/s, objs=0.0/s, last_udp=1035.44s, meas=1, tracks=8, valid=0, master=153
[GPS] GGA fix_quality=0, num_sats=00, hdop=9999.0, lat=0.0, lon=0.0
[LIVE] udp=0.0/s, objs=0.0/s, last_udp=1036.44s, meas=1, tracks=8, valid=0, master=153
[GPS] GGA fix_quality=0, num_sats=00, hdop=9999.0, lat=0.0, lon=0.0
[LIVE] udp=0.0/s, objs=0.0/s, last_udp=1037.45s, meas=1, tracks=8, valid=0, master=153
[GPS] GGA fix_quality=0, num_sats=00, hdop=9999.0, lat=0.0, lon=0.0
[LIVE] udp=0.0/s, objs=0.0/s, last_udp=1038.45s, meas=1, tracks=8, valid=0, master=153
[GPS] GGA fix_quality=0, num_sats=00, hdop=9999.0, lat=0.0, lon=0.0
[LIVE] udp=0.0/s, objs=0.0/s, last_udp=1039.45s, meas=1, tracks=8, valid=0, master=153
[LIVE] udp=0.0/s, objs=0.0/s, last_udp=1040.46s, meas=1, tracks=8, valid=0, master=153
[LIVE] udp=0.0/s, objs=0.0/s, last_udp=1041.46s, meas=1, tracks=8, valid=0, master=153
[LIVE] udp=0.0/s, objs=0.0/s, last_udp=1042.46s, meas=1, tracks=8, valid=0, master=153
[LIVE] udp=0.0/s, objs=0.0/s, last_udp=1043.47s, meas=1, tracks=8, valid=0, master=153
[GPS] GGA fix_quality=0, num_sats=00, hdop=9999.0, lat=0.0, lon=0.0
[LIVE] udp=0.0/s, objs=0.0/s, last_udp=1044.47s, meas=1, tracks=8, valid=0, master=153
[GPS] GGA fix_quality=0, num_sats=00, hdop=9999.0, lat=0.0, lon=0.0
[LIVE] udp=0.0/s, objs=0.0/s, last_udp=1045.47s, meas=1, tracks=8, valid=0, master=153
[GPS] GGA fix_quality=0, num_sats=00, hdop=9999.0, lat=0.0, lon=0.0
[LIVE] udp=0.0/s, objs=0.0/s, last_udp=1046.47s, meas=1, tracks=8, valid=0, master=153
[GPS] GGA fix_quality=0, num_sats=00, hdop=9999.0, lat=0.0, lon=0.0
[LIVE] udp=0.0/s, objs=0.0/s, last_udp=1047.47s, meas=1, tracks=8, valid=0, master=153
[GPS] GGA fix_quality=0, num_sats=00, hdop=9999.0, lat=0.0, lon=0.0
[LIVE] udp=0.0/s, objs=0.0/s, last_udp=1048.47s, meas=1, tracks=8, valid=0, master=153
[GPS] GGA fix_quality=0, num_sats=00, hdop=9999.0, lat=0.0, lon=0.0
[LIVE] udp=0.0/s, objs=0.0/s, last_udp=1049.48s, meas=1, tracks=8, valid=0, master=153
[LIVE] udp=0.0/s, objs=0.0/s, last_udp=1050.48s, meas=1, tracks=8, valid=0, master=153
[LIVE] udp=0.0/s, objs=0.0/s, last_udp=1051.48s, meas=1, tracks=8, valid=0, master=153
[LIVE] udp=0.0/s, objs=0.0/s, last_udp=1052.48s, meas=1, tracks=8, valid=0, master=153
[LIVE] udp=0.0/s, objs=0.0/s, last_udp=1053.48s, meas=1, tracks=8, valid=0, master=153
[GPS] GGA fix_quality=0, num_sats=00, hdop=9999.0, lat=0.0, lon=0.0
[LIVE] udp=0.0/s, objs=0.0/s, last_udp=1054.49s, meas=1, tracks=8, valid=0, master=153
[GPS] GGA fix_quality=0, num_sats=00, hdop=9999.0, lat=0.0, lon=0.0
[LIVE] udp=0.0/s, objs=0.0/s, last_udp=1055.49s, meas=1, tracks=8, valid=0, master=153
[GPS] GGA fix_quality=0, num_sats=00, hdop=9999.0, lat=0.0, lon=0.0
[LIVE] udp=0.0/s, objs=0.0/s, last_udp=1056.49s, meas=1, tracks=8, valid=0, master=153
[GPS] GGA fix_quality=0, num_sats=00, hdop=9999.0, lat=0.0, lon=0.0
[LIVE] udp=0.0/s, objs=0.0/s, last_udp=1057.49s, meas=1, tracks=8, valid=0, master=153
[GPS] GGA fix_quality=0, num_sats=00, hdop=9999.0, lat=0.0, lon=0.0
[LIVE] udp=0.0/s, objs=0.0/s, last_udp=1058.49s, meas=1, tracks=8, valid=0, master=153
[GPS] GGA fix_quality=0, num_sats=00, hdop=9999.0, lat=0.0, lon=0.0
[LIVE] udp=0.0/s, objs=0.0/s, last_udp=1059.50s, meas=1, tracks=8, valid=0, master=153
[LIVE] udp=0.0/s, objs=0.0/s, last_udp=1060.50s, meas=1, tracks=8, valid=0, master=153
[LIVE] udp=0.0/s, objs=0.0/s, last_udp=1061.50s, meas=1, tracks=8, valid=0, master=153
[LIVE] udp=0.0/s, objs=0.0/s, last_udp=1062.51s, meas=1, tracks=8, valid=0, master=153
[LIVE] udp=0.0/s, objs=0.0/s, last_udp=1063.51s, meas=1, tracks=8, valid=0, master=153
[GPS] GGA fix_quality=0, num_sats=00, hdop=9999.0, lat=0.0, lon=0.0
[LIVE] udp=0.0/s, objs=0.0/s, last_udp=1064.51s, meas=1, tracks=8, valid=0, master=153
[GPS] GGA fix_quality=0, num_sats=00, hdop=9999.0, lat=0.0, lon=0.0
[LIVE] udp=0.0/s, objs=0.0/s, last_udp=1065.52s, meas=1, tracks=8, valid=0, master=153
[GPS] GGA fix_quality=0, num_sats=00, hdop=9999.0, lat=0.0, lon=0.0
[LIVE] udp=0.0/s, objs=0.0/s, last_udp=1066.52s, meas=1, tracks=8, valid=0, master=153
[GPS] GGA fix_quality=0, num_sats=00, hdop=9999.0, lat=0.0, lon=0.0
[LIVE] udp=0.0/s, objs=0.0/s, last_udp=1067.52s, meas=1, tracks=8, valid=0, master=153
[GPS] GGA fix_quality=0, num_sats=00, hdop=9999.0, lat=0.0, lon=0.0
[LIVE] udp=0.0/s, objs=0.0/s, last_udp=1068.53s, meas=1, tracks=8, valid=0, master=153
[GPS] GGA fix_quality=0, num_sats=00, hdop=9999.0, lat=0.0, lon=0.0
[LIVE] udp=0.0/s, objs=0.0/s, last_udp=1069.53s, meas=1, tracks=8, valid=0, master=153
[LIVE] udp=0.0/s, objs=0.0/s, last_udp=1070.53s, meas=1, tracks=8, valid=0, master=153
[LIVE] udp=0.0/s, objs=0.0/s, last_udp=1071.54s, meas=1, tracks=8, valid=0, master=153
[LIVE] udp=0.0/s, objs=0.0/s, last_udp=1072.54s, meas=1, tracks=8, valid=0, master=153
[LIVE] udp=0.0/s, objs=0.0/s, last_udp=1073.54s, meas=1, tracks=8, valid=0, master=153
[GPS] GGA fix_quality=0, num_sats=00, hdop=9999.0, lat=0.0, lon=0.0
[LIVE] udp=0.0/s, objs=0.0/s, last_udp=1074.54s, meas=1, tracks=8, valid=0, master=153
[GPS] GGA fix_quality=0, num_sats=00, hdop=9999.0, lat=0.0, lon=0.0
[LIVE] udp=0.0/s, objs=0.0/s, last_udp=1075.54s, meas=1, tracks=8, valid=0, master=153
[GPS] GGA fix_quality=0, num_sats=00, hdop=9999.0, lat=0.0, lon=0.0
[LIVE] udp=0.0/s, objs=0.0/s, last_udp=1076.55s, meas=1, tracks=8, valid=0, master=153
[GPS] GGA fix_quality=0, num_sats=00, hdop=9999.0, lat=0.0, lon=0.0
[LIVE] udp=0.0/s, objs=0.0/s, last_udp=1077.55s, meas=1, tracks=8, valid=0, master=153
[GPS] GGA fix_quality=0, num_sats=00, hdop=9999.0, lat=0.0, lon=0.0
[LIVE] udp=0.0/s, objs=0.0/s, last_udp=1078.55s, meas=1, tracks=8, valid=0, master=153
[GPS] GGA fix_quality=0, num_sats=00, hdop=9999.0, lat=0.0, lon=0.0
[LIVE] udp=0.0/s, objs=0.0/s, last_udp=1079.55s, meas=1, tracks=8, valid=0, master=153
[LIVE] udp=0.0/s, objs=0.0/s, last_udp=1080.55s, meas=1, tracks=8, valid=0, master=153
[LIVE] udp=0.0/s, objs=0.0/s, last_udp=1081.56s, meas=1, tracks=8, valid=0, master=153
[LIVE] udp=0.0/s, objs=0.0/s, last_udp=1082.56s, meas=1, tracks=8, valid=0, master=153
[LIVE] udp=0.0/s, objs=0.0/s, last_udp=1083.57s, meas=1, tracks=8, valid=0, master=153
[GPS] GGA fix_quality=0, num_sats=00, hdop=9999.0, lat=0.0, lon=0.0
[LIVE] udp=0.0/s, objs=0.0/s, last_udp=1084.57s, meas=1, tracks=8, valid=0, master=153
[GPS] GGA fix_quality=0, num_sats=00, hdop=9999.0, lat=0.0, lon=0.0
[LIVE] udp=0.0/s, objs=0.0/s, last_udp=1085.58s, meas=1, tracks=8, valid=0, master=153
[GPS] GGA fix_quality=0, num_sats=00, hdop=9999.0, lat=0.0, lon=0.0
[LIVE] udp=0.0/s, objs=0.0/s, last_udp=1086.58s, meas=1, tracks=8, valid=0, master=153
[GPS] GGA fix_quality=0, num_sats=00, hdop=9999.0, lat=0.0, lon=0.0
[LIVE] udp=0.0/s, objs=0.0/s, last_udp=1087.58s, meas=1, tracks=8, valid=0, master=153
[GPS] GGA fix_quality=0, num_sats=00, hdop=9999.0, lat=0.0, lon=0.0
[LIVE] udp=0.0/s, objs=0.0/s, last_udp=1088.58s, meas=1, tracks=8, valid=0, master=153
[GPS] GGA fix_quality=0, num_sats=00, hdop=9999.0, lat=0.0, lon=0.0
[LIVE] udp=0.0/s, objs=0.0/s, last_udp=1089.58s, meas=1, tracks=8, valid=0, master=153
[LIVE] udp=0.0/s, objs=0.0/s, last_udp=1090.59s, meas=1, tracks=8, valid=0, master=153
[LIVE] udp=0.0/s, objs=0.0/s, last_udp=1091.59s, meas=1, tracks=8, valid=0, master=153
[LIVE] udp=0.0/s, objs=0.0/s, last_udp=1092.60s, meas=1, tracks=8, valid=0, master=153
[LIVE] udp=0.0/s, objs=0.0/s, last_udp=1093.60s, meas=1, tracks=8, valid=0, master=153
[GPS] GGA fix_quality=0, num_sats=00, hdop=9999.0, lat=0.0, lon=0.0
[LIVE] udp=0.0/s, objs=0.0/s, last_udp=1094.60s, meas=1, tracks=8, valid=0, master=153
[GPS] GGA fix_quality=0, num_sats=00, hdop=9999.0, lat=0.0, lon=0.0
[LIVE] udp=0.0/s, objs=0.0/s, last_udp=1095.61s, meas=1, tracks=8, valid=0, master=153
[GPS] GGA fix_quality=0, num_sats=00, hdop=9999.0, lat=0.0, lon=0.0
[LIVE] udp=0.0/s, objs=0.0/s, last_udp=1096.61s, meas=1, tracks=8, valid=0, master=153
[GPS] GGA fix_quality=0, num_sats=00, hdop=9999.0, lat=0.0, lon=0.0
[LIVE] udp=0.0/s, objs=0.0/s, last_udp=1097.61s, meas=1, tracks=8, valid=0, master=153
[GPS] GGA fix_quality=0, num_sats=00, hdop=9999.0, lat=0.0, lon=0.0
[LIVE] udp=0.0/s, objs=0.0/s, last_udp=1098.62s, meas=1, tracks=8, valid=0, master=153
[GPS] GGA fix_quality=0, num_sats=00, hdop=9999.0, lat=0.0, lon=0.0
[LIVE] udp=0.0/s, objs=0.0/s, last_udp=1099.62s, meas=1, tracks=8, valid=0, master=153
[LIVE] udp=0.0/s, objs=0.0/s, last_udp=1100.62s, meas=1, tracks=8, valid=0, master=153
[LIVE] udp=0.0/s, objs=0.0/s, last_udp=1101.62s, meas=1, tracks=8, valid=0, master=153
[LIVE] udp=0.0/s, objs=0.0/s, last_udp=1102.63s, meas=1, tracks=8, valid=0, master=153
[LIVE] udp=0.0/s, objs=0.0/s, last_udp=1103.63s, meas=1, tracks=8, valid=0, master=153
[GPS] GGA fix_quality=0, num_sats=00, hdop=9999.0, lat=0.0, lon=0.0
[LIVE] udp=0.0/s, objs=0.0/s, last_udp=1104.63s, meas=1, tracks=8, valid=0, master=153
[GPS] GGA fix_quality=0, num_sats=00, hdop=9999.0, lat=0.0, lon=0.0
[LIVE] udp=0.0/s, objs=0.0/s, last_udp=1105.64s, meas=1, tracks=8, valid=0, master=153
[GPS] GGA fix_quality=0, num_sats=00, hdop=9999.0, lat=0.0, lon=0.0
[LIVE] udp=0.0/s, objs=0.0/s, last_udp=1106.64s, meas=1, tracks=8, valid=0, master=153
[GPS] GGA fix_quality=0, num_sats=00, hdop=9999.0, lat=0.0, lon=0.0
[LIVE] udp=0.0/s, objs=0.0/s, last_udp=1107.64s, meas=1, tracks=8, valid=0, master=153
[GPS] GGA fix_quality=0, num_sats=00, hdop=9999.0, lat=0.0, lon=0.0
[LIVE] udp=0.0/s, objs=0.0/s, last_udp=1108.64s, meas=1, tracks=8, valid=0, master=153
[GPS] GGA fix_quality=0, num_sats=00, hdop=9999.0, lat=0.0, lon=0.0
[LIVE] udp=0.0/s, objs=0.0/s, last_udp=1109.64s, meas=1, tracks=8, valid=0, master=153
[LIVE] udp=0.0/s, objs=0.0/s, last_udp=1110.64s, meas=1, tracks=8, valid=0, master=153
[LIVE] udp=0.0/s, objs=0.0/s, last_udp=1111.65s, meas=1, tracks=8, valid=0, master=153
[LIVE] udp=0.0/s, objs=0.0/s, last_udp=1112.65s, meas=1, tracks=8, valid=0, master=153
[LIVE] udp=0.0/s, objs=0.0/s, last_udp=1113.65s, meas=1, tracks=8, valid=0, master=153
[GPS] GGA fix_quality=0, num_sats=00, hdop=9999.0, lat=0.0, lon=0.0
[LIVE] udp=0.0/s, objs=0.0/s, last_udp=1114.66s, meas=1, tracks=8, valid=0, master=153
[GPS] GGA fix_quality=0, num_sats=00, hdop=9999.0, lat=0.0, lon=0.0
[LIVE] udp=0.0/s, objs=0.0/s, last_udp=1115.66s, meas=1, tracks=8, valid=0, master=153
[GPS] GGA fix_quality=0, num_sats=00, hdop=9999.0, lat=0.0, lon=0.0
[LIVE] udp=0.0/s, objs=0.0/s, last_udp=1116.66s, meas=1, tracks=8, valid=0, master=153
[GPS] GGA fix_quality=0, num_sats=00, hdop=9999.0, lat=0.0, lon=0.0
[LIVE] udp=0.0/s, objs=0.0/s, last_udp=1117.66s, meas=1, tracks=8, valid=0, master=153
[GPS] GGA fix_quality=0, num_sats=00, hdop=9999.0, lat=0.0, lon=0.0
[LIVE] udp=0.0/s, objs=0.0/s, last_udp=1118.67s, meas=1, tracks=8, valid=0, master=153
[GPS] GGA fix_quality=0, num_sats=00, hdop=9999.0, lat=0.0, lon=0.0
[LIVE] udp=0.0/s, objs=0.0/s, last_udp=1119.67s, meas=1, tracks=8, valid=0, master=153
[LIVE] udp=0.0/s, objs=0.0/s, last_udp=1120.67s, meas=1, tracks=8, valid=0, master=153
[LIVE] udp=0.0/s, objs=0.0/s, last_udp=1121.68s, meas=1, tracks=8, valid=0, master=153
[LIVE] udp=0.0/s, objs=0.0/s, last_udp=1122.68s, meas=1, tracks=8, valid=0, master=153
[LIVE] udp=0.0/s, objs=0.0/s, last_udp=1123.68s, meas=1, tracks=8, valid=0, master=153
[GPS] GGA fix_quality=0, num_sats=00, hdop=9999.0, lat=0.0, lon=0.0
[LIVE] udp=0.0/s, objs=0.0/s, last_udp=1124.68s, meas=1, tracks=8, valid=0, master=153
[GPS] GGA fix_quality=0, num_sats=00, hdop=9999.0, lat=0.0, lon=0.0
[LIVE] udp=0.0/s, objs=0.0/s, last_udp=1125.69s, meas=1, tracks=8, valid=0, master=153
[GPS] GGA fix_quality=0, num_sats=00, hdop=9999.0, lat=0.0, lon=0.0
[LIVE] udp=0.0/s, objs=0.0/s, last_udp=1126.69s, meas=1, tracks=8, valid=0, master=153
[GPS] GGA fix_quality=0, num_sats=00, hdop=9999.0, lat=0.0, lon=0.0
[LIVE] udp=0.0/s, objs=0.0/s, last_udp=1127.69s, meas=1, tracks=8, valid=0, master=153
[GPS] GGA fix_quality=0, num_sats=00, hdop=9999.0, lat=0.0, lon=0.0
[LIVE] udp=0.0/s, objs=0.0/s, last_udp=1128.69s, meas=1, tracks=8, valid=0, master=153
[GPS] GGA fix_quality=0, num_sats=00, hdop=9999.0, lat=0.0, lon=0.0
[LIVE] udp=0.0/s, objs=0.0/s, last_udp=1129.70s, meas=1, tracks=8, valid=0, master=153
[LIVE] udp=0.0/s, objs=0.0/s, last_udp=1130.70s, meas=1, tracks=8, valid=0, master=153
[LIVE] udp=0.0/s, objs=0.0/s, last_udp=1131.70s, meas=1, tracks=8, valid=0, master=153
[LIVE] udp=0.0/s, objs=0.0/s, last_udp=1132.71s, meas=1, tracks=8, valid=0, master=153
[LIVE] udp=0.0/s, objs=0.0/s, last_udp=1133.71s, meas=1, tracks=8, valid=0, master=153
[GPS] GGA fix_quality=0, num_sats=00, hdop=9999.0, lat=0.0, lon=0.0
[LIVE] udp=0.0/s, objs=0.0/s, last_udp=1134.71s, meas=1, tracks=8, valid=0, master=153
[GPS] GGA fix_quality=0, num_sats=00, hdop=9999.0, lat=0.0, lon=0.0
[LIVE] udp=0.0/s, objs=0.0/s, last_udp=1135.71s, meas=1, tracks=8, valid=0, master=153
[GPS] GGA fix_quality=0, num_sats=00, hdop=9999.0, lat=0.0, lon=0.0
[LIVE] udp=0.0/s, objs=0.0/s, last_udp=1136.71s, meas=1, tracks=8, valid=0, master=153
[GPS] GGA fix_quality=0, num_sats=00, hdop=9999.0, lat=0.0, lon=0.0
[LIVE] udp=0.0/s, objs=0.0/s, last_udp=1137.72s, meas=1, tracks=8, valid=0, master=153
[GPS] GGA fix_quality=0, num_sats=00, hdop=9999.0, lat=0.0, lon=0.0
[LIVE] udp=0.0/s, objs=0.0/s, last_udp=1138.72s, meas=1, tracks=8, valid=0, master=153
[GPS] GGA fix_quality=0, num_sats=00, hdop=9999.0, lat=0.0, lon=0.0
[LIVE] udp=0.0/s, objs=0.0/s, last_udp=1139.72s, meas=1, tracks=8, valid=0, master=153
[LIVE] udp=0.0/s, objs=0.0/s, last_udp=1140.73s, meas=1, tracks=8, valid=0, master=153
[LIVE] udp=0.0/s, objs=0.0/s, last_udp=1141.73s, meas=1, tracks=8, valid=0, master=153
[LIVE] udp=0.0/s, objs=0.0/s, last_udp=1142.74s, meas=1, tracks=8, valid=0, master=153
[LIVE] udp=0.0/s, objs=0.0/s, last_udp=1143.74s, meas=1, tracks=8, valid=0, master=153
[GPS] GGA fix_quality=0, num_sats=00, hdop=9999.0, lat=0.0, lon=0.0
[LIVE] udp=0.0/s, objs=0.0/s, last_udp=1144.74s, meas=1, tracks=8, valid=0, master=153
[GPS] GGA fix_quality=0, num_sats=00, hdop=9999.0, lat=0.0, lon=0.0
[LIVE] udp=0.0/s, objs=0.0/s, last_udp=1145.75s, meas=1, tracks=8, valid=0, master=153
[GPS] GGA fix_quality=0, num_sats=00, hdop=9999.0, lat=0.0, lon=0.0
[LIVE] udp=0.0/s, objs=0.0/s, last_udp=1146.75s, meas=1, tracks=8, valid=0, master=153
[GPS] GGA fix_quality=0, num_sats=00, hdop=9999.0, lat=0.0, lon=0.0
[LIVE] udp=0.0/s, objs=0.0/s, last_udp=1147.76s, meas=1, tracks=8, valid=0, master=153
[GPS] GGA fix_quality=0, num_sats=00, hdop=9999.0, lat=0.0, lon=0.0
[LIVE] udp=0.0/s, objs=0.0/s, last_udp=1148.76s, meas=1, tracks=8, valid=0, master=153
[GPS] GGA fix_quality=0, num_sats=00, hdop=9999.0, lat=0.0, lon=0.0
[LIVE] udp=0.0/s, objs=0.0/s, last_udp=1149.76s, meas=1, tracks=8, valid=0, master=153
[LIVE] udp=0.0/s, objs=0.0/s, last_udp=1150.76s, meas=1, tracks=8, valid=0, master=153
[LIVE] udp=0.0/s, objs=0.0/s, last_udp=1151.76s, meas=1, tracks=8, valid=0, master=153
[LIVE] udp=0.0/s, objs=0.0/s, last_udp=1152.77s, meas=1, tracks=8, valid=0, master=153
[LIVE] udp=0.0/s, objs=0.0/s, last_udp=1153.77s, meas=1, tracks=8, valid=0, master=153
[GPS] GGA fix_quality=0, num_sats=00, hdop=9999.0, lat=0.0, lon=0.0
[LIVE] udp=0.0/s, objs=0.0/s, last_udp=1154.77s, meas=1, tracks=8, valid=0, master=153
[GPS] GGA fix_quality=0, num_sats=00, hdop=9999.0, lat=0.0, lon=0.0
[LIVE] udp=0.0/s, objs=0.0/s, last_udp=1155.77s, meas=1, tracks=8, valid=0, master=153
[GPS] GGA fix_quality=0, num_sats=00, hdop=9999.0, lat=0.0, lon=0.0
[LIVE] udp=4.0/s, objs=15.9/s, last_udp=0.04s, meas=3, tracks=13, valid=0, master=153
[GPS] GGA fix_quality=0, num_sats=00, hdop=9999.0, lat=0.0, lon=0.0
[LIVE] udp=11.0/s, objs=25.9/s, last_udp=0.01s, meas=3, tracks=9, valid=0, master=183
[GPS] GGA fix_quality=0, num_sats=00, hdop=9999.0, lat=0.0, lon=0.0
[LIVE] udp=8.0/s, objs=24.9/s, last_udp=0.21s, meas=2, tracks=11, valid=0, master=183
[GPS] GGA fix_quality=0, num_sats=00, hdop=9999.0, lat=0.0, lon=0.0
[LIVE] udp=10.0/s, objs=28.9/s, last_udp=0.08s, meas=2, tracks=10, valid=0, master=186
[LIVE] udp=7.0/s, objs=14.0/s, last_udp=0.03s, meas=2, tracks=5, valid=2, master=185
[LIVE] udp=9.0/s, objs=19.9/s, last_udp=0.01s, meas=2, tracks=7, valid=0, master=185
[LIVE] udp=9.0/s, objs=17.0/s, last_udp=0.26s, meas=1, tracks=8, valid=0, master=185
[LIVE] udp=12.0/s, objs=22.9/s, last_udp=0.02s, meas=1, tracks=10, valid=0, master=185
[GPS] GGA fix_quality=0, num_sats=00, hdop=9999.0, lat=0.0, lon=0.0
[LIVE] udp=8.0/s, objs=17.0/s, last_udp=0.21s, meas=1, tracks=12, valid=0, master=185
[GPS] GGA fix_quality=0, num_sats=00, hdop=9999.0, lat=0.0, lon=0.0
[LIVE] udp=10.0/s, objs=20.0/s, last_udp=0.21s, meas=3, tracks=11, valid=0, master=185
[GPS] GGA fix_quality=0, num_sats=00, hdop=9999.0, lat=0.0, lon=0.0
[LIVE] udp=11.0/s, objs=29.9/s, last_udp=0.09s, meas=1, tracks=9, valid=0, master=238
[GPS] GGA fix_quality=0, num_sats=00, hdop=9999.0, lat=0.0, lon=0.0
[LIVE] udp=10.0/s, objs=17.9/s, last_udp=0.02s, meas=2, tracks=10, valid=0, master=238
[GPS] GGA fix_quality=0, num_sats=00, hdop=9999.0, lat=0.0, lon=0.0
[LIVE] udp=8.0/s, objs=19.0/s, last_udp=0.15s, meas=2, tracks=8, valid=0, master=238
[GPS] GGA fix_quality=0, num_sats=00, hdop=9999.0, lat=0.0, lon=0.0
[LIVE] udp=10.0/s, objs=25.0/s, last_udp=0.06s, meas=2, tracks=9, valid=0, master=238
[LIVE] udp=8.0/s, objs=16.9/s, last_udp=0.14s, meas=1, tracks=10, valid=0, master=238
[LIVE] udp=9.0/s, objs=17.0/s, last_udp=0.11s, meas=1, tracks=7, valid=0, master=238
[LIVE] udp=7.0/s, objs=14.9/s, last_udp=0.19s, meas=2, tracks=7, valid=0, master=238
[LIVE] udp=8.0/s, objs=11.0/s, last_udp=0.08s, meas=1, tracks=4, valid=0, master=238
[GPS] GGA fix_quality=0, num_sats=00, hdop=9999.0, lat=0.0, lon=0.0
[GPS] GGA fix_quality=0, num_sats=00, hdop=9999.0, lat=0.0, lon=0.0
[LIVE] udp=7.0/s, objs=9.0/s, last_udp=0.08s, meas=1, tracks=4, valid=1, master=264
[GPS] GGA fix_quality=0, num_sats=00, hdop=9999.0, lat=0.0, lon=0.0
[LIVE] udp=8.0/s, objs=14.0/s, last_udp=0.02s, meas=4, tracks=7, valid=0, master=264
[GPS] GGA fix_quality=0, num_sats=00, hdop=9999.0, lat=0.0, lon=0.0
[LIVE] udp=6.0/s, objs=8.0/s, last_udp=0.03s, meas=1, tracks=3, valid=0, master=264
[GPS] GGA fix_quality=0, num_sats=00, hdop=9999.0, lat=0.0, lon=0.0
[LIVE] udp=7.0/s, objs=12.0/s, last_udp=0.11s, meas=1, tracks=3, valid=0, master=274
[GPS] GGA fix_quality=0, num_sats=00, hdop=9999.0, lat=0.0, lon=0.0
[LIVE] udp=6.0/s, objs=12.0/s, last_udp=0.11s, meas=1, tracks=4, valid=0, master=264
[LIVE] udp=7.0/s, objs=11.0/s, last_udp=0.12s, meas=1, tracks=5, valid=0, master=264
[LIVE] udp=9.0/s, objs=17.9/s, last_udp=0.08s, meas=1, tracks=9, valid=0, master=264
[LIVE] udp=6.0/s, objs=13.0/s, last_udp=0.06s, meas=3, tracks=7, valid=0, master=264
[LIVE] udp=4.0/s, objs=8.0/s, last_udp=0.51s, meas=1, tracks=8, valid=0, master=264
[GPS] GGA fix_quality=0, num_sats=00, hdop=9999.0, lat=0.0, lon=0.0
[LIVE] udp=0.0/s, objs=0.0/s, last_udp=1.51s, meas=1, tracks=8, valid=0, master=264
[GPS] GGA fix_quality=0, num_sats=00, hdop=9999.0, lat=0.0, lon=0.0
[LIVE] udp=0.0/s, objs=0.0/s, last_udp=2.51s, meas=1, tracks=8, valid=0, master=264
[GPS] GGA fix_quality=0, num_sats=00, hdop=9999.0, lat=0.0, lon=0.0
[LIVE] udp=0.0/s, objs=0.0/s, last_udp=3.52s, meas=1, tracks=8, valid=0, master=264
[GPS] GGA fix_quality=0, num_sats=00, hdop=9999.0, lat=0.0, lon=0.0
[LIVE] udp=0.0/s, objs=0.0/s, last_udp=4.52s, meas=1, tracks=8, valid=0, master=264
[GPS] GGA fix_quality=0, num_sats=00, hdop=9999.0, lat=0.0, lon=0.0
[LIVE] udp=0.0/s, objs=0.0/s, last_udp=5.52s, meas=1, tracks=8, valid=0, master=264
[GPS] GGA fix_quality=0, num_sats=00, hdop=9999.0, lat=0.0, lon=0.0
[LIVE] udp=0.0/s, objs=0.0/s, last_udp=6.52s, meas=1, tracks=8, valid=0, master=264
[LIVE] udp=0.0/s, objs=0.0/s, last_udp=7.52s, meas=1, tracks=8, valid=0, master=264
[LIVE] udp=0.0/s, objs=0.0/s, last_udp=8.53s, meas=1, tracks=8, valid=0, master=264
[LIVE] udp=0.0/s, objs=0.0/s, last_udp=9.53s, meas=1, tracks=8, valid=0, master=264
[LIVE] udp=0.0/s, objs=0.0/s, last_udp=10.53s, meas=1, tracks=8, valid=0, master=264
[GPS] GGA fix_quality=0, num_sats=00, hdop=9999.0, lat=0.0, lon=0.0
[LIVE] udp=8.0/s, objs=15.9/s, last_udp=0.06s, meas=1, tracks=6, valid=0, master=264
[GPS] GGA fix_quality=0, num_sats=00, hdop=9999.0, lat=0.0, lon=0.0
[LIVE] udp=10.0/s, objs=22.0/s, last_udp=0.06s, meas=3, tracks=7, valid=0, master=264
[GPS] GGA fix_quality=0, num_sats=00, hdop=9999.0, lat=0.0, lon=0.0
[LIVE] udp=10.0/s, objs=16.0/s, last_udp=0.02s, meas=1, tracks=7, valid=0, master=264
[GPS] GGA fix_quality=0, num_sats=00, hdop=9999.0, lat=0.0, lon=0.0
[LIVE] udp=9.0/s, objs=15.9/s, last_udp=0.05s, meas=2, tracks=8, valid=0, master=264
[GPS] GGA fix_quality=0, num_sats=00, hdop=9999.0, lat=0.0, lon=0.0
[LIVE] udp=7.0/s, objs=16.0/s, last_udp=0.28s, meas=6, tracks=8, valid=0, master=264
[GPS] GGA fix_quality=0, num_sats=00, hdop=9999.0, lat=0.0, lon=0.0
[LIVE] udp=9.0/s, objs=28.9/s, last_udp=0.09s, meas=5, tracks=10, valid=0, master=264
[LIVE] udp=10.0/s, objs=21.9/s, last_udp=0.15s, meas=2, tracks=10, valid=0, master=264
[LIVE] udp=8.0/s, objs=16.0/s, last_udp=0.01s, meas=1, tracks=7, valid=1, master=319
[LIVE] udp=6.0/s, objs=16.0/s, last_udp=0.27s, meas=1, tracks=7, valid=0, master=319
[LIVE] udp=9.0/s, objs=23.9/s, last_udp=0.01s, meas=2, tracks=8, valid=0, master=319
[GPS] GGA fix_quality=0, num_sats=00, hdop=9999.0, lat=0.0, lon=0.0
[LIVE] udp=9.9/s, objs=18.9/s, last_udp=0.04s, meas=5, tracks=10, valid=0, master=319
[GPS] GGA fix_quality=0, num_sats=00, hdop=9999.0, lat=0.0, lon=0.0
[LIVE] udp=7.0/s, objs=12.0/s, last_udp=0.03s, meas=2, tracks=5, valid=0, master=319
[GPS] GGA fix_quality=0, num_sats=00, hdop=9999.0, lat=0.0, lon=0.0
[LIVE] udp=7.0/s, objs=15.9/s, last_udp=0.02s, meas=1, tracks=6, valid=0, master=319
[GPS] GGA fix_quality=0, num_sats=00, hdop=9999.0, lat=0.0, lon=0.0
[LIVE] udp=7.0/s, objs=12.9/s, last_udp=0.01s, meas=3, tracks=7, valid=0, master=319
[GPS] GGA fix_quality=0, num_sats=00, hdop=9999.0, lat=0.0, lon=0.0
[LIVE] udp=8.0/s, objs=14.0/s, last_udp=0.02s, meas=1, tracks=7, valid=0, master=346
[GPS] GGA fix_quality=0, num_sats=00, hdop=9999.0, lat=0.0, lon=0.0
[LIVE] udp=7.0/s, objs=14.0/s, last_udp=0.06s, meas=3, tracks=6, valid=0, master=346
[LIVE] udp=7.0/s, objs=10.0/s, last_udp=0.20s, meas=1, tracks=5, valid=0, master=346
[LIVE] udp=9.0/s, objs=21.9/s, last_udp=0.03s, meas=3, tracks=7, valid=0, master=360
[LIVE] udp=10.0/s, objs=21.0/s, last_udp=0.00s, meas=1, tracks=9, valid=0, master=360
[LIVE] udp=6.0/s, objs=15.9/s, last_udp=0.21s, meas=2, tracks=11, valid=0, master=360
[GPS] GGA fix_quality=0, num_sats=00, hdop=9999.0, lat=0.0, lon=0.0
[LIVE] udp=10.0/s, objs=20.9/s, last_udp=0.05s, meas=4, tracks=9, valid=0, master=360
[GPS] GGA fix_quality=0, num_sats=00, hdop=9999.0, lat=0.0, lon=0.0
[LIVE] udp=9.0/s, objs=19.0/s, last_udp=0.05s, meas=2, tracks=9, valid=0, master=360
[GPS] GGA fix_quality=0, num_sats=00, hdop=9999.0, lat=0.0, lon=0.0
[LIVE] udp=11.0/s, objs=24.0/s, last_udp=0.02s, meas=4, tracks=6, valid=0, master=360
[GPS] GGA fix_quality=0, num_sats=00, hdop=9999.0, lat=0.0, lon=0.0
[LIVE] udp=9.0/s, objs=16.0/s, last_udp=0.05s, meas=1, tracks=6, valid=0, master=370
[GPS] GGA fix_quality=0, num_sats=00, hdop=9999.0, lat=0.0, lon=0.0
[LIVE] udp=8.0/s, objs=16.9/s, last_udp=0.04s, meas=1, tracks=7, valid=0, master=370
[GPS] GGA fix_quality=0, num_sats=00, hdop=9999.0, lat=0.0, lon=0.0
[LIVE] udp=10.0/s, objs=17.0/s, last_udp=0.11s, meas=1, tracks=6, valid=0, master=370
[LIVE] udp=6.0/s, objs=16.0/s, last_udp=0.05s, meas=6, tracks=8, valid=0, master=370
[LIVE] udp=8.0/s, objs=13.0/s, last_udp=0.02s, meas=3, tracks=6, valid=0, master=370
[LIVE] udp=7.0/s, objs=16.0/s, last_udp=0.09s, meas=4, tracks=8, valid=0, master=370
[LIVE] udp=7.0/s, objs=15.0/s, last_udp=0.01s, meas=2, tracks=6, valid=0, master=370
[GPS] GGA fix_quality=0, num_sats=00, hdop=9999.0, lat=0.0, lon=0.0
[LIVE] udp=9.0/s, objs=22.0/s, last_udp=0.09s, meas=6, tracks=9, valid=0, master=370
[GPS] GGA fix_quality=0, num_sats=00, hdop=9999.0, lat=0.0, lon=0.0
[LIVE] udp=12.9/s, objs=26.9/s, last_udp=0.01s, meas=1, tracks=7, valid=0, master=370
[GPS] GGA fix_quality=0, num_sats=00, hdop=9999.0, lat=0.0, lon=0.0
[LIVE] udp=7.0/s, objs=14.9/s, last_udp=0.19s, meas=1, tracks=8, valid=0, master=370
[GPS] GGA fix_quality=0, num_sats=00, hdop=9999.0, lat=0.0, lon=0.0
[LIVE] udp=7.0/s, objs=15.0/s, last_udp=0.09s, meas=1, tracks=7, valid=0, master=370
[GPS] GGA fix_quality=0, num_sats=00, hdop=9999.0, lat=0.0, lon=0.0
[LIVE] udp=9.0/s, objs=25.9/s, last_udp=0.08s, meas=2, tracks=7, valid=0, master=370
[GPS] GGA fix_quality=0, num_sats=00, hdop=9999.0, lat=0.0, lon=0.0
[LIVE] udp=6.0/s, objs=9.0/s, last_udp=0.05s, meas=1, tracks=4, valid=0, master=346
[LIVE] udp=7.0/s, objs=12.0/s, last_udp=0.16s, meas=3, tracks=5, valid=0, master=346
[LIVE] udp=8.0/s, objs=23.9/s, last_udp=0.07s, meas=1, tracks=8, valid=0, master=346
[LIVE] udp=6.0/s, objs=16.9/s, last_udp=0.15s, meas=2, tracks=8, valid=0, master=346
[LIVE] udp=9.0/s, objs=15.0/s, last_udp=0.00s, meas=2, tracks=5, valid=0, master=346
[GPS] GGA fix_quality=0, num_sats=00, hdop=9999.0, lat=0.0, lon=0.0
[LIVE] udp=4.0/s, objs=5.0/s, last_udp=0.10s, meas=1, tracks=3, valid=0, master=346
[GPS] GGA fix_quality=0, num_sats=00, hdop=9999.0, lat=0.0, lon=0.0
[LIVE] udp=6.0/s, objs=11.9/s, last_udp=0.09s, meas=1, tracks=6, valid=0, master=346
[GPS] GGA fix_quality=0, num_sats=00, hdop=9999.0, lat=0.0, lon=0.0
[LIVE] udp=6.0/s, objs=14.9/s, last_udp=0.08s, meas=5, tracks=7, valid=0, master=430
[GPS] GGA fix_quality=0, num_sats=00, hdop=9999.0, lat=0.0, lon=0.0
[LIVE] udp=6.0/s, objs=14.0/s, last_udp=0.16s, meas=1, tracks=8, valid=0, master=430
[GPS] GGA fix_quality=0, num_sats=00, hdop=9999.0, lat=0.0, lon=0.0
[LIVE] udp=7.0/s, objs=9.0/s, last_udp=0.05s, meas=2, tracks=3, valid=0, master=430
[GPS] GGA fix_quality=0, num_sats=00, hdop=9999.0, lat=0.0, lon=0.0
[LIVE] udp=10.0/s, objs=14.9/s, last_udp=0.20s, meas=1, tracks=4, valid=0, master=430
[LIVE] udp=8.0/s, objs=13.9/s, last_udp=0.15s, meas=2, tracks=4, valid=0, master=445
[LIVE] udp=7.0/s, objs=10.9/s, last_udp=0.20s, meas=1, tracks=4, valid=1, master=430
[LIVE] udp=8.0/s, objs=15.0/s, last_udp=0.07s, meas=1, tracks=6, valid=0, master=430
[LIVE] udp=10.0/s, objs=16.0/s, last_udp=0.02s, meas=2, tracks=6, valid=0, master=430
[GPS] GGA fix_quality=0, num_sats=00, hdop=9999.0, lat=0.0, lon=0.0
[LIVE] udp=7.0/s, objs=15.0/s, last_udp=0.03s, meas=1, tracks=7, valid=0, master=445
[GPS] GGA fix_quality=0, num_sats=00, hdop=9999.0, lat=0.0, lon=0.0
[LIVE] udp=8.0/s, objs=12.0/s, last_udp=0.00s, meas=2, tracks=4, valid=0, master=445
[GPS] GGA fix_quality=0, num_sats=00, hdop=9999.0, lat=0.0, lon=0.0
[LIVE] udp=6.0/s, objs=11.0/s, last_udp=0.04s, meas=2, tracks=6, valid=0, master=445
[GPS] GGA fix_quality=0, num_sats=00, hdop=9999.0, lat=0.0, lon=0.0
[LIVE] udp=7.0/s, objs=11.0/s, last_udp=0.01s, meas=3, tracks=7, valid=0, master=445
[GPS] GGA fix_quality=0, num_sats=00, hdop=9999.0, lat=0.0, lon=0.0
[LIVE] udp=7.0/s, objs=14.0/s, last_udp=0.08s, meas=4, tracks=6, valid=0, master=457
[GPS] GGA fix_quality=0, num_sats=00, hdop=9999.0, lat=0.0, lon=0.0
[LIVE] udp=6.0/s, objs=9.0/s, last_udp=0.12s, meas=2, tracks=5, valid=0, master=457
[LIVE] udp=5.0/s, objs=6.0/s, last_udp=0.03s, meas=1, tracks=3, valid=0, master=457
[LIVE] udp=6.0/s, objs=8.0/s, last_udp=0.02s, meas=1, tracks=4, valid=0, master=457
[LIVE] udp=4.0/s, objs=4.0/s, last_udp=0.23s, meas=1, tracks=2, valid=0, master=457
[LIVE] udp=11.9/s, objs=23.9/s, last_udp=0.03s, meas=3, tracks=7, valid=0, master=457
[GPS] GGA fix_quality=0, num_sats=00, hdop=9999.0, lat=0.0, lon=0.0
[LIVE] udp=1.0/s, objs=2.0/s, last_udp=0.99s, meas=2, tracks=5, valid=0, master=457
[GPS] GGA fix_quality=0, num_sats=00, hdop=9999.0, lat=0.0, lon=0.0
[LIVE] udp=0.0/s, objs=0.0/s, last_udp=1.99s, meas=2, tracks=5, valid=0, master=457
[GPS] GGA fix_quality=0, num_sats=00, hdop=9999.0, lat=0.0, lon=0.0
[LIVE] udp=0.0/s, objs=0.0/s, last_udp=3.00s, meas=2, tracks=5, valid=0, master=457
[GPS] GGA fix_quality=0, num_sats=00, hdop=9999.0, lat=0.0, lon=0.0
[LIVE] udp=0.0/s, objs=0.0/s, last_udp=4.00s, meas=2, tracks=5, valid=0, master=457
[GPS] GGA fix_quality=0, num_sats=00, hdop=9999.0, lat=0.0, lon=0.0
[LIVE] udp=0.0/s, objs=0.0/s, last_udp=5.00s, meas=2, tracks=5, valid=0, master=457
[GPS] GGA fix_quality=0, num_sats=00, hdop=9999.0, lat=0.0, lon=0.0
[LIVE] udp=0.0/s, objs=0.0/s, last_udp=6.00s, meas=2, tracks=5, valid=0, master=457
[LIVE] udp=0.0/s, objs=0.0/s, last_udp=7.01s, meas=2, tracks=5, valid=0, master=457
[LIVE] udp=0.0/s, objs=0.0/s, last_udp=8.01s, meas=2, tracks=5, valid=0, master=457
[LIVE] udp=0.0/s, objs=0.0/s, last_udp=9.02s, meas=2, tracks=5, valid=0, master=457
[LIVE] udp=0.0/s, objs=0.0/s, last_udp=10.02s, meas=2, tracks=5, valid=0, master=457
[GPS] GGA fix_quality=0, num_sats=00, hdop=9999.0, lat=0.0, lon=0.0
[LIVE] udp=1.0/s, objs=1.0/s, last_udp=0.24s, meas=1, tracks=1, valid=0, master=457
[GPS] GGA fix_quality=0, num_sats=00, hdop=9999.0, lat=0.0, lon=0.0
[LIVE] udp=3.0/s, objs=3.0/s, last_udp=0.54s, meas=1, tracks=3, valid=0, master=457
[GPS] GGA fix_quality=0, num_sats=00, hdop=9999.0, lat=0.0, lon=0.0
[LIVE] udp=1.0/s, objs=1.0/s, last_udp=0.77s, meas=1, tracks=1, valid=0, master=457
[GPS] GGA fix_quality=0, num_sats=00, hdop=9999.0, lat=0.0, lon=0.0
[LIVE] udp=7.0/s, objs=7.0/s, last_udp=0.06s, meas=1, tracks=3, valid=0, master=488
[GPS] GGA fix_quality=0, num_sats=00, hdop=9999.0, lat=0.0, lon=0.0
[LIVE] udp=3.0/s, objs=3.0/s, last_udp=0.37s, meas=1, tracks=3, valid=0, master=488
[GPS] GGA fix_quality=0, num_sats=00, hdop=9999.0, lat=0.0, lon=0.0
[LIVE] udp=3.0/s, objs=3.0/s, last_udp=0.29s, meas=1, tracks=2, valid=0, master=488
[LIVE] udp=3.0/s, objs=3.0/s, last_udp=0.10s, meas=1, tracks=1, valid=1, master=492
[LIVE] udp=3.0/s, objs=3.0/s, last_udp=0.20s, meas=1, tracks=3, valid=0, master=492
[LIVE] udp=3.0/s, objs=4.0/s, last_udp=0.52s, meas=2, tracks=4, valid=1, master=492
[LIVE] udp=2.0/s, objs=3.0/s, last_udp=0.16s, meas=2, tracks=3, valid=0, master=492
[GPS] GGA fix_quality=0, num_sats=00, hdop=9999.0, lat=0.0, lon=0.0
[LIVE] udp=2.0/s, objs=3.0/s, last_udp=0.04s, meas=1, tracks=1, valid=0, master=492
[GPS] GGA fix_quality=0, num_sats=00, hdop=9999.0, lat=0.0, lon=0.0
[LIVE] udp=3.0/s, objs=5.0/s, last_udp=0.21s, meas=1, tracks=4, valid=0, master=492
[GPS] GGA fix_quality=0, num_sats=00, hdop=9999.0, lat=0.0, lon=0.0
[LIVE] udp=1.0/s, objs=1.0/s, last_udp=0.76s, meas=1, tracks=3, valid=0, master=492
[GPS] GGA fix_quality=0, num_sats=00, hdop=9999.0, lat=0.0, lon=0.0
[LIVE] udp=3.0/s, objs=3.0/s, last_udp=0.31s, meas=1, tracks=3, valid=0, master=492
[GPS] GGA fix_quality=0, num_sats=00, hdop=9999.0, lat=0.0, lon=0.0
[LIVE] udp=3.0/s, objs=3.0/s, last_udp=0.30s, meas=1, tracks=2, valid=0, master=492
[GPS] GGA fix_quality=0, num_sats=00, hdop=9999.0, lat=0.0, lon=0.0
[LIVE] udp=3.0/s, objs=3.0/s, last_udp=0.31s, meas=1, tracks=3, valid=0, master=492
[LIVE] udp=4.0/s, objs=4.0/s, last_udp=0.38s, meas=1, tracks=3, valid=0, master=492
[LIVE] udp=2.0/s, objs=3.0/s, last_udp=0.03s, meas=2, tracks=2, valid=0, master=492
[LIVE] udp=4.0/s, objs=5.0/s, last_udp=0.32s, meas=1, tracks=3, valid=0, master=512
[LIVE] udp=7.0/s, objs=9.0/s, last_udp=0.22s, meas=3, tracks=5, valid=0, master=512
[GPS] GGA fix_quality=0, num_sats=00, hdop=9999.0, lat=0.0, lon=0.0
[LIVE] udp=6.0/s, objs=7.0/s, last_udp=0.02s, meas=1, tracks=2, valid=0, master=512
[GPS] GGA fix_quality=0, num_sats=00, hdop=9999.0, lat=0.0, lon=0.0
[LIVE] udp=4.0/s, objs=4.0/s, last_udp=0.26s, meas=1, tracks=2, valid=1, master=515
[GPS] GGA fix_quality=0, num_sats=00, hdop=9999.0, lat=0.0, lon=0.0
[LIVE] udp=5.0/s, objs=5.0/s, last_udp=0.06s, meas=1, tracks=1, valid=1, master=523
[GPS] GGA fix_quality=0, num_sats=00, hdop=9999.0, lat=0.0, lon=0.0
[LIVE] udp=4.0/s, objs=5.0/s, last_udp=0.04s, meas=1, tracks=3, valid=1, master=523
[GPS] GGA fix_quality=0, num_sats=00, hdop=9999.0, lat=0.0, lon=0.0
[LIVE] udp=3.0/s, objs=4.0/s, last_udp=0.54s, meas=1, tracks=3, valid=1, master=523
[GPS] GGA fix_quality=0, num_sats=00, hdop=9999.0, lat=0.0, lon=0.0
[LIVE] udp=4.0/s, objs=4.0/s, last_udp=0.00s, meas=1, tracks=2, valid=0, master=523
[LIVE] udp=4.0/s, objs=6.0/s, last_udp=0.05s, meas=2, tracks=4, valid=0, master=526
[LIVE] udp=4.0/s, objs=4.0/s, last_udp=0.21s, meas=1, tracks=3, valid=0, master=529
[LIVE] udp=1.0/s, objs=1.0/s, last_udp=0.05s, meas=1, tracks=1, valid=0, master=529
[LIVE] udp=3.0/s, objs=3.0/s, last_udp=0.28s, meas=1, tracks=2, valid=0, master=529
[GPS] GGA fix_quality=0, num_sats=00, hdop=9999.0, lat=0.0, lon=0.0
[LIVE] udp=5.0/s, objs=5.0/s, last_udp=0.45s, meas=1, tracks=3, valid=1, master=532
[GPS] GGA fix_quality=0, num_sats=00, hdop=9999.0, lat=0.0, lon=0.0
[LIVE] udp=4.0/s, objs=6.0/s, last_udp=0.16s, meas=1, tracks=2, valid=1, master=532
[GPS] GGA fix_quality=0, num_sats=00, hdop=9999.0, lat=0.0, lon=0.0
[LIVE] udp=4.0/s, objs=5.0/s, last_udp=0.25s, meas=1, tracks=4, valid=0, master=532
[GPS] GGA fix_quality=0, num_sats=00, hdop=9999.0, lat=0.0, lon=0.0
[LIVE] udp=3.0/s, objs=3.0/s, last_udp=0.51s, meas=1, tracks=3, valid=0, master=535
[GPS] GGA fix_quality=0, num_sats=00, hdop=9999.0, lat=0.0, lon=0.0
[LIVE] udp=4.0/s, objs=4.0/s, last_udp=0.15s, meas=1, tracks=1, valid=1, master=541
[GPS] GGA fix_quality=0, num_sats=00, hdop=9999.0, lat=0.0, lon=0.0
[LIVE] udp=3.0/s, objs=3.0/s, last_udp=0.34s, meas=1, tracks=1, valid=1, master=541
[LIVE] udp=2.0/s, objs=3.0/s, last_udp=0.17s, meas=1, tracks=3, valid=0, master=541
[LIVE] udp=5.0/s, objs=6.0/s, last_udp=0.18s, meas=2, tracks=4, valid=0, master=544
[LIVE] udp=4.0/s, objs=5.0/s, last_udp=0.37s, meas=2, tracks=4, valid=0, master=544
[LIVE] udp=8.0/s, objs=9.0/s, last_udp=0.01s, meas=1, tracks=4, valid=0, master=544
[GPS] GGA fix_quality=0, num_sats=00, hdop=9999.0, lat=0.0, lon=0.0
[LIVE] udp=5.0/s, objs=5.0/s, last_udp=0.08s, meas=1, tracks=2, valid=0, master=544
[GPS] GGA fix_quality=0, num_sats=00, hdop=9999.0, lat=0.0, lon=0.0
[LIVE] udp=4.0/s, objs=4.0/s, last_udp=0.36s, meas=1, tracks=2, valid=1, master=544
[GPS] GGA fix_quality=0, num_sats=00, hdop=9999.0, lat=0.0, lon=0.0
[LIVE] udp=6.0/s, objs=7.0/s, last_udp=0.05s, meas=1, tracks=4, valid=0, master=544
[GPS] GGA fix_quality=0, num_sats=00, hdop=9999.0, lat=0.0, lon=0.0
[LIVE] udp=4.0/s, objs=5.0/s, last_udp=0.30s, meas=1, tracks=3, valid=1, master=544
[GPS] GGA fix_quality=0, num_sats=00, hdop=9999.0, lat=0.0, lon=0.0
[LIVE] udp=5.0/s, objs=6.0/s, last_udp=0.10s, meas=1, tracks=3, valid=1, master=544
[GPS] GGA fix_quality=0, num_sats=00, hdop=9999.0, lat=0.0, lon=0.0
[LIVE] udp=4.0/s, objs=4.0/s, last_udp=0.26s, meas=1, tracks=2, valid=1, master=544
[LIVE] udp=3.0/s, objs=3.0/s, last_udp=0.01s, meas=1, tracks=1, valid=1, master=559
[LIVE] udp=7.0/s, objs=7.0/s, last_udp=0.07s, meas=1, tracks=2, valid=0, master=559
[LIVE] udp=2.0/s, objs=2.0/s, last_udp=0.55s, meas=1, tracks=3, valid=0, master=559
[LIVE] udp=2.0/s, objs=2.0/s, last_udp=0.01s, meas=1, tracks=1, valid=0, master=559
[GPS] GGA fix_quality=0, num_sats=00, hdop=9999.0, lat=0.0, lon=0.0
[LIVE] udp=1.0/s, objs=1.0/s, last_udp=0.51s, meas=1, tracks=1, valid=1, master=562
[GPS] GGA fix_quality=0, num_sats=00, hdop=9999.0, lat=0.0, lon=0.0
[LIVE] udp=6.0/s, objs=7.0/s, last_udp=0.17s, meas=1, tracks=4, valid=0, master=562
[GPS] GGA fix_quality=0, num_sats=00, hdop=9999.0, lat=0.0, lon=0.0
[LIVE] udp=3.0/s, objs=4.0/s, last_udp=0.32s, meas=1, tracks=3, valid=0, master=562
[GPS] GGA fix_quality=0, num_sats=00, hdop=9999.0, lat=0.0, lon=0.0
[LIVE] udp=0.0/s, objs=0.0/s, last_udp=1.33s, meas=1, tracks=3, valid=0, master=562
[GPS] GGA fix_quality=0, num_sats=00, hdop=9999.0, lat=0.0, lon=0.0
[LIVE] udp=0.0/s, objs=0.0/s, last_udp=2.33s, meas=1, tracks=3, valid=0, master=562
[GPS] GGA fix_quality=0, num_sats=00, hdop=9999.0, lat=0.0, lon=0.0
[LIVE] udp=0.0/s, objs=0.0/s, last_udp=3.34s, meas=1, tracks=3, valid=0, master=562
[LIVE] udp=0.0/s, objs=0.0/s, last_udp=4.34s, meas=1, tracks=3, valid=0, master=562
[LIVE] udp=0.0/s, objs=0.0/s, last_udp=5.35s, meas=1, tracks=3, valid=0, master=562
[LIVE] udp=0.0/s, objs=0.0/s, last_udp=6.35s, meas=1, tracks=3, valid=0, master=562
[LIVE] udp=0.0/s, objs=0.0/s, last_udp=7.35s, meas=1, tracks=3, valid=0, master=562
[GPS] GGA fix_quality=0, num_sats=00, hdop=9999.0, lat=0.0, lon=0.0
[LIVE] udp=0.0/s, objs=0.0/s, last_udp=8.36s, meas=1, tracks=3, valid=0, master=562
[GPS] GGA fix_quality=0, num_sats=00, hdop=9999.0, lat=0.0, lon=0.0
[LIVE] udp=0.0/s, objs=0.0/s, last_udp=9.36s, meas=1, tracks=3, valid=0, master=562
[GPS] GGA fix_quality=0, num_sats=00, hdop=9999.0, lat=0.0, lon=0.0
[LIVE] udp=0.0/s, objs=0.0/s, last_udp=10.36s, meas=1, tracks=3, valid=0, master=562
[GPS] GGA fix_quality=0, num_sats=00, hdop=9999.0, lat=0.0, lon=0.0
[LIVE] udp=0.0/s, objs=0.0/s, last_udp=11.37s, meas=1, tracks=3, valid=0, master=562
[GPS] GGA fix_quality=0, num_sats=00, hdop=9999.0, lat=0.0, lon=0.0
[LIVE] udp=0.0/s, objs=0.0/s, last_udp=12.37s, meas=1, tracks=3, valid=0, master=562
[GPS] GGA fix_quality=0, num_sats=00, hdop=9999.0, lat=0.0, lon=0.0
[LIVE] udp=0.0/s, objs=0.0/s, last_udp=13.37s, meas=1, tracks=3, valid=0, master=562
[LIVE] udp=0.0/s, objs=0.0/s, last_udp=14.37s, meas=1, tracks=3, valid=0, master=562
[LIVE] udp=0.0/s, objs=0.0/s, last_udp=15.38s, meas=1, tracks=3, valid=0, master=562
[LIVE] udp=0.0/s, objs=0.0/s, last_udp=16.38s, meas=1, tracks=3, valid=0, master=562
[LIVE] udp=0.0/s, objs=0.0/s, last_udp=17.38s, meas=1, tracks=3, valid=0, master=562
[GPS] GGA fix_quality=0, num_sats=00, hdop=9999.0, lat=0.0, lon=0.0
[LIVE] udp=0.0/s, objs=0.0/s, last_udp=18.38s, meas=1, tracks=3, valid=0, master=562
[GPS] GGA fix_quality=0, num_sats=00, hdop=9999.0, lat=0.0, lon=0.0
[LIVE] udp=0.0/s, objs=0.0/s, last_udp=19.38s, meas=1, tracks=3, valid=0, master=562
[GPS] GGA fix_quality=0, num_sats=00, hdop=9999.0, lat=0.0, lon=0.0
[LIVE] udp=0.0/s, objs=0.0/s, last_udp=20.38s, meas=1, tracks=3, valid=0, master=562
[GPS] GGA fix_quality=0, num_sats=00, hdop=9999.0, lat=0.0, lon=0.0
[LIVE] udp=0.0/s, objs=0.0/s, last_udp=21.38s, meas=1, tracks=3, valid=0, master=562
[GPS] GGA fix_quality=0, num_sats=00, hdop=9999.0, lat=0.0, lon=0.0
[LIVE] udp=0.0/s, objs=0.0/s, last_udp=22.39s, meas=1, tracks=3, valid=0, master=562
[GPS] GGA fix_quality=0, num_sats=00, hdop=9999.0, lat=0.0, lon=0.0
[LIVE] udp=0.0/s, objs=0.0/s, last_udp=23.39s, meas=1, tracks=3, valid=0, master=562
[LIVE] udp=0.0/s, objs=0.0/s, last_udp=24.39s, meas=1, tracks=3, valid=0, master=562
[LIVE] udp=0.0/s, objs=0.0/s, last_udp=25.39s, meas=1, tracks=3, valid=0, master=562
[LIVE] udp=0.0/s, objs=0.0/s, last_udp=26.40s, meas=1, tracks=3, valid=0, master=562
[LIVE] udp=0.0/s, objs=0.0/s, last_udp=27.40s, meas=1, tracks=3, valid=0, master=562
[GPS] GGA fix_quality=0, num_sats=00, hdop=9999.0, lat=0.0, lon=0.0
[LIVE] udp=0.0/s, objs=0.0/s, last_udp=28.40s, meas=1, tracks=3, valid=0, master=562
[GPS] GGA fix_quality=0, num_sats=00, hdop=9999.0, lat=0.0, lon=0.0
[LIVE] udp=0.0/s, objs=0.0/s, last_udp=29.41s, meas=1, tracks=3, valid=0, master=562
[GPS] GGA fix_quality=0, num_sats=00, hdop=9999.0, lat=0.0, lon=0.0
[LIVE] udp=0.0/s, objs=0.0/s, last_udp=30.41s, meas=1, tracks=3, valid=0, master=562
[GPS] GGA fix_quality=0, num_sats=00, hdop=9999.0, lat=0.0, lon=0.0
[LIVE] udp=0.0/s, objs=0.0/s, last_udp=31.41s, meas=1, tracks=3, valid=0, master=562
[GPS] GGA fix_quality=0, num_sats=00, hdop=9999.0, lat=0.0, lon=0.0
[LIVE] udp=0.0/s, objs=0.0/s, last_udp=32.41s, meas=1, tracks=3, valid=0, master=562
[GPS] GGA fix_quality=0, num_sats=00, hdop=9999.0, lat=0.0, lon=0.0
[LIVE] udp=0.0/s, objs=0.0/s, last_udp=33.42s, meas=1, tracks=3, valid=0, master=562
[LIVE] udp=0.0/s, objs=0.0/s, last_udp=34.42s, meas=1, tracks=3, valid=0, master=562
[LIVE] udp=0.0/s, objs=0.0/s, last_udp=35.43s, meas=1, tracks=3, valid=0, master=562
[LIVE] udp=0.0/s, objs=0.0/s, last_udp=36.43s, meas=1, tracks=3, valid=0, master=562
[LIVE] udp=0.0/s, objs=0.0/s, last_udp=37.43s, meas=1, tracks=3, valid=0, master=562
[GPS] GGA fix_quality=0, num_sats=00, hdop=9999.0, lat=0.0, lon=0.0
[LIVE] udp=0.0/s, objs=0.0/s, last_udp=38.43s, meas=1, tracks=3, valid=0, master=562
[GPS] GGA fix_quality=0, num_sats=00, hdop=9999.0, lat=0.0, lon=0.0
[LIVE] udp=0.0/s, objs=0.0/s, last_udp=39.43s, meas=1, tracks=3, valid=0, master=562
[GPS] GGA fix_quality=0, num_sats=00, hdop=9999.0, lat=0.0, lon=0.0
[LIVE] udp=0.0/s, objs=0.0/s, last_udp=40.44s, meas=1, tracks=3, valid=0, master=562
[GPS] GGA fix_quality=0, num_sats=00, hdop=9999.0, lat=0.0, lon=0.0
[LIVE] udp=0.0/s, objs=0.0/s, last_udp=41.44s, meas=1, tracks=3, valid=0, master=562
[GPS] GGA fix_quality=0, num_sats=00, hdop=9999.0, lat=0.0, lon=0.0
[LIVE] udp=0.0/s, objs=0.0/s, last_udp=42.45s, meas=1, tracks=3, valid=0, master=562
[GPS] GGA fix_quality=0, num_sats=00, hdop=9999.0, lat=0.0, lon=0.0
[LIVE] udp=0.0/s, objs=0.0/s, last_udp=43.45s, meas=1, tracks=3, valid=0, master=562
[LIVE] udp=0.0/s, objs=0.0/s, last_udp=44.45s, meas=1, tracks=3, valid=0, master=562
[LIVE] udp=0.0/s, objs=0.0/s, last_udp=45.45s, meas=1, tracks=3, valid=0, master=562
[LIVE] udp=0.0/s, objs=0.0/s, last_udp=46.46s, meas=1, tracks=3, valid=0, master=562
[LIVE] udp=0.0/s, objs=0.0/s, last_udp=47.46s, meas=1, tracks=3, valid=0, master=562
[GPS] GGA fix_quality=0, num_sats=00, hdop=9999.0, lat=0.0, lon=0.0
[LIVE] udp=0.0/s, objs=0.0/s, last_udp=48.46s, meas=1, tracks=3, valid=0, master=562
[GPS] GGA fix_quality=0, num_sats=00, hdop=9999.0, lat=0.0, lon=0.0
[LIVE] udp=0.0/s, objs=0.0/s, last_udp=49.47s, meas=1, tracks=3, valid=0, master=562
[GPS] GGA fix_quality=0, num_sats=00, hdop=9999.0, lat=0.0, lon=0.0
[LIVE] udp=0.0/s, objs=0.0/s, last_udp=50.47s, meas=1, tracks=3, valid=0, master=562
[GPS] GGA fix_quality=0, num_sats=00, hdop=9999.0, lat=0.0, lon=0.0
[LIVE] udp=0.0/s, objs=0.0/s, last_udp=51.47s, meas=1, tracks=3, valid=0, master=562
[GPS] GGA fix_quality=0, num_sats=00, hdop=9999.0, lat=0.0, lon=0.0
[LIVE] udp=0.0/s, objs=0.0/s, last_udp=52.47s, meas=1, tracks=3, valid=0, master=562
[GPS] GGA fix_quality=0, num_sats=00, hdop=9999.0, lat=0.0, lon=0.0
[LIVE] udp=0.0/s, objs=0.0/s, last_udp=53.48s, meas=1, tracks=3, valid=0, master=562
[LIVE] udp=0.0/s, objs=0.0/s, last_udp=54.48s, meas=1, tracks=3, valid=0, master=562
[LIVE] udp=0.0/s, objs=0.0/s, last_udp=55.48s, meas=1, tracks=3, valid=0, master=562
[LIVE] udp=0.0/s, objs=0.0/s, last_udp=56.49s, meas=1, tracks=3, valid=0, master=562
[LIVE] udp=0.0/s, objs=0.0/s, last_udp=57.49s, meas=1, tracks=3, valid=0, master=562
[GPS] GGA fix_quality=0, num_sats=00, hdop=9999.0, lat=0.0, lon=0.0
[LIVE] udp=0.0/s, objs=0.0/s, last_udp=58.49s, meas=1, tracks=3, valid=0, master=562
[GPS] GGA fix_quality=0, num_sats=00, hdop=9999.0, lat=0.0, lon=0.0
[LIVE] udp=0.0/s, objs=0.0/s, last_udp=59.49s, meas=1, tracks=3, valid=0, master=562
[GPS] GGA fix_quality=0, num_sats=00, hdop=9999.0, lat=0.0, lon=0.0
[LIVE] udp=0.0/s, objs=0.0/s, last_udp=60.49s, meas=1, tracks=3, valid=0, master=562
[GPS] GGA fix_quality=0, num_sats=00, hdop=9999.0, lat=0.0, lon=0.0
[LIVE] udp=0.0/s, objs=0.0/s, last_udp=61.49s, meas=1, tracks=3, valid=0, master=562
[GPS] GGA fix_quality=0, num_sats=00, hdop=9999.0, lat=0.0, lon=0.0
[LIVE] udp=0.0/s, objs=0.0/s, last_udp=62.50s, meas=1, tracks=3, valid=0, master=562
[GPS] GGA fix_quality=0, num_sats=00, hdop=9999.0, lat=0.0, lon=0.0
[LIVE] udp=0.0/s, objs=0.0/s, last_udp=63.50s, meas=1, tracks=3, valid=0, master=562
[LIVE] udp=0.0/s, objs=0.0/s, last_udp=64.50s, meas=1, tracks=3, valid=0, master=562
[LIVE] udp=0.0/s, objs=0.0/s, last_udp=65.50s, meas=1, tracks=3, valid=0, master=562
[LIVE] udp=0.0/s, objs=0.0/s, last_udp=66.51s, meas=1, tracks=3, valid=0, master=562
[LIVE] udp=0.0/s, objs=0.0/s, last_udp=67.51s, meas=1, tracks=3, valid=0, master=562
[GPS] GGA fix_quality=0, num_sats=00, hdop=9999.0, lat=0.0, lon=0.0
[LIVE] udp=0.0/s, objs=0.0/s, last_udp=68.51s, meas=1, tracks=3, valid=0, master=562
[GPS] GGA fix_quality=0, num_sats=00, hdop=9999.0, lat=0.0, lon=0.0
[LIVE] udp=0.0/s, objs=0.0/s, last_udp=69.51s, meas=1, tracks=3, valid=0, master=562
[GPS] GGA fix_quality=0, num_sats=00, hdop=9999.0, lat=0.0, lon=0.0
[LIVE] udp=0.0/s, objs=0.0/s, last_udp=70.51s, meas=1, tracks=3, valid=0, master=562
[GPS] GGA fix_quality=0, num_sats=00, hdop=9999.0, lat=0.0, lon=0.0
[LIVE] udp=0.0/s, objs=0.0/s, last_udp=71.52s, meas=1, tracks=3, valid=0, master=562
[GPS] GGA fix_quality=0, num_sats=00, hdop=9999.0, lat=0.0, lon=0.0
[LIVE] udp=0.0/s, objs=0.0/s, last_udp=72.52s, meas=1, tracks=3, valid=0, master=562
[GPS] GGA fix_quality=0, num_sats=00, hdop=9999.0, lat=0.0, lon=0.0
[LIVE] udp=0.0/s, objs=0.0/s, last_udp=73.53s, meas=1, tracks=3, valid=0, master=562
[LIVE] udp=0.0/s, objs=0.0/s, last_udp=74.53s, meas=1, tracks=3, valid=0, master=562
[LIVE] udp=0.0/s, objs=0.0/s, last_udp=75.54s, meas=1, tracks=3, valid=0, master=562
[LIVE] udp=0.0/s, objs=0.0/s, last_udp=76.54s, meas=1, tracks=3, valid=0, master=562
[LIVE] udp=0.0/s, objs=0.0/s, last_udp=77.54s, meas=1, tracks=3, valid=0, master=562
[GPS] GGA fix_quality=0, num_sats=00, hdop=9999.0, lat=0.0, lon=0.0
[LIVE] udp=0.0/s, objs=0.0/s, last_udp=78.54s, meas=1, tracks=3, valid=0, master=562
[GPS] GGA fix_quality=0, num_sats=00, hdop=9999.0, lat=0.0, lon=0.0
[LIVE] udp=0.0/s, objs=0.0/s, last_udp=79.55s, meas=1, tracks=3, valid=0, master=562
[GPS] GGA fix_quality=0, num_sats=00, hdop=9999.0, lat=0.0, lon=0.0
[LIVE] udp=0.0/s, objs=0.0/s, last_udp=80.55s, meas=1, tracks=3, valid=0, master=562
[GPS] GGA fix_quality=0, num_sats=00, hdop=9999.0, lat=0.0, lon=0.0
[LIVE] udp=0.0/s, objs=0.0/s, last_udp=81.55s, meas=1, tracks=3, valid=0, master=562
[GPS] GGA fix_quality=0, num_sats=00, hdop=9999.0, lat=0.0, lon=0.0
[LIVE] udp=0.0/s, objs=0.0/s, last_udp=82.55s, meas=1, tracks=3, valid=0, master=562
[GPS] GGA fix_quality=0, num_sats=00, hdop=9999.0, lat=0.0, lon=0.0
[LIVE] udp=0.0/s, objs=0.0/s, last_udp=83.55s, meas=1, tracks=3, valid=0, master=562
[LIVE] udp=0.0/s, objs=0.0/s, last_udp=84.56s, meas=1, tracks=3, valid=0, master=562
[LIVE] udp=0.0/s, objs=0.0/s, last_udp=85.56s, meas=1, tracks=3, valid=0, master=562
[LIVE] udp=0.0/s, objs=0.0/s, last_udp=86.56s, meas=1, tracks=3, valid=0, master=562
[LIVE] udp=0.0/s, objs=0.0/s, last_udp=87.56s, meas=1, tracks=3, valid=0, master=562
[GPS] GGA fix_quality=0, num_sats=00, hdop=9999.0, lat=0.0, lon=0.0
[LIVE] udp=0.0/s, objs=0.0/s, last_udp=88.57s, meas=1, tracks=3, valid=0, master=562
[GPS] GGA fix_quality=0, num_sats=00, hdop=9999.0, lat=0.0, lon=0.0
[LIVE] udp=0.0/s, objs=0.0/s, last_udp=89.57s, meas=1, tracks=3, valid=0, master=562
[GPS] GGA fix_quality=0, num_sats=00, hdop=9999.0, lat=0.0, lon=0.0
[LIVE] udp=0.0/s, objs=0.0/s, last_udp=90.57s, meas=1, tracks=3, valid=0, master=562
[GPS] GGA fix_quality=0, num_sats=00, hdop=9999.0, lat=0.0, lon=0.0
[LIVE] udp=0.0/s, objs=0.0/s, last_udp=91.58s, meas=1, tracks=3, valid=0, master=562
[GPS] GGA fix_quality=0, num_sats=00, hdop=9999.0, lat=0.0, lon=0.0
[LIVE] udp=0.0/s, objs=0.0/s, last_udp=92.58s, meas=1, tracks=3, valid=0, master=562
[GPS] GGA fix_quality=0, num_sats=00, hdop=9999.0, lat=0.0, lon=0.0
[LIVE] udp=0.0/s, objs=0.0/s, last_udp=93.58s, meas=1, tracks=3, valid=0, master=562
[LIVE] udp=0.0/s, objs=0.0/s, last_udp=94.59s, meas=1, tracks=3, valid=0, master=562
[LIVE] udp=0.0/s, objs=0.0/s, last_udp=95.59s, meas=1, tracks=3, valid=0, master=562
[LIVE] udp=0.0/s, objs=0.0/s, last_udp=96.59s, meas=1, tracks=3, valid=0, master=562
[LIVE] udp=0.0/s, objs=0.0/s, last_udp=97.60s, meas=1, tracks=3, valid=0, master=562
[GPS] GGA fix_quality=0, num_sats=00, hdop=9999.0, lat=0.0, lon=0.0
[LIVE] udp=0.0/s, objs=0.0/s, last_udp=98.60s, meas=1, tracks=3, valid=0, master=562
[GPS] GGA fix_quality=0, num_sats=00, hdop=9999.0, lat=0.0, lon=0.0
[LIVE] udp=0.0/s, objs=0.0/s, last_udp=99.60s, meas=1, tracks=3, valid=0, master=562
[GPS] GGA fix_quality=0, num_sats=00, hdop=9999.0, lat=0.0, lon=0.0
[LIVE] udp=0.0/s, objs=0.0/s, last_udp=100.60s, meas=1, tracks=3, valid=0, master=562
[GPS] GGA fix_quality=0, num_sats=00, hdop=9999.0, lat=0.0, lon=0.0
[LIVE] udp=0.0/s, objs=0.0/s, last_udp=101.61s, meas=1, tracks=3, valid=0, master=562
[GPS] GGA fix_quality=0, num_sats=00, hdop=9999.0, lat=0.0, lon=0.0
[LIVE] udp=0.0/s, objs=0.0/s, last_udp=102.61s, meas=1, tracks=3, valid=0, master=562
[GPS] GGA fix_quality=0, num_sats=00, hdop=9999.0, lat=0.0, lon=0.0
[LIVE] udp=0.0/s, objs=0.0/s, last_udp=103.61s, meas=1, tracks=3, valid=0, master=562
[LIVE] udp=0.0/s, objs=0.0/s, last_udp=104.61s, meas=1, tracks=3, valid=0, master=562
[LIVE] udp=0.0/s, objs=0.0/s, last_udp=105.61s, meas=1, tracks=3, valid=0, master=562
[LIVE] udp=0.0/s, objs=0.0/s, last_udp=106.62s, meas=1, tracks=3, valid=0, master=562
[LIVE] udp=0.0/s, objs=0.0/s, last_udp=107.62s, meas=1, tracks=3, valid=0, master=562
[GPS] GGA fix_quality=0, num_sats=00, hdop=9999.0, lat=0.0, lon=0.0
[LIVE] udp=0.0/s, objs=0.0/s, last_udp=108.62s, meas=1, tracks=3, valid=0, master=562
[GPS] GGA fix_quality=0, num_sats=00, hdop=9999.0, lat=0.0, lon=0.0
[LIVE] udp=0.0/s, objs=0.0/s, last_udp=109.62s, meas=1, tracks=3, valid=0, master=562
[GPS] GGA fix_quality=0, num_sats=00, hdop=9999.0, lat=0.0, lon=0.0
[LIVE] udp=0.0/s, objs=0.0/s, last_udp=110.63s, meas=1, tracks=3, valid=0, master=562
[GPS] GGA fix_quality=0, num_sats=00, hdop=9999.0, lat=0.0, lon=0.0
[LIVE] udp=0.0/s, objs=0.0/s, last_udp=111.63s, meas=1, tracks=3, valid=0, master=562
[GPS] GGA fix_quality=0, num_sats=00, hdop=9999.0, lat=0.0, lon=0.0
[LIVE] udp=0.0/s, objs=0.0/s, last_udp=112.63s, meas=1, tracks=3, valid=0, master=562
[GPS] GGA fix_quality=0, num_sats=00, hdop=9999.0, lat=0.0, lon=0.0
[LIVE] udp=0.0/s, objs=0.0/s, last_udp=113.64s, meas=1, tracks=3, valid=0, master=562
[LIVE] udp=0.0/s, objs=0.0/s, last_udp=114.64s, meas=1, tracks=3, valid=0, master=562
[LIVE] udp=0.0/s, objs=0.0/s, last_udp=115.64s, meas=1, tracks=3, valid=0, master=562
[LIVE] udp=0.0/s, objs=0.0/s, last_udp=116.65s, meas=1, tracks=3, valid=0, master=562
[LIVE] udp=0.0/s, objs=0.0/s, last_udp=117.65s, meas=1, tracks=3, valid=0, master=562
[GPS] GGA fix_quality=0, num_sats=00, hdop=9999.0, lat=0.0, lon=0.0
[LIVE] udp=0.0/s, objs=0.0/s, last_udp=118.65s, meas=1, tracks=3, valid=0, master=562
[GPS] GGA fix_quality=0, num_sats=00, hdop=9999.0, lat=0.0, lon=0.0
[LIVE] udp=0.0/s, objs=0.0/s, last_udp=119.65s, meas=1, tracks=3, valid=0, master=562
[GPS] GGA fix_quality=0, num_sats=00, hdop=9999.0, lat=0.0, lon=0.0
[LIVE] udp=0.0/s, objs=0.0/s, last_udp=120.66s, meas=1, tracks=3, valid=0, master=562
[GPS] GGA fix_quality=0, num_sats=00, hdop=9999.0, lat=0.0, lon=0.0
[LIVE] udp=0.0/s, objs=0.0/s, last_udp=121.66s, meas=1, tracks=3, valid=0, master=562
[GPS] GGA fix_quality=0, num_sats=00, hdop=9999.0, lat=0.0, lon=0.0
[LIVE] udp=0.0/s, objs=0.0/s, last_udp=122.66s, meas=1, tracks=3, valid=0, master=562
[GPS] GGA fix_quality=0, num_sats=00, hdop=9999.0, lat=0.0, lon=0.0
[LIVE] udp=0.0/s, objs=0.0/s, last_udp=123.67s, meas=1, tracks=3, valid=0, master=562
[LIVE] udp=0.0/s, objs=0.0/s, last_udp=124.67s, meas=1, tracks=3, valid=0, master=562
[LIVE] udp=0.0/s, objs=0.0/s, last_udp=125.67s, meas=1, tracks=3, valid=0, master=562
[LIVE] udp=0.0/s, objs=0.0/s, last_udp=126.68s, meas=1, tracks=3, valid=0, master=562
[LIVE] udp=0.0/s, objs=0.0/s, last_udp=127.68s, meas=1, tracks=3, valid=0, master=562
[GPS] GGA fix_quality=0, num_sats=00, hdop=9999.0, lat=0.0, lon=0.0
[LIVE] udp=0.0/s, objs=0.0/s, last_udp=128.68s, meas=1, tracks=3, valid=0, master=562
[GPS] GGA fix_quality=0, num_sats=00, hdop=9999.0, lat=0.0, lon=0.0
[LIVE] udp=0.0/s, objs=0.0/s, last_udp=129.69s, meas=1, tracks=3, valid=0, master=562
[GPS] GGA fix_quality=0, num_sats=00, hdop=9999.0, lat=0.0, lon=0.0
[LIVE] udp=0.0/s, objs=0.0/s, last_udp=130.69s, meas=1, tracks=3, valid=0, master=562
[GPS] GGA fix_quality=0, num_sats=00, hdop=9999.0, lat=0.0, lon=0.0
[LIVE] udp=0.0/s, objs=0.0/s, last_udp=131.69s, meas=1, tracks=3, valid=0, master=562
[GPS] GGA fix_quality=0, num_sats=00, hdop=9999.0, lat=0.0, lon=0.0
[LIVE] udp=0.0/s, objs=0.0/s, last_udp=132.69s, meas=1, tracks=3, valid=0, master=562
[GPS] GGA fix_quality=0, num_sats=00, hdop=9999.0, lat=0.0, lon=0.0
[LIVE] udp=0.0/s, objs=0.0/s, last_udp=133.70s, meas=1, tracks=3, valid=0, master=562
[LIVE] udp=0.0/s, objs=0.0/s, last_udp=134.70s, meas=1, tracks=3, valid=0, master=562
[LIVE] udp=0.0/s, objs=0.0/s, last_udp=135.70s, meas=1, tracks=3, valid=0, master=562
[LIVE] udp=0.0/s, objs=0.0/s, last_udp=136.71s, meas=1, tracks=3, valid=0, master=562
[LIVE] udp=0.0/s, objs=0.0/s, last_udp=137.71s, meas=1, tracks=3, valid=0, master=562
[GPS] GGA fix_quality=0, num_sats=00, hdop=9999.0, lat=0.0, lon=0.0
[LIVE] udp=0.0/s, objs=0.0/s, last_udp=138.71s, meas=1, tracks=3, valid=0, master=562
[GPS] GGA fix_quality=0, num_sats=00, hdop=9999.0, lat=0.0, lon=0.0
[LIVE] udp=0.0/s, objs=0.0/s, last_udp=139.71s, meas=1, tracks=3, valid=0, master=562
[GPS] GGA fix_quality=0, num_sats=00, hdop=9999.0, lat=0.0, lon=0.0
[LIVE] udp=0.0/s, objs=0.0/s, last_udp=140.72s, meas=1, tracks=3, valid=0, master=562
[GPS] GGA fix_quality=0, num_sats=00, hdop=9999.0, lat=0.0, lon=0.0
[LIVE] udp=0.0/s, objs=0.0/s, last_udp=141.72s, meas=1, tracks=3, valid=0, master=562
[GPS] GGA fix_quality=0, num_sats=00, hdop=9999.0, lat=0.0, lon=0.0
[LIVE] udp=0.0/s, objs=0.0/s, last_udp=142.72s, meas=1, tracks=3, valid=0, master=562
[GPS] GGA fix_quality=0, num_sats=00, hdop=9999.0, lat=0.0, lon=0.0
[LIVE] udp=0.0/s, objs=0.0/s, last_udp=143.73s, meas=1, tracks=3, valid=0, master=562
[LIVE] udp=0.0/s, objs=0.0/s, last_udp=144.73s, meas=1, tracks=3, valid=0, master=562
[LIVE] udp=0.0/s, objs=0.0/s, last_udp=145.73s, meas=1, tracks=3, valid=0, master=562
[LIVE] udp=0.0/s, objs=0.0/s, last_udp=146.73s, meas=1, tracks=3, valid=0, master=562
[LIVE] udp=0.0/s, objs=0.0/s, last_udp=147.74s, meas=1, tracks=3, valid=0, master=562
[GPS] GGA fix_quality=0, num_sats=00, hdop=9999.0, lat=0.0, lon=0.0
[LIVE] udp=0.0/s, objs=0.0/s, last_udp=148.74s, meas=1, tracks=3, valid=0, master=562
[GPS] GGA fix_quality=0, num_sats=00, hdop=9999.0, lat=0.0, lon=0.0
[LIVE] udp=0.0/s, objs=0.0/s, last_udp=149.74s, meas=1, tracks=3, valid=0, master=562
[GPS] GGA fix_quality=0, num_sats=00, hdop=9999.0, lat=0.0, lon=0.0
[LIVE] udp=0.0/s, objs=0.0/s, last_udp=150.75s, meas=1, tracks=3, valid=0, master=562
[GPS] GGA fix_quality=0, num_sats=00, hdop=9999.0, lat=0.0, lon=0.0
[LIVE] udp=0.0/s, objs=0.0/s, last_udp=151.75s, meas=1, tracks=3, valid=0, master=562
[GPS] GGA fix_quality=0, num_sats=00, hdop=9999.0, lat=0.0, lon=0.0
[LIVE] udp=0.0/s, objs=0.0/s, last_udp=152.75s, meas=1, tracks=3, valid=0, master=562
[GPS] GGA fix_quality=0, num_sats=00, hdop=9999.0, lat=0.0, lon=0.0
[LIVE] udp=0.0/s, objs=0.0/s, last_udp=153.75s, meas=1, tracks=3, valid=0, master=562
[LIVE] udp=0.0/s, objs=0.0/s, last_udp=154.76s, meas=1, tracks=3, valid=0, master=562
[LIVE] udp=0.0/s, objs=0.0/s, last_udp=155.76s, meas=1, tracks=3, valid=0, master=562
[LIVE] udp=0.0/s, objs=0.0/s, last_udp=156.76s, meas=1, tracks=3, valid=0, master=562
[LIVE] udp=0.0/s, objs=0.0/s, last_udp=157.77s, meas=1, tracks=3, valid=0, master=562
[GPS] GGA fix_quality=0, num_sats=00, hdop=9999.0, lat=0.0, lon=0.0
[LIVE] udp=0.0/s, objs=0.0/s, last_udp=158.77s, meas=1, tracks=3, valid=0, master=562
[GPS] GGA fix_quality=0, num_sats=00, hdop=9999.0, lat=0.0, lon=0.0
[LIVE] udp=0.0/s, objs=0.0/s, last_udp=159.77s, meas=1, tracks=3, valid=0, master=562
[GPS] GGA fix_quality=0, num_sats=00, hdop=9999.0, lat=0.0, lon=0.0
[LIVE] udp=0.0/s, objs=0.0/s, last_udp=160.78s, meas=1, tracks=3, valid=0, master=562
[GPS] GGA fix_quality=0, num_sats=00, hdop=9999.0, lat=0.0, lon=0.0
[LIVE] udp=0.0/s, objs=0.0/s, last_udp=161.78s, meas=1, tracks=3, valid=0, master=562
[GPS] GGA fix_quality=0, num_sats=00, hdop=9999.0, lat=0.0, lon=0.0
[LIVE] udp=0.0/s, objs=0.0/s, last_udp=162.78s, meas=1, tracks=3, valid=0, master=562
[GPS] GGA fix_quality=0, num_sats=00, hdop=9999.0, lat=0.0, lon=0.0
[LIVE] udp=0.0/s, objs=0.0/s, last_udp=163.79s, meas=1, tracks=3, valid=0, master=562
[LIVE] udp=0.0/s, objs=0.0/s, last_udp=164.79s, meas=1, tracks=3, valid=0, master=562
[LIVE] udp=0.0/s, objs=0.0/s, last_udp=165.79s, meas=1, tracks=3, valid=0, master=562
[LIVE] udp=0.0/s, objs=0.0/s, last_udp=166.80s, meas=1, tracks=3, valid=0, master=562
[LIVE] udp=0.0/s, objs=0.0/s, last_udp=167.80s, meas=1, tracks=3, valid=0, master=562
[GPS] GGA fix_quality=0, num_sats=00, hdop=9999.0, lat=0.0, lon=0.0
[LIVE] udp=0.0/s, objs=0.0/s, last_udp=168.80s, meas=1, tracks=3, valid=0, master=562
[GPS] GGA fix_quality=0, num_sats=00, hdop=9999.0, lat=0.0, lon=0.0
[LIVE] udp=0.0/s, objs=0.0/s, last_udp=169.81s, meas=1, tracks=3, valid=0, master=562
[GPS] GGA fix_quality=0, num_sats=00, hdop=9999.0, lat=0.0, lon=0.0
[LIVE] udp=0.0/s, objs=0.0/s, last_udp=170.81s, meas=1, tracks=3, valid=0, master=562
[GPS] GGA fix_quality=0, num_sats=00, hdop=9999.0, lat=0.0, lon=0.0
[LIVE] udp=0.0/s, objs=0.0/s, last_udp=171.81s, meas=1, tracks=3, valid=0, master=562
[GPS] GGA fix_quality=0, num_sats=00, hdop=9999.0, lat=0.0, lon=0.0
[LIVE] udp=0.0/s, objs=0.0/s, last_udp=172.81s, meas=1, tracks=3, valid=0, master=562
[GPS] GGA fix_quality=0, num_sats=00, hdop=9999.0, lat=0.0, lon=0.0
[LIVE] udp=0.0/s, objs=0.0/s, last_udp=173.82s, meas=1, tracks=3, valid=0, master=562
[LIVE] udp=0.0/s, objs=0.0/s, last_udp=174.82s, meas=1, tracks=3, valid=0, master=562
[LIVE] udp=0.0/s, objs=0.0/s, last_udp=175.82s, meas=1, tracks=3, valid=0, master=562
[LIVE] udp=0.0/s, objs=0.0/s, last_udp=176.82s, meas=1, tracks=3, valid=0, master=562
[LIVE] udp=0.0/s, objs=0.0/s, last_udp=177.83s, meas=1, tracks=3, valid=0, master=562
[GPS] GGA fix_quality=0, num_sats=00, hdop=9999.0, lat=0.0, lon=0.0
[LIVE] udp=0.0/s, objs=0.0/s, last_udp=178.83s, meas=1, tracks=3, valid=0, master=562
[GPS] GGA fix_quality=0, num_sats=00, hdop=9999.0, lat=0.0, lon=0.0
[LIVE] udp=0.0/s, objs=0.0/s, last_udp=179.83s, meas=1, tracks=3, valid=0, master=562
[GPS] GGA fix_quality=0, num_sats=00, hdop=9999.0, lat=0.0, lon=0.0
[LIVE] udp=0.0/s, objs=0.0/s, last_udp=180.84s, meas=1, tracks=3, valid=0, master=562
[GPS] GGA fix_quality=0, num_sats=00, hdop=9999.0, lat=0.0, lon=0.0
[LIVE] udp=0.0/s, objs=0.0/s, last_udp=181.84s, meas=1, tracks=3, valid=0, master=562
[GPS] GGA fix_quality=0, num_sats=00, hdop=9999.0, lat=0.0, lon=0.0
[LIVE] udp=0.0/s, objs=0.0/s, last_udp=182.84s, meas=1, tracks=3, valid=0, master=562
[GPS] GGA fix_quality=0, num_sats=00, hdop=9999.0, lat=0.0, lon=0.0
[LIVE] udp=0.0/s, objs=0.0/s, last_udp=183.84s, meas=1, tracks=3, valid=0, master=562
[LIVE] udp=0.0/s, objs=0.0/s, last_udp=184.84s, meas=1, tracks=3, valid=0, master=562
[LIVE] udp=0.0/s, objs=0.0/s, last_udp=185.85s, meas=1, tracks=3, valid=0, master=562
[LIVE] udp=0.0/s, objs=0.0/s, last_udp=186.85s, meas=1, tracks=3, valid=0, master=562
[LIVE] udp=0.0/s, objs=0.0/s, last_udp=187.86s, meas=1, tracks=3, valid=0, master=562
[GPS] GGA fix_quality=0, num_sats=00, hdop=9999.0, lat=0.0, lon=0.0
[LIVE] udp=0.0/s, objs=0.0/s, last_udp=188.86s, meas=1, tracks=3, valid=0, master=562
[GPS] GGA fix_quality=0, num_sats=00, hdop=9999.0, lat=0.0, lon=0.0
[LIVE] udp=0.0/s, objs=0.0/s, last_udp=189.86s, meas=1, tracks=3, valid=0, master=562
[GPS] GGA fix_quality=0, num_sats=00, hdop=9999.0, lat=0.0, lon=0.0
[LIVE] udp=0.0/s, objs=0.0/s, last_udp=190.87s, meas=1, tracks=3, valid=0, master=562
[GPS] GGA fix_quality=0, num_sats=00, hdop=9999.0, lat=0.0, lon=0.0
[LIVE] udp=0.0/s, objs=0.0/s, last_udp=191.87s, meas=1, tracks=3, valid=0, master=562
[GPS] GGA fix_quality=0, num_sats=00, hdop=9999.0, lat=0.0, lon=0.0
[LIVE] udp=0.0/s, objs=0.0/s, last_udp=192.87s, meas=1, tracks=3, valid=0, master=562
[GPS] GGA fix_quality=0, num_sats=00, hdop=9999.0, lat=0.0, lon=0.0
[LIVE] udp=0.0/s, objs=0.0/s, last_udp=193.87s, meas=1, tracks=3, valid=0, master=562
[LIVE] udp=0.0/s, objs=0.0/s, last_udp=194.88s, meas=1, tracks=3, valid=0, master=562
[LIVE] udp=0.0/s, objs=0.0/s, last_udp=195.88s, meas=1, tracks=3, valid=0, master=562
[LIVE] udp=0.0/s, objs=0.0/s, last_udp=196.88s, meas=1, tracks=3, valid=0, master=562
[LIVE] udp=0.0/s, objs=0.0/s, last_udp=197.88s, meas=1, tracks=3, valid=0, master=562
[GPS] GGA fix_quality=0, num_sats=00, hdop=9999.0, lat=0.0, lon=0.0
[LIVE] udp=0.0/s, objs=0.0/s, last_udp=198.89s, meas=1, tracks=3, valid=0, master=562
[GPS] GGA fix_quality=0, num_sats=00, hdop=9999.0, lat=0.0, lon=0.0
[LIVE] udp=0.0/s, objs=0.0/s, last_udp=199.89s, meas=1, tracks=3, valid=0, master=562
[GPS] GGA fix_quality=0, num_sats=00, hdop=9999.0, lat=0.0, lon=0.0
[LIVE] udp=0.0/s, objs=0.0/s, last_udp=200.89s, meas=1, tracks=3, valid=0, master=562
[GPS] GGA fix_quality=0, num_sats=00, hdop=9999.0, lat=0.0, lon=0.0
[LIVE] udp=0.0/s, objs=0.0/s, last_udp=201.89s, meas=1, tracks=3, valid=0, master=562
[GPS] GGA fix_quality=0, num_sats=00, hdop=9999.0, lat=0.0, lon=0.0
[LIVE] udp=0.0/s, objs=0.0/s, last_udp=202.89s, meas=1, tracks=3, valid=0, master=562
[GPS] GGA fix_quality=0, num_sats=00, hdop=9999.0, lat=0.0, lon=0.0
[LIVE] udp=0.0/s, objs=0.0/s, last_udp=203.89s, meas=1, tracks=3, valid=0, master=562
[LIVE] udp=0.0/s, objs=0.0/s, last_udp=204.89s, meas=1, tracks=3, valid=0, master=562
[LIVE] udp=0.0/s, objs=0.0/s, last_udp=205.90s, meas=1, tracks=3, valid=0, master=562
[LIVE] udp=0.0/s, objs=0.0/s, last_udp=206.90s, meas=1, tracks=3, valid=0, master=562
[GPS] GGA fix_quality=0, num_sats=00, hdop=9999.0, lat=0.0, lon=0.0
[LIVE] udp=0.0/s, objs=0.0/s, last_udp=207.90s, meas=1, tracks=3, valid=0, master=562
[GPS] GGA fix_quality=0, num_sats=00, hdop=9999.0, lat=0.0, lon=0.0
[LIVE] udp=0.0/s, objs=0.0/s, last_udp=208.91s, meas=1, tracks=3, valid=0, master=562
[GPS] GGA fix_quality=0, num_sats=00, hdop=9999.0, lat=0.0, lon=0.0
[LIVE] udp=0.0/s, objs=0.0/s, last_udp=209.91s, meas=1, tracks=3, valid=0, master=562
[GPS] GGA fix_quality=0, num_sats=00, hdop=9999.0, lat=0.0, lon=0.0
[LIVE] udp=0.0/s, objs=0.0/s, last_udp=210.91s, meas=1, tracks=3, valid=0, master=562
[GPS] GGA fix_quality=0, num_sats=00, hdop=9999.0, lat=0.0, lon=0.0
[LIVE] udp=0.0/s, objs=0.0/s, last_udp=211.91s, meas=1, tracks=3, valid=0, master=562
[GPS] GGA fix_quality=0, num_sats=00, hdop=9999.0, lat=0.0, lon=0.0
[LIVE] udp=0.0/s, objs=0.0/s, last_udp=212.92s, meas=1, tracks=3, valid=0, master=562
[LIVE] udp=0.0/s, objs=0.0/s, last_udp=213.92s, meas=1, tracks=3, valid=0, master=562
[LIVE] udp=0.0/s, objs=0.0/s, last_udp=214.92s, meas=1, tracks=3, valid=0, master=562
[LIVE] udp=0.0/s, objs=0.0/s, last_udp=215.93s, meas=1, tracks=3, valid=0, master=562
[LIVE] udp=0.0/s, objs=0.0/s, last_udp=216.93s, meas=1, tracks=3, valid=0, master=562
[GPS] GGA fix_quality=0, num_sats=00, hdop=9999.0, lat=0.0, lon=0.0
[LIVE] udp=0.0/s, objs=0.0/s, last_udp=217.93s, meas=1, tracks=3, valid=0, master=562
[GPS] GGA fix_quality=0, num_sats=00, hdop=9999.0, lat=0.0, lon=0.0
[LIVE] udp=0.0/s, objs=0.0/s, last_udp=218.93s, meas=1, tracks=3, valid=0, master=562
[GPS] GGA fix_quality=0, num_sats=00, hdop=9999.0, lat=0.0, lon=0.0
[LIVE] udp=0.0/s, objs=0.0/s, last_udp=219.94s, meas=1, tracks=3, valid=0, master=562
[GPS] GGA fix_quality=0, num_sats=00, hdop=9999.0, lat=0.0, lon=0.0
[LIVE] udp=0.0/s, objs=0.0/s, last_udp=220.94s, meas=1, tracks=3, valid=0, master=562
[GPS] GGA fix_quality=0, num_sats=00, hdop=9999.0, lat=0.0, lon=0.0
[LIVE] udp=0.0/s, objs=0.0/s, last_udp=221.94s, meas=1, tracks=3, valid=0, master=562
[GPS] GGA fix_quality=0, num_sats=00, hdop=9999.0, lat=0.0, lon=0.0
[LIVE] udp=0.0/s, objs=0.0/s, last_udp=222.94s, meas=1, tracks=3, valid=0, master=562
[LIVE] udp=0.0/s, objs=0.0/s, last_udp=223.94s, meas=1, tracks=3, valid=0, master=562
[LIVE] udp=0.0/s, objs=0.0/s, last_udp=224.95s, meas=1, tracks=3, valid=0, master=562
[LIVE] udp=0.0/s, objs=0.0/s, last_udp=225.95s, meas=1, tracks=3, valid=0, master=562
[LIVE] udp=0.0/s, objs=0.0/s, last_udp=226.95s, meas=1, tracks=3, valid=0, master=562
[GPS] GGA fix_quality=0, num_sats=00, hdop=9999.0, lat=0.0, lon=0.0
[LIVE] udp=0.0/s, objs=0.0/s, last_udp=227.95s, meas=1, tracks=3, valid=0, master=562
[GPS] GGA fix_quality=0, num_sats=00, hdop=9999.0, lat=0.0, lon=0.0
[LIVE] udp=0.0/s, objs=0.0/s, last_udp=228.96s, meas=1, tracks=3, valid=0, master=562
[GPS] GGA fix_quality=0, num_sats=00, hdop=9999.0, lat=0.0, lon=0.0
[LIVE] udp=0.0/s, objs=0.0/s, last_udp=229.96s, meas=1, tracks=3, valid=0, master=562
[GPS] GGA fix_quality=0, num_sats=00, hdop=9999.0, lat=0.0, lon=0.0
[LIVE] udp=0.0/s, objs=0.0/s, last_udp=230.97s, meas=1, tracks=3, valid=0, master=562
[GPS] GGA fix_quality=0, num_sats=00, hdop=9999.0, lat=0.0, lon=0.0
[LIVE] udp=0.0/s, objs=0.0/s, last_udp=231.97s, meas=1, tracks=3, valid=0, master=562
[GPS] GGA fix_quality=0, num_sats=00, hdop=9999.0, lat=0.0, lon=0.0
[LIVE] udp=0.0/s, objs=0.0/s, last_udp=232.97s, meas=1, tracks=3, valid=0, master=562
[LIVE] udp=0.0/s, objs=0.0/s, last_udp=233.98s, meas=1, tracks=3, valid=0, master=562
[LIVE] udp=0.0/s, objs=0.0/s, last_udp=234.98s, meas=1, tracks=3, valid=0, master=562
[LIVE] udp=0.0/s, objs=0.0/s, last_udp=235.98s, meas=1, tracks=3, valid=0, master=562
[LIVE] udp=0.0/s, objs=0.0/s, last_udp=236.99s, meas=1, tracks=3, valid=0, master=562
[GPS] GGA fix_quality=0, num_sats=00, hdop=9999.0, lat=0.0, lon=0.0
[LIVE] udp=0.0/s, objs=0.0/s, last_udp=237.99s, meas=1, tracks=3, valid=0, master=562
[GPS] GGA fix_quality=0, num_sats=00, hdop=9999.0, lat=0.0, lon=0.0
[LIVE] udp=0.0/s, objs=0.0/s, last_udp=238.99s, meas=1, tracks=3, valid=0, master=562
[GPS] GGA fix_quality=0, num_sats=00, hdop=9999.0, lat=0.0, lon=0.0
[LIVE] udp=0.0/s, objs=0.0/s, last_udp=239.99s, meas=1, tracks=3, valid=0, master=562
[GPS] GGA fix_quality=0, num_sats=00, hdop=9999.0, lat=0.0, lon=0.0
[LIVE] udp=0.0/s, objs=0.0/s, last_udp=241.00s, meas=1, tracks=3, valid=0, master=562
[GPS] GGA fix_quality=0, num_sats=00, hdop=9999.0, lat=0.0, lon=0.0
[LIVE] udp=0.0/s, objs=0.0/s, last_udp=242.00s, meas=1, tracks=3, valid=0, master=562
[GPS] GGA fix_quality=0, num_sats=00, hdop=9999.0, lat=0.0, lon=0.0
[LIVE] udp=0.0/s, objs=0.0/s, last_udp=243.00s, meas=1, tracks=3, valid=0, master=562
[LIVE] udp=0.0/s, objs=0.0/s, last_udp=244.01s, meas=1, tracks=3, valid=0, master=562
[LIVE] udp=0.0/s, objs=0.0/s, last_udp=245.01s, meas=1, tracks=3, valid=0, master=562
[LIVE] udp=0.0/s, objs=0.0/s, last_udp=246.01s, meas=1, tracks=3, valid=0, master=562
[LIVE] udp=0.0/s, objs=0.0/s, last_udp=247.02s, meas=1, tracks=3, valid=0, master=562
[GPS] GGA fix_quality=0, num_sats=00, hdop=9999.0, lat=0.0, lon=0.0
[LIVE] udp=0.0/s, objs=0.0/s, last_udp=248.02s, meas=1, tracks=3, valid=0, master=562
[GPS] GGA fix_quality=0, num_sats=00, hdop=9999.0, lat=0.0, lon=0.0
[LIVE] udp=0.0/s, objs=0.0/s, last_udp=249.03s, meas=1, tracks=3, valid=0, master=562
[GPS] GGA fix_quality=0, num_sats=00, hdop=9999.0, lat=0.0, lon=0.0
[LIVE] udp=0.0/s, objs=0.0/s, last_udp=250.03s, meas=1, tracks=3, valid=0, master=562
[GPS] GGA fix_quality=0, num_sats=00, hdop=9999.0, lat=0.0, lon=0.0
[LIVE] udp=0.0/s, objs=0.0/s, last_udp=251.03s, meas=1, tracks=3, valid=0, master=562
[GPS] GGA fix_quality=0, num_sats=00, hdop=9999.0, lat=0.0, lon=0.0
[LIVE] udp=0.0/s, objs=0.0/s, last_udp=252.04s, meas=1, tracks=3, valid=0, master=562
[GPS] GGA fix_quality=0, num_sats=00, hdop=9999.0, lat=0.0, lon=0.0
[LIVE] udp=0.0/s, objs=0.0/s, last_udp=253.04s, meas=1, tracks=3, valid=0, master=562
[LIVE] udp=0.0/s, objs=0.0/s, last_udp=254.04s, meas=1, tracks=3, valid=0, master=562
[LIVE] udp=0.0/s, objs=0.0/s, last_udp=255.04s, meas=1, tracks=3, valid=0, master=562
[LIVE] udp=0.0/s, objs=0.0/s, last_udp=256.05s, meas=1, tracks=3, valid=0, master=562
[LIVE] udp=0.0/s, objs=0.0/s, last_udp=257.05s, meas=1, tracks=3, valid=0, master=562
[GPS] GGA fix_quality=0, num_sats=00, hdop=9999.0, lat=0.0, lon=0.0
[LIVE] udp=0.0/s, objs=0.0/s, last_udp=258.06s, meas=1, tracks=3, valid=0, master=562
[GPS] GGA fix_quality=0, num_sats=00, hdop=9999.0, lat=0.0, lon=0.0
[LIVE] udp=0.0/s, objs=0.0/s, last_udp=259.06s, meas=1, tracks=3, valid=0, master=562
[GPS] GGA fix_quality=0, num_sats=00, hdop=9999.0, lat=0.0, lon=0.0
[LIVE] udp=0.0/s, objs=0.0/s, last_udp=260.06s, meas=1, tracks=3, valid=0, master=562
[GPS] GGA fix_quality=0, num_sats=00, hdop=9999.0, lat=0.0, lon=0.0
[LIVE] udp=0.0/s, objs=0.0/s, last_udp=261.07s, meas=1, tracks=3, valid=0, master=562
[GPS] GGA fix_quality=0, num_sats=00, hdop=9999.0, lat=0.0, lon=0.0
[LIVE] udp=0.0/s, objs=0.0/s, last_udp=262.07s, meas=1, tracks=3, valid=0, master=562
[GPS] GGA fix_quality=0, num_sats=00, hdop=9999.0, lat=0.0, lon=0.0
[LIVE] udp=0.0/s, objs=0.0/s, last_udp=263.07s, meas=1, tracks=3, valid=0, master=562
[LIVE] udp=0.0/s, objs=0.0/s, last_udp=264.08s, meas=1, tracks=3, valid=0, master=562
[LIVE] udp=0.0/s, objs=0.0/s, last_udp=265.08s, meas=1, tracks=3, valid=0, master=562
[LIVE] udp=0.0/s, objs=0.0/s, last_udp=266.09s, meas=1, tracks=3, valid=0, master=562
[LIVE] udp=0.0/s, objs=0.0/s, last_udp=267.09s, meas=1, tracks=3, valid=0, master=562
[GPS] GGA fix_quality=0, num_sats=00, hdop=9999.0, lat=0.0, lon=0.0
[LIVE] udp=0.0/s, objs=0.0/s, last_udp=268.09s, meas=1, tracks=3, valid=0, master=562
[GPS] GGA fix_quality=0, num_sats=00, hdop=9999.0, lat=0.0, lon=0.0
[LIVE] udp=0.0/s, objs=0.0/s, last_udp=269.09s, meas=1, tracks=3, valid=0, master=562
[GPS] GGA fix_quality=0, num_sats=00, hdop=9999.0, lat=0.0, lon=0.0
[LIVE] udp=0.0/s, objs=0.0/s, last_udp=270.10s, meas=1, tracks=3, valid=0, master=562
[GPS] GGA fix_quality=0, num_sats=00, hdop=9999.0, lat=0.0, lon=0.0
[LIVE] udp=0.0/s, objs=0.0/s, last_udp=271.10s, meas=1, tracks=3, valid=0, master=562
[GPS] GGA fix_quality=0, num_sats=00, hdop=9999.0, lat=0.0, lon=0.0
[LIVE] udp=0.0/s, objs=0.0/s, last_udp=272.10s, meas=1, tracks=3, valid=0, master=562
[GPS] GGA fix_quality=0, num_sats=00, hdop=9999.0, lat=0.0, lon=0.0
[LIVE] udp=0.0/s, objs=0.0/s, last_udp=273.11s, meas=1, tracks=3, valid=0, master=562
[LIVE] udp=0.0/s, objs=0.0/s, last_udp=274.11s, meas=1, tracks=3, valid=0, master=562
[LIVE] udp=0.0/s, objs=0.0/s, last_udp=275.11s, meas=1, tracks=3, valid=0, master=562
[LIVE] udp=0.0/s, objs=0.0/s, last_udp=276.12s, meas=1, tracks=3, valid=0, master=562
[LIVE] udp=0.0/s, objs=0.0/s, last_udp=277.12s, meas=1, tracks=3, valid=0, master=562
[GPS] GGA fix_quality=0, num_sats=00, hdop=9999.0, lat=0.0, lon=0.0
[LIVE] udp=0.0/s, objs=0.0/s, last_udp=278.12s, meas=1, tracks=3, valid=0, master=562
[GPS] GGA fix_quality=0, num_sats=00, hdop=9999.0, lat=0.0, lon=0.0
[LIVE] udp=0.0/s, objs=0.0/s, last_udp=279.12s, meas=1, tracks=3, valid=0, master=562
[GPS] GGA fix_quality=0, num_sats=00, hdop=9999.0, lat=0.0, lon=0.0
[LIVE] udp=0.0/s, objs=0.0/s, last_udp=280.13s, meas=1, tracks=3, valid=0, master=562
[GPS] GGA fix_quality=0, num_sats=00, hdop=9999.0, lat=0.0, lon=0.0
[LIVE] udp=0.0/s, objs=0.0/s, last_udp=281.13s, meas=1, tracks=3, valid=0, master=562
[GPS] GGA fix_quality=0, num_sats=00, hdop=9999.0, lat=0.0, lon=0.0
[LIVE] udp=0.0/s, objs=0.0/s, last_udp=282.13s, meas=1, tracks=3, valid=0, master=562
[GPS] GGA fix_quality=0, num_sats=00, hdop=9999.0, lat=0.0, lon=0.0
[LIVE] udp=0.0/s, objs=0.0/s, last_udp=283.13s, meas=1, tracks=3, valid=0, master=562
[LIVE] udp=0.0/s, objs=0.0/s, last_udp=284.14s, meas=1, tracks=3, valid=0, master=562
[LIVE] udp=0.0/s, objs=0.0/s, last_udp=285.14s, meas=1, tracks=3, valid=0, master=562
[LIVE] udp=0.0/s, objs=0.0/s, last_udp=286.15s, meas=1, tracks=3, valid=0, master=562
[LIVE] udp=0.0/s, objs=0.0/s, last_udp=287.15s, meas=1, tracks=3, valid=0, master=562
[GPS] GGA fix_quality=0, num_sats=00, hdop=9999.0, lat=0.0, lon=0.0
[LIVE] udp=0.0/s, objs=0.0/s, last_udp=288.15s, meas=1, tracks=3, valid=0, master=562
[GPS] GGA fix_quality=0, num_sats=00, hdop=9999.0, lat=0.0, lon=0.0
[LIVE] udp=0.0/s, objs=0.0/s, last_udp=289.16s, meas=1, tracks=3, valid=0, master=562
[GPS] GGA fix_quality=0, num_sats=00, hdop=9999.0, lat=0.0, lon=0.0
[LIVE] udp=0.0/s, objs=0.0/s, last_udp=290.16s, meas=1, tracks=3, valid=0, master=562
[GPS] GGA fix_quality=0, num_sats=00, hdop=9999.0, lat=0.0, lon=0.0
[LIVE] udp=0.0/s, objs=0.0/s, last_udp=291.17s, meas=1, tracks=3, valid=0, master=562
[GPS] GGA fix_quality=0, num_sats=00, hdop=9999.0, lat=0.0, lon=0.0
[LIVE] udp=0.0/s, objs=0.0/s, last_udp=292.17s, meas=1, tracks=3, valid=0, master=562
[GPS] GGA fix_quality=0, num_sats=00, hdop=9999.0, lat=0.0, lon=0.0
[LIVE] udp=0.0/s, objs=0.0/s, last_udp=293.17s, meas=1, tracks=3, valid=0, master=562
[LIVE] udp=0.0/s, objs=0.0/s, last_udp=294.18s, meas=1, tracks=3, valid=0, master=562
[LIVE] udp=0.0/s, objs=0.0/s, last_udp=295.18s, meas=1, tracks=3, valid=0, master=562
[LIVE] udp=0.0/s, objs=0.0/s, last_udp=296.18s, meas=1, tracks=3, valid=0, master=562
[LIVE] udp=0.0/s, objs=0.0/s, last_udp=297.18s, meas=1, tracks=3, valid=0, master=562
[GPS] GGA fix_quality=0, num_sats=00, hdop=9999.0, lat=0.0, lon=0.0
[LIVE] udp=0.0/s, objs=0.0/s, last_udp=298.19s, meas=1, tracks=3, valid=0, master=562
[GPS] GGA fix_quality=0, num_sats=00, hdop=9999.0, lat=0.0, lon=0.0
[LIVE] udp=0.0/s, objs=0.0/s, last_udp=299.19s, meas=1, tracks=3, valid=0, master=562
[GPS] GGA fix_quality=0, num_sats=00, hdop=9999.0, lat=0.0, lon=0.0
[LIVE] udp=0.0/s, objs=0.0/s, last_udp=300.20s, meas=1, tracks=3, valid=0, master=562
[GPS] GGA fix_quality=0, num_sats=00, hdop=9999.0, lat=0.0, lon=0.0
[LIVE] udp=0.0/s, objs=0.0/s, last_udp=301.20s, meas=1, tracks=3, valid=0, master=562
[GPS] GGA fix_quality=0, num_sats=00, hdop=9999.0, lat=0.0, lon=0.0
[LIVE] udp=0.0/s, objs=0.0/s, last_udp=302.21s, meas=1, tracks=3, valid=0, master=562
[GPS] GGA fix_quality=0, num_sats=00, hdop=9999.0, lat=0.0, lon=0.0
[LIVE] udp=0.0/s, objs=0.0/s, last_udp=303.21s, meas=1, tracks=3, valid=0, master=562
[LIVE] udp=0.0/s, objs=0.0/s, last_udp=304.21s, meas=1, tracks=3, valid=0, master=562
[LIVE] udp=0.0/s, objs=0.0/s, last_udp=305.21s, meas=1, tracks=3, valid=0, master=562
[LIVE] udp=0.0/s, objs=0.0/s, last_udp=306.21s, meas=1, tracks=3, valid=0, master=562
[LIVE] udp=0.0/s, objs=0.0/s, last_udp=307.21s, meas=1, tracks=3, valid=0, master=562
[GPS] GGA fix_quality=0, num_sats=00, hdop=9999.0, lat=0.0, lon=0.0
[LIVE] udp=0.0/s, objs=0.0/s, last_udp=308.22s, meas=1, tracks=3, valid=0, master=562
[GPS] GGA fix_quality=0, num_sats=00, hdop=9999.0, lat=0.0, lon=0.0
[LIVE] udp=0.0/s, objs=0.0/s, last_udp=309.22s, meas=1, tracks=3, valid=0, master=562
[GPS] GGA fix_quality=0, num_sats=00, hdop=9999.0, lat=0.0, lon=0.0
[LIVE] udp=0.0/s, objs=0.0/s, last_udp=310.22s, meas=1, tracks=3, valid=0, master=562
[GPS] GGA fix_quality=0, num_sats=00, hdop=9999.0, lat=0.0, lon=0.0
[LIVE] udp=0.0/s, objs=0.0/s, last_udp=311.22s, meas=1, tracks=3, valid=0, master=562
[GPS] GGA fix_quality=0, num_sats=00, hdop=9999.0, lat=0.0, lon=0.0
[LIVE] udp=0.0/s, objs=0.0/s, last_udp=312.23s, meas=1, tracks=3, valid=0, master=562
[GPS] GGA fix_quality=0, num_sats=00, hdop=9999.0, lat=0.0, lon=0.0
[LIVE] udp=0.0/s, objs=0.0/s, last_udp=313.23s, meas=1, tracks=3, valid=0, master=562
[LIVE] udp=0.0/s, objs=0.0/s, last_udp=314.23s, meas=1, tracks=3, valid=0, master=562
[LIVE] udp=0.0/s, objs=0.0/s, last_udp=315.23s, meas=1, tracks=3, valid=0, master=562
[LIVE] udp=0.0/s, objs=0.0/s, last_udp=316.23s, meas=1, tracks=3, valid=0, master=562
[LIVE] udp=0.0/s, objs=0.0/s, last_udp=317.24s, meas=1, tracks=3, valid=0, master=562
[GPS] GGA fix_quality=0, num_sats=00, hdop=9999.0, lat=0.0, lon=0.0
[LIVE] udp=0.0/s, objs=0.0/s, last_udp=318.24s, meas=1, tracks=3, valid=0, master=562
[GPS] GGA fix_quality=0, num_sats=00, hdop=9999.0, lat=0.0, lon=0.0
[LIVE] udp=0.0/s, objs=0.0/s, last_udp=319.24s, meas=1, tracks=3, valid=0, master=562
[GPS] GGA fix_quality=0, num_sats=00, hdop=9999.0, lat=0.0, lon=0.0
[LIVE] udp=0.0/s, objs=0.0/s, last_udp=320.25s, meas=1, tracks=3, valid=0, master=562
[GPS] GGA fix_quality=0, num_sats=00, hdop=9999.0, lat=0.0, lon=0.0
[LIVE] udp=0.0/s, objs=0.0/s, last_udp=321.25s, meas=1, tracks=3, valid=0, master=562
[GPS] GGA fix_quality=0, num_sats=00, hdop=9999.0, lat=0.0, lon=0.0
[LIVE] udp=0.0/s, objs=0.0/s, last_udp=322.25s, meas=1, tracks=3, valid=0, master=562
[GPS] GGA fix_quality=0, num_sats=00, hdop=9999.0, lat=0.0, lon=0.0
[LIVE] udp=0.0/s, objs=0.0/s, last_udp=323.25s, meas=1, tracks=3, valid=0, master=562
[LIVE] udp=0.0/s, objs=0.0/s, last_udp=324.25s, meas=1, tracks=3, valid=0, master=562
[LIVE] udp=0.0/s, objs=0.0/s, last_udp=325.26s, meas=1, tracks=3, valid=0, master=562
[LIVE] udp=0.0/s, objs=0.0/s, last_udp=326.26s, meas=1, tracks=3, valid=0, master=562
[LIVE] udp=0.0/s, objs=0.0/s, last_udp=327.26s, meas=1, tracks=3, valid=0, master=562
[GPS] GGA fix_quality=0, num_sats=00, hdop=9999.0, lat=0.0, lon=0.0
[LIVE] udp=0.0/s, objs=0.0/s, last_udp=328.27s, meas=1, tracks=3, valid=0, master=562
[GPS] GGA fix_quality=0, num_sats=00, hdop=9999.0, lat=0.0, lon=0.0
[LIVE] udp=0.0/s, objs=0.0/s, last_udp=329.27s, meas=1, tracks=3, valid=0, master=562
[GPS] GGA fix_quality=0, num_sats=00, hdop=9999.0, lat=0.0, lon=0.0
[LIVE] udp=0.0/s, objs=0.0/s, last_udp=330.27s, meas=1, tracks=3, valid=0, master=562
[GPS] GGA fix_quality=0, num_sats=00, hdop=9999.0, lat=0.0, lon=0.0
[LIVE] udp=0.0/s, objs=0.0/s, last_udp=331.27s, meas=1, tracks=3, valid=0, master=562
[GPS] GGA fix_quality=0, num_sats=00, hdop=9999.0, lat=0.0, lon=0.0
[LIVE] udp=0.0/s, objs=0.0/s, last_udp=332.28s, meas=1, tracks=3, valid=0, master=562
[GPS] GGA fix_quality=0, num_sats=00, hdop=9999.0, lat=0.0, lon=0.0
[LIVE] udp=0.0/s, objs=0.0/s, last_udp=333.28s, meas=1, tracks=3, valid=0, master=562
[LIVE] udp=0.0/s, objs=0.0/s, last_udp=334.28s, meas=1, tracks=3, valid=0, master=562
[LIVE] udp=0.0/s, objs=0.0/s, last_udp=335.29s, meas=1, tracks=3, valid=0, master=562
[LIVE] udp=0.0/s, objs=0.0/s, last_udp=336.29s, meas=1, tracks=3, valid=0, master=562
[LIVE] udp=0.0/s, objs=0.0/s, last_udp=337.29s, meas=1, tracks=3, valid=0, master=562
[GPS] GGA fix_quality=0, num_sats=00, hdop=9999.0, lat=0.0, lon=0.0
[LIVE] udp=0.0/s, objs=0.0/s, last_udp=338.30s, meas=1, tracks=3, valid=0, master=562
[GPS] GGA fix_quality=0, num_sats=00, hdop=9999.0, lat=0.0, lon=0.0
[LIVE] udp=0.0/s, objs=0.0/s, last_udp=339.30s, meas=1, tracks=3, valid=0, master=562
[GPS] GGA fix_quality=0, num_sats=00, hdop=9999.0, lat=0.0, lon=0.0
[LIVE] udp=0.0/s, objs=0.0/s, last_udp=340.30s, meas=1, tracks=3, valid=0, master=562
[GPS] GGA fix_quality=0, num_sats=00, hdop=9999.0, lat=0.0, lon=0.0
[LIVE] udp=0.0/s, objs=0.0/s, last_udp=341.31s, meas=1, tracks=3, valid=0, master=562
[GPS] GGA fix_quality=0, num_sats=00, hdop=9999.0, lat=0.0, lon=0.0
[LIVE] udp=0.0/s, objs=0.0/s, last_udp=342.31s, meas=1, tracks=3, valid=0, master=562
[GPS] GGA fix_quality=0, num_sats=00, hdop=9999.0, lat=0.0, lon=0.0
[LIVE] udp=0.0/s, objs=0.0/s, last_udp=343.31s, meas=1, tracks=3, valid=0, master=562
[LIVE] udp=0.0/s, objs=0.0/s, last_udp=344.31s, meas=1, tracks=3, valid=0, master=562
[LIVE] udp=0.0/s, objs=0.0/s, last_udp=345.32s, meas=1, tracks=3, valid=0, master=562
[LIVE] udp=0.0/s, objs=0.0/s, last_udp=346.32s, meas=1, tracks=3, valid=0, master=562
[LIVE] udp=0.0/s, objs=0.0/s, last_udp=347.33s, meas=1, tracks=3, valid=0, master=562
[GPS] GGA fix_quality=0, num_sats=00, hdop=9999.0, lat=0.0, lon=0.0
[LIVE] udp=0.0/s, objs=0.0/s, last_udp=348.33s, meas=1, tracks=3, valid=0, master=562
[GPS] GGA fix_quality=0, num_sats=00, hdop=9999.0, lat=0.0, lon=0.0
[LIVE] udp=0.0/s, objs=0.0/s, last_udp=349.33s, meas=1, tracks=3, valid=0, master=562
[GPS] GGA fix_quality=0, num_sats=00, hdop=9999.0, lat=0.0, lon=0.0
[LIVE] udp=0.0/s, objs=0.0/s, last_udp=350.33s, meas=1, tracks=3, valid=0, master=562
[GPS] GGA fix_quality=0, num_sats=00, hdop=9999.0, lat=0.0, lon=0.0
[LIVE] udp=0.0/s, objs=0.0/s, last_udp=351.34s, meas=1, tracks=3, valid=0, master=562
[GPS] GGA fix_quality=0, num_sats=00, hdop=9999.0, lat=0.0, lon=0.0
[LIVE] udp=0.0/s, objs=0.0/s, last_udp=352.34s, meas=1, tracks=3, valid=0, master=562
[GPS] GGA fix_quality=0, num_sats=00, hdop=9999.0, lat=0.0, lon=0.0
[LIVE] udp=0.0/s, objs=0.0/s, last_udp=353.35s, meas=1, tracks=3, valid=0, master=562
[LIVE] udp=0.0/s, objs=0.0/s, last_udp=354.35s, meas=1, tracks=3, valid=0, master=562
[LIVE] udp=0.0/s, objs=0.0/s, last_udp=355.35s, meas=1, tracks=3, valid=0, master=562
[LIVE] udp=0.0/s, objs=0.0/s, last_udp=356.35s, meas=1, tracks=3, valid=0, master=562
[LIVE] udp=0.0/s, objs=0.0/s, last_udp=357.36s, meas=1, tracks=3, valid=0, master=562
[GPS] GGA fix_quality=0, num_sats=00, hdop=9999.0, lat=0.0, lon=0.0
[LIVE] udp=0.0/s, objs=0.0/s, last_udp=358.36s, meas=1, tracks=3, valid=0, master=562
[GPS] GGA fix_quality=0, num_sats=00, hdop=9999.0, lat=0.0, lon=0.0
[LIVE] udp=0.0/s, objs=0.0/s, last_udp=359.37s, meas=1, tracks=3, valid=0, master=562
[GPS] GGA fix_quality=0, num_sats=00, hdop=9999.0, lat=0.0, lon=0.0
[LIVE] udp=4.0/s, objs=6.0/s, last_udp=0.01s, meas=2, tracks=4, valid=0, master=562
[GPS] GGA fix_quality=0, num_sats=00, hdop=9999.0, lat=0.0, lon=0.0
[LIVE] udp=4.0/s, objs=5.0/s, last_udp=0.33s, meas=1, tracks=4, valid=0, master=562
[GPS] GGA fix_quality=0, num_sats=00, hdop=9999.0, lat=0.0, lon=0.0
[LIVE] udp=2.0/s, objs=2.0/s, last_udp=0.33s, meas=1, tracks=2, valid=0, master=562
[GPS] GGA fix_quality=0, num_sats=00, hdop=9999.0, lat=0.0, lon=0.0
[LIVE] udp=3.0/s, objs=5.0/s, last_udp=0.13s, meas=3, tracks=4, valid=0, master=562
[LIVE] udp=2.0/s, objs=2.0/s, last_udp=0.34s, meas=1, tracks=2, valid=0, master=574
[LIVE] udp=5.0/s, objs=5.0/s, last_udp=0.09s, meas=1, tracks=2, valid=0, master=574
[LIVE] udp=3.0/s, objs=4.0/s, last_udp=0.03s, meas=2, tracks=3, valid=0, master=574
[LIVE] udp=1.0/s, objs=1.0/s, last_udp=0.23s, meas=1, tracks=1, valid=0, master=574
[GPS] GGA fix_quality=0, num_sats=00, hdop=9999.0, lat=0.0, lon=0.0
[LIVE] udp=10.0/s, objs=14.0/s, last_udp=0.01s, meas=1, tracks=4, valid=0, master=574
[GPS] GGA fix_quality=0, num_sats=00, hdop=9999.0, lat=0.0, lon=0.0
[LIVE] udp=2.0/s, objs=3.0/s, last_udp=0.28s, meas=2, tracks=4, valid=0, master=574
[GPS] GGA fix_quality=0, num_sats=00, hdop=9999.0, lat=0.0, lon=0.0
[LIVE] udp=2.0/s, objs=3.0/s, last_udp=0.57s, meas=1, tracks=2, valid=0, master=574
[GPS] GGA fix_quality=0, num_sats=00, hdop=9999.0, lat=0.0, lon=0.0
[LIVE] udp=0.0/s, objs=0.0/s, last_udp=1.57s, meas=1, tracks=2, valid=0, master=574
[GPS] GGA fix_quality=0, num_sats=00, hdop=9999.0, lat=0.0, lon=0.0
[LIVE] udp=3.0/s, objs=5.0/s, last_udp=0.00s, meas=1, tracks=4, valid=0, master=574
[GPS] GGA fix_quality=0, num_sats=00, hdop=9999.0, lat=0.0, lon=0.0
[LIVE] udp=3.0/s, objs=3.0/s, last_udp=0.24s, meas=1, tracks=2, valid=0, master=574
[LIVE] udp=3.0/s, objs=3.0/s, last_udp=0.08s, meas=1, tracks=2, valid=1, master=592
[LIVE] udp=4.0/s, objs=5.0/s, last_udp=0.22s, meas=1, tracks=4, valid=0, master=592
[LIVE] udp=5.0/s, objs=5.0/s, last_udp=0.02s, meas=1, tracks=2, valid=0, master=592
[LIVE] udp=4.0/s, objs=4.0/s, last_udp=0.04s, meas=1, tracks=1, valid=1, master=592
[GPS] GGA fix_quality=0, num_sats=00, hdop=9999.0, lat=0.0, lon=0.0
[LIVE] udp=5.0/s, objs=6.0/s, last_udp=0.21s, meas=2, tracks=4, valid=1, master=592
[GPS] GGA fix_quality=0, num_sats=00, hdop=9999.0, lat=0.0, lon=0.0
[LIVE] udp=7.0/s, objs=11.0/s, last_udp=0.01s, meas=3, tracks=5, valid=0, master=592
[GPS] GGA fix_quality=0, num_sats=00, hdop=9999.0, lat=0.0, lon=0.0
[LIVE] udp=4.0/s, objs=6.0/s, last_udp=0.01s, meas=1, tracks=3, valid=0, master=592
[GPS] GGA fix_quality=0, num_sats=00, hdop=9999.0, lat=0.0, lon=0.0
[LIVE] udp=4.0/s, objs=5.0/s, last_udp=0.24s, meas=1, tracks=4, valid=0, master=602
[GPS] GGA fix_quality=0, num_sats=00, hdop=9999.0, lat=0.0, lon=0.0
[LIVE] udp=6.0/s, objs=8.0/s, last_udp=0.05s, meas=1, tracks=3, valid=1, master=604
[GPS] GGA fix_quality=0, num_sats=00, hdop=9999.0, lat=0.0, lon=0.0
[LIVE] udp=5.0/s, objs=7.0/s, last_udp=0.07s, meas=1, tracks=4, valid=0, master=604
[LIVE] udp=5.0/s, objs=5.0/s, last_udp=0.10s, meas=1, tracks=3, valid=0, master=604
[LIVE] udp=5.0/s, objs=5.0/s, last_udp=0.04s, meas=1, tracks=2, valid=1, master=608
[LIVE] udp=2.0/s, objs=3.0/s, last_udp=0.27s, meas=2, tracks=3, valid=0, master=608
[LIVE] udp=1.0/s, objs=1.0/s, last_udp=1.00s, meas=1, tracks=3, valid=0, master=608
[GPS] GGA fix_quality=0, num_sats=00, hdop=9999.0, lat=0.0, lon=0.0
[LIVE] udp=1.0/s, objs=2.0/s, last_udp=0.13s, meas=2, tracks=2, valid=0, master=608
[GPS] GGA fix_quality=0, num_sats=00, hdop=9999.0, lat=0.0, lon=0.0
[LIVE] udp=3.0/s, objs=4.0/s, last_udp=0.17s, meas=1, tracks=3, valid=0, master=608
[GPS] GGA fix_quality=0, num_sats=00, hdop=9999.0, lat=0.0, lon=0.0
[LIVE] udp=3.0/s, objs=3.0/s, last_udp=0.12s, meas=1, tracks=2, valid=0, master=608
[GPS] GGA fix_quality=0, num_sats=00, hdop=9999.0, lat=0.0, lon=0.0
[LIVE] udp=6.0/s, objs=8.0/s, last_udp=0.02s, meas=1, tracks=3, valid=0, master=608
[GPS] GGA fix_quality=0, num_sats=00, hdop=9999.0, lat=0.0, lon=0.0
[LIVE] udp=6.0/s, objs=7.0/s, last_udp=0.03s, meas=1, tracks=3, valid=0, master=618
[GPS] GGA fix_quality=0, num_sats=00, hdop=9999.0, lat=0.0, lon=0.0
[LIVE] udp=2.0/s, objs=2.0/s, last_udp=0.37s, meas=1, tracks=2, valid=1, master=618
[LIVE] udp=6.0/s, objs=7.0/s, last_udp=0.23s, meas=1, tracks=3, valid=1, master=618
[LIVE] udp=2.0/s, objs=3.0/s, last_udp=0.38s, meas=2, tracks=3, valid=0, master=618
[LIVE] udp=4.0/s, objs=5.0/s, last_udp=0.14s, meas=1, tracks=3, valid=1, master=618
[LIVE] udp=4.0/s, objs=4.0/s, last_udp=0.11s, meas=1, tracks=2, valid=0, master=618
[GPS] GGA fix_quality=0, num_sats=00, hdop=9999.0, lat=0.0, lon=0.0
[LIVE] udp=3.0/s, objs=5.0/s, last_udp=0.14s, meas=2, tracks=2, valid=1, master=618
[GPS] GGA fix_quality=0, num_sats=00, hdop=9999.0, lat=0.0, lon=0.0
[LIVE] udp=1.0/s, objs=2.0/s, last_udp=0.66s, meas=2, tracks=4, valid=0, master=618
[GPS] GGA fix_quality=0, num_sats=00, hdop=9999.0, lat=0.0, lon=0.0
[LIVE] udp=2.0/s, objs=3.0/s, last_udp=0.39s, meas=1, tracks=3, valid=0, master=618
[GPS] GGA fix_quality=0, num_sats=00, hdop=9999.0, lat=0.0, lon=0.0
[LIVE] udp=3.0/s, objs=3.0/s, last_udp=0.40s, meas=1, tracks=2, valid=0, master=618
[GPS] GGA fix_quality=0, num_sats=00, hdop=9999.0, lat=0.0, lon=0.0
[LIVE] udp=0.0/s, objs=0.0/s, last_udp=1.40s, meas=1, tracks=2, valid=0, master=618
[GPS] GGA fix_quality=0, num_sats=00, hdop=9999.0, lat=0.0, lon=0.0
[LIVE] udp=0.0/s, objs=0.0/s, last_udp=2.40s, meas=1, tracks=2, valid=0, master=618
[LIVE] udp=0.0/s, objs=0.0/s, last_udp=3.40s, meas=1, tracks=2, valid=0, master=618
[LIVE] udp=0.0/s, objs=0.0/s, last_udp=4.40s, meas=1, tracks=2, valid=0, master=618
[LIVE] udp=0.0/s, objs=0.0/s, last_udp=5.40s, meas=1, tracks=2, valid=0, master=618
[LIVE] udp=0.0/s, objs=0.0/s, last_udp=6.41s, meas=1, tracks=2, valid=0, master=618
[GPS] GGA fix_quality=0, num_sats=00, hdop=9999.0, lat=0.0, lon=0.0
[LIVE] udp=0.0/s, objs=0.0/s, last_udp=7.41s, meas=1, tracks=2, valid=0, master=618
[GPS] GGA fix_quality=0, num_sats=00, hdop=9999.0, lat=0.0, lon=0.0
[LIVE] udp=0.0/s, objs=0.0/s, last_udp=8.41s, meas=1, tracks=2, valid=0, master=618
[GPS] GGA fix_quality=0, num_sats=00, hdop=9999.0, lat=0.0, lon=0.0
[LIVE] udp=0.0/s, objs=0.0/s, last_udp=9.41s, meas=1, tracks=2, valid=0, master=618
[GPS] GGA fix_quality=0, num_sats=00, hdop=9999.0, lat=0.0, lon=0.0
[LIVE] udp=0.0/s, objs=0.0/s, last_udp=10.42s, meas=1, tracks=2, valid=0, master=618
[GPS] GGA fix_quality=0, num_sats=00, hdop=9999.0, lat=0.0, lon=0.0
[LIVE] udp=0.0/s, objs=0.0/s, last_udp=11.42s, meas=1, tracks=2, valid=0, master=618
[GPS] GGA fix_quality=0, num_sats=00, hdop=9999.0, lat=0.0, lon=0.0
[LIVE] udp=2.0/s, objs=2.0/s, last_udp=0.19s, meas=1, tracks=1, valid=0, master=618
[LIVE] udp=3.0/s, objs=4.0/s, last_udp=0.11s, meas=2, tracks=3, valid=0, master=618
[LIVE] udp=1.0/s, objs=3.0/s, last_udp=0.33s, meas=3, tracks=3, valid=0, master=618
[LIVE] udp=3.0/s, objs=4.0/s, last_udp=0.26s, meas=1, tracks=3, valid=0, master=637
[LIVE] udp=2.0/s, objs=2.0/s, last_udp=0.72s, meas=1, tracks=2, valid=0, master=640
[GPS] GGA fix_quality=0, num_sats=00, hdop=9999.0, lat=0.0, lon=0.0
[LIVE] udp=1.0/s, objs=1.0/s, last_udp=0.61s, meas=1, tracks=1, valid=0, master=640
[GPS] GGA fix_quality=0, num_sats=00, hdop=9999.0, lat=0.0, lon=0.0
[LIVE] udp=4.0/s, objs=6.0/s, last_udp=0.02s, meas=1, tracks=5, valid=0, master=640
[GPS] GGA fix_quality=0, num_sats=00, hdop=9999.0, lat=0.0, lon=0.0
[LIVE] udp=1.0/s, objs=1.0/s, last_udp=0.34s, meas=1, tracks=1, valid=0, master=640
[GPS] GGA fix_quality=0, num_sats=00, hdop=9999.0, lat=0.0, lon=0.0
[LIVE] udp=6.0/s, objs=7.0/s, last_udp=0.07s, meas=1, tracks=2, valid=1, master=648
[GPS] GGA fix_quality=0, num_sats=00, hdop=9999.0, lat=0.0, lon=0.0
[LIVE] udp=4.0/s, objs=4.0/s, last_udp=0.15s, meas=1, tracks=3, valid=0, master=648
[GPS] GGA fix_quality=0, num_sats=00, hdop=9999.0, lat=0.0, lon=0.0
[LIVE] udp=3.0/s, objs=4.0/s, last_udp=0.18s, meas=1, tracks=3, valid=0, master=648
[LIVE] udp=3.0/s, objs=5.0/s, last_udp=0.31s, meas=2, tracks=5, valid=0, master=648
[LIVE] udp=4.0/s, objs=4.0/s, last_udp=0.13s, meas=1, tracks=1, valid=1, master=655
[LIVE] udp=5.0/s, objs=6.0/s, last_udp=0.20s, meas=2, tracks=3, valid=1, master=655
[LIVE] udp=4.0/s, objs=4.0/s, last_udp=0.45s, meas=1, tracks=3, valid=0, master=655
[GPS] GGA fix_quality=0, num_sats=00, hdop=9999.0, lat=0.0, lon=0.0
[LIVE] udp=4.0/s, objs=5.0/s, last_udp=0.06s, meas=1, tracks=4, valid=0, master=655
[GPS] GGA fix_quality=0, num_sats=00, hdop=9999.0, lat=0.0, lon=0.0
[LIVE] udp=7.0/s, objs=9.0/s, last_udp=0.02s, meas=1, tracks=5, valid=0, master=655
[GPS] GGA fix_quality=0, num_sats=00, hdop=9999.0, lat=0.0, lon=0.0
[LIVE] udp=6.0/s, objs=6.0/s, last_udp=0.01s, meas=1, tracks=3, valid=0, master=655
[GPS] GGA fix_quality=0, num_sats=00, hdop=9999.0, lat=0.0, lon=0.0
[LIVE] udp=3.0/s, objs=4.0/s, last_udp=0.30s, meas=2, tracks=4, valid=0, master=655
[GPS] GGA fix_quality=0, num_sats=00, hdop=9999.0, lat=0.0, lon=0.0
[LIVE] udp=4.0/s, objs=4.0/s, last_udp=0.14s, meas=1, tracks=2, valid=0, master=655
[GPS] GGA fix_quality=0, num_sats=00, hdop=9999.0, lat=0.0, lon=0.0
[LIVE] udp=4.0/s, objs=4.0/s, last_udp=0.02s, meas=1, tracks=3, valid=0, master=655
[LIVE] udp=4.0/s, objs=6.0/s, last_udp=0.17s, meas=2, tracks=4, valid=0, master=655
[LIVE] udp=5.0/s, objs=5.0/s, last_udp=0.08s, meas=1, tracks=2, valid=1, master=674
[LIVE] udp=5.0/s, objs=5.0/s, last_udp=0.03s, meas=1, tracks=2, valid=0, master=674
[LIVE] udp=5.0/s, objs=6.0/s, last_udp=0.27s, meas=1, tracks=4, valid=0, master=680
[GPS] GGA fix_quality=0, num_sats=00, hdop=9999.0, lat=0.0, lon=0.0
[LIVE] udp=2.0/s, objs=2.0/s, last_udp=0.38s, meas=1, tracks=1, valid=1, master=680
[GPS] GGA fix_quality=0, num_sats=00, hdop=9999.0, lat=0.0, lon=0.0
[LIVE] udp=2.0/s, objs=2.0/s, last_udp=0.25s, meas=1, tracks=2, valid=0, master=680
[GPS] GGA fix_quality=0, num_sats=00, hdop=9999.0, lat=0.0, lon=0.0
[LIVE] udp=3.0/s, objs=4.0/s, last_udp=0.11s, meas=1, tracks=2, valid=0, master=683
[GPS] GGA fix_quality=0, num_sats=00, hdop=9999.0, lat=0.0, lon=0.0
[LIVE] udp=5.0/s, objs=6.0/s, last_udp=0.43s, meas=1, tracks=4, valid=0, master=683
[GPS] GGA fix_quality=0, num_sats=00, hdop=9999.0, lat=0.0, lon=0.0
[LIVE] udp=5.0/s, objs=6.0/s, last_udp=0.12s, meas=1, tracks=3, valid=0, master=683
[GPS] GGA fix_quality=0, num_sats=00, hdop=9999.0, lat=0.0, lon=0.0
[LIVE] udp=4.0/s, objs=5.0/s, last_udp=0.54s, meas=1, tracks=4, valid=0, master=683
[LIVE] udp=0.0/s, objs=0.0/s, last_udp=1.54s, meas=1, tracks=4, valid=0, master=683
[LIVE] udp=0.0/s, objs=0.0/s, last_udp=2.54s, meas=1, tracks=4, valid=0, master=683
[LIVE] udp=0.0/s, objs=0.0/s, last_udp=3.55s, meas=1, tracks=4, valid=0, master=683
[LIVE] udp=0.0/s, objs=0.0/s, last_udp=4.55s, meas=1, tracks=4, valid=0, master=683
[GPS] GGA fix_quality=0, num_sats=00, hdop=9999.0, lat=0.0, lon=0.0
[LIVE] udp=0.0/s, objs=0.0/s, last_udp=5.55s, meas=1, tracks=4, valid=0, master=683
[GPS] GGA fix_quality=0, num_sats=00, hdop=9999.0, lat=0.0, lon=0.0
[LIVE] udp=0.0/s, objs=0.0/s, last_udp=6.56s, meas=1, tracks=4, valid=0, master=683
[GPS] GGA fix_quality=0, num_sats=00, hdop=9999.0, lat=0.0, lon=0.0
[LIVE] udp=0.0/s, objs=0.0/s, last_udp=7.56s, meas=1, tracks=4, valid=0, master=683
[GPS] GGA fix_quality=0, num_sats=00, hdop=9999.0, lat=0.0, lon=0.0
[LIVE] udp=5.0/s, objs=12.9/s, last_udp=0.08s, meas=4, tracks=10, valid=0, master=683
[GPS] GGA fix_quality=0, num_sats=00, hdop=9999.0, lat=0.0, lon=0.0
[LIVE] udp=6.0/s, objs=11.0/s, last_udp=0.02s, meas=2, tracks=4, valid=0, master=683
[GPS] GGA fix_quality=0, num_sats=00, hdop=9999.0, lat=0.0, lon=0.0
[LIVE] udp=7.0/s, objs=16.0/s, last_udp=0.08s, meas=2, tracks=7, valid=0, master=683
[LIVE] udp=7.0/s, objs=16.9/s, last_udp=0.04s, meas=1, tracks=5, valid=0, master=703
[LIVE] udp=10.0/s, objs=22.9/s, last_udp=0.03s, meas=2, tracks=8, valid=0, master=703
[LIVE] udp=9.0/s, objs=16.9/s, last_udp=0.07s, meas=1, tracks=5, valid=0, master=703
[LIVE] udp=10.0/s, objs=33.9/s, last_udp=0.03s, meas=3, tracks=10, valid=0, master=703
[GPS] GGA fix_quality=0, num_sats=00, hdop=9999.0, lat=0.0, lon=0.0
[LIVE] udp=9.0/s, objs=23.9/s, last_udp=0.07s, meas=1, tracks=10, valid=0, master=703
[GPS] GGA fix_quality=0, num_sats=00, hdop=9999.0, lat=0.0, lon=0.0
[LIVE] udp=7.0/s, objs=17.9/s, last_udp=0.06s, meas=4, tracks=6, valid=0, master=703
[GPS] GGA fix_quality=0, num_sats=00, hdop=9999.0, lat=0.0, lon=0.0
[LIVE] udp=9.0/s, objs=17.9/s, last_udp=0.09s, meas=3, tracks=6, valid=1, master=727
[GPS] GGA fix_quality=0, num_sats=00, hdop=9999.0, lat=0.0, lon=0.0
[LIVE] udp=8.0/s, objs=16.9/s, last_udp=0.04s, meas=2, tracks=8, valid=0, master=727
[GPS] GGA fix_quality=0, num_sats=00, hdop=9999.0, lat=0.0, lon=0.0
[LIVE] udp=11.0/s, objs=31.0/s, last_udp=0.02s, meas=4, tracks=8, valid=0, master=734
[GPS] GGA fix_quality=0, num_sats=00, hdop=9999.0, lat=0.0, lon=0.0
[LIVE] udp=9.0/s, objs=22.9/s, last_udp=0.01s, meas=3, tracks=10, valid=0, master=734
[LIVE] udp=5.0/s, objs=14.9/s, last_udp=0.15s, meas=1, tracks=8, valid=0, master=734
[LIVE] udp=9.0/s, objs=22.9/s, last_udp=0.03s, meas=1, tracks=10, valid=0, master=749
[LIVE] udp=10.0/s, objs=29.0/s, last_udp=0.00s, meas=3, tracks=11, valid=0, master=749
[LIVE] udp=7.0/s, objs=20.0/s, last_udp=0.02s, meas=2, tracks=9, valid=0, master=748
[GPS] GGA fix_quality=0, num_sats=00, hdop=9999.0, lat=0.0, lon=0.0
[LIVE] udp=7.0/s, objs=19.9/s, last_udp=0.14s, meas=1, tracks=9, valid=0, master=748
[GPS] GGA fix_quality=0, num_sats=00, hdop=9999.0, lat=0.0, lon=0.0
[LIVE] udp=9.0/s, objs=23.9/s, last_udp=0.06s, meas=5, tracks=10, valid=0, master=748
[GPS] GGA fix_quality=0, num_sats=00, hdop=9999.0, lat=0.0, lon=0.0
[LIVE] udp=9.0/s, objs=19.9/s, last_udp=0.07s, meas=1, tracks=8, valid=0, master=748
[GPS] GGA fix_quality=0, num_sats=00, hdop=9999.0, lat=0.0, lon=0.0
[LIVE] udp=9.0/s, objs=22.9/s, last_udp=0.07s, meas=3, tracks=11, valid=0, master=748
[GPS] GGA fix_quality=0, num_sats=00, hdop=9999.0, lat=0.0, lon=0.0
[LIVE] udp=8.0/s, objs=15.0/s, last_udp=0.12s, meas=1, tracks=6, valid=0, master=751
[GPS] GGA fix_quality=0, num_sats=00, hdop=9999.0, lat=0.0, lon=0.0
[LIVE] udp=8.0/s, objs=14.9/s, last_udp=0.04s, meas=2, tracks=4, valid=0, master=751
[LIVE] udp=10.0/s, objs=16.0/s, last_udp=0.09s, meas=1, tracks=6, valid=0, master=751
[LIVE] udp=9.0/s, objs=18.9/s, last_udp=0.03s, meas=3, tracks=7, valid=0, master=751
[LIVE] udp=8.0/s, objs=13.0/s, last_udp=0.17s, meas=1, tracks=5, valid=0, master=751
[LIVE] udp=6.0/s, objs=12.0/s, last_udp=0.10s, meas=2, tracks=4, valid=0, master=751
[GPS] GGA fix_quality=0, num_sats=00, hdop=9999.0, lat=0.0, lon=0.0
[LIVE] udp=9.9/s, objs=17.9/s, last_udp=0.12s, meas=3, tracks=6, valid=0, master=751
[GPS] GGA fix_quality=0, num_sats=00, hdop=9999.0, lat=0.0, lon=0.0
[LIVE] udp=14.0/s, objs=29.9/s, last_udp=0.19s, meas=1, tracks=12, valid=0, master=751
[GPS] GGA fix_quality=0, num_sats=00, hdop=9999.0, lat=0.0, lon=0.0
[LIVE] udp=9.9/s, objs=19.9/s, last_udp=0.01s, meas=3, tracks=7, valid=0, master=751
[GPS] GGA fix_quality=0, num_sats=00, hdop=9999.0, lat=0.0, lon=0.0
[LIVE] udp=9.0/s, objs=26.0/s, last_udp=0.08s, meas=1, tracks=11, valid=0, master=751
[GPS] GGA fix_quality=0, num_sats=00, hdop=9999.0, lat=0.0, lon=0.0
[LIVE] udp=7.0/s, objs=19.9/s, last_udp=0.21s, meas=1, tracks=11, valid=0, master=751
[GPS] GGA fix_quality=0, num_sats=00, hdop=9999.0, lat=0.0, lon=0.0
[LIVE] udp=8.0/s, objs=20.9/s, last_udp=0.17s, meas=1, tracks=9, valid=1, master=803
[LIVE] udp=7.0/s, objs=18.9/s, last_udp=0.09s, meas=3, tracks=9, valid=1, master=803
[LIVE] udp=10.9/s, objs=30.8/s, last_udp=0.06s, meas=2, tracks=9, valid=0, master=803
[LIVE] udp=8.0/s, objs=18.0/s, last_udp=0.03s, meas=2, tracks=8, valid=0, master=812
[LIVE] udp=4.0/s, objs=7.0/s, last_udp=0.23s, meas=3, tracks=4, valid=1, master=816
[GPS] GGA fix_quality=0, num_sats=00, hdop=9999.0, lat=0.0, lon=0.0
[LIVE] udp=0.0/s, objs=0.0/s, last_udp=1.24s, meas=3, tracks=4, valid=1, master=816
[GPS] GGA fix_quality=0, num_sats=00, hdop=9999.0, lat=0.0, lon=0.0
[LIVE] udp=0.0/s, objs=0.0/s, last_udp=2.24s, meas=3, tracks=4, valid=1, master=816
[GPS] GGA fix_quality=0, num_sats=00, hdop=9999.0, lat=0.0, lon=0.0
[LIVE] udp=0.0/s, objs=0.0/s, last_udp=3.25s, meas=3, tracks=4, valid=1, master=816
[GPS] GGA fix_quality=0, num_sats=00, hdop=9999.0, lat=0.0, lon=0.0
[LIVE] udp=0.0/s, objs=0.0/s, last_udp=4.25s, meas=3, tracks=4, valid=1, master=816
[GPS] GGA fix_quality=0, num_sats=00, hdop=9999.0, lat=0.0, lon=0.0
[LIVE] udp=0.0/s, objs=0.0/s, last_udp=5.25s, meas=3, tracks=4, valid=1, master=816
[GPS] GGA fix_quality=0, num_sats=00, hdop=9999.0, lat=0.0, lon=0.0
[LIVE] udp=0.0/s, objs=0.0/s, last_udp=6.25s, meas=3, tracks=4, valid=1, master=816
[LIVE] udp=0.0/s, objs=0.0/s, last_udp=7.25s, meas=3, tracks=4, valid=1, master=816
[LIVE] udp=0.0/s, objs=0.0/s, last_udp=8.26s, meas=3, tracks=4, valid=1, master=816
[LIVE] udp=0.0/s, objs=0.0/s, last_udp=9.26s, meas=3, tracks=4, valid=1, master=816
[LIVE] udp=0.0/s, objs=0.0/s, last_udp=10.27s, meas=3, tracks=4, valid=1, master=816
[GPS] GGA fix_quality=0, num_sats=00, hdop=9999.0, lat=0.0, lon=0.0
[LIVE] udp=0.0/s, objs=0.0/s, last_udp=11.27s, meas=3, tracks=4, valid=1, master=816
[GPS] GGA fix_quality=0, num_sats=00, hdop=9999.0, lat=0.0, lon=0.0
[LIVE] udp=0.0/s, objs=0.0/s, last_udp=12.27s, meas=3, tracks=4, valid=1, master=816
[GPS] GGA fix_quality=0, num_sats=00, hdop=9999.0, lat=0.0, lon=0.0
[LIVE] udp=0.0/s, objs=0.0/s, last_udp=13.28s, meas=3, tracks=4, valid=1, master=816
[GPS] GGA fix_quality=0, num_sats=00, hdop=9999.0, lat=0.0, lon=0.0
[LIVE] udp=0.0/s, objs=0.0/s, last_udp=14.28s, meas=3, tracks=4, valid=1, master=816
[GPS] GGA fix_quality=0, num_sats=00, hdop=9999.0, lat=0.0, lon=0.0
[LIVE] udp=0.0/s, objs=0.0/s, last_udp=15.28s, meas=3, tracks=4, valid=1, master=816
[GPS] GGA fix_quality=0, num_sats=00, hdop=9999.0, lat=0.0, lon=0.0
[LIVE] udp=0.0/s, objs=0.0/s, last_udp=16.28s, meas=3, tracks=4, valid=1, master=816
[LIVE] udp=0.0/s, objs=0.0/s, last_udp=17.28s, meas=3, tracks=4, valid=1, master=816
[LIVE] udp=0.0/s, objs=0.0/s, last_udp=18.29s, meas=3, tracks=4, valid=1, master=816
[LIVE] udp=0.0/s, objs=0.0/s, last_udp=19.29s, meas=3, tracks=4, valid=1, master=816
[LIVE] udp=0.0/s, objs=0.0/s, last_udp=20.29s, meas=3, tracks=4, valid=1, master=816
[GPS] GGA fix_quality=0, num_sats=00, hdop=9999.0, lat=0.0, lon=0.0
[LIVE] udp=0.0/s, objs=0.0/s, last_udp=21.29s, meas=3, tracks=4, valid=1, master=816
[GPS] GGA fix_quality=0, num_sats=00, hdop=9999.0, lat=0.0, lon=0.0
[LIVE] udp=0.0/s, objs=0.0/s, last_udp=22.30s, meas=3, tracks=4, valid=1, master=816
[GPS] GGA fix_quality=0, num_sats=00, hdop=9999.0, lat=0.0, lon=0.0
[LIVE] udp=0.0/s, objs=0.0/s, last_udp=23.30s, meas=3, tracks=4, valid=1, master=816
[GPS] GGA fix_quality=0, num_sats=00, hdop=9999.0, lat=0.0, lon=0.0
[LIVE] udp=0.0/s, objs=0.0/s, last_udp=24.30s, meas=3, tracks=4, valid=1, master=816
[GPS] GGA fix_quality=0, num_sats=00, hdop=9999.0, lat=0.0, lon=0.0
[LIVE] udp=0.0/s, objs=0.0/s, last_udp=25.30s, meas=3, tracks=4, valid=1, master=816
[GPS] GGA fix_quality=0, num_sats=00, hdop=9999.0, lat=0.0, lon=0.0
[LIVE] udp=0.0/s, objs=0.0/s, last_udp=26.31s, meas=3, tracks=4, valid=1, master=816
[LIVE] udp=0.0/s, objs=0.0/s, last_udp=27.31s, meas=3, tracks=4, valid=1, master=816
[LIVE] udp=0.0/s, objs=0.0/s, last_udp=28.31s, meas=3, tracks=4, valid=1, master=816
[LIVE] udp=0.0/s, objs=0.0/s, last_udp=29.31s, meas=3, tracks=4, valid=1, master=816
[LIVE] udp=0.0/s, objs=0.0/s, last_udp=30.31s, meas=3, tracks=4, valid=1, master=816
[GPS] GGA fix_quality=0, num_sats=00, hdop=9999.0, lat=0.0, lon=0.0
[LIVE] udp=0.0/s, objs=0.0/s, last_udp=31.32s, meas=3, tracks=4, valid=1, master=816
[GPS] GGA fix_quality=0, num_sats=00, hdop=9999.0, lat=0.0, lon=0.0
[LIVE] udp=0.0/s, objs=0.0/s, last_udp=32.32s, meas=3, tracks=4, valid=1, master=816
[GPS] GGA fix_quality=0, num_sats=00, hdop=9999.0, lat=0.0, lon=0.0
[LIVE] udp=0.0/s, objs=0.0/s, last_udp=33.32s, meas=3, tracks=4, valid=1, master=816
[GPS] GGA fix_quality=0, num_sats=00, hdop=9999.0, lat=0.0, lon=0.0
[LIVE] udp=0.0/s, objs=0.0/s, last_udp=34.33s, meas=3, tracks=4, valid=1, master=816
[GPS] GGA fix_quality=0, num_sats=00, hdop=9999.0, lat=0.0, lon=0.0
[LIVE] udp=0.0/s, objs=0.0/s, last_udp=35.33s, meas=3, tracks=4, valid=1, master=816
[GPS] GGA fix_quality=0, num_sats=00, hdop=9999.0, lat=0.0, lon=0.0
[LIVE] udp=0.0/s, objs=0.0/s, last_udp=36.33s, meas=3, tracks=4, valid=1, master=816
[LIVE] udp=0.0/s, objs=0.0/s, last_udp=37.33s, meas=3, tracks=4, valid=1, master=816
[LIVE] udp=0.0/s, objs=0.0/s, last_udp=38.33s, meas=3, tracks=4, valid=1, master=816
[LIVE] udp=0.0/s, objs=0.0/s, last_udp=39.34s, meas=3, tracks=4, valid=1, master=816
[LIVE] udp=0.0/s, objs=0.0/s, last_udp=40.34s, meas=3, tracks=4, valid=1, master=816
[GPS] GGA fix_quality=0, num_sats=00, hdop=9999.0, lat=0.0, lon=0.0
[LIVE] udp=0.0/s, objs=0.0/s, last_udp=41.34s, meas=3, tracks=4, valid=1, master=816
[GPS] GGA fix_quality=0, num_sats=00, hdop=9999.0, lat=0.0, lon=0.0
[LIVE] udp=0.0/s, objs=0.0/s, last_udp=42.34s, meas=3, tracks=4, valid=1, master=816
[GPS] GGA fix_quality=0, num_sats=00, hdop=9999.0, lat=0.0, lon=0.0
[LIVE] udp=0.0/s, objs=0.0/s, last_udp=43.34s, meas=3, tracks=4, valid=1, master=816
[GPS] GGA fix_quality=0, num_sats=00, hdop=9999.0, lat=0.0, lon=0.0
[LIVE] udp=0.0/s, objs=0.0/s, last_udp=44.34s, meas=3, tracks=4, valid=1, master=816
[GPS] GGA fix_quality=0, num_sats=00, hdop=9999.0, lat=0.0, lon=0.0
[LIVE] udp=0.0/s, objs=0.0/s, last_udp=45.34s, meas=3, tracks=4, valid=1, master=816
[GPS] GGA fix_quality=0, num_sats=00, hdop=9999.0, lat=0.0, lon=0.0
[LIVE] udp=0.0/s, objs=0.0/s, last_udp=46.35s, meas=3, tracks=4, valid=1, master=816
[LIVE] udp=0.0/s, objs=0.0/s, last_udp=47.35s, meas=3, tracks=4, valid=1, master=816
[LIVE] udp=0.0/s, objs=0.0/s, last_udp=48.35s, meas=3, tracks=4, valid=1, master=816
[LIVE] udp=0.0/s, objs=0.0/s, last_udp=49.36s, meas=3, tracks=4, valid=1, master=816
[LIVE] udp=0.0/s, objs=0.0/s, last_udp=50.36s, meas=3, tracks=4, valid=1, master=816
[GPS] GGA fix_quality=0, num_sats=00, hdop=9999.0, lat=0.0, lon=0.0
[LIVE] udp=0.0/s, objs=0.0/s, last_udp=51.36s, meas=3, tracks=4, valid=1, master=816
[GPS] GGA fix_quality=0, num_sats=00, hdop=9999.0, lat=0.0, lon=0.0
[LIVE] udp=0.0/s, objs=0.0/s, last_udp=52.36s, meas=3, tracks=4, valid=1, master=816
[GPS] GGA fix_quality=0, num_sats=00, hdop=9999.0, lat=0.0, lon=0.0
[LIVE] udp=0.0/s, objs=0.0/s, last_udp=53.37s, meas=3, tracks=4, valid=1, master=816
[GPS] GGA fix_quality=0, num_sats=00, hdop=9999.0, lat=0.0, lon=0.0
[LIVE] udp=9.0/s, objs=53.9/s, last_udp=0.00s, meas=13, tracks=18, valid=0, master=827
[GPS] GGA fix_quality=0, num_sats=00, hdop=9999.0, lat=0.0, lon=0.0
[LIVE] udp=10.0/s, objs=59.0/s, last_udp=0.08s, meas=5, tracks=20, valid=0, master=827
[GPS] GGA fix_quality=0, num_sats=00, hdop=9999.0, lat=0.0, lon=0.0
[LIVE] udp=9.9/s, objs=51.7/s, last_udp=0.07s, meas=2, tracks=20, valid=0, master=827
[LIVE] udp=13.0/s, objs=65.9/s, last_udp=0.01s, meas=5, tracks=16, valid=0, master=827
[LIVE] udp=9.9/s, objs=45.7/s, last_udp=0.10s, meas=2, tracks=19, valid=0, master=827
[LIVE] udp=11.9/s, objs=63.7/s, last_udp=0.00s, meas=3, tracks=18, valid=0, master=857
[GPS] GGA fix_quality=0, num_sats=00, hdop=9999.0, lat=0.0, lon=0.0
[LIVE] udp=11.9/s, objs=68.7/s, last_udp=0.01s, meas=1, tracks=21, valid=0, master=857
[GPS] GGA fix_quality=0, num_sats=00, hdop=9999.0, lat=0.0, lon=0.0
[LIVE] udp=9.0/s, objs=48.0/s, last_udp=0.11s, meas=5, tracks=18, valid=0, master=857
[GPS] GGA fix_quality=0, num_sats=00, hdop=9999.0, lat=0.0, lon=0.0
[LIVE] udp=9.0/s, objs=45.9/s, last_udp=0.09s, meas=2, tracks=17, valid=0, master=857
[GPS] GGA fix_quality=0, num_sats=00, hdop=9999.0, lat=0.0, lon=0.0
[LIVE] udp=11.0/s, objs=66.0/s, last_udp=0.02s, meas=5, tracks=21, valid=0, master=857
[GPS] GGA fix_quality=0, num_sats=00, hdop=9999.0, lat=0.0, lon=0.0
[LIVE] udp=10.0/s, objs=43.0/s, last_udp=0.00s, meas=2, tracks=16, valid=0, master=857
[GPS] GGA fix_quality=0, num_sats=00, hdop=9999.0, lat=0.0, lon=0.0
[LIVE] udp=9.0/s, objs=44.0/s, last_udp=0.02s, meas=2, tracks=15, valid=2, master=858
[LIVE] udp=12.0/s, objs=59.9/s, last_udp=0.04s, meas=2, tracks=18, valid=0, master=889
[LIVE] udp=8.0/s, objs=44.9/s, last_udp=0.22s, meas=9, tracks=19, valid=0, master=889
[LIVE] udp=10.0/s, objs=42.9/s, last_udp=0.04s, meas=5, tracks=11, valid=1, master=885
[LIVE] udp=8.0/s, objs=43.0/s, last_udp=0.02s, meas=5, tracks=13, valid=0, master=885
[GPS] GGA fix_quality=0, num_sats=00, hdop=9999.0, lat=0.0, lon=0.0
[LIVE] udp=8.0/s, objs=42.9/s, last_udp=0.14s, meas=10, tracks=19, valid=0, master=885
[GPS] GGA fix_quality=0, num_sats=00, hdop=9999.0, lat=0.0, lon=0.0
[LIVE] udp=12.0/s, objs=53.0/s, last_udp=0.04s, meas=5, tracks=17, valid=2, master=902
[GPS] GGA fix_quality=0, num_sats=00, hdop=9999.0, lat=0.0, lon=0.0
[LIVE] udp=11.0/s, objs=63.0/s, last_udp=0.05s, meas=4, tracks=22, valid=0, master=885
[GPS] GGA fix_quality=0, num_sats=00, hdop=9999.0, lat=0.0, lon=0.0
[LIVE] udp=11.9/s, objs=62.7/s, last_udp=0.04s, meas=8, tracks=22, valid=0, master=885
[GPS] GGA fix_quality=0, num_sats=00, hdop=9999.0, lat=0.0, lon=0.0
[LIVE] udp=7.0/s, objs=28.9/s, last_udp=0.01s, meas=2, tracks=12, valid=0, master=885
[GPS] GGA fix_quality=0, num_sats=00, hdop=9999.0, lat=0.0, lon=0.0
[LIVE] udp=6.0/s, objs=36.0/s, last_udp=0.01s, meas=1, tracks=17, valid=0, master=885
[LIVE] udp=4.0/s, objs=17.9/s, last_udp=0.50s, meas=7, tracks=11, valid=0, master=885
[LIVE] udp=0.0/s, objs=0.0/s, last_udp=1.50s, meas=7, tracks=11, valid=0, master=885
[LIVE] udp=0.0/s, objs=0.0/s, last_udp=2.50s, meas=7, tracks=11, valid=0, master=885
[LIVE] udp=0.0/s, objs=0.0/s, last_udp=3.50s, meas=7, tracks=11, valid=0, master=885
[GPS] GGA fix_quality=0, num_sats=00, hdop=9999.0, lat=0.0, lon=0.0
[LIVE] udp=0.0/s, objs=0.0/s, last_udp=4.50s, meas=7, tracks=11, valid=0, master=885
[GPS] GGA fix_quality=0, num_sats=00, hdop=9999.0, lat=0.0, lon=0.0
[LIVE] udp=0.0/s, objs=0.0/s, last_udp=5.50s, meas=7, tracks=11, valid=0, master=885
[GPS] GGA fix_quality=0, num_sats=00, hdop=9999.0, lat=0.0, lon=0.0
[LIVE] udp=0.0/s, objs=0.0/s, last_udp=6.50s, meas=7, tracks=11, valid=0, master=885
[GPS] GGA fix_quality=0, num_sats=00, hdop=9999.0, lat=0.0, lon=0.0
[LIVE] udp=0.0/s, objs=0.0/s, last_udp=7.51s, meas=7, tracks=11, valid=0, master=885
[GPS] GGA fix_quality=0, num_sats=00, hdop=9999.0, lat=0.0, lon=0.0
[LIVE] udp=0.0/s, objs=0.0/s, last_udp=8.51s, meas=7, tracks=11, valid=0, master=885
[GPS] GGA fix_quality=0, num_sats=00, hdop=9999.0, lat=0.0, lon=0.0
[LIVE] udp=0.0/s, objs=0.0/s, last_udp=9.51s, meas=7, tracks=11, valid=0, master=885
[LIVE] udp=0.0/s, objs=0.0/s, last_udp=10.52s, meas=7, tracks=11, valid=0, master=885
[LIVE] udp=0.0/s, objs=0.0/s, last_udp=11.52s, meas=7, tracks=11, valid=0, master=885
[LIVE] udp=0.0/s, objs=0.0/s, last_udp=12.52s, meas=7, tracks=11, valid=0, master=885
[LIVE] udp=0.0/s, objs=0.0/s, last_udp=13.53s, meas=7, tracks=11, valid=0, master=885
[GPS] GGA fix_quality=0, num_sats=00, hdop=9999.0, lat=0.0, lon=0.0
[LIVE] udp=0.0/s, objs=0.0/s, last_udp=14.53s, meas=7, tracks=11, valid=0, master=885
[GPS] GGA fix_quality=0, num_sats=00, hdop=9999.0, lat=0.0, lon=0.0
[LIVE] udp=0.0/s, objs=0.0/s, last_udp=15.53s, meas=7, tracks=11, valid=0, master=885
[GPS] GGA fix_quality=0, num_sats=00, hdop=9999.0, lat=0.0, lon=0.0
[LIVE] udp=0.0/s, objs=0.0/s, last_udp=16.54s, meas=7, tracks=11, valid=0, master=885
[GPS] GGA fix_quality=0, num_sats=00, hdop=9999.0, lat=0.0, lon=0.0
[LIVE] udp=0.0/s, objs=0.0/s, last_udp=17.54s, meas=7, tracks=11, valid=0, master=885
[GPS] GGA fix_quality=0, num_sats=00, hdop=9999.0, lat=0.0, lon=0.0
[LIVE] udp=0.0/s, objs=0.0/s, last_udp=18.54s, meas=7, tracks=11, valid=0, master=885
[GPS] GGA fix_quality=0, num_sats=00, hdop=9999.0, lat=0.0, lon=0.0
[LIVE] udp=0.0/s, objs=0.0/s, last_udp=19.54s, meas=7, tracks=11, valid=0, master=885
[LIVE] udp=0.0/s, objs=0.0/s, last_udp=20.54s, meas=7, tracks=11, valid=0, master=885
[LIVE] udp=0.0/s, objs=0.0/s, last_udp=21.55s, meas=7, tracks=11, valid=0, master=885
[LIVE] udp=0.0/s, objs=0.0/s, last_udp=22.55s, meas=7, tracks=11, valid=0, master=885
[LIVE] udp=0.0/s, objs=0.0/s, last_udp=23.55s, meas=7, tracks=11, valid=0, master=885
[GPS] GGA fix_quality=0, num_sats=00, hdop=9999.0, lat=0.0, lon=0.0
[LIVE] udp=0.0/s, objs=0.0/s, last_udp=24.56s, meas=7, tracks=11, valid=0, master=885
[GPS] GGA fix_quality=0, num_sats=00, hdop=9999.0, lat=0.0, lon=0.0
[LIVE] udp=0.0/s, objs=0.0/s, last_udp=25.56s, meas=7, tracks=11, valid=0, master=885
[GPS] GGA fix_quality=0, num_sats=00, hdop=9999.0, lat=0.0, lon=0.0
[LIVE] udp=0.0/s, objs=0.0/s, last_udp=26.56s, meas=7, tracks=11, valid=0, master=885
[GPS] GGA fix_quality=0, num_sats=00, hdop=9999.0, lat=0.0, lon=0.0
[LIVE] udp=0.0/s, objs=0.0/s, last_udp=27.56s, meas=7, tracks=11, valid=0, master=885
[GPS] GGA fix_quality=0, num_sats=00, hdop=9999.0, lat=0.0, lon=0.0
[LIVE] udp=0.0/s, objs=0.0/s, last_udp=28.57s, meas=7, tracks=11, valid=0, master=885
[GPS] GGA fix_quality=0, num_sats=00, hdop=9999.0, lat=0.0, lon=0.0
[LIVE] udp=0.0/s, objs=0.0/s, last_udp=29.57s, meas=7, tracks=11, valid=0, master=885
[LIVE] udp=0.0/s, objs=0.0/s, last_udp=30.57s, meas=7, tracks=11, valid=0, master=885
[LIVE] udp=0.0/s, objs=0.0/s, last_udp=31.57s, meas=7, tracks=11, valid=0, master=885
[LIVE] udp=0.0/s, objs=0.0/s, last_udp=32.58s, meas=7, tracks=11, valid=0, master=885
[LIVE] udp=0.0/s, objs=0.0/s, last_udp=33.58s, meas=7, tracks=11, valid=0, master=885
[GPS] GGA fix_quality=0, num_sats=00, hdop=9999.0, lat=0.0, lon=0.0
[LIVE] udp=0.0/s, objs=0.0/s, last_udp=34.58s, meas=7, tracks=11, valid=0, master=885
[GPS] GGA fix_quality=0, num_sats=00, hdop=9999.0, lat=0.0, lon=0.0
[LIVE] udp=0.0/s, objs=0.0/s, last_udp=35.59s, meas=7, tracks=11, valid=0, master=885
[GPS] GGA fix_quality=0, num_sats=00, hdop=9999.0, lat=0.0, lon=0.0
[LIVE] udp=0.0/s, objs=0.0/s, last_udp=36.59s, meas=7, tracks=11, valid=0, master=885
[GPS] GGA fix_quality=0, num_sats=00, hdop=9999.0, lat=0.0, lon=0.0
[LIVE] udp=0.0/s, objs=0.0/s, last_udp=37.59s, meas=7, tracks=11, valid=0, master=885
[GPS] GGA fix_quality=0, num_sats=00, hdop=9999.0, lat=0.0, lon=0.0
[LIVE] udp=0.0/s, objs=0.0/s, last_udp=38.60s, meas=7, tracks=11, valid=0, master=885
[GPS] GGA fix_quality=0, num_sats=00, hdop=9999.0, lat=0.0, lon=0.0
[LIVE] udp=0.0/s, objs=0.0/s, last_udp=39.60s, meas=7, tracks=11, valid=0, master=885
[LIVE] udp=0.0/s, objs=0.0/s, last_udp=40.61s, meas=7, tracks=11, valid=0, master=885
[LIVE] udp=0.0/s, objs=0.0/s, last_udp=41.61s, meas=7, tracks=11, valid=0, master=885
[LIVE] udp=0.0/s, objs=0.0/s, last_udp=42.61s, meas=7, tracks=11, valid=0, master=885
[LIVE] udp=0.0/s, objs=0.0/s, last_udp=43.62s, meas=7, tracks=11, valid=0, master=885
[GPS] GGA fix_quality=0, num_sats=00, hdop=9999.0, lat=0.0, lon=0.0
[LIVE] udp=0.0/s, objs=0.0/s, last_udp=44.62s, meas=7, tracks=11, valid=0, master=885
[GPS] GGA fix_quality=0, num_sats=00, hdop=9999.0, lat=0.0, lon=0.0
[LIVE] udp=0.0/s, objs=0.0/s, last_udp=45.63s, meas=7, tracks=11, valid=0, master=885
[GPS] GGA fix_quality=0, num_sats=00, hdop=9999.0, lat=0.0, lon=0.0
[LIVE] udp=0.0/s, objs=0.0/s, last_udp=46.63s, meas=7, tracks=11, valid=0, master=885
[GPS] GGA fix_quality=0, num_sats=00, hdop=9999.0, lat=0.0, lon=0.0
[LIVE] udp=0.0/s, objs=0.0/s, last_udp=47.63s, meas=7, tracks=11, valid=0, master=885
[GPS] GGA fix_quality=0, num_sats=00, hdop=9999.0, lat=0.0, lon=0.0
[LIVE] udp=0.0/s, objs=0.0/s, last_udp=48.63s, meas=7, tracks=11, valid=0, master=885
[GPS] GGA fix_quality=0, num_sats=00, hdop=9999.0, lat=0.0, lon=0.0
[LIVE] udp=0.0/s, objs=0.0/s, last_udp=49.64s, meas=7, tracks=11, valid=0, master=885
[LIVE] udp=0.0/s, objs=0.0/s, last_udp=50.64s, meas=7, tracks=11, valid=0, master=885
[LIVE] udp=0.0/s, objs=0.0/s, last_udp=51.64s, meas=7, tracks=11, valid=0, master=885
[LIVE] udp=0.0/s, objs=0.0/s, last_udp=52.64s, meas=7, tracks=11, valid=0, master=885
[LIVE] udp=0.0/s, objs=0.0/s, last_udp=53.65s, meas=7, tracks=11, valid=0, master=885
[GPS] GGA fix_quality=0, num_sats=00, hdop=9999.0, lat=0.0, lon=0.0
[LIVE] udp=3.0/s, objs=3.0/s, last_udp=0.08s, meas=1, tracks=1, valid=1, master=952
[GPS] GGA fix_quality=0, num_sats=00, hdop=9999.0, lat=0.0, lon=0.0
[LIVE] udp=3.0/s, objs=4.0/s, last_udp=0.09s, meas=1, tracks=3, valid=1, master=952
[GPS] GGA fix_quality=0, num_sats=00, hdop=9999.0, lat=0.0, lon=0.0
[LIVE] udp=4.0/s, objs=5.0/s, last_udp=0.21s, meas=1, tracks=3, valid=1, master=952
[GPS] GGA fix_quality=0, num_sats=00, hdop=9999.0, lat=0.0, lon=0.0
[LIVE] udp=5.0/s, objs=5.0/s, last_udp=0.01s, meas=1, tracks=2, valid=1, master=955
[GPS] GGA fix_quality=0, num_sats=00, hdop=9999.0, lat=0.0, lon=0.0
[LIVE] udp=4.0/s, objs=4.0/s, last_udp=0.24s, meas=1, tracks=3, valid=0, master=955
[GPS] GGA fix_quality=0, num_sats=00, hdop=9999.0, lat=0.0, lon=0.0
[LIVE] udp=4.0/s, objs=6.0/s, last_udp=0.54s, meas=1, tracks=3, valid=0, master=955
[LIVE] udp=0.0/s, objs=0.0/s, last_udp=1.54s, meas=1, tracks=3, valid=0, master=955
[LIVE] udp=2.0/s, objs=3.0/s, last_udp=0.36s, meas=2, tracks=2, valid=0, master=955
[LIVE] udp=3.0/s, objs=5.0/s, last_udp=0.14s, meas=2, tracks=2, valid=1, master=959
[LIVE] udp=4.0/s, objs=4.0/s, last_udp=0.19s, meas=1, tracks=2, valid=0, master=959
[GPS] GGA fix_quality=0, num_sats=00, hdop=9999.0, lat=0.0, lon=0.0
[LIVE] udp=1.0/s, objs=1.0/s, last_udp=0.62s, meas=1, tracks=2, valid=1, master=959
[GPS] GGA fix_quality=0, num_sats=00, hdop=9999.0, lat=0.0, lon=0.0
[LIVE] udp=1.0/s, objs=1.0/s, last_udp=0.11s, meas=1, tracks=1, valid=0, master=959
[GPS] GGA fix_quality=0, num_sats=00, hdop=9999.0, lat=0.0, lon=0.0
[LIVE] udp=3.0/s, objs=3.0/s, last_udp=0.21s, meas=1, tracks=2, valid=0, master=963
[GPS] GGA fix_quality=0, num_sats=00, hdop=9999.0, lat=0.0, lon=0.0
[LIVE] udp=2.0/s, objs=2.0/s, last_udp=0.23s, meas=1, tracks=2, valid=0, master=963
[GPS] GGA fix_quality=0, num_sats=00, hdop=9999.0, lat=0.0, lon=0.0
[LIVE] udp=5.0/s, objs=6.0/s, last_udp=0.20s, meas=1, tracks=3, valid=0, master=966
[GPS] GGA fix_quality=0, num_sats=00, hdop=9999.0, lat=0.0, lon=0.0
[LIVE] udp=7.0/s, objs=7.0/s, last_udp=0.06s, meas=1, tracks=3, valid=0, master=966
[LIVE] udp=3.0/s, objs=3.0/s, last_udp=0.00s, meas=1, tracks=1, valid=1, master=968
[LIVE] udp=1.0/s, objs=1.0/s, last_udp=0.52s, meas=1, tracks=1, valid=1, master=968
[LIVE] udp=3.0/s, objs=3.0/s, last_udp=0.04s, meas=1, tracks=1, valid=0, master=968
[LIVE] udp=3.0/s, objs=3.0/s, last_udp=0.09s, meas=1, tracks=1, valid=1, master=971
[GPS] GGA fix_quality=0, num_sats=00, hdop=9999.0, lat=0.0, lon=0.0
[LIVE] udp=4.0/s, objs=4.0/s, last_udp=0.16s, meas=1, tracks=2, valid=1, master=971
[GPS] GGA fix_quality=0, num_sats=00, hdop=9999.0, lat=0.0, lon=0.0
[LIVE] udp=2.0/s, objs=2.0/s, last_udp=0.20s, meas=1, tracks=1, valid=1, master=971
[GPS] GGA fix_quality=0, num_sats=00, hdop=9999.0, lat=0.0, lon=0.0
[LIVE] udp=1.0/s, objs=2.0/s, last_udp=0.58s, meas=2, tracks=2, valid=1, master=971
[GPS] GGA fix_quality=0, num_sats=00, hdop=9999.0, lat=0.0, lon=0.0
[LIVE] udp=4.0/s, objs=5.0/s, last_udp=0.31s, meas=1, tracks=3, valid=0, master=971
[GPS] GGA fix_quality=0, num_sats=00, hdop=9999.0, lat=0.0, lon=0.0
[LIVE] udp=4.0/s, objs=4.0/s, last_udp=0.11s, meas=1, tracks=3, valid=0, master=971
[GPS] GGA fix_quality=0, num_sats=00, hdop=9999.0, lat=0.0, lon=0.0
[LIVE] udp=4.0/s, objs=5.0/s, last_udp=0.12s, meas=1, tracks=3, valid=0, master=971
[LIVE] udp=6.0/s, objs=6.0/s, last_udp=0.05s, meas=1, tracks=3, valid=0, master=978
[LIVE] udp=4.0/s, objs=5.0/s, last_udp=0.06s, meas=2, tracks=2, valid=0, master=978
[LIVE] udp=6.0/s, objs=6.0/s, last_udp=0.12s, meas=1, tracks=2, valid=0, master=978
[LIVE] udp=2.0/s, objs=2.0/s, last_udp=0.31s, meas=1, tracks=2, valid=0, master=978
[GPS] GGA fix_quality=0, num_sats=00, hdop=9999.0, lat=0.0, lon=0.0
[LIVE] udp=3.0/s, objs=3.0/s, last_udp=0.06s, meas=1, tracks=3, valid=0, master=978
[GPS] GGA fix_quality=0, num_sats=00, hdop=9999.0, lat=0.0, lon=0.0
[LIVE] udp=4.0/s, objs=5.0/s, last_udp=0.18s, meas=1, tracks=3, valid=0, master=985
[GPS] GGA fix_quality=0, num_sats=00, hdop=9999.0, lat=0.0, lon=0.0
[LIVE] udp=2.0/s, objs=3.0/s, last_udp=0.29s, meas=1, tracks=3, valid=0, master=985
[GPS] GGA fix_quality=0, num_sats=00, hdop=9999.0, lat=0.0, lon=0.0
[LIVE] udp=5.0/s, objs=6.0/s, last_udp=0.18s, meas=1, tracks=4, valid=0, master=985
[GPS] GGA fix_quality=0, num_sats=00, hdop=9999.0, lat=0.0, lon=0.0
[LIVE] udp=7.0/s, objs=11.0/s, last_udp=0.02s, meas=1, tracks=5, valid=0, master=985
[GPS] GGA fix_quality=0, num_sats=00, hdop=9999.0, lat=0.0, lon=0.0
[LIVE] udp=5.0/s, objs=7.0/s, last_udp=0.28s, meas=2, tracks=4, valid=0, master=985
[LIVE] udp=5.0/s, objs=6.0/s, last_udp=0.06s, meas=1, tracks=4, valid=0, master=985
[LIVE] udp=3.0/s, objs=3.0/s, last_udp=0.05s, meas=1, tracks=2, valid=0, master=998
[LIVE] udp=3.0/s, objs=3.0/s, last_udp=0.03s, meas=1, tracks=2, valid=0, master=998
[LIVE] udp=5.0/s, objs=6.0/s, last_udp=0.25s, meas=2, tracks=3, valid=0, master=998
[GPS] GGA fix_quality=0, num_sats=00, hdop=9999.0, lat=0.0, lon=0.0
[LIVE] udp=3.0/s, objs=4.0/s, last_udp=0.09s, meas=1, tracks=2, valid=1, master=1001
[GPS] GGA fix_quality=0, num_sats=00, hdop=9999.0, lat=0.0, lon=0.0
[LIVE] udp=1.0/s, objs=1.0/s, last_udp=0.30s, meas=1, tracks=1, valid=1, master=1001
[GPS] GGA fix_quality=0, num_sats=00, hdop=9999.0, lat=0.0, lon=0.0
[LIVE] udp=3.0/s, objs=3.0/s, last_udp=0.23s, meas=1, tracks=2, valid=0, master=1001
[GPS] GGA fix_quality=0, num_sats=00, hdop=9999.0, lat=0.0, lon=0.0
[LIVE] udp=3.0/s, objs=6.0/s, last_udp=0.30s, meas=2, tracks=3, valid=1, master=1001
[GPS] GGA fix_quality=0, num_sats=00, hdop=9999.0, lat=0.0, lon=0.0
[LIVE] udp=0.0/s, objs=0.0/s, last_udp=1.30s, meas=2, tracks=3, valid=1, master=1001
[GPS] GGA fix_quality=0, num_sats=00, hdop=9999.0, lat=0.0, lon=0.0
[LIVE] udp=4.0/s, objs=5.0/s, last_udp=0.17s, meas=1, tracks=3, valid=0, master=1007
[LIVE] udp=4.0/s, objs=5.0/s, last_udp=0.21s, meas=1, tracks=2, valid=0, master=1007
[LIVE] udp=3.0/s, objs=4.0/s, last_udp=0.16s, meas=2, tracks=3, valid=0, master=1007
[LIVE] udp=4.0/s, objs=6.0/s, last_udp=0.20s, meas=1, tracks=3, valid=1, master=1007
[LIVE] udp=1.0/s, objs=3.0/s, last_udp=0.20s, meas=3, tracks=3, valid=0, master=1007
[GPS] GGA fix_quality=0, num_sats=00, hdop=9999.0, lat=0.0, lon=0.0
[LIVE] udp=4.0/s, objs=4.0/s, last_udp=0.22s, meas=1, tracks=3, valid=0, master=1007
[GPS] GGA fix_quality=0, num_sats=00, hdop=9999.0, lat=0.0, lon=0.0
[LIVE] udp=1.0/s, objs=2.0/s, last_udp=0.76s, meas=2, tracks=3, valid=0, master=1007
[GPS] GGA fix_quality=0, num_sats=00, hdop=9999.0, lat=0.0, lon=0.0
[LIVE] udp=3.0/s, objs=3.0/s, last_udp=0.15s, meas=1, tracks=2, valid=0, master=1007
[GPS] GGA fix_quality=0, num_sats=00, hdop=9999.0, lat=0.0, lon=0.0
[LIVE] udp=2.0/s, objs=2.0/s, last_udp=0.09s, meas=1, tracks=1, valid=1, master=1017
[GPS] GGA fix_quality=0, num_sats=00, hdop=9999.0, lat=0.0, lon=0.0
[LIVE] udp=4.0/s, objs=5.0/s, last_udp=0.44s, meas=2, tracks=3, valid=0, master=1017
[GPS] GGA fix_quality=0, num_sats=00, hdop=9999.0, lat=0.0, lon=0.0
[LIVE] udp=5.0/s, objs=5.0/s, last_udp=0.25s, meas=1, tracks=2, valid=1, master=1017
[LIVE] udp=4.0/s, objs=5.0/s, last_udp=0.22s, meas=1, tracks=2, valid=1, master=1017
[LIVE] udp=3.0/s, objs=3.0/s, last_udp=0.64s, meas=1, tracks=1, valid=1, master=1017
[LIVE] udp=5.0/s, objs=5.0/s, last_udp=0.12s, meas=1, tracks=2, valid=1, master=1017
[LIVE] udp=1.0/s, objs=1.0/s, last_udp=0.73s, meas=1, tracks=2, valid=0, master=1017
[GPS] GGA fix_quality=0, num_sats=00, hdop=9999.0, lat=0.0, lon=0.0
[LIVE] udp=3.0/s, objs=3.0/s, last_udp=0.07s, meas=1, tracks=1, valid=1, master=1023
[GPS] GGA fix_quality=0, num_sats=00, hdop=9999.0, lat=0.0, lon=0.0
[LIVE] udp=2.0/s, objs=2.0/s, last_udp=0.36s, meas=1, tracks=1, valid=1, master=1023
[GPS] GGA fix_quality=0, num_sats=00, hdop=9999.0, lat=0.0, lon=0.0
[LIVE] udp=0.0/s, objs=0.0/s, last_udp=1.36s, meas=1, tracks=1, valid=1, master=1023
[GPS] GGA fix_quality=0, num_sats=00, hdop=9999.0, lat=0.0, lon=0.0
[LIVE] udp=2.0/s, objs=3.0/s, last_udp=0.15s, meas=2, tracks=2, valid=0, master=1023
[GPS] GGA fix_quality=0, num_sats=00, hdop=9999.0, lat=0.0, lon=0.0
[LIVE] udp=1.0/s, objs=1.0/s, last_udp=0.12s, meas=1, tracks=1, valid=0, master=1023
[GPS] GGA fix_quality=0, num_sats=00, hdop=9999.0, lat=0.0, lon=0.0
[LIVE] udp=1.0/s, objs=1.0/s, last_udp=0.20s, meas=1, tracks=1, valid=0, master=1023
[LIVE] udp=4.0/s, objs=5.0/s, last_udp=0.42s, meas=1, tracks=2, valid=0, master=1027
[LIVE] udp=6.0/s, objs=7.0/s, last_udp=0.04s, meas=1, tracks=2, valid=0, master=1027
[LIVE] udp=3.0/s, objs=3.0/s, last_udp=0.34s, meas=1, tracks=2, valid=0, master=1027
[LIVE] udp=1.0/s, objs=1.0/s, last_udp=1.00s, meas=1, tracks=2, valid=0, master=1027
[GPS] GGA fix_quality=0, num_sats=00, hdop=9999.0, lat=0.0, lon=0.0
[LIVE] udp=5.0/s, objs=6.0/s, last_udp=0.04s, meas=1, tracks=2, valid=1, master=1029
[GPS] GGA fix_quality=0, num_sats=00, hdop=9999.0, lat=0.0, lon=0.0
[LIVE] udp=3.0/s, objs=3.0/s, last_udp=0.02s, meas=1, tracks=1, valid=1, master=1029
[GPS] GGA fix_quality=0, num_sats=00, hdop=9999.0, lat=0.0, lon=0.0
[LIVE] udp=2.0/s, objs=2.0/s, last_udp=0.22s, meas=1, tracks=1, valid=1, master=1029
[GPS] GGA fix_quality=0, num_sats=00, hdop=9999.0, lat=0.0, lon=0.0
[LIVE] udp=3.0/s, objs=3.0/s, last_udp=0.19s, meas=1, tracks=1, valid=1, master=1029
[GPS] GGA fix_quality=0, num_sats=00, hdop=9999.0, lat=0.0, lon=0.0
[LIVE] udp=4.0/s, objs=4.0/s, last_udp=0.37s, meas=1, tracks=1, valid=1, master=1029
[GPS] GGA fix_quality=0, num_sats=00, hdop=9999.0, lat=0.0, lon=0.0
[LIVE] udp=0.0/s, objs=0.0/s, last_udp=1.38s, meas=1, tracks=1, valid=1, master=1029
[LIVE] udp=0.0/s, objs=0.0/s, last_udp=2.38s, meas=1, tracks=1, valid=1, master=1029
[LIVE] udp=0.0/s, objs=0.0/s, last_udp=3.39s, meas=1, tracks=1, valid=1, master=1029
[LIVE] udp=0.0/s, objs=0.0/s, last_udp=4.39s, meas=1, tracks=1, valid=1, master=1029
[LIVE] udp=0.0/s, objs=0.0/s, last_udp=5.39s, meas=1, tracks=1, valid=1, master=1029
[GPS] GGA fix_quality=0, num_sats=00, hdop=9999.0, lat=0.0, lon=0.0
[LIVE] udp=0.0/s, objs=0.0/s, last_udp=6.39s, meas=1, tracks=1, valid=1, master=1029
[GPS] GGA fix_quality=0, num_sats=00, hdop=9999.0, lat=0.0, lon=0.0
[LIVE] udp=0.0/s, objs=0.0/s, last_udp=7.39s, meas=1, tracks=1, valid=1, master=1029
[GPS] GGA fix_quality=0, num_sats=00, hdop=9999.0, lat=0.0, lon=0.0
[LIVE] udp=0.0/s, objs=0.0/s, last_udp=8.40s, meas=1, tracks=1, valid=1, master=1029
[GPS] GGA fix_quality=0, num_sats=00, hdop=9999.0, lat=0.0, lon=0.0
[LIVE] udp=0.0/s, objs=0.0/s, last_udp=9.40s, meas=1, tracks=1, valid=1, master=1029
[GPS] GGA fix_quality=0, num_sats=00, hdop=9999.0, lat=0.0, lon=0.0
[LIVE] udp=0.0/s, objs=0.0/s, last_udp=10.40s, meas=1, tracks=1, valid=1, master=1029
[GPS] GGA fix_quality=0, num_sats=00, hdop=9999.0, lat=0.0, lon=0.0
[LIVE] udp=0.0/s, objs=0.0/s, last_udp=11.40s, meas=1, tracks=1, valid=1, master=1029
[LIVE] udp=0.0/s, objs=0.0/s, last_udp=12.41s, meas=1, tracks=1, valid=1, master=1029
[LIVE] udp=0.0/s, objs=0.0/s, last_udp=13.41s, meas=1, tracks=1, valid=1, master=1029
[LIVE] udp=0.0/s, objs=0.0/s, last_udp=14.41s, meas=1, tracks=1, valid=1, master=1029
[LIVE] udp=0.0/s, objs=0.0/s, last_udp=15.42s, meas=1, tracks=1, valid=1, master=1029
[GPS] GGA fix_quality=0, num_sats=00, hdop=9999.0, lat=0.0, lon=0.0
[LIVE] udp=0.0/s, objs=0.0/s, last_udp=16.42s, meas=1, tracks=1, valid=1, master=1029
[GPS] GGA fix_quality=0, num_sats=00, hdop=9999.0, lat=0.0, lon=0.0
[LIVE] udp=0.0/s, objs=0.0/s, last_udp=17.42s, meas=1, tracks=1, valid=1, master=1029
[GPS] GGA fix_quality=0, num_sats=00, hdop=9999.0, lat=0.0, lon=0.0
[LIVE] udp=0.0/s, objs=0.0/s, last_udp=18.42s, meas=1, tracks=1, valid=1, master=1029
[GPS] GGA fix_quality=0, num_sats=00, hdop=9999.0, lat=0.0, lon=0.0
[LIVE] udp=0.0/s, objs=0.0/s, last_udp=19.43s, meas=1, tracks=1, valid=1, master=1029
[GPS] GGA fix_quality=0, num_sats=00, hdop=9999.0, lat=0.0, lon=0.0
[LIVE] udp=0.0/s, objs=0.0/s, last_udp=20.43s, meas=1, tracks=1, valid=1, master=1029
[GPS] GGA fix_quality=0, num_sats=00, hdop=9999.0, lat=0.0, lon=0.0
[LIVE] udp=0.0/s, objs=0.0/s, last_udp=21.43s, meas=1, tracks=1, valid=1, master=1029
[LIVE] udp=0.0/s, objs=0.0/s, last_udp=22.43s, meas=1, tracks=1, valid=1, master=1029
[LIVE] udp=0.0/s, objs=0.0/s, last_udp=23.44s, meas=1, tracks=1, valid=1, master=1029
[LIVE] udp=0.0/s, objs=0.0/s, last_udp=24.44s, meas=1, tracks=1, valid=1, master=1029
[LIVE] udp=0.0/s, objs=0.0/s, last_udp=25.44s, meas=1, tracks=1, valid=1, master=1029
[GPS] GGA fix_quality=0, num_sats=00, hdop=9999.0, lat=0.0, lon=0.0
[LIVE] udp=0.0/s, objs=0.0/s, last_udp=26.45s, meas=1, tracks=1, valid=1, master=1029
[GPS] GGA fix_quality=0, num_sats=00, hdop=9999.0, lat=0.0, lon=0.0
[LIVE] udp=0.0/s, objs=0.0/s, last_udp=27.45s, meas=1, tracks=1, valid=1, master=1029
[GPS] GGA fix_quality=0, num_sats=00, hdop=9999.0, lat=0.0, lon=0.0
[LIVE] udp=0.0/s, objs=0.0/s, last_udp=28.45s, meas=1, tracks=1, valid=1, master=1029
[GPS] GGA fix_quality=0, num_sats=00, hdop=9999.0, lat=0.0, lon=0.0
[LIVE] udp=0.0/s, objs=0.0/s, last_udp=29.45s, meas=1, tracks=1, valid=1, master=1029
[GPS] GGA fix_quality=0, num_sats=00, hdop=9999.0, lat=0.0, lon=0.0
[LIVE] udp=0.0/s, objs=0.0/s, last_udp=30.45s, meas=1, tracks=1, valid=1, master=1029
[GPS] GGA fix_quality=0, num_sats=00, hdop=9999.0, lat=0.0, lon=0.0
[LIVE] udp=0.0/s, objs=0.0/s, last_udp=31.46s, meas=1, tracks=1, valid=1, master=1029
[LIVE] udp=0.0/s, objs=0.0/s, last_udp=32.46s, meas=1, tracks=1, valid=1, master=1029
[LIVE] udp=0.0/s, objs=0.0/s, last_udp=33.46s, meas=1, tracks=1, valid=1, master=1029
[LIVE] udp=0.0/s, objs=0.0/s, last_udp=34.46s, meas=1, tracks=1, valid=1, master=1029
[LIVE] udp=0.0/s, objs=0.0/s, last_udp=35.46s, meas=1, tracks=1, valid=1, master=1029
[GPS] GGA fix_quality=0, num_sats=00, hdop=9999.0, lat=0.0, lon=0.0
[LIVE] udp=0.0/s, objs=0.0/s, last_udp=36.46s, meas=1, tracks=1, valid=1, master=1029
[GPS] GGA fix_quality=0, num_sats=00, hdop=9999.0, lat=0.0, lon=0.0
[LIVE] udp=0.0/s, objs=0.0/s, last_udp=37.46s, meas=1, tracks=1, valid=1, master=1029
[GPS] GGA fix_quality=0, num_sats=00, hdop=9999.0, lat=0.0, lon=0.0
[LIVE] udp=0.0/s, objs=0.0/s, last_udp=38.47s, meas=1, tracks=1, valid=1, master=1029
[GPS] GGA fix_quality=0, num_sats=00, hdop=9999.0, lat=0.0, lon=0.0
[LIVE] udp=0.0/s, objs=0.0/s, last_udp=39.47s, meas=1, tracks=1, valid=1, master=1029
[GPS] GGA fix_quality=0, num_sats=00, hdop=9999.0, lat=0.0, lon=0.0
[LIVE] udp=0.0/s, objs=0.0/s, last_udp=40.47s, meas=1, tracks=1, valid=1, master=1029
[GPS] GGA fix_quality=0, num_sats=00, hdop=9999.0, lat=0.0, lon=0.0
[LIVE] udp=0.0/s, objs=0.0/s, last_udp=41.48s, meas=1, tracks=1, valid=1, master=1029
[LIVE] udp=0.0/s, objs=0.0/s, last_udp=42.48s, meas=1, tracks=1, valid=1, master=1029
[LIVE] udp=0.0/s, objs=0.0/s, last_udp=43.48s, meas=1, tracks=1, valid=1, master=1029
[LIVE] udp=0.0/s, objs=0.0/s, last_udp=44.48s, meas=1, tracks=1, valid=1, master=1029
[LIVE] udp=0.0/s, objs=0.0/s, last_udp=45.49s, meas=1, tracks=1, valid=1, master=1029
[GPS] GGA fix_quality=0, num_sats=00, hdop=9999.0, lat=0.0, lon=0.0
[LIVE] udp=0.0/s, objs=0.0/s, last_udp=46.49s, meas=1, tracks=1, valid=1, master=1029
[GPS] GGA fix_quality=0, num_sats=00, hdop=9999.0, lat=0.0, lon=0.0
[LIVE] udp=0.0/s, objs=0.0/s, last_udp=47.50s, meas=1, tracks=1, valid=1, master=1029
[GPS] GGA fix_quality=0, num_sats=00, hdop=9999.0, lat=0.0, lon=0.0
[LIVE] udp=0.0/s, objs=0.0/s, last_udp=48.50s, meas=1, tracks=1, valid=1, master=1029
[GPS] GGA fix_quality=0, num_sats=00, hdop=9999.0, lat=0.0, lon=0.0
[LIVE] udp=0.0/s, objs=0.0/s, last_udp=49.50s, meas=1, tracks=1, valid=1, master=1029
[GPS] GGA fix_quality=0, num_sats=00, hdop=9999.0, lat=0.0, lon=0.0
[LIVE] udp=0.0/s, objs=0.0/s, last_udp=50.50s, meas=1, tracks=1, valid=1, master=1029
[GPS] GGA fix_quality=0, num_sats=00, hdop=9999.0, lat=0.0, lon=0.0
[LIVE] udp=0.0/s, objs=0.0/s, last_udp=51.51s, meas=1, tracks=1, valid=1, master=1029
[LIVE] udp=0.0/s, objs=0.0/s, last_udp=52.51s, meas=1, tracks=1, valid=1, master=1029
[LIVE] udp=0.0/s, objs=0.0/s, last_udp=53.51s, meas=1, tracks=1, valid=1, master=1029
[LIVE] udp=0.0/s, objs=0.0/s, last_udp=54.52s, meas=1, tracks=1, valid=1, master=1029
[LIVE] udp=0.0/s, objs=0.0/s, last_udp=55.52s, meas=1, tracks=1, valid=1, master=1029
[GPS] GGA fix_quality=0, num_sats=00, hdop=9999.0, lat=0.0, lon=0.0
[LIVE] udp=0.0/s, objs=0.0/s, last_udp=56.52s, meas=1, tracks=1, valid=1, master=1029
[GPS] GGA fix_quality=0, num_sats=00, hdop=9999.0, lat=0.0, lon=0.0
[LIVE] udp=0.0/s, objs=0.0/s, last_udp=57.52s, meas=1, tracks=1, valid=1, master=1029
[GPS] GGA fix_quality=0, num_sats=00, hdop=9999.0, lat=0.0, lon=0.0
[LIVE] udp=0.0/s, objs=0.0/s, last_udp=58.53s, meas=1, tracks=1, valid=1, master=1029
[GPS] GGA fix_quality=0, num_sats=00, hdop=9999.0, lat=0.0, lon=0.0
[LIVE] udp=0.0/s, objs=0.0/s, last_udp=59.53s, meas=1, tracks=1, valid=1, master=1029
[GPS] GGA fix_quality=0, num_sats=00, hdop=9999.0, lat=0.0, lon=0.0
[LIVE] udp=0.0/s, objs=0.0/s, last_udp=60.53s, meas=1, tracks=1, valid=1, master=1029
[GPS] GGA fix_quality=0, num_sats=00, hdop=9999.0, lat=0.0, lon=0.0
[LIVE] udp=0.0/s, objs=0.0/s, last_udp=61.53s, meas=1, tracks=1, valid=1, master=1029
[LIVE] udp=0.0/s, objs=0.0/s, last_udp=62.54s, meas=1, tracks=1, valid=1, master=1029
[LIVE] udp=0.0/s, objs=0.0/s, last_udp=63.54s, meas=1, tracks=1, valid=1, master=1029
[LIVE] udp=0.0/s, objs=0.0/s, last_udp=64.54s, meas=1, tracks=1, valid=1, master=1029
[LIVE] udp=0.0/s, objs=0.0/s, last_udp=65.54s, meas=1, tracks=1, valid=1, master=1029
[GPS] GGA fix_quality=0, num_sats=00, hdop=9999.0, lat=0.0, lon=0.0
[LIVE] udp=0.0/s, objs=0.0/s, last_udp=66.55s, meas=1, tracks=1, valid=1, master=1029
[GPS] GGA fix_quality=0, num_sats=00, hdop=9999.0, lat=0.0, lon=0.0
[LIVE] udp=0.0/s, objs=0.0/s, last_udp=67.55s, meas=1, tracks=1, valid=1, master=1029
[GPS] GGA fix_quality=0, num_sats=00, hdop=9999.0, lat=0.0, lon=0.0
[LIVE] udp=0.0/s, objs=0.0/s, last_udp=68.55s, meas=1, tracks=1, valid=1, master=1029
[GPS] GGA fix_quality=0, num_sats=00, hdop=9999.0, lat=0.0, lon=0.0
[LIVE] udp=0.0/s, objs=0.0/s, last_udp=69.55s, meas=1, tracks=1, valid=1, master=1029
[GPS] GGA fix_quality=0, num_sats=00, hdop=9999.0, lat=0.0, lon=0.0
[LIVE] udp=0.0/s, objs=0.0/s, last_udp=70.56s, meas=1, tracks=1, valid=1, master=1029
[GPS] GGA fix_quality=0, num_sats=00, hdop=9999.0, lat=0.0, lon=0.0
[LIVE] udp=0.0/s, objs=0.0/s, last_udp=71.56s, meas=1, tracks=1, valid=1, master=1029
[LIVE] udp=0.0/s, objs=0.0/s, last_udp=72.57s, meas=1, tracks=1, valid=1, master=1029
[LIVE] udp=0.0/s, objs=0.0/s, last_udp=73.57s, meas=1, tracks=1, valid=1, master=1029
[LIVE] udp=0.0/s, objs=0.0/s, last_udp=74.57s, meas=1, tracks=1, valid=1, master=1029
[LIVE] udp=0.0/s, objs=0.0/s, last_udp=75.57s, meas=1, tracks=1, valid=1, master=1029
[GPS] GGA fix_quality=0, num_sats=00, hdop=9999.0, lat=0.0, lon=0.0
[LIVE] udp=0.0/s, objs=0.0/s, last_udp=76.57s, meas=1, tracks=1, valid=1, master=1029
[GPS] GGA fix_quality=0, num_sats=00, hdop=9999.0, lat=0.0, lon=0.0
[LIVE] udp=0.0/s, objs=0.0/s, last_udp=77.57s, meas=1, tracks=1, valid=1, master=1029
[GPS] GGA fix_quality=0, num_sats=00, hdop=9999.0, lat=0.0, lon=0.0
[LIVE] udp=0.0/s, objs=0.0/s, last_udp=78.58s, meas=1, tracks=1, valid=1, master=1029
[GPS] GGA fix_quality=0, num_sats=00, hdop=9999.0, lat=0.0, lon=0.0
[LIVE] udp=0.0/s, objs=0.0/s, last_udp=79.58s, meas=1, tracks=1, valid=1, master=1029
[GPS] GGA fix_quality=0, num_sats=00, hdop=9999.0, lat=0.0, lon=0.0
[LIVE] udp=0.0/s, objs=0.0/s, last_udp=80.58s, meas=1, tracks=1, valid=1, master=1029
[GPS] GGA fix_quality=0, num_sats=00, hdop=9999.0, lat=0.0, lon=0.0
[LIVE] udp=0.0/s, objs=0.0/s, last_udp=81.58s, meas=1, tracks=1, valid=1, master=1029
[LIVE] udp=0.0/s, objs=0.0/s, last_udp=82.58s, meas=1, tracks=1, valid=1, master=1029
[LIVE] udp=0.0/s, objs=0.0/s, last_udp=83.59s, meas=1, tracks=1, valid=1, master=1029
[LIVE] udp=0.0/s, objs=0.0/s, last_udp=84.59s, meas=1, tracks=1, valid=1, master=1029
[LIVE] udp=0.0/s, objs=0.0/s, last_udp=85.59s, meas=1, tracks=1, valid=1, master=1029
[GPS] GGA fix_quality=0, num_sats=00, hdop=9999.0, lat=0.0, lon=0.0
[LIVE] udp=0.0/s, objs=0.0/s, last_udp=86.59s, meas=1, tracks=1, valid=1, master=1029
[GPS] GGA fix_quality=0, num_sats=00, hdop=9999.0, lat=0.0, lon=0.0
[LIVE] udp=0.0/s, objs=0.0/s, last_udp=87.60s, meas=1, tracks=1, valid=1, master=1029
[GPS] GGA fix_quality=0, num_sats=00, hdop=9999.0, lat=0.0, lon=0.0
[LIVE] udp=0.0/s, objs=0.0/s, last_udp=88.60s, meas=1, tracks=1, valid=1, master=1029
[GPS] GGA fix_quality=0, num_sats=00, hdop=9999.0, lat=0.0, lon=0.0
[LIVE] udp=0.0/s, objs=0.0/s, last_udp=89.60s, meas=1, tracks=1, valid=1, master=1029
[GPS] GGA fix_quality=0, num_sats=00, hdop=9999.0, lat=0.0, lon=0.0
[LIVE] udp=0.0/s, objs=0.0/s, last_udp=90.61s, meas=1, tracks=1, valid=1, master=1029
[GPS] GGA fix_quality=0, num_sats=00, hdop=9999.0, lat=0.0, lon=0.0
[LIVE] udp=0.0/s, objs=0.0/s, last_udp=91.62s, meas=1, tracks=1, valid=1, master=1029
[LIVE] udp=0.0/s, objs=0.0/s, last_udp=92.62s, meas=1, tracks=1, valid=1, master=1029
[LIVE] udp=0.0/s, objs=0.0/s, last_udp=93.62s, meas=1, tracks=1, valid=1, master=1029
[LIVE] udp=0.0/s, objs=0.0/s, last_udp=94.62s, meas=1, tracks=1, valid=1, master=1029
[LIVE] udp=0.0/s, objs=0.0/s, last_udp=95.62s, meas=1, tracks=1, valid=1, master=1029
[GPS] GGA fix_quality=0, num_sats=00, hdop=9999.0, lat=0.0, lon=0.0
[LIVE] udp=0.0/s, objs=0.0/s, last_udp=96.63s, meas=1, tracks=1, valid=1, master=1029
[GPS] GGA fix_quality=0, num_sats=00, hdop=9999.0, lat=0.0, lon=0.0
[LIVE] udp=0.0/s, objs=0.0/s, last_udp=97.63s, meas=1, tracks=1, valid=1, master=1029
[GPS] GGA fix_quality=0, num_sats=00, hdop=9999.0, lat=0.0, lon=0.0
[LIVE] udp=0.0/s, objs=0.0/s, last_udp=98.63s, meas=1, tracks=1, valid=1, master=1029
[GPS] GGA fix_quality=0, num_sats=00, hdop=9999.0, lat=0.0, lon=0.0
[LIVE] udp=0.0/s, objs=0.0/s, last_udp=99.64s, meas=1, tracks=1, valid=1, master=1029
[GPS] GGA fix_quality=0, num_sats=00, hdop=9999.0, lat=0.0, lon=0.0
[LIVE] udp=0.0/s, objs=0.0/s, last_udp=100.64s, meas=1, tracks=1, valid=1, master=1029
[GPS] GGA fix_quality=0, num_sats=00, hdop=9999.0, lat=0.0, lon=0.0
[LIVE] udp=0.0/s, objs=0.0/s, last_udp=101.64s, meas=1, tracks=1, valid=1, master=1029
[LIVE] udp=0.0/s, objs=0.0/s, last_udp=102.64s, meas=1, tracks=1, valid=1, master=1029
[LIVE] udp=0.0/s, objs=0.0/s, last_udp=103.65s, meas=1, tracks=1, valid=1, master=1029
[LIVE] udp=0.0/s, objs=0.0/s, last_udp=104.65s, meas=1, tracks=1, valid=1, master=1029
[LIVE] udp=0.0/s, objs=0.0/s, last_udp=105.65s, meas=1, tracks=1, valid=1, master=1029
[GPS] GGA fix_quality=0, num_sats=00, hdop=9999.0, lat=0.0, lon=0.0
[LIVE] udp=0.0/s, objs=0.0/s, last_udp=106.66s, meas=1, tracks=1, valid=1, master=1029
[GPS] GGA fix_quality=0, num_sats=00, hdop=9999.0, lat=0.0, lon=0.0
[LIVE] udp=0.0/s, objs=0.0/s, last_udp=107.66s, meas=1, tracks=1, valid=1, master=1029
[GPS] GGA fix_quality=0, num_sats=00, hdop=9999.0, lat=0.0, lon=0.0
[LIVE] udp=0.0/s, objs=0.0/s, last_udp=108.66s, meas=1, tracks=1, valid=1, master=1029
[GPS] GGA fix_quality=0, num_sats=00, hdop=9999.0, lat=0.0, lon=0.0
[LIVE] udp=0.0/s, objs=0.0/s, last_udp=109.66s, meas=1, tracks=1, valid=1, master=1029
[GPS] GGA fix_quality=0, num_sats=00, hdop=9999.0, lat=0.0, lon=0.0
[LIVE] udp=0.0/s, objs=0.0/s, last_udp=110.66s, meas=1, tracks=1, valid=1, master=1029
[GPS] GGA fix_quality=0, num_sats=00, hdop=9999.0, lat=0.0, lon=0.0
[LIVE] udp=0.0/s, objs=0.0/s, last_udp=111.67s, meas=1, tracks=1, valid=1, master=1029
[LIVE] udp=0.0/s, objs=0.0/s, last_udp=112.67s, meas=1, tracks=1, valid=1, master=1029
[LIVE] udp=0.0/s, objs=0.0/s, last_udp=113.68s, meas=1, tracks=1, valid=1, master=1029
[LIVE] udp=0.0/s, objs=0.0/s, last_udp=114.68s, meas=1, tracks=1, valid=1, master=1029
[LIVE] udp=0.0/s, objs=0.0/s, last_udp=115.68s, meas=1, tracks=1, valid=1, master=1029
[GPS] GGA fix_quality=0, num_sats=00, hdop=9999.0, lat=0.0, lon=0.0
[LIVE] udp=0.0/s, objs=0.0/s, last_udp=116.69s, meas=1, tracks=1, valid=1, master=1029
[GPS] GGA fix_quality=0, num_sats=00, hdop=9999.0, lat=0.0, lon=0.0
[LIVE] udp=0.0/s, objs=0.0/s, last_udp=117.69s, meas=1, tracks=1, valid=1, master=1029
[GPS] GGA fix_quality=0, num_sats=00, hdop=9999.0, lat=0.0, lon=0.0
[LIVE] udp=0.0/s, objs=0.0/s, last_udp=118.69s, meas=1, tracks=1, valid=1, master=1029
[GPS] GGA fix_quality=0, num_sats=00, hdop=9999.0, lat=0.0, lon=0.0
[LIVE] udp=0.0/s, objs=0.0/s, last_udp=119.69s, meas=1, tracks=1, valid=1, master=1029
[GPS] GGA fix_quality=0, num_sats=00, hdop=9999.0, lat=0.0, lon=0.0
[LIVE] udp=0.0/s, objs=0.0/s, last_udp=120.69s, meas=1, tracks=1, valid=1, master=1029
[GPS] GGA fix_quality=0, num_sats=00, hdop=9999.0, lat=0.0, lon=0.0
[LIVE] udp=0.0/s, objs=0.0/s, last_udp=121.69s, meas=1, tracks=1, valid=1, master=1029
[LIVE] udp=0.0/s, objs=0.0/s, last_udp=122.70s, meas=1, tracks=1, valid=1, master=1029
[LIVE] udp=0.0/s, objs=0.0/s, last_udp=123.70s, meas=1, tracks=1, valid=1, master=1029
[LIVE] udp=0.0/s, objs=0.0/s, last_udp=124.70s, meas=1, tracks=1, valid=1, master=1029
[LIVE] udp=0.0/s, objs=0.0/s, last_udp=125.71s, meas=1, tracks=1, valid=1, master=1029
[GPS] GGA fix_quality=0, num_sats=00, hdop=9999.0, lat=0.0, lon=0.0
[LIVE] udp=0.0/s, objs=0.0/s, last_udp=126.71s, meas=1, tracks=1, valid=1, master=1029
[GPS] GGA fix_quality=0, num_sats=00, hdop=9999.0, lat=0.0, lon=0.0
[LIVE] udp=0.0/s, objs=0.0/s, last_udp=127.71s, meas=1, tracks=1, valid=1, master=1029
[GPS] GGA fix_quality=0, num_sats=00, hdop=9999.0, lat=0.0, lon=0.0
[LIVE] udp=0.0/s, objs=0.0/s, last_udp=128.71s, meas=1, tracks=1, valid=1, master=1029
[GPS] GGA fix_quality=0, num_sats=00, hdop=9999.0, lat=0.0, lon=0.0
[LIVE] udp=0.0/s, objs=0.0/s, last_udp=129.71s, meas=1, tracks=1, valid=1, master=1029
[GPS] GGA fix_quality=0, num_sats=00, hdop=9999.0, lat=0.0, lon=0.0
[LIVE] udp=0.0/s, objs=0.0/s, last_udp=130.71s, meas=1, tracks=1, valid=1, master=1029
[GPS] GGA fix_quality=0, num_sats=00, hdop=9999.0, lat=0.0, lon=0.0
[LIVE] udp=0.0/s, objs=0.0/s, last_udp=131.72s, meas=1, tracks=1, valid=1, master=1029
[LIVE] udp=0.0/s, objs=0.0/s, last_udp=132.72s, meas=1, tracks=1, valid=1, master=1029
[LIVE] udp=0.0/s, objs=0.0/s, last_udp=133.72s, meas=1, tracks=1, valid=1, master=1029
[LIVE] udp=0.0/s, objs=0.0/s, last_udp=134.72s, meas=1, tracks=1, valid=1, master=1029
[LIVE] udp=0.0/s, objs=0.0/s, last_udp=135.73s, meas=1, tracks=1, valid=1, master=1029
[GPS] GGA fix_quality=0, num_sats=00, hdop=9999.0, lat=0.0, lon=0.0
[LIVE] udp=0.0/s, objs=0.0/s, last_udp=136.73s, meas=1, tracks=1, valid=1, master=1029
[GPS] GGA fix_quality=0, num_sats=00, hdop=9999.0, lat=0.0, lon=0.0
[LIVE] udp=0.0/s, objs=0.0/s, last_udp=137.74s, meas=1, tracks=1, valid=1, master=1029
[GPS] GGA fix_quality=0, num_sats=00, hdop=9999.0, lat=0.0, lon=0.0
[LIVE] udp=0.0/s, objs=0.0/s, last_udp=138.74s, meas=1, tracks=1, valid=1, master=1029
[GPS] GGA fix_quality=0, num_sats=00, hdop=9999.0, lat=0.0, lon=0.0
[LIVE] udp=0.0/s, objs=0.0/s, last_udp=139.74s, meas=1, tracks=1, valid=1, master=1029
[GPS] GGA fix_quality=0, num_sats=00, hdop=9999.0, lat=0.0, lon=0.0
[LIVE] udp=0.0/s, objs=0.0/s, last_udp=140.74s, meas=1, tracks=1, valid=1, master=1029
[GPS] GGA fix_quality=0, num_sats=00, hdop=9999.0, lat=0.0, lon=0.0
[LIVE] udp=0.0/s, objs=0.0/s, last_udp=141.74s, meas=1, tracks=1, valid=1, master=1029
[LIVE] udp=0.0/s, objs=0.0/s, last_udp=142.74s, meas=1, tracks=1, valid=1, master=1029
[LIVE] udp=0.0/s, objs=0.0/s, last_udp=143.75s, meas=1, tracks=1, valid=1, master=1029
[LIVE] udp=0.0/s, objs=0.0/s, last_udp=144.75s, meas=1, tracks=1, valid=1, master=1029
[LIVE] udp=0.0/s, objs=0.0/s, last_udp=145.75s, meas=1, tracks=1, valid=1, master=1029
[GPS] GGA fix_quality=0, num_sats=00, hdop=9999.0, lat=0.0, lon=0.0
[LIVE] udp=0.0/s, objs=0.0/s, last_udp=146.76s, meas=1, tracks=1, valid=1, master=1029
[GPS] GGA fix_quality=0, num_sats=00, hdop=9999.0, lat=0.0, lon=0.0
[LIVE] udp=0.0/s, objs=0.0/s, last_udp=147.76s, meas=1, tracks=1, valid=1, master=1029
[GPS] GGA fix_quality=0, num_sats=00, hdop=9999.0, lat=0.0, lon=0.0
[LIVE] udp=0.0/s, objs=0.0/s, last_udp=148.76s, meas=1, tracks=1, valid=1, master=1029
[GPS] GGA fix_quality=0, num_sats=00, hdop=9999.0, lat=0.0, lon=0.0
[LIVE] udp=0.0/s, objs=0.0/s, last_udp=149.77s, meas=1, tracks=1, valid=1, master=1029
[GPS] GGA fix_quality=0, num_sats=00, hdop=9999.0, lat=0.0, lon=0.0
[LIVE] udp=0.0/s, objs=0.0/s, last_udp=150.77s, meas=1, tracks=1, valid=1, master=1029
[GPS] GGA fix_quality=0, num_sats=00, hdop=9999.0, lat=0.0, lon=0.0
[LIVE] udp=0.0/s, objs=0.0/s, last_udp=151.77s, meas=1, tracks=1, valid=1, master=1029
[LIVE] udp=0.0/s, objs=0.0/s, last_udp=152.78s, meas=1, tracks=1, valid=1, master=1029
[LIVE] udp=0.0/s, objs=0.0/s, last_udp=153.78s, meas=1, tracks=1, valid=1, master=1029
[LIVE] udp=0.0/s, objs=0.0/s, last_udp=154.78s, meas=1, tracks=1, valid=1, master=1029
[LIVE] udp=0.0/s, objs=0.0/s, last_udp=155.79s, meas=1, tracks=1, valid=1, master=1029
[GPS] GGA fix_quality=0, num_sats=00, hdop=9999.0, lat=0.0, lon=0.0
[LIVE] udp=0.0/s, objs=0.0/s, last_udp=156.79s, meas=1, tracks=1, valid=1, master=1029
[GPS] GGA fix_quality=0, num_sats=00, hdop=9999.0, lat=0.0, lon=0.0
[LIVE] udp=0.0/s, objs=0.0/s, last_udp=157.79s, meas=1, tracks=1, valid=1, master=1029
[GPS] GGA fix_quality=0, num_sats=00, hdop=9999.0, lat=0.0, lon=0.0
[LIVE] udp=0.0/s, objs=0.0/s, last_udp=158.79s, meas=1, tracks=1, valid=1, master=1029
[GPS] GGA fix_quality=0, num_sats=00, hdop=9999.0, lat=0.0, lon=0.0
[LIVE] udp=0.0/s, objs=0.0/s, last_udp=159.79s, meas=1, tracks=1, valid=1, master=1029
[GPS] GGA fix_quality=0, num_sats=00, hdop=9999.0, lat=0.0, lon=0.0
[LIVE] udp=2.0/s, objs=2.0/s, last_udp=0.05s, meas=1, tracks=1, valid=0, master=1029
[GPS] GGA fix_quality=0, num_sats=00, hdop=9999.0, lat=0.0, lon=0.0
[LIVE] udp=0.0/s, objs=0.0/s, last_udp=1.05s, meas=1, tracks=1, valid=0, master=1029
[LIVE] udp=0.0/s, objs=0.0/s, last_udp=2.06s, meas=1, tracks=1, valid=0, master=1029
[LIVE] udp=1.0/s, objs=1.0/s, last_udp=0.76s, meas=1, tracks=1, valid=0, master=1029
[LIVE] udp=2.0/s, objs=2.0/s, last_udp=0.47s, meas=1, tracks=1, valid=0, master=1029
[LIVE] udp=0.0/s, objs=0.0/s, last_udp=1.47s, meas=1, tracks=1, valid=0, master=1029
[GPS] GGA fix_quality=0, num_sats=00, hdop=9999.0, lat=0.0, lon=0.0
[LIVE] udp=0.0/s, objs=0.0/s, last_udp=2.48s, meas=1, tracks=1, valid=0, master=1029
[GPS] GGA fix_quality=0, num_sats=00, hdop=9999.0, lat=0.0, lon=0.0
[LIVE] udp=2.0/s, objs=2.0/s, last_udp=0.21s, meas=1, tracks=1, valid=0, master=1029
[GPS] GGA fix_quality=0, num_sats=00, hdop=9999.0, lat=0.0, lon=0.0
[LIVE] udp=1.0/s, objs=1.0/s, last_udp=0.56s, meas=1, tracks=1, valid=1, master=1034
[GPS] GGA fix_quality=0, num_sats=00, hdop=9999.0, lat=0.0, lon=0.0
[LIVE] udp=2.0/s, objs=2.0/s, last_udp=0.59s, meas=1, tracks=1, valid=1, master=1034
[GPS] GGA fix_quality=0, num_sats=00, hdop=9999.0, lat=0.0, lon=0.0
[LIVE] udp=2.0/s, objs=2.0/s, last_udp=0.65s, meas=1, tracks=1, valid=1, master=1034
[GPS] GGA fix_quality=0, num_sats=00, hdop=9999.0, lat=0.0, lon=0.0
[LIVE] udp=0.0/s, objs=0.0/s, last_udp=1.65s, meas=1, tracks=1, valid=1, master=1034
[LIVE] udp=0.0/s, objs=0.0/s, last_udp=2.66s, meas=1, tracks=1, valid=1, master=1034
[LIVE] udp=0.0/s, objs=0.0/s, last_udp=3.66s, meas=1, tracks=1, valid=1, master=1034
[LIVE] udp=1.0/s, objs=1.0/s, last_udp=0.73s, meas=1, tracks=1, valid=0, master=1034
[LIVE] udp=0.0/s, objs=0.0/s, last_udp=1.73s, meas=1, tracks=1, valid=0, master=1034
[GPS] GGA fix_quality=0, num_sats=00, hdop=9999.0, lat=0.0, lon=0.0
[LIVE] udp=0.0/s, objs=0.0/s, last_udp=2.74s, meas=1, tracks=1, valid=0, master=1034
[GPS] GGA fix_quality=0, num_sats=00, hdop=9999.0, lat=0.0, lon=0.0
[LIVE] udp=0.0/s, objs=0.0/s, last_udp=3.74s, meas=1, tracks=1, valid=0, master=1034
[GPS] GGA fix_quality=0, num_sats=00, hdop=9999.0, lat=0.0, lon=0.0
[LIVE] udp=0.0/s, objs=0.0/s, last_udp=4.74s, meas=1, tracks=1, valid=0, master=1034
[GPS] GGA fix_quality=0, num_sats=00, hdop=9999.0, lat=0.0, lon=0.0
[LIVE] udp=0.0/s, objs=0.0/s, last_udp=5.74s, meas=1, tracks=1, valid=0, master=1034
[GPS] GGA fix_quality=0, num_sats=00, hdop=9999.0, lat=0.0, lon=0.0
[LIVE] udp=0.0/s, objs=0.0/s, last_udp=6.75s, meas=1, tracks=1, valid=0, master=1034
[GPS] GGA fix_quality=0, num_sats=00, hdop=9999.0, lat=0.0, lon=0.0
[LIVE] udp=0.0/s, objs=0.0/s, last_udp=7.75s, meas=1, tracks=1, valid=0, master=1034
[LIVE] udp=0.0/s, objs=0.0/s, last_udp=8.75s, meas=1, tracks=1, valid=0, master=1034
[LIVE] udp=1.0/s, objs=1.0/s, last_udp=0.99s, meas=1, tracks=1, valid=0, master=1034
[LIVE] udp=3.0/s, objs=3.0/s, last_udp=0.02s, meas=1, tracks=1, valid=1, master=1037
[LIVE] udp=0.0/s, objs=0.0/s, last_udp=1.02s, meas=1, tracks=1, valid=1, master=1037
[GPS] GGA fix_quality=0, num_sats=00, hdop=9999.0, lat=0.0, lon=0.0
[LIVE] udp=1.0/s, objs=1.0/s, last_udp=0.05s, meas=1, tracks=1, valid=0, master=1037
[GPS] GGA fix_quality=0, num_sats=00, hdop=9999.0, lat=0.0, lon=0.0
[LIVE] udp=1.0/s, objs=1.0/s, last_udp=0.39s, meas=1, tracks=1, valid=0, master=1037
[GPS] GGA fix_quality=0, num_sats=00, hdop=9999.0, lat=0.0, lon=0.0
[LIVE] udp=0.0/s, objs=0.0/s, last_udp=1.39s, meas=1, tracks=1, valid=0, master=1037
[GPS] GGA fix_quality=0, num_sats=00, hdop=9999.0, lat=0.0, lon=0.0
[LIVE] udp=1.0/s, objs=1.0/s, last_udp=0.12s, meas=1, tracks=1, valid=0, master=1037
[GPS] GGA fix_quality=0, num_sats=00, hdop=9999.0, lat=0.0, lon=0.0
[LIVE] udp=3.0/s, objs=3.0/s, last_udp=0.13s, meas=1, tracks=1, valid=1, master=1039
[GPS] GGA fix_quality=0, num_sats=00, hdop=9999.0, lat=0.0, lon=0.0
[LIVE] udp=2.0/s, objs=2.0/s, last_udp=0.13s, meas=1, tracks=1, valid=1, master=1039
[LIVE] udp=3.0/s, objs=3.0/s, last_udp=0.16s, meas=1, tracks=1, valid=1, master=1039
[LIVE] udp=3.0/s, objs=3.0/s, last_udp=0.19s, meas=1, tracks=1, valid=1, master=1039
[LIVE] udp=3.0/s, objs=3.0/s, last_udp=0.22s, meas=1, tracks=1, valid=1, master=1039
[LIVE] udp=0.0/s, objs=0.0/s, last_udp=1.23s, meas=1, tracks=1, valid=1, master=1039
[GPS] GGA fix_quality=0, num_sats=00, hdop=9999.0, lat=0.0, lon=0.0
[LIVE] udp=0.0/s, objs=0.0/s, last_udp=2.23s, meas=1, tracks=1, valid=1, master=1039
[GPS] GGA fix_quality=0, num_sats=00, hdop=9999.0, lat=0.0, lon=0.0
[LIVE] udp=0.0/s, objs=0.0/s, last_udp=3.23s, meas=1, tracks=1, valid=1, master=1039
[GPS] GGA fix_quality=0, num_sats=00, hdop=9999.0, lat=0.0, lon=0.0
[LIVE] udp=0.0/s, objs=0.0/s, last_udp=4.23s, meas=1, tracks=1, valid=1, master=1039
[GPS] GGA fix_quality=0, num_sats=00, hdop=9999.0, lat=0.0, lon=0.0
[LIVE] udp=0.0/s, objs=0.0/s, last_udp=5.24s, meas=1, tracks=1, valid=1, master=1039
[GPS] GGA fix_quality=0, num_sats=00, hdop=9999.0, lat=0.0, lon=0.0
[LIVE] udp=1.0/s, objs=1.0/s, last_udp=0.70s, meas=1, tracks=1, valid=0, master=1039
[GPS] GGA fix_quality=0, num_sats=00, hdop=9999.0, lat=0.0, lon=0.0
[LIVE] udp=0.0/s, objs=0.0/s, last_udp=1.70s, meas=1, tracks=1, valid=0, master=1039
[LIVE] udp=1.0/s, objs=1.0/s, last_udp=0.07s, meas=1, tracks=1, valid=0, master=1039
[LIVE] udp=0.0/s, objs=0.0/s, last_udp=1.07s, meas=1, tracks=1, valid=0, master=1039
[LIVE] udp=1.0/s, objs=1.0/s, last_udp=0.76s, meas=1, tracks=1, valid=0, master=1039
[LIVE] udp=3.0/s, objs=3.0/s, last_udp=0.17s, meas=1, tracks=1, valid=1, master=1043
[GPS] GGA fix_quality=0, num_sats=00, hdop=9999.0, lat=0.0, lon=0.0
[LIVE] udp=3.0/s, objs=3.0/s, last_udp=0.17s, meas=1, tracks=1, valid=1, master=1043
[GPS] GGA fix_quality=0, num_sats=00, hdop=9999.0, lat=0.0, lon=0.0
[LIVE] udp=1.0/s, objs=1.0/s, last_udp=0.53s, meas=1, tracks=1, valid=1, master=1043
[GPS] GGA fix_quality=0, num_sats=00, hdop=9999.0, lat=0.0, lon=0.0
[LIVE] udp=1.0/s, objs=1.0/s, last_udp=0.87s, meas=1, tracks=1, valid=1, master=1043
[GPS] GGA fix_quality=0, num_sats=00, hdop=9999.0, lat=0.0, lon=0.0
[LIVE] udp=1.0/s, objs=1.0/s, last_udp=0.93s, meas=1, tracks=1, valid=0, master=1043
[GPS] GGA fix_quality=0, num_sats=00, hdop=9999.0, lat=0.0, lon=0.0
[LIVE] udp=3.0/s, objs=3.0/s, last_udp=0.28s, meas=1, tracks=1, valid=1, master=1045
[GPS] GGA fix_quality=0, num_sats=00, hdop=9999.0, lat=0.0, lon=0.0
[LIVE] udp=1.0/s, objs=1.0/s, last_udp=0.96s, meas=1, tracks=1, valid=1, master=1045
[LIVE] udp=2.0/s, objs=2.0/s, last_udp=0.30s, meas=1, tracks=1, valid=0, master=1045
[LIVE] udp=2.0/s, objs=2.0/s, last_udp=0.04s, meas=1, tracks=1, valid=1, master=1046
[LIVE] udp=2.0/s, objs=2.0/s, last_udp=0.10s, meas=1, tracks=1, valid=1, master=1046
[LIVE] udp=1.0/s, objs=1.0/s, last_udp=0.79s, meas=1, tracks=1, valid=1, master=1046
[GPS] GGA fix_quality=0, num_sats=00, hdop=9999.0, lat=0.0, lon=0.0
[LIVE] udp=0.0/s, objs=0.0/s, last_udp=1.79s, meas=1, tracks=1, valid=1, master=1046
[GPS] GGA fix_quality=0, num_sats=00, hdop=9999.0, lat=0.0, lon=0.0
[LIVE] udp=1.0/s, objs=1.0/s, last_udp=0.82s, meas=1, tracks=1, valid=0, master=1046
[GPS] GGA fix_quality=0, num_sats=00, hdop=9999.0, lat=0.0, lon=0.0
[LIVE] udp=0.0/s, objs=0.0/s, last_udp=1.83s, meas=1, tracks=1, valid=0, master=1046
[GPS] GGA fix_quality=0, num_sats=00, hdop=9999.0, lat=0.0, lon=0.0
[LIVE] udp=1.0/s, objs=1.0/s, last_udp=0.87s, meas=1, tracks=1, valid=0, master=1046
[GPS] GGA fix_quality=0, num_sats=00, hdop=9999.0, lat=0.0, lon=0.0
[LIVE] udp=2.0/s, objs=2.0/s, last_udp=0.24s, meas=1, tracks=1, valid=0, master=1046
[GPS] GGA fix_quality=0, num_sats=00, hdop=9999.0, lat=0.0, lon=0.0
[LIVE] udp=3.0/s, objs=3.0/s, last_udp=0.25s, meas=1, tracks=1, valid=1, master=1049
[LIVE] udp=2.0/s, objs=2.0/s, last_udp=0.31s, meas=1, tracks=1, valid=1, master=1049
[LIVE] udp=3.0/s, objs=3.0/s, last_udp=0.01s, meas=1, tracks=1, valid=1, master=1049
[LIVE] udp=0.0/s, objs=0.0/s, last_udp=1.01s, meas=1, tracks=1, valid=1, master=1049
[LIVE] udp=0.0/s, objs=0.0/s, last_udp=2.01s, meas=1, tracks=1, valid=1, master=1049
[GPS] GGA fix_quality=0, num_sats=00, hdop=9999.0, lat=0.0, lon=0.0
[LIVE] udp=0.0/s, objs=0.0/s, last_udp=3.01s, meas=1, tracks=1, valid=1, master=1049
[GPS] GGA fix_quality=0, num_sats=00, hdop=9999.0, lat=0.0, lon=0.0
[LIVE] udp=0.0/s, objs=0.0/s, last_udp=4.01s, meas=1, tracks=1, valid=1, master=1049
[GPS] GGA fix_quality=0, num_sats=00, hdop=9999.0, lat=0.0, lon=0.0
[LIVE] udp=0.0/s, objs=0.0/s, last_udp=5.02s, meas=1, tracks=1, valid=1, master=1049
[GPS] GGA fix_quality=0, num_sats=00, hdop=9999.0, lat=0.0, lon=0.0
[GPS] GGA fix_quality=0, num_sats=00, hdop=9999.0, lat=0.0, lon=0.0
[LIVE] udp=1.0/s, objs=1.0/s, last_udp=0.15s, meas=1, tracks=1, valid=0, master=1049
[GPS] GGA fix_quality=0, num_sats=00, hdop=9999.0, lat=0.0, lon=0.0
[LIVE] udp=0.0/s, objs=0.0/s, last_udp=1.15s, meas=1, tracks=1, valid=0, master=1049
[LIVE] udp=0.0/s, objs=0.0/s, last_udp=2.16s, meas=1, tracks=1, valid=0, master=1049
[LIVE] udp=0.0/s, objs=0.0/s, last_udp=3.16s, meas=1, tracks=1, valid=0, master=1049
[LIVE] udp=0.0/s, objs=0.0/s, last_udp=4.16s, meas=1, tracks=1, valid=0, master=1049
[LIVE] udp=2.0/s, objs=2.0/s, last_udp=0.31s, meas=1, tracks=1, valid=0, master=1049
[GPS] GGA fix_quality=0, num_sats=00, hdop=9999.0, lat=0.0, lon=0.0
[LIVE] udp=0.0/s, objs=0.0/s, last_udp=1.31s, meas=1, tracks=1, valid=0, master=1049
[GPS] GGA fix_quality=0, num_sats=00, hdop=9999.0, lat=0.0, lon=0.0
[LIVE] udp=0.0/s, objs=0.0/s, last_udp=2.32s, meas=1, tracks=1, valid=0, master=1049
[GPS] GGA fix_quality=0, num_sats=00, hdop=9999.0, lat=0.0, lon=0.0
[LIVE] udp=2.0/s, objs=2.0/s, last_udp=0.41s, meas=1, tracks=1, valid=0, master=1049
[GPS] GGA fix_quality=0, num_sats=00, hdop=9999.0, lat=0.0, lon=0.0
[LIVE] udp=3.0/s, objs=3.0/s, last_udp=0.11s, meas=1, tracks=1, valid=1, master=1052
[GPS] GGA fix_quality=0, num_sats=00, hdop=9999.0, lat=0.0, lon=0.0
[LIVE] udp=1.0/s, objs=1.0/s, last_udp=0.18s, meas=1, tracks=1, valid=0, master=1052
[GPS] GGA fix_quality=0, num_sats=00, hdop=9999.0, lat=0.0, lon=0.0
[LIVE] udp=0.0/s, objs=0.0/s, last_udp=1.18s, meas=1, tracks=1, valid=0, master=1052
[LIVE] udp=3.0/s, objs=3.0/s, last_udp=0.20s, meas=1, tracks=1, valid=1, master=1054
[LIVE] udp=2.0/s, objs=2.0/s, last_udp=0.57s, meas=1, tracks=1, valid=1, master=1054
[LIVE] udp=2.0/s, objs=2.0/s, last_udp=0.26s, meas=1, tracks=1, valid=1, master=1054
[LIVE] udp=1.0/s, objs=1.0/s, last_udp=0.31s, meas=1, tracks=1, valid=0, master=1054
[GPS] GGA fix_quality=0, num_sats=00, hdop=9999.0, lat=0.0, lon=0.0
[LIVE] udp=2.0/s, objs=2.0/s, last_udp=0.69s, meas=1, tracks=1, valid=1, master=1055
[GPS] GGA fix_quality=0, num_sats=00, hdop=9999.0, lat=0.0, lon=0.0
[LIVE] udp=1.0/s, objs=1.0/s, last_udp=0.39s, meas=1, tracks=1, valid=0, master=1055
[GPS] GGA fix_quality=0, num_sats=00, hdop=9999.0, lat=0.0, lon=0.0
[LIVE] udp=2.0/s, objs=2.0/s, last_udp=0.14s, meas=1, tracks=1, valid=1, master=1056
[GPS] GGA fix_quality=0, num_sats=00, hdop=9999.0, lat=0.0, lon=0.0
[LIVE] udp=0.0/s, objs=0.0/s, last_udp=1.15s, meas=1, tracks=1, valid=1, master=1056
[GPS] GGA fix_quality=0, num_sats=00, hdop=9999.0, lat=0.0, lon=0.0
[LIVE] udp=0.0/s, objs=0.0/s, last_udp=2.15s, meas=1, tracks=1, valid=1, master=1056
[GPS] GGA fix_quality=0, num_sats=00, hdop=9999.0, lat=0.0, lon=0.0
[LIVE] udp=0.0/s, objs=0.0/s, last_udp=3.15s, meas=1, tracks=1, valid=1, master=1056
[LIVE] udp=0.0/s, objs=0.0/s, last_udp=4.15s, meas=1, tracks=1, valid=1, master=1056
[LIVE] udp=0.0/s, objs=0.0/s, last_udp=5.16s, meas=1, tracks=1, valid=1, master=1056
[LIVE] udp=2.0/s, objs=2.0/s, last_udp=0.00s, meas=1, tracks=1, valid=0, master=1056
[LIVE] udp=2.0/s, objs=2.0/s, last_udp=0.34s, meas=1, tracks=1, valid=1, master=1057
[GPS] GGA fix_quality=0, num_sats=00, hdop=9999.0, lat=0.0, lon=0.0
[LIVE] udp=1.0/s, objs=1.0/s, last_udp=0.04s, meas=1, tracks=1, valid=0, master=1057
[GPS] GGA fix_quality=0, num_sats=00, hdop=9999.0, lat=0.0, lon=0.0
[LIVE] udp=0.0/s, objs=0.0/s, last_udp=1.05s, meas=1, tracks=1, valid=0, master=1057
[GPS] GGA fix_quality=0, num_sats=00, hdop=9999.0, lat=0.0, lon=0.0
[LIVE] udp=1.0/s, objs=1.0/s, last_udp=0.78s, meas=1, tracks=1, valid=0, master=1057
[GPS] GGA fix_quality=0, num_sats=00, hdop=9999.0, lat=0.0, lon=0.0
[LIVE] udp=0.0/s, objs=0.0/s, last_udp=1.78s, meas=1, tracks=1, valid=0, master=1057
[GPS] GGA fix_quality=0, num_sats=00, hdop=9999.0, lat=0.0, lon=0.0
[LIVE] udp=0.0/s, objs=0.0/s, last_udp=2.78s, meas=1, tracks=1, valid=0, master=1057
[GPS] GGA fix_quality=0, num_sats=00, hdop=9999.0, lat=0.0, lon=0.0
[LIVE] udp=0.0/s, objs=0.0/s, last_udp=3.79s, meas=1, tracks=1, valid=0, master=1057
[LIVE] udp=1.0/s, objs=1.0/s, last_udp=0.60s, meas=1, tracks=1, valid=0, master=1057
[LIVE] udp=1.0/s, objs=1.0/s, last_udp=0.94s, meas=1, tracks=1, valid=0, master=1057
[LIVE] udp=1.0/s, objs=1.0/s, last_udp=0.28s, meas=1, tracks=1, valid=0, master=1057
[LIVE] udp=1.0/s, objs=1.0/s, last_udp=0.63s, meas=1, tracks=1, valid=0, master=1057
[GPS] GGA fix_quality=0, num_sats=00, hdop=9999.0, lat=0.0, lon=0.0
[LIVE] udp=1.0/s, objs=1.0/s, last_udp=0.37s, meas=1, tracks=1, valid=0, master=1057
[GPS] GGA fix_quality=0, num_sats=00, hdop=9999.0, lat=0.0, lon=0.0
[LIVE] udp=0.0/s, objs=0.0/s, last_udp=1.37s, meas=1, tracks=1, valid=0, master=1057
[GPS] GGA fix_quality=0, num_sats=00, hdop=9999.0, lat=0.0, lon=0.0
[LIVE] udp=0.0/s, objs=0.0/s, last_udp=2.38s, meas=1, tracks=1, valid=0, master=1057
[GPS] GGA fix_quality=0, num_sats=00, hdop=9999.0, lat=0.0, lon=0.0
[LIVE] udp=1.0/s, objs=1.0/s, last_udp=0.50s, meas=1, tracks=1, valid=0, master=1057
[GPS] GGA fix_quality=0, num_sats=00, hdop=9999.0, lat=0.0, lon=0.0
[LIVE] udp=2.0/s, objs=2.0/s, last_udp=0.53s, meas=1, tracks=1, valid=1, master=1063
[GPS] GGA fix_quality=0, num_sats=00, hdop=9999.0, lat=0.0, lon=0.0
[LIVE] udp=0.0/s, objs=0.0/s, last_udp=1.54s, meas=1, tracks=1, valid=1, master=1063
[LIVE] udp=0.0/s, objs=0.0/s, last_udp=2.54s, meas=1, tracks=1, valid=1, master=1063
[LIVE] udp=1.0/s, objs=1.0/s, last_udp=0.31s, meas=1, tracks=1, valid=0, master=1063
[LIVE] udp=0.0/s, objs=0.0/s, last_udp=1.32s, meas=1, tracks=1, valid=0, master=1063
[LIVE] udp=1.0/s, objs=1.0/s, last_udp=0.04s, meas=1, tracks=1, valid=0, master=1063
[GPS] GGA fix_quality=0, num_sats=00, hdop=9999.0, lat=0.0, lon=0.0
[LIVE] udp=0.0/s, objs=0.0/s, last_udp=1.04s, meas=1, tracks=1, valid=0, master=1063
[GPS] GGA fix_quality=0, num_sats=00, hdop=9999.0, lat=0.0, lon=0.0
[LIVE] udp=0.0/s, objs=0.0/s, last_udp=2.05s, meas=1, tracks=1, valid=0, master=1063
[GPS] GGA fix_quality=0, num_sats=00, hdop=9999.0, lat=0.0, lon=0.0
[LIVE] udp=2.0/s, objs=2.0/s, last_udp=0.44s, meas=1, tracks=1, valid=0, master=1063
[GPS] GGA fix_quality=0, num_sats=00, hdop=9999.0, lat=0.0, lon=0.0
[LIVE] udp=2.0/s, objs=2.0/s, last_udp=0.14s, meas=1, tracks=1, valid=0, master=1063
[GPS] GGA fix_quality=0, num_sats=00, hdop=9999.0, lat=0.0, lon=0.0
[LIVE] udp=1.0/s, objs=1.0/s, last_udp=0.15s, meas=1, tracks=1, valid=0, master=1063
[GPS] GGA fix_quality=0, num_sats=00, hdop=9999.0, lat=0.0, lon=0.0
[LIVE] udp=1.0/s, objs=1.0/s, last_udp=0.07s, meas=1, tracks=1, valid=0, master=1063
[LIVE] udp=2.0/s, objs=2.0/s, last_udp=0.22s, meas=1, tracks=1, valid=1, master=1069
[LIVE] udp=2.0/s, objs=2.0/s, last_udp=0.59s, meas=1, tracks=1, valid=1, master=1069
[LIVE] udp=0.0/s, objs=0.0/s, last_udp=1.59s, meas=1, tracks=1, valid=1, master=1069
[LIVE] udp=1.0/s, objs=1.0/s, last_udp=0.96s, meas=1, tracks=1, valid=0, master=1069
[GPS] GGA fix_quality=0, num_sats=00, hdop=9999.0, lat=0.0, lon=0.0
[LIVE] udp=1.0/s, objs=1.0/s, last_udp=0.29s, meas=1, tracks=1, valid=0, master=1069
[GPS] GGA fix_quality=0, num_sats=00, hdop=9999.0, lat=0.0, lon=0.0
[LIVE] udp=1.0/s, objs=1.0/s, last_udp=0.98s, meas=1, tracks=1, valid=0, master=1069
[GPS] GGA fix_quality=0, num_sats=00, hdop=9999.0, lat=0.0, lon=0.0
[LIVE] udp=0.0/s, objs=0.0/s, last_udp=1.99s, meas=1, tracks=1, valid=0, master=1069
[GPS] GGA fix_quality=0, num_sats=00, hdop=9999.0, lat=0.0, lon=0.0
[LIVE] udp=0.0/s, objs=0.0/s, last_udp=2.99s, meas=1, tracks=1, valid=0, master=1069
[GPS] GGA fix_quality=0, num_sats=00, hdop=9999.0, lat=0.0, lon=0.0
[LIVE] udp=1.0/s, objs=1.0/s, last_udp=0.73s, meas=1, tracks=1, valid=0, master=1069
[GPS] GGA fix_quality=0, num_sats=00, hdop=9999.0, lat=0.0, lon=0.0
[LIVE] udp=0.0/s, objs=0.0/s, last_udp=1.73s, meas=1, tracks=1, valid=0, master=1069
[LIVE] udp=1.0/s, objs=1.0/s, last_udp=0.80s, meas=1, tracks=1, valid=0, master=1069
[LIVE] udp=0.0/s, objs=0.0/s, last_udp=1.80s, meas=1, tracks=1, valid=0, master=1069
[LIVE] udp=2.0/s, objs=2.0/s, last_udp=0.25s, meas=1, tracks=1, valid=0, master=1069
[LIVE] udp=1.0/s, objs=1.0/s, last_udp=0.91s, meas=1, tracks=1, valid=1, master=1074
[GPS] GGA fix_quality=0, num_sats=00, hdop=9999.0, lat=0.0, lon=0.0
[LIVE] udp=3.0/s, objs=3.0/s, last_udp=0.30s, meas=1, tracks=1, valid=1, master=1075
[GPS] GGA fix_quality=0, num_sats=00, hdop=9999.0, lat=0.0, lon=0.0
[LIVE] udp=2.0/s, objs=2.0/s, last_udp=0.00s, meas=1, tracks=1, valid=0, master=1075
[GPS] GGA fix_quality=0, num_sats=00, hdop=9999.0, lat=0.0, lon=0.0
[LIVE] udp=0.0/s, objs=0.0/s, last_udp=1.00s, meas=1, tracks=1, valid=0, master=1075
[GPS] GGA fix_quality=0, num_sats=00, hdop=9999.0, lat=0.0, lon=0.0
[LIVE] udp=0.0/s, objs=0.0/s, last_udp=2.01s, meas=1, tracks=1, valid=0, master=1075
[GPS] GGA fix_quality=0, num_sats=00, hdop=9999.0, lat=0.0, lon=0.0
[LIVE] udp=0.0/s, objs=0.0/s, last_udp=3.01s, meas=1, tracks=1, valid=0, master=1075
[GPS] GGA fix_quality=0, num_sats=00, hdop=9999.0, lat=0.0, lon=0.0
[LIVE] udp=0.0/s, objs=0.0/s, last_udp=4.01s, meas=1, tracks=1, valid=0, master=1075
[LIVE] udp=0.0/s, objs=0.0/s, last_udp=5.02s, meas=1, tracks=1, valid=0, master=1075
[LIVE] udp=1.0/s, objs=1.0/s, last_udp=0.57s, meas=1, tracks=1, valid=0, master=1075
[LIVE] udp=1.0/s, objs=1.0/s, last_udp=0.31s, meas=1, tracks=1, valid=0, master=1075
[LIVE] udp=1.0/s, objs=1.0/s, last_udp=0.98s, meas=1, tracks=1, valid=0, master=1075
[GPS] GGA fix_quality=0, num_sats=00, hdop=9999.0, lat=0.0, lon=0.0
[LIVE] udp=3.0/s, objs=3.0/s, last_udp=0.01s, meas=1, tracks=1, valid=1, master=1079
[GPS] GGA fix_quality=0, num_sats=00, hdop=9999.0, lat=0.0, lon=0.0
[LIVE] udp=1.0/s, objs=1.0/s, last_udp=0.35s, meas=1, tracks=1, valid=1, master=1079
[GPS] GGA fix_quality=0, num_sats=00, hdop=9999.0, lat=0.0, lon=0.0
[LIVE] udp=1.0/s, objs=1.0/s, last_udp=0.41s, meas=1, tracks=1, valid=0, master=1079
[GPS] GGA fix_quality=0, num_sats=00, hdop=9999.0, lat=0.0, lon=0.0
[LIVE] udp=1.0/s, objs=1.0/s, last_udp=0.43s, meas=1, tracks=1, valid=0, master=1079
[GPS] GGA fix_quality=0, num_sats=00, hdop=9999.0, lat=0.0, lon=0.0
[LIVE] udp=2.0/s, objs=2.0/s, last_udp=0.46s, meas=1, tracks=1, valid=1, master=1081
[GPS] GGA fix_quality=0, num_sats=00, hdop=9999.0, lat=0.0, lon=0.0
[LIVE] udp=1.0/s, objs=1.0/s, last_udp=0.81s, meas=1, tracks=1, valid=1, master=1081
[LIVE] udp=1.0/s, objs=1.0/s, last_udp=0.20s, meas=1, tracks=1, valid=0, master=1081
[LIVE] udp=0.0/s, objs=0.0/s, last_udp=1.21s, meas=1, tracks=1, valid=0, master=1081
[LIVE] udp=0.0/s, objs=0.0/s, last_udp=2.21s, meas=1, tracks=1, valid=0, master=1081
[LIVE] udp=1.0/s, objs=1.0/s, last_udp=0.94s, meas=1, tracks=1, valid=0, master=1081
[GPS] GGA fix_quality=0, num_sats=00, hdop=9999.0, lat=0.0, lon=0.0
[LIVE] udp=2.0/s, objs=2.0/s, last_udp=0.01s, meas=1, tracks=1, valid=0, master=1081
[GPS] GGA fix_quality=0, num_sats=00, hdop=9999.0, lat=0.0, lon=0.0
[LIVE] udp=2.0/s, objs=2.0/s, last_udp=0.01s, meas=1, tracks=1, valid=1, master=1084
[GPS] GGA fix_quality=0, num_sats=00, hdop=9999.0, lat=0.0, lon=0.0
[LIVE] udp=1.0/s, objs=1.0/s, last_udp=0.69s, meas=1, tracks=1, valid=1, master=1084
[GPS] GGA fix_quality=0, num_sats=00, hdop=9999.0, lat=0.0, lon=0.0
[LIVE] udp=2.0/s, objs=2.0/s, last_udp=0.04s, meas=1, tracks=1, valid=0, master=1084
[GPS] GGA fix_quality=0, num_sats=00, hdop=9999.0, lat=0.0, lon=0.0
[LIVE] udp=1.0/s, objs=1.0/s, last_udp=0.08s, meas=1, tracks=1, valid=0, master=1084
[GPS] GGA fix_quality=0, num_sats=00, hdop=9999.0, lat=0.0, lon=0.0
[LIVE] udp=1.0/s, objs=1.0/s, last_udp=0.12s, meas=1, tracks=1, valid=0, master=1084
[LIVE] udp=0.0/s, objs=0.0/s, last_udp=1.13s, meas=1, tracks=1, valid=0, master=1084
[LIVE] udp=0.0/s, objs=0.0/s, last_udp=2.13s, meas=1, tracks=1, valid=0, master=1084
[LIVE] udp=0.0/s, objs=0.0/s, last_udp=3.14s, meas=1, tracks=1, valid=0, master=1084
[LIVE] udp=0.0/s, objs=0.0/s, last_udp=4.14s, meas=1, tracks=1, valid=0, master=1084
[GPS] GGA fix_quality=0, num_sats=00, hdop=9999.0, lat=0.0, lon=0.0
[LIVE] udp=0.0/s, objs=0.0/s, last_udp=5.15s, meas=1, tracks=1, valid=0, master=1084
[GPS] GGA fix_quality=0, num_sats=00, hdop=9999.0, lat=0.0, lon=0.0
[LIVE] udp=0.0/s, objs=0.0/s, last_udp=6.15s, meas=1, tracks=1, valid=0, master=1084
[GPS] GGA fix_quality=0, num_sats=00, hdop=9999.0, lat=0.0, lon=0.0
[LIVE] udp=2.0/s, objs=2.0/s, last_udp=0.10s, meas=1, tracks=1, valid=0, master=1084
[GPS] GGA fix_quality=0, num_sats=00, hdop=9999.0, lat=0.0, lon=0.0
[LIVE] udp=1.0/s, objs=1.0/s, last_udp=0.68s, meas=1, tracks=1, valid=0, master=1084
[GPS] GGA fix_quality=0, num_sats=00, hdop=9999.0, lat=0.0, lon=0.0
[LIVE] udp=0.0/s, objs=0.0/s, last_udp=1.69s, meas=1, tracks=1, valid=0, master=1084
[GPS] GGA fix_quality=0, num_sats=00, hdop=9999.0, lat=0.0, lon=0.0
[LIVE] udp=1.0/s, objs=1.0/s, last_udp=0.22s, meas=1, tracks=1, valid=0, master=1084
[LIVE] udp=3.0/s, objs=3.0/s, last_udp=0.28s, meas=1, tracks=1, valid=1, master=1090
[LIVE] udp=0.0/s, objs=0.0/s, last_udp=1.28s, meas=1, tracks=1, valid=1, master=1090
[LIVE] udp=0.0/s, objs=0.0/s, last_udp=2.28s, meas=1, tracks=1, valid=1, master=1090
[LIVE] udp=2.0/s, objs=2.0/s, last_udp=0.11s, meas=1, tracks=1, valid=0, master=1090
[GPS] GGA fix_quality=0, num_sats=00, hdop=9999.0, lat=0.0, lon=0.0
[LIVE] udp=3.0/s, objs=3.0/s, last_udp=0.16s, meas=1, tracks=1, valid=1, master=1091
[GPS] GGA fix_quality=0, num_sats=00, hdop=9999.0, lat=0.0, lon=0.0
[LIVE] udp=2.0/s, objs=2.0/s, last_udp=0.23s, meas=1, tracks=1, valid=1, master=1091
[GPS] GGA fix_quality=0, num_sats=00, hdop=9999.0, lat=0.0, lon=0.0
[LIVE] udp=1.0/s, objs=1.0/s, last_udp=0.32s, meas=1, tracks=1, valid=0, master=1091
[GPS] GGA fix_quality=0, num_sats=00, hdop=9999.0, lat=0.0, lon=0.0
[LIVE] udp=2.0/s, objs=2.0/s, last_udp=0.04s, meas=1, tracks=1, valid=1, master=1092
[GPS] GGA fix_quality=0, num_sats=00, hdop=9999.0, lat=0.0, lon=0.0
[LIVE] udp=1.0/s, objs=1.0/s, last_udp=0.74s, meas=1, tracks=1, valid=1, master=1092
[GPS] GGA fix_quality=0, num_sats=00, hdop=9999.0, lat=0.0, lon=0.0
[LIVE] udp=1.0/s, objs=1.0/s, last_udp=0.13s, meas=1, tracks=1, valid=0, master=1092
[LIVE] udp=0.0/s, objs=0.0/s, last_udp=1.13s, meas=1, tracks=1, valid=0, master=1092
[LIVE] udp=3.0/s, objs=3.0/s, last_udp=0.22s, meas=1, tracks=1, valid=1, master=1094
[LIVE] udp=2.0/s, objs=2.0/s, last_udp=0.24s, meas=1, tracks=1, valid=1, master=1094
[LIVE] udp=0.0/s, objs=0.0/s, last_udp=1.24s, meas=1, tracks=1, valid=1, master=1094
[GPS] GGA fix_quality=0, num_sats=00, hdop=9999.0, lat=0.0, lon=0.0
[LIVE] udp=0.0/s, objs=0.0/s, last_udp=2.24s, meas=1, tracks=1, valid=1, master=1094
[GPS] GGA fix_quality=0, num_sats=00, hdop=9999.0, lat=0.0, lon=0.0
[LIVE] udp=0.0/s, objs=0.0/s, last_udp=3.25s, meas=1, tracks=1, valid=1, master=1094
[GPS] GGA fix_quality=0, num_sats=00, hdop=9999.0, lat=0.0, lon=0.0
[LIVE] udp=0.0/s, objs=0.0/s, last_udp=4.25s, meas=1, tracks=1, valid=1, master=1094
[GPS] GGA fix_quality=0, num_sats=00, hdop=9999.0, lat=0.0, lon=0.0
[LIVE] udp=0.0/s, objs=0.0/s, last_udp=5.25s, meas=1, tracks=1, valid=1, master=1094
[GPS] GGA fix_quality=0, num_sats=00, hdop=9999.0, lat=0.0, lon=0.0
[LIVE] udp=0.0/s, objs=0.0/s, last_udp=6.25s, meas=1, tracks=1, valid=1, master=1094
[GPS] GGA fix_quality=0, num_sats=00, hdop=9999.0, lat=0.0, lon=0.0
[LIVE] udp=0.0/s, objs=0.0/s, last_udp=7.25s, meas=1, tracks=1, valid=1, master=1094
[LIVE] udp=3.0/s, objs=3.0/s, last_udp=0.01s, meas=1, tracks=1, valid=1, master=1095
[LIVE] udp=3.0/s, objs=3.0/s, last_udp=0.03s, meas=1, tracks=1, valid=1, master=1095
[LIVE] udp=3.0/s, objs=3.0/s, last_udp=0.08s, meas=1, tracks=1, valid=1, master=1095
[LIVE] udp=3.0/s, objs=3.0/s, last_udp=0.11s, meas=1, tracks=1, valid=1, master=1095
[GPS] GGA fix_quality=0, num_sats=00, hdop=9999.0, lat=0.0, lon=0.0
[LIVE] udp=0.0/s, objs=0.0/s, last_udp=1.12s, meas=1, tracks=1, valid=1, master=1095
[GPS] GGA fix_quality=0, num_sats=00, hdop=9999.0, lat=0.0, lon=0.0
[LIVE] udp=2.0/s, objs=2.0/s, last_udp=0.19s, meas=1, tracks=1, valid=0, master=1095
[GPS] GGA fix_quality=0, num_sats=00, hdop=9999.0, lat=0.0, lon=0.0
[LIVE] udp=1.0/s, objs=1.0/s, last_udp=0.21s, meas=1, tracks=1, valid=0, master=1095
[GPS] GGA fix_quality=0, num_sats=00, hdop=9999.0, lat=0.0, lon=0.0
[LIVE] udp=2.0/s, objs=2.0/s, last_udp=0.29s, meas=1, tracks=1, valid=1, master=1097
[GPS] GGA fix_quality=0, num_sats=00, hdop=9999.0, lat=0.0, lon=0.0
[LIVE] udp=0.0/s, objs=0.0/s, last_udp=1.29s, meas=1, tracks=1, valid=1, master=1097
[GPS] GGA fix_quality=0, num_sats=00, hdop=9999.0, lat=0.0, lon=0.0
[LIVE] udp=0.0/s, objs=0.0/s, last_udp=2.29s, meas=1, tracks=1, valid=1, master=1097
[LIVE] udp=0.0/s, objs=0.0/s, last_udp=3.29s, meas=1, tracks=1, valid=1, master=1097
[LIVE] udp=2.0/s, objs=2.0/s, last_udp=0.51s, meas=1, tracks=1, valid=0, master=1097
[LIVE] udp=0.0/s, objs=0.0/s, last_udp=1.52s, meas=1, tracks=1, valid=0, master=1097
[LIVE] udp=0.0/s, objs=0.0/s, last_udp=2.52s, meas=1, tracks=1, valid=0, master=1097
[GPS] GGA fix_quality=0, num_sats=00, hdop=9999.0, lat=0.0, lon=0.0
[LIVE] udp=2.0/s, objs=2.0/s, last_udp=0.03s, meas=1, tracks=1, valid=0, master=1097
[GPS] GGA fix_quality=0, num_sats=00, hdop=9999.0, lat=0.0, lon=0.0
[LIVE] udp=1.0/s, objs=1.0/s, last_udp=0.72s, meas=1, tracks=1, valid=0, master=1097
[GPS] GGA fix_quality=0, num_sats=00, hdop=9999.0, lat=0.0, lon=0.0
[LIVE] udp=1.0/s, objs=1.0/s, last_udp=0.75s, meas=1, tracks=1, valid=0, master=1097
[GPS] GGA fix_quality=0, num_sats=00, hdop=9999.0, lat=0.0, lon=0.0
[LIVE] udp=1.0/s, objs=1.0/s, last_udp=0.02s, meas=1, tracks=1, valid=0, master=1097
[GPS] GGA fix_quality=0, num_sats=00, hdop=9999.0, lat=0.0, lon=0.0
[LIVE] udp=2.0/s, objs=2.0/s, last_udp=0.17s, meas=1, tracks=1, valid=1, master=1102
[GPS] GGA fix_quality=0, num_sats=00, hdop=9999.0, lat=0.0, lon=0.0
[LIVE] udp=2.0/s, objs=2.0/s, last_udp=0.25s, meas=1, tracks=1, valid=1, master=1102
[LIVE] udp=0.0/s, objs=0.0/s, last_udp=1.25s, meas=1, tracks=1, valid=1, master=1102
[LIVE] udp=2.0/s, objs=2.0/s, last_udp=0.32s, meas=1, tracks=1, valid=0, master=1102
[LIVE] udp=0.0/s, objs=0.0/s, last_udp=1.33s, meas=1, tracks=1, valid=0, master=1102
[LIVE] udp=2.0/s, objs=2.0/s, last_udp=0.08s, meas=1, tracks=2, valid=0, master=1102
[GPS] GGA fix_quality=0, num_sats=00, hdop=9999.0, lat=0.0, lon=0.0
[LIVE] udp=3.0/s, objs=3.0/s, last_udp=0.16s, meas=1, tracks=2, valid=0, master=1102
[GPS] GGA fix_quality=0, num_sats=00, hdop=9999.0, lat=0.0, lon=0.0
[LIVE] udp=0.0/s, objs=0.0/s, last_udp=1.16s, meas=1, tracks=2, valid=0, master=1102
[GPS] GGA fix_quality=0, num_sats=00, hdop=9999.0, lat=0.0, lon=0.0
[LIVE] udp=2.0/s, objs=2.0/s, last_udp=0.27s, meas=1, tracks=1, valid=0, master=1102
[GPS] GGA fix_quality=0, num_sats=00, hdop=9999.0, lat=0.0, lon=0.0
[LIVE] udp=0.0/s, objs=0.0/s, last_udp=1.27s, meas=1, tracks=1, valid=0, master=1102
[GPS] GGA fix_quality=0, num_sats=00, hdop=9999.0, lat=0.0, lon=0.0
[LIVE] udp=0.0/s, objs=0.0/s, last_udp=2.28s, meas=1, tracks=1, valid=0, master=1102
[GPS] GGA fix_quality=0, num_sats=00, hdop=9999.0, lat=0.0, lon=0.0
[LIVE] udp=1.0/s, objs=1.0/s, last_udp=0.09s, meas=1, tracks=1, valid=0, master=1102
[LIVE] udp=0.0/s, objs=0.0/s, last_udp=1.09s, meas=1, tracks=1, valid=0, master=1102
[LIVE] udp=0.0/s, objs=0.0/s, last_udp=2.09s, meas=1, tracks=1, valid=0, master=1102
[LIVE] udp=0.0/s, objs=0.0/s, last_udp=3.10s, meas=1, tracks=1, valid=0, master=1102
[LIVE] udp=1.0/s, objs=1.0/s, last_udp=0.26s, meas=1, tracks=1, valid=0, master=1102
[GPS] GGA fix_quality=0, num_sats=00, hdop=9999.0, lat=0.0, lon=0.0
[LIVE] udp=1.0/s, objs=1.0/s, last_udp=0.02s, meas=1, tracks=1, valid=0, master=1102
[GPS] GGA fix_quality=0, num_sats=00, hdop=9999.0, lat=0.0, lon=0.0
[LIVE] udp=3.0/s, objs=3.0/s, last_udp=0.05s, meas=1, tracks=1, valid=1, master=1110
[GPS] GGA fix_quality=0, num_sats=00, hdop=9999.0, lat=0.0, lon=0.0
[LIVE] udp=2.0/s, objs=2.0/s, last_udp=0.40s, meas=1, tracks=1, valid=1, master=1110
[GPS] GGA fix_quality=0, num_sats=00, hdop=9999.0, lat=0.0, lon=0.0
[LIVE] udp=3.0/s, objs=3.0/s, last_udp=0.16s, meas=1, tracks=1, valid=1, master=1110
[GPS] GGA fix_quality=0, num_sats=00, hdop=9999.0, lat=0.0, lon=0.0
[LIVE] udp=1.0/s, objs=1.0/s, last_udp=0.83s, meas=1, tracks=1, valid=1, master=1110
[GPS] GGA fix_quality=0, num_sats=00, hdop=9999.0, lat=0.0, lon=0.0
[LIVE] udp=1.0/s, objs=1.0/s, last_udp=0.24s, meas=1, tracks=1, valid=0, master=1110
[LIVE] udp=0.0/s, objs=0.0/s, last_udp=1.24s, meas=1, tracks=1, valid=0, master=1110
[LIVE] udp=2.0/s, objs=2.0/s, last_udp=0.00s, meas=1, tracks=1, valid=0, master=1110
[LIVE] udp=1.0/s, objs=1.0/s, last_udp=0.03s, meas=1, tracks=1, valid=0, master=1110
[LIVE] udp=1.0/s, objs=1.0/s, last_udp=0.73s, meas=1, tracks=1, valid=0, master=1110
[GPS] GGA fix_quality=0, num_sats=00, hdop=9999.0, lat=0.0, lon=0.0
[LIVE] udp=0.0/s, objs=0.0/s, last_udp=1.73s, meas=1, tracks=1, valid=0, master=1110
[GPS] GGA fix_quality=0, num_sats=00, hdop=9999.0, lat=0.0, lon=0.0
[LIVE] udp=2.0/s, objs=2.0/s, last_udp=0.21s, meas=1, tracks=1, valid=0, master=1110
[GPS] GGA fix_quality=0, num_sats=00, hdop=9999.0, lat=0.0, lon=0.0
[LIVE] udp=1.0/s, objs=1.0/s, last_udp=0.59s, meas=1, tracks=1, valid=1, master=1114
[GPS] GGA fix_quality=0, num_sats=00, hdop=9999.0, lat=0.0, lon=0.0
[LIVE] udp=1.0/s, objs=1.0/s, last_udp=0.97s, meas=1, tracks=1, valid=1, master=1114
[GPS] GGA fix_quality=0, num_sats=00, hdop=9999.0, lat=0.0, lon=0.0
[LIVE] udp=1.0/s, objs=1.0/s, last_udp=0.68s, meas=1, tracks=1, valid=0, master=1114
[GPS] GGA fix_quality=0, num_sats=00, hdop=9999.0, lat=0.0, lon=0.0
[LIVE] udp=2.0/s, objs=2.0/s, last_udp=0.06s, meas=1, tracks=1, valid=0, master=1114
[LIVE] udp=2.0/s, objs=2.0/s, last_udp=0.13s, meas=1, tracks=1, valid=1, master=1116
[LIVE] udp=3.0/s, objs=3.0/s, last_udp=0.18s, meas=1, tracks=1, valid=1, master=1116
[LIVE] udp=1.0/s, objs=1.0/s, last_udp=0.26s, meas=1, tracks=1, valid=0, master=1116
[LIVE] udp=1.0/s, objs=1.0/s, last_udp=0.27s, meas=1, tracks=1, valid=0, master=1116
[GPS] GGA fix_quality=0, num_sats=00, hdop=9999.0, lat=0.0, lon=0.0
[LIVE] udp=3.0/s, objs=3.0/s, last_udp=0.33s, meas=1, tracks=1, valid=1, master=1118
[GPS] GGA fix_quality=0, num_sats=00, hdop=9999.0, lat=0.0, lon=0.0
[LIVE] udp=2.0/s, objs=2.0/s, last_udp=0.07s, meas=1, tracks=1, valid=0, master=1118
[GPS] GGA fix_quality=0, num_sats=00, hdop=9999.0, lat=0.0, lon=0.0
[LIVE] udp=3.0/s, objs=3.0/s, last_udp=0.08s, meas=1, tracks=1, valid=1, master=1119
[GPS] GGA fix_quality=0, num_sats=00, hdop=9999.0, lat=0.0, lon=0.0
[LIVE] udp=2.0/s, objs=2.0/s, last_udp=0.44s, meas=1, tracks=1, valid=1, master=1119
[GPS] GGA fix_quality=0, num_sats=00, hdop=9999.0, lat=0.0, lon=0.0
[LIVE] udp=2.0/s, objs=2.0/s, last_udp=0.48s, meas=1, tracks=1, valid=1, master=1119
[GPS] GGA fix_quality=0, num_sats=00, hdop=9999.0, lat=0.0, lon=0.0
[LIVE] udp=1.0/s, objs=1.0/s, last_udp=0.17s, meas=1, tracks=1, valid=0, master=1119
[LIVE] udp=1.0/s, objs=1.0/s, last_udp=0.84s, meas=1, tracks=1, valid=0, master=1119
[LIVE] udp=0.0/s, objs=0.0/s, last_udp=1.84s, meas=1, tracks=1, valid=0, master=1119
[LIVE] udp=0.0/s, objs=0.0/s, last_udp=2.85s, meas=1, tracks=1, valid=0, master=1119
[LIVE] udp=1.0/s, objs=1.0/s, last_udp=0.64s, meas=1, tracks=1, valid=0, master=1119
[GPS] GGA fix_quality=0, num_sats=00, hdop=9999.0, lat=0.0, lon=0.0
[LIVE] udp=1.0/s, objs=1.0/s, last_udp=0.10s, meas=1, tracks=1, valid=0, master=1119
[GPS] GGA fix_quality=0, num_sats=00, hdop=9999.0, lat=0.0, lon=0.0
[LIVE] udp=0.0/s, objs=0.0/s, last_udp=1.11s, meas=1, tracks=1, valid=0, master=1119
[GPS] GGA fix_quality=0, num_sats=00, hdop=9999.0, lat=0.0, lon=0.0
[LIVE] udp=2.0/s, objs=2.0/s, last_udp=0.19s, meas=1, tracks=1, valid=0, master=1119
[GPS] GGA fix_quality=0, num_sats=00, hdop=9999.0, lat=0.0, lon=0.0
[LIVE] udp=1.0/s, objs=1.0/s, last_udp=0.26s, meas=1, tracks=1, valid=0, master=1119
[GPS] GGA fix_quality=0, num_sats=00, hdop=9999.0, lat=0.0, lon=0.0
[LIVE] udp=3.0/s, objs=3.0/s, last_udp=0.30s, meas=1, tracks=1, valid=1, master=1124
[GPS] GGA fix_quality=0, num_sats=00, hdop=9999.0, lat=0.0, lon=0.0
[LIVE] udp=3.0/s, objs=3.0/s, last_udp=0.31s, meas=1, tracks=1, valid=1, master=1124
[LIVE] udp=2.0/s, objs=2.0/s, last_udp=0.05s, meas=1, tracks=1, valid=1, master=1124
[LIVE] udp=2.0/s, objs=2.0/s, last_udp=0.40s, meas=1, tracks=1, valid=1, master=1124
[LIVE] udp=0.0/s, objs=0.0/s, last_udp=1.41s, meas=1, tracks=1, valid=1, master=1124
[LIVE] udp=1.0/s, objs=1.0/s, last_udp=0.45s, meas=1, tracks=1, valid=0, master=1124
[GPS] GGA fix_quality=0, num_sats=00, hdop=9999.0, lat=0.0, lon=0.0
[LIVE] udp=0.0/s, objs=0.0/s, last_udp=1.45s, meas=1, tracks=1, valid=0, master=1124
[GPS] GGA fix_quality=0, num_sats=00, hdop=9999.0, lat=0.0, lon=0.0
[LIVE] udp=0.0/s, objs=0.0/s, last_udp=2.46s, meas=1, tracks=1, valid=0, master=1124
[GPS] GGA fix_quality=0, num_sats=00, hdop=9999.0, lat=0.0, lon=0.0
[LIVE] udp=0.0/s, objs=0.0/s, last_udp=3.46s, meas=1, tracks=1, valid=0, master=1124
[GPS] GGA fix_quality=0, num_sats=00, hdop=9999.0, lat=0.0, lon=0.0
[LIVE] udp=0.0/s, objs=0.0/s, last_udp=4.46s, meas=1, tracks=1, valid=0, master=1124
[GPS] GGA fix_quality=0, num_sats=00, hdop=9999.0, lat=0.0, lon=0.0
[LIVE] udp=1.0/s, objs=1.0/s, last_udp=0.68s, meas=1, tracks=1, valid=0, master=1124
[GPS] GGA fix_quality=0, num_sats=00, hdop=9999.0, lat=0.0, lon=0.0
[LIVE] udp=0.0/s, objs=0.0/s, last_udp=1.68s, meas=1, tracks=1, valid=0, master=1124
[LIVE] udp=1.0/s, objs=1.0/s, last_udp=0.74s, meas=1, tracks=1, valid=0, master=1124
[LIVE] udp=0.0/s, objs=0.0/s, last_udp=1.75s, meas=1, tracks=1, valid=0, master=1124
[LIVE] udp=1.0/s, objs=1.0/s, last_udp=0.20s, meas=1, tracks=1, valid=0, master=1124
[LIVE] udp=1.0/s, objs=1.0/s, last_udp=0.56s, meas=1, tracks=1, valid=0, master=1124
[GPS] GGA fix_quality=0, num_sats=00, hdop=9999.0, lat=0.0, lon=0.0
[LIVE] udp=0.0/s, objs=0.0/s, last_udp=1.56s, meas=1, tracks=1, valid=0, master=1124
[GPS] GGA fix_quality=0, num_sats=00, hdop=9999.0, lat=0.0, lon=0.0
[LIVE] udp=3.0/s, objs=3.0/s, last_udp=0.30s, meas=1, tracks=1, valid=1, master=1129
[GPS] GGA fix_quality=0, num_sats=00, hdop=9999.0, lat=0.0, lon=0.0
[LIVE] udp=0.0/s, objs=0.0/s, last_udp=1.30s, meas=1, tracks=1, valid=1, master=1129
[GPS] GGA fix_quality=0, num_sats=00, hdop=9999.0, lat=0.0, lon=0.0
[LIVE] udp=1.0/s, objs=1.0/s, last_udp=0.39s, meas=1, tracks=1, valid=0, master=1129
[GPS] GGA fix_quality=0, num_sats=00, hdop=9999.0, lat=0.0, lon=0.0
[LIVE] udp=1.0/s, objs=1.0/s, last_udp=0.73s, meas=1, tracks=1, valid=0, master=1129
[GPS] GGA fix_quality=0, num_sats=00, hdop=9999.0, lat=0.0, lon=0.0
[LIVE] udp=0.0/s, objs=0.0/s, last_udp=1.73s, meas=1, tracks=1, valid=0, master=1129
[LIVE] udp=0.0/s, objs=0.0/s, last_udp=2.73s, meas=1, tracks=1, valid=0, master=1129
[LIVE] udp=0.0/s, objs=0.0/s, last_udp=3.74s, meas=1, tracks=1, valid=0, master=1129
[LIVE] udp=1.0/s, objs=1.0/s, last_udp=0.60s, meas=1, tracks=1, valid=0, master=1129
[LIVE] udp=0.0/s, objs=0.0/s, last_udp=1.61s, meas=1, tracks=1, valid=0, master=1129
[GPS] GGA fix_quality=0, num_sats=00, hdop=9999.0, lat=0.0, lon=0.0
[LIVE] udp=3.0/s, objs=3.0/s, last_udp=0.08s, meas=1, tracks=1, valid=1, master=1132
[GPS] GGA fix_quality=0, num_sats=00, hdop=9999.0, lat=0.0, lon=0.0
[LIVE] udp=3.0/s, objs=3.0/s, last_udp=0.15s, meas=1, tracks=1, valid=1, master=1132
[GPS] GGA fix_quality=0, num_sats=00, hdop=9999.0, lat=0.0, lon=0.0
[LIVE] udp=1.0/s, objs=1.0/s, last_udp=0.83s, meas=1, tracks=1, valid=1, master=1132
[GPS] GGA fix_quality=0, num_sats=00, hdop=9999.0, lat=0.0, lon=0.0
[LIVE] udp=2.0/s, objs=2.0/s, last_udp=0.23s, meas=1, tracks=1, valid=0, master=1132
[GPS] GGA fix_quality=0, num_sats=00, hdop=9999.0, lat=0.0, lon=0.0
[LIVE] udp=3.0/s, objs=3.0/s, last_udp=0.31s, meas=1, tracks=1, valid=1, master=1133
[GPS] GGA fix_quality=0, num_sats=00, hdop=9999.0, lat=0.0, lon=0.0
[LIVE] udp=1.0/s, objs=1.0/s, last_udp=0.98s, meas=1, tracks=1, valid=1, master=1133
[LIVE] udp=1.0/s, objs=1.0/s, last_udp=0.10s, meas=1, tracks=1, valid=0, master=1133
[LIVE] udp=0.0/s, objs=0.0/s, last_udp=1.10s, meas=1, tracks=1, valid=0, master=1133
[LIVE] udp=1.0/s, objs=1.0/s, last_udp=0.20s, meas=1, tracks=1, valid=0, master=1133
[LIVE] udp=0.0/s, objs=0.0/s, last_udp=1.21s, meas=1, tracks=1, valid=0, master=1133
[GPS] GGA fix_quality=0, num_sats=00, hdop=9999.0, lat=0.0, lon=0.0
[LIVE] udp=3.0/s, objs=3.0/s, last_udp=0.01s, meas=1, tracks=1, valid=1, master=1136
[GPS] GGA fix_quality=0, num_sats=00, hdop=9999.0, lat=0.0, lon=0.0
[LIVE] udp=2.0/s, objs=2.0/s, last_udp=0.36s, meas=1, tracks=1, valid=1, master=1136
[GPS] GGA fix_quality=0, num_sats=00, hdop=9999.0, lat=0.0, lon=0.0
[LIVE] udp=2.0/s, objs=2.0/s, last_udp=0.06s, meas=1, tracks=1, valid=1, master=1136
[GPS] GGA fix_quality=0, num_sats=00, hdop=9999.0, lat=0.0, lon=0.0
[LIVE] udp=3.0/s, objs=3.0/s, last_udp=0.11s, meas=1, tracks=1, valid=1, master=1136
[GPS] GGA fix_quality=0, num_sats=00, hdop=9999.0, lat=0.0, lon=0.0
[LIVE] udp=2.0/s, objs=2.0/s, last_udp=0.49s, meas=1, tracks=1, valid=1, master=1136
[GPS] GGA fix_quality=0, num_sats=00, hdop=9999.0, lat=0.0, lon=0.0
[LIVE] udp=1.0/s, objs=1.0/s, last_udp=0.21s, meas=1, tracks=1, valid=0, master=1136
[LIVE] udp=2.0/s, objs=2.0/s, last_udp=0.28s, meas=1, tracks=1, valid=1, master=1137
[LIVE] udp=1.0/s, objs=1.0/s, last_udp=0.94s, meas=1, tracks=1, valid=1, master=1137
[LIVE] udp=2.0/s, objs=2.0/s, last_udp=0.01s, meas=1, tracks=1, valid=0, master=1137
[LIVE] udp=1.0/s, objs=1.0/s, last_udp=0.36s, meas=1, tracks=1, valid=0, master=1137
[GPS] GGA fix_quality=0, num_sats=00, hdop=9999.0, lat=0.0, lon=0.0
[LIVE] udp=3.0/s, objs=3.0/s, last_udp=0.06s, meas=1, tracks=1, valid=1, master=1139
[GPS] GGA fix_quality=0, num_sats=00, hdop=9999.0, lat=0.0, lon=0.0
[LIVE] udp=3.0/s, objs=3.0/s, last_udp=0.10s, meas=1, tracks=1, valid=1, master=1139
[GPS] GGA fix_quality=0, num_sats=00, hdop=9999.0, lat=0.0, lon=0.0
[LIVE] udp=1.0/s, objs=1.0/s, last_udp=0.79s, meas=1, tracks=1, valid=1, master=1139
[GPS] GGA fix_quality=0, num_sats=00, hdop=9999.0, lat=0.0, lon=0.0
[LIVE] udp=1.0/s, objs=1.0/s, last_udp=0.87s, meas=1, tracks=1, valid=0, master=1139
[GPS] GGA fix_quality=0, num_sats=00, hdop=9999.0, lat=0.0, lon=0.0
[LIVE] udp=2.0/s, objs=2.0/s, last_udp=0.60s, meas=1, tracks=1, valid=0, master=1139
[GPS] GGA fix_quality=0, num_sats=00, hdop=9999.0, lat=0.0, lon=0.0
[LIVE] udp=3.0/s, objs=3.0/s, last_udp=0.04s, meas=1, tracks=1, valid=1, master=1142
[LIVE] udp=2.0/s, objs=2.0/s, last_udp=0.07s, meas=1, tracks=1, valid=1, master=1142
[LIVE] udp=2.0/s, objs=2.0/s, last_udp=0.09s, meas=1, tracks=1, valid=1, master=1142
[LIVE] udp=3.0/s, objs=3.0/s, last_udp=0.13s, meas=1, tracks=1, valid=1, master=1142
[LIVE] udp=2.0/s, objs=2.0/s, last_udp=0.14s, meas=1, tracks=1, valid=1, master=1142
[GPS] GGA fix_quality=0, num_sats=00, hdop=9999.0, lat=0.0, lon=0.0
[LIVE] udp=2.0/s, objs=2.0/s, last_udp=0.21s, meas=1, tracks=1, valid=1, master=1142
[GPS] GGA fix_quality=0, num_sats=00, hdop=9999.0, lat=0.0, lon=0.0
[LIVE] udp=3.0/s, objs=3.0/s, last_udp=0.21s, meas=1, tracks=1, valid=1, master=1142
[GPS] GGA fix_quality=0, num_sats=00, hdop=9999.0, lat=0.0, lon=0.0
[LIVE] udp=2.0/s, objs=2.0/s, last_udp=0.25s, meas=1, tracks=1, valid=1, master=1142
[GPS] GGA fix_quality=0, num_sats=00, hdop=9999.0, lat=0.0, lon=0.0
[LIVE] udp=2.0/s, objs=2.0/s, last_udp=0.61s, meas=1, tracks=1, valid=1, master=1142
[GPS] GGA fix_quality=0, num_sats=00, hdop=9999.0, lat=0.0, lon=0.0
[LIVE] udp=3.0/s, objs=3.0/s, last_udp=0.31s, meas=1, tracks=1, valid=1, master=1142
[GPS] GGA fix_quality=0, num_sats=00, hdop=9999.0, lat=0.0, lon=0.0
[LIVE] udp=3.0/s, objs=3.0/s, last_udp=0.23s, meas=1, tracks=1, valid=1, master=1142
[LIVE] udp=1.0/s, objs=1.0/s, last_udp=0.68s, meas=1, tracks=1, valid=1, master=1142
[LIVE] udp=2.0/s, objs=2.0/s, last_udp=0.38s, meas=1, tracks=1, valid=0, master=1142
[LIVE] udp=2.0/s, objs=2.0/s, last_udp=0.39s, meas=1, tracks=1, valid=1, master=1143
[LIVE] udp=2.0/s, objs=2.0/s, last_udp=0.09s, meas=1, tracks=1, valid=1, master=1143
[GPS] GGA fix_quality=0, num_sats=00, hdop=9999.0, lat=0.0, lon=0.0
[LIVE] udp=2.0/s, objs=2.0/s, last_udp=0.13s, meas=1, tracks=1, valid=1, master=1143
[GPS] GGA fix_quality=0, num_sats=00, hdop=9999.0, lat=0.0, lon=0.0
[LIVE] udp=3.0/s, objs=3.0/s, last_udp=0.06s, meas=1, tracks=1, valid=1, master=1143
[GPS] GGA fix_quality=0, num_sats=00, hdop=9999.0, lat=0.0, lon=0.0
[LIVE] udp=3.0/s, objs=3.0/s, last_udp=0.08s, meas=1, tracks=1, valid=1, master=1143
[GPS] GGA fix_quality=0, num_sats=00, hdop=9999.0, lat=0.0, lon=0.0
[LIVE] udp=2.0/s, objs=2.0/s, last_udp=0.21s, meas=1, tracks=1, valid=1, master=1143
[GPS] GGA fix_quality=0, num_sats=00, hdop=9999.0, lat=0.0, lon=0.0
[LIVE] udp=2.0/s, objs=2.0/s, last_udp=0.47s, meas=1, tracks=1, valid=1, master=1143
[GPS] GGA fix_quality=0, num_sats=00, hdop=9999.0, lat=0.0, lon=0.0
[LIVE] udp=3.0/s, objs=3.0/s, last_udp=0.01s, meas=1, tracks=1, valid=1, master=1143
[LIVE] udp=1.0/s, objs=1.0/s, last_udp=0.68s, meas=1, tracks=1, valid=1, master=1143
[LIVE] udp=3.0/s, objs=3.0/s, last_udp=0.05s, meas=1, tracks=1, valid=1, master=1144
[LIVE] udp=3.0/s, objs=3.0/s, last_udp=0.09s, meas=1, tracks=1, valid=1, master=1144
[LIVE] udp=2.0/s, objs=2.0/s, last_udp=0.16s, meas=1, tracks=1, valid=1, master=1144
[GPS] GGA fix_quality=0, num_sats=00, hdop=9999.0, lat=0.0, lon=0.0
[LIVE] udp=1.0/s, objs=1.0/s, last_udp=0.23s, meas=1, tracks=1, valid=0, master=1144
[GPS] GGA fix_quality=0, num_sats=00, hdop=9999.0, lat=0.0, lon=0.0
[LIVE] udp=3.0/s, objs=3.0/s, last_udp=0.27s, meas=1, tracks=1, valid=1, master=1145
[GPS] GGA fix_quality=0, num_sats=00, hdop=9999.0, lat=0.0, lon=0.0
[LIVE] udp=1.0/s, objs=1.0/s, last_udp=0.94s, meas=1, tracks=1, valid=1, master=1145
[GPS] GGA fix_quality=0, num_sats=00, hdop=9999.0, lat=0.0, lon=0.0
[LIVE] udp=3.0/s, objs=3.0/s, last_udp=0.06s, meas=1, tracks=1, valid=1, master=1146
[GPS] GGA fix_quality=0, num_sats=00, hdop=9999.0, lat=0.0, lon=0.0
[LIVE] udp=3.0/s, objs=3.0/s, last_udp=0.13s, meas=1, tracks=1, valid=1, master=1146
[GPS] GGA fix_quality=0, num_sats=00, hdop=9999.0, lat=0.0, lon=0.0
[LIVE] udp=3.0/s, objs=3.0/s, last_udp=0.06s, meas=1, tracks=1, valid=1, master=1146
[LIVE] udp=3.0/s, objs=3.0/s, last_udp=0.19s, meas=1, tracks=1, valid=1, master=1146
[LIVE] udp=2.0/s, objs=2.0/s, last_udp=0.53s, meas=1, tracks=1, valid=1, master=1146
[LIVE] udp=2.0/s, objs=2.0/s, last_udp=0.57s, meas=1, tracks=1, valid=1, master=1146
[LIVE] udp=0.0/s, objs=0.0/s, last_udp=1.57s, meas=1, tracks=1, valid=1, master=1146
[GPS] GGA fix_quality=0, num_sats=00, hdop=9999.0, lat=0.0, lon=0.0
[LIVE] udp=3.0/s, objs=3.0/s, last_udp=0.31s, meas=1, tracks=1, valid=1, master=1147
[GPS] GGA fix_quality=0, num_sats=00, hdop=9999.0, lat=0.0, lon=0.0
[LIVE] udp=4.0/s, objs=4.0/s, last_udp=0.01s, meas=1, tracks=1, valid=1, master=1147
[GPS] GGA fix_quality=0, num_sats=00, hdop=9999.0, lat=0.0, lon=0.0
[LIVE] udp=4.0/s, objs=5.0/s, last_udp=0.07s, meas=2, tracks=2, valid=1, master=1147
[GPS] GGA fix_quality=0, num_sats=00, hdop=9999.0, lat=0.0, lon=0.0
[LIVE] udp=1.0/s, objs=1.0/s, last_udp=0.75s, meas=1, tracks=2, valid=1, master=1147
[GPS] GGA fix_quality=0, num_sats=00, hdop=9999.0, lat=0.0, lon=0.0
[LIVE] udp=1.0/s, objs=1.0/s, last_udp=0.79s, meas=1, tracks=1, valid=0, master=1147
[GPS] GGA fix_quality=0, num_sats=00, hdop=9999.0, lat=0.0, lon=0.0
[LIVE] udp=1.0/s, objs=1.0/s, last_udp=0.48s, meas=1, tracks=1, valid=0, master=1147
[LIVE] udp=3.0/s, objs=3.0/s, last_udp=0.19s, meas=1, tracks=1, valid=1, master=1150
[LIVE] udp=3.0/s, objs=3.0/s, last_udp=0.21s, meas=1, tracks=1, valid=1, master=1150
[LIVE] udp=2.0/s, objs=2.0/s, last_udp=0.24s, meas=1, tracks=1, valid=1, master=1150
[LIVE] udp=3.0/s, objs=3.0/s, last_udp=0.31s, meas=1, tracks=1, valid=1, master=1150
[GPS] GGA fix_quality=0, num_sats=00, hdop=9999.0, lat=0.0, lon=0.0
[LIVE] udp=1.0/s, objs=1.0/s, last_udp=0.99s, meas=1, tracks=1, valid=1, master=1150
[GPS] GGA fix_quality=0, num_sats=00, hdop=9999.0, lat=0.0, lon=0.0
[LIVE] udp=0.0/s, objs=0.0/s, last_udp=2.00s, meas=1, tracks=1, valid=1, master=1150
[GPS] GGA fix_quality=0, num_sats=00, hdop=9999.0, lat=0.0, lon=0.0
[LIVE] udp=0.0/s, objs=0.0/s, last_udp=3.00s, meas=1, tracks=1, valid=1, master=1150
[GPS] GGA fix_quality=0, num_sats=00, hdop=9999.0, lat=0.0, lon=0.0
[LIVE] udp=0.0/s, objs=0.0/s, last_udp=4.00s, meas=1, tracks=1, valid=1, master=1150
[GPS] GGA fix_quality=0, num_sats=00, hdop=9999.0, lat=0.0, lon=0.0
[LIVE] udp=0.0/s, objs=0.0/s, last_udp=5.01s, meas=1, tracks=1, valid=1, master=1150
[GPS] GGA fix_quality=0, num_sats=00, hdop=9999.0, lat=0.0, lon=0.0
[LIVE] udp=1.0/s, objs=1.0/s, last_udp=0.59s, meas=1, tracks=1, valid=0, master=1150
[LIVE] udp=1.0/s, objs=1.0/s, last_udp=0.01s, meas=1, tracks=1, valid=0, master=1150
[LIVE] udp=1.0/s, objs=1.0/s, last_udp=0.05s, meas=1, tracks=1, valid=0, master=1150
[LIVE] udp=2.0/s, objs=2.0/s, last_udp=0.40s, meas=1, tracks=1, valid=1, master=1153
[LIVE] udp=3.0/s, objs=3.0/s, last_udp=0.11s, meas=1, tracks=1, valid=1, master=1153
[GPS] GGA fix_quality=0, num_sats=00, hdop=9999.0, lat=0.0, lon=0.0
[LIVE] udp=1.0/s, objs=1.0/s, last_udp=0.47s, meas=1, tracks=1, valid=1, master=1153
[GPS] GGA fix_quality=0, num_sats=00, hdop=9999.0, lat=0.0, lon=0.0
[LIVE] udp=1.0/s, objs=1.0/s, last_udp=0.16s, meas=1, tracks=1, valid=0, master=1153
[GPS] GGA fix_quality=0, num_sats=00, hdop=9999.0, lat=0.0, lon=0.0
[LIVE] udp=0.0/s, objs=0.0/s, last_udp=1.16s, meas=1, tracks=1, valid=0, master=1153
[GPS] GGA fix_quality=0, num_sats=00, hdop=9999.0, lat=0.0, lon=0.0
[LIVE] udp=0.0/s, objs=0.0/s, last_udp=2.17s, meas=1, tracks=1, valid=0, master=1153
[GPS] GGA fix_quality=0, num_sats=00, hdop=9999.0, lat=0.0, lon=0.0
[LIVE] udp=1.0/s, objs=1.0/s, last_udp=0.61s, meas=1, tracks=1, valid=0, master=1153
[GPS] GGA fix_quality=0, num_sats=00, hdop=9999.0, lat=0.0, lon=0.0
[LIVE] udp=0.0/s, objs=0.0/s, last_udp=1.62s, meas=1, tracks=1, valid=0, master=1153
[LIVE] udp=1.0/s, objs=1.0/s, last_udp=0.99s, meas=1, tracks=1, valid=0, master=1153
[LIVE] udp=0.0/s, objs=0.0/s, last_udp=1.99s, meas=1, tracks=1, valid=0, master=1153
[LIVE] udp=0.0/s, objs=0.0/s, last_udp=2.99s, meas=1, tracks=1, valid=0, master=1153
[LIVE] udp=0.0/s, objs=0.0/s, last_udp=3.99s, meas=1, tracks=1, valid=0, master=1153
[GPS] GGA fix_quality=0, num_sats=00, hdop=9999.0, lat=0.0, lon=0.0
[LIVE] udp=0.0/s, objs=0.0/s, last_udp=5.00s, meas=1, tracks=1, valid=0, master=1153
[GPS] GGA fix_quality=0, num_sats=00, hdop=9999.0, lat=0.0, lon=0.0
[LIVE] udp=0.0/s, objs=0.0/s, last_udp=6.00s, meas=1, tracks=1, valid=0, master=1153
[GPS] GGA fix_quality=0, num_sats=00, hdop=9999.0, lat=0.0, lon=0.0
[LIVE] udp=0.0/s, objs=0.0/s, last_udp=7.00s, meas=1, tracks=1, valid=0, master=1153
[GPS] GGA fix_quality=0, num_sats=00, hdop=9999.0, lat=0.0, lon=0.0
[LIVE] udp=0.0/s, objs=0.0/s, last_udp=8.00s, meas=1, tracks=1, valid=0, master=1153
[GPS] GGA fix_quality=0, num_sats=00, hdop=9999.0, lat=0.0, lon=0.0
[LIVE] udp=0.0/s, objs=0.0/s, last_udp=9.01s, meas=1, tracks=1, valid=0, master=1153
[GPS] GGA fix_quality=0, num_sats=00, hdop=9999.0, lat=0.0, lon=0.0
[LIVE] udp=0.0/s, objs=0.0/s, last_udp=10.01s, meas=1, tracks=1, valid=0, master=1153
[LIVE] udp=0.0/s, objs=0.0/s, last_udp=11.02s, meas=1, tracks=1, valid=0, master=1153
[LIVE] udp=0.0/s, objs=0.0/s, last_udp=12.02s, meas=1, tracks=1, valid=0, master=1153
[LIVE] udp=0.0/s, objs=0.0/s, last_udp=13.02s, meas=1, tracks=1, valid=0, master=1153
[LIVE] udp=0.0/s, objs=0.0/s, last_udp=14.02s, meas=1, tracks=1, valid=0, master=1153
[GPS] GGA fix_quality=0, num_sats=00, hdop=9999.0, lat=0.0, lon=0.0
[LIVE] udp=0.0/s, objs=0.0/s, last_udp=15.02s, meas=1, tracks=1, valid=0, master=1153
[GPS] GGA fix_quality=0, num_sats=00, hdop=9999.0, lat=0.0, lon=0.0
[LIVE] udp=0.0/s, objs=0.0/s, last_udp=16.03s, meas=1, tracks=1, valid=0, master=1153
[GPS] GGA fix_quality=0, num_sats=00, hdop=9999.0, lat=0.0, lon=0.0
[LIVE] udp=0.0/s, objs=0.0/s, last_udp=17.03s, meas=1, tracks=1, valid=0, master=1153
[GPS] GGA fix_quality=0, num_sats=00, hdop=9999.0, lat=0.0, lon=0.0
[LIVE] udp=0.0/s, objs=0.0/s, last_udp=18.03s, meas=1, tracks=1, valid=0, master=1153
[GPS] GGA fix_quality=0, num_sats=00, hdop=9999.0, lat=0.0, lon=0.0
[LIVE] udp=0.0/s, objs=0.0/s, last_udp=19.03s, meas=1, tracks=1, valid=0, master=1153
[GPS] GGA fix_quality=0, num_sats=00, hdop=9999.0, lat=0.0, lon=0.0
[LIVE] udp=0.0/s, objs=0.0/s, last_udp=20.03s, meas=1, tracks=1, valid=0, master=1153
[LIVE] udp=0.0/s, objs=0.0/s, last_udp=21.04s, meas=1, tracks=1, valid=0, master=1153
[LIVE] udp=2.0/s, objs=2.0/s, last_udp=0.22s, meas=1, tracks=1, valid=0, master=1153
[LIVE] udp=2.0/s, objs=2.0/s, last_udp=0.56s, meas=1, tracks=1, valid=1, master=1157
[LIVE] udp=1.0/s, objs=1.0/s, last_udp=0.92s, meas=1, tracks=1, valid=1, master=1157
[GPS] GGA fix_quality=0, num_sats=00, hdop=9999.0, lat=0.0, lon=0.0
[LIVE] udp=0.0/s, objs=0.0/s, last_udp=1.92s, meas=1, tracks=1, valid=1, master=1157
[GPS] GGA fix_quality=0, num_sats=00, hdop=9999.0, lat=0.0, lon=0.0
[LIVE] udp=0.0/s, objs=0.0/s, last_udp=2.93s, meas=1, tracks=1, valid=1, master=1157
[GPS] GGA fix_quality=0, num_sats=00, hdop=9999.0, lat=0.0, lon=0.0
[LIVE] udp=0.0/s, objs=0.0/s, last_udp=3.93s, meas=1, tracks=1, valid=1, master=1157
[GPS] GGA fix_quality=0, num_sats=00, hdop=9999.0, lat=0.0, lon=0.0
[LIVE] udp=0.0/s, objs=0.0/s, last_udp=4.93s, meas=1, tracks=1, valid=1, master=1157
[GPS] GGA fix_quality=0, num_sats=00, hdop=9999.0, lat=0.0, lon=0.0
[LIVE] udp=0.0/s, objs=0.0/s, last_udp=5.94s, meas=1, tracks=1, valid=1, master=1157
[GPS] GGA fix_quality=0, num_sats=00, hdop=9999.0, lat=0.0, lon=0.0
[LIVE] udp=0.0/s, objs=0.0/s, last_udp=6.94s, meas=1, tracks=1, valid=1, master=1157
[LIVE] udp=0.0/s, objs=0.0/s, last_udp=7.94s, meas=1, tracks=1, valid=1, master=1157
[LIVE] udp=0.0/s, objs=0.0/s, last_udp=8.94s, meas=1, tracks=1, valid=1, master=1157
[LIVE] udp=0.0/s, objs=0.0/s, last_udp=9.94s, meas=1, tracks=1, valid=1, master=1157
[LIVE] udp=0.0/s, objs=0.0/s, last_udp=10.95s, meas=1, tracks=1, valid=1, master=1157
[GPS] GGA fix_quality=0, num_sats=00, hdop=9999.0, lat=0.0, lon=0.0
[LIVE] udp=0.0/s, objs=0.0/s, last_udp=11.95s, meas=1, tracks=1, valid=1, master=1157
[GPS] GGA fix_quality=0, num_sats=00, hdop=9999.0, lat=0.0, lon=0.0
[LIVE] udp=0.0/s, objs=0.0/s, last_udp=12.95s, meas=1, tracks=1, valid=1, master=1157
[GPS] GGA fix_quality=0, num_sats=00, hdop=9999.0, lat=0.0, lon=0.0
[LIVE] udp=0.0/s, objs=0.0/s, last_udp=13.95s, meas=1, tracks=1, valid=1, master=1157
[GPS] GGA fix_quality=0, num_sats=00, hdop=9999.0, lat=0.0, lon=0.0
[LIVE] udp=0.0/s, objs=0.0/s, last_udp=14.95s, meas=1, tracks=1, valid=1, master=1157
[GPS] GGA fix_quality=0, num_sats=00, hdop=9999.0, lat=0.0, lon=0.0
[LIVE] udp=0.0/s, objs=0.0/s, last_udp=15.95s, meas=1, tracks=1, valid=1, master=1157
[GPS] GGA fix_quality=0, num_sats=00, hdop=9999.0, lat=0.0, lon=0.0
[LIVE] udp=0.0/s, objs=0.0/s, last_udp=16.96s, meas=1, tracks=1, valid=1, master=1157
[LIVE] udp=0.0/s, objs=0.0/s, last_udp=17.96s, meas=1, tracks=1, valid=1, master=1157
[LIVE] udp=0.0/s, objs=0.0/s, last_udp=18.96s, meas=1, tracks=1, valid=1, master=1157
[LIVE] udp=0.0/s, objs=0.0/s, last_udp=19.96s, meas=1, tracks=1, valid=1, master=1157
[LIVE] udp=0.0/s, objs=0.0/s, last_udp=20.97s, meas=1, tracks=1, valid=1, master=1157
[GPS] GGA fix_quality=0, num_sats=00, hdop=9999.0, lat=0.0, lon=0.0
[LIVE] udp=0.0/s, objs=0.0/s, last_udp=21.97s, meas=1, tracks=1, valid=1, master=1157
[GPS] GGA fix_quality=0, num_sats=00, hdop=9999.0, lat=0.0, lon=0.0
[LIVE] udp=0.0/s, objs=0.0/s, last_udp=22.97s, meas=1, tracks=1, valid=1, master=1157
[GPS] GGA fix_quality=0, num_sats=00, hdop=9999.0, lat=0.0, lon=0.0
[LIVE] udp=0.0/s, objs=0.0/s, last_udp=23.98s, meas=1, tracks=1, valid=1, master=1157
[GPS] GGA fix_quality=0, num_sats=00, hdop=9999.0, lat=0.0, lon=0.0
[LIVE] udp=0.0/s, objs=0.0/s, last_udp=24.98s, meas=1, tracks=1, valid=1, master=1157
[GPS] GGA fix_quality=0, num_sats=00, hdop=9999.0, lat=0.0, lon=0.0
[LIVE] udp=0.0/s, objs=0.0/s, last_udp=25.98s, meas=1, tracks=1, valid=1, master=1157
[GPS] GGA fix_quality=0, num_sats=00, hdop=9999.0, lat=0.0, lon=0.0
[LIVE] udp=0.0/s, objs=0.0/s, last_udp=26.99s, meas=1, tracks=1, valid=1, master=1157
[LIVE] udp=0.0/s, objs=0.0/s, last_udp=27.99s, meas=1, tracks=1, valid=1, master=1157
[LIVE] udp=0.0/s, objs=0.0/s, last_udp=28.99s, meas=1, tracks=1, valid=1, master=1157
[LIVE] udp=0.0/s, objs=0.0/s, last_udp=29.99s, meas=1, tracks=1, valid=1, master=1157
[LIVE] udp=0.0/s, objs=0.0/s, last_udp=31.00s, meas=1, tracks=1, valid=1, master=1157
[GPS] GGA fix_quality=0, num_sats=00, hdop=9999.0, lat=0.0, lon=0.0
[LIVE] udp=0.0/s, objs=0.0/s, last_udp=32.00s, meas=1, tracks=1, valid=1, master=1157
[GPS] GGA fix_quality=0, num_sats=00, hdop=9999.0, lat=0.0, lon=0.0
[LIVE] udp=0.0/s, objs=0.0/s, last_udp=33.00s, meas=1, tracks=1, valid=1, master=1157
[GPS] GGA fix_quality=0, num_sats=00, hdop=9999.0, lat=0.0, lon=0.0
[LIVE] udp=0.0/s, objs=0.0/s, last_udp=34.01s, meas=1, tracks=1, valid=1, master=1157
[GPS] GGA fix_quality=0, num_sats=00, hdop=9999.0, lat=0.0, lon=0.0
[LIVE] udp=0.0/s, objs=0.0/s, last_udp=35.01s, meas=1, tracks=1, valid=1, master=1157
[GPS] GGA fix_quality=0, num_sats=00, hdop=9999.0, lat=0.0, lon=0.0
[LIVE] udp=0.0/s, objs=0.0/s, last_udp=36.01s, meas=1, tracks=1, valid=1, master=1157
[GPS] GGA fix_quality=0, num_sats=00, hdop=9999.0, lat=0.0, lon=0.0
[LIVE] udp=0.0/s, objs=0.0/s, last_udp=37.01s, meas=1, tracks=1, valid=1, master=1157
[LIVE] udp=0.0/s, objs=0.0/s, last_udp=38.02s, meas=1, tracks=1, valid=1, master=1157
[LIVE] udp=0.0/s, objs=0.0/s, last_udp=39.02s, meas=1, tracks=1, valid=1, master=1157
[LIVE] udp=0.0/s, objs=0.0/s, last_udp=40.02s, meas=1, tracks=1, valid=1, master=1157
[LIVE] udp=0.0/s, objs=0.0/s, last_udp=41.02s, meas=1, tracks=1, valid=1, master=1157
[GPS] GGA fix_quality=0, num_sats=00, hdop=9999.0, lat=0.0, lon=0.0
[LIVE] udp=0.0/s, objs=0.0/s, last_udp=42.03s, meas=1, tracks=1, valid=1, master=1157
[GPS] GGA fix_quality=0, num_sats=00, hdop=9999.0, lat=0.0, lon=0.0
[LIVE] udp=0.0/s, objs=0.0/s, last_udp=43.03s, meas=1, tracks=1, valid=1, master=1157
[GPS] GGA fix_quality=0, num_sats=00, hdop=9999.0, lat=0.0, lon=0.0
[LIVE] udp=0.0/s, objs=0.0/s, last_udp=44.03s, meas=1, tracks=1, valid=1, master=1157
[GPS] GGA fix_quality=0, num_sats=00, hdop=9999.0, lat=0.0, lon=0.0
[LIVE] udp=0.0/s, objs=0.0/s, last_udp=45.03s, meas=1, tracks=1, valid=1, master=1157
[GPS] GGA fix_quality=0, num_sats=00, hdop=9999.0, lat=0.0, lon=0.0
[LIVE] udp=0.0/s, objs=0.0/s, last_udp=46.03s, meas=1, tracks=1, valid=1, master=1157
[GPS] GGA fix_quality=0, num_sats=00, hdop=9999.0, lat=0.0, lon=0.0
[LIVE] udp=0.0/s, objs=0.0/s, last_udp=47.04s, meas=1, tracks=1, valid=1, master=1157
[LIVE] udp=0.0/s, objs=0.0/s, last_udp=48.04s, meas=1, tracks=1, valid=1, master=1157
[LIVE] udp=0.0/s, objs=0.0/s, last_udp=49.05s, meas=1, tracks=1, valid=1, master=1157
[LIVE] udp=0.0/s, objs=0.0/s, last_udp=50.05s, meas=1, tracks=1, valid=1, master=1157
[GPS] GGA fix_quality=0, num_sats=00, hdop=9999.0, lat=0.0, lon=0.0
[LIVE] udp=0.0/s, objs=0.0/s, last_udp=51.05s, meas=1, tracks=1, valid=1, master=1157
[GPS] GGA fix_quality=0, num_sats=00, hdop=9999.0, lat=0.0, lon=0.0
[LIVE] udp=1.0/s, objs=1.0/s, last_udp=0.00s, meas=1, tracks=1, valid=0, master=1157
[GPS] GGA fix_quality=0, num_sats=00, hdop=9999.0, lat=0.0, lon=0.0
[LIVE] udp=1.0/s, objs=1.0/s, last_udp=0.04s, meas=1, tracks=1, valid=0, master=1157
[GPS] GGA fix_quality=0, num_sats=00, hdop=9999.0, lat=0.0, lon=0.0
[LIVE] udp=3.0/s, objs=3.0/s, last_udp=0.10s, meas=1, tracks=1, valid=1, master=1159
[GPS] GGA fix_quality=0, num_sats=00, hdop=9999.0, lat=0.0, lon=0.0
[LIVE] udp=3.0/s, objs=3.0/s, last_udp=0.10s, meas=1, tracks=1, valid=1, master=1159
[GPS] GGA fix_quality=0, num_sats=00, hdop=9999.0, lat=0.0, lon=0.0
[LIVE] udp=2.0/s, objs=2.0/s, last_udp=0.17s, meas=1, tracks=1, valid=1, master=1159
[LIVE] udp=2.0/s, objs=2.0/s, last_udp=0.53s, meas=1, tracks=1, valid=1, master=1159
[LIVE] udp=1.0/s, objs=1.0/s, last_udp=0.89s, meas=1, tracks=1, valid=1, master=1159
[LIVE] udp=0.0/s, objs=0.0/s, last_udp=1.89s, meas=1, tracks=1, valid=1, master=1159
[LIVE] udp=1.0/s, objs=1.0/s, last_udp=0.32s, meas=1, tracks=1, valid=0, master=1159
[GPS] GGA fix_quality=0, num_sats=00, hdop=9999.0, lat=0.0, lon=0.0
[LIVE] udp=0.0/s, objs=0.0/s, last_udp=1.32s, meas=1, tracks=1, valid=0, master=1159
[GPS] GGA fix_quality=0, num_sats=00, hdop=9999.0, lat=0.0, lon=0.0
[LIVE] udp=2.0/s, objs=2.0/s, last_udp=0.07s, meas=1, tracks=1, valid=0, master=1159
[GPS] GGA fix_quality=0, num_sats=00, hdop=9999.0, lat=0.0, lon=0.0
[LIVE] udp=2.0/s, objs=2.0/s, last_udp=0.13s, meas=1, tracks=1, valid=1, master=1161
[GPS] GGA fix_quality=0, num_sats=00, hdop=9999.0, lat=0.0, lon=0.0
[LIVE] udp=3.0/s, objs=3.0/s, last_udp=0.16s, meas=1, tracks=1, valid=1, master=1161
[GPS] GGA fix_quality=0, num_sats=00, hdop=9999.0, lat=0.0, lon=0.0
[LIVE] udp=3.0/s, objs=3.0/s, last_udp=0.23s, meas=1, tracks=1, valid=1, master=1161
[GPS] GGA fix_quality=0, num_sats=00, hdop=9999.0, lat=0.0, lon=0.0
[LIVE] udp=3.0/s, objs=3.0/s, last_udp=0.24s, meas=1, tracks=1, valid=1, master=1161
[LIVE] udp=3.0/s, objs=3.0/s, last_udp=0.27s, meas=1, tracks=1, valid=1, master=1161
[LIVE] udp=3.0/s, objs=3.0/s, last_udp=0.30s, meas=1, tracks=1, valid=1, master=1161
[LIVE] udp=3.0/s, objs=3.0/s, last_udp=0.33s, meas=1, tracks=1, valid=1, master=1161
[LIVE] udp=3.0/s, objs=3.0/s, last_udp=0.07s, meas=1, tracks=1, valid=1, master=1161
[GPS] GGA fix_quality=0, num_sats=00, hdop=9999.0, lat=0.0, lon=0.0
[LIVE] udp=3.0/s, objs=3.0/s, last_udp=0.14s, meas=1, tracks=1, valid=1, master=1161
[GPS] GGA fix_quality=0, num_sats=00, hdop=9999.0, lat=0.0, lon=0.0
[LIVE] udp=3.0/s, objs=3.0/s, last_udp=0.21s, meas=1, tracks=1, valid=1, master=1161
[GPS] GGA fix_quality=0, num_sats=00, hdop=9999.0, lat=0.0, lon=0.0
[LIVE] udp=3.0/s, objs=3.0/s, last_udp=0.22s, meas=1, tracks=1, valid=1, master=1161
[GPS] GGA fix_quality=0, num_sats=00, hdop=9999.0, lat=0.0, lon=0.0
[LIVE] udp=3.0/s, objs=3.0/s, last_udp=0.29s, meas=1, tracks=1, valid=1, master=1161
[GPS] GGA fix_quality=0, num_sats=00, hdop=9999.0, lat=0.0, lon=0.0
[LIVE] udp=4.0/s, objs=4.0/s, last_udp=0.00s, meas=1, tracks=1, valid=1, master=1161
[GPS] GGA fix_quality=0, num_sats=00, hdop=9999.0, lat=0.0, lon=0.0
[LIVE] udp=3.0/s, objs=3.0/s, last_udp=0.02s, meas=1, tracks=1, valid=1, master=1161
[LIVE] udp=3.0/s, objs=3.0/s, last_udp=0.05s, meas=1, tracks=1, valid=1, master=1161
[LIVE] udp=1.0/s, objs=1.0/s, last_udp=0.74s, meas=1, tracks=1, valid=1, master=1161
[LIVE] udp=0.0/s, objs=0.0/s, last_udp=1.74s, meas=1, tracks=1, valid=1, master=1161
[LIVE] udp=0.0/s, objs=0.0/s, last_udp=2.75s, meas=1, tracks=1, valid=1, master=1161
[GPS] GGA fix_quality=0, num_sats=00, hdop=9999.0, lat=0.0, lon=0.0
[LIVE] udp=1.0/s, objs=1.0/s, last_udp=0.22s, meas=1, tracks=1, valid=0, master=1161
[GPS] GGA fix_quality=0, num_sats=00, hdop=9999.0, lat=0.0, lon=0.0
[LIVE] udp=0.0/s, objs=0.0/s, last_udp=1.22s, meas=1, tracks=1, valid=0, master=1161
[GPS] GGA fix_quality=0, num_sats=00, hdop=9999.0, lat=0.0, lon=0.0
[LIVE] udp=0.0/s, objs=0.0/s, last_udp=2.23s, meas=1, tracks=1, valid=0, master=1161
[GPS] GGA fix_quality=0, num_sats=00, hdop=9999.0, lat=0.0, lon=0.0
[LIVE] udp=1.0/s, objs=1.0/s, last_udp=0.32s, meas=1, tracks=1, valid=0, master=1161
[GPS] GGA fix_quality=0, num_sats=00, hdop=9999.0, lat=0.0, lon=0.0
[LIVE] udp=0.0/s, objs=0.0/s, last_udp=1.32s, meas=1, tracks=1, valid=0, master=1161
[GPS] GGA fix_quality=0, num_sats=00, hdop=9999.0, lat=0.0, lon=0.0
[LIVE] udp=2.0/s, objs=2.0/s, last_udp=0.38s, meas=1, tracks=1, valid=0, master=1161
[LIVE] udp=1.0/s, objs=1.0/s, last_udp=0.08s, meas=1, tracks=1, valid=0, master=1161
[LIVE] udp=1.0/s, objs=1.0/s, last_udp=0.76s, meas=1, tracks=1, valid=0, master=1161
[LIVE] udp=0.0/s, objs=0.0/s, last_udp=1.76s, meas=1, tracks=1, valid=0, master=1161
[LIVE] udp=0.0/s, objs=0.0/s, last_udp=2.76s, meas=1, tracks=1, valid=0, master=1161
[GPS] GGA fix_quality=0, num_sats=00, hdop=9999.0, lat=0.0, lon=0.0
[LIVE] udp=0.0/s, objs=0.0/s, last_udp=3.77s, meas=1, tracks=1, valid=0, master=1161
[GPS] GGA fix_quality=0, num_sats=00, hdop=9999.0, lat=0.0, lon=0.0
[LIVE] udp=1.0/s, objs=1.0/s, last_udp=0.63s, meas=1, tracks=1, valid=0, master=1161
[GPS] GGA fix_quality=0, num_sats=00, hdop=9999.0, lat=0.0, lon=0.0
[LIVE] udp=2.0/s, objs=2.0/s, last_udp=0.39s, meas=1, tracks=2, valid=0, master=1161
[GPS] GGA fix_quality=0, num_sats=00, hdop=9999.0, lat=0.0, lon=0.0
[LIVE] udp=1.0/s, objs=1.0/s, last_udp=0.76s, meas=1, tracks=1, valid=0, master=1161
[GPS] GGA fix_quality=0, num_sats=00, hdop=9999.0, lat=0.0, lon=0.0
[LIVE] udp=3.0/s, objs=3.0/s, last_udp=0.13s, meas=1, tracks=1, valid=1, master=1169
[GPS] GGA fix_quality=0, num_sats=00, hdop=9999.0, lat=0.0, lon=0.0
[LIVE] udp=2.0/s, objs=3.0/s, last_udp=0.19s, meas=2, tracks=2, valid=1, master=1169
[LIVE] udp=3.0/s, objs=3.0/s, last_udp=0.12s, meas=1, tracks=2, valid=0, master=1169
[LIVE] udp=3.0/s, objs=3.0/s, last_udp=0.28s, meas=1, tracks=1, valid=1, master=1169
[LIVE] udp=1.0/s, objs=1.0/s, last_udp=0.02s, meas=1, tracks=1, valid=0, master=1169
[LIVE] udp=1.0/s, objs=2.0/s, last_udp=0.04s, meas=2, tracks=2, valid=0, master=1169
[GPS] GGA fix_quality=0, num_sats=00, hdop=9999.0, lat=0.0, lon=0.0
[LIVE] udp=1.0/s, objs=1.0/s, last_udp=0.71s, meas=1, tracks=2, valid=0, master=1169
[GPS] GGA fix_quality=0, num_sats=00, hdop=9999.0, lat=0.0, lon=0.0
[LIVE] udp=0.0/s, objs=0.0/s, last_udp=1.71s, meas=1, tracks=2, valid=0, master=1169
[GPS] GGA fix_quality=0, num_sats=00, hdop=9999.0, lat=0.0, lon=0.0
[LIVE] udp=0.0/s, objs=0.0/s, last_udp=2.72s, meas=1, tracks=2, valid=0, master=1169
[GPS] GGA fix_quality=0, num_sats=00, hdop=9999.0, lat=0.0, lon=0.0
[LIVE] udp=0.0/s, objs=0.0/s, last_udp=3.72s, meas=1, tracks=2, valid=0, master=1169
[GPS] GGA fix_quality=0, num_sats=00, hdop=9999.0, lat=0.0, lon=0.0
[LIVE] udp=0.0/s, objs=0.0/s, last_udp=4.72s, meas=1, tracks=2, valid=0, master=1169
[GPS] GGA fix_quality=0, num_sats=00, hdop=9999.0, lat=0.0, lon=0.0
[LIVE] udp=0.0/s, objs=0.0/s, last_udp=5.73s, meas=1, tracks=2, valid=0, master=1169
[LIVE] udp=0.0/s, objs=0.0/s, last_udp=6.73s, meas=1, tracks=2, valid=0, master=1169
[LIVE] udp=0.0/s, objs=0.0/s, last_udp=7.73s, meas=1, tracks=2, valid=0, master=1169
[LIVE] udp=0.0/s, objs=0.0/s, last_udp=8.73s, meas=1, tracks=2, valid=0, master=1169
[LIVE] udp=0.0/s, objs=0.0/s, last_udp=9.73s, meas=1, tracks=2, valid=0, master=1169
[GPS] GGA fix_quality=0, num_sats=00, hdop=9999.0, lat=0.0, lon=0.0
[LIVE] udp=0.0/s, objs=0.0/s, last_udp=10.74s, meas=1, tracks=2, valid=0, master=1169
[GPS] GGA fix_quality=0, num_sats=00, hdop=9999.0, lat=0.0, lon=0.0
[LIVE] udp=0.0/s, objs=0.0/s, last_udp=11.74s, meas=1, tracks=2, valid=0, master=1169
[GPS] GGA fix_quality=0, num_sats=00, hdop=9999.0, lat=0.0, lon=0.0
[LIVE] udp=0.0/s, objs=0.0/s, last_udp=12.74s, meas=1, tracks=2, valid=0, master=1169
[GPS] GGA fix_quality=0, num_sats=00, hdop=9999.0, lat=0.0, lon=0.0
[LIVE] udp=0.0/s, objs=0.0/s, last_udp=13.74s, meas=1, tracks=2, valid=0, master=1169
[GPS] GGA fix_quality=0, num_sats=00, hdop=9999.0, lat=0.0, lon=0.0
[LIVE] udp=0.0/s, objs=0.0/s, last_udp=14.74s, meas=1, tracks=2, valid=0, master=1169
[GPS] GGA fix_quality=0, num_sats=00, hdop=9999.0, lat=0.0, lon=0.0
[LIVE] udp=0.0/s, objs=0.0/s, last_udp=15.75s, meas=1, tracks=2, valid=0, master=1169
[LIVE] udp=0.0/s, objs=0.0/s, last_udp=16.75s, meas=1, tracks=2, valid=0, master=1169
[LIVE] udp=0.0/s, objs=0.0/s, last_udp=17.76s, meas=1, tracks=2, valid=0, master=1169
[LIVE] udp=0.0/s, objs=0.0/s, last_udp=18.76s, meas=1, tracks=2, valid=0, master=1169
[LIVE] udp=0.0/s, objs=0.0/s, last_udp=19.76s, meas=1, tracks=2, valid=0, master=1169
[GPS] GGA fix_quality=0, num_sats=00, hdop=9999.0, lat=0.0, lon=0.0
[LIVE] udp=2.0/s, objs=2.0/s, last_udp=0.30s, meas=1, tracks=1, valid=0, master=1169
[GPS] GGA fix_quality=0, num_sats=00, hdop=9999.0, lat=0.0, lon=0.0
[LIVE] udp=1.0/s, objs=1.0/s, last_udp=0.31s, meas=1, tracks=1, valid=0, master=1169
[GPS] GGA fix_quality=0, num_sats=00, hdop=9999.0, lat=0.0, lon=0.0
[LIVE] udp=0.0/s, objs=0.0/s, last_udp=1.31s, meas=1, tracks=1, valid=0, master=1169
[GPS] GGA fix_quality=0, num_sats=00, hdop=9999.0, lat=0.0, lon=0.0
[LIVE] udp=1.0/s, objs=1.0/s, last_udp=0.02s, meas=1, tracks=1, valid=0, master=1169
[GPS] GGA fix_quality=0, num_sats=00, hdop=9999.0, lat=0.0, lon=0.0
[LIVE] udp=2.0/s, objs=2.0/s, last_udp=0.04s, meas=1, tracks=1, valid=1, master=1177
[GPS] GGA fix_quality=0, num_sats=00, hdop=9999.0, lat=0.0, lon=0.0
[LIVE] udp=1.0/s, objs=1.0/s, last_udp=0.38s, meas=1, tracks=1, valid=1, master=1177
[LIVE] udp=0.0/s, objs=0.0/s, last_udp=1.39s, meas=1, tracks=1, valid=1, master=1177
[LIVE] udp=0.0/s, objs=0.0/s, last_udp=2.39s, meas=1, tracks=1, valid=1, master=1177
[LIVE] udp=0.0/s, objs=0.0/s, last_udp=3.39s, meas=1, tracks=1, valid=1, master=1177
[LIVE] udp=1.0/s, objs=1.0/s, last_udp=0.18s, meas=1, tracks=1, valid=0, master=1177
[GPS] GGA fix_quality=0, num_sats=00, hdop=9999.0, lat=0.0, lon=0.0
[LIVE] udp=3.0/s, objs=3.0/s, last_udp=0.19s, meas=1, tracks=1, valid=1, master=1178
[GPS] GGA fix_quality=0, num_sats=00, hdop=9999.0, lat=0.0, lon=0.0
[LIVE] udp=2.0/s, objs=2.0/s, last_udp=0.53s, meas=1, tracks=1, valid=1, master=1178
[GPS] GGA fix_quality=0, num_sats=00, hdop=9999.0, lat=0.0, lon=0.0
[LIVE] udp=1.0/s, objs=1.0/s, last_udp=0.87s, meas=1, tracks=1, valid=1, master=1178
[GPS] GGA fix_quality=0, num_sats=00, hdop=9999.0, lat=0.0, lon=0.0
[LIVE] udp=2.0/s, objs=2.0/s, last_udp=0.22s, meas=1, tracks=1, valid=0, master=1178
[GPS] GGA fix_quality=0, num_sats=00, hdop=9999.0, lat=0.0, lon=0.0
[LIVE] udp=2.0/s, objs=2.0/s, last_udp=0.25s, meas=1, tracks=1, valid=1, master=1179
[GPS] GGA fix_quality=0, num_sats=00, hdop=9999.0, lat=0.0, lon=0.0
[LIVE] udp=3.0/s, objs=3.0/s, last_udp=0.27s, meas=1, tracks=1, valid=1, master=1179
[LIVE] udp=3.0/s, objs=3.0/s, last_udp=0.29s, meas=1, tracks=1, valid=1, master=1179
[LIVE] udp=3.0/s, objs=3.0/s, last_udp=0.01s, meas=1, tracks=1, valid=1, master=1179
[LIVE] udp=3.0/s, objs=3.0/s, last_udp=0.00s, meas=1, tracks=1, valid=1, master=1179
[LIVE] udp=2.0/s, objs=2.0/s, last_udp=0.07s, meas=1, tracks=1, valid=1, master=1179
[GPS] GGA fix_quality=0, num_sats=00, hdop=9999.0, lat=0.0, lon=0.0
[LIVE] udp=0.0/s, objs=0.0/s, last_udp=1.07s, meas=1, tracks=1, valid=1, master=1179
[GPS] GGA fix_quality=0, num_sats=00, hdop=9999.0, lat=0.0, lon=0.0
[LIVE] udp=1.0/s, objs=1.0/s, last_udp=0.08s, meas=1, tracks=1, valid=0, master=1179
[GPS] GGA fix_quality=0, num_sats=00, hdop=9999.0, lat=0.0, lon=0.0
[LIVE] udp=0.0/s, objs=0.0/s, last_udp=1.08s, meas=1, tracks=1, valid=0, master=1179
[GPS] GGA fix_quality=0, num_sats=00, hdop=9999.0, lat=0.0, lon=0.0
[LIVE] udp=3.0/s, objs=3.0/s, last_udp=0.13s, meas=1, tracks=1, valid=1, master=1181
[GPS] GGA fix_quality=0, num_sats=00, hdop=9999.0, lat=0.0, lon=0.0
[LIVE] udp=3.0/s, objs=3.0/s, last_udp=0.12s, meas=1, tracks=1, valid=1, master=1181
[GPS] GGA fix_quality=0, num_sats=00, hdop=9999.0, lat=0.0, lon=0.0
[LIVE] udp=3.0/s, objs=3.0/s, last_udp=0.17s, meas=1, tracks=1, valid=1, master=1181
[LIVE] udp=3.0/s, objs=3.0/s, last_udp=0.23s, meas=1, tracks=1, valid=1, master=1181
[LIVE] udp=1.0/s, objs=1.0/s, last_udp=0.28s, meas=1, tracks=1, valid=0, master=1181
[LIVE] udp=3.0/s, objs=3.0/s, last_udp=0.31s, meas=1, tracks=1, valid=1, master=1182
[LIVE] udp=4.0/s, objs=4.0/s, last_udp=0.02s, meas=1, tracks=1, valid=1, master=1182
[GPS] GGA fix_quality=0, num_sats=00, hdop=9999.0, lat=0.0, lon=0.0
[LIVE] udp=1.0/s, objs=1.0/s, last_udp=0.71s, meas=1, tracks=1, valid=1, master=1182
[GPS] GGA fix_quality=0, num_sats=00, hdop=9999.0, lat=0.0, lon=0.0
[LIVE] udp=2.0/s, objs=2.0/s, last_udp=0.39s, meas=1, tracks=1, valid=0, master=1182
[GPS] GGA fix_quality=0, num_sats=00, hdop=9999.0, lat=0.0, lon=0.0
[LIVE] udp=3.0/s, objs=4.0/s, last_udp=0.03s, meas=2, tracks=2, valid=1, master=1184
[GPS] GGA fix_quality=0, num_sats=00, hdop=9999.0, lat=0.0, lon=0.0
[LIVE] udp=3.0/s, objs=3.0/s, last_udp=0.05s, meas=1, tracks=1, valid=1, master=1184
[GPS] GGA fix_quality=0, num_sats=00, hdop=9999.0, lat=0.0, lon=0.0
[LIVE] udp=2.0/s, objs=3.0/s, last_udp=0.40s, meas=2, tracks=2, valid=1, master=1184
[GPS] GGA fix_quality=0, num_sats=00, hdop=9999.0, lat=0.0, lon=0.0
[LIVE] udp=2.0/s, objs=2.0/s, last_udp=0.76s, meas=1, tracks=2, valid=1, master=1186
[LIVE] udp=0.0/s, objs=0.0/s, last_udp=1.77s, meas=1, tracks=2, valid=1, master=1186
[LIVE] udp=0.0/s, objs=0.0/s, last_udp=2.77s, meas=1, tracks=2, valid=1, master=1186
[LIVE] udp=0.0/s, objs=0.0/s, last_udp=3.77s, meas=1, tracks=2, valid=1, master=1186
[LIVE] udp=0.0/s, objs=0.0/s, last_udp=4.77s, meas=1, tracks=2, valid=1, master=1186
[GPS] GGA fix_quality=0, num_sats=00, hdop=9999.0, lat=0.0, lon=0.0
[LIVE] udp=0.0/s, objs=0.0/s, last_udp=5.78s, meas=1, tracks=2, valid=1, master=1186
[GPS] GGA fix_quality=0, num_sats=00, hdop=9999.0, lat=0.0, lon=0.0
[LIVE] udp=0.0/s, objs=0.0/s, last_udp=6.78s, meas=1, tracks=2, valid=1, master=1186
[GPS] GGA fix_quality=0, num_sats=00, hdop=9999.0, lat=0.0, lon=0.0
[LIVE] udp=0.0/s, objs=0.0/s, last_udp=7.78s, meas=1, tracks=2, valid=1, master=1186
[GPS] GGA fix_quality=0, num_sats=00, hdop=9999.0, lat=0.0, lon=0.0
[LIVE] udp=0.0/s, objs=0.0/s, last_udp=8.79s, meas=1, tracks=2, valid=1, master=1186
[GPS] GGA fix_quality=0, num_sats=00, hdop=9999.0, lat=0.0, lon=0.0
[LIVE] udp=0.0/s, objs=0.0/s, last_udp=9.79s, meas=1, tracks=2, valid=1, master=1186
[GPS] GGA fix_quality=0, num_sats=00, hdop=9999.0, lat=0.0, lon=0.0
[LIVE] udp=1.0/s, objs=1.0/s, last_udp=0.38s, meas=1, tracks=1, valid=0, master=1186
[LIVE] udp=0.0/s, objs=0.0/s, last_udp=1.38s, meas=1, tracks=1, valid=0, master=1186
[LIVE] udp=0.0/s, objs=0.0/s, last_udp=2.38s, meas=1, tracks=1, valid=0, master=1186
[LIVE] udp=0.0/s, objs=0.0/s, last_udp=3.38s, meas=1, tracks=1, valid=0, master=1186
[LIVE] udp=0.0/s, objs=0.0/s, last_udp=4.39s, meas=1, tracks=1, valid=0, master=1186
[GPS] GGA fix_quality=0, num_sats=00, hdop=9999.0, lat=0.0, lon=0.0
[LIVE] udp=1.0/s, objs=1.0/s, last_udp=0.49s, meas=1, tracks=1, valid=0, master=1186
[GPS] GGA fix_quality=0, num_sats=00, hdop=9999.0, lat=0.0, lon=0.0
[LIVE] udp=0.0/s, objs=0.0/s, last_udp=1.49s, meas=1, tracks=1, valid=0, master=1186
[GPS] GGA fix_quality=0, num_sats=00, hdop=9999.0, lat=0.0, lon=0.0
[LIVE] udp=0.0/s, objs=0.0/s, last_udp=2.49s, meas=1, tracks=1, valid=0, master=1186
[GPS] GGA fix_quality=0, num_sats=00, hdop=9999.0, lat=0.0, lon=0.0
[LIVE] udp=0.0/s, objs=0.0/s, last_udp=3.49s, meas=1, tracks=1, valid=0, master=1186
[GPS] GGA fix_quality=0, num_sats=00, hdop=9999.0, lat=0.0, lon=0.0
[LIVE] udp=0.0/s, objs=0.0/s, last_udp=4.50s, meas=1, tracks=1, valid=0, master=1186
[GPS] GGA fix_quality=0, num_sats=00, hdop=9999.0, lat=0.0, lon=0.0
[LIVE] udp=1.0/s, objs=1.0/s, last_udp=0.29s, meas=1, tracks=1, valid=0, master=1186
[LIVE] udp=0.0/s, objs=0.0/s, last_udp=1.29s, meas=1, tracks=1, valid=0, master=1186
[LIVE] udp=0.0/s, objs=0.0/s, last_udp=2.30s, meas=1, tracks=1, valid=0, master=1186
[LIVE] udp=0.0/s, objs=0.0/s, last_udp=3.30s, meas=1, tracks=1, valid=0, master=1186
[LIVE] udp=1.0/s, objs=1.0/s, last_udp=0.14s, meas=1, tracks=1, valid=0, master=1186
[GPS] GGA fix_quality=0, num_sats=00, hdop=9999.0, lat=0.0, lon=0.0
[LIVE] udp=1.0/s, objs=1.0/s, last_udp=0.48s, meas=1, tracks=1, valid=0, master=1186
[GPS] GGA fix_quality=0, num_sats=00, hdop=9999.0, lat=0.0, lon=0.0
[LIVE] udp=0.0/s, objs=0.0/s, last_udp=1.48s, meas=1, tracks=1, valid=0, master=1186
[GPS] GGA fix_quality=0, num_sats=00, hdop=9999.0, lat=0.0, lon=0.0
[LIVE] udp=0.0/s, objs=0.0/s, last_udp=2.48s, meas=1, tracks=1, valid=0, master=1186
[GPS] GGA fix_quality=0, num_sats=00, hdop=9999.0, lat=0.0, lon=0.0
[LIVE] udp=0.0/s, objs=0.0/s, last_udp=3.49s, meas=1, tracks=1, valid=0, master=1186
[GPS] GGA fix_quality=0, num_sats=00, hdop=9999.0, lat=0.0, lon=0.0
[LIVE] udp=0.0/s, objs=0.0/s, last_udp=4.49s, meas=1, tracks=1, valid=0, master=1186
[GPS] GGA fix_quality=0, num_sats=00, hdop=9999.0, lat=0.0, lon=0.0
[LIVE] udp=0.0/s, objs=0.0/s, last_udp=5.49s, meas=1, tracks=1, valid=0, master=1186
[LIVE] udp=0.0/s, objs=0.0/s, last_udp=6.50s, meas=1, tracks=1, valid=0, master=1186
[LIVE] udp=0.0/s, objs=0.0/s, last_udp=7.50s, meas=1, tracks=1, valid=0, master=1186
[LIVE] udp=0.0/s, objs=0.0/s, last_udp=8.50s, meas=1, tracks=1, valid=0, master=1186
[LIVE] udp=0.0/s, objs=0.0/s, last_udp=9.51s, meas=1, tracks=1, valid=0, master=1186
[GPS] GGA fix_quality=0, num_sats=00, hdop=9999.0, lat=0.0, lon=0.0
[LIVE] udp=0.0/s, objs=0.0/s, last_udp=10.51s, meas=1, tracks=1, valid=0, master=1186
[GPS] GGA fix_quality=0, num_sats=00, hdop=9999.0, lat=0.0, lon=0.0
[LIVE] udp=0.0/s, objs=0.0/s, last_udp=11.51s, meas=1, tracks=1, valid=0, master=1186
[GPS] GGA fix_quality=0, num_sats=00, hdop=9999.0, lat=0.0, lon=0.0
[LIVE] udp=0.0/s, objs=0.0/s, last_udp=12.51s, meas=1, tracks=1, valid=0, master=1186
[GPS] GGA fix_quality=0, num_sats=00, hdop=9999.0, lat=0.0, lon=0.0
[LIVE] udp=0.0/s, objs=0.0/s, last_udp=13.51s, meas=1, tracks=1, valid=0, master=1186
[GPS] GGA fix_quality=0, num_sats=00, hdop=9999.0, lat=0.0, lon=0.0
[LIVE] udp=0.0/s, objs=0.0/s, last_udp=14.52s, meas=1, tracks=1, valid=0, master=1186
[GPS] GGA fix_quality=0, num_sats=00, hdop=9999.0, lat=0.0, lon=0.0
[LIVE] udp=0.0/s, objs=0.0/s, last_udp=15.52s, meas=1, tracks=1, valid=0, master=1186
[LIVE] udp=0.0/s, objs=0.0/s, last_udp=16.52s, meas=1, tracks=1, valid=0, master=1186
[LIVE] udp=2.0/s, objs=2.0/s, last_udp=0.53s, meas=1, tracks=2, valid=0, master=1186
[LIVE] udp=0.0/s, objs=0.0/s, last_udp=1.54s, meas=1, tracks=2, valid=0, master=1186
[LIVE] udp=0.0/s, objs=0.0/s, last_udp=2.54s, meas=1, tracks=2, valid=0, master=1186
[GPS] GGA fix_quality=0, num_sats=00, hdop=9999.0, lat=0.0, lon=0.0
[LIVE] udp=0.0/s, objs=0.0/s, last_udp=3.54s, meas=1, tracks=2, valid=0, master=1186
[GPS] GGA fix_quality=0, num_sats=00, hdop=9999.0, lat=0.0, lon=0.0
[LIVE] udp=1.0/s, objs=1.0/s, last_udp=0.33s, meas=1, tracks=1, valid=0, master=1186
[GPS] GGA fix_quality=0, num_sats=00, hdop=9999.0, lat=0.0, lon=0.0
[LIVE] udp=0.0/s, objs=0.0/s, last_udp=1.33s, meas=1, tracks=1, valid=0, master=1186
[GPS] GGA fix_quality=0, num_sats=00, hdop=9999.0, lat=0.0, lon=0.0
[LIVE] udp=0.0/s, objs=0.0/s, last_udp=2.33s, meas=1, tracks=1, valid=0, master=1186
[GPS] GGA fix_quality=0, num_sats=00, hdop=9999.0, lat=0.0, lon=0.0
[LIVE] udp=0.0/s, objs=0.0/s, last_udp=3.33s, meas=1, tracks=1, valid=0, master=1186
[GPS] GGA fix_quality=0, num_sats=00, hdop=9999.0, lat=0.0, lon=0.0
[LIVE] udp=0.0/s, objs=0.0/s, last_udp=4.34s, meas=1, tracks=1, valid=0, master=1186
[LIVE] udp=0.0/s, objs=0.0/s, last_udp=5.34s, meas=1, tracks=1, valid=0, master=1186
[LIVE] udp=0.0/s, objs=0.0/s, last_udp=6.34s, meas=1, tracks=1, valid=0, master=1186
[LIVE] udp=0.0/s, objs=0.0/s, last_udp=7.35s, meas=1, tracks=1, valid=0, master=1186
[LIVE] udp=0.0/s, objs=0.0/s, last_udp=8.35s, meas=1, tracks=1, valid=0, master=1186
[GPS] GGA fix_quality=0, num_sats=00, hdop=9999.0, lat=0.0, lon=0.0
[LIVE] udp=0.0/s, objs=0.0/s, last_udp=9.35s, meas=1, tracks=1, valid=0, master=1186
[GPS] GGA fix_quality=0, num_sats=00, hdop=9999.0, lat=0.0, lon=0.0
[LIVE] udp=0.0/s, objs=0.0/s, last_udp=10.35s, meas=1, tracks=1, valid=0, master=1186
[GPS] GGA fix_quality=0, num_sats=00, hdop=9999.0, lat=0.0, lon=0.0
[LIVE] udp=0.0/s, objs=0.0/s, last_udp=11.35s, meas=1, tracks=1, valid=0, master=1186
[GPS] GGA fix_quality=0, num_sats=00, hdop=9999.0, lat=0.0, lon=0.0
[LIVE] udp=0.0/s, objs=0.0/s, last_udp=12.36s, meas=1, tracks=1, valid=0, master=1186
[GPS] GGA fix_quality=0, num_sats=00, hdop=9999.0, lat=0.0, lon=0.0
[LIVE] udp=0.0/s, objs=0.0/s, last_udp=13.36s, meas=1, tracks=1, valid=0, master=1186
[GPS] GGA fix_quality=0, num_sats=00, hdop=9999.0, lat=0.0, lon=0.0
[LIVE] udp=0.0/s, objs=0.0/s, last_udp=14.36s, meas=1, tracks=1, valid=0, master=1186
[LIVE] udp=0.0/s, objs=0.0/s, last_udp=15.36s, meas=1, tracks=1, valid=0, master=1186
[LIVE] udp=0.0/s, objs=0.0/s, last_udp=16.37s, meas=1, tracks=1, valid=0, master=1186
[LIVE] udp=0.0/s, objs=0.0/s, last_udp=17.37s, meas=1, tracks=1, valid=0, master=1186
[LIVE] udp=0.0/s, objs=0.0/s, last_udp=18.37s, meas=1, tracks=1, valid=0, master=1186
[GPS] GGA fix_quality=0, num_sats=00, hdop=9999.0, lat=0.0, lon=0.0
[LIVE] udp=0.0/s, objs=0.0/s, last_udp=19.37s, meas=1, tracks=1, valid=0, master=1186
[GPS] GGA fix_quality=0, num_sats=00, hdop=9999.0, lat=0.0, lon=0.0
[LIVE] udp=0.0/s, objs=0.0/s, last_udp=20.37s, meas=1, tracks=1, valid=0, master=1186
[GPS] GGA fix_quality=0, num_sats=00, hdop=9999.0, lat=0.0, lon=0.0
[LIVE] udp=0.0/s, objs=0.0/s, last_udp=21.37s, meas=1, tracks=1, valid=0, master=1186
[GPS] GGA fix_quality=0, num_sats=00, hdop=9999.0, lat=0.0, lon=0.0
[LIVE] udp=0.0/s, objs=0.0/s, last_udp=22.38s, meas=1, tracks=1, valid=0, master=1186
[GPS] GGA fix_quality=0, num_sats=00, hdop=9999.0, lat=0.0, lon=0.0
[LIVE] udp=0.0/s, objs=0.0/s, last_udp=23.38s, meas=1, tracks=1, valid=0, master=1186
[GPS] GGA fix_quality=0, num_sats=00, hdop=9999.0, lat=0.0, lon=0.0
[LIVE] udp=0.0/s, objs=0.0/s, last_udp=24.38s, meas=1, tracks=1, valid=0, master=1186
[LIVE] udp=0.0/s, objs=0.0/s, last_udp=25.38s, meas=1, tracks=1, valid=0, master=1186
[LIVE] udp=0.0/s, objs=0.0/s, last_udp=26.38s, meas=1, tracks=1, valid=0, master=1186
[LIVE] udp=0.0/s, objs=0.0/s, last_udp=27.39s, meas=1, tracks=1, valid=0, master=1186
[LIVE] udp=0.0/s, objs=0.0/s, last_udp=28.39s, meas=1, tracks=1, valid=0, master=1186
[GPS] GGA fix_quality=0, num_sats=00, hdop=9999.0, lat=0.0, lon=0.0
[LIVE] udp=0.0/s, objs=0.0/s, last_udp=29.40s, meas=1, tracks=1, valid=0, master=1186
[GPS] GGA fix_quality=0, num_sats=00, hdop=9999.0, lat=0.0, lon=0.0
[LIVE] udp=0.0/s, objs=0.0/s, last_udp=30.40s, meas=1, tracks=1, valid=0, master=1186
[GPS] GGA fix_quality=0, num_sats=00, hdop=9999.0, lat=0.0, lon=0.0
[LIVE] udp=0.0/s, objs=0.0/s, last_udp=31.40s, meas=1, tracks=1, valid=0, master=1186
[GPS] GGA fix_quality=0, num_sats=00, hdop=9999.0, lat=0.0, lon=0.0
[LIVE] udp=0.0/s, objs=0.0/s, last_udp=32.40s, meas=1, tracks=1, valid=0, master=1186
[GPS] GGA fix_quality=0, num_sats=00, hdop=9999.0, lat=0.0, lon=0.0
[LIVE] udp=2.0/s, objs=2.0/s, last_udp=0.59s, meas=1, tracks=1, valid=0, master=1186
[GPS] GGA fix_quality=0, num_sats=00, hdop=9999.0, lat=0.0, lon=0.0
[LIVE] udp=0.0/s, objs=0.0/s, last_udp=1.59s, meas=1, tracks=1, valid=0, master=1186
[LIVE] udp=0.0/s, objs=0.0/s, last_udp=2.59s, meas=1, tracks=1, valid=0, master=1186
[LIVE] udp=2.0/s, objs=2.0/s, last_udp=0.00s, meas=1, tracks=1, valid=0, master=1186
[LIVE] udp=3.0/s, objs=3.0/s, last_udp=0.04s, meas=1, tracks=1, valid=1, master=1195
[LIVE] udp=3.0/s, objs=3.0/s, last_udp=0.09s, meas=1, tracks=1, valid=1, master=1195
[GPS] GGA fix_quality=0, num_sats=00, hdop=9999.0, lat=0.0, lon=0.0
[LIVE] udp=3.0/s, objs=3.0/s, last_udp=0.12s, meas=1, tracks=1, valid=1, master=1195
[GPS] GGA fix_quality=0, num_sats=00, hdop=9999.0, lat=0.0, lon=0.0
[LIVE] udp=3.0/s, objs=3.0/s, last_udp=0.17s, meas=1, tracks=1, valid=1, master=1195
[GPS] GGA fix_quality=0, num_sats=00, hdop=9999.0, lat=0.0, lon=0.0
[LIVE] udp=3.0/s, objs=3.0/s, last_udp=0.24s, meas=1, tracks=1, valid=1, master=1195
[GPS] GGA fix_quality=0, num_sats=00, hdop=9999.0, lat=0.0, lon=0.0
[LIVE] udp=3.0/s, objs=3.0/s, last_udp=0.30s, meas=1, tracks=1, valid=1, master=1195
[GPS] GGA fix_quality=0, num_sats=00, hdop=9999.0, lat=0.0, lon=0.0
[LIVE] udp=1.0/s, objs=1.0/s, last_udp=0.99s, meas=1, tracks=1, valid=1, master=1195
[GPS] GGA fix_quality=0, num_sats=00, hdop=9999.0, lat=0.0, lon=0.0
[LIVE] udp=0.0/s, objs=0.0/s, last_udp=1.99s, meas=1, tracks=1, valid=1, master=1195
[LIVE] udp=0.0/s, objs=0.0/s, last_udp=2.99s, meas=1, tracks=1, valid=1, master=1195
[LIVE] udp=1.0/s, objs=1.0/s, last_udp=0.14s, meas=1, tracks=1, valid=0, master=1195
[LIVE] udp=1.0/s, objs=1.0/s, last_udp=0.81s, meas=1, tracks=2, valid=0, master=1195
[LIVE] udp=0.0/s, objs=0.0/s, last_udp=1.81s, meas=1, tracks=2, valid=0, master=1195
[GPS] GGA fix_quality=0, num_sats=00, hdop=9999.0, lat=0.0, lon=0.0
[LIVE] udp=3.0/s, objs=3.0/s, last_udp=0.28s, meas=1, tracks=1, valid=1, master=1198
[GPS] GGA fix_quality=0, num_sats=00, hdop=9999.0, lat=0.0, lon=0.0
[LIVE] udp=2.0/s, objs=2.0/s, last_udp=0.63s, meas=1, tracks=1, valid=1, master=1198
[GPS] GGA fix_quality=0, num_sats=00, hdop=9999.0, lat=0.0, lon=0.0
[LIVE] udp=1.0/s, objs=1.0/s, last_udp=0.99s, meas=1, tracks=1, valid=1, master=1198
[GPS] GGA fix_quality=0, num_sats=00, hdop=9999.0, lat=0.0, lon=0.0
[LIVE] udp=0.0/s, objs=0.0/s, last_udp=1.99s, meas=1, tracks=1, valid=1, master=1198
[GPS] GGA fix_quality=0, num_sats=00, hdop=9999.0, lat=0.0, lon=0.0
[LIVE] udp=0.0/s, objs=0.0/s, last_udp=2.99s, meas=1, tracks=1, valid=1, master=1198
[GPS] GGA fix_quality=0, num_sats=00, hdop=9999.0, lat=0.0, lon=0.0
[LIVE] udp=0.0/s, objs=0.0/s, last_udp=4.00s, meas=1, tracks=1, valid=1, master=1198
[LIVE] udp=0.0/s, objs=0.0/s, last_udp=5.00s, meas=1, tracks=1, valid=1, master=1198
[LIVE] udp=0.0/s, objs=0.0/s, last_udp=6.00s, meas=1, tracks=1, valid=1, master=1198
[LIVE] udp=0.0/s, objs=0.0/s, last_udp=7.01s, meas=1, tracks=1, valid=1, master=1198
[LIVE] udp=0.0/s, objs=0.0/s, last_udp=8.01s, meas=1, tracks=1, valid=1, master=1198
[GPS] GGA fix_quality=0, num_sats=00, hdop=9999.0, lat=0.0, lon=0.0
[LIVE] udp=0.0/s, objs=0.0/s, last_udp=9.01s, meas=1, tracks=1, valid=1, master=1198
[GPS] GGA fix_quality=0, num_sats=00, hdop=9999.0, lat=0.0, lon=0.0
[LIVE] udp=0.0/s, objs=0.0/s, last_udp=10.02s, meas=1, tracks=1, valid=1, master=1198
[GPS] GGA fix_quality=0, num_sats=00, hdop=9999.0, lat=0.0, lon=0.0
[LIVE] udp=0.0/s, objs=0.0/s, last_udp=11.02s, meas=1, tracks=1, valid=1, master=1198
[GPS] GGA fix_quality=0, num_sats=00, hdop=9999.0, lat=0.0, lon=0.0
[LIVE] udp=2.0/s, objs=2.0/s, last_udp=0.18s, meas=1, tracks=2, valid=0, master=1198
[GPS] GGA fix_quality=0, num_sats=00, hdop=9999.0, lat=0.0, lon=0.0
[LIVE] udp=0.0/s, objs=0.0/s, last_udp=1.18s, meas=1, tracks=2, valid=0, master=1198
[GPS] GGA fix_quality=0, num_sats=00, hdop=9999.0, lat=0.0, lon=0.0
[LIVE] udp=0.0/s, objs=0.0/s, last_udp=2.18s, meas=1, tracks=2, valid=0, master=1198
[LIVE] udp=0.0/s, objs=0.0/s, last_udp=3.18s, meas=1, tracks=2, valid=0, master=1198
[LIVE] udp=0.0/s, objs=0.0/s, last_udp=4.19s, meas=1, tracks=2, valid=0, master=1198
[LIVE] udp=0.0/s, objs=0.0/s, last_udp=5.19s, meas=1, tracks=2, valid=0, master=1198
[LIVE] udp=0.0/s, objs=0.0/s, last_udp=6.19s, meas=1, tracks=2, valid=0, master=1198
[GPS] GGA fix_quality=0, num_sats=00, hdop=9999.0, lat=0.0, lon=0.0
[LIVE] udp=0.0/s, objs=0.0/s, last_udp=7.19s, meas=1, tracks=2, valid=0, master=1198
[GPS] GGA fix_quality=0, num_sats=00, hdop=9999.0, lat=0.0, lon=0.0
[LIVE] udp=0.0/s, objs=0.0/s, last_udp=8.20s, meas=1, tracks=2, valid=0, master=1198
[GPS] GGA fix_quality=0, num_sats=00, hdop=9999.0, lat=0.0, lon=0.0
[LIVE] udp=0.0/s, objs=0.0/s, last_udp=9.20s, meas=1, tracks=2, valid=0, master=1198
[GPS] GGA fix_quality=0, num_sats=00, hdop=9999.0, lat=0.0, lon=0.0
[LIVE] udp=0.0/s, objs=0.0/s, last_udp=10.20s, meas=1, tracks=2, valid=0, master=1198
[GPS] GGA fix_quality=0, num_sats=00, hdop=9999.0, lat=0.0, lon=0.0
[LIVE] udp=0.0/s, objs=0.0/s, last_udp=11.20s, meas=1, tracks=2, valid=0, master=1198
[GPS] GGA fix_quality=0, num_sats=00, hdop=9999.0, lat=0.0, lon=0.0
[LIVE] udp=0.0/s, objs=0.0/s, last_udp=12.20s, meas=1, tracks=2, valid=0, master=1198
[LIVE] udp=0.0/s, objs=0.0/s, last_udp=13.21s, meas=1, tracks=2, valid=0, master=1198
[LIVE] udp=0.0/s, objs=0.0/s, last_udp=14.21s, meas=1, tracks=2, valid=0, master=1198
[LIVE] udp=0.0/s, objs=0.0/s, last_udp=15.21s, meas=1, tracks=2, valid=0, master=1198
[LIVE] udp=0.0/s, objs=0.0/s, last_udp=16.22s, meas=1, tracks=2, valid=0, master=1198
[GPS] GGA fix_quality=0, num_sats=00, hdop=9999.0, lat=0.0, lon=0.0
[LIVE] udp=0.0/s, objs=0.0/s, last_udp=17.22s, meas=1, tracks=2, valid=0, master=1198
[GPS] GGA fix_quality=0, num_sats=00, hdop=9999.0, lat=0.0, lon=0.0
[LIVE] udp=0.0/s, objs=0.0/s, last_udp=18.22s, meas=1, tracks=2, valid=0, master=1198
[GPS] GGA fix_quality=0, num_sats=00, hdop=9999.0, lat=0.0, lon=0.0
[LIVE] udp=0.0/s, objs=0.0/s, last_udp=19.23s, meas=1, tracks=2, valid=0, master=1198
[GPS] GGA fix_quality=0, num_sats=00, hdop=9999.0, lat=0.0, lon=0.0
[LIVE] udp=0.0/s, objs=0.0/s, last_udp=20.23s, meas=1, tracks=2, valid=0, master=1198
[GPS] GGA fix_quality=0, num_sats=00, hdop=9999.0, lat=0.0, lon=0.0
[LIVE] udp=0.0/s, objs=0.0/s, last_udp=21.23s, meas=1, tracks=2, valid=0, master=1198
[GPS] GGA fix_quality=0, num_sats=00, hdop=9999.0, lat=0.0, lon=0.0
[LIVE] udp=0.0/s, objs=0.0/s, last_udp=22.24s, meas=1, tracks=2, valid=0, master=1198
[LIVE] udp=0.0/s, objs=0.0/s, last_udp=23.24s, meas=1, tracks=2, valid=0, master=1198
[LIVE] udp=0.0/s, objs=0.0/s, last_udp=24.24s, meas=1, tracks=2, valid=0, master=1198
[LIVE] udp=0.0/s, objs=0.0/s, last_udp=25.25s, meas=1, tracks=2, valid=0, master=1198
[LIVE] udp=0.0/s, objs=0.0/s, last_udp=26.25s, meas=1, tracks=2, valid=0, master=1198
[GPS] GGA fix_quality=0, num_sats=00, hdop=9999.0, lat=0.0, lon=0.0
[LIVE] udp=0.0/s, objs=0.0/s, last_udp=27.25s, meas=1, tracks=2, valid=0, master=1198
[GPS] GGA fix_quality=0, num_sats=00, hdop=9999.0, lat=0.0, lon=0.0
[LIVE] udp=0.0/s, objs=0.0/s, last_udp=28.25s, meas=1, tracks=2, valid=0, master=1198
[GPS] GGA fix_quality=0, num_sats=00, hdop=9999.0, lat=0.0, lon=0.0
[LIVE] udp=0.0/s, objs=0.0/s, last_udp=29.25s, meas=1, tracks=2, valid=0, master=1198
[GPS] GGA fix_quality=0, num_sats=00, hdop=9999.0, lat=0.0, lon=0.0
[LIVE] udp=1.0/s, objs=1.0/s, last_udp=0.54s, meas=1, tracks=1, valid=0, master=1198
[GPS] GGA fix_quality=0, num_sats=00, hdop=9999.0, lat=0.0, lon=0.0
[LIVE] udp=1.0/s, objs=1.0/s, last_udp=0.91s, meas=1, tracks=1, valid=0, master=1198
[GPS] GGA fix_quality=0, num_sats=00, hdop=9999.0, lat=0.0, lon=0.0
[LIVE] udp=0.0/s, objs=0.0/s, last_udp=1.91s, meas=1, tracks=1, valid=0, master=1198
[LIVE] udp=0.0/s, objs=0.0/s, last_udp=2.91s, meas=1, tracks=1, valid=0, master=1198
[LIVE] udp=0.0/s, objs=0.0/s, last_udp=3.92s, meas=1, tracks=1, valid=0, master=1198
[LIVE] udp=0.0/s, objs=0.0/s, last_udp=4.92s, meas=1, tracks=1, valid=0, master=1198
[LIVE] udp=0.0/s, objs=0.0/s, last_udp=5.92s, meas=1, tracks=1, valid=0, master=1198
[GPS] GGA fix_quality=0, num_sats=00, hdop=9999.0, lat=0.0, lon=0.0
[LIVE] udp=0.0/s, objs=0.0/s, last_udp=6.93s, meas=1, tracks=1, valid=0, master=1198
[GPS] GGA fix_quality=0, num_sats=00, hdop=9999.0, lat=0.0, lon=0.0
[LIVE] udp=0.0/s, objs=0.0/s, last_udp=7.93s, meas=1, tracks=1, valid=0, master=1198
[GPS] GGA fix_quality=0, num_sats=00, hdop=9999.0, lat=0.0, lon=0.0
[LIVE] udp=0.0/s, objs=0.0/s, last_udp=8.93s, meas=1, tracks=1, valid=0, master=1198
[GPS] GGA fix_quality=0, num_sats=00, hdop=9999.0, lat=0.0, lon=0.0
[LIVE] udp=0.0/s, objs=0.0/s, last_udp=9.94s, meas=1, tracks=1, valid=0, master=1198
[GPS] GGA fix_quality=0, num_sats=00, hdop=9999.0, lat=0.0, lon=0.0
[LIVE] udp=0.0/s, objs=0.0/s, last_udp=10.94s, meas=1, tracks=1, valid=0, master=1198
[GPS] GGA fix_quality=0, num_sats=00, hdop=9999.0, lat=0.0, lon=0.0
[LIVE] udp=0.0/s, objs=0.0/s, last_udp=11.94s, meas=1, tracks=1, valid=0, master=1198
[LIVE] udp=0.0/s, objs=0.0/s, last_udp=12.94s, meas=1, tracks=1, valid=0, master=1198
[LIVE] udp=0.0/s, objs=0.0/s, last_udp=13.94s, meas=1, tracks=1, valid=0, master=1198
[LIVE] udp=0.0/s, objs=0.0/s, last_udp=14.94s, meas=1, tracks=1, valid=0, master=1198
[LIVE] udp=0.0/s, objs=0.0/s, last_udp=15.94s, meas=1, tracks=1, valid=0, master=1198
[GPS] GGA fix_quality=0, num_sats=00, hdop=9999.0, lat=0.0, lon=0.0
[LIVE] udp=0.0/s, objs=0.0/s, last_udp=16.95s, meas=1, tracks=1, valid=0, master=1198
[GPS] GGA fix_quality=0, num_sats=00, hdop=9999.0, lat=0.0, lon=0.0
[LIVE] udp=0.0/s, objs=0.0/s, last_udp=17.95s, meas=1, tracks=1, valid=0, master=1198
[GPS] GGA fix_quality=0, num_sats=00, hdop=9999.0, lat=0.0, lon=0.0
[LIVE] udp=0.0/s, objs=0.0/s, last_udp=18.95s, meas=1, tracks=1, valid=0, master=1198
[GPS] GGA fix_quality=0, num_sats=00, hdop=9999.0, lat=0.0, lon=0.0
[LIVE] udp=0.0/s, objs=0.0/s, last_udp=19.95s, meas=1, tracks=1, valid=0, master=1198
[GPS] GGA fix_quality=0, num_sats=00, hdop=9999.0, lat=0.0, lon=0.0
[LIVE] udp=0.0/s, objs=0.0/s, last_udp=20.96s, meas=1, tracks=1, valid=0, master=1198
[GPS] GGA fix_quality=0, num_sats=00, hdop=9999.0, lat=0.0, lon=0.0
[LIVE] udp=0.0/s, objs=0.0/s, last_udp=21.96s, meas=1, tracks=1, valid=0, master=1198
[LIVE] udp=0.0/s, objs=0.0/s, last_udp=22.96s, meas=1, tracks=1, valid=0, master=1198
[LIVE] udp=0.0/s, objs=0.0/s, last_udp=23.96s, meas=1, tracks=1, valid=0, master=1198
[LIVE] udp=0.0/s, objs=0.0/s, last_udp=24.96s, meas=1, tracks=1, valid=0, master=1198
[LIVE] udp=0.0/s, objs=0.0/s, last_udp=25.97s, meas=1, tracks=1, valid=0, master=1198
[GPS] GGA fix_quality=0, num_sats=00, hdop=9999.0, lat=0.0, lon=0.0
[LIVE] udp=0.0/s, objs=0.0/s, last_udp=26.97s, meas=1, tracks=1, valid=0, master=1198
[GPS] GGA fix_quality=0, num_sats=00, hdop=9999.0, lat=0.0, lon=0.0
[LIVE] udp=0.0/s, objs=0.0/s, last_udp=27.97s, meas=1, tracks=1, valid=0, master=1198
[GPS] GGA fix_quality=0, num_sats=00, hdop=9999.0, lat=0.0, lon=0.0
[LIVE] udp=0.0/s, objs=0.0/s, last_udp=28.97s, meas=1, tracks=1, valid=0, master=1198
[GPS] GGA fix_quality=0, num_sats=00, hdop=9999.0, lat=0.0, lon=0.0
[LIVE] udp=0.0/s, objs=0.0/s, last_udp=29.98s, meas=1, tracks=1, valid=0, master=1198
[GPS] GGA fix_quality=0, num_sats=00, hdop=9999.0, lat=0.0, lon=0.0
[LIVE] udp=0.0/s, objs=0.0/s, last_udp=30.98s, meas=1, tracks=1, valid=0, master=1198
[GPS] GGA fix_quality=0, num_sats=00, hdop=9999.0, lat=0.0, lon=0.0
[LIVE] udp=0.0/s, objs=0.0/s, last_udp=31.98s, meas=1, tracks=1, valid=0, master=1198
[LIVE] udp=0.0/s, objs=0.0/s, last_udp=32.98s, meas=1, tracks=1, valid=0, master=1198
[LIVE] udp=0.0/s, objs=0.0/s, last_udp=33.99s, meas=1, tracks=1, valid=0, master=1198
[LIVE] udp=0.0/s, objs=0.0/s, last_udp=34.99s, meas=1, tracks=1, valid=0, master=1198
[LIVE] udp=0.0/s, objs=0.0/s, last_udp=35.99s, meas=1, tracks=1, valid=0, master=1198
[GPS] GGA fix_quality=0, num_sats=00, hdop=9999.0, lat=0.0, lon=0.0
[LIVE] udp=0.0/s, objs=0.0/s, last_udp=37.00s, meas=1, tracks=1, valid=0, master=1198
[GPS] GGA fix_quality=0, num_sats=00, hdop=9999.0, lat=0.0, lon=0.0
[LIVE] udp=0.0/s, objs=0.0/s, last_udp=38.00s, meas=1, tracks=1, valid=0, master=1198
[GPS] GGA fix_quality=0, num_sats=00, hdop=9999.0, lat=0.0, lon=0.0
[LIVE] udp=2.0/s, objs=2.0/s, last_udp=0.20s, meas=1, tracks=1, valid=0, master=1198
[GPS] GGA fix_quality=0, num_sats=00, hdop=9999.0, lat=0.0, lon=0.0
[LIVE] udp=2.0/s, objs=2.0/s, last_udp=0.53s, meas=1, tracks=1, valid=1, master=1202
[GPS] GGA fix_quality=0, num_sats=00, hdop=9999.0, lat=0.0, lon=0.0
[LIVE] udp=0.0/s, objs=0.0/s, last_udp=1.54s, meas=1, tracks=1, valid=1, master=1202
[GPS] GGA fix_quality=0, num_sats=00, hdop=9999.0, lat=0.0, lon=0.0
[LIVE] udp=0.0/s, objs=0.0/s, last_udp=2.54s, meas=1, tracks=1, valid=1, master=1202
[LIVE] udp=0.0/s, objs=0.0/s, last_udp=3.54s, meas=1, tracks=1, valid=1, master=1202
[LIVE] udp=0.0/s, objs=0.0/s, last_udp=4.55s, meas=1, tracks=1, valid=1, master=1202
[LIVE] udp=0.0/s, objs=0.0/s, last_udp=5.55s, meas=1, tracks=1, valid=1, master=1202
[LIVE] udp=0.0/s, objs=0.0/s, last_udp=6.56s, meas=1, tracks=1, valid=1, master=1202
[GPS] GGA fix_quality=0, num_sats=00, hdop=9999.0, lat=0.0, lon=0.0
[LIVE] udp=0.0/s, objs=0.0/s, last_udp=7.56s, meas=1, tracks=1, valid=1, master=1202
[GPS] GGA fix_quality=0, num_sats=00, hdop=9999.0, lat=0.0, lon=0.0
[LIVE] udp=0.0/s, objs=0.0/s, last_udp=8.56s, meas=1, tracks=1, valid=1, master=1202
[GPS] GGA fix_quality=0, num_sats=00, hdop=9999.0, lat=0.0, lon=0.0
[LIVE] udp=0.0/s, objs=0.0/s, last_udp=9.56s, meas=1, tracks=1, valid=1, master=1202
[GPS] GGA fix_quality=0, num_sats=00, hdop=9999.0, lat=0.0, lon=0.0
[LIVE] udp=0.0/s, objs=0.0/s, last_udp=10.56s, meas=1, tracks=1, valid=1, master=1202
[GPS] GGA fix_quality=0, num_sats=00, hdop=9999.0, lat=0.0, lon=0.0
[LIVE] udp=0.0/s, objs=0.0/s, last_udp=11.57s, meas=1, tracks=1, valid=1, master=1202
[GPS] GGA fix_quality=0, num_sats=00, hdop=9999.0, lat=0.0, lon=0.0
[LIVE] udp=1.0/s, objs=1.0/s, last_udp=0.39s, meas=1, tracks=1, valid=0, master=1202
[LIVE] udp=0.0/s, objs=0.0/s, last_udp=1.40s, meas=1, tracks=1, valid=0, master=1202
[LIVE] udp=0.0/s, objs=0.0/s, last_udp=2.40s, meas=1, tracks=1, valid=0, master=1202
[LIVE] udp=0.0/s, objs=0.0/s, last_udp=3.40s, meas=1, tracks=1, valid=0, master=1202
[LIVE] udp=0.0/s, objs=0.0/s, last_udp=4.40s, meas=1, tracks=1, valid=0, master=1202
[GPS] GGA fix_quality=0, num_sats=00, hdop=9999.0, lat=0.0, lon=0.0
[LIVE] udp=0.0/s, objs=0.0/s, last_udp=5.41s, meas=1, tracks=1, valid=0, master=1202
[GPS] GGA fix_quality=0, num_sats=00, hdop=9999.0, lat=0.0, lon=0.0
[LIVE] udp=0.0/s, objs=0.0/s, last_udp=6.41s, meas=1, tracks=1, valid=0, master=1202
[GPS] GGA fix_quality=0, num_sats=00, hdop=9999.0, lat=0.0, lon=0.0
[LIVE] udp=0.0/s, objs=0.0/s, last_udp=7.41s, meas=1, tracks=1, valid=0, master=1202
[GPS] GGA fix_quality=0, num_sats=00, hdop=9999.0, lat=0.0, lon=0.0
[LIVE] udp=0.0/s, objs=0.0/s, last_udp=8.42s, meas=1, tracks=1, valid=0, master=1202
[GPS] GGA fix_quality=0, num_sats=00, hdop=9999.0, lat=0.0, lon=0.0
[LIVE] udp=0.0/s, objs=0.0/s, last_udp=9.42s, meas=1, tracks=1, valid=0, master=1202
[GPS] GGA fix_quality=0, num_sats=00, hdop=9999.0, lat=0.0, lon=0.0
[LIVE] udp=0.0/s, objs=0.0/s, last_udp=10.42s, meas=1, tracks=1, valid=0, master=1202
[LIVE] udp=0.0/s, objs=0.0/s, last_udp=11.42s, meas=1, tracks=1, valid=0, master=1202
[LIVE] udp=0.0/s, objs=0.0/s, last_udp=12.43s, meas=1, tracks=1, valid=0, master=1202
[LIVE] udp=0.0/s, objs=0.0/s, last_udp=13.43s, meas=1, tracks=1, valid=0, master=1202
[LIVE] udp=0.0/s, objs=0.0/s, last_udp=14.43s, meas=1, tracks=1, valid=0, master=1202
[GPS] GGA fix_quality=0, num_sats=00, hdop=9999.0, lat=0.0, lon=0.0
[LIVE] udp=0.0/s, objs=0.0/s, last_udp=15.43s, meas=1, tracks=1, valid=0, master=1202
[GPS] GGA fix_quality=0, num_sats=00, hdop=9999.0, lat=0.0, lon=0.0
[LIVE] udp=0.0/s, objs=0.0/s, last_udp=16.43s, meas=1, tracks=1, valid=0, master=1202
[GPS] GGA fix_quality=0, num_sats=00, hdop=9999.0, lat=0.0, lon=0.0
[LIVE] udp=0.0/s, objs=0.0/s, last_udp=17.44s, meas=1, tracks=1, valid=0, master=1202
[GPS] GGA fix_quality=0, num_sats=00, hdop=9999.0, lat=0.0, lon=0.0
[LIVE] udp=0.0/s, objs=0.0/s, last_udp=18.44s, meas=1, tracks=1, valid=0, master=1202
[GPS] GGA fix_quality=0, num_sats=00, hdop=9999.0, lat=0.0, lon=0.0
[LIVE] udp=0.0/s, objs=0.0/s, last_udp=19.45s, meas=1, tracks=1, valid=0, master=1202
[GPS] GGA fix_quality=0, num_sats=00, hdop=9999.0, lat=0.0, lon=0.0
[LIVE] udp=0.0/s, objs=0.0/s, last_udp=20.45s, meas=1, tracks=1, valid=0, master=1202
[LIVE] udp=0.0/s, objs=0.0/s, last_udp=21.45s, meas=1, tracks=1, valid=0, master=1202
[LIVE] udp=0.0/s, objs=0.0/s, last_udp=22.45s, meas=1, tracks=1, valid=0, master=1202
[LIVE] udp=0.0/s, objs=0.0/s, last_udp=23.46s, meas=1, tracks=1, valid=0, master=1202
[LIVE] udp=0.0/s, objs=0.0/s, last_udp=24.46s, meas=1, tracks=1, valid=0, master=1202
[GPS] GGA fix_quality=0, num_sats=00, hdop=9999.0, lat=0.0, lon=0.0
[LIVE] udp=0.0/s, objs=0.0/s, last_udp=25.46s, meas=1, tracks=1, valid=0, master=1202
[GPS] GGA fix_quality=0, num_sats=00, hdop=9999.0, lat=0.0, lon=0.0
[LIVE] udp=0.0/s, objs=0.0/s, last_udp=26.47s, meas=1, tracks=1, valid=0, master=1202
[GPS] GGA fix_quality=0, num_sats=00, hdop=9999.0, lat=0.0, lon=0.0
[LIVE] udp=0.0/s, objs=0.0/s, last_udp=27.47s, meas=1, tracks=1, valid=0, master=1202
[GPS] GGA fix_quality=0, num_sats=00, hdop=9999.0, lat=0.0, lon=0.0
[LIVE] udp=0.0/s, objs=0.0/s, last_udp=28.47s, meas=1, tracks=1, valid=0, master=1202
[GPS] GGA fix_quality=0, num_sats=00, hdop=9999.0, lat=0.0, lon=0.0
[LIVE] udp=0.0/s, objs=0.0/s, last_udp=29.48s, meas=1, tracks=1, valid=0, master=1202
[GPS] GGA fix_quality=0, num_sats=00, hdop=9999.0, lat=0.0, lon=0.0
[LIVE] udp=0.0/s, objs=0.0/s, last_udp=30.48s, meas=1, tracks=1, valid=0, master=1202
[LIVE] udp=0.0/s, objs=0.0/s, last_udp=31.48s, meas=1, tracks=1, valid=0, master=1202
[LIVE] udp=0.0/s, objs=0.0/s, last_udp=32.48s, meas=1, tracks=1, valid=0, master=1202
[LIVE] udp=0.0/s, objs=0.0/s, last_udp=33.49s, meas=1, tracks=1, valid=0, master=1202
[LIVE] udp=0.0/s, objs=0.0/s, last_udp=34.49s, meas=1, tracks=1, valid=0, master=1202
[GPS] GGA fix_quality=0, num_sats=00, hdop=9999.0, lat=0.0, lon=0.0
[LIVE] udp=0.0/s, objs=0.0/s, last_udp=35.49s, meas=1, tracks=1, valid=0, master=1202
[GPS] GGA fix_quality=0, num_sats=00, hdop=9999.0, lat=0.0, lon=0.0
[LIVE] udp=0.0/s, objs=0.0/s, last_udp=36.49s, meas=1, tracks=1, valid=0, master=1202
[GPS] GGA fix_quality=0, num_sats=00, hdop=9999.0, lat=0.0, lon=0.0
[LIVE] udp=0.0/s, objs=0.0/s, last_udp=37.50s, meas=1, tracks=1, valid=0, master=1202
[GPS] GGA fix_quality=0, num_sats=00, hdop=9999.0, lat=0.0, lon=0.0
[LIVE] udp=0.0/s, objs=0.0/s, last_udp=38.50s, meas=1, tracks=1, valid=0, master=1202
[GPS] GGA fix_quality=0, num_sats=00, hdop=9999.0, lat=0.0, lon=0.0
[LIVE] udp=0.0/s, objs=0.0/s, last_udp=39.50s, meas=1, tracks=1, valid=0, master=1202
[GPS] GGA fix_quality=0, num_sats=00, hdop=9999.0, lat=0.0, lon=0.0
[LIVE] udp=0.0/s, objs=0.0/s, last_udp=40.51s, meas=1, tracks=1, valid=0, master=1202
[LIVE] udp=0.0/s, objs=0.0/s, last_udp=41.51s, meas=1, tracks=1, valid=0, master=1202
[LIVE] udp=0.0/s, objs=0.0/s, last_udp=42.51s, meas=1, tracks=1, valid=0, master=1202
[LIVE] udp=0.0/s, objs=0.0/s, last_udp=43.51s, meas=1, tracks=1, valid=0, master=1202
[LIVE] udp=0.0/s, objs=0.0/s, last_udp=44.51s, meas=1, tracks=1, valid=0, master=1202
[GPS] GGA fix_quality=0, num_sats=00, hdop=9999.0, lat=0.0, lon=0.0
[LIVE] udp=0.0/s, objs=0.0/s, last_udp=45.51s, meas=1, tracks=1, valid=0, master=1202
[GPS] GGA fix_quality=0, num_sats=00, hdop=9999.0, lat=0.0, lon=0.0
[LIVE] udp=0.0/s, objs=0.0/s, last_udp=46.52s, meas=1, tracks=1, valid=0, master=1202
[GPS] GGA fix_quality=0, num_sats=00, hdop=9999.0, lat=0.0, lon=0.0
[LIVE] udp=0.0/s, objs=0.0/s, last_udp=47.52s, meas=1, tracks=1, valid=0, master=1202
[GPS] GGA fix_quality=0, num_sats=00, hdop=9999.0, lat=0.0, lon=0.0
[LIVE] udp=0.0/s, objs=0.0/s, last_udp=48.52s, meas=1, tracks=1, valid=0, master=1202
[GPS] GGA fix_quality=0, num_sats=00, hdop=9999.0, lat=0.0, lon=0.0
[LIVE] udp=0.0/s, objs=0.0/s, last_udp=49.52s, meas=1, tracks=1, valid=0, master=1202
[GPS] GGA fix_quality=0, num_sats=00, hdop=9999.0, lat=0.0, lon=0.0
[LIVE] udp=0.0/s, objs=0.0/s, last_udp=50.53s, meas=1, tracks=1, valid=0, master=1202
[LIVE] udp=0.0/s, objs=0.0/s, last_udp=51.53s, meas=1, tracks=1, valid=0, master=1202
[LIVE] udp=0.0/s, objs=0.0/s, last_udp=52.53s, meas=1, tracks=1, valid=0, master=1202
[LIVE] udp=0.0/s, objs=0.0/s, last_udp=53.53s, meas=1, tracks=1, valid=0, master=1202
[LIVE] udp=0.0/s, objs=0.0/s, last_udp=54.54s, meas=1, tracks=1, valid=0, master=1202
[GPS] GGA fix_quality=0, num_sats=00, hdop=9999.0, lat=0.0, lon=0.0
[LIVE] udp=0.0/s, objs=0.0/s, last_udp=55.54s, meas=1, tracks=1, valid=0, master=1202
[GPS] GGA fix_quality=0, num_sats=00, hdop=9999.0, lat=0.0, lon=0.0
[LIVE] udp=0.0/s, objs=0.0/s, last_udp=56.54s, meas=1, tracks=1, valid=0, master=1202
[GPS] GGA fix_quality=0, num_sats=00, hdop=9999.0, lat=0.0, lon=0.0
[LIVE] udp=0.0/s, objs=0.0/s, last_udp=57.54s, meas=1, tracks=1, valid=0, master=1202
[GPS] GGA fix_quality=0, num_sats=00, hdop=9999.0, lat=0.0, lon=0.0
[LIVE] udp=0.0/s, objs=0.0/s, last_udp=58.55s, meas=1, tracks=1, valid=0, master=1202
[GPS] GGA fix_quality=0, num_sats=00, hdop=9999.0, lat=0.0, lon=0.0
[LIVE] udp=0.0/s, objs=0.0/s, last_udp=59.55s, meas=1, tracks=1, valid=0, master=1202
[GPS] GGA fix_quality=0, num_sats=00, hdop=9999.0, lat=0.0, lon=0.0
[LIVE] udp=0.0/s, objs=0.0/s, last_udp=60.55s, meas=1, tracks=1, valid=0, master=1202
[LIVE] udp=0.0/s, objs=0.0/s, last_udp=61.56s, meas=1, tracks=1, valid=0, master=1202
[LIVE] udp=0.0/s, objs=0.0/s, last_udp=62.56s, meas=1, tracks=1, valid=0, master=1202
[LIVE] udp=0.0/s, objs=0.0/s, last_udp=63.57s, meas=1, tracks=1, valid=0, master=1202
[LIVE] udp=0.0/s, objs=0.0/s, last_udp=64.57s, meas=1, tracks=1, valid=0, master=1202
[GPS] GGA fix_quality=0, num_sats=00, hdop=9999.0, lat=0.0, lon=0.0
[LIVE] udp=0.0/s, objs=0.0/s, last_udp=65.57s, meas=1, tracks=1, valid=0, master=1202
[GPS] GGA fix_quality=0, num_sats=00, hdop=9999.0, lat=0.0, lon=0.0
[LIVE] udp=0.0/s, objs=0.0/s, last_udp=66.58s, meas=1, tracks=1, valid=0, master=1202
[GPS] GGA fix_quality=0, num_sats=00, hdop=9999.0, lat=0.0, lon=0.0
[LIVE] udp=0.0/s, objs=0.0/s, last_udp=67.58s, meas=1, tracks=1, valid=0, master=1202
[GPS] GGA fix_quality=0, num_sats=00, hdop=9999.0, lat=0.0, lon=0.0
[LIVE] udp=1.0/s, objs=1.0/s, last_udp=0.36s, meas=1, tracks=1, valid=0, master=1202
[GPS] GGA fix_quality=0, num_sats=00, hdop=9999.0, lat=0.0, lon=0.0
[LIVE] udp=0.0/s, objs=0.0/s, last_udp=1.36s, meas=1, tracks=1, valid=0, master=1202
[GPS] GGA fix_quality=0, num_sats=00, hdop=9999.0, lat=0.0, lon=0.0
[LIVE] udp=0.0/s, objs=0.0/s, last_udp=2.37s, meas=1, tracks=1, valid=0, master=1202
[LIVE] udp=0.0/s, objs=0.0/s, last_udp=3.37s, meas=1, tracks=1, valid=0, master=1202
[LIVE] udp=0.0/s, objs=0.0/s, last_udp=4.37s, meas=1, tracks=1, valid=0, master=1202
[LIVE] udp=0.0/s, objs=0.0/s, last_udp=5.37s, meas=1, tracks=1, valid=0, master=1202
[LIVE] udp=0.0/s, objs=0.0/s, last_udp=6.38s, meas=1, tracks=1, valid=0, master=1202
[GPS] GGA fix_quality=0, num_sats=00, hdop=9999.0, lat=0.0, lon=0.0
[LIVE] udp=0.0/s, objs=0.0/s, last_udp=7.38s, meas=1, tracks=1, valid=0, master=1202
[GPS] GGA fix_quality=0, num_sats=00, hdop=9999.0, lat=0.0, lon=0.0
[LIVE] udp=0.0/s, objs=0.0/s, last_udp=8.38s, meas=1, tracks=1, valid=0, master=1202
[GPS] GGA fix_quality=0, num_sats=00, hdop=9999.0, lat=0.0, lon=0.0
[LIVE] udp=0.0/s, objs=0.0/s, last_udp=9.38s, meas=1, tracks=1, valid=0, master=1202
[GPS] GGA fix_quality=0, num_sats=00, hdop=9999.0, lat=0.0, lon=0.0
[LIVE] udp=0.0/s, objs=0.0/s, last_udp=10.38s, meas=1, tracks=1, valid=0, master=1202
[GPS] GGA fix_quality=0, num_sats=00, hdop=9999.0, lat=0.0, lon=0.0
[GPS] GGA fix_quality=0, num_sats=00, hdop=9999.0, lat=0.0, lon=0.0
[LIVE] udp=0.0/s, objs=0.0/s, last_udp=11.39s, meas=1, tracks=1, valid=0, master=1202
[LIVE] udp=0.0/s, objs=0.0/s, last_udp=12.39s, meas=1, tracks=1, valid=0, master=1202
[LIVE] udp=0.0/s, objs=0.0/s, last_udp=13.39s, meas=1, tracks=1, valid=0, master=1202
[LIVE] udp=0.0/s, objs=0.0/s, last_udp=14.40s, meas=1, tracks=1, valid=0, master=1202
[LIVE] udp=0.0/s, objs=0.0/s, last_udp=15.40s, meas=1, tracks=1, valid=0, master=1202
[GPS] GGA fix_quality=0, num_sats=00, hdop=9999.0, lat=0.0, lon=0.0
[LIVE] udp=0.0/s, objs=0.0/s, last_udp=16.40s, meas=1, tracks=1, valid=0, master=1202
[GPS] GGA fix_quality=0, num_sats=00, hdop=9999.0, lat=0.0, lon=0.0
[LIVE] udp=0.0/s, objs=0.0/s, last_udp=17.41s, meas=1, tracks=1, valid=0, master=1202
[GPS] GGA fix_quality=0, num_sats=00, hdop=9999.0, lat=0.0, lon=0.0
[LIVE] udp=0.0/s, objs=0.0/s, last_udp=18.41s, meas=1, tracks=1, valid=0, master=1202
[GPS] GGA fix_quality=0, num_sats=00, hdop=9999.0, lat=0.0, lon=0.0
[LIVE] udp=0.0/s, objs=0.0/s, last_udp=19.41s, meas=1, tracks=1, valid=0, master=1202
[GPS] GGA fix_quality=0, num_sats=00, hdop=9999.0, lat=0.0, lon=0.0
[LIVE] udp=0.0/s, objs=0.0/s, last_udp=20.42s, meas=1, tracks=1, valid=0, master=1202
[GPS] GGA fix_quality=0, num_sats=00, hdop=9999.0, lat=0.0, lon=0.0
[LIVE] udp=0.0/s, objs=0.0/s, last_udp=21.42s, meas=1, tracks=1, valid=0, master=1202
[LIVE] udp=0.0/s, objs=0.0/s, last_udp=22.42s, meas=1, tracks=1, valid=0, master=1202
[LIVE] udp=0.0/s, objs=0.0/s, last_udp=23.42s, meas=1, tracks=1, valid=0, master=1202
[LIVE] udp=0.0/s, objs=0.0/s, last_udp=24.42s, meas=1, tracks=1, valid=0, master=1202
[LIVE] udp=0.0/s, objs=0.0/s, last_udp=25.42s, meas=1, tracks=1, valid=0, master=1202
[GPS] GGA fix_quality=0, num_sats=00, hdop=9999.0, lat=0.0, lon=0.0
[LIVE] udp=0.0/s, objs=0.0/s, last_udp=26.42s, meas=1, tracks=1, valid=0, master=1202
[GPS] GGA fix_quality=0, num_sats=00, hdop=9999.0, lat=0.0, lon=0.0
[LIVE] udp=0.0/s, objs=0.0/s, last_udp=27.43s, meas=1, tracks=1, valid=0, master=1202
[GPS] GGA fix_quality=0, num_sats=00, hdop=9999.0, lat=0.0, lon=0.0
[LIVE] udp=0.0/s, objs=0.0/s, last_udp=28.43s, meas=1, tracks=1, valid=0, master=1202
[GPS] GGA fix_quality=0, num_sats=00, hdop=9999.0, lat=0.0, lon=0.0
[LIVE] udp=0.0/s, objs=0.0/s, last_udp=29.43s, meas=1, tracks=1, valid=0, master=1202
[GPS] GGA fix_quality=0, num_sats=00, hdop=9999.0, lat=0.0, lon=0.0
[LIVE] udp=0.0/s, objs=0.0/s, last_udp=30.44s, meas=1, tracks=1, valid=0, master=1202
[GPS] GGA fix_quality=0, num_sats=00, hdop=9999.0, lat=0.0, lon=0.0
[LIVE] udp=0.0/s, objs=0.0/s, last_udp=31.44s, meas=1, tracks=1, valid=0, master=1202
[LIVE] udp=0.0/s, objs=0.0/s, last_udp=32.44s, meas=1, tracks=1, valid=0, master=1202
[LIVE] udp=0.0/s, objs=0.0/s, last_udp=33.44s, meas=1, tracks=1, valid=0, master=1202
[LIVE] udp=0.0/s, objs=0.0/s, last_udp=34.44s, meas=1, tracks=1, valid=0, master=1202
[LIVE] udp=0.0/s, objs=0.0/s, last_udp=35.45s, meas=1, tracks=1, valid=0, master=1202
[GPS] GGA fix_quality=0, num_sats=00, hdop=9999.0, lat=0.0, lon=0.0
[LIVE] udp=0.0/s, objs=0.0/s, last_udp=36.45s, meas=1, tracks=1, valid=0, master=1202
[GPS] GGA fix_quality=0, num_sats=00, hdop=9999.0, lat=0.0, lon=0.0
[LIVE] udp=0.0/s, objs=0.0/s, last_udp=37.45s, meas=1, tracks=1, valid=0, master=1202
[GPS] GGA fix_quality=0, num_sats=00, hdop=9999.0, lat=0.0, lon=0.0
[LIVE] udp=0.0/s, objs=0.0/s, last_udp=38.45s, meas=1, tracks=1, valid=0, master=1202
[GPS] GGA fix_quality=0, num_sats=00, hdop=9999.0, lat=0.0, lon=0.0
[LIVE] udp=0.0/s, objs=0.0/s, last_udp=39.46s, meas=1, tracks=1, valid=0, master=1202
[GPS] GGA fix_quality=0, num_sats=00, hdop=9999.0, lat=0.0, lon=0.0
[LIVE] udp=0.0/s, objs=0.0/s, last_udp=40.46s, meas=1, tracks=1, valid=0, master=1202
[GPS] GGA fix_quality=0, num_sats=00, hdop=9999.0, lat=0.0, lon=0.0
[LIVE] udp=0.0/s, objs=0.0/s, last_udp=41.46s, meas=1, tracks=1, valid=0, master=1202
[LIVE] udp=0.0/s, objs=0.0/s, last_udp=42.46s, meas=1, tracks=1, valid=0, master=1202
[LIVE] udp=0.0/s, objs=0.0/s, last_udp=43.47s, meas=1, tracks=1, valid=0, master=1202
[LIVE] udp=0.0/s, objs=0.0/s, last_udp=44.47s, meas=1, tracks=1, valid=0, master=1202
[LIVE] udp=0.0/s, objs=0.0/s, last_udp=45.47s, meas=1, tracks=1, valid=0, master=1202
[GPS] GGA fix_quality=0, num_sats=00, hdop=9999.0, lat=0.0, lon=0.0
[LIVE] udp=0.0/s, objs=0.0/s, last_udp=46.47s, meas=1, tracks=1, valid=0, master=1202
[GPS] GGA fix_quality=0, num_sats=00, hdop=9999.0, lat=0.0, lon=0.0
[LIVE] udp=0.0/s, objs=0.0/s, last_udp=47.48s, meas=1, tracks=1, valid=0, master=1202
[GPS] GGA fix_quality=0, num_sats=00, hdop=9999.0, lat=0.0, lon=0.0
[LIVE] udp=0.0/s, objs=0.0/s, last_udp=48.48s, meas=1, tracks=1, valid=0, master=1202
[GPS] GGA fix_quality=0, num_sats=00, hdop=9999.0, lat=0.0, lon=0.0
[LIVE] udp=0.0/s, objs=0.0/s, last_udp=49.48s, meas=1, tracks=1, valid=0, master=1202
[GPS] GGA fix_quality=0, num_sats=00, hdop=9999.0, lat=0.0, lon=0.0
[LIVE] udp=0.0/s, objs=0.0/s, last_udp=50.48s, meas=1, tracks=1, valid=0, master=1202
[GPS] GGA fix_quality=0, num_sats=00, hdop=9999.0, lat=0.0, lon=0.0
[LIVE] udp=0.0/s, objs=0.0/s, last_udp=51.49s, meas=1, tracks=1, valid=0, master=1202
[LIVE] udp=0.0/s, objs=0.0/s, last_udp=52.49s, meas=1, tracks=1, valid=0, master=1202
[LIVE] udp=0.0/s, objs=0.0/s, last_udp=53.49s, meas=1, tracks=1, valid=0, master=1202
[LIVE] udp=0.0/s, objs=0.0/s, last_udp=54.49s, meas=1, tracks=1, valid=0, master=1202
[LIVE] udp=0.0/s, objs=0.0/s, last_udp=55.49s, meas=1, tracks=1, valid=0, master=1202
[GPS] GGA fix_quality=0, num_sats=00, hdop=9999.0, lat=0.0, lon=0.0
[LIVE] udp=0.0/s, objs=0.0/s, last_udp=56.50s, meas=1, tracks=1, valid=0, master=1202
[GPS] GGA fix_quality=0, num_sats=00, hdop=9999.0, lat=0.0, lon=0.0
[LIVE] udp=0.0/s, objs=0.0/s, last_udp=57.50s, meas=1, tracks=1, valid=0, master=1202
[GPS] GGA fix_quality=0, num_sats=00, hdop=9999.0, lat=0.0, lon=0.0
[LIVE] udp=0.0/s, objs=0.0/s, last_udp=58.50s, meas=1, tracks=1, valid=0, master=1202
[GPS] GGA fix_quality=0, num_sats=00, hdop=9999.0, lat=0.0, lon=0.0
[LIVE] udp=0.0/s, objs=0.0/s, last_udp=59.50s, meas=1, tracks=1, valid=0, master=1202
[GPS] GGA fix_quality=0, num_sats=00, hdop=9999.0, lat=0.0, lon=0.0
[LIVE] udp=0.0/s, objs=0.0/s, last_udp=60.51s, meas=1, tracks=1, valid=0, master=1202
[GPS] GGA fix_quality=0, num_sats=00, hdop=9999.0, lat=0.0, lon=0.0
[LIVE] udp=0.0/s, objs=0.0/s, last_udp=61.51s, meas=1, tracks=1, valid=0, master=1202
[LIVE] udp=0.0/s, objs=0.0/s, last_udp=62.51s, meas=1, tracks=1, valid=0, master=1202
[LIVE] udp=0.0/s, objs=0.0/s, last_udp=63.51s, meas=1, tracks=1, valid=0, master=1202
[LIVE] udp=0.0/s, objs=0.0/s, last_udp=64.51s, meas=1, tracks=1, valid=0, master=1202
[LIVE] udp=0.0/s, objs=0.0/s, last_udp=65.51s, meas=1, tracks=1, valid=0, master=1202
[GPS] GGA fix_quality=0, num_sats=00, hdop=9999.0, lat=0.0, lon=0.0
[LIVE] udp=0.0/s, objs=0.0/s, last_udp=66.51s, meas=1, tracks=1, valid=0, master=1202
[GPS] GGA fix_quality=0, num_sats=00, hdop=9999.0, lat=0.0, lon=0.0
[LIVE] udp=0.0/s, objs=0.0/s, last_udp=67.52s, meas=1, tracks=1, valid=0, master=1202
[GPS] GGA fix_quality=0, num_sats=00, hdop=9999.0, lat=0.0, lon=0.0
[LIVE] udp=0.0/s, objs=0.0/s, last_udp=68.52s, meas=1, tracks=1, valid=0, master=1202
[GPS] GGA fix_quality=0, num_sats=00, hdop=9999.0, lat=0.0, lon=0.0
[LIVE] udp=0.0/s, objs=0.0/s, last_udp=69.52s, meas=1, tracks=1, valid=0, master=1202
[GPS] GGA fix_quality=0, num_sats=00, hdop=9999.0, lat=0.0, lon=0.0
[LIVE] udp=0.0/s, objs=0.0/s, last_udp=70.53s, meas=1, tracks=1, valid=0, master=1202
[GPS] GGA fix_quality=0, num_sats=00, hdop=9999.0, lat=0.0, lon=0.0
[LIVE] udp=0.0/s, objs=0.0/s, last_udp=71.53s, meas=1, tracks=1, valid=0, master=1202
[LIVE] udp=0.0/s, objs=0.0/s, last_udp=72.53s, meas=1, tracks=1, valid=0, master=1202
[LIVE] udp=0.0/s, objs=0.0/s, last_udp=73.54s, meas=1, tracks=1, valid=0, master=1202
[LIVE] udp=0.0/s, objs=0.0/s, last_udp=74.54s, meas=1, tracks=1, valid=0, master=1202
[LIVE] udp=0.0/s, objs=0.0/s, last_udp=75.55s, meas=1, tracks=1, valid=0, master=1202
[GPS] GGA fix_quality=0, num_sats=00, hdop=9999.0, lat=0.0, lon=0.0
[LIVE] udp=0.0/s, objs=0.0/s, last_udp=76.55s, meas=1, tracks=1, valid=0, master=1202
[GPS] GGA fix_quality=0, num_sats=00, hdop=9999.0, lat=0.0, lon=0.0
[LIVE] udp=0.0/s, objs=0.0/s, last_udp=77.55s, meas=1, tracks=1, valid=0, master=1202
[GPS] GGA fix_quality=0, num_sats=00, hdop=9999.0, lat=0.0, lon=0.0
[LIVE] udp=0.0/s, objs=0.0/s, last_udp=78.55s, meas=1, tracks=1, valid=0, master=1202
[GPS] GGA fix_quality=0, num_sats=00, hdop=9999.0, lat=0.0, lon=0.0
[LIVE] udp=0.0/s, objs=0.0/s, last_udp=79.55s, meas=1, tracks=1, valid=0, master=1202
[GPS] GGA fix_quality=0, num_sats=00, hdop=9999.0, lat=0.0, lon=0.0
[LIVE] udp=0.0/s, objs=0.0/s, last_udp=80.55s, meas=1, tracks=1, valid=0, master=1202
[GPS] GGA fix_quality=0, num_sats=00, hdop=9999.0, lat=0.0, lon=0.0
[LIVE] udp=0.0/s, objs=0.0/s, last_udp=81.56s, meas=1, tracks=1, valid=0, master=1202
[LIVE] udp=0.0/s, objs=0.0/s, last_udp=82.56s, meas=1, tracks=1, valid=0, master=1202
[LIVE] udp=0.0/s, objs=0.0/s, last_udp=83.56s, meas=1, tracks=1, valid=0, master=1202
[LIVE] udp=0.0/s, objs=0.0/s, last_udp=84.56s, meas=1, tracks=1, valid=0, master=1202
[LIVE] udp=0.0/s, objs=0.0/s, last_udp=85.56s, meas=1, tracks=1, valid=0, master=1202
[GPS] GGA fix_quality=0, num_sats=00, hdop=9999.0, lat=0.0, lon=0.0
[LIVE] udp=0.0/s, objs=0.0/s, last_udp=86.57s, meas=1, tracks=1, valid=0, master=1202
[GPS] GGA fix_quality=0, num_sats=00, hdop=9999.0, lat=0.0, lon=0.0
[LIVE] udp=0.0/s, objs=0.0/s, last_udp=87.57s, meas=1, tracks=1, valid=0, master=1202
[GPS] GGA fix_quality=0, num_sats=00, hdop=9999.0, lat=0.0, lon=0.0
[LIVE] udp=0.0/s, objs=0.0/s, last_udp=88.57s, meas=1, tracks=1, valid=0, master=1202
[GPS] GGA fix_quality=0, num_sats=00, hdop=9999.0, lat=0.0, lon=0.0
[LIVE] udp=0.0/s, objs=0.0/s, last_udp=89.57s, meas=1, tracks=1, valid=0, master=1202
[GPS] GGA fix_quality=0, num_sats=00, hdop=9999.0, lat=0.0, lon=0.0
[LIVE] udp=0.0/s, objs=0.0/s, last_udp=90.58s, meas=1, tracks=1, valid=0, master=1202
[GPS] GGA fix_quality=0, num_sats=00, hdop=9999.0, lat=0.0, lon=0.0
[LIVE] udp=0.0/s, objs=0.0/s, last_udp=91.58s, meas=1, tracks=1, valid=0, master=1202
[LIVE] udp=0.0/s, objs=0.0/s, last_udp=92.59s, meas=1, tracks=1, valid=0, master=1202
[LIVE] udp=0.0/s, objs=0.0/s, last_udp=93.59s, meas=1, tracks=1, valid=0, master=1202
[LIVE] udp=0.0/s, objs=0.0/s, last_udp=94.59s, meas=1, tracks=1, valid=0, master=1202
[LIVE] udp=0.0/s, objs=0.0/s, last_udp=95.59s, meas=1, tracks=1, valid=0, master=1202
[GPS] GGA fix_quality=0, num_sats=00, hdop=9999.0, lat=0.0, lon=0.0
[LIVE] udp=0.0/s, objs=0.0/s, last_udp=96.59s, meas=1, tracks=1, valid=0, master=1202
[GPS] GGA fix_quality=0, num_sats=00, hdop=9999.0, lat=0.0, lon=0.0
[LIVE] udp=0.0/s, objs=0.0/s, last_udp=97.60s, meas=1, tracks=1, valid=0, master=1202
[GPS] GGA fix_quality=0, num_sats=00, hdop=9999.0, lat=0.0, lon=0.0
[LIVE] udp=0.0/s, objs=0.0/s, last_udp=98.60s, meas=1, tracks=1, valid=0, master=1202
[GPS] GGA fix_quality=0, num_sats=00, hdop=9999.0, lat=0.0, lon=0.0
[LIVE] udp=0.0/s, objs=0.0/s, last_udp=99.60s, meas=1, tracks=1, valid=0, master=1202
[GPS] GGA fix_quality=0, num_sats=00, hdop=9999.0, lat=0.0, lon=0.0
[LIVE] udp=0.0/s, objs=0.0/s, last_udp=100.61s, meas=1, tracks=1, valid=0, master=1202
[GPS] GGA fix_quality=0, num_sats=00, hdop=9999.0, lat=0.0, lon=0.0
[LIVE] udp=0.0/s, objs=0.0/s, last_udp=101.61s, meas=1, tracks=1, valid=0, master=1202
[LIVE] udp=0.0/s, objs=0.0/s, last_udp=102.61s, meas=1, tracks=1, valid=0, master=1202
[LIVE] udp=0.0/s, objs=0.0/s, last_udp=103.61s, meas=1, tracks=1, valid=0, master=1202
[LIVE] udp=0.0/s, objs=0.0/s, last_udp=104.62s, meas=1, tracks=1, valid=0, master=1202
[LIVE] udp=0.0/s, objs=0.0/s, last_udp=105.62s, meas=1, tracks=1, valid=0, master=1202
[GPS] GGA fix_quality=0, num_sats=00, hdop=9999.0, lat=0.0, lon=0.0
[LIVE] udp=0.0/s, objs=0.0/s, last_udp=106.62s, meas=1, tracks=1, valid=0, master=1202
[GPS] GGA fix_quality=0, num_sats=00, hdop=9999.0, lat=0.0, lon=0.0
[LIVE] udp=0.0/s, objs=0.0/s, last_udp=107.63s, meas=1, tracks=1, valid=0, master=1202
[GPS] GGA fix_quality=0, num_sats=00, hdop=9999.0, lat=0.0, lon=0.0
[LIVE] udp=0.0/s, objs=0.0/s, last_udp=108.63s, meas=1, tracks=1, valid=0, master=1202
[GPS] GGA fix_quality=0, num_sats=00, hdop=9999.0, lat=0.0, lon=0.0
[LIVE] udp=0.0/s, objs=0.0/s, last_udp=109.63s, meas=1, tracks=1, valid=0, master=1202
[GPS] GGA fix_quality=0, num_sats=00, hdop=9999.0, lat=0.0, lon=0.0
[LIVE] udp=0.0/s, objs=0.0/s, last_udp=110.63s, meas=1, tracks=1, valid=0, master=1202
[GPS] GGA fix_quality=0, num_sats=00, hdop=9999.0, lat=0.0, lon=0.0
[LIVE] udp=0.0/s, objs=0.0/s, last_udp=111.64s, meas=1, tracks=1, valid=0, master=1202
[LIVE] udp=0.0/s, objs=0.0/s, last_udp=112.64s, meas=1, tracks=1, valid=0, master=1202
[LIVE] udp=0.0/s, objs=0.0/s, last_udp=113.64s, meas=1, tracks=1, valid=0, master=1202
[LIVE] udp=0.0/s, objs=0.0/s, last_udp=114.64s, meas=1, tracks=1, valid=0, master=1202
[LIVE] udp=0.0/s, objs=0.0/s, last_udp=115.64s, meas=1, tracks=1, valid=0, master=1202
[GPS] GGA fix_quality=0, num_sats=00, hdop=9999.0, lat=0.0, lon=0.0
[LIVE] udp=0.0/s, objs=0.0/s, last_udp=116.64s, meas=1, tracks=1, valid=0, master=1202
[GPS] GGA fix_quality=0, num_sats=00, hdop=9999.0, lat=0.0, lon=0.0
[LIVE] udp=0.0/s, objs=0.0/s, last_udp=117.65s, meas=1, tracks=1, valid=0, master=1202
[GPS] GGA fix_quality=0, num_sats=00, hdop=9999.0, lat=0.0, lon=0.0
[LIVE] udp=0.0/s, objs=0.0/s, last_udp=118.65s, meas=1, tracks=1, valid=0, master=1202
[GPS] GGA fix_quality=0, num_sats=00, hdop=9999.0, lat=0.0, lon=0.0
[LIVE] udp=0.0/s, objs=0.0/s, last_udp=119.65s, meas=1, tracks=1, valid=0, master=1202
[GPS] GGA fix_quality=0, num_sats=00, hdop=9999.0, lat=0.0, lon=0.0
[LIVE] udp=0.0/s, objs=0.0/s, last_udp=120.66s, meas=1, tracks=1, valid=0, master=1202
[GPS] GGA fix_quality=0, num_sats=00, hdop=9999.0, lat=0.0, lon=0.0
[LIVE] udp=0.0/s, objs=0.0/s, last_udp=121.66s, meas=1, tracks=1, valid=0, master=1202
[LIVE] udp=0.0/s, objs=0.0/s, last_udp=122.66s, meas=1, tracks=1, valid=0, master=1202
[LIVE] udp=0.0/s, objs=0.0/s, last_udp=123.66s, meas=1, tracks=1, valid=0, master=1202
[LIVE] udp=0.0/s, objs=0.0/s, last_udp=124.66s, meas=1, tracks=1, valid=0, master=1202
[LIVE] udp=0.0/s, objs=0.0/s, last_udp=125.67s, meas=1, tracks=1, valid=0, master=1202
[GPS] GGA fix_quality=0, num_sats=00, hdop=9999.0, lat=0.0, lon=0.0
[LIVE] udp=0.0/s, objs=0.0/s, last_udp=126.67s, meas=1, tracks=1, valid=0, master=1202
[GPS] GGA fix_quality=0, num_sats=00, hdop=9999.0, lat=0.0, lon=0.0
[LIVE] udp=0.0/s, objs=0.0/s, last_udp=127.67s, meas=1, tracks=1, valid=0, master=1202
[GPS] GGA fix_quality=0, num_sats=00, hdop=9999.0, lat=0.0, lon=0.0
[LIVE] udp=0.0/s, objs=0.0/s, last_udp=128.67s, meas=1, tracks=1, valid=0, master=1202
[GPS] GGA fix_quality=0, num_sats=00, hdop=9999.0, lat=0.0, lon=0.0
[LIVE] udp=0.0/s, objs=0.0/s, last_udp=129.68s, meas=1, tracks=1, valid=0, master=1202
[GPS] GGA fix_quality=0, num_sats=00, hdop=9999.0, lat=0.0, lon=0.0
[LIVE] udp=0.0/s, objs=0.0/s, last_udp=130.68s, meas=1, tracks=1, valid=0, master=1202
[GPS] GGA fix_quality=0, num_sats=00, hdop=9999.0, lat=0.0, lon=0.0
[LIVE] udp=0.0/s, objs=0.0/s, last_udp=131.68s, meas=1, tracks=1, valid=0, master=1202
[LIVE] udp=0.0/s, objs=0.0/s, last_udp=132.68s, meas=1, tracks=1, valid=0, master=1202
[LIVE] udp=0.0/s, objs=0.0/s, last_udp=133.69s, meas=1, tracks=1, valid=0, master=1202
[LIVE] udp=0.0/s, objs=0.0/s, last_udp=134.69s, meas=1, tracks=1, valid=0, master=1202
[LIVE] udp=0.0/s, objs=0.0/s, last_udp=135.69s, meas=1, tracks=1, valid=0, master=1202
[GPS] GGA fix_quality=0, num_sats=00, hdop=9999.0, lat=0.0, lon=0.0
[LIVE] udp=0.0/s, objs=0.0/s, last_udp=136.69s, meas=1, tracks=1, valid=0, master=1202
[GPS] GGA fix_quality=0, num_sats=00, hdop=9999.0, lat=0.0, lon=0.0
[LIVE] udp=0.0/s, objs=0.0/s, last_udp=137.69s, meas=1, tracks=1, valid=0, master=1202
[GPS] GGA fix_quality=0, num_sats=00, hdop=9999.0, lat=0.0, lon=0.0
[LIVE] udp=0.0/s, objs=0.0/s, last_udp=138.70s, meas=1, tracks=1, valid=0, master=1202
[GPS] GGA fix_quality=0, num_sats=00, hdop=9999.0, lat=0.0, lon=0.0
[LIVE] udp=0.0/s, objs=0.0/s, last_udp=139.70s, meas=1, tracks=1, valid=0, master=1202
[GPS] GGA fix_quality=0, num_sats=00, hdop=9999.0, lat=0.0, lon=0.0
[LIVE] udp=0.0/s, objs=0.0/s, last_udp=140.70s, meas=1, tracks=1, valid=0, master=1202
[GPS] GGA fix_quality=0, num_sats=00, hdop=9999.0, lat=0.0, lon=0.0
[LIVE] udp=0.0/s, objs=0.0/s, last_udp=141.70s, meas=1, tracks=1, valid=0, master=1202
[LIVE] udp=0.0/s, objs=0.0/s, last_udp=142.70s, meas=1, tracks=1, valid=0, master=1202
[LIVE] udp=0.0/s, objs=0.0/s, last_udp=143.70s, meas=1, tracks=1, valid=0, master=1202
[LIVE] udp=0.0/s, objs=0.0/s, last_udp=144.70s, meas=1, tracks=1, valid=0, master=1202
[LIVE] udp=0.0/s, objs=0.0/s, last_udp=145.71s, meas=1, tracks=1, valid=0, master=1202
[GPS] GGA fix_quality=0, num_sats=00, hdop=9999.0, lat=0.0, lon=0.0
[LIVE] udp=0.0/s, objs=0.0/s, last_udp=146.71s, meas=1, tracks=1, valid=0, master=1202
[GPS] GGA fix_quality=0, num_sats=00, hdop=9999.0, lat=0.0, lon=0.0
[LIVE] udp=0.0/s, objs=0.0/s, last_udp=147.71s, meas=1, tracks=1, valid=0, master=1202
[GPS] GGA fix_quality=0, num_sats=00, hdop=9999.0, lat=0.0, lon=0.0
[LIVE] udp=0.0/s, objs=0.0/s, last_udp=148.72s, meas=1, tracks=1, valid=0, master=1202
[GPS] GGA fix_quality=0, num_sats=00, hdop=9999.0, lat=0.0, lon=0.0
[LIVE] udp=0.0/s, objs=0.0/s, last_udp=149.72s, meas=1, tracks=1, valid=0, master=1202
[GPS] GGA fix_quality=0, num_sats=00, hdop=9999.0, lat=0.0, lon=0.0
[LIVE] udp=0.0/s, objs=0.0/s, last_udp=150.72s, meas=1, tracks=1, valid=0, master=1202
[GPS] GGA fix_quality=0, num_sats=00, hdop=9999.0, lat=0.0, lon=0.0
[LIVE] udp=0.0/s, objs=0.0/s, last_udp=151.73s, meas=1, tracks=1, valid=0, master=1202
[LIVE] udp=0.0/s, objs=0.0/s, last_udp=152.73s, meas=1, tracks=1, valid=0, master=1202
[LIVE] udp=0.0/s, objs=0.0/s, last_udp=153.73s, meas=1, tracks=1, valid=0, master=1202
[LIVE] udp=0.0/s, objs=0.0/s, last_udp=154.73s, meas=1, tracks=1, valid=0, master=1202
[LIVE] udp=0.0/s, objs=0.0/s, last_udp=155.74s, meas=1, tracks=1, valid=0, master=1202
[GPS] GGA fix_quality=0, num_sats=00, hdop=9999.0, lat=0.0, lon=0.0
[LIVE] udp=0.0/s, objs=0.0/s, last_udp=156.74s, meas=1, tracks=1, valid=0, master=1202
[GPS] GGA fix_quality=0, num_sats=00, hdop=9999.0, lat=0.0, lon=0.0
[LIVE] udp=0.0/s, objs=0.0/s, last_udp=157.74s, meas=1, tracks=1, valid=0, master=1202
[GPS] GGA fix_quality=0, num_sats=00, hdop=9999.0, lat=0.0, lon=0.0
[LIVE] udp=0.0/s, objs=0.0/s, last_udp=158.74s, meas=1, tracks=1, valid=0, master=1202
[GPS] GGA fix_quality=0, num_sats=00, hdop=9999.0, lat=0.0, lon=0.0
[LIVE] udp=0.0/s, objs=0.0/s, last_udp=159.74s, meas=1, tracks=1, valid=0, master=1202
[GPS] GGA fix_quality=0, num_sats=00, hdop=9999.0, lat=0.0, lon=0.0
[LIVE] udp=0.0/s, objs=0.0/s, last_udp=160.74s, meas=1, tracks=1, valid=0, master=1202
[GPS] GGA fix_quality=0, num_sats=00, hdop=9999.0, lat=0.0, lon=0.0
[LIVE] udp=0.0/s, objs=0.0/s, last_udp=161.75s, meas=1, tracks=1, valid=0, master=1202
[LIVE] udp=0.0/s, objs=0.0/s, last_udp=162.75s, meas=1, tracks=1, valid=0, master=1202
[LIVE] udp=0.0/s, objs=0.0/s, last_udp=163.76s, meas=1, tracks=1, valid=0, master=1202
[LIVE] udp=0.0/s, objs=0.0/s, last_udp=164.76s, meas=1, tracks=1, valid=0, master=1202
[LIVE] udp=0.0/s, objs=0.0/s, last_udp=165.76s, meas=1, tracks=1, valid=0, master=1202
[GPS] GGA fix_quality=0, num_sats=00, hdop=9999.0, lat=0.0, lon=0.0
[LIVE] udp=0.0/s, objs=0.0/s, last_udp=166.77s, meas=1, tracks=1, valid=0, master=1202
[GPS] GGA fix_quality=0, num_sats=00, hdop=9999.0, lat=0.0, lon=0.0
[LIVE] udp=0.0/s, objs=0.0/s, last_udp=167.77s, meas=1, tracks=1, valid=0, master=1202
[GPS] GGA fix_quality=0, num_sats=00, hdop=9999.0, lat=0.0, lon=0.0
[LIVE] udp=0.0/s, objs=0.0/s, last_udp=168.77s, meas=1, tracks=1, valid=0, master=1202
[GPS] GGA fix_quality=0, num_sats=00, hdop=9999.0, lat=0.0, lon=0.0
[LIVE] udp=0.0/s, objs=0.0/s, last_udp=169.78s, meas=1, tracks=1, valid=0, master=1202
[GPS] GGA fix_quality=0, num_sats=00, hdop=9999.0, lat=0.0, lon=0.0
[LIVE] udp=0.0/s, objs=0.0/s, last_udp=170.78s, meas=1, tracks=1, valid=0, master=1202
[GPS] GGA fix_quality=0, num_sats=00, hdop=9999.0, lat=0.0, lon=0.0
[LIVE] udp=0.0/s, objs=0.0/s, last_udp=171.78s, meas=1, tracks=1, valid=0, master=1202
[LIVE] udp=0.0/s, objs=0.0/s, last_udp=172.78s, meas=1, tracks=1, valid=0, master=1202
[LIVE] udp=0.0/s, objs=0.0/s, last_udp=173.79s, meas=1, tracks=1, valid=0, master=1202
[LIVE] udp=0.0/s, objs=0.0/s, last_udp=174.79s, meas=1, tracks=1, valid=0, master=1202
[LIVE] udp=0.0/s, objs=0.0/s, last_udp=175.79s, meas=1, tracks=1, valid=0, master=1202
[GPS] GGA fix_quality=0, num_sats=00, hdop=9999.0, lat=0.0, lon=0.0
[LIVE] udp=0.0/s, objs=0.0/s, last_udp=176.80s, meas=1, tracks=1, valid=0, master=1202
[GPS] GGA fix_quality=0, num_sats=00, hdop=9999.0, lat=0.0, lon=0.0
[LIVE] udp=0.0/s, objs=0.0/s, last_udp=177.80s, meas=1, tracks=1, valid=0, master=1202
[GPS] GGA fix_quality=0, num_sats=00, hdop=9999.0, lat=0.0, lon=0.0
[LIVE] udp=0.0/s, objs=0.0/s, last_udp=178.80s, meas=1, tracks=1, valid=0, master=1202
[GPS] GGA fix_quality=0, num_sats=00, hdop=9999.0, lat=0.0, lon=0.0
[LIVE] udp=0.0/s, objs=0.0/s, last_udp=179.80s, meas=1, tracks=1, valid=0, master=1202
[GPS] GGA fix_quality=0, num_sats=00, hdop=9999.0, lat=0.0, lon=0.0
[LIVE] udp=0.0/s, objs=0.0/s, last_udp=180.81s, meas=1, tracks=1, valid=0, master=1202
[GPS] GGA fix_quality=0, num_sats=00, hdop=9999.0, lat=0.0, lon=0.0
[LIVE] udp=0.0/s, objs=0.0/s, last_udp=181.81s, meas=1, tracks=1, valid=0, master=1202
[LIVE] udp=0.0/s, objs=0.0/s, last_udp=182.81s, meas=1, tracks=1, valid=0, master=1202
[LIVE] udp=0.0/s, objs=0.0/s, last_udp=183.81s, meas=1, tracks=1, valid=0, master=1202
[LIVE] udp=0.0/s, objs=0.0/s, last_udp=184.81s, meas=1, tracks=1, valid=0, master=1202
[LIVE] udp=0.0/s, objs=0.0/s, last_udp=185.82s, meas=1, tracks=1, valid=0, master=1202
[GPS] GGA fix_quality=0, num_sats=00, hdop=9999.0, lat=0.0, lon=0.0
[LIVE] udp=0.0/s, objs=0.0/s, last_udp=186.82s, meas=1, tracks=1, valid=0, master=1202
[GPS] GGA fix_quality=0, num_sats=00, hdop=9999.0, lat=0.0, lon=0.0
[LIVE] udp=0.0/s, objs=0.0/s, last_udp=187.82s, meas=1, tracks=1, valid=0, master=1202
[GPS] GGA fix_quality=0, num_sats=00, hdop=9999.0, lat=0.0, lon=0.0
[LIVE] udp=0.0/s, objs=0.0/s, last_udp=188.82s, meas=1, tracks=1, valid=0, master=1202
[GPS] GGA fix_quality=0, num_sats=00, hdop=9999.0, lat=0.0, lon=0.0
[LIVE] udp=0.0/s, objs=0.0/s, last_udp=189.82s, meas=1, tracks=1, valid=0, master=1202
[GPS] GGA fix_quality=0, num_sats=00, hdop=9999.0, lat=0.0, lon=0.0
[LIVE] udp=0.0/s, objs=0.0/s, last_udp=190.82s, meas=1, tracks=1, valid=0, master=1202
[GPS] GGA fix_quality=0, num_sats=00, hdop=9999.0, lat=0.0, lon=0.0
[LIVE] udp=0.0/s, objs=0.0/s, last_udp=191.83s, meas=1, tracks=1, valid=0, master=1202
[LIVE] udp=0.0/s, objs=0.0/s, last_udp=192.83s, meas=1, tracks=1, valid=0, master=1202
[LIVE] udp=0.0/s, objs=0.0/s, last_udp=193.83s, meas=1, tracks=1, valid=0, master=1202
[LIVE] udp=0.0/s, objs=0.0/s, last_udp=194.84s, meas=1, tracks=1, valid=0, master=1202
[LIVE] udp=0.0/s, objs=0.0/s, last_udp=195.84s, meas=1, tracks=1, valid=0, master=1202
[GPS] GGA fix_quality=0, num_sats=00, hdop=9999.0, lat=0.0, lon=0.0
[LIVE] udp=0.0/s, objs=0.0/s, last_udp=196.84s, meas=1, tracks=1, valid=0, master=1202
[GPS] GGA fix_quality=0, num_sats=00, hdop=9999.0, lat=0.0, lon=0.0
[LIVE] udp=0.0/s, objs=0.0/s, last_udp=197.84s, meas=1, tracks=1, valid=0, master=1202
[GPS] GGA fix_quality=0, num_sats=00, hdop=9999.0, lat=0.0, lon=0.0
[LIVE] udp=0.0/s, objs=0.0/s, last_udp=198.84s, meas=1, tracks=1, valid=0, master=1202
[GPS] GGA fix_quality=0, num_sats=00, hdop=9999.0, lat=0.0, lon=0.0
[LIVE] udp=0.0/s, objs=0.0/s, last_udp=199.84s, meas=1, tracks=1, valid=0, master=1202
[GPS] GGA fix_quality=0, num_sats=00, hdop=9999.0, lat=0.0, lon=0.0
[LIVE] udp=0.0/s, objs=0.0/s, last_udp=200.84s, meas=1, tracks=1, valid=0, master=1202
[GPS] GGA fix_quality=0, num_sats=00, hdop=9999.0, lat=0.0, lon=0.0
[LIVE] udp=0.0/s, objs=0.0/s, last_udp=201.85s, meas=1, tracks=1, valid=0, master=1202
[LIVE] udp=0.0/s, objs=0.0/s, last_udp=202.85s, meas=1, tracks=1, valid=0, master=1202
[LIVE] udp=0.0/s, objs=0.0/s, last_udp=203.86s, meas=1, tracks=1, valid=0, master=1202
[LIVE] udp=0.0/s, objs=0.0/s, last_udp=204.86s, meas=1, tracks=1, valid=0, master=1202
[LIVE] udp=0.0/s, objs=0.0/s, last_udp=205.87s, meas=1, tracks=1, valid=0, master=1202
[GPS] GGA fix_quality=0, num_sats=00, hdop=9999.0, lat=0.0, lon=0.0
[LIVE] udp=0.0/s, objs=0.0/s, last_udp=206.87s, meas=1, tracks=1, valid=0, master=1202
[GPS] GGA fix_quality=0, num_sats=00, hdop=9999.0, lat=0.0, lon=0.0
[LIVE] udp=0.0/s, objs=0.0/s, last_udp=207.87s, meas=1, tracks=1, valid=0, master=1202
[GPS] GGA fix_quality=0, num_sats=00, hdop=9999.0, lat=0.0, lon=0.0
[LIVE] udp=0.0/s, objs=0.0/s, last_udp=208.87s, meas=1, tracks=1, valid=0, master=1202
[GPS] GGA fix_quality=0, num_sats=00, hdop=9999.0, lat=0.0, lon=0.0
[LIVE] udp=0.0/s, objs=0.0/s, last_udp=209.87s, meas=1, tracks=1, valid=0, master=1202
[GPS] GGA fix_quality=0, num_sats=00, hdop=9999.0, lat=0.0, lon=0.0
[LIVE] udp=0.0/s, objs=0.0/s, last_udp=210.87s, meas=1, tracks=1, valid=0, master=1202
[GPS] GGA fix_quality=0, num_sats=00, hdop=9999.0, lat=0.0, lon=0.0
[LIVE] udp=0.0/s, objs=0.0/s, last_udp=211.88s, meas=1, tracks=1, valid=0, master=1202
[LIVE] udp=0.0/s, objs=0.0/s, last_udp=212.88s, meas=1, tracks=1, valid=0, master=1202
[LIVE] udp=0.0/s, objs=0.0/s, last_udp=213.88s, meas=1, tracks=1, valid=0, master=1202
[LIVE] udp=0.0/s, objs=0.0/s, last_udp=214.89s, meas=1, tracks=1, valid=0, master=1202
[LIVE] udp=0.0/s, objs=0.0/s, last_udp=215.89s, meas=1, tracks=1, valid=0, master=1202
[GPS] GGA fix_quality=0, num_sats=00, hdop=9999.0, lat=0.0, lon=0.0
[LIVE] udp=0.0/s, objs=0.0/s, last_udp=216.89s, meas=1, tracks=1, valid=0, master=1202
[GPS] GGA fix_quality=0, num_sats=00, hdop=9999.0, lat=0.0, lon=0.0
[LIVE] udp=0.0/s, objs=0.0/s, last_udp=217.90s, meas=1, tracks=1, valid=0, master=1202
[GPS] GGA fix_quality=0, num_sats=00, hdop=9999.0, lat=0.0, lon=0.0
[LIVE] udp=0.0/s, objs=0.0/s, last_udp=218.90s, meas=1, tracks=1, valid=0, master=1202
[GPS] GGA fix_quality=0, num_sats=00, hdop=9999.0, lat=0.0, lon=0.0
[LIVE] udp=0.0/s, objs=0.0/s, last_udp=219.90s, meas=1, tracks=1, valid=0, master=1202
[GPS] GGA fix_quality=0, num_sats=00, hdop=9999.0, lat=0.0, lon=0.0
[LIVE] udp=0.0/s, objs=0.0/s, last_udp=220.91s, meas=1, tracks=1, valid=0, master=1202
[GPS] GGA fix_quality=0, num_sats=00, hdop=9999.0, lat=0.0, lon=0.0
[LIVE] udp=0.0/s, objs=0.0/s, last_udp=221.91s, meas=1, tracks=1, valid=0, master=1202
[LIVE] udp=0.0/s, objs=0.0/s, last_udp=222.91s, meas=1, tracks=1, valid=0, master=1202
[LIVE] udp=0.0/s, objs=0.0/s, last_udp=223.92s, meas=1, tracks=1, valid=0, master=1202
[LIVE] udp=0.0/s, objs=0.0/s, last_udp=224.92s, meas=1, tracks=1, valid=0, master=1202
[LIVE] udp=0.0/s, objs=0.0/s, last_udp=225.92s, meas=1, tracks=1, valid=0, master=1202
[GPS] GGA fix_quality=0, num_sats=00, hdop=9999.0, lat=0.0, lon=0.0
[LIVE] udp=0.0/s, objs=0.0/s, last_udp=226.92s, meas=1, tracks=1, valid=0, master=1202
[GPS] GGA fix_quality=0, num_sats=00, hdop=9999.0, lat=0.0, lon=0.0
[LIVE] udp=0.0/s, objs=0.0/s, last_udp=227.92s, meas=1, tracks=1, valid=0, master=1202
[GPS] GGA fix_quality=0, num_sats=00, hdop=9999.0, lat=0.0, lon=0.0
[LIVE] udp=0.0/s, objs=0.0/s, last_udp=228.92s, meas=1, tracks=1, valid=0, master=1202
[GPS] GGA fix_quality=0, num_sats=00, hdop=9999.0, lat=0.0, lon=0.0
[LIVE] udp=0.0/s, objs=0.0/s, last_udp=229.93s, meas=1, tracks=1, valid=0, master=1202
[GPS] GGA fix_quality=0, num_sats=00, hdop=9999.0, lat=0.0, lon=0.0
[LIVE] udp=0.0/s, objs=0.0/s, last_udp=230.93s, meas=1, tracks=1, valid=0, master=1202
[GPS] GGA fix_quality=0, num_sats=00, hdop=9999.0, lat=0.0, lon=0.0
[LIVE] udp=0.0/s, objs=0.0/s, last_udp=231.93s, meas=1, tracks=1, valid=0, master=1202
[LIVE] udp=0.0/s, objs=0.0/s, last_udp=232.93s, meas=1, tracks=1, valid=0, master=1202
[LIVE] udp=0.0/s, objs=0.0/s, last_udp=233.93s, meas=1, tracks=1, valid=0, master=1202
[LIVE] udp=0.0/s, objs=0.0/s, last_udp=234.94s, meas=1, tracks=1, valid=0, master=1202
[LIVE] udp=0.0/s, objs=0.0/s, last_udp=235.94s, meas=1, tracks=1, valid=0, master=1202
[GPS] GGA fix_quality=0, num_sats=00, hdop=9999.0, lat=0.0, lon=0.0
[LIVE] udp=0.0/s, objs=0.0/s, last_udp=236.94s, meas=1, tracks=1, valid=0, master=1202
[GPS] GGA fix_quality=0, num_sats=00, hdop=9999.0, lat=0.0, lon=0.0
[LIVE] udp=0.0/s, objs=0.0/s, last_udp=237.94s, meas=1, tracks=1, valid=0, master=1202
[GPS] GGA fix_quality=0, num_sats=00, hdop=9999.0, lat=0.0, lon=0.0
[LIVE] udp=0.0/s, objs=0.0/s, last_udp=238.95s, meas=1, tracks=1, valid=0, master=1202
[GPS] GGA fix_quality=0, num_sats=00, hdop=9999.0, lat=0.0, lon=0.0
[LIVE] udp=0.0/s, objs=0.0/s, last_udp=239.95s, meas=1, tracks=1, valid=0, master=1202
[GPS] GGA fix_quality=0, num_sats=00, hdop=9999.0, lat=0.0, lon=0.0
[LIVE] udp=0.0/s, objs=0.0/s, last_udp=240.95s, meas=1, tracks=1, valid=0, master=1202
[GPS] GGA fix_quality=0, num_sats=00, hdop=9999.0, lat=0.0, lon=0.0
[LIVE] udp=0.0/s, objs=0.0/s, last_udp=241.95s, meas=1, tracks=1, valid=0, master=1202
[LIVE] udp=0.0/s, objs=0.0/s, last_udp=242.96s, meas=1, tracks=1, valid=0, master=1202
[LIVE] udp=0.0/s, objs=0.0/s, last_udp=243.96s, meas=1, tracks=1, valid=0, master=1202
[LIVE] udp=0.0/s, objs=0.0/s, last_udp=244.96s, meas=1, tracks=1, valid=0, master=1202
[LIVE] udp=0.0/s, objs=0.0/s, last_udp=245.96s, meas=1, tracks=1, valid=0, master=1202
[GPS] GGA fix_quality=0, num_sats=00, hdop=9999.0, lat=0.0, lon=0.0
[LIVE] udp=0.0/s, objs=0.0/s, last_udp=246.97s, meas=1, tracks=1, valid=0, master=1202
[GPS] GGA fix_quality=0, num_sats=00, hdop=9999.0, lat=0.0, lon=0.0
[LIVE] udp=0.0/s, objs=0.0/s, last_udp=247.97s, meas=1, tracks=1, valid=0, master=1202
[GPS] GGA fix_quality=0, num_sats=00, hdop=9999.0, lat=0.0, lon=0.0
[LIVE] udp=0.0/s, objs=0.0/s, last_udp=248.97s, meas=1, tracks=1, valid=0, master=1202
[GPS] GGA fix_quality=0, num_sats=00, hdop=9999.0, lat=0.0, lon=0.0
[LIVE] udp=0.0/s, objs=0.0/s, last_udp=249.98s, meas=1, tracks=1, valid=0, master=1202
[GPS] GGA fix_quality=0, num_sats=00, hdop=9999.0, lat=0.0, lon=0.0
[LIVE] udp=0.0/s, objs=0.0/s, last_udp=250.98s, meas=1, tracks=1, valid=0, master=1202
[GPS] GGA fix_quality=0, num_sats=00, hdop=9999.0, lat=0.0, lon=0.0
[LIVE] udp=0.0/s, objs=0.0/s, last_udp=251.98s, meas=1, tracks=1, valid=0, master=1202
[LIVE] udp=0.0/s, objs=0.0/s, last_udp=252.98s, meas=1, tracks=1, valid=0, master=1202
[LIVE] udp=0.0/s, objs=0.0/s, last_udp=253.98s, meas=1, tracks=1, valid=0, master=1202
[LIVE] udp=0.0/s, objs=0.0/s, last_udp=254.98s, meas=1, tracks=1, valid=0, master=1202
[LIVE] udp=0.0/s, objs=0.0/s, last_udp=255.99s, meas=1, tracks=1, valid=0, master=1202
[GPS] GGA fix_quality=0, num_sats=00, hdop=9999.0, lat=0.0, lon=0.0
[LIVE] udp=0.0/s, objs=0.0/s, last_udp=256.99s, meas=1, tracks=1, valid=0, master=1202
[GPS] GGA fix_quality=0, num_sats=00, hdop=9999.0, lat=0.0, lon=0.0
[LIVE] udp=0.0/s, objs=0.0/s, last_udp=257.99s, meas=1, tracks=1, valid=0, master=1202
[GPS] GGA fix_quality=0, num_sats=00, hdop=9999.0, lat=0.0, lon=0.0
[LIVE] udp=0.0/s, objs=0.0/s, last_udp=258.99s, meas=1, tracks=1, valid=0, master=1202
[GPS] GGA fix_quality=0, num_sats=00, hdop=9999.0, lat=0.0, lon=0.0
[LIVE] udp=0.0/s, objs=0.0/s, last_udp=260.00s, meas=1, tracks=1, valid=0, master=1202
[GPS] GGA fix_quality=0, num_sats=00, hdop=9999.0, lat=0.0, lon=0.0
[LIVE] udp=0.0/s, objs=0.0/s, last_udp=261.00s, meas=1, tracks=1, valid=0, master=1202
[GPS] GGA fix_quality=0, num_sats=00, hdop=9999.0, lat=0.0, lon=0.0
[LIVE] udp=0.0/s, objs=0.0/s, last_udp=262.01s, meas=1, tracks=1, valid=0, master=1202
[LIVE] udp=0.0/s, objs=0.0/s, last_udp=263.01s, meas=1, tracks=1, valid=0, master=1202
[LIVE] udp=0.0/s, objs=0.0/s, last_udp=264.02s, meas=1, tracks=1, valid=0, master=1202
[LIVE] udp=0.0/s, objs=0.0/s, last_udp=265.02s, meas=1, tracks=1, valid=0, master=1202
[LIVE] udp=0.0/s, objs=0.0/s, last_udp=266.02s, meas=1, tracks=1, valid=0, master=1202
[GPS] GGA fix_quality=0, num_sats=00, hdop=9999.0, lat=0.0, lon=0.0
[LIVE] udp=0.0/s, objs=0.0/s, last_udp=267.03s, meas=1, tracks=1, valid=0, master=1202
[GPS] GGA fix_quality=0, num_sats=00, hdop=9999.0, lat=0.0, lon=0.0
[LIVE] udp=0.0/s, objs=0.0/s, last_udp=268.03s, meas=1, tracks=1, valid=0, master=1202
[GPS] GGA fix_quality=0, num_sats=00, hdop=9999.0, lat=0.0, lon=0.0
[LIVE] udp=0.0/s, objs=0.0/s, last_udp=269.03s, meas=1, tracks=1, valid=0, master=1202
[GPS] GGA fix_quality=0, num_sats=00, hdop=9999.0, lat=0.0, lon=0.0
[LIVE] udp=0.0/s, objs=0.0/s, last_udp=270.03s, meas=1, tracks=1, valid=0, master=1202
[GPS] GGA fix_quality=0, num_sats=00, hdop=9999.0, lat=0.0, lon=0.0
[LIVE] udp=0.0/s, objs=0.0/s, last_udp=271.03s, meas=1, tracks=1, valid=0, master=1202
[GPS] GGA fix_quality=0, num_sats=00, hdop=9999.0, lat=0.0, lon=0.0
[LIVE] udp=0.0/s, objs=0.0/s, last_udp=272.04s, meas=1, tracks=1, valid=0, master=1202
[LIVE] udp=0.0/s, objs=0.0/s, last_udp=273.04s, meas=1, tracks=1, valid=0, master=1202
[LIVE] udp=0.0/s, objs=0.0/s, last_udp=274.04s, meas=1, tracks=1, valid=0, master=1202
[LIVE] udp=0.0/s, objs=0.0/s, last_udp=275.04s, meas=1, tracks=1, valid=0, master=1202
[LIVE] udp=0.0/s, objs=0.0/s, last_udp=276.04s, meas=1, tracks=1, valid=0, master=1202
[GPS] GGA fix_quality=0, num_sats=00, hdop=9999.0, lat=0.0, lon=0.0
[LIVE] udp=0.0/s, objs=0.0/s, last_udp=277.05s, meas=1, tracks=1, valid=0, master=1202
[GPS] GGA fix_quality=0, num_sats=00, hdop=9999.0, lat=0.0, lon=0.0
[LIVE] udp=0.0/s, objs=0.0/s, last_udp=278.05s, meas=1, tracks=1, valid=0, master=1202
[GPS] GGA fix_quality=0, num_sats=00, hdop=9999.0, lat=0.0, lon=0.0
[LIVE] udp=0.0/s, objs=0.0/s, last_udp=279.05s, meas=1, tracks=1, valid=0, master=1202
[GPS] GGA fix_quality=0, num_sats=00, hdop=9999.0, lat=0.0, lon=0.0
[LIVE] udp=0.0/s, objs=0.0/s, last_udp=280.05s, meas=1, tracks=1, valid=0, master=1202
[GPS] GGA fix_quality=0, num_sats=00, hdop=9999.0, lat=0.0, lon=0.0
[LIVE] udp=0.0/s, objs=0.0/s, last_udp=281.06s, meas=1, tracks=1, valid=0, master=1202
[GPS] GGA fix_quality=0, num_sats=00, hdop=9999.0, lat=0.0, lon=0.0
[LIVE] udp=0.0/s, objs=0.0/s, last_udp=282.06s, meas=1, tracks=1, valid=0, master=1202
[LIVE] udp=0.0/s, objs=0.0/s, last_udp=283.06s, meas=1, tracks=1, valid=0, master=1202
[LIVE] udp=0.0/s, objs=0.0/s, last_udp=284.06s, meas=1, tracks=1, valid=0, master=1202
[LIVE] udp=0.0/s, objs=0.0/s, last_udp=285.06s, meas=1, tracks=1, valid=0, master=1202
[LIVE] udp=0.0/s, objs=0.0/s, last_udp=286.07s, meas=1, tracks=1, valid=0, master=1202
[GPS] GGA fix_quality=0, num_sats=00, hdop=9999.0, lat=0.0, lon=0.0
[LIVE] udp=0.0/s, objs=0.0/s, last_udp=287.07s, meas=1, tracks=1, valid=0, master=1202
[GPS] GGA fix_quality=0, num_sats=00, hdop=9999.0, lat=0.0, lon=0.0
[LIVE] udp=0.0/s, objs=0.0/s, last_udp=288.07s, meas=1, tracks=1, valid=0, master=1202
[GPS] GGA fix_quality=0, num_sats=00, hdop=9999.0, lat=0.0, lon=0.0
[LIVE] udp=0.0/s, objs=0.0/s, last_udp=289.08s, meas=1, tracks=1, valid=0, master=1202
[GPS] GGA fix_quality=0, num_sats=00, hdop=9999.0, lat=0.0, lon=0.0
[LIVE] udp=0.0/s, objs=0.0/s, last_udp=290.08s, meas=1, tracks=1, valid=0, master=1202
[GPS] GGA fix_quality=0, num_sats=00, hdop=9999.0, lat=0.0, lon=0.0
[LIVE] udp=0.0/s, objs=0.0/s, last_udp=291.08s, meas=1, tracks=1, valid=0, master=1202
[GPS] GGA fix_quality=0, num_sats=00, hdop=9999.0, lat=0.0, lon=0.0
[LIVE] udp=0.0/s, objs=0.0/s, last_udp=292.08s, meas=1, tracks=1, valid=0, master=1202
[LIVE] udp=0.0/s, objs=0.0/s, last_udp=293.09s, meas=1, tracks=1, valid=0, master=1202
[LIVE] udp=0.0/s, objs=0.0/s, last_udp=294.09s, meas=1, tracks=1, valid=0, master=1202
[LIVE] udp=0.0/s, objs=0.0/s, last_udp=295.09s, meas=1, tracks=1, valid=0, master=1202
[LIVE] udp=0.0/s, objs=0.0/s, last_udp=296.09s, meas=1, tracks=1, valid=0, master=1202
[GPS] GGA fix_quality=0, num_sats=00, hdop=9999.0, lat=0.0, lon=0.0
[LIVE] udp=0.0/s, objs=0.0/s, last_udp=297.10s, meas=1, tracks=1, valid=0, master=1202
[GPS] GGA fix_quality=0, num_sats=00, hdop=9999.0, lat=0.0, lon=0.0
[LIVE] udp=0.0/s, objs=0.0/s, last_udp=298.10s, meas=1, tracks=1, valid=0, master=1202
[GPS] GGA fix_quality=0, num_sats=00, hdop=9999.0, lat=0.0, lon=0.0
[LIVE] udp=0.0/s, objs=0.0/s, last_udp=299.10s, meas=1, tracks=1, valid=0, master=1202
[GPS] GGA fix_quality=0, num_sats=00, hdop=9999.0, lat=0.0, lon=0.0
[LIVE] udp=0.0/s, objs=0.0/s, last_udp=300.10s, meas=1, tracks=1, valid=0, master=1202
[GPS] GGA fix_quality=0, num_sats=00, hdop=9999.0, lat=0.0, lon=0.0
[LIVE] udp=0.0/s, objs=0.0/s, last_udp=301.10s, meas=1, tracks=1, valid=0, master=1202
[GPS] GGA fix_quality=0, num_sats=00, hdop=9999.0, lat=0.0, lon=0.0
[LIVE] udp=0.0/s, objs=0.0/s, last_udp=302.11s, meas=1, tracks=1, valid=0, master=1202
[LIVE] udp=0.0/s, objs=0.0/s, last_udp=303.11s, meas=1, tracks=1, valid=0, master=1202
[LIVE] udp=0.0/s, objs=0.0/s, last_udp=304.11s, meas=1, tracks=1, valid=0, master=1202
[LIVE] udp=0.0/s, objs=0.0/s, last_udp=305.12s, meas=1, tracks=1, valid=0, master=1202
[LIVE] udp=0.0/s, objs=0.0/s, last_udp=306.12s, meas=1, tracks=1, valid=0, master=1202
[GPS] GGA fix_quality=0, num_sats=00, hdop=9999.0, lat=0.0, lon=0.0
[LIVE] udp=0.0/s, objs=0.0/s, last_udp=307.12s, meas=1, tracks=1, valid=0, master=1202
[GPS] GGA fix_quality=0, num_sats=00, hdop=9999.0, lat=0.0, lon=0.0
[LIVE] udp=0.0/s, objs=0.0/s, last_udp=308.12s, meas=1, tracks=1, valid=0, master=1202
[GPS] GGA fix_quality=0, num_sats=00, hdop=9999.0, lat=0.0, lon=0.0
[LIVE] udp=0.0/s, objs=0.0/s, last_udp=309.12s, meas=1, tracks=1, valid=0, master=1202
[GPS] GGA fix_quality=0, num_sats=00, hdop=9999.0, lat=0.0, lon=0.0
[LIVE] udp=0.0/s, objs=0.0/s, last_udp=310.12s, meas=1, tracks=1, valid=0, master=1202
[GPS] GGA fix_quality=0, num_sats=00, hdop=9999.0, lat=0.0, lon=0.0
[LIVE] udp=0.0/s, objs=0.0/s, last_udp=311.13s, meas=1, tracks=1, valid=0, master=1202
[GPS] GGA fix_quality=0, num_sats=00, hdop=9999.0, lat=0.0, lon=0.0
[LIVE] udp=0.0/s, objs=0.0/s, last_udp=312.13s, meas=1, tracks=1, valid=0, master=1202
[LIVE] udp=0.0/s, objs=0.0/s, last_udp=313.13s, meas=1, tracks=1, valid=0, master=1202
[LIVE] udp=0.0/s, objs=0.0/s, last_udp=314.13s, meas=1, tracks=1, valid=0, master=1202
[LIVE] udp=0.0/s, objs=0.0/s, last_udp=315.13s, meas=1, tracks=1, valid=0, master=1202
[LIVE] udp=0.0/s, objs=0.0/s, last_udp=316.13s, meas=1, tracks=1, valid=0, master=1202
[GPS] GGA fix_quality=0, num_sats=00, hdop=9999.0, lat=0.0, lon=0.0
[LIVE] udp=0.0/s, objs=0.0/s, last_udp=317.14s, meas=1, tracks=1, valid=0, master=1202
[GPS] GGA fix_quality=0, num_sats=00, hdop=9999.0, lat=0.0, lon=0.0
[LIVE] udp=0.0/s, objs=0.0/s, last_udp=318.14s, meas=1, tracks=1, valid=0, master=1202
[GPS] GGA fix_quality=0, num_sats=00, hdop=9999.0, lat=0.0, lon=0.0
[LIVE] udp=0.0/s, objs=0.0/s, last_udp=319.14s, meas=1, tracks=1, valid=0, master=1202
[GPS] GGA fix_quality=0, num_sats=00, hdop=9999.0, lat=0.0, lon=0.0
[LIVE] udp=0.0/s, objs=0.0/s, last_udp=320.15s, meas=1, tracks=1, valid=0, master=1202
[GPS] GGA fix_quality=0, num_sats=00, hdop=9999.0, lat=0.0, lon=0.0
[LIVE] udp=0.0/s, objs=0.0/s, last_udp=321.15s, meas=1, tracks=1, valid=0, master=1202
[GPS] GGA fix_quality=0, num_sats=00, hdop=9999.0, lat=0.0, lon=0.0
[LIVE] udp=0.0/s, objs=0.0/s, last_udp=322.15s, meas=1, tracks=1, valid=0, master=1202
[LIVE] udp=0.0/s, objs=0.0/s, last_udp=323.16s, meas=1, tracks=1, valid=0, master=1202
[LIVE] udp=0.0/s, objs=0.0/s, last_udp=324.16s, meas=1, tracks=1, valid=0, master=1202
[LIVE] udp=0.0/s, objs=0.0/s, last_udp=325.16s, meas=1, tracks=1, valid=0, master=1202
[LIVE] udp=0.0/s, objs=0.0/s, last_udp=326.16s, meas=1, tracks=1, valid=0, master=1202
[GPS] GGA fix_quality=0, num_sats=00, hdop=9999.0, lat=0.0, lon=0.0
[LIVE] udp=0.0/s, objs=0.0/s, last_udp=327.16s, meas=1, tracks=1, valid=0, master=1202
[GPS] GGA fix_quality=0, num_sats=00, hdop=9999.0, lat=0.0, lon=0.0
[LIVE] udp=0.0/s, objs=0.0/s, last_udp=328.16s, meas=1, tracks=1, valid=0, master=1202
[GPS] GGA fix_quality=0, num_sats=00, hdop=9999.0, lat=0.0, lon=0.0
[LIVE] udp=0.0/s, objs=0.0/s, last_udp=329.17s, meas=1, tracks=1, valid=0, master=1202
[GPS] GGA fix_quality=0, num_sats=00, hdop=9999.0, lat=0.0, lon=0.0
[LIVE] udp=0.0/s, objs=0.0/s, last_udp=330.17s, meas=1, tracks=1, valid=0, master=1202
[GPS] GGA fix_quality=0, num_sats=00, hdop=9999.0, lat=0.0, lon=0.0
[LIVE] udp=0.0/s, objs=0.0/s, last_udp=331.18s, meas=1, tracks=1, valid=0, master=1202
[GPS] GGA fix_quality=0, num_sats=00, hdop=9999.0, lat=0.0, lon=0.0
[LIVE] udp=0.0/s, objs=0.0/s, last_udp=332.18s, meas=1, tracks=1, valid=0, master=1202
[LIVE] udp=0.0/s, objs=0.0/s, last_udp=333.18s, meas=1, tracks=1, valid=0, master=1202
[LIVE] udp=0.0/s, objs=0.0/s, last_udp=334.18s, meas=1, tracks=1, valid=0, master=1202
[LIVE] udp=0.0/s, objs=0.0/s, last_udp=335.18s, meas=1, tracks=1, valid=0, master=1202
[LIVE] udp=0.0/s, objs=0.0/s, last_udp=336.18s, meas=1, tracks=1, valid=0, master=1202
[GPS] GGA fix_quality=0, num_sats=00, hdop=9999.0, lat=0.0, lon=0.0
[LIVE] udp=0.0/s, objs=0.0/s, last_udp=337.19s, meas=1, tracks=1, valid=0, master=1202
[GPS] GGA fix_quality=0, num_sats=00, hdop=9999.0, lat=0.0, lon=0.0
[LIVE] udp=0.0/s, objs=0.0/s, last_udp=338.19s, meas=1, tracks=1, valid=0, master=1202
[GPS] GGA fix_quality=0, num_sats=00, hdop=9999.0, lat=0.0, lon=0.0
[LIVE] udp=0.0/s, objs=0.0/s, last_udp=339.19s, meas=1, tracks=1, valid=0, master=1202
[GPS] GGA fix_quality=0, num_sats=00, hdop=9999.0, lat=0.0, lon=0.0
[LIVE] udp=0.0/s, objs=0.0/s, last_udp=340.19s, meas=1, tracks=1, valid=0, master=1202
[GPS] GGA fix_quality=0, num_sats=00, hdop=9999.0, lat=0.0, lon=0.0
[LIVE] udp=0.0/s, objs=0.0/s, last_udp=341.19s, meas=1, tracks=1, valid=0, master=1202
[GPS] GGA fix_quality=0, num_sats=00, hdop=9999.0, lat=0.0, lon=0.0
[LIVE] udp=0.0/s, objs=0.0/s, last_udp=342.19s, meas=1, tracks=1, valid=0, master=1202
[LIVE] udp=0.0/s, objs=0.0/s, last_udp=343.19s, meas=1, tracks=1, valid=0, master=1202
[LIVE] udp=0.0/s, objs=0.0/s, last_udp=344.20s, meas=1, tracks=1, valid=0, master=1202
[LIVE] udp=0.0/s, objs=0.0/s, last_udp=345.20s, meas=1, tracks=1, valid=0, master=1202
[LIVE] udp=0.0/s, objs=0.0/s, last_udp=346.20s, meas=1, tracks=1, valid=0, master=1202
[GPS] GGA fix_quality=0, num_sats=00, hdop=9999.0, lat=0.0, lon=0.0
[LIVE] udp=0.0/s, objs=0.0/s, last_udp=347.20s, meas=1, tracks=1, valid=0, master=1202
[GPS] GGA fix_quality=0, num_sats=00, hdop=9999.0, lat=0.0, lon=0.0
[LIVE] udp=0.0/s, objs=0.0/s, last_udp=348.20s, meas=1, tracks=1, valid=0, master=1202
[GPS] GGA fix_quality=0, num_sats=00, hdop=9999.0, lat=0.0, lon=0.0
[LIVE] udp=0.0/s, objs=0.0/s, last_udp=349.21s, meas=1, tracks=1, valid=0, master=1202
[GPS] GGA fix_quality=0, num_sats=00, hdop=9999.0, lat=0.0, lon=0.0
[LIVE] udp=0.0/s, objs=0.0/s, last_udp=350.21s, meas=1, tracks=1, valid=0, master=1202
[GPS] GGA fix_quality=0, num_sats=00, hdop=9999.0, lat=0.0, lon=0.0
[LIVE] udp=0.0/s, objs=0.0/s, last_udp=351.22s, meas=1, tracks=1, valid=0, master=1202
[GPS] GGA fix_quality=0, num_sats=00, hdop=9999.0, lat=0.0, lon=0.0
[LIVE] udp=0.0/s, objs=0.0/s, last_udp=352.22s, meas=1, tracks=1, valid=0, master=1202
[LIVE] udp=0.0/s, objs=0.0/s, last_udp=353.22s, meas=1, tracks=1, valid=0, master=1202
[LIVE] udp=0.0/s, objs=0.0/s, last_udp=354.23s, meas=1, tracks=1, valid=0, master=1202
[LIVE] udp=0.0/s, objs=0.0/s, last_udp=355.23s, meas=1, tracks=1, valid=0, master=1202
[LIVE] udp=0.0/s, objs=0.0/s, last_udp=356.23s, meas=1, tracks=1, valid=0, master=1202
[GPS] GGA fix_quality=0, num_sats=00, hdop=9999.0, lat=0.0, lon=0.0
[LIVE] udp=0.0/s, objs=0.0/s, last_udp=357.23s, meas=1, tracks=1, valid=0, master=1202
[GPS] GGA fix_quality=0, num_sats=00, hdop=9999.0, lat=0.0, lon=0.0
[LIVE] udp=0.0/s, objs=0.0/s, last_udp=358.24s, meas=1, tracks=1, valid=0, master=1202
[GPS] GGA fix_quality=0, num_sats=00, hdop=9999.0, lat=0.0, lon=0.0
[LIVE] udp=0.0/s, objs=0.0/s, last_udp=359.24s, meas=1, tracks=1, valid=0, master=1202
[GPS] GGA fix_quality=0, num_sats=00, hdop=9999.0, lat=0.0, lon=0.0
[LIVE] udp=0.0/s, objs=0.0/s, last_udp=360.25s, meas=1, tracks=1, valid=0, master=1202
[GPS] GGA fix_quality=0, num_sats=00, hdop=9999.0, lat=0.0, lon=0.0
[LIVE] udp=0.0/s, objs=0.0/s, last_udp=361.25s, meas=1, tracks=1, valid=0, master=1202
[GPS] GGA fix_quality=0, num_sats=00, hdop=9999.0, lat=0.0, lon=0.0
[LIVE] udp=0.0/s, objs=0.0/s, last_udp=362.25s, meas=1, tracks=1, valid=0, master=1202
[LIVE] udp=0.0/s, objs=0.0/s, last_udp=363.25s, meas=1, tracks=1, valid=0, master=1202
[LIVE] udp=0.0/s, objs=0.0/s, last_udp=364.25s, meas=1, tracks=1, valid=0, master=1202
[LIVE] udp=0.0/s, objs=0.0/s, last_udp=365.26s, meas=1, tracks=1, valid=0, master=1202
[LIVE] udp=0.0/s, objs=0.0/s, last_udp=366.26s, meas=1, tracks=1, valid=0, master=1202
[GPS] GGA fix_quality=0, num_sats=00, hdop=9999.0, lat=0.0, lon=0.0
[LIVE] udp=0.0/s, objs=0.0/s, last_udp=367.27s, meas=1, tracks=1, valid=0, master=1202
[GPS] GGA fix_quality=0, num_sats=00, hdop=9999.0, lat=0.0, lon=0.0
[LIVE] udp=0.0/s, objs=0.0/s, last_udp=368.27s, meas=1, tracks=1, valid=0, master=1202
[GPS] GGA fix_quality=0, num_sats=00, hdop=9999.0, lat=0.0, lon=0.0
[LIVE] udp=0.0/s, objs=0.0/s, last_udp=369.27s, meas=1, tracks=1, valid=0, master=1202
[GPS] GGA fix_quality=0, num_sats=00, hdop=9999.0, lat=0.0, lon=0.0
[LIVE] udp=0.0/s, objs=0.0/s, last_udp=370.28s, meas=1, tracks=1, valid=0, master=1202
[GPS] GGA fix_quality=0, num_sats=00, hdop=9999.0, lat=0.0, lon=0.0
[LIVE] udp=0.0/s, objs=0.0/s, last_udp=371.28s, meas=1, tracks=1, valid=0, master=1202
[GPS] GGA fix_quality=0, num_sats=00, hdop=9999.0, lat=0.0, lon=0.0
[LIVE] udp=0.0/s, objs=0.0/s, last_udp=372.28s, meas=1, tracks=1, valid=0, master=1202
[LIVE] udp=0.0/s, objs=0.0/s, last_udp=373.29s, meas=1, tracks=1, valid=0, master=1202
[LIVE] udp=0.0/s, objs=0.0/s, last_udp=374.29s, meas=1, tracks=1, valid=0, master=1202
[LIVE] udp=0.0/s, objs=0.0/s, last_udp=375.29s, meas=1, tracks=1, valid=0, master=1202
[LIVE] udp=0.0/s, objs=0.0/s, last_udp=376.29s, meas=1, tracks=1, valid=0, master=1202
[GPS] GGA fix_quality=0, num_sats=00, hdop=9999.0, lat=0.0, lon=0.0
[LIVE] udp=0.0/s, objs=0.0/s, last_udp=377.29s, meas=1, tracks=1, valid=0, master=1202
[GPS] GGA fix_quality=0, num_sats=00, hdop=9999.0, lat=0.0, lon=0.0
[LIVE] udp=0.0/s, objs=0.0/s, last_udp=378.30s, meas=1, tracks=1, valid=0, master=1202
[GPS] GGA fix_quality=0, num_sats=00, hdop=9999.0, lat=0.0, lon=0.0
[LIVE] udp=0.0/s, objs=0.0/s, last_udp=379.30s, meas=1, tracks=1, valid=0, master=1202
[GPS] GGA fix_quality=0, num_sats=00, hdop=9999.0, lat=0.0, lon=0.0
[LIVE] udp=0.0/s, objs=0.0/s, last_udp=380.30s, meas=1, tracks=1, valid=0, master=1202
[GPS] GGA fix_quality=0, num_sats=00, hdop=9999.0, lat=0.0, lon=0.0
[LIVE] udp=0.0/s, objs=0.0/s, last_udp=381.30s, meas=1, tracks=1, valid=0, master=1202
[GPS] GGA fix_quality=0, num_sats=00, hdop=9999.0, lat=0.0, lon=0.0
[LIVE] udp=0.0/s, objs=0.0/s, last_udp=382.30s, meas=1, tracks=1, valid=0, master=1202
[LIVE] udp=0.0/s, objs=0.0/s, last_udp=383.31s, meas=1, tracks=1, valid=0, master=1202
[LIVE] udp=0.0/s, objs=0.0/s, last_udp=384.31s, meas=1, tracks=1, valid=0, master=1202
[LIVE] udp=0.0/s, objs=0.0/s, last_udp=385.31s, meas=1, tracks=1, valid=0, master=1202
[LIVE] udp=0.0/s, objs=0.0/s, last_udp=386.31s, meas=1, tracks=1, valid=0, master=1202
[GPS] GGA fix_quality=0, num_sats=00, hdop=9999.0, lat=0.0, lon=0.0
[LIVE] udp=0.0/s, objs=0.0/s, last_udp=387.31s, meas=1, tracks=1, valid=0, master=1202
[GPS] GGA fix_quality=0, num_sats=00, hdop=9999.0, lat=0.0, lon=0.0
[LIVE] udp=0.0/s, objs=0.0/s, last_udp=388.32s, meas=1, tracks=1, valid=0, master=1202
[GPS] GGA fix_quality=0, num_sats=00, hdop=9999.0, lat=0.0, lon=0.0
[LIVE] udp=0.0/s, objs=0.0/s, last_udp=389.32s, meas=1, tracks=1, valid=0, master=1202
[GPS] GGA fix_quality=0, num_sats=00, hdop=9999.0, lat=0.0, lon=0.0
[LIVE] udp=0.0/s, objs=0.0/s, last_udp=390.32s, meas=1, tracks=1, valid=0, master=1202
[GPS] GGA fix_quality=0, num_sats=00, hdop=9999.0, lat=0.0, lon=0.0
[LIVE] udp=0.0/s, objs=0.0/s, last_udp=391.32s, meas=1, tracks=1, valid=0, master=1202
[GPS] GGA fix_quality=0, num_sats=00, hdop=9999.0, lat=0.0, lon=0.0
[LIVE] udp=0.0/s, objs=0.0/s, last_udp=392.32s, meas=1, tracks=1, valid=0, master=1202
[LIVE] udp=0.0/s, objs=0.0/s, last_udp=393.33s, meas=1, tracks=1, valid=0, master=1202
[LIVE] udp=0.0/s, objs=0.0/s, last_udp=394.33s, meas=1, tracks=1, valid=0, master=1202
[LIVE] udp=0.0/s, objs=0.0/s, last_udp=395.33s, meas=1, tracks=1, valid=0, master=1202
[LIVE] udp=0.0/s, objs=0.0/s, last_udp=396.34s, meas=1, tracks=1, valid=0, master=1202
[GPS] GGA fix_quality=0, num_sats=00, hdop=9999.0, lat=0.0, lon=0.0
[LIVE] udp=0.0/s, objs=0.0/s, last_udp=397.34s, meas=1, tracks=1, valid=0, master=1202
[GPS] GGA fix_quality=0, num_sats=00, hdop=9999.0, lat=0.0, lon=0.0
[LIVE] udp=0.0/s, objs=0.0/s, last_udp=398.34s, meas=1, tracks=1, valid=0, master=1202
[GPS] GGA fix_quality=0, num_sats=00, hdop=9999.0, lat=0.0, lon=0.0
[LIVE] udp=0.0/s, objs=0.0/s, last_udp=399.34s, meas=1, tracks=1, valid=0, master=1202
[GPS] GGA fix_quality=0, num_sats=00, hdop=9999.0, lat=0.0, lon=0.0
[LIVE] udp=0.0/s, objs=0.0/s, last_udp=400.35s, meas=1, tracks=1, valid=0, master=1202
[GPS] GGA fix_quality=0, num_sats=00, hdop=9999.0, lat=0.0, lon=0.0
[LIVE] udp=0.0/s, objs=0.0/s, last_udp=401.35s, meas=1, tracks=1, valid=0, master=1202
[GPS] GGA fix_quality=0, num_sats=00, hdop=9999.0, lat=0.0, lon=0.0
[LIVE] udp=0.0/s, objs=0.0/s, last_udp=402.35s, meas=1, tracks=1, valid=0, master=1202
[LIVE] udp=0.0/s, objs=0.0/s, last_udp=403.35s, meas=1, tracks=1, valid=0, master=1202
[LIVE] udp=0.0/s, objs=0.0/s, last_udp=404.36s, meas=1, tracks=1, valid=0, master=1202
[LIVE] udp=0.0/s, objs=0.0/s, last_udp=405.36s, meas=1, tracks=1, valid=0, master=1202
[LIVE] udp=0.0/s, objs=0.0/s, last_udp=406.36s, meas=1, tracks=1, valid=0, master=1202
[GPS] GGA fix_quality=0, num_sats=00, hdop=9999.0, lat=0.0, lon=0.0
[LIVE] udp=0.0/s, objs=0.0/s, last_udp=407.36s, meas=1, tracks=1, valid=0, master=1202
[GPS] GGA fix_quality=0, num_sats=00, hdop=9999.0, lat=0.0, lon=0.0
[LIVE] udp=0.0/s, objs=0.0/s, last_udp=408.37s, meas=1, tracks=1, valid=0, master=1202
[GPS] GGA fix_quality=0, num_sats=00, hdop=9999.0, lat=0.0, lon=0.0
[LIVE] udp=0.0/s, objs=0.0/s, last_udp=409.37s, meas=1, tracks=1, valid=0, master=1202
[GPS] GGA fix_quality=0, num_sats=00, hdop=9999.0, lat=0.0, lon=0.0
[LIVE] udp=0.0/s, objs=0.0/s, last_udp=410.37s, meas=1, tracks=1, valid=0, master=1202
[GPS] GGA fix_quality=0, num_sats=00, hdop=9999.0, lat=0.0, lon=0.0
[LIVE] udp=0.0/s, objs=0.0/s, last_udp=411.37s, meas=1, tracks=1, valid=0, master=1202
[GPS] GGA fix_quality=0, num_sats=00, hdop=9999.0, lat=0.0, lon=0.0
[LIVE] udp=0.0/s, objs=0.0/s, last_udp=412.37s, meas=1, tracks=1, valid=0, master=1202
[LIVE] udp=0.0/s, objs=0.0/s, last_udp=413.37s, meas=1, tracks=1, valid=0, master=1202
[LIVE] udp=0.0/s, objs=0.0/s, last_udp=414.38s, meas=1, tracks=1, valid=0, master=1202
[LIVE] udp=0.0/s, objs=0.0/s, last_udp=415.38s, meas=1, tracks=1, valid=0, master=1202
[GPS] GGA fix_quality=0, num_sats=00, hdop=9999.0, lat=0.0, lon=0.0
[LIVE] udp=0.0/s, objs=0.0/s, last_udp=416.38s, meas=1, tracks=1, valid=0, master=1202
[GPS] GGA fix_quality=0, num_sats=00, hdop=9999.0, lat=0.0, lon=0.0
[LIVE] udp=0.0/s, objs=0.0/s, last_udp=417.38s, meas=1, tracks=1, valid=0, master=1202
[GPS] GGA fix_quality=0, num_sats=00, hdop=9999.0, lat=0.0, lon=0.0
[LIVE] udp=0.0/s, objs=0.0/s, last_udp=418.39s, meas=1, tracks=1, valid=0, master=1202
[GPS] GGA fix_quality=0, num_sats=00, hdop=9999.0, lat=0.0, lon=0.0
[LIVE] udp=0.0/s, objs=0.0/s, last_udp=419.39s, meas=1, tracks=1, valid=0, master=1202
[GPS] GGA fix_quality=0, num_sats=00, hdop=9999.0, lat=0.0, lon=0.0
[LIVE] udp=0.0/s, objs=0.0/s, last_udp=420.39s, meas=1, tracks=1, valid=0, master=1202
[GPS] GGA fix_quality=0, num_sats=00, hdop=9999.0, lat=0.0, lon=0.0
[LIVE] udp=0.0/s, objs=0.0/s, last_udp=421.40s, meas=1, tracks=1, valid=0, master=1202
[LIVE] udp=0.0/s, objs=0.0/s, last_udp=422.40s, meas=1, tracks=1, valid=0, master=1202
[LIVE] udp=0.0/s, objs=0.0/s, last_udp=423.40s, meas=1, tracks=1, valid=0, master=1202
[LIVE] udp=0.0/s, objs=0.0/s, last_udp=424.40s, meas=1, tracks=1, valid=0, master=1202
[LIVE] udp=0.0/s, objs=0.0/s, last_udp=425.41s, meas=1, tracks=1, valid=0, master=1202
[GPS] GGA fix_quality=0, num_sats=00, hdop=9999.0, lat=0.0, lon=0.0
[LIVE] udp=0.0/s, objs=0.0/s, last_udp=426.41s, meas=1, tracks=1, valid=0, master=1202
[GPS] GGA fix_quality=0, num_sats=00, hdop=9999.0, lat=0.0, lon=0.0
[LIVE] udp=0.0/s, objs=0.0/s, last_udp=427.41s, meas=1, tracks=1, valid=0, master=1202
[GPS] GGA fix_quality=0, num_sats=00, hdop=9999.0, lat=0.0, lon=0.0
[LIVE] udp=0.0/s, objs=0.0/s, last_udp=428.41s, meas=1, tracks=1, valid=0, master=1202
[GPS] GGA fix_quality=0, num_sats=00, hdop=9999.0, lat=0.0, lon=0.0
[LIVE] udp=0.0/s, objs=0.0/s, last_udp=429.41s, meas=1, tracks=1, valid=0, master=1202
[GPS] GGA fix_quality=0, num_sats=00, hdop=9999.0, lat=0.0, lon=0.0
[LIVE] udp=0.0/s, objs=0.0/s, last_udp=430.42s, meas=1, tracks=1, valid=0, master=1202
[GPS] GGA fix_quality=0, num_sats=00, hdop=9999.0, lat=0.0, lon=0.0
[LIVE] udp=0.0/s, objs=0.0/s, last_udp=431.42s, meas=1, tracks=1, valid=0, master=1202
[LIVE] udp=0.0/s, objs=0.0/s, last_udp=432.42s, meas=1, tracks=1, valid=0, master=1202
[LIVE] udp=0.0/s, objs=0.0/s, last_udp=433.42s, meas=1, tracks=1, valid=0, master=1202
[LIVE] udp=0.0/s, objs=0.0/s, last_udp=434.43s, meas=1, tracks=1, valid=0, master=1202
[LIVE] udp=0.0/s, objs=0.0/s, last_udp=435.43s, meas=1, tracks=1, valid=0, master=1202
[GPS] GGA fix_quality=0, num_sats=00, hdop=9999.0, lat=0.0, lon=0.0
[LIVE] udp=0.0/s, objs=0.0/s, last_udp=436.43s, meas=1, tracks=1, valid=0, master=1202
[GPS] GGA fix_quality=0, num_sats=00, hdop=9999.0, lat=0.0, lon=0.0
[LIVE] udp=0.0/s, objs=0.0/s, last_udp=437.43s, meas=1, tracks=1, valid=0, master=1202
[GPS] GGA fix_quality=0, num_sats=00, hdop=9999.0, lat=0.0, lon=0.0
[LIVE] udp=0.0/s, objs=0.0/s, last_udp=438.43s, meas=1, tracks=1, valid=0, master=1202
[GPS] GGA fix_quality=0, num_sats=00, hdop=9999.0, lat=0.0, lon=0.0
[LIVE] udp=0.0/s, objs=0.0/s, last_udp=439.44s, meas=1, tracks=1, valid=0, master=1202
[GPS] GGA fix_quality=0, num_sats=00, hdop=9999.0, lat=0.0, lon=0.0
[LIVE] udp=0.0/s, objs=0.0/s, last_udp=440.44s, meas=1, tracks=1, valid=0, master=1202
[GPS] GGA fix_quality=0, num_sats=00, hdop=9999.0, lat=0.0, lon=0.0
[LIVE] udp=0.0/s, objs=0.0/s, last_udp=441.44s, meas=1, tracks=1, valid=0, master=1202
[LIVE] udp=0.0/s, objs=0.0/s, last_udp=442.44s, meas=1, tracks=1, valid=0, master=1202
[LIVE] udp=0.0/s, objs=0.0/s, last_udp=443.44s, meas=1, tracks=1, valid=0, master=1202
[LIVE] udp=0.0/s, objs=0.0/s, last_udp=444.45s, meas=1, tracks=1, valid=0, master=1202
[LIVE] udp=0.0/s, objs=0.0/s, last_udp=445.45s, meas=1, tracks=1, valid=0, master=1202
[GPS] GGA fix_quality=0, num_sats=00, hdop=9999.0, lat=0.0, lon=0.0
[LIVE] udp=0.0/s, objs=0.0/s, last_udp=446.45s, meas=1, tracks=1, valid=0, master=1202
[GPS] GGA fix_quality=0, num_sats=00, hdop=9999.0, lat=0.0, lon=0.0
[LIVE] udp=0.0/s, objs=0.0/s, last_udp=447.45s, meas=1, tracks=1, valid=0, master=1202
[GPS] GGA fix_quality=0, num_sats=00, hdop=9999.0, lat=0.0, lon=0.0
[LIVE] udp=0.0/s, objs=0.0/s, last_udp=448.46s, meas=1, tracks=1, valid=0, master=1202
[GPS] GGA fix_quality=0, num_sats=00, hdop=9999.0, lat=0.0, lon=0.0
[LIVE] udp=0.0/s, objs=0.0/s, last_udp=449.46s, meas=1, tracks=1, valid=0, master=1202
[GPS] GGA fix_quality=0, num_sats=00, hdop=9999.0, lat=0.0, lon=0.0
[LIVE] udp=0.0/s, objs=0.0/s, last_udp=450.47s, meas=1, tracks=1, valid=0, master=1202
[GPS] GGA fix_quality=0, num_sats=00, hdop=9999.0, lat=0.0, lon=0.0
[LIVE] udp=0.0/s, objs=0.0/s, last_udp=451.47s, meas=1, tracks=1, valid=0, master=1202
[LIVE] udp=0.0/s, objs=0.0/s, last_udp=452.47s, meas=1, tracks=1, valid=0, master=1202
[LIVE] udp=0.0/s, objs=0.0/s, last_udp=453.48s, meas=1, tracks=1, valid=0, master=1202
[LIVE] udp=0.0/s, objs=0.0/s, last_udp=454.48s, meas=1, tracks=1, valid=0, master=1202
[LIVE] udp=0.0/s, objs=0.0/s, last_udp=455.49s, meas=1, tracks=1, valid=0, master=1202
[GPS] GGA fix_quality=0, num_sats=00, hdop=9999.0, lat=0.0, lon=0.0
[LIVE] udp=0.0/s, objs=0.0/s, last_udp=456.49s, meas=1, tracks=1, valid=0, master=1202
[GPS] GGA fix_quality=0, num_sats=00, hdop=9999.0, lat=0.0, lon=0.0
[LIVE] udp=0.0/s, objs=0.0/s, last_udp=457.50s, meas=1, tracks=1, valid=0, master=1202
[GPS] GGA fix_quality=0, num_sats=01, hdop=9999.0, lat=0.0, lon=0.0
[LIVE] udp=0.0/s, objs=0.0/s, last_udp=458.50s, meas=1, tracks=1, valid=0, master=1202
[GPS] GGA fix_quality=0, num_sats=01, hdop=9999.0, lat=0.0, lon=0.0
[LIVE] udp=0.0/s, objs=0.0/s, last_udp=459.50s, meas=1, tracks=1, valid=0, master=1202
[GPS] GGA fix_quality=0, num_sats=01, hdop=9999.0, lat=0.0, lon=0.0
[LIVE] udp=0.0/s, objs=0.0/s, last_udp=460.50s, meas=1, tracks=1, valid=0, master=1202
[GPS] GGA fix_quality=0, num_sats=01, hdop=9999.0, lat=0.0, lon=0.0
[LIVE] udp=0.0/s, objs=0.0/s, last_udp=461.51s, meas=1, tracks=1, valid=0, master=1202
[LIVE] udp=0.0/s, objs=0.0/s, last_udp=462.51s, meas=1, tracks=1, valid=0, master=1202
[LIVE] udp=0.0/s, objs=0.0/s, last_udp=463.51s, meas=1, tracks=1, valid=0, master=1202
[LIVE] udp=0.0/s, objs=0.0/s, last_udp=464.51s, meas=1, tracks=1, valid=0, master=1202
[LIVE] udp=0.0/s, objs=0.0/s, last_udp=465.51s, meas=1, tracks=1, valid=0, master=1202
[GPS] GGA fix_quality=0, num_sats=01, hdop=9999.0, lat=0.0, lon=0.0
[LIVE] udp=0.0/s, objs=0.0/s, last_udp=466.51s, meas=1, tracks=1, valid=0, master=1202
[GPS] GGA fix_quality=0, num_sats=01, hdop=9999.0, lat=0.0, lon=0.0
[LIVE] udp=0.0/s, objs=0.0/s, last_udp=467.52s, meas=1, tracks=1, valid=0, master=1202
[GPS] GGA fix_quality=0, num_sats=01, hdop=9999.0, lat=0.0, lon=0.0
[LIVE] udp=0.0/s, objs=0.0/s, last_udp=468.52s, meas=1, tracks=1, valid=0, master=1202
[GPS] GGA fix_quality=0, num_sats=01, hdop=9999.0, lat=0.0, lon=0.0
[LIVE] udp=0.0/s, objs=0.0/s, last_udp=469.53s, meas=1, tracks=1, valid=0, master=1202
[GPS] GGA fix_quality=0, num_sats=01, hdop=9999.0, lat=0.0, lon=0.0
[LIVE] udp=0.0/s, objs=0.0/s, last_udp=470.53s, meas=1, tracks=1, valid=0, master=1202
[GPS] GGA fix_quality=0, num_sats=01, hdop=9999.0, lat=0.0, lon=0.0
[LIVE] udp=0.0/s, objs=0.0/s, last_udp=471.53s, meas=1, tracks=1, valid=0, master=1202
[LIVE] udp=0.0/s, objs=0.0/s, last_udp=472.54s, meas=1, tracks=1, valid=0, master=1202
[LIVE] udp=0.0/s, objs=0.0/s, last_udp=473.54s, meas=1, tracks=1, valid=0, master=1202
[LIVE] udp=0.0/s, objs=0.0/s, last_udp=474.54s, meas=1, tracks=1, valid=0, master=1202
[LIVE] udp=0.0/s, objs=0.0/s, last_udp=475.55s, meas=1, tracks=1, valid=0, master=1202
[GPS] GGA fix_quality=0, num_sats=01, hdop=9999.0, lat=0.0, lon=0.0
[LIVE] udp=0.0/s, objs=0.0/s, last_udp=476.55s, meas=1, tracks=1, valid=0, master=1202
[GPS] GGA fix_quality=0, num_sats=02, hdop=9999.0, lat=0.0, lon=0.0
[LIVE] udp=0.0/s, objs=0.0/s, last_udp=477.55s, meas=1, tracks=1, valid=0, master=1202
[GPS] GGA fix_quality=0, num_sats=02, hdop=9999.0, lat=0.0, lon=0.0
[LIVE] udp=0.0/s, objs=0.0/s, last_udp=478.55s, meas=1, tracks=1, valid=0, master=1202
[GPS] GGA fix_quality=0, num_sats=02, hdop=9999.0, lat=0.0, lon=0.0
[LIVE] udp=0.0/s, objs=0.0/s, last_udp=479.56s, meas=1, tracks=1, valid=0, master=1202
[GPS] GGA fix_quality=0, num_sats=02, hdop=9999.0, lat=0.0, lon=0.0
[LIVE] udp=0.0/s, objs=0.0/s, last_udp=480.56s, meas=1, tracks=1, valid=0, master=1202
[GPS] GGA fix_quality=0, num_sats=02, hdop=9999.0, lat=0.0, lon=0.0
[LIVE] udp=0.0/s, objs=0.0/s, last_udp=481.56s, meas=1, tracks=1, valid=0, master=1202
[LIVE] udp=0.0/s, objs=0.0/s, last_udp=482.56s, meas=1, tracks=1, valid=0, master=1202
[LIVE] udp=0.0/s, objs=0.0/s, last_udp=483.56s, meas=1, tracks=1, valid=0, master=1202
[LIVE] udp=0.0/s, objs=0.0/s, last_udp=484.57s, meas=1, tracks=1, valid=0, master=1202
[LIVE] udp=0.0/s, objs=0.0/s, last_udp=485.57s, meas=1, tracks=1, valid=0, master=1202
[GPS] GGA fix_quality=0, num_sats=02, hdop=9999.0, lat=0.0, lon=0.0
[LIVE] udp=0.0/s, objs=0.0/s, last_udp=486.57s, meas=1, tracks=1, valid=0, master=1202
[GPS] GGA fix_quality=0, num_sats=02, hdop=9999.0, lat=0.0, lon=0.0
[LIVE] udp=0.0/s, objs=0.0/s, last_udp=487.58s, meas=1, tracks=1, valid=0, master=1202
[GPS] GGA fix_quality=0, num_sats=02, hdop=9999.0, lat=0.0, lon=0.0
[LIVE] udp=0.0/s, objs=0.0/s, last_udp=488.58s, meas=1, tracks=1, valid=0, master=1202
[GPS] GGA fix_quality=0, num_sats=02, hdop=9999.0, lat=0.0, lon=0.0
[LIVE] udp=0.0/s, objs=0.0/s, last_udp=489.58s, meas=1, tracks=1, valid=0, master=1202
[GPS] GGA fix_quality=0, num_sats=02, hdop=9999.0, lat=0.0, lon=0.0
[LIVE] udp=0.0/s, objs=0.0/s, last_udp=490.58s, meas=1, tracks=1, valid=0, master=1202
[GPS] GGA fix_quality=0, num_sats=02, hdop=9999.0, lat=0.0, lon=0.0
[LIVE] udp=0.0/s, objs=0.0/s, last_udp=491.58s, meas=1, tracks=1, valid=0, master=1202
[LIVE] udp=0.0/s, objs=0.0/s, last_udp=492.58s, meas=1, tracks=1, valid=0, master=1202
[LIVE] udp=0.0/s, objs=0.0/s, last_udp=493.58s, meas=1, tracks=1, valid=0, master=1202
[LIVE] udp=0.0/s, objs=0.0/s, last_udp=494.58s, meas=1, tracks=1, valid=0, master=1202
[LIVE] udp=0.0/s, objs=0.0/s, last_udp=495.59s, meas=1, tracks=1, valid=0, master=1202
[GPS] GGA fix_quality=0, num_sats=02, hdop=9999.0, lat=0.0, lon=0.0
[LIVE] udp=0.0/s, objs=0.0/s, last_udp=496.59s, meas=1, tracks=1, valid=0, master=1202
[GPS] GGA fix_quality=0, num_sats=02, hdop=9999.0, lat=0.0, lon=0.0
[LIVE] udp=0.0/s, objs=0.0/s, last_udp=497.59s, meas=1, tracks=1, valid=0, master=1202
[GPS] GGA fix_quality=0, num_sats=02, hdop=9999.0, lat=0.0, lon=0.0
[LIVE] udp=0.0/s, objs=0.0/s, last_udp=498.60s, meas=1, tracks=1, valid=0, master=1202
[GPS] GGA fix_quality=0, num_sats=02, hdop=9999.0, lat=0.0, lon=0.0
[LIVE] udp=0.0/s, objs=0.0/s, last_udp=499.60s, meas=1, tracks=1, valid=0, master=1202
[GPS] GGA fix_quality=0, num_sats=02, hdop=9999.0, lat=0.0, lon=0.0
[LIVE] udp=0.0/s, objs=0.0/s, last_udp=500.60s, meas=1, tracks=1, valid=0, master=1202
[GPS] GGA fix_quality=0, num_sats=02, hdop=9999.0, lat=0.0, lon=0.0
[LIVE] udp=0.0/s, objs=0.0/s, last_udp=501.61s, meas=1, tracks=1, valid=0, master=1202
[LIVE] udp=0.0/s, objs=0.0/s, last_udp=502.61s, meas=1, tracks=1, valid=0, master=1202
[LIVE] udp=0.0/s, objs=0.0/s, last_udp=503.61s, meas=1, tracks=1, valid=0, master=1202
[LIVE] udp=0.0/s, objs=0.0/s, last_udp=504.61s, meas=1, tracks=1, valid=0, master=1202
[LIVE] udp=0.0/s, objs=0.0/s, last_udp=505.62s, meas=1, tracks=1, valid=0, master=1202
[GPS] GGA fix_quality=0, num_sats=02, hdop=9999.0, lat=0.0, lon=0.0
[LIVE] udp=0.0/s, objs=0.0/s, last_udp=506.62s, meas=1, tracks=1, valid=0, master=1202
[GPS] GGA fix_quality=0, num_sats=02, hdop=9999.0, lat=0.0, lon=0.0
[LIVE] udp=0.0/s, objs=0.0/s, last_udp=507.62s, meas=1, tracks=1, valid=0, master=1202
[GPS] GGA fix_quality=0, num_sats=02, hdop=9999.0, lat=0.0, lon=0.0
[LIVE] udp=0.0/s, objs=0.0/s, last_udp=508.62s, meas=1, tracks=1, valid=0, master=1202
[GPS] GGA fix_quality=0, num_sats=02, hdop=9999.0, lat=0.0, lon=0.0
[LIVE] udp=0.0/s, objs=0.0/s, last_udp=509.63s, meas=1, tracks=1, valid=0, master=1202
[GPS] GGA fix_quality=0, num_sats=02, hdop=9999.0, lat=0.0, lon=0.0
[LIVE] udp=0.0/s, objs=0.0/s, last_udp=510.63s, meas=1, tracks=1, valid=0, master=1202
[GPS] GGA fix_quality=0, num_sats=02, hdop=9999.0, lat=0.0, lon=0.0
[LIVE] udp=0.0/s, objs=0.0/s, last_udp=511.64s, meas=1, tracks=1, valid=0, master=1202
[LIVE] udp=0.0/s, objs=0.0/s, last_udp=512.64s, meas=1, tracks=1, valid=0, master=1202
[LIVE] udp=0.0/s, objs=0.0/s, last_udp=513.64s, meas=1, tracks=1, valid=0, master=1202
[LIVE] udp=0.0/s, objs=0.0/s, last_udp=514.65s, meas=1, tracks=1, valid=0, master=1202
[LIVE] udp=0.0/s, objs=0.0/s, last_udp=515.65s, meas=1, tracks=1, valid=0, master=1202
[GPS] GGA fix_quality=0, num_sats=03, hdop=9999.0, lat=0.0, lon=0.0
[LIVE] udp=0.0/s, objs=0.0/s, last_udp=516.65s, meas=1, tracks=1, valid=0, master=1202
[GPS] GGA fix_quality=0, num_sats=03, hdop=9999.0, lat=0.0, lon=0.0
[LIVE] udp=0.0/s, objs=0.0/s, last_udp=517.65s, meas=1, tracks=1, valid=0, master=1202
[GPS] GGA fix_quality=0, num_sats=03, hdop=9999.0, lat=0.0, lon=0.0
[LIVE] udp=0.0/s, objs=0.0/s, last_udp=518.66s, meas=1, tracks=1, valid=0, master=1202
[GPS] GGA fix_quality=0, num_sats=03, hdop=9999.0, lat=0.0, lon=0.0
[LIVE] udp=0.0/s, objs=0.0/s, last_udp=519.66s, meas=1, tracks=1, valid=0, master=1202
[GPS] GGA fix_quality=0, num_sats=03, hdop=9999.0, lat=0.0, lon=0.0
[LIVE] udp=0.0/s, objs=0.0/s, last_udp=520.66s, meas=1, tracks=1, valid=0, master=1202
[GPS] GGA fix_quality=0, num_sats=03, hdop=9999.0, lat=0.0, lon=0.0
[LIVE] udp=0.0/s, objs=0.0/s, last_udp=521.67s, meas=1, tracks=1, valid=0, master=1202
[LIVE] udp=0.0/s, objs=0.0/s, last_udp=522.67s, meas=1, tracks=1, valid=0, master=1202
[LIVE] udp=0.0/s, objs=0.0/s, last_udp=523.67s, meas=1, tracks=1, valid=0, master=1202
[LIVE] udp=0.0/s, objs=0.0/s, last_udp=524.68s, meas=1, tracks=1, valid=0, master=1202
[LIVE] udp=0.0/s, objs=0.0/s, last_udp=525.68s, meas=1, tracks=1, valid=0, master=1202
[GPS] GGA fix_quality=0, num_sats=03, hdop=9999.0, lat=0.0, lon=0.0
[LIVE] udp=0.0/s, objs=0.0/s, last_udp=526.68s, meas=1, tracks=1, valid=0, master=1202
[GPS] GGA fix_quality=0, num_sats=03, hdop=9999.0, lat=0.0, lon=0.0
[LIVE] udp=0.0/s, objs=0.0/s, last_udp=527.68s, meas=1, tracks=1, valid=0, master=1202
[GPS] GGA fix_quality=0, num_sats=03, hdop=9999.0, lat=0.0, lon=0.0
[LIVE] udp=0.0/s, objs=0.0/s, last_udp=528.69s, meas=1, tracks=1, valid=0, master=1202
[GPS] GGA fix_quality=0, num_sats=03, hdop=9999.0, lat=0.0, lon=0.0
[LIVE] udp=0.0/s, objs=0.0/s, last_udp=529.69s, meas=1, tracks=1, valid=0, master=1202
[GPS] GGA fix_quality=0, num_sats=03, hdop=9999.0, lat=0.0, lon=0.0
[LIVE] udp=0.0/s, objs=0.0/s, last_udp=530.69s, meas=1, tracks=1, valid=0, master=1202
[GPS] GGA fix_quality=0, num_sats=03, hdop=9999.0, lat=0.0, lon=0.0
[LIVE] udp=0.0/s, objs=0.0/s, last_udp=531.69s, meas=1, tracks=1, valid=0, master=1202
[LIVE] udp=0.0/s, objs=0.0/s, last_udp=532.69s, meas=1, tracks=1, valid=0, master=1202
[LIVE] udp=0.0/s, objs=0.0/s, last_udp=533.69s, meas=1, tracks=1, valid=0, master=1202
[LIVE] udp=0.0/s, objs=0.0/s, last_udp=534.70s, meas=1, tracks=1, valid=0, master=1202
[LIVE] udp=0.0/s, objs=0.0/s, last_udp=535.70s, meas=1, tracks=1, valid=0, master=1202
[GPS] GGA fix_quality=0, num_sats=03, hdop=9999.0, lat=0.0, lon=0.0
[LIVE] udp=0.0/s, objs=0.0/s, last_udp=536.70s, meas=1, tracks=1, valid=0, master=1202
[GPS] GGA fix_quality=0, num_sats=03, hdop=9999.0, lat=0.0, lon=0.0
[LIVE] udp=0.0/s, objs=0.0/s, last_udp=537.70s, meas=1, tracks=1, valid=0, master=1202
[GPS] GGA fix_quality=0, num_sats=03, hdop=9999.0, lat=0.0, lon=0.0
[LIVE] udp=0.0/s, objs=0.0/s, last_udp=538.70s, meas=1, tracks=1, valid=0, master=1202
[GPS] GGA fix_quality=0, num_sats=03, hdop=9999.0, lat=0.0, lon=0.0
[LIVE] udp=0.0/s, objs=0.0/s, last_udp=539.71s, meas=1, tracks=1, valid=0, master=1202
[GPS] GGA fix_quality=0, num_sats=03, hdop=9999.0, lat=0.0, lon=0.0
[LIVE] udp=0.0/s, objs=0.0/s, last_udp=540.71s, meas=1, tracks=1, valid=0, master=1202
[GPS] GGA fix_quality=0, num_sats=03, hdop=9999.0, lat=0.0, lon=0.0
[LIVE] udp=0.0/s, objs=0.0/s, last_udp=541.71s, meas=1, tracks=1, valid=0, master=1202
[LIVE] udp=0.0/s, objs=0.0/s, last_udp=542.72s, meas=1, tracks=1, valid=0, master=1202
[LIVE] udp=0.0/s, objs=0.0/s, last_udp=543.72s, meas=1, tracks=1, valid=0, master=1202
[LIVE] udp=0.0/s, objs=0.0/s, last_udp=544.72s, meas=1, tracks=1, valid=0, master=1202
[LIVE] udp=0.0/s, objs=0.0/s, last_udp=545.72s, meas=1, tracks=1, valid=0, master=1202
[GPS] GGA fix_quality=0, num_sats=03, hdop=9999.0, lat=0.0, lon=0.0
[LIVE] udp=0.0/s, objs=0.0/s, last_udp=546.73s, meas=1, tracks=1, valid=0, master=1202
[GPS] GGA fix_quality=0, num_sats=03, hdop=9999.0, lat=0.0, lon=0.0
[LIVE] udp=0.0/s, objs=0.0/s, last_udp=547.73s, meas=1, tracks=1, valid=0, master=1202
[GPS] GGA fix_quality=0, num_sats=02, hdop=9999.0, lat=0.0, lon=0.0
[LIVE] udp=0.0/s, objs=0.0/s, last_udp=548.73s, meas=1, tracks=1, valid=0, master=1202
[GPS] GGA fix_quality=0, num_sats=02, hdop=9999.0, lat=0.0, lon=0.0
[LIVE] udp=0.0/s, objs=0.0/s, last_udp=549.74s, meas=1, tracks=1, valid=0, master=1202
[GPS] GGA fix_quality=0, num_sats=02, hdop=9999.0, lat=0.0, lon=0.0
[LIVE] udp=0.0/s, objs=0.0/s, last_udp=550.74s, meas=1, tracks=1, valid=0, master=1202
[GPS] GGA fix_quality=0, num_sats=02, hdop=9999.0, lat=0.0, lon=0.0
[LIVE] udp=0.0/s, objs=0.0/s, last_udp=551.75s, meas=1, tracks=1, valid=0, master=1202
[LIVE] udp=0.0/s, objs=0.0/s, last_udp=552.75s, meas=1, tracks=1, valid=0, master=1202
[LIVE] udp=0.0/s, objs=0.0/s, last_udp=553.75s, meas=1, tracks=1, valid=0, master=1202
[LIVE] udp=0.0/s, objs=0.0/s, last_udp=554.75s, meas=1, tracks=1, valid=0, master=1202
[LIVE] udp=0.0/s, objs=0.0/s, last_udp=555.75s, meas=1, tracks=1, valid=0, master=1202
[GPS] GGA fix_quality=0, num_sats=03, hdop=9999.0, lat=0.0, lon=0.0
[LIVE] udp=0.0/s, objs=0.0/s, last_udp=556.75s, meas=1, tracks=1, valid=0, master=1202
[GPS] GGA fix_quality=0, num_sats=03, hdop=9999.0, lat=0.0, lon=0.0
[LIVE] udp=0.0/s, objs=0.0/s, last_udp=557.75s, meas=1, tracks=1, valid=0, master=1202
[GPS] GGA fix_quality=0, num_sats=03, hdop=9999.0, lat=0.0, lon=0.0
[LIVE] udp=0.0/s, objs=0.0/s, last_udp=558.76s, meas=1, tracks=1, valid=0, master=1202
[GPS] GGA fix_quality=0, num_sats=03, hdop=9999.0, lat=0.0, lon=0.0
[LIVE] udp=0.0/s, objs=0.0/s, last_udp=559.76s, meas=1, tracks=1, valid=0, master=1202
[GPS] GGA fix_quality=0, num_sats=03, hdop=9999.0, lat=0.0, lon=0.0
[LIVE] udp=0.0/s, objs=0.0/s, last_udp=560.76s, meas=1, tracks=1, valid=0, master=1202
[GPS] GGA fix_quality=0, num_sats=03, hdop=9999.0, lat=0.0, lon=0.0
[LIVE] udp=0.0/s, objs=0.0/s, last_udp=561.77s, meas=1, tracks=1, valid=0, master=1202
[LIVE] udp=0.0/s, objs=0.0/s, last_udp=562.77s, meas=1, tracks=1, valid=0, master=1202
[LIVE] udp=0.0/s, objs=0.0/s, last_udp=563.78s, meas=1, tracks=1, valid=0, master=1202
[LIVE] udp=0.0/s, objs=0.0/s, last_udp=564.78s, meas=1, tracks=1, valid=0, master=1202
[LIVE] udp=0.0/s, objs=0.0/s, last_udp=565.78s, meas=1, tracks=1, valid=0, master=1202
[GPS] GGA fix_quality=0, num_sats=03, hdop=9999.0, lat=0.0, lon=0.0
[LIVE] udp=0.0/s, objs=0.0/s, last_udp=566.78s, meas=1, tracks=1, valid=0, master=1202
[GPS] GGA fix_quality=0, num_sats=03, hdop=9999.0, lat=0.0, lon=0.0
[LIVE] udp=0.0/s, objs=0.0/s, last_udp=567.78s, meas=1, tracks=1, valid=0, master=1202
[GPS] GGA fix_quality=0, num_sats=03, hdop=9999.0, lat=0.0, lon=0.0
[LIVE] udp=0.0/s, objs=0.0/s, last_udp=568.79s, meas=1, tracks=1, valid=0, master=1202
[GPS] GGA fix_quality=0, num_sats=03, hdop=9999.0, lat=0.0, lon=0.0
[LIVE] udp=0.0/s, objs=0.0/s, last_udp=569.79s, meas=1, tracks=1, valid=0, master=1202
[GPS] GGA fix_quality=0, num_sats=03, hdop=9999.0, lat=0.0, lon=0.0
[LIVE] udp=0.0/s, objs=0.0/s, last_udp=570.79s, meas=1, tracks=1, valid=0, master=1202
[GPS] GGA fix_quality=0, num_sats=03, hdop=9999.0, lat=0.0, lon=0.0
[LIVE] udp=0.0/s, objs=0.0/s, last_udp=571.80s, meas=1, tracks=1, valid=0, master=1202
[LIVE] udp=0.0/s, objs=0.0/s, last_udp=572.80s, meas=1, tracks=1, valid=0, master=1202
[LIVE] udp=0.0/s, objs=0.0/s, last_udp=573.80s, meas=1, tracks=1, valid=0, master=1202
[LIVE] udp=0.0/s, objs=0.0/s, last_udp=574.81s, meas=1, tracks=1, valid=0, master=1202
[LIVE] udp=0.0/s, objs=0.0/s, last_udp=575.81s, meas=1, tracks=1, valid=0, master=1202
[GPS] GGA fix_quality=0, num_sats=03, hdop=9999.0, lat=0.0, lon=0.0
[LIVE] udp=0.0/s, objs=0.0/s, last_udp=576.81s, meas=1, tracks=1, valid=0, master=1202
[GPS] GGA fix_quality=0, num_sats=03, hdop=9999.0, lat=0.0, lon=0.0
[LIVE] udp=0.0/s, objs=0.0/s, last_udp=577.82s, meas=1, tracks=1, valid=0, master=1202
[GPS] GGA fix_quality=0, num_sats=03, hdop=9999.0, lat=0.0, lon=0.0
[LIVE] udp=0.0/s, objs=0.0/s, last_udp=578.82s, meas=1, tracks=1, valid=0, master=1202
[GPS] GGA fix_quality=0, num_sats=03, hdop=9999.0, lat=0.0, lon=0.0
[LIVE] udp=0.0/s, objs=0.0/s, last_udp=579.82s, meas=1, tracks=1, valid=0, master=1202
[GPS] GGA fix_quality=0, num_sats=03, hdop=9999.0, lat=0.0, lon=0.0
[LIVE] udp=0.0/s, objs=0.0/s, last_udp=580.83s, meas=1, tracks=1, valid=0, master=1202
[GPS] GGA fix_quality=0, num_sats=03, hdop=9999.0, lat=0.0, lon=0.0
[LIVE] udp=0.0/s, objs=0.0/s, last_udp=581.83s, meas=1, tracks=1, valid=0, master=1202
[LIVE] udp=0.0/s, objs=0.0/s, last_udp=582.83s, meas=1, tracks=1, valid=0, master=1202
[LIVE] udp=0.0/s, objs=0.0/s, last_udp=583.83s, meas=1, tracks=1, valid=0, master=1202
[LIVE] udp=0.0/s, objs=0.0/s, last_udp=584.84s, meas=1, tracks=1, valid=0, master=1202
[LIVE] udp=0.0/s, objs=0.0/s, last_udp=585.84s, meas=1, tracks=1, valid=0, master=1202
[GPS] GGA fix_quality=0, num_sats=03, hdop=9999.0, lat=0.0, lon=0.0
[LIVE] udp=0.0/s, objs=0.0/s, last_udp=586.84s, meas=1, tracks=1, valid=0, master=1202
[GPS] GGA fix_quality=0, num_sats=03, hdop=9999.0, lat=0.0, lon=0.0
[LIVE] udp=0.0/s, objs=0.0/s, last_udp=587.84s, meas=1, tracks=1, valid=0, master=1202
[GPS] GGA fix_quality=0, num_sats=03, hdop=9999.0, lat=0.0, lon=0.0
[LIVE] udp=0.0/s, objs=0.0/s, last_udp=588.85s, meas=1, tracks=1, valid=0, master=1202
[GPS] GGA fix_quality=0, num_sats=03, hdop=9999.0, lat=0.0, lon=0.0
[LIVE] udp=0.0/s, objs=0.0/s, last_udp=589.85s, meas=1, tracks=1, valid=0, master=1202
[GPS] GGA fix_quality=0, num_sats=03, hdop=9999.0, lat=0.0, lon=0.0
[LIVE] udp=0.0/s, objs=0.0/s, last_udp=590.85s, meas=1, tracks=1, valid=0, master=1202
[GPS] GGA fix_quality=0, num_sats=03, hdop=9999.0, lat=0.0, lon=0.0
[LIVE] udp=0.0/s, objs=0.0/s, last_udp=591.85s, meas=1, tracks=1, valid=0, master=1202
[LIVE] udp=0.0/s, objs=0.0/s, last_udp=592.85s, meas=1, tracks=1, valid=0, master=1202
[LIVE] udp=0.0/s, objs=0.0/s, last_udp=593.86s, meas=1, tracks=1, valid=0, master=1202
[LIVE] udp=0.0/s, objs=0.0/s, last_udp=594.86s, meas=1, tracks=1, valid=0, master=1202
[LIVE] udp=0.0/s, objs=0.0/s, last_udp=595.86s, meas=1, tracks=1, valid=0, master=1202
[GPS] GGA fix_quality=0, num_sats=03, hdop=9999.0, lat=0.0, lon=0.0
[LIVE] udp=0.0/s, objs=0.0/s, last_udp=596.86s, meas=1, tracks=1, valid=0, master=1202
[GPS] GGA fix_quality=0, num_sats=03, hdop=9999.0, lat=0.0, lon=0.0
[LIVE] udp=0.0/s, objs=0.0/s, last_udp=597.87s, meas=1, tracks=1, valid=0, master=1202
[GPS] GGA fix_quality=0, num_sats=03, hdop=9999.0, lat=0.0, lon=0.0
[LIVE] udp=0.0/s, objs=0.0/s, last_udp=598.87s, meas=1, tracks=1, valid=0, master=1202
[GPS] GGA fix_quality=0, num_sats=03, hdop=9999.0, lat=0.0, lon=0.0
[LIVE] udp=0.0/s, objs=0.0/s, last_udp=599.87s, meas=1, tracks=1, valid=0, master=1202
[GPS] GGA fix_quality=0, num_sats=03, hdop=9999.0, lat=0.0, lon=0.0
[LIVE] udp=0.0/s, objs=0.0/s, last_udp=600.88s, meas=1, tracks=1, valid=0, master=1202
[GPS] GGA fix_quality=0, num_sats=03, hdop=9999.0, lat=0.0, lon=0.0
[LIVE] udp=0.0/s, objs=0.0/s, last_udp=601.88s, meas=1, tracks=1, valid=0, master=1202
[LIVE] udp=0.0/s, objs=0.0/s, last_udp=602.88s, meas=1, tracks=1, valid=0, master=1202
[LIVE] udp=0.0/s, objs=0.0/s, last_udp=603.89s, meas=1, tracks=1, valid=0, master=1202
[LIVE] udp=0.0/s, objs=0.0/s, last_udp=604.89s, meas=1, tracks=1, valid=0, master=1202
[LIVE] udp=0.0/s, objs=0.0/s, last_udp=605.89s, meas=1, tracks=1, valid=0, master=1202
[GPS] GGA fix_quality=0, num_sats=00, hdop=9999.0, lat=0.0, lon=0.0
[LIVE] udp=0.0/s, objs=0.0/s, last_udp=606.90s, meas=1, tracks=1, valid=0, master=1202
[GPS] GGA fix_quality=0, num_sats=00, hdop=9999.0, lat=0.0, lon=0.0
[LIVE] udp=0.0/s, objs=0.0/s, last_udp=607.90s, meas=1, tracks=1, valid=0, master=1202
[GPS] GGA fix_quality=0, num_sats=00, hdop=9999.0, lat=0.0, lon=0.0
[LIVE] udp=0.0/s, objs=0.0/s, last_udp=608.90s, meas=1, tracks=1, valid=0, master=1202
[GPS] GGA fix_quality=0, num_sats=00, hdop=9999.0, lat=0.0, lon=0.0
[LIVE] udp=0.0/s, objs=0.0/s, last_udp=609.90s, meas=1, tracks=1, valid=0, master=1202
[GPS] GGA fix_quality=0, num_sats=00, hdop=9999.0, lat=0.0, lon=0.0
[LIVE] udp=0.0/s, objs=0.0/s, last_udp=610.90s, meas=1, tracks=1, valid=0, master=1202
[GPS] GGA fix_quality=0, num_sats=04, hdop=9999.0, lat=0.0, lon=0.0
[LIVE] udp=0.0/s, objs=0.0/s, last_udp=611.90s, meas=1, tracks=1, valid=0, master=1202
[LIVE] udp=0.0/s, objs=0.0/s, last_udp=612.91s, meas=1, tracks=1, valid=0, master=1202
[LIVE] udp=0.0/s, objs=0.0/s, last_udp=613.91s, meas=1, tracks=1, valid=0, master=1202
[LIVE] udp=0.0/s, objs=0.0/s, last_udp=614.92s, meas=1, tracks=1, valid=0, master=1202
[LIVE] udp=0.0/s, objs=0.0/s, last_udp=615.92s, meas=1, tracks=1, valid=0, master=1202
[GPS] GGA fix_quality=0, num_sats=00, hdop=9999.0, lat=0.0, lon=0.0
[LIVE] udp=0.0/s, objs=0.0/s, last_udp=616.92s, meas=1, tracks=1, valid=0, master=1202
[GPS] GGA fix_quality=0, num_sats=00, hdop=9999.0, lat=0.0, lon=0.0
[LIVE] udp=0.0/s, objs=0.0/s, last_udp=617.92s, meas=1, tracks=1, valid=0, master=1202
[GPS] GGA fix_quality=0, num_sats=00, hdop=9999.0, lat=0.0, lon=0.0
[LIVE] udp=0.0/s, objs=0.0/s, last_udp=618.93s, meas=1, tracks=1, valid=0, master=1202
[GPS] GGA fix_quality=0, num_sats=00, hdop=9999.0, lat=0.0, lon=0.0
[LIVE] udp=0.0/s, objs=0.0/s, last_udp=619.93s, meas=1, tracks=1, valid=0, master=1202
[GPS] GGA fix_quality=0, num_sats=00, hdop=9999.0, lat=0.0, lon=0.0
[LIVE] udp=0.0/s, objs=0.0/s, last_udp=620.93s, meas=1, tracks=1, valid=0, master=1202
[GPS] GGA fix_quality=0, num_sats=00, hdop=9999.0, lat=0.0, lon=0.0
[LIVE] udp=0.0/s, objs=0.0/s, last_udp=621.93s, meas=1, tracks=1, valid=0, master=1202
[LIVE] udp=0.0/s, objs=0.0/s, last_udp=622.94s, meas=1, tracks=1, valid=0, master=1202
[LIVE] udp=0.0/s, objs=0.0/s, last_udp=623.94s, meas=1, tracks=1, valid=0, master=1202
[LIVE] udp=0.0/s, objs=0.0/s, last_udp=624.94s, meas=1, tracks=1, valid=0, master=1202
[LIVE] udp=0.0/s, objs=0.0/s, last_udp=625.94s, meas=1, tracks=1, valid=0, master=1202
[GPS] GGA fix_quality=0, num_sats=00, hdop=9999.0, lat=0.0, lon=0.0
[LIVE] udp=0.0/s, objs=0.0/s, last_udp=626.95s, meas=1, tracks=1, valid=0, master=1202
[GPS] GGA fix_quality=0, num_sats=00, hdop=9999.0, lat=0.0, lon=0.0
[LIVE] udp=0.0/s, objs=0.0/s, last_udp=627.95s, meas=1, tracks=1, valid=0, master=1202
[GPS] GGA fix_quality=0, num_sats=00, hdop=9999.0, lat=0.0, lon=0.0
[LIVE] udp=0.0/s, objs=0.0/s, last_udp=628.95s, meas=1, tracks=1, valid=0, master=1202
[GPS] GGA fix_quality=0, num_sats=00, hdop=9999.0, lat=0.0, lon=0.0
[LIVE] udp=0.0/s, objs=0.0/s, last_udp=629.96s, meas=1, tracks=1, valid=0, master=1202
[GPS] GGA fix_quality=0, num_sats=00, hdop=9999.0, lat=0.0, lon=0.0
[LIVE] udp=0.0/s, objs=0.0/s, last_udp=630.96s, meas=1, tracks=1, valid=0, master=1202
[GPS] GGA fix_quality=0, num_sats=00, hdop=9999.0, lat=0.0, lon=0.0
[LIVE] udp=0.0/s, objs=0.0/s, last_udp=631.96s, meas=1, tracks=1, valid=0, master=1202
[LIVE] udp=0.0/s, objs=0.0/s, last_udp=632.97s, meas=1, tracks=1, valid=0, master=1202
[LIVE] udp=0.0/s, objs=0.0/s, last_udp=633.97s, meas=1, tracks=1, valid=0, master=1202
[LIVE] udp=0.0/s, objs=0.0/s, last_udp=634.97s, meas=1, tracks=1, valid=0, master=1202
[LIVE] udp=0.0/s, objs=0.0/s, last_udp=635.97s, meas=1, tracks=1, valid=0, master=1202
[GPS] GGA fix_quality=0, num_sats=00, hdop=9999.0, lat=0.0, lon=0.0
[LIVE] udp=0.0/s, objs=0.0/s, last_udp=636.98s, meas=1, tracks=1, valid=0, master=1202
[GPS] GGA fix_quality=0, num_sats=00, hdop=9999.0, lat=0.0, lon=0.0
[LIVE] udp=0.0/s, objs=0.0/s, last_udp=637.98s, meas=1, tracks=1, valid=0, master=1202
[GPS] GGA fix_quality=0, num_sats=00, hdop=9999.0, lat=0.0, lon=0.0
[LIVE] udp=0.0/s, objs=0.0/s, last_udp=638.98s, meas=1, tracks=1, valid=0, master=1202
[GPS] GGA fix_quality=0, num_sats=00, hdop=9999.0, lat=0.0, lon=0.0
[LIVE] udp=0.0/s, objs=0.0/s, last_udp=639.98s, meas=1, tracks=1, valid=0, master=1202
[GPS] GGA fix_quality=0, num_sats=04, hdop=9999.0, lat=0.0, lon=0.0
[LIVE] udp=0.0/s, objs=0.0/s, last_udp=640.99s, meas=1, tracks=1, valid=0, master=1202
[GPS] GGA fix_quality=0, num_sats=04, hdop=9999.0, lat=0.0, lon=0.0
[LIVE] udp=0.0/s, objs=0.0/s, last_udp=641.99s, meas=1, tracks=1, valid=0, master=1202
[LIVE] udp=0.0/s, objs=0.0/s, last_udp=643.00s, meas=1, tracks=1, valid=0, master=1202
[LIVE] udp=0.0/s, objs=0.0/s, last_udp=644.00s, meas=1, tracks=1, valid=0, master=1202
[LIVE] udp=0.0/s, objs=0.0/s, last_udp=645.00s, meas=1, tracks=1, valid=0, master=1202
[LIVE] udp=0.0/s, objs=0.0/s, last_udp=646.00s, meas=1, tracks=1, valid=0, master=1202
[GPS] GGA fix_quality=0, num_sats=00, hdop=9999.0, lat=0.0, lon=0.0
[LIVE] udp=0.0/s, objs=0.0/s, last_udp=647.00s, meas=1, tracks=1, valid=0, master=1202
[GPS] GGA fix_quality=0, num_sats=00, hdop=9999.0, lat=0.0, lon=0.0
[LIVE] udp=0.0/s, objs=0.0/s, last_udp=648.01s, meas=1, tracks=1, valid=0, master=1202
[GPS] GGA fix_quality=0, num_sats=00, hdop=9999.0, lat=0.0, lon=0.0
[LIVE] udp=0.0/s, objs=0.0/s, last_udp=649.01s, meas=1, tracks=1, valid=0, master=1202
[GPS] GGA fix_quality=0, num_sats=00, hdop=9999.0, lat=0.0, lon=0.0
[LIVE] udp=0.0/s, objs=0.0/s, last_udp=650.02s, meas=1, tracks=1, valid=0, master=1202
[GPS] GGA fix_quality=0, num_sats=00, hdop=9999.0, lat=0.0, lon=0.0
[LIVE] udp=0.0/s, objs=0.0/s, last_udp=651.02s, meas=1, tracks=1, valid=0, master=1202
[GPS] GGA fix_quality=0, num_sats=00, hdop=9999.0, lat=0.0, lon=0.0
[LIVE] udp=0.0/s, objs=0.0/s, last_udp=652.02s, meas=1, tracks=1, valid=0, master=1202
[LIVE] udp=0.0/s, objs=0.0/s, last_udp=653.02s, meas=1, tracks=1, valid=0, master=1202
[LIVE] udp=0.0/s, objs=0.0/s, last_udp=654.02s, meas=1, tracks=1, valid=0, master=1202
[LIVE] udp=0.0/s, objs=0.0/s, last_udp=655.03s, meas=1, tracks=1, valid=0, master=1202
[LIVE] udp=0.0/s, objs=0.0/s, last_udp=656.03s, meas=1, tracks=1, valid=0, master=1202
[GPS] GGA fix_quality=0, num_sats=00, hdop=9999.0, lat=0.0, lon=0.0
[LIVE] udp=0.0/s, objs=0.0/s, last_udp=657.03s, meas=1, tracks=1, valid=0, master=1202
[GPS] GGA fix_quality=0, num_sats=00, hdop=9999.0, lat=0.0, lon=0.0
[LIVE] udp=0.0/s, objs=0.0/s, last_udp=658.03s, meas=1, tracks=1, valid=0, master=1202
[GPS] GGA fix_quality=0, num_sats=00, hdop=9999.0, lat=0.0, lon=0.0
[LIVE] udp=0.0/s, objs=0.0/s, last_udp=659.03s, meas=1, tracks=1, valid=0, master=1202
[GPS] GGA fix_quality=0, num_sats=00, hdop=9999.0, lat=0.0, lon=0.0
[LIVE] udp=0.0/s, objs=0.0/s, last_udp=660.04s, meas=1, tracks=1, valid=0, master=1202
[GPS] GGA fix_quality=0, num_sats=03, hdop=9999.0, lat=0.0, lon=0.0
[LIVE] udp=0.0/s, objs=0.0/s, last_udp=661.04s, meas=1, tracks=1, valid=0, master=1202
[GPS] GGA fix_quality=0, num_sats=03, hdop=9999.0, lat=0.0, lon=0.0
[LIVE] udp=0.0/s, objs=0.0/s, last_udp=662.04s, meas=1, tracks=1, valid=0, master=1202
[LIVE] udp=0.0/s, objs=0.0/s, last_udp=663.05s, meas=1, tracks=1, valid=0, master=1202
[LIVE] udp=0.0/s, objs=0.0/s, last_udp=664.05s, meas=1, tracks=1, valid=0, master=1202
[LIVE] udp=0.0/s, objs=0.0/s, last_udp=665.05s, meas=1, tracks=1, valid=0, master=1202
[LIVE] udp=0.0/s, objs=0.0/s, last_udp=666.05s, meas=1, tracks=1, valid=0, master=1202
[GPS] GGA fix_quality=0, num_sats=03, hdop=9999.0, lat=0.0, lon=0.0
[LIVE] udp=0.0/s, objs=0.0/s, last_udp=667.06s, meas=1, tracks=1, valid=0, master=1202
[GPS] GGA fix_quality=0, num_sats=03, hdop=9999.0, lat=0.0, lon=0.0
