timestamp,seq,mode,board,cam,meas_idx,bbox_x1,bbox_y1,bbox_x2,bbox_y2,bbox_cx,bbox_cy,bbox_w,bbox_h,mono_dist,meas_az,meas_el
1780299570.980404,,,BOARD_2,3,0,1450.000,2162.000,1686.000,2638.000,1568.000,2400.000,236.000,476.000,26.430000,341.166833,3.450000
1780299570.980404,,,BOARD_2,3,1,964.000,2144.000,1028.000,2264.000,996.000,2204.000,64.000,120.000,97.460000,338.560063,4.348333
1780299571.059519,,,BOARD_2,4,0,635.000,2080.000,871.000,2556.000,753.000,2318.000,236.000,476.000,26.430000,337.051941,3.825833
1780299571.205232,,,BOARD_2,1,0,1071.000,2065.000,1307.000,2541.000,1189.000,2303.000,236.000,476.000,26.430000,12.227920,3.894583
1780299571.331522,,,BOARD_2,3,0,369.000,1631.000,605.000,2107.000,487.000,1869.000,236.000,476.000,26.430000,336.240401,5.883750
1780299571.427430,,,BOARD_2,4,0,3719.000,1695.000,4183.000,2055.000,3951.000,1875.000,464.000,360.000,13.440000,351.626159,5.856250
1780299571.453965,,,BOARD_2,1,0,297.000,2153.000,533.000,2629.000,415.000,2391.000,236.000,476.000,26.430000,8.700576,3.491250
1780299571.453965,,,BOARD_2,1,1,473.000,2105.000,709.000,2581.000,591.000,2343.000,236.000,476.000,26.430000,9.502659,3.711250
1780299571.453965,,,BOARD_2,1,2,185.000,2153.000,421.000,2629.000,303.000,2391.000,236.000,476.000,26.430000,8.190159,3.491250
1780299571.453965,,,BOARD_2,1,3,851.000,2047.000,915.000,2167.000,883.000,2107.000,64.000,120.000,97.460000,10.833389,4.792917
1780299571.574964,,,BOARD_2,3,0,741.000,1692.000,1205.000,2052.000,973.000,1872.000,464.000,360.000,13.440000,338.455245,5.870000
1780299571.574964,,,BOARD_2,3,1,933.000,1692.000,1397.000,2052.000,1165.000,1872.000,464.000,360.000,13.440000,339.330245,5.870000
1780299571.665125,,,BOARD_2,4,0,1305.000,1793.000,1541.000,2269.000,1423.000,2031.000,236.000,476.000,26.430000,340.105326,5.141250
1780299571.665125,,,BOARD_2,4,1,1305.000,1649.000,1541.000,2125.000,1423.000,1887.000,236.000,476.000,26.430000,340.105326,5.801250
1780299571.795915,,,BOARD_2,1,0,-62.000,2025.000,174.000,2501.000,56.000,2263.000,236.000,476.000,26.430000,7.064508,4.077917
1780299571.795915,,,BOARD_2,1,1,162.000,2073.000,398.000,2549.000,280.000,2311.000,236.000,476.000,26.430000,8.085342,3.857917
1780299571.943532,,,BOARD_2,3,0,1409.000,2377.000,1472.000,2497.000,1440.500,2437.000,63.000,120.000,99.000000,340.585779,3.280417
1780299572.007895,,,BOARD_2,4,0,281.000,2390.000,529.000,2570.000,405.000,2480.000,248.000,180.000,25.150000,335.466003,3.083333
1780299572.079953,,,BOARD_2,1,0,482.000,1824.000,718.000,2300.000,600.000,2062.000,236.000,476.000,26.430000,9.543675,4.999167
1780299572.079953,,,BOARD_2,1,1,-46.000,2160.000,190.000,2636.000,72.000,2398.000,236.000,476.000,26.430000,7.137425,3.459167
1780299572.079953,,,BOARD_2,1,2,130.000,2208.000,366.000,2684.000,248.000,2446.000,236.000,476.000,26.430000,7.939508,3.239167
1780299572.079953,,,BOARD_2,1,3,-46.000,1968.000,190.000,2444.000,72.000,2206.000,236.000,476.000,26.430000,7.137425,4.339167
1780299572.079953,,,BOARD_2,1,4,482.000,2160.000,718.000,2636.000,600.000,2398.000,236.000,476.000,26.430000,9.543675,3.459167
1780299572.079953,,,BOARD_2,1,5,354.000,2032.000,590.000,2508.000,472.000,2270.000,236.000,476.000,26.430000,8.960342,4.045833
1780299572.079953,,,BOARD_2,1,6,114.000,1952.000,350.000,2428.000,232.000,2190.000,236.000,476.000,26.430000,7.866592,4.412500
1780299572.188742,,,BOARD_2,3,0,831.000,1647.000,1067.000,2123.000,949.000,1885.000,236.000,476.000,26.430000,338.345870,5.810417
1780299572.188742,,,BOARD_2,3,1,367.000,1631.000,603.000,2107.000,485.000,1869.000,236.000,476.000,26.430000,336.231286,5.883750
1780299572.253233,,,BOARD_2,4,0,3527.000,2205.000,3763.000,2681.000,3645.000,2443.000,236.000,476.000,26.430000,350.231628,3.252917
1780299572.253233,,,BOARD_2,4,1,3511.000,1629.000,3747.000,2105.000,3629.000,1867.000,236.000,476.000,26.430000,350.158711,5.892917
1780299572.435689,,,BOARD_2,3,0,361.000,1633.000,597.000,2109.000,479.000,1871.000,236.000,476.000,26.430000,336.203943,5.874583
1780299572.435689,,,BOARD_2,3,1,521.000,1649.000,757.000,2125.000,639.000,1887.000,236.000,476.000,26.430000,336.933109,5.801250
1780299572.614466,,,BOARD_2,4,0,1155.000,1767.000,1391.000,2243.000,1273.000,2005.000,236.000,476.000,26.430000,339.421732,5.260417
1780299572.614466,,,BOARD_2,4,1,1299.000,1799.000,1535.000,2275.000,1417.000,2037.000,236.000,476.000,26.430000,340.077982,5.113750
1780299572.669395,,,BOARD_2,1,0,466.000,2110.000,702.000,2586.000,584.000,2348.000,236.000,476.000,26.430000,9.470758,3.688333
1780299572.669395,,,BOARD_2,1,1,162.000,2062.000,398.000,2538.000,280.000,2300.000,236.000,476.000,26.430000,8.085342,3.908333
1780299572.669395,,,BOARD_2,1,2,-62.000,2110.000,174.000,2586.000,56.000,2348.000,236.000,476.000,26.430000,7.064508,3.688333
1780299572.669395,,,BOARD_2,1,3,114.000,1934.000,350.000,2410.000,232.000,2172.000,236.000,476.000,26.430000,7.866592,4.495000
1780299572.669395,,,BOARD_2,1,4,338.000,1998.000,574.000,2474.000,456.000,2236.000,236.000,476.000,26.430000,8.887425,4.201667
1780299572.669395,,,BOARD_2,1,5,466.000,1774.000,702.000,2250.000,584.000,2012.000,236.000,476.000,26.430000,9.470758,5.228333
1780299572.828729,,,BOARD_2,4,0,637.000,2031.000,873.000,2507.000,755.000,2269.000,236.000,476.000,26.430000,337.061055,4.050417
1780299572.828729,,,BOARD_2,4,1,35.000,1793.000,499.000,2153.000,267.000,1973.000,464.000,360.000,13.440000,334.837097,5.407083
1780299572.835011,,,BOARD_2,3,0,845.000,1647.000,1081.000,2123.000,963.000,1885.000,236.000,476.000,26.430000,338.409672,5.810417
1780299572.835011,,,BOARD_2,3,1,455.000,2213.000,519.000,2333.000,487.000,2273.000,64.000,120.000,97.460000,336.240401,4.032083
1780299572.835011,,,BOARD_2,3,2,381.000,1631.000,617.000,2107.000,499.000,1869.000,236.000,476.000,26.430000,336.295089,5.883750
1780299572.915026,,,BOARD_2,1,0,498.000,1631.000,734.000,2107.000,616.000,1869.000,236.000,476.000,26.430000,9.616592,5.883750
1780299572.915026,,,BOARD_2,1,1,130.000,2207.000,366.000,2683.000,248.000,2445.000,236.000,476.000,26.430000,7.939508,3.243750
1780299572.915026,,,BOARD_2,1,2,-62.000,2207.000,174.000,2683.000,56.000,2445.000,236.000,476.000,26.430000,7.064508,3.243750
1780299572.915026,,,BOARD_2,1,3,482.000,1839.000,718.000,2315.000,600.000,2077.000,236.000,476.000,26.430000,9.543675,4.930417
1780299572.915026,,,BOARD_2,1,4,-46.000,1967.000,190.000,2443.000,72.000,2205.000,236.000,476.000,26.430000,7.137425,4.343750
1780299572.915026,,,BOARD_2,1,5,354.000,2079.000,590.000,2555.000,472.000,2317.000,236.000,476.000,26.430000,8.960342,3.830417
1780299573.052328,,,BOARD_2,3,0,1062.000,2201.000,1298.000,2677.000,1180.000,2439.000,236.000,476.000,26.430000,339.398604,3.271250
1780299573.052328,,,BOARD_2,3,1,924.000,1691.000,1388.000,2051.000,1156.000,1871.000,464.000,360.000,13.440000,339.289229,5.874583
1780299573.167250,,,BOARD_2,1,0,295.000,2155.000,531.000,2631.000,413.000,2393.000,236.000,476.000,26.430000,8.691461,3.482083
1780299573.167250,,,BOARD_2,1,1,183.000,2155.000,419.000,2631.000,301.000,2393.000,236.000,476.000,26.430000,8.181045,3.482083
1780299573.167250,,,BOARD_2,1,2,231.000,1835.000,467.000,2311.000,349.000,2073.000,236.000,476.000,26.430000,8.399795,4.948750
1780299573.301754,,,BOARD_2,3,0,402.000,1631.000,638.000,2107.000,520.000,1869.000,236.000,476.000,26.430000,336.390792,5.883750
1780299573.374747,,,BOARD_2,4,0,1297.000,1650.000,1533.000,2126.000,1415.000,1888.000,236.000,476.000,26.430000,340.068868,5.796667
1780299573.374747,,,BOARD_2,4,1,929.000,1858.000,1165.000,2334.000,1047.000,2096.000,236.000,476.000,26.430000,338.391784,4.843333
1780299573.374747,,,BOARD_2,4,2,1297.000,1794.000,1533.000,2270.000,1415.000,2032.000,236.000,476.000,26.430000,340.068868,5.136667
1780299573.374747,,,BOARD_2,4,3,978.000,1888.000,1042.000,2008.000,1010.000,1948.000,64.000,120.000,97.460000,338.223165,5.521667
1780299573.406420,,,BOARD_2,1,0,297.000,2153.000,533.000,2629.000,415.000,2391.000,236.000,476.000,26.430000,8.700576,3.491250
1780299573.406420,,,BOARD_2,1,1,185.000,2153.000,421.000,2629.000,303.000,2391.000,236.000,476.000,26.430000,8.190159,3.491250
1780299573.406420,,,BOARD_2,1,2,233.000,1673.000,469.000,2149.000,351.000,1911.000,236.000,476.000,26.430000,8.408909,5.691250
1780299573.554688,,,BOARD_2,3,0,383.000,1626.000,619.000,2102.000,501.000,1864.000,236.000,476.000,26.430000,336.304203,5.906667
1780299573.554688,,,BOARD_2,3,1,367.000,2042.000,603.000,2518.000,485.000,2280.000,236.000,476.000,26.430000,336.231286,4.000000
1780299573.554688,,,BOARD_2,3,2,741.000,1692.000,1205.000,2052.000,973.000,1872.000,464.000,360.000,13.440000,338.455245,5.870000
1780299573.613509,,,BOARD_2,4,0,635.000,2032.000,871.000,2508.000,753.000,2270.000,236.000,476.000,26.430000,337.051941,4.045833
1780299573.613509,,,BOARD_2,4,1,33.000,1794.000,497.000,2154.000,265.000,1974.000,464.000,360.000,13.440000,334.827982,5.402500
1780299573.770280,,,BOARD_2,1,0,187.000,2180.000,423.000,2656.000,305.000,2418.000,236.000,476.000,26.430000,8.199274,3.367500
1780299573.770280,,,BOARD_2,1,1,299.000,2180.000,535.000,2656.000,417.000,2418.000,236.000,476.000,26.430000,8.709691,3.367500
1780299573.770280,,,BOARD_2,1,2,224.000,1820.000,264.000,1871.000,244.000,1845.500,40.000,51.000,155.930000,7.921279,5.991458
1780299573.871902,,,BOARD_2,4,0,3555.000,2202.000,3791.000,2678.000,3673.000,2440.000,236.000,476.000,26.430000,350.359232,3.266667
1780299573.871902,,,BOARD_2,4,1,3507.000,1626.000,3743.000,2102.000,3625.000,1864.000,236.000,476.000,26.430000,350.140482,5.906667
1780299573.920806,,,BOARD_2,3,0,1447.000,2167.000,1683.000,2643.000,1565.000,2405.000,236.000,476.000,26.430000,341.153161,3.427083
1780299574.141376,,,BOARD_2,3,0,202.000,1601.000,438.000,2077.000,320.000,1839.000,236.000,476.000,26.430000,335.479333,6.021250
1780299574.212721,,,BOARD_2,4,0,3655.000,1648.000,3891.000,2124.000,3773.000,1886.000,236.000,476.000,26.430000,350.814961,5.805833
1780299574.293725,,,BOARD_2,1,0,296.000,2153.000,532.000,2629.000,414.000,2391.000,236.000,476.000,26.430000,8.696019,3.491250
1780299574.293725,,,BOARD_2,1,1,232.000,1673.000,468.000,2149.000,350.000,1911.000,236.000,476.000,26.430000,8.404352,5.691250
1780299574.400786,,,BOARD_2,3,0,1067.000,2203.000,1303.000,2679.000,1185.000,2441.000,236.000,476.000,26.430000,339.421391,3.262083
1780299574.400786,,,BOARD_2,3,1,1243.000,2171.000,1479.000,2647.000,1361.000,2409.000,236.000,476.000,26.430000,340.223474,3.408750
1780299574.789005,,,BOARD_2,4,0,1137.000,1777.000,1373.000,2253.000,1255.000,2015.000,236.000,476.000,26.430000,339.339701,5.214583
1780299574.953674,,,BOARD_2,1,0,294.000,2152.000,530.000,2628.000,412.000,2390.000,236.000,476.000,26.430000,8.686904,3.495833
1780299574.953674,,,BOARD_2,1,1,182.000,2152.000,418.000,2628.000,300.000,2390.000,236.000,476.000,26.430000,8.176488,3.495833
1780299574.953674,,,BOARD_2,1,2,230.000,1832.000,466.000,2308.000,348.000,2070.000,236.000,476.000,26.430000,8.395238,4.962500
1780299574.953674,,,BOARD_2,1,3,246.000,1672.000,482.000,2148.000,364.000,1910.000,236.000,476.000,26.430000,8.468154,5.695833
1780299574.986547,,,BOARD_2,3,0,1060.000,2209.000,1296.000,2685.000,1178.000,2447.000,236.000,476.000,26.430000,339.389490,3.234583
1780299575.158419,,,BOARD_2,4,0,3553.000,2205.000,3789.000,2681.000,3671.000,2443.000,236.000,476.000,26.430000,350.350118,3.252917
1780299575.158419,,,BOARD_2,4,1,3505.000,1629.000,3741.000,2105.000,3623.000,1867.000,236.000,476.000,26.430000,350.131368,5.892917
1780299575.217020,,,BOARD_2,3,0,450.000,1648.000,686.000,2124.000,568.000,1886.000,236.000,476.000,26.430000,336.609542,5.805833
1780299575.381056,,,BOARD_2,4,0,537.000,2210.000,773.000,2686.000,655.000,2448.000,236.000,476.000,26.430000,336.605326,3.230000
1780299575.460053,,,BOARD_2,1,0,294.000,2151.000,530.000,2627.000,412.000,2389.000,236.000,476.000,26.430000,8.686904,3.500417
1780299575.460053,,,BOARD_2,1,1,230.000,1671.000,466.000,2147.000,348.000,1909.000,236.000,476.000,26.430000,8.395238,5.700417
1780299575.460053,,,BOARD_2,1,2,438.000,2103.000,674.000,2579.000,556.000,2341.000,236.000,476.000,26.430000,9.343154,3.720417
1780299575.460053,,,BOARD_2,1,3,848.000,2045.000,912.000,2165.000,880.000,2105.000,64.000,120.000,97.460000,10.819717,4.802083
1780299575.549553,,,BOARD_2,3,0,843.000,1649.000,1079.000,2125.000,961.000,1887.000,236.000,476.000,26.430000,338.400557,5.801250
1780299575.549553,,,BOARD_2,3,1,1035.000,1649.000,1271.000,2125.000,1153.000,1887.000,236.000,476.000,26.430000,339.275557,5.801250
1780299575.863082,,,BOARD_2,1,0,297.000,2162.000,533.000,2638.000,415.000,2400.000,236.000,476.000,26.430000,8.700576,3.450000
1780299575.863082,,,BOARD_2,1,1,233.000,1666.000,469.000,2142.000,351.000,1904.000,236.000,476.000,26.430000,8.408909,5.723333
1780299575.915386,,,BOARD_2,3,0,356.000,1630.000,592.000,2106.000,474.000,1868.000,236.000,476.000,26.430000,336.181156,5.888333
1780299575.915386,,,BOARD_2,3,1,788.000,1854.000,1024.000,2330.000,906.000,2092.000,236.000,476.000,26.430000,338.149906,4.861667
1780299576.003012,,,BOARD_2,4,0,3617.000,1649.000,3853.000,2125.000,3735.000,1887.000,236.000,476.000,26.430000,350.641784,5.801250
1780299576.101594,,,BOARD_2,1,0,1074.000,1917.000,1310.000,2393.000,1192.000,2155.000,236.000,476.000,26.430000,12.241592,4.572917
1780299576.179223,,,BOARD_2,3,0,482.000,1953.000,718.000,2429.000,600.000,2191.000,236.000,476.000,26.430000,336.755375,4.407917
1780299576.358742,,,BOARD_2,1,0,294.000,2151.000,530.000,2627.000,412.000,2389.000,236.000,476.000,26.430000,8.686904,3.500417
1780299576.358742,,,BOARD_2,1,1,848.000,2045.000,912.000,2165.000,880.000,2105.000,64.000,120.000,97.460000,10.819717,4.802083
1780299576.358742,,,BOARD_2,1,2,230.000,1671.000,466.000,2147.000,348.000,1909.000,236.000,476.000,26.430000,8.395238,5.700417
1780299576.358742,,,BOARD_2,1,3,438.000,2103.000,674.000,2579.000,556.000,2341.000,236.000,476.000,26.430000,9.343154,3.720417
1780299576.521447,,,BOARD_2,3,0,1713.000,2411.000,1845.000,2503.000,1779.000,2457.000,132.000,92.000,47.250000,342.128422,3.188750
1780299576.521447,,,BOARD_2,3,1,1081.000,2199.000,1317.000,2675.000,1199.000,2437.000,236.000,476.000,26.430000,339.485193,3.280417
1780299576.639688,,,BOARD_2,4,0,3509.000,1630.000,3745.000,2106.000,3627.000,1868.000,236.000,476.000,26.430000,350.149597,5.888333
1780299576.639688,,,BOARD_2,4,1,3557.000,2206.000,3793.000,2682.000,3675.000,2444.000,236.000,476.000,26.430000,350.368347,3.248333
1780299576.754068,,,BOARD_2,1,0,292.000,2151.000,528.000,2627.000,410.000,2389.000,236.000,476.000,26.430000,8.677790,3.500417
1780299576.754068,,,BOARD_2,1,1,228.000,1671.000,464.000,2147.000,346.000,1909.000,236.000,476.000,26.430000,8.386123,5.700417
1780299576.780438,,,BOARD_2,3,0,1082.000,2196.000,1318.000,2672.000,1200.000,2434.000,236.000,476.000,26.430000,339.489750,3.294167
1780299576.780438,,,BOARD_2,3,1,1700.000,2200.000,1820.000,2444.000,1760.000,2322.000,120.000,244.000,51.980000,342.041833,3.807500
1780299577.001728,,,BOARD_2,1,0,294.000,2153.000,530.000,2629.000,412.000,2391.000,236.000,476.000,26.430000,8.686904,3.491250
1780299577.001728,,,BOARD_2,1,1,230.000,1673.000,466.000,2149.000,348.000,1911.000,236.000,476.000,26.430000,8.395238,5.691250
1780299577.001728,,,BOARD_2,1,2,182.000,2153.000,418.000,2629.000,300.000,2391.000,236.000,476.000,26.430000,8.176488,3.491250
1780299577.149619,,,BOARD_2,3,0,1437.000,2145.000,1673.000,2621.000,1555.000,2383.000,236.000,476.000,26.430000,341.107589,3.527917
1780299577.204059,,,BOARD_2,4,0,3505.000,1634.000,3741.000,2110.000,3623.000,1872.000,236.000,476.000,26.430000,350.131368,5.870000
1780299577.269536,,,BOARD_2,1,0,1063.000,1978.000,1299.000,2454.000,1181.000,2216.000,236.000,476.000,26.430000,12.191461,4.293333
1780299577.367207,,,BOARD_2,3,0,846.000,1647.000,1082.000,2123.000,964.000,1885.000,236.000,476.000,26.430000,338.414229,5.810417
1780299577.367207,,,BOARD_2,3,1,1054.000,2207.000,1290.000,2683.000,1172.000,2445.000,236.000,476.000,26.430000,339.362146,3.243750
1780299577.440576,,,BOARD_2,4,0,3609.000,1633.000,3845.000,2109.000,3727.000,1871.000,236.000,476.000,26.430000,350.605326,5.874583
1780299577.632414,,,BOARD_2,1,0,180.000,2153.000,416.000,2629.000,298.000,2391.000,236.000,476.000,26.430000,8.167373,3.491250
1780299577.632414,,,BOARD_2,1,1,228.000,1673.000,464.000,2149.000,346.000,1911.000,236.000,476.000,26.430000,8.386123,5.691250
1780299577.632414,,,BOARD_2,1,2,308.000,2153.000,544.000,2629.000,426.000,2391.000,236.000,476.000,26.430000,8.750706,3.491250
1780299577.723758,,,BOARD_2,3,0,173.000,1627.000,409.000,2103.000,291.000,1865.000,236.000,476.000,26.430000,335.347172,5.902083
1780299577.723758,,,BOARD_2,3,1,365.000,1627.000,601.000,2103.000,483.000,1865.000,236.000,476.000,26.430000,336.222172,5.902083
1780299577.873101,,,BOARD_2,1,0,293.000,2151.000,529.000,2627.000,411.000,2389.000,236.000,476.000,26.430000,8.682347,3.500417
1780299577.873101,,,BOARD_2,1,1,847.000,2045.000,911.000,2165.000,879.000,2105.000,64.000,120.000,97.460000,10.815159,4.802083
1780299577.873101,,,BOARD_2,1,2,229.000,1671.000,465.000,2147.000,347.000,1909.000,236.000,476.000,26.430000,8.390680,5.700417
1780299577.999908,,,BOARD_2,3,0,197.000,1575.000,433.000,2051.000,315.000,1813.000,236.000,476.000,26.430000,335.456547,6.140417
1780299577.999908,,,BOARD_2,3,1,661.000,1703.000,897.000,2179.000,779.000,1941.000,236.000,476.000,26.430000,337.571130,5.553750
1780299578.147814,,,BOARD_2,1,0,180.000,2151.000,416.000,2627.000,298.000,2389.000,236.000,476.000,26.430000,8.167373,3.500417
1780299578.147814,,,BOARD_2,1,1,228.000,1671.000,464.000,2147.000,346.000,1909.000,236.000,476.000,26.430000,8.386123,5.700417
1780299578.147814,,,BOARD_2,1,2,308.000,2151.000,544.000,2627.000,426.000,2389.000,236.000,476.000,26.430000,8.750706,3.500417
1780299578.147814,,,BOARD_2,1,3,468.000,2103.000,704.000,2579.000,586.000,2341.000,236.000,476.000,26.430000,9.479873,3.720417
1780299578.147814,,,BOARD_2,1,4,854.000,2045.000,917.000,2165.000,885.500,2105.000,63.000,120.000,99.000000,10.844782,4.802083
1780299578.249735,,,BOARD_2,3,0,1436.000,2205.000,1672.000,2681.000,1554.000,2443.000,236.000,476.000,26.430000,341.103031,3.252917
1780299578.379436,,,BOARD_2,4,0,538.000,2207.000,774.000,2683.000,656.000,2445.000,236.000,476.000,26.430000,336.609883,3.243750
1780299578.512268,,,BOARD_2,1,0,305.000,2152.000,541.000,2628.000,423.000,2390.000,236.000,476.000,26.430000,8.737034,3.495833
1780299578.512268,,,BOARD_2,1,1,193.000,2152.000,429.000,2628.000,311.000,2390.000,236.000,476.000,26.430000,8.226618,3.495833
1780299578.512268,,,BOARD_2,1,2,241.000,1672.000,477.000,2148.000,359.000,1910.000,236.000,476.000,26.430000,8.445368,5.695833
1780299578.512268,,,BOARD_2,1,3,851.000,2038.000,914.000,2158.000,882.500,2098.000,63.000,120.000,99.000000,10.831110,4.834167
1780299578.577173,,,BOARD_2,3,0,351.000,1633.000,587.000,2109.000,469.000,1871.000,236.000,476.000,26.430000,336.158370,5.874583
1780299578.721667,,,BOARD_2,4,0,1105.000,1805.000,1341.000,2281.000,1223.000,2043.000,236.000,476.000,26.430000,339.193868,5.086250
1780299578.885497,,,BOARD_2,1,0,816.000,1978.000,1052.000,2454.000,934.000,2216.000,236.000,476.000,26.430000,11.065810,4.293333
1780299578.885497,,,BOARD_2,1,1,853.000,1874.000,893.000,1925.000,873.000,1899.500,40.000,51.000,155.930000,10.787816,5.743958
1780299578.917939,,,BOARD_2,3,0,365.000,1632.000,601.000,2108.000,483.000,1870.000,236.000,476.000,26.430000,336.222172,5.879167
1780299578.917939,,,BOARD_2,3,1,739.000,1698.000,1203.000,2058.000,971.000,1878.000,464.000,360.000,13.440000,338.446130,5.842500
1780299579.066855,,,BOARD_2,4,0,539.000,2207.000,775.000,2683.000,657.000,2445.000,236.000,476.000,26.430000,336.614441,3.243750
1780299579.252118,,,BOARD_2,1,0,178.000,2150.000,414.000,2626.000,296.000,2388.000,236.000,476.000,26.430000,8.158258,3.505000
1780299579.252118,,,BOARD_2,1,1,306.000,2150.000,542.000,2626.000,424.000,2388.000,236.000,476.000,26.430000,8.741592,3.505000
1780299579.252118,,,BOARD_2,1,2,242.000,1670.000,478.000,2146.000,360.000,1908.000,236.000,476.000,26.430000,8.449925,5.705000
1780299579.252118,,,BOARD_2,1,3,274.000,1878.000,510.000,2354.000,392.000,2116.000,236.000,476.000,26.430000,8.595758,4.751667
1780299579.252118,,,BOARD_2,1,4,178.000,1910.000,414.000,2386.000,296.000,2148.000,236.000,476.000,26.430000,8.158258,4.605000
1780299579.252118,,,BOARD_2,1,5,852.000,2044.000,915.000,2164.000,883.500,2104.000,63.000,120.000,99.000000,10.835667,4.806667
1780299579.401375,,,BOARD_2,1,0,305.000,2151.000,541.000,2627.000,423.000,2389.000,236.000,476.000,26.430000,8.737034,3.500417
1780299579.401375,,,BOARD_2,1,1,177.000,2151.000,413.000,2627.000,295.000,2389.000,236.000,476.000,26.430000,8.153701,3.500417
1780299579.401375,,,BOARD_2,1,2,273.000,1879.000,509.000,2355.000,391.000,2117.000,236.000,476.000,26.430000,8.591201,4.747083
1780299579.401375,,,BOARD_2,1,3,241.000,1671.000,477.000,2147.000,359.000,1909.000,236.000,476.000,26.430000,8.445368,5.700417
1780299579.455957,,,BOARD_2,4,0,501.000,2082.000,737.000,2558.000,619.000,2320.000,236.000,476.000,26.430000,336.441264,3.816667
1780299579.467485,,,BOARD_2,3,0,418.000,1633.000,654.000,2109.000,536.000,1871.000,236.000,476.000,26.430000,336.463708,5.874583
1780299579.579662,,,BOARD_2,4,0,3504.000,1629.000,3740.000,2105.000,3622.000,1867.000,236.000,476.000,26.430000,350.126810,5.892917
1780299579.579662,,,BOARD_2,4,1,3552.000,2205.000,3788.000,2681.000,3670.000,2443.000,236.000,476.000,26.430000,350.345560,3.252917
1780299579.646747,,,BOARD_2,1,0,304.000,2151.000,540.000,2627.000,422.000,2389.000,236.000,476.000,26.430000,8.732477,3.500417
1780299579.646747,,,BOARD_2,1,1,176.000,2151.000,412.000,2627.000,294.000,2389.000,236.000,476.000,26.430000,8.149144,3.500417
1780299579.839646,,,BOARD_2,4,0,1021.000,1890.000,1257.000,2366.000,1139.000,2128.000,236.000,476.000,26.430000,338.811055,4.696667
1780299580.001638,,,BOARD_2,1,0,304.000,2150.000,540.000,2626.000,422.000,2388.000,236.000,476.000,26.430000,8.732477,3.505000
1780299580.001638,,,BOARD_2,1,1,176.000,2150.000,412.000,2626.000,294.000,2388.000,236.000,476.000,26.430000,8.149144,3.505000
1780299580.001638,,,BOARD_2,1,2,272.000,1878.000,508.000,2354.000,390.000,2116.000,236.000,476.000,26.430000,8.586644,4.751667
1780299580.208833,,,BOARD_2,4,0,637.000,2080.000,873.000,2556.000,755.000,2318.000,236.000,476.000,26.430000,337.061055,3.825833
1780299580.366104,,,BOARD_2,1,0,303.000,2151.000,539.000,2627.000,421.000,2389.000,236.000,476.000,26.430000,8.727920,3.500417
1780299580.366104,,,BOARD_2,1,1,191.000,2151.000,427.000,2627.000,309.000,2389.000,236.000,476.000,26.430000,8.217503,3.500417
1780299580.366104,,,BOARD_2,1,2,849.000,2037.000,912.000,2156.000,880.500,2096.500,63.000,119.000,99.000000,10.821995,4.841042
1780299580.457689,,,BOARD_2,3,0,1460.000,2179.000,1696.000,2655.000,1578.000,2417.000,236.000,476.000,26.430000,341.212406,3.372083
1780299580.457689,,,BOARD_2,3,1,1505.000,2219.000,1545.000,2271.000,1525.000,2245.000,40.000,52.000,155.930000,340.970870,4.160417
1780299580.595629,,,BOARD_2,1,0,707.000,2035.000,943.000,2511.000,825.000,2273.000,236.000,476.000,26.430000,10.569066,4.032083
1780299580.840697,,,BOARD_2,4,0,3551.000,1646.000,3787.000,2122.000,3669.000,1884.000,236.000,476.000,26.430000,350.341003,5.815000
1780299580.857219,,,BOARD_2,1,0,304.000,2152.000,540.000,2628.000,422.000,2390.000,236.000,476.000,26.430000,8.732477,3.495833
1780299580.857219,,,BOARD_2,1,1,176.000,2152.000,412.000,2628.000,294.000,2390.000,236.000,476.000,26.430000,8.149144,3.495833
1780299580.857219,,,BOARD_2,1,2,464.000,2104.000,700.000,2580.000,582.000,2342.000,236.000,476.000,26.430000,9.461644,3.715833
1780299580.857219,,,BOARD_2,1,3,272.000,1880.000,508.000,2356.000,390.000,2118.000,236.000,476.000,26.430000,8.586644,4.742500
1780299580.857219,,,BOARD_2,1,4,704.000,2152.000,940.000,2628.000,822.000,2390.000,236.000,476.000,26.430000,10.555394,3.495833
1780299580.857219,,,BOARD_2,1,5,176.000,1912.000,412.000,2388.000,294.000,2150.000,236.000,476.000,26.430000,8.149144,4.595833
1780299580.943908,,,BOARD_2,3,0,1450.000,2139.000,1686.000,2615.000,1568.000,2377.000,236.000,476.000,26.430000,341.166833,3.555417
1780299580.965630,,,BOARD_2,1,0,177.000,2151.000,413.000,2627.000,295.000,2389.000,236.000,476.000,26.430000,8.153701,3.500417
1780299580.965630,,,BOARD_2,1,1,305.000,2151.000,541.000,2627.000,423.000,2389.000,236.000,476.000,26.430000,8.737034,3.500417
1780299580.965630,,,BOARD_2,1,2,241.000,1671.000,477.000,2147.000,359.000,1909.000,236.000,476.000,26.430000,8.445368,5.700417
1780299580.965630,,,BOARD_2,1,3,851.000,2037.000,914.000,2157.000,882.500,2097.000,63.000,120.000,99.000000,10.831110,4.838750
1780299581.064287,,,BOARD_2,3,0,1455.000,2155.000,1691.000,2631.000,1573.000,2393.000,236.000,476.000,26.430000,341.189620,3.482083
1780299581.064287,,,BOARD_2,3,1,1497.000,2177.000,1561.000,2297.000,1529.000,2237.000,64.000,120.000,97.460000,340.989099,4.197083
1780299581.200065,,,BOARD_2,1,0,178.000,2152.000,414.000,2628.000,296.000,2390.000,236.000,476.000,26.430000,8.158258,3.495833
1780299581.200065,,,BOARD_2,1,1,306.000,2152.000,542.000,2628.000,424.000,2390.000,236.000,476.000,26.430000,8.741592,3.495833
1780299581.200065,,,BOARD_2,1,2,226.000,1672.000,462.000,2148.000,344.000,1910.000,236.000,476.000,26.430000,8.377008,5.695833
1780299581.200065,,,BOARD_2,1,3,706.000,2152.000,942.000,2628.000,824.000,2390.000,236.000,476.000,26.430000,10.564508,3.495833
1780299581.249445,,,BOARD_2,4,0,501.000,2210.000,737.000,2686.000,619.000,2448.000,236.000,476.000,26.430000,336.441264,3.230000
1780299581.367597,,,BOARD_2,3,0,327.000,1553.000,563.000,2029.000,445.000,1791.000,236.000,476.000,26.430000,336.048995,6.241250
1780299581.373800,,,BOARD_2,4,0,3519.000,2210.000,3755.000,2686.000,3637.000,2448.000,236.000,476.000,26.430000,350.195170,3.230000
1780299581.373800,,,BOARD_2,4,1,3487.000,1634.000,3723.000,2110.000,3605.000,1872.000,236.000,476.000,26.430000,350.049336,5.870000
1780299581.541162,,,BOARD_2,1,0,783.000,1757.000,1019.000,2233.000,901.000,1995.000,236.000,476.000,26.430000,10.915420,5.306250
1780299581.611761,,,BOARD_2,4,0,1119.000,1810.000,1355.000,2286.000,1237.000,2048.000,236.000,476.000,26.430000,339.257670,5.063333
1780299581.622867,,,BOARD_2,3,0,1450.000,2166.000,1686.000,2642.000,1568.000,2404.000,236.000,476.000,26.430000,341.166833,3.431667
1780299581.801808,,,BOARD_2,1,0,178.000,2152.000,414.000,2628.000,296.000,2390.000,236.000,476.000,26.430000,8.158258,3.495833
1780299581.801808,,,BOARD_2,1,1,306.000,2152.000,542.000,2628.000,424.000,2390.000,236.000,476.000,26.430000,8.741592,3.495833
1780299581.801808,,,BOARD_2,1,2,226.000,1672.000,462.000,2148.000,344.000,1910.000,236.000,476.000,26.430000,8.377008,5.695833
1780299581.878809,,,BOARD_2,4,0,3517.000,2210.000,3753.000,2686.000,3635.000,2448.000,236.000,476.000,26.430000,350.186055,3.230000
1780299581.878809,,,BOARD_2,4,1,3501.000,1634.000,3737.000,2110.000,3619.000,1872.000,236.000,476.000,26.430000,350.113139,5.870000
1780299581.923178,,,BOARD_2,1,0,180.000,2151.000,416.000,2627.000,298.000,2389.000,236.000,476.000,26.430000,8.167373,3.500417
1780299581.923178,,,BOARD_2,1,1,308.000,2151.000,544.000,2627.000,426.000,2389.000,236.000,476.000,26.430000,8.750706,3.500417
1780299581.923178,,,BOARD_2,1,2,228.000,1671.000,464.000,2147.000,346.000,1909.000,236.000,476.000,26.430000,8.386123,5.700417
1780299581.923178,,,BOARD_2,1,3,708.000,2151.000,944.000,2627.000,826.000,2389.000,236.000,476.000,26.430000,10.573623,3.500417
1780299581.923178,,,BOARD_2,1,4,858.000,2071.000,898.000,2123.000,878.000,2097.000,40.000,52.000,155.930000,10.810602,4.838750
1780299582.041177,,,BOARD_2,3,0,999.000,1681.000,1235.000,2157.000,1117.000,1919.000,236.000,476.000,26.430000,339.111495,5.654583
1780299582.408272,,,BOARD_2,4,0,3779.000,1649.000,4015.000,2125.000,3897.000,1887.000,236.000,476.000,26.430000,351.380066,5.801250
1780299582.559635,,,BOARD_2,1,0,180.000,2152.000,416.000,2628.000,298.000,2390.000,236.000,476.000,26.430000,8.167373,3.495833
1780299582.559635,,,BOARD_2,1,1,846.000,2046.000,910.000,2166.000,878.000,2106.000,64.000,120.000,97.460000,10.810602,4.797500
1780299582.559635,,,BOARD_2,1,2,292.000,2152.000,528.000,2628.000,410.000,2390.000,236.000,476.000,26.430000,8.677790,3.495833
1780299582.750408,,,BOARD_2,3,0,1448.000,2144.000,1684.000,2620.000,1566.000,2382.000,236.000,476.000,26.430000,341.157719,3.532500
1780299582.985576,,,BOARD_2,3,0,1442.000,2141.000,1678.000,2617.000,1560.000,2379.000,236.000,476.000,26.430000,341.130375,3.546250
1780299583.068265,,,BOARD_2,1,0,295.000,2151.000,531.000,2627.000,413.000,2389.000,236.000,476.000,26.430000,8.691461,3.500417
1780299583.068265,,,BOARD_2,1,1,183.000,2151.000,419.000,2627.000,301.000,2389.000,236.000,476.000,26.430000,8.181045,3.500417
1780299583.068265,,,BOARD_2,1,2,231.000,1671.000,467.000,2147.000,349.000,1909.000,236.000,476.000,26.430000,8.399795,5.700417
1780299583.068265,,,BOARD_2,1,3,183.000,1911.000,419.000,2387.000,301.000,2149.000,236.000,476.000,26.430000,8.181045,4.600417
1780299583.091204,,,BOARD_2,4,0,3487.000,1631.000,3723.000,2107.000,3605.000,1869.000,236.000,476.000,26.430000,350.049336,5.883750
1780299583.091204,,,BOARD_2,4,1,3535.000,2207.000,3771.000,2683.000,3653.000,2445.000,236.000,476.000,26.430000,350.268086,3.243750
1780299583.249365,,,BOARD_2,3,0,1446.000,2143.000,1682.000,2619.000,1564.000,2381.000,236.000,476.000,26.430000,341.148604,3.537083
1780299583.249365,,,BOARD_2,3,1,1472.000,2115.000,1592.000,2359.000,1532.000,2237.000,120.000,244.000,51.980000,341.002771,4.197083
1780299583.345695,,,BOARD_2,4,0,503.000,2082.000,739.000,2558.000,621.000,2320.000,236.000,476.000,26.430000,336.450378,3.816667
1780299583.428924,,,BOARD_2,1,0,180.000,2154.000,416.000,2630.000,298.000,2392.000,236.000,476.000,26.430000,8.167373,3.486667
1780299583.428924,,,BOARD_2,1,1,308.000,2154.000,544.000,2630.000,426.000,2392.000,236.000,476.000,26.430000,8.750706,3.486667
1780299583.428924,,,BOARD_2,1,2,244.000,1674.000,480.000,2150.000,362.000,1912.000,236.000,476.000,26.430000,8.459040,5.686667
1780299583.428924,,,BOARD_2,1,3,858.000,2074.000,898.000,2126.000,878.000,2100.000,40.000,52.000,155.930000,10.810602,4.825000
1780299583.489521,,,BOARD_2,3,0,1446.000,2144.000,1682.000,2620.000,1564.000,2382.000,236.000,476.000,26.430000,341.148604,3.532500
1780299583.489521,,,BOARD_2,3,1,1488.000,2166.000,1552.000,2286.000,1520.000,2226.000,64.000,120.000,97.460000,340.948083,4.247500
1780299583.583652,,,BOARD_2,4,0,3486.000,1634.000,3722.000,2110.000,3604.000,1872.000,236.000,476.000,26.430000,350.044779,5.870000
1780299583.583652,,,BOARD_2,4,1,3518.000,2210.000,3754.000,2686.000,3636.000,2448.000,236.000,476.000,26.430000,350.190612,3.230000
1780299583.705457,,,BOARD_2,1,0,482.000,1642.000,718.000,2118.000,600.000,1880.000,236.000,476.000,26.430000,9.543675,5.833333
1780299583.705457,,,BOARD_2,1,1,466.000,2154.000,702.000,2630.000,584.000,2392.000,236.000,476.000,26.430000,9.470758,3.486667
1780299583.705457,,,BOARD_2,1,2,466.000,1754.000,702.000,2230.000,584.000,1992.000,236.000,476.000,26.430000,9.470758,5.320000
1780299583.705457,,,BOARD_2,1,3,-62.000,1978.000,174.000,2454.000,56.000,2216.000,236.000,476.000,26.430000,7.064508,4.293333
1780299583.705457,,,BOARD_2,1,4,114.000,2202.000,350.000,2678.000,232.000,2440.000,236.000,476.000,26.430000,7.866592,3.266667
1780299583.705457,,,BOARD_2,1,5,-62.000,2170.000,174.000,2646.000,56.000,2408.000,236.000,476.000,26.430000,7.064508,3.413333
1780299583.705457,,,BOARD_2,1,6,338.000,2026.000,574.000,2502.000,456.000,2264.000,236.000,476.000,26.430000,8.887425,4.073333
1780299583.711776,,,BOARD_2,3,0,1750.000,2415.000,1790.000,2467.000,1770.000,2441.000,40.000,52.000,155.930000,342.087406,3.262083
1780299583.833091,,,BOARD_2,1,0,839.000,2144.000,1075.000,2620.000,957.000,2382.000,236.000,476.000,26.430000,11.170628,3.532500
1780299584.106959,,,BOARD_2,4,0,3488.000,1633.000,3724.000,2109.000,3606.000,1871.000,236.000,476.000,26.430000,350.053894,5.874583
1780299584.202447,,,BOARD_2,1,0,301.000,2133.000,537.000,2609.000,419.000,2371.000,236.000,476.000,26.430000,8.718805,3.582917
1780299584.202447,,,BOARD_2,1,1,237.000,1829.000,473.000,2305.000,355.000,2067.000,236.000,476.000,26.430000,8.427139,4.976250
1780299584.202447,,,BOARD_2,3,0,1435.000,2123.000,1671.000,2599.000,1553.000,2361.000,236.000,476.000,26.430000,341.098474,3.628750
1780299584.202447,,,BOARD_2,3,1,1124.000,1817.000,1188.000,1937.000,1156.000,1877.000,64.000,120.000,97.460000,339.289229,5.847083
1780299584.202447,,,BOARD_2,3,2,1099.000,1819.000,1335.000,2295.000,1217.000,2057.000,236.000,476.000,26.430000,339.567224,5.022083
1780299584.436874,,,BOARD_2,3,0,1430.000,2143.000,1666.000,2619.000,1548.000,2381.000,236.000,476.000,26.430000,341.075688,3.537083
1780299584.436874,,,BOARD_2,3,1,1488.000,2165.000,1552.000,2285.000,1520.000,2225.000,64.000,120.000,97.460000,340.948083,4.252083
1780299584.517807,,,BOARD_2,4,0,536.000,2206.000,772.000,2682.000,654.000,2444.000,236.000,476.000,26.430000,336.600769,3.248333
1780299584.616435,,,BOARD_2,1,0,301.000,2205.000,537.000,2681.000,419.000,2443.000,236.000,476.000,26.430000,8.718805,3.252917
1780299584.690781,,,BOARD_2,3,0,1430.000,2138.000,1666.000,2614.000,1548.000,2376.000,236.000,476.000,26.430000,341.075688,3.560000
1780299584.762203,,,BOARD_2,4,0,3535.000,2206.000,3771.000,2682.000,3653.000,2444.000,236.000,476.000,26.430000,350.268086,3.248333
1780299584.944747,,,BOARD_2,3,0,1057.000,2207.000,1293.000,2683.000,1175.000,2445.000,236.000,476.000,26.430000,339.375818,3.243750
1780299585.008533,,,BOARD_2,4,0,3483.000,1634.000,3719.000,2110.000,3601.000,1872.000,236.000,476.000,26.430000,350.031107,5.870000
1780299585.105254,,,BOARD_2,1,0,301.000,2161.000,537.000,2637.000,419.000,2399.000,236.000,476.000,26.430000,8.718805,3.454583
1780299585.340322,,,BOARD_2,3,0,1435.000,2144.000,1671.000,2620.000,1553.000,2382.000,236.000,476.000,26.430000,341.098474,3.532500
1780299585.340322,,,BOARD_2,3,1,1493.000,2166.000,1557.000,2286.000,1525.000,2226.000,64.000,120.000,97.460000,340.970870,4.247500
1780299585.490911,,,BOARD_2,1,0,302.000,2183.000,538.000,2659.000,420.000,2421.000,236.000,476.000,26.430000,8.723363,3.353750
1780299585.556005,,,BOARD_2,3,0,1437.000,2138.000,1673.000,2614.000,1555.000,2376.000,236.000,476.000,26.430000,341.107589,3.560000
1780299585.556005,,,BOARD_2,3,1,973.000,1770.000,1209.000,2246.000,1091.000,2008.000,236.000,476.000,26.430000,338.993005,5.246667
1780299585.627025,,,BOARD_2,4,0,3540.000,2206.000,3776.000,2682.000,3658.000,2444.000,236.000,476.000,26.430000,350.290873,3.248333
1780299585.627025,,,BOARD_2,4,1,3492.000,1630.000,3728.000,2106.000,3610.000,1868.000,236.000,476.000,26.430000,350.072123,5.888333
1780299585.735792,,,BOARD_2,3,0,85.000,1669.000,549.000,2029.000,317.000,1849.000,464.000,360.000,13.440000,335.465661,5.975417
1780299585.872027,,,BOARD_2,1,0,482.000,2187.000,718.000,2663.000,600.000,2425.000,236.000,476.000,26.430000,9.543675,3.335417
1780299585.872027,,,BOARD_2,1,1,-62.000,2139.000,174.000,2615.000,56.000,2377.000,236.000,476.000,26.430000,7.064508,3.555417
1780299585.872027,,,BOARD_2,1,2,258.000,2059.000,494.000,2535.000,376.000,2297.000,236.000,476.000,26.430000,8.522842,3.922083
1780299585.872027,,,BOARD_2,1,3,482.000,1627.000,718.000,2103.000,600.000,1865.000,236.000,476.000,26.430000,9.543675,5.902083
1780299585.872027,,,BOARD_2,1,4,82.000,2187.000,318.000,2663.000,200.000,2425.000,236.000,476.000,26.430000,7.720758,3.335417
1780299585.964147,,,BOARD_2,3,0,1433.000,2143.000,1669.000,2619.000,1551.000,2381.000,236.000,476.000,26.430000,341.089359,3.537083
1780299586.126359,,,BOARD_2,4,0,3534.000,2204.000,3770.000,2680.000,3652.000,2442.000,236.000,476.000,26.430000,350.263529,3.257500
1780299586.132546,,,BOARD_2,1,0,299.000,2161.000,535.000,2637.000,417.000,2399.000,236.000,476.000,26.430000,8.709691,3.454583
1780299586.132546,,,BOARD_2,1,1,235.000,1729.000,471.000,2205.000,353.000,1967.000,236.000,476.000,26.430000,8.418024,5.434583
1780299586.132546,,,BOARD_2,1,2,203.000,1921.000,439.000,2397.000,321.000,2159.000,236.000,476.000,26.430000,8.272191,4.554583
1780299586.150345,,,BOARD_2,3,0,1646.000,2144.000,1894.000,2324.000,1770.000,2234.000,248.000,180.000,25.150000,342.087406,4.210833
1780299586.242784,,,BOARD_2,4,0,534.000,2205.000,770.000,2681.000,652.000,2443.000,236.000,476.000,26.430000,336.591654,3.252917
1780299586.373005,,,BOARD_2,1,0,338.000,2002.000,574.000,2478.000,456.000,2240.000,236.000,476.000,26.430000,8.887425,4.183333
1780299586.373005,,,BOARD_2,1,1,-62.000,2002.000,174.000,2478.000,56.000,2240.000,236.000,476.000,26.430000,7.064508,4.183333
1780299586.373005,,,BOARD_2,1,2,482.000,1682.000,718.000,2158.000,600.000,1920.000,236.000,476.000,26.430000,9.543675,5.650000
1780299586.373005,,,BOARD_2,1,3,98.000,1906.000,334.000,2382.000,216.000,2144.000,236.000,476.000,26.430000,7.793675,4.623333
1780299586.373005,,,BOARD_2,1,4,114.000,2130.000,350.000,2606.000,232.000,2368.000,236.000,476.000,26.430000,7.866592,3.596667
1780299586.531217,,,BOARD_2,4,0,3513.000,2210.000,3749.000,2686.000,3631.000,2448.000,236.000,476.000,26.430000,350.167826,3.230000
1780299586.531217,,,BOARD_2,4,1,3481.000,1634.000,3717.000,2110.000,3599.000,1872.000,236.000,476.000,26.430000,350.021993,5.870000
1780299586.537230,,,BOARD_2,3,0,1445.000,2145.000,1681.000,2621.000,1563.000,2383.000,236.000,476.000,26.430000,341.144047,3.527917
1780299586.537230,,,BOARD_2,3,1,1487.000,2167.000,1551.000,2287.000,1519.000,2227.000,64.000,120.000,97.460000,340.943526,4.242917
1780299586.597297,,,BOARD_2,1,0,450.000,2126.000,686.000,2602.000,568.000,2364.000,236.000,476.000,26.430000,9.397842,3.615000
1780299586.597297,,,BOARD_2,1,1,482.000,1694.000,718.000,2170.000,600.000,1932.000,236.000,476.000,26.430000,9.543675,5.595000
1780299586.597297,,,BOARD_2,1,2,-62.000,2014.000,174.000,2490.000,56.000,2252.000,236.000,476.000,26.430000,7.064508,4.128333
1780299586.597297,,,BOARD_2,1,3,114.000,2174.000,350.000,2650.000,232.000,2412.000,236.000,476.000,26.430000,7.866592,3.395000
1780299586.597297,,,BOARD_2,1,4,322.000,2046.000,558.000,2522.000,440.000,2284.000,236.000,476.000,26.430000,8.814508,3.981667
1780299586.765599,,,BOARD_2,3,0,1432.000,2144.000,1668.000,2620.000,1550.000,2382.000,236.000,476.000,26.430000,341.084802,3.532500
1780299586.765599,,,BOARD_2,3,1,1482.000,2166.000,1546.000,2286.000,1514.000,2226.000,64.000,120.000,97.460000,340.920740,4.247500
1780299586.809163,,,BOARD_2,4,0,635.000,2049.000,871.000,2525.000,753.000,2287.000,236.000,476.000,26.430000,337.051941,3.967917
1780299586.945140,,,BOARD_2,1,0,301.000,2167.000,537.000,2643.000,419.000,2405.000,236.000,476.000,26.430000,8.718805,3.427083
1780299586.945140,,,BOARD_2,1,1,237.000,1831.000,473.000,2307.000,355.000,2069.000,236.000,476.000,26.430000,8.427139,4.967083
1780299587.127816,,,BOARD_2,3,0,1431.000,2140.000,1667.000,2616.000,1549.000,2378.000,236.000,476.000,26.430000,341.080245,3.550833
1780299587.127816,,,BOARD_2,3,1,960.000,2002.000,1024.000,2122.000,992.000,2062.000,64.000,120.000,97.460000,338.541833,4.999167
1780299587.312248,,,BOARD_2,1,0,195.000,2152.000,431.000,2628.000,313.000,2390.000,236.000,476.000,26.430000,8.235732,3.495833
1780299587.312248,,,BOARD_2,1,1,307.000,2152.000,543.000,2628.000,425.000,2390.000,236.000,476.000,26.430000,8.746149,3.495833
1780299587.312248,,,BOARD_2,1,2,275.000,1912.000,511.000,2388.000,393.000,2150.000,236.000,476.000,26.430000,8.600316,4.595833
1780299587.312248,,,BOARD_2,1,3,707.000,2152.000,943.000,2628.000,825.000,2390.000,236.000,476.000,26.430000,10.569066,3.495833
1780299587.431737,,,BOARD_2,1,0,305.000,2152.000,541.000,2628.000,423.000,2390.000,236.000,476.000,26.430000,8.737034,3.495833
1780299587.431737,,,BOARD_2,1,1,193.000,2152.000,429.000,2628.000,311.000,2390.000,236.000,476.000,26.430000,8.226618,3.495833
1780299587.431737,,,BOARD_2,1,2,851.000,2038.000,914.000,2158.000,882.500,2098.000,63.000,120.000,99.000000,10.831110,4.834167
1780299587.615298,,,BOARD_2,3,0,1432.000,2143.000,1668.000,2619.000,1550.000,2381.000,236.000,476.000,26.430000,341.084802,3.537083
1780299588.051733,,,BOARD_2,4,0,532.000,2206.000,768.000,2682.000,650.000,2444.000,236.000,476.000,26.430000,336.582540,3.248333
1780299588.105737,,,BOARD_2,3,0,1429.000,2174.000,1665.000,2650.000,1547.000,2412.000,236.000,476.000,26.430000,341.071130,3.395000
1780299588.144125,,,BOARD_2,1,0,193.000,2152.000,429.000,2628.000,311.000,2390.000,236.000,476.000,26.430000,8.226618,3.495833
1780299588.144125,,,BOARD_2,1,1,305.000,2152.000,541.000,2628.000,423.000,2390.000,236.000,476.000,26.430000,8.737034,3.495833
1780299588.144125,,,BOARD_2,1,2,851.000,2046.000,914.000,2166.000,882.500,2106.000,63.000,120.000,99.000000,10.831110,4.797500
1780299588.144125,,,BOARD_2,1,3,241.000,1672.000,477.000,2148.000,359.000,1910.000,236.000,476.000,26.430000,8.445368,5.695833
1780299588.144125,,,BOARD_2,1,4,225.000,1832.000,461.000,2308.000,343.000,2070.000,236.000,476.000,26.430000,8.372451,4.962500
1780299588.177686,,,BOARD_2,4,0,3531.000,2205.000,3767.000,2681.000,3649.000,2443.000,236.000,476.000,26.430000,350.249857,3.252917
1780299588.177686,,,BOARD_2,4,1,3483.000,1629.000,3719.000,2105.000,3601.000,1867.000,236.000,476.000,26.430000,350.031107,5.892917
1780299588.342008,,,BOARD_2,3,0,1433.000,2144.000,1669.000,2620.000,1551.000,2382.000,236.000,476.000,26.430000,341.089359,3.532500
1780299588.342008,,,BOARD_2,3,1,1491.000,2166.000,1555.000,2286.000,1523.000,2226.000,64.000,120.000,97.460000,340.961755,4.247500
1780299588.528991,,,BOARD_2,1,0,177.000,2151.000,413.000,2627.000,295.000,2389.000,236.000,476.000,26.430000,8.153701,3.500417
1780299588.528991,,,BOARD_2,1,1,289.000,2151.000,525.000,2627.000,407.000,2389.000,236.000,476.000,26.430000,8.664118,3.500417
1780299588.528991,,,BOARD_2,1,2,851.000,2045.000,914.000,2165.000,882.500,2105.000,63.000,120.000,99.000000,10.831110,4.802083
1780299588.697820,,,BOARD_2,3,0,50.000,1625.000,286.000,2101.000,168.000,1863.000,236.000,476.000,26.430000,334.786625,5.911250
1780299588.799356,,,BOARD_2,4,0,635.000,2048.000,871.000,2524.000,753.000,2286.000,236.000,476.000,26.430000,337.051941,3.972500
1780299588.887729,,,BOARD_2,1,0,303.000,2152.000,539.000,2628.000,421.000,2390.000,236.000,476.000,26.430000,8.727920,3.495833
1780299588.887729,,,BOARD_2,1,1,191.000,2152.000,427.000,2628.000,309.000,2390.000,236.000,476.000,26.430000,8.217503,3.495833
1780299588.887729,,,BOARD_2,1,2,223.000,1672.000,459.000,2148.000,341.000,1910.000,236.000,476.000,26.430000,8.363336,5.695833
1780299589.282927,,,BOARD_2,1,0,303.000,2152.000,539.000,2628.000,421.000,2390.000,236.000,476.000,26.430000,8.727920,3.495833
1780299589.282927,,,BOARD_2,1,1,175.000,2152.000,411.000,2628.000,293.000,2390.000,236.000,476.000,26.430000,8.144586,3.495833
1780299589.282927,,,BOARD_2,1,2,223.000,1672.000,459.000,2148.000,341.000,1910.000,236.000,476.000,26.430000,8.363336,5.695833
1780299589.282927,,,BOARD_2,1,3,853.000,2072.000,893.000,2124.000,873.000,2098.000,40.000,52.000,155.930000,10.787816,4.834167
1780299589.460077,,,BOARD_2,3,0,825.000,1646.000,1061.000,2122.000,943.000,1884.000,236.000,476.000,26.430000,338.318526,5.815000
1780299589.460077,,,BOARD_2,3,1,505.000,1646.000,741.000,2122.000,623.000,1884.000,236.000,476.000,26.430000,336.860193,5.815000
1780299589.460077,,,BOARD_2,3,2,1003.000,1940.000,1066.000,2060.000,1034.500,2000.000,63.000,120.000,99.000000,338.735518,5.283333
1780299589.460077,,,BOARD_2,3,3,711.000,1958.000,751.000,2010.000,731.000,1984.000,40.000,52.000,155.930000,337.352380,5.356667
1780299589.460077,,,BOARD_2,3,4,345.000,1630.000,581.000,2106.000,463.000,1868.000,236.000,476.000,26.430000,336.131026,5.888333
1780299589.634713,,,BOARD_2,1,0,175.000,2153.000,411.000,2629.000,293.000,2391.000,236.000,476.000,26.430000,8.144586,3.491250
1780299589.634713,,,BOARD_2,1,1,303.000,2153.000,539.000,2629.000,421.000,2391.000,236.000,476.000,26.430000,8.727920,3.491250
1780299589.634713,,,BOARD_2,1,2,853.000,2073.000,893.000,2125.000,873.000,2099.000,40.000,52.000,155.930000,10.787816,4.829583
1780299589.634713,,,BOARD_2,1,3,223.000,1673.000,459.000,2149.000,341.000,1911.000,236.000,476.000,26.430000,8.363336,5.691250
1780299589.634713,,,BOARD_2,1,4,703.000,2153.000,939.000,2629.000,821.000,2391.000,236.000,476.000,26.430000,10.550836,3.491250
1780299589.697560,,,BOARD_2,3,0,1450.000,2205.000,1686.000,2681.000,1568.000,2443.000,236.000,476.000,26.430000,341.166833,3.252917
1780299589.771138,,,BOARD_2,4,0,528.000,2208.000,764.000,2684.000,646.000,2446.000,236.000,476.000,26.430000,336.564310,3.239167
1780299589.965211,,,BOARD_2,3,0,1457.000,2171.000,1693.000,2647.000,1575.000,2409.000,236.000,476.000,26.430000,341.198734,3.408750
1780299589.965211,,,BOARD_2,3,1,1502.000,2211.000,1542.000,2263.000,1522.000,2237.000,40.000,52.000,155.930000,340.957198,4.197083
1780299589.981994,,,BOARD_2,1,0,295.000,2160.000,531.000,2636.000,413.000,2398.000,236.000,476.000,26.430000,8.691461,3.459167
1780299590.029669,,,BOARD_2,4,0,3671.000,1699.000,4135.000,2059.000,3903.000,1879.000,464.000,360.000,13.440000,351.407409,5.837917
1780299590.029669,,,BOARD_2,4,1,3953.000,1649.000,4189.000,2125.000,4071.000,1887.000,236.000,476.000,26.430000,352.173034,5.801250
1780299590.093388,,,BOARD_2,1,0,296.000,2152.000,532.000,2628.000,414.000,2390.000,236.000,476.000,26.430000,8.696019,3.495833
1780299590.093388,,,BOARD_2,1,1,184.000,2152.000,420.000,2628.000,302.000,2390.000,236.000,476.000,26.430000,8.185602,3.495833
1780299590.093388,,,BOARD_2,1,2,232.000,1672.000,468.000,2148.000,350.000,1910.000,236.000,476.000,26.430000,8.404352,5.695833
1780299590.093388,,,BOARD_2,1,3,264.000,1880.000,500.000,2356.000,382.000,2118.000,236.000,476.000,26.430000,8.550185,4.742500
1780299590.204021,,,BOARD_2,3,0,1442.000,2140.000,1678.000,2616.000,1560.000,2378.000,236.000,476.000,26.430000,341.130375,3.550833
1780299590.204021,,,BOARD_2,3,1,1042.000,2140.000,1278.000,2616.000,1160.000,2378.000,236.000,476.000,26.430000,339.307458,3.550833
1780299590.356344,,,BOARD_2,1,0,1079.000,1921.000,1315.000,2397.000,1197.000,2159.000,236.000,476.000,26.430000,12.264378,4.554583
1780299590.449066,,,BOARD_2,3,0,1438.000,2145.000,1674.000,2621.000,1556.000,2383.000,236.000,476.000,26.430000,341.112146,3.527917
1780299590.449066,,,BOARD_2,3,1,1102.000,1825.000,1338.000,2301.000,1220.000,2063.000,236.000,476.000,26.430000,339.580896,4.994583
1780299590.563557,,,BOARD_2,4,0,1138.000,1776.000,1374.000,2252.000,1256.000,2014.000,236.000,476.000,26.430000,339.344258,5.219167
1780299590.563557,,,BOARD_2,4,1,1170.000,1632.000,1406.000,2108.000,1288.000,1870.000,236.000,476.000,26.430000,339.490092,5.879167
1780299590.563557,,,BOARD_2,4,2,1036.000,1892.000,1284.000,2072.000,1160.000,1982.000,248.000,180.000,25.150000,338.906758,5.365833
1780299590.717638,,,BOARD_2,1,0,294.000,2160.000,530.000,2636.000,412.000,2398.000,236.000,476.000,26.430000,8.686904,3.459167
1780299590.717638,,,BOARD_2,1,1,198.000,1920.000,434.000,2396.000,316.000,2158.000,236.000,476.000,26.430000,8.249404,4.559167
1780299590.717638,,,BOARD_2,1,2,230.000,1728.000,466.000,2204.000,348.000,1966.000,236.000,476.000,26.430000,8.395238,5.439167
1780299590.729513,,,BOARD_2,3,0,333.000,1625.000,569.000,2101.000,451.000,1863.000,236.000,476.000,26.430000,336.076339,5.911250
1780299590.729513,,,BOARD_2,3,1,723.000,1723.000,1187.000,2083.000,955.000,1903.000,464.000,360.000,13.440000,338.373214,5.727917
1780299590.806767,,,BOARD_2,4,0,635.000,2048.000,871.000,2524.000,753.000,2286.000,236.000,476.000,26.430000,337.051941,3.972500
1780299591.068057,,,BOARD_2,1,0,300.000,2152.000,536.000,2628.000,418.000,2390.000,236.000,476.000,26.430000,8.714248,3.495833
1780299591.068057,,,BOARD_2,1,1,188.000,2152.000,424.000,2628.000,306.000,2390.000,236.000,476.000,26.430000,8.203831,3.495833
1780299591.068057,,,BOARD_2,1,2,700.000,2152.000,936.000,2628.000,818.000,2390.000,236.000,476.000,26.430000,10.537165,3.495833
1780299591.068057,,,BOARD_2,1,3,268.000,1880.000,504.000,2356.000,386.000,2118.000,236.000,476.000,26.430000,8.568415,4.742500
1780299591.121856,,,BOARD_2,3,0,1433.000,2144.000,1669.000,2620.000,1551.000,2382.000,236.000,476.000,26.430000,341.089359,3.532500
1780299591.175725,,,BOARD_2,4,0,3535.000,2202.000,3771.000,2678.000,3653.000,2440.000,236.000,476.000,26.430000,350.268086,3.266667
1780299591.175725,,,BOARD_2,4,1,3503.000,1642.000,3739.000,2118.000,3621.000,1880.000,236.000,476.000,26.430000,350.122253,5.833333
1780299591.514301,,,BOARD_2,3,0,143.000,1634.000,379.000,2110.000,261.000,1872.000,236.000,476.000,26.430000,335.210453,5.870000
1780299591.514301,,,BOARD_2,3,1,335.000,1634.000,571.000,2110.000,453.000,1872.000,236.000,476.000,26.430000,336.085453,5.870000
1780299591.541991,,,BOARD_2,4,0,3541.000,2206.000,3777.000,2682.000,3659.000,2444.000,236.000,476.000,26.430000,350.295430,3.248333
1780299591.541991,,,BOARD_2,4,1,3493.000,1646.000,3729.000,2122.000,3611.000,1884.000,236.000,476.000,26.430000,350.076680,5.815000
1780299591.802070,,,BOARD_2,1,0,292.000,2161.000,528.000,2637.000,410.000,2399.000,236.000,476.000,26.430000,8.677790,3.454583
1780299591.802070,,,BOARD_2,1,1,228.000,1713.000,464.000,2189.000,346.000,1951.000,236.000,476.000,26.430000,8.386123,5.507917
1780299591.802070,,,BOARD_2,1,2,708.000,2161.000,944.000,2637.000,826.000,2399.000,236.000,476.000,26.430000,10.573623,3.454583
1780299592.013025,,,BOARD_2,4,0,2273.000,1774.000,2509.000,2250.000,2391.000,2012.000,236.000,476.000,26.430000,344.516784,5.228333
1780299592.217030,,,BOARD_2,3,0,1431.000,2144.000,1667.000,2620.000,1549.000,2382.000,236.000,476.000,26.430000,341.080245,3.532500
1780299592.244545,,,BOARD_2,1,0,294.000,2159.000,530.000,2635.000,412.000,2397.000,236.000,476.000,26.430000,8.686904,3.463750
1780299592.244545,,,BOARD_2,1,1,230.000,1743.000,466.000,2219.000,348.000,1981.000,236.000,476.000,26.430000,8.395238,5.370417
1780299592.601600,,,BOARD_2,1,0,294.000,2166.000,530.000,2642.000,412.000,2404.000,236.000,476.000,26.430000,8.686904,3.431667
1780299592.601600,,,BOARD_2,1,1,230.000,1830.000,466.000,2306.000,348.000,2068.000,236.000,476.000,26.430000,8.395238,4.971667
1780299592.601600,,,BOARD_2,1,2,230.000,1670.000,466.000,2146.000,348.000,1908.000,236.000,476.000,26.430000,8.395238,5.705000
1780299592.601600,,,BOARD_2,1,3,438.000,2118.000,674.000,2594.000,556.000,2356.000,236.000,476.000,26.430000,9.343154,3.651667
1780299592.607702,,,BOARD_2,3,0,1456.000,2160.000,1692.000,2636.000,1574.000,2398.000,236.000,476.000,26.430000,341.194177,3.459167
1780299592.607702,,,BOARD_2,3,1,1489.000,2174.000,1553.000,2294.000,1521.000,2234.000,64.000,120.000,97.460000,340.952641,4.210833
1780299592.967489,,,BOARD_2,3,0,1431.000,2143.000,1667.000,2619.000,1549.000,2381.000,236.000,476.000,26.430000,341.080245,3.537083
1780299592.967489,,,BOARD_2,1,0,174.000,2152.000,410.000,2628.000,292.000,2390.000,236.000,476.000,26.430000,8.140029,3.495833
1780299592.967489,,,BOARD_2,1,1,302.000,2152.000,538.000,2628.000,420.000,2390.000,236.000,476.000,26.430000,8.723363,3.495833
1780299592.967489,,,BOARD_2,1,2,270.000,1880.000,506.000,2356.000,388.000,2118.000,236.000,476.000,26.430000,8.577529,4.742500
1780299592.967489,,,BOARD_2,1,3,430.000,2104.000,666.000,2580.000,548.000,2342.000,236.000,476.000,26.430000,9.306696,3.715833
1780299592.967489,,,BOARD_2,1,4,848.000,2038.000,911.000,2158.000,879.500,2098.000,63.000,120.000,99.000000,10.817438,4.834167
1780299592.967489,,,BOARD_2,1,5,238.000,1672.000,474.000,2148.000,356.000,1910.000,236.000,476.000,26.430000,8.431696,5.695833
1780299593.031303,,,BOARD_2,4,0,499.000,2209.000,735.000,2685.000,617.000,2447.000,236.000,476.000,26.430000,336.432149,3.234583
1780299593.346002,,,BOARD_2,1,0,300.000,2152.000,536.000,2628.000,418.000,2390.000,236.000,476.000,26.430000,8.714248,3.495833
1780299593.346002,,,BOARD_2,1,1,172.000,2152.000,408.000,2628.000,290.000,2390.000,236.000,476.000,26.430000,8.130915,3.495833
1780299593.346002,,,BOARD_2,1,2,268.000,1912.000,504.000,2388.000,386.000,2150.000,236.000,476.000,26.430000,8.568415,4.595833
1780299593.346002,,,BOARD_2,1,3,172.000,1960.000,408.000,2436.000,290.000,2198.000,236.000,476.000,26.430000,8.130915,4.375833
1780299593.591075,,,BOARD_2,1,0,176.000,2152.000,412.000,2628.000,294.000,2390.000,236.000,476.000,26.430000,8.149144,3.495833
1780299593.591075,,,BOARD_2,1,1,288.000,2152.000,524.000,2628.000,406.000,2390.000,236.000,476.000,26.430000,8.659560,3.495833
1780299593.591075,,,BOARD_2,1,2,224.000,1672.000,460.000,2148.000,342.000,1910.000,236.000,476.000,26.430000,8.367894,5.695833
1780299593.591075,,,BOARD_2,1,3,842.000,2046.000,906.000,2166.000,874.000,2106.000,64.000,120.000,97.460000,10.792373,4.797500
1780299593.591075,,,BOARD_2,1,4,432.000,2104.000,668.000,2580.000,550.000,2342.000,236.000,476.000,26.430000,9.315810,3.715833
1780299593.597789,,,BOARD_2,3,0,1486.000,2166.000,1550.000,2286.000,1518.000,2226.000,64.000,120.000,97.460000,340.938969,4.247500
1780299593.691388,,,BOARD_2,4,0,1556.000,2210.000,1792.000,2686.000,1674.000,2448.000,236.000,476.000,26.430000,341.249206,3.230000
1780299593.839121,,,BOARD_2,1,0,295.000,2161.000,531.000,2637.000,413.000,2399.000,236.000,476.000,26.430000,8.691461,3.454583
1780299593.839121,,,BOARD_2,1,1,231.000,1825.000,467.000,2301.000,349.000,2063.000,236.000,476.000,26.430000,8.399795,4.994583
1780299593.953302,,,BOARD_2,3,0,1451.000,2209.000,1687.000,2685.000,1569.000,2447.000,236.000,476.000,26.430000,341.171391,3.234583
1780299593.953302,,,BOARD_2,3,1,1476.000,2133.000,1596.000,2377.000,1536.000,2255.000,120.000,244.000,51.980000,341.021000,4.114583
1780299594.064951,,,BOARD_2,4,0,3536.000,2203.000,3772.000,2679.000,3654.000,2441.000,236.000,476.000,26.430000,350.272644,3.262083
1780299594.102977,,,BOARD_2,1,0,296.000,2161.000,532.000,2637.000,414.000,2399.000,236.000,476.000,26.430000,8.696019,3.454583
1780299594.102977,,,BOARD_2,1,1,344.000,2053.000,476.000,2145.000,410.000,2099.000,132.000,92.000,47.250000,8.677790,4.829583
1780299594.166487,,,BOARD_2,3,0,334.000,1650.000,570.000,2126.000,452.000,1888.000,236.000,476.000,26.430000,336.080896,5.796667
1780299594.166487,,,BOARD_2,3,1,174.000,1522.000,410.000,1998.000,292.000,1760.000,236.000,476.000,26.430000,335.351729,6.383333
1780299594.282027,,,BOARD_2,4,0,532.000,2206.000,768.000,2682.000,650.000,2444.000,236.000,476.000,26.430000,336.582540,3.248333
1780299594.341066,,,BOARD_2,1,0,296.000,2162.000,532.000,2638.000,414.000,2400.000,236.000,476.000,26.430000,8.696019,3.450000
1780299594.341066,,,BOARD_2,1,1,344.000,2054.000,476.000,2146.000,410.000,2100.000,132.000,92.000,47.250000,8.677790,4.825000
1780299594.341066,,,BOARD_2,1,2,440.000,2114.000,676.000,2590.000,558.000,2352.000,236.000,476.000,26.430000,9.352269,3.670000
1780299594.517065,,,BOARD_2,3,0,1430.000,2143.000,1666.000,2619.000,1548.000,2381.000,236.000,476.000,26.430000,341.075688,3.537083
1780299594.605312,,,BOARD_2,1,0,295.000,2160.000,531.000,2636.000,413.000,2398.000,236.000,476.000,26.430000,8.691461,3.459167
1780299594.605312,,,BOARD_2,1,1,343.000,2052.000,475.000,2144.000,409.000,2098.000,132.000,92.000,47.250000,8.673232,4.834167
1780299594.605312,,,BOARD_2,1,2,455.000,2176.000,691.000,2652.000,573.000,2414.000,236.000,476.000,26.430000,9.420628,3.385833
1780299594.661965,,,BOARD_2,4,0,3523.000,2202.000,3759.000,2678.000,3641.000,2440.000,236.000,476.000,26.430000,350.213399,3.266667
1780299594.661965,,,BOARD_2,4,1,3475.000,1626.000,3711.000,2102.000,3593.000,1864.000,236.000,476.000,26.430000,349.994649,5.906667
1780299594.752366,,,BOARD_2,3,0,1429.000,2143.000,1665.000,2619.000,1547.000,2381.000,236.000,476.000,26.430000,341.071130,3.537083
1780299595.065981,,,BOARD_2,4,0,534.000,2207.000,770.000,2683.000,652.000,2445.000,236.000,476.000,26.430000,336.591654,3.243750
1780299595.113869,,,BOARD_2,1,0,298.000,2152.000,534.000,2628.000,416.000,2390.000,236.000,476.000,26.430000,8.705133,3.495833
1780299595.113869,,,BOARD_2,1,1,186.000,2152.000,422.000,2628.000,304.000,2390.000,236.000,476.000,26.430000,8.194717,3.495833
1780299595.113869,,,BOARD_2,1,2,844.000,2038.000,907.000,2158.000,875.500,2098.000,63.000,120.000,99.000000,10.799209,4.834167
1780299595.334024,,,BOARD_2,4,0,3493.000,1634.000,3729.000,2110.000,3611.000,1872.000,236.000,476.000,26.430000,350.076680,5.870000
1780299595.506603,,,BOARD_2,1,0,295.000,2161.000,531.000,2637.000,413.000,2399.000,236.000,476.000,26.430000,8.691461,3.454583
1780299595.506603,,,BOARD_2,1,1,231.000,1729.000,467.000,2205.000,349.000,1967.000,236.000,476.000,26.430000,8.399795,5.434583
1780299595.507110,,,BOARD_2,3,0,34.000,1527.000,270.000,2003.000,152.000,1765.000,236.000,476.000,26.430000,334.713708,6.360417
1780299595.507110,,,BOARD_2,3,1,98.000,1751.000,334.000,2227.000,216.000,1989.000,236.000,476.000,26.430000,335.005375,5.333750
1780299595.625048,,,BOARD_2,1,0,299.000,2195.000,535.000,2671.000,417.000,2433.000,236.000,476.000,26.430000,8.709691,3.298750
1780299595.625048,,,BOARD_2,1,1,267.000,1875.000,503.000,2351.000,385.000,2113.000,236.000,476.000,26.430000,8.563857,4.765417
1780299595.734027,,,BOARD_2,4,0,3542.000,2202.000,3778.000,2678.000,3660.000,2440.000,236.000,476.000,26.430000,350.299987,3.266667
1780299595.734027,,,BOARD_2,4,1,3494.000,1642.000,3730.000,2118.000,3612.000,1880.000,236.000,476.000,26.430000,350.081237,5.833333
1780299595.919312,,,BOARD_2,1,0,713.000,2005.000,949.000,2481.000,831.000,2243.000,236.000,476.000,26.430000,10.596409,4.169583
1780299595.984268,,,BOARD_2,3,0,1430.000,2144.000,1666.000,2620.000,1548.000,2382.000,236.000,476.000,26.430000,341.075688,3.532500
1780299596.006840,,,BOARD_2,4,0,2345.000,1975.000,2581.000,2451.000,2463.000,2213.000,236.000,476.000,26.430000,344.844909,4.307083
1780299596.158287,,,BOARD_2,1,0,450.000,2143.000,686.000,2619.000,568.000,2381.000,236.000,476.000,26.430000,9.397842,3.537083
1780299596.158287,,,BOARD_2,1,1,-62.000,2159.000,174.000,2635.000,56.000,2397.000,236.000,476.000,26.430000,7.064508,3.463750
1780299596.158287,,,BOARD_2,1,2,-62.000,1967.000,174.000,2443.000,56.000,2205.000,236.000,476.000,26.430000,7.064508,4.343750
1780299596.158287,,,BOARD_2,1,3,482.000,1663.000,718.000,2139.000,600.000,1901.000,236.000,476.000,26.430000,9.543675,5.737083
1780299596.240134,,,BOARD_2,3,0,1432.000,2144.000,1668.000,2620.000,1550.000,2382.000,236.000,476.000,26.430000,341.084802,3.532500
1780299596.240134,,,BOARD_2,3,1,1490.000,2166.000,1554.000,2286.000,1522.000,2226.000,64.000,120.000,97.460000,340.957198,4.247500
1780299596.364755,,,BOARD_2,4,0,633.000,2031.000,869.000,2507.000,751.000,2269.000,236.000,476.000,26.430000,337.042826,4.050417
1780299596.522539,,,BOARD_2,1,0,302.000,2152.000,538.000,2628.000,420.000,2390.000,236.000,476.000,26.430000,8.723363,3.495833
1780299596.522539,,,BOARD_2,1,1,174.000,2152.000,410.000,2628.000,292.000,2390.000,236.000,476.000,26.430000,8.140029,3.495833
1780299596.522539,,,BOARD_2,1,2,702.000,2152.000,938.000,2628.000,820.000,2390.000,236.000,476.000,26.430000,10.546279,3.495833
1780299596.522539,,,BOARD_2,1,3,848.000,2046.000,911.000,2166.000,879.500,2106.000,63.000,120.000,99.000000,10.817438,4.797500
1780299596.522539,,,BOARD_2,1,4,270.000,1880.000,506.000,2356.000,388.000,2118.000,236.000,476.000,26.430000,8.577529,4.742500
1780299596.604846,,,BOARD_2,3,0,1430.000,2141.000,1666.000,2617.000,1548.000,2379.000,236.000,476.000,26.430000,341.075688,3.546250
1780299596.740429,,,BOARD_2,4,0,3493.000,1633.000,3729.000,2109.000,3611.000,1871.000,236.000,476.000,26.430000,350.076680,5.874583
1780299596.787973,,,BOARD_2,1,0,1079.000,1916.000,1315.000,2392.000,1197.000,2154.000,236.000,476.000,26.430000,12.264378,4.577500
1780299596.956996,,,BOARD_2,3,0,87.000,1669.000,551.000,2029.000,319.000,1849.000,464.000,360.000,13.440000,335.474776,5.975417
1780299596.972934,,,BOARD_2,4,0,532.000,2207.000,768.000,2683.000,650.000,2445.000,236.000,476.000,26.430000,336.582540,3.243750
1780299597.123901,,,BOARD_2,1,0,303.000,2152.000,539.000,2628.000,421.000,2390.000,236.000,476.000,26.430000,8.727920,3.495833
1780299597.123901,,,BOARD_2,1,1,175.000,2152.000,411.000,2628.000,293.000,2390.000,236.000,476.000,26.430000,8.144586,3.495833
1780299597.123901,,,BOARD_2,1,2,849.000,2046.000,912.000,2166.000,880.500,2106.000,63.000,120.000,99.000000,10.821995,4.797500
1780299597.184250,,,BOARD_2,3,0,1431.000,2144.000,1667.000,2620.000,1549.000,2382.000,236.000,476.000,26.430000,341.080245,3.532500
1780299597.328478,,,BOARD_2,4,0,3487.000,1633.000,3723.000,2109.000,3605.000,1871.000,236.000,476.000,26.430000,350.049336,5.874583
1780299597.378943,,,BOARD_2,1,0,303.000,2153.000,539.000,2629.000,421.000,2391.000,236.000,476.000,26.430000,8.727920,3.491250
1780299597.378943,,,BOARD_2,1,1,191.000,2153.000,427.000,2629.000,309.000,2391.000,236.000,476.000,26.430000,8.217503,3.491250
1780299597.378943,,,BOARD_2,1,2,271.000,1913.000,507.000,2389.000,389.000,2151.000,236.000,476.000,26.430000,8.582086,4.591250
1780299597.378943,,,BOARD_2,1,3,239.000,1673.000,475.000,2149.000,357.000,1911.000,236.000,476.000,26.430000,8.436253,5.691250
1780299597.378943,,,BOARD_2,1,4,849.000,2039.000,912.000,2159.000,880.500,2099.000,63.000,120.000,99.000000,10.821995,4.829583
1780299597.533127,,,BOARD_2,3,0,157.000,1627.000,393.000,2103.000,275.000,1865.000,236.000,476.000,26.430000,335.274255,5.902083
1780299597.533127,,,BOARD_2,3,1,333.000,1627.000,569.000,2103.000,451.000,1865.000,236.000,476.000,26.430000,336.076339,5.902083
1780299597.533127,,,BOARD_2,3,2,707.000,1955.000,747.000,2007.000,727.000,1981.000,40.000,52.000,155.930000,337.334151,5.370417
1780299597.681083,,,BOARD_2,4,0,549.000,2210.000,785.000,2686.000,667.000,2448.000,236.000,476.000,26.430000,336.660014,3.230000
1780299597.736302,,,BOARD_2,1,0,784.000,1759.000,1020.000,2235.000,902.000,1997.000,236.000,476.000,26.430000,10.919977,5.297083
1780299597.896253,,,BOARD_2,3,0,1435.000,2144.000,1671.000,2620.000,1553.000,2382.000,236.000,476.000,26.430000,341.098474,3.532500
1780299598.119976,,,BOARD_2,1,0,297.000,2161.000,533.000,2637.000,415.000,2399.000,236.000,476.000,26.430000,8.700576,3.454583
1780299598.119976,,,BOARD_2,1,1,265.000,1873.000,501.000,2349.000,383.000,2111.000,236.000,476.000,26.430000,8.554743,4.774583
1780299598.119976,,,BOARD_2,1,2,233.000,1729.000,469.000,2205.000,351.000,1967.000,236.000,476.000,26.430000,8.408909,5.434583
1780299598.142391,,,BOARD_2,3,0,1436.000,2145.000,1672.000,2621.000,1554.000,2383.000,236.000,476.000,26.430000,341.103031,3.527917
1780299598.142391,,,BOARD_2,3,1,1494.000,2167.000,1558.000,2287.000,1526.000,2227.000,64.000,120.000,97.460000,340.975427,4.242917
1780299598.291318,,,BOARD_2,4,0,3501.000,1634.000,3737.000,2110.000,3619.000,1872.000,236.000,476.000,26.430000,350.113139,5.870000
1780299598.357906,,,BOARD_2,1,0,295.000,2162.000,531.000,2638.000,413.000,2400.000,236.000,476.000,26.430000,8.691461,3.450000
1780299598.357906,,,BOARD_2,1,1,199.000,1922.000,435.000,2398.000,317.000,2160.000,236.000,476.000,26.430000,8.253961,4.550000
1780299598.357906,,,BOARD_2,1,2,711.000,2162.000,947.000,2638.000,829.000,2400.000,236.000,476.000,26.430000,10.587295,3.450000
1780299598.357906,,,BOARD_2,1,3,247.000,1682.000,483.000,2158.000,365.000,1920.000,236.000,476.000,26.430000,8.472711,5.650000
1780299598.524484,,,BOARD_2,3,0,1437.000,2177.000,1673.000,2653.000,1555.000,2415.000,236.000,476.000,26.430000,341.107589,3.381250
1780299598.524484,,,BOARD_2,3,1,1101.000,1825.000,1337.000,2301.000,1219.000,2063.000,236.000,476.000,26.430000,339.576339,4.994583
1780299598.530862,,,BOARD_2,4,0,3500.000,1633.000,3736.000,2109.000,3618.000,1871.000,236.000,476.000,26.430000,350.108581,5.874583
1780299598.601036,,,BOARD_2,1,0,498.000,1632.000,734.000,2108.000,616.000,1870.000,236.000,476.000,26.430000,9.616592,5.879167
1780299598.601036,,,BOARD_2,1,1,434.000,1760.000,670.000,2236.000,552.000,1998.000,236.000,476.000,26.430000,9.324925,5.292500
1780299598.601036,,,BOARD_2,1,2,-62.000,2032.000,174.000,2508.000,56.000,2270.000,236.000,476.000,26.430000,7.064508,4.045833
1780299598.772238,,,BOARD_2,3,0,1439.000,2145.000,1675.000,2621.000,1557.000,2383.000,236.000,476.000,26.430000,341.116703,3.527917
1780299598.772238,,,BOARD_2,3,1,1489.000,2167.000,1553.000,2287.000,1521.000,2227.000,64.000,120.000,97.460000,340.952641,4.242917
1780299598.979365,,,BOARD_2,1,0,295.000,2161.000,531.000,2637.000,413.000,2399.000,236.000,476.000,26.430000,8.691461,3.454583
1780299598.979365,,,BOARD_2,1,1,199.000,1921.000,435.000,2397.000,317.000,2159.000,236.000,476.000,26.430000,8.253961,4.554583
1780299598.979365,,,BOARD_2,1,2,711.000,2161.000,947.000,2637.000,829.000,2399.000,236.000,476.000,26.430000,10.587295,3.454583
1780299599.130218,,,BOARD_2,4,0,32.000,1793.000,496.000,2153.000,264.000,1973.000,464.000,360.000,13.440000,334.823425,5.407083
1780299599.130218,,,BOARD_2,4,1,634.000,2063.000,870.000,2539.000,752.000,2301.000,236.000,476.000,26.430000,337.047383,3.903750
1780299599.227210,,,BOARD_2,1,0,296.000,2162.000,532.000,2638.000,414.000,2400.000,236.000,476.000,26.430000,8.696019,3.450000
1780299599.227210,,,BOARD_2,1,1,264.000,1922.000,500.000,2398.000,382.000,2160.000,236.000,476.000,26.430000,8.550185,4.550000
1780299599.227210,,,BOARD_2,1,2,712.000,2162.000,948.000,2638.000,830.000,2400.000,236.000,476.000,26.430000,10.591852,3.450000
1780299599.581759,,,BOARD_2,3,0,1437.000,2145.000,1673.000,2621.000,1555.000,2383.000,236.000,476.000,26.430000,341.107589,3.527917
1780299599.581759,,,BOARD_2,3,1,1495.000,2167.000,1559.000,2287.000,1527.000,2227.000,64.000,120.000,97.460000,340.979984,4.242917
1780299599.634465,,,BOARD_2,1,0,302.000,2152.000,538.000,2628.000,420.000,2390.000,236.000,476.000,26.430000,8.723363,3.495833
1780299599.634465,,,BOARD_2,1,1,190.000,2152.000,426.000,2628.000,308.000,2390.000,236.000,476.000,26.430000,8.212946,3.495833
1780299599.634465,,,BOARD_2,1,2,270.000,1880.000,506.000,2356.000,388.000,2118.000,236.000,476.000,26.430000,8.577529,4.742500
1780299599.634465,,,BOARD_2,1,3,238.000,1672.000,474.000,2148.000,356.000,1910.000,236.000,476.000,26.430000,8.431696,5.695833
1780299599.634465,,,BOARD_2,1,4,702.000,2152.000,938.000,2628.000,820.000,2390.000,236.000,476.000,26.430000,10.546279,3.495833
1780299599.634465,,,BOARD_2,1,5,848.000,2046.000,911.000,2166.000,879.500,2106.000,63.000,120.000,99.000000,10.817438,4.797500
1780299599.755094,,,BOARD_2,4,0,633.000,2079.000,869.000,2555.000,751.000,2317.000,236.000,476.000,26.430000,337.042826,3.830417
1780299600.051595,,,BOARD_2,3,0,1452.000,2145.000,1688.000,2621.000,1570.000,2383.000,236.000,476.000,26.430000,341.175948,3.527917
1780299600.105616,,,BOARD_2,4,0,497.000,2082.000,733.000,2558.000,615.000,2320.000,236.000,476.000,26.430000,336.423034,3.816667
1780299600.154315,,,BOARD_2,1,0,434.000,1759.000,670.000,2235.000,552.000,1997.000,236.000,476.000,26.430000,9.324925,5.297083
1780299600.154315,,,BOARD_2,1,1,-62.000,2031.000,174.000,2507.000,56.000,2269.000,236.000,476.000,26.430000,7.064508,4.050417
1780299600.154315,,,BOARD_2,1,2,498.000,1631.000,734.000,2107.000,616.000,1869.000,236.000,476.000,26.430000,9.616592,5.883750
1780299600.154315,,,BOARD_2,1,3,130.000,2207.000,366.000,2683.000,248.000,2445.000,236.000,476.000,26.430000,7.939508,3.243750
1780299600.260893,,,BOARD_2,3,0,341.000,1614.000,577.000,2090.000,459.000,1852.000,236.000,476.000,26.430000,336.112797,5.961667
1780299600.345151,,,BOARD_2,4,0,1299.000,1791.000,1535.000,2267.000,1417.000,2029.000,236.000,476.000,26.430000,340.077982,5.150417
1780299600.345151,,,BOARD_2,4,1,1171.000,1631.000,1407.000,2107.000,1289.000,1869.000,236.000,476.000,26.430000,339.494649,5.883750
1780299600.566736,,,BOARD_2,1,0,300.000,2171.000,536.000,2647.000,418.000,2409.000,236.000,476.000,26.430000,8.714248,3.408750
1780299600.566736,,,BOARD_2,1,1,236.000,1675.000,472.000,2151.000,354.000,1913.000,236.000,476.000,26.430000,8.422581,5.682083
1780299600.566736,,,BOARD_2,1,2,716.000,2171.000,952.000,2647.000,834.000,2409.000,236.000,476.000,26.430000,10.610081,3.408750
1780299600.566736,,,BOARD_2,1,3,268.000,1883.000,504.000,2359.000,386.000,2121.000,236.000,476.000,26.430000,8.568415,4.728750
1780299600.777076,,,BOARD_2,3,0,1436.000,2144.000,1672.000,2620.000,1554.000,2382.000,236.000,476.000,26.430000,341.103031,3.532500
1780299600.820576,,,BOARD_2,4,0,1321.000,1714.000,1557.000,2190.000,1439.000,1952.000,236.000,476.000,26.430000,340.178243,5.503333
1780299600.820576,,,BOARD_2,4,1,1561.000,2210.000,1797.000,2686.000,1679.000,2448.000,236.000,476.000,26.430000,341.271993,3.230000
1780299601.047740,,,BOARD_2,1,0,176.000,2152.000,412.000,2628.000,294.000,2390.000,236.000,476.000,26.430000,8.149144,3.495833
1780299601.047740,,,BOARD_2,1,1,304.000,2152.000,540.000,2628.000,422.000,2390.000,236.000,476.000,26.430000,8.732477,3.495833
1780299601.047740,,,BOARD_2,1,2,272.000,1880.000,508.000,2356.000,390.000,2118.000,236.000,476.000,26.430000,8.586644,4.742500
1780299601.047740,,,BOARD_2,1,3,176.000,1960.000,412.000,2436.000,294.000,2198.000,236.000,476.000,26.430000,8.149144,4.375833
1780299601.212297,,,BOARD_2,4,0,3494.000,1634.000,3730.000,2110.000,3612.000,1872.000,236.000,476.000,26.430000,350.081237,5.870000
1780299601.490387,,,BOARD_2,3,0,1489.000,2166.000,1553.000,2286.000,1521.000,2226.000,64.000,120.000,97.460000,340.952641,4.247500
1780299601.611851,,,BOARD_2,4,0,3494.000,1633.000,3730.000,2109.000,3612.000,1871.000,236.000,476.000,26.430000,350.081237,5.874583
1780299601.821033,,,BOARD_2,1,0,192.000,2152.000,428.000,2628.000,310.000,2390.000,236.000,476.000,26.430000,8.222060,3.495833
1780299601.821033,,,BOARD_2,1,1,304.000,2152.000,540.000,2628.000,422.000,2390.000,236.000,476.000,26.430000,8.732477,3.495833
1780299601.821033,,,BOARD_2,1,2,272.000,1912.000,508.000,2388.000,390.000,2150.000,236.000,476.000,26.430000,8.586644,4.595833
1780299601.821033,,,BOARD_2,1,3,240.000,1672.000,476.000,2148.000,358.000,1910.000,236.000,476.000,26.430000,8.440810,5.695833
1780299602.080458,,,BOARD_2,1,0,298.000,2164.000,534.000,2640.000,416.000,2402.000,236.000,476.000,26.430000,8.705133,3.440833
1780299602.080458,,,BOARD_2,1,1,202.000,1924.000,438.000,2400.000,320.000,2162.000,236.000,476.000,26.430000,8.267633,4.540833
1780299602.080458,,,BOARD_2,1,2,234.000,1828.000,470.000,2304.000,352.000,2066.000,236.000,476.000,26.430000,8.413467,4.980833
1780299602.173055,,,BOARD_2,3,0,1486.000,2166.000,1550.000,2286.000,1518.000,2226.000,64.000,120.000,97.460000,340.938969,4.247500
1780299602.250990,,,BOARD_2,4,0,3493.000,1633.000,3729.000,2109.000,3611.000,1871.000,236.000,476.000,26.430000,350.076680,5.874583
1780299602.420495,,,BOARD_2,1,0,297.000,2161.000,533.000,2637.000,415.000,2399.000,236.000,476.000,26.430000,8.700576,3.454583
1780299602.420495,,,BOARD_2,1,1,201.000,1921.000,437.000,2397.000,319.000,2159.000,236.000,476.000,26.430000,8.263076,4.554583
1780299602.420495,,,BOARD_2,1,2,233.000,1681.000,469.000,2157.000,351.000,1919.000,236.000,476.000,26.430000,8.408909,5.654583
1780299602.420495,,,BOARD_2,1,3,713.000,2161.000,949.000,2637.000,831.000,2399.000,236.000,476.000,26.430000,10.596409,3.454583
1780299602.519845,,,BOARD_2,3,0,1433.000,2143.000,1669.000,2619.000,1551.000,2381.000,236.000,476.000,26.430000,341.089359,3.537083
1780299602.590698,,,BOARD_2,4,0,1431.000,2210.000,1667.000,2686.000,1549.000,2448.000,236.000,476.000,26.430000,340.679545,3.230000
1780299602.728522,,,BOARD_2,1,0,-62.000,1971.000,174.000,2447.000,56.000,2209.000,236.000,476.000,26.430000,7.064508,4.325417
1780299602.728522,,,BOARD_2,1,1,482.000,1667.000,718.000,2143.000,600.000,1905.000,236.000,476.000,26.430000,9.543675,5.718750
1780299602.728522,,,BOARD_2,1,2,-62.000,2163.000,174.000,2639.000,56.000,2401.000,236.000,476.000,26.430000,7.064508,3.445417
1780299602.728522,,,BOARD_2,1,3,338.000,2019.000,574.000,2495.000,456.000,2257.000,236.000,476.000,26.430000,8.887425,4.105417
1780299602.728522,,,BOARD_2,1,4,450.000,1795.000,686.000,2271.000,568.000,2033.000,236.000,476.000,26.430000,9.397842,5.132083
1780299602.728522,,,BOARD_2,1,5,146.000,2083.000,382.000,2559.000,264.000,2321.000,236.000,476.000,26.430000,8.012425,3.812083
1780299602.740676,,,BOARD_2,3,0,1450.000,2161.000,1686.000,2637.000,1568.000,2399.000,236.000,476.000,26.430000,341.166833,3.454583
1780299602.740676,,,BOARD_2,3,1,1475.000,2117.000,1595.000,2361.000,1535.000,2239.000,120.000,244.000,51.980000,341.016443,4.187917
1780299602.812027,,,BOARD_2,4,0,3498.000,1630.000,3734.000,2106.000,3616.000,1868.000,236.000,476.000,26.430000,350.099467,5.888333
1780299603.097239,,,BOARD_2,1,0,307.000,2152.000,543.000,2628.000,425.000,2390.000,236.000,476.000,26.430000,8.746149,3.495833
1780299603.097239,,,BOARD_2,1,1,179.000,2152.000,415.000,2628.000,297.000,2390.000,236.000,476.000,26.430000,8.162816,3.495833
1780299603.097239,,,BOARD_2,1,2,243.000,1672.000,479.000,2148.000,361.000,1910.000,236.000,476.000,26.430000,8.454482,5.695833
1780299603.214953,,,BOARD_2,3,0,1453.000,2167.000,1689.000,2643.000,1571.000,2405.000,236.000,476.000,26.430000,341.180505,3.427083
1780299603.214953,,,BOARD_2,3,1,1498.000,2207.000,1538.000,2259.000,1518.000,2233.000,40.000,52.000,155.930000,340.938969,4.215417
1780299603.466620,,,BOARD_2,1,0,482.000,1666.000,718.000,2142.000,600.000,1904.000,236.000,476.000,26.430000,9.543675,5.723333
1780299603.466620,,,BOARD_2,1,1,-62.000,2018.000,174.000,2494.000,56.000,2256.000,236.000,476.000,26.430000,7.064508,4.110000
1780299603.466620,,,BOARD_2,1,2,466.000,2130.000,702.000,2606.000,584.000,2368.000,236.000,476.000,26.430000,9.470758,3.596667
1780299603.563827,,,BOARD_2,3,0,1446.000,2143.000,1682.000,2619.000,1564.000,2381.000,236.000,476.000,26.430000,341.148604,3.537083
1780299603.695095,,,BOARD_2,1,0,304.000,2152.000,540.000,2628.000,422.000,2390.000,236.000,476.000,26.430000,8.732477,3.495833
1780299603.695095,,,BOARD_2,1,1,192.000,2152.000,428.000,2628.000,310.000,2390.000,236.000,476.000,26.430000,8.222060,3.495833
1780299603.695095,,,BOARD_2,1,2,272.000,1880.000,508.000,2356.000,390.000,2118.000,236.000,476.000,26.430000,8.586644,4.742500
1780299603.781774,,,BOARD_2,3,0,1432.000,2145.000,1668.000,2621.000,1550.000,2383.000,236.000,476.000,26.430000,341.084802,3.527917
1780299604.031183,,,BOARD_2,1,0,302.000,2154.000,538.000,2630.000,420.000,2392.000,236.000,476.000,26.430000,8.723363,3.486667
1780299604.031183,,,BOARD_2,1,1,190.000,2154.000,426.000,2630.000,308.000,2392.000,236.000,476.000,26.430000,8.212946,3.486667
1780299604.031183,,,BOARD_2,1,2,462.000,2106.000,698.000,2582.000,580.000,2344.000,236.000,476.000,26.430000,9.452529,3.706667
1780299604.031183,,,BOARD_2,1,3,270.000,1882.000,506.000,2358.000,388.000,2120.000,236.000,476.000,26.430000,8.577529,4.733333
1780299604.031183,,,BOARD_2,1,4,238.000,1674.000,474.000,2150.000,356.000,1912.000,236.000,476.000,26.430000,8.431696,5.686667
1780299604.031183,,,BOARD_2,1,5,702.000,2154.000,938.000,2630.000,820.000,2392.000,236.000,476.000,26.430000,10.546279,3.486667
1780299604.031183,,,BOARD_2,1,6,174.000,1914.000,410.000,2390.000,292.000,2152.000,236.000,476.000,26.430000,8.140029,4.586667
1780299604.031183,,,BOARD_2,1,7,848.000,2040.000,911.000,2159.000,879.500,2099.500,63.000,119.000,99.000000,10.817438,4.827292
1780299604.161502,,,BOARD_2,3,0,1432.000,2144.000,1668.000,2620.000,1550.000,2382.000,236.000,476.000,26.430000,341.084802,3.532500
1780299604.161502,,,BOARD_2,3,1,1490.000,2166.000,1554.000,2286.000,1522.000,2226.000,64.000,120.000,97.460000,340.957198,4.247500
1780299604.224341,,,BOARD_2,4,0,3516.000,2205.000,3752.000,2681.000,3634.000,2443.000,236.000,476.000,26.430000,350.181498,3.252917
1780299604.375882,,,BOARD_2,1,0,301.000,2154.000,537.000,2630.000,419.000,2392.000,236.000,476.000,26.430000,8.718805,3.486667
1780299604.375882,,,BOARD_2,1,1,189.000,2154.000,425.000,2630.000,307.000,2392.000,236.000,476.000,26.430000,8.208389,3.486667
1780299604.375882,,,BOARD_2,1,2,269.000,1882.000,505.000,2358.000,387.000,2120.000,236.000,476.000,26.430000,8.572972,4.733333
1780299604.375882,,,BOARD_2,1,3,701.000,2154.000,937.000,2630.000,819.000,2392.000,236.000,476.000,26.430000,10.541722,3.486667
1780299604.430087,,,BOARD_2,3,0,1433.000,2144.000,1669.000,2620.000,1551.000,2382.000,236.000,476.000,26.430000,341.089359,3.532500
1780299604.575558,,,BOARD_2,4,0,3477.000,1633.000,3713.000,2109.000,3595.000,1871.000,236.000,476.000,26.430000,350.003764,5.874583
1780299604.624772,,,BOARD_2,1,0,190.000,2161.000,426.000,2637.000,308.000,2399.000,236.000,476.000,26.430000,8.212946,3.454583
1780299604.624772,,,BOARD_2,1,1,302.000,2161.000,538.000,2637.000,420.000,2399.000,236.000,476.000,26.430000,8.723363,3.454583
1780299604.624772,,,BOARD_2,1,2,238.000,1665.000,474.000,2141.000,356.000,1903.000,236.000,476.000,26.430000,8.431696,5.727917
1780299604.624772,,,BOARD_2,1,3,270.000,1889.000,506.000,2365.000,388.000,2127.000,236.000,476.000,26.430000,8.577529,4.701250
1780299604.624772,,,BOARD_2,1,4,462.000,2113.000,698.000,2589.000,580.000,2351.000,236.000,476.000,26.430000,9.452529,3.674583
1780299604.771329,,,BOARD_2,3,0,1432.000,2173.000,1668.000,2649.000,1550.000,2411.000,236.000,476.000,26.430000,341.084802,3.399583
1780299604.947639,,,BOARD_2,4,0,3488.000,1632.000,3724.000,2108.000,3606.000,1870.000,236.000,476.000,26.430000,350.053894,5.879167
1780299605.021138,,,BOARD_2,1,0,303.000,2152.000,539.000,2628.000,421.000,2390.000,236.000,476.000,26.430000,8.727920,3.495833
1780299605.021138,,,BOARD_2,1,1,191.000,2152.000,427.000,2628.000,309.000,2390.000,236.000,476.000,26.430000,8.217503,3.495833
1780299605.021138,,,BOARD_2,1,2,175.000,1960.000,411.000,2436.000,293.000,2198.000,236.000,476.000,26.430000,8.144586,4.375833
1780299605.021138,,,BOARD_2,1,3,703.000,2152.000,939.000,2628.000,821.000,2390.000,236.000,476.000,26.430000,10.550836,3.495833
1780299605.372913,,,BOARD_2,1,0,185.000,2152.000,421.000,2628.000,303.000,2390.000,236.000,476.000,26.430000,8.190159,3.495833
1780299605.372913,,,BOARD_2,1,1,297.000,2152.000,533.000,2628.000,415.000,2390.000,236.000,476.000,26.430000,8.700576,3.495833
1780299605.372913,,,BOARD_2,1,2,233.000,1672.000,469.000,2148.000,351.000,1910.000,236.000,476.000,26.430000,8.408909,5.695833
1780299605.372913,,,BOARD_2,1,3,265.000,1880.000,501.000,2356.000,383.000,2118.000,236.000,476.000,26.430000,8.554743,4.742500
1780299605.494943,,,BOARD_2,3,0,1443.000,2144.000,1679.000,2620.000,1561.000,2382.000,236.000,476.000,26.430000,341.134932,3.532500
1780299605.494943,,,BOARD_2,3,1,1485.000,2166.000,1549.000,2286.000,1517.000,2226.000,64.000,120.000,97.460000,340.934411,4.247500
1780299605.584935,,,BOARD_2,4,0,3475.000,1650.000,3711.000,2126.000,3593.000,1888.000,236.000,476.000,26.430000,349.994649,5.796667
1780299605.737165,,,BOARD_2,3,0,1431.000,2143.000,1667.000,2619.000,1549.000,2381.000,236.000,476.000,26.430000,341.080245,3.537083
1780299605.849549,,,BOARD_2,4,0,3496.000,1633.000,3732.000,2109.000,3614.000,1871.000,236.000,476.000,26.430000,350.090352,5.874583
1780299605.984292,,,BOARD_2,1,0,178.000,2153.000,414.000,2629.000,296.000,2391.000,236.000,476.000,26.430000,8.158258,3.491250
1780299605.984292,,,BOARD_2,1,1,290.000,2153.000,526.000,2629.000,408.000,2391.000,236.000,476.000,26.430000,8.668675,3.491250
1780299605.984292,,,BOARD_2,1,2,466.000,2105.000,702.000,2581.000,584.000,2343.000,236.000,476.000,26.430000,9.470758,3.711250
1780299605.984292,,,BOARD_2,1,3,178.000,1913.000,414.000,2389.000,296.000,2151.000,236.000,476.000,26.430000,8.158258,4.591250
1780299605.984292,,,BOARD_2,1,4,706.000,2153.000,942.000,2629.000,824.000,2391.000,236.000,476.000,26.430000,10.564508,3.491250
1780299605.984292,,,BOARD_2,1,5,844.000,2047.000,908.000,2167.000,876.000,2107.000,64.000,120.000,97.460000,10.801488,4.792917
1780299606.096755,,,BOARD_2,3,0,1447.000,2143.000,1683.000,2619.000,1565.000,2381.000,236.000,476.000,26.430000,341.153161,3.537083
1780299606.225706,,,BOARD_2,4,0,1569.000,2209.000,1805.000,2685.000,1687.000,2447.000,236.000,476.000,26.430000,341.308451,3.234583
1780299606.225706,,,BOARD_2,4,1,1297.000,1649.000,1533.000,2125.000,1415.000,1887.000,236.000,476.000,26.430000,340.068868,5.801250
1780299606.225706,,,BOARD_2,4,2,1297.000,1793.000,1533.000,2269.000,1415.000,2031.000,236.000,476.000,26.430000,340.068868,5.141250
1780299606.247058,,,BOARD_2,1,0,308.000,2152.000,544.000,2628.000,426.000,2390.000,236.000,476.000,26.430000,8.750706,3.495833
1780299606.439147,,,BOARD_2,3,0,1432.000,2146.000,1668.000,2622.000,1550.000,2384.000,236.000,476.000,26.430000,341.084802,3.523333
1780299606.439147,,,BOARD_2,3,1,1482.000,2168.000,1546.000,2288.000,1514.000,2228.000,64.000,120.000,97.460000,340.920740,4.238333
1780299606.461107,,,BOARD_2,4,0,3393.000,1699.000,3857.000,2059.000,3625.000,1879.000,464.000,360.000,13.440000,350.140482,5.837917
1780299606.513054,,,BOARD_2,0,0,1452.000,324.000,1491.000,375.000,1471.500,349.500,39.000,51.000,159.930000,32.264655,12.848125
1780299606.645123,,,BOARD_2,1,0,306.000,2152.000,542.000,2628.000,424.000,2390.000,236.000,476.000,26.430000,8.741592,3.495833
1780299606.645123,,,BOARD_2,1,1,194.000,2152.000,430.000,2628.000,312.000,2390.000,236.000,476.000,26.430000,8.231175,3.495833
1780299606.645123,,,BOARD_2,1,2,242.000,1672.000,478.000,2148.000,360.000,1910.000,236.000,476.000,26.430000,8.449925,5.695833
1780299606.802911,,,BOARD_2,3,0,1443.000,2143.000,1679.000,2619.000,1561.000,2381.000,236.000,476.000,26.430000,341.134932,3.537083
1780299606.857377,,,BOARD_2,4,0,1299.000,1650.000,1535.000,2126.000,1417.000,1888.000,236.000,476.000,26.430000,340.077982,5.796667
1780299606.857377,,,BOARD_2,4,1,1299.000,1794.000,1535.000,2270.000,1417.000,2032.000,236.000,476.000,26.430000,340.077982,5.136667
1780299606.974439,,,BOARD_2,0,0,475.000,959.000,514.000,1010.000,494.500,984.500,39.000,51.000,159.930000,27.812181,9.937708
1780299606.974439,,,BOARD_2,0,1,619.000,831.000,658.000,882.000,638.500,856.500,39.000,51.000,159.930000,28.468431,10.524375
1780299607.028081,,,BOARD_2,1,0,307.000,2153.000,543.000,2629.000,425.000,2391.000,236.000,476.000,26.430000,8.746149,3.491250
1780299607.028081,,,BOARD_2,1,1,467.000,2105.000,703.000,2581.000,585.000,2343.000,236.000,476.000,26.430000,9.475316,3.711250
1780299607.028081,,,BOARD_2,1,2,243.000,1673.000,479.000,2149.000,361.000,1911.000,236.000,476.000,26.430000,8.454482,5.691250
1780299607.028081,,,BOARD_2,1,3,195.000,2153.000,431.000,2629.000,313.000,2391.000,236.000,476.000,26.430000,8.235732,3.491250
1780299607.191725,,,BOARD_2,3,0,1483.000,2177.000,1547.000,2297.000,1515.000,2237.000,64.000,120.000,97.460000,340.925297,4.197083
1780299607.231288,,,BOARD_2,0,0,482.000,966.000,521.000,1017.000,501.500,991.500,39.000,51.000,159.930000,27.844082,9.905625
1780299607.231288,,,BOARD_2,0,1,626.000,830.000,665.000,881.000,645.500,855.500,39.000,51.000,159.930000,28.500332,10.528958
1780299607.270468,,,BOARD_2,4,0,1549.000,2210.000,1785.000,2686.000,1667.000,2448.000,236.000,476.000,26.430000,341.217305,3.230000
1780299607.270468,,,BOARD_2,4,1,1293.000,1650.000,1529.000,2126.000,1411.000,1888.000,236.000,476.000,26.430000,340.050639,5.796667
1780299607.362288,,,BOARD_2,1,0,183.000,2152.000,419.000,2628.000,301.000,2390.000,236.000,476.000,26.430000,8.181045,3.495833
1780299607.362288,,,BOARD_2,1,1,295.000,2152.000,531.000,2628.000,413.000,2390.000,236.000,476.000,26.430000,8.691461,3.495833
1780299607.362288,,,BOARD_2,1,2,247.000,1672.000,483.000,2148.000,365.000,1910.000,236.000,476.000,26.430000,8.472711,5.695833
1780299607.528367,,,BOARD_2,4,0,2267.000,1753.000,2503.000,2229.000,2385.000,1991.000,236.000,476.000,26.430000,344.489441,5.324583
1780299607.615539,,,BOARD_2,1,0,296.000,2153.000,532.000,2629.000,414.000,2391.000,236.000,476.000,26.430000,8.696019,3.491250
1780299607.615539,,,BOARD_2,1,1,232.000,1673.000,468.000,2149.000,350.000,1911.000,236.000,476.000,26.430000,8.404352,5.691250
1780299607.615539,,,BOARD_2,1,2,184.000,1913.000,420.000,2389.000,302.000,2151.000,236.000,476.000,26.430000,8.185602,4.591250
1780299607.784786,,,BOARD_2,3,0,1434.000,2144.000,1670.000,2620.000,1552.000,2382.000,236.000,476.000,26.430000,341.093917,3.532500
1780299607.784786,,,BOARD_2,3,1,1484.000,2166.000,1548.000,2286.000,1516.000,2226.000,64.000,120.000,97.460000,340.929854,4.247500
1780299607.784786,,,BOARD_2,4,0,3310.000,2097.000,3558.000,2277.000,3434.000,2187.000,248.000,180.000,25.150000,349.270040,4.426250
1780299607.922741,,,BOARD_2,0,0,72.000,1558.000,111.000,1609.000,91.500,1583.500,39.000,51.000,159.930000,25.975592,7.192292
1780299607.993757,,,BOARD_2,1,0,296.000,2153.000,532.000,2629.000,414.000,2391.000,236.000,476.000,26.430000,8.696019,3.491250
1780299607.993757,,,BOARD_2,1,1,184.000,2153.000,420.000,2629.000,302.000,2391.000,236.000,476.000,26.430000,8.185602,3.491250
1780299607.993757,,,BOARD_2,1,2,232.000,1673.000,468.000,2149.000,350.000,1911.000,236.000,476.000,26.430000,8.404352,5.691250
1780299607.993757,,,BOARD_2,1,3,850.000,2047.000,914.000,2167.000,882.000,2107.000,64.000,120.000,97.460000,10.828831,4.792917
1780299608.198819,,,BOARD_2,3,0,1433.000,2144.000,1669.000,2620.000,1551.000,2382.000,236.000,476.000,26.430000,341.089359,3.532500
1780299608.507158,,,BOARD_2,1,0,304.000,2139.000,540.000,2615.000,422.000,2377.000,236.000,476.000,26.430000,8.732477,3.555417
1780299608.507158,,,BOARD_2,1,1,240.000,1851.000,476.000,2327.000,358.000,2089.000,236.000,476.000,26.430000,8.440810,4.875417
1780299608.790323,,,BOARD_2,4,0,3453.000,1937.000,3689.000,2413.000,3571.000,2175.000,236.000,476.000,26.430000,349.894389,4.481250
1780299608.790323,,,BOARD_2,4,1,3453.000,1649.000,3689.000,2125.000,3571.000,1887.000,236.000,476.000,26.430000,349.894389,5.801250
1780299608.856734,,,BOARD_2,1,0,498.000,1631.000,734.000,2107.000,616.000,1869.000,236.000,476.000,26.430000,9.616592,5.883750
1780299608.856734,,,BOARD_2,1,1,482.000,2159.000,718.000,2635.000,600.000,2397.000,236.000,476.000,26.430000,9.543675,3.463750
1780299608.856734,,,BOARD_2,1,2,-62.000,2159.000,174.000,2635.000,56.000,2397.000,236.000,476.000,26.430000,7.064508,3.463750
1780299608.856734,,,BOARD_2,1,3,466.000,1839.000,702.000,2315.000,584.000,2077.000,236.000,476.000,26.430000,9.470758,4.930417
1780299609.037529,,,BOARD_2,3,0,34.000,1504.000,270.000,1980.000,152.000,1742.000,236.000,476.000,26.430000,334.713708,6.465833
1780299609.266477,,,BOARD_2,1,0,295.000,2153.000,531.000,2629.000,413.000,2391.000,236.000,476.000,26.430000,8.691461,3.491250
1780299609.266477,,,BOARD_2,1,1,849.000,2047.000,913.000,2167.000,881.000,2107.000,64.000,120.000,97.460000,10.824274,4.792917
1780299609.332103,,,BOARD_2,3,0,177.000,1577.000,413.000,2053.000,295.000,1815.000,236.000,476.000,26.430000,335.365401,6.131250
1780299609.332103,,,BOARD_2,3,1,337.000,1481.000,573.000,1957.000,455.000,1719.000,236.000,476.000,26.430000,336.094568,6.571250
1780299609.332103,,,BOARD_2,3,2,699.000,1709.000,819.000,1953.000,759.000,1831.000,120.000,244.000,51.980000,337.479984,6.057917
1780299609.554439,,,BOARD_2,3,0,1755.000,2424.000,1795.000,2476.000,1775.000,2450.000,40.000,52.000,155.930000,342.110193,3.220833
1780299609.645675,,,BOARD_2,4,0,2353.000,1970.000,2589.000,2446.000,2471.000,2208.000,236.000,476.000,26.430000,344.881368,4.330000
1780299610.256338,,,BOARD_2,3,0,1449.000,2144.000,1685.000,2620.000,1567.000,2382.000,236.000,476.000,26.430000,341.162276,3.532500
1780299610.766966,,,BOARD_2,4,0,3489.000,1634.000,3725.000,2110.000,3607.000,1872.000,236.000,476.000,26.430000,350.058451,5.870000
1780299610.914186,,,BOARD_2,1,0,295.000,2153.000,531.000,2629.000,413.000,2391.000,236.000,476.000,26.430000,8.691461,3.491250
1780299611.082052,,,BOARD_2,3,0,1457.000,2167.000,1693.000,2643.000,1575.000,2405.000,236.000,476.000,26.430000,341.198734,3.427083
1780299611.082052,,,BOARD_2,3,1,1466.000,2123.000,1586.000,2367.000,1526.000,2245.000,120.000,244.000,51.980000,340.975427,4.160417
1780299611.519883,,,BOARD_2,3,0,345.000,1629.000,581.000,2105.000,463.000,1867.000,236.000,476.000,26.430000,336.131026,5.892917
1780299611.519883,,,BOARD_2,3,1,169.000,1629.000,405.000,2105.000,287.000,1867.000,236.000,476.000,26.430000,335.328943,5.892917
1780299611.568666,,,BOARD_2,4,0,1299.000,1649.000,1535.000,2125.000,1417.000,1887.000,236.000,476.000,26.430000,340.077982,5.801250
1780299611.568666,,,BOARD_2,4,1,1299.000,1793.000,1535.000,2269.000,1417.000,2031.000,236.000,476.000,26.430000,340.077982,5.141250
1780299611.568666,,,BOARD_2,4,2,876.000,1925.000,996.000,2169.000,936.000,2047.000,120.000,244.000,51.980000,337.885925,5.067917
1780299611.568666,,,BOARD_2,4,3,1211.000,1813.000,1343.000,1905.000,1277.000,1859.000,132.000,92.000,47.250000,339.439961,5.929583
1780299611.635786,,,BOARD_2,1,0,308.000,2152.000,544.000,2628.000,426.000,2390.000,236.000,476.000,26.430000,8.750706,3.495833
1780299611.749480,,,BOARD_2,3,0,242.000,1609.000,478.000,2085.000,360.000,1847.000,236.000,476.000,26.430000,335.661625,5.984583
1780299611.749480,,,BOARD_2,3,1,66.000,1609.000,302.000,2085.000,184.000,1847.000,236.000,476.000,26.430000,334.859542,5.984583
1780299611.814417,,,BOARD_2,4,0,1115.000,1778.000,1351.000,2254.000,1233.000,2016.000,236.000,476.000,26.430000,339.239441,5.210000
1780299611.978306,,,BOARD_2,1,0,294.000,2153.000,530.000,2629.000,412.000,2391.000,236.000,476.000,26.430000,8.686904,3.491250
1780299611.978306,,,BOARD_2,1,1,230.000,1673.000,466.000,2149.000,348.000,1911.000,236.000,476.000,26.430000,8.395238,5.691250
1780299612.097351,,,BOARD_2,3,0,1452.000,2168.000,1688.000,2644.000,1570.000,2406.000,236.000,476.000,26.430000,341.175948,3.422500
1780299612.371969,,,BOARD_2,1,0,839.000,2140.000,1075.000,2616.000,957.000,2378.000,236.000,476.000,26.430000,11.170628,3.550833
1780299612.606377,,,BOARD_2,3,0,1437.000,2206.000,1673.000,2682.000,1555.000,2444.000,236.000,476.000,26.430000,341.107589,3.248333
1780299612.638623,,,BOARD_2,4,0,735.000,1775.000,971.000,2251.000,853.000,2013.000,236.000,476.000,26.430000,337.507670,5.223750
1780299612.725718,,,BOARD_2,1,0,306.000,2165.000,542.000,2641.000,424.000,2403.000,236.000,476.000,26.430000,8.741592,3.436250
1780299612.725718,,,BOARD_2,1,1,354.000,2057.000,486.000,2149.000,420.000,2103.000,132.000,92.000,47.250000,8.723363,4.811250
1780299612.823040,,,BOARD_2,3,0,1059.000,2180.000,1295.000,2656.000,1177.000,2418.000,236.000,476.000,26.430000,339.384932,3.367500
1780299612.981085,,,BOARD_2,4,0,534.000,2205.000,770.000,2681.000,652.000,2443.000,236.000,476.000,26.430000,336.591654,3.252917
1780299613.104845,,,BOARD_2,1,0,836.000,2168.000,1072.000,2644.000,954.000,2406.000,236.000,476.000,26.430000,11.156956,3.422500
1780299613.185513,,,BOARD_2,3,0,819.000,1646.000,1055.000,2122.000,937.000,1884.000,236.000,476.000,26.430000,338.291182,5.815000
1780299613.542220,,,BOARD_2,3,0,1044.000,2174.000,1280.000,2650.000,1162.000,2412.000,236.000,476.000,26.430000,339.316573,3.395000
1780299613.542220,,,BOARD_2,3,1,1236.000,2174.000,1472.000,2650.000,1354.000,2412.000,236.000,476.000,26.430000,340.191573,3.395000
1780299613.568346,,,BOARD_2,4,0,3544.000,2203.000,3780.000,2679.000,3662.000,2441.000,236.000,476.000,26.430000,350.309102,3.262083
1780299613.836483,,,BOARD_2,1,0,186.000,2167.000,422.000,2643.000,304.000,2405.000,236.000,476.000,26.430000,8.194717,3.427083
1780299613.836483,,,BOARD_2,1,1,298.000,2167.000,534.000,2643.000,416.000,2405.000,236.000,476.000,26.430000,8.705133,3.427083
1780299613.836483,,,BOARD_2,1,2,234.000,1671.000,470.000,2147.000,352.000,1909.000,236.000,476.000,26.430000,8.413467,5.700417
1780299613.944889,,,BOARD_2,3,0,831.000,1647.000,1067.000,2123.000,949.000,1885.000,236.000,476.000,26.430000,338.345870,5.810417
1780299613.944889,,,BOARD_2,3,1,351.000,1631.000,587.000,2107.000,469.000,1869.000,236.000,476.000,26.430000,336.158370,5.883750
1780299614.021523,,,BOARD_2,4,0,533.000,2206.000,769.000,2682.000,651.000,2444.000,236.000,476.000,26.430000,336.587097,3.248333
1780299614.193019,,,BOARD_2,1,0,296.000,2165.000,532.000,2641.000,414.000,2403.000,236.000,476.000,26.430000,8.696019,3.436250
1780299614.193019,,,BOARD_2,1,1,248.000,1669.000,484.000,2145.000,366.000,1907.000,236.000,476.000,26.430000,8.477269,5.709583
1780299614.299766,,,BOARD_2,3,0,1437.000,2145.000,1673.000,2621.000,1555.000,2383.000,236.000,476.000,26.430000,341.107589,3.527917
1780299614.617920,,,BOARD_2,1,0,299.000,2153.000,535.000,2629.000,417.000,2391.000,236.000,476.000,26.430000,8.709691,3.491250
1780299614.617920,,,BOARD_2,1,1,865.000,2081.000,905.000,2133.000,885.000,2107.000,40.000,52.000,155.930000,10.842503,4.792917
1780299615.028327,,,BOARD_2,1,0,184.000,2153.000,420.000,2629.000,302.000,2391.000,236.000,476.000,26.430000,8.185602,3.491250
1780299615.028327,,,BOARD_2,1,1,296.000,2153.000,532.000,2629.000,414.000,2391.000,236.000,476.000,26.430000,8.696019,3.491250
1780299615.028327,,,BOARD_2,1,2,248.000,1673.000,484.000,2149.000,366.000,1911.000,236.000,476.000,26.430000,8.477269,5.691250
1780299615.028327,,,BOARD_2,1,3,280.000,1881.000,516.000,2357.000,398.000,2119.000,236.000,476.000,26.430000,8.623102,4.737917
1780299615.280977,,,BOARD_2,4,0,35.000,1793.000,499.000,2153.000,267.000,1973.000,464.000,360.000,13.440000,334.837097,5.407083
1780299615.280977,,,BOARD_2,4,1,637.000,2063.000,873.000,2539.000,755.000,2301.000,236.000,476.000,26.430000,337.061055,3.903750
1780299615.513124,,,BOARD_2,3,0,349.000,1634.000,585.000,2110.000,467.000,1872.000,236.000,476.000,26.430000,336.149255,5.870000
1780299615.560715,,,BOARD_2,4,0,534.000,2206.000,770.000,2682.000,652.000,2444.000,236.000,476.000,26.430000,336.591654,3.248333
1780299615.744667,,,BOARD_2,3,0,349.000,1625.000,585.000,2101.000,467.000,1863.000,236.000,476.000,26.430000,336.149255,5.911250
1780299615.744667,,,BOARD_2,3,1,51.000,1691.000,515.000,2051.000,283.000,1871.000,464.000,360.000,13.440000,335.310714,5.874583
1780299615.744667,,,BOARD_2,3,2,493.000,1865.000,729.000,2341.000,611.000,2103.000,236.000,476.000,26.430000,336.805505,4.811250
1780299615.989797,,,BOARD_2,4,0,533.000,2207.000,769.000,2683.000,651.000,2445.000,236.000,476.000,26.430000,336.587097,3.243750
1780299616.134984,,,BOARD_2,3,0,1491.000,2167.000,1555.000,2287.000,1523.000,2227.000,64.000,120.000,97.460000,340.961755,4.242917
1780299616.134984,,,BOARD_2,3,1,1449.000,2145.000,1685.000,2621.000,1567.000,2383.000,236.000,476.000,26.430000,341.162276,3.527917
1780299616.217619,,,BOARD_2,1,0,303.000,2162.000,539.000,2638.000,421.000,2400.000,236.000,476.000,26.430000,8.727920,3.450000
1780299616.217619,,,BOARD_2,1,1,207.000,1922.000,443.000,2398.000,325.000,2160.000,236.000,476.000,26.430000,8.290420,4.550000
1780299616.228930,,,BOARD_2,4,0,1561.000,2203.000,1797.000,2679.000,1679.000,2441.000,236.000,476.000,26.430000,341.271993,3.262083
1780299616.493920,,,BOARD_2,1,0,307.000,2152.000,543.000,2628.000,425.000,2390.000,236.000,476.000,26.430000,8.746149,3.495833
1780299616.493920,,,BOARD_2,1,1,195.000,2152.000,431.000,2628.000,313.000,2390.000,236.000,476.000,26.430000,8.235732,3.495833
1780299616.493920,,,BOARD_2,1,2,275.000,1880.000,511.000,2356.000,393.000,2118.000,236.000,476.000,26.430000,8.600316,4.742500
1780299616.493920,,,BOARD_2,1,3,243.000,1672.000,479.000,2148.000,361.000,1910.000,236.000,476.000,26.430000,8.454482,5.695833
1780299616.493920,,,BOARD_2,1,4,811.000,2060.000,943.000,2152.000,877.000,2106.000,132.000,92.000,47.250000,10.806045,4.797500
1780299616.493920,,,BOARD_2,1,5,707.000,2152.000,943.000,2628.000,825.000,2390.000,236.000,476.000,26.430000,10.569066,3.495833
1780299616.549189,,,BOARD_2,3,0,1446.000,2139.000,1682.000,2615.000,1564.000,2377.000,236.000,476.000,26.430000,341.148604,3.555417
1780299616.549189,,,BOARD_2,3,1,1030.000,2139.000,1266.000,2615.000,1148.000,2377.000,236.000,476.000,26.430000,339.252771,3.555417
1780299616.588598,,,BOARD_2,4,0,2267.000,1753.000,2503.000,2229.000,2385.000,1991.000,236.000,476.000,26.430000,344.489441,5.324583
1780299616.753305,,,BOARD_2,1,0,-62.000,2137.000,174.000,2613.000,56.000,2375.000,236.000,476.000,26.430000,7.064508,3.564583
1780299616.753305,,,BOARD_2,1,1,162.000,2057.000,398.000,2533.000,280.000,2295.000,236.000,476.000,26.430000,8.085342,3.931250
1780299616.753305,,,BOARD_2,1,2,-46.000,1945.000,190.000,2421.000,72.000,2183.000,236.000,476.000,26.430000,7.137425,4.444583
1780299616.753305,,,BOARD_2,1,3,338.000,2041.000,574.000,2517.000,456.000,2279.000,236.000,476.000,26.430000,8.887425,4.004583
1780299616.753305,,,BOARD_2,1,4,338.000,1561.000,574.000,2037.000,456.000,1799.000,236.000,476.000,26.430000,8.887425,6.204583
1780299616.884703,,,BOARD_2,3,0,55.000,1700.000,519.000,2060.000,287.000,1880.000,464.000,360.000,13.440000,335.328943,5.833333
1780299616.884703,,,BOARD_2,3,1,711.000,1954.000,751.000,2005.000,731.000,1979.500,40.000,51.000,155.930000,337.352380,5.377292
1780299616.884703,,,BOARD_2,3,2,247.000,1700.000,711.000,2060.000,479.000,1880.000,464.000,360.000,13.440000,336.203943,5.833333
1780299616.955357,,,BOARD_2,4,0,517.000,1995.000,753.000,2471.000,635.000,2233.000,236.000,476.000,26.430000,336.514180,4.215417
1780299617.020915,,,BOARD_2,1,0,301.000,2161.000,537.000,2637.000,419.000,2399.000,236.000,476.000,26.430000,8.718805,3.454583
1780299617.020915,,,BOARD_2,1,1,205.000,1921.000,441.000,2397.000,323.000,2159.000,236.000,476.000,26.430000,8.281305,4.554583
1780299617.020915,,,BOARD_2,1,2,237.000,1681.000,473.000,2157.000,355.000,1919.000,236.000,476.000,26.430000,8.427139,5.654583
1780299617.133778,,,BOARD_2,3,0,1461.000,2171.000,1697.000,2647.000,1579.000,2409.000,236.000,476.000,26.430000,341.216964,3.408750
1780299617.133778,,,BOARD_2,3,1,1494.000,2177.000,1558.000,2297.000,1526.000,2237.000,64.000,120.000,97.460000,340.975427,4.197083
1780299617.198165,,,BOARD_2,4,0,1301.000,1684.000,1537.000,2160.000,1419.000,1922.000,236.000,476.000,26.430000,340.087097,5.640833
1780299617.198165,,,BOARD_2,4,1,933.000,1828.000,1169.000,2304.000,1051.000,2066.000,236.000,476.000,26.430000,338.410014,4.980833
1780299617.386691,,,BOARD_2,1,0,294.000,2152.000,530.000,2628.000,412.000,2390.000,236.000,476.000,26.430000,8.686904,3.495833
1780299617.386691,,,BOARD_2,1,1,278.000,1912.000,514.000,2388.000,396.000,2150.000,236.000,476.000,26.430000,8.613988,4.595833
1780299617.386691,,,BOARD_2,1,2,710.000,2152.000,946.000,2628.000,828.000,2390.000,236.000,476.000,26.430000,10.582738,3.495833
1780299617.386691,,,BOARD_2,1,3,768.000,2028.000,1016.000,2208.000,892.000,2118.000,248.000,180.000,25.150000,10.874404,4.742500
1780299617.539842,,,BOARD_2,3,0,1051.000,2173.000,1287.000,2649.000,1169.000,2411.000,236.000,476.000,26.430000,339.348474,3.399583
1780299617.551837,,,BOARD_2,4,0,537.000,2207.000,773.000,2683.000,655.000,2445.000,236.000,476.000,26.430000,336.605326,3.243750
1780299617.762827,,,BOARD_2,1,0,827.000,2069.000,1063.000,2545.000,945.000,2307.000,236.000,476.000,26.430000,11.115941,3.876250
1780299618.118486,,,BOARD_2,1,0,434.000,2203.000,670.000,2679.000,552.000,2441.000,236.000,476.000,26.430000,9.324925,3.262083
1780299618.118486,,,BOARD_2,1,1,-62.000,1963.000,174.000,2439.000,56.000,2201.000,236.000,476.000,26.430000,7.064508,4.362083
1780299618.118486,,,BOARD_2,1,2,-62.000,2155.000,174.000,2631.000,56.000,2393.000,236.000,476.000,26.430000,7.064508,3.482083
1780299618.118486,,,BOARD_2,1,3,338.000,1707.000,574.000,2183.000,456.000,1945.000,236.000,476.000,26.430000,8.887425,5.535417
1780299618.248750,,,BOARD_2,3,0,1445.000,2129.000,1681.000,2605.000,1563.000,2367.000,236.000,476.000,26.430000,341.144047,3.601250
1780299618.248750,,,BOARD_2,3,1,1685.000,2065.000,1921.000,2541.000,1803.000,2303.000,236.000,476.000,26.430000,342.237797,3.894583
1780299618.325238,,,BOARD_2,4,0,3549.000,2206.000,3785.000,2682.000,3667.000,2444.000,236.000,476.000,26.430000,350.331889,3.248333
1780299618.325238,,,BOARD_2,4,1,3501.000,1630.000,3737.000,2106.000,3619.000,1868.000,236.000,476.000,26.430000,350.113139,5.888333
1780299618.374600,,,BOARD_2,1,0,-62.000,2208.000,174.000,2684.000,56.000,2446.000,236.000,476.000,26.430000,7.064508,3.239167
1780299618.374600,,,BOARD_2,1,1,-62.000,1968.000,174.000,2444.000,56.000,2206.000,236.000,476.000,26.430000,7.064508,4.339167
1780299618.374600,,,BOARD_2,1,2,498.000,1632.000,734.000,2108.000,616.000,1870.000,236.000,476.000,26.430000,9.616592,5.879167
1780299618.374600,,,BOARD_2,1,3,354.000,2032.000,590.000,2508.000,472.000,2270.000,236.000,476.000,26.430000,8.960342,4.045833
1780299618.374600,,,BOARD_2,1,4,162.000,2112.000,398.000,2588.000,280.000,2350.000,236.000,476.000,26.430000,8.085342,3.679167
1780299618.374600,,,BOARD_2,1,5,114.000,1920.000,350.000,2396.000,232.000,2158.000,236.000,476.000,26.430000,7.866592,4.559167
1780299618.484306,,,BOARD_2,3,0,1452.000,2170.000,1688.000,2646.000,1570.000,2408.000,236.000,476.000,26.430000,341.175948,3.413333
1780299618.484306,,,BOARD_2,3,1,1478.000,2126.000,1598.000,2370.000,1538.000,2248.000,120.000,244.000,51.980000,341.030115,4.146667
1780299618.593031,,,BOARD_2,4,0,635.000,2031.000,871.000,2507.000,753.000,2269.000,236.000,476.000,26.430000,337.051941,4.050417
1780299618.642232,,,BOARD_2,1,0,304.000,2154.000,540.000,2630.000,422.000,2392.000,236.000,476.000,26.430000,8.732477,3.486667
1780299618.642232,,,BOARD_2,1,1,192.000,2154.000,428.000,2630.000,310.000,2392.000,236.000,476.000,26.430000,8.222060,3.486667
1780299618.642232,,,BOARD_2,1,2,272.000,1914.000,508.000,2390.000,390.000,2152.000,236.000,476.000,26.430000,8.586644,4.586667
1780299618.642232,,,BOARD_2,1,3,240.000,1674.000,476.000,2150.000,358.000,1912.000,236.000,476.000,26.430000,8.440810,5.686667
1780299618.642232,,,BOARD_2,1,4,850.000,2040.000,913.000,2160.000,881.500,2100.000,63.000,120.000,99.000000,10.826553,4.825000
1780299618.815500,,,BOARD_2,3,0,1441.000,2143.000,1677.000,2619.000,1559.000,2381.000,236.000,476.000,26.430000,341.125818,3.537083
1780299618.864092,,,BOARD_2,1,0,306.000,2153.000,542.000,2629.000,424.000,2391.000,236.000,476.000,26.430000,8.741592,3.491250
1780299618.864092,,,BOARD_2,1,1,194.000,2153.000,430.000,2629.000,312.000,2391.000,236.000,476.000,26.430000,8.231175,3.491250
1780299619.094922,,,BOARD_2,1,0,835.000,2153.000,1071.000,2629.000,953.000,2391.000,236.000,476.000,26.430000,11.152399,3.491250
1780299619.094922,,,BOARD_2,1,1,876.000,2023.000,940.000,2143.000,908.000,2083.000,64.000,120.000,97.460000,10.947321,4.902917
1780299619.335587,,,BOARD_2,4,0,1565.000,2209.000,1801.000,2685.000,1683.000,2447.000,236.000,476.000,26.430000,341.290222,3.234583
1780299619.347438,,,BOARD_2,1,0,182.000,2152.000,418.000,2628.000,300.000,2390.000,236.000,476.000,26.430000,8.176488,3.495833
1780299619.347438,,,BOARD_2,1,1,294.000,2152.000,530.000,2628.000,412.000,2390.000,236.000,476.000,26.430000,8.686904,3.495833
1780299619.347438,,,BOARD_2,1,2,246.000,1672.000,482.000,2148.000,364.000,1910.000,236.000,476.000,26.430000,8.468154,5.695833
1780299619.347438,,,BOARD_2,1,3,230.000,1832.000,466.000,2308.000,348.000,2070.000,236.000,476.000,26.430000,8.395238,4.962500
1780299619.524261,,,BOARD_2,3,0,361.000,1632.000,597.000,2108.000,479.000,1870.000,236.000,476.000,26.430000,336.203943,5.879167
1780299619.567887,,,BOARD_2,4,0,1299.000,1649.000,1535.000,2125.000,1417.000,1887.000,236.000,476.000,26.430000,340.077982,5.801250
1780299619.567887,,,BOARD_2,4,1,1299.000,1793.000,1535.000,2269.000,1417.000,2031.000,236.000,476.000,26.430000,340.077982,5.141250
1780299619.567887,,,BOARD_2,4,2,1211.000,1813.000,1343.000,1905.000,1277.000,1859.000,132.000,92.000,47.250000,339.439961,5.929583
1780299619.682122,,,BOARD_2,1,0,302.000,2162.000,538.000,2638.000,420.000,2400.000,236.000,476.000,26.430000,8.723363,3.450000
1780299619.682122,,,BOARD_2,1,1,238.000,1746.000,474.000,2222.000,356.000,1984.000,236.000,476.000,26.430000,8.431696,5.356667
1780299619.682122,,,BOARD_2,1,2,270.000,1874.000,506.000,2350.000,388.000,2112.000,236.000,476.000,26.430000,8.577529,4.770000
1780299619.949163,,,BOARD_2,1,0,181.000,2153.000,417.000,2629.000,299.000,2391.000,236.000,476.000,26.430000,8.171930,3.491250
1780299619.949163,,,BOARD_2,1,1,229.000,1833.000,465.000,2309.000,347.000,2071.000,236.000,476.000,26.430000,8.390680,4.957917
1780299619.949163,,,BOARD_2,1,2,709.000,2153.000,945.000,2629.000,827.000,2391.000,236.000,476.000,26.430000,10.578180,3.491250
1780299619.949163,,,BOARD_2,1,3,767.000,2029.000,1015.000,2209.000,891.000,2119.000,248.000,180.000,25.150000,10.869847,4.737917
1780299619.949163,,,BOARD_2,1,4,181.000,1961.000,417.000,2437.000,299.000,2199.000,236.000,476.000,26.430000,8.171930,4.371250
1780299620.032309,,,BOARD_2,3,0,1440.000,2145.000,1676.000,2621.000,1558.000,2383.000,236.000,476.000,26.430000,341.121260,3.527917
1780299620.230761,,,BOARD_2,4,0,633.000,2080.000,869.000,2556.000,751.000,2318.000,236.000,476.000,26.430000,337.042826,3.825833
1780299620.304936,,,BOARD_2,1,0,354.000,1997.000,590.000,2473.000,472.000,2235.000,236.000,476.000,26.430000,8.960342,4.206250
1780299620.304936,,,BOARD_2,1,1,-62.000,2125.000,174.000,2601.000,56.000,2363.000,236.000,476.000,26.430000,7.064508,3.619583
1780299620.304936,,,BOARD_2,1,2,466.000,2109.000,702.000,2585.000,584.000,2347.000,236.000,476.000,26.430000,9.470758,3.692917
1780299620.304936,,,BOARD_2,1,3,338.000,1549.000,574.000,2025.000,456.000,1787.000,236.000,476.000,26.430000,8.887425,6.259583
1780299620.304936,,,BOARD_2,1,4,466.000,1789.000,702.000,2265.000,584.000,2027.000,236.000,476.000,26.430000,9.470758,5.159583
1780299620.304936,,,BOARD_2,1,5,498.000,1677.000,734.000,2153.000,616.000,1915.000,236.000,476.000,26.430000,9.616592,5.672917
1780299620.304936,,,BOARD_2,1,6,162.000,2045.000,398.000,2521.000,280.000,2283.000,236.000,476.000,26.430000,8.085342,3.986250
1780299620.391074,,,BOARD_2,3,0,1461.000,2147.000,1697.000,2623.000,1579.000,2385.000,236.000,476.000,26.430000,341.216964,3.518750
1780299620.391074,,,BOARD_2,3,1,1506.000,2203.000,1546.000,2255.000,1526.000,2229.000,40.000,52.000,155.930000,340.975427,4.233750
1780299620.688371,,,BOARD_2,1,0,304.000,2162.000,540.000,2638.000,422.000,2400.000,236.000,476.000,26.430000,8.732477,3.450000
1780299620.688371,,,BOARD_2,1,1,240.000,1746.000,476.000,2222.000,358.000,1984.000,236.000,476.000,26.430000,8.440810,5.356667
1780299620.892668,,,BOARD_2,3,0,1439.000,2174.000,1675.000,2650.000,1557.000,2412.000,236.000,476.000,26.430000,341.116703,3.395000
1780299620.892668,,,BOARD_2,3,1,1055.000,2174.000,1291.000,2650.000,1173.000,2412.000,236.000,476.000,26.430000,339.366703,3.395000
1780299620.973995,,,BOARD_2,4,0,1299.000,1793.000,1535.000,2269.000,1417.000,2031.000,236.000,476.000,26.430000,340.077982,5.141250
1780299620.973995,,,BOARD_2,4,1,1299.000,1649.000,1535.000,2125.000,1417.000,1887.000,236.000,476.000,26.430000,340.077982,5.801250
1780299621.231812,,,BOARD_2,3,0,1451.000,2145.000,1687.000,2621.000,1569.000,2383.000,236.000,476.000,26.430000,341.171391,3.527917
1780299621.545982,,,BOARD_2,1,0,301.000,2166.000,537.000,2642.000,419.000,2404.000,236.000,476.000,26.430000,8.718805,3.431667
1780299621.545982,,,BOARD_2,1,1,237.000,1670.000,473.000,2146.000,355.000,1908.000,236.000,476.000,26.430000,8.427139,5.705000
1780299621.545982,,,BOARD_2,1,2,205.000,1926.000,441.000,2402.000,323.000,2164.000,236.000,476.000,26.430000,8.281305,4.531667
1780299621.788494,,,BOARD_2,1,0,301.000,2161.000,537.000,2637.000,419.000,2399.000,236.000,476.000,26.430000,8.718805,3.454583
1780299621.788494,,,BOARD_2,1,1,205.000,1921.000,441.000,2397.000,323.000,2159.000,236.000,476.000,26.430000,8.281305,4.554583
1780299621.788494,,,BOARD_2,1,2,237.000,1713.000,473.000,2189.000,355.000,1951.000,236.000,476.000,26.430000,8.427139,5.507917
1780299621.939782,,,BOARD_2,3,0,1437.000,2208.000,1673.000,2684.000,1555.000,2446.000,236.000,476.000,26.430000,341.107589,3.239167
1780299622.015678,,,BOARD_2,4,0,3711.000,1699.000,4175.000,2059.000,3943.000,1879.000,464.000,360.000,13.440000,351.589701,5.837917
1780299622.234924,,,BOARD_2,1,0,182.000,2153.000,418.000,2629.000,300.000,2391.000,236.000,476.000,26.430000,8.176488,3.491250
1780299622.234924,,,BOARD_2,1,1,278.000,1913.000,514.000,2389.000,396.000,2151.000,236.000,476.000,26.430000,8.613988,4.591250
1780299622.234924,,,BOARD_2,1,2,294.000,2153.000,530.000,2629.000,412.000,2391.000,236.000,476.000,26.430000,8.686904,3.491250
1780299622.234924,,,BOARD_2,1,3,246.000,1673.000,482.000,2149.000,364.000,1911.000,236.000,476.000,26.430000,8.468154,5.691250
1780299622.234924,,,BOARD_2,1,4,710.000,2153.000,946.000,2629.000,828.000,2391.000,236.000,476.000,26.430000,10.582738,3.491250
1780299622.234924,,,BOARD_2,1,5,768.000,2029.000,1016.000,2209.000,892.000,2119.000,248.000,180.000,25.150000,10.874404,4.737917
1780299622.234924,,,BOARD_2,1,6,182.000,1945.000,418.000,2421.000,300.000,2183.000,236.000,476.000,26.430000,8.176488,4.444583
1780299622.288971,,,BOARD_2,3,0,366.000,1629.000,602.000,2105.000,484.000,1867.000,236.000,476.000,26.430000,336.226729,5.892917
1780299622.288971,,,BOARD_2,3,1,68.000,1695.000,532.000,2055.000,300.000,1875.000,464.000,360.000,13.440000,335.388188,5.856250
1780299622.384383,,,BOARD_2,4,0,633.000,2032.000,869.000,2508.000,751.000,2270.000,236.000,476.000,26.430000,337.042826,4.045833
1780299622.584235,,,BOARD_2,1,0,309.000,2153.000,545.000,2629.000,427.000,2391.000,236.000,476.000,26.430000,8.755264,3.491250
1780299622.584235,,,BOARD_2,1,1,181.000,2153.000,417.000,2629.000,299.000,2391.000,236.000,476.000,26.430000,8.171930,3.491250
1780299622.584235,,,BOARD_2,1,2,277.000,1913.000,513.000,2389.000,395.000,2151.000,236.000,476.000,26.430000,8.609430,4.591250
1780299622.584235,,,BOARD_2,1,3,245.000,1673.000,481.000,2149.000,363.000,1911.000,236.000,476.000,26.430000,8.463597,5.691250
1780299622.584235,,,BOARD_2,1,4,859.000,2073.000,899.000,2125.000,879.000,2099.000,40.000,52.000,155.930000,10.815159,4.829583
1780299622.794576,,,BOARD_2,3,0,482.000,1629.000,718.000,2105.000,600.000,1867.000,236.000,476.000,26.430000,336.755375,5.892917
1780299622.794576,,,BOARD_2,3,1,34.000,1853.000,270.000,2329.000,152.000,2091.000,236.000,476.000,26.430000,334.713708,4.866250
1780299622.894738,,,BOARD_2,4,0,976.000,1893.000,1040.000,2013.000,1008.000,1953.000,64.000,120.000,97.460000,338.214050,5.498750
1780299622.894738,,,BOARD_2,4,1,1175.000,1631.000,1411.000,2107.000,1293.000,1869.000,236.000,476.000,26.430000,339.512878,5.883750
1780299622.894738,,,BOARD_2,4,2,1303.000,1647.000,1539.000,2123.000,1421.000,1885.000,236.000,476.000,26.430000,340.096211,5.810417
1780299622.894738,,,BOARD_2,4,3,935.000,1807.000,1171.000,2283.000,1053.000,2045.000,236.000,476.000,26.430000,338.419128,5.077083
1780299622.894738,,,BOARD_2,4,4,1303.000,1791.000,1539.000,2267.000,1421.000,2029.000,236.000,476.000,26.430000,340.096211,5.150417
1780299623.015831,,,BOARD_2,1,0,278.000,1913.000,514.000,2389.000,396.000,2151.000,236.000,476.000,26.430000,8.613988,4.591250
1780299623.015831,,,BOARD_2,1,1,198.000,2153.000,434.000,2629.000,316.000,2391.000,236.000,476.000,26.430000,8.249404,3.491250
1780299623.015831,,,BOARD_2,1,2,710.000,2153.000,946.000,2629.000,828.000,2391.000,236.000,476.000,26.430000,10.582738,3.491250
1780299623.015831,,,BOARD_2,1,3,182.000,1961.000,418.000,2437.000,300.000,2199.000,236.000,476.000,26.430000,8.176488,4.371250
1780299623.015831,,,BOARD_2,1,4,768.000,2029.000,1016.000,2209.000,892.000,2119.000,248.000,180.000,25.150000,10.874404,4.737917
1780299623.132992,,,BOARD_2,3,0,418.000,1632.000,654.000,2108.000,536.000,1870.000,236.000,476.000,26.430000,336.463708,5.879167
1780299623.132992,,,BOARD_2,3,1,514.000,1872.000,750.000,2348.000,632.000,2110.000,236.000,476.000,26.430000,336.901208,4.779167
1780299623.270812,,,BOARD_2,4,0,499.000,2209.000,735.000,2685.000,617.000,2447.000,236.000,476.000,26.430000,336.432149,3.234583
1780299623.611573,,,BOARD_2,3,0,77.000,1673.000,541.000,2033.000,309.000,1853.000,464.000,360.000,13.440000,335.429203,5.957083
1780299623.866975,,,BOARD_2,1,0,835.000,1814.000,899.000,1934.000,867.000,1874.000,64.000,120.000,97.460000,10.760472,5.860833
1780299623.866975,,,BOARD_2,1,1,826.000,2000.000,1062.000,2476.000,944.000,2238.000,236.000,476.000,26.430000,11.111383,4.192500
1780299624.039912,,,BOARD_2,3,0,1437.000,2207.000,1673.000,2683.000,1555.000,2445.000,236.000,476.000,26.430000,341.107589,3.243750
1780299624.039912,,,BOARD_2,3,1,877.000,1983.000,1113.000,2459.000,995.000,2221.000,236.000,476.000,26.430000,338.555505,4.270417
1780299624.066935,,,BOARD_2,4,0,3511.000,1633.000,3747.000,2109.000,3629.000,1871.000,236.000,476.000,26.430000,350.158711,5.874583
1780299624.397787,,,BOARD_2,3,0,1439.000,2208.000,1675.000,2684.000,1557.000,2446.000,236.000,476.000,26.430000,341.116703,3.239167
1780299624.448136,,,BOARD_2,4,0,3513.000,1633.000,3749.000,2109.000,3631.000,1871.000,236.000,476.000,26.430000,350.167826,5.874583
1780299624.626172,,,BOARD_2,1,0,498.000,1631.000,734.000,2107.000,616.000,1869.000,236.000,476.000,26.430000,9.616592,5.883750
1780299624.626172,,,BOARD_2,1,1,-62.000,1983.000,174.000,2459.000,56.000,2221.000,236.000,476.000,26.430000,7.064508,4.270417
1780299624.626172,,,BOARD_2,1,2,-46.000,2159.000,190.000,2635.000,72.000,2397.000,236.000,476.000,26.430000,7.137425,3.463750
1780299624.626172,,,BOARD_2,1,3,162.000,2111.000,398.000,2587.000,280.000,2349.000,236.000,476.000,26.430000,8.085342,3.683750
1780299624.626172,,,BOARD_2,1,4,354.000,2031.000,590.000,2507.000,472.000,2269.000,236.000,476.000,26.430000,8.960342,4.050417
1780299624.780567,,,BOARD_2,3,0,210.000,1620.000,446.000,2096.000,328.000,1858.000,236.000,476.000,26.430000,335.515792,5.934167
1780299624.780567,,,BOARD_2,3,1,354.000,1636.000,590.000,2112.000,472.000,1874.000,236.000,476.000,26.430000,336.172042,5.860833
1780299624.939910,,,BOARD_2,4,0,3511.000,1633.000,3747.000,2109.000,3629.000,1871.000,236.000,476.000,26.430000,350.158711,5.874583
1780299625.084869,,,BOARD_2,1,0,296.000,2154.000,532.000,2630.000,414.000,2392.000,236.000,476.000,26.430000,8.696019,3.486667
1780299625.084869,,,BOARD_2,1,1,184.000,2154.000,420.000,2630.000,302.000,2392.000,236.000,476.000,26.430000,8.185602,3.486667
1780299625.084869,,,BOARD_2,1,2,248.000,1674.000,484.000,2150.000,366.000,1912.000,236.000,476.000,26.430000,8.477269,5.686667
1780299625.084869,,,BOARD_2,1,3,280.000,1882.000,516.000,2358.000,398.000,2120.000,236.000,476.000,26.430000,8.623102,4.733333
1780299625.264914,,,BOARD_2,3,0,1165.000,2337.000,1285.000,2581.000,1225.000,2459.000,120.000,244.000,51.980000,339.603682,3.179583
1780299625.264914,,,BOARD_2,3,1,1443.000,2189.000,1679.000,2665.000,1561.000,2427.000,236.000,476.000,26.430000,341.134932,3.326250
1780299625.312687,,,BOARD_2,4,0,3509.000,1633.000,3745.000,2109.000,3627.000,1871.000,236.000,476.000,26.430000,350.149597,5.874583
1780299625.746744,,,BOARD_2,3,0,365.000,1619.000,601.000,2095.000,483.000,1857.000,236.000,476.000,26.430000,336.222172,5.938750
1780299625.746744,,,BOARD_2,3,1,829.000,1651.000,1065.000,2127.000,947.000,1889.000,236.000,476.000,26.430000,338.336755,5.792083
1780299625.838571,,,BOARD_2,4,0,3506.000,1633.000,3742.000,2109.000,3624.000,1871.000,236.000,476.000,26.430000,350.135925,5.874583
1780299625.913621,,,BOARD_2,1,0,184.000,2153.000,420.000,2629.000,302.000,2391.000,236.000,476.000,26.430000,8.185602,3.491250
1780299625.913621,,,BOARD_2,1,1,296.000,2153.000,532.000,2629.000,414.000,2391.000,236.000,476.000,26.430000,8.696019,3.491250
1780299625.913621,,,BOARD_2,1,2,232.000,1833.000,468.000,2309.000,350.000,2071.000,236.000,476.000,26.430000,8.404352,4.957917
1780299625.913621,,,BOARD_2,1,3,248.000,1673.000,484.000,2149.000,366.000,1911.000,236.000,476.000,26.430000,8.477269,5.691250
1780299625.913621,,,BOARD_2,1,4,712.000,2153.000,948.000,2629.000,830.000,2391.000,236.000,476.000,26.430000,10.591852,3.491250
1780299626.118944,,,BOARD_2,3,0,1067.000,2208.000,1303.000,2684.000,1185.000,2446.000,236.000,476.000,26.430000,339.421391,3.239167
1780299626.265857,,,BOARD_2,1,0,482.000,2209.000,718.000,2685.000,600.000,2447.000,236.000,476.000,26.430000,9.543675,3.234583
1780299626.265857,,,BOARD_2,1,1,-62.000,1969.000,174.000,2445.000,56.000,2207.000,236.000,476.000,26.430000,7.064508,4.334583
1780299626.265857,,,BOARD_2,1,2,-62.000,2161.000,174.000,2637.000,56.000,2399.000,236.000,476.000,26.430000,7.064508,3.454583
1780299626.265857,,,BOARD_2,1,3,258.000,2017.000,494.000,2493.000,376.000,2255.000,236.000,476.000,26.430000,8.522842,4.114583
1780299626.265857,,,BOARD_2,1,4,386.000,1633.000,622.000,2109.000,504.000,1871.000,236.000,476.000,26.430000,9.106175,5.874583
1780299626.374494,,,BOARD_2,3,0,359.000,1633.000,595.000,2109.000,477.000,1871.000,236.000,476.000,26.430000,336.194828,5.874583
1780300782.933062,,,BOARD_2,4,0,3629.000,1650.000,3865.000,2126.000,3747.000,1888.000,236.000,476.000,26.430000,350.696472,5.796667
1780300782.933062,,,BOARD_2,4,1,3683.000,1700.000,4147.000,2060.000,3915.000,1880.000,464.000,360.000,13.440000,351.462097,5.833333
1780300782.960381,,,BOARD_2,3,0,353.000,1629.000,589.000,2105.000,471.000,1867.000,236.000,476.000,26.430000,336.167484,5.892917
1780300782.960381,,,BOARD_2,3,1,39.000,1695.000,503.000,2055.000,271.000,1875.000,464.000,360.000,13.440000,335.256026,5.856250
1780300782.960381,,,BOARD_2,3,2,513.000,1645.000,749.000,2121.000,631.000,1883.000,236.000,476.000,26.430000,336.896651,5.819583
1780300782.960381,,,BOARD_2,3,3,711.000,1957.000,751.000,2009.000,731.000,1983.000,40.000,52.000,155.930000,337.352380,5.361250
1780300783.024736,,,BOARD_2,1,0,1054.000,2072.000,1290.000,2548.000,1172.000,2310.000,236.000,476.000,26.430000,12.150446,3.862500
1780300783.024736,,,BOARD_2,1,1,482.000,2156.000,718.000,2632.000,600.000,2394.000,236.000,476.000,26.430000,9.543675,3.477500
1780300783.024736,,,BOARD_2,1,2,482.000,1804.000,718.000,2280.000,600.000,2042.000,236.000,476.000,26.430000,9.543675,5.090833
1780300783.024736,,,BOARD_2,1,3,-62.000,1980.000,174.000,2456.000,56.000,2218.000,236.000,476.000,26.430000,7.064508,4.284167
1780300783.024736,,,BOARD_2,1,4,354.000,2028.000,590.000,2504.000,472.000,2266.000,236.000,476.000,26.430000,8.960342,4.064167
1780300783.024736,,,BOARD_2,1,5,98.000,1900.000,334.000,2376.000,216.000,2138.000,236.000,476.000,26.430000,7.793675,4.650833
1780300783.024736,,,BOARD_2,1,6,-46.000,2156.000,190.000,2632.000,72.000,2394.000,236.000,476.000,26.430000,7.137425,3.477500
1780300783.102901,,,BOARD_2,3,0,1045.000,2178.000,1281.000,2654.000,1163.000,2416.000,236.000,476.000,26.430000,339.321130,3.376667
1780300783.102901,,,BOARD_2,3,1,1445.000,2178.000,1681.000,2654.000,1563.000,2416.000,236.000,476.000,26.430000,341.144047,3.376667
1780300783.102901,,,BOARD_2,3,2,1237.000,2146.000,1473.000,2622.000,1355.000,2384.000,236.000,476.000,26.430000,340.196130,3.523333
1780300783.168973,,,BOARD_2,4,0,3543.000,2205.000,3779.000,2681.000,3661.000,2443.000,236.000,476.000,26.430000,350.304545,3.252917
1780300783.168973,,,BOARD_2,4,1,3495.000,1645.000,3731.000,2121.000,3613.000,1883.000,236.000,476.000,26.430000,350.085795,5.819583
1780300783.286191,,,BOARD_2,1,0,303.000,2210.000,539.000,2686.000,421.000,2448.000,236.000,476.000,26.430000,8.727920,3.230000
1780300783.286191,,,BOARD_2,1,1,239.000,1650.000,475.000,2126.000,357.000,1888.000,236.000,476.000,26.430000,8.436253,5.796667
1780300783.286191,,,BOARD_2,1,2,239.000,1826.000,475.000,2302.000,357.000,2064.000,236.000,476.000,26.430000,8.436253,4.990000
1780300783.442272,,,BOARD_2,3,0,1440.000,2206.000,1676.000,2682.000,1558.000,2444.000,236.000,476.000,26.430000,341.121260,3.248333
1780300783.556087,,,BOARD_2,1,0,832.000,1799.000,896.000,1919.000,864.000,1859.000,64.000,120.000,97.460000,10.746800,5.929583
1780300783.647451,,,BOARD_2,3,0,1049.000,2210.000,1285.000,2686.000,1167.000,2448.000,236.000,476.000,26.430000,339.339359,3.230000
1780300783.647451,,,BOARD_2,3,1,911.000,1700.000,1375.000,2060.000,1143.000,1880.000,464.000,360.000,13.440000,339.229984,5.833333
1780300783.647451,,,BOARD_2,3,2,1433.000,2210.000,1669.000,2686.000,1551.000,2448.000,236.000,476.000,26.430000,341.089359,3.230000
1780300783.772091,,,BOARD_2,4,0,1037.000,1966.000,1101.000,2086.000,1069.000,2026.000,64.000,120.000,97.460000,338.492045,5.164167
1780300783.884584,,,BOARD_2,3,0,345.000,1631.000,581.000,2107.000,463.000,1869.000,236.000,476.000,26.430000,336.131026,5.883750
1780300783.884584,,,BOARD_2,3,1,169.000,1631.000,405.000,2107.000,287.000,1869.000,236.000,476.000,26.430000,335.328943,5.883750
1780300783.949943,,,BOARD_2,1,0,322.000,1644.000,558.000,2120.000,440.000,1882.000,236.000,476.000,26.430000,8.814508,5.824167
1780300783.949943,,,BOARD_2,1,1,402.000,2204.000,638.000,2680.000,520.000,2442.000,236.000,476.000,26.430000,9.179092,3.257500
1780300783.949943,,,BOARD_2,1,2,524.000,2192.000,772.000,2372.000,648.000,2282.000,248.000,180.000,25.150000,9.762425,3.990833
1780300783.949943,,,BOARD_2,1,3,-78.000,2204.000,158.000,2680.000,40.000,2442.000,236.000,476.000,26.430000,6.991592,3.257500
1780300783.949943,,,BOARD_2,1,4,50.000,2108.000,286.000,2584.000,168.000,2346.000,236.000,476.000,26.430000,7.574925,3.697500
1780300783.949943,,,BOARD_2,1,5,588.000,2336.000,708.000,2580.000,648.000,2458.000,120.000,244.000,51.980000,9.762425,3.184167
1780300783.993263,,,BOARD_2,4,0,509.000,2071.000,745.000,2547.000,627.000,2309.000,236.000,476.000,26.430000,336.477722,3.867083
1780300784.127898,,,BOARD_2,1,0,306.000,2179.000,542.000,2655.000,424.000,2417.000,236.000,476.000,26.430000,8.741592,3.372083
1780300784.127898,,,BOARD_2,1,1,194.000,2179.000,430.000,2655.000,312.000,2417.000,236.000,476.000,26.430000,8.231175,3.372083
1780300784.127898,,,BOARD_2,1,2,226.000,1747.000,462.000,2223.000,344.000,1985.000,236.000,476.000,26.430000,8.377008,5.352083
1780300784.144962,,,BOARD_2,3,0,1240.000,2177.000,1476.000,2653.000,1358.000,2415.000,236.000,476.000,26.430000,340.209802,3.381250
1780300784.144962,,,BOARD_2,3,1,1048.000,2209.000,1284.000,2685.000,1166.000,2447.000,236.000,476.000,26.430000,339.334802,3.234583
1780300784.144962,,,BOARD_2,3,2,910.000,1699.000,1374.000,2059.000,1142.000,1879.000,464.000,360.000,13.440000,339.225427,5.837917
1780300784.251379,,,BOARD_2,4,0,3517.000,2207.000,3753.000,2683.000,3635.000,2445.000,236.000,476.000,26.430000,350.186055,3.243750
1780300784.251379,,,BOARD_2,4,1,3501.000,1631.000,3737.000,2107.000,3619.000,1869.000,236.000,476.000,26.430000,350.113139,5.883750
1780300784.344250,,,BOARD_2,1,0,472.000,2132.000,708.000,2608.000,590.000,2370.000,236.000,476.000,26.430000,9.498102,3.587500
1780300784.529091,,,BOARD_2,4,0,3545.000,2202.000,3781.000,2678.000,3663.000,2440.000,236.000,476.000,26.430000,350.313659,3.266667
1780300784.529091,,,BOARD_2,4,1,3497.000,1642.000,3733.000,2118.000,3615.000,1880.000,236.000,476.000,26.430000,350.094909,5.833333
1780300784.572691,,,BOARD_2,3,0,1049.000,2208.000,1285.000,2684.000,1167.000,2446.000,236.000,476.000,26.430000,339.339359,3.239167
1780300784.572691,,,BOARD_2,3,1,911.000,1698.000,1375.000,2058.000,1143.000,1878.000,464.000,360.000,13.440000,339.229984,5.842500
1780300784.572691,,,BOARD_2,3,2,1241.000,2176.000,1477.000,2652.000,1359.000,2414.000,236.000,476.000,26.430000,340.214359,3.385833
1780300784.627571,,,BOARD_2,1,0,482.000,2207.000,718.000,2683.000,600.000,2445.000,236.000,476.000,26.430000,9.543675,3.243750
1780300784.627571,,,BOARD_2,1,1,-62.000,1983.000,174.000,2459.000,56.000,2221.000,236.000,476.000,26.430000,7.064508,4.270417
1780300784.627571,,,BOARD_2,1,2,258.000,2015.000,494.000,2491.000,376.000,2253.000,236.000,476.000,26.430000,8.522842,4.123750
1780300784.627571,,,BOARD_2,1,3,-62.000,2207.000,174.000,2683.000,56.000,2445.000,236.000,476.000,26.430000,7.064508,3.243750
1780300784.627571,,,BOARD_2,1,4,604.000,2189.000,668.000,2309.000,636.000,2249.000,64.000,120.000,97.460000,9.707738,4.142083
1780300784.627571,,,BOARD_2,1,5,66.000,1967.000,302.000,2443.000,184.000,2205.000,236.000,476.000,26.430000,7.647842,4.343750
1780300784.682538,,,BOARD_2,3,0,348.000,1634.000,584.000,2110.000,466.000,1872.000,236.000,476.000,26.430000,336.144698,5.870000
1780300784.682538,,,BOARD_2,3,1,812.000,1650.000,1048.000,2126.000,930.000,1888.000,236.000,476.000,26.430000,338.259281,5.796667
1780300784.682538,,,BOARD_2,3,2,508.000,1650.000,744.000,2126.000,626.000,1888.000,236.000,476.000,26.430000,336.873865,5.796667
1780300784.856260,,,BOARD_2,1,0,482.000,2208.000,718.000,2684.000,600.000,2446.000,236.000,476.000,26.430000,9.543675,3.239167
1780300784.856260,,,BOARD_2,1,1,-62.000,1984.000,174.000,2460.000,56.000,2222.000,236.000,476.000,26.430000,7.064508,4.265833
1780300784.856260,,,BOARD_2,1,2,258.000,2064.000,494.000,2540.000,376.000,2302.000,236.000,476.000,26.430000,8.522842,3.899167
1780300784.856260,,,BOARD_2,1,3,-62.000,2176.000,174.000,2652.000,56.000,2414.000,236.000,476.000,26.430000,7.064508,3.385833
1780300784.856260,,,BOARD_2,1,4,66.000,1952.000,302.000,2428.000,184.000,2190.000,236.000,476.000,26.430000,7.647842,4.412500
1780300784.856260,,,BOARD_2,1,5,604.000,2126.000,668.000,2246.000,636.000,2186.000,64.000,120.000,97.460000,9.707738,4.430833
1780300784.939001,,,BOARD_2,3,0,1059.000,2208.000,1295.000,2684.000,1177.000,2446.000,236.000,476.000,26.430000,339.384932,3.239167
1780300784.939001,,,BOARD_2,3,1,1235.000,2176.000,1471.000,2652.000,1353.000,2414.000,236.000,476.000,26.430000,340.187016,3.385833
1780300785.207137,,,BOARD_2,1,0,309.000,2172.000,545.000,2648.000,427.000,2410.000,236.000,476.000,26.430000,8.755264,3.404167
1780300785.207137,,,BOARD_2,1,1,245.000,1836.000,481.000,2312.000,363.000,2074.000,236.000,476.000,26.430000,8.463597,4.944167
1780300785.287189,,,BOARD_2,3,0,1237.000,2178.000,1473.000,2654.000,1355.000,2416.000,236.000,476.000,26.430000,340.196130,3.376667
1780300785.364094,,,BOARD_2,4,0,1167.000,1631.000,1403.000,2107.000,1285.000,1869.000,236.000,476.000,26.430000,339.476420,5.883750
1780300785.364094,,,BOARD_2,4,1,1135.000,1791.000,1371.000,2267.000,1253.000,2029.000,236.000,476.000,26.430000,339.330586,5.150417
1780300785.600128,,,BOARD_2,1,0,482.000,2207.000,718.000,2683.000,600.000,2445.000,236.000,476.000,26.430000,9.543675,3.243750
1780300785.600128,,,BOARD_2,1,1,-62.000,1983.000,174.000,2459.000,56.000,2221.000,236.000,476.000,26.430000,7.064508,4.270417
1780300785.600128,,,BOARD_2,1,2,242.000,2063.000,478.000,2539.000,360.000,2301.000,236.000,476.000,26.430000,8.449925,3.903750
1780300785.600128,,,BOARD_2,1,3,66.000,1919.000,302.000,2395.000,184.000,2157.000,236.000,476.000,26.430000,7.647842,4.563750
1780300785.600128,,,BOARD_2,1,4,-62.000,2175.000,174.000,2651.000,56.000,2413.000,236.000,476.000,26.430000,7.064508,3.390417
1780300785.600128,,,BOARD_2,1,5,98.000,2111.000,334.000,2587.000,216.000,2349.000,236.000,476.000,26.430000,7.793675,3.683750
1780300785.676974,,,BOARD_2,3,0,349.000,1641.000,585.000,2117.000,467.000,1879.000,236.000,476.000,26.430000,336.149255,5.837917
1780300785.676974,,,BOARD_2,3,1,493.000,1865.000,729.000,2341.000,611.000,2103.000,236.000,476.000,26.430000,336.805505,4.811250
1780300785.676974,,,BOARD_2,3,2,173.000,1625.000,409.000,2101.000,291.000,1863.000,236.000,476.000,26.430000,335.347172,5.911250
1780300785.796396,,,BOARD_2,3,0,1049.000,2210.000,1285.000,2686.000,1167.000,2448.000,236.000,476.000,26.430000,339.339359,3.230000
1780300785.796396,,,BOARD_2,3,1,889.000,1842.000,1125.000,2318.000,1007.000,2080.000,236.000,476.000,26.430000,338.610193,4.916667
1780300785.796396,,,BOARD_2,3,2,911.000,1700.000,1375.000,2060.000,1143.000,1880.000,464.000,360.000,13.440000,339.229984,5.833333
1780300785.796396,,,BOARD_2,3,3,1241.000,2178.000,1477.000,2654.000,1359.000,2416.000,236.000,476.000,26.430000,340.214359,3.376667
1780300785.885892,,,BOARD_2,1,0,308.000,2153.000,544.000,2629.000,426.000,2391.000,236.000,476.000,26.430000,8.750706,3.491250
1780300785.885892,,,BOARD_2,1,1,196.000,2153.000,432.000,2629.000,314.000,2391.000,236.000,476.000,26.430000,8.240290,3.491250
1780300785.885892,,,BOARD_2,1,2,228.000,1833.000,464.000,2309.000,346.000,2071.000,236.000,476.000,26.430000,8.386123,4.957917
1780300785.885892,,,BOARD_2,1,3,858.000,2081.000,898.000,2133.000,878.000,2107.000,40.000,52.000,155.930000,10.810602,4.792917
1780300785.897367,,,BOARD_2,4,0,1039.000,1884.000,1275.000,2360.000,1157.000,2122.000,236.000,476.000,26.430000,338.893086,4.724167
1780300786.008001,,,BOARD_2,1,0,231.000,1835.000,467.000,2311.000,349.000,2073.000,236.000,476.000,26.430000,8.399795,4.948750
1780300786.008001,,,BOARD_2,1,1,199.000,2155.000,435.000,2631.000,317.000,2393.000,236.000,476.000,26.430000,8.253961,3.482083
1780300786.008001,,,BOARD_2,1,2,471.000,2123.000,707.000,2599.000,589.000,2361.000,236.000,476.000,26.430000,9.493545,3.628750
1780300786.008001,,,BOARD_2,1,3,231.000,1707.000,467.000,2183.000,349.000,1945.000,236.000,476.000,26.430000,8.399795,5.535417
1780300786.074142,,,BOARD_2,3,0,1463.000,2206.000,1699.000,2682.000,1581.000,2444.000,236.000,476.000,26.430000,341.226078,3.248333
1780300786.074142,,,BOARD_2,3,1,1508.000,2230.000,1548.000,2282.000,1528.000,2256.000,40.000,52.000,155.930000,340.984542,4.110000
1780300786.265731,,,BOARD_2,1,0,200.000,2155.000,436.000,2631.000,318.000,2393.000,236.000,476.000,26.430000,8.258519,3.482083
1780300786.265731,,,BOARD_2,1,1,472.000,2123.000,708.000,2599.000,590.000,2361.000,236.000,476.000,26.430000,9.498102,3.628750
1780300786.336723,,,BOARD_2,3,0,1043.000,2175.000,1279.000,2651.000,1161.000,2413.000,236.000,476.000,26.430000,339.312016,3.390417
1780300786.336723,,,BOARD_2,3,1,1443.000,2175.000,1679.000,2651.000,1561.000,2413.000,236.000,476.000,26.430000,341.134932,3.390417
1780300786.396319,,,BOARD_2,4,0,1292.000,1649.000,1528.000,2125.000,1410.000,1887.000,236.000,476.000,26.430000,340.046081,5.801250
1780300786.396319,,,BOARD_2,4,1,1292.000,1793.000,1528.000,2269.000,1410.000,2031.000,236.000,476.000,26.430000,340.046081,5.141250
1780300786.484595,,,BOARD_2,1,0,296.000,2153.000,532.000,2629.000,414.000,2391.000,236.000,476.000,26.430000,8.696019,3.491250
1780300786.484595,,,BOARD_2,1,1,312.000,1881.000,548.000,2357.000,430.000,2119.000,236.000,476.000,26.430000,8.768935,4.737917
1780300786.599684,,,BOARD_2,3,0,1436.000,2140.000,1672.000,2616.000,1554.000,2378.000,236.000,476.000,26.430000,341.103031,3.550833
1780300786.972515,,,BOARD_2,3,0,34.000,1503.000,270.000,1979.000,152.000,1741.000,236.000,476.000,26.430000,334.713708,6.470417
1780300786.972515,,,BOARD_2,3,1,82.000,1711.000,318.000,2187.000,200.000,1949.000,236.000,476.000,26.430000,334.932458,5.517083
1780300786.972515,,,BOARD_2,3,2,-78.000,1503.000,158.000,1979.000,40.000,1741.000,236.000,476.000,26.430000,334.203292,6.470417
1780300787.124308,,,BOARD_2,4,0,1157.000,1755.000,1393.000,2231.000,1275.000,1993.000,236.000,476.000,26.430000,339.430847,5.315417
1780300787.124308,,,BOARD_2,4,1,1301.000,1643.000,1537.000,2119.000,1419.000,1881.000,236.000,476.000,26.430000,340.087097,5.828750
1780300787.237262,,,BOARD_2,1,0,297.000,2154.000,533.000,2630.000,415.000,2392.000,236.000,476.000,26.430000,8.700576,3.486667
1780300787.237262,,,BOARD_2,1,1,233.000,1674.000,469.000,2150.000,351.000,1912.000,236.000,476.000,26.430000,8.408909,5.686667
1780300787.237262,,,BOARD_2,1,2,313.000,1882.000,549.000,2358.000,431.000,2120.000,236.000,476.000,26.430000,8.773493,4.733333
1780300787.351261,,,BOARD_2,3,0,355.000,1634.000,591.000,2110.000,473.000,1872.000,236.000,476.000,26.430000,336.176599,5.870000
1780300787.351261,,,BOARD_2,3,1,179.000,1634.000,415.000,2110.000,297.000,1872.000,236.000,476.000,26.430000,335.374516,5.870000
1780300787.351261,,,BOARD_2,3,2,515.000,1650.000,751.000,2126.000,633.000,1888.000,236.000,476.000,26.430000,336.905766,5.796667
1780300787.405886,,,BOARD_2,4,0,1299.000,1793.000,1535.000,2269.000,1417.000,2031.000,236.000,476.000,26.430000,340.077982,5.141250
1780300787.405886,,,BOARD_2,4,1,1299.000,1649.000,1535.000,2125.000,1417.000,1887.000,236.000,476.000,26.430000,340.077982,5.801250
1780300787.503420,,,BOARD_2,1,0,294.000,2176.000,530.000,2652.000,412.000,2414.000,236.000,476.000,26.430000,8.686904,3.385833
1780300787.667857,,,BOARD_2,4,0,639.000,2033.000,875.000,2509.000,757.000,2271.000,236.000,476.000,26.430000,337.070170,4.041250
1780300787.797775,,,BOARD_2,1,0,300.000,2181.000,536.000,2657.000,418.000,2419.000,236.000,476.000,26.430000,8.714248,3.362917
1780300787.797775,,,BOARD_2,1,1,188.000,2181.000,424.000,2657.000,306.000,2419.000,236.000,476.000,26.430000,8.203831,3.362917
1780300787.797775,,,BOARD_2,1,2,236.000,1669.000,472.000,2145.000,354.000,1907.000,236.000,476.000,26.430000,8.422581,5.709583
1780300787.945701,,,BOARD_2,4,0,3640.000,1649.000,3876.000,2125.000,3758.000,1887.000,236.000,476.000,26.430000,350.746602,5.801250
1780300788.042516,,,BOARD_2,1,0,306.000,2180.000,542.000,2656.000,424.000,2418.000,236.000,476.000,26.430000,8.741592,3.367500
1780300788.042516,,,BOARD_2,1,1,178.000,2180.000,414.000,2656.000,296.000,2418.000,236.000,476.000,26.430000,8.158258,3.367500
1780300788.042516,,,BOARD_2,1,2,354.000,2056.000,486.000,2148.000,420.000,2102.000,132.000,92.000,47.250000,8.723363,4.815833
1780300788.042516,,,BOARD_2,1,3,450.000,2132.000,686.000,2608.000,568.000,2370.000,236.000,476.000,26.430000,9.397842,3.587500
1780300788.151743,,,BOARD_2,3,0,1053.000,2208.000,1289.000,2684.000,1171.000,2446.000,236.000,476.000,26.430000,339.357589,3.239167
1780300788.151743,,,BOARD_2,3,1,1437.000,2208.000,1673.000,2684.000,1555.000,2446.000,236.000,476.000,26.430000,341.107589,3.239167
1780300788.226810,,,BOARD_2,4,0,633.000,2080.000,869.000,2556.000,751.000,2318.000,236.000,476.000,26.430000,337.042826,3.825833
1780300788.286606,,,BOARD_2,1,0,837.000,2121.000,1073.000,2597.000,955.000,2359.000,236.000,476.000,26.430000,11.161514,3.637917
1780300788.431905,,,BOARD_2,3,0,1757.000,2422.000,1797.000,2474.000,1777.000,2448.000,40.000,52.000,155.930000,342.119307,3.230000
1780300788.431905,,,BOARD_2,3,1,1095.000,1950.000,1331.000,2426.000,1213.000,2188.000,236.000,476.000,26.430000,339.548995,4.421667
1780300788.431905,,,BOARD_2,3,2,1111.000,1838.000,1347.000,2314.000,1229.000,2076.000,236.000,476.000,26.430000,339.621911,4.935000
1780300788.431905,,,BOARD_2,3,3,1079.000,2190.000,1315.000,2666.000,1197.000,2428.000,236.000,476.000,26.430000,339.476078,3.321667
1780300788.431905,,,BOARD_2,3,4,1239.000,2158.000,1475.000,2634.000,1357.000,2396.000,236.000,476.000,26.430000,340.205245,3.468333
1780300788.491467,,,BOARD_2,4,0,3551.000,2205.000,3787.000,2681.000,3669.000,2443.000,236.000,476.000,26.430000,350.341003,3.252917
1780300788.534706,,,BOARD_2,1,0,300.000,2181.000,536.000,2657.000,418.000,2419.000,236.000,476.000,26.430000,8.714248,3.362917
1780300788.534706,,,BOARD_2,1,1,356.000,2057.000,488.000,2149.000,422.000,2103.000,132.000,92.000,47.250000,8.732477,4.811250
1780300788.540818,,,BOARD_2,3,0,845.000,1645.000,1081.000,2121.000,963.000,1883.000,236.000,476.000,26.430000,338.409672,5.819583
1780300788.540818,,,BOARD_2,3,1,423.000,2161.000,543.000,2405.000,483.000,2283.000,120.000,244.000,51.980000,336.222172,3.986250
1780300788.739272,,,BOARD_2,4,0,1299.000,1650.000,1535.000,2126.000,1417.000,1888.000,236.000,476.000,26.430000,340.077982,5.796667
1780300788.739272,,,BOARD_2,4,1,1299.000,1794.000,1535.000,2270.000,1417.000,2032.000,236.000,476.000,26.430000,340.077982,5.136667
1780300788.766778,,,BOARD_2,1,0,308.000,2194.000,544.000,2670.000,426.000,2432.000,236.000,476.000,26.430000,8.750706,3.303333
1780300788.766778,,,BOARD_2,1,1,356.000,2054.000,488.000,2146.000,422.000,2100.000,132.000,92.000,47.250000,8.732477,4.825000
1780300788.901740,,,BOARD_2,3,0,455.000,2199.000,519.000,2319.000,487.000,2259.000,64.000,120.000,97.460000,336.240401,4.096250
1780300789.191246,,,BOARD_2,3,0,83.000,1653.000,547.000,2013.000,315.000,1833.000,464.000,360.000,13.440000,335.456547,6.048750
1780300789.281812,,,BOARD_2,4,0,1169.000,1632.000,1405.000,2108.000,1287.000,1870.000,236.000,476.000,26.430000,339.485534,5.879167
1780300789.281812,,,BOARD_2,4,1,1137.000,1776.000,1373.000,2252.000,1255.000,2014.000,236.000,476.000,26.430000,339.339701,5.219167
1780300789.482229,,,BOARD_2,3,0,223.000,1611.000,459.000,2087.000,341.000,1849.000,236.000,476.000,26.430000,335.575036,5.975417
1780300789.504098,,,BOARD_2,4,0,1299.000,1649.000,1535.000,2125.000,1417.000,1887.000,236.000,476.000,26.430000,340.077982,5.801250
1780300789.504098,,,BOARD_2,4,1,1299.000,1793.000,1535.000,2269.000,1417.000,2031.000,236.000,476.000,26.430000,340.077982,5.141250
1780300789.504098,,,BOARD_2,4,2,1171.000,1633.000,1407.000,2109.000,1289.000,1871.000,236.000,476.000,26.430000,339.494649,5.874583
1780300789.537470,,,BOARD_2,1,0,473.000,2121.000,709.000,2597.000,591.000,2359.000,236.000,476.000,26.430000,9.502659,3.637917
1780300789.537470,,,BOARD_2,1,1,201.000,2153.000,437.000,2629.000,319.000,2391.000,236.000,476.000,26.430000,8.263076,3.491250
1780300789.537470,,,BOARD_2,1,2,313.000,1881.000,549.000,2357.000,431.000,2119.000,236.000,476.000,26.430000,8.773493,4.737917
1780300789.613873,,,BOARD_2,3,0,1242.000,2199.000,1478.000,2675.000,1360.000,2437.000,236.000,476.000,26.430000,340.218917,3.280417
1780300789.646820,,,BOARD_2,4,0,1141.000,1805.000,1377.000,2281.000,1259.000,2043.000,236.000,476.000,26.430000,339.357930,5.086250
1780300789.822233,,,BOARD_2,0,0,1027.000,1258.000,1275.000,1438.000,1151.000,1348.000,248.000,180.000,25.150000,30.804043,8.271667
1780300789.940766,,,BOARD_2,1,0,472.000,2121.000,708.000,2597.000,590.000,2359.000,236.000,476.000,26.430000,9.498102,3.637917
1780300789.940766,,,BOARD_2,1,1,200.000,2153.000,436.000,2629.000,318.000,2391.000,236.000,476.000,26.430000,8.258519,3.491250
1780300789.940766,,,BOARD_2,1,2,850.000,2047.000,914.000,2167.000,882.000,2107.000,64.000,120.000,97.460000,10.828831,4.792917
1780300789.984090,,,BOARD_2,3,0,1000.000,1636.000,1236.000,2112.000,1118.000,1874.000,236.000,476.000,26.430000,339.116052,5.860833
1780300789.984090,,,BOARD_2,3,1,1032.000,2196.000,1268.000,2672.000,1150.000,2434.000,236.000,476.000,26.430000,339.261885,3.294167
1780300789.984090,,,BOARD_2,3,2,504.000,1716.000,740.000,2192.000,622.000,1954.000,236.000,476.000,26.430000,336.855635,5.494167
1780300789.984090,,,BOARD_2,3,3,750.000,1718.000,1214.000,2078.000,982.000,1898.000,464.000,360.000,13.440000,338.496260,5.750833
1780300790.120668,,,BOARD_2,4,0,3552.000,2204.000,3788.000,2680.000,3670.000,2442.000,236.000,476.000,26.430000,350.345560,3.257500
1780300790.120668,,,BOARD_2,4,1,3504.000,1628.000,3740.000,2104.000,3622.000,1866.000,236.000,476.000,26.430000,350.126810,5.897500
1780300790.148518,,,BOARD_2,0,0,1752.000,1517.000,1792.000,1568.000,1772.000,1542.500,40.000,51.000,155.930000,33.634121,7.380208
1780300790.213916,,,BOARD_2,1,0,1062.000,1936.000,1298.000,2412.000,1180.000,2174.000,236.000,476.000,26.430000,12.186904,4.485833
1780300790.377660,,,BOARD_2,3,0,1053.000,2210.000,1289.000,2686.000,1171.000,2448.000,236.000,476.000,26.430000,339.357589,3.230000
1780300790.377660,,,BOARD_2,3,1,1437.000,2210.000,1673.000,2686.000,1555.000,2448.000,236.000,476.000,26.430000,341.107589,3.230000
1780300790.377660,,,BOARD_2,3,2,877.000,1634.000,1113.000,2110.000,995.000,1872.000,236.000,476.000,26.430000,338.555505,5.870000
1780300790.377660,,,BOARD_2,3,3,877.000,1986.000,1113.000,2462.000,995.000,2224.000,236.000,476.000,26.430000,338.555505,4.256667
1780300790.471087,,,BOARD_2,4,0,513.000,2081.000,749.000,2557.000,631.000,2319.000,236.000,476.000,26.430000,336.495951,3.821250
1780300790.580754,,,BOARD_2,0,0,2342.000,1695.000,2406.000,1815.000,2374.000,1755.000,64.000,120.000,97.460000,36.377610,6.406250
1780300790.669632,,,BOARD_2,1,0,466.000,2165.000,702.000,2641.000,584.000,2403.000,236.000,476.000,26.430000,9.470758,3.436250
1780300790.669632,,,BOARD_2,1,1,-62.000,1973.000,174.000,2449.000,56.000,2211.000,236.000,476.000,26.430000,7.064508,4.316250
1780300790.669632,,,BOARD_2,1,2,114.000,1941.000,350.000,2417.000,232.000,2179.000,236.000,476.000,26.430000,7.866592,4.462917
1780300790.669632,,,BOARD_2,1,3,-62.000,2165.000,174.000,2641.000,56.000,2403.000,236.000,476.000,26.430000,7.064508,3.436250
1780300790.669632,,,BOARD_2,1,4,466.000,1749.000,702.000,2225.000,584.000,1987.000,236.000,476.000,26.430000,9.470758,5.342917
1780300790.770394,,,BOARD_2,3,0,357.000,1650.000,593.000,2126.000,475.000,1888.000,236.000,476.000,26.430000,336.185714,5.796667
1780300790.770394,,,BOARD_2,3,1,485.000,1874.000,721.000,2350.000,603.000,2112.000,236.000,476.000,26.430000,336.769047,4.770000
1780300790.819265,,,BOARD_2,4,0,3649.000,1643.000,3885.000,2119.000,3767.000,1881.000,236.000,476.000,26.430000,350.787618,5.828750
1780300790.819265,,,BOARD_2,4,1,3719.000,1693.000,4183.000,2053.000,3951.000,1873.000,464.000,360.000,13.440000,351.626159,5.865417
1780300790.961356,,,BOARD_2,0,0,2832.000,1919.000,3080.000,2099.000,2956.000,2009.000,248.000,180.000,25.150000,39.029954,5.242083
1780300791.189134,,,BOARD_2,1,0,842.000,2157.000,1078.000,2633.000,960.000,2395.000,236.000,476.000,26.430000,11.184300,3.472917
1780300791.205344,,,BOARD_2,3,0,361.000,1632.000,597.000,2108.000,479.000,1870.000,236.000,476.000,26.430000,336.203943,5.879167
1780300791.432405,,,BOARD_2,0,0,3310.000,2155.000,3558.000,2335.000,3434.000,2245.000,248.000,180.000,25.150000,41.208340,4.160417
1780300791.579782,,,BOARD_2,1,0,300.000,2152.000,536.000,2628.000,418.000,2390.000,236.000,476.000,26.430000,8.714248,3.495833
1780300791.579782,,,BOARD_2,1,1,188.000,1960.000,424.000,2436.000,306.000,2198.000,236.000,476.000,26.430000,8.203831,4.375833
1780300791.612676,,,BOARD_2,3,0,98.000,1831.000,334.000,2307.000,216.000,2069.000,236.000,476.000,26.430000,335.005375,4.967083
1780300791.612676,,,BOARD_2,3,1,274.000,1607.000,510.000,2083.000,392.000,1845.000,236.000,476.000,26.430000,335.807458,5.993750
1780300791.612676,,,BOARD_2,3,2,98.000,1607.000,334.000,2083.000,216.000,1845.000,236.000,476.000,26.430000,335.005375,5.993750
1780300791.656243,,,BOARD_2,4,0,3553.000,2204.000,3789.000,2680.000,3671.000,2442.000,236.000,476.000,26.430000,350.350118,3.257500
1780300791.656243,,,BOARD_2,4,1,3505.000,1628.000,3741.000,2104.000,3623.000,1866.000,236.000,476.000,26.430000,350.131368,5.897500
1780300791.705786,,,BOARD_2,1,0,185.000,2153.000,421.000,2629.000,303.000,2391.000,236.000,476.000,26.430000,8.190159,3.491250
1780300791.705786,,,BOARD_2,1,1,297.000,2153.000,533.000,2629.000,415.000,2391.000,236.000,476.000,26.430000,8.700576,3.491250
1780300791.705786,,,BOARD_2,1,2,473.000,2121.000,709.000,2597.000,591.000,2359.000,236.000,476.000,26.430000,9.502659,3.637917
1780300791.705786,,,BOARD_2,1,3,863.000,2081.000,903.000,2133.000,883.000,2107.000,40.000,52.000,155.930000,10.833389,4.792917
1780300791.705786,,,BOARD_2,1,4,713.000,2169.000,949.000,2645.000,831.000,2407.000,236.000,476.000,26.430000,10.596409,3.417917
1780300791.884625,,,BOARD_2,3,0,1047.000,2201.000,1283.000,2677.000,1165.000,2439.000,236.000,476.000,26.430000,339.330245,3.271250
1780300791.895855,,,BOARD_2,4,0,2359.000,2079.000,2595.000,2555.000,2477.000,2317.000,236.000,476.000,26.430000,344.908711,3.830417
1780300791.956728,,,BOARD_2,1,0,837.000,2206.000,1073.000,2682.000,955.000,2444.000,236.000,476.000,26.430000,11.161514,3.248333
1780300791.956728,,,BOARD_2,1,1,981.000,2222.000,1217.000,2698.000,1099.000,2460.000,236.000,476.000,26.430000,11.817764,3.175000
1780300791.956728,,,BOARD_2,1,2,837.000,2014.000,1073.000,2490.000,955.000,2252.000,236.000,476.000,26.430000,11.161514,4.128333
1780300792.393717,,,BOARD_2,3,0,-20.000,1696.000,100.000,1940.000,40.000,1818.000,120.000,244.000,51.980000,334.203292,6.117500
1780300792.393717,,,BOARD_2,3,1,258.000,1580.000,494.000,2056.000,376.000,1818.000,236.000,476.000,26.430000,335.734542,6.117500
1780300792.393717,,,BOARD_2,3,2,612.000,2018.000,675.000,2138.000,643.500,2078.000,63.000,120.000,99.000000,336.953617,4.925833
1780300792.393717,,,BOARD_2,3,3,18.000,1852.000,254.000,2328.000,136.000,2090.000,236.000,476.000,26.430000,334.640792,4.870833
1780300792.503134,,,BOARD_2,4,0,3561.000,2209.000,3797.000,2685.000,3679.000,2447.000,236.000,476.000,26.430000,350.386576,3.234583
1780300792.546831,,,BOARD_2,1,0,838.000,2175.000,1074.000,2651.000,956.000,2413.000,236.000,476.000,26.430000,11.166071,3.390417
1780300792.546831,,,BOARD_2,1,1,879.000,2021.000,943.000,2141.000,911.000,2081.000,64.000,120.000,97.460000,10.960993,4.912083
1780300792.645059,,,BOARD_2,3,0,371.000,1633.000,607.000,2109.000,489.000,1871.000,236.000,476.000,26.430000,336.249516,5.874583
1780300792.645059,,,BOARD_2,3,1,41.000,1699.000,505.000,2059.000,273.000,1879.000,464.000,360.000,13.440000,335.265141,5.837917
1780300792.759187,,,BOARD_2,4,0,1175.000,1629.000,1411.000,2105.000,1293.000,1867.000,236.000,476.000,26.430000,339.512878,5.892917
1780300792.759187,,,BOARD_2,4,1,1287.000,1789.000,1523.000,2265.000,1405.000,2027.000,236.000,476.000,26.430000,340.023295,5.159583
1780300792.759187,,,BOARD_2,4,2,1287.000,1645.000,1523.000,2121.000,1405.000,1883.000,236.000,476.000,26.430000,340.023295,5.819583
1780300792.771145,,,BOARD_2,3,0,1054.000,2202.000,1290.000,2678.000,1172.000,2440.000,236.000,476.000,26.430000,339.362146,3.266667
1780300792.771145,,,BOARD_2,3,1,846.000,1642.000,1082.000,2118.000,964.000,1880.000,236.000,476.000,26.430000,338.414229,5.833333
1780300792.771145,,,BOARD_2,3,2,932.000,1692.000,1396.000,2052.000,1164.000,1872.000,464.000,360.000,13.440000,339.325688,5.870000
1780300792.804735,,,BOARD_2,1,0,473.000,2132.000,709.000,2608.000,591.000,2370.000,236.000,476.000,26.430000,9.502659,3.587500
1780300792.804735,,,BOARD_2,1,1,201.000,2180.000,437.000,2656.000,319.000,2418.000,236.000,476.000,26.430000,8.263076,3.367500
1780300792.804735,,,BOARD_2,1,2,249.000,1668.000,485.000,2144.000,367.000,1906.000,236.000,476.000,26.430000,8.481826,5.714167
1780300792.921497,,,BOARD_2,4,0,1297.000,1650.000,1533.000,2126.000,1415.000,1888.000,236.000,476.000,26.430000,340.068868,5.796667
1780300792.921497,,,BOARD_2,4,1,1297.000,1794.000,1533.000,2270.000,1415.000,2032.000,236.000,476.000,26.430000,340.068868,5.136667
1780300792.921497,,,BOARD_2,4,2,1137.000,1778.000,1373.000,2254.000,1255.000,2016.000,236.000,476.000,26.430000,339.339701,5.210000
1780300792.950320,,,BOARD_2,1,0,482.000,1744.000,718.000,2220.000,600.000,1982.000,236.000,476.000,26.430000,9.543675,5.365833
1780300792.950320,,,BOARD_2,1,1,482.000,2160.000,718.000,2636.000,600.000,2398.000,236.000,476.000,26.430000,9.543675,3.459167
1780300792.950320,,,BOARD_2,1,2,-62.000,1968.000,174.000,2444.000,56.000,2206.000,236.000,476.000,26.430000,7.064508,4.339167
1780300792.950320,,,BOARD_2,1,3,-62.000,2208.000,174.000,2684.000,56.000,2446.000,236.000,476.000,26.430000,7.064508,3.239167
1780300792.950320,,,BOARD_2,1,4,498.000,1632.000,734.000,2108.000,616.000,1870.000,236.000,476.000,26.430000,9.616592,5.879167
1780300793.038731,,,BOARD_2,3,0,1054.000,2206.000,1290.000,2682.000,1172.000,2444.000,236.000,476.000,26.430000,339.362146,3.248333
1780300793.038731,,,BOARD_2,3,1,916.000,1696.000,1380.000,2056.000,1148.000,1876.000,464.000,360.000,13.440000,339.252771,5.851667
1780300793.038731,,,BOARD_2,3,2,1438.000,2206.000,1674.000,2682.000,1556.000,2444.000,236.000,476.000,26.430000,341.112146,3.248333
1780300793.083745,,,BOARD_2,1,0,839.000,2172.000,1075.000,2648.000,957.000,2410.000,236.000,476.000,26.430000,11.170628,3.404167
1780300793.199311,,,BOARD_2,3,0,1058.000,2206.000,1294.000,2682.000,1176.000,2444.000,236.000,476.000,26.430000,339.380375,3.248333
1780300793.361297,,,BOARD_2,4,0,633.000,2031.000,869.000,2507.000,751.000,2269.000,236.000,476.000,26.430000,337.042826,4.050417
1780300793.474758,,,BOARD_2,1,0,300.000,2155.000,536.000,2631.000,418.000,2393.000,236.000,476.000,26.430000,8.714248,3.482083
1780300793.480879,,,BOARD_2,3,0,1439.000,2206.000,1675.000,2682.000,1557.000,2444.000,236.000,476.000,26.430000,341.116703,3.248333
1780300793.716749,,,BOARD_2,1,0,370.000,2157.000,606.000,2633.000,488.000,2395.000,236.000,476.000,26.430000,9.033258,3.472917
1780300793.716749,,,BOARD_2,1,1,616.000,2213.000,656.000,2265.000,636.000,2239.000,40.000,52.000,155.930000,9.707738,4.187917
1780300793.716749,,,BOARD_2,1,2,-62.000,1981.000,174.000,2457.000,56.000,2219.000,236.000,476.000,26.430000,7.064508,4.279583
1780300793.716749,,,BOARD_2,1,3,258.000,2061.000,494.000,2537.000,376.000,2299.000,236.000,476.000,26.430000,8.522842,3.912917
1780300793.716749,,,BOARD_2,1,4,-62.000,2173.000,174.000,2649.000,56.000,2411.000,236.000,476.000,26.430000,7.064508,3.399583
1780300793.780791,,,BOARD_2,4,0,1295.000,1649.000,1531.000,2125.000,1413.000,1887.000,236.000,476.000,26.430000,340.059753,5.801250
1780300793.780791,,,BOARD_2,4,1,1295.000,1793.000,1531.000,2269.000,1413.000,2031.000,236.000,476.000,26.430000,340.059753,5.141250
1780300793.780791,,,BOARD_2,4,2,1167.000,1633.000,1403.000,2109.000,1285.000,1871.000,236.000,476.000,26.430000,339.476420,5.874583
1780300793.865076,,,BOARD_2,1,0,839.000,2169.000,1075.000,2645.000,957.000,2407.000,236.000,476.000,26.430000,11.170628,3.417917
1780300793.865076,,,BOARD_2,1,1,1063.000,2057.000,1299.000,2533.000,1181.000,2295.000,236.000,476.000,26.430000,12.191461,3.931250
1780300793.881871,,,BOARD_2,3,0,1055.000,2206.000,1291.000,2682.000,1173.000,2444.000,236.000,476.000,26.430000,339.366703,3.248333
1780300793.986043,,,BOARD_2,3,0,1444.000,2147.000,1680.000,2623.000,1562.000,2385.000,236.000,476.000,26.430000,341.139490,3.518750
1780300794.153997,,,BOARD_2,4,0,3555.000,2205.000,3791.000,2681.000,3673.000,2443.000,236.000,476.000,26.430000,350.359232,3.252917
1780300794.153997,,,BOARD_2,4,1,3507.000,1629.000,3743.000,2105.000,3625.000,1867.000,236.000,476.000,26.430000,350.140482,5.892917
1780300794.316894,,,BOARD_2,3,0,1440.000,2143.000,1676.000,2619.000,1558.000,2381.000,236.000,476.000,26.430000,341.121260,3.537083
1780300794.316894,,,BOARD_2,3,1,1056.000,2143.000,1292.000,2619.000,1174.000,2381.000,236.000,476.000,26.430000,339.371260,3.537083
1780300794.394946,,,BOARD_2,4,0,1299.000,1650.000,1535.000,2126.000,1417.000,1888.000,236.000,476.000,26.430000,340.077982,5.796667
1780300794.394946,,,BOARD_2,4,1,1299.000,1794.000,1535.000,2270.000,1417.000,2032.000,236.000,476.000,26.430000,340.077982,5.136667
1780300794.511230,,,BOARD_2,1,0,482.000,2155.000,718.000,2631.000,600.000,2393.000,236.000,476.000,26.430000,9.543675,3.482083
1780300794.511230,,,BOARD_2,1,1,482.000,1803.000,718.000,2279.000,600.000,2041.000,236.000,476.000,26.430000,9.543675,5.095417
1780300794.511230,,,BOARD_2,1,2,-62.000,2027.000,174.000,2503.000,56.000,2265.000,236.000,476.000,26.430000,7.064508,4.068750
1780300794.511230,,,BOARD_2,1,3,178.000,2075.000,414.000,2551.000,296.000,2313.000,236.000,476.000,26.430000,8.158258,3.848750
1780300794.571202,,,BOARD_2,3,0,1446.000,2147.000,1682.000,2623.000,1564.000,2385.000,236.000,476.000,26.430000,341.148604,3.518750
1780300794.571202,,,BOARD_2,3,1,1496.000,2169.000,1560.000,2289.000,1528.000,2229.000,64.000,120.000,97.460000,340.984542,4.233750
1780300794.780746,,,BOARD_2,1,0,307.000,2180.000,543.000,2656.000,425.000,2418.000,236.000,476.000,26.430000,8.746149,3.367500
1780300794.780746,,,BOARD_2,1,1,195.000,2180.000,431.000,2656.000,313.000,2418.000,236.000,476.000,26.430000,8.235732,3.367500
1780300794.780746,,,BOARD_2,1,2,243.000,1668.000,479.000,2144.000,361.000,1906.000,236.000,476.000,26.430000,8.454482,5.714167
1780300794.926987,,,BOARD_2,4,0,3521.000,2210.000,3757.000,2686.000,3639.000,2448.000,236.000,476.000,26.430000,350.204284,3.230000
1780300794.926987,,,BOARD_2,4,1,3383.000,1700.000,3847.000,2060.000,3615.000,1880.000,464.000,360.000,13.440000,350.094909,5.833333
1780300794.965065,,,BOARD_2,3,0,1440.000,2142.000,1676.000,2618.000,1558.000,2380.000,236.000,476.000,26.430000,341.121260,3.541667
1780300794.965065,,,BOARD_2,3,1,1056.000,2142.000,1292.000,2618.000,1174.000,2380.000,236.000,476.000,26.430000,339.371260,3.541667
1780300795.025465,,,BOARD_2,1,0,307.000,2207.000,543.000,2683.000,425.000,2445.000,236.000,476.000,26.430000,8.746149,3.243750
1780300795.025465,,,BOARD_2,1,1,243.000,1647.000,479.000,2123.000,361.000,1885.000,236.000,476.000,26.430000,8.454482,5.810417
1780300795.382018,,,BOARD_2,3,0,1448.000,2147.000,1684.000,2623.000,1566.000,2385.000,236.000,476.000,26.430000,341.157719,3.518750
1780300795.382018,,,BOARD_2,3,1,1498.000,2169.000,1562.000,2289.000,1530.000,2229.000,64.000,120.000,97.460000,340.993656,4.233750
1780300795.382018,,,BOARD_2,3,2,1666.000,2135.000,1914.000,2315.000,1790.000,2225.000,248.000,180.000,25.150000,342.178552,4.252083
1780300795.409797,,,BOARD_2,1,0,482.000,2206.000,718.000,2682.000,600.000,2444.000,236.000,476.000,26.430000,9.543675,3.248333
1780300795.409797,,,BOARD_2,1,1,-62.000,1982.000,174.000,2458.000,56.000,2220.000,236.000,476.000,26.430000,7.064508,4.275000
1780300795.409797,,,BOARD_2,1,2,588.000,2130.000,708.000,2374.000,648.000,2252.000,120.000,244.000,51.980000,9.762425,4.128333
1780300795.409797,,,BOARD_2,1,3,258.000,2062.000,494.000,2538.000,376.000,2300.000,236.000,476.000,26.430000,8.522842,3.908333
1780300795.409797,,,BOARD_2,1,4,-62.000,2174.000,174.000,2650.000,56.000,2412.000,236.000,476.000,26.430000,7.064508,3.395000
1780300795.409797,,,BOARD_2,1,5,82.000,2206.000,318.000,2682.000,200.000,2444.000,236.000,476.000,26.430000,7.720758,3.248333
1780300795.497541,,,BOARD_2,4,0,3555.000,2204.000,3791.000,2680.000,3673.000,2442.000,236.000,476.000,26.430000,350.359232,3.257500
1780300795.497541,,,BOARD_2,4,1,3507.000,1628.000,3743.000,2104.000,3625.000,1866.000,236.000,476.000,26.430000,350.140482,5.897500
1780300795.627422,,,BOARD_2,1,0,298.000,2153.000,534.000,2629.000,416.000,2391.000,236.000,476.000,26.430000,8.705133,3.491250
1780300795.740846,,,BOARD_2,3,0,1064.000,2178.000,1300.000,2654.000,1182.000,2416.000,236.000,476.000,26.430000,339.407719,3.376667
1780300795.740846,,,BOARD_2,3,1,1010.000,2310.000,1130.000,2554.000,1070.000,2432.000,120.000,244.000,51.980000,338.897302,3.303333
1780300795.740846,,,BOARD_2,3,2,1448.000,2178.000,1684.000,2654.000,1566.000,2416.000,236.000,476.000,26.430000,341.157719,3.376667
1780300795.747177,,,BOARD_2,4,0,3521.000,2210.000,3757.000,2686.000,3639.000,2448.000,236.000,476.000,26.430000,350.204284,3.230000
1780300795.747177,,,BOARD_2,4,1,3505.000,1634.000,3741.000,2110.000,3623.000,1872.000,236.000,476.000,26.430000,350.131368,5.870000
1780300795.862442,,,BOARD_2,1,0,402.000,2203.000,638.000,2679.000,520.000,2441.000,236.000,476.000,26.430000,9.179092,3.262083
1780300795.862442,,,BOARD_2,1,1,418.000,1883.000,654.000,2359.000,536.000,2121.000,236.000,476.000,26.430000,9.252008,4.728750
1780300795.862442,,,BOARD_2,1,2,-62.000,2155.000,174.000,2631.000,56.000,2393.000,236.000,476.000,26.430000,7.064508,3.482083
1780300795.862442,,,BOARD_2,1,3,232.000,1693.000,696.000,2053.000,464.000,1873.000,464.000,360.000,13.440000,8.923883,5.865417
1780300795.955775,,,BOARD_2,3,0,1448.000,2148.000,1684.000,2624.000,1566.000,2386.000,236.000,476.000,26.430000,341.157719,3.514167
1780300795.999410,,,BOARD_2,4,0,515.000,2082.000,751.000,2558.000,633.000,2320.000,236.000,476.000,26.430000,336.505066,3.816667
1780300796.118305,,,BOARD_2,1,0,843.000,2188.000,1079.000,2664.000,961.000,2426.000,236.000,476.000,26.430000,11.188857,3.330833
1780300796.118305,,,BOARD_2,1,1,1067.000,2060.000,1303.000,2536.000,1185.000,2298.000,236.000,476.000,26.430000,12.209691,3.917500
1780300796.210985,,,BOARD_2,3,0,1053.000,2141.000,1289.000,2617.000,1171.000,2379.000,236.000,476.000,26.430000,339.357589,3.546250
1780300796.210985,,,BOARD_2,3,1,1453.000,2141.000,1689.000,2617.000,1571.000,2379.000,236.000,476.000,26.430000,341.180505,3.546250
1780300796.388719,,,BOARD_2,4,0,3516.000,2206.000,3752.000,2682.000,3634.000,2444.000,236.000,476.000,26.430000,350.181498,3.248333
1780300796.388719,,,BOARD_2,4,1,3500.000,1630.000,3736.000,2106.000,3618.000,1868.000,236.000,476.000,26.430000,350.108581,5.888333
1780300796.475684,,,BOARD_2,0,0,184.000,2022.000,224.000,2073.000,204.000,2047.500,40.000,51.000,155.930000,26.488287,5.065625
1780300796.600807,,,BOARD_2,1,0,479.000,2120.000,715.000,2596.000,597.000,2358.000,236.000,476.000,26.430000,9.530003,3.642500
1780300796.600807,,,BOARD_2,1,1,207.000,2152.000,443.000,2628.000,325.000,2390.000,236.000,476.000,26.430000,8.290420,3.495833
1780300796.683226,,,BOARD_2,3,0,1449.000,2147.000,1685.000,2623.000,1567.000,2385.000,236.000,476.000,26.430000,341.162276,3.518750
1780300796.776431,,,BOARD_2,4,0,3515.000,2210.000,3751.000,2686.000,3633.000,2448.000,236.000,476.000,26.430000,350.176941,3.230000
1780300796.776431,,,BOARD_2,4,1,3499.000,1634.000,3735.000,2110.000,3617.000,1872.000,236.000,476.000,26.430000,350.104024,5.870000
1780300796.864423,,,BOARD_2,1,0,-62.000,1946.000,174.000,2422.000,56.000,2184.000,236.000,476.000,26.430000,7.064508,4.440000
1780300796.864423,,,BOARD_2,1,1,354.000,2090.000,590.000,2566.000,472.000,2328.000,236.000,476.000,26.430000,8.960342,3.780000
1780300796.864423,,,BOARD_2,1,2,242.000,1994.000,478.000,2470.000,360.000,2232.000,236.000,476.000,26.430000,8.449925,4.220000
1780300796.864423,,,BOARD_2,1,3,514.000,1898.000,750.000,2374.000,632.000,2136.000,236.000,476.000,26.430000,9.689508,4.660000
1780300796.864423,,,BOARD_2,1,4,98.000,2058.000,334.000,2534.000,216.000,2296.000,236.000,476.000,26.430000,7.793675,3.926667
1780300796.864423,,,BOARD_2,1,5,66.000,1898.000,302.000,2374.000,184.000,2136.000,236.000,476.000,26.430000,7.647842,4.660000
1780300797.042827,,,BOARD_2,3,0,1451.000,2147.000,1687.000,2623.000,1569.000,2385.000,236.000,476.000,26.430000,341.171391,3.518750
1780300797.217442,,,BOARD_2,1,0,308.000,2153.000,544.000,2629.000,426.000,2391.000,236.000,476.000,26.430000,8.750706,3.491250
1780300797.217442,,,BOARD_2,1,1,484.000,2121.000,720.000,2597.000,602.000,2359.000,236.000,476.000,26.430000,9.552790,3.637917
1780300797.217442,,,BOARD_2,1,2,228.000,1833.000,464.000,2309.000,346.000,2071.000,236.000,476.000,26.430000,8.386123,4.957917
1780300797.283296,,,BOARD_2,3,0,1066.000,2144.000,1302.000,2620.000,1184.000,2382.000,236.000,476.000,26.430000,339.416833,3.532500
1780300797.283296,,,BOARD_2,3,1,1450.000,2144.000,1686.000,2620.000,1568.000,2382.000,236.000,476.000,26.430000,341.166833,3.532500
1780300797.430968,,,BOARD_2,4,0,3556.000,2202.000,3792.000,2678.000,3674.000,2440.000,236.000,476.000,26.430000,350.363790,3.266667
1780300797.567269,,,BOARD_2,1,0,484.000,2106.000,720.000,2582.000,602.000,2344.000,236.000,476.000,26.430000,9.552790,3.706667
1780300797.567269,,,BOARD_2,1,1,308.000,2154.000,544.000,2630.000,426.000,2392.000,236.000,476.000,26.430000,8.750706,3.486667
1780300797.567269,,,BOARD_2,1,2,244.000,1674.000,480.000,2150.000,362.000,1912.000,236.000,476.000,26.430000,8.459040,5.686667
1780300797.567269,,,BOARD_2,1,3,228.000,1850.000,464.000,2326.000,346.000,2088.000,236.000,476.000,26.430000,8.386123,4.880000
1780300797.567269,,,BOARD_2,1,4,324.000,1882.000,560.000,2358.000,442.000,2120.000,236.000,476.000,26.430000,8.823623,4.733333
1780300797.644056,,,BOARD_2,3,0,1449.000,2146.000,1685.000,2622.000,1567.000,2384.000,236.000,476.000,26.430000,341.162276,3.523333
1780300797.703621,,,BOARD_2,4,0,633.000,2080.000,869.000,2556.000,751.000,2318.000,236.000,476.000,26.430000,337.042826,3.825833
1780300797.904820,,,BOARD_2,1,0,824.000,2156.000,1060.000,2632.000,942.000,2394.000,236.000,476.000,26.430000,11.102269,3.477500
1780300797.904820,,,BOARD_2,1,1,792.000,1836.000,1028.000,2312.000,910.000,2074.000,236.000,476.000,26.430000,10.956435,4.944167
1780300798.018928,,,BOARD_2,3,0,1053.000,2181.000,1289.000,2657.000,1171.000,2419.000,236.000,476.000,26.430000,339.357589,3.362917
1780300798.078153,,,BOARD_2,4,0,3554.000,2202.000,3790.000,2678.000,3672.000,2440.000,236.000,476.000,26.430000,350.354675,3.266667
1780300798.246341,,,BOARD_2,1,0,498.000,1729.000,734.000,2205.000,616.000,1967.000,236.000,476.000,26.430000,9.616592,5.434583
1780300798.246341,,,BOARD_2,1,1,-46.000,2161.000,190.000,2637.000,72.000,2399.000,236.000,476.000,26.430000,7.137425,3.454583
1780300798.246341,,,BOARD_2,1,2,-62.000,1985.000,174.000,2461.000,56.000,2223.000,236.000,476.000,26.430000,7.064508,4.261250
1780300798.263722,,,BOARD_2,3,0,1450.000,2148.000,1686.000,2624.000,1568.000,2386.000,236.000,476.000,26.430000,341.166833,3.514167
1780300798.263722,,,BOARD_2,3,1,1508.000,2170.000,1572.000,2290.000,1540.000,2230.000,64.000,120.000,97.460000,341.039229,4.229167
1780300798.436337,,,BOARD_2,4,0,3553.000,2203.000,3789.000,2679.000,3671.000,2441.000,236.000,476.000,26.430000,350.350118,3.262083
1780300798.436337,,,BOARD_2,4,1,3505.000,1627.000,3741.000,2103.000,3623.000,1865.000,236.000,476.000,26.430000,350.131368,5.902083
1780300798.467980,,,BOARD_2,1,0,315.000,2153.000,551.000,2629.000,433.000,2391.000,236.000,476.000,26.430000,8.782607,3.491250
1780300798.467980,,,BOARD_2,1,1,491.000,2121.000,727.000,2597.000,609.000,2359.000,236.000,476.000,26.430000,9.584691,3.637917
1780300798.467980,,,BOARD_2,1,2,235.000,1833.000,471.000,2309.000,353.000,2071.000,236.000,476.000,26.430000,8.418024,4.957917
1780300798.636240,,,BOARD_2,3,0,1446.000,2148.000,1682.000,2624.000,1564.000,2386.000,236.000,476.000,26.430000,341.148604,3.514167
1780300798.636240,,,BOARD_2,3,1,1504.000,2170.000,1568.000,2290.000,1536.000,2230.000,64.000,120.000,97.460000,341.021000,4.229167
1780300798.836530,,,BOARD_2,1,0,229.000,1880.000,465.000,2356.000,347.000,2118.000,236.000,476.000,26.430000,8.390680,4.742500
1780300798.997949,,,BOARD_2,3,0,1447.000,2147.000,1683.000,2623.000,1565.000,2385.000,236.000,476.000,26.430000,341.153161,3.518750
1780300798.997949,,,BOARD_2,3,1,1497.000,2169.000,1561.000,2289.000,1529.000,2229.000,64.000,120.000,97.460000,340.989099,4.233750
1780300799.207082,,,BOARD_2,1,0,269.000,2127.000,333.000,2247.000,301.000,2187.000,64.000,120.000,97.460000,8.181045,4.426250
1780300799.207082,,,BOARD_2,1,1,627.000,2153.000,863.000,2629.000,745.000,2391.000,236.000,476.000,26.430000,10.204482,3.491250
1780300799.356705,,,BOARD_2,3,0,1445.000,2146.000,1681.000,2622.000,1563.000,2384.000,236.000,476.000,26.430000,341.144047,3.523333
1780300799.583919,,,BOARD_2,1,0,1064.000,1939.000,1300.000,2415.000,1182.000,2177.000,236.000,476.000,26.430000,12.196019,4.472083
1780300799.738422,,,BOARD_2,1,0,162.000,2012.000,398.000,2488.000,280.000,2250.000,236.000,476.000,26.430000,8.085342,4.137500
1780300799.738422,,,BOARD_2,1,1,-62.000,2028.000,174.000,2504.000,56.000,2266.000,236.000,476.000,26.430000,7.064508,4.064167
1780300799.771623,,,BOARD_2,3,0,1443.000,2167.000,1679.000,2643.000,1561.000,2405.000,236.000,476.000,26.430000,341.134932,3.427083
1780300799.880630,,,BOARD_2,3,0,1442.000,2150.000,1678.000,2626.000,1560.000,2388.000,236.000,476.000,26.430000,341.130375,3.505000
1780300799.880630,,,BOARD_2,3,1,1492.000,2172.000,1556.000,2292.000,1524.000,2232.000,64.000,120.000,97.460000,340.966313,4.220000
1780300799.968268,,,BOARD_2,4,0,632.000,2080.000,868.000,2556.000,750.000,2318.000,236.000,476.000,26.430000,337.038269,3.825833
1780300800.118026,,,BOARD_2,3,0,1443.000,2146.000,1679.000,2622.000,1561.000,2384.000,236.000,476.000,26.430000,341.134932,3.523333
1780300800.205783,,,BOARD_2,4,0,495.000,2098.000,731.000,2574.000,613.000,2336.000,236.000,476.000,26.430000,336.413920,3.743333
1780300800.340248,,,BOARD_2,1,0,1079.000,1937.000,1315.000,2413.000,1197.000,2175.000,236.000,476.000,26.430000,12.264378,4.481250
1780300800.480794,,,BOARD_2,3,0,1007.000,2313.000,1127.000,2557.000,1067.000,2435.000,120.000,244.000,51.980000,338.883630,3.289583
1780300800.480794,,,BOARD_2,3,1,1445.000,2181.000,1681.000,2657.000,1563.000,2419.000,236.000,476.000,26.430000,341.144047,3.362917
1780300800.832324,,,BOARD_2,3,0,1443.000,2147.000,1679.000,2623.000,1561.000,2385.000,236.000,476.000,26.430000,341.134932,3.518750
1780300800.953651,,,BOARD_2,1,0,350.000,1820.000,586.000,2296.000,468.000,2058.000,236.000,476.000,26.430000,8.942113,5.017500
1780300800.953651,,,BOARD_2,1,1,926.000,2012.000,1162.000,2488.000,1044.000,2250.000,236.000,476.000,26.430000,11.567113,4.137500
1780300801.068524,,,BOARD_2,3,0,1442.000,2146.000,1678.000,2622.000,1560.000,2384.000,236.000,476.000,26.430000,341.130375,3.523333
1780300801.116923,,,BOARD_2,4,0,2358.000,2079.000,2594.000,2555.000,2476.000,2317.000,236.000,476.000,26.430000,344.904154,3.830417
1780300801.321849,,,BOARD_2,3,0,1440.000,2146.000,1676.000,2622.000,1558.000,2384.000,236.000,476.000,26.430000,341.121260,3.523333
1780300801.375381,,,BOARD_2,4,0,1369.000,1839.000,1605.000,2315.000,1487.000,2077.000,236.000,476.000,26.430000,340.396993,4.930417
1780300801.375381,,,BOARD_2,4,1,1561.000,2207.000,1797.000,2683.000,1679.000,2445.000,236.000,476.000,26.430000,341.271993,3.243750
1780300801.581921,,,BOARD_2,1,0,363.000,2019.000,599.000,2495.000,481.000,2257.000,236.000,476.000,26.430000,9.001357,4.105417
1780300801.664853,,,BOARD_2,3,0,1441.000,2146.000,1677.000,2622.000,1559.000,2384.000,236.000,476.000,26.430000,341.125818,3.523333
1780300801.808222,,,BOARD_2,1,0,370.000,1954.000,606.000,2430.000,488.000,2192.000,236.000,476.000,26.430000,9.033258,4.403333
1780300801.808222,,,BOARD_2,1,1,162.000,1890.000,398.000,2366.000,280.000,2128.000,236.000,476.000,26.430000,8.085342,4.696667
1780300801.917097,,,BOARD_2,3,0,1440.000,2148.000,1676.000,2624.000,1558.000,2386.000,236.000,476.000,26.430000,341.121260,3.514167
1780300802.006666,,,BOARD_2,4,0,3515.000,2207.000,3751.000,2683.000,3633.000,2445.000,236.000,476.000,26.430000,350.176941,3.243750
1780300802.006666,,,BOARD_2,4,1,3409.000,1697.000,3873.000,2057.000,3641.000,1877.000,464.000,360.000,13.440000,350.213399,5.847083
1780300802.179764,,,BOARD_2,1,0,386.000,1950.000,622.000,2426.000,504.000,2188.000,236.000,476.000,26.430000,9.106175,4.421667
1780300802.179764,,,BOARD_2,1,1,-46.000,2062.000,190.000,2538.000,72.000,2300.000,236.000,476.000,26.430000,7.137425,3.908333
1780300802.179764,,,BOARD_2,1,2,194.000,1918.000,430.000,2394.000,312.000,2156.000,236.000,476.000,26.430000,8.231175,4.568333
1780300802.179764,,,BOARD_2,1,3,354.000,1790.000,590.000,2266.000,472.000,2028.000,236.000,476.000,26.430000,8.960342,5.155000
1780300802.275380,,,BOARD_2,3,0,1442.000,2141.000,1678.000,2617.000,1560.000,2379.000,236.000,476.000,26.430000,341.130375,3.546250
1780300802.544492,,,BOARD_2,1,0,146.000,1915.000,382.000,2391.000,264.000,2153.000,236.000,476.000,26.430000,8.012425,4.582083
1780300802.544492,,,BOARD_2,1,1,498.000,2139.000,734.000,2615.000,616.000,2377.000,236.000,476.000,26.430000,9.616592,3.555417
1780300802.638446,,,BOARD_2,3,0,1445.000,2147.000,1681.000,2623.000,1563.000,2385.000,236.000,476.000,26.430000,341.144047,3.518750
1780300802.638446,,,BOARD_2,3,1,1495.000,2169.000,1559.000,2289.000,1527.000,2229.000,64.000,120.000,97.460000,340.979984,4.233750
1780300802.788003,,,BOARD_2,1,0,556.000,1968.000,792.000,2444.000,674.000,2206.000,236.000,476.000,26.430000,9.880915,4.339167
1780300803.155243,,,BOARD_2,1,0,635.000,1969.000,871.000,2445.000,753.000,2207.000,236.000,476.000,26.430000,10.240941,4.334583
1780300803.172061,,,BOARD_2,4,0,494.000,2081.000,730.000,2557.000,612.000,2319.000,236.000,476.000,26.430000,336.409362,3.821250
1780300803.247213,,,BOARD_2,3,0,1445.000,2147.000,1681.000,2623.000,1563.000,2385.000,236.000,476.000,26.430000,341.144047,3.518750
1780300803.435555,,,BOARD_2,1,0,402.000,1938.000,638.000,2414.000,520.000,2176.000,236.000,476.000,26.430000,9.179092,4.476667
1780300803.435555,,,BOARD_2,1,1,-46.000,2066.000,190.000,2542.000,72.000,2304.000,236.000,476.000,26.430000,7.137425,3.890000
1780300803.435555,,,BOARD_2,1,2,194.000,1906.000,430.000,2382.000,312.000,2144.000,236.000,476.000,26.430000,8.231175,4.623333
1780300803.435555,,,BOARD_2,1,3,514.000,1746.000,750.000,2222.000,632.000,1984.000,236.000,476.000,26.430000,9.689508,5.356667
1780300803.479963,,,BOARD_2,3,0,1064.000,2179.000,1300.000,2655.000,1182.000,2417.000,236.000,476.000,26.430000,339.407719,3.372083
1780300803.479963,,,BOARD_2,3,1,952.000,2179.000,1188.000,2655.000,1070.000,2417.000,236.000,476.000,26.430000,338.897302,3.372083
1780300803.576864,,,BOARD_2,4,0,487.000,2097.000,723.000,2573.000,605.000,2335.000,236.000,476.000,26.430000,336.377461,3.747917
1780300803.818179,,,BOARD_2,4,0,526.000,2208.000,762.000,2684.000,644.000,2446.000,236.000,476.000,26.430000,336.555196,3.239167
1780300803.818179,,,BOARD_2,4,1,664.000,2190.000,727.000,2310.000,695.500,2250.000,63.000,120.000,99.000000,336.789896,4.137500
1780300803.924333,,,BOARD_2,1,0,573.000,1953.000,809.000,2429.000,691.000,2191.000,236.000,476.000,26.430000,9.958389,4.407917
1780300804.099358,,,BOARD_2,4,0,2349.000,1982.000,2585.000,2458.000,2467.000,2220.000,236.000,476.000,26.430000,344.863139,4.275000
1780300804.269295,,,BOARD_2,1,0,305.000,1875.000,369.000,1995.000,337.000,1935.000,64.000,120.000,97.460000,8.345107,5.581250
1780300804.269295,,,BOARD_2,1,1,297.000,1723.000,361.000,1842.000,329.000,1782.500,64.000,119.000,97.460000,8.308649,6.280208
1780300804.269295,,,BOARD_2,1,2,640.000,1909.000,876.000,2385.000,758.000,2147.000,236.000,476.000,26.430000,10.263727,4.609583
1780300804.269295,,,BOARD_2,1,3,320.000,1893.000,556.000,2369.000,438.000,2131.000,236.000,476.000,26.430000,8.805394,4.682917
1780300804.447760,,,BOARD_2,3,0,1437.000,2139.000,1673.000,2615.000,1555.000,2377.000,236.000,476.000,26.430000,341.107589,3.555417
1780300804.447760,,,BOARD_2,3,1,1069.000,1931.000,1305.000,2407.000,1187.000,2169.000,236.000,476.000,26.430000,339.430505,4.508750
1780300804.690828,,,BOARD_2,3,0,1453.000,2161.000,1689.000,2637.000,1571.000,2399.000,236.000,476.000,26.430000,341.180505,3.454583
1780300804.853619,,,BOARD_2,4,0,3502.000,1630.000,3738.000,2106.000,3620.000,1868.000,236.000,476.000,26.430000,350.117696,5.888333
1780300804.853619,,,BOARD_2,4,1,3518.000,2206.000,3754.000,2682.000,3636.000,2444.000,236.000,476.000,26.430000,350.190612,3.248333
1780300805.059163,,,BOARD_2,3,0,1438.000,2146.000,1674.000,2622.000,1556.000,2384.000,236.000,476.000,26.430000,341.112146,3.523333
1780300805.059163,,,BOARD_2,3,1,1736.000,2278.000,1856.000,2522.000,1796.000,2400.000,120.000,244.000,51.980000,342.205896,3.450000
1780300805.097479,,,BOARD_2,4,0,488.000,2208.000,724.000,2684.000,606.000,2446.000,236.000,476.000,26.430000,336.382019,3.239167
1780300805.305364,,,BOARD_2,1,0,252.000,2100.000,488.000,2576.000,370.000,2338.000,236.000,476.000,26.430000,8.495498,3.734167
1780300805.305364,,,BOARD_2,1,1,870.000,1992.000,990.000,2236.000,930.000,2114.000,120.000,244.000,51.980000,11.047581,4.760833
1780300805.316409,,,BOARD_2,3,0,1440.000,2146.000,1676.000,2622.000,1558.000,2384.000,236.000,476.000,26.430000,341.121260,3.523333
1780300805.506113,,,BOARD_2,4,0,3507.000,1628.000,3743.000,2104.000,3625.000,1866.000,236.000,476.000,26.430000,350.140482,5.897500
1780300805.506113,,,BOARD_2,4,1,3507.000,2204.000,3743.000,2680.000,3625.000,2442.000,236.000,476.000,26.430000,350.140482,3.257500
1780300805.544554,,,BOARD_2,3,0,1441.000,2123.000,1677.000,2599.000,1559.000,2361.000,236.000,476.000,26.430000,341.125818,3.628750
1780300805.544554,,,BOARD_2,3,1,1089.000,1979.000,1325.000,2455.000,1207.000,2217.000,236.000,476.000,26.430000,339.521651,4.288750
1780300805.723435,,,BOARD_2,1,0,-46.000,1786.000,190.000,2262.000,72.000,2024.000,236.000,476.000,26.430000,7.137425,5.173333
1780300805.908029,,,BOARD_2,3,0,1441.000,2146.000,1677.000,2622.000,1559.000,2384.000,236.000,476.000,26.430000,341.125818,3.523333
1780300805.908029,,,BOARD_2,3,1,1491.000,2168.000,1555.000,2288.000,1523.000,2228.000,64.000,120.000,97.460000,340.961755,4.238333
1780300806.087866,,,BOARD_2,1,0,565.000,1969.000,801.000,2445.000,683.000,2207.000,236.000,476.000,26.430000,9.921930,4.334583
1780300806.264795,,,BOARD_2,3,0,1433.000,2139.000,1669.000,2615.000,1551.000,2377.000,236.000,476.000,26.430000,341.089359,3.555417
1780300806.319052,,,BOARD_2,1,0,258.000,1877.000,494.000,2353.000,376.000,2115.000,236.000,476.000,26.430000,8.522842,4.756250
1780300806.513752,,,BOARD_2,3,0,1440.000,2146.000,1676.000,2622.000,1558.000,2384.000,236.000,476.000,26.430000,341.121260,3.523333
1780300806.513752,,,BOARD_2,3,1,1490.000,2168.000,1554.000,2288.000,1522.000,2228.000,64.000,120.000,97.460000,340.957198,4.238333
1780300806.573812,,,BOARD_2,1,0,1072.000,1953.000,1308.000,2429.000,1190.000,2191.000,236.000,476.000,26.430000,12.232477,4.407917
1780300806.573812,,,BOARD_2,1,1,528.000,2033.000,764.000,2509.000,646.000,2271.000,236.000,476.000,26.430000,9.753310,4.041250
1780300806.757610,,,BOARD_2,3,0,1743.000,2384.000,1806.000,2504.000,1774.500,2444.000,63.000,120.000,99.000000,342.107914,3.248333
1780300806.757610,,,BOARD_2,3,1,1085.000,1818.000,1321.000,2294.000,1203.000,2056.000,236.000,476.000,26.430000,339.503422,5.026667
1780300806.779811,,,BOARD_2,4,0,3527.000,2203.000,3763.000,2679.000,3645.000,2441.000,236.000,476.000,26.430000,350.231628,3.262083
1780300806.779811,,,BOARD_2,4,1,3511.000,1643.000,3747.000,2119.000,3629.000,1881.000,236.000,476.000,26.430000,350.158711,5.828750
1780300806.925721,,,BOARD_2,1,0,-46.000,1974.000,190.000,2450.000,72.000,2212.000,236.000,476.000,26.430000,7.137425,4.311667
1780300806.925721,,,BOARD_2,1,1,338.000,1670.000,574.000,2146.000,456.000,1908.000,236.000,476.000,26.430000,8.887425,5.705000
1780300806.925721,,,BOARD_2,1,2,524.000,2026.000,772.000,2206.000,648.000,2116.000,248.000,180.000,25.150000,9.762425,4.751667
1780300806.925721,,,BOARD_2,1,3,98.000,1830.000,334.000,2306.000,216.000,2068.000,236.000,476.000,26.430000,7.793675,4.971667
1780300807.109676,,,BOARD_2,3,0,1436.000,2173.000,1672.000,2649.000,1554.000,2411.000,236.000,476.000,26.430000,341.103031,3.399583
1780300807.109676,,,BOARD_2,3,1,1084.000,2013.000,1320.000,2489.000,1202.000,2251.000,236.000,476.000,26.430000,339.498865,4.132917
1780300807.109676,,,BOARD_2,3,2,1762.000,2405.000,1802.000,2457.000,1782.000,2431.000,40.000,52.000,155.930000,342.142094,3.307917
1780300807.137189,,,BOARD_2,4,0,3560.000,2207.000,3796.000,2683.000,3678.000,2445.000,236.000,476.000,26.430000,350.382019,3.243750
1780300807.408927,,,BOARD_2,1,0,258.000,1822.000,494.000,2298.000,376.000,2060.000,236.000,476.000,26.430000,8.522842,5.008333
1780300807.408927,,,BOARD_2,1,1,402.000,1646.000,638.000,2122.000,520.000,1884.000,236.000,476.000,26.430000,9.179092,5.815000
1780300807.468708,,,BOARD_2,3,0,1438.000,2147.000,1674.000,2623.000,1556.000,2385.000,236.000,476.000,26.430000,341.112146,3.518750
1780300807.468708,,,BOARD_2,3,1,1488.000,2169.000,1552.000,2289.000,1520.000,2229.000,64.000,120.000,97.460000,340.948083,4.233750
1780300807.680091,,,BOARD_2,1,0,226.000,1937.000,462.000,2413.000,344.000,2175.000,236.000,476.000,26.430000,8.377008,4.481250
1780300807.680091,,,BOARD_2,1,1,514.000,1745.000,750.000,2221.000,632.000,1983.000,236.000,476.000,26.430000,9.689508,5.361250
1780300807.680091,,,BOARD_2,1,2,418.000,1953.000,654.000,2429.000,536.000,2191.000,236.000,476.000,26.430000,9.252008,4.407917
1780300807.958081,,,BOARD_2,3,0,347.000,1632.000,583.000,2108.000,465.000,1870.000,236.000,476.000,26.430000,336.140141,5.879167
1780300808.126554,,,BOARD_2,4,0,3553.000,2206.000,3789.000,2682.000,3671.000,2444.000,236.000,476.000,26.430000,350.350118,3.248333
1780300808.126554,,,BOARD_2,4,1,3505.000,1630.000,3741.000,2106.000,3623.000,1868.000,236.000,476.000,26.430000,350.131368,5.888333
1780300808.154176,,,BOARD_2,1,0,146.000,2048.000,382.000,2524.000,264.000,2286.000,236.000,476.000,26.430000,8.012425,3.972500
1780300808.154176,,,BOARD_2,1,1,386.000,1792.000,622.000,2268.000,504.000,2030.000,236.000,476.000,26.430000,9.106175,5.145833
1780300808.154176,,,BOARD_2,1,2,-30.000,2048.000,206.000,2524.000,88.000,2286.000,236.000,476.000,26.430000,7.210342,3.972500
1780300808.313269,,,BOARD_2,3,0,1436.000,2146.000,1672.000,2622.000,1554.000,2384.000,236.000,476.000,26.430000,341.103031,3.523333
1780300808.526061,,,BOARD_2,1,0,332.000,1972.000,568.000,2448.000,450.000,2210.000,236.000,476.000,26.430000,8.860081,4.320833
1780300808.526061,,,BOARD_2,1,1,844.000,1972.000,1080.000,2448.000,962.000,2210.000,236.000,476.000,26.430000,11.193415,4.320833
1780300808.526061,,,BOARD_2,1,2,300.000,1796.000,536.000,2272.000,418.000,2034.000,236.000,476.000,26.430000,8.714248,5.127500
1780300808.526061,,,BOARD_2,1,3,540.000,1940.000,776.000,2416.000,658.000,2178.000,236.000,476.000,26.430000,9.807998,4.467500
1780300808.664649,,,BOARD_2,3,0,1432.000,2146.000,1668.000,2622.000,1550.000,2384.000,236.000,476.000,26.430000,341.084802,3.523333
1780300808.664649,,,BOARD_2,3,1,1490.000,2168.000,1554.000,2288.000,1522.000,2228.000,64.000,120.000,97.460000,340.957198,4.238333
1780300808.712308,,,BOARD_2,4,0,533.000,2207.000,769.000,2683.000,651.000,2445.000,236.000,476.000,26.430000,336.587097,3.243750
1780300819.324626,,,BOARD_2,4,0,348.000,2384.000,596.000,2564.000,472.000,2474.000,248.000,180.000,25.150000,335.771342,3.110833
1780300819.532299,,,BOARD_2,1,0,861.000,2080.000,901.000,2132.000,881.000,2106.000,40.000,52.000,155.930000,10.824274,4.797500
1780300819.532299,,,BOARD_2,1,1,311.000,2152.000,547.000,2628.000,429.000,2390.000,236.000,476.000,26.430000,8.764378,3.495833
1780300819.532299,,,BOARD_2,1,2,279.000,1912.000,515.000,2388.000,397.000,2150.000,236.000,476.000,26.430000,8.618545,4.595833
1780300819.532299,,,BOARD_2,1,3,471.000,2104.000,707.000,2580.000,589.000,2342.000,236.000,476.000,26.430000,9.493545,3.715833
1780300819.532299,,,BOARD_2,1,4,231.000,1752.000,467.000,2228.000,349.000,1990.000,236.000,476.000,26.430000,8.399795,5.329167
1780300819.532299,,,BOARD_2,1,5,183.000,1960.000,419.000,2436.000,301.000,2198.000,236.000,476.000,26.430000,8.181045,4.375833
1780300819.586935,,,BOARD_2,4,0,3554.000,2202.000,3790.000,2678.000,3672.000,2440.000,236.000,476.000,26.430000,350.354675,3.266667
1780300819.760778,,,BOARD_2,3,0,383.000,1634.000,619.000,2110.000,501.000,1872.000,236.000,476.000,26.430000,336.304203,5.870000
1780300819.760778,,,BOARD_2,3,1,741.000,1700.000,1205.000,2060.000,973.000,1880.000,464.000,360.000,13.440000,338.455245,5.833333
1780300819.935042,,,BOARD_2,4,0,2356.000,1982.000,2592.000,2458.000,2474.000,2220.000,236.000,476.000,26.430000,344.895040,4.275000
1780300820.022562,,,BOARD_2,1,0,308.000,2153.000,544.000,2629.000,426.000,2391.000,236.000,476.000,26.430000,8.750706,3.491250
1780300820.022562,,,BOARD_2,1,1,180.000,2153.000,416.000,2629.000,298.000,2391.000,236.000,476.000,26.430000,8.167373,3.491250
1780300820.022562,,,BOARD_2,1,2,812.000,2061.000,944.000,2153.000,878.000,2107.000,132.000,92.000,47.250000,10.810602,4.792917
1780300820.093232,,,BOARD_2,3,0,98.000,1594.000,334.000,2070.000,216.000,1832.000,236.000,476.000,26.430000,335.005375,6.053333
1780300820.191509,,,BOARD_2,4,0,3709.000,1698.000,4173.000,2058.000,3941.000,1878.000,464.000,360.000,13.440000,351.580586,5.842500
1780300820.270776,,,BOARD_2,1,0,482.000,2178.000,718.000,2654.000,600.000,2416.000,236.000,476.000,26.430000,9.543675,3.376667
1780300820.270776,,,BOARD_2,1,1,1058.000,2034.000,1294.000,2510.000,1176.000,2272.000,236.000,476.000,26.430000,12.168675,4.036667
1780300820.448601,,,BOARD_2,3,0,353.000,1650.000,589.000,2126.000,471.000,1888.000,236.000,476.000,26.430000,336.167484,5.796667
1780300820.448601,,,BOARD_2,3,1,529.000,1634.000,765.000,2110.000,647.000,1872.000,236.000,476.000,26.430000,336.969568,5.870000
1780300820.448601,,,BOARD_2,3,2,817.000,1634.000,1053.000,2110.000,935.000,1872.000,236.000,476.000,26.430000,338.282068,5.870000
1780300820.556945,,,BOARD_2,4,0,497.000,2098.000,733.000,2574.000,615.000,2336.000,236.000,476.000,26.430000,336.423034,3.743333
1780300820.627744,,,BOARD_2,1,0,730.000,1863.000,966.000,2339.000,848.000,2101.000,236.000,476.000,26.430000,10.673883,4.820417
1780300820.627744,,,BOARD_2,1,1,730.000,2023.000,966.000,2499.000,848.000,2261.000,236.000,476.000,26.430000,10.673883,4.087083
1780300820.687254,,,BOARD_2,3,0,365.000,1632.000,601.000,2108.000,483.000,1870.000,236.000,476.000,26.430000,336.222172,5.879167
1780300820.687254,,,BOARD_2,3,1,525.000,1632.000,761.000,2108.000,643.000,1870.000,236.000,476.000,26.430000,336.951339,5.879167
1780300820.850125,,,BOARD_2,1,0,296.000,2152.000,532.000,2628.000,414.000,2390.000,236.000,476.000,26.430000,8.696019,3.495833
1780300820.850125,,,BOARD_2,1,1,184.000,2152.000,420.000,2628.000,302.000,2390.000,236.000,476.000,26.430000,8.185602,3.495833
1780300820.850125,,,BOARD_2,1,2,862.000,2080.000,902.000,2132.000,882.000,2106.000,40.000,52.000,155.930000,10.828831,4.797500
1780300820.923408,,,BOARD_2,4,0,1567.000,2177.000,1803.000,2653.000,1685.000,2415.000,236.000,476.000,26.430000,341.299336,3.381250
1780300820.962686,,,BOARD_2,3,0,1439.000,2197.000,1675.000,2673.000,1557.000,2435.000,236.000,476.000,26.430000,341.116703,3.289583
1780300820.962686,,,BOARD_2,3,1,991.000,1765.000,1227.000,2241.000,1109.000,2003.000,236.000,476.000,26.430000,339.075036,5.269583
1780300820.962686,,,BOARD_2,3,2,933.000,1687.000,1397.000,2047.000,1165.000,1867.000,464.000,360.000,13.440000,339.330245,5.892917
1780300820.962686,,,BOARD_2,3,3,879.000,1973.000,1115.000,2449.000,997.000,2211.000,236.000,476.000,26.430000,338.564620,4.316250
1780300821.035636,,,BOARD_2,4,0,633.000,2064.000,869.000,2540.000,751.000,2302.000,236.000,476.000,26.430000,337.042826,3.899167
1780300821.193090,,,BOARD_2,1,0,814.000,2061.000,946.000,2153.000,880.000,2107.000,132.000,92.000,47.250000,10.819717,4.792917
1780300821.193090,,,BOARD_2,1,1,230.000,1753.000,466.000,2229.000,348.000,1991.000,236.000,476.000,26.430000,8.395238,5.324583
1780300821.193090,,,BOARD_2,1,2,310.000,2153.000,546.000,2629.000,428.000,2391.000,236.000,476.000,26.430000,8.759821,3.491250
1780300821.309126,,,BOARD_2,3,0,-78.000,1605.000,158.000,2081.000,40.000,1843.000,236.000,476.000,26.430000,334.203292,6.002917
1780300821.379783,,,BOARD_2,4,0,3461.000,1698.000,3925.000,2058.000,3693.000,1878.000,464.000,360.000,13.440000,350.450378,5.842500
1780300821.450822,,,BOARD_2,1,0,730.000,1862.000,966.000,2338.000,848.000,2100.000,236.000,476.000,26.430000,10.673883,4.825000
1780300821.450822,,,BOARD_2,1,1,730.000,2022.000,966.000,2498.000,848.000,2260.000,236.000,476.000,26.430000,10.673883,4.091667
1780300821.545085,,,BOARD_2,3,0,1468.000,2166.000,1704.000,2642.000,1586.000,2404.000,236.000,476.000,26.430000,341.248865,3.431667
1780300821.545085,,,BOARD_2,3,1,1413.000,2154.000,1661.000,2334.000,1537.000,2244.000,248.000,180.000,25.150000,341.025557,4.165000
1780300821.638678,,,BOARD_2,4,0,3637.000,1650.000,3873.000,2126.000,3755.000,1888.000,236.000,476.000,26.430000,350.732930,5.796667
1780300821.802843,,,BOARD_2,1,0,1073.000,2058.000,1309.000,2534.000,1191.000,2296.000,236.000,476.000,26.430000,12.237034,3.926667
1780300821.943683,,,BOARD_2,3,0,827.000,1649.000,1063.000,2125.000,945.000,1887.000,236.000,476.000,26.430000,338.327641,5.801250
1780300821.943683,,,BOARD_2,3,1,347.000,1633.000,583.000,2109.000,465.000,1871.000,236.000,476.000,26.430000,336.140141,5.874583
1780300822.047208,,,BOARD_2,1,0,860.000,2081.000,900.000,2133.000,880.000,2107.000,40.000,52.000,155.930000,10.819717,4.792917
1780300822.047208,,,BOARD_2,1,1,294.000,2153.000,530.000,2629.000,412.000,2391.000,236.000,476.000,26.430000,8.686904,3.491250
1780300822.047208,,,BOARD_2,1,2,230.000,1833.000,466.000,2309.000,348.000,2071.000,236.000,476.000,26.430000,8.395238,4.957917
1780300822.106510,,,BOARD_2,3,0,173.000,1625.000,409.000,2101.000,291.000,1863.000,236.000,476.000,26.430000,335.347172,5.911250
1780300822.106510,,,BOARD_2,3,1,365.000,1625.000,601.000,2101.000,483.000,1863.000,236.000,476.000,26.430000,336.222172,5.911250
1780300822.231683,,,BOARD_2,4,0,2353.000,1979.000,2589.000,2455.000,2471.000,2217.000,236.000,476.000,26.430000,344.881368,4.288750
1780300822.270258,,,BOARD_2,1,0,1072.000,2050.000,1308.000,2526.000,1190.000,2288.000,236.000,476.000,26.430000,12.232477,3.963333
1780300822.466949,,,BOARD_2,3,0,1465.000,2179.000,1701.000,2655.000,1583.000,2417.000,236.000,476.000,26.430000,341.235193,3.372083
1780300822.466949,,,BOARD_2,3,1,1498.000,2185.000,1562.000,2305.000,1530.000,2245.000,64.000,120.000,97.460000,340.993656,4.160417
1780300822.577395,,,BOARD_2,4,0,3555.000,2204.000,3791.000,2680.000,3673.000,2442.000,236.000,476.000,26.430000,350.359232,3.257500
1780300822.611525,,,BOARD_2,1,0,466.000,1746.000,702.000,2222.000,584.000,1984.000,236.000,476.000,26.430000,9.470758,5.356667
1780300822.611525,,,BOARD_2,1,1,-62.000,1970.000,174.000,2446.000,56.000,2208.000,236.000,476.000,26.430000,7.064508,4.330000
1780300822.611525,,,BOARD_2,1,2,-62.000,2178.000,174.000,2654.000,56.000,2416.000,236.000,476.000,26.430000,7.064508,3.376667
1780300822.611525,,,BOARD_2,1,3,370.000,2034.000,606.000,2510.000,488.000,2272.000,236.000,476.000,26.430000,9.033258,4.036667
1780300822.813875,,,BOARD_2,3,0,360.000,1633.000,596.000,2109.000,478.000,1871.000,236.000,476.000,26.430000,336.199385,5.874583
1780300822.813875,,,BOARD_2,3,1,62.000,1683.000,526.000,2043.000,294.000,1863.000,464.000,360.000,13.440000,335.360844,5.911250
1780300822.825128,,,BOARD_2,4,0,732.000,1777.000,968.000,2253.000,850.000,2015.000,236.000,476.000,26.430000,337.493998,5.214583
1780300822.955779,,,BOARD_2,1,0,725.000,1863.000,961.000,2339.000,843.000,2101.000,236.000,476.000,26.430000,10.651097,4.820417
1780300822.955779,,,BOARD_2,1,1,725.000,2023.000,961.000,2499.000,843.000,2261.000,236.000,476.000,26.430000,10.651097,4.087083
1780300823.032042,,,BOARD_2,3,0,1449.000,2166.000,1685.000,2642.000,1567.000,2404.000,236.000,476.000,26.430000,341.162276,3.431667
1780300823.210392,,,BOARD_2,4,0,3554.000,2206.000,3790.000,2682.000,3672.000,2444.000,236.000,476.000,26.430000,350.354675,3.248333
1780300823.210392,,,BOARD_2,4,1,3400.000,1696.000,3864.000,2056.000,3632.000,1876.000,464.000,360.000,13.440000,350.172383,5.851667
1780300823.310816,,,BOARD_2,1,0,723.000,2025.000,959.000,2501.000,841.000,2263.000,236.000,476.000,26.430000,10.641982,4.077917
1780300823.310816,,,BOARD_2,1,1,723.000,1865.000,959.000,2341.000,841.000,2103.000,236.000,476.000,26.430000,10.641982,4.811250
1780300823.387676,,,BOARD_2,3,0,358.000,1630.000,594.000,2106.000,476.000,1868.000,236.000,476.000,26.430000,336.190271,5.888333
1780300823.582916,,,BOARD_2,0,0,0.000,711.000,39.000,762.000,19.500,736.500,39.000,51.000,159.930000,25.647467,11.074375
1780300823.831464,,,BOARD_2,1,0,482.000,2184.000,718.000,2660.000,600.000,2422.000,236.000,476.000,26.430000,9.543675,3.349167
1780300823.831464,,,BOARD_2,1,1,-62.000,1976.000,174.000,2452.000,56.000,2214.000,236.000,476.000,26.430000,7.064508,4.302500
1780300823.831464,,,BOARD_2,1,2,258.000,2024.000,494.000,2500.000,376.000,2262.000,236.000,476.000,26.430000,8.522842,4.082500
1780300823.831464,,,BOARD_2,1,3,82.000,2184.000,318.000,2660.000,200.000,2422.000,236.000,476.000,26.430000,7.720758,3.349167
1780300823.874470,,,BOARD_2,3,0,1435.000,2206.000,1671.000,2682.000,1553.000,2444.000,236.000,476.000,26.430000,341.098474,3.248333
1780300823.937776,,,BOARD_2,4,0,1128.000,1787.000,1364.000,2263.000,1246.000,2025.000,236.000,476.000,26.430000,339.298685,5.168750
1780300823.976042,,,BOARD_2,1,0,-62.000,1973.000,174.000,2449.000,56.000,2211.000,236.000,476.000,26.430000,7.064508,4.316250
1780300823.976042,,,BOARD_2,1,1,162.000,2101.000,398.000,2577.000,280.000,2339.000,236.000,476.000,26.430000,8.085342,3.729583
1780300823.976042,,,BOARD_2,1,2,482.000,2149.000,718.000,2625.000,600.000,2387.000,236.000,476.000,26.430000,9.543675,3.509583
1780300823.976042,,,BOARD_2,1,3,-62.000,2165.000,174.000,2641.000,56.000,2403.000,236.000,476.000,26.430000,7.064508,3.436250
1780300823.976042,,,BOARD_2,1,4,498.000,1637.000,734.000,2113.000,616.000,1875.000,236.000,476.000,26.430000,9.616592,5.856250
1780300823.976042,,,BOARD_2,1,5,354.000,2085.000,590.000,2561.000,472.000,2323.000,236.000,476.000,26.430000,8.960342,3.802917
1780300824.349538,,,BOARD_2,1,0,466.000,2135.000,702.000,2611.000,584.000,2373.000,236.000,476.000,26.430000,9.470758,3.573750
1780300824.349538,,,BOARD_2,1,1,162.000,2087.000,398.000,2563.000,280.000,2325.000,236.000,476.000,26.430000,8.085342,3.793750
1780300824.349538,,,BOARD_2,1,2,466.000,1751.000,702.000,2227.000,584.000,1989.000,236.000,476.000,26.430000,9.470758,5.333750
1780300824.349538,,,BOARD_2,1,3,-62.000,2135.000,174.000,2611.000,56.000,2373.000,236.000,476.000,26.430000,7.064508,3.573750
1780300824.349538,,,BOARD_2,1,4,338.000,2007.000,574.000,2483.000,456.000,2245.000,236.000,476.000,26.430000,8.887425,4.160417
1780300824.457489,,,BOARD_2,3,0,1445.000,2207.000,1681.000,2683.000,1563.000,2445.000,236.000,476.000,26.430000,341.144047,3.243750
1780300824.532796,,,BOARD_2,4,0,1129.000,1777.000,1365.000,2253.000,1247.000,2015.000,236.000,476.000,26.430000,339.303243,5.214583
1780300824.603492,,,BOARD_2,1,0,482.000,1746.000,718.000,2222.000,600.000,1984.000,236.000,476.000,26.430000,9.543675,5.356667
1780300824.603492,,,BOARD_2,1,1,-62.000,2034.000,174.000,2510.000,56.000,2272.000,236.000,476.000,26.430000,7.064508,4.036667
1780300824.603492,,,BOARD_2,1,2,482.000,2162.000,718.000,2638.000,600.000,2400.000,236.000,476.000,26.430000,9.543675,3.450000
1780300824.603492,,,BOARD_2,1,3,354.000,2034.000,590.000,2510.000,472.000,2272.000,236.000,476.000,26.430000,8.960342,4.036667
1780300824.691092,,,BOARD_2,3,0,986.000,1754.000,1222.000,2230.000,1104.000,1992.000,236.000,476.000,26.430000,339.052250,5.320000
1780300824.691092,,,BOARD_2,3,1,1050.000,2202.000,1286.000,2678.000,1168.000,2440.000,236.000,476.000,26.430000,339.343917,3.266667
1780300824.691092,,,BOARD_2,3,2,912.000,1692.000,1376.000,2052.000,1144.000,1872.000,464.000,360.000,13.440000,339.234542,5.870000
1780300824.691092,,,BOARD_2,3,3,1242.000,2202.000,1478.000,2678.000,1360.000,2440.000,236.000,476.000,26.430000,340.218917,3.266667
1780300824.691092,,,BOARD_2,3,4,1434.000,2202.000,1670.000,2678.000,1552.000,2440.000,236.000,476.000,26.430000,341.093917,3.266667
1780300824.784461,,,BOARD_2,4,0,1557.000,2209.000,1793.000,2685.000,1675.000,2447.000,236.000,476.000,26.430000,341.253764,3.234583
1780300824.946846,,,BOARD_2,1,0,482.000,2160.000,718.000,2636.000,600.000,2398.000,236.000,476.000,26.430000,9.543675,3.459167
1780300824.946846,,,BOARD_2,1,1,482.000,1744.000,718.000,2220.000,600.000,1982.000,236.000,476.000,26.430000,9.543675,5.365833
1780300824.946846,,,BOARD_2,1,2,-62.000,1968.000,174.000,2444.000,56.000,2206.000,236.000,476.000,26.430000,7.064508,4.339167
1780300824.946846,,,BOARD_2,1,3,-62.000,2160.000,174.000,2636.000,56.000,2398.000,236.000,476.000,26.430000,7.064508,3.459167
1780300824.946846,,,BOARD_2,1,4,354.000,2032.000,590.000,2508.000,472.000,2270.000,236.000,476.000,26.430000,8.960342,4.045833
1780300825.083919,,,BOARD_2,3,0,1435.000,2147.000,1671.000,2623.000,1553.000,2385.000,236.000,476.000,26.430000,341.098474,3.518750
1780300825.083919,,,BOARD_2,3,1,1493.000,2169.000,1557.000,2289.000,1525.000,2229.000,64.000,120.000,97.460000,340.970870,4.233750
1780300825.173103,,,BOARD_2,1,0,185.000,2152.000,421.000,2628.000,303.000,2390.000,236.000,476.000,26.430000,8.190159,3.495833
1780300825.173103,,,BOARD_2,1,1,851.000,2046.000,915.000,2166.000,883.000,2106.000,64.000,120.000,97.460000,10.833389,4.797500
1780300825.173103,,,BOARD_2,1,2,233.000,1832.000,469.000,2308.000,351.000,2070.000,236.000,476.000,26.430000,8.408909,4.962500
1780300825.173103,,,BOARD_2,1,3,297.000,2152.000,533.000,2628.000,415.000,2390.000,236.000,476.000,26.430000,8.700576,3.495833
1780300825.173103,,,BOARD_2,1,4,473.000,2104.000,709.000,2580.000,591.000,2342.000,236.000,476.000,26.430000,9.502659,3.715833
1780300825.344486,,,BOARD_2,3,0,465.000,1814.000,701.000,2290.000,583.000,2052.000,236.000,476.000,26.430000,336.677901,5.045000
1780300825.344486,,,BOARD_2,3,1,353.000,1622.000,589.000,2098.000,471.000,1860.000,236.000,476.000,26.430000,336.167484,5.925000
1780300825.344486,,,BOARD_2,3,2,-5.000,1786.000,114.000,2030.000,54.500,1908.000,119.000,244.000,52.410000,334.269372,5.705000
1780300825.388525,,,BOARD_2,4,0,1552.000,2209.000,1788.000,2685.000,1670.000,2447.000,236.000,476.000,26.430000,341.230977,3.234583
1780300825.388525,,,BOARD_2,4,1,1408.000,1937.000,1644.000,2413.000,1526.000,2175.000,236.000,476.000,26.430000,340.574727,4.481250
1780300825.584980,,,BOARD_2,3,0,341.000,1624.000,577.000,2100.000,459.000,1862.000,236.000,476.000,26.430000,336.112797,5.915833
1780300825.635186,,,BOARD_2,4,0,1131.000,1790.000,1367.000,2266.000,1249.000,2028.000,236.000,476.000,26.430000,339.312357,5.155000
1780300825.701437,,,BOARD_2,1,0,472.000,2111.000,708.000,2587.000,590.000,2349.000,236.000,476.000,26.430000,9.498102,3.683750
1780300825.701437,,,BOARD_2,1,1,184.000,2159.000,420.000,2635.000,302.000,2397.000,236.000,476.000,26.430000,8.185602,3.463750
1780300825.701437,,,BOARD_2,1,2,296.000,2159.000,532.000,2635.000,414.000,2397.000,236.000,476.000,26.430000,8.696019,3.463750
1780300825.855782,,,BOARD_2,4,0,3558.000,2208.000,3794.000,2684.000,3676.000,2446.000,236.000,476.000,26.430000,350.372904,3.239167
1780300825.855782,,,BOARD_2,4,1,3510.000,1632.000,3746.000,2108.000,3628.000,1870.000,236.000,476.000,26.430000,350.154154,5.879167
1780300825.877733,,,BOARD_2,3,0,1112.000,1829.000,1348.000,2305.000,1230.000,2067.000,236.000,476.000,26.430000,339.626469,4.976250
1780300825.877733,,,BOARD_2,3,1,1240.000,2165.000,1476.000,2641.000,1358.000,2403.000,236.000,476.000,26.430000,340.209802,3.436250
1780300825.877733,,,BOARD_2,3,2,1137.000,1787.000,1201.000,1907.000,1169.000,1847.000,64.000,120.000,97.460000,339.348474,5.984583
1780300825.954417,,,BOARD_2,1,0,482.000,2189.000,718.000,2665.000,600.000,2427.000,236.000,476.000,26.430000,9.543675,3.326250
1780300825.954417,,,BOARD_2,1,1,258.000,2029.000,494.000,2505.000,376.000,2267.000,236.000,476.000,26.430000,8.522842,4.059583
1780300825.954417,,,BOARD_2,1,2,-62.000,1965.000,174.000,2441.000,56.000,2203.000,236.000,476.000,26.430000,7.064508,4.352917
1780300825.954417,,,BOARD_2,1,3,-62.000,2157.000,174.000,2633.000,56.000,2395.000,236.000,476.000,26.430000,7.064508,3.472917
1780300826.108374,,,BOARD_2,4,0,2262.000,1773.000,2498.000,2249.000,2380.000,2011.000,236.000,476.000,26.430000,344.466654,5.232917
1780300826.119604,,,BOARD_2,3,0,359.000,1633.000,595.000,2109.000,477.000,1871.000,236.000,476.000,26.430000,336.194828,5.874583
1780300826.119604,,,BOARD_2,3,1,519.000,1633.000,755.000,2109.000,637.000,1871.000,236.000,476.000,26.430000,336.923995,5.874583
1780300826.332400,,,BOARD_2,3,0,1441.000,2178.000,1677.000,2654.000,1559.000,2416.000,236.000,476.000,26.430000,341.125818,3.376667
1780300826.500618,,,BOARD_2,4,0,3561.000,2207.000,3797.000,2683.000,3679.000,2445.000,236.000,476.000,26.430000,350.386576,3.243750
1780300826.500618,,,BOARD_2,4,1,3513.000,1631.000,3749.000,2107.000,3631.000,1869.000,236.000,476.000,26.430000,350.167826,5.883750
1780300826.589503,,,BOARD_2,1,0,843.000,2131.000,1079.000,2607.000,961.000,2369.000,236.000,476.000,26.430000,11.188857,3.592083
1780300826.589503,,,BOARD_2,1,1,1067.000,2051.000,1303.000,2527.000,1185.000,2289.000,236.000,476.000,26.430000,12.209691,3.958750
1780300826.693803,,,BOARD_2,3,0,82.000,1595.000,318.000,2071.000,200.000,1833.000,236.000,476.000,26.430000,334.932458,6.048750
1780300826.693803,,,BOARD_2,3,1,434.000,1595.000,670.000,2071.000,552.000,1833.000,236.000,476.000,26.430000,336.536625,6.048750
1780300826.868178,,,BOARD_2,1,0,731.000,1867.000,967.000,2343.000,849.000,2105.000,236.000,476.000,26.430000,10.678441,4.802083
1780300826.868178,,,BOARD_2,1,1,1067.000,2059.000,1303.000,2535.000,1185.000,2297.000,236.000,476.000,26.430000,12.209691,3.922083
1780300826.868178,,,BOARD_2,1,2,731.000,2027.000,967.000,2503.000,849.000,2265.000,236.000,476.000,26.430000,10.678441,4.068750
1780300826.874156,,,BOARD_2,4,0,1556.000,2210.000,1792.000,2686.000,1674.000,2448.000,236.000,476.000,26.430000,341.249206,3.230000
1780300826.874156,,,BOARD_2,4,1,1412.000,1938.000,1648.000,2414.000,1530.000,2176.000,236.000,476.000,26.430000,340.592956,4.476667
1780300826.960541,,,BOARD_2,3,0,1759.000,2425.000,1799.000,2477.000,1779.000,2451.000,40.000,52.000,155.930000,342.128422,3.216250
1780300826.960541,,,BOARD_2,3,1,1433.000,2193.000,1669.000,2669.000,1551.000,2431.000,236.000,476.000,26.430000,341.089359,3.307917
1780300826.960541,,,BOARD_2,3,2,1241.000,2177.000,1477.000,2653.000,1359.000,2415.000,236.000,476.000,26.430000,340.214359,3.381250
1780300827.263947,,,BOARD_2,4,0,1556.000,2157.000,1792.000,2633.000,1674.000,2395.000,236.000,476.000,26.430000,341.249206,3.472917
1780300827.307139,,,BOARD_2,1,0,184.000,2152.000,420.000,2628.000,302.000,2390.000,236.000,476.000,26.430000,8.185602,3.495833
1780300827.307139,,,BOARD_2,1,1,850.000,2046.000,914.000,2166.000,882.000,2106.000,64.000,120.000,97.460000,10.828831,4.797500
1780300827.307139,,,BOARD_2,1,2,248.000,1672.000,484.000,2148.000,366.000,1910.000,236.000,476.000,26.430000,8.477269,5.695833
1780300827.307139,,,BOARD_2,1,3,296.000,2152.000,532.000,2628.000,414.000,2390.000,236.000,476.000,26.430000,8.696019,3.495833
1780300827.307139,,,BOARD_2,1,4,232.000,1832.000,468.000,2308.000,350.000,2070.000,236.000,476.000,26.430000,8.404352,4.962500
1780300827.307139,,,BOARD_2,1,5,472.000,2120.000,708.000,2596.000,590.000,2358.000,236.000,476.000,26.430000,9.498102,3.642500
1780300827.416381,,,BOARD_2,3,0,347.000,1615.000,583.000,2091.000,465.000,1853.000,236.000,476.000,26.430000,336.140141,5.957083
1780300827.416381,,,BOARD_2,3,1,65.000,1681.000,529.000,2041.000,297.000,1861.000,464.000,360.000,13.440000,335.374516,5.920417
1780300827.634106,,,BOARD_2,4,0,3556.000,2206.000,3792.000,2682.000,3674.000,2444.000,236.000,476.000,26.430000,350.363790,3.248333
1780300827.645669,,,BOARD_2,1,0,258.000,2028.000,494.000,2504.000,376.000,2266.000,236.000,476.000,26.430000,8.522842,4.064167
1780300827.645669,,,BOARD_2,1,1,482.000,2188.000,718.000,2664.000,600.000,2426.000,236.000,476.000,26.430000,9.543675,3.330833
1780300827.645669,,,BOARD_2,1,2,-62.000,1980.000,174.000,2456.000,56.000,2218.000,236.000,476.000,26.430000,7.064508,4.284167
1780300827.776714,,,BOARD_2,3,0,1053.000,2206.000,1289.000,2682.000,1171.000,2444.000,236.000,476.000,26.430000,339.357589,3.248333
1780300827.776714,,,BOARD_2,3,1,989.000,1742.000,1225.000,2218.000,1107.000,1980.000,236.000,476.000,26.430000,339.065922,5.375000
1780300827.776714,,,BOARD_2,3,2,1021.000,1630.000,1257.000,2106.000,1139.000,1868.000,236.000,476.000,26.430000,339.211755,5.888333
1780300828.000268,,,BOARD_2,1,0,729.000,1875.000,965.000,2351.000,847.000,2113.000,236.000,476.000,26.430000,10.669326,4.765417
1780300828.325630,,,BOARD_2,1,0,305.000,2109.000,541.000,2585.000,423.000,2347.000,236.000,476.000,26.430000,8.737034,3.692917
1780300828.325630,,,BOARD_2,1,1,33.000,1933.000,269.000,2409.000,151.000,2171.000,236.000,476.000,26.430000,7.497451,4.499583
1780300828.325630,,,BOARD_2,1,2,609.000,2125.000,845.000,2601.000,727.000,2363.000,236.000,476.000,26.430000,10.122451,3.619583
1780300828.325630,,,BOARD_2,1,3,241.000,1693.000,477.000,2169.000,359.000,1931.000,236.000,476.000,26.430000,8.445368,5.599583
1780300828.503993,,,BOARD_2,3,0,986.000,1752.000,1222.000,2228.000,1104.000,1990.000,236.000,476.000,26.430000,339.052250,5.329167
1780300828.503993,,,BOARD_2,3,1,1050.000,2200.000,1286.000,2676.000,1168.000,2438.000,236.000,476.000,26.430000,339.343917,3.275833
1780300828.503993,,,BOARD_2,3,2,1242.000,2168.000,1478.000,2644.000,1360.000,2406.000,236.000,476.000,26.430000,340.218917,3.422500
1780300828.503993,,,BOARD_2,3,3,912.000,1690.000,1376.000,2050.000,1144.000,1870.000,464.000,360.000,13.440000,339.234542,5.879167
1780300828.503993,,,BOARD_2,3,4,1434.000,2200.000,1670.000,2676.000,1552.000,2438.000,236.000,476.000,26.430000,341.093917,3.275833
1780300828.548690,,,BOARD_2,4,0,3519.000,2207.000,3755.000,2683.000,3637.000,2445.000,236.000,476.000,26.430000,350.195170,3.243750
1780300828.548690,,,BOARD_2,4,1,3503.000,1631.000,3739.000,2107.000,3621.000,1869.000,236.000,476.000,26.430000,350.122253,5.883750
1780300828.672433,,,BOARD_2,1,0,183.000,2154.000,419.000,2630.000,301.000,2392.000,236.000,476.000,26.430000,8.181045,3.486667
1780300828.672433,,,BOARD_2,1,1,471.000,2122.000,707.000,2598.000,589.000,2360.000,236.000,476.000,26.430000,9.493545,3.633333
1780300828.672433,,,BOARD_2,1,2,849.000,2048.000,913.000,2168.000,881.000,2108.000,64.000,120.000,97.460000,10.824274,4.788333
1780300828.672433,,,BOARD_2,1,3,295.000,2154.000,531.000,2630.000,413.000,2392.000,236.000,476.000,26.430000,8.691461,3.486667
1780300828.672433,,,BOARD_2,1,4,279.000,1914.000,515.000,2390.000,397.000,2152.000,236.000,476.000,26.430000,8.618545,4.586667
1780300828.781735,,,BOARD_2,4,0,3557.000,1645.000,3793.000,2121.000,3675.000,1883.000,236.000,476.000,26.430000,350.368347,5.819583
1780300828.798878,,,BOARD_2,3,0,361.000,1646.000,597.000,2122.000,479.000,1884.000,236.000,476.000,26.430000,336.203943,5.815000
1780300828.798878,,,BOARD_2,3,1,521.000,1630.000,757.000,2106.000,639.000,1868.000,236.000,476.000,26.430000,336.933109,5.888333
1780300829.055102,,,BOARD_2,3,0,345.000,1633.000,581.000,2109.000,463.000,1871.000,236.000,476.000,26.430000,336.131026,5.874583
1780300829.055102,,,BOARD_2,3,1,521.000,1633.000,757.000,2109.000,639.000,1871.000,236.000,476.000,26.430000,336.933109,5.874583
1780300829.243687,,,BOARD_2,1,0,616.000,2197.000,852.000,2673.000,734.000,2435.000,236.000,476.000,26.430000,10.154352,3.289583
1780300829.270285,,,BOARD_2,3,0,352.000,2035.000,588.000,2511.000,470.000,2273.000,236.000,476.000,26.430000,336.162927,4.032083
1780300829.270285,,,BOARD_2,3,1,1018.000,1809.000,1081.000,1929.000,1049.500,1869.000,63.000,120.000,99.000000,338.803878,5.883750
1780300829.385638,,,BOARD_2,4,0,3561.000,2208.000,3797.000,2684.000,3679.000,2446.000,236.000,476.000,26.430000,350.386576,3.239167
1780300829.385638,,,BOARD_2,4,1,3497.000,1632.000,3733.000,2108.000,3615.000,1870.000,236.000,476.000,26.430000,350.094909,5.879167
1780300829.482464,,,BOARD_2,1,0,723.000,1863.000,959.000,2339.000,841.000,2101.000,236.000,476.000,26.430000,10.641982,4.820417
1780300829.637146,,,BOARD_2,3,0,1444.000,2168.000,1680.000,2644.000,1562.000,2406.000,236.000,476.000,26.430000,341.139490,3.422500
1780300829.734085,,,BOARD_2,1,0,840.000,2156.000,1076.000,2632.000,958.000,2394.000,236.000,476.000,26.430000,11.175185,3.477500
1780300829.795359,,,BOARD_2,3,0,1464.000,2191.000,1700.000,2667.000,1582.000,2429.000,236.000,476.000,26.430000,341.230635,3.317083
1780300829.931102,,,BOARD_2,4,0,2361.000,1979.000,2597.000,2455.000,2479.000,2217.000,236.000,476.000,26.430000,344.917826,4.288750
1780300830.128496,,,BOARD_2,1,0,837.000,2171.000,1073.000,2647.000,955.000,2409.000,236.000,476.000,26.430000,11.161514,3.408750
1780300830.128496,,,BOARD_2,1,1,878.000,2025.000,942.000,2145.000,910.000,2085.000,64.000,120.000,97.460000,10.956435,4.893750
1780300830.183345,,,BOARD_2,4,0,3640.000,1608.000,3876.000,2084.000,3758.000,1846.000,236.000,476.000,26.430000,350.746602,5.989167
1780300830.194777,,,BOARD_2,3,0,365.000,1649.000,601.000,2125.000,483.000,1887.000,236.000,476.000,26.430000,336.222172,5.801250
1780300830.194777,,,BOARD_2,3,1,829.000,1649.000,1065.000,2125.000,947.000,1887.000,236.000,476.000,26.430000,338.336755,5.801250
1780300830.194777,,,BOARD_2,3,2,525.000,1633.000,761.000,2109.000,643.000,1871.000,236.000,476.000,26.430000,336.951339,5.874583
1780300830.194777,,,BOARD_2,3,3,349.000,2049.000,585.000,2525.000,467.000,2287.000,236.000,476.000,26.430000,336.149255,3.967917
1780300830.237814,,,BOARD_2,1,0,482.000,1643.000,718.000,2119.000,600.000,1881.000,236.000,476.000,26.430000,9.543675,5.828750
1780300830.237814,,,BOARD_2,1,1,466.000,2155.000,702.000,2631.000,584.000,2393.000,236.000,476.000,26.430000,9.470758,3.482083
1780300830.237814,,,BOARD_2,1,2,114.000,2203.000,350.000,2679.000,232.000,2441.000,236.000,476.000,26.430000,7.866592,3.262083
1780300830.237814,,,BOARD_2,1,3,-62.000,2155.000,174.000,2631.000,56.000,2393.000,236.000,476.000,26.430000,7.064508,3.482083
1780300830.237814,,,BOARD_2,1,4,338.000,2075.000,574.000,2551.000,456.000,2313.000,236.000,476.000,26.430000,8.887425,3.848750
1780300830.297807,,,BOARD_2,3,0,167.000,1624.000,403.000,2100.000,285.000,1862.000,236.000,476.000,26.430000,335.319828,5.915833
1780300830.297807,,,BOARD_2,3,1,359.000,1624.000,595.000,2100.000,477.000,1862.000,236.000,476.000,26.430000,336.194828,5.915833
1780300830.470846,,,BOARD_2,4,0,3554.000,2204.000,3790.000,2680.000,3672.000,2442.000,236.000,476.000,26.430000,350.354675,3.257500
1780300830.477283,,,BOARD_2,1,0,837.000,2166.000,1073.000,2642.000,955.000,2404.000,236.000,476.000,26.430000,11.161514,3.431667
1780300830.837228,,,BOARD_2,1,0,1061.000,2064.000,1297.000,2540.000,1179.000,2302.000,236.000,476.000,26.430000,12.182347,3.899167
1780300830.902033,,,BOARD_2,3,0,1051.000,2206.000,1287.000,2682.000,1169.000,2444.000,236.000,476.000,26.430000,339.348474,3.248333
1780300830.902033,,,BOARD_2,3,1,987.000,1742.000,1223.000,2218.000,1105.000,1980.000,236.000,476.000,26.430000,339.056807,5.375000
1780300830.902033,,,BOARD_2,3,2,913.000,1696.000,1377.000,2056.000,1145.000,1876.000,464.000,360.000,13.440000,339.239099,5.851667
1780300831.179420,,,BOARD_2,1,0,837.000,2169.000,1073.000,2645.000,955.000,2407.000,236.000,476.000,26.430000,11.161514,3.417917
1780300831.179420,,,BOARD_2,1,1,878.000,2023.000,942.000,2143.000,910.000,2083.000,64.000,120.000,97.460000,10.956435,4.902917
1780300831.248756,,,BOARD_2,3,0,1439.000,2206.000,1675.000,2682.000,1557.000,2444.000,236.000,476.000,26.430000,341.116703,3.248333
1780300831.248756,,,BOARD_2,3,1,1055.000,2206.000,1291.000,2682.000,1173.000,2444.000,236.000,476.000,26.430000,339.366703,3.248333
1780300831.372156,,,BOARD_2,4,0,3554.000,2205.000,3790.000,2681.000,3672.000,2443.000,236.000,476.000,26.430000,350.354675,3.252917
1780300831.372156,,,BOARD_2,4,1,3506.000,1629.000,3742.000,2105.000,3624.000,1867.000,236.000,476.000,26.430000,350.135925,5.892917
1780300831.420464,,,BOARD_2,1,0,466.000,2133.000,702.000,2609.000,584.000,2371.000,236.000,476.000,26.430000,9.470758,3.582917
1780300831.420464,,,BOARD_2,1,1,-62.000,2133.000,174.000,2609.000,56.000,2371.000,236.000,476.000,26.430000,7.064508,3.582917
1780300831.420464,,,BOARD_2,1,2,482.000,1749.000,718.000,2225.000,600.000,1987.000,236.000,476.000,26.430000,9.543675,5.342917
1780300831.420464,,,BOARD_2,1,3,114.000,1941.000,350.000,2417.000,232.000,2179.000,236.000,476.000,26.430000,7.866592,4.462917
1780300831.420464,,,BOARD_2,1,4,-46.000,1957.000,190.000,2433.000,72.000,2195.000,236.000,476.000,26.430000,7.137425,4.389583
1780300831.420464,,,BOARD_2,1,5,162.000,2069.000,398.000,2545.000,280.000,2307.000,236.000,476.000,26.430000,8.085342,3.876250
1780300831.777919,,,BOARD_2,1,0,832.000,2205.000,1068.000,2681.000,950.000,2443.000,236.000,476.000,26.430000,11.138727,3.252917
1780300831.821517,,,BOARD_2,3,0,1050.000,2207.000,1286.000,2683.000,1168.000,2445.000,236.000,476.000,26.430000,339.343917,3.243750
1780300831.821517,,,BOARD_2,3,1,986.000,1743.000,1222.000,2219.000,1104.000,1981.000,236.000,476.000,26.430000,339.052250,5.370417
1780300831.821517,,,BOARD_2,3,2,1242.000,2207.000,1478.000,2683.000,1360.000,2445.000,236.000,476.000,26.430000,340.218917,3.243750
1780300832.039234,,,BOARD_2,1,0,725.000,1863.000,961.000,2339.000,843.000,2101.000,236.000,476.000,26.430000,10.651097,4.820417
1780300832.163970,,,BOARD_2,3,0,355.000,1648.000,591.000,2124.000,473.000,1886.000,236.000,476.000,26.430000,336.176599,5.805833
1780300832.163970,,,BOARD_2,3,1,819.000,1648.000,1055.000,2124.000,937.000,1886.000,236.000,476.000,26.430000,338.291182,5.805833
1780300832.264664,,,BOARD_2,4,0,3627.000,1619.000,3863.000,2095.000,3745.000,1857.000,236.000,476.000,26.430000,350.687357,5.938750
1780300832.416456,,,BOARD_2,1,0,746.000,1781.000,994.000,1961.000,870.000,1871.000,248.000,180.000,25.150000,10.774144,5.874583
1780300832.520369,,,BOARD_2,3,0,1056.000,2201.000,1292.000,2677.000,1174.000,2439.000,236.000,476.000,26.430000,339.371260,3.271250
1780300832.520369,,,BOARD_2,3,1,944.000,2201.000,1180.000,2677.000,1062.000,2439.000,236.000,476.000,26.430000,338.860844,3.271250
1780300832.520369,,,BOARD_2,3,2,1008.000,1625.000,1244.000,2101.000,1126.000,1863.000,236.000,476.000,26.430000,339.152510,5.911250
1780300832.710043,,,BOARD_2,4,0,3556.000,2207.000,3792.000,2683.000,3674.000,2445.000,236.000,476.000,26.430000,350.363790,3.243750
1780300832.873620,,,BOARD_2,3,0,402.000,1650.000,638.000,2126.000,520.000,1888.000,236.000,476.000,26.430000,336.390792,5.796667
1780300832.873620,,,BOARD_2,3,1,514.000,1858.000,750.000,2334.000,632.000,2096.000,236.000,476.000,26.430000,336.901208,4.843333
1780300833.043487,,,BOARD_2,1,0,1068.000,2060.000,1304.000,2536.000,1186.000,2298.000,236.000,476.000,26.430000,12.214248,3.917500
1780300833.043487,,,BOARD_2,1,1,732.000,1868.000,968.000,2344.000,850.000,2106.000,236.000,476.000,26.430000,10.682998,4.797500
1780300833.114521,,,BOARD_2,3,0,1451.000,2169.000,1687.000,2645.000,1569.000,2407.000,236.000,476.000,26.430000,341.171391,3.417917
1780300833.286641,,,BOARD_2,1,0,476.000,2105.000,712.000,2581.000,594.000,2343.000,236.000,476.000,26.430000,9.516331,3.711250
1780300833.286641,,,BOARD_2,1,1,204.000,2153.000,440.000,2629.000,322.000,2391.000,236.000,476.000,26.430000,8.276748,3.491250
1780300833.286641,,,BOARD_2,1,2,236.000,1753.000,472.000,2229.000,354.000,1991.000,236.000,476.000,26.430000,8.422581,5.324583
1780300833.330096,,,BOARD_2,3,0,1239.000,2180.000,1475.000,2656.000,1357.000,2418.000,236.000,476.000,26.430000,340.205245,3.367500
1780300833.330096,,,BOARD_2,3,1,1047.000,2180.000,1283.000,2656.000,1165.000,2418.000,236.000,476.000,26.430000,339.330245,3.367500
1780300833.422868,,,BOARD_2,4,0,516.000,1986.000,752.000,2462.000,634.000,2224.000,236.000,476.000,26.430000,336.509623,4.256667
1780300833.612348,,,BOARD_2,3,0,1048.000,2182.000,1284.000,2658.000,1166.000,2420.000,236.000,476.000,26.430000,339.334802,3.358333
1780300833.612348,,,BOARD_2,3,1,1240.000,2166.000,1476.000,2642.000,1358.000,2404.000,236.000,476.000,26.430000,340.209802,3.431667
1780300833.761908,,,BOARD_2,1,0,846.000,2145.000,1082.000,2621.000,964.000,2383.000,236.000,476.000,26.430000,11.202529,3.527917
1780300833.909872,,,BOARD_2,3,0,1757.000,2425.000,1797.000,2477.000,1777.000,2451.000,40.000,52.000,155.930000,342.119307,3.216250
1780300833.909872,,,BOARD_2,3,1,1095.000,1825.000,1331.000,2301.000,1213.000,2063.000,236.000,476.000,26.430000,339.548995,4.994583
1780300833.909872,,,BOARD_2,3,2,1431.000,2193.000,1667.000,2669.000,1549.000,2431.000,236.000,476.000,26.430000,341.080245,3.307917
1780300833.909872,,,BOARD_2,3,3,1239.000,2161.000,1475.000,2637.000,1357.000,2399.000,236.000,476.000,26.430000,340.205245,3.454583
1780300834.022919,,,BOARD_2,4,0,3554.000,2204.000,3790.000,2680.000,3672.000,2442.000,236.000,476.000,26.430000,350.354675,3.257500
1780300834.107556,,,BOARD_2,1,0,480.000,2104.000,716.000,2580.000,598.000,2342.000,236.000,476.000,26.430000,9.534560,3.715833
1780300834.107556,,,BOARD_2,1,1,208.000,2152.000,444.000,2628.000,326.000,2390.000,236.000,476.000,26.430000,8.294977,3.495833
1780300834.272879,,,BOARD_2,3,0,347.000,1630.000,583.000,2106.000,465.000,1868.000,236.000,476.000,26.430000,336.140141,5.888333
1780300834.490822,,,BOARD_2,3,0,1444.000,2133.000,1680.000,2609.000,1562.000,2371.000,236.000,476.000,26.430000,341.139490,3.582917
1780300834.726715,,,BOARD_2,1,0,482.000,1764.000,718.000,2240.000,600.000,2002.000,236.000,476.000,26.430000,9.543675,5.274167
1780300834.726715,,,BOARD_2,1,1,466.000,2148.000,702.000,2624.000,584.000,2386.000,236.000,476.000,26.430000,9.470758,3.514167
1780300834.726715,,,BOARD_2,1,2,-62.000,2020.000,174.000,2496.000,56.000,2258.000,236.000,476.000,26.430000,7.064508,4.100833
1780300834.726715,,,BOARD_2,1,3,194.000,2068.000,430.000,2544.000,312.000,2306.000,236.000,476.000,26.430000,8.231175,3.880833
1780300834.835279,,,BOARD_2,3,0,1439.000,2205.000,1675.000,2681.000,1557.000,2443.000,236.000,476.000,26.430000,341.116703,3.252917
1780300834.835279,,,BOARD_2,3,1,1465.000,2145.000,1585.000,2389.000,1525.000,2267.000,120.000,244.000,51.980000,340.970870,4.059583
1780300834.985595,,,BOARD_2,1,0,1070.000,2060.000,1306.000,2536.000,1188.000,2298.000,236.000,476.000,26.430000,12.223363,3.917500
1780300835.072747,,,BOARD_2,3,0,354.000,1641.000,590.000,2117.000,472.000,1879.000,236.000,476.000,26.430000,336.172042,5.837917
1780300835.072747,,,BOARD_2,3,1,482.000,1865.000,718.000,2341.000,600.000,2103.000,236.000,476.000,26.430000,336.755375,4.811250
1780300835.196308,,,BOARD_2,4,0,507.000,2081.000,743.000,2557.000,625.000,2319.000,236.000,476.000,26.430000,336.468607,3.821250
1780300835.234705,,,BOARD_2,1,0,468.000,2117.000,704.000,2593.000,586.000,2355.000,236.000,476.000,26.430000,9.479873,3.656250
1780300835.234705,,,BOARD_2,1,1,196.000,2165.000,432.000,2641.000,314.000,2403.000,236.000,476.000,26.430000,8.240290,3.436250
1780300835.234705,,,BOARD_2,1,2,676.000,2069.000,912.000,2545.000,794.000,2307.000,236.000,476.000,26.430000,10.427790,3.876250
1780300835.416952,,,BOARD_2,3,0,359.000,1650.000,595.000,2126.000,477.000,1888.000,236.000,476.000,26.430000,336.194828,5.796667
1780300835.477005,,,BOARD_2,4,0,639.000,2033.000,875.000,2509.000,757.000,2271.000,236.000,476.000,26.430000,337.070170,4.041250
1780300835.596715,,,BOARD_2,1,0,130.000,2081.000,366.000,2557.000,248.000,2319.000,236.000,476.000,26.430000,7.939508,3.821250
1780300835.596715,,,BOARD_2,1,1,482.000,2225.000,718.000,2701.000,600.000,2463.000,236.000,476.000,26.430000,9.543675,3.161250
1780300835.596715,,,BOARD_2,1,2,-62.000,1985.000,174.000,2461.000,56.000,2223.000,236.000,476.000,26.430000,7.064508,4.261250
1780300835.651217,,,BOARD_2,3,0,1431.000,2199.000,1667.000,2675.000,1549.000,2437.000,236.000,476.000,26.430000,341.080245,3.280417
1780300835.981513,,,BOARD_2,1,0,1070.000,2061.000,1306.000,2537.000,1188.000,2299.000,236.000,476.000,26.430000,12.223363,3.912917
1780300835.992602,,,BOARD_2,3,0,1441.000,2146.000,1677.000,2622.000,1559.000,2384.000,236.000,476.000,26.430000,341.125818,3.523333
1780300835.992602,,,BOARD_2,3,1,1491.000,2168.000,1555.000,2288.000,1523.000,2228.000,64.000,120.000,97.460000,340.961755,4.238333
1780300836.105975,,,BOARD_2,4,0,2346.000,2075.000,2582.000,2551.000,2464.000,2313.000,236.000,476.000,26.430000,344.849467,3.848750
1780300836.344141,,,BOARD_2,3,0,1439.000,2147.000,1675.000,2623.000,1557.000,2385.000,236.000,476.000,26.430000,341.116703,3.518750
1780300836.344141,,,BOARD_2,3,1,1489.000,2169.000,1553.000,2289.000,1521.000,2229.000,64.000,120.000,97.460000,340.952641,4.233750
1780300836.365851,,,BOARD_2,1,0,821.000,2125.000,1057.000,2601.000,939.000,2363.000,236.000,476.000,26.430000,11.088597,3.619583
1780300836.365851,,,BOARD_2,1,1,789.000,1837.000,1025.000,2313.000,907.000,2075.000,236.000,476.000,26.430000,10.942764,4.939583
1780300836.511493,,,BOARD_2,1,0,478.000,2105.000,714.000,2581.000,596.000,2343.000,236.000,476.000,26.430000,9.525446,3.711250
1780300836.511493,,,BOARD_2,1,1,190.000,2153.000,426.000,2629.000,308.000,2391.000,236.000,476.000,26.430000,8.212946,3.491250
1780300836.511493,,,BOARD_2,1,2,302.000,2153.000,538.000,2629.000,420.000,2391.000,236.000,476.000,26.430000,8.723363,3.491250
1780300836.571055,,,BOARD_2,3,0,1440.000,2169.000,1676.000,2645.000,1558.000,2407.000,236.000,476.000,26.430000,341.121260,3.417917
1780300836.571055,,,BOARD_2,3,1,1490.000,2175.000,1554.000,2295.000,1522.000,2235.000,64.000,120.000,97.460000,340.957198,4.206250
1780300836.738945,,,BOARD_2,4,0,1411.000,1936.000,1647.000,2412.000,1529.000,2174.000,236.000,476.000,26.430000,340.588399,4.485833
1780300836.788536,,,BOARD_2,1,0,477.000,2130.000,713.000,2606.000,595.000,2368.000,236.000,476.000,26.430000,9.520889,3.596667
1780300836.788536,,,BOARD_2,1,1,237.000,1746.000,473.000,2222.000,355.000,1984.000,236.000,476.000,26.430000,8.427139,5.356667
1780300836.788536,,,BOARD_2,1,2,205.000,2178.000,441.000,2654.000,323.000,2416.000,236.000,476.000,26.430000,8.281305,3.376667
1780300836.788536,,,BOARD_2,1,3,317.000,2178.000,553.000,2654.000,435.000,2416.000,236.000,476.000,26.430000,8.791722,3.376667
1780300836.912003,,,BOARD_2,3,0,1433.000,2184.000,1669.000,2660.000,1551.000,2422.000,236.000,476.000,26.430000,341.089359,3.349167
1780300837.187266,,,BOARD_2,1,0,477.000,2105.000,713.000,2581.000,595.000,2343.000,236.000,476.000,26.430000,9.520889,3.711250
1780300837.187266,,,BOARD_2,1,1,285.000,1913.000,521.000,2389.000,403.000,2151.000,236.000,476.000,26.430000,8.645889,4.591250
1780300837.187266,,,BOARD_2,1,2,205.000,2153.000,441.000,2629.000,323.000,2391.000,236.000,476.000,26.430000,8.281305,3.491250
1780300837.187266,,,BOARD_2,1,3,237.000,1753.000,473.000,2229.000,355.000,1991.000,236.000,476.000,26.430000,8.427139,5.324583
1780300837.270959,,,BOARD_2,3,0,349.000,1648.000,585.000,2124.000,467.000,1886.000,236.000,476.000,26.430000,336.149255,5.805833
1780300837.270959,,,BOARD_2,3,1,813.000,1632.000,1049.000,2108.000,931.000,1870.000,236.000,476.000,26.430000,338.263839,5.879167
1780300837.270959,,,BOARD_2,3,2,715.000,1960.000,755.000,2012.000,735.000,1986.000,40.000,52.000,155.930000,337.370609,5.347500
1780300837.347699,,,BOARD_2,4,0,3552.000,2202.000,3788.000,2678.000,3670.000,2440.000,236.000,476.000,26.430000,350.345560,3.266667
1780300837.347699,,,BOARD_2,4,1,3504.000,1626.000,3740.000,2102.000,3622.000,1864.000,236.000,476.000,26.430000,350.126810,5.906667
1780300837.527239,,,BOARD_2,3,0,350.000,1648.000,586.000,2124.000,468.000,1886.000,236.000,476.000,26.430000,336.153813,5.805833
1780300837.527239,,,BOARD_2,3,1,814.000,1632.000,1050.000,2108.000,932.000,1870.000,236.000,476.000,26.430000,338.268396,5.879167
1780300837.527239,,,BOARD_2,3,2,716.000,1960.000,756.000,2012.000,736.000,1986.000,40.000,52.000,155.930000,337.375167,5.347500
1780300837.620068,,,BOARD_2,1,0,1073.000,2044.000,1309.000,2520.000,1191.000,2282.000,236.000,476.000,26.430000,12.237034,3.990833
1780300837.696980,,,BOARD_2,4,0,2259.000,1783.000,2495.000,2259.000,2377.000,2021.000,236.000,476.000,26.430000,344.452982,5.187083
1780300837.773862,,,BOARD_2,1,0,476.000,2105.000,712.000,2581.000,594.000,2343.000,236.000,476.000,26.430000,9.516331,3.711250
1780300837.773862,,,BOARD_2,1,1,188.000,2153.000,424.000,2629.000,306.000,2391.000,236.000,476.000,26.430000,8.203831,3.491250
1780300837.773862,,,BOARD_2,1,2,316.000,2153.000,552.000,2629.000,434.000,2391.000,236.000,476.000,26.430000,8.787165,3.491250
1780300837.773862,,,BOARD_2,1,3,854.000,2047.000,918.000,2167.000,886.000,2107.000,64.000,120.000,97.460000,10.847060,4.792917
1780300837.773862,,,BOARD_2,1,4,284.000,1913.000,520.000,2389.000,402.000,2151.000,236.000,476.000,26.430000,8.641331,4.591250
1780300837.780463,,,BOARD_2,3,0,176.000,1625.000,412.000,2101.000,294.000,1863.000,236.000,476.000,26.430000,335.360844,5.911250
1780300837.780463,,,BOARD_2,3,1,352.000,1641.000,588.000,2117.000,470.000,1879.000,236.000,476.000,26.430000,336.162927,5.837917
1780300837.917759,,,BOARD_2,4,0,3551.000,2205.000,3787.000,2681.000,3669.000,2443.000,236.000,476.000,26.430000,350.341003,3.252917
1780300838.057748,,,BOARD_2,1,0,736.000,1867.000,972.000,2343.000,854.000,2105.000,236.000,476.000,26.430000,10.701227,4.802083
1780300838.057748,,,BOARD_2,1,1,1072.000,2075.000,1308.000,2551.000,1190.000,2313.000,236.000,476.000,26.430000,12.232477,3.848750
1780300838.134447,,,BOARD_2,3,0,1754.000,2429.000,1794.000,2481.000,1774.000,2455.000,40.000,52.000,155.930000,342.105635,3.197917
1780300838.134447,,,BOARD_2,3,1,1076.000,2021.000,1312.000,2497.000,1194.000,2259.000,236.000,476.000,26.430000,339.462406,4.096250
1780300838.134447,,,BOARD_2,3,2,1092.000,1813.000,1328.000,2289.000,1210.000,2051.000,236.000,476.000,26.430000,339.535323,5.049583
1780300838.304900,,,BOARD_2,4,0,631.000,2079.000,867.000,2555.000,749.000,2317.000,236.000,476.000,26.430000,337.033711,3.830417
1780300838.397605,,,BOARD_2,1,0,466.000,1757.000,702.000,2233.000,584.000,1995.000,236.000,476.000,26.430000,9.470758,5.306250
1780300838.397605,,,BOARD_2,1,1,-62.000,2029.000,174.000,2505.000,56.000,2267.000,236.000,476.000,26.430000,7.064508,4.059583
1780300838.397605,,,BOARD_2,1,2,194.000,2077.000,430.000,2553.000,312.000,2315.000,236.000,476.000,26.430000,8.231175,3.839583
1780300838.397605,,,BOARD_2,1,3,370.000,2029.000,606.000,2505.000,488.000,2267.000,236.000,476.000,26.430000,9.033258,4.059583
1780300838.397605,,,BOARD_2,1,4,-46.000,2205.000,190.000,2681.000,72.000,2443.000,236.000,476.000,26.430000,7.137425,3.252917
1780300838.397605,,,BOARD_2,1,5,130.000,1933.000,366.000,2409.000,248.000,2171.000,236.000,476.000,26.430000,7.939508,4.499583
1780300838.524792,,,BOARD_2,3,0,521.000,1633.000,757.000,2109.000,639.000,1871.000,236.000,476.000,26.430000,336.933109,5.874583
1780300838.524792,,,BOARD_2,3,1,345.000,1649.000,581.000,2125.000,463.000,1887.000,236.000,476.000,26.430000,336.131026,5.801250
1780300838.655401,,,BOARD_2,3,0,1431.000,2163.000,1667.000,2639.000,1549.000,2401.000,236.000,476.000,26.430000,341.080245,3.445417
1780300838.998522,,,BOARD_2,4,0,3516.000,2207.000,3752.000,2683.000,3634.000,2445.000,236.000,476.000,26.430000,350.181498,3.243750
1780300838.998522,,,BOARD_2,4,1,3500.000,1631.000,3736.000,2107.000,3618.000,1869.000,236.000,476.000,26.430000,350.108581,5.883750
1780300839.041863,,,BOARD_2,3,0,807.000,1632.000,1043.000,2108.000,925.000,1870.000,236.000,476.000,26.430000,338.236495,5.879167
1780300839.041863,,,BOARD_2,3,1,519.000,1632.000,755.000,2108.000,637.000,1870.000,236.000,476.000,26.430000,336.923995,5.879167
1780300839.041863,,,BOARD_2,3,2,343.000,1632.000,579.000,2108.000,461.000,1870.000,236.000,476.000,26.430000,336.121911,5.879167
1780300839.101019,,,BOARD_2,1,0,837.000,2206.000,1073.000,2682.000,955.000,2444.000,236.000,476.000,26.430000,11.161514,3.248333
1780300839.101019,,,BOARD_2,1,1,981.000,2222.000,1217.000,2698.000,1099.000,2460.000,236.000,476.000,26.430000,11.817764,3.175000
1780300839.321153,,,BOARD_2,3,0,181.000,1609.000,417.000,2085.000,299.000,1847.000,236.000,476.000,26.430000,335.383630,5.984583
1780300839.343431,,,BOARD_2,1,0,313.000,2177.000,549.000,2653.000,431.000,2415.000,236.000,476.000,26.430000,8.773493,3.381250
1780300839.343431,,,BOARD_2,1,1,473.000,2129.000,709.000,2605.000,591.000,2367.000,236.000,476.000,26.430000,9.502659,3.601250
1780300839.343431,,,BOARD_2,1,2,771.000,2037.000,1019.000,2217.000,895.000,2127.000,248.000,180.000,25.150000,10.888076,4.701250
1780300839.433451,,,BOARD_2,3,0,349.000,1623.000,585.000,2099.000,467.000,1861.000,236.000,476.000,26.430000,336.149255,5.920417
1780300839.433451,,,BOARD_2,3,1,493.000,1863.000,729.000,2339.000,611.000,2101.000,236.000,476.000,26.430000,336.805505,4.820417
1780300839.433451,,,BOARD_2,3,2,157.000,1623.000,393.000,2099.000,275.000,1861.000,236.000,476.000,26.430000,335.274255,5.920417
1780300839.598983,,,BOARD_2,1,0,1073.000,2035.000,1309.000,2511.000,1191.000,2273.000,236.000,476.000,26.430000,12.237034,4.032083
1780300839.598983,,,BOARD_2,1,1,833.000,1987.000,1069.000,2463.000,951.000,2225.000,236.000,476.000,26.430000,11.143284,4.252083
1780300839.687352,,,BOARD_2,3,0,1433.000,2181.000,1669.000,2657.000,1551.000,2419.000,236.000,476.000,26.430000,341.089359,3.362917
1780300839.687352,,,BOARD_2,3,1,895.000,1671.000,1359.000,2031.000,1127.000,1851.000,464.000,360.000,13.440000,339.157068,5.966250
1780300839.810766,,,BOARD_2,4,0,3548.000,1633.000,3784.000,2109.000,3666.000,1871.000,236.000,476.000,26.430000,350.327331,5.874583
1780300839.941706,,,BOARD_2,3,0,343.000,1650.000,579.000,2126.000,461.000,1888.000,236.000,476.000,26.430000,336.121911,5.796667
1780300839.941706,,,BOARD_2,3,1,519.000,1634.000,755.000,2110.000,637.000,1872.000,236.000,476.000,26.430000,336.923995,5.870000
1780300840.103261,,,BOARD_2,3,0,66.000,1593.000,302.000,2069.000,184.000,1831.000,236.000,476.000,26.430000,334.859542,6.057917
1780300840.162630,,,BOARD_2,4,0,3554.000,2205.000,3790.000,2681.000,3672.000,2443.000,236.000,476.000,26.430000,350.354675,3.252917
1780300840.162630,,,BOARD_2,4,1,3506.000,1629.000,3742.000,2105.000,3624.000,1867.000,236.000,476.000,26.430000,350.135925,5.892917
1780300840.264882,,,BOARD_2,1,0,310.000,2179.000,546.000,2655.000,428.000,2417.000,236.000,476.000,26.430000,8.759821,3.372083
1780300840.264882,,,BOARD_2,1,1,470.000,2195.000,706.000,2671.000,588.000,2433.000,236.000,476.000,26.430000,9.488988,3.298750
1780300840.264882,,,BOARD_2,1,2,198.000,2179.000,434.000,2655.000,316.000,2417.000,236.000,476.000,26.430000,8.249404,3.372083
1780300840.264882,,,BOARD_2,1,3,856.000,2049.000,919.000,2169.000,887.500,2109.000,63.000,120.000,99.000000,10.853896,4.783750
1780300840.379129,,,BOARD_2,3,0,1438.000,2126.000,1674.000,2602.000,1556.000,2364.000,236.000,476.000,26.430000,341.112146,3.615000
1780300840.379129,,,BOARD_2,3,1,1086.000,1982.000,1322.000,2458.000,1204.000,2220.000,236.000,476.000,26.430000,339.507979,4.275000
1780300840.472860,,,BOARD_2,4,0,2353.000,1975.000,2589.000,2451.000,2471.000,2213.000,236.000,476.000,26.430000,344.881368,4.307083
1780300840.516187,,,BOARD_2,3,0,482.000,1858.000,718.000,2334.000,600.000,2096.000,236.000,476.000,26.430000,336.755375,4.843333
1780300840.516187,,,BOARD_2,3,1,354.000,1634.000,590.000,2110.000,472.000,1872.000,236.000,476.000,26.430000,336.172042,5.870000
1780300840.755080,,,BOARD_2,1,0,482.000,2210.000,718.000,2686.000,600.000,2448.000,236.000,476.000,26.430000,9.543675,3.230000
1780300840.755080,,,BOARD_2,1,1,-62.000,1970.000,174.000,2446.000,56.000,2208.000,236.000,476.000,26.430000,7.064508,4.330000
1780300840.755080,,,BOARD_2,1,2,114.000,2146.000,350.000,2622.000,232.000,2384.000,236.000,476.000,26.430000,7.866592,3.523333
1780300840.755080,,,BOARD_2,1,3,434.000,1826.000,670.000,2302.000,552.000,2064.000,236.000,476.000,26.430000,9.324925,4.990000
1780300840.755080,,,BOARD_2,1,4,328.000,1700.000,792.000,2060.000,560.000,1880.000,464.000,360.000,13.440000,9.361383,5.833333
1780300840.882630,,,BOARD_2,3,0,1438.000,2146.000,1674.000,2622.000,1556.000,2384.000,236.000,476.000,26.430000,341.112146,3.523333
1780300840.882630,,,BOARD_2,3,1,1488.000,2168.000,1552.000,2288.000,1520.000,2228.000,64.000,120.000,97.460000,340.948083,4.238333
1780300840.949301,,,BOARD_2,4,0,631.000,2080.000,867.000,2556.000,749.000,2318.000,236.000,476.000,26.430000,337.033711,3.825833
1780300841.103585,,,BOARD_2,1,0,308.000,2164.000,544.000,2640.000,426.000,2402.000,236.000,476.000,26.430000,8.750706,3.440833
1780300841.103585,,,BOARD_2,1,1,212.000,1924.000,448.000,2400.000,330.000,2162.000,236.000,476.000,26.430000,8.313206,4.540833
1780300841.121466,,,BOARD_2,3,0,450.000,1625.000,686.000,2101.000,568.000,1863.000,236.000,476.000,26.430000,336.609542,5.911250
1780300841.121466,,,BOARD_2,3,1,130.000,1753.000,366.000,2229.000,248.000,1991.000,236.000,476.000,26.430000,335.151208,5.324583
1780300841.260737,,,BOARD_2,4,0,2352.000,1961.000,2588.000,2437.000,2470.000,2199.000,236.000,476.000,26.430000,344.876810,4.371250
1780300841.260737,,,BOARD_2,4,1,2352.000,2153.000,2588.000,2629.000,2470.000,2391.000,236.000,476.000,26.430000,344.876810,3.491250
1780300841.332368,,,BOARD_2,1,0,204.000,2153.000,440.000,2629.000,322.000,2391.000,236.000,476.000,26.430000,8.276748,3.491250
1780300841.332368,,,BOARD_2,1,1,476.000,2121.000,712.000,2597.000,594.000,2359.000,236.000,476.000,26.430000,9.516331,3.637917
1780300841.332368,,,BOARD_2,1,2,284.000,1913.000,520.000,2389.000,402.000,2151.000,236.000,476.000,26.430000,8.641331,4.591250
1780300841.332368,,,BOARD_2,1,3,854.000,2047.000,918.000,2167.000,886.000,2107.000,64.000,120.000,97.460000,10.847060,4.792917
1780300841.332368,,,BOARD_2,1,4,716.000,2169.000,952.000,2645.000,834.000,2407.000,236.000,476.000,26.430000,10.610081,3.417917
1780300841.402305,,,BOARD_2,3,0,1452.000,2147.000,1688.000,2623.000,1570.000,2385.000,236.000,476.000,26.430000,341.175948,3.518750
1780300841.451092,,,BOARD_2,4,0,2346.000,1979.000,2582.000,2455.000,2464.000,2217.000,236.000,476.000,26.430000,344.849467,4.288750
1780300841.521788,,,BOARD_2,3,0,434.000,1549.000,670.000,2025.000,552.000,1787.000,236.000,476.000,26.430000,336.536625,6.259583
1780300841.521788,,,BOARD_2,3,1,50.000,1533.000,286.000,2009.000,168.000,1771.000,236.000,476.000,26.430000,334.786625,6.332917
1780300841.521788,,,BOARD_2,3,2,168.000,1599.000,632.000,1959.000,400.000,1779.000,464.000,360.000,13.440000,335.843917,6.296250
1780300841.566280,,,BOARD_2,4,0,3625.000,1606.000,3861.000,2082.000,3743.000,1844.000,236.000,476.000,26.430000,350.678243,5.998333
1780300841.566280,,,BOARD_2,4,1,3833.000,1777.000,3965.000,1869.000,3899.000,1823.000,132.000,92.000,47.250000,351.389180,6.094583
1780300841.566280,,,BOARD_2,4,2,3945.000,1638.000,4181.000,2114.000,4063.000,1876.000,236.000,476.000,26.430000,352.136576,5.851667
1780300841.792521,,,BOARD_2,3,0,1437.000,2146.000,1673.000,2622.000,1555.000,2384.000,236.000,476.000,26.430000,341.107589,3.523333
1780300841.846805,,,BOARD_2,4,0,1415.000,1922.000,1651.000,2398.000,1533.000,2160.000,236.000,476.000,26.430000,340.606628,4.550000
1780300841.914407,,,BOARD_2,1,0,312.000,2165.000,548.000,2641.000,430.000,2403.000,236.000,476.000,26.430000,8.768935,3.436250
1780300841.914407,,,BOARD_2,1,1,280.000,1877.000,516.000,2353.000,398.000,2115.000,236.000,476.000,26.430000,8.623102,4.756250
1780300842.073514,,,BOARD_2,3,0,1045.000,2140.000,1281.000,2616.000,1163.000,2378.000,236.000,476.000,26.430000,339.321130,3.550833
1780300842.073514,,,BOARD_2,3,1,1445.000,2140.000,1681.000,2616.000,1563.000,2378.000,236.000,476.000,26.430000,341.144047,3.550833
1780300842.186959,,,BOARD_2,1,0,735.000,1870.000,971.000,2346.000,853.000,2108.000,236.000,476.000,26.430000,10.696670,4.788333
1780300842.293521,,,BOARD_2,3,0,353.000,1649.000,589.000,2125.000,471.000,1887.000,236.000,476.000,26.430000,336.167484,5.801250
1780300842.293521,,,BOARD_2,3,1,817.000,1649.000,1053.000,2125.000,935.000,1887.000,236.000,476.000,26.430000,338.282068,5.801250
1780300842.293521,,,BOARD_2,3,2,337.000,1873.000,573.000,2349.000,455.000,2111.000,236.000,476.000,26.430000,336.094568,4.774583
1780300842.293521,,,BOARD_2,3,3,719.000,1953.000,759.000,2005.000,739.000,1979.000,40.000,52.000,155.930000,337.388839,5.379583
1780300842.473164,,,BOARD_2,4,0,1090.000,1780.000,1326.000,2256.000,1208.000,2018.000,236.000,476.000,26.430000,339.125508,5.200833
1780300842.549608,,,BOARD_2,3,0,1463.000,2173.000,1699.000,2649.000,1581.000,2411.000,236.000,476.000,26.430000,341.226078,3.399583
1780300842.549608,,,BOARD_2,3,1,1496.000,2179.000,1560.000,2299.000,1528.000,2239.000,64.000,120.000,97.460000,340.984542,4.187917
1780300842.577443,,,BOARD_2,4,0,529.000,2210.000,765.000,2686.000,647.000,2448.000,236.000,476.000,26.430000,336.568868,3.230000
1780300842.709168,,,BOARD_2,1,0,839.000,2209.000,1075.000,2685.000,957.000,2447.000,236.000,476.000,26.430000,11.170628,3.234583
1780300842.709168,,,BOARD_2,1,1,839.000,2017.000,1075.000,2493.000,957.000,2255.000,236.000,476.000,26.430000,11.170628,4.114583
1780300842.715081,,,BOARD_2,3,0,826.000,1646.000,1062.000,2122.000,944.000,1884.000,236.000,476.000,26.430000,338.323083,5.815000
1780300842.715081,,,BOARD_2,3,1,362.000,1646.000,598.000,2122.000,480.000,1884.000,236.000,476.000,26.430000,336.208500,5.815000
1780300842.715081,,,BOARD_2,3,2,522.000,1630.000,758.000,2106.000,640.000,1868.000,236.000,476.000,26.430000,336.937667,5.888333
1780300842.715081,,,BOARD_2,3,3,346.000,2046.000,582.000,2522.000,464.000,2284.000,236.000,476.000,26.430000,336.135583,3.981667
1780300842.874984,,,BOARD_2,1,0,837.000,2209.000,1073.000,2685.000,955.000,2447.000,236.000,476.000,26.430000,11.161514,3.234583
1780300842.874984,,,BOARD_2,1,1,878.000,2023.000,942.000,2143.000,910.000,2083.000,64.000,120.000,97.460000,10.956435,4.902917
1780300843.163527,,,BOARD_2,1,0,475.000,2130.000,711.000,2606.000,593.000,2368.000,236.000,476.000,26.430000,9.511774,3.596667
1780300843.163527,,,BOARD_2,1,1,203.000,2178.000,439.000,2654.000,321.000,2416.000,236.000,476.000,26.430000,8.272191,3.376667
1780300843.254485,,,BOARD_2,3,0,1039.000,2180.000,1275.000,2656.000,1157.000,2418.000,236.000,476.000,26.430000,339.293786,3.367500
1780300843.270798,,,BOARD_2,4,0,526.000,2209.000,762.000,2685.000,644.000,2447.000,236.000,476.000,26.430000,336.555196,3.234583
1780300843.405035,,,BOARD_2,3,0,1440.000,2146.000,1676.000,2622.000,1558.000,2384.000,236.000,476.000,26.430000,341.121260,3.523333
1780300843.405035,,,BOARD_2,3,1,1490.000,2168.000,1554.000,2288.000,1522.000,2228.000,64.000,120.000,97.460000,340.957198,4.238333
1780300843.449141,,,BOARD_2,1,0,360.000,2054.000,492.000,2146.000,426.000,2100.000,132.000,92.000,47.250000,8.750706,4.825000
1780300843.449141,,,BOARD_2,1,1,472.000,2178.000,708.000,2654.000,590.000,2416.000,236.000,476.000,26.430000,9.498102,3.376667
1780300843.510238,,,BOARD_2,4,0,3547.000,2207.000,3783.000,2683.000,3665.000,2445.000,236.000,476.000,26.430000,350.322774,3.243750
1780300843.510238,,,BOARD_2,4,1,3499.000,1631.000,3735.000,2107.000,3617.000,1869.000,236.000,476.000,26.430000,350.104024,5.883750
1780300843.705137,,,BOARD_2,1,0,1075.000,2044.000,1311.000,2520.000,1193.000,2282.000,236.000,476.000,26.430000,12.246149,3.990833
1780300843.924525,,,BOARD_2,3,0,1051.000,2179.000,1287.000,2655.000,1169.000,2417.000,236.000,476.000,26.430000,339.348474,3.372083
1780300843.924525,,,BOARD_2,3,1,1435.000,2179.000,1671.000,2655.000,1553.000,2417.000,236.000,476.000,26.430000,341.098474,3.372083
1780300843.924525,,,BOARD_2,3,2,939.000,2179.000,1175.000,2655.000,1057.000,2417.000,236.000,476.000,26.430000,338.838057,3.372083
1780300843.952473,,,BOARD_2,1,0,839.000,2162.000,1075.000,2638.000,957.000,2400.000,236.000,476.000,26.430000,11.170628,3.450000
1780300843.952473,,,BOARD_2,1,1,880.000,2024.000,944.000,2144.000,912.000,2084.000,64.000,120.000,97.460000,10.965550,4.898333
1780300844.225665,,,BOARD_2,1,0,308.000,2178.000,544.000,2654.000,426.000,2416.000,236.000,476.000,26.430000,8.750706,3.376667
1780300844.225665,,,BOARD_2,1,1,468.000,2178.000,704.000,2654.000,586.000,2416.000,236.000,476.000,26.430000,9.479873,3.376667
1780300844.225665,,,BOARD_2,1,2,356.000,2054.000,488.000,2146.000,422.000,2100.000,132.000,92.000,47.250000,8.732477,4.825000
1780300844.225665,,,BOARD_2,1,3,244.000,1666.000,480.000,2142.000,362.000,1904.000,236.000,476.000,26.430000,8.459040,5.723333
1780300844.278900,,,BOARD_2,3,0,826.000,1672.000,1062.000,2148.000,944.000,1910.000,236.000,476.000,26.430000,338.323083,5.695833
1780300844.376982,,,BOARD_2,4,0,1404.000,1919.000,1640.000,2395.000,1522.000,2157.000,236.000,476.000,26.430000,340.556498,4.563750
1780300844.516524,,,BOARD_2,1,0,303.000,2153.000,539.000,2629.000,421.000,2391.000,236.000,476.000,26.430000,8.727920,3.491250
1780300844.648095,,,BOARD_2,3,0,1441.000,2147.000,1677.000,2623.000,1559.000,2385.000,236.000,476.000,26.430000,341.125818,3.518750
1780300844.648095,,,BOARD_2,3,1,1491.000,2169.000,1555.000,2289.000,1523.000,2229.000,64.000,120.000,97.460000,340.961755,4.233750
1780300844.762462,,,BOARD_2,4,0,491.000,2210.000,727.000,2686.000,609.000,2448.000,236.000,476.000,26.430000,336.395691,3.230000
1780300844.908754,,,BOARD_2,1,0,466.000,1838.000,702.000,2314.000,584.000,2076.000,236.000,476.000,26.430000,9.470758,4.935000
1780300844.908754,,,BOARD_2,1,1,-62.000,1982.000,174.000,2458.000,56.000,2220.000,236.000,476.000,26.430000,7.064508,4.275000
1780300844.908754,,,BOARD_2,1,2,-62.000,2206.000,174.000,2682.000,56.000,2444.000,236.000,476.000,26.430000,7.064508,3.248333
1780300844.952344,,,BOARD_2,3,0,345.000,1634.000,581.000,2110.000,463.000,1872.000,236.000,476.000,26.430000,336.131026,5.870000
1780300844.952344,,,BOARD_2,3,1,719.000,1954.000,759.000,2006.000,739.000,1980.000,40.000,52.000,155.930000,337.388839,5.375000
1780300844.952344,,,BOARD_2,3,2,521.000,1634.000,757.000,2110.000,639.000,1872.000,236.000,476.000,26.430000,336.933109,5.870000
1780300845.040299,,,BOARD_2,1,0,840.000,2203.000,1076.000,2679.000,958.000,2441.000,236.000,476.000,26.430000,11.175185,3.262083
1780300845.040299,,,BOARD_2,1,1,840.000,2011.000,1076.000,2487.000,958.000,2249.000,236.000,476.000,26.430000,11.175185,4.142083
1780300845.040299,,,BOARD_2,1,2,881.000,2025.000,945.000,2145.000,913.000,2085.000,64.000,120.000,97.460000,10.970107,4.893750
1780300845.158235,,,BOARD_2,1,0,839.000,2204.000,1075.000,2680.000,957.000,2442.000,236.000,476.000,26.430000,11.170628,3.257500
1780300845.206575,,,BOARD_2,3,0,355.000,1629.000,591.000,2105.000,473.000,1867.000,236.000,476.000,26.430000,336.176599,5.892917
1780300845.218245,,,BOARD_2,4,0,2271.000,1769.000,2507.000,2245.000,2389.000,2007.000,236.000,476.000,26.430000,344.507670,5.251250
1780300845.426512,,,BOARD_2,1,0,482.000,1750.000,718.000,2226.000,600.000,1988.000,236.000,476.000,26.430000,9.543675,5.338333
1780300845.426512,,,BOARD_2,1,1,482.000,2150.000,718.000,2626.000,600.000,2388.000,236.000,476.000,26.430000,9.543675,3.505000
1780300845.426512,,,BOARD_2,1,2,-62.000,1974.000,174.000,2450.000,56.000,2212.000,236.000,476.000,26.430000,7.064508,4.311667
1780300845.426512,,,BOARD_2,1,3,-62.000,2198.000,174.000,2674.000,56.000,2436.000,236.000,476.000,26.430000,7.064508,3.285000
1780300845.561913,,,BOARD_2,3,0,1473.000,2169.000,1709.000,2645.000,1591.000,2407.000,236.000,476.000,26.430000,341.271651,3.417917
1780300845.561913,,,BOARD_2,3,1,1498.000,2175.000,1562.000,2295.000,1530.000,2235.000,64.000,120.000,97.460000,340.993656,4.206250
1780300845.785173,,,BOARD_2,3,0,402.000,1647.000,638.000,2123.000,520.000,1885.000,236.000,476.000,26.430000,336.390792,5.810417
1780300846.046591,,,BOARD_2,1,0,205.000,2152.000,441.000,2628.000,323.000,2390.000,236.000,476.000,26.430000,8.281305,3.495833
1780300846.046591,,,BOARD_2,1,1,477.000,2152.000,713.000,2628.000,595.000,2390.000,236.000,476.000,26.430000,9.520889,3.495833
1780300846.134433,,,BOARD_2,3,0,1435.000,2206.000,1671.000,2682.000,1553.000,2444.000,236.000,476.000,26.430000,341.098474,3.248333
1780300846.279852,,,BOARD_2,1,0,-78.000,1974.000,158.000,2450.000,40.000,2212.000,236.000,476.000,26.430000,6.991592,4.311667
1780300846.279852,,,BOARD_2,1,1,162.000,1894.000,398.000,2370.000,280.000,2132.000,236.000,476.000,26.430000,8.085342,4.678333
1780300846.279852,,,BOARD_2,1,2,508.000,2154.000,756.000,2334.000,632.000,2244.000,248.000,180.000,25.150000,9.689508,4.165000
1780300846.279852,,,BOARD_2,1,3,370.000,1990.000,606.000,2466.000,488.000,2228.000,236.000,476.000,26.430000,9.033258,4.238333
1780300846.279852,,,BOARD_2,1,4,290.000,1670.000,526.000,2146.000,408.000,1908.000,236.000,476.000,26.430000,8.668675,5.705000
1780300846.279852,,,BOARD_2,1,5,386.000,1798.000,622.000,2274.000,504.000,2036.000,236.000,476.000,26.430000,9.106175,5.118333
1780300846.377491,,,BOARD_2,3,0,1444.000,2147.000,1680.000,2623.000,1562.000,2385.000,236.000,476.000,26.430000,341.139490,3.518750
1780300846.377491,,,BOARD_2,3,1,1494.000,2169.000,1558.000,2289.000,1526.000,2229.000,64.000,120.000,97.460000,340.975427,4.233750
1780300846.545009,,,BOARD_2,4,0,2258.000,1783.000,2494.000,2259.000,2376.000,2021.000,236.000,476.000,26.430000,344.448425,5.187083
1780300846.626725,,,BOARD_2,1,0,839.000,2162.000,1075.000,2638.000,957.000,2400.000,236.000,476.000,26.430000,11.170628,3.450000
1780300846.626725,,,BOARD_2,1,1,880.000,2024.000,944.000,2144.000,912.000,2084.000,64.000,120.000,97.460000,10.965550,4.898333
1780300846.746093,,,BOARD_2,3,0,1061.000,2207.000,1297.000,2683.000,1179.000,2445.000,236.000,476.000,26.430000,339.394047,3.243750
1780300846.956877,,,BOARD_2,1,0,724.000,1860.000,960.000,2336.000,842.000,2098.000,236.000,476.000,26.430000,10.646540,4.834167
1780300847.103228,,,BOARD_2,3,0,1437.000,2209.000,1673.000,2685.000,1555.000,2447.000,236.000,476.000,26.430000,341.107589,3.234583
1780300847.103228,,,BOARD_2,3,1,877.000,1649.000,1113.000,2125.000,995.000,1887.000,236.000,476.000,26.430000,338.555505,5.801250
1780300847.188390,,,BOARD_2,4,0,3553.000,2202.000,3789.000,2678.000,3671.000,2440.000,236.000,476.000,26.430000,350.350118,3.266667
1780300847.313144,,,BOARD_2,1,0,370.000,2159.000,606.000,2635.000,488.000,2397.000,236.000,476.000,26.430000,9.033258,3.463750
1780300847.313144,,,BOARD_2,1,1,-62.000,1983.000,174.000,2459.000,56.000,2221.000,236.000,476.000,26.430000,7.064508,4.270417
1780300847.313144,,,BOARD_2,1,2,604.000,2181.000,668.000,2301.000,636.000,2241.000,64.000,120.000,97.460000,9.707738,4.178750
1780300847.459948,,,BOARD_2,3,0,1448.000,2145.000,1684.000,2621.000,1566.000,2383.000,236.000,476.000,26.430000,341.157719,3.527917
1780300847.659858,,,BOARD_2,1,0,839.000,2209.000,1075.000,2685.000,957.000,2447.000,236.000,476.000,26.430000,11.170628,3.234583
1780300847.659858,,,BOARD_2,1,1,880.000,2023.000,944.000,2143.000,912.000,2083.000,64.000,120.000,97.460000,10.965550,4.902917
1780300847.659858,,,BOARD_2,1,2,839.000,2017.000,1075.000,2493.000,957.000,2255.000,236.000,476.000,26.430000,11.170628,4.114583
1780300847.708721,,,BOARD_2,3,0,1443.000,2143.000,1679.000,2619.000,1561.000,2381.000,236.000,476.000,26.430000,341.134932,3.537083
1780300847.708721,,,BOARD_2,3,1,1043.000,2143.000,1279.000,2619.000,1161.000,2381.000,236.000,476.000,26.430000,339.312016,3.537083
1780300847.894860,,,BOARD_2,4,0,3519.000,2207.000,3755.000,2683.000,3637.000,2445.000,236.000,476.000,26.430000,350.195170,3.243750
1780300847.894860,,,BOARD_2,4,1,3503.000,1631.000,3739.000,2107.000,3621.000,1869.000,236.000,476.000,26.430000,350.122253,5.883750
1780300848.003671,,,BOARD_2,1,0,205.000,2152.000,441.000,2628.000,323.000,2390.000,236.000,476.000,26.430000,8.281305,3.495833
1780300848.003671,,,BOARD_2,1,1,477.000,2104.000,713.000,2580.000,595.000,2342.000,236.000,476.000,26.430000,9.520889,3.715833
1780300848.080024,,,BOARD_2,3,0,833.000,1633.000,1069.000,2109.000,951.000,1871.000,236.000,476.000,26.430000,338.354984,5.874583
1780300848.080024,,,BOARD_2,3,1,247.000,1731.000,711.000,2091.000,479.000,1911.000,464.000,360.000,13.440000,336.203943,5.691250
1780300848.243213,,,BOARD_2,1,0,482.000,1750.000,718.000,2226.000,600.000,1988.000,236.000,476.000,26.430000,9.543675,5.338333
1780300848.243213,,,BOARD_2,1,1,-62.000,1974.000,174.000,2450.000,56.000,2212.000,236.000,476.000,26.430000,7.064508,4.311667
1780300848.243213,,,BOARD_2,1,2,466.000,2134.000,702.000,2610.000,584.000,2372.000,236.000,476.000,26.430000,9.470758,3.578333
1780300848.243213,,,BOARD_2,1,3,-62.000,2182.000,174.000,2658.000,56.000,2420.000,236.000,476.000,26.430000,7.064508,3.358333
1780300848.441783,,,BOARD_2,3,0,990.000,1763.000,1226.000,2239.000,1108.000,2001.000,236.000,476.000,26.430000,339.070479,5.278750
1780300848.441783,,,BOARD_2,3,1,1054.000,2179.000,1290.000,2655.000,1172.000,2417.000,236.000,476.000,26.430000,339.362146,3.372083
1780300848.441783,,,BOARD_2,3,2,1438.000,2179.000,1674.000,2655.000,1556.000,2417.000,236.000,476.000,26.430000,341.112146,3.372083
1780300848.706077,,,BOARD_2,1,0,476.000,2103.000,712.000,2579.000,594.000,2341.000,236.000,476.000,26.430000,9.516331,3.720417
1780300848.706077,,,BOARD_2,1,1,854.000,2045.000,918.000,2165.000,886.000,2105.000,64.000,120.000,97.460000,10.847060,4.802083
1780300848.971510,,,BOARD_2,1,0,840.000,2076.000,1076.000,2552.000,958.000,2314.000,236.000,476.000,26.430000,11.175185,3.844167
1780300848.971510,,,BOARD_2,1,1,1064.000,1980.000,1300.000,2456.000,1182.000,2218.000,236.000,476.000,26.430000,12.196019,4.284167
1780300849.058568,,,BOARD_2,3,0,1057.000,2167.000,1293.000,2643.000,1175.000,2405.000,236.000,476.000,26.430000,339.375818,3.427083
1780300849.058568,,,BOARD_2,3,1,1441.000,2167.000,1677.000,2643.000,1559.000,2405.000,236.000,476.000,26.430000,341.125818,3.427083
1780300849.058568,,,BOARD_2,3,2,1035.000,2357.000,1099.000,2477.000,1067.000,2417.000,64.000,120.000,97.460000,338.883630,3.372083
1780300849.161014,,,BOARD_2,4,0,633.000,2015.000,869.000,2491.000,751.000,2253.000,236.000,476.000,26.430000,337.042826,4.123750
1780300849.218446,,,BOARD_2,1,0,1073.000,2051.000,1309.000,2527.000,1191.000,2289.000,236.000,476.000,26.430000,12.237034,3.958750
1780300849.218446,,,BOARD_2,1,1,737.000,1875.000,973.000,2351.000,855.000,2113.000,236.000,476.000,26.430000,10.705784,4.765417
1780300849.325814,,,BOARD_2,4,0,3519.000,2210.000,3755.000,2686.000,3637.000,2448.000,236.000,476.000,26.430000,350.195170,3.230000
1780300849.325814,,,BOARD_2,4,1,3503.000,1634.000,3739.000,2110.000,3621.000,1872.000,236.000,476.000,26.430000,350.122253,5.870000
1780300849.374154,,,BOARD_2,3,0,1450.000,2149.000,1686.000,2625.000,1568.000,2387.000,236.000,476.000,26.430000,341.166833,3.509583
1780300849.437885,,,BOARD_2,1,0,473.000,2105.000,709.000,2581.000,591.000,2343.000,236.000,476.000,26.430000,9.502659,3.711250
1780300849.437885,,,BOARD_2,1,1,851.000,2047.000,915.000,2167.000,883.000,2107.000,64.000,120.000,97.460000,10.833389,4.792917
1780300849.562036,,,BOARD_2,1,0,853.000,2046.000,917.000,2166.000,885.000,2106.000,64.000,120.000,97.460000,10.842503,4.797500
1780300849.562036,,,BOARD_2,1,1,475.000,2104.000,711.000,2580.000,593.000,2342.000,236.000,476.000,26.430000,9.511774,3.715833
1780300849.562036,,,BOARD_2,1,2,187.000,2152.000,423.000,2628.000,305.000,2390.000,236.000,476.000,26.430000,8.199274,3.495833
1780300849.583359,,,BOARD_2,4,0,2360.000,2142.000,2596.000,2618.000,2478.000,2380.000,236.000,476.000,26.430000,344.913269,3.541667
1780300849.583359,,,BOARD_2,4,1,2344.000,1854.000,2580.000,2330.000,2462.000,2092.000,236.000,476.000,26.430000,344.840352,4.861667
1780300849.720479,,,BOARD_2,3,0,1438.000,2206.000,1674.000,2682.000,1556.000,2444.000,236.000,476.000,26.430000,341.112146,3.248333
1780300849.720479,,,BOARD_2,3,1,916.000,1696.000,1380.000,2056.000,1148.000,1876.000,464.000,360.000,13.440000,339.252771,5.851667
1780300849.720479,,,BOARD_2,3,2,1054.000,2206.000,1290.000,2682.000,1172.000,2444.000,236.000,476.000,26.430000,339.362146,3.248333
1780300849.904859,,,BOARD_2,1,0,473.000,2105.000,709.000,2581.000,591.000,2343.000,236.000,476.000,26.430000,9.502659,3.711250
1780300849.904859,,,BOARD_2,1,1,281.000,1913.000,517.000,2389.000,399.000,2151.000,236.000,476.000,26.430000,8.627659,4.591250
1780300849.904859,,,BOARD_2,1,2,851.000,2047.000,915.000,2167.000,883.000,2107.000,64.000,120.000,97.460000,10.833389,4.792917
1780300850.079683,,,BOARD_2,3,0,1441.000,2147.000,1677.000,2623.000,1559.000,2385.000,236.000,476.000,26.430000,341.125818,3.518750
1780300850.166643,,,BOARD_2,4,0,629.000,2031.000,865.000,2507.000,747.000,2269.000,236.000,476.000,26.430000,337.024597,4.050417
1780300850.246168,,,BOARD_2,1,0,466.000,1742.000,702.000,2218.000,584.000,1980.000,236.000,476.000,26.430000,9.470758,5.375000
1780300850.246168,,,BOARD_2,1,1,498.000,1630.000,734.000,2106.000,616.000,1868.000,236.000,476.000,26.430000,9.616592,5.888333
1780300850.246168,,,BOARD_2,1,2,-62.000,1966.000,174.000,2442.000,56.000,2204.000,236.000,476.000,26.430000,7.064508,4.348333
1780300850.246168,,,BOARD_2,1,3,-62.000,2158.000,174.000,2634.000,56.000,2396.000,236.000,476.000,26.430000,7.064508,3.468333
1780300850.246168,,,BOARD_2,1,4,354.000,2030.000,590.000,2506.000,472.000,2268.000,236.000,476.000,26.430000,8.960342,4.055000
1780300850.246168,,,BOARD_2,1,5,482.000,2158.000,718.000,2634.000,600.000,2396.000,236.000,476.000,26.430000,9.543675,3.468333
1780300850.355277,,,BOARD_2,3,0,1466.000,2191.000,1702.000,2667.000,1584.000,2429.000,236.000,476.000,26.430000,341.239750,3.317083
1780300850.355277,,,BOARD_2,3,1,1511.000,2223.000,1551.000,2275.000,1531.000,2249.000,40.000,52.000,155.930000,340.998214,4.142083
1780300850.425970,,,BOARD_2,4,0,3520.000,2206.000,3756.000,2682.000,3638.000,2444.000,236.000,476.000,26.430000,350.199727,3.248333
1780300850.425970,,,BOARD_2,4,1,3504.000,1630.000,3740.000,2106.000,3622.000,1868.000,236.000,476.000,26.430000,350.126810,5.888333
1780300850.610567,,,BOARD_2,3,0,1440.000,2144.000,1676.000,2620.000,1558.000,2382.000,236.000,476.000,26.430000,341.121260,3.532500
1780300850.610567,,,BOARD_2,3,1,1056.000,2144.000,1292.000,2620.000,1174.000,2382.000,236.000,476.000,26.430000,339.371260,3.532500
1780300850.610567,,,BOARD_2,3,2,1088.000,1920.000,1324.000,2396.000,1206.000,2158.000,236.000,476.000,26.430000,339.517094,4.559167
1780300850.644145,,,BOARD_2,1,0,299.000,2152.000,535.000,2628.000,417.000,2390.000,236.000,476.000,26.430000,8.709691,3.495833
1780300850.644145,,,BOARD_2,1,1,475.000,2104.000,711.000,2580.000,593.000,2342.000,236.000,476.000,26.430000,9.511774,3.715833
1780300850.644145,,,BOARD_2,1,2,853.000,2046.000,917.000,2166.000,885.000,2106.000,64.000,120.000,97.460000,10.842503,4.797500
1780300850.644145,,,BOARD_2,1,3,187.000,2152.000,423.000,2628.000,305.000,2390.000,236.000,476.000,26.430000,8.199274,3.495833
1780300850.686879,,,BOARD_2,4,0,496.000,2080.000,732.000,2556.000,614.000,2318.000,236.000,476.000,26.430000,336.418477,3.825833
1780300850.751609,,,BOARD_2,1,0,-62.000,1964.000,174.000,2440.000,56.000,2202.000,236.000,476.000,26.430000,7.064508,4.357500
1780300850.751609,,,BOARD_2,1,1,-62.000,2156.000,174.000,2632.000,56.000,2394.000,236.000,476.000,26.430000,7.064508,3.477500
1780300850.751609,,,BOARD_2,1,2,98.000,2028.000,334.000,2504.000,216.000,2266.000,236.000,476.000,26.430000,7.793675,4.064167
1780300850.751609,,,BOARD_2,1,3,82.000,2204.000,318.000,2680.000,200.000,2442.000,236.000,476.000,26.430000,7.720758,3.257500
1780300850.856120,,,BOARD_2,3,0,358.000,1633.000,594.000,2109.000,476.000,1871.000,236.000,476.000,26.430000,336.190271,5.874583
1780300851.053982,,,BOARD_2,1,0,474.000,2107.000,710.000,2583.000,592.000,2345.000,236.000,476.000,26.430000,9.507217,3.702083
1780300851.053982,,,BOARD_2,1,1,298.000,2155.000,534.000,2631.000,416.000,2393.000,236.000,476.000,26.430000,8.705133,3.482083
1780300851.053982,,,BOARD_2,1,2,186.000,2155.000,422.000,2631.000,304.000,2393.000,236.000,476.000,26.430000,8.194717,3.482083
1780300851.093874,,,BOARD_2,4,0,2357.000,1986.000,2593.000,2462.000,2475.000,2224.000,236.000,476.000,26.430000,344.899597,4.256667
1780300851.100145,,,BOARD_2,3,0,827.000,1647.000,1063.000,2123.000,945.000,1885.000,236.000,476.000,26.430000,338.327641,5.810417
1780300851.100145,,,BOARD_2,3,1,363.000,1631.000,599.000,2107.000,481.000,1869.000,236.000,476.000,26.430000,336.213057,5.883750
1780300851.203483,,,BOARD_2,1,0,1068.000,2020.000,1304.000,2496.000,1186.000,2258.000,236.000,476.000,26.430000,12.214248,4.100833
1780300851.235350,,,BOARD_2,3,0,1054.000,2180.000,1290.000,2656.000,1172.000,2418.000,236.000,476.000,26.430000,339.362146,3.367500
1780300851.235350,,,BOARD_2,3,1,1438.000,2180.000,1674.000,2656.000,1556.000,2418.000,236.000,476.000,26.430000,341.112146,3.367500
1780300851.332409,,,BOARD_2,4,0,533.000,2209.000,769.000,2685.000,651.000,2447.000,236.000,476.000,26.430000,336.587097,3.234583
1780300851.467330,,,BOARD_2,3,0,1441.000,2147.000,1677.000,2623.000,1559.000,2385.000,236.000,476.000,26.430000,341.125818,3.518750
1780300851.467330,,,BOARD_2,3,1,1739.000,2279.000,1859.000,2523.000,1799.000,2401.000,120.000,244.000,51.980000,342.219568,3.445417
1780300851.517003,,,BOARD_2,1,0,473.000,2106.000,709.000,2582.000,591.000,2344.000,236.000,476.000,26.430000,9.502659,3.706667
1780300851.517003,,,BOARD_2,1,1,201.000,2154.000,437.000,2630.000,319.000,2392.000,236.000,476.000,26.430000,8.263076,3.486667
1780300851.517003,,,BOARD_2,1,2,185.000,1962.000,421.000,2438.000,303.000,2200.000,236.000,476.000,26.430000,8.190159,4.366667
1780300851.517003,,,BOARD_2,1,3,233.000,1754.000,469.000,2230.000,351.000,1992.000,236.000,476.000,26.430000,8.408909,5.320000
1780300851.687791,,,BOARD_2,4,0,3717.000,1700.000,4181.000,2060.000,3949.000,1880.000,464.000,360.000,13.440000,351.617045,5.833333
1780300851.764276,,,BOARD_2,1,0,837.000,2205.000,1073.000,2681.000,955.000,2443.000,236.000,476.000,26.430000,11.161514,3.252917
1780300851.764276,,,BOARD_2,1,1,837.000,2013.000,1073.000,2489.000,955.000,2251.000,236.000,476.000,26.430000,11.161514,4.132917
1780300851.764276,,,BOARD_2,1,2,1061.000,2061.000,1297.000,2537.000,1179.000,2299.000,236.000,476.000,26.430000,12.182347,3.912917
1780300851.814296,,,BOARD_2,3,0,1434.000,2184.000,1670.000,2660.000,1552.000,2422.000,236.000,476.000,26.430000,341.093917,3.349167
1780300851.814296,,,BOARD_2,3,1,1760.000,2416.000,1800.000,2468.000,1780.000,2442.000,40.000,52.000,155.930000,342.132979,3.257500
1780300851.814296,,,BOARD_2,3,2,1098.000,1944.000,1334.000,2420.000,1216.000,2182.000,236.000,476.000,26.430000,339.562667,4.449167
1780300852.023125,,,BOARD_2,1,0,1072.000,2061.000,1308.000,2537.000,1190.000,2299.000,236.000,476.000,26.430000,12.232477,3.912917
1780300852.155229,,,BOARD_2,3,0,346.000,1603.000,582.000,2079.000,464.000,1841.000,236.000,476.000,26.430000,336.135583,6.012083
1780300852.405430,,,BOARD_2,1,0,472.000,2154.000,708.000,2630.000,590.000,2392.000,236.000,476.000,26.430000,9.498102,3.486667
1780300852.405430,,,BOARD_2,1,1,850.000,2048.000,914.000,2168.000,882.000,2108.000,64.000,120.000,97.460000,10.828831,4.788333
1780300852.422455,,,BOARD_2,3,0,1051.000,2210.000,1287.000,2686.000,1169.000,2448.000,236.000,476.000,26.430000,339.348474,3.230000
1780300852.422455,,,BOARD_2,3,1,1035.000,1634.000,1271.000,2110.000,1153.000,1872.000,236.000,476.000,26.430000,339.275557,5.870000
1780300852.422455,,,BOARD_2,3,2,1243.000,2178.000,1479.000,2654.000,1361.000,2416.000,236.000,476.000,26.430000,340.223474,3.376667
1780300852.803526,,,BOARD_2,3,0,1053.000,2210.000,1289.000,2686.000,1171.000,2448.000,236.000,476.000,26.430000,339.357589,3.230000
1780300852.803526,,,BOARD_2,3,1,1037.000,1634.000,1273.000,2110.000,1155.000,1872.000,236.000,476.000,26.430000,339.284672,5.870000
1780300852.803526,,,BOARD_2,3,2,1453.000,2210.000,1689.000,2686.000,1571.000,2448.000,236.000,476.000,26.430000,341.180505,3.230000
1780300852.916920,,,BOARD_2,4,0,3561.000,2208.000,3797.000,2684.000,3679.000,2446.000,236.000,476.000,26.430000,350.386576,3.239167
1780300852.916920,,,BOARD_2,4,1,3497.000,1632.000,3733.000,2108.000,3615.000,1870.000,236.000,476.000,26.430000,350.094909,5.879167
1780300853.003775,,,BOARD_2,1,0,299.000,2152.000,535.000,2628.000,417.000,2390.000,236.000,476.000,26.430000,8.709691,3.495833
1780300853.003775,,,BOARD_2,1,1,283.000,1912.000,519.000,2388.000,401.000,2150.000,236.000,476.000,26.430000,8.636774,4.595833
1780300853.197759,,,BOARD_2,3,0,1055.000,2207.000,1291.000,2683.000,1173.000,2445.000,236.000,476.000,26.430000,339.366703,3.243750
1780300853.197759,,,BOARD_2,3,1,1439.000,2207.000,1675.000,2683.000,1557.000,2445.000,236.000,476.000,26.430000,341.116703,3.243750
1780300853.256927,,,BOARD_2,4,0,3557.000,2207.000,3793.000,2683.000,3675.000,2445.000,236.000,476.000,26.430000,350.368347,3.243750
1780300853.349537,,,BOARD_2,1,0,498.000,2209.000,734.000,2685.000,616.000,2447.000,236.000,476.000,26.430000,9.616592,3.234583
1780300853.349537,,,BOARD_2,1,1,-62.000,1969.000,174.000,2445.000,56.000,2207.000,236.000,476.000,26.430000,7.064508,4.334583
1780300853.349537,,,BOARD_2,1,2,130.000,2081.000,366.000,2557.000,248.000,2319.000,236.000,476.000,26.430000,7.939508,3.821250
1780300853.349537,,,BOARD_2,1,3,-62.000,2161.000,174.000,2637.000,56.000,2399.000,236.000,476.000,26.430000,7.064508,3.454583
1780300853.349537,,,BOARD_2,1,4,612.000,2183.000,675.000,2303.000,643.500,2243.000,63.000,120.000,99.000000,9.741917,4.169583
1780300853.349537,,,BOARD_2,1,5,82.000,2209.000,318.000,2685.000,200.000,2447.000,236.000,476.000,26.430000,7.720758,3.234583
1780300853.489514,,,BOARD_2,3,0,34.000,1511.000,270.000,1987.000,152.000,1749.000,236.000,476.000,26.430000,334.713708,6.433750
1780300853.489514,,,BOARD_2,3,1,66.000,1783.000,302.000,2259.000,184.000,2021.000,236.000,476.000,26.430000,334.859542,5.187083
1780300853.489514,,,BOARD_2,3,2,354.000,1543.000,590.000,2019.000,472.000,1781.000,236.000,476.000,26.430000,336.172042,6.287083
1780300853.489514,,,BOARD_2,3,3,524.000,1771.000,772.000,1951.000,648.000,1861.000,248.000,180.000,25.150000,336.974125,5.920417
1780300853.576208,,,BOARD_2,1,0,301.000,2153.000,537.000,2629.000,419.000,2391.000,236.000,476.000,26.430000,8.718805,3.491250
1780300853.576208,,,BOARD_2,1,1,477.000,2105.000,713.000,2581.000,595.000,2343.000,236.000,476.000,26.430000,9.520889,3.711250
1780300853.626172,,,BOARD_2,4,0,514.000,1995.000,750.000,2471.000,632.000,2233.000,236.000,476.000,26.430000,336.500508,4.215417
1780300853.750796,,,BOARD_2,3,0,1050.000,2196.000,1286.000,2672.000,1168.000,2434.000,236.000,476.000,26.430000,339.343917,3.294167
1780300853.750796,,,BOARD_2,3,1,1242.000,2164.000,1478.000,2640.000,1360.000,2402.000,236.000,476.000,26.430000,340.218917,3.440833
1780300853.750796,,,BOARD_2,3,2,752.000,1718.000,1216.000,2078.000,984.000,1898.000,464.000,360.000,13.440000,338.505375,5.750833
1780300853.957526,,,BOARD_2,1,0,299.000,2154.000,535.000,2630.000,417.000,2392.000,236.000,476.000,26.430000,8.709691,3.486667
1780300853.957526,,,BOARD_2,1,1,475.000,2106.000,711.000,2582.000,593.000,2344.000,236.000,476.000,26.430000,9.511774,3.706667
1780300853.957526,,,BOARD_2,1,2,235.000,1754.000,471.000,2230.000,353.000,1992.000,236.000,476.000,26.430000,8.418024,5.320000
1780300853.957526,,,BOARD_2,1,3,837.000,1998.000,957.000,2242.000,897.000,2120.000,120.000,244.000,51.980000,10.897191,4.733333
1780300854.012004,,,BOARD_2,3,0,1081.000,2209.000,1317.000,2685.000,1199.000,2447.000,236.000,476.000,26.430000,339.485193,3.234583
1780300854.012004,,,BOARD_2,3,1,1241.000,2177.000,1477.000,2653.000,1359.000,2415.000,236.000,476.000,26.430000,340.214359,3.381250
1780300854.211814,,,BOARD_2,1,0,307.000,2123.000,543.000,2599.000,425.000,2361.000,236.000,476.000,26.430000,8.746149,3.628750
1780300854.211814,,,BOARD_2,1,1,467.000,2123.000,703.000,2599.000,585.000,2361.000,236.000,476.000,26.430000,9.475316,3.628750
1780300854.270414,,,BOARD_2,3,0,822.000,1647.000,1058.000,2123.000,940.000,1885.000,236.000,476.000,26.430000,338.304854,5.810417
1780300854.270414,,,BOARD_2,3,1,358.000,1631.000,594.000,2107.000,476.000,1869.000,236.000,476.000,26.430000,336.190271,5.883750
1780300854.549965,,,BOARD_2,3,0,913.000,1697.000,1377.000,2057.000,1145.000,1877.000,464.000,360.000,13.440000,339.239099,5.847083
1780300854.549965,,,BOARD_2,3,1,1051.000,2207.000,1287.000,2683.000,1169.000,2445.000,236.000,476.000,26.430000,339.348474,3.243750
1780300854.549965,,,BOARD_2,3,2,1243.000,2175.000,1479.000,2651.000,1361.000,2413.000,236.000,476.000,26.430000,340.223474,3.390417
1780300854.693541,,,BOARD_2,1,0,1069.000,2029.000,1305.000,2505.000,1187.000,2267.000,236.000,476.000,26.430000,12.218805,4.059583
1780300855.005163,,,BOARD_2,4,0,3548.000,1630.000,3784.000,2106.000,3666.000,1868.000,236.000,476.000,26.430000,350.327331,5.888333
1780300855.076067,,,BOARD_2,1,0,477.000,2104.000,713.000,2580.000,595.000,2342.000,236.000,476.000,26.430000,9.520889,3.715833
1780300855.076067,,,BOARD_2,1,1,301.000,2152.000,537.000,2628.000,419.000,2390.000,236.000,476.000,26.430000,8.718805,3.495833
1780300855.087479,,,BOARD_2,3,0,1077.000,2209.000,1313.000,2685.000,1195.000,2447.000,236.000,476.000,26.430000,339.466964,3.234583
1780300855.300886,,,BOARD_2,1,0,844.000,2141.000,1080.000,2617.000,962.000,2379.000,236.000,476.000,26.430000,11.193415,3.546250
1780300855.361458,,,BOARD_2,3,0,1453.000,2206.000,1689.000,2682.000,1571.000,2444.000,236.000,476.000,26.430000,341.180505,3.248333
1780300855.577950,,,BOARD_2,1,0,838.000,2210.000,1074.000,2686.000,956.000,2448.000,236.000,476.000,26.430000,11.166071,3.230000
1780300855.577950,,,BOARD_2,1,1,879.000,2024.000,943.000,2144.000,911.000,2084.000,64.000,120.000,97.460000,10.960993,4.898333
1780300855.687535,,,BOARD_2,3,0,360.000,1646.000,596.000,2122.000,478.000,1884.000,236.000,476.000,26.430000,336.199385,5.815000
1780300855.687535,,,BOARD_2,3,1,520.000,1646.000,756.000,2122.000,638.000,1884.000,236.000,476.000,26.430000,336.928552,5.815000
1780300855.834989,,,BOARD_2,1,0,845.000,2152.000,1081.000,2628.000,963.000,2390.000,236.000,476.000,26.430000,11.197972,3.495833
1780300855.950761,,,BOARD_2,3,0,1741.000,2279.000,1781.000,2331.000,1761.000,2305.000,40.000,52.000,155.930000,342.046391,3.885417
1780300855.950761,,,BOARD_2,3,1,1079.000,2031.000,1315.000,2507.000,1197.000,2269.000,236.000,476.000,26.430000,339.476078,4.050417
1780300856.105661,,,BOARD_2,1,0,476.000,2104.000,712.000,2580.000,594.000,2342.000,236.000,476.000,26.430000,9.516331,3.715833
1780300856.187083,,,BOARD_2,3,0,356.000,1647.000,592.000,2123.000,474.000,1885.000,236.000,476.000,26.430000,336.181156,5.810417
1780300856.187083,,,BOARD_2,3,1,836.000,1647.000,1072.000,2123.000,954.000,1885.000,236.000,476.000,26.430000,338.368656,5.810417
1780300856.187083,,,BOARD_2,3,2,308.000,1967.000,544.000,2443.000,426.000,2205.000,236.000,476.000,26.430000,335.962406,4.343750
1780300856.361695,,,BOARD_2,1,0,-46.000,1973.000,190.000,2449.000,72.000,2211.000,236.000,476.000,26.430000,7.137425,4.316250
1780300856.361695,,,BOARD_2,1,1,370.000,2021.000,606.000,2497.000,488.000,2259.000,236.000,476.000,26.430000,9.033258,4.096250
1780300856.361695,,,BOARD_2,1,2,466.000,1749.000,702.000,2225.000,584.000,1987.000,236.000,476.000,26.430000,9.470758,5.342917
1780300856.361695,,,BOARD_2,1,3,130.000,1941.000,366.000,2417.000,248.000,2179.000,236.000,476.000,26.430000,7.939508,4.462917
1780300856.589095,,,BOARD_2,3,0,1057.000,2196.000,1293.000,2672.000,1175.000,2434.000,236.000,476.000,26.430000,339.375818,3.294167
1780300856.589095,,,BOARD_2,3,1,903.000,1686.000,1367.000,2046.000,1135.000,1866.000,464.000,360.000,13.440000,339.193526,5.897500
1780300856.767293,,,BOARD_2,1,0,477.000,2103.000,713.000,2579.000,595.000,2341.000,236.000,476.000,26.430000,9.520889,3.720417
1780300856.767293,,,BOARD_2,1,1,775.000,2027.000,1023.000,2207.000,899.000,2117.000,248.000,180.000,25.150000,10.906305,4.747083
1780300856.767293,,,BOARD_2,1,2,685.000,2039.000,921.000,2515.000,803.000,2277.000,236.000,476.000,26.430000,10.468805,4.013750
1780300856.767293,,,BOARD_2,1,3,189.000,2151.000,425.000,2627.000,307.000,2389.000,236.000,476.000,26.430000,8.208389,3.500417
1780300856.767293,,,BOARD_2,1,4,301.000,2151.000,537.000,2627.000,419.000,2389.000,236.000,476.000,26.430000,8.718805,3.500417
1780300856.823040,,,BOARD_2,3,0,353.000,1621.000,589.000,2097.000,471.000,1859.000,236.000,476.000,26.430000,336.167484,5.929583
1780300856.823040,,,BOARD_2,3,1,161.000,1621.000,397.000,2097.000,279.000,1859.000,236.000,476.000,26.430000,335.292484,5.929583
1780300856.823040,,,BOARD_2,3,2,657.000,1941.000,893.000,2417.000,775.000,2179.000,236.000,476.000,26.430000,337.552901,4.462917
1780300856.882765,,,BOARD_2,1,0,794.000,1837.000,1030.000,2313.000,912.000,2075.000,236.000,476.000,26.430000,10.965550,4.939583
1780300856.882765,,,BOARD_2,1,1,826.000,2109.000,1062.000,2585.000,944.000,2347.000,236.000,476.000,26.430000,11.111383,3.692917
1780300856.882765,,,BOARD_2,1,2,1066.000,2029.000,1302.000,2505.000,1184.000,2267.000,236.000,476.000,26.430000,12.205133,4.059583
1780300857.067063,,,BOARD_2,3,0,1441.000,2179.000,1677.000,2655.000,1559.000,2417.000,236.000,476.000,26.430000,341.125818,3.372083
1780300857.067063,,,BOARD_2,3,1,1057.000,2179.000,1293.000,2655.000,1175.000,2417.000,236.000,476.000,26.430000,339.375818,3.372083
1780300857.138346,,,BOARD_2,1,0,476.000,2103.000,712.000,2579.000,594.000,2341.000,236.000,476.000,26.430000,9.516331,3.720417
1780300857.138346,,,BOARD_2,1,1,300.000,2151.000,536.000,2627.000,418.000,2389.000,236.000,476.000,26.430000,8.714248,3.500417
1780300857.138346,,,BOARD_2,1,2,866.000,2079.000,906.000,2131.000,886.000,2105.000,40.000,52.000,155.930000,10.847060,4.802083
1780300857.138346,,,BOARD_2,1,3,188.000,1959.000,424.000,2435.000,306.000,2197.000,236.000,476.000,26.430000,8.203831,4.380417
1780300857.283241,,,BOARD_2,3,0,1435.000,2169.000,1671.000,2645.000,1553.000,2407.000,236.000,476.000,26.430000,341.098474,3.417917
1780300857.504187,,,BOARD_2,1,0,468.000,2177.000,704.000,2653.000,586.000,2415.000,236.000,476.000,26.430000,9.479873,3.381250
1780300857.504187,,,BOARD_2,1,1,308.000,2161.000,544.000,2637.000,426.000,2399.000,236.000,476.000,26.430000,8.750706,3.454583
1780300857.504187,,,BOARD_2,1,2,244.000,1681.000,480.000,2157.000,362.000,1919.000,236.000,476.000,26.430000,8.459040,5.654583
1780300857.617734,,,BOARD_2,3,0,1435.000,2143.000,1671.000,2619.000,1553.000,2381.000,236.000,476.000,26.430000,341.098474,3.537083
1780300857.617734,,,BOARD_2,3,1,1051.000,2143.000,1287.000,2619.000,1169.000,2381.000,236.000,476.000,26.430000,339.348474,3.537083
1780300857.617734,,,BOARD_2,3,2,1243.000,2127.000,1479.000,2603.000,1361.000,2365.000,236.000,476.000,26.430000,340.223474,3.610417
1780300857.617734,,,BOARD_2,3,3,980.000,2005.000,1044.000,2125.000,1012.000,2065.000,64.000,120.000,97.460000,338.632979,4.985417
1780300857.737040,,,BOARD_2,1,0,482.000,2207.000,718.000,2683.000,600.000,2445.000,236.000,476.000,26.430000,9.543675,3.243750
1780300857.737040,,,BOARD_2,1,1,-62.000,2159.000,174.000,2635.000,56.000,2397.000,236.000,476.000,26.430000,7.064508,3.463750
1780300857.737040,,,BOARD_2,1,2,258.000,2031.000,494.000,2507.000,376.000,2269.000,236.000,476.000,26.430000,8.522842,4.050417
1780300857.737040,,,BOARD_2,1,3,384.000,1959.000,424.000,2010.000,404.000,1984.500,40.000,51.000,155.930000,8.650446,5.354375
1780300857.849867,,,BOARD_2,3,0,1440.000,2187.000,1676.000,2663.000,1558.000,2425.000,236.000,476.000,26.430000,341.121260,3.335417
1780300857.849867,,,BOARD_2,3,1,1056.000,2187.000,1292.000,2663.000,1174.000,2425.000,236.000,476.000,26.430000,339.371260,3.335417
1780300858.001311,,,BOARD_2,1,0,1065.000,1995.000,1301.000,2471.000,1183.000,2233.000,236.000,476.000,26.430000,12.200576,4.215417
1780300858.001311,,,BOARD_2,1,1,1195.000,2305.000,1258.000,2425.000,1226.500,2365.000,63.000,120.000,99.000000,12.398818,3.610417
1780300858.206805,,,BOARD_2,3,0,843.000,1627.000,1079.000,2103.000,961.000,1865.000,236.000,476.000,26.430000,338.400557,5.902083
1780300858.206805,,,BOARD_2,3,1,913.000,1693.000,1377.000,2053.000,1145.000,1873.000,464.000,360.000,13.440000,339.239099,5.865417
1780300858.363134,,,BOARD_2,1,0,733.000,1869.000,969.000,2345.000,851.000,2107.000,236.000,476.000,26.430000,10.687555,4.792917
1780300858.363134,,,BOARD_2,1,1,733.000,2029.000,969.000,2505.000,851.000,2267.000,236.000,476.000,26.430000,10.687555,4.059583
1780300858.437566,,,BOARD_2,3,0,1448.000,2146.000,1684.000,2622.000,1566.000,2384.000,236.000,476.000,26.430000,341.157719,3.523333
1780300858.551158,,,BOARD_2,4,0,3520.000,2207.000,3756.000,2683.000,3638.000,2445.000,236.000,476.000,26.430000,350.199727,3.243750
1780300858.551158,,,BOARD_2,4,1,3504.000,1631.000,3740.000,2107.000,3622.000,1869.000,236.000,476.000,26.430000,350.126810,5.883750
1780300858.726176,,,BOARD_2,1,0,1069.000,2038.000,1305.000,2514.000,1187.000,2276.000,236.000,476.000,26.430000,12.218805,4.018333
1780300858.780259,,,BOARD_2,3,0,980.000,1697.000,1228.000,1877.000,1104.000,1787.000,248.000,180.000,25.150000,339.052250,6.259583
1780300858.780259,,,BOARD_2,3,1,1434.000,2142.000,1670.000,2618.000,1552.000,2380.000,236.000,476.000,26.430000,341.093917,3.541667
1780300858.926129,,,BOARD_2,4,0,2345.000,2131.000,2581.000,2607.000,2463.000,2369.000,236.000,476.000,26.430000,344.844909,3.592083
1780300858.978902,,,BOARD_2,1,0,232.000,1758.000,468.000,2234.000,350.000,1996.000,236.000,476.000,26.430000,8.404352,5.301667
1780300858.978902,,,BOARD_2,1,1,472.000,2110.000,708.000,2586.000,590.000,2348.000,236.000,476.000,26.430000,9.498102,3.688333
1780300858.978902,,,BOARD_2,1,2,312.000,2158.000,548.000,2634.000,430.000,2396.000,236.000,476.000,26.430000,8.768935,3.468333
1780300859.144971,,,BOARD_2,4,0,535.000,2209.000,771.000,2685.000,653.000,2447.000,236.000,476.000,26.430000,336.596211,3.234583
1780300859.359575,,,BOARD_2,3,0,911.000,2210.000,1147.000,2686.000,1029.000,2448.000,236.000,476.000,26.430000,338.710453,3.230000
1780300859.359575,,,BOARD_2,3,1,1439.000,2210.000,1675.000,2686.000,1557.000,2448.000,236.000,476.000,26.430000,341.116703,3.230000
1780300859.504925,,,BOARD_2,4,0,3525.000,2205.000,3761.000,2681.000,3643.000,2443.000,236.000,476.000,26.430000,350.222514,3.252917
1780300859.504925,,,BOARD_2,4,1,3509.000,1629.000,3745.000,2105.000,3627.000,1867.000,236.000,476.000,26.430000,350.149597,5.892917
1780300859.705104,,,BOARD_2,3,0,1239.000,2133.000,1475.000,2609.000,1357.000,2371.000,236.000,476.000,26.430000,340.205245,3.582917
1780300860.048553,,,BOARD_2,3,0,353.000,2039.000,589.000,2515.000,471.000,2277.000,236.000,476.000,26.430000,336.167484,4.013750
1780300860.264454,,,BOARD_2,1,0,839.000,2159.000,1075.000,2635.000,957.000,2397.000,236.000,476.000,26.430000,11.170628,3.463750
1780300860.637474,,,BOARD_2,1,0,482.000,1745.000,718.000,2221.000,600.000,1983.000,236.000,476.000,26.430000,9.543675,5.361250
1780300860.637474,,,BOARD_2,1,1,482.000,2161.000,718.000,2637.000,600.000,2399.000,236.000,476.000,26.430000,9.543675,3.454583
1780300860.637474,,,BOARD_2,1,2,-62.000,1969.000,174.000,2445.000,56.000,2207.000,236.000,476.000,26.430000,7.064508,4.334583
1780300860.637474,,,BOARD_2,1,3,-62.000,2161.000,174.000,2637.000,56.000,2399.000,236.000,476.000,26.430000,7.064508,3.454583
1780300860.746351,,,BOARD_2,3,0,1433.000,2207.000,1669.000,2683.000,1551.000,2445.000,236.000,476.000,26.430000,341.089359,3.243750
1780300861.028472,,,BOARD_2,1,0,476.000,2105.000,712.000,2581.000,594.000,2343.000,236.000,476.000,26.430000,9.516331,3.711250
1780300861.028472,,,BOARD_2,1,1,300.000,2153.000,536.000,2629.000,418.000,2391.000,236.000,476.000,26.430000,8.714248,3.491250
1780300861.028472,,,BOARD_2,1,2,854.000,2047.000,918.000,2167.000,886.000,2107.000,64.000,120.000,97.460000,10.847060,4.792917
1780300861.105663,,,BOARD_2,3,0,906.000,1694.000,1370.000,2054.000,1138.000,1874.000,464.000,360.000,13.440000,339.207198,5.860833
1780300861.105663,,,BOARD_2,3,1,1044.000,2204.000,1280.000,2680.000,1162.000,2442.000,236.000,476.000,26.430000,339.316573,3.257500
1780300861.151177,,,BOARD_2,4,0,525.000,2210.000,761.000,2686.000,643.000,2448.000,236.000,476.000,26.430000,336.550639,3.230000
1780300861.273261,,,BOARD_2,1,0,839.000,2145.000,1075.000,2621.000,957.000,2383.000,236.000,476.000,26.430000,11.170628,3.527917
1780300861.457921,,,BOARD_2,3,0,1440.000,2146.000,1676.000,2622.000,1558.000,2384.000,236.000,476.000,26.430000,341.121260,3.523333
1780300861.648686,,,BOARD_2,1,0,840.000,2205.000,1076.000,2681.000,958.000,2443.000,236.000,476.000,26.430000,11.175185,3.252917
1780300861.808991,,,BOARD_2,3,0,1045.000,2201.000,1281.000,2677.000,1163.000,2439.000,236.000,476.000,26.430000,339.321130,3.271250
1780300861.808991,,,BOARD_2,3,1,981.000,1753.000,1217.000,2229.000,1099.000,1991.000,236.000,476.000,26.430000,339.029464,5.324583
1780300861.853603,,,BOARD_2,4,0,1547.000,2201.000,1783.000,2677.000,1665.000,2439.000,236.000,476.000,26.430000,341.208191,3.271250
1780300862.046170,,,BOARD_2,1,0,482.000,1742.000,718.000,2218.000,600.000,1980.000,236.000,476.000,26.430000,9.543675,5.375000
1780300862.046170,,,BOARD_2,1,1,482.000,2158.000,718.000,2634.000,600.000,2396.000,236.000,476.000,26.430000,9.543675,3.468333
1780300862.046170,,,BOARD_2,1,2,-62.000,2206.000,174.000,2682.000,56.000,2444.000,236.000,476.000,26.430000,7.064508,3.248333
1780300862.046170,,,BOARD_2,1,3,-62.000,1982.000,174.000,2458.000,56.000,2220.000,236.000,476.000,26.430000,7.064508,4.275000
1780300862.046170,,,BOARD_2,1,4,354.000,2030.000,590.000,2506.000,472.000,2268.000,236.000,476.000,26.430000,8.960342,4.055000
1780300862.289827,,,BOARD_2,1,0,370.000,2151.000,606.000,2627.000,488.000,2389.000,236.000,476.000,26.430000,9.033258,3.500417
1780300862.289827,,,BOARD_2,1,1,-62.000,1975.000,174.000,2451.000,56.000,2213.000,236.000,476.000,26.430000,7.064508,4.307083
1780300862.289827,,,BOARD_2,1,2,556.000,2315.000,676.000,2559.000,616.000,2437.000,120.000,244.000,51.980000,9.616592,3.280417
1780300862.289827,,,BOARD_2,1,3,612.000,2173.000,676.000,2293.000,644.000,2233.000,64.000,120.000,97.460000,9.744196,4.215417
1780300862.289827,,,BOARD_2,1,4,82.000,2183.000,318.000,2659.000,200.000,2421.000,236.000,476.000,26.430000,7.720758,3.353750
1780300862.392643,,,BOARD_2,3,0,1438.000,2179.000,1674.000,2655.000,1556.000,2417.000,236.000,476.000,26.430000,341.112146,3.372083
1780300862.392643,,,BOARD_2,3,1,1054.000,2179.000,1290.000,2655.000,1172.000,2417.000,236.000,476.000,26.430000,339.362146,3.372083
1780300862.673159,,,BOARD_2,1,0,853.000,2047.000,917.000,2167.000,885.000,2107.000,64.000,120.000,97.460000,10.842503,4.792917
1780300862.673159,,,BOARD_2,1,1,475.000,2105.000,711.000,2581.000,593.000,2343.000,236.000,476.000,26.430000,9.511774,3.711250
1780300862.673159,,,BOARD_2,1,2,235.000,1753.000,471.000,2229.000,353.000,1991.000,236.000,476.000,26.430000,8.418024,5.324583
1780300862.673159,,,BOARD_2,1,3,315.000,2153.000,551.000,2629.000,433.000,2391.000,236.000,476.000,26.430000,8.782607,3.491250
1780300862.673159,,,BOARD_2,1,4,203.000,2153.000,439.000,2629.000,321.000,2391.000,236.000,476.000,26.430000,8.272191,3.491250
1780300862.750592,,,BOARD_2,3,0,1433.000,2177.000,1669.000,2653.000,1551.000,2415.000,236.000,476.000,26.430000,341.089359,3.381250
1780300862.750592,,,BOARD_2,3,1,1049.000,2177.000,1285.000,2653.000,1167.000,2415.000,236.000,476.000,26.430000,339.339359,3.381250
1780300862.940016,,,BOARD_2,1,0,1075.000,2057.000,1311.000,2533.000,1193.000,2295.000,236.000,476.000,26.430000,12.246149,3.931250
1780300863.141938,,,BOARD_2,3,0,1443.000,2147.000,1679.000,2623.000,1561.000,2385.000,236.000,476.000,26.430000,341.134932,3.518750
1780300863.141938,,,BOARD_2,3,1,1493.000,2169.000,1557.000,2289.000,1525.000,2229.000,64.000,120.000,97.460000,340.970870,4.233750
1780300863.141938,,,BOARD_2,3,2,1741.000,2279.000,1861.000,2523.000,1801.000,2401.000,120.000,244.000,51.980000,342.228682,3.445417
1780300863.218028,,,BOARD_2,1,0,847.000,2011.000,1083.000,2487.000,965.000,2249.000,236.000,476.000,26.430000,11.207086,4.142083
1780300863.384933,,,BOARD_2,3,0,1436.000,2174.000,1672.000,2650.000,1554.000,2412.000,236.000,476.000,26.430000,341.103031,3.395000
1780300863.443831,,,BOARD_2,1,0,480.000,2104.000,716.000,2580.000,598.000,2342.000,236.000,476.000,26.430000,9.534560,3.715833
1780300863.498357,,,BOARD_2,3,0,342.000,1631.000,578.000,2107.000,460.000,1869.000,236.000,476.000,26.430000,336.117354,5.883750
1780300863.813091,,,BOARD_2,3,0,1439.000,2150.000,1675.000,2626.000,1557.000,2388.000,236.000,476.000,26.430000,341.116703,3.505000
1780300863.813091,,,BOARD_2,3,1,1489.000,2172.000,1553.000,2292.000,1521.000,2232.000,64.000,120.000,97.460000,340.952641,4.220000
1780300864.172289,,,BOARD_2,1,0,241.000,1753.000,477.000,2229.000,359.000,1991.000,236.000,476.000,26.430000,8.445368,5.324583
1780300864.204773,,,BOARD_2,3,0,1439.000,2181.000,1675.000,2657.000,1557.000,2419.000,236.000,476.000,26.430000,341.116703,3.362917
1780300864.322990,,,BOARD_2,3,0,1440.000,2148.000,1676.000,2624.000,1558.000,2386.000,236.000,476.000,26.430000,341.121260,3.514167
1780300864.322990,,,BOARD_2,3,1,1490.000,2170.000,1554.000,2290.000,1522.000,2230.000,64.000,120.000,97.460000,340.957198,4.229167
1780300864.452569,,,BOARD_2,4,0,3545.000,2206.000,3781.000,2682.000,3663.000,2444.000,236.000,476.000,26.430000,350.313659,3.248333
1780300864.521416,,,BOARD_2,1,0,482.000,1763.000,718.000,2239.000,600.000,2001.000,236.000,476.000,26.430000,9.543675,5.278750
1780300864.521416,,,BOARD_2,1,1,466.000,2035.000,702.000,2511.000,584.000,2273.000,236.000,476.000,26.430000,9.470758,4.032083
1780300864.521416,,,BOARD_2,1,2,-46.000,2051.000,190.000,2527.000,72.000,2289.000,236.000,476.000,26.430000,7.137425,3.958750
1780300864.579538,,,BOARD_2,3,0,1433.000,2142.000,1669.000,2618.000,1551.000,2380.000,236.000,476.000,26.430000,341.089359,3.541667
1780300864.718379,,,BOARD_2,4,0,628.000,2080.000,864.000,2556.000,746.000,2318.000,236.000,476.000,26.430000,337.020040,3.825833
1780300864.768668,,,BOARD_2,1,0,153.000,1695.000,617.000,2055.000,385.000,1875.000,464.000,360.000,13.440000,8.563857,5.856250
1780300864.801269,,,BOARD_2,3,0,1459.000,2167.000,1695.000,2643.000,1577.000,2405.000,236.000,476.000,26.430000,341.207849,3.427083
1780300864.801269,,,BOARD_2,3,1,1484.000,2123.000,1604.000,2367.000,1544.000,2245.000,120.000,244.000,51.980000,341.057458,4.160417
1780300864.880471,,,BOARD_2,4,0,2257.000,1758.000,2493.000,2234.000,2375.000,1996.000,236.000,476.000,26.430000,344.443868,5.301667
1780300865.005355,,,BOARD_2,1,0,247.000,1672.000,483.000,2148.000,365.000,1910.000,236.000,476.000,26.430000,8.472711,5.695833
1780300865.005355,,,BOARD_2,1,1,471.000,2152.000,707.000,2628.000,589.000,2390.000,236.000,476.000,26.430000,9.493545,3.495833
1780300865.153183,,,BOARD_2,3,0,1431.000,2139.000,1667.000,2615.000,1549.000,2377.000,236.000,476.000,26.430000,341.080245,3.555417
1780300865.153183,,,BOARD_2,3,1,1063.000,1931.000,1299.000,2407.000,1181.000,2169.000,236.000,476.000,26.430000,339.403161,4.508750
1780300865.181641,,,BOARD_2,4,0,493.000,2081.000,729.000,2557.000,611.000,2319.000,236.000,476.000,26.430000,336.404805,3.821250
1780300865.392881,,,BOARD_2,3,0,355.000,1649.000,591.000,2125.000,473.000,1887.000,236.000,476.000,26.430000,336.176599,5.801250
1780300865.392881,,,BOARD_2,3,1,729.000,1699.000,1193.000,2059.000,961.000,1879.000,464.000,360.000,13.440000,338.400557,5.837917
1780300865.472453,,,BOARD_2,4,0,3518.000,2207.000,3754.000,2683.000,3636.000,2445.000,236.000,476.000,26.430000,350.190612,3.243750
1780300865.472453,,,BOARD_2,4,1,3502.000,1631.000,3738.000,2107.000,3620.000,1869.000,236.000,476.000,26.430000,350.117696,5.883750
1780300865.620286,,,BOARD_2,1,0,210.000,2153.000,446.000,2629.000,328.000,2391.000,236.000,476.000,26.430000,8.304092,3.491250
1780300865.620286,,,BOARD_2,1,1,482.000,2105.000,718.000,2581.000,600.000,2343.000,236.000,476.000,26.430000,9.543675,3.711250
1780300865.637558,,,BOARD_2,3,0,354.000,1633.000,590.000,2109.000,472.000,1871.000,236.000,476.000,26.430000,336.172042,5.874583
1780300865.637558,,,BOARD_2,3,1,482.000,1873.000,718.000,2349.000,600.000,2111.000,236.000,476.000,26.430000,336.755375,4.774583
1780300865.709582,,,BOARD_2,4,0,495.000,2210.000,731.000,2686.000,613.000,2448.000,236.000,476.000,26.430000,336.413920,3.230000
1780300865.841814,,,BOARD_2,1,0,478.000,2105.000,714.000,2581.000,596.000,2343.000,236.000,476.000,26.430000,9.525446,3.711250
1780300865.841814,,,BOARD_2,1,1,206.000,2153.000,442.000,2629.000,324.000,2391.000,236.000,476.000,26.430000,8.285863,3.491250
1780300866.019405,,,BOARD_2,3,0,1441.000,2146.000,1677.000,2622.000,1559.000,2384.000,236.000,476.000,26.430000,341.125818,3.523333
1780300866.239104,,,BOARD_2,3,0,1068.000,1933.000,1304.000,2409.000,1186.000,2171.000,236.000,476.000,26.430000,339.425948,4.499583
1780300866.239104,,,BOARD_2,3,1,1436.000,2141.000,1672.000,2617.000,1554.000,2379.000,236.000,476.000,26.430000,341.103031,3.546250
1780300866.418902,,,BOARD_2,1,0,206.000,2153.000,442.000,2629.000,324.000,2391.000,236.000,476.000,26.430000,8.285863,3.491250
1780300866.418902,,,BOARD_2,1,1,478.000,2121.000,714.000,2597.000,596.000,2359.000,236.000,476.000,26.430000,9.525446,3.637917
1780300866.482380,,,BOARD_2,3,0,1461.000,2169.000,1697.000,2645.000,1579.000,2407.000,236.000,476.000,26.430000,341.216964,3.417917
1780300866.482380,,,BOARD_2,3,1,1494.000,2183.000,1558.000,2303.000,1526.000,2243.000,64.000,120.000,97.460000,340.975427,4.169583
1780300866.635705,,,BOARD_2,4,0,494.000,2081.000,730.000,2557.000,612.000,2319.000,236.000,476.000,26.430000,336.409362,3.821250
1780300866.822305,,,BOARD_2,1,0,478.000,2122.000,714.000,2598.000,596.000,2360.000,236.000,476.000,26.430000,9.525446,3.633333
1780300866.822305,,,BOARD_2,1,1,254.000,1674.000,490.000,2150.000,372.000,1912.000,236.000,476.000,26.430000,8.504613,5.686667
1780300866.828483,,,BOARD_2,3,0,1457.000,2153.000,1693.000,2629.000,1575.000,2391.000,236.000,476.000,26.430000,341.198734,3.491250
1780300866.828483,,,BOARD_2,3,1,1467.000,2125.000,1587.000,2369.000,1527.000,2247.000,120.000,244.000,51.980000,340.979984,4.151250
1780300866.876933,,,BOARD_2,4,0,2357.000,1982.000,2593.000,2458.000,2475.000,2220.000,236.000,476.000,26.430000,344.899597,4.275000
1780300867.191429,,,BOARD_2,3,0,1443.000,2207.000,1679.000,2683.000,1561.000,2445.000,236.000,476.000,26.430000,341.134932,3.243750
1780300867.419216,,,BOARD_2,1,0,482.000,2157.000,718.000,2633.000,600.000,2395.000,236.000,476.000,26.430000,9.543675,3.472917
1780300867.419216,,,BOARD_2,1,1,482.000,1805.000,718.000,2281.000,600.000,2043.000,236.000,476.000,26.430000,9.543675,5.086250
1780300867.419216,,,BOARD_2,1,2,-46.000,2157.000,190.000,2633.000,72.000,2395.000,236.000,476.000,26.430000,7.137425,3.472917
1780300867.488925,,,BOARD_2,3,0,1445.000,2140.000,1681.000,2616.000,1563.000,2378.000,236.000,476.000,26.430000,341.144047,3.550833
1780300867.488925,,,BOARD_2,3,1,933.000,2140.000,1169.000,2616.000,1051.000,2378.000,236.000,476.000,26.430000,338.810714,3.550833
1780300867.516796,,,BOARD_2,4,0,489.000,2098.000,725.000,2574.000,607.000,2336.000,236.000,476.000,26.430000,336.386576,3.743333
1780300867.652421,,,BOARD_2,1,0,1069.000,2058.000,1305.000,2534.000,1187.000,2296.000,236.000,476.000,26.430000,12.218805,3.926667
1780300867.837346,,,BOARD_2,3,0,354.000,1626.000,590.000,2102.000,472.000,1864.000,236.000,476.000,26.430000,336.172042,5.906667
1780300867.837346,,,BOARD_2,3,1,482.000,1882.000,718.000,2358.000,600.000,2120.000,236.000,476.000,26.430000,336.755375,4.733333
1780300868.075784,,,BOARD_2,1,0,482.000,2149.000,718.000,2625.000,600.000,2387.000,236.000,476.000,26.430000,9.543675,3.509583
1780300868.075784,,,BOARD_2,1,1,-62.000,1973.000,174.000,2449.000,56.000,2211.000,236.000,476.000,26.430000,7.064508,4.316250
1780300868.075784,,,BOARD_2,1,2,482.000,1733.000,718.000,2209.000,600.000,1971.000,236.000,476.000,26.430000,9.543675,5.416250
1780300868.075784,,,BOARD_2,1,3,-46.000,2149.000,190.000,2625.000,72.000,2387.000,236.000,476.000,26.430000,7.137425,3.509583
1780300868.263800,,,BOARD_2,4,0,523.000,2209.000,759.000,2685.000,641.000,2447.000,236.000,476.000,26.430000,336.541524,3.234583
1780300868.323870,,,BOARD_2,1,0,470.000,2135.000,706.000,2611.000,588.000,2373.000,236.000,476.000,26.430000,9.488988,3.573750
1780300868.415346,,,BOARD_2,3,0,1436.000,2188.000,1672.000,2664.000,1554.000,2426.000,236.000,476.000,26.430000,341.103031,3.330833
1780300868.415346,,,BOARD_2,3,1,1052.000,2188.000,1288.000,2664.000,1170.000,2426.000,236.000,476.000,26.430000,339.353031,3.330833
1780300868.517615,,,BOARD_2,4,0,2343.000,1854.000,2579.000,2330.000,2461.000,2092.000,236.000,476.000,26.430000,344.835795,4.861667
1780300868.707226,,,BOARD_2,1,0,1070.000,2057.000,1306.000,2533.000,1188.000,2295.000,236.000,476.000,26.430000,12.223363,3.931250
1780300868.772752,,,BOARD_2,3,0,1759.000,2431.000,1799.000,2483.000,1779.000,2457.000,40.000,52.000,155.930000,342.128422,3.188750
1780300868.914670,,,BOARD_2,4,0,3549.000,2205.000,3785.000,2681.000,3667.000,2443.000,236.000,476.000,26.430000,350.331889,3.252917
1780300868.914670,,,BOARD_2,4,1,3501.000,1629.000,3737.000,2105.000,3619.000,1867.000,236.000,476.000,26.430000,350.113139,5.892917
1780300869.075281,,,BOARD_2,1,0,209.000,2178.000,445.000,2654.000,327.000,2416.000,236.000,476.000,26.430000,8.299534,3.376667
1780300869.075281,,,BOARD_2,1,1,481.000,2130.000,717.000,2606.000,599.000,2368.000,236.000,476.000,26.430000,9.539118,3.596667
1780300869.130932,,,BOARD_2,3,0,1042.000,2177.000,1278.000,2653.000,1160.000,2415.000,236.000,476.000,26.430000,339.307458,3.381250
1780300869.130932,,,BOARD_2,3,1,1442.000,2177.000,1678.000,2653.000,1560.000,2415.000,236.000,476.000,26.430000,341.130375,3.381250
1780300869.296577,,,BOARD_2,4,0,523.000,2210.000,759.000,2686.000,641.000,2448.000,236.000,476.000,26.430000,336.541524,3.230000
1780300869.357033,,,BOARD_2,1,0,846.000,2154.000,1082.000,2630.000,964.000,2392.000,236.000,476.000,26.430000,11.202529,3.486667
1780300869.357033,,,BOARD_2,1,1,1070.000,2058.000,1306.000,2534.000,1188.000,2296.000,236.000,476.000,26.430000,12.223363,3.926667
1780300869.379542,,,BOARD_2,3,0,1437.000,2178.000,1673.000,2654.000,1555.000,2416.000,236.000,476.000,26.430000,341.107589,3.376667
1780300869.379542,,,BOARD_2,3,1,1037.000,2178.000,1273.000,2654.000,1155.000,2416.000,236.000,476.000,26.430000,339.284672,3.376667
1780300869.575961,,,BOARD_2,3,0,357.000,1629.000,593.000,2105.000,475.000,1867.000,236.000,476.000,26.430000,336.185714,5.892917
1780300869.575961,,,BOARD_2,3,1,661.000,1773.000,897.000,2249.000,779.000,2011.000,236.000,476.000,26.430000,337.571130,5.232917
1780300869.612663,,,BOARD_2,1,0,189.000,2153.000,425.000,2629.000,307.000,2391.000,236.000,476.000,26.430000,8.208389,3.491250
1780300869.612663,,,BOARD_2,1,1,477.000,2105.000,713.000,2581.000,595.000,2343.000,236.000,476.000,26.430000,9.520889,3.711250
1780300869.612663,,,BOARD_2,1,2,301.000,2153.000,537.000,2629.000,419.000,2391.000,236.000,476.000,26.430000,8.718805,3.491250
1780300869.859592,,,BOARD_2,1,0,1074.000,2030.000,1310.000,2506.000,1192.000,2268.000,236.000,476.000,26.430000,12.241592,4.055000
1780300869.859592,,,BOARD_2,1,1,834.000,2042.000,966.000,2134.000,900.000,2088.000,132.000,92.000,47.250000,10.910863,4.880000
1780300869.938288,,,BOARD_2,3,0,834.000,1648.000,1070.000,2124.000,952.000,1886.000,236.000,476.000,26.430000,338.359542,5.805833
1780300869.938288,,,BOARD_2,3,1,354.000,1632.000,590.000,2108.000,472.000,1870.000,236.000,476.000,26.430000,336.172042,5.879167
1780300869.938288,,,BOARD_2,3,2,514.000,1648.000,750.000,2124.000,632.000,1886.000,236.000,476.000,26.430000,336.901208,5.805833
1780300869.938288,,,BOARD_2,3,3,322.000,1904.000,558.000,2380.000,440.000,2142.000,236.000,476.000,26.430000,336.026208,4.632500
1780300870.116400,,,BOARD_2,1,0,478.000,2104.000,714.000,2580.000,596.000,2342.000,236.000,476.000,26.430000,9.525446,3.715833
1780300870.116400,,,BOARD_2,1,1,206.000,2152.000,442.000,2628.000,324.000,2390.000,236.000,476.000,26.430000,8.285863,3.495833
1780300870.316337,,,BOARD_2,3,0,1438.000,2146.000,1674.000,2622.000,1556.000,2384.000,236.000,476.000,26.430000,341.112146,3.523333
1780300870.366001,,,BOARD_2,1,0,1073.000,2065.000,1309.000,2541.000,1191.000,2303.000,236.000,476.000,26.430000,12.237034,3.894583
1780300870.489945,,,BOARD_2,3,0,1438.000,2145.000,1674.000,2621.000,1556.000,2383.000,236.000,476.000,26.430000,341.112146,3.527917
1780300870.649496,,,BOARD_2,4,0,3551.000,2201.000,3787.000,2677.000,3669.000,2439.000,236.000,476.000,26.430000,350.341003,3.271250
1780300870.649496,,,BOARD_2,4,1,3503.000,1641.000,3739.000,2117.000,3621.000,1879.000,236.000,476.000,26.430000,350.122253,5.837917
1780300870.705582,,,BOARD_2,1,0,489.000,2099.000,725.000,2575.000,607.000,2337.000,236.000,476.000,26.430000,9.575576,3.738750
1780300870.856399,,,BOARD_2,3,0,1435.000,2144.000,1671.000,2620.000,1553.000,2382.000,236.000,476.000,26.430000,341.098474,3.532500
1780300870.911282,,,BOARD_2,4,0,519.000,2209.000,755.000,2685.000,637.000,2447.000,236.000,476.000,26.430000,336.523295,3.234583
1780300871.053037,,,BOARD_2,1,0,476.000,2105.000,712.000,2581.000,594.000,2343.000,236.000,476.000,26.430000,9.516331,3.711250
1780300871.053037,,,BOARD_2,1,1,204.000,2153.000,440.000,2629.000,322.000,2391.000,236.000,476.000,26.430000,8.276748,3.491250
1780300871.098113,,,BOARD_2,3,0,1437.000,2145.000,1673.000,2621.000,1555.000,2383.000,236.000,476.000,26.430000,341.107589,3.527917
1780300871.098113,,,BOARD_2,3,1,1487.000,2167.000,1551.000,2287.000,1519.000,2227.000,64.000,120.000,97.460000,340.943526,4.242917
1780300871.402168,,,BOARD_2,1,0,479.000,2113.000,715.000,2589.000,597.000,2351.000,236.000,476.000,26.430000,9.530003,3.674583
1780300871.402168,,,BOARD_2,1,1,207.000,2161.000,443.000,2637.000,325.000,2399.000,236.000,476.000,26.430000,8.290420,3.454583
1780300871.604964,,,BOARD_2,4,0,517.000,2209.000,753.000,2685.000,635.000,2447.000,236.000,476.000,26.430000,336.514180,3.234583
1780300871.621168,,,BOARD_2,1,0,837.000,2176.000,1073.000,2652.000,955.000,2414.000,236.000,476.000,26.430000,11.161514,3.385833
1780300871.621168,,,BOARD_2,1,1,878.000,2022.000,942.000,2142.000,910.000,2082.000,64.000,120.000,97.460000,10.956435,4.907500
1780300871.730079,,,BOARD_2,3,0,1437.000,2146.000,1673.000,2622.000,1555.000,2384.000,236.000,476.000,26.430000,341.107589,3.523333
1780300871.730079,,,BOARD_2,3,1,1487.000,2168.000,1551.000,2288.000,1519.000,2228.000,64.000,120.000,97.460000,340.943526,4.238333
1780300871.736291,,,BOARD_2,4,0,3545.000,2202.000,3781.000,2678.000,3663.000,2440.000,236.000,476.000,26.430000,350.313659,3.266667
1780300872.080070,,,BOARD_2,3,0,1433.000,2145.000,1669.000,2621.000,1551.000,2383.000,236.000,476.000,26.430000,341.089359,3.527917
1780300872.080070,,,BOARD_2,3,1,1491.000,2167.000,1555.000,2287.000,1523.000,2227.000,64.000,120.000,97.460000,340.961755,4.242917
1780300872.080070,,,BOARD_2,3,2,1747.000,2335.000,1811.000,2455.000,1779.000,2395.000,64.000,120.000,97.460000,342.128422,3.472917
1780300872.368267,,,BOARD_2,1,0,841.000,2157.000,1077.000,2633.000,959.000,2395.000,236.000,476.000,26.430000,11.179743,3.472917
1780300872.368267,,,BOARD_2,1,1,1065.000,2061.000,1301.000,2537.000,1183.000,2299.000,236.000,476.000,26.430000,12.200576,3.912917
1780300872.433861,,,BOARD_2,3,0,1434.000,2146.000,1670.000,2622.000,1552.000,2384.000,236.000,476.000,26.430000,341.093917,3.523333
1780300872.763703,,,BOARD_2,1,0,1071.000,2066.000,1307.000,2542.000,1189.000,2304.000,236.000,476.000,26.430000,12.227920,3.890000
1780300872.899492,,,BOARD_2,3,0,327.000,1787.000,563.000,2263.000,445.000,2025.000,236.000,476.000,26.430000,336.048995,5.168750
1780300872.899492,,,BOARD_2,3,1,503.000,1643.000,739.000,2119.000,621.000,1881.000,236.000,476.000,26.430000,336.851078,5.828750
1780300873.039421,,,BOARD_2,1,0,704.000,2382.000,768.000,2502.000,736.000,2442.000,64.000,120.000,97.460000,10.163467,3.257500
1780300873.138429,,,BOARD_2,3,0,1433.000,2145.000,1669.000,2621.000,1551.000,2383.000,236.000,476.000,26.430000,341.089359,3.527917
1780300873.219439,,,BOARD_2,4,0,3525.000,2203.000,3761.000,2679.000,3643.000,2441.000,236.000,476.000,26.430000,350.222514,3.262083
1780300873.219439,,,BOARD_2,4,1,3403.000,1693.000,3867.000,2053.000,3635.000,1873.000,464.000,360.000,13.440000,350.186055,5.865417
1780300873.397071,,,BOARD_2,1,0,194.000,2077.000,430.000,2553.000,312.000,2315.000,236.000,476.000,26.430000,8.231175,3.839583
1780300873.397071,,,BOARD_2,1,1,-46.000,2157.000,190.000,2633.000,72.000,2395.000,236.000,476.000,26.430000,7.137425,3.472917
1780300873.397071,,,BOARD_2,1,2,-62.000,1981.000,174.000,2457.000,56.000,2219.000,236.000,476.000,26.430000,7.064508,4.279583
1780300873.499267,,,BOARD_2,3,0,1436.000,2146.000,1672.000,2622.000,1554.000,2384.000,236.000,476.000,26.430000,341.103031,3.523333
1780300873.846379,,,BOARD_2,1,0,482.000,2207.000,718.000,2683.000,600.000,2445.000,236.000,476.000,26.430000,9.543675,3.243750
1780300873.846379,,,BOARD_2,1,1,-62.000,1967.000,174.000,2443.000,56.000,2205.000,236.000,476.000,26.430000,7.064508,4.343750
1780300873.846379,,,BOARD_2,1,2,-62.000,2159.000,174.000,2635.000,56.000,2397.000,236.000,476.000,26.430000,7.064508,3.463750
1780300873.846379,,,BOARD_2,1,3,258.000,2047.000,494.000,2523.000,376.000,2285.000,236.000,476.000,26.430000,8.522842,3.977083
1780300873.846379,,,BOARD_2,1,4,130.000,2079.000,366.000,2555.000,248.000,2317.000,236.000,476.000,26.430000,7.939508,3.830417
1780300873.955638,,,BOARD_2,3,0,1432.000,2147.000,1668.000,2623.000,1550.000,2385.000,236.000,476.000,26.430000,341.084802,3.518750
1780300874.041778,,,BOARD_2,4,0,523.000,2207.000,759.000,2683.000,641.000,2445.000,236.000,476.000,26.430000,336.541524,3.243750
1780300874.210389,,,BOARD_2,3,0,1441.000,2143.000,1677.000,2619.000,1559.000,2381.000,236.000,476.000,26.430000,341.125818,3.537083
1780300874.301081,,,BOARD_2,4,0,523.000,2210.000,759.000,2686.000,641.000,2448.000,236.000,476.000,26.430000,336.541524,3.230000
1780300874.333628,,,BOARD_2,1,0,192.000,2179.000,428.000,2655.000,310.000,2417.000,236.000,476.000,26.430000,8.222060,3.372083
1780300874.333628,,,BOARD_2,1,1,304.000,2179.000,540.000,2655.000,422.000,2417.000,236.000,476.000,26.430000,8.732477,3.372083
1780300874.333628,,,BOARD_2,1,2,850.000,2049.000,913.000,2169.000,881.500,2109.000,63.000,120.000,99.000000,10.826553,4.783750
1780300874.333628,,,BOARD_2,1,3,688.000,2003.000,924.000,2479.000,806.000,2241.000,236.000,476.000,26.430000,10.482477,4.178750
1780300874.453055,,,BOARD_2,3,0,1073.000,2188.000,1309.000,2664.000,1191.000,2426.000,236.000,476.000,26.430000,339.448734,3.330833
1780300874.453055,,,BOARD_2,3,1,999.000,1902.000,1463.000,2262.000,1231.000,2082.000,464.000,360.000,13.440000,339.631026,4.907500
1780300874.654784,,,BOARD_2,4,0,3539.000,2206.000,3775.000,2682.000,3657.000,2444.000,236.000,476.000,26.430000,350.286316,3.248333
1780300874.781361,,,BOARD_2,1,0,1068.000,2064.000,1304.000,2540.000,1186.000,2302.000,236.000,476.000,26.430000,12.214248,3.899167
1780300874.940181,,,BOARD_2,3,0,1444.000,2174.000,1680.000,2650.000,1562.000,2412.000,236.000,476.000,26.430000,341.139490,3.395000
1780300875.243802,,,BOARD_2,1,0,298.000,2164.000,534.000,2640.000,416.000,2402.000,236.000,476.000,26.430000,8.705133,3.440833
1780300875.243802,,,BOARD_2,1,1,186.000,2164.000,422.000,2640.000,304.000,2402.000,236.000,476.000,26.430000,8.194717,3.440833
1780300875.297502,,,BOARD_2,3,0,1437.000,2146.000,1673.000,2622.000,1555.000,2384.000,236.000,476.000,26.430000,341.107589,3.523333
1780300875.297502,,,BOARD_2,3,1,1487.000,2168.000,1551.000,2288.000,1519.000,2228.000,64.000,120.000,97.460000,340.943526,4.238333
1780300875.460303,,,BOARD_2,4,0,489.000,2098.000,725.000,2574.000,607.000,2336.000,236.000,476.000,26.430000,336.386576,3.743333
1780300875.707357,,,BOARD_2,1,0,851.000,2123.000,1087.000,2599.000,969.000,2361.000,236.000,476.000,26.430000,11.225316,3.628750
1780300876.055282,,,BOARD_2,1,0,298.000,2152.000,534.000,2628.000,416.000,2390.000,236.000,476.000,26.430000,8.705133,3.495833
1780300876.055282,,,BOARD_2,1,1,186.000,2152.000,422.000,2628.000,304.000,2390.000,236.000,476.000,26.430000,8.194717,3.495833
1780300876.242278,,,BOARD_2,3,0,1435.000,2146.000,1671.000,2622.000,1553.000,2384.000,236.000,476.000,26.430000,341.098474,3.523333
1780300876.389017,,,BOARD_2,1,0,301.000,2151.000,537.000,2627.000,419.000,2389.000,236.000,476.000,26.430000,8.718805,3.500417
1780300876.433668,,,BOARD_2,3,0,1436.000,2145.000,1672.000,2621.000,1554.000,2383.000,236.000,476.000,26.430000,341.103031,3.527917
1780300876.781229,,,BOARD_2,3,0,1437.000,2147.000,1673.000,2623.000,1555.000,2385.000,236.000,476.000,26.430000,341.107589,3.518750
1780300876.813872,,,BOARD_2,1,0,1070.000,2034.000,1306.000,2510.000,1188.000,2272.000,236.000,476.000,26.430000,12.223363,4.036667
1780300877.028839,,,BOARD_2,3,0,1439.000,2171.000,1675.000,2647.000,1557.000,2409.000,236.000,476.000,26.430000,341.116703,3.408750
1780300877.028839,,,BOARD_2,3,1,1753.000,2369.000,1817.000,2489.000,1785.000,2429.000,64.000,120.000,97.460000,342.155766,3.317083
1780300877.288963,,,BOARD_2,1,0,476.000,2103.000,712.000,2579.000,594.000,2341.000,236.000,476.000,26.430000,9.516331,3.720417
1780300877.288963,,,BOARD_2,1,1,300.000,2151.000,536.000,2627.000,418.000,2389.000,236.000,476.000,26.430000,8.714248,3.500417
1780300877.397925,,,BOARD_2,3,0,1755.000,2431.000,1795.000,2483.000,1775.000,2457.000,40.000,52.000,155.930000,342.110193,3.188750
1780300877.665914,,,BOARD_2,1,0,1067.000,2036.000,1303.000,2512.000,1185.000,2274.000,236.000,476.000,26.430000,12.209691,4.027500
1780300877.790719,,,BOARD_2,3,0,1437.000,2147.000,1673.000,2623.000,1555.000,2385.000,236.000,476.000,26.430000,341.107589,3.518750
1780300878.076848,,,BOARD_2,1,0,842.000,2157.000,1078.000,2633.000,960.000,2395.000,236.000,476.000,26.430000,11.184300,3.472917
1780300878.190937,,,BOARD_2,3,0,1435.000,2207.000,1671.000,2683.000,1553.000,2445.000,236.000,476.000,26.430000,341.098474,3.243750
1780300878.434542,,,BOARD_2,4,0,635.000,2031.000,871.000,2507.000,753.000,2269.000,236.000,476.000,26.430000,337.051941,4.050417
1780300878.467573,,,BOARD_2,1,0,475.000,2087.000,711.000,2563.000,593.000,2325.000,236.000,476.000,26.430000,9.511774,3.793750
1780300878.467573,,,BOARD_2,1,1,773.000,2027.000,1021.000,2207.000,897.000,2117.000,248.000,180.000,25.150000,10.897191,4.747083
1780300878.467573,,,BOARD_2,1,2,203.000,2151.000,439.000,2627.000,321.000,2389.000,236.000,476.000,26.430000,8.272191,3.500417
1780300878.598185,,,BOARD_2,3,0,1440.000,2176.000,1676.000,2652.000,1558.000,2414.000,236.000,476.000,26.430000,341.121260,3.385833
1780300878.728256,,,BOARD_2,1,0,203.000,2151.000,439.000,2627.000,321.000,2389.000,236.000,476.000,26.430000,8.272191,3.500417
1780300878.728256,,,BOARD_2,1,1,475.000,2103.000,711.000,2579.000,593.000,2341.000,236.000,476.000,26.430000,9.511774,3.720417
1780300878.728256,,,BOARD_2,1,2,773.000,2027.000,1021.000,2207.000,897.000,2117.000,248.000,180.000,25.150000,10.897191,4.747083
1780300878.728256,,,BOARD_2,1,3,683.000,2023.000,919.000,2499.000,801.000,2261.000,236.000,476.000,26.430000,10.459691,4.087083
1780300878.854135,,,BOARD_2,4,0,3547.000,2208.000,3783.000,2684.000,3665.000,2446.000,236.000,476.000,26.430000,350.322774,3.239167
1780300878.854135,,,BOARD_2,4,1,3499.000,1632.000,3735.000,2108.000,3617.000,1870.000,236.000,476.000,26.430000,350.104024,5.879167
1780300878.865966,,,BOARD_2,3,0,1432.000,2210.000,1668.000,2686.000,1550.000,2448.000,236.000,476.000,26.430000,341.084802,3.230000
1780300878.865966,,,BOARD_2,3,1,872.000,1986.000,1108.000,2462.000,990.000,2224.000,236.000,476.000,26.430000,338.532719,4.256667
1780300879.007453,,,BOARD_2,1,0,200.000,2151.000,436.000,2627.000,318.000,2389.000,236.000,476.000,26.430000,8.258519,3.500417
1780300879.007453,,,BOARD_2,1,1,862.000,2079.000,902.000,2131.000,882.000,2105.000,40.000,52.000,155.930000,10.828831,4.802083
1780300879.045588,,,BOARD_2,3,0,359.000,1632.000,595.000,2108.000,477.000,1870.000,236.000,476.000,26.430000,336.194828,5.879167
1780300879.045588,,,BOARD_2,3,1,823.000,1648.000,1059.000,2124.000,941.000,1886.000,236.000,476.000,26.430000,338.309411,5.805833
1780300879.255271,,,BOARD_2,1,0,471.000,2102.000,707.000,2578.000,589.000,2340.000,236.000,476.000,26.430000,9.493545,3.725000
1780300879.255271,,,BOARD_2,1,1,861.000,2078.000,901.000,2130.000,881.000,2104.000,40.000,52.000,155.930000,10.824274,4.806667
1780300879.271976,,,BOARD_2,4,0,633.000,2032.000,869.000,2508.000,751.000,2270.000,236.000,476.000,26.430000,337.042826,4.045833
1780300879.294204,,,BOARD_2,3,0,358.000,1632.000,594.000,2108.000,476.000,1870.000,236.000,476.000,26.430000,336.190271,5.879167
1780300879.393684,,,BOARD_2,1,0,-62.000,1969.000,174.000,2445.000,56.000,2207.000,236.000,476.000,26.430000,7.064508,4.334583
1780300879.393684,,,BOARD_2,1,1,-62.000,2161.000,174.000,2637.000,56.000,2399.000,236.000,476.000,26.430000,7.064508,3.454583
1780300879.393684,,,BOARD_2,1,2,162.000,2081.000,398.000,2557.000,280.000,2319.000,236.000,476.000,26.430000,8.085342,3.821250
1780300879.438938,,,BOARD_2,3,0,1049.000,2175.000,1285.000,2651.000,1167.000,2413.000,236.000,476.000,26.430000,339.339359,3.390417
1780300879.438938,,,BOARD_2,3,1,1433.000,2175.000,1669.000,2651.000,1551.000,2413.000,236.000,476.000,26.430000,341.089359,3.390417
1780300890.226401,,,BOARD_2,4,0,3547.000,2202.000,3783.000,2678.000,3665.000,2440.000,236.000,476.000,26.430000,350.322774,3.266667
1780300890.692923,,,BOARD_2,4,0,3549.000,2202.000,3785.000,2678.000,3667.000,2440.000,236.000,476.000,26.430000,350.331889,3.266667
1780300890.883815,,,BOARD_2,1,0,180.000,2152.000,416.000,2628.000,298.000,2390.000,236.000,476.000,26.430000,8.167373,3.495833
1780300890.921615,,,BOARD_2,3,0,1441.000,2146.000,1677.000,2622.000,1559.000,2384.000,236.000,476.000,26.430000,341.125818,3.523333
1780300891.703905,,,BOARD_2,1,0,188.000,2176.000,424.000,2652.000,306.000,2414.000,236.000,476.000,26.430000,8.203831,3.385833
1780300892.518915,,,BOARD_2,1,0,180.000,2151.000,416.000,2627.000,298.000,2389.000,236.000,476.000,26.430000,8.167373,3.500417
1780300892.891424,,,BOARD_2,1,0,295.000,2153.000,531.000,2629.000,413.000,2391.000,236.000,476.000,26.430000,8.691461,3.491250
1780300893.027752,,,BOARD_2,3,0,1461.000,2167.000,1697.000,2643.000,1579.000,2405.000,236.000,476.000,26.430000,341.216964,3.427083
1780300893.055281,,,BOARD_2,4,0,3544.000,2204.000,3780.000,2680.000,3662.000,2442.000,236.000,476.000,26.430000,350.309102,3.257500
1780300893.238194,,,BOARD_2,1,0,304.000,2171.000,540.000,2647.000,422.000,2409.000,236.000,476.000,26.430000,8.732477,3.408750
1780300893.270616,,,BOARD_2,3,0,1443.000,2147.000,1679.000,2623.000,1561.000,2385.000,236.000,476.000,26.430000,341.134932,3.518750
1780300893.405823,,,BOARD_2,4,0,3546.000,2203.000,3782.000,2679.000,3664.000,2441.000,236.000,476.000,26.430000,350.318217,3.262083
1780300893.670833,,,BOARD_2,3,0,1440.000,2178.000,1676.000,2654.000,1558.000,2416.000,236.000,476.000,26.430000,341.121260,3.376667
1780300893.909517,,,BOARD_2,1,0,498.000,2195.000,734.000,2671.000,616.000,2433.000,236.000,476.000,26.430000,9.616592,3.298750
1780300894.104825,,,BOARD_2,4,0,3547.000,2204.000,3783.000,2680.000,3665.000,2442.000,236.000,476.000,26.430000,350.322774,3.257500
1780300894.825053,,,BOARD_2,4,0,3549.000,2202.000,3785.000,2678.000,3667.000,2440.000,236.000,476.000,26.430000,350.331889,3.266667
1780300895.039304,,,BOARD_2,1,0,297.000,2151.000,533.000,2627.000,415.000,2389.000,236.000,476.000,26.430000,8.700576,3.500417
1780300895.183093,,,BOARD_2,4,0,3550.000,2204.000,3786.000,2680.000,3668.000,2442.000,236.000,476.000,26.430000,350.336446,3.257500
1780300895.503716,,,BOARD_2,3,0,1049.000,2184.000,1285.000,2660.000,1167.000,2422.000,236.000,476.000,26.430000,339.339359,3.349167
1780300895.877687,,,BOARD_2,3,0,1443.000,2178.000,1679.000,2654.000,1561.000,2416.000,236.000,476.000,26.430000,341.134932,3.376667
1780300896.375131,,,BOARD_2,3,0,1456.000,2168.000,1692.000,2644.000,1574.000,2406.000,236.000,476.000,26.430000,341.194177,3.422500
1780300896.889357,,,BOARD_2,3,0,1047.000,2180.000,1283.000,2656.000,1165.000,2418.000,236.000,476.000,26.430000,339.330245,3.367500
1780300897.151617,,,BOARD_2,1,0,296.000,2152.000,532.000,2628.000,414.000,2390.000,236.000,476.000,26.430000,8.696019,3.495833
1780300897.283629,,,BOARD_2,4,0,3550.000,2203.000,3786.000,2679.000,3668.000,2441.000,236.000,476.000,26.430000,350.336446,3.262083
1780300897.598640,,,BOARD_2,3,0,1441.000,2169.000,1677.000,2645.000,1559.000,2407.000,236.000,476.000,26.430000,341.125818,3.417917
1780300897.932152,,,BOARD_2,1,0,482.000,2207.000,718.000,2683.000,600.000,2445.000,236.000,476.000,26.430000,9.543675,3.243750
1780300897.965027,,,BOARD_2,3,0,355.000,1642.000,591.000,2118.000,473.000,1880.000,236.000,476.000,26.430000,336.176599,5.833333
1780300897.965027,,,BOARD_2,3,1,179.000,1626.000,415.000,2102.000,297.000,1864.000,236.000,476.000,26.430000,335.374516,5.906667
1780300899.137228,,,BOARD_2,3,0,1447.000,2166.000,1683.000,2642.000,1565.000,2404.000,236.000,476.000,26.430000,341.153161,3.431667
1780300899.331696,,,BOARD_2,4,0,3551.000,2202.000,3787.000,2678.000,3669.000,2440.000,236.000,476.000,26.430000,350.341003,3.266667
1780300899.331696,,,BOARD_2,4,1,3503.000,1626.000,3739.000,2102.000,3621.000,1864.000,236.000,476.000,26.430000,350.122253,5.906667
1780300899.602894,,,BOARD_2,3,0,829.000,1649.000,1065.000,2125.000,947.000,1887.000,236.000,476.000,26.430000,338.336755,5.801250
1780300899.602894,,,BOARD_2,3,1,365.000,1633.000,601.000,2109.000,483.000,1871.000,236.000,476.000,26.430000,336.222172,5.874583
1780300900.454469,,,BOARD_2,3,0,366.000,1639.000,602.000,2115.000,484.000,1877.000,236.000,476.000,26.430000,336.226729,5.847083
1780300900.835356,,,BOARD_2,3,0,351.000,1630.000,587.000,2106.000,469.000,1868.000,236.000,476.000,26.430000,336.158370,5.888333
1780300900.835356,,,BOARD_2,3,1,831.000,1646.000,1067.000,2122.000,949.000,1884.000,236.000,476.000,26.430000,338.345870,5.815000
1780300901.175458,,,BOARD_2,1,0,482.000,2210.000,718.000,2686.000,600.000,2448.000,236.000,476.000,26.430000,9.543675,3.230000
1780300901.175458,,,BOARD_2,1,1,-62.000,1970.000,174.000,2446.000,56.000,2208.000,236.000,476.000,26.430000,7.064508,4.330000
1780300901.288206,,,BOARD_2,3,0,1077.000,2209.000,1313.000,2685.000,1195.000,2447.000,236.000,476.000,26.430000,339.466964,3.234583
1780300901.737795,,,BOARD_2,3,0,1077.000,2208.000,1313.000,2684.000,1195.000,2446.000,236.000,476.000,26.430000,339.466964,3.239167
1780300902.591675,,,BOARD_2,3,0,365.000,1634.000,601.000,2110.000,483.000,1872.000,236.000,476.000,26.430000,336.222172,5.870000
1780300903.010606,,,BOARD_2,4,0,3548.000,2202.000,3784.000,2678.000,3666.000,2440.000,236.000,476.000,26.430000,350.327331,3.266667
1780300903.195565,,,BOARD_2,1,0,418.000,2187.000,654.000,2663.000,536.000,2425.000,236.000,476.000,26.430000,9.252008,3.335417
1780300903.775252,,,BOARD_2,3,0,1055.000,2208.000,1291.000,2684.000,1173.000,2446.000,236.000,476.000,26.430000,339.366703,3.239167
1780300904.163209,,,BOARD_2,3,0,981.000,1629.000,1217.000,2105.000,1099.000,1867.000,236.000,476.000,26.430000,339.029464,5.892917
1780300904.206504,,,BOARD_2,4,0,3548.000,2202.000,3784.000,2678.000,3666.000,2440.000,236.000,476.000,26.430000,350.327331,3.266667
1780300904.732834,,,BOARD_2,3,0,363.000,1634.000,599.000,2110.000,481.000,1872.000,236.000,476.000,26.430000,336.213057,5.870000
1780300904.791590,,,BOARD_2,4,0,3547.000,2207.000,3783.000,2683.000,3665.000,2445.000,236.000,476.000,26.430000,350.322774,3.243750
1780300905.204972,,,BOARD_2,1,0,482.000,2208.000,718.000,2684.000,600.000,2446.000,236.000,476.000,26.430000,9.543675,3.239167
1780300905.549363,,,BOARD_2,3,0,833.000,1650.000,1069.000,2126.000,951.000,1888.000,236.000,476.000,26.430000,338.354984,5.796667
1780300905.974467,,,BOARD_2,4,0,3554.000,2205.000,3790.000,2681.000,3672.000,2443.000,236.000,476.000,26.430000,350.354675,3.252917
1780300906.077410,,,BOARD_2,1,0,325.000,1885.000,561.000,2361.000,443.000,2123.000,236.000,476.000,26.430000,8.828180,4.719583
1780300906.136988,,,BOARD_2,3,0,1062.000,2202.000,1298.000,2678.000,1180.000,2440.000,236.000,476.000,26.430000,339.398604,3.266667
1780300907.124930,,,BOARD_2,3,0,434.000,1623.000,670.000,2099.000,552.000,1861.000,236.000,476.000,26.430000,336.536625,5.920417
1780300907.481223,,,BOARD_2,3,0,833.000,1649.000,1069.000,2125.000,951.000,1887.000,236.000,476.000,26.430000,338.354984,5.801250
1780300907.481223,,,BOARD_2,3,1,369.000,1633.000,605.000,2109.000,487.000,1871.000,236.000,476.000,26.430000,336.240401,5.874583
1780300907.723055,,,BOARD_2,1,0,305.000,2210.000,541.000,2686.000,423.000,2448.000,236.000,476.000,26.430000,8.737034,3.230000
1780300907.761016,,,BOARD_2,3,0,359.000,1632.000,595.000,2108.000,477.000,1870.000,236.000,476.000,26.430000,336.194828,5.879167
1780300908.034059,,,BOARD_2,3,0,831.000,1650.000,1067.000,2126.000,949.000,1888.000,236.000,476.000,26.430000,338.345870,5.796667
1780300908.034059,,,BOARD_2,3,1,367.000,1634.000,603.000,2110.000,485.000,1872.000,236.000,476.000,26.430000,336.231286,5.870000
1780300908.196931,,,BOARD_2,3,0,923.000,2210.000,1159.000,2686.000,1041.000,2448.000,236.000,476.000,26.430000,338.765141,3.230000
1780300908.728946,,,BOARD_2,1,0,323.000,1886.000,559.000,2362.000,441.000,2124.000,236.000,476.000,26.430000,8.819066,4.715000
1780300908.788807,,,BOARD_2,4,0,3559.000,2208.000,3795.000,2684.000,3677.000,2446.000,236.000,476.000,26.430000,350.377461,3.239167
1780300908.859338,,,BOARD_2,3,0,1059.000,2208.000,1295.000,2684.000,1177.000,2446.000,236.000,476.000,26.430000,339.384932,3.239167
1780300908.989759,,,BOARD_2,1,0,450.000,2139.000,686.000,2615.000,568.000,2377.000,236.000,476.000,26.430000,9.397842,3.555417
1780300909.028112,,,BOARD_2,3,0,939.000,2207.000,1175.000,2683.000,1057.000,2445.000,236.000,476.000,26.430000,338.838057,3.243750
1780300909.114655,,,BOARD_2,1,0,303.000,2198.000,539.000,2674.000,421.000,2436.000,236.000,476.000,26.430000,8.727920,3.285000
1780300909.296785,,,BOARD_2,3,0,316.000,1799.000,552.000,2275.000,434.000,2037.000,236.000,476.000,26.430000,335.998865,5.113750
1780300909.296785,,,BOARD_2,3,1,796.000,1767.000,1032.000,2243.000,914.000,2005.000,236.000,476.000,26.430000,338.186365,5.260417
1780300909.296785,,,BOARD_2,3,2,492.000,1687.000,728.000,2163.000,610.000,1925.000,236.000,476.000,26.430000,336.800948,5.627083
1780300909.550245,,,BOARD_2,4,0,3559.000,2208.000,3795.000,2684.000,3677.000,2446.000,236.000,476.000,26.430000,350.377461,3.239167
1780300909.641272,,,BOARD_2,1,0,450.000,2159.000,686.000,2635.000,568.000,2397.000,236.000,476.000,26.430000,9.397842,3.463750
1780300909.641272,,,BOARD_2,1,1,210.000,2015.000,446.000,2491.000,328.000,2253.000,236.000,476.000,26.430000,8.304092,4.123750
1780300909.866916,,,BOARD_2,1,0,322.000,2172.000,558.000,2648.000,440.000,2410.000,236.000,476.000,26.430000,8.814508,3.404167
1780300910.284361,,,BOARD_2,3,0,1063.000,2195.000,1299.000,2671.000,1181.000,2433.000,236.000,476.000,26.430000,339.403161,3.298750
1780300910.321381,,,BOARD_2,4,0,2255.000,1769.000,2491.000,2245.000,2373.000,2007.000,236.000,476.000,26.430000,344.434753,5.251250
1780300910.503067,,,BOARD_2,1,0,418.000,2210.000,654.000,2686.000,536.000,2448.000,236.000,476.000,26.430000,9.252008,3.230000
1780300910.753078,,,BOARD_2,1,0,322.000,2191.000,558.000,2667.000,440.000,2429.000,236.000,476.000,26.430000,8.814508,3.317083
1780300911.005568,,,BOARD_2,1,0,303.000,2209.000,539.000,2685.000,421.000,2447.000,236.000,476.000,26.430000,8.727920,3.234583
1780300911.222365,,,BOARD_2,4,0,3554.000,2204.000,3790.000,2680.000,3672.000,2442.000,236.000,476.000,26.430000,350.354675,3.257500
1780300911.259282,,,BOARD_2,1,0,338.000,2017.000,574.000,2493.000,456.000,2255.000,236.000,476.000,26.430000,8.887425,4.114583
1780300911.544460,,,BOARD_2,1,0,354.000,2179.000,590.000,2655.000,472.000,2417.000,236.000,476.000,26.430000,8.960342,3.372083
1780300911.555802,,,BOARD_2,3,0,363.000,1632.000,599.000,2108.000,481.000,1870.000,236.000,476.000,26.430000,336.213057,5.879167
1780300911.903636,,,BOARD_2,3,0,369.000,1634.000,605.000,2110.000,487.000,1872.000,236.000,476.000,26.430000,336.240401,5.870000
1780300912.248958,,,BOARD_2,3,0,1439.000,2210.000,1675.000,2686.000,1557.000,2448.000,236.000,476.000,26.430000,341.116703,3.230000
1780300912.468082,,,BOARD_2,3,0,356.000,1629.000,592.000,2105.000,474.000,1867.000,236.000,476.000,26.430000,336.181156,5.892917
1780300912.636729,,,BOARD_2,1,0,434.000,2171.000,670.000,2647.000,552.000,2409.000,236.000,476.000,26.430000,9.324925,3.408750
1780300913.229541,,,BOARD_2,3,0,1439.000,2133.000,1675.000,2609.000,1557.000,2371.000,236.000,476.000,26.430000,341.116703,3.582917
1780300913.373367,,,BOARD_2,1,0,302.000,2179.000,538.000,2655.000,420.000,2417.000,236.000,476.000,26.430000,8.723363,3.372083
1780300913.373367,,,BOARD_2,1,1,190.000,2179.000,426.000,2655.000,308.000,2417.000,236.000,476.000,26.430000,8.212946,3.372083
1780300913.487176,,,BOARD_2,3,0,363.000,1621.000,599.000,2097.000,481.000,1859.000,236.000,476.000,26.430000,336.213057,5.929583
1780300913.744268,,,BOARD_2,3,0,82.000,1559.000,318.000,2035.000,200.000,1797.000,236.000,476.000,26.430000,334.932458,6.213750
1780300913.960406,,,BOARD_2,1,0,308.000,2154.000,544.000,2630.000,426.000,2392.000,236.000,476.000,26.430000,8.750706,3.486667
1780300913.960406,,,BOARD_2,1,1,196.000,2154.000,432.000,2630.000,314.000,2392.000,236.000,476.000,26.430000,8.240290,3.486667
1780300913.983037,,,BOARD_2,3,0,1453.000,2163.000,1689.000,2639.000,1571.000,2401.000,236.000,476.000,26.430000,341.180505,3.445417
1780300914.548637,,,BOARD_2,1,0,450.000,2179.000,686.000,2655.000,568.000,2417.000,236.000,476.000,26.430000,9.397842,3.372083
1780300915.120384,,,BOARD_2,1,0,482.000,2205.000,718.000,2681.000,600.000,2443.000,236.000,476.000,26.430000,9.543675,3.252917
1780300915.294856,,,BOARD_2,3,0,1443.000,2172.000,1679.000,2648.000,1561.000,2410.000,236.000,476.000,26.430000,341.134932,3.404167
1780300915.528216,,,BOARD_2,3,0,362.000,1646.000,598.000,2122.000,480.000,1884.000,236.000,476.000,26.430000,336.208500,5.815000
1780300915.912158,,,BOARD_2,3,0,361.000,1637.000,597.000,2113.000,479.000,1875.000,236.000,476.000,26.430000,336.203943,5.856250
1780300916.177581,,,BOARD_2,3,0,366.000,1633.000,602.000,2109.000,484.000,1871.000,236.000,476.000,26.430000,336.226729,5.874583
1780300916.440537,,,BOARD_2,3,0,353.000,1633.000,589.000,2109.000,471.000,1871.000,236.000,476.000,26.430000,336.167484,5.874583
1780300916.440537,,,BOARD_2,3,1,833.000,1649.000,1069.000,2125.000,951.000,1887.000,236.000,476.000,26.430000,338.354984,5.801250
1780300916.478255,,,BOARD_2,1,0,182.000,2152.000,418.000,2628.000,300.000,2390.000,236.000,476.000,26.430000,8.176488,3.495833
1780300916.478255,,,BOARD_2,1,1,294.000,2152.000,530.000,2628.000,412.000,2390.000,236.000,476.000,26.430000,8.686904,3.495833
1780300916.719794,,,BOARD_2,1,0,297.000,2152.000,533.000,2628.000,415.000,2390.000,236.000,476.000,26.430000,8.700576,3.495833
1780300917.270825,,,BOARD_2,1,0,295.000,2152.000,531.000,2628.000,413.000,2390.000,236.000,476.000,26.430000,8.691461,3.495833
1780300917.304609,,,BOARD_2,3,0,482.000,1645.000,718.000,2121.000,600.000,1883.000,236.000,476.000,26.430000,336.755375,5.819583
1780300917.326931,,,BOARD_2,4,0,3546.000,2203.000,3782.000,2679.000,3664.000,2441.000,236.000,476.000,26.430000,350.318217,3.262083
1780300918.486088,,,BOARD_2,3,0,450.000,1641.000,686.000,2117.000,568.000,1879.000,236.000,476.000,26.430000,336.609542,5.837917
1780300918.950318,,,BOARD_2,1,0,471.000,2103.000,707.000,2579.000,589.000,2341.000,236.000,476.000,26.430000,9.493545,3.720417
1780300919.149748,,,BOARD_2,3,0,1438.000,2146.000,1674.000,2622.000,1556.000,2384.000,236.000,476.000,26.430000,341.112146,3.523333
1780300919.256885,,,BOARD_2,3,0,352.000,1630.000,588.000,2106.000,470.000,1868.000,236.000,476.000,26.430000,336.162927,5.888333
1780300919.548210,,,BOARD_2,3,0,1438.000,2147.000,1674.000,2623.000,1556.000,2385.000,236.000,476.000,26.430000,341.112146,3.518750
1780300919.596781,,,BOARD_2,4,0,3545.000,2203.000,3781.000,2679.000,3663.000,2441.000,236.000,476.000,26.430000,350.313659,3.262083
1780300919.602462,,,BOARD_2,1,0,471.000,2103.000,707.000,2579.000,589.000,2341.000,236.000,476.000,26.430000,9.493545,3.720417
1780300919.732078,,,BOARD_2,3,0,98.000,1590.000,334.000,2066.000,216.000,1828.000,236.000,476.000,26.430000,335.005375,6.071667
1780300920.087459,,,BOARD_2,3,0,359.000,1627.000,595.000,2103.000,477.000,1865.000,236.000,476.000,26.430000,336.194828,5.902083
1780300920.772056,,,BOARD_2,3,0,480.000,1677.000,716.000,2153.000,598.000,1915.000,236.000,476.000,26.430000,336.746260,5.672917
1780300920.772056,,,BOARD_2,3,1,816.000,1645.000,1052.000,2121.000,934.000,1883.000,236.000,476.000,26.430000,338.277510,5.819583
1780300921.008121,,,BOARD_2,3,0,353.000,1630.000,589.000,2106.000,471.000,1868.000,236.000,476.000,26.430000,336.167484,5.888333
1780300921.008121,,,BOARD_2,3,1,833.000,1646.000,1069.000,2122.000,951.000,1884.000,236.000,476.000,26.430000,338.354984,5.815000
1780300921.176098,,,BOARD_2,4,0,1563.000,2179.000,1799.000,2655.000,1681.000,2417.000,236.000,476.000,26.430000,341.281107,3.372083
1780300921.375305,,,BOARD_2,3,0,349.000,1629.000,585.000,2105.000,467.000,1867.000,236.000,476.000,26.430000,336.149255,5.892917
1780300921.766973,,,BOARD_2,4,0,3544.000,2204.000,3780.000,2680.000,3662.000,2442.000,236.000,476.000,26.430000,350.309102,3.257500
1780300921.956796,,,BOARD_2,3,0,1459.000,2171.000,1695.000,2647.000,1577.000,2409.000,236.000,476.000,26.430000,341.207849,3.408750
1780300922.103052,,,BOARD_2,1,0,307.000,2151.000,543.000,2627.000,425.000,2389.000,236.000,476.000,26.430000,8.746149,3.500417
1780300922.103052,,,BOARD_2,1,1,467.000,2103.000,703.000,2579.000,585.000,2341.000,236.000,476.000,26.430000,9.475316,3.720417
1780300922.297293,,,BOARD_2,3,0,1459.000,2210.000,1695.000,2686.000,1577.000,2448.000,236.000,476.000,26.430000,341.207849,3.230000
1780300922.639657,,,BOARD_2,3,0,1436.000,2181.000,1672.000,2657.000,1554.000,2419.000,236.000,476.000,26.430000,341.103031,3.362917
1780300922.862558,,,BOARD_2,3,0,50.000,1523.000,286.000,1999.000,168.000,1761.000,236.000,476.000,26.430000,334.786625,6.378750
1780300923.034836,,,BOARD_2,1,0,194.000,2150.000,430.000,2626.000,312.000,2388.000,236.000,476.000,26.430000,8.231175,3.505000
1780300923.626757,,,BOARD_2,1,0,305.000,2152.000,541.000,2628.000,423.000,2390.000,236.000,476.000,26.430000,8.737034,3.495833
1780300923.800410,,,BOARD_2,3,0,1435.000,2146.000,1671.000,2622.000,1553.000,2384.000,236.000,476.000,26.430000,341.098474,3.523333
1780300924.037996,,,BOARD_2,3,0,1433.000,2142.000,1669.000,2618.000,1551.000,2380.000,236.000,476.000,26.430000,341.089359,3.541667
1780300924.400802,,,BOARD_2,3,0,1455.000,2169.000,1691.000,2645.000,1573.000,2407.000,236.000,476.000,26.430000,341.189620,3.417917
1780300924.619230,,,BOARD_2,3,0,1460.000,2176.000,1696.000,2652.000,1578.000,2414.000,236.000,476.000,26.430000,341.212406,3.385833
1780300924.959054,,,BOARD_2,3,0,205.000,1589.000,441.000,2065.000,323.000,1827.000,236.000,476.000,26.430000,335.493005,6.076250
1780300925.212603,,,BOARD_2,3,0,353.000,1634.000,589.000,2110.000,471.000,1872.000,236.000,476.000,26.430000,336.167484,5.870000
1780300926.374733,,,BOARD_2,1,0,187.000,2177.000,423.000,2653.000,305.000,2415.000,236.000,476.000,26.430000,8.199274,3.381250
1780300926.374733,,,BOARD_2,1,1,299.000,2177.000,535.000,2653.000,417.000,2415.000,236.000,476.000,26.430000,8.709691,3.381250
1780300926.390211,,,BOARD_2,3,0,66.000,1511.000,302.000,1987.000,184.000,1749.000,236.000,476.000,26.430000,334.859542,6.433750
1780300926.855330,,,BOARD_2,3,0,1436.000,2145.000,1672.000,2621.000,1554.000,2383.000,236.000,476.000,26.430000,341.103031,3.527917
1780300927.022808,,,BOARD_2,3,0,339.000,1538.000,575.000,2014.000,457.000,1776.000,236.000,476.000,26.430000,336.103682,6.310000
1780300927.103622,,,BOARD_2,4,0,3543.000,2203.000,3779.000,2679.000,3661.000,2441.000,236.000,476.000,26.430000,350.304545,3.262083
1780300927.243490,,,BOARD_2,3,0,1436.000,2146.000,1672.000,2622.000,1554.000,2384.000,236.000,476.000,26.430000,341.103031,3.523333
1780300927.383862,,,BOARD_2,1,0,296.000,2152.000,532.000,2628.000,414.000,2390.000,236.000,476.000,26.430000,8.696019,3.495833
1780300927.383862,,,BOARD_2,1,1,184.000,2152.000,420.000,2628.000,302.000,2390.000,236.000,476.000,26.430000,8.185602,3.495833
1780300927.746959,,,BOARD_2,1,0,181.000,2151.000,417.000,2627.000,299.000,2389.000,236.000,476.000,26.430000,8.171930,3.500417
1780300927.763457,,,BOARD_2,3,0,1452.000,2147.000,1688.000,2623.000,1570.000,2385.000,236.000,476.000,26.430000,341.175948,3.518750
1780300928.125765,,,BOARD_2,3,0,1438.000,2146.000,1674.000,2622.000,1556.000,2384.000,236.000,476.000,26.430000,341.112146,3.523333
1780300928.196570,,,BOARD_2,4,0,3519.000,2207.000,3755.000,2683.000,3637.000,2445.000,236.000,476.000,26.430000,350.195170,3.243750
1780300928.196570,,,BOARD_2,4,1,3503.000,1631.000,3739.000,2107.000,3621.000,1869.000,236.000,476.000,26.430000,350.122253,5.883750
1780300928.718995,,,BOARD_2,3,0,1439.000,2168.000,1675.000,2644.000,1557.000,2406.000,236.000,476.000,26.430000,341.116703,3.422500
1780300928.925040,,,BOARD_2,1,0,181.000,2154.000,417.000,2630.000,299.000,2392.000,236.000,476.000,26.430000,8.171930,3.486667
1780300928.925040,,,BOARD_2,1,1,469.000,2106.000,705.000,2582.000,587.000,2344.000,236.000,476.000,26.430000,9.484430,3.706667
1780300929.212984,,,BOARD_2,3,0,355.000,1627.000,591.000,2103.000,473.000,1865.000,236.000,476.000,26.430000,336.176599,5.902083
1780300929.315143,,,BOARD_2,1,0,498.000,2209.000,734.000,2685.000,616.000,2447.000,236.000,476.000,26.430000,9.616592,3.234583
1780300929.391157,,,BOARD_2,4,0,3521.000,2207.000,3757.000,2683.000,3639.000,2445.000,236.000,476.000,26.430000,350.204284,3.243750
1780300929.428979,,,BOARD_2,3,0,1453.000,2146.000,1689.000,2622.000,1571.000,2384.000,236.000,476.000,26.430000,341.180505,3.523333
1780300929.483846,,,BOARD_2,1,0,338.000,2021.000,574.000,2497.000,456.000,2259.000,236.000,476.000,26.430000,8.887425,4.096250
1780300929.554185,,,BOARD_2,3,0,1436.000,2140.000,1672.000,2616.000,1554.000,2378.000,236.000,476.000,26.430000,341.103031,3.550833
1780300929.754363,,,BOARD_2,4,0,3544.000,2202.000,3780.000,2678.000,3662.000,2440.000,236.000,476.000,26.430000,350.309102,3.266667
1780300929.841102,,,BOARD_2,1,0,183.000,2163.000,419.000,2639.000,301.000,2401.000,236.000,476.000,26.430000,8.181045,3.445417
1780300930.128561,,,BOARD_2,3,0,1438.000,2146.000,1674.000,2622.000,1556.000,2384.000,236.000,476.000,26.430000,341.112146,3.523333
1780300930.315384,,,BOARD_2,1,0,183.000,2152.000,419.000,2628.000,301.000,2390.000,236.000,476.000,26.430000,8.181045,3.495833
1780300930.488088,,,BOARD_2,3,0,1436.000,2142.000,1672.000,2618.000,1554.000,2380.000,236.000,476.000,26.430000,341.103031,3.541667
1780300930.727597,,,BOARD_2,3,0,1437.000,2146.000,1673.000,2622.000,1555.000,2384.000,236.000,476.000,26.430000,341.107589,3.523333
1780300930.905196,,,BOARD_2,4,0,3545.000,2202.000,3781.000,2678.000,3663.000,2440.000,236.000,476.000,26.430000,350.313659,3.266667
1780300931.084503,,,BOARD_2,3,0,370.000,1633.000,606.000,2109.000,488.000,1871.000,236.000,476.000,26.430000,336.244958,5.874583
1780300931.207002,,,BOARD_2,3,0,1435.000,2145.000,1671.000,2621.000,1553.000,2383.000,236.000,476.000,26.430000,341.098474,3.527917
1780300931.700553,,,BOARD_2,1,0,482.000,2207.000,718.000,2683.000,600.000,2445.000,236.000,476.000,26.430000,9.543675,3.243750
1780300931.876634,,,BOARD_2,3,0,1432.000,2144.000,1668.000,2620.000,1550.000,2382.000,236.000,476.000,26.430000,341.084802,3.532500
1780300931.986137,,,BOARD_2,4,0,3521.000,2206.000,3757.000,2682.000,3639.000,2444.000,236.000,476.000,26.430000,350.204284,3.248333
1780300932.228979,,,BOARD_2,4,0,3525.000,2207.000,3761.000,2683.000,3643.000,2445.000,236.000,476.000,26.430000,350.222514,3.243750
1780300932.369989,,,BOARD_2,1,0,295.000,2153.000,531.000,2629.000,413.000,2391.000,236.000,476.000,26.430000,8.691461,3.491250
1780300932.369989,,,BOARD_2,1,1,183.000,2153.000,419.000,2629.000,301.000,2391.000,236.000,476.000,26.430000,8.181045,3.491250
1780300932.526794,,,BOARD_2,3,0,1435.000,2145.000,1671.000,2621.000,1553.000,2383.000,236.000,476.000,26.430000,341.098474,3.527917
1780300932.753985,,,BOARD_2,3,0,352.000,1629.000,588.000,2105.000,470.000,1867.000,236.000,476.000,26.430000,336.162927,5.892917
1780300933.014469,,,BOARD_2,3,0,1438.000,2145.000,1674.000,2621.000,1556.000,2383.000,236.000,476.000,26.430000,341.112146,3.527917
1780300933.172305,,,BOARD_2,1,0,498.000,2199.000,734.000,2675.000,616.000,2437.000,236.000,476.000,26.430000,9.616592,3.280417
1780300933.172305,,,BOARD_2,1,1,258.000,2055.000,494.000,2531.000,376.000,2293.000,236.000,476.000,26.430000,8.522842,3.940417
1780300933.274323,,,BOARD_2,3,0,1438.000,2145.000,1674.000,2621.000,1556.000,2383.000,236.000,476.000,26.430000,341.112146,3.527917
1780300933.677428,,,BOARD_2,3,0,1059.000,2208.000,1295.000,2684.000,1177.000,2446.000,236.000,476.000,26.430000,339.384932,3.239167
1780300933.834602,,,BOARD_2,1,0,295.000,2152.000,531.000,2628.000,413.000,2390.000,236.000,476.000,26.430000,8.691461,3.495833
1780300933.834602,,,BOARD_2,1,1,183.000,2152.000,419.000,2628.000,301.000,2390.000,236.000,476.000,26.430000,8.181045,3.495833
1780300933.938265,,,BOARD_2,3,0,1441.000,2146.000,1677.000,2622.000,1559.000,2384.000,236.000,476.000,26.430000,341.125818,3.523333
1780300934.213133,,,BOARD_2,3,0,1439.000,2139.000,1675.000,2615.000,1557.000,2377.000,236.000,476.000,26.430000,341.116703,3.555417
1780300934.482032,,,BOARD_2,3,0,1440.000,2147.000,1676.000,2623.000,1558.000,2385.000,236.000,476.000,26.430000,341.121260,3.518750
1780300934.834041,,,BOARD_2,3,0,1440.000,2146.000,1676.000,2622.000,1558.000,2384.000,236.000,476.000,26.430000,341.121260,3.523333
1780300935.056350,,,BOARD_2,3,0,66.000,1507.000,302.000,1983.000,184.000,1745.000,236.000,476.000,26.430000,334.859542,6.452083
1780300935.183467,,,BOARD_2,1,0,309.000,2153.000,545.000,2629.000,427.000,2391.000,236.000,476.000,26.430000,8.755264,3.491250
1780300935.321544,,,BOARD_2,3,0,1439.000,2146.000,1675.000,2622.000,1557.000,2384.000,236.000,476.000,26.430000,341.116703,3.523333
1780300935.716313,,,BOARD_2,1,0,296.000,2152.000,532.000,2628.000,414.000,2390.000,236.000,476.000,26.430000,8.696019,3.495833
1780300936.064155,,,BOARD_2,1,0,300.000,2153.000,536.000,2629.000,418.000,2391.000,236.000,476.000,26.430000,8.714248,3.491250
1780300936.575185,,,BOARD_2,1,0,298.000,2153.000,534.000,2629.000,416.000,2391.000,236.000,476.000,26.430000,8.705133,3.491250
1780300936.693326,,,BOARD_2,3,0,351.000,1629.000,587.000,2105.000,469.000,1867.000,236.000,476.000,26.430000,336.158370,5.892917
1780300936.866816,,,BOARD_2,1,0,300.000,2151.000,536.000,2627.000,418.000,2389.000,236.000,476.000,26.430000,8.714248,3.500417
1780300936.910503,,,BOARD_2,3,0,1439.000,2146.000,1675.000,2622.000,1557.000,2384.000,236.000,476.000,26.430000,341.116703,3.523333
1780300937.256226,,,BOARD_2,3,0,1437.000,2146.000,1673.000,2622.000,1555.000,2384.000,236.000,476.000,26.430000,341.107589,3.523333
1780300937.300112,,,BOARD_2,1,0,300.000,2166.000,536.000,2642.000,418.000,2404.000,236.000,476.000,26.430000,8.714248,3.431667
1780300937.455814,,,BOARD_2,1,0,418.000,1905.000,654.000,2381.000,536.000,2143.000,236.000,476.000,26.430000,9.252008,4.627917
1780300937.519909,,,BOARD_2,3,0,1437.000,2146.000,1673.000,2622.000,1555.000,2384.000,236.000,476.000,26.430000,341.107589,3.523333
1780300937.612225,,,BOARD_2,4,0,3499.000,1643.000,3735.000,2119.000,3617.000,1881.000,236.000,476.000,26.430000,350.104024,5.828750
1780300938.042112,,,BOARD_2,1,0,299.000,2154.000,535.000,2630.000,417.000,2392.000,236.000,476.000,26.430000,8.709691,3.486667
1780300939.332547,,,BOARD_2,1,0,300.000,2153.000,536.000,2629.000,418.000,2391.000,236.000,476.000,26.430000,8.714248,3.491250
1780300939.590229,,,BOARD_2,1,0,482.000,2206.000,718.000,2682.000,600.000,2444.000,236.000,476.000,26.430000,9.543675,3.248333
1780300940.088248,,,BOARD_2,1,0,184.000,2151.000,420.000,2627.000,302.000,2389.000,236.000,476.000,26.430000,8.185602,3.500417
1780300940.867038,,,BOARD_2,3,0,1430.000,2143.000,1666.000,2619.000,1548.000,2381.000,236.000,476.000,26.430000,341.075688,3.537083
1780300940.980684,,,BOARD_2,4,0,3521.000,2207.000,3757.000,2683.000,3639.000,2445.000,236.000,476.000,26.430000,350.204284,3.243750
1780300941.034263,,,BOARD_2,1,0,482.000,2207.000,718.000,2683.000,600.000,2445.000,236.000,476.000,26.430000,9.543675,3.243750
1780300941.034263,,,BOARD_2,1,1,258.000,2031.000,494.000,2507.000,376.000,2269.000,236.000,476.000,26.430000,8.522842,4.050417
1780300941.208519,,,BOARD_2,3,0,1424.000,2142.000,1660.000,2618.000,1542.000,2380.000,236.000,476.000,26.430000,341.048344,3.541667
1780300941.363015,,,BOARD_2,1,0,482.000,2167.000,718.000,2643.000,600.000,2405.000,236.000,476.000,26.430000,9.543675,3.427083
1780300941.433307,,,BOARD_2,3,0,319.000,1789.000,555.000,2265.000,437.000,2027.000,236.000,476.000,26.430000,336.012536,5.159583
1780300941.634768,,,BOARD_2,4,0,3522.000,2202.000,3758.000,2678.000,3640.000,2440.000,236.000,476.000,26.430000,350.208842,3.266667
1780300941.851039,,,BOARD_2,1,0,482.000,1728.000,718.000,2204.000,600.000,1966.000,236.000,476.000,26.430000,9.543675,5.439167
1780300941.851039,,,BOARD_2,1,1,466.000,2160.000,702.000,2636.000,584.000,2398.000,236.000,476.000,26.430000,9.470758,3.459167
1780300942.282145,,,BOARD_2,3,0,1426.000,2143.000,1662.000,2619.000,1544.000,2381.000,236.000,476.000,26.430000,341.057458,3.537083
1780301302.259733,,,BOARD_2,1,0,297.000,2205.000,533.000,2681.000,415.000,2443.000,236.000,476.000,26.430000,8.700576,3.252917
1780301302.259733,,,BOARD_2,1,1,249.000,1645.000,485.000,2121.000,367.000,1883.000,236.000,476.000,26.430000,8.481826,5.819583
1780301302.345893,,,BOARD_2,4,0,3546.000,2206.000,3782.000,2682.000,3664.000,2444.000,236.000,476.000,26.430000,350.318217,3.248333
1780301302.514900,,,BOARD_2,3,0,845.000,1650.000,1081.000,2126.000,963.000,1888.000,236.000,476.000,26.430000,338.409672,5.796667
1780301302.645401,,,BOARD_2,1,0,247.000,1643.000,483.000,2119.000,365.000,1881.000,236.000,476.000,26.430000,8.472711,5.828750
1780301302.645401,,,BOARD_2,1,1,471.000,2155.000,707.000,2631.000,589.000,2393.000,236.000,476.000,26.430000,9.493545,3.482083
1780301302.752396,,,BOARD_2,3,0,1052.000,2208.000,1288.000,2684.000,1170.000,2446.000,236.000,476.000,26.430000,339.353031,3.239167
1780301302.939667,,,BOARD_2,4,0,3521.000,2207.000,3757.000,2683.000,3639.000,2445.000,236.000,476.000,26.430000,350.204284,3.243750
1780301302.939667,,,BOARD_2,4,1,3505.000,1631.000,3741.000,2107.000,3623.000,1869.000,236.000,476.000,26.430000,350.131368,5.883750
1780301303.098673,,,BOARD_2,3,0,365.000,1633.000,601.000,2109.000,483.000,1871.000,236.000,476.000,26.430000,336.222172,5.874583
1780301303.320977,,,BOARD_2,1,0,306.000,2194.000,542.000,2670.000,424.000,2432.000,236.000,476.000,26.430000,8.741592,3.303333
1780301304.025013,,,BOARD_2,3,0,194.000,1628.000,430.000,2104.000,312.000,1866.000,236.000,476.000,26.430000,335.442875,5.897500
1780301304.331680,,,BOARD_2,1,0,303.000,2124.000,539.000,2600.000,421.000,2362.000,236.000,476.000,26.430000,8.727920,3.624167
1780301304.930806,,,BOARD_2,1,0,402.000,2205.000,638.000,2681.000,520.000,2443.000,236.000,476.000,26.430000,9.179092,3.252917
1780301305.317895,,,BOARD_2,3,0,418.000,1632.000,654.000,2108.000,536.000,1870.000,236.000,476.000,26.430000,336.463708,5.879167
1780301305.527572,,,BOARD_2,1,0,297.000,2188.000,533.000,2664.000,415.000,2426.000,236.000,476.000,26.430000,8.700576,3.330833
1780301305.527572,,,BOARD_2,1,1,41.000,2092.000,277.000,2568.000,159.000,2330.000,236.000,476.000,26.430000,7.533909,3.770833
1780301305.527572,,,BOARD_2,1,2,25.000,1948.000,261.000,2424.000,143.000,2186.000,236.000,476.000,26.430000,7.460993,4.430833
1780301305.884361,,,BOARD_2,1,0,418.000,2209.000,654.000,2685.000,536.000,2447.000,236.000,476.000,26.430000,9.252008,3.234583
1780301306.316233,,,BOARD_2,3,0,1057.000,2205.000,1293.000,2681.000,1175.000,2443.000,236.000,476.000,26.430000,339.375818,3.252917
1780301306.713936,,,BOARD_2,4,0,2257.000,1769.000,2493.000,2245.000,2375.000,2007.000,236.000,476.000,26.430000,344.443868,5.251250
1780301306.766243,,,BOARD_2,1,0,323.000,1885.000,559.000,2361.000,441.000,2123.000,236.000,476.000,26.430000,8.819066,4.719583
1780301307.118399,,,BOARD_2,1,0,298.000,2183.000,534.000,2659.000,416.000,2421.000,236.000,476.000,26.430000,8.705133,3.353750
1780301307.306596,,,BOARD_2,3,0,482.000,1645.000,718.000,2121.000,600.000,1883.000,236.000,476.000,26.430000,336.755375,5.819583
1780301307.566079,,,BOARD_2,3,0,418.000,1649.000,654.000,2125.000,536.000,1887.000,236.000,476.000,26.430000,336.463708,5.801250
1780301307.848814,,,BOARD_2,1,0,322.000,2192.000,558.000,2668.000,440.000,2430.000,236.000,476.000,26.430000,8.814508,3.312500
1780301308.268360,,,BOARD_2,3,0,1057.000,2209.000,1293.000,2685.000,1175.000,2447.000,236.000,476.000,26.430000,339.375818,3.234583
1780301308.629674,,,BOARD_2,1,0,498.000,2153.000,734.000,2629.000,616.000,2391.000,236.000,476.000,26.430000,9.616592,3.491250
1780301308.629674,,,BOARD_2,1,1,322.000,2201.000,558.000,2677.000,440.000,2439.000,236.000,476.000,26.430000,8.814508,3.271250
1780301309.433808,,,BOARD_2,3,0,1049.000,2208.000,1285.000,2684.000,1167.000,2446.000,236.000,476.000,26.430000,339.339359,3.239167
1780301309.714806,,,BOARD_2,1,0,301.000,2209.000,537.000,2685.000,419.000,2447.000,236.000,476.000,26.430000,8.718805,3.234583
1780301309.861235,,,BOARD_2,1,0,306.000,2199.000,542.000,2675.000,424.000,2437.000,236.000,476.000,26.430000,8.741592,3.280417
1780301309.861235,,,BOARD_2,1,1,482.000,2151.000,718.000,2627.000,600.000,2389.000,236.000,476.000,26.430000,9.543675,3.500417
1780301309.915918,,,BOARD_2,3,0,360.000,1650.000,596.000,2126.000,478.000,1888.000,236.000,476.000,26.430000,336.199385,5.796667
1780301310.083739,,,BOARD_2,1,0,247.000,1645.000,483.000,2121.000,365.000,1883.000,236.000,476.000,26.430000,8.472711,5.819583
1780301310.083739,,,BOARD_2,1,1,199.000,2205.000,435.000,2681.000,317.000,2443.000,236.000,476.000,26.430000,8.253961,3.252917
1780301310.083739,,,BOARD_2,1,2,471.000,2157.000,707.000,2633.000,589.000,2395.000,236.000,476.000,26.430000,9.493545,3.472917
1780301310.148788,,,BOARD_2,3,0,1051.000,2204.000,1287.000,2680.000,1169.000,2442.000,236.000,476.000,26.430000,339.348474,3.257500
1780301310.234344,,,BOARD_2,1,0,386.000,2069.000,622.000,2545.000,504.000,2307.000,236.000,476.000,26.430000,9.106175,3.876250
1780301310.256448,,,BOARD_2,3,0,482.000,1629.000,718.000,2105.000,600.000,1867.000,236.000,476.000,26.430000,336.755375,5.892917
1780301310.362641,,,BOARD_2,1,0,386.000,2199.000,622.000,2675.000,504.000,2437.000,236.000,476.000,26.430000,9.106175,3.280417
1780301310.649018,,,BOARD_2,1,0,253.000,1650.000,489.000,2126.000,371.000,1888.000,236.000,476.000,26.430000,8.500055,5.796667
1780301310.649018,,,BOARD_2,1,1,301.000,2210.000,537.000,2686.000,419.000,2448.000,236.000,476.000,26.430000,8.718805,3.230000
1780301310.655199,,,BOARD_2,3,0,1056.000,2209.000,1292.000,2685.000,1174.000,2447.000,236.000,476.000,26.430000,339.371260,3.234583
1780301311.001314,,,BOARD_2,4,0,3630.000,1635.000,3866.000,2111.000,3748.000,1873.000,236.000,476.000,26.430000,350.701029,5.865417
1780301311.387387,,,BOARD_2,1,0,258.000,1649.000,494.000,2125.000,376.000,1887.000,236.000,476.000,26.430000,8.522842,5.801250
1780301311.387387,,,BOARD_2,1,1,322.000,2209.000,558.000,2685.000,440.000,2447.000,236.000,476.000,26.430000,8.814508,3.234583
1780301311.881456,,,BOARD_2,3,0,359.000,1644.000,595.000,2120.000,477.000,1882.000,236.000,476.000,26.430000,336.194828,5.824167
1780301311.881456,,,BOARD_2,3,1,183.000,1628.000,419.000,2104.000,301.000,1866.000,236.000,476.000,26.430000,335.392745,5.897500
1780301312.103747,,,BOARD_2,3,0,418.000,1634.000,654.000,2110.000,536.000,1872.000,236.000,476.000,26.430000,336.463708,5.870000
1780301313.742926,,,BOARD_2,3,0,482.000,1647.000,718.000,2123.000,600.000,1885.000,236.000,476.000,26.430000,336.755375,5.810417
1780301314.253065,,,BOARD_2,1,0,298.000,2193.000,534.000,2669.000,416.000,2431.000,236.000,476.000,26.430000,8.705133,3.307917
1780301314.253065,,,BOARD_2,1,1,186.000,2193.000,422.000,2669.000,304.000,2431.000,236.000,476.000,26.430000,8.194717,3.307917
1780301314.253065,,,BOARD_2,1,2,474.000,2145.000,710.000,2621.000,592.000,2383.000,236.000,476.000,26.430000,9.507217,3.527917
1780301314.680106,,,BOARD_2,3,0,1057.000,2209.000,1293.000,2685.000,1175.000,2447.000,236.000,476.000,26.430000,339.375818,3.234583
1780301314.831459,,,BOARD_2,1,0,300.000,2188.000,536.000,2664.000,418.000,2426.000,236.000,476.000,26.430000,8.714248,3.330833
1780301315.270983,,,BOARD_2,3,0,1063.000,2208.000,1299.000,2684.000,1181.000,2446.000,236.000,476.000,26.430000,339.403161,3.239167
1780301315.443758,,,BOARD_2,4,0,2263.000,1769.000,2499.000,2245.000,2381.000,2007.000,236.000,476.000,26.430000,344.471211,5.251250
1780301316.103554,,,BOARD_2,3,0,1055.000,2210.000,1291.000,2686.000,1173.000,2448.000,236.000,476.000,26.430000,339.366703,3.230000
1780301316.478789,,,BOARD_2,4,0,3589.000,1543.000,3825.000,2019.000,3707.000,1781.000,236.000,476.000,26.430000,350.514180,6.287083
1780301316.608766,,,BOARD_2,3,0,1053.000,2209.000,1289.000,2685.000,1171.000,2447.000,236.000,476.000,26.430000,339.357589,3.234583
1780301316.827487,,,BOARD_2,3,0,1039.000,1650.000,1275.000,2126.000,1157.000,1888.000,236.000,476.000,26.430000,339.293786,5.796667
1780301317.033072,,,BOARD_2,1,0,302.000,2192.000,538.000,2668.000,420.000,2430.000,236.000,476.000,26.430000,8.723363,3.312500
1780301317.033072,,,BOARD_2,1,1,664.000,2324.000,784.000,2568.000,724.000,2446.000,120.000,244.000,51.980000,10.108779,3.239167
1780301317.082348,,,BOARD_2,3,0,383.000,1628.000,619.000,2104.000,501.000,1866.000,236.000,476.000,26.430000,336.304203,5.897500
1780301317.465794,,,BOARD_2,4,0,3811.000,1431.000,4047.000,1907.000,3929.000,1669.000,236.000,476.000,26.430000,351.525899,6.800417
1780301317.857438,,,BOARD_2,3,0,339.000,1560.000,575.000,2036.000,457.000,1798.000,236.000,476.000,26.430000,336.103682,6.209167
1780301318.266321,,,BOARD_2,3,0,1053.000,2210.000,1289.000,2686.000,1171.000,2448.000,236.000,476.000,26.430000,339.357589,3.230000
1780301318.412932,,,BOARD_2,1,0,475.000,2143.000,711.000,2619.000,593.000,2381.000,236.000,476.000,26.430000,9.511774,3.537083
1780301318.525703,,,BOARD_2,3,0,482.000,1648.000,718.000,2124.000,600.000,1886.000,236.000,476.000,26.430000,336.755375,5.805833
1780301318.671322,,,BOARD_2,1,0,306.000,2179.000,542.000,2655.000,424.000,2417.000,236.000,476.000,26.430000,8.741592,3.372083
1780301318.762284,,,BOARD_2,3,0,981.000,1771.000,1217.000,2247.000,1099.000,2009.000,236.000,476.000,26.430000,339.029464,5.242083
1780301319.137224,,,BOARD_2,3,0,365.000,1633.000,601.000,2109.000,483.000,1871.000,236.000,476.000,26.430000,336.222172,5.874583
1780301319.405168,,,BOARD_2,3,0,1055.000,2209.000,1291.000,2685.000,1173.000,2447.000,236.000,476.000,26.430000,339.366703,3.234583
1780301319.648462,,,BOARD_2,3,0,482.000,1650.000,718.000,2126.000,600.000,1888.000,236.000,476.000,26.430000,336.755375,5.796667
1780301319.739841,,,BOARD_2,1,0,383.000,1989.000,503.000,2233.000,443.000,2111.000,120.000,244.000,51.980000,8.828180,4.774583
1780301319.962183,,,BOARD_2,4,0,3555.000,2205.000,3791.000,2681.000,3673.000,2443.000,236.000,476.000,26.430000,350.359232,3.252917
1780301320.089602,,,BOARD_2,1,0,306.000,2191.000,542.000,2667.000,424.000,2429.000,236.000,476.000,26.430000,8.741592,3.317083
1780301320.229464,,,BOARD_2,3,0,210.000,1633.000,446.000,2109.000,328.000,1871.000,236.000,476.000,26.430000,335.515792,5.874583
1780301320.488515,,,BOARD_2,3,0,363.000,1647.000,599.000,2123.000,481.000,1885.000,236.000,476.000,26.430000,336.213057,5.810417
1780301320.488515,,,BOARD_2,3,1,843.000,1647.000,1079.000,2123.000,961.000,1885.000,236.000,476.000,26.430000,338.400557,5.810417
1780301320.734147,,,BOARD_2,1,0,301.000,2193.000,537.000,2669.000,419.000,2431.000,236.000,476.000,26.430000,8.718805,3.307917
1780301320.734147,,,BOARD_2,1,1,29.000,1953.000,265.000,2429.000,147.000,2191.000,236.000,476.000,26.430000,7.479222,4.407917
1780301320.810046,,,BOARD_2,4,0,1303.000,1693.000,1539.000,2169.000,1421.000,1931.000,236.000,476.000,26.430000,340.096211,5.599583
1780301320.869742,,,BOARD_2,3,0,359.000,1647.000,595.000,2123.000,477.000,1885.000,236.000,476.000,26.430000,336.194828,5.810417
1780301320.869742,,,BOARD_2,3,1,839.000,1647.000,1075.000,2123.000,957.000,1885.000,236.000,476.000,26.430000,338.382328,5.810417
1780301321.129935,,,BOARD_2,3,0,1053.000,2200.000,1289.000,2676.000,1171.000,2438.000,236.000,476.000,26.430000,339.357589,3.275833
1780301321.247607,,,BOARD_2,3,0,274.000,1575.000,510.000,2051.000,392.000,1813.000,236.000,476.000,26.430000,335.807458,6.140417
1780301321.421340,,,BOARD_2,1,0,319.000,1889.000,555.000,2365.000,437.000,2127.000,236.000,476.000,26.430000,8.800836,4.701250
1780301321.688267,,,BOARD_2,1,0,244.000,1649.000,480.000,2125.000,362.000,1887.000,236.000,476.000,26.430000,8.459040,5.801250
1780301321.688267,,,BOARD_2,1,1,308.000,2209.000,544.000,2685.000,426.000,2447.000,236.000,476.000,26.430000,8.750706,3.234583
1780301321.688267,,,BOARD_2,1,2,180.000,2209.000,416.000,2685.000,298.000,2447.000,236.000,476.000,26.430000,8.167373,3.234583
1780301321.832663,,,BOARD_2,3,0,185.000,1631.000,421.000,2107.000,303.000,1869.000,236.000,476.000,26.430000,335.401859,5.883750
1780301321.832663,,,BOARD_2,3,1,361.000,1647.000,597.000,2123.000,479.000,1885.000,236.000,476.000,26.430000,336.203943,5.810417
1780301322.051978,,,BOARD_2,3,0,1053.000,2202.000,1289.000,2678.000,1171.000,2440.000,236.000,476.000,26.430000,339.357589,3.266667
1780301322.181243,,,BOARD_2,1,0,482.000,1644.000,718.000,2120.000,600.000,1882.000,236.000,476.000,26.430000,9.543675,5.824167
1780301322.181243,,,BOARD_2,1,1,450.000,2172.000,686.000,2648.000,568.000,2410.000,236.000,476.000,26.430000,9.397842,3.404167
1780301322.694783,,,BOARD_2,1,0,383.000,1997.000,503.000,2241.000,443.000,2119.000,120.000,244.000,51.980000,8.828180,4.737917
1780301322.954595,,,BOARD_2,1,0,248.000,1647.000,484.000,2123.000,366.000,1885.000,236.000,476.000,26.430000,8.477269,5.810417
1780301322.954595,,,BOARD_2,1,1,472.000,2159.000,708.000,2635.000,590.000,2397.000,236.000,476.000,26.430000,9.498102,3.463750
1780301323.089756,,,BOARD_2,3,0,367.000,1633.000,603.000,2109.000,485.000,1871.000,236.000,476.000,26.430000,336.231286,5.874583
1780301323.122330,,,BOARD_2,4,0,3635.000,1613.000,3871.000,2089.000,3753.000,1851.000,236.000,476.000,26.430000,350.723816,5.966250
1780301323.466840,,,BOARD_2,4,0,944.000,1750.000,1180.000,2226.000,1062.000,1988.000,236.000,476.000,26.430000,338.460144,5.338333
1780301323.726969,,,BOARD_2,3,0,1053.000,2209.000,1289.000,2685.000,1171.000,2447.000,236.000,476.000,26.430000,339.357589,3.234583
1780301323.991067,,,BOARD_2,1,0,306.000,2182.000,542.000,2658.000,424.000,2420.000,236.000,476.000,26.430000,8.741592,3.358333
1780301323.991067,,,BOARD_2,1,1,194.000,2182.000,430.000,2658.000,312.000,2420.000,236.000,476.000,26.430000,8.231175,3.358333
1780301324.082536,,,BOARD_2,4,0,2264.000,1769.000,2500.000,2245.000,2382.000,2007.000,236.000,476.000,26.430000,344.475769,5.251250
1780301324.232686,,,BOARD_2,1,0,375.000,1991.000,495.000,2235.000,435.000,2113.000,120.000,244.000,51.980000,8.791722,4.765417
1780301324.232686,,,BOARD_2,1,1,333.000,2195.000,569.000,2671.000,451.000,2433.000,236.000,476.000,26.430000,8.864639,3.298750
1780301324.303619,,,BOARD_2,3,0,1057.000,2210.000,1293.000,2686.000,1175.000,2448.000,236.000,476.000,26.430000,339.375818,3.230000
1780301324.660093,,,BOARD_2,3,0,1057.000,2209.000,1293.000,2685.000,1175.000,2447.000,236.000,476.000,26.430000,339.375818,3.234583
1780301324.848807,,,BOARD_2,1,0,471.000,2141.000,707.000,2617.000,589.000,2379.000,236.000,476.000,26.430000,9.493545,3.546250
1780301325.015320,,,BOARD_2,3,0,356.000,1629.000,592.000,2105.000,474.000,1867.000,236.000,476.000,26.430000,336.181156,5.892917
1780301325.015320,,,BOARD_2,3,1,836.000,1645.000,1072.000,2121.000,954.000,1883.000,236.000,476.000,26.430000,338.368656,5.819583
1780301325.145986,,,BOARD_2,4,0,2261.000,1769.000,2497.000,2245.000,2379.000,2007.000,236.000,476.000,26.430000,344.462097,5.251250
1780301325.450293,,,BOARD_2,1,0,305.000,2180.000,541.000,2656.000,423.000,2418.000,236.000,476.000,26.430000,8.737034,3.367500
1780301325.450293,,,BOARD_2,1,1,193.000,2180.000,429.000,2656.000,311.000,2418.000,236.000,476.000,26.430000,8.226618,3.367500
1780301325.638734,,,BOARD_2,3,0,365.000,1634.000,601.000,2110.000,483.000,1872.000,236.000,476.000,26.430000,336.222172,5.870000
1780301325.833423,,,BOARD_2,1,0,325.000,1885.000,561.000,2361.000,443.000,2123.000,236.000,476.000,26.430000,8.828180,4.719583
1780301326.246696,,,BOARD_2,3,0,361.000,1634.000,597.000,2110.000,479.000,1872.000,236.000,476.000,26.430000,336.203943,5.870000
1780301326.295131,,,BOARD_2,4,0,3557.000,2208.000,3793.000,2684.000,3675.000,2446.000,236.000,476.000,26.430000,350.368347,3.239167
1780301326.455324,,,BOARD_2,1,0,298.000,2210.000,534.000,2686.000,416.000,2448.000,236.000,476.000,26.430000,8.705133,3.230000
1780301326.615934,,,BOARD_2,3,0,363.000,1646.000,599.000,2122.000,481.000,1884.000,236.000,476.000,26.430000,336.213057,5.815000
1780301326.828085,,,BOARD_2,3,0,1049.000,2204.000,1285.000,2680.000,1167.000,2442.000,236.000,476.000,26.430000,339.339359,3.257500
1780301327.198361,,,BOARD_2,3,0,1445.000,2207.000,1681.000,2683.000,1563.000,2445.000,236.000,476.000,26.430000,341.144047,3.243750
1780301327.274974,,,BOARD_2,1,0,375.000,1987.000,495.000,2231.000,435.000,2109.000,120.000,244.000,51.980000,8.791722,4.783750
1780301327.323017,,,BOARD_2,3,0,837.000,1650.000,1073.000,2126.000,955.000,1888.000,236.000,476.000,26.430000,338.373214,5.796667
1780301327.675066,,,BOARD_2,3,0,837.000,1650.000,1073.000,2126.000,955.000,1888.000,236.000,476.000,26.430000,338.373214,5.796667
1780301328.264123,,,BOARD_2,3,0,355.000,1646.000,591.000,2122.000,473.000,1884.000,236.000,476.000,26.430000,336.176599,5.815000
1780301328.449368,,,BOARD_2,1,0,307.000,2182.000,543.000,2658.000,425.000,2420.000,236.000,476.000,26.430000,8.746149,3.358333
1780301328.449368,,,BOARD_2,1,1,195.000,2182.000,431.000,2658.000,313.000,2420.000,236.000,476.000,26.430000,8.235732,3.358333
1780301328.724594,,,BOARD_2,1,0,306.000,2195.000,542.000,2671.000,424.000,2433.000,236.000,476.000,26.430000,8.741592,3.298750
1780301330.593120,,,BOARD_2,1,0,466.000,2135.000,702.000,2611.000,584.000,2373.000,236.000,476.000,26.430000,9.470758,3.573750
1780301330.593120,,,BOARD_2,1,1,-62.000,1959.000,174.000,2435.000,56.000,2197.000,236.000,476.000,26.430000,7.064508,4.380417
1780301330.839719,,,BOARD_2,1,0,302.000,2182.000,538.000,2658.000,420.000,2420.000,236.000,476.000,26.430000,8.723363,3.358333
1780301330.839719,,,BOARD_2,1,1,190.000,2182.000,426.000,2658.000,308.000,2420.000,236.000,476.000,26.430000,8.212946,3.358333
1780301331.030727,,,BOARD_2,3,0,1055.000,2209.000,1291.000,2685.000,1173.000,2447.000,236.000,476.000,26.430000,339.366703,3.234583
1780301331.554653,,,BOARD_2,1,0,305.000,2204.000,541.000,2680.000,423.000,2442.000,236.000,476.000,26.430000,8.737034,3.257500
1780301331.830671,,,BOARD_2,3,0,402.000,1632.000,638.000,2108.000,520.000,1870.000,236.000,476.000,26.430000,336.390792,5.879167
1780301332.321552,,,BOARD_2,1,0,386.000,2197.000,622.000,2673.000,504.000,2435.000,236.000,476.000,26.430000,9.106175,3.289583
1780301332.607325,,,BOARD_2,4,0,3545.000,1565.000,3781.000,2041.000,3663.000,1803.000,236.000,476.000,26.430000,350.313659,6.186250
1780301332.760130,,,BOARD_2,3,0,1050.000,2202.000,1286.000,2678.000,1168.000,2440.000,236.000,476.000,26.430000,339.343917,3.266667
1780301332.991647,,,BOARD_2,3,0,482.000,1646.000,718.000,2122.000,600.000,1884.000,236.000,476.000,26.430000,336.755375,5.815000
1780301333.298460,,,BOARD_2,1,0,308.000,2182.000,544.000,2658.000,426.000,2420.000,236.000,476.000,26.430000,8.750706,3.358333
1780301333.298460,,,BOARD_2,1,1,196.000,2182.000,432.000,2658.000,314.000,2420.000,236.000,476.000,26.430000,8.240290,3.358333
1780301333.358027,,,BOARD_2,3,0,201.000,1605.000,437.000,2081.000,319.000,1843.000,236.000,476.000,26.430000,335.474776,6.002917
1780301333.542550,,,BOARD_2,1,0,169.000,2205.000,405.000,2681.000,287.000,2443.000,236.000,476.000,26.430000,8.117243,3.252917
1780301333.542550,,,BOARD_2,1,1,473.000,2157.000,709.000,2633.000,591.000,2395.000,236.000,476.000,26.430000,9.502659,3.472917
1780301333.715120,,,BOARD_2,3,0,845.000,1647.000,1081.000,2123.000,963.000,1885.000,236.000,476.000,26.430000,338.409672,5.810417
1780301333.828091,,,BOARD_2,4,0,1299.000,1794.000,1535.000,2270.000,1417.000,2032.000,236.000,476.000,26.430000,340.077982,5.136667
1780301333.931571,,,BOARD_2,1,0,373.000,1993.000,493.000,2237.000,433.000,2115.000,120.000,244.000,51.980000,8.782607,4.756250
1780301333.964491,,,BOARD_2,3,0,1051.000,2210.000,1287.000,2686.000,1169.000,2448.000,236.000,476.000,26.430000,339.348474,3.230000
1780301334.466563,,,BOARD_2,1,0,309.000,2180.000,545.000,2656.000,427.000,2418.000,236.000,476.000,26.430000,8.755264,3.367500
1780301334.466563,,,BOARD_2,1,1,197.000,2180.000,433.000,2656.000,315.000,2418.000,236.000,476.000,26.430000,8.244847,3.367500
1780301334.601670,,,BOARD_2,3,0,1053.000,2210.000,1289.000,2686.000,1171.000,2448.000,236.000,476.000,26.430000,339.357589,3.230000
1780301334.704610,,,BOARD_2,1,0,322.000,2184.000,558.000,2660.000,440.000,2422.000,236.000,476.000,26.430000,8.814508,3.349167
1780301334.828030,,,BOARD_2,3,0,513.000,1650.000,749.000,2126.000,631.000,1888.000,236.000,476.000,26.430000,336.896651,5.796667
1780301335.375350,,,BOARD_2,3,0,841.000,1615.000,1077.000,2091.000,959.000,1853.000,236.000,476.000,26.430000,338.391443,5.957083
1780301335.764649,,,BOARD_2,3,0,1053.000,2209.000,1289.000,2685.000,1171.000,2447.000,236.000,476.000,26.430000,339.357589,3.234583
1780301336.141533,,,BOARD_2,3,0,1055.000,2209.000,1291.000,2685.000,1173.000,2447.000,236.000,476.000,26.430000,339.366703,3.234583
1780301336.246086,,,BOARD_2,1,0,193.000,2182.000,429.000,2658.000,311.000,2420.000,236.000,476.000,26.430000,8.226618,3.358333
1780301336.246086,,,BOARD_2,1,1,305.000,2182.000,541.000,2658.000,423.000,2420.000,236.000,476.000,26.430000,8.737034,3.358333
1780301336.262697,,,BOARD_2,3,0,843.000,1649.000,1079.000,2125.000,961.000,1887.000,236.000,476.000,26.430000,338.400557,5.801250
1780301336.411293,,,BOARD_2,4,0,1293.000,1792.000,1529.000,2268.000,1411.000,2030.000,236.000,476.000,26.430000,340.050639,5.145833
1780301336.515980,,,BOARD_2,3,0,482.000,1646.000,718.000,2122.000,600.000,1884.000,236.000,476.000,26.430000,336.755375,5.815000
1780301337.092563,,,BOARD_2,3,0,1055.000,2209.000,1291.000,2685.000,1173.000,2447.000,236.000,476.000,26.430000,339.366703,3.234583
1780301337.374360,,,BOARD_2,1,0,191.000,2183.000,427.000,2659.000,309.000,2421.000,236.000,476.000,26.430000,8.217503,3.353750
1780301337.374360,,,BOARD_2,1,1,303.000,2183.000,539.000,2659.000,421.000,2421.000,236.000,476.000,26.430000,8.727920,3.353750
1780301337.782697,,,BOARD_2,3,0,482.000,1965.000,718.000,2441.000,600.000,2203.000,236.000,476.000,26.430000,336.755375,4.352917
1780301338.026779,,,BOARD_2,3,0,502.000,1729.000,738.000,2205.000,620.000,1967.000,236.000,476.000,26.430000,336.846521,5.434583
1780301338.202631,,,BOARD_2,1,0,309.000,2179.000,545.000,2655.000,427.000,2417.000,236.000,476.000,26.430000,8.755264,3.372083
1780301338.202631,,,BOARD_2,1,1,197.000,2179.000,433.000,2655.000,315.000,2417.000,236.000,476.000,26.430000,8.244847,3.372083
1780301338.613194,,,BOARD_2,3,0,1051.000,2209.000,1287.000,2685.000,1169.000,2447.000,236.000,476.000,26.430000,339.348474,3.234583
1780301338.959144,,,BOARD_2,3,0,487.000,1751.000,723.000,2227.000,605.000,1989.000,236.000,476.000,26.430000,336.778161,5.333750
1780301339.313825,,,BOARD_2,3,0,1053.000,2209.000,1289.000,2685.000,1171.000,2447.000,236.000,476.000,26.430000,339.357589,3.234583
1780301339.530524,,,BOARD_2,3,0,402.000,1632.000,638.000,2108.000,520.000,1870.000,236.000,476.000,26.430000,336.390792,5.879167
1780301339.649384,,,BOARD_2,1,0,299.000,2191.000,535.000,2667.000,417.000,2429.000,236.000,476.000,26.430000,8.709691,3.317083
1780301339.805427,,,BOARD_2,3,0,1053.000,2209.000,1289.000,2685.000,1171.000,2447.000,236.000,476.000,26.430000,339.357589,3.234583
1780301340.042565,,,BOARD_2,3,0,357.000,1647.000,593.000,2123.000,475.000,1885.000,236.000,476.000,26.430000,336.185714,5.810417
1780301340.042565,,,BOARD_2,3,1,837.000,1647.000,1073.000,2123.000,955.000,1885.000,236.000,476.000,26.430000,338.373214,5.810417
1780301340.623804,,,BOARD_2,3,0,352.000,1628.000,588.000,2104.000,470.000,1866.000,236.000,476.000,26.430000,336.162927,5.897500
1780301340.623804,,,BOARD_2,3,1,176.000,1628.000,412.000,2104.000,294.000,1866.000,236.000,476.000,26.430000,335.360844,5.897500
1780301341.104881,,,BOARD_2,1,0,304.000,2196.000,540.000,2672.000,422.000,2434.000,236.000,476.000,26.430000,8.732477,3.294167
1780301341.104881,,,BOARD_2,1,1,176.000,2196.000,412.000,2672.000,294.000,2434.000,236.000,476.000,26.430000,8.149144,3.294167
1780301341.787517,,,BOARD_2,1,0,185.000,2182.000,421.000,2658.000,303.000,2420.000,236.000,476.000,26.430000,8.190159,3.358333
1780301341.787517,,,BOARD_2,1,1,297.000,2182.000,533.000,2658.000,415.000,2420.000,236.000,476.000,26.430000,8.700576,3.358333
1780301342.376685,,,BOARD_2,3,0,1051.000,2210.000,1287.000,2686.000,1169.000,2448.000,236.000,476.000,26.430000,339.348474,3.230000
1780301342.868791,,,BOARD_2,4,0,3583.000,1573.000,3819.000,2049.000,3701.000,1811.000,236.000,476.000,26.430000,350.486836,6.149583
1780301343.233268,,,BOARD_2,4,0,1301.000,1675.000,1537.000,2151.000,1419.000,1913.000,236.000,476.000,26.430000,340.087097,5.682083
1780301343.370076,,,BOARD_2,3,0,1057.000,2208.000,1293.000,2684.000,1175.000,2446.000,236.000,476.000,26.430000,339.375818,3.239167
1780301355.054229,,,BOARD_2,3,0,367.000,1635.000,603.000,2111.000,485.000,1873.000,236.000,476.000,26.430000,336.231286,5.865417
1780301355.602168,,,BOARD_2,3,0,194.000,1626.000,430.000,2102.000,312.000,1864.000,236.000,476.000,26.430000,335.442875,5.906667
1780301355.818226,,,BOARD_2,1,0,306.000,2203.000,542.000,2679.000,424.000,2441.000,236.000,476.000,26.430000,8.741592,3.262083
1780301356.001129,,,BOARD_2,3,0,482.000,1648.000,718.000,2124.000,600.000,1886.000,236.000,476.000,26.430000,336.755375,5.805833
1780301356.686732,,,BOARD_2,1,0,482.000,1640.000,718.000,2116.000,600.000,1878.000,236.000,476.000,26.430000,9.543675,5.842500
1780301356.686732,,,BOARD_2,1,1,338.000,2024.000,574.000,2500.000,456.000,2262.000,236.000,476.000,26.430000,8.887425,4.082500
1780301357.468388,,,BOARD_2,1,0,185.000,2207.000,421.000,2683.000,303.000,2445.000,236.000,476.000,26.430000,8.190159,3.243750
1780301357.468388,,,BOARD_2,1,1,249.000,1647.000,485.000,2123.000,367.000,1885.000,236.000,476.000,26.430000,8.481826,5.810417
1780301357.468388,,,BOARD_2,1,2,297.000,2207.000,533.000,2683.000,415.000,2445.000,236.000,476.000,26.430000,8.700576,3.243750
1780301358.095050,,,BOARD_2,1,0,249.000,1647.000,485.000,2123.000,367.000,1885.000,236.000,476.000,26.430000,8.481826,5.810417
1780301358.095050,,,BOARD_2,1,1,297.000,2207.000,533.000,2683.000,415.000,2445.000,236.000,476.000,26.430000,8.700576,3.243750
1780301358.305861,,,BOARD_2,3,0,847.000,1650.000,1083.000,2126.000,965.000,1888.000,236.000,476.000,26.430000,338.418786,5.796667
1780301358.544160,,,BOARD_2,3,0,418.000,1647.000,654.000,2123.000,536.000,1885.000,236.000,476.000,26.430000,336.463708,5.810417
1780301358.888093,,,BOARD_2,3,0,1077.000,2208.000,1313.000,2684.000,1195.000,2446.000,236.000,476.000,26.430000,339.466964,3.239167
1780301359.083021,,,BOARD_2,1,0,434.000,2156.000,670.000,2632.000,552.000,2394.000,236.000,476.000,26.430000,9.324925,3.477500
1780301360.193267,,,BOARD_2,1,0,295.000,2184.000,531.000,2660.000,413.000,2422.000,236.000,476.000,26.430000,8.691461,3.349167
1780301360.861579,,,BOARD_2,3,0,1051.000,2210.000,1287.000,2686.000,1169.000,2448.000,236.000,476.000,26.430000,339.348474,3.230000
1780301361.246337,,,BOARD_2,4,0,3555.000,2204.000,3791.000,2680.000,3673.000,2442.000,236.000,476.000,26.430000,350.359232,3.257500
1780301361.386550,,,BOARD_2,1,0,248.000,1645.000,484.000,2121.000,366.000,1883.000,236.000,476.000,26.430000,8.477269,5.819583
1780301361.386550,,,BOARD_2,1,1,168.000,2205.000,404.000,2681.000,286.000,2443.000,236.000,476.000,26.430000,8.112685,3.252917
1780301361.386550,,,BOARD_2,1,2,296.000,2205.000,532.000,2681.000,414.000,2443.000,236.000,476.000,26.430000,8.696019,3.252917
1780301361.795459,,,BOARD_2,3,0,1048.000,2177.000,1284.000,2653.000,1166.000,2415.000,236.000,476.000,26.430000,339.334802,3.381250
1780301362.476820,,,BOARD_2,3,0,1051.000,2203.000,1287.000,2679.000,1169.000,2441.000,236.000,476.000,26.430000,339.348474,3.262083
1780301362.823539,,,BOARD_2,3,0,418.000,1633.000,654.000,2109.000,536.000,1871.000,236.000,476.000,26.430000,336.463708,5.874583
1780301362.967563,,,BOARD_2,1,0,329.000,2195.000,565.000,2671.000,447.000,2433.000,236.000,476.000,26.430000,8.846409,3.298750
1780301362.967563,,,BOARD_2,1,1,371.000,1991.000,491.000,2235.000,431.000,2113.000,120.000,244.000,51.980000,8.773493,4.765417
1780301363.168907,,,BOARD_2,3,0,355.000,1633.000,591.000,2109.000,473.000,1871.000,236.000,476.000,26.430000,336.176599,5.874583
1780301363.389253,,,BOARD_2,3,0,1055.000,2209.000,1291.000,2685.000,1173.000,2447.000,236.000,476.000,26.430000,339.366703,3.234583
1780301363.723737,,,BOARD_2,1,0,939.000,2175.000,1175.000,2651.000,1057.000,2413.000,236.000,476.000,26.430000,11.626357,3.390417
1780301363.741449,,,BOARD_2,3,0,358.000,1631.000,594.000,2107.000,476.000,1869.000,236.000,476.000,26.430000,336.190271,5.883750
1780301363.860775,,,BOARD_2,4,0,3554.000,2203.000,3790.000,2679.000,3672.000,2441.000,236.000,476.000,26.430000,350.354675,3.262083
1780301364.148598,,,BOARD_2,4,0,3556.000,2206.000,3792.000,2682.000,3674.000,2444.000,236.000,476.000,26.430000,350.363790,3.248333
1780301364.560115,,,BOARD_2,1,0,317.000,1883.000,553.000,2359.000,435.000,2121.000,236.000,476.000,26.430000,8.791722,4.728750
1780301364.669026,,,BOARD_2,3,0,842.000,1616.000,1078.000,2092.000,960.000,1854.000,236.000,476.000,26.430000,338.396000,5.952500
1780301364.911536,,,BOARD_2,1,0,301.000,2209.000,537.000,2685.000,419.000,2447.000,236.000,476.000,26.430000,8.718805,3.234583
1780301365.523957,,,BOARD_2,1,0,181.000,2183.000,417.000,2659.000,299.000,2421.000,236.000,476.000,26.430000,8.171930,3.353750
1780301365.523957,,,BOARD_2,1,1,293.000,2183.000,529.000,2659.000,411.000,2421.000,236.000,476.000,26.430000,8.682347,3.353750
1780301365.633466,,,BOARD_2,3,0,482.000,1650.000,718.000,2126.000,600.000,1888.000,236.000,476.000,26.430000,336.755375,5.796667
1780301366.241403,,,BOARD_2,3,0,365.000,1648.000,601.000,2124.000,483.000,1886.000,236.000,476.000,26.430000,336.222172,5.805833
1780301366.453328,,,BOARD_2,4,0,3552.000,2203.000,3788.000,2679.000,3670.000,2441.000,236.000,476.000,26.430000,350.345560,3.262083
1780301366.453328,,,BOARD_2,4,1,3504.000,1627.000,3740.000,2103.000,3622.000,1865.000,236.000,476.000,26.430000,350.126810,5.902083
1780301366.512209,,,BOARD_2,1,0,182.000,2184.000,418.000,2660.000,300.000,2422.000,236.000,476.000,26.430000,8.176488,3.349167
1780301366.512209,,,BOARD_2,1,1,294.000,2184.000,530.000,2660.000,412.000,2422.000,236.000,476.000,26.430000,8.686904,3.349167
1780301366.878965,,,BOARD_2,1,0,298.000,2206.000,534.000,2682.000,416.000,2444.000,236.000,476.000,26.430000,8.705133,3.248333
1780301366.954815,,,BOARD_2,3,0,357.000,1649.000,593.000,2125.000,475.000,1887.000,236.000,476.000,26.430000,336.185714,5.801250
1780301367.330270,,,BOARD_2,3,0,363.000,1641.000,599.000,2117.000,481.000,1879.000,236.000,476.000,26.430000,336.213057,5.837917
1780301367.693311,,,BOARD_2,3,0,357.000,1634.000,593.000,2110.000,475.000,1872.000,236.000,476.000,26.430000,336.185714,5.870000
1780301367.870826,,,BOARD_2,4,0,3554.000,2207.000,3790.000,2683.000,3672.000,2445.000,236.000,476.000,26.430000,350.354675,3.243750
1780301367.945703,,,BOARD_2,3,0,1447.000,2179.000,1683.000,2655.000,1565.000,2417.000,236.000,476.000,26.430000,341.153161,3.372083
1780301367.952020,,,BOARD_2,1,0,322.000,2196.000,558.000,2672.000,440.000,2434.000,236.000,476.000,26.430000,8.814508,3.294167
1780301368.241291,,,BOARD_2,3,0,466.000,1631.000,702.000,2107.000,584.000,1869.000,236.000,476.000,26.430000,336.682458,5.883750
1780301368.626919,,,BOARD_2,3,0,355.000,1634.000,591.000,2110.000,473.000,1872.000,236.000,476.000,26.430000,336.176599,5.870000
1780301368.626919,,,BOARD_2,3,1,515.000,1650.000,751.000,2126.000,633.000,1888.000,236.000,476.000,26.430000,336.905766,5.796667
1780301368.850444,,,BOARD_2,3,0,1053.000,2208.000,1289.000,2684.000,1171.000,2446.000,236.000,476.000,26.430000,339.357589,3.239167
1780301369.136751,,,BOARD_2,1,0,302.000,2203.000,538.000,2679.000,420.000,2441.000,236.000,476.000,26.430000,8.723363,3.262083
1780301369.207453,,,BOARD_2,3,0,482.000,1646.000,718.000,2122.000,600.000,1884.000,236.000,476.000,26.430000,336.755375,5.815000
1780301369.377817,,,BOARD_2,1,0,304.000,2177.000,540.000,2653.000,422.000,2415.000,236.000,476.000,26.430000,8.732477,3.381250
1780301370.094188,,,BOARD_2,3,0,1459.000,2171.000,1695.000,2647.000,1577.000,2409.000,236.000,476.000,26.430000,341.207849,3.408750
1780301370.309125,,,BOARD_2,3,0,183.000,1631.000,419.000,2107.000,301.000,1869.000,236.000,476.000,26.430000,335.392745,5.883750
1780301370.309125,,,BOARD_2,3,1,359.000,1631.000,595.000,2107.000,477.000,1869.000,236.000,476.000,26.430000,336.194828,5.883750
1780301370.629608,,,BOARD_2,1,0,180.000,2181.000,416.000,2657.000,298.000,2419.000,236.000,476.000,26.430000,8.167373,3.362917
1780301370.771058,,,BOARD_2,4,0,3551.000,2205.000,3787.000,2681.000,3669.000,2443.000,236.000,476.000,26.430000,350.341003,3.252917
1780301370.917444,,,BOARD_2,3,0,1449.000,2169.000,1685.000,2645.000,1567.000,2407.000,236.000,476.000,26.430000,341.162276,3.417917
1780301371.204594,,,BOARD_2,1,0,305.000,2157.000,541.000,2633.000,423.000,2395.000,236.000,476.000,26.430000,8.737034,3.472917
1780301371.286436,,,BOARD_2,3,0,1045.000,2178.000,1281.000,2654.000,1163.000,2416.000,236.000,476.000,26.430000,339.321130,3.376667
1780301371.384239,,,BOARD_2,4,0,3800.000,1646.000,4036.000,2122.000,3918.000,1884.000,236.000,476.000,26.430000,351.475769,5.815000
1780301371.427987,,,BOARD_2,1,0,178.000,2185.000,414.000,2661.000,296.000,2423.000,236.000,476.000,26.430000,8.158258,3.344583
1780301371.427987,,,BOARD_2,1,1,306.000,2185.000,542.000,2661.000,424.000,2423.000,236.000,476.000,26.430000,8.741592,3.344583
1780301371.574386,,,BOARD_2,3,0,354.000,1647.000,590.000,2123.000,472.000,1885.000,236.000,476.000,26.430000,336.172042,5.810417
1780301371.574386,,,BOARD_2,3,1,834.000,1647.000,1070.000,2123.000,952.000,1885.000,236.000,476.000,26.430000,338.359542,5.810417
1780301371.814050,,,BOARD_2,3,0,1051.000,2199.000,1287.000,2675.000,1169.000,2437.000,236.000,476.000,26.430000,339.348474,3.280417
1780301372.039433,,,BOARD_2,1,0,303.000,2210.000,539.000,2686.000,421.000,2448.000,236.000,476.000,26.430000,8.727920,3.230000
1780301372.201288,,,BOARD_2,3,0,1450.000,2112.000,1686.000,2588.000,1568.000,2350.000,236.000,476.000,26.430000,341.166833,3.679167
1780301372.217322,,,BOARD_2,4,0,3549.000,2204.000,3785.000,2680.000,3667.000,2442.000,236.000,476.000,26.430000,350.331889,3.257500
1780301372.460793,,,BOARD_2,3,0,347.000,1629.000,583.000,2105.000,465.000,1867.000,236.000,476.000,26.430000,336.140141,5.892917
1780301372.546997,,,BOARD_2,1,0,305.000,2191.000,541.000,2667.000,423.000,2429.000,236.000,476.000,26.430000,8.737034,3.317083
1780301372.833833,,,BOARD_2,4,0,3543.000,2205.000,3779.000,2681.000,3661.000,2443.000,236.000,476.000,26.430000,350.304545,3.252917
1780301372.892319,,,BOARD_2,1,0,418.000,2171.000,654.000,2647.000,536.000,2409.000,236.000,476.000,26.430000,9.252008,3.408750
1780301373.124774,,,BOARD_2,3,0,1044.000,2193.000,1280.000,2669.000,1162.000,2431.000,236.000,476.000,26.430000,339.316573,3.307917
1780301373.547674,,,BOARD_2,4,0,3498.000,1628.000,3734.000,2104.000,3616.000,1866.000,236.000,476.000,26.430000,350.099467,5.897500
1780301373.547674,,,BOARD_2,4,1,3546.000,2204.000,3782.000,2680.000,3664.000,2442.000,236.000,476.000,26.430000,350.318217,3.257500
1780301373.990824,,,BOARD_2,3,0,491.000,1858.000,727.000,2334.000,609.000,2096.000,236.000,476.000,26.430000,336.796391,4.843333
1780301374.420195,,,BOARD_2,4,0,3545.000,2204.000,3781.000,2680.000,3663.000,2442.000,236.000,476.000,26.430000,350.313659,3.257500
1780301374.622191,,,BOARD_2,3,0,351.000,1638.000,587.000,2114.000,469.000,1876.000,236.000,476.000,26.430000,336.158370,5.851667
1780301374.704490,,,BOARD_2,4,0,3541.000,2204.000,3777.000,2680.000,3659.000,2442.000,236.000,476.000,26.430000,350.295430,3.257500
1780301374.919864,,,BOARD_2,4,0,3541.000,2206.000,3777.000,2682.000,3659.000,2444.000,236.000,476.000,26.430000,350.295430,3.248333
1780301375.643353,,,BOARD_2,3,0,351.000,1634.000,587.000,2110.000,469.000,1872.000,236.000,476.000,26.430000,336.158370,5.870000
1780301375.681105,,,BOARD_2,4,0,3546.000,2205.000,3782.000,2681.000,3664.000,2443.000,236.000,476.000,26.430000,350.318217,3.252917
1780301375.826509,,,BOARD_2,1,0,327.000,2183.000,563.000,2659.000,445.000,2421.000,236.000,476.000,26.430000,8.837295,3.353750
1780301375.896130,,,BOARD_2,3,0,350.000,1629.000,586.000,2105.000,468.000,1867.000,236.000,476.000,26.430000,336.153813,5.892917
1780301376.415869,,,BOARD_2,3,0,343.000,1630.000,579.000,2106.000,461.000,1868.000,236.000,476.000,26.430000,336.121911,5.888333
1780301376.588339,,,BOARD_2,1,0,179.000,2181.000,415.000,2657.000,297.000,2419.000,236.000,476.000,26.430000,8.162816,3.362917
1780301376.588339,,,BOARD_2,1,1,307.000,2181.000,543.000,2657.000,425.000,2419.000,236.000,476.000,26.430000,8.746149,3.362917
1780301376.678848,,,BOARD_2,3,0,1049.000,2199.000,1285.000,2675.000,1167.000,2437.000,236.000,476.000,26.430000,339.339359,3.280417
1780301376.678848,,,BOARD_2,3,1,1433.000,2199.000,1669.000,2675.000,1551.000,2437.000,236.000,476.000,26.430000,341.089359,3.280417
1780301376.971571,,,BOARD_2,1,0,381.000,1989.000,501.000,2233.000,441.000,2111.000,120.000,244.000,51.980000,8.819066,4.774583
1780301377.285270,,,BOARD_2,3,0,1047.000,2206.000,1283.000,2682.000,1165.000,2444.000,236.000,476.000,26.430000,339.330245,3.248333
1780301377.585443,,,BOARD_2,1,0,370.000,2173.000,606.000,2649.000,488.000,2411.000,236.000,476.000,26.430000,9.033258,3.399583
1780301377.655673,,,BOARD_2,3,0,353.000,1633.000,589.000,2109.000,471.000,1871.000,236.000,476.000,26.430000,336.167484,5.874583
1780301377.772910,,,BOARD_2,3,0,1049.000,2207.000,1285.000,2683.000,1167.000,2445.000,236.000,476.000,26.430000,339.339359,3.243750
1780301377.972333,,,BOARD_2,1,0,258.000,1649.000,494.000,2125.000,376.000,1887.000,236.000,476.000,26.430000,8.522842,5.801250
1780301378.021065,,,BOARD_2,3,0,345.000,1647.000,581.000,2123.000,463.000,1885.000,236.000,476.000,26.430000,336.131026,5.810417
1780301378.112425,,,BOARD_2,4,0,3537.000,2207.000,3773.000,2683.000,3655.000,2445.000,236.000,476.000,26.430000,350.277201,3.243750
1780301378.187952,,,BOARD_2,1,0,379.000,1989.000,499.000,2233.000,439.000,2111.000,120.000,244.000,51.980000,8.809951,4.774583
1780301378.823956,,,BOARD_2,4,0,3541.000,2204.000,3777.000,2680.000,3659.000,2442.000,236.000,476.000,26.430000,350.295430,3.257500
1780301378.899791,,,BOARD_2,1,0,306.000,2196.000,542.000,2672.000,424.000,2434.000,236.000,476.000,26.430000,8.741592,3.294167
1780301378.964806,,,BOARD_2,3,0,1433.000,2152.000,1669.000,2628.000,1551.000,2390.000,236.000,476.000,26.430000,341.089359,3.495833
1780301378.964806,,,BOARD_2,3,1,1049.000,2152.000,1285.000,2628.000,1167.000,2390.000,236.000,476.000,26.430000,339.339359,3.495833
1780301379.214615,,,BOARD_2,3,0,340.000,1630.000,576.000,2106.000,458.000,1868.000,236.000,476.000,26.430000,336.108240,5.888333
1780301379.564077,,,BOARD_2,3,0,341.000,1627.000,577.000,2103.000,459.000,1865.000,236.000,476.000,26.430000,336.112797,5.902083
1780301379.586346,,,BOARD_2,4,0,3516.000,2207.000,3752.000,2683.000,3634.000,2445.000,236.000,476.000,26.430000,350.181498,3.243750
1780301380.142558,,,BOARD_2,3,0,343.000,1645.000,579.000,2121.000,461.000,1883.000,236.000,476.000,26.430000,336.121911,5.819583
1780301380.487592,,,BOARD_2,3,0,1440.000,2176.000,1676.000,2652.000,1558.000,2414.000,236.000,476.000,26.430000,341.121260,3.385833
1780301381.592850,,,BOARD_2,1,0,297.000,2204.000,533.000,2680.000,415.000,2442.000,236.000,476.000,26.430000,8.700576,3.257500
1780301381.615023,,,BOARD_2,3,0,1060.000,2180.000,1296.000,2656.000,1178.000,2418.000,236.000,476.000,26.430000,339.389490,3.367500
1780301381.969296,,,BOARD_2,3,0,475.000,1743.000,711.000,2219.000,593.000,1981.000,236.000,476.000,26.430000,336.723474,5.370417
1780301381.969296,,,BOARD_2,3,1,347.000,1663.000,583.000,2139.000,465.000,1901.000,236.000,476.000,26.430000,336.140141,5.737083
1780301382.726243,,,BOARD_2,3,0,1053.000,2208.000,1289.000,2684.000,1171.000,2446.000,236.000,476.000,26.430000,339.357589,3.239167
1780301382.753704,,,BOARD_2,4,0,3545.000,2205.000,3781.000,2681.000,3663.000,2443.000,236.000,476.000,26.430000,350.313659,3.252917
1780301382.961088,,,BOARD_2,3,0,363.000,1633.000,599.000,2109.000,481.000,1871.000,236.000,476.000,26.430000,336.213057,5.874583
1780301383.172096,,,BOARD_2,1,0,189.000,2183.000,425.000,2659.000,307.000,2421.000,236.000,476.000,26.430000,8.208389,3.353750
1780301383.172096,,,BOARD_2,1,1,301.000,2183.000,537.000,2659.000,419.000,2421.000,236.000,476.000,26.430000,8.718805,3.353750
1780301383.339149,,,BOARD_2,4,0,3586.000,1613.000,3822.000,2089.000,3704.000,1851.000,236.000,476.000,26.430000,350.500508,5.966250
1780301383.393262,,,BOARD_2,3,0,1047.000,2159.000,1283.000,2635.000,1165.000,2397.000,236.000,476.000,26.430000,339.330245,3.463750
1780301383.437051,,,BOARD_2,1,0,482.000,2175.000,718.000,2651.000,600.000,2413.000,236.000,476.000,26.430000,9.543675,3.390417
1780301383.908059,,,BOARD_2,1,0,182.000,2181.000,418.000,2657.000,300.000,2419.000,236.000,476.000,26.430000,8.176488,3.362917
1780301383.908059,,,BOARD_2,1,1,294.000,2181.000,530.000,2657.000,412.000,2419.000,236.000,476.000,26.430000,8.686904,3.362917
1780301384.065216,,,BOARD_2,3,0,1056.000,2194.000,1292.000,2670.000,1174.000,2432.000,236.000,476.000,26.430000,339.371260,3.303333
1780301384.289892,,,BOARD_2,1,0,833.000,2205.000,1069.000,2681.000,951.000,2443.000,236.000,476.000,26.430000,11.143284,3.252917
1780301384.339361,,,BOARD_2,3,0,1445.000,2168.000,1681.000,2644.000,1563.000,2406.000,236.000,476.000,26.430000,341.144047,3.422500
1780301384.747218,,,BOARD_2,4,0,3555.000,2209.000,3791.000,2685.000,3673.000,2447.000,236.000,476.000,26.430000,350.359232,3.234583
1780301384.898868,,,BOARD_2,1,0,190.000,2184.000,426.000,2660.000,308.000,2422.000,236.000,476.000,26.430000,8.212946,3.349167
1780301384.898868,,,BOARD_2,1,1,302.000,2184.000,538.000,2660.000,420.000,2422.000,236.000,476.000,26.430000,8.723363,3.349167
1780301384.985448,,,BOARD_2,3,0,1050.000,2209.000,1286.000,2685.000,1168.000,2447.000,236.000,476.000,26.430000,339.343917,3.234583
1780301385.279835,,,BOARD_2,3,0,1437.000,2210.000,1673.000,2686.000,1555.000,2448.000,236.000,476.000,26.430000,341.107589,3.230000
1780301385.338884,,,BOARD_2,4,0,3552.000,2207.000,3788.000,2683.000,3670.000,2445.000,236.000,476.000,26.430000,350.345560,3.243750
1780301393.315960,,,BOARD_2,3,0,66.000,1846.000,302.000,2322.000,184.000,2084.000,236.000,476.000,26.430000,334.859542,4.898333
1780301393.315960,,,BOARD_2,3,1,210.000,1622.000,446.000,2098.000,328.000,1860.000,236.000,476.000,26.430000,335.515792,5.925000
1780301393.398107,,,BOARD_2,4,0,2263.000,1769.000,2499.000,2245.000,2381.000,2007.000,236.000,476.000,26.430000,344.471211,5.251250
1780301393.583074,,,BOARD_2,3,0,845.000,1644.000,1081.000,2120.000,963.000,1882.000,236.000,476.000,26.430000,338.409672,5.824167
1780301393.583074,,,BOARD_2,3,1,931.000,1694.000,1395.000,2054.000,1163.000,1874.000,464.000,360.000,13.440000,339.321130,5.860833
1780301393.583074,,,BOARD_2,3,2,1053.000,2204.000,1289.000,2680.000,1171.000,2442.000,236.000,476.000,26.430000,339.357589,3.257500
1780301393.583074,,,BOARD_2,3,3,622.000,1810.000,686.000,1930.000,654.000,1870.000,64.000,120.000,97.460000,337.001469,5.879167
1780301393.655479,,,BOARD_2,4,0,3981.000,1629.000,4217.000,2105.000,4099.000,1867.000,236.000,476.000,26.430000,352.300639,5.892917
1780301393.655479,,,BOARD_2,4,1,3715.000,1695.000,4179.000,2055.000,3947.000,1875.000,464.000,360.000,13.440000,351.607930,5.856250
1780301393.824867,,,BOARD_2,1,0,295.000,2155.000,531.000,2631.000,413.000,2393.000,236.000,476.000,26.430000,8.691461,3.482083
1780301393.824867,,,BOARD_2,1,1,183.000,2155.000,419.000,2631.000,301.000,2393.000,236.000,476.000,26.430000,8.181045,3.482083
1780301393.824867,,,BOARD_2,1,2,471.000,2123.000,707.000,2599.000,589.000,2361.000,236.000,476.000,26.430000,9.493545,3.628750
1780301393.824867,,,BOARD_2,1,3,247.000,1675.000,483.000,2151.000,365.000,1913.000,236.000,476.000,26.430000,8.472711,5.682083
1780301394.180744,,,BOARD_2,3,0,357.000,1634.000,593.000,2110.000,475.000,1872.000,236.000,476.000,26.430000,336.185714,5.870000
1780301394.180744,,,BOARD_2,3,1,789.000,1858.000,1025.000,2334.000,907.000,2096.000,236.000,476.000,26.430000,338.154464,4.843333
1780301394.385784,,,BOARD_2,1,0,303.000,2207.000,539.000,2683.000,421.000,2445.000,236.000,476.000,26.430000,8.727920,3.243750
1780301394.402928,,,BOARD_2,3,0,1447.000,2163.000,1683.000,2639.000,1565.000,2401.000,236.000,476.000,26.430000,341.153161,3.445417
1780301394.402928,,,BOARD_2,3,1,1687.000,2099.000,1923.000,2575.000,1805.000,2337.000,236.000,476.000,26.430000,342.246911,3.738750
1780301394.652912,,,BOARD_2,1,0,843.000,2175.000,1079.000,2651.000,961.000,2413.000,236.000,476.000,26.430000,11.188857,3.390417
1780301394.652912,,,BOARD_2,1,1,923.000,1999.000,1159.000,2475.000,1041.000,2237.000,236.000,476.000,26.430000,11.553441,4.197083
1780301394.756910,,,BOARD_2,3,0,1027.000,1649.000,1263.000,2125.000,1145.000,1887.000,236.000,476.000,26.430000,339.239099,5.801250
1780301394.756910,,,BOARD_2,3,1,1043.000,2209.000,1279.000,2685.000,1161.000,2447.000,236.000,476.000,26.430000,339.312016,3.234583
1780301394.887386,,,BOARD_2,4,0,2343.000,1849.000,2579.000,2325.000,2461.000,2087.000,236.000,476.000,26.430000,344.835795,4.884583
1780301394.887386,,,BOARD_2,4,1,2359.000,2137.000,2595.000,2613.000,2477.000,2375.000,236.000,476.000,26.430000,344.908711,3.564583
1780301394.915723,,,BOARD_2,1,0,183.000,2154.000,419.000,2630.000,301.000,2392.000,236.000,476.000,26.430000,8.181045,3.486667
1780301394.915723,,,BOARD_2,1,1,295.000,2154.000,531.000,2630.000,413.000,2392.000,236.000,476.000,26.430000,8.691461,3.486667
1780301394.915723,,,BOARD_2,1,2,231.000,1690.000,467.000,2166.000,349.000,1928.000,236.000,476.000,26.430000,8.399795,5.613333
1780301394.915723,,,BOARD_2,1,3,711.000,2170.000,947.000,2646.000,829.000,2408.000,236.000,476.000,26.430000,10.587295,3.413333
1780301395.161877,,,BOARD_2,4,0,2265.000,1769.000,2501.000,2245.000,2383.000,2007.000,236.000,476.000,26.430000,344.480326,5.251250
1780301395.278762,,,BOARD_2,1,0,303.000,2209.000,539.000,2685.000,421.000,2447.000,236.000,476.000,26.430000,8.727920,3.234583
1780301395.278762,,,BOARD_2,1,1,239.000,1649.000,475.000,2125.000,357.000,1887.000,236.000,476.000,26.430000,8.436253,5.801250
1780301395.278762,,,BOARD_2,1,2,351.000,2053.000,483.000,2145.000,417.000,2099.000,132.000,92.000,47.250000,8.709691,4.829583
1780301395.447790,,,BOARD_2,3,0,829.000,1648.000,1065.000,2124.000,947.000,1886.000,236.000,476.000,26.430000,338.336755,5.805833
1780301395.447790,,,BOARD_2,3,1,349.000,1632.000,585.000,2108.000,467.000,1870.000,236.000,476.000,26.430000,336.149255,5.879167
1780301395.447790,,,BOARD_2,3,2,509.000,1648.000,745.000,2124.000,627.000,1886.000,236.000,476.000,26.430000,336.878422,5.805833
1780301395.622266,,,BOARD_2,1,0,972.000,2189.000,1208.000,2665.000,1090.000,2427.000,236.000,476.000,26.430000,11.776748,3.326250
1780301395.785154,,,BOARD_2,3,0,418.000,1634.000,654.000,2110.000,536.000,1872.000,236.000,476.000,26.430000,336.463708,5.870000
1780301395.785154,,,BOARD_2,3,1,514.000,1874.000,750.000,2350.000,632.000,2112.000,236.000,476.000,26.430000,336.901208,4.770000
1780301395.828721,,,BOARD_2,4,0,1287.000,1650.000,1523.000,2126.000,1405.000,1888.000,236.000,476.000,26.430000,340.023295,5.796667
1780301395.828721,,,BOARD_2,4,1,1303.000,1794.000,1539.000,2270.000,1421.000,2032.000,236.000,476.000,26.430000,340.096211,5.136667
1780301395.974952,,,BOARD_2,1,0,466.000,1791.000,702.000,2267.000,584.000,2029.000,236.000,476.000,26.430000,9.470758,5.150417
1780301395.974952,,,BOARD_2,1,1,498.000,1647.000,734.000,2123.000,616.000,1885.000,236.000,476.000,26.430000,9.616592,5.810417
1780301395.974952,,,BOARD_2,1,2,-62.000,2031.000,174.000,2507.000,56.000,2269.000,236.000,476.000,26.430000,7.064508,4.050417
1780301395.974952,,,BOARD_2,1,3,98.000,1951.000,334.000,2427.000,216.000,2189.000,236.000,476.000,26.430000,7.793675,4.417083
1780301395.974952,,,BOARD_2,1,4,482.000,2159.000,718.000,2635.000,600.000,2397.000,236.000,476.000,26.430000,9.543675,3.463750
1780301396.028754,,,BOARD_2,3,0,349.000,1632.000,585.000,2108.000,467.000,1870.000,236.000,476.000,26.430000,336.149255,5.879167
1780301396.028754,,,BOARD_2,3,1,509.000,1648.000,745.000,2124.000,627.000,1886.000,236.000,476.000,26.430000,336.878422,5.805833
1780301396.028754,,,BOARD_2,3,2,157.000,1632.000,393.000,2108.000,275.000,1870.000,236.000,476.000,26.430000,335.274255,5.879167
1780301396.231095,,,BOARD_2,4,0,633.000,2080.000,869.000,2556.000,751.000,2318.000,236.000,476.000,26.430000,337.042826,3.825833
1780301396.275295,,,BOARD_2,3,0,434.000,1650.000,670.000,2126.000,552.000,1888.000,236.000,476.000,26.430000,336.536625,5.796667
1780301396.275295,,,BOARD_2,3,1,274.000,1634.000,510.000,2110.000,392.000,1872.000,236.000,476.000,26.430000,335.807458,5.870000
1780301396.465509,,,BOARD_2,1,0,1049.000,2052.000,1285.000,2528.000,1167.000,2290.000,236.000,476.000,26.430000,12.127659,3.954167
1780301396.644245,,,BOARD_2,3,0,362.000,1637.000,598.000,2113.000,480.000,1875.000,236.000,476.000,26.430000,336.208500,5.856250
1780301396.644245,,,BOARD_2,3,1,330.000,2037.000,566.000,2513.000,448.000,2275.000,236.000,476.000,26.430000,336.062667,4.022917
1780301396.644245,,,BOARD_2,3,2,736.000,1719.000,1200.000,2079.000,968.000,1899.000,464.000,360.000,13.440000,338.432458,5.746250
1780301396.644245,,,BOARD_2,3,3,346.000,1893.000,582.000,2369.000,464.000,2131.000,236.000,476.000,26.430000,336.135583,4.682917
1780301396.872444,,,BOARD_2,3,0,418.000,1631.000,654.000,2107.000,536.000,1869.000,236.000,476.000,26.430000,336.463708,5.883750
1780301397.035830,,,BOARD_2,4,0,517.000,2082.000,753.000,2558.000,635.000,2320.000,236.000,476.000,26.430000,336.514180,3.816667
1780301397.035830,,,BOARD_2,4,1,1029.000,1890.000,1265.000,2366.000,1147.000,2128.000,236.000,476.000,26.430000,338.847514,4.696667
1780301397.047268,,,BOARD_2,1,0,114.000,2206.000,350.000,2682.000,232.000,2444.000,236.000,476.000,26.430000,7.866592,3.248333
1780301397.047268,,,BOARD_2,1,1,466.000,2174.000,702.000,2650.000,584.000,2412.000,236.000,476.000,26.430000,9.470758,3.395000
1780301397.047268,,,BOARD_2,1,2,-62.000,1982.000,174.000,2458.000,56.000,2220.000,236.000,476.000,26.430000,7.064508,4.275000
1780301397.136272,,,BOARD_2,3,0,363.000,1634.000,599.000,2110.000,481.000,1872.000,236.000,476.000,26.430000,336.213057,5.870000
1780301397.136272,,,BOARD_2,3,1,65.000,1700.000,529.000,2060.000,297.000,1880.000,464.000,360.000,13.440000,335.374516,5.833333
1780301397.136272,,,BOARD_2,3,2,507.000,1650.000,743.000,2126.000,625.000,1888.000,236.000,476.000,26.430000,336.869307,5.796667
1780301397.261758,,,BOARD_2,4,0,1296.000,1649.000,1532.000,2125.000,1414.000,1887.000,236.000,476.000,26.430000,340.064310,5.801250
1780301397.261758,,,BOARD_2,4,1,1296.000,1793.000,1532.000,2269.000,1414.000,2031.000,236.000,476.000,26.430000,340.064310,5.141250
1780301397.267886,,,BOARD_2,1,0,932.000,2198.000,1168.000,2674.000,1050.000,2436.000,236.000,476.000,26.430000,11.594456,3.285000
1780301397.420830,,,BOARD_2,3,0,837.000,1650.000,1073.000,2126.000,955.000,1888.000,236.000,476.000,26.430000,338.373214,5.796667
1780301397.420830,,,BOARD_2,3,1,923.000,1700.000,1387.000,2060.000,1155.000,1880.000,464.000,360.000,13.440000,339.284672,5.833333
1780301397.420830,,,BOARD_2,3,2,1045.000,2210.000,1281.000,2686.000,1163.000,2448.000,236.000,476.000,26.430000,339.321130,3.230000
1780301397.519474,,,BOARD_2,4,0,3553.000,2204.000,3789.000,2680.000,3671.000,2442.000,236.000,476.000,26.430000,350.350118,3.257500
1780301397.519474,,,BOARD_2,4,1,3505.000,1628.000,3741.000,2104.000,3623.000,1866.000,236.000,476.000,26.430000,350.131368,5.897500
1780301397.618141,,,BOARD_2,1,0,977.000,2215.000,1213.000,2691.000,1095.000,2453.000,236.000,476.000,26.430000,11.799534,3.207083
1780301397.618141,,,BOARD_2,1,1,481.000,2215.000,717.000,2691.000,599.000,2453.000,236.000,476.000,26.430000,9.539118,3.207083
1780301397.668244,,,BOARD_2,3,0,360.000,1636.000,596.000,2112.000,478.000,1874.000,236.000,476.000,26.430000,336.199385,5.860833
1780301397.668244,,,BOARD_2,3,1,824.000,1636.000,1060.000,2112.000,942.000,1874.000,236.000,476.000,26.430000,338.313969,5.860833
1780301397.668244,,,BOARD_2,3,2,664.000,1780.000,900.000,2256.000,782.000,2018.000,236.000,476.000,26.430000,337.584802,5.200833
1780301397.879821,,,BOARD_2,4,0,3551.000,2203.000,3787.000,2679.000,3669.000,2441.000,236.000,476.000,26.430000,350.341003,3.262083
1780301397.879821,,,BOARD_2,4,1,3503.000,1627.000,3739.000,2103.000,3621.000,1865.000,236.000,476.000,26.430000,350.122253,5.902083
1780301397.971883,,,BOARD_2,1,0,1052.000,2070.000,1288.000,2546.000,1170.000,2308.000,236.000,476.000,26.430000,12.141331,3.871667
1780301398.020709,,,BOARD_2,3,0,901.000,2179.000,1137.000,2655.000,1019.000,2417.000,236.000,476.000,26.430000,338.664880,3.372083
1780301398.020709,,,BOARD_2,3,1,1365.000,2179.000,1601.000,2655.000,1483.000,2417.000,236.000,476.000,26.430000,340.779464,3.372083
1780301398.020709,,,BOARD_2,3,2,1045.000,2179.000,1281.000,2655.000,1163.000,2417.000,236.000,476.000,26.430000,339.321130,3.372083
1780301398.132655,,,BOARD_2,4,0,1096.000,1791.000,1332.000,2267.000,1214.000,2029.000,236.000,476.000,26.430000,339.152852,5.150417
1780301398.229609,,,BOARD_2,1,0,482.000,2159.000,718.000,2635.000,600.000,2397.000,236.000,476.000,26.430000,9.543675,3.463750
1780301398.229609,,,BOARD_2,1,1,498.000,1647.000,734.000,2123.000,616.000,1885.000,236.000,476.000,26.430000,9.616592,5.810417
1780301398.229609,,,BOARD_2,1,2,98.000,1935.000,334.000,2411.000,216.000,2173.000,236.000,476.000,26.430000,7.793675,4.490417
1780301398.229609,,,BOARD_2,1,3,-62.000,1983.000,174.000,2459.000,56.000,2221.000,236.000,476.000,26.430000,7.064508,4.270417
1780301398.397432,,,BOARD_2,3,0,1446.000,2159.000,1682.000,2635.000,1564.000,2397.000,236.000,476.000,26.430000,341.148604,3.463750
1780301398.397432,,,BOARD_2,3,1,1496.000,2181.000,1560.000,2301.000,1528.000,2241.000,64.000,120.000,97.460000,340.984542,4.178750
1780301398.489554,,,BOARD_2,4,0,3626.000,1609.000,3862.000,2085.000,3744.000,1847.000,236.000,476.000,26.430000,350.682800,5.984583
1780301398.582935,,,BOARD_2,1,0,835.000,2192.000,1071.000,2668.000,953.000,2430.000,236.000,476.000,26.430000,11.152399,3.312500
1780301398.745360,,,BOARD_2,3,0,1057.000,2202.000,1293.000,2678.000,1175.000,2440.000,236.000,476.000,26.430000,339.375818,3.266667
1780301398.745360,,,BOARD_2,3,1,945.000,2218.000,1181.000,2694.000,1063.000,2456.000,236.000,476.000,26.430000,338.865401,3.193333
1780301398.745360,,,BOARD_2,3,2,919.000,1692.000,1383.000,2052.000,1151.000,1872.000,464.000,360.000,13.440000,339.266443,5.870000
1780301398.847051,,,BOARD_2,4,0,2265.000,1769.000,2501.000,2245.000,2383.000,2007.000,236.000,476.000,26.430000,344.480326,5.251250
1780301398.949462,,,BOARD_2,1,0,973.000,2192.000,1209.000,2668.000,1091.000,2430.000,236.000,476.000,26.430000,11.781305,3.312500
1780301398.987123,,,BOARD_2,3,0,1055.000,2210.000,1291.000,2686.000,1173.000,2448.000,236.000,476.000,26.430000,339.366703,3.230000
1780301398.987123,,,BOARD_2,3,1,1439.000,2210.000,1675.000,2686.000,1557.000,2448.000,236.000,476.000,26.430000,341.116703,3.230000
1780301398.987123,,,BOARD_2,3,2,879.000,1986.000,1115.000,2462.000,997.000,2224.000,236.000,476.000,26.430000,338.564620,4.256667
1780301398.987123,,,BOARD_2,3,3,879.000,1650.000,1115.000,2126.000,997.000,1888.000,236.000,476.000,26.430000,338.564620,5.796667
1780301398.987123,,,BOARD_2,3,4,927.000,2210.000,1163.000,2686.000,1045.000,2448.000,236.000,476.000,26.430000,338.783370,3.230000
1780301398.987123,,,BOARD_2,3,5,933.000,1700.000,1397.000,2060.000,1165.000,1880.000,464.000,360.000,13.440000,339.330245,5.833333
1780301398.987123,,,BOARD_2,3,6,895.000,1842.000,1131.000,2318.000,1013.000,2080.000,236.000,476.000,26.430000,338.637536,4.916667
1780301399.063291,,,BOARD_2,4,0,1297.000,1794.000,1533.000,2270.000,1415.000,2032.000,236.000,476.000,26.430000,340.068868,5.136667
1780301399.063291,,,BOARD_2,4,1,1297.000,1650.000,1533.000,2126.000,1415.000,1888.000,236.000,476.000,26.430000,340.068868,5.796667
1780301399.178500,,,BOARD_2,1,0,370.000,1991.000,606.000,2467.000,488.000,2229.000,236.000,476.000,26.430000,9.033258,4.233750
1780301399.178500,,,BOARD_2,1,1,-78.000,1975.000,158.000,2451.000,40.000,2213.000,236.000,476.000,26.430000,6.991592,4.307083
1780301399.178500,,,BOARD_2,1,2,18.000,1831.000,254.000,2307.000,136.000,2069.000,236.000,476.000,26.430000,7.429092,4.967083
1780301399.178500,,,BOARD_2,1,3,162.000,1895.000,398.000,2371.000,280.000,2133.000,236.000,476.000,26.430000,8.085342,4.673750
1780301399.178500,,,BOARD_2,1,4,48.000,1783.000,88.000,1835.000,68.000,1809.000,40.000,52.000,155.930000,7.119196,6.158750
1780301399.178500,,,BOARD_2,1,5,554.000,2187.000,686.000,2279.000,620.000,2233.000,132.000,92.000,47.250000,9.634821,4.215417
1780301399.359096,,,BOARD_2,3,0,1437.000,2208.000,1673.000,2684.000,1555.000,2446.000,236.000,476.000,26.430000,341.107589,3.239167
1780301399.359096,,,BOARD_2,3,1,877.000,1984.000,1113.000,2460.000,995.000,2222.000,236.000,476.000,26.430000,338.555505,4.265833
1780301399.359096,,,BOARD_2,3,2,1053.000,2208.000,1289.000,2684.000,1171.000,2446.000,236.000,476.000,26.430000,339.357589,3.239167
1780301399.359096,,,BOARD_2,3,3,931.000,1698.000,1395.000,2058.000,1163.000,1878.000,464.000,360.000,13.440000,339.321130,5.842500
1780301399.359096,,,BOARD_2,3,4,877.000,1648.000,1113.000,2124.000,995.000,1886.000,236.000,476.000,26.430000,338.555505,5.805833
1780301399.419640,,,BOARD_2,4,0,2351.000,1973.000,2587.000,2449.000,2469.000,2211.000,236.000,476.000,26.430000,344.872253,4.316250
1780301399.550169,,,BOARD_2,1,0,183.000,2154.000,419.000,2630.000,301.000,2392.000,236.000,476.000,26.430000,8.181045,3.486667
1780301399.550169,,,BOARD_2,1,1,295.000,2154.000,531.000,2630.000,413.000,2392.000,236.000,476.000,26.430000,8.691461,3.486667
1780301399.643561,,,BOARD_2,3,0,359.000,1647.000,595.000,2123.000,477.000,1885.000,236.000,476.000,26.430000,336.194828,5.810417
1780301399.643561,,,BOARD_2,3,1,839.000,1647.000,1075.000,2123.000,957.000,1885.000,236.000,476.000,26.430000,338.382328,5.810417
1780301399.643561,,,BOARD_2,3,2,519.000,1647.000,755.000,2123.000,637.000,1885.000,236.000,476.000,26.430000,336.923995,5.810417
1780301399.779184,,,BOARD_2,1,0,482.000,2159.000,718.000,2635.000,600.000,2397.000,236.000,476.000,26.430000,9.543675,3.463750
1780301399.779184,,,BOARD_2,1,1,-62.000,2031.000,174.000,2507.000,56.000,2269.000,236.000,476.000,26.430000,7.064508,4.050417
1780301399.779184,,,BOARD_2,1,2,482.000,1743.000,718.000,2219.000,600.000,1981.000,236.000,476.000,26.430000,9.543675,5.370417
1780301399.779184,,,BOARD_2,1,3,354.000,2031.000,590.000,2507.000,472.000,2269.000,236.000,476.000,26.430000,8.960342,4.050417
1780301399.887134,,,BOARD_2,3,0,843.000,1612.000,1079.000,2088.000,961.000,1850.000,236.000,476.000,26.430000,338.400557,5.970833
1780301399.887134,,,BOARD_2,3,1,971.000,1756.000,1207.000,2232.000,1089.000,1994.000,236.000,476.000,26.430000,338.983891,5.310833
1780301399.887134,,,BOARD_2,3,2,452.000,2194.000,516.000,2314.000,484.000,2254.000,64.000,120.000,97.460000,336.226729,4.119167
1780301399.926174,,,BOARD_2,4,0,3552.000,2204.000,3788.000,2680.000,3670.000,2442.000,236.000,476.000,26.430000,350.345560,3.257500
1780301399.926174,,,BOARD_2,4,1,3504.000,1628.000,3740.000,2104.000,3622.000,1866.000,236.000,476.000,26.430000,350.126810,5.897500
1780301400.135929,,,BOARD_2,1,0,482.000,2156.000,718.000,2632.000,600.000,2394.000,236.000,476.000,26.430000,9.543675,3.477500
1780301400.135929,,,BOARD_2,1,1,-62.000,1980.000,174.000,2456.000,56.000,2218.000,236.000,476.000,26.430000,7.064508,4.284167
1780301400.135929,,,BOARD_2,1,2,466.000,1804.000,702.000,2280.000,584.000,2042.000,236.000,476.000,26.430000,9.470758,5.090833
1780301400.135929,,,BOARD_2,1,3,98.000,1916.000,334.000,2392.000,216.000,2154.000,236.000,476.000,26.430000,7.793675,4.577500
1780301400.247308,,,BOARD_2,3,0,1435.000,2208.000,1671.000,2684.000,1553.000,2446.000,236.000,476.000,26.430000,341.098474,3.239167
1780301400.247308,,,BOARD_2,3,1,1243.000,2176.000,1479.000,2652.000,1361.000,2414.000,236.000,476.000,26.430000,340.223474,3.385833
1780301400.372771,,,BOARD_2,3,0,1050.000,2209.000,1286.000,2685.000,1168.000,2447.000,236.000,476.000,26.430000,339.343917,3.234583
1780301400.372771,,,BOARD_2,3,1,1034.000,1649.000,1270.000,2125.000,1152.000,1887.000,236.000,476.000,26.430000,339.271000,5.801250
1780301400.372771,,,BOARD_2,3,2,1242.000,2177.000,1478.000,2653.000,1360.000,2415.000,236.000,476.000,26.430000,340.218917,3.381250
1780301400.372771,,,BOARD_2,3,3,938.000,2225.000,1174.000,2701.000,1056.000,2463.000,236.000,476.000,26.430000,338.833500,3.161250
1780301400.372771,,,BOARD_2,3,4,1434.000,2209.000,1670.000,2685.000,1552.000,2447.000,236.000,476.000,26.430000,341.093917,3.234583
1780301400.389985,,,BOARD_2,1,0,183.000,2180.000,419.000,2656.000,301.000,2418.000,236.000,476.000,26.430000,8.181045,3.367500
1780301400.389985,,,BOARD_2,1,1,247.000,1668.000,483.000,2144.000,365.000,1906.000,236.000,476.000,26.430000,8.472711,5.714167
1780301400.389985,,,BOARD_2,1,2,295.000,2180.000,531.000,2656.000,413.000,2418.000,236.000,476.000,26.430000,8.691461,3.367500
1780301400.552213,,,BOARD_2,4,0,3805.000,1630.000,4041.000,2106.000,3923.000,1868.000,236.000,476.000,26.430000,351.498555,5.888333
1780301400.634468,,,BOARD_2,1,0,-62.000,1983.000,174.000,2459.000,56.000,2221.000,236.000,476.000,26.430000,7.064508,4.270417
1780301400.634468,,,BOARD_2,1,1,178.000,2079.000,414.000,2555.000,296.000,2317.000,236.000,476.000,26.430000,8.158258,3.830417
1780301400.634468,,,BOARD_2,1,2,482.000,1807.000,718.000,2283.000,600.000,2045.000,236.000,476.000,26.430000,9.543675,5.077083
1780301400.711801,,,BOARD_2,3,0,839.000,1650.000,1075.000,2126.000,957.000,1888.000,236.000,476.000,26.430000,338.382328,5.796667
1780301400.711801,,,BOARD_2,3,1,1047.000,2210.000,1283.000,2686.000,1165.000,2448.000,236.000,476.000,26.430000,339.330245,3.230000
1780301400.711801,,,BOARD_2,3,2,925.000,1700.000,1389.000,2060.000,1157.000,1880.000,464.000,360.000,13.440000,339.293786,5.833333
1780301400.858882,,,BOARD_2,1,0,837.000,2164.000,1073.000,2640.000,955.000,2402.000,236.000,476.000,26.430000,11.161514,3.440833
1780301401.075330,,,BOARD_2,3,0,384.000,1629.000,620.000,2105.000,502.000,1867.000,236.000,476.000,26.430000,336.308760,5.892917
1780301401.075330,,,BOARD_2,3,1,426.000,2161.000,546.000,2405.000,486.000,2283.000,120.000,244.000,51.980000,336.235844,3.986250
1780301401.075330,,,BOARD_2,3,2,742.000,1727.000,1206.000,2087.000,974.000,1907.000,464.000,360.000,13.440000,338.459802,5.709583
1780301401.075330,,,BOARD_2,3,3,512.000,1645.000,748.000,2121.000,630.000,1883.000,236.000,476.000,26.430000,336.892094,5.819583
1780301401.169427,,,BOARD_2,4,0,1295.000,1650.000,1531.000,2126.000,1413.000,1888.000,236.000,476.000,26.430000,340.059753,5.796667
1780301401.169427,,,BOARD_2,4,1,1295.000,1794.000,1531.000,2270.000,1413.000,2032.000,236.000,476.000,26.430000,340.059753,5.136667
1780301401.196537,,,BOARD_2,1,0,190.000,2180.000,426.000,2656.000,308.000,2418.000,236.000,476.000,26.430000,8.212946,3.367500
1780301401.196537,,,BOARD_2,1,1,302.000,2180.000,538.000,2656.000,420.000,2418.000,236.000,476.000,26.430000,8.723363,3.367500
1780301401.196537,,,BOARD_2,1,2,238.000,1668.000,474.000,2144.000,356.000,1906.000,236.000,476.000,26.430000,8.431696,5.714167
1780301401.196537,,,BOARD_2,1,3,848.000,2050.000,911.000,2170.000,879.500,2110.000,63.000,120.000,99.000000,10.817438,4.779167
1780301401.316270,,,BOARD_2,3,0,450.000,1644.000,686.000,2120.000,568.000,1882.000,236.000,476.000,26.430000,336.609542,5.824167
1780301401.539027,,,BOARD_2,1,0,1067.000,2057.000,1303.000,2533.000,1185.000,2295.000,236.000,476.000,26.430000,12.209691,3.931250
1780301401.690846,,,BOARD_2,3,0,361.000,1642.000,597.000,2118.000,479.000,1880.000,236.000,476.000,26.430000,336.203943,5.833333
1780301401.690846,,,BOARD_2,3,1,793.000,1866.000,1029.000,2342.000,911.000,2104.000,236.000,476.000,26.430000,338.172693,4.806667
1780301401.873894,,,BOARD_2,1,0,192.000,2205.000,428.000,2681.000,310.000,2443.000,236.000,476.000,26.430000,8.222060,3.252917
1780301401.873894,,,BOARD_2,1,1,304.000,2205.000,540.000,2681.000,422.000,2443.000,236.000,476.000,26.430000,8.732477,3.252917
1780301401.873894,,,BOARD_2,1,2,240.000,1645.000,476.000,2121.000,358.000,1883.000,236.000,476.000,26.430000,8.440810,5.819583
1780301401.873894,,,BOARD_2,1,3,854.000,2077.000,894.000,2129.000,874.000,2103.000,40.000,52.000,155.930000,10.792373,4.811250
1780301402.062114,,,BOARD_2,3,0,450.000,1650.000,686.000,2126.000,568.000,1888.000,236.000,476.000,26.430000,336.609542,5.796667
1780301402.138299,,,BOARD_2,4,0,273.000,2388.000,521.000,2568.000,397.000,2478.000,248.000,180.000,25.150000,335.429545,3.092500
1780301402.213602,,,BOARD_2,1,0,834.000,2209.000,1070.000,2685.000,952.000,2447.000,236.000,476.000,26.430000,11.147842,3.234583
1780301402.213602,,,BOARD_2,1,1,978.000,2225.000,1214.000,2701.000,1096.000,2463.000,236.000,476.000,26.430000,11.804092,3.161250
1780301402.213602,,,BOARD_2,1,2,834.000,2017.000,1070.000,2493.000,952.000,2255.000,236.000,476.000,26.430000,11.147842,4.114583
1780301402.315954,,,BOARD_2,3,0,1047.000,2196.000,1283.000,2672.000,1165.000,2434.000,236.000,476.000,26.430000,339.330245,3.294167
1780301402.315954,,,BOARD_2,3,1,749.000,1718.000,1213.000,2078.000,981.000,1898.000,464.000,360.000,13.440000,338.491703,5.750833
1780301402.349608,,,BOARD_2,4,0,1301.000,1794.000,1537.000,2270.000,1419.000,2032.000,236.000,476.000,26.430000,340.087097,5.136667
1780301402.349608,,,BOARD_2,4,1,1173.000,1634.000,1409.000,2110.000,1291.000,1872.000,236.000,476.000,26.430000,339.503764,5.870000
1780301402.349608,,,BOARD_2,4,2,1301.000,1650.000,1537.000,2126.000,1419.000,1888.000,236.000,476.000,26.430000,340.087097,5.796667
1780301402.469522,,,BOARD_2,1,0,473.000,2153.000,709.000,2629.000,591.000,2391.000,236.000,476.000,26.430000,9.502659,3.491250
1780301402.605820,,,BOARD_2,3,0,351.000,1627.000,587.000,2103.000,469.000,1865.000,236.000,476.000,26.430000,336.158370,5.902083
1780301402.605820,,,BOARD_2,3,1,495.000,1867.000,731.000,2343.000,613.000,2105.000,236.000,476.000,26.430000,336.814620,4.802083
1780301402.605820,,,BOARD_2,3,2,53.000,1693.000,517.000,2053.000,285.000,1873.000,464.000,360.000,13.440000,335.319828,5.865417
1780301402.802743,,,BOARD_2,1,0,1051.000,2045.000,1287.000,2521.000,1169.000,2283.000,236.000,476.000,26.430000,12.136774,3.986250
1780301402.839602,,,BOARD_2,3,0,183.000,1630.000,419.000,2106.000,301.000,1868.000,236.000,476.000,26.430000,335.392745,5.888333
1780301402.839602,,,BOARD_2,3,1,359.000,1630.000,595.000,2106.000,477.000,1868.000,236.000,476.000,26.430000,336.194828,5.888333
1780301402.839602,,,BOARD_2,3,2,519.000,1646.000,755.000,2122.000,637.000,1884.000,236.000,476.000,26.430000,336.923995,5.815000
1780301402.981902,,,BOARD_2,4,0,3523.000,2207.000,3759.000,2683.000,3641.000,2445.000,236.000,476.000,26.430000,350.213399,3.243750
1780301402.981902,,,BOARD_2,4,1,3507.000,1631.000,3743.000,2107.000,3625.000,1869.000,236.000,476.000,26.430000,350.140482,5.883750
1780301403.234401,,,BOARD_2,3,0,1439.000,2147.000,1675.000,2623.000,1557.000,2385.000,236.000,476.000,26.430000,341.116703,3.518750
1780301403.400573,,,BOARD_2,1,0,304.000,2180.000,540.000,2656.000,422.000,2418.000,236.000,476.000,26.430000,8.732477,3.367500
1780301403.400573,,,BOARD_2,1,1,192.000,2180.000,428.000,2656.000,310.000,2418.000,236.000,476.000,26.430000,8.222060,3.367500
1780301403.400573,,,BOARD_2,1,2,352.000,2056.000,484.000,2148.000,418.000,2102.000,132.000,92.000,47.250000,8.714248,4.815833
1780301403.400573,,,BOARD_2,1,3,240.000,1668.000,476.000,2144.000,358.000,1906.000,236.000,476.000,26.430000,8.440810,5.714167
1780301403.477496,,,BOARD_2,3,0,1443.000,2167.000,1679.000,2643.000,1561.000,2405.000,236.000,476.000,26.430000,341.134932,3.427083
1780301403.592374,,,BOARD_2,4,0,537.000,2208.000,773.000,2684.000,655.000,2446.000,236.000,476.000,26.430000,336.605326,3.239167
1780301403.592374,,,BOARD_2,4,1,687.000,2224.000,726.000,2276.000,706.500,2250.000,39.000,52.000,159.930000,336.840027,4.137500
1780301403.640843,,,BOARD_2,1,0,304.000,2179.000,540.000,2655.000,422.000,2417.000,236.000,476.000,26.430000,8.732477,3.372083
1780301403.640843,,,BOARD_2,1,1,192.000,2179.000,428.000,2655.000,310.000,2417.000,236.000,476.000,26.430000,8.222060,3.372083
1780301403.640843,,,BOARD_2,1,2,850.000,2049.000,914.000,2169.000,882.000,2109.000,64.000,120.000,97.460000,10.828831,4.783750
1780301403.810630,,,BOARD_2,4,0,3554.000,2204.000,3790.000,2680.000,3672.000,2442.000,236.000,476.000,26.430000,350.354675,3.257500
1780301403.810630,,,BOARD_2,4,1,3506.000,1628.000,3742.000,2104.000,3624.000,1866.000,236.000,476.000,26.430000,350.135925,5.897500
1780301403.898659,,,BOARD_2,1,0,835.000,2204.000,1071.000,2680.000,953.000,2442.000,236.000,476.000,26.430000,11.152399,3.257500
1780301403.898659,,,BOARD_2,1,1,979.000,2220.000,1215.000,2696.000,1097.000,2458.000,236.000,476.000,26.430000,11.808649,3.184167
1780301403.987201,,,BOARD_2,3,0,839.000,1650.000,1075.000,2126.000,957.000,1888.000,236.000,476.000,26.430000,338.382328,5.796667
1780301403.987201,,,BOARD_2,3,1,1031.000,1650.000,1267.000,2126.000,1149.000,1888.000,236.000,476.000,26.430000,339.257328,5.796667
1780301403.987201,,,BOARD_2,3,2,1047.000,2210.000,1283.000,2686.000,1165.000,2448.000,236.000,476.000,26.430000,339.330245,3.230000
1780301404.068909,,,BOARD_2,4,0,1297.000,1799.000,1533.000,2275.000,1415.000,2037.000,236.000,476.000,26.430000,340.068868,5.113750
1780301404.068909,,,BOARD_2,4,1,1018.000,1931.000,1138.000,2175.000,1078.000,2053.000,120.000,244.000,51.980000,338.533060,5.040417
1780301404.118581,,,BOARD_2,3,0,365.000,1648.000,601.000,2124.000,483.000,1886.000,236.000,476.000,26.430000,336.222172,5.805833
1780301404.118581,,,BOARD_2,3,1,51.000,1698.000,515.000,2058.000,283.000,1878.000,464.000,360.000,13.440000,335.310714,5.842500
1780301404.152023,,,BOARD_2,1,0,466.000,1807.000,702.000,2283.000,584.000,2045.000,236.000,476.000,26.430000,9.470758,5.077083
1780301404.152023,,,BOARD_2,1,1,482.000,2159.000,718.000,2635.000,600.000,2397.000,236.000,476.000,26.430000,9.543675,3.463750
1780301404.152023,,,BOARD_2,1,2,498.000,1647.000,734.000,2123.000,616.000,1885.000,236.000,476.000,26.430000,9.616592,5.810417
1780301404.152023,,,BOARD_2,1,3,-62.000,2031.000,174.000,2507.000,56.000,2269.000,236.000,476.000,26.430000,7.064508,4.050417
1780301404.152023,,,BOARD_2,1,4,98.000,1919.000,334.000,2395.000,216.000,2157.000,236.000,476.000,26.430000,7.793675,4.563750
1780301404.152023,,,BOARD_2,1,5,162.000,2079.000,398.000,2555.000,280.000,2317.000,236.000,476.000,26.430000,8.085342,3.830417
1780301404.200389,,,BOARD_2,4,0,3551.000,2207.000,3787.000,2683.000,3669.000,2445.000,236.000,476.000,26.430000,350.341003,3.243750
1780301404.200389,,,BOARD_2,4,1,3503.000,1631.000,3739.000,2107.000,3621.000,1869.000,236.000,476.000,26.430000,350.122253,5.883750
1780301404.269984,,,BOARD_2,1,0,190.000,2182.000,426.000,2658.000,308.000,2420.000,236.000,476.000,26.430000,8.212946,3.358333
1780301404.269984,,,BOARD_2,1,1,302.000,2182.000,538.000,2658.000,420.000,2420.000,236.000,476.000,26.430000,8.723363,3.358333
1780301404.269984,,,BOARD_2,1,2,238.000,1670.000,474.000,2146.000,356.000,1908.000,236.000,476.000,26.430000,8.431696,5.705000
1780301404.269984,,,BOARD_2,1,3,848.000,2044.000,911.000,2164.000,879.500,2104.000,63.000,120.000,99.000000,10.817438,4.806667
1780301404.466123,,,BOARD_2,3,0,963.000,1759.000,1199.000,2235.000,1081.000,1997.000,236.000,476.000,26.430000,338.947432,5.297083
1780301404.466123,,,BOARD_2,3,1,428.000,2147.000,548.000,2391.000,488.000,2269.000,120.000,244.000,51.980000,336.244958,4.050417
1780301404.466123,,,BOARD_2,3,2,1077.000,2389.000,1140.000,2509.000,1108.500,2449.000,63.000,120.000,99.000000,339.072758,3.225417
1780301404.548029,,,BOARD_2,4,0,3558.000,2206.000,3794.000,2682.000,3676.000,2444.000,236.000,476.000,26.430000,350.372904,3.248333
1780301404.683930,,,BOARD_2,3,0,370.000,1634.000,606.000,2110.000,488.000,1872.000,236.000,476.000,26.430000,336.244958,5.870000
1780301404.683930,,,BOARD_2,3,1,482.000,1874.000,718.000,2350.000,600.000,2112.000,236.000,476.000,26.430000,336.755375,4.770000
1780301404.817852,,,BOARD_2,4,0,925.000,1878.000,1161.000,2354.000,1043.000,2116.000,236.000,476.000,26.430000,338.373555,4.751667
1780301404.817852,,,BOARD_2,4,1,950.000,1850.000,1070.000,2094.000,1010.000,1972.000,120.000,244.000,51.980000,338.223165,5.411667
1780301404.921172,,,BOARD_2,1,0,249.000,1646.000,485.000,2122.000,367.000,1884.000,236.000,476.000,26.430000,8.481826,5.815000
1780301404.921172,,,BOARD_2,1,1,297.000,2206.000,533.000,2682.000,415.000,2444.000,236.000,476.000,26.430000,8.700576,3.248333
1780301404.921172,,,BOARD_2,1,2,681.000,2142.000,917.000,2618.000,799.000,2380.000,236.000,476.000,26.430000,10.450576,3.541667
1780301404.921172,,,BOARD_2,1,3,185.000,2206.000,421.000,2682.000,303.000,2444.000,236.000,476.000,26.430000,8.190159,3.248333
1780301405.035101,,,BOARD_2,3,0,1053.000,2181.000,1289.000,2657.000,1171.000,2419.000,236.000,476.000,26.430000,339.357589,3.362917
1780301405.035101,,,BOARD_2,3,1,669.000,1797.000,905.000,2273.000,787.000,2035.000,236.000,476.000,26.430000,337.607589,5.122917
1780301405.084433,,,BOARD_2,4,0,1567.000,2197.000,1803.000,2673.000,1685.000,2435.000,236.000,476.000,26.430000,341.299336,3.289583
1780301405.143962,,,BOARD_2,1,0,723.000,1862.000,959.000,2338.000,841.000,2100.000,236.000,476.000,26.430000,10.641982,4.825000
1780301405.143962,,,BOARD_2,1,1,979.000,2214.000,1215.000,2690.000,1097.000,2452.000,236.000,476.000,26.430000,11.808649,3.211667
1780301405.284064,,,BOARD_2,3,0,402.000,1633.000,638.000,2109.000,520.000,1871.000,236.000,476.000,26.430000,336.390792,5.874583
1780301405.284064,,,BOARD_2,3,1,482.000,2001.000,718.000,2477.000,600.000,2239.000,236.000,476.000,26.430000,336.755375,4.187917
1780301405.484225,,,BOARD_2,1,0,482.000,1677.000,718.000,2153.000,600.000,1915.000,236.000,476.000,26.430000,9.543675,5.672917
1780301405.484225,,,BOARD_2,1,1,450.000,2141.000,686.000,2617.000,568.000,2379.000,236.000,476.000,26.430000,9.397842,3.546250
1780301405.484225,,,BOARD_2,1,2,-62.000,1965.000,174.000,2441.000,56.000,2203.000,236.000,476.000,26.430000,7.064508,4.352917
1780301405.484225,,,BOARD_2,1,3,450.000,1805.000,686.000,2281.000,568.000,2043.000,236.000,476.000,26.430000,9.397842,5.086250
1780301405.484225,,,BOARD_2,1,4,322.000,2013.000,558.000,2489.000,440.000,2251.000,236.000,476.000,26.430000,8.814508,4.132917
1780301405.484225,,,BOARD_2,1,5,162.000,2061.000,398.000,2537.000,280.000,2299.000,236.000,476.000,26.430000,8.085342,3.912917
1780301405.534234,,,BOARD_2,3,0,847.000,1650.000,1083.000,2126.000,965.000,1888.000,236.000,476.000,26.430000,338.418786,5.796667
1780301405.534234,,,BOARD_2,3,1,1055.000,2210.000,1291.000,2686.000,1173.000,2448.000,236.000,476.000,26.430000,339.366703,3.230000
1780301405.534234,,,BOARD_2,3,2,1039.000,1634.000,1275.000,2110.000,1157.000,1872.000,236.000,476.000,26.430000,339.293786,5.870000
1780301405.653096,,,BOARD_2,4,0,3633.000,1615.000,3869.000,2091.000,3751.000,1853.000,236.000,476.000,26.430000,350.714701,5.957083
1780301405.734796,,,BOARD_2,1,0,306.000,2205.000,542.000,2681.000,424.000,2443.000,236.000,476.000,26.430000,8.741592,3.252917
1780301405.734796,,,BOARD_2,1,1,-78.000,2157.000,158.000,2633.000,40.000,2395.000,236.000,476.000,26.430000,6.991592,3.472917
1780301405.734796,,,BOARD_2,1,2,-78.000,1965.000,158.000,2441.000,40.000,2203.000,236.000,476.000,26.430000,6.991592,4.352917
1780301405.934853,,,BOARD_2,3,0,210.000,1625.000,446.000,2101.000,328.000,1863.000,236.000,476.000,26.430000,335.515792,5.911250
1780301405.934853,,,BOARD_2,3,1,66.000,1849.000,302.000,2325.000,184.000,2087.000,236.000,476.000,26.430000,334.859542,4.884583
1780301405.934853,,,BOARD_2,3,2,338.000,1641.000,574.000,2117.000,456.000,1879.000,236.000,476.000,26.430000,336.099125,5.837917
1780301406.074442,,,BOARD_2,1,0,306.000,2190.000,542.000,2666.000,424.000,2428.000,236.000,476.000,26.430000,8.741592,3.321667
1780301406.074442,,,BOARD_2,1,1,-78.000,1982.000,158.000,2458.000,40.000,2220.000,236.000,476.000,26.430000,6.991592,4.275000
1780301406.074442,,,BOARD_2,1,2,2.000,1918.000,238.000,2394.000,120.000,2156.000,236.000,476.000,26.430000,7.356175,4.568333
1780301406.074442,,,BOARD_2,1,3,-78.000,2190.000,158.000,2666.000,40.000,2428.000,236.000,476.000,26.430000,6.991592,3.321667
1780301406.172263,,,BOARD_2,3,0,365.000,1639.000,601.000,2115.000,483.000,1877.000,236.000,476.000,26.430000,336.222172,5.847083
1780301406.172263,,,BOARD_2,3,1,845.000,1639.000,1081.000,2115.000,963.000,1877.000,236.000,476.000,26.430000,338.409672,5.847083
1780301406.172263,,,BOARD_2,3,2,333.000,2039.000,569.000,2515.000,451.000,2277.000,236.000,476.000,26.430000,336.076339,4.013750
1780301406.334112,,,BOARD_2,1,0,498.000,1634.000,734.000,2110.000,616.000,1872.000,236.000,476.000,26.430000,9.616592,5.870000
1780301406.334112,,,BOARD_2,1,1,482.000,2162.000,718.000,2638.000,600.000,2400.000,236.000,476.000,26.430000,9.543675,3.450000
1780301406.334112,,,BOARD_2,1,2,-62.000,1986.000,174.000,2462.000,56.000,2224.000,236.000,476.000,26.430000,7.064508,4.256667
1780301406.334112,,,BOARD_2,1,3,-62.000,2178.000,174.000,2654.000,56.000,2416.000,236.000,476.000,26.430000,7.064508,3.376667
1780301406.334112,,,BOARD_2,1,4,98.000,1954.000,334.000,2430.000,216.000,2192.000,236.000,476.000,26.430000,7.793675,4.403333
1780301406.673713,,,BOARD_2,1,0,836.000,2207.000,1072.000,2683.000,954.000,2445.000,236.000,476.000,26.430000,11.156956,3.243750
1780301406.673713,,,BOARD_2,1,1,980.000,2223.000,1216.000,2699.000,1098.000,2461.000,236.000,476.000,26.430000,11.813206,3.170417
1780301406.798154,,,BOARD_2,3,0,258.000,1634.000,494.000,2110.000,376.000,1872.000,236.000,476.000,26.430000,335.734542,5.870000
1780301406.961160,,,BOARD_2,4,0,3560.000,2207.000,3796.000,2683.000,3678.000,2445.000,236.000,476.000,26.430000,350.382019,3.243750
1780301406.961160,,,BOARD_2,4,1,3496.000,1631.000,3732.000,2107.000,3614.000,1869.000,236.000,476.000,26.430000,350.090352,5.883750
1780301407.025233,,,BOARD_2,1,0,249.000,1648.000,485.000,2124.000,367.000,1886.000,236.000,476.000,26.430000,8.481826,5.805833
1780301407.025233,,,BOARD_2,1,1,297.000,2208.000,533.000,2684.000,415.000,2446.000,236.000,476.000,26.430000,8.700576,3.239167
1780301407.025233,,,BOARD_2,1,2,169.000,2208.000,405.000,2684.000,287.000,2446.000,236.000,476.000,26.430000,8.117243,3.239167
1780301407.025233,,,BOARD_2,1,3,473.000,2160.000,709.000,2636.000,591.000,2398.000,236.000,476.000,26.430000,9.502659,3.459167
1780301407.165296,,,BOARD_2,3,0,834.000,1647.000,1070.000,2123.000,952.000,1885.000,236.000,476.000,26.430000,338.359542,5.810417
1780301407.165296,,,BOARD_2,3,1,354.000,1631.000,590.000,2107.000,472.000,1869.000,236.000,476.000,26.430000,336.172042,5.883750
1780301407.165296,,,BOARD_2,3,2,514.000,1647.000,750.000,2123.000,632.000,1885.000,236.000,476.000,26.430000,336.901208,5.810417
1780301407.214704,,,BOARD_2,4,0,633.000,2082.000,869.000,2558.000,751.000,2320.000,236.000,476.000,26.430000,337.042826,3.816667
1780301407.418692,,,BOARD_2,3,0,1243.000,1920.000,1479.000,2396.000,1361.000,2158.000,236.000,476.000,26.430000,340.223474,4.559167
1780301407.418692,,,BOARD_2,3,1,1083.000,1792.000,1319.000,2268.000,1201.000,2030.000,236.000,476.000,26.430000,339.494307,5.145833
1780301407.418692,,,BOARD_2,3,2,1019.000,1648.000,1255.000,2124.000,1137.000,1886.000,236.000,476.000,26.430000,339.202641,5.805833
1780301407.418692,,,BOARD_2,3,3,683.000,1728.000,919.000,2204.000,801.000,1966.000,236.000,476.000,26.430000,337.671391,5.439167
1780301407.418692,,,BOARD_2,3,4,875.000,1744.000,1111.000,2220.000,993.000,1982.000,236.000,476.000,26.430000,338.546391,5.365833
1780301407.636944,,,BOARD_2,4,0,3809.000,1629.000,4045.000,2105.000,3927.000,1867.000,236.000,476.000,26.430000,351.516784,5.892917
1780301407.636944,,,BOARD_2,4,1,3985.000,1629.000,4221.000,2105.000,4103.000,1867.000,236.000,476.000,26.430000,352.318868,5.892917
1780301407.769689,,,BOARD_2,1,0,249.000,1647.000,485.000,2123.000,367.000,1885.000,236.000,476.000,26.430000,8.481826,5.810417
1780301407.769689,,,BOARD_2,1,1,297.000,2207.000,533.000,2683.000,415.000,2445.000,236.000,476.000,26.430000,8.700576,3.243750
1780301407.769689,,,BOARD_2,1,2,137.000,2031.000,373.000,2507.000,255.000,2269.000,236.000,476.000,26.430000,7.971409,4.050417
1780301407.785651,,,BOARD_2,3,0,1435.000,2208.000,1671.000,2684.000,1553.000,2446.000,236.000,476.000,26.430000,341.098474,3.239167
1780301407.785651,,,BOARD_2,3,1,1243.000,2176.000,1479.000,2652.000,1361.000,2414.000,236.000,476.000,26.430000,340.223474,3.385833
1780301407.914947,,,BOARD_2,4,0,1040.000,1967.000,1104.000,2087.000,1072.000,2027.000,64.000,120.000,97.460000,338.505717,5.159583
1780301407.989139,,,BOARD_2,1,0,1067.000,2065.000,1303.000,2541.000,1185.000,2303.000,236.000,476.000,26.430000,12.209691,3.894583
1780301408.177364,,,BOARD_2,3,0,1051.000,2209.000,1287.000,2685.000,1169.000,2447.000,236.000,476.000,26.430000,339.348474,3.234583
1780301408.177364,,,BOARD_2,3,1,843.000,1649.000,1079.000,2125.000,961.000,1887.000,236.000,476.000,26.430000,338.400557,5.801250
1780301408.177364,,,BOARD_2,3,2,1293.000,2391.000,1356.000,2511.000,1324.500,2451.000,63.000,120.000,99.000000,340.057133,3.216250
1780301408.327041,,,BOARD_2,4,0,3720.000,1686.000,4184.000,2046.000,3952.000,1866.000,464.000,360.000,13.440000,351.630717,5.897500
1780301408.332772,,,BOARD_2,1,0,482.000,2159.000,718.000,2635.000,600.000,2397.000,236.000,476.000,26.430000,9.543675,3.463750
1780301408.332772,,,BOARD_2,1,1,466.000,1807.000,702.000,2283.000,584.000,2045.000,236.000,476.000,26.430000,9.470758,5.077083
1780301408.332772,,,BOARD_2,1,2,498.000,1647.000,734.000,2123.000,616.000,1885.000,236.000,476.000,26.430000,9.616592,5.810417
1780301408.332772,,,BOARD_2,1,3,-62.000,1983.000,174.000,2459.000,56.000,2221.000,236.000,476.000,26.430000,7.064508,4.270417
1780301408.332772,,,BOARD_2,1,4,98.000,1935.000,334.000,2411.000,216.000,2173.000,236.000,476.000,26.430000,7.793675,4.490417
1780301408.332772,,,BOARD_2,1,5,-62.000,2175.000,174.000,2651.000,56.000,2413.000,236.000,476.000,26.430000,7.064508,3.390417
1780301408.332772,,,BOARD_2,1,6,162.000,2079.000,398.000,2555.000,280.000,2317.000,236.000,476.000,26.430000,8.085342,3.830417
1780301408.414274,,,BOARD_2,3,0,369.000,1634.000,605.000,2110.000,487.000,1872.000,236.000,476.000,26.430000,336.240401,5.870000
1780301408.414274,,,BOARD_2,3,1,833.000,1650.000,1069.000,2126.000,951.000,1888.000,236.000,476.000,26.430000,338.354984,5.796667
1780301408.414274,,,BOARD_2,3,2,369.000,1890.000,605.000,2366.000,487.000,2128.000,236.000,476.000,26.430000,336.240401,4.696667
1780301408.454565,,,BOARD_2,4,0,3549.000,2207.000,3785.000,2683.000,3667.000,2445.000,236.000,476.000,26.430000,350.331889,3.243750
1780301408.454565,,,BOARD_2,4,1,3501.000,1631.000,3737.000,2107.000,3619.000,1869.000,236.000,476.000,26.430000,350.113139,5.883750
1780301408.611185,,,BOARD_2,1,0,834.000,2205.000,1070.000,2681.000,952.000,2443.000,236.000,476.000,26.430000,11.147842,3.252917
1780301408.611185,,,BOARD_2,1,1,834.000,2013.000,1070.000,2489.000,952.000,2251.000,236.000,476.000,26.430000,11.147842,4.132917
1780301408.611185,,,BOARD_2,1,2,978.000,2221.000,1214.000,2697.000,1096.000,2459.000,236.000,476.000,26.430000,11.804092,3.179583
1780301408.611185,,,BOARD_2,1,3,875.000,2027.000,939.000,2147.000,907.000,2087.000,64.000,120.000,97.460000,10.942764,4.884583
1780301408.660188,,,BOARD_2,3,0,353.000,1627.000,589.000,2103.000,471.000,1865.000,236.000,476.000,26.430000,336.167484,5.902083
1780301408.660188,,,BOARD_2,3,1,497.000,1883.000,733.000,2359.000,615.000,2121.000,236.000,476.000,26.430000,336.823734,4.728750
1780301408.660188,,,BOARD_2,3,2,55.000,1693.000,519.000,2053.000,287.000,1873.000,464.000,360.000,13.440000,335.328943,5.865417
1780301408.849746,,,BOARD_2,4,0,1300.000,1802.000,1536.000,2278.000,1418.000,2040.000,236.000,476.000,26.430000,340.082540,5.100000
1780301408.849746,,,BOARD_2,4,1,1037.000,1904.000,1101.000,2024.000,1069.000,1964.000,64.000,120.000,97.460000,338.492045,5.448333
1780301408.947517,,,BOARD_2,1,0,182.000,2182.000,418.000,2658.000,300.000,2420.000,236.000,476.000,26.430000,8.176488,3.358333
1780301408.947517,,,BOARD_2,1,1,294.000,2182.000,530.000,2658.000,412.000,2420.000,236.000,476.000,26.430000,8.686904,3.358333
1780301408.947517,,,BOARD_2,1,2,358.000,2058.000,490.000,2150.000,424.000,2104.000,132.000,92.000,47.250000,8.741592,4.806667
1780301409.028004,,,BOARD_2,3,0,365.000,1638.000,601.000,2114.000,483.000,1876.000,236.000,476.000,26.430000,336.222172,5.851667
1780301409.028004,,,BOARD_2,3,1,845.000,1638.000,1081.000,2114.000,963.000,1876.000,236.000,476.000,26.430000,338.409672,5.851667
1780301409.028004,,,BOARD_2,3,2,333.000,1910.000,569.000,2386.000,451.000,2148.000,236.000,476.000,26.430000,336.076339,4.605000
1780301409.122324,,,BOARD_2,4,0,1301.000,1796.000,1537.000,2272.000,1419.000,2034.000,236.000,476.000,26.430000,340.087097,5.127500
1780301409.187638,,,BOARD_2,1,0,837.000,2177.000,1073.000,2653.000,955.000,2415.000,236.000,476.000,26.430000,11.161514,3.381250
1780301409.389487,,,BOARD_2,3,0,365.000,1634.000,601.000,2110.000,483.000,1872.000,236.000,476.000,26.430000,336.222172,5.870000
1780301409.389487,,,BOARD_2,3,1,509.000,1650.000,745.000,2126.000,627.000,1888.000,236.000,476.000,26.430000,336.878422,5.796667
1780301409.389487,,,BOARD_2,3,2,723.000,1962.000,763.000,2014.000,743.000,1988.000,40.000,52.000,155.930000,337.407068,5.338333
1780301409.389487,,,BOARD_2,3,3,51.000,1700.000,515.000,2060.000,283.000,1880.000,464.000,360.000,13.440000,335.310714,5.833333
1780301409.564893,,,BOARD_2,1,0,301.000,2181.000,537.000,2657.000,419.000,2419.000,236.000,476.000,26.430000,8.718805,3.362917
1780301409.564893,,,BOARD_2,1,1,189.000,2181.000,425.000,2657.000,307.000,2419.000,236.000,476.000,26.430000,8.208389,3.362917
1780301409.564893,,,BOARD_2,1,2,237.000,1669.000,473.000,2145.000,355.000,1907.000,236.000,476.000,26.430000,8.427139,5.709583
1780301409.564893,,,BOARD_2,1,3,357.000,2057.000,489.000,2149.000,423.000,2103.000,132.000,92.000,47.250000,8.737034,4.811250
1780301409.564893,,,BOARD_2,1,4,847.000,2051.000,910.000,2171.000,878.500,2111.000,63.000,120.000,99.000000,10.812881,4.774583
1780301409.648393,,,BOARD_2,3,0,881.000,1647.000,1117.000,2123.000,999.000,1885.000,236.000,476.000,26.430000,338.573734,5.810417
1780301409.648393,,,BOARD_2,3,1,935.000,1697.000,1399.000,2057.000,1167.000,1877.000,464.000,360.000,13.440000,339.339359,5.847083
1780301409.648393,,,BOARD_2,3,2,881.000,1983.000,1117.000,2459.000,999.000,2221.000,236.000,476.000,26.430000,338.573734,4.270417
1780301409.648393,,,BOARD_2,3,3,897.000,1855.000,1133.000,2331.000,1015.000,2093.000,236.000,476.000,26.430000,338.646651,4.857083
1780301409.926861,,,BOARD_2,1,0,835.000,2013.000,1071.000,2489.000,953.000,2251.000,236.000,476.000,26.430000,11.152399,4.132917
1780301409.926861,,,BOARD_2,1,1,835.000,2205.000,1071.000,2681.000,953.000,2443.000,236.000,476.000,26.430000,11.152399,3.252917
1780301410.035166,,,BOARD_2,3,0,363.000,1646.000,599.000,2122.000,481.000,1884.000,236.000,476.000,26.430000,336.213057,5.815000
1780301410.035166,,,BOARD_2,3,1,843.000,1646.000,1079.000,2122.000,961.000,1884.000,236.000,476.000,26.430000,338.400557,5.815000
1780301410.035166,,,BOARD_2,3,2,667.000,1774.000,903.000,2250.000,785.000,2012.000,236.000,476.000,26.430000,337.598474,5.228333
1780301410.035166,,,BOARD_2,3,3,331.000,1982.000,567.000,2458.000,449.000,2220.000,236.000,476.000,26.430000,336.067224,4.275000
1780301410.177331,,,BOARD_2,3,0,358.000,1646.000,594.000,2122.000,476.000,1884.000,236.000,476.000,26.430000,336.190271,5.815000
1780301410.177331,,,BOARD_2,3,1,790.000,1870.000,1026.000,2346.000,908.000,2108.000,236.000,476.000,26.430000,338.159021,4.788333
1780301410.229656,,,BOARD_2,4,0,1300.000,1801.000,1536.000,2277.000,1418.000,2039.000,236.000,476.000,26.430000,340.082540,5.104583
1780301410.229656,,,BOARD_2,4,1,1037.000,1903.000,1101.000,2023.000,1069.000,1963.000,64.000,120.000,97.460000,338.492045,5.452917
1780301410.377423,,,BOARD_2,1,0,184.000,2184.000,420.000,2660.000,302.000,2422.000,236.000,476.000,26.430000,8.185602,3.349167
1780301410.377423,,,BOARD_2,1,1,296.000,2184.000,532.000,2660.000,414.000,2422.000,236.000,476.000,26.430000,8.696019,3.349167
1780301410.377423,,,BOARD_2,1,2,352.000,2060.000,484.000,2152.000,418.000,2106.000,132.000,92.000,47.250000,8.714248,4.797500
1780301410.377423,,,BOARD_2,1,3,842.000,2046.000,905.000,2166.000,873.500,2106.000,63.000,120.000,99.000000,10.790094,4.797500
1780301410.377423,,,BOARD_2,1,4,232.000,1672.000,468.000,2148.000,350.000,1910.000,236.000,476.000,26.430000,8.404352,5.695833
1780301410.437317,,,BOARD_2,3,0,363.000,1647.000,599.000,2123.000,481.000,1885.000,236.000,476.000,26.430000,336.213057,5.810417
1780301410.437317,,,BOARD_2,3,1,49.000,1697.000,513.000,2057.000,281.000,1877.000,464.000,360.000,13.440000,335.301599,5.847083
1780301410.719901,,,BOARD_2,1,0,293.000,2207.000,529.000,2683.000,411.000,2445.000,236.000,476.000,26.430000,8.682347,3.243750
1780301410.719901,,,BOARD_2,1,1,-75.000,2159.000,161.000,2635.000,43.000,2397.000,236.000,476.000,26.430000,7.005264,3.463750
1780301410.719901,,,BOARD_2,1,2,-75.000,1967.000,161.000,2443.000,43.000,2205.000,236.000,476.000,26.430000,7.005264,4.343750
1780301410.719901,,,BOARD_2,1,3,139.000,1697.000,603.000,2057.000,371.000,1877.000,464.000,360.000,13.440000,8.500055,5.847083
1780301410.818731,,,BOARD_2,3,0,364.000,1642.000,600.000,2118.000,482.000,1880.000,236.000,476.000,26.430000,336.217615,5.833333
1780301410.960155,,,BOARD_2,1,0,975.000,2226.000,1211.000,2702.000,1093.000,2464.000,236.000,476.000,26.430000,11.790420,3.156667
1780301411.056706,,,BOARD_2,3,0,1439.000,2193.000,1675.000,2669.000,1557.000,2431.000,236.000,476.000,26.430000,341.116703,3.307917
1780301411.159722,,,BOARD_2,4,0,1205.000,1784.000,1337.000,1876.000,1271.000,1830.000,132.000,92.000,47.250000,339.412618,6.062500
1780301411.159722,,,BOARD_2,4,1,909.000,1869.000,1145.000,2345.000,1027.000,2107.000,236.000,476.000,26.430000,338.300639,4.792917
1780301411.320600,,,BOARD_2,1,0,418.000,2210.000,654.000,2686.000,536.000,2448.000,236.000,476.000,26.430000,9.252008,3.230000
1780301411.320600,,,BOARD_2,1,1,434.000,1874.000,670.000,2350.000,552.000,2112.000,236.000,476.000,26.430000,9.324925,4.770000
1780301411.320600,,,BOARD_2,1,2,18.000,1906.000,254.000,2382.000,136.000,2144.000,236.000,476.000,26.430000,7.429092,4.623333
1780301411.320600,,,BOARD_2,1,3,-62.000,2162.000,174.000,2638.000,56.000,2400.000,236.000,476.000,26.430000,7.064508,3.450000
1780301411.320600,,,BOARD_2,1,4,232.000,1700.000,696.000,2060.000,464.000,1880.000,464.000,360.000,13.440000,8.923883,5.833333
1780301411.320600,,,BOARD_2,1,5,194.000,2066.000,430.000,2542.000,312.000,2304.000,236.000,476.000,26.430000,8.231175,3.890000
1780301411.450692,,,BOARD_2,3,0,210.000,1618.000,446.000,2094.000,328.000,1856.000,236.000,476.000,26.430000,335.515792,5.943333
1780301411.450692,,,BOARD_2,3,1,338.000,1634.000,574.000,2110.000,456.000,1872.000,236.000,476.000,26.430000,336.099125,5.870000
1780301411.450692,,,BOARD_2,3,2,524.000,1749.000,772.000,1929.000,648.000,1839.000,248.000,180.000,25.150000,336.974125,6.021250
1780301411.450692,,,BOARD_2,3,3,66.000,1842.000,302.000,2318.000,184.000,2080.000,236.000,476.000,26.430000,334.859542,4.916667
1780301411.673236,,,BOARD_2,1,0,836.000,2170.000,1072.000,2646.000,954.000,2408.000,236.000,476.000,26.430000,11.156956,3.413333
1780301411.716465,,,BOARD_2,3,0,1465.000,2172.000,1701.000,2648.000,1583.000,2410.000,236.000,476.000,26.430000,341.235193,3.404167
1780301411.716465,,,BOARD_2,3,1,1689.000,2092.000,1925.000,2568.000,1807.000,2330.000,236.000,476.000,26.430000,342.256026,3.770833
1780301411.716465,,,BOARD_2,3,2,1498.000,2186.000,1562.000,2306.000,1530.000,2246.000,64.000,120.000,97.460000,340.993656,4.155833
1780301411.863417,,,BOARD_2,4,0,635.000,2081.000,871.000,2557.000,753.000,2319.000,236.000,476.000,26.430000,337.051941,3.821250
1780301411.901887,,,BOARD_2,1,0,303.000,2181.000,539.000,2657.000,421.000,2419.000,236.000,476.000,26.430000,8.727920,3.362917
1780301411.901887,,,BOARD_2,1,1,191.000,2181.000,427.000,2657.000,309.000,2419.000,236.000,476.000,26.430000,8.217503,3.362917
1780301411.901887,,,BOARD_2,1,2,239.000,1669.000,475.000,2145.000,357.000,1907.000,236.000,476.000,26.430000,8.436253,5.709583
1780301411.901887,,,BOARD_2,1,3,351.000,2057.000,483.000,2149.000,417.000,2103.000,132.000,92.000,47.250000,8.709691,4.811250
1780301411.901887,,,BOARD_2,1,4,463.000,2197.000,699.000,2673.000,581.000,2435.000,236.000,476.000,26.430000,9.457086,3.289583
1780301412.096477,,,BOARD_2,3,0,178.000,1632.000,414.000,2108.000,296.000,1870.000,236.000,476.000,26.430000,335.369958,5.879167
1780301412.096477,,,BOARD_2,3,1,290.000,1648.000,526.000,2124.000,408.000,1886.000,236.000,476.000,26.430000,335.880375,5.805833
1780301412.205686,,,BOARD_2,4,0,3547.000,2205.000,3783.000,2681.000,3665.000,2443.000,236.000,476.000,26.430000,350.322774,3.252917
1780301412.205686,,,BOARD_2,4,1,3499.000,1629.000,3735.000,2105.000,3617.000,1867.000,236.000,476.000,26.430000,350.104024,5.892917
1780301412.259035,,,BOARD_2,1,0,834.000,2205.000,1070.000,2681.000,952.000,2443.000,236.000,476.000,26.430000,11.147842,3.252917
1780301412.259035,,,BOARD_2,1,1,978.000,2205.000,1214.000,2681.000,1096.000,2443.000,236.000,476.000,26.430000,11.804092,3.252917
1780301412.373260,,,BOARD_2,3,0,1759.000,2415.000,1799.000,2467.000,1779.000,2441.000,40.000,52.000,155.930000,342.128422,3.262083
1780301412.373260,,,BOARD_2,3,1,1449.000,2183.000,1685.000,2659.000,1567.000,2421.000,236.000,476.000,26.430000,341.162276,3.353750
1780301412.617815,,,BOARD_2,1,0,466.000,1807.000,702.000,2283.000,584.000,2045.000,236.000,476.000,26.430000,9.470758,5.077083
1780301412.617815,,,BOARD_2,1,1,-62.000,1983.000,174.000,2459.000,56.000,2221.000,236.000,476.000,26.430000,7.064508,4.270417
1780301412.617815,,,BOARD_2,1,2,98.000,1919.000,334.000,2395.000,216.000,2157.000,236.000,476.000,26.430000,7.793675,4.563750
1780301412.617815,,,BOARD_2,1,3,498.000,1647.000,734.000,2123.000,616.000,1885.000,236.000,476.000,26.430000,9.616592,5.810417
1780301412.617815,,,BOARD_2,1,4,-62.000,2175.000,174.000,2651.000,56.000,2413.000,236.000,476.000,26.430000,7.064508,3.390417
1780301412.624340,,,BOARD_2,3,0,1467.000,2173.000,1703.000,2649.000,1585.000,2411.000,236.000,476.000,26.430000,341.244307,3.399583
1780301412.715974,,,BOARD_2,4,0,1170.000,1659.000,1406.000,2135.000,1288.000,1897.000,236.000,476.000,26.430000,339.490092,5.755417
1780301412.865943,,,BOARD_2,1,0,295.000,2155.000,531.000,2631.000,413.000,2393.000,236.000,476.000,26.430000,8.691461,3.482083
1780301412.865943,,,BOARD_2,1,1,183.000,2155.000,419.000,2631.000,301.000,2393.000,236.000,476.000,26.430000,8.181045,3.482083
1780301412.865943,,,BOARD_2,1,2,471.000,2123.000,707.000,2599.000,589.000,2361.000,236.000,476.000,26.430000,9.493545,3.628750
1780301412.865943,,,BOARD_2,1,3,247.000,1675.000,483.000,2151.000,365.000,1913.000,236.000,476.000,26.430000,8.472711,5.682083
1780301412.889042,,,BOARD_2,3,0,825.000,1658.000,1061.000,2134.000,943.000,1896.000,236.000,476.000,26.430000,338.318526,5.760000
1780301413.067613,,,BOARD_2,4,0,2357.000,1982.000,2593.000,2458.000,2475.000,2220.000,236.000,476.000,26.430000,344.899597,4.275000
1780301413.105013,,,BOARD_2,1,0,977.000,2224.000,1213.000,2700.000,1095.000,2462.000,236.000,476.000,26.430000,11.799534,3.165833
1780301413.105013,,,BOARD_2,1,1,833.000,2176.000,1069.000,2652.000,951.000,2414.000,236.000,476.000,26.430000,11.143284,3.385833
1780301413.256362,,,BOARD_2,3,0,427.000,2159.000,547.000,2403.000,487.000,2281.000,120.000,244.000,51.980000,336.240401,3.995417
1780301413.256362,,,BOARD_2,3,1,385.000,1627.000,621.000,2103.000,503.000,1865.000,236.000,476.000,26.430000,336.313318,5.902083
1780301413.256362,,,BOARD_2,3,2,849.000,1643.000,1085.000,2119.000,967.000,1881.000,236.000,476.000,26.430000,338.427901,5.828750
1780301413.430724,,,BOARD_2,4,0,2355.000,2145.000,2591.000,2621.000,2473.000,2383.000,236.000,476.000,26.430000,344.890482,3.527917
1780301413.469010,,,BOARD_2,1,0,-62.000,1982.000,174.000,2458.000,56.000,2220.000,236.000,476.000,26.430000,7.064508,4.275000
1780301413.469010,,,BOARD_2,1,1,-62.000,2174.000,174.000,2650.000,56.000,2412.000,236.000,476.000,26.430000,7.064508,3.395000
1780301413.469010,,,BOARD_2,1,2,466.000,1806.000,702.000,2282.000,584.000,2044.000,236.000,476.000,26.430000,9.470758,5.081667
1780301413.469010,,,BOARD_2,1,3,114.000,2206.000,350.000,2682.000,232.000,2444.000,236.000,476.000,26.430000,7.866592,3.248333
1780301413.469010,,,BOARD_2,1,4,498.000,1646.000,734.000,2122.000,616.000,1884.000,236.000,476.000,26.430000,9.616592,5.815000
1780301413.469010,,,BOARD_2,1,5,98.000,1950.000,334.000,2426.000,216.000,2188.000,236.000,476.000,26.430000,7.793675,4.421667
1780301413.639450,,,BOARD_2,3,0,1029.000,1814.000,1092.000,1933.000,1060.500,1873.500,63.000,119.000,99.000000,338.854008,5.863125
1780301413.639450,,,BOARD_2,3,1,355.000,2040.000,591.000,2516.000,473.000,2278.000,236.000,476.000,26.430000,336.176599,4.009167
1780301413.639450,,,BOARD_2,3,2,483.000,1736.000,719.000,2212.000,601.000,1974.000,236.000,476.000,26.430000,336.759932,5.402500
1780301413.639450,,,BOARD_2,3,3,371.000,1656.000,607.000,2132.000,489.000,1894.000,236.000,476.000,26.430000,336.249516,5.769167
1780301413.651434,,,BOARD_2,4,0,3601.000,1632.000,3837.000,2108.000,3719.000,1870.000,236.000,476.000,26.430000,350.568868,5.879167
1780301413.815914,,,BOARD_2,1,0,182.000,2178.000,418.000,2654.000,300.000,2416.000,236.000,476.000,26.430000,8.176488,3.376667
1780301413.815914,,,BOARD_2,1,1,294.000,2178.000,530.000,2654.000,412.000,2416.000,236.000,476.000,26.430000,8.686904,3.376667
1780301413.893447,,,BOARD_2,3,0,1465.000,2174.000,1701.000,2650.000,1583.000,2412.000,236.000,476.000,26.430000,341.235193,3.395000
1780301413.893447,,,BOARD_2,3,1,1410.000,2162.000,1658.000,2342.000,1534.000,2252.000,248.000,180.000,25.150000,341.011885,4.128333
1780301413.893447,,,BOARD_2,3,2,1689.000,2094.000,1925.000,2570.000,1807.000,2332.000,236.000,476.000,26.430000,342.256026,3.761667
1780301414.006732,,,BOARD_2,4,0,3554.000,2203.000,3790.000,2679.000,3672.000,2441.000,236.000,476.000,26.430000,350.354675,3.262083
1780301414.006732,,,BOARD_2,4,1,3506.000,1627.000,3742.000,2103.000,3624.000,1865.000,236.000,476.000,26.430000,350.135925,5.902083
1780301414.167086,,,BOARD_2,1,0,975.000,2226.000,1211.000,2702.000,1093.000,2464.000,236.000,476.000,26.430000,11.790420,3.156667
1780301414.281499,,,BOARD_2,3,0,210.000,1621.000,446.000,2097.000,328.000,1859.000,236.000,476.000,26.430000,335.515792,5.929583
1780301414.281499,,,BOARD_2,3,1,354.000,1637.000,590.000,2113.000,472.000,1875.000,236.000,476.000,26.430000,336.172042,5.856250
1780301414.281499,,,BOARD_2,3,2,66.000,1845.000,302.000,2321.000,184.000,2083.000,236.000,476.000,26.430000,334.859542,4.902917
1780301414.348892,,,BOARD_2,4,0,1040.000,1883.000,1276.000,2359.000,1158.000,2121.000,236.000,476.000,26.430000,338.897644,4.728750
1780301414.508225,,,BOARD_2,1,0,833.000,2209.000,1069.000,2685.000,951.000,2447.000,236.000,476.000,26.430000,11.143284,3.234583
1780301414.508225,,,BOARD_2,1,1,833.000,2017.000,1069.000,2493.000,951.000,2255.000,236.000,476.000,26.430000,11.143284,4.114583
1780301414.684463,,,BOARD_2,3,0,1077.000,2208.000,1313.000,2684.000,1195.000,2446.000,236.000,476.000,26.430000,339.466964,3.239167
1780301414.738490,,,BOARD_2,4,0,978.000,1895.000,1042.000,2015.000,1010.000,1955.000,64.000,120.000,97.460000,338.223165,5.489583
1780301414.738490,,,BOARD_2,4,1,937.000,1825.000,1173.000,2301.000,1055.000,2063.000,236.000,476.000,26.430000,338.428243,4.994583
1780301414.738490,,,BOARD_2,4,2,1177.000,1633.000,1413.000,2109.000,1295.000,1871.000,236.000,476.000,26.430000,339.521993,5.874583
1780301414.738490,,,BOARD_2,4,3,1305.000,1649.000,1541.000,2125.000,1423.000,1887.000,236.000,476.000,26.430000,340.105326,5.801250
1780301414.846679,,,BOARD_2,1,0,837.000,2001.000,1073.000,2477.000,955.000,2239.000,236.000,476.000,26.430000,11.161514,4.187917
1780301415.192360,,,BOARD_2,1,0,187.000,2181.000,423.000,2657.000,305.000,2419.000,236.000,476.000,26.430000,8.199274,3.362917
1780301415.192360,,,BOARD_2,1,1,235.000,1669.000,471.000,2145.000,353.000,1907.000,236.000,476.000,26.430000,8.418024,5.709583
1780301415.192360,,,BOARD_2,1,2,355.000,2057.000,487.000,2149.000,421.000,2103.000,132.000,92.000,47.250000,8.727920,4.811250
1780301415.192360,,,BOARD_2,1,3,299.000,2181.000,535.000,2657.000,417.000,2419.000,236.000,476.000,26.430000,8.709691,3.362917
1780301415.311946,,,BOARD_2,3,0,1438.000,2146.000,1674.000,2622.000,1556.000,2384.000,236.000,476.000,26.430000,341.112146,3.523333
1780301415.555370,,,BOARD_2,1,0,211.000,2175.000,447.000,2651.000,329.000,2413.000,236.000,476.000,26.430000,8.308649,3.390417
1780301415.593605,,,BOARD_2,3,0,1075.000,2209.000,1311.000,2685.000,1193.000,2447.000,236.000,476.000,26.430000,339.457849,3.234583
1780301415.620780,,,BOARD_2,4,0,955.000,1845.000,1075.000,2089.000,1015.000,1967.000,120.000,244.000,51.980000,338.245951,5.434583
1780301415.620780,,,BOARD_2,4,1,1297.000,1793.000,1533.000,2269.000,1415.000,2031.000,236.000,476.000,26.430000,340.068868,5.141250
1780301415.686420,,,BOARD_2,1,0,211.000,2193.000,447.000,2669.000,329.000,2431.000,236.000,476.000,26.430000,8.308649,3.307917
1780301415.686420,,,BOARD_2,1,1,355.000,2053.000,487.000,2145.000,421.000,2099.000,132.000,92.000,47.250000,8.727920,4.829583
1780301415.859903,,,BOARD_2,3,0,860.000,1619.000,1096.000,2095.000,978.000,1857.000,236.000,476.000,26.430000,338.478031,5.938750
1780301415.859903,,,BOARD_2,3,1,454.000,2201.000,518.000,2321.000,486.000,2261.000,64.000,120.000,97.460000,336.235844,4.087083
1780301415.930914,,,BOARD_2,1,0,299.000,2168.000,535.000,2644.000,417.000,2406.000,236.000,476.000,26.430000,8.709691,3.422500
1780301415.930914,,,BOARD_2,1,1,355.000,2060.000,487.000,2152.000,421.000,2106.000,132.000,92.000,47.250000,8.727920,4.797500
1780301415.981122,,,BOARD_2,3,0,363.000,1641.000,599.000,2117.000,481.000,1879.000,236.000,476.000,26.430000,336.213057,5.837917
1780301415.981122,,,BOARD_2,3,1,347.000,1897.000,583.000,2373.000,465.000,2135.000,236.000,476.000,26.430000,336.140141,4.664583
1780301415.981122,,,BOARD_2,3,2,737.000,1691.000,1201.000,2051.000,969.000,1871.000,464.000,360.000,13.440000,338.437016,5.874583
1780301416.156018,,,BOARD_2,4,0,3553.000,2203.000,3789.000,2679.000,3671.000,2441.000,236.000,476.000,26.430000,350.350118,3.262083
1780301416.156018,,,BOARD_2,4,1,3505.000,1627.000,3741.000,2103.000,3623.000,1865.000,236.000,476.000,26.430000,350.131368,5.902083
1780301416.157050,,,BOARD_2,1,0,835.000,2190.000,1071.000,2666.000,953.000,2428.000,236.000,476.000,26.430000,11.152399,3.321667
1780301416.254435,,,BOARD_2,3,0,290.000,1625.000,526.000,2101.000,408.000,1863.000,236.000,476.000,26.430000,335.880375,5.911250
1780301416.412148,,,BOARD_2,4,0,1295.000,1649.000,1531.000,2125.000,1413.000,1887.000,236.000,476.000,26.430000,340.059753,5.801250
1780301416.412148,,,BOARD_2,4,1,1295.000,1793.000,1531.000,2269.000,1413.000,2031.000,236.000,476.000,26.430000,340.059753,5.141250
1780301416.412148,,,BOARD_2,4,2,799.000,1825.000,1035.000,2301.000,917.000,2063.000,236.000,476.000,26.430000,337.799336,4.994583
1780301416.428846,,,BOARD_2,1,0,301.000,2182.000,537.000,2658.000,419.000,2420.000,236.000,476.000,26.430000,8.718805,3.358333
1780301416.493499,,,BOARD_2,3,0,366.000,1626.000,602.000,2102.000,484.000,1864.000,236.000,476.000,26.430000,336.226729,5.906667
1780301416.634625,,,BOARD_2,4,0,3549.000,2206.000,3785.000,2682.000,3667.000,2444.000,236.000,476.000,26.430000,350.331889,3.248333
1780301416.634625,,,BOARD_2,4,1,3501.000,1630.000,3737.000,2106.000,3619.000,1868.000,236.000,476.000,26.430000,350.113139,5.888333
1780301416.776519,,,BOARD_2,1,0,1058.000,1937.000,1294.000,2413.000,1176.000,2175.000,236.000,476.000,26.430000,12.168675,4.481250
1780301416.885194,,,BOARD_2,3,0,450.000,1650.000,686.000,2126.000,568.000,1888.000,236.000,476.000,26.430000,336.609542,5.796667
1780301416.989322,,,BOARD_2,4,0,1050.000,1893.000,1286.000,2369.000,1168.000,2131.000,236.000,476.000,26.430000,338.943217,4.682917
1780301417.032350,,,BOARD_2,1,0,184.000,2155.000,420.000,2631.000,302.000,2393.000,236.000,476.000,26.430000,8.185602,3.482083
1780301417.032350,,,BOARD_2,1,1,296.000,2155.000,532.000,2631.000,414.000,2393.000,236.000,476.000,26.430000,8.696019,3.482083
1780301417.032350,,,BOARD_2,1,2,232.000,1691.000,468.000,2167.000,350.000,1929.000,236.000,476.000,26.430000,8.404352,5.608750
1780301417.032350,,,BOARD_2,1,3,312.000,1883.000,548.000,2359.000,430.000,2121.000,236.000,476.000,26.430000,8.768935,4.728750
1780301417.153650,,,BOARD_2,3,0,367.000,1639.000,603.000,2115.000,485.000,1877.000,236.000,476.000,26.430000,336.231286,5.847083
1780301417.225603,,,BOARD_2,4,0,3649.000,1647.000,3885.000,2123.000,3767.000,1885.000,236.000,476.000,26.430000,350.787618,5.810417
1780301417.225603,,,BOARD_2,4,1,3719.000,1697.000,4183.000,2057.000,3951.000,1877.000,464.000,360.000,13.440000,351.626159,5.847083
1780301417.296704,,,BOARD_2,1,0,295.000,2154.000,531.000,2630.000,413.000,2392.000,236.000,476.000,26.430000,8.691461,3.486667
1780301417.296704,,,BOARD_2,1,1,231.000,1690.000,467.000,2166.000,349.000,1928.000,236.000,476.000,26.430000,8.399795,5.613333
1780301417.296704,,,BOARD_2,1,2,351.000,2062.000,483.000,2154.000,417.000,2108.000,132.000,92.000,47.250000,8.709691,4.788333
1780301417.390217,,,BOARD_2,3,0,357.000,1634.000,593.000,2110.000,475.000,1872.000,236.000,476.000,26.430000,336.185714,5.870000
1780301417.390217,,,BOARD_2,3,1,517.000,1650.000,753.000,2126.000,635.000,1888.000,236.000,476.000,26.430000,336.914880,5.796667
1780301417.571835,,,BOARD_2,4,0,3554.000,2204.000,3790.000,2680.000,3672.000,2442.000,236.000,476.000,26.430000,350.354675,3.257500
1780301417.571835,,,BOARD_2,4,1,3506.000,1628.000,3742.000,2104.000,3624.000,1866.000,236.000,476.000,26.430000,350.135925,5.897500
1780301417.812223,,,BOARD_2,4,0,1304.000,1656.000,1540.000,2132.000,1422.000,1894.000,236.000,476.000,26.430000,340.100769,5.769167
1780301417.944576,,,BOARD_2,1,0,182.000,2155.000,418.000,2631.000,300.000,2393.000,236.000,476.000,26.430000,8.176488,3.482083
1780301417.944576,,,BOARD_2,1,1,294.000,2155.000,530.000,2631.000,412.000,2393.000,236.000,476.000,26.430000,8.686904,3.482083
1780301417.944576,,,BOARD_2,1,2,230.000,1675.000,466.000,2151.000,348.000,1913.000,236.000,476.000,26.430000,8.395238,5.682083
1780301417.993680,,,BOARD_2,3,0,367.000,1635.000,603.000,2111.000,485.000,1873.000,236.000,476.000,26.430000,336.231286,5.865417
1780301417.993680,,,BOARD_2,3,1,847.000,1619.000,1083.000,2095.000,965.000,1857.000,236.000,476.000,26.430000,338.418786,5.938750
1780301418.195512,,,BOARD_2,1,0,303.000,2167.000,539.000,2643.000,421.000,2405.000,236.000,476.000,26.430000,8.727920,3.427083
1780301418.195512,,,BOARD_2,1,1,351.000,2059.000,483.000,2151.000,417.000,2105.000,132.000,92.000,47.250000,8.709691,4.802083
1780301418.223339,,,BOARD_2,3,0,359.000,1633.000,595.000,2109.000,477.000,1871.000,236.000,476.000,26.430000,336.194828,5.874583
1780301418.223339,,,BOARD_2,3,1,519.000,1649.000,755.000,2125.000,637.000,1887.000,236.000,476.000,26.430000,336.923995,5.801250
1780301418.223339,,,BOARD_2,3,2,61.000,1699.000,525.000,2059.000,293.000,1879.000,464.000,360.000,13.440000,335.356286,5.837917
1780301418.428141,,,BOARD_2,1,0,302.000,2208.000,538.000,2684.000,420.000,2446.000,236.000,476.000,26.430000,8.723363,3.239167
1780301418.466122,,,BOARD_2,3,0,363.000,1641.000,599.000,2117.000,481.000,1879.000,236.000,476.000,26.430000,336.213057,5.837917
1780301418.639152,,,BOARD_2,4,0,2351.000,1982.000,2587.000,2458.000,2469.000,2220.000,236.000,476.000,26.430000,344.872253,4.275000
1780301418.762179,,,BOARD_2,1,0,832.000,1950.000,1068.000,2426.000,950.000,2188.000,236.000,476.000,26.430000,11.138727,4.421667
1780301418.762179,,,BOARD_2,1,1,842.000,1874.000,962.000,2118.000,902.000,1996.000,120.000,244.000,51.980000,10.919977,5.301667
1780301418.809223,,,BOARD_2,3,0,1441.000,2193.000,1677.000,2669.000,1559.000,2431.000,236.000,476.000,26.430000,341.125818,3.307917
1780301419.116429,,,BOARD_2,1,0,304.000,2174.000,540.000,2650.000,422.000,2412.000,236.000,476.000,26.430000,8.732477,3.395000
1780301419.116429,,,BOARD_2,1,1,240.000,1678.000,476.000,2154.000,358.000,1916.000,236.000,476.000,26.430000,8.440810,5.668333
1780301419.116429,,,BOARD_2,1,2,240.000,1838.000,476.000,2314.000,358.000,2076.000,236.000,476.000,26.430000,8.440810,4.935000
1780301419.165717,,,BOARD_2,3,0,1058.000,2176.000,1294.000,2652.000,1176.000,2414.000,236.000,476.000,26.430000,339.380375,3.385833
1780301419.165717,,,BOARD_2,3,1,1442.000,2176.000,1678.000,2652.000,1560.000,2414.000,236.000,476.000,26.430000,341.130375,3.385833
1780301419.344319,,,BOARD_2,1,0,181.000,2184.000,417.000,2660.000,299.000,2422.000,236.000,476.000,26.430000,8.171930,3.349167
1780301419.344319,,,BOARD_2,1,1,293.000,2184.000,529.000,2660.000,411.000,2422.000,236.000,476.000,26.430000,8.682347,3.349167
1780301419.616505,,,BOARD_2,4,0,2345.000,1858.000,2581.000,2334.000,2463.000,2096.000,236.000,476.000,26.430000,344.844909,4.843333
1780301419.616505,,,BOARD_2,4,1,2345.000,2130.000,2581.000,2606.000,2463.000,2368.000,236.000,476.000,26.430000,344.844909,3.596667
1780301419.703573,,,BOARD_2,1,0,302.000,2164.000,538.000,2640.000,420.000,2402.000,236.000,476.000,26.430000,8.723363,3.440833
1780301419.881624,,,BOARD_2,3,0,1444.000,2161.000,1680.000,2637.000,1562.000,2399.000,236.000,476.000,26.430000,341.139490,3.454583
1780301419.881624,,,BOARD_2,3,1,1494.000,2183.000,1558.000,2303.000,1526.000,2243.000,64.000,120.000,97.460000,340.975427,4.169583
1780301419.984921,,,BOARD_2,4,0,3554.000,2202.000,3790.000,2678.000,3672.000,2440.000,236.000,476.000,26.430000,350.354675,3.266667
1780301419.984921,,,BOARD_2,4,1,3506.000,1626.000,3742.000,2102.000,3624.000,1864.000,236.000,476.000,26.430000,350.135925,5.906667
1780301420.064681,,,BOARD_2,1,0,-62.000,2046.000,174.000,2522.000,56.000,2284.000,236.000,476.000,26.430000,7.064508,3.981667
1780301420.064681,,,BOARD_2,1,1,98.000,1934.000,334.000,2410.000,216.000,2172.000,236.000,476.000,26.430000,7.793675,4.495000
1780301420.064681,,,BOARD_2,1,2,498.000,1646.000,734.000,2122.000,616.000,1884.000,236.000,476.000,26.430000,9.616592,5.815000
1780301420.097990,,,BOARD_2,3,0,1437.000,2142.000,1673.000,2618.000,1555.000,2380.000,236.000,476.000,26.430000,341.107589,3.541667
1780301420.097990,,,BOARD_2,3,1,1053.000,2142.000,1289.000,2618.000,1171.000,2380.000,236.000,476.000,26.430000,339.357589,3.541667
1780301420.253979,,,BOARD_2,4,0,1153.000,1747.000,1389.000,2223.000,1271.000,1985.000,236.000,476.000,26.430000,339.412618,5.352083
1780301420.253979,,,BOARD_2,4,1,1297.000,1795.000,1533.000,2271.000,1415.000,2033.000,236.000,476.000,26.430000,340.068868,5.132083
1780301420.292029,,,BOARD_2,1,0,304.000,2189.000,540.000,2665.000,422.000,2427.000,236.000,476.000,26.430000,8.732477,3.326250
1780301420.292029,,,BOARD_2,1,1,240.000,1661.000,476.000,2137.000,358.000,1899.000,236.000,476.000,26.430000,8.440810,5.746250
1780301420.444535,,,BOARD_2,3,0,355.000,1631.000,591.000,2107.000,473.000,1869.000,236.000,476.000,26.430000,336.176599,5.883750
1780301420.510916,,,BOARD_2,4,0,3654.000,1649.000,3890.000,2125.000,3772.000,1887.000,236.000,476.000,26.430000,350.810404,5.801250
1780301420.642215,,,BOARD_2,1,0,207.000,2203.000,443.000,2679.000,325.000,2441.000,236.000,476.000,26.430000,8.290420,3.262083
1780301420.691954,,,BOARD_2,3,0,361.000,1650.000,597.000,2126.000,479.000,1888.000,236.000,476.000,26.430000,336.203943,5.796667
1780301420.864753,,,BOARD_2,1,0,298.000,2170.000,534.000,2646.000,416.000,2408.000,236.000,476.000,26.430000,8.705133,3.413333
1780301420.864753,,,BOARD_2,1,1,186.000,2170.000,422.000,2646.000,304.000,2408.000,236.000,476.000,26.430000,8.194717,3.413333
1780301420.864753,,,BOARD_2,1,2,234.000,1674.000,470.000,2150.000,352.000,1912.000,236.000,476.000,26.430000,8.413467,5.686667
1780301421.047748,,,BOARD_2,3,0,367.000,1630.000,603.000,2106.000,485.000,1868.000,236.000,476.000,26.430000,336.231286,5.888333
1780301421.123877,,,BOARD_2,1,0,293.000,2156.000,529.000,2632.000,411.000,2394.000,236.000,476.000,26.430000,8.682347,3.477500
1780301421.123877,,,BOARD_2,1,1,181.000,2156.000,417.000,2632.000,299.000,2394.000,236.000,476.000,26.430000,8.171930,3.477500
1780301421.123877,,,BOARD_2,1,2,847.000,2050.000,911.000,2170.000,879.000,2110.000,64.000,120.000,97.460000,10.815159,4.779167
1780301421.123877,,,BOARD_2,1,3,709.000,2156.000,945.000,2632.000,827.000,2394.000,236.000,476.000,26.430000,10.578180,3.477500
1780301421.200670,,,BOARD_2,4,0,3549.000,2206.000,3785.000,2682.000,3667.000,2444.000,236.000,476.000,26.430000,350.331889,3.248333
1780301421.200670,,,BOARD_2,4,1,3501.000,1630.000,3737.000,2106.000,3619.000,1868.000,236.000,476.000,26.430000,350.113139,5.888333
1780301421.292094,,,BOARD_2,3,0,357.000,1650.000,593.000,2126.000,475.000,1888.000,236.000,476.000,26.430000,336.185714,5.796667
1780301421.292094,,,BOARD_2,3,1,517.000,1650.000,753.000,2126.000,635.000,1888.000,236.000,476.000,26.430000,336.914880,5.796667
1780301421.313987,,,BOARD_2,4,0,2356.000,1982.000,2592.000,2458.000,2474.000,2220.000,236.000,476.000,26.430000,344.895040,4.275000
1780301421.379037,,,BOARD_2,1,0,294.000,2155.000,530.000,2631.000,412.000,2393.000,236.000,476.000,26.430000,8.686904,3.482083
1780301421.417230,,,BOARD_2,3,0,1441.000,2189.000,1677.000,2665.000,1559.000,2427.000,236.000,476.000,26.430000,341.125818,3.326250
1780301421.499324,,,BOARD_2,0,0,3992.000,1755.000,4031.000,1806.000,4011.500,1780.500,39.000,51.000,159.930000,43.840176,6.289375
1780301421.586647,,,BOARD_2,4,0,635.000,2080.000,871.000,2556.000,753.000,2318.000,236.000,476.000,26.430000,337.051941,3.825833
1780301421.625333,,,BOARD_2,1,0,450.000,2161.000,686.000,2637.000,568.000,2399.000,236.000,476.000,26.430000,9.397842,3.454583
1780301421.625333,,,BOARD_2,1,1,-62.000,1969.000,174.000,2445.000,56.000,2207.000,236.000,476.000,26.430000,7.064508,4.334583
1780301421.625333,,,BOARD_2,1,2,98.000,1937.000,334.000,2413.000,216.000,2175.000,236.000,476.000,26.430000,7.793675,4.481250
1780301421.625333,,,BOARD_2,1,3,-62.000,2193.000,174.000,2669.000,56.000,2431.000,236.000,476.000,26.430000,7.064508,3.307917
1780301421.664635,,,BOARD_2,3,0,1438.000,2144.000,1674.000,2620.000,1556.000,2382.000,236.000,476.000,26.430000,341.112146,3.532500
1780301421.664635,,,BOARD_2,3,1,1054.000,2144.000,1290.000,2620.000,1172.000,2382.000,236.000,476.000,26.430000,339.362146,3.532500
1780301421.664635,,,BOARD_2,3,2,1006.000,1760.000,1242.000,2236.000,1124.000,1998.000,236.000,476.000,26.430000,339.143396,5.292500
1780301421.664635,,,BOARD_2,3,3,903.000,1988.000,1151.000,2168.000,1027.000,2078.000,248.000,180.000,25.150000,338.701339,4.925833
1780301421.697714,,,BOARD_2,4,0,633.000,2081.000,869.000,2557.000,751.000,2319.000,236.000,476.000,26.430000,337.042826,3.821250
1780301421.752505,,,BOARD_2,1,0,226.000,2049.000,462.000,2525.000,344.000,2287.000,236.000,476.000,26.430000,8.377008,3.967917
1780301421.752505,,,BOARD_2,1,1,-62.000,2161.000,174.000,2637.000,56.000,2399.000,236.000,476.000,26.430000,7.064508,3.454583
1780301421.752505,,,BOARD_2,1,2,50.000,1921.000,286.000,2397.000,168.000,2159.000,236.000,476.000,26.430000,7.574925,4.554583
1780301421.752505,,,BOARD_2,1,3,482.000,2225.000,718.000,2701.000,600.000,2463.000,236.000,476.000,26.430000,9.543675,3.161250
1780301421.752505,,,BOARD_2,1,4,296.000,1699.000,760.000,2059.000,528.000,1879.000,464.000,360.000,13.440000,9.215550,5.837917
1780301421.752505,,,BOARD_2,1,5,-62.000,1969.000,174.000,2445.000,56.000,2207.000,236.000,476.000,26.430000,7.064508,4.334583
1780301421.796543,,,BOARD_2,3,0,1436.000,2207.000,1672.000,2683.000,1554.000,2445.000,236.000,476.000,26.430000,341.103031,3.243750
1780301422.116411,,,BOARD_2,1,0,181.000,2155.000,417.000,2631.000,299.000,2393.000,236.000,476.000,26.430000,8.171930,3.482083
1780301422.116411,,,BOARD_2,1,1,293.000,2155.000,529.000,2631.000,411.000,2393.000,236.000,476.000,26.430000,8.682347,3.482083
1780301422.165894,,,BOARD_2,3,0,368.000,1629.000,604.000,2105.000,486.000,1867.000,236.000,476.000,26.430000,336.235844,5.892917
1780301422.165894,,,BOARD_2,3,1,336.000,1901.000,572.000,2377.000,454.000,2139.000,236.000,476.000,26.430000,336.090010,4.646250
1780301422.165894,,,BOARD_2,3,2,832.000,1645.000,1068.000,2121.000,950.000,1883.000,236.000,476.000,26.430000,338.350427,5.819583
1780301422.327463,,,BOARD_2,4,0,3565.000,1630.000,3801.000,2106.000,3683.000,1868.000,236.000,476.000,26.430000,350.404805,5.888333
1780301422.338789,,,BOARD_2,1,0,182.000,2155.000,418.000,2631.000,300.000,2393.000,236.000,476.000,26.430000,8.176488,3.482083
1780301422.338789,,,BOARD_2,1,1,294.000,2155.000,530.000,2631.000,412.000,2393.000,236.000,476.000,26.430000,8.686904,3.482083
1780301422.447855,,,BOARD_2,3,0,1462.000,2191.000,1698.000,2667.000,1580.000,2429.000,236.000,476.000,26.430000,341.221521,3.317083
1780301422.447855,,,BOARD_2,3,1,1507.000,2231.000,1547.000,2283.000,1527.000,2257.000,40.000,52.000,155.930000,340.979984,4.105417
1780301422.447855,,,BOARD_2,3,2,1686.000,2111.000,1922.000,2587.000,1804.000,2349.000,236.000,476.000,26.430000,342.242354,3.683750
1780301422.704673,,,BOARD_2,1,0,829.000,2089.000,1065.000,2565.000,947.000,2327.000,236.000,476.000,26.430000,11.125055,3.784583
1780301422.704673,,,BOARD_2,1,1,1069.000,1977.000,1305.000,2453.000,1187.000,2215.000,236.000,476.000,26.430000,12.218805,4.297917
1780301422.828351,,,BOARD_2,3,0,1439.000,2193.000,1675.000,2669.000,1557.000,2431.000,236.000,476.000,26.430000,341.116703,3.307917
1780301422.931297,,,BOARD_2,4,0,3603.000,1633.000,3839.000,2109.000,3721.000,1871.000,236.000,476.000,26.430000,350.577982,5.874583
1780301422.931680,,,BOARD_2,3,0,365.000,1630.000,601.000,2106.000,483.000,1868.000,236.000,476.000,26.430000,336.222172,5.888333
1780301422.931680,,,BOARD_2,3,1,845.000,1614.000,1081.000,2090.000,963.000,1852.000,236.000,476.000,26.430000,338.409672,5.961667
1780301422.986952,,,BOARD_2,1,0,418.000,2210.000,654.000,2686.000,536.000,2448.000,236.000,476.000,26.430000,9.252008,3.230000
1780301422.986952,,,BOARD_2,1,1,-78.000,2034.000,158.000,2510.000,40.000,2272.000,236.000,476.000,26.430000,6.991592,4.036667
1780301422.986952,,,BOARD_2,1,2,466.000,2054.000,598.000,2146.000,532.000,2100.000,132.000,92.000,47.250000,9.233779,4.825000
1780301423.217290,,,BOARD_2,1,0,184.000,2181.000,420.000,2657.000,302.000,2419.000,236.000,476.000,26.430000,8.185602,3.362917
1780301423.217290,,,BOARD_2,1,1,296.000,2181.000,532.000,2657.000,414.000,2419.000,236.000,476.000,26.430000,8.696019,3.362917
1780301423.217290,,,BOARD_2,1,2,248.000,1669.000,484.000,2145.000,366.000,1907.000,236.000,476.000,26.430000,8.477269,5.709583
1780301423.217290,,,BOARD_2,1,3,209.000,1827.000,273.000,1947.000,241.000,1887.000,64.000,120.000,97.460000,7.907607,5.801250
1780301423.287954,,,BOARD_2,3,0,434.000,1623.000,670.000,2099.000,552.000,1861.000,236.000,476.000,26.430000,336.536625,5.920417
1780301423.448995,,,BOARD_2,4,0,937.000,1822.000,1173.000,2298.000,1055.000,2060.000,236.000,476.000,26.430000,338.428243,5.008333
1780301423.448995,,,BOARD_2,4,1,978.000,1892.000,1042.000,2012.000,1010.000,1952.000,64.000,120.000,97.460000,338.223165,5.503333
1780301423.448995,,,BOARD_2,4,2,1177.000,1630.000,1413.000,2106.000,1295.000,1868.000,236.000,476.000,26.430000,339.521993,5.888333
1780301423.448995,,,BOARD_2,4,3,1305.000,1790.000,1541.000,2266.000,1423.000,2028.000,236.000,476.000,26.430000,340.105326,5.155000
1780301423.454935,,,BOARD_2,1,0,303.000,2201.000,539.000,2677.000,421.000,2439.000,236.000,476.000,26.430000,8.727920,3.271250
1780301423.454935,,,BOARD_2,1,1,239.000,1833.000,475.000,2309.000,357.000,2071.000,236.000,476.000,26.430000,8.436253,4.957917
1780301423.530226,,,BOARD_2,3,0,482.000,1648.000,718.000,2124.000,600.000,1886.000,236.000,476.000,26.430000,336.755375,5.805833
1780301423.530226,,,BOARD_2,3,1,162.000,1632.000,398.000,2108.000,280.000,1870.000,236.000,476.000,26.430000,335.297042,5.879167
1780301423.663026,,,BOARD_2,4,0,1299.000,1800.000,1535.000,2276.000,1417.000,2038.000,236.000,476.000,26.430000,340.077982,5.109167
1780301423.663026,,,BOARD_2,4,1,1036.000,1910.000,1100.000,2030.000,1068.000,1970.000,64.000,120.000,97.460000,338.487487,5.420833
1780301423.739532,,,BOARD_2,1,0,178.000,1759.000,414.000,2235.000,296.000,1997.000,236.000,476.000,26.430000,8.158258,5.297083
1780301423.739532,,,BOARD_2,1,1,210.000,1919.000,446.000,2395.000,328.000,2157.000,236.000,476.000,26.430000,8.304092,4.563750
1780301423.739532,,,BOARD_2,1,2,450.000,2031.000,686.000,2507.000,568.000,2269.000,236.000,476.000,26.430000,9.397842,4.050417
1780301423.739532,,,BOARD_2,1,3,466.000,1839.000,702.000,2315.000,584.000,2077.000,236.000,476.000,26.430000,9.470758,4.930417
1780301423.739532,,,BOARD_2,1,4,34.000,1871.000,270.000,2347.000,152.000,2109.000,236.000,476.000,26.430000,7.502008,4.783750
1780301423.739532,,,BOARD_2,1,5,-78.000,2015.000,158.000,2491.000,40.000,2253.000,236.000,476.000,26.430000,6.991592,4.123750
1780301423.739532,,,BOARD_2,1,6,528.000,1751.000,567.000,1802.000,547.500,1776.500,39.000,51.000,159.930000,9.304417,6.307708
1780301423.766739,,,BOARD_2,3,0,367.000,1634.000,603.000,2110.000,485.000,1872.000,236.000,476.000,26.430000,336.231286,5.870000
1780301423.766739,,,BOARD_2,3,1,159.000,1634.000,395.000,2110.000,277.000,1872.000,236.000,476.000,26.430000,335.283370,5.870000
1780301423.766739,,,BOARD_2,3,2,511.000,1650.000,747.000,2126.000,629.000,1888.000,236.000,476.000,26.430000,336.887536,5.796667
1780301423.913059,,,BOARD_2,4,0,2209.000,1849.000,2445.000,2325.000,2327.000,2087.000,236.000,476.000,26.430000,344.225118,4.884583
1780301423.999717,,,BOARD_2,1,0,306.000,2193.000,542.000,2669.000,424.000,2431.000,236.000,476.000,26.430000,8.741592,3.307917
1780301423.999717,,,BOARD_2,1,1,-78.000,1969.000,158.000,2445.000,40.000,2207.000,236.000,476.000,26.430000,6.991592,4.334583
1780301423.999717,,,BOARD_2,1,2,2.000,1905.000,238.000,2381.000,120.000,2143.000,236.000,476.000,26.430000,7.356175,4.627917
1780301423.999717,,,BOARD_2,1,3,-78.000,2161.000,158.000,2637.000,40.000,2399.000,236.000,476.000,26.430000,6.991592,3.454583
1780301423.999717,,,BOARD_2,1,4,18.000,2097.000,254.000,2573.000,136.000,2335.000,236.000,476.000,26.430000,7.429092,3.747917
1780301424.162952,,,BOARD_2,4,0,3552.000,2203.000,3788.000,2679.000,3670.000,2441.000,236.000,476.000,26.430000,350.345560,3.262083
1780301424.162952,,,BOARD_2,4,1,3504.000,1627.000,3740.000,2103.000,3622.000,1865.000,236.000,476.000,26.430000,350.126810,5.902083
1780301424.368179,,,BOARD_2,1,0,730.000,1866.000,966.000,2342.000,848.000,2104.000,236.000,476.000,26.430000,10.673883,4.806667
1780301424.368179,,,BOARD_2,1,1,826.000,2186.000,1062.000,2662.000,944.000,2424.000,236.000,476.000,26.430000,11.111383,3.340000
1780301424.368179,,,BOARD_2,1,2,730.000,2026.000,966.000,2502.000,848.000,2264.000,236.000,476.000,26.430000,10.673883,4.073333
1780301424.423631,,,BOARD_2,3,0,202.000,1607.000,438.000,2083.000,320.000,1845.000,236.000,476.000,26.430000,335.479333,5.993750
1780301424.423631,,,BOARD_2,3,1,362.000,1607.000,598.000,2083.000,480.000,1845.000,236.000,476.000,26.430000,336.208500,5.993750
1780301424.495070,,,BOARD_2,4,0,1305.000,1793.000,1541.000,2269.000,1423.000,2031.000,236.000,476.000,26.430000,340.105326,5.141250
1780301424.495070,,,BOARD_2,4,1,1289.000,1649.000,1525.000,2125.000,1407.000,1887.000,236.000,476.000,26.430000,340.032409,5.801250
1780301424.495070,,,BOARD_2,4,2,1561.000,2177.000,1797.000,2653.000,1679.000,2415.000,236.000,476.000,26.430000,341.271993,3.381250
1780301424.711872,,,BOARD_2,1,0,294.000,2155.000,530.000,2631.000,412.000,2393.000,236.000,476.000,26.430000,8.686904,3.482083
1780301424.711872,,,BOARD_2,1,1,182.000,2155.000,418.000,2631.000,300.000,2393.000,236.000,476.000,26.430000,8.176488,3.482083
1780301424.711872,,,BOARD_2,1,2,860.000,2083.000,900.000,2135.000,880.000,2109.000,40.000,52.000,155.930000,10.819717,4.783750
1780301424.711872,,,BOARD_2,1,3,230.000,1835.000,466.000,2311.000,348.000,2073.000,236.000,476.000,26.430000,8.395238,4.948750
1780301424.794156,,,BOARD_2,3,0,1442.000,2198.000,1678.000,2674.000,1560.000,2436.000,236.000,476.000,26.430000,341.130375,3.285000
1780301425.057399,,,BOARD_2,3,0,1449.000,2208.000,1685.000,2684.000,1567.000,2446.000,236.000,476.000,26.430000,341.162276,3.239167
1780301425.229460,,,BOARD_2,4,0,1298.000,1794.000,1534.000,2270.000,1416.000,2032.000,236.000,476.000,26.430000,340.073425,5.136667
1780301425.229460,,,BOARD_2,4,1,1298.000,1650.000,1534.000,2126.000,1416.000,1888.000,236.000,476.000,26.430000,340.073425,5.796667
1780301425.229460,,,BOARD_2,4,2,1170.000,1634.000,1406.000,2110.000,1288.000,1872.000,236.000,476.000,26.430000,339.490092,5.870000
1780301425.300412,,,BOARD_2,1,0,298.000,2181.000,534.000,2657.000,416.000,2419.000,236.000,476.000,26.430000,8.705133,3.362917
1780301425.300412,,,BOARD_2,1,1,186.000,2181.000,422.000,2657.000,304.000,2419.000,236.000,476.000,26.430000,8.194717,3.362917
1780301425.300412,,,BOARD_2,1,2,234.000,1669.000,470.000,2145.000,352.000,1907.000,236.000,476.000,26.430000,8.413467,5.709583
1780301425.440413,,,BOARD_2,3,0,358.000,1635.000,594.000,2111.000,476.000,1873.000,236.000,476.000,26.430000,336.190271,5.865417
1780301425.440413,,,BOARD_2,3,1,838.000,1667.000,1074.000,2143.000,956.000,1905.000,236.000,476.000,26.430000,338.377771,5.718750
1780301425.440413,,,BOARD_2,3,2,310.000,1971.000,546.000,2447.000,428.000,2209.000,236.000,476.000,26.430000,335.971521,4.325417
1780301425.593473,,,BOARD_2,4,0,634.000,2080.000,870.000,2556.000,752.000,2318.000,236.000,476.000,26.430000,337.047383,3.825833
1780301425.647429,,,BOARD_2,1,0,179.000,2181.000,415.000,2657.000,297.000,2419.000,236.000,476.000,26.430000,8.162816,3.362917
1780301425.647429,,,BOARD_2,1,1,307.000,2181.000,543.000,2657.000,425.000,2419.000,236.000,476.000,26.430000,8.746149,3.362917
1780301425.647429,,,BOARD_2,1,2,243.000,1669.000,479.000,2145.000,361.000,1907.000,236.000,476.000,26.430000,8.454482,5.709583
1780301425.675702,,,BOARD_2,3,0,1055.000,2209.000,1291.000,2685.000,1173.000,2447.000,236.000,476.000,26.430000,339.366703,3.234583
1780301425.675702,,,BOARD_2,3,1,1439.000,2209.000,1675.000,2685.000,1557.000,2447.000,236.000,476.000,26.430000,341.116703,3.234583
1780301425.675702,,,BOARD_2,3,2,895.000,1857.000,1131.000,2333.000,1013.000,2095.000,236.000,476.000,26.430000,338.637536,4.847917
1780301425.675702,,,BOARD_2,3,3,933.000,1699.000,1397.000,2059.000,1165.000,1879.000,464.000,360.000,13.440000,339.330245,5.837917
1780301425.675702,,,BOARD_2,3,4,879.000,1985.000,1115.000,2461.000,997.000,2223.000,236.000,476.000,26.430000,338.564620,4.261250
1780301425.675702,,,BOARD_2,3,5,1247.000,2177.000,1483.000,2653.000,1365.000,2415.000,236.000,476.000,26.430000,340.241703,3.381250
1780301425.829149,,,BOARD_2,4,0,510.000,2078.000,746.000,2554.000,628.000,2316.000,236.000,476.000,26.430000,336.482279,3.835000
1780301426.087958,,,BOARD_2,4,0,1147.000,1836.000,1383.000,2312.000,1265.000,2074.000,236.000,476.000,26.430000,339.385274,4.944167
1780301426.236437,,,BOARD_2,1,0,-62.000,1968.000,174.000,2444.000,56.000,2206.000,236.000,476.000,26.430000,7.064508,4.339167
1780301426.236437,,,BOARD_2,1,1,-62.000,2176.000,174.000,2652.000,56.000,2414.000,236.000,476.000,26.430000,7.064508,3.385833
1780301426.236437,,,BOARD_2,1,2,466.000,1808.000,702.000,2284.000,584.000,2046.000,236.000,476.000,26.430000,9.470758,5.072500
1780301426.236437,,,BOARD_2,1,3,98.000,1936.000,334.000,2412.000,216.000,2174.000,236.000,476.000,26.430000,7.793675,4.485833
1780301426.236437,,,BOARD_2,1,4,482.000,2160.000,718.000,2636.000,600.000,2398.000,236.000,476.000,26.430000,9.543675,3.459167
1780301426.319754,,,BOARD_2,3,0,1461.000,2206.000,1697.000,2682.000,1579.000,2444.000,236.000,476.000,26.430000,341.216964,3.248333
1780301426.319754,,,BOARD_2,3,1,1470.000,2146.000,1590.000,2390.000,1530.000,2268.000,120.000,244.000,51.980000,340.993656,4.055000
1780301426.319754,,,BOARD_2,3,2,1685.000,2126.000,1921.000,2602.000,1803.000,2364.000,236.000,476.000,26.430000,342.237797,3.615000
1780301426.449702,,,BOARD_2,4,0,538.000,2206.000,774.000,2682.000,656.000,2444.000,236.000,476.000,26.430000,336.609883,3.248333
1780301426.488516,,,BOARD_2,1,0,189.000,2182.000,425.000,2658.000,307.000,2420.000,236.000,476.000,26.430000,8.208389,3.358333
1780301426.488516,,,BOARD_2,1,1,301.000,2182.000,537.000,2658.000,419.000,2420.000,236.000,476.000,26.430000,8.718805,3.358333
1780301426.488516,,,BOARD_2,1,2,237.000,1670.000,473.000,2146.000,355.000,1908.000,236.000,476.000,26.430000,8.427139,5.705000
1780301426.488516,,,BOARD_2,1,3,847.000,2052.000,910.000,2172.000,878.500,2112.000,63.000,120.000,99.000000,10.812881,4.770000
1780301426.679237,,,BOARD_2,3,0,361.000,1635.000,597.000,2111.000,479.000,1873.000,236.000,476.000,26.430000,336.203943,5.865417
1780301426.679237,,,BOARD_2,3,1,665.000,1779.000,901.000,2255.000,783.000,2017.000,236.000,476.000,26.430000,337.589359,5.205417
1780301426.918803,,,BOARD_2,3,0,418.000,1629.000,654.000,2105.000,536.000,1867.000,236.000,476.000,26.430000,336.463708,5.892917
1780301426.918803,,,BOARD_2,3,1,98.000,1853.000,334.000,2329.000,216.000,2091.000,236.000,476.000,26.430000,335.005375,4.866250
1780301426.918803,,,BOARD_2,3,2,98.000,1613.000,334.000,2089.000,216.000,1851.000,236.000,476.000,26.430000,335.005375,5.966250
1780301427.034582,,,BOARD_2,4,0,1563.000,2198.000,1799.000,2674.000,1681.000,2436.000,236.000,476.000,26.430000,341.281107,3.285000
1780301427.132849,,,BOARD_2,1,0,354.000,2198.000,590.000,2674.000,472.000,2436.000,236.000,476.000,26.430000,8.960342,3.285000
1780301427.132849,,,BOARD_2,1,1,34.000,2102.000,270.000,2578.000,152.000,2340.000,236.000,476.000,26.430000,7.502008,3.725000
1780301427.132849,,,BOARD_2,1,2,-78.000,1974.000,158.000,2450.000,40.000,2212.000,236.000,476.000,26.430000,6.991592,4.311667
1780301427.132849,,,BOARD_2,1,3,402.000,2058.000,534.000,2150.000,468.000,2104.000,132.000,92.000,47.250000,8.942113,4.806667
1780301427.279315,,,BOARD_2,3,0,367.000,1634.000,603.000,2110.000,485.000,1872.000,236.000,476.000,26.430000,336.231286,5.870000
1780301427.279315,,,BOARD_2,3,1,495.000,1858.000,731.000,2334.000,613.000,2096.000,236.000,476.000,26.430000,336.814620,4.843333
1780301427.279315,,,BOARD_2,3,2,53.000,1700.000,517.000,2060.000,285.000,1880.000,464.000,360.000,13.440000,335.319828,5.833333
1780301427.390099,,,BOARD_2,4,0,514.000,2077.000,750.000,2553.000,632.000,2315.000,236.000,476.000,26.430000,336.500508,3.839583
1780301427.402009,,,BOARD_2,1,0,297.000,2170.000,533.000,2646.000,415.000,2408.000,236.000,476.000,26.430000,8.700576,3.413333
1780301427.402009,,,BOARD_2,1,1,185.000,2170.000,421.000,2646.000,303.000,2408.000,236.000,476.000,26.430000,8.190159,3.413333
1780301427.402009,,,BOARD_2,1,2,353.000,2062.000,485.000,2154.000,419.000,2108.000,132.000,92.000,47.250000,8.718805,4.788333
1780301427.402009,,,BOARD_2,1,3,233.000,1674.000,469.000,2150.000,351.000,1912.000,236.000,476.000,26.430000,8.408909,5.686667
1780301427.527104,,,BOARD_2,3,0,361.000,1646.000,597.000,2122.000,479.000,1884.000,236.000,476.000,26.430000,336.203943,5.815000
1780301427.527104,,,BOARD_2,3,1,857.000,1646.000,1093.000,2122.000,975.000,1884.000,236.000,476.000,26.430000,338.464359,5.815000
1780301427.527104,,,BOARD_2,3,2,345.000,1902.000,581.000,2378.000,463.000,2140.000,236.000,476.000,26.430000,336.131026,4.641667
1780301427.527104,,,BOARD_2,3,3,521.000,1646.000,757.000,2122.000,639.000,1884.000,236.000,476.000,26.430000,336.933109,5.815000
1780301427.527104,,,BOARD_2,3,4,665.000,1774.000,901.000,2250.000,783.000,2012.000,236.000,476.000,26.430000,337.589359,5.228333
1780301427.527104,,,BOARD_2,3,5,354.000,2012.000,418.000,2132.000,386.000,2072.000,64.000,120.000,97.460000,335.780115,4.953333
1780301427.621043,,,BOARD_2,1,0,1067.000,2056.000,1303.000,2532.000,1185.000,2294.000,236.000,476.000,26.430000,12.209691,3.935833
1780301427.621043,,,BOARD_2,1,1,843.000,2008.000,1079.000,2484.000,961.000,2246.000,236.000,476.000,26.430000,11.188857,4.155833
1780301427.699528,,,BOARD_2,3,0,851.000,1650.000,1087.000,2126.000,969.000,1888.000,236.000,476.000,26.430000,338.437016,5.796667
1780301427.699528,,,BOARD_2,3,1,1059.000,2210.000,1295.000,2686.000,1177.000,2448.000,236.000,476.000,26.430000,339.384932,3.230000
1780301427.699528,,,BOARD_2,3,2,937.000,1700.000,1401.000,2060.000,1169.000,1880.000,464.000,360.000,13.440000,339.348474,5.833333
1780301427.776064,,,BOARD_2,4,0,1301.000,1794.000,1537.000,2270.000,1419.000,2032.000,236.000,476.000,26.430000,340.087097,5.136667
1780301427.776064,,,BOARD_2,4,1,1038.000,1904.000,1102.000,2024.000,1070.000,1964.000,64.000,120.000,97.460000,338.496602,5.448333
1780301427.869858,,,BOARD_2,1,0,299.000,2156.000,535.000,2632.000,417.000,2394.000,236.000,476.000,26.430000,8.709691,3.477500
1780301427.869858,,,BOARD_2,1,1,187.000,2156.000,423.000,2632.000,305.000,2394.000,236.000,476.000,26.430000,8.199274,3.477500
1780301427.869858,,,BOARD_2,1,2,235.000,1676.000,471.000,2152.000,353.000,1914.000,236.000,476.000,26.430000,8.418024,5.677500
1780301427.951878,,,BOARD_2,3,0,1055.000,2210.000,1291.000,2686.000,1173.000,2448.000,236.000,476.000,26.430000,339.366703,3.230000
1780301427.951878,,,BOARD_2,3,1,847.000,1650.000,1083.000,2126.000,965.000,1888.000,236.000,476.000,26.430000,338.418786,5.796667
1780301428.148073,,,BOARD_2,4,0,1049.000,1885.000,1285.000,2361.000,1167.000,2123.000,236.000,476.000,26.430000,338.938659,4.719583
1780301428.236870,,,BOARD_2,1,0,466.000,2146.000,702.000,2622.000,584.000,2384.000,236.000,476.000,26.430000,9.470758,3.523333
1780301428.236870,,,BOARD_2,1,1,162.000,2066.000,398.000,2542.000,280.000,2304.000,236.000,476.000,26.430000,8.085342,3.890000
1780301428.236870,,,BOARD_2,1,2,466.000,1810.000,702.000,2286.000,584.000,2048.000,236.000,476.000,26.430000,9.470758,5.063333
1780301428.236870,,,BOARD_2,1,3,-62.000,1970.000,174.000,2446.000,56.000,2208.000,236.000,476.000,26.430000,7.064508,4.330000
1780301428.236870,,,BOARD_2,1,4,338.000,2018.000,574.000,2494.000,456.000,2256.000,236.000,476.000,26.430000,8.887425,4.110000
1780301428.236870,,,BOARD_2,1,5,482.000,1666.000,718.000,2142.000,600.000,1904.000,236.000,476.000,26.430000,9.543675,5.723333
1780301428.330562,,,BOARD_2,3,0,1047.000,2209.000,1283.000,2685.000,1165.000,2447.000,236.000,476.000,26.430000,339.330245,3.234583
1780301428.330562,,,BOARD_2,3,1,855.000,1649.000,1091.000,2125.000,973.000,1887.000,236.000,476.000,26.430000,338.455245,5.801250
1780301428.330562,,,BOARD_2,3,2,925.000,1699.000,1389.000,2059.000,1157.000,1879.000,464.000,360.000,13.440000,339.293786,5.837917
1780301428.472069,,,BOARD_2,1,0,1049.000,2061.000,1285.000,2537.000,1167.000,2299.000,236.000,476.000,26.430000,12.127659,3.912917
1780301428.600311,,,BOARD_2,3,0,364.000,1642.000,600.000,2118.000,482.000,1880.000,236.000,476.000,26.430000,336.217615,5.833333
1780301428.842622,,,BOARD_2,1,0,785.000,1838.000,1021.000,2314.000,903.000,2076.000,236.000,476.000,26.430000,10.924534,4.935000
1780301428.842622,,,BOARD_2,1,1,833.000,2142.000,1069.000,2618.000,951.000,2380.000,236.000,476.000,26.430000,11.143284,3.541667
1780301428.842622,,,BOARD_2,1,2,1073.000,1998.000,1309.000,2474.000,1191.000,2236.000,236.000,476.000,26.430000,12.237034,4.201667
1780301428.870199,,,BOARD_2,3,0,363.000,1642.000,599.000,2118.000,481.000,1880.000,236.000,476.000,26.430000,336.213057,5.833333
1780301428.985234,,,BOARD_2,4,0,3415.000,2386.000,3663.000,2565.000,3539.000,2475.500,248.000,179.000,25.150000,349.748555,3.103958
1780301428.985234,,,BOARD_2,4,1,3715.000,1696.000,4179.000,2056.000,3947.000,1876.000,464.000,360.000,13.440000,351.607930,5.851667
1780301429.066809,,,BOARD_2,1,0,1068.000,2060.000,1304.000,2536.000,1186.000,2298.000,236.000,476.000,26.430000,12.214248,3.917500
1780301429.257459,,,BOARD_2,3,0,1459.000,2189.000,1695.000,2665.000,1577.000,2427.000,236.000,476.000,26.430000,341.207849,3.326250
1780301429.257459,,,BOARD_2,3,1,1468.000,2145.000,1588.000,2389.000,1528.000,2267.000,120.000,244.000,51.980000,340.984542,4.059583
1780301429.503698,,,BOARD_2,3,0,846.000,1598.000,1082.000,2074.000,964.000,1836.000,236.000,476.000,26.430000,338.414229,6.035000
1780301429.783357,,,BOARD_2,3,0,358.000,1650.000,594.000,2126.000,476.000,1888.000,236.000,476.000,26.430000,336.190271,5.796667
1780301429.783357,,,BOARD_2,3,1,60.000,1700.000,524.000,2060.000,292.000,1880.000,464.000,360.000,13.440000,335.351729,5.833333
1780301429.783357,,,BOARD_2,3,2,518.000,1650.000,754.000,2126.000,636.000,1888.000,236.000,476.000,26.430000,336.919438,5.796667
1780301483.483829,,,BOARD_2,3,0,194.000,1627.000,430.000,2103.000,312.000,1865.000,236.000,476.000,26.430000,335.442875,5.902083
1780301483.483829,,,BOARD_2,3,1,50.000,1851.000,286.000,2327.000,168.000,2089.000,236.000,476.000,26.430000,334.786625,4.875417
1780301483.483829,,,BOARD_2,3,2,612.000,1825.000,675.000,1945.000,643.500,1885.000,63.000,120.000,99.000000,336.953617,5.810417
1780301483.483829,,,BOARD_2,3,3,322.000,1627.000,558.000,2103.000,440.000,1865.000,236.000,476.000,26.430000,336.026208,5.902083
1780301483.483829,,,BOARD_2,3,4,466.000,1915.000,702.000,2391.000,584.000,2153.000,236.000,476.000,26.430000,336.682458,4.582083
1780301483.559823,,,BOARD_2,1,0,466.000,2151.000,702.000,2627.000,584.000,2389.000,236.000,476.000,26.430000,9.470758,3.500417
1780301483.559823,,,BOARD_2,1,1,338.000,2023.000,574.000,2499.000,456.000,2261.000,236.000,476.000,26.430000,8.887425,4.087083
1780301483.559823,,,BOARD_2,1,2,482.000,1639.000,718.000,2115.000,600.000,1877.000,236.000,476.000,26.430000,9.543675,5.847083
1780301483.559823,,,BOARD_2,1,3,466.000,1751.000,702.000,2227.000,584.000,1989.000,236.000,476.000,26.430000,9.470758,5.333750
1780301483.559823,,,BOARD_2,1,4,-62.000,1975.000,174.000,2451.000,56.000,2213.000,236.000,476.000,26.430000,7.064508,4.307083
1780301483.559823,,,BOARD_2,1,5,162.000,2055.000,398.000,2531.000,280.000,2293.000,236.000,476.000,26.430000,8.085342,3.940417
1780301483.559823,,,BOARD_2,1,6,-62.000,2167.000,174.000,2643.000,56.000,2405.000,236.000,476.000,26.430000,7.064508,3.427083
1780301483.559823,,,BOARD_2,1,7,114.000,2199.000,350.000,2675.000,232.000,2437.000,236.000,476.000,26.430000,7.866592,3.280417
1780301483.559823,,,BOARD_2,1,8,98.000,1927.000,334.000,2403.000,216.000,2165.000,236.000,476.000,26.430000,7.793675,4.527083
1780301483.559823,,,BOARD_2,1,9,178.000,1847.000,414.000,2323.000,296.000,2085.000,236.000,476.000,26.430000,8.158258,4.893750
1780301483.559823,,,BOARD_2,1,10,306.000,1815.000,542.000,2291.000,424.000,2053.000,236.000,476.000,26.430000,8.741592,5.040417
1780301483.559823,,,BOARD_2,1,11,232.000,1689.000,696.000,2049.000,464.000,1869.000,464.000,360.000,13.440000,8.923883,5.883750
1780301483.577180,,,BOARD_2,4,0,1123.000,1788.000,1359.000,2264.000,1241.000,2026.000,236.000,476.000,26.430000,339.275899,5.164167
1780301483.577180,,,BOARD_2,4,1,1155.000,1628.000,1391.000,2104.000,1273.000,1866.000,236.000,476.000,26.430000,339.421732,5.897500
1780301483.745779,,,BOARD_2,3,0,1439.000,2146.000,1675.000,2622.000,1557.000,2384.000,236.000,476.000,26.430000,341.116703,3.523333
1780301483.745779,,,BOARD_2,3,1,1737.000,2278.000,1857.000,2522.000,1797.000,2400.000,120.000,244.000,51.980000,342.210453,3.450000
1780301483.745779,,,BOARD_2,3,2,1489.000,2176.000,1553.000,2296.000,1521.000,2236.000,64.000,120.000,97.460000,340.952641,4.201667
1780301483.745779,,,BOARD_2,3,3,1513.000,2022.000,1633.000,2266.000,1573.000,2144.000,120.000,244.000,51.980000,341.189620,4.623333
1780301483.806032,,,BOARD_2,1,0,258.000,1648.000,494.000,2124.000,376.000,1886.000,236.000,476.000,26.430000,8.522842,5.805833
1780301483.806032,,,BOARD_2,1,1,482.000,2160.000,718.000,2636.000,600.000,2398.000,236.000,476.000,26.430000,9.543675,3.459167
1780301483.806032,,,BOARD_2,1,2,-78.000,1968.000,158.000,2444.000,40.000,2206.000,236.000,476.000,26.430000,6.991592,4.339167
1780301483.806032,,,BOARD_2,1,3,306.000,2208.000,542.000,2684.000,424.000,2446.000,236.000,476.000,26.430000,8.741592,3.239167
1780301483.806032,,,BOARD_2,1,4,-78.000,2160.000,158.000,2636.000,40.000,2398.000,236.000,476.000,26.430000,6.991592,3.459167
1780301483.806032,,,BOARD_2,1,5,34.000,2112.000,270.000,2588.000,152.000,2350.000,236.000,476.000,26.430000,7.502008,3.679167
1780301483.806032,,,BOARD_2,1,6,242.000,1824.000,478.000,2300.000,360.000,2062.000,236.000,476.000,26.430000,8.449925,4.999167
1780301483.806032,,,BOARD_2,1,7,130.000,2016.000,366.000,2492.000,248.000,2254.000,236.000,476.000,26.430000,7.939508,4.119167
1780301483.818420,,,BOARD_2,4,0,1287.000,1794.000,1523.000,2270.000,1405.000,2032.000,236.000,476.000,26.430000,340.023295,5.136667
1780301483.818420,,,BOARD_2,4,1,1181.000,1700.000,1645.000,2060.000,1413.000,1880.000,464.000,360.000,13.440000,340.059753,5.833333
1780301483.818420,,,BOARD_2,4,2,1127.000,1778.000,1363.000,2254.000,1245.000,2016.000,236.000,476.000,26.430000,339.294128,5.210000
1780301483.818420,,,BOARD_2,4,3,1159.000,1634.000,1395.000,2110.000,1277.000,1872.000,236.000,476.000,26.430000,339.439961,5.870000
1780301484.003069,,,BOARD_2,3,0,1050.000,2209.000,1286.000,2685.000,1168.000,2447.000,236.000,476.000,26.430000,339.343917,3.234583
1780301484.003069,,,BOARD_2,3,1,1434.000,2209.000,1670.000,2685.000,1552.000,2447.000,236.000,476.000,26.430000,341.093917,3.234583
1780301484.003069,,,BOARD_2,3,2,928.000,1699.000,1392.000,2059.000,1160.000,1879.000,464.000,360.000,13.440000,339.307458,5.837917
1780301484.003069,,,BOARD_2,3,3,938.000,2225.000,1174.000,2701.000,1056.000,2463.000,236.000,476.000,26.430000,338.833500,3.161250
1780301484.003069,,,BOARD_2,3,4,1242.000,2177.000,1478.000,2653.000,1360.000,2415.000,236.000,476.000,26.430000,340.218917,3.381250
1780301484.072957,,,BOARD_2,4,0,632.000,2065.000,868.000,2541.000,750.000,2303.000,236.000,476.000,26.430000,337.038269,3.894583
1780301484.151303,,,BOARD_2,1,0,482.000,1645.000,718.000,2121.000,600.000,1883.000,236.000,476.000,26.430000,9.543675,5.819583
1780301484.151303,,,BOARD_2,1,1,338.000,2029.000,574.000,2505.000,456.000,2267.000,236.000,476.000,26.430000,8.887425,4.059583
1780301484.151303,,,BOARD_2,1,2,-62.000,2205.000,174.000,2681.000,56.000,2443.000,236.000,476.000,26.430000,7.064508,3.252917
1780301484.151303,,,BOARD_2,1,3,450.000,2173.000,686.000,2649.000,568.000,2411.000,236.000,476.000,26.430000,9.397842,3.399583
1780301484.151303,,,BOARD_2,1,4,162.000,2045.000,398.000,2521.000,280.000,2283.000,236.000,476.000,26.430000,8.085342,3.986250
1780301484.151303,,,BOARD_2,1,5,-62.000,1981.000,174.000,2457.000,56.000,2219.000,236.000,476.000,26.430000,7.064508,4.279583
1780301484.151303,,,BOARD_2,1,6,466.000,1757.000,702.000,2233.000,584.000,1995.000,236.000,476.000,26.430000,9.470758,5.306250
1780301484.151303,,,BOARD_2,1,7,18.000,1629.000,254.000,2105.000,136.000,1867.000,236.000,476.000,26.430000,7.429092,5.892917
1780301484.151303,,,BOARD_2,1,8,98.000,1933.000,334.000,2409.000,216.000,2171.000,236.000,476.000,26.430000,7.793675,4.499583
1780301484.151303,,,BOARD_2,1,9,114.000,2205.000,350.000,2681.000,232.000,2443.000,236.000,476.000,26.430000,7.866592,3.252917
1780301484.151303,,,BOARD_2,1,10,178.000,1853.000,414.000,2329.000,296.000,2091.000,236.000,476.000,26.430000,8.158258,4.866250
1780301484.151303,,,BOARD_2,1,11,450.000,1917.000,686.000,2393.000,568.000,2155.000,236.000,476.000,26.430000,9.397842,4.572917
1780301484.151303,,,BOARD_2,1,12,306.000,1821.000,542.000,2297.000,424.000,2059.000,236.000,476.000,26.430000,8.741592,5.012917
1780301484.232343,,,BOARD_2,3,0,482.000,1867.000,718.000,2343.000,600.000,2105.000,236.000,476.000,26.430000,336.755375,4.802083
1780301484.232343,,,BOARD_2,3,1,338.000,1627.000,574.000,2103.000,456.000,1865.000,236.000,476.000,26.430000,336.099125,5.902083
1780301484.232343,,,BOARD_2,3,2,40.000,1693.000,504.000,2053.000,272.000,1873.000,464.000,360.000,13.440000,335.260583,5.865417
1780301484.232343,,,BOARD_2,3,3,-20.000,1793.000,43.000,1913.000,11.500,1853.000,63.000,120.000,99.000000,334.073409,5.957083
1780301484.232343,,,BOARD_2,3,4,-14.000,1867.000,222.000,2343.000,104.000,2105.000,236.000,476.000,26.430000,334.494958,4.802083
1780301484.232343,,,BOARD_2,3,5,450.000,2107.000,686.000,2583.000,568.000,2345.000,236.000,476.000,26.430000,336.609542,3.702083
1780301484.381283,,,BOARD_2,1,0,301.000,2199.000,537.000,2675.000,419.000,2437.000,236.000,476.000,26.430000,8.718805,3.280417
1780301484.381283,,,BOARD_2,1,1,253.000,1639.000,489.000,2115.000,371.000,1877.000,236.000,476.000,26.430000,8.500055,5.847083
1780301484.381283,,,BOARD_2,1,2,29.000,2103.000,265.000,2579.000,147.000,2341.000,236.000,476.000,26.430000,7.479222,3.720417
1780301484.381283,,,BOARD_2,1,3,671.000,2389.000,734.000,2509.000,702.500,2449.000,63.000,120.000,99.000000,10.010797,3.225417
1780301484.381283,,,BOARD_2,1,4,-3.000,1975.000,233.000,2451.000,115.000,2213.000,236.000,476.000,26.430000,7.333389,4.307083
1780301484.381283,,,BOARD_2,1,5,46.000,1797.000,110.000,1917.000,78.000,1857.000,64.000,120.000,97.460000,7.164769,5.938750
1780301484.381283,,,BOARD_2,1,6,125.000,2023.000,361.000,2499.000,243.000,2261.000,236.000,476.000,26.430000,7.916722,4.087083
1780301484.381283,,,BOARD_2,1,7,501.000,2323.000,633.000,2415.000,567.000,2369.000,132.000,92.000,47.250000,9.393284,3.592083
1780301484.381283,,,BOARD_2,1,8,3.000,1689.000,467.000,2049.000,235.000,1869.000,464.000,360.000,13.440000,7.880264,5.883750
1780301484.446952,,,BOARD_2,4,0,1287.000,1794.000,1523.000,2270.000,1405.000,2032.000,236.000,476.000,26.430000,340.023295,5.136667
1780301484.446952,,,BOARD_2,4,1,1127.000,1778.000,1363.000,2254.000,1245.000,2016.000,236.000,476.000,26.430000,339.294128,5.210000
1780301484.446952,,,BOARD_2,4,2,1181.000,1700.000,1645.000,2060.000,1413.000,1880.000,464.000,360.000,13.440000,340.059753,5.833333
1780301484.446952,,,BOARD_2,4,3,1159.000,1634.000,1395.000,2110.000,1277.000,1872.000,236.000,476.000,26.430000,339.439961,5.870000
1780301484.537065,,,BOARD_2,3,0,347.000,2040.000,583.000,2516.000,465.000,2278.000,236.000,476.000,26.430000,336.140141,4.009167
1780301484.537065,,,BOARD_2,3,1,257.000,1706.000,721.000,2066.000,489.000,1886.000,464.000,360.000,13.440000,336.249516,5.805833
1780301484.537065,,,BOARD_2,3,2,737.000,1674.000,1201.000,2034.000,969.000,1854.000,464.000,360.000,13.440000,338.437016,5.952500
1780301484.537065,,,BOARD_2,3,3,1021.000,1998.000,1084.000,2118.000,1052.500,2058.000,63.000,120.000,99.000000,338.817549,5.017500
1780301484.537065,,,BOARD_2,3,4,651.000,1800.000,887.000,2276.000,769.000,2038.000,236.000,476.000,26.430000,337.525557,5.109167
1780301484.537065,,,BOARD_2,3,5,491.000,1864.000,727.000,2340.000,609.000,2102.000,236.000,476.000,26.430000,336.796391,4.815833
1780301484.537065,,,BOARD_2,3,6,1021.000,1878.000,1084.000,1998.000,1052.500,1938.000,63.000,120.000,99.000000,338.817549,5.567500
1780301484.537065,,,BOARD_2,3,7,507.000,1672.000,743.000,2148.000,625.000,1910.000,236.000,476.000,26.430000,336.869307,5.695833
1780301484.537065,,,BOARD_2,3,8,875.000,1928.000,1111.000,2404.000,993.000,2166.000,236.000,476.000,26.430000,338.546391,4.522500
1780301484.537065,,,BOARD_2,3,9,363.000,1880.000,599.000,2356.000,481.000,2118.000,236.000,476.000,26.430000,336.213057,4.742500
1780301484.581798,,,BOARD_2,4,0,3539.000,2205.000,3775.000,2681.000,3657.000,2443.000,236.000,476.000,26.430000,350.286316,3.252917
1780301484.581798,,,BOARD_2,4,1,3491.000,1629.000,3727.000,2105.000,3609.000,1867.000,236.000,476.000,26.430000,350.067566,5.892917
1780301484.728216,,,BOARD_2,1,0,305.000,2210.000,541.000,2686.000,423.000,2448.000,236.000,476.000,26.430000,8.737034,3.230000
1780301484.728216,,,BOARD_2,1,1,241.000,1650.000,477.000,2126.000,359.000,1888.000,236.000,476.000,26.430000,8.445368,5.796667
1780301484.728216,,,BOARD_2,1,2,1.000,1954.000,237.000,2430.000,119.000,2192.000,236.000,476.000,26.430000,7.351618,4.403333
1780301484.728216,,,BOARD_2,1,3,667.000,2392.000,731.000,2512.000,699.000,2452.000,64.000,120.000,97.460000,9.994847,3.211667
1780301484.728216,,,BOARD_2,1,4,465.000,2162.000,701.000,2638.000,583.000,2400.000,236.000,476.000,26.430000,9.466201,3.450000
1780301484.728216,,,BOARD_2,1,5,7.000,1700.000,471.000,2060.000,239.000,1880.000,464.000,360.000,13.440000,7.898493,5.833333
1780301484.728216,,,BOARD_2,1,6,273.000,1874.000,509.000,2350.000,391.000,2112.000,236.000,476.000,26.430000,8.591201,4.770000
1780301484.728216,,,BOARD_2,1,7,145.000,2098.000,381.000,2574.000,263.000,2336.000,236.000,476.000,26.430000,8.007868,3.743333
1780301484.799476,,,BOARD_2,3,0,1050.000,2209.000,1286.000,2685.000,1168.000,2447.000,236.000,476.000,26.430000,339.343917,3.234583
1780301484.799476,,,BOARD_2,3,1,1450.000,2209.000,1686.000,2685.000,1568.000,2447.000,236.000,476.000,26.430000,341.166833,3.234583
1780301484.799476,,,BOARD_2,3,2,912.000,1699.000,1376.000,2059.000,1144.000,1879.000,464.000,360.000,13.440000,339.234542,5.837917
1780301484.799476,,,BOARD_2,3,3,1028.000,2399.000,1092.000,2519.000,1060.000,2459.000,64.000,120.000,97.460000,338.851729,3.179583
1780301484.799476,,,BOARD_2,3,4,1264.000,2385.000,1303.000,2436.000,1283.500,2410.500,39.000,51.000,159.930000,339.870284,3.401875
1780301484.799476,,,BOARD_2,3,5,1492.000,2199.000,1556.000,2319.000,1524.000,2259.000,64.000,120.000,97.460000,340.966313,4.096250
1780301484.861450,,,BOARD_2,4,0,530.000,2207.000,766.000,2683.000,648.000,2445.000,236.000,476.000,26.430000,336.573425,3.243750
1780301484.861450,,,BOARD_2,4,1,676.000,2229.000,739.000,2349.000,707.500,2289.000,63.000,120.000,99.000000,336.844584,3.958750
1780301485.010303,,,BOARD_2,1,0,329.000,2193.000,565.000,2669.000,447.000,2431.000,236.000,476.000,26.430000,8.846409,3.307917
1780301485.010303,,,BOARD_2,1,1,473.000,2145.000,709.000,2621.000,591.000,2383.000,236.000,476.000,26.430000,9.502659,3.527917
1780301485.010303,,,BOARD_2,1,2,371.000,1989.000,491.000,2233.000,431.000,2111.000,120.000,244.000,51.980000,8.773493,4.774583
1780301485.010303,,,BOARD_2,1,3,370.000,1783.000,434.000,1903.000,402.000,1843.000,64.000,120.000,97.460000,8.641331,6.002917
1780301485.010303,,,BOARD_2,1,4,825.000,2001.000,1061.000,2477.000,943.000,2239.000,236.000,476.000,26.430000,11.106826,4.187917
1780301485.010303,,,BOARD_2,1,5,723.000,1991.000,786.000,2110.000,754.500,2050.500,63.000,119.000,99.000000,10.247777,5.051875
1780301485.010303,,,BOARD_2,1,6,825.000,2193.000,1061.000,2669.000,943.000,2431.000,236.000,476.000,26.430000,11.106826,3.307917
1780301485.067175,,,BOARD_2,3,0,350.000,1646.000,586.000,2122.000,468.000,1884.000,236.000,476.000,26.430000,336.153813,5.815000
1780301485.067175,,,BOARD_2,3,1,814.000,1630.000,1050.000,2106.000,932.000,1868.000,236.000,476.000,26.430000,338.268396,5.888333
1780301485.067175,,,BOARD_2,3,2,420.000,1696.000,884.000,2056.000,652.000,1876.000,464.000,360.000,13.440000,336.992354,5.851667
1780301485.067175,,,BOARD_2,3,3,654.000,1790.000,890.000,2266.000,772.000,2028.000,236.000,476.000,26.430000,337.539229,5.155000
1780301485.067175,,,BOARD_2,3,4,318.000,1902.000,554.000,2378.000,436.000,2140.000,236.000,476.000,26.430000,336.007979,4.641667
1780301485.225733,,,BOARD_2,4,0,1557.000,2210.000,1793.000,2686.000,1675.000,2448.000,236.000,476.000,26.430000,341.253764,3.230000
1780301485.225733,,,BOARD_2,4,1,1413.000,1938.000,1649.000,2414.000,1531.000,2176.000,236.000,476.000,26.430000,340.597514,4.476667
1780301485.225733,,,BOARD_2,4,2,1227.000,1700.000,1691.000,2060.000,1459.000,1880.000,464.000,360.000,13.440000,340.269389,5.833333
1780301485.225733,,,BOARD_2,4,3,1317.000,1794.000,1553.000,2270.000,1435.000,2032.000,236.000,476.000,26.430000,340.160014,5.136667
1780301485.258415,,,BOARD_2,1,0,1071.000,1983.000,1307.000,2459.000,1189.000,2221.000,236.000,476.000,26.430000,12.227920,4.270417
1780301485.258415,,,BOARD_2,1,1,623.000,2079.000,859.000,2555.000,741.000,2317.000,236.000,476.000,26.430000,10.186253,3.830417
1780301485.258415,,,BOARD_2,1,2,687.000,1967.000,923.000,2443.000,805.000,2205.000,236.000,476.000,26.430000,10.477920,4.343750
1780301485.258415,,,BOARD_2,1,3,927.000,1951.000,1163.000,2427.000,1045.000,2189.000,236.000,476.000,26.430000,11.571670,4.417083
1780301485.258415,,,BOARD_2,1,4,733.000,2015.000,772.000,2067.000,752.500,2041.000,39.000,52.000,159.930000,10.238662,5.095417
1780301485.258415,,,BOARD_2,1,5,1181.000,2023.000,1220.000,2074.000,1200.500,2048.500,39.000,51.000,159.930000,12.280329,5.061042
1780301485.258415,,,BOARD_2,1,6,831.000,2079.000,1067.000,2555.000,949.000,2317.000,236.000,476.000,26.430000,11.134170,3.830417
1780301485.441562,,,BOARD_2,3,0,482.000,1991.000,718.000,2467.000,600.000,2229.000,236.000,476.000,26.430000,336.755375,4.233750
1780301485.441562,,,BOARD_2,3,1,194.000,1607.000,430.000,2083.000,312.000,1845.000,236.000,476.000,26.430000,335.442875,5.993750
1780301485.441562,,,BOARD_2,3,2,386.000,1607.000,622.000,2083.000,504.000,1845.000,236.000,476.000,26.430000,336.317875,5.993750
1780301485.441562,,,BOARD_2,3,3,2.000,1847.000,238.000,2323.000,120.000,2085.000,236.000,476.000,26.430000,334.567875,4.893750
1780301485.441562,,,BOARD_2,3,4,-12.000,1773.000,51.000,1893.000,19.500,1833.000,63.000,120.000,99.000000,334.109867,6.048750
1780301485.441562,,,BOARD_2,3,5,354.000,1895.000,590.000,2371.000,472.000,2133.000,236.000,476.000,26.430000,336.172042,4.673750
1780301485.441562,,,BOARD_2,3,6,-94.000,1751.000,141.000,2227.000,23.500,1989.000,235.000,476.000,26.540000,334.128096,5.333750
1780301485.441562,,,BOARD_2,3,7,588.000,2037.000,652.000,2157.000,620.000,2097.000,64.000,120.000,97.460000,336.846521,4.838750
1780301485.595477,,,BOARD_2,4,0,3541.000,2205.000,3777.000,2681.000,3659.000,2443.000,236.000,476.000,26.430000,350.295430,3.252917
1780301485.595477,,,BOARD_2,4,1,3493.000,1629.000,3729.000,2105.000,3611.000,1867.000,236.000,476.000,26.430000,350.076680,5.892917
1780301485.618210,,,BOARD_2,1,0,837.000,2208.000,1073.000,2684.000,955.000,2446.000,236.000,476.000,26.430000,11.161514,3.239167
1780301485.618210,,,BOARD_2,1,1,878.000,2022.000,942.000,2142.000,910.000,2082.000,64.000,120.000,97.460000,10.956435,4.907500
1780301485.618210,,,BOARD_2,1,2,837.000,2016.000,1073.000,2492.000,955.000,2254.000,236.000,476.000,26.430000,11.161514,4.119167
1780301485.618210,,,BOARD_2,1,3,981.000,2208.000,1217.000,2684.000,1099.000,2446.000,236.000,476.000,26.430000,11.817764,3.239167
1780301485.618210,,,BOARD_2,1,4,1061.000,2064.000,1297.000,2540.000,1179.000,2302.000,236.000,476.000,26.430000,12.182347,3.899167
1780301485.618210,,,BOARD_2,1,5,1171.000,1936.000,1210.000,1988.000,1190.500,1962.000,39.000,52.000,159.930000,12.234756,5.457500
1780301485.713331,,,BOARD_2,3,0,341.000,1629.000,577.000,2105.000,459.000,1867.000,236.000,476.000,26.430000,336.112797,5.892917
1780301485.713331,,,BOARD_2,3,1,661.000,1933.000,897.000,2409.000,779.000,2171.000,236.000,476.000,26.430000,337.571130,4.499583
1780301485.713331,,,BOARD_2,3,2,411.000,1695.000,875.000,2055.000,643.000,1875.000,464.000,360.000,13.440000,336.951339,5.856250
1780301485.713331,,,BOARD_2,3,3,661.000,1789.000,897.000,2265.000,779.000,2027.000,236.000,476.000,26.430000,337.571130,5.159583
1780301485.713331,,,BOARD_2,3,4,245.000,1853.000,481.000,2329.000,363.000,2091.000,236.000,476.000,26.430000,335.675297,4.866250
1780301485.823224,,,BOARD_2,4,0,2243.000,1767.000,2479.000,2243.000,2361.000,2005.000,236.000,476.000,26.430000,344.380066,5.260417
1780301485.879751,,,BOARD_2,1,0,189.000,2181.000,425.000,2657.000,307.000,2419.000,236.000,476.000,26.430000,8.208389,3.362917
1780301485.879751,,,BOARD_2,1,1,301.000,2181.000,537.000,2657.000,419.000,2419.000,236.000,476.000,26.430000,8.718805,3.362917
1780301485.879751,,,BOARD_2,1,2,847.000,2051.000,910.000,2171.000,878.500,2111.000,63.000,120.000,99.000000,10.812881,4.774583
1780301485.879751,,,BOARD_2,1,3,237.000,1669.000,473.000,2145.000,355.000,1907.000,236.000,476.000,26.430000,8.427139,5.709583
1780301485.879751,,,BOARD_2,1,4,477.000,2133.000,713.000,2609.000,595.000,2371.000,236.000,476.000,26.430000,9.520889,3.582917
1780301485.879751,,,BOARD_2,1,5,237.000,1829.000,473.000,2305.000,355.000,2067.000,236.000,476.000,26.430000,8.427139,4.976250
1780301485.879751,,,BOARD_2,1,6,685.000,2037.000,921.000,2513.000,803.000,2275.000,236.000,476.000,26.430000,10.468805,4.022917
1780301485.879751,,,BOARD_2,1,7,631.000,1977.000,879.000,2157.000,755.000,2067.000,248.000,180.000,25.150000,10.250055,4.976250
1780301485.879751,,,BOARD_2,1,8,157.000,2037.000,393.000,2513.000,275.000,2275.000,236.000,476.000,26.430000,8.062555,4.022917
1780301485.879751,,,BOARD_2,1,9,214.000,1787.000,278.000,1907.000,246.000,1847.000,64.000,120.000,97.460000,7.930394,5.984583
1780301485.945964,,,BOARD_2,3,0,1045.000,2210.000,1281.000,2686.000,1163.000,2448.000,236.000,476.000,26.430000,339.321130,3.230000
1780301485.945964,,,BOARD_2,3,1,837.000,1650.000,1073.000,2126.000,955.000,1888.000,236.000,476.000,26.430000,338.373214,5.796667
1780301485.945964,,,BOARD_2,3,2,923.000,1700.000,1387.000,2060.000,1155.000,1880.000,464.000,360.000,13.440000,339.284672,5.833333
1780301485.945964,,,BOARD_2,3,3,1237.000,2178.000,1473.000,2654.000,1355.000,2416.000,236.000,476.000,26.430000,340.196130,3.376667
1780301485.945964,,,BOARD_2,3,4,661.000,1794.000,897.000,2270.000,779.000,2032.000,236.000,476.000,26.430000,337.571130,5.136667
1780301485.945964,,,BOARD_2,3,5,661.000,1682.000,897.000,2158.000,779.000,1920.000,236.000,476.000,26.430000,337.571130,5.650000
1780301485.945964,,,BOARD_2,3,6,677.000,1922.000,913.000,2398.000,795.000,2160.000,236.000,476.000,26.430000,337.644047,4.550000
1780301486.083976,,,BOARD_2,4,0,3537.000,2207.000,3773.000,2683.000,3655.000,2445.000,236.000,476.000,26.430000,350.277201,3.243750
1780301486.083976,,,BOARD_2,4,1,3383.000,1697.000,3847.000,2057.000,3615.000,1877.000,464.000,360.000,13.440000,350.094909,5.847083
1780301486.168002,,,BOARD_2,1,0,310.000,2188.000,546.000,2664.000,428.000,2426.000,236.000,476.000,26.430000,8.759821,3.330833
1780301486.168002,,,BOARD_2,1,1,470.000,2140.000,706.000,2616.000,588.000,2378.000,236.000,476.000,26.430000,9.488988,3.550833
1780301486.168002,,,BOARD_2,1,2,198.000,2188.000,434.000,2664.000,316.000,2426.000,236.000,476.000,26.430000,8.249404,3.330833
1780301486.168002,,,BOARD_2,1,3,860.000,2084.000,900.000,2136.000,880.000,2110.000,40.000,52.000,155.930000,10.819717,4.779167
1780301486.168002,,,BOARD_2,1,4,156.000,1710.000,620.000,2070.000,388.000,1890.000,464.000,360.000,13.440000,8.577529,5.787500
1780301486.168002,,,BOARD_2,1,5,678.000,2044.000,914.000,2520.000,796.000,2282.000,236.000,476.000,26.430000,10.436904,3.990833
1780301486.168002,,,BOARD_2,1,6,246.000,1836.000,482.000,2312.000,364.000,2074.000,236.000,476.000,26.430000,8.468154,4.944167
1780301486.168002,,,BOARD_2,1,7,624.000,1968.000,872.000,2148.000,748.000,2058.000,248.000,180.000,25.150000,10.218154,5.017500
1780301486.297886,,,BOARD_2,3,0,1433.000,2206.000,1669.000,2682.000,1551.000,2444.000,236.000,476.000,26.430000,341.089359,3.248333
1780301486.297886,,,BOARD_2,3,1,1599.000,2176.000,2063.000,2536.000,1831.000,2356.000,464.000,360.000,13.440000,342.365401,3.651667
1780301486.481327,,,BOARD_2,1,0,40.000,2082.000,276.000,2558.000,158.000,2320.000,236.000,476.000,26.430000,7.529352,3.816667
1780301486.481327,,,BOARD_2,1,1,472.000,2130.000,708.000,2606.000,590.000,2368.000,236.000,476.000,26.430000,9.498102,3.596667
1780301486.481327,,,BOARD_2,1,2,296.000,2178.000,532.000,2654.000,414.000,2416.000,236.000,476.000,26.430000,8.696019,3.376667
1780301486.481327,,,BOARD_2,1,3,24.000,1922.000,260.000,2398.000,142.000,2160.000,236.000,476.000,26.430000,7.456435,4.550000
1780301486.481327,,,BOARD_2,1,4,616.000,2178.000,852.000,2654.000,734.000,2416.000,236.000,476.000,26.430000,10.154352,3.376667
1780301486.481327,,,BOARD_2,1,5,232.000,1746.000,468.000,2222.000,350.000,1984.000,236.000,476.000,26.430000,8.404352,5.356667
1780301486.481327,,,BOARD_2,1,6,190.000,1793.000,229.000,1845.000,209.500,1819.000,39.000,52.000,159.930000,7.764053,6.112917
1780301486.481327,,,BOARD_2,1,7,136.000,2034.000,372.000,2510.000,254.000,2272.000,236.000,476.000,26.430000,7.966852,4.036667
1780301486.481327,,,BOARD_2,1,8,89.000,1896.000,153.000,2016.000,121.000,1956.000,64.000,120.000,97.460000,7.360732,5.485000
1780301486.531749,,,BOARD_2,3,0,1441.000,2178.000,1677.000,2654.000,1559.000,2416.000,236.000,476.000,26.430000,341.125818,3.376667
1780301486.531749,,,BOARD_2,3,1,1057.000,2178.000,1293.000,2654.000,1175.000,2416.000,236.000,476.000,26.430000,339.375818,3.376667
1780301486.531749,,,BOARD_2,3,2,1003.000,2310.000,1123.000,2554.000,1063.000,2432.000,120.000,244.000,51.980000,338.865401,3.303333
1780301486.531749,,,BOARD_2,3,3,903.000,1668.000,1367.000,2028.000,1135.000,1848.000,464.000,360.000,13.440000,339.193526,5.980000
1780301486.620938,,,BOARD_2,4,0,3539.000,2207.000,3775.000,2683.000,3657.000,2445.000,236.000,476.000,26.430000,350.286316,3.243750
1780301486.620938,,,BOARD_2,4,1,3491.000,1631.000,3727.000,2107.000,3609.000,1869.000,236.000,476.000,26.430000,350.067566,5.883750
1780301486.687552,,,BOARD_2,3,0,353.000,1633.000,589.000,2109.000,471.000,1871.000,236.000,476.000,26.430000,336.167484,5.874583
1780301486.687552,,,BOARD_2,3,1,177.000,1633.000,413.000,2109.000,295.000,1871.000,236.000,476.000,26.430000,335.365401,5.874583
1780301486.687552,,,BOARD_2,3,2,513.000,1649.000,749.000,2125.000,631.000,1887.000,236.000,476.000,26.430000,336.896651,5.801250
1780301486.687552,,,BOARD_2,3,3,657.000,1889.000,893.000,2365.000,775.000,2127.000,236.000,476.000,26.430000,337.552901,4.701250
1780301486.731816,,,BOARD_2,1,0,192.000,2184.000,428.000,2660.000,310.000,2422.000,236.000,476.000,26.430000,8.222060,3.349167
1780301486.731816,,,BOARD_2,1,1,304.000,2184.000,540.000,2660.000,422.000,2422.000,236.000,476.000,26.430000,8.732477,3.349167
1780301486.731816,,,BOARD_2,1,2,850.000,2046.000,913.000,2166.000,881.500,2106.000,63.000,120.000,99.000000,10.826553,4.797500
1780301486.731816,,,BOARD_2,1,3,464.000,2184.000,700.000,2660.000,582.000,2422.000,236.000,476.000,26.430000,9.461644,3.349167
1780301486.731816,,,BOARD_2,1,4,240.000,1672.000,476.000,2148.000,358.000,1910.000,236.000,476.000,26.430000,8.440810,5.695833
1780301486.731816,,,BOARD_2,1,5,229.000,1808.000,269.000,1859.000,249.000,1833.500,40.000,51.000,155.930000,7.944066,6.046458
1780301486.731816,,,BOARD_2,1,6,240.000,1832.000,476.000,2308.000,358.000,2070.000,236.000,476.000,26.430000,8.440810,4.962500
1780301486.731816,,,BOARD_2,1,7,688.000,2008.000,924.000,2484.000,806.000,2246.000,236.000,476.000,26.430000,10.482477,4.155833
1780301486.731816,,,BOARD_2,1,8,237.000,1920.000,277.000,1972.000,257.000,1946.000,40.000,52.000,155.930000,7.980524,5.530833
1780301486.731816,,,BOARD_2,1,9,714.000,1990.000,778.000,2110.000,746.000,2050.000,64.000,120.000,97.460000,10.209040,5.054167
1780301486.786554,,,BOARD_2,4,0,1563.000,2193.000,1799.000,2669.000,1681.000,2431.000,236.000,476.000,26.430000,341.281107,3.307917
1780301486.786554,,,BOARD_2,4,1,1073.000,1683.000,1537.000,2043.000,1305.000,1863.000,464.000,360.000,13.440000,339.567566,5.911250
1780301486.786554,,,BOARD_2,4,2,1307.000,1729.000,1543.000,2205.000,1425.000,1967.000,236.000,476.000,26.430000,340.114441,5.434583
1780301486.786554,,,BOARD_2,4,3,1419.000,1937.000,1655.000,2413.000,1537.000,2175.000,236.000,476.000,26.430000,340.624857,4.481250
1780301486.863621,,,BOARD_2,1,0,370.000,2207.000,606.000,2683.000,488.000,2445.000,236.000,476.000,26.430000,9.033258,3.243750
1780301486.863621,,,BOARD_2,1,1,306.000,1647.000,542.000,2123.000,424.000,1885.000,236.000,476.000,26.430000,8.741592,5.810417
1780301486.863621,,,BOARD_2,1,2,572.000,2339.000,692.000,2583.000,632.000,2461.000,120.000,244.000,51.980000,9.689508,3.170417
1780301486.863621,,,BOARD_2,1,3,-78.000,1983.000,158.000,2459.000,40.000,2221.000,236.000,476.000,26.430000,6.991592,4.270417
1780301486.863621,,,BOARD_2,1,4,386.000,1871.000,622.000,2347.000,504.000,2109.000,236.000,476.000,26.430000,9.106175,4.783750
1780301486.863621,,,BOARD_2,1,5,50.000,2111.000,286.000,2587.000,168.000,2349.000,236.000,476.000,26.430000,7.574925,3.683750
1780301486.863621,,,BOARD_2,1,6,162.000,2047.000,398.000,2523.000,280.000,2285.000,236.000,476.000,26.430000,8.085342,3.977083
1780301486.863621,,,BOARD_2,1,7,-62.000,2159.000,174.000,2635.000,56.000,2397.000,236.000,476.000,26.430000,7.064508,3.463750
1780301486.863621,,,BOARD_2,1,8,40.000,1697.000,504.000,2057.000,272.000,1877.000,464.000,360.000,13.440000,8.048883,5.847083
1780301486.902522,,,BOARD_2,3,0,1449.000,2207.000,1685.000,2683.000,1567.000,2445.000,236.000,476.000,26.430000,341.162276,3.243750
1780301486.902522,,,BOARD_2,3,1,1599.000,2177.000,2063.000,2537.000,1831.000,2357.000,464.000,360.000,13.440000,342.365401,3.647083
1780301486.925257,,,BOARD_2,4,0,3515.000,2207.000,3751.000,2683.000,3633.000,2445.000,236.000,476.000,26.430000,350.176941,3.243750
1780301486.925257,,,BOARD_2,4,1,3499.000,1631.000,3735.000,2107.000,3617.000,1869.000,236.000,476.000,26.430000,350.104024,5.883750
1780301487.098448,,,BOARD_2,1,0,384.000,1995.000,504.000,2239.000,444.000,2117.000,120.000,244.000,51.980000,8.832738,4.747083
1780301487.098448,,,BOARD_2,1,1,470.000,2135.000,706.000,2611.000,588.000,2373.000,236.000,476.000,26.430000,9.488988,3.573750
1780301487.098448,,,BOARD_2,1,2,326.000,2183.000,562.000,2659.000,444.000,2421.000,236.000,476.000,26.430000,8.832738,3.353750
1780301487.098448,,,BOARD_2,1,3,678.000,2055.000,914.000,2531.000,796.000,2293.000,236.000,476.000,26.430000,10.436904,3.940417
1780301487.098448,,,BOARD_2,1,4,724.000,2023.000,763.000,2074.000,743.500,2048.500,39.000,51.000,159.930000,10.197646,5.061042
1780301487.153117,,,BOARD_2,3,0,1047.000,2209.000,1283.000,2685.000,1165.000,2447.000,236.000,476.000,26.430000,339.330245,3.234583
1780301487.153117,,,BOARD_2,3,1,733.000,1699.000,1197.000,2059.000,965.000,1879.000,464.000,360.000,13.440000,338.418786,5.837917
1780301487.153117,,,BOARD_2,3,2,925.000,1699.000,1389.000,2059.000,1157.000,1879.000,464.000,360.000,13.440000,339.293786,5.837917
1780301487.153117,,,BOARD_2,3,3,663.000,1793.000,899.000,2269.000,781.000,2031.000,236.000,476.000,26.430000,337.580245,5.141250
1780301487.153117,,,BOARD_2,3,4,679.000,1937.000,915.000,2413.000,797.000,2175.000,236.000,476.000,26.430000,337.653161,4.481250
1780301487.196407,,,BOARD_2,4,0,3516.000,2207.000,3752.000,2683.000,3634.000,2445.000,236.000,476.000,26.430000,350.181498,3.243750
1780301487.196407,,,BOARD_2,4,1,3500.000,1631.000,3736.000,2107.000,3618.000,1869.000,236.000,476.000,26.430000,350.108581,5.883750
1780301487.347851,,,BOARD_2,1,0,471.000,2137.000,707.000,2613.000,589.000,2375.000,236.000,476.000,26.430000,9.493545,3.564583
1780301487.347851,,,BOARD_2,1,1,311.000,2185.000,547.000,2661.000,429.000,2423.000,236.000,476.000,26.430000,8.764378,3.344583
1780301487.347851,,,BOARD_2,1,2,199.000,2185.000,435.000,2661.000,317.000,2423.000,236.000,476.000,26.430000,8.253961,3.344583
1780301487.347851,,,BOARD_2,1,3,679.000,2041.000,915.000,2517.000,797.000,2279.000,236.000,476.000,26.430000,10.441461,4.004583
1780301487.347851,,,BOARD_2,1,4,231.000,1833.000,467.000,2309.000,349.000,2071.000,236.000,476.000,26.430000,8.399795,4.957917
1780301487.347851,,,BOARD_2,1,5,769.000,2029.000,1017.000,2209.000,893.000,2119.000,248.000,180.000,25.150000,10.878961,4.737917
1780301487.347851,,,BOARD_2,1,6,725.000,2025.000,764.000,2077.000,744.500,2051.000,39.000,52.000,159.930000,10.202204,5.049583
1780301487.347851,,,BOARD_2,1,7,247.000,1673.000,483.000,2149.000,365.000,1911.000,236.000,476.000,26.430000,8.472711,5.691250
1780301487.347851,,,BOARD_2,1,8,615.000,2185.000,851.000,2661.000,733.000,2423.000,236.000,476.000,26.430000,10.149795,3.344583
1780301487.413021,,,BOARD_2,3,0,1075.000,2208.000,1311.000,2684.000,1193.000,2446.000,236.000,476.000,26.430000,339.457849,3.239167
1780301487.413021,,,BOARD_2,3,1,1043.000,1696.000,1279.000,2172.000,1161.000,1934.000,236.000,476.000,26.430000,339.312016,5.585833
1780301487.413021,,,BOARD_2,3,2,1469.000,2148.000,1589.000,2392.000,1529.000,2270.000,120.000,244.000,51.980000,340.989099,4.045833
1780301487.413021,,,BOARD_2,3,3,1235.000,2176.000,1471.000,2652.000,1353.000,2414.000,236.000,476.000,26.430000,340.187016,3.385833
1780301487.560446,,,BOARD_2,4,0,2345.000,2137.000,2581.000,2613.000,2463.000,2375.000,236.000,476.000,26.430000,344.844909,3.564583
1780301487.560446,,,BOARD_2,4,1,2329.000,1849.000,2565.000,2325.000,2447.000,2087.000,236.000,476.000,26.430000,344.771993,4.884583
1780301487.599165,,,BOARD_2,1,0,1056.000,2070.000,1292.000,2546.000,1174.000,2308.000,236.000,476.000,26.430000,12.159560,3.871667
1780301487.599165,,,BOARD_2,1,1,496.000,2214.000,732.000,2690.000,614.000,2452.000,236.000,476.000,26.430000,9.607477,3.211667
1780301487.599165,,,BOARD_2,1,2,726.000,2022.000,765.000,2073.000,745.500,2047.500,39.000,51.000,159.930000,10.206761,5.065625
1780301487.599165,,,BOARD_2,1,3,688.000,2006.000,924.000,2482.000,806.000,2244.000,236.000,476.000,26.430000,10.482477,4.165000
1780301487.795835,,,BOARD_2,3,0,879.000,1650.000,1115.000,2126.000,997.000,1888.000,236.000,476.000,26.430000,338.564620,5.796667
1780301487.795835,,,BOARD_2,3,1,895.000,1842.000,1131.000,2318.000,1013.000,2080.000,236.000,476.000,26.430000,338.637536,4.916667
1780301487.795835,,,BOARD_2,3,2,1055.000,2210.000,1291.000,2686.000,1173.000,2448.000,236.000,476.000,26.430000,339.366703,3.230000
1780301487.795835,,,BOARD_2,3,3,933.000,1700.000,1397.000,2060.000,1165.000,1880.000,464.000,360.000,13.440000,339.330245,5.833333
1780301487.795835,,,BOARD_2,3,4,879.000,1986.000,1115.000,2462.000,997.000,2224.000,236.000,476.000,26.430000,338.564620,4.256667
1780301487.795835,,,BOARD_2,3,5,1439.000,2210.000,1675.000,2686.000,1557.000,2448.000,236.000,476.000,26.430000,341.116703,3.230000
1780301487.795835,,,BOARD_2,3,6,927.000,2210.000,1163.000,2686.000,1045.000,2448.000,236.000,476.000,26.430000,338.783370,3.230000
1780301487.795835,,,BOARD_2,3,7,1231.000,2178.000,1467.000,2654.000,1349.000,2416.000,236.000,476.000,26.430000,340.168786,3.376667
1780301487.795835,,,BOARD_2,3,8,1407.000,2034.000,1643.000,2510.000,1525.000,2272.000,236.000,476.000,26.430000,340.970870,4.036667
1780301487.927114,,,BOARD_2,4,0,1127.000,1777.000,1363.000,2253.000,1245.000,2015.000,236.000,476.000,26.430000,339.294128,5.214583
1780301487.927114,,,BOARD_2,4,1,1159.000,1665.000,1395.000,2141.000,1277.000,1903.000,236.000,476.000,26.430000,339.439961,5.727917
1780301487.949606,,,BOARD_2,1,0,338.000,2199.000,574.000,2675.000,456.000,2437.000,236.000,476.000,26.430000,8.887425,3.280417
1780301487.949606,,,BOARD_2,1,1,498.000,2151.000,734.000,2627.000,616.000,2389.000,236.000,476.000,26.430000,9.616592,3.500417
1780301487.949606,,,BOARD_2,1,2,18.000,1911.000,254.000,2387.000,136.000,2149.000,236.000,476.000,26.430000,7.429092,4.600417
1780301487.949606,,,BOARD_2,1,3,-78.000,1975.000,158.000,2451.000,40.000,2213.000,236.000,476.000,26.430000,6.991592,4.307083
1780301487.949606,,,BOARD_2,1,4,34.000,2103.000,270.000,2579.000,152.000,2341.000,236.000,476.000,26.430000,7.502008,3.720417
1780301487.949606,,,BOARD_2,1,5,-78.000,2167.000,158.000,2643.000,40.000,2405.000,236.000,476.000,26.430000,6.991592,3.427083
1780301487.949606,,,BOARD_2,1,6,200.000,1689.000,664.000,2049.000,432.000,1869.000,464.000,360.000,13.440000,8.778050,5.883750
1780301487.949606,,,BOARD_2,1,7,146.000,2039.000,382.000,2515.000,264.000,2277.000,236.000,476.000,26.430000,8.012425,4.013750
1780301487.949606,,,BOARD_2,1,8,258.000,1831.000,494.000,2307.000,376.000,2069.000,236.000,476.000,26.430000,8.522842,4.967083
1780301488.037886,,,BOARD_2,3,0,1433.000,2165.000,1669.000,2641.000,1551.000,2403.000,236.000,476.000,26.430000,341.089359,3.436250
1780301488.037886,,,BOARD_2,3,1,1599.000,2167.000,2063.000,2527.000,1831.000,2347.000,464.000,360.000,13.440000,342.365401,3.692917
1780301488.037886,,,BOARD_2,3,2,1465.000,2201.000,1597.000,2293.000,1531.000,2247.000,132.000,92.000,47.250000,340.998214,4.151250
1780301488.066219,,,BOARD_2,4,0,3517.000,2207.000,3753.000,2683.000,3635.000,2445.000,236.000,476.000,26.430000,350.186055,3.243750
1780301488.066219,,,BOARD_2,4,1,3501.000,1631.000,3737.000,2107.000,3619.000,1869.000,236.000,476.000,26.430000,350.113139,5.883750
1780301488.187069,,,BOARD_2,1,0,819.000,2133.000,1055.000,2609.000,937.000,2371.000,236.000,476.000,26.430000,11.079482,3.582917
1780301488.187069,,,BOARD_2,1,1,1059.000,2037.000,1295.000,2513.000,1177.000,2275.000,236.000,476.000,26.430000,12.173232,4.022917
1780301488.187069,,,BOARD_2,1,2,845.000,1945.000,965.000,2189.000,905.000,2067.000,120.000,244.000,51.980000,10.933649,4.976250
1780301488.187069,,,BOARD_2,1,3,979.000,2181.000,1215.000,2657.000,1097.000,2419.000,236.000,476.000,26.430000,11.808649,3.362917
1780301488.187069,,,BOARD_2,1,4,1177.000,1949.000,1217.000,2001.000,1197.000,1975.000,40.000,52.000,155.930000,12.264378,5.397917
1780301488.312760,,,BOARD_2,3,0,1053.000,2210.000,1289.000,2686.000,1171.000,2448.000,236.000,476.000,26.430000,339.357589,3.230000
1780301488.312760,,,BOARD_2,3,1,1437.000,2210.000,1673.000,2686.000,1555.000,2448.000,236.000,476.000,26.430000,341.107589,3.230000
1780301488.312760,,,BOARD_2,3,2,877.000,1650.000,1113.000,2126.000,995.000,1888.000,236.000,476.000,26.430000,338.555505,5.796667
1780301488.312760,,,BOARD_2,3,3,893.000,1842.000,1129.000,2318.000,1011.000,2080.000,236.000,476.000,26.430000,338.628422,4.916667
1780301488.312760,,,BOARD_2,3,4,931.000,1700.000,1395.000,2060.000,1163.000,1880.000,464.000,360.000,13.440000,339.321130,5.833333
1780301488.312760,,,BOARD_2,3,5,877.000,1986.000,1113.000,2462.000,995.000,2224.000,236.000,476.000,26.430000,338.555505,4.256667
1780301488.312760,,,BOARD_2,3,6,1245.000,2178.000,1481.000,2654.000,1363.000,2416.000,236.000,476.000,26.430000,340.232589,3.376667
1780301488.312760,,,BOARD_2,3,7,925.000,2210.000,1161.000,2686.000,1043.000,2448.000,236.000,476.000,26.430000,338.774255,3.230000
1780301488.418586,,,BOARD_2,4,0,1129.000,1792.000,1365.000,2268.000,1247.000,2030.000,236.000,476.000,26.430000,339.303243,5.145833
1780301488.418586,,,BOARD_2,4,1,1161.000,1632.000,1397.000,2108.000,1279.000,1870.000,236.000,476.000,26.430000,339.449076,5.879167
1780301488.418586,,,BOARD_2,4,2,745.000,1776.000,981.000,2252.000,863.000,2014.000,236.000,476.000,26.430000,337.553243,5.219167
1780301488.447045,,,BOARD_2,1,0,354.000,2201.000,590.000,2677.000,472.000,2439.000,236.000,476.000,26.430000,8.960342,3.271250
1780301488.447045,,,BOARD_2,1,1,-78.000,1977.000,158.000,2453.000,40.000,2215.000,236.000,476.000,26.430000,6.991592,4.297917
1780301488.447045,,,BOARD_2,1,2,514.000,2153.000,750.000,2629.000,632.000,2391.000,236.000,476.000,26.430000,9.689508,3.491250
1780301488.447045,,,BOARD_2,1,3,-78.000,2201.000,158.000,2677.000,40.000,2439.000,236.000,476.000,26.430000,6.991592,3.271250
1780301488.447045,,,BOARD_2,1,4,290.000,1625.000,526.000,2101.000,408.000,1863.000,236.000,476.000,26.430000,8.668675,5.911250
1780301488.447045,,,BOARD_2,1,5,18.000,1913.000,254.000,2389.000,136.000,2151.000,236.000,476.000,26.430000,7.429092,4.591250
1780301488.447045,,,BOARD_2,1,6,162.000,2057.000,398.000,2533.000,280.000,2295.000,236.000,476.000,26.430000,8.085342,3.931250
1780301488.447045,,,BOARD_2,1,7,274.000,1833.000,510.000,2309.000,392.000,2071.000,236.000,476.000,26.430000,8.595758,4.957917
1780301488.447045,,,BOARD_2,1,8,34.000,2105.000,270.000,2581.000,152.000,2343.000,236.000,476.000,26.430000,7.502008,3.711250
1780301488.567165,,,BOARD_2,3,0,355.000,1633.000,591.000,2109.000,473.000,1871.000,236.000,476.000,26.430000,336.176599,5.874583
1780301488.567165,,,BOARD_2,3,1,771.000,1857.000,1007.000,2333.000,889.000,2095.000,236.000,476.000,26.430000,338.072432,4.847917
1780301488.567165,,,BOARD_2,3,2,425.000,1699.000,889.000,2059.000,657.000,1879.000,464.000,360.000,13.440000,337.015141,5.837917
1780301488.567165,,,BOARD_2,3,3,659.000,1777.000,895.000,2253.000,777.000,2015.000,236.000,476.000,26.430000,337.562016,5.214583
1780301488.567165,,,BOARD_2,3,4,659.000,1937.000,895.000,2413.000,777.000,2175.000,236.000,476.000,26.430000,337.562016,4.481250
1780301488.682031,,,BOARD_2,4,0,1287.000,1794.000,1523.000,2270.000,1405.000,2032.000,236.000,476.000,26.430000,340.023295,5.136667
1780301488.682031,,,BOARD_2,4,1,1181.000,1700.000,1645.000,2060.000,1413.000,1880.000,464.000,360.000,13.440000,340.059753,5.833333
1780301488.682031,,,BOARD_2,4,2,1559.000,2210.000,1795.000,2686.000,1677.000,2448.000,236.000,476.000,26.430000,341.262878,3.230000
1780301488.682031,,,BOARD_2,4,3,1199.000,1814.000,1331.000,1906.000,1265.000,1860.000,132.000,92.000,47.250000,339.385274,5.925000
1780301488.682031,,,BOARD_2,4,4,1127.000,1778.000,1363.000,2254.000,1245.000,2016.000,236.000,476.000,26.430000,339.294128,5.210000
1780301488.704176,,,BOARD_2,1,0,941.000,2210.000,1177.000,2686.000,1059.000,2448.000,236.000,476.000,26.430000,11.635472,3.230000
1780301488.704176,,,BOARD_2,1,1,477.000,2162.000,713.000,2638.000,595.000,2400.000,236.000,476.000,26.430000,9.520889,3.450000
1780301488.704176,,,BOARD_2,1,2,627.000,1700.000,1091.000,2060.000,859.000,1880.000,464.000,360.000,13.440000,10.724014,5.833333
1780301488.704176,,,BOARD_2,1,3,925.000,2018.000,1161.000,2494.000,1043.000,2256.000,236.000,476.000,26.430000,11.562555,4.110000
1780301488.819602,,,BOARD_2,3,0,347.000,1634.000,583.000,2110.000,465.000,1872.000,236.000,476.000,26.430000,336.140141,5.870000
1780301488.819602,,,BOARD_2,3,1,507.000,1650.000,743.000,2126.000,625.000,1888.000,236.000,476.000,26.430000,336.869307,5.796667
1780301488.819602,,,BOARD_2,3,2,33.000,1700.000,497.000,2060.000,265.000,1880.000,464.000,360.000,13.440000,335.228682,5.833333
1780301488.819602,,,BOARD_2,3,3,491.000,1858.000,727.000,2334.000,609.000,2096.000,236.000,476.000,26.430000,336.796391,4.843333
1780301488.929677,,,BOARD_2,4,0,723.000,1775.000,959.000,2251.000,841.000,2013.000,236.000,476.000,26.430000,337.452982,5.223750
1780301488.929677,,,BOARD_2,4,1,515.000,2079.000,751.000,2555.000,633.000,2317.000,236.000,476.000,26.430000,336.505066,3.830417
1780301488.929677,,,BOARD_2,4,2,169.000,2305.000,633.000,2665.000,401.000,2485.000,464.000,360.000,13.440000,335.447774,3.060417
1780301489.081825,,,BOARD_2,3,0,1052.000,2209.000,1288.000,2685.000,1170.000,2447.000,236.000,476.000,26.430000,339.353031,3.234583
1780301489.081825,,,BOARD_2,3,1,1452.000,2209.000,1688.000,2685.000,1570.000,2447.000,236.000,476.000,26.430000,341.175948,3.234583
1780301489.081825,,,BOARD_2,3,2,1030.000,2399.000,1094.000,2519.000,1062.000,2459.000,64.000,120.000,97.460000,338.860844,3.179583
1780301489.081825,,,BOARD_2,3,3,1244.000,2177.000,1480.000,2653.000,1362.000,2415.000,236.000,476.000,26.430000,340.228031,3.381250
1780301489.081825,,,BOARD_2,3,4,946.000,1699.000,1410.000,2059.000,1178.000,1879.000,464.000,360.000,13.440000,339.389490,5.837917
1780301489.081825,,,BOARD_2,3,5,1004.000,1761.000,1240.000,2237.000,1122.000,1999.000,236.000,476.000,26.430000,339.134281,5.287917
1780301489.088523,,,BOARD_2,1,0,304.000,2181.000,540.000,2657.000,422.000,2419.000,236.000,476.000,26.430000,8.732477,3.362917
1780301489.088523,,,BOARD_2,1,1,192.000,2181.000,428.000,2657.000,310.000,2419.000,236.000,476.000,26.430000,8.222060,3.362917
1780301489.088523,,,BOARD_2,1,2,464.000,2181.000,700.000,2657.000,582.000,2419.000,236.000,476.000,26.430000,9.461644,3.362917
1780301489.088523,,,BOARD_2,1,3,850.000,2043.000,913.000,2163.000,881.500,2103.000,63.000,120.000,99.000000,10.826553,4.811250
1780301489.088523,,,BOARD_2,1,4,688.000,2005.000,924.000,2481.000,806.000,2243.000,236.000,476.000,26.430000,10.482477,4.169583
1780301489.088523,,,BOARD_2,1,5,217.000,1827.000,281.000,1947.000,249.000,1887.000,64.000,120.000,97.460000,7.944066,5.801250
1780301489.088523,,,BOARD_2,1,6,240.000,1669.000,476.000,2145.000,358.000,1907.000,236.000,476.000,26.430000,8.440810,5.709583
1780301489.088523,,,BOARD_2,1,7,240.000,1829.000,476.000,2305.000,358.000,2067.000,236.000,476.000,26.430000,8.440810,4.976250
1780301489.088523,,,BOARD_2,1,8,272.000,1925.000,508.000,2401.000,390.000,2163.000,236.000,476.000,26.430000,8.586644,4.536250
1780301489.170066,,,BOARD_2,4,0,3597.000,1641.000,3833.000,2117.000,3715.000,1879.000,236.000,476.000,26.430000,350.550639,5.837917
1780301489.170066,,,BOARD_2,4,1,3917.000,1813.000,4049.000,1905.000,3983.000,1859.000,132.000,92.000,47.250000,351.771993,5.929583
1780301489.170066,,,BOARD_2,4,2,3219.000,2267.000,3683.000,2627.000,3451.000,2447.000,464.000,360.000,13.440000,349.347514,3.234583
1780301489.330784,,,BOARD_2,1,0,466.000,2076.000,702.000,2552.000,584.000,2314.000,236.000,476.000,26.430000,9.470758,3.844167
1780301489.330784,,,BOARD_2,1,1,482.000,1756.000,718.000,2232.000,600.000,1994.000,236.000,476.000,26.430000,9.543675,5.310833
1780301489.330784,,,BOARD_2,1,2,354.000,1964.000,590.000,2440.000,472.000,2202.000,236.000,476.000,26.430000,8.960342,4.357500
1780301489.330784,,,BOARD_2,1,3,-62.000,2076.000,174.000,2552.000,56.000,2314.000,236.000,476.000,26.430000,7.064508,3.844167
1780301489.330784,,,BOARD_2,1,4,114.000,1916.000,350.000,2392.000,232.000,2154.000,236.000,476.000,26.430000,7.866592,4.577500
1780301489.330784,,,BOARD_2,1,5,306.000,1788.000,542.000,2264.000,424.000,2026.000,236.000,476.000,26.430000,8.741592,5.164167
1780301489.330784,,,BOARD_2,1,6,-46.000,1916.000,190.000,2392.000,72.000,2154.000,236.000,476.000,26.430000,7.137425,4.577500
1780301489.330784,,,BOARD_2,1,7,84.000,1746.000,148.000,1866.000,116.000,1806.000,64.000,120.000,97.460000,7.337946,6.172500
1780301489.330784,,,BOARD_2,1,8,34.000,1676.000,270.000,2152.000,152.000,1914.000,236.000,476.000,26.430000,7.502008,5.677500
1780301489.330784,,,BOARD_2,1,9,338.000,1580.000,574.000,2056.000,456.000,1818.000,236.000,476.000,26.430000,8.887425,6.117500
1780301489.330784,,,BOARD_2,1,10,146.000,2076.000,382.000,2552.000,264.000,2314.000,236.000,476.000,26.430000,8.012425,3.844167
1780301489.370975,,,BOARD_2,3,0,418.000,1633.000,654.000,2109.000,536.000,1871.000,236.000,476.000,26.430000,336.463708,5.874583
1780301489.370975,,,BOARD_2,3,1,514.000,1873.000,750.000,2349.000,632.000,2111.000,236.000,476.000,26.430000,336.901208,4.774583
1780301489.370975,,,BOARD_2,3,2,482.000,2097.000,718.000,2573.000,600.000,2335.000,236.000,476.000,26.430000,336.755375,3.747917
1780301489.370975,,,BOARD_2,3,3,104.000,1699.000,568.000,2059.000,336.000,1879.000,464.000,360.000,13.440000,335.552250,5.837917
1780301489.370975,,,BOARD_2,3,4,354.000,1985.000,590.000,2461.000,472.000,2223.000,236.000,476.000,26.430000,336.172042,4.261250
1780301489.426621,,,BOARD_2,4,0,2321.000,1771.000,2557.000,2247.000,2439.000,2009.000,236.000,476.000,26.430000,344.735534,5.242083
1780301489.486380,,,BOARD_2,1,0,1054.000,2056.000,1290.000,2532.000,1172.000,2294.000,236.000,476.000,26.430000,12.150446,3.935833
1780301489.486380,,,BOARD_2,1,1,974.000,2216.000,1210.000,2692.000,1092.000,2454.000,236.000,476.000,26.430000,11.785863,3.202500
1780301489.486380,,,BOARD_2,1,2,494.000,2216.000,730.000,2692.000,612.000,2454.000,236.000,476.000,26.430000,9.598363,3.202500
1780301489.486380,,,BOARD_2,1,3,724.000,2024.000,763.000,2076.000,743.500,2050.000,39.000,52.000,159.930000,10.197646,5.054167
1780301489.486380,,,BOARD_2,1,4,830.000,2200.000,1066.000,2676.000,948.000,2438.000,236.000,476.000,26.430000,11.129613,3.275833
1780301489.486380,,,BOARD_2,1,5,628.000,1690.000,1092.000,2050.000,860.000,1870.000,464.000,360.000,13.440000,10.728571,5.879167
1780301489.582749,,,BOARD_2,3,0,921.000,2210.000,1157.000,2686.000,1039.000,2448.000,236.000,476.000,26.430000,338.756026,3.230000
1780301489.582749,,,BOARD_2,3,1,1433.000,2210.000,1669.000,2686.000,1551.000,2448.000,236.000,476.000,26.430000,341.089359,3.230000
1780301489.582749,,,BOARD_2,3,2,1241.000,2178.000,1477.000,2654.000,1359.000,2416.000,236.000,476.000,26.430000,340.214359,3.376667
1780301489.582749,,,BOARD_2,3,3,943.000,1700.000,1407.000,2060.000,1175.000,1880.000,464.000,360.000,13.440000,339.375818,5.833333
1780301489.582749,,,BOARD_2,3,4,1049.000,2210.000,1285.000,2686.000,1167.000,2448.000,236.000,476.000,26.430000,339.339359,3.230000
1780301489.582749,,,BOARD_2,3,5,889.000,1650.000,1125.000,2126.000,1007.000,1888.000,236.000,476.000,26.430000,338.610193,5.796667
1780301489.582749,,,BOARD_2,3,6,963.000,2144.000,1027.000,2264.000,995.000,2204.000,64.000,120.000,97.460000,338.555505,4.348333
1780301489.582749,,,BOARD_2,3,7,905.000,1842.000,1141.000,2318.000,1023.000,2080.000,236.000,476.000,26.430000,338.683109,4.916667
1780301489.647693,,,BOARD_2,4,0,3707.000,1699.000,4171.000,2059.000,3939.000,1879.000,464.000,360.000,13.440000,351.571472,5.837917
1780301489.647693,,,BOARD_2,4,1,3973.000,1633.000,4209.000,2109.000,4091.000,1871.000,236.000,476.000,26.430000,352.264180,5.874583
1780301489.647693,,,BOARD_2,4,2,3515.000,1699.000,3979.000,2059.000,3747.000,1879.000,464.000,360.000,13.440000,350.696472,5.837917
1780301489.747138,,,BOARD_2,1,0,482.000,2205.000,718.000,2681.000,600.000,2443.000,236.000,476.000,26.430000,9.543675,3.252917
1780301489.747138,,,BOARD_2,1,1,-62.000,1965.000,174.000,2441.000,56.000,2203.000,236.000,476.000,26.430000,7.064508,4.352917
1780301489.747138,,,BOARD_2,1,2,-62.000,2157.000,174.000,2633.000,56.000,2395.000,236.000,476.000,26.430000,7.064508,3.472917
1780301489.747138,,,BOARD_2,1,3,226.000,2061.000,462.000,2537.000,344.000,2299.000,236.000,476.000,26.430000,8.377008,3.912917
1780301489.747138,,,BOARD_2,1,4,530.000,2057.000,662.000,2149.000,596.000,2103.000,132.000,92.000,47.250000,9.525446,4.811250
1780301489.747138,,,BOARD_2,1,5,296.000,1727.000,760.000,2087.000,528.000,1907.000,464.000,360.000,13.440000,9.215550,5.709583
1780301489.747138,,,BOARD_2,1,6,50.000,1901.000,286.000,2377.000,168.000,2139.000,236.000,476.000,26.430000,7.574925,4.646250
1780301489.747138,,,BOARD_2,1,7,66.000,2205.000,302.000,2681.000,184.000,2443.000,236.000,476.000,26.430000,7.647842,3.252917
1780301489.747138,,,BOARD_2,1,8,-88.000,1695.000,376.000,2055.000,144.000,1875.000,464.000,360.000,13.440000,7.465550,5.856250
1780301489.747138,,,BOARD_2,1,9,306.000,2205.000,542.000,2681.000,424.000,2443.000,236.000,476.000,26.430000,8.741592,3.252917
1780301489.947661,,,BOARD_2,3,0,921.000,2210.000,1157.000,2686.000,1039.000,2448.000,236.000,476.000,26.430000,338.756026,3.230000
1780301489.947661,,,BOARD_2,3,1,1049.000,2210.000,1285.000,2686.000,1167.000,2448.000,236.000,476.000,26.430000,339.339359,3.230000
1780301489.947661,,,BOARD_2,3,2,889.000,1842.000,1125.000,2318.000,1007.000,2080.000,236.000,476.000,26.430000,338.610193,4.916667
1780301489.947661,,,BOARD_2,3,3,985.000,1634.000,1221.000,2110.000,1103.000,1872.000,236.000,476.000,26.430000,339.047693,5.870000
1780301489.947661,,,BOARD_2,3,4,1241.000,2178.000,1477.000,2654.000,1359.000,2416.000,236.000,476.000,26.430000,340.214359,3.376667
1780301489.947661,,,BOARD_2,3,5,963.000,2168.000,1027.000,2288.000,995.000,2228.000,64.000,120.000,97.460000,338.555505,4.238333
1780301489.947661,,,BOARD_2,3,6,1433.000,2210.000,1669.000,2686.000,1551.000,2448.000,236.000,476.000,26.430000,341.089359,3.230000
1780301490.007733,,,BOARD_2,1,0,258.000,2021.000,494.000,2497.000,376.000,2259.000,236.000,476.000,26.430000,8.522842,4.096250
1780301490.007733,,,BOARD_2,1,1,482.000,2165.000,718.000,2641.000,600.000,2403.000,236.000,476.000,26.430000,9.543675,3.436250
1780301490.007733,,,BOARD_2,1,2,-62.000,1957.000,174.000,2433.000,56.000,2195.000,236.000,476.000,26.430000,7.064508,4.389583
1780301490.007733,,,BOARD_2,1,3,616.000,2205.000,656.000,2257.000,636.000,2231.000,40.000,52.000,155.930000,9.707738,4.224583
1780301490.007733,,,BOARD_2,1,4,498.000,1605.000,734.000,2081.000,616.000,1843.000,236.000,476.000,26.430000,9.616592,6.002917
1780301490.007733,,,BOARD_2,1,5,66.000,1941.000,302.000,2417.000,184.000,2179.000,236.000,476.000,26.430000,7.647842,4.462917
1780301490.007733,,,BOARD_2,1,6,82.000,2165.000,318.000,2641.000,200.000,2403.000,236.000,476.000,26.430000,7.720758,3.436250
1780301490.007733,,,BOARD_2,1,7,-62.000,2149.000,174.000,2625.000,56.000,2387.000,236.000,476.000,26.430000,7.064508,3.509583
1780301490.007733,,,BOARD_2,1,8,370.000,1765.000,606.000,2241.000,488.000,2003.000,236.000,476.000,26.430000,9.033258,5.269583
1780301490.007733,,,BOARD_2,1,9,226.000,1797.000,462.000,2273.000,344.000,2035.000,236.000,476.000,26.430000,8.377008,5.122917
1780301490.026266,,,BOARD_2,4,0,3547.000,2205.000,3783.000,2681.000,3665.000,2443.000,236.000,476.000,26.430000,350.322774,3.252917
1780301490.026266,,,BOARD_2,4,1,3499.000,1629.000,3735.000,2105.000,3617.000,1867.000,236.000,476.000,26.430000,350.104024,5.892917
1780301490.075107,,,BOARD_2,3,0,386.000,1643.000,622.000,2119.000,504.000,1881.000,236.000,476.000,26.430000,336.317875,5.828750
1780301490.075107,,,BOARD_2,3,1,482.000,1963.000,718.000,2439.000,600.000,2201.000,236.000,476.000,26.430000,336.755375,4.362083
1780301490.075107,,,BOARD_2,3,2,72.000,1693.000,536.000,2053.000,304.000,1873.000,464.000,360.000,13.440000,335.406417,5.865417
1780301490.075107,,,BOARD_2,3,3,2.000,1867.000,238.000,2343.000,120.000,2105.000,236.000,476.000,26.430000,334.567875,4.802083
1780301490.075107,,,BOARD_2,3,4,392.000,1789.000,856.000,2149.000,624.000,1969.000,464.000,360.000,13.440000,336.864750,5.425417
1780301490.162590,,,BOARD_2,4,0,2333.000,1849.000,2569.000,2325.000,2451.000,2087.000,236.000,476.000,26.430000,344.790222,4.884583
1780301490.250531,,,BOARD_2,1,0,309.000,2179.000,545.000,2655.000,427.000,2417.000,236.000,476.000,26.430000,8.755264,3.372083
1780301490.250531,,,BOARD_2,1,1,197.000,2179.000,433.000,2655.000,315.000,2417.000,236.000,476.000,26.430000,8.244847,3.372083
1780301490.250531,,,BOARD_2,1,2,469.000,2131.000,705.000,2607.000,587.000,2369.000,236.000,476.000,26.430000,9.484430,3.592083
1780301490.250531,,,BOARD_2,1,3,245.000,1667.000,481.000,2143.000,363.000,1905.000,236.000,476.000,26.430000,8.463597,5.718750
1780301490.250531,,,BOARD_2,1,4,357.000,2055.000,489.000,2147.000,423.000,2101.000,132.000,92.000,47.250000,8.737034,4.820417
1780301490.250531,,,BOARD_2,1,5,677.000,2051.000,913.000,2527.000,795.000,2289.000,236.000,476.000,26.430000,10.432347,3.958750
1780301490.250531,,,BOARD_2,1,6,859.000,2083.000,899.000,2135.000,879.000,2109.000,40.000,52.000,155.930000,10.815159,4.783750
1780301490.420795,,,BOARD_2,3,0,356.000,1642.000,592.000,2118.000,474.000,1880.000,236.000,476.000,26.430000,336.181156,5.833333
1780301490.420795,,,BOARD_2,3,1,788.000,1866.000,1024.000,2342.000,906.000,2104.000,236.000,476.000,26.430000,338.149906,4.806667
1780301490.420795,,,BOARD_2,3,2,660.000,1786.000,896.000,2262.000,778.000,2024.000,236.000,476.000,26.430000,337.566573,5.173333
1780301490.420795,,,BOARD_2,3,3,308.000,1978.000,544.000,2454.000,426.000,2216.000,236.000,476.000,26.430000,335.962406,4.293333
1780301490.536094,,,BOARD_2,4,0,3565.000,1629.000,3801.000,2105.000,3683.000,1867.000,236.000,476.000,26.430000,350.404805,5.892917
1780301490.536094,,,BOARD_2,4,1,3219.000,2303.000,3683.000,2663.000,3451.000,2483.000,464.000,360.000,13.440000,349.347514,3.069583
1780301490.536094,,,BOARD_2,4,2,3821.000,1629.000,4057.000,2105.000,3939.000,1867.000,236.000,476.000,26.430000,351.571472,5.892917
1780301490.619034,,,BOARD_2,1,0,354.000,2185.000,590.000,2661.000,472.000,2423.000,236.000,476.000,26.430000,8.960342,3.344583
1780301490.619034,,,BOARD_2,1,1,-78.000,1977.000,158.000,2453.000,40.000,2215.000,236.000,476.000,26.430000,6.991592,4.297917
1780301490.619034,,,BOARD_2,1,2,274.000,1833.000,510.000,2309.000,392.000,2071.000,236.000,476.000,26.430000,8.595758,4.957917
1780301490.619034,,,BOARD_2,1,3,514.000,2137.000,750.000,2613.000,632.000,2375.000,236.000,476.000,26.430000,9.689508,3.564583
1780301490.619034,,,BOARD_2,1,4,18.000,1897.000,254.000,2373.000,136.000,2135.000,236.000,476.000,26.430000,7.429092,4.664583
1780301490.619034,,,BOARD_2,1,5,-78.000,2185.000,158.000,2661.000,40.000,2423.000,236.000,476.000,26.430000,6.991592,3.344583
1780301490.619034,,,BOARD_2,1,6,290.000,1673.000,526.000,2149.000,408.000,1911.000,236.000,476.000,26.430000,8.668675,5.691250
1780301490.619034,,,BOARD_2,1,7,34.000,2089.000,270.000,2565.000,152.000,2327.000,236.000,476.000,26.430000,7.502008,3.784583
1780301490.619034,,,BOARD_2,1,8,162.000,2073.000,398.000,2549.000,280.000,2311.000,236.000,476.000,26.430000,8.085342,3.857917
1780301490.707222,,,BOARD_2,3,0,1053.000,2209.000,1289.000,2685.000,1171.000,2447.000,236.000,476.000,26.430000,339.357589,3.234583
1780301490.707222,,,BOARD_2,3,1,845.000,1649.000,1081.000,2125.000,963.000,1887.000,236.000,476.000,26.430000,338.409672,5.801250
1780301490.707222,,,BOARD_2,3,2,947.000,1699.000,1411.000,2059.000,1179.000,1879.000,464.000,360.000,13.440000,339.394047,5.837917
1780301490.707222,,,BOARD_2,3,3,670.000,2263.000,734.000,2383.000,702.000,2323.000,64.000,120.000,97.460000,337.220219,3.802917
1780301490.707222,,,BOARD_2,3,4,1295.000,2383.000,1358.000,2503.000,1326.500,2443.000,63.000,120.000,99.000000,340.066247,3.252917
1780301490.707222,,,BOARD_2,3,5,669.000,1937.000,905.000,2413.000,787.000,2175.000,236.000,476.000,26.430000,337.607589,4.481250
1780301490.811180,,,BOARD_2,4,0,2260.000,1769.000,2496.000,2245.000,2378.000,2007.000,236.000,476.000,26.430000,344.457540,5.251250
1780301490.876497,,,BOARD_2,1,0,471.000,2135.000,707.000,2611.000,589.000,2373.000,236.000,476.000,26.430000,9.493545,3.573750
1780301490.876497,,,BOARD_2,1,1,311.000,2183.000,547.000,2659.000,429.000,2421.000,236.000,476.000,26.430000,8.764378,3.353750
1780301490.876497,,,BOARD_2,1,2,199.000,2183.000,435.000,2659.000,317.000,2421.000,236.000,476.000,26.430000,8.253961,3.353750
1780301490.876497,,,BOARD_2,1,3,247.000,1671.000,483.000,2147.000,365.000,1909.000,236.000,476.000,26.430000,8.472711,5.700417
1780301490.876497,,,BOARD_2,1,4,247.000,1831.000,483.000,2307.000,365.000,2069.000,236.000,476.000,26.430000,8.472711,4.967083
1780301490.876497,,,BOARD_2,1,5,711.000,2183.000,947.000,2659.000,829.000,2421.000,236.000,476.000,26.430000,10.587295,3.353750
1780301490.876497,,,BOARD_2,1,6,713.000,1989.000,777.000,2109.000,745.000,2049.000,64.000,120.000,97.460000,10.204482,5.058750
1780301490.876497,,,BOARD_2,1,7,183.000,1927.000,419.000,2403.000,301.000,2165.000,236.000,476.000,26.430000,8.181045,4.527083
1780301490.982835,,,BOARD_2,3,0,1055.000,2208.000,1291.000,2684.000,1173.000,2446.000,236.000,476.000,26.430000,339.366703,3.239167
1780301490.982835,,,BOARD_2,3,1,1439.000,2208.000,1675.000,2684.000,1557.000,2446.000,236.000,476.000,26.430000,341.116703,3.239167
1780301490.982835,,,BOARD_2,3,2,933.000,1698.000,1397.000,2058.000,1165.000,1878.000,464.000,360.000,13.440000,339.330245,5.842500
1780301490.982835,,,BOARD_2,3,3,943.000,2224.000,1179.000,2700.000,1061.000,2462.000,236.000,476.000,26.430000,338.856286,3.165833
1780301490.982835,,,BOARD_2,3,4,1247.000,2176.000,1483.000,2652.000,1365.000,2414.000,236.000,476.000,26.430000,340.241703,3.385833
1780301491.064895,,,BOARD_2,4,0,853.000,1856.000,917.000,1976.000,885.000,1916.000,64.000,120.000,97.460000,337.653503,5.668333
1780301491.064895,,,BOARD_2,4,1,515.000,2050.000,751.000,2526.000,633.000,2288.000,236.000,476.000,26.430000,336.505066,3.963333
1780301491.064895,,,BOARD_2,4,2,276.000,1944.000,340.000,2064.000,308.000,2004.000,64.000,120.000,97.460000,335.023946,5.265000
1780301491.064895,,,BOARD_2,4,3,276.000,2200.000,340.000,2320.000,308.000,2260.000,64.000,120.000,97.460000,335.023946,4.091667
1780301491.064895,,,BOARD_2,4,4,691.000,2146.000,927.000,2622.000,809.000,2384.000,236.000,476.000,26.430000,337.307149,3.523333
1780301491.265547,,,BOARD_2,1,0,228.000,1682.000,464.000,2158.000,346.000,1920.000,236.000,476.000,26.430000,8.386123,5.650000
1780301491.265547,,,BOARD_2,1,1,430.000,1974.000,678.000,2154.000,554.000,2064.000,248.000,180.000,25.150000,9.334040,4.990000
1780301491.265547,,,BOARD_2,1,2,36.000,1810.000,272.000,2286.000,154.000,2048.000,236.000,476.000,26.430000,7.511123,5.063333
1780301491.265547,,,BOARD_2,1,3,37.000,1728.000,101.000,1848.000,69.000,1788.000,64.000,120.000,97.460000,7.123753,6.255000
1780301491.265547,,,BOARD_2,1,4,210.000,1674.000,249.000,1726.000,229.500,1700.000,39.000,52.000,159.930000,7.855198,6.658333
1780301491.265547,,,BOARD_2,1,5,44.000,1854.000,176.000,1946.000,110.000,1900.000,132.000,92.000,47.250000,7.310602,5.741667
1780301491.265547,,,BOARD_2,1,6,390.000,1928.000,454.000,2048.000,422.000,1988.000,64.000,120.000,97.460000,8.732477,5.338333
1780301491.348733,,,BOARD_2,3,0,1056.000,2208.000,1292.000,2684.000,1174.000,2446.000,236.000,476.000,26.430000,339.371260,3.239167
1780301491.348733,,,BOARD_2,3,1,1034.000,2398.000,1098.000,2518.000,1066.000,2458.000,64.000,120.000,97.460000,338.879073,3.184167
1780301491.348733,,,BOARD_2,3,2,1440.000,2208.000,1676.000,2684.000,1558.000,2446.000,236.000,476.000,26.430000,341.121260,3.239167
1780301491.348733,,,BOARD_2,3,3,950.000,1698.000,1414.000,2058.000,1182.000,1878.000,464.000,360.000,13.440000,339.407719,5.842500
1780301491.348733,,,BOARD_2,3,4,1248.000,2176.000,1484.000,2652.000,1366.000,2414.000,236.000,476.000,26.430000,340.246260,3.385833
1780301491.348733,,,BOARD_2,3,5,1408.000,2032.000,1644.000,2508.000,1526.000,2270.000,236.000,476.000,26.430000,340.975427,4.045833
1780301491.348733,,,BOARD_2,3,6,1008.000,1744.000,1244.000,2220.000,1126.000,1982.000,236.000,476.000,26.430000,339.152510,5.365833
1780301491.444114,,,BOARD_2,4,0,3548.000,2204.000,3784.000,2680.000,3666.000,2442.000,236.000,476.000,26.430000,350.327331,3.257500
1780301491.444114,,,BOARD_2,4,1,3500.000,1628.000,3736.000,2104.000,3618.000,1866.000,236.000,476.000,26.430000,350.108581,5.897500
1780301491.510159,,,BOARD_2,1,0,370.000,2195.000,606.000,2671.000,488.000,2433.000,236.000,476.000,26.430000,9.033258,3.298750
1780301491.510159,,,BOARD_2,1,1,-78.000,1971.000,158.000,2447.000,40.000,2209.000,236.000,476.000,26.430000,6.991592,4.325417
1780301491.510159,,,BOARD_2,1,2,-78.000,2195.000,158.000,2671.000,40.000,2433.000,236.000,476.000,26.430000,6.991592,3.298750
1780301491.510159,,,BOARD_2,1,3,290.000,1827.000,526.000,2303.000,408.000,2065.000,236.000,476.000,26.430000,8.668675,4.985417
1780301491.510159,,,BOARD_2,1,4,50.000,2099.000,286.000,2575.000,168.000,2337.000,236.000,476.000,26.430000,7.574925,3.738750
1780301491.510159,,,BOARD_2,1,5,162.000,2035.000,398.000,2511.000,280.000,2273.000,236.000,476.000,26.430000,8.085342,4.032083
1780301491.510159,,,BOARD_2,1,6,200.000,1717.000,664.000,2077.000,432.000,1897.000,464.000,360.000,13.440000,8.778050,5.755417
1780301491.510159,,,BOARD_2,1,7,612.000,2393.000,675.000,2512.000,643.500,2452.500,63.000,119.000,99.000000,9.741917,3.209375
1780301491.606048,,,BOARD_2,3,0,1056.000,2209.000,1292.000,2685.000,1174.000,2447.000,236.000,476.000,26.430000,339.371260,3.234583
1780301491.606048,,,BOARD_2,3,1,1456.000,2209.000,1692.000,2685.000,1574.000,2447.000,236.000,476.000,26.430000,341.194177,3.234583
1780301491.606048,,,BOARD_2,3,2,950.000,1699.000,1414.000,2059.000,1182.000,1879.000,464.000,360.000,13.440000,339.407719,5.837917
1780301491.606048,,,BOARD_2,3,3,1248.000,2177.000,1484.000,2653.000,1366.000,2415.000,236.000,476.000,26.430000,340.246260,3.381250
1780301491.606048,,,BOARD_2,3,4,1034.000,2399.000,1098.000,2519.000,1066.000,2459.000,64.000,120.000,97.460000,338.879073,3.179583
1780301491.606048,,,BOARD_2,3,5,1498.000,2199.000,1562.000,2319.000,1530.000,2259.000,64.000,120.000,97.460000,340.993656,4.096250
1780301491.825263,,,BOARD_2,4,0,1133.000,1791.000,1369.000,2267.000,1251.000,2029.000,236.000,476.000,26.430000,339.321472,5.150417
1780301491.825263,,,BOARD_2,4,1,1075.000,1697.000,1539.000,2057.000,1307.000,1877.000,464.000,360.000,13.440000,339.576680,5.847083
1780301491.847667,,,BOARD_2,1,0,836.000,1812.000,900.000,1932.000,868.000,1872.000,64.000,120.000,97.460000,10.765029,5.870000
1780301491.847667,,,BOARD_2,1,1,827.000,2126.000,1063.000,2602.000,945.000,2364.000,236.000,476.000,26.430000,11.115941,3.615000
1780301491.847667,,,BOARD_2,1,2,1067.000,2062.000,1303.000,2538.000,1185.000,2300.000,236.000,476.000,26.430000,12.209691,3.908333
1780301491.847667,,,BOARD_2,1,3,971.000,2222.000,1207.000,2698.000,1089.000,2460.000,236.000,476.000,26.430000,11.772191,3.175000
1780301491.847667,,,BOARD_2,1,4,923.000,2062.000,1159.000,2538.000,1041.000,2300.000,236.000,476.000,26.430000,11.553441,3.908333
1780301491.951121,,,BOARD_2,3,0,365.000,1565.000,601.000,2041.000,483.000,1803.000,236.000,476.000,26.430000,336.222172,6.186250
1780301491.951121,,,BOARD_2,3,1,845.000,1693.000,1081.000,2169.000,963.000,1931.000,236.000,476.000,26.430000,338.409672,5.599583
1780301491.951121,,,BOARD_2,3,2,365.000,1885.000,601.000,2361.000,483.000,2123.000,236.000,476.000,26.430000,336.222172,4.719583
1780301491.951121,,,BOARD_2,3,3,349.000,2013.000,585.000,2489.000,467.000,2251.000,236.000,476.000,26.430000,336.149255,4.132917
1780301491.951121,,,BOARD_2,3,4,653.000,1789.000,889.000,2265.000,771.000,2027.000,236.000,476.000,26.430000,337.534672,5.159583
1780301491.951121,,,BOARD_2,3,5,877.000,1901.000,1113.000,2377.000,995.000,2139.000,236.000,476.000,26.430000,338.555505,4.646250
1780301491.951121,,,BOARD_2,3,6,365.000,1709.000,601.000,2185.000,483.000,1947.000,236.000,476.000,26.430000,336.222172,5.526250
1780301492.082574,,,BOARD_2,4,0,3543.000,2206.000,3779.000,2682.000,3661.000,2444.000,236.000,476.000,26.430000,350.304545,3.248333
1780301492.082574,,,BOARD_2,4,1,3495.000,1630.000,3731.000,2106.000,3613.000,1868.000,236.000,476.000,26.430000,350.085795,5.888333
1780301492.229568,,,BOARD_2,1,0,473.000,2141.000,709.000,2617.000,591.000,2379.000,236.000,476.000,26.430000,9.502659,3.546250
1780301492.229568,,,BOARD_2,1,1,185.000,2189.000,421.000,2665.000,303.000,2427.000,236.000,476.000,26.430000,8.190159,3.326250
1780301492.229568,,,BOARD_2,1,2,249.000,1661.000,485.000,2137.000,367.000,1899.000,236.000,476.000,26.430000,8.481826,5.746250
1780301492.229568,,,BOARD_2,1,3,297.000,2189.000,533.000,2665.000,415.000,2427.000,236.000,476.000,26.430000,8.700576,3.326250
1780301492.229568,,,BOARD_2,1,4,713.000,2189.000,949.000,2665.000,831.000,2427.000,236.000,476.000,26.430000,10.596409,3.326250
1780301492.229568,,,BOARD_2,1,5,851.000,2051.000,915.000,2171.000,883.000,2111.000,64.000,120.000,97.460000,10.833389,4.774583
1780301492.229568,,,BOARD_2,1,6,281.000,1885.000,517.000,2361.000,399.000,2123.000,236.000,476.000,26.430000,8.627659,4.719583
1780301492.229568,,,BOARD_2,1,7,791.000,1804.000,831.000,1856.000,811.000,1830.000,40.000,52.000,155.930000,10.505264,6.062500
1780301492.229568,,,BOARD_2,1,8,185.000,1917.000,421.000,2393.000,303.000,2155.000,236.000,476.000,26.430000,8.190159,4.572917
1780301492.333222,,,BOARD_2,3,0,179.000,1632.000,415.000,2108.000,297.000,1870.000,236.000,476.000,26.430000,335.374516,5.879167
1780301492.333222,,,BOARD_2,3,1,355.000,1632.000,591.000,2108.000,473.000,1870.000,236.000,476.000,26.430000,336.176599,5.879167
1780301492.333222,,,BOARD_2,3,2,515.000,1648.000,751.000,2124.000,633.000,1886.000,236.000,476.000,26.430000,336.905766,5.805833
1780301492.333222,,,BOARD_2,3,3,659.000,1888.000,895.000,2364.000,777.000,2126.000,236.000,476.000,26.430000,337.562016,4.705833
1780301492.458233,,,BOARD_2,4,0,2210.000,1760.000,2446.000,2236.000,2328.000,1998.000,236.000,476.000,26.430000,344.229675,5.292500
1780301492.458233,,,BOARD_2,4,1,2210.000,1920.000,2446.000,2396.000,2328.000,2158.000,236.000,476.000,26.430000,344.229675,4.559167
1780301492.506974,,,BOARD_2,1,0,466.000,2147.000,702.000,2623.000,584.000,2385.000,236.000,476.000,26.430000,9.470758,3.518750
1780301492.506974,,,BOARD_2,1,1,466.000,1747.000,702.000,2223.000,584.000,1985.000,236.000,476.000,26.430000,9.470758,5.352083
1780301492.506974,,,BOARD_2,1,2,-62.000,2195.000,174.000,2671.000,56.000,2433.000,236.000,476.000,26.430000,7.064508,3.298750
1780301492.506974,,,BOARD_2,1,3,-62.000,1971.000,174.000,2447.000,56.000,2209.000,236.000,476.000,26.430000,7.064508,4.325417
1780301492.506974,,,BOARD_2,1,4,162.000,2051.000,398.000,2527.000,280.000,2289.000,236.000,476.000,26.430000,8.085342,3.958750
1780301492.506974,,,BOARD_2,1,5,338.000,2019.000,574.000,2495.000,456.000,2257.000,236.000,476.000,26.430000,8.887425,4.105417
1780301492.506974,,,BOARD_2,1,6,114.000,1939.000,350.000,2415.000,232.000,2177.000,236.000,476.000,26.430000,7.866592,4.472083
1780301492.506974,,,BOARD_2,1,7,130.000,2211.000,366.000,2687.000,248.000,2449.000,236.000,476.000,26.430000,7.939508,3.225417
1780301492.506974,,,BOARD_2,1,8,178.000,1843.000,414.000,2319.000,296.000,2081.000,236.000,476.000,26.430000,8.158258,4.912083
1780301492.506974,,,BOARD_2,1,9,306.000,1827.000,542.000,2303.000,424.000,2065.000,236.000,476.000,26.430000,8.741592,4.985417
1780301492.677024,,,BOARD_2,3,0,1465.000,2197.000,1701.000,2673.000,1583.000,2435.000,236.000,476.000,26.430000,341.235193,3.289583
1780301492.677024,,,BOARD_2,3,1,1510.000,2237.000,1550.000,2289.000,1530.000,2263.000,40.000,52.000,155.930000,340.993656,4.077917
1780301492.677024,,,BOARD_2,3,2,1583.000,2167.000,2047.000,2527.000,1815.000,2347.000,464.000,360.000,13.440000,342.292484,3.692917
1780301492.699844,,,BOARD_2,4,0,3545.000,2207.000,3781.000,2683.000,3663.000,2445.000,236.000,476.000,26.430000,350.313659,3.243750
1780301492.699844,,,BOARD_2,4,1,3497.000,1631.000,3733.000,2107.000,3615.000,1869.000,236.000,476.000,26.430000,350.094909,5.883750
1780301492.867613,,,BOARD_2,1,0,329.000,2191.000,565.000,2667.000,447.000,2429.000,236.000,476.000,26.430000,8.846409,3.317083
1780301492.867613,,,BOARD_2,1,1,473.000,2143.000,709.000,2619.000,591.000,2381.000,236.000,476.000,26.430000,9.502659,3.537083
1780301492.867613,,,BOARD_2,1,2,313.000,1887.000,549.000,2363.000,431.000,2125.000,236.000,476.000,26.430000,8.773493,4.710417
1780301492.867613,,,BOARD_2,1,3,370.000,1781.000,434.000,1901.000,402.000,1841.000,64.000,120.000,97.460000,8.641331,6.012083
1780301492.867613,,,BOARD_2,1,4,825.000,1999.000,1061.000,2475.000,943.000,2237.000,236.000,476.000,26.430000,11.106826,4.197083
1780301492.901088,,,BOARD_2,3,0,1053.000,2210.000,1289.000,2686.000,1171.000,2448.000,236.000,476.000,26.430000,339.357589,3.230000
1780301492.901088,,,BOARD_2,3,1,1437.000,2210.000,1673.000,2686.000,1555.000,2448.000,236.000,476.000,26.430000,341.107589,3.230000
1780301492.901088,,,BOARD_2,3,2,1245.000,2178.000,1481.000,2654.000,1363.000,2416.000,236.000,476.000,26.430000,340.232589,3.376667
1780301492.901088,,,BOARD_2,3,3,1037.000,1650.000,1273.000,2126.000,1155.000,1888.000,236.000,476.000,26.430000,339.284672,5.796667
1780301492.901088,,,BOARD_2,3,4,877.000,1986.000,1113.000,2462.000,995.000,2224.000,236.000,476.000,26.430000,338.555505,4.256667
1780301492.901088,,,BOARD_2,3,5,893.000,1650.000,1129.000,2126.000,1011.000,1888.000,236.000,476.000,26.430000,338.628422,5.796667
1780301492.901088,,,BOARD_2,3,6,925.000,2210.000,1161.000,2686.000,1043.000,2448.000,236.000,476.000,26.430000,338.774255,3.230000
1780301492.901088,,,BOARD_2,3,7,893.000,1842.000,1129.000,2318.000,1011.000,2080.000,236.000,476.000,26.430000,338.628422,4.916667
1780301492.901088,,,BOARD_2,3,8,1511.000,2022.000,1631.000,2266.000,1571.000,2144.000,120.000,244.000,51.980000,341.180505,4.623333
1780301492.983748,,,BOARD_2,4,0,1169.000,1632.000,1405.000,2108.000,1287.000,1870.000,236.000,476.000,26.430000,339.485534,5.879167
1780301492.983748,,,BOARD_2,4,1,1297.000,1792.000,1533.000,2268.000,1415.000,2030.000,236.000,476.000,26.430000,340.068868,5.145833
1780301492.983748,,,BOARD_2,4,2,897.000,1936.000,1133.000,2412.000,1015.000,2174.000,236.000,476.000,26.430000,338.245951,4.485833
1780301492.983748,,,BOARD_2,4,3,1207.000,1730.000,1671.000,2090.000,1439.000,1910.000,464.000,360.000,13.440000,340.178243,5.695833
1780301492.983748,,,BOARD_2,4,4,874.000,1924.000,994.000,2168.000,934.000,2046.000,120.000,244.000,51.980000,337.876810,5.072500
1780301493.109174,,,BOARD_2,1,0,482.000,2209.000,718.000,2685.000,600.000,2447.000,236.000,476.000,26.430000,9.543675,3.234583
1780301493.109174,,,BOARD_2,1,1,258.000,2065.000,494.000,2541.000,376.000,2303.000,236.000,476.000,26.430000,8.522842,3.894583
1780301493.109174,,,BOARD_2,1,2,-62.000,1985.000,174.000,2461.000,56.000,2223.000,236.000,476.000,26.430000,7.064508,4.261250
1780301493.109174,,,BOARD_2,1,3,616.000,2217.000,656.000,2269.000,636.000,2243.000,40.000,52.000,155.930000,9.707738,4.169583
1780301493.109174,,,BOARD_2,1,4,402.000,1633.000,638.000,2109.000,520.000,1871.000,236.000,476.000,26.430000,9.179092,5.874583
1780301493.109174,,,BOARD_2,1,5,-62.000,2177.000,174.000,2653.000,56.000,2415.000,236.000,476.000,26.430000,7.064508,3.381250
1780301493.109174,,,BOARD_2,1,6,66.000,1953.000,302.000,2429.000,184.000,2191.000,236.000,476.000,26.430000,7.647842,4.407917
1780301493.109174,,,BOARD_2,1,7,114.000,2113.000,350.000,2589.000,232.000,2351.000,236.000,476.000,26.430000,7.866592,3.674583
1780301493.109174,,,BOARD_2,1,8,450.000,1921.000,686.000,2397.000,568.000,2159.000,236.000,476.000,26.430000,9.397842,4.554583
1780301493.109174,,,BOARD_2,1,9,32.000,1816.000,71.000,1868.000,51.500,1842.000,39.000,52.000,159.930000,7.044001,6.007500
1780301493.109174,,,BOARD_2,1,10,370.000,1777.000,606.000,2253.000,488.000,2015.000,236.000,476.000,26.430000,9.033258,5.214583
1780301493.159923,,,BOARD_2,3,0,1057.000,2209.000,1293.000,2685.000,1175.000,2447.000,236.000,476.000,26.430000,339.375818,3.234583
1780301493.159923,,,BOARD_2,3,1,1249.000,2177.000,1485.000,2653.000,1367.000,2415.000,236.000,476.000,26.430000,340.250818,3.381250
1780301493.159923,,,BOARD_2,3,2,1035.000,2399.000,1099.000,2519.000,1067.000,2459.000,64.000,120.000,97.460000,338.883630,3.179583
1780301493.159923,,,BOARD_2,3,3,951.000,1699.000,1415.000,2059.000,1183.000,1879.000,464.000,360.000,13.440000,339.412276,5.837917
1780301493.159923,,,BOARD_2,3,4,1457.000,2209.000,1693.000,2685.000,1575.000,2447.000,236.000,476.000,26.430000,341.198734,3.234583
1780301493.159923,,,BOARD_2,3,5,1499.000,2199.000,1563.000,2319.000,1531.000,2259.000,64.000,120.000,97.460000,340.998214,4.096250
1780301493.214369,,,BOARD_2,4,0,3545.000,2206.000,3781.000,2682.000,3663.000,2444.000,236.000,476.000,26.430000,350.313659,3.248333
1780301493.214369,,,BOARD_2,4,1,3497.000,1630.000,3733.000,2106.000,3615.000,1868.000,236.000,476.000,26.430000,350.094909,5.888333
1780301493.367436,,,BOARD_2,1,0,832.000,1808.000,896.000,1928.000,864.000,1868.000,64.000,120.000,97.460000,10.746800,5.888333
1780301493.367436,,,BOARD_2,1,1,1063.000,2066.000,1299.000,2542.000,1181.000,2304.000,236.000,476.000,26.430000,12.191461,3.890000
1780301493.367436,,,BOARD_2,1,2,823.000,2130.000,1059.000,2606.000,941.000,2368.000,236.000,476.000,26.430000,11.097711,3.596667
1780301493.367436,,,BOARD_2,1,3,919.000,2018.000,1155.000,2494.000,1037.000,2256.000,236.000,476.000,26.430000,11.535211,4.110000
1780301493.428092,,,BOARD_2,3,0,361.000,1647.000,597.000,2123.000,479.000,1885.000,236.000,476.000,26.430000,336.203943,5.810417
1780301493.428092,,,BOARD_2,3,1,665.000,1775.000,901.000,2251.000,783.000,2013.000,236.000,476.000,26.430000,337.589359,5.223750
1780301493.428092,,,BOARD_2,3,2,793.000,1871.000,1029.000,2347.000,911.000,2109.000,236.000,476.000,26.430000,338.172693,4.783750
1780301493.428092,,,BOARD_2,3,3,521.000,1647.000,757.000,2123.000,639.000,1885.000,236.000,476.000,26.430000,336.933109,5.810417
1780301493.428092,,,BOARD_2,3,4,313.000,1983.000,549.000,2459.000,431.000,2221.000,236.000,476.000,26.430000,335.985193,4.270417
1780301493.575550,,,BOARD_2,4,0,3552.000,2204.000,3788.000,2680.000,3670.000,2442.000,236.000,476.000,26.430000,350.345560,3.257500
1780301493.575550,,,BOARD_2,4,1,3504.000,1628.000,3740.000,2104.000,3622.000,1866.000,236.000,476.000,26.430000,350.126810,5.897500
1780301493.575550,,,BOARD_2,4,2,2982.000,2302.000,3446.000,2662.000,3214.000,2482.000,464.000,360.000,13.440000,348.267435,3.074167
1780301493.734943,,,BOARD_2,1,0,471.000,2132.000,707.000,2608.000,589.000,2370.000,236.000,476.000,26.430000,9.493545,3.587500
1780301493.734943,,,BOARD_2,1,1,199.000,2180.000,435.000,2656.000,317.000,2418.000,236.000,476.000,26.430000,8.253961,3.367500
1780301493.734943,,,BOARD_2,1,2,311.000,2180.000,547.000,2656.000,429.000,2418.000,236.000,476.000,26.430000,8.764378,3.367500
1780301493.734943,,,BOARD_2,1,3,247.000,1668.000,483.000,2144.000,365.000,1906.000,236.000,476.000,26.430000,8.472711,5.714167
1780301493.734943,,,BOARD_2,1,4,861.000,2084.000,901.000,2136.000,881.000,2110.000,40.000,52.000,155.930000,10.824274,4.779167
1780301493.734943,,,BOARD_2,1,5,359.000,2056.000,491.000,2148.000,425.000,2102.000,132.000,92.000,47.250000,8.746149,4.815833
1780301493.734943,,,BOARD_2,1,6,711.000,2180.000,947.000,2656.000,829.000,2418.000,236.000,476.000,26.430000,10.587295,3.367500
1780301493.779592,,,BOARD_2,3,0,1065.000,2208.000,1301.000,2684.000,1183.000,2446.000,236.000,476.000,26.430000,339.412276,3.239167
1780301493.779592,,,BOARD_2,3,1,1011.000,2340.000,1131.000,2584.000,1071.000,2462.000,120.000,244.000,51.980000,338.901859,3.165833
1780301493.779592,,,BOARD_2,3,2,943.000,1698.000,1407.000,2058.000,1175.000,1878.000,464.000,360.000,13.440000,339.375818,5.842500
1780301493.779592,,,BOARD_2,3,3,1241.000,2176.000,1477.000,2652.000,1359.000,2414.000,236.000,476.000,26.430000,340.214359,3.385833
1780301493.779592,,,BOARD_2,3,4,1449.000,2208.000,1685.000,2684.000,1567.000,2446.000,236.000,476.000,26.430000,341.162276,3.239167
1780301493.779592,,,BOARD_2,3,5,1097.000,1952.000,1333.000,2428.000,1215.000,2190.000,236.000,476.000,26.430000,339.558109,4.412500
1780301493.938623,,,BOARD_2,4,0,3547.000,2207.000,3783.000,2683.000,3665.000,2445.000,236.000,476.000,26.430000,350.322774,3.243750
1780301493.938623,,,BOARD_2,4,1,3499.000,1631.000,3735.000,2107.000,3617.000,1869.000,236.000,476.000,26.430000,350.104024,5.883750
1780301493.987231,,,BOARD_2,1,0,327.000,2129.000,563.000,2605.000,445.000,2367.000,236.000,476.000,26.430000,8.837295,3.601250
1780301493.987231,,,BOARD_2,1,1,311.000,1873.000,547.000,2349.000,429.000,2111.000,236.000,476.000,26.430000,8.764378,4.774583
1780301493.987231,,,BOARD_2,1,2,471.000,2097.000,707.000,2573.000,589.000,2335.000,236.000,476.000,26.430000,9.493545,3.747917
1780301493.987231,,,BOARD_2,1,3,352.000,1749.000,472.000,1993.000,412.000,1871.000,120.000,244.000,51.980000,8.686904,5.874583
1780301493.987231,,,BOARD_2,1,4,725.000,2025.000,764.000,2077.000,744.500,2051.000,39.000,52.000,159.930000,10.202204,5.049583
1780301493.987231,,,BOARD_2,1,5,615.000,2129.000,851.000,2605.000,733.000,2367.000,236.000,476.000,26.430000,10.149795,3.601250
1780301493.987231,,,BOARD_2,1,6,695.000,1889.000,931.000,2365.000,813.000,2127.000,236.000,476.000,26.430000,10.514378,4.701250
1780301494.155444,,,BOARD_2,3,0,177.000,1630.000,413.000,2106.000,295.000,1868.000,236.000,476.000,26.430000,335.365401,5.888333
1780301494.155444,,,BOARD_2,3,1,369.000,1630.000,605.000,2106.000,487.000,1868.000,236.000,476.000,26.430000,336.240401,5.888333
1780301494.155444,,,BOARD_2,3,2,513.000,1646.000,749.000,2122.000,631.000,1884.000,236.000,476.000,26.430000,336.896651,5.815000
1780301494.155444,,,BOARD_2,3,3,657.000,1774.000,893.000,2250.000,775.000,2012.000,236.000,476.000,26.430000,337.552901,5.228333
1780301494.155444,,,BOARD_2,3,4,321.000,2014.000,557.000,2490.000,439.000,2252.000,236.000,476.000,26.430000,336.021651,4.128333
1780301494.177609,,,BOARD_2,4,0,2343.000,1977.000,2579.000,2453.000,2461.000,2215.000,236.000,476.000,26.430000,344.835795,4.297917
1780301494.177609,,,BOARD_2,4,1,2263.000,1769.000,2499.000,2245.000,2381.000,2007.000,236.000,476.000,26.430000,344.471211,5.251250
1780301494.236279,,,BOARD_2,1,0,305.000,2067.000,541.000,2543.000,423.000,2305.000,236.000,476.000,26.430000,8.737034,3.885417
1780301494.236279,,,BOARD_2,1,1,465.000,2067.000,701.000,2543.000,583.000,2305.000,236.000,476.000,26.430000,9.466201,3.885417
1780301494.236279,,,BOARD_2,1,2,241.000,1699.000,477.000,2175.000,359.000,1937.000,236.000,476.000,26.430000,8.445368,5.572083
1780301494.236279,,,BOARD_2,1,3,-53.000,1735.000,194.000,1915.000,70.500,1825.000,247.000,180.000,25.250000,7.130589,6.085417
1780301494.236279,,,BOARD_2,1,4,1.000,1907.000,237.000,2383.000,119.000,2145.000,236.000,476.000,26.430000,7.351618,4.618750
1780301494.236279,,,BOARD_2,1,5,129.000,1955.000,365.000,2431.000,247.000,2193.000,236.000,476.000,26.430000,7.934951,4.398750
1780301494.375202,,,BOARD_2,3,0,1440.000,2182.000,1676.000,2658.000,1558.000,2420.000,236.000,476.000,26.430000,341.121260,3.358333
1780301494.375202,,,BOARD_2,3,1,1606.000,2184.000,2070.000,2544.000,1838.000,2364.000,464.000,360.000,13.440000,342.397302,3.615000
1780301494.375202,,,BOARD_2,3,2,1498.000,2188.000,1562.000,2308.000,1530.000,2248.000,64.000,120.000,97.460000,340.993656,4.146667
1780301494.539362,,,BOARD_2,4,0,1029.000,1889.000,1265.000,2365.000,1147.000,2127.000,236.000,476.000,26.430000,338.847514,4.701250
1780301494.539362,,,BOARD_2,4,1,517.000,2081.000,753.000,2557.000,635.000,2319.000,236.000,476.000,26.430000,336.514180,3.821250
1780301494.693786,,,BOARD_2,1,0,472.000,2133.000,708.000,2609.000,590.000,2371.000,236.000,476.000,26.430000,9.498102,3.582917
1780301494.693786,,,BOARD_2,1,1,200.000,2181.000,436.000,2657.000,318.000,2419.000,236.000,476.000,26.430000,8.258519,3.362917
1780301494.693786,,,BOARD_2,1,2,248.000,1669.000,484.000,2145.000,366.000,1907.000,236.000,476.000,26.430000,8.477269,5.709583
1780301494.693786,,,BOARD_2,1,3,312.000,2181.000,548.000,2657.000,430.000,2419.000,236.000,476.000,26.430000,8.768935,3.362917
1780301494.693786,,,BOARD_2,1,4,834.000,1993.000,954.000,2237.000,894.000,2115.000,120.000,244.000,51.980000,10.883519,4.756250
1780301494.693786,,,BOARD_2,1,5,712.000,2181.000,948.000,2657.000,830.000,2419.000,236.000,476.000,26.430000,10.591852,3.362917
1780301494.693786,,,BOARD_2,1,6,734.000,2029.000,773.000,2080.000,753.500,2054.500,39.000,51.000,159.930000,10.243219,5.033542
1780301494.715777,,,BOARD_2,3,0,1053.000,2209.000,1289.000,2685.000,1171.000,2447.000,236.000,476.000,26.430000,339.357589,3.234583
1780301494.715777,,,BOARD_2,3,1,1245.000,2177.000,1481.000,2653.000,1363.000,2415.000,236.000,476.000,26.430000,340.232589,3.381250
1780301494.715777,,,BOARD_2,3,2,931.000,1699.000,1395.000,2059.000,1163.000,1879.000,464.000,360.000,13.440000,339.321130,5.837917
1780301494.715777,,,BOARD_2,3,3,1453.000,2209.000,1689.000,2685.000,1571.000,2447.000,236.000,476.000,26.430000,341.180505,3.234583
1780301494.715777,,,BOARD_2,3,4,998.000,1991.000,1062.000,2111.000,1030.000,2051.000,64.000,120.000,97.460000,338.715010,5.049583
1780301494.782073,,,BOARD_2,4,0,1563.000,2207.000,1799.000,2683.000,1681.000,2445.000,236.000,476.000,26.430000,341.281107,3.243750
1780301494.782073,,,BOARD_2,4,1,1163.000,1631.000,1399.000,2107.000,1281.000,1869.000,236.000,476.000,26.430000,339.458191,5.883750
1780301494.782073,,,BOARD_2,4,2,1217.000,1729.000,1681.000,2089.000,1449.000,1909.000,464.000,360.000,13.440000,340.223816,5.700417
1780301494.939993,,,BOARD_2,1,0,482.000,2138.000,718.000,2614.000,600.000,2376.000,236.000,476.000,26.430000,9.543675,3.560000
1780301494.939993,,,BOARD_2,1,1,-78.000,1962.000,158.000,2438.000,40.000,2200.000,236.000,476.000,26.430000,6.991592,4.366667
1780301494.939993,,,BOARD_2,1,2,-78.000,2154.000,158.000,2630.000,40.000,2392.000,236.000,476.000,26.430000,6.991592,3.486667
1780301494.939993,,,BOARD_2,1,3,306.000,2186.000,542.000,2662.000,424.000,2424.000,236.000,476.000,26.430000,8.741592,3.340000
1780301494.939993,,,BOARD_2,1,4,168.000,1708.000,632.000,2068.000,400.000,1888.000,464.000,360.000,13.440000,8.632217,5.796667
1780301494.939993,,,BOARD_2,1,5,242.000,1834.000,478.000,2310.000,360.000,2072.000,236.000,476.000,26.430000,8.449925,4.953333
1780301494.939993,,,BOARD_2,1,6,130.000,2010.000,366.000,2486.000,248.000,2248.000,236.000,476.000,26.430000,7.939508,4.146667
1780301494.939993,,,BOARD_2,1,7,34.000,2090.000,270.000,2566.000,152.000,2328.000,236.000,476.000,26.430000,7.502008,3.780000
1780301495.082777,,,BOARD_2,3,0,901.000,1719.000,1365.000,2079.000,1133.000,1899.000,464.000,360.000,13.440000,339.184411,5.746250
1780301495.082777,,,BOARD_2,3,1,741.000,1687.000,1205.000,2047.000,973.000,1867.000,464.000,360.000,13.440000,338.455245,5.892917
1780301495.082777,,,BOARD_2,3,2,495.000,1733.000,731.000,2209.000,613.000,1971.000,236.000,476.000,26.430000,336.814620,5.416250
1780301495.082777,,,BOARD_2,3,3,1007.000,1765.000,1243.000,2241.000,1125.000,2003.000,236.000,476.000,26.430000,339.147953,5.269583
1780301495.082777,,,BOARD_2,3,4,1023.000,2197.000,1259.000,2673.000,1141.000,2435.000,236.000,476.000,26.430000,339.220870,3.289583
1780301495.082777,,,BOARD_2,3,5,655.000,1781.000,891.000,2257.000,773.000,2019.000,236.000,476.000,26.430000,337.543786,5.196250
1780301495.082777,,,BOARD_2,3,6,581.000,1687.000,1045.000,2047.000,813.000,1867.000,464.000,360.000,13.440000,337.726078,5.892917
1780301495.082777,,,BOARD_2,3,7,527.000,1925.000,763.000,2401.000,645.000,2163.000,236.000,476.000,26.430000,336.960453,4.536250
1780301495.153927,,,BOARD_2,4,0,2257.000,1769.000,2493.000,2245.000,2375.000,2007.000,236.000,476.000,26.430000,344.443868,5.251250
1780301495.153927,,,BOARD_2,4,1,2257.000,1641.000,2493.000,2117.000,2375.000,1879.000,236.000,476.000,26.430000,344.443868,5.837917
1780301495.203631,,,BOARD_2,1,0,847.000,2149.000,1083.000,2625.000,965.000,2387.000,236.000,476.000,26.430000,11.207086,3.509583
1780301495.203631,,,BOARD_2,1,1,1071.000,2053.000,1307.000,2529.000,1189.000,2291.000,236.000,476.000,26.430000,12.227920,3.949583
1780301495.203631,,,BOARD_2,1,2,887.000,2185.000,1019.000,2277.000,953.000,2231.000,132.000,92.000,47.250000,11.152399,4.224583
1780301495.203631,,,BOARD_2,1,3,1181.000,2037.000,1220.000,2089.000,1200.500,2063.000,39.000,52.000,159.930000,12.280329,4.994583
1780301495.322787,,,BOARD_2,3,0,1447.000,2207.000,1683.000,2683.000,1565.000,2445.000,236.000,476.000,26.430000,341.153161,3.243750
1780301495.322787,,,BOARD_2,3,1,1665.000,2163.000,1913.000,2343.000,1789.000,2253.000,248.000,180.000,25.150000,342.173995,4.123750
1780301495.400192,,,BOARD_2,4,0,533.000,2207.000,769.000,2683.000,651.000,2445.000,236.000,476.000,26.430000,336.587097,3.243750
1780301495.400192,,,BOARD_2,4,1,683.000,2223.000,722.000,2275.000,702.500,2249.000,39.000,52.000,159.930000,336.821797,4.142083
1780301495.422274,,,BOARD_2,1,0,325.000,1883.000,561.000,2359.000,443.000,2121.000,236.000,476.000,26.430000,8.828180,4.728750
1780301495.422274,,,BOARD_2,1,1,469.000,2139.000,705.000,2615.000,587.000,2377.000,236.000,476.000,26.430000,9.484430,3.555417
1780301495.422274,,,BOARD_2,1,2,325.000,2171.000,561.000,2647.000,443.000,2409.000,236.000,476.000,26.430000,8.828180,3.408750
1780301495.422274,,,BOARD_2,1,3,677.000,2043.000,913.000,2519.000,795.000,2281.000,236.000,476.000,26.430000,10.432347,3.995417
1780301495.422274,,,BOARD_2,1,4,821.000,2155.000,1057.000,2631.000,939.000,2393.000,236.000,476.000,26.430000,11.088597,3.482083
1780301495.422274,,,BOARD_2,1,5,639.000,1967.000,887.000,2146.000,763.000,2056.500,248.000,179.000,25.150000,10.286514,5.024375
1780301495.570949,,,BOARD_2,3,0,507.000,1724.000,743.000,2200.000,625.000,1962.000,236.000,476.000,26.430000,336.869307,5.457500
1780301495.570949,,,BOARD_2,3,1,843.000,1612.000,1079.000,2088.000,961.000,1850.000,236.000,476.000,26.430000,338.400557,5.970833
1780301495.570949,,,BOARD_2,3,2,1019.000,2188.000,1255.000,2664.000,1137.000,2426.000,236.000,476.000,26.430000,339.202641,3.330833
1780301495.570949,,,BOARD_2,3,3,897.000,1710.000,1361.000,2070.000,1129.000,1890.000,464.000,360.000,13.440000,339.166182,5.787500
1780301495.570949,,,BOARD_2,3,4,667.000,1788.000,903.000,2264.000,785.000,2026.000,236.000,476.000,26.430000,337.598474,5.164167
1780301495.570949,,,BOARD_2,3,5,1003.000,1772.000,1239.000,2248.000,1121.000,2010.000,236.000,476.000,26.430000,339.129724,5.237500
1780301495.570949,,,BOARD_2,3,6,577.000,1678.000,1041.000,2038.000,809.000,1858.000,464.000,360.000,13.440000,337.707849,5.934167
1780301495.570949,,,BOARD_2,3,7,539.000,1932.000,775.000,2408.000,657.000,2170.000,236.000,476.000,26.430000,337.015141,4.504167
1780301495.654685,,,BOARD_2,4,0,1231.000,1746.000,1351.000,1990.000,1291.000,1868.000,120.000,244.000,51.980000,339.503764,5.888333
1780301495.654685,,,BOARD_2,4,1,1301.000,1806.000,1537.000,2282.000,1419.000,2044.000,236.000,476.000,26.430000,340.087097,5.081667
1780301495.688697,,,BOARD_2,3,0,1200.000,1782.000,1320.000,2026.000,1260.000,1904.000,120.000,244.000,51.980000,339.763188,5.723333
1780301495.688697,,,BOARD_2,3,1,1143.000,1986.000,1379.000,2462.000,1261.000,2224.000,236.000,476.000,26.430000,339.767745,4.256667
1780301495.688697,,,BOARD_2,3,2,1239.000,2178.000,1475.000,2654.000,1357.000,2416.000,236.000,476.000,26.430000,340.205245,3.376667
1780301495.688697,,,BOARD_2,3,3,1447.000,2210.000,1683.000,2686.000,1565.000,2448.000,236.000,476.000,26.430000,341.153161,3.230000
1780301495.688697,,,BOARD_2,3,4,1200.000,2400.000,1264.000,2520.000,1232.000,2460.000,64.000,120.000,97.460000,339.635583,3.175000
1780301495.688697,,,BOARD_2,3,5,1159.000,1842.000,1395.000,2318.000,1277.000,2080.000,236.000,476.000,26.430000,339.840661,4.916667
1780301495.688697,,,BOARD_2,3,6,1665.000,2166.000,1913.000,2346.000,1789.000,2256.000,248.000,180.000,25.150000,342.173995,4.110000
1780301495.695922,,,BOARD_2,1,0,298.000,2176.000,534.000,2652.000,416.000,2414.000,236.000,476.000,26.430000,8.705133,3.385833
1780301495.695922,,,BOARD_2,1,1,474.000,2128.000,710.000,2604.000,592.000,2366.000,236.000,476.000,26.430000,9.507217,3.605833
1780301495.695922,,,BOARD_2,1,2,26.000,1952.000,262.000,2428.000,144.000,2190.000,236.000,476.000,26.430000,7.465550,4.412500
1780301495.695922,,,BOARD_2,1,3,42.000,2096.000,278.000,2572.000,160.000,2334.000,236.000,476.000,26.430000,7.538467,3.752500
1780301495.695922,,,BOARD_2,1,4,250.000,1664.000,486.000,2140.000,368.000,1902.000,236.000,476.000,26.430000,8.486383,5.732500
1780301495.695922,,,BOARD_2,1,5,234.000,1824.000,470.000,2300.000,352.000,2062.000,236.000,476.000,26.430000,8.413467,4.999167
1780301495.695922,,,BOARD_2,1,6,192.000,1791.000,231.000,1843.000,211.500,1817.000,39.000,52.000,159.930000,7.773167,6.122083
1780301495.695922,,,BOARD_2,1,7,138.000,2048.000,374.000,2524.000,256.000,2286.000,236.000,476.000,26.430000,7.975967,3.972500
1780301495.695922,,,BOARD_2,1,8,106.000,1792.000,342.000,2268.000,224.000,2030.000,236.000,476.000,26.430000,7.830133,5.145833
1780301495.789073,,,BOARD_2,4,0,921.000,1871.000,1157.000,2347.000,1039.000,2109.000,236.000,476.000,26.430000,338.355326,4.783750
1780301495.789073,,,BOARD_2,4,1,946.000,1843.000,1066.000,2087.000,1006.000,1965.000,120.000,244.000,51.980000,338.204935,5.443750
1780301495.789073,,,BOARD_2,4,2,1215.000,1729.000,1679.000,2089.000,1447.000,1909.000,464.000,360.000,13.440000,340.214701,5.700417
1780301495.789073,,,BOARD_2,4,3,1087.000,1697.000,1551.000,2057.000,1319.000,1877.000,464.000,360.000,13.440000,339.631368,5.847083
1780301495.789073,,,BOARD_2,4,4,1305.000,1807.000,1541.000,2283.000,1423.000,2045.000,236.000,476.000,26.430000,340.105326,5.077083
1780301495.948606,,,BOARD_2,1,0,199.000,2180.000,435.000,2656.000,317.000,2418.000,236.000,476.000,26.430000,8.253961,3.367500
1780301495.948606,,,BOARD_2,1,1,471.000,2132.000,707.000,2608.000,589.000,2370.000,236.000,476.000,26.430000,9.493545,3.587500
1780301495.948606,,,BOARD_2,1,2,311.000,2180.000,547.000,2656.000,429.000,2418.000,236.000,476.000,26.430000,8.764378,3.367500
1780301495.948606,,,BOARD_2,1,3,247.000,1668.000,483.000,2144.000,365.000,1906.000,236.000,476.000,26.430000,8.472711,5.714167
1780301495.948606,,,BOARD_2,1,4,769.000,2024.000,1017.000,2204.000,893.000,2114.000,248.000,180.000,25.150000,10.878961,4.760833
1780301495.948606,,,BOARD_2,1,5,359.000,2056.000,491.000,2148.000,425.000,2102.000,132.000,92.000,47.250000,8.746149,4.815833
1780301495.948606,,,BOARD_2,1,6,711.000,2180.000,947.000,2656.000,829.000,2418.000,236.000,476.000,26.430000,10.587295,3.367500
1780301496.088749,,,BOARD_2,3,0,418.000,1636.000,654.000,2112.000,536.000,1874.000,236.000,476.000,26.430000,336.463708,5.860833
1780301496.088749,,,BOARD_2,3,1,98.000,1844.000,334.000,2320.000,216.000,2082.000,236.000,476.000,26.430000,335.005375,4.907500
1780301496.088749,,,BOARD_2,3,2,258.000,1620.000,494.000,2096.000,376.000,1858.000,236.000,476.000,26.430000,335.734542,5.934167
1780301496.088749,,,BOARD_2,3,3,-24.000,1686.000,440.000,2046.000,208.000,1866.000,464.000,360.000,13.440000,334.968917,5.897500
1780301496.088749,,,BOARD_2,3,4,450.000,1972.000,686.000,2448.000,568.000,2210.000,236.000,476.000,26.430000,336.609542,4.320833
1780301496.088749,,,BOARD_2,3,5,130.000,1748.000,366.000,2224.000,248.000,1986.000,236.000,476.000,26.430000,335.151208,5.347500
1780301496.139380,,,BOARD_2,4,0,3558.000,2207.000,3794.000,2683.000,3676.000,2445.000,236.000,476.000,26.430000,350.372904,3.243750
1780301496.139380,,,BOARD_2,4,1,3494.000,1631.000,3730.000,2107.000,3612.000,1869.000,236.000,476.000,26.430000,350.081237,5.883750
1780301496.328342,,,BOARD_2,1,0,197.000,2182.000,433.000,2658.000,315.000,2420.000,236.000,476.000,26.430000,8.244847,3.358333
1780301496.328342,,,BOARD_2,1,1,469.000,2134.000,705.000,2610.000,587.000,2372.000,236.000,476.000,26.430000,9.484430,3.578333
1780301496.328342,,,BOARD_2,1,2,309.000,2182.000,545.000,2658.000,427.000,2420.000,236.000,476.000,26.430000,8.755264,3.358333
1780301496.328342,,,BOARD_2,1,3,245.000,1670.000,481.000,2146.000,363.000,1908.000,236.000,476.000,26.430000,8.463597,5.705000
1780301496.328342,,,BOARD_2,1,4,357.000,2058.000,489.000,2150.000,423.000,2104.000,132.000,92.000,47.250000,8.737034,4.806667
1780301496.328342,,,BOARD_2,1,5,677.000,2054.000,913.000,2530.000,795.000,2292.000,236.000,476.000,26.430000,10.432347,3.945000
1780301496.328342,,,BOARD_2,1,6,859.000,2086.000,899.000,2138.000,879.000,2112.000,40.000,52.000,155.930000,10.815159,4.770000
1780301496.328342,,,BOARD_2,1,7,234.000,1918.000,273.000,1969.000,253.500,1943.500,39.000,51.000,159.930000,7.964573,5.542292
1780301496.378350,,,BOARD_2,3,0,1053.000,2209.000,1289.000,2685.000,1171.000,2447.000,236.000,476.000,26.430000,339.357589,3.234583
1780301496.378350,,,BOARD_2,3,1,1037.000,1649.000,1273.000,2125.000,1155.000,1887.000,236.000,476.000,26.430000,339.284672,5.801250
1780301496.378350,,,BOARD_2,3,2,1437.000,2209.000,1673.000,2685.000,1555.000,2447.000,236.000,476.000,26.430000,341.107589,3.234583
1780301496.378350,,,BOARD_2,3,3,1245.000,2177.000,1481.000,2653.000,1363.000,2415.000,236.000,476.000,26.430000,340.232589,3.381250
1780301496.378350,,,BOARD_2,3,4,1085.000,1953.000,1321.000,2429.000,1203.000,2191.000,236.000,476.000,26.430000,339.503422,4.407917
1780301496.378350,,,BOARD_2,3,5,998.000,1991.000,1062.000,2111.000,1030.000,2051.000,64.000,120.000,97.460000,338.715010,5.049583
1780301496.489579,,,BOARD_2,4,0,634.000,2080.000,870.000,2556.000,752.000,2318.000,236.000,476.000,26.430000,337.047383,3.825833
1780301496.489579,,,BOARD_2,4,1,64.000,1794.000,528.000,2154.000,296.000,1974.000,464.000,360.000,13.440000,334.969258,5.402500
1780301496.714259,,,BOARD_2,1,0,466.000,2052.000,702.000,2528.000,584.000,2290.000,236.000,476.000,26.430000,9.470758,3.954167
1780301496.714259,,,BOARD_2,1,1,338.000,1956.000,574.000,2432.000,456.000,2194.000,236.000,476.000,26.430000,8.887425,4.394167
1780301496.714259,,,BOARD_2,1,2,-62.000,2052.000,174.000,2528.000,56.000,2290.000,236.000,476.000,26.430000,7.064508,3.954167
1780301496.714259,,,BOARD_2,1,3,466.000,1764.000,702.000,2240.000,584.000,2002.000,236.000,476.000,26.430000,9.470758,5.274167
1780301496.714259,,,BOARD_2,1,4,114.000,1892.000,350.000,2368.000,232.000,2130.000,236.000,476.000,26.430000,7.866592,4.687500
1780301496.714259,,,BOARD_2,1,5,306.000,1796.000,542.000,2272.000,424.000,2034.000,236.000,476.000,26.430000,8.741592,5.127500
1780301496.714259,,,BOARD_2,1,6,76.000,1754.000,140.000,1874.000,108.000,1814.000,64.000,120.000,97.460000,7.301488,6.135833
1780301496.714259,,,BOARD_2,1,7,338.000,1588.000,574.000,2064.000,456.000,1826.000,236.000,476.000,26.430000,8.887425,6.080833
1780301496.714259,,,BOARD_2,1,8,-46.000,1892.000,190.000,2368.000,72.000,2130.000,236.000,476.000,26.430000,7.137425,4.687500
1780301496.714259,,,BOARD_2,1,9,34.000,1684.000,270.000,2160.000,152.000,1922.000,236.000,476.000,26.430000,7.502008,5.640833
1780301496.714259,,,BOARD_2,1,10,130.000,2068.000,366.000,2544.000,248.000,2306.000,236.000,476.000,26.430000,7.939508,3.880833
1780301496.765347,,,BOARD_2,3,0,847.000,1649.000,1083.000,2125.000,965.000,1887.000,236.000,476.000,26.430000,338.418786,5.801250
1780301496.765347,,,BOARD_2,3,1,1039.000,1649.000,1275.000,2125.000,1157.000,1887.000,236.000,476.000,26.430000,339.293786,5.801250
1780301496.765347,,,BOARD_2,3,2,1055.000,2209.000,1291.000,2685.000,1173.000,2447.000,236.000,476.000,26.430000,339.366703,3.234583
1780301496.765347,,,BOARD_2,3,3,664.000,2223.000,728.000,2343.000,696.000,2283.000,64.000,120.000,97.460000,337.192875,3.986250
1780301496.765347,,,BOARD_2,3,4,671.000,1777.000,907.000,2253.000,789.000,2015.000,236.000,476.000,26.430000,337.616703,5.214583
1780301496.863660,,,BOARD_2,4,0,2359.000,2127.000,2595.000,2603.000,2477.000,2365.000,236.000,476.000,26.430000,344.908711,3.610417
1780301496.863660,,,BOARD_2,4,1,2263.000,1775.000,2499.000,2251.000,2381.000,2013.000,236.000,476.000,26.430000,344.471211,5.223750
1780301496.863660,,,BOARD_2,4,2,2343.000,1855.000,2579.000,2331.000,2461.000,2093.000,236.000,476.000,26.430000,344.835795,4.857083
1780301496.939946,,,BOARD_2,0,0,3837.000,823.000,4301.000,1183.000,4069.000,1003.000,464.000,360.000,13.440000,44.102220,9.852917
1780301496.957901,,,BOARD_2,1,0,338.000,2201.000,574.000,2677.000,456.000,2439.000,236.000,476.000,26.430000,8.887425,3.271250
1780301496.957901,,,BOARD_2,1,1,-78.000,2201.000,158.000,2677.000,40.000,2439.000,236.000,476.000,26.430000,6.991592,3.271250
1780301496.957901,,,BOARD_2,1,2,34.000,2105.000,270.000,2581.000,152.000,2343.000,236.000,476.000,26.430000,7.502008,3.711250
1780301496.957901,,,BOARD_2,1,3,498.000,2153.000,734.000,2629.000,616.000,2391.000,236.000,476.000,26.430000,9.616592,3.491250
1780301496.957901,,,BOARD_2,1,4,-78.000,1977.000,158.000,2453.000,40.000,2215.000,236.000,476.000,26.430000,6.991592,4.297917
1780301496.957901,,,BOARD_2,1,5,168.000,1691.000,632.000,2051.000,400.000,1871.000,464.000,360.000,13.440000,8.632217,5.874583
1780301496.957901,,,BOARD_2,1,6,18.000,1913.000,254.000,2389.000,136.000,2151.000,236.000,476.000,26.430000,7.429092,4.591250
1780301496.957901,,,BOARD_2,1,7,146.000,2041.000,382.000,2517.000,264.000,2279.000,236.000,476.000,26.430000,8.012425,4.004583
1780301496.957901,,,BOARD_2,1,8,290.000,1881.000,526.000,2357.000,408.000,2119.000,236.000,476.000,26.430000,8.668675,4.737917
1780301497.187711,,,BOARD_2,3,0,828.000,1679.000,1064.000,2155.000,946.000,1917.000,236.000,476.000,26.430000,338.332198,5.663750
1780301497.187711,,,BOARD_2,3,1,274.000,1697.000,738.000,2057.000,506.000,1877.000,464.000,360.000,13.440000,336.326990,5.847083
1780301497.187711,,,BOARD_2,3,2,668.000,1791.000,904.000,2267.000,786.000,2029.000,236.000,476.000,26.430000,337.603031,5.150417
1780301497.187711,,,BOARD_2,3,3,812.000,1855.000,1048.000,2331.000,930.000,2093.000,236.000,476.000,26.430000,338.259281,4.857083
1780301497.187711,,,BOARD_2,3,4,434.000,1729.000,898.000,2089.000,666.000,1909.000,464.000,360.000,13.440000,337.056156,5.700417
1780301497.187711,,,BOARD_2,3,5,562.000,1665.000,1026.000,2025.000,794.000,1845.000,464.000,360.000,13.440000,337.639490,5.993750
1780301497.241708,,,BOARD_2,4,0,513.000,2080.000,749.000,2556.000,631.000,2318.000,236.000,476.000,26.430000,336.495951,3.825833
1780301497.241708,,,BOARD_2,4,1,679.000,1698.000,1143.000,2058.000,911.000,1878.000,464.000,360.000,13.440000,337.771993,5.842500
1780301497.311845,,,BOARD_2,3,0,418.000,1634.000,654.000,2110.000,536.000,1872.000,236.000,476.000,26.430000,336.463708,5.870000
1780301497.311845,,,BOARD_2,3,1,514.000,1874.000,750.000,2350.000,632.000,2112.000,236.000,476.000,26.430000,336.901208,4.770000
1780301497.311845,,,BOARD_2,3,2,18.000,1858.000,254.000,2334.000,136.000,2096.000,236.000,476.000,26.430000,334.640792,4.843333
1780301497.311845,,,BOARD_2,3,3,482.000,2098.000,718.000,2574.000,600.000,2336.000,236.000,476.000,26.430000,336.755375,3.743333
1780301497.311845,,,BOARD_2,3,4,210.000,1634.000,446.000,2110.000,328.000,1872.000,236.000,476.000,26.430000,335.515792,5.870000
1780301497.356175,,,BOARD_2,1,0,325.000,1883.000,561.000,2359.000,443.000,2121.000,236.000,476.000,26.430000,8.828180,4.728750
1780301497.356175,,,BOARD_2,1,1,469.000,2139.000,705.000,2615.000,587.000,2377.000,236.000,476.000,26.430000,9.484430,3.555417
1780301497.356175,,,BOARD_2,1,2,325.000,2187.000,561.000,2663.000,443.000,2425.000,236.000,476.000,26.430000,8.828180,3.335417
1780301497.356175,,,BOARD_2,1,3,677.000,2043.000,913.000,2519.000,795.000,2281.000,236.000,476.000,26.430000,10.432347,3.995417
1780301497.356175,,,BOARD_2,1,4,382.000,1777.000,446.000,1897.000,414.000,1837.000,64.000,120.000,97.460000,8.696019,6.030417
1780301497.356175,,,BOARD_2,1,5,821.000,2155.000,1057.000,2631.000,939.000,2393.000,236.000,476.000,26.430000,11.088597,3.482083
1780301497.356175,,,BOARD_2,1,6,991.000,2145.000,1055.000,2265.000,1023.000,2205.000,64.000,120.000,97.460000,11.471409,4.343750
1780301497.356175,,,BOARD_2,1,7,639.000,1967.000,887.000,2146.000,763.000,2056.500,248.000,179.000,25.150000,10.286514,5.024375
1780301497.491409,,,BOARD_2,4,0,519.000,2071.000,755.000,2547.000,637.000,2309.000,236.000,476.000,26.430000,336.523295,3.867083
1780301497.491409,,,BOARD_2,4,1,1015.000,1895.000,1251.000,2371.000,1133.000,2133.000,236.000,476.000,26.430000,338.783711,4.673750
1780301497.631042,,,BOARD_2,1,0,1054.000,2057.000,1290.000,2533.000,1172.000,2295.000,236.000,476.000,26.430000,12.150446,3.931250
1780301497.631042,,,BOARD_2,1,1,712.000,1983.000,776.000,2102.000,744.000,2042.500,64.000,119.000,97.460000,10.199925,5.088542
1780301497.631042,,,BOARD_2,1,2,568.000,2189.000,688.000,2433.000,628.000,2311.000,120.000,244.000,51.980000,9.671279,3.857917
1780301497.664064,,,BOARD_2,3,0,369.000,1634.000,605.000,2110.000,487.000,1872.000,236.000,476.000,26.430000,336.240401,5.870000
1780301497.664064,,,BOARD_2,3,1,513.000,1650.000,749.000,2126.000,631.000,1888.000,236.000,476.000,26.430000,336.896651,5.796667
1780301497.664064,,,BOARD_2,3,2,71.000,1700.000,535.000,2060.000,303.000,1880.000,464.000,360.000,13.440000,335.401859,5.833333
1780301497.664064,,,BOARD_2,3,3,321.000,2002.000,557.000,2478.000,439.000,2240.000,236.000,476.000,26.430000,336.021651,4.183333
1780301497.757148,,,BOARD_2,4,0,1025.000,1916.000,1273.000,2096.000,1149.000,2006.000,248.000,180.000,25.150000,338.856628,5.255833
1780301497.757148,,,BOARD_2,4,1,519.000,2072.000,755.000,2548.000,637.000,2310.000,236.000,476.000,26.430000,336.523295,3.862500
1780301498.013786,,,BOARD_2,1,0,383.000,1988.000,503.000,2232.000,443.000,2110.000,120.000,244.000,51.980000,8.828180,4.779167
1780301498.013786,,,BOARD_2,1,1,469.000,2144.000,705.000,2620.000,587.000,2382.000,236.000,476.000,26.430000,9.484430,3.532500
1780301498.013786,,,BOARD_2,1,2,325.000,2192.000,561.000,2668.000,443.000,2430.000,236.000,476.000,26.430000,8.828180,3.312500
1780301498.013786,,,BOARD_2,1,3,723.000,2024.000,763.000,2076.000,743.000,2050.000,40.000,52.000,155.930000,10.195368,5.054167
1780301498.013786,,,BOARD_2,1,4,677.000,2048.000,913.000,2524.000,795.000,2286.000,236.000,476.000,26.430000,10.432347,3.972500
1780301498.013786,,,BOARD_2,1,5,821.000,2112.000,1057.000,2588.000,939.000,2350.000,236.000,476.000,26.430000,11.088597,3.679167
1780301498.144738,,,BOARD_2,3,0,418.000,1648.000,654.000,2124.000,536.000,1886.000,236.000,476.000,26.430000,336.463708,5.805833
1780301498.144738,,,BOARD_2,3,1,514.000,1872.000,750.000,2348.000,632.000,2110.000,236.000,476.000,26.430000,336.901208,4.779167
1780301498.144738,,,BOARD_2,3,2,482.000,2096.000,718.000,2572.000,600.000,2334.000,236.000,476.000,26.430000,336.755375,3.752500
1780301498.144738,,,BOARD_2,3,3,18.000,1856.000,254.000,2332.000,136.000,2094.000,236.000,476.000,26.430000,334.640792,4.852500
1780301498.144738,,,BOARD_2,3,4,72.000,1698.000,536.000,2058.000,304.000,1878.000,464.000,360.000,13.440000,335.406417,5.842500
1780301498.255501,,,BOARD_2,4,0,513.000,2080.000,749.000,2556.000,631.000,2318.000,236.000,476.000,26.430000,336.495951,3.825833
1780301498.255501,,,BOARD_2,4,1,737.000,1776.000,973.000,2252.000,855.000,2014.000,236.000,476.000,26.430000,337.516784,5.219167
1780301498.255501,,,BOARD_2,4,2,689.000,2208.000,925.000,2684.000,807.000,2446.000,236.000,476.000,26.430000,337.298034,3.239167
1780301498.255501,,,BOARD_2,4,3,859.000,1822.000,923.000,1942.000,891.000,1882.000,64.000,120.000,97.460000,337.680847,5.824167
1780301498.424218,,,BOARD_2,1,0,482.000,2153.000,718.000,2629.000,600.000,2391.000,236.000,476.000,26.430000,9.543675,3.491250
1780301498.424218,,,BOARD_2,1,1,258.000,1641.000,494.000,2117.000,376.000,1879.000,236.000,476.000,26.430000,8.522842,5.837917
1780301498.424218,,,BOARD_2,1,2,-78.000,1977.000,158.000,2453.000,40.000,2215.000,236.000,476.000,26.430000,6.991592,4.297917
1780301498.424218,,,BOARD_2,1,3,-78.000,2201.000,158.000,2677.000,40.000,2439.000,236.000,476.000,26.430000,6.991592,3.271250
1780301498.424218,,,BOARD_2,1,4,322.000,2201.000,558.000,2677.000,440.000,2439.000,236.000,476.000,26.430000,8.814508,3.271250
1780301498.424218,,,BOARD_2,1,5,34.000,2105.000,270.000,2581.000,152.000,2343.000,236.000,476.000,26.430000,7.502008,3.711250
1780301498.424218,,,BOARD_2,1,6,146.000,2089.000,382.000,2565.000,264.000,2327.000,236.000,476.000,26.430000,8.012425,3.784583
1780301498.424218,,,BOARD_2,1,7,290.000,1881.000,526.000,2357.000,408.000,2119.000,236.000,476.000,26.430000,8.668675,4.737917
1780301498.424218,,,BOARD_2,1,8,8.000,1819.000,472.000,2179.000,240.000,1999.000,464.000,360.000,13.440000,7.903050,5.287917
1780301498.468773,,,BOARD_2,3,0,1051.000,2210.000,1287.000,2686.000,1169.000,2448.000,236.000,476.000,26.430000,339.348474,3.230000
1780301498.468773,,,BOARD_2,3,1,939.000,2210.000,1175.000,2686.000,1057.000,2448.000,236.000,476.000,26.430000,338.838057,3.230000
1780301498.468773,,,BOARD_2,3,2,1035.000,1650.000,1271.000,2126.000,1153.000,1888.000,236.000,476.000,26.430000,339.275557,5.796667
1780301498.468773,,,BOARD_2,3,3,1243.000,2178.000,1479.000,2654.000,1361.000,2416.000,236.000,476.000,26.430000,340.223474,3.376667
1780301498.468773,,,BOARD_2,3,4,1435.000,2210.000,1671.000,2686.000,1553.000,2448.000,236.000,476.000,26.430000,341.098474,3.230000
1780301498.468773,,,BOARD_2,3,5,964.000,1958.000,1084.000,2202.000,1024.000,2080.000,120.000,244.000,51.980000,338.687667,4.916667
1780301498.468773,,,BOARD_2,3,6,988.000,1848.000,1052.000,1968.000,1020.000,1908.000,64.000,120.000,97.460000,338.669438,5.705000
1780301498.627670,,,BOARD_2,4,0,2215.000,1769.000,2451.000,2245.000,2333.000,2007.000,236.000,476.000,26.430000,344.252461,5.251250
1780301498.776400,,,BOARD_2,1,0,335.000,2127.000,571.000,2603.000,453.000,2365.000,236.000,476.000,26.430000,8.873753,3.610417
1780301498.776400,,,BOARD_2,1,1,319.000,1887.000,555.000,2363.000,437.000,2125.000,236.000,476.000,26.430000,8.800836,4.710417
1780301498.776400,,,BOARD_2,1,2,463.000,2127.000,699.000,2603.000,581.000,2365.000,236.000,476.000,26.430000,9.457086,3.610417
1780301498.776400,,,BOARD_2,1,3,687.000,1983.000,923.000,2459.000,805.000,2221.000,236.000,476.000,26.430000,10.477920,4.270417
1780301498.776400,,,BOARD_2,1,4,376.000,1797.000,440.000,1917.000,408.000,1857.000,64.000,120.000,97.460000,8.668675,5.938750
1780301498.776400,,,BOARD_2,1,5,569.000,2147.000,689.000,2391.000,629.000,2269.000,120.000,244.000,51.980000,9.675836,4.050417
1780301498.776400,,,BOARD_2,1,6,725.000,2023.000,765.000,2075.000,745.000,2049.000,40.000,52.000,155.930000,10.204482,5.058750
1780301498.941624,,,BOARD_2,3,0,482.000,1648.000,718.000,2124.000,600.000,1886.000,236.000,476.000,26.430000,336.755375,5.805833
1780301498.941624,,,BOARD_2,3,1,34.000,1840.000,270.000,2316.000,152.000,2078.000,236.000,476.000,26.430000,334.713708,4.925833
1780301498.941624,,,BOARD_2,3,2,162.000,1632.000,398.000,2108.000,280.000,1870.000,236.000,476.000,26.430000,335.297042,5.879167
1780301498.941624,,,BOARD_2,3,3,482.000,1792.000,718.000,2268.000,600.000,2030.000,236.000,476.000,26.430000,336.755375,5.145833
1780301498.941624,,,BOARD_2,3,4,418.000,2016.000,654.000,2492.000,536.000,2254.000,236.000,476.000,26.430000,336.463708,4.119167
1780301498.941624,,,BOARD_2,3,5,604.000,2246.000,668.000,2366.000,636.000,2306.000,64.000,120.000,97.460000,336.919438,3.880833
1780301499.078928,,,BOARD_2,4,0,522.000,2056.000,758.000,2532.000,640.000,2294.000,236.000,476.000,26.430000,336.536967,3.935833
1780301499.078928,,,BOARD_2,4,1,267.000,2214.000,331.000,2334.000,299.000,2274.000,64.000,120.000,97.460000,334.982930,4.027500
1780301499.078928,,,BOARD_2,4,2,698.000,2168.000,934.000,2644.000,816.000,2406.000,236.000,476.000,26.430000,337.339050,3.422500
1780301499.078928,,,BOARD_2,4,3,260.000,2348.000,508.000,2528.000,384.000,2438.000,248.000,180.000,25.150000,335.370300,3.275833
1780301499.161877,,,BOARD_2,1,0,475.000,2146.000,711.000,2622.000,593.000,2384.000,236.000,476.000,26.430000,9.511774,3.523333
1780301499.161877,,,BOARD_2,1,1,827.000,2162.000,1063.000,2638.000,945.000,2400.000,236.000,476.000,26.430000,11.115941,3.450000
1780301499.161877,,,BOARD_2,1,2,629.000,1974.000,877.000,2154.000,753.000,2064.000,248.000,180.000,25.150000,10.240941,4.990000
1780301499.161877,,,BOARD_2,1,3,1019.000,2390.000,1151.000,2482.000,1085.000,2436.000,132.000,92.000,47.250000,11.753961,3.285000
1780301499.161877,,,BOARD_2,1,4,619.000,2178.000,855.000,2654.000,737.000,2416.000,236.000,476.000,26.430000,10.168024,3.376667
1780301499.307019,,,BOARD_2,3,0,1036.000,1645.000,1272.000,2121.000,1154.000,1883.000,236.000,476.000,26.430000,339.280115,5.819583
1780301499.307019,,,BOARD_2,3,1,844.000,1645.000,1080.000,2121.000,962.000,1883.000,236.000,476.000,26.430000,338.405115,5.819583
1780301499.307019,,,BOARD_2,3,2,1052.000,2205.000,1288.000,2681.000,1170.000,2443.000,236.000,476.000,26.430000,339.353031,3.252917
1780301499.307019,,,BOARD_2,3,3,1244.000,2173.000,1480.000,2649.000,1362.000,2411.000,236.000,476.000,26.430000,340.228031,3.399583
1780301499.307019,,,BOARD_2,3,4,797.000,2091.000,861.000,2211.000,829.000,2151.000,64.000,120.000,97.460000,337.798995,4.591250
1780301499.307019,,,BOARD_2,3,5,1100.000,1933.000,1336.000,2409.000,1218.000,2171.000,236.000,476.000,26.430000,339.571781,4.499583
1780301499.334580,,,BOARD_2,4,0,3673.000,1693.000,4137.000,2053.000,3905.000,1873.000,464.000,360.000,13.440000,351.416524,5.865417
1780301499.334580,,,BOARD_2,4,1,3225.000,2269.000,3689.000,2629.000,3457.000,2449.000,464.000,360.000,13.440000,349.374857,3.225417
1780301499.334580,,,BOARD_2,4,2,3603.000,1643.000,3839.000,2119.000,3721.000,1881.000,236.000,476.000,26.430000,350.577982,5.828750
1780301499.334580,,,BOARD_2,4,3,3795.000,2203.000,4031.000,2679.000,3913.000,2441.000,236.000,476.000,26.430000,351.452982,3.262083
1780301499.429345,,,BOARD_2,1,0,258.000,1650.000,494.000,2126.000,376.000,1888.000,236.000,476.000,26.430000,8.522842,5.796667
1780301499.429345,,,BOARD_2,1,1,482.000,2226.000,718.000,2702.000,600.000,2464.000,236.000,476.000,26.430000,9.543675,3.156667
1780301499.429345,,,BOARD_2,1,2,322.000,2210.000,558.000,2686.000,440.000,2448.000,236.000,476.000,26.430000,8.814508,3.230000
1780301499.429345,,,BOARD_2,1,3,-78.000,2210.000,158.000,2686.000,40.000,2448.000,236.000,476.000,26.430000,6.991592,3.230000
1780301499.429345,,,BOARD_2,1,4,-78.000,1970.000,158.000,2446.000,40.000,2208.000,236.000,476.000,26.430000,6.991592,4.330000
1780301499.429345,,,BOARD_2,1,5,370.000,2054.000,502.000,2146.000,436.000,2100.000,132.000,92.000,47.250000,8.796279,4.825000
1780301499.429345,,,BOARD_2,1,6,34.000,2114.000,270.000,2590.000,152.000,2352.000,236.000,476.000,26.430000,7.502008,3.670000
1780301499.429345,,,BOARD_2,1,7,130.000,2018.000,366.000,2494.000,248.000,2256.000,236.000,476.000,26.430000,7.939508,4.110000
1780301499.558796,,,BOARD_2,3,0,355.000,1650.000,591.000,2126.000,473.000,1888.000,236.000,476.000,26.430000,336.176599,5.796667
1780301499.558796,,,BOARD_2,3,1,483.000,1858.000,719.000,2334.000,601.000,2096.000,236.000,476.000,26.430000,336.759932,4.843333
1780301499.558796,,,BOARD_2,3,2,41.000,1700.000,505.000,2060.000,273.000,1880.000,464.000,360.000,13.440000,335.265141,5.833333
1780301499.558796,,,BOARD_2,3,3,3.000,1858.000,239.000,2334.000,121.000,2096.000,236.000,476.000,26.430000,334.572432,4.843333
1780301499.558796,,,BOARD_2,3,4,323.000,2002.000,559.000,2478.000,441.000,2240.000,236.000,476.000,26.430000,336.030766,4.183333
1780301499.619563,,,BOARD_2,4,0,3641.000,1649.000,3877.000,2125.000,3759.000,1887.000,236.000,476.000,26.430000,350.751159,5.801250
1780301499.619563,,,BOARD_2,4,1,3711.000,1699.000,4175.000,2059.000,3943.000,1879.000,464.000,360.000,13.440000,351.589701,5.837917
1780301499.619563,,,BOARD_2,4,2,3977.000,1633.000,4213.000,2109.000,4095.000,1871.000,236.000,476.000,26.430000,352.282409,5.874583
1780301499.846035,,,BOARD_2,3,0,1053.000,2210.000,1289.000,2686.000,1171.000,2448.000,236.000,476.000,26.430000,339.357589,3.230000
1780301499.846035,,,BOARD_2,3,1,1437.000,2210.000,1673.000,2686.000,1555.000,2448.000,236.000,476.000,26.430000,341.107589,3.230000
1780301499.846035,,,BOARD_2,3,2,931.000,1700.000,1395.000,2060.000,1163.000,1880.000,464.000,360.000,13.440000,339.321130,5.833333
1780301499.846035,,,BOARD_2,3,3,1245.000,2178.000,1481.000,2654.000,1363.000,2416.000,236.000,476.000,26.430000,340.232589,3.376667
1780301499.846035,,,BOARD_2,3,4,998.000,1992.000,1062.000,2112.000,1030.000,2052.000,64.000,120.000,97.460000,338.715010,5.045000
1780301499.994750,,,BOARD_2,4,0,633.000,2082.000,869.000,2558.000,751.000,2320.000,236.000,476.000,26.430000,337.042826,3.816667
1780301499.994750,,,BOARD_2,4,1,31.000,1796.000,495.000,2156.000,263.000,1976.000,464.000,360.000,13.440000,334.818868,5.393333
1780301500.043514,,,BOARD_2,1,0,402.000,2210.000,638.000,2686.000,520.000,2448.000,236.000,476.000,26.430000,9.179092,3.230000
1780301500.043514,,,BOARD_2,1,1,524.000,2198.000,772.000,2378.000,648.000,2288.000,248.000,180.000,25.150000,9.762425,3.963333
1780301500.043514,,,BOARD_2,1,2,616.000,2426.000,656.000,2478.000,636.000,2452.000,40.000,52.000,155.930000,9.707738,3.211667
1780301500.043514,,,BOARD_2,1,3,-78.000,2210.000,158.000,2686.000,40.000,2448.000,236.000,476.000,26.430000,6.991592,3.230000
1780301500.043514,,,BOARD_2,1,4,232.000,1700.000,696.000,2060.000,464.000,1880.000,464.000,360.000,13.440000,8.923883,5.833333
1780301500.043514,,,BOARD_2,1,5,-78.000,1986.000,158.000,2462.000,40.000,2224.000,236.000,476.000,26.430000,6.991592,4.256667
1780301500.043514,,,BOARD_2,1,6,442.000,2054.000,574.000,2146.000,508.000,2100.000,132.000,92.000,47.250000,9.124404,4.825000
1780301500.043514,,,BOARD_2,1,7,50.000,2114.000,286.000,2590.000,168.000,2352.000,236.000,476.000,26.430000,7.574925,3.670000
1780301500.043514,,,BOARD_2,1,8,178.000,2018.000,414.000,2494.000,296.000,2256.000,236.000,476.000,26.430000,8.158258,4.110000
1780301500.043514,,,BOARD_2,1,9,34.000,1906.000,270.000,2382.000,152.000,2144.000,236.000,476.000,26.430000,7.502008,4.623333
1780301500.213406,,,BOARD_2,4,0,519.000,2070.000,755.000,2546.000,637.000,2308.000,236.000,476.000,26.430000,336.523295,3.871667
1780301500.250618,,,BOARD_2,3,0,178.000,1630.000,414.000,2106.000,296.000,1868.000,236.000,476.000,26.430000,335.369958,5.888333
1780301500.250618,,,BOARD_2,3,1,498.000,1822.000,734.000,2298.000,616.000,2060.000,236.000,476.000,26.430000,336.828292,5.008333
1780301500.250618,,,BOARD_2,3,2,290.000,1646.000,526.000,2122.000,408.000,1884.000,236.000,476.000,26.430000,335.880375,5.815000
1780301500.250618,,,BOARD_2,3,3,498.000,1630.000,734.000,2106.000,616.000,1868.000,236.000,476.000,26.430000,336.828292,5.888333
1780301500.250618,,,BOARD_2,3,4,50.000,1838.000,286.000,2314.000,168.000,2076.000,236.000,476.000,26.430000,334.786625,4.935000
1780301500.250618,,,BOARD_2,3,5,466.000,2014.000,702.000,2490.000,584.000,2252.000,236.000,476.000,26.430000,336.682458,4.128333
1780301500.366531,,,BOARD_2,3,0,851.000,1608.000,1087.000,2084.000,969.000,1846.000,236.000,476.000,26.430000,338.437016,5.989167
1780301500.366531,,,BOARD_2,3,1,788.000,2086.000,852.000,2206.000,820.000,2146.000,64.000,120.000,97.460000,337.757979,4.614167
1780301500.366531,,,BOARD_2,3,2,1091.000,1944.000,1327.000,2420.000,1209.000,2182.000,236.000,476.000,26.430000,339.530766,4.449167
1780301500.366531,,,BOARD_2,3,3,1059.000,2184.000,1295.000,2660.000,1177.000,2422.000,236.000,476.000,26.430000,339.384932,3.349167
1780301500.366531,,,BOARD_2,3,4,1251.000,2184.000,1487.000,2660.000,1369.000,2422.000,236.000,476.000,26.430000,340.259932,3.349167
1780301500.470810,,,BOARD_2,4,0,513.000,2082.000,749.000,2558.000,631.000,2320.000,236.000,476.000,26.430000,336.495951,3.816667
1780301500.470810,,,BOARD_2,4,1,737.000,1778.000,973.000,2254.000,855.000,2016.000,236.000,476.000,26.430000,337.516784,5.210000
1780301500.470810,,,BOARD_2,4,2,689.000,2210.000,925.000,2686.000,807.000,2448.000,236.000,476.000,26.430000,337.298034,3.230000
1780301500.470810,,,BOARD_2,4,3,721.000,2018.000,957.000,2494.000,839.000,2256.000,236.000,476.000,26.430000,337.443868,4.110000
1780301500.542582,,,BOARD_2,1,0,1055.000,2057.000,1291.000,2533.000,1173.000,2295.000,236.000,476.000,26.430000,12.155003,3.931250
1780301500.542582,,,BOARD_2,1,1,725.000,2017.000,764.000,2068.000,744.500,2042.500,39.000,51.000,159.930000,10.202204,5.088542
1780301500.542582,,,BOARD_2,1,2,535.000,2397.000,667.000,2489.000,601.000,2443.000,132.000,92.000,47.250000,9.548232,3.252917
1780301500.542582,,,BOARD_2,1,3,975.000,2217.000,1211.000,2693.000,1093.000,2455.000,236.000,476.000,26.430000,11.790420,3.197917
1780301500.542582,,,BOARD_2,1,4,687.000,2009.000,923.000,2485.000,805.000,2247.000,236.000,476.000,26.430000,10.477920,4.151250
1780301500.756275,,,BOARD_2,3,0,1053.000,2210.000,1289.000,2686.000,1171.000,2448.000,236.000,476.000,26.430000,339.357589,3.230000
1780301500.756275,,,BOARD_2,3,1,1437.000,2210.000,1673.000,2686.000,1555.000,2448.000,236.000,476.000,26.430000,341.107589,3.230000
1780301500.756275,,,BOARD_2,3,2,1037.000,1650.000,1273.000,2126.000,1155.000,1888.000,236.000,476.000,26.430000,339.284672,5.796667
1780301500.756275,,,BOARD_2,3,3,941.000,2226.000,1177.000,2702.000,1059.000,2464.000,236.000,476.000,26.430000,338.847172,3.156667
1780301500.756275,,,BOARD_2,3,4,1245.000,2178.000,1481.000,2654.000,1363.000,2416.000,236.000,476.000,26.430000,340.232589,3.376667
1780301500.756275,,,BOARD_2,3,5,982.000,1856.000,1046.000,1976.000,1014.000,1916.000,64.000,120.000,97.460000,338.642094,5.668333
1780301500.756275,,,BOARD_2,3,6,1453.000,1906.000,1689.000,2382.000,1571.000,2144.000,236.000,476.000,26.430000,341.180505,4.623333
1780301500.756275,,,BOARD_2,3,7,990.000,2000.000,1054.000,2120.000,1022.000,2060.000,64.000,120.000,97.460000,338.678552,5.008333
1780301500.862347,,,BOARD_2,4,0,3521.000,2207.000,3757.000,2683.000,3639.000,2445.000,236.000,476.000,26.430000,350.204284,3.243750
1780301500.862347,,,BOARD_2,4,1,3505.000,1631.000,3741.000,2107.000,3623.000,1869.000,236.000,476.000,26.430000,350.131368,5.883750
1780301500.911924,,,BOARD_2,1,0,470.000,2141.000,706.000,2617.000,588.000,2379.000,236.000,476.000,26.430000,9.488988,3.546250
1780301500.911924,,,BOARD_2,1,1,310.000,2189.000,546.000,2665.000,428.000,2427.000,236.000,476.000,26.430000,8.759821,3.326250
1780301500.911924,,,BOARD_2,1,2,848.000,2051.000,912.000,2171.000,880.000,2111.000,64.000,120.000,97.460000,10.819717,4.774583
1780301500.911924,,,BOARD_2,1,3,198.000,2189.000,434.000,2665.000,316.000,2427.000,236.000,476.000,26.430000,8.249404,3.326250
1780301500.911924,,,BOARD_2,1,4,156.000,1711.000,620.000,2071.000,388.000,1891.000,464.000,360.000,13.440000,8.577529,5.782917
1780301500.911924,,,BOARD_2,1,5,710.000,2189.000,946.000,2665.000,828.000,2427.000,236.000,476.000,26.430000,10.582738,3.326250
1780301500.911924,,,BOARD_2,1,6,712.000,1987.000,776.000,2107.000,744.000,2047.000,64.000,120.000,97.460000,10.199925,5.067917
1780301500.972628,,,BOARD_2,4,0,635.000,2082.000,871.000,2558.000,753.000,2320.000,236.000,476.000,26.430000,337.051941,3.816667
1780301501.011733,,,BOARD_2,3,0,194.000,1627.000,430.000,2103.000,312.000,1865.000,236.000,476.000,26.430000,335.442875,5.902083
1780301501.011733,,,BOARD_2,3,1,66.000,1851.000,302.000,2327.000,184.000,2089.000,236.000,476.000,26.430000,334.859542,4.875417
1780301501.011733,,,BOARD_2,3,2,322.000,1643.000,558.000,2119.000,440.000,1881.000,236.000,476.000,26.430000,336.026208,5.828750
1780301501.110323,,,BOARD_2,1,0,1066.000,2029.000,1302.000,2505.000,1184.000,2267.000,236.000,476.000,26.430000,12.205133,4.059583
1780301501.110323,,,BOARD_2,1,1,922.000,1997.000,1158.000,2473.000,1040.000,2235.000,236.000,476.000,26.430000,11.548883,4.206250
1780301501.110323,,,BOARD_2,1,2,587.000,2219.000,651.000,2339.000,619.000,2279.000,64.000,120.000,97.460000,9.630264,4.004583
1780301501.110323,,,BOARD_2,1,3,563.000,2289.000,683.000,2533.000,623.000,2411.000,120.000,244.000,51.980000,9.648493,3.399583
1780301501.110323,,,BOARD_2,1,4,698.000,1901.000,934.000,2377.000,816.000,2139.000,236.000,476.000,26.430000,10.528050,4.646250
1780301501.110323,,,BOARD_2,1,5,628.000,1969.000,876.000,2149.000,752.000,2059.000,248.000,180.000,25.150000,10.236383,5.012917
1780301501.149222,,,BOARD_2,3,0,203.000,1611.000,439.000,2087.000,321.000,1849.000,236.000,476.000,26.430000,335.483891,5.975417
1780301501.149222,,,BOARD_2,3,1,667.000,1787.000,903.000,2263.000,785.000,2025.000,236.000,476.000,26.430000,337.598474,5.168750
1780301501.149222,,,BOARD_2,3,2,257.000,1693.000,721.000,2053.000,489.000,1873.000,464.000,360.000,13.440000,336.249516,5.865417
1780301501.149222,,,BOARD_2,3,3,821.000,1967.000,941.000,2211.000,881.000,2089.000,120.000,244.000,51.980000,338.035974,4.875417
1780301501.149222,,,BOARD_2,3,4,235.000,1867.000,471.000,2343.000,353.000,2105.000,236.000,476.000,26.430000,335.629724,4.802083
1780301501.209510,,,BOARD_2,4,0,1392.000,1853.000,1628.000,2329.000,1510.000,2091.000,236.000,476.000,26.430000,340.501810,4.866250
1780301501.209510,,,BOARD_2,4,1,1238.000,1727.000,1702.000,2087.000,1470.000,1907.000,464.000,360.000,13.440000,340.319519,5.709583
1780301501.209510,,,BOARD_2,4,2,1568.000,2205.000,1804.000,2681.000,1686.000,2443.000,236.000,476.000,26.430000,341.303894,3.252917
1780301501.368524,,,BOARD_2,1,0,482.000,2158.000,718.000,2634.000,600.000,2396.000,236.000,476.000,26.430000,9.543675,3.468333
1780301501.368524,,,BOARD_2,1,1,482.000,1806.000,718.000,2282.000,600.000,2044.000,236.000,476.000,26.430000,9.543675,5.081667
1780301501.368524,,,BOARD_2,1,2,498.000,1630.000,734.000,2106.000,616.000,1868.000,236.000,476.000,26.430000,9.616592,5.888333
1780301501.368524,,,BOARD_2,1,3,130.000,2206.000,366.000,2682.000,248.000,2444.000,236.000,476.000,26.430000,7.939508,3.248333
1780301501.368524,,,BOARD_2,1,4,-62.000,1982.000,174.000,2458.000,56.000,2220.000,236.000,476.000,26.430000,7.064508,4.275000
1780301501.368524,,,BOARD_2,1,5,-46.000,2158.000,190.000,2634.000,72.000,2396.000,236.000,476.000,26.430000,7.137425,3.468333
1780301501.368524,,,BOARD_2,1,6,354.000,2078.000,590.000,2554.000,472.000,2316.000,236.000,476.000,26.430000,8.960342,3.835000
1780301501.368524,,,BOARD_2,1,7,114.000,1950.000,350.000,2426.000,232.000,2188.000,236.000,476.000,26.430000,7.866592,4.421667
1780301501.368524,,,BOARD_2,1,8,178.000,2078.000,414.000,2554.000,296.000,2316.000,236.000,476.000,26.430000,8.158258,3.835000
1780301501.368524,,,BOARD_2,1,9,-56.000,1696.000,408.000,2056.000,176.000,1876.000,464.000,360.000,13.440000,7.611383,5.851667
1780301501.368524,,,BOARD_2,1,10,322.000,1822.000,558.000,2298.000,440.000,2060.000,236.000,476.000,26.430000,8.814508,5.008333
1780301501.436093,,,BOARD_2,3,0,833.000,1650.000,1069.000,2126.000,951.000,1888.000,236.000,476.000,26.430000,338.354984,5.796667
1780301501.436093,,,BOARD_2,3,1,369.000,1634.000,605.000,2110.000,487.000,1872.000,236.000,476.000,26.430000,336.240401,5.870000
1780301501.436093,,,BOARD_2,3,2,513.000,1650.000,749.000,2126.000,631.000,1888.000,236.000,476.000,26.430000,336.896651,5.796667
1780301501.436093,,,BOARD_2,3,3,305.000,1970.000,541.000,2446.000,423.000,2208.000,236.000,476.000,26.430000,335.948734,4.330000
1780301501.436093,,,BOARD_2,3,4,657.000,1778.000,893.000,2254.000,775.000,2016.000,236.000,476.000,26.430000,337.552901,5.210000
1780301501.436093,,,BOARD_2,3,5,833.000,1922.000,1069.000,2398.000,951.000,2160.000,236.000,476.000,26.430000,338.354984,4.550000
1780301501.436093,,,BOARD_2,3,6,529.000,1922.000,765.000,2398.000,647.000,2160.000,236.000,476.000,26.430000,336.969568,4.550000
1780301501.596776,,,BOARD_2,4,0,3635.000,1650.000,3871.000,2126.000,3753.000,1888.000,236.000,476.000,26.430000,350.723816,5.796667
1780301501.596776,,,BOARD_2,4,1,3721.000,1700.000,4185.000,2060.000,3953.000,1880.000,464.000,360.000,13.440000,351.635274,5.833333
1780301501.596776,,,BOARD_2,4,2,3987.000,1634.000,4223.000,2110.000,4105.000,1872.000,236.000,476.000,26.430000,352.327982,5.870000
1780301501.640985,,,BOARD_2,1,0,1061.000,2053.000,1297.000,2529.000,1179.000,2291.000,236.000,476.000,26.430000,12.182347,3.949583
1780301501.640985,,,BOARD_2,1,1,693.000,2133.000,929.000,2609.000,811.000,2371.000,236.000,476.000,26.430000,10.505264,3.582917
1780301501.640985,,,BOARD_2,1,2,635.000,1687.000,1099.000,2047.000,867.000,1867.000,464.000,360.000,13.440000,10.760472,5.892917
1780301501.640985,,,BOARD_2,1,3,1087.000,1881.000,1334.000,2061.000,1210.500,1971.000,247.000,180.000,25.250000,12.325902,5.416250
1780301501.640985,,,BOARD_2,1,4,821.000,2005.000,1057.000,2481.000,939.000,2243.000,236.000,476.000,26.430000,11.088597,4.169583
1780301501.640985,,,BOARD_2,1,5,702.000,2395.000,766.000,2515.000,734.000,2455.000,64.000,120.000,97.460000,10.154352,3.197917
1780301501.675127,,,BOARD_2,3,0,1055.000,2209.000,1291.000,2685.000,1173.000,2447.000,236.000,476.000,26.430000,339.366703,3.234583
1780301501.675127,,,BOARD_2,3,1,1039.000,1649.000,1275.000,2125.000,1157.000,1887.000,236.000,476.000,26.430000,339.293786,5.801250
1780301501.675127,,,BOARD_2,3,2,1455.000,2209.000,1691.000,2685.000,1573.000,2447.000,236.000,476.000,26.430000,341.189620,3.234583
1780301501.675127,,,BOARD_2,3,3,1247.000,2177.000,1483.000,2653.000,1365.000,2415.000,236.000,476.000,26.430000,340.241703,3.381250
1780301501.675127,,,BOARD_2,3,4,1007.000,2113.000,1243.000,2589.000,1125.000,2351.000,236.000,476.000,26.430000,339.147953,3.674583
1780301501.675127,,,BOARD_2,3,5,1087.000,1953.000,1323.000,2429.000,1205.000,2191.000,236.000,476.000,26.430000,339.512536,4.407917
1780301501.845520,,,BOARD_2,4,0,637.000,2082.000,873.000,2558.000,755.000,2320.000,236.000,476.000,26.430000,337.061055,3.816667
1780301501.845520,,,BOARD_2,4,1,491.000,2274.000,530.000,2325.000,510.500,2299.500,39.000,51.000,159.930000,335.946797,3.910625
1780301501.845520,,,BOARD_2,4,2,35.000,1796.000,499.000,2156.000,267.000,1976.000,464.000,360.000,13.440000,334.837097,5.393333
1780301501.890583,,,BOARD_2,1,0,186.000,2180.000,422.000,2656.000,304.000,2418.000,236.000,476.000,26.430000,8.194717,3.367500
1780301501.890583,,,BOARD_2,1,1,298.000,2180.000,534.000,2656.000,416.000,2418.000,236.000,476.000,26.430000,8.705133,3.367500
1780301501.890583,,,BOARD_2,1,2,250.000,1668.000,486.000,2144.000,368.000,1906.000,236.000,476.000,26.430000,8.486383,5.714167
1780301501.890583,,,BOARD_2,1,3,844.000,2050.000,907.000,2169.000,875.500,2109.500,63.000,119.000,99.000000,10.799209,4.781458
1780301501.890583,,,BOARD_2,1,4,474.000,2132.000,710.000,2608.000,592.000,2370.000,236.000,476.000,26.430000,9.507217,3.587500
1780301501.890583,,,BOARD_2,1,5,234.000,1828.000,470.000,2304.000,352.000,2066.000,236.000,476.000,26.430000,8.413467,4.980833
1780301501.890583,,,BOARD_2,1,6,154.000,2036.000,390.000,2512.000,272.000,2274.000,236.000,476.000,26.430000,8.048883,4.027500
1780301501.890583,,,BOARD_2,1,7,682.000,1972.000,918.000,2448.000,800.000,2210.000,236.000,476.000,26.430000,10.455133,4.320833
1780301501.890583,,,BOARD_2,1,8,618.000,2164.000,854.000,2640.000,736.000,2402.000,236.000,476.000,26.430000,10.163467,3.440833
1780301501.961485,,,BOARD_2,3,0,357.000,1648.000,593.000,2124.000,475.000,1886.000,236.000,476.000,26.430000,336.185714,5.805833
1780301501.961485,,,BOARD_2,3,1,181.000,1632.000,417.000,2108.000,299.000,1870.000,236.000,476.000,26.430000,335.383630,5.879167
1780301501.961485,,,BOARD_2,3,2,517.000,1648.000,753.000,2124.000,635.000,1886.000,236.000,476.000,26.430000,336.914880,5.805833
1780301501.961485,,,BOARD_2,3,3,661.000,1776.000,897.000,2252.000,779.000,2014.000,236.000,476.000,26.430000,337.571130,5.219167
1780301501.961485,,,BOARD_2,3,4,661.000,1936.000,897.000,2412.000,779.000,2174.000,236.000,476.000,26.430000,337.571130,4.485833
1780301501.961485,,,BOARD_2,3,5,571.000,1730.000,1035.000,2090.000,803.000,1910.000,464.000,360.000,13.440000,337.680505,5.695833
1780301502.076957,,,BOARD_2,4,0,974.000,1844.000,1094.000,2088.000,1034.000,1966.000,120.000,244.000,51.980000,338.332540,5.439167
1780301502.076957,,,BOARD_2,4,1,1173.000,1632.000,1409.000,2108.000,1291.000,1870.000,236.000,476.000,26.430000,339.503764,5.879167
1780301502.076957,,,BOARD_2,4,2,1301.000,1792.000,1537.000,2268.000,1419.000,2030.000,236.000,476.000,26.430000,340.087097,5.145833
1780301502.076957,,,BOARD_2,4,3,1227.000,1730.000,1691.000,2090.000,1459.000,1910.000,464.000,360.000,13.440000,340.269389,5.695833
1780301502.137403,,,BOARD_2,1,0,1067.000,2023.000,1303.000,2499.000,1185.000,2261.000,236.000,476.000,26.430000,12.209691,4.087083
1780301502.137403,,,BOARD_2,1,1,788.000,1979.000,908.000,2223.000,848.000,2101.000,120.000,244.000,51.980000,10.673883,4.820417
1780301502.137403,,,BOARD_2,1,2,812.000,2173.000,876.000,2293.000,844.000,2233.000,64.000,120.000,97.460000,10.655654,4.215417
1780301502.137403,,,BOARD_2,1,3,923.000,2055.000,1159.000,2531.000,1041.000,2293.000,236.000,476.000,26.430000,11.553441,3.940417
1780301502.137403,,,BOARD_2,1,4,827.000,1991.000,1063.000,2467.000,945.000,2229.000,236.000,476.000,26.430000,11.115941,4.233750
1780301502.267006,,,BOARD_2,3,0,1039.000,1644.000,1275.000,2120.000,1157.000,1882.000,236.000,476.000,26.430000,339.293786,5.824167
1780301502.267006,,,BOARD_2,3,1,863.000,1644.000,1099.000,2120.000,981.000,1882.000,236.000,476.000,26.430000,338.491703,5.824167
1780301502.267006,,,BOARD_2,3,2,1055.000,2204.000,1291.000,2680.000,1173.000,2442.000,236.000,476.000,26.430000,339.366703,3.257500
1780301502.267006,,,BOARD_2,3,3,671.000,1788.000,907.000,2264.000,789.000,2026.000,236.000,476.000,26.430000,337.616703,5.164167
1780301502.267006,,,BOARD_2,3,4,1231.000,2172.000,1467.000,2648.000,1349.000,2410.000,236.000,476.000,26.430000,340.168786,3.404167
1780301502.267006,,,BOARD_2,3,5,671.000,1932.000,907.000,2408.000,789.000,2170.000,236.000,476.000,26.430000,337.616703,4.504167
1780301502.338772,,,BOARD_2,4,0,301.000,2369.000,549.000,2549.000,425.000,2459.000,248.000,180.000,25.150000,335.557149,3.179583
1780301502.338772,,,BOARD_2,4,1,515.000,2077.000,751.000,2553.000,633.000,2315.000,236.000,476.000,26.430000,336.505066,3.839583
1780301502.431538,,,BOARD_2,1,0,832.000,1808.000,896.000,1928.000,864.000,1868.000,64.000,120.000,97.460000,10.746800,5.888333
1780301502.431538,,,BOARD_2,1,1,1063.000,2066.000,1299.000,2542.000,1181.000,2304.000,236.000,476.000,26.430000,12.191461,3.890000
1780301502.431538,,,BOARD_2,1,2,823.000,2130.000,1059.000,2606.000,941.000,2368.000,236.000,476.000,26.430000,11.097711,3.596667
1780301502.431538,,,BOARD_2,1,3,919.000,2018.000,1155.000,2494.000,1037.000,2256.000,236.000,476.000,26.430000,11.535211,4.110000
1780301502.453530,,,BOARD_2,4,0,348.000,2385.000,596.000,2565.000,472.000,2475.000,248.000,180.000,25.150000,335.771342,3.106250
1780301502.453530,,,BOARD_2,4,1,-12.000,2019.000,51.000,2139.000,19.500,2079.000,63.000,120.000,99.000000,333.709167,4.921250
1780301502.481999,,,BOARD_2,3,0,841.000,1650.000,1077.000,2126.000,959.000,1888.000,236.000,476.000,26.430000,338.391443,5.796667
1780301502.481999,,,BOARD_2,3,1,1049.000,2210.000,1285.000,2686.000,1167.000,2448.000,236.000,476.000,26.430000,339.339359,3.230000
1780301502.481999,,,BOARD_2,3,2,665.000,1778.000,901.000,2254.000,783.000,2016.000,236.000,476.000,26.430000,337.589359,5.210000
1780301502.481999,,,BOARD_2,3,3,1033.000,1650.000,1269.000,2126.000,1151.000,1888.000,236.000,476.000,26.430000,339.266443,5.796667
1780301502.481999,,,BOARD_2,3,4,681.000,1922.000,917.000,2398.000,799.000,2160.000,236.000,476.000,26.430000,337.662276,4.550000
1780301502.481999,,,BOARD_2,3,5,575.000,1732.000,1039.000,2092.000,807.000,1912.000,464.000,360.000,13.440000,337.698734,5.686667
1780301502.561389,,,BOARD_2,1,0,383.000,1997.000,503.000,2241.000,443.000,2119.000,120.000,244.000,51.980000,8.828180,4.737917
1780301502.561389,,,BOARD_2,1,1,469.000,2137.000,705.000,2613.000,587.000,2375.000,236.000,476.000,26.430000,9.484430,3.564583
1780301502.561389,,,BOARD_2,1,2,325.000,2185.000,561.000,2661.000,443.000,2423.000,236.000,476.000,26.430000,8.828180,3.344583
1780301502.561389,,,BOARD_2,1,3,723.000,2025.000,762.000,2077.000,742.500,2051.000,39.000,52.000,159.930000,10.193089,5.049583
1780301502.561389,,,BOARD_2,1,4,805.000,1961.000,1041.000,2437.000,923.000,2199.000,236.000,476.000,26.430000,11.015680,4.371250
1780301502.732270,,,BOARD_2,3,0,418.000,1649.000,654.000,2125.000,536.000,1887.000,236.000,476.000,26.430000,336.463708,5.801250
1780301502.732270,,,BOARD_2,3,1,514.000,1873.000,750.000,2349.000,632.000,2111.000,236.000,476.000,26.430000,336.901208,4.774583
1780301502.732270,,,BOARD_2,3,2,482.000,2081.000,718.000,2557.000,600.000,2319.000,236.000,476.000,26.430000,336.755375,3.821250
1780301502.732270,,,BOARD_2,3,3,18.000,1841.000,254.000,2317.000,136.000,2079.000,236.000,476.000,26.430000,334.640792,4.921250
1780301502.732270,,,BOARD_2,3,4,104.000,1699.000,568.000,2059.000,336.000,1879.000,464.000,360.000,13.440000,335.552250,5.837917
1780301502.732270,,,BOARD_2,3,5,354.000,2001.000,590.000,2477.000,472.000,2239.000,236.000,476.000,26.430000,336.172042,4.187917
1780301502.819675,,,BOARD_2,4,0,637.000,2082.000,873.000,2558.000,755.000,2320.000,236.000,476.000,26.430000,337.061055,3.816667
1780301502.819675,,,BOARD_2,4,1,35.000,1796.000,499.000,2156.000,267.000,1976.000,464.000,360.000,13.440000,334.837097,5.393333
1780301502.924026,,,BOARD_2,1,0,402.000,2202.000,638.000,2678.000,520.000,2440.000,236.000,476.000,26.430000,9.179092,3.266667
1780301502.924026,,,BOARD_2,1,1,612.000,2224.000,675.000,2344.000,643.500,2284.000,63.000,120.000,99.000000,9.741917,3.981667
1780301502.924026,,,BOARD_2,1,2,-62.000,2154.000,174.000,2630.000,56.000,2392.000,236.000,476.000,26.430000,7.064508,3.486667
1780301502.924026,,,BOARD_2,1,3,-78.000,1978.000,158.000,2454.000,40.000,2216.000,236.000,476.000,26.430000,6.991592,4.293333
1780301502.924026,,,BOARD_2,1,4,604.000,2384.000,667.000,2504.000,635.500,2444.000,63.000,120.000,99.000000,9.705459,3.248333
1780301502.924026,,,BOARD_2,1,5,50.000,2106.000,286.000,2582.000,168.000,2344.000,236.000,476.000,26.430000,7.574925,3.706667
1780301502.924026,,,BOARD_2,1,6,34.000,1914.000,270.000,2390.000,152.000,2152.000,236.000,476.000,26.430000,7.502008,4.586667
1780301502.924026,,,BOARD_2,1,7,232.000,1692.000,696.000,2052.000,464.000,1872.000,464.000,360.000,13.440000,8.923883,5.870000
1780301502.924026,,,BOARD_2,1,8,178.000,2058.000,414.000,2534.000,296.000,2296.000,236.000,476.000,26.430000,8.158258,3.926667
1780301502.924026,,,BOARD_2,1,9,72.000,1692.000,536.000,2052.000,304.000,1872.000,464.000,360.000,13.440000,8.194717,5.870000
1780301502.974337,,,BOARD_2,3,0,901.000,1851.000,1137.000,2327.000,1019.000,2089.000,236.000,476.000,26.430000,338.664880,4.875417
1780301502.974337,,,BOARD_2,3,1,917.000,2187.000,1153.000,2663.000,1035.000,2425.000,236.000,476.000,26.430000,338.737797,3.335417
1780301502.974337,,,BOARD_2,3,2,1429.000,2171.000,1665.000,2647.000,1547.000,2409.000,236.000,476.000,26.430000,341.071130,3.408750
1780301502.974337,,,BOARD_2,3,3,885.000,1675.000,1121.000,2151.000,1003.000,1913.000,236.000,476.000,26.430000,338.591964,5.682083
1780301502.974337,,,BOARD_2,3,4,981.000,1595.000,1217.000,2071.000,1099.000,1833.000,236.000,476.000,26.430000,339.029464,6.048750
1780301502.974337,,,BOARD_2,3,5,959.000,2137.000,1023.000,2257.000,991.000,2197.000,64.000,120.000,97.460000,338.537276,4.380417
1780301502.974337,,,BOARD_2,3,6,1061.000,2171.000,1297.000,2647.000,1179.000,2409.000,236.000,476.000,26.430000,339.394047,3.408750
1780301502.974337,,,BOARD_2,3,7,1237.000,2171.000,1473.000,2647.000,1355.000,2409.000,236.000,476.000,26.430000,340.196130,3.408750
1780301502.974337,,,BOARD_2,3,8,1093.000,1947.000,1329.000,2423.000,1211.000,2185.000,236.000,476.000,26.430000,339.539880,4.435417
1780301503.096288,,,BOARD_2,4,0,3579.000,1633.000,3815.000,2109.000,3697.000,1871.000,236.000,476.000,26.430000,350.468607,5.874583
1780301503.096288,,,BOARD_2,4,1,3201.000,2291.000,3665.000,2651.000,3433.000,2471.000,464.000,360.000,13.440000,349.265482,3.124583
1780301503.096288,,,BOARD_2,4,2,3707.000,1617.000,3943.000,2093.000,3825.000,1855.000,236.000,476.000,26.430000,351.051941,5.947917
1780301503.152095,,,BOARD_2,1,0,258.000,1648.000,494.000,2124.000,376.000,1886.000,236.000,476.000,26.430000,8.522842,5.805833
1780301503.152095,,,BOARD_2,1,1,482.000,2160.000,718.000,2636.000,600.000,2398.000,236.000,476.000,26.430000,9.543675,3.459167
1780301503.152095,,,BOARD_2,1,2,-78.000,1968.000,158.000,2444.000,40.000,2206.000,236.000,476.000,26.430000,6.991592,4.339167
1780301503.152095,,,BOARD_2,1,3,-78.000,2160.000,158.000,2636.000,40.000,2398.000,236.000,476.000,26.430000,6.991592,3.459167
1780301503.152095,,,BOARD_2,1,4,306.000,2208.000,542.000,2684.000,424.000,2446.000,236.000,476.000,26.430000,8.741592,3.239167
1780301503.152095,,,BOARD_2,1,5,242.000,1824.000,478.000,2300.000,360.000,2062.000,236.000,476.000,26.430000,8.449925,4.999167
1780301503.152095,,,BOARD_2,1,6,130.000,2016.000,366.000,2492.000,248.000,2254.000,236.000,476.000,26.430000,7.939508,4.119167
1780301503.152095,,,BOARD_2,1,7,34.000,2112.000,270.000,2588.000,152.000,2350.000,236.000,476.000,26.430000,7.502008,3.679167
1780301503.326313,,,BOARD_2,3,0,1077.000,2208.000,1313.000,2684.000,1195.000,2446.000,236.000,476.000,26.430000,339.466964,3.239167
1780301503.326313,,,BOARD_2,3,1,1045.000,1696.000,1281.000,2172.000,1163.000,1934.000,236.000,476.000,26.430000,339.321130,5.585833
1780301503.326313,,,BOARD_2,3,2,1253.000,2208.000,1489.000,2684.000,1371.000,2446.000,236.000,476.000,26.430000,340.269047,3.239167
1780301503.326313,,,BOARD_2,3,3,1471.000,2148.000,1591.000,2392.000,1531.000,2270.000,120.000,244.000,51.980000,340.998214,4.045833
1780301503.326313,,,BOARD_2,3,4,1093.000,1936.000,1329.000,2412.000,1211.000,2174.000,236.000,476.000,26.430000,339.539880,4.485833
1780301503.349557,,,BOARD_2,4,0,1305.000,1794.000,1541.000,2270.000,1423.000,2032.000,236.000,476.000,26.430000,340.105326,5.136667
1780301503.349557,,,BOARD_2,4,1,818.000,1958.000,1066.000,2138.000,942.000,2048.000,248.000,180.000,25.150000,337.913269,5.063333
1780301503.349557,,,BOARD_2,4,2,1087.000,1700.000,1551.000,2060.000,1319.000,1880.000,464.000,360.000,13.440000,339.631368,5.833333
1780301503.349557,,,BOARD_2,4,3,1027.000,1910.000,1275.000,2090.000,1151.000,2000.000,248.000,180.000,25.150000,338.865743,5.283333
1780301503.349557,,,BOARD_2,4,4,1215.000,1732.000,1679.000,2092.000,1447.000,1912.000,464.000,360.000,13.440000,340.214701,5.686667
1780301503.690510,,,BOARD_2,3,0,839.000,1648.000,1075.000,2124.000,957.000,1886.000,236.000,476.000,26.430000,338.382328,5.805833
1780301503.690510,,,BOARD_2,3,1,925.000,1698.000,1389.000,2058.000,1157.000,1878.000,464.000,360.000,13.440000,339.293786,5.842500
1780301503.690510,,,BOARD_2,3,2,663.000,1776.000,899.000,2252.000,781.000,2014.000,236.000,476.000,26.430000,337.580245,5.219167
1780301503.690510,,,BOARD_2,3,3,1047.000,2208.000,1283.000,2684.000,1165.000,2446.000,236.000,476.000,26.430000,339.330245,3.239167
1780301503.690510,,,BOARD_2,3,4,679.000,1936.000,915.000,2412.000,797.000,2174.000,236.000,476.000,26.430000,337.653161,4.485833
1780301503.690510,,,BOARD_2,3,5,1239.000,2176.000,1475.000,2652.000,1357.000,2414.000,236.000,476.000,26.430000,340.205245,3.385833
1780301503.821436,,,BOARD_2,4,0,637.000,2081.000,873.000,2557.000,755.000,2319.000,236.000,476.000,26.430000,337.061055,3.821250
1780301503.821436,,,BOARD_2,4,1,35.000,1795.000,499.000,2155.000,267.000,1975.000,464.000,360.000,13.440000,334.837097,5.397917
1780301504.005180,,,BOARD_2,1,0,1070.000,2056.000,1306.000,2532.000,1188.000,2294.000,236.000,476.000,26.430000,12.223363,3.935833
1780301504.005180,,,BOARD_2,1,1,718.000,2024.000,954.000,2500.000,836.000,2262.000,236.000,476.000,26.430000,10.619196,4.082500
1780301504.005180,,,BOARD_2,1,2,974.000,2200.000,1210.000,2676.000,1092.000,2438.000,236.000,476.000,26.430000,11.785863,3.275833
1780301504.005180,,,BOARD_2,1,3,926.000,2008.000,1162.000,2484.000,1044.000,2246.000,236.000,476.000,26.430000,11.567113,4.155833
1780301504.160141,,,BOARD_2,3,0,365.000,1633.000,601.000,2109.000,483.000,1871.000,236.000,476.000,26.430000,336.222172,5.874583
1780301504.160141,,,BOARD_2,3,1,509.000,1649.000,745.000,2125.000,627.000,1887.000,236.000,476.000,26.430000,336.878422,5.801250
1780301504.160141,,,BOARD_2,3,2,51.000,1699.000,515.000,2059.000,283.000,1879.000,464.000,360.000,13.440000,335.310714,5.837917
1780301504.160141,,,BOARD_2,3,3,13.000,1857.000,249.000,2333.000,131.000,2095.000,236.000,476.000,26.430000,334.618005,4.847917
1780301504.160141,,,BOARD_2,3,4,525.000,1921.000,761.000,2397.000,643.000,2159.000,236.000,476.000,26.430000,336.951339,4.554583
1780301504.182903,,,BOARD_2,4,0,3522.000,2205.000,3758.000,2681.000,3640.000,2443.000,236.000,476.000,26.430000,350.208842,3.252917
1780301504.182903,,,BOARD_2,4,1,3506.000,1629.000,3742.000,2105.000,3624.000,1867.000,236.000,476.000,26.430000,350.135925,5.892917
1780301504.506640,,,BOARD_2,1,0,307.000,2180.000,543.000,2656.000,425.000,2418.000,236.000,476.000,26.430000,8.746149,3.367500
1780301504.506640,,,BOARD_2,1,1,195.000,2180.000,431.000,2656.000,313.000,2418.000,236.000,476.000,26.430000,8.235732,3.367500
1780301504.506640,,,BOARD_2,1,2,355.000,2056.000,487.000,2148.000,421.000,2102.000,132.000,92.000,47.250000,8.727920,4.815833
1780301504.506640,,,BOARD_2,1,3,243.000,1668.000,479.000,2144.000,361.000,1906.000,236.000,476.000,26.430000,8.454482,5.714167
1780301504.506640,,,BOARD_2,1,4,467.000,2132.000,703.000,2608.000,585.000,2370.000,236.000,476.000,26.430000,9.475316,3.587500
1780301504.506640,,,BOARD_2,1,5,857.000,2084.000,897.000,2136.000,877.000,2110.000,40.000,52.000,155.930000,10.806045,4.779167
1780301504.506640,,,BOARD_2,1,6,675.000,2052.000,911.000,2528.000,793.000,2290.000,236.000,476.000,26.430000,10.423232,3.954167
1780301504.506640,,,BOARD_2,1,7,637.000,1976.000,885.000,2156.000,761.000,2066.000,248.000,180.000,25.150000,10.277399,4.980833
1780301504.506640,,,BOARD_2,1,8,232.000,1924.000,272.000,1975.000,252.000,1949.500,40.000,51.000,155.930000,7.957737,5.514792
1780301504.536048,,,BOARD_2,3,0,363.000,1646.000,599.000,2122.000,481.000,1884.000,236.000,476.000,26.430000,336.213057,5.815000
1780301504.536048,,,BOARD_2,3,1,843.000,1646.000,1079.000,2122.000,961.000,1884.000,236.000,476.000,26.430000,338.400557,5.815000
1780301504.536048,,,BOARD_2,3,2,331.000,2046.000,567.000,2522.000,449.000,2284.000,236.000,476.000,26.430000,336.067224,3.981667
1780301504.536048,,,BOARD_2,3,3,356.000,2012.000,420.000,2132.000,388.000,2072.000,64.000,120.000,97.460000,335.789229,4.953333
1780301504.536048,,,BOARD_2,3,4,347.000,1902.000,583.000,2378.000,465.000,2140.000,236.000,476.000,26.430000,336.140141,4.641667
1780301504.536048,,,BOARD_2,3,5,667.000,1774.000,903.000,2250.000,785.000,2012.000,236.000,476.000,26.430000,337.598474,5.228333
1780301504.536048,,,BOARD_2,3,6,417.000,1696.000,881.000,2056.000,649.000,1876.000,464.000,360.000,13.440000,336.978682,5.851667
1780301504.651903,,,BOARD_2,4,0,1051.000,1890.000,1287.000,2366.000,1169.000,2128.000,236.000,476.000,26.430000,338.947774,4.696667
1780301504.651903,,,BOARD_2,4,1,539.000,2130.000,775.000,2606.000,657.000,2368.000,236.000,476.000,26.430000,336.614441,3.596667
1780301504.858320,,,BOARD_2,1,0,1067.000,2060.000,1303.000,2536.000,1185.000,2298.000,236.000,476.000,26.430000,12.209691,3.917500
1780301504.858320,,,BOARD_2,1,1,827.000,2172.000,1063.000,2648.000,945.000,2410.000,236.000,476.000,26.430000,11.115941,3.404167
1780301504.858320,,,BOARD_2,1,2,923.000,2012.000,1159.000,2488.000,1041.000,2250.000,236.000,476.000,26.430000,11.553441,4.137500
1780301504.858320,,,BOARD_2,1,3,588.000,2242.000,652.000,2362.000,620.000,2302.000,64.000,120.000,97.460000,9.634821,3.899167
1780301504.858320,,,BOARD_2,1,4,721.000,2020.000,760.000,2071.000,740.500,2045.500,39.000,51.000,159.930000,10.183974,5.074792
1780301504.858320,,,BOARD_2,1,5,641.000,1694.000,1105.000,2054.000,873.000,1874.000,464.000,360.000,13.440000,10.787816,5.860833
1780301504.858320,,,BOARD_2,1,6,971.000,2204.000,1207.000,2680.000,1089.000,2442.000,236.000,476.000,26.430000,11.772191,3.257500
1780301504.858320,,,BOARD_2,1,7,715.000,2220.000,951.000,2696.000,833.000,2458.000,236.000,476.000,26.430000,10.605524,3.184167
1780301505.025413,,,BOARD_2,3,0,1059.000,2210.000,1295.000,2686.000,1177.000,2448.000,236.000,476.000,26.430000,339.384932,3.230000
1780301505.025413,,,BOARD_2,3,1,883.000,1650.000,1119.000,2126.000,1001.000,1888.000,236.000,476.000,26.430000,338.582849,5.796667
1780301505.025413,,,BOARD_2,3,2,899.000,1842.000,1135.000,2318.000,1017.000,2080.000,236.000,476.000,26.430000,338.655766,4.916667
1780301505.025413,,,BOARD_2,3,3,915.000,2226.000,1151.000,2702.000,1033.000,2464.000,236.000,476.000,26.430000,338.728682,3.156667
1780301505.025413,,,BOARD_2,3,4,937.000,1700.000,1401.000,2060.000,1169.000,1880.000,464.000,360.000,13.440000,339.348474,5.833333
1780301505.025413,,,BOARD_2,3,5,883.000,1986.000,1119.000,2462.000,1001.000,2224.000,236.000,476.000,26.430000,338.582849,4.256667
1780301505.025413,,,BOARD_2,3,6,1251.000,2178.000,1487.000,2654.000,1369.000,2416.000,236.000,476.000,26.430000,340.259932,3.376667
1780301505.025413,,,BOARD_2,3,7,1443.000,2210.000,1679.000,2686.000,1561.000,2448.000,236.000,476.000,26.430000,341.134932,3.230000
1780301505.025413,,,BOARD_2,3,8,1059.000,1890.000,1295.000,2366.000,1177.000,2128.000,236.000,476.000,26.430000,339.384932,4.696667
1780301505.182295,,,BOARD_2,4,0,514.000,2072.000,750.000,2548.000,632.000,2310.000,236.000,476.000,26.430000,336.500508,3.862500
1780301505.236084,,,BOARD_2,1,0,473.000,2149.000,709.000,2625.000,591.000,2387.000,236.000,476.000,26.430000,9.502659,3.509583
1780301505.236084,,,BOARD_2,1,1,921.000,2149.000,1157.000,2625.000,1039.000,2387.000,236.000,476.000,26.430000,11.544326,3.509583
1780301505.236084,,,BOARD_2,1,2,825.000,2005.000,1061.000,2481.000,943.000,2243.000,236.000,476.000,26.430000,11.106826,4.169583
1780301505.236084,,,BOARD_2,1,3,697.000,2133.000,933.000,2609.000,815.000,2371.000,236.000,476.000,26.430000,10.523493,3.582917
1780301505.236084,,,BOARD_2,1,4,697.000,1909.000,933.000,2385.000,815.000,2147.000,236.000,476.000,26.430000,10.523493,4.609583
1780301505.236084,,,BOARD_2,1,5,715.000,1987.000,778.000,2107.000,746.500,2047.000,63.000,120.000,99.000000,10.211318,5.067917
1780301505.236084,,,BOARD_2,1,6,639.000,1687.000,1103.000,2047.000,871.000,1867.000,464.000,360.000,13.440000,10.778701,5.892917
1780301505.296241,,,BOARD_2,3,0,1451.000,2204.000,1687.000,2680.000,1569.000,2442.000,236.000,476.000,26.430000,341.171391,3.257500
1780301505.296241,,,BOARD_2,3,1,1451.000,1916.000,1687.000,2392.000,1569.000,2154.000,236.000,476.000,26.430000,341.171391,4.577500
1780301505.442716,,,BOARD_2,4,0,635.000,2081.000,871.000,2557.000,753.000,2319.000,236.000,476.000,26.430000,337.051941,3.821250
1780301505.442716,,,BOARD_2,4,1,33.000,1795.000,497.000,2155.000,265.000,1975.000,464.000,360.000,13.440000,334.827982,5.397917
1780301505.703921,,,BOARD_2,1,0,309.000,2189.000,545.000,2665.000,427.000,2427.000,236.000,476.000,26.430000,8.755264,3.326250
1780301505.703921,,,BOARD_2,1,1,21.000,1949.000,257.000,2425.000,139.000,2187.000,236.000,476.000,26.430000,7.442764,4.426250
1780301505.703921,,,BOARD_2,1,2,37.000,2093.000,273.000,2569.000,155.000,2331.000,236.000,476.000,26.430000,7.515680,3.766250
1780301505.703921,,,BOARD_2,1,3,469.000,2141.000,705.000,2617.000,587.000,2379.000,236.000,476.000,26.430000,9.484430,3.546250
1780301505.703921,,,BOARD_2,1,4,613.000,2205.000,849.000,2681.000,731.000,2443.000,236.000,476.000,26.430000,10.140680,3.252917
1780301505.703921,,,BOARD_2,1,5,229.000,1725.000,465.000,2201.000,347.000,1963.000,236.000,476.000,26.430000,8.390680,5.452917
1780301505.703921,,,BOARD_2,1,6,133.000,2029.000,369.000,2505.000,251.000,2267.000,236.000,476.000,26.430000,7.953180,4.059583
1780301559.376528,,,BOARD_2,3,0,1430.000,2145.000,1666.000,2621.000,1548.000,2383.000,236.000,476.000,26.430000,341.075688,3.527917
1780301559.624058,,,BOARD_2,3,0,1425.000,2136.000,1661.000,2612.000,1543.000,2374.000,236.000,476.000,26.430000,341.052901,3.569167
1780301560.271955,,,BOARD_2,3,0,1427.000,2144.000,1663.000,2620.000,1545.000,2382.000,236.000,476.000,26.430000,341.062016,3.532500
1780301560.898855,,,BOARD_2,3,0,1430.000,2139.000,1666.000,2615.000,1548.000,2377.000,236.000,476.000,26.430000,341.075688,3.555417
1780301561.103363,,,BOARD_2,1,0,301.000,2153.000,537.000,2629.000,419.000,2391.000,236.000,476.000,26.430000,8.718805,3.491250
1780301561.103363,,,BOARD_2,1,1,189.000,2153.000,425.000,2629.000,307.000,2391.000,236.000,476.000,26.430000,8.208389,3.491250
1780301561.269258,,,BOARD_2,3,0,1430.000,2144.000,1666.000,2620.000,1548.000,2382.000,236.000,476.000,26.430000,341.075688,3.532500
1780301561.490515,,,BOARD_2,1,0,302.000,2152.000,538.000,2628.000,420.000,2390.000,236.000,476.000,26.430000,8.723363,3.495833
1780301561.490515,,,BOARD_2,1,1,190.000,2152.000,426.000,2628.000,308.000,2390.000,236.000,476.000,26.430000,8.212946,3.495833
1780301561.637657,,,BOARD_2,3,0,1431.000,2145.000,1667.000,2621.000,1549.000,2383.000,236.000,476.000,26.430000,341.080245,3.527917
1780301561.871606,,,BOARD_2,3,0,1432.000,2145.000,1668.000,2621.000,1550.000,2383.000,236.000,476.000,26.430000,341.084802,3.527917
1780301562.151864,,,BOARD_2,3,0,1434.000,2145.000,1670.000,2621.000,1552.000,2383.000,236.000,476.000,26.430000,341.093917,3.527917
1780301562.598102,,,BOARD_2,1,0,296.000,2153.000,532.000,2629.000,414.000,2391.000,236.000,476.000,26.430000,8.696019,3.491250
1780301562.847497,,,BOARD_2,1,0,296.000,2152.000,532.000,2628.000,414.000,2390.000,236.000,476.000,26.430000,8.696019,3.495833
1780301563.184161,,,BOARD_2,3,0,1430.000,2145.000,1666.000,2621.000,1548.000,2383.000,236.000,476.000,26.430000,341.075688,3.527917
1780301563.231228,,,BOARD_2,1,0,179.000,2153.000,415.000,2629.000,297.000,2391.000,236.000,476.000,26.430000,8.162816,3.491250
1780301563.353669,,,BOARD_2,1,0,295.000,2152.000,531.000,2628.000,413.000,2390.000,236.000,476.000,26.430000,8.691461,3.495833
1780301563.647676,,,BOARD_2,4,0,3529.000,2209.000,3765.000,2685.000,3647.000,2447.000,236.000,476.000,26.430000,350.240743,3.234583
1780301563.769005,,,BOARD_2,3,0,329.000,1634.000,565.000,2110.000,447.000,1872.000,236.000,476.000,26.430000,336.058109,5.870000
1780301563.949753,,,BOARD_2,1,0,296.000,2152.000,532.000,2628.000,414.000,2390.000,236.000,476.000,26.430000,8.696019,3.495833
1780301564.125044,,,BOARD_2,3,0,1427.000,2144.000,1663.000,2620.000,1545.000,2382.000,236.000,476.000,26.430000,341.062016,3.532500
1780301564.427627,,,BOARD_2,1,0,296.000,2152.000,532.000,2628.000,414.000,2390.000,236.000,476.000,26.430000,8.696019,3.495833
1780301564.427627,,,BOARD_2,1,1,184.000,2152.000,420.000,2628.000,302.000,2390.000,236.000,476.000,26.430000,8.185602,3.495833
1780301564.601613,,,BOARD_2,3,0,1424.000,2143.000,1660.000,2619.000,1542.000,2381.000,236.000,476.000,26.430000,341.048344,3.537083
1780301564.798216,,,BOARD_2,1,0,295.000,2152.000,531.000,2628.000,413.000,2390.000,236.000,476.000,26.430000,8.691461,3.495833
1780301564.798216,,,BOARD_2,1,1,183.000,2152.000,419.000,2628.000,301.000,2390.000,236.000,476.000,26.430000,8.181045,3.495833
1780301564.825823,,,BOARD_2,3,0,1421.000,2142.000,1657.000,2618.000,1539.000,2380.000,236.000,476.000,26.430000,341.034672,3.541667
1780301566.660392,,,BOARD_2,1,0,300.000,2154.000,536.000,2630.000,418.000,2392.000,236.000,476.000,26.430000,8.714248,3.486667
1780301567.010973,,,BOARD_2,1,0,300.000,2154.000,536.000,2630.000,418.000,2392.000,236.000,476.000,26.430000,8.714248,3.486667
1780301567.010973,,,BOARD_2,1,1,188.000,2154.000,424.000,2630.000,306.000,2392.000,236.000,476.000,26.430000,8.203831,3.486667
1780301567.598069,,,BOARD_2,1,0,301.000,2153.000,537.000,2629.000,419.000,2391.000,236.000,476.000,26.430000,8.718805,3.491250
1780301567.858138,,,BOARD_2,1,0,297.000,2154.000,533.000,2630.000,415.000,2392.000,236.000,476.000,26.430000,8.700576,3.486667
1780301567.858138,,,BOARD_2,1,1,185.000,2154.000,421.000,2630.000,303.000,2392.000,236.000,476.000,26.430000,8.190159,3.486667
1780301568.229660,,,BOARD_2,1,0,299.000,2153.000,535.000,2629.000,417.000,2391.000,236.000,476.000,26.430000,8.709691,3.491250
1780301568.229660,,,BOARD_2,1,1,187.000,2153.000,423.000,2629.000,305.000,2391.000,236.000,476.000,26.430000,8.199274,3.491250
1780301568.493039,,,BOARD_2,1,0,299.000,2153.000,535.000,2629.000,417.000,2391.000,236.000,476.000,26.430000,8.709691,3.491250
1780301568.515257,,,BOARD_2,3,0,2772.000,2161.000,2812.000,2212.000,2792.000,2186.500,40.000,51.000,155.930000,346.744958,4.428542
1780301569.107012,,,BOARD_2,1,0,291.000,2161.000,527.000,2637.000,409.000,2399.000,236.000,476.000,26.430000,8.673232,3.454583
1780301569.183730,,,BOARD_2,3,0,1416.000,2143.000,1652.000,2619.000,1534.000,2381.000,236.000,476.000,26.430000,341.011885,3.537083
1780301569.755739,,,BOARD_2,1,0,302.000,2155.000,538.000,2631.000,420.000,2393.000,236.000,476.000,26.430000,8.723363,3.482083
1780301571.273364,,,BOARD_2,1,0,296.000,2163.000,532.000,2639.000,414.000,2401.000,236.000,476.000,26.430000,8.696019,3.445417
1780301571.547648,,,BOARD_2,1,0,298.000,2162.000,534.000,2638.000,416.000,2400.000,236.000,476.000,26.430000,8.705133,3.450000
1780301572.049233,,,BOARD_2,1,0,300.000,2163.000,536.000,2639.000,418.000,2401.000,236.000,476.000,26.430000,8.714248,3.445417
1780301572.169014,,,BOARD_2,3,0,451.000,1649.000,687.000,2125.000,569.000,1887.000,236.000,476.000,26.430000,336.614099,5.801250
1780301572.593039,,,BOARD_2,1,0,294.000,2154.000,530.000,2630.000,412.000,2392.000,236.000,476.000,26.430000,8.686904,3.486667
1780301573.157281,,,BOARD_2,3,0,1407.000,2136.000,1643.000,2612.000,1525.000,2374.000,236.000,476.000,26.430000,340.970870,3.569167
1780301573.415267,,,BOARD_2,3,0,1416.000,2142.000,1652.000,2618.000,1534.000,2380.000,236.000,476.000,26.430000,341.011885,3.541667
1780301573.591876,,,BOARD_2,1,0,198.000,2153.000,434.000,2629.000,316.000,2391.000,236.000,476.000,26.430000,8.249404,3.491250
1780301573.850903,,,BOARD_2,1,0,196.000,2153.000,432.000,2629.000,314.000,2391.000,236.000,476.000,26.430000,8.240290,3.491250
1780301574.078730,,,BOARD_2,1,0,179.000,2154.000,415.000,2630.000,297.000,2392.000,236.000,476.000,26.430000,8.162816,3.486667
1780301574.078730,,,BOARD_2,1,1,467.000,2122.000,703.000,2598.000,585.000,2360.000,236.000,476.000,26.430000,9.475316,3.633333
1780301574.182117,,,BOARD_2,3,0,1415.000,2138.000,1651.000,2614.000,1533.000,2376.000,236.000,476.000,26.430000,341.007328,3.560000
1780301574.456226,,,BOARD_2,1,0,197.000,2153.000,433.000,2629.000,315.000,2391.000,236.000,476.000,26.430000,8.244847,3.491250
1780301574.558786,,,BOARD_2,3,0,1418.000,2139.000,1654.000,2615.000,1536.000,2377.000,236.000,476.000,26.430000,341.021000,3.555417
1780301574.705922,,,BOARD_2,1,0,179.000,2154.000,415.000,2630.000,297.000,2392.000,236.000,476.000,26.430000,8.162816,3.486667
1780301575.051178,,,BOARD_2,3,0,1415.000,2135.000,1651.000,2611.000,1533.000,2373.000,236.000,476.000,26.430000,341.007328,3.573750
1780301575.175341,,,BOARD_2,1,0,188.000,2160.000,424.000,2636.000,306.000,2398.000,236.000,476.000,26.430000,8.203831,3.459167
1780301575.298899,,,BOARD_2,3,0,1416.000,2143.000,1652.000,2619.000,1534.000,2381.000,236.000,476.000,26.430000,341.011885,3.537083
1780301575.331029,,,BOARD_2,4,0,3507.000,2208.000,3743.000,2684.000,3625.000,2446.000,236.000,476.000,26.430000,350.140482,3.239167
1780301575.810694,,,BOARD_2,3,0,1415.000,2136.000,1651.000,2612.000,1533.000,2374.000,236.000,476.000,26.430000,341.007328,3.569167
1780301576.150296,,,BOARD_2,3,0,1419.000,2143.000,1655.000,2619.000,1537.000,2381.000,236.000,476.000,26.430000,341.025557,3.537083
1780301576.390650,,,BOARD_2,3,0,1424.000,2143.000,1660.000,2619.000,1542.000,2381.000,236.000,476.000,26.430000,341.048344,3.537083
1780301576.875885,,,BOARD_2,3,0,1418.000,2143.000,1654.000,2619.000,1536.000,2381.000,236.000,476.000,26.430000,341.021000,3.537083
1780301577.495022,,,BOARD_2,1,0,301.000,2164.000,537.000,2640.000,419.000,2402.000,236.000,476.000,26.430000,8.718805,3.440833
1780301577.989562,,,BOARD_2,3,0,1420.000,2139.000,1656.000,2615.000,1538.000,2377.000,236.000,476.000,26.430000,341.030115,3.555417
1780301578.357418,,,BOARD_2,3,0,1424.000,2143.000,1660.000,2619.000,1542.000,2381.000,236.000,476.000,26.430000,341.048344,3.537083
1780301578.591991,,,BOARD_2,3,0,1424.000,2144.000,1660.000,2620.000,1542.000,2382.000,236.000,476.000,26.430000,341.048344,3.532500
1780301578.950533,,,BOARD_2,3,0,1424.000,2139.000,1660.000,2615.000,1542.000,2377.000,236.000,476.000,26.430000,341.048344,3.555417
1780301579.306626,,,BOARD_2,3,0,1422.000,2143.000,1658.000,2619.000,1540.000,2381.000,236.000,476.000,26.430000,341.039229,3.537083
1780301579.446589,,,BOARD_2,4,0,3522.000,2206.000,3758.000,2682.000,3640.000,2444.000,236.000,476.000,26.430000,350.208842,3.248333
1780301579.661398,,,BOARD_2,3,0,1423.000,2144.000,1659.000,2620.000,1541.000,2382.000,236.000,476.000,26.430000,341.043786,3.532500
1780301579.807961,,,BOARD_2,4,0,3527.000,2205.000,3763.000,2681.000,3645.000,2443.000,236.000,476.000,26.430000,350.231628,3.252917
1780301580.238633,,,BOARD_2,3,0,1426.000,2144.000,1662.000,2620.000,1544.000,2382.000,236.000,476.000,26.430000,341.057458,3.532500
1780301580.582487,,,BOARD_2,3,0,1425.000,2145.000,1661.000,2621.000,1543.000,2383.000,236.000,476.000,26.430000,341.052901,3.527917
1780301581.203162,,,BOARD_2,3,0,1429.000,2145.000,1665.000,2621.000,1547.000,2383.000,236.000,476.000,26.430000,341.071130,3.527917
1780301581.829609,,,BOARD_2,3,0,329.000,1621.000,565.000,2097.000,447.000,1859.000,236.000,476.000,26.430000,336.058109,5.929583
1780301581.829609,,,BOARD_2,3,1,153.000,1637.000,389.000,2113.000,271.000,1875.000,236.000,476.000,26.430000,335.256026,5.856250
1780301582.423605,,,BOARD_2,3,0,157.000,1630.000,393.000,2106.000,275.000,1868.000,236.000,476.000,26.430000,335.274255,5.888333
1780301582.423605,,,BOARD_2,3,1,333.000,1630.000,569.000,2106.000,451.000,1868.000,236.000,476.000,26.430000,336.076339,5.888333
1780301582.569286,,,BOARD_2,3,0,1426.000,2146.000,1662.000,2622.000,1544.000,2384.000,236.000,476.000,26.430000,341.057458,3.523333
1780301582.916203,,,BOARD_2,3,0,386.000,1630.000,622.000,2106.000,504.000,1868.000,236.000,476.000,26.430000,336.317875,5.888333
1780301583.101600,,,BOARD_2,1,0,434.000,2180.000,670.000,2656.000,552.000,2418.000,236.000,476.000,26.430000,9.324925,3.367500
1780301583.801546,,,BOARD_2,4,0,3539.000,2208.000,3775.000,2684.000,3657.000,2446.000,236.000,476.000,26.430000,350.286316,3.239167
1780301584.095761,,,BOARD_2,1,0,295.000,2153.000,531.000,2629.000,413.000,2391.000,236.000,476.000,26.430000,8.691461,3.491250
1780301584.155334,,,BOARD_2,3,0,1429.000,2144.000,1665.000,2620.000,1547.000,2382.000,236.000,476.000,26.430000,341.071130,3.532500
1780301584.305171,,,BOARD_2,4,0,3513.000,2207.000,3749.000,2683.000,3631.000,2445.000,236.000,476.000,26.430000,350.167826,3.243750
1780301584.536985,,,BOARD_2,4,0,3951.000,1650.000,4187.000,2126.000,4069.000,1888.000,236.000,476.000,26.430000,352.163920,5.796667
1780301584.785534,,,BOARD_2,3,0,1429.000,2145.000,1665.000,2621.000,1547.000,2383.000,236.000,476.000,26.430000,341.071130,3.527917
1780301585.017285,,,BOARD_2,1,0,450.000,2197.000,686.000,2673.000,568.000,2435.000,236.000,476.000,26.430000,9.397842,3.289583
1780301585.017285,,,BOARD_2,1,1,482.000,1653.000,718.000,2129.000,600.000,1891.000,236.000,476.000,26.430000,9.543675,5.782917
1780301585.296946,,,BOARD_2,1,0,297.000,2162.000,533.000,2638.000,415.000,2400.000,236.000,476.000,26.430000,8.700576,3.450000
1780301585.550858,,,BOARD_2,1,0,466.000,2133.000,702.000,2609.000,584.000,2371.000,236.000,476.000,26.430000,9.470758,3.582917
1780301585.695943,,,BOARD_2,3,0,1427.000,2144.000,1663.000,2620.000,1545.000,2382.000,236.000,476.000,26.430000,341.062016,3.532500
1780301585.748830,,,BOARD_2,4,0,3541.000,2208.000,3777.000,2684.000,3659.000,2446.000,236.000,476.000,26.430000,350.295430,3.239167
1780301585.921808,,,BOARD_2,1,0,182.000,2154.000,418.000,2630.000,300.000,2392.000,236.000,476.000,26.430000,8.176488,3.486667
1780301585.938314,,,BOARD_2,3,0,1425.000,2144.000,1661.000,2620.000,1543.000,2382.000,236.000,476.000,26.430000,341.052901,3.532500
1780301586.363681,,,BOARD_2,4,0,3515.000,2208.000,3751.000,2684.000,3633.000,2446.000,236.000,476.000,26.430000,350.176941,3.239167
1780301586.455408,,,BOARD_2,1,0,180.000,2154.000,416.000,2630.000,298.000,2392.000,236.000,476.000,26.430000,8.167373,3.486667
1780301586.530515,,,BOARD_2,3,0,1427.000,2144.000,1663.000,2620.000,1545.000,2382.000,236.000,476.000,26.430000,341.062016,3.532500
1780301586.758048,,,BOARD_2,1,0,466.000,2165.000,702.000,2641.000,584.000,2403.000,236.000,476.000,26.430000,9.470758,3.436250
1780301587.355594,,,BOARD_2,1,0,296.000,2153.000,532.000,2629.000,414.000,2391.000,236.000,476.000,26.430000,8.696019,3.491250
1780301587.355594,,,BOARD_2,1,1,184.000,2153.000,420.000,2629.000,302.000,2391.000,236.000,476.000,26.430000,8.185602,3.491250
1780301587.463383,,,BOARD_2,3,0,1429.000,2144.000,1665.000,2620.000,1547.000,2382.000,236.000,476.000,26.430000,341.071130,3.532500
1780301587.710388,,,BOARD_2,3,0,1428.000,2145.000,1664.000,2621.000,1546.000,2383.000,236.000,476.000,26.430000,341.066573,3.527917
1780301587.872669,,,BOARD_2,1,0,182.000,2152.000,418.000,2628.000,300.000,2390.000,236.000,476.000,26.430000,8.176488,3.495833
1780301588.057665,,,BOARD_2,3,0,1427.000,2145.000,1663.000,2621.000,1545.000,2383.000,236.000,476.000,26.430000,341.062016,3.527917
1780301588.224251,,,BOARD_2,1,0,482.000,1642.000,718.000,2118.000,600.000,1880.000,236.000,476.000,26.430000,9.543675,5.833333
1780301588.306388,,,BOARD_2,3,0,1426.000,2143.000,1662.000,2619.000,1544.000,2381.000,236.000,476.000,26.430000,341.057458,3.537083
1780301588.603517,,,BOARD_2,1,0,180.000,2153.000,416.000,2629.000,298.000,2391.000,236.000,476.000,26.430000,8.167373,3.491250
1780301589.112277,,,BOARD_2,3,0,1423.000,2144.000,1659.000,2620.000,1541.000,2382.000,236.000,476.000,26.430000,341.043786,3.532500
1780301589.824275,,,BOARD_2,1,0,307.000,2153.000,543.000,2629.000,425.000,2391.000,236.000,476.000,26.430000,8.746149,3.491250
1780301589.944926,,,BOARD_2,4,0,3515.000,2208.000,3751.000,2684.000,3633.000,2446.000,236.000,476.000,26.430000,350.176941,3.239167
1780301590.369318,,,BOARD_2,3,0,1434.000,2146.000,1670.000,2622.000,1552.000,2384.000,236.000,476.000,26.430000,341.093917,3.523333
1780301590.627464,,,BOARD_2,1,0,307.000,2153.000,543.000,2629.000,425.000,2391.000,236.000,476.000,26.430000,8.746149,3.491250
1780301590.878109,,,BOARD_2,1,0,299.000,2121.000,535.000,2597.000,417.000,2359.000,236.000,476.000,26.430000,8.709691,3.637917
1780301591.223454,,,BOARD_2,1,0,306.000,2152.000,542.000,2628.000,424.000,2390.000,236.000,476.000,26.430000,8.741592,3.495833
1780301591.223454,,,BOARD_2,1,1,194.000,2152.000,430.000,2628.000,312.000,2390.000,236.000,476.000,26.430000,8.231175,3.495833
1780301591.255493,,,BOARD_2,3,0,1442.000,2147.000,1678.000,2623.000,1560.000,2385.000,236.000,476.000,26.430000,341.130375,3.518750
1780301591.594420,,,BOARD_2,1,0,305.000,2153.000,541.000,2629.000,423.000,2391.000,236.000,476.000,26.430000,8.737034,3.491250
1780301591.594420,,,BOARD_2,1,1,193.000,2153.000,429.000,2629.000,311.000,2391.000,236.000,476.000,26.430000,8.226618,3.491250
1780301592.146035,,,BOARD_2,3,0,1438.000,2146.000,1674.000,2622.000,1556.000,2384.000,236.000,476.000,26.430000,341.112146,3.523333
1780301592.459693,,,BOARD_2,1,0,304.000,2153.000,540.000,2629.000,422.000,2391.000,236.000,476.000,26.430000,8.732477,3.491250
1780301592.900185,,,BOARD_2,3,0,1439.000,2146.000,1675.000,2622.000,1557.000,2384.000,236.000,476.000,26.430000,341.116703,3.523333
1780301593.029980,,,BOARD_2,4,0,3515.000,2207.000,3751.000,2683.000,3633.000,2445.000,236.000,476.000,26.430000,350.176941,3.243750
1780301593.186622,,,BOARD_2,1,0,175.000,2153.000,411.000,2629.000,293.000,2391.000,236.000,476.000,26.430000,8.144586,3.491250
1780301593.186622,,,BOARD_2,1,1,303.000,2153.000,539.000,2629.000,421.000,2391.000,236.000,476.000,26.430000,8.727920,3.491250
1780301593.255962,,,BOARD_2,3,0,1438.000,2146.000,1674.000,2622.000,1556.000,2384.000,236.000,476.000,26.430000,341.112146,3.523333
1780301593.607210,,,BOARD_2,3,0,1436.000,2145.000,1672.000,2621.000,1554.000,2383.000,236.000,476.000,26.430000,341.103031,3.527917
1780301593.921499,,,BOARD_2,1,0,303.000,2152.000,539.000,2628.000,421.000,2390.000,236.000,476.000,26.430000,8.727920,3.495833
1780301593.921499,,,BOARD_2,1,1,191.000,2152.000,427.000,2628.000,309.000,2390.000,236.000,476.000,26.430000,8.217503,3.495833
1780301593.954926,,,BOARD_2,3,0,1429.000,2145.000,1665.000,2621.000,1547.000,2383.000,236.000,476.000,26.430000,341.071130,3.527917
1780301594.041021,,,BOARD_2,1,0,302.000,2153.000,538.000,2629.000,420.000,2391.000,236.000,476.000,26.430000,8.723363,3.491250
1780301594.041021,,,BOARD_2,1,1,190.000,2153.000,426.000,2629.000,308.000,2391.000,236.000,476.000,26.430000,8.212946,3.491250
1780301594.052190,,,BOARD_2,4,0,3517.000,2208.000,3753.000,2684.000,3635.000,2446.000,236.000,476.000,26.430000,350.186055,3.239167
1780301594.310145,,,BOARD_2,1,0,302.000,2152.000,538.000,2628.000,420.000,2390.000,236.000,476.000,26.430000,8.723363,3.495833
1780301594.310145,,,BOARD_2,1,1,190.000,2152.000,426.000,2628.000,308.000,2390.000,236.000,476.000,26.430000,8.212946,3.495833
1780301594.310145,,,BOARD_2,1,2,270.000,1880.000,506.000,2356.000,388.000,2118.000,236.000,476.000,26.430000,8.577529,4.742500
1780301594.424807,,,BOARD_2,3,0,1433.000,2145.000,1669.000,2621.000,1551.000,2383.000,236.000,476.000,26.430000,341.089359,3.527917
1780301594.666671,,,BOARD_2,1,0,303.000,2152.000,539.000,2628.000,421.000,2390.000,236.000,476.000,26.430000,8.727920,3.495833
1780301594.666671,,,BOARD_2,1,1,191.000,2152.000,427.000,2628.000,309.000,2390.000,236.000,476.000,26.430000,8.217503,3.495833
1780301594.694375,,,BOARD_2,3,0,347.000,1629.000,583.000,2105.000,465.000,1867.000,236.000,476.000,26.430000,336.140141,5.892917
1780301594.727656,,,BOARD_2,4,0,3547.000,2204.000,3783.000,2680.000,3665.000,2442.000,236.000,476.000,26.430000,350.322774,3.257500
1780301595.075285,,,BOARD_2,3,0,1431.000,2144.000,1667.000,2620.000,1549.000,2382.000,236.000,476.000,26.430000,341.080245,3.532500
1780301595.171240,,,BOARD_2,1,0,192.000,2153.000,428.000,2629.000,310.000,2391.000,236.000,476.000,26.430000,8.222060,3.491250
1780301595.171240,,,BOARD_2,1,1,304.000,2153.000,540.000,2629.000,422.000,2391.000,236.000,476.000,26.430000,8.732477,3.491250
1780301595.511204,,,BOARD_2,3,0,1429.000,2144.000,1665.000,2620.000,1547.000,2382.000,236.000,476.000,26.430000,341.071130,3.532500
1780301595.652127,,,BOARD_2,1,0,193.000,2154.000,429.000,2630.000,311.000,2392.000,236.000,476.000,26.430000,8.226618,3.486667
1780301596.128181,,,BOARD_2,4,0,3515.000,2207.000,3751.000,2683.000,3633.000,2445.000,236.000,476.000,26.430000,350.176941,3.243750
1780301596.180566,,,BOARD_2,1,0,298.000,2154.000,534.000,2630.000,416.000,2392.000,236.000,476.000,26.430000,8.705133,3.486667
1780301596.180566,,,BOARD_2,1,1,186.000,2154.000,422.000,2630.000,304.000,2392.000,236.000,476.000,26.430000,8.194717,3.486667
1780301596.389238,,,BOARD_2,3,0,1422.000,2143.000,1658.000,2619.000,1540.000,2381.000,236.000,476.000,26.430000,341.039229,3.537083
1780301596.877137,,,BOARD_2,3,0,1424.000,2143.000,1660.000,2619.000,1542.000,2381.000,236.000,476.000,26.430000,341.048344,3.537083
1780301597.321016,,,BOARD_2,3,0,1422.000,2137.000,1658.000,2613.000,1540.000,2375.000,236.000,476.000,26.430000,341.039229,3.564583
1780301597.407572,,,BOARD_2,1,0,294.000,2162.000,530.000,2638.000,412.000,2400.000,236.000,476.000,26.430000,8.686904,3.450000
1780301597.584646,,,BOARD_2,4,0,3515.000,2208.000,3751.000,2684.000,3633.000,2446.000,236.000,476.000,26.430000,350.176941,3.239167
1780301598.412362,,,BOARD_2,1,0,300.000,2154.000,536.000,2630.000,418.000,2392.000,236.000,476.000,26.430000,8.714248,3.486667
1780301598.423818,,,BOARD_2,4,0,2262.000,1775.000,2498.000,2251.000,2380.000,2013.000,236.000,476.000,26.430000,344.466654,5.223750
1780301598.614896,,,BOARD_2,3,0,1418.000,2142.000,1654.000,2618.000,1536.000,2380.000,236.000,476.000,26.430000,341.021000,3.541667
1780301598.654037,,,BOARD_2,1,0,482.000,2199.000,718.000,2675.000,600.000,2437.000,236.000,476.000,26.430000,9.543675,3.280417
1780301598.916122,,,BOARD_2,1,0,298.000,2162.000,534.000,2638.000,416.000,2400.000,236.000,476.000,26.430000,8.705133,3.450000
1780301598.928091,,,BOARD_2,4,0,3524.000,2205.000,3760.000,2681.000,3642.000,2443.000,236.000,476.000,26.430000,350.217956,3.252917
1780301599.207088,,,BOARD_2,1,0,450.000,2012.000,686.000,2488.000,568.000,2250.000,236.000,476.000,26.430000,9.397842,4.137500
1780301599.207088,,,BOARD_2,1,1,210.000,1932.000,446.000,2408.000,328.000,2170.000,236.000,476.000,26.430000,8.304092,4.504167
1780301599.600711,,,BOARD_2,1,0,298.000,2154.000,534.000,2630.000,416.000,2392.000,236.000,476.000,26.430000,8.705133,3.486667
1780301599.711710,,,BOARD_2,1,0,174.000,2155.000,410.000,2631.000,292.000,2393.000,236.000,476.000,26.430000,8.140029,3.482083
1780301599.711710,,,BOARD_2,1,1,286.000,2155.000,522.000,2631.000,404.000,2393.000,236.000,476.000,26.430000,8.650446,3.482083
1780301600.372622,,,BOARD_2,1,0,286.000,2164.000,522.000,2640.000,404.000,2402.000,236.000,476.000,26.430000,8.650446,3.440833
1780301601.171118,,,BOARD_2,1,0,287.000,2163.000,523.000,2639.000,405.000,2401.000,236.000,476.000,26.430000,8.655003,3.445417
1780301601.577636,,,BOARD_2,1,0,287.000,2166.000,523.000,2642.000,405.000,2404.000,236.000,476.000,26.430000,8.655003,3.431667
1780301602.213192,,,BOARD_2,1,0,288.000,2163.000,524.000,2639.000,406.000,2401.000,236.000,476.000,26.430000,8.659560,3.445417
1780301602.245653,,,BOARD_2,3,0,1410.000,2141.000,1646.000,2617.000,1528.000,2379.000,236.000,476.000,26.430000,340.984542,3.546250
1780301602.508132,,,BOARD_2,1,0,291.000,2169.000,527.000,2645.000,409.000,2407.000,236.000,476.000,26.430000,8.673232,3.417917
1780301602.789714,,,BOARD_2,1,0,168.000,2154.000,404.000,2630.000,286.000,2392.000,236.000,476.000,26.430000,8.112685,3.486667
1780301602.789714,,,BOARD_2,1,1,280.000,2154.000,516.000,2630.000,398.000,2392.000,236.000,476.000,26.430000,8.623102,3.486667
1780301602.789714,,,BOARD_2,1,2,696.000,2154.000,932.000,2630.000,814.000,2392.000,236.000,476.000,26.430000,10.518935,3.486667
1780301603.180389,,,BOARD_2,1,0,165.000,2156.000,401.000,2632.000,283.000,2394.000,236.000,476.000,26.430000,8.099014,3.477500
1780301603.180389,,,BOARD_2,1,1,293.000,2156.000,529.000,2632.000,411.000,2394.000,236.000,476.000,26.430000,8.682347,3.477500
1780301604.541298,,,BOARD_2,3,0,1411.000,2136.000,1647.000,2612.000,1529.000,2374.000,236.000,476.000,26.430000,340.989099,3.569167
1780301604.881290,,,BOARD_2,3,0,269.000,1619.000,505.000,2095.000,387.000,1857.000,236.000,476.000,26.430000,335.784672,5.938750
1780301604.881290,,,BOARD_2,3,1,765.000,1667.000,1001.000,2143.000,883.000,1905.000,236.000,476.000,26.430000,338.045089,5.718750
1780301605.122428,,,BOARD_2,3,0,1417.000,2143.000,1653.000,2619.000,1535.000,2381.000,236.000,476.000,26.430000,341.016443,3.537083
1780301605.313393,,,BOARD_2,4,0,3510.000,2209.000,3746.000,2685.000,3628.000,2447.000,236.000,476.000,26.430000,350.154154,3.234583
1780301605.576782,,,BOARD_2,3,0,288.000,1617.000,524.000,2093.000,406.000,1855.000,236.000,476.000,26.430000,335.871260,5.947917
1780301605.576782,,,BOARD_2,3,1,272.000,1777.000,508.000,2253.000,390.000,2015.000,236.000,476.000,26.430000,335.798344,5.214583
1780301605.814536,,,BOARD_2,3,0,1416.000,2143.000,1652.000,2619.000,1534.000,2381.000,236.000,476.000,26.430000,341.011885,3.537083
1780301605.997114,,,BOARD_2,4,0,2263.000,1775.000,2499.000,2251.000,2381.000,2013.000,236.000,476.000,26.430000,344.471211,5.223750
1780301606.278147,,,BOARD_2,3,0,303.000,1617.000,539.000,2093.000,421.000,1855.000,236.000,476.000,26.430000,335.939620,5.947917
1780301606.680959,,,BOARD_2,4,0,3520.000,2208.000,3756.000,2684.000,3638.000,2446.000,236.000,476.000,26.430000,350.199727,3.239167
1780301607.207309,,,BOARD_2,3,0,1413.000,2137.000,1649.000,2613.000,1531.000,2375.000,236.000,476.000,26.430000,340.998214,3.564583
1780301607.322351,,,BOARD_2,3,0,300.000,1616.000,536.000,2092.000,418.000,1854.000,236.000,476.000,26.430000,335.925948,5.952500
1780301607.322351,,,BOARD_2,3,1,268.000,1792.000,504.000,2268.000,386.000,2030.000,236.000,476.000,26.430000,335.780115,5.145833
1780301607.684499,,,BOARD_2,3,0,354.000,1613.000,590.000,2089.000,472.000,1851.000,236.000,476.000,26.430000,336.172042,5.966250
1780301607.930555,,,BOARD_2,3,0,1413.000,2141.000,1649.000,2617.000,1531.000,2379.000,236.000,476.000,26.430000,340.998214,3.546250
1780301608.050826,,,BOARD_2,3,0,1412.000,2136.000,1648.000,2612.000,1530.000,2374.000,236.000,476.000,26.430000,340.993656,3.569167
1780301608.050826,,,BOARD_2,3,1,464.000,1649.000,700.000,2125.000,582.000,1887.000,236.000,476.000,26.430000,336.673344,5.801250
1780301608.050826,,,BOARD_2,3,2,288.000,1617.000,524.000,2093.000,406.000,1855.000,236.000,476.000,26.430000,335.871260,5.947917
1780301608.291190,,,BOARD_2,3,0,1408.000,2136.000,1644.000,2612.000,1526.000,2374.000,236.000,476.000,26.430000,340.975427,3.569167
1780301609.287092,,,BOARD_2,3,0,764.000,1664.000,1000.000,2140.000,882.000,1902.000,236.000,476.000,26.430000,338.040531,5.732500
1780301609.287092,,,BOARD_2,3,1,268.000,1776.000,504.000,2252.000,386.000,2014.000,236.000,476.000,26.430000,335.780115,5.219167
1780301609.287092,,,BOARD_2,3,2,460.000,1648.000,696.000,2124.000,578.000,1886.000,236.000,476.000,26.430000,336.655115,5.805833
1780301609.652555,,,BOARD_2,3,0,480.000,1777.000,716.000,2253.000,598.000,2015.000,236.000,476.000,26.430000,336.746260,5.214583
1780301609.766939,,,BOARD_2,3,0,1427.000,2144.000,1663.000,2620.000,1545.000,2382.000,236.000,476.000,26.430000,341.062016,3.532500
1780301610.129400,,,BOARD_2,3,0,1429.000,2144.000,1665.000,2620.000,1547.000,2382.000,236.000,476.000,26.430000,341.071130,3.532500
1780301610.273333,,,BOARD_2,4,0,3479.000,1647.000,3715.000,2123.000,3597.000,1885.000,236.000,476.000,26.430000,350.012878,5.810417
1780301610.736308,,,BOARD_2,3,0,285.000,1802.000,521.000,2278.000,403.000,2040.000,236.000,476.000,26.430000,335.857589,5.100000
1780301610.736308,,,BOARD_2,3,1,317.000,1626.000,553.000,2102.000,435.000,1864.000,236.000,476.000,26.430000,336.003422,5.906667
1780301611.948033,,,BOARD_2,3,0,1430.000,2146.000,1666.000,2622.000,1548.000,2384.000,236.000,476.000,26.430000,341.075688,3.523333
1780301612.310292,,,BOARD_2,3,0,1427.000,2145.000,1663.000,2621.000,1545.000,2383.000,236.000,476.000,26.430000,341.062016,3.527917
1780301612.349071,,,BOARD_2,4,0,3529.000,2206.000,3765.000,2682.000,3647.000,2444.000,236.000,476.000,26.430000,350.240743,3.248333
1780301613.062994,,,BOARD_2,3,0,1426.000,2161.000,1662.000,2637.000,1544.000,2399.000,236.000,476.000,26.430000,341.057458,3.454583
1780301613.413300,,,BOARD_2,3,0,1423.000,2144.000,1659.000,2620.000,1541.000,2382.000,236.000,476.000,26.430000,341.043786,3.532500
1780301613.522398,,,BOARD_2,3,0,1427.000,2140.000,1663.000,2616.000,1545.000,2378.000,236.000,476.000,26.430000,341.062016,3.550833
1780301613.761321,,,BOARD_2,3,0,1447.000,2206.000,1683.000,2682.000,1565.000,2444.000,236.000,476.000,26.430000,341.153161,3.248333
1780301613.875336,,,BOARD_2,3,0,1431.000,2140.000,1667.000,2616.000,1549.000,2378.000,236.000,476.000,26.430000,341.080245,3.550833
1780301614.073929,,,BOARD_2,4,0,3531.000,2203.000,3767.000,2679.000,3649.000,2441.000,236.000,476.000,26.430000,350.249857,3.262083
1780301614.073929,,,BOARD_2,4,1,3483.000,1643.000,3719.000,2119.000,3601.000,1881.000,236.000,476.000,26.430000,350.031107,5.828750
1780301614.553320,,,BOARD_2,4,0,3522.000,1541.000,3758.000,2017.000,3640.000,1779.000,236.000,476.000,26.430000,350.208842,6.296250
1780301614.563987,,,BOARD_2,3,0,1438.000,2143.000,1674.000,2619.000,1556.000,2381.000,236.000,476.000,26.430000,341.112146,3.537083
1780301614.668257,,,BOARD_2,4,0,3524.000,2205.000,3760.000,2681.000,3642.000,2443.000,236.000,476.000,26.430000,350.217956,3.252917
1780301614.923781,,,BOARD_2,3,0,1429.000,2140.000,1665.000,2616.000,1547.000,2378.000,236.000,476.000,26.430000,341.071130,3.550833
1780301615.263267,,,BOARD_2,3,0,1434.000,2141.000,1670.000,2617.000,1552.000,2379.000,236.000,476.000,26.430000,341.093917,3.546250
1780301615.845508,,,BOARD_2,3,0,1428.000,2145.000,1664.000,2621.000,1546.000,2383.000,236.000,476.000,26.430000,341.066573,3.527917
1780301615.953617,,,BOARD_2,3,0,1439.000,2139.000,1675.000,2615.000,1557.000,2377.000,236.000,476.000,26.430000,341.116703,3.555417
1780301615.953617,,,BOARD_2,3,1,2.000,1546.000,238.000,2022.000,120.000,1784.000,236.000,476.000,26.430000,334.567875,6.273333
1780301616.187733,,,BOARD_2,3,0,1435.000,2145.000,1671.000,2621.000,1553.000,2383.000,236.000,476.000,26.430000,341.098474,3.527917
1780301616.298891,,,BOARD_2,3,0,1430.000,2140.000,1666.000,2616.000,1548.000,2378.000,236.000,476.000,26.430000,341.075688,3.550833
1780301616.532154,,,BOARD_2,3,0,1431.000,2145.000,1667.000,2621.000,1549.000,2383.000,236.000,476.000,26.430000,341.080245,3.527917
1780301616.643574,,,BOARD_2,3,0,1436.000,2143.000,1672.000,2619.000,1554.000,2381.000,236.000,476.000,26.430000,341.103031,3.537083
1780301616.878108,,,BOARD_2,3,0,1431.000,2145.000,1667.000,2621.000,1549.000,2383.000,236.000,476.000,26.430000,341.080245,3.527917
1780301617.675834,,,BOARD_2,3,0,1435.000,2167.000,1671.000,2643.000,1553.000,2405.000,236.000,476.000,26.430000,341.098474,3.427083
1780301617.866209,,,BOARD_2,4,0,3527.000,2205.000,3763.000,2681.000,3645.000,2443.000,236.000,476.000,26.430000,350.231628,3.252917
1780301617.909180,,,BOARD_2,3,0,1431.000,2152.000,1667.000,2628.000,1549.000,2390.000,236.000,476.000,26.430000,341.080245,3.495833
1780301618.093166,,,BOARD_2,4,0,3529.000,2204.000,3765.000,2680.000,3647.000,2442.000,236.000,476.000,26.430000,350.240743,3.257500
1780301618.403564,,,BOARD_2,3,0,325.000,1663.000,561.000,2139.000,443.000,1901.000,236.000,476.000,26.430000,336.039880,5.737083
1780301618.793875,,,BOARD_2,4,0,3515.000,2209.000,3751.000,2685.000,3633.000,2447.000,236.000,476.000,26.430000,350.176941,3.234583
1780301619.740638,,,BOARD_2,3,0,1433.000,2176.000,1669.000,2652.000,1551.000,2414.000,236.000,476.000,26.430000,341.089359,3.385833
1780301619.853004,,,BOARD_2,3,0,330.000,1637.000,566.000,2113.000,448.000,1875.000,236.000,476.000,26.430000,336.062667,5.856250
1780301620.457868,,,BOARD_2,3,0,1434.000,2146.000,1670.000,2622.000,1552.000,2384.000,236.000,476.000,26.430000,341.093917,3.523333
1780301621.064172,,,BOARD_2,3,0,308.000,1801.000,544.000,2277.000,426.000,2039.000,236.000,476.000,26.430000,335.962406,5.104583
1780301621.177773,,,BOARD_2,3,0,1437.000,2147.000,1673.000,2623.000,1555.000,2385.000,236.000,476.000,26.430000,341.107589,3.518750
1780301622.693458,,,BOARD_2,3,0,333.000,1620.000,569.000,2096.000,451.000,1858.000,236.000,476.000,26.430000,336.076339,5.934167
1780301623.388485,,,BOARD_2,3,0,653.000,1784.000,889.000,2260.000,771.000,2022.000,236.000,476.000,26.430000,337.534672,5.182500
1780301623.388485,,,BOARD_2,3,1,509.000,1768.000,745.000,2244.000,627.000,2006.000,236.000,476.000,26.430000,336.878422,5.255833
1780301624.416475,,,BOARD_2,3,0,505.000,1773.000,741.000,2249.000,623.000,2011.000,236.000,476.000,26.430000,336.860193,5.232917
1780301625.340985,,,BOARD_2,3,0,1453.000,2144.000,1689.000,2620.000,1571.000,2382.000,236.000,476.000,26.430000,341.180505,3.532500
1780301625.677692,,,BOARD_2,3,0,1447.000,2146.000,1683.000,2622.000,1565.000,2384.000,236.000,476.000,26.430000,341.153161,3.523333
1780301625.790364,,,BOARD_2,3,0,1038.000,2142.000,1274.000,2618.000,1156.000,2380.000,236.000,476.000,26.430000,339.289229,3.541667
1780301625.790364,,,BOARD_2,3,1,308.000,1844.000,544.000,2320.000,426.000,2082.000,236.000,476.000,26.430000,335.962406,4.907500
1780301626.023003,,,BOARD_2,3,0,1433.000,2146.000,1669.000,2622.000,1551.000,2384.000,236.000,476.000,26.430000,341.089359,3.523333
1780301626.132330,,,BOARD_2,3,0,503.000,1769.000,739.000,2245.000,621.000,2007.000,236.000,476.000,26.430000,336.851078,5.251250
1780301626.714676,,,BOARD_2,3,0,1435.000,2147.000,1671.000,2623.000,1553.000,2385.000,236.000,476.000,26.430000,341.098474,3.518750
1780301626.823585,,,BOARD_2,3,0,1434.000,2144.000,1670.000,2620.000,1552.000,2382.000,236.000,476.000,26.430000,341.093917,3.532500
1780301626.823585,,,BOARD_2,3,1,310.000,1791.000,546.000,2267.000,428.000,2029.000,236.000,476.000,26.430000,335.971521,5.150417
1780301627.058324,,,BOARD_2,3,0,1436.000,2146.000,1672.000,2622.000,1554.000,2384.000,236.000,476.000,26.430000,341.103031,3.523333
1780301627.168879,,,BOARD_2,3,0,312.000,1792.000,548.000,2268.000,430.000,2030.000,236.000,476.000,26.430000,335.980635,5.145833
1780301627.405674,,,BOARD_2,3,0,1434.000,2146.000,1670.000,2622.000,1552.000,2384.000,236.000,476.000,26.430000,341.093917,3.523333
1780301627.516268,,,BOARD_2,3,0,98.000,1681.000,334.000,2157.000,216.000,1919.000,236.000,476.000,26.430000,335.005375,5.654583
1780301627.750608,,,BOARD_2,3,0,1436.000,2146.000,1672.000,2622.000,1554.000,2384.000,236.000,476.000,26.430000,341.103031,3.523333
1780301628.098682,,,BOARD_2,3,0,1436.000,2146.000,1672.000,2622.000,1554.000,2384.000,236.000,476.000,26.430000,341.103031,3.523333
1780301628.213266,,,BOARD_2,3,0,340.000,1616.000,576.000,2092.000,458.000,1854.000,236.000,476.000,26.430000,336.108240,5.952500
1780301628.561287,,,BOARD_2,3,0,338.000,1615.000,574.000,2091.000,456.000,1853.000,236.000,476.000,26.430000,336.099125,5.957083
1780301629.590843,,,BOARD_2,3,0,1433.000,2146.000,1669.000,2622.000,1551.000,2384.000,236.000,476.000,26.430000,341.089359,3.523333
1780301629.827433,,,BOARD_2,3,0,1431.000,2146.000,1667.000,2622.000,1549.000,2384.000,236.000,476.000,26.430000,341.080245,3.523333
1780301629.935770,,,BOARD_2,3,0,1440.000,2141.000,1676.000,2617.000,1558.000,2379.000,236.000,476.000,26.430000,341.121260,3.546250
1780301629.935770,,,BOARD_2,3,1,289.000,1790.000,525.000,2266.000,407.000,2028.000,236.000,476.000,26.430000,335.875818,5.155000
1780301630.280078,,,BOARD_2,3,0,1431.000,2146.000,1667.000,2622.000,1549.000,2384.000,236.000,476.000,26.430000,341.080245,3.523333
1780301630.516727,,,BOARD_2,3,0,1428.000,2145.000,1664.000,2621.000,1546.000,2383.000,236.000,476.000,26.430000,341.066573,3.527917
1780301630.859486,,,BOARD_2,3,0,1432.000,2145.000,1668.000,2621.000,1550.000,2383.000,236.000,476.000,26.430000,341.084802,3.527917
1780301631.204281,,,BOARD_2,3,0,1431.000,2146.000,1667.000,2622.000,1549.000,2384.000,236.000,476.000,26.430000,341.080245,3.523333
1780301631.547520,,,BOARD_2,3,0,1432.000,2146.000,1668.000,2622.000,1550.000,2384.000,236.000,476.000,26.430000,341.084802,3.523333
1780301631.658491,,,BOARD_2,3,0,785.000,1761.000,1021.000,2237.000,903.000,1999.000,236.000,476.000,26.430000,338.136234,5.287917
1780301632.349670,,,BOARD_2,3,0,1436.000,2140.000,1672.000,2616.000,1554.000,2378.000,236.000,476.000,26.430000,341.103031,3.550833
1780301632.927228,,,BOARD_2,3,0,1444.000,2145.000,1680.000,2621.000,1562.000,2383.000,236.000,476.000,26.430000,341.139490,3.527917
1780301633.275045,,,BOARD_2,3,0,1442.000,2144.000,1678.000,2620.000,1560.000,2382.000,236.000,476.000,26.430000,341.130375,3.532500
1780301633.383159,,,BOARD_2,3,0,1429.000,2141.000,1665.000,2617.000,1547.000,2379.000,236.000,476.000,26.430000,341.071130,3.546250
1780301633.625766,,,BOARD_2,3,0,1422.000,2143.000,1658.000,2619.000,1540.000,2381.000,236.000,476.000,26.430000,341.039229,3.537083
1780301633.734816,,,BOARD_2,3,0,297.000,1620.000,533.000,2096.000,415.000,1858.000,236.000,476.000,26.430000,335.912276,5.934167
1780301633.973901,,,BOARD_2,3,0,1420.000,2144.000,1656.000,2620.000,1538.000,2382.000,236.000,476.000,26.430000,341.030115,3.532500
1780301634.199106,,,BOARD_2,3,0,306.000,1697.000,542.000,2173.000,424.000,1935.000,236.000,476.000,26.430000,335.953292,5.581250
1780301794.613214,,,BOARD_2,0,0,1044.000,711.000,1280.000,1187.000,1162.000,949.000,236.000,476.000,26.430000,30.854173,10.100417
1780301794.949259,,,BOARD_2,0,0,1145.000,651.000,1381.000,1127.000,1263.000,889.000,236.000,476.000,26.430000,31.314459,10.375417
1780301797.248232,,,BOARD_2,0,0,1742.000,964.000,1978.000,1440.000,1860.000,1202.000,236.000,476.000,26.430000,34.035162,8.940833
1780301798.221813,,,BOARD_2,0,0,956.000,1388.000,1192.000,1864.000,1074.000,1626.000,236.000,476.000,26.430000,30.453131,6.997500
1780301798.535784,,,BOARD_2,0,0,855.000,1466.000,1091.000,1942.000,973.000,1704.000,236.000,476.000,26.430000,29.992845,6.640000
1780301801.475551,,,BOARD_2,0,0,760.000,74.000,996.000,550.000,878.000,312.000,236.000,476.000,26.430000,29.559902,13.020000
1780301801.804956,,,BOARD_2,0,0,856.000,74.000,1092.000,550.000,974.000,312.000,236.000,476.000,26.430000,29.997402,13.020000
1780301802.459728,,,BOARD_2,0,0,948.000,318.000,1184.000,794.000,1066.000,556.000,236.000,476.000,26.430000,30.416673,11.901667
1780301803.106525,,,BOARD_2,0,0,938.000,388.000,1174.000,864.000,1056.000,626.000,236.000,476.000,26.430000,30.371100,11.580833
1780301803.426758,,,BOARD_2,0,0,949.000,401.000,1185.000,877.000,1067.000,639.000,236.000,476.000,26.430000,30.421230,11.521250
1780301804.061990,,,BOARD_2,0,0,1100.000,414.000,1336.000,890.000,1218.000,652.000,236.000,476.000,26.430000,31.109381,11.461667
1780301804.369234,,,BOARD_2,0,0,1186.000,408.000,1422.000,884.000,1304.000,646.000,236.000,476.000,26.430000,31.501308,11.489167
1780301808.294496,,,BOARD_2,0,0,1514.000,367.000,1750.000,843.000,1632.000,605.000,236.000,476.000,26.430000,32.996100,11.677083
1780301817.059065,,,BOARD_2,0,0,1322.000,1219.000,1558.000,1695.000,1440.000,1457.000,236.000,476.000,26.430000,32.121100,7.772083
1780301818.384536,,,BOARD_2,0,0,1151.000,1308.000,1387.000,1784.000,1269.000,1546.000,236.000,476.000,26.430000,31.341803,7.364167
1780301818.711554,,,BOARD_2,0,0,1110.000,1319.000,1346.000,1795.000,1228.000,1557.000,236.000,476.000,26.430000,31.154954,7.313750
1780301819.041410,,,BOARD_2,0,0,1068.000,1343.000,1304.000,1819.000,1186.000,1581.000,236.000,476.000,26.430000,30.963548,7.203750
1780301821.015804,,,BOARD_2,0,0,911.000,1412.000,1147.000,1888.000,1029.000,1650.000,236.000,476.000,26.430000,30.248053,6.887500
1780301821.677289,,,BOARD_2,0,0,848.000,1454.000,1084.000,1930.000,966.000,1692.000,236.000,476.000,26.430000,29.960944,6.695000
1780301823.947992,,,BOARD_2,0,0,668.000,1767.000,800.000,1859.000,734.000,1813.000,132.000,92.000,47.250000,28.903652,6.140417
1780301824.262464,,,BOARD_2,0,0,605.000,1742.000,853.000,1922.000,729.000,1832.000,248.000,180.000,25.150000,28.880866,6.053333
1780301824.591627,,,BOARD_2,0,0,589.000,1748.000,837.000,1928.000,713.000,1838.000,248.000,180.000,25.150000,28.807949,6.025833
1780301824.931814,,,BOARD_2,0,0,578.000,1758.000,826.000,1938.000,702.000,1848.000,248.000,180.000,25.150000,28.757819,5.980000
1780301825.595145,,,BOARD_2,0,0,528.000,1779.000,776.000,1959.000,652.000,1869.000,248.000,180.000,25.150000,28.529954,5.883750
1780301825.938613,,,BOARD_2,0,0,527.000,1643.000,763.000,2119.000,645.000,1881.000,236.000,476.000,26.430000,28.498053,5.828750
1780301826.255099,,,BOARD_2,0,0,485.000,1690.000,721.000,2166.000,603.000,1928.000,236.000,476.000,26.430000,28.306647,5.613333
1780301826.597964,,,BOARD_2,0,0,435.000,1865.000,683.000,2045.000,559.000,1955.000,248.000,180.000,25.150000,28.106126,5.489583
1780301826.912336,,,BOARD_2,0,0,414.000,1760.000,650.000,2236.000,532.000,1998.000,236.000,476.000,26.430000,27.983079,5.292500
1780301827.249831,,,BOARD_2,0,0,349.000,1815.000,585.000,2291.000,467.000,2053.000,236.000,476.000,26.430000,27.686855,5.040417
1780301827.567150,,,BOARD_2,0,0,274.000,1905.000,510.000,2381.000,392.000,2143.000,236.000,476.000,26.430000,27.345058,4.627917
1780301827.878497,,,BOARD_2,0,0,250.000,2183.000,382.000,2275.000,316.000,2229.000,132.000,92.000,47.250000,26.998704,4.233750
1780301828.195168,,,BOARD_2,0,0,162.000,2060.000,398.000,2536.000,280.000,2298.000,236.000,476.000,26.430000,26.834642,3.917500
1780301828.523198,,,BOARD_2,0,0,108.000,2129.000,356.000,2309.000,232.000,2219.000,248.000,180.000,25.150000,26.615892,4.279583
1780301828.852901,,,BOARD_2,0,0,170.000,1926.000,302.000,2018.000,236.000,1972.000,132.000,92.000,47.250000,26.634121,5.411667
1780301834.397079,,,BOARD_2,0,0,916.000,1138.000,1164.000,1318.000,1040.000,1228.000,248.000,180.000,25.150000,30.298183,8.821667
1780301837.031655,,,BOARD_2,0,0,951.000,894.000,1199.000,1074.000,1075.000,984.000,248.000,180.000,25.150000,30.457689,9.940000
1780301838.334307,,,BOARD_2,0,0,937.000,897.000,1185.000,1077.000,1061.000,987.000,248.000,180.000,25.150000,30.393886,9.926250
1780301839.276539,,,BOARD_2,0,0,929.000,895.000,1177.000,1075.000,1053.000,985.000,248.000,180.000,25.150000,30.357428,9.935417
1780301839.603093,,,BOARD_2,0,0,932.000,893.000,1180.000,1073.000,1056.000,983.000,248.000,180.000,25.150000,30.371100,9.944583
1780301839.932667,,,BOARD_2,0,0,930.000,893.000,1178.000,1073.000,1054.000,983.000,248.000,180.000,25.150000,30.361985,9.944583
1780301840.269467,,,BOARD_2,0,0,932.000,878.000,1180.000,1058.000,1056.000,968.000,248.000,180.000,25.150000,30.371100,10.013333
1780301840.600061,,,BOARD_2,0,0,929.000,896.000,1177.000,1076.000,1053.000,986.000,248.000,180.000,25.150000,30.357428,9.930833
1780301840.935215,,,BOARD_2,0,0,925.000,900.000,1173.000,1080.000,1049.000,990.000,248.000,180.000,25.150000,30.339199,9.912500
1780301841.572630,,,BOARD_2,0,0,924.000,904.000,1172.000,1084.000,1048.000,994.000,248.000,180.000,25.150000,30.334642,9.894167
1780301842.236925,,,BOARD_2,0,0,927.000,911.000,1175.000,1091.000,1051.000,1001.000,248.000,180.000,25.150000,30.348314,9.862083
1780301843.183166,,,BOARD_2,0,0,923.000,921.000,1171.000,1101.000,1047.000,1011.000,248.000,180.000,25.150000,30.330084,9.816250
1780301844.185117,,,BOARD_2,0,0,923.000,923.000,1171.000,1103.000,1047.000,1013.000,248.000,180.000,25.150000,30.330084,9.807083
1780301844.503193,,,BOARD_2,0,0,926.000,925.000,1174.000,1105.000,1050.000,1015.000,248.000,180.000,25.150000,30.343756,9.797917
1780301844.839322,,,BOARD_2,0,0,928.000,929.000,1176.000,1109.000,1052.000,1019.000,248.000,180.000,25.150000,30.352871,9.779583
1780301845.156047,,,BOARD_2,0,0,926.000,932.000,1174.000,1112.000,1050.000,1022.000,248.000,180.000,25.150000,30.343756,9.765833
1780301846.491684,,,BOARD_2,0,0,1119.000,950.000,1367.000,1130.000,1243.000,1040.000,248.000,180.000,25.150000,31.223314,9.683333
1780301846.825020,,,BOARD_2,0,0,1230.000,984.000,1362.000,1076.000,1296.000,1030.000,132.000,92.000,47.250000,31.464850,9.729167
1780301847.458966,,,BOARD_2,0,0,1325.000,954.000,1573.000,1134.000,1449.000,1044.000,248.000,180.000,25.150000,32.162116,9.665000
1780301848.085612,,,BOARD_2,0,0,1390.000,960.000,1638.000,1140.000,1514.000,1050.000,248.000,180.000,25.150000,32.458340,9.637500
1780301848.397284,,,BOARD_2,0,0,1419.000,980.000,1667.000,1160.000,1543.000,1070.000,248.000,180.000,25.150000,32.590501,9.545833
1780301849.026141,,,BOARD_2,0,0,1474.000,982.000,1722.000,1162.000,1598.000,1072.000,248.000,180.000,25.150000,32.841152,9.536667
1780301849.335952,,,BOARD_2,0,0,1501.000,980.000,1749.000,1160.000,1625.000,1070.000,248.000,180.000,25.150000,32.964199,9.545833
1780301851.305045,,,BOARD_2,0,0,1854.000,979.000,2102.000,1159.000,1978.000,1069.000,248.000,180.000,25.150000,34.572923,9.550417
1780301853.265479,,,BOARD_2,0,0,1888.000,1007.000,2136.000,1187.000,2012.000,1097.000,248.000,180.000,25.150000,34.727871,9.422083
1780301854.585887,,,BOARD_2,0,0,1819.000,1003.000,2067.000,1183.000,1943.000,1093.000,248.000,180.000,25.150000,34.413418,9.440417
1780301854.901532,,,BOARD_2,0,0,1776.000,1029.000,2024.000,1209.000,1900.000,1119.000,248.000,180.000,25.150000,34.217454,9.321250
1780301855.237531,,,BOARD_2,0,0,1763.000,1024.000,2011.000,1204.000,1887.000,1114.000,248.000,180.000,25.150000,34.158209,9.344167
1780301855.555367,,,BOARD_2,0,0,1717.000,1052.000,1965.000,1232.000,1841.000,1142.000,248.000,180.000,25.150000,33.948574,9.215833
1780301855.892782,,,BOARD_2,0,0,1675.000,1073.000,1923.000,1253.000,1799.000,1163.000,248.000,180.000,25.150000,33.757168,9.119583
1780301856.524158,,,BOARD_2,0,0,1624.000,1162.000,1756.000,1254.000,1690.000,1208.000,132.000,92.000,47.250000,33.260423,8.913333
1780301856.837465,,,BOARD_2,0,0,1539.000,1142.000,1787.000,1322.000,1663.000,1232.000,248.000,180.000,25.150000,33.137376,8.803333
1780301857.166126,,,BOARD_2,0,0,1555.000,1207.000,1687.000,1299.000,1621.000,1253.000,132.000,92.000,47.250000,32.945970,8.707083
1780301857.826523,,,BOARD_2,0,0,1445.000,1206.000,1693.000,1386.000,1569.000,1296.000,248.000,180.000,25.150000,32.708991,8.510000
1780301858.138420,,,BOARD_2,0,0,1420.000,1183.000,1668.000,1363.000,1544.000,1273.000,248.000,180.000,25.150000,32.595058,8.615417
1780301864.005045,,,BOARD_2,0,0,1473.000,921.000,1721.000,1101.000,1597.000,1011.000,248.000,180.000,25.150000,32.836595,9.816250
1780301868.215178,,,BOARD_2,0,0,1553.000,934.000,1801.000,1114.000,1677.000,1024.000,248.000,180.000,25.150000,33.201178,9.756667
1780301868.859040,,,BOARD_2,0,0,1557.000,935.000,1805.000,1115.000,1681.000,1025.000,248.000,180.000,25.150000,33.219407,9.752083
1780301871.452502,,,BOARD_2,0,0,1626.000,867.000,1746.000,1111.000,1686.000,989.000,120.000,244.000,51.980000,33.242194,9.917083
1780301871.763059,,,BOARD_2,0,0,1583.000,956.000,1715.000,1048.000,1649.000,1002.000,132.000,92.000,47.250000,33.073574,9.857500
1780301872.418225,,,BOARD_2,0,0,1506.000,939.000,1754.000,1119.000,1630.000,1029.000,248.000,180.000,25.150000,32.986985,9.733750
1780301872.749431,,,BOARD_2,0,0,1535.000,987.000,1667.000,1079.000,1601.000,1033.000,132.000,92.000,47.250000,32.854824,9.715417
1780301873.065884,,,BOARD_2,0,0,1462.000,962.000,1710.000,1142.000,1586.000,1052.000,248.000,180.000,25.150000,32.786465,9.628333
1780301874.006392,,,BOARD_2,0,0,1384.000,1008.000,1632.000,1188.000,1508.000,1098.000,248.000,180.000,25.150000,32.430996,9.417500
1780301875.321055,,,BOARD_2,0,0,1339.000,1031.000,1587.000,1211.000,1463.000,1121.000,248.000,180.000,25.150000,32.225918,9.312083
1780301875.650031,,,BOARD_2,0,0,1318.000,1054.000,1566.000,1234.000,1442.000,1144.000,248.000,180.000,25.150000,32.130215,9.206667
1780301875.988026,,,BOARD_2,0,0,1299.000,1067.000,1547.000,1247.000,1423.000,1157.000,248.000,180.000,25.150000,32.043626,9.147083
1780301876.301954,,,BOARD_2,0,0,1319.000,1115.000,1451.000,1207.000,1385.000,1161.000,132.000,92.000,47.250000,31.870449,9.128750
1780301876.619449,,,BOARD_2,0,0,1237.000,1100.000,1485.000,1280.000,1361.000,1190.000,248.000,180.000,25.150000,31.761074,8.995833
1780301877.268288,,,BOARD_2,0,0,1215.000,1189.000,1347.000,1281.000,1281.000,1235.000,132.000,92.000,47.250000,31.396491,8.789583
1780301877.926125,,,BOARD_2,0,0,1152.000,1234.000,1284.000,1326.000,1218.000,1280.000,132.000,92.000,47.250000,31.109381,8.583333
1780301878.885651,,,BOARD_2,0,0,1080.000,1207.000,1328.000,1387.000,1204.000,1297.000,248.000,180.000,25.150000,31.045579,8.505417
1780301879.199950,,,BOARD_2,0,0,1070.000,1232.000,1318.000,1412.000,1194.000,1322.000,248.000,180.000,25.150000,31.000006,8.390833
1780301879.513479,,,BOARD_2,0,0,1139.000,1264.000,1271.000,1356.000,1205.000,1310.000,132.000,92.000,47.250000,31.050136,8.445833
1780301880.816817,,,BOARD_2,0,0,1273.000,1271.000,1405.000,1363.000,1339.000,1317.000,132.000,92.000,47.250000,31.660814,8.413750
1780301881.444375,,,BOARD_2,0,0,1382.000,1271.000,1514.000,1363.000,1448.000,1317.000,132.000,92.000,47.250000,32.157558,8.413750
1780301882.063088,,,BOARD_2,0,0,1475.000,1271.000,1607.000,1363.000,1541.000,1317.000,132.000,92.000,47.250000,32.581386,8.413750
1780301887.581902,,,BOARD_2,0,0,1557.000,1209.000,1805.000,1389.000,1681.000,1299.000,248.000,180.000,25.150000,33.219407,8.496250
1780301888.222766,,,BOARD_2,0,0,1532.000,1219.000,1780.000,1399.000,1656.000,1309.000,248.000,180.000,25.150000,33.105475,8.450417
1780301888.545628,,,BOARD_2,0,0,1515.000,1228.000,1763.000,1408.000,1639.000,1318.000,248.000,180.000,25.150000,33.028001,8.409167
1780301888.887611,,,BOARD_2,0,0,1477.000,1254.000,1725.000,1434.000,1601.000,1344.000,248.000,180.000,25.150000,32.854824,8.290000
1780301890.187440,,,BOARD_2,0,0,1413.000,1366.000,1545.000,1458.000,1479.000,1412.000,132.000,92.000,47.250000,32.298834,7.978333
1780301891.460378,,,BOARD_2,0,0,1401.000,1257.000,1533.000,1349.000,1467.000,1303.000,132.000,92.000,47.250000,32.244147,8.477917
1780301895.648605,,,BOARD_2,0,0,1419.000,699.000,1551.000,791.000,1485.000,745.000,132.000,92.000,47.250000,32.326178,11.035417
1780301896.313272,,,BOARD_2,0,0,1544.000,710.000,1676.000,802.000,1610.000,756.000,132.000,92.000,47.250000,32.895840,10.985000
1780301897.979507,,,BOARD_2,0,0,1886.000,727.000,2018.000,819.000,1952.000,773.000,132.000,92.000,47.250000,34.454433,10.907083
1780301898.628968,,,BOARD_2,0,0,1970.000,721.000,2102.000,812.000,2036.000,766.500,132.000,91.000,47.250000,34.837246,10.936875
1780301899.883890,,,BOARD_2,0,0,1976.000,709.000,2108.000,801.000,2042.000,755.000,132.000,92.000,47.250000,34.864590,10.989583
1780301902.766861,,,BOARD_2,0,0,1964.000,677.000,2096.000,769.000,2030.000,723.000,132.000,92.000,47.250000,34.809902,11.136250
1780301903.413326,,,BOARD_2,0,0,1966.000,671.000,2098.000,763.000,2032.000,717.000,132.000,92.000,47.250000,34.819017,11.163750
1780301903.729921,,,BOARD_2,0,0,1967.000,670.000,2099.000,762.000,2033.000,716.000,132.000,92.000,47.250000,34.823574,11.168333
1780301906.961427,,,BOARD_2,0,0,1972.000,659.000,2104.000,751.000,2038.000,705.000,132.000,92.000,47.250000,34.846360,11.218750
1780301909.232938,,,BOARD_2,0,0,1978.000,676.000,2110.000,768.000,2044.000,722.000,132.000,92.000,47.250000,34.873704,11.140833
1780301911.518795,,,BOARD_2,0,0,1962.000,697.000,2094.000,789.000,2028.000,743.000,132.000,92.000,47.250000,34.800787,11.044583
1780301911.845437,,,BOARD_2,0,0,1950.000,649.000,2070.000,893.000,2010.000,771.000,120.000,244.000,51.980000,34.718756,10.916250
1780301912.819325,,,BOARD_2,0,0,1762.000,816.000,1894.000,908.000,1828.000,862.000,132.000,92.000,47.250000,33.889329,10.499167
1780301913.146345,,,BOARD_2,0,0,1711.000,849.000,1843.000,941.000,1777.000,895.000,132.000,92.000,47.250000,33.656907,10.347917
1780301914.137934,,,BOARD_2,0,0,1560.000,961.000,1692.000,1053.000,1626.000,1007.000,132.000,92.000,47.250000,32.968756,9.834583
1780301915.222205,,,BOARD_2,0,0,1313.000,1069.000,1433.000,1313.000,1373.000,1191.000,120.000,244.000,51.980000,31.815761,8.991250
1780301915.867287,,,BOARD_2,0,0,1122.000,1252.000,1186.000,1372.000,1154.000,1312.000,64.000,120.000,97.460000,30.817715,8.436667
1780301916.077518,,,BOARD_2,0,0,974.000,1282.000,1222.000,1462.000,1098.000,1372.000,248.000,180.000,25.150000,30.562506,8.161667
1780301916.392462,,,BOARD_2,0,0,1011.000,1336.000,1075.000,1456.000,1043.000,1396.000,64.000,120.000,97.460000,30.311855,8.051667
1780301916.710855,,,BOARD_2,0,0,993.000,1357.000,1057.000,1477.000,1025.000,1417.000,64.000,120.000,97.460000,30.229824,7.955417
1780301918.342793,,,BOARD_2,0,0,1526.000,1385.000,1590.000,1505.000,1558.000,1445.000,64.000,120.000,97.460000,32.658860,7.827083
1780301920.015279,,,BOARD_2,0,0,1572.000,1390.000,1636.000,1510.000,1604.000,1450.000,64.000,120.000,97.460000,32.868496,7.804167
1780301920.325130,,,BOARD_2,0,0,1567.000,1388.000,1631.000,1508.000,1599.000,1448.000,64.000,120.000,97.460000,32.845709,7.813333
1780301923.581656,,,BOARD_2,0,0,1548.000,1394.000,1680.000,1486.000,1614.000,1440.000,132.000,92.000,47.250000,32.914069,7.850000
1780301925.524084,,,BOARD_2,0,0,1551.000,1391.000,1683.000,1483.000,1617.000,1437.000,132.000,92.000,47.250000,32.927741,7.863750
1780301927.746228,,,BOARD_2,0,0,1577.000,1373.000,1641.000,1493.000,1609.000,1433.000,64.000,120.000,97.460000,32.891282,7.882083
1780301928.071703,,,BOARD_2,0,0,1567.000,1387.000,1631.000,1507.000,1599.000,1447.000,64.000,120.000,97.460000,32.845709,7.817917
1780301928.411255,,,BOARD_2,0,0,1556.000,1379.000,1620.000,1499.000,1588.000,1439.000,64.000,120.000,97.460000,32.795579,7.854583
1780301929.379376,,,BOARD_2,0,0,1547.000,1369.000,1611.000,1489.000,1579.000,1429.000,64.000,120.000,97.460000,32.754564,7.900417
1780301929.718235,,,BOARD_2,0,0,1540.000,1375.000,1604.000,1495.000,1572.000,1435.000,64.000,120.000,97.460000,32.722662,7.872917
1780301930.032583,,,BOARD_2,0,0,1529.000,1388.000,1593.000,1508.000,1561.000,1448.000,64.000,120.000,97.460000,32.672532,7.813333
1780301930.372846,,,BOARD_2,0,0,1521.000,1388.000,1585.000,1508.000,1553.000,1448.000,64.000,120.000,97.460000,32.636074,7.813333
1780301931.333619,,,BOARD_2,0,0,1487.000,1406.000,1551.000,1526.000,1519.000,1466.000,64.000,120.000,97.460000,32.481126,7.730833
1780301936.784527,,,BOARD_2,0,0,1428.000,1419.000,1560.000,1511.000,1494.000,1465.000,132.000,92.000,47.250000,32.367194,7.735417
1780301938.043608,,,BOARD_2,0,0,1427.000,1418.000,1559.000,1510.000,1493.000,1464.000,132.000,92.000,47.250000,32.362636,7.740000
1780301938.373219,,,BOARD_2,0,0,1463.000,1395.000,1527.000,1515.000,1495.000,1455.000,64.000,120.000,97.460000,32.371751,7.781250
1780301939.685217,,,BOARD_2,0,0,1367.000,1378.000,1615.000,1558.000,1491.000,1468.000,248.000,180.000,25.150000,32.353522,7.721667
1780301940.013121,,,BOARD_2,0,0,1441.000,1420.000,1505.000,1540.000,1473.000,1480.000,64.000,120.000,97.460000,32.271491,7.666667
1780301940.352117,,,BOARD_2,0,0,1413.000,1434.000,1477.000,1554.000,1445.000,1494.000,64.000,120.000,97.460000,32.143886,7.602500
1780301941.006791,,,BOARD_2,0,0,1393.000,1453.000,1457.000,1573.000,1425.000,1513.000,64.000,120.000,97.460000,32.052741,7.515417
1780301941.951900,,,BOARD_2,0,0,1360.000,1480.000,1492.000,1572.000,1426.000,1526.000,132.000,92.000,47.250000,32.057298,7.455833
1780301942.931167,,,BOARD_2,0,0,1402.000,1459.000,1466.000,1579.000,1434.000,1519.000,64.000,120.000,97.460000,32.093756,7.487917
1780301943.598173,,,BOARD_2,0,0,1365.000,1482.000,1497.000,1574.000,1431.000,1528.000,132.000,92.000,47.250000,32.080084,7.446667
1780301943.911673,,,BOARD_2,0,0,1366.000,1482.000,1498.000,1574.000,1432.000,1528.000,132.000,92.000,47.250000,32.084642,7.446667
1780301944.566085,,,BOARD_2,0,0,1365.000,1483.000,1497.000,1575.000,1431.000,1529.000,132.000,92.000,47.250000,32.080084,7.442083
1780301946.172845,,,BOARD_2,0,0,1390.000,1470.000,1454.000,1590.000,1422.000,1530.000,64.000,120.000,97.460000,32.039069,7.437500
1780301948.447735,,,BOARD_2,0,0,1396.000,1487.000,1460.000,1607.000,1428.000,1547.000,64.000,120.000,97.460000,32.066412,7.359583
1780301950.068579,,,BOARD_2,0,0,1389.000,1495.000,1453.000,1615.000,1421.000,1555.000,64.000,120.000,97.460000,32.034511,7.322917
1780301950.380690,,,BOARD_2,0,0,1386.000,1495.000,1450.000,1615.000,1418.000,1555.000,64.000,120.000,97.460000,32.020840,7.322917
1780301951.046241,,,BOARD_2,0,0,1371.000,1503.000,1435.000,1623.000,1403.000,1563.000,64.000,120.000,97.460000,31.952480,7.286250
1780301951.382796,,,BOARD_2,0,0,1359.000,1508.000,1423.000,1628.000,1391.000,1568.000,64.000,120.000,97.460000,31.897793,7.263333
1780301951.696716,,,BOARD_2,0,0,1357.000,1508.000,1421.000,1628.000,1389.000,1568.000,64.000,120.000,97.460000,31.888678,7.263333
1780301953.017968,,,BOARD_2,0,0,1409.000,1483.000,1473.000,1603.000,1441.000,1543.000,64.000,120.000,97.460000,32.125657,7.377917
1780301953.354847,,,BOARD_2,0,0,1387.000,1505.000,1519.000,1597.000,1453.000,1551.000,132.000,92.000,47.250000,32.180345,7.341250
1780301954.318968,,,BOARD_2,0,0,1427.000,1483.000,1491.000,1603.000,1459.000,1543.000,64.000,120.000,97.460000,32.207689,7.377917
1780301955.276400,,,BOARD_2,0,0,1389.000,1506.000,1521.000,1598.000,1455.000,1552.000,132.000,92.000,47.250000,32.189459,7.336667
1780301961.459709,,,BOARD_2,0,0,1380.000,1497.000,1512.000,1589.000,1446.000,1543.000,132.000,92.000,47.250000,32.148444,7.377917
1780301962.321063,,,BOARD_2,0,0,1376.000,1498.000,1508.000,1590.000,1442.000,1544.000,132.000,92.000,47.250000,32.130215,7.373333
1780301962.745265,,,BOARD_2,0,0,1379.000,1498.000,1511.000,1590.000,1445.000,1544.000,132.000,92.000,47.250000,32.143886,7.373333
1780301965.218972,,,BOARD_2,0,0,1377.000,1493.000,1509.000,1585.000,1443.000,1539.000,132.000,92.000,47.250000,32.134772,7.396250
1780301965.547850,,,BOARD_2,0,0,1377.000,1493.000,1509.000,1585.000,1443.000,1539.000,132.000,92.000,47.250000,32.134772,7.396250
1780301965.857136,,,BOARD_2,0,0,1375.000,1493.000,1507.000,1585.000,1441.000,1539.000,132.000,92.000,47.250000,32.125657,7.396250
1780301966.161489,,,BOARD_2,0,0,1377.000,1493.000,1509.000,1585.000,1443.000,1539.000,132.000,92.000,47.250000,32.134772,7.396250
1780301969.011401,,,BOARD_2,0,0,1397.000,1473.000,1461.000,1593.000,1429.000,1533.000,64.000,120.000,97.460000,32.070970,7.423750
1780301969.330935,,,BOARD_2,0,0,1299.000,1451.000,1547.000,1631.000,1423.000,1541.000,248.000,180.000,25.150000,32.043626,7.387083
1780301969.651467,,,BOARD_2,0,0,1370.000,1491.000,1434.000,1611.000,1402.000,1551.000,64.000,120.000,97.460000,31.947923,7.341250
1780301969.980849,,,BOARD_2,0,0,1354.000,1503.000,1418.000,1622.000,1386.000,1562.500,64.000,119.000,97.460000,31.875006,7.288542
1780301970.287817,,,BOARD_2,0,0,1338.000,1510.000,1402.000,1630.000,1370.000,1570.000,64.000,120.000,97.460000,31.802090,7.254167
1780301970.591500,,,BOARD_2,0,0,1345.000,1500.000,1409.000,1620.000,1377.000,1560.000,64.000,120.000,97.460000,31.833991,7.300000
1780301971.216342,,,BOARD_2,0,0,1377.000,1488.000,1441.000,1608.000,1409.000,1548.000,64.000,120.000,97.460000,31.979824,7.355000
1780301972.133776,,,BOARD_2,0,0,1471.000,1442.000,1535.000,1562.000,1503.000,1502.000,64.000,120.000,97.460000,32.408209,7.565833
1780301972.775455,,,BOARD_2,0,0,1512.000,1431.000,1576.000,1551.000,1544.000,1491.000,64.000,120.000,97.460000,32.595058,7.616250
1780301973.416974,,,BOARD_2,0,0,1525.000,1431.000,1589.000,1551.000,1557.000,1491.000,64.000,120.000,97.460000,32.654303,7.616250
1780301973.723354,,,BOARD_2,0,0,1496.000,1453.000,1628.000,1545.000,1562.000,1499.000,132.000,92.000,47.250000,32.677090,7.579583
1780301975.333429,,,BOARD_2,0,0,1496.000,1466.000,1628.000,1558.000,1562.000,1512.000,132.000,92.000,47.250000,32.677090,7.520000
1780301976.610422,,,BOARD_2,0,0,1530.000,1441.000,1594.000,1561.000,1562.000,1501.000,64.000,120.000,97.460000,32.677090,7.570417
1780301976.940051,,,BOARD_2,0,0,1540.000,1438.000,1604.000,1558.000,1572.000,1498.000,64.000,120.000,97.460000,32.722662,7.584167
1780301977.250840,,,BOARD_2,0,0,1549.000,1429.000,1613.000,1549.000,1581.000,1489.000,64.000,120.000,97.460000,32.763678,7.625417
1780301977.899177,,,BOARD_2,0,0,1532.000,1444.000,1664.000,1536.000,1598.000,1490.000,132.000,92.000,47.250000,32.841152,7.620833
1780301978.229547,,,BOARD_2,0,0,1570.000,1423.000,1634.000,1543.000,1602.000,1483.000,64.000,120.000,97.460000,32.859381,7.652917
1780301985.504529,,,BOARD_2,0,0,1445.000,1373.000,1693.000,1553.000,1569.000,1463.000,248.000,180.000,25.150000,32.708991,7.744583
1780301986.146501,,,BOARD_2,0,0,1516.000,1408.000,1580.000,1528.000,1548.000,1468.000,64.000,120.000,97.460000,32.613287,7.721667
1780301986.478442,,,BOARD_2,0,0,1414.000,1388.000,1662.000,1568.000,1538.000,1478.000,248.000,180.000,25.150000,32.567715,7.675833
1780301986.812368,,,BOARD_2,0,0,1396.000,1395.000,1644.000,1575.000,1520.000,1485.000,248.000,180.000,25.150000,32.485683,7.643750
1780301987.146217,,,BOARD_2,0,0,1457.000,1443.000,1521.000,1563.000,1489.000,1503.000,64.000,120.000,97.460000,32.344407,7.561250
1780301987.460617,,,BOARD_2,0,0,1436.000,1454.000,1500.000,1574.000,1468.000,1514.000,64.000,120.000,97.460000,32.248704,7.510833
1780301987.793389,,,BOARD_2,0,0,1423.000,1463.000,1487.000,1583.000,1455.000,1523.000,64.000,120.000,97.460000,32.189459,7.469583
1780301988.101677,,,BOARD_2,0,0,1429.000,1458.000,1493.000,1578.000,1461.000,1518.000,64.000,120.000,97.460000,32.216803,7.492500
1780301988.407504,,,BOARD_2,0,0,1442.000,1454.000,1506.000,1574.000,1474.000,1514.000,64.000,120.000,97.460000,32.276048,7.510833
1780301988.724005,,,BOARD_2,0,0,1453.000,1448.000,1517.000,1568.000,1485.000,1508.000,64.000,120.000,97.460000,32.326178,7.538333
1780301989.054656,,,BOARD_2,0,0,1470.000,1441.000,1534.000,1561.000,1502.000,1501.000,64.000,120.000,97.460000,32.403652,7.570417
1780301989.376521,,,BOARD_2,0,0,1478.000,1438.000,1542.000,1558.000,1510.000,1498.000,64.000,120.000,97.460000,32.440110,7.584167
1780301990.996237,,,BOARD_2,0,0,1561.000,1399.000,1625.000,1519.000,1593.000,1459.000,64.000,120.000,97.460000,32.818366,7.762917
1780301991.308731,,,BOARD_2,0,0,1570.000,1395.000,1634.000,1515.000,1602.000,1455.000,64.000,120.000,97.460000,32.859381,7.781250
1780301992.285974,,,BOARD_2,0,0,1568.000,1394.000,1632.000,1514.000,1600.000,1454.000,64.000,120.000,97.460000,32.850267,7.785833
1780301992.902810,,,BOARD_2,0,0,1463.000,1375.000,1711.000,1555.000,1587.000,1465.000,248.000,180.000,25.150000,32.791022,7.735417
1780301993.212700,,,BOARD_2,0,0,1537.000,1411.000,1601.000,1530.000,1569.000,1470.500,64.000,119.000,97.460000,32.708991,7.710208
1780301996.678235,,,BOARD_2,0,0,1522.000,1392.000,1586.000,1512.000,1554.000,1452.000,64.000,120.000,97.460000,32.640631,7.795000
1780301996.992154,,,BOARD_2,0,0,1514.000,1396.000,1578.000,1515.000,1546.000,1455.500,64.000,119.000,97.460000,32.604173,7.778958
1780301999.538675,,,BOARD_2,0,0,1466.000,1429.000,1598.000,1521.000,1532.000,1475.000,132.000,92.000,47.250000,32.540371,7.689583
1780302000.484073,,,BOARD_2,0,0,1525.000,1408.000,1589.000,1528.000,1557.000,1468.000,64.000,120.000,97.460000,32.654303,7.721667
1780302000.792652,,,BOARD_2,0,0,1560.000,1410.000,1624.000,1530.000,1592.000,1470.000,64.000,120.000,97.460000,32.813808,7.712500
1780302001.774060,,,BOARD_2,0,0,1682.000,1420.000,1746.000,1540.000,1714.000,1480.000,64.000,120.000,97.460000,33.369798,7.666667
1780302003.507882,,,BOARD_2,0,0,1905.000,1433.000,1969.000,1553.000,1937.000,1493.000,64.000,120.000,97.460000,34.386074,7.607083
1780302003.732024,,,BOARD_2,0,0,1957.000,1435.000,2021.000,1555.000,1989.000,1495.000,64.000,120.000,97.460000,34.623053,7.597917
1780302004.352183,,,BOARD_2,0,0,2038.000,1440.000,2102.000,1560.000,2070.000,1500.000,64.000,120.000,97.460000,34.992194,7.575000
1780302004.666865,,,BOARD_2,0,0,2030.000,1439.000,2094.000,1559.000,2062.000,1499.000,64.000,120.000,97.460000,34.955735,7.579583
1780302005.279119,,,BOARD_2,0,0,1832.000,1434.000,1896.000,1554.000,1864.000,1494.000,64.000,120.000,97.460000,34.053392,7.602500
1780302006.885591,,,BOARD_2,0,0,648.000,1413.000,712.000,1533.000,680.000,1473.000,64.000,120.000,97.460000,28.657558,7.698750
1780302007.213699,,,BOARD_2,0,0,393.000,1386.000,641.000,1566.000,517.000,1476.000,248.000,180.000,25.150000,27.914720,7.685000
1780302009.251132,,,BOARD_2,0,0,2114.000,256.000,2178.000,376.000,2146.000,316.000,64.000,120.000,97.460000,35.338548,13.001667
1780302009.460521,,,BOARD_2,0,0,1045.000,1416.000,1293.000,1596.000,1169.000,1506.000,248.000,180.000,25.150000,30.886074,7.547500
1780302009.769099,,,BOARD_2,0,0,1447.000,1442.000,1511.000,1562.000,1479.000,1502.000,64.000,120.000,97.460000,32.298834,7.565833
1780302010.181185,,,BOARD_2,0,0,3274.000,1191.000,3406.000,1282.000,3340.000,1236.500,132.000,91.000,47.250000,40.779954,8.782708
1780302010.390475,,,BOARD_2,0,0,3710.000,1522.000,3958.000,1702.000,3834.000,1612.000,248.000,180.000,25.150000,43.031256,7.061667
1780302011.977050,,,BOARD_2,0,0,2032.000,1443.000,2096.000,1562.000,2064.000,1502.500,64.000,119.000,97.460000,34.964850,7.563542
1780302012.279555,,,BOARD_2,0,0,2023.000,1439.000,2087.000,1559.000,2055.000,1499.000,64.000,120.000,97.460000,34.923834,7.579583
1780302015.474587,,,BOARD_2,0,0,2016.000,1445.000,2148.000,1537.000,2082.000,1491.000,132.000,92.000,47.250000,35.046881,7.616250
1780302019.317826,,,BOARD_2,0,0,2007.000,1450.000,2139.000,1542.000,2073.000,1496.000,132.000,92.000,47.250000,35.005866,7.593333
1780302020.550698,,,BOARD_2,0,0,2010.000,1457.000,2074.000,1577.000,2042.000,1517.000,64.000,120.000,97.460000,34.864590,7.497083
1780302020.871189,,,BOARD_2,0,0,1985.000,1463.000,2049.000,1583.000,2017.000,1523.000,64.000,120.000,97.460000,34.750657,7.469583
1780302021.197463,,,BOARD_2,0,0,1974.000,1472.000,2038.000,1592.000,2006.000,1532.000,64.000,120.000,97.460000,34.700527,7.428333
1780302021.527638,,,BOARD_2,0,0,1951.000,1479.000,2015.000,1599.000,1983.000,1539.000,64.000,120.000,97.460000,34.595709,7.396250
1780302021.840662,,,BOARD_2,0,0,1833.000,1466.000,2081.000,1646.000,1957.000,1556.000,248.000,180.000,25.150000,34.477220,7.318333
1780302022.175942,,,BOARD_2,0,0,1886.000,1514.000,1950.000,1634.000,1918.000,1574.000,64.000,120.000,97.460000,34.299485,7.235833
1780302022.792397,,,BOARD_2,0,0,1772.000,1567.000,1836.000,1687.000,1804.000,1627.000,64.000,120.000,97.460000,33.779954,6.992917
1780302023.101846,,,BOARD_2,0,0,1735.000,1587.000,1799.000,1707.000,1767.000,1647.000,64.000,120.000,97.460000,33.611334,6.901250
1780302023.424468,,,BOARD_2,0,0,1716.000,1605.000,1780.000,1725.000,1748.000,1665.000,64.000,120.000,97.460000,33.524746,6.818750
1780302023.752366,,,BOARD_2,0,0,1711.000,1612.000,1775.000,1732.000,1743.000,1672.000,64.000,120.000,97.460000,33.501959,6.786667
1780302025.343384,,,BOARD_2,0,0,1679.000,1637.000,1811.000,1729.000,1745.000,1683.000,132.000,92.000,47.250000,33.511074,6.736250
1780302027.286389,,,BOARD_2,0,0,1669.000,1447.000,1801.000,1539.000,1735.000,1493.000,132.000,92.000,47.250000,33.465501,7.607083
1780302027.588306,,,BOARD_2,0,0,1699.000,1400.000,1763.000,1520.000,1731.000,1460.000,64.000,120.000,97.460000,33.447272,7.758333
1780302028.560852,,,BOARD_2,0,0,1699.000,1347.000,1763.000,1467.000,1731.000,1407.000,64.000,120.000,97.460000,33.447272,8.001250
1780302028.871832,,,BOARD_2,0,0,1666.000,1369.000,1798.000,1461.000,1732.000,1415.000,132.000,92.000,47.250000,33.451829,7.964583
1780302030.750820,,,BOARD_2,0,0,1678.000,1331.000,1810.000,1422.000,1744.000,1376.500,132.000,91.000,47.250000,33.506517,8.141042
1780302031.390089,,,BOARD_2,0,0,1672.000,1301.000,1804.000,1393.000,1738.000,1347.000,132.000,92.000,47.250000,33.479173,8.276250
1780302032.012455,,,BOARD_2,0,0,1708.000,1259.000,1772.000,1379.000,1740.000,1319.000,64.000,120.000,97.460000,33.488287,8.404583
1780302032.631980,,,BOARD_2,0,0,1706.000,1223.000,1770.000,1343.000,1738.000,1283.000,64.000,120.000,97.460000,33.479173,8.569583
1780302033.929310,,,BOARD_2,0,0,1704.000,1222.000,1768.000,1342.000,1736.000,1282.000,64.000,120.000,97.460000,33.470058,8.574167
1780302034.894749,,,BOARD_2,0,0,1672.000,1245.000,1804.000,1336.000,1738.000,1290.500,132.000,91.000,47.250000,33.479173,8.535208
1780302035.552076,,,BOARD_2,0,0,1708.000,1228.000,1772.000,1347.000,1740.000,1287.500,64.000,119.000,97.460000,33.488287,8.548958
1780302035.857878,,,BOARD_2,0,0,1699.000,1231.000,1763.000,1351.000,1731.000,1291.000,64.000,120.000,97.460000,33.447272,8.532917
1780302036.478061,,,BOARD_2,0,0,1588.000,1223.000,1836.000,1403.000,1712.000,1313.000,248.000,180.000,25.150000,33.360683,8.432083
1780302036.811236,,,BOARD_2,0,0,1565.000,1250.000,1813.000,1430.000,1689.000,1340.000,248.000,180.000,25.150000,33.255866,8.308333
1780302037.121381,,,BOARD_2,0,0,1606.000,1292.000,1670.000,1412.000,1638.000,1352.000,64.000,120.000,97.460000,33.023444,8.253333
1780302037.425484,,,BOARD_2,0,0,1561.000,1315.000,1625.000,1434.000,1593.000,1374.500,64.000,119.000,97.460000,32.818366,8.150208
1780302038.357755,,,BOARD_2,0,0,1495.000,1358.000,1559.000,1478.000,1527.000,1418.000,64.000,120.000,97.460000,32.517584,7.950833
1780302039.346836,,,BOARD_2,0,0,1442.000,1385.000,1506.000,1505.000,1474.000,1445.000,64.000,120.000,97.460000,32.276048,7.827083
1780302039.655725,,,BOARD_2,0,0,1431.000,1392.000,1495.000,1512.000,1463.000,1452.000,64.000,120.000,97.460000,32.225918,7.795000
1780302039.992355,,,BOARD_2,0,0,1330.000,1371.000,1578.000,1551.000,1454.000,1461.000,248.000,180.000,25.150000,32.184902,7.753750
1780302040.292592,,,BOARD_2,0,0,1371.000,1425.000,1503.000,1517.000,1437.000,1471.000,132.000,92.000,47.250000,32.107428,7.707917
1780302041.250602,,,BOARD_2,0,0,1383.000,1420.000,1447.000,1540.000,1415.000,1480.000,64.000,120.000,97.460000,32.007168,7.666667
1780302041.556808,,,BOARD_2,0,0,1376.000,1423.000,1440.000,1542.000,1408.000,1482.500,64.000,119.000,97.460000,31.975267,7.655208
1780302041.891954,,,BOARD_2,0,0,1366.000,1431.000,1430.000,1551.000,1398.000,1491.000,64.000,120.000,97.460000,31.929694,7.616250
1780302042.215184,,,BOARD_2,0,0,1355.000,1440.000,1419.000,1560.000,1387.000,1500.000,64.000,120.000,97.460000,31.879564,7.575000
1780302042.547526,,,BOARD_2,0,0,1344.000,1441.000,1408.000,1561.000,1376.000,1501.000,64.000,120.000,97.460000,31.829433,7.570417
1780302042.856240,,,BOARD_2,0,0,1332.000,1448.000,1396.000,1568.000,1364.000,1508.000,64.000,120.000,97.460000,31.774746,7.538333
1780302043.189367,,,BOARD_2,0,0,1285.000,1475.000,1417.000,1567.000,1351.000,1521.000,132.000,92.000,47.250000,31.715501,7.478750
1780302043.821579,,,BOARD_2,0,0,1265.000,1479.000,1397.000,1570.000,1331.000,1524.500,132.000,91.000,47.250000,31.624355,7.462708
1780302044.149103,,,BOARD_2,0,0,1289.000,1469.000,1353.000,1589.000,1321.000,1529.000,64.000,120.000,97.460000,31.578782,7.442083
1780302045.458872,,,BOARD_2,0,0,1262.000,1490.000,1326.000,1610.000,1294.000,1550.000,64.000,120.000,97.460000,31.455735,7.345833
1780302045.792747,,,BOARD_2,0,0,1218.000,1517.000,1350.000,1608.000,1284.000,1562.500,132.000,91.000,47.250000,31.410162,7.288542
1780302049.003406,,,BOARD_2,0,0,2061.000,1647.000,2125.000,1767.000,2093.000,1707.000,64.000,120.000,97.460000,35.097011,6.626250
1780302050.545660,,,BOARD_2,0,0,2176.000,1482.000,2216.000,1533.000,2196.000,1507.500,40.000,51.000,155.930000,35.566412,7.540625
1780302051.832528,,,BOARD_2,0,0,2104.000,1021.000,2236.000,1112.000,2170.000,1066.500,132.000,91.000,47.250000,35.447923,9.561875
1780302052.468483,,,BOARD_2,0,0,2094.000,954.000,2226.000,1045.000,2160.000,999.500,132.000,91.000,47.250000,35.402350,9.868958
1780302053.394694,,,BOARD_2,0,0,2096.000,968.000,2228.000,1059.000,2162.000,1013.500,132.000,91.000,47.250000,35.411465,9.804792
1780302053.705631,,,BOARD_2,0,0,2099.000,963.000,2231.000,1055.000,2165.000,1009.000,132.000,92.000,47.250000,35.425136,9.825417
1780302054.040164,,,BOARD_2,0,0,2095.000,974.000,2227.000,1066.000,2161.000,1020.000,132.000,92.000,47.250000,35.406907,9.775000
1780302054.362455,,,BOARD_2,0,0,2065.000,981.000,2197.000,1073.000,2131.000,1027.000,132.000,92.000,47.250000,35.270189,9.742917
1780302054.695826,,,BOARD_2,0,0,2057.000,979.000,2121.000,1099.000,2089.000,1039.000,64.000,120.000,97.460000,35.078782,9.687917
1780302055.018558,,,BOARD_2,0,0,2011.000,1000.000,2075.000,1120.000,2043.000,1060.000,64.000,120.000,97.460000,34.869147,9.591667
1780302055.352045,,,BOARD_2,0,0,1951.000,1027.000,2015.000,1147.000,1983.000,1087.000,64.000,120.000,97.460000,34.595709,9.467917
1780302055.971058,,,BOARD_2,0,0,1773.000,1110.000,1905.000,1201.000,1839.000,1155.500,132.000,91.000,47.250000,33.939459,9.153958
1780302056.612798,,,BOARD_2,0,0,1705.000,1178.000,1745.000,1229.000,1725.000,1203.500,40.000,51.000,155.930000,33.419928,8.933958
1780302056.930631,,,BOARD_2,0,0,1620.000,1179.000,1752.000,1270.000,1686.000,1224.500,132.000,91.000,47.250000,33.242194,8.837708
1780302057.259402,,,BOARD_2,0,0,1637.000,1213.000,1677.000,1264.000,1657.000,1238.500,40.000,51.000,155.930000,33.110032,8.773542
1780302059.217878,,,BOARD_2,0,0,1626.000,1218.000,1666.000,1269.000,1646.000,1243.500,40.000,51.000,155.930000,33.059902,8.750625
1780302064.000103,,,BOARD_2,0,0,1607.000,1178.000,1647.000,1229.000,1627.000,1203.500,40.000,51.000,155.930000,32.973314,8.933958
1780302065.939893,,,BOARD_2,0,0,1612.000,1170.000,1652.000,1221.000,1632.000,1195.500,40.000,51.000,155.930000,32.996100,8.970625
1780302068.488018,,,BOARD_2,0,0,1605.000,1175.000,1645.000,1226.000,1625.000,1200.500,40.000,51.000,155.930000,32.964199,8.947708
1780302069.133441,,,BOARD_2,0,0,1606.000,1172.000,1646.000,1223.000,1626.000,1197.500,40.000,51.000,155.930000,32.968756,8.961458
1780302070.749750,,,BOARD_2,0,0,1610.000,1168.000,1650.000,1219.000,1630.000,1193.500,40.000,51.000,155.930000,32.986985,8.979792
1780302071.063024,,,BOARD_2,0,0,1606.000,1168.000,1646.000,1219.000,1626.000,1193.500,40.000,51.000,155.930000,32.968756,8.979792
1780302071.395994,,,BOARD_2,0,0,1605.000,1168.000,1645.000,1219.000,1625.000,1193.500,40.000,51.000,155.930000,32.964199,8.979792
1780302073.309998,,,BOARD_2,0,0,1606.000,1171.000,1646.000,1222.000,1626.000,1196.500,40.000,51.000,155.930000,32.968756,8.966042
1780302073.970828,,,BOARD_2,0,0,1615.000,1168.000,1655.000,1219.000,1635.000,1193.500,40.000,51.000,155.930000,33.009772,8.979792
1780302078.107528,,,BOARD_2,0,0,1758.000,1086.000,1798.000,1137.000,1778.000,1111.500,40.000,51.000,155.930000,33.661465,9.355625
1780302080.024797,,,BOARD_2,0,0,1801.000,1006.000,1933.000,1097.000,1867.000,1051.500,132.000,91.000,47.250000,34.067064,9.630625
1780302080.334207,,,BOARD_2,0,0,1835.000,990.000,1967.000,1081.000,1901.000,1035.500,132.000,91.000,47.250000,34.222011,9.703958
1780302080.633807,,,BOARD_2,0,0,1875.000,966.000,2007.000,1057.000,1941.000,1011.500,132.000,91.000,47.250000,34.404303,9.813958
1780302080.943042,,,BOARD_2,0,0,1926.000,938.000,2058.000,1029.000,1992.000,983.500,132.000,91.000,47.250000,34.636725,9.942292
1780302081.255427,,,BOARD_2,0,0,1985.000,903.000,2117.000,994.000,2051.000,948.500,132.000,91.000,47.250000,34.905605,10.102708
1780302081.575504,,,BOARD_2,0,0,2062.000,856.000,2194.000,947.000,2128.000,901.500,132.000,91.000,47.250000,35.256517,10.318125
1780302081.898297,,,BOARD_2,0,0,2142.000,809.000,2274.000,900.000,2208.000,854.500,132.000,91.000,47.250000,35.621100,10.533542
1780302082.879244,,,BOARD_2,0,0,2447.000,619.000,2511.000,739.000,2479.000,679.000,64.000,120.000,97.460000,36.856126,11.337917
1780302083.496238,,,BOARD_2,0,0,2551.000,556.000,2615.000,676.000,2583.000,616.000,64.000,120.000,97.460000,37.330084,11.626667
1780302083.801788,,,BOARD_2,0,0,2565.000,545.000,2629.000,665.000,2597.000,605.000,64.000,120.000,97.460000,37.393886,11.677083
1780302084.115628,,,BOARD_2,0,0,2566.000,547.000,2630.000,667.000,2598.000,607.000,64.000,120.000,97.460000,37.398444,11.667917
1780302084.425042,,,BOARD_2,0,0,2526.000,566.000,2658.000,657.000,2592.000,611.500,132.000,91.000,47.250000,37.371100,11.647292
1780302084.752238,,,BOARD_2,0,0,2521.000,562.000,2653.000,653.000,2587.000,607.500,132.000,91.000,47.250000,37.348314,11.665625
1780302086.640692,,,BOARD_2,0,0,2516.000,576.000,2648.000,667.000,2582.000,621.500,132.000,91.000,47.250000,37.325527,11.601458
1780302088.539928,,,BOARD_2,0,0,1841.000,503.000,1905.000,623.000,1873.000,563.000,64.000,120.000,97.460000,34.094407,11.869583
1780302089.810774,,,BOARD_2,0,0,1281.000,477.000,1345.000,597.000,1313.000,537.000,64.000,120.000,97.460000,31.542324,11.988750
1780302090.426511,,,BOARD_2,0,0,1213.000,494.000,1345.000,585.000,1279.000,539.500,132.000,91.000,47.250000,31.387376,11.977292
1780302090.737126,,,BOARD_2,0,0,1214.000,502.000,1346.000,593.000,1280.000,547.500,132.000,91.000,47.250000,31.391933,11.940625
1780302091.069427,,,BOARD_2,0,0,1223.000,506.000,1355.000,597.000,1289.000,551.500,132.000,91.000,47.250000,31.432949,11.922292
1780302091.392197,,,BOARD_2,0,0,1229.000,509.000,1361.000,600.000,1295.000,554.500,132.000,91.000,47.250000,31.460293,11.908542
1780302092.046143,,,BOARD_2,0,0,1234.000,504.000,1366.000,595.000,1300.000,549.500,132.000,91.000,47.250000,31.483079,11.931458
1780302092.689282,,,BOARD_2,0,0,1221.000,498.000,1353.000,589.000,1287.000,543.500,132.000,91.000,47.250000,31.423834,11.958958
1780302093.019618,,,BOARD_2,0,0,1216.000,493.000,1348.000,584.000,1282.000,538.500,132.000,91.000,47.250000,31.401048,11.981875
1780302093.332546,,,BOARD_2,0,0,1212.000,488.000,1344.000,579.000,1278.000,533.500,132.000,91.000,47.250000,31.382819,12.004792
1780302093.642071,,,BOARD_2,0,0,1210.000,483.000,1342.000,574.000,1276.000,528.500,132.000,91.000,47.250000,31.373704,12.027708
1780302093.950249,,,BOARD_2,0,0,1208.000,478.000,1340.000,569.000,1274.000,523.500,132.000,91.000,47.250000,31.364590,12.050625
1780302094.262219,,,BOARD_2,0,0,1208.000,495.000,1340.000,586.000,1274.000,540.500,132.000,91.000,47.250000,31.364590,11.972708
1780302095.554710,,,BOARD_2,0,0,1225.000,881.000,1357.000,972.000,1291.000,926.500,132.000,91.000,47.250000,31.442064,10.203542
1780302095.869126,,,BOARD_2,0,0,1230.000,919.000,1362.000,1010.000,1296.000,964.500,132.000,91.000,47.250000,31.464850,10.029375
1780302096.490817,,,BOARD_2,0,0,1242.000,920.000,1374.000,1011.000,1308.000,965.500,132.000,91.000,47.250000,31.519537,10.024792
1780302096.825899,,,BOARD_2,0,0,1236.000,919.000,1368.000,1010.000,1302.000,964.500,132.000,91.000,47.250000,31.492194,10.029375
1780302097.792522,,,BOARD_2,0,0,1222.000,910.000,1354.000,1001.000,1288.000,955.500,132.000,91.000,47.250000,31.428392,10.070625
1780302098.765667,,,BOARD_2,0,0,1249.000,906.000,1381.000,997.000,1315.000,951.500,132.000,91.000,47.250000,31.551439,10.088958
1780302099.410762,,,BOARD_2,0,0,1371.000,904.000,1435.000,1024.000,1403.000,964.000,64.000,120.000,97.460000,31.952480,10.031667
1780302100.055114,,,BOARD_2,0,0,1442.000,933.000,1574.000,1024.000,1508.000,978.500,132.000,91.000,47.250000,32.430996,9.965208
1780302100.380059,,,BOARD_2,0,0,1482.000,940.000,1614.000,1031.000,1548.000,985.500,132.000,91.000,47.250000,32.613287,9.933125
1780302100.713449,,,BOARD_2,0,0,1520.000,946.000,1652.000,1037.000,1586.000,991.500,132.000,91.000,47.250000,32.786465,9.905625
1780302101.032272,,,BOARD_2,0,0,1553.000,953.000,1685.000,1044.000,1619.000,998.500,132.000,91.000,47.250000,32.936855,9.873542
1780302101.367654,,,BOARD_2,0,0,1588.000,960.000,1720.000,1051.000,1654.000,1005.500,132.000,91.000,47.250000,33.096360,9.841458
1780302101.676179,,,BOARD_2,0,0,1613.000,966.000,1745.000,1058.000,1679.000,1012.000,132.000,92.000,47.250000,33.210293,9.811667
1780302101.985594,,,BOARD_2,0,0,1637.000,973.000,1769.000,1064.000,1703.000,1018.500,132.000,91.000,47.250000,33.319668,9.781875
1780302102.914539,,,BOARD_2,0,0,1690.000,989.000,1822.000,1080.000,1756.000,1034.500,132.000,91.000,47.250000,33.561204,9.708542
1780302103.868387,,,BOARD_2,0,0,1687.000,999.000,1819.000,1090.000,1753.000,1044.500,132.000,91.000,47.250000,33.547532,9.662708
1780302104.181859,,,BOARD_2,0,0,1718.000,986.000,1782.000,1105.000,1750.000,1045.500,64.000,119.000,97.460000,33.533860,9.658125
1780302105.104609,,,BOARD_2,0,0,1683.000,999.000,1815.000,1090.000,1749.000,1044.500,132.000,91.000,47.250000,33.529303,9.662708
1780302105.416330,,,BOARD_2,0,0,1683.000,999.000,1815.000,1090.000,1749.000,1044.500,132.000,91.000,47.250000,33.529303,9.662708
1780302105.743394,,,BOARD_2,0,0,1683.000,997.000,1815.000,1088.000,1749.000,1042.500,132.000,91.000,47.250000,33.529303,9.671875
1780302106.066758,,,BOARD_2,0,0,1675.000,996.000,1807.000,1087.000,1741.000,1041.500,132.000,91.000,47.250000,33.492845,9.676458
1780302106.719846,,,BOARD_2,0,0,1683.000,993.000,1815.000,1085.000,1749.000,1039.000,132.000,92.000,47.250000,33.529303,9.687917
1780302107.370307,,,BOARD_2,0,0,1684.000,997.000,1816.000,1088.000,1750.000,1042.500,132.000,91.000,47.250000,33.533860,9.671875
1780302107.698580,,,BOARD_2,0,0,1682.000,999.000,1814.000,1090.000,1748.000,1044.500,132.000,91.000,47.250000,33.524746,9.662708
1780302108.005631,,,BOARD_2,0,0,1685.000,991.000,1817.000,1082.000,1751.000,1036.500,132.000,91.000,47.250000,33.538418,9.699375
1780302108.328351,,,BOARD_2,0,0,1686.000,999.000,1818.000,1090.000,1752.000,1044.500,132.000,91.000,47.250000,33.542975,9.662708
1780302108.658040,,,BOARD_2,0,0,1686.000,999.000,1818.000,1090.000,1752.000,1044.500,132.000,91.000,47.250000,33.542975,9.662708
1780302108.987359,,,BOARD_2,0,0,1688.000,993.000,1820.000,1084.000,1754.000,1038.500,132.000,91.000,47.250000,33.552090,9.690208
1780302109.650836,,,BOARD_2,0,0,1689.000,996.000,1821.000,1087.000,1755.000,1041.500,132.000,91.000,47.250000,33.556647,9.676458
1780302109.961871,,,BOARD_2,0,0,1689.000,997.000,1821.000,1088.000,1755.000,1042.500,132.000,91.000,47.250000,33.556647,9.671875
1780302110.586316,,,BOARD_2,0,0,1683.000,999.000,1815.000,1090.000,1749.000,1044.500,132.000,91.000,47.250000,33.529303,9.662708
1780302110.920451,,,BOARD_2,0,0,1690.000,1001.000,1822.000,1092.000,1756.000,1046.500,132.000,91.000,47.250000,33.561204,9.653542
1780302111.250367,,,BOARD_2,0,0,1690.000,1001.000,1822.000,1092.000,1756.000,1046.500,132.000,91.000,47.250000,33.561204,9.653542
1780302111.584940,,,BOARD_2,0,0,1691.000,1009.000,1823.000,1100.000,1757.000,1054.500,132.000,91.000,47.250000,33.565761,9.616875
1780302112.230629,,,BOARD_2,0,0,1692.000,1009.000,1824.000,1100.000,1758.000,1054.500,132.000,91.000,47.250000,33.570319,9.616875
1780302112.543861,,,BOARD_2,0,0,1690.000,1010.000,1822.000,1101.000,1756.000,1055.500,132.000,91.000,47.250000,33.561204,9.612292
1780302112.879831,,,BOARD_2,0,0,1693.000,1001.000,1825.000,1092.000,1759.000,1046.500,132.000,91.000,47.250000,33.574876,9.653542
1780302113.191106,,,BOARD_2,0,0,1687.000,1000.000,1819.000,1091.000,1753.000,1045.500,132.000,91.000,47.250000,33.547532,9.658125
1780302113.840002,,,BOARD_2,0,0,1693.000,997.000,1825.000,1088.000,1759.000,1042.500,132.000,91.000,47.250000,33.574876,9.671875
1780302114.174562,,,BOARD_2,0,0,1693.000,997.000,1825.000,1088.000,1759.000,1042.500,132.000,91.000,47.250000,33.574876,9.671875
1780302114.488734,,,BOARD_2,0,0,1692.000,996.000,1824.000,1087.000,1758.000,1041.500,132.000,91.000,47.250000,33.570319,9.676458
1780302114.823200,,,BOARD_2,0,0,1691.000,1004.000,1823.000,1095.000,1757.000,1049.500,132.000,91.000,47.250000,33.565761,9.639792
1780302115.140756,,,BOARD_2,0,0,1689.000,996.000,1821.000,1087.000,1755.000,1041.500,132.000,91.000,47.250000,33.556647,9.676458
1780302115.578832,,,BOARD_2,0,0,1693.000,997.000,1825.000,1088.000,1759.000,1042.500,132.000,91.000,47.250000,33.574876,9.671875
1780302116.127861,,,BOARD_2,0,0,1694.000,1000.000,1826.000,1091.000,1760.000,1045.500,132.000,91.000,47.250000,33.579433,9.658125
1780302117.092928,,,BOARD_2,0,0,1685.000,1013.000,1817.000,1104.000,1751.000,1058.500,132.000,91.000,47.250000,33.538418,9.598542
1780302117.430042,,,BOARD_2,0,0,1694.000,1011.000,1826.000,1102.000,1760.000,1056.500,132.000,91.000,47.250000,33.579433,9.607708
1780302118.090424,,,BOARD_2,0,0,1695.000,1016.000,1827.000,1107.000,1761.000,1061.500,132.000,91.000,47.250000,33.583991,9.584792
1780302118.419629,,,BOARD_2,0,0,1695.000,1018.000,1827.000,1109.000,1761.000,1063.500,132.000,91.000,47.250000,33.583991,9.575625
1780302119.184473,,,BOARD_2,0,0,1696.000,1030.000,1828.000,1121.000,1762.000,1075.500,132.000,91.000,47.250000,33.588548,9.520625
1780302119.728558,,,BOARD_2,0,0,1689.000,1028.000,1821.000,1119.000,1755.000,1073.500,132.000,91.000,47.250000,33.556647,9.529792
1780302120.163243,,,BOARD_2,0,0,1697.000,1030.000,1829.000,1121.000,1763.000,1075.500,132.000,91.000,47.250000,33.593105,9.520625
1780302120.686814,,,BOARD_2,0,0,1696.000,1033.000,1828.000,1124.000,1762.000,1078.500,132.000,91.000,47.250000,33.588548,9.506875
1780302121.000241,,,BOARD_2,0,0,1695.000,1033.000,1827.000,1124.000,1761.000,1078.500,132.000,91.000,47.250000,33.583991,9.506875
1780302121.319848,,,BOARD_2,0,0,1690.000,1033.000,1822.000,1124.000,1756.000,1078.500,132.000,91.000,47.250000,33.561204,9.506875
1780302121.760514,,,BOARD_2,0,0,1693.000,1033.000,1825.000,1124.000,1759.000,1078.500,132.000,91.000,47.250000,33.574876,9.506875
1780302122.090209,,,BOARD_2,0,0,1731.000,1019.000,1795.000,1139.000,1763.000,1079.000,64.000,120.000,97.460000,33.593105,9.504583
1780302122.415918,,,BOARD_2,0,0,1724.000,1017.000,1788.000,1137.000,1756.000,1077.000,64.000,120.000,97.460000,33.561204,9.513750
1780302122.747593,,,BOARD_2,0,0,1689.000,1029.000,1821.000,1120.000,1755.000,1074.500,132.000,91.000,47.250000,33.556647,9.525208
1780302122.968108,,,BOARD_2,0,0,1698.000,1024.000,1830.000,1116.000,1764.000,1070.000,132.000,92.000,47.250000,33.597662,9.545833
1780302123.619112,,,BOARD_2,0,0,1751.000,1005.000,1815.000,1124.000,1783.000,1064.500,64.000,119.000,97.460000,33.684251,9.571042
1780302123.948325,,,BOARD_2,0,0,1730.000,1017.000,1862.000,1108.000,1796.000,1062.500,132.000,91.000,47.250000,33.743496,9.580208
1780302124.362233,,,BOARD_2,0,0,1740.000,1024.000,1872.000,1116.000,1806.000,1070.000,132.000,92.000,47.250000,33.789069,9.545833
1780302124.882272,,,BOARD_2,0,0,1773.000,1002.000,1837.000,1122.000,1805.000,1062.000,64.000,120.000,97.460000,33.784511,9.582500
1780302125.193937,,,BOARD_2,0,0,1743.000,1023.000,1875.000,1114.000,1809.000,1068.500,132.000,91.000,47.250000,33.802741,9.552708
1780302125.827782,,,BOARD_2,0,0,1775.000,1000.000,1839.000,1119.000,1807.000,1059.500,64.000,119.000,97.460000,33.793626,9.593958
1780302126.153199,,,BOARD_2,0,0,1739.000,1020.000,1871.000,1111.000,1805.000,1065.500,132.000,91.000,47.250000,33.784511,9.566458
1780302127.126350,,,BOARD_2,0,0,1738.000,1020.000,1870.000,1112.000,1804.000,1066.000,132.000,92.000,47.250000,33.779954,9.564167
1780302127.446360,,,BOARD_2,0,0,1740.000,1012.000,1872.000,1103.000,1806.000,1057.500,132.000,91.000,47.250000,33.789069,9.603125
1780302127.785918,,,BOARD_2,0,0,1740.000,1020.000,1872.000,1111.000,1806.000,1065.500,132.000,91.000,47.250000,33.789069,9.566458
1780302128.108411,,,BOARD_2,0,0,1742.000,1022.000,1874.000,1113.000,1808.000,1067.500,132.000,91.000,47.250000,33.798183,9.557292
1780302128.441270,,,BOARD_2,0,0,1742.000,1016.000,1874.000,1107.000,1808.000,1061.500,132.000,91.000,47.250000,33.798183,9.584792
1780302128.748752,,,BOARD_2,0,0,1741.000,1017.000,1873.000,1108.000,1807.000,1062.500,132.000,91.000,47.250000,33.793626,9.580208
1780302129.062634,,,BOARD_2,0,0,1746.000,1026.000,1878.000,1117.000,1812.000,1071.500,132.000,91.000,47.250000,33.816412,9.538958
1780302129.683892,,,BOARD_2,0,0,1818.000,1025.000,1950.000,1117.000,1884.000,1071.000,132.000,92.000,47.250000,34.144537,9.541250
1780302130.618954,,,BOARD_2,0,0,1984.000,1023.000,2048.000,1143.000,2016.000,1083.000,64.000,120.000,97.460000,34.746100,9.486250
1780302130.932630,,,BOARD_2,0,0,1994.000,1041.000,2126.000,1132.000,2060.000,1086.500,132.000,91.000,47.250000,34.946621,9.470208
1780302131.244408,,,BOARD_2,0,0,2067.000,1030.000,2131.000,1149.000,2099.000,1089.500,64.000,119.000,97.460000,35.124355,9.456458
1780302131.578058,,,BOARD_2,0,0,2050.000,1048.000,2182.000,1139.000,2116.000,1093.500,132.000,91.000,47.250000,35.201829,9.438125
1780302131.908028,,,BOARD_2,0,0,2078.000,1052.000,2210.000,1143.000,2144.000,1097.500,132.000,91.000,47.250000,35.329433,9.419792
1780302132.858720,,,BOARD_2,0,0,2116.000,1065.000,2248.000,1156.000,2182.000,1110.500,132.000,91.000,47.250000,35.502610,9.360208
1780302133.171009,,,BOARD_2,0,0,2117.000,1059.000,2249.000,1150.000,2183.000,1104.500,132.000,91.000,47.250000,35.507168,9.387708
1780302133.797072,,,BOARD_2,0,0,2084.000,1056.000,2216.000,1148.000,2150.000,1102.000,132.000,92.000,47.250000,35.356777,9.399167
1780302134.106198,,,BOARD_2,0,0,2048.000,1034.000,2112.000,1154.000,2080.000,1094.000,64.000,120.000,97.460000,35.037767,9.435833
1780302134.420042,,,BOARD_2,0,0,1927.000,1038.000,2059.000,1129.000,1993.000,1083.500,132.000,91.000,47.250000,34.641282,9.483958
1780302134.734419,,,BOARD_2,0,0,1822.000,1038.000,1954.000,1129.000,1888.000,1083.500,132.000,91.000,47.250000,34.162767,9.483958
1780302135.038504,,,BOARD_2,0,0,1772.000,1009.000,1836.000,1129.000,1804.000,1069.000,64.000,120.000,97.460000,33.779954,9.550417
1780302135.377509,,,BOARD_2,0,0,1680.000,1016.000,1812.000,1107.000,1746.000,1061.500,132.000,91.000,47.250000,33.515631,9.584792
1780302135.804086,,,BOARD_2,0,0,1641.000,1013.000,1773.000,1104.000,1707.000,1058.500,132.000,91.000,47.250000,33.337897,9.598542
1780302136.029676,,,BOARD_2,0,0,1637.000,1008.000,1769.000,1099.000,1703.000,1053.500,132.000,91.000,47.250000,33.319668,9.621458
1780302136.342974,,,BOARD_2,0,0,1634.000,1006.000,1766.000,1097.000,1700.000,1051.500,132.000,91.000,47.250000,33.305996,9.630625
1780302136.679094,,,BOARD_2,0,0,1627.000,1003.000,1759.000,1094.000,1693.000,1048.500,132.000,91.000,47.250000,33.274095,9.644375
1780302137.004755,,,BOARD_2,0,0,1635.000,1001.000,1767.000,1093.000,1701.000,1047.000,132.000,92.000,47.250000,33.310553,9.651250
1780302137.339131,,,BOARD_2,0,0,1640.000,1007.000,1772.000,1098.000,1706.000,1052.500,132.000,91.000,47.250000,33.333340,9.626042
1780302137.985686,,,BOARD_2,0,0,1632.000,1001.000,1764.000,1092.000,1698.000,1046.500,132.000,91.000,47.250000,33.296881,9.653542
1780302138.302017,,,BOARD_2,0,0,1640.000,1005.000,1772.000,1096.000,1706.000,1050.500,132.000,91.000,47.250000,33.333340,9.635208
1780302139.919281,,,BOARD_2,0,0,1675.000,989.000,1807.000,1080.000,1741.000,1034.500,132.000,91.000,47.250000,33.492845,9.708542
1780302140.233341,,,BOARD_2,0,0,1699.000,989.000,1831.000,1080.000,1765.000,1034.500,132.000,91.000,47.250000,33.602220,9.708542
1780302140.565790,,,BOARD_2,0,0,1717.000,990.000,1849.000,1081.000,1783.000,1035.500,132.000,91.000,47.250000,33.684251,9.703958
1780302140.890292,,,BOARD_2,0,0,1736.000,991.000,1868.000,1082.000,1802.000,1036.500,132.000,91.000,47.250000,33.770840,9.699375
1780302141.226133,,,BOARD_2,0,0,1742.000,1000.000,1874.000,1091.000,1808.000,1045.500,132.000,91.000,47.250000,33.798183,9.658125
1780302141.543131,,,BOARD_2,0,0,1747.000,995.000,1879.000,1086.000,1813.000,1040.500,132.000,91.000,47.250000,33.820970,9.681042
1780302141.871302,,,BOARD_2,0,0,1756.000,1006.000,1888.000,1097.000,1822.000,1051.500,132.000,91.000,47.250000,33.861985,9.630625
1780302142.182967,,,BOARD_2,0,0,1778.000,1011.000,1910.000,1102.000,1844.000,1056.500,132.000,91.000,47.250000,33.962246,9.607708
1780302142.496828,,,BOARD_2,0,0,771.000,1708.000,891.000,1952.000,831.000,1830.000,120.000,244.000,51.980000,29.345709,6.062500
1780302142.601896,,,BOARD_2,0,0,1796.000,1005.000,1928.000,1096.000,1862.000,1050.500,132.000,91.000,47.250000,34.044277,9.635208
1780302142.814482,,,BOARD_2,0,0,1933.000,1774.000,2053.000,2018.000,1993.000,1896.000,120.000,244.000,51.980000,34.641282,5.760000
1780302142.814482,,,BOARD_2,0,1,1821.000,1007.000,1953.000,1098.000,1887.000,1052.500,132.000,91.000,47.250000,34.158209,9.626042
1780302143.129305,,,BOARD_2,0,0,1839.000,1008.000,1971.000,1100.000,1905.000,1054.000,132.000,92.000,47.250000,34.240241,9.619167
1780302144.098591,,,BOARD_2,0,0,1880.000,1023.000,2012.000,1115.000,1946.000,1069.000,132.000,92.000,47.250000,34.427090,9.550417
1780302145.406115,,,BOARD_2,0,0,1906.000,1002.000,1970.000,1122.000,1938.000,1062.000,64.000,120.000,97.460000,34.390631,9.582500
1780302146.054798,,,BOARD_2,0,0,1848.000,1033.000,1980.000,1124.000,1914.000,1078.500,132.000,91.000,47.250000,34.281256,9.506875
1780302146.383788,,,BOARD_2,0,0,1859.000,1020.000,1923.000,1140.000,1891.000,1080.000,64.000,120.000,97.460000,34.176439,9.500000
1780302146.703582,,,BOARD_2,0,0,1807.000,1045.000,1939.000,1136.000,1873.000,1090.500,132.000,91.000,47.250000,34.094407,9.451875
1780302147.035149,,,BOARD_2,0,0,1823.000,1039.000,1887.000,1159.000,1855.000,1099.000,64.000,120.000,97.460000,34.012376,9.412917
1780302147.357193,,,BOARD_2,0,0,1806.000,1051.000,1870.000,1171.000,1838.000,1111.000,64.000,120.000,97.460000,33.934902,9.357917
1780302147.691994,,,BOARD_2,0,0,1783.000,1068.000,1847.000,1188.000,1815.000,1128.000,64.000,120.000,97.460000,33.830084,9.280000
1780302148.016263,,,BOARD_2,0,0,1732.000,1094.000,1796.000,1214.000,1764.000,1154.000,64.000,120.000,97.460000,33.597662,9.160833
1780302148.664773,,,BOARD_2,0,0,1612.000,1164.000,1676.000,1284.000,1644.000,1224.000,64.000,120.000,97.460000,33.050787,8.840000
1780302148.976336,,,BOARD_2,0,0,1539.000,1208.000,1603.000,1328.000,1571.000,1268.000,64.000,120.000,97.460000,32.718105,8.638333
1780302149.290399,,,BOARD_2,0,0,1471.000,1252.000,1535.000,1372.000,1503.000,1312.000,64.000,120.000,97.460000,32.408209,8.436667
1780302149.598233,,,BOARD_2,0,0,1412.000,1329.000,1452.000,1380.000,1432.000,1354.500,40.000,51.000,155.930000,32.084642,8.241875
1780302149.912543,,,BOARD_2,0,0,1308.000,1337.000,1440.000,1428.000,1374.000,1382.500,132.000,91.000,47.250000,31.820319,8.113542
1780302155.336235,,,BOARD_2,0,0,1687.000,910.000,1819.000,1001.000,1753.000,955.500,132.000,91.000,47.250000,33.547532,10.070625
1780302156.920679,,,BOARD_2,0,0,1933.000,935.000,2065.000,1026.000,1999.000,980.500,132.000,91.000,47.250000,34.668626,9.956042
1780302157.882220,,,BOARD_2,0,0,1987.000,955.000,2027.000,1006.000,2007.000,980.500,40.000,51.000,155.930000,34.705084,9.956042
1780302158.198245,,,BOARD_2,0,0,1931.000,939.000,2063.000,1031.000,1997.000,985.000,132.000,92.000,47.250000,34.659511,9.935417
1780302158.530623,,,BOARD_2,0,0,1897.000,954.000,2029.000,1046.000,1963.000,1000.000,132.000,92.000,47.250000,34.504564,9.866667
1780302159.166989,,,BOARD_2,0,0,1851.000,977.000,1915.000,1097.000,1883.000,1037.000,64.000,120.000,97.460000,34.139980,9.697083
1780302159.491060,,,BOARD_2,0,0,1793.000,1005.000,1857.000,1125.000,1825.000,1065.000,64.000,120.000,97.460000,33.875657,9.568750
1780302159.821931,,,BOARD_2,0,0,1702.000,1047.000,1834.000,1139.000,1768.000,1093.000,132.000,92.000,47.250000,33.615892,9.440417
1780302160.470385,,,BOARD_2,0,0,1605.000,1143.000,1645.000,1195.000,1625.000,1169.000,40.000,52.000,155.930000,32.964199,9.092083
1780302161.787768,,,BOARD_2,0,0,1385.000,1259.000,1425.000,1310.000,1405.000,1284.500,40.000,51.000,155.930000,31.961595,8.562708
1780302164.344389,,,BOARD_2,0,0,1282.000,1258.000,1414.000,1349.000,1348.000,1303.500,132.000,91.000,47.250000,31.701829,8.475625
1780302165.975970,,,BOARD_2,0,0,1152.000,1313.000,1284.000,1404.000,1218.000,1358.500,132.000,91.000,47.250000,31.109381,8.223542
1780302187.465394,,,BOARD_2,0,0,448.000,1965.000,580.000,2056.000,514.000,2010.500,132.000,91.000,47.250000,27.901048,5.235208
1780302187.795098,,,BOARD_2,0,0,959.000,1910.000,1091.000,2002.000,1025.000,1956.000,132.000,92.000,47.250000,30.229824,5.485000
1780302188.121672,,,BOARD_2,0,0,1473.000,1865.000,1605.000,1957.000,1539.000,1911.000,132.000,92.000,47.250000,32.572272,5.691250
1780302188.458317,,,BOARD_2,0,0,2031.000,1800.000,2279.000,1980.000,2155.000,1890.000,248.000,180.000,25.150000,35.379564,5.787500
1780302189.105855,,,BOARD_2,0,0,3305.000,1760.000,3553.000,1940.000,3429.000,1850.000,248.000,180.000,25.150000,41.185553,5.970833
1780302241.160041,,,BOARD_2,0,0,192.000,1147.000,232.000,1198.000,212.000,1172.500,40.000,51.000,155.930000,26.524746,9.076042
1780302242.118599,,,BOARD_2,0,0,192.000,1147.000,232.000,1198.000,212.000,1172.500,40.000,51.000,155.930000,26.524746,9.076042
1780302242.420960,,,BOARD_2,0,0,192.000,1146.000,232.000,1197.000,212.000,1171.500,40.000,51.000,155.930000,26.524746,9.080625
1780302242.747455,,,BOARD_2,0,0,192.000,1145.000,232.000,1196.000,212.000,1170.500,40.000,51.000,155.930000,26.524746,9.085208
1780302243.070330,,,BOARD_2,0,0,192.000,1144.000,232.000,1195.000,212.000,1169.500,40.000,51.000,155.930000,26.524746,9.089792
1780302243.408121,,,BOARD_2,0,0,192.000,1143.000,232.000,1194.000,212.000,1168.500,40.000,51.000,155.930000,26.524746,9.094375
1780302243.732109,,,BOARD_2,0,0,192.000,1143.000,232.000,1194.000,212.000,1168.500,40.000,51.000,155.930000,26.524746,9.094375
1780302244.065050,,,BOARD_2,0,0,192.000,1141.000,232.000,1192.000,212.000,1166.500,40.000,51.000,155.930000,26.524746,9.103542
1780302244.688393,,,BOARD_2,0,0,192.000,1142.000,232.000,1193.000,212.000,1167.500,40.000,51.000,155.930000,26.524746,9.098958
1780302244.997941,,,BOARD_2,0,0,192.000,1141.000,232.000,1192.000,212.000,1166.500,40.000,51.000,155.930000,26.524746,9.103542
1780302245.318710,,,BOARD_2,0,0,192.000,1141.000,232.000,1192.000,212.000,1166.500,40.000,51.000,155.930000,26.524746,9.103542
1780302245.639910,,,BOARD_2,0,0,192.000,1142.000,232.000,1193.000,212.000,1167.500,40.000,51.000,155.930000,26.524746,9.098958
1780302246.282121,,,BOARD_2,0,0,192.000,1141.000,232.000,1192.000,212.000,1166.500,40.000,51.000,155.930000,26.524746,9.103542
1780302248.852276,,,BOARD_2,0,0,200.000,1141.000,240.000,1192.000,220.000,1166.500,40.000,51.000,155.930000,26.561204,9.103542
1780302250.780785,,,BOARD_2,0,0,200.000,1139.000,240.000,1190.000,220.000,1164.500,40.000,51.000,155.930000,26.561204,9.112708
1780302251.111926,,,BOARD_2,0,0,200.000,1139.000,240.000,1190.000,220.000,1164.500,40.000,51.000,155.930000,26.561204,9.112708
1780302251.420125,,,BOARD_2,0,0,208.000,1140.000,248.000,1191.000,228.000,1165.500,40.000,51.000,155.930000,26.597662,9.108125
1780302252.047088,,,BOARD_2,0,0,240.000,1141.000,280.000,1192.000,260.000,1166.500,40.000,51.000,155.930000,26.743496,9.103542
1780302252.371061,,,BOARD_2,0,0,264.000,1143.000,304.000,1194.000,284.000,1168.500,40.000,51.000,155.930000,26.852871,9.094375
1780302252.695498,,,BOARD_2,0,0,288.000,1145.000,328.000,1196.000,308.000,1170.500,40.000,51.000,155.930000,26.962246,9.085208
1780302253.029349,,,BOARD_2,0,0,329.000,1156.000,369.000,1207.000,349.000,1181.500,40.000,51.000,155.930000,27.149095,9.034792
1780302253.339699,,,BOARD_2,0,0,379.000,1152.000,419.000,1203.000,399.000,1177.500,40.000,51.000,155.930000,27.376959,9.053125
1780302253.648627,,,BOARD_2,0,0,455.000,1156.000,495.000,1207.000,475.000,1181.500,40.000,51.000,155.930000,27.723314,9.034792
1780302253.956810,,,BOARD_2,0,0,539.000,1161.000,579.000,1212.000,559.000,1186.500,40.000,51.000,155.930000,28.106126,9.011875
1780302254.282264,,,BOARD_2,0,0,615.000,1163.000,655.000,1214.000,635.000,1188.500,40.000,51.000,155.930000,28.452480,9.002708
1780302254.611248,,,BOARD_2,0,0,682.000,1165.000,722.000,1216.000,702.000,1190.500,40.000,51.000,155.930000,28.757819,8.993542
1780302254.948040,,,BOARD_2,0,0,757.000,1168.000,797.000,1219.000,777.000,1193.500,40.000,51.000,155.930000,29.099616,8.979792
1780302255.262532,,,BOARD_2,0,0,830.000,1169.000,870.000,1220.000,850.000,1194.500,40.000,51.000,155.930000,29.432298,8.975208
1780302255.596623,,,BOARD_2,0,0,903.000,1170.000,943.000,1221.000,923.000,1195.500,40.000,51.000,155.930000,29.764980,8.970625
1780302255.918952,,,BOARD_2,0,0,975.000,1170.000,1015.000,1221.000,995.000,1195.500,40.000,51.000,155.930000,30.093105,8.970625
1780302256.254543,,,BOARD_2,0,0,1045.000,1171.000,1085.000,1222.000,1065.000,1196.500,40.000,51.000,155.930000,30.412116,8.966042
1780302256.568033,,,BOARD_2,0,0,1104.000,1170.000,1144.000,1221.000,1124.000,1195.500,40.000,51.000,155.930000,30.680996,8.970625
1780302256.901624,,,BOARD_2,0,0,1166.000,1175.000,1206.000,1226.000,1186.000,1200.500,40.000,51.000,155.930000,30.963548,8.947708
1780302257.218871,,,BOARD_2,0,0,1230.000,1184.000,1270.000,1235.000,1250.000,1209.500,40.000,51.000,155.930000,31.255215,8.906458
1780302257.550207,,,BOARD_2,0,0,1297.000,1180.000,1337.000,1231.000,1317.000,1205.500,40.000,51.000,155.930000,31.560553,8.924792
1780302257.865032,,,BOARD_2,0,0,1371.000,1185.000,1411.000,1236.000,1391.000,1210.500,40.000,51.000,155.930000,31.897793,8.901875
1780302258.204636,,,BOARD_2,0,0,1447.000,1193.000,1487.000,1244.000,1467.000,1218.500,40.000,51.000,155.930000,32.244147,8.865208
1780302258.502884,,,BOARD_2,0,0,1523.000,1165.000,1587.000,1284.000,1555.000,1224.500,64.000,119.000,97.460000,32.645189,8.837708
1780302259.130540,,,BOARD_2,0,0,1726.000,1208.000,1765.000,1259.000,1745.500,1233.500,39.000,51.000,159.930000,33.513353,8.796458
1780302259.443620,,,BOARD_2,0,0,1792.000,1216.000,1831.000,1267.000,1811.500,1241.500,39.000,51.000,159.930000,33.814134,8.759792
1780302259.748438,,,BOARD_2,0,0,1824.000,1221.000,1863.000,1272.000,1843.500,1246.500,39.000,51.000,159.930000,33.959967,8.736875
1780302260.062793,,,BOARD_2,0,0,1795.000,1206.000,1927.000,1297.000,1861.000,1251.500,132.000,91.000,47.250000,34.039720,8.713958
1780302260.376406,,,BOARD_2,0,0,1825.000,1204.000,1889.000,1323.000,1857.000,1263.500,64.000,119.000,97.460000,34.021491,8.658958
1780302260.684199,,,BOARD_2,0,0,1812.000,1212.000,1876.000,1331.000,1844.000,1271.500,64.000,119.000,97.460000,33.962246,8.622292
1780302261.000176,,,BOARD_2,0,0,1803.000,1259.000,1843.000,1310.000,1823.000,1284.500,40.000,51.000,155.930000,33.866543,8.562708
1780302261.325517,,,BOARD_2,0,0,1783.000,1276.000,1823.000,1327.000,1803.000,1301.500,40.000,51.000,155.930000,33.775397,8.484792
1780302261.650846,,,BOARD_2,0,0,1756.000,1294.000,1796.000,1345.000,1776.000,1319.500,40.000,51.000,155.930000,33.652350,8.402292
1780302261.988967,,,BOARD_2,0,0,1678.000,1297.000,1810.000,1388.000,1744.000,1342.500,132.000,91.000,47.250000,33.506517,8.296875
1780302262.297930,,,BOARD_2,0,0,1690.000,1343.000,1730.000,1394.000,1710.000,1368.500,40.000,51.000,155.930000,33.351569,8.177708
1780302262.610789,,,BOARD_2,0,0,1654.000,1370.000,1694.000,1421.000,1674.000,1395.500,40.000,51.000,155.930000,33.187506,8.053958
1780302262.925243,,,BOARD_2,0,0,1622.000,1397.000,1662.000,1448.000,1642.000,1422.500,40.000,51.000,155.930000,33.041673,7.930208
1780302263.246118,,,BOARD_2,0,0,1589.000,1427.000,1629.000,1478.000,1609.000,1452.500,40.000,51.000,155.930000,32.891282,7.792708
1780302263.576839,,,BOARD_2,0,0,1560.000,1452.000,1600.000,1503.000,1580.000,1477.500,40.000,51.000,155.930000,32.759121,7.678125
1780302263.905766,,,BOARD_2,0,0,1525.000,1450.000,1589.000,1569.000,1557.000,1509.500,64.000,119.000,97.460000,32.654303,7.531458
1780302264.217688,,,BOARD_2,0,0,1490.000,1483.000,1554.000,1602.000,1522.000,1542.500,64.000,119.000,97.460000,32.494798,7.380208
1780302264.551166,,,BOARD_2,0,0,1450.000,1514.000,1514.000,1633.000,1482.000,1573.500,64.000,119.000,97.460000,32.312506,7.238125
1780302264.868737,,,BOARD_2,0,0,1430.000,1579.000,1470.000,1630.000,1450.000,1604.500,40.000,51.000,155.930000,32.166673,7.096042
1780302265.203581,,,BOARD_2,0,0,1396.000,1611.000,1435.000,1662.000,1415.500,1636.500,39.000,51.000,159.930000,32.009446,6.949375
1780302265.532467,,,BOARD_2,0,0,1362.000,1650.000,1401.000,1701.000,1381.500,1675.500,39.000,51.000,159.930000,31.854498,6.770625
1780302265.864042,,,BOARD_2,0,0,1336.000,1674.000,1375.000,1725.000,1355.500,1699.500,39.000,51.000,159.930000,31.736009,6.660625
1780302266.176390,,,BOARD_2,0,0,1299.000,1701.000,1338.000,1752.000,1318.500,1726.500,39.000,51.000,159.930000,31.567389,6.536875
1780302266.486993,,,BOARD_2,0,0,1265.000,1729.000,1304.000,1780.000,1284.500,1754.500,39.000,51.000,159.930000,31.412441,6.408542
1780302270.016529,,,BOARD_2,0,0,3161.000,250.000,3200.000,301.000,3180.500,275.500,39.000,51.000,159.930000,40.053066,13.187292
1780302272.928221,,,BOARD_2,0,0,642.000,436.000,706.000,555.000,674.000,495.500,64.000,119.000,97.460000,28.630215,12.178958
1780302274.538360,,,BOARD_2,0,0,1050.000,1158.000,1089.000,1209.000,1069.500,1183.500,39.000,51.000,159.930000,30.432623,9.025625
1780302274.868246,,,BOARD_2,0,0,1049.000,1151.000,1088.000,1202.000,1068.500,1176.500,39.000,51.000,159.930000,30.428066,9.057708
1780302276.175058,,,BOARD_2,0,0,1024.000,1202.000,1064.000,1253.000,1044.000,1227.500,40.000,51.000,155.930000,30.316412,8.823958
1780302276.497774,,,BOARD_2,0,0,1017.000,1203.000,1057.000,1254.000,1037.000,1228.500,40.000,51.000,155.930000,30.284511,8.819375
1780302280.639914,,,BOARD_2,0,0,855.000,1188.000,894.000,1239.000,874.500,1213.500,39.000,51.000,159.930000,29.543952,8.888125
1780302281.567618,,,BOARD_2,0,0,863.000,1179.000,902.000,1230.000,882.500,1204.500,39.000,51.000,159.930000,29.580410,8.929375
1780302281.877081,,,BOARD_2,0,0,301.000,2368.000,549.000,2548.000,425.000,2458.000,248.000,180.000,25.150000,27.495449,3.184167
1780302282.512705,,,BOARD_2,0,0,848.000,2227.000,887.000,2278.000,867.500,2252.500,39.000,51.000,159.930000,29.512051,4.126042
1780302283.491179,,,BOARD_2,0,0,1459.000,1965.000,1591.000,2056.000,1525.000,2010.500,132.000,91.000,47.250000,32.508470,5.235208
1780302283.830773,,,BOARD_2,0,0,1672.000,1871.000,1803.000,1962.000,1737.500,1916.500,131.000,91.000,47.610000,33.476894,5.666042
1780302284.143539,,,BOARD_2,0,0,1853.000,1780.000,1985.000,1872.000,1919.000,1826.000,132.000,92.000,47.250000,34.304043,6.080833
1780302284.768080,,,BOARD_2,0,0,2223.000,1659.000,2262.000,1710.000,2242.500,1684.500,39.000,51.000,159.930000,35.778327,6.729375
1780302285.094020,,,BOARD_2,0,0,2363.000,1610.000,2426.000,1729.000,2394.500,1669.500,63.000,119.000,99.000000,36.471035,6.798125
1780302285.094020,,,BOARD_2,0,1,1043.000,1165.000,1082.000,1216.000,1062.500,1190.500,39.000,51.000,159.930000,30.400722,8.993542
1780302285.420312,,,BOARD_2,0,0,2495.000,1634.000,2626.000,1725.000,2560.500,1679.500,131.000,91.000,47.610000,37.227545,6.752292
1780302285.756096,,,BOARD_2,0,0,2732.000,1656.000,2796.000,1775.000,2764.000,1715.500,64.000,119.000,97.460000,38.154954,6.587292
1780302286.167154,,,BOARD_2,0,0,1041.000,1153.000,1081.000,1204.000,1061.000,1178.500,40.000,51.000,155.930000,30.393886,9.048542
1780302286.380690,,,BOARD_2,0,0,3235.000,1669.000,3299.000,1788.000,3267.000,1728.500,64.000,119.000,97.460000,40.447272,6.527708
1780302286.693084,,,BOARD_2,0,0,3473.000,1659.000,3512.000,1710.000,3492.500,1684.500,39.000,51.000,159.930000,41.474941,6.729375
1780302287.003180,,,BOARD_2,0,0,3907.000,1615.000,3946.000,1666.000,3926.500,1640.500,39.000,51.000,159.930000,43.452806,6.931042
1780302288.263310,,,BOARD_2,0,0,994.000,1128.000,1033.000,1179.000,1013.500,1153.500,39.000,51.000,159.930000,30.177415,9.163125
1780302289.246459,,,BOARD_2,0,0,3799.000,2345.000,4047.000,2525.000,3923.000,2435.000,248.000,180.000,25.150000,43.436855,3.289583
1780302289.246459,,,BOARD_2,0,1,1028.000,1127.000,1067.000,1178.000,1047.500,1152.500,39.000,51.000,159.930000,30.332363,9.167708
1780302289.579738,,,BOARD_2,0,0,1034.000,1127.000,1073.000,1178.000,1053.500,1152.500,39.000,51.000,159.930000,30.359707,9.167708
1780302309.720297,,,BOARD_2,0,0,2311.000,1146.000,2350.000,1197.000,2330.500,1171.500,39.000,51.000,159.930000,36.179368,9.080625
1780302310.044120,,,BOARD_2,0,0,2303.000,1143.000,2343.000,1194.000,2323.000,1168.500,40.000,51.000,155.930000,36.145189,9.094375
1780302311.037693,,,BOARD_2,0,0,2291.000,1137.000,2330.000,1188.000,2310.500,1162.500,39.000,51.000,159.930000,36.088222,9.121875
1780302313.333182,,,BOARD_2,0,0,2331.000,1147.000,2370.000,1198.000,2350.500,1172.500,39.000,51.000,159.930000,36.270514,9.076042
1780302313.983147,,,BOARD_2,0,0,2341.000,1141.000,2380.000,1192.000,2360.500,1166.500,39.000,51.000,159.930000,36.316087,9.103542
1780302314.316281,,,BOARD_2,0,0,2341.000,1141.000,2380.000,1192.000,2360.500,1166.500,39.000,51.000,159.930000,36.316087,9.103542
1780302314.973572,,,BOARD_2,0,0,2336.000,1149.000,2375.000,1200.000,2355.500,1174.500,39.000,51.000,159.930000,36.293301,9.066875
1780302319.186996,,,BOARD_2,0,0,1639.000,1118.000,1678.000,1169.000,1658.500,1143.500,39.000,51.000,159.930000,33.116868,9.208958
1780302319.519690,,,BOARD_2,0,0,1641.000,1117.000,1680.000,1168.000,1660.500,1142.500,39.000,51.000,159.930000,33.125983,9.213542
1780302319.859245,,,BOARD_2,0,0,1646.000,1124.000,1685.000,1175.000,1665.500,1149.500,39.000,51.000,159.930000,33.148769,9.181458
1780302320.180140,,,BOARD_2,0,0,1644.000,1114.000,1683.000,1165.000,1663.500,1139.500,39.000,51.000,159.930000,33.139655,9.227292
1780302320.516782,,,BOARD_2,0,0,1644.000,1113.000,1683.000,1164.000,1663.500,1138.500,39.000,51.000,159.930000,33.139655,9.231875
1780302320.843058,,,BOARD_2,0,0,1643.000,1115.000,1682.000,1166.000,1662.500,1140.500,39.000,51.000,159.930000,33.135097,9.222708
1780302321.504086,,,BOARD_2,0,0,1635.000,1108.000,1674.000,1159.000,1654.500,1133.500,39.000,51.000,159.930000,33.098639,9.254792
1780302322.504087,,,BOARD_2,0,0,1575.000,1092.000,1614.000,1143.000,1594.500,1117.500,39.000,51.000,159.930000,32.825202,9.328125
1780302323.161379,,,BOARD_2,0,0,1585.000,1082.000,1624.000,1133.000,1604.500,1107.500,39.000,51.000,159.930000,32.870774,9.373958
1780302323.478446,,,BOARD_2,0,0,1628.000,1079.000,1667.000,1130.000,1647.500,1104.500,39.000,51.000,159.930000,33.066738,9.387708
1780302324.139990,,,BOARD_2,0,0,1684.000,1078.000,1723.000,1129.000,1703.500,1103.500,39.000,51.000,159.930000,33.321946,9.392292
1780302324.477612,,,BOARD_2,0,0,1694.000,1086.000,1733.000,1137.000,1713.500,1111.500,39.000,51.000,159.930000,33.367519,9.355625
1780302324.797421,,,BOARD_2,0,0,1704.000,1079.000,1743.000,1130.000,1723.500,1104.500,39.000,51.000,159.930000,33.413092,9.387708
1780302325.112531,,,BOARD_2,0,0,1705.000,1079.000,1744.000,1130.000,1724.500,1104.500,39.000,51.000,159.930000,33.417649,9.387708
1780302325.434412,,,BOARD_2,0,0,1702.000,1079.000,1741.000,1130.000,1721.500,1104.500,39.000,51.000,159.930000,33.403978,9.387708
1780302325.778043,,,BOARD_2,0,0,1701.000,1079.000,1740.000,1130.000,1720.500,1104.500,39.000,51.000,159.930000,33.399420,9.387708
1780302326.097162,,,BOARD_2,0,0,1692.000,1078.000,1731.000,1129.000,1711.500,1103.500,39.000,51.000,159.930000,33.358405,9.392292
1780302326.435186,,,BOARD_2,0,0,1696.000,1078.000,1735.000,1129.000,1715.500,1103.500,39.000,51.000,159.930000,33.376634,9.392292
1780302327.067502,,,BOARD_2,0,0,1699.000,1079.000,1738.000,1130.000,1718.500,1104.500,39.000,51.000,159.930000,33.390306,9.387708
1780302327.385987,,,BOARD_2,0,0,1698.000,1079.000,1737.000,1130.000,1717.500,1104.500,39.000,51.000,159.930000,33.385748,9.387708
1780302327.719178,,,BOARD_2,0,0,1701.000,1080.000,1740.000,1131.000,1720.500,1105.500,39.000,51.000,159.930000,33.399420,9.383125
1780302328.048759,,,BOARD_2,0,0,1695.000,1083.000,1734.000,1134.000,1714.500,1108.500,39.000,51.000,159.930000,33.372077,9.369375
1780302328.393304,,,BOARD_2,0,0,1697.000,1082.000,1736.000,1133.000,1716.500,1107.500,39.000,51.000,159.930000,33.381191,9.373958
1780302329.012899,,,BOARD_2,0,0,1698.000,1085.000,1737.000,1136.000,1717.500,1110.500,39.000,51.000,159.930000,33.385748,9.360208
1780302329.329403,,,BOARD_2,0,0,1706.000,1084.000,1745.000,1135.000,1725.500,1109.500,39.000,51.000,159.930000,33.422207,9.364792
1780302331.316571,,,BOARD_2,0,0,1703.000,1085.000,1742.000,1136.000,1722.500,1110.500,39.000,51.000,159.930000,33.408535,9.360208
1780302332.609654,,,BOARD_2,0,0,1695.000,1087.000,1734.000,1138.000,1714.500,1112.500,39.000,51.000,159.930000,33.372077,9.351042
1780302332.935544,,,BOARD_2,0,0,1700.000,1085.000,1739.000,1136.000,1719.500,1110.500,39.000,51.000,159.930000,33.394863,9.360208
1780302333.266810,,,BOARD_2,0,0,1688.000,1085.000,1727.000,1136.000,1707.500,1110.500,39.000,51.000,159.930000,33.340176,9.360208
1780302333.605854,,,BOARD_2,0,0,1692.000,1085.000,1731.000,1136.000,1711.500,1110.500,39.000,51.000,159.930000,33.358405,9.360208
1780302333.939590,,,BOARD_2,0,0,1687.000,1094.000,1726.000,1145.000,1706.500,1119.500,39.000,51.000,159.930000,33.335618,9.318958
1780302334.277869,,,BOARD_2,0,0,1682.000,1086.000,1721.000,1137.000,1701.500,1111.500,39.000,51.000,159.930000,33.312832,9.355625
1780302334.704846,,,BOARD_2,0,0,1689.000,1087.000,1728.000,1138.000,1708.500,1112.500,39.000,51.000,159.930000,33.344733,9.351042
1780302334.917304,,,BOARD_2,0,0,1687.000,1086.000,1726.000,1137.000,1706.500,1111.500,39.000,51.000,159.930000,33.335618,9.355625
1780302335.232862,,,BOARD_2,0,0,1691.000,1089.000,1730.000,1140.000,1710.500,1114.500,39.000,51.000,159.930000,33.353847,9.341875
1780302335.553267,,,BOARD_2,0,0,1690.000,1088.000,1729.000,1139.000,1709.500,1113.500,39.000,51.000,159.930000,33.349290,9.346458
1780302335.859478,,,BOARD_2,0,0,1686.000,1087.000,1725.000,1138.000,1705.500,1112.500,39.000,51.000,159.930000,33.331061,9.351042
1780302336.172734,,,BOARD_2,0,0,1668.000,1085.000,1707.000,1136.000,1687.500,1110.500,39.000,51.000,159.930000,33.249030,9.360208
1780302337.129823,,,BOARD_2,0,0,1608.000,1065.000,1648.000,1116.000,1628.000,1090.500,40.000,51.000,155.930000,32.977871,9.451875
1780302337.467122,,,BOARD_2,0,0,1584.000,1059.000,1623.000,1110.000,1603.500,1084.500,39.000,51.000,159.930000,32.866217,9.479375
1780302337.780158,,,BOARD_2,0,0,1576.000,1054.000,1615.000,1105.000,1595.500,1079.500,39.000,51.000,159.930000,32.829759,9.502292
1780302338.098415,,,BOARD_2,0,0,1569.000,1054.000,1608.000,1105.000,1588.500,1079.500,39.000,51.000,159.930000,32.797858,9.502292
1780302338.417861,,,BOARD_2,0,0,1570.000,1051.000,1609.000,1102.000,1589.500,1076.500,39.000,51.000,159.930000,32.802415,9.516042
1780302338.761108,,,BOARD_2,0,0,1589.000,1050.000,1628.000,1101.000,1608.500,1075.500,39.000,51.000,159.930000,32.889004,9.520625
1780302339.076249,,,BOARD_2,0,0,1600.000,1052.000,1639.000,1103.000,1619.500,1077.500,39.000,51.000,159.930000,32.939134,9.511458
1780302339.397077,,,BOARD_2,0,0,1601.000,1055.000,1640.000,1106.000,1620.500,1080.500,39.000,51.000,159.930000,32.943691,9.497708
1780302339.712282,,,BOARD_2,0,0,1604.000,1061.000,1643.000,1112.000,1623.500,1086.500,39.000,51.000,159.930000,32.957363,9.470208
1780302340.716089,,,BOARD_2,0,0,1588.000,1089.000,1627.000,1140.000,1607.500,1114.500,39.000,51.000,159.930000,32.884446,9.341875
1780302341.039346,,,BOARD_2,0,0,1573.000,1105.000,1612.000,1156.000,1592.500,1130.500,39.000,51.000,159.930000,32.816087,9.268542
1780302342.054418,,,BOARD_2,0,0,2389.000,2009.000,2520.000,2100.000,2454.500,2054.500,131.000,91.000,47.610000,36.744472,5.033542
1780302342.157182,,,BOARD_2,0,0,1505.000,1169.000,1544.000,1220.000,1524.500,1194.500,39.000,51.000,159.930000,32.506191,8.975208
1780302342.393180,,,BOARD_2,0,0,1366.000,2171.000,1429.000,2290.000,1397.500,2230.500,63.000,119.000,99.000000,31.927415,4.226875
1780302342.393180,,,BOARD_2,0,1,1464.000,1195.000,1503.000,1246.000,1483.500,1220.500,39.000,51.000,159.930000,32.319342,8.856042
1780302342.809426,,,BOARD_2,0,0,1426.000,1222.000,1465.000,1273.000,1445.500,1247.500,39.000,51.000,159.930000,32.146165,8.732292
1780302343.042370,,,BOARD_2,0,0,1387.000,1250.000,1426.000,1301.000,1406.500,1275.500,39.000,51.000,159.930000,31.968431,8.603958
1780302343.373749,,,BOARD_2,0,0,1350.000,1279.000,1389.000,1330.000,1369.500,1304.500,39.000,51.000,159.930000,31.799811,8.471042
1780302343.712735,,,BOARD_2,0,0,1317.000,1308.000,1356.000,1359.000,1336.500,1333.500,39.000,51.000,159.930000,31.649420,8.338125
1780302344.034654,,,BOARD_2,0,0,1297.000,1337.000,1336.000,1388.000,1316.500,1362.500,39.000,51.000,159.930000,31.558274,8.205208
1780302344.034654,,,BOARD_2,0,1,3175.000,1000.000,3214.000,1051.000,3194.500,1025.500,39.000,51.000,159.930000,40.116868,9.749792
1780302344.458771,,,BOARD_2,0,0,2234.000,502.000,2273.000,553.000,2253.500,527.500,39.000,51.000,159.930000,35.828457,12.032292
1780302344.670245,,,BOARD_2,0,0,1424.000,152.000,1488.000,271.000,1456.000,211.500,64.000,119.000,97.460000,32.194017,13.480625
1780302355.085928,,,BOARD_2,0,0,1408.000,1494.000,1447.000,1545.000,1427.500,1519.500,39.000,51.000,159.930000,32.064134,7.485625
1780302359.989095,,,BOARD_2,0,0,1660.000,1521.000,1699.000,1572.000,1679.500,1546.500,39.000,51.000,159.930000,33.212571,7.361875
1780302365.192586,,,BOARD_2,0,0,1741.000,1511.000,1780.000,1562.000,1760.500,1536.500,39.000,51.000,159.930000,33.581712,7.407708
1780302369.358665,,,BOARD_2,0,0,1701.000,1147.000,1740.000,1198.000,1720.500,1172.500,39.000,51.000,159.930000,33.399420,9.076042
1780302370.016662,,,BOARD_2,0,0,1711.000,1147.000,1750.000,1198.000,1730.500,1172.500,39.000,51.000,159.930000,33.444993,9.076042
1780302386.692174,,,BOARD_2,0,0,859.000,-26.000,991.000,65.000,925.000,19.500,132.000,91.000,47.250000,29.774095,14.360625
1780302387.001448,,,BOARD_2,0,0,2723.000,361.000,2971.000,541.000,2847.000,451.000,248.000,180.000,25.150000,38.533209,12.382917
1780302391.211596,,,BOARD_2,0,0,1633.000,1117.000,1672.000,1168.000,1652.500,1142.500,39.000,51.000,159.930000,33.089524,9.213542
1780302423.706815,,,BOARD_2,0,0,1695.000,1205.000,1734.000,1256.000,1714.500,1230.500,39.000,51.000,159.930000,33.372077,8.810208
1780302424.032113,,,BOARD_2,0,0,1697.000,1205.000,1736.000,1256.000,1716.500,1230.500,39.000,51.000,159.930000,33.381191,8.810208
1780302427.286428,,,BOARD_2,0,0,80.000,1499.000,120.000,1550.000,100.000,1524.500,40.000,51.000,155.930000,26.014329,7.462708
1780302427.624691,,,BOARD_2,0,0,224.000,1471.000,264.000,1522.000,244.000,1496.500,40.000,51.000,155.930000,26.670579,7.591042
1780302427.940190,,,BOARD_2,0,0,304.000,1461.000,344.000,1512.000,324.000,1486.500,40.000,51.000,155.930000,27.035162,7.636875
1780302428.277830,,,BOARD_2,0,0,470.000,1486.000,509.000,1537.000,489.500,1511.500,39.000,51.000,159.930000,27.789394,7.522292
1780302428.589436,,,BOARD_2,0,0,655.000,1463.000,694.000,1514.000,674.500,1488.500,39.000,51.000,159.930000,28.632493,7.627708
1780302428.904005,,,BOARD_2,0,0,861.000,1448.000,901.000,1499.000,881.000,1473.500,40.000,51.000,155.930000,29.573574,7.696458
1780302429.214063,,,BOARD_2,0,0,1046.000,1440.000,1086.000,1491.000,1066.000,1465.500,40.000,51.000,155.930000,30.416673,7.733125
1780302429.538228,,,BOARD_2,0,0,1185.000,1441.000,1224.000,1492.000,1204.500,1466.500,39.000,51.000,159.930000,31.047858,7.728542
1780302429.875358,,,BOARD_2,0,0,1351.000,1446.000,1391.000,1497.000,1371.000,1471.500,40.000,51.000,155.930000,31.806647,7.705625
1780302430.188364,,,BOARD_2,0,0,1559.000,1413.000,1598.000,1464.000,1578.500,1438.500,39.000,51.000,159.930000,32.752285,7.856875
1780302430.513062,,,BOARD_2,0,0,1745.000,1378.000,1784.000,1429.000,1764.500,1403.500,39.000,51.000,159.930000,33.599941,8.017292
1780302430.848724,,,BOARD_2,0,0,1884.000,1369.000,1923.000,1420.000,1903.500,1394.500,39.000,51.000,159.930000,34.233405,8.058542
1780302431.157317,,,BOARD_2,0,0,2043.000,1355.000,2082.000,1406.000,2062.500,1380.500,39.000,51.000,159.930000,34.958014,8.122708
1780302431.464057,,,BOARD_2,0,0,2172.000,1318.000,2211.000,1369.000,2191.500,1343.500,39.000,51.000,159.930000,35.545905,8.292292
1780302431.776703,,,BOARD_2,0,0,2347.000,1233.000,2386.000,1284.000,2366.500,1258.500,39.000,51.000,159.930000,36.343431,8.681875
1780302432.185770,,,BOARD_2,0,0,2485.000,1209.000,2524.000,1260.000,2504.500,1234.500,39.000,51.000,159.930000,36.972337,8.791875
1780302432.397132,,,BOARD_2,0,0,2655.000,1222.000,2694.000,1273.000,2674.500,1247.500,39.000,51.000,159.930000,37.747077,8.732292
1780302432.708675,,,BOARD_2,0,0,2758.000,1279.000,2822.000,1398.000,2790.000,1338.500,64.000,119.000,97.460000,38.273444,8.315208
1780302433.017222,,,BOARD_2,0,0,2672.000,1445.000,2712.000,1496.000,2692.000,1470.500,40.000,51.000,155.930000,37.826829,7.710208
1780302433.344561,,,BOARD_2,0,0,2522.000,1586.000,2562.000,1637.000,2542.000,1611.500,40.000,51.000,155.930000,37.143235,7.063958
1780302433.658058,,,BOARD_2,0,0,2444.000,1749.000,2484.000,1800.000,2464.000,1774.500,40.000,51.000,155.930000,36.787767,6.316875
1780302437.520973,,,BOARD_2,0,0,2470.000,158.000,2718.000,338.000,2594.000,248.000,248.000,180.000,25.150000,37.380215,13.313333
1780302437.846522,,,BOARD_2,0,0,401.000,266.000,440.000,317.000,420.500,291.500,39.000,51.000,159.930000,27.474941,13.113958
1780302439.751750,,,BOARD_2,0,0,3228.000,2157.000,3348.000,2401.000,3288.000,2279.000,120.000,244.000,51.980000,40.542975,4.004583
1780302440.062214,,,BOARD_2,0,0,3234.000,1831.000,3298.000,1951.000,3266.000,1891.000,64.000,120.000,97.460000,40.442715,5.782917
1780302440.388210,,,BOARD_2,0,0,3155.000,1632.000,3275.000,1876.000,3215.000,1754.000,120.000,244.000,51.980000,40.210293,6.410833
1780302440.718092,,,BOARD_2,0,0,2967.000,1435.000,3031.000,1555.000,2999.000,1495.000,64.000,120.000,97.460000,39.225918,7.597917
1780302441.032009,,,BOARD_2,0,0,2691.000,1130.000,2939.000,1310.000,2815.000,1220.000,248.000,180.000,25.150000,38.387376,8.858333
1780302441.677055,,,BOARD_2,0,0,2355.000,299.000,2475.000,543.000,2415.000,421.000,120.000,244.000,51.980000,36.564459,12.520417
1780302453.294276,,,BOARD_2,0,0,1260.000,1066.000,1299.000,1117.000,1279.500,1091.500,39.000,51.000,159.930000,31.389655,9.447292
1780302453.521036,,,BOARD_2,0,0,3397.000,866.000,3437.000,917.000,3417.000,891.500,40.000,51.000,155.930000,41.130866,10.363958
1780302483.242267,,,BOARD_2,0,0,1839.000,1103.000,1878.000,1154.000,1858.500,1128.500,39.000,51.000,159.930000,34.028327,9.277708
1780302483.874259,,,BOARD_2,0,0,1841.000,1103.000,1880.000,1154.000,1860.500,1128.500,39.000,51.000,159.930000,34.037441,9.277708
1780302522.344308,,,BOARD_2,0,0,1224.000,258.000,1263.000,309.000,1243.500,283.500,39.000,51.000,159.930000,31.225592,13.150625
1780302522.678447,,,BOARD_2,0,0,1278.000,218.000,1318.000,269.000,1298.000,243.500,40.000,51.000,155.930000,31.473965,13.333958
1780302523.014408,,,BOARD_2,0,0,1339.000,162.000,1379.000,213.000,1359.000,187.500,40.000,51.000,155.930000,31.751959,13.590625
1780302523.344583,,,BOARD_2,0,0,1403.000,90.000,1443.000,141.000,1423.000,115.500,40.000,51.000,155.930000,32.043626,13.920625
1780302535.521961,,,BOARD_2,0,0,3612.000,2263.000,3652.000,2314.000,3632.000,2288.500,40.000,51.000,155.930000,42.110683,3.961042
