[Log] stdout/stderr -> logs\20260602_151245\main_tracking_v9_20260602_151245.log
[FieldLog] enabled: C:\Users\cv1124\dym\gimbal\logs\20260602_151245
[Config] DEVICE_HEADING_DEG=180.00 (map north=0, east=90, south=180)
[Config] UI_REAL_LASER_ONLY=True
[GPS] Thread started, periodic UI updates enabled on COM12@115200, fix_timeout=5s, ui_interval=10.0s
[Init] Connecting to Gimbal at COM14...
[GT06Z] Driver Ready on COM14.
[Adapter] GT06Z 云台已连接: COM14
[GPS] GGA fix_quality=1, num_sats=26, hdop=0.6, lat=30.408120445, lon=104.0886568
[LaserThread] 激光读取线程已启动
[Init] Real laser enabled on COM15
[Init] UI distance priority: laser -> mono; UDP distance disabled
[Laser] start_measurement mode=continuous
[Init] Queue gimbal initial posture: Az=59.30°, El=0.00°
[GimbalThread] 控制线程已启动
[Net] Listening RK3588 on 8888...=== System V9.0 (Predictive Tracking & Scheduling) Running ===

[LIVE] udp=4.0/s, objs=4.0/s, last_udp=0.13s, meas=2, tracks=3, valid=0, master=None
[LIVE] udp=0.0/s, objs=0.0/s, last_udp=1.14s, meas=1, tracks=3, valid=0, master=None
[LIVE] udp=0.0/s, objs=0.0/s, last_udp=2.14s, meas=1, tracks=3, valid=0, master=None
[LIVE] udp=0.0/s, objs=0.0/s, last_udp=3.14s, meas=1, tracks=3, valid=0, master=None
[LIVE] udp=3.0/s, objs=3.0/s, last_udp=0.20s, meas=2, tracks=6, valid=0, master=None
[LIVE] udp=1.0/s, objs=2.0/s, last_udp=0.83s, meas=2, tracks=6, valid=0, master=None
[LIVE] udp=3.0/s, objs=3.0/s, last_udp=0.04s, meas=2, tracks=7, valid=0, master=None
[LIVE] udp=0.0/s, objs=0.0/s, last_udp=1.05s, meas=0, tracks=7, valid=0, master=None
[LIVE] udp=0.0/s, objs=0.0/s, last_udp=2.05s, meas=0, tracks=7, valid=0, master=None
[GPS] GGA fix_quality=1, num_sats=24, hdop=0.6, lat=30.408120063166667, lon=104.0886561755
[LIVE] udp=0.0/s, objs=0.0/s, last_udp=3.06s, meas=0, tracks=7, valid=0, master=None
[LIVE] udp=0.0/s, objs=0.0/s, last_udp=4.06s, meas=0, tracks=7, valid=0, master=None
[LIVE] udp=0.0/s, objs=0.0/s, last_udp=5.06s, meas=0, tracks=7, valid=0, master=None
[LIVE] udp=2.0/s, objs=2.0/s, last_udp=0.02s, meas=1, tracks=4, valid=0, master=None
[LIVE] udp=2.0/s, objs=2.0/s, last_udp=0.56s, meas=0, tracks=6, valid=0, master=None
[LIVE] udp=0.0/s, objs=0.0/s, last_udp=1.57s, meas=0, tracks=6, valid=0, master=None
[LIVE] udp=0.0/s, objs=0.0/s, last_udp=2.57s, meas=0, tracks=6, valid=0, master=None
[LIVE] udp=0.0/s, objs=0.0/s, last_udp=3.57s, meas=0, tracks=6, valid=0, master=None
[LIVE] udp=0.0/s, objs=0.0/s, last_udp=4.58s, meas=0, tracks=6, valid=0, master=None
[LIVE] udp=0.0/s, objs=0.0/s, last_udp=5.58s, meas=0, tracks=6, valid=0, master=None
[GPS] GGA fix_quality=1, num_sats=25, hdop=0.6, lat=30.408121332666667, lon=104.08865479466667
[LIVE] udp=0.0/s, objs=0.0/s, last_udp=6.58s, meas=0, tracks=6, valid=0, master=None
[LIVE] udp=0.0/s, objs=0.0/s, last_udp=7.58s, meas=0, tracks=6, valid=0, master=None
[LIVE] udp=0.0/s, objs=0.0/s, last_udp=8.59s, meas=0, tracks=6, valid=0, master=None
[LIVE] udp=0.0/s, objs=0.0/s, last_udp=9.59s, meas=0, tracks=6, valid=0, master=None
[LIVE] udp=0.0/s, objs=0.0/s, last_udp=10.59s, meas=0, tracks=6, valid=0, master=None
[LIVE] udp=0.0/s, objs=0.0/s, last_udp=11.60s, meas=0, tracks=6, valid=0, master=None
[LIVE] udp=3.0/s, objs=3.0/s, last_udp=0.01s, meas=2, tracks=2, valid=0, master=None
[LIVE] udp=3.0/s, objs=3.0/s, last_udp=0.05s, meas=2, tracks=5, valid=0, master=None
[LIVE] udp=4.0/s, objs=4.0/s, last_udp=0.04s, meas=2, tracks=8, valid=0, master=None
[LIVE] udp=2.0/s, objs=2.0/s, last_udp=0.52s, meas=1, tracks=9, valid=0, master=None
[GPS] GGA fix_quality=1, num_sats=25, hdop=0.6, lat=30.408119975666665, lon=104.0886566805
[LIVE] udp=0.0/s, objs=0.0/s, last_udp=1.52s, meas=1, tracks=9, valid=0, master=None
[LIVE] udp=0.0/s, objs=0.0/s, last_udp=2.53s, meas=1, tracks=9, valid=0, master=None
[LIVE] udp=0.0/s, objs=0.0/s, last_udp=3.53s, meas=1, tracks=9, valid=0, master=None
[LIVE] udp=1.0/s, objs=1.0/s, last_udp=0.74s, meas=1, tracks=9, valid=0, master=None
[LIVE] udp=0.0/s, objs=0.0/s, last_udp=1.74s, meas=1, tracks=9, valid=0, master=None
[LIVE] udp=0.0/s, objs=0.0/s, last_udp=2.74s, meas=1, tracks=9, valid=0, master=None
[LIVE] udp=0.0/s, objs=0.0/s, last_udp=3.74s, meas=1, tracks=9, valid=0, master=None
[LIVE] udp=0.0/s, objs=0.0/s, last_udp=4.74s, meas=1, tracks=9, valid=0, master=None
[LIVE] udp=0.0/s, objs=0.0/s, last_udp=5.75s, meas=1, tracks=9, valid=0, master=None
[LIVE] udp=1.0/s, objs=1.0/s, last_udp=0.83s, meas=1, tracks=4, valid=0, master=None
[GPS] GGA fix_quality=1, num_sats=23, hdop=0.7, lat=30.408122463333335, lon=104.08865393033334
[LIVE] udp=1.0/s, objs=1.0/s, last_udp=0.96s, meas=1, tracks=3, valid=0, master=None
[LIVE] udp=1.0/s, objs=1.0/s, last_udp=0.23s, meas=1, tracks=3, valid=0, master=None
[LIVE] udp=1.0/s, objs=1.0/s, last_udp=0.31s, meas=1, tracks=4, valid=0, master=None
[LIVE] udp=1.0/s, objs=1.0/s, last_udp=0.51s, meas=1, tracks=5, valid=0, master=None
[LIVE] udp=0.0/s, objs=0.0/s, last_udp=1.51s, meas=1, tracks=5, valid=0, master=None
[LIVE] udp=1.0/s, objs=1.0/s, last_udp=0.36s, meas=1, tracks=5, valid=0, master=None
[LIVE] udp=3.0/s, objs=3.0/s, last_udp=0.13s, meas=1, tracks=5, valid=0, master=None
[LIVE] udp=0.0/s, objs=0.0/s, last_udp=1.13s, meas=1, tracks=6, valid=0, master=None
[LIVE] udp=0.0/s, objs=0.0/s, last_udp=2.14s, meas=1, tracks=6, valid=0, master=None
[LIVE] udp=1.0/s, objs=1.0/s, last_udp=0.36s, meas=1, tracks=6, valid=0, master=None
[GPS] GGA fix_quality=1, num_sats=25, hdop=0.6, lat=30.408123740666667, lon=104.088646089
[LIVE] udp=5.0/s, objs=5.0/s, last_udp=0.09s, meas=2, tracks=9, valid=0, master=None
[LIVE] udp=2.0/s, objs=2.0/s, last_udp=0.23s, meas=1, tracks=10, valid=0, master=None
[LIVE] udp=0.0/s, objs=0.0/s, last_udp=1.24s, meas=1, tracks=10, valid=0, master=None
[LIVE] udp=3.0/s, objs=3.0/s, last_udp=0.02s, meas=2, tracks=9, valid=0, master=None
[LIVE] udp=4.0/s, objs=4.0/s, last_udp=0.10s, meas=2, tracks=11, valid=0, master=None
[LIVE] udp=2.0/s, objs=2.0/s, last_udp=0.31s, meas=1, tracks=11, valid=0, master=None
[LIVE] udp=2.0/s, objs=2.0/s, last_udp=0.21s, meas=1, tracks=11, valid=0, master=None
[LIVE] udp=4.0/s, objs=4.0/s, last_udp=0.01s, meas=2, tracks=13, valid=0, master=None
[LIVE] udp=2.0/s, objs=2.0/s, last_udp=0.68s, meas=2, tracks=15, valid=0, master=None
[GPS] GGA fix_quality=1, num_sats=25, hdop=0.6, lat=30.4081235335, lon=104.08864892133333
[LIVE] udp=2.0/s, objs=2.0/s, last_udp=0.26s, meas=1, tracks=15, valid=0, master=None
[LIVE] udp=2.0/s, objs=2.0/s, last_udp=0.09s, meas=0, tracks=15, valid=0, master=None
[LIVE] udp=0.0/s, objs=0.0/s, last_udp=1.10s, meas=1, tracks=15, valid=0, master=None
[LIVE] udp=1.0/s, objs=2.0/s, last_udp=0.48s, meas=2, tracks=14, valid=0, master=None
[LIVE] udp=1.0/s, objs=1.0/s, last_udp=0.14s, meas=2, tracks=14, valid=0, master=None
[LIVE] udp=0.0/s, objs=0.0/s, last_udp=1.14s, meas=1, tracks=14, valid=0, master=None
[LIVE] udp=0.0/s, objs=0.0/s, last_udp=2.14s, meas=1, tracks=14, valid=0, master=None
[LIVE] udp=0.0/s, objs=0.0/s, last_udp=3.15s, meas=1, tracks=14, valid=0, master=None
[LIVE] udp=4.0/s, objs=4.0/s, last_udp=0.16s, meas=1, tracks=13, valid=0, master=None
[LIVE] udp=2.0/s, objs=3.0/s, last_udp=0.80s, meas=3, tracks=14, valid=0, master=None
[GPS] GGA fix_quality=1, num_sats=23, hdop=0.7, lat=30.408120952, lon=104.088648105
[LIVE] udp=0.0/s, objs=0.0/s, last_udp=1.80s, meas=3, tracks=14, valid=0, master=None
[LIVE] udp=0.0/s, objs=0.0/s, last_udp=2.80s, meas=3, tracks=14, valid=0, master=None
[LIVE] udp=0.0/s, objs=0.0/s, last_udp=3.80s, meas=3, tracks=14, valid=0, master=None
[LIVE] udp=0.0/s, objs=0.0/s, last_udp=4.81s, meas=3, tracks=14, valid=0, master=None
[LIVE] udp=0.0/s, objs=0.0/s, last_udp=5.81s, meas=3, tracks=14, valid=0, master=None
[LIVE] udp=0.0/s, objs=0.0/s, last_udp=6.82s, meas=3, tracks=14, valid=0, master=None
[LIVE] udp=1.0/s, objs=1.0/s, last_udp=0.27s, meas=1, tracks=5, valid=0, master=None
[LIVE] udp=3.0/s, objs=3.0/s, last_udp=0.17s, meas=2, tracks=6, valid=0, master=None
[LIVE] udp=3.0/s, objs=3.0/s, last_udp=0.11s, meas=1, tracks=8, valid=0, master=None
[LIVE] udp=7.0/s, objs=7.0/s, last_udp=0.16s, meas=3, tracks=13, valid=0, master=None
[GPS] GGA fix_quality=1, num_sats=24, hdop=0.7, lat=30.408119364166666, lon=104.08865386383333
[LIVE] udp=4.0/s, objs=4.0/s, last_udp=0.40s, meas=2, tracks=13, valid=0, master=None
[LIVE] udp=3.0/s, objs=3.0/s, last_udp=0.11s, meas=2, tracks=13, valid=0, master=None
[LIVE] udp=2.0/s, objs=2.0/s, last_udp=0.73s, meas=1, tracks=15, valid=0, master=None
[LIVE] udp=0.0/s, objs=0.0/s, last_udp=1.73s, meas=1, tracks=15, valid=0, master=None
[LIVE] udp=1.0/s, objs=1.0/s, last_udp=0.77s, meas=1, tracks=15, valid=0, master=None
[LIVE] udp=2.0/s, objs=2.0/s, last_udp=0.26s, meas=1, tracks=15, valid=0, master=None
[LIVE] udp=0.0/s, objs=0.0/s, last_udp=1.26s, meas=1, tracks=15, valid=0, master=None
[LIVE] udp=2.0/s, objs=2.0/s, last_udp=0.07s, meas=1, tracks=15, valid=0, master=None
[LIVE] udp=3.0/s, objs=3.0/s, last_udp=0.54s, meas=1, tracks=15, valid=0, master=None
[LIVE] udp=0.0/s, objs=0.0/s, last_udp=1.54s, meas=1, tracks=15, valid=0, master=None
[GPS] GGA fix_quality=1, num_sats=21, hdop=0.7, lat=30.4081180005, lon=104.08865259366667
[LIVE] udp=0.0/s, objs=0.0/s, last_udp=2.54s, meas=1, tracks=15, valid=0, master=None
[LIVE] udp=0.0/s, objs=0.0/s, last_udp=3.55s, meas=1, tracks=15, valid=0, master=None
[LIVE] udp=2.0/s, objs=2.0/s, last_udp=0.06s, meas=1, tracks=9, valid=0, master=None
[LIVE] udp=7.0/s, objs=7.0/s, last_udp=0.10s, meas=3, tracks=10, valid=0, master=None
[LIVE] udp=1.0/s, objs=1.0/s, last_udp=0.15s, meas=3, tracks=12, valid=0, master=None
[LIVE] udp=4.0/s, objs=4.0/s, last_udp=0.25s, meas=1, tracks=12, valid=0, master=None
[LIVE] udp=0.0/s, objs=0.0/s, last_udp=1.26s, meas=1, tracks=12, valid=0, master=None
[LIVE] udp=0.0/s, objs=0.0/s, last_udp=2.26s, meas=1, tracks=12, valid=0, master=None
[LIVE] udp=0.0/s, objs=0.0/s, last_udp=3.26s, meas=1, tracks=12, valid=0, master=None
[LIVE] udp=0.0/s, objs=0.0/s, last_udp=4.26s, meas=1, tracks=12, valid=0, master=None
[GPS] GGA fix_quality=1, num_sats=22, hdop=0.8, lat=30.408117263333335, lon=104.08864806466667
[LIVE] udp=0.0/s, objs=0.0/s, last_udp=5.26s, meas=1, tracks=12, valid=0, master=None
[LIVE] udp=0.0/s, objs=0.0/s, last_udp=6.26s, meas=1, tracks=12, valid=0, master=None
[LIVE] udp=0.0/s, objs=0.0/s, last_udp=7.27s, meas=1, tracks=12, valid=0, master=None
[LIVE] udp=0.0/s, objs=0.0/s, last_udp=8.27s, meas=1, tracks=12, valid=0, master=None
[LIVE] udp=4.0/s, objs=7.0/s, last_udp=0.08s, meas=1, tracks=9, valid=0, master=None
[LIVE] udp=2.0/s, objs=2.0/s, last_udp=0.81s, meas=2, tracks=9, valid=0, master=None
[LIVE] udp=0.0/s, objs=0.0/s, last_udp=1.81s, meas=2, tracks=9, valid=0, master=None
[LIVE] udp=0.0/s, objs=0.0/s, last_udp=2.82s, meas=2, tracks=9, valid=0, master=None
[LIVE] udp=0.0/s, objs=0.0/s, last_udp=3.82s, meas=2, tracks=9, valid=0, master=None
[LIVE] udp=1.0/s, objs=1.0/s, last_udp=0.03s, meas=2, tracks=9, valid=0, master=None
[GPS] GGA fix_quality=1, num_sats=16, hdop=0.9, lat=30.408117392166666, lon=104.0886455345
[LIVE] udp=1.0/s, objs=1.0/s, last_udp=0.50s, meas=1, tracks=10, valid=0, master=None
[LIVE] udp=1.0/s, objs=1.0/s, last_udp=0.48s, meas=1, tracks=10, valid=1, master=63
[LIVE] udp=1.0/s, objs=1.0/s, last_udp=0.19s, meas=1, tracks=10, valid=1, master=63
[LIVE] udp=0.0/s, objs=0.0/s, last_udp=1.19s, meas=1, tracks=10, valid=1, master=63
[LIVE] udp=4.0/s, objs=4.0/s, last_udp=0.00s, meas=2, tracks=10, valid=1, master=63
[LIVE] udp=4.0/s, objs=4.0/s, last_udp=0.01s, meas=2, tracks=11, valid=1, master=63
[LIVE] udp=7.0/s, objs=7.0/s, last_udp=0.14s, meas=1, tracks=7, valid=1, master=63
[LIVE] udp=6.0/s, objs=6.0/s, last_udp=0.08s, meas=3, tracks=11, valid=0, master=63
[LIVE] udp=1.0/s, objs=1.0/s, last_udp=0.29s, meas=1, tracks=11, valid=1, master=63
[LIVE] udp=0.0/s, objs=0.0/s, last_udp=1.29s, meas=1, tracks=11, valid=1, master=63
[GPS] GGA fix_quality=1, num_sats=20, hdop=0.7, lat=30.408120213666667, lon=104.08864082233333
[LIVE] udp=0.0/s, objs=0.0/s, last_udp=2.29s, meas=1, tracks=11, valid=1, master=63
[LIVE] udp=0.0/s, objs=0.0/s, last_udp=3.30s, meas=1, tracks=11, valid=1, master=63
[LIVE] udp=3.0/s, objs=3.0/s, last_udp=0.12s, meas=1, tracks=11, valid=0, master=63
[LIVE] udp=1.0/s, objs=1.0/s, last_udp=0.87s, meas=1, tracks=11, valid=0, master=63
[LIVE] udp=1.0/s, objs=1.0/s, last_udp=0.59s, meas=1, tracks=11, valid=0, master=63
[LIVE] udp=3.0/s, objs=3.0/s, last_udp=0.09s, meas=2, tracks=12, valid=1, master=63
[LIVE] udp=2.0/s, objs=2.0/s, last_udp=0.08s, meas=1, tracks=12, valid=1, master=63
[LIVE] udp=5.0/s, objs=5.0/s, last_udp=0.10s, meas=2, tracks=13, valid=0, master=63
[LIVE] udp=0.0/s, objs=0.0/s, last_udp=1.10s, meas=2, tracks=13, valid=0, master=63
[LIVE] udp=0.0/s, objs=0.0/s, last_udp=2.11s, meas=2, tracks=13, valid=0, master=63
[GPS] GGA fix_quality=1, num_sats=22, hdop=0.7, lat=30.40812253083333, lon=104.088640474
[LIVE] udp=0.0/s, objs=0.0/s, last_udp=3.11s, meas=2, tracks=13, valid=0, master=63
[LIVE] udp=0.0/s, objs=0.0/s, last_udp=4.11s, meas=2, tracks=13, valid=0, master=63
[LIVE] udp=2.0/s, objs=2.0/s, last_udp=0.13s, meas=1, tracks=9, valid=0, master=63
[LIVE] udp=5.0/s, objs=5.0/s, last_udp=0.02s, meas=1, tracks=13, valid=0, master=63
[LIVE] udp=0.0/s, objs=0.0/s, last_udp=1.02s, meas=1, tracks=13, valid=0, master=63
[LIVE] udp=2.0/s, objs=2.0/s, last_udp=0.64s, meas=2, tracks=13, valid=0, master=63
[LIVE] udp=5.0/s, objs=5.0/s, last_udp=0.03s, meas=1, tracks=15, valid=0, master=63
[LIVE] udp=2.0/s, objs=2.0/s, last_udp=0.34s, meas=1, tracks=17, valid=0, master=63
[LIVE] udp=1.0/s, objs=1.0/s, last_udp=0.96s, meas=1, tracks=18, valid=0, master=63
[LIVE] udp=2.0/s, objs=2.0/s, last_udp=0.04s, meas=1, tracks=15, valid=0, master=63
[GPS] GGA fix_quality=1, num_sats=21, hdop=0.7, lat=30.408124630166668, lon=104.0886392565
[LIVE] udp=2.0/s, objs=2.0/s, last_udp=0.35s, meas=1, tracks=16, valid=0, master=63
[LIVE] udp=0.0/s, objs=0.0/s, last_udp=1.35s, meas=1, tracks=16, valid=0, master=63
[LIVE] udp=0.0/s, objs=0.0/s, last_udp=2.36s, meas=1, tracks=16, valid=0, master=63
[LIVE] udp=0.0/s, objs=0.0/s, last_udp=3.36s, meas=1, tracks=16, valid=0, master=63
[LIVE] udp=2.0/s, objs=2.0/s, last_udp=0.30s, meas=2, tracks=15, valid=0, master=63
[LIVE] udp=3.0/s, objs=3.0/s, last_udp=0.73s, meas=2, tracks=16, valid=0, master=63
[LIVE] udp=2.0/s, objs=2.0/s, last_udp=0.21s, meas=1, tracks=13, valid=0, master=63
[LIVE] udp=2.0/s, objs=2.0/s, last_udp=0.03s, meas=1, tracks=13, valid=0, master=63
[LIVE] udp=3.0/s, objs=4.0/s, last_udp=0.76s, meas=1, tracks=15, valid=0, master=63
[LIVE] udp=0.0/s, objs=0.0/s, last_udp=1.76s, meas=1, tracks=15, valid=0, master=63
[GPS] GGA fix_quality=1, num_sats=20, hdop=0.7, lat=30.408122782166668, lon=104.088637036
[LIVE] udp=1.0/s, objs=1.0/s, last_udp=0.34s, meas=1, tracks=14, valid=0, master=63
[LIVE] udp=0.0/s, objs=0.0/s, last_udp=1.35s, meas=1, tracks=14, valid=0, master=63
[LIVE] udp=7.0/s, objs=7.0/s, last_udp=0.42s, meas=2, tracks=15, valid=0, master=63
[LIVE] udp=6.0/s, objs=6.0/s, last_udp=0.00s, meas=1, tracks=16, valid=0, master=95
[LIVE] udp=5.0/s, objs=5.0/s, last_udp=0.18s, meas=3, tracks=16, valid=1, master=95
[LIVE] udp=6.0/s, objs=6.0/s, last_udp=0.16s, meas=2, tracks=18, valid=0, master=78
[LIVE] udp=1.0/s, objs=1.0/s, last_udp=0.86s, meas=1, tracks=18, valid=0, master=78
[LIVE] udp=0.0/s, objs=0.0/s, last_udp=1.87s, meas=1, tracks=18, valid=0, master=78
[LIVE] udp=3.0/s, objs=3.0/s, last_udp=0.05s, meas=1, tracks=16, valid=0, master=78
[LIVE] udp=1.0/s, objs=1.0/s, last_udp=0.14s, meas=2, tracks=18, valid=0, master=78
[GPS] GGA fix_quality=1, num_sats=20, hdop=0.7, lat=30.408123208, lon=104.08863344316667
[LIVE] udp=6.0/s, objs=9.0/s, last_udp=0.02s, meas=2, tracks=16, valid=0, master=78
[LIVE] udp=5.0/s, objs=6.0/s, last_udp=0.27s, meas=3, tracks=17, valid=0, master=78
[LIVE] udp=6.0/s, objs=6.0/s, last_udp=0.09s, meas=2, tracks=20, valid=0, master=78
[LIVE] udp=0.0/s, objs=0.0/s, last_udp=1.09s, meas=1, tracks=21, valid=0, master=78
[LIVE] udp=0.0/s, objs=0.0/s, last_udp=2.09s, meas=1, tracks=21, valid=0, master=78
[LIVE] udp=2.0/s, objs=2.0/s, last_udp=0.55s, meas=1, tracks=22, valid=0, master=78
[LIVE] udp=0.0/s, objs=0.0/s, last_udp=1.55s, meas=1, tracks=22, valid=0, master=78
[LIVE] udp=2.0/s, objs=2.0/s, last_udp=0.42s, meas=2, tracks=17, valid=0, master=78
[LIVE] udp=3.0/s, objs=3.0/s, last_udp=0.12s, meas=1, tracks=18, valid=0, master=78
[LIVE] udp=0.0/s, objs=0.0/s, last_udp=1.12s, meas=2, tracks=18, valid=0, master=78
[GPS] GGA fix_quality=1, num_sats=19, hdop=0.8, lat=30.408123105166666, lon=104.08864009783333
[LIVE] udp=0.0/s, objs=0.0/s, last_udp=2.12s, meas=2, tracks=18, valid=0, master=78
[LIVE] udp=0.0/s, objs=0.0/s, last_udp=3.12s, meas=2, tracks=18, valid=0, master=78
[LIVE] udp=0.0/s, objs=0.0/s, last_udp=4.12s, meas=2, tracks=18, valid=0, master=78
[LIVE] udp=4.0/s, objs=4.0/s, last_udp=0.19s, meas=1, tracks=8, valid=0, master=78
[LIVE] udp=3.0/s, objs=3.0/s, last_udp=0.29s, meas=1, tracks=9, valid=0, master=78
[LIVE] udp=0.0/s, objs=0.0/s, last_udp=1.30s, meas=1, tracks=9, valid=0, master=78
[LIVE] udp=0.0/s, objs=0.0/s, last_udp=2.30s, meas=1, tracks=9, valid=0, master=78
[LIVE] udp=0.0/s, objs=0.0/s, last_udp=3.30s, meas=1, tracks=9, valid=0, master=78
[LIVE] udp=1.0/s, objs=1.0/s, last_udp=0.32s, meas=1, tracks=7, valid=0, master=78
[LIVE] udp=2.0/s, objs=2.0/s, last_udp=0.32s, meas=1, tracks=7, valid=1, master=112
[GPS] GGA fix_quality=1, num_sats=20, hdop=0.7, lat=30.408121764166665, lon=104.08864213283333
[LIVE] udp=0.0/s, objs=0.0/s, last_udp=1.33s, meas=1, tracks=7, valid=1, master=112
[LIVE] udp=2.0/s, objs=2.0/s, last_udp=0.06s, meas=1, tracks=6, valid=0, master=112
[LIVE] udp=1.0/s, objs=1.0/s, last_udp=0.72s, meas=1, tracks=8, valid=0, master=112
[LIVE] udp=3.0/s, objs=3.0/s, last_udp=0.28s, meas=1, tracks=9, valid=1, master=116
[LIVE] udp=4.0/s, objs=5.0/s, last_udp=0.29s, meas=4, tracks=12, valid=0, master=116
[LIVE] udp=8.0/s, objs=8.0/s, last_udp=0.24s, meas=1, tracks=14, valid=0, master=118
[LIVE] udp=2.0/s, objs=2.0/s, last_udp=0.01s, meas=1, tracks=14, valid=0, master=118
[LIVE] udp=0.0/s, objs=0.0/s, last_udp=1.01s, meas=1, tracks=15, valid=0, master=118
[LIVE] udp=0.0/s, objs=0.0/s, last_udp=2.01s, meas=1, tracks=15, valid=0, master=118
[LIVE] udp=2.0/s, objs=3.0/s, last_udp=0.32s, meas=2, tracks=15, valid=0, master=118
[GPS] GGA fix_quality=1, num_sats=22, hdop=0.7, lat=30.4081233955, lon=104.08864027016666
[LIVE] udp=1.0/s, objs=1.0/s, last_udp=0.16s, meas=2, tracks=15, valid=0, master=118
[LIVE] udp=3.0/s, objs=3.0/s, last_udp=0.31s, meas=1, tracks=16, valid=0, master=118
[LIVE] udp=2.0/s, objs=2.0/s, last_udp=0.57s, meas=1, tracks=17, valid=0, master=118
[LIVE] udp=2.0/s, objs=2.0/s, last_udp=0.42s, meas=1, tracks=17, valid=0, master=118
[LIVE] udp=0.0/s, objs=0.0/s, last_udp=1.42s, meas=1, tracks=17, valid=0, master=118
[LIVE] udp=3.0/s, objs=3.0/s, last_udp=0.30s, meas=2, tracks=17, valid=0, master=118
[LIVE] udp=0.0/s, objs=0.0/s, last_udp=1.31s, meas=2, tracks=17, valid=0, master=118
[LIVE] udp=0.0/s, objs=0.0/s, last_udp=2.31s, meas=2, tracks=17, valid=0, master=118
[LIVE] udp=0.0/s, objs=0.0/s, last_udp=3.32s, meas=2, tracks=17, valid=0, master=118
[LIVE] udp=0.0/s, objs=0.0/s, last_udp=4.32s, meas=2, tracks=17, valid=0, master=118
[GPS] GGA fix_quality=1, num_sats=22, hdop=0.7, lat=30.408125035333335, lon=104.088639938
[LIVE] udp=0.0/s, objs=0.0/s, last_udp=5.32s, meas=2, tracks=17, valid=0, master=118
[LIVE] udp=0.0/s, objs=0.0/s, last_udp=6.32s, meas=2, tracks=17, valid=0, master=118
[LIVE] udp=0.0/s, objs=0.0/s, last_udp=7.32s, meas=2, tracks=17, valid=0, master=118
[LIVE] udp=0.0/s, objs=0.0/s, last_udp=8.33s, meas=2, tracks=17, valid=0, master=118
[LIVE] udp=0.0/s, objs=0.0/s, last_udp=9.33s, meas=2, tracks=17, valid=0, master=118
[LIVE] udp=2.0/s, objs=2.0/s, last_udp=0.31s, meas=2, tracks=2, valid=0, master=118
[LIVE] udp=0.0/s, objs=0.0/s, last_udp=1.31s, meas=2, tracks=2, valid=0, master=118
[LIVE] udp=3.0/s, objs=3.0/s, last_udp=0.43s, meas=1, tracks=4, valid=0, master=118
[LIVE] udp=0.0/s, objs=0.0/s, last_udp=1.43s, meas=1, tracks=4, valid=0, master=118
[LIVE] udp=1.0/s, objs=1.0/s, last_udp=0.01s, meas=1, tracks=4, valid=0, master=118
[GPS] GGA fix_quality=1, num_sats=19, hdop=0.8, lat=30.408125358333333, lon=104.08864046733333
[LIVE] udp=4.0/s, objs=4.0/s, last_udp=0.37s, meas=1, tracks=8, valid=0, master=118
[LIVE] udp=2.0/s, objs=2.0/s, last_udp=0.22s, meas=2, tracks=9, valid=0, master=118
[LIVE] udp=1.0/s, objs=1.0/s, last_udp=0.12s, meas=2, tracks=9, valid=0, master=118
[LIVE] udp=0.0/s, objs=0.0/s, last_udp=1.12s, meas=0, tracks=9, valid=0, master=118
[LIVE] udp=4.0/s, objs=4.0/s, last_udp=0.21s, meas=2, tracks=11, valid=0, master=118
[LIVE] udp=1.0/s, objs=1.0/s, last_udp=0.98s, meas=1, tracks=12, valid=0, master=118
[LIVE] udp=1.0/s, objs=1.0/s, last_udp=0.32s, meas=1, tracks=12, valid=0, master=118
[LIVE] udp=0.0/s, objs=0.0/s, last_udp=1.33s, meas=1, tracks=12, valid=0, master=118
[LIVE] udp=0.0/s, objs=0.0/s, last_udp=2.33s, meas=1, tracks=12, valid=0, master=118
[LIVE] udp=1.0/s, objs=1.0/s, last_udp=0.44s, meas=1, tracks=10, valid=0, master=118
[GPS] GGA fix_quality=1, num_sats=21, hdop=0.7, lat=30.408125768, lon=104.0886405235
[LIVE] udp=2.0/s, objs=2.0/s, last_udp=0.20s, meas=1, tracks=10, valid=1, master=135
[LIVE] udp=2.0/s, objs=2.0/s, last_udp=0.47s, meas=1, tracks=9, valid=0, master=135
[LIVE] udp=2.0/s, objs=2.0/s, last_udp=0.50s, meas=1, tracks=10, valid=0, master=135
[LIVE] udp=0.0/s, objs=0.0/s, last_udp=1.50s, meas=1, tracks=10, valid=0, master=135
[LIVE] udp=0.0/s, objs=0.0/s, last_udp=2.51s, meas=1, tracks=10, valid=0, master=135
[LIVE] udp=1.0/s, objs=1.0/s, last_udp=0.78s, meas=1, tracks=7, valid=0, master=135
[LIVE] udp=0.0/s, objs=0.0/s, last_udp=1.78s, meas=1, tracks=7, valid=0, master=135
[LIVE] udp=2.0/s, objs=2.0/s, last_udp=0.51s, meas=1, tracks=4, valid=0, master=135
[LIVE] udp=1.0/s, objs=1.0/s, last_udp=0.07s, meas=1, tracks=4, valid=0, master=135
[LIVE] udp=1.0/s, objs=1.0/s, last_udp=0.83s, meas=1, tracks=5, valid=0, master=135
[GPS] GGA fix_quality=1, num_sats=22, hdop=0.7, lat=30.40812586033333, lon=104.08864063916667
[LIVE] udp=0.0/s, objs=0.0/s, last_udp=1.83s, meas=1, tracks=5, valid=0, master=135
[LIVE] udp=0.0/s, objs=0.0/s, last_udp=2.83s, meas=1, tracks=5, valid=0, master=135
[LIVE] udp=0.0/s, objs=0.0/s, last_udp=3.83s, meas=1, tracks=5, valid=0, master=135
[LIVE] udp=3.0/s, objs=3.0/s, last_udp=0.31s, meas=1, tracks=4, valid=0, master=135
[LIVE] udp=0.0/s, objs=0.0/s, last_udp=1.31s, meas=1, tracks=4, valid=0, master=135
[LIVE] udp=0.0/s, objs=0.0/s, last_udp=2.32s, meas=1, tracks=4, valid=0, master=135
[LIVE] udp=0.0/s, objs=0.0/s, last_udp=3.32s, meas=1, tracks=4, valid=0, master=135
[LIVE] udp=4.0/s, objs=6.0/s, last_udp=0.03s, meas=3, tracks=4, valid=0, master=135
[LIVE] udp=5.0/s, objs=5.0/s, last_udp=0.13s, meas=2, tracks=7, valid=0, master=135
[LIVE] udp=5.0/s, objs=8.0/s, last_udp=0.01s, meas=1, tracks=9, valid=0, master=145
[GPS] GGA fix_quality=1, num_sats=20, hdop=0.7, lat=30.4081257335, lon=104.08864049316666
[LIVE] udp=0.0/s, objs=0.0/s, last_udp=1.01s, meas=1, tracks=10, valid=0, master=145
[LIVE] udp=0.0/s, objs=0.0/s, last_udp=2.02s, meas=1, tracks=10, valid=0, master=145
[LIVE] udp=0.0/s, objs=0.0/s, last_udp=3.02s, meas=1, tracks=10, valid=0, master=145
[LIVE] udp=5.0/s, objs=5.0/s, last_udp=0.03s, meas=3, tracks=11, valid=0, master=145
[LIVE] udp=6.0/s, objs=6.0/s, last_udp=0.07s, meas=3, tracks=15, valid=0, master=145
[LIVE] udp=2.0/s, objs=2.0/s, last_udp=0.22s, meas=2, tracks=16, valid=0, master=145
[LIVE] udp=4.0/s, objs=4.0/s, last_udp=0.16s, meas=2, tracks=18, valid=0, master=145
[LIVE] udp=3.0/s, objs=3.0/s, last_udp=0.53s, meas=1, tracks=19, valid=0, master=145
[LIVE] udp=4.0/s, objs=4.0/s, last_udp=0.14s, meas=2, tracks=19, valid=0, master=145
[LIVE] udp=3.0/s, objs=3.0/s, last_udp=0.21s, meas=1, tracks=18, valid=0, master=145
[GPS] GGA fix_quality=1, num_sats=22, hdop=0.7, lat=30.408125470833333, lon=104.088641327
[LIVE] udp=3.0/s, objs=3.0/s, last_udp=0.12s, meas=2, tracks=19, valid=0, master=145
[LIVE] udp=5.0/s, objs=5.0/s, last_udp=0.05s, meas=2, tracks=19, valid=1, master=159
[LIVE] udp=4.0/s, objs=4.0/s, last_udp=0.27s, meas=2, tracks=20, valid=0, master=152
[LIVE] udp=4.0/s, objs=4.0/s, last_udp=0.32s, meas=1, tracks=22, valid=0, master=152
[LIVE] udp=2.0/s, objs=2.0/s, last_udp=0.21s, meas=2, tracks=22, valid=0, master=152
[LIVE] udp=5.0/s, objs=5.0/s, last_udp=0.15s, meas=1, tracks=22, valid=0, master=152
[LIVE] udp=0.0/s, objs=0.0/s, last_udp=1.16s, meas=1, tracks=21, valid=0, master=152
[LIVE] udp=1.0/s, objs=1.0/s, last_udp=0.37s, meas=1, tracks=17, valid=0, master=152
[LIVE] udp=0.0/s, objs=0.0/s, last_udp=1.37s, meas=1, tracks=17, valid=0, master=152
[LIVE] udp=0.0/s, objs=0.0/s, last_udp=2.38s, meas=1, tracks=17, valid=0, master=152
[GPS] GGA fix_quality=1, num_sats=20, hdop=0.8, lat=30.408125224333332, lon=104.0886416065
[LIVE] udp=0.0/s, objs=0.0/s, last_udp=3.38s, meas=1, tracks=17, valid=0, master=152
[LIVE] udp=0.0/s, objs=0.0/s, last_udp=4.38s, meas=1, tracks=17, valid=0, master=152
[LIVE] udp=4.0/s, objs=5.0/s, last_udp=0.42s, meas=2, tracks=8, valid=0, master=152
[LIVE] udp=2.0/s, objs=2.0/s, last_udp=0.56s, meas=1, tracks=7, valid=0, master=152
[LIVE] udp=0.0/s, objs=0.0/s, last_udp=1.56s, meas=1, tracks=7, valid=0, master=152
[LIVE] udp=1.0/s, objs=1.0/s, last_udp=0.80s, meas=0, tracks=6, valid=0, master=152
[LIVE] udp=0.0/s, objs=0.0/s, last_udp=1.80s, meas=0, tracks=6, valid=0, master=152
[LIVE] udp=0.0/s, objs=0.0/s, last_udp=2.80s, meas=0, tracks=6, valid=0, master=152
[LIVE] udp=0.0/s, objs=0.0/s, last_udp=3.81s, meas=0, tracks=6, valid=0, master=152
[LIVE] udp=1.0/s, objs=1.0/s, last_udp=0.95s, meas=1, tracks=5, valid=0, master=152
[GPS] GGA fix_quality=1, num_sats=20, hdop=0.7, lat=30.408125142666666, lon=104.08864223833334
[LIVE] udp=0.0/s, objs=0.0/s, last_udp=1.95s, meas=1, tracks=5, valid=0, master=152
[LIVE] udp=0.0/s, objs=0.0/s, last_udp=2.95s, meas=1, tracks=5, valid=0, master=152
[LIVE] udp=0.0/s, objs=0.0/s, last_udp=3.95s, meas=1, tracks=5, valid=0, master=152
[LIVE] udp=5.0/s, objs=5.0/s, last_udp=0.63s, meas=2, tracks=6, valid=0, master=152
[LIVE] udp=0.0/s, objs=0.0/s, last_udp=1.64s, meas=2, tracks=6, valid=0, master=152
[LIVE] udp=0.0/s, objs=0.0/s, last_udp=2.64s, meas=2, tracks=6, valid=0, master=152
[LIVE] udp=0.0/s, objs=0.0/s, last_udp=3.64s, meas=2, tracks=6, valid=0, master=152
[LIVE] udp=0.0/s, objs=0.0/s, last_udp=4.64s, meas=2, tracks=6, valid=0, master=152
[LIVE] udp=0.0/s, objs=0.0/s, last_udp=5.64s, meas=2, tracks=6, valid=0, master=152
[LIVE] udp=0.0/s, objs=0.0/s, last_udp=6.64s, meas=2, tracks=6, valid=0, master=152
[GPS] GGA fix_quality=1, num_sats=21, hdop=0.7, lat=30.408125172833333, lon=104.08864266766666
[LIVE] udp=0.0/s, objs=0.0/s, last_udp=7.65s, meas=2, tracks=6, valid=0, master=152
[LIVE] udp=0.0/s, objs=0.0/s, last_udp=8.65s, meas=2, tracks=6, valid=0, master=152
[LIVE] udp=0.0/s, objs=0.0/s, last_udp=9.66s, meas=2, tracks=6, valid=0, master=152
[LIVE] udp=4.0/s, objs=4.0/s, last_udp=0.04s, meas=1, tracks=3, valid=0, master=152
[LIVE] udp=3.0/s, objs=3.0/s, last_udp=0.28s, meas=1, tracks=6, valid=0, master=152
[LIVE] udp=2.0/s, objs=2.0/s, last_udp=0.08s, meas=1, tracks=7, valid=0, master=152
[LIVE] udp=0.0/s, objs=0.0/s, last_udp=1.08s, meas=1, tracks=8, valid=0, master=152
[LIVE] udp=0.0/s, objs=0.0/s, last_udp=2.09s, meas=1, tracks=8, valid=0, master=152
[LIVE] udp=0.0/s, objs=0.0/s, last_udp=3.09s, meas=1, tracks=8, valid=0, master=152
[LIVE] udp=1.0/s, objs=1.0/s, last_udp=0.95s, meas=1, tracks=8, valid=0, master=152
[GPS] GGA fix_quality=1, num_sats=20, hdop=0.7, lat=30.408125313333333, lon=104.0886425365
[LIVE] udp=7.0/s, objs=7.0/s, last_udp=0.04s, meas=2, tracks=10, valid=0, master=152
[LIVE] udp=2.0/s, objs=5.0/s, last_udp=0.55s, meas=4, tracks=13, valid=1, master=175
[LIVE] udp=0.0/s, objs=0.0/s, last_udp=1.55s, meas=4, tracks=13, valid=1, master=175
[LIVE] udp=0.0/s, objs=0.0/s, last_udp=2.56s, meas=4, tracks=13, valid=1, master=175
[LIVE] udp=1.0/s, objs=1.0/s, last_udp=0.83s, meas=1, tracks=13, valid=0, master=175
[LIVE] udp=3.0/s, objs=4.0/s, last_udp=0.36s, meas=1, tracks=10, valid=0, master=175
[LIVE] udp=3.0/s, objs=3.0/s, last_udp=0.20s, meas=1, tracks=11, valid=0, master=175
[LIVE] udp=2.0/s, objs=2.0/s, last_udp=0.35s, meas=1, tracks=12, valid=0, master=175
[LIVE] udp=1.0/s, objs=1.0/s, last_udp=0.37s, meas=1, tracks=12, valid=1, master=181
[LIVE] udp=1.0/s, objs=1.0/s, last_udp=0.91s, meas=1, tracks=12, valid=0, master=181
[GPS] GGA fix_quality=1, num_sats=21, hdop=0.7, lat=30.408125548833333, lon=104.08864248966667
[LIVE] udp=0.0/s, objs=0.0/s, last_udp=1.91s, meas=1, tracks=12, valid=0, master=181
[LIVE] udp=1.0/s, objs=1.0/s, last_udp=0.08s, meas=1, tracks=12, valid=0, master=181
[LIVE] udp=2.0/s, objs=2.0/s, last_udp=0.08s, meas=1, tracks=9, valid=0, master=181
[LIVE] udp=0.0/s, objs=0.0/s, last_udp=1.08s, meas=1, tracks=9, valid=0, master=181
[LIVE] udp=0.0/s, objs=0.0/s, last_udp=2.08s, meas=1, tracks=9, valid=0, master=181
[LIVE] udp=0.0/s, objs=0.0/s, last_udp=3.09s, meas=1, tracks=9, valid=0, master=181
[LIVE] udp=2.0/s, objs=2.0/s, last_udp=0.51s, meas=1, tracks=8, valid=0, master=181
[LIVE] udp=0.0/s, objs=0.0/s, last_udp=1.51s, meas=1, tracks=8, valid=0, master=181
[LIVE] udp=1.0/s, objs=1.0/s, last_udp=0.33s, meas=1, tracks=6, valid=0, master=181
[LIVE] udp=2.0/s, objs=2.0/s, last_udp=0.32s, meas=1, tracks=6, valid=0, master=181
[GPS] GGA fix_quality=1, num_sats=20, hdop=0.7, lat=30.408125903, lon=104.08864200616667
[LIVE] udp=8.0/s, objs=8.0/s, last_udp=0.04s, meas=2, tracks=7, valid=0, master=181
[LIVE] udp=3.0/s, objs=3.0/s, last_udp=0.55s, meas=0, tracks=11, valid=0, master=181
[LIVE] udp=0.0/s, objs=0.0/s, last_udp=1.56s, meas=0, tracks=11, valid=0, master=181
[LIVE] udp=0.0/s, objs=0.0/s, last_udp=2.56s, meas=0, tracks=11, valid=0, master=181
[LIVE] udp=2.0/s, objs=3.0/s, last_udp=0.31s, meas=1, tracks=11, valid=0, master=181
[LIVE] udp=4.0/s, objs=4.0/s, last_udp=0.07s, meas=1, tracks=11, valid=0, master=181
[LIVE] udp=5.0/s, objs=5.0/s, last_udp=0.07s, meas=1, tracks=13, valid=0, master=181
[LIVE] udp=4.0/s, objs=4.0/s, last_udp=0.02s, meas=2, tracks=15, valid=0, master=192
[LIVE] udp=3.0/s, objs=3.0/s, last_udp=0.21s, meas=2, tracks=18, valid=0, master=192
[LIVE] udp=8.0/s, objs=8.0/s, last_udp=0.14s, meas=3, tracks=19, valid=0, master=192
[GPS] GGA fix_quality=1, num_sats=21, hdop=0.7, lat=30.408126107666668, lon=104.0886419455
[LIVE] udp=3.0/s, objs=3.0/s, last_udp=0.16s, meas=2, tracks=21, valid=0, master=192
[LIVE] udp=0.0/s, objs=0.0/s, last_udp=1.16s, meas=2, tracks=21, valid=0, master=192
[LIVE] udp=0.0/s, objs=0.0/s, last_udp=2.16s, meas=2, tracks=21, valid=0, master=192
[LIVE] udp=0.0/s, objs=0.0/s, last_udp=3.16s, meas=2, tracks=21, valid=0, master=192
[LIVE] udp=2.0/s, objs=2.0/s, last_udp=0.46s, meas=2, tracks=18, valid=0, master=192
[LIVE] udp=4.0/s, objs=4.0/s, last_udp=0.24s, meas=2, tracks=19, valid=0, master=192
[LIVE] udp=3.0/s, objs=4.0/s, last_udp=0.33s, meas=2, tracks=20, valid=0, master=192
[LIVE] udp=1.0/s, objs=1.0/s, last_udp=0.26s, meas=1, tracks=19, valid=0, master=192
[LIVE] udp=4.0/s, objs=4.0/s, last_udp=0.47s, meas=1, tracks=20, valid=1, master=183
[LIVE] udp=5.0/s, objs=5.0/s, last_udp=0.10s, meas=1, tracks=19, valid=1, master=183
[GPS] GGA fix_quality=1, num_sats=20, hdop=0.7, lat=30.408126037166667, lon=104.08864212616666
[LIVE] udp=0.0/s, objs=0.0/s, last_udp=1.10s, meas=0, tracks=19, valid=0, master=183
[LIVE] udp=2.0/s, objs=2.0/s, last_udp=0.19s, meas=1, tracks=13, valid=1, master=183
[LIVE] udp=1.0/s, objs=1.0/s, last_udp=0.82s, meas=1, tracks=12, valid=1, master=183
[LIVE] udp=1.0/s, objs=1.0/s, last_udp=0.09s, meas=1, tracks=12, valid=1, master=183
[LIVE] udp=5.0/s, objs=5.0/s, last_udp=0.10s, meas=2, tracks=12, valid=1, master=183
[LIVE] udp=2.0/s, objs=2.0/s, last_udp=0.91s, meas=2, tracks=13, valid=0, master=183
[LIVE] udp=1.0/s, objs=1.0/s, last_udp=0.27s, meas=1, tracks=11, valid=0, master=183
[LIVE] udp=1.0/s, objs=1.0/s, last_udp=0.83s, meas=1, tracks=10, valid=0, master=183
[LIVE] udp=2.0/s, objs=2.0/s, last_udp=0.07s, meas=2, tracks=10, valid=0, master=183
[LIVE] udp=5.0/s, objs=5.0/s, last_udp=0.22s, meas=2, tracks=13, valid=0, master=183
[GPS] GGA fix_quality=1, num_sats=20, hdop=0.7, lat=30.408125929333334, lon=104.088641865
[LIVE] udp=0.0/s, objs=0.0/s, last_udp=1.22s, meas=2, tracks=13, valid=0, master=183
[LIVE] udp=0.0/s, objs=0.0/s, last_udp=2.22s, meas=2, tracks=13, valid=0, master=183
[LIVE] udp=0.0/s, objs=0.0/s, last_udp=3.23s, meas=2, tracks=13, valid=0, master=183
[LIVE] udp=0.0/s, objs=0.0/s, last_udp=4.23s, meas=2, tracks=13, valid=0, master=183
[LIVE] udp=1.0/s, objs=1.0/s, last_udp=0.52s, meas=1, tracks=12, valid=0, master=183
[LIVE] udp=5.0/s, objs=5.0/s, last_udp=0.06s, meas=3, tracks=12, valid=0, master=183
[LIVE] udp=2.0/s, objs=2.0/s, last_udp=0.13s, meas=1, tracks=13, valid=0, master=183
[LIVE] udp=0.0/s, objs=0.0/s, last_udp=1.14s, meas=1, tracks=13, valid=0, master=183
[LIVE] udp=3.0/s, objs=3.0/s, last_udp=0.05s, meas=1, tracks=13, valid=0, master=183
[LIVE] udp=1.0/s, objs=1.0/s, last_udp=0.54s, meas=1, tracks=15, valid=0, master=183
[GPS] GGA fix_quality=1, num_sats=22, hdop=0.7, lat=30.408125840666667, lon=104.08864392183334
[LIVE] udp=2.0/s, objs=2.0/s, last_udp=0.41s, meas=1, tracks=11, valid=0, master=183
[LIVE] udp=0.0/s, objs=0.0/s, last_udp=1.41s, meas=1, tracks=11, valid=0, master=183
[LIVE] udp=0.0/s, objs=0.0/s, last_udp=2.41s, meas=1, tracks=11, valid=0, master=183
[LIVE] udp=0.0/s, objs=0.0/s, last_udp=3.41s, meas=1, tracks=11, valid=0, master=183
[LIVE] udp=0.0/s, objs=0.0/s, last_udp=4.41s, meas=1, tracks=11, valid=0, master=183
[LIVE] udp=0.0/s, objs=0.0/s, last_udp=5.42s, meas=1, tracks=11, valid=0, master=183
[LIVE] udp=0.0/s, objs=0.0/s, last_udp=6.42s, meas=1, tracks=11, valid=0, master=183
[LIVE] udp=0.0/s, objs=0.0/s, last_udp=7.42s, meas=1, tracks=11, valid=0, master=183
[LIVE] udp=0.0/s, objs=0.0/s, last_udp=8.43s, meas=1, tracks=11, valid=0, master=183
[LIVE] udp=0.0/s, objs=0.0/s, last_udp=9.43s, meas=1, tracks=11, valid=0, master=183
[GPS] GGA fix_quality=1, num_sats=21, hdop=0.7, lat=30.408126941666666, lon=104.0886374955
[LIVE] udp=3.0/s, objs=3.0/s, last_udp=0.18s, meas=1, tracks=2, valid=0, master=210
[LIVE] udp=3.0/s, objs=3.0/s, last_udp=0.01s, meas=0, tracks=3, valid=0, master=210
[LIVE] udp=0.0/s, objs=0.0/s, last_udp=1.01s, meas=1, tracks=4, valid=0, master=210
[LIVE] udp=3.0/s, objs=4.0/s, last_udp=0.08s, meas=1, tracks=5, valid=0, master=210
[LIVE] udp=1.0/s, objs=1.0/s, last_udp=0.97s, meas=3, tracks=7, valid=0, master=210
[LIVE] udp=2.0/s, objs=2.0/s, last_udp=0.08s, meas=1, tracks=8, valid=0, master=210
[LIVE] udp=1.0/s, objs=1.0/s, last_udp=0.88s, meas=2, tracks=10, valid=0, master=210
[LIVE] udp=0.0/s, objs=0.0/s, last_udp=1.89s, meas=2, tracks=10, valid=0, master=210
[LIVE] udp=5.0/s, objs=6.0/s, last_udp=0.15s, meas=3, tracks=11, valid=0, master=210
[LIVE] udp=2.0/s, objs=3.0/s, last_udp=0.30s, meas=1, tracks=13, valid=1, master=227
[GPS] GGA fix_quality=1, num_sats=21, hdop=0.7, lat=30.4081285835, lon=104.08863078966667
[LIVE] udp=4.0/s, objs=4.0/s, last_udp=0.55s, meas=1, tracks=13, valid=0, master=227
[LIVE] udp=0.0/s, objs=0.0/s, last_udp=1.55s, meas=1, tracks=13, valid=0, master=227
[LIVE] udp=0.0/s, objs=0.0/s, last_udp=2.56s, meas=1, tracks=13, valid=0, master=227
[LIVE] udp=1.0/s, objs=1.0/s, last_udp=0.45s, meas=1, tracks=13, valid=0, master=227
[LIVE] udp=3.0/s, objs=3.0/s, last_udp=0.00s, meas=1, tracks=13, valid=0, master=227
[LIVE] udp=1.0/s, objs=1.0/s, last_udp=0.68s, meas=1, tracks=10, valid=0, master=227
[LIVE] udp=0.0/s, objs=0.0/s, last_udp=1.69s, meas=1, tracks=10, valid=0, master=227
[LIVE] udp=0.0/s, objs=0.0/s, last_udp=2.69s, meas=1, tracks=10, valid=0, master=227
[LIVE] udp=0.0/s, objs=0.0/s, last_udp=3.69s, meas=1, tracks=10, valid=0, master=227
[LIVE] udp=3.0/s, objs=3.0/s, last_udp=0.04s, meas=2, tracks=10, valid=0, master=227
[GPS] GGA fix_quality=1, num_sats=21, hdop=0.7, lat=30.4081224005, lon=104.08862838983333
[LIVE] udp=0.0/s, objs=0.0/s, last_udp=1.05s, meas=1, tracks=9, valid=0, master=227
[LIVE] udp=0.0/s, objs=0.0/s, last_udp=2.05s, meas=1, tracks=9, valid=0, master=227
[LIVE] udp=0.0/s, objs=0.0/s, last_udp=3.05s, meas=1, tracks=9, valid=0, master=227
[LIVE] udp=0.0/s, objs=0.0/s, last_udp=4.06s, meas=1, tracks=9, valid=0, master=227
[LIVE] udp=0.0/s, objs=0.0/s, last_udp=5.06s, meas=1, tracks=9, valid=0, master=227
[LIVE] udp=0.0/s, objs=0.0/s, last_udp=6.06s, meas=1, tracks=9, valid=0, master=227
[LIVE] udp=0.0/s, objs=0.0/s, last_udp=7.06s, meas=1, tracks=9, valid=0, master=227
[LIVE] udp=1.0/s, objs=1.0/s, last_udp=0.01s, meas=1, tracks=9, valid=0, master=227
[LIVE] udp=2.0/s, objs=2.0/s, last_udp=0.27s, meas=1, tracks=3, valid=0, master=226
[LIVE] udp=0.0/s, objs=0.0/s, last_udp=1.28s, meas=1, tracks=3, valid=0, master=226
[GPS] GGA fix_quality=1, num_sats=21, hdop=0.7, lat=30.40812300216667, lon=104.08863709083333
[LIVE] udp=2.0/s, objs=3.0/s, last_udp=0.42s, meas=2, tracks=5, valid=0, master=226
[LIVE] udp=4.0/s, objs=4.0/s, last_udp=0.03s, meas=2, tracks=8, valid=0, master=226
[LIVE] udp=1.0/s, objs=1.0/s, last_udp=0.82s, meas=0, tracks=9, valid=0, master=226
[LIVE] udp=1.0/s, objs=1.0/s, last_udp=0.33s, meas=1, tracks=9, valid=0, master=226
[LIVE] udp=5.0/s, objs=5.0/s, last_udp=0.01s, meas=1, tracks=11, valid=0, master=226
[LIVE] udp=4.0/s, objs=4.0/s, last_udp=0.22s, meas=1, tracks=13, valid=0, master=238
[LIVE] udp=1.0/s, objs=1.0/s, last_udp=0.22s, meas=1, tracks=13, valid=0, master=238
[LIVE] udp=6.0/s, objs=6.0/s, last_udp=0.18s, meas=2, tracks=17, valid=0, master=238
[LIVE] udp=0.0/s, objs=0.0/s, last_udp=1.18s, meas=2, tracks=17, valid=0, master=238
[LIVE] udp=0.0/s, objs=0.0/s, last_udp=2.18s, meas=2, tracks=17, valid=0, master=238
[GPS] GGA fix_quality=1, num_sats=21, hdop=0.7, lat=30.4081227225, lon=104.08863813283334
[LIVE] udp=2.0/s, objs=2.0/s, last_udp=0.40s, meas=1, tracks=15, valid=0, master=238
[LIVE] udp=1.0/s, objs=1.0/s, last_udp=0.49s, meas=1, tracks=15, valid=1, master=230
[LIVE] udp=0.0/s, objs=0.0/s, last_udp=1.49s, meas=1, tracks=15, valid=1, master=230
[LIVE] udp=2.0/s, objs=5.0/s, last_udp=0.24s, meas=2, tracks=15, valid=0, master=230
[LIVE] udp=1.0/s, objs=1.0/s, last_udp=0.54s, meas=1, tracks=16, valid=0, master=230
[LIVE] udp=0.0/s, objs=0.0/s, last_udp=1.55s, meas=1, tracks=16, valid=0, master=230
[LIVE] udp=3.0/s, objs=3.0/s, last_udp=0.06s, meas=2, tracks=13, valid=0, master=230
[LIVE] udp=3.0/s, objs=3.0/s, last_udp=0.34s, meas=1, tracks=11, valid=0, master=230
[LIVE] udp=0.0/s, objs=0.0/s, last_udp=1.34s, meas=1, tracks=11, valid=0, master=230
[LIVE] udp=0.0/s, objs=0.0/s, last_udp=2.34s, meas=1, tracks=11, valid=0, master=230
[GPS] GGA fix_quality=1, num_sats=23, hdop=0.6, lat=30.408123017333335, lon=104.0886347955
[LIVE] udp=0.0/s, objs=0.0/s, last_udp=3.35s, meas=1, tracks=11, valid=0, master=230
[LIVE] udp=0.0/s, objs=0.0/s, last_udp=4.35s, meas=1, tracks=11, valid=0, master=230
[LIVE] udp=7.0/s, objs=10.0/s, last_udp=0.23s, meas=2, tracks=13, valid=0, master=230
[LIVE] udp=3.0/s, objs=3.0/s, last_udp=0.19s, meas=2, tracks=15, valid=0, master=230
[LIVE] udp=2.0/s, objs=2.0/s, last_udp=0.10s, meas=1, tracks=15, valid=1, master=258
[LIVE] udp=4.0/s, objs=4.0/s, last_udp=0.36s, meas=2, tracks=18, valid=0, master=258
[LIVE] udp=3.0/s, objs=3.0/s, last_udp=0.17s, meas=1, tracks=19, valid=0, master=258
[LIVE] udp=2.0/s, objs=3.0/s, last_udp=0.73s, meas=1, tracks=23, valid=0, master=258
[LIVE] udp=0.0/s, objs=0.0/s, last_udp=1.73s, meas=1, tracks=23, valid=0, master=258
[LIVE] udp=3.0/s, objs=3.0/s, last_udp=0.04s, meas=1, tracks=22, valid=0, master=258
[GPS] GGA fix_quality=1, num_sats=22, hdop=0.6, lat=30.408122861666666, lon=104.08863256266666
[LIVE] udp=0.0/s, objs=0.0/s, last_udp=1.04s, meas=1, tracks=22, valid=0, master=258
[LIVE] udp=0.0/s, objs=0.0/s, last_udp=2.05s, meas=1, tracks=22, valid=0, master=258
[LIVE] udp=0.0/s, objs=0.0/s, last_udp=3.05s, meas=1, tracks=22, valid=0, master=258
[LIVE] udp=0.0/s, objs=0.0/s, last_udp=4.05s, meas=1, tracks=22, valid=0, master=258
[LIVE] udp=3.0/s, objs=3.0/s, last_udp=0.09s, meas=1, tracks=14, valid=0, master=258
[LIVE] udp=4.0/s, objs=4.0/s, last_udp=0.28s, meas=1, tracks=14, valid=0, master=258
[LIVE] udp=1.0/s, objs=1.0/s, last_udp=0.50s, meas=1, tracks=13, valid=0, master=258
[LIVE] udp=2.0/s, objs=2.0/s, last_udp=0.40s, meas=1, tracks=12, valid=0, master=258
[LIVE] udp=0.0/s, objs=0.0/s, last_udp=1.40s, meas=1, tracks=12, valid=0, master=258
[LIVE] udp=0.0/s, objs=0.0/s, last_udp=2.41s, meas=1, tracks=12, valid=0, master=258
[GPS] GGA fix_quality=1, num_sats=23, hdop=0.6, lat=30.408123390166665, lon=104.08863060116667
[LIVE] udp=0.0/s, objs=0.0/s, last_udp=3.41s, meas=1, tracks=12, valid=0, master=258
[LIVE] udp=0.0/s, objs=0.0/s, last_udp=4.42s, meas=1, tracks=12, valid=0, master=258
[LIVE] udp=0.0/s, objs=0.0/s, last_udp=5.42s, meas=1, tracks=12, valid=0, master=258
[LIVE] udp=0.0/s, objs=0.0/s, last_udp=6.42s, meas=1, tracks=12, valid=0, master=258
[LIVE] udp=3.0/s, objs=3.0/s, last_udp=0.59s, meas=1, tracks=8, valid=0, master=258
[LIVE] udp=1.0/s, objs=1.0/s, last_udp=0.11s, meas=1, tracks=8, valid=0, master=258
[LIVE] udp=2.0/s, objs=2.0/s, last_udp=0.32s, meas=1, tracks=5, valid=0, master=258
[LIVE] udp=0.0/s, objs=0.0/s, last_udp=1.32s, meas=1, tracks=5, valid=0, master=258
[LIVE] udp=0.0/s, objs=0.0/s, last_udp=2.32s, meas=1, tracks=5, valid=0, master=258
[GPS] GGA fix_quality=1, num_sats=22, hdop=0.7, lat=30.408123746333334, lon=104.0886304445
[LIVE] udp=0.0/s, objs=0.0/s, last_udp=3.32s, meas=1, tracks=5, valid=0, master=258
[LIVE] udp=0.0/s, objs=0.0/s, last_udp=4.33s, meas=1, tracks=5, valid=0, master=258
[LIVE] udp=0.0/s, objs=0.0/s, last_udp=5.33s, meas=1, tracks=5, valid=0, master=258
[LIVE] udp=0.0/s, objs=0.0/s, last_udp=6.33s, meas=1, tracks=5, valid=0, master=258
[LIVE] udp=5.0/s, objs=7.0/s, last_udp=0.06s, meas=2, tracks=5, valid=0, master=258
[LIVE] udp=1.0/s, objs=1.0/s, last_udp=0.30s, meas=1, tracks=5, valid=0, master=258
[LIVE] udp=0.0/s, objs=0.0/s, last_udp=1.30s, meas=1, tracks=5, valid=0, master=258
[LIVE] udp=1.0/s, objs=1.0/s, last_udp=0.39s, meas=1, tracks=3, valid=0, master=258
[LIVE] udp=0.0/s, objs=0.0/s, last_udp=1.39s, meas=1, tracks=3, valid=0, master=258
[LIVE] udp=0.0/s, objs=0.0/s, last_udp=2.40s, meas=1, tracks=3, valid=0, master=258
[GPS] GGA fix_quality=1, num_sats=22, hdop=0.7, lat=30.408124029333333, lon=104.0886300075
[LIVE] udp=2.0/s, objs=2.0/s, last_udp=0.24s, meas=2, tracks=5, valid=0, master=258
[LIVE] udp=0.0/s, objs=0.0/s, last_udp=1.24s, meas=2, tracks=5, valid=0, master=258
[LIVE] udp=0.0/s, objs=0.0/s, last_udp=2.24s, meas=2, tracks=5, valid=0, master=258
[LIVE] udp=0.0/s, objs=0.0/s, last_udp=3.25s, meas=2, tracks=5, valid=0, master=258
[LIVE] udp=1.0/s, objs=1.0/s, last_udp=0.77s, meas=1, tracks=5, valid=0, master=258
[LIVE] udp=1.0/s, objs=1.0/s, last_udp=0.53s, meas=1, tracks=3, valid=1, master=271
[LIVE] udp=4.0/s, objs=4.0/s, last_udp=0.13s, meas=1, tracks=6, valid=0, master=271
[LIVE] udp=2.0/s, objs=2.0/s, last_udp=0.31s, meas=1, tracks=7, valid=0, master=271
[LIVE] udp=1.0/s, objs=1.0/s, last_udp=0.83s, meas=1, tracks=7, valid=1, master=275
[LIVE] udp=0.0/s, objs=0.0/s, last_udp=1.84s, meas=1, tracks=7, valid=1, master=275
[GPS] GGA fix_quality=1, num_sats=21, hdop=0.7, lat=30.4081244105, lon=104.088630059
[LIVE] udp=4.0/s, objs=4.0/s, last_udp=0.23s, meas=1, tracks=9, valid=0, master=275
[LIVE] udp=0.0/s, objs=0.0/s, last_udp=1.23s, meas=1, tracks=9, valid=0, master=275
[LIVE] udp=2.0/s, objs=2.0/s, last_udp=0.44s, meas=1, tracks=8, valid=0, master=278
[LIVE] udp=3.0/s, objs=3.0/s, last_udp=0.11s, meas=2, tracks=10, valid=0, master=278
[LIVE] udp=2.0/s, objs=2.0/s, last_udp=0.42s, meas=1, tracks=10, valid=0, master=278
[LIVE] udp=3.0/s, objs=3.0/s, last_udp=0.23s, meas=1, tracks=11, valid=0, master=278
[LIVE] udp=0.0/s, objs=0.0/s, last_udp=1.23s, meas=1, tracks=11, valid=0, master=278
[LIVE] udp=3.0/s, objs=3.0/s, last_udp=0.01s, meas=1, tracks=9, valid=0, master=278
[LIVE] udp=6.0/s, objs=6.0/s, last_udp=0.01s, meas=1, tracks=11, valid=0, master=278
[LIVE] udp=3.0/s, objs=3.0/s, last_udp=0.03s, meas=2, tracks=12, valid=0, master=278
[GPS] GGA fix_quality=1, num_sats=21, hdop=0.7, lat=30.408124742666665, lon=104.08863098983333
[LIVE] udp=4.0/s, objs=4.0/s, last_udp=0.10s, meas=1, tracks=13, valid=0, master=278
[LIVE] udp=3.0/s, objs=5.0/s, last_udp=0.35s, meas=4, tracks=14, valid=0, master=278
[LIVE] udp=1.0/s, objs=1.0/s, last_udp=0.97s, meas=1, tracks=14, valid=0, master=278
[LIVE] udp=0.0/s, objs=0.0/s, last_udp=1.98s, meas=1, tracks=14, valid=0, master=278
[LIVE] udp=0.0/s, objs=0.0/s, last_udp=2.98s, meas=1, tracks=14, valid=0, master=278
[LIVE] udp=5.0/s, objs=6.0/s, last_udp=0.08s, meas=4, tracks=15, valid=0, master=278
[LIVE] udp=1.0/s, objs=1.0/s, last_udp=0.31s, meas=1, tracks=14, valid=0, master=278
[LIVE] udp=0.0/s, objs=0.0/s, last_udp=1.31s, meas=1, tracks=14, valid=0, master=278
[LIVE] udp=1.0/s, objs=1.0/s, last_udp=0.13s, meas=1, tracks=14, valid=0, master=278
[LIVE] udp=1.0/s, objs=1.0/s, last_udp=0.78s, meas=1, tracks=15, valid=0, master=278
[GPS] GGA fix_quality=1, num_sats=20, hdop=0.7, lat=30.408124494333332, lon=104.0886311995
[LIVE] udp=0.0/s, objs=0.0/s, last_udp=1.79s, meas=1, tracks=15, valid=0, master=278
[LIVE] udp=0.0/s, objs=0.0/s, last_udp=2.79s, meas=1, tracks=15, valid=0, master=278
[LIVE] udp=0.0/s, objs=0.0/s, last_udp=3.79s, meas=1, tracks=15, valid=0, master=278
[LIVE] udp=0.0/s, objs=0.0/s, last_udp=4.79s, meas=1, tracks=15, valid=0, master=278
[LIVE] udp=3.0/s, objs=3.0/s, last_udp=0.02s, meas=1, tracks=8, valid=0, master=278
[LIVE] udp=2.0/s, objs=2.0/s, last_udp=0.27s, meas=1, tracks=8, valid=1, master=292
[LIVE] udp=3.0/s, objs=3.0/s, last_udp=0.09s, meas=2, tracks=8, valid=1, master=292
[LIVE] udp=1.0/s, objs=1.0/s, last_udp=0.94s, meas=2, tracks=9, valid=1, master=292
[LIVE] udp=2.0/s, objs=2.0/s, last_udp=0.04s, meas=1, tracks=4, valid=1, master=292
[LIVE] udp=2.0/s, objs=2.0/s, last_udp=0.20s, meas=1, tracks=5, valid=0, master=292
[GPS] GGA fix_quality=1, num_sats=18, hdop=0.7, lat=30.4081244475, lon=104.0886307585
[LIVE] udp=3.0/s, objs=3.0/s, last_udp=0.12s, meas=1, tracks=5, valid=1, master=294
[LIVE] udp=1.0/s, objs=1.0/s, last_udp=0.76s, meas=1, tracks=6, valid=0, master=294
[LIVE] udp=2.0/s, objs=2.0/s, last_udp=0.14s, meas=1, tracks=6, valid=0, master=294
[LIVE] udp=5.0/s, objs=6.0/s, last_udp=0.16s, meas=2, tracks=9, valid=1, master=297
[LIVE] udp=0.0/s, objs=0.0/s, last_udp=1.17s, meas=1, tracks=9, valid=0, master=297
[LIVE] udp=0.0/s, objs=0.0/s, last_udp=2.17s, meas=1, tracks=9, valid=0, master=297
[LIVE] udp=1.0/s, objs=1.0/s, last_udp=0.06s, meas=1, tracks=9, valid=0, master=297
[LIVE] udp=2.0/s, objs=2.0/s, last_udp=0.29s, meas=1, tracks=9, valid=0, master=297
[LIVE] udp=2.0/s, objs=2.0/s, last_udp=0.11s, meas=1, tracks=10, valid=0, master=297
[LIVE] udp=0.0/s, objs=0.0/s, last_udp=1.11s, meas=1, tracks=9, valid=0, master=297
[GPS] GGA fix_quality=1, num_sats=20, hdop=0.7, lat=30.408124613, lon=104.08863091916666
[LIVE] udp=0.0/s, objs=0.0/s, last_udp=2.11s, meas=1, tracks=9, valid=0, master=297
[LIVE] udp=3.0/s, objs=3.0/s, last_udp=0.27s, meas=1, tracks=9, valid=0, master=297
[LIVE] udp=3.0/s, objs=3.0/s, last_udp=0.01s, meas=2, tracks=10, valid=0, master=297
[LIVE] udp=3.0/s, objs=3.0/s, last_udp=0.35s, meas=1, tracks=9, valid=0, master=301
[LIVE] udp=1.0/s, objs=1.0/s, last_udp=0.29s, meas=1, tracks=10, valid=0, master=301
[LIVE] udp=5.0/s, objs=5.0/s, last_udp=0.11s, meas=3, tracks=9, valid=1, master=304
[LIVE] udp=3.0/s, objs=3.0/s, last_udp=0.70s, meas=1, tracks=9, valid=1, master=305
[LIVE] udp=2.0/s, objs=2.0/s, last_udp=0.55s, meas=0, tracks=9, valid=0, master=304
[LIVE] udp=1.0/s, objs=1.0/s, last_udp=0.17s, meas=0, tracks=9, valid=0, master=304
[LIVE] udp=0.0/s, objs=0.0/s, last_udp=1.18s, meas=1, tracks=9, valid=0, master=304
[GPS] GGA fix_quality=1, num_sats=23, hdop=0.6, lat=30.408124757166668, lon=104.088631264
[LIVE] udp=1.0/s, objs=1.0/s, last_udp=0.09s, meas=1, tracks=9, valid=0, master=304
[LIVE] udp=2.0/s, objs=2.0/s, last_udp=0.34s, meas=1, tracks=9, valid=0, master=304
[LIVE] udp=0.0/s, objs=0.0/s, last_udp=1.35s, meas=1, tracks=9, valid=0, master=304
[LIVE] udp=0.0/s, objs=0.0/s, last_udp=2.35s, meas=1, tracks=9, valid=0, master=304
[LIVE] udp=0.0/s, objs=0.0/s, last_udp=3.35s, meas=1, tracks=9, valid=0, master=304
[LIVE] udp=0.0/s, objs=0.0/s, last_udp=4.35s, meas=1, tracks=9, valid=0, master=304
[LIVE] udp=0.0/s, objs=0.0/s, last_udp=5.35s, meas=1, tracks=9, valid=0, master=304
[LIVE] udp=0.0/s, objs=0.0/s, last_udp=6.36s, meas=1, tracks=9, valid=0, master=304
[LIVE] udp=0.0/s, objs=0.0/s, last_udp=7.36s, meas=1, tracks=9, valid=0, master=304
[LIVE] udp=0.0/s, objs=0.0/s, last_udp=8.36s, meas=1, tracks=9, valid=0, master=304
[GPS] GGA fix_quality=1, num_sats=23, hdop=0.6, lat=30.408124642166666, lon=104.088630915
[LIVE] udp=0.0/s, objs=0.0/s, last_udp=9.37s, meas=1, tracks=9, valid=0, master=304
[LIVE] udp=0.0/s, objs=0.0/s, last_udp=10.37s, meas=1, tracks=9, valid=0, master=304
[LIVE] udp=1.0/s, objs=1.0/s, last_udp=0.78s, meas=1, tracks=1, valid=0, master=304
[LIVE] udp=0.0/s, objs=0.0/s, last_udp=1.78s, meas=1, tracks=1, valid=0, master=304
[LIVE] udp=3.0/s, objs=3.0/s, last_udp=0.11s, meas=1, tracks=2, valid=0, master=304
[LIVE] udp=3.0/s, objs=3.0/s, last_udp=0.68s, meas=1, tracks=6, valid=0, master=304
[LIVE] udp=0.0/s, objs=0.0/s, last_udp=1.69s, meas=1, tracks=6, valid=0, master=304
[LIVE] udp=0.0/s, objs=0.0/s, last_udp=2.69s, meas=1, tracks=6, valid=0, master=304
[LIVE] udp=0.0/s, objs=0.0/s, last_udp=3.69s, meas=1, tracks=6, valid=0, master=304
[LIVE] udp=3.0/s, objs=3.0/s, last_udp=0.18s, meas=2, tracks=8, valid=0, master=304
[GPS] GGA fix_quality=1, num_sats=23, hdop=0.6, lat=30.408124689666668, lon=104.0886308235
[LIVE] udp=2.0/s, objs=2.0/s, last_udp=0.10s, meas=1, tracks=10, valid=0, master=304
[LIVE] udp=0.0/s, objs=0.0/s, last_udp=1.10s, meas=1, tracks=11, valid=0, master=304
[LIVE] udp=0.0/s, objs=0.0/s, last_udp=2.11s, meas=1, tracks=11, valid=0, master=304
[LIVE] udp=0.0/s, objs=0.0/s, last_udp=3.11s, meas=1, tracks=11, valid=0, master=304
[LIVE] udp=5.0/s, objs=6.0/s, last_udp=0.24s, meas=2, tracks=14, valid=0, master=304
[LIVE] udp=1.0/s, objs=1.0/s, last_udp=0.84s, meas=1, tracks=15, valid=0, master=304
[LIVE] udp=0.0/s, objs=0.0/s, last_udp=1.85s, meas=1, tracks=15, valid=0, master=304
[LIVE] udp=0.0/s, objs=0.0/s, last_udp=2.85s, meas=1, tracks=15, valid=0, master=304
[LIVE] udp=1.0/s, objs=1.0/s, last_udp=0.03s, meas=1, tracks=15, valid=0, master=304
[LIVE] udp=1.0/s, objs=1.0/s, last_udp=0.94s, meas=2, tracks=13, valid=0, master=304
[GPS] GGA fix_quality=1, num_sats=23, hdop=0.6, lat=30.4081249275, lon=104.0886311705
[LIVE] udp=0.0/s, objs=0.0/s, last_udp=1.94s, meas=2, tracks=13, valid=0, master=304
[LIVE] udp=2.0/s, objs=2.0/s, last_udp=0.07s, meas=2, tracks=13, valid=0, master=304
[LIVE] udp=2.0/s, objs=2.0/s, last_udp=0.56s, meas=1, tracks=10, valid=0, master=304
[LIVE] udp=0.0/s, objs=0.0/s, last_udp=1.56s, meas=1, tracks=10, valid=0, master=304
[LIVE] udp=2.0/s, objs=3.0/s, last_udp=0.30s, meas=2, tracks=12, valid=0, master=304
[LIVE] udp=3.0/s, objs=3.0/s, last_udp=0.44s, meas=1, tracks=11, valid=0, master=304
[LIVE] udp=4.0/s, objs=4.0/s, last_udp=0.13s, meas=2, tracks=13, valid=0, master=304
[LIVE] udp=4.0/s, objs=4.0/s, last_udp=0.36s, meas=1, tracks=16, valid=0, master=304
[LIVE] udp=2.0/s, objs=2.0/s, last_udp=0.28s, meas=1, tracks=17, valid=0, master=304
[LIVE] udp=2.0/s, objs=2.0/s, last_udp=0.02s, meas=1, tracks=17, valid=0, master=304
[GPS] GGA fix_quality=1, num_sats=23, hdop=0.6, lat=30.408125390666665, lon=104.08863147266666
[LIVE] udp=4.0/s, objs=4.0/s, last_udp=0.13s, meas=1, tracks=19, valid=0, master=304
[LIVE] udp=4.0/s, objs=6.0/s, last_udp=0.33s, meas=1, tracks=22, valid=0, master=304
[LIVE] udp=0.0/s, objs=0.0/s, last_udp=1.33s, meas=1, tracks=22, valid=0, master=304
[LIVE] udp=0.0/s, objs=0.0/s, last_udp=2.33s, meas=1, tracks=22, valid=0, master=304
[LIVE] udp=0.0/s, objs=0.0/s, last_udp=3.33s, meas=1, tracks=22, valid=0, master=304
[LIVE] udp=0.0/s, objs=0.0/s, last_udp=4.33s, meas=1, tracks=22, valid=0, master=304
[LIVE] udp=2.0/s, objs=2.0/s, last_udp=0.01s, meas=1, tracks=17, valid=0, master=304
[LIVE] udp=0.0/s, objs=0.0/s, last_udp=1.01s, meas=1, tracks=17, valid=1, master=323
[LIVE] udp=0.0/s, objs=0.0/s, last_udp=2.01s, meas=1, tracks=17, valid=1, master=323
[LIVE] udp=0.0/s, objs=0.0/s, last_udp=3.01s, meas=1, tracks=17, valid=1, master=323
[GPS] GGA fix_quality=1, num_sats=23, hdop=0.7, lat=30.408125766333335, lon=104.08863127916666
[LIVE] udp=0.0/s, objs=0.0/s, last_udp=4.01s, meas=1, tracks=17, valid=1, master=323
[LIVE] udp=0.0/s, objs=0.0/s, last_udp=5.02s, meas=1, tracks=17, valid=1, master=323
[LIVE] udp=3.0/s, objs=3.0/s, last_udp=0.24s, meas=1, tracks=4, valid=0, master=323
[LIVE] udp=4.0/s, objs=4.0/s, last_udp=0.05s, meas=1, tracks=7, valid=0, master=323
[LIVE] udp=1.0/s, objs=1.0/s, last_udp=0.33s, meas=1, tracks=8, valid=0, master=323
[LIVE] udp=0.0/s, objs=0.0/s, last_udp=1.34s, meas=1, tracks=8, valid=0, master=323
[LIVE] udp=6.0/s, objs=6.0/s, last_udp=0.03s, meas=3, tracks=11, valid=0, master=323
[LIVE] udp=4.0/s, objs=5.0/s, last_udp=0.16s, meas=1, tracks=13, valid=0, master=323
[LIVE] udp=6.0/s, objs=6.0/s, last_udp=0.02s, meas=1, tracks=14, valid=0, master=323
[LIVE] udp=3.0/s, objs=3.0/s, last_udp=0.34s, meas=1, tracks=17, valid=0, master=323
[GPS] GGA fix_quality=1, num_sats=22, hdop=0.7, lat=30.408125980666668, lon=104.0886314145
[LIVE] udp=1.0/s, objs=1.0/s, last_udp=0.89s, meas=1, tracks=18, valid=0, master=323
[LIVE] udp=1.0/s, objs=1.0/s, last_udp=0.87s, meas=1, tracks=18, valid=0, master=323
[LIVE] udp=1.0/s, objs=1.0/s, last_udp=0.24s, meas=1, tracks=18, valid=0, master=323
[LIVE] udp=1.0/s, objs=1.0/s, last_udp=0.88s, meas=1, tracks=18, valid=0, master=323
[LIVE] udp=3.0/s, objs=3.0/s, last_udp=0.31s, meas=1, tracks=16, valid=1, master=354
[LIVE] udp=0.0/s, objs=0.0/s, last_udp=1.32s, meas=1, tracks=16, valid=1, master=354
[LIVE] udp=0.0/s, objs=0.0/s, last_udp=2.32s, meas=1, tracks=16, valid=1, master=354
[LIVE] udp=2.0/s, objs=2.0/s, last_udp=0.40s, meas=1, tracks=13, valid=1, master=354
[LIVE] udp=0.0/s, objs=0.0/s, last_udp=1.40s, meas=1, tracks=13, valid=1, master=354
[LIVE] udp=0.0/s, objs=0.0/s, last_udp=2.40s, meas=1, tracks=13, valid=1, master=354
[GPS] GGA fix_quality=1, num_sats=22, hdop=0.7, lat=30.408125851666668, lon=104.0886313795
[LIVE] udp=0.0/s, objs=0.0/s, last_udp=3.41s, meas=1, tracks=13, valid=1, master=354
[LIVE] udp=0.0/s, objs=0.0/s, last_udp=4.41s, meas=1, tracks=13, valid=1, master=354
[LIVE] udp=0.0/s, objs=0.0/s, last_udp=5.41s, meas=1, tracks=13, valid=1, master=354
[LIVE] udp=0.0/s, objs=0.0/s, last_udp=6.41s, meas=1, tracks=13, valid=1, master=354
[LIVE] udp=0.0/s, objs=0.0/s, last_udp=7.41s, meas=1, tracks=13, valid=1, master=354
[LIVE] udp=3.0/s, objs=3.0/s, last_udp=0.09s, meas=2, tracks=3, valid=0, master=354
[LIVE] udp=3.0/s, objs=3.0/s, last_udp=0.48s, meas=1, tracks=6, valid=0, master=354
[LIVE] udp=2.0/s, objs=2.0/s, last_udp=0.07s, meas=1, tracks=6, valid=0, master=354
[LIVE] udp=3.0/s, objs=3.0/s, last_udp=0.66s, meas=1, tracks=9, valid=0, master=354
[LIVE] udp=2.0/s, objs=2.0/s, last_udp=0.55s, meas=1, tracks=9, valid=1, master=364
[GPS] GGA fix_quality=1, num_sats=21, hdop=0.7, lat=30.408125693333332, lon=104.08863080316667
[LIVE] udp=2.0/s, objs=2.0/s, last_udp=0.67s, meas=2, tracks=9, valid=0, master=364
[LIVE] udp=0.0/s, objs=0.0/s, last_udp=1.68s, meas=2, tracks=9, valid=0, master=364
[LIVE] udp=0.0/s, objs=0.0/s, last_udp=2.68s, meas=2, tracks=9, valid=0, master=364
[LIVE] udp=0.0/s, objs=0.0/s, last_udp=3.68s, meas=2, tracks=9, valid=0, master=364
[LIVE] udp=0.0/s, objs=0.0/s, last_udp=4.68s, meas=2, tracks=9, valid=0, master=364
[LIVE] udp=0.0/s, objs=0.0/s, last_udp=5.68s, meas=2, tracks=9, valid=0, master=364
[LIVE] udp=2.0/s, objs=3.0/s, last_udp=0.26s, meas=3, tracks=8, valid=0, master=364
[LIVE] udp=4.0/s, objs=4.0/s, last_udp=0.49s, meas=2, tracks=10, valid=0, master=364
[LIVE] udp=4.0/s, objs=4.0/s, last_udp=0.13s, meas=2, tracks=10, valid=0, master=364
[LIVE] udp=2.0/s, objs=2.0/s, last_udp=0.23s, meas=1, tracks=12, valid=0, master=364
[GPS] GGA fix_quality=1, num_sats=22, hdop=0.7, lat=30.408124432333334, lon=104.0886318255
[LIVE] udp=2.0/s, objs=2.0/s, last_udp=0.07s, meas=0, tracks=12, valid=0, master=364
[LIVE] udp=2.0/s, objs=2.0/s, last_udp=0.10s, meas=1, tracks=11, valid=0, master=364
[LIVE] udp=4.0/s, objs=4.0/s, last_udp=0.64s, meas=3, tracks=12, valid=0, master=364
[LIVE] udp=1.0/s, objs=1.0/s, last_udp=0.50s, meas=1, tracks=12, valid=0, master=364
[LIVE] udp=4.0/s, objs=4.0/s, last_udp=0.20s, meas=3, tracks=14, valid=0, master=364
[LIVE] udp=2.0/s, objs=2.0/s, last_udp=0.35s, meas=1, tracks=16, valid=0, master=364
[LIVE] udp=2.0/s, objs=2.0/s, last_udp=0.57s, meas=1, tracks=17, valid=0, master=364
[LIVE] udp=2.0/s, objs=2.0/s, last_udp=0.21s, meas=2, tracks=17, valid=0, master=364
[LIVE] udp=3.0/s, objs=3.0/s, last_udp=0.13s, meas=1, tracks=15, valid=0, master=364
[LIVE] udp=2.0/s, objs=2.0/s, last_udp=0.34s, meas=1, tracks=15, valid=0, master=364
[GPS] GGA fix_quality=1, num_sats=22, hdop=0.7, lat=30.408121724, lon=104.0886342135
[LIVE] udp=1.0/s, objs=1.0/s, last_udp=0.06s, meas=1, tracks=15, valid=0, master=364
[LIVE] udp=0.0/s, objs=0.0/s, last_udp=1.06s, meas=1, tracks=13, valid=0, master=364
[LIVE] udp=2.0/s, objs=2.0/s, last_udp=0.47s, meas=1, tracks=12, valid=0, master=364
[LIVE] udp=0.0/s, objs=0.0/s, last_udp=1.48s, meas=1, tracks=12, valid=0, master=364
[LIVE] udp=3.0/s, objs=3.0/s, last_udp=0.20s, meas=1, tracks=11, valid=0, master=364
[LIVE] udp=0.0/s, objs=0.0/s, last_udp=1.20s, meas=1, tracks=12, valid=0, master=364
[LIVE] udp=2.0/s, objs=2.0/s, last_udp=0.37s, meas=2, tracks=9, valid=0, master=364
[LIVE] udp=2.0/s, objs=2.0/s, last_udp=0.23s, meas=1, tracks=10, valid=0, master=364
[LIVE] udp=2.0/s, objs=2.0/s, last_udp=0.48s, meas=1, tracks=10, valid=0, master=364
[LIVE] udp=0.0/s, objs=0.0/s, last_udp=1.48s, meas=1, tracks=10, valid=0, master=364
[GPS] GGA fix_quality=1, num_sats=21, hdop=0.7, lat=30.408123492833333, lon=104.0886320345
[LIVE] udp=3.0/s, objs=3.0/s, last_udp=0.25s, meas=2, tracks=9, valid=0, master=364
[LIVE] udp=5.0/s, objs=5.0/s, last_udp=0.21s, meas=1, tracks=10, valid=0, master=364
[LIVE] udp=2.0/s, objs=2.0/s, last_udp=0.53s, meas=2, tracks=11, valid=0, master=364
[LIVE] udp=5.0/s, objs=5.0/s, last_udp=0.02s, meas=1, tracks=11, valid=0, master=364
[LIVE] udp=3.0/s, objs=3.0/s, last_udp=0.51s, meas=1, tracks=12, valid=0, master=384
[LIVE] udp=3.0/s, objs=3.0/s, last_udp=0.15s, meas=2, tracks=13, valid=0, master=384
[LIVE] udp=3.0/s, objs=3.0/s, last_udp=0.37s, meas=2, tracks=11, valid=1, master=383
[LIVE] udp=2.0/s, objs=2.0/s, last_udp=0.50s, meas=1, tracks=11, valid=1, master=383
[LIVE] udp=1.0/s, objs=2.0/s, last_udp=0.92s, meas=2, tracks=13, valid=0, master=383
[LIVE] udp=0.0/s, objs=0.0/s, last_udp=1.92s, meas=2, tracks=13, valid=0, master=383
[GPS] GGA fix_quality=1, num_sats=22, hdop=0.7, lat=30.408124928166668, lon=104.08862837016666
[LIVE] udp=0.0/s, objs=0.0/s, last_udp=2.92s, meas=2, tracks=13, valid=0, master=383
[LIVE] udp=0.0/s, objs=0.0/s, last_udp=3.92s, meas=2, tracks=13, valid=0, master=383
[LIVE] udp=0.0/s, objs=0.0/s, last_udp=4.93s, meas=2, tracks=13, valid=0, master=383
[LIVE] udp=1.0/s, objs=1.0/s, last_udp=0.47s, meas=1, tracks=9, valid=0, master=383
[LIVE] udp=2.0/s, objs=2.0/s, last_udp=0.04s, meas=1, tracks=9, valid=0, master=383
[LIVE] udp=5.0/s, objs=5.0/s, last_udp=0.03s, meas=2, tracks=8, valid=1, master=386
[LIVE] udp=2.0/s, objs=2.0/s, last_udp=0.62s, meas=1, tracks=7, valid=1, master=386
[LIVE] udp=0.0/s, objs=0.0/s, last_udp=1.63s, meas=1, tracks=7, valid=1, master=386
[LIVE] udp=5.0/s, objs=7.0/s, last_udp=0.03s, meas=5, tracks=10, valid=0, master=386
[LIVE] udp=8.0/s, objs=8.0/s, last_udp=0.16s, meas=2, tracks=14, valid=0, master=386
[GPS] GGA fix_quality=1, num_sats=21, hdop=0.7, lat=30.408126598333332, lon=104.08862851016667
[LIVE] udp=12.9/s, objs=12.9/s, last_udp=0.14s, meas=1, tracks=18, valid=0, master=386
[LIVE] udp=2.0/s, objs=2.0/s, last_udp=0.46s, meas=1, tracks=19, valid=1, master=405
[LIVE] udp=3.0/s, objs=3.0/s, last_udp=0.66s, meas=1, tracks=19, valid=0, master=405
[LIVE] udp=0.0/s, objs=0.0/s, last_udp=1.67s, meas=1, tracks=19, valid=0, master=405
[LIVE] udp=1.0/s, objs=1.0/s, last_udp=0.22s, meas=0, tracks=19, valid=0, master=405
[LIVE] udp=0.0/s, objs=0.0/s, last_udp=1.22s, meas=0, tracks=19, valid=0, master=405
[LIVE] udp=0.0/s, objs=0.0/s, last_udp=2.22s, meas=0, tracks=19, valid=0, master=405
[LIVE] udp=0.0/s, objs=0.0/s, last_udp=3.22s, meas=0, tracks=19, valid=0, master=405
[LIVE] udp=0.0/s, objs=0.0/s, last_udp=4.22s, meas=0, tracks=19, valid=0, master=405
[LIVE] udp=0.0/s, objs=0.0/s, last_udp=5.23s, meas=0, tracks=19, valid=0, master=405
[GPS] GGA fix_quality=1, num_sats=21, hdop=0.7, lat=30.408127304166666, lon=104.08862964383333
[LIVE] udp=2.0/s, objs=2.0/s, last_udp=0.13s, meas=1, tracks=13, valid=0, master=405
[LIVE] udp=3.0/s, objs=3.0/s, last_udp=0.01s, meas=2, tracks=8, valid=0, master=405
[LIVE] udp=2.0/s, objs=2.0/s, last_udp=0.42s, meas=1, tracks=8, valid=0, master=405
[LIVE] udp=3.0/s, objs=3.0/s, last_udp=0.04s, meas=1, tracks=6, valid=0, master=405
[LIVE] udp=2.0/s, objs=2.0/s, last_udp=0.03s, meas=1, tracks=6, valid=0, master=405
[LIVE] udp=0.0/s, objs=0.0/s, last_udp=1.03s, meas=1, tracks=6, valid=0, master=405
[LIVE] udp=0.0/s, objs=0.0/s, last_udp=2.03s, meas=1, tracks=6, valid=0, master=405
[LIVE] udp=0.0/s, objs=0.0/s, last_udp=3.04s, meas=1, tracks=6, valid=0, master=405
[LIVE] udp=0.0/s, objs=0.0/s, last_udp=4.04s, meas=1, tracks=6, valid=0, master=405
[LIVE] udp=0.0/s, objs=0.0/s, last_udp=5.05s, meas=1, tracks=6, valid=0, master=405
[GPS] GGA fix_quality=1, num_sats=22, hdop=0.7, lat=30.40812812, lon=104.08863037466666
[LIVE] udp=2.0/s, objs=2.0/s, last_udp=0.15s, meas=2, tracks=6, valid=0, master=405
[LIVE] udp=1.0/s, objs=1.0/s, last_udp=0.84s, meas=1, tracks=6, valid=0, master=405
[LIVE] udp=0.0/s, objs=0.0/s, last_udp=1.84s, meas=1, tracks=6, valid=0, master=405
[LIVE] udp=1.0/s, objs=1.0/s, last_udp=0.06s, meas=1, tracks=6, valid=0, master=405
[LIVE] udp=0.0/s, objs=0.0/s, last_udp=1.07s, meas=1, tracks=4, valid=0, master=405
[LIVE] udp=0.0/s, objs=0.0/s, last_udp=2.07s, meas=1, tracks=4, valid=0, master=405
[LIVE] udp=0.0/s, objs=0.0/s, last_udp=3.07s, meas=1, tracks=4, valid=0, master=405
[LIVE] udp=0.0/s, objs=0.0/s, last_udp=4.07s, meas=1, tracks=4, valid=0, master=405
[LIVE] udp=0.0/s, objs=0.0/s, last_udp=5.08s, meas=1, tracks=4, valid=0, master=405
[LIVE] udp=2.0/s, objs=2.0/s, last_udp=0.17s, meas=1, tracks=4, valid=0, master=405
[GPS] GGA fix_quality=1, num_sats=21, hdop=0.7, lat=30.408127896833335, lon=104.0886311295
[LIVE] udp=0.0/s, objs=0.0/s, last_udp=1.17s, meas=2, tracks=3, valid=0, master=405
[LIVE] udp=1.0/s, objs=1.0/s, last_udp=0.63s, meas=1, tracks=4, valid=0, master=405
[LIVE] udp=0.0/s, objs=0.0/s, last_udp=1.63s, meas=1, tracks=4, valid=0, master=405
[LIVE] udp=2.0/s, objs=3.0/s, last_udp=0.20s, meas=2, tracks=5, valid=0, master=405
[LIVE] udp=2.0/s, objs=3.0/s, last_udp=0.81s, meas=3, tracks=6, valid=1, master=406
[LIVE] udp=0.0/s, objs=0.0/s, last_udp=1.81s, meas=3, tracks=6, valid=1, master=406
[LIVE] udp=0.0/s, objs=0.0/s, last_udp=2.82s, meas=3, tracks=6, valid=1, master=406
[LIVE] udp=0.0/s, objs=0.0/s, last_udp=3.82s, meas=3, tracks=6, valid=1, master=406
[LIVE] udp=0.0/s, objs=0.0/s, last_udp=4.82s, meas=3, tracks=6, valid=1, master=406
[LIVE] udp=2.0/s, objs=2.0/s, last_udp=0.10s, meas=3, tracks=6, valid=1, master=406
[GPS] GGA fix_quality=1, num_sats=21, hdop=0.7, lat=30.408127493166667, lon=104.08863193783333
[LIVE] udp=1.0/s, objs=1.0/s, last_udp=0.64s, meas=0, tracks=6, valid=0, master=406
[LIVE] udp=0.0/s, objs=0.0/s, last_udp=1.64s, meas=0, tracks=6, valid=0, master=406
[LIVE] udp=0.0/s, objs=0.0/s, last_udp=2.65s, meas=0, tracks=6, valid=0, master=406
[LIVE] udp=0.0/s, objs=0.0/s, last_udp=3.65s, meas=0, tracks=6, valid=0, master=406
[LIVE] udp=0.0/s, objs=0.0/s, last_udp=4.65s, meas=0, tracks=6, valid=0, master=406
[LIVE] udp=0.0/s, objs=0.0/s, last_udp=5.65s, meas=0, tracks=6, valid=0, master=406
[LIVE] udp=0.0/s, objs=0.0/s, last_udp=6.66s, meas=0, tracks=6, valid=0, master=406
[LIVE] udp=0.0/s, objs=0.0/s, last_udp=7.66s, meas=0, tracks=6, valid=0, master=406
[LIVE] udp=0.0/s, objs=0.0/s, last_udp=8.67s, meas=0, tracks=6, valid=0, master=406
[LIVE] udp=0.0/s, objs=0.0/s, last_udp=9.67s, meas=0, tracks=6, valid=0, master=406
[GPS] GGA fix_quality=1, num_sats=22, hdop=0.7, lat=30.408125909, lon=104.08863472783334
[LIVE] udp=1.0/s, objs=1.0/s, last_udp=0.30s, meas=1, tracks=1, valid=0, master=406
[LIVE] udp=0.0/s, objs=0.0/s, last_udp=1.30s, meas=1, tracks=1, valid=0, master=406
[LIVE] udp=3.0/s, objs=3.0/s, last_udp=0.10s, meas=1, tracks=2, valid=0, master=406
[LIVE] udp=4.0/s, objs=4.0/s, last_udp=0.13s, meas=1, tracks=4, valid=0, master=406
[LIVE] udp=0.0/s, objs=0.0/s, last_udp=1.13s, meas=2, tracks=6, valid=0, master=406
[LIVE] udp=2.0/s, objs=2.0/s, last_udp=0.06s, meas=2, tracks=6, valid=0, master=406
[LIVE] udp=8.0/s, objs=8.0/s, last_udp=0.15s, meas=2, tracks=12, valid=0, master=406
[LIVE] udp=0.0/s, objs=0.0/s, last_udp=1.15s, meas=2, tracks=12, valid=0, master=406
[LIVE] udp=1.0/s, objs=1.0/s, last_udp=0.84s, meas=1, tracks=13, valid=0, master=406
[LIVE] udp=0.0/s, objs=0.0/s, last_udp=1.84s, meas=1, tracks=13, valid=0, master=406
[GPS] GGA fix_quality=1, num_sats=22, hdop=0.7, lat=30.408125367666667, lon=104.088633878
[LIVE] udp=2.0/s, objs=2.0/s, last_udp=0.13s, meas=1, tracks=13, valid=0, master=406
[LIVE] udp=0.0/s, objs=0.0/s, last_udp=1.14s, meas=1, tracks=13, valid=0, master=406
[LIVE] udp=1.0/s, objs=1.0/s, last_udp=0.34s, meas=1, tracks=13, valid=0, master=406
[LIVE] udp=3.0/s, objs=3.0/s, last_udp=0.36s, meas=2, tracks=14, valid=0, master=406
[LIVE] udp=3.0/s, objs=3.0/s, last_udp=0.25s, meas=1, tracks=15, valid=0, master=406
[LIVE] udp=0.0/s, objs=0.0/s, last_udp=1.25s, meas=1, tracks=15, valid=0, master=406
[LIVE] udp=0.0/s, objs=0.0/s, last_udp=2.25s, meas=1, tracks=15, valid=0, master=406
[LIVE] udp=0.0/s, objs=0.0/s, last_udp=3.25s, meas=1, tracks=15, valid=0, master=406
[LIVE] udp=0.0/s, objs=0.0/s, last_udp=4.25s, meas=1, tracks=15, valid=0, master=406
[LIVE] udp=0.0/s, objs=0.0/s, last_udp=5.26s, meas=1, tracks=15, valid=0, master=406
[GPS] GGA fix_quality=1, num_sats=22, hdop=0.7, lat=30.4081218795, lon=104.088637528
[LIVE] udp=0.0/s, objs=0.0/s, last_udp=6.26s, meas=1, tracks=15, valid=0, master=406
[LIVE] udp=0.0/s, objs=0.0/s, last_udp=7.26s, meas=1, tracks=15, valid=0, master=406
[LIVE] udp=4.0/s, objs=4.0/s, last_udp=0.00s, meas=2, tracks=9, valid=0, master=406
[LIVE] udp=1.0/s, objs=1.0/s, last_udp=0.30s, meas=1, tracks=9, valid=0, master=406
[LIVE] udp=0.0/s, objs=0.0/s, last_udp=1.30s, meas=1, tracks=9, valid=0, master=406
[LIVE] udp=1.0/s, objs=1.0/s, last_udp=0.25s, meas=1, tracks=6, valid=0, master=406
[LIVE] udp=4.0/s, objs=4.0/s, last_udp=0.29s, meas=1, tracks=8, valid=1, master=432
[LIVE] udp=0.0/s, objs=0.0/s, last_udp=1.30s, meas=1, tracks=8, valid=1, master=432
[LIVE] udp=1.0/s, objs=1.0/s, last_udp=0.53s, meas=1, tracks=8, valid=0, master=432
[LIVE] udp=0.0/s, objs=0.0/s, last_udp=1.53s, meas=1, tracks=8, valid=0, master=432
[GPS] GGA fix_quality=1, num_sats=23, hdop=0.7, lat=30.408121007666665, lon=104.0886398425
[LIVE] udp=0.0/s, objs=0.0/s, last_udp=2.54s, meas=1, tracks=8, valid=0, master=432
[LIVE] udp=0.0/s, objs=0.0/s, last_udp=3.54s, meas=1, tracks=8, valid=0, master=432
[LIVE] udp=1.0/s, objs=1.0/s, last_udp=0.40s, meas=1, tracks=8, valid=0, master=432
[LIVE] udp=0.0/s, objs=0.0/s, last_udp=1.41s, meas=1, tracks=8, valid=0, master=432
[LIVE] udp=0.0/s, objs=0.0/s, last_udp=2.41s, meas=1, tracks=8, valid=0, master=432
[LIVE] udp=0.0/s, objs=0.0/s, last_udp=3.41s, meas=1, tracks=8, valid=0, master=432
[LIVE] udp=3.0/s, objs=3.0/s, last_udp=0.09s, meas=1, tracks=8, valid=0, master=432
[LIVE] udp=1.0/s, objs=1.0/s, last_udp=0.91s, meas=1, tracks=5, valid=0, master=432
[LIVE] udp=1.0/s, objs=1.0/s, last_udp=0.26s, meas=1, tracks=6, valid=0, master=432
[LIVE] udp=3.0/s, objs=3.0/s, last_udp=0.10s, meas=2, tracks=7, valid=0, master=432
[GPS] GGA fix_quality=1, num_sats=22, hdop=0.7, lat=30.408120344833332, lon=104.08863814633334
[LIVE] udp=8.0/s, objs=8.0/s, last_udp=0.06s, meas=3, tracks=13, valid=0, master=432
[LIVE] udp=5.0/s, objs=6.0/s, last_udp=0.00s, meas=3, tracks=15, valid=0, master=432
[LIVE] udp=4.0/s, objs=4.0/s, last_udp=0.18s, meas=2, tracks=17, valid=0, master=432
[LIVE] udp=0.0/s, objs=0.0/s, last_udp=1.19s, meas=2, tracks=17, valid=0, master=432
[LIVE] udp=0.0/s, objs=0.0/s, last_udp=2.19s, meas=2, tracks=17, valid=0, master=432
[LIVE] udp=1.0/s, objs=1.0/s, last_udp=0.75s, meas=1, tracks=17, valid=0, master=432
[LIVE] udp=0.0/s, objs=0.0/s, last_udp=1.75s, meas=1, tracks=17, valid=0, master=432
[LIVE] udp=0.0/s, objs=0.0/s, last_udp=2.75s, meas=1, tracks=17, valid=0, master=432
[LIVE] udp=1.0/s, objs=1.0/s, last_udp=0.72s, meas=1, tracks=14, valid=0, master=432
[LIVE] udp=0.0/s, objs=0.0/s, last_udp=1.72s, meas=1, tracks=14, valid=0, master=432
[GPS] GGA fix_quality=1, num_sats=21, hdop=0.7, lat=30.4081235465, lon=104.08863693233333
[LIVE] udp=0.0/s, objs=0.0/s, last_udp=2.73s, meas=1, tracks=14, valid=0, master=432
[LIVE] udp=0.0/s, objs=0.0/s, last_udp=3.73s, meas=1, tracks=14, valid=0, master=432
[LIVE] udp=6.0/s, objs=7.0/s, last_udp=0.26s, meas=2, tracks=8, valid=0, master=432
[LIVE] udp=4.0/s, objs=4.0/s, last_udp=0.45s, meas=1, tracks=11, valid=0, master=432
[LIVE] udp=2.0/s, objs=2.0/s, last_udp=0.11s, meas=1, tracks=11, valid=0, master=432
[LIVE] udp=3.0/s, objs=3.0/s, last_udp=0.17s, meas=1, tracks=13, valid=0, master=432
[LIVE] udp=3.0/s, objs=3.0/s, last_udp=0.62s, meas=1, tracks=17, valid=0, master=432
[LIVE] udp=0.0/s, objs=0.0/s, last_udp=1.62s, meas=1, tracks=17, valid=0, master=432
[LIVE] udp=0.0/s, objs=0.0/s, last_udp=2.63s, meas=1, tracks=17, valid=0, master=432
[LIVE] udp=0.0/s, objs=0.0/s, last_udp=3.63s, meas=1, tracks=17, valid=0, master=432
[GPS] GGA fix_quality=1, num_sats=21, hdop=0.7, lat=30.40812470033333, lon=104.088629119
[LIVE] udp=4.0/s, objs=4.0/s, last_udp=0.23s, meas=3, tracks=17, valid=0, master=432
[LIVE] udp=1.0/s, objs=1.0/s, last_udp=0.76s, meas=1, tracks=18, valid=0, master=432
[LIVE] udp=0.0/s, objs=0.0/s, last_udp=1.76s, meas=1, tracks=18, valid=0, master=432
[LIVE] udp=2.0/s, objs=2.0/s, last_udp=0.07s, meas=1, tracks=18, valid=0, master=432
[LIVE] udp=4.0/s, objs=4.0/s, last_udp=0.15s, meas=1, tracks=13, valid=1, master=460
[LIVE] udp=4.0/s, objs=4.0/s, last_udp=0.14s, meas=2, tracks=13, valid=1, master=458
[LIVE] udp=4.0/s, objs=4.0/s, last_udp=0.38s, meas=1, tracks=12, valid=0, master=458
[LIVE] udp=8.0/s, objs=8.0/s, last_udp=0.12s, meas=2, tracks=14, valid=0, master=458
[LIVE] udp=4.0/s, objs=4.0/s, last_udp=0.08s, meas=1, tracks=15, valid=1, master=457
[LIVE] udp=5.0/s, objs=5.0/s, last_udp=0.41s, meas=2, tracks=17, valid=1, master=457
[GPS] GGA fix_quality=1, num_sats=24, hdop=0.7, lat=30.408124154, lon=104.08863127366666
[LIVE] udp=4.0/s, objs=4.0/s, last_udp=0.06s, meas=2, tracks=18, valid=0, master=457
[LIVE] udp=4.0/s, objs=4.0/s, last_udp=0.09s, meas=1, tracks=18, valid=0, master=457
[LIVE] udp=3.0/s, objs=3.0/s, last_udp=0.15s, meas=1, tracks=18, valid=1, master=470
[LIVE] udp=3.0/s, objs=3.0/s, last_udp=0.52s, meas=1, tracks=14, valid=1, master=470
[LIVE] udp=4.0/s, objs=5.0/s, last_udp=0.02s, meas=2, tracks=14, valid=1, master=470
[LIVE] udp=7.0/s, objs=7.0/s, last_udp=0.23s, meas=3, tracks=15, valid=2, master=470
[LIVE] udp=4.0/s, objs=4.0/s, last_udp=0.05s, meas=2, tracks=15, valid=2, master=471
[LIVE] udp=7.0/s, objs=7.0/s, last_udp=0.19s, meas=3, tracks=15, valid=2, master=471
[LIVE] udp=7.0/s, objs=9.0/s, last_udp=0.09s, meas=2, tracks=15, valid=2, master=471
[LIVE] udp=5.0/s, objs=5.0/s, last_udp=0.17s, meas=2, tracks=14, valid=1, master=473
[GPS] GGA fix_quality=1, num_sats=21, hdop=0.7, lat=30.408118962666666, lon=104.08862808033334
[LIVE] udp=10.0/s, objs=10.0/s, last_udp=0.22s, meas=4, tracks=14, valid=2, master=457
[LIVE] udp=12.0/s, objs=12.0/s, last_udp=0.10s, meas=3, tracks=13, valid=1, master=470
[LIVE] udp=7.0/s, objs=7.0/s, last_udp=0.16s, meas=2, tracks=12, valid=1, master=458
[LIVE] udp=9.0/s, objs=9.0/s, last_udp=0.03s, meas=3, tracks=12, valid=1, master=471
[LIVE] udp=8.0/s, objs=9.0/s, last_udp=0.12s, meas=2, tracks=13, valid=1, master=471
[LIVE] udp=6.0/s, objs=6.0/s, last_udp=0.04s, meas=1, tracks=13, valid=0, master=458
[LIVE] udp=8.0/s, objs=8.0/s, last_udp=0.22s, meas=1, tracks=14, valid=1, master=477
[LIVE] udp=4.0/s, objs=4.0/s, last_udp=0.06s, meas=1, tracks=14, valid=1, master=477
[LIVE] udp=9.0/s, objs=9.0/s, last_udp=0.01s, meas=2, tracks=16, valid=1, master=477
[LIVE] udp=3.0/s, objs=3.0/s, last_udp=0.24s, meas=1, tracks=14, valid=0, master=477
[GPS] GGA fix_quality=1, num_sats=24, hdop=0.6, lat=30.408119294, lon=104.08862282766667
[LIVE] udp=3.0/s, objs=3.0/s, last_udp=0.67s, meas=1, tracks=15, valid=0, master=477
[LIVE] udp=3.0/s, objs=3.0/s, last_udp=0.07s, meas=1, tracks=15, valid=0, master=477
[LIVE] udp=6.0/s, objs=6.0/s, last_udp=0.03s, meas=3, tracks=17, valid=1, master=481
[LIVE] udp=2.0/s, objs=2.0/s, last_udp=0.02s, meas=1, tracks=18, valid=1, master=481
[LIVE] udp=3.0/s, objs=3.0/s, last_udp=0.32s, meas=1, tracks=16, valid=1, master=481
[LIVE] udp=4.0/s, objs=4.0/s, last_udp=0.05s, meas=1, tracks=17, valid=1, master=481
[LIVE] udp=0.0/s, objs=0.0/s, last_udp=1.06s, meas=1, tracks=17, valid=1, master=481
[LIVE] udp=3.0/s, objs=3.0/s, last_udp=0.06s, meas=1, tracks=16, valid=0, master=481
[LIVE] udp=5.0/s, objs=5.0/s, last_udp=0.24s, meas=1, tracks=19, valid=0, master=481
[LIVE] udp=5.0/s, objs=5.0/s, last_udp=0.02s, meas=2, tracks=18, valid=0, master=481
[GPS] GGA fix_quality=1, num_sats=24, hdop=0.6, lat=30.408121943166666, lon=104.08862246716667
[LIVE] udp=3.0/s, objs=5.0/s, last_udp=0.12s, meas=1, tracks=18, valid=1, master=481
[LIVE] udp=1.0/s, objs=1.0/s, last_udp=0.99s, meas=4, tracks=19, valid=0, master=481
[LIVE] udp=0.0/s, objs=0.0/s, last_udp=1.99s, meas=4, tracks=19, valid=0, master=481
[LIVE] udp=3.0/s, objs=3.0/s, last_udp=0.21s, meas=1, tracks=15, valid=0, master=481
[LIVE] udp=2.0/s, objs=2.0/s, last_udp=0.25s, meas=1, tracks=16, valid=0, master=481
[LIVE] udp=1.0/s, objs=1.0/s, last_udp=0.75s, meas=1, tracks=16, valid=0, master=481
[LIVE] udp=0.0/s, objs=0.0/s, last_udp=1.76s, meas=1, tracks=16, valid=0, master=481
[LIVE] udp=0.0/s, objs=0.0/s, last_udp=2.76s, meas=1, tracks=16, valid=0, master=481
[LIVE] udp=4.0/s, objs=5.0/s, last_udp=0.13s, meas=2, tracks=14, valid=0, master=481
[LIVE] udp=0.0/s, objs=0.0/s, last_udp=1.13s, meas=1, tracks=15, valid=0, master=481
[GPS] GGA fix_quality=1, num_sats=24, hdop=0.6, lat=30.408121924, lon=104.08862260333333
[LIVE] udp=0.0/s, objs=0.0/s, last_udp=2.14s, meas=1, tracks=15, valid=0, master=481
[LIVE] udp=0.0/s, objs=0.0/s, last_udp=3.14s, meas=1, tracks=15, valid=0, master=481
[LIVE] udp=3.0/s, objs=3.0/s, last_udp=0.05s, meas=2, tracks=10, valid=0, master=481
[LIVE] udp=2.0/s, objs=2.0/s, last_udp=0.74s, meas=2, tracks=12, valid=0, master=481
[LIVE] udp=1.0/s, objs=1.0/s, last_udp=0.44s, meas=1, tracks=10, valid=0, master=481
[LIVE] udp=1.0/s, objs=2.0/s, last_udp=0.99s, meas=2, tracks=9, valid=0, master=481
[LIVE] udp=1.0/s, objs=1.0/s, last_udp=0.80s, meas=1, tracks=8, valid=0, master=481
[LIVE] udp=0.0/s, objs=0.0/s, last_udp=1.80s, meas=1, tracks=8, valid=0, master=481
[LIVE] udp=8.0/s, objs=8.0/s, last_udp=0.05s, meas=3, tracks=10, valid=0, master=481
[GPS] GGA fix_quality=1, num_sats=25, hdop=0.6, lat=30.4081247395, lon=104.088625983
[LIVE] udp=2.0/s, objs=2.0/s, last_udp=0.01s, meas=3, tracks=12, valid=0, master=481
[LIVE] udp=5.0/s, objs=5.0/s, last_udp=0.03s, meas=2, tracks=12, valid=0, master=481
[LIVE] udp=7.0/s, objs=7.0/s, last_udp=0.22s, meas=3, tracks=13, valid=0, master=481
[LIVE] udp=2.0/s, objs=2.0/s, last_udp=0.03s, meas=1, tracks=13, valid=0, master=481
[LIVE] udp=6.0/s, objs=6.0/s, last_udp=0.16s, meas=2, tracks=16, valid=0, master=481
[LIVE] udp=6.0/s, objs=7.0/s, last_udp=0.05s, meas=0, tracks=18, valid=0, master=481
[LIVE] udp=1.0/s, objs=1.0/s, last_udp=0.33s, meas=1, tracks=19, valid=0, master=481
[LIVE] udp=1.0/s, objs=1.0/s, last_udp=0.53s, meas=1, tracks=20, valid=0, master=481
[LIVE] udp=1.0/s, objs=1.0/s, last_udp=0.09s, meas=1, tracks=20, valid=0, master=481
[LIVE] udp=3.0/s, objs=3.0/s, last_udp=0.02s, meas=1, tracks=19, valid=0, master=481
[GPS] GGA fix_quality=1, num_sats=25, hdop=0.6, lat=30.408123850833334, lon=104.08863866666667
[LIVE] udp=4.0/s, objs=4.0/s, last_udp=0.22s, meas=1, tracks=19, valid=0, master=481
[LIVE] udp=3.0/s, objs=3.0/s, last_udp=0.41s, meas=1, tracks=19, valid=1, master=506
[LIVE] udp=1.0/s, objs=1.0/s, last_udp=0.37s, meas=1, tracks=19, valid=0, master=506
[LIVE] udp=1.0/s, objs=1.0/s, last_udp=0.04s, meas=1, tracks=19, valid=0, master=506
[LIVE] udp=3.0/s, objs=3.0/s, last_udp=0.30s, meas=1, tracks=15, valid=1, master=505
[LIVE] udp=1.0/s, objs=1.0/s, last_udp=0.97s, meas=1, tracks=14, valid=0, master=505
[LIVE] udp=3.0/s, objs=3.0/s, last_udp=0.20s, meas=2, tracks=14, valid=0, master=505
[LIVE] udp=3.0/s, objs=3.0/s, last_udp=0.10s, meas=1, tracks=13, valid=1, master=514
[LIVE] udp=2.0/s, objs=2.0/s, last_udp=0.41s, meas=1, tracks=9, valid=1, master=514
[LIVE] udp=0.0/s, objs=0.0/s, last_udp=1.41s, meas=1, tracks=9, valid=1, master=514
[GPS] GGA fix_quality=1, num_sats=24, hdop=0.6, lat=30.408123649166665, lon=104.0886315335
[LIVE] udp=3.0/s, objs=3.0/s, last_udp=0.12s, meas=1, tracks=7, valid=0, master=514
[LIVE] udp=2.0/s, objs=2.0/s, last_udp=0.50s, meas=1, tracks=10, valid=0, master=514
[LIVE] udp=0.0/s, objs=0.0/s, last_udp=1.50s, meas=1, tracks=10, valid=0, master=514
[LIVE] udp=2.0/s, objs=2.0/s, last_udp=0.83s, meas=2, tracks=9, valid=2, master=514
[LIVE] udp=2.0/s, objs=2.0/s, last_udp=0.25s, meas=1, tracks=8, valid=1, master=517
[LIVE] udp=2.0/s, objs=2.0/s, last_udp=0.11s, meas=1, tracks=8, valid=1, master=517
[LIVE] udp=1.0/s, objs=1.0/s, last_udp=0.14s, meas=1, tracks=8, valid=0, master=517
[LIVE] udp=3.0/s, objs=3.0/s, last_udp=0.11s, meas=1, tracks=7, valid=1, master=518
[LIVE] udp=0.0/s, objs=0.0/s, last_udp=1.11s, meas=1, tracks=7, valid=1, master=518
[LIVE] udp=2.0/s, objs=2.0/s, last_udp=0.21s, meas=2, tracks=6, valid=0, master=518
[GPS] GGA fix_quality=1, num_sats=26, hdop=0.6, lat=30.408122481333333, lon=104.08863606066667
[LIVE] udp=4.0/s, objs=4.0/s, last_udp=0.09s, meas=1, tracks=6, valid=1, master=515
[LIVE] udp=6.0/s, objs=6.0/s, last_udp=0.06s, meas=2, tracks=5, valid=2, master=515
[LIVE] udp=4.0/s, objs=4.0/s, last_udp=0.48s, meas=2, tracks=5, valid=2, master=515
[LIVE] udp=0.0/s, objs=0.0/s, last_udp=1.48s, meas=2, tracks=5, valid=2, master=515
[LIVE] udp=0.0/s, objs=0.0/s, last_udp=2.48s, meas=2, tracks=5, valid=2, master=515
[LIVE] udp=1.0/s, objs=1.0/s, last_udp=0.99s, meas=1, tracks=5, valid=0, master=515
[LIVE] udp=2.0/s, objs=2.0/s, last_udp=0.34s, meas=0, tracks=5, valid=0, master=515
[LIVE] udp=1.0/s, objs=1.0/s, last_udp=0.24s, meas=1, tracks=5, valid=1, master=516
[LIVE] udp=3.0/s, objs=3.0/s, last_udp=0.30s, meas=2, tracks=6, valid=1, master=516
[LIVE] udp=3.0/s, objs=3.0/s, last_udp=0.56s, meas=1, tracks=5, valid=1, master=520
[GPS] GGA fix_quality=1, num_sats=25, hdop=0.6, lat=30.4081216205, lon=104.088635041
[LIVE] udp=2.0/s, objs=2.0/s, last_udp=0.11s, meas=1, tracks=5, valid=0, master=520
[LIVE] udp=0.0/s, objs=0.0/s, last_udp=1.11s, meas=1, tracks=5, valid=0, master=520
[LIVE] udp=0.0/s, objs=0.0/s, last_udp=2.12s, meas=1, tracks=5, valid=0, master=520
[LIVE] udp=3.0/s, objs=3.0/s, last_udp=0.42s, meas=2, tracks=5, valid=0, master=520
[LIVE] udp=0.0/s, objs=0.0/s, last_udp=1.42s, meas=2, tracks=5, valid=0, master=520
[LIVE] udp=5.0/s, objs=5.0/s, last_udp=0.13s, meas=2, tracks=8, valid=0, master=520
[LIVE] udp=0.0/s, objs=0.0/s, last_udp=1.13s, meas=1, tracks=8, valid=1, master=523
[LIVE] udp=0.0/s, objs=0.0/s, last_udp=2.14s, meas=1, tracks=8, valid=1, master=523
[LIVE] udp=0.0/s, objs=0.0/s, last_udp=3.14s, meas=1, tracks=8, valid=1, master=523
[LIVE] udp=0.0/s, objs=0.0/s, last_udp=4.14s, meas=1, tracks=8, valid=1, master=523
[GPS] GGA fix_quality=1, num_sats=26, hdop=0.6, lat=30.40812229366667, lon=104.088636533
[LIVE] udp=4.0/s, objs=4.0/s, last_udp=0.30s, meas=2, tracks=10, valid=0, master=523
[LIVE] udp=1.0/s, objs=1.0/s, last_udp=0.63s, meas=1, tracks=11, valid=0, master=523
[LIVE] udp=1.0/s, objs=1.0/s, last_udp=0.42s, meas=1, tracks=11, valid=0, master=523
[LIVE] udp=1.0/s, objs=1.0/s, last_udp=0.00s, meas=1, tracks=11, valid=0, master=523
[LIVE] udp=4.0/s, objs=4.0/s, last_udp=0.15s, meas=2, tracks=13, valid=0, master=523
[LIVE] udp=1.0/s, objs=1.0/s, last_udp=0.14s, meas=2, tracks=13, valid=0, master=523
[LIVE] udp=2.0/s, objs=2.0/s, last_udp=0.27s, meas=1, tracks=12, valid=1, master=533
[LIVE] udp=2.0/s, objs=2.0/s, last_udp=0.51s, meas=1, tracks=12, valid=0, master=533
[LIVE] udp=5.0/s, objs=5.0/s, last_udp=0.11s, meas=1, tracks=13, valid=0, master=533
[LIVE] udp=3.0/s, objs=3.0/s, last_udp=0.17s, meas=0, tracks=14, valid=0, master=533
[GPS] GGA fix_quality=1, num_sats=25, hdop=0.6, lat=30.408121505, lon=104.088630623
[LIVE] udp=0.0/s, objs=0.0/s, last_udp=1.17s, meas=1, tracks=14, valid=0, master=533
[LIVE] udp=0.0/s, objs=0.0/s, last_udp=2.18s, meas=1, tracks=14, valid=0, master=533
[LIVE] udp=2.0/s, objs=2.0/s, last_udp=0.45s, meas=1, tracks=12, valid=0, master=533
[LIVE] udp=4.0/s, objs=5.0/s, last_udp=0.36s, meas=2, tracks=11, valid=0, master=533
[LIVE] udp=0.0/s, objs=0.0/s, last_udp=1.36s, meas=2, tracks=11, valid=0, master=533
[LIVE] udp=1.0/s, objs=1.0/s, last_udp=0.92s, meas=1, tracks=11, valid=0, master=533
[LIVE] udp=0.0/s, objs=0.0/s, last_udp=1.92s, meas=1, tracks=11, valid=0, master=533
[LIVE] udp=1.0/s, objs=1.0/s, last_udp=0.71s, meas=1, tracks=11, valid=0, master=533
[LIVE] udp=0.0/s, objs=0.0/s, last_udp=1.71s, meas=1, tracks=11, valid=0, master=533
[LIVE] udp=0.0/s, objs=0.0/s, last_udp=2.72s, meas=1, tracks=11, valid=0, master=533
[GPS] GGA fix_quality=1, num_sats=24, hdop=0.6, lat=30.408123107166666, lon=104.08862798016666
[LIVE] udp=0.0/s, objs=0.0/s, last_udp=3.72s, meas=1, tracks=11, valid=0, master=533
[LIVE] udp=1.0/s, objs=1.0/s, last_udp=0.79s, meas=0, tracks=5, valid=0, master=533
[LIVE] udp=0.0/s, objs=0.0/s, last_udp=1.79s, meas=0, tracks=5, valid=0, master=533
[LIVE] udp=0.0/s, objs=0.0/s, last_udp=2.79s, meas=0, tracks=5, valid=0, master=533
[LIVE] udp=1.0/s, objs=1.0/s, last_udp=0.96s, meas=1, tracks=3, valid=0, master=533
[LIVE] udp=0.0/s, objs=0.0/s, last_udp=1.96s, meas=1, tracks=3, valid=0, master=533
[LIVE] udp=0.0/s, objs=0.0/s, last_udp=2.96s, meas=1, tracks=3, valid=0, master=533
[LIVE] udp=0.0/s, objs=0.0/s, last_udp=3.96s, meas=1, tracks=3, valid=0, master=533
[LIVE] udp=0.0/s, objs=0.0/s, last_udp=4.96s, meas=1, tracks=3, valid=0, master=533
[LIVE] udp=2.0/s, objs=2.0/s, last_udp=0.07s, meas=2, tracks=3, valid=0, master=533
[GPS] GGA fix_quality=1, num_sats=24, hdop=0.6, lat=30.408123649166665, lon=104.08862088716667
[LIVE] udp=3.0/s, objs=3.0/s, last_udp=0.59s, meas=2, tracks=5, valid=0, master=533
[LIVE] udp=1.0/s, objs=1.0/s, last_udp=0.10s, meas=2, tracks=5, valid=0, master=533
[LIVE] udp=1.0/s, objs=1.0/s, last_udp=0.29s, meas=1, tracks=5, valid=0, master=533
[LIVE] udp=2.0/s, objs=2.0/s, last_udp=0.24s, meas=1, tracks=7, valid=0, master=533
[LIVE] udp=0.0/s, objs=0.0/s, last_udp=1.24s, meas=1, tracks=7, valid=0, master=533
[LIVE] udp=1.0/s, objs=1.0/s, last_udp=0.12s, meas=1, tracks=7, valid=0, master=533
[LIVE] udp=0.0/s, objs=0.0/s, last_udp=1.12s, meas=1, tracks=7, valid=0, master=533
[LIVE] udp=0.0/s, objs=0.0/s, last_udp=2.12s, meas=1, tracks=7, valid=0, master=533
[LIVE] udp=0.0/s, objs=0.0/s, last_udp=3.12s, meas=1, tracks=7, valid=0, master=533
[LIVE] udp=1.0/s, objs=1.0/s, last_udp=0.78s, meas=1, tracks=7, valid=0, master=533
[GPS] GGA fix_quality=1, num_sats=25, hdop=0.6, lat=30.408126368333335, lon=104.0886217405
[LIVE] udp=0.0/s, objs=0.0/s, last_udp=1.79s, meas=1, tracks=7, valid=0, master=533
[LIVE] udp=0.0/s, objs=0.0/s, last_udp=2.79s, meas=1, tracks=7, valid=0, master=533
[LIVE] udp=1.0/s, objs=2.0/s, last_udp=0.90s, meas=2, tracks=4, valid=0, master=533
[LIVE] udp=1.0/s, objs=1.0/s, last_udp=0.29s, meas=1, tracks=4, valid=0, master=533
[LIVE] udp=0.0/s, objs=0.0/s, last_udp=1.29s, meas=1, tracks=4, valid=0, master=533
[LIVE] udp=2.0/s, objs=2.0/s, last_udp=0.11s, meas=1, tracks=4, valid=0, master=533
[LIVE] udp=4.0/s, objs=4.0/s, last_udp=0.39s, meas=1, tracks=8, valid=0, master=533
[LIVE] udp=1.0/s, objs=1.0/s, last_udp=0.84s, meas=1, tracks=9, valid=0, master=533
[LIVE] udp=0.0/s, objs=0.0/s, last_udp=1.84s, meas=1, tracks=9, valid=0, master=533
[LIVE] udp=2.0/s, objs=2.0/s, last_udp=0.35s, meas=1, tracks=11, valid=0, master=533
[GPS] GGA fix_quality=1, num_sats=25, hdop=0.6, lat=30.4081317995, lon=104.088627265
[LIVE] udp=3.0/s, objs=3.0/s, last_udp=0.39s, meas=1, tracks=11, valid=0, master=533
[LIVE] udp=2.0/s, objs=2.0/s, last_udp=0.83s, meas=2, tracks=11, valid=0, master=533
[LIVE] udp=0.0/s, objs=0.0/s, last_udp=1.83s, meas=2, tracks=11, valid=0, master=533
[LIVE] udp=0.0/s, objs=0.0/s, last_udp=2.83s, meas=2, tracks=11, valid=0, master=533
[LIVE] udp=1.0/s, objs=1.0/s, last_udp=0.67s, meas=1, tracks=9, valid=0, master=533
[LIVE] udp=0.0/s, objs=0.0/s, last_udp=1.67s, meas=1, tracks=9, valid=0, master=533
[LIVE] udp=1.0/s, objs=1.0/s, last_udp=0.51s, meas=1, tracks=9, valid=0, master=533
[LIVE] udp=1.0/s, objs=1.0/s, last_udp=0.12s, meas=1, tracks=9, valid=0, master=533
[LIVE] udp=5.0/s, objs=5.0/s, last_udp=0.06s, meas=2, tracks=8, valid=0, master=533
[LIVE] udp=1.0/s, objs=1.0/s, last_udp=0.72s, meas=1, tracks=9, valid=0, master=533
[GPS] GGA fix_quality=1, num_sats=24, hdop=0.7, lat=30.408135080666668, lon=104.0886294935
[LIVE] udp=0.0/s, objs=0.0/s, last_udp=1.72s, meas=1, tracks=9, valid=0, master=533
[LIVE] udp=0.0/s, objs=0.0/s, last_udp=2.72s, meas=1, tracks=9, valid=0, master=533
[LIVE] udp=1.0/s, objs=1.0/s, last_udp=0.27s, meas=1, tracks=8, valid=0, master=533
[LIVE] udp=1.0/s, objs=1.0/s, last_udp=0.01s, meas=1, tracks=8, valid=0, master=533
[LIVE] udp=1.0/s, objs=1.0/s, last_udp=0.58s, meas=1, tracks=10, valid=0, master=533
[LIVE] udp=0.0/s, objs=0.0/s, last_udp=1.59s, meas=1, tracks=10, valid=0, master=533
[LIVE] udp=0.0/s, objs=0.0/s, last_udp=2.59s, meas=1, tracks=10, valid=0, master=533
[LIVE] udp=0.0/s, objs=0.0/s, last_udp=3.59s, meas=1, tracks=10, valid=0, master=533
[LIVE] udp=0.0/s, objs=0.0/s, last_udp=4.59s, meas=1, tracks=10, valid=0, master=533
[LIVE] udp=0.0/s, objs=0.0/s, last_udp=5.59s, meas=1, tracks=10, valid=0, master=533
[GPS] GGA fix_quality=1, num_sats=23, hdop=0.6, lat=30.408137044666667, lon=104.088629284
[LIVE] udp=0.0/s, objs=0.0/s, last_udp=6.60s, meas=1, tracks=10, valid=0, master=533
[LIVE] udp=0.0/s, objs=0.0/s, last_udp=7.60s, meas=1, tracks=10, valid=0, master=533
[LIVE] udp=0.0/s, objs=0.0/s, last_udp=8.60s, meas=1, tracks=10, valid=0, master=533
[LIVE] udp=0.0/s, objs=0.0/s, last_udp=9.60s, meas=1, tracks=10, valid=0, master=533
[LIVE] udp=0.0/s, objs=0.0/s, last_udp=10.60s, meas=1, tracks=10, valid=0, master=533
[LIVE] udp=0.0/s, objs=0.0/s, last_udp=11.60s, meas=1, tracks=10, valid=0, master=533
[LIVE] udp=0.0/s, objs=0.0/s, last_udp=12.61s, meas=1, tracks=10, valid=0, master=533
[LIVE] udp=1.0/s, objs=1.0/s, last_udp=0.53s, meas=1, tracks=1, valid=0, master=533
[LIVE] udp=2.0/s, objs=2.0/s, last_udp=0.45s, meas=2, tracks=3, valid=0, master=533
[LIVE] udp=0.0/s, objs=0.0/s, last_udp=1.46s, meas=2, tracks=3, valid=0, master=533
[GPS] GGA fix_quality=1, num_sats=20, hdop=0.7, lat=30.408138547666667, lon=104.08862487933334
[LIVE] udp=0.0/s, objs=0.0/s, last_udp=2.46s, meas=2, tracks=3, valid=0, master=533
[LIVE] udp=1.0/s, objs=1.0/s, last_udp=0.85s, meas=1, tracks=3, valid=0, master=533
[LIVE] udp=0.0/s, objs=0.0/s, last_udp=1.85s, meas=1, tracks=3, valid=0, master=533
[LIVE] udp=0.0/s, objs=0.0/s, last_udp=2.85s, meas=1, tracks=3, valid=0, master=533
[LIVE] udp=0.0/s, objs=0.0/s, last_udp=3.85s, meas=1, tracks=3, valid=0, master=533
[LIVE] udp=0.0/s, objs=0.0/s, last_udp=4.85s, meas=1, tracks=3, valid=0, master=533
[LIVE] udp=0.0/s, objs=0.0/s, last_udp=5.86s, meas=1, tracks=3, valid=0, master=533
[LIVE] udp=0.0/s, objs=0.0/s, last_udp=6.86s, meas=1, tracks=3, valid=0, master=533
[LIVE] udp=0.0/s, objs=0.0/s, last_udp=7.86s, meas=1, tracks=3, valid=0, master=533
[LIVE] udp=0.0/s, objs=0.0/s, last_udp=8.87s, meas=1, tracks=3, valid=0, master=533
[GPS] GGA fix_quality=1, num_sats=24, hdop=0.6, lat=30.408140724333332, lon=104.08862104516666
[LIVE] udp=1.0/s, objs=1.0/s, last_udp=0.15s, meas=1, tracks=3, valid=0, master=533
[LIVE] udp=1.0/s, objs=1.0/s, last_udp=0.66s, meas=1, tracks=3, valid=0, master=533
[LIVE] udp=1.0/s, objs=1.0/s, last_udp=0.50s, meas=1, tracks=3, valid=0, master=533
[LIVE] udp=0.0/s, objs=0.0/s, last_udp=1.50s, meas=1, tracks=3, valid=0, master=533
[LIVE] udp=3.0/s, objs=3.0/s, last_udp=0.08s, meas=1, tracks=5, valid=0, master=533
[LIVE] udp=1.0/s, objs=1.0/s, last_udp=0.34s, meas=1, tracks=7, valid=0, master=533
[LIVE] udp=3.0/s, objs=3.0/s, last_udp=0.05s, meas=2, tracks=9, valid=0, master=533
[LIVE] udp=4.0/s, objs=5.0/s, last_udp=0.17s, meas=2, tracks=11, valid=0, master=533
[LIVE] udp=2.0/s, objs=2.0/s, last_udp=0.15s, meas=1, tracks=11, valid=0, master=533
[LIVE] udp=2.0/s, objs=2.0/s, last_udp=0.55s, meas=1, tracks=12, valid=0, master=533
[GPS] GGA fix_quality=1, num_sats=24, hdop=0.6, lat=30.408140532333334, lon=104.08862403666667
[LIVE] udp=0.0/s, objs=0.0/s, last_udp=1.56s, meas=1, tracks=12, valid=0, master=533
[LIVE] udp=0.0/s, objs=0.0/s, last_udp=2.56s, meas=1, tracks=12, valid=0, master=533
[LIVE] udp=0.0/s, objs=0.0/s, last_udp=3.56s, meas=1, tracks=12, valid=0, master=533
[LIVE] udp=0.0/s, objs=0.0/s, last_udp=4.57s, meas=1, tracks=12, valid=0, master=533
[LIVE] udp=0.0/s, objs=0.0/s, last_udp=5.57s, meas=1, tracks=12, valid=0, master=533
[LIVE] udp=3.0/s, objs=3.0/s, last_udp=0.23s, meas=2, tracks=11, valid=0, master=533
[LIVE] udp=0.0/s, objs=0.0/s, last_udp=1.23s, meas=2, tracks=11, valid=0, master=533
[LIVE] udp=0.0/s, objs=0.0/s, last_udp=2.23s, meas=2, tracks=11, valid=0, master=533
[LIVE] udp=2.0/s, objs=3.0/s, last_udp=0.01s, meas=2, tracks=11, valid=0, master=533
[LIVE] udp=2.0/s, objs=2.0/s, last_udp=0.80s, meas=2, tracks=8, valid=0, master=533
[GPS] GGA fix_quality=1, num_sats=21, hdop=0.7, lat=30.408140398833332, lon=104.08862415366667
[LIVE] udp=4.0/s, objs=4.0/s, last_udp=0.51s, meas=1, tracks=9, valid=0, master=533
[LIVE] udp=4.0/s, objs=4.0/s, last_udp=0.21s, meas=1, tracks=11, valid=0, master=533
[LIVE] udp=4.0/s, objs=4.0/s, last_udp=0.07s, meas=2, tracks=11, valid=0, master=533
[LIVE] udp=1.0/s, objs=1.0/s, last_udp=0.01s, meas=1, tracks=12, valid=0, master=533
[LIVE] udp=2.0/s, objs=2.0/s, last_udp=0.17s, meas=0, tracks=12, valid=0, master=533
[LIVE] udp=3.0/s, objs=3.0/s, last_udp=0.08s, meas=1, tracks=12, valid=1, master=574
[LIVE] udp=1.0/s, objs=1.0/s, last_udp=0.18s, meas=1, tracks=12, valid=1, master=574
[LIVE] udp=2.0/s, objs=2.0/s, last_udp=0.31s, meas=1, tracks=13, valid=0, master=574
[LIVE] udp=0.0/s, objs=0.0/s, last_udp=1.31s, meas=1, tracks=13, valid=0, master=574
[LIVE] udp=1.0/s, objs=1.0/s, last_udp=0.05s, meas=1, tracks=13, valid=0, master=574
[GPS] GGA fix_quality=1, num_sats=22, hdop=0.7, lat=30.408140328166667, lon=104.08862396416667
[LIVE] udp=1.0/s, objs=1.0/s, last_udp=0.64s, meas=1, tracks=13, valid=0, master=574
[LIVE] udp=0.0/s, objs=0.0/s, last_udp=1.64s, meas=1, tracks=13, valid=0, master=574
[LIVE] udp=3.0/s, objs=3.0/s, last_udp=0.01s, meas=0, tracks=10, valid=0, master=574
[LIVE] udp=3.0/s, objs=4.0/s, last_udp=0.04s, meas=1, tracks=13, valid=0, master=574
[LIVE] udp=0.0/s, objs=0.0/s, last_udp=1.04s, meas=1, tracks=13, valid=0, master=574
[LIVE] udp=0.0/s, objs=0.0/s, last_udp=2.04s, meas=1, tracks=13, valid=0, master=574
[LIVE] udp=0.0/s, objs=0.0/s, last_udp=3.05s, meas=1, tracks=13, valid=0, master=574
[LIVE] udp=0.0/s, objs=0.0/s, last_udp=4.05s, meas=1, tracks=13, valid=0, master=574
[LIVE] udp=0.0/s, objs=0.0/s, last_udp=5.05s, meas=1, tracks=13, valid=0, master=574
[LIVE] udp=3.0/s, objs=3.0/s, last_udp=0.09s, meas=2, tracks=7, valid=0, master=574
[GPS] GGA fix_quality=1, num_sats=21, hdop=0.7, lat=30.408140159333332, lon=104.08862355833334
[LIVE] udp=0.0/s, objs=0.0/s, last_udp=1.10s, meas=0, tracks=7, valid=0, master=574
[LIVE] udp=1.0/s, objs=1.0/s, last_udp=0.07s, meas=0, tracks=7, valid=0, master=574
[LIVE] udp=1.0/s, objs=1.0/s, last_udp=0.58s, meas=1, tracks=7, valid=0, master=574
[LIVE] udp=0.0/s, objs=0.0/s, last_udp=1.58s, meas=1, tracks=7, valid=0, master=574
[LIVE] udp=3.0/s, objs=3.0/s, last_udp=0.03s, meas=1, tracks=5, valid=0, master=574
[LIVE] udp=3.0/s, objs=3.0/s, last_udp=0.17s, meas=1, tracks=8, valid=0, master=574
[LIVE] udp=2.0/s, objs=2.0/s, last_udp=0.02s, meas=1, tracks=8, valid=0, master=574
[LIVE] udp=1.0/s, objs=1.0/s, last_udp=0.81s, meas=1, tracks=9, valid=0, master=595
[LIVE] udp=0.0/s, objs=0.0/s, last_udp=1.81s, meas=1, tracks=9, valid=0, master=595
[LIVE] udp=3.0/s, objs=3.0/s, last_udp=0.18s, meas=1, tracks=9, valid=0, master=595
[GPS] GGA fix_quality=1, num_sats=20, hdop=0.7, lat=30.408140047, lon=104.08862249833334
[LIVE] udp=6.0/s, objs=6.0/s, last_udp=0.19s, meas=1, tracks=11, valid=0, master=595
[LIVE] udp=0.0/s, objs=0.0/s, last_udp=1.20s, meas=1, tracks=11, valid=0, master=595
[LIVE] udp=4.0/s, objs=4.0/s, last_udp=0.03s, meas=3, tracks=9, valid=0, master=595
[LIVE] udp=2.0/s, objs=2.0/s, last_udp=0.33s, meas=1, tracks=10, valid=0, master=595
[LIVE] udp=0.0/s, objs=0.0/s, last_udp=1.34s, meas=1, tracks=10, valid=0, master=595
[LIVE] udp=5.0/s, objs=5.0/s, last_udp=0.10s, meas=3, tracks=12, valid=0, master=595
[LIVE] udp=2.0/s, objs=2.0/s, last_udp=0.04s, meas=1, tracks=13, valid=0, master=595
[LIVE] udp=0.0/s, objs=0.0/s, last_udp=1.04s, meas=1, tracks=13, valid=0, master=595
[LIVE] udp=1.0/s, objs=1.0/s, last_udp=0.10s, meas=1, tracks=13, valid=0, master=595
[LIVE] udp=1.0/s, objs=1.0/s, last_udp=0.68s, meas=1, tracks=13, valid=0, master=595
[GPS] GGA fix_quality=1, num_sats=20, hdop=0.8, lat=30.408139109833332, lon=104.0886215635
[LIVE] udp=0.0/s, objs=0.0/s, last_udp=1.69s, meas=1, tracks=13, valid=0, master=595
[LIVE] udp=0.0/s, objs=0.0/s, last_udp=2.69s, meas=1, tracks=13, valid=0, master=595
[LIVE] udp=0.0/s, objs=0.0/s, last_udp=3.69s, meas=1, tracks=13, valid=0, master=595
[LIVE] udp=0.0/s, objs=0.0/s, last_udp=4.69s, meas=1, tracks=13, valid=0, master=595
[LIVE] udp=0.0/s, objs=0.0/s, last_udp=5.69s, meas=1, tracks=13, valid=0, master=595
[LIVE] udp=0.0/s, objs=0.0/s, last_udp=6.70s, meas=1, tracks=13, valid=0, master=595
[LIVE] udp=0.0/s, objs=0.0/s, last_udp=7.70s, meas=1, tracks=13, valid=0, master=595
[LIVE] udp=0.0/s, objs=0.0/s, last_udp=8.70s, meas=1, tracks=13, valid=0, master=595
[LIVE] udp=3.0/s, objs=3.0/s, last_udp=0.09s, meas=1, tracks=3, valid=0, master=595
[LIVE] udp=1.0/s, objs=1.0/s, last_udp=0.60s, meas=1, tracks=4, valid=0, master=595
[GPS] GGA fix_quality=1, num_sats=21, hdop=0.7, lat=30.408139879666667, lon=104.0886194125
[LIVE] udp=0.0/s, objs=0.0/s, last_udp=1.60s, meas=1, tracks=4, valid=0, master=595
[LIVE] udp=0.0/s, objs=0.0/s, last_udp=2.61s, meas=1, tracks=4, valid=0, master=595
[LIVE] udp=0.0/s, objs=0.0/s, last_udp=3.61s, meas=1, tracks=4, valid=0, master=595
[LIVE] udp=0.0/s, objs=0.0/s, last_udp=4.61s, meas=1, tracks=4, valid=0, master=595
[LIVE] udp=0.0/s, objs=0.0/s, last_udp=5.61s, meas=1, tracks=4, valid=0, master=595
[LIVE] udp=0.0/s, objs=0.0/s, last_udp=6.61s, meas=1, tracks=4, valid=0, master=595
[LIVE] udp=0.0/s, objs=0.0/s, last_udp=7.62s, meas=1, tracks=4, valid=0, master=595
[LIVE] udp=0.0/s, objs=0.0/s, last_udp=8.62s, meas=1, tracks=4, valid=0, master=595
[LIVE] udp=2.0/s, objs=2.0/s, last_udp=0.05s, meas=1, tracks=4, valid=0, master=595
[LIVE] udp=2.0/s, objs=2.0/s, last_udp=0.38s, meas=1, tracks=5, valid=0, master=595
[GPS] GGA fix_quality=1, num_sats=22, hdop=0.7, lat=30.408141574666665, lon=104.088618413
[LIVE] udp=5.0/s, objs=5.0/s, last_udp=0.37s, meas=1, tracks=8, valid=0, master=595
[LIVE] udp=0.0/s, objs=0.0/s, last_udp=1.38s, meas=1, tracks=8, valid=0, master=595
[LIVE] udp=1.0/s, objs=1.0/s, last_udp=0.64s, meas=1, tracks=9, valid=0, master=595
[LIVE] udp=0.0/s, objs=0.0/s, last_udp=1.65s, meas=1, tracks=9, valid=0, master=595
[LIVE] udp=0.0/s, objs=0.0/s, last_udp=2.65s, meas=1, tracks=9, valid=0, master=595
[LIVE] udp=1.0/s, objs=1.0/s, last_udp=0.35s, meas=1, tracks=9, valid=0, master=595
[LIVE] udp=0.0/s, objs=0.0/s, last_udp=1.35s, meas=1, tracks=9, valid=0, master=595
[LIVE] udp=2.0/s, objs=2.0/s, last_udp=0.26s, meas=2, tracks=9, valid=0, master=595
[LIVE] udp=3.0/s, objs=3.0/s, last_udp=0.01s, meas=1, tracks=10, valid=0, master=595
[LIVE] udp=0.0/s, objs=0.0/s, last_udp=1.01s, meas=2, tracks=11, valid=0, master=595
[GPS] GGA fix_quality=1, num_sats=24, hdop=0.7, lat=30.408144986666667, lon=104.08861975816667
[LIVE] udp=0.0/s, objs=0.0/s, last_udp=2.01s, meas=2, tracks=11, valid=0, master=595
[LIVE] udp=1.0/s, objs=1.0/s, last_udp=0.27s, meas=1, tracks=8, valid=0, master=595
[LIVE] udp=4.0/s, objs=4.0/s, last_udp=0.08s, meas=2, tracks=9, valid=1, master=616
[LIVE] udp=3.0/s, objs=3.0/s, last_udp=0.52s, meas=1, tracks=9, valid=0, master=617
[LIVE] udp=1.0/s, objs=1.0/s, last_udp=0.49s, meas=1, tracks=10, valid=0, master=617
[LIVE] udp=8.0/s, objs=8.0/s, last_udp=0.29s, meas=1, tracks=10, valid=0, master=617
[LIVE] udp=0.0/s, objs=0.0/s, last_udp=1.29s, meas=1, tracks=10, valid=0, master=617
[LIVE] udp=2.0/s, objs=2.0/s, last_udp=0.37s, meas=1, tracks=10, valid=0, master=617
[LIVE] udp=3.0/s, objs=3.0/s, last_udp=0.09s, meas=1, tracks=10, valid=0, master=617
[LIVE] udp=0.0/s, objs=0.0/s, last_udp=1.10s, meas=1, tracks=10, valid=0, master=617
[GPS] GGA fix_quality=1, num_sats=26, hdop=0.6, lat=30.408144577333335, lon=104.08861460666667
[LIVE] udp=0.0/s, objs=0.0/s, last_udp=2.10s, meas=1, tracks=10, valid=0, master=617
[LIVE] udp=0.0/s, objs=0.0/s, last_udp=3.10s, meas=1, tracks=10, valid=0, master=617
[LIVE] udp=0.0/s, objs=0.0/s, last_udp=4.10s, meas=1, tracks=10, valid=0, master=617
[LIVE] udp=0.0/s, objs=0.0/s, last_udp=5.11s, meas=1, tracks=10, valid=0, master=617
[LIVE] udp=0.0/s, objs=0.0/s, last_udp=6.11s, meas=1, tracks=10, valid=0, master=617
[LIVE] udp=0.0/s, objs=0.0/s, last_udp=7.11s, meas=1, tracks=10, valid=0, master=617
[LIVE] udp=1.0/s, objs=1.0/s, last_udp=0.02s, meas=1, tracks=10, valid=0, master=617
[LIVE] udp=0.0/s, objs=0.0/s, last_udp=1.02s, meas=1, tracks=4, valid=0, master=617
[LIVE] udp=1.0/s, objs=1.0/s, last_udp=0.14s, meas=1, tracks=4, valid=0, master=617
[LIVE] udp=2.0/s, objs=2.0/s, last_udp=0.05s, meas=1, tracks=3, valid=0, master=617
[GPS] GGA fix_quality=1, num_sats=24, hdop=0.6, lat=30.40814391383333, lon=104.08860859466667
[LIVE] udp=3.0/s, objs=3.0/s, last_udp=0.01s, meas=1, tracks=5, valid=0, master=617
[LIVE] udp=0.0/s, objs=0.0/s, last_udp=1.01s, meas=1, tracks=6, valid=0, master=617
[LIVE] udp=0.0/s, objs=0.0/s, last_udp=2.02s, meas=1, tracks=6, valid=0, master=617
[LIVE] udp=3.0/s, objs=3.0/s, last_udp=0.07s, meas=1, tracks=6, valid=0, master=617
[LIVE] udp=4.0/s, objs=4.0/s, last_udp=0.21s, meas=0, tracks=7, valid=0, master=621
[LIVE] udp=6.0/s, objs=6.0/s, last_udp=0.26s, meas=3, tracks=9, valid=1, master=624
[LIVE] udp=9.0/s, objs=9.0/s, last_udp=0.19s, meas=2, tracks=12, valid=1, master=628
[LIVE] udp=1.0/s, objs=1.0/s, last_udp=0.79s, meas=0, tracks=12, valid=0, master=624
[LIVE] udp=0.0/s, objs=0.0/s, last_udp=1.79s, meas=0, tracks=12, valid=0, master=624
[LIVE] udp=0.0/s, objs=0.0/s, last_udp=2.79s, meas=0, tracks=12, valid=0, master=624
[GPS] GGA fix_quality=1, num_sats=22, hdop=0.7, lat=30.408144444833333, lon=104.08860889316666
[LIVE] udp=1.0/s, objs=1.0/s, last_udp=0.14s, meas=0, tracks=12, valid=0, master=624
[LIVE] udp=3.0/s, objs=3.0/s, last_udp=0.09s, meas=2, tracks=13, valid=0, master=624
[LIVE] udp=4.0/s, objs=4.0/s, last_udp=0.10s, meas=2, tracks=14, valid=0, master=624
[LIVE] udp=7.0/s, objs=7.0/s, last_udp=0.07s, meas=2, tracks=17, valid=0, master=624
[LIVE] udp=1.0/s, objs=1.0/s, last_udp=0.86s, meas=1, tracks=18, valid=0, master=624
[LIVE] udp=0.0/s, objs=0.0/s, last_udp=1.86s, meas=1, tracks=18, valid=0, master=624
[LIVE] udp=1.0/s, objs=1.0/s, last_udp=0.45s, meas=1, tracks=17, valid=0, master=624
[LIVE] udp=0.0/s, objs=0.0/s, last_udp=1.45s, meas=1, tracks=17, valid=0, master=624
[LIVE] udp=0.0/s, objs=0.0/s, last_udp=2.46s, meas=1, tracks=17, valid=0, master=624
[LIVE] udp=0.0/s, objs=0.0/s, last_udp=3.46s, meas=1, tracks=17, valid=0, master=624
[GPS] GGA fix_quality=1, num_sats=25, hdop=0.6, lat=30.408144502, lon=104.08860988633333
[LIVE] udp=0.0/s, objs=0.0/s, last_udp=4.46s, meas=1, tracks=17, valid=0, master=624
[LIVE] udp=4.0/s, objs=4.0/s, last_udp=0.15s, meas=2, tracks=14, valid=0, master=624
[LIVE] udp=3.0/s, objs=3.0/s, last_udp=0.47s, meas=1, tracks=15, valid=0, master=624
[LIVE] udp=7.0/s, objs=7.0/s, last_udp=0.05s, meas=3, tracks=18, valid=0, master=624
[LIVE] udp=3.0/s, objs=3.0/s, last_udp=0.17s, meas=1, tracks=18, valid=0, master=624
[LIVE] udp=0.0/s, objs=0.0/s, last_udp=1.17s, meas=1, tracks=16, valid=0, master=624
[LIVE] udp=0.0/s, objs=0.0/s, last_udp=2.17s, meas=1, tracks=16, valid=0, master=624
[LIVE] udp=5.0/s, objs=5.0/s, last_udp=0.19s, meas=3, tracks=17, valid=0, master=624
[LIVE] udp=1.0/s, objs=1.0/s, last_udp=0.32s, meas=1, tracks=16, valid=0, master=624
[LIVE] udp=8.0/s, objs=8.0/s, last_udp=0.02s, meas=2, tracks=20, valid=0, master=624
[GPS] GGA fix_quality=1, num_sats=26, hdop=0.6, lat=30.408144558333333, lon=104.08861150966666
[LIVE] udp=7.0/s, objs=7.0/s, last_udp=0.11s, meas=2, tracks=25, valid=0, master=624
[LIVE] udp=6.0/s, objs=6.0/s, last_udp=0.17s, meas=2, tracks=26, valid=0, master=653
[LIVE] udp=0.0/s, objs=0.0/s, last_udp=1.17s, meas=1, tracks=26, valid=0, master=653
[LIVE] udp=0.0/s, objs=0.0/s, last_udp=2.17s, meas=1, tracks=26, valid=0, master=653
[LIVE] udp=0.0/s, objs=0.0/s, last_udp=3.18s, meas=1, tracks=26, valid=0, master=653
[LIVE] udp=0.0/s, objs=0.0/s, last_udp=4.18s, meas=1, tracks=26, valid=0, master=653
[LIVE] udp=0.0/s, objs=0.0/s, last_udp=5.18s, meas=1, tracks=26, valid=0, master=653
[LIVE] udp=0.0/s, objs=0.0/s, last_udp=6.18s, meas=1, tracks=26, valid=0, master=653
[LIVE] udp=0.0/s, objs=0.0/s, last_udp=7.19s, meas=1, tracks=26, valid=0, master=653
[LIVE] udp=1.0/s, objs=1.0/s, last_udp=0.04s, meas=1, tracks=26, valid=0, master=653
[GPS] GGA fix_quality=1, num_sats=23, hdop=0.7, lat=30.408146553166667, lon=104.0886198545
[LIVE] udp=3.0/s, objs=5.0/s, last_udp=0.08s, meas=2, tracks=13, valid=0, master=653
[LIVE] udp=1.0/s, objs=1.0/s, last_udp=0.94s, meas=1, tracks=9, valid=0, master=653
[LIVE] udp=2.0/s, objs=2.0/s, last_udp=0.03s, meas=1, tracks=9, valid=0, master=653
[LIVE] udp=4.0/s, objs=4.0/s, last_udp=0.41s, meas=2, tracks=6, valid=0, master=653
[LIVE] udp=4.0/s, objs=5.0/s, last_udp=0.61s, meas=2, tracks=7, valid=1, master=662
[LIVE] udp=0.0/s, objs=0.0/s, last_udp=1.61s, meas=2, tracks=7, valid=1, master=662
[LIVE] udp=0.0/s, objs=0.0/s, last_udp=2.61s, meas=2, tracks=7, valid=1, master=662
[LIVE] udp=0.0/s, objs=0.0/s, last_udp=3.62s, meas=2, tracks=7, valid=1, master=662
[LIVE] udp=1.0/s, objs=1.0/s, last_udp=0.98s, meas=0, tracks=7, valid=0, master=662
[LIVE] udp=0.0/s, objs=0.0/s, last_udp=1.98s, meas=0, tracks=7, valid=0, master=662
[GPS] GGA fix_quality=1, num_sats=25, hdop=0.6, lat=30.408148824833333, lon=104.08862555633333
[LIVE] udp=0.0/s, objs=0.0/s, last_udp=2.98s, meas=0, tracks=7, valid=0, master=662
[LIVE] udp=0.0/s, objs=0.0/s, last_udp=3.99s, meas=0, tracks=7, valid=0, master=662
[LIVE] udp=0.0/s, objs=0.0/s, last_udp=4.99s, meas=0, tracks=7, valid=0, master=662
[LIVE] udp=2.0/s, objs=2.0/s, last_udp=0.57s, meas=1, tracks=6, valid=0, master=662
[LIVE] udp=1.0/s, objs=1.0/s, last_udp=0.72s, meas=1, tracks=5, valid=0, master=662
[LIVE] udp=0.0/s, objs=0.0/s, last_udp=1.72s, meas=1, tracks=5, valid=0, master=662
[LIVE] udp=1.0/s, objs=1.0/s, last_udp=0.05s, meas=1, tracks=5, valid=0, master=662
[LIVE] udp=1.0/s, objs=1.0/s, last_udp=0.58s, meas=1, tracks=5, valid=0, master=662
[LIVE] udp=2.0/s, objs=2.0/s, last_udp=0.17s, meas=1, tracks=6, valid=0, master=662
[LIVE] udp=3.0/s, objs=3.0/s, last_udp=0.21s, meas=1, tracks=9, valid=0, master=662
[GPS] GGA fix_quality=1, num_sats=22, hdop=0.7, lat=30.40815022316667, lon=104.088616071
[LIVE] udp=1.0/s, objs=1.0/s, last_udp=0.89s, meas=1, tracks=9, valid=0, master=662
[LIVE] udp=0.0/s, objs=0.0/s, last_udp=1.89s, meas=1, tracks=9, valid=0, master=662
[LIVE] udp=0.0/s, objs=0.0/s, last_udp=2.90s, meas=1, tracks=9, valid=0, master=662
[LIVE] udp=3.0/s, objs=3.0/s, last_udp=0.03s, meas=1, tracks=9, valid=0, master=662
[LIVE] udp=6.0/s, objs=6.0/s, last_udp=0.20s, meas=1, tracks=11, valid=1, master=667
[LIVE] udp=2.0/s, objs=2.0/s, last_udp=0.41s, meas=1, tracks=13, valid=0, master=667
[LIVE] udp=3.0/s, objs=3.0/s, last_udp=0.23s, meas=2, tracks=15, valid=0, master=667
[LIVE] udp=1.0/s, objs=1.0/s, last_udp=0.90s, meas=1, tracks=15, valid=0, master=667
[LIVE] udp=0.0/s, objs=0.0/s, last_udp=1.90s, meas=1, tracks=15, valid=0, master=667
[LIVE] udp=0.0/s, objs=0.0/s, last_udp=2.90s, meas=1, tracks=15, valid=0, master=667
[GPS] GGA fix_quality=1, num_sats=27, hdop=0.6, lat=30.408148214666667, lon=104.0886159675
[LIVE] udp=0.0/s, objs=0.0/s, last_udp=3.91s, meas=1, tracks=15, valid=0, master=667
[LIVE] udp=0.0/s, objs=0.0/s, last_udp=4.91s, meas=1, tracks=15, valid=0, master=667
[LIVE] udp=0.0/s, objs=0.0/s, last_udp=5.91s, meas=1, tracks=15, valid=0, master=667
[LIVE] udp=1.0/s, objs=1.0/s, last_udp=0.30s, meas=1, tracks=11, valid=0, master=667
[LIVE] udp=1.0/s, objs=1.0/s, last_udp=0.60s, meas=1, tracks=10, valid=0, master=667
[LIVE] udp=0.0/s, objs=0.0/s, last_udp=1.60s, meas=1, tracks=10, valid=0, master=667
[LIVE] udp=1.0/s, objs=1.0/s, last_udp=0.44s, meas=1, tracks=4, valid=0, master=667
[LIVE] udp=3.0/s, objs=3.0/s, last_udp=0.08s, meas=3, tracks=4, valid=0, master=667
[LIVE] udp=4.0/s, objs=4.0/s, last_udp=0.14s, meas=1, tracks=5, valid=0, master=678
[LIVE] udp=0.0/s, objs=0.0/s, last_udp=1.15s, meas=1, tracks=5, valid=1, master=681
[GPS] GGA fix_quality=1, num_sats=27, hdop=0.6, lat=30.408144841833334, lon=104.088627116
[LIVE] udp=0.0/s, objs=0.0/s, last_udp=2.15s, meas=1, tracks=5, valid=1, master=681
[LIVE] udp=0.0/s, objs=0.0/s, last_udp=3.15s, meas=1, tracks=5, valid=1, master=681
[LIVE] udp=0.0/s, objs=0.0/s, last_udp=4.15s, meas=1, tracks=5, valid=1, master=681
[LIVE] udp=0.0/s, objs=0.0/s, last_udp=5.15s, meas=1, tracks=5, valid=1, master=681
[LIVE] udp=1.0/s, objs=1.0/s, last_udp=0.46s, meas=1, tracks=4, valid=0, master=681
[LIVE] udp=1.0/s, objs=1.0/s, last_udp=0.91s, meas=1, tracks=5, valid=0, master=681
[LIVE] udp=0.0/s, objs=0.0/s, last_udp=1.92s, meas=1, tracks=5, valid=0, master=681
[LIVE] udp=0.0/s, objs=0.0/s, last_udp=2.92s, meas=1, tracks=5, valid=0, master=681
[LIVE] udp=0.0/s, objs=0.0/s, last_udp=3.92s, meas=1, tracks=5, valid=0, master=681
[LIVE] udp=0.0/s, objs=0.0/s, last_udp=4.92s, meas=1, tracks=5, valid=0, master=681
[GPS] GGA fix_quality=1, num_sats=26, hdop=0.6, lat=30.408140588166667, lon=104.08861761716666
[LIVE] udp=0.0/s, objs=0.0/s, last_udp=5.93s, meas=1, tracks=5, valid=0, master=681
[LIVE] udp=0.0/s, objs=0.0/s, last_udp=6.93s, meas=1, tracks=5, valid=0, master=681
[LIVE] udp=0.0/s, objs=0.0/s, last_udp=7.93s, meas=1, tracks=5, valid=0, master=681
[LIVE] udp=2.0/s, objs=2.0/s, last_udp=0.92s, meas=1, tracks=2, valid=0, master=681
[LIVE] udp=0.0/s, objs=0.0/s, last_udp=1.93s, meas=1, tracks=2, valid=0, master=681
[LIVE] udp=3.0/s, objs=3.0/s, last_udp=0.17s, meas=2, tracks=3, valid=0, master=681
[LIVE] udp=2.0/s, objs=2.0/s, last_udp=0.10s, meas=1, tracks=5, valid=0, master=681
[LIVE] udp=3.0/s, objs=3.0/s, last_udp=0.01s, meas=1, tracks=5, valid=0, master=681
[LIVE] udp=6.0/s, objs=6.0/s, last_udp=0.01s, meas=2, tracks=9, valid=0, master=681
[LIVE] udp=4.0/s, objs=4.0/s, last_udp=0.14s, meas=3, tracks=12, valid=0, master=681
[GPS] GGA fix_quality=1, num_sats=26, hdop=0.6, lat=30.4081382185, lon=104.0886255385
[LIVE] udp=1.0/s, objs=1.0/s, last_udp=0.86s, meas=0, tracks=12, valid=0, master=681
[LIVE] udp=0.0/s, objs=0.0/s, last_udp=1.87s, meas=0, tracks=12, valid=0, master=681
[LIVE] udp=3.0/s, objs=3.0/s, last_udp=0.29s, meas=1, tracks=12, valid=0, master=681
[LIVE] udp=5.0/s, objs=5.0/s, last_udp=0.04s, meas=2, tracks=13, valid=0, master=681
[LIVE] udp=4.0/s, objs=4.0/s, last_udp=0.25s, meas=1, tracks=13, valid=0, master=681
[LIVE] udp=1.0/s, objs=1.0/s, last_udp=0.30s, meas=1, tracks=13, valid=0, master=681
[LIVE] udp=4.0/s, objs=4.0/s, last_udp=0.04s, meas=2, tracks=14, valid=0, master=681
[LIVE] udp=6.0/s, objs=6.0/s, last_udp=0.19s, meas=3, tracks=18, valid=0, master=681
[LIVE] udp=2.0/s, objs=2.0/s, last_udp=0.61s, meas=2, tracks=20, valid=0, master=681
[LIVE] udp=0.0/s, objs=0.0/s, last_udp=1.62s, meas=2, tracks=20, valid=0, master=681
[GPS] GGA fix_quality=1, num_sats=25, hdop=0.7, lat=30.408139979833333, lon=104.088615437
[LIVE] udp=0.0/s, objs=0.0/s, last_udp=2.62s, meas=2, tracks=20, valid=0, master=681
[LIVE] udp=3.0/s, objs=3.0/s, last_udp=0.02s, meas=2, tracks=17, valid=0, master=681
[LIVE] udp=3.0/s, objs=3.0/s, last_udp=0.18s, meas=2, tracks=19, valid=0, master=681
[LIVE] udp=1.0/s, objs=1.0/s, last_udp=0.75s, meas=1, tracks=19, valid=0, master=681
[LIVE] udp=0.0/s, objs=0.0/s, last_udp=1.76s, meas=1, tracks=19, valid=0, master=681
[LIVE] udp=0.0/s, objs=0.0/s, last_udp=2.76s, meas=1, tracks=19, valid=0, master=681
[LIVE] udp=0.0/s, objs=0.0/s, last_udp=3.76s, meas=1, tracks=19, valid=0, master=681
[LIVE] udp=0.0/s, objs=0.0/s, last_udp=4.76s, meas=1, tracks=19, valid=0, master=681
[LIVE] udp=1.0/s, objs=1.0/s, last_udp=0.58s, meas=1, tracks=11, valid=0, master=681
[LIVE] udp=0.0/s, objs=0.0/s, last_udp=1.59s, meas=1, tracks=11, valid=0, master=681
[GPS] GGA fix_quality=1, num_sats=24, hdop=0.8, lat=30.408137564833332, lon=104.0886107805
[LIVE] udp=0.0/s, objs=0.0/s, last_udp=2.59s, meas=1, tracks=11, valid=0, master=681
[LIVE] udp=0.0/s, objs=0.0/s, last_udp=3.60s, meas=1, tracks=11, valid=0, master=681
[LIVE] udp=0.0/s, objs=0.0/s, last_udp=4.60s, meas=1, tracks=11, valid=0, master=681
[LIVE] udp=0.0/s, objs=0.0/s, last_udp=5.60s, meas=1, tracks=11, valid=0, master=681
[LIVE] udp=1.0/s, objs=1.0/s, last_udp=0.81s, meas=1, tracks=2, valid=0, master=681
[LIVE] udp=1.0/s, objs=1.0/s, last_udp=0.30s, meas=1, tracks=3, valid=0, master=681
[LIVE] udp=1.0/s, objs=1.0/s, last_udp=0.76s, meas=1, tracks=3, valid=0, master=681
[LIVE] udp=1.0/s, objs=1.0/s, last_udp=0.12s, meas=1, tracks=3, valid=0, master=681
[LIVE] udp=3.0/s, objs=3.0/s, last_udp=0.08s, meas=1, tracks=4, valid=0, master=681
[LIVE] udp=2.0/s, objs=2.0/s, last_udp=0.45s, meas=0, tracks=6, valid=0, master=681
[GPS] GGA fix_quality=1, num_sats=24, hdop=0.8, lat=30.408139297333335, lon=104.0886184655
[LIVE] udp=0.0/s, objs=0.0/s, last_udp=1.45s, meas=0, tracks=6, valid=0, master=681
[LIVE] udp=2.0/s, objs=2.0/s, last_udp=0.16s, meas=1, tracks=6, valid=0, master=681
[LIVE] udp=1.0/s, objs=1.0/s, last_udp=0.05s, meas=1, tracks=7, valid=0, master=681
[LIVE] udp=1.0/s, objs=1.0/s, last_udp=0.26s, meas=1, tracks=8, valid=0, master=681
[LIVE] udp=2.0/s, objs=2.0/s, last_udp=0.35s, meas=2, tracks=9, valid=0, master=681
[LIVE] udp=8.0/s, objs=8.0/s, last_udp=0.09s, meas=1, tracks=12, valid=0, master=681
[LIVE] udp=7.0/s, objs=7.0/s, last_udp=0.21s, meas=1, tracks=18, valid=0, master=681
[LIVE] udp=0.0/s, objs=0.0/s, last_udp=1.21s, meas=1, tracks=18, valid=0, master=681
[LIVE] udp=3.0/s, objs=3.0/s, last_udp=0.04s, meas=1, tracks=20, valid=0, master=681
[GPS] GGA fix_quality=1, num_sats=24, hdop=0.7, lat=30.408142094666665, lon=104.08861259066667
[LIVE] udp=4.0/s, objs=4.0/s, last_udp=0.17s, meas=2, tracks=20, valid=0, master=681
[LIVE] udp=3.0/s, objs=3.0/s, last_udp=0.24s, meas=1, tracks=21, valid=0, master=681
[LIVE] udp=0.0/s, objs=0.0/s, last_udp=1.25s, meas=1, tracks=21, valid=0, master=681
[LIVE] udp=3.0/s, objs=3.0/s, last_udp=0.33s, meas=1, tracks=21, valid=1, master=712
[LIVE] udp=1.0/s, objs=1.0/s, last_udp=0.88s, meas=1, tracks=21, valid=0, master=712
[LIVE] udp=0.0/s, objs=0.0/s, last_udp=1.89s, meas=1, tracks=21, valid=0, master=712
[LIVE] udp=0.0/s, objs=0.0/s, last_udp=2.89s, meas=1, tracks=21, valid=0, master=712
[LIVE] udp=0.0/s, objs=0.0/s, last_udp=3.89s, meas=1, tracks=21, valid=0, master=712
[LIVE] udp=3.0/s, objs=3.0/s, last_udp=0.07s, meas=2, tracks=10, valid=0, master=712
[LIVE] udp=3.0/s, objs=4.0/s, last_udp=0.04s, meas=1, tracks=10, valid=0, master=712
[GPS] GGA fix_quality=1, num_sats=25, hdop=0.7, lat=30.4081399805, lon=104.08860701
[LIVE] udp=1.0/s, objs=1.0/s, last_udp=0.26s, meas=1, tracks=12, valid=0, master=712
[LIVE] udp=0.0/s, objs=0.0/s, last_udp=1.27s, meas=1, tracks=12, valid=0, master=712
[LIVE] udp=4.0/s, objs=4.0/s, last_udp=0.04s, meas=1, tracks=10, valid=0, master=712
[LIVE] udp=1.0/s, objs=1.0/s, last_udp=0.04s, meas=1, tracks=11, valid=0, master=712
[LIVE] udp=1.0/s, objs=1.0/s, last_udp=0.63s, meas=1, tracks=12, valid=0, master=712
[LIVE] udp=0.0/s, objs=0.0/s, last_udp=1.64s, meas=1, tracks=12, valid=0, master=712
[LIVE] udp=1.0/s, objs=1.0/s, last_udp=0.02s, meas=1, tracks=12, valid=0, master=712
[LIVE] udp=2.0/s, objs=2.0/s, last_udp=0.04s, meas=0, tracks=12, valid=0, master=712
[LIVE] udp=1.0/s, objs=1.0/s, last_udp=0.19s, meas=2, tracks=12, valid=0, master=712
[LIVE] udp=8.0/s, objs=9.0/s, last_udp=0.12s, meas=3, tracks=17, valid=0, master=712
[GPS] GGA fix_quality=1, num_sats=25, hdop=0.7, lat=30.408140831333334, lon=104.08861583816666
[LIVE] udp=1.0/s, objs=2.0/s, last_udp=0.24s, meas=2, tracks=16, valid=0, master=712
[LIVE] udp=1.0/s, objs=1.0/s, last_udp=0.82s, meas=1, tracks=15, valid=0, master=712
[LIVE] udp=0.0/s, objs=0.0/s, last_udp=1.83s, meas=1, tracks=15, valid=0, master=712
[LIVE] udp=0.0/s, objs=0.0/s, last_udp=2.83s, meas=1, tracks=15, valid=0, master=712
[LIVE] udp=4.0/s, objs=4.0/s, last_udp=0.14s, meas=1, tracks=10, valid=0, master=712
[LIVE] udp=0.0/s, objs=0.0/s, last_udp=1.14s, meas=2, tracks=11, valid=0, master=712
[LIVE] udp=0.0/s, objs=0.0/s, last_udp=2.15s, meas=2, tracks=11, valid=0, master=712
[LIVE] udp=0.0/s, objs=0.0/s, last_udp=3.15s, meas=2, tracks=11, valid=0, master=712
[LIVE] udp=1.0/s, objs=2.0/s, last_udp=0.45s, meas=2, tracks=11, valid=0, master=712
[LIVE] udp=0.0/s, objs=0.0/s, last_udp=1.46s, meas=2, tracks=11, valid=0, master=712
[GPS] GGA fix_quality=1, num_sats=21, hdop=0.7, lat=30.4081347625, lon=104.08861919183333
[LIVE] udp=0.0/s, objs=0.0/s, last_udp=2.46s, meas=2, tracks=11, valid=0, master=712
[LIVE] udp=2.0/s, objs=2.0/s, last_udp=0.36s, meas=1, tracks=6, valid=0, master=712
[LIVE] udp=2.0/s, objs=2.0/s, last_udp=0.13s, meas=1, tracks=6, valid=0, master=712
[LIVE] udp=5.0/s, objs=5.0/s, last_udp=0.06s, meas=1, tracks=9, valid=0, master=712
[LIVE] udp=2.0/s, objs=2.0/s, last_udp=0.12s, meas=1, tracks=10, valid=0, master=712
[LIVE] udp=4.0/s, objs=4.0/s, last_udp=0.14s, meas=1, tracks=11, valid=0, master=712
[LIVE] udp=4.0/s, objs=4.0/s, last_udp=0.46s, meas=1, tracks=12, valid=0, master=712
[LIVE] udp=2.0/s, objs=2.0/s, last_udp=0.67s, meas=1, tracks=12, valid=0, master=712
[LIVE] udp=1.0/s, objs=1.0/s, last_udp=0.99s, meas=1, tracks=12, valid=0, master=712
[LIVE] udp=1.0/s, objs=1.0/s, last_udp=0.75s, meas=1, tracks=12, valid=0, master=712
[GPS] GGA fix_quality=1, num_sats=23, hdop=0.9, lat=30.408129027666668, lon=104.08861092066667
[LIVE] udp=0.0/s, objs=0.0/s, last_udp=1.75s, meas=1, tracks=12, valid=0, master=712
[LIVE] udp=2.0/s, objs=2.0/s, last_udp=0.06s, meas=1, tracks=12, valid=0, master=712
[LIVE] udp=2.0/s, objs=2.0/s, last_udp=0.23s, meas=1, tracks=13, valid=0, master=712
[LIVE] udp=0.0/s, objs=0.0/s, last_udp=1.23s, meas=1, tracks=13, valid=0, master=712
[LIVE] udp=0.0/s, objs=0.0/s, last_udp=2.23s, meas=1, tracks=13, valid=0, master=712
[LIVE] udp=0.0/s, objs=0.0/s, last_udp=3.24s, meas=1, tracks=13, valid=0, master=712
[LIVE] udp=3.0/s, objs=3.0/s, last_udp=0.23s, meas=1, tracks=11, valid=0, master=712
[LIVE] udp=3.0/s, objs=3.0/s, last_udp=0.41s, meas=2, tracks=8, valid=1, master=728
[LIVE] udp=3.0/s, objs=3.0/s, last_udp=0.79s, meas=2, tracks=7, valid=0, master=728
[LIVE] udp=3.0/s, objs=3.0/s, last_udp=0.13s, meas=1, tracks=7, valid=1, master=728
[GPS] GGA fix_quality=1, num_sats=18, hdop=1.1, lat=30.408122483666666, lon=104.08860892916667
[LIVE] udp=1.0/s, objs=1.0/s, last_udp=0.85s, meas=1, tracks=8, valid=0, master=728
[LIVE] udp=3.0/s, objs=3.0/s, last_udp=0.29s, meas=1, tracks=8, valid=1, master=749
[LIVE] udp=2.0/s, objs=2.0/s, last_udp=0.11s, meas=1, tracks=9, valid=0, master=749
[LIVE] udp=1.0/s, objs=1.0/s, last_udp=0.29s, meas=1, tracks=10, valid=0, master=749
[LIVE] udp=0.0/s, objs=0.0/s, last_udp=1.29s, meas=1, tracks=10, valid=0, master=749
[LIVE] udp=0.0/s, objs=0.0/s, last_udp=2.30s, meas=1, tracks=10, valid=0, master=749
[LIVE] udp=0.0/s, objs=0.0/s, last_udp=3.30s, meas=1, tracks=10, valid=0, master=749
[LIVE] udp=0.0/s, objs=0.0/s, last_udp=4.30s, meas=1, tracks=10, valid=0, master=749
[LIVE] udp=2.0/s, objs=2.0/s, last_udp=0.21s, meas=1, tracks=8, valid=0, master=749
[LIVE] udp=2.0/s, objs=2.0/s, last_udp=0.20s, meas=1, tracks=8, valid=1, master=728
[GPS] GGA fix_quality=1, num_sats=21, hdop=0.7, lat=30.408119415166666, lon=104.0886192235
[LIVE] udp=3.0/s, objs=3.0/s, last_udp=0.11s, meas=1, tracks=6, valid=1, master=728
[LIVE] udp=3.0/s, objs=3.0/s, last_udp=0.40s, meas=2, tracks=5, valid=1, master=728
[LIVE] udp=7.0/s, objs=8.0/s, last_udp=0.07s, meas=3, tracks=7, valid=0, master=728
[LIVE] udp=1.0/s, objs=1.0/s, last_udp=0.50s, meas=1, tracks=7, valid=0, master=728
[LIVE] udp=1.0/s, objs=1.0/s, last_udp=0.70s, meas=1, tracks=7, valid=0, master=728
[LIVE] udp=2.0/s, objs=2.0/s, last_udp=0.14s, meas=1, tracks=7, valid=1, master=754
[LIVE] udp=2.0/s, objs=2.0/s, last_udp=0.13s, meas=1, tracks=7, valid=1, master=754
[LIVE] udp=4.0/s, objs=4.0/s, last_udp=0.60s, meas=1, tracks=7, valid=1, master=754
[LIVE] udp=0.0/s, objs=0.0/s, last_udp=1.60s, meas=1, tracks=7, valid=1, master=754
[LIVE] udp=3.0/s, objs=3.0/s, last_udp=0.02s, meas=1, tracks=7, valid=1, master=754
[GPS] GGA fix_quality=1, num_sats=23, hdop=0.7, lat=30.408120859666667, lon=104.0886123495
[LIVE] udp=0.0/s, objs=0.0/s, last_udp=1.02s, meas=1, tracks=7, valid=1, master=754
[LIVE] udp=1.0/s, objs=1.0/s, last_udp=0.63s, meas=1, tracks=7, valid=1, master=754
[LIVE] udp=3.0/s, objs=4.0/s, last_udp=0.18s, meas=2, tracks=7, valid=1, master=754
[LIVE] udp=3.0/s, objs=3.0/s, last_udp=0.24s, meas=1, tracks=7, valid=0, master=728
[LIVE] udp=6.0/s, objs=6.0/s, last_udp=0.22s, meas=1, tracks=6, valid=1, master=755
[LIVE] udp=4.0/s, objs=4.0/s, last_udp=0.25s, meas=1, tracks=7, valid=1, master=755
[LIVE] udp=2.0/s, objs=2.0/s, last_udp=0.12s, meas=1, tracks=7, valid=0, master=755
[LIVE] udp=1.0/s, objs=1.0/s, last_udp=0.71s, meas=1, tracks=8, valid=0, master=755
[LIVE] udp=1.0/s, objs=1.0/s, last_udp=0.95s, meas=0, tracks=8, valid=0, master=755
[LIVE] udp=1.0/s, objs=1.0/s, last_udp=0.25s, meas=1, tracks=8, valid=0, master=755
[GPS] GGA fix_quality=1, num_sats=25, hdop=0.7, lat=30.408124775666668, lon=104.08863074916667
[LIVE] udp=5.0/s, objs=5.0/s, last_udp=0.37s, meas=2, tracks=10, valid=0, master=755
[LIVE] udp=3.0/s, objs=3.0/s, last_udp=0.36s, meas=1, tracks=10, valid=0, master=755
[LIVE] udp=2.0/s, objs=2.0/s, last_udp=0.29s, meas=1, tracks=10, valid=1, master=754
[LIVE] udp=2.0/s, objs=2.0/s, last_udp=0.67s, meas=1, tracks=10, valid=1, master=754
[LIVE] udp=3.0/s, objs=3.0/s, last_udp=0.22s, meas=1, tracks=11, valid=0, master=754
[LIVE] udp=3.0/s, objs=3.0/s, last_udp=0.00s, meas=1, tracks=12, valid=0, master=754
[LIVE] udp=6.0/s, objs=7.0/s, last_udp=0.02s, meas=2, tracks=12, valid=0, master=762
[LIVE] udp=6.0/s, objs=9.0/s, last_udp=0.13s, meas=2, tracks=13, valid=2, master=762
[LIVE] udp=5.0/s, objs=6.0/s, last_udp=0.06s, meas=2, tracks=13, valid=2, master=765
[LIVE] udp=3.0/s, objs=3.0/s, last_udp=0.31s, meas=1, tracks=12, valid=1, master=765
[GPS] GGA fix_quality=1, num_sats=22, hdop=0.7, lat=30.408128376833332, lon=104.088627047
[LIVE] udp=0.0/s, objs=0.0/s, last_udp=1.31s, meas=1, tracks=12, valid=1, master=765
[LIVE] udp=0.0/s, objs=0.0/s, last_udp=2.31s, meas=1, tracks=12, valid=1, master=765
[LIVE] udp=4.0/s, objs=4.0/s, last_udp=0.18s, meas=2, tracks=9, valid=1, master=765
[LIVE] udp=7.0/s, objs=7.0/s, last_udp=0.03s, meas=2, tracks=8, valid=2, master=765
[LIVE] udp=9.0/s, objs=10.0/s, last_udp=0.03s, meas=4, tracks=10, valid=2, master=754
[LIVE] udp=15.0/s, objs=15.0/s, last_udp=0.00s, meas=3, tracks=17, valid=0, master=754
[LIVE] udp=8.0/s, objs=8.0/s, last_udp=0.00s, meas=2, tracks=16, valid=2, master=774
[LIVE] udp=8.0/s, objs=8.0/s, last_udp=0.13s, meas=3, tracks=17, valid=2, master=774
[LIVE] udp=6.0/s, objs=6.0/s, last_udp=0.05s, meas=1, tracks=17, valid=1, master=772
[LIVE] udp=7.0/s, objs=7.0/s, last_udp=0.08s, meas=3, tracks=14, valid=1, master=765
[GPS] GGA fix_quality=1, num_sats=21, hdop=0.7, lat=30.408128966166668, lon=104.08862296233333
[LIVE] udp=4.0/s, objs=5.0/s, last_udp=0.13s, meas=2, tracks=14, valid=2, master=765
[LIVE] udp=10.9/s, objs=10.9/s, last_udp=0.07s, meas=2, tracks=13, valid=2, master=765
[LIVE] udp=9.0/s, objs=10.0/s, last_udp=0.30s, meas=2, tracks=15, valid=0, master=754
[LIVE] udp=10.9/s, objs=14.9/s, last_udp=0.06s, meas=4, tracks=16, valid=1, master=765
[LIVE] udp=8.0/s, objs=8.0/s, last_udp=0.13s, meas=2, tracks=18, valid=2, master=765
[LIVE] udp=6.0/s, objs=9.0/s, last_udp=0.19s, meas=4, tracks=20, valid=2, master=754
[LIVE] udp=8.0/s, objs=9.0/s, last_udp=0.18s, meas=2, tracks=20, valid=2, master=782
[LIVE] udp=4.0/s, objs=4.0/s, last_udp=0.16s, meas=1, tracks=21, valid=1, master=777
[LIVE] udp=2.0/s, objs=2.0/s, last_udp=0.54s, meas=1, tracks=21, valid=1, master=783
[LIVE] udp=2.0/s, objs=2.0/s, last_udp=0.08s, meas=1, tracks=18, valid=1, master=783
[GPS] GGA fix_quality=1, num_sats=23, hdop=0.7, lat=30.408126706666668, lon=104.08862574133333
[LIVE] udp=0.0/s, objs=0.0/s, last_udp=1.09s, meas=1, tracks=17, valid=0, master=783
[LIVE] udp=1.0/s, objs=1.0/s, last_udp=0.52s, meas=1, tracks=18, valid=0, master=783
[LIVE] udp=1.0/s, objs=1.0/s, last_udp=0.81s, meas=1, tracks=18, valid=0, master=783
[LIVE] udp=0.0/s, objs=0.0/s, last_udp=1.81s, meas=1, tracks=18, valid=0, master=783
[LIVE] udp=1.0/s, objs=1.0/s, last_udp=0.06s, meas=1, tracks=18, valid=0, master=783
[LIVE] udp=1.0/s, objs=1.0/s, last_udp=0.74s, meas=1, tracks=14, valid=0, master=783
[LIVE] udp=4.0/s, objs=4.0/s, last_udp=0.25s, meas=1, tracks=8, valid=0, master=783
[LIVE] udp=5.0/s, objs=5.0/s, last_udp=0.09s, meas=2, tracks=8, valid=0, master=783
[LIVE] udp=5.0/s, objs=5.0/s, last_udp=0.22s, meas=2, tracks=5, valid=2, master=783
[LIVE] udp=1.0/s, objs=1.0/s, last_udp=0.31s, meas=1, tracks=5, valid=1, master=784
[GPS] GGA fix_quality=1, num_sats=22, hdop=0.7, lat=30.408121205333334, lon=104.08863427833333
[LIVE] udp=3.0/s, objs=3.0/s, last_udp=0.03s, meas=1, tracks=6, valid=0, master=784
[LIVE] udp=10.0/s, objs=10.0/s, last_udp=0.03s, meas=1, tracks=13, valid=0, master=784
[LIVE] udp=4.0/s, objs=5.0/s, last_udp=0.02s, meas=2, tracks=16, valid=0, master=784
[LIVE] udp=0.0/s, objs=0.0/s, last_udp=1.02s, meas=1, tracks=16, valid=0, master=784
[LIVE] udp=4.0/s, objs=4.0/s, last_udp=0.08s, meas=2, tracks=16, valid=0, master=784
[LIVE] udp=0.0/s, objs=0.0/s, last_udp=1.08s, meas=2, tracks=16, valid=0, master=784
[LIVE] udp=1.0/s, objs=1.0/s, last_udp=0.15s, meas=2, tracks=16, valid=0, master=784
[LIVE] udp=0.0/s, objs=0.0/s, last_udp=1.16s, meas=1, tracks=16, valid=0, master=784
[LIVE] udp=0.0/s, objs=0.0/s, last_udp=2.16s, meas=1, tracks=16, valid=0, master=784
[LIVE] udp=2.0/s, objs=2.0/s, last_udp=0.29s, meas=1, tracks=16, valid=0, master=784
[GPS] GGA fix_quality=1, num_sats=21, hdop=0.7, lat=30.40811720416667, lon=104.0886299935
[LIVE] udp=2.0/s, objs=2.0/s, last_udp=0.24s, meas=1, tracks=15, valid=0, master=784
[LIVE] udp=4.0/s, objs=4.0/s, last_udp=0.16s, meas=2, tracks=15, valid=1, master=795
[LIVE] udp=3.0/s, objs=3.0/s, last_udp=0.19s, meas=1, tracks=11, valid=1, master=796
[LIVE] udp=4.0/s, objs=4.0/s, last_udp=0.22s, meas=1, tracks=7, valid=1, master=796
[LIVE] udp=4.0/s, objs=4.0/s, last_udp=0.04s, meas=1, tracks=6, valid=1, master=796
[LIVE] udp=3.0/s, objs=3.0/s, last_udp=0.30s, meas=1, tracks=6, valid=1, master=796
[LIVE] udp=3.0/s, objs=3.0/s, last_udp=0.70s, meas=2, tracks=5, valid=1, master=796
[LIVE] udp=0.0/s, objs=0.0/s, last_udp=1.71s, meas=2, tracks=5, valid=1, master=796
[LIVE] udp=0.0/s, objs=0.0/s, last_udp=2.71s, meas=2, tracks=5, valid=1, master=796
[LIVE] udp=0.0/s, objs=0.0/s, last_udp=3.71s, meas=2, tracks=5, valid=1, master=796
[GPS] GGA fix_quality=1, num_sats=19, hdop=0.7, lat=30.408116249333332, lon=104.08863755583333
[LIVE] udp=0.0/s, objs=0.0/s, last_udp=4.72s, meas=2, tracks=5, valid=1, master=796
[LIVE] udp=0.0/s, objs=0.0/s, last_udp=5.72s, meas=2, tracks=5, valid=1, master=796
[LIVE] udp=2.0/s, objs=2.0/s, last_udp=0.26s, meas=1, tracks=2, valid=1, master=796
[LIVE] udp=7.0/s, objs=7.0/s, last_udp=0.24s, meas=4, tracks=4, valid=1, master=796
[LIVE] udp=8.0/s, objs=8.0/s, last_udp=0.02s, meas=1, tracks=4, valid=1, master=794
[LIVE] udp=8.0/s, objs=8.0/s, last_udp=0.05s, meas=2, tracks=5, valid=2, master=794
[LIVE] udp=11.0/s, objs=11.0/s, last_udp=0.08s, meas=2, tracks=8, valid=1, master=796
[LIVE] udp=9.0/s, objs=9.0/s, last_udp=0.21s, meas=2, tracks=12, valid=0, master=799
[LIVE] udp=1.0/s, objs=1.0/s, last_udp=0.49s, meas=1, tracks=12, valid=0, master=799
[LIVE] udp=2.0/s, objs=2.0/s, last_udp=0.26s, meas=1, tracks=12, valid=1, master=799
[GPS] GGA fix_quality=1, num_sats=18, hdop=0.8, lat=30.408114115166665, lon=104.088641836
[LIVE] udp=6.0/s, objs=6.0/s, last_udp=0.16s, meas=4, tracks=13, valid=1, master=799
[LIVE] udp=6.0/s, objs=6.0/s, last_udp=0.03s, meas=1, tracks=13, valid=0, master=806
[LIVE] udp=7.0/s, objs=7.0/s, last_udp=0.10s, meas=3, tracks=14, valid=2, master=796
[LIVE] udp=2.0/s, objs=2.0/s, last_udp=0.68s, meas=1, tracks=15, valid=0, master=796
[LIVE] udp=3.0/s, objs=4.0/s, last_udp=0.48s, meas=1, tracks=18, valid=0, master=796
[LIVE] udp=2.0/s, objs=2.0/s, last_udp=0.28s, meas=1, tracks=18, valid=0, master=796
[LIVE] udp=1.0/s, objs=1.0/s, last_udp=0.66s, meas=1, tracks=17, valid=1, master=797
[LIVE] udp=3.0/s, objs=3.0/s, last_udp=0.05s, meas=2, tracks=18, valid=0, master=797
[LIVE] udp=4.0/s, objs=4.0/s, last_udp=0.07s, meas=2, tracks=19, valid=0, master=797
[LIVE] udp=3.0/s, objs=3.0/s, last_udp=0.17s, meas=1, tracks=19, valid=1, master=800
[GPS] GGA fix_quality=1, num_sats=20, hdop=0.9, lat=30.408115832666667, lon=104.0886530555
[LIVE] udp=1.0/s, objs=1.0/s, last_udp=0.45s, meas=1, tracks=18, valid=0, master=800
[LIVE] udp=3.0/s, objs=3.0/s, last_udp=0.09s, meas=1, tracks=17, valid=1, master=809
[LIVE] udp=3.0/s, objs=3.0/s, last_udp=0.22s, meas=2, tracks=17, valid=1, master=803
[LIVE] udp=5.0/s, objs=5.0/s, last_udp=0.05s, meas=2, tracks=15, valid=1, master=803
[LIVE] udp=4.0/s, objs=4.0/s, last_udp=0.04s, meas=1, tracks=14, valid=1, master=806
[LIVE] udp=1.0/s, objs=1.0/s, last_udp=0.70s, meas=1, tracks=12, valid=1, master=806
[LIVE] udp=6.0/s, objs=6.0/s, last_udp=0.17s, meas=3, tracks=11, valid=2, master=806
[LIVE] udp=6.0/s, objs=6.0/s, last_udp=0.24s, meas=1, tracks=11, valid=1, master=803
[LIVE] udp=9.0/s, objs=10.0/s, last_udp=0.27s, meas=1, tracks=14, valid=1, master=803
[LIVE] udp=5.0/s, objs=5.0/s, last_udp=0.03s, meas=2, tracks=16, valid=0, master=803
[GPS] GGA fix_quality=1, num_sats=21, hdop=0.8, lat=30.408118897333335, lon=104.08864422416667
[LIVE] udp=1.0/s, objs=1.0/s, last_udp=0.44s, meas=1, tracks=15, valid=0, master=803
[LIVE] udp=0.0/s, objs=0.0/s, last_udp=1.44s, meas=1, tracks=15, valid=0, master=803
[LIVE] udp=3.0/s, objs=3.0/s, last_udp=0.02s, meas=1, tracks=15, valid=0, master=803
[LIVE] udp=1.0/s, objs=1.0/s, last_udp=0.60s, meas=1, tracks=15, valid=1, master=800
[LIVE] udp=0.0/s, objs=0.0/s, last_udp=1.61s, meas=1, tracks=15, valid=1, master=800
[LIVE] udp=0.0/s, objs=0.0/s, last_udp=2.61s, meas=1, tracks=15, valid=1, master=800
[LIVE] udp=1.0/s, objs=1.0/s, last_udp=0.28s, meas=1, tracks=13, valid=0, master=800
[LIVE] udp=0.0/s, objs=0.0/s, last_udp=1.29s, meas=1, tracks=13, valid=0, master=800
[LIVE] udp=0.0/s, objs=0.0/s, last_udp=2.29s, meas=1, tracks=13, valid=0, master=800
[LIVE] udp=0.0/s, objs=0.0/s, last_udp=3.30s, meas=1, tracks=13, valid=0, master=800
[GPS] GGA fix_quality=1, num_sats=21, hdop=0.8, lat=30.4081179285, lon=104.08863487266666
[LIVE] udp=0.0/s, objs=0.0/s, last_udp=4.30s, meas=1, tracks=13, valid=0, master=800
[LIVE] udp=0.0/s, objs=0.0/s, last_udp=5.30s, meas=1, tracks=13, valid=0, master=800
[LIVE] udp=0.0/s, objs=0.0/s, last_udp=6.30s, meas=1, tracks=13, valid=0, master=800
[LIVE] udp=2.0/s, objs=2.0/s, last_udp=0.02s, meas=1, tracks=2, valid=0, master=800
[LIVE] udp=1.0/s, objs=1.0/s, last_udp=0.11s, meas=0, tracks=2, valid=0, master=800
[LIVE] udp=3.0/s, objs=3.0/s, last_udp=0.09s, meas=1, tracks=4, valid=0, master=800
[LIVE] udp=4.0/s, objs=4.0/s, last_udp=0.24s, meas=1, tracks=6, valid=1, master=826
[LIVE] udp=8.0/s, objs=8.0/s, last_udp=0.10s, meas=3, tracks=7, valid=1, master=826
[LIVE] udp=5.0/s, objs=6.0/s, last_udp=0.09s, meas=1, tracks=6, valid=1, master=826
[LIVE] udp=6.0/s, objs=6.0/s, last_udp=0.08s, meas=3, tracks=6, valid=1, master=826
[GPS] GGA fix_quality=1, num_sats=20, hdop=0.9, lat=30.408117903833332, lon=104.08864177233333
[LIVE] udp=8.0/s, objs=8.0/s, last_udp=0.02s, meas=2, tracks=7, valid=0, master=826
[LIVE] udp=10.0/s, objs=10.0/s, last_udp=0.08s, meas=4, tracks=9, valid=3, master=827
[LIVE] udp=7.0/s, objs=7.0/s, last_udp=0.15s, meas=2, tracks=9, valid=2, master=827
[LIVE] udp=4.0/s, objs=4.0/s, last_udp=0.21s, meas=1, tracks=9, valid=1, master=830
[LIVE] udp=3.0/s, objs=3.0/s, last_udp=0.03s, meas=1, tracks=9, valid=1, master=830
[LIVE] udp=5.0/s, objs=5.0/s, last_udp=0.11s, meas=3, tracks=10, valid=1, master=830
[LIVE] udp=7.0/s, objs=7.0/s, last_udp=0.12s, meas=3, tracks=10, valid=3, master=832
[LIVE] udp=4.0/s, objs=4.0/s, last_udp=0.43s, meas=0, tracks=9, valid=0, master=831
[LIVE] udp=3.0/s, objs=3.0/s, last_udp=0.35s, meas=1, tracks=8, valid=1, master=832
[LIVE] udp=5.0/s, objs=5.0/s, last_udp=0.19s, meas=2, tracks=10, valid=0, master=832
[GPS] GGA fix_quality=1, num_sats=19, hdop=0.8, lat=30.408118071, lon=104.08864805333333
[LIVE] udp=3.0/s, objs=3.0/s, last_udp=0.46s, meas=2, tracks=10, valid=2, master=834
[LIVE] udp=7.0/s, objs=7.0/s, last_udp=0.02s, meas=3, tracks=11, valid=1, master=834
[LIVE] udp=7.0/s, objs=7.0/s, last_udp=0.17s, meas=2, tracks=12, valid=1, master=835
[LIVE] udp=6.0/s, objs=6.0/s, last_udp=0.24s, meas=2, tracks=12, valid=1, master=834
[LIVE] udp=5.0/s, objs=5.0/s, last_udp=0.12s, meas=1, tracks=12, valid=1, master=826
[LIVE] udp=8.0/s, objs=8.0/s, last_udp=0.06s, meas=3, tracks=13, valid=2, master=834
[LIVE] udp=8.0/s, objs=8.0/s, last_udp=0.12s, meas=3, tracks=14, valid=2, master=826
[LIVE] udp=8.0/s, objs=8.0/s, last_udp=0.04s, meas=3, tracks=14, valid=2, master=834
[LIVE] udp=10.9/s, objs=10.9/s, last_udp=0.00s, meas=4, tracks=16, valid=2, master=834
[LIVE] udp=9.0/s, objs=9.0/s, last_udp=0.00s, meas=1, tracks=18, valid=1, master=834
[GPS] GGA fix_quality=1, num_sats=18, hdop=0.9, lat=30.4081139675, lon=104.0886456705
[LIVE] udp=8.0/s, objs=8.0/s, last_udp=0.10s, meas=2, tracks=18, valid=1, master=834
[LIVE] udp=9.0/s, objs=9.0/s, last_udp=0.12s, meas=3, tracks=19, valid=2, master=844
[LIVE] udp=7.0/s, objs=7.0/s, last_udp=0.11s, meas=2, tracks=19, valid=2, master=845
[LIVE] udp=1.0/s, objs=1.0/s, last_udp=0.95s, meas=2, tracks=18, valid=1, master=845
[LIVE] udp=0.0/s, objs=0.0/s, last_udp=1.95s, meas=2, tracks=18, valid=1, master=845
[LIVE] udp=2.0/s, objs=2.0/s, last_udp=0.14s, meas=1, tracks=16, valid=0, master=845
[LIVE] udp=1.0/s, objs=1.0/s, last_udp=0.17s, meas=1, tracks=15, valid=1, master=847
[LIVE] udp=5.0/s, objs=5.0/s, last_udp=0.04s, meas=2, tracks=14, valid=1, master=847
[LIVE] udp=3.0/s, objs=3.0/s, last_udp=0.32s, meas=1, tracks=14, valid=1, master=847
[LIVE] udp=4.0/s, objs=4.0/s, last_udp=0.32s, meas=1, tracks=14, valid=1, master=847
[GPS] GGA fix_quality=1, num_sats=17, hdop=1.1, lat=30.408113009166666, lon=104.08864474483333
[LIVE] udp=4.0/s, objs=4.0/s, last_udp=0.33s, meas=2, tracks=13, valid=1, master=847
[LIVE] udp=7.0/s, objs=7.0/s, last_udp=0.08s, meas=2, tracks=13, valid=1, master=842
[LIVE] udp=9.0/s, objs=9.0/s, last_udp=0.06s, meas=2, tracks=10, valid=2, master=847
[LIVE] udp=7.0/s, objs=7.0/s, last_udp=0.13s, meas=2, tracks=10, valid=2, master=847
[LIVE] udp=8.0/s, objs=8.0/s, last_udp=0.01s, meas=3, tracks=11, valid=2, master=848
[LIVE] udp=7.0/s, objs=7.0/s, last_udp=0.18s, meas=2, tracks=12, valid=1, master=852
[LIVE] udp=3.0/s, objs=3.0/s, last_udp=0.28s, meas=1, tracks=10, valid=1, master=852
[LIVE] udp=6.0/s, objs=6.0/s, last_udp=0.17s, meas=3, tracks=10, valid=2, master=852
[LIVE] udp=8.0/s, objs=8.0/s, last_udp=0.07s, meas=3, tracks=12, valid=2, master=847
[LIVE] udp=11.0/s, objs=11.0/s, last_udp=0.03s, meas=3, tracks=16, valid=1, master=847
[GPS] GGA fix_quality=1, num_sats=20, hdop=0.7, lat=30.408112749166666, lon=104.088644026
[LIVE] udp=11.0/s, objs=11.9/s, last_udp=0.05s, meas=6, tracks=20, valid=2, master=849
[LIVE] udp=7.0/s, objs=7.0/s, last_udp=0.04s, meas=2, tracks=20, valid=1, master=849
[LIVE] udp=6.0/s, objs=6.0/s, last_udp=0.05s, meas=2, tracks=20, valid=2, master=849
[LIVE] udp=4.0/s, objs=4.0/s, last_udp=0.05s, meas=1, tracks=21, valid=1, master=864
[LIVE] udp=3.0/s, objs=3.0/s, last_udp=0.02s, meas=1, tracks=21, valid=0, master=849
[LIVE] udp=3.0/s, objs=3.0/s, last_udp=0.05s, meas=1, tracks=21, valid=1, master=856
[LIVE] udp=2.0/s, objs=2.0/s, last_udp=0.06s, meas=1, tracks=21, valid=1, master=856
[LIVE] udp=1.0/s, objs=1.0/s, last_udp=0.62s, meas=1, tracks=21, valid=1, master=856
[LIVE] udp=3.0/s, objs=3.0/s, last_udp=0.30s, meas=1, tracks=17, valid=1, master=856
[LIVE] udp=3.0/s, objs=3.0/s, last_udp=0.00s, meas=0, tracks=17, valid=0, master=856
[GPS] GGA fix_quality=1, num_sats=19, hdop=1.1, lat=30.408110488666665, lon=104.08865062083333
[LIVE] udp=3.0/s, objs=3.0/s, last_udp=0.04s, meas=1, tracks=16, valid=1, master=865
[LIVE] udp=8.0/s, objs=8.0/s, last_udp=0.05s, meas=3, tracks=16, valid=1, master=865
[LIVE] udp=6.0/s, objs=6.0/s, last_udp=0.00s, meas=2, tracks=15, valid=1, master=857
[LIVE] udp=6.0/s, objs=6.0/s, last_udp=0.14s, meas=1, tracks=13, valid=1, master=841
[LIVE] udp=4.0/s, objs=4.0/s, last_udp=0.04s, meas=1, tracks=9, valid=1, master=867
[LIVE] udp=4.0/s, objs=4.0/s, last_udp=0.28s, meas=1, tracks=8, valid=1, master=867
[LIVE] udp=5.0/s, objs=5.0/s, last_udp=0.21s, meas=2, tracks=8, valid=1, master=867
[LIVE] udp=1.0/s, objs=1.0/s, last_udp=0.98s, meas=1, tracks=7, valid=1, master=841
[LIVE] udp=2.0/s, objs=2.0/s, last_udp=0.28s, meas=1, tracks=6, valid=1, master=841
[LIVE] udp=3.0/s, objs=3.0/s, last_udp=0.33s, meas=1, tracks=6, valid=1, master=841
[GPS] GGA fix_quality=1, num_sats=20, hdop=0.8, lat=30.4081107775, lon=104.08865156883333
[LIVE] udp=1.0/s, objs=1.0/s, last_udp=0.04s, meas=1, tracks=6, valid=1, master=841
[LIVE] udp=7.0/s, objs=8.0/s, last_udp=0.11s, meas=2, tracks=12, valid=0, master=841
[LIVE] udp=5.0/s, objs=5.0/s, last_udp=0.56s, meas=1, tracks=12, valid=0, master=841
[LIVE] udp=2.0/s, objs=2.0/s, last_udp=0.41s, meas=1, tracks=12, valid=1, master=841
[LIVE] udp=4.0/s, objs=4.0/s, last_udp=0.10s, meas=2, tracks=12, valid=1, master=841
[LIVE] udp=7.0/s, objs=7.0/s, last_udp=0.25s, meas=2, tracks=14, valid=1, master=876
[LIVE] udp=9.0/s, objs=9.0/s, last_udp=0.30s, meas=3, tracks=14, valid=3, master=876
[LIVE] udp=10.0/s, objs=10.0/s, last_udp=0.01s, meas=2, tracks=15, valid=2, master=876
[LIVE] udp=11.0/s, objs=11.0/s, last_udp=0.02s, meas=2, tracks=16, valid=0, master=874
[LIVE] udp=10.0/s, objs=10.0/s, last_udp=0.01s, meas=3, tracks=17, valid=1, master=879
[GPS] GGA fix_quality=1, num_sats=18, hdop=1.4, lat=30.408109288, lon=104.08865555633334
[LIVE] udp=8.0/s, objs=8.0/s, last_udp=0.12s, meas=2, tracks=17, valid=2, master=878
[LIVE] udp=8.0/s, objs=9.0/s, last_udp=0.13s, meas=5, tracks=17, valid=3, master=880
[LIVE] udp=6.0/s, objs=6.0/s, last_udp=0.20s, meas=2, tracks=17, valid=2, master=880
[LIVE] udp=5.0/s, objs=5.0/s, last_udp=0.15s, meas=2, tracks=17, valid=1, master=878
[LIVE] udp=6.0/s, objs=6.0/s, last_udp=0.23s, meas=2, tracks=17, valid=2, master=878
[LIVE] udp=2.0/s, objs=2.0/s, last_udp=0.00s, meas=1, tracks=11, valid=1, master=865
[LIVE] udp=4.0/s, objs=4.0/s, last_udp=0.26s, meas=2, tracks=10, valid=1, master=865
[LIVE] udp=6.0/s, objs=6.0/s, last_udp=0.10s, meas=2, tracks=10, valid=2, master=865
[LIVE] udp=10.0/s, objs=10.0/s, last_udp=0.04s, meas=2, tracks=11, valid=0, master=872
[LIVE] udp=10.9/s, objs=10.9/s, last_udp=0.05s, meas=2, tracks=11, valid=1, master=881
[GPS] GGA fix_quality=1, num_sats=17, hdop=1.1, lat=30.4081070015, lon=104.08865813033333
[LIVE] udp=11.0/s, objs=11.0/s, last_udp=0.00s, meas=4, tracks=12, valid=3, master=865
[LIVE] udp=10.0/s, objs=10.0/s, last_udp=0.02s, meas=2, tracks=11, valid=2, master=882
[LIVE] udp=8.0/s, objs=8.0/s, last_udp=0.08s, meas=3, tracks=11, valid=3, master=882
[LIVE] udp=12.0/s, objs=12.0/s, last_udp=0.18s, meas=4, tracks=15, valid=2, master=884
[LIVE] udp=11.0/s, objs=11.0/s, last_udp=0.00s, meas=2, tracks=15, valid=2, master=884
[LIVE] udp=13.9/s, objs=13.9/s, last_udp=0.05s, meas=4, tracks=14, valid=3, master=884
[LIVE] udp=6.0/s, objs=6.0/s, last_udp=0.18s, meas=2, tracks=15, valid=1, master=885
[LIVE] udp=8.0/s, objs=8.0/s, last_udp=0.12s, meas=3, tracks=14, valid=0, master=885
[LIVE] udp=4.0/s, objs=4.0/s, last_udp=0.19s, meas=1, tracks=13, valid=1, master=883
[LIVE] udp=5.0/s, objs=5.0/s, last_udp=0.18s, meas=1, tracks=14, valid=1, master=889
[GPS] GGA fix_quality=1, num_sats=17, hdop=1.1, lat=30.408104391166667, lon=104.08867892116666
[LIVE] udp=10.0/s, objs=10.0/s, last_udp=0.02s, meas=2, tracks=15, valid=1, master=889
[LIVE] udp=6.0/s, objs=6.0/s, last_udp=0.07s, meas=2, tracks=15, valid=2, master=890
[LIVE] udp=10.0/s, objs=10.0/s, last_udp=0.02s, meas=3, tracks=16, valid=2, master=890
[LIVE] udp=9.0/s, objs=9.0/s, last_udp=0.15s, meas=2, tracks=15, valid=1, master=881
[LIVE] udp=13.9/s, objs=13.9/s, last_udp=0.01s, meas=2, tracks=15, valid=1, master=889
[LIVE] udp=7.0/s, objs=7.0/s, last_udp=0.17s, meas=2, tracks=16, valid=1, master=890
[LIVE] udp=1.0/s, objs=1.0/s, last_udp=0.07s, meas=2, tracks=16, valid=1, master=890
[LIVE] udp=6.0/s, objs=10.0/s, last_udp=0.05s, meas=2, tracks=17, valid=2, master=883
[LIVE] udp=9.0/s, objs=9.9/s, last_udp=0.08s, meas=2, tracks=16, valid=1, master=883
[LIVE] udp=9.0/s, objs=9.0/s, last_udp=0.02s, meas=3, tracks=15, valid=1, master=890
[GPS] GGA fix_quality=1, num_sats=15, hdop=1.5, lat=30.408105534166666, lon=104.08866333066666
[LIVE] udp=11.0/s, objs=11.0/s, last_udp=0.01s, meas=3, tracks=13, valid=1, master=890
[LIVE] udp=12.0/s, objs=12.0/s, last_udp=0.00s, meas=4, tracks=13, valid=4, master=887
[LIVE] udp=11.0/s, objs=11.0/s, last_udp=0.06s, meas=3, tracks=14, valid=2, master=895
[LIVE] udp=11.0/s, objs=12.0/s, last_udp=0.03s, meas=2, tracks=18, valid=1, master=891
[LIVE] udp=2.0/s, objs=2.0/s, last_udp=0.52s, meas=1, tracks=18, valid=1, master=898
[LIVE] udp=6.0/s, objs=6.0/s, last_udp=0.29s, meas=1, tracks=21, valid=0, master=898
[LIVE] udp=4.0/s, objs=4.0/s, last_udp=0.17s, meas=2, tracks=23, valid=0, master=898
[LIVE] udp=3.0/s, objs=3.0/s, last_udp=0.21s, meas=1, tracks=22, valid=1, master=904
[LIVE] udp=1.0/s, objs=1.0/s, last_udp=0.74s, meas=1, tracks=20, valid=0, master=904
[LIVE] udp=0.0/s, objs=0.0/s, last_udp=1.74s, meas=1, tracks=20, valid=0, master=904
[GPS] GGA fix_quality=1, num_sats=11, hdop=1.2, lat=30.408105794666668, lon=104.08865466533334
[LIVE] udp=2.0/s, objs=2.0/s, last_udp=0.63s, meas=2, tracks=20, valid=0, master=904
[LIVE] udp=0.0/s, objs=0.0/s, last_udp=1.63s, meas=2, tracks=20, valid=0, master=904
[LIVE] udp=1.0/s, objs=1.0/s, last_udp=0.26s, meas=1, tracks=20, valid=0, master=904
[LIVE] udp=0.0/s, objs=0.0/s, last_udp=1.26s, meas=1, tracks=20, valid=0, master=904
[LIVE] udp=0.0/s, objs=0.0/s, last_udp=2.26s, meas=1, tracks=20, valid=0, master=904
[LIVE] udp=2.0/s, objs=2.0/s, last_udp=0.15s, meas=1, tracks=11, valid=0, master=904
[LIVE] udp=2.0/s, objs=2.0/s, last_udp=0.15s, meas=1, tracks=12, valid=0, master=904
[LIVE] udp=2.0/s, objs=2.0/s, last_udp=0.84s, meas=1, tracks=10, valid=0, master=904
[LIVE] udp=1.0/s, objs=1.0/s, last_udp=0.07s, meas=1, tracks=10, valid=0, master=904
[LIVE] udp=1.0/s, objs=1.0/s, last_udp=0.85s, meas=1, tracks=10, valid=0, master=904
[GPS] GGA fix_quality=1, num_sats=11, hdop=1.2, lat=30.408105715166666, lon=104.08865172066666
[LIVE] udp=1.0/s, objs=1.0/s, last_udp=0.16s, meas=1, tracks=10, valid=0, master=904
[LIVE] udp=1.0/s, objs=1.0/s, last_udp=0.94s, meas=1, tracks=11, valid=0, master=904
[LIVE] udp=0.0/s, objs=0.0/s, last_udp=1.94s, meas=1, tracks=11, valid=0, master=904
[LIVE] udp=0.0/s, objs=0.0/s, last_udp=2.94s, meas=1, tracks=11, valid=0, master=904
[LIVE] udp=0.0/s, objs=0.0/s, last_udp=3.95s, meas=1, tracks=11, valid=0, master=904
[LIVE] udp=1.0/s, objs=1.0/s, last_udp=0.40s, meas=1, tracks=9, valid=0, master=904
[LIVE] udp=1.0/s, objs=1.0/s, last_udp=0.93s, meas=1, tracks=10, valid=0, master=904
[LIVE] udp=0.0/s, objs=0.0/s, last_udp=1.93s, meas=1, tracks=10, valid=0, master=904
[LIVE] udp=0.0/s, objs=0.0/s, last_udp=2.93s, meas=1, tracks=10, valid=0, master=904
[LIVE] udp=1.0/s, objs=1.0/s, last_udp=0.77s, meas=1, tracks=6, valid=0, master=904
[GPS] GGA fix_quality=1, num_sats=10, hdop=1.4, lat=30.408106838, lon=104.0886455845
[LIVE] udp=4.0/s, objs=4.0/s, last_udp=0.03s, meas=1, tracks=7, valid=0, master=904
[LIVE] udp=3.0/s, objs=3.0/s, last_udp=0.21s, meas=1, tracks=8, valid=0, master=904
[LIVE] udp=1.0/s, objs=1.0/s, last_udp=0.51s, meas=1, tracks=7, valid=0, master=904
[LIVE] udp=0.0/s, objs=0.0/s, last_udp=1.51s, meas=1, tracks=7, valid=0, master=904
[LIVE] udp=1.0/s, objs=1.0/s, last_udp=0.34s, meas=1, tracks=8, valid=0, master=904
[LIVE] udp=1.0/s, objs=1.0/s, last_udp=0.37s, meas=1, tracks=8, valid=0, master=904
[LIVE] udp=4.0/s, objs=4.0/s, last_udp=0.02s, meas=2, tracks=10, valid=0, master=904
[LIVE] udp=7.0/s, objs=9.9/s, last_udp=0.23s, meas=2, tracks=14, valid=0, master=920
[LIVE] udp=1.0/s, objs=1.0/s, last_udp=0.89s, meas=1, tracks=14, valid=0, master=920
[LIVE] udp=0.0/s, objs=0.0/s, last_udp=1.89s, meas=1, tracks=14, valid=0, master=920
[GPS] GGA fix_quality=1, num_sats=16, hdop=1.1, lat=30.408107036166665, lon=104.08865270383333
[LIVE] udp=2.0/s, objs=2.0/s, last_udp=0.19s, meas=2, tracks=13, valid=0, master=920
[LIVE] udp=2.0/s, objs=2.0/s, last_udp=0.76s, meas=2, tracks=15, valid=0, master=920
[LIVE] udp=0.0/s, objs=0.0/s, last_udp=1.76s, meas=2, tracks=15, valid=0, master=920
[LIVE] udp=3.0/s, objs=3.0/s, last_udp=0.39s, meas=1, tracks=13, valid=0, master=920
[LIVE] udp=0.0/s, objs=0.0/s, last_udp=1.39s, meas=1, tracks=13, valid=0, master=920
[LIVE] udp=2.0/s, objs=2.0/s, last_udp=0.02s, meas=1, tracks=13, valid=0, master=920
[LIVE] udp=4.0/s, objs=4.0/s, last_udp=0.04s, meas=2, tracks=15, valid=0, master=920
[LIVE] udp=3.0/s, objs=3.0/s, last_udp=0.14s, meas=1, tracks=17, valid=0, master=920
[LIVE] udp=1.0/s, objs=1.0/s, last_udp=0.18s, meas=1, tracks=17, valid=0, master=920
[LIVE] udp=0.0/s, objs=0.0/s, last_udp=1.19s, meas=1, tracks=15, valid=0, master=920
[GPS] GGA fix_quality=1, num_sats=10, hdop=1.8, lat=30.408107670833335, lon=104.08865053116666
[LIVE] udp=1.0/s, objs=1.0/s, last_udp=0.75s, meas=1, tracks=14, valid=0, master=920
[LIVE] udp=2.0/s, objs=2.0/s, last_udp=0.19s, meas=1, tracks=14, valid=0, master=920
[LIVE] udp=0.0/s, objs=0.0/s, last_udp=1.19s, meas=1, tracks=12, valid=0, master=920
[LIVE] udp=0.0/s, objs=0.0/s, last_udp=2.19s, meas=1, tracks=12, valid=0, master=920
[LIVE] udp=2.0/s, objs=2.0/s, last_udp=0.56s, meas=2, tracks=9, valid=0, master=920
[LIVE] udp=0.0/s, objs=0.0/s, last_udp=1.57s, meas=2, tracks=9, valid=0, master=920
[LIVE] udp=4.0/s, objs=4.0/s, last_udp=0.26s, meas=2, tracks=9, valid=0, master=920
[LIVE] udp=4.0/s, objs=4.0/s, last_udp=0.21s, meas=1, tracks=11, valid=0, master=920
[LIVE] udp=2.0/s, objs=2.0/s, last_udp=0.09s, meas=1, tracks=11, valid=0, master=920
[LIVE] udp=2.0/s, objs=2.0/s, last_udp=0.00s, meas=1, tracks=12, valid=0, master=920
[GPS] GGA fix_quality=1, num_sats=10, hdop=1.8, lat=30.408107689833333, lon=104.088655356
[LIVE] udp=3.0/s, objs=5.0/s, last_udp=0.04s, meas=1, tracks=12, valid=0, master=920
[LIVE] udp=4.0/s, objs=4.0/s, last_udp=0.01s, meas=2, tracks=16, valid=0, master=920
[LIVE] udp=9.0/s, objs=11.0/s, last_udp=0.06s, meas=3, tracks=18, valid=1, master=939
[LIVE] udp=5.0/s, objs=5.0/s, last_udp=0.02s, meas=2, tracks=20, valid=0, master=939
[LIVE] udp=0.0/s, objs=0.0/s, last_udp=1.02s, meas=1, tracks=20, valid=0, master=939
[LIVE] udp=0.0/s, objs=0.0/s, last_udp=2.02s, meas=1, tracks=20, valid=0, master=939
[LIVE] udp=0.0/s, objs=0.0/s, last_udp=3.03s, meas=1, tracks=20, valid=0, master=939
[LIVE] udp=0.0/s, objs=0.0/s, last_udp=4.03s, meas=1, tracks=20, valid=0, master=939
[LIVE] udp=0.0/s, objs=0.0/s, last_udp=5.03s, meas=1, tracks=20, valid=0, master=939
[LIVE] udp=0.0/s, objs=0.0/s, last_udp=6.03s, meas=1, tracks=20, valid=0, master=939
[GPS] GGA fix_quality=1, num_sats=10, hdop=1.2, lat=30.408106877833333, lon=104.08865400716667
[LIVE] udp=0.0/s, objs=0.0/s, last_udp=7.04s, meas=1, tracks=20, valid=0, master=939
[LIVE] udp=0.0/s, objs=0.0/s, last_udp=8.04s, meas=1, tracks=20, valid=0, master=939
[LIVE] udp=0.0/s, objs=0.0/s, last_udp=9.04s, meas=1, tracks=20, valid=0, master=939
[LIVE] udp=0.0/s, objs=0.0/s, last_udp=10.05s, meas=1, tracks=20, valid=0, master=939
[LIVE] udp=2.0/s, objs=2.0/s, last_udp=0.52s, meas=1, tracks=1, valid=0, master=939
[LIVE] udp=0.0/s, objs=0.0/s, last_udp=1.52s, meas=1, tracks=1, valid=0, master=939
[LIVE] udp=3.0/s, objs=3.0/s, last_udp=0.14s, meas=1, tracks=2, valid=0, master=939
[LIVE] udp=3.0/s, objs=3.0/s, last_udp=0.22s, meas=1, tracks=2, valid=1, master=952
[LIVE] udp=1.0/s, objs=1.0/s, last_udp=0.75s, meas=1, tracks=2, valid=1, master=952
[GPS] GGA fix_quality=1, num_sats=16, hdop=1.1, lat=30.408107507166665, lon=104.08865852816666
[LIVE] udp=0.0/s, objs=0.0/s, last_udp=1.75s, meas=1, tracks=2, valid=1, master=952
[LIVE] udp=0.0/s, objs=0.0/s, last_udp=2.76s, meas=1, tracks=2, valid=1, master=952
[LIVE] udp=0.0/s, objs=0.0/s, last_udp=3.76s, meas=1, tracks=2, valid=1, master=952
[LIVE] udp=0.0/s, objs=0.0/s, last_udp=4.77s, meas=1, tracks=2, valid=1, master=952
[LIVE] udp=0.0/s, objs=0.0/s, last_udp=5.77s, meas=1, tracks=2, valid=1, master=952
[LIVE] udp=3.0/s, objs=3.0/s, last_udp=0.14s, meas=2, tracks=4, valid=0, master=952
[LIVE] udp=3.0/s, objs=3.0/s, last_udp=0.34s, meas=1, tracks=7, valid=0, master=952
[LIVE] udp=0.0/s, objs=0.0/s, last_udp=1.34s, meas=1, tracks=7, valid=0, master=952
[LIVE] udp=0.0/s, objs=0.0/s, last_udp=2.35s, meas=1, tracks=7, valid=0, master=952
[LIVE] udp=0.0/s, objs=0.0/s, last_udp=3.35s, meas=1, tracks=7, valid=0, master=952
[GPS] GGA fix_quality=1, num_sats=10, hdop=1.8, lat=30.4081077695, lon=104.08866602716667
[LIVE] udp=1.0/s, objs=2.0/s, last_udp=0.03s, meas=1, tracks=7, valid=0, master=952
[LIVE] udp=1.0/s, objs=1.0/s, last_udp=0.78s, meas=1, tracks=7, valid=0, master=952
[LIVE] udp=3.0/s, objs=3.0/s, last_udp=0.25s, meas=1, tracks=9, valid=0, master=952
[LIVE] udp=3.0/s, objs=4.0/s, last_udp=0.27s, meas=2, tracks=12, valid=0, master=952
[LIVE] udp=0.0/s, objs=0.0/s, last_udp=1.27s, meas=2, tracks=12, valid=0, master=952
[LIVE] udp=0.0/s, objs=0.0/s, last_udp=2.27s, meas=2, tracks=12, valid=0, master=952
[LIVE] udp=0.0/s, objs=0.0/s, last_udp=3.27s, meas=2, tracks=12, valid=0, master=952
[LIVE] udp=0.0/s, objs=0.0/s, last_udp=4.28s, meas=2, tracks=12, valid=0, master=952
[LIVE] udp=0.0/s, objs=0.0/s, last_udp=5.28s, meas=2, tracks=12, valid=0, master=952
[LIVE] udp=0.0/s, objs=0.0/s, last_udp=6.28s, meas=2, tracks=12, valid=0, master=952
[GPS] GGA fix_quality=1, num_sats=18, hdop=1.1, lat=30.408106533833333, lon=104.0886634955
[LIVE] udp=0.0/s, objs=0.0/s, last_udp=7.28s, meas=2, tracks=12, valid=0, master=952
[LIVE] udp=0.0/s, objs=0.0/s, last_udp=8.29s, meas=2, tracks=12, valid=0, master=952
[LIVE] udp=1.0/s, objs=1.0/s, last_udp=0.77s, meas=1, tracks=7, valid=0, master=952
[LIVE] udp=3.0/s, objs=3.0/s, last_udp=0.57s, meas=2, tracks=4, valid=0, master=952
[LIVE] udp=0.0/s, objs=0.0/s, last_udp=1.57s, meas=2, tracks=4, valid=0, master=952
[LIVE] udp=1.0/s, objs=1.0/s, last_udp=0.33s, meas=1, tracks=4, valid=0, master=952
[LIVE] udp=3.0/s, objs=3.0/s, last_udp=0.08s, meas=1, tracks=6, valid=0, master=952
[LIVE] udp=3.0/s, objs=3.0/s, last_udp=0.28s, meas=2, tracks=6, valid=1, master=968
[LIVE] udp=3.0/s, objs=3.0/s, last_udp=0.21s, meas=2, tracks=7, valid=1, master=968
[LIVE] udp=2.0/s, objs=2.0/s, last_udp=0.64s, meas=1, tracks=7, valid=1, master=969
[GPS] GGA fix_quality=1, num_sats=18, hdop=1.1, lat=30.408099639166668, lon=104.08865435333334
[LIVE] udp=0.0/s, objs=0.0/s, last_udp=1.64s, meas=1, tracks=7, valid=1, master=969
[LIVE] udp=2.0/s, objs=2.0/s, last_udp=0.04s, meas=1, tracks=8, valid=0, master=969
[LIVE] udp=3.0/s, objs=4.0/s, last_udp=0.57s, meas=1, tracks=11, valid=0, master=970
[LIVE] udp=0.0/s, objs=0.0/s, last_udp=1.57s, meas=1, tracks=11, valid=0, master=970
[LIVE] udp=2.0/s, objs=2.0/s, last_udp=0.23s, meas=1, tracks=12, valid=0, master=970
[LIVE] udp=2.0/s, objs=2.0/s, last_udp=0.15s, meas=1, tracks=12, valid=0, master=970
[LIVE] udp=1.0/s, objs=1.0/s, last_udp=0.91s, meas=1, tracks=12, valid=0, master=970
[LIVE] udp=0.0/s, objs=0.0/s, last_udp=1.91s, meas=1, tracks=12, valid=0, master=970
[LIVE] udp=1.0/s, objs=1.0/s, last_udp=0.09s, meas=1, tracks=12, valid=0, master=970
[LIVE] udp=1.0/s, objs=3.0/s, last_udp=0.96s, meas=3, tracks=11, valid=0, master=970
[GPS] GGA fix_quality=1, num_sats=17, hdop=1.1, lat=30.408098186166665, lon=104.08864780416667
[LIVE] udp=0.0/s, objs=0.0/s, last_udp=1.96s, meas=3, tracks=11, valid=0, master=970
[LIVE] udp=0.0/s, objs=0.0/s, last_udp=2.96s, meas=3, tracks=11, valid=0, master=970
[LIVE] udp=1.0/s, objs=1.0/s, last_udp=0.75s, meas=1, tracks=9, valid=0, master=970
[LIVE] udp=0.0/s, objs=0.0/s, last_udp=1.75s, meas=1, tracks=9, valid=0, master=970
[LIVE] udp=0.0/s, objs=0.0/s, last_udp=2.75s, meas=1, tracks=9, valid=0, master=970
[LIVE] udp=0.0/s, objs=0.0/s, last_udp=3.75s, meas=1, tracks=9, valid=0, master=970
[LIVE] udp=1.0/s, objs=1.0/s, last_udp=0.14s, meas=1, tracks=9, valid=0, master=970
[LIVE] udp=1.0/s, objs=1.0/s, last_udp=0.83s, meas=1, tracks=5, valid=0, master=970
[LIVE] udp=2.0/s, objs=2.0/s, last_udp=0.64s, meas=1, tracks=7, valid=0, master=970
[LIVE] udp=0.0/s, objs=0.0/s, last_udp=1.65s, meas=1, tracks=7, valid=0, master=970
[GPS] GGA fix_quality=1, num_sats=17, hdop=1.1, lat=30.408096415833334, lon=104.08864906866667
[LIVE] udp=4.0/s, objs=4.0/s, last_udp=0.12s, meas=1, tracks=7, valid=0, master=970
[LIVE] udp=4.0/s, objs=4.0/s, last_udp=0.55s, meas=1, tracks=11, valid=0, master=970
[LIVE] udp=4.0/s, objs=4.0/s, last_udp=0.14s, meas=1, tracks=12, valid=0, master=970
[LIVE] udp=7.0/s, objs=7.0/s, last_udp=0.03s, meas=1, tracks=12, valid=0, master=970
[LIVE] udp=2.0/s, objs=2.0/s, last_udp=0.54s, meas=2, tracks=12, valid=0, master=970
[LIVE] udp=0.0/s, objs=0.0/s, last_udp=1.54s, meas=2, tracks=12, valid=0, master=970
[LIVE] udp=0.0/s, objs=0.0/s, last_udp=2.54s, meas=2, tracks=12, valid=0, master=970
[LIVE] udp=2.0/s, objs=2.0/s, last_udp=0.51s, meas=1, tracks=13, valid=0, master=970
[LIVE] udp=3.0/s, objs=4.0/s, last_udp=0.07s, meas=3, tracks=14, valid=0, master=970
[LIVE] udp=4.0/s, objs=4.0/s, last_udp=0.22s, meas=2, tracks=14, valid=1, master=984
[GPS] GGA fix_quality=1, num_sats=16, hdop=1.1, lat=30.408097471833333, lon=104.0886443145
[LIVE] udp=6.0/s, objs=6.0/s, last_udp=0.18s, meas=3, tracks=15, valid=0, master=984
[LIVE] udp=7.0/s, objs=7.0/s, last_udp=0.18s, meas=3, tracks=19, valid=0, master=984
[LIVE] udp=3.0/s, objs=4.0/s, last_udp=0.45s, meas=1, tracks=20, valid=1, master=995
[LIVE] udp=1.0/s, objs=1.0/s, last_udp=0.44s, meas=0, tracks=19, valid=0, master=995
[LIVE] udp=0.0/s, objs=0.0/s, last_udp=1.44s, meas=0, tracks=19, valid=0, master=995
[LIVE] udp=1.0/s, objs=1.0/s, last_udp=0.82s, meas=1, tracks=18, valid=0, master=995
[LIVE] udp=2.0/s, objs=2.0/s, last_udp=0.05s, meas=1, tracks=17, valid=0, master=995
[LIVE] udp=1.0/s, objs=1.0/s, last_udp=0.39s, meas=1, tracks=17, valid=0, master=995
[LIVE] udp=1.0/s, objs=1.0/s, last_udp=0.72s, meas=1, tracks=17, valid=0, master=995
[LIVE] udp=2.0/s, objs=2.0/s, last_udp=0.09s, meas=1, tracks=16, valid=0, master=995
[GPS] GGA fix_quality=1, num_sats=17, hdop=1.1, lat=30.408098410833333, lon=104.088659691
[LIVE] udp=2.0/s, objs=2.0/s, last_udp=0.51s, meas=1, tracks=16, valid=0, master=995
[LIVE] udp=1.0/s, objs=1.0/s, last_udp=0.93s, meas=1, tracks=16, valid=0, master=995
[LIVE] udp=0.0/s, objs=0.0/s, last_udp=1.93s, meas=1, tracks=16, valid=0, master=995
[LIVE] udp=0.0/s, objs=0.0/s, last_udp=2.93s, meas=1, tracks=16, valid=0, master=995
[LIVE] udp=2.0/s, objs=2.0/s, last_udp=0.00s, meas=1, tracks=6, valid=0, master=995
[LIVE] udp=4.0/s, objs=4.0/s, last_udp=0.24s, meas=1, tracks=8, valid=1, master=1003
[LIVE] udp=2.0/s, objs=2.0/s, last_udp=0.66s, meas=1, tracks=9, valid=0, master=1003
[LIVE] udp=1.0/s, objs=1.0/s, last_udp=0.08s, meas=1, tracks=9, valid=0, master=1003
[LIVE] udp=1.0/s, objs=1.0/s, last_udp=0.61s, meas=1, tracks=10, valid=0, master=1003
[LIVE] udp=0.0/s, objs=0.0/s, last_udp=1.61s, meas=1, tracks=10, valid=0, master=1003
[GPS] GGA fix_quality=1, num_sats=17, hdop=1.3, lat=30.408102277666668, lon=104.08865018616666
[LIVE] udp=2.0/s, objs=2.0/s, last_udp=0.01s, meas=1, tracks=10, valid=1, master=1005
[LIVE] udp=6.0/s, objs=6.0/s, last_udp=0.12s, meas=3, tracks=8, valid=2, master=1005
[LIVE] udp=5.0/s, objs=5.0/s, last_udp=0.02s, meas=2, tracks=7, valid=2, master=990
[LIVE] udp=7.0/s, objs=8.0/s, last_udp=0.08s, meas=1, tracks=11, valid=0, master=990
[LIVE] udp=14.0/s, objs=14.0/s, last_udp=0.06s, meas=2, tracks=15, valid=0, master=990
[LIVE] udp=1.0/s, objs=1.0/s, last_udp=0.27s, meas=1, tracks=15, valid=0, master=990
[LIVE] udp=2.0/s, objs=2.0/s, last_udp=0.55s, meas=1, tracks=15, valid=1, master=1005
[LIVE] udp=1.0/s, objs=1.0/s, last_udp=0.98s, meas=1, tracks=15, valid=1, master=1005
[LIVE] udp=1.0/s, objs=1.0/s, last_udp=0.08s, meas=1, tracks=15, valid=1, master=1005
[LIVE] udp=1.0/s, objs=1.0/s, last_udp=0.38s, meas=1, tracks=13, valid=1, master=1005
[GPS] GGA fix_quality=1, num_sats=16, hdop=1.4, lat=30.4081016885, lon=104.0886557925
[LIVE] udp=4.0/s, objs=4.0/s, last_udp=0.17s, meas=1, tracks=13, valid=1, master=1005
[LIVE] udp=1.0/s, objs=1.0/s, last_udp=0.40s, meas=1, tracks=13, valid=1, master=1005
[LIVE] udp=5.0/s, objs=6.0/s, last_udp=0.09s, meas=1, tracks=13, valid=1, master=1005
[LIVE] udp=1.0/s, objs=1.0/s, last_udp=0.41s, meas=1, tracks=14, valid=1, master=1005
[LIVE] udp=1.0/s, objs=1.0/s, last_udp=0.42s, meas=1, tracks=14, valid=1, master=1005
[LIVE] udp=2.0/s, objs=2.0/s, last_udp=0.03s, meas=1, tracks=14, valid=1, master=1005
[LIVE] udp=2.0/s, objs=2.0/s, last_udp=0.19s, meas=1, tracks=11, valid=1, master=1005
[LIVE] udp=5.0/s, objs=5.0/s, last_udp=0.14s, meas=2, tracks=5, valid=1, master=1005
[LIVE] udp=5.0/s, objs=5.0/s, last_udp=0.24s, meas=1, tracks=7, valid=0, master=1005
[LIVE] udp=4.0/s, objs=4.0/s, last_udp=0.04s, meas=1, tracks=7, valid=1, master=1005
[GPS] GGA fix_quality=1, num_sats=16, hdop=1.1, lat=30.408106491, lon=104.0886416155
[LIVE] udp=3.0/s, objs=3.0/s, last_udp=0.37s, meas=1, tracks=8, valid=1, master=1005
[LIVE] udp=6.0/s, objs=6.0/s, last_udp=0.11s, meas=2, tracks=9, valid=1, master=1005
[LIVE] udp=2.0/s, objs=2.0/s, last_udp=0.20s, meas=1, tracks=9, valid=1, master=1005
[LIVE] udp=2.0/s, objs=2.0/s, last_udp=0.26s, meas=1, tracks=9, valid=1, master=1005
[LIVE] udp=2.0/s, objs=2.0/s, last_udp=0.12s, meas=1, tracks=9, valid=0, master=1005
[LIVE] udp=2.0/s, objs=2.0/s, last_udp=0.29s, meas=1, tracks=9, valid=0, master=1005
[LIVE] udp=6.0/s, objs=6.0/s, last_udp=0.11s, meas=1, tracks=9, valid=1, master=1005
[LIVE] udp=4.0/s, objs=4.0/s, last_udp=0.33s, meas=1, tracks=9, valid=1, master=1005
[LIVE] udp=4.0/s, objs=4.0/s, last_udp=0.05s, meas=1, tracks=9, valid=1, master=1005
[LIVE] udp=3.0/s, objs=3.0/s, last_udp=0.17s, meas=1, tracks=9, valid=1, master=1005
[GPS] GGA fix_quality=1, num_sats=14, hdop=1.5, lat=30.408106078166668, lon=104.08863271166666
[LIVE] udp=5.0/s, objs=5.0/s, last_udp=0.05s, meas=1, tracks=9, valid=1, master=1005
[LIVE] udp=2.0/s, objs=2.0/s, last_udp=0.49s, meas=1, tracks=8, valid=1, master=1005
[LIVE] udp=5.0/s, objs=5.0/s, last_udp=0.13s, meas=1, tracks=6, valid=1, master=1005
[LIVE] udp=3.0/s, objs=3.0/s, last_udp=0.03s, meas=1, tracks=6, valid=1, master=1005
[LIVE] udp=3.0/s, objs=3.0/s, last_udp=0.15s, meas=1, tracks=6, valid=1, master=1005
[LIVE] udp=4.0/s, objs=4.0/s, last_udp=0.09s, meas=1, tracks=5, valid=1, master=1005
[LIVE] udp=4.0/s, objs=4.0/s, last_udp=0.44s, meas=1, tracks=5, valid=1, master=1005
[LIVE] udp=8.0/s, objs=8.0/s, last_udp=0.07s, meas=3, tracks=7, valid=1, master=1005
[LIVE] udp=7.0/s, objs=7.0/s, last_udp=0.27s, meas=2, tracks=11, valid=1, master=1005
[LIVE] udp=5.0/s, objs=5.0/s, last_udp=0.01s, meas=3, tracks=13, valid=0, master=1005
[GPS] GGA fix_quality=1, num_sats=16, hdop=1.1, lat=30.408100739666665, lon=104.0886439455
[LIVE] udp=3.0/s, objs=3.0/s, last_udp=0.38s, meas=1, tracks=15, valid=0, master=1005
[LIVE] udp=8.0/s, objs=9.0/s, last_udp=0.21s, meas=1, tracks=17, valid=0, master=1034
[LIVE] udp=6.0/s, objs=6.0/s, last_udp=0.22s, meas=1, tracks=18, valid=1, master=1024
[LIVE] udp=5.0/s, objs=5.0/s, last_udp=0.02s, meas=2, tracks=20, valid=1, master=1036
[LIVE] udp=2.0/s, objs=2.0/s, last_udp=0.43s, meas=1, tracks=20, valid=1, master=1005
[LIVE] udp=4.0/s, objs=4.0/s, last_udp=0.24s, meas=1, tracks=20, valid=1, master=1005
[LIVE] udp=9.0/s, objs=9.0/s, last_udp=0.19s, meas=3, tracks=20, valid=1, master=1005
[LIVE] udp=6.0/s, objs=6.0/s, last_udp=0.01s, meas=2, tracks=21, valid=1, master=1005
[LIVE] udp=5.0/s, objs=5.0/s, last_udp=0.00s, meas=1, tracks=21, valid=1, master=1005
[LIVE] udp=4.0/s, objs=4.0/s, last_udp=0.09s, meas=2, tracks=21, valid=1, master=1005
[GPS] GGA fix_quality=1, num_sats=17, hdop=1.1, lat=30.408100957333332, lon=104.08863768666667
[LIVE] udp=0.0/s, objs=0.0/s, last_udp=1.09s, meas=1, tracks=20, valid=1, master=1005
[LIVE] udp=4.0/s, objs=4.0/s, last_udp=0.06s, meas=2, tracks=19, valid=0, master=1005
[LIVE] udp=7.0/s, objs=7.0/s, last_udp=0.14s, meas=2, tracks=20, valid=0, master=1035
[LIVE] udp=5.0/s, objs=5.0/s, last_udp=0.05s, meas=1, tracks=16, valid=0, master=1005
[LIVE] udp=8.0/s, objs=9.0/s, last_udp=0.02s, meas=2, tracks=15, valid=1, master=1005
[LIVE] udp=6.0/s, objs=7.0/s, last_udp=0.03s, meas=2, tracks=13, valid=2, master=1038
[LIVE] udp=6.0/s, objs=6.0/s, last_udp=0.03s, meas=2, tracks=15, valid=1, master=1038
[LIVE] udp=8.0/s, objs=8.0/s, last_udp=0.11s, meas=3, tracks=14, valid=1, master=1005
[LIVE] udp=8.0/s, objs=9.0/s, last_udp=0.02s, meas=4, tracks=15, valid=2, master=1005
[LIVE] udp=4.0/s, objs=4.0/s, last_udp=0.12s, meas=1, tracks=14, valid=1, master=1005
[GPS] GGA fix_quality=1, num_sats=16, hdop=1.4, lat=30.408099543833334, lon=104.0886418315
[LIVE] udp=10.0/s, objs=10.0/s, last_udp=0.03s, meas=4, tracks=11, valid=1, master=1005
[LIVE] udp=4.0/s, objs=4.0/s, last_udp=0.04s, meas=1, tracks=10, valid=1, master=1005
[LIVE] udp=6.0/s, objs=6.0/s, last_udp=0.06s, meas=1, tracks=11, valid=1, master=1005
[LIVE] udp=2.0/s, objs=2.0/s, last_udp=0.56s, meas=1, tracks=10, valid=1, master=1005
[LIVE] udp=6.0/s, objs=6.0/s, last_udp=0.04s, meas=1, tracks=11, valid=1, master=1005
[LIVE] udp=5.0/s, objs=5.0/s, last_udp=0.09s, meas=1, tracks=10, valid=1, master=1005
[LIVE] udp=11.0/s, objs=11.0/s, last_udp=0.01s, meas=2, tracks=12, valid=1, master=1005
[LIVE] udp=6.0/s, objs=6.0/s, last_udp=0.04s, meas=1, tracks=13, valid=1, master=1005
[LIVE] udp=4.0/s, objs=4.0/s, last_udp=0.37s, meas=1, tracks=12, valid=1, master=1005
[LIVE] udp=10.0/s, objs=12.0/s, last_udp=0.16s, meas=4, tracks=17, valid=1, master=1005
[GPS] GGA fix_quality=1, num_sats=18, hdop=1.1, lat=30.408098090833334, lon=104.0886456165
[LIVE] udp=5.0/s, objs=5.0/s, last_udp=0.21s, meas=1, tracks=17, valid=1, master=1005
[LIVE] udp=4.0/s, objs=4.0/s, last_udp=0.30s, meas=1, tracks=17, valid=1, master=1005
[LIVE] udp=4.0/s, objs=4.0/s, last_udp=0.05s, meas=1, tracks=17, valid=1, master=1005
[LIVE] udp=2.0/s, objs=2.0/s, last_udp=0.50s, meas=1, tracks=14, valid=1, master=1005
[LIVE] udp=4.0/s, objs=4.0/s, last_udp=0.02s, meas=1, tracks=12, valid=1, master=1005
[LIVE] udp=4.0/s, objs=4.0/s, last_udp=0.25s, meas=1, tracks=12, valid=1, master=1005
[LIVE] udp=5.0/s, objs=5.0/s, last_udp=0.01s, meas=1, tracks=12, valid=1, master=1005
[LIVE] udp=4.0/s, objs=4.0/s, last_udp=0.07s, meas=1, tracks=12, valid=1, master=1005
[LIVE] udp=6.0/s, objs=6.0/s, last_udp=0.20s, meas=1, tracks=11, valid=1, master=1005
[LIVE] udp=4.0/s, objs=4.0/s, last_udp=0.40s, meas=1, tracks=9, valid=1, master=1005
[GPS] GGA fix_quality=1, num_sats=19, hdop=1.0, lat=30.408101438333333, lon=104.08865280316667
[LIVE] udp=5.0/s, objs=5.0/s, last_udp=0.05s, meas=1, tracks=7, valid=1, master=1005
[LIVE] udp=4.0/s, objs=4.0/s, last_udp=0.12s, meas=1, tracks=7, valid=1, master=1005
[LIVE] udp=11.0/s, objs=11.0/s, last_udp=0.07s, meas=3, tracks=6, valid=1, master=1005
[LIVE] udp=4.0/s, objs=4.0/s, last_udp=0.13s, meas=1, tracks=6, valid=1, master=1005
[LIVE] udp=6.0/s, objs=6.0/s, last_udp=0.01s, meas=1, tracks=6, valid=1, master=1005
[LIVE] udp=4.0/s, objs=4.0/s, last_udp=0.14s, meas=2, tracks=7, valid=1, master=1005
[LIVE] udp=4.0/s, objs=4.0/s, last_udp=0.45s, meas=1, tracks=7, valid=1, master=1005
[LIVE] udp=5.0/s, objs=5.0/s, last_udp=0.27s, meas=1, tracks=8, valid=1, master=1005
[LIVE] udp=3.0/s, objs=3.0/s, last_udp=0.32s, meas=1, tracks=8, valid=1, master=1005
[LIVE] udp=0.0/s, objs=0.0/s, last_udp=1.32s, meas=1, tracks=8, valid=1, master=1005
[GPS] GGA fix_quality=1, num_sats=17, hdop=1.1, lat=30.408101439, lon=104.08864777183334
[LIVE] udp=0.0/s, objs=0.0/s, last_udp=2.32s, meas=1, tracks=8, valid=1, master=1005
[LIVE] udp=0.0/s, objs=0.0/s, last_udp=3.33s, meas=1, tracks=8, valid=1, master=1005
[LIVE] udp=0.0/s, objs=0.0/s, last_udp=4.33s, meas=1, tracks=8, valid=1, master=1005
[LIVE] udp=3.0/s, objs=3.0/s, last_udp=0.04s, meas=1, tracks=8, valid=1, master=1005
[LIVE] udp=3.0/s, objs=3.0/s, last_udp=0.16s, meas=1, tracks=8, valid=0, master=1005
[LIVE] udp=1.0/s, objs=1.0/s, last_udp=0.04s, meas=1, tracks=7, valid=0, master=1005
[LIVE] udp=2.0/s, objs=2.0/s, last_udp=0.25s, meas=2, tracks=9, valid=0, master=1005
[LIVE] udp=3.0/s, objs=3.0/s, last_udp=0.12s, meas=2, tracks=10, valid=0, master=1005
[LIVE] udp=3.0/s, objs=3.0/s, last_udp=0.18s, meas=1, tracks=11, valid=1, master=1063
[LIVE] udp=3.0/s, objs=3.0/s, last_udp=0.37s, meas=2, tracks=11, valid=0, master=1063
[GPS] GGA fix_quality=1, num_sats=18, hdop=1.0, lat=30.408107852666667, lon=104.08864910716666
[LIVE] udp=1.0/s, objs=1.0/s, last_udp=0.83s, meas=1, tracks=11, valid=0, master=1063
[LIVE] udp=0.0/s, objs=0.0/s, last_udp=1.83s, meas=1, tracks=11, valid=0, master=1063
[LIVE] udp=0.0/s, objs=0.0/s, last_udp=2.83s, meas=1, tracks=11, valid=0, master=1063
[LIVE] udp=1.0/s, objs=1.0/s, last_udp=0.56s, meas=0, tracks=11, valid=0, master=1063
[LIVE] udp=3.0/s, objs=3.0/s, last_udp=0.03s, meas=2, tracks=11, valid=0, master=1063
[LIVE] udp=0.0/s, objs=0.0/s, last_udp=1.03s, meas=1, tracks=12, valid=0, master=1063
[LIVE] udp=0.0/s, objs=0.0/s, last_udp=2.04s, meas=1, tracks=12, valid=0, master=1063
[LIVE] udp=0.0/s, objs=0.0/s, last_udp=3.04s, meas=1, tracks=12, valid=0, master=1063
[LIVE] udp=0.0/s, objs=0.0/s, last_udp=4.04s, meas=1, tracks=12, valid=0, master=1063
[LIVE] udp=0.0/s, objs=0.0/s, last_udp=5.04s, meas=1, tracks=12, valid=0, master=1063
[GPS] GGA fix_quality=1, num_sats=19, hdop=1.0, lat=30.4081126275, lon=104.088638581
[LIVE] udp=0.0/s, objs=0.0/s, last_udp=6.05s, meas=1, tracks=12, valid=0, master=1063
[LIVE] udp=0.0/s, objs=0.0/s, last_udp=7.05s, meas=1, tracks=12, valid=0, master=1063
[LIVE] udp=1.0/s, objs=1.0/s, last_udp=0.24s, meas=1, tracks=3, valid=0, master=1063
[LIVE] udp=1.0/s, objs=1.0/s, last_udp=0.93s, meas=1, tracks=4, valid=0, master=1063
[LIVE] udp=0.0/s, objs=0.0/s, last_udp=1.93s, meas=1, tracks=4, valid=0, master=1063
[LIVE] udp=0.0/s, objs=0.0/s, last_udp=2.93s, meas=1, tracks=4, valid=0, master=1063
[LIVE] udp=0.0/s, objs=0.0/s, last_udp=3.94s, meas=1, tracks=4, valid=0, master=1063
[LIVE] udp=0.0/s, objs=0.0/s, last_udp=4.94s, meas=1, tracks=4, valid=0, master=1063
[LIVE] udp=0.0/s, objs=0.0/s, last_udp=5.94s, meas=1, tracks=4, valid=0, master=1063
[LIVE] udp=0.0/s, objs=0.0/s, last_udp=6.95s, meas=1, tracks=4, valid=0, master=1063
[GPS] GGA fix_quality=1, num_sats=20, hdop=1.0, lat=30.40811398416667, lon=104.08864061583333
[LIVE] udp=3.0/s, objs=3.0/s, last_udp=0.11s, meas=1, tracks=3, valid=0, master=1063
[LIVE] udp=1.0/s, objs=1.0/s, last_udp=0.51s, meas=1, tracks=5, valid=0, master=1063
[LIVE] udp=3.0/s, objs=4.0/s, last_udp=0.34s, meas=2, tracks=7, valid=0, master=1063
[LIVE] udp=1.0/s, objs=1.0/s, last_udp=0.87s, meas=1, tracks=7, valid=0, master=1063
[LIVE] udp=0.0/s, objs=0.0/s, last_udp=1.87s, meas=1, tracks=7, valid=0, master=1063
[LIVE] udp=5.0/s, objs=5.0/s, last_udp=0.18s, meas=2, tracks=9, valid=1, master=1072
[LIVE] udp=6.0/s, objs=6.0/s, last_udp=0.13s, meas=2, tracks=9, valid=2, master=1072
[LIVE] udp=6.0/s, objs=6.0/s, last_udp=0.16s, meas=3, tracks=9, valid=2, master=1073
[LIVE] udp=8.0/s, objs=8.0/s, last_udp=0.11s, meas=2, tracks=10, valid=1, master=1072
[LIVE] udp=6.0/s, objs=6.0/s, last_udp=0.22s, meas=3, tracks=14, valid=0, master=1072
[GPS] GGA fix_quality=1, num_sats=20, hdop=1.0, lat=30.408115665, lon=104.0886327875
[LIVE] udp=2.0/s, objs=2.0/s, last_udp=0.28s, meas=1, tracks=14, valid=1, master=1074
[LIVE] udp=2.0/s, objs=2.0/s, last_udp=0.55s, meas=1, tracks=14, valid=1, master=1074
[LIVE] udp=7.0/s, objs=7.0/s, last_udp=0.00s, meas=3, tracks=15, valid=0, master=1074
[LIVE] udp=6.0/s, objs=6.0/s, last_udp=0.12s, meas=1, tracks=16, valid=0, master=1070
[LIVE] udp=7.0/s, objs=7.0/s, last_udp=0.14s, meas=3, tracks=17, valid=2, master=1070
[LIVE] udp=9.0/s, objs=9.0/s, last_udp=0.04s, meas=4, tracks=17, valid=3, master=1070
[LIVE] udp=7.0/s, objs=7.0/s, last_udp=0.07s, meas=2, tracks=16, valid=2, master=1070
[LIVE] udp=9.0/s, objs=9.0/s, last_udp=0.07s, meas=3, tracks=17, valid=2, master=1082
[LIVE] udp=8.0/s, objs=8.0/s, last_udp=0.21s, meas=2, tracks=17, valid=2, master=1082
[LIVE] udp=9.0/s, objs=9.0/s, last_udp=0.02s, meas=2, tracks=17, valid=1, master=1082
[GPS] GGA fix_quality=1, num_sats=19, hdop=0.8, lat=30.408115763333335, lon=104.08862632433333
[LIVE] udp=7.0/s, objs=7.0/s, last_udp=0.05s, meas=3, tracks=17, valid=2, master=1075
[LIVE] udp=3.0/s, objs=3.0/s, last_udp=0.13s, meas=1, tracks=17, valid=1, master=1075
[LIVE] udp=3.0/s, objs=3.0/s, last_udp=0.01s, meas=1, tracks=16, valid=1, master=1075
[LIVE] udp=3.0/s, objs=3.0/s, last_udp=0.28s, meas=1, tracks=14, valid=0, master=1075
[LIVE] udp=4.0/s, objs=4.0/s, last_udp=0.10s, meas=1, tracks=13, valid=1, master=1080
[LIVE] udp=1.0/s, objs=1.0/s, last_udp=0.23s, meas=1, tracks=13, valid=1, master=1080
[LIVE] udp=5.0/s, objs=5.0/s, last_udp=0.07s, meas=2, tracks=12, valid=1, master=1080
[LIVE] udp=7.0/s, objs=7.0/s, last_udp=0.02s, meas=2, tracks=13, valid=1, master=1083
[LIVE] udp=7.0/s, objs=7.0/s, last_udp=0.20s, meas=3, tracks=12, valid=3, master=1071
[LIVE] udp=4.0/s, objs=4.0/s, last_udp=0.05s, meas=1, tracks=12, valid=1, master=1071
[GPS] GGA fix_quality=1, num_sats=18, hdop=0.8, lat=30.408118744, lon=104.08862343633334
[LIVE] udp=1.0/s, objs=1.0/s, last_udp=0.78s, meas=1, tracks=12, valid=1, master=1071
[LIVE] udp=2.0/s, objs=2.0/s, last_udp=0.09s, meas=1, tracks=10, valid=1, master=1071
[LIVE] udp=5.0/s, objs=5.0/s, last_udp=0.04s, meas=2, tracks=10, valid=1, master=1071
[LIVE] udp=5.0/s, objs=5.0/s, last_udp=0.01s, meas=1, tracks=8, valid=1, master=1071
[LIVE] udp=5.0/s, objs=5.0/s, last_udp=0.15s, meas=1, tracks=9, valid=1, master=1071
[LIVE] udp=3.0/s, objs=3.0/s, last_udp=0.29s, meas=1, tracks=9, valid=1, master=1071
[LIVE] udp=3.0/s, objs=3.0/s, last_udp=0.33s, meas=1, tracks=8, valid=1, master=1071
[LIVE] udp=3.0/s, objs=3.0/s, last_udp=0.13s, meas=1, tracks=7, valid=1, master=1071
[LIVE] udp=3.0/s, objs=3.0/s, last_udp=0.01s, meas=2, tracks=7, valid=1, master=1071
[LIVE] udp=3.0/s, objs=4.0/s, last_udp=0.45s, meas=1, tracks=9, valid=1, master=1080
[GPS] GGA fix_quality=1, num_sats=18, hdop=1.0, lat=30.408120824833333, lon=104.08862179766666
[LIVE] udp=0.0/s, objs=0.0/s, last_udp=1.45s, meas=1, tracks=9, valid=1, master=1080
[LIVE] udp=0.0/s, objs=0.0/s, last_udp=2.46s, meas=1, tracks=9, valid=1, master=1080
[LIVE] udp=2.0/s, objs=2.0/s, last_udp=0.20s, meas=1, tracks=7, valid=1, master=1080
[LIVE] udp=4.0/s, objs=4.0/s, last_udp=0.17s, meas=1, tracks=7, valid=1, master=1080
[LIVE] udp=4.0/s, objs=4.0/s, last_udp=0.11s, meas=1, tracks=7, valid=1, master=1080
[LIVE] udp=3.0/s, objs=3.0/s, last_udp=0.26s, meas=1, tracks=6, valid=1, master=1071
[LIVE] udp=4.0/s, objs=4.0/s, last_udp=0.08s, meas=1, tracks=4, valid=1, master=1071
[LIVE] udp=4.0/s, objs=4.0/s, last_udp=0.04s, meas=1, tracks=4, valid=1, master=1071
[LIVE] udp=3.0/s, objs=3.0/s, last_udp=0.13s, meas=1, tracks=4, valid=1, master=1071
[LIVE] udp=4.0/s, objs=4.0/s, last_udp=0.17s, meas=2, tracks=5, valid=1, master=1071
[GPS] GGA fix_quality=1, num_sats=20, hdop=1.0, lat=30.408119993833335, lon=104.0886265705
[LIVE] udp=3.0/s, objs=3.0/s, last_udp=0.15s, meas=1, tracks=5, valid=1, master=1071
[LIVE] udp=6.0/s, objs=6.0/s, last_udp=0.05s, meas=3, tracks=4, valid=1, master=1071
[LIVE] udp=4.0/s, objs=4.0/s, last_udp=0.08s, meas=1, tracks=4, valid=1, master=1080
[LIVE] udp=4.0/s, objs=4.0/s, last_udp=0.18s, meas=2, tracks=4, valid=2, master=1071
[LIVE] udp=3.0/s, objs=3.0/s, last_udp=0.34s, meas=1, tracks=4, valid=1, master=1071
[LIVE] udp=2.0/s, objs=2.0/s, last_udp=0.60s, meas=1, tracks=4, valid=1, master=1071
[LIVE] udp=1.0/s, objs=1.0/s, last_udp=0.11s, meas=1, tracks=4, valid=1, master=1071
[LIVE] udp=0.0/s, objs=0.0/s, last_udp=1.11s, meas=1, tracks=4, valid=0, master=1071
[LIVE] udp=0.0/s, objs=0.0/s, last_udp=2.11s, meas=1, tracks=4, valid=0, master=1071
[LIVE] udp=0.0/s, objs=0.0/s, last_udp=3.11s, meas=1, tracks=4, valid=0, master=1071
[GPS] GGA fix_quality=1, num_sats=21, hdop=0.7, lat=30.408127106, lon=104.08861596266667
[LIVE] udp=4.0/s, objs=4.0/s, last_udp=0.24s, meas=0, tracks=6, valid=0, master=1071
[LIVE] udp=1.0/s, objs=1.0/s, last_udp=0.90s, meas=1, tracks=7, valid=0, master=1071
[LIVE] udp=0.0/s, objs=0.0/s, last_udp=1.91s, meas=1, tracks=7, valid=0, master=1071
[LIVE] udp=0.0/s, objs=0.0/s, last_udp=2.91s, meas=1, tracks=7, valid=0, master=1071
[LIVE] udp=0.0/s, objs=0.0/s, last_udp=3.91s, meas=1, tracks=7, valid=0, master=1071
[LIVE] udp=1.0/s, objs=1.0/s, last_udp=0.19s, meas=1, tracks=7, valid=0, master=1071
[LIVE] udp=2.0/s, objs=2.0/s, last_udp=0.26s, meas=1, tracks=7, valid=0, master=1071
[LIVE] udp=1.0/s, objs=1.0/s, last_udp=0.10s, meas=1, tracks=7, valid=0, master=1071
[LIVE] udp=0.0/s, objs=0.0/s, last_udp=1.10s, meas=1, tracks=7, valid=0, master=1071
[LIVE] udp=1.0/s, objs=1.0/s, last_udp=0.12s, meas=1, tracks=7, valid=0, master=1071
[GPS] GGA fix_quality=1, num_sats=21, hdop=0.7, lat=30.408135961, lon=104.08860245666666
[LIVE] udp=4.0/s, objs=4.0/s, last_udp=0.23s, meas=1, tracks=9, valid=0, master=1071
[LIVE] udp=1.0/s, objs=2.0/s, last_udp=0.13s, meas=1, tracks=9, valid=0, master=1071
[LIVE] udp=0.0/s, objs=0.0/s, last_udp=1.13s, meas=1, tracks=10, valid=0, master=1071
[LIVE] udp=1.0/s, objs=1.0/s, last_udp=0.09s, meas=1, tracks=10, valid=0, master=1071
[LIVE] udp=0.0/s, objs=0.0/s, last_udp=1.10s, meas=1, tracks=10, valid=0, master=1071
[LIVE] udp=4.0/s, objs=5.0/s, last_udp=0.12s, meas=3, tracks=11, valid=0, master=1071
[LIVE] udp=4.0/s, objs=4.0/s, last_udp=0.20s, meas=1, tracks=11, valid=1, master=1071
[LIVE] udp=3.0/s, objs=3.0/s, last_udp=0.23s, meas=1, tracks=11, valid=1, master=1099
[LIVE] udp=1.0/s, objs=1.0/s, last_udp=0.95s, meas=1, tracks=11, valid=1, master=1099
[LIVE] udp=4.0/s, objs=4.0/s, last_udp=0.61s, meas=2, tracks=13, valid=0, master=1099
[GPS] GGA fix_quality=1, num_sats=20, hdop=0.8, lat=30.408135450666666, lon=104.08860519966667
[LIVE] udp=0.0/s, objs=0.0/s, last_udp=1.61s, meas=2, tracks=13, valid=0, master=1099
[LIVE] udp=2.0/s, objs=2.0/s, last_udp=0.12s, meas=2, tracks=13, valid=0, master=1099
[LIVE] udp=2.0/s, objs=2.0/s, last_udp=0.11s, meas=1, tracks=12, valid=0, master=1099
[LIVE] udp=1.0/s, objs=1.0/s, last_udp=0.25s, meas=1, tracks=14, valid=0, master=1099
[LIVE] udp=1.0/s, objs=1.0/s, last_udp=0.83s, meas=1, tracks=14, valid=0, master=1099
[LIVE] udp=2.0/s, objs=2.0/s, last_udp=0.20s, meas=1, tracks=15, valid=0, master=1099
[LIVE] udp=2.0/s, objs=2.0/s, last_udp=0.18s, meas=1, tracks=16, valid=0, master=1099
[LIVE] udp=0.0/s, objs=0.0/s, last_udp=1.19s, meas=1, tracks=16, valid=0, master=1099
[LIVE] udp=0.0/s, objs=0.0/s, last_udp=2.19s, meas=1, tracks=16, valid=0, master=1099
[LIVE] udp=0.0/s, objs=0.0/s, last_udp=3.19s, meas=1, tracks=16, valid=0, master=1099
[GPS] GGA fix_quality=1, num_sats=17, hdop=1.0, lat=30.40813537, lon=104.08860926566666
[LIVE] udp=0.0/s, objs=0.0/s, last_udp=4.19s, meas=1, tracks=16, valid=0, master=1099
[LIVE] udp=0.0/s, objs=0.0/s, last_udp=5.19s, meas=1, tracks=16, valid=0, master=1099
[LIVE] udp=4.0/s, objs=4.0/s, last_udp=0.01s, meas=1, tracks=7, valid=0, master=1099
[LIVE] udp=2.0/s, objs=2.0/s, last_udp=0.30s, meas=1, tracks=7, valid=0, master=1099
[LIVE] udp=2.0/s, objs=2.0/s, last_udp=0.74s, meas=1, tracks=8, valid=0, master=1099
[LIVE] udp=4.0/s, objs=4.0/s, last_udp=0.14s, meas=2, tracks=7, valid=0, master=1099
[LIVE] udp=4.0/s, objs=4.0/s, last_udp=0.48s, meas=1, tracks=9, valid=0, master=1099
[LIVE] udp=1.0/s, objs=1.0/s, last_udp=0.96s, meas=1, tracks=10, valid=0, master=1099
[LIVE] udp=4.0/s, objs=4.0/s, last_udp=0.37s, meas=1, tracks=12, valid=0, master=1099
[LIVE] udp=4.0/s, objs=4.0/s, last_udp=0.17s, meas=2, tracks=13, valid=0, master=1099
[GPS] GGA fix_quality=1, num_sats=17, hdop=1.0, lat=30.408134705833334, lon=104.08860689833334
[LIVE] udp=0.0/s, objs=0.0/s, last_udp=1.17s, meas=1, tracks=13, valid=0, master=1099
[LIVE] udp=0.0/s, objs=0.0/s, last_udp=2.17s, meas=1, tracks=13, valid=0, master=1099
[LIVE] udp=0.0/s, objs=0.0/s, last_udp=3.18s, meas=1, tracks=13, valid=0, master=1099
[LIVE] udp=1.0/s, objs=2.0/s, last_udp=0.47s, meas=2, tracks=13, valid=0, master=1099
[LIVE] udp=0.0/s, objs=0.0/s, last_udp=1.48s, meas=2, tracks=13, valid=0, master=1099
[LIVE] udp=0.0/s, objs=0.0/s, last_udp=2.48s, meas=2, tracks=13, valid=0, master=1099
[LIVE] udp=1.0/s, objs=1.0/s, last_udp=0.69s, meas=1, tracks=10, valid=0, master=1099
[LIVE] udp=0.0/s, objs=0.0/s, last_udp=1.69s, meas=1, tracks=10, valid=0, master=1099
[LIVE] udp=0.0/s, objs=0.0/s, last_udp=2.69s, meas=1, tracks=10, valid=0, master=1099
[LIVE] udp=3.0/s, objs=3.0/s, last_udp=0.63s, meas=1, tracks=6, valid=0, master=1099
[GPS] GGA fix_quality=1, num_sats=20, hdop=0.8, lat=30.408131768166665, lon=104.08861594083334
[LIVE] udp=0.0/s, objs=0.0/s, last_udp=1.63s, meas=1, tracks=6, valid=0, master=1099
[LIVE] udp=4.0/s, objs=4.0/s, last_udp=0.50s, meas=2, tracks=6, valid=0, master=1099
[LIVE] udp=4.0/s, objs=4.0/s, last_udp=0.27s, meas=1, tracks=10, valid=0, master=1099
[LIVE] udp=0.0/s, objs=0.0/s, last_udp=1.27s, meas=1, tracks=10, valid=0, master=1099
[LIVE] udp=0.0/s, objs=0.0/s, last_udp=2.27s, meas=1, tracks=10, valid=0, master=1099
[LIVE] udp=0.0/s, objs=0.0/s, last_udp=3.28s, meas=1, tracks=10, valid=0, master=1099
[LIVE] udp=1.0/s, objs=1.0/s, last_udp=0.43s, meas=1, tracks=8, valid=0, master=1099
[LIVE] udp=1.0/s, objs=1.0/s, last_udp=0.16s, meas=1, tracks=8, valid=0, master=1099
[LIVE] udp=0.0/s, objs=0.0/s, last_udp=1.17s, meas=1, tracks=8, valid=0, master=1099
[LIVE] udp=1.0/s, objs=1.0/s, last_udp=0.09s, meas=1, tracks=8, valid=0, master=1099
[GPS] GGA fix_quality=1, num_sats=20, hdop=0.8, lat=30.408130630333332, lon=104.0886147945
[LIVE] udp=0.0/s, objs=0.0/s, last_udp=1.09s, meas=1, tracks=8, valid=0, master=1099
[LIVE] udp=0.0/s, objs=0.0/s, last_udp=2.09s, meas=1, tracks=8, valid=0, master=1099
[LIVE] udp=0.0/s, objs=0.0/s, last_udp=3.10s, meas=1, tracks=8, valid=0, master=1099
[LIVE] udp=0.0/s, objs=0.0/s, last_udp=4.10s, meas=1, tracks=8, valid=0, master=1099
[LIVE] udp=0.0/s, objs=0.0/s, last_udp=5.10s, meas=1, tracks=8, valid=0, master=1099
[LIVE] udp=2.0/s, objs=2.0/s, last_udp=0.07s, meas=2, tracks=3, valid=0, master=1099
[LIVE] udp=4.0/s, objs=5.0/s, last_udp=0.57s, meas=5, tracks=7, valid=0, master=1099
[LIVE] udp=0.0/s, objs=0.0/s, last_udp=1.57s, meas=5, tracks=7, valid=0, master=1099
[LIVE] udp=0.0/s, objs=0.0/s, last_udp=2.57s, meas=5, tracks=7, valid=0, master=1099
[LIVE] udp=1.0/s, objs=1.0/s, last_udp=0.27s, meas=1, tracks=7, valid=0, master=1099
[GPS] GGA fix_quality=1, num_sats=19, hdop=0.8, lat=30.408128172166666, lon=104.0886154275
[LIVE] udp=0.0/s, objs=0.0/s, last_udp=1.27s, meas=1, tracks=7, valid=0, master=1099
[LIVE] udp=0.0/s, objs=0.0/s, last_udp=2.27s, meas=1, tracks=7, valid=0, master=1099
[LIVE] udp=0.0/s, objs=0.0/s, last_udp=3.27s, meas=1, tracks=7, valid=0, master=1099
[LIVE] udp=1.0/s, objs=1.0/s, last_udp=0.19s, meas=1, tracks=7, valid=0, master=1099
[LIVE] udp=5.0/s, objs=6.0/s, last_udp=0.18s, meas=2, tracks=10, valid=0, master=1099
[LIVE] udp=1.0/s, objs=1.0/s, last_udp=0.68s, meas=1, tracks=10, valid=0, master=1099
[LIVE] udp=0.0/s, objs=0.0/s, last_udp=1.68s, meas=1, tracks=10, valid=0, master=1099
[LIVE] udp=0.0/s, objs=0.0/s, last_udp=2.68s, meas=1, tracks=10, valid=0, master=1099
[LIVE] udp=0.0/s, objs=0.0/s, last_udp=3.68s, meas=1, tracks=10, valid=0, master=1099
[LIVE] udp=1.0/s, objs=1.0/s, last_udp=0.44s, meas=1, tracks=7, valid=0, master=1099
[GPS] GGA fix_quality=1, num_sats=18, hdop=0.8, lat=30.408125677333334, lon=104.08861577266667
[LIVE] udp=2.0/s, objs=2.0/s, last_udp=0.14s, meas=2, tracks=8, valid=0, master=1099
[LIVE] udp=2.0/s, objs=2.0/s, last_udp=0.67s, meas=1, tracks=8, valid=0, master=1099
[LIVE] udp=0.0/s, objs=0.0/s, last_udp=1.67s, meas=1, tracks=8, valid=0, master=1099
[LIVE] udp=0.0/s, objs=0.0/s, last_udp=2.67s, meas=1, tracks=8, valid=0, master=1099
[LIVE] udp=1.0/s, objs=1.0/s, last_udp=0.26s, meas=1, tracks=9, valid=0, master=1099
[LIVE] udp=0.0/s, objs=0.0/s, last_udp=1.26s, meas=1, tracks=9, valid=0, master=1099
[LIVE] udp=0.0/s, objs=0.0/s, last_udp=2.26s, meas=1, tracks=9, valid=0, master=1099
[LIVE] udp=3.0/s, objs=3.0/s, last_udp=0.07s, meas=1, tracks=9, valid=0, master=1099
[LIVE] udp=4.0/s, objs=4.0/s, last_udp=0.30s, meas=2, tracks=6, valid=0, master=1099
[LIVE] udp=0.0/s, objs=0.0/s, last_udp=1.30s, meas=2, tracks=6, valid=0, master=1099
[GPS] GGA fix_quality=1, num_sats=21, hdop=0.7, lat=30.4081278265, lon=104.08861937666667
[LIVE] udp=0.0/s, objs=0.0/s, last_udp=2.31s, meas=2, tracks=6, valid=0, master=1099
[LIVE] udp=0.0/s, objs=0.0/s, last_udp=3.31s, meas=2, tracks=6, valid=0, master=1099
[LIVE] udp=0.0/s, objs=0.0/s, last_udp=4.31s, meas=2, tracks=6, valid=0, master=1099
[LIVE] udp=0.0/s, objs=0.0/s, last_udp=5.31s, meas=2, tracks=6, valid=0, master=1099
[LIVE] udp=0.0/s, objs=0.0/s, last_udp=6.31s, meas=2, tracks=6, valid=0, master=1099
[LIVE] udp=0.0/s, objs=0.0/s, last_udp=7.32s, meas=2, tracks=6, valid=0, master=1099
[LIVE] udp=0.0/s, objs=0.0/s, last_udp=8.32s, meas=2, tracks=6, valid=0, master=1099
[LIVE] udp=0.0/s, objs=0.0/s, last_udp=9.32s, meas=2, tracks=6, valid=0, master=1099
[LIVE] udp=0.0/s, objs=0.0/s, last_udp=10.32s, meas=2, tracks=6, valid=0, master=1099
[LIVE] udp=0.0/s, objs=0.0/s, last_udp=11.33s, meas=2, tracks=6, valid=0, master=1099
[GPS] GGA fix_quality=1, num_sats=21, hdop=0.7, lat=30.4081285515, lon=104.0886156075
[LIVE] udp=0.0/s, objs=0.0/s, last_udp=12.33s, meas=2, tracks=6, valid=0, master=1099
[LIVE] udp=0.0/s, objs=0.0/s, last_udp=13.33s, meas=2, tracks=6, valid=0, master=1099
[LIVE] udp=0.0/s, objs=0.0/s, last_udp=14.33s, meas=2, tracks=6, valid=0, master=1099
[LIVE] udp=0.0/s, objs=0.0/s, last_udp=15.34s, meas=2, tracks=6, valid=0, master=1099
[LIVE] udp=0.0/s, objs=0.0/s, last_udp=16.34s, meas=2, tracks=6, valid=0, master=1099
[LIVE] udp=0.0/s, objs=0.0/s, last_udp=17.34s, meas=2, tracks=6, valid=0, master=1099
[LIVE] udp=0.0/s, objs=0.0/s, last_udp=18.35s, meas=2, tracks=6, valid=0, master=1099
[LIVE] udp=0.0/s, objs=0.0/s, last_udp=19.35s, meas=2, tracks=6, valid=0, master=1099
[LIVE] udp=0.0/s, objs=0.0/s, last_udp=20.35s, meas=2, tracks=6, valid=0, master=1099
[LIVE] udp=3.0/s, objs=3.0/s, last_udp=0.25s, meas=2, tracks=3, valid=0, master=1099
[GPS] GGA fix_quality=1, num_sats=20, hdop=0.7, lat=30.4081313185, lon=104.088610878
[LIVE] udp=3.0/s, objs=3.0/s, last_udp=0.21s, meas=1, tracks=6, valid=0, master=1099
[LIVE] udp=2.0/s, objs=2.0/s, last_udp=0.13s, meas=1, tracks=6, valid=0, master=1099
[LIVE] udp=0.0/s, objs=0.0/s, last_udp=1.13s, meas=1, tracks=6, valid=0, master=1099
[LIVE] udp=1.0/s, objs=1.0/s, last_udp=0.67s, meas=1, tracks=6, valid=0, master=1099
[LIVE] udp=0.0/s, objs=0.0/s, last_udp=1.67s, meas=1, tracks=6, valid=0, master=1099
[LIVE] udp=2.0/s, objs=2.0/s, last_udp=0.02s, meas=1, tracks=7, valid=0, master=1099
[LIVE] udp=2.0/s, objs=3.0/s, last_udp=0.02s, meas=2, tracks=8, valid=0, master=1099
[LIVE] udp=1.0/s, objs=1.0/s, last_udp=0.02s, meas=0, tracks=8, valid=0, master=1099
[LIVE] udp=4.0/s, objs=4.0/s, last_udp=0.19s, meas=2, tracks=8, valid=0, master=1099
[LIVE] udp=1.0/s, objs=1.0/s, last_udp=0.63s, meas=0, tracks=8, valid=0, master=1141
[GPS] GGA fix_quality=1, num_sats=20, hdop=1.1, lat=30.4081315985, lon=104.08861005683333
[LIVE] udp=0.0/s, objs=0.0/s, last_udp=1.63s, meas=0, tracks=8, valid=0, master=1141
[LIVE] udp=0.0/s, objs=0.0/s, last_udp=2.64s, meas=0, tracks=8, valid=0, master=1141
[LIVE] udp=0.0/s, objs=0.0/s, last_udp=3.64s, meas=0, tracks=8, valid=0, master=1141
[LIVE] udp=0.0/s, objs=0.0/s, last_udp=4.64s, meas=0, tracks=8, valid=0, master=1141
[LIVE] udp=0.0/s, objs=0.0/s, last_udp=5.64s, meas=0, tracks=8, valid=0, master=1141
[LIVE] udp=0.0/s, objs=0.0/s, last_udp=6.65s, meas=0, tracks=8, valid=0, master=1141
[LIVE] udp=0.0/s, objs=0.0/s, last_udp=7.65s, meas=0, tracks=8, valid=0, master=1141
[LIVE] udp=0.0/s, objs=0.0/s, last_udp=8.65s, meas=0, tracks=8, valid=0, master=1141
[LIVE] udp=2.0/s, objs=2.0/s, last_udp=0.11s, meas=1, tracks=2, valid=0, master=1141
[GPS] GGA fix_quality=1, num_sats=22, hdop=0.8, lat=30.408130729333333, lon=104.088612528
[LIVE] udp=5.0/s, objs=5.0/s, last_udp=0.11s, meas=1, tracks=1, valid=1, master=1145
[LIVE] udp=2.0/s, objs=2.0/s, last_udp=0.58s, meas=1, tracks=2, valid=0, master=1145
[LIVE] udp=1.0/s, objs=1.0/s, last_udp=0.12s, meas=1, tracks=2, valid=0, master=1145
[LIVE] udp=6.0/s, objs=6.0/s, last_udp=0.12s, meas=1, tracks=6, valid=0, master=1145
[LIVE] udp=2.0/s, objs=2.0/s, last_udp=0.03s, meas=1, tracks=9, valid=0, master=1145
[LIVE] udp=1.0/s, objs=1.0/s, last_udp=0.99s, meas=2, tracks=10, valid=0, master=1145
[LIVE] udp=1.0/s, objs=2.0/s, last_udp=0.89s, meas=2, tracks=12, valid=0, master=1145
[LIVE] udp=0.0/s, objs=0.0/s, last_udp=1.89s, meas=2, tracks=12, valid=0, master=1145
[LIVE] udp=0.0/s, objs=0.0/s, last_udp=2.89s, meas=2, tracks=12, valid=0, master=1145
[LIVE] udp=0.0/s, objs=0.0/s, last_udp=3.89s, meas=2, tracks=12, valid=0, master=1145
[GPS] GGA fix_quality=1, num_sats=21, hdop=1.0, lat=30.408129879, lon=104.08861208066666
[LIVE] udp=0.0/s, objs=0.0/s, last_udp=4.89s, meas=2, tracks=12, valid=0, master=1145
[LIVE] udp=3.0/s, objs=3.0/s, last_udp=0.01s, meas=1, tracks=12, valid=0, master=1145
[LIVE] udp=5.0/s, objs=5.0/s, last_udp=0.36s, meas=1, tracks=11, valid=0, master=1155
[LIVE] udp=0.0/s, objs=0.0/s, last_udp=1.37s, meas=1, tracks=11, valid=0, master=1155
[LIVE] udp=0.0/s, objs=0.0/s, last_udp=2.37s, meas=1, tracks=11, valid=0, master=1155
[LIVE] udp=0.0/s, objs=0.0/s, last_udp=3.37s, meas=1, tracks=11, valid=0, master=1155
[LIVE] udp=0.0/s, objs=0.0/s, last_udp=4.37s, meas=1, tracks=11, valid=0, master=1155
[LIVE] udp=0.0/s, objs=0.0/s, last_udp=5.37s, meas=1, tracks=11, valid=0, master=1155
[LIVE] udp=0.0/s, objs=0.0/s, last_udp=6.37s, meas=1, tracks=11, valid=0, master=1155
[LIVE] udp=0.0/s, objs=0.0/s, last_udp=7.37s, meas=1, tracks=11, valid=0, master=1155
[GPS] GGA fix_quality=1, num_sats=22, hdop=0.7, lat=30.408129388833334, lon=104.0886120425
[LIVE] udp=3.0/s, objs=3.0/s, last_udp=0.43s, meas=2, tracks=6, valid=0, master=1155
[LIVE] udp=0.0/s, objs=0.0/s, last_udp=1.43s, meas=2, tracks=6, valid=0, master=1155
[LIVE] udp=0.0/s, objs=0.0/s, last_udp=2.43s, meas=2, tracks=6, valid=0, master=1155
[LIVE] udp=0.0/s, objs=0.0/s, last_udp=3.43s, meas=2, tracks=6, valid=0, master=1155
[LIVE] udp=0.0/s, objs=0.0/s, last_udp=4.43s, meas=2, tracks=6, valid=0, master=1155
[LIVE] udp=0.0/s, objs=0.0/s, last_udp=5.44s, meas=2, tracks=6, valid=0, master=1155
[LIVE] udp=0.0/s, objs=0.0/s, last_udp=6.44s, meas=2, tracks=6, valid=0, master=1155
[LIVE] udp=0.0/s, objs=0.0/s, last_udp=7.44s, meas=2, tracks=6, valid=0, master=1155
[LIVE] udp=0.0/s, objs=0.0/s, last_udp=8.44s, meas=2, tracks=6, valid=0, master=1155
[LIVE] udp=0.0/s, objs=0.0/s, last_udp=9.44s, meas=2, tracks=6, valid=0, master=1155
[GPS] GGA fix_quality=1, num_sats=23, hdop=0.7, lat=30.408129821333333, lon=104.088611665
[LIVE] udp=2.0/s, objs=2.0/s, last_udp=0.26s, meas=1, tracks=1, valid=1, master=1158
[LIVE] udp=0.0/s, objs=0.0/s, last_udp=1.26s, meas=1, tracks=1, valid=1, master=1158
[LIVE] udp=1.0/s, objs=1.0/s, last_udp=0.09s, meas=1, tracks=1, valid=1, master=1158
[LIVE] udp=2.0/s, objs=2.0/s, last_udp=0.54s, meas=2, tracks=3, valid=0, master=1158
[LIVE] udp=2.0/s, objs=2.0/s, last_udp=0.28s, meas=1, tracks=3, valid=1, master=1160
[LIVE] udp=4.0/s, objs=4.0/s, last_udp=0.02s, meas=1, tracks=4, valid=0, master=1160
[LIVE] udp=2.0/s, objs=2.0/s, last_udp=0.07s, meas=1, tracks=4, valid=1, master=1160
[LIVE] udp=7.0/s, objs=7.0/s, last_udp=0.15s, meas=2, tracks=6, valid=2, master=1162
[LIVE] udp=3.0/s, objs=3.0/s, last_udp=0.27s, meas=3, tracks=7, valid=0, master=1162
[LIVE] udp=1.0/s, objs=1.0/s, last_udp=0.86s, meas=1, tracks=8, valid=0, master=1162
[GPS] GGA fix_quality=1, num_sats=24, hdop=0.7, lat=30.408130309, lon=104.08861047433334
[LIVE] udp=0.0/s, objs=0.0/s, last_udp=1.86s, meas=1, tracks=8, valid=0, master=1162
[LIVE] udp=0.0/s, objs=0.0/s, last_udp=2.86s, meas=1, tracks=8, valid=0, master=1162
[LIVE] udp=0.0/s, objs=0.0/s, last_udp=3.86s, meas=1, tracks=8, valid=0, master=1162
[LIVE] udp=0.0/s, objs=0.0/s, last_udp=4.86s, meas=1, tracks=8, valid=0, master=1162
[LIVE] udp=1.0/s, objs=1.0/s, last_udp=0.48s, meas=0, tracks=7, valid=0, master=1162
[LIVE] udp=3.0/s, objs=3.0/s, last_udp=0.16s, meas=2, tracks=7, valid=0, master=1162
[LIVE] udp=4.0/s, objs=4.0/s, last_udp=0.16s, meas=1, tracks=7, valid=1, master=1165
[LIVE] udp=4.0/s, objs=4.0/s, last_udp=0.33s, meas=3, tracks=8, valid=0, master=1165
[LIVE] udp=7.0/s, objs=8.0/s, last_udp=0.29s, meas=1, tracks=12, valid=1, master=1169
[LIVE] udp=1.0/s, objs=1.0/s, last_udp=0.23s, meas=1, tracks=12, valid=0, master=1169
[GPS] GGA fix_quality=1, num_sats=24, hdop=0.7, lat=30.408131647, lon=104.08860841966667
[LIVE] udp=1.0/s, objs=1.0/s, last_udp=0.66s, meas=1, tracks=10, valid=1, master=1169
[LIVE] udp=0.0/s, objs=0.0/s, last_udp=1.66s, meas=1, tracks=10, valid=1, master=1169
[LIVE] udp=0.0/s, objs=0.0/s, last_udp=2.66s, meas=1, tracks=10, valid=1, master=1169
[LIVE] udp=0.0/s, objs=0.0/s, last_udp=3.67s, meas=1, tracks=10, valid=1, master=1169
[LIVE] udp=2.0/s, objs=2.0/s, last_udp=0.43s, meas=1, tracks=10, valid=0, master=1169
[LIVE] udp=0.0/s, objs=0.0/s, last_udp=1.44s, meas=1, tracks=10, valid=0, master=1169
[LIVE] udp=0.0/s, objs=0.0/s, last_udp=2.44s, meas=1, tracks=10, valid=0, master=1169
[LIVE] udp=0.0/s, objs=0.0/s, last_udp=3.44s, meas=1, tracks=10, valid=0, master=1169
[LIVE] udp=0.0/s, objs=0.0/s, last_udp=4.44s, meas=1, tracks=10, valid=0, master=1169
[LIVE] udp=4.0/s, objs=4.0/s, last_udp=0.14s, meas=1, tracks=5, valid=0, master=1169
[GPS] GGA fix_quality=1, num_sats=22, hdop=0.7, lat=30.408133289, lon=104.0886063685
[LIVE] udp=6.0/s, objs=6.0/s, last_udp=0.00s, meas=3, tracks=7, valid=0, master=1169
[LIVE] udp=3.0/s, objs=5.0/s, last_udp=0.66s, meas=2, tracks=9, valid=0, master=1169
[LIVE] udp=0.0/s, objs=0.0/s, last_udp=1.66s, meas=2, tracks=9, valid=0, master=1169
[LIVE] udp=0.0/s, objs=0.0/s, last_udp=2.67s, meas=2, tracks=9, valid=0, master=1169
[LIVE] udp=0.0/s, objs=0.0/s, last_udp=3.67s, meas=2, tracks=9, valid=0, master=1169
[LIVE] udp=0.0/s, objs=0.0/s, last_udp=4.67s, meas=2, tracks=9, valid=0, master=1169
[LIVE] udp=0.0/s, objs=0.0/s, last_udp=5.68s, meas=2, tracks=9, valid=0, master=1169
[LIVE] udp=0.0/s, objs=0.0/s, last_udp=6.68s, meas=2, tracks=9, valid=0, master=1169
[LIVE] udp=0.0/s, objs=0.0/s, last_udp=7.68s, meas=2, tracks=9, valid=0, master=1169
[LIVE] udp=0.0/s, objs=0.0/s, last_udp=8.68s, meas=2, tracks=9, valid=0, master=1169
[GPS] GGA fix_quality=1, num_sats=20, hdop=0.8, lat=30.408134166666667, lon=104.088605857
[LIVE] udp=0.0/s, objs=0.0/s, last_udp=9.69s, meas=2, tracks=9, valid=0, master=1169
[LIVE] udp=2.0/s, objs=2.0/s, last_udp=0.82s, meas=2, tracks=6, valid=0, master=1169
[LIVE] udp=0.0/s, objs=0.0/s, last_udp=1.82s, meas=2, tracks=6, valid=0, master=1169
[LIVE] udp=1.0/s, objs=1.0/s, last_udp=0.28s, meas=1, tracks=3, valid=0, master=1169
[LIVE] udp=3.0/s, objs=3.0/s, last_udp=0.48s, meas=1, tracks=3, valid=1, master=1180
[LIVE] udp=0.0/s, objs=0.0/s, last_udp=1.48s, meas=1, tracks=3, valid=1, master=1180
[LIVE] udp=0.0/s, objs=0.0/s, last_udp=2.48s, meas=1, tracks=3, valid=1, master=1180
[LIVE] udp=4.0/s, objs=4.0/s, last_udp=0.02s, meas=2, tracks=5, valid=0, master=1180
[LIVE] udp=1.0/s, objs=1.0/s, last_udp=0.86s, meas=2, tracks=7, valid=0, master=1180
[LIVE] udp=0.0/s, objs=0.0/s, last_udp=1.86s, meas=2, tracks=7, valid=0, master=1180
[GPS] GGA fix_quality=1, num_sats=20, hdop=0.8, lat=30.408134737, lon=104.088606145
[LIVE] udp=0.0/s, objs=0.0/s, last_udp=2.87s, meas=2, tracks=7, valid=0, master=1180
[LIVE] udp=0.0/s, objs=0.0/s, last_udp=3.87s, meas=2, tracks=7, valid=0, master=1180
[LIVE] udp=0.0/s, objs=0.0/s, last_udp=4.87s, meas=2, tracks=7, valid=0, master=1180
[LIVE] udp=0.0/s, objs=0.0/s, last_udp=5.87s, meas=2, tracks=7, valid=0, master=1180
[LIVE] udp=2.0/s, objs=4.0/s, last_udp=0.08s, meas=3, tracks=5, valid=0, master=1180
[LIVE] udp=3.0/s, objs=3.0/s, last_udp=0.03s, meas=1, tracks=6, valid=0, master=1180
[LIVE] udp=3.0/s, objs=3.0/s, last_udp=0.03s, meas=1, tracks=7, valid=0, master=1180
[LIVE] udp=1.0/s, objs=1.0/s, last_udp=0.72s, meas=1, tracks=7, valid=0, master=1180
[LIVE] udp=0.0/s, objs=0.0/s, last_udp=1.72s, meas=1, tracks=7, valid=0, master=1180
[LIVE] udp=0.0/s, objs=0.0/s, last_udp=2.73s, meas=1, tracks=7, valid=0, master=1180
[GPS] GGA fix_quality=1, num_sats=22, hdop=0.7, lat=30.408135278333333, lon=104.0886062
[LIVE] udp=0.0/s, objs=0.0/s, last_udp=3.73s, meas=1, tracks=7, valid=0, master=1180
[LIVE] udp=0.0/s, objs=0.0/s, last_udp=4.73s, meas=1, tracks=7, valid=0, master=1180
[LIVE] udp=0.0/s, objs=0.0/s, last_udp=5.73s, meas=1, tracks=7, valid=0, master=1180
[LIVE] udp=0.0/s, objs=0.0/s, last_udp=6.74s, meas=1, tracks=7, valid=0, master=1180
[LIVE] udp=2.0/s, objs=2.0/s, last_udp=0.18s, meas=2, tracks=8, valid=0, master=1180
[LIVE] udp=3.0/s, objs=3.0/s, last_udp=0.32s, meas=1, tracks=7, valid=0, master=1180
[LIVE] udp=0.0/s, objs=0.0/s, last_udp=1.32s, meas=1, tracks=7, valid=0, master=1180
[LIVE] udp=1.0/s, objs=1.0/s, last_udp=0.57s, meas=1, tracks=5, valid=0, master=1180
[LIVE] udp=0.0/s, objs=0.0/s, last_udp=1.57s, meas=1, tracks=5, valid=0, master=1180
[LIVE] udp=0.0/s, objs=0.0/s, last_udp=2.57s, meas=1, tracks=5, valid=0, master=1180
[GPS] GGA fix_quality=1, num_sats=22, hdop=0.7, lat=30.408135284333333, lon=104.08860587966667
[LIVE] udp=6.0/s, objs=6.0/s, last_udp=0.14s, meas=1, tracks=8, valid=0, master=1180
[LIVE] udp=4.0/s, objs=4.0/s, last_udp=0.25s, meas=2, tracks=13, valid=0, master=1180
[LIVE] udp=3.0/s, objs=3.0/s, last_udp=0.02s, meas=1, tracks=15, valid=0, master=1180
[LIVE] udp=0.0/s, objs=0.0/s, last_udp=1.02s, meas=1, tracks=15, valid=0, master=1180
[LIVE] udp=0.0/s, objs=0.0/s, last_udp=2.02s, meas=1, tracks=15, valid=0, master=1180
[LIVE] udp=0.0/s, objs=0.0/s, last_udp=3.03s, meas=1, tracks=15, valid=0, master=1180
[LIVE] udp=1.0/s, objs=1.0/s, last_udp=0.08s, meas=1, tracks=15, valid=0, master=1180
[LIVE] udp=5.0/s, objs=5.0/s, last_udp=0.20s, meas=1, tracks=12, valid=0, master=1180
[LIVE] udp=2.0/s, objs=2.0/s, last_udp=0.08s, meas=1, tracks=12, valid=0, master=1180
[LIVE] udp=1.0/s, objs=1.0/s, last_udp=0.64s, meas=1, tracks=11, valid=0, master=1180
[GPS] GGA fix_quality=1, num_sats=21, hdop=0.7, lat=30.408134662666665, lon=104.08860637666666
[LIVE] udp=0.0/s, objs=0.0/s, last_udp=1.64s, meas=1, tracks=11, valid=0, master=1180
[LIVE] udp=0.0/s, objs=0.0/s, last_udp=2.64s, meas=1, tracks=11, valid=0, master=1180
[LIVE] udp=0.0/s, objs=0.0/s, last_udp=3.64s, meas=1, tracks=11, valid=0, master=1180
[LIVE] udp=0.0/s, objs=0.0/s, last_udp=4.64s, meas=1, tracks=11, valid=0, master=1180
[LIVE] udp=3.0/s, objs=3.0/s, last_udp=0.50s, meas=1, tracks=9, valid=0, master=1180
[LIVE] udp=0.0/s, objs=0.0/s, last_udp=1.50s, meas=1, tracks=9, valid=0, master=1180
[LIVE] udp=1.0/s, objs=1.0/s, last_udp=0.13s, meas=1, tracks=9, valid=0, master=1180
[LIVE] udp=1.0/s, objs=1.0/s, last_udp=0.67s, meas=1, tracks=9, valid=0, master=1180
[LIVE] udp=2.0/s, objs=2.0/s, last_udp=0.60s, meas=1, tracks=5, valid=0, master=1180
[LIVE] udp=2.0/s, objs=2.0/s, last_udp=0.96s, meas=2, tracks=7, valid=0, master=1180
[GPS] GGA fix_quality=1, num_sats=21, hdop=0.7, lat=30.4081337995, lon=104.088606203
[LIVE] udp=0.0/s, objs=0.0/s, last_udp=1.96s, meas=2, tracks=7, valid=0, master=1180
[LIVE] udp=6.0/s, objs=6.0/s, last_udp=0.09s, meas=1, tracks=8, valid=0, master=1180
[LIVE] udp=9.0/s, objs=9.0/s, last_udp=0.28s, meas=2, tracks=13, valid=0, master=1180
[LIVE] udp=3.0/s, objs=3.0/s, last_udp=0.00s, meas=2, tracks=14, valid=0, master=1180
[LIVE] udp=1.0/s, objs=1.0/s, last_udp=0.76s, meas=1, tracks=15, valid=0, master=1180
[LIVE] udp=1.0/s, objs=1.0/s, last_udp=0.75s, meas=1, tracks=15, valid=0, master=1180
[LIVE] udp=0.0/s, objs=0.0/s, last_udp=1.75s, meas=1, tracks=15, valid=0, master=1180
[LIVE] udp=0.0/s, objs=0.0/s, last_udp=2.76s, meas=1, tracks=15, valid=0, master=1180
[LIVE] udp=1.0/s, objs=1.0/s, last_udp=0.69s, meas=1, tracks=15, valid=0, master=1180
[LIVE] udp=0.0/s, objs=0.0/s, last_udp=1.69s, meas=1, tracks=15, valid=0, master=1180
[GPS] GGA fix_quality=1, num_sats=21, hdop=0.7, lat=30.408133353333334, lon=104.08860674466666
[LIVE] udp=0.0/s, objs=0.0/s, last_udp=2.69s, meas=1, tracks=15, valid=0, master=1180
[LIVE] udp=1.0/s, objs=1.0/s, last_udp=0.59s, meas=1, tracks=15, valid=0, master=1180
[LIVE] udp=0.0/s, objs=0.0/s, last_udp=1.59s, meas=1, tracks=15, valid=0, master=1180
[LIVE] udp=0.0/s, objs=0.0/s, last_udp=2.60s, meas=1, tracks=15, valid=0, master=1180
[LIVE] udp=0.0/s, objs=0.0/s, last_udp=3.60s, meas=1, tracks=15, valid=0, master=1180
[LIVE] udp=0.0/s, objs=0.0/s, last_udp=4.60s, meas=1, tracks=15, valid=0, master=1180
[LIVE] udp=1.0/s, objs=1.0/s, last_udp=0.24s, meas=0, tracks=2, valid=0, master=1180
[LIVE] udp=1.0/s, objs=1.0/s, last_udp=0.55s, meas=1, tracks=3, valid=0, master=1180
[LIVE] udp=3.0/s, objs=3.0/s, last_udp=0.00s, meas=1, tracks=4, valid=0, master=1180
[LIVE] udp=8.0/s, objs=8.0/s, last_udp=0.21s, meas=3, tracks=7, valid=1, master=1216
[GPS] GGA fix_quality=1, num_sats=21, hdop=0.7, lat=30.40813317883333, lon=104.08860739233333
[LIVE] udp=6.0/s, objs=6.0/s, last_udp=0.50s, meas=1, tracks=9, valid=1, master=1221
[LIVE] udp=4.0/s, objs=4.0/s, last_udp=0.11s, meas=2, tracks=11, valid=0, master=1221
[LIVE] udp=1.0/s, objs=1.0/s, last_udp=0.88s, meas=1, tracks=12, valid=0, master=1221
[LIVE] udp=2.0/s, objs=2.0/s, last_udp=0.32s, meas=1, tracks=12, valid=0, master=1221
[LIVE] udp=6.0/s, objs=6.0/s, last_udp=0.08s, meas=2, tracks=17, valid=0, master=1221
[LIVE] udp=1.0/s, objs=1.0/s, last_udp=0.92s, meas=1, tracks=18, valid=0, master=1221
[LIVE] udp=0.0/s, objs=0.0/s, last_udp=1.92s, meas=1, tracks=18, valid=0, master=1221
[LIVE] udp=2.0/s, objs=2.0/s, last_udp=0.63s, meas=1, tracks=18, valid=0, master=1221
[LIVE] udp=3.0/s, objs=3.0/s, last_udp=0.05s, meas=1, tracks=18, valid=0, master=1221
[LIVE] udp=1.0/s, objs=1.0/s, last_udp=0.75s, meas=1, tracks=18, valid=0, master=1221
[GPS] GGA fix_quality=1, num_sats=21, hdop=0.7, lat=30.4081330595, lon=104.08860773483333
[LIVE] udp=2.0/s, objs=2.0/s, last_udp=0.23s, meas=1, tracks=17, valid=0, master=1221
[LIVE] udp=1.0/s, objs=1.0/s, last_udp=0.80s, meas=1, tracks=17, valid=0, master=1221
[LIVE] udp=0.0/s, objs=0.0/s, last_udp=1.81s, meas=1, tracks=17, valid=0, master=1221
[LIVE] udp=0.0/s, objs=0.0/s, last_udp=2.81s, meas=1, tracks=17, valid=0, master=1221
[LIVE] udp=0.0/s, objs=0.0/s, last_udp=3.81s, meas=1, tracks=17, valid=0, master=1221
[LIVE] udp=1.0/s, objs=1.0/s, last_udp=0.02s, meas=1, tracks=17, valid=0, master=1221
[LIVE] udp=4.0/s, objs=4.0/s, last_udp=0.02s, meas=1, tracks=9, valid=0, master=1221
[LIVE] udp=2.0/s, objs=2.0/s, last_udp=0.13s, meas=1, tracks=10, valid=0, master=1221
[LIVE] udp=4.0/s, objs=4.0/s, last_udp=0.20s, meas=2, tracks=10, valid=0, master=1221
[LIVE] udp=0.0/s, objs=0.0/s, last_udp=1.20s, meas=2, tracks=10, valid=0, master=1221
[GPS] GGA fix_quality=1, num_sats=22, hdop=0.7, lat=30.408133015666667, lon=104.08860739766666
[LIVE] udp=0.0/s, objs=0.0/s, last_udp=2.20s, meas=2, tracks=10, valid=0, master=1221
[LIVE] udp=0.0/s, objs=0.0/s, last_udp=3.20s, meas=2, tracks=10, valid=0, master=1221
[LIVE] udp=0.0/s, objs=0.0/s, last_udp=4.21s, meas=2, tracks=10, valid=0, master=1221
[LIVE] udp=0.0/s, objs=0.0/s, last_udp=5.21s, meas=2, tracks=10, valid=0, master=1221
[LIVE] udp=4.0/s, objs=4.0/s, last_udp=0.26s, meas=0, tracks=8, valid=0, master=1221
[LIVE] udp=2.0/s, objs=2.0/s, last_udp=0.51s, meas=1, tracks=9, valid=0, master=1221
[LIVE] udp=0.0/s, objs=0.0/s, last_udp=1.52s, meas=1, tracks=9, valid=0, master=1221
[LIVE] udp=4.0/s, objs=6.0/s, last_udp=0.20s, meas=3, tracks=9, valid=0, master=1221
[LIVE] udp=0.0/s, objs=0.0/s, last_udp=1.21s, meas=3, tracks=9, valid=0, master=1221
[LIVE] udp=2.0/s, objs=2.0/s, last_udp=0.24s, meas=1, tracks=8, valid=0, master=1221
[GPS] GGA fix_quality=1, num_sats=21, hdop=0.8, lat=30.408132880666667, lon=104.08860746
[LIVE] udp=0.0/s, objs=0.0/s, last_udp=1.24s, meas=1, tracks=8, valid=0, master=1221
[LIVE] udp=6.0/s, objs=7.0/s, last_udp=0.04s, meas=1, tracks=10, valid=0, master=1221
[LIVE] udp=3.0/s, objs=4.0/s, last_udp=0.15s, meas=2, tracks=13, valid=0, master=1221
[LIVE] udp=5.0/s, objs=5.0/s, last_udp=0.35s, meas=2, tracks=20, valid=0, master=1221
[LIVE] udp=0.0/s, objs=0.0/s, last_udp=1.35s, meas=2, tracks=20, valid=0, master=1221
[LIVE] udp=2.0/s, objs=3.0/s, last_udp=0.17s, meas=1, tracks=20, valid=0, master=1221
[LIVE] udp=1.0/s, objs=2.0/s, last_udp=0.82s, meas=2, tracks=22, valid=0, master=1221
[LIVE] udp=2.0/s, objs=2.0/s, last_udp=0.00s, meas=1, tracks=21, valid=0, master=1221
[LIVE] udp=6.0/s, objs=6.0/s, last_udp=0.02s, meas=1, tracks=21, valid=0, master=1221
[LIVE] udp=3.0/s, objs=3.0/s, last_udp=0.14s, meas=1, tracks=19, valid=0, master=1221
[GPS] GGA fix_quality=1, num_sats=22, hdop=0.8, lat=30.408132408, lon=104.0886078705
[LIVE] udp=2.0/s, objs=2.0/s, last_udp=0.10s, meas=2, tracks=20, valid=0, master=1221
[LIVE] udp=1.0/s, objs=1.0/s, last_udp=0.48s, meas=1, tracks=20, valid=0, master=1221
[LIVE] udp=1.0/s, objs=1.0/s, last_udp=0.16s, meas=1, tracks=20, valid=0, master=1221
[LIVE] udp=0.0/s, objs=0.0/s, last_udp=1.16s, meas=1, tracks=18, valid=0, master=1221
[LIVE] udp=0.0/s, objs=0.0/s, last_udp=2.16s, meas=1, tracks=18, valid=0, master=1221
[LIVE] udp=0.0/s, objs=0.0/s, last_udp=3.17s, meas=1, tracks=18, valid=0, master=1221
[LIVE] udp=1.0/s, objs=1.0/s, last_udp=0.40s, meas=1, tracks=14, valid=0, master=1221
[LIVE] udp=1.0/s, objs=1.0/s, last_udp=0.62s, meas=1, tracks=13, valid=0, master=1221
[LIVE] udp=2.0/s, objs=2.0/s, last_udp=0.11s, meas=0, tracks=13, valid=0, master=1221
[LIVE] udp=1.0/s, objs=1.0/s, last_udp=0.44s, meas=1, tracks=10, valid=0, master=1221
[GPS] GGA fix_quality=1, num_sats=23, hdop=0.7, lat=30.408131600333334, lon=104.08860853533334
[LIVE] udp=0.0/s, objs=0.0/s, last_udp=1.45s, meas=1, tracks=10, valid=0, master=1221
[LIVE] udp=0.0/s, objs=0.0/s, last_udp=2.45s, meas=1, tracks=10, valid=0, master=1221
[LIVE] udp=0.0/s, objs=0.0/s, last_udp=3.45s, meas=1, tracks=10, valid=0, master=1221
[LIVE] udp=0.0/s, objs=0.0/s, last_udp=4.45s, meas=1, tracks=10, valid=0, master=1221
[LIVE] udp=0.0/s, objs=0.0/s, last_udp=5.46s, meas=1, tracks=10, valid=0, master=1221
[LIVE] udp=4.0/s, objs=4.0/s, last_udp=0.21s, meas=1, tracks=6, valid=0, master=1221
[LIVE] udp=2.0/s, objs=2.0/s, last_udp=0.45s, meas=0, tracks=6, valid=0, master=1221
[LIVE] udp=0.0/s, objs=0.0/s, last_udp=1.45s, meas=0, tracks=6, valid=0, master=1221
[LIVE] udp=0.0/s, objs=0.0/s, last_udp=2.45s, meas=0, tracks=6, valid=0, master=1221
[LIVE] udp=0.0/s, objs=0.0/s, last_udp=3.46s, meas=0, tracks=6, valid=0, master=1221
[GPS] GGA fix_quality=1, num_sats=23, hdop=0.7, lat=30.4081308195, lon=104.08860914466666
[LIVE] udp=1.0/s, objs=1.0/s, last_udp=0.83s, meas=1, tracks=5, valid=0, master=1221
[LIVE] udp=0.0/s, objs=0.0/s, last_udp=1.83s, meas=1, tracks=5, valid=0, master=1221
[LIVE] udp=0.0/s, objs=0.0/s, last_udp=2.83s, meas=1, tracks=5, valid=0, master=1221
[LIVE] udp=0.0/s, objs=0.0/s, last_udp=3.84s, meas=1, tracks=5, valid=0, master=1221
[LIVE] udp=2.0/s, objs=2.0/s, last_udp=0.20s, meas=1, tracks=6, valid=0, master=1221
[LIVE] udp=1.0/s, objs=1.0/s, last_udp=0.40s, meas=1, tracks=7, valid=0, master=1221
[LIVE] udp=0.0/s, objs=0.0/s, last_udp=1.40s, meas=1, tracks=7, valid=0, master=1221
[LIVE] udp=0.0/s, objs=0.0/s, last_udp=2.41s, meas=1, tracks=7, valid=0, master=1221
[LIVE] udp=0.0/s, objs=0.0/s, last_udp=3.41s, meas=1, tracks=7, valid=0, master=1221
[LIVE] udp=0.0/s, objs=0.0/s, last_udp=4.42s, meas=1, tracks=7, valid=0, master=1221
[GPS] GGA fix_quality=1, num_sats=22, hdop=0.7, lat=30.408130889333332, lon=104.08860926733334
[LIVE] udp=0.0/s, objs=0.0/s, last_udp=5.42s, meas=1, tracks=7, valid=0, master=1221
[LIVE] udp=1.0/s, objs=1.0/s, last_udp=0.26s, meas=1, tracks=3, valid=0, master=1221
[LIVE] udp=1.0/s, objs=1.0/s, last_udp=0.88s, meas=1, tracks=3, valid=0, master=1221
[LIVE] udp=0.0/s, objs=0.0/s, last_udp=1.88s, meas=1, tracks=3, valid=0, master=1221
[LIVE] udp=0.0/s, objs=0.0/s, last_udp=2.88s, meas=1, tracks=3, valid=0, master=1221
[LIVE] udp=0.0/s, objs=0.0/s, last_udp=3.88s, meas=1, tracks=3, valid=0, master=1221
[LIVE] udp=0.0/s, objs=0.0/s, last_udp=4.89s, meas=1, tracks=3, valid=0, master=1221
[LIVE] udp=1.0/s, objs=1.0/s, last_udp=0.21s, meas=1, tracks=3, valid=0, master=1221
[LIVE] udp=6.0/s, objs=6.0/s, last_udp=0.16s, meas=3, tracks=8, valid=0, master=1221
[LIVE] udp=7.0/s, objs=7.0/s, last_udp=0.37s, meas=2, tracks=10, valid=0, master=1221
[GPS] GGA fix_quality=1, num_sats=24, hdop=0.7, lat=30.408130909666667, lon=104.0886090735
[LIVE] udp=7.0/s, objs=7.0/s, last_udp=0.30s, meas=3, tracks=14, valid=1, master=1270
[LIVE] udp=0.0/s, objs=0.0/s, last_udp=1.30s, meas=3, tracks=14, valid=1, master=1270
[LIVE] udp=0.0/s, objs=0.0/s, last_udp=2.30s, meas=3, tracks=14, valid=1, master=1270
[LIVE] udp=2.0/s, objs=2.0/s, last_udp=0.39s, meas=2, tracks=16, valid=0, master=1270
[LIVE] udp=1.0/s, objs=1.0/s, last_udp=0.97s, meas=1, tracks=16, valid=0, master=1270
[LIVE] udp=0.0/s, objs=0.0/s, last_udp=1.97s, meas=1, tracks=16, valid=0, master=1270
[LIVE] udp=0.0/s, objs=0.0/s, last_udp=2.97s, meas=1, tracks=16, valid=0, master=1270
[LIVE] udp=0.0/s, objs=0.0/s, last_udp=3.97s, meas=1, tracks=16, valid=0, master=1270
[LIVE] udp=2.0/s, objs=2.0/s, last_udp=0.92s, meas=2, tracks=16, valid=0, master=1270
[LIVE] udp=0.0/s, objs=0.0/s, last_udp=1.92s, meas=2, tracks=16, valid=0, master=1270
[GPS] GGA fix_quality=1, num_sats=23, hdop=0.7, lat=30.40813090116667, lon=104.08860908916667
[LIVE] udp=0.0/s, objs=0.0/s, last_udp=2.93s, meas=2, tracks=16, valid=0, master=1270
[LIVE] udp=0.0/s, objs=0.0/s, last_udp=3.93s, meas=2, tracks=16, valid=0, master=1270
[LIVE] udp=2.0/s, objs=2.0/s, last_udp=0.24s, meas=1, tracks=6, valid=0, master=1270
[LIVE] udp=5.0/s, objs=6.0/s, last_udp=0.00s, meas=1, tracks=8, valid=0, master=1270
[LIVE] udp=0.0/s, objs=0.0/s, last_udp=1.00s, meas=1, tracks=8, valid=0, master=1270
[LIVE] udp=1.0/s, objs=1.0/s, last_udp=0.01s, meas=1, tracks=8, valid=0, master=1270
[LIVE] udp=2.0/s, objs=2.0/s, last_udp=0.33s, meas=1, tracks=8, valid=0, master=1270
[LIVE] udp=0.0/s, objs=0.0/s, last_udp=1.34s, meas=1, tracks=8, valid=0, master=1270
[LIVE] udp=0.0/s, objs=0.0/s, last_udp=2.34s, meas=1, tracks=8, valid=0, master=1270
[LIVE] udp=0.0/s, objs=0.0/s, last_udp=3.34s, meas=1, tracks=8, valid=0, master=1270
[GPS] GGA fix_quality=1, num_sats=22, hdop=0.8, lat=30.4081311935, lon=104.08860958133333
[LIVE] udp=1.0/s, objs=1.0/s, last_udp=0.52s, meas=1, tracks=7, valid=0, master=1270
[LIVE] udp=1.0/s, objs=1.0/s, last_udp=0.20s, meas=1, tracks=8, valid=0, master=1270
[LIVE] udp=1.0/s, objs=1.0/s, last_udp=0.71s, meas=1, tracks=9, valid=0, master=1270
[LIVE] udp=0.0/s, objs=0.0/s, last_udp=1.72s, meas=1, tracks=9, valid=0, master=1270
[LIVE] udp=3.0/s, objs=4.0/s, last_udp=0.04s, meas=3, tracks=8, valid=0, master=1270
[LIVE] udp=0.0/s, objs=0.0/s, last_udp=1.04s, meas=1, tracks=7, valid=0, master=1270
[LIVE] udp=2.0/s, objs=3.0/s, last_udp=0.02s, meas=2, tracks=7, valid=0, master=1270
[LIVE] udp=0.0/s, objs=0.0/s, last_udp=1.02s, meas=1, tracks=7, valid=0, master=1270
[LIVE] udp=4.0/s, objs=5.0/s, last_udp=0.03s, meas=2, tracks=9, valid=0, master=1270
[LIVE] udp=1.0/s, objs=2.0/s, last_udp=0.47s, meas=2, tracks=12, valid=0, master=1270
[GPS] GGA fix_quality=1, num_sats=21, hdop=0.8, lat=30.408131565166666, lon=104.08861006183334
[LIVE] udp=1.0/s, objs=1.0/s, last_udp=0.17s, meas=2, tracks=12, valid=0, master=1270
[LIVE] udp=2.0/s, objs=2.0/s, last_udp=0.69s, meas=2, tracks=13, valid=0, master=1270
[LIVE] udp=0.0/s, objs=0.0/s, last_udp=1.69s, meas=2, tracks=13, valid=0, master=1270
[LIVE] udp=1.0/s, objs=1.0/s, last_udp=0.62s, meas=1, tracks=13, valid=0, master=1270
[LIVE] udp=0.0/s, objs=0.0/s, last_udp=1.63s, meas=1, tracks=13, valid=0, master=1270
[LIVE] udp=1.0/s, objs=1.0/s, last_udp=0.19s, meas=1, tracks=13, valid=0, master=1270
[LIVE] udp=5.0/s, objs=5.0/s, last_udp=0.02s, meas=2, tracks=10, valid=1, master=1283
[LIVE] udp=9.0/s, objs=9.0/s, last_udp=0.03s, meas=3, tracks=11, valid=1, master=1283
[LIVE] udp=11.0/s, objs=11.0/s, last_udp=0.37s, meas=5, tracks=13, valid=1, master=1280
[LIVE] udp=8.0/s, objs=8.0/s, last_udp=0.06s, meas=3, tracks=17, valid=0, master=1280
[GPS] GGA fix_quality=1, num_sats=22, hdop=0.8, lat=30.408131964, lon=104.0886101475
[LIVE] udp=5.0/s, objs=5.0/s, last_udp=0.25s, meas=1, tracks=16, valid=1, master=1295
[LIVE] udp=3.0/s, objs=3.0/s, last_udp=0.09s, meas=1, tracks=16, valid=1, master=1295
[LIVE] udp=4.0/s, objs=4.0/s, last_udp=0.34s, meas=1, tracks=17, valid=1, master=1295
[LIVE] udp=2.0/s, objs=2.0/s, last_udp=0.10s, meas=1, tracks=16, valid=1, master=1295
[LIVE] udp=2.0/s, objs=2.0/s, last_udp=0.02s, meas=2, tracks=16, valid=1, master=1295
[LIVE] udp=2.0/s, objs=3.0/s, last_udp=0.45s, meas=1, tracks=16, valid=1, master=1295
[LIVE] udp=2.0/s, objs=2.0/s, last_udp=0.01s, meas=1, tracks=15, valid=1, master=1295
[LIVE] udp=2.0/s, objs=2.0/s, last_udp=0.44s, meas=1, tracks=16, valid=1, master=1297
[LIVE] udp=1.0/s, objs=1.0/s, last_udp=0.95s, meas=1, tracks=16, valid=0, master=1297
[LIVE] udp=2.0/s, objs=2.0/s, last_udp=0.07s, meas=1, tracks=16, valid=1, master=1295
[GPS] GGA fix_quality=1, num_sats=21, hdop=0.8, lat=30.408129889666668, lon=104.088618931
[LIVE] udp=2.0/s, objs=2.0/s, last_udp=0.15s, meas=1, tracks=13, valid=1, master=1295
[LIVE] udp=5.0/s, objs=5.0/s, last_udp=0.26s, meas=3, tracks=10, valid=1, master=1292
[LIVE] udp=9.0/s, objs=10.0/s, last_udp=0.23s, meas=1, tracks=14, valid=0, master=1292
[LIVE] udp=4.0/s, objs=4.0/s, last_udp=0.13s, meas=2, tracks=14, valid=0, master=1292
[LIVE] udp=3.0/s, objs=3.0/s, last_udp=0.36s, meas=1, tracks=14, valid=1, master=1290
[LIVE] udp=0.0/s, objs=0.0/s, last_udp=1.37s, meas=1, tracks=14, valid=1, master=1290
[LIVE] udp=0.0/s, objs=0.0/s, last_udp=2.37s, meas=1, tracks=14, valid=1, master=1290
[LIVE] udp=0.0/s, objs=0.0/s, last_udp=3.37s, meas=1, tracks=14, valid=1, master=1290
[LIVE] udp=2.0/s, objs=2.0/s, last_udp=0.34s, meas=1, tracks=13, valid=0, master=1290
[LIVE] udp=1.0/s, objs=1.0/s, last_udp=0.08s, meas=1, tracks=13, valid=0, master=1290
[GPS] GGA fix_quality=1, num_sats=22, hdop=0.7, lat=30.408130473, lon=104.088619755
[LIVE] udp=1.0/s, objs=1.0/s, last_udp=0.81s, meas=1, tracks=12, valid=1, master=1302
[LIVE] udp=4.0/s, objs=5.0/s, last_udp=0.14s, meas=2, tracks=14, valid=0, master=1302
[LIVE] udp=6.0/s, objs=7.0/s, last_udp=0.14s, meas=3, tracks=16, valid=0, master=1303
[LIVE] udp=0.0/s, objs=0.0/s, last_udp=1.14s, meas=3, tracks=16, valid=0, master=1303
[LIVE] udp=0.0/s, objs=0.0/s, last_udp=2.15s, meas=3, tracks=16, valid=0, master=1303
[LIVE] udp=0.0/s, objs=0.0/s, last_udp=3.15s, meas=3, tracks=16, valid=0, master=1303
[LIVE] udp=0.0/s, objs=0.0/s, last_udp=4.15s, meas=3, tracks=16, valid=0, master=1303
[LIVE] udp=4.0/s, objs=4.0/s, last_udp=0.13s, meas=2, tracks=10, valid=0, master=1303
[LIVE] udp=0.0/s, objs=0.0/s, last_udp=1.13s, meas=2, tracks=10, valid=0, master=1303
[LIVE] udp=0.0/s, objs=0.0/s, last_udp=2.13s, meas=2, tracks=10, valid=0, master=1303
[GPS] GGA fix_quality=1, num_sats=20, hdop=1.0, lat=30.408126791833332, lon=104.08862080966666
[LIVE] udp=2.0/s, objs=2.0/s, last_udp=0.75s, meas=2, tracks=10, valid=0, master=1303
[LIVE] udp=0.0/s, objs=0.0/s, last_udp=1.75s, meas=2, tracks=10, valid=0, master=1303
[LIVE] udp=0.0/s, objs=0.0/s, last_udp=2.75s, meas=2, tracks=10, valid=0, master=1303
[LIVE] udp=0.0/s, objs=0.0/s, last_udp=3.76s, meas=2, tracks=10, valid=0, master=1303
[LIVE] udp=0.0/s, objs=0.0/s, last_udp=4.76s, meas=2, tracks=10, valid=0, master=1303
[LIVE] udp=0.0/s, objs=0.0/s, last_udp=5.76s, meas=2, tracks=10, valid=0, master=1303
[LIVE] udp=0.0/s, objs=0.0/s, last_udp=6.76s, meas=2, tracks=10, valid=0, master=1303
[LIVE] udp=0.0/s, objs=0.0/s, last_udp=7.77s, meas=2, tracks=10, valid=0, master=1303
[LIVE] udp=0.0/s, objs=0.0/s, last_udp=8.77s, meas=2, tracks=10, valid=0, master=1303
[LIVE] udp=1.0/s, objs=1.0/s, last_udp=0.10s, meas=2, tracks=10, valid=0, master=1303
[GPS] GGA fix_quality=1, num_sats=19, hdop=1.0, lat=30.408126235333334, lon=104.0886272915
[LIVE] udp=0.0/s, objs=0.0/s, last_udp=1.10s, meas=1, tracks=2, valid=0, master=1303
[LIVE] udp=0.0/s, objs=0.0/s, last_udp=2.10s, meas=1, tracks=2, valid=0, master=1303
[LIVE] udp=0.0/s, objs=0.0/s, last_udp=3.10s, meas=1, tracks=2, valid=0, master=1303
[LIVE] udp=0.0/s, objs=0.0/s, last_udp=4.11s, meas=1, tracks=2, valid=0, master=1303
[LIVE] udp=1.0/s, objs=2.0/s, last_udp=0.79s, meas=2, tracks=3, valid=0, master=1303
[LIVE] udp=0.0/s, objs=0.0/s, last_udp=1.79s, meas=2, tracks=3, valid=0, master=1303
[LIVE] udp=2.0/s, objs=2.0/s, last_udp=0.24s, meas=0, tracks=3, valid=0, master=1303
[LIVE] udp=1.0/s, objs=1.0/s, last_udp=0.46s, meas=1, tracks=3, valid=0, master=1303
[LIVE] udp=4.0/s, objs=4.0/s, last_udp=0.29s, meas=1, tracks=5, valid=0, master=1303
[LIVE] udp=2.0/s, objs=2.0/s, last_udp=0.17s, meas=2, tracks=6, valid=0, master=1303
[GPS] GGA fix_quality=1, num_sats=16, hdop=0.9, lat=30.4081219025, lon=104.0886302805
[LIVE] udp=2.0/s, objs=2.0/s, last_udp=0.11s, meas=1, tracks=6, valid=0, master=1303
[LIVE] udp=5.0/s, objs=7.0/s, last_udp=0.06s, meas=2, tracks=8, valid=0, master=1303
[LIVE] udp=1.0/s, objs=1.0/s, last_udp=0.89s, meas=1, tracks=8, valid=1, master=1311
[LIVE] udp=0.0/s, objs=0.0/s, last_udp=1.89s, meas=1, tracks=8, valid=1, master=1311
[LIVE] udp=0.0/s, objs=0.0/s, last_udp=2.89s, meas=1, tracks=8, valid=1, master=1311
[LIVE] udp=1.0/s, objs=1.0/s, last_udp=0.35s, meas=1, tracks=8, valid=0, master=1311
[LIVE] udp=0.0/s, objs=0.0/s, last_udp=1.36s, meas=1, tracks=8, valid=0, master=1311
[LIVE] udp=2.0/s, objs=2.0/s, last_udp=0.07s, meas=1, tracks=8, valid=0, master=1311
[LIVE] udp=0.0/s, objs=0.0/s, last_udp=1.08s, meas=1, tracks=8, valid=0, master=1311
[LIVE] udp=0.0/s, objs=0.0/s, last_udp=2.08s, meas=1, tracks=8, valid=0, master=1311
[GPS] GGA fix_quality=1, num_sats=22, hdop=0.7, lat=30.408119703333334, lon=104.08863465266667
[LIVE] udp=2.0/s, objs=2.0/s, last_udp=0.02s, meas=1, tracks=7, valid=1, master=1311
[LIVE] udp=3.0/s, objs=3.0/s, last_udp=0.09s, meas=2, tracks=7, valid=1, master=1311
[LIVE] udp=0.0/s, objs=0.0/s, last_udp=1.09s, meas=1, tracks=7, valid=1, master=1311
[LIVE] udp=0.0/s, objs=0.0/s, last_udp=2.09s, meas=1, tracks=7, valid=1, master=1311
[LIVE] udp=1.0/s, objs=1.0/s, last_udp=0.89s, meas=1, tracks=4, valid=1, master=1311
[LIVE] udp=0.0/s, objs=0.0/s, last_udp=1.89s, meas=1, tracks=4, valid=1, master=1311
[LIVE] udp=0.0/s, objs=0.0/s, last_udp=2.89s, meas=1, tracks=4, valid=1, master=1311
[LIVE] udp=0.0/s, objs=0.0/s, last_udp=3.90s, meas=1, tracks=4, valid=1, master=1311
[LIVE] udp=0.0/s, objs=0.0/s, last_udp=4.90s, meas=1, tracks=4, valid=1, master=1311
[LIVE] udp=0.0/s, objs=0.0/s, last_udp=5.90s, meas=1, tracks=4, valid=1, master=1311
[GPS] GGA fix_quality=1, num_sats=22, hdop=0.7, lat=30.408121000333335, lon=104.0886330545
[LIVE] udp=0.0/s, objs=0.0/s, last_udp=6.90s, meas=1, tracks=4, valid=1, master=1311
[LIVE] udp=0.0/s, objs=0.0/s, last_udp=7.91s, meas=1, tracks=4, valid=1, master=1311
[LIVE] udp=1.0/s, objs=1.0/s, last_udp=0.43s, meas=1, tracks=2, valid=0, master=1311
[LIVE] udp=0.0/s, objs=0.0/s, last_udp=1.43s, meas=1, tracks=2, valid=0, master=1311
[LIVE] udp=0.0/s, objs=0.0/s, last_udp=2.44s, meas=1, tracks=2, valid=0, master=1311
[LIVE] udp=0.0/s, objs=0.0/s, last_udp=3.44s, meas=1, tracks=2, valid=0, master=1311
[LIVE] udp=0.0/s, objs=0.0/s, last_udp=4.44s, meas=1, tracks=2, valid=0, master=1311
[LIVE] udp=0.0/s, objs=0.0/s, last_udp=5.44s, meas=1, tracks=2, valid=0, master=1311
[LIVE] udp=0.0/s, objs=0.0/s, last_udp=6.45s, meas=1, tracks=2, valid=0, master=1311
[LIVE] udp=0.0/s, objs=0.0/s, last_udp=7.45s, meas=1, tracks=2, valid=0, master=1311
[GPS] GGA fix_quality=1, num_sats=20, hdop=0.7, lat=30.408124433333334, lon=104.08863331633333
[LIVE] udp=0.0/s, objs=0.0/s, last_udp=8.46s, meas=1, tracks=2, valid=0, master=1311
[LIVE] udp=1.0/s, objs=1.0/s, last_udp=0.65s, meas=1, tracks=1, valid=0, master=1311
[LIVE] udp=0.0/s, objs=0.0/s, last_udp=1.65s, meas=1, tracks=1, valid=0, master=1311
[LIVE] udp=0.0/s, objs=0.0/s, last_udp=2.65s, meas=1, tracks=1, valid=0, master=1311
[LIVE] udp=0.0/s, objs=0.0/s, last_udp=3.66s, meas=1, tracks=1, valid=0, master=1311
[LIVE] udp=0.0/s, objs=0.0/s, last_udp=4.66s, meas=1, tracks=1, valid=0, master=1311
[LIVE] udp=6.0/s, objs=6.0/s, last_udp=0.02s, meas=4, tracks=5, valid=0, master=1311
[LIVE] udp=2.0/s, objs=2.0/s, last_udp=0.06s, meas=1, tracks=7, valid=0, master=1311
[LIVE] udp=0.0/s, objs=0.0/s, last_udp=1.06s, meas=1, tracks=7, valid=0, master=1311
[LIVE] udp=0.0/s, objs=0.0/s, last_udp=2.06s, meas=1, tracks=7, valid=0, master=1311
[GPS] GGA fix_quality=1, num_sats=20, hdop=0.7, lat=30.4081269135, lon=104.0886353805
[LIVE] udp=0.0/s, objs=0.0/s, last_udp=3.07s, meas=1, tracks=7, valid=0, master=1311
[LIVE] udp=0.0/s, objs=0.0/s, last_udp=4.07s, meas=1, tracks=7, valid=0, master=1311
[LIVE] udp=0.0/s, objs=0.0/s, last_udp=5.07s, meas=1, tracks=7, valid=0, master=1311
[LIVE] udp=0.0/s, objs=0.0/s, last_udp=6.07s, meas=1, tracks=7, valid=0, master=1311
[LIVE] udp=0.0/s, objs=0.0/s, last_udp=7.08s, meas=1, tracks=7, valid=0, master=1311
[LIVE] udp=0.0/s, objs=0.0/s, last_udp=8.08s, meas=1, tracks=7, valid=0, master=1311
[LIVE] udp=2.0/s, objs=2.0/s, last_udp=0.45s, meas=1, tracks=6, valid=1, master=1325
[LIVE] udp=0.0/s, objs=0.0/s, last_udp=1.45s, meas=1, tracks=6, valid=1, master=1325
[LIVE] udp=2.0/s, objs=2.0/s, last_udp=0.22s, meas=2, tracks=3, valid=0, master=1325
[LIVE] udp=1.0/s, objs=1.0/s, last_udp=0.81s, meas=1, tracks=4, valid=0, master=1325
[GPS] GGA fix_quality=1, num_sats=21, hdop=0.7, lat=30.4081271655, lon=104.08863561133333
[LIVE] udp=0.0/s, objs=0.0/s, last_udp=1.82s, meas=1, tracks=4, valid=0, master=1325
[LIVE] udp=0.0/s, objs=0.0/s, last_udp=2.82s, meas=1, tracks=4, valid=0, master=1325
[LIVE] udp=1.0/s, objs=2.0/s, last_udp=0.20s, meas=1, tracks=4, valid=0, master=1325
[LIVE] udp=1.0/s, objs=1.0/s, last_udp=0.92s, meas=1, tracks=4, valid=1, master=1328
[LIVE] udp=1.0/s, objs=1.0/s, last_udp=0.65s, meas=1, tracks=4, valid=0, master=1328
[LIVE] udp=0.0/s, objs=0.0/s, last_udp=1.66s, meas=1, tracks=4, valid=0, master=1328
[LIVE] udp=0.0/s, objs=0.0/s, last_udp=2.66s, meas=1, tracks=4, valid=0, master=1328
[LIVE] udp=0.0/s, objs=0.0/s, last_udp=3.66s, meas=1, tracks=4, valid=0, master=1328
[LIVE] udp=0.0/s, objs=0.0/s, last_udp=4.67s, meas=1, tracks=4, valid=0, master=1328
[LIVE] udp=0.0/s, objs=0.0/s, last_udp=5.67s, meas=1, tracks=4, valid=0, master=1328
[GPS] GGA fix_quality=1, num_sats=18, hdop=0.8, lat=30.408128941833333, lon=104.08864173566667
[LIVE] udp=0.0/s, objs=0.0/s, last_udp=6.67s, meas=1, tracks=4, valid=0, master=1328
[LIVE] udp=0.0/s, objs=0.0/s, last_udp=7.68s, meas=1, tracks=4, valid=0, master=1328
[LIVE] udp=0.0/s, objs=0.0/s, last_udp=8.68s, meas=1, tracks=4, valid=0, master=1328
[LIVE] udp=0.0/s, objs=0.0/s, last_udp=9.68s, meas=1, tracks=4, valid=0, master=1328
[LIVE] udp=0.0/s, objs=0.0/s, last_udp=10.68s, meas=1, tracks=4, valid=0, master=1328
[LIVE] udp=0.0/s, objs=0.0/s, last_udp=11.68s, meas=1, tracks=4, valid=0, master=1328
[LIVE] udp=0.0/s, objs=0.0/s, last_udp=12.69s, meas=1, tracks=4, valid=0, master=1328
[LIVE] udp=0.0/s, objs=0.0/s, last_udp=13.69s, meas=1, tracks=4, valid=0, master=1328
[LIVE] udp=0.0/s, objs=0.0/s, last_udp=14.69s, meas=1, tracks=4, valid=0, master=1328
[LIVE] udp=0.0/s, objs=0.0/s, last_udp=15.70s, meas=1, tracks=4, valid=0, master=1328
[GPS] GGA fix_quality=1, num_sats=19, hdop=0.8, lat=30.408133532, lon=104.0886391185
[LIVE] udp=2.0/s, objs=2.0/s, last_udp=0.20s, meas=1, tracks=2, valid=0, master=1328
[LIVE] udp=2.0/s, objs=2.0/s, last_udp=0.11s, meas=1, tracks=2, valid=0, master=1328
[LIVE] udp=0.0/s, objs=0.0/s, last_udp=1.11s, meas=1, tracks=3, valid=0, master=1328
[LIVE] udp=1.0/s, objs=1.0/s, last_udp=0.83s, meas=1, tracks=4, valid=0, master=1328
[LIVE] udp=3.0/s, objs=3.0/s, last_udp=0.04s, meas=1, tracks=4, valid=0, master=1328
[LIVE] udp=4.0/s, objs=4.0/s, last_udp=0.32s, meas=0, tracks=5, valid=0, master=1330
[LIVE] udp=7.0/s, objs=7.0/s, last_udp=0.00s, meas=2, tracks=8, valid=1, master=1330
[LIVE] udp=9.0/s, objs=10.0/s, last_udp=0.04s, meas=2, tracks=10, valid=1, master=1330
[LIVE] udp=6.0/s, objs=6.0/s, last_udp=0.08s, meas=1, tracks=11, valid=1, master=1330
[LIVE] udp=6.0/s, objs=9.0/s, last_udp=0.03s, meas=2, tracks=12, valid=1, master=1330
[GPS] GGA fix_quality=1, num_sats=21, hdop=0.7, lat=30.408133368333335, lon=104.088633258
[LIVE] udp=5.0/s, objs=7.0/s, last_udp=0.22s, meas=2, tracks=12, valid=2, master=1330
[LIVE] udp=5.0/s, objs=8.0/s, last_udp=0.06s, meas=3, tracks=13, valid=2, master=1330
[LIVE] udp=4.0/s, objs=8.0/s, last_udp=0.06s, meas=2, tracks=13, valid=2, master=1330
[LIVE] udp=5.0/s, objs=10.0/s, last_udp=0.04s, meas=2, tracks=13, valid=2, master=1330
[LIVE] udp=5.0/s, objs=8.0/s, last_udp=0.21s, meas=2, tracks=13, valid=2, master=1330
[LIVE] udp=7.0/s, objs=10.0/s, last_udp=0.00s, meas=2, tracks=13, valid=2, master=1330
[LIVE] udp=6.0/s, objs=6.0/s, last_udp=0.02s, meas=1, tracks=13, valid=1, master=1330
[LIVE] udp=8.0/s, objs=8.0/s, last_udp=0.13s, meas=1, tracks=14, valid=1, master=1330
[LIVE] udp=2.0/s, objs=2.0/s, last_udp=0.38s, meas=1, tracks=14, valid=1, master=1330
[GPS] GGA fix_quality=1, num_sats=23, hdop=0.7, lat=30.4081352835, lon=104.0886296115
[LIVE] udp=5.0/s, objs=6.0/s, last_udp=0.24s, meas=2, tracks=11, valid=2, master=1330
[LIVE] udp=4.0/s, objs=4.0/s, last_udp=0.22s, meas=2, tracks=9, valid=2, master=1330
[LIVE] udp=6.0/s, objs=6.0/s, last_udp=0.01s, meas=1, tracks=9, valid=1, master=1340
[LIVE] udp=5.0/s, objs=7.0/s, last_udp=0.18s, meas=2, tracks=9, valid=2, master=1340
[LIVE] udp=4.0/s, objs=5.0/s, last_udp=0.23s, meas=2, tracks=9, valid=2, master=1340
[LIVE] udp=4.0/s, objs=6.0/s, last_udp=0.31s, meas=1, tracks=8, valid=1, master=1340
[LIVE] udp=6.0/s, objs=7.0/s, last_udp=0.15s, meas=2, tracks=7, valid=1, master=1340
[LIVE] udp=8.0/s, objs=10.0/s, last_udp=0.00s, meas=2, tracks=7, valid=2, master=1340
[LIVE] udp=6.0/s, objs=9.0/s, last_udp=0.02s, meas=2, tracks=7, valid=2, master=1330
[LIVE] udp=5.0/s, objs=7.0/s, last_udp=0.14s, meas=1, tracks=7, valid=1, master=1330
[GPS] GGA fix_quality=1, num_sats=22, hdop=0.7, lat=30.4081342725, lon=104.0886250825
[LIVE] udp=3.0/s, objs=3.0/s, last_udp=0.47s, meas=1, tracks=7, valid=1, master=1340
[LIVE] udp=7.0/s, objs=9.0/s, last_udp=0.07s, meas=3, tracks=6, valid=2, master=1340
[LIVE] udp=3.0/s, objs=4.0/s, last_udp=0.07s, meas=2, tracks=6, valid=2, master=1340
[LIVE] udp=8.0/s, objs=9.0/s, last_udp=0.03s, meas=2, tracks=5, valid=1, master=1330
[LIVE] udp=5.0/s, objs=5.0/s, last_udp=0.31s, meas=1, tracks=6, valid=1, master=1330
[LIVE] udp=2.0/s, objs=2.0/s, last_udp=0.16s, meas=1, tracks=6, valid=0, master=1330
[LIVE] udp=3.0/s, objs=3.0/s, last_udp=0.12s, meas=1, tracks=6, valid=1, master=1345
[LIVE] udp=1.0/s, objs=1.0/s, last_udp=0.19s, meas=1, tracks=6, valid=1, master=1345
[LIVE] udp=5.0/s, objs=5.0/s, last_udp=0.08s, meas=2, tracks=7, valid=1, master=1345
[LIVE] udp=5.0/s, objs=7.0/s, last_udp=0.19s, meas=3, tracks=9, valid=2, master=1330
[GPS] GGA fix_quality=1, num_sats=23, hdop=0.7, lat=30.408135259833333, lon=104.088625875
[LIVE] udp=0.0/s, objs=0.0/s, last_udp=1.19s, meas=3, tracks=9, valid=2, master=1330
[LIVE] udp=1.0/s, objs=1.0/s, last_udp=0.46s, meas=1, tracks=10, valid=0, master=1330
[LIVE] udp=0.0/s, objs=0.0/s, last_udp=1.46s, meas=1, tracks=10, valid=0, master=1330
[LIVE] udp=0.0/s, objs=0.0/s, last_udp=2.47s, meas=1, tracks=10, valid=0, master=1330
[LIVE] udp=0.0/s, objs=0.0/s, last_udp=3.47s, meas=1, tracks=10, valid=0, master=1330
[LIVE] udp=0.0/s, objs=0.0/s, last_udp=4.47s, meas=1, tracks=10, valid=0, master=1330
[LIVE] udp=1.0/s, objs=1.0/s, last_udp=0.02s, meas=1, tracks=10, valid=0, master=1330
[LIVE] udp=3.0/s, objs=3.0/s, last_udp=0.22s, meas=2, tracks=9, valid=1, master=1345
[LIVE] udp=6.0/s, objs=6.0/s, last_udp=0.13s, meas=2, tracks=9, valid=2, master=1345
[LIVE] udp=6.0/s, objs=9.0/s, last_udp=0.13s, meas=3, tracks=9, valid=2, master=1350
[GPS] GGA fix_quality=1, num_sats=19, hdop=0.8, lat=30.408131645166666, lon=104.08863056166666
[LIVE] udp=6.0/s, objs=6.0/s, last_udp=0.18s, meas=3, tracks=7, valid=3, master=1345
[LIVE] udp=9.0/s, objs=9.0/s, last_udp=0.14s, meas=2, tracks=7, valid=1, master=1345
[LIVE] udp=10.9/s, objs=10.9/s, last_udp=0.03s, meas=1, tracks=8, valid=1, master=1350
[LIVE] udp=7.0/s, objs=7.0/s, last_udp=0.03s, meas=3, tracks=8, valid=3, master=1345
[LIVE] udp=7.0/s, objs=7.0/s, last_udp=0.01s, meas=1, tracks=8, valid=1, master=1350
[LIVE] udp=4.0/s, objs=4.0/s, last_udp=0.24s, meas=2, tracks=8, valid=2, master=1345
[LIVE] udp=3.0/s, objs=3.0/s, last_udp=0.05s, meas=1, tracks=8, valid=1, master=1345
[LIVE] udp=3.0/s, objs=3.0/s, last_udp=0.35s, meas=2, tracks=8, valid=2, master=1350
[LIVE] udp=6.0/s, objs=6.0/s, last_udp=0.08s, meas=2, tracks=8, valid=2, master=1350
[LIVE] udp=3.0/s, objs=3.0/s, last_udp=0.35s, meas=1, tracks=8, valid=1, master=1345
[GPS] GGA fix_quality=1, num_sats=17, hdop=0.8, lat=30.408131595166665, lon=104.0886224165
[LIVE] udp=5.0/s, objs=5.0/s, last_udp=0.03s, meas=2, tracks=8, valid=2, master=1345
[LIVE] udp=5.0/s, objs=5.0/s, last_udp=0.01s, meas=2, tracks=8, valid=2, master=1350
[LIVE] udp=5.0/s, objs=5.0/s, last_udp=0.10s, meas=1, tracks=8, valid=1, master=1350
[LIVE] udp=10.0/s, objs=10.0/s, last_udp=0.03s, meas=1, tracks=9, valid=1, master=1350
[LIVE] udp=9.0/s, objs=9.0/s, last_udp=0.03s, meas=1, tracks=10, valid=1, master=1350
[LIVE] udp=3.0/s, objs=3.0/s, last_udp=0.28s, meas=1, tracks=11, valid=1, master=1345
[LIVE] udp=6.0/s, objs=6.0/s, last_udp=0.15s, meas=2, tracks=11, valid=2, master=1345
[LIVE] udp=6.0/s, objs=6.0/s, last_udp=0.15s, meas=2, tracks=12, valid=0, master=1350
[LIVE] udp=4.0/s, objs=4.0/s, last_udp=0.26s, meas=2, tracks=13, valid=2, master=1345
[LIVE] udp=1.0/s, objs=1.0/s, last_udp=0.87s, meas=1, tracks=13, valid=1, master=1345
[GPS] GGA fix_quality=1, num_sats=21, hdop=0.7, lat=30.408130887666665, lon=104.088620253
[LIVE] udp=0.0/s, objs=0.0/s, last_udp=1.88s, meas=1, tracks=13, valid=1, master=1345
[LIVE] udp=0.0/s, objs=0.0/s, last_udp=2.88s, meas=1, tracks=13, valid=1, master=1345
[LIVE] udp=2.0/s, objs=3.0/s, last_udp=0.08s, meas=1, tracks=13, valid=1, master=1350
[LIVE] udp=1.0/s, objs=1.0/s, last_udp=0.97s, meas=2, tracks=13, valid=0, master=1350
[LIVE] udp=0.0/s, objs=0.0/s, last_udp=1.97s, meas=2, tracks=13, valid=0, master=1350
[LIVE] udp=0.0/s, objs=0.0/s, last_udp=2.98s, meas=2, tracks=13, valid=0, master=1350
[LIVE] udp=1.0/s, objs=1.0/s, last_udp=0.86s, meas=1, tracks=7, valid=0, master=1350
[LIVE] udp=1.0/s, objs=1.0/s, last_udp=0.03s, meas=1, tracks=7, valid=0, master=1350
[LIVE] udp=3.0/s, objs=3.0/s, last_udp=0.30s, meas=1, tracks=8, valid=0, master=1350
[LIVE] udp=1.0/s, objs=1.0/s, last_udp=0.52s, meas=1, tracks=9, valid=0, master=1350
[GPS] GGA fix_quality=1, num_sats=22, hdop=0.7, lat=30.40812898, lon=104.08862442733333
[LIVE] udp=1.0/s, objs=1.0/s, last_udp=0.83s, meas=1, tracks=9, valid=0, master=1350
[LIVE] udp=2.0/s, objs=2.0/s, last_udp=0.19s, meas=1, tracks=10, valid=0, master=1350
[LIVE] udp=6.0/s, objs=6.0/s, last_udp=0.07s, meas=2, tracks=11, valid=1, master=1369
[LIVE] udp=7.0/s, objs=7.0/s, last_udp=0.02s, meas=3, tracks=10, valid=1, master=1370
[LIVE] udp=3.0/s, objs=3.0/s, last_udp=0.22s, meas=2, tracks=10, valid=0, master=1370
[LIVE] udp=6.0/s, objs=6.0/s, last_udp=0.25s, meas=1, tracks=11, valid=1, master=1371
[LIVE] udp=0.0/s, objs=0.0/s, last_udp=1.26s, meas=1, tracks=11, valid=1, master=1371
[LIVE] udp=0.0/s, objs=0.0/s, last_udp=2.26s, meas=1, tracks=11, valid=1, master=1371
[LIVE] udp=0.0/s, objs=0.0/s, last_udp=3.26s, meas=1, tracks=11, valid=1, master=1371
[LIVE] udp=0.0/s, objs=0.0/s, last_udp=4.26s, meas=1, tracks=11, valid=1, master=1371
[GPS] GGA fix_quality=1, num_sats=20, hdop=0.8, lat=30.408129853166667, lon=104.08862498666667
[LIVE] udp=0.0/s, objs=0.0/s, last_udp=5.27s, meas=1, tracks=11, valid=1, master=1371
[LIVE] udp=0.0/s, objs=0.0/s, last_udp=6.27s, meas=1, tracks=11, valid=1, master=1371
[LIVE] udp=7.0/s, objs=7.0/s, last_udp=0.14s, meas=1, tracks=7, valid=1, master=1363
[LIVE] udp=5.0/s, objs=5.0/s, last_udp=0.45s, meas=1, tracks=7, valid=1, master=1363
[LIVE] udp=1.0/s, objs=1.0/s, last_udp=0.24s, meas=1, tracks=6, valid=0, master=1363
[LIVE] udp=0.0/s, objs=0.0/s, last_udp=1.25s, meas=1, tracks=6, valid=0, master=1363
[LIVE] udp=3.0/s, objs=3.0/s, last_udp=0.14s, meas=1, tracks=5, valid=0, master=1363
[LIVE] udp=2.0/s, objs=2.0/s, last_udp=0.06s, meas=0, tracks=4, valid=0, master=1363
[LIVE] udp=2.0/s, objs=2.0/s, last_udp=0.55s, meas=1, tracks=5, valid=0, master=1363
[LIVE] udp=2.0/s, objs=2.0/s, last_udp=0.07s, meas=1, tracks=6, valid=0, master=1363
[GPS] GGA fix_quality=1, num_sats=21, hdop=0.7, lat=30.408130633, lon=104.08862308416667
[LIVE] udp=1.0/s, objs=1.0/s, last_udp=0.64s, meas=1, tracks=8, valid=0, master=1363
[LIVE] udp=0.0/s, objs=0.0/s, last_udp=1.64s, meas=1, tracks=8, valid=0, master=1363
[LIVE] udp=0.0/s, objs=0.0/s, last_udp=2.64s, meas=1, tracks=8, valid=0, master=1363
[LIVE] udp=0.0/s, objs=0.0/s, last_udp=3.65s, meas=1, tracks=8, valid=0, master=1363
[LIVE] udp=0.0/s, objs=0.0/s, last_udp=4.65s, meas=1, tracks=8, valid=0, master=1363
[LIVE] udp=1.0/s, objs=1.0/s, last_udp=0.74s, meas=1, tracks=7, valid=0, master=1363
[LIVE] udp=0.0/s, objs=0.0/s, last_udp=1.74s, meas=1, tracks=7, valid=0, master=1363
[LIVE] udp=5.0/s, objs=5.0/s, last_udp=0.21s, meas=1, tracks=6, valid=0, master=1363
[LIVE] udp=2.0/s, objs=2.0/s, last_udp=0.81s, meas=2, tracks=7, valid=0, master=1363
[LIVE] udp=1.0/s, objs=1.0/s, last_udp=0.98s, meas=1, tracks=7, valid=0, master=1363
[GPS] GGA fix_quality=1, num_sats=20, hdop=0.8, lat=30.408127603, lon=104.08862991316667
[LIVE] udp=0.0/s, objs=0.0/s, last_udp=1.98s, meas=1, tracks=7, valid=0, master=1363
[LIVE] udp=1.0/s, objs=1.0/s, last_udp=0.95s, meas=1, tracks=8, valid=0, master=1363
[LIVE] udp=0.0/s, objs=0.0/s, last_udp=1.95s, meas=1, tracks=8, valid=0, master=1363
[LIVE] udp=0.0/s, objs=0.0/s, last_udp=2.95s, meas=1, tracks=8, valid=0, master=1363
[LIVE] udp=0.0/s, objs=0.0/s, last_udp=3.95s, meas=1, tracks=8, valid=0, master=1363
[LIVE] udp=0.0/s, objs=0.0/s, last_udp=4.96s, meas=1, tracks=8, valid=0, master=1363
[LIVE] udp=0.0/s, objs=0.0/s, last_udp=5.96s, meas=1, tracks=8, valid=0, master=1363
[LIVE] udp=2.0/s, objs=2.0/s, last_udp=0.32s, meas=1, tracks=6, valid=0, master=1363
[LIVE] udp=1.0/s, objs=1.0/s, last_udp=0.25s, meas=1, tracks=3, valid=0, master=1363
[LIVE] udp=1.0/s, objs=1.0/s, last_udp=0.22s, meas=1, tracks=4, valid=0, master=1363
[GPS] GGA fix_quality=1, num_sats=21, hdop=0.8, lat=30.4081248345, lon=104.08863124533333
[LIVE] udp=0.0/s, objs=0.0/s, last_udp=1.22s, meas=1, tracks=4, valid=0, master=1363
[LIVE] udp=0.0/s, objs=0.0/s, last_udp=2.22s, meas=1, tracks=4, valid=0, master=1363
[LIVE] udp=0.0/s, objs=0.0/s, last_udp=3.23s, meas=1, tracks=4, valid=0, master=1363
[LIVE] udp=0.0/s, objs=0.0/s, last_udp=4.23s, meas=1, tracks=4, valid=0, master=1363
[LIVE] udp=0.0/s, objs=0.0/s, last_udp=5.23s, meas=1, tracks=4, valid=0, master=1363
[LIVE] udp=0.0/s, objs=0.0/s, last_udp=6.23s, meas=1, tracks=4, valid=0, master=1363
[LIVE] udp=0.0/s, objs=0.0/s, last_udp=7.24s, meas=1, tracks=4, valid=0, master=1363
[LIVE] udp=0.0/s, objs=0.0/s, last_udp=8.24s, meas=1, tracks=4, valid=0, master=1363
[LIVE] udp=0.0/s, objs=0.0/s, last_udp=9.24s, meas=1, tracks=4, valid=0, master=1363
[LIVE] udp=0.0/s, objs=0.0/s, last_udp=10.24s, meas=1, tracks=4, valid=0, master=1363
[GPS] GGA fix_quality=1, num_sats=17, hdop=0.9, lat=30.408127195333332, lon=104.088632389
[LIVE] udp=0.0/s, objs=0.0/s, last_udp=11.25s, meas=1, tracks=4, valid=0, master=1363
[LIVE] udp=0.0/s, objs=0.0/s, last_udp=12.25s, meas=1, tracks=4, valid=0, master=1363
[LIVE] udp=1.0/s, objs=1.0/s, last_udp=0.13s, meas=1, tracks=4, valid=0, master=1363
[LIVE] udp=2.0/s, objs=3.0/s, last_udp=0.37s, meas=3, tracks=3, valid=0, master=1363
[LIVE] udp=0.0/s, objs=0.0/s, last_udp=1.38s, meas=3, tracks=3, valid=0, master=1363
[LIVE] udp=0.0/s, objs=0.0/s, last_udp=2.38s, meas=3, tracks=3, valid=0, master=1363
[LIVE] udp=0.0/s, objs=0.0/s, last_udp=3.38s, meas=3, tracks=3, valid=0, master=1363
[LIVE] udp=0.0/s, objs=0.0/s, last_udp=4.38s, meas=3, tracks=3, valid=0, master=1363
[LIVE] udp=0.0/s, objs=0.0/s, last_udp=5.39s, meas=3, tracks=3, valid=0, master=1363
[LIVE] udp=0.0/s, objs=0.0/s, last_udp=6.39s, meas=3, tracks=3, valid=0, master=1363
[GPS] GGA fix_quality=1, num_sats=22, hdop=0.7, lat=30.408124133833333, lon=104.088635572
[LIVE] udp=0.0/s, objs=0.0/s, last_udp=7.39s, meas=3, tracks=3, valid=0, master=1363
[LIVE] udp=0.0/s, objs=0.0/s, last_udp=8.39s, meas=3, tracks=3, valid=0, master=1363
[LIVE] udp=0.0/s, objs=0.0/s, last_udp=9.39s, meas=3, tracks=3, valid=0, master=1363
[LIVE] udp=1.0/s, objs=1.0/s, last_udp=0.32s, meas=1, tracks=1, valid=0, master=1363
[LIVE] udp=1.0/s, objs=1.0/s, last_udp=1.00s, meas=1, tracks=2, valid=0, master=1363
[LIVE] udp=0.0/s, objs=0.0/s, last_udp=2.00s, meas=1, tracks=2, valid=0, master=1363
[LIVE] udp=4.0/s, objs=4.0/s, last_udp=0.09s, meas=1, tracks=4, valid=0, master=1363
[LIVE] udp=0.0/s, objs=0.0/s, last_udp=1.09s, meas=1, tracks=5, valid=0, master=1363
[LIVE] udp=0.0/s, objs=0.0/s, last_udp=2.09s, meas=1, tracks=5, valid=0, master=1363
[LIVE] udp=0.0/s, objs=0.0/s, last_udp=3.10s, meas=1, tracks=5, valid=0, master=1363
[GPS] GGA fix_quality=1, num_sats=22, hdop=0.7, lat=30.408124526, lon=104.08863839433333
[LIVE] udp=1.0/s, objs=1.0/s, last_udp=0.27s, meas=1, tracks=5, valid=0, master=1363
[LIVE] udp=0.0/s, objs=0.0/s, last_udp=1.27s, meas=1, tracks=5, valid=0, master=1363
[LIVE] udp=2.0/s, objs=2.0/s, last_udp=0.20s, meas=1, tracks=6, valid=0, master=1363
[LIVE] udp=0.0/s, objs=0.0/s, last_udp=1.21s, meas=1, tracks=6, valid=0, master=1363
[LIVE] udp=0.0/s, objs=0.0/s, last_udp=2.21s, meas=1, tracks=6, valid=0, master=1363
[LIVE] udp=0.0/s, objs=0.0/s, last_udp=3.21s, meas=1, tracks=6, valid=0, master=1363
[LIVE] udp=0.0/s, objs=0.0/s, last_udp=4.21s, meas=1, tracks=6, valid=0, master=1363
[LIVE] udp=0.0/s, objs=0.0/s, last_udp=5.21s, meas=1, tracks=6, valid=0, master=1363
[LIVE] udp=0.0/s, objs=0.0/s, last_udp=6.22s, meas=1, tracks=6, valid=0, master=1363
[LIVE] udp=3.0/s, objs=3.0/s, last_udp=0.07s, meas=1, tracks=3, valid=1, master=1392
[GPS] GGA fix_quality=1, num_sats=21, hdop=0.7, lat=30.408125252666668, lon=104.0886362885
[LIVE] udp=0.0/s, objs=0.0/s, last_udp=1.08s, meas=1, tracks=4, valid=0, master=1392
[LIVE] udp=4.0/s, objs=4.0/s, last_udp=0.03s, meas=1, tracks=4, valid=0, master=1392
[LIVE] udp=2.0/s, objs=2.0/s, last_udp=0.67s, meas=1, tracks=7, valid=0, master=1392
[LIVE] udp=0.0/s, objs=0.0/s, last_udp=1.67s, meas=1, tracks=7, valid=0, master=1392
[LIVE] udp=0.0/s, objs=0.0/s, last_udp=2.67s, meas=1, tracks=7, valid=0, master=1392
[LIVE] udp=0.0/s, objs=0.0/s, last_udp=3.67s, meas=1, tracks=7, valid=0, master=1392
[LIVE] udp=4.0/s, objs=4.0/s, last_udp=0.25s, meas=3, tracks=6, valid=0, master=1392
[LIVE] udp=3.0/s, objs=3.0/s, last_udp=0.42s, meas=2, tracks=9, valid=0, master=1392
[LIVE] udp=3.0/s, objs=4.0/s, last_udp=0.34s, meas=2, tracks=12, valid=0, master=1392
[LIVE] udp=1.0/s, objs=1.0/s, last_udp=0.87s, meas=1, tracks=13, valid=0, master=1392
[GPS] GGA fix_quality=1, num_sats=20, hdop=0.9, lat=30.408124802, lon=104.08863882516667
[LIVE] udp=0.0/s, objs=0.0/s, last_udp=1.87s, meas=1, tracks=13, valid=0, master=1392
[LIVE] udp=1.0/s, objs=1.0/s, last_udp=0.51s, meas=1, tracks=14, valid=0, master=1392
[LIVE] udp=0.0/s, objs=0.0/s, last_udp=1.51s, meas=1, tracks=14, valid=0, master=1392
[LIVE] udp=1.0/s, objs=3.0/s, last_udp=0.99s, meas=3, tracks=12, valid=0, master=1392
[LIVE] udp=0.0/s, objs=0.0/s, last_udp=1.99s, meas=3, tracks=12, valid=0, master=1392
[LIVE] udp=0.0/s, objs=0.0/s, last_udp=2.99s, meas=3, tracks=12, valid=0, master=1392
[LIVE] udp=0.0/s, objs=0.0/s, last_udp=4.00s, meas=3, tracks=12, valid=0, master=1392
[LIVE] udp=0.0/s, objs=0.0/s, last_udp=5.00s, meas=3, tracks=12, valid=0, master=1392
[LIVE] udp=0.0/s, objs=0.0/s, last_udp=6.00s, meas=3, tracks=12, valid=0, master=1392
[LIVE] udp=0.0/s, objs=0.0/s, last_udp=7.01s, meas=3, tracks=12, valid=0, master=1392
[GPS] GGA fix_quality=1, num_sats=21, hdop=0.8, lat=30.408125497166665, lon=104.08864176466666
[LIVE] udp=1.0/s, objs=1.0/s, last_udp=0.20s, meas=1, tracks=4, valid=0, master=1392
[LIVE] udp=4.0/s, objs=4.0/s, last_udp=0.04s, meas=2, tracks=5, valid=0, master=1392
[LIVE] udp=1.0/s, objs=1.0/s, last_udp=0.71s, meas=1, tracks=7, valid=0, master=1392
[LIVE] udp=1.0/s, objs=1.0/s, last_udp=0.01s, meas=1, tracks=7, valid=0, master=1392
[LIVE] udp=1.0/s, objs=1.0/s, last_udp=0.68s, meas=1, tracks=6, valid=0, master=1392
[LIVE] udp=2.0/s, objs=2.0/s, last_udp=0.02s, meas=1, tracks=7, valid=0, master=1392
[LIVE] udp=6.0/s, objs=6.0/s, last_udp=0.00s, meas=3, tracks=8, valid=0, master=1392
[LIVE] udp=10.9/s, objs=12.9/s, last_udp=0.01s, meas=2, tracks=14, valid=0, master=1392
[LIVE] udp=2.0/s, objs=2.0/s, last_udp=0.52s, meas=2, tracks=16, valid=1, master=1417
[LIVE] udp=0.0/s, objs=0.0/s, last_udp=1.52s, meas=2, tracks=16, valid=1, master=1417
[GPS] GGA fix_quality=1, num_sats=21, hdop=0.8, lat=30.408126399166665, lon=104.088635666
[LIVE] udp=2.0/s, objs=2.0/s, last_udp=0.02s, meas=2, tracks=16, valid=1, master=1417
[LIVE] udp=1.0/s, objs=1.0/s, last_udp=0.62s, meas=1, tracks=16, valid=0, master=1417
[LIVE] udp=1.0/s, objs=1.0/s, last_udp=0.39s, meas=1, tracks=16, valid=0, master=1417
[LIVE] udp=0.0/s, objs=0.0/s, last_udp=1.40s, meas=1, tracks=16, valid=0, master=1417
[LIVE] udp=0.0/s, objs=0.0/s, last_udp=2.40s, meas=1, tracks=16, valid=0, master=1417
[LIVE] udp=2.0/s, objs=2.0/s, last_udp=0.09s, meas=1, tracks=15, valid=0, master=1417
[LIVE] udp=4.0/s, objs=4.0/s, last_udp=0.16s, meas=1, tracks=15, valid=0, master=1417
[LIVE] udp=0.0/s, objs=0.0/s, last_udp=1.16s, meas=1, tracks=16, valid=0, master=1417
[LIVE] udp=3.0/s, objs=3.0/s, last_udp=0.54s, meas=1, tracks=13, valid=0, master=1417
[LIVE] udp=0.0/s, objs=0.0/s, last_udp=1.54s, meas=1, tracks=13, valid=0, master=1417
[GPS] GGA fix_quality=1, num_sats=20, hdop=0.7, lat=30.4081269725, lon=104.0886433715
[LIVE] udp=0.0/s, objs=0.0/s, last_udp=2.54s, meas=1, tracks=13, valid=0, master=1417
[LIVE] udp=0.0/s, objs=0.0/s, last_udp=3.55s, meas=1, tracks=13, valid=0, master=1417
[LIVE] udp=0.0/s, objs=0.0/s, last_udp=4.56s, meas=1, tracks=13, valid=0, master=1417
[LIVE] udp=0.0/s, objs=0.0/s, last_udp=5.56s, meas=1, tracks=13, valid=0, master=1417
[LIVE] udp=0.0/s, objs=0.0/s, last_udp=6.56s, meas=1, tracks=13, valid=0, master=1417
[LIVE] udp=0.0/s, objs=0.0/s, last_udp=7.57s, meas=1, tracks=13, valid=0, master=1417
[LIVE] udp=2.0/s, objs=2.0/s, last_udp=0.52s, meas=1, tracks=6, valid=0, master=1417
[LIVE] udp=2.0/s, objs=2.0/s, last_udp=0.01s, meas=1, tracks=5, valid=0, master=1417
[LIVE] udp=1.0/s, objs=1.0/s, last_udp=0.81s, meas=2, tracks=7, valid=0, master=1417
[LIVE] udp=0.0/s, objs=0.0/s, last_udp=1.81s, meas=2, tracks=7, valid=0, master=1417
[GPS] GGA fix_quality=1, num_sats=22, hdop=0.7, lat=30.408128011, lon=104.08863930766667
[LIVE] udp=0.0/s, objs=0.0/s, last_udp=2.81s, meas=2, tracks=7, valid=0, master=1417
[LIVE] udp=0.0/s, objs=0.0/s, last_udp=3.81s, meas=2, tracks=7, valid=0, master=1417
[LIVE] udp=0.0/s, objs=0.0/s, last_udp=4.82s, meas=2, tracks=7, valid=0, master=1417
[LIVE] udp=0.0/s, objs=0.0/s, last_udp=5.82s, meas=2, tracks=7, valid=0, master=1417
[LIVE] udp=4.0/s, objs=4.0/s, last_udp=0.16s, meas=2, tracks=5, valid=1, master=1423
[LIVE] udp=0.0/s, objs=0.0/s, last_udp=1.16s, meas=2, tracks=5, valid=1, master=1423
[LIVE] udp=0.0/s, objs=0.0/s, last_udp=2.16s, meas=2, tracks=5, valid=1, master=1423
[LIVE] udp=1.0/s, objs=1.0/s, last_udp=0.27s, meas=1, tracks=4, valid=0, master=1423
[LIVE] udp=0.0/s, objs=0.0/s, last_udp=1.27s, meas=1, tracks=4, valid=0, master=1423
[LIVE] udp=0.0/s, objs=0.0/s, last_udp=2.28s, meas=1, tracks=4, valid=0, master=1423
[GPS] GGA fix_quality=1, num_sats=22, hdop=0.7, lat=30.408128375, lon=104.0886323625
[LIVE] udp=0.0/s, objs=0.0/s, last_udp=3.28s, meas=1, tracks=4, valid=0, master=1423
[LIVE] udp=0.0/s, objs=0.0/s, last_udp=4.28s, meas=1, tracks=4, valid=0, master=1423
[LIVE] udp=1.0/s, objs=1.0/s, last_udp=0.22s, meas=1, tracks=3, valid=1, master=1423
[LIVE] udp=0.0/s, objs=0.0/s, last_udp=1.22s, meas=1, tracks=3, valid=1, master=1423
[LIVE] udp=1.0/s, objs=1.0/s, last_udp=0.36s, meas=1, tracks=3, valid=0, master=1423
[LIVE] udp=0.0/s, objs=0.0/s, last_udp=1.36s, meas=1, tracks=3, valid=0, master=1423
[LIVE] udp=0.0/s, objs=0.0/s, last_udp=2.36s, meas=1, tracks=3, valid=0, master=1423
[LIVE] udp=0.0/s, objs=0.0/s, last_udp=3.37s, meas=1, tracks=3, valid=0, master=1423
[LIVE] udp=0.0/s, objs=0.0/s, last_udp=4.37s, meas=1, tracks=3, valid=0, master=1423
[LIVE] udp=0.0/s, objs=0.0/s, last_udp=5.37s, meas=1, tracks=3, valid=0, master=1423
[GPS] GGA fix_quality=1, num_sats=20, hdop=0.7, lat=30.408125510166666, lon=104.08862556683333
[LIVE] udp=3.0/s, objs=3.0/s, last_udp=0.13s, meas=1, tracks=2, valid=1, master=1423
[LIVE] udp=2.0/s, objs=2.0/s, last_udp=0.50s, meas=1, tracks=6, valid=0, master=1423
[LIVE] udp=0.0/s, objs=0.0/s, last_udp=1.50s, meas=1, tracks=6, valid=0, master=1423
[LIVE] udp=0.0/s, objs=0.0/s, last_udp=2.51s, meas=1, tracks=6, valid=0, master=1423
[LIVE] udp=0.0/s, objs=0.0/s, last_udp=3.51s, meas=1, tracks=6, valid=0, master=1423
[LIVE] udp=0.0/s, objs=0.0/s, last_udp=4.51s, meas=1, tracks=6, valid=0, master=1423
[LIVE] udp=0.0/s, objs=0.0/s, last_udp=5.51s, meas=1, tracks=6, valid=0, master=1423
[LIVE] udp=0.0/s, objs=0.0/s, last_udp=6.51s, meas=1, tracks=6, valid=0, master=1423
[LIVE] udp=0.0/s, objs=0.0/s, last_udp=7.51s, meas=1, tracks=6, valid=0, master=1423
[LIVE] udp=0.0/s, objs=0.0/s, last_udp=8.52s, meas=1, tracks=6, valid=0, master=1423
[Warning] 逻辑ID 1 没有配置偏差数据
[Warning] 逻辑ID 1 没有配置偏差数据
[GPS] GGA fix_quality=1, num_sats=19, hdop=0.9, lat=30.408124447, lon=104.08862773966666
[LIVE] udp=1.0/s, objs=2.0/s, last_udp=1.00s, meas=0, tracks=5, valid=0, master=1423
[LIVE] udp=0.0/s, objs=0.0/s, last_udp=2.00s, meas=0, tracks=5, valid=0, master=1423
[LIVE] udp=1.0/s, objs=1.0/s, last_udp=0.69s, meas=1, tracks=1, valid=0, master=1423
[LIVE] udp=3.0/s, objs=3.0/s, last_udp=0.04s, meas=2, tracks=3, valid=0, master=1423
[Warning] 逻辑ID 1 没有配置偏差数据
[Warning] 逻辑ID 1 没有配置偏差数据
[LIVE] udp=6.0/s, objs=6.0/s, last_udp=0.25s, meas=0, tracks=6, valid=0, master=1423
[LIVE] udp=2.0/s, objs=2.0/s, last_udp=0.15s, meas=1, tracks=7, valid=0, master=1423
[LIVE] udp=1.0/s, objs=1.0/s, last_udp=0.94s, meas=1, tracks=9, valid=0, master=1423
[LIVE] udp=0.0/s, objs=0.0/s, last_udp=1.94s, meas=1, tracks=9, valid=0, master=1423
[LIVE] udp=0.0/s, objs=0.0/s, last_udp=2.94s, meas=1, tracks=9, valid=0, master=1423
[LIVE] udp=0.0/s, objs=0.0/s, last_udp=3.95s, meas=1, tracks=9, valid=0, master=1423
[GPS] GGA fix_quality=1, num_sats=23, hdop=0.7, lat=30.408123877833333, lon=104.08862694233333
[LIVE] udp=0.0/s, objs=0.0/s, last_udp=4.95s, meas=1, tracks=9, valid=0, master=1423
[LIVE] udp=0.0/s, objs=0.0/s, last_udp=5.95s, meas=1, tracks=9, valid=0, master=1423
[LIVE] udp=0.0/s, objs=0.0/s, last_udp=6.96s, meas=1, tracks=9, valid=0, master=1423
[LIVE] udp=0.0/s, objs=0.0/s, last_udp=7.96s, meas=1, tracks=9, valid=0, master=1423
[LIVE] udp=0.0/s, objs=0.0/s, last_udp=8.96s, meas=1, tracks=9, valid=0, master=1423
[LIVE] udp=0.0/s, objs=0.0/s, last_udp=9.97s, meas=1, tracks=9, valid=0, master=1423
[LIVE] udp=1.0/s, objs=1.0/s, last_udp=0.01s, meas=1, tracks=9, valid=0, master=1423
[LIVE] udp=0.0/s, objs=0.0/s, last_udp=1.01s, meas=1, tracks=1, valid=0, master=1423
[LIVE] udp=0.0/s, objs=0.0/s, last_udp=2.01s, meas=1, tracks=1, valid=0, master=1423
[LIVE] udp=0.0/s, objs=0.0/s, last_udp=3.01s, meas=1, tracks=1, valid=0, master=1423
[GPS] GGA fix_quality=1, num_sats=22, hdop=0.7, lat=30.408123357166666, lon=104.08862176866667
[LIVE] udp=0.0/s, objs=0.0/s, last_udp=4.02s, meas=1, tracks=1, valid=0, master=1423
[LIVE] udp=3.0/s, objs=3.0/s, last_udp=0.05s, meas=1, tracks=2, valid=0, master=1423
[LIVE] udp=0.0/s, objs=0.0/s, last_udp=1.05s, meas=2, tracks=3, valid=0, master=1423
[LIVE] udp=1.0/s, objs=1.0/s, last_udp=0.25s, meas=1, tracks=4, valid=0, master=1423
[LIVE] udp=5.0/s, objs=5.0/s, last_udp=0.43s, meas=3, tracks=8, valid=0, master=1423
[LIVE] udp=3.0/s, objs=3.0/s, last_udp=0.53s, meas=1, tracks=9, valid=0, master=1423
[LIVE] udp=0.0/s, objs=0.0/s, last_udp=1.53s, meas=1, tracks=9, valid=0, master=1423
[LIVE] udp=2.0/s, objs=2.0/s, last_udp=0.30s, meas=2, tracks=9, valid=0, master=1423
[LIVE] udp=3.0/s, objs=3.0/s, last_udp=0.20s, meas=1, tracks=9, valid=0, master=1423
[LIVE] udp=0.0/s, objs=0.0/s, last_udp=1.20s, meas=1, tracks=9, valid=0, master=1423
[GPS] GGA fix_quality=1, num_sats=21, hdop=0.7, lat=30.408125337833333, lon=104.088621114
[LIVE] udp=0.0/s, objs=0.0/s, last_udp=2.20s, meas=1, tracks=9, valid=0, master=1423
[LIVE] udp=0.0/s, objs=0.0/s, last_udp=3.20s, meas=1, tracks=9, valid=0, master=1423
[LIVE] udp=0.0/s, objs=0.0/s, last_udp=4.21s, meas=1, tracks=9, valid=0, master=1423
[LIVE] udp=0.0/s, objs=0.0/s, last_udp=5.21s, meas=1, tracks=9, valid=0, master=1423
[Warning] 逻辑ID 1 没有配置偏差数据
[LIVE] udp=3.0/s, objs=3.0/s, last_udp=0.33s, meas=1, tracks=7, valid=0, master=1423
[LIVE] udp=1.0/s, objs=1.0/s, last_udp=0.75s, meas=1, tracks=7, valid=0, master=1423
[LIVE] udp=0.0/s, objs=0.0/s, last_udp=1.75s, meas=1, tracks=7, valid=0, master=1423
[LIVE] udp=1.0/s, objs=1.0/s, last_udp=0.77s, meas=1, tracks=6, valid=1, master=1444
[LIVE] udp=1.0/s, objs=1.0/s, last_udp=0.20s, meas=1, tracks=6, valid=1, master=1444
[LIVE] udp=1.0/s, objs=1.0/s, last_udp=0.39s, meas=1, tracks=4, valid=1, master=1444
[GPS] GGA fix_quality=1, num_sats=21, hdop=0.7, lat=30.408124217333334, lon=104.08862214033333
[LIVE] udp=0.0/s, objs=0.0/s, last_udp=1.39s, meas=1, tracks=4, valid=1, master=1444
[Warning] 逻辑ID 1 没有配置偏差数据
[Warning] 逻辑ID 1 没有配置偏差数据
[LIVE] udp=4.0/s, objs=4.0/s, last_udp=0.07s, meas=0, tracks=2, valid=0, master=1444
[Warning] 逻辑ID 1 没有配置偏差数据
[Warning] 逻辑ID 1 没有配置偏差数据
[LIVE] udp=1.0/s, objs=1.0/s, last_udp=0.43s, meas=0, tracks=2, valid=0, master=1444
[Warning] 逻辑ID 1 没有配置偏差数据
[Warning] 逻辑ID 1 没有配置偏差数据
[LIVE] udp=5.0/s, objs=5.0/s, last_udp=0.41s, meas=1, tracks=4, valid=0, master=1444
[LIVE] udp=0.0/s, objs=0.0/s, last_udp=1.41s, meas=1, tracks=4, valid=0, master=1444
[LIVE] udp=1.0/s, objs=1.0/s, last_udp=0.76s, meas=0, tracks=4, valid=0, master=1444
[LIVE] udp=0.0/s, objs=0.0/s, last_udp=1.77s, meas=0, tracks=4, valid=0, master=1444
[LIVE] udp=0.0/s, objs=0.0/s, last_udp=2.77s, meas=0, tracks=4, valid=0, master=1444
[LIVE] udp=0.0/s, objs=0.0/s, last_udp=3.77s, meas=0, tracks=4, valid=0, master=1444
[LIVE] udp=0.0/s, objs=0.0/s, last_udp=4.78s, meas=0, tracks=4, valid=0, master=1444
[GPS] GGA fix_quality=1, num_sats=21, hdop=0.8, lat=30.408125538333334, lon=104.08861999633334
[LIVE] udp=0.0/s, objs=0.0/s, last_udp=5.78s, meas=0, tracks=4, valid=0, master=1444
[LIVE] udp=0.0/s, objs=0.0/s, last_udp=6.79s, meas=0, tracks=4, valid=0, master=1444
[LIVE] udp=0.0/s, objs=0.0/s, last_udp=7.79s, meas=0, tracks=4, valid=0, master=1444
[LIVE] udp=0.0/s, objs=0.0/s, last_udp=8.80s, meas=0, tracks=4, valid=0, master=1444
[LIVE] udp=1.0/s, objs=1.0/s, last_udp=0.54s, meas=1, tracks=1, valid=0, master=1444
[LIVE] udp=0.0/s, objs=0.0/s, last_udp=1.54s, meas=1, tracks=1, valid=0, master=1444
[LIVE] udp=4.0/s, objs=4.0/s, last_udp=0.05s, meas=1, tracks=3, valid=0, master=1444
[LIVE] udp=3.0/s, objs=3.0/s, last_udp=0.26s, meas=2, tracks=6, valid=0, master=1444
[Warning] 逻辑ID 1 没有配置偏差数据
[LIVE] udp=3.0/s, objs=3.0/s, last_udp=0.35s, meas=0, tracks=7, valid=0, master=1444
[LIVE] udp=3.0/s, objs=3.0/s, last_udp=0.10s, meas=1, tracks=7, valid=0, master=1444
[GPS] GGA fix_quality=1, num_sats=22, hdop=0.7, lat=30.4081256765, lon=104.08861991216666
[LIVE] udp=3.0/s, objs=3.0/s, last_udp=0.70s, meas=3, tracks=8, valid=1, master=1454
[LIVE] udp=1.0/s, objs=1.0/s, last_udp=1.00s, meas=1, tracks=8, valid=1, master=1454
[LIVE] udp=0.0/s, objs=0.0/s, last_udp=2.00s, meas=1, tracks=8, valid=1, master=1454
[LIVE] udp=2.0/s, objs=2.0/s, last_udp=0.32s, meas=1, tracks=8, valid=1, master=1454
[LIVE] udp=3.0/s, objs=3.0/s, last_udp=0.47s, meas=1, tracks=8, valid=1, master=1454
[LIVE] udp=0.0/s, objs=0.0/s, last_udp=1.47s, meas=1, tracks=8, valid=1, master=1454
[LIVE] udp=3.0/s, objs=3.0/s, last_udp=0.29s, meas=2, tracks=8, valid=1, master=1454
[LIVE] udp=4.0/s, objs=4.0/s, last_udp=0.24s, meas=1, tracks=9, valid=1, master=1454
[LIVE] udp=3.0/s, objs=3.0/s, last_udp=0.01s, meas=1, tracks=9, valid=1, master=1454
[LIVE] udp=0.0/s, objs=0.0/s, last_udp=1.01s, meas=1, tracks=9, valid=1, master=1454
[LIVE] udp=2.0/s, objs=2.0/s, last_udp=0.22s, meas=1, tracks=8, valid=0, master=1454
[GPS] GGA fix_quality=1, num_sats=23, hdop=0.7, lat=30.408126148166666, lon=104.088619444
[LIVE] udp=2.0/s, objs=2.0/s, last_udp=0.41s, meas=2, tracks=8, valid=0, master=1454
[LIVE] udp=1.0/s, objs=1.0/s, last_udp=0.05s, meas=2, tracks=8, valid=0, master=1454
[Warning] 逻辑ID 1 没有配置偏差数据
[Warning] 逻辑ID 1 没有配置偏差数据
[Warning] 逻辑ID 1 没有配置偏差数据
[LIVE] udp=5.0/s, objs=5.0/s, last_udp=0.03s, meas=0, tracks=9, valid=0, master=1454
[Warning] 逻辑ID 1 没有配置偏差数据
[LIVE] udp=2.0/s, objs=2.0/s, last_udp=0.03s, meas=0, tracks=9, valid=0, master=1454
[LIVE] udp=5.0/s, objs=5.0/s, last_udp=0.16s, meas=2, tracks=9, valid=1, master=1454
[LIVE] udp=7.0/s, objs=7.0/s, last_udp=0.01s, meas=1, tracks=9, valid=1, master=1460
[LIVE] udp=8.0/s, objs=8.0/s, last_udp=0.03s, meas=1, tracks=9, valid=1, master=1460
[LIVE] udp=6.0/s, objs=6.0/s, last_udp=0.10s, meas=1, tracks=8, valid=1, master=1460
[LIVE] udp=2.0/s, objs=2.0/s, last_udp=0.62s, meas=0, tracks=7, valid=0, master=1460
[LIVE] udp=4.0/s, objs=4.0/s, last_udp=0.01s, meas=1, tracks=6, valid=1, master=1460
[GPS] GGA fix_quality=1, num_sats=22, hdop=0.7, lat=30.408126405666668, lon=104.08862173583333
[LIVE] udp=9.0/s, objs=9.0/s, last_udp=0.05s, meas=2, tracks=7, valid=1, master=1460
[LIVE] udp=7.0/s, objs=7.0/s, last_udp=0.12s, meas=3, tracks=8, valid=1, master=1460
[LIVE] udp=1.0/s, objs=2.0/s, last_udp=0.99s, meas=2, tracks=9, valid=0, master=1460
[LIVE] udp=3.0/s, objs=3.0/s, last_udp=0.42s, meas=1, tracks=10, valid=0, master=1460
[LIVE] udp=0.0/s, objs=0.0/s, last_udp=1.42s, meas=1, tracks=10, valid=0, master=1460
[LIVE] udp=0.0/s, objs=0.0/s, last_udp=2.43s, meas=1, tracks=10, valid=0, master=1460
[LIVE] udp=2.0/s, objs=2.0/s, last_udp=0.10s, meas=1, tracks=10, valid=1, master=1460
[LIVE] udp=3.0/s, objs=3.0/s, last_udp=0.29s, meas=1, tracks=10, valid=1, master=1460
[LIVE] udp=1.0/s, objs=1.0/s, last_udp=0.29s, meas=1, tracks=10, valid=0, master=1460
[LIVE] udp=5.0/s, objs=5.0/s, last_udp=0.01s, meas=1, tracks=10, valid=1, master=1460
[GPS] GGA fix_quality=1, num_sats=22, hdop=0.7, lat=30.408125597833333, lon=104.08862599083334
[LIVE] udp=4.0/s, objs=4.0/s, last_udp=0.06s, meas=1, tracks=10, valid=1, master=1460
[LIVE] udp=6.0/s, objs=6.0/s, last_udp=0.03s, meas=1, tracks=10, valid=1, master=1460
[LIVE] udp=5.0/s, objs=5.0/s, last_udp=0.49s, meas=1, tracks=10, valid=1, master=1460
[LIVE] udp=0.0/s, objs=0.0/s, last_udp=1.49s, meas=1, tracks=10, valid=1, master=1460
[LIVE] udp=3.0/s, objs=3.0/s, last_udp=0.20s, meas=1, tracks=9, valid=0, master=1460
[LIVE] udp=1.0/s, objs=1.0/s, last_udp=0.73s, meas=1, tracks=10, valid=0, master=1460
[LIVE] udp=2.0/s, objs=2.0/s, last_udp=0.03s, meas=1, tracks=10, valid=0, master=1460
[LIVE] udp=5.0/s, objs=5.0/s, last_udp=0.15s, meas=2, tracks=11, valid=0, master=1460
[LIVE] udp=8.0/s, objs=8.0/s, last_udp=0.40s, meas=3, tracks=17, valid=0, master=1460
[LIVE] udp=2.0/s, objs=2.0/s, last_udp=0.52s, meas=1, tracks=17, valid=0, master=1460
[GPS] GGA fix_quality=1, num_sats=23, hdop=0.7, lat=30.408124247499998, lon=104.088624279
[LIVE] udp=0.0/s, objs=0.0/s, last_udp=1.52s, meas=1, tracks=17, valid=0, master=1460
[LIVE] udp=0.0/s, objs=0.0/s, last_udp=2.53s, meas=1, tracks=17, valid=0, master=1460
[LIVE] udp=1.0/s, objs=1.0/s, last_udp=0.21s, meas=1, tracks=16, valid=1, master=1460
[LIVE] udp=1.0/s, objs=1.0/s, last_udp=0.77s, meas=1, tracks=16, valid=1, master=1460
[LIVE] udp=0.0/s, objs=0.0/s, last_udp=1.78s, meas=1, tracks=16, valid=1, master=1460
[LIVE] udp=0.0/s, objs=0.0/s, last_udp=2.78s, meas=1, tracks=16, valid=1, master=1460
[LIVE] udp=1.0/s, objs=1.0/s, last_udp=0.05s, meas=1, tracks=16, valid=1, master=1460
[LIVE] udp=4.0/s, objs=5.0/s, last_udp=0.10s, meas=3, tracks=13, valid=1, master=1460
[LIVE] udp=7.0/s, objs=10.0/s, last_udp=0.47s, meas=6, tracks=18, valid=0, master=1460
[LIVE] udp=2.0/s, objs=2.0/s, last_udp=0.33s, meas=1, tracks=11, valid=1, master=1481
[GPS] GGA fix_quality=1, num_sats=21, hdop=0.7, lat=30.408124238, lon=104.08862098116667
[LIVE] udp=0.0/s, objs=0.0/s, last_udp=1.33s, meas=1, tracks=11, valid=1, master=1481
[LIVE] udp=0.0/s, objs=0.0/s, last_udp=2.34s, meas=1, tracks=11, valid=1, master=1481
[LIVE] udp=0.0/s, objs=0.0/s, last_udp=3.34s, meas=1, tracks=11, valid=1, master=1481
[LIVE] udp=0.0/s, objs=0.0/s, last_udp=4.34s, meas=1, tracks=11, valid=1, master=1481
[LIVE] udp=4.0/s, objs=5.0/s, last_udp=0.69s, meas=2, tracks=12, valid=0, master=1481
[LIVE] udp=1.0/s, objs=1.0/s, last_udp=0.53s, meas=1, tracks=12, valid=1, master=1481
[LIVE] udp=10.0/s, objs=16.0/s, last_udp=0.10s, meas=5, tracks=15, valid=3, master=1481
[LIVE] udp=10.0/s, objs=11.9/s, last_udp=0.02s, meas=3, tracks=17, valid=2, master=1491
[LIVE] udp=3.0/s, objs=3.0/s, last_udp=0.13s, meas=2, tracks=17, valid=1, master=1489
[LIVE] udp=9.0/s, objs=9.0/s, last_udp=0.10s, meas=2, tracks=16, valid=2, master=1489
[GPS] GGA fix_quality=1, num_sats=24, hdop=0.7, lat=30.408124604333334, lon=104.08862103716666
[LIVE] udp=9.0/s, objs=9.0/s, last_udp=0.01s, meas=2, tracks=11, valid=2, master=1490
[LIVE] udp=6.0/s, objs=6.0/s, last_udp=0.01s, meas=2, tracks=11, valid=2, master=1492
[LIVE] udp=2.0/s, objs=2.0/s, last_udp=0.63s, meas=2, tracks=11, valid=1, master=1490
[LIVE] udp=6.0/s, objs=6.0/s, last_udp=0.06s, meas=2, tracks=11, valid=1, master=1490
[LIVE] udp=8.0/s, objs=8.0/s, last_udp=0.21s, meas=1, tracks=11, valid=1, master=1492
[LIVE] udp=5.0/s, objs=5.0/s, last_udp=0.21s, meas=1, tracks=11, valid=1, master=1487
[LIVE] udp=3.0/s, objs=3.0/s, last_udp=0.33s, meas=1, tracks=11, valid=0, master=1492
[LIVE] udp=1.0/s, objs=1.0/s, last_udp=0.89s, meas=1, tracks=12, valid=0, master=1492
[LIVE] udp=1.0/s, objs=1.0/s, last_udp=0.23s, meas=1, tracks=10, valid=0, master=1492
[LIVE] udp=0.0/s, objs=0.0/s, last_udp=1.23s, meas=1, tracks=10, valid=0, master=1492
[GPS] GGA fix_quality=1, num_sats=24, hdop=0.7, lat=30.408124084166666, lon=104.08861246233333
[LIVE] udp=4.0/s, objs=4.0/s, last_udp=0.18s, meas=2, tracks=12, valid=0, master=1492
[LIVE] udp=1.0/s, objs=1.0/s, last_udp=0.34s, meas=1, tracks=12, valid=0, master=1492
[LIVE] udp=0.0/s, objs=0.0/s, last_udp=1.34s, meas=1, tracks=12, valid=0, master=1492
[LIVE] udp=0.0/s, objs=0.0/s, last_udp=2.34s, meas=1, tracks=12, valid=0, master=1492
[LIVE] udp=0.0/s, objs=0.0/s, last_udp=3.35s, meas=1, tracks=12, valid=0, master=1492
[LIVE] udp=2.0/s, objs=2.0/s, last_udp=0.07s, meas=1, tracks=9, valid=0, master=1492
[LIVE] udp=1.0/s, objs=2.0/s, last_udp=0.81s, meas=2, tracks=10, valid=1, master=1498
[LIVE] udp=0.0/s, objs=0.0/s, last_udp=1.81s, meas=2, tracks=10, valid=1, master=1498
[LIVE] udp=0.0/s, objs=0.0/s, last_udp=2.81s, meas=2, tracks=10, valid=1, master=1498
[LIVE] udp=1.0/s, objs=1.0/s, last_udp=0.26s, meas=1, tracks=7, valid=0, master=1498
[GPS] GGA fix_quality=1, num_sats=22, hdop=0.7, lat=30.4081232735, lon=104.08861688833333
[LIVE] udp=4.0/s, objs=4.0/s, last_udp=0.37s, meas=2, tracks=9, valid=0, master=1498
[LIVE] udp=4.0/s, objs=4.0/s, last_udp=0.11s, meas=2, tracks=9, valid=0, master=1498
[LIVE] udp=6.0/s, objs=7.0/s, last_udp=0.01s, meas=3, tracks=11, valid=0, master=1498
[LIVE] udp=4.0/s, objs=5.0/s, last_udp=0.00s, meas=0, tracks=12, valid=0, master=1498
[LIVE] udp=4.0/s, objs=5.0/s, last_udp=0.57s, meas=2, tracks=12, valid=0, master=1498
[LIVE] udp=2.0/s, objs=2.0/s, last_udp=0.53s, meas=1, tracks=14, valid=0, master=1498
[LIVE] udp=0.0/s, objs=0.0/s, last_udp=1.54s, meas=1, tracks=14, valid=0, master=1498
[LIVE] udp=1.0/s, objs=1.0/s, last_udp=0.46s, meas=1, tracks=13, valid=0, master=1498
[LIVE] udp=1.0/s, objs=1.0/s, last_udp=0.80s, meas=1, tracks=14, valid=0, master=1498
[GPS] GGA fix_quality=1, num_sats=20, hdop=0.9, lat=30.40812313, lon=104.08861616066666
[LIVE] udp=0.0/s, objs=0.0/s, last_udp=1.81s, meas=1, tracks=14, valid=0, master=1498
[LIVE] udp=0.0/s, objs=0.0/s, last_udp=2.81s, meas=1, tracks=14, valid=0, master=1498
[LIVE] udp=2.0/s, objs=2.0/s, last_udp=0.18s, meas=1, tracks=13, valid=0, master=1498
[LIVE] udp=2.0/s, objs=2.0/s, last_udp=0.13s, meas=1, tracks=13, valid=1, master=1507
[LIVE] udp=2.0/s, objs=2.0/s, last_udp=0.70s, meas=2, tracks=13, valid=1, master=1507
[LIVE] udp=3.0/s, objs=3.0/s, last_udp=0.32s, meas=1, tracks=8, valid=1, master=1507
[LIVE] udp=1.0/s, objs=1.0/s, last_udp=0.87s, meas=1, tracks=8, valid=0, master=1507
[LIVE] udp=3.0/s, objs=3.0/s, last_udp=0.09s, meas=1, tracks=5, valid=0, master=1507
[LIVE] udp=1.0/s, objs=1.0/s, last_udp=0.88s, meas=1, tracks=5, valid=1, master=1507
[LIVE] udp=0.0/s, objs=0.0/s, last_udp=1.88s, meas=1, tracks=5, valid=1, master=1507
[GPS] GGA fix_quality=1, num_sats=23, hdop=0.7, lat=30.408125527666666, lon=104.08861588083333
[LIVE] udp=0.0/s, objs=0.0/s, last_udp=2.89s, meas=1, tracks=5, valid=1, master=1507
[LIVE] udp=1.0/s, objs=1.0/s, last_udp=0.28s, meas=1, tracks=3, valid=1, master=1507
[LIVE] udp=1.0/s, objs=1.0/s, last_udp=0.79s, meas=1, tracks=3, valid=1, master=1507
[LIVE] udp=0.0/s, objs=0.0/s, last_udp=1.79s, meas=1, tracks=3, valid=1, master=1507
[LIVE] udp=2.0/s, objs=3.0/s, last_udp=0.08s, meas=1, tracks=3, valid=0, master=1507
[LIVE] udp=0.0/s, objs=0.0/s, last_udp=1.08s, meas=2, tracks=3, valid=0, master=1507
[LIVE] udp=0.0/s, objs=0.0/s, last_udp=2.09s, meas=2, tracks=3, valid=0, master=1507
[LIVE] udp=0.0/s, objs=0.0/s, last_udp=3.09s, meas=2, tracks=3, valid=0, master=1507
[LIVE] udp=4.0/s, objs=4.0/s, last_udp=0.05s, meas=1, tracks=5, valid=0, master=1507
[LIVE] udp=0.0/s, objs=0.0/s, last_udp=1.06s, meas=1, tracks=5, valid=1, master=1513
[Warning] 逻辑ID 1 没有配置偏差数据
[GPS] GGA fix_quality=1, num_sats=21, hdop=0.9, lat=30.408127645166665, lon=104.0886171745
[LIVE] udp=1.0/s, objs=1.0/s, last_udp=0.34s, meas=0, tracks=5, valid=0, master=1513
[Warning] 逻辑ID 1 没有配置偏差数据
[Warning] 逻辑ID 1 没有配置偏差数据
[Warning] 逻辑ID 1 没有配置偏差数据
[Warning] 逻辑ID 1 没有配置偏差数据
[LIVE] udp=4.0/s, objs=4.0/s, last_udp=0.24s, meas=0, tracks=5, valid=0, master=1513
[LIVE] udp=0.0/s, objs=0.0/s, last_udp=1.24s, meas=0, tracks=5, valid=0, master=1513
[LIVE] udp=0.0/s, objs=0.0/s, last_udp=2.24s, meas=0, tracks=5, valid=0, master=1513
[LIVE] udp=6.0/s, objs=9.0/s, last_udp=0.02s, meas=3, tracks=6, valid=1, master=1513
[LIVE] udp=2.0/s, objs=2.0/s, last_udp=0.36s, meas=1, tracks=6, valid=1, master=1503
[LIVE] udp=8.0/s, objs=10.0/s, last_udp=0.08s, meas=1, tracks=7, valid=0, master=1503
[LIVE] udp=0.0/s, objs=0.0/s, last_udp=1.08s, meas=3, tracks=8, valid=2, master=1503
[LIVE] udp=0.0/s, objs=0.0/s, last_udp=2.09s, meas=3, tracks=8, valid=2, master=1503
[LIVE] udp=1.0/s, objs=1.0/s, last_udp=0.54s, meas=1, tracks=8, valid=1, master=1511
[GPS] GGA fix_quality=1, num_sats=20, hdop=0.8, lat=30.408127626666666, lon=104.088626955
[LIVE] udp=1.0/s, objs=1.0/s, last_udp=0.90s, meas=1, tracks=8, valid=0, master=1511
[LIVE] udp=1.0/s, objs=1.0/s, last_udp=0.26s, meas=1, tracks=9, valid=0, master=1511
[LIVE] udp=4.0/s, objs=4.0/s, last_udp=0.29s, meas=1, tracks=10, valid=1, master=1519
[LIVE] udp=5.0/s, objs=5.0/s, last_udp=0.15s, meas=2, tracks=10, valid=1, master=1519
[LIVE] udp=3.0/s, objs=3.0/s, last_udp=0.29s, meas=1, tracks=10, valid=1, master=1511
[LIVE] udp=1.0/s, objs=1.0/s, last_udp=0.87s, meas=1, tracks=10, valid=1, master=1511
[LIVE] udp=3.0/s, objs=3.0/s, last_udp=0.05s, meas=1, tracks=10, valid=1, master=1511
[LIVE] udp=2.0/s, objs=2.0/s, last_udp=0.18s, meas=1, tracks=8, valid=0, master=1511
[LIVE] udp=0.0/s, objs=0.0/s, last_udp=1.18s, meas=1, tracks=9, valid=0, master=1511
[LIVE] udp=6.0/s, objs=7.0/s, last_udp=0.05s, meas=3, tracks=10, valid=0, master=1511
[GPS] GGA fix_quality=1, num_sats=20, hdop=0.8, lat=30.408127941, lon=104.08862355366666
[LIVE] udp=4.0/s, objs=4.0/s, last_udp=0.38s, meas=1, tracks=12, valid=0, master=1523
[LIVE] udp=0.0/s, objs=0.0/s, last_udp=1.38s, meas=1, tracks=12, valid=0, master=1523
[LIVE] udp=0.0/s, objs=0.0/s, last_udp=2.39s, meas=1, tracks=12, valid=0, master=1523
[LIVE] udp=0.0/s, objs=0.0/s, last_udp=3.39s, meas=1, tracks=12, valid=0, master=1523
[LIVE] udp=0.0/s, objs=0.0/s, last_udp=4.39s, meas=1, tracks=12, valid=0, master=1523
[LIVE] udp=2.0/s, objs=3.0/s, last_udp=0.06s, meas=1, tracks=11, valid=0, master=1523
[LIVE] udp=1.0/s, objs=1.0/s, last_udp=0.69s, meas=1, tracks=12, valid=0, master=1523
[LIVE] udp=0.0/s, objs=0.0/s, last_udp=1.70s, meas=1, tracks=12, valid=0, master=1523
[LIVE] udp=0.0/s, objs=0.0/s, last_udp=2.70s, meas=1, tracks=12, valid=0, master=1523
[LIVE] udp=0.0/s, objs=0.0/s, last_udp=3.70s, meas=1, tracks=12, valid=0, master=1523
[GPS] GGA fix_quality=1, num_sats=22, hdop=0.7, lat=30.408124531, lon=104.0886173035
[LIVE] udp=1.0/s, objs=1.0/s, last_udp=0.38s, meas=1, tracks=7, valid=0, master=1523
[LIVE] udp=0.0/s, objs=0.0/s, last_udp=1.38s, meas=1, tracks=7, valid=0, master=1523
[LIVE] udp=3.0/s, objs=3.0/s, last_udp=0.39s, meas=1, tracks=5, valid=0, master=1523
[LIVE] udp=0.0/s, objs=0.0/s, last_udp=1.39s, meas=1, tracks=5, valid=0, master=1523
[LIVE] udp=2.0/s, objs=2.0/s, last_udp=0.31s, meas=1, tracks=5, valid=0, master=1523
[LIVE] udp=0.0/s, objs=0.0/s, last_udp=1.31s, meas=1, tracks=5, valid=0, master=1523
[LIVE] udp=0.0/s, objs=0.0/s, last_udp=2.31s, meas=1, tracks=5, valid=0, master=1523
[LIVE] udp=0.0/s, objs=0.0/s, last_udp=3.32s, meas=1, tracks=5, valid=0, master=1523
[LIVE] udp=0.0/s, objs=0.0/s, last_udp=4.32s, meas=1, tracks=5, valid=0, master=1523
[LIVE] udp=0.0/s, objs=0.0/s, last_udp=5.32s, meas=1, tracks=5, valid=0, master=1523
[GPS] GGA fix_quality=1, num_sats=20, hdop=0.8, lat=30.408121604, lon=104.088615458
[Warning] 逻辑ID 1 没有配置偏差数据
[LIVE] udp=1.0/s, objs=1.0/s, last_udp=0.20s, meas=0, tracks=4, valid=0, master=1523
[Warning] 逻辑ID 1 没有配置偏差数据
[LIVE] udp=1.0/s, objs=1.0/s, last_udp=0.73s, meas=0, tracks=4, valid=0, master=1523
[LIVE] udp=0.0/s, objs=0.0/s, last_udp=1.73s, meas=0, tracks=4, valid=0, master=1523
[LIVE] udp=0.0/s, objs=0.0/s, last_udp=2.73s, meas=0, tracks=4, valid=0, master=1523
[LIVE] udp=0.0/s, objs=0.0/s, last_udp=3.74s, meas=0, tracks=4, valid=0, master=1523
[LIVE] udp=0.0/s, objs=0.0/s, last_udp=4.74s, meas=0, tracks=4, valid=0, master=1523
[LIVE] udp=0.0/s, objs=0.0/s, last_udp=5.74s, meas=0, tracks=4, valid=0, master=1523
[Warning] 逻辑ID 1 没有配置偏差数据
[LIVE] udp=1.0/s, objs=1.0/s, last_udp=0.34s, meas=0, tracks=0, valid=0, master=1523
[Warning] 逻辑ID 1 没有配置偏差数据
[LIVE] udp=1.0/s, objs=1.0/s, last_udp=0.80s, meas=0, tracks=0, valid=0, master=1523
[LIVE] udp=0.0/s, objs=0.0/s, last_udp=1.80s, meas=0, tracks=0, valid=0, master=1523
[GPS] GGA fix_quality=1, num_sats=20, hdop=0.8, lat=30.408119114833333, lon=104.08861636916667
[LIVE] udp=0.0/s, objs=0.0/s, last_udp=2.81s, meas=0, tracks=0, valid=0, master=1523
[LIVE] udp=5.0/s, objs=5.0/s, last_udp=0.03s, meas=2, tracks=3, valid=0, master=1523
[LIVE] udp=3.0/s, objs=3.0/s, last_udp=0.00s, meas=1, tracks=7, valid=0, master=1523
[LIVE] udp=3.0/s, objs=3.0/s, last_udp=0.64s, meas=1, tracks=11, valid=0, master=1523
[LIVE] udp=2.0/s, objs=4.0/s, last_udp=0.46s, meas=2, tracks=13, valid=0, master=1523
[LIVE] udp=0.0/s, objs=0.0/s, last_udp=1.46s, meas=2, tracks=13, valid=0, master=1523
[LIVE] udp=0.0/s, objs=0.0/s, last_udp=2.47s, meas=2, tracks=13, valid=0, master=1523
[LIVE] udp=0.0/s, objs=0.0/s, last_udp=3.47s, meas=2, tracks=13, valid=0, master=1523
[LIVE] udp=1.0/s, objs=1.0/s, last_udp=0.13s, meas=2, tracks=13, valid=0, master=1523
[LIVE] udp=4.0/s, objs=4.0/s, last_udp=0.65s, meas=1, tracks=14, valid=0, master=1523
[GPS] GGA fix_quality=1, num_sats=18, hdop=0.8, lat=30.408118961833335, lon=104.08861639866667
[LIVE] udp=0.0/s, objs=0.0/s, last_udp=1.65s, meas=1, tracks=14, valid=0, master=1523
[LIVE] udp=2.0/s, objs=2.0/s, last_udp=0.05s, meas=0, tracks=14, valid=0, master=1523
[LIVE] udp=2.0/s, objs=2.0/s, last_udp=0.59s, meas=0, tracks=13, valid=0, master=1523
[LIVE] udp=0.0/s, objs=0.0/s, last_udp=1.59s, meas=0, tracks=13, valid=0, master=1523
[LIVE] udp=0.0/s, objs=0.0/s, last_udp=2.60s, meas=0, tracks=13, valid=0, master=1523
[LIVE] udp=0.0/s, objs=0.0/s, last_udp=3.60s, meas=0, tracks=13, valid=0, master=1523
[LIVE] udp=0.0/s, objs=0.0/s, last_udp=4.60s, meas=0, tracks=13, valid=0, master=1523
[LIVE] udp=2.0/s, objs=4.0/s, last_udp=0.49s, meas=2, tracks=9, valid=0, master=1523
[LIVE] udp=0.0/s, objs=0.0/s, last_udp=1.50s, meas=2, tracks=9, valid=0, master=1523
[LIVE] udp=0.0/s, objs=0.0/s, last_udp=2.50s, meas=2, tracks=9, valid=0, master=1523
[GPS] GGA fix_quality=1, num_sats=18, hdop=1.0, lat=30.4081188065, lon=104.08861598333333
[LIVE] udp=0.0/s, objs=0.0/s, last_udp=3.50s, meas=2, tracks=9, valid=0, master=1523
[LIVE] udp=0.0/s, objs=0.0/s, last_udp=4.51s, meas=2, tracks=9, valid=0, master=1523
[LIVE] udp=0.0/s, objs=0.0/s, last_udp=5.51s, meas=2, tracks=9, valid=0, master=1523
[LIVE] udp=0.0/s, objs=0.0/s, last_udp=6.52s, meas=2, tracks=9, valid=0, master=1523
[LIVE] udp=1.0/s, objs=1.0/s, last_udp=0.60s, meas=1, tracks=2, valid=0, master=1523
[LIVE] udp=0.0/s, objs=0.0/s, last_udp=1.61s, meas=1, tracks=2, valid=0, master=1523
[LIVE] udp=0.0/s, objs=0.0/s, last_udp=2.61s, meas=1, tracks=2, valid=0, master=1523
[LIVE] udp=0.0/s, objs=0.0/s, last_udp=3.62s, meas=1, tracks=2, valid=0, master=1523
[LIVE] udp=0.0/s, objs=0.0/s, last_udp=4.62s, meas=1, tracks=2, valid=0, master=1523
[LIVE] udp=0.0/s, objs=0.0/s, last_udp=5.62s, meas=1, tracks=2, valid=0, master=1523
[GPS] GGA fix_quality=1, num_sats=21, hdop=0.8, lat=30.408120149666665, lon=104.08860811933333
[LIVE] udp=0.0/s, objs=0.0/s, last_udp=6.62s, meas=1, tracks=2, valid=0, master=1523
[LIVE] udp=1.0/s, objs=1.0/s, last_udp=0.35s, meas=1, tracks=1, valid=1, master=1546
[LIVE] udp=0.0/s, objs=0.0/s, last_udp=1.35s, meas=1, tracks=1, valid=1, master=1546
[LIVE] udp=0.0/s, objs=0.0/s, last_udp=2.35s, meas=1, tracks=1, valid=1, master=1546
[LIVE] udp=0.0/s, objs=0.0/s, last_udp=3.36s, meas=1, tracks=1, valid=1, master=1546
[LIVE] udp=2.0/s, objs=2.0/s, last_udp=0.17s, meas=1, tracks=2, valid=0, master=1546
[LIVE] udp=1.0/s, objs=1.0/s, last_udp=0.08s, meas=1, tracks=2, valid=0, master=1546
[Warning] 逻辑ID 1 没有配置偏差数据
[Warning] 逻辑ID 1 没有配置偏差数据
[LIVE] udp=1.0/s, objs=1.0/s, last_udp=0.45s, meas=0, tracks=2, valid=0, master=1546
[Warning] 逻辑ID 1 没有配置偏差数据
[Warning] 逻辑ID 1 没有配置偏差数据
[LIVE] udp=2.0/s, objs=2.0/s, last_udp=0.83s, meas=0, tracks=2, valid=0, master=1546
[LIVE] udp=3.0/s, objs=3.0/s, last_udp=0.13s, meas=2, tracks=3, valid=0, master=1546
[GPS] GGA fix_quality=1, num_sats=20, hdop=0.8, lat=30.408116074, lon=104.08861275266666
[LIVE] udp=2.0/s, objs=2.0/s, last_udp=0.37s, meas=1, tracks=6, valid=0, master=1546
[LIVE] udp=1.0/s, objs=1.0/s, last_udp=0.96s, meas=1, tracks=7, valid=0, master=1546
[LIVE] udp=0.0/s, objs=0.0/s, last_udp=1.96s, meas=1, tracks=7, valid=0, master=1546
[LIVE] udp=0.0/s, objs=0.0/s, last_udp=2.96s, meas=1, tracks=7, valid=0, master=1546
[LIVE] udp=0.0/s, objs=0.0/s, last_udp=3.97s, meas=1, tracks=7, valid=0, master=1546
[LIVE] udp=0.0/s, objs=0.0/s, last_udp=4.97s, meas=1, tracks=7, valid=0, master=1546
[LIVE] udp=0.0/s, objs=0.0/s, last_udp=5.97s, meas=1, tracks=7, valid=0, master=1546
[Warning] 逻辑ID 1 没有配置偏差数据
[LIVE] udp=1.0/s, objs=1.0/s, last_udp=0.35s, meas=0, tracks=6, valid=0, master=1546
[LIVE] udp=0.0/s, objs=0.0/s, last_udp=1.35s, meas=0, tracks=6, valid=0, master=1546
[LIVE] udp=0.0/s, objs=0.0/s, last_udp=2.35s, meas=0, tracks=6, valid=0, master=1546
[GPS] GGA fix_quality=1, num_sats=21, hdop=0.8, lat=30.4081177555, lon=104.088615931
[LIVE] udp=0.0/s, objs=0.0/s, last_udp=3.35s, meas=0, tracks=6, valid=0, master=1546
[LIVE] udp=1.0/s, objs=1.0/s, last_udp=0.29s, meas=1, tracks=1, valid=0, master=1546
[LIVE] udp=0.0/s, objs=0.0/s, last_udp=1.29s, meas=1, tracks=1, valid=0, master=1546
[LIVE] udp=0.0/s, objs=0.0/s, last_udp=2.29s, meas=1, tracks=1, valid=0, master=1546
[Warning] 逻辑ID 1 没有配置偏差数据
[LIVE] udp=1.0/s, objs=1.0/s, last_udp=0.96s, meas=0, tracks=1, valid=0, master=1546
[LIVE] udp=0.0/s, objs=0.0/s, last_udp=1.96s, meas=0, tracks=1, valid=0, master=1546
[LIVE] udp=0.0/s, objs=0.0/s, last_udp=2.96s, meas=0, tracks=1, valid=0, master=1546
[LIVE] udp=0.0/s, objs=0.0/s, last_udp=3.96s, meas=0, tracks=1, valid=0, master=1546
[LIVE] udp=0.0/s, objs=0.0/s, last_udp=4.97s, meas=0, tracks=1, valid=0, master=1546
[Warning] 逻辑ID 1 没有配置偏差数据
[Warning] 逻辑ID 1 没有配置偏差数据
[LIVE] udp=5.0/s, objs=5.0/s, last_udp=0.12s, meas=0, tracks=2, valid=0, master=1546
[GPS] GGA fix_quality=1, num_sats=21, hdop=0.8, lat=30.40811836316667, lon=104.088611904
[LIVE] udp=1.0/s, objs=1.0/s, last_udp=0.32s, meas=1, tracks=4, valid=0, master=1546
[LIVE] udp=1.0/s, objs=1.0/s, last_udp=0.01s, meas=1, tracks=4, valid=0, master=1546
[Warning] 逻辑ID 1 没有配置偏差数据
[Warning] 逻辑ID 1 没有配置偏差数据
[LIVE] udp=1.0/s, objs=1.0/s, last_udp=0.25s, meas=0, tracks=3, valid=0, master=1546
[LIVE] udp=0.0/s, objs=0.0/s, last_udp=1.25s, meas=0, tracks=3, valid=0, master=1546
[LIVE] udp=3.0/s, objs=3.0/s, last_udp=0.19s, meas=2, tracks=5, valid=0, master=1546
[LIVE] udp=3.0/s, objs=3.0/s, last_udp=0.45s, meas=1, tracks=7, valid=0, master=1546
[LIVE] udp=4.0/s, objs=4.0/s, last_udp=0.26s, meas=0, tracks=9, valid=0, master=1546
[LIVE] udp=5.0/s, objs=6.0/s, last_udp=0.01s, meas=1, tracks=12, valid=0, master=1546
[LIVE] udp=4.0/s, objs=4.0/s, last_udp=0.11s, meas=1, tracks=14, valid=1, master=1564
[LIVE] udp=4.0/s, objs=4.0/s, last_udp=0.00s, meas=1, tracks=14, valid=1, master=1556
[GPS] GGA fix_quality=1, num_sats=22, hdop=0.8, lat=30.4081175155, lon=104.08861535933333
[LIVE] udp=3.0/s, objs=3.0/s, last_udp=0.51s, meas=1, tracks=14, valid=1, master=1556
[LIVE] udp=0.0/s, objs=0.0/s, last_udp=1.51s, meas=1, tracks=14, valid=1, master=1556
[LIVE] udp=0.0/s, objs=0.0/s, last_udp=2.52s, meas=1, tracks=14, valid=1, master=1556
[LIVE] udp=5.0/s, objs=5.0/s, last_udp=0.01s, meas=2, tracks=15, valid=0, master=1556
[LIVE] udp=3.0/s, objs=3.0/s, last_udp=0.15s, meas=1, tracks=15, valid=1, master=1557
[LIVE] udp=1.0/s, objs=1.0/s, last_udp=0.70s, meas=0, tracks=16, valid=0, master=1557
[LIVE] udp=0.0/s, objs=0.0/s, last_udp=1.71s, meas=0, tracks=16, valid=0, master=1557
[LIVE] udp=0.0/s, objs=0.0/s, last_udp=2.71s, meas=0, tracks=16, valid=0, master=1557
[LIVE] udp=2.0/s, objs=2.0/s, last_udp=0.04s, meas=0, tracks=9, valid=0, master=1557
[LIVE] udp=4.0/s, objs=4.0/s, last_udp=0.15s, meas=2, tracks=10, valid=0, master=1557
[GPS] GGA fix_quality=1, num_sats=21, hdop=0.8, lat=30.408115648333332, lon=104.0886150745
[LIVE] udp=3.0/s, objs=3.0/s, last_udp=0.43s, meas=1, tracks=10, valid=1, master=1573
[LIVE] udp=1.0/s, objs=1.0/s, last_udp=0.36s, meas=1, tracks=10, valid=0, master=1573
[LIVE] udp=5.0/s, objs=6.0/s, last_udp=0.68s, meas=4, tracks=13, valid=0, master=1573
[LIVE] udp=4.0/s, objs=4.0/s, last_udp=0.04s, meas=1, tracks=14, valid=0, master=1573
[LIVE] udp=1.0/s, objs=1.0/s, last_udp=0.65s, meas=1, tracks=14, valid=1, master=1572
[LIVE] udp=2.0/s, objs=2.0/s, last_udp=0.13s, meas=2, tracks=14, valid=0, master=1572
[LIVE] udp=1.0/s, objs=1.0/s, last_udp=0.06s, meas=2, tracks=14, valid=0, master=1572
[LIVE] udp=4.0/s, objs=4.0/s, last_udp=0.18s, meas=2, tracks=12, valid=1, master=1572
[LIVE] udp=6.0/s, objs=6.0/s, last_udp=0.24s, meas=2, tracks=13, valid=2, master=1580
[Warning] 逻辑ID 1 没有配置偏差数据
[Warning] 逻辑ID 1 没有配置偏差数据
[LIVE] udp=5.0/s, objs=5.0/s, last_udp=0.50s, meas=1, tracks=13, valid=1, master=1581
[GPS] GGA fix_quality=1, num_sats=22, hdop=0.8, lat=30.408114722666667, lon=104.08861479316667
[LIVE] udp=3.0/s, objs=3.0/s, last_udp=0.07s, meas=1, tracks=13, valid=1, master=1580
[LIVE] udp=2.0/s, objs=2.0/s, last_udp=0.55s, meas=2, tracks=13, valid=1, master=1580
[LIVE] udp=1.0/s, objs=1.0/s, last_udp=0.52s, meas=1, tracks=10, valid=1, master=1580
[LIVE] udp=0.0/s, objs=0.0/s, last_udp=1.52s, meas=1, tracks=10, valid=1, master=1580
[LIVE] udp=2.0/s, objs=2.0/s, last_udp=0.41s, meas=2, tracks=8, valid=0, master=1580
[LIVE] udp=2.0/s, objs=2.0/s, last_udp=0.56s, meas=1, tracks=7, valid=1, master=1578
[LIVE] udp=0.0/s, objs=0.0/s, last_udp=1.56s, meas=1, tracks=7, valid=1, master=1578
[LIVE] udp=2.0/s, objs=2.0/s, last_udp=0.09s, meas=1, tracks=6, valid=0, master=1578
[LIVE] udp=7.0/s, objs=7.0/s, last_udp=0.05s, meas=2, tracks=8, valid=0, master=1578
[LIVE] udp=5.0/s, objs=5.0/s, last_udp=0.08s, meas=2, tracks=9, valid=1, master=1586
[GPS] GGA fix_quality=1, num_sats=17, hdop=1.3, lat=30.408118858166667, lon=104.08861705683333
[LIVE] udp=4.0/s, objs=4.0/s, last_udp=0.11s, meas=1, tracks=11, valid=0, master=1585
[LIVE] udp=8.0/s, objs=8.0/s, last_udp=0.04s, meas=3, tracks=13, valid=0, master=1585
[LIVE] udp=4.0/s, objs=4.0/s, last_udp=0.54s, meas=2, tracks=16, valid=0, master=1583
[Warning] 逻辑ID 1 没有配置偏差数据
[Warning] 逻辑ID 1 没有配置偏差数据
[LIVE] udp=4.0/s, objs=4.0/s, last_udp=0.23s, meas=1, tracks=18, valid=0, master=1583
[LIVE] udp=0.0/s, objs=0.0/s, last_udp=1.24s, meas=1, tracks=18, valid=0, master=1583
[LIVE] udp=0.0/s, objs=0.0/s, last_udp=2.24s, meas=1, tracks=18, valid=0, master=1583
[LIVE] udp=6.0/s, objs=6.0/s, last_udp=0.07s, meas=2, tracks=17, valid=0, master=1583
[Warning] 逻辑ID 1 没有配置偏差数据
[LIVE] udp=5.0/s, objs=5.0/s, last_udp=0.07s, meas=2, tracks=16, valid=2, master=1591
[LIVE] udp=3.0/s, objs=3.0/s, last_udp=0.10s, meas=1, tracks=16, valid=1, master=1597
[Warning] 逻辑ID 1 没有配置偏差数据
[Warning] 逻辑ID 1 没有配置偏差数据
[LIVE] udp=4.0/s, objs=4.0/s, last_udp=0.07s, meas=1, tracks=16, valid=1, master=1597
[GPS] GGA fix_quality=1, num_sats=20, hdop=0.8, lat=30.408115450333334, lon=104.0886284465
[LIVE] udp=1.0/s, objs=1.0/s, last_udp=0.26s, meas=1, tracks=16, valid=1, master=1597
[LIVE] udp=6.0/s, objs=6.0/s, last_udp=0.18s, meas=3, tracks=16, valid=1, master=1597
[LIVE] udp=3.0/s, objs=3.0/s, last_udp=0.36s, meas=1, tracks=14, valid=1, master=1597
[LIVE] udp=4.0/s, objs=4.0/s, last_udp=0.18s, meas=1, tracks=12, valid=0, master=1597
[LIVE] udp=0.0/s, objs=0.0/s, last_udp=1.18s, meas=0, tracks=11, valid=0, master=1597
[LIVE] udp=0.0/s, objs=0.0/s, last_udp=2.18s, meas=0, tracks=11, valid=0, master=1597
[LIVE] udp=2.0/s, objs=2.0/s, last_udp=0.15s, meas=1, tracks=4, valid=0, master=1597
[LIVE] udp=1.0/s, objs=1.0/s, last_udp=0.77s, meas=1, tracks=4, valid=1, master=1598
[LIVE] udp=0.0/s, objs=0.0/s, last_udp=1.77s, meas=1, tracks=4, valid=1, master=1598
[LIVE] udp=0.0/s, objs=0.0/s, last_udp=2.77s, meas=1, tracks=4, valid=1, master=1598
[GPS] GGA fix_quality=1, num_sats=20, hdop=0.8, lat=30.408116783166665, lon=104.088633066
[LIVE] udp=0.0/s, objs=0.0/s, last_udp=3.77s, meas=1, tracks=4, valid=1, master=1598
[LIVE] udp=0.0/s, objs=0.0/s, last_udp=4.78s, meas=1, tracks=4, valid=1, master=1598
[LIVE] udp=0.0/s, objs=0.0/s, last_udp=5.78s, meas=1, tracks=4, valid=1, master=1598
[LIVE] udp=0.0/s, objs=0.0/s, last_udp=6.78s, meas=1, tracks=4, valid=1, master=1598
[LIVE] udp=0.0/s, objs=0.0/s, last_udp=7.79s, meas=1, tracks=4, valid=1, master=1598
[LIVE] udp=1.0/s, objs=1.0/s, last_udp=0.21s, meas=1, tracks=1, valid=1, master=1598
[LIVE] udp=1.0/s, objs=1.0/s, last_udp=0.57s, meas=1, tracks=1, valid=1, master=1598
[LIVE] udp=1.0/s, objs=1.0/s, last_udp=0.04s, meas=1, tracks=1, valid=1, master=1598
[LIVE] udp=4.0/s, objs=4.0/s, last_udp=0.16s, meas=1, tracks=2, valid=1, master=1599
[LIVE] udp=7.0/s, objs=7.0/s, last_udp=0.15s, meas=2, tracks=4, valid=0, master=1599
[GPS] GGA fix_quality=1, num_sats=21, hdop=0.8, lat=30.4081168025, lon=104.08863094716666
[LIVE] udp=9.0/s, objs=9.0/s, last_udp=0.13s, meas=2, tracks=4, valid=1, master=1600
[LIVE] udp=5.0/s, objs=5.0/s, last_udp=0.17s, meas=2, tracks=5, valid=1, master=1601
[LIVE] udp=2.0/s, objs=2.0/s, last_udp=0.71s, meas=2, tracks=5, valid=1, master=1601
[LIVE] udp=0.0/s, objs=0.0/s, last_udp=1.71s, meas=2, tracks=5, valid=1, master=1601
[LIVE] udp=1.0/s, objs=1.0/s, last_udp=0.32s, meas=1, tracks=5, valid=0, master=1601
[LIVE] udp=1.0/s, objs=1.0/s, last_udp=1.00s, meas=1, tracks=5, valid=0, master=1601
[LIVE] udp=0.0/s, objs=0.0/s, last_udp=2.00s, meas=1, tracks=5, valid=0, master=1601
[LIVE] udp=0.0/s, objs=0.0/s, last_udp=3.00s, meas=1, tracks=5, valid=0, master=1601
[LIVE] udp=2.0/s, objs=2.0/s, last_udp=0.14s, meas=1, tracks=5, valid=0, master=1601
[LIVE] udp=4.0/s, objs=5.0/s, last_udp=0.18s, meas=1, tracks=6, valid=1, master=1603
[GPS] GGA fix_quality=1, num_sats=21, hdop=0.8, lat=30.4081177015, lon=104.08863795233333
[LIVE] udp=9.0/s, objs=10.0/s, last_udp=0.03s, meas=4, tracks=9, valid=2, master=1605
[LIVE] udp=8.0/s, objs=9.0/s, last_udp=0.03s, meas=2, tracks=9, valid=1, master=1607
[LIVE] udp=3.0/s, objs=5.0/s, last_udp=0.35s, meas=1, tracks=8, valid=1, master=1607
[LIVE] udp=2.0/s, objs=2.0/s, last_udp=0.80s, meas=2, tracks=8, valid=1, master=1607
[LIVE] udp=0.0/s, objs=0.0/s, last_udp=1.80s, meas=2, tracks=8, valid=1, master=1607
[LIVE] udp=2.0/s, objs=2.0/s, last_udp=0.25s, meas=1, tracks=8, valid=0, master=1607
[LIVE] udp=2.0/s, objs=2.0/s, last_udp=0.73s, meas=1, tracks=10, valid=0, master=1607
[LIVE] udp=0.0/s, objs=0.0/s, last_udp=1.73s, meas=1, tracks=10, valid=0, master=1607
[LIVE] udp=5.0/s, objs=5.0/s, last_udp=0.27s, meas=1, tracks=11, valid=0, master=1607
[LIVE] udp=4.0/s, objs=4.0/s, last_udp=0.30s, meas=2, tracks=13, valid=0, master=1607
[GPS] GGA fix_quality=1, num_sats=21, hdop=0.8, lat=30.408113256166665, lon=104.08862780083334
[LIVE] udp=6.0/s, objs=6.0/s, last_udp=0.10s, meas=3, tracks=13, valid=0, master=1613
[LIVE] udp=7.0/s, objs=7.0/s, last_udp=0.31s, meas=1, tracks=12, valid=1, master=1612
[LIVE] udp=3.0/s, objs=3.0/s, last_udp=0.02s, meas=1, tracks=12, valid=1, master=1612
[LIVE] udp=8.0/s, objs=8.0/s, last_udp=0.24s, meas=1, tracks=11, valid=1, master=1607
[LIVE] udp=5.0/s, objs=5.0/s, last_udp=0.15s, meas=1, tracks=11, valid=1, master=1607
[LIVE] udp=4.0/s, objs=4.0/s, last_udp=0.10s, meas=1, tracks=9, valid=0, master=1606
[LIVE] udp=4.0/s, objs=4.0/s, last_udp=0.12s, meas=1, tracks=10, valid=0, master=1608
[LIVE] udp=4.0/s, objs=4.0/s, last_udp=0.13s, meas=2, tracks=10, valid=2, master=1608
[LIVE] udp=3.0/s, objs=3.0/s, last_udp=0.01s, meas=1, tracks=10, valid=1, master=1608
[LIVE] udp=3.0/s, objs=3.0/s, last_udp=0.01s, meas=2, tracks=8, valid=1, master=1608
[GPS] GGA fix_quality=1, num_sats=20, hdop=0.8, lat=30.408113586333332, lon=104.08863452166666
[LIVE] udp=7.0/s, objs=7.0/s, last_udp=0.18s, meas=2, tracks=8, valid=2, master=1608
[LIVE] udp=6.0/s, objs=7.0/s, last_udp=0.13s, meas=3, tracks=8, valid=1, master=1607
[LIVE] udp=5.0/s, objs=5.0/s, last_udp=0.04s, meas=2, tracks=8, valid=1, master=1607
[LIVE] udp=6.0/s, objs=6.0/s, last_udp=0.21s, meas=2, tracks=7, valid=2, master=1616
[LIVE] udp=9.0/s, objs=9.0/s, last_udp=0.03s, meas=2, tracks=8, valid=2, master=1616
[LIVE] udp=2.0/s, objs=2.0/s, last_udp=0.33s, meas=1, tracks=8, valid=1, master=1617
[LIVE] udp=6.0/s, objs=6.0/s, last_udp=0.26s, meas=1, tracks=9, valid=0, master=1607
[LIVE] udp=9.0/s, objs=10.0/s, last_udp=0.02s, meas=3, tracks=10, valid=2, master=1619
[LIVE] udp=8.0/s, objs=8.0/s, last_udp=0.06s, meas=2, tracks=11, valid=1, master=1607
[LIVE] udp=8.0/s, objs=8.0/s, last_udp=0.15s, meas=2, tracks=10, valid=1, master=1607
[GPS] GGA fix_quality=1, num_sats=20, hdop=1.0, lat=30.408115395333333, lon=104.088632066
[LIVE] udp=10.9/s, objs=10.9/s, last_udp=0.00s, meas=3, tracks=10, valid=3, master=1621
[LIVE] udp=10.0/s, objs=10.0/s, last_udp=0.13s, meas=2, tracks=10, valid=1, master=1614
[LIVE] udp=15.9/s, objs=15.9/s, last_udp=0.08s, meas=3, tracks=12, valid=2, master=1620
[LIVE] udp=15.0/s, objs=15.0/s, last_udp=0.00s, meas=2, tracks=13, valid=1, master=1622
[LIVE] udp=15.0/s, objs=15.0/s, last_udp=0.09s, meas=4, tracks=17, valid=1, master=1607
[LIVE] udp=8.0/s, objs=8.0/s, last_udp=0.01s, meas=1, tracks=16, valid=1, master=1628
[LIVE] udp=11.0/s, objs=11.0/s, last_udp=0.16s, meas=3, tracks=16, valid=1, master=1627
[LIVE] udp=1.0/s, objs=1.0/s, last_udp=0.07s, meas=3, tracks=16, valid=1, master=1627
[LIVE] udp=5.0/s, objs=5.0/s, last_udp=0.11s, meas=1, tracks=17, valid=1, master=1629
[LIVE] udp=8.0/s, objs=8.0/s, last_udp=0.12s, meas=2, tracks=17, valid=2, master=1629
[GPS] GGA fix_quality=1, num_sats=21, hdop=0.8, lat=30.4081127955, lon=104.08862601416666
[LIVE] udp=13.0/s, objs=13.0/s, last_udp=0.02s, meas=2, tracks=16, valid=2, master=1607
[LIVE] udp=12.9/s, objs=13.9/s, last_udp=0.02s, meas=5, tracks=17, valid=4, master=1628
[LIVE] udp=17.9/s, objs=17.9/s, last_udp=0.03s, meas=5, tracks=23, valid=3, master=1628
[LIVE] udp=13.0/s, objs=13.0/s, last_udp=0.03s, meas=2, tracks=23, valid=1, master=1617
[LIVE] udp=9.0/s, objs=9.0/s, last_udp=0.21s, meas=1, tracks=23, valid=1, master=1617
[LIVE] udp=10.0/s, objs=10.0/s, last_udp=0.03s, meas=5, tracks=23, valid=2, master=1631
[LIVE] udp=10.0/s, objs=10.0/s, last_udp=0.07s, meas=2, tracks=21, valid=2, master=1607
[LIVE] udp=12.9/s, objs=13.9/s, last_udp=0.18s, meas=4, tracks=21, valid=2, master=1607
[LIVE] udp=19.9/s, objs=19.9/s, last_udp=0.02s, meas=5, tracks=21, valid=2, master=1631
[LIVE] udp=19.0/s, objs=21.0/s, last_udp=0.03s, meas=4, tracks=20, valid=1, master=1633
[GPS] GGA fix_quality=1, num_sats=21, hdop=0.7, lat=30.408111899, lon=104.08862348533333
[LIVE] udp=14.0/s, objs=14.0/s, last_udp=0.00s, meas=3, tracks=21, valid=2, master=1641
[LIVE] udp=16.9/s, objs=16.9/s, last_udp=0.04s, meas=6, tracks=21, valid=4, master=1641
[LIVE] udp=14.0/s, objs=14.0/s, last_udp=0.03s, meas=3, tracks=22, valid=2, master=1607
[LIVE] udp=13.0/s, objs=13.0/s, last_udp=0.02s, meas=2, tracks=23, valid=1, master=1643
[LIVE] udp=18.9/s, objs=20.9/s, last_udp=0.03s, meas=5, tracks=25, valid=2, master=1607
[LIVE] udp=12.0/s, objs=13.0/s, last_udp=0.08s, meas=4, tracks=25, valid=2, master=1607
[LIVE] udp=10.0/s, objs=10.0/s, last_udp=0.06s, meas=2, tracks=23, valid=2, master=1607
[LIVE] udp=10.0/s, objs=10.0/s, last_udp=0.08s, meas=3, tracks=23, valid=3, master=1607
[LIVE] udp=16.0/s, objs=17.0/s, last_udp=0.04s, meas=4, tracks=23, valid=2, master=1607
[LIVE] udp=13.0/s, objs=19.0/s, last_udp=0.08s, meas=3, tracks=22, valid=2, master=1607
[GPS] GGA fix_quality=1, num_sats=20, hdop=0.8, lat=30.408114055166667, lon=104.088623379
[LIVE] udp=18.0/s, objs=19.0/s, last_udp=0.16s, meas=6, tracks=24, valid=4, master=1607
[LIVE] udp=20.0/s, objs=21.0/s, last_udp=0.10s, meas=5, tracks=24, valid=3, master=1607
[LIVE] udp=15.0/s, objs=16.0/s, last_udp=0.02s, meas=4, tracks=24, valid=3, master=1652
[LIVE] udp=14.0/s, objs=14.0/s, last_udp=0.02s, meas=3, tracks=26, valid=3, master=1607
[LIVE] udp=10.0/s, objs=10.0/s, last_udp=0.00s, meas=2, tracks=24, valid=1, master=1652
[LIVE] udp=16.0/s, objs=16.0/s, last_udp=0.06s, meas=3, tracks=25, valid=2, master=1607
[LIVE] udp=11.0/s, objs=11.0/s, last_udp=0.06s, meas=2, tracks=24, valid=1, master=1607
[LIVE] udp=11.0/s, objs=11.0/s, last_udp=0.02s, meas=3, tracks=23, valid=2, master=1635
[LIVE] udp=12.0/s, objs=12.0/s, last_udp=0.05s, meas=5, tracks=19, valid=3, master=1635
[LIVE] udp=11.9/s, objs=11.9/s, last_udp=0.11s, meas=2, tracks=19, valid=2, master=1658
[GPS] GGA fix_quality=1, num_sats=20, hdop=0.8, lat=30.408119500166666, lon=104.0886194265
[LIVE] udp=9.9/s, objs=9.9/s, last_udp=0.03s, meas=2, tracks=19, valid=2, master=1658
[LIVE] udp=10.0/s, objs=10.0/s, last_udp=0.13s, meas=2, tracks=19, valid=2, master=1656
[LIVE] udp=16.9/s, objs=16.9/s, last_udp=0.01s, meas=3, tracks=19, valid=3, master=1658
[LIVE] udp=8.0/s, objs=8.0/s, last_udp=0.05s, meas=2, tracks=20, valid=1, master=1658
[LIVE] udp=15.0/s, objs=15.0/s, last_udp=0.06s, meas=3, tracks=19, valid=2, master=1658
[LIVE] udp=10.0/s, objs=10.0/s, last_udp=0.08s, meas=2, tracks=18, valid=2, master=1658
[LIVE] udp=11.0/s, objs=11.0/s, last_udp=0.04s, meas=2, tracks=17, valid=1, master=1658
[LIVE] udp=9.0/s, objs=9.0/s, last_udp=0.10s, meas=1, tracks=16, valid=1, master=1658
[LIVE] udp=8.0/s, objs=9.0/s, last_udp=0.10s, meas=2, tracks=16, valid=2, master=1607
[LIVE] udp=6.0/s, objs=6.0/s, last_udp=0.27s, meas=2, tracks=15, valid=1, master=1658
[GPS] GGA fix_quality=1, num_sats=20, hdop=0.8, lat=30.408122654, lon=104.0886223795
[LIVE] udp=7.0/s, objs=7.0/s, last_udp=0.00s, meas=1, tracks=15, valid=1, master=1658
[LIVE] udp=8.0/s, objs=8.0/s, last_udp=0.07s, meas=1, tracks=15, valid=1, master=1658
[LIVE] udp=5.0/s, objs=5.0/s, last_udp=0.17s, meas=2, tracks=15, valid=2, master=1658
[LIVE] udp=6.0/s, objs=6.0/s, last_udp=0.08s, meas=1, tracks=14, valid=1, master=1658
[LIVE] udp=5.0/s, objs=5.0/s, last_udp=0.21s, meas=1, tracks=14, valid=1, master=1658
[LIVE] udp=8.0/s, objs=9.0/s, last_udp=0.06s, meas=3, tracks=15, valid=1, master=1658
[LIVE] udp=5.0/s, objs=5.0/s, last_udp=0.16s, meas=1, tracks=14, valid=1, master=1658
[LIVE] udp=5.0/s, objs=5.0/s, last_udp=0.07s, meas=2, tracks=14, valid=1, master=1658
[LIVE] udp=3.0/s, objs=3.0/s, last_udp=0.10s, meas=1, tracks=14, valid=1, master=1658
[LIVE] udp=7.0/s, objs=7.0/s, last_udp=0.12s, meas=2, tracks=13, valid=1, master=1658
[GPS] GGA fix_quality=1, num_sats=20, hdop=0.8, lat=30.408126634166667, lon=104.08861798533333
[LIVE] udp=9.0/s, objs=9.0/s, last_udp=0.04s, meas=2, tracks=13, valid=2, master=1658
[LIVE] udp=8.0/s, objs=8.0/s, last_udp=0.20s, meas=2, tracks=12, valid=2, master=1658
[LIVE] udp=8.0/s, objs=8.0/s, last_udp=0.05s, meas=2, tracks=10, valid=2, master=1658
[LIVE] udp=6.0/s, objs=7.0/s, last_udp=0.28s, meas=1, tracks=11, valid=1, master=1658
[LIVE] udp=7.0/s, objs=7.0/s, last_udp=0.16s, meas=2, tracks=12, valid=1, master=1658
[LIVE] udp=5.0/s, objs=6.0/s, last_udp=0.24s, meas=1, tracks=13, valid=1, master=1658
[LIVE] udp=6.0/s, objs=6.0/s, last_udp=0.05s, meas=2, tracks=12, valid=1, master=1658
[LIVE] udp=6.0/s, objs=6.0/s, last_udp=0.03s, meas=1, tracks=13, valid=1, master=1658
[LIVE] udp=6.0/s, objs=6.0/s, last_udp=0.02s, meas=1, tracks=13, valid=1, master=1658
[LIVE] udp=6.0/s, objs=6.0/s, last_udp=0.12s, meas=2, tracks=14, valid=1, master=1658
[GPS] GGA fix_quality=1, num_sats=19, hdop=0.8, lat=30.4081276345, lon=104.08862234566666
[Warning] 逻辑ID 1 没有配置偏差数据
[Warning] 逻辑ID 1 没有配置偏差数据
[LIVE] udp=11.0/s, objs=11.0/s, last_udp=0.07s, meas=1, tracks=16, valid=1, master=1658
[LIVE] udp=4.0/s, objs=4.0/s, last_udp=0.26s, meas=1, tracks=15, valid=1, master=1658
[LIVE] udp=1.0/s, objs=1.0/s, last_udp=0.43s, meas=1, tracks=15, valid=1, master=1658
[LIVE] udp=2.0/s, objs=2.0/s, last_udp=0.16s, meas=1, tracks=15, valid=1, master=1658
[LIVE] udp=3.0/s, objs=3.0/s, last_udp=0.12s, meas=1, tracks=15, valid=1, master=1658
[LIVE] udp=4.0/s, objs=4.0/s, last_udp=0.25s, meas=1, tracks=15, valid=1, master=1658
[LIVE] udp=2.0/s, objs=2.0/s, last_udp=0.34s, meas=1, tracks=11, valid=1, master=1658
[LIVE] udp=5.0/s, objs=5.0/s, last_udp=0.17s, meas=1, tracks=9, valid=1, master=1658
[LIVE] udp=12.0/s, objs=12.0/s, last_udp=0.00s, meas=3, tracks=11, valid=1, master=1658
[LIVE] udp=4.0/s, objs=4.0/s, last_udp=0.18s, meas=2, tracks=11, valid=1, master=1658
[GPS] GGA fix_quality=1, num_sats=18, hdop=1.0, lat=30.408120390166665, lon=104.08862593133334
[LIVE] udp=4.0/s, objs=4.0/s, last_udp=0.11s, meas=1, tracks=11, valid=1, master=1658
[LIVE] udp=5.0/s, objs=5.0/s, last_udp=0.05s, meas=1, tracks=11, valid=1, master=1658
[LIVE] udp=3.0/s, objs=3.0/s, last_udp=0.24s, meas=1, tracks=10, valid=1, master=1658
[LIVE] udp=4.0/s, objs=4.0/s, last_udp=0.22s, meas=1, tracks=7, valid=1, master=1658
[LIVE] udp=9.0/s, objs=11.0/s, last_udp=0.04s, meas=3, tracks=8, valid=1, master=1658
[LIVE] udp=6.0/s, objs=6.0/s, last_udp=0.20s, meas=1, tracks=10, valid=1, master=1658
[LIVE] udp=10.0/s, objs=10.0/s, last_udp=0.15s, meas=2, tracks=10, valid=1, master=1658
[LIVE] udp=5.0/s, objs=5.0/s, last_udp=0.18s, meas=1, tracks=10, valid=1, master=1658
[LIVE] udp=3.0/s, objs=3.0/s, last_udp=0.21s, meas=1, tracks=10, valid=1, master=1658
[LIVE] udp=5.0/s, objs=5.0/s, last_udp=0.05s, meas=1, tracks=10, valid=1, master=1658
[GPS] GGA fix_quality=1, num_sats=19, hdop=0.8, lat=30.4081140335, lon=104.08862630366667
[LIVE] udp=5.0/s, objs=5.0/s, last_udp=0.21s, meas=1, tracks=10, valid=1, master=1658
[LIVE] udp=3.0/s, objs=3.0/s, last_udp=0.11s, meas=1, tracks=10, valid=1, master=1658
[LIVE] udp=5.0/s, objs=5.0/s, last_udp=0.07s, meas=2, tracks=8, valid=1, master=1658
[LIVE] udp=4.0/s, objs=4.0/s, last_udp=0.23s, meas=1, tracks=9, valid=1, master=1658
[LIVE] udp=4.0/s, objs=4.0/s, last_udp=0.33s, meas=1, tracks=9, valid=1, master=1658
[LIVE] udp=6.0/s, objs=6.0/s, last_udp=0.01s, meas=1, tracks=9, valid=1, master=1658
[LIVE] udp=7.0/s, objs=7.0/s, last_udp=0.01s, meas=1, tracks=9, valid=1, master=1658
[LIVE] udp=6.0/s, objs=6.0/s, last_udp=0.11s, meas=2, tracks=10, valid=1, master=1658
[LIVE] udp=3.0/s, objs=3.0/s, last_udp=0.05s, meas=1, tracks=7, valid=1, master=1658
[LIVE] udp=3.0/s, objs=3.0/s, last_udp=0.39s, meas=1, tracks=7, valid=1, master=1658
[GPS] GGA fix_quality=1, num_sats=20, hdop=0.8, lat=30.408110546, lon=104.0886397925
[LIVE] udp=6.0/s, objs=6.0/s, last_udp=0.09s, meas=1, tracks=6, valid=1, master=1658
[LIVE] udp=6.0/s, objs=6.0/s, last_udp=0.08s, meas=1, tracks=6, valid=1, master=1658
[LIVE] udp=5.0/s, objs=5.0/s, last_udp=0.20s, meas=1, tracks=6, valid=1, master=1658
[LIVE] udp=5.0/s, objs=5.0/s, last_udp=0.10s, meas=1, tracks=6, valid=1, master=1658
[LIVE] udp=3.0/s, objs=3.0/s, last_udp=0.22s, meas=1, tracks=6, valid=1, master=1658
[LIVE] udp=6.0/s, objs=6.0/s, last_udp=0.01s, meas=1, tracks=6, valid=1, master=1658
[Warning] 逻辑ID 1 没有配置偏差数据
[Warning] 逻辑ID 1 没有配置偏差数据
[Warning] 逻辑ID 1 没有配置偏差数据
[Warning] 逻辑ID 1 没有配置偏差数据
[Warning] 逻辑ID 1 没有配置偏差数据
[Warning] 逻辑ID 1 没有配置偏差数据
[LIVE] udp=10.9/s, objs=10.9/s, last_udp=0.12s, meas=2, tracks=5, valid=1, master=1658
[LIVE] udp=3.0/s, objs=3.0/s, last_udp=0.20s, meas=1, tracks=4, valid=1, master=1658
[LIVE] udp=4.0/s, objs=4.0/s, last_udp=0.12s, meas=1, tracks=4, valid=1, master=1658
[LIVE] udp=5.0/s, objs=5.0/s, last_udp=0.22s, meas=1, tracks=4, valid=1, master=1658
[GPS] GGA fix_quality=1, num_sats=20, hdop=0.8, lat=30.408118166833333, lon=104.08864050316667
[LIVE] udp=3.0/s, objs=3.0/s, last_udp=0.10s, meas=1, tracks=3, valid=1, master=1658
[LIVE] udp=2.0/s, objs=2.0/s, last_udp=0.09s, meas=1, tracks=3, valid=1, master=1658
[LIVE] udp=4.0/s, objs=4.0/s, last_udp=0.25s, meas=1, tracks=3, valid=1, master=1658
[LIVE] udp=4.0/s, objs=4.0/s, last_udp=0.11s, meas=1, tracks=3, valid=1, master=1658
[LIVE] udp=5.0/s, objs=5.0/s, last_udp=0.22s, meas=1, tracks=3, valid=1, master=1658
[LIVE] udp=5.0/s, objs=5.0/s, last_udp=0.25s, meas=1, tracks=3, valid=1, master=1658
[Warning] 逻辑ID 1 没有配置偏差数据
[LIVE] udp=5.0/s, objs=5.0/s, last_udp=0.02s, meas=1, tracks=3, valid=1, master=1658
[LIVE] udp=4.0/s, objs=4.0/s, last_udp=0.15s, meas=1, tracks=3, valid=1, master=1658
[LIVE] udp=7.0/s, objs=7.0/s, last_udp=0.02s, meas=2, tracks=6, valid=1, master=1658
[LIVE] udp=4.0/s, objs=4.0/s, last_udp=0.10s, meas=1, tracks=6, valid=1, master=1658
[GPS] GGA fix_quality=1, num_sats=20, hdop=0.8, lat=30.408119860333333, lon=104.08864188083334
[LIVE] udp=3.0/s, objs=3.0/s, last_udp=0.13s, meas=1, tracks=5, valid=1, master=1658
[LIVE] udp=2.0/s, objs=2.0/s, last_udp=0.44s, meas=1, tracks=5, valid=1, master=1658
[LIVE] udp=6.0/s, objs=6.0/s, last_udp=0.05s, meas=1, tracks=5, valid=1, master=1658
[LIVE] udp=2.0/s, objs=2.0/s, last_udp=0.20s, meas=1, tracks=5, valid=1, master=1658
[LIVE] udp=4.0/s, objs=4.0/s, last_udp=0.08s, meas=1, tracks=5, valid=1, master=1658
[LIVE] udp=4.0/s, objs=4.0/s, last_udp=0.16s, meas=1, tracks=5, valid=1, master=1658
[LIVE] udp=5.0/s, objs=5.0/s, last_udp=0.09s, meas=1, tracks=4, valid=1, master=1658
[LIVE] udp=7.0/s, objs=7.0/s, last_udp=0.05s, meas=1, tracks=5, valid=1, master=1658
[LIVE] udp=8.0/s, objs=8.0/s, last_udp=0.05s, meas=2, tracks=7, valid=1, master=1658
[LIVE] udp=4.0/s, objs=4.0/s, last_udp=0.20s, meas=2, tracks=9, valid=1, master=1658
[GPS] GGA fix_quality=1, num_sats=19, hdop=0.8, lat=30.408121148166668, lon=104.08864119
[Warning] 逻辑ID 1 没有配置偏差数据
[LIVE] udp=5.0/s, objs=5.0/s, last_udp=0.30s, meas=1, tracks=9, valid=1, master=1658
[LIVE] udp=5.0/s, objs=5.0/s, last_udp=0.27s, meas=1, tracks=7, valid=1, master=1658
[LIVE] udp=3.0/s, objs=3.0/s, last_udp=0.12s, meas=1, tracks=7, valid=1, master=1658
[LIVE] udp=5.0/s, objs=5.0/s, last_udp=0.04s, meas=1, tracks=8, valid=1, master=1658
[LIVE] udp=3.0/s, objs=3.0/s, last_udp=0.19s, meas=1, tracks=8, valid=1, master=1658
[LIVE] udp=4.0/s, objs=4.0/s, last_udp=0.19s, meas=1, tracks=8, valid=1, master=1658
[LIVE] udp=6.0/s, objs=6.0/s, last_udp=0.02s, meas=1, tracks=8, valid=1, master=1658
[LIVE] udp=5.0/s, objs=5.0/s, last_udp=0.23s, meas=1, tracks=8, valid=1, master=1658
[LIVE] udp=8.0/s, objs=9.0/s, last_udp=0.08s, meas=3, tracks=8, valid=1, master=1658
[GPS] GGA fix_quality=1, num_sats=18, hdop=1.0, lat=30.4081186235, lon=104.088648171
[LIVE] udp=4.0/s, objs=4.0/s, last_udp=0.06s, meas=1, tracks=8, valid=1, master=1658
[LIVE] udp=4.0/s, objs=4.0/s, last_udp=0.00s, meas=1, tracks=8, valid=1, master=1658
[LIVE] udp=4.0/s, objs=4.0/s, last_udp=0.19s, meas=1, tracks=5, valid=1, master=1658
[LIVE] udp=4.0/s, objs=4.0/s, last_udp=0.22s, meas=1, tracks=5, valid=1, master=1658
[LIVE] udp=5.0/s, objs=5.0/s, last_udp=0.06s, meas=1, tracks=4, valid=1, master=1658
[LIVE] udp=4.0/s, objs=4.0/s, last_udp=0.19s, meas=1, tracks=4, valid=1, master=1658
[LIVE] udp=5.0/s, objs=5.0/s, last_udp=0.15s, meas=1, tracks=4, valid=1, master=1658
[LIVE] udp=4.0/s, objs=4.0/s, last_udp=0.14s, meas=1, tracks=4, valid=1, master=1658
[LIVE] udp=5.0/s, objs=5.0/s, last_udp=0.11s, meas=1, tracks=4, valid=1, master=1658
[LIVE] udp=4.0/s, objs=4.0/s, last_udp=0.32s, meas=1, tracks=4, valid=1, master=1658
[GPS] GGA fix_quality=1, num_sats=20, hdop=0.8, lat=30.4081175435, lon=104.08865182533333
[LIVE] udp=4.0/s, objs=4.0/s, last_udp=0.25s, meas=1, tracks=4, valid=1, master=1658
[LIVE] udp=3.0/s, objs=3.0/s, last_udp=0.00s, meas=1, tracks=4, valid=1, master=1658
[LIVE] udp=2.0/s, objs=2.0/s, last_udp=0.18s, meas=1, tracks=3, valid=1, master=1658
[LIVE] udp=4.0/s, objs=4.0/s, last_udp=0.19s, meas=1, tracks=2, valid=1, master=1658
[LIVE] udp=4.0/s, objs=4.0/s, last_udp=0.14s, meas=1, tracks=2, valid=1, master=1658
[LIVE] udp=4.0/s, objs=4.0/s, last_udp=0.18s, meas=1, tracks=2, valid=1, master=1658
[LIVE] udp=3.0/s, objs=3.0/s, last_udp=0.05s, meas=1, tracks=2, valid=1, master=1658
[LIVE] udp=3.0/s, objs=3.0/s, last_udp=0.23s, meas=1, tracks=2, valid=1, master=1658
[LIVE] udp=3.0/s, objs=3.0/s, last_udp=0.14s, meas=1, tracks=2, valid=1, master=1658
[LIVE] udp=3.0/s, objs=3.0/s, last_udp=0.60s, meas=2, tracks=3, valid=1, master=1658
[GPS] GGA fix_quality=1, num_sats=19, hdop=0.8, lat=30.408113815666667, lon=104.088643966
[LIVE] udp=5.0/s, objs=5.0/s, last_udp=0.11s, meas=1, tracks=3, valid=1, master=1658
[LIVE] udp=6.0/s, objs=6.0/s, last_udp=0.22s, meas=1, tracks=3, valid=1, master=1658
[LIVE] udp=6.0/s, objs=6.0/s, last_udp=0.12s, meas=1, tracks=3, valid=1, master=1658
[LIVE] udp=6.0/s, objs=6.0/s, last_udp=0.05s, meas=1, tracks=3, valid=1, master=1658
[LIVE] udp=5.0/s, objs=5.0/s, last_udp=0.25s, meas=1, tracks=3, valid=1, master=1658
[LIVE] udp=7.0/s, objs=7.0/s, last_udp=0.15s, meas=2, tracks=4, valid=1, master=1658
[LIVE] udp=7.0/s, objs=7.0/s, last_udp=0.10s, meas=1, tracks=4, valid=1, master=1658
[LIVE] udp=7.0/s, objs=7.0/s, last_udp=0.29s, meas=2, tracks=5, valid=1, master=1658
[LIVE] udp=4.0/s, objs=4.0/s, last_udp=0.28s, meas=1, tracks=5, valid=1, master=1658
[LIVE] udp=5.0/s, objs=5.0/s, last_udp=0.07s, meas=1, tracks=5, valid=1, master=1658
[GPS] GGA fix_quality=1, num_sats=20, hdop=0.8, lat=30.408111854833333, lon=104.08863286466666
[LIVE] udp=6.0/s, objs=6.0/s, last_udp=0.06s, meas=1, tracks=5, valid=1, master=1658
[LIVE] udp=5.0/s, objs=5.0/s, last_udp=0.12s, meas=1, tracks=5, valid=1, master=1658
[LIVE] udp=3.0/s, objs=3.0/s, last_udp=0.05s, meas=1, tracks=5, valid=1, master=1658
[LIVE] udp=5.0/s, objs=5.0/s, last_udp=0.12s, meas=1, tracks=4, valid=1, master=1658
[LIVE] udp=4.0/s, objs=4.0/s, last_udp=0.11s, meas=1, tracks=4, valid=1, master=1658
[LIVE] udp=4.0/s, objs=4.0/s, last_udp=0.02s, meas=1, tracks=4, valid=1, master=1658
[LIVE] udp=5.0/s, objs=5.0/s, last_udp=0.02s, meas=1, tracks=4, valid=1, master=1658
[LIVE] udp=3.0/s, objs=3.0/s, last_udp=0.01s, meas=1, tracks=4, valid=1, master=1658
[Warning] 逻辑ID 1 没有配置偏差数据
[LIVE] udp=5.0/s, objs=5.0/s, last_udp=0.18s, meas=1, tracks=3, valid=1, master=1658
[LIVE] udp=4.0/s, objs=4.0/s, last_udp=0.16s, meas=1, tracks=2, valid=1, master=1658
[GPS] GGA fix_quality=1, num_sats=20, hdop=0.8, lat=30.408110628833334, lon=104.08863107366666
[LIVE] udp=5.0/s, objs=5.0/s, last_udp=0.08s, meas=1, tracks=2, valid=1, master=1658
[Warning] 逻辑ID 1 没有配置偏差数据
[LIVE] udp=8.0/s, objs=8.0/s, last_udp=0.03s, meas=2, tracks=2, valid=1, master=1658
[LIVE] udp=3.0/s, objs=3.0/s, last_udp=0.01s, meas=1, tracks=3, valid=1, master=1658
[LIVE] udp=3.0/s, objs=3.0/s, last_udp=0.50s, meas=1, tracks=4, valid=1, master=1658
[LIVE] udp=7.0/s, objs=7.0/s, last_udp=0.00s, meas=1, tracks=4, valid=1, master=1658
[LIVE] udp=6.0/s, objs=6.0/s, last_udp=0.10s, meas=2, tracks=4, valid=1, master=1658
[LIVE] udp=9.0/s, objs=9.0/s, last_udp=0.07s, meas=2, tracks=4, valid=2, master=1658
[LIVE] udp=6.0/s, objs=6.0/s, last_udp=0.24s, meas=1, tracks=4, valid=1, master=1696
[LIVE] udp=6.0/s, objs=6.0/s, last_udp=0.04s, meas=1, tracks=4, valid=1, master=1696
[LIVE] udp=4.0/s, objs=4.0/s, last_udp=0.08s, meas=1, tracks=4, valid=1, master=1696
[GPS] GGA fix_quality=1, num_sats=20, hdop=0.7, lat=30.40810526916667, lon=104.08863289166666
[LIVE] udp=14.0/s, objs=14.0/s, last_udp=0.03s, meas=2, tracks=5, valid=2, master=1696
[LIVE] udp=14.9/s, objs=14.9/s, last_udp=0.00s, meas=3, tracks=10, valid=1, master=1696
[Warning] 逻辑ID 1 没有配置偏差数据
[Warning] 逻辑ID 1 没有配置偏差数据
[LIVE] udp=11.0/s, objs=11.0/s, last_udp=0.00s, meas=1, tracks=14, valid=1, master=1696
[LIVE] udp=5.0/s, objs=5.0/s, last_udp=0.05s, meas=1, tracks=14, valid=1, master=1696
[LIVE] udp=5.0/s, objs=5.0/s, last_udp=0.07s, meas=1, tracks=14, valid=1, master=1696
[LIVE] udp=4.0/s, objs=4.0/s, last_udp=0.29s, meas=1, tracks=14, valid=1, master=1696
[LIVE] udp=2.0/s, objs=2.0/s, last_udp=0.08s, meas=1, tracks=14, valid=1, master=1696
[LIVE] udp=6.0/s, objs=6.0/s, last_udp=0.04s, meas=2, tracks=14, valid=1, master=1696
[LIVE] udp=5.0/s, objs=5.0/s, last_udp=0.23s, meas=2, tracks=14, valid=1, master=1696
[LIVE] udp=4.0/s, objs=4.0/s, last_udp=0.04s, meas=1, tracks=14, valid=1, master=1696
[GPS] GGA fix_quality=1, num_sats=19, hdop=0.8, lat=30.408103831, lon=104.088631355
[LIVE] udp=6.0/s, objs=6.0/s, last_udp=0.06s, meas=1, tracks=14, valid=1, master=1696
[LIVE] udp=4.0/s, objs=4.0/s, last_udp=0.20s, meas=1, tracks=14, valid=1, master=1696
[LIVE] udp=8.0/s, objs=10.0/s, last_udp=0.35s, meas=3, tracks=15, valid=2, master=1696
[LIVE] udp=5.0/s, objs=5.0/s, last_udp=0.03s, meas=2, tracks=16, valid=1, master=1696
[LIVE] udp=4.0/s, objs=4.0/s, last_udp=0.11s, meas=1, tracks=16, valid=1, master=1696
[LIVE] udp=4.0/s, objs=4.0/s, last_udp=0.08s, meas=1, tracks=11, valid=1, master=1696
[LIVE] udp=3.0/s, objs=3.0/s, last_udp=0.22s, meas=1, tracks=7, valid=1, master=1696
[LIVE] udp=3.0/s, objs=3.0/s, last_udp=0.41s, meas=1, tracks=7, valid=1, master=1696
[LIVE] udp=8.0/s, objs=8.0/s, last_udp=0.05s, meas=1, tracks=7, valid=1, master=1696
[LIVE] udp=6.0/s, objs=8.0/s, last_udp=0.08s, meas=2, tracks=11, valid=1, master=1696
[GPS] GGA fix_quality=1, num_sats=19, hdop=0.8, lat=30.408107633833332, lon=104.08862531866667
[LIVE] udp=4.0/s, objs=4.0/s, last_udp=0.05s, meas=1, tracks=11, valid=1, master=1696
[LIVE] udp=2.0/s, objs=2.0/s, last_udp=0.17s, meas=1, tracks=11, valid=1, master=1696
[LIVE] udp=6.0/s, objs=6.0/s, last_udp=0.10s, meas=2, tracks=10, valid=1, master=1696
[LIVE] udp=14.0/s, objs=15.0/s, last_udp=0.04s, meas=3, tracks=13, valid=1, master=1696
[LIVE] udp=12.0/s, objs=13.0/s, last_udp=0.12s, meas=3, tracks=18, valid=1, master=1696
[LIVE] udp=7.0/s, objs=7.0/s, last_udp=0.23s, meas=2, tracks=19, valid=1, master=1696
[LIVE] udp=8.0/s, objs=8.0/s, last_udp=0.03s, meas=2, tracks=19, valid=1, master=1696
[LIVE] udp=7.0/s, objs=7.0/s, last_udp=0.09s, meas=2, tracks=19, valid=2, master=1696
[LIVE] udp=10.9/s, objs=12.9/s, last_udp=0.11s, meas=1, tracks=19, valid=1, master=1696
[LIVE] udp=10.0/s, objs=10.0/s, last_udp=0.11s, meas=1, tracks=19, valid=1, master=1712
[GPS] GGA fix_quality=1, num_sats=19, hdop=0.8, lat=30.4081093, lon=104.088620045
[LIVE] udp=10.0/s, objs=10.0/s, last_udp=0.02s, meas=2, tracks=19, valid=2, master=1712
[LIVE] udp=10.0/s, objs=10.0/s, last_udp=0.04s, meas=2, tracks=19, valid=2, master=1712
[LIVE] udp=11.0/s, objs=11.0/s, last_udp=0.12s, meas=2, tracks=17, valid=2, master=1712
[LIVE] udp=13.0/s, objs=13.0/s, last_udp=0.01s, meas=1, tracks=17, valid=1, master=1712
[LIVE] udp=12.0/s, objs=12.0/s, last_udp=0.06s, meas=1, tracks=17, valid=1, master=1712
[LIVE] udp=11.9/s, objs=12.9/s, last_udp=0.10s, meas=2, tracks=17, valid=2, master=1712
[LIVE] udp=15.0/s, objs=15.0/s, last_udp=0.04s, meas=3, tracks=14, valid=2, master=1712
[LIVE] udp=16.9/s, objs=16.9/s, last_udp=0.01s, meas=4, tracks=13, valid=2, master=1712
[LIVE] udp=8.0/s, objs=8.0/s, last_udp=0.23s, meas=2, tracks=12, valid=1, master=1696
[LIVE] udp=11.0/s, objs=11.0/s, last_udp=0.13s, meas=3, tracks=13, valid=2, master=1696
[GPS] GGA fix_quality=1, num_sats=20, hdop=0.8, lat=30.408111617166668, lon=104.08862337266666
[LIVE] udp=6.0/s, objs=6.0/s, last_udp=0.09s, meas=2, tracks=13, valid=2, master=1696
[LIVE] udp=11.0/s, objs=11.9/s, last_udp=0.01s, meas=2, tracks=13, valid=2, master=1696
[LIVE] udp=12.0/s, objs=12.0/s, last_udp=0.01s, meas=2, tracks=13, valid=2, master=1712
[LIVE] udp=10.0/s, objs=10.0/s, last_udp=0.03s, meas=2, tracks=13, valid=2, master=1712
[LIVE] udp=12.0/s, objs=12.0/s, last_udp=0.02s, meas=2, tracks=13, valid=2, master=1712
[LIVE] udp=9.0/s, objs=9.0/s, last_udp=0.16s, meas=2, tracks=13, valid=2, master=1712
[LIVE] udp=10.0/s, objs=10.0/s, last_udp=0.03s, meas=3, tracks=14, valid=0, master=1696
[LIVE] udp=13.0/s, objs=13.0/s, last_udp=0.02s, meas=2, tracks=14, valid=0, master=1696
[LIVE] udp=14.0/s, objs=14.0/s, last_udp=0.08s, meas=3, tracks=15, valid=1, master=1696
[LIVE] udp=6.0/s, objs=6.0/s, last_udp=0.40s, meas=2, tracks=16, valid=1, master=1696
[GPS] GGA fix_quality=1, num_sats=20, hdop=0.8, lat=30.408113960333335, lon=104.0886208795
[LIVE] udp=3.0/s, objs=3.0/s, last_udp=0.42s, meas=1, tracks=15, valid=1, master=1696
[LIVE] udp=9.0/s, objs=10.0/s, last_udp=0.05s, meas=2, tracks=15, valid=2, master=1712
[LIVE] udp=8.0/s, objs=8.0/s, last_udp=0.04s, meas=3, tracks=16, valid=3, master=1696
[LIVE] udp=9.0/s, objs=9.0/s, last_udp=0.16s, meas=2, tracks=16, valid=1, master=1696
[LIVE] udp=7.0/s, objs=7.0/s, last_udp=0.09s, meas=2, tracks=16, valid=1, master=1696
[LIVE] udp=7.0/s, objs=7.0/s, last_udp=0.11s, meas=1, tracks=16, valid=1, master=1696
[LIVE] udp=4.0/s, objs=4.0/s, last_udp=0.04s, meas=1, tracks=16, valid=1, master=1696
[LIVE] udp=4.0/s, objs=4.0/s, last_udp=0.09s, meas=1, tracks=16, valid=1, master=1696
[LIVE] udp=8.0/s, objs=8.0/s, last_udp=0.21s, meas=3, tracks=15, valid=2, master=1696
[LIVE] udp=10.0/s, objs=10.0/s, last_udp=0.13s, meas=2, tracks=16, valid=1, master=1696
[GPS] GGA fix_quality=1, num_sats=19, hdop=1.0, lat=30.408109853333332, lon=104.088624154
[LIVE] udp=7.0/s, objs=7.0/s, last_udp=0.19s, meas=2, tracks=14, valid=1, master=1696
[LIVE] udp=5.0/s, objs=5.0/s, last_udp=0.19s, meas=2, tracks=15, valid=1, master=1696
[LIVE] udp=11.0/s, objs=11.0/s, last_udp=0.07s, meas=4, tracks=17, valid=1, master=1696
[LIVE] udp=6.0/s, objs=6.0/s, last_udp=0.11s, meas=2, tracks=18, valid=1, master=1696
[LIVE] udp=8.0/s, objs=8.0/s, last_udp=0.01s, meas=1, tracks=20, valid=1, master=1696
[LIVE] udp=6.0/s, objs=7.0/s, last_udp=0.02s, meas=1, tracks=21, valid=1, master=1696
[LIVE] udp=5.0/s, objs=5.0/s, last_udp=0.05s, meas=2, tracks=22, valid=1, master=1696
[LIVE] udp=6.0/s, objs=7.0/s, last_udp=0.12s, meas=3, tracks=21, valid=1, master=1696
[LIVE] udp=6.0/s, objs=6.0/s, last_udp=0.25s, meas=2, tracks=23, valid=1, master=1696
[LIVE] udp=3.0/s, objs=3.0/s, last_udp=0.18s, meas=1, tracks=23, valid=1, master=1696
[GPS] GGA fix_quality=1, num_sats=18, hdop=1.0, lat=30.408112915666667, lon=104.08862734183333
[LIVE] udp=5.0/s, objs=5.0/s, last_udp=0.01s, meas=1, tracks=23, valid=1, master=1696
[LIVE] udp=4.0/s, objs=4.0/s, last_udp=0.07s, meas=1, tracks=22, valid=1, master=1696
[LIVE] udp=3.0/s, objs=3.0/s, last_udp=0.71s, meas=2, tracks=19, valid=1, master=1696
[LIVE] udp=3.0/s, objs=3.0/s, last_udp=0.14s, meas=2, tracks=17, valid=0, master=1696
[LIVE] udp=0.0/s, objs=0.0/s, last_udp=1.14s, meas=1, tracks=16, valid=1, master=1753
[LIVE] udp=0.0/s, objs=0.0/s, last_udp=2.14s, meas=1, tracks=16, valid=1, master=1753
[LIVE] udp=0.0/s, objs=0.0/s, last_udp=3.14s, meas=1, tracks=16, valid=1, master=1753
[LIVE] udp=2.0/s, objs=2.0/s, last_udp=0.13s, meas=1, tracks=9, valid=0, master=1753
[LIVE] udp=0.0/s, objs=0.0/s, last_udp=1.13s, meas=1, tracks=8, valid=0, master=1753
[LIVE] udp=0.0/s, objs=0.0/s, last_udp=2.13s, meas=1, tracks=8, valid=0, master=1753
[GPS] GGA fix_quality=1, num_sats=20, hdop=0.8, lat=30.408108018333333, lon=104.08862996933334
[LIVE] udp=4.0/s, objs=4.0/s, last_udp=0.11s, meas=1, tracks=4, valid=1, master=1754
[LIVE] udp=3.0/s, objs=3.0/s, last_udp=0.07s, meas=1, tracks=4, valid=1, master=1696
[LIVE] udp=4.0/s, objs=4.0/s, last_udp=0.08s, meas=1, tracks=4, valid=1, master=1696
[LIVE] udp=6.0/s, objs=6.0/s, last_udp=0.11s, meas=1, tracks=4, valid=1, master=1696
[LIVE] udp=6.0/s, objs=6.0/s, last_udp=0.05s, meas=1, tracks=4, valid=1, master=1696
[LIVE] udp=4.0/s, objs=4.0/s, last_udp=0.00s, meas=1, tracks=2, valid=1, master=1696
[LIVE] udp=5.0/s, objs=6.0/s, last_udp=0.05s, meas=3, tracks=4, valid=1, master=1696
[LIVE] udp=5.0/s, objs=5.0/s, last_udp=0.24s, meas=1, tracks=4, valid=1, master=1696
[LIVE] udp=4.0/s, objs=4.0/s, last_udp=0.12s, meas=1, tracks=4, valid=1, master=1696
[LIVE] udp=5.0/s, objs=5.0/s, last_udp=0.04s, meas=1, tracks=4, valid=1, master=1696
[GPS] GGA fix_quality=1, num_sats=20, hdop=0.8, lat=30.408113119, lon=104.088623024
[LIVE] udp=4.0/s, objs=4.0/s, last_udp=0.28s, meas=1, tracks=4, valid=1, master=1696
[LIVE] udp=4.0/s, objs=4.0/s, last_udp=0.09s, meas=1, tracks=4, valid=1, master=1696
[LIVE] udp=4.0/s, objs=4.0/s, last_udp=0.12s, meas=1, tracks=4, valid=1, master=1696
[LIVE] udp=4.0/s, objs=4.0/s, last_udp=0.05s, meas=1, tracks=4, valid=1, master=1696
[LIVE] udp=3.0/s, objs=3.0/s, last_udp=0.01s, meas=1, tracks=4, valid=1, master=1696
[LIVE] udp=3.0/s, objs=3.0/s, last_udp=0.32s, meas=1, tracks=4, valid=1, master=1696
[LIVE] udp=2.0/s, objs=2.0/s, last_udp=0.35s, meas=1, tracks=4, valid=1, master=1696
[LIVE] udp=0.0/s, objs=0.0/s, last_udp=1.36s, meas=1, tracks=4, valid=1, master=1696
[LIVE] udp=0.0/s, objs=0.0/s, last_udp=2.36s, meas=1, tracks=4, valid=1, master=1696
[LIVE] udp=1.0/s, objs=1.0/s, last_udp=0.84s, meas=1, tracks=5, valid=0, master=1696
[GPS] GGA fix_quality=1, num_sats=20, hdop=0.8, lat=30.408118691666665, lon=104.088623139
[LIVE] udp=1.0/s, objs=1.0/s, last_udp=0.64s, meas=1, tracks=4, valid=0, master=1696
[LIVE] udp=2.0/s, objs=2.0/s, last_udp=0.19s, meas=1, tracks=4, valid=1, master=1696
[LIVE] udp=0.0/s, objs=0.0/s, last_udp=1.19s, meas=1, tracks=4, valid=1, master=1696
[LIVE] udp=2.0/s, objs=2.0/s, last_udp=0.05s, meas=1, tracks=5, valid=0, master=1696
[LIVE] udp=4.0/s, objs=4.0/s, last_udp=0.27s, meas=2, tracks=9, valid=0, master=1696
[LIVE] udp=3.0/s, objs=3.0/s, last_udp=0.05s, meas=1, tracks=9, valid=1, master=1696
[LIVE] udp=4.0/s, objs=4.0/s, last_udp=0.32s, meas=2, tracks=9, valid=1, master=1696
[Warning] 逻辑ID 1 没有配置偏差数据
[Warning] 逻辑ID 1 没有配置偏差数据
[LIVE] udp=11.9/s, objs=13.9/s, last_udp=0.07s, meas=2, tracks=10, valid=2, master=1765
[LIVE] udp=3.0/s, objs=3.0/s, last_udp=0.74s, meas=2, tracks=10, valid=2, master=1765
[LIVE] udp=0.0/s, objs=0.0/s, last_udp=1.75s, meas=2, tracks=10, valid=2, master=1765
[GPS] GGA fix_quality=1, num_sats=21, hdop=0.7, lat=30.408119270166665, lon=104.08862402183334
[LIVE] udp=3.0/s, objs=3.0/s, last_udp=0.21s, meas=3, tracks=10, valid=1, master=1696
[LIVE] udp=6.0/s, objs=6.0/s, last_udp=0.37s, meas=1, tracks=12, valid=1, master=1696
[LIVE] udp=5.0/s, objs=5.0/s, last_udp=0.24s, meas=1, tracks=11, valid=1, master=1696
[LIVE] udp=3.0/s, objs=3.0/s, last_udp=0.14s, meas=1, tracks=11, valid=1, master=1696
[LIVE] udp=4.0/s, objs=4.0/s, last_udp=0.15s, meas=1, tracks=11, valid=1, master=1696
[LIVE] udp=4.0/s, objs=4.0/s, last_udp=0.26s, meas=1, tracks=11, valid=1, master=1696
[LIVE] udp=4.0/s, objs=4.0/s, last_udp=0.19s, meas=1, tracks=11, valid=1, master=1696
[LIVE] udp=6.0/s, objs=6.0/s, last_udp=0.07s, meas=2, tracks=9, valid=1, master=1696
[LIVE] udp=10.0/s, objs=10.0/s, last_udp=0.02s, meas=2, tracks=13, valid=1, master=1696
[LIVE] udp=6.0/s, objs=6.0/s, last_udp=0.16s, meas=1, tracks=15, valid=1, master=1696
[GPS] GGA fix_quality=1, num_sats=22, hdop=0.7, lat=30.408119597833334, lon=104.08862382483333
[LIVE] udp=7.0/s, objs=7.0/s, last_udp=0.02s, meas=2, tracks=15, valid=1, master=1696
[Warning] 逻辑ID 1 没有配置偏差数据
[Warning] 逻辑ID 1 没有配置偏差数据
[LIVE] udp=11.0/s, objs=11.9/s, last_udp=0.03s, meas=3, tracks=14, valid=1, master=1696
[Warning] 逻辑ID 1 没有配置偏差数据
[LIVE] udp=4.0/s, objs=4.0/s, last_udp=0.24s, meas=1, tracks=14, valid=1, master=1696
[LIVE] udp=8.0/s, objs=8.0/s, last_udp=0.05s, meas=2, tracks=15, valid=1, master=1696
[LIVE] udp=9.0/s, objs=9.0/s, last_udp=0.03s, meas=2, tracks=14, valid=1, master=1696
[LIVE] udp=1.0/s, objs=1.0/s, last_udp=0.93s, meas=2, tracks=14, valid=1, master=1696
[LIVE] udp=0.0/s, objs=0.0/s, last_udp=1.94s, meas=2, tracks=14, valid=1, master=1696
[Warning] 逻辑ID 1 没有配置偏差数据
[LIVE] udp=2.0/s, objs=2.0/s, last_udp=0.13s, meas=0, tracks=13, valid=0, master=1696
[Warning] 逻辑ID 1 没有配置偏差数据
[LIVE] udp=1.0/s, objs=1.0/s, last_udp=0.32s, meas=1, tracks=13, valid=1, master=1696
[LIVE] udp=1.0/s, objs=1.0/s, last_udp=0.20s, meas=1, tracks=13, valid=1, master=1696
[GPS] GGA fix_quality=1, num_sats=21, hdop=0.8, lat=30.4081186265, lon=104.08862738633333
[LIVE] udp=2.0/s, objs=2.0/s, last_udp=0.36s, meas=1, tracks=13, valid=1, master=1696
[LIVE] udp=3.0/s, objs=3.0/s, last_udp=0.36s, meas=1, tracks=11, valid=1, master=1696
[LIVE] udp=4.0/s, objs=4.0/s, last_udp=0.18s, meas=1, tracks=10, valid=1, master=1696
[LIVE] udp=3.0/s, objs=3.0/s, last_udp=0.14s, meas=1, tracks=7, valid=1, master=1696
[LIVE] udp=2.0/s, objs=2.0/s, last_udp=0.21s, meas=1, tracks=4, valid=0, master=1696
[LIVE] udp=4.0/s, objs=4.0/s, last_udp=0.07s, meas=1, tracks=6, valid=0, master=1696
[LIVE] udp=0.0/s, objs=0.0/s, last_udp=1.08s, meas=2, tracks=7, valid=1, master=1696
[LIVE] udp=1.0/s, objs=1.0/s, last_udp=0.04s, meas=2, tracks=7, valid=1, master=1696
[LIVE] udp=3.0/s, objs=3.0/s, last_udp=0.20s, meas=1, tracks=5, valid=1, master=1696
[LIVE] udp=5.0/s, objs=5.0/s, last_udp=0.03s, meas=1, tracks=5, valid=1, master=1696
[GPS] GGA fix_quality=1, num_sats=19, hdop=1.0, lat=30.408121369333333, lon=104.08862804216666
[LIVE] udp=4.0/s, objs=4.0/s, last_udp=0.34s, meas=1, tracks=5, valid=1, master=1696
[LIVE] udp=2.0/s, objs=2.0/s, last_udp=0.73s, meas=1, tracks=5, valid=1, master=1696
[LIVE] udp=1.0/s, objs=1.0/s, last_udp=0.22s, meas=1, tracks=5, valid=1, master=1696
[LIVE] udp=4.0/s, objs=4.0/s, last_udp=0.05s, meas=1, tracks=5, valid=1, master=1696
[Warning] 逻辑ID 1 没有配置偏差数据
[LIVE] udp=6.0/s, objs=6.0/s, last_udp=0.10s, meas=2, tracks=5, valid=1, master=1696
[LIVE] udp=6.0/s, objs=6.0/s, last_udp=0.12s, meas=1, tracks=6, valid=1, master=1696
[LIVE] udp=6.0/s, objs=6.0/s, last_udp=0.03s, meas=1, tracks=6, valid=1, master=1696
[LIVE] udp=6.0/s, objs=6.0/s, last_udp=0.21s, meas=1, tracks=5, valid=1, master=1696
[LIVE] udp=6.0/s, objs=6.0/s, last_udp=0.10s, meas=1, tracks=5, valid=1, master=1696
[LIVE] udp=6.0/s, objs=6.0/s, last_udp=0.03s, meas=1, tracks=5, valid=1, master=1696
[GPS] GGA fix_quality=1, num_sats=20, hdop=0.8, lat=30.408121326333333, lon=104.08863325616667
[LIVE] udp=7.0/s, objs=7.0/s, last_udp=0.07s, meas=1, tracks=5, valid=1, master=1696
[LIVE] udp=6.0/s, objs=6.0/s, last_udp=0.01s, meas=1, tracks=5, valid=1, master=1696
[LIVE] udp=4.0/s, objs=4.0/s, last_udp=0.04s, meas=2, tracks=6, valid=1, master=1696
[Warning] 逻辑ID 1 没有配置偏差数据
[LIVE] udp=10.0/s, objs=12.0/s, last_udp=0.02s, meas=1, tracks=8, valid=1, master=1696
[Warning] 逻辑ID 1 没有配置偏差数据
[LIVE] udp=6.0/s, objs=6.0/s, last_udp=0.03s, meas=1, tracks=9, valid=1, master=1696
[LIVE] udp=7.0/s, objs=7.0/s, last_udp=0.11s, meas=1, tracks=9, valid=1, master=1696
[LIVE] udp=4.0/s, objs=4.0/s, last_udp=0.00s, meas=1, tracks=9, valid=1, master=1696
[LIVE] udp=6.0/s, objs=6.0/s, last_udp=0.11s, meas=1, tracks=9, valid=1, master=1696
[LIVE] udp=9.0/s, objs=9.0/s, last_udp=0.00s, meas=2, tracks=8, valid=1, master=1696
[LIVE] udp=5.0/s, objs=5.0/s, last_udp=0.07s, meas=1, tracks=9, valid=1, master=1696
[GPS] GGA fix_quality=1, num_sats=21, hdop=0.8, lat=30.408119257166668, lon=104.08862256766666
[LIVE] udp=4.0/s, objs=4.0/s, last_udp=0.13s, meas=1, tracks=9, valid=1, master=1696
[LIVE] udp=4.0/s, objs=4.0/s, last_udp=0.20s, meas=1, tracks=7, valid=1, master=1696
[LIVE] udp=5.0/s, objs=5.0/s, last_udp=0.24s, meas=1, tracks=7, valid=1, master=1696
[LIVE] udp=6.0/s, objs=6.0/s, last_udp=0.16s, meas=3, tracks=9, valid=1, master=1696
[LIVE] udp=4.0/s, objs=4.0/s, last_udp=0.35s, meas=1, tracks=9, valid=1, master=1696
[LIVE] udp=4.0/s, objs=4.0/s, last_udp=0.43s, meas=1, tracks=9, valid=1, master=1696
[LIVE] udp=7.0/s, objs=7.0/s, last_udp=0.04s, meas=1, tracks=9, valid=1, master=1696
[LIVE] udp=2.0/s, objs=2.0/s, last_udp=0.47s, meas=1, tracks=7, valid=1, master=1696
[LIVE] udp=7.0/s, objs=7.0/s, last_udp=0.26s, meas=2, tracks=6, valid=1, master=1696
[LIVE] udp=8.0/s, objs=8.0/s, last_udp=0.09s, meas=1, tracks=6, valid=1, master=1696
[GPS] GGA fix_quality=1, num_sats=21, hdop=0.8, lat=30.408119460166667, lon=104.08862008466667
[LIVE] udp=8.0/s, objs=8.0/s, last_udp=0.02s, meas=1, tracks=6, valid=1, master=1696
[LIVE] udp=7.0/s, objs=7.0/s, last_udp=0.20s, meas=1, tracks=7, valid=1, master=1696
[LIVE] udp=6.0/s, objs=6.0/s, last_udp=0.14s, meas=1, tracks=6, valid=1, master=1696
[LIVE] udp=4.0/s, objs=4.0/s, last_udp=0.11s, meas=1, tracks=5, valid=1, master=1696
[LIVE] udp=14.9/s, objs=14.9/s, last_udp=0.00s, meas=3, tracks=8, valid=1, master=1696
[LIVE] udp=8.0/s, objs=8.0/s, last_udp=0.17s, meas=3, tracks=11, valid=1, master=1696
[LIVE] udp=8.0/s, objs=8.0/s, last_udp=0.15s, meas=1, tracks=12, valid=1, master=1696
[Warning] 逻辑ID 1 没有配置偏差数据
[LIVE] udp=5.0/s, objs=5.0/s, last_udp=0.12s, meas=1, tracks=11, valid=1, master=1696
[LIVE] udp=5.0/s, objs=5.0/s, last_udp=0.09s, meas=2, tracks=12, valid=1, master=1696
[LIVE] udp=1.0/s, objs=1.0/s, last_udp=0.41s, meas=1, tracks=13, valid=1, master=1696
[GPS] GGA fix_quality=1, num_sats=20, hdop=1.0, lat=30.408121757333333, lon=104.08862209666667
[LIVE] udp=3.0/s, objs=3.0/s, last_udp=0.00s, meas=1, tracks=13, valid=1, master=1696
[LIVE] udp=5.0/s, objs=5.0/s, last_udp=0.01s, meas=1, tracks=13, valid=1, master=1696
[LIVE] udp=8.0/s, objs=8.0/s, last_udp=0.16s, meas=2, tracks=14, valid=1, master=1696
[LIVE] udp=6.0/s, objs=6.0/s, last_udp=0.09s, meas=1, tracks=14, valid=1, master=1696
[LIVE] udp=4.0/s, objs=4.0/s, last_udp=0.18s, meas=1, tracks=14, valid=1, master=1696
[LIVE] udp=3.0/s, objs=3.0/s, last_udp=0.07s, meas=1, tracks=14, valid=1, master=1696
[LIVE] udp=5.0/s, objs=5.0/s, last_udp=0.11s, meas=1, tracks=14, valid=1, master=1696
[LIVE] udp=7.0/s, objs=7.0/s, last_udp=0.08s, meas=1, tracks=14, valid=1, master=1696
[LIVE] udp=6.0/s, objs=6.0/s, last_udp=0.32s, meas=1, tracks=12, valid=1, master=1696
[LIVE] udp=9.0/s, objs=9.0/s, last_udp=0.04s, meas=2, tracks=8, valid=1, master=1696
[GPS] GGA fix_quality=1, num_sats=20, hdop=0.8, lat=30.4081188455, lon=104.08863229266667
[LIVE] udp=7.0/s, objs=7.0/s, last_udp=0.10s, meas=1, tracks=8, valid=1, master=1696
[LIVE] udp=9.0/s, objs=9.0/s, last_udp=0.06s, meas=1, tracks=10, valid=1, master=1696
[LIVE] udp=10.0/s, objs=10.0/s, last_udp=0.08s, meas=4, tracks=10, valid=1, master=1696
[LIVE] udp=6.0/s, objs=6.0/s, last_udp=0.37s, meas=1, tracks=10, valid=0, master=1696
[LIVE] udp=6.0/s, objs=6.0/s, last_udp=0.04s, meas=1, tracks=10, valid=1, master=1696
[LIVE] udp=7.0/s, objs=7.0/s, last_udp=0.00s, meas=1, tracks=11, valid=1, master=1696
[LIVE] udp=8.0/s, objs=9.0/s, last_udp=0.11s, meas=1, tracks=14, valid=1, master=1696
[Warning] 逻辑ID 1 没有配置偏差数据
[LIVE] udp=7.0/s, objs=7.0/s, last_udp=0.02s, meas=1, tracks=14, valid=1, master=1696
[Warning] 逻辑ID 1 没有配置偏差数据
[LIVE] udp=6.0/s, objs=6.0/s, last_udp=0.14s, meas=1, tracks=14, valid=1, master=1696
[LIVE] udp=5.0/s, objs=5.0/s, last_udp=0.01s, meas=1, tracks=14, valid=1, master=1696
[GPS] GGA fix_quality=1, num_sats=21, hdop=0.8, lat=30.408121323333333, lon=104.0886281555
[LIVE] udp=5.0/s, objs=5.0/s, last_udp=0.09s, meas=1, tracks=14, valid=1, master=1696
[LIVE] udp=4.0/s, objs=4.0/s, last_udp=0.10s, meas=1, tracks=13, valid=1, master=1696
[LIVE] udp=8.0/s, objs=9.0/s, last_udp=0.06s, meas=2, tracks=13, valid=1, master=1696
[LIVE] udp=3.0/s, objs=3.0/s, last_udp=0.33s, meas=1, tracks=14, valid=1, master=1696
[LIVE] udp=5.0/s, objs=5.0/s, last_udp=0.05s, meas=1, tracks=13, valid=1, master=1696
[LIVE] udp=5.0/s, objs=5.0/s, last_udp=0.04s, meas=1, tracks=12, valid=1, master=1696
[LIVE] udp=4.0/s, objs=4.0/s, last_udp=0.19s, meas=1, tracks=10, valid=1, master=1696
[LIVE] udp=7.0/s, objs=7.0/s, last_udp=0.00s, meas=1, tracks=7, valid=1, master=1696
[LIVE] udp=5.0/s, objs=5.0/s, last_udp=0.11s, meas=2, tracks=7, valid=1, master=1696
[LIVE] udp=5.0/s, objs=5.0/s, last_udp=0.42s, meas=2, tracks=9, valid=1, master=1696
[GPS] GGA fix_quality=1, num_sats=20, hdop=0.8, lat=30.408125466, lon=104.08862896116666
[LIVE] udp=5.0/s, objs=6.0/s, last_udp=0.03s, meas=1, tracks=8, valid=1, master=1696
[Warning] 逻辑ID 1 没有配置偏差数据
[LIVE] udp=4.0/s, objs=4.0/s, last_udp=0.01s, meas=1, tracks=9, valid=1, master=1696
[LIVE] udp=4.0/s, objs=4.0/s, last_udp=0.23s, meas=1, tracks=9, valid=1, master=1696
[LIVE] udp=7.0/s, objs=7.0/s, last_udp=0.04s, meas=2, tracks=10, valid=1, master=1696
[LIVE] udp=5.0/s, objs=5.0/s, last_udp=0.17s, meas=1, tracks=10, valid=1, master=1696
[LIVE] udp=6.0/s, objs=6.0/s, last_udp=0.27s, meas=1, tracks=9, valid=1, master=1696
[LIVE] udp=6.0/s, objs=6.0/s, last_udp=0.10s, meas=1, tracks=6, valid=1, master=1696
[LIVE] udp=5.0/s, objs=5.0/s, last_udp=0.34s, meas=1, tracks=6, valid=1, master=1696
[LIVE] udp=5.0/s, objs=5.0/s, last_udp=0.02s, meas=1, tracks=6, valid=1, master=1696
[Warning] 逻辑ID 1 没有配置偏差数据
[LIVE] udp=5.0/s, objs=5.0/s, last_udp=0.20s, meas=1, tracks=6, valid=1, master=1696
[GPS] GGA fix_quality=1, num_sats=20, hdop=0.8, lat=30.408125496833332, lon=104.08862792766666
[LIVE] udp=4.0/s, objs=4.0/s, last_udp=0.24s, meas=1, tracks=6, valid=1, master=1696
[LIVE] udp=4.0/s, objs=4.0/s, last_udp=0.07s, meas=1, tracks=6, valid=1, master=1696
[LIVE] udp=4.0/s, objs=4.0/s, last_udp=0.20s, meas=1, tracks=4, valid=1, master=1696
[LIVE] udp=9.0/s, objs=10.0/s, last_udp=0.04s, meas=3, tracks=6, valid=1, master=1696
[Warning] 逻辑ID 1 没有配置偏差数据
[LIVE] udp=7.0/s, objs=11.0/s, last_udp=0.44s, meas=0, tracks=10, valid=0, master=1696
[LIVE] udp=0.0/s, objs=0.0/s, last_udp=1.45s, meas=0, tracks=10, valid=0, master=1696
[LIVE] udp=0.0/s, objs=0.0/s, last_udp=2.45s, meas=0, tracks=10, valid=0, master=1696
[LIVE] udp=2.0/s, objs=2.0/s, last_udp=0.04s, meas=1, tracks=9, valid=1, master=1696
[LIVE] udp=6.0/s, objs=7.0/s, last_udp=0.06s, meas=3, tracks=9, valid=1, master=1696
[LIVE] udp=6.0/s, objs=8.0/s, last_udp=0.05s, meas=4, tracks=9, valid=1, master=1696
[GPS] GGA fix_quality=1, num_sats=20, hdop=0.8, lat=30.4081224185, lon=104.08862363383334
[LIVE] udp=6.0/s, objs=6.0/s, last_udp=0.02s, meas=1, tracks=10, valid=1, master=1696
[LIVE] udp=6.0/s, objs=7.0/s, last_udp=0.16s, meas=3, tracks=12, valid=1, master=1696
[LIVE] udp=7.0/s, objs=7.0/s, last_udp=0.01s, meas=1, tracks=12, valid=1, master=1696
[LIVE] udp=5.0/s, objs=5.0/s, last_udp=0.08s, meas=1, tracks=12, valid=1, master=1696
[LIVE] udp=8.0/s, objs=8.0/s, last_udp=0.11s, meas=1, tracks=12, valid=1, master=1696
[LIVE] udp=17.0/s, objs=20.0/s, last_udp=0.17s, meas=4, tracks=14, valid=2, master=1696
[LIVE] udp=11.9/s, objs=11.9/s, last_udp=0.07s, meas=2, tracks=16, valid=1, master=1696
[LIVE] udp=13.0/s, objs=13.0/s, last_udp=0.00s, meas=2, tracks=17, valid=1, master=1696
[Warning] 逻辑ID 1 没有配置偏差数据
[Warning] 逻辑ID 1 没有配置偏差数据
[LIVE] udp=7.0/s, objs=7.0/s, last_udp=0.15s, meas=1, tracks=17, valid=1, master=1696
[LIVE] udp=6.0/s, objs=6.0/s, last_udp=0.20s, meas=1, tracks=17, valid=1, master=1696
[GPS] GGA fix_quality=1, num_sats=20, hdop=0.8, lat=30.408117703833334, lon=104.08861983516667
[LIVE] udp=6.0/s, objs=6.0/s, last_udp=0.07s, meas=1, tracks=17, valid=1, master=1696
[LIVE] udp=4.0/s, objs=4.0/s, last_udp=0.16s, meas=1, tracks=17, valid=1, master=1696
[LIVE] udp=5.0/s, objs=5.0/s, last_udp=0.13s, meas=1, tracks=10, valid=1, master=1696
[LIVE] udp=6.0/s, objs=7.0/s, last_udp=0.03s, meas=1, tracks=10, valid=1, master=1696
[LIVE] udp=9.0/s, objs=9.0/s, last_udp=0.00s, meas=1, tracks=12, valid=1, master=1696
[Warning] 逻辑ID 1 没有配置偏差数据
[Warning] 逻辑ID 1 没有配置偏差数据
[LIVE] udp=6.0/s, objs=6.0/s, last_udp=0.40s, meas=1, tracks=12, valid=1, master=1696
[LIVE] udp=0.0/s, objs=0.0/s, last_udp=1.40s, meas=1, tracks=12, valid=1, master=1696
[LIVE] udp=0.0/s, objs=0.0/s, last_udp=2.40s, meas=1, tracks=12, valid=1, master=1696
[LIVE] udp=0.0/s, objs=0.0/s, last_udp=3.40s, meas=1, tracks=12, valid=1, master=1696
[LIVE] udp=0.0/s, objs=0.0/s, last_udp=4.41s, meas=1, tracks=12, valid=1, master=1696
[GPS] GGA fix_quality=1, num_sats=19, hdop=1.0, lat=30.408115814833334, lon=104.0886288055
[LIVE] udp=0.0/s, objs=0.0/s, last_udp=5.41s, meas=1, tracks=12, valid=1, master=1696
[LIVE] udp=0.0/s, objs=0.0/s, last_udp=6.41s, meas=1, tracks=12, valid=1, master=1696
[LIVE] udp=0.0/s, objs=0.0/s, last_udp=7.41s, meas=1, tracks=12, valid=1, master=1696
[LIVE] udp=0.0/s, objs=0.0/s, last_udp=8.42s, meas=1, tracks=12, valid=1, master=1696
[LIVE] udp=0.0/s, objs=0.0/s, last_udp=9.42s, meas=1, tracks=12, valid=1, master=1696
[LIVE] udp=0.0/s, objs=0.0/s, last_udp=10.42s, meas=1, tracks=12, valid=1, master=1696
[LIVE] udp=0.0/s, objs=0.0/s, last_udp=11.42s, meas=1, tracks=12, valid=1, master=1696
[LIVE] udp=0.0/s, objs=0.0/s, last_udp=12.42s, meas=1, tracks=12, valid=1, master=1696
[LIVE] udp=0.0/s, objs=0.0/s, last_udp=13.43s, meas=1, tracks=12, valid=1, master=1696
[LIVE] udp=0.0/s, objs=0.0/s, last_udp=14.43s, meas=1, tracks=12, valid=1, master=1696
[GPS] GGA fix_quality=1, num_sats=20, hdop=0.8, lat=30.408115385666665, lon=104.08863250333333
[LIVE] udp=2.0/s, objs=2.0/s, last_udp=0.17s, meas=1, tracks=1, valid=0, master=1696
[LIVE] udp=2.0/s, objs=2.0/s, last_udp=0.42s, meas=1, tracks=4, valid=0, master=1696
[LIVE] udp=3.0/s, objs=3.0/s, last_udp=0.05s, meas=2, tracks=6, valid=0, master=1696
[LIVE] udp=1.0/s, objs=1.0/s, last_udp=0.71s, meas=1, tracks=6, valid=0, master=1696
[LIVE] udp=0.0/s, objs=0.0/s, last_udp=1.71s, meas=1, tracks=6, valid=0, master=1696
[LIVE] udp=1.0/s, objs=1.0/s, last_udp=0.57s, meas=1, tracks=6, valid=0, master=1696
[LIVE] udp=0.0/s, objs=0.0/s, last_udp=1.57s, meas=1, tracks=6, valid=0, master=1696
[LIVE] udp=0.0/s, objs=0.0/s, last_udp=2.57s, meas=1, tracks=6, valid=0, master=1696
[LIVE] udp=0.0/s, objs=0.0/s, last_udp=3.57s, meas=1, tracks=6, valid=0, master=1696
[LIVE] udp=2.0/s, objs=2.0/s, last_udp=0.04s, meas=1, tracks=6, valid=0, master=1696
[GPS] GGA fix_quality=1, num_sats=21, hdop=0.8, lat=30.408113530666668, lon=104.08863028283334
[LIVE] udp=1.0/s, objs=1.0/s, last_udp=0.96s, meas=2, tracks=7, valid=0, master=1696
[LIVE] udp=0.0/s, objs=0.0/s, last_udp=1.96s, meas=2, tracks=7, valid=0, master=1696
[LIVE] udp=1.0/s, objs=1.0/s, last_udp=0.31s, meas=1, tracks=6, valid=0, master=1696
[LIVE] udp=0.0/s, objs=0.0/s, last_udp=1.31s, meas=1, tracks=6, valid=0, master=1696
[LIVE] udp=0.0/s, objs=0.0/s, last_udp=2.32s, meas=1, tracks=6, valid=0, master=1696
[LIVE] udp=0.0/s, objs=0.0/s, last_udp=3.32s, meas=1, tracks=6, valid=0, master=1696
[LIVE] udp=4.0/s, objs=4.0/s, last_udp=0.11s, meas=1, tracks=4, valid=0, master=1696
[LIVE] udp=4.0/s, objs=4.0/s, last_udp=0.04s, meas=1, tracks=4, valid=1, master=1842
[LIVE] udp=3.0/s, objs=3.0/s, last_udp=0.12s, meas=1, tracks=4, valid=1, master=1842
[LIVE] udp=2.0/s, objs=2.0/s, last_udp=0.32s, meas=1, tracks=4, valid=1, master=1842
[GPS] GGA fix_quality=1, num_sats=20, hdop=0.8, lat=30.40810991, lon=104.088631931
[LIVE] udp=4.0/s, objs=4.0/s, last_udp=0.04s, meas=1, tracks=4, valid=1, master=1842
[LIVE] udp=5.0/s, objs=5.0/s, last_udp=0.04s, meas=1, tracks=2, valid=1, master=1842
[LIVE] udp=4.0/s, objs=4.0/s, last_udp=0.05s, meas=1, tracks=2, valid=1, master=1842
[LIVE] udp=10.0/s, objs=10.0/s, last_udp=0.06s, meas=3, tracks=6, valid=1, master=1842
[LIVE] udp=8.0/s, objs=9.0/s, last_udp=0.21s, meas=1, tracks=8, valid=1, master=1842
[LIVE] udp=11.0/s, objs=11.0/s, last_udp=0.00s, meas=2, tracks=9, valid=2, master=1842
[LIVE] udp=6.0/s, objs=6.0/s, last_udp=0.14s, meas=1, tracks=9, valid=1, master=1842
[LIVE] udp=4.0/s, objs=4.0/s, last_udp=0.20s, meas=1, tracks=9, valid=1, master=1842
[LIVE] udp=5.0/s, objs=5.0/s, last_udp=0.04s, meas=1, tracks=9, valid=1, master=1842
[LIVE] udp=6.0/s, objs=6.0/s, last_udp=0.05s, meas=2, tracks=9, valid=1, master=1842
[GPS] GGA fix_quality=1, num_sats=21, hdop=0.8, lat=30.4081066095, lon=104.08863924466667
[LIVE] udp=4.0/s, objs=4.0/s, last_udp=0.15s, meas=1, tracks=9, valid=1, master=1842
[LIVE] udp=6.0/s, objs=6.0/s, last_udp=0.03s, meas=1, tracks=9, valid=1, master=1842
[LIVE] udp=6.0/s, objs=6.0/s, last_udp=0.09s, meas=1, tracks=9, valid=1, master=1842
[LIVE] udp=8.0/s, objs=8.0/s, last_udp=0.04s, meas=1, tracks=9, valid=1, master=1842
[LIVE] udp=5.0/s, objs=5.0/s, last_udp=0.07s, meas=1, tracks=9, valid=1, master=1842
[LIVE] udp=8.0/s, objs=8.0/s, last_udp=0.02s, meas=1, tracks=9, valid=1, master=1842
[LIVE] udp=5.0/s, objs=5.0/s, last_udp=0.22s, meas=1, tracks=6, valid=1, master=1842
[LIVE] udp=4.0/s, objs=4.0/s, last_udp=0.18s, meas=1, tracks=4, valid=1, master=1842
[LIVE] udp=4.0/s, objs=4.0/s, last_udp=0.11s, meas=1, tracks=2, valid=1, master=1842
[LIVE] udp=5.0/s, objs=5.0/s, last_udp=0.11s, meas=1, tracks=2, valid=1, master=1842
[GPS] GGA fix_quality=1, num_sats=20, hdop=0.9, lat=30.408103885, lon=104.08864498983333
[LIVE] udp=8.0/s, objs=8.0/s, last_udp=0.01s, meas=1, tracks=2, valid=1, master=1842
[LIVE] udp=5.0/s, objs=5.0/s, last_udp=0.31s, meas=1, tracks=2, valid=1, master=1842
[LIVE] udp=6.0/s, objs=6.0/s, last_udp=0.16s, meas=1, tracks=2, valid=1, master=1842
[LIVE] udp=8.0/s, objs=8.0/s, last_udp=0.12s, meas=1, tracks=1, valid=1, master=1842
[LIVE] udp=5.0/s, objs=5.0/s, last_udp=0.07s, meas=1, tracks=1, valid=1, master=1842
[LIVE] udp=4.0/s, objs=4.0/s, last_udp=0.19s, meas=1, tracks=1, valid=1, master=1842
[LIVE] udp=4.0/s, objs=4.0/s, last_udp=0.05s, meas=1, tracks=1, valid=1, master=1842
[LIVE] udp=9.0/s, objs=9.0/s, last_udp=0.00s, meas=2, tracks=5, valid=1, master=1842
[LIVE] udp=3.0/s, objs=3.0/s, last_udp=0.30s, meas=1, tracks=5, valid=1, master=1842
[LIVE] udp=5.0/s, objs=5.0/s, last_udp=0.05s, meas=1, tracks=5, valid=1, master=1842
[GPS] GGA fix_quality=1, num_sats=19, hdop=0.9, lat=30.408102782166665, lon=104.08864851583333
[LIVE] udp=5.0/s, objs=5.0/s, last_udp=0.13s, meas=1, tracks=5, valid=1, master=1842
[LIVE] udp=7.0/s, objs=7.0/s, last_udp=0.01s, meas=1, tracks=5, valid=1, master=1842
[LIVE] udp=5.0/s, objs=5.0/s, last_udp=0.16s, meas=1, tracks=5, valid=1, master=1842
[LIVE] udp=3.0/s, objs=3.0/s, last_udp=0.29s, meas=1, tracks=5, valid=1, master=1842
[LIVE] udp=9.0/s, objs=9.0/s, last_udp=0.00s, meas=1, tracks=5, valid=1, master=1842
[LIVE] udp=8.0/s, objs=8.0/s, last_udp=0.06s, meas=1, tracks=8, valid=1, master=1842
[LIVE] udp=8.0/s, objs=8.0/s, last_udp=0.10s, meas=1, tracks=8, valid=1, master=1842
[LIVE] udp=9.0/s, objs=9.0/s, last_udp=0.09s, meas=1, tracks=8, valid=1, master=1842
[LIVE] udp=8.0/s, objs=8.0/s, last_udp=0.10s, meas=1, tracks=8, valid=1, master=1842
[LIVE] udp=10.0/s, objs=10.0/s, last_udp=0.07s, meas=1, tracks=8, valid=1, master=1842
[GPS] GGA fix_quality=1, num_sats=20, hdop=0.9, lat=30.408104093666665, lon=104.08864138583333
[LIVE] udp=6.0/s, objs=7.0/s, last_udp=0.11s, meas=3, tracks=8, valid=1, master=1842
[LIVE] udp=4.0/s, objs=4.0/s, last_udp=0.01s, meas=1, tracks=8, valid=1, master=1842
[LIVE] udp=6.0/s, objs=6.0/s, last_udp=0.08s, meas=1, tracks=8, valid=1, master=1842
[LIVE] udp=5.0/s, objs=5.0/s, last_udp=0.11s, meas=1, tracks=8, valid=1, master=1842
[LIVE] udp=6.0/s, objs=6.0/s, last_udp=0.08s, meas=1, tracks=8, valid=1, master=1842
[LIVE] udp=9.0/s, objs=9.0/s, last_udp=0.07s, meas=1, tracks=9, valid=1, master=1842
[Warning] 逻辑ID 1 没有配置偏差数据
[LIVE] udp=9.0/s, objs=9.0/s, last_udp=0.09s, meas=1, tracks=10, valid=1, master=1842
[Warning] 逻辑ID 1 没有配置偏差数据
[Warning] 逻辑ID 1 没有配置偏差数据
[LIVE] udp=9.0/s, objs=9.0/s, last_udp=0.03s, meas=1, tracks=8, valid=1, master=1842
[LIVE] udp=5.0/s, objs=5.0/s, last_udp=0.07s, meas=1, tracks=7, valid=1, master=1842
[LIVE] udp=6.0/s, objs=6.0/s, last_udp=0.17s, meas=1, tracks=7, valid=1, master=1842
[GPS] GGA fix_quality=1, num_sats=20, hdop=0.9, lat=30.408107985333334, lon=104.08862912016667
[LIVE] udp=6.0/s, objs=6.0/s, last_udp=0.05s, meas=1, tracks=7, valid=1, master=1842
[LIVE] udp=6.0/s, objs=8.0/s, last_udp=0.01s, meas=1, tracks=7, valid=1, master=1842
[LIVE] udp=4.0/s, objs=4.0/s, last_udp=0.00s, meas=1, tracks=7, valid=1, master=1842
[LIVE] udp=4.0/s, objs=4.0/s, last_udp=0.12s, meas=1, tracks=7, valid=1, master=1842
[LIVE] udp=2.0/s, objs=2.0/s, last_udp=0.40s, meas=1, tracks=7, valid=1, master=1842
[LIVE] udp=8.0/s, objs=8.0/s, last_udp=0.33s, meas=2, tracks=8, valid=1, master=1842
[LIVE] udp=5.0/s, objs=5.0/s, last_udp=0.11s, meas=1, tracks=8, valid=1, master=1842
[LIVE] udp=5.0/s, objs=5.0/s, last_udp=0.16s, meas=1, tracks=8, valid=1, master=1842
[LIVE] udp=5.0/s, objs=5.0/s, last_udp=0.09s, meas=1, tracks=8, valid=1, master=1842
[LIVE] udp=2.0/s, objs=2.0/s, last_udp=0.11s, meas=1, tracks=7, valid=1, master=1842
[GPS] GGA fix_quality=1, num_sats=20, hdop=0.9, lat=30.408106539833334, lon=104.0886276675
[LIVE] udp=3.0/s, objs=3.0/s, last_udp=0.00s, meas=2, tracks=7, valid=1, master=1842
[LIVE] udp=4.0/s, objs=4.0/s, last_udp=0.07s, meas=2, tracks=8, valid=1, master=1842
[LIVE] udp=7.0/s, objs=8.0/s, last_udp=0.00s, meas=1, tracks=11, valid=1, master=1842
[LIVE] udp=9.0/s, objs=9.0/s, last_udp=0.09s, meas=3, tracks=13, valid=1, master=1842
[LIVE] udp=12.0/s, objs=12.0/s, last_udp=0.05s, meas=2, tracks=18, valid=1, master=1842
[LIVE] udp=8.0/s, objs=9.0/s, last_udp=0.12s, meas=3, tracks=16, valid=1, master=1842
[LIVE] udp=6.0/s, objs=6.0/s, last_udp=0.02s, meas=1, tracks=16, valid=1, master=1842
[LIVE] udp=6.0/s, objs=6.0/s, last_udp=0.02s, meas=1, tracks=16, valid=1, master=1842
[LIVE] udp=4.0/s, objs=4.0/s, last_udp=0.09s, meas=2, tracks=16, valid=1, master=1842
[GPS] GGA fix_quality=1, num_sats=21, hdop=0.8, lat=30.408105495, lon=104.0886288185
[LIVE] udp=7.0/s, objs=7.0/s, last_udp=0.04s, meas=1, tracks=15, valid=1, master=1842
[LIVE] udp=8.0/s, objs=8.0/s, last_udp=0.17s, meas=3, tracks=16, valid=1, master=1842
[LIVE] udp=8.0/s, objs=8.0/s, last_udp=0.02s, meas=1, tracks=16, valid=1, master=1842
[LIVE] udp=6.0/s, objs=6.0/s, last_udp=0.21s, meas=1, tracks=16, valid=1, master=1842
[LIVE] udp=5.0/s, objs=5.0/s, last_udp=0.12s, meas=1, tracks=16, valid=1, master=1842
[LIVE] udp=9.0/s, objs=9.0/s, last_udp=0.12s, meas=2, tracks=17, valid=1, master=1842
[Warning] 逻辑ID 1 没有配置偏差数据
[Warning] 逻辑ID 1 没有配置偏差数据
[LIVE] udp=9.0/s, objs=9.0/s, last_udp=0.03s, meas=1, tracks=17, valid=1, master=1842
[Warning] 逻辑ID 1 没有配置偏差数据
[Warning] 逻辑ID 1 没有配置偏差数据
[Warning] 逻辑ID 1 没有配置偏差数据
[LIVE] udp=9.0/s, objs=9.0/s, last_udp=0.13s, meas=1, tracks=15, valid=1, master=1842
[LIVE] udp=4.0/s, objs=4.0/s, last_udp=0.20s, meas=1, tracks=12, valid=1, master=1842
[LIVE] udp=6.0/s, objs=6.0/s, last_udp=0.04s, meas=1, tracks=12, valid=1, master=1842
[GPS] GGA fix_quality=1, num_sats=21, hdop=0.8, lat=30.408105657, lon=104.08863042333333
[LIVE] udp=11.0/s, objs=11.0/s, last_udp=0.05s, meas=2, tracks=14, valid=1, master=1842
[LIVE] udp=10.0/s, objs=10.0/s, last_udp=0.07s, meas=2, tracks=16, valid=1, master=1842
[LIVE] udp=5.0/s, objs=5.0/s, last_udp=0.21s, meas=3, tracks=15, valid=1, master=1842
[LIVE] udp=5.0/s, objs=5.0/s, last_udp=0.15s, meas=1, tracks=14, valid=1, master=1842
[LIVE] udp=5.0/s, objs=5.0/s, last_udp=0.04s, meas=1, tracks=13, valid=1, master=1842
[Warning] 逻辑ID 1 没有配置偏差数据
[Warning] 逻辑ID 1 没有配置偏差数据
[LIVE] udp=9.0/s, objs=9.0/s, last_udp=0.03s, meas=1, tracks=12, valid=1, master=1842
[LIVE] udp=8.0/s, objs=8.0/s, last_udp=0.07s, meas=3, tracks=13, valid=1, master=1842
[LIVE] udp=5.0/s, objs=6.0/s, last_udp=0.09s, meas=1, tracks=14, valid=1, master=1842
[LIVE] udp=6.0/s, objs=6.0/s, last_udp=0.12s, meas=1, tracks=14, valid=1, master=1842
[LIVE] udp=5.0/s, objs=5.0/s, last_udp=0.14s, meas=2, tracks=14, valid=1, master=1842
[GPS] GGA fix_quality=1, num_sats=20, hdop=0.9, lat=30.408106120833335, lon=104.08863077283333
[LIVE] udp=6.0/s, objs=6.0/s, last_udp=0.05s, meas=1, tracks=14, valid=1, master=1842
[LIVE] udp=5.0/s, objs=5.0/s, last_udp=0.09s, meas=1, tracks=14, valid=1, master=1842
[LIVE] udp=10.0/s, objs=10.0/s, last_udp=0.01s, meas=2, tracks=14, valid=1, master=1842
[LIVE] udp=5.0/s, objs=5.0/s, last_udp=0.27s, meas=1, tracks=14, valid=1, master=1842
[LIVE] udp=9.0/s, objs=12.0/s, last_udp=0.24s, meas=3, tracks=13, valid=1, master=1842
[LIVE] udp=4.0/s, objs=4.0/s, last_udp=0.05s, meas=1, tracks=11, valid=1, master=1842
[LIVE] udp=5.0/s, objs=5.0/s, last_udp=0.21s, meas=1, tracks=11, valid=1, master=1842
[LIVE] udp=5.0/s, objs=5.0/s, last_udp=0.19s, meas=1, tracks=11, valid=1, master=1842
[LIVE] udp=8.0/s, objs=8.0/s, last_udp=0.09s, meas=1, tracks=10, valid=1, master=1842
[LIVE] udp=7.0/s, objs=7.0/s, last_udp=0.08s, meas=1, tracks=9, valid=1, master=1842
[GPS] GGA fix_quality=1, num_sats=20, hdop=0.9, lat=30.408106223333334, lon=104.08863065766667
[LIVE] udp=6.0/s, objs=6.0/s, last_udp=0.04s, meas=1, tracks=8, valid=1, master=1842
[LIVE] udp=4.0/s, objs=4.0/s, last_udp=0.09s, meas=1, tracks=6, valid=1, master=1842
[LIVE] udp=5.0/s, objs=5.0/s, last_udp=0.05s, meas=1, tracks=6, valid=1, master=1842
[LIVE] udp=8.0/s, objs=8.0/s, last_udp=0.06s, meas=1, tracks=7, valid=1, master=1842
[LIVE] udp=5.0/s, objs=5.0/s, last_udp=0.12s, meas=1, tracks=7, valid=1, master=1842
[LIVE] udp=8.0/s, objs=8.0/s, last_udp=0.02s, meas=1, tracks=7, valid=1, master=1842
[LIVE] udp=5.0/s, objs=6.0/s, last_udp=0.09s, meas=1, tracks=7, valid=1, master=1842
[LIVE] udp=5.0/s, objs=5.0/s, last_udp=0.08s, meas=1, tracks=6, valid=1, master=1842
[LIVE] udp=7.0/s, objs=7.0/s, last_udp=0.08s, meas=1, tracks=7, valid=1, master=1842
[LIVE] udp=11.0/s, objs=11.0/s, last_udp=0.05s, meas=3, tracks=12, valid=1, master=1842
[GPS] GGA fix_quality=1, num_sats=20, hdop=0.9, lat=30.408105927833333, lon=104.08863059766666
[LIVE] udp=5.0/s, objs=5.0/s, last_udp=0.18s, meas=1, tracks=12, valid=1, master=1842
[LIVE] udp=4.0/s, objs=4.0/s, last_udp=0.16s, meas=1, tracks=12, valid=1, master=1842
[LIVE] udp=4.0/s, objs=4.0/s, last_udp=0.14s, meas=1, tracks=12, valid=1, master=1842
[LIVE] udp=4.0/s, objs=4.0/s, last_udp=0.04s, meas=1, tracks=12, valid=1, master=1842
[LIVE] udp=4.0/s, objs=4.0/s, last_udp=0.07s, meas=2, tracks=12, valid=1, master=1842
[LIVE] udp=7.0/s, objs=7.0/s, last_udp=0.06s, meas=1, tracks=13, valid=1, master=1842
[LIVE] udp=7.0/s, objs=7.0/s, last_udp=0.10s, meas=1, tracks=12, valid=1, master=1842
[Warning] 逻辑ID 1 没有配置偏差数据
[Warning] 逻辑ID 1 没有配置偏差数据
[Warning] 逻辑ID 1 没有配置偏差数据
[LIVE] udp=10.0/s, objs=10.0/s, last_udp=0.15s, meas=1, tracks=12, valid=1, master=1842
[LIVE] udp=5.0/s, objs=5.0/s, last_udp=0.01s, meas=1, tracks=12, valid=1, master=1842
[LIVE] udp=3.0/s, objs=3.0/s, last_udp=0.42s, meas=1, tracks=12, valid=1, master=1842
[GPS] GGA fix_quality=1, num_sats=20, hdop=1.0, lat=30.408106401833333, lon=104.08863177833334
[LIVE] udp=2.0/s, objs=2.0/s, last_udp=0.21s, meas=1, tracks=10, valid=0, master=1842
[LIVE] udp=2.0/s, objs=2.0/s, last_udp=0.23s, meas=1, tracks=11, valid=0, master=1842
[LIVE] udp=4.0/s, objs=4.0/s, last_udp=0.03s, meas=1, tracks=11, valid=0, master=1842
[LIVE] udp=4.0/s, objs=4.0/s, last_udp=0.07s, meas=1, tracks=5, valid=1, master=1842
[LIVE] udp=7.0/s, objs=7.0/s, last_udp=0.04s, meas=1, tracks=5, valid=1, master=1842
[Warning] 逻辑ID 1 没有配置偏差数据
[LIVE] udp=4.0/s, objs=4.0/s, last_udp=0.18s, meas=1, tracks=5, valid=1, master=1842
[LIVE] udp=5.0/s, objs=5.0/s, last_udp=0.07s, meas=1, tracks=5, valid=1, master=1842
[LIVE] udp=5.0/s, objs=5.0/s, last_udp=0.28s, meas=1, tracks=5, valid=1, master=1842
[LIVE] udp=4.0/s, objs=4.0/s, last_udp=0.17s, meas=1, tracks=4, valid=1, master=1842
[LIVE] udp=8.0/s, objs=8.0/s, last_udp=0.12s, meas=3, tracks=5, valid=1, master=1842
[GPS] GGA fix_quality=1, num_sats=20, hdop=0.9, lat=30.408106316, lon=104.08863310333334
[LIVE] udp=7.0/s, objs=7.0/s, last_udp=0.22s, meas=1, tracks=7, valid=1, master=1842
[LIVE] udp=4.0/s, objs=4.0/s, last_udp=0.04s, meas=1, tracks=6, valid=1, master=1842
[LIVE] udp=3.0/s, objs=3.0/s, last_udp=0.06s, meas=1, tracks=6, valid=1, master=1842
[LIVE] udp=5.0/s, objs=5.0/s, last_udp=0.09s, meas=1, tracks=6, valid=1, master=1842
[LIVE] udp=8.0/s, objs=8.0/s, last_udp=0.01s, meas=1, tracks=6, valid=1, master=1842
[LIVE] udp=5.0/s, objs=5.0/s, last_udp=0.19s, meas=1, tracks=6, valid=1, master=1842
[LIVE] udp=5.0/s, objs=5.0/s, last_udp=0.04s, meas=1, tracks=6, valid=1, master=1842
[LIVE] udp=4.0/s, objs=4.0/s, last_udp=0.27s, meas=1, tracks=5, valid=1, master=1842
[LIVE] udp=2.0/s, objs=2.0/s, last_udp=0.67s, meas=1, tracks=5, valid=1, master=1842
[LIVE] udp=0.0/s, objs=0.0/s, last_udp=1.67s, meas=1, tracks=5, valid=1, master=1842
[GPS] GGA fix_quality=1, num_sats=20, hdop=0.9, lat=30.408106110666665, lon=104.08863430283333
[LIVE] udp=0.0/s, objs=0.0/s, last_udp=2.68s, meas=1, tracks=5, valid=1, master=1842
[LIVE] udp=1.0/s, objs=1.0/s, last_udp=0.06s, meas=1, tracks=5, valid=1, master=1842
[LIVE] udp=2.0/s, objs=2.0/s, last_udp=0.03s, meas=1, tracks=5, valid=1, master=1842
[LIVE] udp=6.0/s, objs=6.0/s, last_udp=0.08s, meas=1, tracks=1, valid=1, master=1842
[LIVE] udp=6.0/s, objs=6.0/s, last_udp=0.06s, meas=1, tracks=1, valid=1, master=1842
[LIVE] udp=9.0/s, objs=9.0/s, last_udp=0.07s, meas=2, tracks=2, valid=1, master=1842
[LIVE] udp=4.0/s, objs=4.0/s, last_udp=0.11s, meas=1, tracks=2, valid=1, master=1842
[LIVE] udp=7.0/s, objs=7.0/s, last_udp=0.01s, meas=1, tracks=2, valid=1, master=1842
[LIVE] udp=6.0/s, objs=6.0/s, last_udp=0.07s, meas=1, tracks=2, valid=1, master=1842
[LIVE] udp=7.0/s, objs=7.0/s, last_udp=0.19s, meas=1, tracks=2, valid=1, master=1842
[GPS] GGA fix_quality=1, num_sats=21, hdop=0.8, lat=30.408106805833334, lon=104.08863406133334
[LIVE] udp=6.0/s, objs=6.0/s, last_udp=0.15s, meas=1, tracks=2, valid=1, master=1842
[LIVE] udp=5.0/s, objs=5.0/s, last_udp=0.13s, meas=1, tracks=2, valid=1, master=1842
[LIVE] udp=7.0/s, objs=7.0/s, last_udp=0.01s, meas=1, tracks=2, valid=1, master=1842
[LIVE] udp=5.0/s, objs=5.0/s, last_udp=0.08s, meas=1, tracks=2, valid=1, master=1842
[LIVE] udp=7.0/s, objs=7.0/s, last_udp=0.10s, meas=1, tracks=2, valid=1, master=1842
[LIVE] udp=6.0/s, objs=6.0/s, last_udp=0.08s, meas=1, tracks=2, valid=1, master=1842
[LIVE] udp=5.0/s, objs=5.0/s, last_udp=0.05s, meas=1, tracks=2, valid=1, master=1842
[LIVE] udp=5.0/s, objs=5.0/s, last_udp=0.10s, meas=1, tracks=2, valid=1, master=1842
[LIVE] udp=7.0/s, objs=7.0/s, last_udp=0.20s, meas=1, tracks=3, valid=1, master=1842
[LIVE] udp=7.0/s, objs=7.0/s, last_udp=0.37s, meas=2, tracks=4, valid=2, master=1842
[GPS] GGA fix_quality=1, num_sats=20, hdop=0.9, lat=30.408107677, lon=104.08863505933333
[LIVE] udp=3.0/s, objs=3.0/s, last_udp=0.19s, meas=1, tracks=5, valid=0, master=1842
[LIVE] udp=6.0/s, objs=7.0/s, last_udp=0.03s, meas=3, tracks=6, valid=1, master=1842
[LIVE] udp=3.0/s, objs=4.0/s, last_udp=0.43s, meas=1, tracks=7, valid=1, master=1842
[LIVE] udp=3.0/s, objs=3.0/s, last_udp=0.13s, meas=1, tracks=7, valid=1, master=1842
[LIVE] udp=13.0/s, objs=13.0/s, last_udp=0.01s, meas=2, tracks=12, valid=1, master=1842
[LIVE] udp=8.0/s, objs=8.0/s, last_udp=0.27s, meas=2, tracks=15, valid=1, master=1842
[LIVE] udp=4.0/s, objs=4.0/s, last_udp=0.29s, meas=1, tracks=15, valid=1, master=1842
[LIVE] udp=8.0/s, objs=10.0/s, last_udp=0.10s, meas=3, tracks=16, valid=1, master=1842
[LIVE] udp=6.0/s, objs=6.0/s, last_udp=0.15s, meas=1, tracks=16, valid=1, master=1842
[LIVE] udp=5.0/s, objs=5.0/s, last_udp=0.24s, meas=1, tracks=16, valid=1, master=1842
[GPS] GGA fix_quality=1, num_sats=22, hdop=0.8, lat=30.4081113695, lon=104.08863922716667
[LIVE] udp=5.0/s, objs=5.0/s, last_udp=0.06s, meas=1, tracks=15, valid=1, master=1842
[LIVE] udp=3.0/s, objs=3.0/s, last_udp=0.11s, meas=1, tracks=15, valid=1, master=1842
[LIVE] udp=5.0/s, objs=5.0/s, last_udp=0.19s, meas=1, tracks=15, valid=1, master=1842
[LIVE] udp=4.0/s, objs=4.0/s, last_udp=0.16s, meas=1, tracks=14, valid=1, master=1842
[LIVE] udp=4.0/s, objs=4.0/s, last_udp=0.30s, meas=1, tracks=11, valid=1, master=1842
[LIVE] udp=5.0/s, objs=5.0/s, last_udp=0.02s, meas=1, tracks=11, valid=1, master=1842
[LIVE] udp=4.0/s, objs=4.0/s, last_udp=0.04s, meas=1, tracks=9, valid=1, master=1842
[LIVE] udp=4.0/s, objs=4.0/s, last_udp=0.19s, meas=1, tracks=6, valid=1, master=1842
[LIVE] udp=4.0/s, objs=4.0/s, last_udp=0.14s, meas=1, tracks=3, valid=1, master=1842
[LIVE] udp=6.0/s, objs=6.0/s, last_udp=0.07s, meas=1, tracks=3, valid=1, master=1842
[GPS] GGA fix_quality=1, num_sats=21, hdop=0.8, lat=30.4081124265, lon=104.08863555466667
[LIVE] udp=8.0/s, objs=8.0/s, last_udp=0.25s, meas=1, tracks=2, valid=1, master=1842
[LIVE] udp=5.0/s, objs=5.0/s, last_udp=0.05s, meas=1, tracks=2, valid=1, master=1842
[LIVE] udp=8.0/s, objs=8.0/s, last_udp=0.04s, meas=1, tracks=3, valid=1, master=1842
[LIVE] udp=8.0/s, objs=8.0/s, last_udp=0.17s, meas=2, tracks=3, valid=1, master=1842
[LIVE] udp=6.0/s, objs=6.0/s, last_udp=0.00s, meas=1, tracks=3, valid=1, master=1842
[LIVE] udp=5.0/s, objs=5.0/s, last_udp=0.12s, meas=1, tracks=3, valid=1, master=1842
[LIVE] udp=10.0/s, objs=10.0/s, last_udp=0.03s, meas=2, tracks=4, valid=1, master=1842
[LIVE] udp=7.0/s, objs=7.0/s, last_udp=0.11s, meas=2, tracks=4, valid=2, master=1842
[LIVE] udp=8.0/s, objs=8.0/s, last_udp=0.04s, meas=2, tracks=5, valid=1, master=1842
[LIVE] udp=12.0/s, objs=12.0/s, last_udp=0.06s, meas=3, tracks=8, valid=1, master=1842
[GPS] GGA fix_quality=1, num_sats=19, hdop=0.9, lat=30.408112730833334, lon=104.08863860616667
[LIVE] udp=6.0/s, objs=6.0/s, last_udp=0.04s, meas=2, tracks=10, valid=1, master=1842
[Warning] 逻辑ID 1 没有配置偏差数据
[LIVE] udp=10.0/s, objs=10.0/s, last_udp=0.03s, meas=1, tracks=11, valid=1, master=1842
[Warning] 逻辑ID 1 没有配置偏差数据
[Warning] 逻辑ID 1 没有配置偏差数据
[Warning] 逻辑ID 1 没有配置偏差数据
[Warning] 逻辑ID 1 没有配置偏差数据
[Warning] 逻辑ID 1 没有配置偏差数据
[LIVE] udp=16.0/s, objs=16.9/s, last_udp=0.03s, meas=1, tracks=11, valid=1, master=1842
[Warning] 逻辑ID 1 没有配置偏差数据
[Warning] 逻辑ID 1 没有配置偏差数据
[Warning] 逻辑ID 1 没有配置偏差数据
[LIVE] udp=10.0/s, objs=10.0/s, last_udp=0.07s, meas=1, tracks=12, valid=1, master=1842
[LIVE] udp=7.0/s, objs=7.0/s, last_udp=0.15s, meas=1, tracks=12, valid=1, master=1842
[LIVE] udp=2.0/s, objs=2.0/s, last_udp=0.69s, meas=1, tracks=12, valid=1, master=1842
[LIVE] udp=0.0/s, objs=0.0/s, last_udp=1.69s, meas=1, tracks=12, valid=1, master=1842
[LIVE] udp=3.0/s, objs=4.0/s, last_udp=0.35s, meas=1, tracks=12, valid=1, master=1928
[LIVE] udp=1.0/s, objs=1.0/s, last_udp=0.41s, meas=1, tracks=12, valid=1, master=1842
[LIVE] udp=0.0/s, objs=0.0/s, last_udp=1.41s, meas=1, tracks=12, valid=1, master=1842
[Warning] 逻辑ID 1 没有配置偏差数据
[Warning] 逻辑ID 1 没有配置偏差数据
[GPS] GGA fix_quality=1, num_sats=20, hdop=0.9, lat=30.408112204, lon=104.08863666383333
[LIVE] udp=5.0/s, objs=6.0/s, last_udp=0.02s, meas=0, tracks=10, valid=0, master=1842
[LIVE] udp=6.0/s, objs=6.0/s, last_udp=0.40s, meas=3, tracks=10, valid=0, master=1842
[LIVE] udp=6.0/s, objs=6.0/s, last_udp=0.10s, meas=1, tracks=9, valid=0, master=1842
[LIVE] udp=2.0/s, objs=2.0/s, last_udp=0.55s, meas=1, tracks=9, valid=0, master=1930
[LIVE] udp=2.0/s, objs=2.0/s, last_udp=0.47s, meas=1, tracks=10, valid=0, master=1930
[LIVE] udp=4.0/s, objs=4.0/s, last_udp=0.06s, meas=2, tracks=12, valid=0, master=1930
[LIVE] udp=2.0/s, objs=2.0/s, last_udp=0.78s, meas=0, tracks=14, valid=0, master=1930
[LIVE] udp=7.0/s, objs=8.0/s, last_udp=0.10s, meas=2, tracks=14, valid=0, master=1930
[LIVE] udp=0.0/s, objs=0.0/s, last_udp=1.10s, meas=1, tracks=14, valid=1, master=1927
[LIVE] udp=0.0/s, objs=0.0/s, last_udp=2.10s, meas=1, tracks=14, valid=1, master=1927
[GPS] GGA fix_quality=1, num_sats=20, hdop=0.9, lat=30.408112762166667, lon=104.08864335566666
[LIVE] udp=1.0/s, objs=1.0/s, last_udp=0.78s, meas=1, tracks=14, valid=0, master=1927
[LIVE] udp=0.0/s, objs=0.0/s, last_udp=1.78s, meas=1, tracks=14, valid=0, master=1927
[LIVE] udp=0.0/s, objs=0.0/s, last_udp=2.79s, meas=1, tracks=14, valid=0, master=1927
[Warning] 逻辑ID 1 没有配置偏差数据
[LIVE] udp=1.0/s, objs=1.0/s, last_udp=0.82s, meas=0, tracks=12, valid=0, master=1927
[LIVE] udp=0.0/s, objs=0.0/s, last_udp=1.82s, meas=0, tracks=12, valid=0, master=1927
[LIVE] udp=0.0/s, objs=0.0/s, last_udp=2.83s, meas=0, tracks=12, valid=0, master=1927
[LIVE] udp=0.0/s, objs=0.0/s, last_udp=3.83s, meas=0, tracks=12, valid=0, master=1927
[LIVE] udp=2.0/s, objs=4.0/s, last_udp=0.03s, meas=0, tracks=12, valid=0, master=1927
[LIVE] udp=0.0/s, objs=0.0/s, last_udp=1.03s, meas=4, tracks=6, valid=0, master=1927
[LIVE] udp=0.0/s, objs=0.0/s, last_udp=2.03s, meas=4, tracks=6, valid=0, master=1927
[GPS] GGA fix_quality=1, num_sats=21, hdop=0.8, lat=30.408113044833332, lon=104.08864005016666
[LIVE] udp=0.0/s, objs=0.0/s, last_udp=3.04s, meas=4, tracks=6, valid=0, master=1927
[LIVE] udp=1.0/s, objs=1.0/s, last_udp=0.36s, meas=1, tracks=4, valid=0, master=1927
[LIVE] udp=1.0/s, objs=2.0/s, last_udp=0.14s, meas=1, tracks=4, valid=0, master=1927
[LIVE] udp=0.0/s, objs=0.0/s, last_udp=1.15s, meas=2, tracks=5, valid=0, master=1927
[LIVE] udp=0.0/s, objs=0.0/s, last_udp=2.15s, meas=2, tracks=5, valid=0, master=1927
[LIVE] udp=0.0/s, objs=0.0/s, last_udp=3.15s, meas=2, tracks=5, valid=0, master=1927
[LIVE] udp=0.0/s, objs=0.0/s, last_udp=4.16s, meas=2, tracks=5, valid=0, master=1927
[LIVE] udp=0.0/s, objs=0.0/s, last_udp=5.16s, meas=2, tracks=5, valid=0, master=1927
[LIVE] udp=0.0/s, objs=0.0/s, last_udp=6.16s, meas=2, tracks=5, valid=0, master=1927
[LIVE] udp=0.0/s, objs=0.0/s, last_udp=7.17s, meas=2, tracks=5, valid=0, master=1927
[GPS] GGA fix_quality=1, num_sats=21, hdop=0.8, lat=30.408113239666665, lon=104.08864046533333
[LIVE] udp=4.0/s, objs=4.0/s, last_udp=0.02s, meas=2, tracks=4, valid=0, master=1927
[LIVE] udp=0.0/s, objs=0.0/s, last_udp=1.02s, meas=1, tracks=5, valid=0, master=1927
[LIVE] udp=1.0/s, objs=1.0/s, last_udp=0.00s, meas=1, tracks=5, valid=0, master=1927
[LIVE] udp=1.0/s, objs=1.0/s, last_udp=0.52s, meas=1, tracks=5, valid=0, master=1927
[LIVE] udp=0.0/s, objs=0.0/s, last_udp=1.52s, meas=1, tracks=5, valid=0, master=1927
[LIVE] udp=0.0/s, objs=0.0/s, last_udp=2.52s, meas=1, tracks=5, valid=0, master=1927
[LIVE] udp=2.0/s, objs=4.0/s, last_udp=0.43s, meas=2, tracks=7, valid=0, master=1927
[LIVE] udp=0.0/s, objs=0.0/s, last_udp=1.43s, meas=2, tracks=7, valid=0, master=1927
[LIVE] udp=0.0/s, objs=0.0/s, last_udp=2.43s, meas=2, tracks=7, valid=0, master=1927
[LIVE] udp=0.0/s, objs=0.0/s, last_udp=3.44s, meas=2, tracks=7, valid=0, master=1927
[GPS] GGA fix_quality=1, num_sats=20, hdop=0.8, lat=30.408113352333334, lon=104.088630451
[LIVE] udp=0.0/s, objs=0.0/s, last_udp=4.44s, meas=2, tracks=7, valid=0, master=1927
[LIVE] udp=0.0/s, objs=0.0/s, last_udp=5.44s, meas=2, tracks=7, valid=0, master=1927
[LIVE] udp=0.0/s, objs=0.0/s, last_udp=6.44s, meas=2, tracks=7, valid=0, master=1927
[LIVE] udp=0.0/s, objs=0.0/s, last_udp=7.44s, meas=2, tracks=7, valid=0, master=1927
[Warning] 逻辑ID 1 没有配置偏差数据
[LIVE] udp=1.0/s, objs=1.0/s, last_udp=0.25s, meas=0, tracks=2, valid=0, master=1927
[Warning] 逻辑ID 1 没有配置偏差数据
[Warning] 逻辑ID 1 没有配置偏差数据
[Warning] 逻辑ID 1 没有配置偏差数据
[LIVE] udp=4.0/s, objs=4.0/s, last_udp=0.10s, meas=0, tracks=2, valid=0, master=1927
[Warning] 逻辑ID 1 没有配置偏差数据
[LIVE] udp=1.0/s, objs=1.0/s, last_udp=0.11s, meas=0, tracks=2, valid=0, master=1927
[LIVE] udp=1.0/s, objs=1.0/s, last_udp=0.87s, meas=1, tracks=1, valid=0, master=1927
[LIVE] udp=0.0/s, objs=0.0/s, last_udp=1.87s, meas=1, tracks=1, valid=0, master=1927
[LIVE] udp=0.0/s, objs=0.0/s, last_udp=2.87s, meas=1, tracks=1, valid=0, master=1927
[GPS] GGA fix_quality=1, num_sats=22, hdop=0.8, lat=30.408110703833334, lon=104.08863057966667
[LIVE] udp=0.0/s, objs=0.0/s, last_udp=3.87s, meas=1, tracks=1, valid=0, master=1927
[LIVE] udp=1.0/s, objs=1.0/s, last_udp=0.62s, meas=1, tracks=2, valid=0, master=1927
[LIVE] udp=1.0/s, objs=1.0/s, last_udp=0.98s, meas=1, tracks=3, valid=0, master=1927
[LIVE] udp=0.0/s, objs=0.0/s, last_udp=1.98s, meas=1, tracks=3, valid=0, master=1927
[LIVE] udp=0.0/s, objs=0.0/s, last_udp=2.98s, meas=1, tracks=3, valid=0, master=1927
[LIVE] udp=0.0/s, objs=0.0/s, last_udp=3.99s, meas=1, tracks=3, valid=0, master=1927
[LIVE] udp=0.0/s, objs=0.0/s, last_udp=4.99s, meas=1, tracks=3, valid=0, master=1927
[LIVE] udp=0.0/s, objs=0.0/s, last_udp=5.99s, meas=1, tracks=3, valid=0, master=1927
[Warning] 逻辑ID 1 没有配置偏差数据
[LIVE] udp=1.0/s, objs=1.0/s, last_udp=0.72s, meas=0, tracks=2, valid=0, master=1927
[Warning] 逻辑ID 1 没有配置偏差数据
[LIVE] udp=2.0/s, objs=2.0/s, last_udp=0.29s, meas=1, tracks=2, valid=0, master=1927
[GPS] GGA fix_quality=1, num_sats=21, hdop=0.8, lat=30.408112872, lon=104.0886311705
[LIVE] udp=3.0/s, objs=3.0/s, last_udp=0.04s, meas=0, tracks=3, valid=0, master=1927
[Warning] 逻辑ID 1 没有配置偏差数据
[LIVE] udp=4.0/s, objs=4.0/s, last_udp=0.84s, meas=0, tracks=4, valid=0, master=1927
[LIVE] udp=2.0/s, objs=3.0/s, last_udp=0.00s, meas=0, tracks=4, valid=0, master=1927
[LIVE] udp=0.0/s, objs=0.0/s, last_udp=1.00s, meas=2, tracks=5, valid=0, master=1927
[LIVE] udp=0.0/s, objs=0.0/s, last_udp=2.01s, meas=2, tracks=5, valid=0, master=1927
[LIVE] udp=0.0/s, objs=0.0/s, last_udp=3.01s, meas=2, tracks=5, valid=0, master=1927
[Warning] 逻辑ID 1 没有配置偏差数据
[Warning] 逻辑ID 1 没有配置偏差数据
[LIVE] udp=2.0/s, objs=2.0/s, last_udp=0.19s, meas=0, tracks=5, valid=0, master=1927
[Warning] 逻辑ID 1 没有配置偏差数据
[Warning] 逻辑ID 1 没有配置偏差数据
[LIVE] udp=2.0/s, objs=2.0/s, last_udp=0.39s, meas=0, tracks=5, valid=0, master=1927
[LIVE] udp=0.0/s, objs=0.0/s, last_udp=1.39s, meas=0, tracks=5, valid=0, master=1927
[LIVE] udp=1.0/s, objs=1.0/s, last_udp=0.08s, meas=0, tracks=5, valid=0, master=1927
[Warning] 逻辑ID 1 没有配置偏差数据
[GPS] GGA fix_quality=1, num_sats=21, hdop=0.8, lat=30.408112839666668, lon=104.08863508016667
[Warning] 逻辑ID 1 没有配置偏差数据
[Warning] 逻辑ID 1 没有配置偏差数据
[LIVE] udp=2.0/s, objs=2.0/s, last_udp=0.44s, meas=0, tracks=5, valid=0, master=1927
[Warning] 逻辑ID 1 没有配置偏差数据
[Warning] 逻辑ID 1 没有配置偏差数据
[Warning] 逻辑ID 1 没有配置偏差数据
[Warning] 逻辑ID 1 没有配置偏差数据
[Warning] 逻辑ID 1 没有配置偏差数据
[Warning] 逻辑ID 1 没有配置偏差数据
[LIVE] udp=7.0/s, objs=7.0/s, last_udp=0.02s, meas=0, tracks=4, valid=0, master=1927
[Warning] 逻辑ID 1 没有配置偏差数据
[Warning] 逻辑ID 1 没有配置偏差数据
[LIVE] udp=1.0/s, objs=1.0/s, last_udp=0.61s, meas=0, tracks=2, valid=0, master=1927
[LIVE] udp=1.0/s, objs=1.0/s, last_udp=0.35s, meas=1, tracks=2, valid=0, master=1927
[LIVE] udp=0.0/s, objs=0.0/s, last_udp=1.35s, meas=1, tracks=2, valid=0, master=1927
[LIVE] udp=0.0/s, objs=0.0/s, last_udp=2.35s, meas=1, tracks=2, valid=0, master=1927
[LIVE] udp=0.0/s, objs=0.0/s, last_udp=3.35s, meas=1, tracks=2, valid=0, master=1927
[LIVE] udp=0.0/s, objs=0.0/s, last_udp=4.35s, meas=1, tracks=2, valid=0, master=1927
[LIVE] udp=0.0/s, objs=0.0/s, last_udp=5.35s, meas=1, tracks=2, valid=0, master=1927
[LIVE] udp=1.0/s, objs=1.0/s, last_udp=0.15s, meas=1, tracks=2, valid=0, master=1927
[GPS] GGA fix_quality=1, num_sats=21, hdop=0.8, lat=30.4081135325, lon=104.08864301233334
[LIVE] udp=0.0/s, objs=0.0/s, last_udp=1.15s, meas=1, tracks=1, valid=1, master=1947
[LIVE] udp=0.0/s, objs=0.0/s, last_udp=2.16s, meas=1, tracks=1, valid=1, master=1947
[LIVE] udp=0.0/s, objs=0.0/s, last_udp=3.16s, meas=1, tracks=1, valid=1, master=1947
[LIVE] udp=2.0/s, objs=2.0/s, last_udp=0.49s, meas=1, tracks=2, valid=0, master=1947
[LIVE] udp=0.0/s, objs=0.0/s, last_udp=1.49s, meas=1, tracks=2, valid=0, master=1947
[LIVE] udp=0.0/s, objs=0.0/s, last_udp=2.49s, meas=1, tracks=2, valid=0, master=1947
[LIVE] udp=1.0/s, objs=1.0/s, last_udp=0.08s, meas=1, tracks=2, valid=0, master=1947
[LIVE] udp=3.0/s, objs=3.0/s, last_udp=0.19s, meas=1, tracks=2, valid=1, master=1952
[LIVE] udp=0.0/s, objs=0.0/s, last_udp=1.19s, meas=1, tracks=2, valid=1, master=1952
[LIVE] udp=0.0/s, objs=0.0/s, last_udp=2.20s, meas=1, tracks=2, valid=1, master=1952
[GPS] GGA fix_quality=1, num_sats=21, hdop=0.8, lat=30.4081119925, lon=104.08864094233333
[LIVE] udp=1.0/s, objs=1.0/s, last_udp=0.46s, meas=1, tracks=2, valid=0, master=1952
[LIVE] udp=0.0/s, objs=0.0/s, last_udp=1.46s, meas=1, tracks=2, valid=0, master=1952
[LIVE] udp=0.0/s, objs=0.0/s, last_udp=2.46s, meas=1, tracks=2, valid=0, master=1952
[LIVE] udp=0.0/s, objs=0.0/s, last_udp=3.47s, meas=1, tracks=2, valid=0, master=1952
[LIVE] udp=0.0/s, objs=0.0/s, last_udp=4.47s, meas=1, tracks=2, valid=0, master=1952
[LIVE] udp=0.0/s, objs=0.0/s, last_udp=5.47s, meas=1, tracks=2, valid=0, master=1952
[LIVE] udp=0.0/s, objs=0.0/s, last_udp=6.47s, meas=1, tracks=2, valid=0, master=1952
[LIVE] udp=0.0/s, objs=0.0/s, last_udp=7.48s, meas=1, tracks=2, valid=0, master=1952
[LIVE] udp=0.0/s, objs=0.0/s, last_udp=8.48s, meas=1, tracks=2, valid=0, master=1952
[LIVE] udp=0.0/s, objs=0.0/s, last_udp=9.48s, meas=1, tracks=2, valid=0, master=1952
[GPS] GGA fix_quality=1, num_sats=20, hdop=0.8, lat=30.408110452, lon=104.08864348316666
[LIVE] udp=0.0/s, objs=0.0/s, last_udp=10.48s, meas=1, tracks=2, valid=0, master=1952
[LIVE] udp=0.0/s, objs=0.0/s, last_udp=11.48s, meas=1, tracks=2, valid=0, master=1952
[LIVE] udp=0.0/s, objs=0.0/s, last_udp=12.48s, meas=1, tracks=2, valid=0, master=1952
[LIVE] udp=0.0/s, objs=0.0/s, last_udp=13.49s, meas=1, tracks=2, valid=0, master=1952
[LIVE] udp=0.0/s, objs=0.0/s, last_udp=14.49s, meas=1, tracks=2, valid=0, master=1952
[LIVE] udp=0.0/s, objs=0.0/s, last_udp=15.49s, meas=1, tracks=2, valid=0, master=1952
[LIVE] udp=3.0/s, objs=3.0/s, last_udp=0.03s, meas=1, tracks=1, valid=0, master=1952
[LIVE] udp=3.0/s, objs=3.0/s, last_udp=0.28s, meas=1, tracks=4, valid=0, master=1952
[LIVE] udp=1.0/s, objs=1.0/s, last_udp=0.97s, meas=1, tracks=5, valid=0, master=1952
[LIVE] udp=0.0/s, objs=0.0/s, last_udp=1.97s, meas=1, tracks=5, valid=0, master=1952
[GPS] GGA fix_quality=1, num_sats=20, hdop=0.8, lat=30.408109518666667, lon=104.08864162683334
[LIVE] udp=0.0/s, objs=0.0/s, last_udp=2.98s, meas=1, tracks=5, valid=0, master=1952
[LIVE] udp=0.0/s, objs=0.0/s, last_udp=3.98s, meas=1, tracks=5, valid=0, master=1952
[LIVE] udp=0.0/s, objs=0.0/s, last_udp=4.98s, meas=1, tracks=5, valid=0, master=1952
[LIVE] udp=2.0/s, objs=2.0/s, last_udp=0.35s, meas=1, tracks=5, valid=0, master=1952
[LIVE] udp=0.0/s, objs=0.0/s, last_udp=1.36s, meas=1, tracks=5, valid=0, master=1952
[LIVE] udp=0.0/s, objs=0.0/s, last_udp=2.36s, meas=1, tracks=5, valid=0, master=1952
[LIVE] udp=1.0/s, objs=1.0/s, last_udp=1.00s, meas=1, tracks=5, valid=0, master=1952
[LIVE] udp=0.0/s, objs=0.0/s, last_udp=2.00s, meas=1, tracks=5, valid=0, master=1952
[Warning] 逻辑ID 1 没有配置偏差数据
[LIVE] udp=1.0/s, objs=1.0/s, last_udp=0.39s, meas=0, tracks=3, valid=0, master=1952
[LIVE] udp=0.0/s, objs=0.0/s, last_udp=1.39s, meas=0, tracks=3, valid=0, master=1952
[GPS] GGA fix_quality=1, num_sats=21, hdop=0.8, lat=30.408108977333335, lon=104.08863896183334
[LIVE] udp=1.0/s, objs=1.0/s, last_udp=0.23s, meas=1, tracks=3, valid=0, master=1952
[LIVE] udp=2.0/s, objs=2.0/s, last_udp=0.03s, meas=1, tracks=4, valid=0, master=1952
[LIVE] udp=3.0/s, objs=3.0/s, last_udp=0.41s, meas=2, tracks=6, valid=0, master=1952
[LIVE] udp=0.0/s, objs=0.0/s, last_udp=1.41s, meas=2, tracks=6, valid=0, master=1952
[LIVE] udp=4.0/s, objs=6.0/s, last_udp=0.22s, meas=3, tracks=7, valid=0, master=1952
[LIVE] udp=0.0/s, objs=0.0/s, last_udp=1.23s, meas=3, tracks=7, valid=0, master=1952
[LIVE] udp=0.0/s, objs=0.0/s, last_udp=2.23s, meas=3, tracks=7, valid=0, master=1952
[LIVE] udp=0.0/s, objs=0.0/s, last_udp=3.23s, meas=3, tracks=7, valid=0, master=1952
[LIVE] udp=0.0/s, objs=0.0/s, last_udp=4.23s, meas=3, tracks=7, valid=0, master=1952
[LIVE] udp=0.0/s, objs=0.0/s, last_udp=5.24s, meas=3, tracks=7, valid=0, master=1952
[GPS] GGA fix_quality=1, num_sats=21, hdop=0.8, lat=30.408109236666668, lon=104.08863913883333
[LIVE] udp=0.0/s, objs=0.0/s, last_udp=6.24s, meas=3, tracks=7, valid=0, master=1952
[LIVE] udp=2.0/s, objs=3.0/s, last_udp=0.67s, meas=2, tracks=6, valid=1, master=1962
[LIVE] udp=2.0/s, objs=2.0/s, last_udp=0.40s, meas=2, tracks=6, valid=0, master=1962
[LIVE] udp=4.0/s, objs=4.0/s, last_udp=0.15s, meas=1, tracks=6, valid=0, master=1962
[LIVE] udp=1.0/s, objs=1.0/s, last_udp=0.84s, meas=1, tracks=7, valid=0, master=1962
[LIVE] udp=0.0/s, objs=0.0/s, last_udp=1.84s, meas=1, tracks=7, valid=0, master=1962
[LIVE] udp=0.0/s, objs=0.0/s, last_udp=2.84s, meas=1, tracks=7, valid=0, master=1962
[LIVE] udp=0.0/s, objs=0.0/s, last_udp=3.85s, meas=1, tracks=7, valid=0, master=1962
[LIVE] udp=0.0/s, objs=0.0/s, last_udp=4.85s, meas=1, tracks=7, valid=0, master=1962
[LIVE] udp=0.0/s, objs=0.0/s, last_udp=5.85s, meas=1, tracks=7, valid=0, master=1962
[GPS] GGA fix_quality=1, num_sats=21, hdop=0.8, lat=30.408109075833334, lon=104.0886403385
[LIVE] udp=0.0/s, objs=0.0/s, last_udp=6.85s, meas=1, tracks=7, valid=0, master=1962
[LIVE] udp=1.0/s, objs=1.0/s, last_udp=0.35s, meas=1, tracks=6, valid=0, master=1962
[LIVE] udp=1.0/s, objs=1.0/s, last_udp=0.00s, meas=1, tracks=6, valid=0, master=1962
[LIVE] udp=2.0/s, objs=2.0/s, last_udp=0.66s, meas=1, tracks=7, valid=0, master=1962
[LIVE] udp=0.0/s, objs=0.0/s, last_udp=1.66s, meas=1, tracks=7, valid=0, master=1962
[LIVE] udp=0.0/s, objs=0.0/s, last_udp=2.66s, meas=1, tracks=7, valid=0, master=1962
[LIVE] udp=0.0/s, objs=0.0/s, last_udp=3.66s, meas=1, tracks=7, valid=0, master=1962
[LIVE] udp=0.0/s, objs=0.0/s, last_udp=4.66s, meas=1, tracks=7, valid=0, master=1962
[LIVE] udp=0.0/s, objs=0.0/s, last_udp=5.66s, meas=1, tracks=7, valid=0, master=1962
[LIVE] udp=0.0/s, objs=0.0/s, last_udp=6.66s, meas=1, tracks=7, valid=0, master=1962
[GPS] GGA fix_quality=1, num_sats=20, hdop=0.8, lat=30.408105564666666, lon=104.08863695683333
[LIVE] udp=0.0/s, objs=0.0/s, last_udp=7.67s, meas=1, tracks=7, valid=0, master=1962
[LIVE] udp=0.0/s, objs=0.0/s, last_udp=8.67s, meas=1, tracks=7, valid=0, master=1962
[LIVE] udp=4.0/s, objs=4.0/s, last_udp=0.04s, meas=1, tracks=4, valid=0, master=1962
[LIVE] udp=1.0/s, objs=1.0/s, last_udp=0.92s, meas=1, tracks=5, valid=0, master=1962
[Warning] 逻辑ID 1 没有配置偏差数据
[LIVE] udp=1.0/s, objs=1.0/s, last_udp=0.90s, meas=0, tracks=2, valid=0, master=1962
[LIVE] udp=2.0/s, objs=2.0/s, last_udp=0.08s, meas=0, tracks=2, valid=0, master=1962
[LIVE] udp=6.0/s, objs=6.0/s, last_udp=0.13s, meas=0, tracks=2, valid=0, master=1962
[LIVE] udp=4.0/s, objs=4.0/s, last_udp=0.25s, meas=0, tracks=2, valid=0, master=1962
[LIVE] udp=2.0/s, objs=2.0/s, last_udp=0.04s, meas=1, tracks=3, valid=0, master=1962
[LIVE] udp=4.0/s, objs=4.0/s, last_udp=0.05s, meas=1, tracks=5, valid=0, master=1962
[GPS] GGA fix_quality=1, num_sats=20, hdop=0.8, lat=30.4081082705, lon=104.0886380185
[LIVE] udp=3.0/s, objs=3.0/s, last_udp=0.34s, meas=1, tracks=8, valid=0, master=1962
[LIVE] udp=1.0/s, objs=1.0/s, last_udp=0.16s, meas=1, tracks=8, valid=0, master=1962
[Warning] 逻辑ID 1 没有配置偏差数据
[Warning] 逻辑ID 1 没有配置偏差数据
[Warning] 逻辑ID 1 没有配置偏差数据
[Warning] 逻辑ID 1 没有配置偏差数据
[LIVE] udp=3.0/s, objs=3.0/s, last_udp=0.28s, meas=0, tracks=8, valid=0, master=1962
[Warning] 逻辑ID 1 没有配置偏差数据
[Warning] 逻辑ID 1 没有配置偏差数据
[Warning] 逻辑ID 1 没有配置偏差数据
[LIVE] udp=3.0/s, objs=3.0/s, last_udp=0.42s, meas=0, tracks=8, valid=0, master=1962
[LIVE] udp=0.0/s, objs=0.0/s, last_udp=1.42s, meas=0, tracks=8, valid=0, master=1962
[LIVE] udp=1.0/s, objs=1.0/s, last_udp=0.41s, meas=1, tracks=6, valid=0, master=1962
[LIVE] udp=0.0/s, objs=0.0/s, last_udp=1.41s, meas=1, tracks=6, valid=0, master=1962
[LIVE] udp=2.0/s, objs=2.0/s, last_udp=0.07s, meas=1, tracks=7, valid=0, master=1962
[LIVE] udp=1.0/s, objs=1.0/s, last_udp=0.41s, meas=1, tracks=7, valid=1, master=1977
[LIVE] udp=4.0/s, objs=4.0/s, last_udp=0.28s, meas=1, tracks=7, valid=1, master=1977
[GPS] GGA fix_quality=1, num_sats=20, hdop=0.8, lat=30.408107634166665, lon=104.088642588
[LIVE] udp=7.0/s, objs=7.0/s, last_udp=0.04s, meas=1, tracks=5, valid=1, master=1977
[LIVE] udp=10.0/s, objs=10.0/s, last_udp=0.13s, meas=2, tracks=8, valid=1, master=1977
[LIVE] udp=6.0/s, objs=6.0/s, last_udp=0.11s, meas=1, tracks=8, valid=1, master=1977
[LIVE] udp=6.0/s, objs=6.0/s, last_udp=0.11s, meas=1, tracks=8, valid=1, master=1977
[LIVE] udp=4.0/s, objs=4.0/s, last_udp=0.10s, meas=1, tracks=8, valid=1, master=1977
[LIVE] udp=3.0/s, objs=3.0/s, last_udp=0.13s, meas=1, tracks=8, valid=1, master=1977
[LIVE] udp=6.0/s, objs=6.0/s, last_udp=0.06s, meas=1, tracks=8, valid=1, master=1977
[LIVE] udp=6.0/s, objs=6.0/s, last_udp=0.12s, meas=1, tracks=8, valid=1, master=1977
[LIVE] udp=7.0/s, objs=7.0/s, last_udp=0.08s, meas=1, tracks=7, valid=1, master=1977
[LIVE] udp=4.0/s, objs=4.0/s, last_udp=0.04s, meas=1, tracks=7, valid=1, master=1977
[GPS] GGA fix_quality=1, num_sats=20, hdop=0.8, lat=30.4081104115, lon=104.08864221766666
[LIVE] udp=5.0/s, objs=5.0/s, last_udp=0.09s, meas=1, tracks=7, valid=1, master=1977
[LIVE] udp=7.0/s, objs=7.0/s, last_udp=0.00s, meas=1, tracks=7, valid=1, master=1977
[LIVE] udp=8.0/s, objs=8.0/s, last_udp=0.01s, meas=1, tracks=7, valid=1, master=1977
[LIVE] udp=7.0/s, objs=7.0/s, last_udp=0.05s, meas=1, tracks=5, valid=1, master=1977
[LIVE] udp=7.0/s, objs=7.0/s, last_udp=0.10s, meas=1, tracks=2, valid=1, master=1977
[LIVE] udp=9.0/s, objs=9.0/s, last_udp=0.01s, meas=1, tracks=1, valid=1, master=1977
[LIVE] udp=8.0/s, objs=8.0/s, last_udp=0.15s, meas=2, tracks=4, valid=1, master=1977
[LIVE] udp=8.0/s, objs=8.0/s, last_udp=0.07s, meas=1, tracks=4, valid=1, master=1977
[LIVE] udp=6.0/s, objs=6.0/s, last_udp=0.06s, meas=1, tracks=4, valid=1, master=1977
[LIVE] udp=8.0/s, objs=8.0/s, last_udp=0.06s, meas=1, tracks=4, valid=1, master=1977
[GPS] GGA fix_quality=1, num_sats=20, hdop=0.8, lat=30.408110663666665, lon=104.0886407425
[LIVE] udp=5.0/s, objs=5.0/s, last_udp=0.04s, meas=1, tracks=4, valid=1, master=1977
[LIVE] udp=7.0/s, objs=7.0/s, last_udp=0.03s, meas=1, tracks=4, valid=1, master=1977
[LIVE] udp=6.0/s, objs=6.0/s, last_udp=0.05s, meas=1, tracks=4, valid=1, master=1977
[LIVE] udp=5.0/s, objs=5.0/s, last_udp=0.07s, meas=1, tracks=4, valid=1, master=1977
[LIVE] udp=10.0/s, objs=10.0/s, last_udp=0.10s, meas=3, tracks=4, valid=1, master=1977
[LIVE] udp=11.9/s, objs=11.9/s, last_udp=0.04s, meas=1, tracks=7, valid=1, master=1977
[LIVE] udp=7.0/s, objs=7.0/s, last_udp=0.00s, meas=1, tracks=7, valid=1, master=1977
[LIVE] udp=7.0/s, objs=7.0/s, last_udp=0.03s, meas=1, tracks=7, valid=1, master=1977
[LIVE] udp=5.0/s, objs=5.0/s, last_udp=0.10s, meas=1, tracks=7, valid=1, master=1977
[LIVE] udp=8.0/s, objs=8.0/s, last_udp=0.10s, meas=2, tracks=8, valid=1, master=1977
[GPS] GGA fix_quality=1, num_sats=21, hdop=0.8, lat=30.408109877666668, lon=104.08863951316667
[LIVE] udp=6.0/s, objs=6.0/s, last_udp=0.13s, meas=1, tracks=8, valid=1, master=1977
[LIVE] udp=8.0/s, objs=8.0/s, last_udp=0.04s, meas=1, tracks=8, valid=1, master=1977
[LIVE] udp=7.0/s, objs=7.0/s, last_udp=0.09s, meas=1, tracks=8, valid=1, master=1977
[LIVE] udp=8.0/s, objs=8.0/s, last_udp=0.05s, meas=1, tracks=8, valid=1, master=1977
[LIVE] udp=7.0/s, objs=7.0/s, last_udp=0.11s, meas=1, tracks=8, valid=1, master=1977
[LIVE] udp=6.0/s, objs=6.0/s, last_udp=0.05s, meas=1, tracks=8, valid=1, master=1977
[Warning] 逻辑ID 1 没有配置偏差数据
[LIVE] udp=5.0/s, objs=5.0/s, last_udp=0.05s, meas=0, tracks=8, valid=0, master=1977
[Warning] 逻辑ID 1 没有配置偏差数据
[Warning] 逻辑ID 1 没有配置偏差数据
[LIVE] udp=6.0/s, objs=6.0/s, last_udp=0.11s, meas=1, tracks=7, valid=1, master=1977
[Warning] 逻辑ID 1 没有配置偏差数据
[LIVE] udp=8.0/s, objs=8.0/s, last_udp=0.06s, meas=1, tracks=2, valid=1, master=1977
[LIVE] udp=7.0/s, objs=7.0/s, last_udp=0.06s, meas=1, tracks=2, valid=1, master=1977
[GPS] GGA fix_quality=1, num_sats=21, hdop=0.8, lat=30.408113763666666, lon=104.08863985116666
[LIVE] udp=5.0/s, objs=5.0/s, last_udp=0.14s, meas=1, tracks=2, valid=1, master=1977
[LIVE] udp=8.0/s, objs=8.0/s, last_udp=0.08s, meas=2, tracks=2, valid=1, master=1977
[Warning] 逻辑ID 1 没有配置偏差数据
[Warning] 逻辑ID 1 没有配置偏差数据
[Warning] 逻辑ID 1 没有配置偏差数据
[LIVE] udp=12.0/s, objs=13.0/s, last_udp=0.17s, meas=2, tracks=4, valid=1, master=1977
[LIVE] udp=9.0/s, objs=9.0/s, last_udp=0.01s, meas=1, tracks=5, valid=1, master=1977
[LIVE] udp=8.0/s, objs=8.0/s, last_udp=0.03s, meas=2, tracks=9, valid=1, master=1977
[LIVE] udp=5.0/s, objs=5.0/s, last_udp=0.12s, meas=1, tracks=10, valid=1, master=1977
[LIVE] udp=5.0/s, objs=5.0/s, last_udp=0.03s, meas=1, tracks=10, valid=1, master=1977
[LIVE] udp=3.0/s, objs=3.0/s, last_udp=0.25s, meas=1, tracks=10, valid=1, master=1977
[LIVE] udp=8.0/s, objs=8.0/s, last_udp=0.10s, meas=1, tracks=10, valid=1, master=1977
[LIVE] udp=9.0/s, objs=9.0/s, last_udp=0.05s, meas=1, tracks=10, valid=1, master=1977
[GPS] GGA fix_quality=1, num_sats=22, hdop=0.7, lat=30.40811445983333, lon=104.08863701866666
[LIVE] udp=7.0/s, objs=7.0/s, last_udp=0.12s, meas=2, tracks=10, valid=1, master=1977
[Warning] 逻辑ID 1 没有配置偏差数据
[Warning] 逻辑ID 1 没有配置偏差数据
[LIVE] udp=10.0/s, objs=10.0/s, last_udp=0.09s, meas=1, tracks=10, valid=1, master=1977
[LIVE] udp=8.0/s, objs=8.0/s, last_udp=0.01s, meas=1, tracks=10, valid=1, master=1977
[LIVE] udp=10.0/s, objs=12.0/s, last_udp=0.06s, meas=3, tracks=12, valid=2, master=1977
[LIVE] udp=7.0/s, objs=7.0/s, last_udp=0.04s, meas=1, tracks=12, valid=1, master=1977
[LIVE] udp=8.0/s, objs=9.0/s, last_udp=0.07s, meas=2, tracks=12, valid=1, master=1977
[LIVE] udp=7.0/s, objs=7.0/s, last_udp=0.08s, meas=1, tracks=10, valid=1, master=1977
[LIVE] udp=7.0/s, objs=7.0/s, last_udp=0.02s, meas=1, tracks=9, valid=1, master=1977
[LIVE] udp=4.0/s, objs=4.0/s, last_udp=0.22s, meas=1, tracks=9, valid=1, master=1977
[LIVE] udp=6.0/s, objs=6.0/s, last_udp=0.10s, meas=1, tracks=10, valid=1, master=1977
[GPS] GGA fix_quality=1, num_sats=20, hdop=0.9, lat=30.408114559833333, lon=104.0886348565
[LIVE] udp=8.0/s, objs=8.0/s, last_udp=0.01s, meas=1, tracks=10, valid=1, master=1977
[LIVE] udp=4.0/s, objs=4.0/s, last_udp=0.20s, meas=1, tracks=10, valid=1, master=1977
[LIVE] udp=4.0/s, objs=4.0/s, last_udp=0.05s, meas=1, tracks=7, valid=1, master=1977
[Warning] 逻辑ID 1 没有配置偏差数据
[LIVE] udp=8.0/s, objs=8.0/s, last_udp=0.10s, meas=1, tracks=5, valid=1, master=1977
[Warning] 逻辑ID 1 没有配置偏差数据
[Warning] 逻辑ID 1 没有配置偏差数据
[LIVE] udp=11.0/s, objs=11.0/s, last_udp=0.06s, meas=1, tracks=4, valid=1, master=1977
[Warning] 逻辑ID 1 没有配置偏差数据
[Warning] 逻辑ID 1 没有配置偏差数据
[LIVE] udp=7.0/s, objs=7.0/s, last_udp=0.04s, meas=1, tracks=4, valid=1, master=1977
[LIVE] udp=9.0/s, objs=9.0/s, last_udp=0.01s, meas=1, tracks=5, valid=1, master=1977
[LIVE] udp=7.0/s, objs=7.0/s, last_udp=0.01s, meas=1, tracks=5, valid=1, master=1977
[LIVE] udp=5.0/s, objs=5.0/s, last_udp=0.21s, meas=1, tracks=5, valid=1, master=1977
[LIVE] udp=7.0/s, objs=7.0/s, last_udp=0.03s, meas=1, tracks=3, valid=1, master=1977
[GPS] GGA fix_quality=1, num_sats=21, hdop=0.8, lat=30.408114786, lon=104.0886335325
[LIVE] udp=7.0/s, objs=7.0/s, last_udp=0.03s, meas=1, tracks=3, valid=1, master=1977
[Warning] 逻辑ID 1 没有配置偏差数据
[LIVE] udp=6.0/s, objs=6.0/s, last_udp=0.15s, meas=1, tracks=3, valid=1, master=1977
[LIVE] udp=4.0/s, objs=4.0/s, last_udp=0.12s, meas=1, tracks=3, valid=1, master=1977
[LIVE] udp=3.0/s, objs=3.0/s, last_udp=0.19s, meas=1, tracks=2, valid=1, master=1977
[LIVE] udp=4.0/s, objs=4.0/s, last_udp=0.07s, meas=1, tracks=2, valid=1, master=1977
[LIVE] udp=7.0/s, objs=7.0/s, last_udp=0.01s, meas=1, tracks=2, valid=1, master=1977
[LIVE] udp=6.0/s, objs=6.0/s, last_udp=0.06s, meas=1, tracks=2, valid=1, master=1977
[LIVE] udp=6.0/s, objs=6.0/s, last_udp=0.12s, meas=1, tracks=2, valid=1, master=1977
[LIVE] udp=8.0/s, objs=8.0/s, last_udp=0.03s, meas=1, tracks=3, valid=1, master=1977
[LIVE] udp=6.0/s, objs=6.0/s, last_udp=0.12s, meas=1, tracks=2, valid=1, master=1977
[GPS] GGA fix_quality=1, num_sats=20, hdop=0.9, lat=30.408117784833333, lon=104.088640179
[LIVE] udp=6.0/s, objs=6.0/s, last_udp=0.09s, meas=1, tracks=2, valid=1, master=1977
[LIVE] udp=11.0/s, objs=11.0/s, last_udp=0.00s, meas=1, tracks=4, valid=1, master=1977
[LIVE] udp=7.0/s, objs=7.0/s, last_udp=0.04s, meas=1, tracks=4, valid=1, master=1977
[LIVE] udp=8.0/s, objs=8.0/s, last_udp=0.02s, meas=1, tracks=4, valid=1, master=1977
[LIVE] udp=5.0/s, objs=5.0/s, last_udp=0.05s, meas=1, tracks=4, valid=1, master=1977
[LIVE] udp=6.0/s, objs=6.0/s, last_udp=0.04s, meas=1, tracks=4, valid=1, master=1977
[LIVE] udp=9.0/s, objs=9.0/s, last_udp=0.10s, meas=1, tracks=6, valid=1, master=1977
[LIVE] udp=7.0/s, objs=7.0/s, last_udp=0.02s, meas=1, tracks=6, valid=1, master=1977
[LIVE] udp=7.0/s, objs=7.0/s, last_udp=0.02s, meas=1, tracks=6, valid=1, master=1977
[GPS] GGA fix_quality=1, num_sats=21, hdop=0.8, lat=30.408118731, lon=104.08863904083333
[LIVE] udp=7.0/s, objs=7.0/s, last_udp=0.07s, meas=1, tracks=6, valid=1, master=1977
[LIVE] udp=8.0/s, objs=8.0/s, last_udp=0.06s, meas=1, tracks=6, valid=1, master=1977
[LIVE] udp=7.0/s, objs=7.0/s, last_udp=0.13s, meas=1, tracks=6, valid=1, master=1977
[LIVE] udp=9.0/s, objs=9.0/s, last_udp=0.00s, meas=1, tracks=6, valid=1, master=1977
[LIVE] udp=5.0/s, objs=5.0/s, last_udp=0.19s, meas=1, tracks=6, valid=1, master=1977
[LIVE] udp=8.0/s, objs=8.0/s, last_udp=0.11s, meas=1, tracks=4, valid=1, master=1977
[LIVE] udp=7.0/s, objs=7.0/s, last_udp=0.03s, meas=1, tracks=4, valid=1, master=1977
[LIVE] udp=7.0/s, objs=7.0/s, last_udp=0.06s, meas=1, tracks=6, valid=1, master=1977
[LIVE] udp=8.0/s, objs=8.0/s, last_udp=0.03s, meas=1, tracks=6, valid=1, master=1977
[LIVE] udp=6.0/s, objs=6.0/s, last_udp=0.08s, meas=1, tracks=6, valid=1, master=1977
[GPS] GGA fix_quality=1, num_sats=20, hdop=0.9, lat=30.408124438, lon=104.08864221016667
[LIVE] udp=8.0/s, objs=8.0/s, last_udp=0.11s, meas=1, tracks=3, valid=1, master=1977
[LIVE] udp=6.0/s, objs=6.0/s, last_udp=0.17s, meas=1, tracks=3, valid=1, master=1977
[LIVE] udp=6.0/s, objs=6.0/s, last_udp=0.07s, meas=1, tracks=3, valid=1, master=1977
[LIVE] udp=8.0/s, objs=8.0/s, last_udp=0.17s, meas=1, tracks=4, valid=1, master=1977
[LIVE] udp=3.0/s, objs=3.0/s, last_udp=0.18s, meas=1, tracks=4, valid=1, master=1977
[LIVE] udp=6.0/s, objs=6.0/s, last_udp=0.10s, meas=1, tracks=4, valid=1, master=1977
[LIVE] udp=5.0/s, objs=5.0/s, last_udp=0.20s, meas=1, tracks=4, valid=1, master=1977
[LIVE] udp=7.0/s, objs=7.0/s, last_udp=0.19s, meas=1, tracks=5, valid=1, master=1977
[LIVE] udp=5.0/s, objs=5.0/s, last_udp=0.14s, meas=1, tracks=6, valid=1, master=1977
[LIVE] udp=5.0/s, objs=5.0/s, last_udp=0.03s, meas=1, tracks=6, valid=1, master=1977
[GPS] GGA fix_quality=1, num_sats=20, hdop=0.9, lat=30.408126011666667, lon=104.08863838883333
[LIVE] udp=7.0/s, objs=7.0/s, last_udp=0.00s, meas=1, tracks=5, valid=1, master=1977
[LIVE] udp=5.0/s, objs=5.0/s, last_udp=0.00s, meas=1, tracks=5, valid=1, master=1977
[LIVE] udp=8.0/s, objs=8.0/s, last_udp=0.18s, meas=2, tracks=7, valid=1, master=1977
[LIVE] udp=6.0/s, objs=6.0/s, last_udp=0.02s, meas=1, tracks=7, valid=1, master=1977
[LIVE] udp=4.0/s, objs=4.0/s, last_udp=0.05s, meas=1, tracks=7, valid=1, master=1977
[LIVE] udp=6.0/s, objs=6.0/s, last_udp=0.23s, meas=1, tracks=7, valid=1, master=1977
[LIVE] udp=5.0/s, objs=5.0/s, last_udp=0.10s, meas=1, tracks=6, valid=1, master=1977
[LIVE] udp=6.0/s, objs=6.0/s, last_udp=0.09s, meas=1, tracks=6, valid=1, master=1977
[Warning] 逻辑ID 1 没有配置偏差数据
[Warning] 逻辑ID 1 没有配置偏差数据
[LIVE] udp=9.0/s, objs=9.0/s, last_udp=0.24s, meas=1, tracks=6, valid=1, master=1977
[LIVE] udp=6.0/s, objs=6.0/s, last_udp=0.23s, meas=1, tracks=6, valid=1, master=1977
[GPS] GGA fix_quality=1, num_sats=20, hdop=0.9, lat=30.408122754, lon=104.08863629666666
[LIVE] udp=6.0/s, objs=6.0/s, last_udp=0.08s, meas=1, tracks=5, valid=1, master=1977
[LIVE] udp=7.0/s, objs=7.0/s, last_udp=0.04s, meas=1, tracks=4, valid=1, master=1977
[LIVE] udp=6.0/s, objs=6.0/s, last_udp=0.14s, meas=1, tracks=4, valid=1, master=1977
[LIVE] udp=5.0/s, objs=5.0/s, last_udp=0.21s, meas=1, tracks=4, valid=1, master=1977
[Warning] 逻辑ID 1 没有配置偏差数据
[LIVE] udp=7.0/s, objs=7.0/s, last_udp=0.10s, meas=1, tracks=4, valid=1, master=1977
[LIVE] udp=4.0/s, objs=4.0/s, last_udp=0.22s, meas=1, tracks=4, valid=1, master=1977
[LIVE] udp=7.0/s, objs=7.0/s, last_udp=0.12s, meas=1, tracks=3, valid=1, master=1977
[LIVE] udp=8.0/s, objs=8.0/s, last_udp=0.13s, meas=1, tracks=2, valid=1, master=1977
[LIVE] udp=9.0/s, objs=9.0/s, last_udp=0.01s, meas=1, tracks=1, valid=1, master=1977
[LIVE] udp=7.0/s, objs=7.0/s, last_udp=0.05s, meas=1, tracks=1, valid=1, master=1977
[Warning] 逻辑ID 1 没有配置偏差数据
[GPS] GGA fix_quality=1, num_sats=21, hdop=0.8, lat=30.408124688, lon=104.08863786366666
[LIVE] udp=10.0/s, objs=10.0/s, last_udp=0.07s, meas=2, tracks=3, valid=1, master=1977
[Warning] 逻辑ID 1 没有配置偏差数据
[Warning] 逻辑ID 1 没有配置偏差数据
[Warning] 逻辑ID 1 没有配置偏差数据
[LIVE] udp=9.0/s, objs=9.0/s, last_udp=0.14s, meas=1, tracks=3, valid=1, master=1977
[Warning] 逻辑ID 1 没有配置偏差数据
[Warning] 逻辑ID 1 没有配置偏差数据
[Warning] 逻辑ID 1 没有配置偏差数据
[LIVE] udp=9.0/s, objs=9.0/s, last_udp=0.06s, meas=1, tracks=3, valid=1, master=1977
[LIVE] udp=6.0/s, objs=6.0/s, last_udp=0.13s, meas=1, tracks=3, valid=1, master=1977
[LIVE] udp=7.0/s, objs=7.0/s, last_udp=0.05s, meas=1, tracks=3, valid=1, master=1977
[LIVE] udp=8.0/s, objs=8.0/s, last_udp=0.09s, meas=1, tracks=4, valid=1, master=1977
[LIVE] udp=6.0/s, objs=7.0/s, last_udp=0.13s, meas=1, tracks=4, valid=1, master=1977
[LIVE] udp=8.0/s, objs=8.0/s, last_udp=0.06s, meas=1, tracks=6, valid=1, master=1977
[LIVE] udp=0.0/s, objs=0.0/s, last_udp=1.07s, meas=1, tracks=6, valid=1, master=1977
[LIVE] udp=3.0/s, objs=3.0/s, last_udp=0.21s, meas=1, tracks=6, valid=1, master=1977
[GPS] GGA fix_quality=1, num_sats=22, hdop=0.8, lat=30.40812304516667, lon=104.08863974316667
[LIVE] udp=8.0/s, objs=8.0/s, last_udp=0.01s, meas=1, tracks=6, valid=1, master=1977
[LIVE] udp=8.0/s, objs=8.0/s, last_udp=0.19s, meas=1, tracks=7, valid=1, master=1977
[LIVE] udp=7.0/s, objs=7.0/s, last_udp=0.08s, meas=1, tracks=7, valid=1, master=1977
[LIVE] udp=3.0/s, objs=3.0/s, last_udp=0.37s, meas=2, tracks=8, valid=0, master=1977
[LIVE] udp=3.0/s, objs=3.0/s, last_udp=0.16s, meas=1, tracks=8, valid=1, master=1977
[LIVE] udp=8.0/s, objs=8.0/s, last_udp=0.05s, meas=1, tracks=9, valid=1, master=1977
[LIVE] udp=6.0/s, objs=6.0/s, last_udp=0.03s, meas=1, tracks=8, valid=1, master=1977
[LIVE] udp=10.0/s, objs=10.0/s, last_udp=0.10s, meas=1, tracks=8, valid=1, master=1977
[LIVE] udp=5.0/s, objs=5.0/s, last_udp=0.20s, meas=1, tracks=8, valid=1, master=1977
[LIVE] udp=4.0/s, objs=4.0/s, last_udp=0.02s, meas=1, tracks=7, valid=1, master=1977
[GPS] GGA fix_quality=1, num_sats=21, hdop=0.8, lat=30.408120352166666, lon=104.08863777516666
[LIVE] udp=5.0/s, objs=5.0/s, last_udp=0.12s, meas=2, tracks=7, valid=1, master=1977
[LIVE] udp=4.0/s, objs=4.0/s, last_udp=0.05s, meas=1, tracks=8, valid=1, master=1977
[LIVE] udp=4.0/s, objs=4.0/s, last_udp=0.01s, meas=1, tracks=8, valid=1, master=1977
[LIVE] udp=6.0/s, objs=6.0/s, last_udp=0.13s, meas=1, tracks=8, valid=1, master=1977
[LIVE] udp=6.0/s, objs=6.0/s, last_udp=0.09s, meas=1, tracks=6, valid=1, master=1977
[LIVE] udp=7.0/s, objs=7.0/s, last_udp=0.04s, meas=1, tracks=6, valid=1, master=1977
[LIVE] udp=9.0/s, objs=11.0/s, last_udp=0.07s, meas=5, tracks=7, valid=1, master=1977
[LIVE] udp=9.0/s, objs=9.0/s, last_udp=0.09s, meas=2, tracks=9, valid=1, master=1977
[LIVE] udp=10.0/s, objs=10.0/s, last_udp=0.06s, meas=1, tracks=10, valid=1, master=1977
[LIVE] udp=7.0/s, objs=7.0/s, last_udp=0.07s, meas=1, tracks=10, valid=1, master=1977
[GPS] GGA fix_quality=1, num_sats=20, hdop=0.8, lat=30.408116421166667, lon=104.08864421983333
[LIVE] udp=7.0/s, objs=7.0/s, last_udp=0.03s, meas=1, tracks=10, valid=1, master=1977
[LIVE] udp=6.0/s, objs=6.0/s, last_udp=0.04s, meas=1, tracks=10, valid=1, master=1977
[LIVE] udp=6.0/s, objs=6.0/s, last_udp=0.11s, meas=1, tracks=10, valid=1, master=1977
[LIVE] udp=5.0/s, objs=5.0/s, last_udp=0.19s, meas=1, tracks=10, valid=1, master=1977
[LIVE] udp=8.0/s, objs=8.0/s, last_udp=0.00s, meas=1, tracks=9, valid=1, master=1977
[LIVE] udp=6.0/s, objs=6.0/s, last_udp=0.10s, meas=1, tracks=9, valid=1, master=1977
[LIVE] udp=7.0/s, objs=7.0/s, last_udp=0.03s, meas=1, tracks=9, valid=1, master=1977
[LIVE] udp=7.0/s, objs=7.0/s, last_udp=0.01s, meas=1, tracks=9, valid=1, master=1977
[LIVE] udp=5.0/s, objs=5.0/s, last_udp=0.07s, meas=1, tracks=9, valid=1, master=1977
[LIVE] udp=6.0/s, objs=7.0/s, last_udp=0.16s, meas=1, tracks=9, valid=1, master=1977
[GPS] GGA fix_quality=1, num_sats=20, hdop=0.8, lat=30.40811537866667, lon=104.088651477
[LIVE] udp=5.0/s, objs=5.0/s, last_udp=0.04s, meas=1, tracks=6, valid=1, master=1977
[LIVE] udp=5.0/s, objs=5.0/s, last_udp=0.15s, meas=1, tracks=5, valid=1, master=1977
[LIVE] udp=6.0/s, objs=6.0/s, last_udp=0.07s, meas=1, tracks=3, valid=1, master=1977
[LIVE] udp=9.0/s, objs=9.0/s, last_udp=0.02s, meas=1, tracks=5, valid=1, master=1977
[LIVE] udp=8.0/s, objs=9.0/s, last_udp=0.07s, meas=1, tracks=6, valid=1, master=1977
[LIVE] udp=8.0/s, objs=8.0/s, last_udp=0.11s, meas=1, tracks=6, valid=1, master=1977
[LIVE] udp=7.0/s, objs=7.0/s, last_udp=0.01s, meas=1, tracks=6, valid=1, master=1977
[LIVE] udp=8.0/s, objs=8.0/s, last_udp=0.01s, meas=1, tracks=6, valid=1, master=1977
[LIVE] udp=6.0/s, objs=6.0/s, last_udp=0.10s, meas=1, tracks=6, valid=1, master=1977
[LIVE] udp=8.0/s, objs=9.0/s, last_udp=0.06s, meas=1, tracks=6, valid=1, master=1977
[GPS] GGA fix_quality=1, num_sats=20, hdop=0.8, lat=30.4081112335, lon=104.08865363366667
[LIVE] udp=12.0/s, objs=12.0/s, last_udp=0.15s, meas=3, tracks=8, valid=1, master=1977
[LIVE] udp=11.0/s, objs=11.0/s, last_udp=0.02s, meas=1, tracks=10, valid=1, master=1977
[LIVE] udp=5.0/s, objs=5.0/s, last_udp=0.08s, meas=1, tracks=9, valid=1, master=1977
[LIVE] udp=6.0/s, objs=7.0/s, last_udp=0.04s, meas=1, tracks=10, valid=1, master=1977
[LIVE] udp=10.0/s, objs=11.0/s, last_udp=0.04s, meas=3, tracks=10, valid=1, master=1977
[LIVE] udp=10.0/s, objs=12.0/s, last_udp=0.05s, meas=2, tracks=13, valid=1, master=1977
[LIVE] udp=7.0/s, objs=7.0/s, last_udp=0.19s, meas=1, tracks=15, valid=1, master=1977
[LIVE] udp=8.0/s, objs=8.0/s, last_udp=0.03s, meas=1, tracks=15, valid=1, master=1977
[LIVE] udp=8.0/s, objs=8.0/s, last_udp=0.01s, meas=1, tracks=15, valid=1, master=1977
[LIVE] udp=4.0/s, objs=4.0/s, last_udp=0.26s, meas=1, tracks=15, valid=1, master=1977
[GPS] GGA fix_quality=1, num_sats=20, hdop=0.8, lat=30.408108672166666, lon=104.0886517795
[LIVE] udp=6.0/s, objs=6.0/s, last_udp=0.00s, meas=1, tracks=15, valid=1, master=1977
[LIVE] udp=1.0/s, objs=1.0/s, last_udp=0.89s, meas=1, tracks=15, valid=1, master=1977
[LIVE] udp=0.0/s, objs=0.0/s, last_udp=1.90s, meas=1, tracks=15, valid=1, master=1977
[LIVE] udp=4.0/s, objs=4.0/s, last_udp=0.19s, meas=1, tracks=11, valid=1, master=1977
[LIVE] udp=6.0/s, objs=6.0/s, last_udp=0.06s, meas=1, tracks=11, valid=1, master=1977
[LIVE] udp=3.0/s, objs=3.0/s, last_udp=0.03s, meas=1, tracks=11, valid=1, master=1977
[LIVE] udp=4.0/s, objs=4.0/s, last_udp=0.10s, meas=1, tracks=11, valid=1, master=1977
[LIVE] udp=7.0/s, objs=7.0/s, last_udp=0.01s, meas=1, tracks=9, valid=1, master=1977
[LIVE] udp=0.0/s, objs=0.0/s, last_udp=1.01s, meas=1, tracks=5, valid=1, master=1977
[LIVE] udp=0.0/s, objs=0.0/s, last_udp=2.01s, meas=1, tracks=5, valid=1, master=1977
[GPS] GGA fix_quality=1, num_sats=20, hdop=0.8, lat=30.408108714333334, lon=104.08865145383334
[LIVE] udp=1.0/s, objs=1.0/s, last_udp=0.81s, meas=1, tracks=3, valid=0, master=1977
[LIVE] udp=5.0/s, objs=5.0/s, last_udp=0.33s, meas=2, tracks=4, valid=1, master=1977
[LIVE] udp=2.0/s, objs=2.0/s, last_udp=0.00s, meas=1, tracks=4, valid=1, master=1977
[LIVE] udp=2.0/s, objs=2.0/s, last_udp=0.12s, meas=1, tracks=4, valid=1, master=1977
[LIVE] udp=3.0/s, objs=3.0/s, last_udp=0.13s, meas=1, tracks=4, valid=1, master=1977
[LIVE] udp=4.0/s, objs=4.0/s, last_udp=0.56s, meas=1, tracks=4, valid=1, master=1977
[LIVE] udp=0.0/s, objs=0.0/s, last_udp=1.56s, meas=1, tracks=4, valid=1, master=1977
[LIVE] udp=0.0/s, objs=0.0/s, last_udp=2.56s, meas=1, tracks=4, valid=1, master=1977
[LIVE] udp=0.0/s, objs=0.0/s, last_udp=3.56s, meas=1, tracks=4, valid=1, master=1977
[LIVE] udp=0.0/s, objs=0.0/s, last_udp=4.56s, meas=1, tracks=4, valid=1, master=1977
[GPS] GGA fix_quality=1, num_sats=20, hdop=0.8, lat=30.408114951, lon=104.08864799033333
[Warning] 逻辑ID 1 没有配置偏差数据
[LIVE] udp=2.0/s, objs=2.0/s, last_udp=0.01s, meas=0, tracks=4, valid=0, master=1977
[LIVE] udp=5.0/s, objs=6.0/s, last_udp=0.00s, meas=1, tracks=7, valid=0, master=1977
[LIVE] udp=2.0/s, objs=5.0/s, last_udp=0.14s, meas=1, tracks=8, valid=1, master=1977
[LIVE] udp=8.0/s, objs=16.0/s, last_udp=0.12s, meas=6, tracks=15, valid=1, master=2048
[LIVE] udp=4.0/s, objs=7.0/s, last_udp=0.26s, meas=1, tracks=16, valid=0, master=2048
[LIVE] udp=5.0/s, objs=5.0/s, last_udp=0.12s, meas=2, tracks=17, valid=0, master=2048
[LIVE] udp=6.0/s, objs=6.0/s, last_udp=0.09s, meas=2, tracks=18, valid=0, master=2054
[LIVE] udp=5.0/s, objs=6.0/s, last_udp=0.13s, meas=2, tracks=20, valid=0, master=2054
[LIVE] udp=3.0/s, objs=3.0/s, last_udp=0.52s, meas=1, tracks=20, valid=0, master=2057
[LIVE] udp=0.0/s, objs=0.0/s, last_udp=1.52s, meas=1, tracks=20, valid=0, master=2057
[GPS] GGA fix_quality=1, num_sats=20, hdop=0.8, lat=30.408117904166666, lon=104.08864364583333
[LIVE] udp=2.0/s, objs=2.0/s, last_udp=0.27s, meas=2, tracks=20, valid=0, master=2057
[LIVE] udp=4.0/s, objs=4.0/s, last_udp=0.14s, meas=1, tracks=20, valid=0, master=2057
[LIVE] udp=0.0/s, objs=0.0/s, last_udp=1.14s, meas=1, tracks=21, valid=0, master=2057
[LIVE] udp=0.0/s, objs=0.0/s, last_udp=2.14s, meas=1, tracks=21, valid=0, master=2057
[LIVE] udp=0.0/s, objs=0.0/s, last_udp=3.14s, meas=1, tracks=21, valid=0, master=2057
[Warning] 逻辑ID 1 没有配置偏差数据
[LIVE] udp=1.0/s, objs=1.0/s, last_udp=0.23s, meas=0, tracks=13, valid=0, master=2057
[LIVE] udp=0.0/s, objs=0.0/s, last_udp=1.24s, meas=0, tracks=13, valid=0, master=2057
[LIVE] udp=1.0/s, objs=1.0/s, last_udp=0.13s, meas=0, tracks=13, valid=0, master=2057
[LIVE] udp=1.0/s, objs=1.0/s, last_udp=0.98s, meas=1, tracks=10, valid=0, master=2057
[LIVE] udp=0.0/s, objs=0.0/s, last_udp=1.98s, meas=1, tracks=10, valid=0, master=2057
[GPS] GGA fix_quality=1, num_sats=20, hdop=0.8, lat=30.408121332166665, lon=104.08864394083334
[LIVE] udp=0.0/s, objs=0.0/s, last_udp=2.98s, meas=1, tracks=10, valid=0, master=2057
[LIVE] udp=4.0/s, objs=4.0/s, last_udp=0.35s, meas=1, tracks=4, valid=0, master=2057
[LIVE] udp=3.0/s, objs=3.0/s, last_udp=0.27s, meas=1, tracks=3, valid=0, master=2057
[LIVE] udp=1.0/s, objs=1.0/s, last_udp=0.66s, meas=1, tracks=3, valid=0, master=2057
[LIVE] udp=0.0/s, objs=0.0/s, last_udp=1.66s, meas=1, tracks=3, valid=0, master=2057
[LIVE] udp=0.0/s, objs=0.0/s, last_udp=2.66s, meas=1, tracks=3, valid=0, master=2057
[LIVE] udp=0.0/s, objs=0.0/s, last_udp=3.67s, meas=1, tracks=3, valid=0, master=2057
[LIVE] udp=0.0/s, objs=0.0/s, last_udp=4.67s, meas=1, tracks=3, valid=0, master=2057
[LIVE] udp=0.0/s, objs=0.0/s, last_udp=5.67s, meas=1, tracks=3, valid=0, master=2057
[LIVE] udp=0.0/s, objs=0.0/s, last_udp=6.68s, meas=1, tracks=3, valid=0, master=2057
[GPS] GGA fix_quality=1, num_sats=20, hdop=0.8, lat=30.408124746166667, lon=104.08865069033334
[LIVE] udp=2.0/s, objs=2.0/s, last_udp=0.30s, meas=1, tracks=5, valid=0, master=2057
[LIVE] udp=1.0/s, objs=1.0/s, last_udp=0.29s, meas=1, tracks=5, valid=0, master=2057
[LIVE] udp=0.0/s, objs=0.0/s, last_udp=1.29s, meas=1, tracks=5, valid=0, master=2057
[LIVE] udp=0.0/s, objs=0.0/s, last_udp=2.29s, meas=1, tracks=5, valid=0, master=2057
[LIVE] udp=0.0/s, objs=0.0/s, last_udp=3.30s, meas=1, tracks=5, valid=0, master=2057
[LIVE] udp=0.0/s, objs=0.0/s, last_udp=4.30s, meas=1, tracks=5, valid=0, master=2057
[LIVE] udp=0.0/s, objs=0.0/s, last_udp=5.30s, meas=1, tracks=5, valid=0, master=2057
[LIVE] udp=0.0/s, objs=0.0/s, last_udp=6.30s, meas=1, tracks=5, valid=0, master=2057
[LIVE] udp=0.0/s, objs=0.0/s, last_udp=7.31s, meas=1, tracks=5, valid=0, master=2057
[LIVE] udp=0.0/s, objs=0.0/s, last_udp=8.31s, meas=1, tracks=5, valid=0, master=2057
[GPS] GGA fix_quality=1, num_sats=22, hdop=0.8, lat=30.408127687333334, lon=104.08864208733333
[LIVE] udp=0.0/s, objs=0.0/s, last_udp=9.31s, meas=1, tracks=5, valid=0, master=2057
[LIVE] udp=0.0/s, objs=0.0/s, last_udp=10.31s, meas=1, tracks=5, valid=0, master=2057
[LIVE] udp=0.0/s, objs=0.0/s, last_udp=11.32s, meas=1, tracks=5, valid=0, master=2057
[LIVE] udp=1.0/s, objs=1.0/s, last_udp=0.23s, meas=1, tracks=1, valid=0, master=2057
[LIVE] udp=0.0/s, objs=0.0/s, last_udp=1.23s, meas=1, tracks=1, valid=0, master=2057
[LIVE] udp=0.0/s, objs=0.0/s, last_udp=2.23s, meas=1, tracks=1, valid=0, master=2057
[LIVE] udp=0.0/s, objs=0.0/s, last_udp=3.24s, meas=1, tracks=1, valid=0, master=2057
[LIVE] udp=0.0/s, objs=0.0/s, last_udp=4.24s, meas=1, tracks=1, valid=0, master=2057
[LIVE] udp=0.0/s, objs=0.0/s, last_udp=5.24s, meas=1, tracks=1, valid=0, master=2057
[LIVE] udp=0.0/s, objs=0.0/s, last_udp=6.24s, meas=1, tracks=1, valid=0, master=2057
[GPS] GGA fix_quality=1, num_sats=21, hdop=0.8, lat=30.408129264833335, lon=104.08863840283334
[LIVE] udp=1.0/s, objs=1.0/s, last_udp=0.35s, meas=1, tracks=1, valid=0, master=2057
[LIVE] udp=1.0/s, objs=1.0/s, last_udp=0.37s, meas=0, tracks=1, valid=0, master=2057
[LIVE] udp=0.0/s, objs=0.0/s, last_udp=1.37s, meas=0, tracks=1, valid=0, master=2057
[LIVE] udp=0.0/s, objs=0.0/s, last_udp=2.37s, meas=0, tracks=1, valid=0, master=2057
[LIVE] udp=0.0/s, objs=0.0/s, last_udp=3.38s, meas=0, tracks=1, valid=0, master=2057
[LIVE] udp=0.0/s, objs=0.0/s, last_udp=4.38s, meas=0, tracks=1, valid=0, master=2057
[LIVE] udp=0.0/s, objs=0.0/s, last_udp=5.39s, meas=0, tracks=1, valid=0, master=2057
[LIVE] udp=0.0/s, objs=0.0/s, last_udp=6.39s, meas=0, tracks=1, valid=0, master=2057
[LIVE] udp=0.0/s, objs=0.0/s, last_udp=7.39s, meas=0, tracks=1, valid=0, master=2057
[LIVE] udp=1.0/s, objs=1.0/s, last_udp=0.27s, meas=1, tracks=2, valid=0, master=2057
[GPS] GGA fix_quality=1, num_sats=20, hdop=0.9, lat=30.408127550666666, lon=104.08863947233333
[LIVE] udp=1.0/s, objs=1.0/s, last_udp=0.75s, meas=1, tracks=3, valid=0, master=2057
[LIVE] udp=0.0/s, objs=0.0/s, last_udp=1.75s, meas=1, tracks=3, valid=0, master=2057
[Warning] 逻辑ID 1 没有配置偏差数据
[LIVE] udp=1.0/s, objs=1.0/s, last_udp=0.75s, meas=0, tracks=2, valid=0, master=2057
[LIVE] udp=0.0/s, objs=0.0/s, last_udp=1.75s, meas=0, tracks=2, valid=0, master=2057
[LIVE] udp=0.0/s, objs=0.0/s, last_udp=2.76s, meas=0, tracks=2, valid=0, master=2057
[LIVE] udp=0.0/s, objs=0.0/s, last_udp=3.76s, meas=0, tracks=2, valid=0, master=2057
[LIVE] udp=0.0/s, objs=0.0/s, last_udp=4.77s, meas=0, tracks=2, valid=0, master=2057
[LIVE] udp=0.0/s, objs=0.0/s, last_udp=5.77s, meas=0, tracks=2, valid=0, master=2057
[LIVE] udp=0.0/s, objs=0.0/s, last_udp=6.78s, meas=0, tracks=2, valid=0, master=2057
[LIVE] udp=0.0/s, objs=0.0/s, last_udp=7.78s, meas=0, tracks=2, valid=0, master=2057
[GPS] GGA fix_quality=1, num_sats=21, hdop=0.8, lat=30.408127851666666, lon=104.08863694183333
[LIVE] udp=0.0/s, objs=0.0/s, last_udp=8.78s, meas=0, tracks=2, valid=0, master=2057
[LIVE] udp=0.0/s, objs=0.0/s, last_udp=9.79s, meas=0, tracks=2, valid=0, master=2057
[LIVE] udp=0.0/s, objs=0.0/s, last_udp=10.79s, meas=0, tracks=2, valid=0, master=2057
[LIVE] udp=2.0/s, objs=3.0/s, last_udp=0.14s, meas=2, tracks=2, valid=0, master=2057
[LIVE] udp=0.0/s, objs=0.0/s, last_udp=1.15s, meas=2, tracks=2, valid=0, master=2057
[LIVE] udp=0.0/s, objs=0.0/s, last_udp=2.15s, meas=2, tracks=2, valid=0, master=2057
[LIVE] udp=1.0/s, objs=1.0/s, last_udp=0.89s, meas=1, tracks=3, valid=0, master=2057
[LIVE] udp=0.0/s, objs=0.0/s, last_udp=1.89s, meas=1, tracks=3, valid=0, master=2057
[LIVE] udp=2.0/s, objs=2.0/s, last_udp=0.47s, meas=1, tracks=3, valid=0, master=2057
[LIVE] udp=0.0/s, objs=0.0/s, last_udp=1.47s, meas=1, tracks=3, valid=0, master=2057
[GPS] GGA fix_quality=1, num_sats=22, hdop=0.8, lat=30.408128205166665, lon=104.0886409535
[LIVE] udp=2.0/s, objs=2.0/s, last_udp=0.29s, meas=2, tracks=5, valid=0, master=2057
[LIVE] udp=3.0/s, objs=3.0/s, last_udp=0.68s, meas=1, tracks=7, valid=0, master=2057
[LIVE] udp=0.0/s, objs=0.0/s, last_udp=1.68s, meas=1, tracks=7, valid=0, master=2057
[LIVE] udp=3.0/s, objs=3.0/s, last_udp=0.30s, meas=1, tracks=8, valid=0, master=2057
[LIVE] udp=1.0/s, objs=1.0/s, last_udp=0.86s, meas=1, tracks=9, valid=0, master=2057
[LIVE] udp=1.0/s, objs=1.0/s, last_udp=0.86s, meas=1, tracks=8, valid=0, master=2057
[LIVE] udp=0.0/s, objs=0.0/s, last_udp=1.87s, meas=1, tracks=8, valid=0, master=2057
[LIVE] udp=3.0/s, objs=3.0/s, last_udp=0.12s, meas=2, tracks=8, valid=0, master=2057
[LIVE] udp=1.0/s, objs=1.0/s, last_udp=1.00s, meas=1, tracks=9, valid=0, master=2057
[LIVE] udp=1.0/s, objs=1.0/s, last_udp=0.93s, meas=1, tracks=10, valid=0, master=2057
[GPS] GGA fix_quality=1, num_sats=22, hdop=0.8, lat=30.408127761333333, lon=104.08863341566666
[LIVE] udp=0.0/s, objs=0.0/s, last_udp=1.94s, meas=1, tracks=10, valid=0, master=2057
[LIVE] udp=0.0/s, objs=0.0/s, last_udp=2.94s, meas=1, tracks=10, valid=0, master=2057
[LIVE] udp=0.0/s, objs=0.0/s, last_udp=3.94s, meas=1, tracks=10, valid=0, master=2057
[LIVE] udp=0.0/s, objs=0.0/s, last_udp=4.95s, meas=1, tracks=10, valid=0, master=2057
[LIVE] udp=0.0/s, objs=0.0/s, last_udp=5.95s, meas=1, tracks=10, valid=0, master=2057
[LIVE] udp=2.0/s, objs=2.0/s, last_udp=0.16s, meas=2, tracks=4, valid=0, master=2057
[LIVE] udp=2.0/s, objs=2.0/s, last_udp=0.62s, meas=1, tracks=5, valid=0, master=2057
[LIVE] udp=3.0/s, objs=4.0/s, last_udp=0.49s, meas=3, tracks=8, valid=0, master=2057
[LIVE] udp=0.0/s, objs=0.0/s, last_udp=1.49s, meas=3, tracks=8, valid=0, master=2057
[LIVE] udp=0.0/s, objs=0.0/s, last_udp=2.49s, meas=3, tracks=8, valid=0, master=2057
[GPS] GGA fix_quality=1, num_sats=22, hdop=0.8, lat=30.408127839833334, lon=104.088635242
[LIVE] udp=0.0/s, objs=0.0/s, last_udp=3.49s, meas=3, tracks=8, valid=0, master=2057
[LIVE] udp=0.0/s, objs=0.0/s, last_udp=4.50s, meas=3, tracks=8, valid=0, master=2057
[LIVE] udp=0.0/s, objs=0.0/s, last_udp=5.50s, meas=3, tracks=8, valid=0, master=2057
[LIVE] udp=0.0/s, objs=0.0/s, last_udp=6.50s, meas=3, tracks=8, valid=0, master=2057
[LIVE] udp=0.0/s, objs=0.0/s, last_udp=7.51s, meas=3, tracks=8, valid=0, master=2057
[LIVE] udp=0.0/s, objs=0.0/s, last_udp=8.51s, meas=3, tracks=8, valid=0, master=2057
[LIVE] udp=0.0/s, objs=0.0/s, last_udp=9.51s, meas=3, tracks=8, valid=0, master=2057
[LIVE] udp=0.0/s, objs=0.0/s, last_udp=10.51s, meas=3, tracks=8, valid=0, master=2057
[LIVE] udp=0.0/s, objs=0.0/s, last_udp=11.52s, meas=3, tracks=8, valid=0, master=2057
[LIVE] udp=0.0/s, objs=0.0/s, last_udp=12.52s, meas=3, tracks=8, valid=0, master=2057
[GPS] GGA fix_quality=1, num_sats=22, hdop=0.8, lat=30.408127710166667, lon=104.088635454
[LIVE] udp=3.0/s, objs=3.0/s, last_udp=0.12s, meas=2, tracks=3, valid=0, master=2057
[LIVE] udp=0.0/s, objs=0.0/s, last_udp=1.12s, meas=2, tracks=3, valid=0, master=2057
[LIVE] udp=1.0/s, objs=1.0/s, last_udp=0.32s, meas=1, tracks=4, valid=0, master=2057
[LIVE] udp=6.0/s, objs=6.0/s, last_udp=0.54s, meas=2, tracks=7, valid=1, master=2085
[LIVE] udp=1.0/s, objs=1.0/s, last_udp=0.94s, meas=1, tracks=7, valid=0, master=2085
[LIVE] udp=0.0/s, objs=0.0/s, last_udp=1.94s, meas=1, tracks=7, valid=0, master=2085
[LIVE] udp=0.0/s, objs=0.0/s, last_udp=2.94s, meas=1, tracks=7, valid=0, master=2085
[LIVE] udp=0.0/s, objs=0.0/s, last_udp=3.95s, meas=1, tracks=7, valid=0, master=2085
[LIVE] udp=0.0/s, objs=0.0/s, last_udp=4.95s, meas=1, tracks=7, valid=0, master=2085
[LIVE] udp=0.0/s, objs=0.0/s, last_udp=5.95s, meas=1, tracks=7, valid=0, master=2085
[GPS] GGA fix_quality=1, num_sats=22, hdop=0.8, lat=30.408128202333334, lon=104.0886366545
[LIVE] udp=0.0/s, objs=0.0/s, last_udp=6.95s, meas=1, tracks=7, valid=0, master=2085
[LIVE] udp=0.0/s, objs=0.0/s, last_udp=7.95s, meas=1, tracks=7, valid=0, master=2085
[LIVE] udp=0.0/s, objs=0.0/s, last_udp=8.96s, meas=1, tracks=7, valid=0, master=2085
[LIVE] udp=1.0/s, objs=1.0/s, last_udp=0.10s, meas=1, tracks=7, valid=0, master=2085
[LIVE] udp=1.0/s, objs=1.0/s, last_udp=0.58s, meas=1, tracks=2, valid=0, master=2085
[LIVE] udp=0.0/s, objs=0.0/s, last_udp=1.58s, meas=1, tracks=2, valid=0, master=2085
[LIVE] udp=0.0/s, objs=0.0/s, last_udp=2.58s, meas=1, tracks=2, valid=0, master=2085
[LIVE] udp=5.0/s, objs=5.0/s, last_udp=0.02s, meas=2, tracks=4, valid=0, master=2085
[LIVE] udp=4.0/s, objs=4.0/s, last_udp=0.00s, meas=2, tracks=5, valid=0, master=2090
[LIVE] udp=4.0/s, objs=4.0/s, last_udp=0.38s, meas=1, tracks=7, valid=0, master=2090
[GPS] GGA fix_quality=1, num_sats=22, hdop=0.8, lat=30.408128282333333, lon=104.08863318483333
[LIVE] udp=0.0/s, objs=0.0/s, last_udp=1.39s, meas=1, tracks=7, valid=0, master=2090
[LIVE] udp=0.0/s, objs=0.0/s, last_udp=2.39s, meas=1, tracks=7, valid=0, master=2090
[LIVE] udp=0.0/s, objs=0.0/s, last_udp=3.39s, meas=1, tracks=7, valid=0, master=2090
[LIVE] udp=0.0/s, objs=0.0/s, last_udp=4.39s, meas=1, tracks=7, valid=0, master=2090
[LIVE] udp=0.0/s, objs=0.0/s, last_udp=5.40s, meas=1, tracks=7, valid=0, master=2090
[LIVE] udp=0.0/s, objs=0.0/s, last_udp=6.40s, meas=1, tracks=7, valid=0, master=2090
[LIVE] udp=3.0/s, objs=3.0/s, last_udp=0.43s, meas=2, tracks=7, valid=1, master=2092
[LIVE] udp=2.0/s, objs=2.0/s, last_udp=0.07s, meas=1, tracks=7, valid=1, master=2092
[LIVE] udp=0.0/s, objs=0.0/s, last_udp=1.08s, meas=1, tracks=8, valid=0, master=2092
[LIVE] udp=0.0/s, objs=0.0/s, last_udp=2.08s, meas=1, tracks=8, valid=0, master=2092
[GPS] GGA fix_quality=1, num_sats=22, hdop=0.8, lat=30.408130476333334, lon=104.08863929983333
[LIVE] udp=0.0/s, objs=0.0/s, last_udp=3.09s, meas=1, tracks=8, valid=0, master=2092
[LIVE] udp=0.0/s, objs=0.0/s, last_udp=4.09s, meas=1, tracks=8, valid=0, master=2092
[LIVE] udp=0.0/s, objs=0.0/s, last_udp=5.10s, meas=1, tracks=8, valid=0, master=2092
[LIVE] udp=0.0/s, objs=0.0/s, last_udp=6.10s, meas=1, tracks=8, valid=0, master=2092
[LIVE] udp=0.0/s, objs=0.0/s, last_udp=7.10s, meas=1, tracks=8, valid=0, master=2092
[LIVE] udp=0.0/s, objs=0.0/s, last_udp=8.10s, meas=1, tracks=8, valid=0, master=2092
[LIVE] udp=0.0/s, objs=0.0/s, last_udp=9.11s, meas=1, tracks=8, valid=0, master=2092
[LIVE] udp=0.0/s, objs=0.0/s, last_udp=10.11s, meas=1, tracks=8, valid=0, master=2092
[LIVE] udp=0.0/s, objs=0.0/s, last_udp=11.11s, meas=1, tracks=8, valid=0, master=2092
[LIVE] udp=0.0/s, objs=0.0/s, last_udp=12.12s, meas=1, tracks=8, valid=0, master=2092
[GPS] GGA fix_quality=1, num_sats=22, hdop=0.8, lat=30.408132864166667, lon=104.0886347345
[LIVE] udp=0.0/s, objs=0.0/s, last_udp=13.12s, meas=1, tracks=8, valid=0, master=2092
[Warning] 逻辑ID 1 没有配置偏差数据
[LIVE] udp=3.0/s, objs=5.0/s, last_udp=0.08s, meas=2, tracks=2, valid=0, master=2092
[Warning] 逻辑ID 1 没有配置偏差数据
[Warning] 逻辑ID 1 没有配置偏差数据
[Warning] 逻辑ID 1 没有配置偏差数据
[LIVE] udp=7.0/s, objs=10.0/s, last_udp=0.48s, meas=1, tracks=2, valid=1, master=2095
[LIVE] udp=2.0/s, objs=2.0/s, last_udp=0.73s, meas=1, tracks=2, valid=1, master=2095
[LIVE] udp=3.0/s, objs=3.0/s, last_udp=0.26s, meas=1, tracks=3, valid=0, master=2095
[LIVE] udp=1.0/s, objs=1.0/s, last_udp=0.91s, meas=1, tracks=3, valid=1, master=2097
[LIVE] udp=3.0/s, objs=3.0/s, last_udp=0.04s, meas=2, tracks=5, valid=0, master=2097
[LIVE] udp=2.0/s, objs=2.0/s, last_udp=0.79s, meas=2, tracks=6, valid=0, master=2097
[LIVE] udp=0.0/s, objs=0.0/s, last_udp=1.79s, meas=2, tracks=6, valid=0, master=2097
[LIVE] udp=0.0/s, objs=0.0/s, last_udp=2.79s, meas=2, tracks=6, valid=0, master=2097
[GPS] GGA fix_quality=1, num_sats=23, hdop=0.7, lat=30.408132399166668, lon=104.0886330485
[LIVE] udp=0.0/s, objs=0.0/s, last_udp=3.79s, meas=2, tracks=6, valid=0, master=2097
[LIVE] udp=0.0/s, objs=0.0/s, last_udp=4.79s, meas=2, tracks=6, valid=0, master=2097
[LIVE] udp=0.0/s, objs=0.0/s, last_udp=5.80s, meas=2, tracks=6, valid=0, master=2097
[LIVE] udp=2.0/s, objs=2.0/s, last_udp=0.10s, meas=1, tracks=4, valid=0, master=2097
[LIVE] udp=7.0/s, objs=7.0/s, last_udp=0.10s, meas=1, tracks=4, valid=1, master=2097
[LIVE] udp=4.0/s, objs=4.0/s, last_udp=0.30s, meas=1, tracks=4, valid=1, master=2097
[LIVE] udp=3.0/s, objs=3.0/s, last_udp=0.06s, meas=1, tracks=4, valid=1, master=2097
[LIVE] udp=4.0/s, objs=4.0/s, last_udp=0.08s, meas=1, tracks=4, valid=1, master=2097
[LIVE] udp=1.0/s, objs=1.0/s, last_udp=0.70s, meas=1, tracks=1, valid=1, master=2097
[LIVE] udp=0.0/s, objs=0.0/s, last_udp=1.70s, meas=1, tracks=1, valid=1, master=2097
[GPS] GGA fix_quality=1, num_sats=22, hdop=0.7, lat=30.4081317515, lon=104.08863254083333
[LIVE] udp=0.0/s, objs=0.0/s, last_udp=2.70s, meas=1, tracks=1, valid=1, master=2097
[LIVE] udp=0.0/s, objs=0.0/s, last_udp=3.70s, meas=1, tracks=1, valid=1, master=2097
[LIVE] udp=1.0/s, objs=1.0/s, last_udp=0.38s, meas=1, tracks=1, valid=1, master=2097
[LIVE] udp=7.0/s, objs=7.0/s, last_udp=0.05s, meas=1, tracks=2, valid=1, master=2101
[LIVE] udp=6.0/s, objs=6.0/s, last_udp=0.08s, meas=1, tracks=2, valid=1, master=2101
[LIVE] udp=3.0/s, objs=3.0/s, last_udp=0.46s, meas=1, tracks=2, valid=1, master=2101
[LIVE] udp=1.0/s, objs=1.0/s, last_udp=0.91s, meas=1, tracks=3, valid=0, master=2101
[LIVE] udp=0.0/s, objs=0.0/s, last_udp=1.91s, meas=1, tracks=3, valid=0, master=2101
[LIVE] udp=0.0/s, objs=0.0/s, last_udp=2.92s, meas=1, tracks=3, valid=0, master=2101
[LIVE] udp=1.0/s, objs=1.0/s, last_udp=0.34s, meas=1, tracks=3, valid=0, master=2101
[GPS] GGA fix_quality=1, num_sats=23, hdop=0.7, lat=30.408131357666665, lon=104.088633573
[LIVE] udp=3.0/s, objs=3.0/s, last_udp=0.14s, meas=1, tracks=3, valid=1, master=2101
[LIVE] udp=5.0/s, objs=5.0/s, last_udp=0.11s, meas=1, tracks=3, valid=1, master=2101
[LIVE] udp=4.0/s, objs=4.0/s, last_udp=0.03s, meas=2, tracks=5, valid=1, master=2101
[LIVE] udp=5.0/s, objs=5.0/s, last_udp=0.12s, meas=1, tracks=5, valid=1, master=2101
[LIVE] udp=5.0/s, objs=5.0/s, last_udp=0.13s, meas=1, tracks=4, valid=1, master=2101
[LIVE] udp=4.0/s, objs=4.0/s, last_udp=0.28s, meas=1, tracks=4, valid=1, master=2101
[LIVE] udp=8.0/s, objs=8.0/s, last_udp=0.01s, meas=1, tracks=4, valid=1, master=2101
[LIVE] udp=7.0/s, objs=7.0/s, last_udp=0.14s, meas=1, tracks=4, valid=1, master=2101
[LIVE] udp=5.0/s, objs=5.0/s, last_udp=0.01s, meas=1, tracks=4, valid=1, master=2101
[Warning] 逻辑ID 1 没有配置偏差数据
[Warning] 逻辑ID 1 没有配置偏差数据
[LIVE] udp=4.0/s, objs=4.0/s, last_udp=0.26s, meas=0, tracks=4, valid=0, master=2101
[GPS] GGA fix_quality=1, num_sats=24, hdop=0.7, lat=30.408130780333334, lon=104.08863407366667
[LIVE] udp=0.0/s, objs=0.0/s, last_udp=1.27s, meas=0, tracks=4, valid=0, master=2101
[LIVE] udp=3.0/s, objs=3.0/s, last_udp=0.05s, meas=0, tracks=4, valid=0, master=2101
[LIVE] udp=6.0/s, objs=6.0/s, last_udp=0.31s, meas=1, tracks=3, valid=1, master=2101
[LIVE] udp=4.0/s, objs=4.0/s, last_udp=0.38s, meas=1, tracks=3, valid=1, master=2101
[LIVE] udp=0.0/s, objs=0.0/s, last_udp=1.38s, meas=1, tracks=3, valid=1, master=2101
[LIVE] udp=2.0/s, objs=2.0/s, last_udp=0.02s, meas=1, tracks=3, valid=1, master=2101
[LIVE] udp=1.0/s, objs=1.0/s, last_udp=0.19s, meas=2, tracks=4, valid=0, master=2101
[LIVE] udp=0.0/s, objs=0.0/s, last_udp=1.19s, meas=1, tracks=5, valid=0, master=2101
[LIVE] udp=0.0/s, objs=0.0/s, last_udp=2.20s, meas=1, tracks=5, valid=0, master=2101
[LIVE] udp=0.0/s, objs=0.0/s, last_udp=3.20s, meas=1, tracks=5, valid=0, master=2101
[GPS] GGA fix_quality=1, num_sats=22, hdop=0.8, lat=30.4081305175, lon=104.0886340935
[LIVE] udp=0.0/s, objs=0.0/s, last_udp=4.20s, meas=1, tracks=5, valid=0, master=2101
[LIVE] udp=0.0/s, objs=0.0/s, last_udp=5.21s, meas=1, tracks=5, valid=0, master=2101
[LIVE] udp=0.0/s, objs=0.0/s, last_udp=6.21s, meas=1, tracks=5, valid=0, master=2101
[LIVE] udp=0.0/s, objs=0.0/s, last_udp=7.22s, meas=1, tracks=5, valid=0, master=2101
[LIVE] udp=0.0/s, objs=0.0/s, last_udp=8.22s, meas=1, tracks=5, valid=0, master=2101
[LIVE] udp=0.0/s, objs=0.0/s, last_udp=9.22s, meas=1, tracks=5, valid=0, master=2101
[LIVE] udp=2.0/s, objs=2.0/s, last_udp=0.10s, meas=1, tracks=5, valid=0, master=2101
[LIVE] udp=4.0/s, objs=4.0/s, last_udp=0.16s, meas=1, tracks=4, valid=0, master=2101
[LIVE] udp=0.0/s, objs=0.0/s, last_udp=1.16s, meas=1, tracks=5, valid=0, master=2101
[LIVE] udp=0.0/s, objs=0.0/s, last_udp=2.16s, meas=1, tracks=5, valid=0, master=2101
[GPS] GGA fix_quality=1, num_sats=22, hdop=0.8, lat=30.4081302655, lon=104.0886343275
[LIVE] udp=0.0/s, objs=0.0/s, last_udp=3.17s, meas=1, tracks=5, valid=0, master=2101
[LIVE] udp=0.0/s, objs=0.0/s, last_udp=4.17s, meas=1, tracks=5, valid=0, master=2101
[LIVE] udp=0.0/s, objs=0.0/s, last_udp=5.17s, meas=1, tracks=5, valid=0, master=2101
[LIVE] udp=0.0/s, objs=0.0/s, last_udp=6.18s, meas=1, tracks=5, valid=0, master=2101
[LIVE] udp=3.0/s, objs=4.0/s, last_udp=0.69s, meas=1, tracks=5, valid=0, master=2101
[LIVE] udp=0.0/s, objs=0.0/s, last_udp=1.69s, meas=1, tracks=5, valid=0, master=2101
[LIVE] udp=0.0/s, objs=0.0/s, last_udp=2.70s, meas=1, tracks=5, valid=0, master=2101
[LIVE] udp=0.0/s, objs=0.0/s, last_udp=3.70s, meas=1, tracks=5, valid=0, master=2101
[LIVE] udp=0.0/s, objs=0.0/s, last_udp=4.71s, meas=1, tracks=5, valid=0, master=2101
[LIVE] udp=0.0/s, objs=0.0/s, last_udp=5.71s, meas=1, tracks=5, valid=0, master=2101
[GPS] GGA fix_quality=1, num_sats=22, hdop=0.8, lat=30.408127783333335, lon=104.08864056116667
[LIVE] udp=0.0/s, objs=0.0/s, last_udp=6.71s, meas=1, tracks=5, valid=0, master=2101
[Warning] 逻辑ID 1 没有配置偏差数据
[Warning] 逻辑ID 1 没有配置偏差数据
[LIVE] udp=2.0/s, objs=2.0/s, last_udp=0.46s, meas=0, tracks=1, valid=0, master=2101
[LIVE] udp=0.0/s, objs=0.0/s, last_udp=1.46s, meas=0, tracks=1, valid=0, master=2101
[LIVE] udp=0.0/s, objs=0.0/s, last_udp=2.46s, meas=0, tracks=1, valid=0, master=2101
[LIVE] udp=0.0/s, objs=0.0/s, last_udp=3.47s, meas=0, tracks=1, valid=0, master=2101
[LIVE] udp=0.0/s, objs=0.0/s, last_udp=4.47s, meas=0, tracks=1, valid=0, master=2101
[LIVE] udp=0.0/s, objs=0.0/s, last_udp=5.47s, meas=0, tracks=1, valid=0, master=2101
[LIVE] udp=0.0/s, objs=0.0/s, last_udp=6.48s, meas=0, tracks=1, valid=0, master=2101
[LIVE] udp=0.0/s, objs=0.0/s, last_udp=7.48s, meas=0, tracks=1, valid=0, master=2101
[LIVE] udp=0.0/s, objs=0.0/s, last_udp=8.48s, meas=0, tracks=1, valid=0, master=2101
[GPS] GGA fix_quality=1, num_sats=21, hdop=0.8, lat=30.408128063, lon=104.08863902916667
[LIVE] udp=0.0/s, objs=0.0/s, last_udp=9.49s, meas=0, tracks=1, valid=0, master=2101
[LIVE] udp=0.0/s, objs=0.0/s, last_udp=10.49s, meas=0, tracks=1, valid=0, master=2101
[LIVE] udp=0.0/s, objs=0.0/s, last_udp=11.50s, meas=0, tracks=1, valid=0, master=2101
[LIVE] udp=0.0/s, objs=0.0/s, last_udp=12.50s, meas=0, tracks=1, valid=0, master=2101
[LIVE] udp=0.0/s, objs=0.0/s, last_udp=13.50s, meas=0, tracks=1, valid=0, master=2101
[LIVE] udp=0.0/s, objs=0.0/s, last_udp=14.50s, meas=0, tracks=1, valid=0, master=2101
[LIVE] udp=0.0/s, objs=0.0/s, last_udp=15.50s, meas=0, tracks=1, valid=0, master=2101
[LIVE] udp=1.0/s, objs=1.0/s, last_udp=0.53s, meas=1, tracks=1, valid=0, master=2101
[LIVE] udp=2.0/s, objs=2.0/s, last_udp=0.63s, meas=1, tracks=3, valid=0, master=2101
[LIVE] udp=0.0/s, objs=0.0/s, last_udp=1.63s, meas=1, tracks=3, valid=0, master=2101
[GPS] GGA fix_quality=1, num_sats=22, hdop=0.7, lat=30.408132472666665, lon=104.0886441335
[LIVE] udp=0.0/s, objs=0.0/s, last_udp=2.64s, meas=1, tracks=3, valid=0, master=2101
[LIVE] udp=0.0/s, objs=0.0/s, last_udp=3.64s, meas=1, tracks=3, valid=0, master=2101
[LIVE] udp=0.0/s, objs=0.0/s, last_udp=4.64s, meas=1, tracks=3, valid=0, master=2101
[LIVE] udp=0.0/s, objs=0.0/s, last_udp=5.64s, meas=1, tracks=3, valid=0, master=2101
[LIVE] udp=0.0/s, objs=0.0/s, last_udp=6.64s, meas=1, tracks=3, valid=0, master=2101
[LIVE] udp=0.0/s, objs=0.0/s, last_udp=7.65s, meas=1, tracks=3, valid=0, master=2101
[LIVE] udp=0.0/s, objs=0.0/s, last_udp=8.65s, meas=1, tracks=3, valid=0, master=2101
[LIVE] udp=0.0/s, objs=0.0/s, last_udp=9.65s, meas=1, tracks=3, valid=0, master=2101
[LIVE] udp=0.0/s, objs=0.0/s, last_udp=10.66s, meas=1, tracks=3, valid=0, master=2101
[GPS] GGA fix_quality=1, num_sats=23, hdop=0.7, lat=30.408130432166665, lon=104.08864809366666
[LIVE] udp=0.0/s, objs=0.0/s, last_udp=11.66s, meas=1, tracks=3, valid=0, master=2101
[LIVE] udp=3.0/s, objs=3.0/s, last_udp=0.10s, meas=1, tracks=1, valid=0, master=2101
[LIVE] udp=2.0/s, objs=2.0/s, last_udp=0.23s, meas=1, tracks=3, valid=0, master=2101
[LIVE] udp=1.0/s, objs=1.0/s, last_udp=0.76s, meas=1, tracks=4, valid=0, master=2101
[LIVE] udp=0.0/s, objs=0.0/s, last_udp=1.76s, meas=1, tracks=4, valid=0, master=2101
[LIVE] udp=0.0/s, objs=0.0/s, last_udp=2.76s, meas=1, tracks=4, valid=0, master=2101
[LIVE] udp=2.0/s, objs=2.0/s, last_udp=0.49s, meas=1, tracks=4, valid=1, master=2117
[LIVE] udp=0.0/s, objs=0.0/s, last_udp=1.50s, meas=1, tracks=4, valid=1, master=2117
[LIVE] udp=0.0/s, objs=0.0/s, last_udp=2.50s, meas=1, tracks=4, valid=1, master=2117
[LIVE] udp=0.0/s, objs=0.0/s, last_udp=3.51s, meas=1, tracks=4, valid=1, master=2117
[GPS] GGA fix_quality=1, num_sats=21, hdop=0.7, lat=30.408127894333333, lon=104.08864414216667
[LIVE] udp=0.0/s, objs=0.0/s, last_udp=4.51s, meas=1, tracks=4, valid=1, master=2117
[LIVE] udp=1.0/s, objs=1.0/s, last_udp=0.02s, meas=1, tracks=4, valid=1, master=2117
[Warning] 逻辑ID 1 没有配置偏差数据
[LIVE] udp=6.0/s, objs=7.0/s, last_udp=0.14s, meas=0, tracks=5, valid=0, master=2117
[Warning] 逻辑ID 1 没有配置偏差数据
[Warning] 逻辑ID 1 没有配置偏差数据
[Warning] 逻辑ID 1 没有配置偏差数据
[LIVE] udp=2.0/s, objs=2.0/s, last_udp=0.87s, meas=0, tracks=5, valid=0, master=2119
[LIVE] udp=0.0/s, objs=0.0/s, last_udp=1.87s, meas=0, tracks=5, valid=0, master=2119
[LIVE] udp=0.0/s, objs=0.0/s, last_udp=2.88s, meas=0, tracks=5, valid=0, master=2119
[LIVE] udp=2.0/s, objs=2.0/s, last_udp=0.10s, meas=0, tracks=5, valid=0, master=2119
[LIVE] udp=4.0/s, objs=4.0/s, last_udp=0.01s, meas=1, tracks=8, valid=0, master=2119
[LIVE] udp=2.0/s, objs=2.0/s, last_udp=0.33s, meas=1, tracks=9, valid=1, master=2126
[LIVE] udp=0.0/s, objs=0.0/s, last_udp=1.33s, meas=1, tracks=9, valid=1, master=2126
[GPS] GGA fix_quality=1, num_sats=22, hdop=0.8, lat=30.408127764, lon=104.08864700383333
[LIVE] udp=0.0/s, objs=0.0/s, last_udp=2.34s, meas=1, tracks=9, valid=1, master=2126
[LIVE] udp=0.0/s, objs=0.0/s, last_udp=3.34s, meas=1, tracks=9, valid=1, master=2126
[LIVE] udp=0.0/s, objs=0.0/s, last_udp=4.34s, meas=1, tracks=9, valid=1, master=2126
[LIVE] udp=0.0/s, objs=0.0/s, last_udp=5.34s, meas=1, tracks=9, valid=1, master=2126
[LIVE] udp=0.0/s, objs=0.0/s, last_udp=6.35s, meas=1, tracks=9, valid=1, master=2126
[Warning] 逻辑ID 1 没有配置偏差数据
[Warning] 逻辑ID 1 没有配置偏差数据
[LIVE] udp=3.0/s, objs=3.0/s, last_udp=0.10s, meas=0, tracks=6, valid=0, master=2126
[Warning] 逻辑ID 1 没有配置偏差数据
[LIVE] udp=0.0/s, objs=0.0/s, last_udp=1.10s, meas=0, tracks=6, valid=0, master=2126
[LIVE] udp=6.0/s, objs=6.0/s, last_udp=0.07s, meas=1, tracks=4, valid=1, master=2123
[LIVE] udp=2.0/s, objs=2.0/s, last_udp=0.73s, meas=1, tracks=4, valid=1, master=2123
[LIVE] udp=0.0/s, objs=0.0/s, last_udp=1.74s, meas=1, tracks=4, valid=1, master=2123
[GPS] GGA fix_quality=1, num_sats=22, hdop=0.8, lat=30.408127587166668, lon=104.08863518
[LIVE] udp=0.0/s, objs=0.0/s, last_udp=2.74s, meas=1, tracks=4, valid=1, master=2123
[LIVE] udp=0.0/s, objs=0.0/s, last_udp=3.74s, meas=1, tracks=4, valid=1, master=2123
[LIVE] udp=0.0/s, objs=0.0/s, last_udp=4.74s, meas=1, tracks=4, valid=1, master=2123
[LIVE] udp=0.0/s, objs=0.0/s, last_udp=5.75s, meas=1, tracks=4, valid=1, master=2123
[LIVE] udp=0.0/s, objs=0.0/s, last_udp=6.75s, meas=1, tracks=4, valid=1, master=2123
[LIVE] udp=0.0/s, objs=0.0/s, last_udp=7.75s, meas=1, tracks=4, valid=1, master=2123
[Warning] 逻辑ID 1 没有配置偏差数据
[LIVE] udp=3.0/s, objs=3.0/s, last_udp=0.11s, meas=1, tracks=3, valid=0, master=2123
[LIVE] udp=0.0/s, objs=0.0/s, last_udp=1.11s, meas=1, tracks=3, valid=0, master=2123
[LIVE] udp=0.0/s, objs=0.0/s, last_udp=2.11s, meas=1, tracks=3, valid=0, master=2123
[Warning] 逻辑ID 1 没有配置偏差数据
[LIVE] udp=2.0/s, objs=2.0/s, last_udp=0.12s, meas=0, tracks=2, valid=0, master=2123
[Warning] 逻辑ID 1 没有配置偏差数据
[GPS] GGA fix_quality=1, num_sats=22, hdop=0.8, lat=30.408129543, lon=104.088640022
[LIVE] udp=0.0/s, objs=0.0/s, last_udp=1.12s, meas=0, tracks=2, valid=0, master=2123
[LIVE] udp=0.0/s, objs=0.0/s, last_udp=2.12s, meas=0, tracks=2, valid=0, master=2123
[LIVE] udp=0.0/s, objs=0.0/s, last_udp=3.12s, meas=0, tracks=2, valid=0, master=2123
[LIVE] udp=0.0/s, objs=0.0/s, last_udp=4.12s, meas=0, tracks=2, valid=0, master=2123
[LIVE] udp=0.0/s, objs=0.0/s, last_udp=5.13s, meas=0, tracks=2, valid=0, master=2123
[LIVE] udp=0.0/s, objs=0.0/s, last_udp=6.13s, meas=0, tracks=2, valid=0, master=2123
[LIVE] udp=0.0/s, objs=0.0/s, last_udp=7.13s, meas=0, tracks=2, valid=0, master=2123
[LIVE] udp=0.0/s, objs=0.0/s, last_udp=8.14s, meas=0, tracks=2, valid=0, master=2123
[LIVE] udp=3.0/s, objs=3.0/s, last_udp=0.31s, meas=1, tracks=2, valid=0, master=2123
[LIVE] udp=0.0/s, objs=0.0/s, last_udp=1.31s, meas=1, tracks=2, valid=0, master=2123
[GPS] GGA fix_quality=1, num_sats=22, hdop=0.8, lat=30.4081296005, lon=104.08864152983334
[LIVE] udp=1.0/s, objs=1.0/s, last_udp=0.05s, meas=1, tracks=2, valid=0, master=2123
[LIVE] udp=5.0/s, objs=5.0/s, last_udp=0.28s, meas=1, tracks=4, valid=0, master=2129
[LIVE] udp=5.0/s, objs=5.0/s, last_udp=0.21s, meas=1, tracks=8, valid=0, master=2129
[LIVE] udp=2.0/s, objs=2.0/s, last_udp=0.16s, meas=1, tracks=8, valid=0, master=2129
[LIVE] udp=3.0/s, objs=3.0/s, last_udp=0.43s, meas=2, tracks=10, valid=0, master=2129
[LIVE] udp=0.0/s, objs=0.0/s, last_udp=1.43s, meas=2, tracks=10, valid=0, master=2129
[LIVE] udp=0.0/s, objs=0.0/s, last_udp=2.44s, meas=2, tracks=10, valid=0, master=2129
[LIVE] udp=0.0/s, objs=0.0/s, last_udp=3.44s, meas=2, tracks=10, valid=0, master=2129
[LIVE] udp=0.0/s, objs=0.0/s, last_udp=4.44s, meas=2, tracks=10, valid=0, master=2129
[LIVE] udp=0.0/s, objs=0.0/s, last_udp=5.45s, meas=2, tracks=10, valid=0, master=2129
[GPS] GGA fix_quality=1, num_sats=22, hdop=0.8, lat=30.408126182166665, lon=104.08863827633333
[LIVE] udp=0.0/s, objs=0.0/s, last_udp=6.45s, meas=2, tracks=10, valid=0, master=2129
[LIVE] udp=0.0/s, objs=0.0/s, last_udp=7.45s, meas=2, tracks=10, valid=0, master=2129
[LIVE] udp=0.0/s, objs=0.0/s, last_udp=8.45s, meas=2, tracks=10, valid=0, master=2129
[LIVE] udp=0.0/s, objs=0.0/s, last_udp=9.46s, meas=2, tracks=10, valid=0, master=2129
[LIVE] udp=0.0/s, objs=0.0/s, last_udp=10.46s, meas=2, tracks=10, valid=0, master=2129
[LIVE] udp=0.0/s, objs=0.0/s, last_udp=11.46s, meas=2, tracks=10, valid=0, master=2129
[LIVE] udp=0.0/s, objs=0.0/s, last_udp=12.46s, meas=2, tracks=10, valid=0, master=2129
[LIVE] udp=0.0/s, objs=0.0/s, last_udp=13.47s, meas=2, tracks=10, valid=0, master=2129
[LIVE] udp=0.0/s, objs=0.0/s, last_udp=14.47s, meas=2, tracks=10, valid=0, master=2129
[LIVE] udp=0.0/s, objs=0.0/s, last_udp=15.47s, meas=2, tracks=10, valid=0, master=2129
[GPS] GGA fix_quality=1, num_sats=22, hdop=0.8, lat=30.408125678, lon=104.08863995833333
[LIVE] udp=2.0/s, objs=2.0/s, last_udp=0.66s, meas=1, tracks=2, valid=0, master=2129
[LIVE] udp=0.0/s, objs=0.0/s, last_udp=1.66s, meas=1, tracks=2, valid=0, master=2129
[LIVE] udp=0.0/s, objs=0.0/s, last_udp=2.67s, meas=1, tracks=2, valid=0, master=2129
[LIVE] udp=0.0/s, objs=0.0/s, last_udp=3.67s, meas=1, tracks=2, valid=0, master=2129
[LIVE] udp=0.0/s, objs=0.0/s, last_udp=4.67s, meas=1, tracks=2, valid=0, master=2129
[LIVE] udp=0.0/s, objs=0.0/s, last_udp=5.67s, meas=1, tracks=2, valid=0, master=2129
[LIVE] udp=1.0/s, objs=1.0/s, last_udp=0.24s, meas=1, tracks=3, valid=0, master=2129
[LIVE] udp=0.0/s, objs=0.0/s, last_udp=1.24s, meas=1, tracks=3, valid=0, master=2129
[LIVE] udp=0.0/s, objs=0.0/s, last_udp=2.25s, meas=1, tracks=3, valid=0, master=2129
[LIVE] udp=0.0/s, objs=0.0/s, last_udp=3.25s, meas=1, tracks=3, valid=0, master=2129
[GPS] GGA fix_quality=1, num_sats=22, hdop=0.8, lat=30.408125256833333, lon=104.08863991383333
[LIVE] udp=0.0/s, objs=0.0/s, last_udp=4.25s, meas=1, tracks=3, valid=0, master=2129
[LIVE] udp=0.0/s, objs=0.0/s, last_udp=5.26s, meas=1, tracks=3, valid=0, master=2129
[LIVE] udp=1.0/s, objs=1.0/s, last_udp=0.04s, meas=1, tracks=3, valid=0, master=2129
[LIVE] udp=1.0/s, objs=1.0/s, last_udp=0.20s, meas=1, tracks=2, valid=0, master=2129
[LIVE] udp=0.0/s, objs=0.0/s, last_udp=1.20s, meas=1, tracks=3, valid=0, master=2129
[LIVE] udp=0.0/s, objs=0.0/s, last_udp=2.20s, meas=1, tracks=3, valid=0, master=2129
[LIVE] udp=0.0/s, objs=0.0/s, last_udp=3.20s, meas=1, tracks=3, valid=0, master=2129
[LIVE] udp=0.0/s, objs=0.0/s, last_udp=4.20s, meas=1, tracks=3, valid=0, master=2129
[LIVE] udp=0.0/s, objs=0.0/s, last_udp=5.20s, meas=1, tracks=3, valid=0, master=2129
[LIVE] udp=0.0/s, objs=0.0/s, last_udp=6.20s, meas=1, tracks=3, valid=0, master=2129
[GPS] GGA fix_quality=1, num_sats=22, hdop=0.8, lat=30.408125057166668, lon=104.088638881
[LIVE] udp=0.0/s, objs=0.0/s, last_udp=7.21s, meas=1, tracks=3, valid=0, master=2129
[LIVE] udp=0.0/s, objs=0.0/s, last_udp=8.21s, meas=1, tracks=3, valid=0, master=2129
[LIVE] udp=0.0/s, objs=0.0/s, last_udp=9.21s, meas=1, tracks=3, valid=0, master=2129
[LIVE] udp=0.0/s, objs=0.0/s, last_udp=10.21s, meas=1, tracks=3, valid=0, master=2129
[LIVE] udp=0.0/s, objs=0.0/s, last_udp=11.22s, meas=1, tracks=3, valid=0, master=2129
[LIVE] udp=3.0/s, objs=3.0/s, last_udp=0.11s, meas=2, tracks=2, valid=0, master=2129
[LIVE] udp=5.0/s, objs=5.0/s, last_udp=0.23s, meas=1, tracks=6, valid=0, master=2129
[LIVE] udp=1.0/s, objs=1.0/s, last_udp=0.70s, meas=1, tracks=7, valid=0, master=2129
[LIVE] udp=0.0/s, objs=0.0/s, last_udp=1.70s, meas=1, tracks=7, valid=0, master=2129
[LIVE] udp=0.0/s, objs=0.0/s, last_udp=2.71s, meas=1, tracks=7, valid=0, master=2129
[GPS] GGA fix_quality=1, num_sats=23, hdop=0.7, lat=30.408124984166665, lon=104.0886331975
[LIVE] udp=1.0/s, objs=1.0/s, last_udp=0.20s, meas=1, tracks=7, valid=0, master=2129
[LIVE] udp=0.0/s, objs=0.0/s, last_udp=1.20s, meas=1, tracks=7, valid=0, master=2129
[LIVE] udp=0.0/s, objs=0.0/s, last_udp=2.21s, meas=1, tracks=7, valid=0, master=2129
[LIVE] udp=0.0/s, objs=0.0/s, last_udp=3.21s, meas=1, tracks=7, valid=0, master=2129
[LIVE] udp=0.0/s, objs=0.0/s, last_udp=4.21s, meas=1, tracks=7, valid=0, master=2129
[LIVE] udp=0.0/s, objs=0.0/s, last_udp=5.22s, meas=1, tracks=7, valid=0, master=2129
[LIVE] udp=0.0/s, objs=0.0/s, last_udp=6.22s, meas=1, tracks=7, valid=0, master=2129
[LIVE] udp=0.0/s, objs=0.0/s, last_udp=7.23s, meas=1, tracks=7, valid=0, master=2129
[LIVE] udp=0.0/s, objs=0.0/s, last_udp=8.23s, meas=1, tracks=7, valid=0, master=2129
[LIVE] udp=0.0/s, objs=0.0/s, last_udp=9.23s, meas=1, tracks=7, valid=0, master=2129
[GPS] GGA fix_quality=1, num_sats=23, hdop=0.7, lat=30.408124696333335, lon=104.08862868766667
[LIVE] udp=0.0/s, objs=0.0/s, last_udp=10.23s, meas=1, tracks=7, valid=0, master=2129
[LIVE] udp=0.0/s, objs=0.0/s, last_udp=11.23s, meas=1, tracks=7, valid=0, master=2129
[LIVE] udp=0.0/s, objs=0.0/s, last_udp=12.24s, meas=1, tracks=7, valid=0, master=2129
[LIVE] udp=0.0/s, objs=0.0/s, last_udp=13.24s, meas=1, tracks=7, valid=0, master=2129
[LIVE] udp=0.0/s, objs=0.0/s, last_udp=14.24s, meas=1, tracks=7, valid=0, master=2129
[LIVE] udp=0.0/s, objs=0.0/s, last_udp=15.25s, meas=1, tracks=7, valid=0, master=2129
[LIVE] udp=0.0/s, objs=0.0/s, last_udp=16.25s, meas=1, tracks=7, valid=0, master=2129
[LIVE] udp=0.0/s, objs=0.0/s, last_udp=17.25s, meas=1, tracks=7, valid=0, master=2129
[LIVE] udp=0.0/s, objs=0.0/s, last_udp=18.25s, meas=1, tracks=7, valid=0, master=2129
[LIVE] udp=0.0/s, objs=0.0/s, last_udp=19.26s, meas=1, tracks=7, valid=0, master=2129
[GPS] GGA fix_quality=1, num_sats=23, hdop=0.7, lat=30.408128074833332, lon=104.08862284433333
[LIVE] udp=0.0/s, objs=0.0/s, last_udp=20.26s, meas=1, tracks=7, valid=0, master=2129
[LIVE] udp=0.0/s, objs=0.0/s, last_udp=21.26s, meas=1, tracks=7, valid=0, master=2129
[LIVE] udp=0.0/s, objs=0.0/s, last_udp=22.26s, meas=1, tracks=7, valid=0, master=2129
[LIVE] udp=1.0/s, objs=2.0/s, last_udp=0.49s, meas=2, tracks=2, valid=0, master=2129
[LIVE] udp=0.0/s, objs=0.0/s, last_udp=1.50s, meas=2, tracks=2, valid=0, master=2129
[LIVE] udp=0.0/s, objs=0.0/s, last_udp=2.50s, meas=2, tracks=2, valid=0, master=2129
[LIVE] udp=0.0/s, objs=0.0/s, last_udp=3.50s, meas=2, tracks=2, valid=0, master=2129
[LIVE] udp=0.0/s, objs=0.0/s, last_udp=4.50s, meas=2, tracks=2, valid=0, master=2129
[LIVE] udp=1.0/s, objs=1.0/s, last_udp=0.30s, meas=1, tracks=2, valid=0, master=2129
[LIVE] udp=0.0/s, objs=0.0/s, last_udp=1.30s, meas=1, tracks=2, valid=0, master=2129
[GPS] GGA fix_quality=1, num_sats=23, hdop=0.7, lat=30.408127107166667, lon=104.088621148
[LIVE] udp=1.0/s, objs=1.0/s, last_udp=0.95s, meas=1, tracks=2, valid=1, master=2152
[LIVE] udp=0.0/s, objs=0.0/s, last_udp=1.95s, meas=1, tracks=2, valid=1, master=2152
[LIVE] udp=0.0/s, objs=0.0/s, last_udp=2.95s, meas=1, tracks=2, valid=1, master=2152
[LIVE] udp=0.0/s, objs=0.0/s, last_udp=3.96s, meas=1, tracks=2, valid=1, master=2152
[LIVE] udp=0.0/s, objs=0.0/s, last_udp=4.96s, meas=1, tracks=2, valid=1, master=2152
[LIVE] udp=0.0/s, objs=0.0/s, last_udp=5.96s, meas=1, tracks=2, valid=1, master=2152
[LIVE] udp=0.0/s, objs=0.0/s, last_udp=6.96s, meas=1, tracks=2, valid=1, master=2152
[LIVE] udp=0.0/s, objs=0.0/s, last_udp=7.96s, meas=1, tracks=2, valid=1, master=2152
[LIVE] udp=0.0/s, objs=0.0/s, last_udp=8.96s, meas=1, tracks=2, valid=1, master=2152
[LIVE] udp=3.0/s, objs=3.0/s, last_udp=0.06s, meas=2, tracks=3, valid=0, master=2152
[GPS] GGA fix_quality=1, num_sats=24, hdop=0.7, lat=30.408127155333332, lon=104.08862490483334
[LIVE] udp=2.0/s, objs=2.0/s, last_udp=0.81s, meas=1, tracks=6, valid=0, master=2152
[LIVE] udp=1.0/s, objs=1.0/s, last_udp=0.79s, meas=1, tracks=6, valid=0, master=2152
[LIVE] udp=0.0/s, objs=0.0/s, last_udp=1.79s, meas=1, tracks=6, valid=0, master=2152
[LIVE] udp=0.0/s, objs=0.0/s, last_udp=2.79s, meas=1, tracks=6, valid=0, master=2152
[LIVE] udp=0.0/s, objs=0.0/s, last_udp=3.80s, meas=1, tracks=6, valid=0, master=2152
[LIVE] udp=0.0/s, objs=0.0/s, last_udp=4.80s, meas=1, tracks=6, valid=0, master=2152
[LIVE] udp=4.0/s, objs=4.0/s, last_udp=0.06s, meas=1, tracks=6, valid=0, master=2152
[LIVE] udp=4.0/s, objs=4.0/s, last_udp=0.53s, meas=1, tracks=7, valid=0, master=2158
[LIVE] udp=0.0/s, objs=0.0/s, last_udp=1.53s, meas=1, tracks=7, valid=0, master=2158
[LIVE] udp=0.0/s, objs=0.0/s, last_udp=2.53s, meas=1, tracks=7, valid=0, master=2158
[GPS] GGA fix_quality=1, num_sats=24, hdop=0.7, lat=30.408124180833333, lon=104.08861697716667
[LIVE] udp=0.0/s, objs=0.0/s, last_udp=3.54s, meas=1, tracks=7, valid=0, master=2158
[LIVE] udp=0.0/s, objs=0.0/s, last_udp=4.54s, meas=1, tracks=7, valid=0, master=2158
[LIVE] udp=0.0/s, objs=0.0/s, last_udp=5.54s, meas=1, tracks=7, valid=0, master=2158
[LIVE] udp=0.0/s, objs=0.0/s, last_udp=6.54s, meas=1, tracks=7, valid=0, master=2158
[LIVE] udp=4.0/s, objs=4.0/s, last_udp=0.22s, meas=1, tracks=6, valid=0, master=2158
[LIVE] udp=1.0/s, objs=1.0/s, last_udp=0.17s, meas=1, tracks=6, valid=0, master=2158
[LIVE] udp=2.0/s, objs=2.0/s, last_udp=0.21s, meas=1, tracks=9, valid=0, master=2158
[LIVE] udp=0.0/s, objs=0.0/s, last_udp=1.22s, meas=1, tracks=9, valid=0, master=2158
[LIVE] udp=0.0/s, objs=0.0/s, last_udp=2.22s, meas=1, tracks=9, valid=0, master=2158
[LIVE] udp=0.0/s, objs=0.0/s, last_udp=3.22s, meas=1, tracks=9, valid=0, master=2158
[GPS] GGA fix_quality=1, num_sats=25, hdop=0.7, lat=30.408123916, lon=104.08861541333333
[Warning] 逻辑ID 1 没有配置偏差数据
[LIVE] udp=1.0/s, objs=1.0/s, last_udp=0.31s, meas=0, tracks=6, valid=0, master=2158
[LIVE] udp=0.0/s, objs=0.0/s, last_udp=1.31s, meas=0, tracks=6, valid=0, master=2158
[LIVE] udp=0.0/s, objs=0.0/s, last_udp=2.31s, meas=0, tracks=6, valid=0, master=2158
[LIVE] udp=2.0/s, objs=2.0/s, last_udp=0.59s, meas=2, tracks=6, valid=0, master=2158
[LIVE] udp=5.0/s, objs=6.0/s, last_udp=0.03s, meas=3, tracks=7, valid=0, master=2158
[LIVE] udp=3.0/s, objs=6.0/s, last_udp=0.66s, meas=2, tracks=7, valid=2, master=2163
[LIVE] udp=0.0/s, objs=0.0/s, last_udp=1.67s, meas=2, tracks=7, valid=2, master=2163
[LIVE] udp=0.0/s, objs=0.0/s, last_udp=2.67s, meas=2, tracks=7, valid=2, master=2163
[LIVE] udp=0.0/s, objs=0.0/s, last_udp=3.67s, meas=2, tracks=7, valid=2, master=2163
[LIVE] udp=0.0/s, objs=0.0/s, last_udp=4.68s, meas=2, tracks=7, valid=2, master=2163
[GPS] GGA fix_quality=1, num_sats=24, hdop=0.7, lat=30.408122256833334, lon=104.08861312116667
[LIVE] udp=1.0/s, objs=1.0/s, last_udp=0.77s, meas=1, tracks=5, valid=0, master=2163
[LIVE] udp=2.0/s, objs=3.0/s, last_udp=0.75s, meas=2, tracks=7, valid=0, master=2163
[LIVE] udp=1.0/s, objs=1.0/s, last_udp=0.87s, meas=1, tracks=8, valid=0, master=2163
[LIVE] udp=0.0/s, objs=0.0/s, last_udp=1.87s, meas=1, tracks=8, valid=0, master=2163
[LIVE] udp=0.0/s, objs=0.0/s, last_udp=2.87s, meas=1, tracks=8, valid=0, master=2163
[LIVE] udp=0.0/s, objs=0.0/s, last_udp=3.87s, meas=1, tracks=8, valid=0, master=2163
[LIVE] udp=0.0/s, objs=0.0/s, last_udp=4.88s, meas=1, tracks=8, valid=0, master=2163
[LIVE] udp=0.0/s, objs=0.0/s, last_udp=5.88s, meas=1, tracks=8, valid=0, master=2163
[LIVE] udp=0.0/s, objs=0.0/s, last_udp=6.88s, meas=1, tracks=8, valid=0, master=2163
[LIVE] udp=0.0/s, objs=0.0/s, last_udp=7.89s, meas=1, tracks=8, valid=0, master=2163
[GPS] GGA fix_quality=1, num_sats=25, hdop=0.7, lat=30.408121417833332, lon=104.08861936416666
[LIVE] udp=4.0/s, objs=8.0/s, last_udp=0.32s, meas=2, tracks=3, valid=2, master=2165
[LIVE] udp=0.0/s, objs=0.0/s, last_udp=1.32s, meas=2, tracks=3, valid=2, master=2165
[LIVE] udp=2.0/s, objs=2.0/s, last_udp=0.35s, meas=1, tracks=3, valid=1, master=2166
[LIVE] udp=0.0/s, objs=0.0/s, last_udp=1.35s, meas=1, tracks=3, valid=1, master=2166
[LIVE] udp=0.0/s, objs=0.0/s, last_udp=2.35s, meas=1, tracks=3, valid=1, master=2166
[LIVE] udp=6.0/s, objs=6.0/s, last_udp=0.08s, meas=1, tracks=6, valid=0, master=2166
[LIVE] udp=5.0/s, objs=6.0/s, last_udp=0.01s, meas=1, tracks=10, valid=0, master=2166
[LIVE] udp=3.0/s, objs=3.0/s, last_udp=0.66s, meas=1, tracks=10, valid=1, master=2175
[LIVE] udp=0.0/s, objs=0.0/s, last_udp=1.66s, meas=1, tracks=10, valid=1, master=2175
[LIVE] udp=0.0/s, objs=0.0/s, last_udp=2.66s, meas=1, tracks=10, valid=1, master=2175
[GPS] GGA fix_quality=1, num_sats=25, hdop=0.7, lat=30.408120259333334, lon=104.08861678516666
[LIVE] udp=1.0/s, objs=1.0/s, last_udp=0.31s, meas=1, tracks=10, valid=1, master=2175
[LIVE] udp=0.0/s, objs=0.0/s, last_udp=1.32s, meas=1, tracks=10, valid=1, master=2175
[LIVE] udp=0.0/s, objs=0.0/s, last_udp=2.32s, meas=1, tracks=10, valid=1, master=2175
[LIVE] udp=0.0/s, objs=0.0/s, last_udp=3.32s, meas=1, tracks=10, valid=1, master=2175
[LIVE] udp=0.0/s, objs=0.0/s, last_udp=4.33s, meas=1, tracks=10, valid=1, master=2175
[LIVE] udp=1.0/s, objs=1.0/s, last_udp=0.98s, meas=1, tracks=9, valid=0, master=2175
[LIVE] udp=0.0/s, objs=0.0/s, last_udp=1.98s, meas=1, tracks=9, valid=0, master=2175
[LIVE] udp=0.0/s, objs=0.0/s, last_udp=2.98s, meas=1, tracks=9, valid=0, master=2175
[LIVE] udp=1.0/s, objs=1.0/s, last_udp=0.82s, meas=1, tracks=2, valid=0, master=2175
[LIVE] udp=1.0/s, objs=1.0/s, last_udp=0.16s, meas=1, tracks=2, valid=0, master=2175
[GPS] GGA fix_quality=1, num_sats=25, hdop=0.7, lat=30.408117045, lon=104.08861125433333
[LIVE] udp=3.0/s, objs=3.0/s, last_udp=0.32s, meas=1, tracks=4, valid=0, master=2175
[LIVE] udp=1.0/s, objs=1.0/s, last_udp=0.73s, meas=1, tracks=5, valid=0, master=2175
[LIVE] udp=0.0/s, objs=0.0/s, last_udp=1.74s, meas=1, tracks=5, valid=0, master=2175
[LIVE] udp=3.0/s, objs=3.0/s, last_udp=0.12s, meas=1, tracks=6, valid=0, master=2175
[LIVE] udp=0.0/s, objs=0.0/s, last_udp=1.12s, meas=1, tracks=6, valid=0, master=2175
[LIVE] udp=0.0/s, objs=0.0/s, last_udp=2.12s, meas=1, tracks=6, valid=0, master=2175
[LIVE] udp=0.0/s, objs=0.0/s, last_udp=3.13s, meas=1, tracks=6, valid=0, master=2175
[LIVE] udp=0.0/s, objs=0.0/s, last_udp=4.13s, meas=1, tracks=6, valid=0, master=2175
[LIVE] udp=6.0/s, objs=6.0/s, last_udp=0.11s, meas=1, tracks=7, valid=0, master=2175
[LIVE] udp=4.0/s, objs=5.0/s, last_udp=0.04s, meas=2, tracks=7, valid=0, master=2182
[GPS] GGA fix_quality=1, num_sats=24, hdop=0.8, lat=30.408113576, lon=104.08861152033333
[LIVE] udp=5.0/s, objs=7.0/s, last_udp=0.08s, meas=2, tracks=9, valid=0, master=2182
[LIVE] udp=3.0/s, objs=3.0/s, last_udp=0.14s, meas=1, tracks=9, valid=1, master=2183
[LIVE] udp=2.0/s, objs=2.0/s, last_udp=0.68s, meas=2, tracks=9, valid=1, master=2183
[LIVE] udp=0.0/s, objs=0.0/s, last_udp=1.68s, meas=2, tracks=9, valid=1, master=2183
[LIVE] udp=0.0/s, objs=0.0/s, last_udp=2.68s, meas=2, tracks=9, valid=1, master=2183
[LIVE] udp=0.0/s, objs=0.0/s, last_udp=3.69s, meas=2, tracks=9, valid=1, master=2183
[LIVE] udp=0.0/s, objs=0.0/s, last_udp=4.69s, meas=2, tracks=9, valid=1, master=2183
[LIVE] udp=0.0/s, objs=0.0/s, last_udp=5.69s, meas=2, tracks=9, valid=1, master=2183
[LIVE] udp=0.0/s, objs=0.0/s, last_udp=6.69s, meas=2, tracks=9, valid=1, master=2183
[LIVE] udp=0.0/s, objs=0.0/s, last_udp=7.70s, meas=2, tracks=9, valid=1, master=2183
[GPS] GGA fix_quality=1, num_sats=23, hdop=0.7, lat=30.408117237833334, lon=104.088613155
[LIVE] udp=0.0/s, objs=0.0/s, last_udp=8.70s, meas=2, tracks=9, valid=1, master=2183
[LIVE] udp=0.0/s, objs=0.0/s, last_udp=9.70s, meas=2, tracks=9, valid=1, master=2183
[LIVE] udp=0.0/s, objs=0.0/s, last_udp=10.70s, meas=2, tracks=9, valid=1, master=2183
[LIVE] udp=0.0/s, objs=0.0/s, last_udp=11.70s, meas=2, tracks=9, valid=1, master=2183
[LIVE] udp=0.0/s, objs=0.0/s, last_udp=12.70s, meas=2, tracks=9, valid=1, master=2183
[LIVE] udp=0.0/s, objs=0.0/s, last_udp=13.70s, meas=2, tracks=9, valid=1, master=2183
[LIVE] udp=0.0/s, objs=0.0/s, last_udp=14.70s, meas=2, tracks=9, valid=1, master=2183
[LIVE] udp=0.0/s, objs=0.0/s, last_udp=15.70s, meas=2, tracks=9, valid=1, master=2183
[LIVE] udp=0.0/s, objs=0.0/s, last_udp=16.70s, meas=2, tracks=9, valid=1, master=2183
[LIVE] udp=0.0/s, objs=0.0/s, last_udp=17.70s, meas=2, tracks=9, valid=1, master=2183
[GPS] GGA fix_quality=1, num_sats=25, hdop=0.7, lat=30.408119993, lon=104.088620918
[LIVE] udp=0.0/s, objs=0.0/s, last_udp=18.70s, meas=2, tracks=9, valid=1, master=2183
[LIVE] udp=0.0/s, objs=0.0/s, last_udp=19.71s, meas=2, tracks=9, valid=1, master=2183
[LIVE] udp=0.0/s, objs=0.0/s, last_udp=20.71s, meas=2, tracks=9, valid=1, master=2183
[LIVE] udp=0.0/s, objs=0.0/s, last_udp=21.71s, meas=2, tracks=9, valid=1, master=2183
[LIVE] udp=0.0/s, objs=0.0/s, last_udp=22.72s, meas=2, tracks=9, valid=1, master=2183
[LIVE] udp=0.0/s, objs=0.0/s, last_udp=23.72s, meas=2, tracks=9, valid=1, master=2183
[LIVE] udp=0.0/s, objs=0.0/s, last_udp=24.72s, meas=2, tracks=9, valid=1, master=2183
[LIVE] udp=0.0/s, objs=0.0/s, last_udp=25.72s, meas=2, tracks=9, valid=1, master=2183
[LIVE] udp=0.0/s, objs=0.0/s, last_udp=26.72s, meas=2, tracks=9, valid=1, master=2183
[LIVE] udp=0.0/s, objs=0.0/s, last_udp=27.73s, meas=2, tracks=9, valid=1, master=2183
[GPS] GGA fix_quality=1, num_sats=24, hdop=0.8, lat=30.4081197995, lon=104.08862147216666
[LIVE] udp=0.0/s, objs=0.0/s, last_udp=28.73s, meas=2, tracks=9, valid=1, master=2183
[LIVE] udp=2.0/s, objs=2.0/s, last_udp=0.25s, meas=1, tracks=2, valid=0, master=2183
[LIVE] udp=2.0/s, objs=2.0/s, last_udp=0.63s, meas=1, tracks=4, valid=0, master=2183
[LIVE] udp=0.0/s, objs=0.0/s, last_udp=1.63s, meas=1, tracks=4, valid=0, master=2183
[LIVE] udp=1.0/s, objs=1.0/s, last_udp=0.11s, meas=1, tracks=4, valid=0, master=2183
[LIVE] udp=0.0/s, objs=0.0/s, last_udp=1.11s, meas=1, tracks=5, valid=0, master=2183
[LIVE] udp=0.0/s, objs=0.0/s, last_udp=2.11s, meas=1, tracks=5, valid=0, master=2183
[LIVE] udp=0.0/s, objs=0.0/s, last_udp=3.11s, meas=1, tracks=5, valid=0, master=2183
[LIVE] udp=0.0/s, objs=0.0/s, last_udp=4.12s, meas=1, tracks=5, valid=0, master=2183
[LIVE] udp=0.0/s, objs=0.0/s, last_udp=5.12s, meas=1, tracks=5, valid=0, master=2183
[GPS] GGA fix_quality=1, num_sats=25, hdop=0.7, lat=30.408118791333333, lon=104.08862352916667
[LIVE] udp=0.0/s, objs=0.0/s, last_udp=6.12s, meas=1, tracks=5, valid=0, master=2183
[LIVE] udp=0.0/s, objs=0.0/s, last_udp=7.13s, meas=1, tracks=5, valid=0, master=2183
[LIVE] udp=0.0/s, objs=0.0/s, last_udp=8.13s, meas=1, tracks=5, valid=0, master=2183
[LIVE] udp=2.0/s, objs=2.0/s, last_udp=0.39s, meas=1, tracks=1, valid=1, master=2189
[LIVE] udp=1.0/s, objs=1.0/s, last_udp=0.92s, meas=1, tracks=1, valid=1, master=2189
[LIVE] udp=0.0/s, objs=0.0/s, last_udp=1.92s, meas=1, tracks=1, valid=1, master=2189
[LIVE] udp=0.0/s, objs=0.0/s, last_udp=2.93s, meas=1, tracks=1, valid=1, master=2189
[LIVE] udp=0.0/s, objs=0.0/s, last_udp=3.93s, meas=1, tracks=1, valid=1, master=2189
[LIVE] udp=2.0/s, objs=2.0/s, last_udp=0.13s, meas=1, tracks=2, valid=0, master=2189
[LIVE] udp=1.0/s, objs=1.0/s, last_udp=0.85s, meas=1, tracks=3, valid=0, master=2189
[GPS] GGA fix_quality=1, num_sats=24, hdop=0.7, lat=30.40812058, lon=104.08862568666666
[LIVE] udp=0.0/s, objs=0.0/s, last_udp=1.85s, meas=1, tracks=3, valid=0, master=2189
[LIVE] udp=0.0/s, objs=0.0/s, last_udp=2.86s, meas=1, tracks=3, valid=0, master=2189
[LIVE] udp=0.0/s, objs=0.0/s, last_udp=3.86s, meas=1, tracks=3, valid=0, master=2189
[LIVE] udp=0.0/s, objs=0.0/s, last_udp=4.86s, meas=1, tracks=3, valid=0, master=2189
[LIVE] udp=0.0/s, objs=0.0/s, last_udp=5.87s, meas=1, tracks=3, valid=0, master=2189
[LIVE] udp=0.0/s, objs=0.0/s, last_udp=6.87s, meas=1, tracks=3, valid=0, master=2189
[LIVE] udp=0.0/s, objs=0.0/s, last_udp=7.87s, meas=1, tracks=3, valid=0, master=2189
[LIVE] udp=3.0/s, objs=3.0/s, last_udp=0.53s, meas=1, tracks=3, valid=0, master=2189
[LIVE] udp=0.0/s, objs=0.0/s, last_udp=1.54s, meas=1, tracks=3, valid=0, master=2189
[LIVE] udp=0.0/s, objs=0.0/s, last_udp=2.54s, meas=1, tracks=3, valid=0, master=2189
[GPS] GGA fix_quality=1, num_sats=24, hdop=0.7, lat=30.408115629666668, lon=104.08863173266667
[LIVE] udp=0.0/s, objs=0.0/s, last_udp=3.54s, meas=1, tracks=3, valid=0, master=2189
[Warning] 逻辑ID 1 没有配置偏差数据
[LIVE] udp=1.0/s, objs=1.0/s, last_udp=0.35s, meas=0, tracks=3, valid=0, master=2189
[LIVE] udp=0.0/s, objs=0.0/s, last_udp=1.35s, meas=0, tracks=3, valid=0, master=2189
[LIVE] udp=0.0/s, objs=0.0/s, last_udp=2.35s, meas=0, tracks=3, valid=0, master=2189
[LIVE] udp=0.0/s, objs=0.0/s, last_udp=3.35s, meas=0, tracks=3, valid=0, master=2189
[LIVE] udp=0.0/s, objs=0.0/s, last_udp=4.36s, meas=0, tracks=3, valid=0, master=2189
[LIVE] udp=0.0/s, objs=0.0/s, last_udp=5.36s, meas=0, tracks=3, valid=0, master=2189
[LIVE] udp=1.0/s, objs=1.0/s, last_udp=0.79s, meas=1, tracks=4, valid=0, master=2189
[LIVE] udp=0.0/s, objs=0.0/s, last_udp=1.80s, meas=1, tracks=4, valid=0, master=2189
[LIVE] udp=0.0/s, objs=0.0/s, last_udp=2.80s, meas=1, tracks=4, valid=0, master=2189
[GPS] GGA fix_quality=1, num_sats=25, hdop=0.7, lat=30.408114168166666, lon=104.08863309316666
[LIVE] udp=0.0/s, objs=0.0/s, last_udp=3.80s, meas=1, tracks=4, valid=0, master=2189
[LIVE] udp=0.0/s, objs=0.0/s, last_udp=4.80s, meas=1, tracks=4, valid=0, master=2189
[LIVE] udp=1.0/s, objs=1.0/s, last_udp=0.93s, meas=1, tracks=1, valid=0, master=2189
[LIVE] udp=0.0/s, objs=0.0/s, last_udp=1.93s, meas=1, tracks=1, valid=0, master=2189
[LIVE] udp=0.0/s, objs=0.0/s, last_udp=2.93s, meas=1, tracks=1, valid=0, master=2189
[LIVE] udp=0.0/s, objs=0.0/s, last_udp=3.94s, meas=1, tracks=1, valid=0, master=2189
[LIVE] udp=0.0/s, objs=0.0/s, last_udp=4.94s, meas=1, tracks=1, valid=0, master=2189
[LIVE] udp=0.0/s, objs=0.0/s, last_udp=5.94s, meas=1, tracks=1, valid=0, master=2189
[LIVE] udp=1.0/s, objs=1.0/s, last_udp=0.01s, meas=1, tracks=1, valid=0, master=2189
[LIVE] udp=6.0/s, objs=6.0/s, last_udp=0.01s, meas=2, tracks=5, valid=0, master=2189
[GPS] GGA fix_quality=1, num_sats=27, hdop=0.6, lat=30.4081094465, lon=104.08863618816666
[LIVE] udp=2.0/s, objs=2.0/s, last_udp=0.18s, meas=1, tracks=6, valid=0, master=2189
[LIVE] udp=0.0/s, objs=0.0/s, last_udp=1.18s, meas=1, tracks=7, valid=0, master=2189
[LIVE] udp=0.0/s, objs=0.0/s, last_udp=2.19s, meas=1, tracks=7, valid=0, master=2189
[LIVE] udp=0.0/s, objs=0.0/s, last_udp=3.19s, meas=1, tracks=7, valid=0, master=2189
[LIVE] udp=0.0/s, objs=0.0/s, last_udp=4.19s, meas=1, tracks=7, valid=0, master=2189
[LIVE] udp=0.0/s, objs=0.0/s, last_udp=5.19s, meas=1, tracks=7, valid=0, master=2189
[LIVE] udp=0.0/s, objs=0.0/s, last_udp=6.19s, meas=1, tracks=7, valid=0, master=2189
[LIVE] udp=0.0/s, objs=0.0/s, last_udp=7.20s, meas=1, tracks=7, valid=0, master=2189
[LIVE] udp=0.0/s, objs=0.0/s, last_udp=8.20s, meas=1, tracks=7, valid=0, master=2189
[LIVE] udp=1.0/s, objs=1.0/s, last_udp=0.81s, meas=1, tracks=6, valid=0, master=2189
[GPS] GGA fix_quality=1, num_sats=25, hdop=0.8, lat=30.408109209833334, lon=104.088636877
[LIVE] udp=0.0/s, objs=0.0/s, last_udp=1.81s, meas=1, tracks=6, valid=0, master=2189
[LIVE] udp=0.0/s, objs=0.0/s, last_udp=2.82s, meas=1, tracks=6, valid=0, master=2189
[LIVE] udp=0.0/s, objs=0.0/s, last_udp=3.82s, meas=1, tracks=6, valid=0, master=2189
[LIVE] udp=0.0/s, objs=0.0/s, last_udp=4.82s, meas=1, tracks=6, valid=0, master=2189
[LIVE] udp=0.0/s, objs=0.0/s, last_udp=5.83s, meas=1, tracks=6, valid=0, master=2189
[LIVE] udp=0.0/s, objs=0.0/s, last_udp=6.83s, meas=1, tracks=6, valid=0, master=2189
[LIVE] udp=0.0/s, objs=0.0/s, last_udp=7.83s, meas=1, tracks=6, valid=0, master=2189
[LIVE] udp=0.0/s, objs=0.0/s, last_udp=8.83s, meas=1, tracks=6, valid=0, master=2189
[LIVE] udp=0.0/s, objs=0.0/s, last_udp=9.84s, meas=1, tracks=6, valid=0, master=2189
[LIVE] udp=0.0/s, objs=0.0/s, last_udp=10.84s, meas=1, tracks=6, valid=0, master=2189
[GPS] GGA fix_quality=1, num_sats=25, hdop=0.7, lat=30.408112399666667, lon=104.088644542
[LIVE] udp=0.0/s, objs=0.0/s, last_udp=11.84s, meas=1, tracks=6, valid=0, master=2189
[LIVE] udp=1.0/s, objs=1.0/s, last_udp=0.19s, meas=1, tracks=6, valid=0, master=2189
[LIVE] udp=1.0/s, objs=1.0/s, last_udp=0.89s, meas=1, tracks=1, valid=0, master=2189
[LIVE] udp=0.0/s, objs=0.0/s, last_udp=1.89s, meas=1, tracks=1, valid=0, master=2189
[LIVE] udp=0.0/s, objs=0.0/s, last_udp=2.89s, meas=1, tracks=1, valid=0, master=2189
[LIVE] udp=0.0/s, objs=0.0/s, last_udp=3.89s, meas=1, tracks=1, valid=0, master=2189
[LIVE] udp=0.0/s, objs=0.0/s, last_udp=4.90s, meas=1, tracks=1, valid=0, master=2189
[LIVE] udp=0.0/s, objs=0.0/s, last_udp=5.90s, meas=1, tracks=1, valid=0, master=2189
[LIVE] udp=2.0/s, objs=2.0/s, last_udp=0.56s, meas=2, tracks=3, valid=0, master=2189
[LIVE] udp=0.0/s, objs=0.0/s, last_udp=1.56s, meas=2, tracks=3, valid=0, master=2189
[GPS] GGA fix_quality=1, num_sats=26, hdop=0.7, lat=30.408115963666667, lon=104.088646387
[LIVE] udp=2.0/s, objs=3.0/s, last_udp=0.13s, meas=1, tracks=4, valid=0, master=2189
[LIVE] udp=7.0/s, objs=8.0/s, last_udp=0.02s, meas=1, tracks=6, valid=0, master=2204
[LIVE] udp=1.0/s, objs=1.0/s, last_udp=0.24s, meas=1, tracks=8, valid=0, master=2204
[LIVE] udp=2.0/s, objs=3.0/s, last_udp=0.47s, meas=2, tracks=9, valid=0, master=2204
[LIVE] udp=0.0/s, objs=0.0/s, last_udp=1.48s, meas=2, tracks=9, valid=0, master=2204
[LIVE] udp=0.0/s, objs=0.0/s, last_udp=2.48s, meas=2, tracks=9, valid=0, master=2204
[LIVE] udp=0.0/s, objs=0.0/s, last_udp=3.48s, meas=2, tracks=9, valid=0, master=2204
[LIVE] udp=0.0/s, objs=0.0/s, last_udp=4.48s, meas=2, tracks=9, valid=0, master=2204
[LIVE] udp=0.0/s, objs=0.0/s, last_udp=5.48s, meas=2, tracks=9, valid=0, master=2204
[LIVE] udp=0.0/s, objs=0.0/s, last_udp=6.49s, meas=2, tracks=9, valid=0, master=2204
[GPS] GGA fix_quality=1, num_sats=25, hdop=0.8, lat=30.408116739666667, lon=104.08864904416667
[LIVE] udp=3.0/s, objs=4.0/s, last_udp=0.09s, meas=2, tracks=10, valid=0, master=2204
[LIVE] udp=0.0/s, objs=0.0/s, last_udp=1.09s, meas=2, tracks=10, valid=0, master=2204
[LIVE] udp=0.0/s, objs=0.0/s, last_udp=2.10s, meas=2, tracks=10, valid=0, master=2204
[LIVE] udp=1.0/s, objs=1.0/s, last_udp=0.09s, meas=2, tracks=10, valid=0, master=2204
[LIVE] udp=2.0/s, objs=2.0/s, last_udp=0.38s, meas=0, tracks=3, valid=0, master=2204
[LIVE] udp=2.0/s, objs=2.0/s, last_udp=0.65s, meas=0, tracks=4, valid=0, master=2204
[LIVE] udp=1.0/s, objs=1.0/s, last_udp=0.45s, meas=1, tracks=5, valid=0, master=2204
[LIVE] udp=4.0/s, objs=6.0/s, last_udp=0.12s, meas=2, tracks=6, valid=1, master=2211
[LIVE] udp=1.0/s, objs=1.0/s, last_udp=0.86s, meas=1, tracks=6, valid=1, master=2211
[LIVE] udp=0.0/s, objs=0.0/s, last_udp=1.87s, meas=1, tracks=6, valid=1, master=2211
[GPS] GGA fix_quality=1, num_sats=24, hdop=0.8, lat=30.408120201666666, lon=104.0886539105
[LIVE] udp=0.0/s, objs=0.0/s, last_udp=2.87s, meas=1, tracks=6, valid=1, master=2211
[LIVE] udp=0.0/s, objs=0.0/s, last_udp=3.87s, meas=1, tracks=6, valid=1, master=2211
[LIVE] udp=2.0/s, objs=2.0/s, last_udp=0.41s, meas=1, tracks=4, valid=0, master=2211
[LIVE] udp=0.0/s, objs=0.0/s, last_udp=1.41s, meas=1, tracks=4, valid=0, master=2211
[LIVE] udp=2.0/s, objs=3.0/s, last_udp=0.12s, meas=1, tracks=5, valid=0, master=2211
[LIVE] udp=0.0/s, objs=0.0/s, last_udp=1.12s, meas=2, tracks=6, valid=0, master=2211
[LIVE] udp=0.0/s, objs=0.0/s, last_udp=2.13s, meas=2, tracks=6, valid=0, master=2211
[LIVE] udp=0.0/s, objs=0.0/s, last_udp=3.13s, meas=2, tracks=6, valid=0, master=2211
[LIVE] udp=1.0/s, objs=1.0/s, last_udp=0.13s, meas=2, tracks=6, valid=0, master=2211
[LIVE] udp=0.0/s, objs=0.0/s, last_udp=1.14s, meas=1, tracks=4, valid=0, master=2211
[GPS] GGA fix_quality=1, num_sats=26, hdop=0.7, lat=30.408120573, lon=104.088653025
[LIVE] udp=3.0/s, objs=3.0/s, last_udp=0.28s, meas=1, tracks=5, valid=0, master=2211
[LIVE] udp=0.0/s, objs=0.0/s, last_udp=1.28s, meas=1, tracks=5, valid=0, master=2211
[LIVE] udp=0.0/s, objs=0.0/s, last_udp=2.29s, meas=1, tracks=5, valid=0, master=2211
[LIVE] udp=0.0/s, objs=0.0/s, last_udp=3.29s, meas=1, tracks=5, valid=0, master=2211
[LIVE] udp=0.0/s, objs=0.0/s, last_udp=4.30s, meas=1, tracks=5, valid=0, master=2211
[LIVE] udp=0.0/s, objs=0.0/s, last_udp=5.30s, meas=1, tracks=5, valid=0, master=2211
[LIVE] udp=0.0/s, objs=0.0/s, last_udp=6.30s, meas=1, tracks=5, valid=0, master=2211
[LIVE] udp=0.0/s, objs=0.0/s, last_udp=7.31s, meas=1, tracks=5, valid=0, master=2211
[LIVE] udp=4.0/s, objs=6.0/s, last_udp=0.57s, meas=2, tracks=2, valid=0, master=2211
[LIVE] udp=0.0/s, objs=0.0/s, last_udp=1.57s, meas=2, tracks=2, valid=0, master=2211
[GPS] GGA fix_quality=1, num_sats=26, hdop=0.7, lat=30.408119733333333, lon=104.08865376366667
[LIVE] udp=0.0/s, objs=0.0/s, last_udp=2.57s, meas=2, tracks=2, valid=0, master=2211
[LIVE] udp=0.0/s, objs=0.0/s, last_udp=3.58s, meas=2, tracks=2, valid=0, master=2211
[LIVE] udp=0.0/s, objs=0.0/s, last_udp=4.58s, meas=2, tracks=2, valid=0, master=2211
[LIVE] udp=0.0/s, objs=0.0/s, last_udp=5.58s, meas=2, tracks=2, valid=0, master=2211
[LIVE] udp=0.0/s, objs=0.0/s, last_udp=6.58s, meas=2, tracks=2, valid=0, master=2211
[LIVE] udp=0.0/s, objs=0.0/s, last_udp=7.59s, meas=2, tracks=2, valid=0, master=2211
[LIVE] udp=0.0/s, objs=0.0/s, last_udp=8.59s, meas=2, tracks=2, valid=0, master=2211
[LIVE] udp=0.0/s, objs=0.0/s, last_udp=9.60s, meas=2, tracks=2, valid=0, master=2211
[LIVE] udp=0.0/s, objs=0.0/s, last_udp=10.60s, meas=2, tracks=2, valid=0, master=2211
[LIVE] udp=1.0/s, objs=1.0/s, last_udp=0.00s, meas=2, tracks=2, valid=0, master=2211
[GPS] GGA fix_quality=1, num_sats=25, hdop=0.7, lat=30.408117029, lon=104.088650427
[Warning] 逻辑ID 1 没有配置偏差数据
[Warning] 逻辑ID 1 没有配置偏差数据
[LIVE] udp=1.0/s, objs=1.0/s, last_udp=0.85s, meas=0, tracks=0, valid=0, master=2211
[LIVE] udp=1.0/s, objs=1.0/s, last_udp=0.84s, meas=1, tracks=1, valid=0, master=2211
[LIVE] udp=0.0/s, objs=0.0/s, last_udp=1.84s, meas=1, tracks=1, valid=0, master=2211
[LIVE] udp=0.0/s, objs=0.0/s, last_udp=2.84s, meas=1, tracks=1, valid=0, master=2211
[LIVE] udp=0.0/s, objs=0.0/s, last_udp=3.84s, meas=1, tracks=1, valid=0, master=2211
[LIVE] udp=0.0/s, objs=0.0/s, last_udp=4.84s, meas=1, tracks=1, valid=0, master=2211
[LIVE] udp=0.0/s, objs=0.0/s, last_udp=5.85s, meas=1, tracks=1, valid=0, master=2211
[LIVE] udp=0.0/s, objs=0.0/s, last_udp=6.85s, meas=1, tracks=1, valid=0, master=2211
[LIVE] udp=1.0/s, objs=1.0/s, last_udp=0.53s, meas=1, tracks=2, valid=0, master=2211
[GPS] GGA fix_quality=1, num_sats=25, hdop=0.8, lat=30.408115415166666, lon=104.08865659633334
[LIVE] udp=0.0/s, objs=0.0/s, last_udp=1.53s, meas=1, tracks=2, valid=0, master=2211
[LIVE] udp=1.0/s, objs=1.0/s, last_udp=0.38s, meas=1, tracks=3, valid=0, master=2211
[LIVE] udp=0.0/s, objs=0.0/s, last_udp=1.38s, meas=1, tracks=3, valid=0, master=2211
[Warning] 逻辑ID 1 没有配置偏差数据
[LIVE] udp=3.0/s, objs=3.0/s, last_udp=0.55s, meas=1, tracks=2, valid=1, master=2220
[LIVE] udp=0.0/s, objs=0.0/s, last_udp=1.55s, meas=1, tracks=2, valid=1, master=2220
[LIVE] udp=2.0/s, objs=2.0/s, last_udp=0.06s, meas=1, tracks=2, valid=0, master=2220
[LIVE] udp=0.0/s, objs=0.0/s, last_udp=1.06s, meas=1, tracks=3, valid=0, master=2220
[LIVE] udp=1.0/s, objs=1.0/s, last_udp=0.76s, meas=1, tracks=4, valid=0, master=2220
[LIVE] udp=2.0/s, objs=2.0/s, last_udp=0.53s, meas=1, tracks=5, valid=0, master=2220
[LIVE] udp=1.0/s, objs=1.0/s, last_udp=0.04s, meas=1, tracks=5, valid=0, master=2220
[GPS] GGA fix_quality=1, num_sats=25, hdop=0.8, lat=30.408113902833332, lon=104.08865910016667
[LIVE] udp=2.0/s, objs=2.0/s, last_udp=0.81s, meas=1, tracks=5, valid=1, master=2223
[LIVE] udp=0.0/s, objs=0.0/s, last_udp=1.81s, meas=1, tracks=5, valid=1, master=2223
[LIVE] udp=0.0/s, objs=0.0/s, last_udp=2.81s, meas=1, tracks=5, valid=1, master=2223
[LIVE] udp=3.0/s, objs=3.0/s, last_udp=0.48s, meas=1, tracks=6, valid=0, master=2223
[LIVE] udp=0.0/s, objs=0.0/s, last_udp=1.48s, meas=1, tracks=6, valid=0, master=2223
[LIVE] udp=0.0/s, objs=0.0/s, last_udp=2.48s, meas=1, tracks=6, valid=0, master=2223
[LIVE] udp=0.0/s, objs=0.0/s, last_udp=3.49s, meas=1, tracks=6, valid=0, master=2223
[LIVE] udp=0.0/s, objs=0.0/s, last_udp=4.49s, meas=1, tracks=6, valid=0, master=2223
[LIVE] udp=4.0/s, objs=4.0/s, last_udp=0.00s, meas=2, tracks=5, valid=0, master=2223
[LIVE] udp=0.0/s, objs=0.0/s, last_udp=1.01s, meas=2, tracks=5, valid=1, master=2224
[GPS] GGA fix_quality=1, num_sats=24, hdop=0.8, lat=30.408115170166667, lon=104.08865857033334
[LIVE] udp=0.0/s, objs=0.0/s, last_udp=2.01s, meas=2, tracks=5, valid=1, master=2224
[LIVE] udp=5.0/s, objs=5.0/s, last_udp=0.02s, meas=1, tracks=5, valid=0, master=2224
[LIVE] udp=2.0/s, objs=2.0/s, last_udp=0.20s, meas=1, tracks=5, valid=1, master=2226
[LIVE] udp=6.0/s, objs=6.0/s, last_udp=0.05s, meas=1, tracks=5, valid=1, master=2226
[LIVE] udp=6.0/s, objs=6.0/s, last_udp=0.23s, meas=1, tracks=3, valid=1, master=2226
[LIVE] udp=0.0/s, objs=0.0/s, last_udp=1.24s, meas=1, tracks=3, valid=1, master=2226
[LIVE] udp=5.0/s, objs=5.0/s, last_udp=0.01s, meas=2, tracks=4, valid=0, master=2226
[LIVE] udp=3.0/s, objs=3.0/s, last_udp=0.13s, meas=1, tracks=7, valid=0, master=2226
[LIVE] udp=5.0/s, objs=5.0/s, last_udp=0.31s, meas=2, tracks=9, valid=0, master=2226
[LIVE] udp=7.0/s, objs=7.0/s, last_udp=0.13s, meas=2, tracks=11, valid=0, master=2226
[GPS] GGA fix_quality=1, num_sats=23, hdop=1.0, lat=30.408121969333333, lon=104.088662853
[LIVE] udp=2.0/s, objs=2.0/s, last_udp=0.37s, meas=1, tracks=10, valid=0, master=2226
[LIVE] udp=4.0/s, objs=4.0/s, last_udp=0.38s, meas=1, tracks=12, valid=0, master=2226
[LIVE] udp=3.0/s, objs=3.0/s, last_udp=0.05s, meas=1, tracks=12, valid=0, master=2226
[LIVE] udp=3.0/s, objs=3.0/s, last_udp=0.00s, meas=1, tracks=12, valid=1, master=2226
[LIVE] udp=5.0/s, objs=5.0/s, last_udp=0.02s, meas=1, tracks=13, valid=1, master=2226
[LIVE] udp=4.0/s, objs=4.0/s, last_udp=0.08s, meas=1, tracks=13, valid=1, master=2226
[LIVE] udp=5.0/s, objs=5.0/s, last_udp=0.19s, meas=1, tracks=13, valid=1, master=2226
[LIVE] udp=5.0/s, objs=5.0/s, last_udp=0.06s, meas=1, tracks=13, valid=1, master=2226
[LIVE] udp=5.0/s, objs=5.0/s, last_udp=0.04s, meas=1, tracks=13, valid=1, master=2226
[LIVE] udp=4.0/s, objs=4.0/s, last_udp=0.23s, meas=1, tracks=12, valid=0, master=2226
[GPS] GGA fix_quality=1, num_sats=24, hdop=0.9, lat=30.408121649333335, lon=104.08865838866667
[LIVE] udp=6.0/s, objs=6.0/s, last_udp=0.02s, meas=1, tracks=11, valid=1, master=2226
[LIVE] udp=4.0/s, objs=4.0/s, last_udp=0.09s, meas=1, tracks=11, valid=1, master=2226
[LIVE] udp=3.0/s, objs=3.0/s, last_udp=0.19s, meas=1, tracks=7, valid=1, master=2226
[LIVE] udp=0.0/s, objs=0.0/s, last_udp=1.19s, meas=1, tracks=7, valid=1, master=2226
[LIVE] udp=0.0/s, objs=0.0/s, last_udp=2.19s, meas=1, tracks=7, valid=1, master=2226
[LIVE] udp=0.0/s, objs=0.0/s, last_udp=3.20s, meas=1, tracks=7, valid=1, master=2226
[LIVE] udp=3.0/s, objs=3.0/s, last_udp=0.01s, meas=2, tracks=6, valid=0, master=2226
[LIVE] udp=8.0/s, objs=8.0/s, last_udp=0.05s, meas=1, tracks=6, valid=1, master=2226
[Warning] 逻辑ID 1 没有配置偏差数据
[LIVE] udp=3.0/s, objs=3.0/s, last_udp=0.58s, meas=1, tracks=6, valid=1, master=2226
[LIVE] udp=0.0/s, objs=0.0/s, last_udp=1.59s, meas=1, tracks=6, valid=1, master=2226
[GPS] GGA fix_quality=1, num_sats=24, hdop=0.8, lat=30.408120562333334, lon=104.088656311
[LIVE] udp=0.0/s, objs=0.0/s, last_udp=2.59s, meas=1, tracks=6, valid=1, master=2226
[LIVE] udp=7.0/s, objs=9.0/s, last_udp=0.13s, meas=3, tracks=7, valid=0, master=2226
[LIVE] udp=1.0/s, objs=3.0/s, last_udp=0.08s, meas=1, tracks=8, valid=0, master=2226
[LIVE] udp=5.0/s, objs=7.0/s, last_udp=0.17s, meas=2, tracks=8, valid=1, master=2240
[LIVE] udp=2.0/s, objs=2.0/s, last_udp=0.70s, meas=2, tracks=8, valid=0, master=2240
[LIVE] udp=0.0/s, objs=0.0/s, last_udp=1.70s, meas=2, tracks=8, valid=0, master=2240
[LIVE] udp=0.0/s, objs=0.0/s, last_udp=2.70s, meas=2, tracks=8, valid=0, master=2240
[LIVE] udp=0.0/s, objs=0.0/s, last_udp=3.71s, meas=2, tracks=8, valid=0, master=2240
[LIVE] udp=0.0/s, objs=0.0/s, last_udp=4.71s, meas=2, tracks=8, valid=0, master=2240
[LIVE] udp=0.0/s, objs=0.0/s, last_udp=5.71s, meas=2, tracks=8, valid=0, master=2240
[GPS] GGA fix_quality=1, num_sats=25, hdop=0.8, lat=30.408119360666667, lon=104.08865196383333
[LIVE] udp=0.0/s, objs=0.0/s, last_udp=6.71s, meas=2, tracks=8, valid=0, master=2240
[LIVE] udp=0.0/s, objs=0.0/s, last_udp=7.72s, meas=2, tracks=8, valid=0, master=2240
[LIVE] udp=0.0/s, objs=0.0/s, last_udp=8.72s, meas=2, tracks=8, valid=0, master=2240
[LIVE] udp=0.0/s, objs=0.0/s, last_udp=9.72s, meas=2, tracks=8, valid=0, master=2240
[LIVE] udp=0.0/s, objs=0.0/s, last_udp=10.73s, meas=2, tracks=8, valid=0, master=2240
[LIVE] udp=0.0/s, objs=0.0/s, last_udp=11.73s, meas=2, tracks=8, valid=0, master=2240
[LIVE] udp=0.0/s, objs=0.0/s, last_udp=12.73s, meas=2, tracks=8, valid=0, master=2240
[LIVE] udp=0.0/s, objs=0.0/s, last_udp=13.73s, meas=2, tracks=8, valid=0, master=2240
[LIVE] udp=0.0/s, objs=0.0/s, last_udp=14.74s, meas=2, tracks=8, valid=0, master=2240
[LIVE] udp=0.0/s, objs=0.0/s, last_udp=15.74s, meas=2, tracks=8, valid=0, master=2240
[GPS] GGA fix_quality=1, num_sats=25, hdop=0.8, lat=30.408117796833334, lon=104.08865318633333
[LIVE] udp=0.0/s, objs=0.0/s, last_udp=16.74s, meas=2, tracks=8, valid=0, master=2240
[LIVE] udp=0.0/s, objs=0.0/s, last_udp=17.74s, meas=2, tracks=8, valid=0, master=2240
[LIVE] udp=0.0/s, objs=0.0/s, last_udp=18.75s, meas=2, tracks=8, valid=0, master=2240
[LIVE] udp=0.0/s, objs=0.0/s, last_udp=19.75s, meas=2, tracks=8, valid=0, master=2240
[LIVE] udp=0.0/s, objs=0.0/s, last_udp=20.75s, meas=2, tracks=8, valid=0, master=2240
[LIVE] udp=0.0/s, objs=0.0/s, last_udp=21.75s, meas=2, tracks=8, valid=0, master=2240
[LIVE] udp=0.0/s, objs=0.0/s, last_udp=22.76s, meas=2, tracks=8, valid=0, master=2240
[LIVE] udp=3.0/s, objs=3.0/s, last_udp=0.46s, meas=1, tracks=3, valid=0, master=2240
[LIVE] udp=0.0/s, objs=0.0/s, last_udp=1.47s, meas=1, tracks=3, valid=0, master=2240
[LIVE] udp=0.0/s, objs=0.0/s, last_udp=2.47s, meas=1, tracks=3, valid=0, master=2240
[GPS] GGA fix_quality=1, num_sats=25, hdop=0.8, lat=30.408115854, lon=104.088652441
[LIVE] udp=0.0/s, objs=0.0/s, last_udp=3.48s, meas=1, tracks=3, valid=0, master=2240
[LIVE] udp=0.0/s, objs=0.0/s, last_udp=4.48s, meas=1, tracks=3, valid=0, master=2240
[LIVE] udp=1.0/s, objs=1.0/s, last_udp=0.43s, meas=1, tracks=4, valid=0, master=2240
[LIVE] udp=0.0/s, objs=0.0/s, last_udp=1.43s, meas=1, tracks=4, valid=0, master=2240
[LIVE] udp=0.0/s, objs=0.0/s, last_udp=2.43s, meas=1, tracks=4, valid=0, master=2240
[LIVE] udp=0.0/s, objs=0.0/s, last_udp=3.44s, meas=1, tracks=4, valid=0, master=2240
[LIVE] udp=0.0/s, objs=0.0/s, last_udp=4.44s, meas=1, tracks=4, valid=0, master=2240
[LIVE] udp=0.0/s, objs=0.0/s, last_udp=5.44s, meas=1, tracks=4, valid=0, master=2240
[LIVE] udp=0.0/s, objs=0.0/s, last_udp=6.44s, meas=1, tracks=4, valid=0, master=2240
[LIVE] udp=0.0/s, objs=0.0/s, last_udp=7.45s, meas=1, tracks=4, valid=0, master=2240
[GPS] GGA fix_quality=1, num_sats=26, hdop=0.7, lat=30.408111759, lon=104.08865306333334
[LIVE] udp=0.0/s, objs=0.0/s, last_udp=8.45s, meas=1, tracks=4, valid=0, master=2240
[LIVE] udp=0.0/s, objs=0.0/s, last_udp=9.45s, meas=1, tracks=4, valid=0, master=2240
[LIVE] udp=0.0/s, objs=0.0/s, last_udp=10.45s, meas=1, tracks=4, valid=0, master=2240
[LIVE] udp=0.0/s, objs=0.0/s, last_udp=11.46s, meas=1, tracks=4, valid=0, master=2240
[LIVE] udp=0.0/s, objs=0.0/s, last_udp=12.46s, meas=1, tracks=4, valid=0, master=2240
[LIVE] udp=0.0/s, objs=0.0/s, last_udp=13.46s, meas=1, tracks=4, valid=0, master=2240
[LIVE] udp=0.0/s, objs=0.0/s, last_udp=14.46s, meas=1, tracks=4, valid=0, master=2240
[LIVE] udp=0.0/s, objs=0.0/s, last_udp=15.47s, meas=1, tracks=4, valid=0, master=2240
[LIVE] udp=1.0/s, objs=1.0/s, last_udp=0.48s, meas=1, tracks=1, valid=0, master=2240
[LIVE] udp=0.0/s, objs=0.0/s, last_udp=1.48s, meas=1, tracks=1, valid=0, master=2240
[GPS] GGA fix_quality=1, num_sats=26, hdop=0.7, lat=30.408115069833332, lon=104.08865058933333
[LIVE] udp=1.0/s, objs=1.0/s, last_udp=0.10s, meas=1, tracks=1, valid=0, master=2240
[LIVE] udp=1.0/s, objs=1.0/s, last_udp=0.69s, meas=1, tracks=2, valid=0, master=2240
[LIVE] udp=0.0/s, objs=0.0/s, last_udp=1.69s, meas=1, tracks=2, valid=0, master=2240
[LIVE] udp=0.0/s, objs=0.0/s, last_udp=2.69s, meas=1, tracks=2, valid=0, master=2240
[LIVE] udp=0.0/s, objs=0.0/s, last_udp=3.70s, meas=1, tracks=2, valid=0, master=2240
[LIVE] udp=0.0/s, objs=0.0/s, last_udp=4.70s, meas=1, tracks=2, valid=0, master=2240
[Warning] 逻辑ID 1 没有配置偏差数据
[Warning] 逻辑ID 1 没有配置偏差数据
[LIVE] udp=2.0/s, objs=2.0/s, last_udp=0.28s, meas=0, tracks=2, valid=0, master=2240
[Warning] 逻辑ID 1 没有配置偏差数据
[Warning] 逻辑ID 1 没有配置偏差数据
[Warning] 逻辑ID 1 没有配置偏差数据
[LIVE] udp=7.0/s, objs=7.0/s, last_udp=0.04s, meas=1, tracks=4, valid=0, master=2240
[LIVE] udp=0.0/s, objs=0.0/s, last_udp=1.05s, meas=1, tracks=4, valid=0, master=2240
[LIVE] udp=0.0/s, objs=0.0/s, last_udp=2.05s, meas=1, tracks=4, valid=0, master=2240
[GPS] GGA fix_quality=1, num_sats=26, hdop=0.7, lat=30.408119031833333, lon=104.088651501
[LIVE] udp=0.0/s, objs=0.0/s, last_udp=3.05s, meas=1, tracks=4, valid=0, master=2240
[LIVE] udp=0.0/s, objs=0.0/s, last_udp=4.06s, meas=1, tracks=4, valid=0, master=2240
[LIVE] udp=0.0/s, objs=0.0/s, last_udp=5.06s, meas=1, tracks=4, valid=0, master=2240
[LIVE] udp=0.0/s, objs=0.0/s, last_udp=6.06s, meas=1, tracks=4, valid=0, master=2240
[LIVE] udp=0.0/s, objs=0.0/s, last_udp=7.07s, meas=1, tracks=4, valid=0, master=2240
[LIVE] udp=0.0/s, objs=0.0/s, last_udp=8.07s, meas=1, tracks=4, valid=0, master=2240
[LIVE] udp=0.0/s, objs=0.0/s, last_udp=9.07s, meas=1, tracks=4, valid=0, master=2240
[LIVE] udp=0.0/s, objs=0.0/s, last_udp=10.07s, meas=1, tracks=4, valid=0, master=2240
[LIVE] udp=1.0/s, objs=1.0/s, last_udp=0.10s, meas=1, tracks=4, valid=0, master=2240
[LIVE] udp=0.0/s, objs=0.0/s, last_udp=1.10s, meas=1, tracks=1, valid=0, master=2240
[GPS] GGA fix_quality=1, num_sats=26, hdop=0.7, lat=30.408124771, lon=104.08865079683333
[LIVE] udp=1.0/s, objs=1.0/s, last_udp=0.59s, meas=1, tracks=2, valid=0, master=2240
[LIVE] udp=0.0/s, objs=0.0/s, last_udp=1.59s, meas=1, tracks=2, valid=0, master=2240
[LIVE] udp=0.0/s, objs=0.0/s, last_udp=2.59s, meas=1, tracks=2, valid=0, master=2240
[LIVE] udp=0.0/s, objs=0.0/s, last_udp=3.59s, meas=1, tracks=2, valid=0, master=2240
[LIVE] udp=0.0/s, objs=0.0/s, last_udp=4.60s, meas=1, tracks=2, valid=0, master=2240
[LIVE] udp=0.0/s, objs=0.0/s, last_udp=5.60s, meas=1, tracks=2, valid=0, master=2240
[LIVE] udp=0.0/s, objs=0.0/s, last_udp=6.61s, meas=1, tracks=2, valid=0, master=2240
[LIVE] udp=0.0/s, objs=0.0/s, last_udp=7.61s, meas=1, tracks=2, valid=0, master=2240
[LIVE] udp=0.0/s, objs=0.0/s, last_udp=8.61s, meas=1, tracks=2, valid=0, master=2240
[LIVE] udp=0.0/s, objs=0.0/s, last_udp=9.61s, meas=1, tracks=2, valid=0, master=2240
[GPS] GGA fix_quality=1, num_sats=27, hdop=0.6, lat=30.408125697, lon=104.08865068783334
[LIVE] udp=0.0/s, objs=0.0/s, last_udp=10.62s, meas=1, tracks=2, valid=0, master=2240
[LIVE] udp=0.0/s, objs=0.0/s, last_udp=11.62s, meas=1, tracks=2, valid=0, master=2240
[LIVE] udp=1.0/s, objs=1.0/s, last_udp=0.05s, meas=1, tracks=2, valid=0, master=2240
[LIVE] udp=1.0/s, objs=1.0/s, last_udp=0.11s, meas=0, tracks=0, valid=0, master=2240
[LIVE] udp=2.0/s, objs=2.0/s, last_udp=0.67s, meas=2, tracks=2, valid=0, master=2240
[LIVE] udp=0.0/s, objs=0.0/s, last_udp=1.68s, meas=2, tracks=2, valid=0, master=2240
[LIVE] udp=0.0/s, objs=0.0/s, last_udp=2.68s, meas=2, tracks=2, valid=0, master=2240
[LIVE] udp=0.0/s, objs=0.0/s, last_udp=3.68s, meas=2, tracks=2, valid=0, master=2240
[LIVE] udp=0.0/s, objs=0.0/s, last_udp=4.69s, meas=2, tracks=2, valid=0, master=2240
[LIVE] udp=5.0/s, objs=5.0/s, last_udp=0.09s, meas=1, tracks=4, valid=0, master=2240
[GPS] GGA fix_quality=1, num_sats=27, hdop=0.6, lat=30.408128621833335, lon=104.0886505635
[LIVE] udp=1.0/s, objs=1.0/s, last_udp=0.97s, meas=2, tracks=4, valid=1, master=2256
[LIVE] udp=0.0/s, objs=0.0/s, last_udp=1.97s, meas=2, tracks=4, valid=1, master=2256
[LIVE] udp=0.0/s, objs=0.0/s, last_udp=2.98s, meas=2, tracks=4, valid=1, master=2256
[LIVE] udp=0.0/s, objs=0.0/s, last_udp=3.98s, meas=2, tracks=4, valid=1, master=2256
[LIVE] udp=0.0/s, objs=0.0/s, last_udp=4.98s, meas=2, tracks=4, valid=1, master=2256
[LIVE] udp=0.0/s, objs=0.0/s, last_udp=5.98s, meas=2, tracks=4, valid=1, master=2256
[LIVE] udp=0.0/s, objs=0.0/s, last_udp=6.99s, meas=2, tracks=4, valid=1, master=2256
[LIVE] udp=0.0/s, objs=0.0/s, last_udp=7.99s, meas=2, tracks=4, valid=1, master=2256
[LIVE] udp=0.0/s, objs=0.0/s, last_udp=8.99s, meas=2, tracks=4, valid=1, master=2256
[LIVE] udp=0.0/s, objs=0.0/s, last_udp=9.99s, meas=2, tracks=4, valid=1, master=2256
[GPS] GGA fix_quality=1, num_sats=26, hdop=0.7, lat=30.408127345166665, lon=104.08865009933334
[LIVE] udp=0.0/s, objs=0.0/s, last_udp=11.00s, meas=2, tracks=4, valid=1, master=2256
[LIVE] udp=1.0/s, objs=1.0/s, last_udp=0.50s, meas=1, tracks=1, valid=0, master=2256
[LIVE] udp=0.0/s, objs=0.0/s, last_udp=1.50s, meas=1, tracks=1, valid=0, master=2256
[LIVE] udp=0.0/s, objs=0.0/s, last_udp=2.50s, meas=1, tracks=1, valid=0, master=2256
[LIVE] udp=0.0/s, objs=0.0/s, last_udp=3.50s, meas=1, tracks=1, valid=0, master=2256
[LIVE] udp=0.0/s, objs=0.0/s, last_udp=4.51s, meas=1, tracks=1, valid=0, master=2256
[LIVE] udp=0.0/s, objs=0.0/s, last_udp=5.51s, meas=1, tracks=1, valid=0, master=2256
[LIVE] udp=0.0/s, objs=0.0/s, last_udp=6.51s, meas=1, tracks=1, valid=0, master=2256
[LIVE] udp=0.0/s, objs=0.0/s, last_udp=7.52s, meas=1, tracks=1, valid=0, master=2256
[GPS] Waiting for NMEA data on COM12, elapsed=0.0s/5.0s
[LIVE] udp=0.0/s, objs=0.0/s, last_udp=8.52s, meas=1, tracks=1, valid=0, master=2256
[GPS] GGA fix_quality=1, num_sats=26, hdop=0.7, lat=30.408127344666667, lon=104.08865027866666
[LIVE] udp=0.0/s, objs=0.0/s, last_udp=9.52s, meas=1, tracks=1, valid=0, master=2256
[LIVE] udp=0.0/s, objs=0.0/s, last_udp=10.53s, meas=1, tracks=1, valid=0, master=2256
[LIVE] udp=0.0/s, objs=0.0/s, last_udp=11.53s, meas=1, tracks=1, valid=0, master=2256
[Warning] 逻辑ID 1 没有配置偏差数据
[LIVE] udp=1.0/s, objs=1.0/s, last_udp=0.87s, meas=0, tracks=0, valid=0, master=2256
[LIVE] udp=0.0/s, objs=0.0/s, last_udp=1.87s, meas=0, tracks=0, valid=0, master=2256
[LIVE] udp=0.0/s, objs=0.0/s, last_udp=2.87s, meas=0, tracks=0, valid=0, master=2256
[LIVE] udp=0.0/s, objs=0.0/s, last_udp=3.88s, meas=0, tracks=0, valid=0, master=2256
[Warning] 逻辑ID 1 没有配置偏差数据
[LIVE] udp=2.0/s, objs=2.0/s, last_udp=0.11s, meas=0, tracks=0, valid=0, master=2256
[Warning] 逻辑ID 1 没有配置偏差数据
[Warning] 逻辑ID 1 没有配置偏差数据
[Warning] 逻辑ID 1 没有配置偏差数据
[LIVE] udp=7.0/s, objs=7.0/s, last_udp=0.19s, meas=2, tracks=2, valid=0, master=2256
[LIVE] udp=0.0/s, objs=0.0/s, last_udp=1.19s, meas=1, tracks=2, valid=1, master=2259
[GPS] GGA fix_quality=1, num_sats=26, hdop=0.7, lat=30.408126940666666, lon=104.0886500055
[LIVE] udp=0.0/s, objs=0.0/s, last_udp=2.19s, meas=1, tracks=2, valid=1, master=2259
[LIVE] udp=0.0/s, objs=0.0/s, last_udp=3.19s, meas=1, tracks=2, valid=1, master=2259
[LIVE] udp=0.0/s, objs=0.0/s, last_udp=4.19s, meas=1, tracks=2, valid=1, master=2259
[LIVE] udp=0.0/s, objs=0.0/s, last_udp=5.20s, meas=1, tracks=2, valid=1, master=2259
[LIVE] udp=1.0/s, objs=1.0/s, last_udp=0.45s, meas=1, tracks=3, valid=0, master=2259
[LIVE] udp=3.0/s, objs=3.0/s, last_udp=0.28s, meas=1, tracks=3, valid=1, master=2261
[LIVE] udp=0.0/s, objs=0.0/s, last_udp=1.29s, meas=1, tracks=3, valid=1, master=2261
[LIVE] udp=0.0/s, objs=0.0/s, last_udp=2.29s, meas=1, tracks=3, valid=1, master=2261
[LIVE] udp=1.0/s, objs=1.0/s, last_udp=0.21s, meas=1, tracks=2, valid=1, master=2261
[LIVE] udp=1.0/s, objs=1.0/s, last_udp=0.86s, meas=1, tracks=3, valid=0, master=2261
[GPS] GGA fix_quality=1, num_sats=25, hdop=0.7, lat=30.408126731333333, lon=104.08864942366667
[LIVE] udp=0.0/s, objs=0.0/s, last_udp=1.86s, meas=1, tracks=3, valid=0, master=2261
[LIVE] udp=0.0/s, objs=0.0/s, last_udp=2.86s, meas=1, tracks=3, valid=0, master=2261
[LIVE] udp=0.0/s, objs=0.0/s, last_udp=3.87s, meas=1, tracks=3, valid=0, master=2261
[LIVE] udp=0.0/s, objs=0.0/s, last_udp=4.87s, meas=1, tracks=3, valid=0, master=2261
[LIVE] udp=0.0/s, objs=0.0/s, last_udp=5.87s, meas=1, tracks=3, valid=0, master=2261
[LIVE] udp=1.0/s, objs=1.0/s, last_udp=0.94s, meas=1, tracks=2, valid=0, master=2261
[LIVE] udp=0.0/s, objs=0.0/s, last_udp=1.94s, meas=1, tracks=2, valid=0, master=2261
[LIVE] udp=0.0/s, objs=0.0/s, last_udp=2.95s, meas=1, tracks=2, valid=0, master=2261
[LIVE] udp=0.0/s, objs=0.0/s, last_udp=3.95s, meas=1, tracks=2, valid=0, master=2261
[GPS] Waiting for NMEA data on COM12, elapsed=0.0s/5.0s
[LIVE] udp=0.0/s, objs=0.0/s, last_udp=4.96s, meas=1, tracks=2, valid=0, master=2261
[GPS] GGA fix_quality=1, num_sats=25, hdop=0.7, lat=30.408126287666665, lon=104.08864860116667
[LIVE] udp=0.0/s, objs=0.0/s, last_udp=5.96s, meas=1, tracks=2, valid=0, master=2261
[LIVE] udp=0.0/s, objs=0.0/s, last_udp=6.96s, meas=1, tracks=2, valid=0, master=2261
[LIVE] udp=0.0/s, objs=0.0/s, last_udp=7.96s, meas=1, tracks=2, valid=0, master=2261
[LIVE] udp=0.0/s, objs=0.0/s, last_udp=8.96s, meas=1, tracks=2, valid=0, master=2261
[LIVE] udp=0.0/s, objs=0.0/s, last_udp=9.97s, meas=1, tracks=2, valid=0, master=2261
[LIVE] udp=0.0/s, objs=0.0/s, last_udp=10.97s, meas=1, tracks=2, valid=0, master=2261
[LIVE] udp=0.0/s, objs=0.0/s, last_udp=11.98s, meas=1, tracks=2, valid=0, master=2261
[LIVE] udp=0.0/s, objs=0.0/s, last_udp=12.98s, meas=1, tracks=2, valid=0, master=2261
[LIVE] udp=0.0/s, objs=0.0/s, last_udp=13.98s, meas=1, tracks=2, valid=0, master=2261
[LIVE] udp=0.0/s, objs=0.0/s, last_udp=14.98s, meas=1, tracks=2, valid=0, master=2261
[GPS] GGA fix_quality=1, num_sats=26, hdop=0.7, lat=30.408126083833334, lon=104.08864851066667
[LIVE] udp=0.0/s, objs=0.0/s, last_udp=15.99s, meas=1, tracks=2, valid=0, master=2261
[LIVE] udp=0.0/s, objs=0.0/s, last_udp=16.99s, meas=1, tracks=2, valid=0, master=2261
[LIVE] udp=0.0/s, objs=0.0/s, last_udp=17.99s, meas=1, tracks=2, valid=0, master=2261
[LIVE] udp=0.0/s, objs=0.0/s, last_udp=18.99s, meas=1, tracks=2, valid=0, master=2261
[LIVE] udp=0.0/s, objs=0.0/s, last_udp=20.00s, meas=1, tracks=2, valid=0, master=2261
[LIVE] udp=1.0/s, objs=1.0/s, last_udp=0.12s, meas=1, tracks=2, valid=0, master=2261
[LIVE] udp=0.0/s, objs=0.0/s, last_udp=1.12s, meas=1, tracks=1, valid=0, master=2261
[LIVE] udp=0.0/s, objs=0.0/s, last_udp=2.13s, meas=1, tracks=1, valid=0, master=2261
[LIVE] udp=0.0/s, objs=0.0/s, last_udp=3.13s, meas=1, tracks=1, valid=0, master=2261
[LIVE] udp=0.0/s, objs=0.0/s, last_udp=4.13s, meas=1, tracks=1, valid=0, master=2261
[GPS] GGA fix_quality=1, num_sats=25, hdop=0.7, lat=30.408125790833335, lon=104.088648746
[LIVE] udp=0.0/s, objs=0.0/s, last_udp=5.13s, meas=1, tracks=1, valid=0, master=2261
[LIVE] udp=0.0/s, objs=0.0/s, last_udp=6.13s, meas=1, tracks=1, valid=0, master=2261
[LIVE] udp=0.0/s, objs=0.0/s, last_udp=7.14s, meas=1, tracks=1, valid=0, master=2261
[LIVE] udp=0.0/s, objs=0.0/s, last_udp=8.14s, meas=1, tracks=1, valid=0, master=2261
[LIVE] udp=0.0/s, objs=0.0/s, last_udp=9.14s, meas=1, tracks=1, valid=0, master=2261
[LIVE] udp=0.0/s, objs=0.0/s, last_udp=10.15s, meas=1, tracks=1, valid=0, master=2261
[LIVE] udp=0.0/s, objs=0.0/s, last_udp=11.15s, meas=1, tracks=1, valid=0, master=2261
[LIVE] udp=0.0/s, objs=0.0/s, last_udp=12.15s, meas=1, tracks=1, valid=0, master=2261
[LIVE] udp=2.0/s, objs=2.0/s, last_udp=0.20s, meas=1, tracks=1, valid=0, master=2261
[LIVE] udp=0.0/s, objs=0.0/s, last_udp=1.21s, meas=1, tracks=1, valid=0, master=2261
[GPS] GGA fix_quality=1, num_sats=25, hdop=0.7, lat=30.408125432333332, lon=104.08864849616667
[LIVE] udp=0.0/s, objs=0.0/s, last_udp=2.21s, meas=1, tracks=1, valid=0, master=2261
[LIVE] udp=0.0/s, objs=0.0/s, last_udp=3.21s, meas=1, tracks=1, valid=0, master=2261
[LIVE] udp=1.0/s, objs=1.0/s, last_udp=0.04s, meas=1, tracks=1, valid=0, master=2261
[LIVE] udp=2.0/s, objs=2.0/s, last_udp=0.32s, meas=1, tracks=3, valid=0, master=2261
[LIVE] udp=3.0/s, objs=4.0/s, last_udp=0.16s, meas=3, tracks=6, valid=0, master=2261
[LIVE] udp=1.0/s, objs=1.0/s, last_udp=0.83s, meas=1, tracks=7, valid=0, master=2261
[LIVE] udp=0.0/s, objs=0.0/s, last_udp=1.83s, meas=1, tracks=7, valid=0, master=2261
[LIVE] udp=0.0/s, objs=0.0/s, last_udp=2.83s, meas=1, tracks=7, valid=0, master=2261
[LIVE] udp=0.0/s, objs=0.0/s, last_udp=3.84s, meas=1, tracks=7, valid=0, master=2261
[LIVE] udp=0.0/s, objs=0.0/s, last_udp=4.84s, meas=1, tracks=7, valid=0, master=2261
[GPS] GGA fix_quality=1, num_sats=26, hdop=0.7, lat=30.408125351, lon=104.08864803616666
[LIVE] udp=2.0/s, objs=2.0/s, last_udp=0.83s, meas=2, tracks=6, valid=0, master=2261
[LIVE] udp=0.0/s, objs=0.0/s, last_udp=1.83s, meas=2, tracks=6, valid=0, master=2261
[LIVE] udp=0.0/s, objs=0.0/s, last_udp=2.83s, meas=2, tracks=6, valid=0, master=2261
[LIVE] udp=0.0/s, objs=0.0/s, last_udp=3.84s, meas=2, tracks=6, valid=0, master=2261
[LIVE] udp=0.0/s, objs=0.0/s, last_udp=4.84s, meas=2, tracks=6, valid=0, master=2261
[LIVE] udp=0.0/s, objs=0.0/s, last_udp=5.85s, meas=2, tracks=6, valid=0, master=2261
[Warning] 逻辑ID 1 没有配置偏差数据
[Warning] 逻辑ID 1 没有配置偏差数据
[LIVE] udp=2.0/s, objs=2.0/s, last_udp=0.19s, meas=0, tracks=2, valid=0, master=2261
[LIVE] udp=0.0/s, objs=0.0/s, last_udp=1.19s, meas=0, tracks=2, valid=0, master=2261
[LIVE] udp=0.0/s, objs=0.0/s, last_udp=2.20s, meas=0, tracks=2, valid=0, master=2261
[LIVE] udp=0.0/s, objs=0.0/s, last_udp=3.20s, meas=0, tracks=2, valid=0, master=2261
[GPS] GGA fix_quality=1, num_sats=24, hdop=0.8, lat=30.408125250333335, lon=104.08864862516667
[LIVE] udp=0.0/s, objs=0.0/s, last_udp=4.20s, meas=0, tracks=2, valid=0, master=2261
[LIVE] udp=0.0/s, objs=0.0/s, last_udp=5.21s, meas=0, tracks=2, valid=0, master=2261
[LIVE] udp=0.0/s, objs=0.0/s, last_udp=6.21s, meas=0, tracks=2, valid=0, master=2261
[LIVE] udp=0.0/s, objs=0.0/s, last_udp=7.21s, meas=0, tracks=2, valid=0, master=2261
[LIVE] udp=0.0/s, objs=0.0/s, last_udp=8.21s, meas=0, tracks=2, valid=0, master=2261
[LIVE] udp=0.0/s, objs=0.0/s, last_udp=9.22s, meas=0, tracks=2, valid=0, master=2261
[LIVE] udp=0.0/s, objs=0.0/s, last_udp=10.22s, meas=0, tracks=2, valid=0, master=2261
[LIVE] udp=0.0/s, objs=0.0/s, last_udp=11.22s, meas=0, tracks=2, valid=0, master=2261
[Warning] 逻辑ID 1 没有配置偏差数据
[Warning] 逻辑ID 1 没有配置偏差数据
[Warning] 逻辑ID 1 没有配置偏差数据
[LIVE] udp=5.0/s, objs=5.0/s, last_udp=0.05s, meas=0, tracks=1, valid=0, master=2261
[Warning] 逻辑ID 1 没有配置偏差数据
[Warning] 逻辑ID 1 没有配置偏差数据
[Warning] 逻辑ID 1 没有配置偏差数据
[LIVE] udp=2.0/s, objs=2.0/s, last_udp=0.76s, meas=0, tracks=1, valid=0, master=2261
[GPS] GGA fix_quality=1, num_sats=24, hdop=0.8, lat=30.408124956833333, lon=104.08864964283333
[LIVE] udp=0.0/s, objs=0.0/s, last_udp=1.76s, meas=0, tracks=1, valid=0, master=2261
[LIVE] udp=0.0/s, objs=0.0/s, last_udp=2.77s, meas=0, tracks=1, valid=0, master=2261
[LIVE] udp=0.0/s, objs=0.0/s, last_udp=3.77s, meas=0, tracks=1, valid=0, master=2261
[LIVE] udp=1.0/s, objs=1.0/s, last_udp=0.40s, meas=1, tracks=1, valid=0, master=2261
[LIVE] udp=1.0/s, objs=1.0/s, last_udp=0.35s, meas=1, tracks=1, valid=1, master=2271
[LIVE] udp=2.0/s, objs=2.0/s, last_udp=0.64s, meas=1, tracks=1, valid=1, master=2271
[LIVE] udp=1.0/s, objs=1.0/s, last_udp=0.56s, meas=1, tracks=1, valid=1, master=2271
[LIVE] udp=0.0/s, objs=0.0/s, last_udp=1.56s, meas=1, tracks=1, valid=1, master=2271
[LIVE] udp=0.0/s, objs=0.0/s, last_udp=2.56s, meas=1, tracks=1, valid=1, master=2271
[LIVE] udp=0.0/s, objs=0.0/s, last_udp=3.56s, meas=1, tracks=1, valid=1, master=2271
[GPS] GGA fix_quality=1, num_sats=24, hdop=0.8, lat=30.408124517166666, lon=104.08865037683333
[LIVE] udp=1.0/s, objs=1.0/s, last_udp=0.29s, meas=1, tracks=2, valid=0, master=2271
[LIVE] udp=0.0/s, objs=0.0/s, last_udp=1.29s, meas=1, tracks=2, valid=0, master=2271
[LIVE] udp=0.0/s, objs=0.0/s, last_udp=2.29s, meas=1, tracks=2, valid=0, master=2271
[LIVE] udp=0.0/s, objs=0.0/s, last_udp=3.30s, meas=1, tracks=2, valid=0, master=2271
[LIVE] udp=0.0/s, objs=0.0/s, last_udp=4.30s, meas=1, tracks=2, valid=0, master=2271
[LIVE] udp=0.0/s, objs=0.0/s, last_udp=5.30s, meas=1, tracks=2, valid=0, master=2271
[LIVE] udp=0.0/s, objs=0.0/s, last_udp=6.31s, meas=1, tracks=2, valid=0, master=2271
[LIVE] udp=0.0/s, objs=0.0/s, last_udp=7.31s, meas=1, tracks=2, valid=0, master=2271
[LIVE] udp=0.0/s, objs=0.0/s, last_udp=8.31s, meas=1, tracks=2, valid=0, master=2271
[LIVE] udp=0.0/s, objs=0.0/s, last_udp=9.31s, meas=1, tracks=2, valid=0, master=2271
[GPS] GGA fix_quality=1, num_sats=23, hdop=1.0, lat=30.408123308166665, lon=104.08865066183333
[LIVE] udp=0.0/s, objs=0.0/s, last_udp=10.32s, meas=1, tracks=2, valid=0, master=2271
[LIVE] udp=0.0/s, objs=0.0/s, last_udp=11.32s, meas=1, tracks=2, valid=0, master=2271
[LIVE] udp=0.0/s, objs=0.0/s, last_udp=12.32s, meas=1, tracks=2, valid=0, master=2271
[LIVE] udp=0.0/s, objs=0.0/s, last_udp=13.32s, meas=1, tracks=2, valid=0, master=2271
[LIVE] udp=0.0/s, objs=0.0/s, last_udp=14.32s, meas=1, tracks=2, valid=0, master=2271
[LIVE] udp=0.0/s, objs=0.0/s, last_udp=15.33s, meas=1, tracks=2, valid=0, master=2271
[LIVE] udp=0.0/s, objs=0.0/s, last_udp=16.33s, meas=1, tracks=2, valid=0, master=2271
[LIVE] udp=0.0/s, objs=0.0/s, last_udp=17.33s, meas=1, tracks=2, valid=0, master=2271
[LIVE] udp=0.0/s, objs=0.0/s, last_udp=18.33s, meas=1, tracks=2, valid=0, master=2271
[LIVE] udp=0.0/s, objs=0.0/s, last_udp=19.33s, meas=1, tracks=2, valid=0, master=2271
[GPS] GGA fix_quality=1, num_sats=25, hdop=0.7, lat=30.4081215225, lon=104.08865661066666
[LIVE] udp=0.0/s, objs=0.0/s, last_udp=20.34s, meas=1, tracks=2, valid=0, master=2271
[LIVE] udp=0.0/s, objs=0.0/s, last_udp=21.34s, meas=1, tracks=2, valid=0, master=2271
[LIVE] udp=0.0/s, objs=0.0/s, last_udp=22.34s, meas=1, tracks=2, valid=0, master=2271
[LIVE] udp=0.0/s, objs=0.0/s, last_udp=23.35s, meas=1, tracks=2, valid=0, master=2271
[LIVE] udp=0.0/s, objs=0.0/s, last_udp=24.35s, meas=1, tracks=2, valid=0, master=2271
[LIVE] udp=0.0/s, objs=0.0/s, last_udp=25.35s, meas=1, tracks=2, valid=0, master=2271
[LIVE] udp=0.0/s, objs=0.0/s, last_udp=26.36s, meas=1, tracks=2, valid=0, master=2271
[LIVE] udp=0.0/s, objs=0.0/s, last_udp=27.36s, meas=1, tracks=2, valid=0, master=2271
[LIVE] udp=0.0/s, objs=0.0/s, last_udp=28.36s, meas=1, tracks=2, valid=0, master=2271
[LIVE] udp=0.0/s, objs=0.0/s, last_udp=29.36s, meas=1, tracks=2, valid=0, master=2271
[GPS] GGA fix_quality=1, num_sats=24, hdop=0.8, lat=30.408119277, lon=104.08865484366666
[LIVE] udp=0.0/s, objs=0.0/s, last_udp=30.37s, meas=1, tracks=2, valid=0, master=2271
[LIVE] udp=0.0/s, objs=0.0/s, last_udp=31.37s, meas=1, tracks=2, valid=0, master=2271
[LIVE] udp=0.0/s, objs=0.0/s, last_udp=32.37s, meas=1, tracks=2, valid=0, master=2271
[LIVE] udp=0.0/s, objs=0.0/s, last_udp=33.38s, meas=1, tracks=2, valid=0, master=2271
[LIVE] udp=0.0/s, objs=0.0/s, last_udp=34.38s, meas=1, tracks=2, valid=0, master=2271
[LIVE] udp=0.0/s, objs=0.0/s, last_udp=35.38s, meas=1, tracks=2, valid=0, master=2271
[LIVE] udp=0.0/s, objs=0.0/s, last_udp=36.38s, meas=1, tracks=2, valid=0, master=2271
[LIVE] udp=0.0/s, objs=0.0/s, last_udp=37.38s, meas=1, tracks=2, valid=0, master=2271
[LIVE] udp=0.0/s, objs=0.0/s, last_udp=38.38s, meas=1, tracks=2, valid=0, master=2271
[LIVE] udp=0.0/s, objs=0.0/s, last_udp=39.39s, meas=1, tracks=2, valid=0, master=2271
[GPS] GGA fix_quality=1, num_sats=24, hdop=0.8, lat=30.408120003333334, lon=104.08865593733333
[LIVE] udp=0.0/s, objs=0.0/s, last_udp=40.39s, meas=1, tracks=2, valid=0, master=2271
[LIVE] udp=0.0/s, objs=0.0/s, last_udp=41.39s, meas=1, tracks=2, valid=0, master=2271
[LIVE] udp=0.0/s, objs=0.0/s, last_udp=42.39s, meas=1, tracks=2, valid=0, master=2271
[LIVE] udp=0.0/s, objs=0.0/s, last_udp=43.40s, meas=1, tracks=2, valid=0, master=2271
[LIVE] udp=0.0/s, objs=0.0/s, last_udp=44.40s, meas=1, tracks=2, valid=0, master=2271
[LIVE] udp=0.0/s, objs=0.0/s, last_udp=45.40s, meas=1, tracks=2, valid=0, master=2271
[LIVE] udp=0.0/s, objs=0.0/s, last_udp=46.41s, meas=1, tracks=2, valid=0, master=2271
[LIVE] udp=0.0/s, objs=0.0/s, last_udp=47.41s, meas=1, tracks=2, valid=0, master=2271
[LIVE] udp=0.0/s, objs=0.0/s, last_udp=48.41s, meas=1, tracks=2, valid=0, master=2271
[GPS] Waiting for NMEA data on COM12, elapsed=0.0s/5.0s
[LIVE] udp=0.0/s, objs=0.0/s, last_udp=49.42s, meas=1, tracks=2, valid=0, master=2271
[GPS] GGA fix_quality=1, num_sats=25, hdop=0.7, lat=30.408117657833333, lon=104.088653852
[LIVE] udp=0.0/s, objs=0.0/s, last_udp=50.42s, meas=1, tracks=2, valid=0, master=2271
[LIVE] udp=0.0/s, objs=0.0/s, last_udp=51.42s, meas=1, tracks=2, valid=0, master=2271
[LIVE] udp=0.0/s, objs=0.0/s, last_udp=52.43s, meas=1, tracks=2, valid=0, master=2271
[LIVE] udp=0.0/s, objs=0.0/s, last_udp=53.43s, meas=1, tracks=2, valid=0, master=2271
[LIVE] udp=0.0/s, objs=0.0/s, last_udp=54.43s, meas=1, tracks=2, valid=0, master=2271
[LIVE] udp=0.0/s, objs=0.0/s, last_udp=55.43s, meas=1, tracks=2, valid=0, master=2271
[LIVE] udp=0.0/s, objs=0.0/s, last_udp=56.43s, meas=1, tracks=2, valid=0, master=2271
[LIVE] udp=0.0/s, objs=0.0/s, last_udp=57.43s, meas=1, tracks=2, valid=0, master=2271
[LIVE] udp=0.0/s, objs=0.0/s, last_udp=58.44s, meas=1, tracks=2, valid=0, master=2271
[LIVE] udp=0.0/s, objs=0.0/s, last_udp=59.44s, meas=1, tracks=2, valid=0, master=2271
[GPS] GGA fix_quality=1, num_sats=25, hdop=0.7, lat=30.408115862166667, lon=104.08865431166667
[LIVE] udp=0.0/s, objs=0.0/s, last_udp=60.44s, meas=1, tracks=2, valid=0, master=2271
[LIVE] udp=0.0/s, objs=0.0/s, last_udp=61.44s, meas=1, tracks=2, valid=0, master=2271
[LIVE] udp=0.0/s, objs=0.0/s, last_udp=62.45s, meas=1, tracks=2, valid=0, master=2271
[LIVE] udp=0.0/s, objs=0.0/s, last_udp=63.45s, meas=1, tracks=2, valid=0, master=2271
[LIVE] udp=0.0/s, objs=0.0/s, last_udp=64.45s, meas=1, tracks=2, valid=0, master=2271
[LIVE] udp=0.0/s, objs=0.0/s, last_udp=65.45s, meas=1, tracks=2, valid=0, master=2271
[LIVE] udp=0.0/s, objs=0.0/s, last_udp=66.45s, meas=1, tracks=2, valid=0, master=2271
[LIVE] udp=0.0/s, objs=0.0/s, last_udp=67.46s, meas=1, tracks=2, valid=0, master=2271
[LIVE] udp=0.0/s, objs=0.0/s, last_udp=68.46s, meas=1, tracks=2, valid=0, master=2271
[LIVE] udp=0.0/s, objs=0.0/s, last_udp=69.46s, meas=1, tracks=2, valid=0, master=2271
[GPS] GGA fix_quality=1, num_sats=24, hdop=0.8, lat=30.408117746833334, lon=104.088649883
[LIVE] udp=0.0/s, objs=0.0/s, last_udp=70.46s, meas=1, tracks=2, valid=0, master=2271
[LIVE] udp=0.0/s, objs=0.0/s, last_udp=71.47s, meas=1, tracks=2, valid=0, master=2271
[LIVE] udp=0.0/s, objs=0.0/s, last_udp=72.47s, meas=1, tracks=2, valid=0, master=2271
[LIVE] udp=0.0/s, objs=0.0/s, last_udp=73.47s, meas=1, tracks=2, valid=0, master=2271
[LIVE] udp=0.0/s, objs=0.0/s, last_udp=74.47s, meas=1, tracks=2, valid=0, master=2271
[LIVE] udp=0.0/s, objs=0.0/s, last_udp=75.48s, meas=1, tracks=2, valid=0, master=2271
[LIVE] udp=0.0/s, objs=0.0/s, last_udp=76.48s, meas=1, tracks=2, valid=0, master=2271
[LIVE] udp=0.0/s, objs=0.0/s, last_udp=77.48s, meas=1, tracks=2, valid=0, master=2271
[LIVE] udp=0.0/s, objs=0.0/s, last_udp=78.49s, meas=1, tracks=2, valid=0, master=2271
[LIVE] udp=0.0/s, objs=0.0/s, last_udp=79.49s, meas=1, tracks=2, valid=0, master=2271
[GPS] GGA fix_quality=1, num_sats=23, hdop=0.8, lat=30.408115010666666, lon=104.08865150816666
[LIVE] udp=0.0/s, objs=0.0/s, last_udp=80.49s, meas=1, tracks=2, valid=0, master=2271
[LIVE] udp=0.0/s, objs=0.0/s, last_udp=81.49s, meas=1, tracks=2, valid=0, master=2271
[LIVE] udp=0.0/s, objs=0.0/s, last_udp=82.49s, meas=1, tracks=2, valid=0, master=2271
[LIVE] udp=0.0/s, objs=0.0/s, last_udp=83.50s, meas=1, tracks=2, valid=0, master=2271
[LIVE] udp=0.0/s, objs=0.0/s, last_udp=84.50s, meas=1, tracks=2, valid=0, master=2271
[LIVE] udp=0.0/s, objs=0.0/s, last_udp=85.51s, meas=1, tracks=2, valid=0, master=2271
[LIVE] udp=0.0/s, objs=0.0/s, last_udp=86.51s, meas=1, tracks=2, valid=0, master=2271
[LIVE] udp=0.0/s, objs=0.0/s, last_udp=87.51s, meas=1, tracks=2, valid=0, master=2271
[LIVE] udp=0.0/s, objs=0.0/s, last_udp=88.51s, meas=1, tracks=2, valid=0, master=2271
[LIVE] udp=0.0/s, objs=0.0/s, last_udp=89.52s, meas=1, tracks=2, valid=0, master=2271
[GPS] GGA fix_quality=1, num_sats=24, hdop=0.8, lat=30.408113763833335, lon=104.08865254583333
[LIVE] udp=0.0/s, objs=0.0/s, last_udp=90.52s, meas=1, tracks=2, valid=0, master=2271
[LIVE] udp=0.0/s, objs=0.0/s, last_udp=91.52s, meas=1, tracks=2, valid=0, master=2271
[LIVE] udp=0.0/s, objs=0.0/s, last_udp=92.53s, meas=1, tracks=2, valid=0, master=2271
[LIVE] udp=0.0/s, objs=0.0/s, last_udp=93.53s, meas=1, tracks=2, valid=0, master=2271
[LIVE] udp=0.0/s, objs=0.0/s, last_udp=94.53s, meas=1, tracks=2, valid=0, master=2271
[LIVE] udp=0.0/s, objs=0.0/s, last_udp=95.54s, meas=1, tracks=2, valid=0, master=2271
[LIVE] udp=0.0/s, objs=0.0/s, last_udp=96.54s, meas=1, tracks=2, valid=0, master=2271
[LIVE] udp=0.0/s, objs=0.0/s, last_udp=97.54s, meas=1, tracks=2, valid=0, master=2271
[LIVE] udp=0.0/s, objs=0.0/s, last_udp=98.55s, meas=1, tracks=2, valid=0, master=2271
[LIVE] udp=0.0/s, objs=0.0/s, last_udp=99.55s, meas=1, tracks=2, valid=0, master=2271
[GPS] GGA fix_quality=1, num_sats=23, hdop=1.0, lat=30.4081082485, lon=104.08866374733333
[LIVE] udp=0.0/s, objs=0.0/s, last_udp=100.55s, meas=1, tracks=2, valid=0, master=2271
[LIVE] udp=0.0/s, objs=0.0/s, last_udp=101.56s, meas=1, tracks=2, valid=0, master=2271
[LIVE] udp=0.0/s, objs=0.0/s, last_udp=102.56s, meas=1, tracks=2, valid=0, master=2271
[LIVE] udp=0.0/s, objs=0.0/s, last_udp=103.56s, meas=1, tracks=2, valid=0, master=2271
[LIVE] udp=0.0/s, objs=0.0/s, last_udp=104.56s, meas=1, tracks=2, valid=0, master=2271
[LIVE] udp=0.0/s, objs=0.0/s, last_udp=105.57s, meas=1, tracks=2, valid=0, master=2271
[LIVE] udp=0.0/s, objs=0.0/s, last_udp=106.57s, meas=1, tracks=2, valid=0, master=2271
[LIVE] udp=0.0/s, objs=0.0/s, last_udp=107.57s, meas=1, tracks=2, valid=0, master=2271
[LIVE] udp=0.0/s, objs=0.0/s, last_udp=108.58s, meas=1, tracks=2, valid=0, master=2271
[GPS] GGA fix_quality=1, num_sats=24, hdop=0.8, lat=30.408110686333334, lon=104.0886613505
[LIVE] udp=0.0/s, objs=0.0/s, last_udp=109.58s, meas=1, tracks=2, valid=0, master=2271
[LIVE] udp=0.0/s, objs=0.0/s, last_udp=110.58s, meas=1, tracks=2, valid=0, master=2271
[LIVE] udp=0.0/s, objs=0.0/s, last_udp=111.58s, meas=1, tracks=2, valid=0, master=2271
[LIVE] udp=0.0/s, objs=0.0/s, last_udp=112.59s, meas=1, tracks=2, valid=0, master=2271
[LIVE] udp=0.0/s, objs=0.0/s, last_udp=113.59s, meas=1, tracks=2, valid=0, master=2271
[LIVE] udp=0.0/s, objs=0.0/s, last_udp=114.59s, meas=1, tracks=2, valid=0, master=2271
[LIVE] udp=0.0/s, objs=0.0/s, last_udp=115.60s, meas=1, tracks=2, valid=0, master=2271
[LIVE] udp=0.0/s, objs=0.0/s, last_udp=116.60s, meas=1, tracks=2, valid=0, master=2271
[LIVE] udp=0.0/s, objs=0.0/s, last_udp=117.60s, meas=1, tracks=2, valid=0, master=2271
[LIVE] udp=0.0/s, objs=0.0/s, last_udp=118.60s, meas=1, tracks=2, valid=0, master=2271
[GPS] GGA fix_quality=1, num_sats=24, hdop=0.8, lat=30.4081125255, lon=104.08866205566666
[LIVE] udp=0.0/s, objs=0.0/s, last_udp=119.61s, meas=1, tracks=2, valid=0, master=2271
[LIVE] udp=0.0/s, objs=0.0/s, last_udp=120.61s, meas=1, tracks=2, valid=0, master=2271
[LIVE] udp=0.0/s, objs=0.0/s, last_udp=121.61s, meas=1, tracks=2, valid=0, master=2271
[LIVE] udp=0.0/s, objs=0.0/s, last_udp=122.62s, meas=1, tracks=2, valid=0, master=2271
[LIVE] udp=0.0/s, objs=0.0/s, last_udp=123.62s, meas=1, tracks=2, valid=0, master=2271
[LIVE] udp=0.0/s, objs=0.0/s, last_udp=124.62s, meas=1, tracks=2, valid=0, master=2271
[LIVE] udp=0.0/s, objs=0.0/s, last_udp=125.63s, meas=1, tracks=2, valid=0, master=2271
[LIVE] udp=0.0/s, objs=0.0/s, last_udp=126.63s, meas=1, tracks=2, valid=0, master=2271
[LIVE] udp=0.0/s, objs=0.0/s, last_udp=127.63s, meas=1, tracks=2, valid=0, master=2271
[LIVE] udp=0.0/s, objs=0.0/s, last_udp=128.63s, meas=1, tracks=2, valid=0, master=2271
[GPS] GGA fix_quality=1, num_sats=24, hdop=0.8, lat=30.40811153616667, lon=104.0886595485
[LIVE] udp=0.0/s, objs=0.0/s, last_udp=129.63s, meas=1, tracks=2, valid=0, master=2271
[LIVE] udp=0.0/s, objs=0.0/s, last_udp=130.64s, meas=1, tracks=2, valid=0, master=2271
[LIVE] udp=0.0/s, objs=0.0/s, last_udp=131.64s, meas=1, tracks=2, valid=0, master=2271
[LIVE] udp=0.0/s, objs=0.0/s, last_udp=132.64s, meas=1, tracks=2, valid=0, master=2271
[LIVE] udp=0.0/s, objs=0.0/s, last_udp=133.64s, meas=1, tracks=2, valid=0, master=2271
[LIVE] udp=0.0/s, objs=0.0/s, last_udp=134.65s, meas=1, tracks=2, valid=0, master=2271
[LIVE] udp=0.0/s, objs=0.0/s, last_udp=135.65s, meas=1, tracks=2, valid=0, master=2271
[LIVE] udp=0.0/s, objs=0.0/s, last_udp=136.65s, meas=1, tracks=2, valid=0, master=2271
[LIVE] udp=0.0/s, objs=0.0/s, last_udp=137.66s, meas=1, tracks=2, valid=0, master=2271
[LIVE] udp=0.0/s, objs=0.0/s, last_udp=138.66s, meas=1, tracks=2, valid=0, master=2271
[GPS] GGA fix_quality=1, num_sats=24, hdop=0.8, lat=30.408111369666667, lon=104.08865354133333
[LIVE] udp=0.0/s, objs=0.0/s, last_udp=139.66s, meas=1, tracks=2, valid=0, master=2271
[LIVE] udp=0.0/s, objs=0.0/s, last_udp=140.67s, meas=1, tracks=2, valid=0, master=2271
[LIVE] udp=0.0/s, objs=0.0/s, last_udp=141.67s, meas=1, tracks=2, valid=0, master=2271
[LIVE] udp=0.0/s, objs=0.0/s, last_udp=142.67s, meas=1, tracks=2, valid=0, master=2271
[LIVE] udp=0.0/s, objs=0.0/s, last_udp=143.68s, meas=1, tracks=2, valid=0, master=2271
[LIVE] udp=0.0/s, objs=0.0/s, last_udp=144.68s, meas=1, tracks=2, valid=0, master=2271
[LIVE] udp=0.0/s, objs=0.0/s, last_udp=145.68s, meas=1, tracks=2, valid=0, master=2271
[LIVE] udp=0.0/s, objs=0.0/s, last_udp=146.69s, meas=1, tracks=2, valid=0, master=2271
[LIVE] udp=0.0/s, objs=0.0/s, last_udp=147.69s, meas=1, tracks=2, valid=0, master=2271
[GPS] Waiting for NMEA data on COM12, elapsed=0.0s/5.0s
[LIVE] udp=0.0/s, objs=0.0/s, last_udp=148.69s, meas=1, tracks=2, valid=0, master=2271
[GPS] GGA fix_quality=1, num_sats=24, hdop=0.8, lat=30.408112796833333, lon=104.08865536966667
[LIVE] udp=0.0/s, objs=0.0/s, last_udp=149.69s, meas=1, tracks=2, valid=0, master=2271
[LIVE] udp=0.0/s, objs=0.0/s, last_udp=150.69s, meas=1, tracks=2, valid=0, master=2271
[LIVE] udp=0.0/s, objs=0.0/s, last_udp=151.69s, meas=1, tracks=2, valid=0, master=2271
[LIVE] udp=0.0/s, objs=0.0/s, last_udp=152.70s, meas=1, tracks=2, valid=0, master=2271
[LIVE] udp=0.0/s, objs=0.0/s, last_udp=153.70s, meas=1, tracks=2, valid=0, master=2271
[LIVE] udp=0.0/s, objs=0.0/s, last_udp=154.70s, meas=1, tracks=2, valid=0, master=2271
[LIVE] udp=0.0/s, objs=0.0/s, last_udp=155.70s, meas=1, tracks=2, valid=0, master=2271
[LIVE] udp=0.0/s, objs=0.0/s, last_udp=156.71s, meas=1, tracks=2, valid=0, master=2271
[LIVE] udp=0.0/s, objs=0.0/s, last_udp=157.71s, meas=1, tracks=2, valid=0, master=2271
[LIVE] udp=0.0/s, objs=0.0/s, last_udp=158.72s, meas=1, tracks=2, valid=0, master=2271
[GPS] GGA fix_quality=1, num_sats=25, hdop=0.7, lat=30.408112474166668, lon=104.08865676783333
[LIVE] udp=0.0/s, objs=0.0/s, last_udp=159.72s, meas=1, tracks=2, valid=0, master=2271
[LIVE] udp=0.0/s, objs=0.0/s, last_udp=160.73s, meas=1, tracks=2, valid=0, master=2271
[LIVE] udp=0.0/s, objs=0.0/s, last_udp=161.73s, meas=1, tracks=2, valid=0, master=2271
[LIVE] udp=0.0/s, objs=0.0/s, last_udp=162.73s, meas=1, tracks=2, valid=0, master=2271
[LIVE] udp=1.0/s, objs=1.0/s, last_udp=0.96s, meas=1, tracks=1, valid=0, master=2271
[LIVE] udp=0.0/s, objs=0.0/s, last_udp=1.97s, meas=1, tracks=1, valid=0, master=2271
[LIVE] udp=0.0/s, objs=0.0/s, last_udp=2.97s, meas=1, tracks=1, valid=0, master=2271
[LIVE] udp=0.0/s, objs=0.0/s, last_udp=3.97s, meas=1, tracks=1, valid=0, master=2271
[LIVE] udp=0.0/s, objs=0.0/s, last_udp=4.98s, meas=1, tracks=1, valid=0, master=2271
[LIVE] udp=0.0/s, objs=0.0/s, last_udp=5.98s, meas=1, tracks=1, valid=0, master=2271
[GPS] GGA fix_quality=1, num_sats=26, hdop=0.7, lat=30.4081113185, lon=104.08865317133333
[LIVE] udp=1.0/s, objs=1.0/s, last_udp=0.14s, meas=1, tracks=1, valid=0, master=2271
[LIVE] udp=1.0/s, objs=1.0/s, last_udp=0.98s, meas=1, tracks=1, valid=0, master=2271
[LIVE] udp=0.0/s, objs=0.0/s, last_udp=1.98s, meas=1, tracks=1, valid=0, master=2271
[LIVE] udp=0.0/s, objs=0.0/s, last_udp=2.98s, meas=1, tracks=1, valid=0, master=2271
[LIVE] udp=0.0/s, objs=0.0/s, last_udp=3.98s, meas=1, tracks=1, valid=0, master=2271
[LIVE] udp=0.0/s, objs=0.0/s, last_udp=4.98s, meas=1, tracks=1, valid=0, master=2271
[LIVE] udp=0.0/s, objs=0.0/s, last_udp=5.98s, meas=1, tracks=1, valid=0, master=2271
[LIVE] udp=0.0/s, objs=0.0/s, last_udp=6.99s, meas=1, tracks=1, valid=0, master=2271
[LIVE] udp=0.0/s, objs=0.0/s, last_udp=7.99s, meas=1, tracks=1, valid=0, master=2271
[LIVE] udp=0.0/s, objs=0.0/s, last_udp=8.99s, meas=1, tracks=1, valid=0, master=2271
[GPS] GGA fix_quality=1, num_sats=25, hdop=0.8, lat=30.408113818166665, lon=104.088652861
[LIVE] udp=0.0/s, objs=0.0/s, last_udp=9.99s, meas=1, tracks=1, valid=0, master=2271
[LIVE] udp=0.0/s, objs=0.0/s, last_udp=11.00s, meas=1, tracks=1, valid=0, master=2271
[LIVE] udp=0.0/s, objs=0.0/s, last_udp=12.00s, meas=1, tracks=1, valid=0, master=2271
[LIVE] udp=0.0/s, objs=0.0/s, last_udp=13.00s, meas=1, tracks=1, valid=0, master=2271
[LIVE] udp=0.0/s, objs=0.0/s, last_udp=14.01s, meas=1, tracks=1, valid=0, master=2271
[LIVE] udp=2.0/s, objs=2.0/s, last_udp=0.62s, meas=1, tracks=1, valid=0, master=2271
[LIVE] udp=3.0/s, objs=3.0/s, last_udp=0.04s, meas=1, tracks=1, valid=0, master=2271
[LIVE] udp=2.0/s, objs=2.0/s, last_udp=0.55s, meas=1, tracks=1, valid=1, master=2274
[LIVE] udp=0.0/s, objs=0.0/s, last_udp=1.56s, meas=1, tracks=1, valid=1, master=2274
[LIVE] udp=0.0/s, objs=0.0/s, last_udp=2.56s, meas=1, tracks=1, valid=1, master=2274
[GPS] GGA fix_quality=1, num_sats=26, hdop=0.7, lat=30.408113044666667, lon=104.0886639725
[LIVE] udp=0.0/s, objs=0.0/s, last_udp=3.56s, meas=1, tracks=1, valid=1, master=2274
[LIVE] udp=0.0/s, objs=0.0/s, last_udp=4.57s, meas=1, tracks=1, valid=1, master=2274
[LIVE] udp=0.0/s, objs=0.0/s, last_udp=5.57s, meas=1, tracks=1, valid=1, master=2274
[LIVE] udp=0.0/s, objs=0.0/s, last_udp=6.57s, meas=1, tracks=1, valid=1, master=2274
[LIVE] udp=0.0/s, objs=0.0/s, last_udp=7.57s, meas=1, tracks=1, valid=1, master=2274
[LIVE] udp=0.0/s, objs=0.0/s, last_udp=8.58s, meas=1, tracks=1, valid=1, master=2274
[LIVE] udp=1.0/s, objs=1.0/s, last_udp=0.13s, meas=1, tracks=1, valid=1, master=2274
[LIVE] udp=0.0/s, objs=0.0/s, last_udp=1.13s, meas=1, tracks=1, valid=1, master=2274
[LIVE] udp=2.0/s, objs=2.0/s, last_udp=0.23s, meas=1, tracks=2, valid=0, master=2274
[LIVE] udp=1.0/s, objs=1.0/s, last_udp=0.24s, meas=1, tracks=2, valid=1, master=2274
[GPS] GGA fix_quality=1, num_sats=27, hdop=0.7, lat=30.408116758333332, lon=104.08864524416667
[LIVE] udp=0.0/s, objs=0.0/s, last_udp=1.24s, meas=1, tracks=2, valid=1, master=2274
[LIVE] udp=0.0/s, objs=0.0/s, last_udp=2.24s, meas=1, tracks=2, valid=1, master=2274
[LIVE] udp=0.0/s, objs=0.0/s, last_udp=3.24s, meas=1, tracks=2, valid=1, master=2274
[LIVE] udp=1.0/s, objs=1.0/s, last_udp=0.77s, meas=1, tracks=2, valid=1, master=2274
[LIVE] udp=0.0/s, objs=0.0/s, last_udp=1.77s, meas=1, tracks=2, valid=1, master=2274
[LIVE] udp=0.0/s, objs=0.0/s, last_udp=2.78s, meas=1, tracks=2, valid=1, master=2274
[LIVE] udp=1.0/s, objs=1.0/s, last_udp=0.23s, meas=1, tracks=3, valid=0, master=2274
[LIVE] udp=7.0/s, objs=8.0/s, last_udp=0.18s, meas=3, tracks=3, valid=2, master=2276
[LIVE] udp=7.0/s, objs=7.0/s, last_udp=0.25s, meas=2, tracks=3, valid=2, master=2276
[LIVE] udp=0.0/s, objs=0.0/s, last_udp=1.25s, meas=2, tracks=3, valid=2, master=2276
[GPS] GGA fix_quality=1, num_sats=26, hdop=0.7, lat=30.40812014833333, lon=104.08864984533334
[LIVE] udp=0.0/s, objs=0.0/s, last_udp=2.25s, meas=2, tracks=3, valid=2, master=2276
[LIVE] udp=0.0/s, objs=0.0/s, last_udp=3.26s, meas=2, tracks=3, valid=2, master=2276
[LIVE] udp=0.0/s, objs=0.0/s, last_udp=4.26s, meas=2, tracks=3, valid=2, master=2276
[LIVE] udp=0.0/s, objs=0.0/s, last_udp=5.27s, meas=2, tracks=3, valid=2, master=2276
[LIVE] udp=0.0/s, objs=0.0/s, last_udp=6.27s, meas=2, tracks=3, valid=2, master=2276
[LIVE] udp=0.0/s, objs=0.0/s, last_udp=7.27s, meas=2, tracks=3, valid=2, master=2276
[LIVE] udp=0.0/s, objs=0.0/s, last_udp=8.27s, meas=2, tracks=3, valid=2, master=2276
[LIVE] udp=0.0/s, objs=0.0/s, last_udp=9.28s, meas=2, tracks=3, valid=2, master=2276
[LIVE] udp=0.0/s, objs=0.0/s, last_udp=10.28s, meas=2, tracks=3, valid=2, master=2276
[LIVE] udp=1.0/s, objs=1.0/s, last_udp=0.72s, meas=1, tracks=1, valid=0, master=2276
[GPS] GGA fix_quality=1, num_sats=26, hdop=0.7, lat=30.408120777166666, lon=104.08864699616667
[LIVE] udp=0.0/s, objs=0.0/s, last_udp=1.72s, meas=1, tracks=1, valid=0, master=2276
[LIVE] udp=0.0/s, objs=0.0/s, last_udp=2.72s, meas=1, tracks=1, valid=0, master=2276
[LIVE] udp=0.0/s, objs=0.0/s, last_udp=3.72s, meas=1, tracks=1, valid=0, master=2276
[LIVE] udp=0.0/s, objs=0.0/s, last_udp=4.72s, meas=1, tracks=1, valid=0, master=2276
[LIVE] udp=0.0/s, objs=0.0/s, last_udp=5.73s, meas=1, tracks=1, valid=0, master=2276
[LIVE] udp=0.0/s, objs=0.0/s, last_udp=6.73s, meas=1, tracks=1, valid=0, master=2276
[LIVE] udp=0.0/s, objs=0.0/s, last_udp=7.73s, meas=1, tracks=1, valid=0, master=2276
[LIVE] udp=0.0/s, objs=0.0/s, last_udp=8.73s, meas=1, tracks=1, valid=0, master=2276
[LIVE] udp=0.0/s, objs=0.0/s, last_udp=9.73s, meas=1, tracks=1, valid=0, master=2276
[LIVE] udp=0.0/s, objs=0.0/s, last_udp=10.74s, meas=1, tracks=1, valid=0, master=2276
[GPS] GGA fix_quality=1, num_sats=26, hdop=0.7, lat=30.408118962333333, lon=104.08864636816666
[LIVE] udp=0.0/s, objs=0.0/s, last_udp=11.74s, meas=1, tracks=1, valid=0, master=2276
[LIVE] udp=0.0/s, objs=0.0/s, last_udp=12.75s, meas=1, tracks=1, valid=0, master=2276
[LIVE] udp=0.0/s, objs=0.0/s, last_udp=13.75s, meas=1, tracks=1, valid=0, master=2276
[LIVE] udp=0.0/s, objs=0.0/s, last_udp=14.75s, meas=1, tracks=1, valid=0, master=2276
[LIVE] udp=1.0/s, objs=1.0/s, last_udp=0.03s, meas=1, tracks=1, valid=0, master=2276
[Warning] 逻辑ID 1 没有配置偏差数据
[Warning] 逻辑ID 1 没有配置偏差数据
[LIVE] udp=1.0/s, objs=1.0/s, last_udp=0.89s, meas=0, tracks=0, valid=0, master=2276
[LIVE] udp=0.0/s, objs=0.0/s, last_udp=1.89s, meas=0, tracks=0, valid=0, master=2276
[LIVE] udp=0.0/s, objs=0.0/s, last_udp=2.90s, meas=0, tracks=0, valid=0, master=2276
[LIVE] udp=1.0/s, objs=1.0/s, last_udp=0.61s, meas=1, tracks=1, valid=0, master=2276
[LIVE] udp=0.0/s, objs=0.0/s, last_udp=1.62s, meas=1, tracks=1, valid=0, master=2276
[GPS] GGA fix_quality=1, num_sats=25, hdop=0.8, lat=30.408119546, lon=104.0886514105
[LIVE] udp=0.0/s, objs=0.0/s, last_udp=2.62s, meas=1, tracks=1, valid=0, master=2276
[LIVE] udp=0.0/s, objs=0.0/s, last_udp=3.63s, meas=1, tracks=1, valid=0, master=2276
[LIVE] udp=0.0/s, objs=0.0/s, last_udp=4.63s, meas=1, tracks=1, valid=0, master=2276
[LIVE] udp=0.0/s, objs=0.0/s, last_udp=5.63s, meas=1, tracks=1, valid=0, master=2276
[LIVE] udp=0.0/s, objs=0.0/s, last_udp=6.63s, meas=1, tracks=1, valid=0, master=2276
[LIVE] udp=0.0/s, objs=0.0/s, last_udp=7.64s, meas=1, tracks=1, valid=0, master=2276
[LIVE] udp=2.0/s, objs=2.0/s, last_udp=0.08s, meas=1, tracks=1, valid=0, master=2276
[LIVE] udp=0.0/s, objs=0.0/s, last_udp=1.09s, meas=1, tracks=1, valid=1, master=2278
[LIVE] udp=0.0/s, objs=0.0/s, last_udp=2.09s, meas=1, tracks=1, valid=1, master=2278
[LIVE] udp=0.0/s, objs=0.0/s, last_udp=3.09s, meas=1, tracks=1, valid=1, master=2278
[GPS] GGA fix_quality=1, num_sats=26, hdop=0.7, lat=30.408116017333334, lon=104.0886499535
[LIVE] udp=0.0/s, objs=0.0/s, last_udp=4.10s, meas=1, tracks=1, valid=1, master=2278
[LIVE] udp=0.0/s, objs=0.0/s, last_udp=5.10s, meas=1, tracks=1, valid=1, master=2278
[LIVE] udp=0.0/s, objs=0.0/s, last_udp=6.10s, meas=1, tracks=1, valid=1, master=2278
[LIVE] udp=2.0/s, objs=3.0/s, last_udp=0.07s, meas=2, tracks=3, valid=0, master=2278
[LIVE] udp=0.0/s, objs=0.0/s, last_udp=1.07s, meas=2, tracks=3, valid=0, master=2278
[LIVE] udp=0.0/s, objs=0.0/s, last_udp=2.07s, meas=2, tracks=3, valid=0, master=2278
[LIVE] udp=0.0/s, objs=0.0/s, last_udp=3.07s, meas=2, tracks=3, valid=0, master=2278
[LIVE] udp=0.0/s, objs=0.0/s, last_udp=4.07s, meas=2, tracks=3, valid=0, master=2278
[LIVE] udp=0.0/s, objs=0.0/s, last_udp=5.07s, meas=2, tracks=3, valid=0, master=2278
[LIVE] udp=2.0/s, objs=4.0/s, last_udp=0.25s, meas=2, tracks=2, valid=0, master=2278
[GPS] GGA fix_quality=1, num_sats=26, hdop=0.7, lat=30.408116298666666, lon=104.0886467185
[Warning] 逻辑ID 1 没有配置偏差数据
[LIVE] udp=1.0/s, objs=1.0/s, last_udp=0.37s, meas=0, tracks=2, valid=0, master=2278
[LIVE] udp=0.0/s, objs=0.0/s, last_udp=1.37s, meas=0, tracks=2, valid=0, master=2278
[LIVE] udp=0.0/s, objs=0.0/s, last_udp=2.37s, meas=0, tracks=2, valid=0, master=2278
[LIVE] udp=1.0/s, objs=1.0/s, last_udp=0.48s, meas=1, tracks=2, valid=1, master=2280
[LIVE] udp=0.0/s, objs=0.0/s, last_udp=1.48s, meas=1, tracks=2, valid=1, master=2280
[LIVE] udp=0.0/s, objs=0.0/s, last_udp=2.48s, meas=1, tracks=2, valid=1, master=2280
[LIVE] udp=0.0/s, objs=0.0/s, last_udp=3.48s, meas=1, tracks=2, valid=1, master=2280
[LIVE] udp=0.0/s, objs=0.0/s, last_udp=4.49s, meas=1, tracks=2, valid=1, master=2280
[LIVE] udp=1.0/s, objs=1.0/s, last_udp=0.20s, meas=1, tracks=2, valid=1, master=2280
[LIVE] udp=0.0/s, objs=0.0/s, last_udp=1.20s, meas=1, tracks=2, valid=0, master=2280
[GPS] GGA fix_quality=1, num_sats=24, hdop=0.8, lat=30.4081135365, lon=104.0886521855
[LIVE] udp=0.0/s, objs=0.0/s, last_udp=2.20s, meas=1, tracks=2, valid=0, master=2280
[LIVE] udp=0.0/s, objs=0.0/s, last_udp=3.21s, meas=1, tracks=2, valid=0, master=2280
[LIVE] udp=0.0/s, objs=0.0/s, last_udp=4.21s, meas=1, tracks=2, valid=0, master=2280
[LIVE] udp=0.0/s, objs=0.0/s, last_udp=5.21s, meas=1, tracks=2, valid=0, master=2280
[LIVE] udp=0.0/s, objs=0.0/s, last_udp=6.21s, meas=1, tracks=2, valid=0, master=2280
[LIVE] udp=0.0/s, objs=0.0/s, last_udp=7.22s, meas=1, tracks=2, valid=0, master=2280
[LIVE] udp=0.0/s, objs=0.0/s, last_udp=8.22s, meas=1, tracks=2, valid=0, master=2280
[LIVE] udp=1.0/s, objs=1.0/s, last_udp=0.36s, meas=1, tracks=1, valid=1, master=2279
[LIVE] udp=0.0/s, objs=0.0/s, last_udp=1.37s, meas=1, tracks=1, valid=1, master=2279
[LIVE] udp=0.0/s, objs=0.0/s, last_udp=2.37s, meas=1, tracks=1, valid=1, master=2279
[GPS] GGA fix_quality=1, num_sats=24, hdop=0.8, lat=30.408113560333334, lon=104.08865116383333
[LIVE] udp=0.0/s, objs=0.0/s, last_udp=3.37s, meas=1, tracks=1, valid=1, master=2279
[LIVE] udp=0.0/s, objs=0.0/s, last_udp=4.38s, meas=1, tracks=1, valid=1, master=2279
[LIVE] udp=0.0/s, objs=0.0/s, last_udp=5.38s, meas=1, tracks=1, valid=1, master=2279
[LIVE] udp=0.0/s, objs=0.0/s, last_udp=6.38s, meas=1, tracks=1, valid=1, master=2279
[LIVE] udp=0.0/s, objs=0.0/s, last_udp=7.39s, meas=1, tracks=1, valid=1, master=2279
[LIVE] udp=0.0/s, objs=0.0/s, last_udp=8.39s, meas=1, tracks=1, valid=1, master=2279
[LIVE] udp=0.0/s, objs=0.0/s, last_udp=9.39s, meas=1, tracks=1, valid=1, master=2279
[LIVE] udp=0.0/s, objs=0.0/s, last_udp=10.39s, meas=1, tracks=1, valid=1, master=2279
[LIVE] udp=0.0/s, objs=0.0/s, last_udp=11.40s, meas=1, tracks=1, valid=1, master=2279
[LIVE] udp=0.0/s, objs=0.0/s, last_udp=12.40s, meas=1, tracks=1, valid=1, master=2279
[GPS] GGA fix_quality=1, num_sats=24, hdop=0.8, lat=30.408114322333333, lon=104.08865679533334
[LIVE] udp=0.0/s, objs=0.0/s, last_udp=13.40s, meas=1, tracks=1, valid=1, master=2279
[LIVE] udp=0.0/s, objs=0.0/s, last_udp=14.40s, meas=1, tracks=1, valid=1, master=2279
[LIVE] udp=0.0/s, objs=0.0/s, last_udp=15.41s, meas=1, tracks=1, valid=1, master=2279
[LIVE] udp=0.0/s, objs=0.0/s, last_udp=16.41s, meas=1, tracks=1, valid=1, master=2279
[LIVE] udp=0.0/s, objs=0.0/s, last_udp=17.41s, meas=1, tracks=1, valid=1, master=2279
[LIVE] udp=0.0/s, objs=0.0/s, last_udp=18.41s, meas=1, tracks=1, valid=1, master=2279
[LIVE] udp=0.0/s, objs=0.0/s, last_udp=19.42s, meas=1, tracks=1, valid=1, master=2279
[LIVE] udp=0.0/s, objs=0.0/s, last_udp=20.42s, meas=1, tracks=1, valid=1, master=2279
[LIVE] udp=0.0/s, objs=0.0/s, last_udp=21.42s, meas=1, tracks=1, valid=1, master=2279
[LIVE] udp=0.0/s, objs=0.0/s, last_udp=22.42s, meas=1, tracks=1, valid=1, master=2279
[GPS] GGA fix_quality=1, num_sats=24, hdop=0.8, lat=30.408114581833335, lon=104.088656949
[LIVE] udp=0.0/s, objs=0.0/s, last_udp=23.42s, meas=1, tracks=1, valid=1, master=2279
[LIVE] udp=0.0/s, objs=0.0/s, last_udp=24.43s, meas=1, tracks=1, valid=1, master=2279
[LIVE] udp=0.0/s, objs=0.0/s, last_udp=25.43s, meas=1, tracks=1, valid=1, master=2279
[LIVE] udp=1.0/s, objs=1.0/s, last_udp=0.15s, meas=1, tracks=1, valid=1, master=2279
[LIVE] udp=1.0/s, objs=1.0/s, last_udp=0.74s, meas=0, tracks=0, valid=0, master=2279
[LIVE] udp=0.0/s, objs=0.0/s, last_udp=1.74s, meas=0, tracks=0, valid=0, master=2279
[LIVE] udp=0.0/s, objs=0.0/s, last_udp=2.74s, meas=0, tracks=0, valid=0, master=2279
[LIVE] udp=0.0/s, objs=0.0/s, last_udp=3.75s, meas=0, tracks=0, valid=0, master=2279
[LIVE] udp=0.0/s, objs=0.0/s, last_udp=4.75s, meas=0, tracks=0, valid=0, master=2279
[LIVE] udp=0.0/s, objs=0.0/s, last_udp=5.75s, meas=0, tracks=0, valid=0, master=2279
[GPS] GGA fix_quality=1, num_sats=24, hdop=0.8, lat=30.408111265333332, lon=104.08866015033334
[LIVE] udp=0.0/s, objs=0.0/s, last_udp=6.75s, meas=0, tracks=0, valid=0, master=2279
[LIVE] udp=0.0/s, objs=0.0/s, last_udp=7.76s, meas=0, tracks=0, valid=0, master=2279
[LIVE] udp=0.0/s, objs=0.0/s, last_udp=8.76s, meas=0, tracks=0, valid=0, master=2279
[LIVE] udp=0.0/s, objs=0.0/s, last_udp=9.76s, meas=0, tracks=0, valid=0, master=2279
[LIVE] udp=0.0/s, objs=0.0/s, last_udp=10.76s, meas=0, tracks=0, valid=0, master=2279
[LIVE] udp=2.0/s, objs=2.0/s, last_udp=0.48s, meas=1, tracks=1, valid=0, master=2279
[LIVE] udp=2.0/s, objs=2.0/s, last_udp=0.09s, meas=1, tracks=1, valid=0, master=2279
[LIVE] udp=0.0/s, objs=0.0/s, last_udp=1.10s, meas=1, tracks=1, valid=1, master=2281
[LIVE] udp=0.0/s, objs=0.0/s, last_udp=2.10s, meas=1, tracks=1, valid=1, master=2281
[LIVE] udp=0.0/s, objs=0.0/s, last_udp=3.10s, meas=1, tracks=1, valid=1, master=2281
[GPS] GGA fix_quality=1, num_sats=23, hdop=0.8, lat=30.408111425833333, lon=104.08865854766667
[LIVE] udp=0.0/s, objs=0.0/s, last_udp=4.10s, meas=1, tracks=1, valid=1, master=2281
[LIVE] udp=0.0/s, objs=0.0/s, last_udp=5.10s, meas=1, tracks=1, valid=1, master=2281
[LIVE] udp=3.0/s, objs=3.0/s, last_udp=0.13s, meas=1, tracks=1, valid=1, master=2281
[LIVE] udp=1.0/s, objs=1.0/s, last_udp=0.73s, meas=1, tracks=1, valid=1, master=2281
[LIVE] udp=0.0/s, objs=0.0/s, last_udp=1.73s, meas=1, tracks=1, valid=1, master=2281
[LIVE] udp=0.0/s, objs=0.0/s, last_udp=2.74s, meas=1, tracks=1, valid=1, master=2281
[LIVE] udp=1.0/s, objs=1.0/s, last_udp=0.79s, meas=1, tracks=1, valid=1, master=2281
[LIVE] udp=0.0/s, objs=0.0/s, last_udp=1.79s, meas=1, tracks=1, valid=1, master=2281
[LIVE] udp=0.0/s, objs=0.0/s, last_udp=2.79s, meas=1, tracks=1, valid=1, master=2281
[LIVE] udp=0.0/s, objs=0.0/s, last_udp=3.79s, meas=1, tracks=1, valid=1, master=2281
[GPS] GGA fix_quality=1, num_sats=23, hdop=0.8, lat=30.408110256, lon=104.08867011083333
[LIVE] udp=1.0/s, objs=1.0/s, last_udp=0.98s, meas=1, tracks=2, valid=0, master=2281
[LIVE] udp=0.0/s, objs=0.0/s, last_udp=1.98s, meas=1, tracks=2, valid=0, master=2281
[LIVE] udp=0.0/s, objs=0.0/s, last_udp=2.98s, meas=1, tracks=2, valid=0, master=2281
[LIVE] udp=2.0/s, objs=2.0/s, last_udp=0.50s, meas=1, tracks=2, valid=0, master=2281
[LIVE] udp=0.0/s, objs=0.0/s, last_udp=1.51s, meas=1, tracks=2, valid=0, master=2281
[LIVE] udp=0.0/s, objs=0.0/s, last_udp=2.51s, meas=1, tracks=2, valid=0, master=2281
[LIVE] udp=0.0/s, objs=0.0/s, last_udp=3.52s, meas=1, tracks=2, valid=0, master=2281
[LIVE] udp=0.0/s, objs=0.0/s, last_udp=4.52s, meas=1, tracks=2, valid=0, master=2281
[LIVE] udp=0.0/s, objs=0.0/s, last_udp=5.52s, meas=1, tracks=2, valid=0, master=2281
[LIVE] udp=0.0/s, objs=0.0/s, last_udp=6.53s, meas=1, tracks=2, valid=0, master=2281
[GPS] GGA fix_quality=1, num_sats=25, hdop=0.8, lat=30.408111447166668, lon=104.08867301083333
[LIVE] udp=0.0/s, objs=0.0/s, last_udp=7.53s, meas=1, tracks=2, valid=0, master=2281
[LIVE] udp=0.0/s, objs=0.0/s, last_udp=8.53s, meas=1, tracks=2, valid=0, master=2281
[LIVE] udp=0.0/s, objs=0.0/s, last_udp=9.54s, meas=1, tracks=2, valid=0, master=2281
[LIVE] udp=1.0/s, objs=1.0/s, last_udp=0.14s, meas=1, tracks=2, valid=0, master=2281
[LIVE] udp=4.0/s, objs=4.0/s, last_udp=0.17s, meas=1, tracks=1, valid=1, master=2283
[LIVE] udp=0.0/s, objs=0.0/s, last_udp=1.17s, meas=1, tracks=1, valid=1, master=2283
[LIVE] udp=0.0/s, objs=0.0/s, last_udp=2.17s, meas=1, tracks=1, valid=1, master=2283
[LIVE] udp=0.0/s, objs=0.0/s, last_udp=3.18s, meas=1, tracks=1, valid=1, master=2283
[LIVE] udp=0.0/s, objs=0.0/s, last_udp=4.18s, meas=1, tracks=1, valid=1, master=2283
[LIVE] udp=0.0/s, objs=0.0/s, last_udp=5.18s, meas=1, tracks=1, valid=1, master=2283
[GPS] GGA fix_quality=1, num_sats=26, hdop=0.7, lat=30.408108803833333, lon=104.08867253433333
[LIVE] udp=0.0/s, objs=0.0/s, last_udp=6.18s, meas=1, tracks=1, valid=1, master=2283
[LIVE] udp=1.0/s, objs=1.0/s, last_udp=0.16s, meas=1, tracks=1, valid=1, master=2283
[LIVE] udp=1.0/s, objs=1.0/s, last_udp=0.04s, meas=0, tracks=1, valid=0, master=2283
[Warning] 逻辑ID 1 没有配置偏差数据
[LIVE] udp=0.0/s, objs=0.0/s, last_udp=1.04s, meas=0, tracks=1, valid=0, master=2283
[LIVE] udp=0.0/s, objs=0.0/s, last_udp=2.04s, meas=0, tracks=1, valid=0, master=2283
[LIVE] udp=3.0/s, objs=3.0/s, last_udp=0.08s, meas=1, tracks=1, valid=1, master=2283
[LIVE] udp=0.0/s, objs=0.0/s, last_udp=1.09s, meas=1, tracks=1, valid=1, master=2283
[LIVE] udp=0.0/s, objs=0.0/s, last_udp=2.09s, meas=1, tracks=1, valid=1, master=2283
[LIVE] udp=0.0/s, objs=0.0/s, last_udp=3.09s, meas=1, tracks=1, valid=1, master=2283
[LIVE] udp=0.0/s, objs=0.0/s, last_udp=4.09s, meas=1, tracks=1, valid=1, master=2283
[GPS] GGA fix_quality=1, num_sats=25, hdop=0.8, lat=30.408104445166668, lon=104.08866462116667
[LIVE] udp=0.0/s, objs=0.0/s, last_udp=5.09s, meas=1, tracks=1, valid=1, master=2283
[LIVE] udp=1.0/s, objs=1.0/s, last_udp=0.65s, meas=1, tracks=1, valid=1, master=2283
[LIVE] udp=0.0/s, objs=0.0/s, last_udp=1.66s, meas=1, tracks=1, valid=1, master=2283
[LIVE] udp=0.0/s, objs=0.0/s, last_udp=2.66s, meas=1, tracks=1, valid=1, master=2283
[LIVE] udp=0.0/s, objs=0.0/s, last_udp=3.66s, meas=1, tracks=1, valid=1, master=2283
[LIVE] udp=0.0/s, objs=0.0/s, last_udp=4.66s, meas=1, tracks=1, valid=1, master=2283
[LIVE] udp=0.0/s, objs=0.0/s, last_udp=5.67s, meas=1, tracks=1, valid=1, master=2283
[LIVE] udp=0.0/s, objs=0.0/s, last_udp=6.67s, meas=1, tracks=1, valid=1, master=2283
[LIVE] udp=1.0/s, objs=1.0/s, last_udp=0.87s, meas=1, tracks=1, valid=1, master=2283
[LIVE] udp=0.0/s, objs=0.0/s, last_udp=1.87s, meas=1, tracks=1, valid=1, master=2283
[GPS] GGA fix_quality=1, num_sats=25, hdop=0.8, lat=30.408105678833333, lon=104.088664415
[LIVE] udp=0.0/s, objs=0.0/s, last_udp=2.88s, meas=1, tracks=1, valid=1, master=2283
[LIVE] udp=0.0/s, objs=0.0/s, last_udp=3.88s, meas=1, tracks=1, valid=1, master=2283
[LIVE] udp=0.0/s, objs=0.0/s, last_udp=4.89s, meas=1, tracks=1, valid=1, master=2283
[LIVE] udp=1.0/s, objs=1.0/s, last_udp=0.20s, meas=1, tracks=1, valid=1, master=2283
[LIVE] udp=1.0/s, objs=1.0/s, last_udp=0.40s, meas=1, tracks=1, valid=1, master=2283
[LIVE] udp=0.0/s, objs=0.0/s, last_udp=1.40s, meas=1, tracks=1, valid=1, master=2283
[LIVE] udp=0.0/s, objs=0.0/s, last_udp=2.41s, meas=1, tracks=1, valid=1, master=2283
[LIVE] udp=0.0/s, objs=0.0/s, last_udp=3.41s, meas=1, tracks=1, valid=1, master=2283
[LIVE] udp=0.0/s, objs=0.0/s, last_udp=4.41s, meas=1, tracks=1, valid=1, master=2283
[LIVE] udp=1.0/s, objs=1.0/s, last_udp=0.82s, meas=1, tracks=1, valid=1, master=2283
[GPS] GGA fix_quality=1, num_sats=26, hdop=0.7, lat=30.4081067685, lon=104.08866245566666
[LIVE] udp=0.0/s, objs=0.0/s, last_udp=1.82s, meas=1, tracks=1, valid=1, master=2283
[LIVE] udp=1.0/s, objs=1.0/s, last_udp=0.60s, meas=1, tracks=1, valid=1, master=2283
[LIVE] udp=0.0/s, objs=0.0/s, last_udp=1.60s, meas=1, tracks=1, valid=1, master=2283
[LIVE] udp=0.0/s, objs=0.0/s, last_udp=2.60s, meas=1, tracks=1, valid=1, master=2283
[LIVE] udp=0.0/s, objs=0.0/s, last_udp=3.61s, meas=1, tracks=1, valid=1, master=2283
[LIVE] udp=0.0/s, objs=0.0/s, last_udp=4.61s, meas=1, tracks=1, valid=1, master=2283
[LIVE] udp=0.0/s, objs=0.0/s, last_udp=5.62s, meas=1, tracks=1, valid=1, master=2283
[LIVE] udp=0.0/s, objs=0.0/s, last_udp=6.62s, meas=1, tracks=1, valid=1, master=2283
[LIVE] udp=0.0/s, objs=0.0/s, last_udp=7.62s, meas=1, tracks=1, valid=1, master=2283
[LIVE] udp=0.0/s, objs=0.0/s, last_udp=8.62s, meas=1, tracks=1, valid=1, master=2283
[GPS] GGA fix_quality=1, num_sats=26, hdop=0.7, lat=30.408108981166666, lon=104.0886590275
[LIVE] udp=0.0/s, objs=0.0/s, last_udp=9.63s, meas=1, tracks=1, valid=1, master=2283
[LIVE] udp=0.0/s, objs=0.0/s, last_udp=10.63s, meas=1, tracks=1, valid=1, master=2283
[LIVE] udp=0.0/s, objs=0.0/s, last_udp=11.63s, meas=1, tracks=1, valid=1, master=2283
[LIVE] udp=0.0/s, objs=0.0/s, last_udp=12.64s, meas=1, tracks=1, valid=1, master=2283
[LIVE] udp=0.0/s, objs=0.0/s, last_udp=13.64s, meas=1, tracks=1, valid=1, master=2283
[LIVE] udp=0.0/s, objs=0.0/s, last_udp=14.64s, meas=1, tracks=1, valid=1, master=2283
[LIVE] udp=0.0/s, objs=0.0/s, last_udp=15.65s, meas=1, tracks=1, valid=1, master=2283
[LIVE] udp=0.0/s, objs=0.0/s, last_udp=16.65s, meas=1, tracks=1, valid=1, master=2283
[Warning] 逻辑ID 1 没有配置偏差数据
[LIVE] udp=1.0/s, objs=1.0/s, last_udp=0.54s, meas=0, tracks=0, valid=0, master=2283
[LIVE] udp=0.0/s, objs=0.0/s, last_udp=1.54s, meas=0, tracks=0, valid=0, master=2283
[GPS] GGA fix_quality=1, num_sats=26, hdop=0.7, lat=30.408109036166667, lon=104.08865433233333
[LIVE] udp=0.0/s, objs=0.0/s, last_udp=2.54s, meas=0, tracks=0, valid=0, master=2283
[LIVE] udp=0.0/s, objs=0.0/s, last_udp=3.54s, meas=0, tracks=0, valid=0, master=2283
[LIVE] udp=0.0/s, objs=0.0/s, last_udp=4.55s, meas=0, tracks=0, valid=0, master=2283
[LIVE] udp=0.0/s, objs=0.0/s, last_udp=5.55s, meas=0, tracks=0, valid=0, master=2283
[LIVE] udp=0.0/s, objs=0.0/s, last_udp=6.55s, meas=0, tracks=0, valid=0, master=2283
[LIVE] udp=0.0/s, objs=0.0/s, last_udp=7.55s, meas=0, tracks=0, valid=0, master=2283
[LIVE] udp=0.0/s, objs=0.0/s, last_udp=8.56s, meas=0, tracks=0, valid=0, master=2283
[LIVE] udp=0.0/s, objs=0.0/s, last_udp=9.56s, meas=0, tracks=0, valid=0, master=2283
[LIVE] udp=0.0/s, objs=0.0/s, last_udp=10.56s, meas=0, tracks=0, valid=0, master=2283
[LIVE] udp=0.0/s, objs=0.0/s, last_udp=11.56s, meas=0, tracks=0, valid=0, master=2283
[GPS] GGA fix_quality=1, num_sats=25, hdop=0.8, lat=30.4081062385, lon=104.08865060383333
[LIVE] udp=0.0/s, objs=0.0/s, last_udp=12.56s, meas=0, tracks=0, valid=0, master=2283
[LIVE] udp=0.0/s, objs=0.0/s, last_udp=13.56s, meas=0, tracks=0, valid=0, master=2283
[LIVE] udp=0.0/s, objs=0.0/s, last_udp=14.57s, meas=0, tracks=0, valid=0, master=2283
[LIVE] udp=0.0/s, objs=0.0/s, last_udp=15.57s, meas=0, tracks=0, valid=0, master=2283
[LIVE] udp=0.0/s, objs=0.0/s, last_udp=16.57s, meas=0, tracks=0, valid=0, master=2283
[LIVE] udp=0.0/s, objs=0.0/s, last_udp=17.57s, meas=0, tracks=0, valid=0, master=2283
[LIVE] udp=0.0/s, objs=0.0/s, last_udp=18.58s, meas=0, tracks=0, valid=0, master=2283
[LIVE] udp=0.0/s, objs=0.0/s, last_udp=19.58s, meas=0, tracks=0, valid=0, master=2283
[LIVE] udp=0.0/s, objs=0.0/s, last_udp=20.58s, meas=0, tracks=0, valid=0, master=2283
[LIVE] udp=1.0/s, objs=1.0/s, last_udp=0.07s, meas=0, tracks=0, valid=0, master=2283
[GPS] GGA fix_quality=1, num_sats=24, hdop=0.8, lat=30.408108425833333, lon=104.08865317033333
[LIVE] udp=0.0/s, objs=0.0/s, last_udp=1.07s, meas=1, tracks=1, valid=0, master=2283
[LIVE] udp=1.0/s, objs=1.0/s, last_udp=0.67s, meas=1, tracks=1, valid=0, master=2283
[LIVE] udp=0.0/s, objs=0.0/s, last_udp=1.67s, meas=1, tracks=1, valid=0, master=2283
[LIVE] udp=0.0/s, objs=0.0/s, last_udp=2.68s, meas=1, tracks=1, valid=0, master=2283
[LIVE] udp=0.0/s, objs=0.0/s, last_udp=3.68s, meas=1, tracks=1, valid=0, master=2283
[LIVE] udp=0.0/s, objs=0.0/s, last_udp=4.68s, meas=1, tracks=1, valid=0, master=2283
[LIVE] udp=1.0/s, objs=1.0/s, last_udp=0.28s, meas=1, tracks=1, valid=1, master=2284
[LIVE] udp=1.0/s, objs=1.0/s, last_udp=0.71s, meas=1, tracks=1, valid=1, master=2284
[LIVE] udp=0.0/s, objs=0.0/s, last_udp=1.71s, meas=1, tracks=1, valid=1, master=2284
[LIVE] udp=0.0/s, objs=0.0/s, last_udp=2.71s, meas=1, tracks=1, valid=1, master=2284
[GPS] GGA fix_quality=1, num_sats=24, hdop=0.8, lat=30.408115300666665, lon=104.08864738133333
[LIVE] udp=0.0/s, objs=0.0/s, last_udp=3.71s, meas=1, tracks=1, valid=1, master=2284
[LIVE] udp=0.0/s, objs=0.0/s, last_udp=4.72s, meas=1, tracks=1, valid=1, master=2284
[LIVE] udp=0.0/s, objs=0.0/s, last_udp=5.72s, meas=1, tracks=1, valid=1, master=2284
[LIVE] udp=1.0/s, objs=1.0/s, last_udp=0.90s, meas=1, tracks=1, valid=1, master=2284
[LIVE] udp=0.0/s, objs=0.0/s, last_udp=1.91s, meas=1, tracks=1, valid=1, master=2284
[LIVE] udp=1.0/s, objs=1.0/s, last_udp=0.04s, meas=1, tracks=1, valid=1, master=2284
[LIVE] udp=0.0/s, objs=0.0/s, last_udp=1.04s, meas=1, tracks=2, valid=0, master=2284
[LIVE] udp=0.0/s, objs=0.0/s, last_udp=2.04s, meas=1, tracks=2, valid=0, master=2284
[LIVE] udp=0.0/s, objs=0.0/s, last_udp=3.05s, meas=1, tracks=2, valid=0, master=2284
[LIVE] udp=0.0/s, objs=0.0/s, last_udp=4.05s, meas=1, tracks=2, valid=0, master=2284
[GPS] GGA fix_quality=1, num_sats=25, hdop=0.8, lat=30.408117823166666, lon=104.088648328
[LIVE] udp=0.0/s, objs=0.0/s, last_udp=5.05s, meas=1, tracks=2, valid=0, master=2284
[LIVE] udp=0.0/s, objs=0.0/s, last_udp=6.06s, meas=1, tracks=2, valid=0, master=2284
[LIVE] udp=0.0/s, objs=0.0/s, last_udp=7.06s, meas=1, tracks=2, valid=0, master=2284
[LIVE] udp=2.0/s, objs=3.0/s, last_udp=0.52s, meas=1, tracks=3, valid=0, master=2284
[LIVE] udp=1.0/s, objs=1.0/s, last_udp=0.24s, meas=1, tracks=3, valid=1, master=2286
[LIVE] udp=3.0/s, objs=3.0/s, last_udp=0.37s, meas=1, tracks=3, valid=1, master=2286
[LIVE] udp=1.0/s, objs=1.0/s, last_udp=0.40s, meas=1, tracks=2, valid=1, master=2286
[LIVE] udp=3.0/s, objs=3.0/s, last_udp=0.11s, meas=1, tracks=3, valid=0, master=2286
[LIVE] udp=7.0/s, objs=7.0/s, last_udp=0.18s, meas=2, tracks=3, valid=2, master=2286
[LIVE] udp=5.0/s, objs=7.0/s, last_udp=0.17s, meas=2, tracks=4, valid=1, master=2286
[GPS] GGA fix_quality=1, num_sats=25, hdop=0.8, lat=30.4081195015, lon=104.0886491915
[LIVE] udp=9.0/s, objs=13.0/s, last_udp=0.05s, meas=4, tracks=5, valid=2, master=2286
[LIVE] udp=10.0/s, objs=11.0/s, last_udp=0.01s, meas=2, tracks=5, valid=2, master=2284
[LIVE] udp=12.0/s, objs=14.0/s, last_udp=0.19s, meas=2, tracks=5, valid=2, master=2284
[LIVE] udp=8.0/s, objs=12.9/s, last_udp=0.03s, meas=3, tracks=5, valid=3, master=2289
[LIVE] udp=5.0/s, objs=10.0/s, last_udp=0.24s, meas=3, tracks=5, valid=3, master=2289
[LIVE] udp=6.0/s, objs=11.9/s, last_udp=0.00s, meas=1, tracks=5, valid=1, master=2286
[LIVE] udp=2.0/s, objs=2.0/s, last_udp=0.66s, meas=1, tracks=5, valid=1, master=2289
[LIVE] udp=2.0/s, objs=2.0/s, last_udp=0.29s, meas=1, tracks=5, valid=1, master=2286
[LIVE] udp=0.0/s, objs=0.0/s, last_udp=1.29s, meas=1, tracks=5, valid=1, master=2286
[LIVE] udp=0.0/s, objs=0.0/s, last_udp=2.29s, meas=1, tracks=5, valid=1, master=2286
[GPS] GGA fix_quality=1, num_sats=26, hdop=0.7, lat=30.408119046166668, lon=104.08865235116667
[LIVE] udp=0.0/s, objs=0.0/s, last_udp=3.30s, meas=1, tracks=5, valid=1, master=2286
[LIVE] udp=0.0/s, objs=0.0/s, last_udp=4.30s, meas=1, tracks=5, valid=1, master=2286
[LIVE] udp=0.0/s, objs=0.0/s, last_udp=5.30s, meas=1, tracks=5, valid=1, master=2286
[LIVE] udp=0.0/s, objs=0.0/s, last_udp=6.31s, meas=1, tracks=5, valid=1, master=2286
[LIVE] udp=0.0/s, objs=0.0/s, last_udp=7.31s, meas=1, tracks=5, valid=1, master=2286
[LIVE] udp=0.0/s, objs=0.0/s, last_udp=8.31s, meas=1, tracks=5, valid=1, master=2286
[LIVE] udp=0.0/s, objs=0.0/s, last_udp=9.31s, meas=1, tracks=5, valid=1, master=2286
[LIVE] udp=0.0/s, objs=0.0/s, last_udp=10.32s, meas=1, tracks=5, valid=1, master=2286
[LIVE] udp=1.0/s, objs=1.0/s, last_udp=0.65s, meas=1, tracks=1, valid=0, master=2286
[LIVE] udp=0.0/s, objs=0.0/s, last_udp=1.65s, meas=1, tracks=1, valid=0, master=2286
[GPS] GGA fix_quality=1, num_sats=26, hdop=0.7, lat=30.408116749, lon=104.08864959783334
[LIVE] udp=0.0/s, objs=0.0/s, last_udp=2.66s, meas=1, tracks=1, valid=0, master=2286
[LIVE] udp=2.0/s, objs=2.0/s, last_udp=0.13s, meas=1, tracks=2, valid=0, master=2286
[LIVE] udp=0.0/s, objs=0.0/s, last_udp=1.13s, meas=1, tracks=2, valid=0, master=2286
[LIVE] udp=0.0/s, objs=0.0/s, last_udp=2.13s, meas=1, tracks=2, valid=0, master=2286
[LIVE] udp=0.0/s, objs=0.0/s, last_udp=3.14s, meas=1, tracks=2, valid=0, master=2286
[LIVE] udp=0.0/s, objs=0.0/s, last_udp=4.14s, meas=1, tracks=2, valid=0, master=2286
[LIVE] udp=0.0/s, objs=0.0/s, last_udp=5.14s, meas=1, tracks=2, valid=0, master=2286
[LIVE] udp=0.0/s, objs=0.0/s, last_udp=6.15s, meas=1, tracks=2, valid=0, master=2286
[LIVE] udp=0.0/s, objs=0.0/s, last_udp=7.15s, meas=1, tracks=2, valid=0, master=2286
[GPS] GGA fix_quality=1, num_sats=26, hdop=0.7, lat=30.4081135085, lon=104.08865122516667
[LIVE] udp=0.0/s, objs=0.0/s, last_udp=8.15s, meas=1, tracks=2, valid=0, master=2286
[LIVE] udp=0.0/s, objs=0.0/s, last_udp=9.15s, meas=1, tracks=2, valid=0, master=2286
[LIVE] udp=0.0/s, objs=0.0/s, last_udp=10.16s, meas=1, tracks=2, valid=0, master=2286
[LIVE] udp=0.0/s, objs=0.0/s, last_udp=11.16s, meas=1, tracks=2, valid=0, master=2286
[LIVE] udp=0.0/s, objs=0.0/s, last_udp=12.16s, meas=1, tracks=2, valid=0, master=2286
[LIVE] udp=0.0/s, objs=0.0/s, last_udp=13.17s, meas=1, tracks=2, valid=0, master=2286
[LIVE] udp=0.0/s, objs=0.0/s, last_udp=14.17s, meas=1, tracks=2, valid=0, master=2286
[LIVE] udp=0.0/s, objs=0.0/s, last_udp=15.17s, meas=1, tracks=2, valid=0, master=2286
[LIVE] udp=0.0/s, objs=0.0/s, last_udp=16.18s, meas=1, tracks=2, valid=0, master=2286
[LIVE] udp=0.0/s, objs=0.0/s, last_udp=17.18s, meas=1, tracks=2, valid=0, master=2286
[GPS] GGA fix_quality=1, num_sats=25, hdop=0.7, lat=30.408112695666667, lon=104.088659389
[LIVE] udp=0.0/s, objs=0.0/s, last_udp=18.18s, meas=1, tracks=2, valid=0, master=2286
[LIVE] udp=0.0/s, objs=0.0/s, last_udp=19.18s, meas=1, tracks=2, valid=0, master=2286
[LIVE] udp=0.0/s, objs=0.0/s, last_udp=20.18s, meas=1, tracks=2, valid=0, master=2286
[LIVE] udp=0.0/s, objs=0.0/s, last_udp=21.18s, meas=1, tracks=2, valid=0, master=2286
[LIVE] udp=0.0/s, objs=0.0/s, last_udp=22.19s, meas=1, tracks=2, valid=0, master=2286
[LIVE] udp=0.0/s, objs=0.0/s, last_udp=23.19s, meas=1, tracks=2, valid=0, master=2286
[LIVE] udp=0.0/s, objs=0.0/s, last_udp=24.19s, meas=1, tracks=2, valid=0, master=2286
[LIVE] udp=0.0/s, objs=0.0/s, last_udp=25.20s, meas=1, tracks=2, valid=0, master=2286
[LIVE] udp=0.0/s, objs=0.0/s, last_udp=26.20s, meas=1, tracks=2, valid=0, master=2286
[LIVE] udp=0.0/s, objs=0.0/s, last_udp=27.20s, meas=1, tracks=2, valid=0, master=2286
[GPS] GGA fix_quality=1, num_sats=26, hdop=0.7, lat=30.408111746, lon=104.0886589075
[LIVE] udp=0.0/s, objs=0.0/s, last_udp=28.20s, meas=1, tracks=2, valid=0, master=2286
[LIVE] udp=0.0/s, objs=0.0/s, last_udp=29.21s, meas=1, tracks=2, valid=0, master=2286
[LIVE] udp=0.0/s, objs=0.0/s, last_udp=30.21s, meas=1, tracks=2, valid=0, master=2286
[LIVE] udp=2.0/s, objs=2.0/s, last_udp=0.17s, meas=1, tracks=1, valid=0, master=2286
[LIVE] udp=0.0/s, objs=0.0/s, last_udp=1.17s, meas=1, tracks=1, valid=0, master=2286
[LIVE] udp=0.0/s, objs=0.0/s, last_udp=2.17s, meas=1, tracks=1, valid=0, master=2286
[LIVE] udp=0.0/s, objs=0.0/s, last_udp=3.18s, meas=1, tracks=1, valid=0, master=2286
[LIVE] udp=0.0/s, objs=0.0/s, last_udp=4.18s, meas=1, tracks=1, valid=0, master=2286
[LIVE] udp=0.0/s, objs=0.0/s, last_udp=5.18s, meas=1, tracks=1, valid=0, master=2286
[LIVE] udp=0.0/s, objs=0.0/s, last_udp=6.19s, meas=1, tracks=1, valid=0, master=2286
[GPS] GGA fix_quality=1, num_sats=28, hdop=0.6, lat=30.408113384, lon=104.0886579255
[LIVE] udp=0.0/s, objs=0.0/s, last_udp=7.19s, meas=1, tracks=1, valid=0, master=2286
[LIVE] udp=0.0/s, objs=0.0/s, last_udp=8.19s, meas=1, tracks=1, valid=0, master=2286
[LIVE] udp=0.0/s, objs=0.0/s, last_udp=9.19s, meas=1, tracks=1, valid=0, master=2286
[LIVE] udp=0.0/s, objs=0.0/s, last_udp=10.19s, meas=1, tracks=1, valid=0, master=2286
[LIVE] udp=0.0/s, objs=0.0/s, last_udp=11.19s, meas=1, tracks=1, valid=0, master=2286
[LIVE] udp=0.0/s, objs=0.0/s, last_udp=12.20s, meas=1, tracks=1, valid=0, master=2286
[LIVE] udp=0.0/s, objs=0.0/s, last_udp=13.20s, meas=1, tracks=1, valid=0, master=2286
[LIVE] udp=0.0/s, objs=0.0/s, last_udp=14.20s, meas=1, tracks=1, valid=0, master=2286
[LIVE] udp=0.0/s, objs=0.0/s, last_udp=15.21s, meas=1, tracks=1, valid=0, master=2286
[LIVE] udp=0.0/s, objs=0.0/s, last_udp=16.21s, meas=1, tracks=1, valid=0, master=2286
[GPS] GGA fix_quality=1, num_sats=28, hdop=0.6, lat=30.408116640166668, lon=104.08865702983333
[LIVE] udp=0.0/s, objs=0.0/s, last_udp=17.21s, meas=1, tracks=1, valid=0, master=2286
[LIVE] udp=0.0/s, objs=0.0/s, last_udp=18.22s, meas=1, tracks=1, valid=0, master=2286
[LIVE] udp=0.0/s, objs=0.0/s, last_udp=19.22s, meas=1, tracks=1, valid=0, master=2286
[LIVE] udp=0.0/s, objs=0.0/s, last_udp=20.22s, meas=1, tracks=1, valid=0, master=2286
[LIVE] udp=0.0/s, objs=0.0/s, last_udp=21.22s, meas=1, tracks=1, valid=0, master=2286
[LIVE] udp=0.0/s, objs=0.0/s, last_udp=22.23s, meas=1, tracks=1, valid=0, master=2286
[LIVE] udp=0.0/s, objs=0.0/s, last_udp=23.23s, meas=1, tracks=1, valid=0, master=2286
[LIVE] udp=0.0/s, objs=0.0/s, last_udp=24.23s, meas=1, tracks=1, valid=0, master=2286
[LIVE] udp=0.0/s, objs=0.0/s, last_udp=25.23s, meas=1, tracks=1, valid=0, master=2286
[LIVE] udp=0.0/s, objs=0.0/s, last_udp=26.24s, meas=1, tracks=1, valid=0, master=2286
[GPS] GGA fix_quality=1, num_sats=26, hdop=0.7, lat=30.408120068666666, lon=104.08865396983333
[LIVE] udp=0.0/s, objs=0.0/s, last_udp=27.24s, meas=1, tracks=1, valid=0, master=2286
[LIVE] udp=0.0/s, objs=0.0/s, last_udp=28.24s, meas=1, tracks=1, valid=0, master=2286
[LIVE] udp=0.0/s, objs=0.0/s, last_udp=29.24s, meas=1, tracks=1, valid=0, master=2286
[LIVE] udp=0.0/s, objs=0.0/s, last_udp=30.25s, meas=1, tracks=1, valid=0, master=2286
[LIVE] udp=0.0/s, objs=0.0/s, last_udp=31.25s, meas=1, tracks=1, valid=0, master=2286
[LIVE] udp=0.0/s, objs=0.0/s, last_udp=32.25s, meas=1, tracks=1, valid=0, master=2286
[LIVE] udp=0.0/s, objs=0.0/s, last_udp=33.25s, meas=1, tracks=1, valid=0, master=2286
[LIVE] udp=0.0/s, objs=0.0/s, last_udp=34.26s, meas=1, tracks=1, valid=0, master=2286
[LIVE] udp=0.0/s, objs=0.0/s, last_udp=35.26s, meas=1, tracks=1, valid=0, master=2286
[GPS] Waiting for NMEA data on COM12, elapsed=0.0s/5.0s
[LIVE] udp=0.0/s, objs=0.0/s, last_udp=36.26s, meas=1, tracks=1, valid=0, master=2286
[GPS] GGA fix_quality=1, num_sats=26, hdop=0.7, lat=30.408120079166668, lon=104.08865167333333
[LIVE] udp=0.0/s, objs=0.0/s, last_udp=37.26s, meas=1, tracks=1, valid=0, master=2286
[LIVE] udp=0.0/s, objs=0.0/s, last_udp=38.26s, meas=1, tracks=1, valid=0, master=2286
[LIVE] udp=0.0/s, objs=0.0/s, last_udp=39.27s, meas=1, tracks=1, valid=0, master=2286
[LIVE] udp=0.0/s, objs=0.0/s, last_udp=40.27s, meas=1, tracks=1, valid=0, master=2286
[LIVE] udp=0.0/s, objs=0.0/s, last_udp=41.27s, meas=1, tracks=1, valid=0, master=2286
[LIVE] udp=0.0/s, objs=0.0/s, last_udp=42.28s, meas=1, tracks=1, valid=0, master=2286
[LIVE] udp=0.0/s, objs=0.0/s, last_udp=43.28s, meas=1, tracks=1, valid=0, master=2286
[LIVE] udp=0.0/s, objs=0.0/s, last_udp=44.28s, meas=1, tracks=1, valid=0, master=2286
[LIVE] udp=0.0/s, objs=0.0/s, last_udp=45.29s, meas=1, tracks=1, valid=0, master=2286
[LIVE] udp=0.0/s, objs=0.0/s, last_udp=46.29s, meas=1, tracks=1, valid=0, master=2286
[GPS] GGA fix_quality=1, num_sats=26, hdop=0.7, lat=30.408118512166666, lon=104.08864923716666
[LIVE] udp=0.0/s, objs=0.0/s, last_udp=47.29s, meas=1, tracks=1, valid=0, master=2286
[LIVE] udp=0.0/s, objs=0.0/s, last_udp=48.30s, meas=1, tracks=1, valid=0, master=2286
[Warning] 逻辑ID 1 没有配置偏差数据
[LIVE] udp=1.0/s, objs=1.0/s, last_udp=0.77s, meas=0, tracks=0, valid=0, master=2286
[LIVE] udp=0.0/s, objs=0.0/s, last_udp=1.78s, meas=0, tracks=0, valid=0, master=2286
[LIVE] udp=0.0/s, objs=0.0/s, last_udp=2.78s, meas=0, tracks=0, valid=0, master=2286
[LIVE] udp=0.0/s, objs=0.0/s, last_udp=3.78s, meas=0, tracks=0, valid=0, master=2286
[LIVE] udp=0.0/s, objs=0.0/s, last_udp=4.79s, meas=0, tracks=0, valid=0, master=2286
[LIVE] udp=0.0/s, objs=0.0/s, last_udp=5.79s, meas=0, tracks=0, valid=0, master=2286
[LIVE] udp=0.0/s, objs=0.0/s, last_udp=6.80s, meas=0, tracks=0, valid=0, master=2286
[LIVE] udp=0.0/s, objs=0.0/s, last_udp=7.80s, meas=0, tracks=0, valid=0, master=2286
[GPS] GGA fix_quality=1, num_sats=26, hdop=0.7, lat=30.408118442, lon=104.08864905016667
[LIVE] udp=0.0/s, objs=0.0/s, last_udp=8.80s, meas=0, tracks=0, valid=0, master=2286
[LIVE] udp=0.0/s, objs=0.0/s, last_udp=9.80s, meas=0, tracks=0, valid=0, master=2286
[LIVE] udp=0.0/s, objs=0.0/s, last_udp=10.81s, meas=0, tracks=0, valid=0, master=2286
[LIVE] udp=0.0/s, objs=0.0/s, last_udp=11.81s, meas=0, tracks=0, valid=0, master=2286
[LIVE] udp=0.0/s, objs=0.0/s, last_udp=12.81s, meas=0, tracks=0, valid=0, master=2286
[LIVE] udp=0.0/s, objs=0.0/s, last_udp=13.82s, meas=0, tracks=0, valid=0, master=2286
[LIVE] udp=0.0/s, objs=0.0/s, last_udp=14.82s, meas=0, tracks=0, valid=0, master=2286
[LIVE] udp=0.0/s, objs=0.0/s, last_udp=15.82s, meas=0, tracks=0, valid=0, master=2286
[LIVE] udp=0.0/s, objs=0.0/s, last_udp=16.82s, meas=0, tracks=0, valid=0, master=2286
[LIVE] udp=0.0/s, objs=0.0/s, last_udp=17.83s, meas=0, tracks=0, valid=0, master=2286
[GPS] GGA fix_quality=1, num_sats=26, hdop=0.7, lat=30.40811922416667, lon=104.088652563
[LIVE] udp=0.0/s, objs=0.0/s, last_udp=18.83s, meas=0, tracks=0, valid=0, master=2286
[LIVE] udp=0.0/s, objs=0.0/s, last_udp=19.83s, meas=0, tracks=0, valid=0, master=2286
[LIVE] udp=0.0/s, objs=0.0/s, last_udp=20.84s, meas=0, tracks=0, valid=0, master=2286
[LIVE] udp=0.0/s, objs=0.0/s, last_udp=21.84s, meas=0, tracks=0, valid=0, master=2286
[LIVE] udp=0.0/s, objs=0.0/s, last_udp=22.85s, meas=0, tracks=0, valid=0, master=2286
[LIVE] udp=0.0/s, objs=0.0/s, last_udp=23.85s, meas=0, tracks=0, valid=0, master=2286
[LIVE] udp=0.0/s, objs=0.0/s, last_udp=24.85s, meas=0, tracks=0, valid=0, master=2286
[LIVE] udp=0.0/s, objs=0.0/s, last_udp=25.85s, meas=0, tracks=0, valid=0, master=2286
[LIVE] udp=0.0/s, objs=0.0/s, last_udp=26.86s, meas=0, tracks=0, valid=0, master=2286
[LIVE] udp=1.0/s, objs=1.0/s, last_udp=0.44s, meas=1, tracks=1, valid=0, master=2286
[GPS] GGA fix_quality=1, num_sats=27, hdop=0.7, lat=30.408121624, lon=104.08865389416667
[LIVE] udp=0.0/s, objs=0.0/s, last_udp=1.45s, meas=1, tracks=1, valid=0, master=2286
[LIVE] udp=0.0/s, objs=0.0/s, last_udp=2.45s, meas=1, tracks=1, valid=0, master=2286
[LIVE] udp=0.0/s, objs=0.0/s, last_udp=3.45s, meas=1, tracks=1, valid=0, master=2286
[LIVE] udp=1.0/s, objs=1.0/s, last_udp=0.41s, meas=1, tracks=1, valid=0, master=2286
[LIVE] udp=0.0/s, objs=0.0/s, last_udp=1.42s, meas=1, tracks=1, valid=0, master=2286
[LIVE] udp=0.0/s, objs=0.0/s, last_udp=2.42s, meas=1, tracks=1, valid=0, master=2286
[LIVE] udp=1.0/s, objs=1.0/s, last_udp=0.69s, meas=1, tracks=2, valid=0, master=2286
[LIVE] udp=0.0/s, objs=0.0/s, last_udp=1.69s, meas=1, tracks=2, valid=0, master=2286
[LIVE] udp=0.0/s, objs=0.0/s, last_udp=2.69s, meas=1, tracks=2, valid=0, master=2286
[LIVE] udp=0.0/s, objs=0.0/s, last_udp=3.70s, meas=1, tracks=2, valid=0, master=2286
[GPS] GGA fix_quality=1, num_sats=26, hdop=0.7, lat=30.408123019, lon=104.08864815883334
[LIVE] udp=0.0/s, objs=0.0/s, last_udp=4.70s, meas=1, tracks=2, valid=0, master=2286
[LIVE] udp=0.0/s, objs=0.0/s, last_udp=5.70s, meas=1, tracks=2, valid=0, master=2286
[LIVE] udp=0.0/s, objs=0.0/s, last_udp=6.70s, meas=1, tracks=2, valid=0, master=2286
[LIVE] udp=0.0/s, objs=0.0/s, last_udp=7.70s, meas=1, tracks=2, valid=0, master=2286
[LIVE] udp=0.0/s, objs=0.0/s, last_udp=8.71s, meas=1, tracks=2, valid=0, master=2286
[LIVE] udp=0.0/s, objs=0.0/s, last_udp=9.71s, meas=1, tracks=2, valid=0, master=2286
[LIVE] udp=0.0/s, objs=0.0/s, last_udp=10.71s, meas=1, tracks=2, valid=0, master=2286
[LIVE] udp=0.0/s, objs=0.0/s, last_udp=11.72s, meas=1, tracks=2, valid=0, master=2286
[LIVE] udp=0.0/s, objs=0.0/s, last_udp=12.72s, meas=1, tracks=2, valid=0, master=2286
[LIVE] udp=0.0/s, objs=0.0/s, last_udp=13.72s, meas=1, tracks=2, valid=0, master=2286
[GPS] GGA fix_quality=1, num_sats=26, hdop=0.7, lat=30.408125501833332, lon=104.08865642983334
[LIVE] udp=0.0/s, objs=0.0/s, last_udp=14.72s, meas=1, tracks=2, valid=0, master=2286
[LIVE] udp=1.0/s, objs=1.0/s, last_udp=0.01s, meas=1, tracks=2, valid=0, master=2286
[LIVE] udp=0.0/s, objs=0.0/s, last_udp=1.01s, meas=1, tracks=1, valid=0, master=2286
[LIVE] udp=0.0/s, objs=0.0/s, last_udp=2.02s, meas=1, tracks=1, valid=0, master=2286
[LIVE] udp=0.0/s, objs=0.0/s, last_udp=3.02s, meas=1, tracks=1, valid=0, master=2286
[LIVE] udp=0.0/s, objs=0.0/s, last_udp=4.02s, meas=1, tracks=1, valid=0, master=2286
[LIVE] udp=0.0/s, objs=0.0/s, last_udp=5.03s, meas=1, tracks=1, valid=0, master=2286
[LIVE] udp=0.0/s, objs=0.0/s, last_udp=6.03s, meas=1, tracks=1, valid=0, master=2286
[LIVE] udp=0.0/s, objs=0.0/s, last_udp=7.03s, meas=1, tracks=1, valid=0, master=2286
[LIVE] udp=0.0/s, objs=0.0/s, last_udp=8.03s, meas=1, tracks=1, valid=0, master=2286
[GPS] GGA fix_quality=1, num_sats=25, hdop=0.7, lat=30.408125343833333, lon=104.08866406116667
[LIVE] udp=0.0/s, objs=0.0/s, last_udp=9.04s, meas=1, tracks=1, valid=0, master=2286
[LIVE] udp=0.0/s, objs=0.0/s, last_udp=10.04s, meas=1, tracks=1, valid=0, master=2286
[LIVE] udp=0.0/s, objs=0.0/s, last_udp=11.04s, meas=1, tracks=1, valid=0, master=2286
[LIVE] udp=0.0/s, objs=0.0/s, last_udp=12.05s, meas=1, tracks=1, valid=0, master=2286
[LIVE] udp=0.0/s, objs=0.0/s, last_udp=13.05s, meas=1, tracks=1, valid=0, master=2286
[LIVE] udp=0.0/s, objs=0.0/s, last_udp=14.05s, meas=1, tracks=1, valid=0, master=2286
[LIVE] udp=0.0/s, objs=0.0/s, last_udp=15.05s, meas=1, tracks=1, valid=0, master=2286
[LIVE] udp=0.0/s, objs=0.0/s, last_udp=16.06s, meas=1, tracks=1, valid=0, master=2286
[LIVE] udp=0.0/s, objs=0.0/s, last_udp=17.06s, meas=1, tracks=1, valid=0, master=2286
[LIVE] udp=0.0/s, objs=0.0/s, last_udp=18.06s, meas=1, tracks=1, valid=0, master=2286
[GPS] GGA fix_quality=1, num_sats=25, hdop=0.7, lat=30.408121199166665, lon=104.0886599705
[LIVE] udp=0.0/s, objs=0.0/s, last_udp=19.06s, meas=1, tracks=1, valid=0, master=2286
[LIVE] udp=1.0/s, objs=1.0/s, last_udp=0.51s, meas=1, tracks=1, valid=0, master=2286
[LIVE] udp=0.0/s, objs=0.0/s, last_udp=1.51s, meas=1, tracks=1, valid=0, master=2286
[LIVE] udp=0.0/s, objs=0.0/s, last_udp=2.52s, meas=1, tracks=1, valid=0, master=2286
[LIVE] udp=0.0/s, objs=0.0/s, last_udp=3.52s, meas=1, tracks=1, valid=0, master=2286
[LIVE] udp=0.0/s, objs=0.0/s, last_udp=4.52s, meas=1, tracks=1, valid=0, master=2286
[LIVE] udp=0.0/s, objs=0.0/s, last_udp=5.52s, meas=1, tracks=1, valid=0, master=2286
[LIVE] udp=0.0/s, objs=0.0/s, last_udp=6.53s, meas=1, tracks=1, valid=0, master=2286
[LIVE] udp=0.0/s, objs=0.0/s, last_udp=7.53s, meas=1, tracks=1, valid=0, master=2286
[LIVE] udp=0.0/s, objs=0.0/s, last_udp=8.53s, meas=1, tracks=1, valid=0, master=2286
[GPS] GGA fix_quality=1, num_sats=26, hdop=0.7, lat=30.408119562666666, lon=104.08866474066667
[LIVE] udp=0.0/s, objs=0.0/s, last_udp=9.53s, meas=1, tracks=1, valid=0, master=2286
[LIVE] udp=0.0/s, objs=0.0/s, last_udp=10.54s, meas=1, tracks=1, valid=0, master=2286
[LIVE] udp=0.0/s, objs=0.0/s, last_udp=11.54s, meas=1, tracks=1, valid=0, master=2286
[LIVE] udp=0.0/s, objs=0.0/s, last_udp=12.54s, meas=1, tracks=1, valid=0, master=2286
[LIVE] udp=0.0/s, objs=0.0/s, last_udp=13.55s, meas=1, tracks=1, valid=0, master=2286
[LIVE] udp=2.0/s, objs=2.0/s, last_udp=0.22s, meas=1, tracks=1, valid=0, master=2286
[LIVE] udp=0.0/s, objs=0.0/s, last_udp=1.23s, meas=1, tracks=1, valid=0, master=2286
[LIVE] udp=0.0/s, objs=0.0/s, last_udp=2.23s, meas=1, tracks=1, valid=0, master=2286
[LIVE] udp=0.0/s, objs=0.0/s, last_udp=3.23s, meas=1, tracks=1, valid=0, master=2286
[LIVE] udp=0.0/s, objs=0.0/s, last_udp=4.23s, meas=1, tracks=1, valid=0, master=2286
[GPS] GGA fix_quality=1, num_sats=26, hdop=0.7, lat=30.408115475, lon=104.0886596385
[LIVE] udp=0.0/s, objs=0.0/s, last_udp=5.24s, meas=1, tracks=1, valid=0, master=2286
[LIVE] udp=0.0/s, objs=0.0/s, last_udp=6.24s, meas=1, tracks=1, valid=0, master=2286
[LIVE] udp=0.0/s, objs=0.0/s, last_udp=7.25s, meas=1, tracks=1, valid=0, master=2286
[LIVE] udp=0.0/s, objs=0.0/s, last_udp=8.25s, meas=1, tracks=1, valid=0, master=2286
[LIVE] udp=2.0/s, objs=4.0/s, last_udp=0.09s, meas=2, tracks=2, valid=0, master=2286
[LIVE] udp=0.0/s, objs=0.0/s, last_udp=1.10s, meas=2, tracks=2, valid=0, master=2286
[LIVE] udp=0.0/s, objs=0.0/s, last_udp=2.10s, meas=2, tracks=2, valid=0, master=2286
[LIVE] udp=0.0/s, objs=0.0/s, last_udp=3.10s, meas=2, tracks=2, valid=0, master=2286
[LIVE] udp=0.0/s, objs=0.0/s, last_udp=4.10s, meas=2, tracks=2, valid=0, master=2286
[LIVE] udp=0.0/s, objs=0.0/s, last_udp=5.11s, meas=2, tracks=2, valid=0, master=2286
[GPS] GGA fix_quality=1, num_sats=26, hdop=0.7, lat=30.408116323, lon=104.088654897
[LIVE] udp=0.0/s, objs=0.0/s, last_udp=6.11s, meas=2, tracks=2, valid=0, master=2286
[LIVE] udp=0.0/s, objs=0.0/s, last_udp=7.11s, meas=2, tracks=2, valid=0, master=2286
[LIVE] udp=0.0/s, objs=0.0/s, last_udp=8.11s, meas=2, tracks=2, valid=0, master=2286
[LIVE] udp=0.0/s, objs=0.0/s, last_udp=9.12s, meas=2, tracks=2, valid=0, master=2286
[LIVE] udp=0.0/s, objs=0.0/s, last_udp=10.12s, meas=2, tracks=2, valid=0, master=2286
[LIVE] udp=0.0/s, objs=0.0/s, last_udp=11.12s, meas=2, tracks=2, valid=0, master=2286
[LIVE] udp=0.0/s, objs=0.0/s, last_udp=12.12s, meas=2, tracks=2, valid=0, master=2286
[LIVE] udp=0.0/s, objs=0.0/s, last_udp=13.13s, meas=2, tracks=2, valid=0, master=2286
[LIVE] udp=0.0/s, objs=0.0/s, last_udp=14.13s, meas=2, tracks=2, valid=0, master=2286
[LIVE] udp=0.0/s, objs=0.0/s, last_udp=15.13s, meas=2, tracks=2, valid=0, master=2286
[GPS] GGA fix_quality=1, num_sats=26, hdop=0.7, lat=30.4081187915, lon=104.088653003
[LIVE] udp=0.0/s, objs=0.0/s, last_udp=16.13s, meas=2, tracks=2, valid=0, master=2286
[LIVE] udp=0.0/s, objs=0.0/s, last_udp=17.14s, meas=2, tracks=2, valid=0, master=2286
[LIVE] udp=0.0/s, objs=0.0/s, last_udp=18.14s, meas=2, tracks=2, valid=0, master=2286
[LIVE] udp=0.0/s, objs=0.0/s, last_udp=19.14s, meas=2, tracks=2, valid=0, master=2286
[LIVE] udp=0.0/s, objs=0.0/s, last_udp=20.15s, meas=2, tracks=2, valid=0, master=2286
[LIVE] udp=0.0/s, objs=0.0/s, last_udp=21.15s, meas=2, tracks=2, valid=0, master=2286
[LIVE] udp=0.0/s, objs=0.0/s, last_udp=22.15s, meas=2, tracks=2, valid=0, master=2286
[LIVE] udp=0.0/s, objs=0.0/s, last_udp=23.16s, meas=2, tracks=2, valid=0, master=2286
[LIVE] udp=0.0/s, objs=0.0/s, last_udp=24.16s, meas=2, tracks=2, valid=0, master=2286
[LIVE] udp=0.0/s, objs=0.0/s, last_udp=25.16s, meas=2, tracks=2, valid=0, master=2286
[GPS] GGA fix_quality=1, num_sats=27, hdop=0.6, lat=30.4081238265, lon=104.08864685733333
[LIVE] udp=0.0/s, objs=0.0/s, last_udp=26.17s, meas=2, tracks=2, valid=0, master=2286
[LIVE] udp=0.0/s, objs=0.0/s, last_udp=27.17s, meas=2, tracks=2, valid=0, master=2286
[LIVE] udp=0.0/s, objs=0.0/s, last_udp=28.17s, meas=2, tracks=2, valid=0, master=2286
[LIVE] udp=0.0/s, objs=0.0/s, last_udp=29.17s, meas=2, tracks=2, valid=0, master=2286
[LIVE] udp=0.0/s, objs=0.0/s, last_udp=30.17s, meas=2, tracks=2, valid=0, master=2286
[LIVE] udp=0.0/s, objs=0.0/s, last_udp=31.18s, meas=2, tracks=2, valid=0, master=2286
[LIVE] udp=0.0/s, objs=0.0/s, last_udp=32.18s, meas=2, tracks=2, valid=0, master=2286
[LIVE] udp=0.0/s, objs=0.0/s, last_udp=33.18s, meas=2, tracks=2, valid=0, master=2286
[LIVE] udp=0.0/s, objs=0.0/s, last_udp=34.18s, meas=2, tracks=2, valid=0, master=2286
[LIVE] udp=0.0/s, objs=0.0/s, last_udp=35.18s, meas=2, tracks=2, valid=0, master=2286
[GPS] GGA fix_quality=1, num_sats=27, hdop=0.6, lat=30.4081252945, lon=104.088641396
[LIVE] udp=0.0/s, objs=0.0/s, last_udp=36.18s, meas=2, tracks=2, valid=0, master=2286
[LIVE] udp=0.0/s, objs=0.0/s, last_udp=37.19s, meas=2, tracks=2, valid=0, master=2286
[LIVE] udp=0.0/s, objs=0.0/s, last_udp=38.19s, meas=2, tracks=2, valid=0, master=2286
[LIVE] udp=0.0/s, objs=0.0/s, last_udp=39.19s, meas=2, tracks=2, valid=0, master=2286
[LIVE] udp=0.0/s, objs=0.0/s, last_udp=40.20s, meas=2, tracks=2, valid=0, master=2286
[LIVE] udp=0.0/s, objs=0.0/s, last_udp=41.20s, meas=2, tracks=2, valid=0, master=2286
[LIVE] udp=0.0/s, objs=0.0/s, last_udp=42.20s, meas=2, tracks=2, valid=0, master=2286
[LIVE] udp=2.0/s, objs=2.0/s, last_udp=0.19s, meas=1, tracks=1, valid=0, master=2286
[LIVE] udp=0.0/s, objs=0.0/s, last_udp=1.20s, meas=1, tracks=1, valid=0, master=2286
[LIVE] udp=0.0/s, objs=0.0/s, last_udp=2.20s, meas=1, tracks=1, valid=0, master=2286
[GPS] GGA fix_quality=1, num_sats=27, hdop=0.6, lat=30.408126313, lon=104.0886434495
[LIVE] udp=0.0/s, objs=0.0/s, last_udp=3.20s, meas=1, tracks=1, valid=0, master=2286
[LIVE] udp=0.0/s, objs=0.0/s, last_udp=4.20s, meas=1, tracks=1, valid=0, master=2286
[LIVE] udp=0.0/s, objs=0.0/s, last_udp=5.21s, meas=1, tracks=1, valid=0, master=2286
[LIVE] udp=0.0/s, objs=0.0/s, last_udp=6.21s, meas=1, tracks=1, valid=0, master=2286
[LIVE] udp=0.0/s, objs=0.0/s, last_udp=7.21s, meas=1, tracks=1, valid=0, master=2286
[LIVE] udp=3.0/s, objs=5.0/s, last_udp=0.11s, meas=2, tracks=2, valid=1, master=2299
[LIVE] udp=0.0/s, objs=0.0/s, last_udp=1.11s, meas=1, tracks=2, valid=1, master=2299
[LIVE] udp=0.0/s, objs=0.0/s, last_udp=2.12s, meas=1, tracks=2, valid=1, master=2299
[LIVE] udp=2.0/s, objs=2.0/s, last_udp=0.45s, meas=1, tracks=2, valid=0, master=2299
[LIVE] udp=1.0/s, objs=1.0/s, last_udp=0.55s, meas=1, tracks=2, valid=1, master=2300
[GPS] GGA fix_quality=1, num_sats=27, hdop=0.6, lat=30.408127586166668, lon=104.088644652
[LIVE] udp=2.0/s, objs=2.0/s, last_udp=0.85s, meas=1, tracks=2, valid=1, master=2300
[LIVE] udp=0.0/s, objs=0.0/s, last_udp=1.86s, meas=1, tracks=2, valid=1, master=2300
[LIVE] udp=0.0/s, objs=0.0/s, last_udp=2.86s, meas=1, tracks=2, valid=1, master=2300
[LIVE] udp=0.0/s, objs=0.0/s, last_udp=3.86s, meas=1, tracks=2, valid=1, master=2300
[LIVE] udp=0.0/s, objs=0.0/s, last_udp=4.87s, meas=1, tracks=2, valid=1, master=2300
[LIVE] udp=0.0/s, objs=0.0/s, last_udp=5.87s, meas=1, tracks=2, valid=1, master=2300
[LIVE] udp=0.0/s, objs=0.0/s, last_udp=6.87s, meas=1, tracks=2, valid=1, master=2300
[LIVE] udp=0.0/s, objs=0.0/s, last_udp=7.87s, meas=1, tracks=2, valid=1, master=2300
[LIVE] udp=0.0/s, objs=0.0/s, last_udp=8.88s, meas=1, tracks=2, valid=1, master=2300
[LIVE] udp=0.0/s, objs=0.0/s, last_udp=9.88s, meas=1, tracks=2, valid=1, master=2300
[GPS] GGA fix_quality=1, num_sats=27, hdop=0.6, lat=30.4081267285, lon=104.08863775333333
[LIVE] udp=0.0/s, objs=0.0/s, last_udp=10.88s, meas=1, tracks=2, valid=1, master=2300
[LIVE] udp=0.0/s, objs=0.0/s, last_udp=11.88s, meas=1, tracks=2, valid=1, master=2300
[LIVE] udp=0.0/s, objs=0.0/s, last_udp=12.88s, meas=1, tracks=2, valid=1, master=2300
[LIVE] udp=0.0/s, objs=0.0/s, last_udp=13.89s, meas=1, tracks=2, valid=1, master=2300
[LIVE] udp=0.0/s, objs=0.0/s, last_udp=14.89s, meas=1, tracks=2, valid=1, master=2300
[LIVE] udp=0.0/s, objs=0.0/s, last_udp=15.90s, meas=1, tracks=2, valid=1, master=2300
[LIVE] udp=0.0/s, objs=0.0/s, last_udp=16.90s, meas=1, tracks=2, valid=1, master=2300
[LIVE] udp=0.0/s, objs=0.0/s, last_udp=17.91s, meas=1, tracks=2, valid=1, master=2300
[LIVE] udp=0.0/s, objs=0.0/s, last_udp=18.91s, meas=1, tracks=2, valid=1, master=2300
[LIVE] udp=0.0/s, objs=0.0/s, last_udp=19.92s, meas=1, tracks=2, valid=1, master=2300
[GPS] GGA fix_quality=1, num_sats=26, hdop=0.7, lat=30.408126070166666, lon=104.08864349483333
[LIVE] udp=0.0/s, objs=0.0/s, last_udp=20.92s, meas=1, tracks=2, valid=1, master=2300
[LIVE] udp=0.0/s, objs=0.0/s, last_udp=21.92s, meas=1, tracks=2, valid=1, master=2300
[LIVE] udp=0.0/s, objs=0.0/s, last_udp=22.92s, meas=1, tracks=2, valid=1, master=2300
[LIVE] udp=0.0/s, objs=0.0/s, last_udp=23.93s, meas=1, tracks=2, valid=1, master=2300
[LIVE] udp=0.0/s, objs=0.0/s, last_udp=24.93s, meas=1, tracks=2, valid=1, master=2300
[LIVE] udp=0.0/s, objs=0.0/s, last_udp=25.93s, meas=1, tracks=2, valid=1, master=2300
[LIVE] udp=0.0/s, objs=0.0/s, last_udp=26.93s, meas=1, tracks=2, valid=1, master=2300
[LIVE] udp=0.0/s, objs=0.0/s, last_udp=27.93s, meas=1, tracks=2, valid=1, master=2300
[LIVE] udp=0.0/s, objs=0.0/s, last_udp=28.94s, meas=1, tracks=2, valid=1, master=2300
[LIVE] udp=1.0/s, objs=1.0/s, last_udp=0.00s, meas=1, tracks=2, valid=1, master=2300
[GPS] GGA fix_quality=1, num_sats=26, hdop=0.7, lat=30.408126845833333, lon=104.0886397695
[LIVE] udp=0.0/s, objs=0.0/s, last_udp=1.00s, meas=1, tracks=1, valid=0, master=2300
[LIVE] udp=0.0/s, objs=0.0/s, last_udp=2.00s, meas=1, tracks=1, valid=0, master=2300
[LIVE] udp=0.0/s, objs=0.0/s, last_udp=3.01s, meas=1, tracks=1, valid=0, master=2300
[LIVE] udp=0.0/s, objs=0.0/s, last_udp=4.01s, meas=1, tracks=1, valid=0, master=2300
[LIVE] udp=0.0/s, objs=0.0/s, last_udp=5.02s, meas=1, tracks=1, valid=0, master=2300
[LIVE] udp=0.0/s, objs=0.0/s, last_udp=6.02s, meas=1, tracks=1, valid=0, master=2300
[LIVE] udp=0.0/s, objs=0.0/s, last_udp=7.02s, meas=1, tracks=1, valid=0, master=2300
[LIVE] udp=0.0/s, objs=0.0/s, last_udp=8.03s, meas=1, tracks=1, valid=0, master=2300
[LIVE] udp=0.0/s, objs=0.0/s, last_udp=9.03s, meas=1, tracks=1, valid=0, master=2300
[LIVE] udp=0.0/s, objs=0.0/s, last_udp=10.03s, meas=1, tracks=1, valid=0, master=2300
[GPS] GGA fix_quality=1, num_sats=25, hdop=0.7, lat=30.408125973, lon=104.08864079833333
[LIVE] udp=0.0/s, objs=0.0/s, last_udp=11.03s, meas=1, tracks=1, valid=0, master=2300
[LIVE] udp=0.0/s, objs=0.0/s, last_udp=12.04s, meas=1, tracks=1, valid=0, master=2300
[LIVE] udp=0.0/s, objs=0.0/s, last_udp=13.04s, meas=1, tracks=1, valid=0, master=2300
[LIVE] udp=0.0/s, objs=0.0/s, last_udp=14.05s, meas=1, tracks=1, valid=0, master=2300
[LIVE] udp=0.0/s, objs=0.0/s, last_udp=15.05s, meas=1, tracks=1, valid=0, master=2300
[Warning] 逻辑ID 1 没有配置偏差数据
[LIVE] udp=1.0/s, objs=1.0/s, last_udp=0.30s, meas=0, tracks=0, valid=0, master=2300
[LIVE] udp=0.0/s, objs=0.0/s, last_udp=1.30s, meas=0, tracks=0, valid=0, master=2300
[LIVE] udp=0.0/s, objs=0.0/s, last_udp=2.31s, meas=0, tracks=0, valid=0, master=2300
[LIVE] udp=0.0/s, objs=0.0/s, last_udp=3.31s, meas=0, tracks=0, valid=0, master=2300
[LIVE] udp=0.0/s, objs=0.0/s, last_udp=4.31s, meas=0, tracks=0, valid=0, master=2300
[GPS] GGA fix_quality=1, num_sats=26, hdop=0.7, lat=30.408124738333335, lon=104.08864048433334
[LIVE] udp=0.0/s, objs=0.0/s, last_udp=5.32s, meas=0, tracks=0, valid=0, master=2300
[LIVE] udp=0.0/s, objs=0.0/s, last_udp=6.32s, meas=0, tracks=0, valid=0, master=2300
[LIVE] udp=0.0/s, objs=0.0/s, last_udp=7.32s, meas=0, tracks=0, valid=0, master=2300
[LIVE] udp=0.0/s, objs=0.0/s, last_udp=8.32s, meas=0, tracks=0, valid=0, master=2300
[LIVE] udp=0.0/s, objs=0.0/s, last_udp=9.32s, meas=0, tracks=0, valid=0, master=2300
[LIVE] udp=0.0/s, objs=0.0/s, last_udp=10.32s, meas=0, tracks=0, valid=0, master=2300
[LIVE] udp=0.0/s, objs=0.0/s, last_udp=11.32s, meas=0, tracks=0, valid=0, master=2300
[LIVE] udp=0.0/s, objs=0.0/s, last_udp=12.33s, meas=0, tracks=0, valid=0, master=2300
[LIVE] udp=0.0/s, objs=0.0/s, last_udp=13.33s, meas=0, tracks=0, valid=0, master=2300
[LIVE] udp=0.0/s, objs=0.0/s, last_udp=14.33s, meas=0, tracks=0, valid=0, master=2300
[GPS] GGA fix_quality=1, num_sats=27, hdop=0.7, lat=30.408125360833335, lon=104.08864089116666
[LIVE] udp=0.0/s, objs=0.0/s, last_udp=15.34s, meas=0, tracks=0, valid=0, master=2300
[LIVE] udp=0.0/s, objs=0.0/s, last_udp=16.34s, meas=0, tracks=0, valid=0, master=2300
[LIVE] udp=0.0/s, objs=0.0/s, last_udp=17.34s, meas=0, tracks=0, valid=0, master=2300
[LIVE] udp=0.0/s, objs=0.0/s, last_udp=18.35s, meas=0, tracks=0, valid=0, master=2300
[LIVE] udp=0.0/s, objs=0.0/s, last_udp=19.35s, meas=0, tracks=0, valid=0, master=2300
[LIVE] udp=0.0/s, objs=0.0/s, last_udp=20.35s, meas=0, tracks=0, valid=0, master=2300
[LIVE] udp=0.0/s, objs=0.0/s, last_udp=21.35s, meas=0, tracks=0, valid=0, master=2300
[LIVE] udp=0.0/s, objs=0.0/s, last_udp=22.36s, meas=0, tracks=0, valid=0, master=2300
[LIVE] udp=1.0/s, objs=1.0/s, last_udp=0.20s, meas=1, tracks=1, valid=0, master=2300
[LIVE] udp=0.0/s, objs=0.0/s, last_udp=1.20s, meas=1, tracks=1, valid=0, master=2300
[GPS] GGA fix_quality=1, num_sats=26, hdop=0.7, lat=30.408122759166666, lon=104.08863565866666
[LIVE] udp=0.0/s, objs=0.0/s, last_udp=2.21s, meas=1, tracks=1, valid=0, master=2300
[LIVE] udp=0.0/s, objs=0.0/s, last_udp=3.21s, meas=1, tracks=1, valid=0, master=2300
[LIVE] udp=0.0/s, objs=0.0/s, last_udp=4.21s, meas=1, tracks=1, valid=0, master=2300
[LIVE] udp=2.0/s, objs=2.0/s, last_udp=0.64s, meas=1, tracks=1, valid=0, master=2300
[LIVE] udp=0.0/s, objs=0.0/s, last_udp=1.64s, meas=1, tracks=1, valid=0, master=2300
[LIVE] udp=0.0/s, objs=0.0/s, last_udp=2.64s, meas=1, tracks=1, valid=0, master=2300
[LIVE] udp=0.0/s, objs=0.0/s, last_udp=3.65s, meas=1, tracks=1, valid=0, master=2300
[LIVE] udp=0.0/s, objs=0.0/s, last_udp=4.65s, meas=1, tracks=1, valid=0, master=2300
[LIVE] udp=0.0/s, objs=0.0/s, last_udp=5.65s, meas=1, tracks=1, valid=0, master=2300
[LIVE] udp=0.0/s, objs=0.0/s, last_udp=6.66s, meas=1, tracks=1, valid=0, master=2300
[GPS] GGA fix_quality=1, num_sats=27, hdop=0.6, lat=30.408123956666667, lon=104.08863599133333
[LIVE] udp=0.0/s, objs=0.0/s, last_udp=7.66s, meas=1, tracks=1, valid=0, master=2300
[LIVE] udp=0.0/s, objs=0.0/s, last_udp=8.66s, meas=1, tracks=1, valid=0, master=2300
[LIVE] udp=0.0/s, objs=0.0/s, last_udp=9.67s, meas=1, tracks=1, valid=0, master=2300
[LIVE] udp=0.0/s, objs=0.0/s, last_udp=10.67s, meas=1, tracks=1, valid=0, master=2300
[LIVE] udp=0.0/s, objs=0.0/s, last_udp=11.67s, meas=1, tracks=1, valid=0, master=2300
[LIVE] udp=0.0/s, objs=0.0/s, last_udp=12.68s, meas=1, tracks=1, valid=0, master=2300
[LIVE] udp=0.0/s, objs=0.0/s, last_udp=13.68s, meas=1, tracks=1, valid=0, master=2300
[LIVE] udp=0.0/s, objs=0.0/s, last_udp=14.68s, meas=1, tracks=1, valid=0, master=2300
[LIVE] udp=0.0/s, objs=0.0/s, last_udp=15.68s, meas=1, tracks=1, valid=0, master=2300
[LIVE] udp=0.0/s, objs=0.0/s, last_udp=16.69s, meas=1, tracks=1, valid=0, master=2300
[GPS] GGA fix_quality=1, num_sats=27, hdop=0.7, lat=30.408124817, lon=104.08863689316667
[LIVE] udp=0.0/s, objs=0.0/s, last_udp=17.69s, meas=1, tracks=1, valid=0, master=2300
[LIVE] udp=0.0/s, objs=0.0/s, last_udp=18.69s, meas=1, tracks=1, valid=0, master=2300
[LIVE] udp=0.0/s, objs=0.0/s, last_udp=19.70s, meas=1, tracks=1, valid=0, master=2300
[LIVE] udp=0.0/s, objs=0.0/s, last_udp=20.70s, meas=1, tracks=1, valid=0, master=2300
[LIVE] udp=0.0/s, objs=0.0/s, last_udp=21.70s, meas=1, tracks=1, valid=0, master=2300
[LIVE] udp=0.0/s, objs=0.0/s, last_udp=22.71s, meas=1, tracks=1, valid=0, master=2300
[LIVE] udp=0.0/s, objs=0.0/s, last_udp=23.71s, meas=1, tracks=1, valid=0, master=2300
[LIVE] udp=0.0/s, objs=0.0/s, last_udp=24.71s, meas=1, tracks=1, valid=0, master=2300
[LIVE] udp=0.0/s, objs=0.0/s, last_udp=25.72s, meas=1, tracks=1, valid=0, master=2300
[LIVE] udp=0.0/s, objs=0.0/s, last_udp=26.72s, meas=1, tracks=1, valid=0, master=2300
[GPS] GGA fix_quality=1, num_sats=27, hdop=0.7, lat=30.408124428, lon=104.088637516
[LIVE] udp=0.0/s, objs=0.0/s, last_udp=27.72s, meas=1, tracks=1, valid=0, master=2300
[LIVE] udp=0.0/s, objs=0.0/s, last_udp=28.73s, meas=1, tracks=1, valid=0, master=2300
[LIVE] udp=0.0/s, objs=0.0/s, last_udp=29.73s, meas=1, tracks=1, valid=0, master=2300
[LIVE] udp=0.0/s, objs=0.0/s, last_udp=30.73s, meas=1, tracks=1, valid=0, master=2300
[LIVE] udp=0.0/s, objs=0.0/s, last_udp=31.73s, meas=1, tracks=1, valid=0, master=2300
[LIVE] udp=0.0/s, objs=0.0/s, last_udp=32.74s, meas=1, tracks=1, valid=0, master=2300
[LIVE] udp=0.0/s, objs=0.0/s, last_udp=33.74s, meas=1, tracks=1, valid=0, master=2300
[LIVE] udp=0.0/s, objs=0.0/s, last_udp=34.74s, meas=1, tracks=1, valid=0, master=2300
[LIVE] udp=0.0/s, objs=0.0/s, last_udp=35.75s, meas=1, tracks=1, valid=0, master=2300
[LIVE] udp=0.0/s, objs=0.0/s, last_udp=36.75s, meas=1, tracks=1, valid=0, master=2300
[GPS] GGA fix_quality=1, num_sats=27, hdop=0.7, lat=30.408120496333332, lon=104.088646092
[LIVE] udp=0.0/s, objs=0.0/s, last_udp=37.75s, meas=1, tracks=1, valid=0, master=2300
[LIVE] udp=0.0/s, objs=0.0/s, last_udp=38.76s, meas=1, tracks=1, valid=0, master=2300
[LIVE] udp=0.0/s, objs=0.0/s, last_udp=39.76s, meas=1, tracks=1, valid=0, master=2300
[LIVE] udp=0.0/s, objs=0.0/s, last_udp=40.76s, meas=1, tracks=1, valid=0, master=2300
[LIVE] udp=0.0/s, objs=0.0/s, last_udp=41.76s, meas=1, tracks=1, valid=0, master=2300
[LIVE] udp=0.0/s, objs=0.0/s, last_udp=42.77s, meas=1, tracks=1, valid=0, master=2300
[LIVE] udp=0.0/s, objs=0.0/s, last_udp=43.77s, meas=1, tracks=1, valid=0, master=2300
[LIVE] udp=0.0/s, objs=0.0/s, last_udp=44.77s, meas=1, tracks=1, valid=0, master=2300
[LIVE] udp=0.0/s, objs=0.0/s, last_udp=45.78s, meas=1, tracks=1, valid=0, master=2300
[LIVE] udp=0.0/s, objs=0.0/s, last_udp=46.78s, meas=1, tracks=1, valid=0, master=2300
[GPS] GGA fix_quality=1, num_sats=26, hdop=0.7, lat=30.408122226833335, lon=104.08864960833333
[LIVE] udp=0.0/s, objs=0.0/s, last_udp=47.78s, meas=1, tracks=1, valid=0, master=2300
[LIVE] udp=0.0/s, objs=0.0/s, last_udp=48.78s, meas=1, tracks=1, valid=0, master=2300
[LIVE] udp=0.0/s, objs=0.0/s, last_udp=49.79s, meas=1, tracks=1, valid=0, master=2300
[LIVE] udp=0.0/s, objs=0.0/s, last_udp=50.79s, meas=1, tracks=1, valid=0, master=2300
[LIVE] udp=1.0/s, objs=1.0/s, last_udp=0.29s, meas=1, tracks=1, valid=0, master=2300
[LIVE] udp=0.0/s, objs=0.0/s, last_udp=1.30s, meas=1, tracks=1, valid=0, master=2300
[LIVE] udp=0.0/s, objs=0.0/s, last_udp=2.30s, meas=1, tracks=1, valid=0, master=2300
[LIVE] udp=0.0/s, objs=0.0/s, last_udp=3.31s, meas=1, tracks=1, valid=0, master=2300
[Warning] 逻辑ID 1 没有配置偏差数据
[LIVE] udp=2.0/s, objs=2.0/s, last_udp=0.44s, meas=0, tracks=1, valid=0, master=2300
[GPS] GGA fix_quality=1, num_sats=27, hdop=0.7, lat=30.408122709, lon=104.08865009583333
[LIVE] udp=0.0/s, objs=0.0/s, last_udp=1.45s, meas=0, tracks=1, valid=0, master=2300
[LIVE] udp=0.0/s, objs=0.0/s, last_udp=2.46s, meas=0, tracks=1, valid=0, master=2300
[LIVE] udp=0.0/s, objs=0.0/s, last_udp=3.46s, meas=0, tracks=1, valid=0, master=2300
[LIVE] udp=0.0/s, objs=0.0/s, last_udp=4.46s, meas=0, tracks=1, valid=0, master=2300
[LIVE] udp=0.0/s, objs=0.0/s, last_udp=5.46s, meas=0, tracks=1, valid=0, master=2300
[LIVE] udp=0.0/s, objs=0.0/s, last_udp=6.46s, meas=0, tracks=1, valid=0, master=2300
[LIVE] udp=0.0/s, objs=0.0/s, last_udp=7.47s, meas=0, tracks=1, valid=0, master=2300
[LIVE] udp=0.0/s, objs=0.0/s, last_udp=8.47s, meas=0, tracks=1, valid=0, master=2300
[LIVE] udp=0.0/s, objs=0.0/s, last_udp=9.48s, meas=0, tracks=1, valid=0, master=2300
[LIVE] udp=0.0/s, objs=0.0/s, last_udp=10.48s, meas=0, tracks=1, valid=0, master=2300
[GPS] GGA fix_quality=1, num_sats=26, hdop=0.7, lat=30.408119731333333, lon=104.0886512905
[LIVE] udp=0.0/s, objs=0.0/s, last_udp=11.49s, meas=0, tracks=1, valid=0, master=2300
[LIVE] udp=0.0/s, objs=0.0/s, last_udp=12.49s, meas=0, tracks=1, valid=0, master=2300
[LIVE] udp=0.0/s, objs=0.0/s, last_udp=13.49s, meas=0, tracks=1, valid=0, master=2300
[LIVE] udp=0.0/s, objs=0.0/s, last_udp=14.50s, meas=0, tracks=1, valid=0, master=2300
[LIVE] udp=0.0/s, objs=0.0/s, last_udp=15.50s, meas=0, tracks=1, valid=0, master=2300
[LIVE] udp=0.0/s, objs=0.0/s, last_udp=16.50s, meas=0, tracks=1, valid=0, master=2300
[LIVE] udp=0.0/s, objs=0.0/s, last_udp=17.50s, meas=0, tracks=1, valid=0, master=2300
[LIVE] udp=0.0/s, objs=0.0/s, last_udp=18.50s, meas=0, tracks=1, valid=0, master=2300
[LIVE] udp=0.0/s, objs=0.0/s, last_udp=19.51s, meas=0, tracks=1, valid=0, master=2300
[LIVE] udp=0.0/s, objs=0.0/s, last_udp=20.51s, meas=0, tracks=1, valid=0, master=2300
[GPS] GGA fix_quality=1, num_sats=25, hdop=0.7, lat=30.408121974, lon=104.08864474483333
[LIVE] udp=0.0/s, objs=0.0/s, last_udp=21.52s, meas=0, tracks=1, valid=0, master=2300
[LIVE] udp=0.0/s, objs=0.0/s, last_udp=22.52s, meas=0, tracks=1, valid=0, master=2300
[LIVE] udp=0.0/s, objs=0.0/s, last_udp=23.52s, meas=0, tracks=1, valid=0, master=2300
[LIVE] udp=0.0/s, objs=0.0/s, last_udp=24.52s, meas=0, tracks=1, valid=0, master=2300
[LIVE] udp=0.0/s, objs=0.0/s, last_udp=25.53s, meas=0, tracks=1, valid=0, master=2300
[LIVE] udp=0.0/s, objs=0.0/s, last_udp=26.53s, meas=0, tracks=1, valid=0, master=2300
[LIVE] udp=0.0/s, objs=0.0/s, last_udp=27.53s, meas=0, tracks=1, valid=0, master=2300
[LIVE] udp=0.0/s, objs=0.0/s, last_udp=28.53s, meas=0, tracks=1, valid=0, master=2300
[LIVE] udp=0.0/s, objs=0.0/s, last_udp=29.53s, meas=0, tracks=1, valid=0, master=2300
[LIVE] udp=0.0/s, objs=0.0/s, last_udp=30.53s, meas=0, tracks=1, valid=0, master=2300
[GPS] GGA fix_quality=1, num_sats=26, hdop=0.7, lat=30.408122673833333, lon=104.08864620233334
[LIVE] udp=0.0/s, objs=0.0/s, last_udp=31.53s, meas=0, tracks=1, valid=0, master=2300
[LIVE] udp=0.0/s, objs=0.0/s, last_udp=32.54s, meas=0, tracks=1, valid=0, master=2300
[LIVE] udp=3.0/s, objs=3.0/s, last_udp=0.53s, meas=1, tracks=1, valid=0, master=2300
[LIVE] udp=0.0/s, objs=0.0/s, last_udp=1.53s, meas=1, tracks=1, valid=0, master=2300
[LIVE] udp=2.0/s, objs=2.0/s, last_udp=0.24s, meas=1, tracks=2, valid=0, master=2300
[LIVE] udp=2.0/s, objs=2.0/s, last_udp=0.28s, meas=1, tracks=2, valid=1, master=2305
[LIVE] udp=1.0/s, objs=1.0/s, last_udp=0.75s, meas=1, tracks=2, valid=1, master=2305
[LIVE] udp=0.0/s, objs=0.0/s, last_udp=1.75s, meas=1, tracks=2, valid=1, master=2305
[LIVE] udp=0.0/s, objs=0.0/s, last_udp=2.75s, meas=1, tracks=2, valid=1, master=2305
[LIVE] udp=0.0/s, objs=0.0/s, last_udp=3.76s, meas=1, tracks=2, valid=1, master=2305
[GPS] GGA fix_quality=1, num_sats=27, hdop=0.7, lat=30.408122571, lon=104.08864423583333
[LIVE] udp=0.0/s, objs=0.0/s, last_udp=4.76s, meas=1, tracks=2, valid=1, master=2305
[LIVE] udp=1.0/s, objs=1.0/s, last_udp=0.11s, meas=1, tracks=2, valid=1, master=2305
[LIVE] udp=2.0/s, objs=2.0/s, last_udp=0.09s, meas=1, tracks=2, valid=1, master=2305
[LIVE] udp=3.0/s, objs=3.0/s, last_udp=0.10s, meas=1, tracks=1, valid=1, master=2305
[LIVE] udp=2.0/s, objs=2.0/s, last_udp=0.44s, meas=1, tracks=1, valid=1, master=2305
[LIVE] udp=1.0/s, objs=1.0/s, last_udp=0.88s, meas=1, tracks=1, valid=1, master=2305
[LIVE] udp=2.0/s, objs=2.0/s, last_udp=0.37s, meas=1, tracks=1, valid=1, master=2305
[LIVE] udp=1.0/s, objs=1.0/s, last_udp=0.24s, meas=1, tracks=1, valid=1, master=2305
[LIVE] udp=3.0/s, objs=3.0/s, last_udp=0.32s, meas=1, tracks=1, valid=1, master=2305
[LIVE] udp=3.0/s, objs=3.0/s, last_udp=0.41s, meas=1, tracks=1, valid=1, master=2305
[GPS] GGA fix_quality=1, num_sats=26, hdop=0.7, lat=30.408122472166667, lon=104.08864127433333
[LIVE] udp=3.0/s, objs=3.0/s, last_udp=0.16s, meas=1, tracks=1, valid=1, master=2305
[LIVE] udp=6.0/s, objs=6.0/s, last_udp=0.14s, meas=1, tracks=1, valid=1, master=2305
[LIVE] udp=3.0/s, objs=3.0/s, last_udp=0.45s, meas=1, tracks=1, valid=1, master=2305
[LIVE] udp=5.0/s, objs=5.0/s, last_udp=0.02s, meas=1, tracks=1, valid=1, master=2305
[LIVE] udp=4.0/s, objs=4.0/s, last_udp=0.06s, meas=1, tracks=1, valid=1, master=2305
[LIVE] udp=3.0/s, objs=3.0/s, last_udp=0.23s, meas=1, tracks=1, valid=1, master=2305
[LIVE] udp=3.0/s, objs=3.0/s, last_udp=0.34s, meas=1, tracks=1, valid=1, master=2305
[LIVE] udp=5.0/s, objs=5.0/s, last_udp=0.03s, meas=1, tracks=1, valid=1, master=2305
[LIVE] udp=5.0/s, objs=5.0/s, last_udp=0.15s, meas=1, tracks=1, valid=1, master=2305
[LIVE] udp=3.0/s, objs=3.0/s, last_udp=0.14s, meas=1, tracks=1, valid=1, master=2305
[GPS] GGA fix_quality=1, num_sats=26, hdop=0.7, lat=30.408125777833334, lon=104.08864704433333
[LIVE] udp=4.0/s, objs=4.0/s, last_udp=0.20s, meas=1, tracks=1, valid=1, master=2305
[LIVE] udp=4.0/s, objs=4.0/s, last_udp=0.02s, meas=1, tracks=1, valid=1, master=2305
[LIVE] udp=4.0/s, objs=4.0/s, last_udp=0.19s, meas=1, tracks=1, valid=1, master=2305
[LIVE] udp=1.0/s, objs=1.0/s, last_udp=0.18s, meas=1, tracks=1, valid=1, master=2305
[LIVE] udp=1.0/s, objs=1.0/s, last_udp=0.93s, meas=1, tracks=1, valid=1, master=2305
[LIVE] udp=2.0/s, objs=2.0/s, last_udp=0.06s, meas=1, tracks=1, valid=1, master=2305
[LIVE] udp=1.0/s, objs=1.0/s, last_udp=0.05s, meas=1, tracks=1, valid=1, master=2305
[LIVE] udp=2.0/s, objs=2.0/s, last_udp=0.48s, meas=1, tracks=1, valid=1, master=2305
[LIVE] udp=0.0/s, objs=0.0/s, last_udp=1.49s, meas=1, tracks=1, valid=1, master=2305
[LIVE] udp=0.0/s, objs=0.0/s, last_udp=2.49s, meas=1, tracks=1, valid=1, master=2305
[GPS] GGA fix_quality=1, num_sats=27, hdop=0.7, lat=30.4081232625, lon=104.08864743466667
[LIVE] udp=0.0/s, objs=0.0/s, last_udp=3.49s, meas=1, tracks=1, valid=1, master=2305
[LIVE] udp=0.0/s, objs=0.0/s, last_udp=4.50s, meas=1, tracks=1, valid=1, master=2305
[LIVE] udp=0.0/s, objs=0.0/s, last_udp=5.50s, meas=1, tracks=1, valid=1, master=2305
[LIVE] udp=0.0/s, objs=0.0/s, last_udp=6.50s, meas=1, tracks=1, valid=1, master=2305
[LIVE] udp=0.0/s, objs=0.0/s, last_udp=7.50s, meas=1, tracks=1, valid=1, master=2305
[LIVE] udp=0.0/s, objs=0.0/s, last_udp=8.51s, meas=1, tracks=1, valid=1, master=2305
[LIVE] udp=0.0/s, objs=0.0/s, last_udp=9.51s, meas=1, tracks=1, valid=1, master=2305
[LIVE] udp=0.0/s, objs=0.0/s, last_udp=10.52s, meas=1, tracks=1, valid=1, master=2305
[LIVE] udp=0.0/s, objs=0.0/s, last_udp=11.52s, meas=1, tracks=1, valid=1, master=2305
[LIVE] udp=0.0/s, objs=0.0/s, last_udp=12.52s, meas=1, tracks=1, valid=1, master=2305
[GPS] GGA fix_quality=1, num_sats=24, hdop=0.8, lat=30.408120986, lon=104.088649963
[LIVE] udp=0.0/s, objs=0.0/s, last_udp=13.52s, meas=1, tracks=1, valid=1, master=2305
[LIVE] udp=0.0/s, objs=0.0/s, last_udp=14.52s, meas=1, tracks=1, valid=1, master=2305
[LIVE] udp=0.0/s, objs=0.0/s, last_udp=15.52s, meas=1, tracks=1, valid=1, master=2305
[LIVE] udp=0.0/s, objs=0.0/s, last_udp=16.53s, meas=1, tracks=1, valid=1, master=2305
[LIVE] udp=0.0/s, objs=0.0/s, last_udp=17.53s, meas=1, tracks=1, valid=1, master=2305
[LIVE] udp=0.0/s, objs=0.0/s, last_udp=18.53s, meas=1, tracks=1, valid=1, master=2305
[LIVE] udp=0.0/s, objs=0.0/s, last_udp=19.54s, meas=1, tracks=1, valid=1, master=2305
[LIVE] udp=0.0/s, objs=0.0/s, last_udp=20.54s, meas=1, tracks=1, valid=1, master=2305
[LIVE] udp=0.0/s, objs=0.0/s, last_udp=21.54s, meas=1, tracks=1, valid=1, master=2305
[LIVE] udp=0.0/s, objs=0.0/s, last_udp=22.54s, meas=1, tracks=1, valid=1, master=2305
[GPS] GGA fix_quality=1, num_sats=27, hdop=0.7, lat=30.408121492666666, lon=104.08865728916666
[LIVE] udp=0.0/s, objs=0.0/s, last_udp=23.55s, meas=1, tracks=1, valid=1, master=2305
[LIVE] udp=0.0/s, objs=0.0/s, last_udp=24.55s, meas=1, tracks=1, valid=1, master=2305
[LIVE] udp=0.0/s, objs=0.0/s, last_udp=25.56s, meas=1, tracks=1, valid=1, master=2305
[LIVE] udp=0.0/s, objs=0.0/s, last_udp=26.56s, meas=1, tracks=1, valid=1, master=2305
[LIVE] udp=0.0/s, objs=0.0/s, last_udp=27.56s, meas=1, tracks=1, valid=1, master=2305
[LIVE] udp=0.0/s, objs=0.0/s, last_udp=28.56s, meas=1, tracks=1, valid=1, master=2305
[LIVE] udp=0.0/s, objs=0.0/s, last_udp=29.56s, meas=1, tracks=1, valid=1, master=2305
[LIVE] udp=0.0/s, objs=0.0/s, last_udp=30.57s, meas=1, tracks=1, valid=1, master=2305
[LIVE] udp=0.0/s, objs=0.0/s, last_udp=31.57s, meas=1, tracks=1, valid=1, master=2305
[LIVE] udp=0.0/s, objs=0.0/s, last_udp=32.57s, meas=1, tracks=1, valid=1, master=2305
[GPS] GGA fix_quality=1, num_sats=27, hdop=0.7, lat=30.408119009666667, lon=104.08865489033333
[LIVE] udp=0.0/s, objs=0.0/s, last_udp=33.57s, meas=1, tracks=1, valid=1, master=2305
[LIVE] udp=0.0/s, objs=0.0/s, last_udp=34.58s, meas=1, tracks=1, valid=1, master=2305
[LIVE] udp=0.0/s, objs=0.0/s, last_udp=35.58s, meas=1, tracks=1, valid=1, master=2305
[LIVE] udp=0.0/s, objs=0.0/s, last_udp=36.58s, meas=1, tracks=1, valid=1, master=2305
[LIVE] udp=0.0/s, objs=0.0/s, last_udp=37.59s, meas=1, tracks=1, valid=1, master=2305
[LIVE] udp=0.0/s, objs=0.0/s, last_udp=38.59s, meas=1, tracks=1, valid=1, master=2305
[LIVE] udp=0.0/s, objs=0.0/s, last_udp=39.59s, meas=1, tracks=1, valid=1, master=2305
[LIVE] udp=0.0/s, objs=0.0/s, last_udp=40.59s, meas=1, tracks=1, valid=1, master=2305
[LIVE] udp=0.0/s, objs=0.0/s, last_udp=41.59s, meas=1, tracks=1, valid=1, master=2305
[LIVE] udp=0.0/s, objs=0.0/s, last_udp=42.60s, meas=1, tracks=1, valid=1, master=2305
[GPS] GGA fix_quality=1, num_sats=27, hdop=0.7, lat=30.408117463666667, lon=104.08865294866666
[LIVE] udp=0.0/s, objs=0.0/s, last_udp=43.60s, meas=1, tracks=1, valid=1, master=2305
[LIVE] udp=1.0/s, objs=1.0/s, last_udp=0.22s, meas=1, tracks=1, valid=0, master=2305
[LIVE] udp=0.0/s, objs=0.0/s, last_udp=1.22s, meas=1, tracks=1, valid=0, master=2305
[LIVE] udp=0.0/s, objs=0.0/s, last_udp=2.22s, meas=1, tracks=1, valid=0, master=2305
[LIVE] udp=0.0/s, objs=0.0/s, last_udp=3.23s, meas=1, tracks=1, valid=0, master=2305
[LIVE] udp=1.0/s, objs=1.0/s, last_udp=0.37s, meas=1, tracks=1, valid=0, master=2305
[LIVE] udp=0.0/s, objs=0.0/s, last_udp=1.38s, meas=1, tracks=1, valid=0, master=2305
[LIVE] udp=0.0/s, objs=0.0/s, last_udp=2.38s, meas=1, tracks=1, valid=0, master=2305
[LIVE] udp=0.0/s, objs=0.0/s, last_udp=3.38s, meas=1, tracks=1, valid=0, master=2305
[LIVE] udp=0.0/s, objs=0.0/s, last_udp=4.38s, meas=1, tracks=1, valid=0, master=2305
[GPS] GGA fix_quality=1, num_sats=26, hdop=0.7, lat=30.408118326833332, lon=104.08864906733334
[LIVE] udp=0.0/s, objs=0.0/s, last_udp=5.39s, meas=1, tracks=1, valid=0, master=2305
[LIVE] udp=0.0/s, objs=0.0/s, last_udp=6.39s, meas=1, tracks=1, valid=0, master=2305
[LIVE] udp=0.0/s, objs=0.0/s, last_udp=7.39s, meas=1, tracks=1, valid=0, master=2305
[LIVE] udp=1.0/s, objs=1.0/s, last_udp=0.92s, meas=1, tracks=1, valid=1, master=2306
[LIVE] udp=0.0/s, objs=0.0/s, last_udp=1.92s, meas=1, tracks=1, valid=1, master=2306
[LIVE] udp=0.0/s, objs=0.0/s, last_udp=2.92s, meas=1, tracks=1, valid=1, master=2306
[LIVE] udp=1.0/s, objs=1.0/s, last_udp=0.44s, meas=0, tracks=1, valid=0, master=2306
[LIVE] udp=0.0/s, objs=0.0/s, last_udp=1.44s, meas=0, tracks=1, valid=0, master=2306
[LIVE] udp=0.0/s, objs=0.0/s, last_udp=2.44s, meas=0, tracks=1, valid=0, master=2306
[LIVE] udp=0.0/s, objs=0.0/s, last_udp=3.45s, meas=0, tracks=1, valid=0, master=2306
[GPS] GGA fix_quality=1, num_sats=27, hdop=0.7, lat=30.40811694, lon=104.08864518533333
[LIVE] udp=0.0/s, objs=0.0/s, last_udp=4.45s, meas=0, tracks=1, valid=0, master=2306
[LIVE] udp=0.0/s, objs=0.0/s, last_udp=5.45s, meas=0, tracks=1, valid=0, master=2306
[LIVE] udp=0.0/s, objs=0.0/s, last_udp=6.46s, meas=0, tracks=1, valid=0, master=2306
[LIVE] udp=0.0/s, objs=0.0/s, last_udp=7.46s, meas=0, tracks=1, valid=0, master=2306
[LIVE] udp=0.0/s, objs=0.0/s, last_udp=8.46s, meas=0, tracks=1, valid=0, master=2306
[LIVE] udp=0.0/s, objs=0.0/s, last_udp=9.47s, meas=0, tracks=1, valid=0, master=2306
[LIVE] udp=0.0/s, objs=0.0/s, last_udp=10.47s, meas=0, tracks=1, valid=0, master=2306
[LIVE] udp=0.0/s, objs=0.0/s, last_udp=11.47s, meas=0, tracks=1, valid=0, master=2306
[LIVE] udp=0.0/s, objs=0.0/s, last_udp=12.48s, meas=0, tracks=1, valid=0, master=2306
[LIVE] udp=0.0/s, objs=0.0/s, last_udp=13.48s, meas=0, tracks=1, valid=0, master=2306
[GPS] GGA fix_quality=1, num_sats=27, hdop=0.7, lat=30.4081167835, lon=104.088642588
[LIVE] udp=0.0/s, objs=0.0/s, last_udp=14.48s, meas=0, tracks=1, valid=0, master=2306
[LIVE] udp=0.0/s, objs=0.0/s, last_udp=15.48s, meas=0, tracks=1, valid=0, master=2306
[LIVE] udp=0.0/s, objs=0.0/s, last_udp=16.48s, meas=0, tracks=1, valid=0, master=2306
[LIVE] udp=0.0/s, objs=0.0/s, last_udp=17.49s, meas=0, tracks=1, valid=0, master=2306
[LIVE] udp=0.0/s, objs=0.0/s, last_udp=18.49s, meas=0, tracks=1, valid=0, master=2306
[LIVE] udp=0.0/s, objs=0.0/s, last_udp=19.49s, meas=0, tracks=1, valid=0, master=2306
[LIVE] udp=0.0/s, objs=0.0/s, last_udp=20.50s, meas=0, tracks=1, valid=0, master=2306
[LIVE] udp=0.0/s, objs=0.0/s, last_udp=21.50s, meas=0, tracks=1, valid=0, master=2306
[LIVE] udp=0.0/s, objs=0.0/s, last_udp=22.51s, meas=0, tracks=1, valid=0, master=2306
[LIVE] udp=0.0/s, objs=0.0/s, last_udp=23.51s, meas=0, tracks=1, valid=0, master=2306
[GPS] GGA fix_quality=1, num_sats=27, hdop=0.7, lat=30.408120175166665, lon=104.0886507025
[LIVE] udp=0.0/s, objs=0.0/s, last_udp=24.51s, meas=0, tracks=1, valid=0, master=2306
[LIVE] udp=0.0/s, objs=0.0/s, last_udp=25.51s, meas=0, tracks=1, valid=0, master=2306
[LIVE] udp=0.0/s, objs=0.0/s, last_udp=26.51s, meas=0, tracks=1, valid=0, master=2306
[LIVE] udp=0.0/s, objs=0.0/s, last_udp=27.51s, meas=0, tracks=1, valid=0, master=2306
[LIVE] udp=0.0/s, objs=0.0/s, last_udp=28.52s, meas=0, tracks=1, valid=0, master=2306
[LIVE] udp=0.0/s, objs=0.0/s, last_udp=29.52s, meas=0, tracks=1, valid=0, master=2306
[LIVE] udp=0.0/s, objs=0.0/s, last_udp=30.52s, meas=0, tracks=1, valid=0, master=2306
[LIVE] udp=0.0/s, objs=0.0/s, last_udp=31.52s, meas=0, tracks=1, valid=0, master=2306
[LIVE] udp=0.0/s, objs=0.0/s, last_udp=32.53s, meas=0, tracks=1, valid=0, master=2306
[LIVE] udp=0.0/s, objs=0.0/s, last_udp=33.53s, meas=0, tracks=1, valid=0, master=2306
[GPS] GGA fix_quality=1, num_sats=27, hdop=0.7, lat=30.408122307333333, lon=104.0886568705
[LIVE] udp=0.0/s, objs=0.0/s, last_udp=34.53s, meas=0, tracks=1, valid=0, master=2306
[LIVE] udp=0.0/s, objs=0.0/s, last_udp=35.54s, meas=0, tracks=1, valid=0, master=2306
[LIVE] udp=0.0/s, objs=0.0/s, last_udp=36.54s, meas=0, tracks=1, valid=0, master=2306
[LIVE] udp=0.0/s, objs=0.0/s, last_udp=37.54s, meas=0, tracks=1, valid=0, master=2306
[LIVE] udp=0.0/s, objs=0.0/s, last_udp=38.55s, meas=0, tracks=1, valid=0, master=2306
[LIVE] udp=0.0/s, objs=0.0/s, last_udp=39.55s, meas=0, tracks=1, valid=0, master=2306
[LIVE] udp=0.0/s, objs=0.0/s, last_udp=40.55s, meas=0, tracks=1, valid=0, master=2306
[LIVE] udp=0.0/s, objs=0.0/s, last_udp=41.55s, meas=0, tracks=1, valid=0, master=2306
[LIVE] udp=0.0/s, objs=0.0/s, last_udp=42.55s, meas=0, tracks=1, valid=0, master=2306
[LIVE] udp=0.0/s, objs=0.0/s, last_udp=43.56s, meas=0, tracks=1, valid=0, master=2306
[GPS] GGA fix_quality=1, num_sats=27, hdop=0.7, lat=30.408123773, lon=104.08866167033334
[LIVE] udp=0.0/s, objs=0.0/s, last_udp=44.56s, meas=0, tracks=1, valid=0, master=2306
[Warning] 逻辑ID 1 没有配置偏差数据
[LIVE] udp=1.0/s, objs=1.0/s, last_udp=0.81s, meas=0, tracks=0, valid=0, master=2306
[LIVE] udp=0.0/s, objs=0.0/s, last_udp=1.81s, meas=0, tracks=0, valid=0, master=2306
[LIVE] udp=0.0/s, objs=0.0/s, last_udp=2.81s, meas=0, tracks=0, valid=0, master=2306
[LIVE] udp=0.0/s, objs=0.0/s, last_udp=3.82s, meas=0, tracks=0, valid=0, master=2306
[LIVE] udp=0.0/s, objs=0.0/s, last_udp=4.82s, meas=0, tracks=0, valid=0, master=2306
[LIVE] udp=0.0/s, objs=0.0/s, last_udp=5.82s, meas=0, tracks=0, valid=0, master=2306
[LIVE] udp=0.0/s, objs=0.0/s, last_udp=6.83s, meas=0, tracks=0, valid=0, master=2306
[LIVE] udp=0.0/s, objs=0.0/s, last_udp=7.83s, meas=0, tracks=0, valid=0, master=2306
[LIVE] udp=0.0/s, objs=0.0/s, last_udp=8.83s, meas=0, tracks=0, valid=0, master=2306
[GPS] GGA fix_quality=1, num_sats=27, hdop=0.7, lat=30.408125331833332, lon=104.08865516916667
[LIVE] udp=0.0/s, objs=0.0/s, last_udp=9.84s, meas=0, tracks=0, valid=0, master=2306
[LIVE] udp=0.0/s, objs=0.0/s, last_udp=10.84s, meas=0, tracks=0, valid=0, master=2306
[LIVE] udp=0.0/s, objs=0.0/s, last_udp=11.84s, meas=0, tracks=0, valid=0, master=2306
[LIVE] udp=0.0/s, objs=0.0/s, last_udp=12.84s, meas=0, tracks=0, valid=0, master=2306
[LIVE] udp=0.0/s, objs=0.0/s, last_udp=13.85s, meas=0, tracks=0, valid=0, master=2306
[LIVE] udp=0.0/s, objs=0.0/s, last_udp=14.85s, meas=0, tracks=0, valid=0, master=2306
[LIVE] udp=0.0/s, objs=0.0/s, last_udp=15.85s, meas=0, tracks=0, valid=0, master=2306
[LIVE] udp=0.0/s, objs=0.0/s, last_udp=16.85s, meas=0, tracks=0, valid=0, master=2306
[LIVE] udp=0.0/s, objs=0.0/s, last_udp=17.86s, meas=0, tracks=0, valid=0, master=2306
[LIVE] udp=0.0/s, objs=0.0/s, last_udp=18.86s, meas=0, tracks=0, valid=0, master=2306
[GPS] GGA fix_quality=1, num_sats=27, hdop=0.6, lat=30.408124780833333, lon=104.0886487595
[LIVE] udp=0.0/s, objs=0.0/s, last_udp=19.86s, meas=0, tracks=0, valid=0, master=2306
[LIVE] udp=0.0/s, objs=0.0/s, last_udp=20.86s, meas=0, tracks=0, valid=0, master=2306
[LIVE] udp=0.0/s, objs=0.0/s, last_udp=21.86s, meas=0, tracks=0, valid=0, master=2306
[LIVE] udp=0.0/s, objs=0.0/s, last_udp=22.87s, meas=0, tracks=0, valid=0, master=2306
[LIVE] udp=0.0/s, objs=0.0/s, last_udp=23.87s, meas=0, tracks=0, valid=0, master=2306
[LIVE] udp=0.0/s, objs=0.0/s, last_udp=24.87s, meas=0, tracks=0, valid=0, master=2306
[LIVE] udp=0.0/s, objs=0.0/s, last_udp=25.88s, meas=0, tracks=0, valid=0, master=2306
[LIVE] udp=0.0/s, objs=0.0/s, last_udp=26.88s, meas=0, tracks=0, valid=0, master=2306
[LIVE] udp=0.0/s, objs=0.0/s, last_udp=27.88s, meas=0, tracks=0, valid=0, master=2306
[LIVE] udp=0.0/s, objs=0.0/s, last_udp=28.88s, meas=0, tracks=0, valid=0, master=2306
[GPS] GGA fix_quality=1, num_sats=27, hdop=0.7, lat=30.408122598833334, lon=104.08865409366666
[LIVE] udp=0.0/s, objs=0.0/s, last_udp=29.88s, meas=0, tracks=0, valid=0, master=2306
[LIVE] udp=0.0/s, objs=0.0/s, last_udp=30.89s, meas=0, tracks=0, valid=0, master=2306
[LIVE] udp=0.0/s, objs=0.0/s, last_udp=31.89s, meas=0, tracks=0, valid=0, master=2306
[LIVE] udp=0.0/s, objs=0.0/s, last_udp=32.89s, meas=0, tracks=0, valid=0, master=2306
[LIVE] udp=0.0/s, objs=0.0/s, last_udp=33.90s, meas=0, tracks=0, valid=0, master=2306
[LIVE] udp=0.0/s, objs=0.0/s, last_udp=34.90s, meas=0, tracks=0, valid=0, master=2306
[LIVE] udp=0.0/s, objs=0.0/s, last_udp=35.90s, meas=0, tracks=0, valid=0, master=2306
[LIVE] udp=0.0/s, objs=0.0/s, last_udp=36.90s, meas=0, tracks=0, valid=0, master=2306
[LIVE] udp=3.0/s, objs=3.0/s, last_udp=0.06s, meas=1, tracks=1, valid=0, master=2306
[LIVE] udp=4.0/s, objs=4.0/s, last_udp=0.08s, meas=1, tracks=1, valid=1, master=2307
[GPS] GGA fix_quality=1, num_sats=28, hdop=0.7, lat=30.408118582666667, lon=104.088658016
[LIVE] udp=3.0/s, objs=3.0/s, last_udp=0.34s, meas=1, tracks=1, valid=1, master=2307
[LIVE] udp=4.0/s, objs=4.0/s, last_udp=0.13s, meas=1, tracks=1, valid=1, master=2307
[LIVE] udp=6.0/s, objs=6.0/s, last_udp=0.09s, meas=1, tracks=1, valid=1, master=2307
[LIVE] udp=5.0/s, objs=5.0/s, last_udp=0.03s, meas=1, tracks=1, valid=1, master=2307
[LIVE] udp=3.0/s, objs=3.0/s, last_udp=0.30s, meas=1, tracks=1, valid=1, master=2307
[LIVE] udp=0.0/s, objs=0.0/s, last_udp=1.30s, meas=1, tracks=1, valid=1, master=2307
[LIVE] udp=1.0/s, objs=1.0/s, last_udp=0.36s, meas=1, tracks=1, valid=1, master=2307
[LIVE] udp=0.0/s, objs=0.0/s, last_udp=1.36s, meas=1, tracks=1, valid=1, master=2307
[LIVE] udp=0.0/s, objs=0.0/s, last_udp=2.36s, meas=1, tracks=1, valid=1, master=2307
[LIVE] udp=0.0/s, objs=0.0/s, last_udp=3.36s, meas=1, tracks=1, valid=1, master=2307
[GPS] GGA fix_quality=1, num_sats=26, hdop=0.7, lat=30.408118871, lon=104.08865919616666
[LIVE] udp=0.0/s, objs=0.0/s, last_udp=4.36s, meas=1, tracks=1, valid=1, master=2307
[LIVE] udp=2.0/s, objs=2.0/s, last_udp=0.29s, meas=1, tracks=1, valid=1, master=2307
[LIVE] udp=5.0/s, objs=5.0/s, last_udp=0.08s, meas=1, tracks=1, valid=1, master=2307
[LIVE] udp=4.0/s, objs=4.0/s, last_udp=0.05s, meas=1, tracks=1, valid=1, master=2307
[LIVE] udp=3.0/s, objs=3.0/s, last_udp=0.34s, meas=1, tracks=1, valid=1, master=2307
[LIVE] udp=1.0/s, objs=1.0/s, last_udp=0.10s, meas=1, tracks=1, valid=1, master=2307
[LIVE] udp=3.0/s, objs=3.0/s, last_udp=0.58s, meas=1, tracks=1, valid=1, master=2307
[LIVE] udp=5.0/s, objs=5.0/s, last_udp=0.12s, meas=1, tracks=1, valid=1, master=2307
[LIVE] udp=5.0/s, objs=5.0/s, last_udp=0.09s, meas=1, tracks=1, valid=1, master=2307
[LIVE] udp=8.0/s, objs=8.0/s, last_udp=0.02s, meas=1, tracks=1, valid=1, master=2307
[GPS] GGA fix_quality=1, num_sats=25, hdop=0.8, lat=30.40812277, lon=104.08866023933334
[LIVE] udp=4.0/s, objs=4.0/s, last_udp=0.32s, meas=1, tracks=1, valid=1, master=2307
[LIVE] udp=5.0/s, objs=5.0/s, last_udp=0.04s, meas=1, tracks=1, valid=1, master=2307
[LIVE] udp=5.0/s, objs=5.0/s, last_udp=0.06s, meas=1, tracks=1, valid=1, master=2307
[LIVE] udp=5.0/s, objs=5.0/s, last_udp=0.01s, meas=1, tracks=1, valid=1, master=2307
[LIVE] udp=5.0/s, objs=5.0/s, last_udp=0.02s, meas=1, tracks=1, valid=1, master=2307
[LIVE] udp=5.0/s, objs=6.0/s, last_udp=0.12s, meas=3, tracks=3, valid=1, master=2307
[LIVE] udp=3.0/s, objs=4.0/s, last_udp=0.45s, meas=3, tracks=3, valid=1, master=2307
[LIVE] udp=0.0/s, objs=0.0/s, last_udp=1.45s, meas=3, tracks=3, valid=1, master=2307
[LIVE] udp=0.0/s, objs=0.0/s, last_udp=2.45s, meas=3, tracks=3, valid=1, master=2307
[LIVE] udp=0.0/s, objs=0.0/s, last_udp=3.45s, meas=3, tracks=3, valid=1, master=2307
[GPS] GGA fix_quality=1, num_sats=27, hdop=0.7, lat=30.408120996, lon=104.08866490716666
[LIVE] udp=0.0/s, objs=0.0/s, last_udp=4.45s, meas=3, tracks=3, valid=1, master=2307
[LIVE] udp=0.0/s, objs=0.0/s, last_udp=5.46s, meas=3, tracks=3, valid=1, master=2307
[LIVE] udp=0.0/s, objs=0.0/s, last_udp=6.46s, meas=3, tracks=3, valid=1, master=2307
[LIVE] udp=0.0/s, objs=0.0/s, last_udp=7.47s, meas=3, tracks=3, valid=1, master=2307
[LIVE] udp=0.0/s, objs=0.0/s, last_udp=8.47s, meas=3, tracks=3, valid=1, master=2307
[LIVE] udp=1.0/s, objs=1.0/s, last_udp=0.89s, meas=1, tracks=3, valid=1, master=2307
[LIVE] udp=0.0/s, objs=0.0/s, last_udp=1.89s, meas=1, tracks=3, valid=1, master=2307
[LIVE] udp=0.0/s, objs=0.0/s, last_udp=2.90s, meas=1, tracks=3, valid=1, master=2307
[LIVE] udp=2.0/s, objs=2.0/s, last_udp=0.21s, meas=1, tracks=2, valid=0, master=2307
[LIVE] udp=2.0/s, objs=2.0/s, last_udp=0.51s, meas=1, tracks=2, valid=1, master=2310
[GPS] GGA fix_quality=1, num_sats=28, hdop=0.7, lat=30.40811877433333, lon=104.08867169833333
[LIVE] udp=0.0/s, objs=0.0/s, last_udp=1.51s, meas=1, tracks=2, valid=1, master=2310
[LIVE] udp=0.0/s, objs=0.0/s, last_udp=2.52s, meas=1, tracks=2, valid=1, master=2310
[LIVE] udp=0.0/s, objs=0.0/s, last_udp=3.52s, meas=1, tracks=2, valid=1, master=2310
[LIVE] udp=3.0/s, objs=3.0/s, last_udp=0.13s, meas=2, tracks=2, valid=2, master=2310
[LIVE] udp=1.0/s, objs=1.0/s, last_udp=0.80s, meas=1, tracks=2, valid=1, master=2310
[LIVE] udp=0.0/s, objs=0.0/s, last_udp=1.81s, meas=1, tracks=2, valid=1, master=2310
[LIVE] udp=0.0/s, objs=0.0/s, last_udp=2.81s, meas=1, tracks=2, valid=1, master=2310
[LIVE] udp=0.0/s, objs=0.0/s, last_udp=3.81s, meas=1, tracks=2, valid=1, master=2310
[LIVE] udp=0.0/s, objs=0.0/s, last_udp=4.81s, meas=1, tracks=2, valid=1, master=2310
[LIVE] udp=0.0/s, objs=0.0/s, last_udp=5.81s, meas=1, tracks=2, valid=1, master=2310
[GPS] GGA fix_quality=1, num_sats=27, hdop=0.7, lat=30.408117127666667, lon=104.08867358383333
[LIVE] udp=0.0/s, objs=0.0/s, last_udp=6.81s, meas=1, tracks=2, valid=1, master=2310
[LIVE] udp=0.0/s, objs=0.0/s, last_udp=7.82s, meas=1, tracks=2, valid=1, master=2310
[LIVE] udp=0.0/s, objs=0.0/s, last_udp=8.82s, meas=1, tracks=2, valid=1, master=2310
[LIVE] udp=0.0/s, objs=0.0/s, last_udp=9.82s, meas=1, tracks=2, valid=1, master=2310
[LIVE] udp=0.0/s, objs=0.0/s, last_udp=10.82s, meas=1, tracks=2, valid=1, master=2310
[LIVE] udp=0.0/s, objs=0.0/s, last_udp=11.83s, meas=1, tracks=2, valid=1, master=2310
[LIVE] udp=0.0/s, objs=0.0/s, last_udp=12.83s, meas=1, tracks=2, valid=1, master=2310
[LIVE] udp=0.0/s, objs=0.0/s, last_udp=13.83s, meas=1, tracks=2, valid=1, master=2310
[LIVE] udp=0.0/s, objs=0.0/s, last_udp=14.83s, meas=1, tracks=2, valid=1, master=2310
[LIVE] udp=0.0/s, objs=0.0/s, last_udp=15.84s, meas=1, tracks=2, valid=1, master=2310
[GPS] GGA fix_quality=1, num_sats=27, hdop=0.7, lat=30.408116964333335, lon=104.08866987166667
[LIVE] udp=0.0/s, objs=0.0/s, last_udp=16.84s, meas=1, tracks=2, valid=1, master=2310
[LIVE] udp=0.0/s, objs=0.0/s, last_udp=17.84s, meas=1, tracks=2, valid=1, master=2310
[LIVE] udp=0.0/s, objs=0.0/s, last_udp=18.84s, meas=1, tracks=2, valid=1, master=2310
[LIVE] udp=0.0/s, objs=0.0/s, last_udp=19.85s, meas=1, tracks=2, valid=1, master=2310
[LIVE] udp=0.0/s, objs=0.0/s, last_udp=20.85s, meas=1, tracks=2, valid=1, master=2310
[LIVE] udp=0.0/s, objs=0.0/s, last_udp=21.85s, meas=1, tracks=2, valid=1, master=2310
[LIVE] udp=0.0/s, objs=0.0/s, last_udp=22.86s, meas=1, tracks=2, valid=1, master=2310
[LIVE] udp=0.0/s, objs=0.0/s, last_udp=23.86s, meas=1, tracks=2, valid=1, master=2310
[LIVE] udp=0.0/s, objs=0.0/s, last_udp=24.86s, meas=1, tracks=2, valid=1, master=2310
[LIVE] udp=0.0/s, objs=0.0/s, last_udp=25.87s, meas=1, tracks=2, valid=1, master=2310
[GPS] GGA fix_quality=1, num_sats=26, hdop=0.7, lat=30.408113777, lon=104.08867797033334
[LIVE] udp=0.0/s, objs=0.0/s, last_udp=26.87s, meas=1, tracks=2, valid=1, master=2310
[LIVE] udp=3.0/s, objs=3.0/s, last_udp=0.32s, meas=1, tracks=1, valid=1, master=2311
[LIVE] udp=2.0/s, objs=2.0/s, last_udp=0.41s, meas=1, tracks=1, valid=1, master=2311
[LIVE] udp=0.0/s, objs=0.0/s, last_udp=1.42s, meas=1, tracks=1, valid=1, master=2311
[LIVE] udp=6.0/s, objs=6.0/s, last_udp=0.17s, meas=1, tracks=2, valid=1, master=2311
[LIVE] udp=2.0/s, objs=2.0/s, last_udp=0.86s, meas=1, tracks=2, valid=1, master=2311
[LIVE] udp=0.0/s, objs=0.0/s, last_udp=1.86s, meas=1, tracks=2, valid=1, master=2311
[LIVE] udp=6.0/s, objs=9.0/s, last_udp=0.05s, meas=1, tracks=5, valid=1, master=2311
[LIVE] udp=0.0/s, objs=0.0/s, last_udp=1.05s, meas=1, tracks=5, valid=1, master=2311
[LIVE] udp=1.0/s, objs=1.0/s, last_udp=0.51s, meas=1, tracks=5, valid=0, master=2311
[GPS] GGA fix_quality=1, num_sats=25, hdop=0.8, lat=30.4081113485, lon=104.08867559966667
[LIVE] udp=0.0/s, objs=0.0/s, last_udp=1.51s, meas=1, tracks=5, valid=0, master=2311
[LIVE] udp=0.0/s, objs=0.0/s, last_udp=2.51s, meas=1, tracks=5, valid=0, master=2311
[LIVE] udp=0.0/s, objs=0.0/s, last_udp=3.52s, meas=1, tracks=5, valid=0, master=2311
[LIVE] udp=0.0/s, objs=0.0/s, last_udp=4.52s, meas=1, tracks=5, valid=0, master=2311
[LIVE] udp=0.0/s, objs=0.0/s, last_udp=5.52s, meas=1, tracks=5, valid=0, master=2311
[LIVE] udp=0.0/s, objs=0.0/s, last_udp=6.53s, meas=1, tracks=5, valid=0, master=2311
[LIVE] udp=0.0/s, objs=0.0/s, last_udp=7.53s, meas=1, tracks=5, valid=0, master=2311
[LIVE] udp=0.0/s, objs=0.0/s, last_udp=8.53s, meas=1, tracks=5, valid=0, master=2311
[LIVE] udp=2.0/s, objs=2.0/s, last_udp=0.13s, meas=1, tracks=2, valid=1, master=2311
[LIVE] udp=4.0/s, objs=4.0/s, last_udp=0.33s, meas=1, tracks=2, valid=1, master=2311
[GPS] GGA fix_quality=1, num_sats=26, hdop=0.7, lat=30.4081131185, lon=104.088666074
[LIVE] udp=4.0/s, objs=4.0/s, last_udp=0.31s, meas=1, tracks=1, valid=1, master=2311
[LIVE] udp=0.0/s, objs=0.0/s, last_udp=1.32s, meas=1, tracks=1, valid=1, master=2311
[LIVE] udp=0.0/s, objs=0.0/s, last_udp=2.32s, meas=1, tracks=1, valid=1, master=2311
[LIVE] udp=0.0/s, objs=0.0/s, last_udp=3.32s, meas=1, tracks=1, valid=1, master=2311
[LIVE] udp=0.0/s, objs=0.0/s, last_udp=4.32s, meas=1, tracks=1, valid=1, master=2311
[LIVE] udp=0.0/s, objs=0.0/s, last_udp=5.33s, meas=1, tracks=1, valid=1, master=2311
[LIVE] udp=0.0/s, objs=0.0/s, last_udp=6.33s, meas=1, tracks=1, valid=1, master=2311
[LIVE] udp=0.0/s, objs=0.0/s, last_udp=7.33s, meas=1, tracks=1, valid=1, master=2311
[Warning] 逻辑ID 1 没有配置偏差数据
[LIVE] udp=1.0/s, objs=1.0/s, last_udp=0.90s, meas=0, tracks=1, valid=0, master=2311
[LIVE] udp=0.0/s, objs=0.0/s, last_udp=1.90s, meas=0, tracks=1, valid=0, master=2311
[GPS] GGA fix_quality=1, num_sats=26, hdop=0.8, lat=30.4081125635, lon=104.08866481833333
[LIVE] udp=0.0/s, objs=0.0/s, last_udp=2.91s, meas=0, tracks=1, valid=0, master=2311
[LIVE] udp=0.0/s, objs=0.0/s, last_udp=3.91s, meas=0, tracks=1, valid=0, master=2311
[LIVE] udp=1.0/s, objs=1.0/s, last_udp=0.62s, meas=1, tracks=1, valid=0, master=2311
[LIVE] udp=1.0/s, objs=1.0/s, last_udp=0.32s, meas=1, tracks=1, valid=0, master=2311
[LIVE] udp=0.0/s, objs=0.0/s, last_udp=1.32s, meas=1, tracks=1, valid=0, master=2311
[LIVE] udp=0.0/s, objs=0.0/s, last_udp=2.32s, meas=1, tracks=1, valid=0, master=2311
[LIVE] udp=6.0/s, objs=6.0/s, last_udp=0.21s, meas=2, tracks=2, valid=1, master=2316
[LIVE] udp=1.0/s, objs=1.0/s, last_udp=0.81s, meas=1, tracks=2, valid=1, master=2316
[LIVE] udp=0.0/s, objs=0.0/s, last_udp=1.82s, meas=1, tracks=2, valid=1, master=2316
[LIVE] udp=0.0/s, objs=0.0/s, last_udp=2.82s, meas=1, tracks=2, valid=1, master=2316
[GPS] GGA fix_quality=1, num_sats=26, hdop=0.7, lat=30.408111023166665, lon=104.08866496916667
[LIVE] udp=2.0/s, objs=2.0/s, last_udp=0.55s, meas=1, tracks=2, valid=1, master=2316
[LIVE] udp=5.0/s, objs=5.0/s, last_udp=0.06s, meas=1, tracks=2, valid=1, master=2316
[Warning] 逻辑ID 1 没有配置偏差数据
[LIVE] udp=4.0/s, objs=4.0/s, last_udp=0.30s, meas=0, tracks=2, valid=0, master=2316
[LIVE] udp=4.0/s, objs=4.0/s, last_udp=0.02s, meas=1, tracks=2, valid=1, master=2316
[LIVE] udp=1.0/s, objs=1.0/s, last_udp=0.92s, meas=1, tracks=2, valid=1, master=2316
[LIVE] udp=7.0/s, objs=7.0/s, last_udp=0.14s, meas=1, tracks=2, valid=1, master=2316
[LIVE] udp=6.0/s, objs=6.0/s, last_udp=0.08s, meas=1, tracks=2, valid=1, master=2316
[LIVE] udp=2.0/s, objs=2.0/s, last_udp=0.72s, meas=1, tracks=2, valid=1, master=2316
[LIVE] udp=4.0/s, objs=4.0/s, last_udp=0.09s, meas=1, tracks=2, valid=1, master=2316
[LIVE] udp=5.0/s, objs=5.0/s, last_udp=0.05s, meas=1, tracks=1, valid=1, master=2316
[GPS] GGA fix_quality=1, num_sats=25, hdop=0.7, lat=30.408110161166668, lon=104.08866447516667
[LIVE] udp=0.0/s, objs=0.0/s, last_udp=1.05s, meas=1, tracks=1, valid=1, master=2316
[LIVE] udp=3.0/s, objs=3.0/s, last_udp=0.35s, meas=1, tracks=2, valid=1, master=2316
[Warning] 逻辑ID 1 没有配置偏差数据
[Warning] 逻辑ID 1 没有配置偏差数据
[LIVE] udp=6.0/s, objs=6.0/s, last_udp=0.00s, meas=1, tracks=2, valid=1, master=2316
[Warning] 逻辑ID 1 没有配置偏差数据
[Warning] 逻辑ID 1 没有配置偏差数据
[LIVE] udp=4.0/s, objs=4.0/s, last_udp=0.43s, meas=0, tracks=2, valid=0, master=2316
[LIVE] udp=2.0/s, objs=2.0/s, last_udp=0.04s, meas=0, tracks=2, valid=0, master=2316
[LIVE] udp=5.0/s, objs=5.0/s, last_udp=0.08s, meas=1, tracks=2, valid=1, master=2316
[LIVE] udp=2.0/s, objs=2.0/s, last_udp=0.28s, meas=1, tracks=2, valid=1, master=2316
[LIVE] udp=3.0/s, objs=4.0/s, last_udp=0.54s, meas=3, tracks=3, valid=1, master=2316
[LIVE] udp=2.0/s, objs=5.0/s, last_udp=0.16s, meas=3, tracks=4, valid=0, master=2316
[LIVE] udp=3.0/s, objs=4.0/s, last_udp=0.46s, meas=3, tracks=4, valid=3, master=2316
[GPS] GGA fix_quality=1, num_sats=28, hdop=0.7, lat=30.4081121015, lon=104.08865829266666
[LIVE] udp=2.0/s, objs=4.0/s, last_udp=0.09s, meas=2, tracks=6, valid=0, master=2316
[LIVE] udp=2.0/s, objs=2.0/s, last_udp=0.62s, meas=1, tracks=6, valid=0, master=2316
[LIVE] udp=0.0/s, objs=0.0/s, last_udp=1.63s, meas=1, tracks=6, valid=0, master=2316
[LIVE] udp=0.0/s, objs=0.0/s, last_udp=2.63s, meas=1, tracks=6, valid=0, master=2316
[LIVE] udp=0.0/s, objs=0.0/s, last_udp=3.63s, meas=1, tracks=6, valid=0, master=2316
[LIVE] udp=0.0/s, objs=0.0/s, last_udp=4.64s, meas=1, tracks=6, valid=0, master=2316
[LIVE] udp=0.0/s, objs=0.0/s, last_udp=5.64s, meas=1, tracks=6, valid=0, master=2316
[LIVE] udp=0.0/s, objs=0.0/s, last_udp=6.64s, meas=1, tracks=6, valid=0, master=2316
[LIVE] udp=0.0/s, objs=0.0/s, last_udp=7.64s, meas=1, tracks=6, valid=0, master=2316
[LIVE] udp=1.0/s, objs=1.0/s, last_udp=0.32s, meas=1, tracks=5, valid=0, master=2316
[GPS] GGA fix_quality=1, num_sats=25, hdop=0.7, lat=30.408112392166668, lon=104.08865733816667
[LIVE] udp=0.0/s, objs=0.0/s, last_udp=1.32s, meas=1, tracks=5, valid=0, master=2316
[LIVE] udp=0.0/s, objs=0.0/s, last_udp=2.32s, meas=1, tracks=5, valid=0, master=2316
[LIVE] udp=1.0/s, objs=1.0/s, last_udp=0.44s, meas=1, tracks=1, valid=1, master=2319
[LIVE] udp=0.0/s, objs=0.0/s, last_udp=1.44s, meas=1, tracks=1, valid=1, master=2319
[LIVE] udp=0.0/s, objs=0.0/s, last_udp=2.44s, meas=1, tracks=1, valid=1, master=2319
[LIVE] udp=0.0/s, objs=0.0/s, last_udp=3.44s, meas=1, tracks=1, valid=1, master=2319
[LIVE] udp=0.0/s, objs=0.0/s, last_udp=4.44s, meas=1, tracks=1, valid=1, master=2319
[LIVE] udp=0.0/s, objs=0.0/s, last_udp=5.45s, meas=1, tracks=1, valid=1, master=2319
[LIVE] udp=0.0/s, objs=0.0/s, last_udp=6.45s, meas=1, tracks=1, valid=1, master=2319
[LIVE] udp=1.0/s, objs=1.0/s, last_udp=0.44s, meas=1, tracks=1, valid=1, master=2319
[GPS] GGA fix_quality=1, num_sats=26, hdop=0.7, lat=30.4081138715, lon=104.08865480483334
[LIVE] udp=6.0/s, objs=7.0/s, last_udp=0.05s, meas=1, tracks=2, valid=1, master=2319
[LIVE] udp=3.0/s, objs=3.0/s, last_udp=0.20s, meas=1, tracks=2, valid=1, master=2319
[LIVE] udp=1.0/s, objs=1.0/s, last_udp=0.89s, meas=1, tracks=2, valid=1, master=2319
[LIVE] udp=0.0/s, objs=0.0/s, last_udp=1.90s, meas=1, tracks=2, valid=1, master=2319
[LIVE] udp=0.0/s, objs=0.0/s, last_udp=2.90s, meas=1, tracks=2, valid=1, master=2319
[LIVE] udp=0.0/s, objs=0.0/s, last_udp=3.90s, meas=1, tracks=2, valid=1, master=2319
[LIVE] udp=2.0/s, objs=2.0/s, last_udp=0.47s, meas=1, tracks=2, valid=0, master=2319
[LIVE] udp=1.0/s, objs=1.0/s, last_udp=0.28s, meas=1, tracks=2, valid=0, master=2319
[LIVE] udp=1.0/s, objs=1.0/s, last_udp=0.09s, meas=1, tracks=2, valid=0, master=2319
[LIVE] udp=0.0/s, objs=0.0/s, last_udp=1.09s, meas=1, tracks=2, valid=1, master=2323
[GPS] GGA fix_quality=1, num_sats=25, hdop=0.8, lat=30.408110560833332, lon=104.08865153466667
[LIVE] udp=3.0/s, objs=3.0/s, last_udp=0.08s, meas=1, tracks=2, valid=1, master=2323
[LIVE] udp=0.0/s, objs=0.0/s, last_udp=1.09s, meas=1, tracks=2, valid=1, master=2323
[LIVE] udp=0.0/s, objs=0.0/s, last_udp=2.09s, meas=1, tracks=2, valid=1, master=2323
[LIVE] udp=0.0/s, objs=0.0/s, last_udp=3.09s, meas=1, tracks=2, valid=1, master=2323
[LIVE] udp=0.0/s, objs=0.0/s, last_udp=4.09s, meas=1, tracks=2, valid=1, master=2323
[LIVE] udp=0.0/s, objs=0.0/s, last_udp=5.09s, meas=1, tracks=2, valid=1, master=2323
[LIVE] udp=1.0/s, objs=1.0/s, last_udp=0.68s, meas=1, tracks=2, valid=0, master=2323
[LIVE] udp=0.0/s, objs=0.0/s, last_udp=1.69s, meas=1, tracks=2, valid=0, master=2323
[LIVE] udp=0.0/s, objs=0.0/s, last_udp=2.69s, meas=1, tracks=2, valid=0, master=2323
[GPS] GGA fix_quality=1, num_sats=27, hdop=0.7, lat=30.408111178166667, lon=104.0886421715
[LIVE] udp=0.0/s, objs=0.0/s, last_udp=3.70s, meas=1, tracks=2, valid=0, master=2323
[LIVE] udp=5.0/s, objs=5.0/s, last_udp=0.03s, meas=1, tracks=2, valid=1, master=2323
[LIVE] udp=4.0/s, objs=4.0/s, last_udp=0.33s, meas=1, tracks=2, valid=1, master=2323
[LIVE] udp=7.0/s, objs=7.0/s, last_udp=0.03s, meas=1, tracks=2, valid=1, master=2323
[LIVE] udp=6.0/s, objs=6.0/s, last_udp=0.01s, meas=2, tracks=2, valid=1, master=2323
[LIVE] udp=6.0/s, objs=6.0/s, last_udp=0.03s, meas=2, tracks=2, valid=1, master=2323
[LIVE] udp=4.0/s, objs=4.0/s, last_udp=0.06s, meas=1, tracks=2, valid=1, master=2323
[LIVE] udp=2.0/s, objs=2.0/s, last_udp=0.29s, meas=1, tracks=2, valid=1, master=2323
[LIVE] udp=1.0/s, objs=1.0/s, last_udp=0.20s, meas=1, tracks=3, valid=0, master=2323
[LIVE] udp=6.0/s, objs=6.0/s, last_udp=0.05s, meas=1, tracks=3, valid=1, master=2323
[GPS] GGA fix_quality=1, num_sats=25, hdop=0.7, lat=30.408107423, lon=104.088647346
[LIVE] udp=4.0/s, objs=4.0/s, last_udp=0.35s, meas=1, tracks=3, valid=1, master=2323
[LIVE] udp=0.0/s, objs=0.0/s, last_udp=1.35s, meas=1, tracks=3, valid=1, master=2323
[LIVE] udp=0.0/s, objs=0.0/s, last_udp=2.35s, meas=1, tracks=3, valid=1, master=2323
[LIVE] udp=5.0/s, objs=5.0/s, last_udp=0.03s, meas=1, tracks=3, valid=1, master=2323
[LIVE] udp=5.0/s, objs=5.0/s, last_udp=0.03s, meas=1, tracks=3, valid=1, master=2323
[LIVE] udp=5.0/s, objs=5.0/s, last_udp=0.04s, meas=1, tracks=3, valid=1, master=2323
[LIVE] udp=7.0/s, objs=7.0/s, last_udp=0.03s, meas=1, tracks=3, valid=1, master=2323
[LIVE] udp=8.0/s, objs=8.0/s, last_udp=0.03s, meas=1, tracks=3, valid=1, master=2323
[LIVE] udp=7.0/s, objs=8.0/s, last_udp=0.06s, meas=1, tracks=2, valid=1, master=2323
[LIVE] udp=6.0/s, objs=6.0/s, last_udp=0.06s, meas=1, tracks=3, valid=1, master=2323
[GPS] GGA fix_quality=1, num_sats=26, hdop=0.7, lat=30.408105618333334, lon=104.08864825566667
[LIVE] udp=7.0/s, objs=7.0/s, last_udp=0.08s, meas=1, tracks=3, valid=1, master=2323
[LIVE] udp=3.0/s, objs=3.0/s, last_udp=0.69s, meas=2, tracks=4, valid=1, master=2323
[LIVE] udp=0.0/s, objs=0.0/s, last_udp=1.70s, meas=2, tracks=4, valid=1, master=2323
[LIVE] udp=0.0/s, objs=0.0/s, last_udp=2.70s, meas=2, tracks=4, valid=1, master=2323
[LIVE] udp=0.0/s, objs=0.0/s, last_udp=3.70s, meas=2, tracks=4, valid=1, master=2323
[LIVE] udp=0.0/s, objs=0.0/s, last_udp=4.70s, meas=2, tracks=4, valid=1, master=2323
[LIVE] udp=0.0/s, objs=0.0/s, last_udp=5.70s, meas=2, tracks=4, valid=1, master=2323
[LIVE] udp=0.0/s, objs=0.0/s, last_udp=6.71s, meas=2, tracks=4, valid=1, master=2323
[LIVE] udp=1.0/s, objs=1.0/s, last_udp=0.12s, meas=2, tracks=4, valid=1, master=2323
[Warning] 逻辑ID 1 没有配置偏差数据
[Warning] 逻辑ID 1 没有配置偏差数据
[LIVE] udp=1.0/s, objs=1.0/s, last_udp=0.96s, meas=0, tracks=4, valid=0, master=2323
[GPS] GGA fix_quality=1, num_sats=24, hdop=0.7, lat=30.408103946166666, lon=104.08864597516667
[LIVE] udp=0.0/s, objs=0.0/s, last_udp=1.96s, meas=0, tracks=4, valid=0, master=2323
[LIVE] udp=0.0/s, objs=0.0/s, last_udp=2.96s, meas=0, tracks=4, valid=0, master=2323
[LIVE] udp=0.0/s, objs=0.0/s, last_udp=3.97s, meas=0, tracks=4, valid=0, master=2323
[LIVE] udp=0.0/s, objs=0.0/s, last_udp=4.97s, meas=0, tracks=4, valid=0, master=2323
[LIVE] udp=0.0/s, objs=0.0/s, last_udp=5.97s, meas=0, tracks=4, valid=0, master=2323
[LIVE] udp=0.0/s, objs=0.0/s, last_udp=6.98s, meas=0, tracks=4, valid=0, master=2323
[LIVE] udp=0.0/s, objs=0.0/s, last_udp=7.98s, meas=0, tracks=4, valid=0, master=2323
[LIVE] udp=0.0/s, objs=0.0/s, last_udp=8.98s, meas=0, tracks=4, valid=0, master=2323
[LIVE] udp=0.0/s, objs=0.0/s, last_udp=9.98s, meas=0, tracks=4, valid=0, master=2323
[LIVE] udp=0.0/s, objs=0.0/s, last_udp=10.99s, meas=0, tracks=4, valid=0, master=2323
[GPS] GGA fix_quality=1, num_sats=24, hdop=0.7, lat=30.408103563333334, lon=104.08864453183334
[LIVE] udp=0.0/s, objs=0.0/s, last_udp=11.99s, meas=0, tracks=4, valid=0, master=2323
[LIVE] udp=0.0/s, objs=0.0/s, last_udp=12.99s, meas=0, tracks=4, valid=0, master=2323
[LIVE] udp=0.0/s, objs=0.0/s, last_udp=13.99s, meas=0, tracks=4, valid=0, master=2323
[LIVE] udp=0.0/s, objs=0.0/s, last_udp=14.99s, meas=0, tracks=4, valid=0, master=2323
[LIVE] udp=0.0/s, objs=0.0/s, last_udp=16.00s, meas=0, tracks=4, valid=0, master=2323
[LIVE] udp=0.0/s, objs=0.0/s, last_udp=17.00s, meas=0, tracks=4, valid=0, master=2323
[LIVE] udp=0.0/s, objs=0.0/s, last_udp=18.00s, meas=0, tracks=4, valid=0, master=2323
[LIVE] udp=0.0/s, objs=0.0/s, last_udp=19.01s, meas=0, tracks=4, valid=0, master=2323
[LIVE] udp=0.0/s, objs=0.0/s, last_udp=20.01s, meas=0, tracks=4, valid=0, master=2323
[LIVE] udp=0.0/s, objs=0.0/s, last_udp=21.01s, meas=0, tracks=4, valid=0, master=2323
[GPS] GGA fix_quality=1, num_sats=24, hdop=0.8, lat=30.408097858833333, lon=104.08864871416667
[LIVE] udp=0.0/s, objs=0.0/s, last_udp=22.02s, meas=0, tracks=4, valid=0, master=2323
[LIVE] udp=0.0/s, objs=0.0/s, last_udp=23.02s, meas=0, tracks=4, valid=0, master=2323
[LIVE] udp=0.0/s, objs=0.0/s, last_udp=24.02s, meas=0, tracks=4, valid=0, master=2323
[LIVE] udp=0.0/s, objs=0.0/s, last_udp=25.03s, meas=0, tracks=4, valid=0, master=2323
[LIVE] udp=0.0/s, objs=0.0/s, last_udp=26.03s, meas=0, tracks=4, valid=0, master=2323
[LIVE] udp=3.0/s, objs=4.0/s, last_udp=0.57s, meas=2, tracks=2, valid=0, master=2323
[LIVE] udp=0.0/s, objs=0.0/s, last_udp=1.58s, meas=2, tracks=2, valid=0, master=2323
[LIVE] udp=0.0/s, objs=0.0/s, last_udp=2.58s, meas=2, tracks=2, valid=0, master=2323
[LIVE] udp=1.0/s, objs=1.0/s, last_udp=0.59s, meas=1, tracks=2, valid=0, master=2323
[LIVE] udp=0.0/s, objs=0.0/s, last_udp=1.59s, meas=1, tracks=2, valid=0, master=2323
[GPS] GGA fix_quality=1, num_sats=24, hdop=0.7, lat=30.4080975785, lon=104.08865138333333
[LIVE] udp=0.0/s, objs=0.0/s, last_udp=2.59s, meas=1, tracks=2, valid=0, master=2323
[LIVE] udp=0.0/s, objs=0.0/s, last_udp=3.59s, meas=1, tracks=2, valid=0, master=2323
[LIVE] udp=0.0/s, objs=0.0/s, last_udp=4.60s, meas=1, tracks=2, valid=0, master=2323
[LIVE] udp=0.0/s, objs=0.0/s, last_udp=5.60s, meas=1, tracks=2, valid=0, master=2323
[LIVE] udp=0.0/s, objs=0.0/s, last_udp=6.60s, meas=1, tracks=2, valid=0, master=2323
[LIVE] udp=0.0/s, objs=0.0/s, last_udp=7.60s, meas=1, tracks=2, valid=0, master=2323
[LIVE] udp=0.0/s, objs=0.0/s, last_udp=8.61s, meas=1, tracks=2, valid=0, master=2323
[LIVE] udp=0.0/s, objs=0.0/s, last_udp=9.61s, meas=1, tracks=2, valid=0, master=2323
[LIVE] udp=3.0/s, objs=3.0/s, last_udp=0.34s, meas=1, tracks=1, valid=1, master=2329
[LIVE] udp=0.0/s, objs=0.0/s, last_udp=1.34s, meas=1, tracks=1, valid=1, master=2329
[GPS] GGA fix_quality=1, num_sats=25, hdop=0.7, lat=30.408096857833332, lon=104.08864824166666
[LIVE] udp=0.0/s, objs=0.0/s, last_udp=2.35s, meas=1, tracks=1, valid=1, master=2329
[LIVE] udp=3.0/s, objs=4.0/s, last_udp=0.13s, meas=2, tracks=3, valid=0, master=2329
[LIVE] udp=0.0/s, objs=0.0/s, last_udp=1.13s, meas=1, tracks=3, valid=1, master=2330
[LIVE] udp=0.0/s, objs=0.0/s, last_udp=2.13s, meas=1, tracks=3, valid=1, master=2330
[LIVE] udp=0.0/s, objs=0.0/s, last_udp=3.13s, meas=1, tracks=3, valid=1, master=2330
[LIVE] udp=0.0/s, objs=0.0/s, last_udp=4.13s, meas=1, tracks=3, valid=1, master=2330
[LIVE] udp=0.0/s, objs=0.0/s, last_udp=5.14s, meas=1, tracks=3, valid=1, master=2330
[LIVE] udp=0.0/s, objs=0.0/s, last_udp=6.14s, meas=1, tracks=3, valid=1, master=2330
[LIVE] udp=0.0/s, objs=0.0/s, last_udp=7.14s, meas=1, tracks=3, valid=1, master=2330
[LIVE] udp=0.0/s, objs=0.0/s, last_udp=8.14s, meas=1, tracks=3, valid=1, master=2330
[GPS] GGA fix_quality=1, num_sats=25, hdop=0.7, lat=30.408099020833333, lon=104.088650917
[LIVE] udp=0.0/s, objs=0.0/s, last_udp=9.14s, meas=1, tracks=3, valid=1, master=2330
[LIVE] udp=0.0/s, objs=0.0/s, last_udp=10.15s, meas=1, tracks=3, valid=1, master=2330
[LIVE] udp=0.0/s, objs=0.0/s, last_udp=11.15s, meas=1, tracks=3, valid=1, master=2330
[LIVE] udp=0.0/s, objs=0.0/s, last_udp=12.15s, meas=1, tracks=3, valid=1, master=2330
[LIVE] udp=0.0/s, objs=0.0/s, last_udp=13.15s, meas=1, tracks=3, valid=1, master=2330
[LIVE] udp=0.0/s, objs=0.0/s, last_udp=14.16s, meas=1, tracks=3, valid=1, master=2330
[LIVE] udp=0.0/s, objs=0.0/s, last_udp=15.16s, meas=1, tracks=3, valid=1, master=2330
[LIVE] udp=0.0/s, objs=0.0/s, last_udp=16.17s, meas=1, tracks=3, valid=1, master=2330
[LIVE] udp=0.0/s, objs=0.0/s, last_udp=17.17s, meas=1, tracks=3, valid=1, master=2330
[LIVE] udp=1.0/s, objs=1.0/s, last_udp=0.40s, meas=1, tracks=1, valid=0, master=2330
[GPS] GGA fix_quality=1, num_sats=26, hdop=0.7, lat=30.408099800333332, lon=104.08865479433334
[LIVE] udp=0.0/s, objs=0.0/s, last_udp=1.40s, meas=1, tracks=1, valid=0, master=2330
[LIVE] udp=0.0/s, objs=0.0/s, last_udp=2.41s, meas=1, tracks=1, valid=0, master=2330
[LIVE] udp=3.0/s, objs=3.0/s, last_udp=0.17s, meas=1, tracks=2, valid=0, master=2330
[LIVE] udp=2.0/s, objs=2.0/s, last_udp=0.02s, meas=1, tracks=2, valid=1, master=2333
[LIVE] udp=3.0/s, objs=4.0/s, last_udp=0.31s, meas=1, tracks=3, valid=1, master=2333
[LIVE] udp=1.0/s, objs=1.0/s, last_udp=0.93s, meas=1, tracks=3, valid=1, master=2333
[LIVE] udp=0.0/s, objs=0.0/s, last_udp=1.93s, meas=1, tracks=3, valid=1, master=2333
[LIVE] udp=2.0/s, objs=2.0/s, last_udp=0.55s, meas=1, tracks=3, valid=0, master=2333
[LIVE] udp=0.0/s, objs=0.0/s, last_udp=1.56s, meas=1, tracks=3, valid=0, master=2333
[LIVE] udp=0.0/s, objs=0.0/s, last_udp=2.56s, meas=1, tracks=3, valid=0, master=2333
[GPS] GGA fix_quality=1, num_sats=26, hdop=0.7, lat=30.408103617, lon=104.08865147933334
[LIVE] udp=0.0/s, objs=0.0/s, last_udp=3.56s, meas=1, tracks=3, valid=0, master=2333
[LIVE] udp=0.0/s, objs=0.0/s, last_udp=4.57s, meas=1, tracks=3, valid=0, master=2333
[LIVE] udp=0.0/s, objs=0.0/s, last_udp=5.57s, meas=1, tracks=3, valid=0, master=2333
[LIVE] udp=0.0/s, objs=0.0/s, last_udp=6.57s, meas=1, tracks=3, valid=0, master=2333
[LIVE] udp=0.0/s, objs=0.0/s, last_udp=7.57s, meas=1, tracks=3, valid=0, master=2333
[LIVE] udp=0.0/s, objs=0.0/s, last_udp=8.57s, meas=1, tracks=3, valid=0, master=2333
[LIVE] udp=0.0/s, objs=0.0/s, last_udp=9.58s, meas=1, tracks=3, valid=0, master=2333
[LIVE] udp=1.0/s, objs=1.0/s, last_udp=0.01s, meas=1, tracks=3, valid=0, master=2333
[LIVE] udp=1.0/s, objs=1.0/s, last_udp=0.86s, meas=1, tracks=1, valid=0, master=2333
[LIVE] udp=0.0/s, objs=0.0/s, last_udp=1.86s, meas=1, tracks=1, valid=0, master=2333
[GPS] GGA fix_quality=1, num_sats=26, hdop=0.7, lat=30.408104866, lon=104.08865554533334
[LIVE] udp=0.0/s, objs=0.0/s, last_udp=2.87s, meas=1, tracks=1, valid=0, master=2333
[LIVE] udp=2.0/s, objs=2.0/s, last_udp=0.03s, meas=1, tracks=1, valid=0, master=2333
[LIVE] udp=0.0/s, objs=0.0/s, last_udp=1.04s, meas=1, tracks=1, valid=0, master=2333
[LIVE] udp=0.0/s, objs=0.0/s, last_udp=2.04s, meas=1, tracks=1, valid=0, master=2333
[LIVE] udp=0.0/s, objs=0.0/s, last_udp=3.04s, meas=1, tracks=1, valid=0, master=2333
[LIVE] udp=0.0/s, objs=0.0/s, last_udp=4.04s, meas=1, tracks=1, valid=0, master=2333
[LIVE] udp=0.0/s, objs=0.0/s, last_udp=5.05s, meas=1, tracks=1, valid=0, master=2333
[LIVE] udp=0.0/s, objs=0.0/s, last_udp=6.05s, meas=1, tracks=1, valid=0, master=2333
[LIVE] udp=1.0/s, objs=1.0/s, last_udp=0.00s, meas=1, tracks=1, valid=0, master=2333
[LIVE] udp=0.0/s, objs=0.0/s, last_udp=1.00s, meas=1, tracks=2, valid=0, master=2333
[GPS] GGA fix_quality=1, num_sats=26, hdop=0.7, lat=30.408103311833333, lon=104.08865708633333
[LIVE] udp=2.0/s, objs=2.0/s, last_udp=0.53s, meas=1, tracks=2, valid=1, master=2336
[LIVE] udp=0.0/s, objs=0.0/s, last_udp=1.54s, meas=1, tracks=2, valid=1, master=2336
[LIVE] udp=0.0/s, objs=0.0/s, last_udp=2.54s, meas=1, tracks=2, valid=1, master=2336
[LIVE] udp=0.0/s, objs=0.0/s, last_udp=3.54s, meas=1, tracks=2, valid=1, master=2336
[LIVE] udp=0.0/s, objs=0.0/s, last_udp=4.55s, meas=1, tracks=2, valid=1, master=2336
[LIVE] udp=1.0/s, objs=1.0/s, last_udp=0.96s, meas=1, tracks=2, valid=0, master=2336
[LIVE] udp=0.0/s, objs=0.0/s, last_udp=1.97s, meas=1, tracks=2, valid=0, master=2336
[LIVE] udp=0.0/s, objs=0.0/s, last_udp=2.97s, meas=1, tracks=2, valid=0, master=2336
[LIVE] udp=0.0/s, objs=0.0/s, last_udp=3.97s, meas=1, tracks=2, valid=0, master=2336
[LIVE] udp=0.0/s, objs=0.0/s, last_udp=4.98s, meas=1, tracks=2, valid=0, master=2336
[GPS] GGA fix_quality=1, num_sats=24, hdop=0.8, lat=30.408102538333335, lon=104.08865668416666
[LIVE] udp=0.0/s, objs=0.0/s, last_udp=5.98s, meas=1, tracks=2, valid=0, master=2336
[LIVE] udp=0.0/s, objs=0.0/s, last_udp=6.98s, meas=1, tracks=2, valid=0, master=2336
[LIVE] udp=0.0/s, objs=0.0/s, last_udp=7.98s, meas=1, tracks=2, valid=0, master=2336
[LIVE] udp=0.0/s, objs=0.0/s, last_udp=8.99s, meas=1, tracks=2, valid=0, master=2336
[LIVE] udp=0.0/s, objs=0.0/s, last_udp=9.99s, meas=1, tracks=2, valid=0, master=2336
[LIVE] udp=0.0/s, objs=0.0/s, last_udp=10.99s, meas=1, tracks=2, valid=0, master=2336
[LIVE] udp=0.0/s, objs=0.0/s, last_udp=11.99s, meas=1, tracks=2, valid=0, master=2336
[LIVE] udp=3.0/s, objs=3.0/s, last_udp=0.10s, meas=1, tracks=1, valid=0, master=2336
[LIVE] udp=1.0/s, objs=1.0/s, last_udp=0.59s, meas=1, tracks=1, valid=1, master=2338
[LIVE] udp=0.0/s, objs=0.0/s, last_udp=1.59s, meas=1, tracks=1, valid=1, master=2338
[GPS] GGA fix_quality=1, num_sats=25, hdop=0.7, lat=30.408102508, lon=104.08865137216667
[LIVE] udp=0.0/s, objs=0.0/s, last_udp=2.59s, meas=1, tracks=1, valid=1, master=2338
[LIVE] udp=0.0/s, objs=0.0/s, last_udp=3.60s, meas=1, tracks=1, valid=1, master=2338
[LIVE] udp=3.0/s, objs=3.0/s, last_udp=0.06s, meas=1, tracks=2, valid=0, master=2338
[LIVE] udp=0.0/s, objs=0.0/s, last_udp=1.06s, meas=1, tracks=2, valid=1, master=2339
[LIVE] udp=2.0/s, objs=2.0/s, last_udp=0.77s, meas=2, tracks=3, valid=0, master=2339
[LIVE] udp=1.0/s, objs=1.0/s, last_udp=0.51s, meas=1, tracks=3, valid=1, master=2339
[LIVE] udp=2.0/s, objs=2.0/s, last_udp=0.17s, meas=1, tracks=3, valid=1, master=2339
[LIVE] udp=7.0/s, objs=7.0/s, last_udp=0.07s, meas=1, tracks=3, valid=1, master=2339
[LIVE] udp=8.0/s, objs=8.0/s, last_udp=0.08s, meas=1, tracks=3, valid=1, master=2339
[LIVE] udp=8.0/s, objs=8.0/s, last_udp=0.02s, meas=1, tracks=3, valid=1, master=2339
[GPS] GGA fix_quality=1, num_sats=26, hdop=0.7, lat=30.40810554, lon=104.08864631216667
[LIVE] udp=9.0/s, objs=9.0/s, last_udp=0.01s, meas=1, tracks=3, valid=1, master=2339
[LIVE] udp=7.0/s, objs=7.0/s, last_udp=0.09s, meas=1, tracks=3, valid=1, master=2339
[LIVE] udp=9.0/s, objs=9.0/s, last_udp=0.01s, meas=1, tracks=3, valid=1, master=2339
[LIVE] udp=10.0/s, objs=10.0/s, last_udp=0.01s, meas=1, tracks=3, valid=1, master=2339
[LIVE] udp=9.0/s, objs=9.0/s, last_udp=0.11s, meas=2, tracks=3, valid=1, master=2339
[LIVE] udp=9.0/s, objs=9.0/s, last_udp=0.11s, meas=1, tracks=3, valid=1, master=2339
[LIVE] udp=10.0/s, objs=10.0/s, last_udp=0.03s, meas=1, tracks=2, valid=1, master=2339
[LIVE] udp=10.0/s, objs=10.0/s, last_udp=0.05s, meas=1, tracks=2, valid=1, master=2339
[LIVE] udp=8.0/s, objs=8.0/s, last_udp=0.01s, meas=1, tracks=2, valid=1, master=2339
[LIVE] udp=6.0/s, objs=6.0/s, last_udp=0.10s, meas=1, tracks=2, valid=1, master=2339
[GPS] GGA fix_quality=1, num_sats=25, hdop=0.7, lat=30.40810439033333, lon=104.08864465883333
[LIVE] udp=2.0/s, objs=2.0/s, last_udp=0.25s, meas=1, tracks=2, valid=1, master=2339
[LIVE] udp=8.0/s, objs=8.0/s, last_udp=0.05s, meas=1, tracks=2, valid=1, master=2339
[LIVE] udp=8.0/s, objs=8.0/s, last_udp=0.02s, meas=1, tracks=2, valid=1, master=2339
[LIVE] udp=4.0/s, objs=4.0/s, last_udp=0.47s, meas=1, tracks=2, valid=1, master=2339
[LIVE] udp=0.0/s, objs=0.0/s, last_udp=1.48s, meas=1, tracks=2, valid=1, master=2339
[LIVE] udp=1.0/s, objs=1.0/s, last_udp=0.11s, meas=1, tracks=2, valid=1, master=2339
[LIVE] udp=0.0/s, objs=0.0/s, last_udp=1.11s, meas=1, tracks=2, valid=1, master=2339
[LIVE] udp=0.0/s, objs=0.0/s, last_udp=2.11s, meas=1, tracks=2, valid=1, master=2339
[LIVE] udp=0.0/s, objs=0.0/s, last_udp=3.12s, meas=1, tracks=2, valid=1, master=2339
[LIVE] udp=0.0/s, objs=0.0/s, last_udp=4.12s, meas=1, tracks=2, valid=1, master=2339
[GPS] GGA fix_quality=1, num_sats=25, hdop=0.7, lat=30.408102776666667, lon=104.0886409875
[LIVE] udp=0.0/s, objs=0.0/s, last_udp=5.12s, meas=1, tracks=2, valid=1, master=2339
[LIVE] udp=0.0/s, objs=0.0/s, last_udp=6.13s, meas=1, tracks=2, valid=1, master=2339
[LIVE] udp=0.0/s, objs=0.0/s, last_udp=7.13s, meas=1, tracks=2, valid=1, master=2339
[LIVE] udp=0.0/s, objs=0.0/s, last_udp=8.13s, meas=1, tracks=2, valid=1, master=2339
[LIVE] udp=0.0/s, objs=0.0/s, last_udp=9.14s, meas=1, tracks=2, valid=1, master=2339
[LIVE] udp=5.0/s, objs=5.0/s, last_udp=0.23s, meas=1, tracks=1, valid=1, master=2339
[LIVE] udp=0.0/s, objs=0.0/s, last_udp=1.24s, meas=1, tracks=1, valid=1, master=2339
[LIVE] udp=0.0/s, objs=0.0/s, last_udp=2.24s, meas=1, tracks=1, valid=1, master=2339
[LIVE] udp=0.0/s, objs=0.0/s, last_udp=3.25s, meas=1, tracks=1, valid=1, master=2339
[LIVE] udp=0.0/s, objs=0.0/s, last_udp=4.25s, meas=1, tracks=1, valid=1, master=2339
[GPS] GGA fix_quality=1, num_sats=23, hdop=0.8, lat=30.4081038355, lon=104.08863767566666
[LIVE] udp=0.0/s, objs=0.0/s, last_udp=5.25s, meas=1, tracks=1, valid=1, master=2339
[LIVE] udp=0.0/s, objs=0.0/s, last_udp=6.25s, meas=1, tracks=1, valid=1, master=2339
[LIVE] udp=0.0/s, objs=0.0/s, last_udp=7.25s, meas=1, tracks=1, valid=1, master=2339
[LIVE] udp=0.0/s, objs=0.0/s, last_udp=8.25s, meas=1, tracks=1, valid=1, master=2339
[LIVE] udp=0.0/s, objs=0.0/s, last_udp=9.25s, meas=1, tracks=1, valid=1, master=2339
[LIVE] udp=0.0/s, objs=0.0/s, last_udp=10.25s, meas=1, tracks=1, valid=1, master=2339
[LIVE] udp=2.0/s, objs=2.0/s, last_udp=0.55s, meas=1, tracks=1, valid=1, master=2339
[LIVE] udp=0.0/s, objs=0.0/s, last_udp=1.56s, meas=1, tracks=1, valid=1, master=2339
[LIVE] udp=0.0/s, objs=0.0/s, last_udp=2.56s, meas=1, tracks=1, valid=1, master=2339
[GPS] Waiting for NMEA data on COM12, elapsed=0.0s/5.0s
[LIVE] udp=0.0/s, objs=0.0/s, last_udp=3.56s, meas=1, tracks=1, valid=1, master=2339
[GPS] GGA fix_quality=1, num_sats=24, hdop=0.8, lat=30.408104843333334, lon=104.08863518616667
[LIVE] udp=0.0/s, objs=0.0/s, last_udp=4.56s, meas=1, tracks=1, valid=1, master=2339
[LIVE] udp=0.0/s, objs=0.0/s, last_udp=5.56s, meas=1, tracks=1, valid=1, master=2339
[LIVE] udp=0.0/s, objs=0.0/s, last_udp=6.57s, meas=1, tracks=1, valid=1, master=2339
[LIVE] udp=0.0/s, objs=0.0/s, last_udp=7.57s, meas=1, tracks=1, valid=1, master=2339
[LIVE] udp=0.0/s, objs=0.0/s, last_udp=8.57s, meas=1, tracks=1, valid=1, master=2339
[LIVE] udp=0.0/s, objs=0.0/s, last_udp=9.58s, meas=1, tracks=1, valid=1, master=2339
[LIVE] udp=0.0/s, objs=0.0/s, last_udp=10.58s, meas=1, tracks=1, valid=1, master=2339
[LIVE] udp=0.0/s, objs=0.0/s, last_udp=11.58s, meas=1, tracks=1, valid=1, master=2339
[LIVE] udp=0.0/s, objs=0.0/s, last_udp=12.58s, meas=1, tracks=1, valid=1, master=2339
[LIVE] udp=0.0/s, objs=0.0/s, last_udp=13.59s, meas=1, tracks=1, valid=1, master=2339
[GPS] GGA fix_quality=1, num_sats=24, hdop=0.7, lat=30.408105844333335, lon=104.088630391
[LIVE] udp=0.0/s, objs=0.0/s, last_udp=14.59s, meas=1, tracks=1, valid=1, master=2339
[LIVE] udp=0.0/s, objs=0.0/s, last_udp=15.59s, meas=1, tracks=1, valid=1, master=2339
[LIVE] udp=0.0/s, objs=0.0/s, last_udp=16.59s, meas=1, tracks=1, valid=1, master=2339
[LIVE] udp=0.0/s, objs=0.0/s, last_udp=17.59s, meas=1, tracks=1, valid=1, master=2339
[LIVE] udp=0.0/s, objs=0.0/s, last_udp=18.59s, meas=1, tracks=1, valid=1, master=2339
[LIVE] udp=3.0/s, objs=3.0/s, last_udp=0.34s, meas=0, tracks=1, valid=0, master=2339
[LIVE] udp=2.0/s, objs=2.0/s, last_udp=0.02s, meas=1, tracks=1, valid=0, master=2339
[LIVE] udp=0.0/s, objs=0.0/s, last_udp=1.02s, meas=0, tracks=1, valid=0, master=2339
[LIVE] udp=0.0/s, objs=0.0/s, last_udp=2.02s, meas=0, tracks=1, valid=0, master=2339
[LIVE] udp=0.0/s, objs=0.0/s, last_udp=3.03s, meas=0, tracks=1, valid=0, master=2339
[GPS] GGA fix_quality=1, num_sats=25, hdop=0.7, lat=30.408098327, lon=104.08863838816667
[LIVE] udp=0.0/s, objs=0.0/s, last_udp=4.03s, meas=0, tracks=1, valid=0, master=2339
[LIVE] udp=0.0/s, objs=0.0/s, last_udp=5.03s, meas=0, tracks=1, valid=0, master=2339
[LIVE] udp=0.0/s, objs=0.0/s, last_udp=6.04s, meas=0, tracks=1, valid=0, master=2339
[LIVE] udp=1.0/s, objs=1.0/s, last_udp=0.20s, meas=1, tracks=1, valid=1, master=2341
[LIVE] udp=2.0/s, objs=2.0/s, last_udp=0.31s, meas=1, tracks=1, valid=1, master=2341
[LIVE] udp=0.0/s, objs=0.0/s, last_udp=1.31s, meas=1, tracks=1, valid=1, master=2341
[LIVE] udp=3.0/s, objs=3.0/s, last_udp=0.46s, meas=1, tracks=1, valid=1, master=2341
[LIVE] udp=4.0/s, objs=4.0/s, last_udp=0.10s, meas=1, tracks=1, valid=1, master=2341
[LIVE] udp=5.0/s, objs=5.0/s, last_udp=0.07s, meas=1, tracks=1, valid=1, master=2341
[LIVE] udp=5.0/s, objs=5.0/s, last_udp=0.00s, meas=1, tracks=1, valid=1, master=2341
[GPS] GGA fix_quality=1, num_sats=26, hdop=0.7, lat=30.408095744, lon=104.0886354305
[LIVE] udp=7.0/s, objs=7.0/s, last_udp=0.10s, meas=1, tracks=1, valid=1, master=2341
[LIVE] udp=6.0/s, objs=6.0/s, last_udp=0.13s, meas=1, tracks=1, valid=1, master=2341
[LIVE] udp=7.0/s, objs=7.0/s, last_udp=0.14s, meas=1, tracks=1, valid=1, master=2341
[LIVE] udp=7.0/s, objs=7.0/s, last_udp=0.02s, meas=1, tracks=1, valid=1, master=2341
[LIVE] udp=8.0/s, objs=8.0/s, last_udp=0.00s, meas=1, tracks=1, valid=1, master=2341
[LIVE] udp=6.0/s, objs=6.0/s, last_udp=0.11s, meas=1, tracks=1, valid=1, master=2341
[LIVE] udp=7.0/s, objs=7.0/s, last_udp=0.04s, meas=1, tracks=1, valid=1, master=2341
[LIVE] udp=6.0/s, objs=6.0/s, last_udp=0.09s, meas=1, tracks=1, valid=1, master=2341
[LIVE] udp=7.0/s, objs=7.0/s, last_udp=0.09s, meas=1, tracks=1, valid=1, master=2341
[LIVE] udp=7.0/s, objs=7.0/s, last_udp=0.07s, meas=1, tracks=1, valid=1, master=2341
[GPS] GGA fix_quality=1, num_sats=26, hdop=0.7, lat=30.408095187833332, lon=104.0886339465
[LIVE] udp=7.0/s, objs=7.0/s, last_udp=0.04s, meas=1, tracks=1, valid=1, master=2341
[LIVE] udp=6.0/s, objs=6.0/s, last_udp=0.21s, meas=1, tracks=1, valid=1, master=2341
[LIVE] udp=6.0/s, objs=6.0/s, last_udp=0.08s, meas=1, tracks=1, valid=1, master=2341
[LIVE] udp=7.0/s, objs=7.0/s, last_udp=0.10s, meas=1, tracks=1, valid=1, master=2341
[LIVE] udp=6.0/s, objs=6.0/s, last_udp=0.04s, meas=1, tracks=1, valid=1, master=2341
[LIVE] udp=5.0/s, objs=5.0/s, last_udp=0.25s, meas=1, tracks=1, valid=1, master=2341
[LIVE] udp=6.0/s, objs=6.0/s, last_udp=0.04s, meas=1, tracks=1, valid=1, master=2341
[LIVE] udp=6.0/s, objs=6.0/s, last_udp=0.11s, meas=1, tracks=1, valid=1, master=2341
[LIVE] udp=4.0/s, objs=4.0/s, last_udp=0.21s, meas=1, tracks=1, valid=1, master=2341
[LIVE] udp=9.0/s, objs=9.0/s, last_udp=0.03s, meas=2, tracks=2, valid=1, master=2341
[GPS] GGA fix_quality=1, num_sats=27, hdop=0.7, lat=30.408092491666668, lon=104.08863627866667
[LIVE] udp=3.0/s, objs=3.0/s, last_udp=0.21s, meas=1, tracks=2, valid=1, master=2341
[LIVE] udp=5.0/s, objs=5.0/s, last_udp=0.05s, meas=1, tracks=2, valid=1, master=2341
[LIVE] udp=6.0/s, objs=6.0/s, last_udp=0.06s, meas=1, tracks=2, valid=1, master=2341
[LIVE] udp=3.0/s, objs=3.0/s, last_udp=0.09s, meas=1, tracks=2, valid=1, master=2341
[LIVE] udp=0.0/s, objs=0.0/s, last_udp=1.09s, meas=1, tracks=2, valid=1, master=2341
[LIVE] udp=0.0/s, objs=0.0/s, last_udp=2.10s, meas=1, tracks=2, valid=1, master=2341
[LIVE] udp=0.0/s, objs=0.0/s, last_udp=3.10s, meas=1, tracks=2, valid=1, master=2341
[LIVE] udp=3.0/s, objs=3.0/s, last_udp=0.23s, meas=1, tracks=2, valid=1, master=2341
[LIVE] udp=8.0/s, objs=9.0/s, last_udp=0.02s, meas=3, tracks=3, valid=1, master=2341
[LIVE] udp=6.0/s, objs=6.0/s, last_udp=0.07s, meas=1, tracks=3, valid=1, master=2341
[GPS] GGA fix_quality=1, num_sats=26, hdop=0.7, lat=30.408094428166667, lon=104.08863577766667
[LIVE] udp=4.0/s, objs=4.0/s, last_udp=0.31s, meas=1, tracks=3, valid=1, master=2341
[LIVE] udp=5.0/s, objs=5.0/s, last_udp=0.31s, meas=1, tracks=3, valid=1, master=2341
[LIVE] udp=6.0/s, objs=6.0/s, last_udp=0.15s, meas=1, tracks=3, valid=1, master=2341
[LIVE] udp=2.0/s, objs=2.0/s, last_udp=0.80s, meas=1, tracks=3, valid=1, master=2341
[LIVE] udp=0.0/s, objs=0.0/s, last_udp=1.80s, meas=1, tracks=3, valid=1, master=2341
[LIVE] udp=0.0/s, objs=0.0/s, last_udp=2.80s, meas=1, tracks=3, valid=1, master=2341
[LIVE] udp=0.0/s, objs=0.0/s, last_udp=3.81s, meas=1, tracks=3, valid=1, master=2341
[LIVE] udp=0.0/s, objs=0.0/s, last_udp=4.81s, meas=1, tracks=3, valid=1, master=2341
[LIVE] udp=0.0/s, objs=0.0/s, last_udp=5.82s, meas=1, tracks=3, valid=1, master=2341
[LIVE] udp=0.0/s, objs=0.0/s, last_udp=6.82s, meas=1, tracks=3, valid=1, master=2341
[GPS] GGA fix_quality=1, num_sats=26, hdop=0.7, lat=30.408095135333333, lon=104.0886378295
[LIVE] udp=0.0/s, objs=0.0/s, last_udp=7.82s, meas=1, tracks=3, valid=1, master=2341
[LIVE] udp=3.0/s, objs=3.0/s, last_udp=0.26s, meas=1, tracks=1, valid=1, master=2341
[LIVE] udp=3.0/s, objs=3.0/s, last_udp=0.06s, meas=1, tracks=1, valid=1, master=2341
[LIVE] udp=2.0/s, objs=2.0/s, last_udp=0.20s, meas=1, tracks=1, valid=1, master=2341
[LIVE] udp=2.0/s, objs=2.0/s, last_udp=0.40s, meas=1, tracks=1, valid=1, master=2341
[LIVE] udp=2.0/s, objs=2.0/s, last_udp=0.57s, meas=1, tracks=1, valid=1, master=2341
[LIVE] udp=0.0/s, objs=0.0/s, last_udp=1.58s, meas=1, tracks=1, valid=1, master=2341
[LIVE] udp=0.0/s, objs=0.0/s, last_udp=2.58s, meas=1, tracks=1, valid=1, master=2341
[LIVE] udp=0.0/s, objs=0.0/s, last_udp=3.58s, meas=1, tracks=1, valid=1, master=2341
[GPS] Waiting for NMEA data on COM12, elapsed=0.0s/5.0s
[LIVE] udp=1.0/s, objs=1.0/s, last_udp=0.24s, meas=1, tracks=1, valid=1, master=2341
[GPS] GGA fix_quality=1, num_sats=26, hdop=0.7, lat=30.408095756, lon=104.088638675
[LIVE] udp=3.0/s, objs=3.0/s, last_udp=0.40s, meas=1, tracks=1, valid=1, master=2341
[LIVE] udp=0.0/s, objs=0.0/s, last_udp=1.41s, meas=1, tracks=1, valid=1, master=2341
[LIVE] udp=1.0/s, objs=1.0/s, last_udp=0.15s, meas=1, tracks=1, valid=1, master=2341
[LIVE] udp=2.0/s, objs=2.0/s, last_udp=0.39s, meas=1, tracks=1, valid=1, master=2341
[LIVE] udp=5.0/s, objs=5.0/s, last_udp=0.01s, meas=1, tracks=1, valid=1, master=2341
[LIVE] udp=5.0/s, objs=5.0/s, last_udp=0.02s, meas=1, tracks=1, valid=1, master=2341
[LIVE] udp=3.0/s, objs=3.0/s, last_udp=0.26s, meas=1, tracks=1, valid=1, master=2341
[LIVE] udp=3.0/s, objs=3.0/s, last_udp=0.13s, meas=1, tracks=1, valid=1, master=2341
[LIVE] udp=1.0/s, objs=1.0/s, last_udp=0.97s, meas=0, tracks=1, valid=0, master=2341
[GPS] Waiting for NMEA data on COM12, elapsed=0.0s/5.0s
[LIVE] udp=0.0/s, objs=0.0/s, last_udp=1.97s, meas=0, tracks=1, valid=0, master=2341
[GPS] GGA fix_quality=1, num_sats=25, hdop=0.8, lat=30.408096759333333, lon=104.08863915
[LIVE] udp=0.0/s, objs=0.0/s, last_udp=2.97s, meas=0, tracks=1, valid=0, master=2341
[LIVE] udp=0.0/s, objs=0.0/s, last_udp=3.98s, meas=0, tracks=1, valid=0, master=2341
[LIVE] udp=0.0/s, objs=0.0/s, last_udp=4.98s, meas=0, tracks=1, valid=0, master=2341
[LIVE] udp=0.0/s, objs=0.0/s, last_udp=5.99s, meas=0, tracks=1, valid=0, master=2341
[LIVE] udp=0.0/s, objs=0.0/s, last_udp=6.99s, meas=0, tracks=1, valid=0, master=2341
[LIVE] udp=0.0/s, objs=0.0/s, last_udp=7.99s, meas=0, tracks=1, valid=0, master=2341
[LIVE] udp=0.0/s, objs=0.0/s, last_udp=8.99s, meas=0, tracks=1, valid=0, master=2341
[LIVE] udp=0.0/s, objs=0.0/s, last_udp=9.99s, meas=0, tracks=1, valid=0, master=2341
[LIVE] udp=1.0/s, objs=1.0/s, last_udp=0.31s, meas=1, tracks=1, valid=0, master=2341
[GPS] Waiting for NMEA data on COM12, elapsed=0.0s/5.0s
[LIVE] udp=1.0/s, objs=1.0/s, last_udp=0.68s, meas=1, tracks=1, valid=0, master=2341
[GPS] GGA fix_quality=1, num_sats=24, hdop=0.8, lat=30.408097449, lon=104.08863949333333
[LIVE] udp=1.0/s, objs=1.0/s, last_udp=0.13s, meas=1, tracks=1, valid=0, master=2341
[LIVE] udp=3.0/s, objs=3.0/s, last_udp=0.01s, meas=1, tracks=1, valid=1, master=2344
[LIVE] udp=3.0/s, objs=3.0/s, last_udp=0.29s, meas=1, tracks=1, valid=1, master=2344
[LIVE] udp=4.0/s, objs=4.0/s, last_udp=0.25s, meas=1, tracks=1, valid=1, master=2344
[LIVE] udp=5.0/s, objs=5.0/s, last_udp=0.04s, meas=1, tracks=1, valid=1, master=2344
[LIVE] udp=6.0/s, objs=6.0/s, last_udp=0.06s, meas=1, tracks=1, valid=1, master=2344
[LIVE] udp=7.0/s, objs=7.0/s, last_udp=0.04s, meas=1, tracks=1, valid=1, master=2344
[LIVE] udp=8.0/s, objs=8.0/s, last_udp=0.03s, meas=1, tracks=1, valid=1, master=2344
[LIVE] udp=6.0/s, objs=6.0/s, last_udp=0.08s, meas=1, tracks=1, valid=1, master=2344
[LIVE] udp=6.0/s, objs=6.0/s, last_udp=0.06s, meas=1, tracks=1, valid=1, master=2344
[GPS] GGA fix_quality=1, num_sats=26, hdop=0.7, lat=30.4080981305, lon=104.08863997866666
[LIVE] udp=7.0/s, objs=7.0/s, last_udp=0.11s, meas=1, tracks=1, valid=1, master=2344
[LIVE] udp=7.0/s, objs=7.0/s, last_udp=0.07s, meas=1, tracks=1, valid=1, master=2344
[LIVE] udp=6.0/s, objs=6.0/s, last_udp=0.05s, meas=1, tracks=1, valid=1, master=2344
[LIVE] udp=6.0/s, objs=6.0/s, last_udp=0.06s, meas=1, tracks=1, valid=1, master=2344
[LIVE] udp=6.0/s, objs=6.0/s, last_udp=0.10s, meas=1, tracks=1, valid=1, master=2344
[LIVE] udp=4.0/s, objs=4.0/s, last_udp=0.14s, meas=1, tracks=1, valid=1, master=2344
[LIVE] udp=0.0/s, objs=0.0/s, last_udp=1.14s, meas=1, tracks=1, valid=1, master=2344
[LIVE] udp=0.0/s, objs=0.0/s, last_udp=2.15s, meas=1, tracks=1, valid=1, master=2344
[LIVE] udp=3.0/s, objs=3.0/s, last_udp=0.05s, meas=1, tracks=1, valid=1, master=2344
[LIVE] udp=3.0/s, objs=3.0/s, last_udp=0.22s, meas=1, tracks=1, valid=1, master=2344
[GPS] GGA fix_quality=1, num_sats=25, hdop=0.7, lat=30.40809837766667, lon=104.0886399845
[LIVE] udp=5.0/s, objs=5.0/s, last_udp=0.03s, meas=1, tracks=1, valid=1, master=2344
[LIVE] udp=5.0/s, objs=5.0/s, last_udp=0.21s, meas=1, tracks=1, valid=1, master=2344
[LIVE] udp=6.0/s, objs=6.0/s, last_udp=0.23s, meas=1, tracks=1, valid=1, master=2344
[LIVE] udp=7.0/s, objs=7.0/s, last_udp=0.12s, meas=1, tracks=1, valid=1, master=2344
[LIVE] udp=8.0/s, objs=8.0/s, last_udp=0.05s, meas=1, tracks=1, valid=1, master=2344
[LIVE] udp=6.0/s, objs=6.0/s, last_udp=0.09s, meas=1, tracks=1, valid=1, master=2344
[LIVE] udp=4.0/s, objs=4.0/s, last_udp=0.25s, meas=1, tracks=1, valid=1, master=2344
[LIVE] udp=2.0/s, objs=2.0/s, last_udp=0.59s, meas=1, tracks=1, valid=1, master=2344
[LIVE] udp=3.0/s, objs=3.0/s, last_udp=0.21s, meas=2, tracks=2, valid=1, master=2344
[LIVE] udp=1.0/s, objs=1.0/s, last_udp=0.15s, meas=2, tracks=2, valid=1, master=2344
[GPS] GGA fix_quality=1, num_sats=23, hdop=0.8, lat=30.408098468666665, lon=104.088639752
[LIVE] udp=4.0/s, objs=4.0/s, last_udp=0.06s, meas=1, tracks=2, valid=1, master=2344
[LIVE] udp=1.0/s, objs=1.0/s, last_udp=0.96s, meas=1, tracks=2, valid=1, master=2344
[LIVE] udp=0.0/s, objs=0.0/s, last_udp=1.97s, meas=1, tracks=2, valid=1, master=2344
[LIVE] udp=0.0/s, objs=0.0/s, last_udp=2.97s, meas=1, tracks=2, valid=1, master=2344
[LIVE] udp=0.0/s, objs=0.0/s, last_udp=3.97s, meas=1, tracks=2, valid=1, master=2344
[LIVE] udp=0.0/s, objs=0.0/s, last_udp=4.97s, meas=1, tracks=2, valid=1, master=2344
[LIVE] udp=0.0/s, objs=0.0/s, last_udp=5.98s, meas=1, tracks=2, valid=1, master=2344
[LIVE] udp=2.0/s, objs=2.0/s, last_udp=0.20s, meas=1, tracks=2, valid=1, master=2344
[LIVE] udp=0.0/s, objs=0.0/s, last_udp=1.20s, meas=1, tracks=2, valid=1, master=2344
[LIVE] udp=0.0/s, objs=0.0/s, last_udp=2.20s, meas=1, tracks=2, valid=1, master=2344
[GPS] GGA fix_quality=1, num_sats=26, hdop=0.7, lat=30.4080985165, lon=104.08864009933333
[LIVE] udp=0.0/s, objs=0.0/s, last_udp=3.21s, meas=1, tracks=2, valid=1, master=2344
[LIVE] udp=3.0/s, objs=3.0/s, last_udp=0.02s, meas=1, tracks=1, valid=1, master=2344
[LIVE] udp=5.0/s, objs=5.0/s, last_udp=0.09s, meas=1, tracks=1, valid=1, master=2344
[LIVE] udp=9.0/s, objs=9.0/s, last_udp=0.09s, meas=1, tracks=2, valid=1, master=2344
[LIVE] udp=7.0/s, objs=7.0/s, last_udp=0.15s, meas=1, tracks=2, valid=1, master=2344
[LIVE] udp=7.0/s, objs=7.0/s, last_udp=0.23s, meas=1, tracks=2, valid=1, master=2344
[LIVE] udp=11.0/s, objs=11.0/s, last_udp=0.04s, meas=2, tracks=3, valid=1, master=2344
[LIVE] udp=8.0/s, objs=8.0/s, last_udp=0.11s, meas=1, tracks=3, valid=1, master=2344
[LIVE] udp=5.0/s, objs=5.0/s, last_udp=0.28s, meas=1, tracks=3, valid=1, master=2344
[LIVE] udp=6.0/s, objs=6.0/s, last_udp=0.04s, meas=1, tracks=3, valid=1, master=2344
[GPS] GGA fix_quality=1, num_sats=23, hdop=0.8, lat=30.408098576666667, lon=104.08864037066667
[LIVE] udp=7.0/s, objs=7.0/s, last_udp=0.06s, meas=1, tracks=3, valid=1, master=2344
[LIVE] udp=6.0/s, objs=6.0/s, last_udp=0.08s, meas=1, tracks=3, valid=1, master=2344
[LIVE] udp=8.0/s, objs=9.0/s, last_udp=0.12s, meas=1, tracks=4, valid=1, master=2344
[LIVE] udp=6.0/s, objs=6.0/s, last_udp=0.16s, meas=1, tracks=4, valid=1, master=2344
[LIVE] udp=5.0/s, objs=5.0/s, last_udp=0.38s, meas=1, tracks=4, valid=1, master=2344
[LIVE] udp=5.0/s, objs=5.0/s, last_udp=0.09s, meas=1, tracks=4, valid=1, master=2344
[Warning] 逻辑ID 1 没有配置偏差数据
[Warning] 逻辑ID 1 没有配置偏差数据
[LIVE] udp=9.0/s, objs=9.0/s, last_udp=0.11s, meas=1, tracks=4, valid=1, master=2344
[LIVE] udp=7.0/s, objs=7.0/s, last_udp=0.07s, meas=1, tracks=4, valid=1, master=2344
[LIVE] udp=6.0/s, objs=6.0/s, last_udp=0.09s, meas=1, tracks=4, valid=1, master=2344
[LIVE] udp=7.0/s, objs=7.0/s, last_udp=0.00s, meas=1, tracks=3, valid=1, master=2344
[GPS] GGA fix_quality=1, num_sats=25, hdop=0.7, lat=30.4080991265, lon=104.08864068333334
[LIVE] udp=6.0/s, objs=6.0/s, last_udp=0.06s, meas=1, tracks=3, valid=1, master=2344
[LIVE] udp=6.0/s, objs=6.0/s, last_udp=0.05s, meas=1, tracks=3, valid=1, master=2344
[Warning] 逻辑ID 1 没有配置偏差数据
[Warning] 逻辑ID 1 没有配置偏差数据
[LIVE] udp=8.0/s, objs=8.0/s, last_udp=0.11s, meas=1, tracks=3, valid=1, master=2344
[LIVE] udp=8.0/s, objs=8.0/s, last_udp=0.02s, meas=1, tracks=3, valid=1, master=2344
[LIVE] udp=6.0/s, objs=6.0/s, last_udp=0.09s, meas=1, tracks=3, valid=1, master=2344
[LIVE] udp=9.0/s, objs=9.0/s, last_udp=0.02s, meas=1, tracks=1, valid=1, master=2344
[LIVE] udp=7.0/s, objs=7.0/s, last_udp=0.01s, meas=1, tracks=1, valid=1, master=2344
[LIVE] udp=5.0/s, objs=5.0/s, last_udp=0.28s, meas=1, tracks=1, valid=1, master=2344
[LIVE] udp=5.0/s, objs=5.0/s, last_udp=0.03s, meas=1, tracks=1, valid=1, master=2344
[LIVE] udp=6.0/s, objs=6.0/s, last_udp=0.03s, meas=1, tracks=1, valid=1, master=2344
[GPS] GGA fix_quality=1, num_sats=25, hdop=0.7, lat=30.408099673666666, lon=104.08864065583333
[LIVE] udp=7.0/s, objs=7.0/s, last_udp=0.08s, meas=1, tracks=1, valid=1, master=2344
[LIVE] udp=7.0/s, objs=7.0/s, last_udp=0.19s, meas=1, tracks=1, valid=1, master=2344
[LIVE] udp=6.0/s, objs=6.0/s, last_udp=0.04s, meas=1, tracks=1, valid=1, master=2344
[LIVE] udp=7.0/s, objs=7.0/s, last_udp=0.11s, meas=1, tracks=1, valid=1, master=2344
[LIVE] udp=8.0/s, objs=8.0/s, last_udp=0.01s, meas=1, tracks=1, valid=1, master=2344
[LIVE] udp=5.0/s, objs=5.0/s, last_udp=0.10s, meas=1, tracks=1, valid=1, master=2344
[LIVE] udp=5.0/s, objs=5.0/s, last_udp=0.04s, meas=1, tracks=1, valid=1, master=2344
[LIVE] udp=6.0/s, objs=6.0/s, last_udp=0.08s, meas=1, tracks=1, valid=1, master=2344
[LIVE] udp=4.0/s, objs=4.0/s, last_udp=0.07s, meas=1, tracks=1, valid=1, master=2344
[LIVE] udp=7.0/s, objs=7.0/s, last_udp=0.08s, meas=1, tracks=1, valid=1, master=2344
[GPS] GGA fix_quality=1, num_sats=23, hdop=0.8, lat=30.408099948333334, lon=104.088640436
[LIVE] udp=5.0/s, objs=5.0/s, last_udp=0.25s, meas=1, tracks=1, valid=1, master=2344
[LIVE] udp=7.0/s, objs=7.0/s, last_udp=0.01s, meas=1, tracks=1, valid=1, master=2344
[LIVE] udp=5.0/s, objs=5.0/s, last_udp=0.01s, meas=1, tracks=1, valid=1, master=2344
[LIVE] udp=4.0/s, objs=4.0/s, last_udp=0.03s, meas=1, tracks=1, valid=1, master=2344
[LIVE] udp=6.0/s, objs=6.0/s, last_udp=0.20s, meas=1, tracks=1, valid=1, master=2344
[LIVE] udp=5.0/s, objs=5.0/s, last_udp=0.36s, meas=1, tracks=1, valid=1, master=2344
[LIVE] udp=5.0/s, objs=5.0/s, last_udp=0.10s, meas=1, tracks=1, valid=1, master=2344
[LIVE] udp=5.0/s, objs=5.0/s, last_udp=0.25s, meas=1, tracks=1, valid=1, master=2344
[LIVE] udp=6.0/s, objs=6.0/s, last_udp=0.01s, meas=1, tracks=1, valid=1, master=2344
[LIVE] udp=7.0/s, objs=7.0/s, last_udp=0.00s, meas=1, tracks=1, valid=1, master=2344
[GPS] GGA fix_quality=1, num_sats=24, hdop=0.8, lat=30.408099911833332, lon=104.08863999366666
[LIVE] udp=7.0/s, objs=7.0/s, last_udp=0.00s, meas=1, tracks=1, valid=1, master=2344
[LIVE] udp=5.0/s, objs=5.0/s, last_udp=0.02s, meas=1, tracks=1, valid=1, master=2344
[LIVE] udp=5.0/s, objs=5.0/s, last_udp=0.04s, meas=1, tracks=1, valid=1, master=2344
[LIVE] udp=5.0/s, objs=5.0/s, last_udp=0.07s, meas=1, tracks=1, valid=1, master=2344
[LIVE] udp=7.0/s, objs=7.0/s, last_udp=0.09s, meas=1, tracks=1, valid=1, master=2344
[LIVE] udp=4.0/s, objs=4.0/s, last_udp=0.21s, meas=1, tracks=1, valid=1, master=2344
[LIVE] udp=6.0/s, objs=6.0/s, last_udp=0.08s, meas=1, tracks=1, valid=1, master=2344
[LIVE] udp=5.0/s, objs=5.0/s, last_udp=0.02s, meas=1, tracks=1, valid=1, master=2344
[LIVE] udp=6.0/s, objs=6.0/s, last_udp=0.22s, meas=1, tracks=1, valid=1, master=2344
[GPS] GGA fix_quality=1, num_sats=23, hdop=0.8, lat=30.408099912166666, lon=104.088639629
[LIVE] udp=6.0/s, objs=6.0/s, last_udp=0.04s, meas=1, tracks=1, valid=1, master=2344
[LIVE] udp=6.0/s, objs=6.0/s, last_udp=0.01s, meas=1, tracks=1, valid=1, master=2344
[LIVE] udp=7.0/s, objs=7.0/s, last_udp=0.07s, meas=1, tracks=1, valid=1, master=2344
[LIVE] udp=7.0/s, objs=7.0/s, last_udp=0.07s, meas=1, tracks=1, valid=1, master=2344
[LIVE] udp=5.0/s, objs=5.0/s, last_udp=0.01s, meas=1, tracks=1, valid=1, master=2344
[LIVE] udp=8.0/s, objs=8.0/s, last_udp=0.03s, meas=1, tracks=1, valid=1, master=2344
[LIVE] udp=7.0/s, objs=7.0/s, last_udp=0.14s, meas=1, tracks=1, valid=1, master=2344
[LIVE] udp=7.0/s, objs=7.0/s, last_udp=0.04s, meas=1, tracks=1, valid=1, master=2344
[LIVE] udp=7.0/s, objs=7.0/s, last_udp=0.05s, meas=1, tracks=1, valid=1, master=2344
[LIVE] udp=7.0/s, objs=7.0/s, last_udp=0.06s, meas=1, tracks=1, valid=1, master=2344
[GPS] GGA fix_quality=1, num_sats=24, hdop=0.8, lat=30.408099629166667, lon=104.08863726366667
[LIVE] udp=8.0/s, objs=8.0/s, last_udp=0.01s, meas=1, tracks=1, valid=1, master=2344
[LIVE] udp=7.0/s, objs=7.0/s, last_udp=0.08s, meas=1, tracks=1, valid=1, master=2344
[LIVE] udp=6.0/s, objs=6.0/s, last_udp=0.15s, meas=1, tracks=1, valid=1, master=2344
[LIVE] udp=6.0/s, objs=6.0/s, last_udp=0.08s, meas=1, tracks=1, valid=1, master=2344
[LIVE] udp=7.0/s, objs=7.0/s, last_udp=0.01s, meas=1, tracks=1, valid=1, master=2344
[LIVE] udp=7.0/s, objs=7.0/s, last_udp=0.08s, meas=1, tracks=1, valid=1, master=2344
[LIVE] udp=6.0/s, objs=6.0/s, last_udp=0.10s, meas=1, tracks=1, valid=1, master=2344
[LIVE] udp=4.0/s, objs=4.0/s, last_udp=0.63s, meas=1, tracks=1, valid=1, master=2344
[LIVE] udp=4.0/s, objs=4.0/s, last_udp=0.19s, meas=1, tracks=1, valid=1, master=2344
[LIVE] udp=3.0/s, objs=3.0/s, last_udp=0.21s, meas=1, tracks=1, valid=1, master=2344
[GPS] GGA fix_quality=1, num_sats=23, hdop=0.8, lat=30.408099097166666, lon=104.08864194383334
[LIVE] udp=6.0/s, objs=6.0/s, last_udp=0.12s, meas=1, tracks=1, valid=1, master=2344
[LIVE] udp=6.0/s, objs=6.0/s, last_udp=0.05s, meas=1, tracks=1, valid=1, master=2344
[LIVE] udp=4.0/s, objs=4.0/s, last_udp=0.14s, meas=1, tracks=1, valid=1, master=2344
[LIVE] udp=5.0/s, objs=5.0/s, last_udp=0.22s, meas=1, tracks=1, valid=1, master=2344
[LIVE] udp=4.0/s, objs=4.0/s, last_udp=0.10s, meas=1, tracks=1, valid=1, master=2344
[LIVE] udp=3.0/s, objs=3.0/s, last_udp=0.53s, meas=1, tracks=1, valid=1, master=2344
[LIVE] udp=2.0/s, objs=2.0/s, last_udp=0.11s, meas=1, tracks=1, valid=1, master=2344
[LIVE] udp=2.0/s, objs=2.0/s, last_udp=0.48s, meas=1, tracks=1, valid=1, master=2344
[LIVE] udp=0.0/s, objs=0.0/s, last_udp=1.49s, meas=1, tracks=1, valid=1, master=2344
[LIVE] udp=0.0/s, objs=0.0/s, last_udp=2.49s, meas=1, tracks=1, valid=1, master=2344
[GPS] GGA fix_quality=1, num_sats=23, hdop=0.8, lat=30.408101731166667, lon=104.08863775833333
[LIVE] udp=3.0/s, objs=3.0/s, last_udp=0.00s, meas=1, tracks=1, valid=1, master=2344
[LIVE] udp=5.0/s, objs=5.0/s, last_udp=0.10s, meas=1, tracks=1, valid=1, master=2344
[LIVE] udp=8.0/s, objs=8.0/s, last_udp=0.00s, meas=1, tracks=1, valid=1, master=2344
[LIVE] udp=8.0/s, objs=8.0/s, last_udp=0.10s, meas=1, tracks=2, valid=1, master=2344
[LIVE] udp=10.0/s, objs=12.0/s, last_udp=0.02s, meas=1, tracks=3, valid=1, master=2344
[LIVE] udp=5.0/s, objs=5.0/s, last_udp=0.13s, meas=1, tracks=3, valid=1, master=2344
[LIVE] udp=5.0/s, objs=5.0/s, last_udp=0.10s, meas=1, tracks=3, valid=1, master=2344
[LIVE] udp=6.0/s, objs=6.0/s, last_udp=0.01s, meas=1, tracks=3, valid=1, master=2344
[LIVE] udp=1.0/s, objs=1.0/s, last_udp=0.90s, meas=1, tracks=3, valid=1, master=2344
[LIVE] udp=0.0/s, objs=0.0/s, last_udp=1.91s, meas=1, tracks=3, valid=1, master=2344
[GPS] GGA fix_quality=1, num_sats=25, hdop=0.7, lat=30.408105948166668, lon=104.08863771866666
[LIVE] udp=2.0/s, objs=2.0/s, last_udp=0.31s, meas=1, tracks=3, valid=1, master=2344
[LIVE] udp=1.0/s, objs=1.0/s, last_udp=0.96s, meas=1, tracks=3, valid=1, master=2344
[LIVE] udp=2.0/s, objs=2.0/s, last_udp=0.20s, meas=1, tracks=3, valid=1, master=2344
[LIVE] udp=5.0/s, objs=5.0/s, last_udp=0.12s, meas=2, tracks=3, valid=1, master=2344
[LIVE] udp=5.0/s, objs=5.0/s, last_udp=0.09s, meas=1, tracks=3, valid=1, master=2344
[LIVE] udp=4.0/s, objs=4.0/s, last_udp=0.10s, meas=1, tracks=3, valid=1, master=2344
[LIVE] udp=3.0/s, objs=3.0/s, last_udp=0.06s, meas=1, tracks=3, valid=1, master=2344
[LIVE] udp=3.0/s, objs=3.0/s, last_udp=0.20s, meas=1, tracks=2, valid=1, master=2344
[LIVE] udp=4.0/s, objs=4.0/s, last_udp=0.11s, meas=1, tracks=2, valid=1, master=2344
[LIVE] udp=1.0/s, objs=1.0/s, last_udp=0.87s, meas=1, tracks=2, valid=1, master=2344
[GPS] GGA fix_quality=1, num_sats=24, hdop=0.7, lat=30.40810874, lon=104.08864509083334
[LIVE] udp=3.0/s, objs=3.0/s, last_udp=0.09s, meas=1, tracks=2, valid=1, master=2344
[LIVE] udp=5.0/s, objs=5.0/s, last_udp=0.18s, meas=1, tracks=2, valid=1, master=2344
[LIVE] udp=5.0/s, objs=5.0/s, last_udp=0.36s, meas=1, tracks=2, valid=1, master=2344
[LIVE] udp=3.0/s, objs=3.0/s, last_udp=0.06s, meas=1, tracks=2, valid=1, master=2344
[LIVE] udp=4.0/s, objs=4.0/s, last_udp=0.07s, meas=1, tracks=2, valid=1, master=2344
[LIVE] udp=5.0/s, objs=5.0/s, last_udp=0.06s, meas=1, tracks=2, valid=1, master=2344
[LIVE] udp=3.0/s, objs=3.0/s, last_udp=0.01s, meas=1, tracks=2, valid=1, master=2344
[LIVE] udp=4.0/s, objs=4.0/s, last_udp=0.03s, meas=1, tracks=1, valid=1, master=2344
[LIVE] udp=5.0/s, objs=5.0/s, last_udp=0.00s, meas=1, tracks=1, valid=1, master=2344
[LIVE] udp=2.0/s, objs=2.0/s, last_udp=0.42s, meas=1, tracks=1, valid=1, master=2344
[GPS] GGA fix_quality=1, num_sats=24, hdop=0.7, lat=30.4081077135, lon=104.088649476
[LIVE] udp=4.0/s, objs=4.0/s, last_udp=0.06s, meas=1, tracks=1, valid=1, master=2344
[LIVE] udp=2.0/s, objs=2.0/s, last_udp=0.46s, meas=1, tracks=1, valid=1, master=2344
[LIVE] udp=3.0/s, objs=3.0/s, last_udp=0.09s, meas=1, tracks=1, valid=1, master=2344
[LIVE] udp=3.0/s, objs=3.0/s, last_udp=0.09s, meas=1, tracks=1, valid=1, master=2344
[LIVE] udp=0.0/s, objs=0.0/s, last_udp=1.10s, meas=1, tracks=1, valid=1, master=2344
[LIVE] udp=0.0/s, objs=0.0/s, last_udp=2.10s, meas=1, tracks=1, valid=1, master=2344
[LIVE] udp=0.0/s, objs=0.0/s, last_udp=3.10s, meas=1, tracks=1, valid=1, master=2344
[LIVE] udp=0.0/s, objs=0.0/s, last_udp=4.10s, meas=1, tracks=1, valid=1, master=2344
[LIVE] udp=0.0/s, objs=0.0/s, last_udp=5.10s, meas=1, tracks=1, valid=1, master=2344
[LIVE] udp=0.0/s, objs=0.0/s, last_udp=6.11s, meas=1, tracks=1, valid=1, master=2344
[GPS] GGA fix_quality=1, num_sats=26, hdop=0.7, lat=30.408109441166665, lon=104.08865092416667
[LIVE] udp=3.0/s, objs=3.0/s, last_udp=0.20s, meas=1, tracks=1, valid=1, master=2344
[LIVE] udp=1.0/s, objs=1.0/s, last_udp=0.96s, meas=1, tracks=1, valid=1, master=2344
[LIVE] udp=0.0/s, objs=0.0/s, last_udp=1.96s, meas=1, tracks=1, valid=1, master=2344
[LIVE] udp=0.0/s, objs=0.0/s, last_udp=2.97s, meas=1, tracks=1, valid=1, master=2344
[LIVE] udp=0.0/s, objs=0.0/s, last_udp=3.97s, meas=1, tracks=1, valid=1, master=2344
[LIVE] udp=0.0/s, objs=0.0/s, last_udp=4.97s, meas=1, tracks=1, valid=1, master=2344
[LIVE] udp=1.0/s, objs=1.0/s, last_udp=0.77s, meas=1, tracks=1, valid=1, master=2344
[LIVE] udp=3.0/s, objs=3.0/s, last_udp=0.01s, meas=1, tracks=1, valid=1, master=2344
[LIVE] udp=3.0/s, objs=3.0/s, last_udp=0.01s, meas=1, tracks=1, valid=1, master=2344
[LIVE] udp=4.0/s, objs=4.0/s, last_udp=0.15s, meas=1, tracks=1, valid=1, master=2344
[GPS] GGA fix_quality=1, num_sats=24, hdop=0.7, lat=30.408106148999998, lon=104.088650138
[Warning] 逻辑ID 1 没有配置偏差数据
[Warning] 逻辑ID 1 没有配置偏差数据
[LIVE] udp=3.0/s, objs=3.0/s, last_udp=0.27s, meas=0, tracks=1, valid=0, master=2344
[LIVE] udp=3.0/s, objs=3.0/s, last_udp=0.12s, meas=1, tracks=2, valid=1, master=2344
[LIVE] udp=0.0/s, objs=0.0/s, last_udp=1.12s, meas=1, tracks=2, valid=1, master=2344
[Warning] 逻辑ID 1 没有配置偏差数据
[LIVE] udp=7.0/s, objs=7.0/s, last_udp=0.15s, meas=2, tracks=2, valid=1, master=2344
[LIVE] udp=2.0/s, objs=2.0/s, last_udp=0.24s, meas=1, tracks=2, valid=1, master=2344
[LIVE] udp=0.0/s, objs=0.0/s, last_udp=1.24s, meas=1, tracks=2, valid=1, master=2344
[LIVE] udp=0.0/s, objs=0.0/s, last_udp=2.24s, meas=1, tracks=2, valid=1, master=2344
[LIVE] udp=0.0/s, objs=0.0/s, last_udp=3.24s, meas=1, tracks=2, valid=1, master=2344
[LIVE] udp=0.0/s, objs=0.0/s, last_udp=4.25s, meas=1, tracks=2, valid=1, master=2344
[LIVE] udp=0.0/s, objs=0.0/s, last_udp=5.25s, meas=1, tracks=2, valid=1, master=2344
[GPS] GGA fix_quality=1, num_sats=25, hdop=0.7, lat=30.4081054975, lon=104.0886528515
[LIVE] udp=1.0/s, objs=1.0/s, last_udp=0.49s, meas=1, tracks=2, valid=1, master=2344
[LIVE] udp=0.0/s, objs=0.0/s, last_udp=1.49s, meas=1, tracks=2, valid=1, master=2344
[LIVE] udp=0.0/s, objs=0.0/s, last_udp=2.49s, meas=1, tracks=2, valid=1, master=2344
[LIVE] udp=1.0/s, objs=1.0/s, last_udp=0.13s, meas=1, tracks=2, valid=1, master=2344
[LIVE] udp=0.0/s, objs=0.0/s, last_udp=1.13s, meas=1, tracks=3, valid=0, master=2344
[LIVE] udp=0.0/s, objs=0.0/s, last_udp=2.13s, meas=1, tracks=3, valid=0, master=2344
[LIVE] udp=1.0/s, objs=1.0/s, last_udp=0.48s, meas=1, tracks=2, valid=0, master=2344
[LIVE] udp=3.0/s, objs=3.0/s, last_udp=0.18s, meas=1, tracks=2, valid=1, master=2352
[LIVE] udp=0.0/s, objs=0.0/s, last_udp=1.18s, meas=1, tracks=2, valid=1, master=2352
[LIVE] udp=0.0/s, objs=0.0/s, last_udp=2.18s, meas=1, tracks=2, valid=1, master=2352
[GPS] GGA fix_quality=1, num_sats=24, hdop=0.7, lat=30.408107066166668, lon=104.08864737116667
[LIVE] udp=0.0/s, objs=0.0/s, last_udp=3.18s, meas=1, tracks=2, valid=1, master=2352
[LIVE] udp=0.0/s, objs=0.0/s, last_udp=4.19s, meas=1, tracks=2, valid=1, master=2352
[LIVE] udp=0.0/s, objs=0.0/s, last_udp=5.19s, meas=1, tracks=2, valid=1, master=2352
[LIVE] udp=1.0/s, objs=1.0/s, last_udp=0.07s, meas=1, tracks=2, valid=1, master=2352
[LIVE] udp=1.0/s, objs=1.0/s, last_udp=0.92s, meas=1, tracks=1, valid=1, master=2352
[LIVE] udp=0.0/s, objs=0.0/s, last_udp=1.92s, meas=1, tracks=1, valid=1, master=2352
[LIVE] udp=3.0/s, objs=3.0/s, last_udp=0.09s, meas=1, tracks=1, valid=1, master=2352
[LIVE] udp=5.0/s, objs=5.0/s, last_udp=0.31s, meas=1, tracks=1, valid=1, master=2352
[LIVE] udp=5.0/s, objs=5.0/s, last_udp=0.28s, meas=1, tracks=1, valid=1, master=2352
[LIVE] udp=6.0/s, objs=6.0/s, last_udp=0.05s, meas=1, tracks=1, valid=1, master=2352
[GPS] GGA fix_quality=1, num_sats=22, hdop=0.9, lat=30.408107751333333, lon=104.088642444
[LIVE] udp=3.0/s, objs=3.0/s, last_udp=0.40s, meas=1, tracks=1, valid=1, master=2352
[LIVE] udp=5.0/s, objs=5.0/s, last_udp=0.12s, meas=1, tracks=1, valid=1, master=2352
[LIVE] udp=5.0/s, objs=5.0/s, last_udp=0.10s, meas=1, tracks=1, valid=1, master=2352
[LIVE] udp=4.0/s, objs=4.0/s, last_udp=0.17s, meas=1, tracks=1, valid=1, master=2352
[LIVE] udp=4.0/s, objs=4.0/s, last_udp=0.06s, meas=1, tracks=1, valid=1, master=2352
[LIVE] udp=4.0/s, objs=4.0/s, last_udp=0.07s, meas=1, tracks=1, valid=1, master=2352
[LIVE] udp=3.0/s, objs=3.0/s, last_udp=0.19s, meas=1, tracks=1, valid=1, master=2352
[LIVE] udp=4.0/s, objs=4.0/s, last_udp=0.00s, meas=1, tracks=1, valid=1, master=2352
[LIVE] udp=4.0/s, objs=4.0/s, last_udp=0.05s, meas=1, tracks=1, valid=1, master=2352
[LIVE] udp=3.0/s, objs=3.0/s, last_udp=0.28s, meas=1, tracks=1, valid=1, master=2352
[GPS] GGA fix_quality=1, num_sats=24, hdop=0.7, lat=30.408106917, lon=104.08864624283333
[LIVE] udp=6.0/s, objs=6.0/s, last_udp=0.21s, meas=2, tracks=2, valid=1, master=2352
[LIVE] udp=2.0/s, objs=2.0/s, last_udp=0.11s, meas=1, tracks=2, valid=1, master=2352
[LIVE] udp=2.0/s, objs=2.0/s, last_udp=0.39s, meas=1, tracks=2, valid=1, master=2352
[LIVE] udp=6.0/s, objs=6.0/s, last_udp=0.08s, meas=1, tracks=2, valid=1, master=2352
[LIVE] udp=4.0/s, objs=4.0/s, last_udp=0.24s, meas=1, tracks=2, valid=1, master=2352
[LIVE] udp=5.0/s, objs=5.0/s, last_udp=0.13s, meas=1, tracks=2, valid=1, master=2352
[LIVE] udp=4.0/s, objs=4.0/s, last_udp=0.15s, meas=1, tracks=2, valid=1, master=2352
[LIVE] udp=3.0/s, objs=3.0/s, last_udp=0.24s, meas=1, tracks=2, valid=1, master=2352
[LIVE] udp=4.0/s, objs=4.0/s, last_udp=0.35s, meas=1, tracks=2, valid=1, master=2352
[LIVE] udp=5.0/s, objs=5.0/s, last_udp=0.17s, meas=2, tracks=2, valid=1, master=2352
[GPS] GGA fix_quality=1, num_sats=25, hdop=0.7, lat=30.408106995166666, lon=104.0886450925
[LIVE] udp=5.0/s, objs=5.0/s, last_udp=0.05s, meas=1, tracks=2, valid=1, master=2352
[LIVE] udp=7.0/s, objs=7.0/s, last_udp=0.01s, meas=1, tracks=2, valid=1, master=2352
[LIVE] udp=7.0/s, objs=7.0/s, last_udp=0.06s, meas=1, tracks=2, valid=1, master=2352
[LIVE] udp=7.0/s, objs=7.0/s, last_udp=0.19s, meas=2, tracks=3, valid=1, master=2352
[LIVE] udp=5.0/s, objs=5.0/s, last_udp=0.10s, meas=1, tracks=3, valid=1, master=2352
[LIVE] udp=5.0/s, objs=5.0/s, last_udp=0.10s, meas=1, tracks=3, valid=1, master=2352
[LIVE] udp=5.0/s, objs=5.0/s, last_udp=0.21s, meas=1, tracks=3, valid=1, master=2352
[LIVE] udp=6.0/s, objs=6.0/s, last_udp=0.00s, meas=1, tracks=3, valid=1, master=2352
[LIVE] udp=6.0/s, objs=6.0/s, last_udp=0.03s, meas=1, tracks=3, valid=1, master=2352
[LIVE] udp=7.0/s, objs=7.0/s, last_udp=0.14s, meas=1, tracks=3, valid=1, master=2352
[GPS] GGA fix_quality=1, num_sats=24, hdop=0.7, lat=30.408107533166667, lon=104.088637835
[LIVE] udp=6.0/s, objs=6.0/s, last_udp=0.03s, meas=1, tracks=3, valid=1, master=2352
[LIVE] udp=4.0/s, objs=4.0/s, last_udp=0.19s, meas=1, tracks=3, valid=1, master=2352
[LIVE] udp=4.0/s, objs=4.0/s, last_udp=0.27s, meas=1, tracks=2, valid=1, master=2352
[LIVE] udp=6.0/s, objs=6.0/s, last_udp=0.02s, meas=1, tracks=2, valid=1, master=2352
[LIVE] udp=6.0/s, objs=6.0/s, last_udp=0.09s, meas=1, tracks=2, valid=1, master=2352
[LIVE] udp=8.0/s, objs=8.0/s, last_udp=0.03s, meas=1, tracks=2, valid=1, master=2352
[LIVE] udp=6.0/s, objs=6.0/s, last_udp=0.34s, meas=1, tracks=2, valid=1, master=2352
[LIVE] udp=2.0/s, objs=2.0/s, last_udp=0.33s, meas=1, tracks=2, valid=1, master=2352
[LIVE] udp=3.0/s, objs=3.0/s, last_udp=0.13s, meas=1, tracks=2, valid=1, master=2352
[LIVE] udp=7.0/s, objs=7.0/s, last_udp=0.01s, meas=1, tracks=2, valid=1, master=2352
[GPS] GGA fix_quality=1, num_sats=27, hdop=0.6, lat=30.4081077745, lon=104.08863711133333
[LIVE] udp=8.0/s, objs=8.0/s, last_udp=0.02s, meas=1, tracks=2, valid=1, master=2352
[LIVE] udp=6.0/s, objs=6.0/s, last_udp=0.12s, meas=1, tracks=2, valid=1, master=2352
[LIVE] udp=10.0/s, objs=10.0/s, last_udp=0.06s, meas=1, tracks=2, valid=1, master=2352
[LIVE] udp=3.0/s, objs=3.0/s, last_udp=0.67s, meas=1, tracks=2, valid=1, master=2352
[LIVE] udp=2.0/s, objs=2.0/s, last_udp=0.10s, meas=1, tracks=2, valid=1, master=2352
[LIVE] udp=0.0/s, objs=0.0/s, last_udp=1.10s, meas=1, tracks=2, valid=1, master=2352
[LIVE] udp=0.0/s, objs=0.0/s, last_udp=2.10s, meas=1, tracks=2, valid=1, master=2352
[LIVE] udp=5.0/s, objs=5.0/s, last_udp=0.24s, meas=1, tracks=2, valid=1, master=2352
[LIVE] udp=3.0/s, objs=3.0/s, last_udp=0.68s, meas=1, tracks=2, valid=1, master=2352
[LIVE] udp=1.0/s, objs=1.0/s, last_udp=0.38s, meas=1, tracks=2, valid=1, master=2352
[GPS] GGA fix_quality=1, num_sats=25, hdop=0.7, lat=30.4081091515, lon=104.08863502216667
[LIVE] udp=4.0/s, objs=4.0/s, last_udp=0.02s, meas=1, tracks=2, valid=1, master=2352
[LIVE] udp=8.0/s, objs=8.0/s, last_udp=0.03s, meas=1, tracks=2, valid=1, master=2352
[LIVE] udp=2.0/s, objs=2.0/s, last_udp=0.86s, meas=1, tracks=2, valid=1, master=2352
[LIVE] udp=6.0/s, objs=6.0/s, last_udp=0.06s, meas=1, tracks=2, valid=1, master=2352
[LIVE] udp=8.0/s, objs=8.0/s, last_udp=0.10s, meas=1, tracks=1, valid=1, master=2352
[LIVE] udp=1.0/s, objs=1.0/s, last_udp=0.99s, meas=1, tracks=1, valid=1, master=2352
[LIVE] udp=0.0/s, objs=0.0/s, last_udp=1.99s, meas=1, tracks=1, valid=1, master=2352
[LIVE] udp=0.0/s, objs=0.0/s, last_udp=3.00s, meas=1, tracks=1, valid=1, master=2352
[LIVE] udp=2.0/s, objs=2.0/s, last_udp=0.05s, meas=1, tracks=1, valid=1, master=2352
[LIVE] udp=1.0/s, objs=1.0/s, last_udp=0.65s, meas=1, tracks=1, valid=1, master=2352
[GPS] GGA fix_quality=1, num_sats=24, hdop=0.7, lat=30.408111258333335, lon=104.08863973966666
[LIVE] udp=0.0/s, objs=0.0/s, last_udp=1.65s, meas=1, tracks=1, valid=1, master=2352
[LIVE] udp=0.0/s, objs=0.0/s, last_udp=2.65s, meas=1, tracks=1, valid=1, master=2352
[LIVE] udp=0.0/s, objs=0.0/s, last_udp=3.66s, meas=1, tracks=1, valid=1, master=2352
[LIVE] udp=0.0/s, objs=0.0/s, last_udp=4.66s, meas=1, tracks=1, valid=1, master=2352
[LIVE] udp=1.0/s, objs=1.0/s, last_udp=0.05s, meas=1, tracks=1, valid=1, master=2352
[LIVE] udp=3.0/s, objs=3.0/s, last_udp=0.17s, meas=1, tracks=1, valid=1, master=2352
[LIVE] udp=3.0/s, objs=3.0/s, last_udp=0.28s, meas=1, tracks=1, valid=1, master=2352
[LIVE] udp=0.0/s, objs=0.0/s, last_udp=1.28s, meas=1, tracks=1, valid=1, master=2352
[LIVE] udp=3.0/s, objs=3.0/s, last_udp=0.22s, meas=1, tracks=1, valid=1, master=2352
[LIVE] udp=5.0/s, objs=5.0/s, last_udp=0.08s, meas=1, tracks=1, valid=1, master=2352
[GPS] GGA fix_quality=1, num_sats=24, hdop=0.8, lat=30.408106935333333, lon=104.08863675716667
[LIVE] udp=5.0/s, objs=5.0/s, last_udp=0.12s, meas=1, tracks=1, valid=1, master=2352
[Warning] 逻辑ID 1 没有配置偏差数据
[Warning] 逻辑ID 1 没有配置偏差数据
[LIVE] udp=8.0/s, objs=8.0/s, last_udp=0.12s, meas=1, tracks=1, valid=1, master=2352
[LIVE] udp=7.0/s, objs=7.0/s, last_udp=0.03s, meas=1, tracks=1, valid=1, master=2352
[LIVE] udp=6.0/s, objs=6.0/s, last_udp=0.13s, meas=1, tracks=1, valid=1, master=2352
[LIVE] udp=4.0/s, objs=4.0/s, last_udp=0.41s, meas=1, tracks=1, valid=1, master=2352
[LIVE] udp=5.0/s, objs=5.0/s, last_udp=0.07s, meas=1, tracks=1, valid=1, master=2352
[LIVE] udp=4.0/s, objs=4.0/s, last_udp=0.22s, meas=1, tracks=1, valid=1, master=2352
[LIVE] udp=4.0/s, objs=4.0/s, last_udp=0.16s, meas=1, tracks=1, valid=1, master=2352
[LIVE] udp=3.0/s, objs=3.0/s, last_udp=0.05s, meas=1, tracks=1, valid=1, master=2352
[LIVE] udp=3.0/s, objs=3.0/s, last_udp=0.50s, meas=1, tracks=1, valid=1, master=2352
[GPS] GGA fix_quality=1, num_sats=24, hdop=0.8, lat=30.408105727333332, lon=104.0886393315
[LIVE] udp=2.0/s, objs=2.0/s, last_udp=0.53s, meas=1, tracks=1, valid=1, master=2352
[LIVE] udp=2.0/s, objs=2.0/s, last_udp=0.35s, meas=1, tracks=1, valid=1, master=2352
[LIVE] udp=6.0/s, objs=6.0/s, last_udp=0.00s, meas=1, tracks=2, valid=1, master=2352
[LIVE] udp=4.0/s, objs=4.0/s, last_udp=0.11s, meas=1, tracks=2, valid=1, master=2352
[LIVE] udp=1.0/s, objs=1.0/s, last_udp=0.62s, meas=1, tracks=2, valid=1, master=2352
[LIVE] udp=4.0/s, objs=4.0/s, last_udp=0.12s, meas=1, tracks=2, valid=1, master=2352
[LIVE] udp=3.0/s, objs=3.0/s, last_udp=0.03s, meas=1, tracks=2, valid=1, master=2352
[LIVE] udp=3.0/s, objs=3.0/s, last_udp=0.14s, meas=1, tracks=2, valid=1, master=2352
[LIVE] udp=1.0/s, objs=1.0/s, last_udp=0.84s, meas=1, tracks=2, valid=1, master=2352
[LIVE] udp=0.0/s, objs=0.0/s, last_udp=1.84s, meas=1, tracks=2, valid=1, master=2352
[GPS] GGA fix_quality=1, num_sats=25, hdop=0.7, lat=30.408102755833333, lon=104.08863884166666
[LIVE] udp=0.0/s, objs=0.0/s, last_udp=2.85s, meas=1, tracks=2, valid=1, master=2352
[LIVE] udp=0.0/s, objs=0.0/s, last_udp=3.85s, meas=1, tracks=2, valid=1, master=2352
[LIVE] udp=1.0/s, objs=1.0/s, last_udp=0.12s, meas=1, tracks=2, valid=1, master=2352
[LIVE] udp=0.0/s, objs=0.0/s, last_udp=1.13s, meas=1, tracks=2, valid=1, master=2352
[LIVE] udp=0.0/s, objs=0.0/s, last_udp=2.13s, meas=1, tracks=2, valid=1, master=2352
[Warning] 逻辑ID 1 没有配置偏差数据
[LIVE] udp=1.0/s, objs=1.0/s, last_udp=0.72s, meas=0, tracks=1, valid=0, master=2352
[LIVE] udp=1.0/s, objs=1.0/s, last_udp=0.37s, meas=1, tracks=2, valid=0, master=2352
[LIVE] udp=3.0/s, objs=3.0/s, last_udp=0.07s, meas=1, tracks=2, valid=1, master=2356
[LIVE] udp=4.0/s, objs=4.0/s, last_udp=0.25s, meas=1, tracks=2, valid=1, master=2356
[LIVE] udp=0.0/s, objs=0.0/s, last_udp=1.25s, meas=1, tracks=2, valid=1, master=2356
[GPS] GGA fix_quality=1, num_sats=24, hdop=0.8, lat=30.408103376166668, lon=104.08863718016667
[LIVE] udp=0.0/s, objs=0.0/s, last_udp=2.25s, meas=1, tracks=2, valid=1, master=2356
[LIVE] udp=1.0/s, objs=1.0/s, last_udp=0.78s, meas=1, tracks=2, valid=1, master=2352
[LIVE] udp=8.0/s, objs=8.0/s, last_udp=0.04s, meas=1, tracks=2, valid=1, master=2356
[LIVE] udp=9.0/s, objs=9.0/s, last_udp=0.15s, meas=1, tracks=2, valid=1, master=2356
[LIVE] udp=8.0/s, objs=8.0/s, last_udp=0.03s, meas=1, tracks=2, valid=1, master=2356
[LIVE] udp=7.0/s, objs=7.0/s, last_udp=0.07s, meas=1, tracks=2, valid=1, master=2356
[LIVE] udp=7.0/s, objs=7.0/s, last_udp=0.05s, meas=1, tracks=2, valid=1, master=2356
[LIVE] udp=7.0/s, objs=7.0/s, last_udp=0.03s, meas=1, tracks=2, valid=1, master=2356
[LIVE] udp=9.0/s, objs=9.0/s, last_udp=0.01s, meas=1, tracks=2, valid=1, master=2356
[LIVE] udp=7.0/s, objs=7.0/s, last_udp=0.08s, meas=1, tracks=2, valid=1, master=2356
[GPS] GGA fix_quality=1, num_sats=25, hdop=0.7, lat=30.408104548, lon=104.08863692433333
[LIVE] udp=7.0/s, objs=7.0/s, last_udp=0.05s, meas=1, tracks=2, valid=1, master=2356
[LIVE] udp=6.0/s, objs=6.0/s, last_udp=0.10s, meas=1, tracks=2, valid=1, master=2356
[LIVE] udp=5.0/s, objs=5.0/s, last_udp=0.11s, meas=1, tracks=2, valid=1, master=2356
[LIVE] udp=5.0/s, objs=5.0/s, last_udp=0.12s, meas=1, tracks=2, valid=1, master=2356
[LIVE] udp=6.0/s, objs=6.0/s, last_udp=0.06s, meas=1, tracks=2, valid=1, master=2356
[LIVE] udp=6.0/s, objs=6.0/s, last_udp=0.08s, meas=1, tracks=2, valid=1, master=2356
[LIVE] udp=13.9/s, objs=19.9/s, last_udp=0.04s, meas=3, tracks=5, valid=3, master=2356
[LIVE] udp=7.0/s, objs=7.0/s, last_udp=0.19s, meas=1, tracks=5, valid=1, master=2356
[LIVE] udp=8.0/s, objs=8.0/s, last_udp=0.01s, meas=1, tracks=5, valid=1, master=2356
[LIVE] udp=7.0/s, objs=7.0/s, last_udp=0.11s, meas=1, tracks=5, valid=1, master=2356
[GPS] GGA fix_quality=1, num_sats=25, hdop=0.7, lat=30.408105196666668, lon=104.08863737483334
[LIVE] udp=6.0/s, objs=6.0/s, last_udp=0.21s, meas=1, tracks=5, valid=1, master=2356
[LIVE] udp=6.0/s, objs=6.0/s, last_udp=0.10s, meas=1, tracks=5, valid=1, master=2356
[LIVE] udp=7.0/s, objs=9.0/s, last_udp=0.11s, meas=1, tracks=5, valid=1, master=2356
[LIVE] udp=6.0/s, objs=6.0/s, last_udp=0.17s, meas=1, tracks=5, valid=1, master=2356
[LIVE] udp=7.0/s, objs=8.0/s, last_udp=0.13s, meas=1, tracks=5, valid=1, master=2356
[LIVE] udp=6.0/s, objs=6.0/s, last_udp=0.08s, meas=1, tracks=5, valid=1, master=2356
[LIVE] udp=0.0/s, objs=0.0/s, last_udp=1.09s, meas=1, tracks=5, valid=1, master=2356
[LIVE] udp=0.0/s, objs=0.0/s, last_udp=2.09s, meas=1, tracks=5, valid=1, master=2356
[LIVE] udp=0.0/s, objs=0.0/s, last_udp=3.09s, meas=1, tracks=5, valid=1, master=2356
[LIVE] udp=0.0/s, objs=0.0/s, last_udp=4.09s, meas=1, tracks=5, valid=1, master=2356
[GPS] GGA fix_quality=1, num_sats=25, hdop=0.7, lat=30.408106183, lon=104.08863589916666
[LIVE] udp=0.0/s, objs=0.0/s, last_udp=5.10s, meas=1, tracks=5, valid=1, master=2356
[LIVE] udp=0.0/s, objs=0.0/s, last_udp=6.10s, meas=1, tracks=5, valid=1, master=2356
[LIVE] udp=0.0/s, objs=0.0/s, last_udp=7.10s, meas=1, tracks=5, valid=1, master=2356
[LIVE] udp=2.0/s, objs=2.0/s, last_udp=0.17s, meas=1, tracks=3, valid=0, master=2356
[LIVE] udp=1.0/s, objs=1.0/s, last_udp=0.01s, meas=1, tracks=3, valid=0, master=2356
[LIVE] udp=2.0/s, objs=2.0/s, last_udp=0.54s, meas=1, tracks=2, valid=1, master=2356
[LIVE] udp=0.0/s, objs=0.0/s, last_udp=1.54s, meas=1, tracks=2, valid=1, master=2356
[LIVE] udp=0.0/s, objs=0.0/s, last_udp=2.54s, meas=1, tracks=2, valid=1, master=2356
[LIVE] udp=0.0/s, objs=0.0/s, last_udp=3.54s, meas=1, tracks=2, valid=1, master=2356
[LIVE] udp=6.0/s, objs=6.0/s, last_udp=0.09s, meas=1, tracks=2, valid=1, master=2356
[Warning] 逻辑ID 1 没有配置偏差数据
[Warning] 逻辑ID 1 没有配置偏差数据
[GPS] GGA fix_quality=1, num_sats=23, hdop=0.8, lat=30.408105942, lon=104.08863558783334
[Warning] 逻辑ID 1 没有配置偏差数据
[LIVE] udp=9.0/s, objs=9.0/s, last_udp=0.09s, meas=1, tracks=2, valid=1, master=2356
[LIVE] udp=4.0/s, objs=4.0/s, last_udp=0.14s, meas=1, tracks=2, valid=1, master=2356
[LIVE] udp=4.0/s, objs=4.0/s, last_udp=0.11s, meas=1, tracks=2, valid=1, master=2356
[LIVE] udp=7.0/s, objs=7.0/s, last_udp=0.06s, meas=1, tracks=2, valid=1, master=2356
[LIVE] udp=3.0/s, objs=3.0/s, last_udp=0.44s, meas=1, tracks=2, valid=1, master=2356
[LIVE] udp=3.0/s, objs=3.0/s, last_udp=0.10s, meas=1, tracks=2, valid=1, master=2356
[LIVE] udp=4.0/s, objs=4.0/s, last_udp=0.11s, meas=1, tracks=1, valid=1, master=2356
[LIVE] udp=4.0/s, objs=4.0/s, last_udp=0.08s, meas=1, tracks=1, valid=1, master=2356
[LIVE] udp=5.0/s, objs=5.0/s, last_udp=0.11s, meas=1, tracks=1, valid=1, master=2356
[LIVE] udp=2.0/s, objs=2.0/s, last_udp=0.54s, meas=1, tracks=1, valid=1, master=2356
[GPS] GGA fix_quality=1, num_sats=22, hdop=0.8, lat=30.4081056825, lon=104.08863704033334
[LIVE] udp=0.0/s, objs=0.0/s, last_udp=1.54s, meas=1, tracks=1, valid=1, master=2356
[LIVE] udp=4.0/s, objs=4.0/s, last_udp=0.18s, meas=2, tracks=2, valid=1, master=2356
[LIVE] udp=5.0/s, objs=5.0/s, last_udp=0.13s, meas=1, tracks=2, valid=1, master=2356
[LIVE] udp=2.0/s, objs=2.0/s, last_udp=0.26s, meas=1, tracks=2, valid=1, master=2356
[LIVE] udp=4.0/s, objs=4.0/s, last_udp=0.21s, meas=1, tracks=2, valid=1, master=2356
[LIVE] udp=5.0/s, objs=5.0/s, last_udp=0.03s, meas=1, tracks=2, valid=1, master=2356
[LIVE] udp=5.0/s, objs=5.0/s, last_udp=0.21s, meas=1, tracks=2, valid=1, master=2356
[LIVE] udp=7.0/s, objs=7.0/s, last_udp=0.03s, meas=1, tracks=2, valid=1, master=2356
[LIVE] udp=6.0/s, objs=6.0/s, last_udp=0.10s, meas=1, tracks=2, valid=1, master=2356
[LIVE] udp=8.0/s, objs=8.0/s, last_udp=0.03s, meas=1, tracks=2, valid=1, master=2356
[GPS] GGA fix_quality=1, num_sats=23, hdop=0.8, lat=30.408105336833334, lon=104.08863936633334
[LIVE] udp=8.0/s, objs=8.0/s, last_udp=0.04s, meas=1, tracks=2, valid=1, master=2356
[LIVE] udp=2.0/s, objs=2.0/s, last_udp=0.42s, meas=1, tracks=2, valid=1, master=2356
[LIVE] udp=0.0/s, objs=0.0/s, last_udp=1.42s, meas=1, tracks=2, valid=1, master=2356
[LIVE] udp=0.0/s, objs=0.0/s, last_udp=2.42s, meas=1, tracks=2, valid=1, master=2356
[LIVE] udp=0.0/s, objs=0.0/s, last_udp=3.43s, meas=1, tracks=2, valid=1, master=2356
[LIVE] udp=0.0/s, objs=0.0/s, last_udp=4.43s, meas=1, tracks=2, valid=1, master=2356
[LIVE] udp=0.0/s, objs=0.0/s, last_udp=5.43s, meas=1, tracks=2, valid=1, master=2356
[LIVE] udp=0.0/s, objs=0.0/s, last_udp=6.43s, meas=1, tracks=2, valid=1, master=2356
[LIVE] udp=0.0/s, objs=0.0/s, last_udp=7.44s, meas=1, tracks=2, valid=1, master=2356
[LIVE] udp=0.0/s, objs=0.0/s, last_udp=8.44s, meas=1, tracks=2, valid=1, master=2356
[GPS] GGA fix_quality=1, num_sats=24, hdop=0.8, lat=30.408104067, lon=104.08863498683333
[LIVE] udp=0.0/s, objs=0.0/s, last_udp=9.44s, meas=1, tracks=2, valid=1, master=2356
[LIVE] udp=0.0/s, objs=0.0/s, last_udp=10.45s, meas=1, tracks=2, valid=1, master=2356
[LIVE] udp=0.0/s, objs=0.0/s, last_udp=11.45s, meas=1, tracks=2, valid=1, master=2356
[LIVE] udp=0.0/s, objs=0.0/s, last_udp=12.45s, meas=1, tracks=2, valid=1, master=2356
[LIVE] udp=0.0/s, objs=0.0/s, last_udp=13.45s, meas=1, tracks=2, valid=1, master=2356
[LIVE] udp=0.0/s, objs=0.0/s, last_udp=14.45s, meas=1, tracks=2, valid=1, master=2356
[LIVE] udp=0.0/s, objs=0.0/s, last_udp=15.45s, meas=1, tracks=2, valid=1, master=2356
[LIVE] udp=0.0/s, objs=0.0/s, last_udp=16.46s, meas=1, tracks=2, valid=1, master=2356
[LIVE] udp=0.0/s, objs=0.0/s, last_udp=17.46s, meas=1, tracks=2, valid=1, master=2356
[LIVE] udp=2.0/s, objs=2.0/s, last_udp=0.11s, meas=1, tracks=1, valid=0, master=2356
[GPS] GGA fix_quality=1, num_sats=20, hdop=0.8, lat=30.408103056833333, lon=104.08863812866667
[LIVE] udp=4.0/s, objs=4.0/s, last_udp=0.06s, meas=1, tracks=2, valid=0, master=2356
[LIVE] udp=4.0/s, objs=4.0/s, last_udp=0.21s, meas=1, tracks=2, valid=1, master=2362
[LIVE] udp=2.0/s, objs=2.0/s, last_udp=0.68s, meas=1, tracks=2, valid=1, master=2362
[LIVE] udp=0.0/s, objs=0.0/s, last_udp=1.68s, meas=1, tracks=2, valid=1, master=2362
[LIVE] udp=0.0/s, objs=0.0/s, last_udp=2.68s, meas=1, tracks=2, valid=1, master=2362
[LIVE] udp=0.0/s, objs=0.0/s, last_udp=3.69s, meas=1, tracks=2, valid=1, master=2362
[LIVE] udp=0.0/s, objs=0.0/s, last_udp=4.69s, meas=1, tracks=2, valid=1, master=2362
[LIVE] udp=0.0/s, objs=0.0/s, last_udp=5.70s, meas=1, tracks=2, valid=1, master=2362
[LIVE] udp=0.0/s, objs=0.0/s, last_udp=6.70s, meas=1, tracks=2, valid=1, master=2362
[LIVE] udp=0.0/s, objs=0.0/s, last_udp=7.70s, meas=1, tracks=2, valid=1, master=2362
[GPS] GGA fix_quality=1, num_sats=24, hdop=0.8, lat=30.408102997333334, lon=104.08863839533333
[LIVE] udp=0.0/s, objs=0.0/s, last_udp=8.70s, meas=1, tracks=2, valid=1, master=2362
[LIVE] udp=0.0/s, objs=0.0/s, last_udp=9.71s, meas=1, tracks=2, valid=1, master=2362
[LIVE] udp=0.0/s, objs=0.0/s, last_udp=10.71s, meas=1, tracks=2, valid=1, master=2362
[LIVE] udp=0.0/s, objs=0.0/s, last_udp=11.72s, meas=1, tracks=2, valid=1, master=2362
[LIVE] udp=2.0/s, objs=2.0/s, last_udp=0.04s, meas=1, tracks=2, valid=1, master=2362
[LIVE] udp=8.0/s, objs=8.0/s, last_udp=0.01s, meas=2, tracks=2, valid=1, master=2363
[LIVE] udp=10.0/s, objs=10.0/s, last_udp=0.05s, meas=2, tracks=3, valid=2, master=2363
[LIVE] udp=11.0/s, objs=11.0/s, last_udp=0.03s, meas=2, tracks=3, valid=2, master=2363
[LIVE] udp=4.0/s, objs=4.0/s, last_udp=0.22s, meas=1, tracks=3, valid=1, master=2364
[LIVE] udp=7.0/s, objs=7.0/s, last_udp=0.00s, meas=1, tracks=3, valid=1, master=2363
[GPS] GGA fix_quality=1, num_sats=24, hdop=0.8, lat=30.40810393616667, lon=104.0886384745
[LIVE] udp=5.0/s, objs=5.0/s, last_udp=0.08s, meas=1, tracks=3, valid=1, master=2363
[LIVE] udp=5.0/s, objs=5.0/s, last_udp=0.03s, meas=1, tracks=3, valid=1, master=2363
[LIVE] udp=4.0/s, objs=4.0/s, last_udp=0.19s, meas=1, tracks=3, valid=1, master=2363
[LIVE] udp=0.0/s, objs=0.0/s, last_udp=1.20s, meas=1, tracks=3, valid=0, master=2363
[LIVE] udp=3.0/s, objs=3.0/s, last_udp=0.04s, meas=1, tracks=3, valid=1, master=2363
[LIVE] udp=5.0/s, objs=5.0/s, last_udp=0.06s, meas=1, tracks=3, valid=1, master=2363
[LIVE] udp=4.0/s, objs=4.0/s, last_udp=0.06s, meas=1, tracks=3, valid=1, master=2363
[LIVE] udp=4.0/s, objs=4.0/s, last_udp=0.01s, meas=1, tracks=3, valid=1, master=2363
[LIVE] udp=5.0/s, objs=5.0/s, last_udp=0.16s, meas=1, tracks=3, valid=1, master=2363
[LIVE] udp=4.0/s, objs=4.0/s, last_udp=0.29s, meas=1, tracks=3, valid=1, master=2363
[GPS] GGA fix_quality=1, num_sats=24, hdop=0.8, lat=30.4081045875, lon=104.08863817366667
[LIVE] udp=3.0/s, objs=4.0/s, last_udp=0.21s, meas=1, tracks=3, valid=0, master=2363
[LIVE] udp=3.0/s, objs=3.0/s, last_udp=0.10s, meas=1, tracks=3, valid=1, master=2364
[LIVE] udp=1.0/s, objs=1.0/s, last_udp=0.79s, meas=1, tracks=3, valid=0, master=2364
[LIVE] udp=0.0/s, objs=0.0/s, last_udp=1.79s, meas=1, tracks=3, valid=0, master=2364
[LIVE] udp=0.0/s, objs=0.0/s, last_udp=2.79s, meas=1, tracks=3, valid=0, master=2364
[LIVE] udp=2.0/s, objs=4.0/s, last_udp=0.27s, meas=1, tracks=4, valid=1, master=2365
[LIVE] udp=1.0/s, objs=1.0/s, last_udp=1.00s, meas=1, tracks=4, valid=0, master=2365
[LIVE] udp=0.0/s, objs=0.0/s, last_udp=2.00s, meas=1, tracks=4, valid=0, master=2365
[LIVE] udp=0.0/s, objs=0.0/s, last_udp=3.00s, meas=1, tracks=4, valid=0, master=2365
[LIVE] udp=2.0/s, objs=2.0/s, last_udp=0.44s, meas=1, tracks=4, valid=1, master=2365
[GPS] GGA fix_quality=1, num_sats=25, hdop=0.7, lat=30.408104877666666, lon=104.08863824416666
[LIVE] udp=3.0/s, objs=3.0/s, last_udp=0.11s, meas=2, tracks=4, valid=2, master=2365
[LIVE] udp=1.0/s, objs=1.0/s, last_udp=0.50s, meas=1, tracks=4, valid=1, master=2363
[LIVE] udp=4.0/s, objs=4.0/s, last_udp=0.43s, meas=1, tracks=4, valid=1, master=2363
[LIVE] udp=4.0/s, objs=4.0/s, last_udp=0.29s, meas=1, tracks=4, valid=1, master=2363
[LIVE] udp=0.0/s, objs=0.0/s, last_udp=1.29s, meas=1, tracks=4, valid=1, master=2363
[LIVE] udp=0.0/s, objs=0.0/s, last_udp=2.29s, meas=1, tracks=4, valid=1, master=2363
[LIVE] udp=2.0/s, objs=2.0/s, last_udp=0.19s, meas=1, tracks=3, valid=1, master=2363
[LIVE] udp=3.0/s, objs=3.0/s, last_udp=0.05s, meas=1, tracks=2, valid=1, master=2363
[LIVE] udp=6.0/s, objs=6.0/s, last_udp=0.15s, meas=1, tracks=2, valid=1, master=2363
[LIVE] udp=4.0/s, objs=4.0/s, last_udp=0.04s, meas=1, tracks=2, valid=1, master=2363
[GPS] GGA fix_quality=1, num_sats=24, hdop=0.8, lat=30.4081045355, lon=104.08863760533333
[LIVE] udp=4.0/s, objs=4.0/s, last_udp=0.10s, meas=1, tracks=2, valid=1, master=2363
[LIVE] udp=3.0/s, objs=3.0/s, last_udp=0.25s, meas=1, tracks=2, valid=1, master=2363
[LIVE] udp=1.0/s, objs=1.0/s, last_udp=0.24s, meas=1, tracks=1, valid=1, master=2363
[LIVE] udp=4.0/s, objs=4.0/s, last_udp=0.04s, meas=1, tracks=1, valid=1, master=2363
[LIVE] udp=5.0/s, objs=5.0/s, last_udp=0.12s, meas=1, tracks=1, valid=1, master=2363
[LIVE] udp=6.0/s, objs=6.0/s, last_udp=0.14s, meas=1, tracks=1, valid=1, master=2363
[LIVE] udp=7.0/s, objs=7.0/s, last_udp=0.11s, meas=1, tracks=1, valid=1, master=2363
[LIVE] udp=5.0/s, objs=5.0/s, last_udp=0.10s, meas=1, tracks=1, valid=1, master=2363
[LIVE] udp=8.0/s, objs=8.0/s, last_udp=0.00s, meas=1, tracks=1, valid=1, master=2363
[Warning] 逻辑ID 1 没有配置偏差数据
[Warning] 逻辑ID 1 没有配置偏差数据
[LIVE] udp=9.0/s, objs=9.0/s, last_udp=0.06s, meas=1, tracks=1, valid=1, master=2363
[GPS] GGA fix_quality=1, num_sats=24, hdop=0.8, lat=30.40810451566667, lon=104.0886368335
[LIVE] udp=7.0/s, objs=7.0/s, last_udp=0.07s, meas=1, tracks=1, valid=1, master=2363
[LIVE] udp=8.0/s, objs=8.0/s, last_udp=0.03s, meas=1, tracks=1, valid=1, master=2363
[LIVE] udp=6.0/s, objs=6.0/s, last_udp=0.13s, meas=1, tracks=1, valid=1, master=2363
[LIVE] udp=7.0/s, objs=7.0/s, last_udp=0.10s, meas=1, tracks=1, valid=1, master=2363
[LIVE] udp=6.0/s, objs=6.0/s, last_udp=0.05s, meas=1, tracks=1, valid=1, master=2363
[LIVE] udp=7.0/s, objs=7.0/s, last_udp=0.05s, meas=1, tracks=1, valid=1, master=2363
[LIVE] udp=4.0/s, objs=4.0/s, last_udp=0.34s, meas=1, tracks=1, valid=1, master=2363
[LIVE] udp=6.0/s, objs=6.0/s, last_udp=0.04s, meas=1, tracks=1, valid=1, master=2363
[LIVE] udp=7.0/s, objs=7.0/s, last_udp=0.12s, meas=1, tracks=1, valid=1, master=2363
[LIVE] udp=6.0/s, objs=6.0/s, last_udp=0.21s, meas=1, tracks=1, valid=1, master=2363
[GPS] GGA fix_quality=1, num_sats=25, hdop=0.7, lat=30.4081042155, lon=104.0886310165
[LIVE] udp=9.0/s, objs=12.0/s, last_udp=0.14s, meas=1, tracks=4, valid=1, master=2363
[LIVE] udp=2.0/s, objs=2.0/s, last_udp=0.56s, meas=1, tracks=4, valid=1, master=2363
[LIVE] udp=4.0/s, objs=4.0/s, last_udp=0.05s, meas=1, tracks=4, valid=1, master=2363
[LIVE] udp=4.0/s, objs=4.0/s, last_udp=0.22s, meas=1, tracks=4, valid=1, master=2363
[LIVE] udp=5.0/s, objs=5.0/s, last_udp=0.03s, meas=1, tracks=4, valid=1, master=2363
[LIVE] udp=5.0/s, objs=5.0/s, last_udp=0.07s, meas=1, tracks=4, valid=1, master=2363
[LIVE] udp=3.0/s, objs=3.0/s, last_udp=0.03s, meas=1, tracks=4, valid=1, master=2363
[LIVE] udp=4.0/s, objs=4.0/s, last_udp=0.15s, meas=1, tracks=4, valid=1, master=2363
[LIVE] udp=5.0/s, objs=5.0/s, last_udp=0.09s, meas=1, tracks=4, valid=1, master=2363
[LIVE] udp=4.0/s, objs=4.0/s, last_udp=0.32s, meas=1, tracks=4, valid=1, master=2363
[GPS] GGA fix_quality=1, num_sats=25, hdop=0.7, lat=30.408099923666665, lon=104.08863514633333
[LIVE] udp=1.0/s, objs=1.0/s, last_udp=0.92s, meas=1, tracks=4, valid=1, master=2363
[LIVE] udp=1.0/s, objs=1.0/s, last_udp=0.12s, meas=1, tracks=4, valid=1, master=2363
[LIVE] udp=1.0/s, objs=1.0/s, last_udp=0.13s, meas=1, tracks=4, valid=1, master=2363
[LIVE] udp=2.0/s, objs=2.0/s, last_udp=0.35s, meas=1, tracks=2, valid=1, master=2363
[LIVE] udp=0.0/s, objs=0.0/s, last_udp=1.36s, meas=1, tracks=2, valid=1, master=2363
[LIVE] udp=0.0/s, objs=0.0/s, last_udp=2.36s, meas=1, tracks=2, valid=1, master=2363
[LIVE] udp=2.0/s, objs=2.0/s, last_udp=0.18s, meas=1, tracks=2, valid=1, master=2363
[LIVE] udp=4.0/s, objs=4.0/s, last_udp=0.22s, meas=1, tracks=2, valid=1, master=2363
[LIVE] udp=5.0/s, objs=5.0/s, last_udp=0.05s, meas=1, tracks=2, valid=1, master=2363
[GPS] GGA fix_quality=1, num_sats=23, hdop=0.7, lat=30.40809899816667, lon=104.088638245
[LIVE] udp=3.0/s, objs=3.0/s, last_udp=0.22s, meas=1, tracks=2, valid=1, master=2363
[LIVE] udp=5.0/s, objs=5.0/s, last_udp=0.07s, meas=1, tracks=2, valid=1, master=2363
[LIVE] udp=4.0/s, objs=4.0/s, last_udp=0.25s, meas=1, tracks=1, valid=1, master=2363
[LIVE] udp=3.0/s, objs=3.0/s, last_udp=0.19s, meas=1, tracks=1, valid=1, master=2363
[LIVE] udp=1.0/s, objs=1.0/s, last_udp=0.87s, meas=1, tracks=1, valid=1, master=2363
[LIVE] udp=4.0/s, objs=4.0/s, last_udp=0.08s, meas=1, tracks=1, valid=1, master=2363
[LIVE] udp=1.0/s, objs=1.0/s, last_udp=0.98s, meas=1, tracks=1, valid=1, master=2363
[LIVE] udp=2.0/s, objs=2.0/s, last_udp=0.93s, meas=1, tracks=1, valid=1, master=2363
[LIVE] udp=2.0/s, objs=2.0/s, last_udp=0.25s, meas=1, tracks=1, valid=1, master=2363
[LIVE] udp=0.0/s, objs=0.0/s, last_udp=1.25s, meas=1, tracks=1, valid=1, master=2363
[GPS] GGA fix_quality=1, num_sats=22, hdop=0.8, lat=30.408099091166665, lon=104.088633456
[LIVE] udp=2.0/s, objs=2.0/s, last_udp=0.11s, meas=1, tracks=2, valid=0, master=2363
[LIVE] udp=0.0/s, objs=0.0/s, last_udp=1.11s, meas=1, tracks=2, valid=0, master=2363
[LIVE] udp=2.0/s, objs=2.0/s, last_udp=0.24s, meas=2, tracks=2, valid=1, master=2363
[LIVE] udp=0.0/s, objs=0.0/s, last_udp=1.25s, meas=2, tracks=2, valid=1, master=2363
[LIVE] udp=0.0/s, objs=0.0/s, last_udp=2.25s, meas=2, tracks=2, valid=1, master=2363
[LIVE] udp=0.0/s, objs=0.0/s, last_udp=3.25s, meas=2, tracks=2, valid=1, master=2363
[LIVE] udp=2.0/s, objs=2.0/s, last_udp=0.17s, meas=2, tracks=2, valid=2, master=2363
[LIVE] udp=3.0/s, objs=4.0/s, last_udp=0.22s, meas=1, tracks=3, valid=1, master=2363
[LIVE] udp=1.0/s, objs=1.0/s, last_udp=0.88s, meas=1, tracks=3, valid=1, master=2363
[LIVE] udp=1.0/s, objs=1.0/s, last_udp=0.34s, meas=1, tracks=3, valid=1, master=2363
[GPS] GGA fix_quality=1, num_sats=22, hdop=0.8, lat=30.4080992655, lon=104.08863242133333
[LIVE] udp=0.0/s, objs=0.0/s, last_udp=1.35s, meas=1, tracks=3, valid=1, master=2363
[LIVE] udp=0.0/s, objs=0.0/s, last_udp=2.35s, meas=1, tracks=3, valid=1, master=2363
[LIVE] udp=1.0/s, objs=1.0/s, last_udp=0.67s, meas=1, tracks=3, valid=0, master=2363
[LIVE] udp=1.0/s, objs=1.0/s, last_udp=0.11s, meas=1, tracks=3, valid=0, master=2363
[LIVE] udp=0.0/s, objs=0.0/s, last_udp=1.11s, meas=1, tracks=3, valid=0, master=2363
[LIVE] udp=0.0/s, objs=0.0/s, last_udp=2.11s, meas=1, tracks=3, valid=0, master=2363
[LIVE] udp=0.0/s, objs=0.0/s, last_udp=3.11s, meas=1, tracks=3, valid=0, master=2363
[LIVE] udp=3.0/s, objs=9.0/s, last_udp=0.28s, meas=3, tracks=4, valid=1, master=2371
[LIVE] udp=0.0/s, objs=0.0/s, last_udp=1.28s, meas=3, tracks=4, valid=1, master=2371
[LIVE] udp=0.0/s, objs=0.0/s, last_udp=2.28s, meas=3, tracks=4, valid=1, master=2371
[GPS] GGA fix_quality=1, num_sats=22, hdop=0.8, lat=30.408099980333333, lon=104.08863385183334
[LIVE] udp=0.0/s, objs=0.0/s, last_udp=3.29s, meas=3, tracks=4, valid=1, master=2371
[LIVE] udp=0.0/s, objs=0.0/s, last_udp=4.29s, meas=3, tracks=4, valid=1, master=2371
[LIVE] udp=0.0/s, objs=0.0/s, last_udp=5.29s, meas=3, tracks=4, valid=1, master=2371
[LIVE] udp=0.0/s, objs=0.0/s, last_udp=6.29s, meas=3, tracks=4, valid=1, master=2371
[LIVE] udp=0.0/s, objs=0.0/s, last_udp=7.29s, meas=3, tracks=4, valid=1, master=2371
[LIVE] udp=0.0/s, objs=0.0/s, last_udp=8.29s, meas=3, tracks=4, valid=1, master=2371
[LIVE] udp=0.0/s, objs=0.0/s, last_udp=9.30s, meas=3, tracks=4, valid=1, master=2371
[LIVE] udp=0.0/s, objs=0.0/s, last_udp=10.30s, meas=3, tracks=4, valid=1, master=2371
[LIVE] udp=0.0/s, objs=0.0/s, last_udp=11.30s, meas=3, tracks=4, valid=1, master=2371
[LIVE] udp=0.0/s, objs=0.0/s, last_udp=12.31s, meas=3, tracks=4, valid=1, master=2371
[GPS] GGA fix_quality=1, num_sats=21, hdop=0.8, lat=30.408099460333332, lon=104.08863437816666
[LIVE] udp=0.0/s, objs=0.0/s, last_udp=13.31s, meas=3, tracks=4, valid=1, master=2371
[LIVE] udp=0.0/s, objs=0.0/s, last_udp=14.31s, meas=3, tracks=4, valid=1, master=2371
[LIVE] udp=0.0/s, objs=0.0/s, last_udp=15.32s, meas=3, tracks=4, valid=1, master=2371
[LIVE] udp=0.0/s, objs=0.0/s, last_udp=16.32s, meas=3, tracks=4, valid=1, master=2371
[LIVE] udp=0.0/s, objs=0.0/s, last_udp=17.32s, meas=3, tracks=4, valid=1, master=2371
[LIVE] udp=0.0/s, objs=0.0/s, last_udp=18.32s, meas=3, tracks=4, valid=1, master=2371
[LIVE] udp=0.0/s, objs=0.0/s, last_udp=19.32s, meas=3, tracks=4, valid=1, master=2371
[LIVE] udp=0.0/s, objs=0.0/s, last_udp=20.32s, meas=3, tracks=4, valid=1, master=2371
[LIVE] udp=0.0/s, objs=0.0/s, last_udp=21.33s, meas=3, tracks=4, valid=1, master=2371
[LIVE] udp=0.0/s, objs=0.0/s, last_udp=22.33s, meas=3, tracks=4, valid=1, master=2371
[GPS] GGA fix_quality=1, num_sats=21, hdop=0.8, lat=30.408100245166665, lon=104.08863451633333
[LIVE] udp=0.0/s, objs=0.0/s, last_udp=23.33s, meas=3, tracks=4, valid=1, master=2371
[LIVE] udp=0.0/s, objs=0.0/s, last_udp=24.34s, meas=3, tracks=4, valid=1, master=2371
[LIVE] udp=0.0/s, objs=0.0/s, last_udp=25.34s, meas=3, tracks=4, valid=1, master=2371
[LIVE] udp=0.0/s, objs=0.0/s, last_udp=26.35s, meas=3, tracks=4, valid=1, master=2371
[LIVE] udp=0.0/s, objs=0.0/s, last_udp=27.35s, meas=3, tracks=4, valid=1, master=2371
[LIVE] udp=0.0/s, objs=0.0/s, last_udp=28.35s, meas=3, tracks=4, valid=1, master=2371
[LIVE] udp=0.0/s, objs=0.0/s, last_udp=29.36s, meas=3, tracks=4, valid=1, master=2371
[LIVE] udp=0.0/s, objs=0.0/s, last_udp=30.36s, meas=3, tracks=4, valid=1, master=2371
[LIVE] udp=0.0/s, objs=0.0/s, last_udp=31.36s, meas=3, tracks=4, valid=1, master=2371
[LIVE] udp=0.0/s, objs=0.0/s, last_udp=32.37s, meas=3, tracks=4, valid=1, master=2371
[GPS] GGA fix_quality=1, num_sats=21, hdop=0.8, lat=30.408101543333334, lon=104.088637708
[LIVE] udp=0.0/s, objs=0.0/s, last_udp=33.37s, meas=3, tracks=4, valid=1, master=2371
[LIVE] udp=0.0/s, objs=0.0/s, last_udp=34.37s, meas=3, tracks=4, valid=1, master=2371
[LIVE] udp=0.0/s, objs=0.0/s, last_udp=35.37s, meas=3, tracks=4, valid=1, master=2371
[LIVE] udp=0.0/s, objs=0.0/s, last_udp=36.37s, meas=3, tracks=4, valid=1, master=2371
[Warning] 逻辑ID 1 没有配置偏差数据
[LIVE] udp=1.0/s, objs=1.0/s, last_udp=0.58s, meas=0, tracks=0, valid=0, master=2371
[LIVE] udp=0.0/s, objs=0.0/s, last_udp=1.58s, meas=0, tracks=0, valid=0, master=2371
[LIVE] udp=0.0/s, objs=0.0/s, last_udp=2.58s, meas=0, tracks=0, valid=0, master=2371
[LIVE] udp=0.0/s, objs=0.0/s, last_udp=3.58s, meas=0, tracks=0, valid=0, master=2371
[LIVE] udp=0.0/s, objs=0.0/s, last_udp=4.58s, meas=0, tracks=0, valid=0, master=2371
[LIVE] udp=0.0/s, objs=0.0/s, last_udp=5.58s, meas=0, tracks=0, valid=0, master=2371
[GPS] GGA fix_quality=1, num_sats=20, hdop=0.9, lat=30.408106065166667, lon=104.08863661
[LIVE] udp=0.0/s, objs=0.0/s, last_udp=6.58s, meas=0, tracks=0, valid=0, master=2371
[LIVE] udp=0.0/s, objs=0.0/s, last_udp=7.59s, meas=0, tracks=0, valid=0, master=2371
[LIVE] udp=0.0/s, objs=0.0/s, last_udp=8.59s, meas=0, tracks=0, valid=0, master=2371
[LIVE] udp=0.0/s, objs=0.0/s, last_udp=9.59s, meas=0, tracks=0, valid=0, master=2371
[LIVE] udp=0.0/s, objs=0.0/s, last_udp=10.59s, meas=0, tracks=0, valid=0, master=2371
[LIVE] udp=0.0/s, objs=0.0/s, last_udp=11.59s, meas=0, tracks=0, valid=0, master=2371
[LIVE] udp=0.0/s, objs=0.0/s, last_udp=12.60s, meas=0, tracks=0, valid=0, master=2371
[LIVE] udp=0.0/s, objs=0.0/s, last_udp=13.60s, meas=0, tracks=0, valid=0, master=2371
[LIVE] udp=0.0/s, objs=0.0/s, last_udp=14.60s, meas=0, tracks=0, valid=0, master=2371
[LIVE] udp=0.0/s, objs=0.0/s, last_udp=15.61s, meas=0, tracks=0, valid=0, master=2371
[GPS] GGA fix_quality=1, num_sats=21, hdop=0.8, lat=30.408106264833332, lon=104.08863621266667
[LIVE] udp=0.0/s, objs=0.0/s, last_udp=16.61s, meas=0, tracks=0, valid=0, master=2371
[LIVE] udp=0.0/s, objs=0.0/s, last_udp=17.61s, meas=0, tracks=0, valid=0, master=2371
[LIVE] udp=0.0/s, objs=0.0/s, last_udp=18.61s, meas=0, tracks=0, valid=0, master=2371
[LIVE] udp=0.0/s, objs=0.0/s, last_udp=19.62s, meas=0, tracks=0, valid=0, master=2371
[LIVE] udp=0.0/s, objs=0.0/s, last_udp=20.62s, meas=0, tracks=0, valid=0, master=2371
[LIVE] udp=0.0/s, objs=0.0/s, last_udp=21.62s, meas=0, tracks=0, valid=0, master=2371
[LIVE] udp=0.0/s, objs=0.0/s, last_udp=22.62s, meas=0, tracks=0, valid=0, master=2371
[LIVE] udp=0.0/s, objs=0.0/s, last_udp=23.62s, meas=0, tracks=0, valid=0, master=2371
[LIVE] udp=0.0/s, objs=0.0/s, last_udp=24.63s, meas=0, tracks=0, valid=0, master=2371
[LIVE] udp=0.0/s, objs=0.0/s, last_udp=25.63s, meas=0, tracks=0, valid=0, master=2371
[GPS] GGA fix_quality=1, num_sats=21, hdop=0.8, lat=30.408101786166668, lon=104.08863342083333
[LIVE] udp=0.0/s, objs=0.0/s, last_udp=26.63s, meas=0, tracks=0, valid=0, master=2371
[LIVE] udp=0.0/s, objs=0.0/s, last_udp=27.63s, meas=0, tracks=0, valid=0, master=2371
[LIVE] udp=0.0/s, objs=0.0/s, last_udp=28.63s, meas=0, tracks=0, valid=0, master=2371
[LIVE] udp=0.0/s, objs=0.0/s, last_udp=29.64s, meas=0, tracks=0, valid=0, master=2371
[LIVE] udp=1.0/s, objs=3.0/s, last_udp=0.05s, meas=0, tracks=0, valid=0, master=2371
[Warning] 逻辑ID 1 没有配置偏差数据
[Warning] 逻辑ID 1 没有配置偏差数据
[Warning] 逻辑ID 1 没有配置偏差数据
[LIVE] udp=7.0/s, objs=13.9/s, last_udp=0.09s, meas=3, tracks=3, valid=3, master=2373
[LIVE] udp=4.0/s, objs=10.0/s, last_udp=0.05s, meas=3, tracks=3, valid=3, master=2373
[Warning] 逻辑ID 1 没有配置偏差数据
[LIVE] udp=0.0/s, objs=0.0/s, last_udp=1.06s, meas=0, tracks=3, valid=0, master=2373
[LIVE] udp=0.0/s, objs=0.0/s, last_udp=2.06s, meas=0, tracks=3, valid=0, master=2373
[LIVE] udp=1.0/s, objs=1.0/s, last_udp=0.13s, meas=0, tracks=3, valid=0, master=2373
[GPS] GGA fix_quality=1, num_sats=20, hdop=0.9, lat=30.408102021666668, lon=104.08863317416667
[LIVE] udp=0.0/s, objs=0.0/s, last_udp=1.14s, meas=1, tracks=3, valid=1, master=2373
[LIVE] udp=0.0/s, objs=0.0/s, last_udp=2.14s, meas=1, tracks=3, valid=1, master=2373
[LIVE] udp=1.0/s, objs=1.0/s, last_udp=0.21s, meas=1, tracks=3, valid=1, master=2374
[Warning] 逻辑ID 1 没有配置偏差数据
[LIVE] udp=2.0/s, objs=3.0/s, last_udp=0.13s, meas=0, tracks=3, valid=0, master=2374
[LIVE] udp=0.0/s, objs=0.0/s, last_udp=1.13s, meas=2, tracks=3, valid=2, master=2375
[Warning] 逻辑ID 1 没有配置偏差数据
[LIVE] udp=1.0/s, objs=1.0/s, last_udp=0.72s, meas=0, tracks=3, valid=0, master=2375
[LIVE] udp=5.0/s, objs=6.0/s, last_udp=0.09s, meas=2, tracks=4, valid=2, master=2373
[LIVE] udp=3.0/s, objs=3.0/s, last_udp=0.15s, meas=1, tracks=4, valid=1, master=2373
[LIVE] udp=0.0/s, objs=0.0/s, last_udp=1.15s, meas=1, tracks=4, valid=1, master=2373
[LIVE] udp=5.0/s, objs=5.0/s, last_udp=0.02s, meas=1, tracks=4, valid=1, master=2373
[GPS] GGA fix_quality=1, num_sats=21, hdop=0.8, lat=30.408102366333335, lon=104.08863218116667
[LIVE] udp=5.0/s, objs=7.0/s, last_udp=0.03s, meas=3, tracks=4, valid=1, master=2373
[LIVE] udp=2.0/s, objs=2.0/s, last_udp=0.29s, meas=1, tracks=4, valid=1, master=2373
[LIVE] udp=6.0/s, objs=9.0/s, last_udp=0.01s, meas=2, tracks=4, valid=1, master=2373
[LIVE] udp=0.0/s, objs=0.0/s, last_udp=1.01s, meas=2, tracks=4, valid=1, master=2373
[LIVE] udp=0.0/s, objs=0.0/s, last_udp=2.01s, meas=2, tracks=4, valid=1, master=2373
[LIVE] udp=0.0/s, objs=0.0/s, last_udp=3.01s, meas=2, tracks=4, valid=1, master=2373
[LIVE] udp=2.0/s, objs=3.0/s, last_udp=0.07s, meas=1, tracks=4, valid=1, master=2373
[LIVE] udp=1.0/s, objs=2.0/s, last_udp=0.34s, meas=2, tracks=4, valid=2, master=2373
[LIVE] udp=2.0/s, objs=2.0/s, last_udp=0.25s, meas=1, tracks=3, valid=1, master=2374
[LIVE] udp=1.0/s, objs=2.0/s, last_udp=0.92s, meas=2, tracks=3, valid=2, master=2374
[GPS] GGA fix_quality=1, num_sats=21, hdop=0.8, lat=30.408106733833332, lon=104.08863608666667
[LIVE] udp=0.0/s, objs=0.0/s, last_udp=1.92s, meas=2, tracks=3, valid=2, master=2374
[LIVE] udp=1.0/s, objs=1.0/s, last_udp=0.27s, meas=1, tracks=3, valid=1, master=2373
[LIVE] udp=1.0/s, objs=1.0/s, last_udp=0.38s, meas=1, tracks=2, valid=1, master=2373
[LIVE] udp=2.0/s, objs=2.0/s, last_udp=0.87s, meas=1, tracks=2, valid=1, master=2373
[LIVE] udp=0.0/s, objs=0.0/s, last_udp=1.87s, meas=1, tracks=2, valid=1, master=2373
[LIVE] udp=0.0/s, objs=0.0/s, last_udp=2.87s, meas=1, tracks=2, valid=1, master=2373
[LIVE] udp=0.0/s, objs=0.0/s, last_udp=3.88s, meas=1, tracks=2, valid=1, master=2373
[LIVE] udp=0.0/s, objs=0.0/s, last_udp=4.88s, meas=1, tracks=2, valid=1, master=2373
[LIVE] udp=1.0/s, objs=1.0/s, last_udp=0.15s, meas=1, tracks=2, valid=1, master=2373
[LIVE] udp=3.0/s, objs=4.0/s, last_udp=0.02s, meas=2, tracks=2, valid=2, master=2374
[GPS] GGA fix_quality=1, num_sats=21, hdop=0.8, lat=30.408109090666667, lon=104.088645042
[LIVE] udp=3.0/s, objs=6.0/s, last_udp=0.32s, meas=2, tracks=2, valid=2, master=2374
[LIVE] udp=1.0/s, objs=2.0/s, last_udp=0.01s, meas=2, tracks=2, valid=2, master=2374
[LIVE] udp=2.0/s, objs=2.0/s, last_udp=0.15s, meas=1, tracks=2, valid=1, master=2373
[LIVE] udp=5.0/s, objs=6.0/s, last_udp=0.08s, meas=1, tracks=2, valid=1, master=2373
[LIVE] udp=2.0/s, objs=2.0/s, last_udp=0.31s, meas=1, tracks=2, valid=1, master=2373
[LIVE] udp=0.0/s, objs=0.0/s, last_udp=1.32s, meas=1, tracks=2, valid=1, master=2373
[LIVE] udp=0.0/s, objs=0.0/s, last_udp=2.32s, meas=1, tracks=2, valid=1, master=2373
[LIVE] udp=0.0/s, objs=0.0/s, last_udp=3.33s, meas=1, tracks=2, valid=1, master=2373
[LIVE] udp=0.0/s, objs=0.0/s, last_udp=4.33s, meas=1, tracks=2, valid=1, master=2373
[LIVE] udp=2.0/s, objs=3.0/s, last_udp=0.63s, meas=1, tracks=2, valid=1, master=2374
[GPS] GGA fix_quality=1, num_sats=21, hdop=0.8, lat=30.408109038833334, lon=104.08864494633333
[LIVE] udp=0.0/s, objs=0.0/s, last_udp=1.64s, meas=1, tracks=2, valid=1, master=2374
[LIVE] udp=0.0/s, objs=0.0/s, last_udp=2.64s, meas=1, tracks=2, valid=1, master=2374
[LIVE] udp=0.0/s, objs=0.0/s, last_udp=3.64s, meas=1, tracks=2, valid=1, master=2374
[LIVE] udp=0.0/s, objs=0.0/s, last_udp=4.64s, meas=1, tracks=2, valid=1, master=2374
[LIVE] udp=0.0/s, objs=0.0/s, last_udp=5.65s, meas=1, tracks=2, valid=1, master=2374
[LIVE] udp=0.0/s, objs=0.0/s, last_udp=6.65s, meas=1, tracks=2, valid=1, master=2374
[LIVE] udp=0.0/s, objs=0.0/s, last_udp=7.65s, meas=1, tracks=2, valid=1, master=2374
[LIVE] udp=0.0/s, objs=0.0/s, last_udp=8.66s, meas=1, tracks=2, valid=1, master=2374
[LIVE] udp=0.0/s, objs=0.0/s, last_udp=9.66s, meas=1, tracks=2, valid=1, master=2374
[LIVE] udp=0.0/s, objs=0.0/s, last_udp=10.66s, meas=1, tracks=2, valid=1, master=2374
[GPS] GGA fix_quality=1, num_sats=21, hdop=0.8, lat=30.408108062166665, lon=104.08864272833334
[LIVE] udp=0.0/s, objs=0.0/s, last_udp=11.67s, meas=1, tracks=2, valid=1, master=2374
[LIVE] udp=0.0/s, objs=0.0/s, last_udp=12.67s, meas=1, tracks=2, valid=1, master=2374
[LIVE] udp=0.0/s, objs=0.0/s, last_udp=13.68s, meas=1, tracks=2, valid=1, master=2374
[LIVE] udp=0.0/s, objs=0.0/s, last_udp=14.68s, meas=1, tracks=2, valid=1, master=2374
[LIVE] udp=0.0/s, objs=0.0/s, last_udp=15.68s, meas=1, tracks=2, valid=1, master=2374
[LIVE] udp=0.0/s, objs=0.0/s, last_udp=16.69s, meas=1, tracks=2, valid=1, master=2374
[LIVE] udp=0.0/s, objs=0.0/s, last_udp=17.69s, meas=1, tracks=2, valid=1, master=2374
[LIVE] udp=0.0/s, objs=0.0/s, last_udp=18.70s, meas=1, tracks=2, valid=1, master=2374
[LIVE] udp=0.0/s, objs=0.0/s, last_udp=19.70s, meas=1, tracks=2, valid=1, master=2374
[LIVE] udp=0.0/s, objs=0.0/s, last_udp=20.70s, meas=1, tracks=2, valid=1, master=2374
[GPS] GGA fix_quality=1, num_sats=22, hdop=0.7, lat=30.40810576333333, lon=104.0886407565
[LIVE] udp=0.0/s, objs=0.0/s, last_udp=21.70s, meas=1, tracks=2, valid=1, master=2374
[LIVE] udp=0.0/s, objs=0.0/s, last_udp=22.70s, meas=1, tracks=2, valid=1, master=2374
[LIVE] udp=0.0/s, objs=0.0/s, last_udp=23.71s, meas=1, tracks=2, valid=1, master=2374
[LIVE] udp=0.0/s, objs=0.0/s, last_udp=24.71s, meas=1, tracks=2, valid=1, master=2374
[LIVE] udp=0.0/s, objs=0.0/s, last_udp=25.72s, meas=1, tracks=2, valid=1, master=2374
[LIVE] udp=0.0/s, objs=0.0/s, last_udp=26.72s, meas=1, tracks=2, valid=1, master=2374
[LIVE] udp=1.0/s, objs=1.0/s, last_udp=0.21s, meas=0, tracks=0, valid=0, master=2374
[LIVE] udp=2.0/s, objs=2.0/s, last_udp=0.36s, meas=0, tracks=0, valid=0, master=2374
[LIVE] udp=1.0/s, objs=1.0/s, last_udp=0.77s, meas=0, tracks=0, valid=0, master=2374
[LIVE] udp=0.0/s, objs=0.0/s, last_udp=1.77s, meas=0, tracks=0, valid=0, master=2374
[GPS] GGA fix_quality=1, num_sats=22, hdop=0.7, lat=30.408105312, lon=104.088639434
[LIVE] udp=0.0/s, objs=0.0/s, last_udp=2.77s, meas=0, tracks=0, valid=0, master=2374
[LIVE] udp=0.0/s, objs=0.0/s, last_udp=3.77s, meas=0, tracks=0, valid=0, master=2374
[LIVE] udp=0.0/s, objs=0.0/s, last_udp=4.78s, meas=0, tracks=0, valid=0, master=2374
[LIVE] udp=0.0/s, objs=0.0/s, last_udp=5.78s, meas=0, tracks=0, valid=0, master=2374
[LIVE] udp=0.0/s, objs=0.0/s, last_udp=6.78s, meas=0, tracks=0, valid=0, master=2374
[LIVE] udp=0.0/s, objs=0.0/s, last_udp=7.79s, meas=0, tracks=0, valid=0, master=2374
[LIVE] udp=0.0/s, objs=0.0/s, last_udp=8.79s, meas=0, tracks=0, valid=0, master=2374
[LIVE] udp=0.0/s, objs=0.0/s, last_udp=9.79s, meas=0, tracks=0, valid=0, master=2374
[LIVE] udp=0.0/s, objs=0.0/s, last_udp=10.80s, meas=0, tracks=0, valid=0, master=2374
[LIVE] udp=0.0/s, objs=0.0/s, last_udp=11.80s, meas=0, tracks=0, valid=0, master=2374
[GPS] GGA fix_quality=1, num_sats=21, hdop=0.8, lat=30.408103213, lon=104.08863841916667
[LIVE] udp=0.0/s, objs=0.0/s, last_udp=12.80s, meas=0, tracks=0, valid=0, master=2374
[LIVE] udp=0.0/s, objs=0.0/s, last_udp=13.81s, meas=0, tracks=0, valid=0, master=2374
[LIVE] udp=1.0/s, objs=1.0/s, last_udp=0.32s, meas=1, tracks=1, valid=0, master=2374
[LIVE] udp=0.0/s, objs=0.0/s, last_udp=1.33s, meas=1, tracks=1, valid=0, master=2374
[LIVE] udp=0.0/s, objs=0.0/s, last_udp=2.33s, meas=1, tracks=1, valid=0, master=2374
[LIVE] udp=0.0/s, objs=0.0/s, last_udp=3.33s, meas=1, tracks=1, valid=0, master=2374
[LIVE] udp=0.0/s, objs=0.0/s, last_udp=4.33s, meas=1, tracks=1, valid=0, master=2374
[LIVE] udp=0.0/s, objs=0.0/s, last_udp=5.33s, meas=1, tracks=1, valid=0, master=2374
[LIVE] udp=0.0/s, objs=0.0/s, last_udp=6.33s, meas=1, tracks=1, valid=0, master=2374
[LIVE] udp=0.0/s, objs=0.0/s, last_udp=7.34s, meas=1, tracks=1, valid=0, master=2374
[GPS] GGA fix_quality=1, num_sats=21, hdop=0.8, lat=30.40810166383333, lon=104.08864286933333
[LIVE] udp=0.0/s, objs=0.0/s, last_udp=8.34s, meas=1, tracks=1, valid=0, master=2374
[LIVE] udp=0.0/s, objs=0.0/s, last_udp=9.34s, meas=1, tracks=1, valid=0, master=2374
[LIVE] udp=0.0/s, objs=0.0/s, last_udp=10.34s, meas=1, tracks=1, valid=0, master=2374
[LIVE] udp=0.0/s, objs=0.0/s, last_udp=11.35s, meas=1, tracks=1, valid=0, master=2374
[LIVE] udp=1.0/s, objs=1.0/s, last_udp=0.33s, meas=0, tracks=0, valid=0, master=2374
[LIVE] udp=0.0/s, objs=0.0/s, last_udp=1.33s, meas=0, tracks=0, valid=0, master=2374
[LIVE] udp=0.0/s, objs=0.0/s, last_udp=2.34s, meas=0, tracks=0, valid=0, master=2374
[LIVE] udp=0.0/s, objs=0.0/s, last_udp=3.34s, meas=0, tracks=0, valid=0, master=2374
[LIVE] udp=0.0/s, objs=0.0/s, last_udp=4.34s, meas=0, tracks=0, valid=0, master=2374
[LIVE] udp=0.0/s, objs=0.0/s, last_udp=5.34s, meas=0, tracks=0, valid=0, master=2374
[GPS] GGA fix_quality=1, num_sats=21, hdop=0.8, lat=30.408099420833334, lon=104.08863989983334
[LIVE] udp=0.0/s, objs=0.0/s, last_udp=6.34s, meas=0, tracks=0, valid=0, master=2374
[LIVE] udp=0.0/s, objs=0.0/s, last_udp=7.35s, meas=0, tracks=0, valid=0, master=2374
[LIVE] udp=0.0/s, objs=0.0/s, last_udp=8.35s, meas=0, tracks=0, valid=0, master=2374
[LIVE] udp=0.0/s, objs=0.0/s, last_udp=9.35s, meas=0, tracks=0, valid=0, master=2374
[LIVE] udp=0.0/s, objs=0.0/s, last_udp=10.36s, meas=0, tracks=0, valid=0, master=2374
[LIVE] udp=1.0/s, objs=1.0/s, last_udp=0.07s, meas=0, tracks=0, valid=0, master=2374
[LIVE] udp=0.0/s, objs=0.0/s, last_udp=1.07s, meas=1, tracks=1, valid=0, master=2374
[LIVE] udp=0.0/s, objs=0.0/s, last_udp=2.08s, meas=1, tracks=1, valid=0, master=2374
[LIVE] udp=0.0/s, objs=0.0/s, last_udp=3.08s, meas=1, tracks=1, valid=0, master=2374
[LIVE] udp=0.0/s, objs=0.0/s, last_udp=4.08s, meas=1, tracks=1, valid=0, master=2374
[GPS] GGA fix_quality=1, num_sats=21, hdop=0.8, lat=30.408095155833333, lon=104.08864107283334
[LIVE] udp=0.0/s, objs=0.0/s, last_udp=5.09s, meas=1, tracks=1, valid=0, master=2374
[LIVE] udp=0.0/s, objs=0.0/s, last_udp=6.09s, meas=1, tracks=1, valid=0, master=2374
[LIVE] udp=0.0/s, objs=0.0/s, last_udp=7.09s, meas=1, tracks=1, valid=0, master=2374
[LIVE] udp=0.0/s, objs=0.0/s, last_udp=8.09s, meas=1, tracks=1, valid=0, master=2374
[LIVE] udp=0.0/s, objs=0.0/s, last_udp=9.10s, meas=1, tracks=1, valid=0, master=2374
[LIVE] udp=0.0/s, objs=0.0/s, last_udp=10.10s, meas=1, tracks=1, valid=0, master=2374
[LIVE] udp=0.0/s, objs=0.0/s, last_udp=11.10s, meas=1, tracks=1, valid=0, master=2374
[LIVE] udp=0.0/s, objs=0.0/s, last_udp=12.10s, meas=1, tracks=1, valid=0, master=2374
[LIVE] udp=0.0/s, objs=0.0/s, last_udp=13.10s, meas=1, tracks=1, valid=0, master=2374
[LIVE] udp=0.0/s, objs=0.0/s, last_udp=14.10s, meas=1, tracks=1, valid=0, master=2374
[GPS] GGA fix_quality=1, num_sats=21, hdop=0.8, lat=30.4080936445, lon=104.08863719916667
[LIVE] udp=0.0/s, objs=0.0/s, last_udp=15.10s, meas=1, tracks=1, valid=0, master=2374
[LIVE] udp=0.0/s, objs=0.0/s, last_udp=16.11s, meas=1, tracks=1, valid=0, master=2374
[LIVE] udp=0.0/s, objs=0.0/s, last_udp=17.11s, meas=1, tracks=1, valid=0, master=2374
[LIVE] udp=0.0/s, objs=0.0/s, last_udp=18.11s, meas=1, tracks=1, valid=0, master=2374
[LIVE] udp=0.0/s, objs=0.0/s, last_udp=19.11s, meas=1, tracks=1, valid=0, master=2374
[LIVE] udp=0.0/s, objs=0.0/s, last_udp=20.12s, meas=1, tracks=1, valid=0, master=2374
[LIVE] udp=0.0/s, objs=0.0/s, last_udp=21.12s, meas=1, tracks=1, valid=0, master=2374
[LIVE] udp=0.0/s, objs=0.0/s, last_udp=22.12s, meas=1, tracks=1, valid=0, master=2374
[LIVE] udp=0.0/s, objs=0.0/s, last_udp=23.12s, meas=1, tracks=1, valid=0, master=2374
[LIVE] udp=0.0/s, objs=0.0/s, last_udp=24.12s, meas=1, tracks=1, valid=0, master=2374
[GPS] GGA fix_quality=1, num_sats=21, hdop=0.8, lat=30.408093333166665, lon=104.088630016
[LIVE] udp=0.0/s, objs=0.0/s, last_udp=25.13s, meas=1, tracks=1, valid=0, master=2374
[LIVE] udp=0.0/s, objs=0.0/s, last_udp=26.13s, meas=1, tracks=1, valid=0, master=2374
[LIVE] udp=0.0/s, objs=0.0/s, last_udp=27.13s, meas=1, tracks=1, valid=0, master=2374
[LIVE] udp=0.0/s, objs=0.0/s, last_udp=28.14s, meas=1, tracks=1, valid=0, master=2374
[LIVE] udp=0.0/s, objs=0.0/s, last_udp=29.14s, meas=1, tracks=1, valid=0, master=2374
[LIVE] udp=0.0/s, objs=0.0/s, last_udp=30.14s, meas=1, tracks=1, valid=0, master=2374
[LIVE] udp=0.0/s, objs=0.0/s, last_udp=31.14s, meas=1, tracks=1, valid=0, master=2374
[LIVE] udp=0.0/s, objs=0.0/s, last_udp=32.15s, meas=1, tracks=1, valid=0, master=2374
[LIVE] udp=0.0/s, objs=0.0/s, last_udp=33.15s, meas=1, tracks=1, valid=0, master=2374
[LIVE] udp=0.0/s, objs=0.0/s, last_udp=34.16s, meas=1, tracks=1, valid=0, master=2374
[GPS] GGA fix_quality=1, num_sats=21, hdop=0.8, lat=30.408091978833333, lon=104.08862788416667
[LIVE] udp=0.0/s, objs=0.0/s, last_udp=35.16s, meas=1, tracks=1, valid=0, master=2374
[LIVE] udp=0.0/s, objs=0.0/s, last_udp=36.16s, meas=1, tracks=1, valid=0, master=2374
[LIVE] udp=2.0/s, objs=2.0/s, last_udp=0.29s, meas=0, tracks=0, valid=0, master=2374
[LIVE] udp=0.0/s, objs=0.0/s, last_udp=1.29s, meas=0, tracks=0, valid=0, master=2374
[LIVE] udp=1.0/s, objs=1.0/s, last_udp=0.11s, meas=0, tracks=0, valid=0, master=2374
[LIVE] udp=0.0/s, objs=0.0/s, last_udp=1.11s, meas=1, tracks=1, valid=0, master=2374
[LIVE] udp=0.0/s, objs=0.0/s, last_udp=2.12s, meas=1, tracks=1, valid=0, master=2374
[LIVE] udp=0.0/s, objs=0.0/s, last_udp=3.12s, meas=1, tracks=1, valid=0, master=2374
[LIVE] udp=0.0/s, objs=0.0/s, last_udp=4.13s, meas=1, tracks=1, valid=0, master=2374
[LIVE] udp=0.0/s, objs=0.0/s, last_udp=5.13s, meas=1, tracks=1, valid=0, master=2374
[GPS] GGA fix_quality=1, num_sats=21, hdop=0.8, lat=30.408095775666666, lon=104.08862946333333
[LIVE] udp=0.0/s, objs=0.0/s, last_udp=6.13s, meas=1, tracks=1, valid=0, master=2374
[LIVE] udp=0.0/s, objs=0.0/s, last_udp=7.14s, meas=1, tracks=1, valid=0, master=2374
[LIVE] udp=0.0/s, objs=0.0/s, last_udp=8.14s, meas=1, tracks=1, valid=0, master=2374
[LIVE] udp=1.0/s, objs=1.0/s, last_udp=0.94s, meas=1, tracks=1, valid=0, master=2374
[LIVE] udp=1.0/s, objs=1.0/s, last_udp=0.52s, meas=1, tracks=1, valid=1, master=2379
[LIVE] udp=0.0/s, objs=0.0/s, last_udp=1.53s, meas=1, tracks=1, valid=1, master=2379
[LIVE] udp=0.0/s, objs=0.0/s, last_udp=2.53s, meas=1, tracks=1, valid=1, master=2379
[LIVE] udp=0.0/s, objs=0.0/s, last_udp=3.53s, meas=1, tracks=1, valid=1, master=2379
[LIVE] udp=0.0/s, objs=0.0/s, last_udp=4.54s, meas=1, tracks=1, valid=1, master=2379
[LIVE] udp=0.0/s, objs=0.0/s, last_udp=5.54s, meas=1, tracks=1, valid=1, master=2379
[GPS] GGA fix_quality=1, num_sats=23, hdop=0.8, lat=30.408097842, lon=104.08862954383333
[LIVE] udp=0.0/s, objs=0.0/s, last_udp=6.54s, meas=1, tracks=1, valid=1, master=2379
[LIVE] udp=1.0/s, objs=2.0/s, last_udp=0.02s, meas=1, tracks=1, valid=1, master=2379
[Warning] 逻辑ID 1 没有配置偏差数据
[Warning] 逻辑ID 1 没有配置偏差数据
[Warning] 逻辑ID 1 没有配置偏差数据
[LIVE] udp=1.0/s, objs=1.0/s, last_udp=0.86s, meas=0, tracks=1, valid=0, master=2379
[LIVE] udp=0.0/s, objs=0.0/s, last_udp=1.87s, meas=0, tracks=1, valid=0, master=2379
[LIVE] udp=0.0/s, objs=0.0/s, last_udp=2.87s, meas=0, tracks=1, valid=0, master=2379
[LIVE] udp=0.0/s, objs=0.0/s, last_udp=3.87s, meas=0, tracks=1, valid=0, master=2379
[LIVE] udp=0.0/s, objs=0.0/s, last_udp=4.88s, meas=0, tracks=1, valid=0, master=2379
[LIVE] udp=0.0/s, objs=0.0/s, last_udp=5.88s, meas=0, tracks=1, valid=0, master=2379
[LIVE] udp=0.0/s, objs=0.0/s, last_udp=6.88s, meas=0, tracks=1, valid=0, master=2379
[LIVE] udp=0.0/s, objs=0.0/s, last_udp=7.89s, meas=0, tracks=1, valid=0, master=2379
[GPS] GGA fix_quality=1, num_sats=23, hdop=0.8, lat=30.408097070666667, lon=104.08862815216666
[LIVE] udp=0.0/s, objs=0.0/s, last_udp=8.89s, meas=0, tracks=1, valid=0, master=2379
[LIVE] udp=0.0/s, objs=0.0/s, last_udp=9.89s, meas=0, tracks=1, valid=0, master=2379
[LIVE] udp=0.0/s, objs=0.0/s, last_udp=10.90s, meas=0, tracks=1, valid=0, master=2379
[LIVE] udp=0.0/s, objs=0.0/s, last_udp=11.90s, meas=0, tracks=1, valid=0, master=2379
[LIVE] udp=0.0/s, objs=0.0/s, last_udp=12.90s, meas=0, tracks=1, valid=0, master=2379
[LIVE] udp=1.0/s, objs=1.0/s, last_udp=0.24s, meas=1, tracks=1, valid=0, master=2379
[LIVE] udp=2.0/s, objs=3.0/s, last_udp=0.18s, meas=2, tracks=2, valid=0, master=2379
[LIVE] udp=1.0/s, objs=1.0/s, last_udp=0.52s, meas=1, tracks=2, valid=1, master=2380
[LIVE] udp=0.0/s, objs=0.0/s, last_udp=1.53s, meas=1, tracks=2, valid=1, master=2380
[LIVE] udp=2.0/s, objs=2.0/s, last_udp=0.18s, meas=1, tracks=2, valid=1, master=2380
[GPS] GGA fix_quality=1, num_sats=23, hdop=0.8, lat=30.408094308666666, lon=104.0886276625
[LIVE] udp=0.0/s, objs=0.0/s, last_udp=1.19s, meas=1, tracks=2, valid=1, master=2380
[LIVE] udp=1.0/s, objs=1.0/s, last_udp=0.66s, meas=1, tracks=2, valid=1, master=2380
[LIVE] udp=1.0/s, objs=1.0/s, last_udp=0.42s, meas=1, tracks=3, valid=0, master=2380
[LIVE] udp=2.0/s, objs=2.0/s, last_udp=0.60s, meas=1, tracks=3, valid=0, master=2380
[LIVE] udp=0.0/s, objs=0.0/s, last_udp=1.60s, meas=1, tracks=3, valid=0, master=2380
[LIVE] udp=0.0/s, objs=0.0/s, last_udp=2.60s, meas=1, tracks=3, valid=0, master=2380
[LIVE] udp=0.0/s, objs=0.0/s, last_udp=3.61s, meas=1, tracks=3, valid=0, master=2380
[LIVE] udp=0.0/s, objs=0.0/s, last_udp=4.61s, meas=1, tracks=3, valid=0, master=2380
[LIVE] udp=0.0/s, objs=0.0/s, last_udp=5.61s, meas=1, tracks=3, valid=0, master=2380
[LIVE] udp=0.0/s, objs=0.0/s, last_udp=6.62s, meas=1, tracks=3, valid=0, master=2380
[GPS] GGA fix_quality=1, num_sats=23, hdop=0.8, lat=30.408091839333334, lon=104.088627196
[LIVE] udp=1.0/s, objs=1.0/s, last_udp=0.63s, meas=1, tracks=2, valid=1, master=2380
[LIVE] udp=0.0/s, objs=0.0/s, last_udp=1.63s, meas=1, tracks=2, valid=1, master=2380
[LIVE] udp=0.0/s, objs=0.0/s, last_udp=2.63s, meas=1, tracks=2, valid=1, master=2380
[LIVE] udp=0.0/s, objs=0.0/s, last_udp=3.63s, meas=1, tracks=2, valid=1, master=2380
[LIVE] udp=0.0/s, objs=0.0/s, last_udp=4.64s, meas=1, tracks=2, valid=1, master=2380
[LIVE] udp=1.0/s, objs=1.0/s, last_udp=0.45s, meas=1, tracks=1, valid=1, master=2380
[Warning] 逻辑ID 1 没有配置偏差数据
[Warning] 逻辑ID 1 没有配置偏差数据
[LIVE] udp=2.0/s, objs=2.0/s, last_udp=0.50s, meas=0, tracks=1, valid=0, master=2380
[LIVE] udp=0.0/s, objs=0.0/s, last_udp=1.50s, meas=0, tracks=1, valid=0, master=2380
[LIVE] udp=0.0/s, objs=0.0/s, last_udp=2.50s, meas=0, tracks=1, valid=0, master=2380
[LIVE] udp=0.0/s, objs=0.0/s, last_udp=3.50s, meas=0, tracks=1, valid=0, master=2380
[GPS] GGA fix_quality=1, num_sats=21, hdop=0.8, lat=30.4080905435, lon=104.08862774916666
[LIVE] udp=0.0/s, objs=0.0/s, last_udp=4.51s, meas=0, tracks=1, valid=0, master=2380
[LIVE] udp=0.0/s, objs=0.0/s, last_udp=5.51s, meas=0, tracks=1, valid=0, master=2380
[LIVE] udp=0.0/s, objs=0.0/s, last_udp=6.51s, meas=0, tracks=1, valid=0, master=2380
[LIVE] udp=0.0/s, objs=0.0/s, last_udp=7.52s, meas=0, tracks=1, valid=0, master=2380
[LIVE] udp=0.0/s, objs=0.0/s, last_udp=8.52s, meas=0, tracks=1, valid=0, master=2380
[LIVE] udp=0.0/s, objs=0.0/s, last_udp=9.52s, meas=0, tracks=1, valid=0, master=2380
[LIVE] udp=0.0/s, objs=0.0/s, last_udp=10.52s, meas=0, tracks=1, valid=0, master=2380
[LIVE] udp=0.0/s, objs=0.0/s, last_udp=11.53s, meas=0, tracks=1, valid=0, master=2380
[LIVE] udp=0.0/s, objs=0.0/s, last_udp=12.53s, meas=0, tracks=1, valid=0, master=2380
[LIVE] udp=2.0/s, objs=2.0/s, last_udp=0.37s, meas=1, tracks=1, valid=0, master=2380
[GPS] GGA fix_quality=1, num_sats=22, hdop=0.8, lat=30.408090767166666, lon=104.08862713883333
[LIVE] udp=3.0/s, objs=6.0/s, last_udp=0.06s, meas=2, tracks=2, valid=1, master=2383
[LIVE] udp=0.0/s, objs=0.0/s, last_udp=1.06s, meas=2, tracks=2, valid=2, master=2383
[LIVE] udp=0.0/s, objs=0.0/s, last_udp=2.06s, meas=2, tracks=2, valid=2, master=2383
[LIVE] udp=0.0/s, objs=0.0/s, last_udp=3.07s, meas=2, tracks=2, valid=2, master=2383
[LIVE] udp=0.0/s, objs=0.0/s, last_udp=4.07s, meas=2, tracks=2, valid=2, master=2383
[LIVE] udp=0.0/s, objs=0.0/s, last_udp=5.07s, meas=2, tracks=2, valid=2, master=2383
[LIVE] udp=0.0/s, objs=0.0/s, last_udp=6.07s, meas=2, tracks=2, valid=2, master=2383
[LIVE] udp=0.0/s, objs=0.0/s, last_udp=7.08s, meas=2, tracks=2, valid=2, master=2383
[LIVE] udp=0.0/s, objs=0.0/s, last_udp=8.08s, meas=2, tracks=2, valid=2, master=2383
[LIVE] udp=1.0/s, objs=1.0/s, last_udp=0.59s, meas=1, tracks=2, valid=1, master=2383
[GPS] GGA fix_quality=1, num_sats=22, hdop=0.8, lat=30.408090704833334, lon=104.0886262665
[LIVE] udp=0.0/s, objs=0.0/s, last_udp=1.59s, meas=1, tracks=2, valid=1, master=2383
[LIVE] udp=0.0/s, objs=0.0/s, last_udp=2.59s, meas=1, tracks=2, valid=1, master=2383
[LIVE] udp=0.0/s, objs=0.0/s, last_udp=3.60s, meas=1, tracks=2, valid=1, master=2383
[LIVE] udp=0.0/s, objs=0.0/s, last_udp=4.60s, meas=1, tracks=2, valid=1, master=2383
[LIVE] udp=0.0/s, objs=0.0/s, last_udp=5.60s, meas=1, tracks=2, valid=1, master=2383
[LIVE] udp=0.0/s, objs=0.0/s, last_udp=6.60s, meas=1, tracks=2, valid=1, master=2383
[LIVE] udp=0.0/s, objs=0.0/s, last_udp=7.61s, meas=1, tracks=2, valid=1, master=2383
[LIVE] udp=0.0/s, objs=0.0/s, last_udp=8.61s, meas=1, tracks=2, valid=1, master=2383
[LIVE] udp=0.0/s, objs=0.0/s, last_udp=9.61s, meas=1, tracks=2, valid=1, master=2383
[LIVE] udp=0.0/s, objs=0.0/s, last_udp=10.61s, meas=1, tracks=2, valid=1, master=2383
[GPS] GGA fix_quality=1, num_sats=22, hdop=0.8, lat=30.408091028333335, lon=104.08862632816667
[LIVE] udp=0.0/s, objs=0.0/s, last_udp=11.61s, meas=1, tracks=2, valid=1, master=2383
[LIVE] udp=0.0/s, objs=0.0/s, last_udp=12.62s, meas=1, tracks=2, valid=1, master=2383
[LIVE] udp=0.0/s, objs=0.0/s, last_udp=13.62s, meas=1, tracks=2, valid=1, master=2383
[LIVE] udp=0.0/s, objs=0.0/s, last_udp=14.62s, meas=1, tracks=2, valid=1, master=2383
[LIVE] udp=0.0/s, objs=0.0/s, last_udp=15.62s, meas=1, tracks=2, valid=1, master=2383
[LIVE] udp=0.0/s, objs=0.0/s, last_udp=16.62s, meas=1, tracks=2, valid=1, master=2383
[LIVE] udp=0.0/s, objs=0.0/s, last_udp=17.63s, meas=1, tracks=2, valid=1, master=2383
[LIVE] udp=0.0/s, objs=0.0/s, last_udp=18.63s, meas=1, tracks=2, valid=1, master=2383
[LIVE] udp=0.0/s, objs=0.0/s, last_udp=19.63s, meas=1, tracks=2, valid=1, master=2383
[LIVE] udp=0.0/s, objs=0.0/s, last_udp=20.64s, meas=1, tracks=2, valid=1, master=2383
[GPS] GGA fix_quality=1, num_sats=22, hdop=0.8, lat=30.408092629833334, lon=104.08862851583334
[LIVE] udp=1.0/s, objs=1.0/s, last_udp=0.02s, meas=1, tracks=2, valid=1, master=2383
[LIVE] udp=0.0/s, objs=0.0/s, last_udp=1.03s, meas=1, tracks=1, valid=0, master=2383
[LIVE] udp=1.0/s, objs=2.0/s, last_udp=0.51s, meas=2, tracks=2, valid=0, master=2383
[LIVE] udp=1.0/s, objs=1.0/s, last_udp=0.51s, meas=1, tracks=2, valid=0, master=2383
[LIVE] udp=1.0/s, objs=1.0/s, last_udp=0.55s, meas=1, tracks=2, valid=1, master=2386
[LIVE] udp=0.0/s, objs=0.0/s, last_udp=1.55s, meas=1, tracks=2, valid=1, master=2386
[Warning] 逻辑ID 1 没有配置偏差数据
[LIVE] udp=5.0/s, objs=8.0/s, last_udp=0.01s, meas=2, tracks=2, valid=1, master=2386
[LIVE] udp=5.0/s, objs=10.0/s, last_udp=0.18s, meas=2, tracks=3, valid=2, master=2385
[LIVE] udp=1.0/s, objs=2.0/s, last_udp=0.90s, meas=2, tracks=3, valid=2, master=2385
[LIVE] udp=0.0/s, objs=0.0/s, last_udp=1.91s, meas=2, tracks=3, valid=2, master=2385
[GPS] GGA fix_quality=1, num_sats=23, hdop=0.7, lat=30.4080927455, lon=104.08862542883334
[LIVE] udp=0.0/s, objs=0.0/s, last_udp=2.91s, meas=2, tracks=3, valid=2, master=2385
[LIVE] udp=0.0/s, objs=0.0/s, last_udp=3.91s, meas=2, tracks=3, valid=2, master=2385
[LIVE] udp=0.0/s, objs=0.0/s, last_udp=4.92s, meas=2, tracks=3, valid=2, master=2385
[LIVE] udp=1.0/s, objs=1.0/s, last_udp=0.06s, meas=2, tracks=3, valid=2, master=2385
[LIVE] udp=0.0/s, objs=0.0/s, last_udp=1.06s, meas=1, tracks=3, valid=1, master=2386
[LIVE] udp=0.0/s, objs=0.0/s, last_udp=2.06s, meas=1, tracks=3, valid=1, master=2386
[LIVE] udp=0.0/s, objs=0.0/s, last_udp=3.06s, meas=1, tracks=3, valid=1, master=2386
[LIVE] udp=2.0/s, objs=3.0/s, last_udp=0.25s, meas=2, tracks=3, valid=1, master=2385
[LIVE] udp=3.0/s, objs=4.0/s, last_udp=0.58s, meas=1, tracks=3, valid=1, master=2385
[LIVE] udp=0.0/s, objs=0.0/s, last_udp=1.58s, meas=1, tracks=3, valid=1, master=2385
[GPS] GGA fix_quality=1, num_sats=22, hdop=0.8, lat=30.40809135516667, lon=104.088621981
[LIVE] udp=1.0/s, objs=1.0/s, last_udp=0.75s, meas=1, tracks=3, valid=1, master=2385
[LIVE] udp=0.0/s, objs=0.0/s, last_udp=1.75s, meas=1, tracks=3, valid=1, master=2385
[Warning] 逻辑ID 1 没有配置偏差数据
[LIVE] udp=2.0/s, objs=2.0/s, last_udp=0.22s, meas=0, tracks=3, valid=0, master=2385
[LIVE] udp=0.0/s, objs=0.0/s, last_udp=1.22s, meas=0, tracks=3, valid=0, master=2385
[LIVE] udp=0.0/s, objs=0.0/s, last_udp=2.22s, meas=0, tracks=3, valid=0, master=2385
[LIVE] udp=0.0/s, objs=0.0/s, last_udp=3.23s, meas=0, tracks=3, valid=0, master=2385
[LIVE] udp=0.0/s, objs=0.0/s, last_udp=4.23s, meas=0, tracks=3, valid=0, master=2385
[LIVE] udp=0.0/s, objs=0.0/s, last_udp=5.23s, meas=0, tracks=3, valid=0, master=2385
[LIVE] udp=3.0/s, objs=3.0/s, last_udp=0.07s, meas=1, tracks=2, valid=1, master=2385
[LIVE] udp=1.0/s, objs=1.0/s, last_udp=0.95s, meas=1, tracks=1, valid=1, master=2385
[GPS] GGA fix_quality=1, num_sats=22, hdop=0.8, lat=30.408089949666667, lon=104.08862058066667
[LIVE] udp=1.0/s, objs=1.0/s, last_udp=0.04s, meas=1, tracks=1, valid=1, master=2385
[Warning] 逻辑ID 1 没有配置偏差数据
[LIVE] udp=1.0/s, objs=1.0/s, last_udp=0.98s, meas=1, tracks=1, valid=1, master=2385
[LIVE] udp=0.0/s, objs=0.0/s, last_udp=1.99s, meas=1, tracks=1, valid=1, master=2385
[LIVE] udp=1.0/s, objs=1.0/s, last_udp=0.66s, meas=1, tracks=1, valid=1, master=2385
[LIVE] udp=1.0/s, objs=1.0/s, last_udp=0.45s, meas=1, tracks=1, valid=1, master=2385
[LIVE] udp=0.0/s, objs=0.0/s, last_udp=1.46s, meas=1, tracks=1, valid=1, master=2385
[LIVE] udp=0.0/s, objs=0.0/s, last_udp=2.46s, meas=1, tracks=1, valid=1, master=2385
[LIVE] udp=0.0/s, objs=0.0/s, last_udp=3.46s, meas=1, tracks=1, valid=1, master=2385
[LIVE] udp=0.0/s, objs=0.0/s, last_udp=4.46s, meas=1, tracks=1, valid=1, master=2385
[GPS] GGA fix_quality=1, num_sats=22, hdop=0.8, lat=30.408092119666666, lon=104.08861874683333
[LIVE] udp=0.0/s, objs=0.0/s, last_udp=5.46s, meas=1, tracks=1, valid=1, master=2385
[LIVE] udp=0.0/s, objs=0.0/s, last_udp=6.47s, meas=1, tracks=1, valid=1, master=2385
[LIVE] udp=0.0/s, objs=0.0/s, last_udp=7.47s, meas=1, tracks=1, valid=1, master=2385
[LIVE] udp=0.0/s, objs=0.0/s, last_udp=8.48s, meas=1, tracks=1, valid=1, master=2385
[LIVE] udp=0.0/s, objs=0.0/s, last_udp=9.48s, meas=1, tracks=1, valid=1, master=2385
[LIVE] udp=0.0/s, objs=0.0/s, last_udp=10.48s, meas=1, tracks=1, valid=1, master=2385
[LIVE] udp=0.0/s, objs=0.0/s, last_udp=11.48s, meas=1, tracks=1, valid=1, master=2385
[LIVE] udp=0.0/s, objs=0.0/s, last_udp=12.48s, meas=1, tracks=1, valid=1, master=2385
[LIVE] udp=0.0/s, objs=0.0/s, last_udp=13.49s, meas=1, tracks=1, valid=1, master=2385
[LIVE] udp=0.0/s, objs=0.0/s, last_udp=14.49s, meas=1, tracks=1, valid=1, master=2385
[GPS] GGA fix_quality=1, num_sats=22, hdop=0.7, lat=30.408095204, lon=104.08861981466667
[LIVE] udp=0.0/s, objs=0.0/s, last_udp=15.49s, meas=1, tracks=1, valid=1, master=2385
[LIVE] udp=0.0/s, objs=0.0/s, last_udp=16.50s, meas=1, tracks=1, valid=1, master=2385
[LIVE] udp=0.0/s, objs=0.0/s, last_udp=17.50s, meas=1, tracks=1, valid=1, master=2385
[LIVE] udp=0.0/s, objs=0.0/s, last_udp=18.51s, meas=1, tracks=1, valid=1, master=2385
[LIVE] udp=0.0/s, objs=0.0/s, last_udp=19.51s, meas=1, tracks=1, valid=1, master=2385
[LIVE] udp=1.0/s, objs=1.0/s, last_udp=0.08s, meas=1, tracks=1, valid=1, master=2385
[LIVE] udp=1.0/s, objs=1.0/s, last_udp=0.82s, meas=1, tracks=1, valid=0, master=2385
[LIVE] udp=0.0/s, objs=0.0/s, last_udp=1.82s, meas=1, tracks=1, valid=0, master=2385
[LIVE] udp=0.0/s, objs=0.0/s, last_udp=2.83s, meas=1, tracks=1, valid=0, master=2385
[LIVE] udp=0.0/s, objs=0.0/s, last_udp=3.83s, meas=1, tracks=1, valid=0, master=2385
[GPS] GGA fix_quality=1, num_sats=22, hdop=0.7, lat=30.408093293166665, lon=104.08862449716666
[LIVE] udp=0.0/s, objs=0.0/s, last_udp=4.83s, meas=1, tracks=1, valid=0, master=2385
[LIVE] udp=0.0/s, objs=0.0/s, last_udp=5.83s, meas=1, tracks=1, valid=0, master=2385
[LIVE] udp=3.0/s, objs=3.0/s, last_udp=0.23s, meas=1, tracks=1, valid=1, master=2388
[LIVE] udp=1.0/s, objs=2.0/s, last_udp=0.20s, meas=2, tracks=2, valid=1, master=2388
[LIVE] udp=0.0/s, objs=0.0/s, last_udp=1.20s, meas=2, tracks=2, valid=1, master=2388
[LIVE] udp=0.0/s, objs=0.0/s, last_udp=2.21s, meas=2, tracks=2, valid=1, master=2388
[LIVE] udp=0.0/s, objs=0.0/s, last_udp=3.21s, meas=2, tracks=2, valid=1, master=2388
[LIVE] udp=0.0/s, objs=0.0/s, last_udp=4.21s, meas=2, tracks=2, valid=1, master=2388
[LIVE] udp=0.0/s, objs=0.0/s, last_udp=5.21s, meas=2, tracks=2, valid=1, master=2388
[LIVE] udp=0.0/s, objs=0.0/s, last_udp=6.21s, meas=2, tracks=2, valid=1, master=2388
[GPS] GGA fix_quality=1, num_sats=21, hdop=0.9, lat=30.40808747, lon=104.08863478683334
[LIVE] udp=0.0/s, objs=0.0/s, last_udp=7.21s, meas=2, tracks=2, valid=1, master=2388
[LIVE] udp=0.0/s, objs=0.0/s, last_udp=8.22s, meas=2, tracks=2, valid=1, master=2388
[LIVE] udp=0.0/s, objs=0.0/s, last_udp=9.22s, meas=2, tracks=2, valid=1, master=2388
[LIVE] udp=0.0/s, objs=0.0/s, last_udp=10.22s, meas=2, tracks=2, valid=1, master=2388
[LIVE] udp=0.0/s, objs=0.0/s, last_udp=11.23s, meas=2, tracks=2, valid=1, master=2388
[LIVE] udp=0.0/s, objs=0.0/s, last_udp=12.23s, meas=2, tracks=2, valid=1, master=2388
[LIVE] udp=0.0/s, objs=0.0/s, last_udp=13.23s, meas=2, tracks=2, valid=1, master=2388
[LIVE] udp=0.0/s, objs=0.0/s, last_udp=14.23s, meas=2, tracks=2, valid=1, master=2388
[LIVE] udp=0.0/s, objs=0.0/s, last_udp=15.23s, meas=2, tracks=2, valid=1, master=2388
[LIVE] udp=0.0/s, objs=0.0/s, last_udp=16.23s, meas=2, tracks=2, valid=1, master=2388
[GPS] GGA fix_quality=1, num_sats=22, hdop=0.7, lat=30.408083903333335, lon=104.08863986666667
[LIVE] udp=0.0/s, objs=0.0/s, last_udp=17.23s, meas=2, tracks=2, valid=1, master=2388
[LIVE] udp=0.0/s, objs=0.0/s, last_udp=18.24s, meas=2, tracks=2, valid=1, master=2388
[LIVE] udp=0.0/s, objs=0.0/s, last_udp=19.24s, meas=2, tracks=2, valid=1, master=2388
[LIVE] udp=0.0/s, objs=0.0/s, last_udp=20.24s, meas=2, tracks=2, valid=1, master=2388
[LIVE] udp=0.0/s, objs=0.0/s, last_udp=21.25s, meas=2, tracks=2, valid=1, master=2388
[LIVE] udp=0.0/s, objs=0.0/s, last_udp=22.25s, meas=2, tracks=2, valid=1, master=2388
[LIVE] udp=0.0/s, objs=0.0/s, last_udp=23.25s, meas=2, tracks=2, valid=1, master=2388
[LIVE] udp=0.0/s, objs=0.0/s, last_udp=24.25s, meas=2, tracks=2, valid=1, master=2388
[LIVE] udp=0.0/s, objs=0.0/s, last_udp=25.26s, meas=2, tracks=2, valid=1, master=2388
[LIVE] udp=0.0/s, objs=0.0/s, last_udp=26.26s, meas=2, tracks=2, valid=1, master=2388
[GPS] GGA fix_quality=1, num_sats=23, hdop=0.7, lat=30.408091971666668, lon=104.08864465366666
[LIVE] udp=0.0/s, objs=0.0/s, last_udp=27.26s, meas=2, tracks=2, valid=1, master=2388
[LIVE] udp=1.0/s, objs=1.0/s, last_udp=0.07s, meas=2, tracks=2, valid=1, master=2388
[LIVE] udp=0.0/s, objs=0.0/s, last_udp=1.07s, meas=1, tracks=1, valid=0, master=2388
[LIVE] udp=0.0/s, objs=0.0/s, last_udp=2.08s, meas=1, tracks=1, valid=0, master=2388
[LIVE] udp=0.0/s, objs=0.0/s, last_udp=3.08s, meas=1, tracks=1, valid=0, master=2388
[LIVE] udp=0.0/s, objs=0.0/s, last_udp=4.08s, meas=1, tracks=1, valid=0, master=2388
[LIVE] udp=0.0/s, objs=0.0/s, last_udp=5.09s, meas=1, tracks=1, valid=0, master=2388
[LIVE] udp=0.0/s, objs=0.0/s, last_udp=6.09s, meas=1, tracks=1, valid=0, master=2388
[LIVE] udp=0.0/s, objs=0.0/s, last_udp=7.09s, meas=1, tracks=1, valid=0, master=2388
[Warning] 逻辑ID 1 没有配置偏差数据
[LIVE] udp=1.0/s, objs=1.0/s, last_udp=0.61s, meas=0, tracks=1, valid=0, master=2388
[GPS] GGA fix_quality=1, num_sats=23, hdop=0.7, lat=30.408098908833335, lon=104.08864074883333
[LIVE] udp=2.0/s, objs=2.0/s, last_udp=0.35s, meas=1, tracks=1, valid=1, master=2390
[LIVE] udp=1.0/s, objs=1.0/s, last_udp=0.36s, meas=1, tracks=2, valid=0, master=2390
[LIVE] udp=0.0/s, objs=0.0/s, last_udp=1.36s, meas=1, tracks=2, valid=0, master=2390
[LIVE] udp=0.0/s, objs=0.0/s, last_udp=2.36s, meas=1, tracks=2, valid=0, master=2390
[LIVE] udp=0.0/s, objs=0.0/s, last_udp=3.37s, meas=1, tracks=2, valid=0, master=2390
[LIVE] udp=0.0/s, objs=0.0/s, last_udp=4.37s, meas=1, tracks=2, valid=0, master=2390
[LIVE] udp=0.0/s, objs=0.0/s, last_udp=5.37s, meas=1, tracks=2, valid=0, master=2390
[LIVE] udp=0.0/s, objs=0.0/s, last_udp=6.37s, meas=1, tracks=2, valid=0, master=2390
[LIVE] udp=0.0/s, objs=0.0/s, last_udp=7.37s, meas=1, tracks=2, valid=0, master=2390
[LIVE] udp=0.0/s, objs=0.0/s, last_udp=8.38s, meas=1, tracks=2, valid=0, master=2390
[GPS] GGA fix_quality=1, num_sats=22, hdop=0.7, lat=30.408103185833333, lon=104.08863775116667
[LIVE] udp=0.0/s, objs=0.0/s, last_udp=9.38s, meas=1, tracks=2, valid=0, master=2390
[LIVE] udp=0.0/s, objs=0.0/s, last_udp=10.38s, meas=1, tracks=2, valid=0, master=2390
[LIVE] udp=0.0/s, objs=0.0/s, last_udp=11.38s, meas=1, tracks=2, valid=0, master=2390
[LIVE] udp=1.0/s, objs=1.0/s, last_udp=0.23s, meas=1, tracks=1, valid=0, master=2390
[LIVE] udp=2.0/s, objs=2.0/s, last_udp=0.13s, meas=1, tracks=1, valid=0, master=2390
[Warning] 逻辑ID 1 没有配置偏差数据
[Warning] 逻辑ID 1 没有配置偏差数据
[LIVE] udp=6.0/s, objs=6.0/s, last_udp=0.05s, meas=1, tracks=1, valid=1, master=2392
[LIVE] udp=2.0/s, objs=2.0/s, last_udp=0.00s, meas=1, tracks=1, valid=1, master=2392
[LIVE] udp=4.0/s, objs=4.0/s, last_udp=0.16s, meas=1, tracks=1, valid=1, master=2392
[LIVE] udp=5.0/s, objs=5.0/s, last_udp=0.10s, meas=1, tracks=2, valid=1, master=2392
[LIVE] udp=2.0/s, objs=2.0/s, last_udp=0.60s, meas=1, tracks=2, valid=1, master=2392
[GPS] GGA fix_quality=1, num_sats=22, hdop=0.7, lat=30.408100031333333, lon=104.08863937016666
[LIVE] udp=0.0/s, objs=0.0/s, last_udp=1.60s, meas=1, tracks=2, valid=1, master=2392
[LIVE] udp=0.0/s, objs=0.0/s, last_udp=2.61s, meas=1, tracks=2, valid=1, master=2392
[LIVE] udp=2.0/s, objs=2.0/s, last_udp=0.33s, meas=1, tracks=2, valid=1, master=2392
[LIVE] udp=4.0/s, objs=4.0/s, last_udp=0.04s, meas=1, tracks=2, valid=1, master=2392
[LIVE] udp=5.0/s, objs=5.0/s, last_udp=0.04s, meas=1, tracks=2, valid=1, master=2392
[LIVE] udp=8.0/s, objs=9.0/s, last_udp=0.12s, meas=3, tracks=3, valid=1, master=2392
[LIVE] udp=7.0/s, objs=7.0/s, last_udp=0.02s, meas=1, tracks=3, valid=1, master=2392
[LIVE] udp=1.0/s, objs=1.0/s, last_udp=0.89s, meas=1, tracks=3, valid=1, master=2392
[LIVE] udp=0.0/s, objs=0.0/s, last_udp=1.90s, meas=1, tracks=3, valid=1, master=2392
[LIVE] udp=0.0/s, objs=0.0/s, last_udp=2.90s, meas=1, tracks=3, valid=1, master=2392
[GPS] GGA fix_quality=1, num_sats=21, hdop=0.9, lat=30.40810237066667, lon=104.08863815116666
[LIVE] udp=0.0/s, objs=0.0/s, last_udp=3.90s, meas=1, tracks=3, valid=1, master=2392
[LIVE] udp=0.0/s, objs=0.0/s, last_udp=4.90s, meas=1, tracks=3, valid=1, master=2392
[LIVE] udp=2.0/s, objs=2.0/s, last_udp=0.46s, meas=1, tracks=3, valid=0, master=2392
[LIVE] udp=0.0/s, objs=0.0/s, last_udp=1.47s, meas=1, tracks=3, valid=0, master=2392
[LIVE] udp=0.0/s, objs=0.0/s, last_udp=2.47s, meas=1, tracks=3, valid=0, master=2392
[LIVE] udp=0.0/s, objs=0.0/s, last_udp=3.47s, meas=1, tracks=3, valid=0, master=2392
[LIVE] udp=0.0/s, objs=0.0/s, last_udp=4.47s, meas=1, tracks=3, valid=0, master=2392
[LIVE] udp=0.0/s, objs=0.0/s, last_udp=5.47s, meas=1, tracks=3, valid=0, master=2392
[LIVE] udp=0.0/s, objs=0.0/s, last_udp=6.48s, meas=1, tracks=3, valid=0, master=2392
[LIVE] udp=0.0/s, objs=0.0/s, last_udp=7.48s, meas=1, tracks=3, valid=0, master=2392
[GPS] GGA fix_quality=1, num_sats=22, hdop=0.8, lat=30.408105089833334, lon=104.08863862016666
[LIVE] udp=1.0/s, objs=1.0/s, last_udp=0.31s, meas=1, tracks=1, valid=0, master=2392
[LIVE] udp=4.0/s, objs=4.0/s, last_udp=0.19s, meas=1, tracks=1, valid=1, master=2394
[LIVE] udp=3.0/s, objs=3.0/s, last_udp=0.29s, meas=1, tracks=1, valid=1, master=2394
[LIVE] udp=0.0/s, objs=0.0/s, last_udp=1.30s, meas=1, tracks=1, valid=1, master=2394
[LIVE] udp=0.0/s, objs=0.0/s, last_udp=2.30s, meas=1, tracks=1, valid=1, master=2394
[LIVE] udp=0.0/s, objs=0.0/s, last_udp=3.31s, meas=1, tracks=1, valid=1, master=2394
[LIVE] udp=0.0/s, objs=0.0/s, last_udp=4.31s, meas=1, tracks=1, valid=1, master=2394
[LIVE] udp=0.0/s, objs=0.0/s, last_udp=5.31s, meas=1, tracks=1, valid=1, master=2394
[LIVE] udp=0.0/s, objs=0.0/s, last_udp=6.32s, meas=1, tracks=1, valid=1, master=2394
[LIVE] udp=0.0/s, objs=0.0/s, last_udp=7.32s, meas=1, tracks=1, valid=1, master=2394
[GPS] GGA fix_quality=1, num_sats=22, hdop=0.8, lat=30.40810971333333, lon=104.08863793283334
[LIVE] udp=0.0/s, objs=0.0/s, last_udp=8.32s, meas=1, tracks=1, valid=1, master=2394
[LIVE] udp=0.0/s, objs=0.0/s, last_udp=9.32s, meas=1, tracks=1, valid=1, master=2394
[LIVE] udp=0.0/s, objs=0.0/s, last_udp=10.33s, meas=1, tracks=1, valid=1, master=2394
[LIVE] udp=0.0/s, objs=0.0/s, last_udp=11.33s, meas=1, tracks=1, valid=1, master=2394
[LIVE] udp=0.0/s, objs=0.0/s, last_udp=12.33s, meas=1, tracks=1, valid=1, master=2394
[LIVE] udp=0.0/s, objs=0.0/s, last_udp=13.34s, meas=1, tracks=1, valid=1, master=2394
[LIVE] udp=0.0/s, objs=0.0/s, last_udp=14.34s, meas=1, tracks=1, valid=1, master=2394
[LIVE] udp=0.0/s, objs=0.0/s, last_udp=15.34s, meas=1, tracks=1, valid=1, master=2394
[LIVE] udp=0.0/s, objs=0.0/s, last_udp=16.35s, meas=1, tracks=1, valid=1, master=2394
[LIVE] udp=1.0/s, objs=1.0/s, last_udp=0.15s, meas=1, tracks=1, valid=1, master=2394
[GPS] GGA fix_quality=1, num_sats=22, hdop=0.8, lat=30.4081086745, lon=104.08863955633333
[LIVE] udp=1.0/s, objs=1.0/s, last_udp=0.85s, meas=1, tracks=1, valid=0, master=2394
[LIVE] udp=0.0/s, objs=0.0/s, last_udp=1.85s, meas=1, tracks=1, valid=0, master=2394
[LIVE] udp=0.0/s, objs=0.0/s, last_udp=2.85s, meas=1, tracks=1, valid=0, master=2394
[LIVE] udp=0.0/s, objs=0.0/s, last_udp=3.85s, meas=1, tracks=1, valid=0, master=2394
[LIVE] udp=0.0/s, objs=0.0/s, last_udp=4.86s, meas=1, tracks=1, valid=0, master=2394
[LIVE] udp=0.0/s, objs=0.0/s, last_udp=5.86s, meas=1, tracks=1, valid=0, master=2394
[LIVE] udp=0.0/s, objs=0.0/s, last_udp=6.86s, meas=1, tracks=1, valid=0, master=2394
[LIVE] udp=2.0/s, objs=2.0/s, last_udp=0.06s, meas=1, tracks=1, valid=1, master=2395
[LIVE] udp=0.0/s, objs=0.0/s, last_udp=1.07s, meas=1, tracks=1, valid=1, master=2395
[LIVE] udp=0.0/s, objs=0.0/s, last_udp=2.07s, meas=1, tracks=1, valid=1, master=2395
[GPS] GGA fix_quality=1, num_sats=21, hdop=0.9, lat=30.408104411, lon=104.08864376583334
[LIVE] udp=0.0/s, objs=0.0/s, last_udp=3.07s, meas=1, tracks=1, valid=1, master=2395
[LIVE] udp=0.0/s, objs=0.0/s, last_udp=4.07s, meas=1, tracks=1, valid=1, master=2395
[LIVE] udp=0.0/s, objs=0.0/s, last_udp=5.07s, meas=1, tracks=1, valid=1, master=2395
[LIVE] udp=0.0/s, objs=0.0/s, last_udp=6.08s, meas=1, tracks=1, valid=1, master=2395
[LIVE] udp=0.0/s, objs=0.0/s, last_udp=7.08s, meas=1, tracks=1, valid=1, master=2395
[LIVE] udp=0.0/s, objs=0.0/s, last_udp=8.08s, meas=1, tracks=1, valid=1, master=2395
[LIVE] udp=0.0/s, objs=0.0/s, last_udp=9.09s, meas=1, tracks=1, valid=1, master=2395
[LIVE] udp=0.0/s, objs=0.0/s, last_udp=10.09s, meas=1, tracks=1, valid=1, master=2395
[LIVE] udp=0.0/s, objs=0.0/s, last_udp=11.09s, meas=1, tracks=1, valid=1, master=2395
[LIVE] udp=0.0/s, objs=0.0/s, last_udp=12.09s, meas=1, tracks=1, valid=1, master=2395
[GPS] GGA fix_quality=1, num_sats=21, hdop=0.9, lat=30.408103641666667, lon=104.08864269566666
[LIVE] udp=0.0/s, objs=0.0/s, last_udp=13.10s, meas=1, tracks=1, valid=1, master=2395
[LIVE] udp=0.0/s, objs=0.0/s, last_udp=14.10s, meas=1, tracks=1, valid=1, master=2395
[LIVE] udp=0.0/s, objs=0.0/s, last_udp=15.10s, meas=1, tracks=1, valid=1, master=2395
[LIVE] udp=0.0/s, objs=0.0/s, last_udp=16.10s, meas=1, tracks=1, valid=1, master=2395
[LIVE] udp=0.0/s, objs=0.0/s, last_udp=17.11s, meas=1, tracks=1, valid=1, master=2395
[LIVE] udp=0.0/s, objs=0.0/s, last_udp=18.11s, meas=1, tracks=1, valid=1, master=2395
[LIVE] udp=0.0/s, objs=0.0/s, last_udp=19.11s, meas=1, tracks=1, valid=1, master=2395
[LIVE] udp=1.0/s, objs=1.0/s, last_udp=0.66s, meas=1, tracks=1, valid=0, master=2395
[LIVE] udp=0.0/s, objs=0.0/s, last_udp=1.67s, meas=1, tracks=1, valid=0, master=2395
[LIVE] udp=0.0/s, objs=0.0/s, last_udp=2.67s, meas=1, tracks=1, valid=0, master=2395
[GPS] GGA fix_quality=1, num_sats=21, hdop=0.9, lat=30.408103410333332, lon=104.08864119633333
[LIVE] udp=0.0/s, objs=0.0/s, last_udp=3.67s, meas=1, tracks=1, valid=0, master=2395
[LIVE] udp=0.0/s, objs=0.0/s, last_udp=4.68s, meas=1, tracks=1, valid=0, master=2395
[LIVE] udp=0.0/s, objs=0.0/s, last_udp=5.68s, meas=1, tracks=1, valid=0, master=2395
[LIVE] udp=0.0/s, objs=0.0/s, last_udp=6.68s, meas=1, tracks=1, valid=0, master=2395
[LIVE] udp=0.0/s, objs=0.0/s, last_udp=7.69s, meas=1, tracks=1, valid=0, master=2395
[LIVE] udp=0.0/s, objs=0.0/s, last_udp=8.69s, meas=1, tracks=1, valid=0, master=2395
[LIVE] udp=0.0/s, objs=0.0/s, last_udp=9.69s, meas=1, tracks=1, valid=0, master=2395
[LIVE] udp=0.0/s, objs=0.0/s, last_udp=10.70s, meas=1, tracks=1, valid=0, master=2395
[LIVE] udp=0.0/s, objs=0.0/s, last_udp=11.70s, meas=1, tracks=1, valid=0, master=2395
[LIVE] udp=0.0/s, objs=0.0/s, last_udp=12.70s, meas=1, tracks=1, valid=0, master=2395
[GPS] GGA fix_quality=1, num_sats=21, hdop=0.9, lat=30.408103202833335, lon=104.088640428
[LIVE] udp=0.0/s, objs=0.0/s, last_udp=13.70s, meas=1, tracks=1, valid=0, master=2395
[LIVE] udp=0.0/s, objs=0.0/s, last_udp=14.71s, meas=1, tracks=1, valid=0, master=2395
[LIVE] udp=0.0/s, objs=0.0/s, last_udp=15.71s, meas=1, tracks=1, valid=0, master=2395
[LIVE] udp=0.0/s, objs=0.0/s, last_udp=16.71s, meas=1, tracks=1, valid=0, master=2395
[LIVE] udp=0.0/s, objs=0.0/s, last_udp=17.72s, meas=1, tracks=1, valid=0, master=2395
[LIVE] udp=0.0/s, objs=0.0/s, last_udp=18.72s, meas=1, tracks=1, valid=0, master=2395
[LIVE] udp=0.0/s, objs=0.0/s, last_udp=19.73s, meas=1, tracks=1, valid=0, master=2395
[LIVE] udp=0.0/s, objs=0.0/s, last_udp=20.73s, meas=1, tracks=1, valid=0, master=2395
[LIVE] udp=0.0/s, objs=0.0/s, last_udp=21.73s, meas=1, tracks=1, valid=0, master=2395
[LIVE] udp=0.0/s, objs=0.0/s, last_udp=22.73s, meas=1, tracks=1, valid=0, master=2395
[GPS] GGA fix_quality=1, num_sats=21, hdop=0.9, lat=30.408103219833333, lon=104.0886392345
[LIVE] udp=0.0/s, objs=0.0/s, last_udp=23.74s, meas=1, tracks=1, valid=0, master=2395
[LIVE] udp=0.0/s, objs=0.0/s, last_udp=24.74s, meas=1, tracks=1, valid=0, master=2395
[LIVE] udp=0.0/s, objs=0.0/s, last_udp=25.74s, meas=1, tracks=1, valid=0, master=2395
[LIVE] udp=0.0/s, objs=0.0/s, last_udp=26.74s, meas=1, tracks=1, valid=0, master=2395
[LIVE] udp=0.0/s, objs=0.0/s, last_udp=27.74s, meas=1, tracks=1, valid=0, master=2395
[LIVE] udp=0.0/s, objs=0.0/s, last_udp=28.75s, meas=1, tracks=1, valid=0, master=2395
[LIVE] udp=0.0/s, objs=0.0/s, last_udp=29.75s, meas=1, tracks=1, valid=0, master=2395
[LIVE] udp=0.0/s, objs=0.0/s, last_udp=30.75s, meas=1, tracks=1, valid=0, master=2395
[LIVE] udp=0.0/s, objs=0.0/s, last_udp=31.76s, meas=1, tracks=1, valid=0, master=2395
[LIVE] udp=0.0/s, objs=0.0/s, last_udp=32.76s, meas=1, tracks=1, valid=0, master=2395
[GPS] GGA fix_quality=1, num_sats=21, hdop=0.9, lat=30.4081033685, lon=104.08863841033333
[LIVE] udp=1.0/s, objs=1.0/s, last_udp=0.89s, meas=1, tracks=1, valid=0, master=2395
[LIVE] udp=3.0/s, objs=3.0/s, last_udp=0.08s, meas=1, tracks=1, valid=1, master=2397
[LIVE] udp=2.0/s, objs=2.0/s, last_udp=0.09s, meas=1, tracks=1, valid=1, master=2397
[LIVE] udp=1.0/s, objs=1.0/s, last_udp=0.57s, meas=1, tracks=1, valid=1, master=2397
[LIVE] udp=1.0/s, objs=1.0/s, last_udp=0.39s, meas=1, tracks=1, valid=1, master=2397
[LIVE] udp=3.0/s, objs=3.0/s, last_udp=0.37s, meas=1, tracks=1, valid=1, master=2397
[LIVE] udp=0.0/s, objs=0.0/s, last_udp=1.37s, meas=1, tracks=1, valid=1, master=2397
[LIVE] udp=3.0/s, objs=3.0/s, last_udp=0.06s, meas=1, tracks=1, valid=1, master=2397
[LIVE] udp=4.0/s, objs=4.0/s, last_udp=0.20s, meas=1, tracks=1, valid=1, master=2397
[LIVE] udp=6.0/s, objs=6.0/s, last_udp=0.01s, meas=1, tracks=1, valid=1, master=2397
[GPS] GGA fix_quality=1, num_sats=21, hdop=0.9, lat=30.4081021665, lon=104.0886399625
[LIVE] udp=3.0/s, objs=3.0/s, last_udp=0.14s, meas=1, tracks=1, valid=1, master=2397
[LIVE] udp=3.0/s, objs=3.0/s, last_udp=0.68s, meas=1, tracks=1, valid=1, master=2397
[LIVE] udp=0.0/s, objs=0.0/s, last_udp=1.69s, meas=1, tracks=1, valid=1, master=2397
[LIVE] udp=0.0/s, objs=0.0/s, last_udp=2.69s, meas=1, tracks=1, valid=1, master=2397
[LIVE] udp=0.0/s, objs=0.0/s, last_udp=3.69s, meas=1, tracks=1, valid=1, master=2397
[LIVE] udp=0.0/s, objs=0.0/s, last_udp=4.69s, meas=1, tracks=1, valid=1, master=2397
[LIVE] udp=0.0/s, objs=0.0/s, last_udp=5.70s, meas=1, tracks=1, valid=1, master=2397
[LIVE] udp=0.0/s, objs=0.0/s, last_udp=6.70s, meas=1, tracks=1, valid=1, master=2397
[LIVE] udp=0.0/s, objs=0.0/s, last_udp=7.71s, meas=1, tracks=1, valid=1, master=2397
[LIVE] udp=0.0/s, objs=0.0/s, last_udp=8.71s, meas=1, tracks=1, valid=1, master=2397
[GPS] GGA fix_quality=1, num_sats=21, hdop=0.9, lat=30.408105007666666, lon=104.0886414375
[LIVE] udp=0.0/s, objs=0.0/s, last_udp=9.71s, meas=1, tracks=1, valid=1, master=2397
[LIVE] udp=0.0/s, objs=0.0/s, last_udp=10.72s, meas=1, tracks=1, valid=1, master=2397
[LIVE] udp=0.0/s, objs=0.0/s, last_udp=11.72s, meas=1, tracks=1, valid=1, master=2397
[LIVE] udp=0.0/s, objs=0.0/s, last_udp=12.72s, meas=1, tracks=1, valid=1, master=2397
[LIVE] udp=0.0/s, objs=0.0/s, last_udp=13.72s, meas=1, tracks=1, valid=1, master=2397
[LIVE] udp=0.0/s, objs=0.0/s, last_udp=14.72s, meas=1, tracks=1, valid=1, master=2397
[LIVE] udp=0.0/s, objs=0.0/s, last_udp=15.72s, meas=1, tracks=1, valid=1, master=2397
[LIVE] udp=2.0/s, objs=2.0/s, last_udp=0.74s, meas=1, tracks=1, valid=0, master=2397
[LIVE] udp=0.0/s, objs=0.0/s, last_udp=1.74s, meas=1, tracks=1, valid=0, master=2397
[LIVE] udp=1.0/s, objs=1.0/s, last_udp=0.51s, meas=1, tracks=1, valid=0, master=2397
[GPS] GGA fix_quality=1, num_sats=21, hdop=0.9, lat=30.408102489666668, lon=104.088648135
[LIVE] udp=0.0/s, objs=0.0/s, last_udp=1.51s, meas=1, tracks=1, valid=0, master=2397
[LIVE] udp=0.0/s, objs=0.0/s, last_udp=2.52s, meas=1, tracks=1, valid=0, master=2397
[LIVE] udp=0.0/s, objs=0.0/s, last_udp=3.52s, meas=1, tracks=1, valid=0, master=2397
[LIVE] udp=0.0/s, objs=0.0/s, last_udp=4.52s, meas=1, tracks=1, valid=0, master=2397
[LIVE] udp=0.0/s, objs=0.0/s, last_udp=5.52s, meas=1, tracks=1, valid=0, master=2397
[LIVE] udp=1.0/s, objs=1.0/s, last_udp=0.62s, meas=1, tracks=1, valid=1, master=2398
[LIVE] udp=0.0/s, objs=0.0/s, last_udp=1.62s, meas=1, tracks=1, valid=1, master=2398
[LIVE] udp=0.0/s, objs=0.0/s, last_udp=2.62s, meas=1, tracks=1, valid=1, master=2398
[LIVE] udp=0.0/s, objs=0.0/s, last_udp=3.63s, meas=1, tracks=1, valid=1, master=2398
[LIVE] udp=0.0/s, objs=0.0/s, last_udp=4.63s, meas=1, tracks=1, valid=1, master=2398
[GPS] GGA fix_quality=1, num_sats=21, hdop=0.9, lat=30.408098561333333, lon=104.08864843716667
[LIVE] udp=0.0/s, objs=0.0/s, last_udp=5.63s, meas=1, tracks=1, valid=1, master=2398
[LIVE] udp=0.0/s, objs=0.0/s, last_udp=6.63s, meas=1, tracks=1, valid=1, master=2398
[LIVE] udp=0.0/s, objs=0.0/s, last_udp=7.64s, meas=1, tracks=1, valid=1, master=2398
[LIVE] udp=0.0/s, objs=0.0/s, last_udp=8.64s, meas=1, tracks=1, valid=1, master=2398
[LIVE] udp=0.0/s, objs=0.0/s, last_udp=9.65s, meas=1, tracks=1, valid=1, master=2398
[LIVE] udp=0.0/s, objs=0.0/s, last_udp=10.65s, meas=1, tracks=1, valid=1, master=2398
[LIVE] udp=0.0/s, objs=0.0/s, last_udp=11.65s, meas=1, tracks=1, valid=1, master=2398
[LIVE] udp=0.0/s, objs=0.0/s, last_udp=12.65s, meas=1, tracks=1, valid=1, master=2398
[LIVE] udp=0.0/s, objs=0.0/s, last_udp=13.66s, meas=1, tracks=1, valid=1, master=2398
[LIVE] udp=0.0/s, objs=0.0/s, last_udp=14.66s, meas=1, tracks=1, valid=1, master=2398
[GPS] GGA fix_quality=1, num_sats=21, hdop=0.9, lat=30.4080963615, lon=104.08865374566666
[LIVE] udp=0.0/s, objs=0.0/s, last_udp=15.66s, meas=1, tracks=1, valid=1, master=2398
[LIVE] udp=0.0/s, objs=0.0/s, last_udp=16.66s, meas=1, tracks=1, valid=1, master=2398
[LIVE] udp=0.0/s, objs=0.0/s, last_udp=17.67s, meas=1, tracks=1, valid=1, master=2398
[LIVE] udp=0.0/s, objs=0.0/s, last_udp=18.67s, meas=1, tracks=1, valid=1, master=2398
[LIVE] udp=0.0/s, objs=0.0/s, last_udp=19.68s, meas=1, tracks=1, valid=1, master=2398
[LIVE] udp=0.0/s, objs=0.0/s, last_udp=20.68s, meas=1, tracks=1, valid=1, master=2398
[LIVE] udp=0.0/s, objs=0.0/s, last_udp=21.68s, meas=1, tracks=1, valid=1, master=2398
[LIVE] udp=2.0/s, objs=2.0/s, last_udp=0.04s, meas=1, tracks=1, valid=0, master=2398
[LIVE] udp=1.0/s, objs=1.0/s, last_udp=0.89s, meas=1, tracks=1, valid=0, master=2398
[LIVE] udp=3.0/s, objs=3.0/s, last_udp=0.04s, meas=1, tracks=2, valid=0, master=2399
[GPS] GGA fix_quality=1, num_sats=22, hdop=0.8, lat=30.408100364833334, lon=104.0886476075
[LIVE] udp=1.0/s, objs=1.0/s, last_udp=0.85s, meas=2, tracks=2, valid=1, master=2399
[LIVE] udp=0.0/s, objs=0.0/s, last_udp=1.85s, meas=2, tracks=2, valid=1, master=2399
[LIVE] udp=0.0/s, objs=0.0/s, last_udp=2.85s, meas=2, tracks=2, valid=1, master=2399
[LIVE] udp=0.0/s, objs=0.0/s, last_udp=3.85s, meas=2, tracks=2, valid=1, master=2399
[LIVE] udp=0.0/s, objs=0.0/s, last_udp=4.86s, meas=2, tracks=2, valid=1, master=2399
[LIVE] udp=2.0/s, objs=2.0/s, last_udp=0.25s, meas=1, tracks=2, valid=1, master=2400
[LIVE] udp=4.0/s, objs=4.0/s, last_udp=0.33s, meas=1, tracks=2, valid=1, master=2400
[LIVE] udp=0.0/s, objs=0.0/s, last_udp=1.33s, meas=1, tracks=2, valid=1, master=2400
[LIVE] udp=0.0/s, objs=0.0/s, last_udp=2.34s, meas=1, tracks=2, valid=1, master=2400
[LIVE] udp=0.0/s, objs=0.0/s, last_udp=3.34s, meas=1, tracks=2, valid=1, master=2400
[GPS] GGA fix_quality=1, num_sats=24, hdop=0.7, lat=30.408095104833333, lon=104.088647764
[LIVE] udp=0.0/s, objs=0.0/s, last_udp=4.34s, meas=1, tracks=2, valid=1, master=2400
[LIVE] udp=0.0/s, objs=0.0/s, last_udp=5.34s, meas=1, tracks=2, valid=1, master=2400
[LIVE] udp=0.0/s, objs=0.0/s, last_udp=6.34s, meas=1, tracks=2, valid=1, master=2400
[LIVE] udp=3.0/s, objs=5.0/s, last_udp=0.64s, meas=1, tracks=2, valid=0, master=2400
[LIVE] udp=0.0/s, objs=0.0/s, last_udp=1.64s, meas=1, tracks=2, valid=0, master=2400
[LIVE] udp=0.0/s, objs=0.0/s, last_udp=2.64s, meas=1, tracks=2, valid=0, master=2400
[LIVE] udp=0.0/s, objs=0.0/s, last_udp=3.64s, meas=1, tracks=2, valid=0, master=2400
[LIVE] udp=0.0/s, objs=0.0/s, last_udp=4.65s, meas=1, tracks=2, valid=0, master=2400
[LIVE] udp=0.0/s, objs=0.0/s, last_udp=5.65s, meas=1, tracks=2, valid=0, master=2400
[LIVE] udp=2.0/s, objs=2.0/s, last_udp=0.06s, meas=0, tracks=2, valid=0, master=2400
[GPS] GGA fix_quality=1, num_sats=23, hdop=0.8, lat=30.408095275, lon=104.08864484933333
[LIVE] udp=4.0/s, objs=4.0/s, last_udp=0.00s, meas=1, tracks=2, valid=1, master=2401
[LIVE] udp=2.0/s, objs=2.0/s, last_udp=0.73s, meas=1, tracks=2, valid=1, master=2401
[LIVE] udp=0.0/s, objs=0.0/s, last_udp=1.74s, meas=1, tracks=2, valid=1, master=2401
[LIVE] udp=0.0/s, objs=0.0/s, last_udp=2.74s, meas=1, tracks=2, valid=1, master=2401
[LIVE] udp=0.0/s, objs=0.0/s, last_udp=3.74s, meas=1, tracks=2, valid=1, master=2401
[LIVE] udp=0.0/s, objs=0.0/s, last_udp=4.74s, meas=1, tracks=2, valid=1, master=2401
[LIVE] udp=1.0/s, objs=1.0/s, last_udp=0.18s, meas=1, tracks=2, valid=1, master=2401
[LIVE] udp=3.0/s, objs=3.0/s, last_udp=0.04s, meas=1, tracks=2, valid=0, master=2401
[LIVE] udp=1.0/s, objs=1.0/s, last_udp=0.90s, meas=1, tracks=2, valid=1, master=2402
[LIVE] udp=0.0/s, objs=0.0/s, last_udp=1.91s, meas=1, tracks=2, valid=1, master=2402
[GPS] GGA fix_quality=1, num_sats=23, hdop=0.8, lat=30.408092568666667, lon=104.088646652
[LIVE] udp=0.0/s, objs=0.0/s, last_udp=2.91s, meas=1, tracks=2, valid=1, master=2402
[LIVE] udp=0.0/s, objs=0.0/s, last_udp=3.91s, meas=1, tracks=2, valid=1, master=2402
[LIVE] udp=3.0/s, objs=6.0/s, last_udp=0.16s, meas=2, tracks=3, valid=1, master=2402
[LIVE] udp=3.0/s, objs=3.0/s, last_udp=0.67s, meas=1, tracks=3, valid=1, master=2402
[LIVE] udp=0.0/s, objs=0.0/s, last_udp=1.67s, meas=1, tracks=3, valid=1, master=2402
[LIVE] udp=0.0/s, objs=0.0/s, last_udp=2.67s, meas=1, tracks=3, valid=1, master=2402
[LIVE] udp=0.0/s, objs=0.0/s, last_udp=3.68s, meas=1, tracks=3, valid=1, master=2402
[LIVE] udp=0.0/s, objs=0.0/s, last_udp=4.68s, meas=1, tracks=3, valid=1, master=2402
[LIVE] udp=0.0/s, objs=0.0/s, last_udp=5.68s, meas=1, tracks=3, valid=1, master=2402
[LIVE] udp=0.0/s, objs=0.0/s, last_udp=6.68s, meas=1, tracks=3, valid=1, master=2402
[GPS] GGA fix_quality=1, num_sats=23, hdop=0.8, lat=30.408090786333332, lon=104.0886407475
[LIVE] udp=0.0/s, objs=0.0/s, last_udp=7.69s, meas=1, tracks=3, valid=1, master=2402
[LIVE] udp=0.0/s, objs=0.0/s, last_udp=8.69s, meas=1, tracks=3, valid=1, master=2402
[LIVE] udp=0.0/s, objs=0.0/s, last_udp=9.69s, meas=1, tracks=3, valid=1, master=2402
[LIVE] udp=0.0/s, objs=0.0/s, last_udp=10.70s, meas=1, tracks=3, valid=1, master=2402
[LIVE] udp=2.0/s, objs=2.0/s, last_udp=0.25s, meas=1, tracks=1, valid=0, master=2402
[LIVE] udp=0.0/s, objs=0.0/s, last_udp=1.26s, meas=1, tracks=1, valid=0, master=2402
[LIVE] udp=0.0/s, objs=0.0/s, last_udp=2.26s, meas=1, tracks=1, valid=0, master=2402
[LIVE] udp=0.0/s, objs=0.0/s, last_udp=3.26s, meas=1, tracks=1, valid=0, master=2402
[LIVE] udp=0.0/s, objs=0.0/s, last_udp=4.26s, meas=1, tracks=1, valid=0, master=2402
[LIVE] udp=0.0/s, objs=0.0/s, last_udp=5.26s, meas=1, tracks=1, valid=0, master=2402
[GPS] GGA fix_quality=1, num_sats=24, hdop=0.7, lat=30.4080939115, lon=104.08864496383333
[LIVE] udp=0.0/s, objs=0.0/s, last_udp=6.27s, meas=1, tracks=1, valid=0, master=2402
[LIVE] udp=0.0/s, objs=0.0/s, last_udp=7.27s, meas=1, tracks=1, valid=0, master=2402
[LIVE] udp=0.0/s, objs=0.0/s, last_udp=8.27s, meas=1, tracks=1, valid=0, master=2402
[LIVE] udp=0.0/s, objs=0.0/s, last_udp=9.28s, meas=1, tracks=1, valid=0, master=2402
[LIVE] udp=1.0/s, objs=1.0/s, last_udp=0.35s, meas=1, tracks=1, valid=0, master=2402
[LIVE] udp=0.0/s, objs=0.0/s, last_udp=1.36s, meas=1, tracks=1, valid=0, master=2402
[LIVE] udp=0.0/s, objs=0.0/s, last_udp=2.36s, meas=1, tracks=1, valid=0, master=2402
[LIVE] udp=0.0/s, objs=0.0/s, last_udp=3.36s, meas=1, tracks=1, valid=0, master=2402
[LIVE] udp=0.0/s, objs=0.0/s, last_udp=4.36s, meas=1, tracks=1, valid=0, master=2402
[LIVE] udp=0.0/s, objs=0.0/s, last_udp=5.36s, meas=1, tracks=1, valid=0, master=2402
[GPS] GGA fix_quality=1, num_sats=24, hdop=0.7, lat=30.408099919833333, lon=104.0886494955
[LIVE] udp=2.0/s, objs=2.0/s, last_udp=0.77s, meas=1, tracks=1, valid=1, master=2405
[LIVE] udp=1.0/s, objs=1.0/s, last_udp=0.77s, meas=0, tracks=1, valid=0, master=2405
[LIVE] udp=0.0/s, objs=0.0/s, last_udp=1.77s, meas=0, tracks=1, valid=0, master=2405
[LIVE] udp=0.0/s, objs=0.0/s, last_udp=2.78s, meas=0, tracks=1, valid=0, master=2405
[LIVE] udp=0.0/s, objs=0.0/s, last_udp=3.78s, meas=0, tracks=1, valid=0, master=2405
[LIVE] udp=0.0/s, objs=0.0/s, last_udp=4.78s, meas=0, tracks=1, valid=0, master=2405
[LIVE] udp=0.0/s, objs=0.0/s, last_udp=5.78s, meas=0, tracks=1, valid=0, master=2405
[LIVE] udp=0.0/s, objs=0.0/s, last_udp=6.79s, meas=0, tracks=1, valid=0, master=2405
[LIVE] udp=1.0/s, objs=1.0/s, last_udp=0.31s, meas=1, tracks=1, valid=1, master=2405
[LIVE] udp=0.0/s, objs=0.0/s, last_udp=1.31s, meas=1, tracks=1, valid=1, master=2405
[GPS] GGA fix_quality=1, num_sats=24, hdop=0.7, lat=30.408100444, lon=104.08865157316667
[LIVE] udp=0.0/s, objs=0.0/s, last_udp=2.32s, meas=1, tracks=1, valid=1, master=2405
[LIVE] udp=0.0/s, objs=0.0/s, last_udp=3.32s, meas=1, tracks=1, valid=1, master=2405
[LIVE] udp=4.0/s, objs=7.0/s, last_udp=0.32s, meas=2, tracks=3, valid=0, master=2405
[LIVE] udp=0.0/s, objs=0.0/s, last_udp=1.32s, meas=2, tracks=3, valid=0, master=2405
[LIVE] udp=0.0/s, objs=0.0/s, last_udp=2.33s, meas=2, tracks=3, valid=0, master=2405
[LIVE] udp=0.0/s, objs=0.0/s, last_udp=3.33s, meas=2, tracks=3, valid=0, master=2405
[LIVE] udp=0.0/s, objs=0.0/s, last_udp=4.33s, meas=2, tracks=3, valid=0, master=2405
[LIVE] udp=0.0/s, objs=0.0/s, last_udp=5.33s, meas=2, tracks=3, valid=0, master=2405
[LIVE] udp=0.0/s, objs=0.0/s, last_udp=6.34s, meas=2, tracks=3, valid=0, master=2405
[LIVE] udp=0.0/s, objs=0.0/s, last_udp=7.34s, meas=2, tracks=3, valid=0, master=2405
[GPS] GGA fix_quality=1, num_sats=24, hdop=0.7, lat=30.408098784, lon=104.08865172916667
[LIVE] udp=0.0/s, objs=0.0/s, last_udp=8.35s, meas=2, tracks=3, valid=0, master=2405
[LIVE] udp=0.0/s, objs=0.0/s, last_udp=9.35s, meas=2, tracks=3, valid=0, master=2405
[LIVE] udp=5.0/s, objs=5.0/s, last_udp=0.14s, meas=1, tracks=3, valid=0, master=2406
[LIVE] udp=0.0/s, objs=0.0/s, last_udp=1.14s, meas=2, tracks=2, valid=1, master=2406
[LIVE] udp=0.0/s, objs=0.0/s, last_udp=2.14s, meas=2, tracks=2, valid=1, master=2406
[LIVE] udp=0.0/s, objs=0.0/s, last_udp=3.14s, meas=2, tracks=2, valid=1, master=2406
[LIVE] udp=0.0/s, objs=0.0/s, last_udp=4.15s, meas=2, tracks=2, valid=1, master=2406
[LIVE] udp=1.0/s, objs=1.0/s, last_udp=0.72s, meas=1, tracks=2, valid=1, master=2406
[LIVE] udp=0.0/s, objs=0.0/s, last_udp=1.72s, meas=1, tracks=2, valid=1, master=2406
[LIVE] udp=0.0/s, objs=0.0/s, last_udp=2.73s, meas=1, tracks=2, valid=1, master=2406
[GPS] GGA fix_quality=1, num_sats=23, hdop=0.8, lat=30.408092287333332, lon=104.088655839
[LIVE] udp=0.0/s, objs=0.0/s, last_udp=3.74s, meas=1, tracks=2, valid=1, master=2406
[LIVE] udp=0.0/s, objs=0.0/s, last_udp=4.74s, meas=1, tracks=2, valid=1, master=2406
[LIVE] udp=0.0/s, objs=0.0/s, last_udp=5.74s, meas=1, tracks=2, valid=1, master=2406
[LIVE] udp=0.0/s, objs=0.0/s, last_udp=6.75s, meas=1, tracks=2, valid=1, master=2406
[LIVE] udp=5.0/s, objs=6.0/s, last_udp=0.02s, meas=2, tracks=2, valid=1, master=2406
[LIVE] udp=1.0/s, objs=1.0/s, last_udp=0.08s, meas=1, tracks=2, valid=1, master=2406
[Warning] 逻辑ID 1 没有配置偏差数据
[Warning] 逻辑ID 1 没有配置偏差数据
[LIVE] udp=1.0/s, objs=1.0/s, last_udp=0.92s, meas=0, tracks=2, valid=0, master=2406
[LIVE] udp=0.0/s, objs=0.0/s, last_udp=1.93s, meas=0, tracks=2, valid=0, master=2406
[LIVE] udp=0.0/s, objs=0.0/s, last_udp=2.93s, meas=0, tracks=2, valid=0, master=2406
[LIVE] udp=0.0/s, objs=0.0/s, last_udp=3.93s, meas=0, tracks=2, valid=0, master=2406
[GPS] GGA fix_quality=1, num_sats=25, hdop=0.7, lat=30.40808935866667, lon=104.0886498275
[LIVE] udp=0.0/s, objs=0.0/s, last_udp=4.93s, meas=0, tracks=2, valid=0, master=2406
[LIVE] udp=1.0/s, objs=1.0/s, last_udp=0.08s, meas=0, tracks=2, valid=0, master=2406
[LIVE] udp=3.0/s, objs=3.0/s, last_udp=0.02s, meas=1, tracks=2, valid=0, master=2406
[LIVE] udp=4.0/s, objs=4.0/s, last_udp=0.08s, meas=1, tracks=2, valid=1, master=2409
[LIVE] udp=4.0/s, objs=4.0/s, last_udp=0.23s, meas=1, tracks=2, valid=1, master=2409
[LIVE] udp=6.0/s, objs=6.0/s, last_udp=0.00s, meas=1, tracks=2, valid=1, master=2409
[LIVE] udp=6.0/s, objs=6.0/s, last_udp=0.05s, meas=1, tracks=1, valid=1, master=2409
[LIVE] udp=6.0/s, objs=6.0/s, last_udp=0.07s, meas=1, tracks=1, valid=1, master=2409
[LIVE] udp=7.0/s, objs=7.0/s, last_udp=0.05s, meas=1, tracks=1, valid=1, master=2409
[LIVE] udp=7.0/s, objs=7.0/s, last_udp=0.05s, meas=2, tracks=2, valid=1, master=2409
[GPS] GGA fix_quality=1, num_sats=24, hdop=0.7, lat=30.408089598, lon=104.08864544016667
[LIVE] udp=6.0/s, objs=6.0/s, last_udp=0.19s, meas=1, tracks=2, valid=1, master=2409
[LIVE] udp=2.0/s, objs=2.0/s, last_udp=0.56s, meas=1, tracks=2, valid=0, master=2409
[LIVE] udp=3.0/s, objs=3.0/s, last_udp=0.06s, meas=1, tracks=2, valid=1, master=2409
[LIVE] udp=4.0/s, objs=4.0/s, last_udp=0.04s, meas=1, tracks=2, valid=1, master=2409
[LIVE] udp=6.0/s, objs=6.0/s, last_udp=0.04s, meas=1, tracks=2, valid=1, master=2409
[LIVE] udp=6.0/s, objs=6.0/s, last_udp=0.06s, meas=1, tracks=2, valid=1, master=2409
[LIVE] udp=9.0/s, objs=9.0/s, last_udp=0.05s, meas=2, tracks=2, valid=1, master=2409
[LIVE] udp=6.0/s, objs=6.0/s, last_udp=0.00s, meas=1, tracks=2, valid=1, master=2409
[LIVE] udp=8.0/s, objs=9.0/s, last_udp=0.05s, meas=1, tracks=4, valid=1, master=2409
[GPS] GGA fix_quality=1, num_sats=24, hdop=0.7, lat=30.408092683833335, lon=104.08864173566667
[LIVE] udp=5.0/s, objs=5.0/s, last_udp=0.38s, meas=1, tracks=4, valid=1, master=2409
[LIVE] udp=1.0/s, objs=1.0/s, last_udp=0.08s, meas=1, tracks=4, valid=1, master=2409
[LIVE] udp=4.0/s, objs=4.0/s, last_udp=0.18s, meas=1, tracks=4, valid=1, master=2409
[LIVE] udp=6.0/s, objs=6.0/s, last_udp=0.07s, meas=1, tracks=4, valid=1, master=2409
[LIVE] udp=9.0/s, objs=9.0/s, last_udp=0.11s, meas=2, tracks=4, valid=1, master=2409
[LIVE] udp=9.0/s, objs=9.0/s, last_udp=0.33s, meas=2, tracks=4, valid=2, master=2409
[LIVE] udp=0.0/s, objs=0.0/s, last_udp=1.33s, meas=2, tracks=4, valid=2, master=2409
[LIVE] udp=2.0/s, objs=2.0/s, last_udp=0.02s, meas=1, tracks=4, valid=1, master=2409
[LIVE] udp=6.0/s, objs=6.0/s, last_udp=0.09s, meas=1, tracks=5, valid=1, master=2409
[LIVE] udp=7.0/s, objs=7.0/s, last_udp=0.11s, meas=2, tracks=5, valid=1, master=2409
[GPS] GGA fix_quality=1, num_sats=24, hdop=0.7, lat=30.408093343666668, lon=104.08863904616666
[LIVE] udp=6.0/s, objs=6.0/s, last_udp=0.07s, meas=1, tracks=4, valid=1, master=2409
[LIVE] udp=7.0/s, objs=7.0/s, last_udp=0.08s, meas=1, tracks=4, valid=1, master=2409
[LIVE] udp=8.0/s, objs=8.0/s, last_udp=0.03s, meas=1, tracks=3, valid=1, master=2409
[LIVE] udp=8.0/s, objs=8.0/s, last_udp=0.16s, meas=2, tracks=3, valid=1, master=2409
[LIVE] udp=7.0/s, objs=9.0/s, last_udp=0.19s, meas=1, tracks=3, valid=1, master=2411
[LIVE] udp=3.0/s, objs=3.0/s, last_udp=0.21s, meas=1, tracks=3, valid=1, master=2409
[LIVE] udp=6.0/s, objs=6.0/s, last_udp=0.01s, meas=1, tracks=3, valid=1, master=2409
[LIVE] udp=9.0/s, objs=9.0/s, last_udp=0.00s, meas=2, tracks=4, valid=2, master=2409
[LIVE] udp=2.0/s, objs=2.0/s, last_udp=0.64s, meas=1, tracks=4, valid=1, master=2414
[LIVE] udp=1.0/s, objs=1.0/s, last_udp=0.35s, meas=1, tracks=4, valid=1, master=2409
[GPS] GGA fix_quality=1, num_sats=24, hdop=0.7, lat=30.408091655, lon=104.08863808333334
[LIVE] udp=4.0/s, objs=4.0/s, last_udp=0.37s, meas=1, tracks=4, valid=1, master=2409
[LIVE] udp=0.0/s, objs=0.0/s, last_udp=1.38s, meas=1, tracks=4, valid=1, master=2409
[LIVE] udp=0.0/s, objs=0.0/s, last_udp=2.38s, meas=1, tracks=4, valid=1, master=2409
[LIVE] udp=0.0/s, objs=0.0/s, last_udp=3.38s, meas=1, tracks=4, valid=1, master=2409
[LIVE] udp=0.0/s, objs=0.0/s, last_udp=4.38s, meas=1, tracks=4, valid=1, master=2409
[LIVE] udp=0.0/s, objs=0.0/s, last_udp=5.39s, meas=1, tracks=4, valid=1, master=2409
[LIVE] udp=0.0/s, objs=0.0/s, last_udp=6.39s, meas=1, tracks=4, valid=1, master=2409
[LIVE] udp=3.0/s, objs=3.0/s, last_udp=0.18s, meas=1, tracks=2, valid=1, master=2414
[Warning] 逻辑ID 1 没有配置偏差数据
[Warning] 逻辑ID 1 没有配置偏差数据
[LIVE] udp=6.0/s, objs=6.0/s, last_udp=0.17s, meas=2, tracks=2, valid=2, master=2414
[LIVE] udp=0.0/s, objs=0.0/s, last_udp=1.17s, meas=2, tracks=2, valid=2, master=2414
[GPS] GGA fix_quality=1, num_sats=24, hdop=0.7, lat=30.408095103166666, lon=104.0886403175
[LIVE] udp=0.0/s, objs=0.0/s, last_udp=2.18s, meas=2, tracks=2, valid=2, master=2414
[LIVE] udp=1.0/s, objs=1.0/s, last_udp=0.17s, meas=2, tracks=2, valid=2, master=2414
[LIVE] udp=3.0/s, objs=3.0/s, last_udp=0.09s, meas=1, tracks=2, valid=1, master=2409
[LIVE] udp=6.0/s, objs=6.0/s, last_udp=0.23s, meas=1, tracks=2, valid=1, master=2409
[LIVE] udp=5.0/s, objs=5.0/s, last_udp=0.07s, meas=1, tracks=2, valid=1, master=2409
[LIVE] udp=0.0/s, objs=0.0/s, last_udp=1.07s, meas=1, tracks=2, valid=1, master=2409
[LIVE] udp=0.0/s, objs=0.0/s, last_udp=2.08s, meas=1, tracks=2, valid=1, master=2409
[LIVE] udp=4.0/s, objs=4.0/s, last_udp=0.01s, meas=1, tracks=2, valid=1, master=2409
[LIVE] udp=7.0/s, objs=7.0/s, last_udp=0.06s, meas=1, tracks=2, valid=1, master=2409
[LIVE] udp=3.0/s, objs=3.0/s, last_udp=0.68s, meas=1, tracks=2, valid=1, master=2409
[GPS] GGA fix_quality=1, num_sats=20, hdop=0.8, lat=30.408094396333333, lon=104.088641444
[LIVE] udp=0.0/s, objs=0.0/s, last_udp=1.69s, meas=1, tracks=2, valid=1, master=2409
[LIVE] udp=3.0/s, objs=3.0/s, last_udp=0.34s, meas=1, tracks=2, valid=1, master=2409
[LIVE] udp=8.0/s, objs=8.0/s, last_udp=0.06s, meas=2, tracks=2, valid=1, master=2409
[LIVE] udp=5.0/s, objs=5.0/s, last_udp=0.03s, meas=1, tracks=2, valid=1, master=2409
[LIVE] udp=6.0/s, objs=6.0/s, last_udp=0.01s, meas=1, tracks=2, valid=1, master=2409
[LIVE] udp=7.0/s, objs=7.0/s, last_udp=0.11s, meas=1, tracks=3, valid=1, master=2409
[LIVE] udp=7.0/s, objs=7.0/s, last_udp=0.12s, meas=1, tracks=3, valid=1, master=2409
[LIVE] udp=3.0/s, objs=3.0/s, last_udp=0.23s, meas=1, tracks=3, valid=1, master=2409
[LIVE] udp=4.0/s, objs=4.0/s, last_udp=0.18s, meas=1, tracks=3, valid=1, master=2409
[LIVE] udp=9.0/s, objs=9.0/s, last_udp=0.01s, meas=1, tracks=3, valid=1, master=2409
[GPS] GGA fix_quality=1, num_sats=24, hdop=0.7, lat=30.40809425633333, lon=104.088641045
[LIVE] udp=7.0/s, objs=7.0/s, last_udp=0.10s, meas=1, tracks=3, valid=1, master=2409
[LIVE] udp=7.0/s, objs=7.0/s, last_udp=0.03s, meas=1, tracks=3, valid=1, master=2409
[LIVE] udp=2.0/s, objs=2.0/s, last_udp=0.67s, meas=1, tracks=3, valid=1, master=2409
[LIVE] udp=4.0/s, objs=4.0/s, last_udp=0.03s, meas=2, tracks=3, valid=1, master=2409
[LIVE] udp=8.0/s, objs=8.0/s, last_udp=0.00s, meas=1, tracks=3, valid=1, master=2409
[LIVE] udp=4.0/s, objs=4.0/s, last_udp=0.24s, meas=1, tracks=3, valid=1, master=2409
[LIVE] udp=2.0/s, objs=2.0/s, last_udp=0.06s, meas=1, tracks=2, valid=1, master=2409
[LIVE] udp=1.0/s, objs=1.0/s, last_udp=0.51s, meas=1, tracks=2, valid=1, master=2409
[LIVE] udp=3.0/s, objs=3.0/s, last_udp=0.12s, meas=1, tracks=2, valid=1, master=2409
[LIVE] udp=4.0/s, objs=4.0/s, last_udp=0.35s, meas=1, tracks=2, valid=1, master=2409
[GPS] GGA fix_quality=1, num_sats=24, hdop=0.7, lat=30.408099861, lon=104.088638407
[LIVE] udp=6.0/s, objs=6.0/s, last_udp=0.14s, meas=1, tracks=2, valid=1, master=2409
[LIVE] udp=1.0/s, objs=1.0/s, last_udp=0.72s, meas=1, tracks=2, valid=1, master=2409
[LIVE] udp=0.0/s, objs=0.0/s, last_udp=1.72s, meas=1, tracks=2, valid=1, master=2409
[LIVE] udp=5.0/s, objs=6.0/s, last_udp=0.06s, meas=3, tracks=3, valid=1, master=2409
[LIVE] udp=5.0/s, objs=5.0/s, last_udp=0.25s, meas=1, tracks=3, valid=1, master=2409
[LIVE] udp=4.0/s, objs=4.0/s, last_udp=0.50s, meas=1, tracks=3, valid=1, master=2409
[LIVE] udp=1.0/s, objs=1.0/s, last_udp=0.97s, meas=1, tracks=3, valid=1, master=2409
[LIVE] udp=0.0/s, objs=0.0/s, last_udp=1.97s, meas=1, tracks=3, valid=1, master=2409
[LIVE] udp=0.0/s, objs=0.0/s, last_udp=2.98s, meas=1, tracks=3, valid=1, master=2409
[LIVE] udp=0.0/s, objs=0.0/s, last_udp=3.98s, meas=1, tracks=3, valid=1, master=2409
[GPS] GGA fix_quality=1, num_sats=25, hdop=0.6, lat=30.408102247333332, lon=104.088644151
[LIVE] udp=0.0/s, objs=0.0/s, last_udp=4.98s, meas=1, tracks=3, valid=1, master=2409
[LIVE] udp=0.0/s, objs=0.0/s, last_udp=5.99s, meas=1, tracks=3, valid=1, master=2409
[LIVE] udp=0.0/s, objs=0.0/s, last_udp=6.99s, meas=1, tracks=3, valid=1, master=2409
[LIVE] udp=0.0/s, objs=0.0/s, last_udp=7.99s, meas=1, tracks=3, valid=1, master=2409
[LIVE] udp=4.0/s, objs=4.0/s, last_udp=0.23s, meas=1, tracks=1, valid=1, master=2409
[LIVE] udp=3.0/s, objs=3.0/s, last_udp=0.27s, meas=1, tracks=1, valid=1, master=2409
[LIVE] udp=0.0/s, objs=0.0/s, last_udp=1.27s, meas=1, tracks=1, valid=1, master=2409
[LIVE] udp=1.0/s, objs=1.0/s, last_udp=0.31s, meas=1, tracks=1, valid=1, master=2409
[LIVE] udp=2.0/s, objs=2.0/s, last_udp=0.04s, meas=1, tracks=1, valid=1, master=2409
[LIVE] udp=1.0/s, objs=1.0/s, last_udp=0.35s, meas=1, tracks=1, valid=1, master=2409
[GPS] GGA fix_quality=1, num_sats=26, hdop=0.6, lat=30.408103318666665, lon=104.0886440675
[LIVE] udp=0.0/s, objs=0.0/s, last_udp=1.35s, meas=1, tracks=1, valid=1, master=2409
[LIVE] udp=0.0/s, objs=0.0/s, last_udp=2.35s, meas=1, tracks=1, valid=1, master=2409
[LIVE] udp=1.0/s, objs=1.0/s, last_udp=0.68s, meas=0, tracks=1, valid=0, master=2409
[LIVE] udp=0.0/s, objs=0.0/s, last_udp=1.69s, meas=0, tracks=1, valid=0, master=2409
[LIVE] udp=0.0/s, objs=0.0/s, last_udp=2.69s, meas=0, tracks=1, valid=0, master=2409
[LIVE] udp=0.0/s, objs=0.0/s, last_udp=3.69s, meas=0, tracks=1, valid=0, master=2409
[LIVE] udp=2.0/s, objs=2.0/s, last_udp=0.22s, meas=1, tracks=1, valid=1, master=2409
[LIVE] udp=0.0/s, objs=0.0/s, last_udp=1.22s, meas=1, tracks=1, valid=1, master=2409
[Warning] 逻辑ID 1 没有配置偏差数据
[LIVE] udp=1.0/s, objs=1.0/s, last_udp=0.62s, meas=0, tracks=1, valid=0, master=2409
[LIVE] udp=2.0/s, objs=3.0/s, last_udp=0.37s, meas=1, tracks=4, valid=0, master=2409
[GPS] GGA fix_quality=1, num_sats=23, hdop=0.8, lat=30.408101955166668, lon=104.08865458583334
[LIVE] udp=6.0/s, objs=6.0/s, last_udp=0.15s, meas=1, tracks=4, valid=1, master=2409
[LIVE] udp=7.0/s, objs=7.0/s, last_udp=0.27s, meas=1, tracks=4, valid=1, master=2409
[LIVE] udp=5.0/s, objs=5.0/s, last_udp=0.12s, meas=1, tracks=4, valid=1, master=2409
[LIVE] udp=4.0/s, objs=4.0/s, last_udp=0.22s, meas=1, tracks=4, valid=1, master=2409
[LIVE] udp=4.0/s, objs=4.0/s, last_udp=0.06s, meas=1, tracks=4, valid=1, master=2409
[LIVE] udp=5.0/s, objs=5.0/s, last_udp=0.33s, meas=1, tracks=4, valid=1, master=2409
[LIVE] udp=6.0/s, objs=6.0/s, last_udp=0.40s, meas=1, tracks=4, valid=1, master=2409
[LIVE] udp=6.0/s, objs=6.0/s, last_udp=0.12s, meas=2, tracks=4, valid=1, master=2409
[LIVE] udp=6.0/s, objs=6.0/s, last_udp=0.11s, meas=1, tracks=4, valid=1, master=2409
[LIVE] udp=8.0/s, objs=8.0/s, last_udp=0.02s, meas=1, tracks=4, valid=1, master=2409
[GPS] GGA fix_quality=1, num_sats=24, hdop=0.7, lat=30.408099106166667, lon=104.088654464
[LIVE] udp=6.0/s, objs=6.0/s, last_udp=0.01s, meas=1, tracks=4, valid=1, master=2409
[LIVE] udp=6.0/s, objs=6.0/s, last_udp=0.04s, meas=1, tracks=4, valid=1, master=2409
[LIVE] udp=5.0/s, objs=5.0/s, last_udp=0.40s, meas=1, tracks=4, valid=1, master=2409
[LIVE] udp=5.0/s, objs=5.0/s, last_udp=0.03s, meas=1, tracks=4, valid=1, master=2409
[LIVE] udp=3.0/s, objs=3.0/s, last_udp=0.11s, meas=1, tracks=3, valid=1, master=2409
[LIVE] udp=2.0/s, objs=2.0/s, last_udp=0.28s, meas=1, tracks=3, valid=1, master=2409
[LIVE] udp=5.0/s, objs=5.0/s, last_udp=0.10s, meas=1, tracks=3, valid=1, master=2409
[LIVE] udp=5.0/s, objs=5.0/s, last_udp=0.17s, meas=1, tracks=3, valid=1, master=2409
[LIVE] udp=6.0/s, objs=6.0/s, last_udp=0.20s, meas=1, tracks=2, valid=1, master=2409
[LIVE] udp=8.0/s, objs=8.0/s, last_udp=0.05s, meas=1, tracks=2, valid=1, master=2409
[GPS] GGA fix_quality=1, num_sats=24, hdop=0.7, lat=30.408096882333332, lon=104.08864999
[LIVE] udp=6.0/s, objs=6.0/s, last_udp=0.02s, meas=1, tracks=2, valid=1, master=2409
[LIVE] udp=7.0/s, objs=7.0/s, last_udp=0.02s, meas=1, tracks=1, valid=1, master=2409
[LIVE] udp=6.0/s, objs=6.0/s, last_udp=0.02s, meas=1, tracks=1, valid=1, master=2409
[LIVE] udp=4.0/s, objs=4.0/s, last_udp=0.03s, meas=1, tracks=1, valid=1, master=2409
[LIVE] udp=4.0/s, objs=4.0/s, last_udp=0.17s, meas=1, tracks=1, valid=1, master=2409
[LIVE] udp=4.0/s, objs=4.0/s, last_udp=0.26s, meas=1, tracks=1, valid=1, master=2409
[LIVE] udp=3.0/s, objs=3.0/s, last_udp=0.23s, meas=1, tracks=1, valid=1, master=2409
[LIVE] udp=5.0/s, objs=5.0/s, last_udp=0.15s, meas=1, tracks=1, valid=1, master=2409
[LIVE] udp=6.0/s, objs=6.0/s, last_udp=0.05s, meas=1, tracks=1, valid=1, master=2409
[LIVE] udp=7.0/s, objs=7.0/s, last_udp=0.08s, meas=1, tracks=1, valid=1, master=2409
[GPS] GGA fix_quality=1, num_sats=24, hdop=0.7, lat=30.4080961005, lon=104.0886453935
[LIVE] udp=9.0/s, objs=9.0/s, last_udp=0.07s, meas=1, tracks=1, valid=1, master=2409
[LIVE] udp=8.0/s, objs=8.0/s, last_udp=0.08s, meas=1, tracks=1, valid=1, master=2409
[LIVE] udp=5.0/s, objs=5.0/s, last_udp=0.04s, meas=1, tracks=1, valid=1, master=2409
[LIVE] udp=6.0/s, objs=6.0/s, last_udp=0.09s, meas=1, tracks=1, valid=1, master=2409
[LIVE] udp=5.0/s, objs=5.0/s, last_udp=0.11s, meas=1, tracks=1, valid=1, master=2409
[LIVE] udp=6.0/s, objs=6.0/s, last_udp=0.00s, meas=1, tracks=1, valid=1, master=2409
[LIVE] udp=9.0/s, objs=9.0/s, last_udp=0.04s, meas=2, tracks=2, valid=1, master=2409
[LIVE] udp=5.0/s, objs=5.0/s, last_udp=0.05s, meas=1, tracks=2, valid=1, master=2409
[LIVE] udp=7.0/s, objs=7.0/s, last_udp=0.15s, meas=1, tracks=2, valid=1, master=2409
[LIVE] udp=6.0/s, objs=6.0/s, last_udp=0.02s, meas=1, tracks=2, valid=1, master=2409
[GPS] GGA fix_quality=1, num_sats=25, hdop=0.7, lat=30.408094916833335, lon=104.08864421566666
[LIVE] udp=5.0/s, objs=5.0/s, last_udp=0.06s, meas=1, tracks=2, valid=1, master=2409
[LIVE] udp=1.0/s, objs=1.0/s, last_udp=0.32s, meas=1, tracks=2, valid=1, master=2409
[LIVE] udp=1.0/s, objs=1.0/s, last_udp=0.25s, meas=1, tracks=2, valid=1, master=2409
[LIVE] udp=0.0/s, objs=0.0/s, last_udp=1.25s, meas=1, tracks=2, valid=1, master=2409
[LIVE] udp=0.0/s, objs=0.0/s, last_udp=2.25s, meas=1, tracks=2, valid=1, master=2409
[LIVE] udp=0.0/s, objs=0.0/s, last_udp=3.26s, meas=1, tracks=2, valid=1, master=2409
[LIVE] udp=0.0/s, objs=0.0/s, last_udp=4.26s, meas=1, tracks=2, valid=1, master=2409
[LIVE] udp=0.0/s, objs=0.0/s, last_udp=5.26s, meas=1, tracks=2, valid=1, master=2409
[LIVE] udp=0.0/s, objs=0.0/s, last_udp=6.27s, meas=1, tracks=2, valid=1, master=2409
[LIVE] udp=0.0/s, objs=0.0/s, last_udp=7.27s, meas=1, tracks=2, valid=1, master=2409
[GPS] GGA fix_quality=1, num_sats=24, hdop=0.7, lat=30.408094371, lon=104.088641129
[LIVE] udp=0.0/s, objs=0.0/s, last_udp=8.27s, meas=1, tracks=2, valid=1, master=2409
[LIVE] udp=0.0/s, objs=0.0/s, last_udp=9.28s, meas=1, tracks=2, valid=1, master=2409
[LIVE] udp=0.0/s, objs=0.0/s, last_udp=10.28s, meas=1, tracks=2, valid=1, master=2409
[LIVE] udp=0.0/s, objs=0.0/s, last_udp=11.28s, meas=1, tracks=2, valid=1, master=2409
[LIVE] udp=0.0/s, objs=0.0/s, last_udp=12.28s, meas=1, tracks=2, valid=1, master=2409
[LIVE] udp=0.0/s, objs=0.0/s, last_udp=13.29s, meas=1, tracks=2, valid=1, master=2409
[LIVE] udp=0.0/s, objs=0.0/s, last_udp=14.29s, meas=1, tracks=2, valid=1, master=2409
[LIVE] udp=0.0/s, objs=0.0/s, last_udp=15.29s, meas=1, tracks=2, valid=1, master=2409
[LIVE] udp=0.0/s, objs=0.0/s, last_udp=16.29s, meas=1, tracks=2, valid=1, master=2409
[LIVE] udp=1.0/s, objs=1.0/s, last_udp=0.35s, meas=1, tracks=1, valid=0, master=2409
[GPS] GGA fix_quality=1, num_sats=25, hdop=0.7, lat=30.408094233666667, lon=104.088641272
[LIVE] udp=1.0/s, objs=1.0/s, last_udp=0.33s, meas=1, tracks=2, valid=0, master=2409
[LIVE] udp=0.0/s, objs=0.0/s, last_udp=1.34s, meas=1, tracks=2, valid=0, master=2409
[LIVE] udp=0.0/s, objs=0.0/s, last_udp=2.34s, meas=1, tracks=2, valid=0, master=2409
[LIVE] udp=0.0/s, objs=0.0/s, last_udp=3.34s, meas=1, tracks=2, valid=0, master=2409
[LIVE] udp=0.0/s, objs=0.0/s, last_udp=4.34s, meas=1, tracks=2, valid=0, master=2409
[LIVE] udp=2.0/s, objs=2.0/s, last_udp=0.26s, meas=1, tracks=2, valid=1, master=2422
[LIVE] udp=0.0/s, objs=0.0/s, last_udp=1.26s, meas=1, tracks=2, valid=1, master=2422
[LIVE] udp=2.0/s, objs=2.0/s, last_udp=0.57s, meas=1, tracks=2, valid=1, master=2422
[LIVE] udp=0.0/s, objs=0.0/s, last_udp=1.57s, meas=1, tracks=2, valid=1, master=2422
[LIVE] udp=0.0/s, objs=0.0/s, last_udp=2.57s, meas=1, tracks=2, valid=1, master=2422
[GPS] GGA fix_quality=1, num_sats=24, hdop=0.7, lat=30.4080945315, lon=104.08864210716666
[LIVE] udp=0.0/s, objs=0.0/s, last_udp=3.57s, meas=1, tracks=2, valid=1, master=2422
[LIVE] udp=0.0/s, objs=0.0/s, last_udp=4.57s, meas=1, tracks=2, valid=1, master=2422
[LIVE] udp=0.0/s, objs=0.0/s, last_udp=5.58s, meas=1, tracks=2, valid=1, master=2422
[LIVE] udp=1.0/s, objs=1.0/s, last_udp=0.88s, meas=1, tracks=1, valid=1, master=2422
[LIVE] udp=0.0/s, objs=0.0/s, last_udp=1.88s, meas=1, tracks=1, valid=1, master=2422
[LIVE] udp=0.0/s, objs=0.0/s, last_udp=2.89s, meas=1, tracks=1, valid=1, master=2422
[LIVE] udp=0.0/s, objs=0.0/s, last_udp=3.89s, meas=1, tracks=1, valid=1, master=2422
[LIVE] udp=1.0/s, objs=1.0/s, last_udp=0.27s, meas=1, tracks=1, valid=1, master=2422
[LIVE] udp=0.0/s, objs=0.0/s, last_udp=1.28s, meas=1, tracks=1, valid=1, master=2422
[LIVE] udp=0.0/s, objs=0.0/s, last_udp=2.28s, meas=1, tracks=1, valid=1, master=2422
[GPS] GGA fix_quality=1, num_sats=24, hdop=0.7, lat=30.408093254833332, lon=104.08864686766667
[LIVE] udp=1.0/s, objs=1.0/s, last_udp=0.45s, meas=1, tracks=2, valid=0, master=2422
[LIVE] udp=0.0/s, objs=0.0/s, last_udp=1.46s, meas=1, tracks=2, valid=0, master=2422
[LIVE] udp=0.0/s, objs=0.0/s, last_udp=2.46s, meas=1, tracks=2, valid=0, master=2422
[LIVE] udp=0.0/s, objs=0.0/s, last_udp=3.46s, meas=1, tracks=2, valid=0, master=2422
[LIVE] udp=0.0/s, objs=0.0/s, last_udp=4.46s, meas=1, tracks=2, valid=0, master=2422
[LIVE] udp=0.0/s, objs=0.0/s, last_udp=5.46s, meas=1, tracks=2, valid=0, master=2422
[LIVE] udp=0.0/s, objs=0.0/s, last_udp=6.47s, meas=1, tracks=2, valid=0, master=2422
[LIVE] udp=0.0/s, objs=0.0/s, last_udp=7.47s, meas=1, tracks=2, valid=0, master=2422
[LIVE] udp=0.0/s, objs=0.0/s, last_udp=8.47s, meas=1, tracks=2, valid=0, master=2422
[LIVE] udp=0.0/s, objs=0.0/s, last_udp=9.48s, meas=1, tracks=2, valid=0, master=2422
[GPS] GGA fix_quality=1, num_sats=23, hdop=0.8, lat=30.408096802333333, lon=104.088643567
[LIVE] udp=0.0/s, objs=0.0/s, last_udp=10.48s, meas=1, tracks=2, valid=0, master=2422
[LIVE] udp=0.0/s, objs=0.0/s, last_udp=11.48s, meas=1, tracks=2, valid=0, master=2422
[LIVE] udp=0.0/s, objs=0.0/s, last_udp=12.49s, meas=1, tracks=2, valid=0, master=2422
[LIVE] udp=1.0/s, objs=1.0/s, last_udp=0.97s, meas=1, tracks=1, valid=0, master=2422
[LIVE] udp=0.0/s, objs=0.0/s, last_udp=1.97s, meas=1, tracks=1, valid=0, master=2422
[LIVE] udp=0.0/s, objs=0.0/s, last_udp=2.97s, meas=1, tracks=1, valid=0, master=2422
[LIVE] udp=0.0/s, objs=0.0/s, last_udp=3.98s, meas=1, tracks=1, valid=0, master=2422
[LIVE] udp=0.0/s, objs=0.0/s, last_udp=4.98s, meas=1, tracks=1, valid=0, master=2422
[LIVE] udp=1.0/s, objs=1.0/s, last_udp=0.03s, meas=1, tracks=1, valid=0, master=2422
[LIVE] udp=1.0/s, objs=1.0/s, last_udp=0.60s, meas=1, tracks=1, valid=1, master=2424
[GPS] GGA fix_quality=1, num_sats=23, hdop=0.8, lat=30.408101755, lon=104.08863564933333
[LIVE] udp=0.0/s, objs=0.0/s, last_udp=1.60s, meas=1, tracks=1, valid=1, master=2424
[LIVE] udp=1.0/s, objs=1.0/s, last_udp=0.53s, meas=1, tracks=1, valid=1, master=2424
[LIVE] udp=0.0/s, objs=0.0/s, last_udp=1.53s, meas=1, tracks=1, valid=1, master=2424
[LIVE] udp=0.0/s, objs=0.0/s, last_udp=2.54s, meas=1, tracks=1, valid=1, master=2424
[LIVE] udp=0.0/s, objs=0.0/s, last_udp=3.54s, meas=1, tracks=1, valid=1, master=2424
[LIVE] udp=0.0/s, objs=0.0/s, last_udp=4.54s, meas=1, tracks=1, valid=1, master=2424
[LIVE] udp=1.0/s, objs=1.0/s, last_udp=0.24s, meas=1, tracks=1, valid=1, master=2424
[LIVE] udp=3.0/s, objs=3.0/s, last_udp=0.25s, meas=1, tracks=1, valid=1, master=2424
[LIVE] udp=4.0/s, objs=4.0/s, last_udp=0.02s, meas=1, tracks=1, valid=1, master=2424
[LIVE] udp=7.0/s, objs=7.0/s, last_udp=0.21s, meas=1, tracks=3, valid=1, master=2424
[GPS] GGA fix_quality=1, num_sats=23, hdop=0.8, lat=30.40810539716667, lon=104.088642997
[LIVE] udp=4.0/s, objs=4.0/s, last_udp=0.06s, meas=1, tracks=3, valid=1, master=2424
[LIVE] udp=5.0/s, objs=5.0/s, last_udp=0.25s, meas=1, tracks=3, valid=1, master=2424
[LIVE] udp=6.0/s, objs=6.0/s, last_udp=0.12s, meas=1, tracks=3, valid=1, master=2424
[LIVE] udp=10.0/s, objs=10.0/s, last_udp=0.10s, meas=2, tracks=3, valid=1, master=2424
[LIVE] udp=10.0/s, objs=10.0/s, last_udp=0.24s, meas=1, tracks=3, valid=1, master=2425
[LIVE] udp=3.0/s, objs=3.0/s, last_udp=0.20s, meas=2, tracks=3, valid=1, master=2424
[LIVE] udp=5.0/s, objs=5.0/s, last_udp=0.02s, meas=1, tracks=3, valid=1, master=2424
[LIVE] udp=5.0/s, objs=5.0/s, last_udp=0.06s, meas=2, tracks=3, valid=1, master=2424
[LIVE] udp=4.0/s, objs=4.0/s, last_udp=0.02s, meas=1, tracks=3, valid=1, master=2424
[LIVE] udp=5.0/s, objs=5.0/s, last_udp=0.08s, meas=1, tracks=4, valid=1, master=2424
[GPS] GGA fix_quality=1, num_sats=22, hdop=0.8, lat=30.408104597, lon=104.088641825
[LIVE] udp=6.0/s, objs=6.0/s, last_udp=0.15s, meas=1, tracks=4, valid=1, master=2424
[LIVE] udp=6.0/s, objs=6.0/s, last_udp=0.05s, meas=1, tracks=4, valid=1, master=2424
[LIVE] udp=4.0/s, objs=4.0/s, last_udp=0.13s, meas=1, tracks=4, valid=1, master=2424
[LIVE] udp=1.0/s, objs=1.0/s, last_udp=0.70s, meas=1, tracks=4, valid=1, master=2424
[LIVE] udp=1.0/s, objs=1.0/s, last_udp=0.09s, meas=1, tracks=4, valid=1, master=2424
[LIVE] udp=0.0/s, objs=0.0/s, last_udp=1.09s, meas=1, tracks=4, valid=0, master=2424
[LIVE] udp=0.0/s, objs=0.0/s, last_udp=2.09s, meas=1, tracks=4, valid=0, master=2424
[LIVE] udp=0.0/s, objs=0.0/s, last_udp=3.10s, meas=1, tracks=4, valid=0, master=2424
[LIVE] udp=0.0/s, objs=0.0/s, last_udp=4.10s, meas=1, tracks=4, valid=0, master=2424
[LIVE] udp=1.0/s, objs=1.0/s, last_udp=0.37s, meas=1, tracks=4, valid=0, master=2424
[GPS] GGA fix_quality=1, num_sats=24, hdop=0.7, lat=30.408102949666667, lon=104.08864316083333
[LIVE] udp=1.0/s, objs=1.0/s, last_udp=0.97s, meas=1, tracks=4, valid=0, master=2424
[LIVE] udp=0.0/s, objs=0.0/s, last_udp=1.97s, meas=1, tracks=4, valid=0, master=2424
[LIVE] udp=0.0/s, objs=0.0/s, last_udp=2.97s, meas=1, tracks=4, valid=0, master=2424
[LIVE] udp=0.0/s, objs=0.0/s, last_udp=3.97s, meas=1, tracks=4, valid=0, master=2424
[LIVE] udp=0.0/s, objs=0.0/s, last_udp=4.97s, meas=1, tracks=4, valid=0, master=2424
[LIVE] udp=0.0/s, objs=0.0/s, last_udp=5.98s, meas=1, tracks=4, valid=0, master=2424
[LIVE] udp=0.0/s, objs=0.0/s, last_udp=6.98s, meas=1, tracks=4, valid=0, master=2424
[LIVE] udp=0.0/s, objs=0.0/s, last_udp=7.98s, meas=1, tracks=4, valid=0, master=2424
[LIVE] udp=0.0/s, objs=0.0/s, last_udp=8.98s, meas=1, tracks=4, valid=0, master=2424
[LIVE] udp=0.0/s, objs=0.0/s, last_udp=9.98s, meas=1, tracks=4, valid=0, master=2424
[GPS] GGA fix_quality=1, num_sats=24, hdop=0.7, lat=30.408103949, lon=104.08864838466667
[LIVE] udp=0.0/s, objs=0.0/s, last_udp=10.98s, meas=1, tracks=4, valid=0, master=2424
[LIVE] udp=0.0/s, objs=0.0/s, last_udp=11.99s, meas=1, tracks=4, valid=0, master=2424
[LIVE] udp=1.0/s, objs=1.0/s, last_udp=0.27s, meas=1, tracks=1, valid=0, master=2424
[LIVE] udp=2.0/s, objs=2.0/s, last_udp=0.79s, meas=1, tracks=1, valid=0, master=2424
[LIVE] udp=0.0/s, objs=0.0/s, last_udp=1.79s, meas=1, tracks=1, valid=0, master=2424
[LIVE] udp=0.0/s, objs=0.0/s, last_udp=2.79s, meas=1, tracks=1, valid=0, master=2424
[LIVE] udp=0.0/s, objs=0.0/s, last_udp=3.80s, meas=1, tracks=1, valid=0, master=2424
[LIVE] udp=1.0/s, objs=1.0/s, last_udp=0.59s, meas=1, tracks=1, valid=1, master=2428
[LIVE] udp=2.0/s, objs=2.0/s, last_udp=0.03s, meas=1, tracks=2, valid=0, master=2428
[LIVE] udp=1.0/s, objs=1.0/s, last_udp=0.88s, meas=1, tracks=2, valid=0, master=2428
[GPS] GGA fix_quality=1, num_sats=24, hdop=0.7, lat=30.40810647016667, lon=104.08864254833334
[LIVE] udp=0.0/s, objs=0.0/s, last_udp=1.88s, meas=1, tracks=2, valid=0, master=2428
[LIVE] udp=0.0/s, objs=0.0/s, last_udp=2.89s, meas=1, tracks=2, valid=0, master=2428
[LIVE] udp=0.0/s, objs=0.0/s, last_udp=3.89s, meas=1, tracks=2, valid=0, master=2428
[LIVE] udp=0.0/s, objs=0.0/s, last_udp=4.89s, meas=1, tracks=2, valid=0, master=2428
[LIVE] udp=0.0/s, objs=0.0/s, last_udp=5.90s, meas=1, tracks=2, valid=0, master=2428
[LIVE] udp=0.0/s, objs=0.0/s, last_udp=6.90s, meas=1, tracks=2, valid=0, master=2428
[LIVE] udp=0.0/s, objs=0.0/s, last_udp=7.90s, meas=1, tracks=2, valid=0, master=2428
[LIVE] udp=0.0/s, objs=0.0/s, last_udp=8.91s, meas=1, tracks=2, valid=0, master=2428
[LIVE] udp=0.0/s, objs=0.0/s, last_udp=9.91s, meas=1, tracks=2, valid=0, master=2428
[LIVE] udp=1.0/s, objs=1.0/s, last_udp=0.28s, meas=1, tracks=1, valid=0, master=2428
[GPS] GGA fix_quality=1, num_sats=24, hdop=0.7, lat=30.408103241333333, lon=104.088645434
[LIVE] udp=1.0/s, objs=1.0/s, last_udp=0.98s, meas=1, tracks=1, valid=0, master=2428
[LIVE] udp=0.0/s, objs=0.0/s, last_udp=1.98s, meas=1, tracks=1, valid=0, master=2428
[LIVE] udp=0.0/s, objs=0.0/s, last_udp=2.98s, meas=1, tracks=1, valid=0, master=2428
[LIVE] udp=0.0/s, objs=0.0/s, last_udp=3.99s, meas=1, tracks=1, valid=0, master=2428
[LIVE] udp=0.0/s, objs=0.0/s, last_udp=4.99s, meas=1, tracks=1, valid=0, master=2428
[LIVE] udp=0.0/s, objs=0.0/s, last_udp=5.99s, meas=1, tracks=1, valid=0, master=2428
[LIVE] udp=0.0/s, objs=0.0/s, last_udp=6.99s, meas=1, tracks=1, valid=0, master=2428
[LIVE] udp=0.0/s, objs=0.0/s, last_udp=7.99s, meas=1, tracks=1, valid=0, master=2428
[LIVE] udp=0.0/s, objs=0.0/s, last_udp=9.00s, meas=1, tracks=1, valid=0, master=2428
[LIVE] udp=0.0/s, objs=0.0/s, last_udp=10.00s, meas=1, tracks=1, valid=0, master=2428
[GPS] GGA fix_quality=1, num_sats=24, hdop=0.7, lat=30.408098859166667, lon=104.08864309016667
[LIVE] udp=0.0/s, objs=0.0/s, last_udp=11.00s, meas=1, tracks=1, valid=0, master=2428
[LIVE] udp=0.0/s, objs=0.0/s, last_udp=12.01s, meas=1, tracks=1, valid=0, master=2428
[LIVE] udp=0.0/s, objs=0.0/s, last_udp=13.01s, meas=1, tracks=1, valid=0, master=2428
[LIVE] udp=0.0/s, objs=0.0/s, last_udp=14.01s, meas=1, tracks=1, valid=0, master=2428
[LIVE] udp=0.0/s, objs=0.0/s, last_udp=15.02s, meas=1, tracks=1, valid=0, master=2428
[LIVE] udp=0.0/s, objs=0.0/s, last_udp=16.02s, meas=1, tracks=1, valid=0, master=2428
[LIVE] udp=0.0/s, objs=0.0/s, last_udp=17.02s, meas=1, tracks=1, valid=0, master=2428
[LIVE] udp=0.0/s, objs=0.0/s, last_udp=18.03s, meas=1, tracks=1, valid=0, master=2428
[LIVE] udp=0.0/s, objs=0.0/s, last_udp=19.03s, meas=1, tracks=1, valid=0, master=2428
[LIVE] udp=0.0/s, objs=0.0/s, last_udp=20.03s, meas=1, tracks=1, valid=0, master=2428
[GPS] GGA fix_quality=1, num_sats=22, hdop=0.8, lat=30.408093630833335, lon=104.088639724
[LIVE] udp=0.0/s, objs=0.0/s, last_udp=21.03s, meas=1, tracks=1, valid=0, master=2428
[LIVE] udp=0.0/s, objs=0.0/s, last_udp=22.04s, meas=1, tracks=1, valid=0, master=2428
[LIVE] udp=0.0/s, objs=0.0/s, last_udp=23.04s, meas=1, tracks=1, valid=0, master=2428
[LIVE] udp=0.0/s, objs=0.0/s, last_udp=24.04s, meas=1, tracks=1, valid=0, master=2428
[LIVE] udp=0.0/s, objs=0.0/s, last_udp=25.05s, meas=1, tracks=1, valid=0, master=2428
[LIVE] udp=1.0/s, objs=1.0/s, last_udp=0.04s, meas=1, tracks=1, valid=0, master=2428
[LIVE] udp=0.0/s, objs=0.0/s, last_udp=1.05s, meas=1, tracks=1, valid=0, master=2428
[LIVE] udp=0.0/s, objs=0.0/s, last_udp=2.05s, meas=1, tracks=1, valid=0, master=2428
[LIVE] udp=0.0/s, objs=0.0/s, last_udp=3.06s, meas=1, tracks=1, valid=0, master=2428
[LIVE] udp=0.0/s, objs=0.0/s, last_udp=4.06s, meas=1, tracks=1, valid=0, master=2428
[GPS] GGA fix_quality=1, num_sats=23, hdop=0.8, lat=30.408091029166666, lon=104.08865201
[LIVE] udp=0.0/s, objs=0.0/s, last_udp=5.06s, meas=1, tracks=1, valid=0, master=2428
[LIVE] udp=0.0/s, objs=0.0/s, last_udp=6.07s, meas=1, tracks=1, valid=0, master=2428
[LIVE] udp=0.0/s, objs=0.0/s, last_udp=7.07s, meas=1, tracks=1, valid=0, master=2428
[LIVE] udp=0.0/s, objs=0.0/s, last_udp=8.07s, meas=1, tracks=1, valid=0, master=2428
[LIVE] udp=0.0/s, objs=0.0/s, last_udp=9.08s, meas=1, tracks=1, valid=0, master=2428
[LIVE] udp=0.0/s, objs=0.0/s, last_udp=10.08s, meas=1, tracks=1, valid=0, master=2428
[LIVE] udp=0.0/s, objs=0.0/s, last_udp=11.08s, meas=1, tracks=1, valid=0, master=2428
[LIVE] udp=0.0/s, objs=0.0/s, last_udp=12.09s, meas=1, tracks=1, valid=0, master=2428
[LIVE] udp=0.0/s, objs=0.0/s, last_udp=13.09s, meas=1, tracks=1, valid=0, master=2428
[LIVE] udp=0.0/s, objs=0.0/s, last_udp=14.10s, meas=1, tracks=1, valid=0, master=2428
[GPS] GGA fix_quality=1, num_sats=24, hdop=0.7, lat=30.408093096166667, lon=104.0886590025
[LIVE] udp=0.0/s, objs=0.0/s, last_udp=15.10s, meas=1, tracks=1, valid=0, master=2428
[LIVE] udp=0.0/s, objs=0.0/s, last_udp=16.10s, meas=1, tracks=1, valid=0, master=2428
[LIVE] udp=0.0/s, objs=0.0/s, last_udp=17.10s, meas=1, tracks=1, valid=0, master=2428
[LIVE] udp=0.0/s, objs=0.0/s, last_udp=18.10s, meas=1, tracks=1, valid=0, master=2428
[LIVE] udp=0.0/s, objs=0.0/s, last_udp=19.10s, meas=1, tracks=1, valid=0, master=2428
[LIVE] udp=0.0/s, objs=0.0/s, last_udp=20.10s, meas=1, tracks=1, valid=0, master=2428
[LIVE] udp=0.0/s, objs=0.0/s, last_udp=21.11s, meas=1, tracks=1, valid=0, master=2428
[LIVE] udp=0.0/s, objs=0.0/s, last_udp=22.11s, meas=1, tracks=1, valid=0, master=2428
[LIVE] udp=0.0/s, objs=0.0/s, last_udp=23.11s, meas=1, tracks=1, valid=0, master=2428
[LIVE] udp=0.0/s, objs=0.0/s, last_udp=24.12s, meas=1, tracks=1, valid=0, master=2428
[GPS] GGA fix_quality=1, num_sats=23, hdop=0.9, lat=30.408096873333335, lon=104.08865980366667
[LIVE] udp=0.0/s, objs=0.0/s, last_udp=25.12s, meas=1, tracks=1, valid=0, master=2428
[LIVE] udp=0.0/s, objs=0.0/s, last_udp=26.12s, meas=1, tracks=1, valid=0, master=2428
[LIVE] udp=0.0/s, objs=0.0/s, last_udp=27.12s, meas=1, tracks=1, valid=0, master=2428
[LIVE] udp=0.0/s, objs=0.0/s, last_udp=28.12s, meas=1, tracks=1, valid=0, master=2428
[LIVE] udp=0.0/s, objs=0.0/s, last_udp=29.13s, meas=1, tracks=1, valid=0, master=2428
[LIVE] udp=0.0/s, objs=0.0/s, last_udp=30.13s, meas=1, tracks=1, valid=0, master=2428
[LIVE] udp=0.0/s, objs=0.0/s, last_udp=31.13s, meas=1, tracks=1, valid=0, master=2428
[LIVE] udp=0.0/s, objs=0.0/s, last_udp=32.14s, meas=1, tracks=1, valid=0, master=2428
[LIVE] udp=0.0/s, objs=0.0/s, last_udp=33.14s, meas=1, tracks=1, valid=0, master=2428
[LIVE] udp=1.0/s, objs=1.0/s, last_udp=0.68s, meas=1, tracks=1, valid=0, master=2428
[GPS] GGA fix_quality=1, num_sats=24, hdop=0.7, lat=30.408099788833333, lon=104.08866245183333
[LIVE] udp=0.0/s, objs=0.0/s, last_udp=1.68s, meas=1, tracks=1, valid=0, master=2428
[LIVE] udp=0.0/s, objs=0.0/s, last_udp=2.68s, meas=1, tracks=1, valid=0, master=2428
[LIVE] udp=0.0/s, objs=0.0/s, last_udp=3.69s, meas=1, tracks=1, valid=0, master=2428
[LIVE] udp=0.0/s, objs=0.0/s, last_udp=4.69s, meas=1, tracks=1, valid=0, master=2428
[LIVE] udp=0.0/s, objs=0.0/s, last_udp=5.69s, meas=1, tracks=1, valid=0, master=2428
[LIVE] udp=0.0/s, objs=0.0/s, last_udp=6.70s, meas=1, tracks=1, valid=0, master=2428
[LIVE] udp=0.0/s, objs=0.0/s, last_udp=7.70s, meas=1, tracks=1, valid=0, master=2428
[LIVE] udp=0.0/s, objs=0.0/s, last_udp=8.70s, meas=1, tracks=1, valid=0, master=2428
[LIVE] udp=0.0/s, objs=0.0/s, last_udp=9.71s, meas=1, tracks=1, valid=0, master=2428
[LIVE] udp=0.0/s, objs=0.0/s, last_udp=10.71s, meas=1, tracks=1, valid=0, master=2428
[GPS] GGA fix_quality=1, num_sats=23, hdop=0.8, lat=30.408099508, lon=104.0886611675
[LIVE] udp=0.0/s, objs=0.0/s, last_udp=11.71s, meas=1, tracks=1, valid=0, master=2428
[LIVE] udp=0.0/s, objs=0.0/s, last_udp=12.71s, meas=1, tracks=1, valid=0, master=2428
[LIVE] udp=0.0/s, objs=0.0/s, last_udp=13.72s, meas=1, tracks=1, valid=0, master=2428
[LIVE] udp=0.0/s, objs=0.0/s, last_udp=14.72s, meas=1, tracks=1, valid=0, master=2428
[LIVE] udp=0.0/s, objs=0.0/s, last_udp=15.72s, meas=1, tracks=1, valid=0, master=2428
[LIVE] udp=2.0/s, objs=2.0/s, last_udp=0.07s, meas=1, tracks=1, valid=0, master=2428
[LIVE] udp=2.0/s, objs=2.0/s, last_udp=0.29s, meas=1, tracks=1, valid=1, master=2433
[LIVE] udp=2.0/s, objs=2.0/s, last_udp=0.03s, meas=1, tracks=1, valid=1, master=2433
[LIVE] udp=5.0/s, objs=5.0/s, last_udp=0.25s, meas=1, tracks=2, valid=1, master=2434
[LIVE] udp=0.0/s, objs=0.0/s, last_udp=1.26s, meas=1, tracks=2, valid=1, master=2434
[GPS] GGA fix_quality=1, num_sats=23, hdop=0.8, lat=30.408096616999998, lon=104.08865643016667
[LIVE] udp=0.0/s, objs=0.0/s, last_udp=2.26s, meas=1, tracks=2, valid=1, master=2434
[LIVE] udp=0.0/s, objs=0.0/s, last_udp=3.26s, meas=1, tracks=2, valid=1, master=2434
[LIVE] udp=3.0/s, objs=5.0/s, last_udp=0.01s, meas=2, tracks=2, valid=1, master=2434
[LIVE] udp=0.0/s, objs=0.0/s, last_udp=1.01s, meas=1, tracks=2, valid=0, master=2434
[LIVE] udp=0.0/s, objs=0.0/s, last_udp=2.01s, meas=1, tracks=2, valid=0, master=2434
[LIVE] udp=1.0/s, objs=1.0/s, last_udp=0.03s, meas=1, tracks=2, valid=0, master=2434
[LIVE] udp=0.0/s, objs=0.0/s, last_udp=1.03s, meas=1, tracks=3, valid=0, master=2434
[LIVE] udp=0.0/s, objs=0.0/s, last_udp=2.03s, meas=1, tracks=3, valid=0, master=2434
[LIVE] udp=0.0/s, objs=0.0/s, last_udp=3.03s, meas=1, tracks=3, valid=0, master=2434
[LIVE] udp=1.0/s, objs=1.0/s, last_udp=0.83s, meas=1, tracks=3, valid=0, master=2434
[GPS] GGA fix_quality=1, num_sats=24, hdop=0.7, lat=30.408094057666666, lon=104.08865723466667
[LIVE] udp=0.0/s, objs=0.0/s, last_udp=1.83s, meas=1, tracks=3, valid=0, master=2434
[LIVE] udp=0.0/s, objs=0.0/s, last_udp=2.84s, meas=1, tracks=3, valid=0, master=2434
[LIVE] udp=1.0/s, objs=2.0/s, last_udp=0.24s, meas=2, tracks=2, valid=1, master=2433
[LIVE] udp=0.0/s, objs=0.0/s, last_udp=1.24s, meas=2, tracks=2, valid=1, master=2433
[LIVE] udp=0.0/s, objs=0.0/s, last_udp=2.25s, meas=2, tracks=2, valid=1, master=2433
[LIVE] udp=0.0/s, objs=0.0/s, last_udp=3.25s, meas=2, tracks=2, valid=1, master=2433
[LIVE] udp=0.0/s, objs=0.0/s, last_udp=4.26s, meas=2, tracks=2, valid=1, master=2433
[LIVE] udp=0.0/s, objs=0.0/s, last_udp=5.26s, meas=2, tracks=2, valid=1, master=2433
[LIVE] udp=0.0/s, objs=0.0/s, last_udp=6.26s, meas=2, tracks=2, valid=1, master=2433
[LIVE] udp=0.0/s, objs=0.0/s, last_udp=7.27s, meas=2, tracks=2, valid=1, master=2433
[GPS] GGA fix_quality=1, num_sats=24, hdop=0.7, lat=30.408091726666665, lon=104.08866176766666
[LIVE] udp=0.0/s, objs=0.0/s, last_udp=8.27s, meas=2, tracks=2, valid=1, master=2433
[LIVE] udp=0.0/s, objs=0.0/s, last_udp=9.27s, meas=2, tracks=2, valid=1, master=2433
[LIVE] udp=0.0/s, objs=0.0/s, last_udp=10.27s, meas=2, tracks=2, valid=1, master=2433
[LIVE] udp=0.0/s, objs=0.0/s, last_udp=11.28s, meas=2, tracks=2, valid=1, master=2433
[LIVE] udp=0.0/s, objs=0.0/s, last_udp=12.28s, meas=2, tracks=2, valid=1, master=2433
[LIVE] udp=0.0/s, objs=0.0/s, last_udp=13.28s, meas=2, tracks=2, valid=1, master=2433
[LIVE] udp=0.0/s, objs=0.0/s, last_udp=14.28s, meas=2, tracks=2, valid=1, master=2433
[LIVE] udp=0.0/s, objs=0.0/s, last_udp=15.29s, meas=2, tracks=2, valid=1, master=2433
[LIVE] udp=1.0/s, objs=1.0/s, last_udp=0.82s, meas=1, tracks=1, valid=0, master=2433
[LIVE] udp=0.0/s, objs=0.0/s, last_udp=1.82s, meas=1, tracks=1, valid=0, master=2433
[GPS] GGA fix_quality=1, num_sats=24, hdop=0.7, lat=30.408094330333334, lon=104.08865380316666
[LIVE] udp=0.0/s, objs=0.0/s, last_udp=2.82s, meas=1, tracks=1, valid=0, master=2433
[LIVE] udp=0.0/s, objs=0.0/s, last_udp=3.82s, meas=1, tracks=1, valid=0, master=2433
[LIVE] udp=0.0/s, objs=0.0/s, last_udp=4.83s, meas=1, tracks=1, valid=0, master=2433
[LIVE] udp=1.0/s, objs=1.0/s, last_udp=0.02s, meas=1, tracks=1, valid=0, master=2433
[LIVE] udp=0.0/s, objs=0.0/s, last_udp=1.02s, meas=1, tracks=1, valid=0, master=2433
[LIVE] udp=0.0/s, objs=0.0/s, last_udp=2.02s, meas=1, tracks=1, valid=0, master=2433
[LIVE] udp=0.0/s, objs=0.0/s, last_udp=3.02s, meas=1, tracks=1, valid=0, master=2433
[LIVE] udp=0.0/s, objs=0.0/s, last_udp=4.02s, meas=1, tracks=1, valid=0, master=2433
[LIVE] udp=0.0/s, objs=0.0/s, last_udp=5.02s, meas=1, tracks=1, valid=0, master=2433
[LIVE] udp=0.0/s, objs=0.0/s, last_udp=6.03s, meas=1, tracks=1, valid=0, master=2433
[GPS] GGA fix_quality=1, num_sats=24, hdop=0.7, lat=30.408096472333334, lon=104.08865594566667
[LIVE] udp=0.0/s, objs=0.0/s, last_udp=7.03s, meas=1, tracks=1, valid=0, master=2433
[LIVE] udp=0.0/s, objs=0.0/s, last_udp=8.03s, meas=1, tracks=1, valid=0, master=2433
[LIVE] udp=0.0/s, objs=0.0/s, last_udp=9.04s, meas=1, tracks=1, valid=0, master=2433
[LIVE] udp=0.0/s, objs=0.0/s, last_udp=10.04s, meas=1, tracks=1, valid=0, master=2433
[LIVE] udp=0.0/s, objs=0.0/s, last_udp=11.04s, meas=1, tracks=1, valid=0, master=2433
[LIVE] udp=0.0/s, objs=0.0/s, last_udp=12.04s, meas=1, tracks=1, valid=0, master=2433
[LIVE] udp=0.0/s, objs=0.0/s, last_udp=13.05s, meas=1, tracks=1, valid=0, master=2433
[LIVE] udp=0.0/s, objs=0.0/s, last_udp=14.05s, meas=1, tracks=1, valid=0, master=2433
[LIVE] udp=1.0/s, objs=1.0/s, last_udp=0.26s, meas=1, tracks=1, valid=0, master=2433
[GPS] GGA fix_quality=1, num_sats=24, hdop=0.7, lat=30.408095542, lon=104.0886560935
[LIVE] udp=2.0/s, objs=2.0/s, last_udp=0.78s, meas=1, tracks=1, valid=1, master=2437
[LIVE] udp=0.0/s, objs=0.0/s, last_udp=1.78s, meas=1, tracks=1, valid=1, master=2437
[LIVE] udp=0.0/s, objs=0.0/s, last_udp=2.78s, meas=1, tracks=1, valid=1, master=2437
[LIVE] udp=0.0/s, objs=0.0/s, last_udp=3.78s, meas=1, tracks=1, valid=1, master=2437
[LIVE] udp=0.0/s, objs=0.0/s, last_udp=4.79s, meas=1, tracks=1, valid=1, master=2437
[LIVE] udp=0.0/s, objs=0.0/s, last_udp=5.79s, meas=1, tracks=1, valid=1, master=2437
[LIVE] udp=2.0/s, objs=2.0/s, last_udp=0.35s, meas=1, tracks=1, valid=1, master=2437
[LIVE] udp=0.0/s, objs=0.0/s, last_udp=1.36s, meas=1, tracks=1, valid=1, master=2437
[LIVE] udp=2.0/s, objs=2.0/s, last_udp=0.00s, meas=1, tracks=1, valid=1, master=2437
[LIVE] udp=0.0/s, objs=0.0/s, last_udp=1.00s, meas=1, tracks=2, valid=0, master=2437
[GPS] GGA fix_quality=1, num_sats=23, hdop=0.9, lat=30.408093329166668, lon=104.08865808416667
[LIVE] udp=0.0/s, objs=0.0/s, last_udp=2.00s, meas=1, tracks=2, valid=0, master=2437
[LIVE] udp=0.0/s, objs=0.0/s, last_udp=3.01s, meas=1, tracks=2, valid=0, master=2437
[LIVE] udp=0.0/s, objs=0.0/s, last_udp=4.01s, meas=1, tracks=2, valid=0, master=2437
[LIVE] udp=0.0/s, objs=0.0/s, last_udp=5.02s, meas=1, tracks=2, valid=0, master=2437
[LIVE] udp=3.0/s, objs=6.0/s, last_udp=0.32s, meas=2, tracks=2, valid=2, master=2437
[LIVE] udp=0.0/s, objs=0.0/s, last_udp=1.33s, meas=2, tracks=2, valid=2, master=2437
[LIVE] udp=0.0/s, objs=0.0/s, last_udp=2.33s, meas=2, tracks=2, valid=2, master=2437
[LIVE] udp=0.0/s, objs=0.0/s, last_udp=3.33s, meas=2, tracks=2, valid=2, master=2437
[LIVE] udp=0.0/s, objs=0.0/s, last_udp=4.33s, meas=2, tracks=2, valid=2, master=2437
[LIVE] udp=0.0/s, objs=0.0/s, last_udp=5.33s, meas=2, tracks=2, valid=2, master=2437
[GPS] GGA fix_quality=1, num_sats=23, hdop=0.8, lat=30.408089522, lon=104.088657451
[LIVE] udp=0.0/s, objs=0.0/s, last_udp=6.34s, meas=2, tracks=2, valid=2, master=2437
[LIVE] udp=0.0/s, objs=0.0/s, last_udp=7.34s, meas=2, tracks=2, valid=2, master=2437
[LIVE] udp=0.0/s, objs=0.0/s, last_udp=8.35s, meas=2, tracks=2, valid=2, master=2437
[LIVE] udp=0.0/s, objs=0.0/s, last_udp=9.35s, meas=2, tracks=2, valid=2, master=2437
[LIVE] udp=0.0/s, objs=0.0/s, last_udp=10.35s, meas=2, tracks=2, valid=2, master=2437
[LIVE] udp=0.0/s, objs=0.0/s, last_udp=11.35s, meas=2, tracks=2, valid=2, master=2437
[LIVE] udp=0.0/s, objs=0.0/s, last_udp=12.36s, meas=2, tracks=2, valid=2, master=2437
[LIVE] udp=0.0/s, objs=0.0/s, last_udp=13.36s, meas=2, tracks=2, valid=2, master=2437
[LIVE] udp=0.0/s, objs=0.0/s, last_udp=14.36s, meas=2, tracks=2, valid=2, master=2437
[LIVE] udp=0.0/s, objs=0.0/s, last_udp=15.36s, meas=2, tracks=2, valid=2, master=2437
[GPS] GGA fix_quality=1, num_sats=22, hdop=0.9, lat=30.408092737166665, lon=104.08865991183333
[LIVE] udp=0.0/s, objs=0.0/s, last_udp=16.36s, meas=2, tracks=2, valid=2, master=2437
[LIVE] udp=0.0/s, objs=0.0/s, last_udp=17.37s, meas=2, tracks=2, valid=2, master=2437
[LIVE] udp=0.0/s, objs=0.0/s, last_udp=18.37s, meas=2, tracks=2, valid=2, master=2437
[LIVE] udp=0.0/s, objs=0.0/s, last_udp=19.37s, meas=2, tracks=2, valid=2, master=2437
[LIVE] udp=0.0/s, objs=0.0/s, last_udp=20.37s, meas=2, tracks=2, valid=2, master=2437
[LIVE] udp=0.0/s, objs=0.0/s, last_udp=21.37s, meas=2, tracks=2, valid=2, master=2437
[LIVE] udp=0.0/s, objs=0.0/s, last_udp=22.37s, meas=2, tracks=2, valid=2, master=2437
[LIVE] udp=0.0/s, objs=0.0/s, last_udp=23.38s, meas=2, tracks=2, valid=2, master=2437
[LIVE] udp=0.0/s, objs=0.0/s, last_udp=24.38s, meas=2, tracks=2, valid=2, master=2437
[LIVE] udp=0.0/s, objs=0.0/s, last_udp=25.39s, meas=2, tracks=2, valid=2, master=2437
[GPS] GGA fix_quality=1, num_sats=25, hdop=0.7, lat=30.4080953985, lon=104.08865733583333
[LIVE] udp=0.0/s, objs=0.0/s, last_udp=26.39s, meas=2, tracks=2, valid=2, master=2437
[LIVE] udp=0.0/s, objs=0.0/s, last_udp=27.39s, meas=2, tracks=2, valid=2, master=2437
[LIVE] udp=0.0/s, objs=0.0/s, last_udp=28.39s, meas=2, tracks=2, valid=2, master=2437
[LIVE] udp=0.0/s, objs=0.0/s, last_udp=29.40s, meas=2, tracks=2, valid=2, master=2437
[LIVE] udp=0.0/s, objs=0.0/s, last_udp=30.40s, meas=2, tracks=2, valid=2, master=2437
[LIVE] udp=0.0/s, objs=0.0/s, last_udp=31.40s, meas=2, tracks=2, valid=2, master=2437
[LIVE] udp=0.0/s, objs=0.0/s, last_udp=32.40s, meas=2, tracks=2, valid=2, master=2437
[LIVE] udp=0.0/s, objs=0.0/s, last_udp=33.40s, meas=2, tracks=2, valid=2, master=2437
[LIVE] udp=0.0/s, objs=0.0/s, last_udp=34.41s, meas=2, tracks=2, valid=2, master=2437
[LIVE] udp=0.0/s, objs=0.0/s, last_udp=35.41s, meas=2, tracks=2, valid=2, master=2437
[GPS] GGA fix_quality=1, num_sats=22, hdop=0.9, lat=30.408097035166666, lon=104.08865503933333
[LIVE] udp=0.0/s, objs=0.0/s, last_udp=36.42s, meas=2, tracks=2, valid=2, master=2437
[LIVE] udp=0.0/s, objs=0.0/s, last_udp=37.42s, meas=2, tracks=2, valid=2, master=2437
[LIVE] udp=0.0/s, objs=0.0/s, last_udp=38.42s, meas=2, tracks=2, valid=2, master=2437
[LIVE] udp=0.0/s, objs=0.0/s, last_udp=39.42s, meas=2, tracks=2, valid=2, master=2437
[LIVE] udp=0.0/s, objs=0.0/s, last_udp=40.43s, meas=2, tracks=2, valid=2, master=2437
[LIVE] udp=0.0/s, objs=0.0/s, last_udp=41.43s, meas=2, tracks=2, valid=2, master=2437
[LIVE] udp=0.0/s, objs=0.0/s, last_udp=42.43s, meas=2, tracks=2, valid=2, master=2437
[LIVE] udp=0.0/s, objs=0.0/s, last_udp=43.43s, meas=2, tracks=2, valid=2, master=2437
[LIVE] udp=0.0/s, objs=0.0/s, last_udp=44.44s, meas=2, tracks=2, valid=2, master=2437
[LIVE] udp=0.0/s, objs=0.0/s, last_udp=45.44s, meas=2, tracks=2, valid=2, master=2437
[GPS] GGA fix_quality=1, num_sats=23, hdop=0.7, lat=30.408098436333333, lon=104.08865135566667
[LIVE] udp=0.0/s, objs=0.0/s, last_udp=46.44s, meas=2, tracks=2, valid=2, master=2437
[LIVE] udp=0.0/s, objs=0.0/s, last_udp=47.44s, meas=2, tracks=2, valid=2, master=2437
[LIVE] udp=0.0/s, objs=0.0/s, last_udp=48.45s, meas=2, tracks=2, valid=2, master=2437
[LIVE] udp=0.0/s, objs=0.0/s, last_udp=49.45s, meas=2, tracks=2, valid=2, master=2437
[LIVE] udp=0.0/s, objs=0.0/s, last_udp=50.45s, meas=2, tracks=2, valid=2, master=2437
[LIVE] udp=0.0/s, objs=0.0/s, last_udp=51.45s, meas=2, tracks=2, valid=2, master=2437
[LIVE] udp=1.0/s, objs=1.0/s, last_udp=0.85s, meas=1, tracks=1, valid=0, master=2437
[LIVE] udp=0.0/s, objs=0.0/s, last_udp=1.85s, meas=1, tracks=1, valid=0, master=2437
[LIVE] udp=0.0/s, objs=0.0/s, last_udp=2.85s, meas=1, tracks=1, valid=0, master=2437
[LIVE] udp=0.0/s, objs=0.0/s, last_udp=3.86s, meas=1, tracks=1, valid=0, master=2437
[GPS] GGA fix_quality=1, num_sats=23, hdop=0.7, lat=30.408100395666665, lon=104.08865891266667
[LIVE] udp=0.0/s, objs=0.0/s, last_udp=4.86s, meas=1, tracks=1, valid=0, master=2437
[LIVE] udp=0.0/s, objs=0.0/s, last_udp=5.87s, meas=1, tracks=1, valid=0, master=2437
[LIVE] udp=0.0/s, objs=0.0/s, last_udp=6.87s, meas=1, tracks=1, valid=0, master=2437
[LIVE] udp=0.0/s, objs=0.0/s, last_udp=7.87s, meas=1, tracks=1, valid=0, master=2437
[LIVE] udp=0.0/s, objs=0.0/s, last_udp=8.88s, meas=1, tracks=1, valid=0, master=2437
[LIVE] udp=0.0/s, objs=0.0/s, last_udp=9.88s, meas=1, tracks=1, valid=0, master=2437
[LIVE] udp=0.0/s, objs=0.0/s, last_udp=10.89s, meas=1, tracks=1, valid=0, master=2437
[LIVE] udp=0.0/s, objs=0.0/s, last_udp=11.89s, meas=1, tracks=1, valid=0, master=2437
[LIVE] udp=0.0/s, objs=0.0/s, last_udp=12.89s, meas=1, tracks=1, valid=0, master=2437
[LIVE] udp=1.0/s, objs=1.0/s, last_udp=0.28s, meas=1, tracks=1, valid=0, master=2437
[GPS] GGA fix_quality=1, num_sats=22, hdop=1.0, lat=30.4080995545, lon=104.08866278483333
[LIVE] udp=0.0/s, objs=0.0/s, last_udp=1.28s, meas=1, tracks=1, valid=0, master=2437
[LIVE] udp=0.0/s, objs=0.0/s, last_udp=2.28s, meas=1, tracks=1, valid=0, master=2437
[LIVE] udp=0.0/s, objs=0.0/s, last_udp=3.29s, meas=1, tracks=1, valid=0, master=2437
[LIVE] udp=0.0/s, objs=0.0/s, last_udp=4.29s, meas=1, tracks=1, valid=0, master=2437
[LIVE] udp=0.0/s, objs=0.0/s, last_udp=5.30s, meas=1, tracks=1, valid=0, master=2437
[LIVE] udp=0.0/s, objs=0.0/s, last_udp=6.30s, meas=1, tracks=1, valid=0, master=2437
[LIVE] udp=0.0/s, objs=0.0/s, last_udp=7.30s, meas=1, tracks=1, valid=0, master=2437
[LIVE] udp=0.0/s, objs=0.0/s, last_udp=8.30s, meas=1, tracks=1, valid=0, master=2437
[LIVE] udp=0.0/s, objs=0.0/s, last_udp=9.31s, meas=1, tracks=1, valid=0, master=2437
[LIVE] udp=0.0/s, objs=0.0/s, last_udp=10.31s, meas=1, tracks=1, valid=0, master=2437
[GPS] GGA fix_quality=1, num_sats=22, hdop=0.9, lat=30.408103816333334, lon=104.088653758
[LIVE] udp=0.0/s, objs=0.0/s, last_udp=11.32s, meas=1, tracks=1, valid=0, master=2437
[LIVE] udp=0.0/s, objs=0.0/s, last_udp=12.32s, meas=1, tracks=1, valid=0, master=2437
[LIVE] udp=0.0/s, objs=0.0/s, last_udp=13.32s, meas=1, tracks=1, valid=0, master=2437
[LIVE] udp=0.0/s, objs=0.0/s, last_udp=14.32s, meas=1, tracks=1, valid=0, master=2437
[LIVE] udp=0.0/s, objs=0.0/s, last_udp=15.32s, meas=1, tracks=1, valid=0, master=2437
[LIVE] udp=0.0/s, objs=0.0/s, last_udp=16.33s, meas=1, tracks=1, valid=0, master=2437
[LIVE] udp=0.0/s, objs=0.0/s, last_udp=17.33s, meas=1, tracks=1, valid=0, master=2437
[LIVE] udp=0.0/s, objs=0.0/s, last_udp=18.33s, meas=1, tracks=1, valid=0, master=2437
[LIVE] udp=0.0/s, objs=0.0/s, last_udp=19.34s, meas=1, tracks=1, valid=0, master=2437
[LIVE] udp=0.0/s, objs=0.0/s, last_udp=20.34s, meas=1, tracks=1, valid=0, master=2437
[GPS] GGA fix_quality=1, num_sats=24, hdop=0.7, lat=30.408106361166666, lon=104.08865677883334
[LIVE] udp=0.0/s, objs=0.0/s, last_udp=21.35s, meas=1, tracks=1, valid=0, master=2437
[LIVE] udp=0.0/s, objs=0.0/s, last_udp=22.35s, meas=1, tracks=1, valid=0, master=2437
[LIVE] udp=0.0/s, objs=0.0/s, last_udp=23.35s, meas=1, tracks=1, valid=0, master=2437
[LIVE] udp=0.0/s, objs=0.0/s, last_udp=24.36s, meas=1, tracks=1, valid=0, master=2437
[LIVE] udp=0.0/s, objs=0.0/s, last_udp=25.36s, meas=1, tracks=1, valid=0, master=2437
[LIVE] udp=0.0/s, objs=0.0/s, last_udp=26.36s, meas=1, tracks=1, valid=0, master=2437
[LIVE] udp=0.0/s, objs=0.0/s, last_udp=27.37s, meas=1, tracks=1, valid=0, master=2437
[LIVE] udp=0.0/s, objs=0.0/s, last_udp=28.37s, meas=1, tracks=1, valid=0, master=2437
[LIVE] udp=0.0/s, objs=0.0/s, last_udp=29.37s, meas=1, tracks=1, valid=0, master=2437
[LIVE] udp=0.0/s, objs=0.0/s, last_udp=30.38s, meas=1, tracks=1, valid=0, master=2437
[GPS] GGA fix_quality=1, num_sats=24, hdop=0.7, lat=30.408109505166667, lon=104.08865432966667
[LIVE] udp=0.0/s, objs=0.0/s, last_udp=31.38s, meas=1, tracks=1, valid=0, master=2437
[LIVE] udp=1.0/s, objs=1.0/s, last_udp=0.25s, meas=1, tracks=1, valid=0, master=2437
[LIVE] udp=1.0/s, objs=1.0/s, last_udp=0.99s, meas=1, tracks=1, valid=0, master=2437
[LIVE] udp=0.0/s, objs=0.0/s, last_udp=1.99s, meas=1, tracks=1, valid=0, master=2437
[LIVE] udp=0.0/s, objs=0.0/s, last_udp=2.99s, meas=1, tracks=1, valid=0, master=2437
[LIVE] udp=0.0/s, objs=0.0/s, last_udp=4.00s, meas=1, tracks=1, valid=0, master=2437
[LIVE] udp=0.0/s, objs=0.0/s, last_udp=5.00s, meas=1, tracks=1, valid=0, master=2437
[LIVE] udp=2.0/s, objs=2.0/s, last_udp=0.53s, meas=1, tracks=1, valid=1, master=2441
[LIVE] udp=0.0/s, objs=0.0/s, last_udp=1.54s, meas=1, tracks=1, valid=1, master=2441
[LIVE] udp=0.0/s, objs=0.0/s, last_udp=2.54s, meas=1, tracks=1, valid=1, master=2441
[GPS] GGA fix_quality=1, num_sats=23, hdop=0.7, lat=30.408111789333333, lon=104.088651295
[LIVE] udp=0.0/s, objs=0.0/s, last_udp=3.54s, meas=1, tracks=1, valid=1, master=2441
[LIVE] udp=0.0/s, objs=0.0/s, last_udp=4.55s, meas=1, tracks=1, valid=1, master=2441
[LIVE] udp=0.0/s, objs=0.0/s, last_udp=5.55s, meas=1, tracks=1, valid=1, master=2441
[LIVE] udp=1.0/s, objs=2.0/s, last_udp=0.14s, meas=1, tracks=1, valid=1, master=2441
[LIVE] udp=0.0/s, objs=0.0/s, last_udp=1.14s, meas=2, tracks=2, valid=1, master=2441
[LIVE] udp=0.0/s, objs=0.0/s, last_udp=2.14s, meas=2, tracks=2, valid=1, master=2441
[LIVE] udp=0.0/s, objs=0.0/s, last_udp=3.14s, meas=2, tracks=2, valid=1, master=2441
[LIVE] udp=0.0/s, objs=0.0/s, last_udp=4.14s, meas=2, tracks=2, valid=1, master=2441
[LIVE] udp=0.0/s, objs=0.0/s, last_udp=5.15s, meas=2, tracks=2, valid=1, master=2441
[LIVE] udp=0.0/s, objs=0.0/s, last_udp=6.15s, meas=2, tracks=2, valid=1, master=2441
[GPS] GGA fix_quality=1, num_sats=23, hdop=0.7, lat=30.408114813, lon=104.08864502483334
[LIVE] udp=1.0/s, objs=1.0/s, last_udp=0.82s, meas=1, tracks=2, valid=1, master=2441
[LIVE] udp=0.0/s, objs=0.0/s, last_udp=1.82s, meas=1, tracks=2, valid=1, master=2441
[LIVE] udp=0.0/s, objs=0.0/s, last_udp=2.83s, meas=1, tracks=2, valid=1, master=2441
[LIVE] udp=0.0/s, objs=0.0/s, last_udp=3.83s, meas=1, tracks=2, valid=1, master=2441
[LIVE] udp=0.0/s, objs=0.0/s, last_udp=4.83s, meas=1, tracks=2, valid=1, master=2441
[LIVE] udp=0.0/s, objs=0.0/s, last_udp=5.83s, meas=1, tracks=2, valid=1, master=2441
[LIVE] udp=0.0/s, objs=0.0/s, last_udp=6.83s, meas=1, tracks=2, valid=1, master=2441
[LIVE] udp=0.0/s, objs=0.0/s, last_udp=7.83s, meas=1, tracks=2, valid=1, master=2441
[LIVE] udp=0.0/s, objs=0.0/s, last_udp=8.84s, meas=1, tracks=2, valid=1, master=2441
[LIVE] udp=0.0/s, objs=0.0/s, last_udp=9.84s, meas=1, tracks=2, valid=1, master=2441
[GPS] GGA fix_quality=1, num_sats=24, hdop=0.7, lat=30.408112875, lon=104.08864981116666
[LIVE] udp=0.0/s, objs=0.0/s, last_udp=10.84s, meas=1, tracks=2, valid=1, master=2441
[LIVE] udp=0.0/s, objs=0.0/s, last_udp=11.85s, meas=1, tracks=2, valid=1, master=2441
[LIVE] udp=2.0/s, objs=2.0/s, last_udp=0.69s, meas=1, tracks=1, valid=0, master=2441
[LIVE] udp=0.0/s, objs=0.0/s, last_udp=1.69s, meas=1, tracks=1, valid=0, master=2441
[LIVE] udp=0.0/s, objs=0.0/s, last_udp=2.69s, meas=1, tracks=1, valid=0, master=2441
[LIVE] udp=0.0/s, objs=0.0/s, last_udp=3.70s, meas=1, tracks=1, valid=0, master=2441
[LIVE] udp=0.0/s, objs=0.0/s, last_udp=4.70s, meas=1, tracks=1, valid=0, master=2441
[LIVE] udp=0.0/s, objs=0.0/s, last_udp=5.70s, meas=1, tracks=1, valid=0, master=2441
[LIVE] udp=0.0/s, objs=0.0/s, last_udp=6.70s, meas=1, tracks=1, valid=0, master=2441
[LIVE] udp=0.0/s, objs=0.0/s, last_udp=7.71s, meas=1, tracks=1, valid=0, master=2441
[GPS] GGA fix_quality=1, num_sats=23, hdop=0.9, lat=30.408112064833333, lon=104.08864957016667
[LIVE] udp=0.0/s, objs=0.0/s, last_udp=8.71s, meas=1, tracks=1, valid=0, master=2441
[LIVE] udp=0.0/s, objs=0.0/s, last_udp=9.71s, meas=1, tracks=1, valid=0, master=2441
[LIVE] udp=0.0/s, objs=0.0/s, last_udp=10.72s, meas=1, tracks=1, valid=0, master=2441
[LIVE] udp=0.0/s, objs=0.0/s, last_udp=11.72s, meas=1, tracks=1, valid=0, master=2441
[LIVE] udp=0.0/s, objs=0.0/s, last_udp=12.72s, meas=1, tracks=1, valid=0, master=2441
[LIVE] udp=0.0/s, objs=0.0/s, last_udp=13.72s, meas=1, tracks=1, valid=0, master=2441
[LIVE] udp=0.0/s, objs=0.0/s, last_udp=14.72s, meas=1, tracks=1, valid=0, master=2441
[LIVE] udp=0.0/s, objs=0.0/s, last_udp=15.73s, meas=1, tracks=1, valid=0, master=2441
[LIVE] udp=0.0/s, objs=0.0/s, last_udp=16.73s, meas=1, tracks=1, valid=0, master=2441
[LIVE] udp=0.0/s, objs=0.0/s, last_udp=17.73s, meas=1, tracks=1, valid=0, master=2441
[GPS] GGA fix_quality=1, num_sats=24, hdop=0.7, lat=30.4081109515, lon=104.0886490385
[LIVE] udp=0.0/s, objs=0.0/s, last_udp=18.73s, meas=1, tracks=1, valid=0, master=2441
[LIVE] udp=0.0/s, objs=0.0/s, last_udp=19.74s, meas=1, tracks=1, valid=0, master=2441
[LIVE] udp=0.0/s, objs=0.0/s, last_udp=20.74s, meas=1, tracks=1, valid=0, master=2441
[LIVE] udp=1.0/s, objs=1.0/s, last_udp=0.48s, meas=1, tracks=1, valid=0, master=2441
[LIVE] udp=0.0/s, objs=0.0/s, last_udp=1.48s, meas=1, tracks=1, valid=0, master=2441
[LIVE] udp=0.0/s, objs=0.0/s, last_udp=2.48s, meas=1, tracks=1, valid=0, master=2441
[LIVE] udp=0.0/s, objs=0.0/s, last_udp=3.49s, meas=1, tracks=1, valid=0, master=2441
[LIVE] udp=0.0/s, objs=0.0/s, last_udp=4.49s, meas=1, tracks=1, valid=0, master=2441
[LIVE] udp=0.0/s, objs=0.0/s, last_udp=5.49s, meas=1, tracks=1, valid=0, master=2441
[LIVE] udp=0.0/s, objs=0.0/s, last_udp=6.49s, meas=1, tracks=1, valid=0, master=2441
[GPS] GGA fix_quality=1, num_sats=24, hdop=0.7, lat=30.408110207, lon=104.08864858366667
[LIVE] udp=0.0/s, objs=0.0/s, last_udp=7.50s, meas=1, tracks=1, valid=0, master=2441
[LIVE] udp=0.0/s, objs=0.0/s, last_udp=8.50s, meas=1, tracks=1, valid=0, master=2441
[LIVE] udp=0.0/s, objs=0.0/s, last_udp=9.50s, meas=1, tracks=1, valid=0, master=2441
[LIVE] udp=0.0/s, objs=0.0/s, last_udp=10.50s, meas=1, tracks=1, valid=0, master=2441
[LIVE] udp=0.0/s, objs=0.0/s, last_udp=11.51s, meas=1, tracks=1, valid=0, master=2441
[LIVE] udp=0.0/s, objs=0.0/s, last_udp=12.51s, meas=1, tracks=1, valid=0, master=2441
[LIVE] udp=0.0/s, objs=0.0/s, last_udp=13.51s, meas=1, tracks=1, valid=0, master=2441
[LIVE] udp=0.0/s, objs=0.0/s, last_udp=14.51s, meas=1, tracks=1, valid=0, master=2441
[LIVE] udp=0.0/s, objs=0.0/s, last_udp=15.52s, meas=1, tracks=1, valid=0, master=2441
[LIVE] udp=0.0/s, objs=0.0/s, last_udp=16.52s, meas=1, tracks=1, valid=0, master=2441
[GPS] GGA fix_quality=1, num_sats=23, hdop=0.7, lat=30.408109824, lon=104.08864811333333
[LIVE] udp=1.0/s, objs=1.0/s, last_udp=0.22s, meas=1, tracks=1, valid=0, master=2441
[LIVE] udp=0.0/s, objs=0.0/s, last_udp=1.22s, meas=1, tracks=1, valid=0, master=2441
[LIVE] udp=1.0/s, objs=1.0/s, last_udp=0.60s, meas=1, tracks=2, valid=0, master=2441
[LIVE] udp=3.0/s, objs=3.0/s, last_udp=0.19s, meas=1, tracks=2, valid=1, master=2446
[LIVE] udp=2.0/s, objs=2.0/s, last_udp=0.78s, meas=1, tracks=2, valid=1, master=2446
[LIVE] udp=0.0/s, objs=0.0/s, last_udp=1.78s, meas=1, tracks=2, valid=1, master=2446
[LIVE] udp=0.0/s, objs=0.0/s, last_udp=2.78s, meas=1, tracks=2, valid=1, master=2446
[LIVE] udp=0.0/s, objs=0.0/s, last_udp=3.78s, meas=1, tracks=2, valid=1, master=2446
[LIVE] udp=0.0/s, objs=0.0/s, last_udp=4.78s, meas=1, tracks=2, valid=1, master=2446
[LIVE] udp=0.0/s, objs=0.0/s, last_udp=5.79s, meas=1, tracks=2, valid=1, master=2446
[GPS] GGA fix_quality=1, num_sats=24, hdop=0.7, lat=30.4081095105, lon=104.08864689666666
[LIVE] udp=0.0/s, objs=0.0/s, last_udp=6.79s, meas=1, tracks=2, valid=1, master=2446
[LIVE] udp=0.0/s, objs=0.0/s, last_udp=7.79s, meas=1, tracks=2, valid=1, master=2446
[LIVE] udp=0.0/s, objs=0.0/s, last_udp=8.80s, meas=1, tracks=2, valid=1, master=2446
[LIVE] udp=0.0/s, objs=0.0/s, last_udp=9.80s, meas=1, tracks=2, valid=1, master=2446
[LIVE] udp=0.0/s, objs=0.0/s, last_udp=10.80s, meas=1, tracks=2, valid=1, master=2446
[LIVE] udp=0.0/s, objs=0.0/s, last_udp=11.81s, meas=1, tracks=2, valid=1, master=2446
[LIVE] udp=0.0/s, objs=0.0/s, last_udp=12.81s, meas=1, tracks=2, valid=1, master=2446
[LIVE] udp=0.0/s, objs=0.0/s, last_udp=13.81s, meas=1, tracks=2, valid=1, master=2446
[LIVE] udp=0.0/s, objs=0.0/s, last_udp=14.82s, meas=1, tracks=2, valid=1, master=2446
[LIVE] udp=0.0/s, objs=0.0/s, last_udp=15.82s, meas=1, tracks=2, valid=1, master=2446
[GPS] GGA fix_quality=1, num_sats=26, hdop=0.6, lat=30.408109527333334, lon=104.08864720983334
[LIVE] udp=0.0/s, objs=0.0/s, last_udp=16.82s, meas=1, tracks=2, valid=1, master=2446
[LIVE] udp=0.0/s, objs=0.0/s, last_udp=17.82s, meas=1, tracks=2, valid=1, master=2446
[LIVE] udp=0.0/s, objs=0.0/s, last_udp=18.83s, meas=1, tracks=2, valid=1, master=2446
[LIVE] udp=0.0/s, objs=0.0/s, last_udp=19.83s, meas=1, tracks=2, valid=1, master=2446
[LIVE] udp=0.0/s, objs=0.0/s, last_udp=20.83s, meas=1, tracks=2, valid=1, master=2446
[LIVE] udp=0.0/s, objs=0.0/s, last_udp=21.83s, meas=1, tracks=2, valid=1, master=2446
[LIVE] udp=0.0/s, objs=0.0/s, last_udp=22.83s, meas=1, tracks=2, valid=1, master=2446
[LIVE] udp=0.0/s, objs=0.0/s, last_udp=23.84s, meas=1, tracks=2, valid=1, master=2446
[LIVE] udp=0.0/s, objs=0.0/s, last_udp=24.84s, meas=1, tracks=2, valid=1, master=2446
[LIVE] udp=0.0/s, objs=0.0/s, last_udp=25.84s, meas=1, tracks=2, valid=1, master=2446
[GPS] GGA fix_quality=1, num_sats=27, hdop=0.6, lat=30.4081085335, lon=104.0886500245
[LIVE] udp=0.0/s, objs=0.0/s, last_udp=26.84s, meas=1, tracks=2, valid=1, master=2446
[LIVE] udp=0.0/s, objs=0.0/s, last_udp=27.85s, meas=1, tracks=2, valid=1, master=2446
[LIVE] udp=0.0/s, objs=0.0/s, last_udp=28.85s, meas=1, tracks=2, valid=1, master=2446
[LIVE] udp=0.0/s, objs=0.0/s, last_udp=29.85s, meas=1, tracks=2, valid=1, master=2446
[LIVE] udp=0.0/s, objs=0.0/s, last_udp=30.85s, meas=1, tracks=2, valid=1, master=2446
[LIVE] udp=0.0/s, objs=0.0/s, last_udp=31.86s, meas=1, tracks=2, valid=1, master=2446
[LIVE] udp=1.0/s, objs=1.0/s, last_udp=0.56s, meas=1, tracks=1, valid=0, master=2446
[LIVE] udp=0.0/s, objs=0.0/s, last_udp=1.57s, meas=1, tracks=1, valid=0, master=2446
[LIVE] udp=0.0/s, objs=0.0/s, last_udp=2.57s, meas=1, tracks=1, valid=0, master=2446
[LIVE] udp=0.0/s, objs=0.0/s, last_udp=3.57s, meas=1, tracks=1, valid=0, master=2446
[GPS] GGA fix_quality=1, num_sats=25, hdop=0.7, lat=30.4081097405, lon=104.08864988566667
[LIVE] udp=0.0/s, objs=0.0/s, last_udp=4.57s, meas=1, tracks=1, valid=0, master=2446
[LIVE] udp=0.0/s, objs=0.0/s, last_udp=5.57s, meas=1, tracks=1, valid=0, master=2446
[LIVE] udp=0.0/s, objs=0.0/s, last_udp=6.57s, meas=1, tracks=1, valid=0, master=2446
[LIVE] udp=0.0/s, objs=0.0/s, last_udp=7.58s, meas=1, tracks=1, valid=0, master=2446
[LIVE] udp=0.0/s, objs=0.0/s, last_udp=8.58s, meas=1, tracks=1, valid=0, master=2446
[LIVE] udp=0.0/s, objs=0.0/s, last_udp=9.58s, meas=1, tracks=1, valid=0, master=2446
[LIVE] udp=0.0/s, objs=0.0/s, last_udp=10.59s, meas=1, tracks=1, valid=0, master=2446
[LIVE] udp=0.0/s, objs=0.0/s, last_udp=11.59s, meas=1, tracks=1, valid=0, master=2446
[LIVE] udp=0.0/s, objs=0.0/s, last_udp=12.59s, meas=1, tracks=1, valid=0, master=2446
[LIVE] udp=0.0/s, objs=0.0/s, last_udp=13.60s, meas=1, tracks=1, valid=0, master=2446
[GPS] GGA fix_quality=1, num_sats=25, hdop=0.7, lat=30.4081100035, lon=104.08864742433333
[LIVE] udp=0.0/s, objs=0.0/s, last_udp=14.60s, meas=1, tracks=1, valid=0, master=2446
[LIVE] udp=1.0/s, objs=1.0/s, last_udp=0.45s, meas=1, tracks=1, valid=0, master=2446
[LIVE] udp=0.0/s, objs=0.0/s, last_udp=1.46s, meas=1, tracks=1, valid=0, master=2446
[LIVE] udp=2.0/s, objs=2.0/s, last_udp=0.29s, meas=1, tracks=2, valid=0, master=2446
[LIVE] udp=0.0/s, objs=0.0/s, last_udp=1.29s, meas=1, tracks=2, valid=0, master=2446
[LIVE] udp=0.0/s, objs=0.0/s, last_udp=2.29s, meas=1, tracks=2, valid=0, master=2446
[LIVE] udp=0.0/s, objs=0.0/s, last_udp=3.30s, meas=1, tracks=2, valid=0, master=2446
[LIVE] udp=0.0/s, objs=0.0/s, last_udp=4.30s, meas=1, tracks=2, valid=0, master=2446
[LIVE] udp=0.0/s, objs=0.0/s, last_udp=5.30s, meas=1, tracks=2, valid=0, master=2446
[LIVE] udp=0.0/s, objs=0.0/s, last_udp=6.30s, meas=1, tracks=2, valid=0, master=2446
[GPS] GGA fix_quality=1, num_sats=23, hdop=0.7, lat=30.408106351833332, lon=104.0886466425
[LIVE] udp=0.0/s, objs=0.0/s, last_udp=7.30s, meas=1, tracks=2, valid=0, master=2446
[LIVE] udp=0.0/s, objs=0.0/s, last_udp=8.30s, meas=1, tracks=2, valid=0, master=2446
[LIVE] udp=0.0/s, objs=0.0/s, last_udp=9.31s, meas=1, tracks=2, valid=0, master=2446
[LIVE] udp=0.0/s, objs=0.0/s, last_udp=10.31s, meas=1, tracks=2, valid=0, master=2446
[LIVE] udp=0.0/s, objs=0.0/s, last_udp=11.31s, meas=1, tracks=2, valid=0, master=2446
[LIVE] udp=0.0/s, objs=0.0/s, last_udp=12.31s, meas=1, tracks=2, valid=0, master=2446
[LIVE] udp=0.0/s, objs=0.0/s, last_udp=13.32s, meas=1, tracks=2, valid=0, master=2446
[LIVE] udp=0.0/s, objs=0.0/s, last_udp=14.32s, meas=1, tracks=2, valid=0, master=2446
[LIVE] udp=0.0/s, objs=0.0/s, last_udp=15.32s, meas=1, tracks=2, valid=0, master=2446
[LIVE] udp=0.0/s, objs=0.0/s, last_udp=16.32s, meas=1, tracks=2, valid=0, master=2446
[GPS] GGA fix_quality=1, num_sats=25, hdop=0.7, lat=30.408106466333333, lon=104.08864136833333
[LIVE] udp=0.0/s, objs=0.0/s, last_udp=17.32s, meas=1, tracks=2, valid=0, master=2446
[LIVE] udp=0.0/s, objs=0.0/s, last_udp=18.32s, meas=1, tracks=2, valid=0, master=2446
[LIVE] udp=0.0/s, objs=0.0/s, last_udp=19.33s, meas=1, tracks=2, valid=0, master=2446
[LIVE] udp=0.0/s, objs=0.0/s, last_udp=20.33s, meas=1, tracks=2, valid=0, master=2446
[LIVE] udp=0.0/s, objs=0.0/s, last_udp=21.33s, meas=1, tracks=2, valid=0, master=2446
[LIVE] udp=0.0/s, objs=0.0/s, last_udp=22.33s, meas=1, tracks=2, valid=0, master=2446
[LIVE] udp=0.0/s, objs=0.0/s, last_udp=23.34s, meas=1, tracks=2, valid=0, master=2446
[LIVE] udp=1.0/s, objs=1.0/s, last_udp=0.37s, meas=1, tracks=1, valid=0, master=2446
[LIVE] udp=0.0/s, objs=0.0/s, last_udp=1.38s, meas=1, tracks=1, valid=0, master=2446
[LIVE] udp=0.0/s, objs=0.0/s, last_udp=2.38s, meas=1, tracks=1, valid=0, master=2446
[GPS] GGA fix_quality=1, num_sats=25, hdop=0.7, lat=30.408109861, lon=104.0886362015
[LIVE] udp=0.0/s, objs=0.0/s, last_udp=3.39s, meas=1, tracks=1, valid=0, master=2446
[LIVE] udp=0.0/s, objs=0.0/s, last_udp=4.39s, meas=1, tracks=1, valid=0, master=2446
[LIVE] udp=0.0/s, objs=0.0/s, last_udp=5.39s, meas=1, tracks=1, valid=0, master=2446
[LIVE] udp=0.0/s, objs=0.0/s, last_udp=6.39s, meas=1, tracks=1, valid=0, master=2446
[LIVE] udp=0.0/s, objs=0.0/s, last_udp=7.39s, meas=1, tracks=1, valid=0, master=2446
[LIVE] udp=0.0/s, objs=0.0/s, last_udp=8.39s, meas=1, tracks=1, valid=0, master=2446
[LIVE] udp=0.0/s, objs=0.0/s, last_udp=9.39s, meas=1, tracks=1, valid=0, master=2446
[LIVE] udp=0.0/s, objs=0.0/s, last_udp=10.40s, meas=1, tracks=1, valid=0, master=2446
[LIVE] udp=0.0/s, objs=0.0/s, last_udp=11.40s, meas=1, tracks=1, valid=0, master=2446
[LIVE] udp=0.0/s, objs=0.0/s, last_udp=12.40s, meas=1, tracks=1, valid=0, master=2446
[GPS] GGA fix_quality=1, num_sats=24, hdop=0.7, lat=30.408111062333333, lon=104.08863872933334
[LIVE] udp=0.0/s, objs=0.0/s, last_udp=13.40s, meas=1, tracks=1, valid=0, master=2446
[LIVE] udp=0.0/s, objs=0.0/s, last_udp=14.41s, meas=1, tracks=1, valid=0, master=2446
[LIVE] udp=0.0/s, objs=0.0/s, last_udp=15.41s, meas=1, tracks=1, valid=0, master=2446
[LIVE] udp=0.0/s, objs=0.0/s, last_udp=16.41s, meas=1, tracks=1, valid=0, master=2446
[LIVE] udp=0.0/s, objs=0.0/s, last_udp=17.42s, meas=1, tracks=1, valid=0, master=2446
[LIVE] udp=0.0/s, objs=0.0/s, last_udp=18.42s, meas=1, tracks=1, valid=0, master=2446
[LIVE] udp=0.0/s, objs=0.0/s, last_udp=19.42s, meas=1, tracks=1, valid=0, master=2446
[LIVE] udp=0.0/s, objs=0.0/s, last_udp=20.42s, meas=1, tracks=1, valid=0, master=2446
[LIVE] udp=0.0/s, objs=0.0/s, last_udp=21.42s, meas=1, tracks=1, valid=0, master=2446
[LIVE] udp=0.0/s, objs=0.0/s, last_udp=22.43s, meas=1, tracks=1, valid=0, master=2446
[GPS] GGA fix_quality=1, num_sats=24, hdop=0.7, lat=30.4081118845, lon=104.0886325605
[LIVE] udp=0.0/s, objs=0.0/s, last_udp=23.43s, meas=1, tracks=1, valid=0, master=2446
[LIVE] udp=0.0/s, objs=0.0/s, last_udp=24.43s, meas=1, tracks=1, valid=0, master=2446
[LIVE] udp=0.0/s, objs=0.0/s, last_udp=25.43s, meas=1, tracks=1, valid=0, master=2446
[LIVE] udp=1.0/s, objs=1.0/s, last_udp=0.21s, meas=1, tracks=1, valid=0, master=2446
[LIVE] udp=1.0/s, objs=1.0/s, last_udp=0.71s, meas=1, tracks=1, valid=0, master=2446
[LIVE] udp=0.0/s, objs=0.0/s, last_udp=1.71s, meas=1, tracks=1, valid=0, master=2446
[LIVE] udp=0.0/s, objs=0.0/s, last_udp=2.71s, meas=1, tracks=1, valid=0, master=2446
[LIVE] udp=0.0/s, objs=0.0/s, last_udp=3.71s, meas=1, tracks=1, valid=0, master=2446
[LIVE] udp=0.0/s, objs=0.0/s, last_udp=4.71s, meas=1, tracks=1, valid=0, master=2446
[LIVE] udp=0.0/s, objs=0.0/s, last_udp=5.72s, meas=1, tracks=1, valid=0, master=2446
[GPS] GGA fix_quality=1, num_sats=25, hdop=0.7, lat=30.408114316166667, lon=104.088631391
[LIVE] udp=0.0/s, objs=0.0/s, last_udp=6.72s, meas=1, tracks=1, valid=0, master=2446
[LIVE] udp=0.0/s, objs=0.0/s, last_udp=7.72s, meas=1, tracks=1, valid=0, master=2446
[LIVE] udp=0.0/s, objs=0.0/s, last_udp=8.73s, meas=1, tracks=1, valid=0, master=2446
[LIVE] udp=0.0/s, objs=0.0/s, last_udp=9.73s, meas=1, tracks=1, valid=0, master=2446
[LIVE] udp=0.0/s, objs=0.0/s, last_udp=10.73s, meas=1, tracks=1, valid=0, master=2446
[LIVE] udp=0.0/s, objs=0.0/s, last_udp=11.73s, meas=1, tracks=1, valid=0, master=2446
[LIVE] udp=0.0/s, objs=0.0/s, last_udp=12.73s, meas=1, tracks=1, valid=0, master=2446
[LIVE] udp=0.0/s, objs=0.0/s, last_udp=13.74s, meas=1, tracks=1, valid=0, master=2446
[LIVE] udp=0.0/s, objs=0.0/s, last_udp=14.74s, meas=1, tracks=1, valid=0, master=2446
[LIVE] udp=0.0/s, objs=0.0/s, last_udp=15.75s, meas=1, tracks=1, valid=0, master=2446
[GPS] GGA fix_quality=1, num_sats=24, hdop=0.7, lat=30.408117684166665, lon=104.08865196066667
[LIVE] udp=0.0/s, objs=0.0/s, last_udp=16.75s, meas=1, tracks=1, valid=0, master=2446
[LIVE] udp=0.0/s, objs=0.0/s, last_udp=17.75s, meas=1, tracks=1, valid=0, master=2446
[LIVE] udp=0.0/s, objs=0.0/s, last_udp=18.75s, meas=1, tracks=1, valid=0, master=2446
[LIVE] udp=0.0/s, objs=0.0/s, last_udp=19.75s, meas=1, tracks=1, valid=0, master=2446
[LIVE] udp=0.0/s, objs=0.0/s, last_udp=20.75s, meas=1, tracks=1, valid=0, master=2446
[LIVE] udp=3.0/s, objs=3.0/s, last_udp=0.48s, meas=1, tracks=1, valid=0, master=2446
[LIVE] udp=2.0/s, objs=2.0/s, last_udp=0.82s, meas=1, tracks=1, valid=1, master=2452
[LIVE] udp=0.0/s, objs=0.0/s, last_udp=1.83s, meas=1, tracks=1, valid=1, master=2452
[LIVE] udp=0.0/s, objs=0.0/s, last_udp=2.83s, meas=1, tracks=1, valid=1, master=2452
[LIVE] udp=0.0/s, objs=0.0/s, last_udp=3.83s, meas=1, tracks=1, valid=1, master=2452
[GPS] GGA fix_quality=1, num_sats=24, hdop=0.7, lat=30.40811503833333, lon=104.08863969
[LIVE] udp=0.0/s, objs=0.0/s, last_udp=4.83s, meas=1, tracks=1, valid=1, master=2452
[LIVE] udp=0.0/s, objs=0.0/s, last_udp=5.83s, meas=1, tracks=1, valid=1, master=2452
[LIVE] udp=1.0/s, objs=1.0/s, last_udp=0.20s, meas=1, tracks=1, valid=1, master=2452
[LIVE] udp=4.0/s, objs=7.0/s, last_udp=0.11s, meas=2, tracks=2, valid=1, master=2452
[LIVE] udp=3.0/s, objs=3.0/s, last_udp=0.20s, meas=1, tracks=2, valid=0, master=2452
[LIVE] udp=4.0/s, objs=5.0/s, last_udp=0.03s, meas=1, tracks=2, valid=1, master=2452
[LIVE] udp=1.0/s, objs=1.0/s, last_udp=0.77s, meas=1, tracks=2, valid=1, master=2453
[LIVE] udp=0.0/s, objs=0.0/s, last_udp=1.77s, meas=1, tracks=2, valid=1, master=2453
[LIVE] udp=0.0/s, objs=0.0/s, last_udp=2.78s, meas=1, tracks=2, valid=1, master=2453
[LIVE] udp=0.0/s, objs=0.0/s, last_udp=3.78s, meas=1, tracks=2, valid=1, master=2453
[GPS] GGA fix_quality=1, num_sats=26, hdop=0.7, lat=30.408123337, lon=104.08864321333333
[LIVE] udp=0.0/s, objs=0.0/s, last_udp=4.78s, meas=1, tracks=2, valid=1, master=2453
[LIVE] udp=0.0/s, objs=0.0/s, last_udp=5.78s, meas=1, tracks=2, valid=1, master=2453
[LIVE] udp=0.0/s, objs=0.0/s, last_udp=6.78s, meas=1, tracks=2, valid=1, master=2453
[LIVE] udp=2.0/s, objs=6.0/s, last_udp=0.01s, meas=3, tracks=3, valid=2, master=2453
[LIVE] udp=1.0/s, objs=1.0/s, last_udp=0.72s, meas=1, tracks=3, valid=1, master=2452
[LIVE] udp=0.0/s, objs=0.0/s, last_udp=1.72s, meas=1, tracks=3, valid=1, master=2452
[LIVE] udp=0.0/s, objs=0.0/s, last_udp=2.73s, meas=1, tracks=3, valid=1, master=2452
[Warning] 逻辑ID 1 没有配置偏差数据
[Warning] 逻辑ID 1 没有配置偏差数据
[Warning] 逻辑ID 1 没有配置偏差数据
[LIVE] udp=3.0/s, objs=3.0/s, last_udp=0.42s, meas=0, tracks=3, valid=0, master=2452
[LIVE] udp=0.0/s, objs=0.0/s, last_udp=1.42s, meas=0, tracks=3, valid=0, master=2452
[LIVE] udp=0.0/s, objs=0.0/s, last_udp=2.43s, meas=0, tracks=3, valid=0, master=2452
[GPS] GGA fix_quality=1, num_sats=24, hdop=0.7, lat=30.408127551, lon=104.08863660133333
[LIVE] udp=0.0/s, objs=0.0/s, last_udp=3.43s, meas=0, tracks=3, valid=0, master=2452
[LIVE] udp=0.0/s, objs=0.0/s, last_udp=4.44s, meas=0, tracks=3, valid=0, master=2452
[LIVE] udp=0.0/s, objs=0.0/s, last_udp=5.44s, meas=0, tracks=3, valid=0, master=2452
[LIVE] udp=0.0/s, objs=0.0/s, last_udp=6.44s, meas=0, tracks=3, valid=0, master=2452
[LIVE] udp=0.0/s, objs=0.0/s, last_udp=7.44s, meas=0, tracks=3, valid=0, master=2452
[LIVE] udp=0.0/s, objs=0.0/s, last_udp=8.45s, meas=0, tracks=3, valid=0, master=2452
[LIVE] udp=0.0/s, objs=0.0/s, last_udp=9.45s, meas=0, tracks=3, valid=0, master=2452
[LIVE] udp=0.0/s, objs=0.0/s, last_udp=10.46s, meas=0, tracks=3, valid=0, master=2452
[LIVE] udp=0.0/s, objs=0.0/s, last_udp=11.46s, meas=0, tracks=3, valid=0, master=2452
[LIVE] udp=0.0/s, objs=0.0/s, last_udp=12.46s, meas=0, tracks=3, valid=0, master=2452
[GPS] GGA fix_quality=1, num_sats=24, hdop=0.7, lat=30.408131543833335, lon=104.088633623
[LIVE] udp=0.0/s, objs=0.0/s, last_udp=13.47s, meas=0, tracks=3, valid=0, master=2452
[LIVE] udp=0.0/s, objs=0.0/s, last_udp=14.47s, meas=0, tracks=3, valid=0, master=2452
[LIVE] udp=0.0/s, objs=0.0/s, last_udp=15.48s, meas=0, tracks=3, valid=0, master=2452
[LIVE] udp=0.0/s, objs=0.0/s, last_udp=16.48s, meas=0, tracks=3, valid=0, master=2452
[LIVE] udp=0.0/s, objs=0.0/s, last_udp=17.48s, meas=0, tracks=3, valid=0, master=2452
[LIVE] udp=0.0/s, objs=0.0/s, last_udp=18.48s, meas=0, tracks=3, valid=0, master=2452
[LIVE] udp=0.0/s, objs=0.0/s, last_udp=19.49s, meas=0, tracks=3, valid=0, master=2452
[LIVE] udp=0.0/s, objs=0.0/s, last_udp=20.49s, meas=0, tracks=3, valid=0, master=2452
[LIVE] udp=1.0/s, objs=1.0/s, last_udp=0.94s, meas=1, tracks=1, valid=0, master=2452
[LIVE] udp=0.0/s, objs=0.0/s, last_udp=1.94s, meas=1, tracks=1, valid=0, master=2452
[GPS] GGA fix_quality=1, num_sats=23, hdop=0.8, lat=30.408132148500002, lon=104.08863249633333
[LIVE] udp=0.0/s, objs=0.0/s, last_udp=2.94s, meas=1, tracks=1, valid=0, master=2452
[LIVE] udp=0.0/s, objs=0.0/s, last_udp=3.95s, meas=1, tracks=1, valid=0, master=2452
[LIVE] udp=0.0/s, objs=0.0/s, last_udp=4.95s, meas=1, tracks=1, valid=0, master=2452
[LIVE] udp=0.0/s, objs=0.0/s, last_udp=5.95s, meas=1, tracks=1, valid=0, master=2452
[LIVE] udp=0.0/s, objs=0.0/s, last_udp=6.96s, meas=1, tracks=1, valid=0, master=2452
[LIVE] udp=0.0/s, objs=0.0/s, last_udp=7.96s, meas=1, tracks=1, valid=0, master=2452
[LIVE] udp=0.0/s, objs=0.0/s, last_udp=8.96s, meas=1, tracks=1, valid=0, master=2452
[LIVE] udp=0.0/s, objs=0.0/s, last_udp=9.96s, meas=1, tracks=1, valid=0, master=2452
[LIVE] udp=0.0/s, objs=0.0/s, last_udp=10.97s, meas=1, tracks=1, valid=0, master=2452
[LIVE] udp=0.0/s, objs=0.0/s, last_udp=11.97s, meas=1, tracks=1, valid=0, master=2452
[GPS] GGA fix_quality=1, num_sats=24, hdop=0.7, lat=30.408130862666667, lon=104.08863269416666
[LIVE] udp=0.0/s, objs=0.0/s, last_udp=12.97s, meas=1, tracks=1, valid=0, master=2452
[LIVE] udp=0.0/s, objs=0.0/s, last_udp=13.97s, meas=1, tracks=1, valid=0, master=2452
[LIVE] udp=0.0/s, objs=0.0/s, last_udp=14.97s, meas=1, tracks=1, valid=0, master=2452
[LIVE] udp=0.0/s, objs=0.0/s, last_udp=15.98s, meas=1, tracks=1, valid=0, master=2452
[LIVE] udp=0.0/s, objs=0.0/s, last_udp=16.98s, meas=1, tracks=1, valid=0, master=2452
[LIVE] udp=0.0/s, objs=0.0/s, last_udp=17.98s, meas=1, tracks=1, valid=0, master=2452
[LIVE] udp=0.0/s, objs=0.0/s, last_udp=18.98s, meas=1, tracks=1, valid=0, master=2452
[LIVE] udp=0.0/s, objs=0.0/s, last_udp=19.99s, meas=1, tracks=1, valid=0, master=2452
[LIVE] udp=1.0/s, objs=1.0/s, last_udp=0.42s, meas=1, tracks=1, valid=0, master=2452
[LIVE] udp=0.0/s, objs=0.0/s, last_udp=1.43s, meas=1, tracks=1, valid=0, master=2452
[GPS] GGA fix_quality=1, num_sats=23, hdop=0.7, lat=30.408128979333334, lon=104.08863295683334
[LIVE] udp=0.0/s, objs=0.0/s, last_udp=2.43s, meas=1, tracks=1, valid=0, master=2452
[LIVE] udp=0.0/s, objs=0.0/s, last_udp=3.43s, meas=1, tracks=1, valid=0, master=2452
[LIVE] udp=0.0/s, objs=0.0/s, last_udp=4.44s, meas=1, tracks=1, valid=0, master=2452
[LIVE] udp=0.0/s, objs=0.0/s, last_udp=5.44s, meas=1, tracks=1, valid=0, master=2452
[LIVE] udp=0.0/s, objs=0.0/s, last_udp=6.44s, meas=1, tracks=1, valid=0, master=2452
[LIVE] udp=0.0/s, objs=0.0/s, last_udp=7.45s, meas=1, tracks=1, valid=0, master=2452
[LIVE] udp=0.0/s, objs=0.0/s, last_udp=8.45s, meas=1, tracks=1, valid=0, master=2452
[LIVE] udp=0.0/s, objs=0.0/s, last_udp=9.45s, meas=1, tracks=1, valid=0, master=2452
[LIVE] udp=0.0/s, objs=0.0/s, last_udp=10.45s, meas=1, tracks=1, valid=0, master=2452
[GPS] GGA fix_quality=1, num_sats=24, hdop=0.7, lat=30.408127205333333, lon=104.08863299466667
[LIVE] udp=0.0/s, objs=0.0/s, last_udp=11.45s, meas=1, tracks=1, valid=0, master=2452
[LIVE] udp=0.0/s, objs=0.0/s, last_udp=12.46s, meas=1, tracks=1, valid=0, master=2452
[LIVE] udp=1.0/s, objs=1.0/s, last_udp=0.63s, meas=1, tracks=1, valid=0, master=2452
[LIVE] udp=0.0/s, objs=0.0/s, last_udp=1.63s, meas=1, tracks=1, valid=0, master=2452
[LIVE] udp=1.0/s, objs=2.0/s, last_udp=0.88s, meas=2, tracks=2, valid=0, master=2452
[LIVE] udp=0.0/s, objs=0.0/s, last_udp=1.88s, meas=2, tracks=2, valid=0, master=2452
[LIVE] udp=0.0/s, objs=0.0/s, last_udp=2.88s, meas=2, tracks=2, valid=0, master=2452
[LIVE] udp=2.0/s, objs=3.0/s, last_udp=0.53s, meas=2, tracks=2, valid=1, master=2457
[LIVE] udp=0.0/s, objs=0.0/s, last_udp=1.53s, meas=2, tracks=2, valid=1, master=2457
[LIVE] udp=2.0/s, objs=2.0/s, last_udp=0.01s, meas=2, tracks=2, valid=1, master=2457
[GPS] GGA fix_quality=1, num_sats=23, hdop=0.7, lat=30.40812794283333, lon=104.08863278733334
[LIVE] udp=0.0/s, objs=0.0/s, last_udp=1.01s, meas=1, tracks=3, valid=0, master=2457
[LIVE] udp=0.0/s, objs=0.0/s, last_udp=2.01s, meas=1, tracks=3, valid=0, master=2457
[LIVE] udp=0.0/s, objs=0.0/s, last_udp=3.02s, meas=1, tracks=3, valid=0, master=2457
[LIVE] udp=0.0/s, objs=0.0/s, last_udp=4.02s, meas=1, tracks=3, valid=0, master=2457
[LIVE] udp=0.0/s, objs=0.0/s, last_udp=5.02s, meas=1, tracks=3, valid=0, master=2457
[LIVE] udp=1.0/s, objs=1.0/s, last_udp=0.86s, meas=1, tracks=3, valid=0, master=2457
[LIVE] udp=0.0/s, objs=0.0/s, last_udp=1.86s, meas=1, tracks=3, valid=0, master=2457
[LIVE] udp=3.0/s, objs=3.0/s, last_udp=0.17s, meas=2, tracks=4, valid=0, master=2457
[LIVE] udp=5.0/s, objs=5.0/s, last_udp=0.17s, meas=2, tracks=3, valid=1, master=2460
[LIVE] udp=5.0/s, objs=5.0/s, last_udp=0.07s, meas=1, tracks=3, valid=1, master=2460
[GPS] GGA fix_quality=1, num_sats=24, hdop=0.7, lat=30.408128736, lon=104.088631223
[LIVE] udp=4.0/s, objs=4.0/s, last_udp=0.11s, meas=1, tracks=3, valid=1, master=2460
[LIVE] udp=4.0/s, objs=4.0/s, last_udp=0.21s, meas=1, tracks=3, valid=1, master=2460
[LIVE] udp=1.0/s, objs=1.0/s, last_udp=0.85s, meas=1, tracks=3, valid=1, master=2460
[LIVE] udp=0.0/s, objs=0.0/s, last_udp=1.85s, meas=1, tracks=3, valid=1, master=2460
[LIVE] udp=5.0/s, objs=5.0/s, last_udp=0.19s, meas=2, tracks=3, valid=1, master=2460
[LIVE] udp=4.0/s, objs=4.0/s, last_udp=0.16s, meas=1, tracks=3, valid=1, master=2460
[LIVE] udp=5.0/s, objs=5.0/s, last_udp=0.13s, meas=1, tracks=3, valid=1, master=2460
[LIVE] udp=4.0/s, objs=4.0/s, last_udp=0.31s, meas=1, tracks=3, valid=1, master=2460
[LIVE] udp=0.0/s, objs=0.0/s, last_udp=1.31s, meas=1, tracks=3, valid=1, master=2460
[LIVE] udp=1.0/s, objs=1.0/s, last_udp=0.36s, meas=1, tracks=2, valid=1, master=2460
[GPS] GGA fix_quality=1, num_sats=23, hdop=0.7, lat=30.40812994, lon=104.08863011583334
[LIVE] udp=5.0/s, objs=5.0/s, last_udp=0.02s, meas=1, tracks=2, valid=1, master=2460
[LIVE] udp=2.0/s, objs=2.0/s, last_udp=0.46s, meas=1, tracks=2, valid=1, master=2460
[LIVE] udp=6.0/s, objs=6.0/s, last_udp=0.00s, meas=1, tracks=2, valid=0, master=2460
[LIVE] udp=4.0/s, objs=5.0/s, last_udp=0.00s, meas=1, tracks=2, valid=1, master=2460
[LIVE] udp=3.0/s, objs=3.0/s, last_udp=0.04s, meas=1, tracks=3, valid=1, master=2460
[LIVE] udp=2.0/s, objs=2.0/s, last_udp=0.56s, meas=0, tracks=3, valid=0, master=2460
[LIVE] udp=1.0/s, objs=1.0/s, last_udp=0.22s, meas=1, tracks=3, valid=0, master=2460
[LIVE] udp=2.0/s, objs=2.0/s, last_udp=0.59s, meas=1, tracks=3, valid=0, master=2460
[LIVE] udp=0.0/s, objs=0.0/s, last_udp=1.60s, meas=1, tracks=3, valid=0, master=2460
[LIVE] udp=0.0/s, objs=0.0/s, last_udp=2.60s, meas=1, tracks=3, valid=0, master=2460
[GPS] GGA fix_quality=1, num_sats=25, hdop=0.7, lat=30.408130895833335, lon=104.088629394
[LIVE] udp=0.0/s, objs=0.0/s, last_udp=3.60s, meas=1, tracks=3, valid=0, master=2460
[LIVE] udp=0.0/s, objs=0.0/s, last_udp=4.60s, meas=1, tracks=3, valid=0, master=2460
[LIVE] udp=0.0/s, objs=0.0/s, last_udp=5.60s, meas=1, tracks=3, valid=0, master=2460
[LIVE] udp=0.0/s, objs=0.0/s, last_udp=6.61s, meas=1, tracks=3, valid=0, master=2460
[LIVE] udp=0.0/s, objs=0.0/s, last_udp=7.61s, meas=1, tracks=3, valid=0, master=2460
[LIVE] udp=0.0/s, objs=0.0/s, last_udp=8.61s, meas=1, tracks=3, valid=0, master=2460
[LIVE] udp=0.0/s, objs=0.0/s, last_udp=9.61s, meas=1, tracks=3, valid=0, master=2460
[LIVE] udp=0.0/s, objs=0.0/s, last_udp=10.61s, meas=1, tracks=3, valid=0, master=2460
[LIVE] udp=0.0/s, objs=0.0/s, last_udp=11.61s, meas=1, tracks=3, valid=0, master=2460
[LIVE] udp=1.0/s, objs=1.0/s, last_udp=0.78s, meas=1, tracks=1, valid=0, master=2460
[GPS] GGA fix_quality=1, num_sats=24, hdop=0.7, lat=30.408132259833334, lon=104.08862157883334
[LIVE] udp=0.0/s, objs=0.0/s, last_udp=1.78s, meas=1, tracks=1, valid=0, master=2460
[LIVE] udp=1.0/s, objs=1.0/s, last_udp=0.70s, meas=1, tracks=2, valid=0, master=2460
[LIVE] udp=0.0/s, objs=0.0/s, last_udp=1.70s, meas=1, tracks=2, valid=0, master=2460
[LIVE] udp=2.0/s, objs=2.0/s, last_udp=0.23s, meas=1, tracks=2, valid=0, master=2460
[LIVE] udp=0.0/s, objs=0.0/s, last_udp=1.23s, meas=1, tracks=2, valid=0, master=2460
[LIVE] udp=0.0/s, objs=0.0/s, last_udp=2.24s, meas=1, tracks=2, valid=0, master=2460
[LIVE] udp=0.0/s, objs=0.0/s, last_udp=3.24s, meas=1, tracks=2, valid=0, master=2460
[LIVE] udp=0.0/s, objs=0.0/s, last_udp=4.24s, meas=1, tracks=2, valid=0, master=2460
[LIVE] udp=0.0/s, objs=0.0/s, last_udp=5.25s, meas=1, tracks=2, valid=0, master=2460
[LIVE] udp=1.0/s, objs=2.0/s, last_udp=0.14s, meas=1, tracks=2, valid=0, master=2460
[GPS] GGA fix_quality=1, num_sats=24, hdop=0.7, lat=30.408124945, lon=104.08862460366667
[LIVE] udp=0.0/s, objs=0.0/s, last_udp=1.14s, meas=2, tracks=2, valid=1, master=2462
[LIVE] udp=0.0/s, objs=0.0/s, last_udp=2.14s, meas=2, tracks=2, valid=1, master=2462
[LIVE] udp=3.0/s, objs=3.0/s, last_udp=0.11s, meas=1, tracks=3, valid=0, master=2462
[LIVE] udp=5.0/s, objs=5.0/s, last_udp=0.39s, meas=1, tracks=3, valid=1, master=2464
[LIVE] udp=0.0/s, objs=0.0/s, last_udp=1.40s, meas=1, tracks=3, valid=1, master=2464
[LIVE] udp=0.0/s, objs=0.0/s, last_udp=2.40s, meas=1, tracks=3, valid=1, master=2464
[LIVE] udp=1.0/s, objs=1.0/s, last_udp=0.75s, meas=1, tracks=3, valid=0, master=2464
[LIVE] udp=0.0/s, objs=0.0/s, last_udp=1.76s, meas=1, tracks=3, valid=0, master=2464
[LIVE] udp=0.0/s, objs=0.0/s, last_udp=2.76s, meas=1, tracks=3, valid=0, master=2464
[LIVE] udp=0.0/s, objs=0.0/s, last_udp=3.76s, meas=1, tracks=3, valid=0, master=2464
[GPS] GGA fix_quality=1, num_sats=24, hdop=0.7, lat=30.408119733833335, lon=104.08862760933333
[LIVE] udp=0.0/s, objs=0.0/s, last_udp=4.76s, meas=1, tracks=3, valid=0, master=2464
[LIVE] udp=0.0/s, objs=0.0/s, last_udp=5.77s, meas=1, tracks=3, valid=0, master=2464
[LIVE] udp=0.0/s, objs=0.0/s, last_udp=6.77s, meas=1, tracks=3, valid=0, master=2464
[LIVE] udp=0.0/s, objs=0.0/s, last_udp=7.77s, meas=1, tracks=3, valid=0, master=2464
[LIVE] udp=0.0/s, objs=0.0/s, last_udp=8.78s, meas=1, tracks=3, valid=0, master=2464
[LIVE] udp=3.0/s, objs=3.0/s, last_udp=0.08s, meas=2, tracks=2, valid=0, master=2464
[LIVE] udp=4.0/s, objs=5.0/s, last_udp=0.35s, meas=1, tracks=3, valid=1, master=2466
[LIVE] udp=0.0/s, objs=0.0/s, last_udp=1.36s, meas=1, tracks=3, valid=1, master=2466
[LIVE] udp=0.0/s, objs=0.0/s, last_udp=2.36s, meas=1, tracks=3, valid=1, master=2466
[LIVE] udp=0.0/s, objs=0.0/s, last_udp=3.36s, meas=1, tracks=3, valid=1, master=2466
[GPS] GGA fix_quality=1, num_sats=24, hdop=0.7, lat=30.408116564833332, lon=104.0886300315
[LIVE] udp=0.0/s, objs=0.0/s, last_udp=4.36s, meas=1, tracks=3, valid=1, master=2466
[LIVE] udp=1.0/s, objs=1.0/s, last_udp=0.17s, meas=1, tracks=3, valid=1, master=2466
[LIVE] udp=0.0/s, objs=0.0/s, last_udp=1.17s, meas=1, tracks=3, valid=0, master=2466
[LIVE] udp=0.0/s, objs=0.0/s, last_udp=2.17s, meas=1, tracks=3, valid=0, master=2466
[LIVE] udp=0.0/s, objs=0.0/s, last_udp=3.17s, meas=1, tracks=3, valid=0, master=2466
[LIVE] udp=2.0/s, objs=2.0/s, last_udp=0.62s, meas=1, tracks=3, valid=0, master=2466
[LIVE] udp=0.0/s, objs=0.0/s, last_udp=1.62s, meas=1, tracks=3, valid=0, master=2466
[LIVE] udp=0.0/s, objs=0.0/s, last_udp=2.62s, meas=1, tracks=3, valid=0, master=2466
[LIVE] udp=0.0/s, objs=0.0/s, last_udp=3.63s, meas=1, tracks=3, valid=0, master=2466
[LIVE] udp=0.0/s, objs=0.0/s, last_udp=4.63s, meas=1, tracks=3, valid=0, master=2466
[GPS] GGA fix_quality=1, num_sats=23, hdop=0.7, lat=30.408117764666667, lon=104.08863170983334
[LIVE] udp=0.0/s, objs=0.0/s, last_udp=5.63s, meas=1, tracks=3, valid=0, master=2466
[LIVE] udp=1.0/s, objs=1.0/s, last_udp=0.05s, meas=1, tracks=3, valid=0, master=2466
[Warning] 逻辑ID 1 没有配置偏差数据
[LIVE] udp=0.0/s, objs=0.0/s, last_udp=1.06s, meas=0, tracks=2, valid=0, master=2466
[LIVE] udp=0.0/s, objs=0.0/s, last_udp=2.06s, meas=0, tracks=2, valid=0, master=2466
[LIVE] udp=0.0/s, objs=0.0/s, last_udp=3.06s, meas=0, tracks=2, valid=0, master=2466
[LIVE] udp=0.0/s, objs=0.0/s, last_udp=4.06s, meas=0, tracks=2, valid=0, master=2466
[LIVE] udp=0.0/s, objs=0.0/s, last_udp=5.06s, meas=0, tracks=2, valid=0, master=2466
[LIVE] udp=2.0/s, objs=2.0/s, last_udp=0.54s, meas=1, tracks=1, valid=0, master=2466
[LIVE] udp=4.0/s, objs=6.0/s, last_udp=0.04s, meas=1, tracks=3, valid=0, master=2466
[LIVE] udp=2.0/s, objs=3.0/s, last_udp=0.20s, meas=2, tracks=3, valid=1, master=2469
[GPS] GGA fix_quality=1, num_sats=23, hdop=0.7, lat=30.408121093833334, lon=104.08863151466667
[LIVE] udp=0.0/s, objs=0.0/s, last_udp=1.20s, meas=2, tracks=3, valid=1, master=2469
[LIVE] udp=0.0/s, objs=0.0/s, last_udp=2.21s, meas=2, tracks=3, valid=1, master=2469
[LIVE] udp=0.0/s, objs=0.0/s, last_udp=3.21s, meas=2, tracks=3, valid=1, master=2469
[LIVE] udp=1.0/s, objs=1.0/s, last_udp=0.28s, meas=1, tracks=3, valid=0, master=2469
[LIVE] udp=4.0/s, objs=6.0/s, last_udp=0.20s, meas=2, tracks=3, valid=2, master=2468
[LIVE] udp=0.0/s, objs=0.0/s, last_udp=1.20s, meas=2, tracks=3, valid=2, master=2468
[LIVE] udp=0.0/s, objs=0.0/s, last_udp=2.20s, meas=2, tracks=3, valid=2, master=2468
[LIVE] udp=0.0/s, objs=0.0/s, last_udp=3.20s, meas=2, tracks=3, valid=2, master=2468
[LIVE] udp=0.0/s, objs=0.0/s, last_udp=4.21s, meas=2, tracks=3, valid=2, master=2468
[LIVE] udp=0.0/s, objs=0.0/s, last_udp=5.21s, meas=2, tracks=3, valid=2, master=2468
[GPS] GGA fix_quality=1, num_sats=24, hdop=0.7, lat=30.408124151, lon=104.088633227
[LIVE] udp=0.0/s, objs=0.0/s, last_udp=6.21s, meas=2, tracks=3, valid=2, master=2468
[LIVE] udp=0.0/s, objs=0.0/s, last_udp=7.21s, meas=2, tracks=3, valid=2, master=2468
[LIVE] udp=0.0/s, objs=0.0/s, last_udp=8.21s, meas=2, tracks=3, valid=2, master=2468
[LIVE] udp=1.0/s, objs=2.0/s, last_udp=0.11s, meas=2, tracks=3, valid=2, master=2468
[LIVE] udp=3.0/s, objs=4.0/s, last_udp=0.21s, meas=1, tracks=2, valid=1, master=2468
[LIVE] udp=0.0/s, objs=0.0/s, last_udp=1.21s, meas=1, tracks=2, valid=1, master=2468
[LIVE] udp=0.0/s, objs=0.0/s, last_udp=2.21s, meas=1, tracks=2, valid=1, master=2468
[LIVE] udp=0.0/s, objs=0.0/s, last_udp=3.21s, meas=1, tracks=2, valid=1, master=2468
[LIVE] udp=0.0/s, objs=0.0/s, last_udp=4.22s, meas=1, tracks=2, valid=1, master=2468
[LIVE] udp=0.0/s, objs=0.0/s, last_udp=5.22s, meas=1, tracks=2, valid=1, master=2468
[GPS] GGA fix_quality=1, num_sats=24, hdop=0.7, lat=30.408125739666666, lon=104.088634365
[LIVE] udp=0.0/s, objs=0.0/s, last_udp=6.22s, meas=1, tracks=2, valid=1, master=2468
[LIVE] udp=1.0/s, objs=2.0/s, last_udp=0.34s, meas=2, tracks=2, valid=2, master=2468
[LIVE] udp=5.0/s, objs=8.0/s, last_udp=0.08s, meas=2, tracks=2, valid=2, master=2468
[LIVE] udp=0.0/s, objs=0.0/s, last_udp=1.08s, meas=1, tracks=2, valid=1, master=2468
[LIVE] udp=0.0/s, objs=0.0/s, last_udp=2.09s, meas=1, tracks=2, valid=1, master=2468
[LIVE] udp=2.0/s, objs=3.0/s, last_udp=0.03s, meas=1, tracks=3, valid=0, master=2468
[LIVE] udp=2.0/s, objs=2.0/s, last_udp=0.20s, meas=1, tracks=4, valid=0, master=2468
[LIVE] udp=0.0/s, objs=0.0/s, last_udp=1.21s, meas=1, tracks=4, valid=0, master=2468
[LIVE] udp=0.0/s, objs=0.0/s, last_udp=2.21s, meas=1, tracks=4, valid=0, master=2468
[LIVE] udp=0.0/s, objs=0.0/s, last_udp=3.21s, meas=1, tracks=4, valid=0, master=2468
[GPS] GGA fix_quality=1, num_sats=23, hdop=0.8, lat=30.4081259655, lon=104.08863472533334
[LIVE] udp=0.0/s, objs=0.0/s, last_udp=4.21s, meas=1, tracks=4, valid=0, master=2468
[LIVE] udp=0.0/s, objs=0.0/s, last_udp=5.21s, meas=1, tracks=4, valid=0, master=2468
[LIVE] udp=0.0/s, objs=0.0/s, last_udp=6.22s, meas=1, tracks=4, valid=0, master=2468
[LIVE] udp=0.0/s, objs=0.0/s, last_udp=7.22s, meas=1, tracks=4, valid=0, master=2468
[LIVE] udp=0.0/s, objs=0.0/s, last_udp=8.22s, meas=1, tracks=4, valid=0, master=2468
[LIVE] udp=0.0/s, objs=0.0/s, last_udp=9.22s, meas=1, tracks=4, valid=0, master=2468
[LIVE] udp=0.0/s, objs=0.0/s, last_udp=10.23s, meas=1, tracks=4, valid=0, master=2468
[LIVE] udp=0.0/s, objs=0.0/s, last_udp=11.23s, meas=1, tracks=4, valid=0, master=2468
[LIVE] udp=0.0/s, objs=0.0/s, last_udp=12.23s, meas=1, tracks=4, valid=0, master=2468
[LIVE] udp=0.0/s, objs=0.0/s, last_udp=13.23s, meas=1, tracks=4, valid=0, master=2468
[GPS] GGA fix_quality=1, num_sats=24, hdop=0.7, lat=30.408125846333334, lon=104.0886357065
[LIVE] udp=0.0/s, objs=0.0/s, last_udp=14.23s, meas=1, tracks=4, valid=0, master=2468
[LIVE] udp=0.0/s, objs=0.0/s, last_udp=15.24s, meas=1, tracks=4, valid=0, master=2468
[LIVE] udp=0.0/s, objs=0.0/s, last_udp=16.24s, meas=1, tracks=4, valid=0, master=2468
[LIVE] udp=0.0/s, objs=0.0/s, last_udp=17.24s, meas=1, tracks=4, valid=0, master=2468
[LIVE] udp=0.0/s, objs=0.0/s, last_udp=18.25s, meas=1, tracks=4, valid=0, master=2468
[LIVE] udp=0.0/s, objs=0.0/s, last_udp=19.25s, meas=1, tracks=4, valid=0, master=2468
[LIVE] udp=0.0/s, objs=0.0/s, last_udp=20.25s, meas=1, tracks=4, valid=0, master=2468
[LIVE] udp=0.0/s, objs=0.0/s, last_udp=21.25s, meas=1, tracks=4, valid=0, master=2468
[LIVE] udp=0.0/s, objs=0.0/s, last_udp=22.25s, meas=1, tracks=4, valid=0, master=2468
[LIVE] udp=0.0/s, objs=0.0/s, last_udp=23.26s, meas=1, tracks=4, valid=0, master=2468
[GPS] GGA fix_quality=1, num_sats=24, hdop=0.7, lat=30.408125627666667, lon=104.088636056
[LIVE] udp=0.0/s, objs=0.0/s, last_udp=24.26s, meas=1, tracks=4, valid=0, master=2468
[LIVE] udp=0.0/s, objs=0.0/s, last_udp=25.27s, meas=1, tracks=4, valid=0, master=2468
[LIVE] udp=0.0/s, objs=0.0/s, last_udp=26.27s, meas=1, tracks=4, valid=0, master=2468
[LIVE] udp=0.0/s, objs=0.0/s, last_udp=27.27s, meas=1, tracks=4, valid=0, master=2468
[LIVE] udp=0.0/s, objs=0.0/s, last_udp=28.27s, meas=1, tracks=4, valid=0, master=2468
[LIVE] udp=0.0/s, objs=0.0/s, last_udp=29.27s, meas=1, tracks=4, valid=0, master=2468
[LIVE] udp=0.0/s, objs=0.0/s, last_udp=30.28s, meas=1, tracks=4, valid=0, master=2468
[LIVE] udp=0.0/s, objs=0.0/s, last_udp=31.28s, meas=1, tracks=4, valid=0, master=2468
[LIVE] udp=0.0/s, objs=0.0/s, last_udp=32.29s, meas=1, tracks=4, valid=0, master=2468
[LIVE] udp=0.0/s, objs=0.0/s, last_udp=33.29s, meas=1, tracks=4, valid=0, master=2468
[GPS] GGA fix_quality=1, num_sats=24, hdop=0.7, lat=30.408125158166666, lon=104.08863526383334
[LIVE] udp=0.0/s, objs=0.0/s, last_udp=34.29s, meas=1, tracks=4, valid=0, master=2468
[LIVE] udp=0.0/s, objs=0.0/s, last_udp=35.29s, meas=1, tracks=4, valid=0, master=2468
[LIVE] udp=0.0/s, objs=0.0/s, last_udp=36.30s, meas=1, tracks=4, valid=0, master=2468
[LIVE] udp=0.0/s, objs=0.0/s, last_udp=37.30s, meas=1, tracks=4, valid=0, master=2468
[LIVE] udp=0.0/s, objs=0.0/s, last_udp=38.30s, meas=1, tracks=4, valid=0, master=2468
[LIVE] udp=0.0/s, objs=0.0/s, last_udp=39.31s, meas=1, tracks=4, valid=0, master=2468
[LIVE] udp=0.0/s, objs=0.0/s, last_udp=40.31s, meas=1, tracks=4, valid=0, master=2468
[LIVE] udp=0.0/s, objs=0.0/s, last_udp=41.31s, meas=1, tracks=4, valid=0, master=2468
[LIVE] udp=1.0/s, objs=1.0/s, last_udp=0.19s, meas=1, tracks=4, valid=0, master=2468
[LIVE] udp=0.0/s, objs=0.0/s, last_udp=1.19s, meas=1, tracks=1, valid=0, master=2468
[GPS] GGA fix_quality=1, num_sats=24, hdop=0.7, lat=30.408125327166665, lon=104.08863434683333
[LIVE] udp=0.0/s, objs=0.0/s, last_udp=2.19s, meas=1, tracks=1, valid=0, master=2468
[LIVE] udp=0.0/s, objs=0.0/s, last_udp=3.20s, meas=1, tracks=1, valid=0, master=2468
[Warning] 逻辑ID 1 没有配置偏差数据
[LIVE] udp=1.0/s, objs=1.0/s, last_udp=0.59s, meas=0, tracks=1, valid=0, master=2468
[Warning] 逻辑ID 1 没有配置偏差数据
[LIVE] udp=1.0/s, objs=1.0/s, last_udp=0.82s, meas=0, tracks=1, valid=0, master=2468
[LIVE] udp=0.0/s, objs=0.0/s, last_udp=1.83s, meas=0, tracks=1, valid=0, master=2468
[LIVE] udp=0.0/s, objs=0.0/s, last_udp=2.83s, meas=0, tracks=1, valid=0, master=2468
[LIVE] udp=2.0/s, objs=2.0/s, last_udp=0.24s, meas=0, tracks=1, valid=0, master=2468
[LIVE] udp=0.0/s, objs=0.0/s, last_udp=1.24s, meas=0, tracks=1, valid=0, master=2468
[LIVE] udp=0.0/s, objs=0.0/s, last_udp=2.25s, meas=0, tracks=1, valid=0, master=2468
[LIVE] udp=0.0/s, objs=0.0/s, last_udp=3.25s, meas=0, tracks=1, valid=0, master=2468
[GPS] GGA fix_quality=1, num_sats=24, hdop=0.7, lat=30.4081258755, lon=104.08863392516666
[LIVE] udp=0.0/s, objs=0.0/s, last_udp=4.25s, meas=0, tracks=1, valid=0, master=2468
[LIVE] udp=0.0/s, objs=0.0/s, last_udp=5.25s, meas=0, tracks=1, valid=0, master=2468
[LIVE] udp=1.0/s, objs=1.0/s, last_udp=0.66s, meas=1, tracks=1, valid=0, master=2468
[LIVE] udp=0.0/s, objs=0.0/s, last_udp=1.66s, meas=1, tracks=1, valid=0, master=2468
[LIVE] udp=0.0/s, objs=0.0/s, last_udp=2.66s, meas=1, tracks=1, valid=0, master=2468
[LIVE] udp=0.0/s, objs=0.0/s, last_udp=3.67s, meas=1, tracks=1, valid=0, master=2468
[LIVE] udp=0.0/s, objs=0.0/s, last_udp=4.67s, meas=1, tracks=1, valid=0, master=2468
[LIVE] udp=0.0/s, objs=0.0/s, last_udp=5.67s, meas=1, tracks=1, valid=0, master=2468
[LIVE] udp=0.0/s, objs=0.0/s, last_udp=6.67s, meas=1, tracks=1, valid=0, master=2468
[LIVE] udp=0.0/s, objs=0.0/s, last_udp=7.67s, meas=1, tracks=1, valid=0, master=2468
[GPS] GGA fix_quality=1, num_sats=24, hdop=0.7, lat=30.408127329166668, lon=104.0886383685
[LIVE] udp=0.0/s, objs=0.0/s, last_udp=8.68s, meas=1, tracks=1, valid=0, master=2468
[LIVE] udp=2.0/s, objs=2.0/s, last_udp=0.19s, meas=1, tracks=1, valid=0, master=2468
[LIVE] udp=4.0/s, objs=4.0/s, last_udp=0.19s, meas=1, tracks=1, valid=1, master=2473
[LIVE] udp=1.0/s, objs=1.0/s, last_udp=0.86s, meas=1, tracks=1, valid=1, master=2473
[LIVE] udp=0.0/s, objs=0.0/s, last_udp=1.86s, meas=1, tracks=1, valid=1, master=2473
[LIVE] udp=0.0/s, objs=0.0/s, last_udp=2.86s, meas=1, tracks=1, valid=1, master=2473
[LIVE] udp=0.0/s, objs=0.0/s, last_udp=3.87s, meas=1, tracks=1, valid=1, master=2473
[LIVE] udp=0.0/s, objs=0.0/s, last_udp=4.87s, meas=1, tracks=1, valid=1, master=2473
[LIVE] udp=0.0/s, objs=0.0/s, last_udp=5.87s, meas=1, tracks=1, valid=1, master=2473
[LIVE] udp=0.0/s, objs=0.0/s, last_udp=6.87s, meas=1, tracks=1, valid=1, master=2473
[GPS] GGA fix_quality=1, num_sats=23, hdop=0.8, lat=30.408128884666667, lon=104.08864016066667
[LIVE] udp=0.0/s, objs=0.0/s, last_udp=7.88s, meas=1, tracks=1, valid=1, master=2473
[LIVE] udp=0.0/s, objs=0.0/s, last_udp=8.88s, meas=1, tracks=1, valid=1, master=2473
[LIVE] udp=0.0/s, objs=0.0/s, last_udp=9.88s, meas=1, tracks=1, valid=1, master=2473
[LIVE] udp=0.0/s, objs=0.0/s, last_udp=10.88s, meas=1, tracks=1, valid=1, master=2473
[LIVE] udp=0.0/s, objs=0.0/s, last_udp=11.89s, meas=1, tracks=1, valid=1, master=2473
[LIVE] udp=0.0/s, objs=0.0/s, last_udp=12.89s, meas=1, tracks=1, valid=1, master=2473
[LIVE] udp=0.0/s, objs=0.0/s, last_udp=13.89s, meas=1, tracks=1, valid=1, master=2473
[LIVE] udp=0.0/s, objs=0.0/s, last_udp=14.89s, meas=1, tracks=1, valid=1, master=2473
[LIVE] udp=3.0/s, objs=9.0/s, last_udp=0.21s, meas=3, tracks=3, valid=3, master=2474
[LIVE] udp=2.0/s, objs=4.0/s, last_udp=0.60s, meas=2, tracks=3, valid=2, master=2474
[GPS] GGA fix_quality=1, num_sats=23, hdop=0.8, lat=30.408127164333333, lon=104.08863844816666
[LIVE] udp=0.0/s, objs=0.0/s, last_udp=1.60s, meas=2, tracks=3, valid=2, master=2474
[LIVE] udp=0.0/s, objs=0.0/s, last_udp=2.60s, meas=2, tracks=3, valid=2, master=2474
[LIVE] udp=0.0/s, objs=0.0/s, last_udp=3.60s, meas=2, tracks=3, valid=2, master=2474
[LIVE] udp=0.0/s, objs=0.0/s, last_udp=4.61s, meas=2, tracks=3, valid=2, master=2474
[LIVE] udp=0.0/s, objs=0.0/s, last_udp=5.61s, meas=2, tracks=3, valid=2, master=2474
[LIVE] udp=0.0/s, objs=0.0/s, last_udp=6.61s, meas=2, tracks=3, valid=2, master=2474
[LIVE] udp=1.0/s, objs=3.0/s, last_udp=0.56s, meas=3, tracks=3, valid=2, master=2474
[LIVE] udp=0.0/s, objs=0.0/s, last_udp=1.56s, meas=3, tracks=3, valid=2, master=2474
[LIVE] udp=0.0/s, objs=0.0/s, last_udp=2.56s, meas=3, tracks=3, valid=2, master=2474
[LIVE] udp=1.0/s, objs=1.0/s, last_udp=1.00s, meas=1, tracks=4, valid=0, master=2474
[GPS] GGA fix_quality=1, num_sats=25, hdop=0.6, lat=30.408126845666665, lon=104.08863833066667
[LIVE] udp=0.0/s, objs=0.0/s, last_udp=2.00s, meas=1, tracks=4, valid=0, master=2474
[LIVE] udp=0.0/s, objs=0.0/s, last_udp=3.00s, meas=1, tracks=4, valid=0, master=2474
[LIVE] udp=0.0/s, objs=0.0/s, last_udp=4.00s, meas=1, tracks=4, valid=0, master=2474
[LIVE] udp=0.0/s, objs=0.0/s, last_udp=5.00s, meas=1, tracks=4, valid=0, master=2474
[LIVE] udp=0.0/s, objs=0.0/s, last_udp=6.01s, meas=1, tracks=4, valid=0, master=2474
[LIVE] udp=0.0/s, objs=0.0/s, last_udp=7.01s, meas=1, tracks=4, valid=0, master=2474
[LIVE] udp=0.0/s, objs=0.0/s, last_udp=8.02s, meas=1, tracks=4, valid=0, master=2474
[LIVE] udp=0.0/s, objs=0.0/s, last_udp=9.02s, meas=1, tracks=4, valid=0, master=2474
[LIVE] udp=0.0/s, objs=0.0/s, last_udp=10.02s, meas=1, tracks=4, valid=0, master=2474
[LIVE] udp=0.0/s, objs=0.0/s, last_udp=11.03s, meas=1, tracks=4, valid=0, master=2474
[GPS] GGA fix_quality=1, num_sats=25, hdop=0.6, lat=30.408128487666666, lon=104.08863687883333
[LIVE] udp=0.0/s, objs=0.0/s, last_udp=12.03s, meas=1, tracks=4, valid=0, master=2474
[LIVE] udp=0.0/s, objs=0.0/s, last_udp=13.04s, meas=1, tracks=4, valid=0, master=2474
[LIVE] udp=0.0/s, objs=0.0/s, last_udp=14.04s, meas=1, tracks=4, valid=0, master=2474
[LIVE] udp=0.0/s, objs=0.0/s, last_udp=15.04s, meas=1, tracks=4, valid=0, master=2474
[LIVE] udp=0.0/s, objs=0.0/s, last_udp=16.04s, meas=1, tracks=4, valid=0, master=2474
[LIVE] udp=0.0/s, objs=0.0/s, last_udp=17.05s, meas=1, tracks=4, valid=0, master=2474
[LIVE] udp=0.0/s, objs=0.0/s, last_udp=18.05s, meas=1, tracks=4, valid=0, master=2474
[LIVE] udp=0.0/s, objs=0.0/s, last_udp=19.05s, meas=1, tracks=4, valid=0, master=2474
[LIVE] udp=0.0/s, objs=0.0/s, last_udp=20.05s, meas=1, tracks=4, valid=0, master=2474
[LIVE] udp=0.0/s, objs=0.0/s, last_udp=21.06s, meas=1, tracks=4, valid=0, master=2474
[GPS] GGA fix_quality=1, num_sats=25, hdop=0.6, lat=30.408132806666668, lon=104.08862983283333
[LIVE] udp=0.0/s, objs=0.0/s, last_udp=22.06s, meas=1, tracks=4, valid=0, master=2474
[LIVE] udp=0.0/s, objs=0.0/s, last_udp=23.06s, meas=1, tracks=4, valid=0, master=2474
[LIVE] udp=0.0/s, objs=0.0/s, last_udp=24.06s, meas=1, tracks=4, valid=0, master=2474
[LIVE] udp=0.0/s, objs=0.0/s, last_udp=25.07s, meas=1, tracks=4, valid=0, master=2474
[LIVE] udp=0.0/s, objs=0.0/s, last_udp=26.07s, meas=1, tracks=4, valid=0, master=2474
[LIVE] udp=0.0/s, objs=0.0/s, last_udp=27.07s, meas=1, tracks=4, valid=0, master=2474
[LIVE] udp=0.0/s, objs=0.0/s, last_udp=28.07s, meas=1, tracks=4, valid=0, master=2474
[LIVE] udp=0.0/s, objs=0.0/s, last_udp=29.08s, meas=1, tracks=4, valid=0, master=2474
[LIVE] udp=0.0/s, objs=0.0/s, last_udp=30.08s, meas=1, tracks=4, valid=0, master=2474
[LIVE] udp=0.0/s, objs=0.0/s, last_udp=31.08s, meas=1, tracks=4, valid=0, master=2474
[GPS] GGA fix_quality=1, num_sats=24, hdop=0.6, lat=30.408139369166665, lon=104.08862795016667
[LIVE] udp=0.0/s, objs=0.0/s, last_udp=32.09s, meas=1, tracks=4, valid=0, master=2474
[LIVE] udp=0.0/s, objs=0.0/s, last_udp=33.09s, meas=1, tracks=4, valid=0, master=2474
[LIVE] udp=0.0/s, objs=0.0/s, last_udp=34.09s, meas=1, tracks=4, valid=0, master=2474
[LIVE] udp=0.0/s, objs=0.0/s, last_udp=35.09s, meas=1, tracks=4, valid=0, master=2474
[LIVE] udp=0.0/s, objs=0.0/s, last_udp=36.10s, meas=1, tracks=4, valid=0, master=2474
[LIVE] udp=0.0/s, objs=0.0/s, last_udp=37.10s, meas=1, tracks=4, valid=0, master=2474
[LIVE] udp=0.0/s, objs=0.0/s, last_udp=38.10s, meas=1, tracks=4, valid=0, master=2474
[LIVE] udp=0.0/s, objs=0.0/s, last_udp=39.10s, meas=1, tracks=4, valid=0, master=2474
[LIVE] udp=0.0/s, objs=0.0/s, last_udp=40.11s, meas=1, tracks=4, valid=0, master=2474
[LIVE] udp=0.0/s, objs=0.0/s, last_udp=41.11s, meas=1, tracks=4, valid=0, master=2474
[GPS] GGA fix_quality=1, num_sats=24, hdop=0.7, lat=30.4081409085, lon=104.0886261505
[LIVE] udp=0.0/s, objs=0.0/s, last_udp=42.11s, meas=1, tracks=4, valid=0, master=2474
[LIVE] udp=0.0/s, objs=0.0/s, last_udp=43.11s, meas=1, tracks=4, valid=0, master=2474
[LIVE] udp=0.0/s, objs=0.0/s, last_udp=44.11s, meas=1, tracks=4, valid=0, master=2474
[LIVE] udp=1.0/s, objs=1.0/s, last_udp=0.19s, meas=1, tracks=4, valid=0, master=2474
[LIVE] udp=0.0/s, objs=0.0/s, last_udp=1.19s, meas=1, tracks=1, valid=0, master=2474
[LIVE] udp=0.0/s, objs=0.0/s, last_udp=2.20s, meas=1, tracks=1, valid=0, master=2474
[LIVE] udp=0.0/s, objs=0.0/s, last_udp=3.20s, meas=1, tracks=1, valid=0, master=2474
[LIVE] udp=0.0/s, objs=0.0/s, last_udp=4.20s, meas=1, tracks=1, valid=0, master=2474
[LIVE] udp=0.0/s, objs=0.0/s, last_udp=5.21s, meas=1, tracks=1, valid=0, master=2474
[LIVE] udp=0.0/s, objs=0.0/s, last_udp=6.21s, meas=1, tracks=1, valid=0, master=2474
[GPS] GGA fix_quality=1, num_sats=24, hdop=0.7, lat=30.408136677, lon=104.08863069833333
[LIVE] udp=0.0/s, objs=0.0/s, last_udp=7.21s, meas=1, tracks=1, valid=0, master=2474
[LIVE] udp=0.0/s, objs=0.0/s, last_udp=8.22s, meas=1, tracks=1, valid=0, master=2474
[LIVE] udp=0.0/s, objs=0.0/s, last_udp=9.22s, meas=1, tracks=1, valid=0, master=2474
[LIVE] udp=0.0/s, objs=0.0/s, last_udp=10.22s, meas=1, tracks=1, valid=0, master=2474
[LIVE] udp=0.0/s, objs=0.0/s, last_udp=11.23s, meas=1, tracks=1, valid=0, master=2474
[LIVE] udp=0.0/s, objs=0.0/s, last_udp=12.23s, meas=1, tracks=1, valid=0, master=2474
[LIVE] udp=0.0/s, objs=0.0/s, last_udp=13.23s, meas=1, tracks=1, valid=0, master=2474
[LIVE] udp=0.0/s, objs=0.0/s, last_udp=14.24s, meas=1, tracks=1, valid=0, master=2474
[LIVE] udp=0.0/s, objs=0.0/s, last_udp=15.24s, meas=1, tracks=1, valid=0, master=2474
[LIVE] udp=0.0/s, objs=0.0/s, last_udp=16.24s, meas=1, tracks=1, valid=0, master=2474
[GPS] GGA fix_quality=1, num_sats=23, hdop=0.8, lat=30.40813195466667, lon=104.08863293383334
[LIVE] udp=0.0/s, objs=0.0/s, last_udp=17.24s, meas=1, tracks=1, valid=0, master=2474
[LIVE] udp=0.0/s, objs=0.0/s, last_udp=18.24s, meas=1, tracks=1, valid=0, master=2474
[LIVE] udp=0.0/s, objs=0.0/s, last_udp=19.25s, meas=1, tracks=1, valid=0, master=2474
[LIVE] udp=0.0/s, objs=0.0/s, last_udp=20.25s, meas=1, tracks=1, valid=0, master=2474
[LIVE] udp=0.0/s, objs=0.0/s, last_udp=21.25s, meas=1, tracks=1, valid=0, master=2474
[LIVE] udp=0.0/s, objs=0.0/s, last_udp=22.25s, meas=1, tracks=1, valid=0, master=2474
[LIVE] udp=0.0/s, objs=0.0/s, last_udp=23.25s, meas=1, tracks=1, valid=0, master=2474
[LIVE] udp=0.0/s, objs=0.0/s, last_udp=24.26s, meas=1, tracks=1, valid=0, master=2474
[LIVE] udp=0.0/s, objs=0.0/s, last_udp=25.26s, meas=1, tracks=1, valid=0, master=2474
[LIVE] udp=0.0/s, objs=0.0/s, last_udp=26.26s, meas=1, tracks=1, valid=0, master=2474
[GPS] GGA fix_quality=1, num_sats=23, hdop=0.8, lat=30.408132055333333, lon=104.0886322235
[LIVE] udp=0.0/s, objs=0.0/s, last_udp=27.26s, meas=1, tracks=1, valid=0, master=2474
[LIVE] udp=0.0/s, objs=0.0/s, last_udp=28.26s, meas=1, tracks=1, valid=0, master=2474
[LIVE] udp=0.0/s, objs=0.0/s, last_udp=29.27s, meas=1, tracks=1, valid=0, master=2474
[LIVE] udp=1.0/s, objs=1.0/s, last_udp=0.15s, meas=1, tracks=1, valid=0, master=2474
[LIVE] udp=2.0/s, objs=2.0/s, last_udp=0.62s, meas=1, tracks=1, valid=1, master=2479
[LIVE] udp=0.0/s, objs=0.0/s, last_udp=1.62s, meas=1, tracks=1, valid=1, master=2479
[LIVE] udp=0.0/s, objs=0.0/s, last_udp=2.63s, meas=1, tracks=1, valid=1, master=2479
[LIVE] udp=0.0/s, objs=0.0/s, last_udp=3.63s, meas=1, tracks=1, valid=1, master=2479
[LIVE] udp=0.0/s, objs=0.0/s, last_udp=4.64s, meas=1, tracks=1, valid=1, master=2479
[LIVE] udp=0.0/s, objs=0.0/s, last_udp=5.64s, meas=1, tracks=1, valid=1, master=2479
[GPS] GGA fix_quality=1, num_sats=24, hdop=0.6, lat=30.408129511166667, lon=104.0886350555
[LIVE] udp=0.0/s, objs=0.0/s, last_udp=6.64s, meas=1, tracks=1, valid=1, master=2479
[LIVE] udp=0.0/s, objs=0.0/s, last_udp=7.64s, meas=1, tracks=1, valid=1, master=2479
[LIVE] udp=0.0/s, objs=0.0/s, last_udp=8.64s, meas=1, tracks=1, valid=1, master=2479
[LIVE] udp=1.0/s, objs=1.0/s, last_udp=0.29s, meas=1, tracks=1, valid=1, master=2479
[LIVE] udp=0.0/s, objs=0.0/s, last_udp=1.29s, meas=1, tracks=1, valid=1, master=2479
[LIVE] udp=0.0/s, objs=0.0/s, last_udp=2.30s, meas=1, tracks=1, valid=1, master=2479
[LIVE] udp=0.0/s, objs=0.0/s, last_udp=3.30s, meas=1, tracks=1, valid=1, master=2479
[LIVE] udp=0.0/s, objs=0.0/s, last_udp=4.30s, meas=1, tracks=1, valid=1, master=2479
[LIVE] udp=0.0/s, objs=0.0/s, last_udp=5.31s, meas=1, tracks=1, valid=1, master=2479
[LIVE] udp=0.0/s, objs=0.0/s, last_udp=6.31s, meas=1, tracks=1, valid=1, master=2479
[GPS] GGA fix_quality=1, num_sats=25, hdop=0.6, lat=30.408132777166667, lon=104.08863625833334
[Warning] 逻辑ID 1 没有配置偏差数据
[LIVE] udp=1.0/s, objs=1.0/s, last_udp=0.56s, meas=0, tracks=1, valid=0, master=2479
[LIVE] udp=0.0/s, objs=0.0/s, last_udp=1.56s, meas=0, tracks=1, valid=0, master=2479
[LIVE] udp=0.0/s, objs=0.0/s, last_udp=2.57s, meas=0, tracks=1, valid=0, master=2479
[LIVE] udp=0.0/s, objs=0.0/s, last_udp=3.57s, meas=0, tracks=1, valid=0, master=2479
[LIVE] udp=0.0/s, objs=0.0/s, last_udp=4.57s, meas=0, tracks=1, valid=0, master=2479
[LIVE] udp=0.0/s, objs=0.0/s, last_udp=5.57s, meas=0, tracks=1, valid=0, master=2479
[LIVE] udp=0.0/s, objs=0.0/s, last_udp=6.58s, meas=0, tracks=1, valid=0, master=2479
[LIVE] udp=1.0/s, objs=1.0/s, last_udp=0.06s, meas=0, tracks=1, valid=0, master=2479
[LIVE] udp=0.0/s, objs=0.0/s, last_udp=1.06s, meas=0, tracks=0, valid=0, master=2479
[LIVE] udp=0.0/s, objs=0.0/s, last_udp=2.07s, meas=0, tracks=0, valid=0, master=2479
[GPS] GGA fix_quality=1, num_sats=24, hdop=0.6, lat=30.4081388715, lon=104.088636425
[LIVE] udp=0.0/s, objs=0.0/s, last_udp=3.07s, meas=0, tracks=0, valid=0, master=2479
[LIVE] udp=0.0/s, objs=0.0/s, last_udp=4.07s, meas=0, tracks=0, valid=0, master=2479
[LIVE] udp=0.0/s, objs=0.0/s, last_udp=5.08s, meas=0, tracks=0, valid=0, master=2479
[LIVE] udp=0.0/s, objs=0.0/s, last_udp=6.08s, meas=0, tracks=0, valid=0, master=2479
[LIVE] udp=0.0/s, objs=0.0/s, last_udp=7.08s, meas=0, tracks=0, valid=0, master=2479
[LIVE] udp=0.0/s, objs=0.0/s, last_udp=8.08s, meas=0, tracks=0, valid=0, master=2479
[LIVE] udp=0.0/s, objs=0.0/s, last_udp=9.09s, meas=0, tracks=0, valid=0, master=2479
[LIVE] udp=0.0/s, objs=0.0/s, last_udp=10.09s, meas=0, tracks=0, valid=0, master=2479
[LIVE] udp=0.0/s, objs=0.0/s, last_udp=11.10s, meas=0, tracks=0, valid=0, master=2479
[LIVE] udp=0.0/s, objs=0.0/s, last_udp=12.10s, meas=0, tracks=0, valid=0, master=2479
[GPS] GGA fix_quality=1, num_sats=24, hdop=0.6, lat=30.4081386495, lon=104.08863558283333
[LIVE] udp=0.0/s, objs=0.0/s, last_udp=13.10s, meas=0, tracks=0, valid=0, master=2479
[LIVE] udp=0.0/s, objs=0.0/s, last_udp=14.11s, meas=0, tracks=0, valid=0, master=2479
[LIVE] udp=0.0/s, objs=0.0/s, last_udp=15.11s, meas=0, tracks=0, valid=0, master=2479
[LIVE] udp=0.0/s, objs=0.0/s, last_udp=16.11s, meas=0, tracks=0, valid=0, master=2479
[LIVE] udp=0.0/s, objs=0.0/s, last_udp=17.12s, meas=0, tracks=0, valid=0, master=2479
[LIVE] udp=0.0/s, objs=0.0/s, last_udp=18.12s, meas=0, tracks=0, valid=0, master=2479
[LIVE] udp=0.0/s, objs=0.0/s, last_udp=19.12s, meas=0, tracks=0, valid=0, master=2479
[LIVE] udp=0.0/s, objs=0.0/s, last_udp=20.13s, meas=0, tracks=0, valid=0, master=2479
[LIVE] udp=0.0/s, objs=0.0/s, last_udp=21.13s, meas=0, tracks=0, valid=0, master=2479
[LIVE] udp=2.0/s, objs=3.0/s, last_udp=0.27s, meas=1, tracks=2, valid=0, master=2479
[GPS] GGA fix_quality=1, num_sats=24, hdop=0.6, lat=30.408133111333335, lon=104.08862877083334
[LIVE] udp=0.0/s, objs=0.0/s, last_udp=1.27s, meas=1, tracks=2, valid=0, master=2479
[LIVE] udp=0.0/s, objs=0.0/s, last_udp=2.27s, meas=1, tracks=2, valid=0, master=2479
[LIVE] udp=0.0/s, objs=0.0/s, last_udp=3.27s, meas=1, tracks=2, valid=0, master=2479
[LIVE] udp=1.0/s, objs=2.0/s, last_udp=0.23s, meas=2, tracks=2, valid=1, master=2480
[LIVE] udp=2.0/s, objs=2.0/s, last_udp=0.15s, meas=1, tracks=2, valid=1, master=2480
[LIVE] udp=0.0/s, objs=0.0/s, last_udp=1.15s, meas=1, tracks=2, valid=1, master=2480
[LIVE] udp=0.0/s, objs=0.0/s, last_udp=2.16s, meas=1, tracks=2, valid=1, master=2480
[LIVE] udp=0.0/s, objs=0.0/s, last_udp=3.16s, meas=1, tracks=2, valid=1, master=2480
[LIVE] udp=0.0/s, objs=0.0/s, last_udp=4.16s, meas=1, tracks=2, valid=1, master=2480
[LIVE] udp=1.0/s, objs=2.0/s, last_udp=0.20s, meas=2, tracks=2, valid=1, master=2480
[GPS] GGA fix_quality=1, num_sats=24, hdop=0.7, lat=30.4081282595, lon=104.08862447933333
[LIVE] udp=6.0/s, objs=11.0/s, last_udp=0.00s, meas=1, tracks=2, valid=1, master=2480
[LIVE] udp=1.0/s, objs=2.0/s, last_udp=0.84s, meas=2, tracks=2, valid=2, master=2480
[Warning] 逻辑ID 1 没有配置偏差数据
[LIVE] udp=4.0/s, objs=4.0/s, last_udp=0.02s, meas=1, tracks=3, valid=0, master=2480
[Warning] 逻辑ID 1 没有配置偏差数据
[Warning] 逻辑ID 1 没有配置偏差数据
[Warning] 逻辑ID 1 没有配置偏差数据
[Warning] 逻辑ID 1 没有配置偏差数据
[Warning] 逻辑ID 1 没有配置偏差数据
[LIVE] udp=5.0/s, objs=5.0/s, last_udp=0.02s, meas=0, tracks=3, valid=0, master=2480
[Warning] 逻辑ID 1 没有配置偏差数据
[LIVE] udp=0.0/s, objs=0.0/s, last_udp=1.02s, meas=0, tracks=3, valid=0, master=2480
[LIVE] udp=0.0/s, objs=0.0/s, last_udp=2.02s, meas=0, tracks=3, valid=0, master=2480
[LIVE] udp=0.0/s, objs=0.0/s, last_udp=3.03s, meas=0, tracks=3, valid=0, master=2480
[LIVE] udp=0.0/s, objs=0.0/s, last_udp=4.03s, meas=0, tracks=3, valid=0, master=2480
[LIVE] udp=0.0/s, objs=0.0/s, last_udp=5.03s, meas=0, tracks=3, valid=0, master=2480
[LIVE] udp=0.0/s, objs=0.0/s, last_udp=6.03s, meas=0, tracks=3, valid=0, master=2480
[GPS] GGA fix_quality=1, num_sats=23, hdop=0.8, lat=30.408123530833333, lon=104.088622686
[LIVE] udp=1.0/s, objs=1.0/s, last_udp=0.85s, meas=1, tracks=3, valid=1, master=2482
[LIVE] udp=0.0/s, objs=0.0/s, last_udp=1.86s, meas=1, tracks=3, valid=1, master=2482
[LIVE] udp=0.0/s, objs=0.0/s, last_udp=2.86s, meas=1, tracks=3, valid=1, master=2482
[LIVE] udp=0.0/s, objs=0.0/s, last_udp=3.86s, meas=1, tracks=3, valid=1, master=2482
[LIVE] udp=0.0/s, objs=0.0/s, last_udp=4.87s, meas=1, tracks=3, valid=1, master=2482
[LIVE] udp=3.0/s, objs=3.0/s, last_udp=0.32s, meas=1, tracks=1, valid=1, master=2482
[LIVE] udp=0.0/s, objs=0.0/s, last_udp=1.32s, meas=1, tracks=1, valid=1, master=2482
[LIVE] udp=0.0/s, objs=0.0/s, last_udp=2.33s, meas=1, tracks=1, valid=1, master=2482
[LIVE] udp=0.0/s, objs=0.0/s, last_udp=3.33s, meas=1, tracks=1, valid=1, master=2482
[LIVE] udp=0.0/s, objs=0.0/s, last_udp=4.33s, meas=1, tracks=1, valid=1, master=2482
[GPS] GGA fix_quality=1, num_sats=23, hdop=0.8, lat=30.4081211605, lon=104.08861963133333
[LIVE] udp=0.0/s, objs=0.0/s, last_udp=5.33s, meas=1, tracks=1, valid=1, master=2482
[LIVE] udp=0.0/s, objs=0.0/s, last_udp=6.33s, meas=1, tracks=1, valid=1, master=2482
[LIVE] udp=0.0/s, objs=0.0/s, last_udp=7.34s, meas=1, tracks=1, valid=1, master=2482
[LIVE] udp=0.0/s, objs=0.0/s, last_udp=8.34s, meas=1, tracks=1, valid=1, master=2482
[LIVE] udp=0.0/s, objs=0.0/s, last_udp=9.35s, meas=1, tracks=1, valid=1, master=2482
[LIVE] udp=0.0/s, objs=0.0/s, last_udp=10.35s, meas=1, tracks=1, valid=1, master=2482
[LIVE] udp=0.0/s, objs=0.0/s, last_udp=11.35s, meas=1, tracks=1, valid=1, master=2482
[LIVE] udp=1.0/s, objs=1.0/s, last_udp=0.50s, meas=1, tracks=1, valid=0, master=2482
[LIVE] udp=0.0/s, objs=0.0/s, last_udp=1.50s, meas=1, tracks=1, valid=0, master=2482
[LIVE] udp=0.0/s, objs=0.0/s, last_udp=2.51s, meas=1, tracks=1, valid=0, master=2482
[GPS] GGA fix_quality=1, num_sats=24, hdop=0.7, lat=30.408119962333334, lon=104.08862199316667
[LIVE] udp=0.0/s, objs=0.0/s, last_udp=3.51s, meas=1, tracks=1, valid=0, master=2482
[LIVE] udp=0.0/s, objs=0.0/s, last_udp=4.52s, meas=1, tracks=1, valid=0, master=2482
[LIVE] udp=0.0/s, objs=0.0/s, last_udp=5.52s, meas=1, tracks=1, valid=0, master=2482
[LIVE] udp=0.0/s, objs=0.0/s, last_udp=6.52s, meas=1, tracks=1, valid=0, master=2482
[LIVE] udp=1.0/s, objs=1.0/s, last_udp=0.95s, meas=1, tracks=1, valid=0, master=2482
[LIVE] udp=0.0/s, objs=0.0/s, last_udp=1.96s, meas=1, tracks=1, valid=0, master=2482
[LIVE] udp=0.0/s, objs=0.0/s, last_udp=2.96s, meas=1, tracks=1, valid=0, master=2482
[LIVE] udp=0.0/s, objs=0.0/s, last_udp=3.96s, meas=1, tracks=1, valid=0, master=2482
[LIVE] udp=0.0/s, objs=0.0/s, last_udp=4.97s, meas=1, tracks=1, valid=0, master=2482
[LIVE] udp=0.0/s, objs=0.0/s, last_udp=5.97s, meas=1, tracks=1, valid=0, master=2482
[GPS] GGA fix_quality=1, num_sats=24, hdop=0.6, lat=30.408121784, lon=104.08861813233334
[LIVE] udp=0.0/s, objs=0.0/s, last_udp=6.97s, meas=1, tracks=1, valid=0, master=2482
[LIVE] udp=0.0/s, objs=0.0/s, last_udp=7.97s, meas=1, tracks=1, valid=0, master=2482
[LIVE] udp=2.0/s, objs=2.0/s, last_udp=0.62s, meas=1, tracks=1, valid=1, master=2483
[LIVE] udp=0.0/s, objs=0.0/s, last_udp=1.62s, meas=1, tracks=1, valid=1, master=2483
[LIVE] udp=0.0/s, objs=0.0/s, last_udp=2.63s, meas=1, tracks=1, valid=1, master=2483
[LIVE] udp=0.0/s, objs=0.0/s, last_udp=3.63s, meas=1, tracks=1, valid=1, master=2483
[LIVE] udp=0.0/s, objs=0.0/s, last_udp=4.63s, meas=1, tracks=1, valid=1, master=2483
[LIVE] udp=0.0/s, objs=0.0/s, last_udp=5.63s, meas=1, tracks=1, valid=1, master=2483
[LIVE] udp=0.0/s, objs=0.0/s, last_udp=6.64s, meas=1, tracks=1, valid=1, master=2483
[GPS] GGA fix_quality=1, num_sats=24, hdop=0.7, lat=30.408123041166668, lon=104.088620376
[LIVE] udp=0.0/s, objs=0.0/s, last_udp=7.64s, meas=1, tracks=1, valid=1, master=2483
[LIVE] udp=0.0/s, objs=0.0/s, last_udp=8.64s, meas=1, tracks=1, valid=1, master=2483
[LIVE] udp=0.0/s, objs=0.0/s, last_udp=9.64s, meas=1, tracks=1, valid=1, master=2483
[LIVE] udp=0.0/s, objs=0.0/s, last_udp=10.65s, meas=1, tracks=1, valid=1, master=2483
[LIVE] udp=0.0/s, objs=0.0/s, last_udp=11.65s, meas=1, tracks=1, valid=1, master=2483
[LIVE] udp=0.0/s, objs=0.0/s, last_udp=12.65s, meas=1, tracks=1, valid=1, master=2483
[LIVE] udp=0.0/s, objs=0.0/s, last_udp=13.66s, meas=1, tracks=1, valid=1, master=2483
[LIVE] udp=0.0/s, objs=0.0/s, last_udp=14.66s, meas=1, tracks=1, valid=1, master=2483
[LIVE] udp=0.0/s, objs=0.0/s, last_udp=15.66s, meas=1, tracks=1, valid=1, master=2483
[LIVE] udp=0.0/s, objs=0.0/s, last_udp=16.66s, meas=1, tracks=1, valid=1, master=2483
[GPS] GGA fix_quality=1, num_sats=25, hdop=0.6, lat=30.4081219955, lon=104.08862024466667
[LIVE] udp=1.0/s, objs=1.0/s, last_udp=0.12s, meas=1, tracks=1, valid=1, master=2483
[LIVE] udp=0.0/s, objs=0.0/s, last_udp=1.12s, meas=1, tracks=1, valid=0, master=2483
[LIVE] udp=0.0/s, objs=0.0/s, last_udp=2.13s, meas=1, tracks=1, valid=0, master=2483
[LIVE] udp=1.0/s, objs=1.0/s, last_udp=0.56s, meas=1, tracks=1, valid=0, master=2483
[LIVE] udp=0.0/s, objs=0.0/s, last_udp=1.57s, meas=1, tracks=1, valid=0, master=2483
[LIVE] udp=0.0/s, objs=0.0/s, last_udp=2.57s, meas=1, tracks=1, valid=0, master=2483
[LIVE] udp=0.0/s, objs=0.0/s, last_udp=3.57s, meas=1, tracks=1, valid=0, master=2483
[LIVE] udp=4.0/s, objs=4.0/s, last_udp=0.01s, meas=1, tracks=1, valid=1, master=2484
[LIVE] udp=2.0/s, objs=2.0/s, last_udp=0.08s, meas=1, tracks=1, valid=1, master=2484
[LIVE] udp=1.0/s, objs=1.0/s, last_udp=0.96s, meas=1, tracks=1, valid=1, master=2484
[GPS] GGA fix_quality=1, num_sats=26, hdop=0.6, lat=30.408125975, lon=104.0886222825
[LIVE] udp=1.0/s, objs=1.0/s, last_udp=0.01s, meas=1, tracks=1, valid=1, master=2484
[LIVE] udp=4.0/s, objs=4.0/s, last_udp=0.03s, meas=1, tracks=1, valid=1, master=2484
[LIVE] udp=5.0/s, objs=5.0/s, last_udp=0.12s, meas=2, tracks=2, valid=1, master=2484
[LIVE] udp=4.0/s, objs=4.0/s, last_udp=0.08s, meas=1, tracks=2, valid=1, master=2484
[LIVE] udp=4.0/s, objs=4.0/s, last_udp=0.17s, meas=2, tracks=3, valid=1, master=2484
[LIVE] udp=5.0/s, objs=5.0/s, last_udp=0.35s, meas=1, tracks=3, valid=1, master=2484
[LIVE] udp=1.0/s, objs=1.0/s, last_udp=0.80s, meas=1, tracks=3, valid=0, master=2484
[LIVE] udp=0.0/s, objs=0.0/s, last_udp=1.81s, meas=1, tracks=3, valid=0, master=2484
[LIVE] udp=0.0/s, objs=0.0/s, last_udp=2.81s, meas=1, tracks=3, valid=0, master=2484
[LIVE] udp=0.0/s, objs=0.0/s, last_udp=3.81s, meas=1, tracks=3, valid=0, master=2484
[GPS] GGA fix_quality=1, num_sats=25, hdop=0.6, lat=30.4081290675, lon=104.0886235375
[LIVE] udp=0.0/s, objs=0.0/s, last_udp=4.81s, meas=1, tracks=3, valid=0, master=2484
[LIVE] udp=0.0/s, objs=0.0/s, last_udp=5.81s, meas=1, tracks=3, valid=0, master=2484
[LIVE] udp=0.0/s, objs=0.0/s, last_udp=6.82s, meas=1, tracks=3, valid=0, master=2484
[LIVE] udp=0.0/s, objs=0.0/s, last_udp=7.82s, meas=1, tracks=3, valid=0, master=2484
[LIVE] udp=0.0/s, objs=0.0/s, last_udp=8.82s, meas=1, tracks=3, valid=0, master=2484
[LIVE] udp=0.0/s, objs=0.0/s, last_udp=9.82s, meas=1, tracks=3, valid=0, master=2484
[LIVE] udp=2.0/s, objs=2.0/s, last_udp=0.17s, meas=1, tracks=1, valid=0, master=2484
[LIVE] udp=0.0/s, objs=0.0/s, last_udp=1.17s, meas=1, tracks=1, valid=0, master=2484
[LIVE] udp=0.0/s, objs=0.0/s, last_udp=2.18s, meas=1, tracks=1, valid=0, master=2484
[LIVE] udp=0.0/s, objs=0.0/s, last_udp=3.18s, meas=1, tracks=1, valid=0, master=2484
[GPS] GGA fix_quality=1, num_sats=25, hdop=0.6, lat=30.408131809333334, lon=104.08862479466667
[LIVE] udp=0.0/s, objs=0.0/s, last_udp=4.18s, meas=1, tracks=1, valid=0, master=2484
[LIVE] udp=0.0/s, objs=0.0/s, last_udp=5.18s, meas=1, tracks=1, valid=0, master=2484
[LIVE] udp=0.0/s, objs=0.0/s, last_udp=6.19s, meas=1, tracks=1, valid=0, master=2484
[LIVE] udp=0.0/s, objs=0.0/s, last_udp=7.19s, meas=1, tracks=1, valid=0, master=2484
[LIVE] udp=0.0/s, objs=0.0/s, last_udp=8.19s, meas=1, tracks=1, valid=0, master=2484
[LIVE] udp=0.0/s, objs=0.0/s, last_udp=9.20s, meas=1, tracks=1, valid=0, master=2484
[LIVE] udp=0.0/s, objs=0.0/s, last_udp=10.20s, meas=1, tracks=1, valid=0, master=2484
[LIVE] udp=0.0/s, objs=0.0/s, last_udp=11.20s, meas=1, tracks=1, valid=0, master=2484
[LIVE] udp=0.0/s, objs=0.0/s, last_udp=12.20s, meas=1, tracks=1, valid=0, master=2484
[LIVE] udp=0.0/s, objs=0.0/s, last_udp=13.21s, meas=1, tracks=1, valid=0, master=2484
[GPS] GGA fix_quality=1, num_sats=24, hdop=0.7, lat=30.408132496, lon=104.0886240375
[LIVE] udp=0.0/s, objs=0.0/s, last_udp=14.21s, meas=1, tracks=1, valid=0, master=2484
[LIVE] udp=0.0/s, objs=0.0/s, last_udp=15.21s, meas=1, tracks=1, valid=0, master=2484
[LIVE] udp=0.0/s, objs=0.0/s, last_udp=16.22s, meas=1, tracks=1, valid=0, master=2484
[LIVE] udp=0.0/s, objs=0.0/s, last_udp=17.22s, meas=1, tracks=1, valid=0, master=2484
[LIVE] udp=0.0/s, objs=0.0/s, last_udp=18.22s, meas=1, tracks=1, valid=0, master=2484
[LIVE] udp=0.0/s, objs=0.0/s, last_udp=19.22s, meas=1, tracks=1, valid=0, master=2484
[LIVE] udp=0.0/s, objs=0.0/s, last_udp=20.22s, meas=1, tracks=1, valid=0, master=2484
[LIVE] udp=0.0/s, objs=0.0/s, last_udp=21.23s, meas=1, tracks=1, valid=0, master=2484
[LIVE] udp=0.0/s, objs=0.0/s, last_udp=22.23s, meas=1, tracks=1, valid=0, master=2484
[LIVE] udp=0.0/s, objs=0.0/s, last_udp=23.23s, meas=1, tracks=1, valid=0, master=2484
[GPS] GGA fix_quality=1, num_sats=23, hdop=0.8, lat=30.408132552166666, lon=104.08862458616667
[LIVE] udp=0.0/s, objs=0.0/s, last_udp=24.24s, meas=1, tracks=1, valid=0, master=2484
[LIVE] udp=0.0/s, objs=0.0/s, last_udp=25.24s, meas=1, tracks=1, valid=0, master=2484
[LIVE] udp=0.0/s, objs=0.0/s, last_udp=26.24s, meas=1, tracks=1, valid=0, master=2484
[LIVE] udp=0.0/s, objs=0.0/s, last_udp=27.24s, meas=1, tracks=1, valid=0, master=2484
[LIVE] udp=0.0/s, objs=0.0/s, last_udp=28.25s, meas=1, tracks=1, valid=0, master=2484
[LIVE] udp=0.0/s, objs=0.0/s, last_udp=29.25s, meas=1, tracks=1, valid=0, master=2484
[LIVE] udp=0.0/s, objs=0.0/s, last_udp=30.25s, meas=1, tracks=1, valid=0, master=2484
[LIVE] udp=0.0/s, objs=0.0/s, last_udp=31.26s, meas=1, tracks=1, valid=0, master=2484
[LIVE] udp=0.0/s, objs=0.0/s, last_udp=32.26s, meas=1, tracks=1, valid=0, master=2484
[LIVE] udp=0.0/s, objs=0.0/s, last_udp=33.27s, meas=1, tracks=1, valid=0, master=2484
[GPS] GGA fix_quality=1, num_sats=24, hdop=0.7, lat=30.40813184983333, lon=104.08862545416666
[LIVE] udp=0.0/s, objs=0.0/s, last_udp=34.27s, meas=1, tracks=1, valid=0, master=2484
[LIVE] udp=0.0/s, objs=0.0/s, last_udp=35.27s, meas=1, tracks=1, valid=0, master=2484
[LIVE] udp=0.0/s, objs=0.0/s, last_udp=36.28s, meas=1, tracks=1, valid=0, master=2484
[LIVE] udp=0.0/s, objs=0.0/s, last_udp=37.28s, meas=1, tracks=1, valid=0, master=2484
[LIVE] udp=0.0/s, objs=0.0/s, last_udp=38.28s, meas=1, tracks=1, valid=0, master=2484
[LIVE] udp=0.0/s, objs=0.0/s, last_udp=39.28s, meas=1, tracks=1, valid=0, master=2484
[LIVE] udp=0.0/s, objs=0.0/s, last_udp=40.29s, meas=1, tracks=1, valid=0, master=2484
[LIVE] udp=0.0/s, objs=0.0/s, last_udp=41.29s, meas=1, tracks=1, valid=0, master=2484
[LIVE] udp=0.0/s, objs=0.0/s, last_udp=42.29s, meas=1, tracks=1, valid=0, master=2484
[LIVE] udp=0.0/s, objs=0.0/s, last_udp=43.29s, meas=1, tracks=1, valid=0, master=2484
[GPS] GGA fix_quality=1, num_sats=25, hdop=0.6, lat=30.408131163333334, lon=104.0886275815
[LIVE] udp=0.0/s, objs=0.0/s, last_udp=44.29s, meas=1, tracks=1, valid=0, master=2484
[LIVE] udp=0.0/s, objs=0.0/s, last_udp=45.29s, meas=1, tracks=1, valid=0, master=2484
[LIVE] udp=0.0/s, objs=0.0/s, last_udp=46.30s, meas=1, tracks=1, valid=0, master=2484
[LIVE] udp=0.0/s, objs=0.0/s, last_udp=47.30s, meas=1, tracks=1, valid=0, master=2484
[LIVE] udp=0.0/s, objs=0.0/s, last_udp=48.30s, meas=1, tracks=1, valid=0, master=2484
[LIVE] udp=0.0/s, objs=0.0/s, last_udp=49.30s, meas=1, tracks=1, valid=0, master=2484
[LIVE] udp=0.0/s, objs=0.0/s, last_udp=50.30s, meas=1, tracks=1, valid=0, master=2484
[LIVE] udp=0.0/s, objs=0.0/s, last_udp=51.31s, meas=1, tracks=1, valid=0, master=2484
[LIVE] udp=0.0/s, objs=0.0/s, last_udp=52.31s, meas=1, tracks=1, valid=0, master=2484
[LIVE] udp=0.0/s, objs=0.0/s, last_udp=53.31s, meas=1, tracks=1, valid=0, master=2484
[GPS] GGA fix_quality=1, num_sats=24, hdop=0.6, lat=30.408130402166666, lon=104.08862893833333
[LIVE] udp=0.0/s, objs=0.0/s, last_udp=54.31s, meas=1, tracks=1, valid=0, master=2484
[LIVE] udp=0.0/s, objs=0.0/s, last_udp=55.32s, meas=1, tracks=1, valid=0, master=2484
[LIVE] udp=0.0/s, objs=0.0/s, last_udp=56.32s, meas=1, tracks=1, valid=0, master=2484
[LIVE] udp=0.0/s, objs=0.0/s, last_udp=57.32s, meas=1, tracks=1, valid=0, master=2484
[LIVE] udp=0.0/s, objs=0.0/s, last_udp=58.33s, meas=1, tracks=1, valid=0, master=2484
[LIVE] udp=0.0/s, objs=0.0/s, last_udp=59.33s, meas=1, tracks=1, valid=0, master=2484
[LIVE] udp=0.0/s, objs=0.0/s, last_udp=60.33s, meas=1, tracks=1, valid=0, master=2484
[LIVE] udp=0.0/s, objs=0.0/s, last_udp=61.33s, meas=1, tracks=1, valid=0, master=2484
[LIVE] udp=0.0/s, objs=0.0/s, last_udp=62.33s, meas=1, tracks=1, valid=0, master=2484
[LIVE] udp=0.0/s, objs=0.0/s, last_udp=63.34s, meas=1, tracks=1, valid=0, master=2484
[GPS] GGA fix_quality=1, num_sats=23, hdop=0.7, lat=30.4081290115, lon=104.08862826333333
[LIVE] udp=0.0/s, objs=0.0/s, last_udp=64.34s, meas=1, tracks=1, valid=0, master=2484
[LIVE] udp=0.0/s, objs=0.0/s, last_udp=65.34s, meas=1, tracks=1, valid=0, master=2484
[LIVE] udp=0.0/s, objs=0.0/s, last_udp=66.35s, meas=1, tracks=1, valid=0, master=2484
[LIVE] udp=0.0/s, objs=0.0/s, last_udp=67.35s, meas=1, tracks=1, valid=0, master=2484
[LIVE] udp=0.0/s, objs=0.0/s, last_udp=68.35s, meas=1, tracks=1, valid=0, master=2484
[LIVE] udp=0.0/s, objs=0.0/s, last_udp=69.35s, meas=1, tracks=1, valid=0, master=2484
[LIVE] udp=0.0/s, objs=0.0/s, last_udp=70.36s, meas=1, tracks=1, valid=0, master=2484
[LIVE] udp=0.0/s, objs=0.0/s, last_udp=71.36s, meas=1, tracks=1, valid=0, master=2484
[LIVE] udp=0.0/s, objs=0.0/s, last_udp=72.36s, meas=1, tracks=1, valid=0, master=2484
[LIVE] udp=0.0/s, objs=0.0/s, last_udp=73.36s, meas=1, tracks=1, valid=0, master=2484
[GPS] GGA fix_quality=1, num_sats=23, hdop=0.7, lat=30.408128881333333, lon=104.08862731316667
[LIVE] udp=0.0/s, objs=0.0/s, last_udp=74.37s, meas=1, tracks=1, valid=0, master=2484
[LIVE] udp=0.0/s, objs=0.0/s, last_udp=75.37s, meas=1, tracks=1, valid=0, master=2484
[LIVE] udp=0.0/s, objs=0.0/s, last_udp=76.37s, meas=1, tracks=1, valid=0, master=2484
[LIVE] udp=0.0/s, objs=0.0/s, last_udp=77.37s, meas=1, tracks=1, valid=0, master=2484
[LIVE] udp=0.0/s, objs=0.0/s, last_udp=78.37s, meas=1, tracks=1, valid=0, master=2484
[LIVE] udp=0.0/s, objs=0.0/s, last_udp=79.38s, meas=1, tracks=1, valid=0, master=2484
[LIVE] udp=0.0/s, objs=0.0/s, last_udp=80.38s, meas=1, tracks=1, valid=0, master=2484
[LIVE] udp=0.0/s, objs=0.0/s, last_udp=81.38s, meas=1, tracks=1, valid=0, master=2484
[LIVE] udp=0.0/s, objs=0.0/s, last_udp=82.39s, meas=1, tracks=1, valid=0, master=2484
[LIVE] udp=0.0/s, objs=0.0/s, last_udp=83.39s, meas=1, tracks=1, valid=0, master=2484
[GPS] GGA fix_quality=1, num_sats=25, hdop=0.6, lat=30.408126476833335, lon=104.08862483133333
[LIVE] udp=0.0/s, objs=0.0/s, last_udp=84.39s, meas=1, tracks=1, valid=0, master=2484
[LIVE] udp=0.0/s, objs=0.0/s, last_udp=85.39s, meas=1, tracks=1, valid=0, master=2484
[LIVE] udp=0.0/s, objs=0.0/s, last_udp=86.39s, meas=1, tracks=1, valid=0, master=2484
[LIVE] udp=0.0/s, objs=0.0/s, last_udp=87.40s, meas=1, tracks=1, valid=0, master=2484
[LIVE] udp=0.0/s, objs=0.0/s, last_udp=88.40s, meas=1, tracks=1, valid=0, master=2484
[LIVE] udp=0.0/s, objs=0.0/s, last_udp=89.40s, meas=1, tracks=1, valid=0, master=2484
[LIVE] udp=0.0/s, objs=0.0/s, last_udp=90.41s, meas=1, tracks=1, valid=0, master=2484
[LIVE] udp=0.0/s, objs=0.0/s, last_udp=91.41s, meas=1, tracks=1, valid=0, master=2484
[LIVE] udp=0.0/s, objs=0.0/s, last_udp=92.41s, meas=1, tracks=1, valid=0, master=2484
[LIVE] udp=0.0/s, objs=0.0/s, last_udp=93.41s, meas=1, tracks=1, valid=0, master=2484
[GPS] GGA fix_quality=1, num_sats=24, hdop=0.7, lat=30.408125094666666, lon=104.088624185
[LIVE] udp=0.0/s, objs=0.0/s, last_udp=94.41s, meas=1, tracks=1, valid=0, master=2484
[LIVE] udp=0.0/s, objs=0.0/s, last_udp=95.41s, meas=1, tracks=1, valid=0, master=2484
[LIVE] udp=0.0/s, objs=0.0/s, last_udp=96.42s, meas=1, tracks=1, valid=0, master=2484
[LIVE] udp=0.0/s, objs=0.0/s, last_udp=97.42s, meas=1, tracks=1, valid=0, master=2484
[LIVE] udp=0.0/s, objs=0.0/s, last_udp=98.42s, meas=1, tracks=1, valid=0, master=2484
[LIVE] udp=0.0/s, objs=0.0/s, last_udp=99.43s, meas=1, tracks=1, valid=0, master=2484
[LIVE] udp=0.0/s, objs=0.0/s, last_udp=100.43s, meas=1, tracks=1, valid=0, master=2484
[LIVE] udp=0.0/s, objs=0.0/s, last_udp=101.43s, meas=1, tracks=1, valid=0, master=2484
[LIVE] udp=0.0/s, objs=0.0/s, last_udp=102.43s, meas=1, tracks=1, valid=0, master=2484
[LIVE] udp=0.0/s, objs=0.0/s, last_udp=103.44s, meas=1, tracks=1, valid=0, master=2484
[GPS] GGA fix_quality=1, num_sats=24, hdop=0.7, lat=30.4081243355, lon=104.08862353583334
[LIVE] udp=0.0/s, objs=0.0/s, last_udp=104.44s, meas=1, tracks=1, valid=0, master=2484
[LIVE] udp=0.0/s, objs=0.0/s, last_udp=105.44s, meas=1, tracks=1, valid=0, master=2484
[LIVE] udp=0.0/s, objs=0.0/s, last_udp=106.45s, meas=1, tracks=1, valid=0, master=2484
[LIVE] udp=0.0/s, objs=0.0/s, last_udp=107.45s, meas=1, tracks=1, valid=0, master=2484
[LIVE] udp=0.0/s, objs=0.0/s, last_udp=108.45s, meas=1, tracks=1, valid=0, master=2484
[LIVE] udp=0.0/s, objs=0.0/s, last_udp=109.46s, meas=1, tracks=1, valid=0, master=2484
[LIVE] udp=0.0/s, objs=0.0/s, last_udp=110.46s, meas=1, tracks=1, valid=0, master=2484
[LIVE] udp=0.0/s, objs=0.0/s, last_udp=111.46s, meas=1, tracks=1, valid=0, master=2484
[LIVE] udp=0.0/s, objs=0.0/s, last_udp=112.46s, meas=1, tracks=1, valid=0, master=2484
[LIVE] udp=0.0/s, objs=0.0/s, last_udp=113.47s, meas=1, tracks=1, valid=0, master=2484
[GPS] GGA fix_quality=1, num_sats=26, hdop=0.6, lat=30.408123574166666, lon=104.08862363966666
[LIVE] udp=0.0/s, objs=0.0/s, last_udp=114.47s, meas=1, tracks=1, valid=0, master=2484
[LIVE] udp=0.0/s, objs=0.0/s, last_udp=115.48s, meas=1, tracks=1, valid=0, master=2484
[LIVE] udp=0.0/s, objs=0.0/s, last_udp=116.48s, meas=1, tracks=1, valid=0, master=2484
[LIVE] udp=0.0/s, objs=0.0/s, last_udp=117.48s, meas=1, tracks=1, valid=0, master=2484
[LIVE] udp=0.0/s, objs=0.0/s, last_udp=118.48s, meas=1, tracks=1, valid=0, master=2484
[LIVE] udp=0.0/s, objs=0.0/s, last_udp=119.49s, meas=1, tracks=1, valid=0, master=2484
[LIVE] udp=0.0/s, objs=0.0/s, last_udp=120.49s, meas=1, tracks=1, valid=0, master=2484
[LIVE] udp=0.0/s, objs=0.0/s, last_udp=121.49s, meas=1, tracks=1, valid=0, master=2484
[LIVE] udp=0.0/s, objs=0.0/s, last_udp=122.49s, meas=1, tracks=1, valid=0, master=2484
[LIVE] udp=0.0/s, objs=0.0/s, last_udp=123.49s, meas=1, tracks=1, valid=0, master=2484
[GPS] GGA fix_quality=1, num_sats=26, hdop=0.6, lat=30.408123146166666, lon=104.088619521
[LIVE] udp=0.0/s, objs=0.0/s, last_udp=124.50s, meas=1, tracks=1, valid=0, master=2484
[LIVE] udp=0.0/s, objs=0.0/s, last_udp=125.50s, meas=1, tracks=1, valid=0, master=2484
[LIVE] udp=0.0/s, objs=0.0/s, last_udp=126.50s, meas=1, tracks=1, valid=0, master=2484
[LIVE] udp=0.0/s, objs=0.0/s, last_udp=127.50s, meas=1, tracks=1, valid=0, master=2484
[LIVE] udp=0.0/s, objs=0.0/s, last_udp=128.50s, meas=1, tracks=1, valid=0, master=2484
[LIVE] udp=0.0/s, objs=0.0/s, last_udp=129.51s, meas=1, tracks=1, valid=0, master=2484
[LIVE] udp=0.0/s, objs=0.0/s, last_udp=130.51s, meas=1, tracks=1, valid=0, master=2484
[LIVE] udp=0.0/s, objs=0.0/s, last_udp=131.52s, meas=1, tracks=1, valid=0, master=2484
[LIVE] udp=0.0/s, objs=0.0/s, last_udp=132.52s, meas=1, tracks=1, valid=0, master=2484
[LIVE] udp=0.0/s, objs=0.0/s, last_udp=133.52s, meas=1, tracks=1, valid=0, master=2484
[GPS] GGA fix_quality=1, num_sats=26, hdop=0.6, lat=30.408120001333334, lon=104.088620595
[LIVE] udp=0.0/s, objs=0.0/s, last_udp=134.52s, meas=1, tracks=1, valid=0, master=2484
[LIVE] udp=0.0/s, objs=0.0/s, last_udp=135.52s, meas=1, tracks=1, valid=0, master=2484
[LIVE] udp=1.0/s, objs=1.0/s, last_udp=0.69s, meas=1, tracks=1, valid=0, master=2484
[LIVE] udp=0.0/s, objs=0.0/s, last_udp=1.70s, meas=1, tracks=1, valid=0, master=2484
[LIVE] udp=0.0/s, objs=0.0/s, last_udp=2.70s, meas=1, tracks=1, valid=0, master=2484
[LIVE] udp=0.0/s, objs=0.0/s, last_udp=3.70s, meas=1, tracks=1, valid=0, master=2484
[LIVE] udp=0.0/s, objs=0.0/s, last_udp=4.70s, meas=1, tracks=1, valid=0, master=2484
[LIVE] udp=0.0/s, objs=0.0/s, last_udp=5.71s, meas=1, tracks=1, valid=0, master=2484
[LIVE] udp=0.0/s, objs=0.0/s, last_udp=6.71s, meas=1, tracks=1, valid=0, master=2484
[LIVE] udp=0.0/s, objs=0.0/s, last_udp=7.71s, meas=1, tracks=1, valid=0, master=2484
[GPS] GGA fix_quality=1, num_sats=25, hdop=0.6, lat=30.408119872666667, lon=104.08862061283334
[LIVE] udp=0.0/s, objs=0.0/s, last_udp=8.71s, meas=1, tracks=1, valid=0, master=2484
[LIVE] udp=0.0/s, objs=0.0/s, last_udp=9.71s, meas=1, tracks=1, valid=0, master=2484
[LIVE] udp=0.0/s, objs=0.0/s, last_udp=10.71s, meas=1, tracks=1, valid=0, master=2484
[LIVE] udp=0.0/s, objs=0.0/s, last_udp=11.72s, meas=1, tracks=1, valid=0, master=2484
[LIVE] udp=0.0/s, objs=0.0/s, last_udp=12.72s, meas=1, tracks=1, valid=0, master=2484
[LIVE] udp=0.0/s, objs=0.0/s, last_udp=13.72s, meas=1, tracks=1, valid=0, master=2484
[LIVE] udp=0.0/s, objs=0.0/s, last_udp=14.73s, meas=1, tracks=1, valid=0, master=2484
[LIVE] udp=0.0/s, objs=0.0/s, last_udp=15.73s, meas=1, tracks=1, valid=0, master=2484
[LIVE] udp=0.0/s, objs=0.0/s, last_udp=16.73s, meas=1, tracks=1, valid=0, master=2484
[LIVE] udp=0.0/s, objs=0.0/s, last_udp=17.74s, meas=1, tracks=1, valid=0, master=2484
[GPS] GGA fix_quality=1, num_sats=26, hdop=0.6, lat=30.408120654333334, lon=104.08862103783333
[LIVE] udp=0.0/s, objs=0.0/s, last_udp=18.74s, meas=1, tracks=1, valid=0, master=2484
[LIVE] udp=0.0/s, objs=0.0/s, last_udp=19.74s, meas=1, tracks=1, valid=0, master=2484
[LIVE] udp=0.0/s, objs=0.0/s, last_udp=20.75s, meas=1, tracks=1, valid=0, master=2484
[LIVE] udp=0.0/s, objs=0.0/s, last_udp=21.75s, meas=1, tracks=1, valid=0, master=2484
[LIVE] udp=0.0/s, objs=0.0/s, last_udp=22.75s, meas=1, tracks=1, valid=0, master=2484
[LIVE] udp=0.0/s, objs=0.0/s, last_udp=23.76s, meas=1, tracks=1, valid=0, master=2484
[LIVE] udp=0.0/s, objs=0.0/s, last_udp=24.76s, meas=1, tracks=1, valid=0, master=2484
[LIVE] udp=0.0/s, objs=0.0/s, last_udp=25.76s, meas=1, tracks=1, valid=0, master=2484
[LIVE] udp=0.0/s, objs=0.0/s, last_udp=26.76s, meas=1, tracks=1, valid=0, master=2484
[LIVE] udp=0.0/s, objs=0.0/s, last_udp=27.76s, meas=1, tracks=1, valid=0, master=2484
[GPS] GGA fix_quality=1, num_sats=25, hdop=0.7, lat=30.4081213155, lon=104.08862246266666
[LIVE] udp=0.0/s, objs=0.0/s, last_udp=28.76s, meas=1, tracks=1, valid=0, master=2484
[LIVE] udp=0.0/s, objs=0.0/s, last_udp=29.77s, meas=1, tracks=1, valid=0, master=2484
[LIVE] udp=0.0/s, objs=0.0/s, last_udp=30.77s, meas=1, tracks=1, valid=0, master=2484
[LIVE] udp=0.0/s, objs=0.0/s, last_udp=31.77s, meas=1, tracks=1, valid=0, master=2484
[LIVE] udp=0.0/s, objs=0.0/s, last_udp=32.78s, meas=1, tracks=1, valid=0, master=2484
[LIVE] udp=0.0/s, objs=0.0/s, last_udp=33.78s, meas=1, tracks=1, valid=0, master=2484
[LIVE] udp=0.0/s, objs=0.0/s, last_udp=34.78s, meas=1, tracks=1, valid=0, master=2484
[LIVE] udp=0.0/s, objs=0.0/s, last_udp=35.78s, meas=1, tracks=1, valid=0, master=2484
[LIVE] udp=0.0/s, objs=0.0/s, last_udp=36.79s, meas=1, tracks=1, valid=0, master=2484
[LIVE] udp=0.0/s, objs=0.0/s, last_udp=37.79s, meas=1, tracks=1, valid=0, master=2484
[GPS] GGA fix_quality=1, num_sats=25, hdop=0.7, lat=30.4081187595, lon=104.08862623083333
[LIVE] udp=0.0/s, objs=0.0/s, last_udp=38.79s, meas=1, tracks=1, valid=0, master=2484
[LIVE] udp=0.0/s, objs=0.0/s, last_udp=39.79s, meas=1, tracks=1, valid=0, master=2484
[LIVE] udp=0.0/s, objs=0.0/s, last_udp=40.79s, meas=1, tracks=1, valid=0, master=2484
[LIVE] udp=0.0/s, objs=0.0/s, last_udp=41.79s, meas=1, tracks=1, valid=0, master=2484
[LIVE] udp=0.0/s, objs=0.0/s, last_udp=42.80s, meas=1, tracks=1, valid=0, master=2484
[LIVE] udp=0.0/s, objs=0.0/s, last_udp=43.80s, meas=1, tracks=1, valid=0, master=2484
[LIVE] udp=0.0/s, objs=0.0/s, last_udp=44.81s, meas=1, tracks=1, valid=0, master=2484
[LIVE] udp=0.0/s, objs=0.0/s, last_udp=45.81s, meas=1, tracks=1, valid=0, master=2484
[LIVE] udp=0.0/s, objs=0.0/s, last_udp=46.81s, meas=1, tracks=1, valid=0, master=2484
[LIVE] udp=0.0/s, objs=0.0/s, last_udp=47.81s, meas=1, tracks=1, valid=0, master=2484
[GPS] GGA fix_quality=1, num_sats=25, hdop=0.7, lat=30.408119564, lon=104.08862042033333
[LIVE] udp=0.0/s, objs=0.0/s, last_udp=48.81s, meas=1, tracks=1, valid=0, master=2484
[LIVE] udp=0.0/s, objs=0.0/s, last_udp=49.82s, meas=1, tracks=1, valid=0, master=2484
[LIVE] udp=0.0/s, objs=0.0/s, last_udp=50.82s, meas=1, tracks=1, valid=0, master=2484
[LIVE] udp=0.0/s, objs=0.0/s, last_udp=51.82s, meas=1, tracks=1, valid=0, master=2484
[LIVE] udp=0.0/s, objs=0.0/s, last_udp=52.82s, meas=1, tracks=1, valid=0, master=2484
[LIVE] udp=0.0/s, objs=0.0/s, last_udp=53.82s, meas=1, tracks=1, valid=0, master=2484
[LIVE] udp=0.0/s, objs=0.0/s, last_udp=54.83s, meas=1, tracks=1, valid=0, master=2484
[LIVE] udp=0.0/s, objs=0.0/s, last_udp=55.83s, meas=1, tracks=1, valid=0, master=2484
[LIVE] udp=0.0/s, objs=0.0/s, last_udp=56.83s, meas=1, tracks=1, valid=0, master=2484
[LIVE] udp=0.0/s, objs=0.0/s, last_udp=57.83s, meas=1, tracks=1, valid=0, master=2484
[GPS] GGA fix_quality=1, num_sats=24, hdop=0.8, lat=30.4081208815, lon=104.0886176125
[LIVE] udp=0.0/s, objs=0.0/s, last_udp=58.84s, meas=1, tracks=1, valid=0, master=2484
[LIVE] udp=0.0/s, objs=0.0/s, last_udp=59.84s, meas=1, tracks=1, valid=0, master=2484
[LIVE] udp=0.0/s, objs=0.0/s, last_udp=60.84s, meas=1, tracks=1, valid=0, master=2484
[LIVE] udp=0.0/s, objs=0.0/s, last_udp=61.85s, meas=1, tracks=1, valid=0, master=2484
[LIVE] udp=0.0/s, objs=0.0/s, last_udp=62.85s, meas=1, tracks=1, valid=0, master=2484
[LIVE] udp=0.0/s, objs=0.0/s, last_udp=63.85s, meas=1, tracks=1, valid=0, master=2484
[LIVE] udp=0.0/s, objs=0.0/s, last_udp=64.86s, meas=1, tracks=1, valid=0, master=2484
[LIVE] udp=0.0/s, objs=0.0/s, last_udp=65.86s, meas=1, tracks=1, valid=0, master=2484
[LIVE] udp=0.0/s, objs=0.0/s, last_udp=66.87s, meas=1, tracks=1, valid=0, master=2484
[LIVE] udp=0.0/s, objs=0.0/s, last_udp=67.87s, meas=1, tracks=1, valid=0, master=2484
[GPS] GGA fix_quality=1, num_sats=25, hdop=0.7, lat=30.408118529833335, lon=104.08862579866667
[LIVE] udp=0.0/s, objs=0.0/s, last_udp=68.87s, meas=1, tracks=1, valid=0, master=2484
[LIVE] udp=0.0/s, objs=0.0/s, last_udp=69.88s, meas=1, tracks=1, valid=0, master=2484
[LIVE] udp=0.0/s, objs=0.0/s, last_udp=70.88s, meas=1, tracks=1, valid=0, master=2484
[LIVE] udp=0.0/s, objs=0.0/s, last_udp=71.88s, meas=1, tracks=1, valid=0, master=2484
[LIVE] udp=0.0/s, objs=0.0/s, last_udp=72.89s, meas=1, tracks=1, valid=0, master=2484
[LIVE] udp=0.0/s, objs=0.0/s, last_udp=73.89s, meas=1, tracks=1, valid=0, master=2484
[LIVE] udp=0.0/s, objs=0.0/s, last_udp=74.89s, meas=1, tracks=1, valid=0, master=2484
[LIVE] udp=0.0/s, objs=0.0/s, last_udp=75.89s, meas=1, tracks=1, valid=0, master=2484
[LIVE] udp=0.0/s, objs=0.0/s, last_udp=76.89s, meas=1, tracks=1, valid=0, master=2484
[LIVE] udp=0.0/s, objs=0.0/s, last_udp=77.90s, meas=1, tracks=1, valid=0, master=2484
[GPS] GGA fix_quality=1, num_sats=25, hdop=0.7, lat=30.408121763833332, lon=104.0886315405
[LIVE] udp=0.0/s, objs=0.0/s, last_udp=78.90s, meas=1, tracks=1, valid=0, master=2484
[LIVE] udp=0.0/s, objs=0.0/s, last_udp=79.90s, meas=1, tracks=1, valid=0, master=2484
[LIVE] udp=0.0/s, objs=0.0/s, last_udp=80.90s, meas=1, tracks=1, valid=0, master=2484
[LIVE] udp=0.0/s, objs=0.0/s, last_udp=81.90s, meas=1, tracks=1, valid=0, master=2484
[LIVE] udp=0.0/s, objs=0.0/s, last_udp=82.90s, meas=1, tracks=1, valid=0, master=2484
[LIVE] udp=0.0/s, objs=0.0/s, last_udp=83.90s, meas=1, tracks=1, valid=0, master=2484
[LIVE] udp=0.0/s, objs=0.0/s, last_udp=84.91s, meas=1, tracks=1, valid=0, master=2484
[LIVE] udp=0.0/s, objs=0.0/s, last_udp=85.91s, meas=1, tracks=1, valid=0, master=2484
[LIVE] udp=0.0/s, objs=0.0/s, last_udp=86.92s, meas=1, tracks=1, valid=0, master=2484
[LIVE] udp=0.0/s, objs=0.0/s, last_udp=87.92s, meas=1, tracks=1, valid=0, master=2484
[GPS] GGA fix_quality=1, num_sats=25, hdop=0.7, lat=30.40812308883333, lon=104.08863471816667
[LIVE] udp=0.0/s, objs=0.0/s, last_udp=88.92s, meas=1, tracks=1, valid=0, master=2484
[LIVE] udp=0.0/s, objs=0.0/s, last_udp=89.93s, meas=1, tracks=1, valid=0, master=2484
[LIVE] udp=0.0/s, objs=0.0/s, last_udp=90.93s, meas=1, tracks=1, valid=0, master=2484
[LIVE] udp=0.0/s, objs=0.0/s, last_udp=91.93s, meas=1, tracks=1, valid=0, master=2484
[LIVE] udp=0.0/s, objs=0.0/s, last_udp=92.94s, meas=1, tracks=1, valid=0, master=2484
[LIVE] udp=0.0/s, objs=0.0/s, last_udp=93.94s, meas=1, tracks=1, valid=0, master=2484
[LIVE] udp=0.0/s, objs=0.0/s, last_udp=94.94s, meas=1, tracks=1, valid=0, master=2484
[LIVE] udp=0.0/s, objs=0.0/s, last_udp=95.95s, meas=1, tracks=1, valid=0, master=2484
[LIVE] udp=0.0/s, objs=0.0/s, last_udp=96.95s, meas=1, tracks=1, valid=0, master=2484
[LIVE] udp=0.0/s, objs=0.0/s, last_udp=97.95s, meas=1, tracks=1, valid=0, master=2484
[GPS] GGA fix_quality=1, num_sats=24, hdop=0.7, lat=30.408123580833333, lon=104.0886419855
[LIVE] udp=0.0/s, objs=0.0/s, last_udp=98.96s, meas=1, tracks=1, valid=0, master=2484
[LIVE] udp=0.0/s, objs=0.0/s, last_udp=99.96s, meas=1, tracks=1, valid=0, master=2484
[LIVE] udp=0.0/s, objs=0.0/s, last_udp=100.96s, meas=1, tracks=1, valid=0, master=2484
[LIVE] udp=0.0/s, objs=0.0/s, last_udp=101.96s, meas=1, tracks=1, valid=0, master=2484
[LIVE] udp=0.0/s, objs=0.0/s, last_udp=102.96s, meas=1, tracks=1, valid=0, master=2484
[LIVE] udp=0.0/s, objs=0.0/s, last_udp=103.96s, meas=1, tracks=1, valid=0, master=2484
[LIVE] udp=0.0/s, objs=0.0/s, last_udp=104.97s, meas=1, tracks=1, valid=0, master=2484
[LIVE] udp=2.0/s, objs=2.0/s, last_udp=0.60s, meas=1, tracks=1, valid=0, master=2484
[LIVE] udp=0.0/s, objs=0.0/s, last_udp=1.60s, meas=1, tracks=1, valid=0, master=2484
[LIVE] udp=0.0/s, objs=0.0/s, last_udp=2.60s, meas=1, tracks=1, valid=0, master=2484
[GPS] GGA fix_quality=1, num_sats=25, hdop=0.7, lat=30.408127589, lon=104.088632056
[LIVE] udp=0.0/s, objs=0.0/s, last_udp=3.60s, meas=1, tracks=1, valid=0, master=2484
[LIVE] udp=0.0/s, objs=0.0/s, last_udp=4.61s, meas=1, tracks=1, valid=0, master=2484
[LIVE] udp=0.0/s, objs=0.0/s, last_udp=5.61s, meas=1, tracks=1, valid=0, master=2484
[LIVE] udp=0.0/s, objs=0.0/s, last_udp=6.62s, meas=1, tracks=1, valid=0, master=2484
[LIVE] udp=0.0/s, objs=0.0/s, last_udp=7.62s, meas=1, tracks=1, valid=0, master=2484
[LIVE] udp=0.0/s, objs=0.0/s, last_udp=8.62s, meas=1, tracks=1, valid=0, master=2484
[LIVE] udp=0.0/s, objs=0.0/s, last_udp=9.62s, meas=1, tracks=1, valid=0, master=2484
[LIVE] udp=0.0/s, objs=0.0/s, last_udp=10.63s, meas=1, tracks=1, valid=0, master=2484
[LIVE] udp=0.0/s, objs=0.0/s, last_udp=11.63s, meas=1, tracks=1, valid=0, master=2484
[LIVE] udp=0.0/s, objs=0.0/s, last_udp=12.63s, meas=1, tracks=1, valid=0, master=2484
[GPS] GGA fix_quality=1, num_sats=25, hdop=0.7, lat=30.408122373333335, lon=104.08863445533333
[LIVE] udp=0.0/s, objs=0.0/s, last_udp=13.64s, meas=1, tracks=1, valid=0, master=2484
[LIVE] udp=0.0/s, objs=0.0/s, last_udp=14.64s, meas=1, tracks=1, valid=0, master=2484
[LIVE] udp=0.0/s, objs=0.0/s, last_udp=15.64s, meas=1, tracks=1, valid=0, master=2484
[LIVE] udp=0.0/s, objs=0.0/s, last_udp=16.64s, meas=1, tracks=1, valid=0, master=2484
[LIVE] udp=0.0/s, objs=0.0/s, last_udp=17.65s, meas=1, tracks=1, valid=0, master=2484
[LIVE] udp=0.0/s, objs=0.0/s, last_udp=18.65s, meas=1, tracks=1, valid=0, master=2484
[LIVE] udp=0.0/s, objs=0.0/s, last_udp=19.65s, meas=1, tracks=1, valid=0, master=2484
[LIVE] udp=0.0/s, objs=0.0/s, last_udp=20.65s, meas=1, tracks=1, valid=0, master=2484
[LIVE] udp=0.0/s, objs=0.0/s, last_udp=21.66s, meas=1, tracks=1, valid=0, master=2484
[LIVE] udp=0.0/s, objs=0.0/s, last_udp=22.66s, meas=1, tracks=1, valid=0, master=2484
[GPS] GGA fix_quality=1, num_sats=25, hdop=0.7, lat=30.408118937166666, lon=104.08863272833334
[LIVE] udp=0.0/s, objs=0.0/s, last_udp=23.66s, meas=1, tracks=1, valid=0, master=2484
[LIVE] udp=0.0/s, objs=0.0/s, last_udp=24.66s, meas=1, tracks=1, valid=0, master=2484
[LIVE] udp=0.0/s, objs=0.0/s, last_udp=25.66s, meas=1, tracks=1, valid=0, master=2484
[LIVE] udp=0.0/s, objs=0.0/s, last_udp=26.66s, meas=1, tracks=1, valid=0, master=2484
[LIVE] udp=0.0/s, objs=0.0/s, last_udp=27.67s, meas=1, tracks=1, valid=0, master=2484
[LIVE] udp=0.0/s, objs=0.0/s, last_udp=28.67s, meas=1, tracks=1, valid=0, master=2484
[LIVE] udp=0.0/s, objs=0.0/s, last_udp=29.67s, meas=1, tracks=1, valid=0, master=2484
[LIVE] udp=0.0/s, objs=0.0/s, last_udp=30.68s, meas=1, tracks=1, valid=0, master=2484
[LIVE] udp=0.0/s, objs=0.0/s, last_udp=31.68s, meas=1, tracks=1, valid=0, master=2484
[LIVE] udp=0.0/s, objs=0.0/s, last_udp=32.68s, meas=1, tracks=1, valid=0, master=2484
[GPS] GGA fix_quality=1, num_sats=25, hdop=0.7, lat=30.40811969883333, lon=104.088631667
[LIVE] udp=0.0/s, objs=0.0/s, last_udp=33.68s, meas=1, tracks=1, valid=0, master=2484
[LIVE] udp=0.0/s, objs=0.0/s, last_udp=34.69s, meas=1, tracks=1, valid=0, master=2484
[LIVE] udp=0.0/s, objs=0.0/s, last_udp=35.69s, meas=1, tracks=1, valid=0, master=2484
[LIVE] udp=0.0/s, objs=0.0/s, last_udp=36.69s, meas=1, tracks=1, valid=0, master=2484
[LIVE] udp=0.0/s, objs=0.0/s, last_udp=37.70s, meas=1, tracks=1, valid=0, master=2484
[LIVE] udp=0.0/s, objs=0.0/s, last_udp=38.70s, meas=1, tracks=1, valid=0, master=2484
[LIVE] udp=0.0/s, objs=0.0/s, last_udp=39.70s, meas=1, tracks=1, valid=0, master=2484
[LIVE] udp=0.0/s, objs=0.0/s, last_udp=40.71s, meas=1, tracks=1, valid=0, master=2484
[LIVE] udp=0.0/s, objs=0.0/s, last_udp=41.71s, meas=1, tracks=1, valid=0, master=2484
[LIVE] udp=0.0/s, objs=0.0/s, last_udp=42.71s, meas=1, tracks=1, valid=0, master=2484
[GPS] GGA fix_quality=1, num_sats=25, hdop=0.7, lat=30.408119289166667, lon=104.08863125233333
[LIVE] udp=0.0/s, objs=0.0/s, last_udp=43.71s, meas=1, tracks=1, valid=0, master=2484
[Warning] 逻辑ID 1 没有配置偏差数据
[LIVE] udp=1.0/s, objs=1.0/s, last_udp=0.77s, meas=0, tracks=0, valid=0, master=2484
[LIVE] udp=0.0/s, objs=0.0/s, last_udp=1.78s, meas=0, tracks=0, valid=0, master=2484
[LIVE] udp=0.0/s, objs=0.0/s, last_udp=2.78s, meas=0, tracks=0, valid=0, master=2484
[LIVE] udp=0.0/s, objs=0.0/s, last_udp=3.78s, meas=0, tracks=0, valid=0, master=2484
[LIVE] udp=0.0/s, objs=0.0/s, last_udp=4.79s, meas=0, tracks=0, valid=0, master=2484
[LIVE] udp=0.0/s, objs=0.0/s, last_udp=5.79s, meas=0, tracks=0, valid=0, master=2484
[LIVE] udp=0.0/s, objs=0.0/s, last_udp=6.79s, meas=0, tracks=0, valid=0, master=2484
[LIVE] udp=0.0/s, objs=0.0/s, last_udp=7.79s, meas=0, tracks=0, valid=0, master=2484
[LIVE] udp=0.0/s, objs=0.0/s, last_udp=8.80s, meas=0, tracks=0, valid=0, master=2484
[GPS] GGA fix_quality=1, num_sats=24, hdop=0.7, lat=30.408117826, lon=104.08863347366666
[LIVE] udp=0.0/s, objs=0.0/s, last_udp=9.80s, meas=0, tracks=0, valid=0, master=2484
[LIVE] udp=0.0/s, objs=0.0/s, last_udp=10.80s, meas=0, tracks=0, valid=0, master=2484
[LIVE] udp=0.0/s, objs=0.0/s, last_udp=11.81s, meas=0, tracks=0, valid=0, master=2484
[LIVE] udp=0.0/s, objs=0.0/s, last_udp=12.81s, meas=0, tracks=0, valid=0, master=2484
[LIVE] udp=0.0/s, objs=0.0/s, last_udp=13.81s, meas=0, tracks=0, valid=0, master=2484
[LIVE] udp=0.0/s, objs=0.0/s, last_udp=14.82s, meas=0, tracks=0, valid=0, master=2484
[LIVE] udp=0.0/s, objs=0.0/s, last_udp=15.82s, meas=0, tracks=0, valid=0, master=2484
[LIVE] udp=0.0/s, objs=0.0/s, last_udp=16.82s, meas=0, tracks=0, valid=0, master=2484
[LIVE] udp=0.0/s, objs=0.0/s, last_udp=17.83s, meas=0, tracks=0, valid=0, master=2484
[LIVE] udp=0.0/s, objs=0.0/s, last_udp=18.83s, meas=0, tracks=0, valid=0, master=2484
[GPS] GGA fix_quality=1, num_sats=23, hdop=0.8, lat=30.408117659, lon=104.08863140233333
[LIVE] udp=0.0/s, objs=0.0/s, last_udp=19.84s, meas=0, tracks=0, valid=0, master=2484
[LIVE] udp=0.0/s, objs=0.0/s, last_udp=20.84s, meas=0, tracks=0, valid=0, master=2484
[LIVE] udp=0.0/s, objs=0.0/s, last_udp=21.84s, meas=0, tracks=0, valid=0, master=2484
[LIVE] udp=1.0/s, objs=1.0/s, last_udp=0.08s, meas=0, tracks=0, valid=0, master=2484
[LIVE] udp=6.0/s, objs=6.0/s, last_udp=0.08s, meas=1, tracks=1, valid=1, master=2490
[LIVE] udp=3.0/s, objs=3.0/s, last_udp=0.58s, meas=1, tracks=1, valid=1, master=2490
[LIVE] udp=3.0/s, objs=3.0/s, last_udp=0.04s, meas=1, tracks=1, valid=1, master=2490
[LIVE] udp=4.0/s, objs=4.0/s, last_udp=0.11s, meas=1, tracks=1, valid=1, master=2490
[LIVE] udp=6.0/s, objs=6.0/s, last_udp=0.23s, meas=1, tracks=1, valid=1, master=2490
[LIVE] udp=4.0/s, objs=4.0/s, last_udp=0.32s, meas=1, tracks=1, valid=1, master=2490
[GPS] GGA fix_quality=1, num_sats=24, hdop=0.7, lat=30.408116755166667, lon=104.0886391895
[LIVE] udp=6.0/s, objs=6.0/s, last_udp=0.08s, meas=1, tracks=1, valid=1, master=2490
[LIVE] udp=3.0/s, objs=3.0/s, last_udp=0.08s, meas=1, tracks=1, valid=1, master=2490
[LIVE] udp=3.0/s, objs=3.0/s, last_udp=0.72s, meas=1, tracks=1, valid=1, master=2490
[LIVE] udp=0.0/s, objs=0.0/s, last_udp=1.72s, meas=1, tracks=1, valid=1, master=2490
[LIVE] udp=0.0/s, objs=0.0/s, last_udp=2.73s, meas=1, tracks=1, valid=1, master=2490
[LIVE] udp=0.0/s, objs=0.0/s, last_udp=3.73s, meas=1, tracks=1, valid=1, master=2490
[LIVE] udp=0.0/s, objs=0.0/s, last_udp=4.73s, meas=1, tracks=1, valid=1, master=2490
[LIVE] udp=0.0/s, objs=0.0/s, last_udp=5.73s, meas=1, tracks=1, valid=1, master=2490
[LIVE] udp=0.0/s, objs=0.0/s, last_udp=6.74s, meas=1, tracks=1, valid=1, master=2490
[LIVE] udp=0.0/s, objs=0.0/s, last_udp=7.74s, meas=1, tracks=1, valid=1, master=2490
[GPS] GGA fix_quality=1, num_sats=24, hdop=0.7, lat=30.408110044166666, lon=104.08864460316667
[LIVE] udp=0.0/s, objs=0.0/s, last_udp=8.74s, meas=1, tracks=1, valid=1, master=2490
[LIVE] udp=0.0/s, objs=0.0/s, last_udp=9.75s, meas=1, tracks=1, valid=1, master=2490
[LIVE] udp=0.0/s, objs=0.0/s, last_udp=10.75s, meas=1, tracks=1, valid=1, master=2490
[LIVE] udp=0.0/s, objs=0.0/s, last_udp=11.75s, meas=1, tracks=1, valid=1, master=2490
[LIVE] udp=0.0/s, objs=0.0/s, last_udp=12.75s, meas=1, tracks=1, valid=1, master=2490
[LIVE] udp=0.0/s, objs=0.0/s, last_udp=13.75s, meas=1, tracks=1, valid=1, master=2490
[LIVE] udp=0.0/s, objs=0.0/s, last_udp=14.75s, meas=1, tracks=1, valid=1, master=2490
[LIVE] udp=0.0/s, objs=0.0/s, last_udp=15.76s, meas=1, tracks=1, valid=1, master=2490
[LIVE] udp=0.0/s, objs=0.0/s, last_udp=16.76s, meas=1, tracks=1, valid=1, master=2490
[GPS] GGA fix_quality=1, num_sats=25, hdop=0.7, lat=30.408111206666668, lon=104.088644026
[LIVE] udp=0.0/s, objs=0.0/s, last_udp=17.77s, meas=1, tracks=1, valid=1, master=2490
[LIVE] udp=0.0/s, objs=0.0/s, last_udp=18.77s, meas=1, tracks=1, valid=1, master=2490
[LIVE] udp=0.0/s, objs=0.0/s, last_udp=19.77s, meas=1, tracks=1, valid=1, master=2490
[LIVE] udp=0.0/s, objs=0.0/s, last_udp=20.77s, meas=1, tracks=1, valid=1, master=2490
[LIVE] udp=0.0/s, objs=0.0/s, last_udp=21.78s, meas=1, tracks=1, valid=1, master=2490
[LIVE] udp=0.0/s, objs=0.0/s, last_udp=22.78s, meas=1, tracks=1, valid=1, master=2490
[LIVE] udp=0.0/s, objs=0.0/s, last_udp=23.78s, meas=1, tracks=1, valid=1, master=2490
[LIVE] udp=0.0/s, objs=0.0/s, last_udp=24.78s, meas=1, tracks=1, valid=1, master=2490
[LIVE] udp=0.0/s, objs=0.0/s, last_udp=25.79s, meas=1, tracks=1, valid=1, master=2490
[LIVE] udp=0.0/s, objs=0.0/s, last_udp=26.79s, meas=1, tracks=1, valid=1, master=2490
[GPS] GGA fix_quality=1, num_sats=23, hdop=0.8, lat=30.408107025333333, lon=104.0886493745
[LIVE] udp=0.0/s, objs=0.0/s, last_udp=27.80s, meas=1, tracks=1, valid=1, master=2490
[LIVE] udp=0.0/s, objs=0.0/s, last_udp=28.80s, meas=1, tracks=1, valid=1, master=2490
[LIVE] udp=0.0/s, objs=0.0/s, last_udp=29.80s, meas=1, tracks=1, valid=1, master=2490
[LIVE] udp=0.0/s, objs=0.0/s, last_udp=30.80s, meas=1, tracks=1, valid=1, master=2490
[LIVE] udp=0.0/s, objs=0.0/s, last_udp=31.80s, meas=1, tracks=1, valid=1, master=2490
[LIVE] udp=0.0/s, objs=0.0/s, last_udp=32.80s, meas=1, tracks=1, valid=1, master=2490
[LIVE] udp=0.0/s, objs=0.0/s, last_udp=33.81s, meas=1, tracks=1, valid=1, master=2490
[LIVE] udp=0.0/s, objs=0.0/s, last_udp=34.81s, meas=1, tracks=1, valid=1, master=2490
[LIVE] udp=0.0/s, objs=0.0/s, last_udp=35.81s, meas=1, tracks=1, valid=1, master=2490
[LIVE] udp=0.0/s, objs=0.0/s, last_udp=36.81s, meas=1, tracks=1, valid=1, master=2490
[GPS] GGA fix_quality=1, num_sats=24, hdop=0.7, lat=30.4081068725, lon=104.08864773916666
[LIVE] udp=0.0/s, objs=0.0/s, last_udp=37.81s, meas=1, tracks=1, valid=1, master=2490
[LIVE] udp=0.0/s, objs=0.0/s, last_udp=38.82s, meas=1, tracks=1, valid=1, master=2490
[LIVE] udp=0.0/s, objs=0.0/s, last_udp=39.82s, meas=1, tracks=1, valid=1, master=2490
[LIVE] udp=0.0/s, objs=0.0/s, last_udp=40.82s, meas=1, tracks=1, valid=1, master=2490
[LIVE] udp=0.0/s, objs=0.0/s, last_udp=41.82s, meas=1, tracks=1, valid=1, master=2490
[LIVE] udp=0.0/s, objs=0.0/s, last_udp=42.83s, meas=1, tracks=1, valid=1, master=2490
[LIVE] udp=0.0/s, objs=0.0/s, last_udp=43.83s, meas=1, tracks=1, valid=1, master=2490
[LIVE] udp=0.0/s, objs=0.0/s, last_udp=44.83s, meas=1, tracks=1, valid=1, master=2490
[LIVE] udp=0.0/s, objs=0.0/s, last_udp=45.83s, meas=1, tracks=1, valid=1, master=2490
[LIVE] udp=0.0/s, objs=0.0/s, last_udp=46.84s, meas=1, tracks=1, valid=1, master=2490
[GPS] GGA fix_quality=1, num_sats=23, hdop=0.7, lat=30.4081120495, lon=104.08864494333334
[LIVE] udp=0.0/s, objs=0.0/s, last_udp=47.84s, meas=1, tracks=1, valid=1, master=2490
[LIVE] udp=0.0/s, objs=0.0/s, last_udp=48.84s, meas=1, tracks=1, valid=1, master=2490
[LIVE] udp=0.0/s, objs=0.0/s, last_udp=49.84s, meas=1, tracks=1, valid=1, master=2490
[LIVE] udp=0.0/s, objs=0.0/s, last_udp=50.85s, meas=1, tracks=1, valid=1, master=2490
[LIVE] udp=1.0/s, objs=1.0/s, last_udp=0.47s, meas=0, tracks=0, valid=0, master=2490
[LIVE] udp=0.0/s, objs=0.0/s, last_udp=1.47s, meas=0, tracks=0, valid=0, master=2490
[LIVE] udp=0.0/s, objs=0.0/s, last_udp=2.48s, meas=0, tracks=0, valid=0, master=2490
[LIVE] udp=0.0/s, objs=0.0/s, last_udp=3.48s, meas=0, tracks=0, valid=0, master=2490
[LIVE] udp=0.0/s, objs=0.0/s, last_udp=4.48s, meas=0, tracks=0, valid=0, master=2490
[LIVE] udp=0.0/s, objs=0.0/s, last_udp=5.49s, meas=0, tracks=0, valid=0, master=2490
[GPS] GGA fix_quality=1, num_sats=22, hdop=0.8, lat=30.4081159105, lon=104.08864643383333
[LIVE] udp=0.0/s, objs=0.0/s, last_udp=6.49s, meas=0, tracks=0, valid=0, master=2490
[LIVE] udp=0.0/s, objs=0.0/s, last_udp=7.49s, meas=0, tracks=0, valid=0, master=2490
[LIVE] udp=0.0/s, objs=0.0/s, last_udp=8.49s, meas=0, tracks=0, valid=0, master=2490
[LIVE] udp=0.0/s, objs=0.0/s, last_udp=9.49s, meas=0, tracks=0, valid=0, master=2490
[LIVE] udp=0.0/s, objs=0.0/s, last_udp=10.50s, meas=0, tracks=0, valid=0, master=2490
[LIVE] udp=0.0/s, objs=0.0/s, last_udp=11.50s, meas=0, tracks=0, valid=0, master=2490
[LIVE] udp=0.0/s, objs=0.0/s, last_udp=12.50s, meas=0, tracks=0, valid=0, master=2490
[LIVE] udp=0.0/s, objs=0.0/s, last_udp=13.51s, meas=0, tracks=0, valid=0, master=2490
[LIVE] udp=0.0/s, objs=0.0/s, last_udp=14.51s, meas=0, tracks=0, valid=0, master=2490
[LIVE] udp=0.0/s, objs=0.0/s, last_udp=15.51s, meas=0, tracks=0, valid=0, master=2490
[GPS] GGA fix_quality=1, num_sats=24, hdop=0.7, lat=30.408115008, lon=104.08864239733333
[LIVE] udp=0.0/s, objs=0.0/s, last_udp=16.51s, meas=0, tracks=0, valid=0, master=2490
[LIVE] udp=0.0/s, objs=0.0/s, last_udp=17.52s, meas=0, tracks=0, valid=0, master=2490
[LIVE] udp=0.0/s, objs=0.0/s, last_udp=18.52s, meas=0, tracks=0, valid=0, master=2490
[LIVE] udp=0.0/s, objs=0.0/s, last_udp=19.52s, meas=0, tracks=0, valid=0, master=2490
[LIVE] udp=0.0/s, objs=0.0/s, last_udp=20.52s, meas=0, tracks=0, valid=0, master=2490
[LIVE] udp=0.0/s, objs=0.0/s, last_udp=21.53s, meas=0, tracks=0, valid=0, master=2490
[LIVE] udp=0.0/s, objs=0.0/s, last_udp=22.53s, meas=0, tracks=0, valid=0, master=2490
[LIVE] udp=0.0/s, objs=0.0/s, last_udp=23.53s, meas=0, tracks=0, valid=0, master=2490
[LIVE] udp=0.0/s, objs=0.0/s, last_udp=24.54s, meas=0, tracks=0, valid=0, master=2490
[LIVE] udp=0.0/s, objs=0.0/s, last_udp=25.54s, meas=0, tracks=0, valid=0, master=2490
[GPS] GGA fix_quality=1, num_sats=25, hdop=0.7, lat=30.4081138215, lon=104.0886433475
[LIVE] udp=0.0/s, objs=0.0/s, last_udp=26.54s, meas=0, tracks=0, valid=0, master=2490
[LIVE] udp=0.0/s, objs=0.0/s, last_udp=27.54s, meas=0, tracks=0, valid=0, master=2490
[LIVE] udp=0.0/s, objs=0.0/s, last_udp=28.54s, meas=0, tracks=0, valid=0, master=2490
[LIVE] udp=0.0/s, objs=0.0/s, last_udp=29.55s, meas=0, tracks=0, valid=0, master=2490
[LIVE] udp=0.0/s, objs=0.0/s, last_udp=30.55s, meas=0, tracks=0, valid=0, master=2490
[LIVE] udp=0.0/s, objs=0.0/s, last_udp=31.55s, meas=0, tracks=0, valid=0, master=2490
[LIVE] udp=0.0/s, objs=0.0/s, last_udp=32.56s, meas=0, tracks=0, valid=0, master=2490
[LIVE] udp=0.0/s, objs=0.0/s, last_udp=33.56s, meas=0, tracks=0, valid=0, master=2490
[LIVE] udp=0.0/s, objs=0.0/s, last_udp=34.56s, meas=0, tracks=0, valid=0, master=2490
[LIVE] udp=0.0/s, objs=0.0/s, last_udp=35.56s, meas=0, tracks=0, valid=0, master=2490
[GPS] GGA fix_quality=1, num_sats=25, hdop=0.7, lat=30.4081124845, lon=104.08864759266666
[LIVE] udp=0.0/s, objs=0.0/s, last_udp=36.56s, meas=0, tracks=0, valid=0, master=2490
[LIVE] udp=0.0/s, objs=0.0/s, last_udp=37.57s, meas=0, tracks=0, valid=0, master=2490
[LIVE] udp=0.0/s, objs=0.0/s, last_udp=38.57s, meas=0, tracks=0, valid=0, master=2490
[LIVE] udp=0.0/s, objs=0.0/s, last_udp=39.58s, meas=0, tracks=0, valid=0, master=2490
[LIVE] udp=0.0/s, objs=0.0/s, last_udp=40.58s, meas=0, tracks=0, valid=0, master=2490
[LIVE] udp=0.0/s, objs=0.0/s, last_udp=41.58s, meas=0, tracks=0, valid=0, master=2490
[LIVE] udp=0.0/s, objs=0.0/s, last_udp=42.59s, meas=0, tracks=0, valid=0, master=2490
[LIVE] udp=0.0/s, objs=0.0/s, last_udp=43.59s, meas=0, tracks=0, valid=0, master=2490
[LIVE] udp=2.0/s, objs=2.0/s, last_udp=0.02s, meas=0, tracks=0, valid=0, master=2490
[LIVE] udp=0.0/s, objs=0.0/s, last_udp=1.02s, meas=0, tracks=0, valid=0, master=2490
[GPS] GGA fix_quality=1, num_sats=25, hdop=0.7, lat=30.408111507, lon=104.08864769766667
[LIVE] udp=0.0/s, objs=0.0/s, last_udp=2.02s, meas=0, tracks=0, valid=0, master=2490
[LIVE] udp=0.0/s, objs=0.0/s, last_udp=3.02s, meas=0, tracks=0, valid=0, master=2490
[LIVE] udp=0.0/s, objs=0.0/s, last_udp=4.03s, meas=0, tracks=0, valid=0, master=2490
[LIVE] udp=0.0/s, objs=0.0/s, last_udp=5.03s, meas=0, tracks=0, valid=0, master=2490
[LIVE] udp=0.0/s, objs=0.0/s, last_udp=6.03s, meas=0, tracks=0, valid=0, master=2490
[LIVE] udp=0.0/s, objs=0.0/s, last_udp=7.03s, meas=0, tracks=0, valid=0, master=2490
[LIVE] udp=0.0/s, objs=0.0/s, last_udp=8.03s, meas=0, tracks=0, valid=0, master=2490
[LIVE] udp=0.0/s, objs=0.0/s, last_udp=9.03s, meas=0, tracks=0, valid=0, master=2490
[LIVE] udp=0.0/s, objs=0.0/s, last_udp=10.04s, meas=0, tracks=0, valid=0, master=2490
[LIVE] udp=1.0/s, objs=1.0/s, last_udp=0.79s, meas=1, tracks=1, valid=0, master=2490
[GPS] GGA fix_quality=1, num_sats=24, hdop=0.7, lat=30.408110919333332, lon=104.08864765166666
[LIVE] udp=0.0/s, objs=0.0/s, last_udp=1.79s, meas=1, tracks=1, valid=0, master=2490
[LIVE] udp=0.0/s, objs=0.0/s, last_udp=2.79s, meas=1, tracks=1, valid=0, master=2490
[LIVE] udp=0.0/s, objs=0.0/s, last_udp=3.79s, meas=1, tracks=1, valid=0, master=2490
[LIVE] udp=0.0/s, objs=0.0/s, last_udp=4.80s, meas=1, tracks=1, valid=0, master=2490
[LIVE] udp=0.0/s, objs=0.0/s, last_udp=5.80s, meas=1, tracks=1, valid=0, master=2490
[LIVE] udp=0.0/s, objs=0.0/s, last_udp=6.80s, meas=1, tracks=1, valid=0, master=2490
[LIVE] udp=0.0/s, objs=0.0/s, last_udp=7.80s, meas=1, tracks=1, valid=0, master=2490
[LIVE] udp=0.0/s, objs=0.0/s, last_udp=8.80s, meas=1, tracks=1, valid=0, master=2490
[LIVE] udp=0.0/s, objs=0.0/s, last_udp=9.81s, meas=1, tracks=1, valid=0, master=2490
[LIVE] udp=0.0/s, objs=0.0/s, last_udp=10.81s, meas=1, tracks=1, valid=0, master=2490
[GPS] GGA fix_quality=1, num_sats=24, hdop=0.8, lat=30.408112146166665, lon=104.08865162866667
[LIVE] udp=0.0/s, objs=0.0/s, last_udp=11.81s, meas=1, tracks=1, valid=0, master=2490
[LIVE] udp=0.0/s, objs=0.0/s, last_udp=12.81s, meas=1, tracks=1, valid=0, master=2490
[LIVE] udp=0.0/s, objs=0.0/s, last_udp=13.81s, meas=1, tracks=1, valid=0, master=2490
[LIVE] udp=0.0/s, objs=0.0/s, last_udp=14.81s, meas=1, tracks=1, valid=0, master=2490
[LIVE] udp=0.0/s, objs=0.0/s, last_udp=15.81s, meas=1, tracks=1, valid=0, master=2490
[LIVE] udp=0.0/s, objs=0.0/s, last_udp=16.81s, meas=1, tracks=1, valid=0, master=2490
[LIVE] udp=0.0/s, objs=0.0/s, last_udp=17.82s, meas=1, tracks=1, valid=0, master=2490
[LIVE] udp=0.0/s, objs=0.0/s, last_udp=18.82s, meas=1, tracks=1, valid=0, master=2490
[LIVE] udp=0.0/s, objs=0.0/s, last_udp=19.83s, meas=1, tracks=1, valid=0, master=2490
[LIVE] udp=0.0/s, objs=0.0/s, last_udp=20.83s, meas=1, tracks=1, valid=0, master=2490
[GPS] GGA fix_quality=1, num_sats=26, hdop=0.6, lat=30.4081136225, lon=104.08865199216666
[LIVE] udp=0.0/s, objs=0.0/s, last_udp=21.84s, meas=1, tracks=1, valid=0, master=2490
[LIVE] udp=0.0/s, objs=0.0/s, last_udp=22.84s, meas=1, tracks=1, valid=0, master=2490
[LIVE] udp=0.0/s, objs=0.0/s, last_udp=23.84s, meas=1, tracks=1, valid=0, master=2490
[LIVE] udp=0.0/s, objs=0.0/s, last_udp=24.85s, meas=1, tracks=1, valid=0, master=2490
[LIVE] udp=0.0/s, objs=0.0/s, last_udp=25.85s, meas=1, tracks=1, valid=0, master=2490
[LIVE] udp=0.0/s, objs=0.0/s, last_udp=26.85s, meas=1, tracks=1, valid=0, master=2490
[LIVE] udp=0.0/s, objs=0.0/s, last_udp=27.85s, meas=1, tracks=1, valid=0, master=2490
[LIVE] udp=0.0/s, objs=0.0/s, last_udp=28.86s, meas=1, tracks=1, valid=0, master=2490
[LIVE] udp=0.0/s, objs=0.0/s, last_udp=29.86s, meas=1, tracks=1, valid=0, master=2490
[LIVE] udp=0.0/s, objs=0.0/s, last_udp=30.86s, meas=1, tracks=1, valid=0, master=2490
[GPS] GGA fix_quality=1, num_sats=23, hdop=0.7, lat=30.40812396766667, lon=104.08863627533333
[LIVE] udp=0.0/s, objs=0.0/s, last_udp=31.86s, meas=1, tracks=1, valid=0, master=2490
[LIVE] udp=0.0/s, objs=0.0/s, last_udp=32.86s, meas=1, tracks=1, valid=0, master=2490
[LIVE] udp=0.0/s, objs=0.0/s, last_udp=33.87s, meas=1, tracks=1, valid=0, master=2490
[LIVE] udp=0.0/s, objs=0.0/s, last_udp=34.87s, meas=1, tracks=1, valid=0, master=2490
[LIVE] udp=0.0/s, objs=0.0/s, last_udp=35.87s, meas=1, tracks=1, valid=0, master=2490
[LIVE] udp=0.0/s, objs=0.0/s, last_udp=36.88s, meas=1, tracks=1, valid=0, master=2490
[LIVE] udp=0.0/s, objs=0.0/s, last_udp=37.88s, meas=1, tracks=1, valid=0, master=2490
[LIVE] udp=0.0/s, objs=0.0/s, last_udp=38.89s, meas=1, tracks=1, valid=0, master=2490
[LIVE] udp=0.0/s, objs=0.0/s, last_udp=39.89s, meas=1, tracks=1, valid=0, master=2490
[LIVE] udp=0.0/s, objs=0.0/s, last_udp=40.89s, meas=1, tracks=1, valid=0, master=2490
[GPS] GGA fix_quality=1, num_sats=25, hdop=0.7, lat=30.408115296833333, lon=104.08865374633334
[LIVE] udp=0.0/s, objs=0.0/s, last_udp=41.89s, meas=1, tracks=1, valid=0, master=2490
[LIVE] udp=0.0/s, objs=0.0/s, last_udp=42.89s, meas=1, tracks=1, valid=0, master=2490
[LIVE] udp=0.0/s, objs=0.0/s, last_udp=43.90s, meas=1, tracks=1, valid=0, master=2490
[LIVE] udp=0.0/s, objs=0.0/s, last_udp=44.90s, meas=1, tracks=1, valid=0, master=2490
[LIVE] udp=0.0/s, objs=0.0/s, last_udp=45.91s, meas=1, tracks=1, valid=0, master=2490
[LIVE] udp=0.0/s, objs=0.0/s, last_udp=46.91s, meas=1, tracks=1, valid=0, master=2490
[LIVE] udp=0.0/s, objs=0.0/s, last_udp=47.91s, meas=1, tracks=1, valid=0, master=2490
[LIVE] udp=0.0/s, objs=0.0/s, last_udp=48.91s, meas=1, tracks=1, valid=0, master=2490
[LIVE] udp=0.0/s, objs=0.0/s, last_udp=49.92s, meas=1, tracks=1, valid=0, master=2490
[LIVE] udp=0.0/s, objs=0.0/s, last_udp=50.92s, meas=1, tracks=1, valid=0, master=2490
[GPS] GGA fix_quality=1, num_sats=25, hdop=0.7, lat=30.408113367166667, lon=104.08864744916667
[LIVE] udp=0.0/s, objs=0.0/s, last_udp=51.92s, meas=1, tracks=1, valid=0, master=2490
[LIVE] udp=0.0/s, objs=0.0/s, last_udp=52.93s, meas=1, tracks=1, valid=0, master=2490
[LIVE] udp=0.0/s, objs=0.0/s, last_udp=53.93s, meas=1, tracks=1, valid=0, master=2490
[LIVE] udp=0.0/s, objs=0.0/s, last_udp=54.93s, meas=1, tracks=1, valid=0, master=2490
[LIVE] udp=0.0/s, objs=0.0/s, last_udp=55.93s, meas=1, tracks=1, valid=0, master=2490
[LIVE] udp=0.0/s, objs=0.0/s, last_udp=56.94s, meas=1, tracks=1, valid=0, master=2490
[LIVE] udp=0.0/s, objs=0.0/s, last_udp=57.94s, meas=1, tracks=1, valid=0, master=2490
[LIVE] udp=2.0/s, objs=2.0/s, last_udp=0.21s, meas=1, tracks=1, valid=0, master=2490
[LIVE] udp=0.0/s, objs=0.0/s, last_udp=1.22s, meas=1, tracks=1, valid=0, master=2490
[LIVE] udp=0.0/s, objs=0.0/s, last_udp=2.22s, meas=1, tracks=1, valid=0, master=2490
[GPS] GGA fix_quality=1, num_sats=24, hdop=0.7, lat=30.408112499833333, lon=104.08864582383333
[LIVE] udp=0.0/s, objs=0.0/s, last_udp=3.22s, meas=1, tracks=1, valid=0, master=2490
[LIVE] udp=0.0/s, objs=0.0/s, last_udp=4.22s, meas=1, tracks=1, valid=0, master=2490
[LIVE] udp=0.0/s, objs=0.0/s, last_udp=5.22s, meas=1, tracks=1, valid=0, master=2490
[LIVE] udp=0.0/s, objs=0.0/s, last_udp=6.22s, meas=1, tracks=1, valid=0, master=2490
[LIVE] udp=0.0/s, objs=0.0/s, last_udp=7.22s, meas=1, tracks=1, valid=0, master=2490
[LIVE] udp=0.0/s, objs=0.0/s, last_udp=8.23s, meas=1, tracks=1, valid=0, master=2490
[LIVE] udp=0.0/s, objs=0.0/s, last_udp=9.23s, meas=1, tracks=1, valid=0, master=2490
[LIVE] udp=0.0/s, objs=0.0/s, last_udp=10.23s, meas=1, tracks=1, valid=0, master=2490
[LIVE] udp=1.0/s, objs=1.0/s, last_udp=1.00s, meas=0, tracks=0, valid=0, master=2490
[LIVE] udp=0.0/s, objs=0.0/s, last_udp=2.00s, meas=0, tracks=0, valid=0, master=2490
[GPS] GGA fix_quality=1, num_sats=25, hdop=0.7, lat=30.408107495166668, lon=104.08865689833333
[LIVE] udp=0.0/s, objs=0.0/s, last_udp=3.00s, meas=0, tracks=0, valid=0, master=2490
[LIVE] udp=0.0/s, objs=0.0/s, last_udp=4.00s, meas=0, tracks=0, valid=0, master=2490
[LIVE] udp=0.0/s, objs=0.0/s, last_udp=5.00s, meas=0, tracks=0, valid=0, master=2490
[LIVE] udp=0.0/s, objs=0.0/s, last_udp=6.01s, meas=0, tracks=0, valid=0, master=2490
[LIVE] udp=0.0/s, objs=0.0/s, last_udp=7.01s, meas=0, tracks=0, valid=0, master=2490
[LIVE] udp=0.0/s, objs=0.0/s, last_udp=8.02s, meas=0, tracks=0, valid=0, master=2490
[LIVE] udp=0.0/s, objs=0.0/s, last_udp=9.02s, meas=0, tracks=0, valid=0, master=2490
[LIVE] udp=0.0/s, objs=0.0/s, last_udp=10.02s, meas=0, tracks=0, valid=0, master=2490
[LIVE] udp=0.0/s, objs=0.0/s, last_udp=11.02s, meas=0, tracks=0, valid=0, master=2490
[LIVE] udp=0.0/s, objs=0.0/s, last_udp=12.03s, meas=0, tracks=0, valid=0, master=2490
[GPS] GGA fix_quality=1, num_sats=26, hdop=0.6, lat=30.408104479333332, lon=104.08865915016666
[LIVE] udp=0.0/s, objs=0.0/s, last_udp=13.03s, meas=0, tracks=0, valid=0, master=2490
[LIVE] udp=0.0/s, objs=0.0/s, last_udp=14.03s, meas=0, tracks=0, valid=0, master=2490
[LIVE] udp=0.0/s, objs=0.0/s, last_udp=15.04s, meas=0, tracks=0, valid=0, master=2490
[LIVE] udp=0.0/s, objs=0.0/s, last_udp=16.04s, meas=0, tracks=0, valid=0, master=2490
[LIVE] udp=1.0/s, objs=1.0/s, last_udp=0.41s, meas=1, tracks=1, valid=0, master=2490
[LIVE] udp=0.0/s, objs=0.0/s, last_udp=1.42s, meas=1, tracks=1, valid=0, master=2490
[LIVE] udp=0.0/s, objs=0.0/s, last_udp=2.42s, meas=1, tracks=1, valid=0, master=2490
[LIVE] udp=0.0/s, objs=0.0/s, last_udp=3.43s, meas=1, tracks=1, valid=0, master=2490
[LIVE] udp=0.0/s, objs=0.0/s, last_udp=4.43s, meas=1, tracks=1, valid=0, master=2490
[LIVE] udp=0.0/s, objs=0.0/s, last_udp=5.44s, meas=1, tracks=1, valid=0, master=2490
[GPS] GGA fix_quality=1, num_sats=26, hdop=0.7, lat=30.408106915166666, lon=104.08864683166667
[LIVE] udp=0.0/s, objs=0.0/s, last_udp=6.44s, meas=1, tracks=1, valid=0, master=2490
[LIVE] udp=0.0/s, objs=0.0/s, last_udp=7.44s, meas=1, tracks=1, valid=0, master=2490
[LIVE] udp=0.0/s, objs=0.0/s, last_udp=8.44s, meas=1, tracks=1, valid=0, master=2490
[LIVE] udp=0.0/s, objs=0.0/s, last_udp=9.44s, meas=1, tracks=1, valid=0, master=2490
[LIVE] udp=0.0/s, objs=0.0/s, last_udp=10.45s, meas=1, tracks=1, valid=0, master=2490
[LIVE] udp=0.0/s, objs=0.0/s, last_udp=11.45s, meas=1, tracks=1, valid=0, master=2490
[LIVE] udp=0.0/s, objs=0.0/s, last_udp=12.45s, meas=1, tracks=1, valid=0, master=2490
[LIVE] udp=0.0/s, objs=0.0/s, last_udp=13.45s, meas=1, tracks=1, valid=0, master=2490
[LIVE] udp=0.0/s, objs=0.0/s, last_udp=14.45s, meas=1, tracks=1, valid=0, master=2490
[LIVE] udp=0.0/s, objs=0.0/s, last_udp=15.45s, meas=1, tracks=1, valid=0, master=2490
[GPS] GGA fix_quality=1, num_sats=26, hdop=0.6, lat=30.408113140333334, lon=104.088642034
[LIVE] udp=0.0/s, objs=0.0/s, last_udp=16.45s, meas=1, tracks=1, valid=0, master=2490
[LIVE] udp=0.0/s, objs=0.0/s, last_udp=17.46s, meas=1, tracks=1, valid=0, master=2490
[LIVE] udp=0.0/s, objs=0.0/s, last_udp=18.46s, meas=1, tracks=1, valid=0, master=2490
[LIVE] udp=0.0/s, objs=0.0/s, last_udp=19.46s, meas=1, tracks=1, valid=0, master=2490
[LIVE] udp=0.0/s, objs=0.0/s, last_udp=20.46s, meas=1, tracks=1, valid=0, master=2490
[LIVE] udp=0.0/s, objs=0.0/s, last_udp=21.47s, meas=1, tracks=1, valid=0, master=2490
[LIVE] udp=0.0/s, objs=0.0/s, last_udp=22.47s, meas=1, tracks=1, valid=0, master=2490
[LIVE] udp=0.0/s, objs=0.0/s, last_udp=23.47s, meas=1, tracks=1, valid=0, master=2490
[LIVE] udp=1.0/s, objs=1.0/s, last_udp=0.93s, meas=1, tracks=1, valid=0, master=2490
[LIVE] udp=0.0/s, objs=0.0/s, last_udp=1.93s, meas=1, tracks=1, valid=0, master=2490
[GPS] GGA fix_quality=1, num_sats=25, hdop=0.7, lat=30.408115877333334, lon=104.08864644083333
[LIVE] udp=0.0/s, objs=0.0/s, last_udp=2.94s, meas=1, tracks=1, valid=0, master=2490
[LIVE] udp=0.0/s, objs=0.0/s, last_udp=3.94s, meas=1, tracks=1, valid=0, master=2490
[LIVE] udp=0.0/s, objs=0.0/s, last_udp=4.94s, meas=1, tracks=1, valid=0, master=2490
[LIVE] udp=0.0/s, objs=0.0/s, last_udp=5.94s, meas=1, tracks=1, valid=0, master=2490
[Warning] 逻辑ID 1 没有配置偏差数据
[LIVE] udp=1.0/s, objs=1.0/s, last_udp=0.59s, meas=0, tracks=1, valid=0, master=2490
[LIVE] udp=0.0/s, objs=0.0/s, last_udp=1.60s, meas=0, tracks=1, valid=0, master=2490
[LIVE] udp=0.0/s, objs=0.0/s, last_udp=2.60s, meas=0, tracks=1, valid=0, master=2490
[LIVE] udp=0.0/s, objs=0.0/s, last_udp=3.60s, meas=0, tracks=1, valid=0, master=2490
[LIVE] udp=0.0/s, objs=0.0/s, last_udp=4.60s, meas=0, tracks=1, valid=0, master=2490
[LIVE] udp=0.0/s, objs=0.0/s, last_udp=5.60s, meas=0, tracks=1, valid=0, master=2490
[GPS] GGA fix_quality=1, num_sats=24, hdop=0.8, lat=30.408122556833334, lon=104.088641864
[LIVE] udp=0.0/s, objs=0.0/s, last_udp=6.60s, meas=0, tracks=1, valid=0, master=2490
[LIVE] udp=0.0/s, objs=0.0/s, last_udp=7.61s, meas=0, tracks=1, valid=0, master=2490
[LIVE] udp=0.0/s, objs=0.0/s, last_udp=8.61s, meas=0, tracks=1, valid=0, master=2490
[LIVE] udp=0.0/s, objs=0.0/s, last_udp=9.61s, meas=0, tracks=1, valid=0, master=2490
[LIVE] udp=0.0/s, objs=0.0/s, last_udp=10.62s, meas=0, tracks=1, valid=0, master=2490
[LIVE] udp=0.0/s, objs=0.0/s, last_udp=11.62s, meas=0, tracks=1, valid=0, master=2490
[LIVE] udp=0.0/s, objs=0.0/s, last_udp=12.62s, meas=0, tracks=1, valid=0, master=2490
[LIVE] udp=0.0/s, objs=0.0/s, last_udp=13.63s, meas=0, tracks=1, valid=0, master=2490
[LIVE] udp=0.0/s, objs=0.0/s, last_udp=14.63s, meas=0, tracks=1, valid=0, master=2490
[LIVE] udp=0.0/s, objs=0.0/s, last_udp=15.63s, meas=0, tracks=1, valid=0, master=2490
[GPS] GGA fix_quality=1, num_sats=26, hdop=0.7, lat=30.408128220666665, lon=104.0886439465
[LIVE] udp=0.0/s, objs=0.0/s, last_udp=16.63s, meas=0, tracks=1, valid=0, master=2490
[LIVE] udp=0.0/s, objs=0.0/s, last_udp=17.63s, meas=0, tracks=1, valid=0, master=2490
[LIVE] udp=0.0/s, objs=0.0/s, last_udp=18.64s, meas=0, tracks=1, valid=0, master=2490
[LIVE] udp=0.0/s, objs=0.0/s, last_udp=19.64s, meas=0, tracks=1, valid=0, master=2490
[LIVE] udp=0.0/s, objs=0.0/s, last_udp=20.64s, meas=0, tracks=1, valid=0, master=2490
[LIVE] udp=0.0/s, objs=0.0/s, last_udp=21.64s, meas=0, tracks=1, valid=0, master=2490
[LIVE] udp=0.0/s, objs=0.0/s, last_udp=22.65s, meas=0, tracks=1, valid=0, master=2490
[LIVE] udp=0.0/s, objs=0.0/s, last_udp=23.65s, meas=0, tracks=1, valid=0, master=2490
[LIVE] udp=0.0/s, objs=0.0/s, last_udp=24.66s, meas=0, tracks=1, valid=0, master=2490
[LIVE] udp=0.0/s, objs=0.0/s, last_udp=25.66s, meas=0, tracks=1, valid=0, master=2490
[GPS] GGA fix_quality=1, num_sats=25, hdop=0.7, lat=30.408124205333333, lon=104.08864131433333
[LIVE] udp=0.0/s, objs=0.0/s, last_udp=26.66s, meas=0, tracks=1, valid=0, master=2490
[LIVE] udp=0.0/s, objs=0.0/s, last_udp=27.67s, meas=0, tracks=1, valid=0, master=2490
[LIVE] udp=0.0/s, objs=0.0/s, last_udp=28.67s, meas=0, tracks=1, valid=0, master=2490
[LIVE] udp=0.0/s, objs=0.0/s, last_udp=29.67s, meas=0, tracks=1, valid=0, master=2490
[LIVE] udp=0.0/s, objs=0.0/s, last_udp=30.67s, meas=0, tracks=1, valid=0, master=2490
[LIVE] udp=0.0/s, objs=0.0/s, last_udp=31.68s, meas=0, tracks=1, valid=0, master=2490
[LIVE] udp=0.0/s, objs=0.0/s, last_udp=32.68s, meas=0, tracks=1, valid=0, master=2490
[LIVE] udp=0.0/s, objs=0.0/s, last_udp=33.68s, meas=0, tracks=1, valid=0, master=2490
[LIVE] udp=0.0/s, objs=0.0/s, last_udp=34.68s, meas=0, tracks=1, valid=0, master=2490
[LIVE] udp=0.0/s, objs=0.0/s, last_udp=35.68s, meas=0, tracks=1, valid=0, master=2490
[GPS] GGA fix_quality=1, num_sats=25, hdop=0.8, lat=30.408119241166666, lon=104.08863626816667
[LIVE] udp=0.0/s, objs=0.0/s, last_udp=36.68s, meas=0, tracks=1, valid=0, master=2490
[LIVE] udp=0.0/s, objs=0.0/s, last_udp=37.69s, meas=0, tracks=1, valid=0, master=2490
[LIVE] udp=0.0/s, objs=0.0/s, last_udp=38.69s, meas=0, tracks=1, valid=0, master=2490
[LIVE] udp=0.0/s, objs=0.0/s, last_udp=39.69s, meas=0, tracks=1, valid=0, master=2490
[LIVE] udp=0.0/s, objs=0.0/s, last_udp=40.69s, meas=0, tracks=1, valid=0, master=2490
[LIVE] udp=0.0/s, objs=0.0/s, last_udp=41.69s, meas=0, tracks=1, valid=0, master=2490
[LIVE] udp=0.0/s, objs=0.0/s, last_udp=42.69s, meas=0, tracks=1, valid=0, master=2490
[Warning] 逻辑ID 1 没有配置偏差数据
[LIVE] udp=1.0/s, objs=1.0/s, last_udp=0.74s, meas=0, tracks=0, valid=0, master=2490
[LIVE] udp=0.0/s, objs=0.0/s, last_udp=1.74s, meas=0, tracks=0, valid=0, master=2490
[LIVE] udp=0.0/s, objs=0.0/s, last_udp=2.74s, meas=0, tracks=0, valid=0, master=2490
[GPS] GGA fix_quality=1, num_sats=27, hdop=0.6, lat=30.408114710333333, lon=104.08863804616666
[LIVE] udp=0.0/s, objs=0.0/s, last_udp=3.74s, meas=0, tracks=0, valid=0, master=2490
[LIVE] udp=0.0/s, objs=0.0/s, last_udp=4.75s, meas=0, tracks=0, valid=0, master=2490
[LIVE] udp=0.0/s, objs=0.0/s, last_udp=5.75s, meas=0, tracks=0, valid=0, master=2490
[LIVE] udp=0.0/s, objs=0.0/s, last_udp=6.75s, meas=0, tracks=0, valid=0, master=2490
[LIVE] udp=0.0/s, objs=0.0/s, last_udp=7.76s, meas=0, tracks=0, valid=0, master=2490
[LIVE] udp=1.0/s, objs=1.0/s, last_udp=0.57s, meas=1, tracks=1, valid=0, master=2490
[LIVE] udp=0.0/s, objs=0.0/s, last_udp=1.57s, meas=1, tracks=1, valid=0, master=2490
[LIVE] udp=0.0/s, objs=0.0/s, last_udp=2.58s, meas=1, tracks=1, valid=0, master=2490
[LIVE] udp=3.0/s, objs=3.0/s, last_udp=0.07s, meas=1, tracks=1, valid=1, master=2495
[LIVE] udp=5.0/s, objs=5.0/s, last_udp=0.05s, meas=1, tracks=1, valid=1, master=2495
[GPS] GGA fix_quality=1, num_sats=27, hdop=0.6, lat=30.408114393166667, lon=104.08863957116667
[LIVE] udp=3.0/s, objs=3.0/s, last_udp=0.31s, meas=1, tracks=1, valid=1, master=2495
[LIVE] udp=3.0/s, objs=3.0/s, last_udp=0.18s, meas=2, tracks=2, valid=1, master=2495
[LIVE] udp=3.0/s, objs=3.0/s, last_udp=0.06s, meas=1, tracks=2, valid=1, master=2495
[LIVE] udp=3.0/s, objs=3.0/s, last_udp=0.22s, meas=1, tracks=2, valid=1, master=2495
[LIVE] udp=3.0/s, objs=3.0/s, last_udp=0.17s, meas=1, tracks=2, valid=1, master=2495
[LIVE] udp=0.0/s, objs=0.0/s, last_udp=1.17s, meas=1, tracks=2, valid=1, master=2495
[LIVE] udp=0.0/s, objs=0.0/s, last_udp=2.17s, meas=1, tracks=2, valid=1, master=2495
[LIVE] udp=0.0/s, objs=0.0/s, last_udp=3.17s, meas=1, tracks=2, valid=1, master=2495
[LIVE] udp=0.0/s, objs=0.0/s, last_udp=4.18s, meas=1, tracks=2, valid=1, master=2495
[LIVE] udp=0.0/s, objs=0.0/s, last_udp=5.18s, meas=1, tracks=2, valid=1, master=2495
[GPS] GGA fix_quality=1, num_sats=27, hdop=0.6, lat=30.408114692833333, lon=104.08865270483334
[LIVE] udp=0.0/s, objs=0.0/s, last_udp=6.18s, meas=1, tracks=2, valid=1, master=2495
[LIVE] udp=0.0/s, objs=0.0/s, last_udp=7.18s, meas=1, tracks=2, valid=1, master=2495
[LIVE] udp=0.0/s, objs=0.0/s, last_udp=8.18s, meas=1, tracks=2, valid=1, master=2495
[LIVE] udp=0.0/s, objs=0.0/s, last_udp=9.19s, meas=1, tracks=2, valid=1, master=2495
[LIVE] udp=0.0/s, objs=0.0/s, last_udp=10.19s, meas=1, tracks=2, valid=1, master=2495
[LIVE] udp=0.0/s, objs=0.0/s, last_udp=11.19s, meas=1, tracks=2, valid=1, master=2495
[LIVE] udp=0.0/s, objs=0.0/s, last_udp=12.20s, meas=1, tracks=2, valid=1, master=2495
[LIVE] udp=0.0/s, objs=0.0/s, last_udp=13.20s, meas=1, tracks=2, valid=1, master=2495
[LIVE] udp=0.0/s, objs=0.0/s, last_udp=14.20s, meas=1, tracks=2, valid=1, master=2495
[LIVE] udp=0.0/s, objs=0.0/s, last_udp=15.20s, meas=1, tracks=2, valid=1, master=2495
[GPS] GGA fix_quality=1, num_sats=27, hdop=0.6, lat=30.408119605166668, lon=104.088644153
[LIVE] udp=0.0/s, objs=0.0/s, last_udp=16.21s, meas=1, tracks=2, valid=1, master=2495
[Warning] 逻辑ID 1 没有配置偏差数据
[LIVE] udp=1.0/s, objs=1.0/s, last_udp=0.50s, meas=0, tracks=0, valid=0, master=2495
[LIVE] udp=0.0/s, objs=0.0/s, last_udp=1.50s, meas=0, tracks=0, valid=0, master=2495
[Warning] 逻辑ID 1 没有配置偏差数据
[LIVE] udp=1.0/s, objs=1.0/s, last_udp=0.60s, meas=0, tracks=0, valid=0, master=2495
[LIVE] udp=0.0/s, objs=0.0/s, last_udp=1.60s, meas=0, tracks=0, valid=0, master=2495
[LIVE] udp=0.0/s, objs=0.0/s, last_udp=2.60s, meas=0, tracks=0, valid=0, master=2495
[LIVE] udp=0.0/s, objs=0.0/s, last_udp=3.61s, meas=0, tracks=0, valid=0, master=2495
[LIVE] udp=0.0/s, objs=0.0/s, last_udp=4.61s, meas=0, tracks=0, valid=0, master=2495
[LIVE] udp=0.0/s, objs=0.0/s, last_udp=5.61s, meas=0, tracks=0, valid=0, master=2495
[LIVE] udp=0.0/s, objs=0.0/s, last_udp=6.61s, meas=0, tracks=0, valid=0, master=2495
[GPS] GGA fix_quality=1, num_sats=27, hdop=0.6, lat=30.408125198166665, lon=104.08863865433334
[LIVE] udp=0.0/s, objs=0.0/s, last_udp=7.61s, meas=0, tracks=0, valid=0, master=2495
[LIVE] udp=0.0/s, objs=0.0/s, last_udp=8.62s, meas=0, tracks=0, valid=0, master=2495
[LIVE] udp=0.0/s, objs=0.0/s, last_udp=9.62s, meas=0, tracks=0, valid=0, master=2495
[LIVE] udp=0.0/s, objs=0.0/s, last_udp=10.62s, meas=0, tracks=0, valid=0, master=2495
[LIVE] udp=0.0/s, objs=0.0/s, last_udp=11.63s, meas=0, tracks=0, valid=0, master=2495
[LIVE] udp=0.0/s, objs=0.0/s, last_udp=12.63s, meas=0, tracks=0, valid=0, master=2495
[LIVE] udp=0.0/s, objs=0.0/s, last_udp=13.64s, meas=0, tracks=0, valid=0, master=2495
[LIVE] udp=0.0/s, objs=0.0/s, last_udp=14.64s, meas=0, tracks=0, valid=0, master=2495
[LIVE] udp=0.0/s, objs=0.0/s, last_udp=15.64s, meas=0, tracks=0, valid=0, master=2495
[LIVE] udp=0.0/s, objs=0.0/s, last_udp=16.65s, meas=0, tracks=0, valid=0, master=2495
[GPS] GGA fix_quality=1, num_sats=25, hdop=0.7, lat=30.408129906833334, lon=104.08863872266667
[LIVE] udp=0.0/s, objs=0.0/s, last_udp=17.65s, meas=0, tracks=0, valid=0, master=2495
[LIVE] udp=0.0/s, objs=0.0/s, last_udp=18.65s, meas=0, tracks=0, valid=0, master=2495
[LIVE] udp=0.0/s, objs=0.0/s, last_udp=19.66s, meas=0, tracks=0, valid=0, master=2495
[LIVE] udp=0.0/s, objs=0.0/s, last_udp=20.66s, meas=0, tracks=0, valid=0, master=2495
[LIVE] udp=0.0/s, objs=0.0/s, last_udp=21.66s, meas=0, tracks=0, valid=0, master=2495
[LIVE] udp=0.0/s, objs=0.0/s, last_udp=22.67s, meas=0, tracks=0, valid=0, master=2495
[LIVE] udp=0.0/s, objs=0.0/s, last_udp=23.67s, meas=0, tracks=0, valid=0, master=2495
[LIVE] udp=0.0/s, objs=0.0/s, last_udp=24.67s, meas=0, tracks=0, valid=0, master=2495
[LIVE] udp=0.0/s, objs=0.0/s, last_udp=25.67s, meas=0, tracks=0, valid=0, master=2495
[LIVE] udp=0.0/s, objs=0.0/s, last_udp=26.67s, meas=0, tracks=0, valid=0, master=2495
[GPS] GGA fix_quality=1, num_sats=26, hdop=0.6, lat=30.4081325295, lon=104.08864448716666
[LIVE] udp=0.0/s, objs=0.0/s, last_udp=27.67s, meas=0, tracks=0, valid=0, master=2495
[LIVE] udp=0.0/s, objs=0.0/s, last_udp=28.68s, meas=0, tracks=0, valid=0, master=2495
[LIVE] udp=2.0/s, objs=2.0/s, last_udp=0.32s, meas=1, tracks=1, valid=0, master=2495
[LIVE] udp=1.0/s, objs=1.0/s, last_udp=0.94s, meas=1, tracks=1, valid=1, master=2497
[LIVE] udp=0.0/s, objs=0.0/s, last_udp=1.94s, meas=1, tracks=1, valid=1, master=2497
[LIVE] udp=0.0/s, objs=0.0/s, last_udp=2.94s, meas=1, tracks=1, valid=1, master=2497
[LIVE] udp=0.0/s, objs=0.0/s, last_udp=3.95s, meas=1, tracks=1, valid=1, master=2497
[LIVE] udp=0.0/s, objs=0.0/s, last_udp=4.95s, meas=1, tracks=1, valid=1, master=2497
[LIVE] udp=0.0/s, objs=0.0/s, last_udp=5.95s, meas=1, tracks=1, valid=1, master=2497
[LIVE] udp=0.0/s, objs=0.0/s, last_udp=6.95s, meas=1, tracks=1, valid=1, master=2497
[GPS] GGA fix_quality=1, num_sats=27, hdop=0.6, lat=30.408130763833334, lon=104.088646654
[LIVE] udp=0.0/s, objs=0.0/s, last_udp=7.95s, meas=1, tracks=1, valid=1, master=2497
[LIVE] udp=0.0/s, objs=0.0/s, last_udp=8.95s, meas=1, tracks=1, valid=1, master=2497
[LIVE] udp=0.0/s, objs=0.0/s, last_udp=9.96s, meas=1, tracks=1, valid=1, master=2497
[LIVE] udp=0.0/s, objs=0.0/s, last_udp=10.96s, meas=1, tracks=1, valid=1, master=2497
[LIVE] udp=0.0/s, objs=0.0/s, last_udp=11.96s, meas=1, tracks=1, valid=1, master=2497
[LIVE] udp=0.0/s, objs=0.0/s, last_udp=12.97s, meas=1, tracks=1, valid=1, master=2497
[LIVE] udp=0.0/s, objs=0.0/s, last_udp=13.97s, meas=1, tracks=1, valid=1, master=2497
[LIVE] udp=0.0/s, objs=0.0/s, last_udp=14.97s, meas=1, tracks=1, valid=1, master=2497
[LIVE] udp=0.0/s, objs=0.0/s, last_udp=15.97s, meas=1, tracks=1, valid=1, master=2497
[LIVE] udp=0.0/s, objs=0.0/s, last_udp=16.97s, meas=1, tracks=1, valid=1, master=2497
[GPS] GGA fix_quality=1, num_sats=26, hdop=0.6, lat=30.408125248, lon=104.088642363
[LIVE] udp=0.0/s, objs=0.0/s, last_udp=17.98s, meas=1, tracks=1, valid=1, master=2497
[LIVE] udp=0.0/s, objs=0.0/s, last_udp=18.98s, meas=1, tracks=1, valid=1, master=2497
[LIVE] udp=0.0/s, objs=0.0/s, last_udp=19.98s, meas=1, tracks=1, valid=1, master=2497
[LIVE] udp=0.0/s, objs=0.0/s, last_udp=20.98s, meas=1, tracks=1, valid=1, master=2497
[LIVE] udp=0.0/s, objs=0.0/s, last_udp=21.99s, meas=1, tracks=1, valid=1, master=2497
[LIVE] udp=0.0/s, objs=0.0/s, last_udp=22.99s, meas=1, tracks=1, valid=1, master=2497
[LIVE] udp=0.0/s, objs=0.0/s, last_udp=23.99s, meas=1, tracks=1, valid=1, master=2497
[LIVE] udp=0.0/s, objs=0.0/s, last_udp=24.99s, meas=1, tracks=1, valid=1, master=2497
[LIVE] udp=0.0/s, objs=0.0/s, last_udp=26.00s, meas=1, tracks=1, valid=1, master=2497
[LIVE] udp=0.0/s, objs=0.0/s, last_udp=27.00s, meas=1, tracks=1, valid=1, master=2497
[GPS] GGA fix_quality=1, num_sats=25, hdop=0.7, lat=30.408119215833334, lon=104.08864529333333
[LIVE] udp=0.0/s, objs=0.0/s, last_udp=28.00s, meas=1, tracks=1, valid=1, master=2497
[LIVE] udp=0.0/s, objs=0.0/s, last_udp=29.00s, meas=1, tracks=1, valid=1, master=2497
[LIVE] udp=0.0/s, objs=0.0/s, last_udp=30.01s, meas=1, tracks=1, valid=1, master=2497
[LIVE] udp=0.0/s, objs=0.0/s, last_udp=31.01s, meas=1, tracks=1, valid=1, master=2497
[LIVE] udp=0.0/s, objs=0.0/s, last_udp=32.01s, meas=1, tracks=1, valid=1, master=2497
[LIVE] udp=0.0/s, objs=0.0/s, last_udp=33.01s, meas=1, tracks=1, valid=1, master=2497
[LIVE] udp=0.0/s, objs=0.0/s, last_udp=34.02s, meas=1, tracks=1, valid=1, master=2497
[LIVE] udp=0.0/s, objs=0.0/s, last_udp=35.02s, meas=1, tracks=1, valid=1, master=2497
[LIVE] udp=0.0/s, objs=0.0/s, last_udp=36.02s, meas=1, tracks=1, valid=1, master=2497
[LIVE] udp=0.0/s, objs=0.0/s, last_udp=37.03s, meas=1, tracks=1, valid=1, master=2497
[GPS] GGA fix_quality=1, num_sats=27, hdop=0.6, lat=30.408118226, lon=104.08864264433333
[LIVE] udp=0.0/s, objs=0.0/s, last_udp=38.03s, meas=1, tracks=1, valid=1, master=2497
[LIVE] udp=0.0/s, objs=0.0/s, last_udp=39.03s, meas=1, tracks=1, valid=1, master=2497
[LIVE] udp=0.0/s, objs=0.0/s, last_udp=40.04s, meas=1, tracks=1, valid=1, master=2497
[LIVE] udp=0.0/s, objs=0.0/s, last_udp=41.04s, meas=1, tracks=1, valid=1, master=2497
[LIVE] udp=0.0/s, objs=0.0/s, last_udp=42.04s, meas=1, tracks=1, valid=1, master=2497
[LIVE] udp=0.0/s, objs=0.0/s, last_udp=43.04s, meas=1, tracks=1, valid=1, master=2497
[LIVE] udp=0.0/s, objs=0.0/s, last_udp=44.04s, meas=1, tracks=1, valid=1, master=2497
[LIVE] udp=0.0/s, objs=0.0/s, last_udp=45.04s, meas=1, tracks=1, valid=1, master=2497
[LIVE] udp=0.0/s, objs=0.0/s, last_udp=46.04s, meas=1, tracks=1, valid=1, master=2497
[LIVE] udp=0.0/s, objs=0.0/s, last_udp=47.04s, meas=1, tracks=1, valid=1, master=2497
[GPS] GGA fix_quality=1, num_sats=25, hdop=0.8, lat=30.408121582833335, lon=104.08863875633334
[LIVE] udp=0.0/s, objs=0.0/s, last_udp=48.05s, meas=1, tracks=1, valid=1, master=2497
[LIVE] udp=0.0/s, objs=0.0/s, last_udp=49.05s, meas=1, tracks=1, valid=1, master=2497
[LIVE] udp=0.0/s, objs=0.0/s, last_udp=50.05s, meas=1, tracks=1, valid=1, master=2497
[LIVE] udp=0.0/s, objs=0.0/s, last_udp=51.06s, meas=1, tracks=1, valid=1, master=2497
[LIVE] udp=0.0/s, objs=0.0/s, last_udp=52.06s, meas=1, tracks=1, valid=1, master=2497
[LIVE] udp=0.0/s, objs=0.0/s, last_udp=53.06s, meas=1, tracks=1, valid=1, master=2497
[LIVE] udp=0.0/s, objs=0.0/s, last_udp=54.07s, meas=1, tracks=1, valid=1, master=2497
[LIVE] udp=1.0/s, objs=1.0/s, last_udp=0.05s, meas=1, tracks=1, valid=1, master=2497
[LIVE] udp=2.0/s, objs=2.0/s, last_udp=0.73s, meas=1, tracks=1, valid=0, master=2497
[LIVE] udp=0.0/s, objs=0.0/s, last_udp=1.73s, meas=1, tracks=1, valid=0, master=2497
[GPS] GGA fix_quality=1, num_sats=26, hdop=0.7, lat=30.408124485833333, lon=104.08863624866666
[LIVE] udp=0.0/s, objs=0.0/s, last_udp=2.73s, meas=1, tracks=1, valid=0, master=2497
[LIVE] udp=0.0/s, objs=0.0/s, last_udp=3.74s, meas=1, tracks=1, valid=0, master=2497
[LIVE] udp=0.0/s, objs=0.0/s, last_udp=4.74s, meas=1, tracks=1, valid=0, master=2497
[LIVE] udp=0.0/s, objs=0.0/s, last_udp=5.74s, meas=1, tracks=1, valid=0, master=2497
[LIVE] udp=0.0/s, objs=0.0/s, last_udp=6.75s, meas=1, tracks=1, valid=0, master=2497
[LIVE] udp=0.0/s, objs=0.0/s, last_udp=7.75s, meas=1, tracks=1, valid=0, master=2497
[LIVE] udp=0.0/s, objs=0.0/s, last_udp=8.75s, meas=1, tracks=1, valid=0, master=2497
[LIVE] udp=0.0/s, objs=0.0/s, last_udp=9.75s, meas=1, tracks=1, valid=0, master=2497
[LIVE] udp=0.0/s, objs=0.0/s, last_udp=10.75s, meas=1, tracks=1, valid=0, master=2497
[LIVE] udp=0.0/s, objs=0.0/s, last_udp=11.75s, meas=1, tracks=1, valid=0, master=2497
[GPS] GGA fix_quality=1, num_sats=26, hdop=0.7, lat=30.408125589, lon=104.08862986533333
[LIVE] udp=0.0/s, objs=0.0/s, last_udp=12.76s, meas=1, tracks=1, valid=0, master=2497
[LIVE] udp=0.0/s, objs=0.0/s, last_udp=13.76s, meas=1, tracks=1, valid=0, master=2497
[LIVE] udp=0.0/s, objs=0.0/s, last_udp=14.77s, meas=1, tracks=1, valid=0, master=2497
[LIVE] udp=0.0/s, objs=0.0/s, last_udp=15.77s, meas=1, tracks=1, valid=0, master=2497
[LIVE] udp=0.0/s, objs=0.0/s, last_udp=16.77s, meas=1, tracks=1, valid=0, master=2497
[LIVE] udp=0.0/s, objs=0.0/s, last_udp=17.77s, meas=1, tracks=1, valid=0, master=2497
[LIVE] udp=0.0/s, objs=0.0/s, last_udp=18.77s, meas=1, tracks=1, valid=0, master=2497
[LIVE] udp=0.0/s, objs=0.0/s, last_udp=19.77s, meas=1, tracks=1, valid=0, master=2497
[LIVE] udp=0.0/s, objs=0.0/s, last_udp=20.78s, meas=1, tracks=1, valid=0, master=2497
[LIVE] udp=0.0/s, objs=0.0/s, last_udp=21.78s, meas=1, tracks=1, valid=0, master=2497
[GPS] GGA fix_quality=1, num_sats=27, hdop=0.7, lat=30.408126192833333, lon=104.08863380233333
[LIVE] udp=0.0/s, objs=0.0/s, last_udp=22.78s, meas=1, tracks=1, valid=0, master=2497
[LIVE] udp=0.0/s, objs=0.0/s, last_udp=23.78s, meas=1, tracks=1, valid=0, master=2497
[LIVE] udp=0.0/s, objs=0.0/s, last_udp=24.78s, meas=1, tracks=1, valid=0, master=2497
[LIVE] udp=0.0/s, objs=0.0/s, last_udp=25.79s, meas=1, tracks=1, valid=0, master=2497
[LIVE] udp=0.0/s, objs=0.0/s, last_udp=26.79s, meas=1, tracks=1, valid=0, master=2497
[LIVE] udp=0.0/s, objs=0.0/s, last_udp=27.79s, meas=1, tracks=1, valid=0, master=2497
[LIVE] udp=0.0/s, objs=0.0/s, last_udp=28.80s, meas=1, tracks=1, valid=0, master=2497
[LIVE] udp=0.0/s, objs=0.0/s, last_udp=29.80s, meas=1, tracks=1, valid=0, master=2497
[LIVE] udp=0.0/s, objs=0.0/s, last_udp=30.80s, meas=1, tracks=1, valid=0, master=2497
[GPS] GGA fix_quality=1, num_sats=26, hdop=0.7, lat=30.408116498833333, lon=104.08864125183334
[LIVE] udp=0.0/s, objs=0.0/s, last_udp=31.81s, meas=1, tracks=1, valid=0, master=2497
[LIVE] udp=0.0/s, objs=0.0/s, last_udp=32.81s, meas=1, tracks=1, valid=0, master=2497
[LIVE] udp=0.0/s, objs=0.0/s, last_udp=33.81s, meas=1, tracks=1, valid=0, master=2497
[LIVE] udp=0.0/s, objs=0.0/s, last_udp=34.81s, meas=1, tracks=1, valid=0, master=2497
[LIVE] udp=0.0/s, objs=0.0/s, last_udp=35.82s, meas=1, tracks=1, valid=0, master=2497
[LIVE] udp=0.0/s, objs=0.0/s, last_udp=36.82s, meas=1, tracks=1, valid=0, master=2497
[LIVE] udp=0.0/s, objs=0.0/s, last_udp=37.83s, meas=1, tracks=1, valid=0, master=2497
[LIVE] udp=0.0/s, objs=0.0/s, last_udp=38.83s, meas=1, tracks=1, valid=0, master=2497
[LIVE] udp=0.0/s, objs=0.0/s, last_udp=39.83s, meas=1, tracks=1, valid=0, master=2497
[LIVE] udp=0.0/s, objs=0.0/s, last_udp=40.84s, meas=1, tracks=1, valid=0, master=2497
[GPS] GGA fix_quality=1, num_sats=26, hdop=0.7, lat=30.408114500499998, lon=104.08865118133333
[LIVE] udp=0.0/s, objs=0.0/s, last_udp=41.84s, meas=1, tracks=1, valid=0, master=2497
[LIVE] udp=0.0/s, objs=0.0/s, last_udp=42.84s, meas=1, tracks=1, valid=0, master=2497
[LIVE] udp=0.0/s, objs=0.0/s, last_udp=43.84s, meas=1, tracks=1, valid=0, master=2497
[LIVE] udp=0.0/s, objs=0.0/s, last_udp=44.85s, meas=1, tracks=1, valid=0, master=2497
[LIVE] udp=0.0/s, objs=0.0/s, last_udp=45.85s, meas=1, tracks=1, valid=0, master=2497
[LIVE] udp=0.0/s, objs=0.0/s, last_udp=46.85s, meas=1, tracks=1, valid=0, master=2497
[LIVE] udp=0.0/s, objs=0.0/s, last_udp=47.86s, meas=1, tracks=1, valid=0, master=2497
[LIVE] udp=0.0/s, objs=0.0/s, last_udp=48.86s, meas=1, tracks=1, valid=0, master=2497
[LIVE] udp=0.0/s, objs=0.0/s, last_udp=49.86s, meas=1, tracks=1, valid=0, master=2497
[LIVE] udp=0.0/s, objs=0.0/s, last_udp=50.86s, meas=1, tracks=1, valid=0, master=2497
[GPS] GGA fix_quality=1, num_sats=26, hdop=0.7, lat=30.40811198766667, lon=104.08864795566667
[LIVE] udp=0.0/s, objs=0.0/s, last_udp=51.86s, meas=1, tracks=1, valid=0, master=2497
[LIVE] udp=0.0/s, objs=0.0/s, last_udp=52.87s, meas=1, tracks=1, valid=0, master=2497
[LIVE] udp=0.0/s, objs=0.0/s, last_udp=53.87s, meas=1, tracks=1, valid=0, master=2497
[LIVE] udp=0.0/s, objs=0.0/s, last_udp=54.87s, meas=1, tracks=1, valid=0, master=2497
[LIVE] udp=0.0/s, objs=0.0/s, last_udp=55.88s, meas=1, tracks=1, valid=0, master=2497
[LIVE] udp=0.0/s, objs=0.0/s, last_udp=56.88s, meas=1, tracks=1, valid=0, master=2497
[LIVE] udp=0.0/s, objs=0.0/s, last_udp=57.88s, meas=1, tracks=1, valid=0, master=2497
[LIVE] udp=0.0/s, objs=0.0/s, last_udp=58.89s, meas=1, tracks=1, valid=0, master=2497
[LIVE] udp=0.0/s, objs=0.0/s, last_udp=59.89s, meas=1, tracks=1, valid=0, master=2497
[LIVE] udp=0.0/s, objs=0.0/s, last_udp=60.89s, meas=1, tracks=1, valid=0, master=2497
[GPS] GGA fix_quality=1, num_sats=27, hdop=0.7, lat=30.408113982, lon=104.08864376366667
[LIVE] udp=0.0/s, objs=0.0/s, last_udp=61.89s, meas=1, tracks=1, valid=0, master=2497
[LIVE] udp=0.0/s, objs=0.0/s, last_udp=62.89s, meas=1, tracks=1, valid=0, master=2497
[LIVE] udp=0.0/s, objs=0.0/s, last_udp=63.90s, meas=1, tracks=1, valid=0, master=2497
[LIVE] udp=0.0/s, objs=0.0/s, last_udp=64.90s, meas=1, tracks=1, valid=0, master=2497
[LIVE] udp=0.0/s, objs=0.0/s, last_udp=65.90s, meas=1, tracks=1, valid=0, master=2497
[LIVE] udp=0.0/s, objs=0.0/s, last_udp=66.90s, meas=1, tracks=1, valid=0, master=2497
[LIVE] udp=0.0/s, objs=0.0/s, last_udp=67.91s, meas=1, tracks=1, valid=0, master=2497
[LIVE] udp=0.0/s, objs=0.0/s, last_udp=68.91s, meas=1, tracks=1, valid=0, master=2497
[LIVE] udp=0.0/s, objs=0.0/s, last_udp=69.91s, meas=1, tracks=1, valid=0, master=2497
[LIVE] udp=0.0/s, objs=0.0/s, last_udp=70.91s, meas=1, tracks=1, valid=0, master=2497
[GPS] GGA fix_quality=1, num_sats=26, hdop=0.7, lat=30.408116588, lon=104.08863013133333
[LIVE] udp=0.0/s, objs=0.0/s, last_udp=71.92s, meas=1, tracks=1, valid=0, master=2497
[LIVE] udp=0.0/s, objs=0.0/s, last_udp=72.92s, meas=1, tracks=1, valid=0, master=2497
[LIVE] udp=0.0/s, objs=0.0/s, last_udp=73.92s, meas=1, tracks=1, valid=0, master=2497
[LIVE] udp=0.0/s, objs=0.0/s, last_udp=74.92s, meas=1, tracks=1, valid=0, master=2497
[LIVE] udp=0.0/s, objs=0.0/s, last_udp=75.93s, meas=1, tracks=1, valid=0, master=2497
[LIVE] udp=0.0/s, objs=0.0/s, last_udp=76.93s, meas=1, tracks=1, valid=0, master=2497
[LIVE] udp=0.0/s, objs=0.0/s, last_udp=77.93s, meas=1, tracks=1, valid=0, master=2497
[LIVE] udp=0.0/s, objs=0.0/s, last_udp=78.94s, meas=1, tracks=1, valid=0, master=2497
[LIVE] udp=2.0/s, objs=2.0/s, last_udp=0.26s, meas=1, tracks=1, valid=0, master=2497
[LIVE] udp=0.0/s, objs=0.0/s, last_udp=1.26s, meas=1, tracks=1, valid=0, master=2497
[GPS] GGA fix_quality=1, num_sats=25, hdop=0.8, lat=30.408119822333333, lon=104.08863321766667
[LIVE] udp=0.0/s, objs=0.0/s, last_udp=2.27s, meas=1, tracks=1, valid=0, master=2497
[LIVE] udp=0.0/s, objs=0.0/s, last_udp=3.27s, meas=1, tracks=1, valid=0, master=2497
[LIVE] udp=0.0/s, objs=0.0/s, last_udp=4.28s, meas=1, tracks=1, valid=0, master=2497
[LIVE] udp=0.0/s, objs=0.0/s, last_udp=5.28s, meas=1, tracks=1, valid=0, master=2497
[LIVE] udp=0.0/s, objs=0.0/s, last_udp=6.28s, meas=1, tracks=1, valid=0, master=2497
[LIVE] udp=0.0/s, objs=0.0/s, last_udp=7.29s, meas=1, tracks=1, valid=0, master=2497
[LIVE] udp=0.0/s, objs=0.0/s, last_udp=8.29s, meas=1, tracks=1, valid=0, master=2497
[LIVE] udp=0.0/s, objs=0.0/s, last_udp=9.29s, meas=1, tracks=1, valid=0, master=2497
[LIVE] udp=0.0/s, objs=0.0/s, last_udp=10.30s, meas=1, tracks=1, valid=0, master=2497
[LIVE] udp=0.0/s, objs=0.0/s, last_udp=11.30s, meas=1, tracks=1, valid=0, master=2497
[GPS] GGA fix_quality=1, num_sats=27, hdop=0.7, lat=30.4081230495, lon=104.08863363216666
[LIVE] udp=0.0/s, objs=0.0/s, last_udp=12.30s, meas=1, tracks=1, valid=0, master=2497
[LIVE] udp=0.0/s, objs=0.0/s, last_udp=13.30s, meas=1, tracks=1, valid=0, master=2497
[LIVE] udp=0.0/s, objs=0.0/s, last_udp=14.30s, meas=1, tracks=1, valid=0, master=2497
[LIVE] udp=0.0/s, objs=0.0/s, last_udp=15.31s, meas=1, tracks=1, valid=0, master=2497
[LIVE] udp=0.0/s, objs=0.0/s, last_udp=16.31s, meas=1, tracks=1, valid=0, master=2497
[LIVE] udp=0.0/s, objs=0.0/s, last_udp=17.31s, meas=1, tracks=1, valid=0, master=2497
[LIVE] udp=0.0/s, objs=0.0/s, last_udp=18.31s, meas=1, tracks=1, valid=0, master=2497
[LIVE] udp=0.0/s, objs=0.0/s, last_udp=19.32s, meas=1, tracks=1, valid=0, master=2497
[Warning] 逻辑ID 1 没有配置偏差数据
[Warning] 逻辑ID 1 没有配置偏差数据
[LIVE] udp=2.0/s, objs=2.0/s, last_udp=0.52s, meas=0, tracks=0, valid=0, master=2497
[LIVE] udp=0.0/s, objs=0.0/s, last_udp=1.53s, meas=0, tracks=0, valid=0, master=2497
[GPS] GGA fix_quality=1, num_sats=28, hdop=0.6, lat=30.408125332666668, lon=104.088638589
[LIVE] udp=0.0/s, objs=0.0/s, last_udp=2.53s, meas=0, tracks=0, valid=0, master=2497
[LIVE] udp=0.0/s, objs=0.0/s, last_udp=3.54s, meas=0, tracks=0, valid=0, master=2497
[LIVE] udp=0.0/s, objs=0.0/s, last_udp=4.54s, meas=0, tracks=0, valid=0, master=2497
[LIVE] udp=0.0/s, objs=0.0/s, last_udp=5.54s, meas=0, tracks=0, valid=0, master=2497
[LIVE] udp=0.0/s, objs=0.0/s, last_udp=6.54s, meas=0, tracks=0, valid=0, master=2497
[LIVE] udp=0.0/s, objs=0.0/s, last_udp=7.55s, meas=0, tracks=0, valid=0, master=2497
[LIVE] udp=0.0/s, objs=0.0/s, last_udp=8.55s, meas=0, tracks=0, valid=0, master=2497
[LIVE] udp=0.0/s, objs=0.0/s, last_udp=9.55s, meas=0, tracks=0, valid=0, master=2497
[LIVE] udp=0.0/s, objs=0.0/s, last_udp=10.56s, meas=0, tracks=0, valid=0, master=2497
[LIVE] udp=0.0/s, objs=0.0/s, last_udp=11.56s, meas=0, tracks=0, valid=0, master=2497
[GPS] GGA fix_quality=1, num_sats=27, hdop=0.7, lat=30.4081243505, lon=104.0886405425
[LIVE] udp=0.0/s, objs=0.0/s, last_udp=12.56s, meas=0, tracks=0, valid=0, master=2497
[LIVE] udp=0.0/s, objs=0.0/s, last_udp=13.57s, meas=0, tracks=0, valid=0, master=2497
[LIVE] udp=0.0/s, objs=0.0/s, last_udp=14.57s, meas=0, tracks=0, valid=0, master=2497
[LIVE] udp=0.0/s, objs=0.0/s, last_udp=15.57s, meas=0, tracks=0, valid=0, master=2497
[LIVE] udp=0.0/s, objs=0.0/s, last_udp=16.57s, meas=0, tracks=0, valid=0, master=2497
[LIVE] udp=0.0/s, objs=0.0/s, last_udp=17.57s, meas=0, tracks=0, valid=0, master=2497
[LIVE] udp=0.0/s, objs=0.0/s, last_udp=18.58s, meas=0, tracks=0, valid=0, master=2497
[LIVE] udp=0.0/s, objs=0.0/s, last_udp=19.58s, meas=0, tracks=0, valid=0, master=2497
[LIVE] udp=0.0/s, objs=0.0/s, last_udp=20.58s, meas=0, tracks=0, valid=0, master=2497
[LIVE] udp=0.0/s, objs=0.0/s, last_udp=21.59s, meas=0, tracks=0, valid=0, master=2497
[GPS] GGA fix_quality=1, num_sats=27, hdop=0.7, lat=30.408119209666665, lon=104.08865040433334
[LIVE] udp=0.0/s, objs=0.0/s, last_udp=22.59s, meas=0, tracks=0, valid=0, master=2497
[LIVE] udp=0.0/s, objs=0.0/s, last_udp=23.59s, meas=0, tracks=0, valid=0, master=2497
[LIVE] udp=0.0/s, objs=0.0/s, last_udp=24.60s, meas=0, tracks=0, valid=0, master=2497
[LIVE] udp=0.0/s, objs=0.0/s, last_udp=25.60s, meas=0, tracks=0, valid=0, master=2497
[LIVE] udp=0.0/s, objs=0.0/s, last_udp=26.60s, meas=0, tracks=0, valid=0, master=2497
[LIVE] udp=0.0/s, objs=0.0/s, last_udp=27.60s, meas=0, tracks=0, valid=0, master=2497
[LIVE] udp=0.0/s, objs=0.0/s, last_udp=28.61s, meas=0, tracks=0, valid=0, master=2497
[LIVE] udp=2.0/s, objs=2.0/s, last_udp=0.59s, meas=1, tracks=1, valid=0, master=2497
[LIVE] udp=0.0/s, objs=0.0/s, last_udp=1.60s, meas=1, tracks=1, valid=0, master=2497
[LIVE] udp=0.0/s, objs=0.0/s, last_udp=2.60s, meas=1, tracks=1, valid=0, master=2497
[GPS] GGA fix_quality=1, num_sats=26, hdop=0.8, lat=30.408123399833332, lon=104.0886389765
[LIVE] udp=0.0/s, objs=0.0/s, last_udp=3.60s, meas=1, tracks=1, valid=0, master=2497
[LIVE] udp=0.0/s, objs=0.0/s, last_udp=4.61s, meas=1, tracks=1, valid=0, master=2497
[LIVE] udp=0.0/s, objs=0.0/s, last_udp=5.61s, meas=1, tracks=1, valid=0, master=2497
[LIVE] udp=0.0/s, objs=0.0/s, last_udp=6.61s, meas=1, tracks=1, valid=0, master=2497
[LIVE] udp=0.0/s, objs=0.0/s, last_udp=7.61s, meas=1, tracks=1, valid=0, master=2497
[LIVE] udp=0.0/s, objs=0.0/s, last_udp=8.62s, meas=1, tracks=1, valid=0, master=2497
[LIVE] udp=0.0/s, objs=0.0/s, last_udp=9.62s, meas=1, tracks=1, valid=0, master=2497
[LIVE] udp=0.0/s, objs=0.0/s, last_udp=10.62s, meas=1, tracks=1, valid=0, master=2497
[LIVE] udp=2.0/s, objs=3.0/s, last_udp=0.76s, meas=2, tracks=2, valid=0, master=2497
[LIVE] udp=1.0/s, objs=1.0/s, last_udp=0.12s, meas=2, tracks=2, valid=0, master=2497
[Warning] 逻辑ID 1 没有配置偏差数据
[GPS] GGA fix_quality=1, num_sats=26, hdop=0.7, lat=30.408122411666668, lon=104.08863237616667
[LIVE] udp=2.0/s, objs=2.0/s, last_udp=0.27s, meas=1, tracks=3, valid=0, master=2497
[LIVE] udp=1.0/s, objs=1.0/s, last_udp=0.30s, meas=1, tracks=3, valid=0, master=2497
[LIVE] udp=1.0/s, objs=1.0/s, last_udp=0.13s, meas=1, tracks=3, valid=0, master=2497
[LIVE] udp=1.0/s, objs=1.0/s, last_udp=1.00s, meas=1, tracks=3, valid=0, master=2497
[LIVE] udp=0.0/s, objs=0.0/s, last_udp=2.00s, meas=1, tracks=3, valid=0, master=2497
[LIVE] udp=0.0/s, objs=0.0/s, last_udp=3.00s, meas=1, tracks=3, valid=0, master=2497
[LIVE] udp=0.0/s, objs=0.0/s, last_udp=4.00s, meas=1, tracks=3, valid=0, master=2497
[LIVE] udp=0.0/s, objs=0.0/s, last_udp=5.01s, meas=1, tracks=3, valid=0, master=2497
[LIVE] udp=0.0/s, objs=0.0/s, last_udp=6.01s, meas=1, tracks=3, valid=0, master=2497
[LIVE] udp=0.0/s, objs=0.0/s, last_udp=7.01s, meas=1, tracks=3, valid=0, master=2497
[GPS] GGA fix_quality=1, num_sats=26, hdop=0.7, lat=30.408122873666667, lon=104.088645618
[LIVE] udp=0.0/s, objs=0.0/s, last_udp=8.01s, meas=1, tracks=3, valid=0, master=2497
[LIVE] udp=0.0/s, objs=0.0/s, last_udp=9.01s, meas=1, tracks=3, valid=0, master=2497
[LIVE] udp=0.0/s, objs=0.0/s, last_udp=10.02s, meas=1, tracks=3, valid=0, master=2497
[LIVE] udp=0.0/s, objs=0.0/s, last_udp=11.02s, meas=1, tracks=3, valid=0, master=2497
[LIVE] udp=0.0/s, objs=0.0/s, last_udp=12.02s, meas=1, tracks=3, valid=0, master=2497
[LIVE] udp=0.0/s, objs=0.0/s, last_udp=13.03s, meas=1, tracks=3, valid=0, master=2497
[LIVE] udp=0.0/s, objs=0.0/s, last_udp=14.03s, meas=1, tracks=3, valid=0, master=2497
[LIVE] udp=0.0/s, objs=0.0/s, last_udp=15.03s, meas=1, tracks=3, valid=0, master=2497
[LIVE] udp=0.0/s, objs=0.0/s, last_udp=16.03s, meas=1, tracks=3, valid=0, master=2497
[LIVE] udp=0.0/s, objs=0.0/s, last_udp=17.04s, meas=1, tracks=3, valid=0, master=2497
[GPS] GGA fix_quality=1, num_sats=25, hdop=0.7, lat=30.408124853333334, lon=104.08864611416666
[LIVE] udp=0.0/s, objs=0.0/s, last_udp=18.04s, meas=1, tracks=3, valid=0, master=2497
[LIVE] udp=0.0/s, objs=0.0/s, last_udp=19.05s, meas=1, tracks=3, valid=0, master=2497
[LIVE] udp=0.0/s, objs=0.0/s, last_udp=20.05s, meas=1, tracks=3, valid=0, master=2497
[LIVE] udp=0.0/s, objs=0.0/s, last_udp=21.05s, meas=1, tracks=3, valid=0, master=2497
[LIVE] udp=0.0/s, objs=0.0/s, last_udp=22.05s, meas=1, tracks=3, valid=0, master=2497
[LIVE] udp=0.0/s, objs=0.0/s, last_udp=23.06s, meas=1, tracks=3, valid=0, master=2497
[LIVE] udp=0.0/s, objs=0.0/s, last_udp=24.06s, meas=1, tracks=3, valid=0, master=2497
[LIVE] udp=0.0/s, objs=0.0/s, last_udp=25.06s, meas=1, tracks=3, valid=0, master=2497
[LIVE] udp=0.0/s, objs=0.0/s, last_udp=26.06s, meas=1, tracks=3, valid=0, master=2497
[LIVE] udp=0.0/s, objs=0.0/s, last_udp=27.07s, meas=1, tracks=3, valid=0, master=2497
[GPS] GGA fix_quality=1, num_sats=26, hdop=0.7, lat=30.408125510166666, lon=104.08864432333333
[LIVE] udp=0.0/s, objs=0.0/s, last_udp=28.07s, meas=1, tracks=3, valid=0, master=2497
[LIVE] udp=0.0/s, objs=0.0/s, last_udp=29.07s, meas=1, tracks=3, valid=0, master=2497
[LIVE] udp=0.0/s, objs=0.0/s, last_udp=30.07s, meas=1, tracks=3, valid=0, master=2497
[LIVE] udp=0.0/s, objs=0.0/s, last_udp=31.08s, meas=1, tracks=3, valid=0, master=2497
[LIVE] udp=1.0/s, objs=1.0/s, last_udp=0.75s, meas=1, tracks=1, valid=0, master=2497
[LIVE] udp=0.0/s, objs=0.0/s, last_udp=1.75s, meas=1, tracks=1, valid=0, master=2497
[LIVE] udp=0.0/s, objs=0.0/s, last_udp=2.76s, meas=1, tracks=1, valid=0, master=2497
[LIVE] udp=0.0/s, objs=0.0/s, last_udp=3.76s, meas=1, tracks=1, valid=0, master=2497
[LIVE] udp=0.0/s, objs=0.0/s, last_udp=4.76s, meas=1, tracks=1, valid=0, master=2497
[LIVE] udp=0.0/s, objs=0.0/s, last_udp=5.76s, meas=1, tracks=1, valid=0, master=2497
[GPS] GGA fix_quality=1, num_sats=26, hdop=0.7, lat=30.408128106666666, lon=104.08864454016667
[LIVE] udp=0.0/s, objs=0.0/s, last_udp=6.77s, meas=1, tracks=1, valid=0, master=2497
[LIVE] udp=0.0/s, objs=0.0/s, last_udp=7.77s, meas=1, tracks=1, valid=0, master=2497
[LIVE] udp=0.0/s, objs=0.0/s, last_udp=8.77s, meas=1, tracks=1, valid=0, master=2497
[LIVE] udp=0.0/s, objs=0.0/s, last_udp=9.78s, meas=1, tracks=1, valid=0, master=2497
[LIVE] udp=0.0/s, objs=0.0/s, last_udp=10.78s, meas=1, tracks=1, valid=0, master=2497
[LIVE] udp=0.0/s, objs=0.0/s, last_udp=11.79s, meas=1, tracks=1, valid=0, master=2497
[LIVE] udp=0.0/s, objs=0.0/s, last_udp=12.79s, meas=1, tracks=1, valid=0, master=2497
[LIVE] udp=0.0/s, objs=0.0/s, last_udp=13.79s, meas=1, tracks=1, valid=0, master=2497
[LIVE] udp=0.0/s, objs=0.0/s, last_udp=14.80s, meas=1, tracks=1, valid=0, master=2497
[LIVE] udp=0.0/s, objs=0.0/s, last_udp=15.80s, meas=1, tracks=1, valid=0, master=2497
[GPS] GGA fix_quality=1, num_sats=27, hdop=0.7, lat=30.408121883833335, lon=104.08865378283333
[LIVE] udp=0.0/s, objs=0.0/s, last_udp=16.80s, meas=1, tracks=1, valid=0, master=2497
[LIVE] udp=0.0/s, objs=0.0/s, last_udp=17.80s, meas=1, tracks=1, valid=0, master=2497
[LIVE] udp=0.0/s, objs=0.0/s, last_udp=18.80s, meas=1, tracks=1, valid=0, master=2497
[LIVE] udp=0.0/s, objs=0.0/s, last_udp=19.81s, meas=1, tracks=1, valid=0, master=2497
[LIVE] udp=0.0/s, objs=0.0/s, last_udp=20.81s, meas=1, tracks=1, valid=0, master=2497
[LIVE] udp=0.0/s, objs=0.0/s, last_udp=21.81s, meas=1, tracks=1, valid=0, master=2497
[LIVE] udp=0.0/s, objs=0.0/s, last_udp=22.82s, meas=1, tracks=1, valid=0, master=2497
[LIVE] udp=0.0/s, objs=0.0/s, last_udp=23.82s, meas=1, tracks=1, valid=0, master=2497
[LIVE] udp=0.0/s, objs=0.0/s, last_udp=24.82s, meas=1, tracks=1, valid=0, master=2497
[LIVE] udp=0.0/s, objs=0.0/s, last_udp=25.83s, meas=1, tracks=1, valid=0, master=2497
[GPS] GGA fix_quality=1, num_sats=27, hdop=0.8, lat=30.408117748166667, lon=104.08865294033333
[LIVE] udp=0.0/s, objs=0.0/s, last_udp=26.83s, meas=1, tracks=1, valid=0, master=2497
[LIVE] udp=0.0/s, objs=0.0/s, last_udp=27.83s, meas=1, tracks=1, valid=0, master=2497
[LIVE] udp=0.0/s, objs=0.0/s, last_udp=28.84s, meas=1, tracks=1, valid=0, master=2497
[LIVE] udp=0.0/s, objs=0.0/s, last_udp=29.84s, meas=1, tracks=1, valid=0, master=2497
[LIVE] udp=0.0/s, objs=0.0/s, last_udp=30.84s, meas=1, tracks=1, valid=0, master=2497
[LIVE] udp=0.0/s, objs=0.0/s, last_udp=31.84s, meas=1, tracks=1, valid=0, master=2497
[LIVE] udp=0.0/s, objs=0.0/s, last_udp=32.85s, meas=1, tracks=1, valid=0, master=2497
[LIVE] udp=0.0/s, objs=0.0/s, last_udp=33.85s, meas=1, tracks=1, valid=0, master=2497
[LIVE] udp=0.0/s, objs=0.0/s, last_udp=34.85s, meas=1, tracks=1, valid=0, master=2497
[LIVE] udp=0.0/s, objs=0.0/s, last_udp=35.85s, meas=1, tracks=1, valid=0, master=2497
[GPS] GGA fix_quality=1, num_sats=27, hdop=0.7, lat=30.408115925166666, lon=104.08865164833334
[LIVE] udp=1.0/s, objs=1.0/s, last_udp=0.19s, meas=1, tracks=1, valid=0, master=2497
[LIVE] udp=0.0/s, objs=0.0/s, last_udp=1.20s, meas=1, tracks=1, valid=0, master=2497
[LIVE] udp=0.0/s, objs=0.0/s, last_udp=2.20s, meas=1, tracks=1, valid=0, master=2497
[Warning] 逻辑ID 1 没有配置偏差数据
[LIVE] udp=2.0/s, objs=2.0/s, last_udp=0.12s, meas=0, tracks=1, valid=0, master=2497
[Warning] 逻辑ID 1 没有配置偏差数据
[LIVE] udp=0.0/s, objs=0.0/s, last_udp=1.12s, meas=0, tracks=1, valid=0, master=2497
[LIVE] udp=0.0/s, objs=0.0/s, last_udp=2.12s, meas=0, tracks=1, valid=0, master=2497
[LIVE] udp=0.0/s, objs=0.0/s, last_udp=3.13s, meas=0, tracks=1, valid=0, master=2497
[LIVE] udp=0.0/s, objs=0.0/s, last_udp=4.13s, meas=0, tracks=1, valid=0, master=2497
[LIVE] udp=0.0/s, objs=0.0/s, last_udp=5.13s, meas=0, tracks=1, valid=0, master=2497
[LIVE] udp=0.0/s, objs=0.0/s, last_udp=6.13s, meas=0, tracks=1, valid=0, master=2497
[GPS] GGA fix_quality=1, num_sats=27, hdop=0.6, lat=30.408113979666666, lon=104.08865719083333
[LIVE] udp=0.0/s, objs=0.0/s, last_udp=7.14s, meas=0, tracks=1, valid=0, master=2497
[LIVE] udp=0.0/s, objs=0.0/s, last_udp=8.14s, meas=0, tracks=1, valid=0, master=2497
[LIVE] udp=0.0/s, objs=0.0/s, last_udp=9.14s, meas=0, tracks=1, valid=0, master=2497
[LIVE] udp=0.0/s, objs=0.0/s, last_udp=10.15s, meas=0, tracks=1, valid=0, master=2497
[LIVE] udp=0.0/s, objs=0.0/s, last_udp=11.15s, meas=0, tracks=1, valid=0, master=2497
[LIVE] udp=0.0/s, objs=0.0/s, last_udp=12.15s, meas=0, tracks=1, valid=0, master=2497
[LIVE] udp=0.0/s, objs=0.0/s, last_udp=13.15s, meas=0, tracks=1, valid=0, master=2497
[LIVE] udp=0.0/s, objs=0.0/s, last_udp=14.16s, meas=0, tracks=1, valid=0, master=2497
[LIVE] udp=0.0/s, objs=0.0/s, last_udp=15.16s, meas=0, tracks=1, valid=0, master=2497
[LIVE] udp=0.0/s, objs=0.0/s, last_udp=16.16s, meas=0, tracks=1, valid=0, master=2497
[GPS] GGA fix_quality=1, num_sats=28, hdop=0.7, lat=30.408115029333334, lon=104.08865353833333
[LIVE] udp=0.0/s, objs=0.0/s, last_udp=17.16s, meas=0, tracks=1, valid=0, master=2497
[LIVE] udp=0.0/s, objs=0.0/s, last_udp=18.16s, meas=0, tracks=1, valid=0, master=2497
[LIVE] udp=0.0/s, objs=0.0/s, last_udp=19.17s, meas=0, tracks=1, valid=0, master=2497
[LIVE] udp=0.0/s, objs=0.0/s, last_udp=20.17s, meas=0, tracks=1, valid=0, master=2497
[LIVE] udp=0.0/s, objs=0.0/s, last_udp=21.17s, meas=0, tracks=1, valid=0, master=2497
[LIVE] udp=0.0/s, objs=0.0/s, last_udp=22.18s, meas=0, tracks=1, valid=0, master=2497
[LIVE] udp=0.0/s, objs=0.0/s, last_udp=23.18s, meas=0, tracks=1, valid=0, master=2497
[LIVE] udp=0.0/s, objs=0.0/s, last_udp=24.18s, meas=0, tracks=1, valid=0, master=2497
[LIVE] udp=0.0/s, objs=0.0/s, last_udp=25.18s, meas=0, tracks=1, valid=0, master=2497
[LIVE] udp=0.0/s, objs=0.0/s, last_udp=26.19s, meas=0, tracks=1, valid=0, master=2497
[GPS] GGA fix_quality=1, num_sats=28, hdop=0.6, lat=30.4081145465, lon=104.08864676733333
[LIVE] udp=0.0/s, objs=0.0/s, last_udp=27.19s, meas=0, tracks=1, valid=0, master=2497
[LIVE] udp=0.0/s, objs=0.0/s, last_udp=28.19s, meas=0, tracks=1, valid=0, master=2497
[LIVE] udp=0.0/s, objs=0.0/s, last_udp=29.20s, meas=0, tracks=1, valid=0, master=2497
[LIVE] udp=0.0/s, objs=0.0/s, last_udp=30.20s, meas=0, tracks=1, valid=0, master=2497
[LIVE] udp=0.0/s, objs=0.0/s, last_udp=31.20s, meas=0, tracks=1, valid=0, master=2497
[LIVE] udp=0.0/s, objs=0.0/s, last_udp=32.21s, meas=0, tracks=1, valid=0, master=2497
[LIVE] udp=1.0/s, objs=1.0/s, last_udp=0.84s, meas=1, tracks=1, valid=0, master=2497
[LIVE] udp=0.0/s, objs=0.0/s, last_udp=1.85s, meas=1, tracks=1, valid=0, master=2497
[LIVE] udp=0.0/s, objs=0.0/s, last_udp=2.85s, meas=1, tracks=1, valid=0, master=2497
[LIVE] udp=0.0/s, objs=0.0/s, last_udp=3.85s, meas=1, tracks=1, valid=0, master=2497
[GPS] GGA fix_quality=1, num_sats=28, hdop=0.6, lat=30.4081211245, lon=104.08864869183333
[LIVE] udp=0.0/s, objs=0.0/s, last_udp=4.85s, meas=1, tracks=1, valid=0, master=2497
[LIVE] udp=0.0/s, objs=0.0/s, last_udp=5.85s, meas=1, tracks=1, valid=0, master=2497
[LIVE] udp=0.0/s, objs=0.0/s, last_udp=6.86s, meas=1, tracks=1, valid=0, master=2497
[LIVE] udp=0.0/s, objs=0.0/s, last_udp=7.86s, meas=1, tracks=1, valid=0, master=2497
[LIVE] udp=0.0/s, objs=0.0/s, last_udp=8.86s, meas=1, tracks=1, valid=0, master=2497
[LIVE] udp=0.0/s, objs=0.0/s, last_udp=9.86s, meas=1, tracks=1, valid=0, master=2497
[LIVE] udp=0.0/s, objs=0.0/s, last_udp=10.87s, meas=1, tracks=1, valid=0, master=2497
[LIVE] udp=0.0/s, objs=0.0/s, last_udp=11.87s, meas=1, tracks=1, valid=0, master=2497
[LIVE] udp=0.0/s, objs=0.0/s, last_udp=12.87s, meas=1, tracks=1, valid=0, master=2497
[LIVE] udp=0.0/s, objs=0.0/s, last_udp=13.87s, meas=1, tracks=1, valid=0, master=2497
[GPS] GGA fix_quality=1, num_sats=28, hdop=0.7, lat=30.408122985666665, lon=104.08864728216666
[LIVE] udp=3.0/s, objs=3.0/s, last_udp=0.19s, meas=2, tracks=2, valid=0, master=2497
[LIVE] udp=1.0/s, objs=1.0/s, last_udp=0.71s, meas=1, tracks=2, valid=0, master=2497
[LIVE] udp=0.0/s, objs=0.0/s, last_udp=1.71s, meas=1, tracks=2, valid=0, master=2497
[LIVE] udp=1.0/s, objs=1.0/s, last_udp=0.94s, meas=1, tracks=2, valid=1, master=2508
[LIVE] udp=2.0/s, objs=2.0/s, last_udp=0.45s, meas=1, tracks=2, valid=1, master=2508
[LIVE] udp=2.0/s, objs=2.0/s, last_udp=0.40s, meas=1, tracks=2, valid=1, master=2508
[LIVE] udp=3.0/s, objs=3.0/s, last_udp=0.22s, meas=2, tracks=4, valid=1, master=2508
[LIVE] udp=3.0/s, objs=3.0/s, last_udp=0.23s, meas=2, tracks=5, valid=1, master=2508
[LIVE] udp=3.0/s, objs=3.0/s, last_udp=0.22s, meas=1, tracks=5, valid=1, master=2508
[LIVE] udp=1.0/s, objs=1.0/s, last_udp=0.22s, meas=1, tracks=5, valid=0, master=2508
[GPS] GGA fix_quality=1, num_sats=26, hdop=0.8, lat=30.408126403166666, lon=104.08864176983333
[LIVE] udp=0.0/s, objs=0.0/s, last_udp=1.22s, meas=1, tracks=5, valid=0, master=2508
[LIVE] udp=2.0/s, objs=2.0/s, last_udp=0.35s, meas=1, tracks=6, valid=0, master=2508
[LIVE] udp=2.0/s, objs=2.0/s, last_udp=0.22s, meas=1, tracks=5, valid=1, master=2512
[LIVE] udp=0.0/s, objs=0.0/s, last_udp=1.22s, meas=1, tracks=5, valid=1, master=2512
[LIVE] udp=0.0/s, objs=0.0/s, last_udp=2.22s, meas=1, tracks=5, valid=1, master=2512
[LIVE] udp=0.0/s, objs=0.0/s, last_udp=3.23s, meas=1, tracks=5, valid=1, master=2512
[LIVE] udp=0.0/s, objs=0.0/s, last_udp=4.23s, meas=1, tracks=5, valid=1, master=2512
[LIVE] udp=0.0/s, objs=0.0/s, last_udp=5.23s, meas=1, tracks=5, valid=1, master=2512
[Warning] 逻辑ID 1 没有配置偏差数据
[LIVE] udp=1.0/s, objs=1.0/s, last_udp=0.47s, meas=0, tracks=4, valid=0, master=2512
[LIVE] udp=0.0/s, objs=0.0/s, last_udp=1.47s, meas=0, tracks=4, valid=0, master=2512
[GPS] GGA fix_quality=1, num_sats=26, hdop=0.7, lat=30.408118263333332, lon=104.08864976583334
[LIVE] udp=0.0/s, objs=0.0/s, last_udp=2.47s, meas=0, tracks=4, valid=0, master=2512
[LIVE] udp=0.0/s, objs=0.0/s, last_udp=3.48s, meas=0, tracks=4, valid=0, master=2512
[LIVE] udp=0.0/s, objs=0.0/s, last_udp=4.48s, meas=0, tracks=4, valid=0, master=2512
[LIVE] udp=0.0/s, objs=0.0/s, last_udp=5.48s, meas=0, tracks=4, valid=0, master=2512
[LIVE] udp=0.0/s, objs=0.0/s, last_udp=6.48s, meas=0, tracks=4, valid=0, master=2512
[LIVE] udp=0.0/s, objs=0.0/s, last_udp=7.49s, meas=0, tracks=4, valid=0, master=2512
[LIVE] udp=0.0/s, objs=0.0/s, last_udp=8.49s, meas=0, tracks=4, valid=0, master=2512
[LIVE] udp=0.0/s, objs=0.0/s, last_udp=9.49s, meas=0, tracks=4, valid=0, master=2512
[LIVE] udp=0.0/s, objs=0.0/s, last_udp=10.49s, meas=0, tracks=4, valid=0, master=2512
[LIVE] udp=0.0/s, objs=0.0/s, last_udp=11.49s, meas=0, tracks=4, valid=0, master=2512
[GPS] GGA fix_quality=1, num_sats=27, hdop=0.7, lat=30.4081206255, lon=104.08864171016667
[LIVE] udp=0.0/s, objs=0.0/s, last_udp=12.49s, meas=0, tracks=4, valid=0, master=2512
[LIVE] udp=0.0/s, objs=0.0/s, last_udp=13.50s, meas=0, tracks=4, valid=0, master=2512
[LIVE] udp=0.0/s, objs=0.0/s, last_udp=14.50s, meas=0, tracks=4, valid=0, master=2512
[LIVE] udp=0.0/s, objs=0.0/s, last_udp=15.50s, meas=0, tracks=4, valid=0, master=2512
[LIVE] udp=0.0/s, objs=0.0/s, last_udp=16.51s, meas=0, tracks=4, valid=0, master=2512
[LIVE] udp=0.0/s, objs=0.0/s, last_udp=17.51s, meas=0, tracks=4, valid=0, master=2512
[LIVE] udp=0.0/s, objs=0.0/s, last_udp=18.51s, meas=0, tracks=4, valid=0, master=2512
[LIVE] udp=0.0/s, objs=0.0/s, last_udp=19.52s, meas=0, tracks=4, valid=0, master=2512
[LIVE] udp=0.0/s, objs=0.0/s, last_udp=20.52s, meas=0, tracks=4, valid=0, master=2512
[LIVE] udp=0.0/s, objs=0.0/s, last_udp=21.53s, meas=0, tracks=4, valid=0, master=2512
[GPS] GGA fix_quality=1, num_sats=25, hdop=0.8, lat=30.408122065166665, lon=104.08863757633333
[LIVE] udp=0.0/s, objs=0.0/s, last_udp=22.53s, meas=0, tracks=4, valid=0, master=2512
[LIVE] udp=0.0/s, objs=0.0/s, last_udp=23.53s, meas=0, tracks=4, valid=0, master=2512
[LIVE] udp=0.0/s, objs=0.0/s, last_udp=24.53s, meas=0, tracks=4, valid=0, master=2512
[LIVE] udp=0.0/s, objs=0.0/s, last_udp=25.54s, meas=0, tracks=4, valid=0, master=2512
[LIVE] udp=0.0/s, objs=0.0/s, last_udp=26.54s, meas=0, tracks=4, valid=0, master=2512
[LIVE] udp=0.0/s, objs=0.0/s, last_udp=27.55s, meas=0, tracks=4, valid=0, master=2512
[LIVE] udp=0.0/s, objs=0.0/s, last_udp=28.55s, meas=0, tracks=4, valid=0, master=2512
[LIVE] udp=0.0/s, objs=0.0/s, last_udp=29.56s, meas=0, tracks=4, valid=0, master=2512
[LIVE] udp=0.0/s, objs=0.0/s, last_udp=30.56s, meas=0, tracks=4, valid=0, master=2512
[LIVE] udp=0.0/s, objs=0.0/s, last_udp=31.56s, meas=0, tracks=4, valid=0, master=2512
[GPS] GGA fix_quality=1, num_sats=27, hdop=0.7, lat=30.408120588666666, lon=104.08864218766666
[LIVE] udp=0.0/s, objs=0.0/s, last_udp=32.56s, meas=0, tracks=4, valid=0, master=2512
[LIVE] udp=0.0/s, objs=0.0/s, last_udp=33.56s, meas=0, tracks=4, valid=0, master=2512
[LIVE] udp=0.0/s, objs=0.0/s, last_udp=34.57s, meas=0, tracks=4, valid=0, master=2512
[LIVE] udp=0.0/s, objs=0.0/s, last_udp=35.57s, meas=0, tracks=4, valid=0, master=2512
[LIVE] udp=0.0/s, objs=0.0/s, last_udp=36.58s, meas=0, tracks=4, valid=0, master=2512
[LIVE] udp=0.0/s, objs=0.0/s, last_udp=37.58s, meas=0, tracks=4, valid=0, master=2512
[LIVE] udp=0.0/s, objs=0.0/s, last_udp=38.58s, meas=0, tracks=4, valid=0, master=2512
[LIVE] udp=0.0/s, objs=0.0/s, last_udp=39.58s, meas=0, tracks=4, valid=0, master=2512
[LIVE] udp=0.0/s, objs=0.0/s, last_udp=40.59s, meas=0, tracks=4, valid=0, master=2512
[LIVE] udp=0.0/s, objs=0.0/s, last_udp=41.59s, meas=0, tracks=4, valid=0, master=2512
[GPS] GGA fix_quality=1, num_sats=28, hdop=0.7, lat=30.40812409566667, lon=104.08864203283333
[LIVE] udp=0.0/s, objs=0.0/s, last_udp=42.59s, meas=0, tracks=4, valid=0, master=2512
[LIVE] udp=0.0/s, objs=0.0/s, last_udp=43.60s, meas=0, tracks=4, valid=0, master=2512
[LIVE] udp=0.0/s, objs=0.0/s, last_udp=44.60s, meas=0, tracks=4, valid=0, master=2512
[LIVE] udp=0.0/s, objs=0.0/s, last_udp=45.60s, meas=0, tracks=4, valid=0, master=2512
[LIVE] udp=0.0/s, objs=0.0/s, last_udp=46.60s, meas=0, tracks=4, valid=0, master=2512
[LIVE] udp=0.0/s, objs=0.0/s, last_udp=47.60s, meas=0, tracks=4, valid=0, master=2512
[LIVE] udp=0.0/s, objs=0.0/s, last_udp=48.60s, meas=0, tracks=4, valid=0, master=2512
[LIVE] udp=0.0/s, objs=0.0/s, last_udp=49.61s, meas=0, tracks=4, valid=0, master=2512
[LIVE] udp=0.0/s, objs=0.0/s, last_udp=50.61s, meas=0, tracks=4, valid=0, master=2512
[LIVE] udp=0.0/s, objs=0.0/s, last_udp=51.62s, meas=0, tracks=4, valid=0, master=2512
[GPS] GGA fix_quality=1, num_sats=28, hdop=0.7, lat=30.408124527833333, lon=104.08864337033333
[LIVE] udp=0.0/s, objs=0.0/s, last_udp=52.62s, meas=0, tracks=4, valid=0, master=2512
[LIVE] udp=0.0/s, objs=0.0/s, last_udp=53.62s, meas=0, tracks=4, valid=0, master=2512
[LIVE] udp=0.0/s, objs=0.0/s, last_udp=54.62s, meas=0, tracks=4, valid=0, master=2512
[LIVE] udp=0.0/s, objs=0.0/s, last_udp=55.63s, meas=0, tracks=4, valid=0, master=2512
[LIVE] udp=0.0/s, objs=0.0/s, last_udp=56.63s, meas=0, tracks=4, valid=0, master=2512
[LIVE] udp=0.0/s, objs=0.0/s, last_udp=57.63s, meas=0, tracks=4, valid=0, master=2512
[LIVE] udp=0.0/s, objs=0.0/s, last_udp=58.63s, meas=0, tracks=4, valid=0, master=2512
[LIVE] udp=2.0/s, objs=2.0/s, last_udp=0.83s, meas=1, tracks=1, valid=0, master=2512
[LIVE] udp=1.0/s, objs=1.0/s, last_udp=0.71s, meas=1, tracks=2, valid=0, master=2512
[LIVE] udp=0.0/s, objs=0.0/s, last_udp=1.71s, meas=1, tracks=2, valid=0, master=2512
[GPS] GGA fix_quality=1, num_sats=28, hdop=0.7, lat=30.408123227, lon=104.08864205666667
[LIVE] udp=0.0/s, objs=0.0/s, last_udp=2.71s, meas=1, tracks=2, valid=0, master=2512
[LIVE] udp=0.0/s, objs=0.0/s, last_udp=3.71s, meas=1, tracks=2, valid=0, master=2512
[LIVE] udp=0.0/s, objs=0.0/s, last_udp=4.72s, meas=1, tracks=2, valid=0, master=2512
[LIVE] udp=0.0/s, objs=0.0/s, last_udp=5.72s, meas=1, tracks=2, valid=0, master=2512
[LIVE] udp=0.0/s, objs=0.0/s, last_udp=6.72s, meas=1, tracks=2, valid=0, master=2512
[LIVE] udp=0.0/s, objs=0.0/s, last_udp=7.73s, meas=1, tracks=2, valid=0, master=2512
[LIVE] udp=0.0/s, objs=0.0/s, last_udp=8.73s, meas=1, tracks=2, valid=0, master=2512
[LIVE] udp=0.0/s, objs=0.0/s, last_udp=9.73s, meas=1, tracks=2, valid=0, master=2512
[LIVE] udp=0.0/s, objs=0.0/s, last_udp=10.73s, meas=1, tracks=2, valid=0, master=2512
[LIVE] udp=0.0/s, objs=0.0/s, last_udp=11.74s, meas=1, tracks=2, valid=0, master=2512
[GPS] GGA fix_quality=1, num_sats=27, hdop=0.7, lat=30.408122477833334, lon=104.08863730816667
