[Log] stdout/stderr -> logs\20260601_164906\main_tracking_v9_20260601_164906.log
[FieldLog] enabled: C:\Users\cv1124\dym\gimbal\logs\20260601_164906
[Config] DEVICE_HEADING_DEG=180.00 (map north=0, east=90, south=180)
[GPS] Thread started, periodic UI updates enabled on COM8@115200, fix_timeout=5s, ui_interval=10.0s[Init] Connecting to Gimbal at COM9...

[GT06Z] Driver Ready on COM9.
[Adapter] GT06Z 云台已连接: COM9
[GPS] GGA fix_quality=0, num_sats=04, hdop=9999.0, lat=0.0, lon=0.0
[LaserThread] 激光读取线程已启动
[Init] Real laser enabled on COM10
[Laser] start_measurement mode=continuous
[Init] Queue gimbal initial posture: Az=59.30°, El=0.00°
[GimbalThread] 控制线程已启动
[Net] Listening RK3588 on 8888...
=== System V9.0 (Predictive Tracking & Scheduling) Running ===
[GPS] GGA fix_quality=0, num_sats=04, hdop=9999.0, lat=0.0, lon=0.0
[LIVE] udp=0.0/s, objs=0.0/s, last_udp=, meas=0, tracks=0, valid=0, master=None
[GPS] GGA fix_quality=0, num_sats=04, hdop=9999.0, lat=0.0, lon=0.0
[LIVE] udp=0.0/s, objs=0.0/s, last_udp=, meas=0, tracks=0, valid=0, master=None
[GPS] GGA fix_quality=0, num_sats=02, hdop=9999.0, lat=0.0, lon=0.0
[LIVE] udp=0.0/s, objs=0.0/s, last_udp=, meas=0, tracks=0, valid=0, master=None
[GPS] GGA fix_quality=0, num_sats=02, hdop=9999.0, lat=0.0, lon=0.0
[LIVE] udp=0.0/s, objs=0.0/s, last_udp=, meas=0, tracks=0, valid=0, master=None
[GPS] GGA fix_quality=0, num_sats=03, hdop=9999.0, lat=0.0, lon=0.0
[LIVE] udp=0.0/s, objs=0.0/s, last_udp=, meas=0, tracks=0, valid=0, master=None
[LIVE] udp=0.0/s, objs=0.0/s, last_udp=, meas=0, tracks=0, valid=0, master=None
[LIVE] udp=0.0/s, objs=0.0/s, last_udp=, meas=0, tracks=0, valid=0, master=None
[LIVE] udp=0.0/s, objs=0.0/s, last_udp=, meas=0, tracks=0, valid=0, master=None
[LIVE] udp=0.0/s, objs=0.0/s, last_udp=, meas=0, tracks=0, valid=0, master=None
[GPS] GGA fix_quality=0, num_sats=04, hdop=9999.0, lat=0.0, lon=0.0
[LIVE] udp=0.0/s, objs=0.0/s, last_udp=, meas=0, tracks=0, valid=0, master=None
[GPS] GGA fix_quality=0, num_sats=04, hdop=9999.0, lat=0.0, lon=0.0
[LIVE] udp=0.0/s, objs=0.0/s, last_udp=, meas=0, tracks=0, valid=0, master=None
[GPS] GGA fix_quality=0, num_sats=04, hdop=9999.0, lat=0.0, lon=0.0
[LIVE] udp=0.0/s, objs=0.0/s, last_udp=, meas=0, tracks=0, valid=0, master=None
[GPS] GGA fix_quality=0, num_sats=04, hdop=9999.0, lat=0.0, lon=0.0
[LIVE] udp=0.0/s, objs=0.0/s, last_udp=, meas=0, tracks=0, valid=0, master=None
[GPS] GGA fix_quality=0, num_sats=04, hdop=9999.0, lat=0.0, lon=0.0
[LIVE] udp=0.0/s, objs=0.0/s, last_udp=, meas=0, tracks=0, valid=0, master=None
[GPS] GGA fix_quality=0, num_sats=04, hdop=9999.0, lat=0.0, lon=0.0
[LIVE] udp=0.0/s, objs=0.0/s, last_udp=, meas=0, tracks=0, valid=0, master=None
[LIVE] udp=0.0/s, objs=0.0/s, last_udp=, meas=0, tracks=0, valid=0, master=None
[LIVE] udp=0.0/s, objs=0.0/s, last_udp=, meas=0, tracks=0, valid=0, master=None
[LIVE] udp=0.0/s, objs=0.0/s, last_udp=, meas=0, tracks=0, valid=0, master=None
[LIVE] udp=0.0/s, objs=0.0/s, last_udp=, meas=0, tracks=0, valid=0, master=None
[GPS] GGA fix_quality=0, num_sats=04, hdop=9999.0, lat=0.0, lon=0.0
[LIVE] udp=0.0/s, objs=0.0/s, last_udp=, meas=0, tracks=0, valid=0, master=None
[GPS] GGA fix_quality=0, num_sats=04, hdop=9999.0, lat=0.0, lon=0.0
[LIVE] udp=0.0/s, objs=0.0/s, last_udp=, meas=0, tracks=0, valid=0, master=None
[GPS] GGA fix_quality=0, num_sats=04, hdop=9999.0, lat=0.0, lon=0.0
[LIVE] udp=0.0/s, objs=0.0/s, last_udp=, meas=0, tracks=0, valid=0, master=None
[GPS] GGA fix_quality=0, num_sats=04, hdop=9999.0, lat=0.0, lon=0.0
[LIVE] udp=0.0/s, objs=0.0/s, last_udp=, meas=0, tracks=0, valid=0, master=None
[GPS] GGA fix_quality=0, num_sats=04, hdop=9999.0, lat=0.0, lon=0.0
[LIVE] udp=0.0/s, objs=0.0/s, last_udp=, meas=0, tracks=0, valid=0, master=None
[GPS] GGA fix_quality=0, num_sats=04, hdop=9999.0, lat=0.0, lon=0.0
[LIVE] udp=0.0/s, objs=0.0/s, last_udp=, meas=0, tracks=0, valid=0, master=None
[LIVE] udp=0.0/s, objs=0.0/s, last_udp=, meas=0, tracks=0, valid=0, master=None
[LIVE] udp=0.0/s, objs=0.0/s, last_udp=, meas=0, tracks=0, valid=0, master=None
[LIVE] udp=0.0/s, objs=0.0/s, last_udp=, meas=0, tracks=0, valid=0, master=None
[LIVE] udp=0.0/s, objs=0.0/s, last_udp=, meas=0, tracks=0, valid=0, master=None
[GPS] GGA fix_quality=0, num_sats=00, hdop=9999.0, lat=0.0, lon=0.0
[LIVE] udp=0.0/s, objs=0.0/s, last_udp=, meas=0, tracks=0, valid=0, master=None
[GPS] GGA fix_quality=0, num_sats=00, hdop=9999.0, lat=0.0, lon=0.0
[LIVE] udp=0.0/s, objs=0.0/s, last_udp=, meas=0, tracks=0, valid=0, master=None
[GPS] GGA fix_quality=0, num_sats=00, hdop=9999.0, lat=0.0, lon=0.0
[LIVE] udp=0.0/s, objs=0.0/s, last_udp=, meas=0, tracks=0, valid=0, master=None
[GPS] GGA fix_quality=0, num_sats=00, hdop=9999.0, lat=0.0, lon=0.0
[LIVE] udp=0.0/s, objs=0.0/s, last_udp=, meas=0, tracks=0, valid=0, master=None
[GPS] GGA fix_quality=0, num_sats=00, hdop=9999.0, lat=0.0, lon=0.0
[LIVE] udp=0.0/s, objs=0.0/s, last_udp=, meas=0, tracks=0, valid=0, master=None
[GPS] GGA fix_quality=0, num_sats=00, hdop=9999.0, lat=0.0, lon=0.0
[LIVE] udp=0.0/s, objs=0.0/s, last_udp=, meas=0, tracks=0, valid=0, master=None
[LIVE] udp=0.0/s, objs=0.0/s, last_udp=, meas=0, tracks=0, valid=0, master=None
[LIVE] udp=0.0/s, objs=0.0/s, last_udp=, meas=0, tracks=0, valid=0, master=None
[LIVE] udp=0.0/s, objs=0.0/s, last_udp=, meas=0, tracks=0, valid=0, master=None
[LIVE] udp=0.0/s, objs=0.0/s, last_udp=, meas=0, tracks=0, valid=0, master=None
[GPS] GGA fix_quality=0, num_sats=05, hdop=9999.0, lat=0.0, lon=0.0
[LIVE] udp=0.0/s, objs=0.0/s, last_udp=, meas=0, tracks=0, valid=0, master=None
[GPS] GGA fix_quality=0, num_sats=00, hdop=9999.0, lat=0.0, lon=0.0
[LIVE] udp=0.0/s, objs=0.0/s, last_udp=, meas=0, tracks=0, valid=0, master=None
[GPS] GGA fix_quality=0, num_sats=00, hdop=9999.0, lat=0.0, lon=0.0
[LIVE] udp=0.0/s, objs=0.0/s, last_udp=, meas=0, tracks=0, valid=0, master=None
[GPS] GGA fix_quality=0, num_sats=00, hdop=9999.0, lat=0.0, lon=0.0
[LIVE] udp=0.0/s, objs=0.0/s, last_udp=, meas=0, tracks=0, valid=0, master=None
[GPS] GGA fix_quality=0, num_sats=00, hdop=9999.0, lat=0.0, lon=0.0
[LIVE] udp=0.0/s, objs=0.0/s, last_udp=, meas=0, tracks=0, valid=0, master=None
[GPS] GGA fix_quality=0, num_sats=00, hdop=9999.0, lat=0.0, lon=0.0
[LIVE] udp=0.0/s, objs=0.0/s, last_udp=, meas=0, tracks=0, valid=0, master=None
[LIVE] udp=0.0/s, objs=0.0/s, last_udp=, meas=0, tracks=0, valid=0, master=None
[LIVE] udp=0.0/s, objs=0.0/s, last_udp=, meas=0, tracks=0, valid=0, master=None
[LIVE] udp=0.0/s, objs=0.0/s, last_udp=, meas=0, tracks=0, valid=0, master=None
[LIVE] udp=0.0/s, objs=0.0/s, last_udp=, meas=0, tracks=0, valid=0, master=None
[GPS] GGA fix_quality=0, num_sats=03, hdop=9999.0, lat=0.0, lon=0.0
[LIVE] udp=0.0/s, objs=0.0/s, last_udp=, meas=0, tracks=0, valid=0, master=None
[GPS] GGA fix_quality=0, num_sats=03, hdop=9999.0, lat=0.0, lon=0.0
[LIVE] udp=0.0/s, objs=0.0/s, last_udp=, meas=0, tracks=0, valid=0, master=None
[GPS] GGA fix_quality=0, num_sats=00, hdop=9999.0, lat=0.0, lon=0.0
[LIVE] udp=0.0/s, objs=0.0/s, last_udp=, meas=0, tracks=0, valid=0, master=None
[GPS] GGA fix_quality=0, num_sats=00, hdop=9999.0, lat=0.0, lon=0.0
[LIVE] udp=0.0/s, objs=0.0/s, last_udp=, meas=0, tracks=0, valid=0, master=None
[GPS] GGA fix_quality=0, num_sats=00, hdop=9999.0, lat=0.0, lon=0.0
[LIVE] udp=0.0/s, objs=0.0/s, last_udp=, meas=0, tracks=0, valid=0, master=None
[GPS] GGA fix_quality=0, num_sats=00, hdop=9999.0, lat=0.0, lon=0.0
[LIVE] udp=0.0/s, objs=0.0/s, last_udp=, meas=0, tracks=0, valid=0, master=None
[LIVE] udp=0.0/s, objs=0.0/s, last_udp=, meas=0, tracks=0, valid=0, master=None
[LIVE] udp=0.0/s, objs=0.0/s, last_udp=, meas=0, tracks=0, valid=0, master=None
[LIVE] udp=0.0/s, objs=0.0/s, last_udp=, meas=0, tracks=0, valid=0, master=None
[LIVE] udp=0.0/s, objs=0.0/s, last_udp=, meas=0, tracks=0, valid=0, master=None
[GPS] GGA fix_quality=0, num_sats=00, hdop=9999.0, lat=0.0, lon=0.0
[LIVE] udp=0.0/s, objs=0.0/s, last_udp=, meas=0, tracks=0, valid=0, master=None
[GPS] GGA fix_quality=0, num_sats=00, hdop=9999.0, lat=0.0, lon=0.0
[LIVE] udp=0.0/s, objs=0.0/s, last_udp=, meas=0, tracks=0, valid=0, master=None
[GPS] GGA fix_quality=0, num_sats=00, hdop=9999.0, lat=0.0, lon=0.0
[LIVE] udp=0.0/s, objs=0.0/s, last_udp=, meas=0, tracks=0, valid=0, master=None
[GPS] GGA fix_quality=0, num_sats=00, hdop=9999.0, lat=0.0, lon=0.0
[LIVE] udp=0.0/s, objs=0.0/s, last_udp=, meas=0, tracks=0, valid=0, master=None
[GPS] GGA fix_quality=0, num_sats=00, hdop=9999.0, lat=0.0, lon=0.0
[LIVE] udp=0.0/s, objs=0.0/s, last_udp=, meas=0, tracks=0, valid=0, master=None
[GPS] GGA fix_quality=0, num_sats=00, hdop=9999.0, lat=0.0, lon=0.0
[LIVE] udp=0.0/s, objs=0.0/s, last_udp=, meas=0, tracks=0, valid=0, master=None
[LIVE] udp=0.0/s, objs=0.0/s, last_udp=, meas=0, tracks=0, valid=0, master=None
[LIVE] udp=0.0/s, objs=0.0/s, last_udp=, meas=0, tracks=0, valid=0, master=None
[LIVE] udp=0.0/s, objs=0.0/s, last_udp=, meas=0, tracks=0, valid=0, master=None
[LIVE] udp=0.0/s, objs=0.0/s, last_udp=, meas=0, tracks=0, valid=0, master=None
[GPS] GGA fix_quality=0, num_sats=03, hdop=9999.0, lat=0.0, lon=0.0
[LIVE] udp=0.0/s, objs=0.0/s, last_udp=, meas=0, tracks=0, valid=0, master=None
[GPS] GGA fix_quality=0, num_sats=03, hdop=9999.0, lat=0.0, lon=0.0
[LIVE] udp=0.0/s, objs=0.0/s, last_udp=, meas=0, tracks=0, valid=0, master=None
[GPS] GGA fix_quality=0, num_sats=03, hdop=9999.0, lat=0.0, lon=0.0
[LIVE] udp=0.0/s, objs=0.0/s, last_udp=, meas=0, tracks=0, valid=0, master=None
[GPS] GGA fix_quality=0, num_sats=03, hdop=9999.0, lat=0.0, lon=0.0
[LIVE] udp=0.0/s, objs=0.0/s, last_udp=, meas=0, tracks=0, valid=0, master=None
[GPS] GGA fix_quality=0, num_sats=03, hdop=9999.0, lat=0.0, lon=0.0
[LIVE] udp=0.0/s, objs=0.0/s, last_udp=, meas=0, tracks=0, valid=0, master=None
[GPS] GGA fix_quality=0, num_sats=03, hdop=9999.0, lat=0.0, lon=0.0
[LIVE] udp=0.0/s, objs=0.0/s, last_udp=, meas=0, tracks=0, valid=0, master=None
[LIVE] udp=0.0/s, objs=0.0/s, last_udp=, meas=0, tracks=0, valid=0, master=None
[LIVE] udp=0.0/s, objs=0.0/s, last_udp=, meas=0, tracks=0, valid=0, master=None
[LIVE] udp=0.0/s, objs=0.0/s, last_udp=, meas=0, tracks=0, valid=0, master=None
[LIVE] udp=0.0/s, objs=0.0/s, last_udp=, meas=0, tracks=0, valid=0, master=None
[GPS] GGA fix_quality=0, num_sats=03, hdop=9999.0, lat=0.0, lon=0.0
[LIVE] udp=0.0/s, objs=0.0/s, last_udp=, meas=0, tracks=0, valid=0, master=None
[GPS] GGA fix_quality=0, num_sats=03, hdop=9999.0, lat=0.0, lon=0.0
[LIVE] udp=0.0/s, objs=0.0/s, last_udp=, meas=0, tracks=0, valid=0, master=None
[GPS] GGA fix_quality=0, num_sats=03, hdop=9999.0, lat=0.0, lon=0.0
[LIVE] udp=0.0/s, objs=0.0/s, last_udp=, meas=0, tracks=0, valid=0, master=None
[GPS] GGA fix_quality=0, num_sats=03, hdop=9999.0, lat=0.0, lon=0.0
[LIVE] udp=0.0/s, objs=0.0/s, last_udp=, meas=0, tracks=0, valid=0, master=None
[GPS] GGA fix_quality=0, num_sats=03, hdop=9999.0, lat=0.0, lon=0.0
[LIVE] udp=0.0/s, objs=0.0/s, last_udp=, meas=0, tracks=0, valid=0, master=None
[GPS] GGA fix_quality=0, num_sats=03, hdop=9999.0, lat=0.0, lon=0.0
[LIVE] udp=0.0/s, objs=0.0/s, last_udp=, meas=0, tracks=0, valid=0, master=None
[LIVE] udp=0.0/s, objs=0.0/s, last_udp=, meas=0, tracks=0, valid=0, master=None
[LIVE] udp=0.0/s, objs=0.0/s, last_udp=, meas=0, tracks=0, valid=0, master=None
[LIVE] udp=0.0/s, objs=0.0/s, last_udp=, meas=0, tracks=0, valid=0, master=None
[LIVE] udp=0.0/s, objs=0.0/s, last_udp=, meas=0, tracks=0, valid=0, master=None
[GPS] GGA fix_quality=0, num_sats=03, hdop=9999.0, lat=0.0, lon=0.0
[LIVE] udp=0.0/s, objs=0.0/s, last_udp=, meas=0, tracks=0, valid=0, master=None
[GPS] GGA fix_quality=0, num_sats=03, hdop=9999.0, lat=0.0, lon=0.0
[LIVE] udp=0.0/s, objs=0.0/s, last_udp=, meas=0, tracks=0, valid=0, master=None
[GPS] GGA fix_quality=0, num_sats=03, hdop=9999.0, lat=0.0, lon=0.0
[LIVE] udp=0.0/s, objs=0.0/s, last_udp=, meas=0, tracks=0, valid=0, master=None
[GPS] GGA fix_quality=0, num_sats=00, hdop=9999.0, lat=0.0, lon=0.0
[LIVE] udp=0.0/s, objs=0.0/s, last_udp=, meas=0, tracks=0, valid=0, master=None
[GPS] GGA fix_quality=0, num_sats=00, hdop=9999.0, lat=0.0, lon=0.0
[LIVE] udp=0.0/s, objs=0.0/s, last_udp=, meas=0, tracks=0, valid=0, master=None
[GPS] GGA fix_quality=0, num_sats=00, hdop=9999.0, lat=0.0, lon=0.0
[LIVE] udp=0.0/s, objs=0.0/s, last_udp=, meas=0, tracks=0, valid=0, master=None
[LIVE] udp=0.0/s, objs=0.0/s, last_udp=, meas=0, tracks=0, valid=0, master=None
[LIVE] udp=0.0/s, objs=0.0/s, last_udp=, meas=0, tracks=0, valid=0, master=None
[LIVE] udp=0.0/s, objs=0.0/s, last_udp=, meas=0, tracks=0, valid=0, master=None
[LIVE] udp=0.0/s, objs=0.0/s, last_udp=, meas=0, tracks=0, valid=0, master=None
[GPS] GGA fix_quality=0, num_sats=00, hdop=9999.0, lat=0.0, lon=0.0
[LIVE] udp=0.0/s, objs=0.0/s, last_udp=, meas=0, tracks=0, valid=0, master=None
[GPS] GGA fix_quality=0, num_sats=00, hdop=9999.0, lat=0.0, lon=0.0
[LIVE] udp=0.0/s, objs=0.0/s, last_udp=, meas=0, tracks=0, valid=0, master=None
[GPS] GGA fix_quality=0, num_sats=00, hdop=9999.0, lat=0.0, lon=0.0
[LIVE] udp=0.0/s, objs=0.0/s, last_udp=, meas=0, tracks=0, valid=0, master=None
[GPS] GGA fix_quality=0, num_sats=00, hdop=9999.0, lat=0.0, lon=0.0
[LIVE] udp=0.0/s, objs=0.0/s, last_udp=, meas=0, tracks=0, valid=0, master=None
[GPS] GGA fix_quality=0, num_sats=00, hdop=9999.0, lat=0.0, lon=0.0
[LIVE] udp=0.0/s, objs=0.0/s, last_udp=, meas=0, tracks=0, valid=0, master=None
[GPS] GGA fix_quality=0, num_sats=00, hdop=9999.0, lat=0.0, lon=0.0
[LIVE] udp=0.0/s, objs=0.0/s, last_udp=, meas=0, tracks=0, valid=0, master=None
[LIVE] udp=0.0/s, objs=0.0/s, last_udp=, meas=0, tracks=0, valid=0, master=None
[LIVE] udp=0.0/s, objs=0.0/s, last_udp=, meas=0, tracks=0, valid=0, master=None
[LIVE] udp=0.0/s, objs=0.0/s, last_udp=, meas=0, tracks=0, valid=0, master=None
[LIVE] udp=0.0/s, objs=0.0/s, last_udp=, meas=0, tracks=0, valid=0, master=None
[GPS] GGA fix_quality=0, num_sats=00, hdop=9999.0, lat=0.0, lon=0.0
[LIVE] udp=0.0/s, objs=0.0/s, last_udp=, meas=0, tracks=0, valid=0, master=None
[GPS] GGA fix_quality=0, num_sats=00, hdop=9999.0, lat=0.0, lon=0.0
[LIVE] udp=0.0/s, objs=0.0/s, last_udp=, meas=0, tracks=0, valid=0, master=None
[GPS] GGA fix_quality=0, num_sats=00, hdop=9999.0, lat=0.0, lon=0.0
[LIVE] udp=0.0/s, objs=0.0/s, last_udp=, meas=0, tracks=0, valid=0, master=None
[GPS] GGA fix_quality=0, num_sats=00, hdop=9999.0, lat=0.0, lon=0.0
[LIVE] udp=0.0/s, objs=0.0/s, last_udp=, meas=0, tracks=0, valid=0, master=None
[GPS] GGA fix_quality=0, num_sats=00, hdop=9999.0, lat=0.0, lon=0.0
[LIVE] udp=0.0/s, objs=0.0/s, last_udp=, meas=0, tracks=0, valid=0, master=None
[GPS] GGA fix_quality=0, num_sats=00, hdop=9999.0, lat=0.0, lon=0.0
[LIVE] udp=0.0/s, objs=0.0/s, last_udp=, meas=0, tracks=0, valid=0, master=None
[LIVE] udp=0.0/s, objs=0.0/s, last_udp=, meas=0, tracks=0, valid=0, master=None
[LIVE] udp=0.0/s, objs=0.0/s, last_udp=, meas=0, tracks=0, valid=0, master=None
[LIVE] udp=0.0/s, objs=0.0/s, last_udp=, meas=0, tracks=0, valid=0, master=None
[LIVE] udp=0.0/s, objs=0.0/s, last_udp=, meas=0, tracks=0, valid=0, master=None
[GPS] GGA fix_quality=0, num_sats=00, hdop=9999.0, lat=0.0, lon=0.0
[LIVE] udp=0.0/s, objs=0.0/s, last_udp=, meas=0, tracks=0, valid=0, master=None
[GPS] GGA fix_quality=0, num_sats=00, hdop=9999.0, lat=0.0, lon=0.0
[LIVE] udp=0.0/s, objs=0.0/s, last_udp=, meas=0, tracks=0, valid=0, master=None
[GPS] GGA fix_quality=0, num_sats=00, hdop=9999.0, lat=0.0, lon=0.0
[LIVE] udp=0.0/s, objs=0.0/s, last_udp=, meas=0, tracks=0, valid=0, master=None
[GPS] GGA fix_quality=0, num_sats=00, hdop=9999.0, lat=0.0, lon=0.0
[LIVE] udp=0.0/s, objs=0.0/s, last_udp=, meas=0, tracks=0, valid=0, master=None
[GPS] GGA fix_quality=0, num_sats=00, hdop=9999.0, lat=0.0, lon=0.0
[LIVE] udp=0.0/s, objs=0.0/s, last_udp=, meas=0, tracks=0, valid=0, master=None
[GPS] GGA fix_quality=0, num_sats=00, hdop=9999.0, lat=0.0, lon=0.0
[LIVE] udp=0.0/s, objs=0.0/s, last_udp=, meas=0, tracks=0, valid=0, master=None
[LIVE] udp=0.0/s, objs=0.0/s, last_udp=, meas=0, tracks=0, valid=0, master=None
[LIVE] udp=0.0/s, objs=0.0/s, last_udp=, meas=0, tracks=0, valid=0, master=None
[LIVE] udp=0.0/s, objs=0.0/s, last_udp=, meas=0, tracks=0, valid=0, master=None
[LIVE] udp=0.0/s, objs=0.0/s, last_udp=, meas=0, tracks=0, valid=0, master=None
[GPS] GGA fix_quality=0, num_sats=00, hdop=9999.0, lat=0.0, lon=0.0
[LIVE] udp=0.0/s, objs=0.0/s, last_udp=, meas=0, tracks=0, valid=0, master=None
[GPS] GGA fix_quality=0, num_sats=00, hdop=9999.0, lat=0.0, lon=0.0
[LIVE] udp=0.0/s, objs=0.0/s, last_udp=, meas=0, tracks=0, valid=0, master=None
[GPS] GGA fix_quality=0, num_sats=00, hdop=9999.0, lat=0.0, lon=0.0
[LIVE] udp=0.0/s, objs=0.0/s, last_udp=, meas=0, tracks=0, valid=0, master=None
[GPS] GGA fix_quality=0, num_sats=00, hdop=9999.0, lat=0.0, lon=0.0
[LIVE] udp=0.0/s, objs=0.0/s, last_udp=, meas=0, tracks=0, valid=0, master=None
[GPS] GGA fix_quality=0, num_sats=00, hdop=9999.0, lat=0.0, lon=0.0
[LIVE] udp=0.0/s, objs=0.0/s, last_udp=, meas=0, tracks=0, valid=0, master=None
[GPS] GGA fix_quality=0, num_sats=00, hdop=9999.0, lat=0.0, lon=0.0
[LIVE] udp=0.0/s, objs=0.0/s, last_udp=, meas=0, tracks=0, valid=0, master=None
[LIVE] udp=0.0/s, objs=0.0/s, last_udp=, meas=0, tracks=0, valid=0, master=None
[LIVE] udp=0.0/s, objs=0.0/s, last_udp=, meas=0, tracks=0, valid=0, master=None
[LIVE] udp=0.0/s, objs=0.0/s, last_udp=, meas=0, tracks=0, valid=0, master=None
[LIVE] udp=0.0/s, objs=0.0/s, last_udp=, meas=0, tracks=0, valid=0, master=None
[GPS] GGA fix_quality=0, num_sats=00, hdop=9999.0, lat=0.0, lon=0.0
[LIVE] udp=0.0/s, objs=0.0/s, last_udp=, meas=0, tracks=0, valid=0, master=None
[GPS] GGA fix_quality=0, num_sats=00, hdop=9999.0, lat=0.0, lon=0.0
[LIVE] udp=0.0/s, objs=0.0/s, last_udp=, meas=0, tracks=0, valid=0, master=None
[GPS] GGA fix_quality=0, num_sats=00, hdop=9999.0, lat=0.0, lon=0.0
[LIVE] udp=0.0/s, objs=0.0/s, last_udp=, meas=0, tracks=0, valid=0, master=None
[GPS] GGA fix_quality=0, num_sats=00, hdop=9999.0, lat=0.0, lon=0.0
[LIVE] udp=0.0/s, objs=0.0/s, last_udp=, meas=0, tracks=0, valid=0, master=None
[GPS] GGA fix_quality=0, num_sats=00, hdop=9999.0, lat=0.0, lon=0.0
[LIVE] udp=0.0/s, objs=0.0/s, last_udp=, meas=0, tracks=0, valid=0, master=None
[GPS] GGA fix_quality=0, num_sats=00, hdop=9999.0, lat=0.0, lon=0.0
[LIVE] udp=0.0/s, objs=0.0/s, last_udp=, meas=0, tracks=0, valid=0, master=None
[LIVE] udp=0.0/s, objs=0.0/s, last_udp=, meas=0, tracks=0, valid=0, master=None
[LIVE] udp=0.0/s, objs=0.0/s, last_udp=, meas=0, tracks=0, valid=0, master=None
[LIVE] udp=0.0/s, objs=0.0/s, last_udp=, meas=0, tracks=0, valid=0, master=None
[LIVE] udp=0.0/s, objs=0.0/s, last_udp=, meas=0, tracks=0, valid=0, master=None
[GPS] GGA fix_quality=0, num_sats=03, hdop=9999.0, lat=0.0, lon=0.0
[LIVE] udp=0.0/s, objs=0.0/s, last_udp=, meas=0, tracks=0, valid=0, master=None
[GPS] GGA fix_quality=0, num_sats=03, hdop=9999.0, lat=0.0, lon=0.0
[LIVE] udp=0.0/s, objs=0.0/s, last_udp=, meas=0, tracks=0, valid=0, master=None
[GPS] GGA fix_quality=0, num_sats=03, hdop=9999.0, lat=0.0, lon=0.0
[LIVE] udp=0.0/s, objs=0.0/s, last_udp=, meas=0, tracks=0, valid=0, master=None
[GPS] GGA fix_quality=0, num_sats=03, hdop=9999.0, lat=0.0, lon=0.0
[LIVE] udp=0.0/s, objs=0.0/s, last_udp=, meas=0, tracks=0, valid=0, master=None
[GPS] GGA fix_quality=0, num_sats=03, hdop=9999.0, lat=0.0, lon=0.0
[LIVE] udp=0.0/s, objs=0.0/s, last_udp=, meas=0, tracks=0, valid=0, master=None
[GPS] GGA fix_quality=0, num_sats=03, hdop=9999.0, lat=0.0, lon=0.0
[LIVE] udp=0.0/s, objs=0.0/s, last_udp=, meas=0, tracks=0, valid=0, master=None
[LIVE] udp=0.0/s, objs=0.0/s, last_udp=, meas=0, tracks=0, valid=0, master=None
[LIVE] udp=0.0/s, objs=0.0/s, last_udp=, meas=0, tracks=0, valid=0, master=None
[LIVE] udp=0.0/s, objs=0.0/s, last_udp=, meas=0, tracks=0, valid=0, master=None
[LIVE] udp=0.0/s, objs=0.0/s, last_udp=, meas=0, tracks=0, valid=0, master=None
[GPS] GGA fix_quality=0, num_sats=00, hdop=9999.0, lat=0.0, lon=0.0
[LIVE] udp=0.0/s, objs=0.0/s, last_udp=, meas=0, tracks=0, valid=0, master=None
[GPS] GGA fix_quality=0, num_sats=00, hdop=9999.0, lat=0.0, lon=0.0
[LIVE] udp=0.0/s, objs=0.0/s, last_udp=, meas=0, tracks=0, valid=0, master=None
[GPS] GGA fix_quality=0, num_sats=00, hdop=9999.0, lat=0.0, lon=0.0
[LIVE] udp=0.0/s, objs=0.0/s, last_udp=, meas=0, tracks=0, valid=0, master=None
[GPS] GGA fix_quality=0, num_sats=00, hdop=9999.0, lat=0.0, lon=0.0
[LIVE] udp=0.0/s, objs=0.0/s, last_udp=, meas=0, tracks=0, valid=0, master=None
[GPS] GGA fix_quality=0, num_sats=00, hdop=9999.0, lat=0.0, lon=0.0
[LIVE] udp=2.0/s, objs=6.0/s, last_udp=0.34s, meas=1, tracks=6, valid=0, master=None
[GPS] GGA fix_quality=0, num_sats=03, hdop=9999.0, lat=0.0, lon=0.0
[LIVE] udp=10.0/s, objs=22.9/s, last_udp=0.01s, meas=2, tracks=9, valid=0, master=None
[LIVE] udp=7.0/s, objs=14.9/s, last_udp=0.26s, meas=2, tracks=10, valid=0, master=None
[LIVE] udp=9.0/s, objs=19.9/s, last_udp=0.06s, meas=1, tracks=6, valid=0, master=None
[LIVE] udp=9.0/s, objs=25.0/s, last_udp=0.16s, meas=2, tracks=10, valid=0, master=None
[LIVE] udp=12.0/s, objs=27.0/s, last_udp=0.03s, meas=4, tracks=8, valid=0, master=28
[GPS] GGA fix_quality=0, num_sats=03, hdop=9999.0, lat=0.0, lon=0.0
[LIVE] udp=8.0/s, objs=22.0/s, last_udp=0.04s, meas=4, tracks=9, valid=0, master=4
[GPS] GGA fix_quality=0, num_sats=03, hdop=9999.0, lat=0.0, lon=0.0
[LIVE] udp=8.0/s, objs=20.9/s, last_udp=0.12s, meas=2, tracks=8, valid=0, master=31
[GPS] GGA fix_quality=0, num_sats=03, hdop=9999.0, lat=0.0, lon=0.0
[LIVE] udp=8.0/s, objs=29.9/s, last_udp=0.10s, meas=6, tracks=9, valid=1, master=4
[GPS] GGA fix_quality=0, num_sats=00, hdop=9999.0, lat=0.0, lon=0.0
[LIVE] udp=9.0/s, objs=20.9/s, last_udp=0.06s, meas=1, tracks=7, valid=1, master=4
[GPS] GGA fix_quality=0, num_sats=03, hdop=9999.0, lat=0.0, lon=0.0
[LIVE] udp=8.0/s, objs=25.0/s, last_udp=0.04s, meas=1, tracks=9, valid=0, master=4
[GPS] GGA fix_quality=0, num_sats=00, hdop=9999.0, lat=0.0, lon=0.0
[LIVE] udp=8.0/s, objs=29.0/s, last_udp=0.08s, meas=1, tracks=13, valid=0, master=4
[LIVE] udp=8.0/s, objs=28.0/s, last_udp=0.10s, meas=2, tracks=9, valid=0, master=57
[LIVE] udp=7.0/s, objs=22.0/s, last_udp=0.14s, meas=2, tracks=11, valid=0, master=57
[LIVE] udp=8.0/s, objs=35.8/s, last_udp=0.00s, meas=5, tracks=11, valid=0, master=57
[LIVE] udp=7.0/s, objs=22.0/s, last_udp=0.03s, meas=6, tracks=11, valid=0, master=57
[GPS] GGA fix_quality=0, num_sats=03, hdop=9999.0, lat=0.0, lon=0.0
[LIVE] udp=7.0/s, objs=20.9/s, last_udp=0.06s, meas=1, tracks=10, valid=0, master=57
[GPS] GGA fix_quality=0, num_sats=03, hdop=9999.0, lat=0.0, lon=0.0
[LIVE] udp=8.0/s, objs=28.9/s, last_udp=0.05s, meas=9, tracks=12, valid=0, master=57
[GPS] GGA fix_quality=0, num_sats=03, hdop=9999.0, lat=0.0, lon=0.0
[LIVE] udp=6.0/s, objs=16.9/s, last_udp=0.03s, meas=2, tracks=8, valid=1, master=77
[GPS] GGA fix_quality=0, num_sats=03, hdop=9999.0, lat=0.0, lon=0.0
[LIVE] udp=10.0/s, objs=28.9/s, last_udp=0.12s, meas=4, tracks=14, valid=0, master=77
[GPS] GGA fix_quality=0, num_sats=03, hdop=9999.0, lat=0.0, lon=0.0
[LIVE] udp=9.0/s, objs=27.9/s, last_udp=0.00s, meas=4, tracks=12, valid=0, master=77
[GPS] GGA fix_quality=0, num_sats=00, hdop=9999.0, lat=0.0, lon=0.0
[LIVE] udp=8.0/s, objs=29.0/s, last_udp=0.00s, meas=4, tracks=8, valid=1, master=88
[LIVE] udp=8.0/s, objs=24.9/s, last_udp=0.14s, meas=3, tracks=10, valid=0, master=88
[LIVE] udp=8.0/s, objs=36.8/s, last_udp=0.10s, meas=8, tracks=14, valid=1, master=88
[LIVE] udp=9.0/s, objs=22.9/s, last_udp=0.02s, meas=1, tracks=10, valid=0, master=88
[LIVE] udp=9.0/s, objs=28.9/s, last_udp=0.15s, meas=5, tracks=9, valid=0, master=88
[GPS] GGA fix_quality=0, num_sats=00, hdop=9999.0, lat=0.0, lon=0.0
[LIVE] udp=10.0/s, objs=28.9/s, last_udp=0.02s, meas=1, tracks=11, valid=0, master=88
[GPS] GGA fix_quality=0, num_sats=00, hdop=9999.0, lat=0.0, lon=0.0
[LIVE] udp=6.0/s, objs=24.9/s, last_udp=0.03s, meas=3, tracks=9, valid=0, master=88
[GPS] GGA fix_quality=0, num_sats=00, hdop=9999.0, lat=0.0, lon=0.0
[LIVE] udp=11.0/s, objs=39.9/s, last_udp=0.09s, meas=7, tracks=12, valid=0, master=88
[GPS] GGA fix_quality=0, num_sats=00, hdop=9999.0, lat=0.0, lon=0.0
[LIVE] udp=8.0/s, objs=37.8/s, last_udp=0.09s, meas=3, tracks=12, valid=0, master=88
[GPS] GGA fix_quality=0, num_sats=00, hdop=9999.0, lat=0.0, lon=0.0
[LIVE] udp=9.0/s, objs=23.9/s, last_udp=0.13s, meas=1, tracks=8, valid=0, master=69
[GPS] GGA fix_quality=0, num_sats=00, hdop=9999.0, lat=0.0, lon=0.0
[LIVE] udp=10.0/s, objs=33.9/s, last_udp=0.02s, meas=2, tracks=11, valid=0, master=69
[LIVE] udp=9.0/s, objs=33.9/s, last_udp=0.06s, meas=5, tracks=11, valid=0, master=69
[LIVE] udp=8.0/s, objs=29.9/s, last_udp=0.05s, meas=2, tracks=13, valid=0, master=69
[LIVE] udp=7.0/s, objs=19.9/s, last_udp=0.17s, meas=1, tracks=8, valid=0, master=69
[LIVE] udp=10.0/s, objs=32.0/s, last_udp=0.13s, meas=2, tracks=9, valid=0, master=132
[GPS] GGA fix_quality=0, num_sats=00, hdop=9999.0, lat=0.0, lon=0.0
[LIVE] udp=9.0/s, objs=34.9/s, last_udp=0.02s, meas=6, tracks=8, valid=3, master=128
[GPS] GGA fix_quality=0, num_sats=00, hdop=9999.0, lat=0.0, lon=0.0
[LIVE] udp=10.9/s, objs=32.8/s, last_udp=0.13s, meas=8, tracks=14, valid=1, master=127
[GPS] GGA fix_quality=0, num_sats=00, hdop=9999.0, lat=0.0, lon=0.0
[LIVE] udp=7.0/s, objs=18.0/s, last_udp=0.26s, meas=1, tracks=9, valid=0, master=127
[GPS] GGA fix_quality=0, num_sats=00, hdop=9999.0, lat=0.0, lon=0.0
[LIVE] udp=8.0/s, objs=28.9/s, last_udp=0.13s, meas=8, tracks=12, valid=1, master=140
[GPS] GGA fix_quality=0, num_sats=00, hdop=9999.0, lat=0.0, lon=0.0
[LIVE] udp=8.0/s, objs=23.0/s, last_udp=0.10s, meas=2, tracks=9, valid=0, master=150
[GPS] GGA fix_quality=0, num_sats=00, hdop=9999.0, lat=0.0, lon=0.0
[LIVE] udp=8.9/s, objs=26.8/s, last_udp=0.01s, meas=3, tracks=10, valid=0, master=150
[LIVE] udp=7.0/s, objs=27.9/s, last_udp=0.08s, meas=4, tracks=9, valid=0, master=150
[LIVE] udp=8.0/s, objs=29.9/s, last_udp=0.02s, meas=5, tracks=11, valid=2, master=140
[LIVE] udp=8.0/s, objs=25.9/s, last_udp=0.07s, meas=3, tracks=9, valid=0, master=140
[LIVE] udp=7.0/s, objs=18.9/s, last_udp=0.04s, meas=3, tracks=8, valid=0, master=140
[GPS] GGA fix_quality=0, num_sats=00, hdop=9999.0, lat=0.0, lon=0.0
[LIVE] udp=8.0/s, objs=34.9/s, last_udp=0.12s, meas=2, tracks=12, valid=0, master=171
[GPS] GGA fix_quality=0, num_sats=00, hdop=9999.0, lat=0.0, lon=0.0
[LIVE] udp=11.0/s, objs=37.9/s, last_udp=0.05s, meas=6, tracks=11, valid=4, master=172
[GPS] GGA fix_quality=0, num_sats=00, hdop=9999.0, lat=0.0, lon=0.0
[LIVE] udp=8.0/s, objs=17.9/s, last_udp=0.01s, meas=1, tracks=8, valid=0, master=178
[GPS] GGA fix_quality=0, num_sats=00, hdop=9999.0, lat=0.0, lon=0.0
[LIVE] udp=8.0/s, objs=32.9/s, last_udp=0.11s, meas=6, tracks=9, valid=0, master=178
[GPS] GGA fix_quality=0, num_sats=00, hdop=9999.0, lat=0.0, lon=0.0
[GPS] GGA fix_quality=0, num_sats=00, hdop=9999.0, lat=0.0, lon=0.0
[LIVE] udp=9.0/s, objs=24.9/s, last_udp=0.09s, meas=3, tracks=8, valid=0, master=178
[LIVE] udp=8.0/s, objs=25.9/s, last_udp=0.08s, meas=2, tracks=12, valid=0, master=140
[LIVE] udp=9.0/s, objs=25.9/s, last_udp=0.10s, meas=4, tracks=10, valid=0, master=140
[LIVE] udp=7.0/s, objs=22.9/s, last_udp=0.03s, meas=3, tracks=8, valid=0, master=140
[LIVE] udp=10.0/s, objs=39.9/s, last_udp=0.01s, meas=5, tracks=15, valid=0, master=140
[GPS] GGA fix_quality=0, num_sats=00, hdop=9999.0, lat=0.0, lon=0.0
[LIVE] udp=10.0/s, objs=42.9/s, last_udp=0.05s, meas=6, tracks=11, valid=1, master=140
[GPS] GGA fix_quality=0, num_sats=00, hdop=9999.0, lat=0.0, lon=0.0
[LIVE] udp=8.0/s, objs=27.0/s, last_udp=0.20s, meas=3, tracks=11, valid=0, master=140
[GPS] GGA fix_quality=0, num_sats=00, hdop=9999.0, lat=0.0, lon=0.0
[LIVE] udp=6.0/s, objs=32.9/s, last_udp=0.00s, meas=1, tracks=9, valid=1, master=199
[GPS] GGA fix_quality=0, num_sats=00, hdop=9999.0, lat=0.0, lon=0.0
[LIVE] udp=8.0/s, objs=35.8/s, last_udp=0.02s, meas=4, tracks=14, valid=0, master=199
[GPS] GGA fix_quality=0, num_sats=00, hdop=9999.0, lat=0.0, lon=0.0
[LIVE] udp=10.0/s, objs=38.9/s, last_udp=0.01s, meas=6, tracks=14, valid=0, master=217
[GPS] GGA fix_quality=0, num_sats=00, hdop=9999.0, lat=0.0, lon=0.0
[LIVE] udp=9.0/s, objs=28.9/s, last_udp=0.03s, meas=7, tracks=11, valid=0, master=217
[LIVE] udp=8.0/s, objs=33.9/s, last_udp=0.22s, meas=3, tracks=11, valid=0, master=227
[LIVE] udp=10.0/s, objs=27.0/s, last_udp=0.05s, meas=4, tracks=12, valid=0, master=227
[LIVE] udp=8.0/s, objs=21.9/s, last_udp=0.00s, meas=5, tracks=7, valid=0, master=227
[LIVE] udp=8.0/s, objs=29.9/s, last_udp=0.22s, meas=5, tracks=10, valid=0, master=227
[GPS] GGA fix_quality=0, num_sats=00, hdop=9999.0, lat=0.0, lon=0.0
[LIVE] udp=9.0/s, objs=30.8/s, last_udp=0.03s, meas=4, tracks=12, valid=0, master=204
[GPS] GGA fix_quality=0, num_sats=00, hdop=9999.0, lat=0.0, lon=0.0
[LIVE] udp=7.0/s, objs=21.0/s, last_udp=0.20s, meas=3, tracks=11, valid=0, master=204
[GPS] GGA fix_quality=0, num_sats=00, hdop=9999.0, lat=0.0, lon=0.0
[LIVE] udp=7.0/s, objs=25.9/s, last_udp=0.08s, meas=1, tracks=10, valid=0, master=204
[GPS] GGA fix_quality=0, num_sats=00, hdop=9999.0, lat=0.0, lon=0.0
[LIVE] udp=10.0/s, objs=32.9/s, last_udp=0.06s, meas=7, tracks=13, valid=0, master=204
[GPS] GGA fix_quality=0, num_sats=00, hdop=9999.0, lat=0.0, lon=0.0
[LIVE] udp=10.0/s, objs=25.9/s, last_udp=0.05s, meas=1, tracks=10, valid=0, master=204
[GPS] GGA fix_quality=0, num_sats=00, hdop=9999.0, lat=0.0, lon=0.0
[LIVE] udp=8.0/s, objs=22.9/s, last_udp=0.01s, meas=1, tracks=9, valid=0, master=204
[LIVE] udp=7.0/s, objs=19.0/s, last_udp=0.11s, meas=1, tracks=11, valid=0, master=204
[LIVE] udp=7.0/s, objs=23.0/s, last_udp=0.18s, meas=1, tracks=12, valid=0, master=204
[LIVE] udp=8.0/s, objs=24.9/s, last_udp=0.15s, meas=2, tracks=11, valid=0, master=280
[LIVE] udp=8.0/s, objs=33.9/s, last_udp=0.28s, meas=2, tracks=14, valid=0, master=280
[GPS] GGA fix_quality=0, num_sats=03, hdop=9999.0, lat=0.0, lon=0.0
[LIVE] udp=6.0/s, objs=24.9/s, last_udp=0.25s, meas=5, tracks=13, valid=0, master=284
[GPS] GGA fix_quality=0, num_sats=03, hdop=9999.0, lat=0.0, lon=0.0
[LIVE] udp=11.0/s, objs=30.9/s, last_udp=0.11s, meas=1, tracks=13, valid=0, master=284
[GPS] GGA fix_quality=0, num_sats=00, hdop=9999.0, lat=0.0, lon=0.0
[LIVE] udp=9.0/s, objs=24.9/s, last_udp=0.00s, meas=1, tracks=10, valid=0, master=284
[GPS] GGA fix_quality=0, num_sats=00, hdop=9999.0, lat=0.0, lon=0.0
[LIVE] udp=8.0/s, objs=39.8/s, last_udp=0.10s, meas=6, tracks=15, valid=0, master=284
[GPS] GGA fix_quality=0, num_sats=00, hdop=9999.0, lat=0.0, lon=0.0
[LIVE] udp=8.0/s, objs=23.9/s, last_udp=0.00s, meas=5, tracks=16, valid=0, master=284
[GPS] GGA fix_quality=0, num_sats=03, hdop=9999.0, lat=0.0, lon=0.0
[LIVE] udp=9.0/s, objs=26.9/s, last_udp=0.20s, meas=6, tracks=13, valid=0, master=284
[LIVE] udp=10.0/s, objs=23.9/s, last_udp=0.04s, meas=5, tracks=12, valid=0, master=284
[LIVE] udp=10.0/s, objs=23.9/s, last_udp=0.06s, meas=6, tracks=8, valid=0, master=284
[LIVE] udp=10.0/s, objs=26.9/s, last_udp=0.04s, meas=3, tracks=10, valid=0, master=284
[LIVE] udp=10.0/s, objs=25.9/s, last_udp=0.14s, meas=3, tracks=10, valid=0, master=284
[GPS] GGA fix_quality=0, num_sats=00, hdop=9999.0, lat=0.0, lon=0.0
[LIVE] udp=7.0/s, objs=27.0/s, last_udp=0.05s, meas=7, tracks=17, valid=0, master=284
[GPS] GGA fix_quality=0, num_sats=00, hdop=9999.0, lat=0.0, lon=0.0
[LIVE] udp=12.0/s, objs=36.0/s, last_udp=0.03s, meas=6, tracks=12, valid=0, master=284
[GPS] GGA fix_quality=0, num_sats=03, hdop=9999.0, lat=0.0, lon=0.0
[LIVE] udp=10.0/s, objs=32.9/s, last_udp=0.20s, meas=4, tracks=15, valid=0, master=284
[GPS] GGA fix_quality=0, num_sats=00, hdop=9999.0, lat=0.0, lon=0.0
[LIVE] udp=10.0/s, objs=35.9/s, last_udp=0.03s, meas=7, tracks=12, valid=0, master=284
[GPS] GGA fix_quality=0, num_sats=00, hdop=9999.0, lat=0.0, lon=0.0
[LIVE] udp=9.0/s, objs=31.0/s, last_udp=0.02s, meas=6, tracks=11, valid=0, master=284
[GPS] GGA fix_quality=0, num_sats=00, hdop=9999.0, lat=0.0, lon=0.0
[LIVE] udp=9.0/s, objs=22.9/s, last_udp=0.07s, meas=4, tracks=12, valid=0, master=284
[LIVE] udp=10.0/s, objs=24.9/s, last_udp=0.01s, meas=2, tracks=12, valid=0, master=284
[LIVE] udp=8.0/s, objs=25.9/s, last_udp=0.01s, meas=2, tracks=11, valid=0, master=284
[LIVE] udp=9.0/s, objs=24.0/s, last_udp=0.02s, meas=4, tracks=13, valid=0, master=284
[LIVE] udp=13.0/s, objs=43.9/s, last_udp=0.07s, meas=4, tracks=14, valid=0, master=284
[GPS] GGA fix_quality=0, num_sats=00, hdop=9999.0, lat=0.0, lon=0.0
[LIVE] udp=9.0/s, objs=31.0/s, last_udp=0.07s, meas=3, tracks=13, valid=0, master=284
[GPS] GGA fix_quality=0, num_sats=00, hdop=9999.0, lat=0.0, lon=0.0
[LIVE] udp=8.0/s, objs=22.9/s, last_udp=0.11s, meas=3, tracks=10, valid=0, master=284
[GPS] GGA fix_quality=0, num_sats=00, hdop=9999.0, lat=0.0, lon=0.0
[LIVE] udp=9.0/s, objs=34.9/s, last_udp=0.06s, meas=6, tracks=16, valid=0, master=284
[GPS] GGA fix_quality=0, num_sats=00, hdop=9999.0, lat=0.0, lon=0.0
[LIVE] udp=9.0/s, objs=26.9/s, last_udp=0.04s, meas=6, tracks=9, valid=0, master=284
[GPS] GGA fix_quality=0, num_sats=00, hdop=9999.0, lat=0.0, lon=0.0
[LIVE] udp=12.0/s, objs=34.9/s, last_udp=0.02s, meas=1, tracks=12, valid=0, master=284
[GPS] GGA fix_quality=0, num_sats=00, hdop=9999.0, lat=0.0, lon=0.0
[LIVE] udp=8.0/s, objs=20.0/s, last_udp=0.04s, meas=2, tracks=9, valid=0, master=284
[LIVE] udp=9.0/s, objs=28.0/s, last_udp=0.06s, meas=1, tracks=11, valid=0, master=387
[LIVE] udp=9.0/s, objs=36.8/s, last_udp=0.03s, meas=3, tracks=13, valid=0, master=387
[LIVE] udp=9.0/s, objs=28.9/s, last_udp=0.03s, meas=4, tracks=10, valid=0, master=387
[LIVE] udp=9.0/s, objs=37.9/s, last_udp=0.02s, meas=5, tracks=12, valid=0, master=408
[GPS] GGA fix_quality=0, num_sats=00, hdop=9999.0, lat=0.0, lon=0.0
[LIVE] udp=8.0/s, objs=27.0/s, last_udp=0.08s, meas=4, tracks=13, valid=0, master=408
[GPS] GGA fix_quality=0, num_sats=03, hdop=9999.0, lat=0.0, lon=0.0
[LIVE] udp=11.0/s, objs=34.9/s, last_udp=0.07s, meas=5, tracks=11, valid=0, master=386
[GPS] GGA fix_quality=0, num_sats=00, hdop=9999.0, lat=0.0, lon=0.0
[LIVE] udp=9.0/s, objs=23.9/s, last_udp=0.00s, meas=4, tracks=7, valid=0, master=412
[GPS] GGA fix_quality=0, num_sats=00, hdop=9999.0, lat=0.0, lon=0.0
[LIVE] udp=8.0/s, objs=20.9/s, last_udp=0.04s, meas=1, tracks=8, valid=0, master=412
[GPS] GGA fix_quality=0, num_sats=00, hdop=9999.0, lat=0.0, lon=0.0
[LIVE] udp=12.0/s, objs=33.0/s, last_udp=0.02s, meas=2, tracks=13, valid=0, master=412
[GPS] GGA fix_quality=0, num_sats=00, hdop=9999.0, lat=0.0, lon=0.0
[LIVE] udp=10.0/s, objs=25.0/s, last_udp=0.11s, meas=3, tracks=10, valid=0, master=412
[LIVE] udp=8.0/s, objs=31.9/s, last_udp=0.04s, meas=3, tracks=10, valid=0, master=431
[LIVE] udp=7.0/s, objs=18.9/s, last_udp=0.00s, meas=5, tracks=9, valid=0, master=431
[LIVE] udp=9.0/s, objs=20.0/s, last_udp=0.03s, meas=2, tracks=9, valid=0, master=431
[LIVE] udp=7.0/s, objs=24.9/s, last_udp=0.24s, meas=2, tracks=8, valid=0, master=443
[GPS] GGA fix_quality=0, num_sats=00, hdop=9999.0, lat=0.0, lon=0.0
[LIVE] udp=5.0/s, objs=14.9/s, last_udp=0.68s, meas=3, tracks=10, valid=0, master=443
[GPS] GGA fix_quality=0, num_sats=00, hdop=9999.0, lat=0.0, lon=0.0
[LIVE] udp=0.0/s, objs=0.0/s, last_udp=1.69s, meas=3, tracks=10, valid=0, master=443
[GPS] GGA fix_quality=0, num_sats=00, hdop=9999.0, lat=0.0, lon=0.0
[LIVE] udp=0.0/s, objs=0.0/s, last_udp=2.69s, meas=3, tracks=10, valid=0, master=443
[GPS] GGA fix_quality=0, num_sats=00, hdop=9999.0, lat=0.0, lon=0.0
[LIVE] udp=0.0/s, objs=0.0/s, last_udp=3.69s, meas=3, tracks=10, valid=0, master=443
[GPS] GGA fix_quality=0, num_sats=00, hdop=9999.0, lat=0.0, lon=0.0
[LIVE] udp=0.0/s, objs=0.0/s, last_udp=4.70s, meas=3, tracks=10, valid=0, master=443
[GPS] GGA fix_quality=0, num_sats=00, hdop=9999.0, lat=0.0, lon=0.0
[LIVE] udp=0.0/s, objs=0.0/s, last_udp=5.70s, meas=3, tracks=10, valid=0, master=443
[LIVE] udp=0.0/s, objs=0.0/s, last_udp=6.70s, meas=3, tracks=10, valid=0, master=443
[LIVE] udp=0.0/s, objs=0.0/s, last_udp=7.70s, meas=3, tracks=10, valid=0, master=443
[LIVE] udp=0.0/s, objs=0.0/s, last_udp=8.70s, meas=3, tracks=10, valid=0, master=443
[LIVE] udp=0.0/s, objs=0.0/s, last_udp=9.71s, meas=3, tracks=10, valid=0, master=443
[GPS] GGA fix_quality=0, num_sats=00, hdop=9999.0, lat=0.0, lon=0.0
[LIVE] udp=0.0/s, objs=0.0/s, last_udp=10.71s, meas=3, tracks=10, valid=0, master=443
[GPS] GGA fix_quality=0, num_sats=00, hdop=9999.0, lat=0.0, lon=0.0
[LIVE] udp=9.0/s, objs=15.9/s, last_udp=0.07s, meas=3, tracks=5, valid=0, master=443
[GPS] GGA fix_quality=0, num_sats=00, hdop=9999.0, lat=0.0, lon=0.0
[LIVE] udp=6.0/s, objs=16.0/s, last_udp=0.18s, meas=4, tracks=5, valid=2, master=458
[GPS] GGA fix_quality=0, num_sats=00, hdop=9999.0, lat=0.0, lon=0.0
[LIVE] udp=6.0/s, objs=11.0/s, last_udp=0.05s, meas=2, tracks=5, valid=0, master=456
[GPS] GGA fix_quality=0, num_sats=00, hdop=9999.0, lat=0.0, lon=0.0
[LIVE] udp=6.0/s, objs=16.0/s, last_udp=0.00s, meas=1, tracks=6, valid=0, master=462
[GPS] GGA fix_quality=0, num_sats=00, hdop=9999.0, lat=0.0, lon=0.0
[LIVE] udp=9.0/s, objs=17.0/s, last_udp=0.07s, meas=1, tracks=7, valid=0, master=464
[LIVE] udp=7.0/s, objs=14.9/s, last_udp=0.29s, meas=2, tracks=6, valid=0, master=455
[LIVE] udp=6.0/s, objs=13.0/s, last_udp=0.12s, meas=2, tracks=5, valid=0, master=455
[LIVE] udp=8.0/s, objs=19.9/s, last_udp=0.15s, meas=3, tracks=8, valid=2, master=468
[LIVE] udp=7.0/s, objs=18.0/s, last_udp=0.01s, meas=1, tracks=7, valid=0, master=455
[GPS] GGA fix_quality=0, num_sats=00, hdop=9999.0, lat=0.0, lon=0.0
[LIVE] udp=8.0/s, objs=13.0/s, last_udp=0.07s, meas=2, tracks=5, valid=0, master=468
[GPS] GGA fix_quality=0, num_sats=00, hdop=9999.0, lat=0.0, lon=0.0
[LIVE] udp=7.0/s, objs=16.0/s, last_udp=0.12s, meas=3, tracks=6, valid=1, master=479
[GPS] GGA fix_quality=0, num_sats=00, hdop=9999.0, lat=0.0, lon=0.0
[LIVE] udp=9.0/s, objs=24.0/s, last_udp=0.00s, meas=2, tracks=9, valid=0, master=479
[GPS] GGA fix_quality=0, num_sats=00, hdop=9999.0, lat=0.0, lon=0.0
[LIVE] udp=5.0/s, objs=8.0/s, last_udp=0.18s, meas=2, tracks=6, valid=0, master=479
[GPS] GGA fix_quality=0, num_sats=00, hdop=9999.0, lat=0.0, lon=0.0
[LIVE] udp=7.0/s, objs=17.9/s, last_udp=0.08s, meas=2, tracks=7, valid=0, master=479
[GPS] GGA fix_quality=0, num_sats=00, hdop=9999.0, lat=0.0, lon=0.0
[LIVE] udp=7.0/s, objs=14.9/s, last_udp=0.00s, meas=1, tracks=6, valid=0, master=479
[LIVE] udp=2.0/s, objs=5.0/s, last_udp=0.04s, meas=1, tracks=5, valid=0, master=479
[LIVE] udp=6.0/s, objs=12.9/s, last_udp=0.01s, meas=2, tracks=4, valid=0, master=499
[LIVE] udp=6.0/s, objs=11.0/s, last_udp=0.12s, meas=3, tracks=5, valid=1, master=499
[LIVE] udp=3.0/s, objs=5.0/s, last_udp=0.27s, meas=1, tracks=4, valid=0, master=499
[GPS] GGA fix_quality=0, num_sats=00, hdop=9999.0, lat=0.0, lon=0.0
[LIVE] udp=6.0/s, objs=11.0/s, last_udp=0.00s, meas=1, tracks=4, valid=0, master=505
[GPS] GGA fix_quality=0, num_sats=00, hdop=9999.0, lat=0.0, lon=0.0
[LIVE] udp=4.0/s, objs=7.0/s, last_udp=0.10s, meas=1, tracks=3, valid=0, master=499
[GPS] GGA fix_quality=0, num_sats=00, hdop=9999.0, lat=0.0, lon=0.0
[LIVE] udp=6.0/s, objs=10.0/s, last_udp=0.10s, meas=1, tracks=3, valid=0, master=508
[GPS] GGA fix_quality=0, num_sats=00, hdop=9999.0, lat=0.0, lon=0.0
[LIVE] udp=9.0/s, objs=18.0/s, last_udp=0.14s, meas=2, tracks=7, valid=0, master=508
[GPS] GGA fix_quality=0, num_sats=00, hdop=9999.0, lat=0.0, lon=0.0
[LIVE] udp=8.0/s, objs=14.0/s, last_udp=0.05s, meas=3, tracks=7, valid=0, master=508
[GPS] GGA fix_quality=0, num_sats=00, hdop=9999.0, lat=0.0, lon=0.0
[LIVE] udp=7.0/s, objs=13.0/s, last_udp=0.03s, meas=3, tracks=5, valid=0, master=508
[LIVE] udp=5.0/s, objs=7.0/s, last_udp=0.29s, meas=1, tracks=3, valid=1, master=520
[LIVE] udp=9.0/s, objs=22.0/s, last_udp=0.15s, meas=2, tracks=6, valid=0, master=520
[LIVE] udp=7.0/s, objs=13.9/s, last_udp=0.07s, meas=1, tracks=5, valid=0, master=520
[LIVE] udp=5.0/s, objs=15.9/s, last_udp=0.03s, meas=3, tracks=8, valid=0, master=520
[GPS] GGA fix_quality=0, num_sats=00, hdop=9999.0, lat=0.0, lon=0.0
[LIVE] udp=9.0/s, objs=21.9/s, last_udp=0.09s, meas=3, tracks=7, valid=0, master=520
[GPS] GGA fix_quality=0, num_sats=00, hdop=9999.0, lat=0.0, lon=0.0
[LIVE] udp=8.0/s, objs=15.9/s, last_udp=0.12s, meas=1, tracks=7, valid=0, master=520
[GPS] GGA fix_quality=0, num_sats=00, hdop=9999.0, lat=0.0, lon=0.0
[LIVE] udp=8.0/s, objs=20.0/s, last_udp=0.00s, meas=4, tracks=5, valid=4, master=526
[GPS] GGA fix_quality=0, num_sats=00, hdop=9999.0, lat=0.0, lon=0.0
[LIVE] udp=6.0/s, objs=15.0/s, last_udp=0.07s, meas=2, tracks=4, valid=2, master=526
[GPS] GGA fix_quality=0, num_sats=00, hdop=9999.0, lat=0.0, lon=0.0
[LIVE] udp=8.0/s, objs=16.9/s, last_udp=0.18s, meas=1, tracks=5, valid=1, master=531
[GPS] GGA fix_quality=0, num_sats=00, hdop=9999.0, lat=0.0, lon=0.0
[LIVE] udp=8.0/s, objs=20.0/s, last_udp=0.01s, meas=1, tracks=6, valid=0, master=526
[LIVE] udp=5.0/s, objs=8.0/s, last_udp=0.17s, meas=1, tracks=3, valid=1, master=522
[LIVE] udp=6.0/s, objs=11.9/s, last_udp=0.08s, meas=1, tracks=6, valid=0, master=522
[LIVE] udp=10.9/s, objs=16.9/s, last_udp=0.01s, meas=1, tracks=6, valid=0, master=533
[LIVE] udp=9.0/s, objs=13.0/s, last_udp=0.04s, meas=1, tracks=6, valid=0, master=533
[GPS] GGA fix_quality=0, num_sats=03, hdop=9999.0, lat=0.0, lon=0.0
[LIVE] udp=13.0/s, objs=28.0/s, last_udp=0.07s, meas=3, tracks=7, valid=0, master=533
[GPS] GGA fix_quality=0, num_sats=03, hdop=9999.0, lat=0.0, lon=0.0
[LIVE] udp=8.0/s, objs=20.0/s, last_udp=0.08s, meas=2, tracks=6, valid=0, master=542
[GPS] GGA fix_quality=0, num_sats=03, hdop=9999.0, lat=0.0, lon=0.0
[LIVE] udp=7.0/s, objs=13.9/s, last_udp=0.12s, meas=3, tracks=4, valid=1, master=542
[GPS] GGA fix_quality=0, num_sats=03, hdop=9999.0, lat=0.0, lon=0.0
[LIVE] udp=7.0/s, objs=15.0/s, last_udp=0.08s, meas=4, tracks=5, valid=2, master=542
[GPS] GGA fix_quality=0, num_sats=03, hdop=9999.0, lat=0.0, lon=0.0
[LIVE] udp=6.0/s, objs=13.9/s, last_udp=0.17s, meas=2, tracks=4, valid=2, master=542
[GPS] GGA fix_quality=0, num_sats=03, hdop=9999.0, lat=0.0, lon=0.0
[LIVE] udp=3.0/s, objs=11.9/s, last_udp=0.34s, meas=5, tracks=5, valid=4, master=554
[LIVE] udp=0.0/s, objs=0.0/s, last_udp=1.34s, meas=5, tracks=5, valid=4, master=554
[LIVE] udp=0.0/s, objs=0.0/s, last_udp=2.35s, meas=5, tracks=5, valid=4, master=554
[LIVE] udp=0.0/s, objs=0.0/s, last_udp=3.35s, meas=5, tracks=5, valid=4, master=554
[LIVE] udp=0.0/s, objs=0.0/s, last_udp=4.35s, meas=5, tracks=5, valid=4, master=554
[GPS] GGA fix_quality=0, num_sats=03, hdop=9999.0, lat=0.0, lon=0.0
[LIVE] udp=0.0/s, objs=0.0/s, last_udp=5.35s, meas=5, tracks=5, valid=4, master=554
[GPS] GGA fix_quality=0, num_sats=03, hdop=9999.0, lat=0.0, lon=0.0
[LIVE] udp=0.0/s, objs=0.0/s, last_udp=6.35s, meas=5, tracks=5, valid=4, master=554
[GPS] GGA fix_quality=0, num_sats=03, hdop=9999.0, lat=0.0, lon=0.0
[LIVE] udp=0.0/s, objs=0.0/s, last_udp=7.36s, meas=5, tracks=5, valid=4, master=554
[GPS] GGA fix_quality=0, num_sats=03, hdop=9999.0, lat=0.0, lon=0.0
[LIVE] udp=0.0/s, objs=0.0/s, last_udp=8.36s, meas=5, tracks=5, valid=4, master=554
[GPS] GGA fix_quality=0, num_sats=03, hdop=9999.0, lat=0.0, lon=0.0
[LIVE] udp=0.0/s, objs=0.0/s, last_udp=9.36s, meas=5, tracks=5, valid=4, master=554
[GPS] GGA fix_quality=0, num_sats=03, hdop=9999.0, lat=0.0, lon=0.0
[LIVE] udp=0.0/s, objs=0.0/s, last_udp=10.36s, meas=5, tracks=5, valid=4, master=554
[LIVE] udp=6.0/s, objs=11.0/s, last_udp=0.04s, meas=3, tracks=3, valid=2, master=556
[LIVE] udp=5.0/s, objs=11.0/s, last_udp=0.03s, meas=3, tracks=4, valid=2, master=558
[LIVE] udp=6.0/s, objs=16.0/s, last_udp=0.04s, meas=2, tracks=4, valid=2, master=556
[LIVE] udp=6.0/s, objs=15.0/s, last_udp=0.01s, meas=4, tracks=4, valid=3, master=559
[GPS] GGA fix_quality=0, num_sats=03, hdop=9999.0, lat=0.0, lon=0.0
[LIVE] udp=4.0/s, objs=7.0/s, last_udp=0.01s, meas=2, tracks=3, valid=2, master=556
[GPS] GGA fix_quality=0, num_sats=03, hdop=9999.0, lat=0.0, lon=0.0
[LIVE] udp=5.0/s, objs=12.0/s, last_udp=0.01s, meas=3, tracks=4, valid=2, master=556
[GPS] GGA fix_quality=0, num_sats=03, hdop=9999.0, lat=0.0, lon=0.0
[LIVE] udp=4.0/s, objs=8.0/s, last_udp=0.10s, meas=2, tracks=3, valid=2, master=556
[GPS] GGA fix_quality=0, num_sats=03, hdop=9999.0, lat=0.0, lon=0.0
[LIVE] udp=5.0/s, objs=9.0/s, last_udp=0.00s, meas=2, tracks=3, valid=2, master=556
[GPS] GGA fix_quality=0, num_sats=03, hdop=9999.0, lat=0.0, lon=0.0
[LIVE] udp=5.0/s, objs=10.0/s, last_udp=0.10s, meas=1, tracks=4, valid=1, master=557
[GPS] GGA fix_quality=0, num_sats=03, hdop=9999.0, lat=0.0, lon=0.0
[LIVE] udp=2.0/s, objs=10.0/s, last_udp=0.66s, meas=4, tracks=6, valid=1, master=556
[LIVE] udp=0.0/s, objs=0.0/s, last_udp=1.67s, meas=4, tracks=6, valid=1, master=556
[LIVE] udp=0.0/s, objs=0.0/s, last_udp=2.67s, meas=4, tracks=6, valid=1, master=556
[LIVE] udp=0.0/s, objs=0.0/s, last_udp=3.67s, meas=4, tracks=6, valid=1, master=556
[LIVE] udp=0.0/s, objs=0.0/s, last_udp=4.68s, meas=4, tracks=6, valid=1, master=556
[GPS] GGA fix_quality=0, num_sats=03, hdop=9999.0, lat=0.0, lon=0.0
[LIVE] udp=0.0/s, objs=0.0/s, last_udp=5.68s, meas=4, tracks=6, valid=1, master=556
[GPS] GGA fix_quality=0, num_sats=03, hdop=9999.0, lat=0.0, lon=0.0
[LIVE] udp=0.0/s, objs=0.0/s, last_udp=6.68s, meas=4, tracks=6, valid=1, master=556
[GPS] GGA fix_quality=0, num_sats=03, hdop=9999.0, lat=0.0, lon=0.0
[LIVE] udp=0.0/s, objs=0.0/s, last_udp=7.69s, meas=4, tracks=6, valid=1, master=556
[GPS] GGA fix_quality=0, num_sats=03, hdop=9999.0, lat=0.0, lon=0.0
[LIVE] udp=0.0/s, objs=0.0/s, last_udp=8.69s, meas=4, tracks=6, valid=1, master=556
[GPS] GGA fix_quality=0, num_sats=03, hdop=9999.0, lat=0.0, lon=0.0
[LIVE] udp=0.0/s, objs=0.0/s, last_udp=9.69s, meas=4, tracks=6, valid=1, master=556
[GPS] GGA fix_quality=0, num_sats=03, hdop=9999.0, lat=0.0, lon=0.0
[LIVE] udp=0.0/s, objs=0.0/s, last_udp=10.69s, meas=4, tracks=6, valid=1, master=556
[LIVE] udp=0.0/s, objs=0.0/s, last_udp=11.69s, meas=4, tracks=6, valid=1, master=556
[LIVE] udp=0.0/s, objs=0.0/s, last_udp=12.70s, meas=4, tracks=6, valid=1, master=556
[LIVE] udp=0.0/s, objs=0.0/s, last_udp=13.70s, meas=4, tracks=6, valid=1, master=556
[LIVE] udp=0.0/s, objs=0.0/s, last_udp=14.70s, meas=4, tracks=6, valid=1, master=556
[GPS] GGA fix_quality=0, num_sats=03, hdop=9999.0, lat=0.0, lon=0.0
[LIVE] udp=0.0/s, objs=0.0/s, last_udp=15.70s, meas=4, tracks=6, valid=1, master=556
[GPS] GGA fix_quality=0, num_sats=03, hdop=9999.0, lat=0.0, lon=0.0
[LIVE] udp=0.0/s, objs=0.0/s, last_udp=16.71s, meas=4, tracks=6, valid=1, master=556
[GPS] GGA fix_quality=0, num_sats=03, hdop=9999.0, lat=0.0, lon=0.0
[LIVE] udp=0.0/s, objs=0.0/s, last_udp=17.71s, meas=4, tracks=6, valid=1, master=556
[GPS] GGA fix_quality=0, num_sats=03, hdop=9999.0, lat=0.0, lon=0.0
[LIVE] udp=0.0/s, objs=0.0/s, last_udp=18.72s, meas=4, tracks=6, valid=1, master=556
[GPS] GGA fix_quality=0, num_sats=03, hdop=9999.0, lat=0.0, lon=0.0
[LIVE] udp=0.0/s, objs=0.0/s, last_udp=19.72s, meas=4, tracks=6, valid=1, master=556
[GPS] GGA fix_quality=0, num_sats=04, hdop=9999.0, lat=0.0, lon=0.0
[LIVE] udp=0.0/s, objs=0.0/s, last_udp=20.73s, meas=4, tracks=6, valid=1, master=556
[LIVE] udp=0.0/s, objs=0.0/s, last_udp=21.73s, meas=4, tracks=6, valid=1, master=556
[LIVE] udp=0.0/s, objs=0.0/s, last_udp=22.73s, meas=4, tracks=6, valid=1, master=556
[LIVE] udp=0.0/s, objs=0.0/s, last_udp=23.74s, meas=4, tracks=6, valid=1, master=556
[LIVE] udp=0.0/s, objs=0.0/s, last_udp=24.74s, meas=4, tracks=6, valid=1, master=556
[GPS] GGA fix_quality=0, num_sats=03, hdop=9999.0, lat=0.0, lon=0.0
[LIVE] udp=0.0/s, objs=0.0/s, last_udp=25.74s, meas=4, tracks=6, valid=1, master=556
[GPS] GGA fix_quality=0, num_sats=03, hdop=9999.0, lat=0.0, lon=0.0
[LIVE] udp=0.0/s, objs=0.0/s, last_udp=26.74s, meas=4, tracks=6, valid=1, master=556
[GPS] GGA fix_quality=0, num_sats=03, hdop=9999.0, lat=0.0, lon=0.0
[LIVE] udp=0.0/s, objs=0.0/s, last_udp=27.75s, meas=4, tracks=6, valid=1, master=556
[GPS] GGA fix_quality=0, num_sats=03, hdop=9999.0, lat=0.0, lon=0.0
[LIVE] udp=0.0/s, objs=0.0/s, last_udp=28.75s, meas=4, tracks=6, valid=1, master=556
[GPS] GGA fix_quality=0, num_sats=03, hdop=9999.0, lat=0.0, lon=0.0
[LIVE] udp=0.0/s, objs=0.0/s, last_udp=29.75s, meas=4, tracks=6, valid=1, master=556
[GPS] GGA fix_quality=0, num_sats=03, hdop=9999.0, lat=0.0, lon=0.0
[LIVE] udp=0.0/s, objs=0.0/s, last_udp=30.75s, meas=4, tracks=6, valid=1, master=556
[LIVE] udp=0.0/s, objs=0.0/s, last_udp=31.75s, meas=4, tracks=6, valid=1, master=556
[LIVE] udp=0.0/s, objs=0.0/s, last_udp=32.76s, meas=4, tracks=6, valid=1, master=556
[LIVE] udp=0.0/s, objs=0.0/s, last_udp=33.76s, meas=4, tracks=6, valid=1, master=556
[LIVE] udp=0.0/s, objs=0.0/s, last_udp=34.76s, meas=4, tracks=6, valid=1, master=556
[GPS] GGA fix_quality=0, num_sats=03, hdop=9999.0, lat=0.0, lon=0.0
[LIVE] udp=0.0/s, objs=0.0/s, last_udp=35.77s, meas=4, tracks=6, valid=1, master=556
[GPS] GGA fix_quality=0, num_sats=03, hdop=9999.0, lat=0.0, lon=0.0
[LIVE] udp=0.0/s, objs=0.0/s, last_udp=36.77s, meas=4, tracks=6, valid=1, master=556
[GPS] GGA fix_quality=0, num_sats=03, hdop=9999.0, lat=0.0, lon=0.0
[LIVE] udp=0.0/s, objs=0.0/s, last_udp=37.77s, meas=4, tracks=6, valid=1, master=556
[GPS] GGA fix_quality=0, num_sats=03, hdop=9999.0, lat=0.0, lon=0.0
[LIVE] udp=0.0/s, objs=0.0/s, last_udp=38.77s, meas=4, tracks=6, valid=1, master=556
[GPS] GGA fix_quality=0, num_sats=03, hdop=9999.0, lat=0.0, lon=0.0
[LIVE] udp=0.0/s, objs=0.0/s, last_udp=39.78s, meas=4, tracks=6, valid=1, master=556
[GPS] GGA fix_quality=0, num_sats=03, hdop=9999.0, lat=0.0, lon=0.0
[LIVE] udp=0.0/s, objs=0.0/s, last_udp=40.78s, meas=4, tracks=6, valid=1, master=556
[LIVE] udp=0.0/s, objs=0.0/s, last_udp=41.79s, meas=4, tracks=6, valid=1, master=556
[LIVE] udp=0.0/s, objs=0.0/s, last_udp=42.79s, meas=4, tracks=6, valid=1, master=556
[LIVE] udp=0.0/s, objs=0.0/s, last_udp=43.80s, meas=4, tracks=6, valid=1, master=556
[LIVE] udp=0.0/s, objs=0.0/s, last_udp=44.80s, meas=4, tracks=6, valid=1, master=556
[GPS] GGA fix_quality=0, num_sats=03, hdop=9999.0, lat=0.0, lon=0.0
[LIVE] udp=0.0/s, objs=0.0/s, last_udp=45.80s, meas=4, tracks=6, valid=1, master=556
[GPS] GGA fix_quality=0, num_sats=03, hdop=9999.0, lat=0.0, lon=0.0
[LIVE] udp=0.0/s, objs=0.0/s, last_udp=46.80s, meas=4, tracks=6, valid=1, master=556
[GPS] GGA fix_quality=0, num_sats=03, hdop=9999.0, lat=0.0, lon=0.0
[LIVE] udp=0.0/s, objs=0.0/s, last_udp=47.80s, meas=4, tracks=6, valid=1, master=556
[GPS] GGA fix_quality=0, num_sats=03, hdop=9999.0, lat=0.0, lon=0.0
[LIVE] udp=0.0/s, objs=0.0/s, last_udp=48.81s, meas=4, tracks=6, valid=1, master=556
[GPS] GGA fix_quality=0, num_sats=03, hdop=9999.0, lat=0.0, lon=0.0
[LIVE] udp=0.0/s, objs=0.0/s, last_udp=49.81s, meas=4, tracks=6, valid=1, master=556
[GPS] GGA fix_quality=0, num_sats=03, hdop=9999.0, lat=0.0, lon=0.0
[LIVE] udp=0.0/s, objs=0.0/s, last_udp=50.81s, meas=4, tracks=6, valid=1, master=556
[LIVE] udp=0.0/s, objs=0.0/s, last_udp=51.81s, meas=4, tracks=6, valid=1, master=556
[LIVE] udp=0.0/s, objs=0.0/s, last_udp=52.81s, meas=4, tracks=6, valid=1, master=556
[LIVE] udp=0.0/s, objs=0.0/s, last_udp=53.82s, meas=4, tracks=6, valid=1, master=556
[LIVE] udp=0.0/s, objs=0.0/s, last_udp=54.82s, meas=4, tracks=6, valid=1, master=556
[GPS] GGA fix_quality=0, num_sats=03, hdop=9999.0, lat=0.0, lon=0.0
[LIVE] udp=0.0/s, objs=0.0/s, last_udp=55.82s, meas=4, tracks=6, valid=1, master=556
[GPS] GGA fix_quality=0, num_sats=03, hdop=9999.0, lat=0.0, lon=0.0
[LIVE] udp=0.0/s, objs=0.0/s, last_udp=56.82s, meas=4, tracks=6, valid=1, master=556
[GPS] GGA fix_quality=0, num_sats=03, hdop=9999.0, lat=0.0, lon=0.0
[LIVE] udp=1.0/s, objs=1.0/s, last_udp=0.93s, meas=1, tracks=1, valid=0, master=556
[GPS] GGA fix_quality=0, num_sats=03, hdop=9999.0, lat=0.0, lon=0.0
[LIVE] udp=0.0/s, objs=0.0/s, last_udp=1.93s, meas=1, tracks=1, valid=0, master=556
[GPS] GGA fix_quality=0, num_sats=03, hdop=9999.0, lat=0.0, lon=0.0
[LIVE] udp=0.0/s, objs=0.0/s, last_udp=2.94s, meas=1, tracks=1, valid=0, master=556
[GPS] GGA fix_quality=0, num_sats=03, hdop=9999.0, lat=0.0, lon=0.0
[LIVE] udp=0.0/s, objs=0.0/s, last_udp=3.94s, meas=1, tracks=1, valid=0, master=556
[LIVE] udp=0.0/s, objs=0.0/s, last_udp=4.94s, meas=1, tracks=1, valid=0, master=556
[LIVE] udp=0.0/s, objs=0.0/s, last_udp=5.95s, meas=1, tracks=1, valid=0, master=556
[LIVE] udp=0.0/s, objs=0.0/s, last_udp=6.95s, meas=1, tracks=1, valid=0, master=556
[LIVE] udp=0.0/s, objs=0.0/s, last_udp=7.95s, meas=1, tracks=1, valid=0, master=556
[GPS] GGA fix_quality=0, num_sats=03, hdop=9999.0, lat=0.0, lon=0.0
[LIVE] udp=0.0/s, objs=0.0/s, last_udp=8.95s, meas=1, tracks=1, valid=0, master=556
[GPS] GGA fix_quality=0, num_sats=03, hdop=9999.0, lat=0.0, lon=0.0
[LIVE] udp=0.0/s, objs=0.0/s, last_udp=9.96s, meas=1, tracks=1, valid=0, master=556
[GPS] GGA fix_quality=0, num_sats=00, hdop=9999.0, lat=0.0, lon=0.0
[LIVE] udp=0.0/s, objs=0.0/s, last_udp=10.96s, meas=1, tracks=1, valid=0, master=556
[GPS] GGA fix_quality=0, num_sats=03, hdop=9999.0, lat=0.0, lon=0.0
[LIVE] udp=0.0/s, objs=0.0/s, last_udp=11.96s, meas=1, tracks=1, valid=0, master=556
[GPS] GGA fix_quality=0, num_sats=00, hdop=9999.0, lat=0.0, lon=0.0
[LIVE] udp=0.0/s, objs=0.0/s, last_udp=12.96s, meas=1, tracks=1, valid=0, master=556
[GPS] GGA fix_quality=0, num_sats=00, hdop=9999.0, lat=0.0, lon=0.0
[LIVE] udp=0.0/s, objs=0.0/s, last_udp=13.97s, meas=1, tracks=1, valid=0, master=556
[LIVE] udp=0.0/s, objs=0.0/s, last_udp=14.97s, meas=1, tracks=1, valid=0, master=556
[LIVE] udp=0.0/s, objs=0.0/s, last_udp=15.97s, meas=1, tracks=1, valid=0, master=556
[LIVE] udp=0.0/s, objs=0.0/s, last_udp=16.97s, meas=1, tracks=1, valid=0, master=556
[LIVE] udp=0.0/s, objs=0.0/s, last_udp=17.97s, meas=1, tracks=1, valid=0, master=556
[GPS] GGA fix_quality=0, num_sats=03, hdop=9999.0, lat=0.0, lon=0.0
[LIVE] udp=0.0/s, objs=0.0/s, last_udp=18.98s, meas=1, tracks=1, valid=0, master=556
[GPS] GGA fix_quality=0, num_sats=03, hdop=9999.0, lat=0.0, lon=0.0
[LIVE] udp=0.0/s, objs=0.0/s, last_udp=19.98s, meas=1, tracks=1, valid=0, master=556
[GPS] GGA fix_quality=0, num_sats=04, hdop=9999.0, lat=0.0, lon=0.0
[LIVE] udp=0.0/s, objs=0.0/s, last_udp=20.98s, meas=1, tracks=1, valid=0, master=556
[GPS] GGA fix_quality=0, num_sats=04, hdop=9999.0, lat=0.0, lon=0.0
[LIVE] udp=0.0/s, objs=0.0/s, last_udp=21.99s, meas=1, tracks=1, valid=0, master=556
[GPS] GGA fix_quality=0, num_sats=04, hdop=9999.0, lat=0.0, lon=0.0
[LIVE] udp=0.0/s, objs=0.0/s, last_udp=22.99s, meas=1, tracks=1, valid=0, master=556
[GPS] GGA fix_quality=0, num_sats=03, hdop=9999.0, lat=0.0, lon=0.0
[LIVE] udp=0.0/s, objs=0.0/s, last_udp=23.99s, meas=1, tracks=1, valid=0, master=556
[LIVE] udp=0.0/s, objs=0.0/s, last_udp=24.99s, meas=1, tracks=1, valid=0, master=556
[LIVE] udp=0.0/s, objs=0.0/s, last_udp=26.00s, meas=1, tracks=1, valid=0, master=556
[LIVE] udp=0.0/s, objs=0.0/s, last_udp=27.00s, meas=1, tracks=1, valid=0, master=556
[LIVE] udp=0.0/s, objs=0.0/s, last_udp=28.00s, meas=1, tracks=1, valid=0, master=556
[GPS] GGA fix_quality=0, num_sats=04, hdop=9999.0, lat=0.0, lon=0.0
[LIVE] udp=0.0/s, objs=0.0/s, last_udp=29.00s, meas=1, tracks=1, valid=0, master=556
[GPS] GGA fix_quality=0, num_sats=03, hdop=9999.0, lat=0.0, lon=0.0
[LIVE] udp=0.0/s, objs=0.0/s, last_udp=30.00s, meas=1, tracks=1, valid=0, master=556
[GPS] GGA fix_quality=0, num_sats=03, hdop=9999.0, lat=0.0, lon=0.0
[LIVE] udp=0.0/s, objs=0.0/s, last_udp=31.01s, meas=1, tracks=1, valid=0, master=556
[GPS] GGA fix_quality=0, num_sats=03, hdop=9999.0, lat=0.0, lon=0.0
[LIVE] udp=0.0/s, objs=0.0/s, last_udp=32.01s, meas=1, tracks=1, valid=0, master=556
[GPS] GGA fix_quality=0, num_sats=03, hdop=9999.0, lat=0.0, lon=0.0
[LIVE] udp=0.0/s, objs=0.0/s, last_udp=33.01s, meas=1, tracks=1, valid=0, master=556
[GPS] GGA fix_quality=0, num_sats=03, hdop=9999.0, lat=0.0, lon=0.0
[LIVE] udp=0.0/s, objs=0.0/s, last_udp=34.02s, meas=1, tracks=1, valid=0, master=556
[LIVE] udp=0.0/s, objs=0.0/s, last_udp=35.02s, meas=1, tracks=1, valid=0, master=556
[LIVE] udp=0.0/s, objs=0.0/s, last_udp=36.02s, meas=1, tracks=1, valid=0, master=556
[LIVE] udp=0.0/s, objs=0.0/s, last_udp=37.02s, meas=1, tracks=1, valid=0, master=556
[LIVE] udp=0.0/s, objs=0.0/s, last_udp=38.03s, meas=1, tracks=1, valid=0, master=556
[GPS] GGA fix_quality=0, num_sats=03, hdop=9999.0, lat=0.0, lon=0.0
[LIVE] udp=0.0/s, objs=0.0/s, last_udp=39.03s, meas=1, tracks=1, valid=0, master=556
[GPS] GGA fix_quality=0, num_sats=03, hdop=9999.0, lat=0.0, lon=0.0
[LIVE] udp=0.0/s, objs=0.0/s, last_udp=40.03s, meas=1, tracks=1, valid=0, master=556
[GPS] GGA fix_quality=0, num_sats=03, hdop=9999.0, lat=0.0, lon=0.0
[LIVE] udp=0.0/s, objs=0.0/s, last_udp=41.03s, meas=1, tracks=1, valid=0, master=556
[GPS] GGA fix_quality=0, num_sats=03, hdop=9999.0, lat=0.0, lon=0.0
[LIVE] udp=0.0/s, objs=0.0/s, last_udp=42.03s, meas=1, tracks=1, valid=0, master=556
[GPS] GGA fix_quality=0, num_sats=03, hdop=9999.0, lat=0.0, lon=0.0
[LIVE] udp=0.0/s, objs=0.0/s, last_udp=43.03s, meas=1, tracks=1, valid=0, master=556
[GPS] GGA fix_quality=0, num_sats=03, hdop=9999.0, lat=0.0, lon=0.0
[LIVE] udp=0.0/s, objs=0.0/s, last_udp=44.03s, meas=1, tracks=1, valid=0, master=556
[LIVE] udp=0.0/s, objs=0.0/s, last_udp=45.03s, meas=1, tracks=1, valid=0, master=556
[LIVE] udp=0.0/s, objs=0.0/s, last_udp=46.04s, meas=1, tracks=1, valid=0, master=556
[LIVE] udp=0.0/s, objs=0.0/s, last_udp=47.04s, meas=1, tracks=1, valid=0, master=556
[LIVE] udp=0.0/s, objs=0.0/s, last_udp=48.05s, meas=1, tracks=1, valid=0, master=556
[GPS] GGA fix_quality=0, num_sats=03, hdop=9999.0, lat=0.0, lon=0.0
[LIVE] udp=0.0/s, objs=0.0/s, last_udp=49.05s, meas=1, tracks=1, valid=0, master=556
[GPS] GGA fix_quality=0, num_sats=03, hdop=9999.0, lat=0.0, lon=0.0
[LIVE] udp=0.0/s, objs=0.0/s, last_udp=50.05s, meas=1, tracks=1, valid=0, master=556
[GPS] GGA fix_quality=0, num_sats=03, hdop=9999.0, lat=0.0, lon=0.0
[LIVE] udp=0.0/s, objs=0.0/s, last_udp=51.06s, meas=1, tracks=1, valid=0, master=556
[GPS] GGA fix_quality=0, num_sats=03, hdop=9999.0, lat=0.0, lon=0.0
[LIVE] udp=0.0/s, objs=0.0/s, last_udp=52.06s, meas=1, tracks=1, valid=0, master=556
[GPS] GGA fix_quality=0, num_sats=03, hdop=9999.0, lat=0.0, lon=0.0
[LIVE] udp=0.0/s, objs=0.0/s, last_udp=53.06s, meas=1, tracks=1, valid=0, master=556
[GPS] GGA fix_quality=0, num_sats=03, hdop=9999.0, lat=0.0, lon=0.0
[LIVE] udp=0.0/s, objs=0.0/s, last_udp=54.07s, meas=1, tracks=1, valid=0, master=556
[LIVE] udp=2.0/s, objs=2.0/s, last_udp=0.14s, meas=1, tracks=1, valid=0, master=556
[LIVE] udp=0.0/s, objs=0.0/s, last_udp=1.14s, meas=1, tracks=1, valid=0, master=556
[LIVE] udp=0.0/s, objs=0.0/s, last_udp=2.14s, meas=1, tracks=1, valid=0, master=556
[LIVE] udp=0.0/s, objs=0.0/s, last_udp=3.15s, meas=1, tracks=1, valid=0, master=556
[GPS] GGA fix_quality=0, num_sats=03, hdop=9999.0, lat=0.0, lon=0.0
[LIVE] udp=0.0/s, objs=0.0/s, last_udp=4.15s, meas=1, tracks=1, valid=0, master=556
[GPS] GGA fix_quality=0, num_sats=03, hdop=9999.0, lat=0.0, lon=0.0
[LIVE] udp=0.0/s, objs=0.0/s, last_udp=5.15s, meas=1, tracks=1, valid=0, master=556
[GPS] GGA fix_quality=0, num_sats=03, hdop=9999.0, lat=0.0, lon=0.0
[LIVE] udp=0.0/s, objs=0.0/s, last_udp=6.15s, meas=1, tracks=1, valid=0, master=556
[GPS] GGA fix_quality=0, num_sats=03, hdop=9999.0, lat=0.0, lon=0.0
[LIVE] udp=0.0/s, objs=0.0/s, last_udp=7.15s, meas=1, tracks=1, valid=0, master=556
[GPS] GGA fix_quality=0, num_sats=03, hdop=9999.0, lat=0.0, lon=0.0
[LIVE] udp=0.0/s, objs=0.0/s, last_udp=8.15s, meas=1, tracks=1, valid=0, master=556
[GPS] GGA fix_quality=0, num_sats=03, hdop=9999.0, lat=0.0, lon=0.0
[LIVE] udp=0.0/s, objs=0.0/s, last_udp=9.16s, meas=1, tracks=1, valid=0, master=556
[LIVE] udp=0.0/s, objs=0.0/s, last_udp=10.16s, meas=1, tracks=1, valid=0, master=556
[LIVE] udp=0.0/s, objs=0.0/s, last_udp=11.16s, meas=1, tracks=1, valid=0, master=556
[LIVE] udp=2.0/s, objs=2.0/s, last_udp=0.31s, meas=1, tracks=1, valid=0, master=556
[LIVE] udp=0.0/s, objs=0.0/s, last_udp=1.31s, meas=1, tracks=1, valid=0, master=556
[GPS] GGA fix_quality=0, num_sats=03, hdop=9999.0, lat=0.0, lon=0.0
[LIVE] udp=0.0/s, objs=0.0/s, last_udp=2.31s, meas=1, tracks=1, valid=0, master=556
[GPS] GGA fix_quality=0, num_sats=04, hdop=9999.0, lat=0.0, lon=0.0
[LIVE] udp=0.0/s, objs=0.0/s, last_udp=3.32s, meas=1, tracks=1, valid=0, master=556
[GPS] GGA fix_quality=0, num_sats=03, hdop=9999.0, lat=0.0, lon=0.0
[LIVE] udp=0.0/s, objs=0.0/s, last_udp=4.32s, meas=1, tracks=1, valid=0, master=556
[GPS] GGA fix_quality=0, num_sats=03, hdop=9999.0, lat=0.0, lon=0.0
[LIVE] udp=1.0/s, objs=1.0/s, last_udp=0.05s, meas=1, tracks=1, valid=0, master=556
[GPS] GGA fix_quality=0, num_sats=04, hdop=9999.0, lat=0.0, lon=0.0
[LIVE] udp=1.0/s, objs=1.0/s, last_udp=0.06s, meas=1, tracks=1, valid=0, master=556
[GPS] GGA fix_quality=0, num_sats=04, hdop=9999.0, lat=0.0, lon=0.0
[LIVE] udp=0.0/s, objs=0.0/s, last_udp=1.06s, meas=1, tracks=1, valid=0, master=556
[LIVE] udp=0.0/s, objs=0.0/s, last_udp=2.06s, meas=1, tracks=1, valid=0, master=556
[LIVE] udp=0.0/s, objs=0.0/s, last_udp=3.07s, meas=1, tracks=1, valid=0, master=556
[LIVE] udp=0.0/s, objs=0.0/s, last_udp=4.07s, meas=1, tracks=1, valid=0, master=556
[LIVE] udp=2.0/s, objs=4.0/s, last_udp=0.16s, meas=3, tracks=3, valid=0, master=556
[GPS] GGA fix_quality=0, num_sats=03, hdop=9999.0, lat=0.0, lon=0.0
[LIVE] udp=3.0/s, objs=8.0/s, last_udp=0.50s, meas=1, tracks=4, valid=1, master=571
[GPS] GGA fix_quality=0, num_sats=03, hdop=9999.0, lat=0.0, lon=0.0
[LIVE] udp=0.0/s, objs=0.0/s, last_udp=1.51s, meas=1, tracks=4, valid=1, master=571
[GPS] GGA fix_quality=0, num_sats=03, hdop=9999.0, lat=0.0, lon=0.0
[LIVE] udp=0.0/s, objs=0.0/s, last_udp=2.51s, meas=1, tracks=4, valid=1, master=571
[GPS] GGA fix_quality=0, num_sats=03, hdop=9999.0, lat=0.0, lon=0.0
[LIVE] udp=0.0/s, objs=0.0/s, last_udp=3.51s, meas=1, tracks=4, valid=1, master=571
[GPS] GGA fix_quality=0, num_sats=03, hdop=9999.0, lat=0.0, lon=0.0
[LIVE] udp=0.0/s, objs=0.0/s, last_udp=4.51s, meas=1, tracks=4, valid=1, master=571
[GPS] GGA fix_quality=0, num_sats=04, hdop=9999.0, lat=0.0, lon=0.0
[LIVE] udp=0.0/s, objs=0.0/s, last_udp=5.51s, meas=1, tracks=4, valid=1, master=571
[LIVE] udp=0.0/s, objs=0.0/s, last_udp=6.52s, meas=1, tracks=4, valid=1, master=571
[LIVE] udp=0.0/s, objs=0.0/s, last_udp=7.52s, meas=1, tracks=4, valid=1, master=571
[LIVE] udp=0.0/s, objs=0.0/s, last_udp=8.53s, meas=1, tracks=4, valid=1, master=571
[LIVE] udp=0.0/s, objs=0.0/s, last_udp=9.53s, meas=1, tracks=4, valid=1, master=571
[GPS] GGA fix_quality=0, num_sats=04, hdop=9999.0, lat=0.0, lon=0.0
[LIVE] udp=0.0/s, objs=0.0/s, last_udp=10.53s, meas=1, tracks=4, valid=1, master=571
[GPS] GGA fix_quality=0, num_sats=04, hdop=9999.0, lat=0.0, lon=0.0
[LIVE] udp=0.0/s, objs=0.0/s, last_udp=11.53s, meas=1, tracks=4, valid=1, master=571
[GPS] GGA fix_quality=0, num_sats=04, hdop=9999.0, lat=0.0, lon=0.0
[LIVE] udp=2.0/s, objs=2.0/s, last_udp=0.01s, meas=1, tracks=1, valid=0, master=571
[GPS] GGA fix_quality=0, num_sats=04, hdop=9999.0, lat=0.0, lon=0.0
[LIVE] udp=0.0/s, objs=0.0/s, last_udp=1.01s, meas=1, tracks=1, valid=0, master=571
[GPS] GGA fix_quality=0, num_sats=04, hdop=9999.0, lat=0.0, lon=0.0
[LIVE] udp=1.0/s, objs=1.0/s, last_udp=0.04s, meas=1, tracks=1, valid=0, master=571
[GPS] GGA fix_quality=0, num_sats=04, hdop=9999.0, lat=0.0, lon=0.0
[LIVE] udp=3.0/s, objs=3.0/s, last_udp=0.08s, meas=1, tracks=1, valid=1, master=576
[LIVE] udp=1.0/s, objs=1.0/s, last_udp=0.43s, meas=1, tracks=1, valid=1, master=576
[LIVE] udp=3.0/s, objs=3.0/s, last_udp=0.15s, meas=1, tracks=1, valid=1, master=576
[LIVE] udp=3.0/s, objs=5.0/s, last_udp=0.17s, meas=1, tracks=2, valid=1, master=576
[LIVE] udp=3.0/s, objs=3.0/s, last_udp=0.23s, meas=1, tracks=1, valid=1, master=576
[GPS] GGA fix_quality=0, num_sats=03, hdop=9999.0, lat=0.0, lon=0.0
[LIVE] udp=3.0/s, objs=3.0/s, last_udp=0.29s, meas=1, tracks=1, valid=1, master=576
[GPS] GGA fix_quality=0, num_sats=03, hdop=9999.0, lat=0.0, lon=0.0
[LIVE] udp=1.0/s, objs=1.0/s, last_udp=0.96s, meas=1, tracks=1, valid=1, master=576
[GPS] GGA fix_quality=0, num_sats=03, hdop=9999.0, lat=0.0, lon=0.0
[LIVE] udp=2.0/s, objs=2.0/s, last_udp=0.06s, meas=1, tracks=1, valid=0, master=576
[GPS] GGA fix_quality=0, num_sats=04, hdop=9999.0, lat=0.0, lon=0.0
[LIVE] udp=3.0/s, objs=3.0/s, last_udp=0.10s, meas=1, tracks=1, valid=1, master=578
[GPS] GGA fix_quality=0, num_sats=03, hdop=9999.0, lat=0.0, lon=0.0
[LIVE] udp=3.0/s, objs=3.0/s, last_udp=0.11s, meas=1, tracks=1, valid=1, master=578
[GPS] GGA fix_quality=0, num_sats=03, hdop=9999.0, lat=0.0, lon=0.0
[LIVE] udp=3.0/s, objs=3.0/s, last_udp=0.12s, meas=1, tracks=1, valid=1, master=578
[LIVE] udp=4.0/s, objs=5.0/s, last_udp=0.12s, meas=2, tracks=2, valid=1, master=578
[LIVE] udp=3.0/s, objs=3.0/s, last_udp=0.14s, meas=1, tracks=1, valid=1, master=578
[LIVE] udp=3.0/s, objs=3.0/s, last_udp=0.16s, meas=1, tracks=1, valid=1, master=578
[LIVE] udp=3.0/s, objs=3.0/s, last_udp=0.17s, meas=1, tracks=1, valid=1, master=578
[GPS] GGA fix_quality=0, num_sats=03, hdop=9999.0, lat=0.0, lon=0.0
[LIVE] udp=2.0/s, objs=2.0/s, last_udp=0.54s, meas=1, tracks=1, valid=1, master=578
[GPS] GGA fix_quality=0, num_sats=03, hdop=9999.0, lat=0.0, lon=0.0
[LIVE] udp=0.0/s, objs=0.0/s, last_udp=1.54s, meas=1, tracks=1, valid=1, master=578
[GPS] GGA fix_quality=0, num_sats=03, hdop=9999.0, lat=0.0, lon=0.0
[LIVE] udp=0.0/s, objs=0.0/s, last_udp=2.54s, meas=1, tracks=1, valid=1, master=578
[GPS] GGA fix_quality=0, num_sats=03, hdop=9999.0, lat=0.0, lon=0.0
[LIVE] udp=0.0/s, objs=0.0/s, last_udp=3.54s, meas=1, tracks=1, valid=1, master=578
[GPS] GGA fix_quality=0, num_sats=03, hdop=9999.0, lat=0.0, lon=0.0
[LIVE] udp=4.0/s, objs=4.0/s, last_udp=0.00s, meas=1, tracks=1, valid=1, master=580
[GPS] GGA fix_quality=0, num_sats=03, hdop=9999.0, lat=0.0, lon=0.0
[LIVE] udp=3.0/s, objs=3.0/s, last_udp=0.02s, meas=1, tracks=1, valid=1, master=580
[LIVE] udp=3.0/s, objs=3.0/s, last_udp=0.04s, meas=1, tracks=1, valid=1, master=580
[LIVE] udp=3.0/s, objs=3.0/s, last_udp=0.05s, meas=1, tracks=1, valid=1, master=580
[LIVE] udp=3.0/s, objs=3.0/s, last_udp=0.09s, meas=1, tracks=1, valid=1, master=580
[LIVE] udp=3.0/s, objs=3.0/s, last_udp=0.11s, meas=1, tracks=1, valid=1, master=580
[GPS] GGA fix_quality=0, num_sats=03, hdop=9999.0, lat=0.0, lon=0.0
[LIVE] udp=3.0/s, objs=3.0/s, last_udp=0.11s, meas=1, tracks=1, valid=1, master=580
[GPS] GGA fix_quality=0, num_sats=03, hdop=9999.0, lat=0.0, lon=0.0
[LIVE] udp=3.0/s, objs=3.0/s, last_udp=0.15s, meas=1, tracks=1, valid=1, master=580
[GPS] GGA fix_quality=0, num_sats=03, hdop=9999.0, lat=0.0, lon=0.0
[LIVE] udp=3.0/s, objs=3.0/s, last_udp=0.21s, meas=1, tracks=1, valid=1, master=580
[GPS] GGA fix_quality=0, num_sats=03, hdop=9999.0, lat=0.0, lon=0.0
[LIVE] udp=3.0/s, objs=3.0/s, last_udp=0.26s, meas=1, tracks=1, valid=1, master=580
[GPS] GGA fix_quality=0, num_sats=03, hdop=9999.0, lat=0.0, lon=0.0
[LIVE] udp=3.0/s, objs=3.0/s, last_udp=0.28s, meas=1, tracks=1, valid=1, master=580
[GPS] GGA fix_quality=0, num_sats=03, hdop=9999.0, lat=0.0, lon=0.0
[LIVE] udp=3.0/s, objs=3.0/s, last_udp=0.30s, meas=1, tracks=1, valid=1, master=580
[LIVE] udp=4.0/s, objs=4.0/s, last_udp=0.00s, meas=1, tracks=1, valid=1, master=580
[LIVE] udp=3.0/s, objs=3.0/s, last_udp=0.01s, meas=1, tracks=1, valid=1, master=580
[LIVE] udp=3.0/s, objs=3.0/s, last_udp=0.01s, meas=1, tracks=1, valid=1, master=580
[LIVE] udp=3.0/s, objs=3.0/s, last_udp=0.04s, meas=1, tracks=1, valid=1, master=580
[GPS] GGA fix_quality=0, num_sats=03, hdop=9999.0, lat=0.0, lon=0.0
[LIVE] udp=3.0/s, objs=3.0/s, last_udp=0.09s, meas=1, tracks=1, valid=1, master=580
[GPS] GGA fix_quality=0, num_sats=03, hdop=9999.0, lat=0.0, lon=0.0
[LIVE] udp=3.0/s, objs=3.0/s, last_udp=0.11s, meas=1, tracks=1, valid=1, master=580
[GPS] GGA fix_quality=0, num_sats=03, hdop=9999.0, lat=0.0, lon=0.0
[LIVE] udp=3.0/s, objs=3.0/s, last_udp=0.13s, meas=1, tracks=1, valid=1, master=580
[GPS] GGA fix_quality=0, num_sats=03, hdop=9999.0, lat=0.0, lon=0.0
[LIVE] udp=3.0/s, objs=3.0/s, last_udp=0.14s, meas=1, tracks=1, valid=1, master=580
[GPS] GGA fix_quality=0, num_sats=03, hdop=9999.0, lat=0.0, lon=0.0
[LIVE] udp=3.0/s, objs=3.0/s, last_udp=0.13s, meas=1, tracks=1, valid=1, master=580
[GPS] GGA fix_quality=0, num_sats=03, hdop=9999.0, lat=0.0, lon=0.0
[LIVE] udp=3.0/s, objs=3.0/s, last_udp=0.14s, meas=1, tracks=1, valid=1, master=580
[LIVE] udp=3.0/s, objs=3.0/s, last_udp=0.16s, meas=1, tracks=1, valid=1, master=580
[LIVE] udp=3.0/s, objs=3.0/s, last_udp=0.16s, meas=1, tracks=1, valid=1, master=580
[LIVE] udp=3.0/s, objs=3.0/s, last_udp=0.18s, meas=1, tracks=1, valid=1, master=580
[LIVE] udp=3.0/s, objs=3.0/s, last_udp=0.21s, meas=1, tracks=1, valid=1, master=580
[GPS] GGA fix_quality=0, num_sats=03, hdop=9999.0, lat=0.0, lon=0.0
[LIVE] udp=3.0/s, objs=3.0/s, last_udp=0.25s, meas=1, tracks=1, valid=1, master=580
[GPS] GGA fix_quality=0, num_sats=03, hdop=9999.0, lat=0.0, lon=0.0
[LIVE] udp=2.0/s, objs=2.0/s, last_udp=0.27s, meas=1, tracks=1, valid=1, master=580
[GPS] GGA fix_quality=0, num_sats=03, hdop=9999.0, lat=0.0, lon=0.0
[LIVE] udp=3.0/s, objs=3.0/s, last_udp=0.27s, meas=1, tracks=1, valid=1, master=580
[GPS] GGA fix_quality=0, num_sats=03, hdop=9999.0, lat=0.0, lon=0.0
[LIVE] udp=3.0/s, objs=3.0/s, last_udp=0.28s, meas=1, tracks=1, valid=1, master=580
[GPS] GGA fix_quality=0, num_sats=03, hdop=9999.0, lat=0.0, lon=0.0
[LIVE] udp=4.0/s, objs=4.0/s, last_udp=0.01s, meas=1, tracks=1, valid=1, master=580
[GPS] GGA fix_quality=0, num_sats=03, hdop=9999.0, lat=0.0, lon=0.0
[LIVE] udp=3.0/s, objs=3.0/s, last_udp=0.01s, meas=1, tracks=1, valid=1, master=580
[LIVE] udp=3.0/s, objs=3.0/s, last_udp=0.03s, meas=1, tracks=1, valid=1, master=580
[LIVE] udp=3.0/s, objs=3.0/s, last_udp=0.06s, meas=1, tracks=1, valid=1, master=580
[LIVE] udp=3.0/s, objs=3.0/s, last_udp=0.10s, meas=1, tracks=1, valid=1, master=580
[LIVE] udp=3.0/s, objs=3.0/s, last_udp=0.10s, meas=1, tracks=1, valid=1, master=580
[GPS] GGA fix_quality=0, num_sats=03, hdop=9999.0, lat=0.0, lon=0.0
[LIVE] udp=3.0/s, objs=3.0/s, last_udp=0.11s, meas=1, tracks=1, valid=1, master=580
[GPS] GGA fix_quality=0, num_sats=03, hdop=9999.0, lat=0.0, lon=0.0
[LIVE] udp=3.0/s, objs=3.0/s, last_udp=0.11s, meas=1, tracks=1, valid=1, master=580
[GPS] GGA fix_quality=0, num_sats=03, hdop=9999.0, lat=0.0, lon=0.0
[LIVE] udp=3.0/s, objs=3.0/s, last_udp=0.13s, meas=1, tracks=1, valid=1, master=580
[GPS] GGA fix_quality=0, num_sats=03, hdop=9999.0, lat=0.0, lon=0.0
[LIVE] udp=3.0/s, objs=3.0/s, last_udp=0.14s, meas=1, tracks=1, valid=1, master=580
[GPS] GGA fix_quality=0, num_sats=03, hdop=9999.0, lat=0.0, lon=0.0
[LIVE] udp=1.0/s, objs=1.0/s, last_udp=0.82s, meas=1, tracks=1, valid=1, master=580
[GPS] GGA fix_quality=0, num_sats=03, hdop=9999.0, lat=0.0, lon=0.0
[LIVE] udp=1.0/s, objs=1.0/s, last_udp=0.83s, meas=1, tracks=1, valid=0, master=580
[LIVE] udp=3.0/s, objs=3.0/s, last_udp=0.21s, meas=1, tracks=1, valid=1, master=582
[LIVE] udp=3.0/s, objs=3.0/s, last_udp=0.22s, meas=1, tracks=1, valid=1, master=582
[LIVE] udp=3.0/s, objs=3.0/s, last_udp=0.23s, meas=1, tracks=1, valid=1, master=582
[LIVE] udp=3.0/s, objs=3.0/s, last_udp=0.23s, meas=1, tracks=1, valid=1, master=582
[GPS] GGA fix_quality=0, num_sats=03, hdop=9999.0, lat=0.0, lon=0.0
[LIVE] udp=3.0/s, objs=3.0/s, last_udp=0.25s, meas=1, tracks=1, valid=1, master=582
[GPS] GGA fix_quality=0, num_sats=03, hdop=9999.0, lat=0.0, lon=0.0
[LIVE] udp=3.0/s, objs=3.0/s, last_udp=0.26s, meas=1, tracks=1, valid=1, master=582
[GPS] GGA fix_quality=0, num_sats=03, hdop=9999.0, lat=0.0, lon=0.0
[LIVE] udp=3.0/s, objs=3.0/s, last_udp=0.26s, meas=1, tracks=1, valid=1, master=582
[GPS] GGA fix_quality=0, num_sats=03, hdop=9999.0, lat=0.0, lon=0.0
[LIVE] udp=3.0/s, objs=3.0/s, last_udp=0.27s, meas=1, tracks=1, valid=1, master=582
[GPS] GGA fix_quality=0, num_sats=03, hdop=9999.0, lat=0.0, lon=0.0
[LIVE] udp=2.0/s, objs=2.0/s, last_udp=0.62s, meas=1, tracks=1, valid=1, master=582
[GPS] GGA fix_quality=0, num_sats=03, hdop=9999.0, lat=0.0, lon=0.0
[LIVE] udp=0.0/s, objs=0.0/s, last_udp=1.62s, meas=1, tracks=1, valid=1, master=582
[LIVE] udp=2.0/s, objs=2.0/s, last_udp=0.34s, meas=1, tracks=1, valid=0, master=582
[LIVE] udp=2.0/s, objs=2.0/s, last_udp=0.02s, meas=1, tracks=1, valid=1, master=583
[LIVE] udp=3.0/s, objs=3.0/s, last_udp=0.02s, meas=1, tracks=1, valid=1, master=583
[LIVE] udp=3.0/s, objs=3.0/s, last_udp=0.04s, meas=1, tracks=1, valid=1, master=583
[GPS] GGA fix_quality=0, num_sats=03, hdop=9999.0, lat=0.0, lon=0.0
[LIVE] udp=3.0/s, objs=3.0/s, last_udp=0.04s, meas=1, tracks=1, valid=1, master=583
[GPS] GGA fix_quality=0, num_sats=03, hdop=9999.0, lat=0.0, lon=0.0
[GPS] GGA fix_quality=0, num_sats=03, hdop=9999.0, lat=0.0, lon=0.0
[LIVE] udp=3.0/s, objs=3.0/s, last_udp=0.07s, meas=1, tracks=1, valid=1, master=583
[GPS] GGA fix_quality=0, num_sats=04, hdop=9999.0, lat=0.0, lon=0.0
[LIVE] udp=3.0/s, objs=3.0/s, last_udp=0.07s, meas=1, tracks=1, valid=1, master=583
[GPS] GGA fix_quality=0, num_sats=04, hdop=9999.0, lat=0.0, lon=0.0
[LIVE] udp=0.0/s, objs=0.0/s, last_udp=1.07s, meas=1, tracks=1, valid=1, master=583
[GPS] GGA fix_quality=0, num_sats=04, hdop=9999.0, lat=0.0, lon=0.0
[LIVE] udp=2.0/s, objs=2.0/s, last_udp=0.09s, meas=1, tracks=1, valid=0, master=583
[LIVE] udp=3.0/s, objs=3.0/s, last_udp=0.10s, meas=1, tracks=1, valid=1, master=584
[LIVE] udp=3.0/s, objs=3.0/s, last_udp=0.11s, meas=1, tracks=1, valid=1, master=584
[LIVE] udp=3.0/s, objs=3.0/s, last_udp=0.12s, meas=1, tracks=1, valid=1, master=584
[LIVE] udp=3.0/s, objs=3.0/s, last_udp=0.17s, meas=1, tracks=1, valid=1, master=584
[GPS] GGA fix_quality=0, num_sats=04, hdop=9999.0, lat=0.0, lon=0.0
[LIVE] udp=3.0/s, objs=3.0/s, last_udp=0.20s, meas=1, tracks=1, valid=1, master=584
[GPS] GGA fix_quality=0, num_sats=04, hdop=9999.0, lat=0.0, lon=0.0
[LIVE] udp=3.0/s, objs=3.0/s, last_udp=0.20s, meas=1, tracks=1, valid=1, master=584
[GPS] GGA fix_quality=0, num_sats=04, hdop=9999.0, lat=0.0, lon=0.0
[LIVE] udp=3.0/s, objs=3.0/s, last_udp=0.22s, meas=1, tracks=1, valid=1, master=584
[GPS] GGA fix_quality=0, num_sats=04, hdop=9999.0, lat=0.0, lon=0.0
[LIVE] udp=3.0/s, objs=3.0/s, last_udp=0.23s, meas=1, tracks=1, valid=1, master=584
[GPS] GGA fix_quality=0, num_sats=04, hdop=9999.0, lat=0.0, lon=0.0
[LIVE] udp=3.0/s, objs=3.0/s, last_udp=0.26s, meas=1, tracks=1, valid=1, master=584
[GPS] GGA fix_quality=0, num_sats=04, hdop=9999.0, lat=0.0, lon=0.0
[LIVE] udp=2.0/s, objs=2.0/s, last_udp=0.27s, meas=1, tracks=1, valid=1, master=584
[LIVE] udp=3.0/s, objs=3.0/s, last_udp=0.28s, meas=1, tracks=1, valid=1, master=584
[LIVE] udp=3.0/s, objs=3.0/s, last_udp=0.28s, meas=1, tracks=1, valid=1, master=584
[LIVE] udp=3.0/s, objs=3.0/s, last_udp=0.30s, meas=1, tracks=1, valid=1, master=584
[LIVE] udp=3.0/s, objs=3.0/s, last_udp=0.31s, meas=1, tracks=1, valid=1, master=584
[GPS] GGA fix_quality=0, num_sats=03, hdop=9999.0, lat=0.0, lon=0.0
[LIVE] udp=3.0/s, objs=3.0/s, last_udp=0.31s, meas=1, tracks=1, valid=1, master=584
[GPS] GGA fix_quality=0, num_sats=04, hdop=9999.0, lat=0.0, lon=0.0
[LIVE] udp=4.0/s, objs=4.0/s, last_udp=0.00s, meas=1, tracks=1, valid=1, master=584
[GPS] GGA fix_quality=0, num_sats=04, hdop=9999.0, lat=0.0, lon=0.0
[LIVE] udp=2.0/s, objs=2.0/s, last_udp=0.33s, meas=1, tracks=1, valid=1, master=584
[GPS] GGA fix_quality=0, num_sats=04, hdop=9999.0, lat=0.0, lon=0.0
[LIVE] udp=4.0/s, objs=4.0/s, last_udp=0.01s, meas=1, tracks=1, valid=1, master=584
[GPS] GGA fix_quality=0, num_sats=04, hdop=9999.0, lat=0.0, lon=0.0
[LIVE] udp=3.0/s, objs=3.0/s, last_udp=0.01s, meas=1, tracks=1, valid=1, master=584
[GPS] GGA fix_quality=0, num_sats=04, hdop=9999.0, lat=0.0, lon=0.0
[LIVE] udp=3.0/s, objs=3.0/s, last_udp=0.05s, meas=1, tracks=1, valid=1, master=584
[LIVE] udp=3.0/s, objs=3.0/s, last_udp=0.09s, meas=1, tracks=1, valid=1, master=584
[LIVE] udp=2.0/s, objs=2.0/s, last_udp=0.42s, meas=1, tracks=1, valid=1, master=584
[LIVE] udp=3.0/s, objs=3.0/s, last_udp=0.08s, meas=1, tracks=1, valid=1, master=584
[LIVE] udp=3.0/s, objs=3.0/s, last_udp=0.07s, meas=1, tracks=1, valid=1, master=584
[GPS] GGA fix_quality=0, num_sats=03, hdop=9999.0, lat=0.0, lon=0.0
[LIVE] udp=3.0/s, objs=3.0/s, last_udp=0.08s, meas=1, tracks=1, valid=1, master=584
[GPS] GGA fix_quality=0, num_sats=03, hdop=9999.0, lat=0.0, lon=0.0
[LIVE] udp=3.0/s, objs=3.0/s, last_udp=0.08s, meas=1, tracks=1, valid=1, master=584
[GPS] GGA fix_quality=0, num_sats=03, hdop=9999.0, lat=0.0, lon=0.0
[LIVE] udp=3.0/s, objs=3.0/s, last_udp=0.06s, meas=1, tracks=1, valid=1, master=584
[GPS] GGA fix_quality=0, num_sats=03, hdop=9999.0, lat=0.0, lon=0.0
[LIVE] udp=0.0/s, objs=0.0/s, last_udp=1.07s, meas=1, tracks=1, valid=1, master=584
[GPS] GGA fix_quality=0, num_sats=03, hdop=9999.0, lat=0.0, lon=0.0
[LIVE] udp=0.0/s, objs=0.0/s, last_udp=2.07s, meas=1, tracks=1, valid=1, master=584
[GPS] GGA fix_quality=0, num_sats=03, hdop=9999.0, lat=0.0, lon=0.0
[LIVE] udp=0.0/s, objs=0.0/s, last_udp=3.07s, meas=1, tracks=1, valid=1, master=584
[LIVE] udp=0.0/s, objs=0.0/s, last_udp=4.08s, meas=1, tracks=1, valid=1, master=584
[LIVE] udp=0.0/s, objs=0.0/s, last_udp=5.08s, meas=1, tracks=1, valid=1, master=584
[LIVE] udp=1.0/s, objs=1.0/s, last_udp=0.42s, meas=1, tracks=1, valid=0, master=584
[LIVE] udp=1.0/s, objs=1.0/s, last_udp=0.07s, meas=1, tracks=1, valid=0, master=584
[GPS] GGA fix_quality=0, num_sats=03, hdop=9999.0, lat=0.0, lon=0.0
[LIVE] udp=1.0/s, objs=1.0/s, last_udp=0.74s, meas=1, tracks=1, valid=0, master=584
[GPS] GGA fix_quality=0, num_sats=03, hdop=9999.0, lat=0.0, lon=0.0
[LIVE] udp=2.0/s, objs=2.0/s, last_udp=0.06s, meas=1, tracks=1, valid=0, master=584
[GPS] GGA fix_quality=0, num_sats=03, hdop=9999.0, lat=0.0, lon=0.0
[LIVE] udp=1.0/s, objs=1.0/s, last_udp=0.72s, meas=1, tracks=1, valid=1, master=587
[GPS] GGA fix_quality=0, num_sats=03, hdop=9999.0, lat=0.0, lon=0.0
[LIVE] udp=1.0/s, objs=1.0/s, last_udp=0.05s, meas=1, tracks=1, valid=0, master=587
[GPS] GGA fix_quality=0, num_sats=03, hdop=9999.0, lat=0.0, lon=0.0
[LIVE] udp=1.0/s, objs=1.0/s, last_udp=0.38s, meas=1, tracks=1, valid=0, master=587
[GPS] GGA fix_quality=0, num_sats=03, hdop=9999.0, lat=0.0, lon=0.0
[LIVE] udp=2.0/s, objs=2.0/s, last_udp=0.37s, meas=1, tracks=1, valid=1, master=588
[LIVE] udp=2.0/s, objs=2.0/s, last_udp=0.37s, meas=1, tracks=1, valid=1, master=588
[LIVE] udp=1.0/s, objs=1.0/s, last_udp=0.71s, meas=1, tracks=1, valid=1, master=588
[LIVE] udp=1.0/s, objs=1.0/s, last_udp=0.38s, meas=1, tracks=1, valid=0, master=588
[LIVE] udp=0.0/s, objs=0.0/s, last_udp=1.38s, meas=1, tracks=1, valid=0, master=588
[GPS] GGA fix_quality=0, num_sats=03, hdop=9999.0, lat=0.0, lon=0.0
[LIVE] udp=0.0/s, objs=0.0/s, last_udp=2.38s, meas=1, tracks=1, valid=0, master=588
[GPS] GGA fix_quality=0, num_sats=03, hdop=9999.0, lat=0.0, lon=0.0
[LIVE] udp=2.0/s, objs=2.0/s, last_udp=0.02s, meas=1, tracks=1, valid=0, master=588
[GPS] GGA fix_quality=0, num_sats=00, hdop=9999.0, lat=0.0, lon=0.0
[LIVE] udp=2.0/s, objs=2.0/s, last_udp=0.35s, meas=1, tracks=1, valid=1, master=590
[GPS] GGA fix_quality=0, num_sats=03, hdop=9999.0, lat=0.0, lon=0.0
[LIVE] udp=3.0/s, objs=3.0/s, last_udp=0.33s, meas=1, tracks=1, valid=1, master=590
[GPS] GGA fix_quality=0, num_sats=03, hdop=9999.0, lat=0.0, lon=0.0
[LIVE] udp=3.0/s, objs=3.0/s, last_udp=0.32s, meas=1, tracks=1, valid=1, master=590
[GPS] GGA fix_quality=0, num_sats=03, hdop=9999.0, lat=0.0, lon=0.0
[LIVE] udp=4.0/s, objs=4.0/s, last_udp=0.20s, meas=1, tracks=2, valid=1, master=590
[LIVE] udp=3.0/s, objs=4.0/s, last_udp=0.30s, meas=1, tracks=2, valid=1, master=590
[LIVE] udp=3.0/s, objs=3.0/s, last_udp=0.32s, meas=1, tracks=1, valid=1, master=590
[LIVE] udp=2.0/s, objs=2.0/s, last_udp=0.31s, meas=1, tracks=1, valid=1, master=590
[LIVE] udp=3.0/s, objs=3.0/s, last_udp=0.03s, meas=1, tracks=1, valid=1, master=590
[GPS] GGA fix_quality=0, num_sats=03, hdop=9999.0, lat=0.0, lon=0.0
[LIVE] udp=3.0/s, objs=3.0/s, last_udp=0.02s, meas=1, tracks=1, valid=1, master=590
[GPS] GGA fix_quality=0, num_sats=03, hdop=9999.0, lat=0.0, lon=0.0
[LIVE] udp=3.0/s, objs=3.0/s, last_udp=0.02s, meas=1, tracks=1, valid=1, master=590
[GPS] GGA fix_quality=0, num_sats=03, hdop=9999.0, lat=0.0, lon=0.0
[LIVE] udp=3.0/s, objs=3.0/s, last_udp=0.01s, meas=1, tracks=1, valid=1, master=590
[GPS] GGA fix_quality=0, num_sats=03, hdop=9999.0, lat=0.0, lon=0.0
[LIVE] udp=2.0/s, objs=2.0/s, last_udp=0.34s, meas=1, tracks=1, valid=1, master=590
[GPS] GGA fix_quality=0, num_sats=03, hdop=9999.0, lat=0.0, lon=0.0
[LIVE] udp=3.0/s, objs=3.0/s, last_udp=0.02s, meas=1, tracks=1, valid=1, master=590
[GPS] GGA fix_quality=0, num_sats=03, hdop=9999.0, lat=0.0, lon=0.0
[LIVE] udp=3.0/s, objs=3.0/s, last_udp=0.01s, meas=1, tracks=1, valid=1, master=590
[LIVE] udp=3.0/s, objs=3.0/s, last_udp=0.02s, meas=1, tracks=1, valid=1, master=590
[LIVE] udp=3.0/s, objs=3.0/s, last_udp=0.06s, meas=1, tracks=1, valid=1, master=590
[LIVE] udp=2.0/s, objs=2.0/s, last_udp=0.06s, meas=1, tracks=1, valid=1, master=590
[LIVE] udp=3.0/s, objs=3.0/s, last_udp=0.04s, meas=1, tracks=1, valid=1, master=590
[GPS] GGA fix_quality=0, num_sats=03, hdop=9999.0, lat=0.0, lon=0.0
[LIVE] udp=3.0/s, objs=3.0/s, last_udp=0.04s, meas=1, tracks=1, valid=1, master=590
[GPS] GGA fix_quality=0, num_sats=03, hdop=9999.0, lat=0.0, lon=0.0
[LIVE] udp=3.0/s, objs=3.0/s, last_udp=0.03s, meas=1, tracks=1, valid=1, master=590
[GPS] GGA fix_quality=0, num_sats=03, hdop=9999.0, lat=0.0, lon=0.0
[LIVE] udp=2.0/s, objs=2.0/s, last_udp=0.35s, meas=1, tracks=1, valid=1, master=590
[GPS] GGA fix_quality=0, num_sats=03, hdop=9999.0, lat=0.0, lon=0.0
[LIVE] udp=0.0/s, objs=0.0/s, last_udp=1.36s, meas=1, tracks=1, valid=1, master=590
[GPS] GGA fix_quality=0, num_sats=03, hdop=9999.0, lat=0.0, lon=0.0
[LIVE] udp=3.0/s, objs=3.0/s, last_udp=0.01s, meas=1, tracks=1, valid=1, master=593
[GPS] GGA fix_quality=0, num_sats=03, hdop=9999.0, lat=0.0, lon=0.0
[LIVE] udp=2.0/s, objs=3.0/s, last_udp=0.34s, meas=1, tracks=2, valid=0, master=593
[LIVE] udp=5.0/s, objs=6.0/s, last_udp=0.32s, meas=2, tracks=2, valid=2, master=593
[LIVE] udp=3.0/s, objs=3.0/s, last_udp=0.31s, meas=1, tracks=1, valid=1, master=594
[LIVE] udp=3.0/s, objs=4.0/s, last_udp=0.30s, meas=2, tracks=2, valid=1, master=594
[LIVE] udp=6.0/s, objs=10.0/s, last_udp=0.16s, meas=2, tracks=3, valid=2, master=594
[GPS] GGA fix_quality=0, num_sats=03, hdop=9999.0, lat=0.0, lon=0.0
[LIVE] udp=4.0/s, objs=11.0/s, last_udp=0.27s, meas=2, tracks=4, valid=2, master=594
[GPS] GGA fix_quality=0, num_sats=03, hdop=9999.0, lat=0.0, lon=0.0
[LIVE] udp=6.0/s, objs=7.0/s, last_udp=0.14s, meas=1, tracks=3, valid=1, master=594
[GPS] GGA fix_quality=0, num_sats=03, hdop=9999.0, lat=0.0, lon=0.0
[LIVE] udp=6.0/s, objs=13.0/s, last_udp=0.16s, meas=3, tracks=4, valid=3, master=597
[GPS] GGA fix_quality=0, num_sats=03, hdop=9999.0, lat=0.0, lon=0.0
[LIVE] udp=6.0/s, objs=9.0/s, last_udp=0.16s, meas=1, tracks=3, valid=1, master=594
[GPS] GGA fix_quality=0, num_sats=03, hdop=9999.0, lat=0.0, lon=0.0
[LIVE] udp=5.0/s, objs=6.0/s, last_udp=0.27s, meas=2, tracks=2, valid=2, master=594
[GPS] GGA fix_quality=0, num_sats=03, hdop=9999.0, lat=0.0, lon=0.0
[LIVE] udp=4.0/s, objs=4.0/s, last_udp=0.27s, meas=1, tracks=2, valid=1, master=599
[LIVE] udp=0.0/s, objs=0.0/s, last_udp=1.27s, meas=1, tracks=2, valid=1, master=599
[LIVE] udp=0.0/s, objs=0.0/s, last_udp=2.28s, meas=1, tracks=2, valid=1, master=599
[LIVE] udp=2.0/s, objs=2.0/s, last_udp=0.31s, meas=1, tracks=1, valid=0, master=599
[LIVE] udp=3.0/s, objs=3.0/s, last_udp=0.31s, meas=1, tracks=1, valid=1, master=600
[GPS] GGA fix_quality=0, num_sats=03, hdop=9999.0, lat=0.0, lon=0.0
[LIVE] udp=0.0/s, objs=0.0/s, last_udp=1.32s, meas=1, tracks=1, valid=1, master=600
[GPS] GGA fix_quality=0, num_sats=03, hdop=9999.0, lat=0.0, lon=0.0
[LIVE] udp=0.0/s, objs=0.0/s, last_udp=2.32s, meas=1, tracks=1, valid=1, master=600
[GPS] GGA fix_quality=0, num_sats=03, hdop=9999.0, lat=0.0, lon=0.0
[LIVE] udp=0.0/s, objs=0.0/s, last_udp=3.32s, meas=1, tracks=1, valid=1, master=600
[GPS] GGA fix_quality=0, num_sats=03, hdop=9999.0, lat=0.0, lon=0.0
[LIVE] udp=0.0/s, objs=0.0/s, last_udp=4.33s, meas=1, tracks=1, valid=1, master=600
[GPS] GGA fix_quality=0, num_sats=03, hdop=9999.0, lat=0.0, lon=0.0
[LIVE] udp=0.0/s, objs=0.0/s, last_udp=5.33s, meas=1, tracks=1, valid=1, master=600
[GPS] GGA fix_quality=0, num_sats=03, hdop=9999.0, lat=0.0, lon=0.0
[LIVE] udp=2.0/s, objs=2.0/s, last_udp=0.08s, meas=1, tracks=1, valid=0, master=600
[LIVE] udp=3.0/s, objs=3.0/s, last_udp=0.07s, meas=1, tracks=1, valid=1, master=601
[LIVE] udp=4.0/s, objs=6.0/s, last_udp=0.09s, meas=1, tracks=2, valid=1, master=602
[LIVE] udp=4.0/s, objs=5.0/s, last_udp=0.13s, meas=1, tracks=2, valid=1, master=601
[LIVE] udp=3.0/s, objs=3.0/s, last_udp=0.19s, meas=1, tracks=1, valid=1, master=601
[GPS] GGA fix_quality=0, num_sats=03, hdop=9999.0, lat=0.0, lon=0.0
[LIVE] udp=3.0/s, objs=3.0/s, last_udp=0.21s, meas=1, tracks=1, valid=1, master=601
[GPS] GGA fix_quality=0, num_sats=03, hdop=9999.0, lat=0.0, lon=0.0
[LIVE] udp=3.0/s, objs=3.0/s, last_udp=0.22s, meas=1, tracks=1, valid=1, master=601
[GPS] GGA fix_quality=0, num_sats=03, hdop=9999.0, lat=0.0, lon=0.0
[LIVE] udp=3.0/s, objs=3.0/s, last_udp=0.23s, meas=1, tracks=1, valid=1, master=601
[GPS] GGA fix_quality=0, num_sats=03, hdop=9999.0, lat=0.0, lon=0.0
[LIVE] udp=3.0/s, objs=3.0/s, last_udp=0.25s, meas=1, tracks=1, valid=1, master=601
[GPS] GGA fix_quality=0, num_sats=03, hdop=9999.0, lat=0.0, lon=0.0
[LIVE] udp=3.0/s, objs=3.0/s, last_udp=0.28s, meas=1, tracks=1, valid=1, master=601
[GPS] GGA fix_quality=0, num_sats=03, hdop=9999.0, lat=0.0, lon=0.0
[LIVE] udp=4.0/s, objs=4.0/s, last_udp=0.30s, meas=1, tracks=2, valid=1, master=601
[LIVE] udp=4.0/s, objs=5.0/s, last_udp=0.30s, meas=1, tracks=2, valid=0, master=601
[LIVE] udp=5.0/s, objs=6.0/s, last_udp=0.19s, meas=1, tracks=2, valid=1, master=601
[LIVE] udp=5.0/s, objs=5.0/s, last_udp=0.32s, meas=1, tracks=2, valid=1, master=601
[LIVE] udp=5.0/s, objs=7.0/s, last_udp=0.01s, meas=2, tracks=2, valid=1, master=601
[GPS] GGA fix_quality=0, num_sats=03, hdop=9999.0, lat=0.0, lon=0.0
[LIVE] udp=4.0/s, objs=5.0/s, last_udp=0.07s, meas=1, tracks=2, valid=1, master=604
[GPS] GGA fix_quality=0, num_sats=03, hdop=9999.0, lat=0.0, lon=0.0
[LIVE] udp=5.0/s, objs=8.0/s, last_udp=0.07s, meas=1, tracks=2, valid=1, master=604
[GPS] GGA fix_quality=0, num_sats=03, hdop=9999.0, lat=0.0, lon=0.0
[LIVE] udp=5.0/s, objs=6.0/s, last_udp=0.09s, meas=1, tracks=2, valid=1, master=604
[GPS] GGA fix_quality=0, num_sats=03, hdop=9999.0, lat=0.0, lon=0.0
[LIVE] udp=5.0/s, objs=5.0/s, last_udp=0.09s, meas=1, tracks=2, valid=1, master=601
[GPS] GGA fix_quality=0, num_sats=03, hdop=9999.0, lat=0.0, lon=0.0
[LIVE] udp=4.0/s, objs=4.0/s, last_udp=0.10s, meas=1, tracks=1, valid=1, master=601
[GPS] GGA fix_quality=0, num_sats=00, hdop=9999.0, lat=0.0, lon=0.0
[LIVE] udp=3.0/s, objs=3.0/s, last_udp=0.13s, meas=1, tracks=1, valid=1, master=601
[LIVE] udp=3.0/s, objs=3.0/s, last_udp=0.15s, meas=1, tracks=1, valid=1, master=601
[LIVE] udp=3.0/s, objs=4.0/s, last_udp=0.16s, meas=2, tracks=2, valid=1, master=601
[LIVE] udp=3.0/s, objs=3.0/s, last_udp=0.17s, meas=1, tracks=1, valid=1, master=601
[LIVE] udp=3.0/s, objs=3.0/s, last_udp=0.16s, meas=1, tracks=1, valid=1, master=601
[GPS] GGA fix_quality=0, num_sats=00, hdop=9999.0, lat=0.0, lon=0.0
[LIVE] udp=3.0/s, objs=3.0/s, last_udp=0.18s, meas=1, tracks=1, valid=1, master=601
[GPS] GGA fix_quality=0, num_sats=03, hdop=9999.0, lat=0.0, lon=0.0
[LIVE] udp=3.0/s, objs=3.0/s, last_udp=0.18s, meas=1, tracks=1, valid=1, master=601
[GPS] GGA fix_quality=0, num_sats=00, hdop=9999.0, lat=0.0, lon=0.0
[LIVE] udp=3.0/s, objs=3.0/s, last_udp=0.20s, meas=1, tracks=1, valid=1, master=601
[GPS] GGA fix_quality=0, num_sats=00, hdop=9999.0, lat=0.0, lon=0.0
[LIVE] udp=3.0/s, objs=3.0/s, last_udp=0.21s, meas=1, tracks=1, valid=1, master=601
[GPS] GGA fix_quality=0, num_sats=00, hdop=9999.0, lat=0.0, lon=0.0
[LIVE] udp=3.0/s, objs=3.0/s, last_udp=0.22s, meas=1, tracks=1, valid=1, master=601
[GPS] GGA fix_quality=0, num_sats=00, hdop=9999.0, lat=0.0, lon=0.0
[LIVE] udp=3.0/s, objs=3.0/s, last_udp=0.22s, meas=1, tracks=1, valid=1, master=601
[LIVE] udp=3.0/s, objs=3.0/s, last_udp=0.23s, meas=1, tracks=1, valid=1, master=601
[LIVE] udp=3.0/s, objs=3.0/s, last_udp=0.24s, meas=1, tracks=1, valid=1, master=601
[LIVE] udp=3.0/s, objs=3.0/s, last_udp=0.25s, meas=1, tracks=1, valid=1, master=601
[LIVE] udp=3.0/s, objs=3.0/s, last_udp=0.25s, meas=1, tracks=1, valid=1, master=601
[GPS] GGA fix_quality=0, num_sats=00, hdop=9999.0, lat=0.0, lon=0.0
[LIVE] udp=3.0/s, objs=3.0/s, last_udp=0.29s, meas=1, tracks=1, valid=1, master=601
[GPS] GGA fix_quality=0, num_sats=03, hdop=9999.0, lat=0.0, lon=0.0
[LIVE] udp=3.0/s, objs=3.0/s, last_udp=0.29s, meas=1, tracks=1, valid=1, master=601
[GPS] GGA fix_quality=0, num_sats=03, hdop=9999.0, lat=0.0, lon=0.0
[LIVE] udp=3.0/s, objs=3.0/s, last_udp=0.36s, meas=1, tracks=1, valid=1, master=601
[GPS] GGA fix_quality=0, num_sats=03, hdop=9999.0, lat=0.0, lon=0.0
[LIVE] udp=3.0/s, objs=3.0/s, last_udp=0.04s, meas=1, tracks=1, valid=1, master=601
[GPS] GGA fix_quality=0, num_sats=03, hdop=9999.0, lat=0.0, lon=0.0
[LIVE] udp=2.0/s, objs=2.0/s, last_udp=0.03s, meas=1, tracks=1, valid=0, master=601
[GPS] GGA fix_quality=0, num_sats=03, hdop=9999.0, lat=0.0, lon=0.0
[LIVE] udp=2.0/s, objs=2.0/s, last_udp=0.07s, meas=1, tracks=1, valid=0, master=601
[LIVE] udp=2.0/s, objs=2.0/s, last_udp=0.11s, meas=1, tracks=1, valid=1, master=608
[LIVE] udp=1.0/s, objs=1.0/s, last_udp=0.78s, meas=1, tracks=1, valid=1, master=608
[LIVE] udp=1.0/s, objs=1.0/s, last_udp=0.47s, meas=1, tracks=1, valid=0, master=608
[LIVE] udp=0.0/s, objs=0.0/s, last_udp=1.47s, meas=1, tracks=1, valid=0, master=608
[GPS] GGA fix_quality=0, num_sats=03, hdop=9999.0, lat=0.0, lon=0.0
[LIVE] udp=0.0/s, objs=0.0/s, last_udp=2.47s, meas=1, tracks=1, valid=0, master=608
[GPS] GGA fix_quality=0, num_sats=03, hdop=9999.0, lat=0.0, lon=0.0
[LIVE] udp=0.0/s, objs=0.0/s, last_udp=3.48s, meas=1, tracks=1, valid=0, master=608
[GPS] GGA fix_quality=0, num_sats=03, hdop=9999.0, lat=0.0, lon=0.0
[LIVE] udp=1.0/s, objs=1.0/s, last_udp=0.54s, meas=1, tracks=1, valid=0, master=608
[GPS] GGA fix_quality=0, num_sats=03, hdop=9999.0, lat=0.0, lon=0.0
[LIVE] udp=0.0/s, objs=0.0/s, last_udp=1.54s, meas=1, tracks=1, valid=0, master=608
[GPS] GGA fix_quality=0, num_sats=03, hdop=9999.0, lat=0.0, lon=0.0
[LIVE] udp=0.0/s, objs=0.0/s, last_udp=2.54s, meas=1, tracks=1, valid=0, master=608
[GPS] GGA fix_quality=0, num_sats=00, hdop=9999.0, lat=0.0, lon=0.0
[LIVE] udp=0.0/s, objs=0.0/s, last_udp=3.55s, meas=1, tracks=1, valid=0, master=608
[LIVE] udp=0.0/s, objs=0.0/s, last_udp=4.55s, meas=1, tracks=1, valid=0, master=608
[LIVE] udp=1.0/s, objs=1.0/s, last_udp=0.61s, meas=1, tracks=1, valid=0, master=608
[LIVE] udp=2.0/s, objs=2.0/s, last_udp=0.63s, meas=1, tracks=1, valid=1, master=611
[LIVE] udp=0.0/s, objs=0.0/s, last_udp=1.64s, meas=1, tracks=1, valid=1, master=611
[GPS] GGA fix_quality=0, num_sats=00, hdop=9999.0, lat=0.0, lon=0.0
[LIVE] udp=0.0/s, objs=0.0/s, last_udp=2.64s, meas=1, tracks=1, valid=1, master=611
[GPS] GGA fix_quality=0, num_sats=00, hdop=9999.0, lat=0.0, lon=0.0
[LIVE] udp=0.0/s, objs=0.0/s, last_udp=3.64s, meas=1, tracks=1, valid=1, master=611
[GPS] GGA fix_quality=0, num_sats=03, hdop=9999.0, lat=0.0, lon=0.0
[LIVE] udp=0.0/s, objs=0.0/s, last_udp=4.64s, meas=1, tracks=1, valid=1, master=611
[GPS] GGA fix_quality=0, num_sats=03, hdop=9999.0, lat=0.0, lon=0.0
[LIVE] udp=0.0/s, objs=0.0/s, last_udp=5.64s, meas=1, tracks=1, valid=1, master=611
[GPS] GGA fix_quality=0, num_sats=00, hdop=9999.0, lat=0.0, lon=0.0
[LIVE] udp=0.0/s, objs=0.0/s, last_udp=6.64s, meas=1, tracks=1, valid=1, master=611
[GPS] GGA fix_quality=0, num_sats=03, hdop=9999.0, lat=0.0, lon=0.0
[LIVE] udp=0.0/s, objs=0.0/s, last_udp=7.65s, meas=1, tracks=1, valid=1, master=611
[LIVE] udp=0.0/s, objs=0.0/s, last_udp=8.65s, meas=1, tracks=1, valid=1, master=611
[LIVE] udp=0.0/s, objs=0.0/s, last_udp=9.66s, meas=1, tracks=1, valid=1, master=611
[LIVE] udp=0.0/s, objs=0.0/s, last_udp=10.66s, meas=1, tracks=1, valid=1, master=611
[LIVE] udp=0.0/s, objs=0.0/s, last_udp=11.66s, meas=1, tracks=1, valid=1, master=611
[GPS] GGA fix_quality=0, num_sats=03, hdop=9999.0, lat=0.0, lon=0.0
[LIVE] udp=0.0/s, objs=0.0/s, last_udp=12.66s, meas=1, tracks=1, valid=1, master=611
[GPS] GGA fix_quality=0, num_sats=03, hdop=9999.0, lat=0.0, lon=0.0
[LIVE] udp=0.0/s, objs=0.0/s, last_udp=13.66s, meas=1, tracks=1, valid=1, master=611
[GPS] GGA fix_quality=0, num_sats=03, hdop=9999.0, lat=0.0, lon=0.0
[LIVE] udp=0.0/s, objs=0.0/s, last_udp=14.67s, meas=1, tracks=1, valid=1, master=611
[GPS] GGA fix_quality=0, num_sats=03, hdop=9999.0, lat=0.0, lon=0.0
[LIVE] udp=0.0/s, objs=0.0/s, last_udp=15.67s, meas=1, tracks=1, valid=1, master=611
[GPS] GGA fix_quality=0, num_sats=03, hdop=9999.0, lat=0.0, lon=0.0
[LIVE] udp=0.0/s, objs=0.0/s, last_udp=16.67s, meas=1, tracks=1, valid=1, master=611
[GPS] GGA fix_quality=0, num_sats=03, hdop=9999.0, lat=0.0, lon=0.0
[LIVE] udp=0.0/s, objs=0.0/s, last_udp=17.68s, meas=1, tracks=1, valid=1, master=611
[LIVE] udp=1.0/s, objs=1.0/s, last_udp=0.26s, meas=1, tracks=1, valid=0, master=611
[LIVE] udp=0.0/s, objs=0.0/s, last_udp=1.26s, meas=1, tracks=1, valid=0, master=611
[LIVE] udp=0.0/s, objs=0.0/s, last_udp=2.26s, meas=1, tracks=1, valid=0, master=611
[LIVE] udp=0.0/s, objs=0.0/s, last_udp=3.27s, meas=1, tracks=1, valid=0, master=611
[GPS] GGA fix_quality=0, num_sats=00, hdop=9999.0, lat=0.0, lon=0.0
[LIVE] udp=0.0/s, objs=0.0/s, last_udp=4.27s, meas=1, tracks=1, valid=0, master=611
[GPS] GGA fix_quality=0, num_sats=03, hdop=9999.0, lat=0.0, lon=0.0
[LIVE] udp=0.0/s, objs=0.0/s, last_udp=5.27s, meas=1, tracks=1, valid=0, master=611
[GPS] GGA fix_quality=0, num_sats=03, hdop=9999.0, lat=0.0, lon=0.0
[LIVE] udp=0.0/s, objs=0.0/s, last_udp=6.28s, meas=1, tracks=1, valid=0, master=611
[GPS] GGA fix_quality=0, num_sats=03, hdop=9999.0, lat=0.0, lon=0.0
[LIVE] udp=0.0/s, objs=0.0/s, last_udp=7.28s, meas=1, tracks=1, valid=0, master=611
[GPS] GGA fix_quality=0, num_sats=03, hdop=9999.0, lat=0.0, lon=0.0
[LIVE] udp=0.0/s, objs=0.0/s, last_udp=8.29s, meas=1, tracks=1, valid=0, master=611
[GPS] GGA fix_quality=0, num_sats=03, hdop=9999.0, lat=0.0, lon=0.0
[LIVE] udp=0.0/s, objs=0.0/s, last_udp=9.29s, meas=1, tracks=1, valid=0, master=611
[LIVE] udp=0.0/s, objs=0.0/s, last_udp=10.29s, meas=1, tracks=1, valid=0, master=611
[LIVE] udp=0.0/s, objs=0.0/s, last_udp=11.29s, meas=1, tracks=1, valid=0, master=611
[LIVE] udp=0.0/s, objs=0.0/s, last_udp=12.29s, meas=1, tracks=1, valid=0, master=611
[LIVE] udp=0.0/s, objs=0.0/s, last_udp=13.30s, meas=1, tracks=1, valid=0, master=611
[GPS] GGA fix_quality=0, num_sats=00, hdop=9999.0, lat=0.0, lon=0.0
[LIVE] udp=0.0/s, objs=0.0/s, last_udp=14.30s, meas=1, tracks=1, valid=0, master=611
[GPS] GGA fix_quality=0, num_sats=03, hdop=9999.0, lat=0.0, lon=0.0
[LIVE] udp=0.0/s, objs=0.0/s, last_udp=15.30s, meas=1, tracks=1, valid=0, master=611
[GPS] GGA fix_quality=0, num_sats=00, hdop=9999.0, lat=0.0, lon=0.0
[LIVE] udp=0.0/s, objs=0.0/s, last_udp=16.30s, meas=1, tracks=1, valid=0, master=611
[GPS] GGA fix_quality=0, num_sats=00, hdop=9999.0, lat=0.0, lon=0.0
[LIVE] udp=0.0/s, objs=0.0/s, last_udp=17.31s, meas=1, tracks=1, valid=0, master=611
[GPS] GGA fix_quality=0, num_sats=00, hdop=9999.0, lat=0.0, lon=0.0
[LIVE] udp=0.0/s, objs=0.0/s, last_udp=18.31s, meas=1, tracks=1, valid=0, master=611
[GPS] GGA fix_quality=0, num_sats=03, hdop=9999.0, lat=0.0, lon=0.0
[LIVE] udp=0.0/s, objs=0.0/s, last_udp=19.31s, meas=1, tracks=1, valid=0, master=611
[LIVE] udp=0.0/s, objs=0.0/s, last_udp=20.31s, meas=1, tracks=1, valid=0, master=611
[LIVE] udp=0.0/s, objs=0.0/s, last_udp=21.31s, meas=1, tracks=1, valid=0, master=611
[LIVE] udp=0.0/s, objs=0.0/s, last_udp=22.32s, meas=1, tracks=1, valid=0, master=611
[LIVE] udp=0.0/s, objs=0.0/s, last_udp=23.32s, meas=1, tracks=1, valid=0, master=611
[GPS] GGA fix_quality=0, num_sats=03, hdop=9999.0, lat=0.0, lon=0.0
[LIVE] udp=0.0/s, objs=0.0/s, last_udp=24.32s, meas=1, tracks=1, valid=0, master=611
[GPS] GGA fix_quality=0, num_sats=00, hdop=9999.0, lat=0.0, lon=0.0
[LIVE] udp=0.0/s, objs=0.0/s, last_udp=25.32s, meas=1, tracks=1, valid=0, master=611
[GPS] GGA fix_quality=0, num_sats=03, hdop=9999.0, lat=0.0, lon=0.0
[LIVE] udp=0.0/s, objs=0.0/s, last_udp=26.33s, meas=1, tracks=1, valid=0, master=611
[GPS] GGA fix_quality=0, num_sats=04, hdop=9999.0, lat=0.0, lon=0.0
[LIVE] udp=0.0/s, objs=0.0/s, last_udp=27.33s, meas=1, tracks=1, valid=0, master=611
[GPS] GGA fix_quality=0, num_sats=04, hdop=9999.0, lat=0.0, lon=0.0
[LIVE] udp=0.0/s, objs=0.0/s, last_udp=28.33s, meas=1, tracks=1, valid=0, master=611
[GPS] GGA fix_quality=0, num_sats=03, hdop=9999.0, lat=0.0, lon=0.0
[LIVE] udp=0.0/s, objs=0.0/s, last_udp=29.33s, meas=1, tracks=1, valid=0, master=611
[LIVE] udp=0.0/s, objs=0.0/s, last_udp=30.33s, meas=1, tracks=1, valid=0, master=611
[LIVE] udp=0.0/s, objs=0.0/s, last_udp=31.33s, meas=1, tracks=1, valid=0, master=611
[LIVE] udp=0.0/s, objs=0.0/s, last_udp=32.34s, meas=1, tracks=1, valid=0, master=611
[LIVE] udp=0.0/s, objs=0.0/s, last_udp=33.34s, meas=1, tracks=1, valid=0, master=611
[GPS] GGA fix_quality=0, num_sats=03, hdop=9999.0, lat=0.0, lon=0.0
[LIVE] udp=0.0/s, objs=0.0/s, last_udp=34.34s, meas=1, tracks=1, valid=0, master=611
[GPS] GGA fix_quality=0, num_sats=03, hdop=9999.0, lat=0.0, lon=0.0
[LIVE] udp=0.0/s, objs=0.0/s, last_udp=35.34s, meas=1, tracks=1, valid=0, master=611
[GPS] GGA fix_quality=0, num_sats=03, hdop=9999.0, lat=0.0, lon=0.0
[LIVE] udp=0.0/s, objs=0.0/s, last_udp=36.35s, meas=1, tracks=1, valid=0, master=611
[GPS] GGA fix_quality=0, num_sats=04, hdop=9999.0, lat=0.0, lon=0.0
[LIVE] udp=0.0/s, objs=0.0/s, last_udp=37.35s, meas=1, tracks=1, valid=0, master=611
[GPS] GGA fix_quality=0, num_sats=04, hdop=9999.0, lat=0.0, lon=0.0
[LIVE] udp=0.0/s, objs=0.0/s, last_udp=38.35s, meas=1, tracks=1, valid=0, master=611
[GPS] GGA fix_quality=0, num_sats=04, hdop=9999.0, lat=0.0, lon=0.0
[LIVE] udp=0.0/s, objs=0.0/s, last_udp=39.35s, meas=1, tracks=1, valid=0, master=611
[LIVE] udp=0.0/s, objs=0.0/s, last_udp=40.35s, meas=1, tracks=1, valid=0, master=611
[LIVE] udp=0.0/s, objs=0.0/s, last_udp=41.36s, meas=1, tracks=1, valid=0, master=611
[LIVE] udp=0.0/s, objs=0.0/s, last_udp=42.36s, meas=1, tracks=1, valid=0, master=611
[LIVE] udp=0.0/s, objs=0.0/s, last_udp=43.36s, meas=1, tracks=1, valid=0, master=611
[GPS] GGA fix_quality=0, num_sats=04, hdop=9999.0, lat=0.0, lon=0.0
[LIVE] udp=0.0/s, objs=0.0/s, last_udp=44.37s, meas=1, tracks=1, valid=0, master=611
[GPS] GGA fix_quality=0, num_sats=03, hdop=9999.0, lat=0.0, lon=0.0
[LIVE] udp=0.0/s, objs=0.0/s, last_udp=45.37s, meas=1, tracks=1, valid=0, master=611
[GPS] GGA fix_quality=0, num_sats=04, hdop=9999.0, lat=0.0, lon=0.0
[LIVE] udp=0.0/s, objs=0.0/s, last_udp=46.37s, meas=1, tracks=1, valid=0, master=611
[GPS] GGA fix_quality=0, num_sats=04, hdop=9999.0, lat=0.0, lon=0.0
[LIVE] udp=0.0/s, objs=0.0/s, last_udp=47.38s, meas=1, tracks=1, valid=0, master=611
[GPS] GGA fix_quality=0, num_sats=04, hdop=9999.0, lat=0.0, lon=0.0
[LIVE] udp=0.0/s, objs=0.0/s, last_udp=48.38s, meas=1, tracks=1, valid=0, master=611
[GPS] GGA fix_quality=0, num_sats=03, hdop=9999.0, lat=0.0, lon=0.0
[LIVE] udp=1.0/s, objs=1.0/s, last_udp=0.23s, meas=1, tracks=1, valid=0, master=611
[LIVE] udp=3.0/s, objs=3.0/s, last_udp=0.24s, meas=1, tracks=1, valid=1, master=613
[LIVE] udp=3.0/s, objs=3.0/s, last_udp=0.24s, meas=1, tracks=1, valid=1, master=613
[LIVE] udp=3.0/s, objs=3.0/s, last_udp=0.25s, meas=1, tracks=1, valid=1, master=613
[LIVE] udp=1.0/s, objs=1.0/s, last_udp=0.92s, meas=1, tracks=1, valid=1, master=613
[GPS] GGA fix_quality=0, num_sats=03, hdop=9999.0, lat=0.0, lon=0.0
[LIVE] udp=1.0/s, objs=1.0/s, last_udp=0.28s, meas=1, tracks=1, valid=0, master=613
[GPS] GGA fix_quality=0, num_sats=03, hdop=9999.0, lat=0.0, lon=0.0
[LIVE] udp=0.0/s, objs=0.0/s, last_udp=1.28s, meas=1, tracks=1, valid=0, master=613
[GPS] GGA fix_quality=0, num_sats=03, hdop=9999.0, lat=0.0, lon=0.0
[LIVE] udp=0.0/s, objs=0.0/s, last_udp=2.28s, meas=1, tracks=1, valid=0, master=613
[GPS] GGA fix_quality=0, num_sats=03, hdop=9999.0, lat=0.0, lon=0.0
[LIVE] udp=0.0/s, objs=0.0/s, last_udp=3.28s, meas=1, tracks=1, valid=0, master=613
[GPS] GGA fix_quality=0, num_sats=03, hdop=9999.0, lat=0.0, lon=0.0
[LIVE] udp=0.0/s, objs=0.0/s, last_udp=4.29s, meas=1, tracks=1, valid=0, master=613
[GPS] GGA fix_quality=0, num_sats=03, hdop=9999.0, lat=0.0, lon=0.0
[LIVE] udp=0.0/s, objs=0.0/s, last_udp=5.29s, meas=1, tracks=1, valid=0, master=613
[LIVE] udp=0.0/s, objs=0.0/s, last_udp=6.29s, meas=1, tracks=1, valid=0, master=613
[LIVE] udp=0.0/s, objs=0.0/s, last_udp=7.30s, meas=1, tracks=1, valid=0, master=613
[LIVE] udp=0.0/s, objs=0.0/s, last_udp=8.30s, meas=1, tracks=1, valid=0, master=613
[LIVE] udp=0.0/s, objs=0.0/s, last_udp=9.30s, meas=1, tracks=1, valid=0, master=613
[GPS] GGA fix_quality=0, num_sats=00, hdop=9999.0, lat=0.0, lon=0.0
[LIVE] udp=0.0/s, objs=0.0/s, last_udp=10.30s, meas=1, tracks=1, valid=0, master=613
[GPS] GGA fix_quality=0, num_sats=03, hdop=9999.0, lat=0.0, lon=0.0
[LIVE] udp=0.0/s, objs=0.0/s, last_udp=11.30s, meas=1, tracks=1, valid=0, master=613
[GPS] GGA fix_quality=0, num_sats=03, hdop=9999.0, lat=0.0, lon=0.0
[LIVE] udp=0.0/s, objs=0.0/s, last_udp=12.30s, meas=1, tracks=1, valid=0, master=613
[GPS] GGA fix_quality=0, num_sats=03, hdop=9999.0, lat=0.0, lon=0.0
[LIVE] udp=0.0/s, objs=0.0/s, last_udp=13.30s, meas=1, tracks=1, valid=0, master=613
[GPS] GGA fix_quality=0, num_sats=00, hdop=9999.0, lat=0.0, lon=0.0
[LIVE] udp=0.0/s, objs=0.0/s, last_udp=14.31s, meas=1, tracks=1, valid=0, master=613
[GPS] GGA fix_quality=0, num_sats=03, hdop=9999.0, lat=0.0, lon=0.0
[LIVE] udp=0.0/s, objs=0.0/s, last_udp=15.31s, meas=1, tracks=1, valid=0, master=613
[LIVE] udp=0.0/s, objs=0.0/s, last_udp=16.31s, meas=1, tracks=1, valid=0, master=613
[LIVE] udp=0.0/s, objs=0.0/s, last_udp=17.31s, meas=1, tracks=1, valid=0, master=613
[LIVE] udp=0.0/s, objs=0.0/s, last_udp=18.31s, meas=1, tracks=1, valid=0, master=613
[LIVE] udp=0.0/s, objs=0.0/s, last_udp=19.32s, meas=1, tracks=1, valid=0, master=613
[GPS] GGA fix_quality=0, num_sats=03, hdop=9999.0, lat=0.0, lon=0.0
[LIVE] udp=0.0/s, objs=0.0/s, last_udp=20.32s, meas=1, tracks=1, valid=0, master=613
[GPS] GGA fix_quality=0, num_sats=03, hdop=9999.0, lat=0.0, lon=0.0
[LIVE] udp=0.0/s, objs=0.0/s, last_udp=21.32s, meas=1, tracks=1, valid=0, master=613
[GPS] GGA fix_quality=0, num_sats=03, hdop=9999.0, lat=0.0, lon=0.0
[LIVE] udp=0.0/s, objs=0.0/s, last_udp=22.33s, meas=1, tracks=1, valid=0, master=613
[GPS] GGA fix_quality=0, num_sats=03, hdop=9999.0, lat=0.0, lon=0.0
[LIVE] udp=0.0/s, objs=0.0/s, last_udp=23.33s, meas=1, tracks=1, valid=0, master=613
[GPS] GGA fix_quality=0, num_sats=00, hdop=9999.0, lat=0.0, lon=0.0
[LIVE] udp=0.0/s, objs=0.0/s, last_udp=24.33s, meas=1, tracks=1, valid=0, master=613
[GPS] GGA fix_quality=0, num_sats=00, hdop=9999.0, lat=0.0, lon=0.0
[LIVE] udp=0.0/s, objs=0.0/s, last_udp=25.34s, meas=1, tracks=1, valid=0, master=613
[LIVE] udp=0.0/s, objs=0.0/s, last_udp=26.34s, meas=1, tracks=1, valid=0, master=613
[LIVE] udp=0.0/s, objs=0.0/s, last_udp=27.34s, meas=1, tracks=1, valid=0, master=613
[LIVE] udp=0.0/s, objs=0.0/s, last_udp=28.34s, meas=1, tracks=1, valid=0, master=613
[LIVE] udp=0.0/s, objs=0.0/s, last_udp=29.34s, meas=1, tracks=1, valid=0, master=613
[GPS] GGA fix_quality=0, num_sats=00, hdop=9999.0, lat=0.0, lon=0.0
[LIVE] udp=0.0/s, objs=0.0/s, last_udp=30.34s, meas=1, tracks=1, valid=0, master=613
[GPS] GGA fix_quality=0, num_sats=00, hdop=9999.0, lat=0.0, lon=0.0
[LIVE] udp=0.0/s, objs=0.0/s, last_udp=31.34s, meas=1, tracks=1, valid=0, master=613
[GPS] GGA fix_quality=0, num_sats=00, hdop=9999.0, lat=0.0, lon=0.0
[LIVE] udp=0.0/s, objs=0.0/s, last_udp=32.35s, meas=1, tracks=1, valid=0, master=613
[GPS] GGA fix_quality=0, num_sats=00, hdop=9999.0, lat=0.0, lon=0.0
[LIVE] udp=0.0/s, objs=0.0/s, last_udp=33.35s, meas=1, tracks=1, valid=0, master=613
[GPS] GGA fix_quality=0, num_sats=00, hdop=9999.0, lat=0.0, lon=0.0
[LIVE] udp=0.0/s, objs=0.0/s, last_udp=34.35s, meas=1, tracks=1, valid=0, master=613
[GPS] GGA fix_quality=0, num_sats=00, hdop=9999.0, lat=0.0, lon=0.0
[LIVE] udp=0.0/s, objs=0.0/s, last_udp=35.35s, meas=1, tracks=1, valid=0, master=613
[LIVE] udp=0.0/s, objs=0.0/s, last_udp=36.35s, meas=1, tracks=1, valid=0, master=613
[LIVE] udp=0.0/s, objs=0.0/s, last_udp=37.36s, meas=1, tracks=1, valid=0, master=613
[LIVE] udp=0.0/s, objs=0.0/s, last_udp=38.36s, meas=1, tracks=1, valid=0, master=613
[LIVE] udp=0.0/s, objs=0.0/s, last_udp=39.36s, meas=1, tracks=1, valid=0, master=613
[GPS] GGA fix_quality=0, num_sats=00, hdop=9999.0, lat=0.0, lon=0.0
[LIVE] udp=0.0/s, objs=0.0/s, last_udp=40.36s, meas=1, tracks=1, valid=0, master=613
[GPS] GGA fix_quality=0, num_sats=00, hdop=9999.0, lat=0.0, lon=0.0
[LIVE] udp=0.0/s, objs=0.0/s, last_udp=41.37s, meas=1, tracks=1, valid=0, master=613
[GPS] GGA fix_quality=0, num_sats=00, hdop=9999.0, lat=0.0, lon=0.0
[LIVE] udp=0.0/s, objs=0.0/s, last_udp=42.37s, meas=1, tracks=1, valid=0, master=613
[GPS] GGA fix_quality=0, num_sats=03, hdop=9999.0, lat=0.0, lon=0.0
[LIVE] udp=0.0/s, objs=0.0/s, last_udp=43.37s, meas=1, tracks=1, valid=0, master=613
[GPS] GGA fix_quality=0, num_sats=00, hdop=9999.0, lat=0.0, lon=0.0
[LIVE] udp=0.0/s, objs=0.0/s, last_udp=44.38s, meas=1, tracks=1, valid=0, master=613
[GPS] GGA fix_quality=0, num_sats=00, hdop=9999.0, lat=0.0, lon=0.0
[LIVE] udp=0.0/s, objs=0.0/s, last_udp=45.38s, meas=1, tracks=1, valid=0, master=613
[LIVE] udp=0.0/s, objs=0.0/s, last_udp=46.38s, meas=1, tracks=1, valid=0, master=613
[LIVE] udp=0.0/s, objs=0.0/s, last_udp=47.38s, meas=1, tracks=1, valid=0, master=613
[LIVE] udp=0.0/s, objs=0.0/s, last_udp=48.38s, meas=1, tracks=1, valid=0, master=613
[LIVE] udp=0.0/s, objs=0.0/s, last_udp=49.39s, meas=1, tracks=1, valid=0, master=613
[GPS] GGA fix_quality=0, num_sats=03, hdop=9999.0, lat=0.0, lon=0.0
[LIVE] udp=0.0/s, objs=0.0/s, last_udp=50.39s, meas=1, tracks=1, valid=0, master=613
[GPS] GGA fix_quality=0, num_sats=00, hdop=9999.0, lat=0.0, lon=0.0
[LIVE] udp=0.0/s, objs=0.0/s, last_udp=51.39s, meas=1, tracks=1, valid=0, master=613
[GPS] GGA fix_quality=0, num_sats=00, hdop=9999.0, lat=0.0, lon=0.0
[LIVE] udp=0.0/s, objs=0.0/s, last_udp=52.39s, meas=1, tracks=1, valid=0, master=613
[GPS] GGA fix_quality=0, num_sats=00, hdop=9999.0, lat=0.0, lon=0.0
[LIVE] udp=0.0/s, objs=0.0/s, last_udp=53.40s, meas=1, tracks=1, valid=0, master=613
[GPS] GGA fix_quality=0, num_sats=00, hdop=9999.0, lat=0.0, lon=0.0
[LIVE] udp=0.0/s, objs=0.0/s, last_udp=54.40s, meas=1, tracks=1, valid=0, master=613
[GPS] GGA fix_quality=0, num_sats=00, hdop=9999.0, lat=0.0, lon=0.0
[LIVE] udp=0.0/s, objs=0.0/s, last_udp=55.40s, meas=1, tracks=1, valid=0, master=613
[LIVE] udp=0.0/s, objs=0.0/s, last_udp=56.40s, meas=1, tracks=1, valid=0, master=613
[LIVE] udp=0.0/s, objs=0.0/s, last_udp=57.41s, meas=1, tracks=1, valid=0, master=613
[LIVE] udp=0.0/s, objs=0.0/s, last_udp=58.41s, meas=1, tracks=1, valid=0, master=613
[LIVE] udp=0.0/s, objs=0.0/s, last_udp=59.41s, meas=1, tracks=1, valid=0, master=613
[GPS] GGA fix_quality=0, num_sats=00, hdop=9999.0, lat=0.0, lon=0.0
[LIVE] udp=0.0/s, objs=0.0/s, last_udp=60.41s, meas=1, tracks=1, valid=0, master=613
[GPS] GGA fix_quality=0, num_sats=00, hdop=9999.0, lat=0.0, lon=0.0
[LIVE] udp=0.0/s, objs=0.0/s, last_udp=61.42s, meas=1, tracks=1, valid=0, master=613
[GPS] GGA fix_quality=0, num_sats=00, hdop=9999.0, lat=0.0, lon=0.0
[LIVE] udp=0.0/s, objs=0.0/s, last_udp=62.42s, meas=1, tracks=1, valid=0, master=613
[GPS] GGA fix_quality=0, num_sats=00, hdop=9999.0, lat=0.0, lon=0.0
[LIVE] udp=0.0/s, objs=0.0/s, last_udp=63.42s, meas=1, tracks=1, valid=0, master=613
[GPS] GGA fix_quality=0, num_sats=00, hdop=9999.0, lat=0.0, lon=0.0
[LIVE] udp=0.0/s, objs=0.0/s, last_udp=64.43s, meas=1, tracks=1, valid=0, master=613
[GPS] GGA fix_quality=0, num_sats=00, hdop=9999.0, lat=0.0, lon=0.0
[LIVE] udp=0.0/s, objs=0.0/s, last_udp=65.43s, meas=1, tracks=1, valid=0, master=613
[LIVE] udp=0.0/s, objs=0.0/s, last_udp=66.43s, meas=1, tracks=1, valid=0, master=613
[LIVE] udp=0.0/s, objs=0.0/s, last_udp=67.43s, meas=1, tracks=1, valid=0, master=613
[LIVE] udp=0.0/s, objs=0.0/s, last_udp=68.43s, meas=1, tracks=1, valid=0, master=613
[LIVE] udp=0.0/s, objs=0.0/s, last_udp=69.43s, meas=1, tracks=1, valid=0, master=613
[GPS] GGA fix_quality=0, num_sats=00, hdop=9999.0, lat=0.0, lon=0.0
[LIVE] udp=0.0/s, objs=0.0/s, last_udp=70.44s, meas=1, tracks=1, valid=0, master=613
[GPS] GGA fix_quality=0, num_sats=00, hdop=9999.0, lat=0.0, lon=0.0
[LIVE] udp=0.0/s, objs=0.0/s, last_udp=71.44s, meas=1, tracks=1, valid=0, master=613
[GPS] GGA fix_quality=0, num_sats=00, hdop=9999.0, lat=0.0, lon=0.0
[LIVE] udp=0.0/s, objs=0.0/s, last_udp=72.44s, meas=1, tracks=1, valid=0, master=613
[GPS] GGA fix_quality=0, num_sats=00, hdop=9999.0, lat=0.0, lon=0.0
[LIVE] udp=0.0/s, objs=0.0/s, last_udp=73.44s, meas=1, tracks=1, valid=0, master=613
[GPS] GGA fix_quality=0, num_sats=00, hdop=9999.0, lat=0.0, lon=0.0
[LIVE] udp=0.0/s, objs=0.0/s, last_udp=74.44s, meas=1, tracks=1, valid=0, master=613
[GPS] GGA fix_quality=0, num_sats=00, hdop=9999.0, lat=0.0, lon=0.0
[LIVE] udp=0.0/s, objs=0.0/s, last_udp=75.45s, meas=1, tracks=1, valid=0, master=613
[LIVE] udp=0.0/s, objs=0.0/s, last_udp=76.45s, meas=1, tracks=1, valid=0, master=613
[LIVE] udp=0.0/s, objs=0.0/s, last_udp=77.45s, meas=1, tracks=1, valid=0, master=613
[LIVE] udp=0.0/s, objs=0.0/s, last_udp=78.45s, meas=1, tracks=1, valid=0, master=613
[LIVE] udp=0.0/s, objs=0.0/s, last_udp=79.46s, meas=1, tracks=1, valid=0, master=613
[GPS] GGA fix_quality=0, num_sats=00, hdop=9999.0, lat=0.0, lon=0.0
[LIVE] udp=0.0/s, objs=0.0/s, last_udp=80.46s, meas=1, tracks=1, valid=0, master=613
[GPS] GGA fix_quality=0, num_sats=00, hdop=9999.0, lat=0.0, lon=0.0
[LIVE] udp=0.0/s, objs=0.0/s, last_udp=81.46s, meas=1, tracks=1, valid=0, master=613
[GPS] GGA fix_quality=0, num_sats=00, hdop=9999.0, lat=0.0, lon=0.0
[LIVE] udp=0.0/s, objs=0.0/s, last_udp=82.47s, meas=1, tracks=1, valid=0, master=613
[GPS] GGA fix_quality=0, num_sats=00, hdop=9999.0, lat=0.0, lon=0.0
[LIVE] udp=0.0/s, objs=0.0/s, last_udp=83.47s, meas=1, tracks=1, valid=0, master=613
[GPS] GGA fix_quality=0, num_sats=00, hdop=9999.0, lat=0.0, lon=0.0
[LIVE] udp=0.0/s, objs=0.0/s, last_udp=84.47s, meas=1, tracks=1, valid=0, master=613
[GPS] GGA fix_quality=0, num_sats=00, hdop=9999.0, lat=0.0, lon=0.0
[LIVE] udp=0.0/s, objs=0.0/s, last_udp=85.48s, meas=1, tracks=1, valid=0, master=613
[LIVE] udp=0.0/s, objs=0.0/s, last_udp=86.48s, meas=1, tracks=1, valid=0, master=613
[LIVE] udp=0.0/s, objs=0.0/s, last_udp=87.48s, meas=1, tracks=1, valid=0, master=613
[LIVE] udp=0.0/s, objs=0.0/s, last_udp=88.48s, meas=1, tracks=1, valid=0, master=613
[LIVE] udp=0.0/s, objs=0.0/s, last_udp=89.49s, meas=1, tracks=1, valid=0, master=613
[GPS] GGA fix_quality=0, num_sats=00, hdop=9999.0, lat=0.0, lon=0.0
[LIVE] udp=0.0/s, objs=0.0/s, last_udp=90.49s, meas=1, tracks=1, valid=0, master=613
[GPS] GGA fix_quality=0, num_sats=00, hdop=9999.0, lat=0.0, lon=0.0
[LIVE] udp=0.0/s, objs=0.0/s, last_udp=91.50s, meas=1, tracks=1, valid=0, master=613
[GPS] GGA fix_quality=0, num_sats=00, hdop=9999.0, lat=0.0, lon=0.0
[LIVE] udp=0.0/s, objs=0.0/s, last_udp=92.50s, meas=1, tracks=1, valid=0, master=613
[GPS] GGA fix_quality=0, num_sats=00, hdop=9999.0, lat=0.0, lon=0.0
[LIVE] udp=1.0/s, objs=1.0/s, last_udp=0.93s, meas=1, tracks=1, valid=0, master=613
[GPS] GGA fix_quality=0, num_sats=03, hdop=9999.0, lat=0.0, lon=0.0
[LIVE] udp=0.0/s, objs=0.0/s, last_udp=1.93s, meas=1, tracks=1, valid=0, master=613
[GPS] GGA fix_quality=0, num_sats=00, hdop=9999.0, lat=0.0, lon=0.0
[LIVE] udp=0.0/s, objs=0.0/s, last_udp=2.93s, meas=1, tracks=1, valid=0, master=613
[LIVE] udp=0.0/s, objs=0.0/s, last_udp=3.93s, meas=1, tracks=1, valid=0, master=613
[LIVE] udp=0.0/s, objs=0.0/s, last_udp=4.94s, meas=1, tracks=1, valid=0, master=613
[LIVE] udp=0.0/s, objs=0.0/s, last_udp=5.94s, meas=1, tracks=1, valid=0, master=613
[LIVE] udp=0.0/s, objs=0.0/s, last_udp=6.95s, meas=1, tracks=1, valid=0, master=613
[GPS] GGA fix_quality=0, num_sats=03, hdop=9999.0, lat=0.0, lon=0.0
[LIVE] udp=0.0/s, objs=0.0/s, last_udp=7.95s, meas=1, tracks=1, valid=0, master=613
[GPS] GGA fix_quality=0, num_sats=00, hdop=9999.0, lat=0.0, lon=0.0
[LIVE] udp=0.0/s, objs=0.0/s, last_udp=8.96s, meas=1, tracks=1, valid=0, master=613
[GPS] GGA fix_quality=0, num_sats=00, hdop=9999.0, lat=0.0, lon=0.0
[LIVE] udp=0.0/s, objs=0.0/s, last_udp=9.96s, meas=1, tracks=1, valid=0, master=613
[GPS] GGA fix_quality=0, num_sats=00, hdop=9999.0, lat=0.0, lon=0.0
[LIVE] udp=0.0/s, objs=0.0/s, last_udp=10.96s, meas=1, tracks=1, valid=0, master=613
[GPS] GGA fix_quality=0, num_sats=03, hdop=9999.0, lat=0.0, lon=0.0
[LIVE] udp=0.0/s, objs=0.0/s, last_udp=11.97s, meas=1, tracks=1, valid=0, master=613
[GPS] GGA fix_quality=0, num_sats=03, hdop=9999.0, lat=0.0, lon=0.0
[LIVE] udp=0.0/s, objs=0.0/s, last_udp=12.97s, meas=1, tracks=1, valid=0, master=613
[LIVE] udp=0.0/s, objs=0.0/s, last_udp=13.97s, meas=1, tracks=1, valid=0, master=613
[LIVE] udp=0.0/s, objs=0.0/s, last_udp=14.97s, meas=1, tracks=1, valid=0, master=613
[LIVE] udp=0.0/s, objs=0.0/s, last_udp=15.97s, meas=1, tracks=1, valid=0, master=613
[LIVE] udp=0.0/s, objs=0.0/s, last_udp=16.97s, meas=1, tracks=1, valid=0, master=613
[GPS] GGA fix_quality=0, num_sats=00, hdop=9999.0, lat=0.0, lon=0.0
[LIVE] udp=0.0/s, objs=0.0/s, last_udp=17.98s, meas=1, tracks=1, valid=0, master=613
[GPS] GGA fix_quality=0, num_sats=00, hdop=9999.0, lat=0.0, lon=0.0
[LIVE] udp=0.0/s, objs=0.0/s, last_udp=18.98s, meas=1, tracks=1, valid=0, master=613
[GPS] GGA fix_quality=0, num_sats=00, hdop=9999.0, lat=0.0, lon=0.0
[LIVE] udp=0.0/s, objs=0.0/s, last_udp=19.98s, meas=1, tracks=1, valid=0, master=613
[GPS] GGA fix_quality=0, num_sats=00, hdop=9999.0, lat=0.0, lon=0.0
[LIVE] udp=0.0/s, objs=0.0/s, last_udp=20.98s, meas=1, tracks=1, valid=0, master=613
[GPS] GGA fix_quality=0, num_sats=00, hdop=9999.0, lat=0.0, lon=0.0
[LIVE] udp=0.0/s, objs=0.0/s, last_udp=21.98s, meas=1, tracks=1, valid=0, master=613
[GPS] GGA fix_quality=0, num_sats=00, hdop=9999.0, lat=0.0, lon=0.0
[LIVE] udp=0.0/s, objs=0.0/s, last_udp=22.99s, meas=1, tracks=1, valid=0, master=613
[LIVE] udp=0.0/s, objs=0.0/s, last_udp=23.99s, meas=1, tracks=1, valid=0, master=613
[LIVE] udp=0.0/s, objs=0.0/s, last_udp=24.99s, meas=1, tracks=1, valid=0, master=613
[LIVE] udp=0.0/s, objs=0.0/s, last_udp=25.99s, meas=1, tracks=1, valid=0, master=613
[LIVE] udp=0.0/s, objs=0.0/s, last_udp=27.00s, meas=1, tracks=1, valid=0, master=613
[GPS] GGA fix_quality=0, num_sats=00, hdop=9999.0, lat=0.0, lon=0.0
[LIVE] udp=0.0/s, objs=0.0/s, last_udp=28.00s, meas=1, tracks=1, valid=0, master=613
[GPS] GGA fix_quality=0, num_sats=00, hdop=9999.0, lat=0.0, lon=0.0
[LIVE] udp=0.0/s, objs=0.0/s, last_udp=29.00s, meas=1, tracks=1, valid=0, master=613
[GPS] GGA fix_quality=0, num_sats=00, hdop=9999.0, lat=0.0, lon=0.0
[LIVE] udp=0.0/s, objs=0.0/s, last_udp=30.00s, meas=1, tracks=1, valid=0, master=613
[GPS] GGA fix_quality=0, num_sats=00, hdop=9999.0, lat=0.0, lon=0.0
[LIVE] udp=0.0/s, objs=0.0/s, last_udp=31.01s, meas=1, tracks=1, valid=0, master=613
[GPS] GGA fix_quality=0, num_sats=00, hdop=9999.0, lat=0.0, lon=0.0
[LIVE] udp=0.0/s, objs=0.0/s, last_udp=32.01s, meas=1, tracks=1, valid=0, master=613
[GPS] GGA fix_quality=0, num_sats=00, hdop=9999.0, lat=0.0, lon=0.0
[LIVE] udp=0.0/s, objs=0.0/s, last_udp=33.02s, meas=1, tracks=1, valid=0, master=613
[LIVE] udp=0.0/s, objs=0.0/s, last_udp=34.02s, meas=1, tracks=1, valid=0, master=613
[LIVE] udp=0.0/s, objs=0.0/s, last_udp=35.02s, meas=1, tracks=1, valid=0, master=613
[LIVE] udp=0.0/s, objs=0.0/s, last_udp=36.02s, meas=1, tracks=1, valid=0, master=613
[LIVE] udp=0.0/s, objs=0.0/s, last_udp=37.02s, meas=1, tracks=1, valid=0, master=613
[GPS] GGA fix_quality=0, num_sats=04, hdop=9999.0, lat=0.0, lon=0.0
[LIVE] udp=0.0/s, objs=0.0/s, last_udp=38.03s, meas=1, tracks=1, valid=0, master=613
[GPS] GGA fix_quality=0, num_sats=04, hdop=9999.0, lat=0.0, lon=0.0
[LIVE] udp=0.0/s, objs=0.0/s, last_udp=39.03s, meas=1, tracks=1, valid=0, master=613
[GPS] GGA fix_quality=0, num_sats=04, hdop=9999.0, lat=0.0, lon=0.0
[LIVE] udp=0.0/s, objs=0.0/s, last_udp=40.03s, meas=1, tracks=1, valid=0, master=613
[GPS] GGA fix_quality=0, num_sats=04, hdop=9999.0, lat=0.0, lon=0.0
[LIVE] udp=0.0/s, objs=0.0/s, last_udp=41.03s, meas=1, tracks=1, valid=0, master=613
[GPS] GGA fix_quality=0, num_sats=04, hdop=9999.0, lat=0.0, lon=0.0
[LIVE] udp=0.0/s, objs=0.0/s, last_udp=42.03s, meas=1, tracks=1, valid=0, master=613
[GPS] GGA fix_quality=0, num_sats=04, hdop=9999.0, lat=0.0, lon=0.0
[LIVE] udp=0.0/s, objs=0.0/s, last_udp=43.04s, meas=1, tracks=1, valid=0, master=613
[LIVE] udp=1.0/s, objs=1.0/s, last_udp=0.03s, meas=1, tracks=1, valid=0, master=613
[LIVE] udp=2.0/s, objs=2.0/s, last_udp=0.03s, meas=1, tracks=1, valid=1, master=616
[LIVE] udp=0.0/s, objs=0.0/s, last_udp=1.04s, meas=1, tracks=1, valid=1, master=616
[LIVE] udp=0.0/s, objs=0.0/s, last_udp=2.04s, meas=1, tracks=1, valid=1, master=616
[GPS] GGA fix_quality=0, num_sats=04, hdop=9999.0, lat=0.0, lon=0.0
[LIVE] udp=0.0/s, objs=0.0/s, last_udp=3.05s, meas=1, tracks=1, valid=1, master=616
[GPS] GGA fix_quality=0, num_sats=04, hdop=9999.0, lat=0.0, lon=0.0
[LIVE] udp=0.0/s, objs=0.0/s, last_udp=4.05s, meas=1, tracks=1, valid=1, master=616
[GPS] GGA fix_quality=0, num_sats=04, hdop=9999.0, lat=0.0, lon=0.0
[LIVE] udp=0.0/s, objs=0.0/s, last_udp=5.05s, meas=1, tracks=1, valid=1, master=616
[GPS] GGA fix_quality=0, num_sats=04, hdop=9999.0, lat=0.0, lon=0.0
[LIVE] udp=0.0/s, objs=0.0/s, last_udp=6.05s, meas=1, tracks=1, valid=1, master=616
[GPS] GGA fix_quality=0, num_sats=04, hdop=9999.0, lat=0.0, lon=0.0
[LIVE] udp=0.0/s, objs=0.0/s, last_udp=7.05s, meas=1, tracks=1, valid=1, master=616
[GPS] GGA fix_quality=0, num_sats=04, hdop=9999.0, lat=0.0, lon=0.0
[LIVE] udp=0.0/s, objs=0.0/s, last_udp=8.06s, meas=1, tracks=1, valid=1, master=616
[LIVE] udp=0.0/s, objs=0.0/s, last_udp=9.06s, meas=1, tracks=1, valid=1, master=616
[LIVE] udp=0.0/s, objs=0.0/s, last_udp=10.06s, meas=1, tracks=1, valid=1, master=616
[LIVE] udp=0.0/s, objs=0.0/s, last_udp=11.06s, meas=1, tracks=1, valid=1, master=616
[LIVE] udp=0.0/s, objs=0.0/s, last_udp=12.06s, meas=1, tracks=1, valid=1, master=616
[GPS] GGA fix_quality=0, num_sats=04, hdop=9999.0, lat=0.0, lon=0.0
[LIVE] udp=0.0/s, objs=0.0/s, last_udp=13.07s, meas=1, tracks=1, valid=1, master=616
[GPS] GGA fix_quality=0, num_sats=04, hdop=9999.0, lat=0.0, lon=0.0
[LIVE] udp=0.0/s, objs=0.0/s, last_udp=14.07s, meas=1, tracks=1, valid=1, master=616
[GPS] GGA fix_quality=0, num_sats=04, hdop=9999.0, lat=0.0, lon=0.0
[LIVE] udp=0.0/s, objs=0.0/s, last_udp=15.07s, meas=1, tracks=1, valid=1, master=616
[GPS] GGA fix_quality=0, num_sats=04, hdop=9999.0, lat=0.0, lon=0.0
[LIVE] udp=0.0/s, objs=0.0/s, last_udp=16.08s, meas=1, tracks=1, valid=1, master=616
[GPS] GGA fix_quality=0, num_sats=04, hdop=9999.0, lat=0.0, lon=0.0
[LIVE] udp=0.0/s, objs=0.0/s, last_udp=17.08s, meas=1, tracks=1, valid=1, master=616
[GPS] GGA fix_quality=0, num_sats=04, hdop=9999.0, lat=0.0, lon=0.0
[LIVE] udp=0.0/s, objs=0.0/s, last_udp=18.08s, meas=1, tracks=1, valid=1, master=616
[LIVE] udp=0.0/s, objs=0.0/s, last_udp=19.08s, meas=1, tracks=1, valid=1, master=616
[LIVE] udp=0.0/s, objs=0.0/s, last_udp=20.09s, meas=1, tracks=1, valid=1, master=616
[LIVE] udp=0.0/s, objs=0.0/s, last_udp=21.09s, meas=1, tracks=1, valid=1, master=616
[LIVE] udp=0.0/s, objs=0.0/s, last_udp=22.09s, meas=1, tracks=1, valid=1, master=616
[GPS] GGA fix_quality=0, num_sats=00, hdop=9999.0, lat=0.0, lon=0.0
[LIVE] udp=0.0/s, objs=0.0/s, last_udp=23.09s, meas=1, tracks=1, valid=1, master=616
[GPS] GGA fix_quality=0, num_sats=00, hdop=9999.0, lat=0.0, lon=0.0
[LIVE] udp=0.0/s, objs=0.0/s, last_udp=24.09s, meas=1, tracks=1, valid=1, master=616
[GPS] GGA fix_quality=0, num_sats=00, hdop=9999.0, lat=0.0, lon=0.0
[LIVE] udp=0.0/s, objs=0.0/s, last_udp=25.10s, meas=1, tracks=1, valid=1, master=616
[GPS] GGA fix_quality=0, num_sats=00, hdop=9999.0, lat=0.0, lon=0.0
[LIVE] udp=0.0/s, objs=0.0/s, last_udp=26.10s, meas=1, tracks=1, valid=1, master=616
[GPS] GGA fix_quality=0, num_sats=00, hdop=9999.0, lat=0.0, lon=0.0
[LIVE] udp=0.0/s, objs=0.0/s, last_udp=27.10s, meas=1, tracks=1, valid=1, master=616
[GPS] GGA fix_quality=0, num_sats=00, hdop=9999.0, lat=0.0, lon=0.0
[LIVE] udp=0.0/s, objs=0.0/s, last_udp=28.10s, meas=1, tracks=1, valid=1, master=616
[LIVE] udp=0.0/s, objs=0.0/s, last_udp=29.11s, meas=1, tracks=1, valid=1, master=616
[LIVE] udp=0.0/s, objs=0.0/s, last_udp=30.11s, meas=1, tracks=1, valid=1, master=616
[LIVE] udp=0.0/s, objs=0.0/s, last_udp=31.12s, meas=1, tracks=1, valid=1, master=616
[LIVE] udp=0.0/s, objs=0.0/s, last_udp=32.12s, meas=1, tracks=1, valid=1, master=616[GPS] GGA fix_quality=0, num_sats=00, hdop=9999.0, lat=0.0, lon=0.0

[GPS] GGA fix_quality=0, num_sats=03, hdop=9999.0, lat=0.0, lon=0.0
[LIVE] udp=0.0/s, objs=0.0/s, last_udp=33.13s, meas=1, tracks=1, valid=1, master=616
[GPS] GGA fix_quality=0, num_sats=03, hdop=9999.0, lat=0.0, lon=0.0
[LIVE] udp=0.0/s, objs=0.0/s, last_udp=34.13s, meas=1, tracks=1, valid=1, master=616
[GPS] GGA fix_quality=0, num_sats=03, hdop=9999.0, lat=0.0, lon=0.0
[LIVE] udp=0.0/s, objs=0.0/s, last_udp=35.13s, meas=1, tracks=1, valid=1, master=616
[GPS] GGA fix_quality=0, num_sats=03, hdop=9999.0, lat=0.0, lon=0.0
[LIVE] udp=0.0/s, objs=0.0/s, last_udp=36.13s, meas=1, tracks=1, valid=1, master=616
[GPS] GGA fix_quality=0, num_sats=03, hdop=9999.0, lat=0.0, lon=0.0
[LIVE] udp=0.0/s, objs=0.0/s, last_udp=37.14s, meas=1, tracks=1, valid=1, master=616
[LIVE] udp=0.0/s, objs=0.0/s, last_udp=38.14s, meas=1, tracks=1, valid=1, master=616
[LIVE] udp=0.0/s, objs=0.0/s, last_udp=39.14s, meas=1, tracks=1, valid=1, master=616
[LIVE] udp=0.0/s, objs=0.0/s, last_udp=40.14s, meas=1, tracks=1, valid=1, master=616
[LIVE] udp=0.0/s, objs=0.0/s, last_udp=41.14s, meas=1, tracks=1, valid=1, master=616
[GPS] GGA fix_quality=0, num_sats=03, hdop=9999.0, lat=0.0, lon=0.0
[LIVE] udp=0.0/s, objs=0.0/s, last_udp=42.14s, meas=1, tracks=1, valid=1, master=616
[GPS] GGA fix_quality=0, num_sats=03, hdop=9999.0, lat=0.0, lon=0.0
[LIVE] udp=2.0/s, objs=5.0/s, last_udp=0.56s, meas=2, tracks=3, valid=0, master=616
[GPS] GGA fix_quality=0, num_sats=03, hdop=9999.0, lat=0.0, lon=0.0
[LIVE] udp=0.0/s, objs=0.0/s, last_udp=1.56s, meas=2, tracks=3, valid=0, master=616
[GPS] GGA fix_quality=0, num_sats=03, hdop=9999.0, lat=0.0, lon=0.0
[LIVE] udp=0.0/s, objs=0.0/s, last_udp=2.56s, meas=2, tracks=3, valid=0, master=616
[GPS] GGA fix_quality=0, num_sats=03, hdop=9999.0, lat=0.0, lon=0.0
[LIVE] udp=0.0/s, objs=0.0/s, last_udp=3.56s, meas=2, tracks=3, valid=0, master=616
[GPS] GGA fix_quality=0, num_sats=03, hdop=9999.0, lat=0.0, lon=0.0
[LIVE] udp=0.0/s, objs=0.0/s, last_udp=4.57s, meas=2, tracks=3, valid=0, master=616
[LIVE] udp=0.0/s, objs=0.0/s, last_udp=5.57s, meas=2, tracks=3, valid=0, master=616
[LIVE] udp=0.0/s, objs=0.0/s, last_udp=6.57s, meas=2, tracks=3, valid=0, master=616
[LIVE] udp=0.0/s, objs=0.0/s, last_udp=7.57s, meas=2, tracks=3, valid=0, master=616
[LIVE] udp=0.0/s, objs=0.0/s, last_udp=8.57s, meas=2, tracks=3, valid=0, master=616
[GPS] GGA fix_quality=0, num_sats=03, hdop=9999.0, lat=0.0, lon=0.0
[LIVE] udp=0.0/s, objs=0.0/s, last_udp=9.57s, meas=2, tracks=3, valid=0, master=616
[GPS] GGA fix_quality=0, num_sats=03, hdop=9999.0, lat=0.0, lon=0.0
[LIVE] udp=0.0/s, objs=0.0/s, last_udp=10.57s, meas=2, tracks=3, valid=0, master=616
[GPS] GGA fix_quality=0, num_sats=03, hdop=9999.0, lat=0.0, lon=0.0
[LIVE] udp=0.0/s, objs=0.0/s, last_udp=11.58s, meas=2, tracks=3, valid=0, master=616
[GPS] GGA fix_quality=0, num_sats=03, hdop=9999.0, lat=0.0, lon=0.0
[LIVE] udp=0.0/s, objs=0.0/s, last_udp=12.58s, meas=2, tracks=3, valid=0, master=616
[GPS] GGA fix_quality=0, num_sats=03, hdop=9999.0, lat=0.0, lon=0.0
[LIVE] udp=0.0/s, objs=0.0/s, last_udp=13.58s, meas=2, tracks=3, valid=0, master=616
[GPS] GGA fix_quality=0, num_sats=03, hdop=9999.0, lat=0.0, lon=0.0
[LIVE] udp=0.0/s, objs=0.0/s, last_udp=14.59s, meas=2, tracks=3, valid=0, master=616
[LIVE] udp=0.0/s, objs=0.0/s, last_udp=15.59s, meas=2, tracks=3, valid=0, master=616
[LIVE] udp=0.0/s, objs=0.0/s, last_udp=16.59s, meas=2, tracks=3, valid=0, master=616
[LIVE] udp=0.0/s, objs=0.0/s, last_udp=17.60s, meas=2, tracks=3, valid=0, master=616
[LIVE] udp=0.0/s, objs=0.0/s, last_udp=18.60s, meas=2, tracks=3, valid=0, master=616
[GPS] GGA fix_quality=0, num_sats=03, hdop=9999.0, lat=0.0, lon=0.0
[LIVE] udp=0.0/s, objs=0.0/s, last_udp=19.60s, meas=2, tracks=3, valid=0, master=616
[GPS] GGA fix_quality=0, num_sats=03, hdop=9999.0, lat=0.0, lon=0.0
[LIVE] udp=0.0/s, objs=0.0/s, last_udp=20.60s, meas=2, tracks=3, valid=0, master=616
[GPS] GGA fix_quality=0, num_sats=03, hdop=9999.0, lat=0.0, lon=0.0
[LIVE] udp=0.0/s, objs=0.0/s, last_udp=21.61s, meas=2, tracks=3, valid=0, master=616
[GPS] GGA fix_quality=0, num_sats=03, hdop=9999.0, lat=0.0, lon=0.0
[LIVE] udp=0.0/s, objs=0.0/s, last_udp=22.61s, meas=2, tracks=3, valid=0, master=616
[GPS] GGA fix_quality=0, num_sats=03, hdop=9999.0, lat=0.0, lon=0.0
[LIVE] udp=0.0/s, objs=0.0/s, last_udp=23.61s, meas=2, tracks=3, valid=0, master=616
[GPS] GGA fix_quality=0, num_sats=03, hdop=9999.0, lat=0.0, lon=0.0
[LIVE] udp=0.0/s, objs=0.0/s, last_udp=24.61s, meas=2, tracks=3, valid=0, master=616
[LIVE] udp=0.0/s, objs=0.0/s, last_udp=25.61s, meas=2, tracks=3, valid=0, master=616
[LIVE] udp=0.0/s, objs=0.0/s, last_udp=26.62s, meas=2, tracks=3, valid=0, master=616
[LIVE] udp=0.0/s, objs=0.0/s, last_udp=27.62s, meas=2, tracks=3, valid=0, master=616
[LIVE] udp=0.0/s, objs=0.0/s, last_udp=28.62s, meas=2, tracks=3, valid=0, master=616
[GPS] GGA fix_quality=0, num_sats=03, hdop=9999.0, lat=0.0, lon=0.0
[LIVE] udp=0.0/s, objs=0.0/s, last_udp=29.62s, meas=2, tracks=3, valid=0, master=616
[GPS] GGA fix_quality=0, num_sats=03, hdop=9999.0, lat=0.0, lon=0.0
[LIVE] udp=0.0/s, objs=0.0/s, last_udp=30.62s, meas=2, tracks=3, valid=0, master=616
[GPS] GGA fix_quality=0, num_sats=03, hdop=9999.0, lat=0.0, lon=0.0
[LIVE] udp=0.0/s, objs=0.0/s, last_udp=31.62s, meas=2, tracks=3, valid=0, master=616
[GPS] GGA fix_quality=0, num_sats=03, hdop=9999.0, lat=0.0, lon=0.0
[LIVE] udp=0.0/s, objs=0.0/s, last_udp=32.63s, meas=2, tracks=3, valid=0, master=616
[GPS] GGA fix_quality=0, num_sats=03, hdop=9999.0, lat=0.0, lon=0.0
[LIVE] udp=0.0/s, objs=0.0/s, last_udp=33.63s, meas=2, tracks=3, valid=0, master=616
[GPS] GGA fix_quality=0, num_sats=03, hdop=9999.0, lat=0.0, lon=0.0
[LIVE] udp=0.0/s, objs=0.0/s, last_udp=34.63s, meas=2, tracks=3, valid=0, master=616
[LIVE] udp=0.0/s, objs=0.0/s, last_udp=35.64s, meas=2, tracks=3, valid=0, master=616
[LIVE] udp=0.0/s, objs=0.0/s, last_udp=36.64s, meas=2, tracks=3, valid=0, master=616
[LIVE] udp=0.0/s, objs=0.0/s, last_udp=37.64s, meas=2, tracks=3, valid=0, master=616
[LIVE] udp=0.0/s, objs=0.0/s, last_udp=38.64s, meas=2, tracks=3, valid=0, master=616
[GPS] GGA fix_quality=0, num_sats=03, hdop=9999.0, lat=0.0, lon=0.0
[LIVE] udp=0.0/s, objs=0.0/s, last_udp=39.64s, meas=2, tracks=3, valid=0, master=616
[GPS] GGA fix_quality=0, num_sats=03, hdop=9999.0, lat=0.0, lon=0.0
[LIVE] udp=0.0/s, objs=0.0/s, last_udp=40.64s, meas=2, tracks=3, valid=0, master=616
[GPS] GGA fix_quality=0, num_sats=03, hdop=9999.0, lat=0.0, lon=0.0
[LIVE] udp=0.0/s, objs=0.0/s, last_udp=41.64s, meas=2, tracks=3, valid=0, master=616
[GPS] GGA fix_quality=0, num_sats=03, hdop=9999.0, lat=0.0, lon=0.0
[LIVE] udp=0.0/s, objs=0.0/s, last_udp=42.65s, meas=2, tracks=3, valid=0, master=616
[GPS] GGA fix_quality=0, num_sats=03, hdop=9999.0, lat=0.0, lon=0.0
[LIVE] udp=0.0/s, objs=0.0/s, last_udp=43.65s, meas=2, tracks=3, valid=0, master=616
[GPS] GGA fix_quality=0, num_sats=03, hdop=9999.0, lat=0.0, lon=0.0
[LIVE] udp=0.0/s, objs=0.0/s, last_udp=44.65s, meas=2, tracks=3, valid=0, master=616
[LIVE] udp=0.0/s, objs=0.0/s, last_udp=45.66s, meas=2, tracks=3, valid=0, master=616
[LIVE] udp=0.0/s, objs=0.0/s, last_udp=46.66s, meas=2, tracks=3, valid=0, master=616
[LIVE] udp=0.0/s, objs=0.0/s, last_udp=47.66s, meas=2, tracks=3, valid=0, master=616
[LIVE] udp=0.0/s, objs=0.0/s, last_udp=48.67s, meas=2, tracks=3, valid=0, master=616
[GPS] GGA fix_quality=0, num_sats=03, hdop=9999.0, lat=0.0, lon=0.0
[LIVE] udp=0.0/s, objs=0.0/s, last_udp=49.67s, meas=2, tracks=3, valid=0, master=616
[GPS] GGA fix_quality=0, num_sats=00, hdop=9999.0, lat=0.0, lon=0.0
[LIVE] udp=0.0/s, objs=0.0/s, last_udp=50.67s, meas=2, tracks=3, valid=0, master=616
[GPS] GGA fix_quality=0, num_sats=03, hdop=9999.0, lat=0.0, lon=0.0
[LIVE] udp=0.0/s, objs=0.0/s, last_udp=51.68s, meas=2, tracks=3, valid=0, master=616
[GPS] GGA fix_quality=0, num_sats=03, hdop=9999.0, lat=0.0, lon=0.0
[LIVE] udp=0.0/s, objs=0.0/s, last_udp=52.68s, meas=2, tracks=3, valid=0, master=616
[GPS] GGA fix_quality=0, num_sats=03, hdop=9999.0, lat=0.0, lon=0.0
[LIVE] udp=0.0/s, objs=0.0/s, last_udp=53.68s, meas=2, tracks=3, valid=0, master=616
[GPS] GGA fix_quality=0, num_sats=03, hdop=9999.0, lat=0.0, lon=0.0
[LIVE] udp=0.0/s, objs=0.0/s, last_udp=54.69s, meas=2, tracks=3, valid=0, master=616
[LIVE] udp=0.0/s, objs=0.0/s, last_udp=55.69s, meas=2, tracks=3, valid=0, master=616
[LIVE] udp=0.0/s, objs=0.0/s, last_udp=56.69s, meas=2, tracks=3, valid=0, master=616
[LIVE] udp=0.0/s, objs=0.0/s, last_udp=57.69s, meas=2, tracks=3, valid=0, master=616
[LIVE] udp=0.0/s, objs=0.0/s, last_udp=58.69s, meas=2, tracks=3, valid=0, master=616
[GPS] GGA fix_quality=0, num_sats=03, hdop=9999.0, lat=0.0, lon=0.0
[LIVE] udp=0.0/s, objs=0.0/s, last_udp=59.70s, meas=2, tracks=3, valid=0, master=616
[GPS] GGA fix_quality=0, num_sats=03, hdop=9999.0, lat=0.0, lon=0.0
[LIVE] udp=0.0/s, objs=0.0/s, last_udp=60.70s, meas=2, tracks=3, valid=0, master=616
[GPS] GGA fix_quality=0, num_sats=03, hdop=9999.0, lat=0.0, lon=0.0
[LIVE] udp=0.0/s, objs=0.0/s, last_udp=61.70s, meas=2, tracks=3, valid=0, master=616
[GPS] GGA fix_quality=0, num_sats=00, hdop=9999.0, lat=0.0, lon=0.0
[LIVE] udp=0.0/s, objs=0.0/s, last_udp=62.71s, meas=2, tracks=3, valid=0, master=616
[GPS] GGA fix_quality=0, num_sats=00, hdop=9999.0, lat=0.0, lon=0.0
[LIVE] udp=0.0/s, objs=0.0/s, last_udp=63.71s, meas=2, tracks=3, valid=0, master=616
[GPS] GGA fix_quality=0, num_sats=00, hdop=9999.0, lat=0.0, lon=0.0
[LIVE] udp=0.0/s, objs=0.0/s, last_udp=64.71s, meas=2, tracks=3, valid=0, master=616
[LIVE] udp=0.0/s, objs=0.0/s, last_udp=65.71s, meas=2, tracks=3, valid=0, master=616
[LIVE] udp=0.0/s, objs=0.0/s, last_udp=66.72s, meas=2, tracks=3, valid=0, master=616
[LIVE] udp=0.0/s, objs=0.0/s, last_udp=67.72s, meas=2, tracks=3, valid=0, master=616
[LIVE] udp=0.0/s, objs=0.0/s, last_udp=68.72s, meas=2, tracks=3, valid=0, master=616
[GPS] GGA fix_quality=0, num_sats=00, hdop=9999.0, lat=0.0, lon=0.0
[LIVE] udp=0.0/s, objs=0.0/s, last_udp=69.72s, meas=2, tracks=3, valid=0, master=616
[GPS] GGA fix_quality=0, num_sats=03, hdop=9999.0, lat=0.0, lon=0.0
[LIVE] udp=1.0/s, objs=1.0/s, last_udp=0.61s, meas=1, tracks=1, valid=0, master=616
[GPS] GGA fix_quality=0, num_sats=03, hdop=9999.0, lat=0.0, lon=0.0
[LIVE] udp=0.0/s, objs=0.0/s, last_udp=1.62s, meas=1, tracks=1, valid=0, master=616
[GPS] GGA fix_quality=0, num_sats=03, hdop=9999.0, lat=0.0, lon=0.0
[LIVE] udp=0.0/s, objs=0.0/s, last_udp=2.62s, meas=1, tracks=1, valid=0, master=616
[GPS] GGA fix_quality=0, num_sats=03, hdop=9999.0, lat=0.0, lon=0.0
[LIVE] udp=0.0/s, objs=0.0/s, last_udp=3.63s, meas=1, tracks=1, valid=0, master=616
[GPS] GGA fix_quality=0, num_sats=03, hdop=9999.0, lat=0.0, lon=0.0
[LIVE] udp=0.0/s, objs=0.0/s, last_udp=4.63s, meas=1, tracks=1, valid=0, master=616
[LIVE] udp=0.0/s, objs=0.0/s, last_udp=5.63s, meas=1, tracks=1, valid=0, master=616
[LIVE] udp=0.0/s, objs=0.0/s, last_udp=6.63s, meas=1, tracks=1, valid=0, master=616
[LIVE] udp=0.0/s, objs=0.0/s, last_udp=7.64s, meas=1, tracks=1, valid=0, master=616
[LIVE] udp=0.0/s, objs=0.0/s, last_udp=8.64s, meas=1, tracks=1, valid=0, master=616
[GPS] GGA fix_quality=0, num_sats=03, hdop=9999.0, lat=0.0, lon=0.0
[LIVE] udp=0.0/s, objs=0.0/s, last_udp=9.64s, meas=1, tracks=1, valid=0, master=616
[GPS] GGA fix_quality=0, num_sats=03, hdop=9999.0, lat=0.0, lon=0.0
[LIVE] udp=0.0/s, objs=0.0/s, last_udp=10.64s, meas=1, tracks=1, valid=0, master=616
[GPS] GGA fix_quality=0, num_sats=03, hdop=9999.0, lat=0.0, lon=0.0
[LIVE] udp=0.0/s, objs=0.0/s, last_udp=11.64s, meas=1, tracks=1, valid=0, master=616
[GPS] GGA fix_quality=0, num_sats=00, hdop=9999.0, lat=0.0, lon=0.0
[LIVE] udp=0.0/s, objs=0.0/s, last_udp=12.65s, meas=1, tracks=1, valid=0, master=616
[GPS] GGA fix_quality=0, num_sats=00, hdop=9999.0, lat=0.0, lon=0.0
[LIVE] udp=0.0/s, objs=0.0/s, last_udp=13.65s, meas=1, tracks=1, valid=0, master=616
[GPS] GGA fix_quality=0, num_sats=00, hdop=9999.0, lat=0.0, lon=0.0
[LIVE] udp=0.0/s, objs=0.0/s, last_udp=14.65s, meas=1, tracks=1, valid=0, master=616
[LIVE] udp=0.0/s, objs=0.0/s, last_udp=15.65s, meas=1, tracks=1, valid=0, master=616
[LIVE] udp=0.0/s, objs=0.0/s, last_udp=16.65s, meas=1, tracks=1, valid=0, master=616
[LIVE] udp=0.0/s, objs=0.0/s, last_udp=17.66s, meas=1, tracks=1, valid=0, master=616
[LIVE] udp=0.0/s, objs=0.0/s, last_udp=18.66s, meas=1, tracks=1, valid=0, master=616
[GPS] GGA fix_quality=0, num_sats=00, hdop=9999.0, lat=0.0, lon=0.0
[LIVE] udp=0.0/s, objs=0.0/s, last_udp=19.67s, meas=1, tracks=1, valid=0, master=616
[GPS] GGA fix_quality=0, num_sats=00, hdop=9999.0, lat=0.0, lon=0.0
[LIVE] udp=0.0/s, objs=0.0/s, last_udp=20.67s, meas=1, tracks=1, valid=0, master=616
[GPS] GGA fix_quality=0, num_sats=00, hdop=9999.0, lat=0.0, lon=0.0
[LIVE] udp=0.0/s, objs=0.0/s, last_udp=21.68s, meas=1, tracks=1, valid=0, master=616
[GPS] GGA fix_quality=0, num_sats=00, hdop=9999.0, lat=0.0, lon=0.0
[LIVE] udp=2.0/s, objs=2.0/s, last_udp=0.49s, meas=1, tracks=1, valid=0, master=616
[GPS] GGA fix_quality=0, num_sats=00, hdop=9999.0, lat=0.0, lon=0.0
[LIVE] udp=0.0/s, objs=0.0/s, last_udp=1.49s, meas=1, tracks=1, valid=0, master=616
[GPS] GGA fix_quality=0, num_sats=00, hdop=9999.0, lat=0.0, lon=0.0
[LIVE] udp=0.0/s, objs=0.0/s, last_udp=2.49s, meas=1, tracks=1, valid=0, master=616
[LIVE] udp=0.0/s, objs=0.0/s, last_udp=3.50s, meas=1, tracks=1, valid=0, master=616
[LIVE] udp=0.0/s, objs=0.0/s, last_udp=4.50s, meas=1, tracks=1, valid=0, master=616
[LIVE] udp=0.0/s, objs=0.0/s, last_udp=5.50s, meas=1, tracks=1, valid=0, master=616
[LIVE] udp=0.0/s, objs=0.0/s, last_udp=6.51s, meas=1, tracks=1, valid=0, master=616
[GPS] GGA fix_quality=0, num_sats=03, hdop=9999.0, lat=0.0, lon=0.0
[LIVE] udp=0.0/s, objs=0.0/s, last_udp=7.51s, meas=1, tracks=1, valid=0, master=616
[GPS] GGA fix_quality=0, num_sats=03, hdop=9999.0, lat=0.0, lon=0.0
[LIVE] udp=0.0/s, objs=0.0/s, last_udp=8.51s, meas=1, tracks=1, valid=0, master=616
[GPS] GGA fix_quality=0, num_sats=00, hdop=9999.0, lat=0.0, lon=0.0
[LIVE] udp=0.0/s, objs=0.0/s, last_udp=9.51s, meas=1, tracks=1, valid=0, master=616
[GPS] GGA fix_quality=0, num_sats=03, hdop=9999.0, lat=0.0, lon=0.0
[LIVE] udp=0.0/s, objs=0.0/s, last_udp=10.52s, meas=1, tracks=1, valid=0, master=616
[GPS] GGA fix_quality=0, num_sats=03, hdop=9999.0, lat=0.0, lon=0.0
[LIVE] udp=0.0/s, objs=0.0/s, last_udp=11.52s, meas=1, tracks=1, valid=0, master=616
[GPS] GGA fix_quality=0, num_sats=03, hdop=9999.0, lat=0.0, lon=0.0
[LIVE] udp=0.0/s, objs=0.0/s, last_udp=12.53s, meas=1, tracks=1, valid=0, master=616
[LIVE] udp=0.0/s, objs=0.0/s, last_udp=13.53s, meas=1, tracks=1, valid=0, master=616
[LIVE] udp=0.0/s, objs=0.0/s, last_udp=14.53s, meas=1, tracks=1, valid=0, master=616
[LIVE] udp=0.0/s, objs=0.0/s, last_udp=15.53s, meas=1, tracks=1, valid=0, master=616
[LIVE] udp=0.0/s, objs=0.0/s, last_udp=16.54s, meas=1, tracks=1, valid=0, master=616
[GPS] GGA fix_quality=0, num_sats=00, hdop=9999.0, lat=0.0, lon=0.0
[LIVE] udp=0.0/s, objs=0.0/s, last_udp=17.54s, meas=1, tracks=1, valid=0, master=616
[GPS] GGA fix_quality=0, num_sats=00, hdop=9999.0, lat=0.0, lon=0.0
[LIVE] udp=0.0/s, objs=0.0/s, last_udp=18.54s, meas=1, tracks=1, valid=0, master=616
[GPS] GGA fix_quality=0, num_sats=00, hdop=9999.0, lat=0.0, lon=0.0
[LIVE] udp=0.0/s, objs=0.0/s, last_udp=19.55s, meas=1, tracks=1, valid=0, master=616
[GPS] GGA fix_quality=0, num_sats=00, hdop=9999.0, lat=0.0, lon=0.0
[LIVE] udp=0.0/s, objs=0.0/s, last_udp=20.55s, meas=1, tracks=1, valid=0, master=616
[GPS] GGA fix_quality=0, num_sats=00, hdop=9999.0, lat=0.0, lon=0.0
[LIVE] udp=0.0/s, objs=0.0/s, last_udp=21.55s, meas=1, tracks=1, valid=0, master=616
[GPS] GGA fix_quality=0, num_sats=00, hdop=9999.0, lat=0.0, lon=0.0
[LIVE] udp=0.0/s, objs=0.0/s, last_udp=22.56s, meas=1, tracks=1, valid=0, master=616
[LIVE] udp=0.0/s, objs=0.0/s, last_udp=23.56s, meas=1, tracks=1, valid=0, master=616
[LIVE] udp=0.0/s, objs=0.0/s, last_udp=24.56s, meas=1, tracks=1, valid=0, master=616
[LIVE] udp=0.0/s, objs=0.0/s, last_udp=25.57s, meas=1, tracks=1, valid=0, master=616
[LIVE] udp=0.0/s, objs=0.0/s, last_udp=26.57s, meas=1, tracks=1, valid=0, master=616
[GPS] GGA fix_quality=0, num_sats=00, hdop=9999.0, lat=0.0, lon=0.0
[LIVE] udp=0.0/s, objs=0.0/s, last_udp=27.57s, meas=1, tracks=1, valid=0, master=616
[GPS] GGA fix_quality=0, num_sats=00, hdop=9999.0, lat=0.0, lon=0.0
[LIVE] udp=0.0/s, objs=0.0/s, last_udp=28.57s, meas=1, tracks=1, valid=0, master=616
[GPS] GGA fix_quality=0, num_sats=00, hdop=9999.0, lat=0.0, lon=0.0
[LIVE] udp=0.0/s, objs=0.0/s, last_udp=29.57s, meas=1, tracks=1, valid=0, master=616
[GPS] GGA fix_quality=0, num_sats=00, hdop=9999.0, lat=0.0, lon=0.0
[LIVE] udp=0.0/s, objs=0.0/s, last_udp=30.57s, meas=1, tracks=1, valid=0, master=616
[GPS] GGA fix_quality=0, num_sats=00, hdop=9999.0, lat=0.0, lon=0.0
[LIVE] udp=0.0/s, objs=0.0/s, last_udp=31.58s, meas=1, tracks=1, valid=0, master=616
[GPS] GGA fix_quality=0, num_sats=00, hdop=9999.0, lat=0.0, lon=0.0
[LIVE] udp=0.0/s, objs=0.0/s, last_udp=32.58s, meas=1, tracks=1, valid=0, master=616
[LIVE] udp=0.0/s, objs=0.0/s, last_udp=33.58s, meas=1, tracks=1, valid=0, master=616
[LIVE] udp=0.0/s, objs=0.0/s, last_udp=34.59s, meas=1, tracks=1, valid=0, master=616
[LIVE] udp=0.0/s, objs=0.0/s, last_udp=35.59s, meas=1, tracks=1, valid=0, master=616
[LIVE] udp=0.0/s, objs=0.0/s, last_udp=36.59s, meas=1, tracks=1, valid=0, master=616
[GPS] GGA fix_quality=0, num_sats=00, hdop=9999.0, lat=0.0, lon=0.0
[LIVE] udp=0.0/s, objs=0.0/s, last_udp=37.59s, meas=1, tracks=1, valid=0, master=616
[GPS] GGA fix_quality=0, num_sats=00, hdop=9999.0, lat=0.0, lon=0.0
[LIVE] udp=0.0/s, objs=0.0/s, last_udp=38.60s, meas=1, tracks=1, valid=0, master=616
[GPS] GGA fix_quality=0, num_sats=00, hdop=9999.0, lat=0.0, lon=0.0
[LIVE] udp=0.0/s, objs=0.0/s, last_udp=39.60s, meas=1, tracks=1, valid=0, master=616
[GPS] GGA fix_quality=0, num_sats=00, hdop=9999.0, lat=0.0, lon=0.0
[LIVE] udp=0.0/s, objs=0.0/s, last_udp=40.60s, meas=1, tracks=1, valid=0, master=616
[GPS] GGA fix_quality=0, num_sats=00, hdop=9999.0, lat=0.0, lon=0.0
[LIVE] udp=0.0/s, objs=0.0/s, last_udp=41.60s, meas=1, tracks=1, valid=0, master=616
[GPS] GGA fix_quality=0, num_sats=00, hdop=9999.0, lat=0.0, lon=0.0
[LIVE] udp=0.0/s, objs=0.0/s, last_udp=42.61s, meas=1, tracks=1, valid=0, master=616
[LIVE] udp=1.0/s, objs=1.0/s, last_udp=0.30s, meas=1, tracks=1, valid=0, master=616
[LIVE] udp=4.0/s, objs=6.0/s, last_udp=0.31s, meas=1, tracks=2, valid=0, master=623
[LIVE] udp=0.0/s, objs=0.0/s, last_udp=1.31s, meas=1, tracks=2, valid=0, master=623
[LIVE] udp=0.0/s, objs=0.0/s, last_udp=2.32s, meas=1, tracks=2, valid=0, master=623
[GPS] GGA fix_quality=0, num_sats=00, hdop=9999.0, lat=0.0, lon=0.0
[LIVE] udp=0.0/s, objs=0.0/s, last_udp=3.32s, meas=1, tracks=2, valid=0, master=623
[GPS] GGA fix_quality=0, num_sats=00, hdop=9999.0, lat=0.0, lon=0.0
[LIVE] udp=0.0/s, objs=0.0/s, last_udp=4.32s, meas=1, tracks=2, valid=0, master=623
[GPS] GGA fix_quality=0, num_sats=00, hdop=9999.0, lat=0.0, lon=0.0
[LIVE] udp=0.0/s, objs=0.0/s, last_udp=5.32s, meas=1, tracks=2, valid=0, master=623
[GPS] GGA fix_quality=0, num_sats=00, hdop=9999.0, lat=0.0, lon=0.0
[LIVE] udp=0.0/s, objs=0.0/s, last_udp=6.32s, meas=1, tracks=2, valid=0, master=623
[GPS] GGA fix_quality=0, num_sats=00, hdop=9999.0, lat=0.0, lon=0.0
[LIVE] udp=0.0/s, objs=0.0/s, last_udp=7.32s, meas=1, tracks=2, valid=0, master=623
[GPS] GGA fix_quality=0, num_sats=00, hdop=9999.0, lat=0.0, lon=0.0
[LIVE] udp=1.0/s, objs=1.0/s, last_udp=0.78s, meas=1, tracks=1, valid=0, master=623
[LIVE] udp=0.0/s, objs=0.0/s, last_udp=1.78s, meas=1, tracks=1, valid=0, master=623
[LIVE] udp=0.0/s, objs=0.0/s, last_udp=2.79s, meas=1, tracks=1, valid=0, master=623
[LIVE] udp=0.0/s, objs=0.0/s, last_udp=3.79s, meas=1, tracks=1, valid=0, master=623
[LIVE] udp=0.0/s, objs=0.0/s, last_udp=4.79s, meas=1, tracks=1, valid=0, master=623
[GPS] GGA fix_quality=0, num_sats=00, hdop=9999.0, lat=0.0, lon=0.0
[LIVE] udp=0.0/s, objs=0.0/s, last_udp=5.80s, meas=1, tracks=1, valid=0, master=623
[GPS] GGA fix_quality=0, num_sats=00, hdop=9999.0, lat=0.0, lon=0.0
[LIVE] udp=0.0/s, objs=0.0/s, last_udp=6.80s, meas=1, tracks=1, valid=0, master=623
[GPS] GGA fix_quality=0, num_sats=00, hdop=9999.0, lat=0.0, lon=0.0
[LIVE] udp=0.0/s, objs=0.0/s, last_udp=7.81s, meas=1, tracks=1, valid=0, master=623
[GPS] GGA fix_quality=0, num_sats=00, hdop=9999.0, lat=0.0, lon=0.0
[LIVE] udp=0.0/s, objs=0.0/s, last_udp=8.81s, meas=1, tracks=1, valid=0, master=623
[GPS] GGA fix_quality=0, num_sats=00, hdop=9999.0, lat=0.0, lon=0.0
[LIVE] udp=0.0/s, objs=0.0/s, last_udp=9.81s, meas=1, tracks=1, valid=0, master=623
[GPS] GGA fix_quality=0, num_sats=00, hdop=9999.0, lat=0.0, lon=0.0
[LIVE] udp=1.0/s, objs=1.0/s, last_udp=0.27s, meas=1, tracks=1, valid=0, master=623
[LIVE] udp=0.0/s, objs=0.0/s, last_udp=1.27s, meas=1, tracks=1, valid=0, master=623
[LIVE] udp=0.0/s, objs=0.0/s, last_udp=2.28s, meas=1, tracks=1, valid=0, master=623
[LIVE] udp=1.0/s, objs=1.0/s, last_udp=0.65s, meas=1, tracks=1, valid=0, master=623
[LIVE] udp=3.0/s, objs=3.0/s, last_udp=0.33s, meas=1, tracks=1, valid=1, master=627
[GPS] GGA fix_quality=0, num_sats=00, hdop=9999.0, lat=0.0, lon=0.0
[LIVE] udp=0.0/s, objs=0.0/s, last_udp=1.33s, meas=1, tracks=1, valid=1, master=627
[GPS] GGA fix_quality=0, num_sats=00, hdop=9999.0, lat=0.0, lon=0.0
[LIVE] udp=0.0/s, objs=0.0/s, last_udp=2.33s, meas=1, tracks=1, valid=1, master=627
[GPS] GGA fix_quality=0, num_sats=00, hdop=9999.0, lat=0.0, lon=0.0
[LIVE] udp=0.0/s, objs=0.0/s, last_udp=3.33s, meas=1, tracks=1, valid=1, master=627
[GPS] GGA fix_quality=0, num_sats=00, hdop=9999.0, lat=0.0, lon=0.0
[LIVE] udp=0.0/s, objs=0.0/s, last_udp=4.34s, meas=1, tracks=1, valid=1, master=627
[GPS] GGA fix_quality=0, num_sats=00, hdop=9999.0, lat=0.0, lon=0.0
[LIVE] udp=0.0/s, objs=0.0/s, last_udp=5.34s, meas=1, tracks=1, valid=1, master=627
[GPS] GGA fix_quality=0, num_sats=00, hdop=9999.0, lat=0.0, lon=0.0
[LIVE] udp=0.0/s, objs=0.0/s, last_udp=6.35s, meas=1, tracks=1, valid=1, master=627
[LIVE] udp=0.0/s, objs=0.0/s, last_udp=7.35s, meas=1, tracks=1, valid=1, master=627
[LIVE] udp=0.0/s, objs=0.0/s, last_udp=8.35s, meas=1, tracks=1, valid=1, master=627
[LIVE] udp=0.0/s, objs=0.0/s, last_udp=9.35s, meas=1, tracks=1, valid=1, master=627
[LIVE] udp=0.0/s, objs=0.0/s, last_udp=10.35s, meas=1, tracks=1, valid=1, master=627
[GPS] GGA fix_quality=0, num_sats=00, hdop=9999.0, lat=0.0, lon=0.0
[LIVE] udp=0.0/s, objs=0.0/s, last_udp=11.35s, meas=1, tracks=1, valid=1, master=627
[GPS] GGA fix_quality=0, num_sats=03, hdop=9999.0, lat=0.0, lon=0.0
[LIVE] udp=0.0/s, objs=0.0/s, last_udp=12.35s, meas=1, tracks=1, valid=1, master=627
[GPS] GGA fix_quality=0, num_sats=03, hdop=9999.0, lat=0.0, lon=0.0
[LIVE] udp=0.0/s, objs=0.0/s, last_udp=13.35s, meas=1, tracks=1, valid=1, master=627
[GPS] GGA fix_quality=0, num_sats=03, hdop=9999.0, lat=0.0, lon=0.0
[LIVE] udp=0.0/s, objs=0.0/s, last_udp=14.36s, meas=1, tracks=1, valid=1, master=627
[GPS] GGA fix_quality=0, num_sats=03, hdop=9999.0, lat=0.0, lon=0.0
[LIVE] udp=0.0/s, objs=0.0/s, last_udp=15.36s, meas=1, tracks=1, valid=1, master=627
[GPS] GGA fix_quality=0, num_sats=00, hdop=9999.0, lat=0.0, lon=0.0
[LIVE] udp=0.0/s, objs=0.0/s, last_udp=16.36s, meas=1, tracks=1, valid=1, master=627
[LIVE] udp=0.0/s, objs=0.0/s, last_udp=17.37s, meas=1, tracks=1, valid=1, master=627
[LIVE] udp=0.0/s, objs=0.0/s, last_udp=18.37s, meas=1, tracks=1, valid=1, master=627
[LIVE] udp=0.0/s, objs=0.0/s, last_udp=19.37s, meas=1, tracks=1, valid=1, master=627
[LIVE] udp=0.0/s, objs=0.0/s, last_udp=20.37s, meas=1, tracks=1, valid=1, master=627
[GPS] GGA fix_quality=0, num_sats=03, hdop=9999.0, lat=0.0, lon=0.0
[LIVE] udp=0.0/s, objs=0.0/s, last_udp=21.37s, meas=1, tracks=1, valid=1, master=627
[GPS] GGA fix_quality=0, num_sats=03, hdop=9999.0, lat=0.0, lon=0.0
[LIVE] udp=0.0/s, objs=0.0/s, last_udp=22.38s, meas=1, tracks=1, valid=1, master=627
[GPS] GGA fix_quality=0, num_sats=03, hdop=9999.0, lat=0.0, lon=0.0
[LIVE] udp=0.0/s, objs=0.0/s, last_udp=23.38s, meas=1, tracks=1, valid=1, master=627
[GPS] GGA fix_quality=0, num_sats=03, hdop=9999.0, lat=0.0, lon=0.0
[LIVE] udp=1.0/s, objs=1.0/s, last_udp=0.30s, meas=1, tracks=1, valid=0, master=627
[GPS] GGA fix_quality=0, num_sats=03, hdop=9999.0, lat=0.0, lon=0.0
[LIVE] udp=1.0/s, objs=1.0/s, last_udp=0.98s, meas=1, tracks=1, valid=0, master=627
[GPS] GGA fix_quality=0, num_sats=03, hdop=9999.0, lat=0.0, lon=0.0
[LIVE] udp=0.0/s, objs=0.0/s, last_udp=1.98s, meas=1, tracks=1, valid=0, master=627
[LIVE] udp=0.0/s, objs=0.0/s, last_udp=2.98s, meas=1, tracks=1, valid=0, master=627
[LIVE] udp=0.0/s, objs=0.0/s, last_udp=3.98s, meas=1, tracks=1, valid=0, master=627
[LIVE] udp=0.0/s, objs=0.0/s, last_udp=4.99s, meas=1, tracks=1, valid=0, master=627
[LIVE] udp=0.0/s, objs=0.0/s, last_udp=5.99s, meas=1, tracks=1, valid=0, master=627
[GPS] GGA fix_quality=0, num_sats=00, hdop=9999.0, lat=0.0, lon=0.0
[LIVE] udp=0.0/s, objs=0.0/s, last_udp=6.99s, meas=1, tracks=1, valid=0, master=627
[GPS] GGA fix_quality=0, num_sats=03, hdop=9999.0, lat=0.0, lon=0.0
[LIVE] udp=0.0/s, objs=0.0/s, last_udp=7.99s, meas=1, tracks=1, valid=0, master=627
[GPS] GGA fix_quality=0, num_sats=03, hdop=9999.0, lat=0.0, lon=0.0
[LIVE] udp=0.0/s, objs=0.0/s, last_udp=9.00s, meas=1, tracks=1, valid=0, master=627
[GPS] GGA fix_quality=0, num_sats=00, hdop=9999.0, lat=0.0, lon=0.0
[LIVE] udp=0.0/s, objs=0.0/s, last_udp=10.00s, meas=1, tracks=1, valid=0, master=627
[GPS] GGA fix_quality=0, num_sats=00, hdop=9999.0, lat=0.0, lon=0.0
[LIVE] udp=1.0/s, objs=1.0/s, last_udp=0.77s, meas=1, tracks=1, valid=0, master=627
[GPS] GGA fix_quality=0, num_sats=00, hdop=9999.0, lat=0.0, lon=0.0
[LIVE] udp=0.0/s, objs=0.0/s, last_udp=1.77s, meas=1, tracks=1, valid=0, master=627
[LIVE] udp=2.0/s, objs=2.0/s, last_udp=0.13s, meas=1, tracks=1, valid=0, master=627
[LIVE] udp=3.0/s, objs=3.0/s, last_udp=0.14s, meas=1, tracks=1, valid=1, master=630
[LIVE] udp=1.0/s, objs=1.0/s, last_udp=0.81s, meas=1, tracks=1, valid=1, master=630
[LIVE] udp=0.0/s, objs=0.0/s, last_udp=1.81s, meas=1, tracks=1, valid=1, master=630
[GPS] GGA fix_quality=0, num_sats=00, hdop=9999.0, lat=0.0, lon=0.0
[LIVE] udp=0.0/s, objs=0.0/s, last_udp=2.81s, meas=1, tracks=1, valid=1, master=630
[GPS] GGA fix_quality=0, num_sats=00, hdop=9999.0, lat=0.0, lon=0.0
[LIVE] udp=0.0/s, objs=0.0/s, last_udp=3.81s, meas=1, tracks=1, valid=1, master=630
[GPS] GGA fix_quality=0, num_sats=00, hdop=9999.0, lat=0.0, lon=0.0
[LIVE] udp=0.0/s, objs=0.0/s, last_udp=4.82s, meas=1, tracks=1, valid=1, master=630
[GPS] GGA fix_quality=0, num_sats=00, hdop=9999.0, lat=0.0, lon=0.0
[LIVE] udp=0.0/s, objs=0.0/s, last_udp=5.82s, meas=1, tracks=1, valid=1, master=630
[GPS] GGA fix_quality=0, num_sats=00, hdop=9999.0, lat=0.0, lon=0.0
[LIVE] udp=0.0/s, objs=0.0/s, last_udp=6.82s, meas=1, tracks=1, valid=1, master=630
[GPS] GGA fix_quality=0, num_sats=00, hdop=9999.0, lat=0.0, lon=0.0
[LIVE] udp=0.0/s, objs=0.0/s, last_udp=7.82s, meas=1, tracks=1, valid=1, master=630
[LIVE] udp=0.0/s, objs=0.0/s, last_udp=8.83s, meas=1, tracks=1, valid=1, master=630
[LIVE] udp=0.0/s, objs=0.0/s, last_udp=9.83s, meas=1, tracks=1, valid=1, master=630
[LIVE] udp=0.0/s, objs=0.0/s, last_udp=10.83s, meas=1, tracks=1, valid=1, master=630
[LIVE] udp=0.0/s, objs=0.0/s, last_udp=11.84s, meas=1, tracks=1, valid=1, master=630
[GPS] GGA fix_quality=0, num_sats=00, hdop=9999.0, lat=0.0, lon=0.0
[LIVE] udp=0.0/s, objs=0.0/s, last_udp=12.84s, meas=1, tracks=1, valid=1, master=630
[GPS] GGA fix_quality=0, num_sats=00, hdop=9999.0, lat=0.0, lon=0.0
[LIVE] udp=0.0/s, objs=0.0/s, last_udp=13.85s, meas=1, tracks=1, valid=1, master=630
[GPS] GGA fix_quality=0, num_sats=00, hdop=9999.0, lat=0.0, lon=0.0
[LIVE] udp=0.0/s, objs=0.0/s, last_udp=14.85s, meas=1, tracks=1, valid=1, master=630
[GPS] GGA fix_quality=1, num_sats=12, hdop=1.0, lat=30.408206065, lon=104.08856182266666
[LIVE] udp=0.0/s, objs=0.0/s, last_udp=15.85s, meas=1, tracks=1, valid=1, master=630
[LIVE] udp=0.0/s, objs=0.0/s, last_udp=16.86s, meas=1, tracks=1, valid=1, master=630
[LIVE] udp=0.0/s, objs=0.0/s, last_udp=17.86s, meas=1, tracks=1, valid=1, master=630
[LIVE] udp=0.0/s, objs=0.0/s, last_udp=18.87s, meas=1, tracks=1, valid=1, master=630
[LIVE] udp=0.0/s, objs=0.0/s, last_udp=19.87s, meas=1, tracks=1, valid=1, master=630
[LIVE] udp=0.0/s, objs=0.0/s, last_udp=20.87s, meas=1, tracks=1, valid=1, master=630
[LIVE] udp=0.0/s, objs=0.0/s, last_udp=21.88s, meas=1, tracks=1, valid=1, master=630
[GPS] GGA fix_quality=1, num_sats=10, hdop=1.2, lat=30.408204631333334, lon=104.08856308783334
[LIVE] udp=0.0/s, objs=0.0/s, last_udp=22.88s, meas=1, tracks=1, valid=1, master=630
[LIVE] udp=0.0/s, objs=0.0/s, last_udp=23.89s, meas=1, tracks=1, valid=1, master=630
[LIVE] udp=0.0/s, objs=0.0/s, last_udp=24.89s, meas=1, tracks=1, valid=1, master=630
[LIVE] udp=0.0/s, objs=0.0/s, last_udp=25.89s, meas=1, tracks=1, valid=1, master=630
[LIVE] udp=0.0/s, objs=0.0/s, last_udp=26.89s, meas=1, tracks=1, valid=1, master=630
[LIVE] udp=0.0/s, objs=0.0/s, last_udp=27.90s, meas=1, tracks=1, valid=1, master=630
[LIVE] udp=0.0/s, objs=0.0/s, last_udp=28.90s, meas=1, tracks=1, valid=1, master=630
[LIVE] udp=0.0/s, objs=0.0/s, last_udp=29.91s, meas=1, tracks=1, valid=1, master=630
[LIVE] udp=0.0/s, objs=0.0/s, last_udp=30.91s, meas=1, tracks=1, valid=1, master=630
[LIVE] udp=1.0/s, objs=1.0/s, last_udp=0.27s, meas=1, tracks=1, valid=0, master=630
[GPS] GGA fix_quality=1, num_sats=14, hdop=0.9, lat=30.408221169333334, lon=104.08856107716667
[LIVE] udp=2.0/s, objs=2.0/s, last_udp=0.60s, meas=1, tracks=2, valid=0, master=630
[LIVE] udp=0.0/s, objs=0.0/s, last_udp=1.61s, meas=1, tracks=2, valid=0, master=630
[LIVE] udp=0.0/s, objs=0.0/s, last_udp=2.61s, meas=1, tracks=2, valid=0, master=630
[LIVE] udp=0.0/s, objs=0.0/s, last_udp=3.62s, meas=1, tracks=2, valid=0, master=630
[LIVE] udp=0.0/s, objs=0.0/s, last_udp=4.62s, meas=1, tracks=2, valid=0, master=630
[LIVE] udp=0.0/s, objs=0.0/s, last_udp=5.62s, meas=1, tracks=2, valid=0, master=630
[LIVE] udp=0.0/s, objs=0.0/s, last_udp=6.63s, meas=1, tracks=2, valid=0, master=630
[LIVE] udp=0.0/s, objs=0.0/s, last_udp=7.63s, meas=1, tracks=2, valid=0, master=630
[LIVE] udp=0.0/s, objs=0.0/s, last_udp=8.63s, meas=1, tracks=2, valid=0, master=630
[LIVE] udp=0.0/s, objs=0.0/s, last_udp=9.64s, meas=1, tracks=2, valid=0, master=630
[GPS] GGA fix_quality=1, num_sats=10, hdop=1.1, lat=30.408222277666667, lon=104.0885592835
[LIVE] udp=0.0/s, objs=0.0/s, last_udp=10.64s, meas=1, tracks=2, valid=0, master=630
[LIVE] udp=0.0/s, objs=0.0/s, last_udp=11.64s, meas=1, tracks=2, valid=0, master=630
[LIVE] udp=0.0/s, objs=0.0/s, last_udp=12.64s, meas=1, tracks=2, valid=0, master=630
[LIVE] udp=0.0/s, objs=0.0/s, last_udp=13.65s, meas=1, tracks=2, valid=0, master=630
[LIVE] udp=0.0/s, objs=0.0/s, last_udp=14.65s, meas=1, tracks=2, valid=0, master=630
[LIVE] udp=0.0/s, objs=0.0/s, last_udp=15.65s, meas=1, tracks=2, valid=0, master=630
[LIVE] udp=0.0/s, objs=0.0/s, last_udp=16.65s, meas=1, tracks=2, valid=0, master=630
[LIVE] udp=0.0/s, objs=0.0/s, last_udp=17.66s, meas=1, tracks=2, valid=0, master=630
[LIVE] udp=0.0/s, objs=0.0/s, last_udp=18.66s, meas=1, tracks=2, valid=0, master=630
[LIVE] udp=0.0/s, objs=0.0/s, last_udp=19.66s, meas=1, tracks=2, valid=0, master=630
[GPS] GGA fix_quality=1, num_sats=10, hdop=1.1, lat=30.408222722333335, lon=104.08855796683333
[LIVE] udp=0.0/s, objs=0.0/s, last_udp=20.66s, meas=1, tracks=2, valid=0, master=630
[LIVE] udp=0.0/s, objs=0.0/s, last_udp=21.67s, meas=1, tracks=2, valid=0, master=630
[LIVE] udp=0.0/s, objs=0.0/s, last_udp=22.67s, meas=1, tracks=2, valid=0, master=630
[LIVE] udp=0.0/s, objs=0.0/s, last_udp=23.67s, meas=1, tracks=2, valid=0, master=630
[LIVE] udp=0.0/s, objs=0.0/s, last_udp=24.67s, meas=1, tracks=2, valid=0, master=630
[LIVE] udp=0.0/s, objs=0.0/s, last_udp=25.68s, meas=1, tracks=2, valid=0, master=630
[LIVE] udp=0.0/s, objs=0.0/s, last_udp=26.68s, meas=1, tracks=2, valid=0, master=630
[LIVE] udp=0.0/s, objs=0.0/s, last_udp=27.68s, meas=1, tracks=2, valid=0, master=630
[LIVE] udp=0.0/s, objs=0.0/s, last_udp=28.68s, meas=1, tracks=2, valid=0, master=630
[LIVE] udp=0.0/s, objs=0.0/s, last_udp=29.68s, meas=1, tracks=2, valid=0, master=630
[GPS] GGA fix_quality=1, num_sats=14, hdop=0.9, lat=30.408221939666667, lon=104.0885569705
[LIVE] udp=0.0/s, objs=0.0/s, last_udp=30.69s, meas=1, tracks=2, valid=0, master=630
[LIVE] udp=0.0/s, objs=0.0/s, last_udp=31.69s, meas=1, tracks=2, valid=0, master=630
[LIVE] udp=0.0/s, objs=0.0/s, last_udp=32.70s, meas=1, tracks=2, valid=0, master=630
[LIVE] udp=0.0/s, objs=0.0/s, last_udp=33.70s, meas=1, tracks=2, valid=0, master=630
[LIVE] udp=0.0/s, objs=0.0/s, last_udp=34.70s, meas=1, tracks=2, valid=0, master=630
[LIVE] udp=0.0/s, objs=0.0/s, last_udp=35.70s, meas=1, tracks=2, valid=0, master=630
[LIVE] udp=0.0/s, objs=0.0/s, last_udp=36.71s, meas=1, tracks=2, valid=0, master=630
[LIVE] udp=0.0/s, objs=0.0/s, last_udp=37.71s, meas=1, tracks=2, valid=0, master=630
[LIVE] udp=2.0/s, objs=2.0/s, last_udp=0.14s, meas=1, tracks=1, valid=0, master=630
[LIVE] udp=5.0/s, objs=8.0/s, last_udp=0.04s, meas=2, tracks=3, valid=2, master=634
[GPS] GGA fix_quality=1, num_sats=09, hdop=1.2, lat=30.408221187666665, lon=104.08855703033333
[LIVE] udp=2.0/s, objs=2.0/s, last_udp=0.70s, meas=1, tracks=3, valid=1, master=634
[LIVE] udp=3.0/s, objs=3.0/s, last_udp=0.20s, meas=1, tracks=1, valid=1, master=636
[LIVE] udp=1.0/s, objs=1.0/s, last_udp=0.87s, meas=1, tracks=1, valid=1, master=636
[LIVE] udp=0.0/s, objs=0.0/s, last_udp=1.87s, meas=1, tracks=1, valid=1, master=636
[LIVE] udp=0.0/s, objs=0.0/s, last_udp=2.87s, meas=1, tracks=1, valid=1, master=636
[LIVE] udp=0.0/s, objs=0.0/s, last_udp=3.87s, meas=1, tracks=1, valid=1, master=636
[LIVE] udp=0.0/s, objs=0.0/s, last_udp=4.87s, meas=1, tracks=1, valid=1, master=636
[LIVE] udp=2.0/s, objs=2.0/s, last_udp=0.27s, meas=1, tracks=1, valid=0, master=636
[LIVE] udp=1.0/s, objs=1.0/s, last_udp=0.29s, meas=1, tracks=1, valid=0, master=636
[LIVE] udp=0.0/s, objs=0.0/s, last_udp=1.29s, meas=1, tracks=1, valid=0, master=636
[GPS] GGA fix_quality=1, num_sats=13, hdop=1.0, lat=30.408221015666665, lon=104.0885563715
[LIVE] udp=0.0/s, objs=0.0/s, last_udp=2.30s, meas=1, tracks=1, valid=0, master=636
[LIVE] udp=0.0/s, objs=0.0/s, last_udp=3.30s, meas=1, tracks=1, valid=0, master=636
[LIVE] udp=0.0/s, objs=0.0/s, last_udp=4.30s, meas=1, tracks=1, valid=0, master=636
[LIVE] udp=0.0/s, objs=0.0/s, last_udp=5.30s, meas=1, tracks=1, valid=0, master=636
[LIVE] udp=0.0/s, objs=0.0/s, last_udp=6.31s, meas=1, tracks=1, valid=0, master=636
[LIVE] udp=0.0/s, objs=0.0/s, last_udp=7.31s, meas=1, tracks=1, valid=0, master=636
[LIVE] udp=0.0/s, objs=0.0/s, last_udp=8.31s, meas=1, tracks=1, valid=0, master=636
[LIVE] udp=0.0/s, objs=0.0/s, last_udp=9.31s, meas=1, tracks=1, valid=0, master=636
[LIVE] udp=0.0/s, objs=0.0/s, last_udp=10.32s, meas=1, tracks=1, valid=0, master=636
[LIVE] udp=0.0/s, objs=0.0/s, last_udp=11.32s, meas=1, tracks=1, valid=0, master=636
[GPS] GGA fix_quality=1, num_sats=13, hdop=1.0, lat=30.408220018333335, lon=104.08855241116666
[LIVE] udp=0.0/s, objs=0.0/s, last_udp=12.32s, meas=1, tracks=1, valid=0, master=636
[LIVE] udp=0.0/s, objs=0.0/s, last_udp=13.32s, meas=1, tracks=1, valid=0, master=636
[LIVE] udp=0.0/s, objs=0.0/s, last_udp=14.33s, meas=1, tracks=1, valid=0, master=636
[LIVE] udp=0.0/s, objs=0.0/s, last_udp=15.33s, meas=1, tracks=1, valid=0, master=636
[LIVE] udp=0.0/s, objs=0.0/s, last_udp=16.33s, meas=1, tracks=1, valid=0, master=636
[LIVE] udp=0.0/s, objs=0.0/s, last_udp=17.34s, meas=1, tracks=1, valid=0, master=636
[LIVE] udp=0.0/s, objs=0.0/s, last_udp=18.34s, meas=1, tracks=1, valid=0, master=636
[LIVE] udp=0.0/s, objs=0.0/s, last_udp=19.35s, meas=1, tracks=1, valid=0, master=636
[LIVE] udp=0.0/s, objs=0.0/s, last_udp=20.35s, meas=1, tracks=1, valid=0, master=636
[LIVE] udp=0.0/s, objs=0.0/s, last_udp=21.36s, meas=1, tracks=1, valid=0, master=636
[GPS] GGA fix_quality=1, num_sats=13, hdop=1.0, lat=30.408226498166666, lon=104.08856812133334
[LIVE] udp=0.0/s, objs=0.0/s, last_udp=22.36s, meas=1, tracks=1, valid=0, master=636
[LIVE] udp=0.0/s, objs=0.0/s, last_udp=23.36s, meas=1, tracks=1, valid=0, master=636
[LIVE] udp=0.0/s, objs=0.0/s, last_udp=24.37s, meas=1, tracks=1, valid=0, master=636
[LIVE] udp=0.0/s, objs=0.0/s, last_udp=25.37s, meas=1, tracks=1, valid=0, master=636
[LIVE] udp=0.0/s, objs=0.0/s, last_udp=26.37s, meas=1, tracks=1, valid=0, master=636
[LIVE] udp=0.0/s, objs=0.0/s, last_udp=27.37s, meas=1, tracks=1, valid=0, master=636
[LIVE] udp=0.0/s, objs=0.0/s, last_udp=28.38s, meas=1, tracks=1, valid=0, master=636
[LIVE] udp=0.0/s, objs=0.0/s, last_udp=29.38s, meas=1, tracks=1, valid=0, master=636
[LIVE] udp=0.0/s, objs=0.0/s, last_udp=30.38s, meas=1, tracks=1, valid=0, master=636
[LIVE] udp=0.0/s, objs=0.0/s, last_udp=31.38s, meas=1, tracks=1, valid=0, master=636
[GPS] GGA fix_quality=1, num_sats=13, hdop=1.0, lat=30.408224350166666, lon=104.08855883166666
[LIVE] udp=0.0/s, objs=0.0/s, last_udp=32.38s, meas=1, tracks=1, valid=0, master=636
[LIVE] udp=0.0/s, objs=0.0/s, last_udp=33.38s, meas=1, tracks=1, valid=0, master=636
[LIVE] udp=0.0/s, objs=0.0/s, last_udp=34.39s, meas=1, tracks=1, valid=0, master=636
[LIVE] udp=0.0/s, objs=0.0/s, last_udp=35.39s, meas=1, tracks=1, valid=0, master=636
[LIVE] udp=0.0/s, objs=0.0/s, last_udp=36.39s, meas=1, tracks=1, valid=0, master=636
[LIVE] udp=0.0/s, objs=0.0/s, last_udp=37.39s, meas=1, tracks=1, valid=0, master=636
[LIVE] udp=0.0/s, objs=0.0/s, last_udp=38.40s, meas=1, tracks=1, valid=0, master=636
[LIVE] udp=0.0/s, objs=0.0/s, last_udp=39.40s, meas=1, tracks=1, valid=0, master=636
[LIVE] udp=0.0/s, objs=0.0/s, last_udp=40.40s, meas=1, tracks=1, valid=0, master=636
[LIVE] udp=0.0/s, objs=0.0/s, last_udp=41.41s, meas=1, tracks=1, valid=0, master=636
[GPS] GGA fix_quality=1, num_sats=15, hdop=0.9, lat=30.4082240585, lon=104.08854855683333
[LIVE] udp=0.0/s, objs=0.0/s, last_udp=42.41s, meas=1, tracks=1, valid=0, master=636
[LIVE] udp=0.0/s, objs=0.0/s, last_udp=43.41s, meas=1, tracks=1, valid=0, master=636
[LIVE] udp=0.0/s, objs=0.0/s, last_udp=44.42s, meas=1, tracks=1, valid=0, master=636
[LIVE] udp=0.0/s, objs=0.0/s, last_udp=45.42s, meas=1, tracks=1, valid=0, master=636
[LIVE] udp=0.0/s, objs=0.0/s, last_udp=46.43s, meas=1, tracks=1, valid=0, master=636
[LIVE] udp=0.0/s, objs=0.0/s, last_udp=47.43s, meas=1, tracks=1, valid=0, master=636
[LIVE] udp=0.0/s, objs=0.0/s, last_udp=48.43s, meas=1, tracks=1, valid=0, master=636
[LIVE] udp=0.0/s, objs=0.0/s, last_udp=49.43s, meas=1, tracks=1, valid=0, master=636
[LIVE] udp=0.0/s, objs=0.0/s, last_udp=50.44s, meas=1, tracks=1, valid=0, master=636
[LIVE] udp=0.0/s, objs=0.0/s, last_udp=51.44s, meas=1, tracks=1, valid=0, master=636
[GPS] GGA fix_quality=1, num_sats=15, hdop=0.9, lat=30.408232187833335, lon=104.0885693955
[LIVE] udp=0.0/s, objs=0.0/s, last_udp=52.44s, meas=1, tracks=1, valid=0, master=636
[LIVE] udp=0.0/s, objs=0.0/s, last_udp=53.45s, meas=1, tracks=1, valid=0, master=636
[LIVE] udp=0.0/s, objs=0.0/s, last_udp=54.45s, meas=1, tracks=1, valid=0, master=636
[LIVE] udp=0.0/s, objs=0.0/s, last_udp=55.45s, meas=1, tracks=1, valid=0, master=636
[LIVE] udp=0.0/s, objs=0.0/s, last_udp=56.45s, meas=1, tracks=1, valid=0, master=636
[LIVE] udp=0.0/s, objs=0.0/s, last_udp=57.45s, meas=1, tracks=1, valid=0, master=636
[LIVE] udp=0.0/s, objs=0.0/s, last_udp=58.46s, meas=1, tracks=1, valid=0, master=636
[LIVE] udp=0.0/s, objs=0.0/s, last_udp=59.46s, meas=1, tracks=1, valid=0, master=636
[LIVE] udp=0.0/s, objs=0.0/s, last_udp=60.46s, meas=1, tracks=1, valid=0, master=636
[LIVE] udp=0.0/s, objs=0.0/s, last_udp=61.46s, meas=1, tracks=1, valid=0, master=636
[GPS] GGA fix_quality=1, num_sats=14, hdop=1.0, lat=30.408234169333333, lon=104.088573093
[LIVE] udp=0.0/s, objs=0.0/s, last_udp=62.46s, meas=1, tracks=1, valid=0, master=636
[LIVE] udp=0.0/s, objs=0.0/s, last_udp=63.46s, meas=1, tracks=1, valid=0, master=636
[LIVE] udp=0.0/s, objs=0.0/s, last_udp=64.47s, meas=1, tracks=1, valid=0, master=636
[LIVE] udp=0.0/s, objs=0.0/s, last_udp=65.47s, meas=1, tracks=1, valid=0, master=636
[LIVE] udp=0.0/s, objs=0.0/s, last_udp=66.47s, meas=1, tracks=1, valid=0, master=636
[LIVE] udp=0.0/s, objs=0.0/s, last_udp=67.48s, meas=1, tracks=1, valid=0, master=636
[LIVE] udp=0.0/s, objs=0.0/s, last_udp=68.48s, meas=1, tracks=1, valid=0, master=636
[LIVE] udp=0.0/s, objs=0.0/s, last_udp=69.48s, meas=1, tracks=1, valid=0, master=636
[LIVE] udp=0.0/s, objs=0.0/s, last_udp=70.49s, meas=1, tracks=1, valid=0, master=636
[LIVE] udp=0.0/s, objs=0.0/s, last_udp=71.49s, meas=1, tracks=1, valid=0, master=636
[GPS] GGA fix_quality=1, num_sats=13, hdop=1.0, lat=30.4082299045, lon=104.08855615016667
[LIVE] udp=0.0/s, objs=0.0/s, last_udp=72.49s, meas=1, tracks=1, valid=0, master=636
[LIVE] udp=0.0/s, objs=0.0/s, last_udp=73.50s, meas=1, tracks=1, valid=0, master=636
[LIVE] udp=0.0/s, objs=0.0/s, last_udp=74.50s, meas=1, tracks=1, valid=0, master=636
[LIVE] udp=0.0/s, objs=0.0/s, last_udp=75.50s, meas=1, tracks=1, valid=0, master=636
[LIVE] udp=0.0/s, objs=0.0/s, last_udp=76.50s, meas=1, tracks=1, valid=0, master=636
[LIVE] udp=0.0/s, objs=0.0/s, last_udp=77.51s, meas=1, tracks=1, valid=0, master=636
[LIVE] udp=0.0/s, objs=0.0/s, last_udp=78.51s, meas=1, tracks=1, valid=0, master=636
[LIVE] udp=0.0/s, objs=0.0/s, last_udp=79.51s, meas=1, tracks=1, valid=0, master=636
[LIVE] udp=0.0/s, objs=0.0/s, last_udp=80.51s, meas=1, tracks=1, valid=0, master=636
[GPS] GGA fix_quality=1, num_sats=13, hdop=1.0, lat=30.40823584416667, lon=104.08856701433334
[LIVE] udp=0.0/s, objs=0.0/s, last_udp=81.52s, meas=1, tracks=1, valid=0, master=636
[LIVE] udp=0.0/s, objs=0.0/s, last_udp=82.52s, meas=1, tracks=1, valid=0, master=636
[LIVE] udp=0.0/s, objs=0.0/s, last_udp=83.52s, meas=1, tracks=1, valid=0, master=636
[LIVE] udp=0.0/s, objs=0.0/s, last_udp=84.52s, meas=1, tracks=1, valid=0, master=636
[LIVE] udp=0.0/s, objs=0.0/s, last_udp=85.53s, meas=1, tracks=1, valid=0, master=636
[LIVE] udp=3.0/s, objs=4.0/s, last_udp=0.20s, meas=1, tracks=3, valid=0, master=636
[LIVE] udp=0.0/s, objs=0.0/s, last_udp=1.21s, meas=1, tracks=3, valid=0, master=636
[LIVE] udp=0.0/s, objs=0.0/s, last_udp=2.21s, meas=1, tracks=3, valid=0, master=636
[LIVE] udp=0.0/s, objs=0.0/s, last_udp=3.22s, meas=1, tracks=3, valid=0, master=636
[LIVE] udp=0.0/s, objs=0.0/s, last_udp=4.22s, meas=1, tracks=3, valid=0, master=636
[GPS] GGA fix_quality=1, num_sats=13, hdop=1.0, lat=30.408234859833332, lon=104.08856519283333
[LIVE] udp=0.0/s, objs=0.0/s, last_udp=5.22s, meas=1, tracks=3, valid=0, master=636
[LIVE] udp=0.0/s, objs=0.0/s, last_udp=6.22s, meas=1, tracks=3, valid=0, master=636
[LIVE] udp=0.0/s, objs=0.0/s, last_udp=7.22s, meas=1, tracks=3, valid=0, master=636
[LIVE] udp=0.0/s, objs=0.0/s, last_udp=8.22s, meas=1, tracks=3, valid=0, master=636
[LIVE] udp=0.0/s, objs=0.0/s, last_udp=9.22s, meas=1, tracks=3, valid=0, master=636
[LIVE] udp=0.0/s, objs=0.0/s, last_udp=10.22s, meas=1, tracks=3, valid=0, master=636
[LIVE] udp=0.0/s, objs=0.0/s, last_udp=11.22s, meas=1, tracks=3, valid=0, master=636
[LIVE] udp=0.0/s, objs=0.0/s, last_udp=12.23s, meas=1, tracks=3, valid=0, master=636
[LIVE] udp=0.0/s, objs=0.0/s, last_udp=13.23s, meas=1, tracks=3, valid=0, master=636
[LIVE] udp=0.0/s, objs=0.0/s, last_udp=14.24s, meas=1, tracks=3, valid=0, master=636
[GPS] GGA fix_quality=1, num_sats=16, hdop=0.8, lat=30.408238857166666, lon=104.0885704125
[LIVE] udp=0.0/s, objs=0.0/s, last_udp=15.24s, meas=1, tracks=3, valid=0, master=636
[LIVE] udp=0.0/s, objs=0.0/s, last_udp=16.24s, meas=1, tracks=3, valid=0, master=636
[LIVE] udp=0.0/s, objs=0.0/s, last_udp=17.25s, meas=1, tracks=3, valid=0, master=636
[LIVE] udp=0.0/s, objs=0.0/s, last_udp=18.25s, meas=1, tracks=3, valid=0, master=636
[LIVE] udp=0.0/s, objs=0.0/s, last_udp=19.25s, meas=1, tracks=3, valid=0, master=636
[LIVE] udp=0.0/s, objs=0.0/s, last_udp=20.26s, meas=1, tracks=3, valid=0, master=636
[LIVE] udp=0.0/s, objs=0.0/s, last_udp=21.26s, meas=1, tracks=3, valid=0, master=636
[LIVE] udp=0.0/s, objs=0.0/s, last_udp=22.26s, meas=1, tracks=3, valid=0, master=636
[LIVE] udp=0.0/s, objs=0.0/s, last_udp=23.26s, meas=1, tracks=3, valid=0, master=636
[LIVE] udp=0.0/s, objs=0.0/s, last_udp=24.26s, meas=1, tracks=3, valid=0, master=636
[GPS] GGA fix_quality=1, num_sats=16, hdop=0.8, lat=30.4082428525, lon=104.0885727985
[LIVE] udp=0.0/s, objs=0.0/s, last_udp=25.26s, meas=1, tracks=3, valid=0, master=636
[LIVE] udp=0.0/s, objs=0.0/s, last_udp=26.27s, meas=1, tracks=3, valid=0, master=636
[LIVE] udp=0.0/s, objs=0.0/s, last_udp=27.27s, meas=1, tracks=3, valid=0, master=636
[LIVE] udp=0.0/s, objs=0.0/s, last_udp=28.27s, meas=1, tracks=3, valid=0, master=636
[LIVE] udp=0.0/s, objs=0.0/s, last_udp=29.27s, meas=1, tracks=3, valid=0, master=636
[LIVE] udp=0.0/s, objs=0.0/s, last_udp=30.28s, meas=1, tracks=3, valid=0, master=636
[LIVE] udp=0.0/s, objs=0.0/s, last_udp=31.28s, meas=1, tracks=3, valid=0, master=636
[LIVE] udp=0.0/s, objs=0.0/s, last_udp=32.28s, meas=1, tracks=3, valid=0, master=636
[LIVE] udp=0.0/s, objs=0.0/s, last_udp=33.28s, meas=1, tracks=3, valid=0, master=636
[LIVE] udp=0.0/s, objs=0.0/s, last_udp=34.29s, meas=1, tracks=3, valid=0, master=636
[GPS] GGA fix_quality=1, num_sats=16, hdop=0.8, lat=30.40824421783333, lon=104.088572597
[LIVE] udp=0.0/s, objs=0.0/s, last_udp=35.29s, meas=1, tracks=3, valid=0, master=636
[LIVE] udp=0.0/s, objs=0.0/s, last_udp=36.29s, meas=1, tracks=3, valid=0, master=636
[LIVE] udp=0.0/s, objs=0.0/s, last_udp=37.30s, meas=1, tracks=3, valid=0, master=636
[LIVE] udp=0.0/s, objs=0.0/s, last_udp=38.30s, meas=1, tracks=3, valid=0, master=636
[LIVE] udp=0.0/s, objs=0.0/s, last_udp=39.31s, meas=1, tracks=3, valid=0, master=636
[LIVE] udp=0.0/s, objs=0.0/s, last_udp=40.31s, meas=1, tracks=3, valid=0, master=636
[LIVE] udp=0.0/s, objs=0.0/s, last_udp=41.31s, meas=1, tracks=3, valid=0, master=636
[LIVE] udp=0.0/s, objs=0.0/s, last_udp=42.31s, meas=1, tracks=3, valid=0, master=636
[LIVE] udp=0.0/s, objs=0.0/s, last_udp=43.31s, meas=1, tracks=3, valid=0, master=636
[LIVE] udp=0.0/s, objs=0.0/s, last_udp=44.32s, meas=1, tracks=3, valid=0, master=636
[GPS] GGA fix_quality=1, num_sats=15, hdop=0.9, lat=30.4082462045, lon=104.08857063283334
[LIVE] udp=0.0/s, objs=0.0/s, last_udp=45.32s, meas=1, tracks=3, valid=0, master=636
[LIVE] udp=0.0/s, objs=0.0/s, last_udp=46.32s, meas=1, tracks=3, valid=0, master=636
[LIVE] udp=0.0/s, objs=0.0/s, last_udp=47.33s, meas=1, tracks=3, valid=0, master=636
[LIVE] udp=0.0/s, objs=0.0/s, last_udp=48.33s, meas=1, tracks=3, valid=0, master=636
[LIVE] udp=0.0/s, objs=0.0/s, last_udp=49.34s, meas=1, tracks=3, valid=0, master=636
[LIVE] udp=0.0/s, objs=0.0/s, last_udp=50.34s, meas=1, tracks=3, valid=0, master=636
[LIVE] udp=0.0/s, objs=0.0/s, last_udp=51.35s, meas=1, tracks=3, valid=0, master=636
[LIVE] udp=0.0/s, objs=0.0/s, last_udp=52.35s, meas=1, tracks=3, valid=0, master=636
[LIVE] udp=0.0/s, objs=0.0/s, last_udp=53.35s, meas=1, tracks=3, valid=0, master=636
[LIVE] udp=0.0/s, objs=0.0/s, last_udp=54.36s, meas=1, tracks=3, valid=0, master=636
[GPS] GGA fix_quality=1, num_sats=14, hdop=0.9, lat=30.4082484295, lon=104.088575147
[LIVE] udp=0.0/s, objs=0.0/s, last_udp=55.36s, meas=1, tracks=3, valid=0, master=636
[LIVE] udp=0.0/s, objs=0.0/s, last_udp=56.36s, meas=1, tracks=3, valid=0, master=636
[LIVE] udp=0.0/s, objs=0.0/s, last_udp=57.36s, meas=1, tracks=3, valid=0, master=636
[LIVE] udp=0.0/s, objs=0.0/s, last_udp=58.37s, meas=1, tracks=3, valid=0, master=636
[LIVE] udp=0.0/s, objs=0.0/s, last_udp=59.37s, meas=1, tracks=3, valid=0, master=636
[LIVE] udp=0.0/s, objs=0.0/s, last_udp=60.38s, meas=1, tracks=3, valid=0, master=636
[LIVE] udp=0.0/s, objs=0.0/s, last_udp=61.38s, meas=1, tracks=3, valid=0, master=636
[LIVE] udp=0.0/s, objs=0.0/s, last_udp=62.38s, meas=1, tracks=3, valid=0, master=636
[LIVE] udp=0.0/s, objs=0.0/s, last_udp=63.38s, meas=1, tracks=3, valid=0, master=636
[LIVE] udp=0.0/s, objs=0.0/s, last_udp=64.38s, meas=1, tracks=3, valid=0, master=636
[GPS] GGA fix_quality=1, num_sats=14, hdop=0.9, lat=30.408251501666665, lon=104.0885799555
[LIVE] udp=0.0/s, objs=0.0/s, last_udp=65.38s, meas=1, tracks=3, valid=0, master=636
[LIVE] udp=0.0/s, objs=0.0/s, last_udp=66.39s, meas=1, tracks=3, valid=0, master=636
[LIVE] udp=0.0/s, objs=0.0/s, last_udp=67.39s, meas=1, tracks=3, valid=0, master=636
[LIVE] udp=0.0/s, objs=0.0/s, last_udp=68.39s, meas=1, tracks=3, valid=0, master=636
[LIVE] udp=0.0/s, objs=0.0/s, last_udp=69.40s, meas=1, tracks=3, valid=0, master=636
[LIVE] udp=0.0/s, objs=0.0/s, last_udp=70.40s, meas=1, tracks=3, valid=0, master=636
[LIVE] udp=0.0/s, objs=0.0/s, last_udp=71.40s, meas=1, tracks=3, valid=0, master=636
[LIVE] udp=0.0/s, objs=0.0/s, last_udp=72.40s, meas=1, tracks=3, valid=0, master=636
[LIVE] udp=0.0/s, objs=0.0/s, last_udp=73.41s, meas=1, tracks=3, valid=0, master=636
[LIVE] udp=0.0/s, objs=0.0/s, last_udp=74.41s, meas=1, tracks=3, valid=0, master=636
[GPS] GGA fix_quality=1, num_sats=14, hdop=0.9, lat=30.4082584475, lon=104.08859354633333
[LIVE] udp=0.0/s, objs=0.0/s, last_udp=75.41s, meas=1, tracks=3, valid=0, master=636
[LIVE] udp=0.0/s, objs=0.0/s, last_udp=76.42s, meas=1, tracks=3, valid=0, master=636
[LIVE] udp=0.0/s, objs=0.0/s, last_udp=77.42s, meas=1, tracks=3, valid=0, master=636
[LIVE] udp=0.0/s, objs=0.0/s, last_udp=78.42s, meas=1, tracks=3, valid=0, master=636
[LIVE] udp=0.0/s, objs=0.0/s, last_udp=79.43s, meas=1, tracks=3, valid=0, master=636
[LIVE] udp=0.0/s, objs=0.0/s, last_udp=80.43s, meas=1, tracks=3, valid=0, master=636
[LIVE] udp=0.0/s, objs=0.0/s, last_udp=81.43s, meas=1, tracks=3, valid=0, master=636
[LIVE] udp=0.0/s, objs=0.0/s, last_udp=82.43s, meas=1, tracks=3, valid=0, master=636
[LIVE] udp=0.0/s, objs=0.0/s, last_udp=83.43s, meas=1, tracks=3, valid=0, master=636
[LIVE] udp=0.0/s, objs=0.0/s, last_udp=84.44s, meas=1, tracks=3, valid=0, master=636
[GPS] GGA fix_quality=1, num_sats=15, hdop=0.9, lat=30.408255269833333, lon=104.08858280833333
[LIVE] udp=0.0/s, objs=0.0/s, last_udp=85.44s, meas=1, tracks=3, valid=0, master=636
[LIVE] udp=0.0/s, objs=0.0/s, last_udp=86.44s, meas=1, tracks=3, valid=0, master=636
[LIVE] udp=0.0/s, objs=0.0/s, last_udp=87.45s, meas=1, tracks=3, valid=0, master=636
[LIVE] udp=0.0/s, objs=0.0/s, last_udp=88.45s, meas=1, tracks=3, valid=0, master=636
[LIVE] udp=0.0/s, objs=0.0/s, last_udp=89.45s, meas=1, tracks=3, valid=0, master=636
[LIVE] udp=0.0/s, objs=0.0/s, last_udp=90.46s, meas=1, tracks=3, valid=0, master=636
[LIVE] udp=0.0/s, objs=0.0/s, last_udp=91.46s, meas=1, tracks=3, valid=0, master=636
[LIVE] udp=0.0/s, objs=0.0/s, last_udp=92.46s, meas=1, tracks=3, valid=0, master=636
[LIVE] udp=0.0/s, objs=0.0/s, last_udp=93.46s, meas=1, tracks=3, valid=0, master=636
[LIVE] udp=0.0/s, objs=0.0/s, last_udp=94.47s, meas=1, tracks=3, valid=0, master=636
[GPS] GGA fix_quality=1, num_sats=13, hdop=1.0, lat=30.408255796833334, lon=104.08858688416667
[LIVE] udp=0.0/s, objs=0.0/s, last_udp=95.47s, meas=1, tracks=3, valid=0, master=636
[LIVE] udp=0.0/s, objs=0.0/s, last_udp=96.48s, meas=1, tracks=3, valid=0, master=636
[LIVE] udp=0.0/s, objs=0.0/s, last_udp=97.48s, meas=1, tracks=3, valid=0, master=636
[LIVE] udp=0.0/s, objs=0.0/s, last_udp=98.48s, meas=1, tracks=3, valid=0, master=636
[LIVE] udp=0.0/s, objs=0.0/s, last_udp=99.48s, meas=1, tracks=3, valid=0, master=636
[LIVE] udp=0.0/s, objs=0.0/s, last_udp=100.48s, meas=1, tracks=3, valid=0, master=636
[LIVE] udp=0.0/s, objs=0.0/s, last_udp=101.49s, meas=1, tracks=3, valid=0, master=636
[LIVE] udp=0.0/s, objs=0.0/s, last_udp=102.49s, meas=1, tracks=3, valid=0, master=636
[LIVE] udp=0.0/s, objs=0.0/s, last_udp=103.50s, meas=1, tracks=3, valid=0, master=636
[LIVE] udp=0.0/s, objs=0.0/s, last_udp=104.50s, meas=1, tracks=3, valid=0, master=636
[GPS] GGA fix_quality=1, num_sats=13, hdop=1.0, lat=30.408258097833333, lon=104.08859160683333
[LIVE] udp=0.0/s, objs=0.0/s, last_udp=105.50s, meas=1, tracks=3, valid=0, master=636
[LIVE] udp=0.0/s, objs=0.0/s, last_udp=106.50s, meas=1, tracks=3, valid=0, master=636
[LIVE] udp=0.0/s, objs=0.0/s, last_udp=107.50s, meas=1, tracks=3, valid=0, master=636
[LIVE] udp=0.0/s, objs=0.0/s, last_udp=108.50s, meas=1, tracks=3, valid=0, master=636
[LIVE] udp=0.0/s, objs=0.0/s, last_udp=109.51s, meas=1, tracks=3, valid=0, master=636
[LIVE] udp=0.0/s, objs=0.0/s, last_udp=110.51s, meas=1, tracks=3, valid=0, master=636
[LIVE] udp=0.0/s, objs=0.0/s, last_udp=111.51s, meas=1, tracks=3, valid=0, master=636
[LIVE] udp=0.0/s, objs=0.0/s, last_udp=112.52s, meas=1, tracks=3, valid=0, master=636
[LIVE] udp=3.0/s, objs=3.0/s, last_udp=0.22s, meas=1, tracks=1, valid=1, master=642
[LIVE] udp=1.0/s, objs=1.0/s, last_udp=0.89s, meas=1, tracks=1, valid=1, master=642
[GPS] GGA fix_quality=1, num_sats=14, hdop=0.9, lat=30.4082627155, lon=104.08859394683333
[LIVE] udp=0.0/s, objs=0.0/s, last_udp=1.89s, meas=1, tracks=1, valid=1, master=642
[LIVE] udp=0.0/s, objs=0.0/s, last_udp=2.89s, meas=1, tracks=1, valid=1, master=642
[LIVE] udp=0.0/s, objs=0.0/s, last_udp=3.90s, meas=1, tracks=1, valid=1, master=642
[LIVE] udp=0.0/s, objs=0.0/s, last_udp=4.90s, meas=1, tracks=1, valid=1, master=642
[LIVE] udp=0.0/s, objs=0.0/s, last_udp=5.90s, meas=1, tracks=1, valid=1, master=642
[LIVE] udp=0.0/s, objs=0.0/s, last_udp=6.90s, meas=1, tracks=1, valid=1, master=642
[LIVE] udp=0.0/s, objs=0.0/s, last_udp=7.90s, meas=1, tracks=1, valid=1, master=642
[LIVE] udp=0.0/s, objs=0.0/s, last_udp=8.91s, meas=1, tracks=1, valid=1, master=642
[LIVE] udp=0.0/s, objs=0.0/s, last_udp=9.91s, meas=1, tracks=1, valid=1, master=642
[LIVE] udp=0.0/s, objs=0.0/s, last_udp=10.91s, meas=1, tracks=1, valid=1, master=642
[GPS] GGA fix_quality=1, num_sats=15, hdop=0.9, lat=30.408264669833333, lon=104.08858913983333
[LIVE] udp=0.0/s, objs=0.0/s, last_udp=11.91s, meas=1, tracks=1, valid=1, master=642
[LIVE] udp=0.0/s, objs=0.0/s, last_udp=12.91s, meas=1, tracks=1, valid=1, master=642
[LIVE] udp=0.0/s, objs=0.0/s, last_udp=13.92s, meas=1, tracks=1, valid=1, master=642
[LIVE] udp=0.0/s, objs=0.0/s, last_udp=14.92s, meas=1, tracks=1, valid=1, master=642
[LIVE] udp=0.0/s, objs=0.0/s, last_udp=15.92s, meas=1, tracks=1, valid=1, master=642
[LIVE] udp=0.0/s, objs=0.0/s, last_udp=16.92s, meas=1, tracks=1, valid=1, master=642
[LIVE] udp=0.0/s, objs=0.0/s, last_udp=17.92s, meas=1, tracks=1, valid=1, master=642
[LIVE] udp=0.0/s, objs=0.0/s, last_udp=18.93s, meas=1, tracks=1, valid=1, master=642
[LIVE] udp=0.0/s, objs=0.0/s, last_udp=19.93s, meas=1, tracks=1, valid=1, master=642
[LIVE] udp=0.0/s, objs=0.0/s, last_udp=20.93s, meas=1, tracks=1, valid=1, master=642
[GPS] GGA fix_quality=1, num_sats=16, hdop=0.8, lat=30.408268276333335, lon=104.0885925865
[LIVE] udp=0.0/s, objs=0.0/s, last_udp=21.93s, meas=1, tracks=1, valid=1, master=642
[LIVE] udp=0.0/s, objs=0.0/s, last_udp=22.93s, meas=1, tracks=1, valid=1, master=642
[LIVE] udp=0.0/s, objs=0.0/s, last_udp=23.94s, meas=1, tracks=1, valid=1, master=642
[LIVE] udp=0.0/s, objs=0.0/s, last_udp=24.94s, meas=1, tracks=1, valid=1, master=642
[LIVE] udp=0.0/s, objs=0.0/s, last_udp=25.95s, meas=1, tracks=1, valid=1, master=642
[LIVE] udp=0.0/s, objs=0.0/s, last_udp=26.95s, meas=1, tracks=1, valid=1, master=642
[LIVE] udp=0.0/s, objs=0.0/s, last_udp=27.95s, meas=1, tracks=1, valid=1, master=642
[LIVE] udp=0.0/s, objs=0.0/s, last_udp=28.96s, meas=1, tracks=1, valid=1, master=642
[LIVE] udp=0.0/s, objs=0.0/s, last_udp=29.96s, meas=1, tracks=1, valid=1, master=642
[LIVE] udp=0.0/s, objs=0.0/s, last_udp=30.97s, meas=1, tracks=1, valid=1, master=642
[GPS] GGA fix_quality=1, num_sats=12, hdop=1.1, lat=30.408270312833334, lon=104.08859522666667
[LIVE] udp=0.0/s, objs=0.0/s, last_udp=31.97s, meas=1, tracks=1, valid=1, master=642
[LIVE] udp=0.0/s, objs=0.0/s, last_udp=32.97s, meas=1, tracks=1, valid=1, master=642
[LIVE] udp=0.0/s, objs=0.0/s, last_udp=33.97s, meas=1, tracks=1, valid=1, master=642
[LIVE] udp=0.0/s, objs=0.0/s, last_udp=34.97s, meas=1, tracks=1, valid=1, master=642
[LIVE] udp=0.0/s, objs=0.0/s, last_udp=35.97s, meas=1, tracks=1, valid=1, master=642
[LIVE] udp=0.0/s, objs=0.0/s, last_udp=36.98s, meas=1, tracks=1, valid=1, master=642
[LIVE] udp=0.0/s, objs=0.0/s, last_udp=37.98s, meas=1, tracks=1, valid=1, master=642
[LIVE] udp=0.0/s, objs=0.0/s, last_udp=38.98s, meas=1, tracks=1, valid=1, master=642
[LIVE] udp=0.0/s, objs=0.0/s, last_udp=39.98s, meas=1, tracks=1, valid=1, master=642
[LIVE] udp=0.0/s, objs=0.0/s, last_udp=40.99s, meas=1, tracks=1, valid=1, master=642
[GPS] GGA fix_quality=1, num_sats=12, hdop=0.9, lat=30.408267932166666, lon=104.08859113633333
[LIVE] udp=0.0/s, objs=0.0/s, last_udp=41.99s, meas=1, tracks=1, valid=1, master=642
[LIVE] udp=0.0/s, objs=0.0/s, last_udp=42.99s, meas=1, tracks=1, valid=1, master=642
[LIVE] udp=0.0/s, objs=0.0/s, last_udp=44.00s, meas=1, tracks=1, valid=1, master=642
[LIVE] udp=0.0/s, objs=0.0/s, last_udp=45.00s, meas=1, tracks=1, valid=1, master=642
[LIVE] udp=0.0/s, objs=0.0/s, last_udp=46.00s, meas=1, tracks=1, valid=1, master=642
[LIVE] udp=0.0/s, objs=0.0/s, last_udp=47.01s, meas=1, tracks=1, valid=1, master=642
[LIVE] udp=0.0/s, objs=0.0/s, last_udp=48.01s, meas=1, tracks=1, valid=1, master=642
[LIVE] udp=0.0/s, objs=0.0/s, last_udp=49.01s, meas=1, tracks=1, valid=1, master=642
[LIVE] udp=0.0/s, objs=0.0/s, last_udp=50.01s, meas=1, tracks=1, valid=1, master=642
[LIVE] udp=0.0/s, objs=0.0/s, last_udp=51.02s, meas=1, tracks=1, valid=1, master=642
[GPS] GGA fix_quality=1, num_sats=12, hdop=1.0, lat=30.40826445966667, lon=104.08857153366667
[LIVE] udp=2.0/s, objs=2.0/s, last_udp=0.08s, meas=1, tracks=1, valid=0, master=642
[LIVE] udp=0.0/s, objs=0.0/s, last_udp=1.09s, meas=1, tracks=1, valid=0, master=642
[LIVE] udp=0.0/s, objs=0.0/s, last_udp=2.09s, meas=1, tracks=1, valid=0, master=642
[LIVE] udp=0.0/s, objs=0.0/s, last_udp=3.09s, meas=1, tracks=1, valid=0, master=642
[LIVE] udp=0.0/s, objs=0.0/s, last_udp=4.09s, meas=1, tracks=1, valid=0, master=642
[LIVE] udp=0.0/s, objs=0.0/s, last_udp=5.10s, meas=1, tracks=1, valid=0, master=642
[LIVE] udp=0.0/s, objs=0.0/s, last_udp=6.10s, meas=1, tracks=1, valid=0, master=642
[LIVE] udp=0.0/s, objs=0.0/s, last_udp=7.10s, meas=1, tracks=1, valid=0, master=642
[LIVE] udp=0.0/s, objs=0.0/s, last_udp=8.11s, meas=1, tracks=1, valid=0, master=642
[LIVE] udp=0.0/s, objs=0.0/s, last_udp=9.11s, meas=1, tracks=1, valid=0, master=642
[GPS] GGA fix_quality=1, num_sats=12, hdop=0.9, lat=30.408265906, lon=104.08858172466667
[LIVE] udp=0.0/s, objs=0.0/s, last_udp=10.11s, meas=1, tracks=1, valid=0, master=642
[LIVE] udp=0.0/s, objs=0.0/s, last_udp=11.11s, meas=1, tracks=1, valid=0, master=642
[LIVE] udp=0.0/s, objs=0.0/s, last_udp=12.11s, meas=1, tracks=1, valid=0, master=642
[LIVE] udp=0.0/s, objs=0.0/s, last_udp=13.11s, meas=1, tracks=1, valid=0, master=642
[LIVE] udp=0.0/s, objs=0.0/s, last_udp=14.12s, meas=1, tracks=1, valid=0, master=642
[LIVE] udp=0.0/s, objs=0.0/s, last_udp=15.12s, meas=1, tracks=1, valid=0, master=642
[LIVE] udp=0.0/s, objs=0.0/s, last_udp=16.12s, meas=1, tracks=1, valid=0, master=642
[LIVE] udp=0.0/s, objs=0.0/s, last_udp=17.12s, meas=1, tracks=1, valid=0, master=642
[LIVE] udp=0.0/s, objs=0.0/s, last_udp=18.13s, meas=1, tracks=1, valid=0, master=642
[LIVE] udp=0.0/s, objs=0.0/s, last_udp=19.13s, meas=1, tracks=1, valid=0, master=642
[GPS] GGA fix_quality=1, num_sats=12, hdop=0.9, lat=30.408266598666668, lon=104.08858153733334
[LIVE] udp=0.0/s, objs=0.0/s, last_udp=20.13s, meas=1, tracks=1, valid=0, master=642
[LIVE] udp=0.0/s, objs=0.0/s, last_udp=21.13s, meas=1, tracks=1, valid=0, master=642
[LIVE] udp=0.0/s, objs=0.0/s, last_udp=22.13s, meas=1, tracks=1, valid=0, master=642
[LIVE] udp=0.0/s, objs=0.0/s, last_udp=23.14s, meas=1, tracks=1, valid=0, master=642
[LIVE] udp=0.0/s, objs=0.0/s, last_udp=24.14s, meas=1, tracks=1, valid=0, master=642
[LIVE] udp=1.0/s, objs=1.0/s, last_udp=0.60s, meas=1, tracks=1, valid=0, master=642
[LIVE] udp=0.0/s, objs=0.0/s, last_udp=1.60s, meas=1, tracks=1, valid=0, master=642
[LIVE] udp=0.0/s, objs=0.0/s, last_udp=2.61s, meas=1, tracks=1, valid=0, master=642
[LIVE] udp=0.0/s, objs=0.0/s, last_udp=3.61s, meas=1, tracks=1, valid=0, master=642
[LIVE] udp=0.0/s, objs=0.0/s, last_udp=4.62s, meas=1, tracks=1, valid=0, master=642
[GPS] GGA fix_quality=1, num_sats=10, hdop=1.0, lat=30.408267648166667, lon=104.0885836285
[LIVE] udp=2.0/s, objs=2.0/s, last_udp=0.31s, meas=1, tracks=1, valid=0, master=642
[LIVE] udp=3.0/s, objs=3.0/s, last_udp=0.30s, meas=1, tracks=1, valid=1, master=645
[LIVE] udp=2.0/s, objs=2.0/s, last_udp=0.64s, meas=1, tracks=1, valid=1, master=645
[LIVE] udp=3.0/s, objs=3.0/s, last_udp=0.30s, meas=1, tracks=1, valid=1, master=645
[LIVE] udp=0.0/s, objs=0.0/s, last_udp=1.30s, meas=1, tracks=1, valid=1, master=645
[LIVE] udp=0.0/s, objs=0.0/s, last_udp=2.31s, meas=1, tracks=1, valid=1, master=645
[LIVE] udp=0.0/s, objs=0.0/s, last_udp=3.31s, meas=1, tracks=1, valid=1, master=645
[LIVE] udp=0.0/s, objs=0.0/s, last_udp=4.31s, meas=1, tracks=1, valid=1, master=645
[LIVE] udp=0.0/s, objs=0.0/s, last_udp=5.32s, meas=1, tracks=1, valid=1, master=645
[LIVE] udp=0.0/s, objs=0.0/s, last_udp=6.32s, meas=1, tracks=1, valid=1, master=645
[GPS] GGA fix_quality=1, num_sats=11, hdop=1.0, lat=30.40826788, lon=104.0885896505
[LIVE] udp=0.0/s, objs=0.0/s, last_udp=7.32s, meas=1, tracks=1, valid=1, master=645
[LIVE] udp=0.0/s, objs=0.0/s, last_udp=8.33s, meas=1, tracks=1, valid=1, master=645
[LIVE] udp=0.0/s, objs=0.0/s, last_udp=9.33s, meas=1, tracks=1, valid=1, master=645
[LIVE] udp=0.0/s, objs=0.0/s, last_udp=10.33s, meas=1, tracks=1, valid=1, master=645
[LIVE] udp=0.0/s, objs=0.0/s, last_udp=11.33s, meas=1, tracks=1, valid=1, master=645
[LIVE] udp=0.0/s, objs=0.0/s, last_udp=12.34s, meas=1, tracks=1, valid=1, master=645
[LIVE] udp=0.0/s, objs=0.0/s, last_udp=13.34s, meas=1, tracks=1, valid=1, master=645
[LIVE] udp=0.0/s, objs=0.0/s, last_udp=14.34s, meas=1, tracks=1, valid=1, master=645
[LIVE] udp=0.0/s, objs=0.0/s, last_udp=15.34s, meas=1, tracks=1, valid=1, master=645
[LIVE] udp=0.0/s, objs=0.0/s, last_udp=16.35s, meas=1, tracks=1, valid=1, master=645
[GPS] GGA fix_quality=1, num_sats=14, hdop=0.9, lat=30.4082670785, lon=104.08858876783333
[LIVE] udp=0.0/s, objs=0.0/s, last_udp=17.35s, meas=1, tracks=1, valid=1, master=645
[LIVE] udp=0.0/s, objs=0.0/s, last_udp=18.35s, meas=1, tracks=1, valid=1, master=645
[LIVE] udp=0.0/s, objs=0.0/s, last_udp=19.35s, meas=1, tracks=1, valid=1, master=645
[LIVE] udp=0.0/s, objs=0.0/s, last_udp=20.36s, meas=1, tracks=1, valid=1, master=645
[LIVE] udp=0.0/s, objs=0.0/s, last_udp=21.36s, meas=1, tracks=1, valid=1, master=645
[LIVE] udp=0.0/s, objs=0.0/s, last_udp=22.36s, meas=1, tracks=1, valid=1, master=645
[LIVE] udp=0.0/s, objs=0.0/s, last_udp=23.37s, meas=1, tracks=1, valid=1, master=645
[LIVE] udp=0.0/s, objs=0.0/s, last_udp=24.37s, meas=1, tracks=1, valid=1, master=645
[LIVE] udp=0.0/s, objs=0.0/s, last_udp=25.37s, meas=1, tracks=1, valid=1, master=645
[LIVE] udp=0.0/s, objs=0.0/s, last_udp=26.38s, meas=1, tracks=1, valid=1, master=645
[GPS] GGA fix_quality=1, num_sats=11, hdop=1.0, lat=30.4082719225, lon=104.08860861333334
[LIVE] udp=0.0/s, objs=0.0/s, last_udp=27.38s, meas=1, tracks=1, valid=1, master=645
[LIVE] udp=0.0/s, objs=0.0/s, last_udp=28.38s, meas=1, tracks=1, valid=1, master=645
[LIVE] udp=0.0/s, objs=0.0/s, last_udp=29.38s, meas=1, tracks=1, valid=1, master=645
[LIVE] udp=0.0/s, objs=0.0/s, last_udp=30.39s, meas=1, tracks=1, valid=1, master=645
[LIVE] udp=0.0/s, objs=0.0/s, last_udp=31.39s, meas=1, tracks=1, valid=1, master=645
[LIVE] udp=0.0/s, objs=0.0/s, last_udp=32.39s, meas=1, tracks=1, valid=1, master=645
[LIVE] udp=0.0/s, objs=0.0/s, last_udp=33.39s, meas=1, tracks=1, valid=1, master=645
[LIVE] udp=0.0/s, objs=0.0/s, last_udp=34.39s, meas=1, tracks=1, valid=1, master=645
[LIVE] udp=0.0/s, objs=0.0/s, last_udp=35.40s, meas=1, tracks=1, valid=1, master=645
[LIVE] udp=0.0/s, objs=0.0/s, last_udp=36.40s, meas=1, tracks=1, valid=1, master=645
[GPS] GGA fix_quality=1, num_sats=12, hdop=0.9, lat=30.408275966, lon=104.088613678
[LIVE] udp=0.0/s, objs=0.0/s, last_udp=37.40s, meas=1, tracks=1, valid=1, master=645
[LIVE] udp=0.0/s, objs=0.0/s, last_udp=38.40s, meas=1, tracks=1, valid=1, master=645
[LIVE] udp=0.0/s, objs=0.0/s, last_udp=39.41s, meas=1, tracks=1, valid=1, master=645
[LIVE] udp=0.0/s, objs=0.0/s, last_udp=40.41s, meas=1, tracks=1, valid=1, master=645
[LIVE] udp=0.0/s, objs=0.0/s, last_udp=41.41s, meas=1, tracks=1, valid=1, master=645
[LIVE] udp=0.0/s, objs=0.0/s, last_udp=42.42s, meas=1, tracks=1, valid=1, master=645
[LIVE] udp=0.0/s, objs=0.0/s, last_udp=43.42s, meas=1, tracks=1, valid=1, master=645
[LIVE] udp=0.0/s, objs=0.0/s, last_udp=44.42s, meas=1, tracks=1, valid=1, master=645
[LIVE] udp=0.0/s, objs=0.0/s, last_udp=45.42s, meas=1, tracks=1, valid=1, master=645
[LIVE] udp=0.0/s, objs=0.0/s, last_udp=46.42s, meas=1, tracks=1, valid=1, master=645
[GPS] GGA fix_quality=1, num_sats=09, hdop=1.4, lat=30.408273446833334, lon=104.08861434733333
[LIVE] udp=0.0/s, objs=0.0/s, last_udp=47.43s, meas=1, tracks=1, valid=1, master=645
[LIVE] udp=0.0/s, objs=0.0/s, last_udp=48.43s, meas=1, tracks=1, valid=1, master=645
[LIVE] udp=0.0/s, objs=0.0/s, last_udp=49.43s, meas=1, tracks=1, valid=1, master=645
[LIVE] udp=0.0/s, objs=0.0/s, last_udp=50.44s, meas=1, tracks=1, valid=1, master=645
[LIVE] udp=0.0/s, objs=0.0/s, last_udp=51.44s, meas=1, tracks=1, valid=1, master=645
[LIVE] udp=0.0/s, objs=0.0/s, last_udp=52.44s, meas=1, tracks=1, valid=1, master=645
[LIVE] udp=0.0/s, objs=0.0/s, last_udp=53.44s, meas=1, tracks=1, valid=1, master=645
[LIVE] udp=0.0/s, objs=0.0/s, last_udp=54.45s, meas=1, tracks=1, valid=1, master=645
[LIVE] udp=0.0/s, objs=0.0/s, last_udp=55.45s, meas=1, tracks=1, valid=1, master=645
[LIVE] udp=0.0/s, objs=0.0/s, last_udp=56.45s, meas=1, tracks=1, valid=1, master=645
[GPS] GGA fix_quality=1, num_sats=10, hdop=1.2, lat=30.408273957666665, lon=104.08861592366667
[LIVE] udp=0.0/s, objs=0.0/s, last_udp=57.46s, meas=1, tracks=1, valid=1, master=645
[LIVE] udp=0.0/s, objs=0.0/s, last_udp=58.46s, meas=1, tracks=1, valid=1, master=645
[LIVE] udp=0.0/s, objs=0.0/s, last_udp=59.46s, meas=1, tracks=1, valid=1, master=645
[LIVE] udp=0.0/s, objs=0.0/s, last_udp=60.46s, meas=1, tracks=1, valid=1, master=645
[LIVE] udp=0.0/s, objs=0.0/s, last_udp=61.46s, meas=1, tracks=1, valid=1, master=645
[LIVE] udp=0.0/s, objs=0.0/s, last_udp=62.47s, meas=1, tracks=1, valid=1, master=645
[LIVE] udp=0.0/s, objs=0.0/s, last_udp=63.47s, meas=1, tracks=1, valid=1, master=645
[LIVE] udp=0.0/s, objs=0.0/s, last_udp=64.47s, meas=1, tracks=1, valid=1, master=645
[LIVE] udp=0.0/s, objs=0.0/s, last_udp=65.48s, meas=1, tracks=1, valid=1, master=645
[LIVE] udp=0.0/s, objs=0.0/s, last_udp=66.48s, meas=1, tracks=1, valid=1, master=645
[GPS] GGA fix_quality=1, num_sats=09, hdop=1.4, lat=30.4082713135, lon=104.08861474716667
[LIVE] udp=0.0/s, objs=0.0/s, last_udp=67.48s, meas=1, tracks=1, valid=1, master=645
[LIVE] udp=0.0/s, objs=0.0/s, last_udp=68.48s, meas=1, tracks=1, valid=1, master=645
[LIVE] udp=0.0/s, objs=0.0/s, last_udp=69.48s, meas=1, tracks=1, valid=1, master=645
[LIVE] udp=0.0/s, objs=0.0/s, last_udp=70.48s, meas=1, tracks=1, valid=1, master=645
[LIVE] udp=0.0/s, objs=0.0/s, last_udp=71.49s, meas=1, tracks=1, valid=1, master=645
[LIVE] udp=1.0/s, objs=1.0/s, last_udp=0.51s, meas=1, tracks=1, valid=0, master=645
[LIVE] udp=0.0/s, objs=0.0/s, last_udp=1.52s, meas=1, tracks=1, valid=0, master=645
[LIVE] udp=0.0/s, objs=0.0/s, last_udp=2.52s, meas=1, tracks=1, valid=0, master=645
[LIVE] udp=0.0/s, objs=0.0/s, last_udp=3.53s, meas=1, tracks=1, valid=0, master=645
[LIVE] udp=0.0/s, objs=0.0/s, last_udp=4.53s, meas=1, tracks=1, valid=0, master=645
[GPS] GGA fix_quality=1, num_sats=13, hdop=1.0, lat=30.408269693166666, lon=104.08861973866667
[LIVE] udp=0.0/s, objs=0.0/s, last_udp=5.53s, meas=1, tracks=1, valid=0, master=645
[LIVE] udp=0.0/s, objs=0.0/s, last_udp=6.53s, meas=1, tracks=1, valid=0, master=645
[LIVE] udp=0.0/s, objs=0.0/s, last_udp=7.54s, meas=1, tracks=1, valid=0, master=645
[LIVE] udp=0.0/s, objs=0.0/s, last_udp=8.54s, meas=1, tracks=1, valid=0, master=645
[LIVE] udp=0.0/s, objs=0.0/s, last_udp=9.54s, meas=1, tracks=1, valid=0, master=645
[LIVE] udp=0.0/s, objs=0.0/s, last_udp=10.55s, meas=1, tracks=1, valid=0, master=645
[LIVE] udp=0.0/s, objs=0.0/s, last_udp=11.55s, meas=1, tracks=1, valid=0, master=645
[LIVE] udp=0.0/s, objs=0.0/s, last_udp=12.55s, meas=1, tracks=1, valid=0, master=645
[LIVE] udp=0.0/s, objs=0.0/s, last_udp=13.55s, meas=1, tracks=1, valid=0, master=645
[LIVE] udp=0.0/s, objs=0.0/s, last_udp=14.55s, meas=1, tracks=1, valid=0, master=645
[GPS] GGA fix_quality=1, num_sats=15, hdop=0.9, lat=30.4082654635, lon=104.088621306
[LIVE] udp=0.0/s, objs=0.0/s, last_udp=15.56s, meas=1, tracks=1, valid=0, master=645
[LIVE] udp=0.0/s, objs=0.0/s, last_udp=16.56s, meas=1, tracks=1, valid=0, master=645
[LIVE] udp=0.0/s, objs=0.0/s, last_udp=17.57s, meas=1, tracks=1, valid=0, master=645
[LIVE] udp=0.0/s, objs=0.0/s, last_udp=18.57s, meas=1, tracks=1, valid=0, master=645
[LIVE] udp=0.0/s, objs=0.0/s, last_udp=19.57s, meas=1, tracks=1, valid=0, master=645
[LIVE] udp=0.0/s, objs=0.0/s, last_udp=20.57s, meas=1, tracks=1, valid=0, master=645
[LIVE] udp=0.0/s, objs=0.0/s, last_udp=21.57s, meas=1, tracks=1, valid=0, master=645
[LIVE] udp=2.0/s, objs=2.0/s, last_udp=0.01s, meas=1, tracks=2, valid=0, master=645
[LIVE] udp=1.0/s, objs=1.0/s, last_udp=0.66s, meas=1, tracks=2, valid=0, master=645
[LIVE] udp=0.0/s, objs=0.0/s, last_udp=1.66s, meas=1, tracks=2, valid=0, master=645
[GPS] GGA fix_quality=1, num_sats=15, hdop=1.0, lat=30.408265164833335, lon=104.08861356316666
[LIVE] udp=0.0/s, objs=0.0/s, last_udp=2.67s, meas=1, tracks=2, valid=0, master=645
[LIVE] udp=0.0/s, objs=0.0/s, last_udp=3.67s, meas=1, tracks=2, valid=0, master=645
[LIVE] udp=0.0/s, objs=0.0/s, last_udp=4.67s, meas=1, tracks=2, valid=0, master=645
[LIVE] udp=0.0/s, objs=0.0/s, last_udp=5.67s, meas=1, tracks=2, valid=0, master=645
[LIVE] udp=0.0/s, objs=0.0/s, last_udp=6.67s, meas=1, tracks=2, valid=0, master=645
[LIVE] udp=0.0/s, objs=0.0/s, last_udp=7.68s, meas=1, tracks=2, valid=0, master=645
[LIVE] udp=0.0/s, objs=0.0/s, last_udp=8.68s, meas=1, tracks=2, valid=0, master=645
[LIVE] udp=0.0/s, objs=0.0/s, last_udp=9.68s, meas=1, tracks=2, valid=0, master=645
[LIVE] udp=0.0/s, objs=0.0/s, last_udp=10.68s, meas=1, tracks=2, valid=0, master=645
[LIVE] udp=0.0/s, objs=0.0/s, last_udp=11.69s, meas=1, tracks=2, valid=0, master=645
[GPS] GGA fix_quality=1, num_sats=13, hdop=1.0, lat=30.408266070666667, lon=104.08862438333334
[LIVE] udp=0.0/s, objs=0.0/s, last_udp=12.69s, meas=1, tracks=2, valid=0, master=645
[LIVE] udp=0.0/s, objs=0.0/s, last_udp=13.69s, meas=1, tracks=2, valid=0, master=645
[LIVE] udp=0.0/s, objs=0.0/s, last_udp=14.69s, meas=1, tracks=2, valid=0, master=645
[LIVE] udp=0.0/s, objs=0.0/s, last_udp=15.70s, meas=1, tracks=2, valid=0, master=645
[LIVE] udp=0.0/s, objs=0.0/s, last_udp=16.70s, meas=1, tracks=2, valid=0, master=645
[LIVE] udp=0.0/s, objs=0.0/s, last_udp=17.70s, meas=1, tracks=2, valid=0, master=645
[LIVE] udp=0.0/s, objs=0.0/s, last_udp=18.70s, meas=1, tracks=2, valid=0, master=645
[LIVE] udp=0.0/s, objs=0.0/s, last_udp=19.71s, meas=1, tracks=2, valid=0, master=645
[LIVE] udp=0.0/s, objs=0.0/s, last_udp=20.71s, meas=1, tracks=2, valid=0, master=645
[LIVE] udp=0.0/s, objs=0.0/s, last_udp=21.71s, meas=1, tracks=2, valid=0, master=645
[GPS] GGA fix_quality=1, num_sats=12, hdop=1.2, lat=30.408266599666668, lon=104.08863740616667
[LIVE] udp=0.0/s, objs=0.0/s, last_udp=22.71s, meas=1, tracks=2, valid=0, master=645
[LIVE] udp=0.0/s, objs=0.0/s, last_udp=23.72s, meas=1, tracks=2, valid=0, master=645
[LIVE] udp=0.0/s, objs=0.0/s, last_udp=24.72s, meas=1, tracks=2, valid=0, master=645
[LIVE] udp=0.0/s, objs=0.0/s, last_udp=25.72s, meas=1, tracks=2, valid=0, master=645
[LIVE] udp=0.0/s, objs=0.0/s, last_udp=26.72s, meas=1, tracks=2, valid=0, master=645
[LIVE] udp=0.0/s, objs=0.0/s, last_udp=27.73s, meas=1, tracks=2, valid=0, master=645
[LIVE] udp=0.0/s, objs=0.0/s, last_udp=28.73s, meas=1, tracks=2, valid=0, master=645
[LIVE] udp=0.0/s, objs=0.0/s, last_udp=29.73s, meas=1, tracks=2, valid=0, master=645
[LIVE] udp=0.0/s, objs=0.0/s, last_udp=30.74s, meas=1, tracks=2, valid=0, master=645
[LIVE] udp=0.0/s, objs=0.0/s, last_udp=31.74s, meas=1, tracks=2, valid=0, master=645
[GPS] GGA fix_quality=1, num_sats=12, hdop=1.2, lat=30.4082712695, lon=104.08865276816667
[LIVE] udp=0.0/s, objs=0.0/s, last_udp=32.74s, meas=1, tracks=2, valid=0, master=645
[LIVE] udp=0.0/s, objs=0.0/s, last_udp=33.74s, meas=1, tracks=2, valid=0, master=645
[LIVE] udp=0.0/s, objs=0.0/s, last_udp=34.74s, meas=1, tracks=2, valid=0, master=645
[LIVE] udp=0.0/s, objs=0.0/s, last_udp=35.75s, meas=1, tracks=2, valid=0, master=645
[LIVE] udp=0.0/s, objs=0.0/s, last_udp=36.75s, meas=1, tracks=2, valid=0, master=645
[LIVE] udp=0.0/s, objs=0.0/s, last_udp=37.75s, meas=1, tracks=2, valid=0, master=645
[LIVE] udp=0.0/s, objs=0.0/s, last_udp=38.75s, meas=1, tracks=2, valid=0, master=645
[LIVE] udp=0.0/s, objs=0.0/s, last_udp=39.76s, meas=1, tracks=2, valid=0, master=645
[LIVE] udp=0.0/s, objs=0.0/s, last_udp=40.76s, meas=1, tracks=2, valid=0, master=645
[LIVE] udp=0.0/s, objs=0.0/s, last_udp=41.76s, meas=1, tracks=2, valid=0, master=645
[GPS] GGA fix_quality=1, num_sats=10, hdop=1.4, lat=30.40827167366667, lon=104.0886523795
[LIVE] udp=0.0/s, objs=0.0/s, last_udp=42.76s, meas=1, tracks=2, valid=0, master=645
[LIVE] udp=0.0/s, objs=0.0/s, last_udp=43.76s, meas=1, tracks=2, valid=0, master=645
[LIVE] udp=0.0/s, objs=0.0/s, last_udp=44.77s, meas=1, tracks=2, valid=0, master=645
[LIVE] udp=0.0/s, objs=0.0/s, last_udp=45.77s, meas=1, tracks=2, valid=0, master=645
[LIVE] udp=0.0/s, objs=0.0/s, last_udp=46.77s, meas=1, tracks=2, valid=0, master=645
[LIVE] udp=0.0/s, objs=0.0/s, last_udp=47.77s, meas=1, tracks=2, valid=0, master=645
[LIVE] udp=0.0/s, objs=0.0/s, last_udp=48.77s, meas=1, tracks=2, valid=0, master=645
[LIVE] udp=0.0/s, objs=0.0/s, last_udp=49.77s, meas=1, tracks=2, valid=0, master=645
[LIVE] udp=0.0/s, objs=0.0/s, last_udp=50.78s, meas=1, tracks=2, valid=0, master=645
[LIVE] udp=0.0/s, objs=0.0/s, last_udp=51.78s, meas=1, tracks=2, valid=0, master=645
[GPS] GGA fix_quality=1, num_sats=09, hdop=2.4, lat=30.4082768135, lon=104.08866780566666
[LIVE] udp=0.0/s, objs=0.0/s, last_udp=52.78s, meas=1, tracks=2, valid=0, master=645
[LIVE] udp=0.0/s, objs=0.0/s, last_udp=53.79s, meas=1, tracks=2, valid=0, master=645
[LIVE] udp=0.0/s, objs=0.0/s, last_udp=54.79s, meas=1, tracks=2, valid=0, master=645
[LIVE] udp=0.0/s, objs=0.0/s, last_udp=55.79s, meas=1, tracks=2, valid=0, master=645
[LIVE] udp=0.0/s, objs=0.0/s, last_udp=56.80s, meas=1, tracks=2, valid=0, master=645
[LIVE] udp=0.0/s, objs=0.0/s, last_udp=57.80s, meas=1, tracks=2, valid=0, master=645
[LIVE] udp=0.0/s, objs=0.0/s, last_udp=58.80s, meas=1, tracks=2, valid=0, master=645
[LIVE] udp=0.0/s, objs=0.0/s, last_udp=59.81s, meas=1, tracks=2, valid=0, master=645
[LIVE] udp=0.0/s, objs=0.0/s, last_udp=60.81s, meas=1, tracks=2, valid=0, master=645
[LIVE] udp=0.0/s, objs=0.0/s, last_udp=61.81s, meas=1, tracks=2, valid=0, master=645
[GPS] GGA fix_quality=1, num_sats=09, hdop=2.0, lat=30.408280502, lon=104.08866829366667
[LIVE] udp=0.0/s, objs=0.0/s, last_udp=62.82s, meas=1, tracks=2, valid=0, master=645
[LIVE] udp=0.0/s, objs=0.0/s, last_udp=63.82s, meas=1, tracks=2, valid=0, master=645
[LIVE] udp=0.0/s, objs=0.0/s, last_udp=64.82s, meas=1, tracks=2, valid=0, master=645
[LIVE] udp=0.0/s, objs=0.0/s, last_udp=65.82s, meas=1, tracks=2, valid=0, master=645
[LIVE] udp=0.0/s, objs=0.0/s, last_udp=66.83s, meas=1, tracks=2, valid=0, master=645
[LIVE] udp=0.0/s, objs=0.0/s, last_udp=67.83s, meas=1, tracks=2, valid=0, master=645
[LIVE] udp=0.0/s, objs=0.0/s, last_udp=68.84s, meas=1, tracks=2, valid=0, master=645
[LIVE] udp=2.0/s, objs=2.0/s, last_udp=0.47s, meas=1, tracks=1, valid=0, master=645
[LIVE] udp=0.0/s, objs=0.0/s, last_udp=1.47s, meas=1, tracks=1, valid=0, master=645
[LIVE] udp=0.0/s, objs=0.0/s, last_udp=2.47s, meas=1, tracks=1, valid=0, master=645
[GPS] GGA fix_quality=1, num_sats=09, hdop=1.6, lat=30.408287537166668, lon=104.08868804066667
[LIVE] udp=0.0/s, objs=0.0/s, last_udp=3.48s, meas=1, tracks=1, valid=0, master=645
[LIVE] udp=0.0/s, objs=0.0/s, last_udp=4.48s, meas=1, tracks=1, valid=0, master=645
[LIVE] udp=0.0/s, objs=0.0/s, last_udp=5.48s, meas=1, tracks=1, valid=0, master=645
[LIVE] udp=0.0/s, objs=0.0/s, last_udp=6.49s, meas=1, tracks=1, valid=0, master=645
[LIVE] udp=0.0/s, objs=0.0/s, last_udp=7.49s, meas=1, tracks=1, valid=0, master=645
[LIVE] udp=0.0/s, objs=0.0/s, last_udp=8.49s, meas=1, tracks=1, valid=0, master=645
[LIVE] udp=0.0/s, objs=0.0/s, last_udp=9.49s, meas=1, tracks=1, valid=0, master=645
[LIVE] udp=0.0/s, objs=0.0/s, last_udp=10.49s, meas=1, tracks=1, valid=0, master=645
[LIVE] udp=0.0/s, objs=0.0/s, last_udp=11.49s, meas=1, tracks=1, valid=0, master=645
[GPS] GGA fix_quality=1, num_sats=11, hdop=1.6, lat=30.4082951275, lon=104.088705452
[LIVE] udp=0.0/s, objs=0.0/s, last_udp=12.50s, meas=1, tracks=1, valid=0, master=645
[LIVE] udp=0.0/s, objs=0.0/s, last_udp=13.50s, meas=1, tracks=1, valid=0, master=645
[LIVE] udp=0.0/s, objs=0.0/s, last_udp=14.51s, meas=1, tracks=1, valid=0, master=645
[LIVE] udp=0.0/s, objs=0.0/s, last_udp=15.51s, meas=1, tracks=1, valid=0, master=645
[LIVE] udp=0.0/s, objs=0.0/s, last_udp=16.51s, meas=1, tracks=1, valid=0, master=645
[LIVE] udp=0.0/s, objs=0.0/s, last_udp=17.51s, meas=1, tracks=1, valid=0, master=645
[LIVE] udp=0.0/s, objs=0.0/s, last_udp=18.52s, meas=1, tracks=1, valid=0, master=645
[LIVE] udp=0.0/s, objs=0.0/s, last_udp=19.52s, meas=1, tracks=1, valid=0, master=645
[LIVE] udp=0.0/s, objs=0.0/s, last_udp=20.52s, meas=1, tracks=1, valid=0, master=645
[LIVE] udp=0.0/s, objs=0.0/s, last_udp=21.53s, meas=1, tracks=1, valid=0, master=645
[GPS] GGA fix_quality=1, num_sats=10, hdop=1.7, lat=30.408295639, lon=104.08868787116667
[LIVE] udp=0.0/s, objs=0.0/s, last_udp=22.53s, meas=1, tracks=1, valid=0, master=645
[LIVE] udp=0.0/s, objs=0.0/s, last_udp=23.54s, meas=1, tracks=1, valid=0, master=645
[LIVE] udp=0.0/s, objs=0.0/s, last_udp=24.54s, meas=1, tracks=1, valid=0, master=645
[LIVE] udp=0.0/s, objs=0.0/s, last_udp=25.54s, meas=1, tracks=1, valid=0, master=645
[LIVE] udp=0.0/s, objs=0.0/s, last_udp=26.54s, meas=1, tracks=1, valid=0, master=645
[LIVE] udp=0.0/s, objs=0.0/s, last_udp=27.54s, meas=1, tracks=1, valid=0, master=645
[LIVE] udp=0.0/s, objs=0.0/s, last_udp=28.55s, meas=1, tracks=1, valid=0, master=645
[LIVE] udp=0.0/s, objs=0.0/s, last_udp=29.55s, meas=1, tracks=1, valid=0, master=645
[LIVE] udp=0.0/s, objs=0.0/s, last_udp=30.55s, meas=1, tracks=1, valid=0, master=645
[LIVE] udp=0.0/s, objs=0.0/s, last_udp=31.56s, meas=1, tracks=1, valid=0, master=645
[GPS] GGA fix_quality=1, num_sats=08, hdop=2.0, lat=30.408297226833334, lon=104.08869448416667
[LIVE] udp=0.0/s, objs=0.0/s, last_udp=32.56s, meas=1, tracks=1, valid=0, master=645
[LIVE] udp=0.0/s, objs=0.0/s, last_udp=33.56s, meas=1, tracks=1, valid=0, master=645
[LIVE] udp=0.0/s, objs=0.0/s, last_udp=34.56s, meas=1, tracks=1, valid=0, master=645
[LIVE] udp=0.0/s, objs=0.0/s, last_udp=35.56s, meas=1, tracks=1, valid=0, master=645
[LIVE] udp=0.0/s, objs=0.0/s, last_udp=36.57s, meas=1, tracks=1, valid=0, master=645
[LIVE] udp=0.0/s, objs=0.0/s, last_udp=37.57s, meas=1, tracks=1, valid=0, master=645
[LIVE] udp=0.0/s, objs=0.0/s, last_udp=38.57s, meas=1, tracks=1, valid=0, master=645
[LIVE] udp=0.0/s, objs=0.0/s, last_udp=39.57s, meas=1, tracks=1, valid=0, master=645
[LIVE] udp=0.0/s, objs=0.0/s, last_udp=40.57s, meas=1, tracks=1, valid=0, master=645
[LIVE] udp=0.0/s, objs=0.0/s, last_udp=41.58s, meas=1, tracks=1, valid=0, master=645
[GPS] GGA fix_quality=1, num_sats=07, hdop=3.2, lat=30.4083027395, lon=104.08869818733334
[LIVE] udp=0.0/s, objs=0.0/s, last_udp=42.58s, meas=1, tracks=1, valid=0, master=645
[LIVE] udp=0.0/s, objs=0.0/s, last_udp=43.58s, meas=1, tracks=1, valid=0, master=645
[LIVE] udp=0.0/s, objs=0.0/s, last_udp=44.58s, meas=1, tracks=1, valid=0, master=645
[LIVE] udp=0.0/s, objs=0.0/s, last_udp=45.59s, meas=1, tracks=1, valid=0, master=645
[LIVE] udp=0.0/s, objs=0.0/s, last_udp=46.59s, meas=1, tracks=1, valid=0, master=645
[LIVE] udp=0.0/s, objs=0.0/s, last_udp=47.59s, meas=1, tracks=1, valid=0, master=645
[LIVE] udp=0.0/s, objs=0.0/s, last_udp=48.60s, meas=1, tracks=1, valid=0, master=645
[LIVE] udp=0.0/s, objs=0.0/s, last_udp=49.60s, meas=1, tracks=1, valid=0, master=645
[LIVE] udp=0.0/s, objs=0.0/s, last_udp=50.60s, meas=1, tracks=1, valid=0, master=645
[LIVE] udp=0.0/s, objs=0.0/s, last_udp=51.61s, meas=1, tracks=1, valid=0, master=645
[GPS] GGA fix_quality=1, num_sats=08, hdop=2.2, lat=30.408302974166666, lon=104.08869966783334
[LIVE] udp=0.0/s, objs=0.0/s, last_udp=52.61s, meas=1, tracks=1, valid=0, master=645
[LIVE] udp=0.0/s, objs=0.0/s, last_udp=53.61s, meas=1, tracks=1, valid=0, master=645
[LIVE] udp=0.0/s, objs=0.0/s, last_udp=54.62s, meas=1, tracks=1, valid=0, master=645
[LIVE] udp=0.0/s, objs=0.0/s, last_udp=55.62s, meas=1, tracks=1, valid=0, master=645
[LIVE] udp=3.0/s, objs=4.0/s, last_udp=0.21s, meas=1, tracks=2, valid=0, master=645
[LIVE] udp=0.0/s, objs=0.0/s, last_udp=1.21s, meas=1, tracks=2, valid=0, master=645
[LIVE] udp=0.0/s, objs=0.0/s, last_udp=2.21s, meas=1, tracks=2, valid=0, master=645
[LIVE] udp=0.0/s, objs=0.0/s, last_udp=3.22s, meas=1, tracks=2, valid=0, master=645
[LIVE] udp=0.0/s, objs=0.0/s, last_udp=4.22s, meas=1, tracks=2, valid=0, master=645
[LIVE] udp=0.0/s, objs=0.0/s, last_udp=5.22s, meas=1, tracks=2, valid=0, master=645
[GPS] GGA fix_quality=1, num_sats=08, hdop=2.2, lat=30.408309858, lon=104.08870690816667
[LIVE] udp=0.0/s, objs=0.0/s, last_udp=6.23s, meas=1, tracks=2, valid=0, master=645
[LIVE] udp=0.0/s, objs=0.0/s, last_udp=7.23s, meas=1, tracks=2, valid=0, master=645
[LIVE] udp=0.0/s, objs=0.0/s, last_udp=8.23s, meas=1, tracks=2, valid=0, master=645
[LIVE] udp=0.0/s, objs=0.0/s, last_udp=9.23s, meas=1, tracks=2, valid=0, master=645
[LIVE] udp=0.0/s, objs=0.0/s, last_udp=10.23s, meas=1, tracks=2, valid=0, master=645
[LIVE] udp=0.0/s, objs=0.0/s, last_udp=11.24s, meas=1, tracks=2, valid=0, master=645
[LIVE] udp=0.0/s, objs=0.0/s, last_udp=12.24s, meas=1, tracks=2, valid=0, master=645
[LIVE] udp=0.0/s, objs=0.0/s, last_udp=13.24s, meas=1, tracks=2, valid=0, master=645
[LIVE] udp=0.0/s, objs=0.0/s, last_udp=14.24s, meas=1, tracks=2, valid=0, master=645
[LIVE] udp=0.0/s, objs=0.0/s, last_udp=15.25s, meas=1, tracks=2, valid=0, master=645
[GPS] GGA fix_quality=1, num_sats=10, hdop=1.4, lat=30.408319158166666, lon=104.0887255615
[LIVE] udp=0.0/s, objs=0.0/s, last_udp=16.25s, meas=1, tracks=2, valid=0, master=645
[LIVE] udp=0.0/s, objs=0.0/s, last_udp=17.26s, meas=1, tracks=2, valid=0, master=645
[LIVE] udp=0.0/s, objs=0.0/s, last_udp=18.26s, meas=1, tracks=2, valid=0, master=645
[LIVE] udp=1.0/s, objs=1.0/s, last_udp=0.38s, meas=1, tracks=1, valid=0, master=645
[LIVE] udp=0.0/s, objs=0.0/s, last_udp=1.38s, meas=1, tracks=1, valid=0, master=645
[LIVE] udp=0.0/s, objs=0.0/s, last_udp=2.38s, meas=1, tracks=1, valid=0, master=645
[LIVE] udp=0.0/s, objs=0.0/s, last_udp=3.39s, meas=1, tracks=1, valid=0, master=645
[LIVE] udp=0.0/s, objs=0.0/s, last_udp=4.39s, meas=1, tracks=1, valid=0, master=645
[LIVE] udp=0.0/s, objs=0.0/s, last_udp=5.39s, meas=1, tracks=1, valid=0, master=645
[LIVE] udp=0.0/s, objs=0.0/s, last_udp=6.40s, meas=1, tracks=1, valid=0, master=645
[GPS] GGA fix_quality=1, num_sats=13, hdop=1.5, lat=30.408319863, lon=104.08873211466667
[LIVE] udp=0.0/s, objs=0.0/s, last_udp=7.40s, meas=1, tracks=1, valid=0, master=645
[LIVE] udp=0.0/s, objs=0.0/s, last_udp=8.40s, meas=1, tracks=1, valid=0, master=645
[LIVE] udp=0.0/s, objs=0.0/s, last_udp=9.40s, meas=1, tracks=1, valid=0, master=645
[LIVE] udp=0.0/s, objs=0.0/s, last_udp=10.41s, meas=1, tracks=1, valid=0, master=645
[LIVE] udp=0.0/s, objs=0.0/s, last_udp=11.41s, meas=1, tracks=1, valid=0, master=645
[LIVE] udp=0.0/s, objs=0.0/s, last_udp=12.41s, meas=1, tracks=1, valid=0, master=645
[LIVE] udp=0.0/s, objs=0.0/s, last_udp=13.41s, meas=1, tracks=1, valid=0, master=645
[LIVE] udp=0.0/s, objs=0.0/s, last_udp=14.41s, meas=1, tracks=1, valid=0, master=645
[LIVE] udp=0.0/s, objs=0.0/s, last_udp=15.41s, meas=1, tracks=1, valid=0, master=645
[LIVE] udp=0.0/s, objs=0.0/s, last_udp=16.42s, meas=1, tracks=1, valid=0, master=645
[GPS] GGA fix_quality=1, num_sats=11, hdop=1.5, lat=30.408321521833333, lon=104.08873725683333
[LIVE] udp=0.0/s, objs=0.0/s, last_udp=17.42s, meas=1, tracks=1, valid=0, master=645
[LIVE] udp=0.0/s, objs=0.0/s, last_udp=18.42s, meas=1, tracks=1, valid=0, master=645
[LIVE] udp=0.0/s, objs=0.0/s, last_udp=19.42s, meas=1, tracks=1, valid=0, master=645
[LIVE] udp=0.0/s, objs=0.0/s, last_udp=20.42s, meas=1, tracks=1, valid=0, master=645
[LIVE] udp=0.0/s, objs=0.0/s, last_udp=21.42s, meas=1, tracks=1, valid=0, master=645
[LIVE] udp=0.0/s, objs=0.0/s, last_udp=22.43s, meas=1, tracks=1, valid=0, master=645
[LIVE] udp=0.0/s, objs=0.0/s, last_udp=23.43s, meas=1, tracks=1, valid=0, master=645
[LIVE] udp=0.0/s, objs=0.0/s, last_udp=24.43s, meas=1, tracks=1, valid=0, master=645
[LIVE] udp=0.0/s, objs=0.0/s, last_udp=25.43s, meas=1, tracks=1, valid=0, master=645
[LIVE] udp=0.0/s, objs=0.0/s, last_udp=26.43s, meas=1, tracks=1, valid=0, master=645
[GPS] GGA fix_quality=1, num_sats=09, hdop=2.1, lat=30.40833103716667, lon=104.088759484
[LIVE] udp=0.0/s, objs=0.0/s, last_udp=27.44s, meas=1, tracks=1, valid=0, master=645
[LIVE] udp=0.0/s, objs=0.0/s, last_udp=28.44s, meas=1, tracks=1, valid=0, master=645
[LIVE] udp=0.0/s, objs=0.0/s, last_udp=29.44s, meas=1, tracks=1, valid=0, master=645
[LIVE] udp=0.0/s, objs=0.0/s, last_udp=30.44s, meas=1, tracks=1, valid=0, master=645
[LIVE] udp=0.0/s, objs=0.0/s, last_udp=31.45s, meas=1, tracks=1, valid=0, master=645
[LIVE] udp=0.0/s, objs=0.0/s, last_udp=32.45s, meas=1, tracks=1, valid=0, master=645
[LIVE] udp=0.0/s, objs=0.0/s, last_udp=33.46s, meas=1, tracks=1, valid=0, master=645
[LIVE] udp=0.0/s, objs=0.0/s, last_udp=34.46s, meas=1, tracks=1, valid=0, master=645
[LIVE] udp=0.0/s, objs=0.0/s, last_udp=35.46s, meas=1, tracks=1, valid=0, master=645
[LIVE] udp=0.0/s, objs=0.0/s, last_udp=36.46s, meas=1, tracks=1, valid=0, master=645
[GPS] GGA fix_quality=1, num_sats=10, hdop=1.6, lat=30.408330603333333, lon=104.08875867233333
[LIVE] udp=0.0/s, objs=0.0/s, last_udp=37.46s, meas=1, tracks=1, valid=0, master=645
[LIVE] udp=0.0/s, objs=0.0/s, last_udp=38.47s, meas=1, tracks=1, valid=0, master=645
[LIVE] udp=0.0/s, objs=0.0/s, last_udp=39.47s, meas=1, tracks=1, valid=0, master=645
[LIVE] udp=0.0/s, objs=0.0/s, last_udp=40.47s, meas=1, tracks=1, valid=0, master=645
[LIVE] udp=0.0/s, objs=0.0/s, last_udp=41.47s, meas=1, tracks=1, valid=0, master=645
[LIVE] udp=0.0/s, objs=0.0/s, last_udp=42.47s, meas=1, tracks=1, valid=0, master=645
[LIVE] udp=0.0/s, objs=0.0/s, last_udp=43.48s, meas=1, tracks=1, valid=0, master=645
[LIVE] udp=0.0/s, objs=0.0/s, last_udp=44.48s, meas=1, tracks=1, valid=0, master=645
[LIVE] udp=0.0/s, objs=0.0/s, last_udp=45.48s, meas=1, tracks=1, valid=0, master=645
[LIVE] udp=0.0/s, objs=0.0/s, last_udp=46.49s, meas=1, tracks=1, valid=0, master=645
[GPS] GGA fix_quality=1, num_sats=10, hdop=1.6, lat=30.408330722166667, lon=104.08875967966667
[LIVE] udp=0.0/s, objs=0.0/s, last_udp=47.49s, meas=1, tracks=1, valid=0, master=645
[LIVE] udp=0.0/s, objs=0.0/s, last_udp=48.49s, meas=1, tracks=1, valid=0, master=645
[LIVE] udp=0.0/s, objs=0.0/s, last_udp=49.49s, meas=1, tracks=1, valid=0, master=645
[LIVE] udp=0.0/s, objs=0.0/s, last_udp=50.50s, meas=1, tracks=1, valid=0, master=645
[LIVE] udp=0.0/s, objs=0.0/s, last_udp=51.50s, meas=1, tracks=1, valid=0, master=645
[LIVE] udp=0.0/s, objs=0.0/s, last_udp=52.50s, meas=1, tracks=1, valid=0, master=645
[LIVE] udp=0.0/s, objs=0.0/s, last_udp=53.50s, meas=1, tracks=1, valid=0, master=645
[LIVE] udp=0.0/s, objs=0.0/s, last_udp=54.51s, meas=1, tracks=1, valid=0, master=645
[LIVE] udp=0.0/s, objs=0.0/s, last_udp=55.51s, meas=1, tracks=1, valid=0, master=645
[LIVE] udp=0.0/s, objs=0.0/s, last_udp=56.51s, meas=1, tracks=1, valid=0, master=645
[GPS] GGA fix_quality=1, num_sats=10, hdop=1.6, lat=30.408333759833333, lon=104.08876779833334
[LIVE] udp=0.0/s, objs=0.0/s, last_udp=57.51s, meas=1, tracks=1, valid=0, master=645
[LIVE] udp=0.0/s, objs=0.0/s, last_udp=58.52s, meas=1, tracks=1, valid=0, master=645
[LIVE] udp=0.0/s, objs=0.0/s, last_udp=59.52s, meas=1, tracks=1, valid=0, master=645
[LIVE] udp=0.0/s, objs=0.0/s, last_udp=60.52s, meas=1, tracks=1, valid=0, master=645
[LIVE] udp=0.0/s, objs=0.0/s, last_udp=61.52s, meas=1, tracks=1, valid=0, master=645
[LIVE] udp=0.0/s, objs=0.0/s, last_udp=62.53s, meas=1, tracks=1, valid=0, master=645
[LIVE] udp=0.0/s, objs=0.0/s, last_udp=63.53s, meas=1, tracks=1, valid=0, master=645
[LIVE] udp=0.0/s, objs=0.0/s, last_udp=64.53s, meas=1, tracks=1, valid=0, master=645
[LIVE] udp=0.0/s, objs=0.0/s, last_udp=65.54s, meas=1, tracks=1, valid=0, master=645
[LIVE] udp=0.0/s, objs=0.0/s, last_udp=66.54s, meas=1, tracks=1, valid=0, master=645
[GPS] GGA fix_quality=1, num_sats=10, hdop=1.5, lat=30.408330746666667, lon=104.08877313116666
[LIVE] udp=0.0/s, objs=0.0/s, last_udp=67.54s, meas=1, tracks=1, valid=0, master=645
[LIVE] udp=0.0/s, objs=0.0/s, last_udp=68.55s, meas=1, tracks=1, valid=0, master=645
[LIVE] udp=0.0/s, objs=0.0/s, last_udp=69.55s, meas=1, tracks=1, valid=0, master=645
[LIVE] udp=0.0/s, objs=0.0/s, last_udp=70.55s, meas=1, tracks=1, valid=0, master=645
[LIVE] udp=0.0/s, objs=0.0/s, last_udp=71.56s, meas=1, tracks=1, valid=0, master=645
[LIVE] udp=1.0/s, objs=1.0/s, last_udp=0.47s, meas=1, tracks=1, valid=0, master=645
[LIVE] udp=0.0/s, objs=0.0/s, last_udp=1.47s, meas=1, tracks=1, valid=0, master=645
[LIVE] udp=3.0/s, objs=3.0/s, last_udp=0.17s, meas=1, tracks=1, valid=1, master=654
[LIVE] udp=0.0/s, objs=0.0/s, last_udp=1.18s, meas=1, tracks=1, valid=1, master=654
[LIVE] udp=0.0/s, objs=0.0/s, last_udp=2.18s, meas=1, tracks=1, valid=1, master=654
[GPS] GGA fix_quality=1, num_sats=09, hdop=2.0, lat=30.408324695166666, lon=104.088763898
[LIVE] udp=0.0/s, objs=0.0/s, last_udp=3.18s, meas=1, tracks=1, valid=1, master=654
[LIVE] udp=0.0/s, objs=0.0/s, last_udp=4.19s, meas=1, tracks=1, valid=1, master=654
[LIVE] udp=0.0/s, objs=0.0/s, last_udp=5.19s, meas=1, tracks=1, valid=1, master=654
[LIVE] udp=0.0/s, objs=0.0/s, last_udp=6.19s, meas=1, tracks=1, valid=1, master=654
[LIVE] udp=0.0/s, objs=0.0/s, last_udp=7.19s, meas=1, tracks=1, valid=1, master=654
[LIVE] udp=0.0/s, objs=0.0/s, last_udp=8.19s, meas=1, tracks=1, valid=1, master=654
[LIVE] udp=0.0/s, objs=0.0/s, last_udp=9.19s, meas=1, tracks=1, valid=1, master=654
[LIVE] udp=0.0/s, objs=0.0/s, last_udp=10.20s, meas=1, tracks=1, valid=1, master=654
[LIVE] udp=0.0/s, objs=0.0/s, last_udp=11.20s, meas=1, tracks=1, valid=1, master=654
[LIVE] udp=0.0/s, objs=0.0/s, last_udp=12.20s, meas=1, tracks=1, valid=1, master=654
[GPS] GGA fix_quality=1, num_sats=10, hdop=1.6, lat=30.408324918833333, lon=104.088763999
[LIVE] udp=0.0/s, objs=0.0/s, last_udp=13.20s, meas=1, tracks=1, valid=1, master=654
[LIVE] udp=0.0/s, objs=0.0/s, last_udp=14.20s, meas=1, tracks=1, valid=1, master=654
[LIVE] udp=0.0/s, objs=0.0/s, last_udp=15.21s, meas=1, tracks=1, valid=1, master=654
[LIVE] udp=0.0/s, objs=0.0/s, last_udp=16.21s, meas=1, tracks=1, valid=1, master=654
[LIVE] udp=0.0/s, objs=0.0/s, last_udp=17.21s, meas=1, tracks=1, valid=1, master=654
[LIVE] udp=0.0/s, objs=0.0/s, last_udp=18.21s, meas=1, tracks=1, valid=1, master=654
[LIVE] udp=0.0/s, objs=0.0/s, last_udp=19.21s, meas=1, tracks=1, valid=1, master=654
[LIVE] udp=0.0/s, objs=0.0/s, last_udp=20.22s, meas=1, tracks=1, valid=1, master=654
[LIVE] udp=0.0/s, objs=0.0/s, last_udp=21.22s, meas=1, tracks=1, valid=1, master=654
[LIVE] udp=0.0/s, objs=0.0/s, last_udp=22.23s, meas=1, tracks=1, valid=1, master=654
[GPS] GGA fix_quality=1, num_sats=08, hdop=2.1, lat=30.4083248875, lon=104.0887644945
[LIVE] udp=0.0/s, objs=0.0/s, last_udp=23.23s, meas=1, tracks=1, valid=1, master=654
[LIVE] udp=0.0/s, objs=0.0/s, last_udp=24.23s, meas=1, tracks=1, valid=1, master=654
[LIVE] udp=0.0/s, objs=0.0/s, last_udp=25.23s, meas=1, tracks=1, valid=1, master=654
[LIVE] udp=0.0/s, objs=0.0/s, last_udp=26.23s, meas=1, tracks=1, valid=1, master=654
[LIVE] udp=0.0/s, objs=0.0/s, last_udp=27.24s, meas=1, tracks=1, valid=1, master=654
[LIVE] udp=0.0/s, objs=0.0/s, last_udp=28.24s, meas=1, tracks=1, valid=1, master=654
[LIVE] udp=0.0/s, objs=0.0/s, last_udp=29.24s, meas=1, tracks=1, valid=1, master=654
[LIVE] udp=0.0/s, objs=0.0/s, last_udp=30.25s, meas=1, tracks=1, valid=1, master=654
[LIVE] udp=0.0/s, objs=0.0/s, last_udp=31.25s, meas=1, tracks=1, valid=1, master=654
[LIVE] udp=0.0/s, objs=0.0/s, last_udp=32.25s, meas=1, tracks=1, valid=1, master=654
[LIVE] udp=0.0/s, objs=0.0/s, last_udp=33.25s, meas=1, tracks=1, valid=1, master=654
[LIVE] udp=0.0/s, objs=0.0/s, last_udp=34.25s, meas=1, tracks=1, valid=1, master=654
[LIVE] udp=0.0/s, objs=0.0/s, last_udp=35.25s, meas=1, tracks=1, valid=1, master=654
[LIVE] udp=0.0/s, objs=0.0/s, last_udp=36.26s, meas=1, tracks=1, valid=1, master=654
[LIVE] udp=0.0/s, objs=0.0/s, last_udp=37.26s, meas=1, tracks=1, valid=1, master=654
[LIVE] udp=0.0/s, objs=0.0/s, last_udp=38.26s, meas=1, tracks=1, valid=1, master=654
[LIVE] udp=0.0/s, objs=0.0/s, last_udp=39.26s, meas=1, tracks=1, valid=1, master=654
[LIVE] udp=0.0/s, objs=0.0/s, last_udp=40.26s, meas=1, tracks=1, valid=1, master=654
[LIVE] udp=0.0/s, objs=0.0/s, last_udp=41.27s, meas=1, tracks=1, valid=1, master=654
[LIVE] udp=0.0/s, objs=0.0/s, last_udp=42.27s, meas=1, tracks=1, valid=1, master=654
[GPS] GGA fix_quality=1, num_sats=10, hdop=1.0, lat=30.408322565833334, lon=104.08876126566666
[LIVE] udp=0.0/s, objs=0.0/s, last_udp=43.27s, meas=1, tracks=1, valid=1, master=654
[LIVE] udp=0.0/s, objs=0.0/s, last_udp=44.27s, meas=1, tracks=1, valid=1, master=654
[LIVE] udp=0.0/s, objs=0.0/s, last_udp=45.27s, meas=1, tracks=1, valid=1, master=654
[LIVE] udp=0.0/s, objs=0.0/s, last_udp=46.27s, meas=1, tracks=1, valid=1, master=654
[LIVE] udp=0.0/s, objs=0.0/s, last_udp=47.28s, meas=1, tracks=1, valid=1, master=654
[LIVE] udp=0.0/s, objs=0.0/s, last_udp=48.28s, meas=1, tracks=1, valid=1, master=654
[LIVE] udp=0.0/s, objs=0.0/s, last_udp=49.28s, meas=1, tracks=1, valid=1, master=654
[LIVE] udp=0.0/s, objs=0.0/s, last_udp=50.29s, meas=1, tracks=1, valid=1, master=654
[LIVE] udp=0.0/s, objs=0.0/s, last_udp=51.29s, meas=1, tracks=1, valid=1, master=654
[LIVE] udp=0.0/s, objs=0.0/s, last_udp=52.29s, meas=1, tracks=1, valid=1, master=654
[GPS] GGA fix_quality=1, num_sats=10, hdop=1.5, lat=30.408316183333334, lon=104.08874160433334
[LIVE] udp=0.0/s, objs=0.0/s, last_udp=53.29s, meas=1, tracks=1, valid=1, master=654
[LIVE] udp=0.0/s, objs=0.0/s, last_udp=54.29s, meas=1, tracks=1, valid=1, master=654
[LIVE] udp=0.0/s, objs=0.0/s, last_udp=55.30s, meas=1, tracks=1, valid=1, master=654
[LIVE] udp=0.0/s, objs=0.0/s, last_udp=56.30s, meas=1, tracks=1, valid=1, master=654
[LIVE] udp=0.0/s, objs=0.0/s, last_udp=57.30s, meas=1, tracks=1, valid=1, master=654
[LIVE] udp=0.0/s, objs=0.0/s, last_udp=58.30s, meas=1, tracks=1, valid=1, master=654
[LIVE] udp=0.0/s, objs=0.0/s, last_udp=59.30s, meas=1, tracks=1, valid=1, master=654
[LIVE] udp=0.0/s, objs=0.0/s, last_udp=60.31s, meas=1, tracks=1, valid=1, master=654
[LIVE] udp=0.0/s, objs=0.0/s, last_udp=61.31s, meas=1, tracks=1, valid=1, master=654
[LIVE] udp=0.0/s, objs=0.0/s, last_udp=62.31s, meas=1, tracks=1, valid=1, master=654
[GPS] GGA fix_quality=1, num_sats=10, hdop=1.6, lat=30.408319696333333, lon=104.0887409695
[LIVE] udp=0.0/s, objs=0.0/s, last_udp=63.32s, meas=1, tracks=1, valid=1, master=654
[LIVE] udp=0.0/s, objs=0.0/s, last_udp=64.32s, meas=1, tracks=1, valid=1, master=654
[LIVE] udp=0.0/s, objs=0.0/s, last_udp=65.33s, meas=1, tracks=1, valid=1, master=654
[LIVE] udp=0.0/s, objs=0.0/s, last_udp=66.33s, meas=1, tracks=1, valid=1, master=654
[LIVE] udp=0.0/s, objs=0.0/s, last_udp=67.33s, meas=1, tracks=1, valid=1, master=654
[LIVE] udp=0.0/s, objs=0.0/s, last_udp=68.33s, meas=1, tracks=1, valid=1, master=654
[LIVE] udp=0.0/s, objs=0.0/s, last_udp=69.33s, meas=1, tracks=1, valid=1, master=654
[LIVE] udp=0.0/s, objs=0.0/s, last_udp=70.34s, meas=1, tracks=1, valid=1, master=654
[LIVE] udp=0.0/s, objs=0.0/s, last_udp=71.34s, meas=1, tracks=1, valid=1, master=654
[LIVE] udp=0.0/s, objs=0.0/s, last_udp=72.34s, meas=1, tracks=1, valid=1, master=654
[GPS] GGA fix_quality=1, num_sats=12, hdop=1.3, lat=30.408323126666666, lon=104.08873999716667
[LIVE] udp=0.0/s, objs=0.0/s, last_udp=73.34s, meas=1, tracks=1, valid=1, master=654
[LIVE] udp=0.0/s, objs=0.0/s, last_udp=74.34s, meas=1, tracks=1, valid=1, master=654
[LIVE] udp=0.0/s, objs=0.0/s, last_udp=75.35s, meas=1, tracks=1, valid=1, master=654
[LIVE] udp=0.0/s, objs=0.0/s, last_udp=76.35s, meas=1, tracks=1, valid=1, master=654
[LIVE] udp=0.0/s, objs=0.0/s, last_udp=77.35s, meas=1, tracks=1, valid=1, master=654
[LIVE] udp=0.0/s, objs=0.0/s, last_udp=78.36s, meas=1, tracks=1, valid=1, master=654
[LIVE] udp=0.0/s, objs=0.0/s, last_udp=79.36s, meas=1, tracks=1, valid=1, master=654
[LIVE] udp=0.0/s, objs=0.0/s, last_udp=80.36s, meas=1, tracks=1, valid=1, master=654
[LIVE] udp=0.0/s, objs=0.0/s, last_udp=81.36s, meas=1, tracks=1, valid=1, master=654
[LIVE] udp=0.0/s, objs=0.0/s, last_udp=82.37s, meas=1, tracks=1, valid=1, master=654
[GPS] GGA fix_quality=1, num_sats=12, hdop=1.3, lat=30.4083258295, lon=104.08874291416667
[LIVE] udp=0.0/s, objs=0.0/s, last_udp=83.37s, meas=1, tracks=1, valid=1, master=654
[LIVE] udp=0.0/s, objs=0.0/s, last_udp=84.37s, meas=1, tracks=1, valid=1, master=654
[LIVE] udp=0.0/s, objs=0.0/s, last_udp=85.38s, meas=1, tracks=1, valid=1, master=654
[LIVE] udp=0.0/s, objs=0.0/s, last_udp=86.38s, meas=1, tracks=1, valid=1, master=654
[LIVE] udp=0.0/s, objs=0.0/s, last_udp=87.38s, meas=1, tracks=1, valid=1, master=654
[LIVE] udp=0.0/s, objs=0.0/s, last_udp=88.38s, meas=1, tracks=1, valid=1, master=654
[LIVE] udp=0.0/s, objs=0.0/s, last_udp=89.38s, meas=1, tracks=1, valid=1, master=654
[LIVE] udp=0.0/s, objs=0.0/s, last_udp=90.39s, meas=1, tracks=1, valid=1, master=654
[LIVE] udp=0.0/s, objs=0.0/s, last_udp=91.39s, meas=1, tracks=1, valid=1, master=654
[LIVE] udp=0.0/s, objs=0.0/s, last_udp=92.39s, meas=1, tracks=1, valid=1, master=654
[GPS] GGA fix_quality=1, num_sats=10, hdop=1.6, lat=30.40832882366667, lon=104.08873724566666
[LIVE] udp=0.0/s, objs=0.0/s, last_udp=93.40s, meas=1, tracks=1, valid=1, master=654
[LIVE] udp=0.0/s, objs=0.0/s, last_udp=94.40s, meas=1, tracks=1, valid=1, master=654
[LIVE] udp=0.0/s, objs=0.0/s, last_udp=95.40s, meas=1, tracks=1, valid=1, master=654
[LIVE] udp=0.0/s, objs=0.0/s, last_udp=96.40s, meas=1, tracks=1, valid=1, master=654
[LIVE] udp=0.0/s, objs=0.0/s, last_udp=97.41s, meas=1, tracks=1, valid=1, master=654
[LIVE] udp=0.0/s, objs=0.0/s, last_udp=98.41s, meas=1, tracks=1, valid=1, master=654
[LIVE] udp=0.0/s, objs=0.0/s, last_udp=99.41s, meas=1, tracks=1, valid=1, master=654
[LIVE] udp=0.0/s, objs=0.0/s, last_udp=100.42s, meas=1, tracks=1, valid=1, master=654
[LIVE] udp=0.0/s, objs=0.0/s, last_udp=101.42s, meas=1, tracks=1, valid=1, master=654
[LIVE] udp=1.0/s, objs=1.0/s, last_udp=0.02s, meas=1, tracks=1, valid=0, master=654
[GPS] GGA fix_quality=1, num_sats=10, hdop=1.6, lat=30.4083362135, lon=104.08874545433333
[LIVE] udp=0.0/s, objs=0.0/s, last_udp=1.02s, meas=1, tracks=1, valid=0, master=654
[LIVE] udp=0.0/s, objs=0.0/s, last_udp=2.02s, meas=1, tracks=1, valid=0, master=654
[LIVE] udp=0.0/s, objs=0.0/s, last_udp=3.02s, meas=1, tracks=1, valid=0, master=654
[LIVE] udp=0.0/s, objs=0.0/s, last_udp=4.03s, meas=1, tracks=1, valid=0, master=654
[LIVE] udp=0.0/s, objs=0.0/s, last_udp=5.03s, meas=1, tracks=1, valid=0, master=654
[LIVE] udp=0.0/s, objs=0.0/s, last_udp=6.03s, meas=1, tracks=1, valid=0, master=654
[LIVE] udp=0.0/s, objs=0.0/s, last_udp=7.03s, meas=1, tracks=1, valid=0, master=654
[LIVE] udp=0.0/s, objs=0.0/s, last_udp=8.03s, meas=1, tracks=1, valid=0, master=654
[LIVE] udp=0.0/s, objs=0.0/s, last_udp=9.04s, meas=1, tracks=1, valid=0, master=654
[LIVE] udp=0.0/s, objs=0.0/s, last_udp=10.04s, meas=1, tracks=1, valid=0, master=654
[GPS] GGA fix_quality=1, num_sats=11, hdop=1.1, lat=30.408331958333335, lon=104.08874507
[LIVE] udp=0.0/s, objs=0.0/s, last_udp=11.04s, meas=1, tracks=1, valid=0, master=654
[LIVE] udp=0.0/s, objs=0.0/s, last_udp=12.05s, meas=1, tracks=1, valid=0, master=654
[LIVE] udp=0.0/s, objs=0.0/s, last_udp=13.05s, meas=1, tracks=1, valid=0, master=654
[LIVE] udp=0.0/s, objs=0.0/s, last_udp=14.05s, meas=1, tracks=1, valid=0, master=654
[LIVE] udp=0.0/s, objs=0.0/s, last_udp=15.06s, meas=1, tracks=1, valid=0, master=654
[LIVE] udp=0.0/s, objs=0.0/s, last_udp=16.06s, meas=1, tracks=1, valid=0, master=654
[LIVE] udp=0.0/s, objs=0.0/s, last_udp=17.06s, meas=1, tracks=1, valid=0, master=654
[LIVE] udp=0.0/s, objs=0.0/s, last_udp=18.06s, meas=1, tracks=1, valid=0, master=654
[LIVE] udp=0.0/s, objs=0.0/s, last_udp=19.06s, meas=1, tracks=1, valid=0, master=654
[LIVE] udp=0.0/s, objs=0.0/s, last_udp=20.06s, meas=1, tracks=1, valid=0, master=654
[GPS] GGA fix_quality=1, num_sats=10, hdop=1.6, lat=30.408334650166665, lon=104.08874337033333
[LIVE] udp=0.0/s, objs=0.0/s, last_udp=21.06s, meas=1, tracks=1, valid=0, master=654
[LIVE] udp=0.0/s, objs=0.0/s, last_udp=22.07s, meas=1, tracks=1, valid=0, master=654
[LIVE] udp=0.0/s, objs=0.0/s, last_udp=23.07s, meas=1, tracks=1, valid=0, master=654
[LIVE] udp=0.0/s, objs=0.0/s, last_udp=24.07s, meas=1, tracks=1, valid=0, master=654
[LIVE] udp=0.0/s, objs=0.0/s, last_udp=25.08s, meas=1, tracks=1, valid=0, master=654
[LIVE] udp=0.0/s, objs=0.0/s, last_udp=26.08s, meas=1, tracks=1, valid=0, master=654
[LIVE] udp=0.0/s, objs=0.0/s, last_udp=27.08s, meas=1, tracks=1, valid=0, master=654
[LIVE] udp=0.0/s, objs=0.0/s, last_udp=28.09s, meas=1, tracks=1, valid=0, master=654
[LIVE] udp=0.0/s, objs=0.0/s, last_udp=29.09s, meas=1, tracks=1, valid=0, master=654
[LIVE] udp=0.0/s, objs=0.0/s, last_udp=30.09s, meas=1, tracks=1, valid=0, master=654
[GPS] GGA fix_quality=1, num_sats=11, hdop=1.1, lat=30.408335993333335, lon=104.08873837233334
[LIVE] udp=0.0/s, objs=0.0/s, last_udp=31.09s, meas=1, tracks=1, valid=0, master=654
[LIVE] udp=0.0/s, objs=0.0/s, last_udp=32.09s, meas=1, tracks=1, valid=0, master=654
[LIVE] udp=0.0/s, objs=0.0/s, last_udp=33.10s, meas=1, tracks=1, valid=0, master=654
[LIVE] udp=0.0/s, objs=0.0/s, last_udp=34.10s, meas=1, tracks=1, valid=0, master=654
[LIVE] udp=0.0/s, objs=0.0/s, last_udp=35.10s, meas=1, tracks=1, valid=0, master=654
[LIVE] udp=0.0/s, objs=0.0/s, last_udp=36.10s, meas=1, tracks=1, valid=0, master=654
[LIVE] udp=0.0/s, objs=0.0/s, last_udp=37.11s, meas=1, tracks=1, valid=0, master=654
[LIVE] udp=0.0/s, objs=0.0/s, last_udp=38.11s, meas=1, tracks=1, valid=0, master=654
[LIVE] udp=0.0/s, objs=0.0/s, last_udp=39.11s, meas=1, tracks=1, valid=0, master=654
[LIVE] udp=0.0/s, objs=0.0/s, last_udp=40.12s, meas=1, tracks=1, valid=0, master=654
[GPS] GGA fix_quality=1, num_sats=11, hdop=1.1, lat=30.408337100833332, lon=104.08873554816667
[LIVE] udp=0.0/s, objs=0.0/s, last_udp=41.12s, meas=1, tracks=1, valid=0, master=654
[LIVE] udp=0.0/s, objs=0.0/s, last_udp=42.12s, meas=1, tracks=1, valid=0, master=654
[LIVE] udp=0.0/s, objs=0.0/s, last_udp=43.12s, meas=1, tracks=1, valid=0, master=654
[LIVE] udp=0.0/s, objs=0.0/s, last_udp=44.13s, meas=1, tracks=1, valid=0, master=654
[LIVE] udp=0.0/s, objs=0.0/s, last_udp=45.13s, meas=1, tracks=1, valid=0, master=654
[LIVE] udp=0.0/s, objs=0.0/s, last_udp=46.13s, meas=1, tracks=1, valid=0, master=654
[LIVE] udp=0.0/s, objs=0.0/s, last_udp=47.13s, meas=1, tracks=1, valid=0, master=654
[LIVE] udp=0.0/s, objs=0.0/s, last_udp=48.14s, meas=1, tracks=1, valid=0, master=654
[LIVE] udp=0.0/s, objs=0.0/s, last_udp=49.14s, meas=1, tracks=1, valid=0, master=654
[LIVE] udp=0.0/s, objs=0.0/s, last_udp=50.15s, meas=1, tracks=1, valid=0, master=654
[GPS] GGA fix_quality=1, num_sats=10, hdop=1.6, lat=30.408337339666666, lon=104.0887341325
[LIVE] udp=0.0/s, objs=0.0/s, last_udp=51.15s, meas=1, tracks=1, valid=0, master=654
[LIVE] udp=0.0/s, objs=0.0/s, last_udp=52.15s, meas=1, tracks=1, valid=0, master=654
[LIVE] udp=0.0/s, objs=0.0/s, last_udp=53.15s, meas=1, tracks=1, valid=0, master=654
[LIVE] udp=1.0/s, objs=1.0/s, last_udp=0.47s, meas=1, tracks=1, valid=0, master=654
[LIVE] udp=0.0/s, objs=0.0/s, last_udp=1.47s, meas=1, tracks=1, valid=0, master=654
[LIVE] udp=0.0/s, objs=0.0/s, last_udp=2.48s, meas=1, tracks=1, valid=0, master=654
[LIVE] udp=0.0/s, objs=0.0/s, last_udp=3.48s, meas=1, tracks=1, valid=0, master=654
[LIVE] udp=0.0/s, objs=0.0/s, last_udp=4.48s, meas=1, tracks=1, valid=0, master=654
[LIVE] udp=0.0/s, objs=0.0/s, last_udp=5.48s, meas=1, tracks=1, valid=0, master=654
[LIVE] udp=0.0/s, objs=0.0/s, last_udp=6.49s, meas=1, tracks=1, valid=0, master=654
[GPS] GGA fix_quality=1, num_sats=09, hdop=1.9, lat=30.408337584333335, lon=104.088733897
[LIVE] udp=0.0/s, objs=0.0/s, last_udp=7.49s, meas=1, tracks=1, valid=0, master=654
[LIVE] udp=0.0/s, objs=0.0/s, last_udp=8.49s, meas=1, tracks=1, valid=0, master=654
[LIVE] udp=0.0/s, objs=0.0/s, last_udp=9.49s, meas=1, tracks=1, valid=0, master=654
[LIVE] udp=0.0/s, objs=0.0/s, last_udp=10.50s, meas=1, tracks=1, valid=0, master=654
[LIVE] udp=0.0/s, objs=0.0/s, last_udp=11.50s, meas=1, tracks=1, valid=0, master=654
[LIVE] udp=2.0/s, objs=2.0/s, last_udp=0.49s, meas=1, tracks=1, valid=0, master=654
[LIVE] udp=0.0/s, objs=0.0/s, last_udp=1.49s, meas=1, tracks=1, valid=0, master=654
[LIVE] udp=0.0/s, objs=0.0/s, last_udp=2.50s, meas=1, tracks=1, valid=0, master=654
[LIVE] udp=0.0/s, objs=0.0/s, last_udp=3.50s, meas=1, tracks=1, valid=0, master=654
[LIVE] udp=0.0/s, objs=0.0/s, last_udp=4.50s, meas=1, tracks=1, valid=0, master=654
[GPS] GGA fix_quality=1, num_sats=13, hdop=0.9, lat=30.408337762666665, lon=104.08873366666667
[LIVE] udp=0.0/s, objs=0.0/s, last_udp=5.50s, meas=1, tracks=1, valid=0, master=654
[LIVE] udp=0.0/s, objs=0.0/s, last_udp=6.51s, meas=1, tracks=1, valid=0, master=654
[LIVE] udp=0.0/s, objs=0.0/s, last_udp=7.51s, meas=1, tracks=1, valid=0, master=654
[LIVE] udp=0.0/s, objs=0.0/s, last_udp=8.52s, meas=1, tracks=1, valid=0, master=654
[LIVE] udp=0.0/s, objs=0.0/s, last_udp=9.52s, meas=1, tracks=1, valid=0, master=654
[LIVE] udp=0.0/s, objs=0.0/s, last_udp=10.52s, meas=1, tracks=1, valid=0, master=654
[LIVE] udp=0.0/s, objs=0.0/s, last_udp=11.52s, meas=1, tracks=1, valid=0, master=654
[LIVE] udp=0.0/s, objs=0.0/s, last_udp=12.53s, meas=1, tracks=1, valid=0, master=654
[LIVE] udp=0.0/s, objs=0.0/s, last_udp=13.53s, meas=1, tracks=1, valid=0, master=654
[LIVE] udp=0.0/s, objs=0.0/s, last_udp=14.53s, meas=1, tracks=1, valid=0, master=654
[GPS] GGA fix_quality=1, num_sats=10, hdop=1.6, lat=30.4083378085, lon=104.0887336355
[LIVE] udp=0.0/s, objs=0.0/s, last_udp=15.53s, meas=1, tracks=1, valid=0, master=654
[LIVE] udp=0.0/s, objs=0.0/s, last_udp=16.54s, meas=1, tracks=1, valid=0, master=654
[LIVE] udp=0.0/s, objs=0.0/s, last_udp=17.54s, meas=1, tracks=1, valid=0, master=654
[LIVE] udp=0.0/s, objs=0.0/s, last_udp=18.54s, meas=1, tracks=1, valid=0, master=654
[LIVE] udp=0.0/s, objs=0.0/s, last_udp=19.54s, meas=1, tracks=1, valid=0, master=654
[LIVE] udp=0.0/s, objs=0.0/s, last_udp=20.55s, meas=1, tracks=1, valid=0, master=654
[LIVE] udp=0.0/s, objs=0.0/s, last_udp=21.55s, meas=1, tracks=1, valid=0, master=654
[LIVE] udp=0.0/s, objs=0.0/s, last_udp=22.56s, meas=1, tracks=1, valid=0, master=654
[LIVE] udp=0.0/s, objs=0.0/s, last_udp=23.56s, meas=1, tracks=1, valid=0, master=654
[LIVE] udp=0.0/s, objs=0.0/s, last_udp=24.56s, meas=1, tracks=1, valid=0, master=654
[GPS] GGA fix_quality=1, num_sats=10, hdop=1.6, lat=30.408337731166668, lon=104.088733454
[LIVE] udp=0.0/s, objs=0.0/s, last_udp=25.57s, meas=1, tracks=1, valid=0, master=654
[LIVE] udp=0.0/s, objs=0.0/s, last_udp=26.57s, meas=1, tracks=1, valid=0, master=654
[LIVE] udp=0.0/s, objs=0.0/s, last_udp=27.58s, meas=1, tracks=1, valid=0, master=654
[LIVE] udp=0.0/s, objs=0.0/s, last_udp=28.58s, meas=1, tracks=1, valid=0, master=654
[LIVE] udp=0.0/s, objs=0.0/s, last_udp=29.58s, meas=1, tracks=1, valid=0, master=654
[LIVE] udp=0.0/s, objs=0.0/s, last_udp=30.58s, meas=1, tracks=1, valid=0, master=654
[LIVE] udp=0.0/s, objs=0.0/s, last_udp=31.58s, meas=1, tracks=1, valid=0, master=654
[LIVE] udp=0.0/s, objs=0.0/s, last_udp=32.59s, meas=1, tracks=1, valid=0, master=654
[LIVE] udp=0.0/s, objs=0.0/s, last_udp=33.59s, meas=1, tracks=1, valid=0, master=654
[LIVE] udp=0.0/s, objs=0.0/s, last_udp=34.59s, meas=1, tracks=1, valid=0, master=654
[GPS] GGA fix_quality=1, num_sats=10, hdop=1.6, lat=30.408340862, lon=104.08873631233334
[LIVE] udp=0.0/s, objs=0.0/s, last_udp=35.60s, meas=1, tracks=1, valid=0, master=654
[LIVE] udp=0.0/s, objs=0.0/s, last_udp=36.60s, meas=1, tracks=1, valid=0, master=654
[LIVE] udp=0.0/s, objs=0.0/s, last_udp=37.60s, meas=1, tracks=1, valid=0, master=654
[LIVE] udp=0.0/s, objs=0.0/s, last_udp=38.60s, meas=1, tracks=1, valid=0, master=654
[LIVE] udp=0.0/s, objs=0.0/s, last_udp=39.60s, meas=1, tracks=1, valid=0, master=654
[LIVE] udp=0.0/s, objs=0.0/s, last_udp=40.60s, meas=1, tracks=1, valid=0, master=654
[LIVE] udp=0.0/s, objs=0.0/s, last_udp=41.60s, meas=1, tracks=1, valid=0, master=654
[LIVE] udp=0.0/s, objs=0.0/s, last_udp=42.61s, meas=1, tracks=1, valid=0, master=654
[LIVE] udp=0.0/s, objs=0.0/s, last_udp=43.61s, meas=1, tracks=1, valid=0, master=654
[LIVE] udp=0.0/s, objs=0.0/s, last_udp=44.61s, meas=1, tracks=1, valid=0, master=654
[GPS] GGA fix_quality=1, num_sats=10, hdop=1.1, lat=30.408339430833333, lon=104.088736215
[LIVE] udp=0.0/s, objs=0.0/s, last_udp=45.61s, meas=1, tracks=1, valid=0, master=654
[LIVE] udp=1.0/s, objs=1.0/s, last_udp=0.00s, meas=1, tracks=1, valid=0, master=654
[LIVE] udp=1.0/s, objs=1.0/s, last_udp=0.67s, meas=1, tracks=1, valid=0, master=654
[LIVE] udp=0.0/s, objs=0.0/s, last_udp=1.67s, meas=1, tracks=1, valid=0, master=654
[LIVE] udp=0.0/s, objs=0.0/s, last_udp=2.67s, meas=1, tracks=1, valid=0, master=654
[LIVE] udp=0.0/s, objs=0.0/s, last_udp=3.68s, meas=1, tracks=1, valid=0, master=654
[LIVE] udp=0.0/s, objs=0.0/s, last_udp=4.68s, meas=1, tracks=1, valid=0, master=654
[LIVE] udp=0.0/s, objs=0.0/s, last_udp=5.68s, meas=1, tracks=1, valid=0, master=654
[LIVE] udp=0.0/s, objs=0.0/s, last_udp=6.68s, meas=1, tracks=1, valid=0, master=654
[LIVE] udp=0.0/s, objs=0.0/s, last_udp=7.68s, meas=1, tracks=1, valid=0, master=654
[GPS] GGA fix_quality=1, num_sats=11, hdop=1.6, lat=30.4083389765, lon=104.08873509033333
[LIVE] udp=0.0/s, objs=0.0/s, last_udp=8.69s, meas=1, tracks=1, valid=0, master=654
[LIVE] udp=0.0/s, objs=0.0/s, last_udp=9.69s, meas=1, tracks=1, valid=0, master=654
[LIVE] udp=0.0/s, objs=0.0/s, last_udp=10.69s, meas=1, tracks=1, valid=0, master=654
[LIVE] udp=0.0/s, objs=0.0/s, last_udp=11.70s, meas=1, tracks=1, valid=0, master=654
[LIVE] udp=0.0/s, objs=0.0/s, last_udp=12.70s, meas=1, tracks=1, valid=0, master=654
[LIVE] udp=0.0/s, objs=0.0/s, last_udp=13.71s, meas=1, tracks=1, valid=0, master=654
[LIVE] udp=0.0/s, objs=0.0/s, last_udp=14.71s, meas=1, tracks=1, valid=0, master=654
[LIVE] udp=0.0/s, objs=0.0/s, last_udp=15.71s, meas=1, tracks=1, valid=0, master=654
[LIVE] udp=0.0/s, objs=0.0/s, last_udp=16.71s, meas=1, tracks=1, valid=0, master=654
[LIVE] udp=0.0/s, objs=0.0/s, last_udp=17.72s, meas=1, tracks=1, valid=0, master=654
[GPS] GGA fix_quality=1, num_sats=10, hdop=1.9, lat=30.408339072166665, lon=104.08873559783333
[LIVE] udp=0.0/s, objs=0.0/s, last_udp=18.72s, meas=1, tracks=1, valid=0, master=654
[LIVE] udp=0.0/s, objs=0.0/s, last_udp=19.72s, meas=1, tracks=1, valid=0, master=654
[LIVE] udp=0.0/s, objs=0.0/s, last_udp=20.73s, meas=1, tracks=1, valid=0, master=654
[LIVE] udp=0.0/s, objs=0.0/s, last_udp=21.73s, meas=1, tracks=1, valid=0, master=654
[LIVE] udp=0.0/s, objs=0.0/s, last_udp=22.73s, meas=1, tracks=1, valid=0, master=654
[LIVE] udp=0.0/s, objs=0.0/s, last_udp=23.74s, meas=1, tracks=1, valid=0, master=654
[LIVE] udp=0.0/s, objs=0.0/s, last_udp=24.74s, meas=1, tracks=1, valid=0, master=654
[LIVE] udp=0.0/s, objs=0.0/s, last_udp=25.74s, meas=1, tracks=1, valid=0, master=654
[LIVE] udp=0.0/s, objs=0.0/s, last_udp=26.74s, meas=1, tracks=1, valid=0, master=654
[LIVE] udp=0.0/s, objs=0.0/s, last_udp=27.74s, meas=1, tracks=1, valid=0, master=654
[GPS] GGA fix_quality=1, num_sats=09, hdop=2.3, lat=30.408339086333335, lon=104.08873573666666
[LIVE] udp=0.0/s, objs=0.0/s, last_udp=28.75s, meas=1, tracks=1, valid=0, master=654
[LIVE] udp=0.0/s, objs=0.0/s, last_udp=29.75s, meas=1, tracks=1, valid=0, master=654
[LIVE] udp=0.0/s, objs=0.0/s, last_udp=30.75s, meas=1, tracks=1, valid=0, master=654
[LIVE] udp=0.0/s, objs=0.0/s, last_udp=31.75s, meas=1, tracks=1, valid=0, master=654
[LIVE] udp=0.0/s, objs=0.0/s, last_udp=32.75s, meas=1, tracks=1, valid=0, master=654
[LIVE] udp=0.0/s, objs=0.0/s, last_udp=33.76s, meas=1, tracks=1, valid=0, master=654
[LIVE] udp=0.0/s, objs=0.0/s, last_udp=34.76s, meas=1, tracks=1, valid=0, master=654
[LIVE] udp=0.0/s, objs=0.0/s, last_udp=35.76s, meas=1, tracks=1, valid=0, master=654
[LIVE] udp=0.0/s, objs=0.0/s, last_udp=36.77s, meas=1, tracks=1, valid=0, master=654
[GPS] GGA fix_quality=1, num_sats=10, hdop=2.0, lat=30.408338712833334, lon=104.0887354985
[LIVE] udp=0.0/s, objs=0.0/s, last_udp=37.77s, meas=1, tracks=1, valid=0, master=654
[LIVE] udp=0.0/s, objs=0.0/s, last_udp=38.78s, meas=1, tracks=1, valid=0, master=654
[LIVE] udp=3.0/s, objs=3.0/s, last_udp=0.17s, meas=1, tracks=1, valid=1, master=659
[LIVE] udp=3.0/s, objs=3.0/s, last_udp=0.17s, meas=1, tracks=1, valid=1, master=659
[LIVE] udp=1.0/s, objs=1.0/s, last_udp=0.84s, meas=1, tracks=1, valid=1, master=659
[LIVE] udp=0.0/s, objs=0.0/s, last_udp=1.84s, meas=1, tracks=1, valid=1, master=659
[LIVE] udp=0.0/s, objs=0.0/s, last_udp=2.84s, meas=1, tracks=1, valid=1, master=659
[LIVE] udp=0.0/s, objs=0.0/s, last_udp=3.85s, meas=1, tracks=1, valid=1, master=659
[LIVE] udp=0.0/s, objs=0.0/s, last_udp=4.85s, meas=1, tracks=1, valid=1, master=659
[LIVE] udp=0.0/s, objs=0.0/s, last_udp=5.85s, meas=1, tracks=1, valid=1, master=659
[GPS] GGA fix_quality=1, num_sats=09, hdop=2.3, lat=30.408341317666668, lon=104.08873815933333
[LIVE] udp=0.0/s, objs=0.0/s, last_udp=6.85s, meas=1, tracks=1, valid=1, master=659
[LIVE] udp=0.0/s, objs=0.0/s, last_udp=7.86s, meas=1, tracks=1, valid=1, master=659
[LIVE] udp=0.0/s, objs=0.0/s, last_udp=8.86s, meas=1, tracks=1, valid=1, master=659
[LIVE] udp=0.0/s, objs=0.0/s, last_udp=9.86s, meas=1, tracks=1, valid=1, master=659
[LIVE] udp=0.0/s, objs=0.0/s, last_udp=10.86s, meas=1, tracks=1, valid=1, master=659
[LIVE] udp=0.0/s, objs=0.0/s, last_udp=11.86s, meas=1, tracks=1, valid=1, master=659
[LIVE] udp=0.0/s, objs=0.0/s, last_udp=12.86s, meas=1, tracks=1, valid=1, master=659
[LIVE] udp=0.0/s, objs=0.0/s, last_udp=13.87s, meas=1, tracks=1, valid=1, master=659
[LIVE] udp=1.0/s, objs=1.0/s, last_udp=0.30s, meas=1, tracks=1, valid=0, master=659
[LIVE] udp=2.0/s, objs=2.0/s, last_udp=0.31s, meas=1, tracks=1, valid=1, master=660
[GPS] GGA fix_quality=1, num_sats=08, hdop=3.0, lat=30.408346648666665, lon=104.08874368566667
[LIVE] udp=2.0/s, objs=2.0/s, last_udp=0.30s, meas=1, tracks=1, valid=1, master=660
[LIVE] udp=2.0/s, objs=2.0/s, last_udp=0.31s, meas=1, tracks=1, valid=1, master=660
[LIVE] udp=3.0/s, objs=3.0/s, last_udp=0.30s, meas=1, tracks=1, valid=1, master=660
[LIVE] udp=1.0/s, objs=1.0/s, last_udp=0.99s, meas=1, tracks=1, valid=1, master=660
[LIVE] udp=0.0/s, objs=0.0/s, last_udp=1.99s, meas=1, tracks=1, valid=1, master=660
[LIVE] udp=0.0/s, objs=0.0/s, last_udp=3.00s, meas=1, tracks=1, valid=1, master=660
[LIVE] udp=0.0/s, objs=0.0/s, last_udp=4.00s, meas=1, tracks=1, valid=1, master=660
[LIVE] udp=1.0/s, objs=1.0/s, last_udp=0.06s, meas=1, tracks=1, valid=0, master=660
[LIVE] udp=2.0/s, objs=2.0/s, last_udp=0.74s, meas=1, tracks=2, valid=0, master=660
[LIVE] udp=0.0/s, objs=0.0/s, last_udp=1.74s, meas=1, tracks=2, valid=0, master=660
[GPS] GGA fix_quality=1, num_sats=08, hdop=3.0, lat=30.408335757, lon=104.08873920433334
[LIVE] udp=0.0/s, objs=0.0/s, last_udp=2.74s, meas=1, tracks=2, valid=0, master=660
[LIVE] udp=0.0/s, objs=0.0/s, last_udp=3.75s, meas=1, tracks=2, valid=0, master=660
[LIVE] udp=0.0/s, objs=0.0/s, last_udp=4.75s, meas=1, tracks=2, valid=0, master=660
[LIVE] udp=0.0/s, objs=0.0/s, last_udp=5.75s, meas=1, tracks=2, valid=0, master=660
[LIVE] udp=0.0/s, objs=0.0/s, last_udp=6.75s, meas=1, tracks=2, valid=0, master=660
[LIVE] udp=0.0/s, objs=0.0/s, last_udp=7.76s, meas=1, tracks=2, valid=0, master=660
[LIVE] udp=0.0/s, objs=0.0/s, last_udp=8.76s, meas=1, tracks=2, valid=0, master=660
[LIVE] udp=0.0/s, objs=0.0/s, last_udp=9.76s, meas=1, tracks=2, valid=0, master=660
[LIVE] udp=0.0/s, objs=0.0/s, last_udp=10.76s, meas=1, tracks=2, valid=0, master=660
[LIVE] udp=0.0/s, objs=0.0/s, last_udp=11.76s, meas=1, tracks=2, valid=0, master=660
[GPS] GGA fix_quality=1, num_sats=09, hdop=1.4, lat=30.408339938666668, lon=104.0887467015
[LIVE] udp=0.0/s, objs=0.0/s, last_udp=12.77s, meas=1, tracks=2, valid=0, master=660
[LIVE] udp=0.0/s, objs=0.0/s, last_udp=13.77s, meas=1, tracks=2, valid=0, master=660
[LIVE] udp=0.0/s, objs=0.0/s, last_udp=14.78s, meas=1, tracks=2, valid=0, master=660
[LIVE] udp=0.0/s, objs=0.0/s, last_udp=15.78s, meas=1, tracks=2, valid=0, master=660
[LIVE] udp=0.0/s, objs=0.0/s, last_udp=16.79s, meas=1, tracks=2, valid=0, master=660
[LIVE] udp=0.0/s, objs=0.0/s, last_udp=17.79s, meas=1, tracks=2, valid=0, master=660
[LIVE] udp=0.0/s, objs=0.0/s, last_udp=18.79s, meas=1, tracks=2, valid=0, master=660
[LIVE] udp=0.0/s, objs=0.0/s, last_udp=19.80s, meas=1, tracks=2, valid=0, master=660
[LIVE] udp=0.0/s, objs=0.0/s, last_udp=20.80s, meas=1, tracks=2, valid=0, master=660
[LIVE] udp=0.0/s, objs=0.0/s, last_udp=21.80s, meas=1, tracks=2, valid=0, master=660
[GPS] GGA fix_quality=1, num_sats=09, hdop=1.4, lat=30.408343330166666, lon=104.08875645233333
[LIVE] udp=0.0/s, objs=0.0/s, last_udp=22.80s, meas=1, tracks=2, valid=0, master=660
[LIVE] udp=0.0/s, objs=0.0/s, last_udp=23.81s, meas=1, tracks=2, valid=0, master=660
[LIVE] udp=0.0/s, objs=0.0/s, last_udp=24.81s, meas=1, tracks=2, valid=0, master=660
[LIVE] udp=0.0/s, objs=0.0/s, last_udp=25.81s, meas=1, tracks=2, valid=0, master=660
[LIVE] udp=0.0/s, objs=0.0/s, last_udp=26.81s, meas=1, tracks=2, valid=0, master=660
[LIVE] udp=0.0/s, objs=0.0/s, last_udp=27.81s, meas=1, tracks=2, valid=0, master=660
[LIVE] udp=0.0/s, objs=0.0/s, last_udp=28.82s, meas=1, tracks=2, valid=0, master=660
[LIVE] udp=0.0/s, objs=0.0/s, last_udp=29.82s, meas=1, tracks=2, valid=0, master=660
[LIVE] udp=0.0/s, objs=0.0/s, last_udp=30.82s, meas=1, tracks=2, valid=0, master=660
[LIVE] udp=0.0/s, objs=0.0/s, last_udp=31.82s, meas=1, tracks=2, valid=0, master=660
[GPS] GGA fix_quality=1, num_sats=11, hdop=1.2, lat=30.4083409635, lon=104.08875930383333
[LIVE] udp=0.0/s, objs=0.0/s, last_udp=32.82s, meas=1, tracks=2, valid=0, master=660
[LIVE] udp=0.0/s, objs=0.0/s, last_udp=33.83s, meas=1, tracks=2, valid=0, master=660
[LIVE] udp=0.0/s, objs=0.0/s, last_udp=34.83s, meas=1, tracks=2, valid=0, master=660
[LIVE] udp=0.0/s, objs=0.0/s, last_udp=35.83s, meas=1, tracks=2, valid=0, master=660
[LIVE] udp=0.0/s, objs=0.0/s, last_udp=36.83s, meas=1, tracks=2, valid=0, master=660
[LIVE] udp=0.0/s, objs=0.0/s, last_udp=37.84s, meas=1, tracks=2, valid=0, master=660
[LIVE] udp=0.0/s, objs=0.0/s, last_udp=38.84s, meas=1, tracks=2, valid=0, master=660
[LIVE] udp=0.0/s, objs=0.0/s, last_udp=39.84s, meas=1, tracks=2, valid=0, master=660
[LIVE] udp=0.0/s, objs=0.0/s, last_udp=40.84s, meas=1, tracks=2, valid=0, master=660
[LIVE] udp=0.0/s, objs=0.0/s, last_udp=41.85s, meas=1, tracks=2, valid=0, master=660
[GPS] GGA fix_quality=1, num_sats=08, hdop=3.0, lat=30.4083465065, lon=104.08877019566667
[LIVE] udp=0.0/s, objs=0.0/s, last_udp=42.85s, meas=1, tracks=2, valid=0, master=660
[LIVE] udp=0.0/s, objs=0.0/s, last_udp=43.85s, meas=1, tracks=2, valid=0, master=660
[LIVE] udp=0.0/s, objs=0.0/s, last_udp=44.85s, meas=1, tracks=2, valid=0, master=660
[LIVE] udp=0.0/s, objs=0.0/s, last_udp=45.85s, meas=1, tracks=2, valid=0, master=660
[LIVE] udp=0.0/s, objs=0.0/s, last_udp=46.86s, meas=1, tracks=2, valid=0, master=660
[LIVE] udp=0.0/s, objs=0.0/s, last_udp=47.86s, meas=1, tracks=2, valid=0, master=660
[LIVE] udp=0.0/s, objs=0.0/s, last_udp=48.86s, meas=1, tracks=2, valid=0, master=660
[LIVE] udp=2.0/s, objs=2.0/s, last_udp=0.19s, meas=1, tracks=1, valid=0, master=660
[LIVE] udp=0.0/s, objs=0.0/s, last_udp=1.19s, meas=1, tracks=1, valid=0, master=660
[LIVE] udp=0.0/s, objs=0.0/s, last_udp=2.19s, meas=1, tracks=1, valid=0, master=660
[GPS] GGA fix_quality=1, num_sats=08, hdop=3.0, lat=30.4083574725, lon=104.08878304166667
[LIVE] udp=0.0/s, objs=0.0/s, last_udp=3.20s, meas=1, tracks=1, valid=0, master=660
[LIVE] udp=0.0/s, objs=0.0/s, last_udp=4.20s, meas=1, tracks=1, valid=0, master=660
[LIVE] udp=0.0/s, objs=0.0/s, last_udp=5.20s, meas=1, tracks=1, valid=0, master=660
[LIVE] udp=0.0/s, objs=0.0/s, last_udp=6.20s, meas=1, tracks=1, valid=0, master=660
[LIVE] udp=0.0/s, objs=0.0/s, last_udp=7.20s, meas=1, tracks=1, valid=0, master=660
[LIVE] udp=0.0/s, objs=0.0/s, last_udp=8.21s, meas=1, tracks=1, valid=0, master=660
[LIVE] udp=0.0/s, objs=0.0/s, last_udp=9.21s, meas=1, tracks=1, valid=0, master=660
[LIVE] udp=0.0/s, objs=0.0/s, last_udp=10.21s, meas=1, tracks=1, valid=0, master=660
[LIVE] udp=0.0/s, objs=0.0/s, last_udp=11.21s, meas=1, tracks=1, valid=0, master=660
[LIVE] udp=0.0/s, objs=0.0/s, last_udp=12.21s, meas=1, tracks=1, valid=0, master=660
[GPS] GGA fix_quality=1, num_sats=08, hdop=3.0, lat=30.408369436, lon=104.08878623516667
[LIVE] udp=0.0/s, objs=0.0/s, last_udp=13.21s, meas=1, tracks=1, valid=0, master=660
[LIVE] udp=0.0/s, objs=0.0/s, last_udp=14.21s, meas=1, tracks=1, valid=0, master=660
[LIVE] udp=0.0/s, objs=0.0/s, last_udp=15.22s, meas=1, tracks=1, valid=0, master=660
[LIVE] udp=0.0/s, objs=0.0/s, last_udp=16.22s, meas=1, tracks=1, valid=0, master=660
[LIVE] udp=0.0/s, objs=0.0/s, last_udp=17.22s, meas=1, tracks=1, valid=0, master=660
[LIVE] udp=0.0/s, objs=0.0/s, last_udp=18.22s, meas=1, tracks=1, valid=0, master=660
[LIVE] udp=0.0/s, objs=0.0/s, last_udp=19.23s, meas=1, tracks=1, valid=0, master=660
[LIVE] udp=0.0/s, objs=0.0/s, last_udp=20.23s, meas=1, tracks=1, valid=0, master=660
[LIVE] udp=0.0/s, objs=0.0/s, last_udp=21.23s, meas=1, tracks=1, valid=0, master=660
[LIVE] udp=0.0/s, objs=0.0/s, last_udp=22.24s, meas=1, tracks=1, valid=0, master=660
[GPS] GGA fix_quality=1, num_sats=09, hdop=2.3, lat=30.408375870166665, lon=104.08879265616666
[LIVE] udp=0.0/s, objs=0.0/s, last_udp=23.24s, meas=1, tracks=1, valid=0, master=660
[LIVE] udp=0.0/s, objs=0.0/s, last_udp=24.24s, meas=1, tracks=1, valid=0, master=660
[LIVE] udp=0.0/s, objs=0.0/s, last_udp=25.24s, meas=1, tracks=1, valid=0, master=660
[LIVE] udp=0.0/s, objs=0.0/s, last_udp=26.24s, meas=1, tracks=1, valid=0, master=660
[LIVE] udp=0.0/s, objs=0.0/s, last_udp=27.24s, meas=1, tracks=1, valid=0, master=660
[LIVE] udp=1.0/s, objs=1.0/s, last_udp=0.07s, meas=1, tracks=1, valid=0, master=660
[LIVE] udp=0.0/s, objs=0.0/s, last_udp=1.07s, meas=1, tracks=1, valid=0, master=660
[LIVE] udp=0.0/s, objs=0.0/s, last_udp=2.08s, meas=1, tracks=1, valid=0, master=660
[LIVE] udp=0.0/s, objs=0.0/s, last_udp=3.08s, meas=1, tracks=1, valid=0, master=660
[LIVE] udp=0.0/s, objs=0.0/s, last_udp=4.08s, meas=1, tracks=1, valid=0, master=660
[GPS] GGA fix_quality=1, num_sats=11, hdop=1.1, lat=30.408381579833332, lon=104.08879944333333
[LIVE] udp=0.0/s, objs=0.0/s, last_udp=5.08s, meas=1, tracks=1, valid=0, master=660
[LIVE] udp=0.0/s, objs=0.0/s, last_udp=6.09s, meas=1, tracks=1, valid=0, master=660
[LIVE] udp=0.0/s, objs=0.0/s, last_udp=7.09s, meas=1, tracks=1, valid=0, master=660
[LIVE] udp=0.0/s, objs=0.0/s, last_udp=8.09s, meas=1, tracks=1, valid=0, master=660
[LIVE] udp=0.0/s, objs=0.0/s, last_udp=9.09s, meas=1, tracks=1, valid=0, master=660
[LIVE] udp=0.0/s, objs=0.0/s, last_udp=10.09s, meas=1, tracks=1, valid=0, master=660
[LIVE] udp=0.0/s, objs=0.0/s, last_udp=11.09s, meas=1, tracks=1, valid=0, master=660
[LIVE] udp=0.0/s, objs=0.0/s, last_udp=12.10s, meas=1, tracks=1, valid=0, master=660
[LIVE] udp=0.0/s, objs=0.0/s, last_udp=13.10s, meas=1, tracks=1, valid=0, master=660
[LIVE] udp=0.0/s, objs=0.0/s, last_udp=14.10s, meas=1, tracks=1, valid=0, master=660
[GPS] GGA fix_quality=1, num_sats=08, hdop=2.1, lat=30.408382016, lon=104.08880555033333
[LIVE] udp=0.0/s, objs=0.0/s, last_udp=15.10s, meas=1, tracks=1, valid=0, master=660
[LIVE] udp=0.0/s, objs=0.0/s, last_udp=16.11s, meas=1, tracks=1, valid=0, master=660
[LIVE] udp=0.0/s, objs=0.0/s, last_udp=17.11s, meas=1, tracks=1, valid=0, master=660
[LIVE] udp=0.0/s, objs=0.0/s, last_udp=18.11s, meas=1, tracks=1, valid=0, master=660
[LIVE] udp=0.0/s, objs=0.0/s, last_udp=19.11s, meas=1, tracks=1, valid=0, master=660
[LIVE] udp=0.0/s, objs=0.0/s, last_udp=20.12s, meas=1, tracks=1, valid=0, master=660
[LIVE] udp=0.0/s, objs=0.0/s, last_udp=21.12s, meas=1, tracks=1, valid=0, master=660
[LIVE] udp=0.0/s, objs=0.0/s, last_udp=22.13s, meas=1, tracks=1, valid=0, master=660
[LIVE] udp=0.0/s, objs=0.0/s, last_udp=23.13s, meas=1, tracks=1, valid=0, master=660
[LIVE] udp=0.0/s, objs=0.0/s, last_udp=24.13s, meas=1, tracks=1, valid=0, master=660
[GPS] GGA fix_quality=1, num_sats=08, hdop=2.1, lat=30.4083792615, lon=104.08880103533333
[LIVE] udp=0.0/s, objs=0.0/s, last_udp=25.14s, meas=1, tracks=1, valid=0, master=660
[LIVE] udp=0.0/s, objs=0.0/s, last_udp=26.14s, meas=1, tracks=1, valid=0, master=660
[LIVE] udp=0.0/s, objs=0.0/s, last_udp=27.14s, meas=1, tracks=1, valid=0, master=660
[LIVE] udp=0.0/s, objs=0.0/s, last_udp=28.15s, meas=1, tracks=1, valid=0, master=660
[LIVE] udp=0.0/s, objs=0.0/s, last_udp=29.15s, meas=1, tracks=1, valid=0, master=660
[LIVE] udp=0.0/s, objs=0.0/s, last_udp=30.15s, meas=1, tracks=1, valid=0, master=660
[LIVE] udp=0.0/s, objs=0.0/s, last_udp=31.16s, meas=1, tracks=1, valid=0, master=660
[LIVE] udp=2.0/s, objs=3.0/s, last_udp=0.11s, meas=2, tracks=2, valid=0, master=660
[LIVE] udp=0.0/s, objs=0.0/s, last_udp=1.11s, meas=2, tracks=2, valid=0, master=660
[LIVE] udp=0.0/s, objs=0.0/s, last_udp=2.11s, meas=2, tracks=2, valid=0, master=660
[GPS] GGA fix_quality=1, num_sats=09, hdop=2.0, lat=30.408386495833334, lon=104.08880662183333
[LIVE] udp=0.0/s, objs=0.0/s, last_udp=3.12s, meas=2, tracks=2, valid=0, master=660
[LIVE] udp=0.0/s, objs=0.0/s, last_udp=4.12s, meas=2, tracks=2, valid=0, master=660
[LIVE] udp=0.0/s, objs=0.0/s, last_udp=5.12s, meas=2, tracks=2, valid=0, master=660
[LIVE] udp=0.0/s, objs=0.0/s, last_udp=6.12s, meas=2, tracks=2, valid=0, master=660
[LIVE] udp=0.0/s, objs=0.0/s, last_udp=7.12s, meas=2, tracks=2, valid=0, master=660
[LIVE] udp=0.0/s, objs=0.0/s, last_udp=8.13s, meas=2, tracks=2, valid=0, master=660
[LIVE] udp=0.0/s, objs=0.0/s, last_udp=9.13s, meas=2, tracks=2, valid=0, master=660
[LIVE] udp=0.0/s, objs=0.0/s, last_udp=10.13s, meas=2, tracks=2, valid=0, master=660
[LIVE] udp=0.0/s, objs=0.0/s, last_udp=11.14s, meas=2, tracks=2, valid=0, master=660
[LIVE] udp=0.0/s, objs=0.0/s, last_udp=12.14s, meas=2, tracks=2, valid=0, master=660
[GPS] GGA fix_quality=1, num_sats=09, hdop=2.0, lat=30.408383864666668, lon=104.08880245133334
[LIVE] udp=0.0/s, objs=0.0/s, last_udp=13.14s, meas=2, tracks=2, valid=0, master=660
[LIVE] udp=0.0/s, objs=0.0/s, last_udp=14.14s, meas=2, tracks=2, valid=0, master=660
[LIVE] udp=0.0/s, objs=0.0/s, last_udp=15.15s, meas=2, tracks=2, valid=0, master=660
[LIVE] udp=0.0/s, objs=0.0/s, last_udp=16.15s, meas=2, tracks=2, valid=0, master=660
[LIVE] udp=0.0/s, objs=0.0/s, last_udp=17.15s, meas=2, tracks=2, valid=0, master=660
[LIVE] udp=3.0/s, objs=3.0/s, last_udp=0.06s, meas=1, tracks=3, valid=0, master=660
[LIVE] udp=0.0/s, objs=0.0/s, last_udp=1.07s, meas=1, tracks=3, valid=0, master=660
[LIVE] udp=0.0/s, objs=0.0/s, last_udp=2.07s, meas=1, tracks=3, valid=0, master=660
[LIVE] udp=0.0/s, objs=0.0/s, last_udp=3.07s, meas=1, tracks=3, valid=0, master=660
[LIVE] udp=0.0/s, objs=0.0/s, last_udp=4.08s, meas=1, tracks=3, valid=0, master=660
[GPS] GGA fix_quality=1, num_sats=10, hdop=1.6, lat=30.408386730166665, lon=104.088807847
[LIVE] udp=0.0/s, objs=0.0/s, last_udp=5.08s, meas=1, tracks=3, valid=0, master=660
[LIVE] udp=0.0/s, objs=0.0/s, last_udp=6.08s, meas=1, tracks=3, valid=0, master=660
[LIVE] udp=0.0/s, objs=0.0/s, last_udp=7.08s, meas=1, tracks=3, valid=0, master=660
[LIVE] udp=0.0/s, objs=0.0/s, last_udp=8.09s, meas=1, tracks=3, valid=0, master=660
[LIVE] udp=0.0/s, objs=0.0/s, last_udp=9.09s, meas=1, tracks=3, valid=0, master=660
[LIVE] udp=0.0/s, objs=0.0/s, last_udp=10.09s, meas=1, tracks=3, valid=0, master=660
[LIVE] udp=0.0/s, objs=0.0/s, last_udp=11.10s, meas=1, tracks=3, valid=0, master=660
[LIVE] udp=0.0/s, objs=0.0/s, last_udp=12.10s, meas=1, tracks=3, valid=0, master=660
[LIVE] udp=0.0/s, objs=0.0/s, last_udp=13.10s, meas=1, tracks=3, valid=0, master=660
[LIVE] udp=0.0/s, objs=0.0/s, last_udp=14.11s, meas=1, tracks=3, valid=0, master=660
[GPS] GGA fix_quality=1, num_sats=09, hdop=2.1, lat=30.408388796833332, lon=104.08881246733333
[LIVE] udp=0.0/s, objs=0.0/s, last_udp=15.11s, meas=1, tracks=3, valid=0, master=660
[LIVE] udp=0.0/s, objs=0.0/s, last_udp=16.11s, meas=1, tracks=3, valid=0, master=660
[LIVE] udp=0.0/s, objs=0.0/s, last_udp=17.11s, meas=1, tracks=3, valid=0, master=660
[LIVE] udp=0.0/s, objs=0.0/s, last_udp=18.12s, meas=1, tracks=3, valid=0, master=660
[LIVE] udp=0.0/s, objs=0.0/s, last_udp=19.12s, meas=1, tracks=3, valid=0, master=660
[LIVE] udp=0.0/s, objs=0.0/s, last_udp=20.12s, meas=1, tracks=3, valid=0, master=660
[LIVE] udp=0.0/s, objs=0.0/s, last_udp=21.13s, meas=1, tracks=3, valid=0, master=660
[LIVE] udp=0.0/s, objs=0.0/s, last_udp=22.13s, meas=1, tracks=3, valid=0, master=660
[LIVE] udp=0.0/s, objs=0.0/s, last_udp=23.13s, meas=1, tracks=3, valid=0, master=660
[LIVE] udp=0.0/s, objs=0.0/s, last_udp=24.13s, meas=1, tracks=3, valid=0, master=660
[GPS] GGA fix_quality=1, num_sats=08, hdop=3.3, lat=30.408387181, lon=104.08880703066667
[LIVE] udp=0.0/s, objs=0.0/s, last_udp=25.14s, meas=1, tracks=3, valid=0, master=660
[LIVE] udp=0.0/s, objs=0.0/s, last_udp=26.14s, meas=1, tracks=3, valid=0, master=660
[LIVE] udp=0.0/s, objs=0.0/s, last_udp=27.14s, meas=1, tracks=3, valid=0, master=660
[LIVE] udp=0.0/s, objs=0.0/s, last_udp=28.14s, meas=1, tracks=3, valid=0, master=660
[LIVE] udp=0.0/s, objs=0.0/s, last_udp=29.15s, meas=1, tracks=3, valid=0, master=660
[LIVE] udp=0.0/s, objs=0.0/s, last_udp=30.15s, meas=1, tracks=3, valid=0, master=660
[LIVE] udp=0.0/s, objs=0.0/s, last_udp=31.16s, meas=1, tracks=3, valid=0, master=660
[LIVE] udp=0.0/s, objs=0.0/s, last_udp=32.16s, meas=1, tracks=3, valid=0, master=660
[LIVE] udp=0.0/s, objs=0.0/s, last_udp=33.16s, meas=1, tracks=3, valid=0, master=660
[LIVE] udp=0.0/s, objs=0.0/s, last_udp=34.16s, meas=1, tracks=3, valid=0, master=660
[GPS] GGA fix_quality=1, num_sats=10, hdop=1.9, lat=30.408386248166668, lon=104.08880627833334
[LIVE] udp=0.0/s, objs=0.0/s, last_udp=35.16s, meas=1, tracks=3, valid=0, master=660
[LIVE] udp=0.0/s, objs=0.0/s, last_udp=36.17s, meas=1, tracks=3, valid=0, master=660
[LIVE] udp=0.0/s, objs=0.0/s, last_udp=37.17s, meas=1, tracks=3, valid=0, master=660
[LIVE] udp=0.0/s, objs=0.0/s, last_udp=38.18s, meas=1, tracks=3, valid=0, master=660
[LIVE] udp=0.0/s, objs=0.0/s, last_udp=39.18s, meas=1, tracks=3, valid=0, master=660
[LIVE] udp=0.0/s, objs=0.0/s, last_udp=40.18s, meas=1, tracks=3, valid=0, master=660
[LIVE] udp=0.0/s, objs=0.0/s, last_udp=41.18s, meas=1, tracks=3, valid=0, master=660
[LIVE] udp=0.0/s, objs=0.0/s, last_udp=42.19s, meas=1, tracks=3, valid=0, master=660
[LIVE] udp=0.0/s, objs=0.0/s, last_udp=43.19s, meas=1, tracks=3, valid=0, master=660
[LIVE] udp=0.0/s, objs=0.0/s, last_udp=44.19s, meas=1, tracks=3, valid=0, master=660
[GPS] GGA fix_quality=1, num_sats=09, hdop=2.3, lat=30.408386030333332, lon=104.08880509066667
[LIVE] udp=0.0/s, objs=0.0/s, last_udp=45.20s, meas=1, tracks=3, valid=0, master=660
[LIVE] udp=0.0/s, objs=0.0/s, last_udp=46.20s, meas=1, tracks=3, valid=0, master=660
[LIVE] udp=0.0/s, objs=0.0/s, last_udp=47.20s, meas=1, tracks=3, valid=0, master=660
[LIVE] udp=0.0/s, objs=0.0/s, last_udp=48.20s, meas=1, tracks=3, valid=0, master=660
[LIVE] udp=0.0/s, objs=0.0/s, last_udp=49.21s, meas=1, tracks=3, valid=0, master=660
[LIVE] udp=0.0/s, objs=0.0/s, last_udp=50.21s, meas=1, tracks=3, valid=0, master=660
[LIVE] udp=0.0/s, objs=0.0/s, last_udp=51.21s, meas=1, tracks=3, valid=0, master=660
[LIVE] udp=0.0/s, objs=0.0/s, last_udp=52.22s, meas=1, tracks=3, valid=0, master=660
[LIVE] udp=0.0/s, objs=0.0/s, last_udp=53.22s, meas=1, tracks=3, valid=0, master=660
[LIVE] udp=0.0/s, objs=0.0/s, last_udp=54.22s, meas=1, tracks=3, valid=0, master=660
[GPS] GGA fix_quality=1, num_sats=08, hdop=2.9, lat=30.408386110166667, lon=104.08880512566667
[LIVE] udp=0.0/s, objs=0.0/s, last_udp=55.22s, meas=1, tracks=3, valid=0, master=660
[LIVE] udp=0.0/s, objs=0.0/s, last_udp=56.23s, meas=1, tracks=3, valid=0, master=660
[LIVE] udp=0.0/s, objs=0.0/s, last_udp=57.23s, meas=1, tracks=3, valid=0, master=660
[LIVE] udp=0.0/s, objs=0.0/s, last_udp=58.23s, meas=1, tracks=3, valid=0, master=660
[LIVE] udp=0.0/s, objs=0.0/s, last_udp=59.23s, meas=1, tracks=3, valid=0, master=660
[LIVE] udp=0.0/s, objs=0.0/s, last_udp=60.23s, meas=1, tracks=3, valid=0, master=660
[LIVE] udp=0.0/s, objs=0.0/s, last_udp=61.24s, meas=1, tracks=3, valid=0, master=660
[LIVE] udp=0.0/s, objs=0.0/s, last_udp=62.24s, meas=1, tracks=3, valid=0, master=660
[LIVE] udp=0.0/s, objs=0.0/s, last_udp=63.24s, meas=1, tracks=3, valid=0, master=660
[LIVE] udp=0.0/s, objs=0.0/s, last_udp=64.25s, meas=1, tracks=3, valid=0, master=660
[GPS] GGA fix_quality=1, num_sats=08, hdop=2.9, lat=30.408386152333332, lon=104.08880499066667
[LIVE] udp=0.0/s, objs=0.0/s, last_udp=65.25s, meas=1, tracks=3, valid=0, master=660
[LIVE] udp=0.0/s, objs=0.0/s, last_udp=66.25s, meas=1, tracks=3, valid=0, master=660
[LIVE] udp=0.0/s, objs=0.0/s, last_udp=67.26s, meas=1, tracks=3, valid=0, master=660
[LIVE] udp=0.0/s, objs=0.0/s, last_udp=68.26s, meas=1, tracks=3, valid=0, master=660
[LIVE] udp=0.0/s, objs=0.0/s, last_udp=69.26s, meas=1, tracks=3, valid=0, master=660
[LIVE] udp=0.0/s, objs=0.0/s, last_udp=70.27s, meas=1, tracks=3, valid=0, master=660
[LIVE] udp=0.0/s, objs=0.0/s, last_udp=71.27s, meas=1, tracks=3, valid=0, master=660
[LIVE] udp=0.0/s, objs=0.0/s, last_udp=72.27s, meas=1, tracks=3, valid=0, master=660
[LIVE] udp=0.0/s, objs=0.0/s, last_udp=73.28s, meas=1, tracks=3, valid=0, master=660
[LIVE] udp=0.0/s, objs=0.0/s, last_udp=74.28s, meas=1, tracks=3, valid=0, master=660
[GPS] GGA fix_quality=1, num_sats=09, hdop=1.8, lat=30.408386245166668, lon=104.0888048615
[LIVE] udp=0.0/s, objs=0.0/s, last_udp=75.28s, meas=1, tracks=3, valid=0, master=660
[LIVE] udp=0.0/s, objs=0.0/s, last_udp=76.28s, meas=1, tracks=3, valid=0, master=660
[LIVE] udp=0.0/s, objs=0.0/s, last_udp=77.28s, meas=1, tracks=3, valid=0, master=660
[LIVE] udp=0.0/s, objs=0.0/s, last_udp=78.29s, meas=1, tracks=3, valid=0, master=660
[LIVE] udp=0.0/s, objs=0.0/s, last_udp=79.29s, meas=1, tracks=3, valid=0, master=660
[LIVE] udp=0.0/s, objs=0.0/s, last_udp=80.29s, meas=1, tracks=3, valid=0, master=660
[LIVE] udp=0.0/s, objs=0.0/s, last_udp=81.30s, meas=1, tracks=3, valid=0, master=660
[LIVE] udp=0.0/s, objs=0.0/s, last_udp=82.30s, meas=1, tracks=3, valid=0, master=660
[LIVE] udp=0.0/s, objs=0.0/s, last_udp=83.30s, meas=1, tracks=3, valid=0, master=660
[LIVE] udp=0.0/s, objs=0.0/s, last_udp=84.30s, meas=1, tracks=3, valid=0, master=660
[GPS] GGA fix_quality=1, num_sats=12, hdop=1.0, lat=30.4083863225, lon=104.0888049015
[LIVE] udp=0.0/s, objs=0.0/s, last_udp=85.31s, meas=1, tracks=3, valid=0, master=660
[LIVE] udp=0.0/s, objs=0.0/s, last_udp=86.31s, meas=1, tracks=3, valid=0, master=660
[LIVE] udp=0.0/s, objs=0.0/s, last_udp=87.31s, meas=1, tracks=3, valid=0, master=660
[LIVE] udp=0.0/s, objs=0.0/s, last_udp=88.31s, meas=1, tracks=3, valid=0, master=660
[LIVE] udp=0.0/s, objs=0.0/s, last_udp=89.32s, meas=1, tracks=3, valid=0, master=660
[LIVE] udp=0.0/s, objs=0.0/s, last_udp=90.32s, meas=1, tracks=3, valid=0, master=660
[LIVE] udp=0.0/s, objs=0.0/s, last_udp=91.32s, meas=1, tracks=3, valid=0, master=660
[LIVE] udp=0.0/s, objs=0.0/s, last_udp=92.32s, meas=1, tracks=3, valid=0, master=660
[LIVE] udp=0.0/s, objs=0.0/s, last_udp=93.33s, meas=1, tracks=3, valid=0, master=660
[LIVE] udp=0.0/s, objs=0.0/s, last_udp=94.33s, meas=1, tracks=3, valid=0, master=660
[GPS] GGA fix_quality=1, num_sats=12, hdop=1.0, lat=30.4083863325, lon=104.08880455816667
[LIVE] udp=0.0/s, objs=0.0/s, last_udp=95.33s, meas=1, tracks=3, valid=0, master=660
[LIVE] udp=0.0/s, objs=0.0/s, last_udp=96.34s, meas=1, tracks=3, valid=0, master=660
[LIVE] udp=0.0/s, objs=0.0/s, last_udp=97.34s, meas=1, tracks=3, valid=0, master=660
[LIVE] udp=0.0/s, objs=0.0/s, last_udp=98.34s, meas=1, tracks=3, valid=0, master=660
[LIVE] udp=0.0/s, objs=0.0/s, last_udp=99.35s, meas=1, tracks=3, valid=0, master=660
[LIVE] udp=0.0/s, objs=0.0/s, last_udp=100.35s, meas=1, tracks=3, valid=0, master=660
[LIVE] udp=0.0/s, objs=0.0/s, last_udp=101.35s, meas=1, tracks=3, valid=0, master=660
[LIVE] udp=0.0/s, objs=0.0/s, last_udp=102.35s, meas=1, tracks=3, valid=0, master=660
[LIVE] udp=0.0/s, objs=0.0/s, last_udp=103.35s, meas=1, tracks=3, valid=0, master=660
[LIVE] udp=0.0/s, objs=0.0/s, last_udp=104.36s, meas=1, tracks=3, valid=0, master=660
[GPS] GGA fix_quality=1, num_sats=10, hdop=1.7, lat=30.408386396833333, lon=104.08880449
[LIVE] udp=0.0/s, objs=0.0/s, last_udp=105.36s, meas=1, tracks=3, valid=0, master=660
[LIVE] udp=0.0/s, objs=0.0/s, last_udp=106.36s, meas=1, tracks=3, valid=0, master=660
[LIVE] udp=0.0/s, objs=0.0/s, last_udp=107.37s, meas=1, tracks=3, valid=0, master=660
[LIVE] udp=0.0/s, objs=0.0/s, last_udp=108.37s, meas=1, tracks=3, valid=0, master=660
[LIVE] udp=0.0/s, objs=0.0/s, last_udp=109.37s, meas=1, tracks=3, valid=0, master=660
[LIVE] udp=1.0/s, objs=1.0/s, last_udp=0.34s, meas=1, tracks=1, valid=0, master=660
[LIVE] udp=0.0/s, objs=0.0/s, last_udp=1.34s, meas=1, tracks=1, valid=0, master=660
[LIVE] udp=0.0/s, objs=0.0/s, last_udp=2.35s, meas=1, tracks=1, valid=0, master=660
[LIVE] udp=0.0/s, objs=0.0/s, last_udp=3.35s, meas=1, tracks=1, valid=0, master=660
[LIVE] udp=0.0/s, objs=0.0/s, last_udp=4.36s, meas=1, tracks=1, valid=0, master=660
[GPS] GGA fix_quality=1, num_sats=11, hdop=1.4, lat=30.408386436166666, lon=104.08880448283334
[LIVE] udp=0.0/s, objs=0.0/s, last_udp=5.36s, meas=1, tracks=1, valid=0, master=660
[LIVE] udp=0.0/s, objs=0.0/s, last_udp=6.36s, meas=1, tracks=1, valid=0, master=660
[LIVE] udp=0.0/s, objs=0.0/s, last_udp=7.37s, meas=1, tracks=1, valid=0, master=660
[LIVE] udp=0.0/s, objs=0.0/s, last_udp=8.37s, meas=1, tracks=1, valid=0, master=660
[LIVE] udp=0.0/s, objs=0.0/s, last_udp=9.37s, meas=1, tracks=1, valid=0, master=660
[LIVE] udp=0.0/s, objs=0.0/s, last_udp=10.37s, meas=1, tracks=1, valid=0, master=660
[LIVE] udp=0.0/s, objs=0.0/s, last_udp=11.38s, meas=1, tracks=1, valid=0, master=660
[LIVE] udp=0.0/s, objs=0.0/s, last_udp=12.38s, meas=1, tracks=1, valid=0, master=660
[LIVE] udp=0.0/s, objs=0.0/s, last_udp=13.38s, meas=1, tracks=1, valid=0, master=660
[LIVE] udp=0.0/s, objs=0.0/s, last_udp=14.38s, meas=1, tracks=1, valid=0, master=660
[GPS] GGA fix_quality=1, num_sats=12, hdop=1.3, lat=30.408386469833335, lon=104.08880440666667
[LIVE] udp=0.0/s, objs=0.0/s, last_udp=15.38s, meas=1, tracks=1, valid=0, master=660
[LIVE] udp=0.0/s, objs=0.0/s, last_udp=16.38s, meas=1, tracks=1, valid=0, master=660
[LIVE] udp=0.0/s, objs=0.0/s, last_udp=17.38s, meas=1, tracks=1, valid=0, master=660
[LIVE] udp=0.0/s, objs=0.0/s, last_udp=18.38s, meas=1, tracks=1, valid=0, master=660
[LIVE] udp=0.0/s, objs=0.0/s, last_udp=19.39s, meas=1, tracks=1, valid=0, master=660
[LIVE] udp=0.0/s, objs=0.0/s, last_udp=20.39s, meas=1, tracks=1, valid=0, master=660
[LIVE] udp=0.0/s, objs=0.0/s, last_udp=21.39s, meas=1, tracks=1, valid=0, master=660
[LIVE] udp=0.0/s, objs=0.0/s, last_udp=22.39s, meas=1, tracks=1, valid=0, master=660
[LIVE] udp=0.0/s, objs=0.0/s, last_udp=23.39s, meas=1, tracks=1, valid=0, master=660
[LIVE] udp=0.0/s, objs=0.0/s, last_udp=24.39s, meas=1, tracks=1, valid=0, master=660
[GPS] GGA fix_quality=1, num_sats=12, hdop=1.0, lat=30.408386522, lon=104.088804375
[LIVE] udp=0.0/s, objs=0.0/s, last_udp=25.39s, meas=1, tracks=1, valid=0, master=660
[LIVE] udp=0.0/s, objs=0.0/s, last_udp=26.40s, meas=1, tracks=1, valid=0, master=660
[LIVE] udp=0.0/s, objs=0.0/s, last_udp=27.40s, meas=1, tracks=1, valid=0, master=660
[LIVE] udp=0.0/s, objs=0.0/s, last_udp=28.40s, meas=1, tracks=1, valid=0, master=660
[LIVE] udp=0.0/s, objs=0.0/s, last_udp=29.41s, meas=1, tracks=1, valid=0, master=660
[LIVE] udp=0.0/s, objs=0.0/s, last_udp=30.41s, meas=1, tracks=1, valid=0, master=660
[LIVE] udp=0.0/s, objs=0.0/s, last_udp=31.41s, meas=1, tracks=1, valid=0, master=660
[LIVE] udp=0.0/s, objs=0.0/s, last_udp=32.41s, meas=1, tracks=1, valid=0, master=660
[LIVE] udp=0.0/s, objs=0.0/s, last_udp=33.42s, meas=1, tracks=1, valid=0, master=660
[LIVE] udp=0.0/s, objs=0.0/s, last_udp=34.42s, meas=1, tracks=1, valid=0, master=660
[GPS] GGA fix_quality=1, num_sats=11, hdop=1.1, lat=30.4083866495, lon=104.08880442116667
[LIVE] udp=0.0/s, objs=0.0/s, last_udp=35.42s, meas=1, tracks=1, valid=0, master=660
[LIVE] udp=0.0/s, objs=0.0/s, last_udp=36.42s, meas=1, tracks=1, valid=0, master=660
[LIVE] udp=0.0/s, objs=0.0/s, last_udp=37.43s, meas=1, tracks=1, valid=0, master=660
[LIVE] udp=0.0/s, objs=0.0/s, last_udp=38.43s, meas=1, tracks=1, valid=0, master=660
[LIVE] udp=0.0/s, objs=0.0/s, last_udp=39.43s, meas=1, tracks=1, valid=0, master=660
[LIVE] udp=0.0/s, objs=0.0/s, last_udp=40.43s, meas=1, tracks=1, valid=0, master=660
[LIVE] udp=0.0/s, objs=0.0/s, last_udp=41.43s, meas=1, tracks=1, valid=0, master=660
[LIVE] udp=0.0/s, objs=0.0/s, last_udp=42.44s, meas=1, tracks=1, valid=0, master=660
[LIVE] udp=0.0/s, objs=0.0/s, last_udp=43.44s, meas=1, tracks=1, valid=0, master=660
[LIVE] udp=0.0/s, objs=0.0/s, last_udp=44.44s, meas=1, tracks=1, valid=0, master=660
[GPS] GGA fix_quality=1, num_sats=11, hdop=1.1, lat=30.408386607666667, lon=104.08880426183333
[LIVE] udp=0.0/s, objs=0.0/s, last_udp=45.45s, meas=1, tracks=1, valid=0, master=660
[LIVE] udp=0.0/s, objs=0.0/s, last_udp=46.45s, meas=1, tracks=1, valid=0, master=660
[LIVE] udp=0.0/s, objs=0.0/s, last_udp=47.45s, meas=1, tracks=1, valid=0, master=660
[LIVE] udp=0.0/s, objs=0.0/s, last_udp=48.45s, meas=1, tracks=1, valid=0, master=660
[LIVE] udp=0.0/s, objs=0.0/s, last_udp=49.45s, meas=1, tracks=1, valid=0, master=660
[LIVE] udp=0.0/s, objs=0.0/s, last_udp=50.46s, meas=1, tracks=1, valid=0, master=660
[LIVE] udp=0.0/s, objs=0.0/s, last_udp=51.46s, meas=1, tracks=1, valid=0, master=660
[LIVE] udp=0.0/s, objs=0.0/s, last_udp=52.46s, meas=1, tracks=1, valid=0, master=660
[LIVE] udp=0.0/s, objs=0.0/s, last_udp=53.47s, meas=1, tracks=1, valid=0, master=660
[LIVE] udp=0.0/s, objs=0.0/s, last_udp=54.47s, meas=1, tracks=1, valid=0, master=660
[GPS] GGA fix_quality=1, num_sats=10, hdop=1.3, lat=30.408385961666667, lon=104.08880310083333
[LIVE] udp=0.0/s, objs=0.0/s, last_udp=55.47s, meas=1, tracks=1, valid=0, master=660
[LIVE] udp=0.0/s, objs=0.0/s, last_udp=56.48s, meas=1, tracks=1, valid=0, master=660
[LIVE] udp=0.0/s, objs=0.0/s, last_udp=57.48s, meas=1, tracks=1, valid=0, master=660
[LIVE] udp=0.0/s, objs=0.0/s, last_udp=58.49s, meas=1, tracks=1, valid=0, master=660
[LIVE] udp=0.0/s, objs=0.0/s, last_udp=59.49s, meas=1, tracks=1, valid=0, master=660
[LIVE] udp=0.0/s, objs=0.0/s, last_udp=60.49s, meas=1, tracks=1, valid=0, master=660
[LIVE] udp=0.0/s, objs=0.0/s, last_udp=61.50s, meas=1, tracks=1, valid=0, master=660
[LIVE] udp=0.0/s, objs=0.0/s, last_udp=62.50s, meas=1, tracks=1, valid=0, master=660
[LIVE] udp=0.0/s, objs=0.0/s, last_udp=63.50s, meas=1, tracks=1, valid=0, master=660
[LIVE] udp=0.0/s, objs=0.0/s, last_udp=64.50s, meas=1, tracks=1, valid=0, master=660
[GPS] GGA fix_quality=1, num_sats=12, hdop=1.4, lat=30.408383111833334, lon=104.0887973515
[LIVE] udp=0.0/s, objs=0.0/s, last_udp=65.51s, meas=1, tracks=1, valid=0, master=660
[LIVE] udp=0.0/s, objs=0.0/s, last_udp=66.51s, meas=1, tracks=1, valid=0, master=660
[LIVE] udp=0.0/s, objs=0.0/s, last_udp=67.51s, meas=1, tracks=1, valid=0, master=660
[LIVE] udp=0.0/s, objs=0.0/s, last_udp=68.51s, meas=1, tracks=1, valid=0, master=660
[LIVE] udp=0.0/s, objs=0.0/s, last_udp=69.51s, meas=1, tracks=1, valid=0, master=660
[LIVE] udp=0.0/s, objs=0.0/s, last_udp=70.52s, meas=1, tracks=1, valid=0, master=660
[LIVE] udp=0.0/s, objs=0.0/s, last_udp=71.52s, meas=1, tracks=1, valid=0, master=660
[LIVE] udp=0.0/s, objs=0.0/s, last_udp=72.52s, meas=1, tracks=1, valid=0, master=660
[LIVE] udp=0.0/s, objs=0.0/s, last_udp=73.53s, meas=1, tracks=1, valid=0, master=660
[LIVE] udp=0.0/s, objs=0.0/s, last_udp=74.53s, meas=1, tracks=1, valid=0, master=660
[GPS] GGA fix_quality=1, num_sats=09, hdop=1.5, lat=30.408391958833334, lon=104.088804482
[LIVE] udp=0.0/s, objs=0.0/s, last_udp=75.53s, meas=1, tracks=1, valid=0, master=660
[LIVE] udp=0.0/s, objs=0.0/s, last_udp=76.54s, meas=1, tracks=1, valid=0, master=660
[LIVE] udp=0.0/s, objs=0.0/s, last_udp=77.54s, meas=1, tracks=1, valid=0, master=660
[LIVE] udp=0.0/s, objs=0.0/s, last_udp=78.54s, meas=1, tracks=1, valid=0, master=660
[LIVE] udp=0.0/s, objs=0.0/s, last_udp=79.55s, meas=1, tracks=1, valid=0, master=660
[LIVE] udp=0.0/s, objs=0.0/s, last_udp=80.55s, meas=1, tracks=1, valid=0, master=660
[LIVE] udp=0.0/s, objs=0.0/s, last_udp=81.55s, meas=1, tracks=1, valid=0, master=660
[LIVE] udp=0.0/s, objs=0.0/s, last_udp=82.56s, meas=1, tracks=1, valid=0, master=660
[LIVE] udp=0.0/s, objs=0.0/s, last_udp=83.56s, meas=1, tracks=1, valid=0, master=660
[LIVE] udp=0.0/s, objs=0.0/s, last_udp=84.56s, meas=1, tracks=1, valid=0, master=660
[GPS] GGA fix_quality=1, num_sats=10, hdop=1.7, lat=30.4083920395, lon=104.088801907
[LIVE] udp=0.0/s, objs=0.0/s, last_udp=85.56s, meas=1, tracks=1, valid=0, master=660
[LIVE] udp=0.0/s, objs=0.0/s, last_udp=86.56s, meas=1, tracks=1, valid=0, master=660
[LIVE] udp=0.0/s, objs=0.0/s, last_udp=87.57s, meas=1, tracks=1, valid=0, master=660
[LIVE] udp=0.0/s, objs=0.0/s, last_udp=88.57s, meas=1, tracks=1, valid=0, master=660
[LIVE] udp=0.0/s, objs=0.0/s, last_udp=89.57s, meas=1, tracks=1, valid=0, master=660
[LIVE] udp=0.0/s, objs=0.0/s, last_udp=90.58s, meas=1, tracks=1, valid=0, master=660
[LIVE] udp=0.0/s, objs=0.0/s, last_udp=91.58s, meas=1, tracks=1, valid=0, master=660
[LIVE] udp=0.0/s, objs=0.0/s, last_udp=92.58s, meas=1, tracks=1, valid=0, master=660
[LIVE] udp=0.0/s, objs=0.0/s, last_udp=93.58s, meas=1, tracks=1, valid=0, master=660
[LIVE] udp=0.0/s, objs=0.0/s, last_udp=94.58s, meas=1, tracks=1, valid=0, master=660
[GPS] GGA fix_quality=1, num_sats=11, hdop=1.5, lat=30.408396587166667, lon=104.0888058815
[LIVE] udp=0.0/s, objs=0.0/s, last_udp=95.58s, meas=1, tracks=1, valid=0, master=660
[LIVE] udp=0.0/s, objs=0.0/s, last_udp=96.59s, meas=1, tracks=1, valid=0, master=660
[LIVE] udp=0.0/s, objs=0.0/s, last_udp=97.59s, meas=1, tracks=1, valid=0, master=660
[LIVE] udp=0.0/s, objs=0.0/s, last_udp=98.59s, meas=1, tracks=1, valid=0, master=660
[LIVE] udp=1.0/s, objs=1.0/s, last_udp=0.88s, meas=1, tracks=1, valid=0, master=660
[LIVE] udp=0.0/s, objs=0.0/s, last_udp=1.88s, meas=1, tracks=1, valid=0, master=660
[LIVE] udp=0.0/s, objs=0.0/s, last_udp=2.89s, meas=1, tracks=1, valid=0, master=660
[LIVE] udp=0.0/s, objs=0.0/s, last_udp=3.89s, meas=1, tracks=1, valid=0, master=660
[LIVE] udp=0.0/s, objs=0.0/s, last_udp=4.89s, meas=1, tracks=1, valid=0, master=660
[LIVE] udp=0.0/s, objs=0.0/s, last_udp=5.90s, meas=1, tracks=1, valid=0, master=660
[GPS] GGA fix_quality=1, num_sats=10, hdop=1.6, lat=30.408395796333334, lon=104.0888091705
[LIVE] udp=0.0/s, objs=0.0/s, last_udp=6.90s, meas=1, tracks=1, valid=0, master=660
[LIVE] udp=0.0/s, objs=0.0/s, last_udp=7.90s, meas=1, tracks=1, valid=0, master=660
[LIVE] udp=0.0/s, objs=0.0/s, last_udp=8.90s, meas=1, tracks=1, valid=0, master=660
[LIVE] udp=0.0/s, objs=0.0/s, last_udp=9.90s, meas=1, tracks=1, valid=0, master=660
[LIVE] udp=0.0/s, objs=0.0/s, last_udp=10.91s, meas=1, tracks=1, valid=0, master=660
[LIVE] udp=0.0/s, objs=0.0/s, last_udp=11.91s, meas=1, tracks=1, valid=0, master=660
[LIVE] udp=0.0/s, objs=0.0/s, last_udp=12.91s, meas=1, tracks=1, valid=0, master=660
[LIVE] udp=0.0/s, objs=0.0/s, last_udp=13.92s, meas=1, tracks=1, valid=0, master=660
[LIVE] udp=0.0/s, objs=0.0/s, last_udp=14.92s, meas=1, tracks=1, valid=0, master=660
[GPS] GGA fix_quality=1, num_sats=10, hdop=1.6, lat=30.408392643166668, lon=104.08880846333334
[LIVE] udp=1.0/s, objs=1.0/s, last_udp=0.02s, meas=1, tracks=1, valid=0, master=660
[LIVE] udp=1.0/s, objs=1.0/s, last_udp=0.69s, meas=1, tracks=2, valid=0, master=660
[LIVE] udp=0.0/s, objs=0.0/s, last_udp=1.69s, meas=1, tracks=2, valid=0, master=660
[LIVE] udp=0.0/s, objs=0.0/s, last_udp=2.69s, meas=1, tracks=2, valid=0, master=660
[LIVE] udp=0.0/s, objs=0.0/s, last_udp=3.69s, meas=1, tracks=2, valid=0, master=660
[LIVE] udp=0.0/s, objs=0.0/s, last_udp=4.69s, meas=1, tracks=2, valid=0, master=660
[LIVE] udp=0.0/s, objs=0.0/s, last_udp=5.70s, meas=1, tracks=2, valid=0, master=660
[LIVE] udp=0.0/s, objs=0.0/s, last_udp=6.70s, meas=1, tracks=2, valid=0, master=660
[LIVE] udp=0.0/s, objs=0.0/s, last_udp=7.70s, meas=1, tracks=2, valid=0, master=660
[LIVE] udp=0.0/s, objs=0.0/s, last_udp=8.70s, meas=1, tracks=2, valid=0, master=660
[GPS] GGA fix_quality=1, num_sats=12, hdop=1.4, lat=30.408396670833334, lon=104.0888139675
[LIVE] udp=0.0/s, objs=0.0/s, last_udp=9.70s, meas=1, tracks=2, valid=0, master=660
[LIVE] udp=0.0/s, objs=0.0/s, last_udp=10.71s, meas=1, tracks=2, valid=0, master=660
[LIVE] udp=0.0/s, objs=0.0/s, last_udp=11.71s, meas=1, tracks=2, valid=0, master=660
[LIVE] udp=0.0/s, objs=0.0/s, last_udp=12.71s, meas=1, tracks=2, valid=0, master=660
[LIVE] udp=0.0/s, objs=0.0/s, last_udp=13.71s, meas=1, tracks=2, valid=0, master=660
[LIVE] udp=0.0/s, objs=0.0/s, last_udp=14.72s, meas=1, tracks=2, valid=0, master=660
[LIVE] udp=0.0/s, objs=0.0/s, last_udp=15.72s, meas=1, tracks=2, valid=0, master=660
[LIVE] udp=0.0/s, objs=0.0/s, last_udp=16.72s, meas=1, tracks=2, valid=0, master=660
[LIVE] udp=0.0/s, objs=0.0/s, last_udp=17.72s, meas=1, tracks=2, valid=0, master=660
[LIVE] udp=0.0/s, objs=0.0/s, last_udp=18.72s, meas=1, tracks=2, valid=0, master=660
[GPS] GGA fix_quality=1, num_sats=12, hdop=1.5, lat=30.408400337333333, lon=104.088818031
[LIVE] udp=0.0/s, objs=0.0/s, last_udp=19.73s, meas=1, tracks=2, valid=0, master=660
[LIVE] udp=0.0/s, objs=0.0/s, last_udp=20.73s, meas=1, tracks=2, valid=0, master=660
[LIVE] udp=1.0/s, objs=1.0/s, last_udp=0.73s, meas=1, tracks=1, valid=0, master=660
[LIVE] udp=0.0/s, objs=0.0/s, last_udp=1.73s, meas=1, tracks=1, valid=0, master=660
[LIVE] udp=0.0/s, objs=0.0/s, last_udp=2.73s, meas=1, tracks=1, valid=0, master=660
[LIVE] udp=0.0/s, objs=0.0/s, last_udp=3.74s, meas=1, tracks=1, valid=0, master=660
[LIVE] udp=0.0/s, objs=0.0/s, last_udp=4.74s, meas=1, tracks=1, valid=0, master=660
[LIVE] udp=0.0/s, objs=0.0/s, last_udp=5.75s, meas=1, tracks=1, valid=0, master=660
[LIVE] udp=0.0/s, objs=0.0/s, last_udp=6.75s, meas=1, tracks=1, valid=0, master=660
[LIVE] udp=0.0/s, objs=0.0/s, last_udp=7.76s, meas=1, tracks=1, valid=0, master=660
[GPS] GGA fix_quality=1, num_sats=13, hdop=1.2, lat=30.408409571666667, lon=104.0888316505
[LIVE] udp=0.0/s, objs=0.0/s, last_udp=8.76s, meas=1, tracks=1, valid=0, master=660
[LIVE] udp=0.0/s, objs=0.0/s, last_udp=9.76s, meas=1, tracks=1, valid=0, master=660
[LIVE] udp=1.0/s, objs=1.0/s, last_udp=0.27s, meas=1, tracks=1, valid=0, master=660
[LIVE] udp=3.0/s, objs=3.0/s, last_udp=0.28s, meas=1, tracks=1, valid=1, master=675
[LIVE] udp=2.0/s, objs=2.0/s, last_udp=0.28s, meas=1, tracks=1, valid=1, master=675
[LIVE] udp=1.0/s, objs=1.0/s, last_udp=0.29s, meas=1, tracks=1, valid=0, master=675
[LIVE] udp=0.0/s, objs=0.0/s, last_udp=1.29s, meas=1, tracks=1, valid=0, master=675
[LIVE] udp=0.0/s, objs=0.0/s, last_udp=2.30s, meas=1, tracks=1, valid=0, master=675
[LIVE] udp=0.0/s, objs=0.0/s, last_udp=3.30s, meas=1, tracks=1, valid=0, master=675
[LIVE] udp=1.0/s, objs=1.0/s, last_udp=0.33s, meas=1, tracks=1, valid=0, master=675
[GPS] GGA fix_quality=1, num_sats=10, hdop=1.7, lat=30.408426362, lon=104.0888624875
[LIVE] udp=5.0/s, objs=10.0/s, last_udp=0.32s, meas=1, tracks=4, valid=0, master=677
[LIVE] udp=1.0/s, objs=1.0/s, last_udp=0.99s, meas=1, tracks=2, valid=0, master=677
[LIVE] udp=0.0/s, objs=0.0/s, last_udp=1.99s, meas=1, tracks=2, valid=0, master=677
[LIVE] udp=0.0/s, objs=0.0/s, last_udp=3.00s, meas=1, tracks=2, valid=0, master=677
[LIVE] udp=0.0/s, objs=0.0/s, last_udp=4.00s, meas=1, tracks=2, valid=0, master=677
[LIVE] udp=0.0/s, objs=0.0/s, last_udp=5.00s, meas=1, tracks=2, valid=0, master=677
[LIVE] udp=0.0/s, objs=0.0/s, last_udp=6.00s, meas=1, tracks=2, valid=0, master=677
[LIVE] udp=3.0/s, objs=6.0/s, last_udp=0.35s, meas=1, tracks=3, valid=1, master=681
[LIVE] udp=0.0/s, objs=0.0/s, last_udp=1.35s, meas=1, tracks=3, valid=1, master=681
[LIVE] udp=0.0/s, objs=0.0/s, last_udp=2.35s, meas=1, tracks=3, valid=1, master=681
[GPS] GGA fix_quality=1, num_sats=11, hdop=1.2, lat=30.408444777833335, lon=104.08889407083333
[LIVE] udp=0.0/s, objs=0.0/s, last_udp=3.36s, meas=1, tracks=3, valid=1, master=681
[LIVE] udp=0.0/s, objs=0.0/s, last_udp=4.36s, meas=1, tracks=3, valid=1, master=681
[LIVE] udp=0.0/s, objs=0.0/s, last_udp=5.36s, meas=1, tracks=3, valid=1, master=681
[LIVE] udp=0.0/s, objs=0.0/s, last_udp=6.36s, meas=1, tracks=3, valid=1, master=681
[LIVE] udp=0.0/s, objs=0.0/s, last_udp=7.36s, meas=1, tracks=3, valid=1, master=681
[LIVE] udp=0.0/s, objs=0.0/s, last_udp=8.36s, meas=1, tracks=3, valid=1, master=681
[LIVE] udp=0.0/s, objs=0.0/s, last_udp=9.37s, meas=1, tracks=3, valid=1, master=681
[LIVE] udp=0.0/s, objs=0.0/s, last_udp=10.37s, meas=1, tracks=3, valid=1, master=681
[LIVE] udp=0.0/s, objs=0.0/s, last_udp=11.37s, meas=1, tracks=3, valid=1, master=681
[LIVE] udp=0.0/s, objs=0.0/s, last_udp=12.38s, meas=1, tracks=3, valid=1, master=681
[GPS] GGA fix_quality=1, num_sats=11, hdop=1.1, lat=30.408444457333335, lon=104.088904376
[LIVE] udp=0.0/s, objs=0.0/s, last_udp=13.38s, meas=1, tracks=3, valid=1, master=681
[LIVE] udp=0.0/s, objs=0.0/s, last_udp=14.38s, meas=1, tracks=3, valid=1, master=681
[LIVE] udp=0.0/s, objs=0.0/s, last_udp=15.38s, meas=1, tracks=3, valid=1, master=681
[LIVE] udp=0.0/s, objs=0.0/s, last_udp=16.39s, meas=1, tracks=3, valid=1, master=681
[LIVE] udp=0.0/s, objs=0.0/s, last_udp=17.39s, meas=1, tracks=3, valid=1, master=681
[LIVE] udp=0.0/s, objs=0.0/s, last_udp=18.39s, meas=1, tracks=3, valid=1, master=681
[LIVE] udp=0.0/s, objs=0.0/s, last_udp=19.39s, meas=1, tracks=3, valid=1, master=681
[LIVE] udp=0.0/s, objs=0.0/s, last_udp=20.40s, meas=1, tracks=3, valid=1, master=681
[LIVE] udp=0.0/s, objs=0.0/s, last_udp=21.40s, meas=1, tracks=3, valid=1, master=681
[LIVE] udp=0.0/s, objs=0.0/s, last_udp=22.40s, meas=1, tracks=3, valid=1, master=681
[GPS] GGA fix_quality=1, num_sats=08, hdop=2.5, lat=30.408461987, lon=104.08893407833334
[LIVE] udp=0.0/s, objs=0.0/s, last_udp=23.41s, meas=1, tracks=3, valid=1, master=681
[LIVE] udp=0.0/s, objs=0.0/s, last_udp=24.41s, meas=1, tracks=3, valid=1, master=681
[LIVE] udp=0.0/s, objs=0.0/s, last_udp=25.41s, meas=1, tracks=3, valid=1, master=681
