timestamp,seq,mode,event,track_id,meas_idx,meas_az,meas_el,pred_az,map_az,pred_el,cost,dynamic_thresh,uncertainty,p_az,p_el,hit_streak,time_since_update,reason,internal_track_id,ui_id,master_id,is_master,laser_track_id,distance,distance_source,track_laser_dist,track_laser_ts,track_laser_age,raw_bbox_x1,raw_bbox_y1,raw_bbox_x2,raw_bbox_y2,clipped_bbox_x1,clipped_bbox_y1,clipped_bbox_x2,clipped_bbox_y2,is_edge_bbox,visible_ratio
1780467457.733371,,,NEW_TRACK,1,0,347.829935,9.722292,,,,,,,1.000000,1.000000,1,0,,,,,,,,,,,,,,,,,,,,,
1780467467.331886,,,MATCH_ACCEPT,1,0,338.938659,7.387083,347.829935,,9.722292,9.192823,76.084050,49.001100,1200.553891,1200.553891,1,47,,,,,,,,,,,,,,,,,,,,,
1780467470.903491,,,MATCH_ACCEPT,1,0,338.505717,7.524583,335.342437,,6.437654,3.344810,17.846445,10.386030,55.713313,52.156312,2,17,,,,,,,,,,,,,,,,,,,,,
1780467470.903491,,,TargetAcquire,1,,,,,,,,,,,,,,initial_acquire,,,,,,,,,,,,,,,,,,,,
1780467470.903491,,,UI_STATUS_SEND,1,,,,338.404011,158.404011,7.515026,,,,,,3,0,"internal_id=1,ui_id=1",1,1,1,1,-1,173.260000,mono,,,,,,,,,,,,,
1780467471.895962,,,MATCH_ACCEPT,1,0,338.091003,7.542917,338.305015,,7.573053,0.216123,6.027596,2.506797,4.256410,2.027622,3,4,,,,,,,,,,,,,,,,,,,,,
1780467471.894963,,,UI_STATUS_SEND,1,,,,338.155860,158.155860,7.548516,,,,,,4,0,"internal_id=1,ui_id=1",1,1,1,1,-1,173.260000,mono,,,,,,,,,,,,,
1780467472.828442,,,MATCH_REJECT,1,0,8.923883,10.011042,337.991278,,7.590123,31.027197,5.945940,2.452360,3.960980,2.053089,4,4,,,,,,,,,,,,,,,,,,,,,
1780467472.828442,,,NEW_TRACK,2,0,8.923883,10.011042,,,,,,,1.000000,1.000000,1,0,,,,,,,,,,,,,,,,,,,,,
1780467472.828442,,,TargetLost,1,,,,,,,,,,,,,,not_in_valid_tracks,,,,,,,,,,,,,,,,,,,,
1780467473.057528,,,MATCH_ACCEPT,2,0,8.928441,10.011042,8.923883,,10.011042,0.004557,4.929473,1.774715,1.574807,1.574807,1,1,,,,,,,,,,,,,,,,,,,,,
1780467473.057528,,,TargetLost,1,,,,,,,,,,,,,,not_in_valid_tracks,,,,,,,,,,,,,,,,,,,,
1780467474.263131,,,MATCH_ACCEPT,1,0,337.270691,7.497083,337.743746,,7.652700,0.497993,9.745697,4.985531,14.781699,10.073822,2,10,,,,,,,,,,,,,,,,,,,,,
1780467474.263131,,,UI_STATUS_SEND,1,,,,337.323330,157.323330,7.503917,,,,,,3,0,"internal_id=1,ui_id=1",1,1,1,1,-1,173.260000,mono,,,,,,,,,,,,,
1780467474.889648,,,MATCH_ACCEPT,1,0,337.261576,7.499375,337.093990,,7.490775,0.167807,5.464598,2.131466,3.235561,1.307584,3,3,,,,,,,,,,,,,,,,,,,,,
1780467474.889648,,,UI_STATUS_SEND,1,,,,337.200596,157.200596,7.497127,,,,,,4,0,"internal_id=1,ui_id=1",1,1,1,1,-1,173.260000,mono,,,,,,,,,,,,,
1780467475.425397,,,MATCH_ACCEPT,1,0,337.231954,7.497083,337.060706,,7.489853,0.171400,4.881458,1.742705,2.128909,0.908112,4,2,,,,,,,,,,,,,,,,,,,,,
1780467475.425397,,,UI_STATUS_SEND,1,,,,337.152314,157.152314,7.494643,,,,,,5,0,"internal_id=1,ui_id=1",1,1,1,1,-1,173.260000,mono,,,,,,,,,,,,,
1780467483.530415,,no_packet,TRACK_DELETE,2,,,,8.957184,,10.011042,,,,1271.963672,1147.355234,0,50,,,,,,,,,,,,,,,,,,,,,
1780467483.868038,,,MATCH_ACCEPT,1,0,323.037931,17.414167,335.024308,,7.394829,15.622432,37.738053,23.647102,296.040105,263.145328,5,41,,,,,,,,,,,,,,,,,,,,,
1780467483.868038,,,UI_STATUS_SEND,1,,,,323.112402,143.112402,17.396580,,,,,,6,0,"internal_id=1,ui_id=1",1,1,1,1,-1,122.300000,mono,,,,,,,,,,,,,
1780467486.410200,,,MATCH_REJECT,1,0,334.188784,19.215417,317.891460,,21.369266,16.439034,12.777831,6.667221,23.816397,20.635435,6,12,,,,,,,,,,,,,,,,,,,,,
1780467486.410723,,,NEW_TRACK,3,0,334.188784,19.215417,,,,,,,1.000000,1.000000,1,0,,,,,,,,,,,,,,,,,,,,,
1780467486.410200,,,TargetLost,1,,,,,,,,,,,,,,not_in_valid_tracks,,,,,,,,,,,,,,,,,,,,
1780467486.809102,,,MATCH_ACCEPT,3,0,335.309878,18.610417,334.188784,,19.215417,1.273922,5.186151,1.830301,1.675000,1.675000,1,1,,,,,,,,,,,,,,,,,,,,,
1780467486.809102,,,TargetLost,1,,,,,,,,,,,,,,not_in_valid_tracks,,,,,,,,,,,,,,,,,,,,
1780467487.803066,,,MATCH_ACCEPT,3,0,339.698550,17.409583,335.309494,,18.170693,4.454560,8.800579,4.145453,9.980614,7.204165,2,4,,,,,,,,,,,,,,,,,,,,,
1780467487.803066,,,TargetLost,1,,,,,,,,,,,,,,not_in_valid_tracks,,,,,,,,,,,,,,,,,,,,
1780467487.803066,,,TargetSwitch,3,,,,,,,,,,,,,,master_lost,,,,,,,,,,,,,,,,,,,,
1780467487.803066,,,UI_STATUS_SEND,3,,,,338.847507,158.847507,17.468116,,,,,,3,0,"internal_id=3,ui_id=2",3,2,3,1,-1,159.930000,mono,,,,,,,,,,,,,
1780467489.412967,,,MATCH_ACCEPT,3,0,346.071922,16.405833,344.601713,,15.438701,1.759790,9.252532,4.567888,14.227658,6.637941,3,7,,,,,,,,,,,,,,,,,,,,,
1780467489.412967,,,UI_STATUS_SEND,3,,,,345.884809,165.884809,16.335737,,,,,,4,0,"internal_id=3,ui_id=2",3,2,3,1,-1,155.930000,mono,,,,,,,,,,,,,
1780467489.876817,,,MATCH_REJECT,3,0,27.927201,45.623125,347.946329,,15.933522,49.799023,5.455593,2.009928,2.992843,1.046969,4,2,,,,,,,,,,,,,,,,,,,,,
1780467489.876817,,,NEW_TRACK,4,0,27.927201,45.623125,,,,,,,1.000000,1.000000,1,0,,,,,,,,,,,,,,,,,,,,,
1780467489.876817,,,TargetLost,3,,,,,,,,,,,,,,not_in_valid_tracks,,,,,,,,,,,,,,,,,,,,
1780467494.014134,,,MATCH_ACCEPT,3,0,6.025444,10.810833,6.516268,,12.310415,1.577863,18.926970,10.990847,67.743301,53.055413,3,22,,,,,,,,,,,,,,,,,,,,,
1780467494.014134,,,UI_STATUS_SEND,3,,,,6.040505,186.040505,10.825835,,,,,,4,0,"internal_id=3,ui_id=2",3,2,3,1,-1,97.460000,mono,,,,,,,,,,,,,
1780467494.827906,,no_packet,TRACK_DELETE,1,,,,301.214752,,34.058799,,,,633.511795,614.439268,0,50,,,,,,,,,,,,,,,,,,,,,
1780467495.070857,,,MATCH_ACCEPT,3,0,15.313206,10.031667,10.712346,,9.463248,4.635841,7.487956,2.958104,5.677135,3.073243,4,5,,,,,,,,,,,,,,,,,,,,,
1780467495.070857,,,UI_STATUS_SEND,3,,,,13.599645,193.599645,9.909388,,,,,,5,0,"internal_id=3,ui_id=2",3,2,3,1,-1,47.250000,mono,,,,,,,,,,,,,
1780467500.137714,,no_packet,TRACK_DELETE,4,,,,27.927201,,45.623125,,,,1384.778631,1384.778631,0,50,,,,,,,,,,,,,,,,,,,,,
1780467501.635062,,,MATCH_REJECT,3,0,16.536839,8.805625,51.869812,,3.569096,35.718905,31.528179,18.352119,185.596821,151.203461,5,32,,,,,,,,,,,,,,,,,,,,,
1780467501.635062,,,NEW_TRACK,5,0,16.536839,8.805625,,,,,,,1.000000,1.000000,1,0,,,,,,,,,,,,,,,,,,,,,
1780467501.635062,,,TargetLost,3,,,,,,,,,,,,,,not_in_valid_tracks,,,,,,,,,,,,,,,,,,,,
1780467505.281274,,no_packet,TRACK_DELETE,3,,,,73.229737,,0.030356,,,,557.813785,482.976836,4,50,,,,,,,,,,,,,,,,,,,,,
1780467511.767693,,no_packet,TRACK_DELETE,5,,,,16.536839,,8.805625,,,,1362.266139,1362.266139,1,50,,,,,,,,,,,,,,,,,,,,,
1780467513.020708,,,NEW_TRACK,6,0,337.936055,7.749167,,,,,,,1.000000,1.000000,1,0,,,,,,,,,,,,,,,,,,,,,
1780467513.020708,,,TargetLost,3,,,,,,,,,,,,,,not_in_valid_tracks,,,,,,,,,,,,,,,,,,,,
1780467513.352409,,,MATCH_ACCEPT,6,0,337.671732,7.760625,337.936055,,7.749167,0.264571,6.745451,1.830301,1.675000,1.675000,1,1,,,,,,,,,,,,,,,,,,,,,
1780467513.352409,,,TargetLost,3,,,,,,,,,,,,,,not_in_valid_tracks,,,,,,,,,,,,,,,,,,,,
1780467513.994062,,,MATCH_ACCEPT,6,0,337.571472,7.927917,337.826686,,7.760772,0.305076,7.857208,3.726539,7.925792,5.961301,2,3,,,,,,,,,,,,,,,,,,,,,
1780467513.994062,,,TargetLost,3,,,,,,,,,,,,,,not_in_valid_tracks,,,,,,,,,,,,,,,,,,,,
1780467513.994062,,,TargetSwitch,6,,,,,,,,,,,,,,master_lost,,,,,,,,,,,,,,,,,,,,
1780467513.994062,,,UI_STATUS_SEND,6,,,,337.619786,157.619786,7.915878,,,,,,3,0,"internal_id=6,ui_id=3",6,3,6,1,-1,173.260000,mono,,,,,,,,,,,,,
1780467517.809713,,,MATCH_REJECT,6,0,14.360732,6.736250,336.529938,,8.585269,37.875953,18.671912,10.936341,72.619759,46.983803,3,18,,,,,,,,,,,,,,,,,,,,,
1780467517.809713,,,NEW_TRACK,7,0,14.360732,6.736250,,,,,,,1.000000,1.000000,1,0,,,,,,,,,,,,,,,,,,,,,
1780467517.809713,,,TargetLost,6,,,,,,,,,,,,,,not_in_valid_tracks,,,,,,,,,,,,,,,,,,,,
1780467518.222613,,,MATCH_ACCEPT,7,0,14.340224,6.857708,14.360732,,6.736250,0.123178,7.558345,2.372230,2.813738,2.813738,1,2,,,,,,,,,,,,,,,,,,,,,
1780467518.222613,,,TargetLost,6,,,,,,,,,,,,,,not_in_valid_tracks,,,,,,,,,,,,,,,,,,,,
1780467518.443274,,,MATCH_ACCEPT,7,0,14.333389,6.931042,14.352283,,6.839888,0.093092,7.580322,2.386881,3.672521,2.024680,2,1,,,,,,,,,,,,,,,,,,,,,
1780467518.443274,,,TargetLost,6,,,,,,,,,,,,,,not_in_valid_tracks,,,,,,,,,,,,,,,,,,,,
1780467518.443274,,,TargetSwitch,7,,,,,,,,,,,,,,master_lost,,,,,,,,,,,,,,,,,,,,
1780467518.443274,,,UI_STATUS_SEND,7,,,,14.345290,194.345290,6.891337,,,,,,3,0,"internal_id=7,ui_id=4",7,4,7,1,-1,38.980000,mono,,,,,,,,,,,,,
1780467518.698931,,,MATCH_ACCEPT,7,0,14.381240,6.756875,14.340670,,6.938745,0.186340,7.701930,2.467953,4.259001,1.831793,3,1,,,,,,,,,,,,,,,,,,,,,
1780467518.698931,,,UI_STATUS_SEND,7,,,,14.357112,194.357112,6.840595,,,,,,4,0,"internal_id=7,ui_id=4",7,4,7,1,-1,38.980000,mono,,,,,,,,,,,,,
1780467519.264932,,,MATCH_ACCEPT,7,0,14.340224,6.520833,14.356773,,6.869845,0.349403,8.392997,2.928665,6.061670,2.515408,4,2,,,,,,,,,,,,,,,,,,,,,
1780467519.264932,,,UI_STATUS_SEND,7,,,,14.348625,194.348625,6.654561,,,,,,5,0,"internal_id=7,ui_id=4",7,4,7,1,-1,38.980000,mono,,,,,,,,,,,,,
1780467519.859202,,,MATCH_ACCEPT,7,0,14.406305,6.481875,14.345311,,6.589695,0.123877,8.340186,2.893458,6.073706,2.298391,5,2,,,,,,,,,,,,,,,,,,,,,
1780467519.859202,,,UI_STATUS_SEND,7,,,,14.375372,194.375372,6.525510,,,,,,6,0,"internal_id=7,ui_id=4",7,4,7,1,-1,38.980000,mono,,,,,,,,,,,,,
1780467520.402427,,,MATCH_ACCEPT,7,0,14.508844,6.509375,14.380844,,6.438289,0.146415,8.088606,2.725738,5.444230,1.985416,6,2,,,,,,,,,,,,,,,,,,,,,
1780467520.402427,,,UI_STATUS_SEND,7,,,,14.440434,194.440434,6.478069,,,,,,7,0,"internal_id=7,ui_id=4",7,4,7,1,-1,38.980000,mono,,,,,,,,,,,,,
1780467520.961286,,,MATCH_ACCEPT,7,0,14.686579,6.447500,14.460943,,6.403656,0.229856,7.870917,2.580611,4.865386,1.794168,7,2,,,,,,,,,,,,,,,,,,,,,
1780467520.961286,,,UI_STATUS_SEND,7,,,,14.559707,194.559707,6.427091,,,,,,8,0,"internal_id=7,ui_id=4",7,4,7,1,-1,38.980000,mono,,,,,,,,,,,,,
1780467521.599061,,,MATCH_ACCEPT,7,0,14.684300,6.431458,14.621169,,6.332054,0.117757,8.149311,2.766207,5.413536,2.238367,8,3,,,,,,,,,,,,,,,,,,,,,
1780467521.599061,,,UI_STATUS_SEND,7,,,,14.650471,194.650471,6.390594,,,,,,9,0,"internal_id=7,ui_id=4",7,4,7,1,-1,38.980000,mono,,,,,,,,,,,,,
1780467522.223827,,,MATCH_ACCEPT,7,0,14.645563,6.387917,14.719507,,6.321255,0.099557,8.201294,2.800863,5.504226,2.340606,9,3,,,,,,,,,,,,,,,,,,,,,
1780467522.223827,,,TargetKeep,7,,,,,,,,,,,,,,lock_timer_expired,,,,,,,,,,,,,,,,,,,,
1780467522.223827,,,UI_STATUS_SEND,7,,,,14.684881,194.684881,6.361230,,,,,,10,0,"internal_id=7,ui_id=4",7,4,7,1,-1,38.980000,mono,,,,,,,,,,,,,
1780467522.819894,,,MATCH_ACCEPT,7,0,14.579482,6.358125,14.727619,,6.322455,0.152370,7.820681,2.547120,4.639080,1.848742,10,2,,,,,,,,,,,,,,,,,,,,,
1780467522.819894,,,UI_STATUS_SEND,7,,,,14.664508,194.664508,6.341786,,,,,,11,0,"internal_id=7,ui_id=4",7,4,7,1,-1,38.980000,mono,,,,,,,,,,,,,
1780467523.394706,,,MATCH_ACCEPT,7,0,14.552139,6.369583,14.693779,,6.308626,0.154201,7.672623,2.448416,4.275159,1.719579,11,2,,,,,,,,,,,,,,,,,,,,,
1780467523.394201,,,UI_STATUS_SEND,7,,,,14.636247,194.636247,6.340563,,,,,,12,0,"internal_id=7,ui_id=4",7,4,7,1,-1,38.980000,mono,,,,,,,,,,,,,
1780467523.946945,,,MATCH_ACCEPT,7,0,14.547581,6.376458,14.652732,,6.317305,0.120648,7.611947,2.407964,4.115245,1.683048,12,2,,,,,,,,,,,,,,,,,,,,,
1780467523.946945,,,UI_STATUS_SEND,7,,,,14.610985,194.610985,6.347980,,,,,,13,0,"internal_id=7,ui_id=4",7,4,7,1,-1,38.980000,mono,,,,,,,,,,,,,
1780467524.158189,,,MATCH_ACCEPT,7,0,14.543024,6.376458,14.614281,,6.341598,0.079328,7.100817,2.067211,3.125231,1.148133,13,1,,,,,,,,,,,,,,,,,,,,,
1780467524.158189,,,UI_STATUS_SEND,7,,,,14.590528,194.590528,6.356364,,,,,,14,0,"internal_id=7,ui_id=4",7,4,7,1,-1,38.980000,mono,,,,,,,,,,,,,
1780467524.547251,,,MATCH_ACCEPT,7,0,14.522516,6.406250,14.591425,,6.351409,0.088068,6.915316,1.943544,2.760254,1.017110,14,1,,,,,,,,,,,,,,,,,,,,,
1780467524.547251,,,UI_STATUS_SEND,7,,,,14.570315,194.570315,6.373032,,,,,,15,0,"internal_id=7,ui_id=4",7,4,7,1,-1,38.980000,mono,,,,,,,,,,,,,
1780467524.790939,,,MATCH_ACCEPT,7,0,14.511123,6.413125,14.568481,,6.372116,0.070510,6.808362,1.872241,2.548684,0.956604,15,1,,,,,,,,,,,,,,,,,,,,,
1780467524.790939,,,UI_STATUS_SEND,7,,,,14.551866,194.551866,6.387689,,,,,,16,0,"internal_id=7,ui_id=4",7,4,7,1,-1,38.980000,mono,,,,,,,,,,,,,
1780467525.097886,,,MATCH_ACCEPT,7,0,14.504287,6.420000,14.547722,,6.389738,0.052937,6.762359,1.841573,2.450019,0.941372,16,1,,,,,,,,,,,,,,,,,,,,,
1780467525.097886,,,TargetKeep,7,,,,,,,,,,,,,,lock_timer_expired,,,,,,,,,,,,,,,,,,,,
1780467525.097886,,,UI_STATUS_SEND,7,,,,14.535490,194.535490,6.401116,,,,,,17,0,"internal_id=7,ui_id=4",7,4,7,1,-1,38.980000,mono,,,,,,,,,,,,,
1780467525.317360,,,MATCH_ACCEPT,7,0,14.492894,6.426875,14.530348,,6.404869,0.043441,6.686929,1.791286,2.316244,0.892461,17,1,,,,,,,,,,,,,,,,,,,,,
1780467525.317360,,,UI_STATUS_SEND,7,,,,14.520221,194.520221,6.412869,,,,,,18,0,"internal_id=7,ui_id=4",7,4,7,1,-1,38.980000,mono,,,,,,,,,,,,,
1780467525.620736,,,MATCH_ACCEPT,7,0,14.449599,6.433750,14.512920,,6.418718,0.065080,6.694799,1.796533,2.316900,0.910629,18,1,,,,,,,,,,,,,,,,,,,,,
1780467525.620736,,,UI_STATUS_SEND,7,,,,14.495795,194.495795,6.424253,,,,,,19,0,"internal_id=7,ui_id=4",7,4,7,1,-1,38.980000,mono,,,,,,,,,,,,,
1780467525.881590,,,MATCH_ACCEPT,7,0,14.433649,6.440625,14.486011,,6.431201,0.053203,6.703057,1.802038,2.325133,0.922207,19,1,,,,,,,,,,,,,,,,,,,,,
1780467525.881590,,,UI_STATUS_SEND,7,,,,14.471813,194.471813,6.434699,,,,,,20,0,"internal_id=7,ui_id=4",7,4,7,1,-1,38.980000,mono,,,,,,,,,,,,,
1780467526.168988,,,MATCH_ACCEPT,7,0,14.433649,6.458958,14.459954,,6.442340,0.031115,6.708481,1.805654,2.333335,0.927051,20,1,,,,,,,,,,,,,,,,,,,,,
1780467526.168988,,,TRACK_DELETE,6,,,,334.385556,,9.902361,,,,828.000711,656.307965,0,50,,,,,,,,,,,,,,,,,,,,,
1780467526.168988,,,UI_STATUS_SEND,7,,,,14.452803,194.452803,6.448528,,,,,,21,0,"internal_id=7,ui_id=4",7,4,7,1,-1,38.980000,mono,,,,,,,,,,,,,
1780467526.453757,,,MATCH_ACCEPT,7,0,14.419977,6.470417,14.439899,,6.457386,0.023805,6.710602,1.807068,2.338250,0.927244,21,1,,,,,,,,,,,,,,,,,,,,,
1780467526.453757,,,UI_STATUS_SEND,7,,,,14.434475,194.434475,6.462239,,,,,,22,0,"internal_id=7,ui_id=4",7,4,7,1,-1,38.980000,mono,,,,,,,,,,,,,
1780467526.734215,,,MATCH_ACCEPT,7,0,14.440485,6.486458,14.420781,,6.472044,0.024414,6.710072,1.806714,2.339184,0.925033,22,1,,,,,,,,,,,,,,,,,,,,,
1780467526.734215,,,UI_STATUS_SEND,7,,,,14.426147,194.426147,6.477404,,,,,,23,0,"internal_id=7,ui_id=4",7,4,7,1,-1,38.980000,mono,,,,,,,,,,,,,
1780467527.173500,,,MATCH_ACCEPT,7,0,14.438206,6.495625,14.403452,,6.496461,0.034764,7.093025,2.062017,2.961111,1.290802,23,2,,,,,,,,,,,,,,,,,,,,,
1780467527.173500,,,TargetKeep,7,,,,,,,,,,,,,,lock_timer_expired,,,,,,,,,,,,,,,,,,,,
1780467527.173500,,,UI_STATUS_SEND,7,,,,14.414625,194.414625,6.496083,,,,,,24,0,"internal_id=7,ui_id=4",7,4,7,1,-1,38.980000,mono,,,,,,,,,,,,,
1780467527.591045,,,MATCH_ACCEPT,7,0,14.424534,6.523125,14.395687,,6.514079,0.030232,7.281621,2.187747,3.335326,1.450912,24,2,,,,,,,,,,,,,,,,,,,,,
1780467527.591045,,,UI_STATUS_SEND,7,,,,14.405725,194.405725,6.518435,,,,,,25,0,"internal_id=7,ui_id=4",7,4,7,1,-1,38.980000,mono,,,,,,,,,,,,,
1780467527.872643,,,MATCH_ACCEPT,7,0,14.417698,6.539167,14.395758,,6.529989,0.023783,7.023694,2.015796,2.918950,1.144483,25,1,,,,,,,,,,,,,,,,,,,,,
1780467527.872643,,,UI_STATUS_SEND,7,,,,14.402743,194.402743,6.533869,,,,,,26,0,"internal_id=7,ui_id=4",7,4,7,1,-1,38.980000,mono,,,,,,,,,,,,,
1780467528.254811,,,MATCH_ACCEPT,7,0,14.433649,6.495625,14.393725,,6.546127,0.064377,6.883744,1.922496,2.676188,1.019803,26,1,,,,,,,,,,,,,,,,,,,,,
1780467528.254811,,,UI_STATUS_SEND,7,,,,14.405695,194.405695,6.526183,,,,,,27,0,"internal_id=7,ui_id=4",7,4,7,1,-1,38.980000,mono,,,,,,,,,,,,,
1780467528.708775,,,MATCH_ACCEPT,7,0,14.433649,6.495625,14.392298,,6.541710,0.061917,7.214317,2.142878,3.221732,1.370193,27,2,,,,,,,,,,,,,,,,,,,,,
1780467528.708775,,,UI_STATUS_SEND,7,,,,14.406363,194.406363,6.520179,,,,,,28,0,"internal_id=7,ui_id=4",7,4,7,1,-1,38.980000,mono,,,,,,,,,,,,,
1780467529.011345,,,MATCH_ACCEPT,7,0,14.417698,6.518542,14.400890,,6.524791,0.017933,6.988396,1.992264,2.850079,1.119036,28,1,,,,,,,,,,,,,,,,,,,,,
1780467529.011345,,,UI_STATUS_SEND,7,,,,14.406154,194.406154,6.522183,,,,,,29,0,"internal_id=7,ui_id=4",7,4,7,1,-1,38.980000,mono,,,,,,,,,,,,,
1780467529.243253,,,MATCH_ACCEPT,7,0,14.415420,6.525417,14.401738,,6.526018,0.013695,6.831290,1.887527,2.579756,0.983001,29,1,,,,,,,,,,,,,,,,,,,,,
1780467529.243253,,,UI_STATUS_SEND,7,,,,14.405736,194.405736,6.525786,,,,,,30,0,"internal_id=7,ui_id=4",7,4,7,1,-1,38.980000,mono,,,,,,,,,,,,,
1780467529.514653,,,MATCH_ACCEPT,7,0,14.438206,6.516250,14.401520,,6.529876,0.039135,6.770955,1.847303,2.466417,0.946113,30,1,,,,,,,,,,,,,,,,,,,,,
1780467529.514653,,,TargetKeep,7,,,,,,,,,,,,,,lock_timer_expired,,,,,,,,,,,,,,,,,,,,
1780467529.514653,,,UI_STATUS_SEND,7,,,,14.411901,194.411901,6.524737,,,,,,31,0,"internal_id=7,ui_id=4",7,4,7,1,-1,38.980000,mono,,,,,,,,,,,,,
1780467529.733961,,,MATCH_ACCEPT,7,0,14.442764,6.520833,14.409464,,6.527467,0.033954,6.685884,1.790589,2.318099,0.888111,31,1,,,,,,,,,,,,,,,,,,,,,
1780467529.733961,,,UI_STATUS_SEND,7,,,,14.418473,194.418473,6.525063,,,,,,32,0,"internal_id=7,ui_id=4",7,4,7,1,-1,38.980000,mono,,,,,,,,,,,,,
1780467529.984742,,,MATCH_ACCEPT,7,0,14.442764,6.520833,14.416956,,6.527710,0.026708,6.687020,1.791347,2.306273,0.902651,32,1,,,,,,,,,,,,,,,,,,,,,
1780467529.984742,,,UI_STATUS_SEND,7,,,,14.423912,194.423912,6.525192,,,,,,33,0,"internal_id=7,ui_id=4",7,4,7,1,-1,38.980000,mono,,,,,,,,,,,,,
1780467530.235986,,,MATCH_ACCEPT,7,0,14.447321,6.525417,14.423387,,6.527346,0.024012,6.691706,1.794471,2.305803,0.914323,33,1,,,,,,,,,,,,,,,,,,,,,
1780467530.235986,,,UI_STATUS_SEND,7,,,,14.429837,194.429837,6.526634,,,,,,34,0,"internal_id=7,ui_id=4",7,4,7,1,-1,38.980000,mono,,,,,,,,,,,,,
1780467531.143332,,,MATCH_ACCEPT,7,0,14.465550,6.516250,14.431218,,6.533572,0.038454,8.044394,2.696263,4.774005,2.495827,34,4,,,,,,,,,,,,,,,,,,,,,
1780467531.143332,,,UI_STATUS_SEND,7,,,,14.446086,194.446086,6.522919,,,,,,35,0,"internal_id=7,ui_id=4",7,4,7,1,-1,38.980000,mono,,,,,,,,,,,,,
1780467531.769208,,,MATCH_ACCEPT,7,0,14.556696,6.484167,14.451953,,6.523550,0.111902,8.178291,2.785527,5.336113,2.423049,35,3,,,,,,,,,,,,,,,,,,,,,
1780467531.769208,,,UI_STATUS_SEND,7,,,,14.500193,194.500193,6.499606,,,,,,36,0,"internal_id=7,ui_id=4",7,4,7,1,-1,25.150000,mono,,,,,,,,,,,,,
1780467532.355698,,,MATCH_ACCEPT,7,0,14.502008,6.486458,14.515025,,6.493304,0.014707,7.809768,2.539846,4.603570,1.847246,36,2,,,,,,,,,,,,,,,,,,,,,
1780467532.355698,,,UI_STATUS_SEND,7,,,,14.509504,194.509504,6.489596,,,,,,37,0,"internal_id=7,ui_id=4",7,4,7,1,-1,38.980000,mono,,,,,,,,,,,,,
1780467532.636245,,,MATCH_ACCEPT,7,0,14.593154,6.465833,14.517064,,6.485499,0.078591,7.248586,2.165724,3.444427,1.245932,37,1,,,,,,,,,,,,,,,,,,,,,
1780467532.636245,,,TargetKeep,7,,,,,,,,,,,,,,lock_timer_expired,,,,,,,,,,,,,,,,,,,,
1780467532.636245,,,UI_STATUS_SEND,7,,,,14.544099,194.544099,6.476775,,,,,,38,0,"internal_id=7,ui_id=4",7,4,7,1,-1,25.150000,mono,,,,,,,,,,,,,
1780467532.900844,,,MATCH_ACCEPT,7,0,14.481501,6.495625,14.554981,,6.471191,0.077437,6.986827,1.991218,2.913739,1.051209,38,1,,,,,,,,,,,,,,,,,,,,,
1780467532.900844,,,UI_STATUS_SEND,7,,,,14.531617,194.531617,6.481018,,,,,,39,0,"internal_id=7,ui_id=4",7,4,7,1,-1,38.980000,mono,,,,,,,,,,,,,
1780467533.155607,,,MATCH_ACCEPT,7,0,14.424534,6.513958,14.539531,,6.477210,0.120726,6.851139,1.900759,2.637018,0.975869,39,1,,,,,,,,,,,,,,,,,,,,,
1780467533.155607,,,UI_STATUS_SEND,7,,,,14.505409,194.505409,6.491338,,,,,,40,0,"internal_id=7,ui_id=4",7,4,7,1,-1,38.980000,mono,,,,,,,,,,,,,
1780467533.387001,,,MATCH_ACCEPT,7,0,14.513402,6.488750,14.508575,,6.490278,0.005063,6.748255,1.832170,2.436927,0.919920,40,1,,,,,,,,,,,,,,,,,,,,,
1780467533.387001,,,UI_STATUS_SEND,7,,,,14.509929,194.509929,6.489712,,,,,,41,0,"internal_id=7,ui_id=4",7,4,7,1,-1,38.980000,mono,,,,,,,,,,,,,
1780467533.637036,,,MATCH_ACCEPT,7,0,14.492894,6.495625,14.513534,,6.488457,0.021849,6.722902,1.815268,2.373158,0.922040,41,1,,,,,,,,,,,,,,,,,,,,,
1780467533.637036,,,UI_STATUS_SEND,7,,,,14.507853,194.507853,6.491117,,,,,,42,0,"internal_id=7,ui_id=4",7,4,7,1,-1,38.980000,mono,,,,,,,,,,,,,
1780467533.867267,,,MATCH_ACCEPT,7,0,14.565810,6.463542,14.510442,,6.490443,0.061558,6.679112,1.786075,2.292068,0.897995,42,1,,,,,,,,,,,,,,,,,,,,,
1780467533.867267,,,UI_STATUS_SEND,7,,,,14.525299,194.525299,6.480625,,,,,,43,0,"internal_id=7,ui_id=4",7,4,7,1,-1,32.065000,mono,,,,,,,,,,,,,
1780467534.179284,,,MATCH_ACCEPT,7,0,14.656956,6.429167,14.530225,,6.477956,0.135798,6.688221,1.792147,2.298066,0.913726,43,1,,,,,,,,,,,,,,,,,,,,,
1780467534.179284,,,UI_STATUS_SEND,7,,,,14.564296,194.564296,6.459953,,,,,,44,0,"internal_id=7,ui_id=4",7,4,7,1,-1,25.150000,mono,,,,,,,,,,,,,
1780467534.418471,,,MATCH_ACCEPT,7,0,14.522516,6.477292,14.573721,,6.453988,0.056258,6.677873,1.785249,2.280120,0.906993,44,1,,,,,,,,,,,,,,,,,,,,,
1780467534.418471,,,TargetKeep,7,,,,,,,,,,,,,,lock_timer_expired,,,,,,,,,,,,,,,,,,,,
1780467534.418471,,,UI_STATUS_SEND,7,,,,14.560034,194.560034,6.462547,,,,,,45,0,"internal_id=7,ui_id=4",7,4,7,1,-1,38.980000,mono,,,,,,,,,,,,,
1780467534.656888,,,MATCH_ACCEPT,7,0,14.520238,6.477292,14.567529,,6.458212,0.050996,6.670471,1.780314,2.268561,0.900956,45,1,,,,,,,,,,,,,,,,,,,,,
1780467534.656888,,,UI_STATUS_SEND,7,,,,14.554935,194.554935,6.465190,,,,,,46,0,"internal_id=7,ui_id=4",7,4,7,1,-1,38.980000,mono,,,,,,,,,,,,,
1780467534.930805,,,MATCH_ACCEPT,7,0,14.520238,6.468125,14.560955,,6.462017,0.041173,6.685899,1.790599,2.292888,0.913358,46,1,,,,,,,,,,,,,,,,,,,,,
1780467534.930805,,,UI_STATUS_SEND,7,,,,14.550026,194.550026,6.464271,,,,,,47,0,"internal_id=7,ui_id=4",7,4,7,1,-1,38.980000,mono,,,,,,,,,,,,,
1780467535.260583,,,MATCH_ACCEPT,7,0,14.515680,6.463542,14.554448,,6.461541,0.038819,6.695401,1.796934,2.309620,0.919351,47,1,,,,,,,,,,,,,,,,,,,,,
1780467535.260583,,,UI_STATUS_SEND,7,,,,14.543987,194.543987,6.462282,,,,,,48,0,"internal_id=7,ui_id=4",7,4,7,1,-1,38.980000,mono,,,,,,,,,,,,,
1780467535.514069,,,MATCH_ACCEPT,7,0,14.533909,6.456667,14.546883,,6.459697,0.013323,6.700020,1.800013,2.319044,0.921004,48,1,,,,,,,,,,,,,,,,,,,,,
1780467535.514069,,,UI_STATUS_SEND,7,,,,14.543372,194.543372,6.458573,,,,,,49,0,"internal_id=7,ui_id=4",7,4,7,1,-1,38.980000,mono,,,,,,,,,,,,,
1780467535.885884,,,MATCH_ACCEPT,7,0,14.561253,6.365000,14.545758,,6.455770,0.092083,6.701215,1.800810,2.322599,0.920317,49,1,,,,,,,,,,,,,,,,,,,,,
1780467535.885884,,,UI_STATUS_SEND,7,,,,14.549956,194.549956,6.422124,,,,,,50,0,"internal_id=7,ui_id=4",7,4,7,1,-1,25.150000,mono,,,,,,,,,,,,,
1780467536.166282,,,MATCH_ACCEPT,7,0,14.540745,6.493333,14.552949,,6.412806,0.081447,6.700317,1.800212,2.322049,0.918713,50,1,,,,,,,,,,,,,,,,,,,,,
1780467536.166282,,,UI_STATUS_SEND,7,,,,14.549643,194.549643,6.442622,,,,,,51,0,"internal_id=7,ui_id=4",7,4,7,1,-1,38.980000,mono,,,,,,,,,,,,,
1780467536.409678,,,MATCH_ACCEPT,7,0,14.629613,6.429167,14.552094,,6.439155,0.078159,6.687158,1.791438,2.301526,0.907725,51,1,,,,,,,,,,,,,,,,,,,,,
1780467536.409678,,,TargetKeep,7,,,,,,,,,,,,,,lock_timer_expired,,,,,,,,,,,,,,,,,,,,
1780467536.409678,,,UI_STATUS_SEND,7,,,,14.572957,194.572957,6.435485,,,,,,52,0,"internal_id=7,ui_id=4",7,4,7,1,-1,25.150000,mono,,,,,,,,,,,,,
1780467536.670794,,,MATCH_ACCEPT,7,0,14.533909,6.477292,14.578467,,6.431216,0.064096,6.689139,1.792759,2.303213,0.910773,52,1,,,,,,,,,,,,,,,,,,,,,
1780467536.670794,,,UI_STATUS_SEND,7,,,,14.566468,194.566468,6.448183,,,,,,53,0,"internal_id=7,ui_id=4",7,4,7,1,-1,38.980000,mono,,,,,,,,,,,,,
1780467536.886746,,,MATCH_ACCEPT,7,0,14.470107,6.523125,14.569743,,6.447326,0.125191,6.633066,1.755377,2.215392,0.865958,53,1,,,,,,,,,,,,,,,,,,,,,
1780467536.886746,,,UI_STATUS_SEND,7,,,,14.543668,194.543668,6.474355,,,,,,54,0,"internal_id=7,ui_id=4",7,4,7,1,-1,38.980000,mono,,,,,,,,,,,,,
1780467537.388212,,,MATCH_ACCEPT,7,0,14.654678,6.436042,14.543768,,6.482013,0.120060,7.060671,2.040448,2.887558,1.275868,54,2,,,,,,,,,,,,,,,,,,,,,
1780467537.388212,,,UI_STATUS_SEND,7,,,,14.578817,194.578817,6.461349,,,,,,55,0,"internal_id=7,ui_id=4",7,4,7,1,-1,25.150000,mono,,,,,,,,,,,,,
1780467537.873936,,,MATCH_ACCEPT,7,0,14.515680,6.479583,14.587874,,6.461978,0.074309,7.332330,2.221554,3.410756,1.524545,55,2,,,,,,,,,,,,,,,,,,,,,
1780467537.873936,,,UI_STATUS_SEND,7,,,,14.562386,194.562386,6.470673,,,,,,56,0,"internal_id=7,ui_id=4",7,4,7,1,-1,38.980000,mono,,,,,,,,,,,,,
1780467538.167277,,,MATCH_ACCEPT,7,0,14.565810,6.465833,14.563918,,6.472576,0.007003,7.046846,2.031230,2.956433,1.169464,56,1,,,,,,,,,,,,,,,,,,,,,
1780467538.167277,,,UI_STATUS_SEND,7,,,,14.564526,194.564526,6.469690,,,,,,57,0,"internal_id=7,ui_id=4",7,4,7,1,-1,32.065000,mono,,,,,,,,,,,,,
1780467538.523576,,,MATCH_ACCEPT,7,0,14.470107,6.488750,14.566140,,6.471075,0.097646,6.892930,1.928620,2.692604,1.026971,57,1,,,,,,,,,,,,,,,,,,,,,
1780467538.523576,,,UI_STATUS_SEND,7,,,,14.537225,194.537225,6.478085,,,,,,58,0,"internal_id=7,ui_id=4",7,4,7,1,-1,38.980000,mono,,,,,,,,,,,,,
1780467538.871330,,,MATCH_ACCEPT,7,0,14.374404,6.516250,14.534924,,6.480755,0.164398,6.804821,1.869881,2.532757,0.963697,58,1,,,,,,,,,,,,,,,,,,,,,
1780467538.871330,,,TargetKeep,7,,,,,,,,,,,,,,lock_timer_expired,,,,,,,,,,,,,,,,,,,,
1780467538.871330,,,UI_STATUS_SEND,7,,,,14.488634,194.488634,6.494295,,,,,,59,0,"internal_id=7,ui_id=4",7,4,7,1,-1,38.980000,mono,,,,,,,,,,,,,
1780467539.092788,,,MATCH_ACCEPT,7,0,14.481501,6.511667,14.480992,,6.498907,0.012770,6.706452,1.804302,2.359403,0.896102,59,1,,,,,,,,,,,,,,,,,,,,,
1780467539.092788,,,UI_STATUS_SEND,7,,,,14.481132,194.481132,6.503558,,,,,,60,0,"internal_id=7,ui_id=4",7,4,7,1,-1,38.980000,mono,,,,,,,,,,,,,
1780467539.379598,,,MATCH_ACCEPT,7,0,14.438206,6.532292,14.472525,,6.509649,0.041115,6.695899,1.797266,2.326563,0.903603,60,1,,,,,,,,,,,,,,,,,,,,,
1780467539.379598,,,UI_STATUS_SEND,7,,,,14.463215,194.463215,6.517945,,,,,,61,0,"internal_id=7,ui_id=4",7,4,7,1,-1,38.980000,mono,,,,,,,,,,,,,
1780467539.682015,,,MATCH_ACCEPT,7,0,14.490615,6.523125,14.453300,,6.525650,0.037400,6.693618,1.795746,2.312349,0.912354,61,1,,,,,,,,,,,,,,,,,,,,,
1780467539.682015,,,UI_STATUS_SEND,7,,,,14.463377,194.463377,6.524719,,,,,,62,0,"internal_id=7,ui_id=4",7,4,7,1,-1,38.980000,mono,,,,,,,,,,,,,
1780467540.232405,,,MATCH_ACCEPT,7,0,14.533909,6.383333,14.447948,,6.538401,0.177300,7.107217,2.071478,2.971321,1.319700,62,2,,,,,,,,,,,,,,,,,,,,,
1780467540.232405,,,UI_STATUS_SEND,7,,,,14.475646,194.475646,6.467399,,,,,,63,0,"internal_id=7,ui_id=4",7,4,7,1,-1,25.150000,mono,,,,,,,,,,,,,
1780467540.887940,,,MATCH_ACCEPT,7,0,14.511123,6.518542,14.463581,,6.452305,0.081533,7.814352,2.542901,4.359890,2.106457,63,3,,,,,,,,,,,,,,,,,,,,,
1780467540.887940,,,UI_STATUS_SEND,7,,,,14.483117,194.483117,6.490333,,,,,,64,0,"internal_id=7,ui_id=4",7,4,7,1,-1,38.980000,mono,,,,,,,,,,,,,
1780467541.314844,,,MATCH_ACCEPT,7,0,14.611383,6.475000,14.479621,,6.491425,0.132782,7.632406,2.421604,4.126106,1.738060,64,2,,,,,,,,,,,,,,,,,,,,,
1780467541.314844,,,UI_STATUS_SEND,7,,,,14.532017,194.532017,6.482776,,,,,,65,0,"internal_id=7,ui_id=4",7,4,7,1,-1,25.150000,mono,,,,,,,,,,,,,
1780467541.616181,,,MATCH_ACCEPT,7,0,14.483779,6.534583,14.536615,,6.481980,0.074557,7.177468,2.118312,3.267583,1.219664,65,1,,,,,,,,,,,,,,,,,,,,,
1780467541.616181,,,TargetKeep,7,,,,,,,,,,,,,,lock_timer_expired,,,,,,,,,,,,,,,,,,,,
1780467541.616181,,,UI_STATUS_SEND,7,,,,14.518475,194.518475,6.505040,,,,,,66,0,"internal_id=7,ui_id=4",7,4,7,1,-1,38.980000,mono,,,,,,,,,,,,,
1780467542.203921,,,MATCH_ACCEPT,7,0,14.506566,6.550625,14.522618,,6.510814,0.042925,7.363302,2.242201,3.569157,1.458311,66,2,,,,,,,,,,,,,,,,,,,,,
1780467542.203921,,,UI_STATUS_SEND,7,,,,14.516783,194.516783,6.530033,,,,,,67,0,"internal_id=7,ui_id=4",7,4,7,1,-1,38.980000,mono,,,,,,,,,,,,,
1780467542.485222,,,MATCH_ACCEPT,7,0,14.483779,6.564375,14.518312,,6.536620,0.044304,7.056785,2.037857,3.007910,1.144950,67,1,,,,,,,,,,,,,,,,,,,,,
1780467542.485222,,,UI_STATUS_SEND,7,,,,14.507092,194.507092,6.548357,,,,,,68,0,"internal_id=7,ui_id=4",7,4,7,1,-1,38.980000,mono,,,,,,,,,,,,,
1780467542.853184,,,MATCH_ACCEPT,7,0,14.517959,6.559792,14.507156,,6.557066,0.011142,6.895397,1.930265,2.706287,1.019634,68,1,,,,,,,,,,,,,,,,,,,,,
1780467542.853184,,,UI_STATUS_SEND,7,,,,14.510420,194.510420,6.558142,,,,,,69,0,"internal_id=7,ui_id=4",7,4,7,1,-1,38.980000,mono,,,,,,,,,,,,,
1780467543.354151,,,MATCH_ACCEPT,7,0,14.615941,6.511667,14.511324,,6.574293,0.121929,7.213769,2.142513,3.219825,1.370536,69,2,,,,,,,,,,,,,,,,,,,,,
1780467543.354151,,,UI_STATUS_SEND,7,,,,14.546895,194.546895,6.545029,,,,,,70,0,"internal_id=7,ui_id=4",7,4,7,1,-1,25.150000,mono,,,,,,,,,,,,,
1780467544.263992,,,MATCH_ACCEPT,7,0,14.524795,6.559792,14.565026,,6.557173,0.040316,8.353351,2.902234,5.586074,2.836887,70,4,,,,,,,,,,,,,,,,,,,,,
1780467544.263992,,,UI_STATUS_SEND,7,,,,14.546039,194.546039,6.558862,,,,,,71,0,"internal_id=7,ui_id=4",7,4,7,1,-1,38.980000,mono,,,,,,,,,,,,,
1780467546.371843,,,MATCH_ACCEPT,7,0,14.511123,6.562083,14.570263,,6.590301,0.065527,12.377793,5.585195,19.354801,11.839605,71,10,,,,,,,,,,,,,,,,,,,,,
1780467546.371843,,,TargetKeep,7,,,,,,,,,,,,,,lock_timer_expired,,,,,,,,,,,,,,,,,,,,
1780467546.371843,,,UI_STATUS_SEND,7,,,,14.525559,194.525559,6.565373,,,,,,72,0,"internal_id=7,ui_id=4",7,4,7,1,-1,38.980000,mono,,,,,,,,,,,,,
1780467546.967272,,,MATCH_ACCEPT,7,0,14.520238,6.571250,14.523628,,6.567435,0.005104,8.507174,3.004783,6.738350,2.290368,72,2,,,,,,,,,,,,,,,,,,,,,
1780467546.967272,,,UI_STATUS_SEND,7,,,,14.521869,194.521869,6.569703,,,,,,73,0,"internal_id=7,ui_id=4",7,4,7,1,-1,38.980000,mono,,,,,,,,,,,,,
1780467547.584440,,,MATCH_ACCEPT,7,0,14.545303,6.559792,14.518810,,6.573279,0.029728,8.207858,2.805239,5.629372,2.239993,73,3,,,,,,,,,,,,,,,,,,,,,
1780467547.584440,,,UI_STATUS_SEND,7,,,,14.531364,194.531364,6.565334,,,,,,74,0,"internal_id=7,ui_id=4",7,4,7,1,-1,38.980000,mono,,,,,,,,,,,,,
1780467548.090093,,,MATCH_ACCEPT,7,0,14.597711,6.540313,14.531585,,6.565650,0.070815,7.819199,2.546133,4.626070,1.856723,74,2,,,,,,,,,,,,,,,,,,,,,
1780467548.090093,,,UI_STATUS_SEND,7,,,,14.559711,194.559711,6.551891,,,,,,75,0,"internal_id=7,ui_id=4",7,4,7,1,-1,32.065000,mono,,,,,,,,,,,,,
1780467548.378317,,,MATCH_ACCEPT,7,0,14.711644,6.497917,14.563133,,6.549718,0.157286,7.256962,2.171308,3.445152,1.269425,75,1,,,,,,,,,,,,,,,,,,,,,
1780467548.378317,,,UI_STATUS_SEND,7,,,,14.615906,194.615906,6.526498,,,,,,76,0,"internal_id=7,ui_id=4",7,4,7,1,-1,25.150000,mono,,,,,,,,,,,,,
1780467548.641018,,,MATCH_ACCEPT,7,2,14.538467,6.534583,14.625834,,6.520186,0.088546,7.000484,2.000323,2.925309,1.075981,76,1,,,,,,,,,,,,,,,,,,,,,
1780467548.641018,,,NEW_TRACK,8,0,336.728031,12.639583,,,,,,,1.000000,1.000000,1,0,,,,,,,,,,,,,,,,,,,,,
1780467548.641018,,,NEW_TRACK,9,1,337.384281,12.272917,,,,,,,1.000000,1.000000,1,0,,,,,,,,,,,,,,,,,,,,,
1780467548.641018,,,UI_STATUS_SEND,7,,,,14.597980,194.597980,6.526058,,,,,,77,0,"internal_id=7,ui_id=4",7,4,7,1,-1,38.980000,mono,,,,,,,,,,,,,
1780467548.867354,,,MATCH_ACCEPT,7,0,14.531631,6.525417,14.603675,,6.521346,0.072159,6.829020,1.886013,2.595360,0.961686,77,1,,,,,,,,,,,,,,,,,,,,,
1780467548.867354,,,MATCH_ACCEPT,8,1,336.755375,12.630417,336.728031,,12.639583,0.028839,6.649524,1.766350,1.559995,1.559995,1,1,,,,,,,,,,,,,,,,,,,,,
1780467548.867354,,,MATCH_ACCEPT,9,2,337.313643,12.334792,337.384281,,12.272917,0.093906,6.649524,1.766350,1.559995,1.559995,1,1,,,,,,,,,,,,,,,,,,,,,
1780467548.866848,,,UI_STATUS_SEND,7,,,,14.582536,194.582536,6.522897,,,,,,78,0,"internal_id=7,ui_id=4",7,4,7,1,-1,38.980000,mono,,,,,,,,,,,,,
1780467549.082861,,,MATCH_ACCEPT,7,1,14.524795,6.532292,14.585502,,6.518648,0.062222,6.719718,1.813145,2.390490,0.897006,78,1,,,,,,,,,,,,,,,,,,,,,
1780467549.083366,,,MATCH_ACCEPT,9,0,337.268070,12.376042,337.365760,,12.313496,0.115996,6.656061,2.059907,2.524643,1.718575,2,1,,,,,,,,,,,,,,,,,,,,,
1780467549.082861,,,TargetKeep,7,,,,,,,,,,,,,,lock_timer_expired,,,,,,,,,,,,,,,,,,,,
1780467549.082861,,,UI_STATUS_SEND,7,,,,14.568707,194.568707,6.523624,,,,,,79,0,"internal_id=7,ui_id=4",7,4,7,1,-1,38.980000,mono,,,,,,,,,,,,,
1780467549.363021,,,MATCH_ACCEPT,7,0,14.517959,6.527708,14.569770,,6.519687,0.052429,6.718500,1.812333,2.368144,0.916407,79,1,,,,,,,,,,,,,,,,,,,,,
1780467549.363021,,,MATCH_REJECT,9,1,354.101291,13.826667,337.314231,,12.377374,16.849505,6.983588,2.278258,3.459180,1.731281,3,1,,,,,,,,,,,,,,,,,,,,,
1780467549.363021,,,NEW_TRACK,10,1,354.101291,13.826667,,,,,,,1.000000,1.000000,1,0,,,,,,,,,,,,,,,,,,,,,
1780467549.363021,,,UI_STATUS_SEND,7,,,,14.555533,194.555533,6.522652,,,,,,80,0,"internal_id=7,ui_id=4",7,4,7,1,-1,38.980000,mono,,,,,,,,,,,,,
1780467549.642520,,,MATCH_ACCEPT,10,0,354.119520,13.670833,354.101291,,13.826667,0.156896,6.745451,1.830301,1.675000,1.675000,1,1,,,,,,,,,,,,,,,,,,,,,
1780467549.642520,,,TargetLost,7,,,,,,,,,,,,,,not_in_valid_tracks,,,,,,,,,,,,,,,,,,,,
1780467549.879764,,,MATCH_ACCEPT,7,1,14.547581,6.523125,14.553563,,6.516142,0.009195,7.214953,2.143302,3.183656,1.410089,79,2,,,,,,,,,,,,,,,,,,,,,
1780467549.879764,,,MATCH_ACCEPT,10,0,354.064832,14.110833,354.106508,,13.717494,0.395541,7.263159,2.175440,2.836195,1.896342,2,1,,,,,,,,,,,,,,,,,,,,,
1780467549.879764,,,UI_STATUS_SEND,7,,,,14.551544,194.551544,6.519454,,,,,,80,0,"internal_id=7,ui_id=4",7,4,7,1,-1,38.980000,mono,,,,,,,,,,,,,
1780467550.341363,,,MATCH_ACCEPT,7,0,14.549860,6.518542,14.549193,,6.514544,0.004053,7.435504,2.290336,3.651758,1.593879,80,2,,,,,,,,,,,,,,,,,,,,,
1780467550.341363,,,UI_STATUS_SEND,7,,,,14.549439,194.549439,6.516563,,,,,,81,0,"internal_id=7,ui_id=4",7,4,7,1,-1,38.980000,mono,,,,,,,,,,,,,
1780467550.813888,,,MATCH_ACCEPT,7,0,14.552139,6.511667,14.547141,,6.512284,0.005036,7.532481,2.354987,3.901603,1.644362,81,2,,,,,,,,,,,,,,,,,,,,,
1780467550.813888,,,UI_STATUS_SEND,7,,,,14.549061,194.549061,6.511967,,,,,,82,0,"internal_id=7,ui_id=4",7,4,7,1,-1,38.980000,mono,,,,,,,,,,,,,
1780467551.178387,,,MATCH_ACCEPT,7,0,14.556696,6.509375,14.548048,,6.509554,0.008650,7.141079,2.094053,3.186928,1.198128,82,1,,,,,,,,,,,,,,,,,,,,,
1780467551.178387,,,UI_STATUS_SEND,7,,,,14.550968,194.550968,6.509477,,,,,,83,0,"internal_id=7,ui_id=4",7,4,7,1,-1,38.980000,mono,,,,,,,,,,,,,
1780467551.504779,,,MATCH_ACCEPT,7,0,14.556696,6.488750,14.550338,,6.507050,0.019373,6.940705,1.960470,2.809808,1.033635,83,1,,,,,,,,,,,,,,,,,,,,,
1780467551.504779,,,UI_STATUS_SEND,7,,,,14.552310,194.552310,6.499764,,,,,,84,0,"internal_id=7,ui_id=4",7,4,7,1,-1,38.980000,mono,,,,,,,,,,,,,
1780467551.766825,,,MATCH_ACCEPT,7,0,14.561253,6.481875,14.551940,,6.496019,0.016935,6.829861,1.886574,2.594482,0.964679,84,1,,,,,,,,,,,,,,,,,,,,,
1780467551.766296,,,TargetKeep,7,,,,,,,,,,,,,,lock_timer_expired,,,,,,,,,,,,,,,,,,,,
1780467551.766296,,,UI_STATUS_SEND,7,,,,14.554672,194.554672,6.490620,,,,,,85,0,"internal_id=7,ui_id=4",7,4,7,1,-1,38.980000,mono,,,,,,,,,,,,,
1780467552.035239,,,MATCH_ACCEPT,7,0,14.561253,6.495625,14.554671,,6.485868,0.011770,6.767729,1.845153,2.468341,0.936247,85,1,,,,,,,,,,,,,,,,,,,,,
1780467552.035239,,,UI_STATUS_SEND,7,,,,14.556534,194.556534,6.489524,,,,,,86,0,"internal_id=7,ui_id=4",7,4,7,1,-1,38.980000,mono,,,,,,,,,,,,,
1780467552.283718,,,MATCH_ACCEPT,7,0,14.565810,6.491042,14.556787,,6.485493,0.010593,6.730762,1.820508,2.390820,0.923431,86,1,,,,,,,,,,,,,,,,,,,,,
1780467552.283718,,,UI_STATUS_SEND,7,,,,14.559283,194.559283,6.487554,,,,,,87,0,"internal_id=7,ui_id=4",7,4,7,1,-1,38.980000,mono,,,,,,,,,,,,,
1780467552.495531,,,MATCH_ACCEPT,7,0,14.552139,6.520833,14.559792,,6.484455,0.037175,6.649357,1.766238,2.251613,0.867983,87,1,,,,,,,,,,,,,,,,,,,,,
1780467552.495531,,,MATCH_REJECT,10,1,31.514980,7.510833,354.061482,,14.500872,38.100199,19.290812,10.244141,62.347052,42.595374,0,10,,,,,,,,,,,,,,,,,,,,,
1780467552.495531,,,NEW_TRACK,11,1,31.514980,7.510833,,,,,,,1.000000,1.000000,1,0,,,,,,,,,,,,,,,,,,,,,
1780467552.495531,,,UI_STATUS_SEND,7,,,,14.557765,194.557765,6.497447,,,,,,88,0,"internal_id=7,ui_id=4",7,4,7,1,-1,38.980000,mono,,,,,,,,,,,,,
1780467552.780181,,,MATCH_ACCEPT,7,0,14.552139,6.527708,14.558081,,6.496310,0.031956,6.664117,1.776078,2.262386,0.892068,88,1,,,,,,,,,,,,,,,,,,,,,
1780467552.780181,,,UI_STATUS_SEND,7,,,,14.556502,194.556502,6.507721,,,,,,89,0,"internal_id=7,ui_id=4",7,4,7,1,-1,38.980000,mono,,,,,,,,,,,,,
1780467553.169334,,,MATCH_ACCEPT,7,0,14.556696,6.539167,14.556591,,6.508833,0.030334,6.677906,1.785271,2.278143,0.909048,89,1,,,,,,,,,,,,,,,,,,,,,
1780467553.169334,,,UI_STATUS_SEND,7,,,,14.556619,194.556619,6.519990,,,,,,90,0,"internal_id=7,ui_id=4",7,4,7,1,-1,38.980000,mono,,,,,,,,,,,,,
1780467553.402263,,,MATCH_ACCEPT,7,0,14.556696,6.546042,14.556706,,6.523076,0.022966,6.658849,1.772566,2.248007,0.893982,90,1,,,,,,,,,,,,,,,,,,,,,
1780467553.402263,,,UI_STATUS_SEND,7,,,,14.556703,194.556703,6.531434,,,,,,91,0,"internal_id=7,ui_id=4",7,4,7,1,-1,38.980000,mono,,,,,,,,,,,,,
1780467553.781636,,,MATCH_ACCEPT,7,0,14.556696,6.562083,14.556796,,6.536389,0.025695,6.676031,1.784021,2.273779,0.908951,91,1,,,,,,,,,,,,,,,,,,,,,
1780467553.781636,,,TargetKeep,7,,,,,,,,,,,,,,lock_timer_expired,,,,,,,,,,,,,,,,,,,,
1780467553.781636,,,UI_STATUS_SEND,7,,,,14.556769,194.556769,6.545839,,,,,,92,0,"internal_id=7,ui_id=4",7,4,7,1,-1,38.980000,mono,,,,,,,,,,,,,
1780467553.987417,,,MATCH_ACCEPT,7,1,14.556696,6.573542,14.556843,,6.551445,0.022097,6.612485,1.741657,2.177848,0.855520,92,1,,,,,,,,,,,,,,,,,,,,,
1780467553.987417,,,MATCH_ACCEPT,11,0,38.524095,7.043333,31.514980,,7.510833,7.024688,12.405735,5.603823,15.701418,15.701418,0,5,,,,,,,,,,,,,,,,,,,,,
1780467553.987417,,,UI_STATUS_SEND,7,,,,14.556805,194.556805,6.559263,,,,,,93,0,"internal_id=7,ui_id=4",7,4,7,1,-1,38.980000,mono,,,,,,,,,,,,,
1780467554.379596,,,MATCH_ACCEPT,7,0,14.536188,6.580417,14.556888,,6.567606,0.024344,6.646689,1.764460,2.226603,0.886714,93,1,,,,,,,,,,,,,,,,,,,,,
1780467554.379596,,,UI_STATUS_SEND,7,,,,14.551451,194.551451,6.572244,,,,,,94,0,"internal_id=7,ui_id=4",7,4,7,1,-1,38.980000,mono,,,,,,,,,,,,,
1780467554.831199,,,MATCH_ACCEPT,7,0,14.533909,6.591875,14.550162,,6.588973,0.016510,7.082548,2.055032,2.920965,1.302191,94,2,,,,,,,,,,,,,,,,,,,,,
1780467554.831199,,,UI_STATUS_SEND,7,,,,14.544986,194.544986,6.590292,,,,,,95,0,"internal_id=7,ui_id=4",7,4,7,1,-1,38.980000,mono,,,,,,,,,,,,,
1780467555.097807,,,MATCH_ACCEPT,7,0,14.538467,6.596458,14.543532,,6.599803,0.006070,6.926645,1.951097,2.707142,1.099636,95,1,,,,,,,,,,,,,,,,,,,,,
1780467555.097807,,,UI_STATUS_SEND,7,,,,14.542001,194.542001,6.598421,,,,,,96,0,"internal_id=7,ui_id=4",7,4,7,1,-1,38.980000,mono,,,,,,,,,,,,,
1780467555.385934,,,MATCH_ACCEPT,7,0,14.536188,6.605625,14.540331,,6.607674,0.004622,6.833876,1.889251,2.565132,1.004136,96,1,,,,,,,,,,,,,,,,,,,,,
1780467555.385934,,,UI_STATUS_SEND,7,,,,14.539126,194.539126,6.606872,,,,,,97,0,"internal_id=7,ui_id=4",7,4,7,1,-1,38.980000,mono,,,,,,,,,,,,,
1780467555.760782,,,MATCH_ACCEPT,7,0,14.543024,6.619375,14.537287,,6.615974,0.006669,6.776820,1.851213,2.470006,0.956984,97,1,,,,,,,,,,,,,,,,,,,,,
1780467555.760782,,,UI_STATUS_SEND,7,,,,14.538912,194.538912,6.617266,,,,,,98,0,"internal_id=7,ui_id=4",7,4,7,1,-1,38.980000,mono,,,,,,,,,,,,,
1780467555.981189,,,MATCH_ACCEPT,7,0,14.543024,6.630833,14.537492,,6.625506,0.007680,6.691905,1.794603,2.327816,0.892785,98,1,,,,,,,,,,,,,,,,,,,,,
1780467555.981189,,,TargetKeep,7,,,,,,,,,,,,,,lock_timer_expired,,,,,,,,,,,,,,,,,,,,
1780467555.981189,,,UI_STATUS_SEND,7,,,,14.538993,194.538993,6.627443,,,,,,99,0,"internal_id=7,ui_id=4",7,4,7,1,-1,38.980000,mono,,,,,,,,,,,,,
1780467556.222353,,,MATCH_ACCEPT,7,0,14.538467,6.623958,14.537643,,6.636816,0.012884,6.674673,1.783115,2.290054,0.889447,99,1,,,,,,,,,,,,,,,,,,,,,
1780467556.222353,,,UI_STATUS_SEND,7,,,,14.537864,194.537864,6.632152,,,,,,100,0,"internal_id=7,ui_id=4",7,4,7,1,-1,38.980000,mono,,,,,,,,,,,,,
1780467556.542407,,,MATCH_ACCEPT,7,0,14.538467,6.630833,14.536495,,6.640962,0.010319,6.681637,1.787758,2.292142,0.903936,100,1,,,,,,,,,,,,,,,,,,,,,
1780467556.542407,,,UI_STATUS_SEND,7,,,,14.537024,194.537024,6.637250,,,,,,101,0,"internal_id=7,ui_id=4",7,4,7,1,-1,38.980000,mono,,,,,,,,,,,,,
1780467556.995939,,,MATCH_ACCEPT,7,0,14.517959,6.623958,14.534685,,6.651876,0.032545,7.096766,2.064511,2.952658,1.309548,101,2,,,,,,,,,,,,,,,,,,,,,
1780467556.995432,,,UI_STATUS_SEND,7,,,,14.529319,194.529319,6.639146,,,,,,102,0,"internal_id=7,ui_id=4",7,4,7,1,-1,38.980000,mono,,,,,,,,,,,,,
1780467557.210370,,,MATCH_ACCEPT,7,0,14.647842,6.585000,14.527558,,6.644045,0.133994,6.867980,1.911986,2.611335,1.044357,102,1,,,,,,,,,,,,,,,,,,,,,
1780467557.210370,,,UI_STATUS_SEND,7,,,,14.563004,194.563004,6.620390,,,,,,103,0,"internal_id=7,ui_id=4",7,4,7,1,-1,25.150000,mono,,,,,,,,,,,,,
1780467557.593485,,,MATCH_ACCEPT,7,0,14.504287,6.635417,14.565908,,6.621685,0.063132,6.797295,1.864863,2.499952,0.977762,103,1,,,,,,,,,,,,,,,,,,,,,
1780467557.593485,,,UI_STATUS_SEND,7,,,,14.548302,194.548302,6.626971,,,,,,104,0,"internal_id=7,ui_id=4",7,4,7,1,-1,38.980000,mono,,,,,,,,,,,,,
1780467557.870136,,,MATCH_ACCEPT,7,0,14.429092,6.662917,14.548734,,6.629267,0.124284,6.756172,1.837448,2.429091,0.947124,104,1,,,,,,,,,,,,,,,,,,,,,
1780467557.870136,,,UI_STATUS_SEND,7,,,,14.515249,194.515249,6.641966,,,,,,105,0,"internal_id=7,ui_id=4",7,4,7,1,-1,38.980000,mono,,,,,,,,,,,,,
1780467558.131097,,,MATCH_ACCEPT,7,0,14.522516,6.628542,14.510956,,6.646700,0.021526,6.731911,1.821274,2.383947,0.933091,105,1,,,,,,,,,,,,,,,,,,,,,
1780467558.131097,,,TargetKeep,7,,,,,,,,,,,,,,lock_timer_expired,,,,,,,,,,,,,,,,,,,,
1780467558.131097,,,UI_STATUS_SEND,7,,,,14.514148,194.514148,6.639911,,,,,,106,0,"internal_id=7,ui_id=4",7,4,7,1,-1,38.980000,mono,,,,,,,,,,,,,
1780467558.353165,,,MATCH_ACCEPT,7,0,14.488336,6.637708,14.510736,,6.642950,0.023005,6.670156,1.780104,2.281517,0.887254,106,1,,,,,,,,,,,,,,,,,,,,,
1780467558.353165,,,UI_STATUS_SEND,7,,,,14.504746,194.504746,6.641052,,,,,,107,0,"internal_id=7,ui_id=4",7,4,7,1,-1,38.980000,mono,,,,,,,,,,,,,
1780467558.770422,,,MATCH_ACCEPT,7,0,14.524795,6.635417,14.496913,,6.646148,0.029876,7.020620,2.013747,2.827075,1.228102,107,2,,,,,,,,,,,,,,,,,,,,,
1780467558.770422,,,UI_STATUS_SEND,7,,,,14.505597,194.505597,6.641426,,,,,,108,0,"internal_id=7,ui_id=4",7,4,7,1,-1,38.980000,mono,,,,,,,,,,,,,
1780467559.043149,,,MATCH_ACCEPT,7,0,14.506566,6.642292,14.502131,,6.643586,0.004619,6.891316,1.927544,2.644947,1.070479,108,1,,,,,,,,,,,,,,,,,,,,,
1780467559.043149,,,UI_STATUS_SEND,7,,,,14.503450,194.503450,6.643060,,,,,,109,0,"internal_id=7,ui_id=4",7,4,7,1,-1,38.980000,mono,,,,,,,,,,,,,
1780467559.332060,,,MATCH_ACCEPT,7,0,14.527073,6.635417,14.500170,,6.645120,0.028600,6.815438,1.876959,2.527518,0.995456,109,1,,,,,,,,,,,,,,,,,,,,,
1780467559.332060,,,UI_STATUS_SEND,7,,,,14.507917,194.507917,6.641344,,,,,,110,0,"internal_id=7,ui_id=4",7,4,7,1,-1,38.980000,mono,,,,,,,,,,,,,
1780467559.597248,,,MATCH_ACCEPT,7,0,14.520238,6.637708,14.505732,,6.642684,0.015336,6.769376,1.846250,2.450653,0.957987,110,1,,,,,,,,,,,,,,,,,,,,,
1780467559.597248,,,UI_STATUS_SEND,7,,,,14.509817,194.509817,6.640793,,,,,,111,0,"internal_id=7,ui_id=4",7,4,7,1,-1,38.980000,mono,,,,,,,,,,,,,
1780467559.815419,,,MATCH_ACCEPT,7,0,14.533909,6.621667,14.508415,,6.641646,0.032390,6.686956,1.791304,2.314822,0.893948,111,1,,,,,,,,,,,,,,,,,,,,,
1780467559.815419,,,UI_STATUS_SEND,7,,,,14.515305,194.515305,6.634375,,,,,,112,0,"internal_id=7,ui_id=4",7,4,7,1,-1,38.980000,mono,,,,,,,,,,,,,
1780467560.060435,,,MATCH_ACCEPT,7,0,14.529352,6.621667,14.514689,,6.633957,0.019133,6.681499,1.787666,2.297262,0.898487,112,1,,,,,,,,,,,,,,,,,,,,,
1780467560.060435,,,TargetKeep,7,,,,,,,,,,,,,,lock_timer_expired,,,,,,,,,,,,,,,,,,,,
1780467560.060435,,,UI_STATUS_SEND,7,,,,14.518630,194.518630,6.629470,,,,,,113,0,"internal_id=7,ui_id=4",7,4,7,1,-1,38.980000,mono,,,,,,,,,,,,,
1780467560.657579,,,MATCH_ACCEPT,7,0,14.538467,6.617083,14.518516,,6.627118,0.022332,7.096658,2.064439,2.957279,1.304629,113,2,,,,,,,,,,,,,,,,,,,,,
1780467560.657579,,,UI_STATUS_SEND,7,,,,14.524924,194.524924,6.622552,,,,,,114,0,"internal_id=7,ui_id=4",7,4,7,1,-1,38.980000,mono,,,,,,,,,,,,,
1780467560.920519,,,MATCH_ACCEPT,7,0,14.538467,6.612500,14.525766,,6.620388,0.014951,6.932286,1.954858,2.721480,1.099988,114,1,,,,,,,,,,,,,,,,,,,,,
1780467560.920519,,,UI_STATUS_SEND,7,,,,14.529619,194.529619,6.617129,,,,,,115,0,"internal_id=7,ui_id=4",7,4,7,1,-1,38.980000,mono,,,,,,,,,,,,,
1780467561.277934,,,MATCH_ACCEPT,7,0,14.568089,6.511667,14.530999,,6.614358,0.109184,6.835756,1.890504,2.569659,1.004347,115,1,,,,,,,,,,,,,,,,,,,,,
1780467561.277934,,,UI_STATUS_SEND,7,,,,14.541805,194.541805,6.574177,,,,,,116,0,"internal_id=7,ui_id=4",7,4,7,1,-1,25.150000,mono,,,,,,,,,,,,,
1780467561.925244,,,MATCH_ACCEPT,7,0,14.656956,6.582708,14.549284,,6.547484,0.113287,7.613727,2.409151,3.950655,1.853354,116,3,,,,,,,,,,,,,,,,,,,,,
1780467561.925244,,,UI_STATUS_SEND,7,,,,14.590985,194.590985,6.566596,,,,,,117,0,"internal_id=7,ui_id=4",7,4,7,1,-1,25.150000,mono,,,,,,,,,,,,,
1780467562.126302,,no_packet,TRACK_DELETE,8,,,,336.826315,,12.557172,,,,1803.574410,1652.099246,0,50,,,,,,,,,,,,,,,,,,,,,
1780467562.452802,,,MATCH_ACCEPT,7,0,14.552139,6.623958,14.606194,,6.553978,0.088426,7.599070,2.399380,4.025386,1.731639,117,2,,,,,,,,,,,,,,,,,,,,,
1780467562.452802,,,TRACK_DELETE,9,,,,336.486067,,13.627644,,,,1575.688972,1269.336197,0,50,,,,,,,,,,,,,,,,,,,,,
1780467562.452802,,,UI_STATUS_SEND,7,,,,14.585018,194.585018,6.590765,,,,,,118,0,"internal_id=7,ui_id=4",7,4,7,1,-1,38.980000,mono,,,,,,,,,,,,,
1780467562.944442,,,MATCH_ACCEPT,7,0,14.558974,6.628542,14.595340,,6.589371,0.053449,7.583124,2.388750,4.030905,1.675220,118,2,,,,,,,,,,,,,,,,,,,,,
1780467562.944442,,,UI_STATUS_SEND,7,,,,14.581082,194.581082,6.609638,,,,,,119,0,"internal_id=7,ui_id=4",7,4,7,1,-1,38.980000,mono,,,,,,,,,,,,,
1780467563.171803,,,MATCH_ACCEPT,7,0,14.652399,6.585000,14.584630,,6.612055,0.072970,7.115854,2.077236,3.147365,1.167544,119,1,,,,,,,,,,,,,,,,,,,,,
1780467563.171803,,,TRACK_DELETE,10,,,,353.934934,,16.744841,,,,1564.140885,1240.709077,0,50,,,,,,,,,,,,,,,,,,,,,
1780467563.171803,,,TargetKeep,7,,,,,,,,,,,,,,lock_timer_expired,,,,,,,,,,,,,,,,,,,,
1780467563.171803,,,UI_STATUS_SEND,7,,,,14.607327,194.607327,6.600484,,,,,,120,0,"internal_id=7,ui_id=4",7,4,7,1,-1,25.150000,mono,,,,,,,,,,,,,
1780467563.508034,,,MATCH_ACCEPT,7,0,14.668349,6.582708,14.614123,,6.601128,0.057269,6.921793,1.947862,2.772929,1.021237,120,1,,,,,,,,,,,,,,,,,,,,,
1780467563.508034,,,UI_STATUS_SEND,7,,,,14.630788,194.630788,6.593848,,,,,,121,0,"internal_id=7,ui_id=4",7,4,7,1,-1,25.150000,mono,,,,,,,,,,,,,
1780467563.726678,,,MATCH_ACCEPT,7,0,14.693415,6.575833,14.638638,,6.593246,0.057478,6.765954,1.843969,2.481983,0.918239,121,1,,,,,,,,,,,,,,,,,,,,,
1780467563.726678,,,UI_STATUS_SEND,7,,,,14.654208,194.654208,6.586801,,,,,,122,0,"internal_id=7,ui_id=4",7,4,7,1,-1,25.150000,mono,,,,,,,,,,,,,
1780467563.955895,,,MATCH_ACCEPT,7,0,14.584040,6.635417,14.664354,,6.585053,0.094800,6.695901,1.797268,2.342550,0.887620,122,1,,,,,,,,,,,,,,,,,,,,,
1780467563.955895,,,UI_STATUS_SEND,7,,,,14.642458,194.642458,6.603298,,,,,,123,0,"internal_id=7,ui_id=4",7,4,7,1,-1,38.980000,mono,,,,,,,,,,,,,
1780467564.242873,,,MATCH_ACCEPT,7,0,14.716201,6.585000,14.650494,,6.604956,0.068671,6.694455,1.796304,2.319476,0.907231,123,1,,,,,,,,,,,,,,,,,,,,,
1780467564.242873,,,UI_STATUS_SEND,7,,,,14.668278,194.668278,6.597625,,,,,,124,0,"internal_id=7,ui_id=4",7,4,7,1,-1,25.150000,mono,,,,,,,,,,,,,
1780467564.652293,,,MATCH_ACCEPT,7,0,14.593154,6.646875,14.685577,,6.597950,0.104574,7.030367,2.020244,2.838765,1.242623,124,2,,,,,,,,,,,,,,,,,,,,,
1780467564.652293,,,UI_STATUS_SEND,7,,,,14.656710,194.656710,6.619623,,,,,,125,0,"internal_id=7,ui_id=4",7,4,7,1,-1,38.980000,mono,,,,,,,,,,,,,
1780467564.913421,,,MATCH_ACCEPT,7,0,14.588597,6.653750,14.663164,,6.623974,0.080293,6.900852,1.933901,2.658457,1.081516,125,1,,,,,,,,,,,,,,,,,,,,,
1780467564.913421,,,UI_STATUS_SEND,7,,,,14.640912,194.640912,6.636153,,,,,,126,0,"internal_id=7,ui_id=4",7,4,7,1,-1,38.980000,mono,,,,,,,,,,,,,
1780467565.157071,,,MATCH_ACCEPT,7,0,14.602269,6.653750,14.644115,,6.642663,0.043290,6.813892,1.875928,2.524923,0.994184,126,1,,,,,,,,,,,,,,,,,,,,,
1780467565.157071,,,TargetKeep,7,,,,,,,,,,,,,,lock_timer_expired,,,,,,,,,,,,,,,,,,,,
1780467565.157071,,,UI_STATUS_SEND,7,,,,14.632074,194.632074,6.646974,,,,,,127,0,"internal_id=7,ui_id=4",7,4,7,1,-1,38.980000,mono,,,,,,,,,,,,,
1780467565.411749,,,MATCH_ACCEPT,7,0,14.602269,6.660625,14.633642,,6.654481,0.031970,6.772267,1.848178,2.456214,0.959548,127,1,,,,,,,,,,,,,,,,,,,,,
1780467565.411749,,,UI_STATUS_SEND,7,,,,14.624791,194.624791,6.656818,,,,,,128,0,"internal_id=7,ui_id=4",7,4,7,1,-1,38.980000,mono,,,,,,,,,,,,,
1780467565.690697,,,MATCH_ACCEPT,7,0,14.645563,6.630833,14.625094,,6.664776,0.039637,6.746459,1.830972,2.410756,0.941704,128,1,,,,,,,,,,,,,,,,,,,,,
1780467565.690697,,,UI_STATUS_SEND,7,,,,14.630792,194.630792,6.652012,,,,,,129,0,"internal_id=7,ui_id=4",7,4,7,1,-1,32.065000,mono,,,,,,,,,,,,,
1780467566.113715,,,MATCH_ACCEPT,7,0,14.766331,6.585000,14.632685,,6.661294,0.153890,7.084847,2.056565,2.955705,1.273753,129,2,,,,,,,,,,,,,,,,,,,,,
1780467566.113715,,,UI_STATUS_SEND,7,,,,14.675595,194.675595,6.627031,,,,,,130,0,"internal_id=7,ui_id=4",7,4,7,1,-1,25.150000,mono,,,,,,,,,,,,,
1780467566.610667,,,MATCH_ACCEPT,7,0,14.825576,6.557500,14.688564,,6.625374,0.152903,7.350910,2.233940,3.464865,1.525623,130,2,,,,,,,,,,,,,,,,,,,,,
1780467566.610667,,,UI_STATUS_SEND,7,,,,14.737430,194.737430,6.591842,,,,,,131,0,"internal_id=7,ui_id=4",7,4,7,1,-1,25.150000,mono,,,,,,,,,,,,,
1780467566.814996,,no_packet,TRACK_DELETE,11,,,,82.226755,,3.210021,,,,1061.886820,749.885952,0,50,,,,,,,,,,,,,,,,,,,,,
1780467571.492203,,,MATCH_ACCEPT,7,0,14.615941,6.697292,15.007219,,6.456490,0.459439,22.988602,12.659068,89.332528,70.919469,131,24,,,,,,,,,,,,,,,,,,,,,
1780467571.492203,,,UI_STATUS_SEND,7,,,,14.641526,194.641526,6.692101,,,,,,132,0,"internal_id=7,ui_id=4",7,4,7,1,-1,38.980000,mono,,,,,,,,,,,,,
1780467571.959128,,,MATCH_ACCEPT,7,0,14.620498,6.706458,14.629014,,6.705760,0.008545,8.721630,3.147753,7.573433,2.334918,132,2,,,,,,,,,,,,,,,,,,,,,
1780467571.959128,,,UI_STATUS_SEND,7,,,,14.624348,194.624348,6.706178,,,,,,133,0,"internal_id=7,ui_id=4",7,4,7,1,-1,38.980000,mono,,,,,,,,,,,,,
1780467572.436399,,,MATCH_ACCEPT,7,0,14.745823,6.649167,14.611161,,6.719969,0.152141,7.900338,2.600225,4.912806,1.848366,133,2,,,,,,,,,,,,,,,,,,,,,
1780467572.436399,,,TargetKeep,7,,,,,,,,,,,,,,lock_timer_expired,,,,,,,,,,,,,,,,,,,,
1780467572.436399,,,UI_STATUS_SEND,7,,,,14.670427,194.670427,6.681601,,,,,,134,0,"internal_id=7,ui_id=4",7,4,7,1,-1,25.150000,mono,,,,,,,,,,,,,
1780467572.929285,,,MATCH_ACCEPT,7,0,14.625055,6.706458,14.668403,,6.682878,0.049347,7.727554,2.485036,4.330238,1.845164,134,2,,,,,,,,,,,,,,,,,,,,,
1780467572.929285,,,UI_STATUS_SEND,7,,,,14.650662,194.650662,6.695646,,,,,,135,0,"internal_id=7,ui_id=4",7,4,7,1,-1,38.980000,mono,,,,,,,,,,,,,
1780467573.435843,,,MATCH_ACCEPT,7,0,14.631891,6.692708,14.644608,,6.701346,0.015373,7.706431,2.470954,4.259329,1.846284,135,2,,,,,,,,,,,,,,,,,,,,,
1780467573.435843,,,UI_STATUS_SEND,7,,,,14.639454,194.639454,6.696668,,,,,,136,0,"internal_id=7,ui_id=4",7,4,7,1,-1,38.980000,mono,,,,,,,,,,,,,
1780467573.921435,,,MATCH_ACCEPT,7,0,14.732152,6.665208,14.632167,,6.700792,0.106128,7.697939,2.465292,4.281393,1.796273,136,2,,,,,,,,,,,,,,,,,,,,,
1780467573.921435,,,UI_STATUS_SEND,7,,,,14.672814,194.672814,6.681762,,,,,,137,0,"internal_id=7,ui_id=4",7,4,7,1,-1,25.150000,mono,,,,,,,,,,,,,
1780467574.544228,,,MATCH_ACCEPT,7,0,14.625055,6.669792,14.676444,,6.679022,0.052211,8.087328,2.724885,5.174917,2.250083,137,3,,,,,,,,,,,,,,,,,,,,,
1780467574.544228,,,UI_STATUS_SEND,7,,,,14.653167,194.653167,6.673574,,,,,,138,0,"internal_id=7,ui_id=4",7,4,7,1,-1,38.980000,mono,,,,,,,,,,,,,
1780467576.377955,,,MATCH_ACCEPT,7,0,14.711644,6.557500,14.641791,,6.658878,0.123113,11.674408,5.116272,16.627507,9.548729,138,9,,,,,,,,,,,,,,,,,,,,,
1780467576.377955,,,UI_STATUS_SEND,7,,,,14.692560,194.692560,6.571756,,,,,,139,0,"internal_id=7,ui_id=4",7,4,7,1,-1,25.150000,mono,,,,,,,,,,,,,
1780467578.406616,,,MATCH_ACCEPT,7,0,14.647842,6.667500,14.719366,,6.474215,0.206094,12.793464,5.862309,22.241803,12.124868,139,10,,,,,,,,,,,,,,,,,,,,,
1780467578.406616,,,UI_STATUS_SEND,7,,,,14.663531,194.663531,6.645435,,,,,,140,0,"internal_id=7,ui_id=4",7,4,7,1,-1,25.150000,mono,,,,,,,,,,,,,
1780467578.831629,,,MATCH_ACCEPT,7,0,14.563532,6.761458,14.661240,,6.655735,0.143959,8.492835,2.995223,6.726622,2.244739,140,2,,,,,,,,,,,,,,,,,,,,,
1780467578.831629,,,TargetKeep,7,,,,,,,,,,,,,,lock_timer_expired,,,,,,,,,,,,,,,,,,,,
1780467578.831629,,,UI_STATUS_SEND,7,,,,14.610592,194.610592,6.718069,,,,,,141,0,"internal_id=7,ui_id=4",7,4,7,1,-1,38.980000,mono,,,,,,,,,,,,,
1780467579.093193,,,MATCH_ACCEPT,7,0,14.515680,6.811875,14.604524,,6.732641,0.119043,7.460587,2.307058,4.011498,1.311019,141,1,,,,,,,,,,,,,,,,,,,,,
1780467579.093193,,,UI_STATUS_SEND,7,,,,14.569793,194.569793,6.768791,,,,,,142,0,"internal_id=7,ui_id=4",7,4,7,1,-1,38.980000,mono,,,,,,,,,,,,,
1780467579.346705,,,MATCH_ACCEPT,7,0,14.552139,6.750000,14.560090,,6.789262,0.040059,7.073407,2.048938,3.117864,1.080283,142,1,,,,,,,,,,,,,,,,,,,,,
1780467579.346705,,,UI_STATUS_SEND,7,,,,14.557444,194.557444,6.773213,,,,,,143,0,"internal_id=7,ui_id=4",7,4,7,1,-1,38.980000,mono,,,,,,,,,,,,,
1780467580.139063,,,MATCH_ACCEPT,7,0,14.568089,6.759167,14.531149,,6.819115,0.070416,7.787029,2.524686,4.342599,2.031442,143,3,,,,,,,,,,,,,,,,,,,,,
1780467580.139063,,,UI_STATUS_SEND,7,,,,14.546293,194.546293,6.785230,,,,,,144,0,"internal_id=7,ui_id=4",7,4,7,1,-1,38.980000,mono,,,,,,,,,,,,,
1780467580.609619,,,MATCH_ACCEPT,7,0,14.558974,6.761458,14.531797,,6.805711,0.051932,7.712457,2.474972,4.282773,1.842712,144,2,,,,,,,,,,,,,,,,,,,,,
1780467580.609619,,,UI_STATUS_SEND,7,,,,14.542848,194.542848,6.781764,,,,,,145,0,"internal_id=7,ui_id=4",7,4,7,1,-1,38.980000,mono,,,,,,,,,,,,,
1780467580.829819,,,MATCH_ACCEPT,7,0,14.552139,6.768333,14.537068,,6.788072,0.024835,7.175388,2.116925,3.267629,1.213743,145,1,,,,,,,,,,,,,,,,,,,,,
1780467580.829819,,,UI_STATUS_SEND,7,,,,14.542242,194.542242,6.779443,,,,,,146,0,"internal_id=7,ui_id=4",7,4,7,1,-1,38.980000,mono,,,,,,,,,,,,,
1780467581.634672,,,MATCH_ACCEPT,7,0,14.570368,6.763750,14.526789,,6.794271,0.053204,7.852287,2.568191,4.574496,2.021110,146,3,,,,,,,,,,,,,,,,,,,,,
1780467581.634672,,,UI_STATUS_SEND,7,,,,14.545206,194.545206,6.777058,,,,,,147,0,"internal_id=7,ui_id=4",7,4,7,1,-1,38.980000,mono,,,,,,,,,,,,,
1780467582.220781,,,MATCH_ACCEPT,7,0,14.675185,6.727083,14.538948,,6.781907,0.146854,7.715724,2.477150,4.351261,1.785009,147,2,,,,,,,,,,,,,,,,,,,,,
1780467582.220781,,,TargetKeep,7,,,,,,,,,,,,,,lock_timer_expired,,,,,,,,,,,,,,,,,,,,
1780467582.220781,,,UI_STATUS_SEND,7,,,,14.594867,194.594867,6.752673,,,,,,148,0,"internal_id=7,ui_id=4",7,4,7,1,-1,25.150000,mono,,,,,,,,,,,,,
1780467582.826755,,,MATCH_ACCEPT,7,0,14.524795,6.779792,14.601466,,6.748637,0.082759,7.642835,2.428557,4.203073,1.694815,148,2,,,,,,,,,,,,,,,,,,,,,
1780467582.826755,,,UI_STATUS_SEND,7,,,,14.570637,194.570637,6.764847,,,,,,149,0,"internal_id=7,ui_id=4",7,4,7,1,-1,38.980000,mono,,,,,,,,,,,,,
1780467583.399846,,,MATCH_ACCEPT,7,0,14.524795,6.795833,14.570211,,6.765771,0.054464,7.608316,2.405544,4.118009,1.668632,149,2,,,,,,,,,,,,,,,,,,,,,
1780467583.399846,,,UI_STATUS_SEND,7,,,,14.552173,194.552173,6.781296,,,,,,150,0,"internal_id=7,ui_id=4",7,4,7,1,-1,38.980000,mono,,,,,,,,,,,,,
1780467584.068150,,,MATCH_ACCEPT,7,0,14.476943,6.784375,14.545600,,6.789580,0.068854,8.045976,2.697318,5.033994,2.241528,150,3,,,,,,,,,,,,,,,,,,,,,
1780467584.068150,,,UI_STATUS_SEND,7,,,,14.514971,194.514971,6.786513,,,,,,151,0,"internal_id=7,ui_id=4",7,4,7,1,-1,38.980000,mono,,,,,,,,,,,,,
1780467584.361641,,,MATCH_ACCEPT,7,0,14.447321,6.791250,14.508708,,6.789168,0.061423,7.346476,2.230984,3.629161,1.348128,151,1,,,,,,,,,,,,,,,,,,,,,
1780467584.361641,,,UI_STATUS_SEND,7,,,,14.486157,194.486157,6.790132,,,,,,152,0,"internal_id=7,ui_id=4",7,4,7,1,-1,38.980000,mono,,,,,,,,,,,,,
1780467584.648545,,,MATCH_ACCEPT,7,0,14.479222,6.793542,14.477105,,6.792950,0.002198,7.037557,2.025038,3.012637,1.088142,152,1,,,,,,,,,,,,,,,,,,,,,
1780467584.648545,,,UI_STATUS_SEND,7,,,,14.477794,194.477794,6.793193,,,,,,153,0,"internal_id=7,ui_id=4",7,4,7,1,-1,38.980000,mono,,,,,,,,,,,,,
1780467584.856820,,,MATCH_ACCEPT,7,0,14.460993,6.800417,14.470326,,6.795576,0.010514,6.809551,1.873034,2.579355,0.928900,153,1,,,,,,,,,,,,,,,,,,,,,
1780467584.856820,,,TargetKeep,7,,,,,,,,,,,,,,lock_timer_expired,,,,,,,,,,,,,,,,,,,,
1780467584.856820,,,UI_STATUS_SEND,7,,,,14.467599,194.467599,6.797381,,,,,,154,0,"internal_id=7,ui_id=4",7,4,7,1,-1,38.980000,mono,,,,,,,,,,,,,
1780467585.076859,,,MATCH_ACCEPT,7,0,14.497451,6.800417,14.459395,,6.800191,0.038057,6.702743,1.801828,2.370400,0.876186,154,1,,,,,,,,,,,,,,,,,,,,,
1780467585.076859,,,UI_STATUS_SEND,7,,,,14.469859,194.469859,6.800272,,,,,,155,0,"internal_id=7,ui_id=4",7,4,7,1,-1,38.980000,mono,,,,,,,,,,,,,
1780467585.305156,,,MATCH_ACCEPT,7,0,14.492894,6.802708,14.462649,,6.803203,0.030249,6.659791,1.773194,2.275634,0.868582,155,1,,,,,,,,,,,,,,,,,,,,,
1780467585.305156,,,UI_STATUS_SEND,7,,,,14.470722,194.470722,6.803026,,,,,,156,0,"internal_id=7,ui_id=4",7,4,7,1,-1,38.980000,mono,,,,,,,,,,,,,
1780467585.701290,,,MATCH_ACCEPT,7,0,14.497451,6.779792,14.463965,,6.806200,0.042647,6.677826,1.785217,2.285052,0.901949,156,1,,,,,,,,,,,,,,,,,,,,,
1780467585.701290,,,UI_STATUS_SEND,7,,,,14.472930,194.472930,6.796535,,,,,,157,0,"internal_id=7,ui_id=4",7,4,7,1,-1,38.980000,mono,,,,,,,,,,,,,
1780467586.014399,,,MATCH_ACCEPT,7,0,14.497451,6.775208,14.467473,,6.797755,0.037510,6.694680,1.796454,2.304068,0.923178,157,1,,,,,,,,,,,,,,,,,,,,,
1780467586.014399,,,UI_STATUS_SEND,7,,,,14.475548,194.475548,6.789381,,,,,,158,0,"internal_id=7,ui_id=4",7,4,7,1,-1,38.980000,mono,,,,,,,,,,,,,
1780467586.318299,,,MATCH_ACCEPT,7,0,14.606826,6.759167,14.471276,,6.788916,0.138776,6.706115,1.804076,2.322231,0.932461,158,1,,,,,,,,,,,,,,,,,,,,,
1780467586.318299,,,UI_STATUS_SEND,7,,,,14.507997,194.507997,6.777798,,,,,,159,0,"internal_id=7,ui_id=4",7,4,7,1,-1,25.150000,mono,,,,,,,,,,,,,
1780467586.605618,,,MATCH_ACCEPT,7,0,14.625055,6.754583,14.509128,,6.775122,0.117732,6.711871,1.807914,2.334931,0.933622,159,1,,,,,,,,,,,,,,,,,,,,,
1780467586.605618,,,UI_STATUS_SEND,7,,,,14.540658,194.540658,6.767440,,,,,,160,0,"internal_id=7,ui_id=4",7,4,7,1,-1,25.150000,mono,,,,,,,,,,,,,
1780467587.071401,,,MATCH_ACCEPT,7,0,14.515680,6.779792,14.551042,,6.759892,0.040576,7.124707,2.083138,3.012269,1.327195,160,2,,,,,,,,,,,,,,,,,,,,,
1780467587.070896,,,TargetKeep,7,,,,,,,,,,,,,,lock_timer_expired,,,,,,,,,,,,,,,,,,,,
1780467587.070896,,,UI_STATUS_SEND,7,,,,14.539542,194.539542,6.769032,,,,,,161,0,"internal_id=7,ui_id=4",7,4,7,1,-1,38.980000,mono,,,,,,,,,,,,,
1780467587.546254,,,MATCH_ACCEPT,7,0,14.513402,6.809583,14.547008,,6.764533,0.056204,7.373138,2.248759,3.512226,1.544690,161,2,,,,,,,,,,,,,,,,,,,,,
1780467587.546254,,,UI_STATUS_SEND,7,,,,14.534917,194.534917,6.786929,,,,,,162,0,"internal_id=7,ui_id=4",7,4,7,1,-1,38.980000,mono,,,,,,,,,,,,,
1780467588.073170,,,MATCH_ACCEPT,7,0,14.529352,6.805000,14.539380,,6.789597,0.018380,7.486579,2.324386,3.786590,1.616181,162,2,,,,,,,,,,,,,,,,,,,,,
1780467588.073170,,,UI_STATUS_SEND,7,,,,14.535597,194.535597,6.797429,,,,,,163,0,"internal_id=7,ui_id=4",7,4,7,1,-1,38.980000,mono,,,,,,,,,,,,,
1780467588.334044,,,MATCH_ACCEPT,7,0,14.529352,6.809583,14.537576,,6.800258,0.012434,7.116503,2.077668,3.126770,1.189936,163,1,,,,,,,,,,,,,,,,,,,,,
1780467588.334044,,,UI_STATUS_SEND,7,,,,14.534834,194.534834,6.804289,,,,,,164,0,"internal_id=7,ui_id=4",7,4,7,1,-1,38.980000,mono,,,,,,,,,,,,,
1780467588.660025,,,MATCH_ACCEPT,7,0,14.529352,6.802708,14.536455,,6.807825,0.008754,6.925790,1.950527,2.773613,1.030942,164,1,,,,,,,,,,,,,,,,,,,,,
1780467588.660025,,,UI_STATUS_SEND,7,,,,14.534272,194.534272,6.805791,,,,,,165,0,"internal_id=7,ui_id=4",7,4,7,1,-1,38.980000,mono,,,,,,,,,,,,,
1780467588.961470,,,MATCH_ACCEPT,7,0,14.529352,6.802708,14.535604,,6.808958,0.008840,6.820184,1.880123,2.570886,0.963976,165,1,,,,,,,,,,,,,,,,,,,,,
1780467588.961470,,,UI_STATUS_SEND,7,,,,14.533782,194.533782,6.806574,,,,,,166,0,"internal_id=7,ui_id=4",7,4,7,1,-1,38.980000,mono,,,,,,,,,,,,,
1780467589.221828,,,MATCH_ACCEPT,7,0,14.533909,6.837083,14.534869,,6.809295,0.027805,6.761160,1.840773,2.452194,0.936252,166,1,,,,,,,,,,,,,,,,,,,,,
1780467589.221828,,,TargetKeep,7,,,,,,,,,,,,,,lock_timer_expired,,,,,,,,,,,,,,,,,,,,
1780467589.221828,,,UI_STATUS_SEND,7,,,,14.534598,194.534598,6.819707,,,,,,167,0,"internal_id=7,ui_id=4",7,4,7,1,-1,38.980000,mono,,,,,,,,,,,,,
1780467589.455734,,,MATCH_ACCEPT,7,0,14.565810,6.763750,14.535581,,6.824112,0.067508,6.701778,1.801185,2.341210,0.903058,167,1,,,,,,,,,,,,,,,,,,,,,
1780467589.455734,,,UI_STATUS_SEND,7,,,,14.543819,194.543819,6.802003,,,,,,168,0,"internal_id=7,ui_id=4",7,4,7,1,-1,25.150000,mono,,,,,,,,,,,,,
1780467589.844831,,,MATCH_ACCEPT,7,0,14.570368,6.843958,14.546014,,6.802443,0.048131,6.694751,1.796501,2.317081,0.910334,168,1,,,,,,,,,,,,,,,,,,,,,
1780467589.844831,,,UI_STATUS_SEND,7,,,,14.552601,194.552601,6.817727,,,,,,169,0,"internal_id=7,ui_id=4",7,4,7,1,-1,38.980000,mono,,,,,,,,,,,,,
1780467590.066929,,,MATCH_ACCEPT,7,0,14.579482,6.898958,14.555377,,6.820766,0.081824,6.646587,1.764391,2.235756,0.877320,169,1,,,,,,,,,,,,,,,,,,,,,
1780467590.066929,,,UI_STATUS_SEND,7,,,,14.561728,194.561728,6.848883,,,,,,170,0,"internal_id=7,ui_id=4",7,4,7,1,-1,38.980000,mono,,,,,,,,,,,,,
1780467590.521657,,,MATCH_ACCEPT,7,0,14.577204,6.855417,14.569057,,6.865101,0.012655,7.077806,2.051870,2.913849,1.296323,170,2,,,,,,,,,,,,,,,,,,,,,
1780467590.521657,,,UI_STATUS_SEND,7,,,,14.571647,194.571647,6.860710,,,,,,171,0,"internal_id=7,ui_id=4",7,4,7,1,-1,38.980000,mono,,,,,,,,,,,,,
1780467590.761459,,,MATCH_ACCEPT,7,0,14.584040,6.878333,14.575857,,6.868455,0.012827,6.902872,1.935248,2.665278,1.079906,171,1,,,,,,,,,,,,,,,,,,,,,
1780467590.760953,,,UI_STATUS_SEND,7,,,,14.578303,194.578303,6.872492,,,,,,172,0,"internal_id=7,ui_id=4",7,4,7,1,-1,38.980000,mono,,,,,,,,,,,,,
1780467590.989592,,,MATCH_ACCEPT,7,0,14.561253,6.848542,14.582640,,6.880583,0.038523,6.782800,1.855200,2.477492,0.964274,172,1,,,,,,,,,,,,,,,,,,,,,
1780467590.989592,,,UI_STATUS_SEND,7,,,,14.576569,194.576569,6.868355,,,,,,173,0,"internal_id=7,ui_id=4",7,4,7,1,-1,38.980000,mono,,,,,,,,,,,,,
1780467591.243737,,,MATCH_ACCEPT,7,0,14.561253,6.857708,14.580456,,6.874894,0.025770,6.747638,1.831759,2.416183,0.939158,173,1,,,,,,,,,,,,,,,,,,,,,
1780467591.243737,,,TargetKeep,7,,,,,,,,,,,,,,lock_timer_expired,,,,,,,,,,,,,,,,,,,,
1780467591.243737,,,UI_STATUS_SEND,7,,,,14.575102,194.575102,6.868442,,,,,,174,0,"internal_id=7,ui_id=4",7,4,7,1,-1,38.980000,mono,,,,,,,,,,,,,
1780467591.579318,,,MATCH_ACCEPT,7,0,14.556696,6.855417,14.578231,,6.873742,0.028277,6.727785,1.818523,2.377906,0.929121,174,1,,,,,,,,,,,,,,,,,,,,,
1780467591.579318,,,UI_STATUS_SEND,7,,,,14.572296,194.572296,6.866909,,,,,,175,0,"internal_id=7,ui_id=4",7,4,7,1,-1,38.980000,mono,,,,,,,,,,,,,
1780467591.835781,,,MATCH_ACCEPT,7,0,14.552139,6.862292,14.574580,,6.870885,0.024030,6.716149,1.810766,2.353790,0.925083,175,1,,,,,,,,,,,,,,,,,,,,,
1780467591.835781,,,UI_STATUS_SEND,7,,,,14.568440,194.568440,6.867690,,,,,,176,0,"internal_id=7,ui_id=4",7,4,7,1,-1,38.980000,mono,,,,,,,,,,,,,
1780467592.121447,,,MATCH_ACCEPT,7,0,14.565810,6.864583,14.569848,,6.871046,0.007620,6.708863,1.805909,2.338290,0.923016,176,1,,,,,,,,,,,,,,,,,,,,,
1780467592.121447,,,UI_STATUS_SEND,7,,,,14.568749,194.568749,6.868646,,,,,,177,0,"internal_id=7,ui_id=4",7,4,7,1,-1,38.980000,mono,,,,,,,,,,,,,
1780467592.348094,,,MATCH_ACCEPT,7,0,14.565810,6.871458,14.569882,,6.871266,0.004076,6.664406,1.776270,2.266532,0.888605,177,1,,,,,,,,,,,,,,,,,,,,,
1780467592.348094,,,UI_STATUS_SEND,7,,,,14.568799,194.568799,6.871336,,,,,,178,0,"internal_id=7,ui_id=4",7,4,7,1,-1,38.980000,mono,,,,,,,,,,,,,
1780467592.684880,,,MATCH_ACCEPT,7,0,14.561253,6.855417,14.569894,,6.874240,0.020712,6.675777,1.783851,2.279624,0.902501,178,1,,,,,,,,,,,,,,,,,,,,,
1780467592.684880,,,UI_STATUS_SEND,7,,,,14.567584,194.567584,6.867348,,,,,,179,0,"internal_id=7,ui_id=4",7,4,7,1,-1,38.980000,mono,,,,,,,,,,,,,
1780467592.942911,,,MATCH_ACCEPT,7,0,14.561253,6.855417,14.568347,,6.868907,0.015242,6.684310,1.789540,2.290848,0.911605,179,1,,,,,,,,,,,,,,,,,,,,,
1780467592.942911,,,UI_STATUS_SEND,7,,,,14.566444,194.566444,6.863936,,,,,,180,0,"internal_id=7,ui_id=4",7,4,7,1,-1,38.980000,mono,,,,,,,,,,,,,
1780467593.351086,,,MATCH_ACCEPT,7,0,14.556696,6.860000,14.567242,,6.864898,0.011628,7.014500,2.009667,2.812079,1.226681,180,2,,,,,,,,,,,,,,,,,,,,,
1780467593.351086,,,TargetKeep,7,,,,,,,,,,,,,,lock_timer_expired,,,,,,,,,,,,,,,,,,,,
1780467593.351086,,,UI_STATUS_SEND,7,,,,14.563969,194.563969,6.862744,,,,,,181,0,"internal_id=7,ui_id=4",7,4,7,1,-1,38.980000,mono,,,,,,,,,,,,,
1780467593.658442,,,MATCH_ACCEPT,7,0,14.556696,6.860000,14.563995,,6.862928,0.007865,6.886211,1.924141,2.635275,1.067043,181,1,,,,,,,,,,,,,,,,,,,,,
1780467593.658442,,,UI_STATUS_SEND,7,,,,14.561830,194.561830,6.861740,,,,,,182,0,"internal_id=7,ui_id=4",7,4,7,1,-1,38.980000,mono,,,,,,,,,,,,,
1780467594.203221,,,MATCH_ACCEPT,7,0,14.565810,6.853125,14.561327,,6.861670,0.009650,7.221052,2.147368,3.211141,1.400049,182,2,,,,,,,,,,,,,,,,,,,,,
1780467594.203221,,,UI_STATUS_SEND,7,,,,14.562849,194.562849,6.857632,,,,,,183,0,"internal_id=7,ui_id=4",7,4,7,1,-1,38.980000,mono,,,,,,,,,,,,,
1780467594.501690,,,MATCH_ACCEPT,7,0,14.570368,6.853125,14.562779,,6.856854,0.008455,6.994434,1.996289,2.854623,1.130547,183,1,,,,,,,,,,,,,,,,,,,,,
1780467594.501690,,,UI_STATUS_SEND,7,,,,14.565158,194.565158,6.855288,,,,,,184,0,"internal_id=7,ui_id=4",7,4,7,1,-1,38.980000,mono,,,,,,,,,,,,,
1780467594.853727,,,MATCH_ACCEPT,7,0,14.565810,6.860000,14.565414,,6.854224,0.005790,6.867607,1.911738,2.640078,1.014664,184,1,,,,,,,,,,,,,,,,,,,,,
1780467594.853727,,,UI_STATUS_SEND,7,,,,14.565532,194.565532,6.856498,,,,,,185,0,"internal_id=7,ui_id=4",7,4,7,1,-1,38.980000,mono,,,,,,,,,,,,,
1780467595.133748,,,MATCH_ACCEPT,7,0,14.565810,6.860000,14.565804,,6.855856,0.004144,6.793434,1.862289,2.507052,0.961070,185,1,,,,,,,,,,,,,,,,,,,,,
1780467595.133748,,,UI_STATUS_SEND,7,,,,14.565806,194.565806,6.857434,,,,,,186,0,"internal_id=7,ui_id=4",7,4,7,1,-1,38.980000,mono,,,,,,,,,,,,,
1780467595.363433,,,MATCH_ACCEPT,7,0,14.590876,6.885208,14.566056,,6.857118,0.037484,6.715682,1.810454,2.369904,0.907841,186,1,,,,,,,,,,,,,,,,,,,,,
1780467595.363433,,,UI_STATUS_SEND,7,,,,14.572880,194.572880,6.867441,,,,,,187,0,"internal_id=7,ui_id=4",7,4,7,1,-1,38.980000,mono,,,,,,,,,,,,,
1780467595.652775,,,MATCH_ACCEPT,7,0,14.597711,6.892083,14.574103,,6.869072,0.032968,6.703529,1.802353,2.337702,0.910774,187,1,,,,,,,,,,,,,,,,,,,,,
1780467595.652775,,,TargetKeep,7,,,,,,,,,,,,,,lock_timer_expired,,,,,,,,,,,,,,,,,,,,
1780467595.652775,,,UI_STATUS_SEND,7,,,,14.580530,194.580530,6.877546,,,,,,188,0,"internal_id=7,ui_id=4",7,4,7,1,-1,38.980000,mono,,,,,,,,,,,,,
1780467595.924549,,,MATCH_ACCEPT,7,0,14.625055,6.892083,14.582660,,6.880821,0.043865,6.698807,1.799204,2.321635,0.915501,188,1,,,,,,,,,,,,,,,,,,,,,
1780467595.924549,,,UI_STATUS_SEND,7,,,,14.594143,194.594143,6.884982,,,,,,189,0,"internal_id=7,ui_id=4",7,4,7,1,-1,38.980000,mono,,,,,,,,,,,,,
1780467596.284692,,,MATCH_ACCEPT,7,0,14.634170,6.894375,14.597907,,6.889068,0.036650,6.697125,1.798084,2.314338,0.918767,189,1,,,,,,,,,,,,,,,,,,,,,
1780467596.284692,,,UI_STATUS_SEND,7,,,,14.607706,194.607706,6.891033,,,,,,190,0,"internal_id=7,ui_id=4",7,4,7,1,-1,38.980000,mono,,,,,,,,,,,,,
1780467596.725184,,,MATCH_ACCEPT,7,0,14.697972,6.846250,14.616805,,6.898907,0.096751,7.081966,2.054644,2.929347,1.292216,190,2,,,,,,,,,,,,,,,,,,,,,
1780467596.725184,,,UI_STATUS_SEND,7,,,,14.642707,194.642707,6.875071,,,,,,191,0,"internal_id=7,ui_id=4",7,4,7,1,-1,25.150000,mono,,,,,,,,,,,,,
1780467596.935519,,,MATCH_ACCEPT,7,0,14.716201,6.841667,14.650112,,6.875090,0.074060,6.851275,1.900850,2.583919,1.029310,191,1,,,,,,,,,,,,,,,,,,,,,
1780467596.935519,,,UI_STATUS_SEND,7,,,,14.669443,194.669443,6.861816,,,,,,192,0,"internal_id=7,ui_id=4",7,4,7,1,-1,25.150000,mono,,,,,,,,,,,,,
1780467597.466524,,,MATCH_ACCEPT,7,0,14.652399,6.926458,14.690175,,6.857409,0.078708,7.196126,2.130751,3.166783,1.373316,192,2,,,,,,,,,,,,,,,,,,,,,
1780467597.466524,,,UI_STATUS_SEND,7,,,,14.677471,194.677471,6.889709,,,,,,193,0,"internal_id=7,ui_id=4",7,4,7,1,-1,38.980000,mono,,,,,,,,,,,,,
1780467597.744834,,,MATCH_ACCEPT,7,0,14.652399,6.940208,14.687219,,6.893198,0.058501,6.982287,1.988191,2.831029,1.121875,193,1,,,,,,,,,,,,,,,,,,,,,
1780467597.744834,,,UI_STATUS_SEND,7,,,,14.676364,194.676364,6.912845,,,,,,194,0,"internal_id=7,ui_id=4",7,4,7,1,-1,38.980000,mono,,,,,,,,,,,,,
1780467598.199556,,,MATCH_ACCEPT,7,0,14.682021,6.951667,14.691331,,6.925732,0.027555,7.276145,2.184096,3.342056,1.428221,194,2,,,,,,,,,,,,,,,,,,,,,
1780467598.199556,,,TargetKeep,7,,,,,,,,,,,,,,lock_timer_expired,,,,,,,,,,,,,,,,,,,,
1780467598.199556,,,UI_STATUS_SEND,7,,,,14.688087,194.688087,6.938117,,,,,,195,0,"internal_id=7,ui_id=4",7,4,7,1,-1,38.980000,mono,,,,,,,,,,,,,
1780467599.029572,,,MATCH_ACCEPT,7,0,14.675185,6.956250,14.714045,,6.969141,0.040942,8.320416,2.880277,5.539578,2.756420,195,4,,,,,,,,,,,,,,,,,,,,,
1780467599.029572,,,UI_STATUS_SEND,7,,,,14.695786,194.695786,6.960914,,,,,,196,0,"internal_id=7,ui_id=4",7,4,7,1,-1,38.980000,mono,,,,,,,,,,,,,
1780467599.345547,,,MATCH_ACCEPT,7,0,14.679743,6.963125,14.701349,,6.968955,0.022379,7.440675,2.293783,3.820709,1.440733,196,1,,,,,,,,,,,,,,,,,,,,,
1780467599.345547,,,UI_STATUS_SEND,7,,,,14.693152,194.693152,6.966158,,,,,,197,0,"internal_id=7,ui_id=4",7,4,7,1,-1,38.980000,mono,,,,,,,,,,,,,
1780467600.115213,,,MATCH_ACCEPT,7,0,14.675185,6.951667,14.705050,,6.985982,0.045491,7.929518,2.619679,4.779898,2.082818,197,3,,,,,,,,,,,,,,,,,,,,,
1780467600.115213,,,UI_STATUS_SEND,7,,,,14.692108,194.692108,6.966375,,,,,,198,0,"internal_id=7,ui_id=4",7,4,7,1,-1,38.980000,mono,,,,,,,,,,,,,
1780467600.734386,,,MATCH_ACCEPT,7,0,14.702529,6.910417,14.699450,,6.977119,0.066773,8.103125,2.735416,5.194325,2.288177,198,3,,,,,,,,,,,,,,,,,,,,,
1780467600.734386,,,UI_STATUS_SEND,7,,,,14.700847,194.700847,6.937483,,,,,,199,0,"internal_id=7,ui_id=4",7,4,7,1,-1,25.150000,mono,,,,,,,,,,,,,
1780467601.223048,,,MATCH_ACCEPT,7,0,14.672907,6.949375,14.706517,,6.933770,0.037057,7.789095,2.526064,4.540473,1.840525,199,2,,,,,,,,,,,,,,,,,,,,,
1780467601.223048,,,UI_STATUS_SEND,7,,,,14.692375,194.692375,6.942210,,,,,,200,0,"internal_id=7,ui_id=4",7,4,7,1,-1,38.980000,mono,,,,,,,,,,,,,
1780467601.742991,,,MATCH_ACCEPT,7,0,14.670628,6.956250,14.694933,,6.941028,0.028678,7.658335,2.438890,4.237116,1.711069,200,2,,,,,,,,,,,,,,,,,,,,,
1780467601.742991,,,UI_STATUS_SEND,7,,,,14.685113,194.685113,6.948985,,,,,,201,0,"internal_id=7,ui_id=4",7,4,7,1,-1,38.980000,mono,,,,,,,,,,,,,
1780467602.289171,,,MATCH_ACCEPT,7,0,14.675185,6.953958,14.685489,,6.950240,0.010954,7.606266,2.404177,4.103331,1.676736,201,2,,,,,,,,,,,,,,,,,,,,,
1780467602.289171,,,TargetKeep,7,,,,,,,,,,,,,,lock_timer_expired,,,,,,,,,,,,,,,,,,,,
1780467602.289171,,,UI_STATUS_SEND,7,,,,14.681405,194.681405,6.952165,,,,,,202,0,"internal_id=7,ui_id=4",7,4,7,1,-1,38.980000,mono,,,,,,,,,,,,,
1780467602.781693,,,MATCH_ACCEPT,7,0,14.675185,6.960833,14.680859,,6.954020,0.008866,7.587764,2.391843,4.051230,1.669682,202,2,,,,,,,,,,,,,,,,,,,,,
1780467602.781693,,,UI_STATUS_SEND,7,,,,14.678628,194.678628,6.957540,,,,,,203,0,"internal_id=7,ui_id=4",7,4,7,1,-1,38.980000,mono,,,,,,,,,,,,,
1780467603.030941,,,MATCH_ACCEPT,7,0,14.675185,6.965417,14.678046,,6.959165,0.006875,7.159751,2.106501,3.229163,1.208181,203,1,,,,,,,,,,,,,,,,,,,,,
1780467603.030941,,,UI_STATUS_SEND,7,,,,14.677071,194.677071,6.961891,,,,,,204,0,"internal_id=7,ui_id=4",7,4,7,1,-1,38.980000,mono,,,,,,,,,,,,,
1780467603.335003,,,MATCH_ACCEPT,7,0,14.732152,6.936771,14.676363,,6.964003,0.062080,6.949071,1.966048,2.822825,1.042518,204,1,,,,,,,,,,,,,,,,,,,,,
1780467603.335003,,,UI_STATUS_SEND,7,,,,14.693721,194.693721,6.953105,,,,,,205,0,"internal_id=7,ui_id=4",7,4,7,1,-1,32.065000,mono,,,,,,,,,,,,,
1780467603.652370,,,MATCH_ACCEPT,7,0,14.843805,6.892083,14.695294,,6.953221,0.160603,6.836180,1.890786,2.601539,0.973534,205,1,,,,,,,,,,,,,,,,,,,,,
1780467603.652370,,,UI_STATUS_SEND,7,,,,14.738943,194.738943,6.929751,,,,,,206,0,"internal_id=7,ui_id=4",7,4,7,1,-1,25.150000,mono,,,,,,,,,,,,,
1780467603.960221,,,MATCH_ACCEPT,7,0,14.791396,6.910417,14.746411,,6.925438,0.047427,6.774790,1.849860,2.477415,0.944567,206,1,,,,,,,,,,,,,,,,,,,,,
1780467603.960221,,,UI_STATUS_SEND,7,,,,14.759181,194.759181,6.919779,,,,,,207,0,"internal_id=7,ui_id=4",7,4,7,1,-1,25.150000,mono,,,,,,,,,,,,,
1780467604.361719,,,MATCH_ACCEPT,7,0,14.789118,6.846250,14.768415,,6.914378,0.071204,6.741625,1.827750,2.407930,0.932741,207,1,,,,,,,,,,,,,,,,,,,,,
1780467604.361719,,,UI_STATUS_SEND,7,,,,14.774173,194.774173,6.888911,,,,,,208,0,"internal_id=7,ui_id=4",7,4,7,1,-1,25.150000,mono,,,,,,,,,,,,,
1780467612.576566,,,MATCH_ACCEPT,7,0,14.066787,6.974583,15.101791,,6.551618,1.118093,38.949478,23.299652,289.864714,253.009063,208,40,,,,,,,,,,,,,,,,,,,,,
1780467612.576566,,,TargetKeep,7,,,,,,,,,,,,,,lock_timer_expired,,,,,,,,,,,,,,,,,,,,
1780467612.576566,,,UI_STATUS_SEND,7,,,,14.088632,194.088632,6.971987,,,,,,209,0,"internal_id=7,ui_id=4",7,4,7,1,-1,38.980000,mono,,,,,,,,,,,,,
1780467613.237522,,,MATCH_ACCEPT,7,0,14.062230,6.974583,14.011697,,6.989745,0.052758,9.159715,3.439810,8.704213,3.128077,209,3,,,,,,,,,,,,,,,,,,,,,
1780467613.237522,,,UI_STATUS_SEND,7,,,,14.041110,194.041110,6.979634,,,,,,210,0,"internal_id=7,ui_id=4",7,4,7,1,-1,38.980000,mono,,,,,,,,,,,,,
1780467613.501211,,,MATCH_ACCEPT,7,0,14.059951,6.979167,14.014187,,6.984800,0.046109,7.675377,2.450251,4.446108,1.557623,210,1,,,,,,,,,,,,,,,,,,,,,
1780467613.501211,,,UI_STATUS_SEND,7,,,,14.033210,194.033210,6.981988,,,,,,211,0,"internal_id=7,ui_id=4",7,4,7,1,-1,38.980000,mono,,,,,,,,,,,,,
1780467613.762834,,,MATCH_ACCEPT,7,0,14.064508,6.986042,14.008271,,6.986610,0.056240,7.217897,2.145265,3.351034,1.251128,211,1,,,,,,,,,,,,,,,,,,,,,
1780467613.762834,,,UI_STATUS_SEND,7,,,,14.027899,194.027899,6.986357,,,,,,212,0,"internal_id=7,ui_id=4",7,4,7,1,-1,38.980000,mono,,,,,,,,,,,,,
1780467613.998063,,,MATCH_ACCEPT,7,0,14.059951,6.988333,14.006815,,6.990656,0.053186,7.007090,2.004727,2.897515,1.121413,212,1,,,,,,,,,,,,,,,,,,,,,
1780467613.998063,,,UI_STATUS_SEND,7,,,,14.023646,194.023646,6.989685,,,,,,213,0,"internal_id=7,ui_id=4",7,4,7,1,-1,38.980000,mono,,,,,,,,,,,,,
1780467614.718182,,,MATCH_ACCEPT,7,0,14.059951,6.983750,13.971600,,7.001049,0.090029,7.961387,2.640925,4.707324,2.267158,213,3,,,,,,,,,,,,,,,,,,,,,
1780467614.718182,,,UI_STATUS_SEND,7,,,,14.009556,194.009556,6.990808,,,,,,214,0,"internal_id=7,ui_id=4",7,4,7,1,-1,38.980000,mono,,,,,,,,,,,,,
1780467615.503669,,,MATCH_ACCEPT,7,0,14.100967,6.873750,13.972160,,6.997154,0.178380,8.404342,2.936228,5.982015,2.639418,214,3,,,,,,,,,,,,,,,,,,,,,
1780467615.503669,,,UI_STATUS_SEND,7,,,,14.035152,194.035152,6.919638,,,,,,215,0,"internal_id=7,ui_id=4",7,4,7,1,-1,25.150000,mono,,,,,,,,,,,,,
1780467616.052487,,,MATCH_ACCEPT,7,0,14.178441,6.947083,14.024786,,6.900954,0.160429,7.966278,2.644185,5.060462,1.931254,215,2,,,,,,,,,,,,,,,,,,,,,
1780467616.052487,,,TargetKeep,7,,,,,,,,,,,,,,lock_timer_expired,,,,,,,,,,,,,,,,,,,,
1780467616.052487,,,UI_STATUS_SEND,7,,,,14.093533,194.093533,6.926453,,,,,,216,0,"internal_id=7,ui_id=4",7,4,7,1,-1,25.150000,mono,,,,,,,,,,,,,
1780467616.730156,,,MATCH_ACCEPT,7,0,14.064508,6.983750,14.101542,,6.910240,0.082312,8.230217,2.820145,5.638305,2.314911,216,3,,,,,,,,,,,,,,,,,,,,,
1780467616.730156,,,UI_STATUS_SEND,7,,,,14.083978,194.083978,6.954127,,,,,,217,0,"internal_id=7,ui_id=4",7,4,7,1,-1,38.980000,mono,,,,,,,,,,,,,
1780467617.473933,,,MATCH_ACCEPT,7,0,14.119196,6.970000,14.086397,,6.956332,0.035533,8.306801,2.871200,5.801072,2.442720,217,3,,,,,,,,,,,,,,,,,,,,,
1780467617.473933,,,UI_STATUS_SEND,7,,,,14.102185,194.102185,6.964668,,,,,,218,0,"internal_id=7,ui_id=4",7,4,7,1,-1,32.065000,mono,,,,,,,,,,,,,
1780467617.722286,,,MATCH_ACCEPT,7,0,14.251357,6.924167,14.104943,,6.966807,0.152497,7.434882,2.289921,3.866846,1.376895,218,1,,,,,,,,,,,,,,,,,,,,,
1780467617.722286,,,UI_STATUS_SEND,7,,,,14.160905,194.160905,6.946833,,,,,,219,0,"internal_id=7,ui_id=4",7,4,7,1,-1,25.150000,mono,,,,,,,,,,,,,
1780467617.938324,,,MATCH_ACCEPT,7,0,14.062230,6.995208,14.169064,,6.945855,0.117683,7.018290,2.012194,3.005178,1.043746,219,1,,,,,,,,,,,,,,,,,,,,,
1780467617.938324,,,UI_STATUS_SEND,7,,,,14.134375,194.134375,6.965620,,,,,,220,0,"internal_id=7,ui_id=4",7,4,7,1,-1,38.980000,mono,,,,,,,,,,,,,
1780467618.431683,,,MATCH_ACCEPT,7,0,14.059951,6.988333,14.143753,,6.969847,0.085817,7.267964,2.178643,3.373565,1.372920,220,2,,,,,,,,,,,,,,,,,,,,,
1780467618.431683,,,UI_STATUS_SEND,7,,,,14.114376,194.114376,6.978493,,,,,,221,0,"internal_id=7,ui_id=4",7,4,7,1,-1,38.980000,mono,,,,,,,,,,,,,
1780467618.655546,,,MATCH_ACCEPT,7,0,14.055394,6.988333,14.115567,,6.981999,0.060506,6.968417,1.978945,2.834730,1.081492,221,1,,,,,,,,,,,,,,,,,,,,,
1780467618.655546,,,UI_STATUS_SEND,7,,,,14.096791,194.096791,6.984590,,,,,,222,0,"internal_id=7,ui_id=4",7,4,7,1,-1,38.980000,mono,,,,,,,,,,,,,
1780467618.882577,,,MATCH_ACCEPT,7,0,14.169326,6.942500,14.095729,,6.988584,0.086835,6.813625,1.875750,2.553509,0.964929,222,1,,,,,,,,,,,,,,,,,,,,,
1780467618.882577,,,TargetKeep,7,,,,,,,,,,,,,,lock_timer_expired,,,,,,,,,,,,,,,,,,,,
1780467618.882577,,,UI_STATUS_SEND,7,,,,14.117076,194.117076,6.970990,,,,,,223,0,"internal_id=7,ui_id=4",7,4,7,1,-1,25.150000,mono,,,,,,,,,,,,,
1780467619.352699,,,MATCH_ACCEPT,7,0,14.069066,6.990625,14.120248,,6.972855,0.054179,7.181125,2.120750,3.142901,1.354680,223,2,,,,,,,,,,,,,,,,,,,,,
1780467619.352699,,,UI_STATUS_SEND,7,,,,14.103122,194.103122,6.981107,,,,,,224,0,"internal_id=7,ui_id=4",7,4,7,1,-1,38.980000,mono,,,,,,,,,,,,,
1780467619.862916,,,MATCH_ACCEPT,7,0,14.066787,6.995208,14.101985,,6.985772,0.036441,7.406730,2.271154,3.586645,1.571494,224,2,,,,,,,,,,,,,,,,,,,,,
1780467619.862916,,,UI_STATUS_SEND,7,,,,14.089151,194.089151,6.990504,,,,,,225,0,"internal_id=7,ui_id=4",7,4,7,1,-1,38.980000,mono,,,,,,,,,,,,,
1780467620.504241,,,MATCH_ACCEPT,7,0,14.069066,6.992917,14.083052,,6.999322,0.015384,7.951316,2.634211,4.749795,2.189270,225,3,,,,,,,,,,,,,,,,,,,,,
1780467620.504241,,,UI_STATUS_SEND,7,,,,14.077013,194.077013,6.995584,,,,,,226,0,"internal_id=7,ui_id=4",7,4,7,1,-1,38.980000,mono,,,,,,,,,,,,,
1780467620.803412,,,MATCH_ACCEPT,7,0,14.069066,6.992917,14.073861,,6.998402,0.007286,7.316196,2.210798,3.547675,1.339950,226,1,,,,,,,,,,,,,,,,,,,,,
1780467620.803412,,,UI_STATUS_SEND,7,,,,14.072125,194.072125,6.995870,,,,,,227,0,"internal_id=7,ui_id=4",7,4,7,1,-1,38.980000,mono,,,,,,,,,,,,,
1780467621.101543,,,MATCH_ACCEPT,7,0,14.173883,6.947083,14.068751,,6.998258,0.116926,7.028232,2.018821,2.989429,1.086210,227,1,,,,,,,,,,,,,,,,,,,,,
1780467621.101543,,,UI_STATUS_SEND,7,,,,14.102767,194.102767,6.977272,,,,,,228,0,"internal_id=7,ui_id=4",7,4,7,1,-1,25.150000,mono,,,,,,,,,,,,,
1780467621.335085,,,MATCH_ACCEPT,7,0,14.034886,7.002083,14.103734,,6.976026,0.073614,6.849157,1.899438,2.644540,0.963324,228,1,,,,,,,,,,,,,,,,,,,,,
1780467621.335085,,,UI_STATUS_SEND,7,,,,14.083264,194.083264,6.985964,,,,,,229,0,"internal_id=7,ui_id=4",7,4,7,1,-1,38.980000,mono,,,,,,,,,,,,,
1780467621.585563,,,MATCH_ACCEPT,7,0,13.959691,7.034167,14.081585,,6.986467,0.130895,6.777886,1.851924,2.494428,0.935194,229,1,,,,,,,,,,,,,,,,,,,,,
1780467621.585563,,,TargetKeep,7,,,,,,,,,,,,,,lock_timer_expired,,,,,,,,,,,,,,,,,,,,
1780467621.585563,,,UI_STATUS_SEND,7,,,,14.046813,194.046813,7.004327,,,,,,230,0,"internal_id=7,ui_id=4",7,4,7,1,-1,38.980000,mono,,,,,,,,,,,,,
1780467621.852660,,,MATCH_ACCEPT,7,0,14.162490,6.956250,14.040398,,7.008251,0.132705,6.740961,1.827307,2.411359,0.927693,230,1,,,,,,,,,,,,,,,,,,,,,
1780467621.852660,,,UI_STATUS_SEND,7,,,,14.074389,194.074389,6.988878,,,,,,231,0,"internal_id=7,ui_id=4",7,4,7,1,-1,25.150000,mono,,,,,,,,,,,,,
1780467622.306960,,,MATCH_ACCEPT,7,0,14.105524,6.963125,14.071327,,6.989155,0.042976,7.135003,2.090002,3.037216,1.330892,231,2,,,,,,,,,,,,,,,,,,,,,
1780467622.306960,,,UI_STATUS_SEND,7,,,,14.082511,194.082511,6.977182,,,,,,232,0,"internal_id=7,ui_id=4",7,4,7,1,-1,32.065000,mono,,,,,,,,,,,,,
1780467622.552396,,,MATCH_ACCEPT,7,0,14.219456,6.942500,14.082383,,6.975129,0.140903,6.942596,1.961731,2.746398,1.101990,232,1,,,,,,,,,,,,,,,,,,,,,
1780467622.552396,,,UI_STATUS_SEND,7,,,,14.124228,194.124228,6.961634,,,,,,233,0,"internal_id=7,ui_id=4",7,4,7,1,-1,25.150000,mono,,,,,,,,,,,,,
1780467623.072334,,,MATCH_ACCEPT,7,0,14.057672,6.956250,14.134465,,6.953325,0.076849,7.251638,2.167759,3.283688,1.415489,233,2,,,,,,,,,,,,,,,,,,,,,
1780467623.072334,,,UI_STATUS_SEND,7,,,,14.108015,194.108015,6.954715,,,,,,234,0,"internal_id=7,ui_id=4",7,4,7,1,-1,38.980000,mono,,,,,,,,,,,,,
1780467623.459091,,,MATCH_ACCEPT,7,0,14.050836,6.953958,14.110078,,6.950367,0.059350,7.007588,2.005059,2.887775,1.132486,234,1,,,,,,,,,,,,,,,,,,,,,
1780467623.459091,,,UI_STATUS_SEND,7,,,,14.091356,194.091356,6.951876,,,,,,235,0,"internal_id=7,ui_id=4",7,4,7,1,-1,38.980000,mono,,,,,,,,,,,,,
1780467623.789119,,,MATCH_ACCEPT,7,0,14.085016,6.928750,14.090878,,6.947802,0.019934,6.872898,1.915265,2.655243,1.012997,235,1,,,,,,,,,,,,,,,,,,,,,
1780467623.789119,,,UI_STATUS_SEND,7,,,,14.089130,194.089130,6.940309,,,,,,236,0,"internal_id=7,ui_id=4",7,4,7,1,-1,38.980000,mono,,,,,,,,,,,,,
1780467624.260883,,,MATCH_ACCEPT,7,0,14.082738,6.846250,14.087840,,6.930470,0.084374,7.197773,2.131849,3.190731,1.354047,236,2,,,,,,,,,,,,,,,,,,,,,
1780467624.260883,,,TargetKeep,7,,,,,,,,,,,,,,lock_timer_expired,,,,,,,,,,,,,,,,,,,,
1780467624.260883,,,UI_STATUS_SEND,7,,,,14.086115,194.086115,6.891369,,,,,,237,0,"internal_id=7,ui_id=4",7,4,7,1,-1,38.980000,mono,,,,,,,,,,,,,
1780467624.728325,,,MATCH_ACCEPT,7,0,14.103245,6.795833,14.084405,,6.868696,0.075259,7.392919,2.261946,3.571382,1.545017,237,2,,,,,,,,,,,,,,,,,,,,,
1780467624.728325,,,UI_STATUS_SEND,7,,,,14.091256,194.091256,6.832469,,,,,,238,0,"internal_id=7,ui_id=4",7,4,7,1,-1,38.980000,mono,,,,,,,,,,,,,
1780467624.955426,,,MATCH_ACCEPT,7,0,14.110081,6.772917,14.091219,,6.815227,0.046324,7.032781,2.021854,2.952320,1.135573,238,1,,,,,,,,,,,,,,,,,,,,,
1780467624.955426,,,UI_STATUS_SEND,7,,,,14.097270,194.097270,6.797419,,,,,,239,0,"internal_id=7,ui_id=4",7,4,7,1,-1,38.980000,mono,,,,,,,,,,,,,
1780467625.262074,,,MATCH_ACCEPT,7,0,14.116917,6.766042,14.098032,,6.775259,0.021015,6.882991,1.921994,2.682256,1.011806,239,1,,,,,,,,,,,,,,,,,,,,,
1780467625.262074,,,UI_STATUS_SEND,7,,,,14.103703,194.103703,6.771636,,,,,,240,0,"internal_id=7,ui_id=4",7,4,7,1,-1,38.980000,mono,,,,,,,,,,,,,
1780467625.505553,,,MATCH_ACCEPT,7,0,14.123753,6.745417,14.105189,,6.749403,0.018988,6.788955,1.859304,2.507204,0.949805,240,1,,,,,,,,,,,,,,,,,,,,,
1780467625.505553,,,UI_STATUS_SEND,7,,,,14.110504,194.110504,6.747896,,,,,,241,0,"internal_id=7,ui_id=4",7,4,7,1,-1,38.980000,mono,,,,,,,,,,,,,
1780467625.990388,,,MATCH_ACCEPT,7,0,14.128310,6.701875,14.114578,,6.706100,0.014368,7.153248,2.102166,3.088890,1.330210,241,2,,,,,,,,,,,,,,,,,,,,,
1780467625.990388,,,UI_STATUS_SEND,7,,,,14.119120,194.119120,6.704157,,,,,,242,0,"internal_id=7,ui_id=4",7,4,7,1,-1,32.065000,mono,,,,,,,,,,,,,
1780467626.238499,,,MATCH_ACCEPT,7,0,14.178441,6.612500,14.121975,,6.680859,0.088664,6.955101,1.970068,2.776744,1.104423,242,1,,,,,,,,,,,,,,,,,,,,,
1780467626.238499,,,UI_STATUS_SEND,7,,,,14.139344,194.139344,6.652550,,,,,,243,0,"internal_id=7,ui_id=4",7,4,7,1,-1,25.150000,mono,,,,,,,,,,,,,
1780467626.504409,,,MATCH_ACCEPT,7,0,14.130589,6.706458,14.144603,,6.623823,0.083815,6.846001,1.897334,2.594169,1.005709,243,1,,,,,,,,,,,,,,,,,,,,,
1780467626.504409,,,TargetKeep,7,,,,,,,,,,,,,,lock_timer_expired,,,,,,,,,,,,,,,,,,,,
1780467626.504409,,,UI_STATUS_SEND,7,,,,14.140492,194.140492,6.656183,,,,,,244,0,"internal_id=7,ui_id=4",7,4,7,1,-1,38.980000,mono,,,,,,,,,,,,,
1780467626.775887,,,MATCH_ACCEPT,7,0,14.137425,6.692708,14.145184,,6.633525,0.059690,6.782085,1.854724,2.481384,0.958616,244,1,,,,,,,,,,,,,,,,,,,,,
1780467626.775887,,,UI_STATUS_SEND,7,,,,14.142979,194.142979,6.656029,,,,,,245,0,"internal_id=7,ui_id=4",7,4,7,1,-1,38.980000,mono,,,,,,,,,,,,,
1780467627.133406,,,MATCH_ACCEPT,7,0,14.128310,6.678958,14.147364,,6.637643,0.045497,6.744550,1.829700,2.411510,0.936292,245,1,,,,,,,,,,,,,,,,,,,,,
1780467627.133406,,,UI_STATUS_SEND,7,,,,14.142059,194.142059,6.653124,,,,,,246,0,"internal_id=7,ui_id=4",7,4,7,1,-1,38.980000,mono,,,,,,,,,,,,,
1780467627.374004,,,MATCH_ACCEPT,7,0,14.132868,6.665208,14.145563,,6.638284,0.029767,6.706778,1.804519,2.343590,0.912699,246,1,,,,,,,,,,,,,,,,,,,,,
1780467627.374004,,,UI_STATUS_SEND,7,,,,14.142101,194.142101,6.648212,,,,,,247,0,"internal_id=7,ui_id=4",7,4,7,1,-1,38.980000,mono,,,,,,,,,,,,,
1780467627.623244,,,MATCH_ACCEPT,7,0,14.128310,6.656042,14.145243,,6.634746,0.027206,6.698971,1.799314,2.324162,0.913369,247,1,,,,,,,,,,,,,,,,,,,,,
1780467627.623244,,,UI_STATUS_SEND,7,,,,14.140653,194.140653,6.642602,,,,,,248,0,"internal_id=7,ui_id=4",7,4,7,1,-1,38.980000,mono,,,,,,,,,,,,,
1780467627.838063,,,MATCH_ACCEPT,7,0,14.128310,6.642292,14.142800,,6.632305,0.017598,6.637607,1.758405,2.224767,0.867219,248,1,,,,,,,,,,,,,,,,,,,,,
1780467627.838063,,,UI_STATUS_SEND,7,,,,14.138996,194.138996,6.635870,,,,,,249,0,"internal_id=7,ui_id=4",7,4,7,1,-1,38.980000,mono,,,,,,,,,,,,,
1780467628.060267,,,MATCH_ACCEPT,7,0,14.123753,6.644583,14.140733,,6.625834,0.025296,6.612150,1.741433,2.179451,0.853139,249,1,,,,,,,,,,,,,,,,,,,,,
1780467628.060267,,,UI_STATUS_SEND,7,,,,14.136343,194.136343,6.632456,,,,,,250,0,"internal_id=7,ui_id=4",7,4,7,1,-1,38.980000,mono,,,,,,,,,,,,,
1780467628.449612,,,MATCH_ACCEPT,7,0,14.123753,6.633125,14.137663,,6.622467,0.017523,6.645720,1.763813,2.224420,0.886617,250,1,,,,,,,,,,,,,,,,,,,,,
1780467628.449612,,,TargetKeep,7,,,,,,,,,,,,,,lock_timer_expired,,,,,,,,,,,,,,,,,,,,
1780467628.449612,,,UI_STATUS_SEND,7,,,,14.134012,194.134012,6.626325,,,,,,251,0,"internal_id=7,ui_id=4",7,4,7,1,-1,38.980000,mono,,,,,,,,,,,,,
1780467628.693578,,,MATCH_ACCEPT,7,0,14.132868,6.630833,14.134779,,6.617326,0.013642,6.659864,1.773242,2.244967,0.899422,251,1,,,,,,,,,,,,,,,,,,,,,
1780467628.693578,,,UI_STATUS_SEND,7,,,,14.134274,194.134274,6.622261,,,,,,252,0,"internal_id=7,ui_id=4",7,4,7,1,-1,38.980000,mono,,,,,,,,,,,,,
1780467628.936285,,,MATCH_ACCEPT,7,0,14.137425,6.623958,14.134966,,6.614258,0.010007,6.666763,1.777842,2.256856,0.903865,252,1,,,,,,,,,,,,,,,,,,,,,
1780467628.936285,,,UI_STATUS_SEND,7,,,,14.135618,194.135618,6.617813,,,,,,253,0,"internal_id=7,ui_id=4",7,4,7,1,-1,38.980000,mono,,,,,,,,,,,,,
1780467629.264474,,,MATCH_ACCEPT,7,0,14.098688,6.612500,14.136426,,6.610271,0.037804,6.682938,1.788625,2.283873,0.915308,253,1,,,,,,,,,,,,,,,,,,,,,
1780467629.264474,,,UI_STATUS_SEND,7,,,,14.126327,194.126327,6.611095,,,,,,254,0,"internal_id=7,ui_id=4",7,4,7,1,-1,38.980000,mono,,,,,,,,,,,,,
1780467629.493101,,,MATCH_ACCEPT,7,0,14.091852,6.601042,14.125718,,6.604345,0.034027,6.655575,1.770383,2.244452,0.889806,254,1,,,,,,,,,,,,,,,,,,,,,
1780467629.493101,,,UI_STATUS_SEND,7,,,,14.116770,194.116770,6.603147,,,,,,255,0,"internal_id=7,ui_id=4",7,4,7,1,-1,38.980000,mono,,,,,,,,,,,,,
1780467629.726192,,,MATCH_ACCEPT,7,0,14.064508,6.605625,14.114935,,6.596047,0.051329,6.644833,1.763222,2.227772,0.881179,255,1,,,,,,,,,,,,,,,,,,,,,
1780467629.726192,,,UI_STATUS_SEND,7,,,,14.101684,194.101684,6.599501,,,,,,256,0,"internal_id=7,ui_id=4",7,4,7,1,-1,38.980000,mono,,,,,,,,,,,,,
1780467629.933870,,,MATCH_ACCEPT,7,0,14.050836,6.598750,14.098448,,6.593738,0.047874,6.595768,1.730512,2.151841,0.842830,256,1,,,,,,,,,,,,,,,,,,,,,
1780467629.933870,,,UI_STATUS_SEND,7,,,,14.086254,194.086254,6.595494,,,,,,257,0,"internal_id=7,ui_id=4",7,4,7,1,-1,38.980000,mono,,,,,,,,,,,,,
1780467630.162675,,,MATCH_ACCEPT,7,0,14.053115,6.607917,14.081059,,6.589461,0.033489,6.600624,1.733750,2.154545,0.851343,257,1,,,,,,,,,,,,,,,,,,,,,
1780467630.162675,,,TargetKeep,7,,,,,,,,,,,,,,lock_timer_expired,,,,,,,,,,,,,,,,,,,,
1780467630.162675,,,UI_STATUS_SEND,7,,,,14.073895,194.073895,6.595970,,,,,,258,0,"internal_id=7,ui_id=4",7,4,7,1,-1,38.980000,mono,,,,,,,,,,,,,
1780467630.372640,,,MATCH_ACCEPT,7,0,14.041722,6.603333,14.068244,,6.591523,0.029033,6.574751,1.716501,2.112620,0.833754,258,1,,,,,,,,,,,,,,,,,,,,,
1780467630.372640,,,UI_STATUS_SEND,7,,,,14.061543,194.061543,6.595632,,,,,,259,0,"internal_id=7,ui_id=4",7,4,7,1,-1,38.980000,mono,,,,,,,,,,,,,
1780467630.589119,,,MATCH_ACCEPT,7,0,14.023493,6.607917,14.054858,,6.591761,0.035282,6.570663,1.713775,2.102704,0.834322,259,1,,,,,,,,,,,,,,,,,,,,,
1780467630.589119,,,UI_STATUS_SEND,7,,,,14.046962,194.046962,6.597385,,,,,,260,0,"internal_id=7,ui_id=4",7,4,7,1,-1,38.980000,mono,,,,,,,,,,,,,
1780467630.811270,,,MATCH_ACCEPT,7,0,14.014378,6.607917,14.039055,,6.594423,0.028125,6.580051,1.720034,2.113864,0.844653,260,1,,,,,,,,,,,,,,,,,,,,,
1780467630.811270,,,UI_STATUS_SEND,7,,,,14.032818,194.032818,6.599158,,,,,,261,0,"internal_id=7,ui_id=4",7,4,7,1,-1,38.980000,mono,,,,,,,,,,,,,
1780467631.034228,,,MATCH_ACCEPT,7,0,13.996149,6.612500,14.024048,,6.597046,0.031893,6.589466,1.726311,2.127014,0.853134,261,1,,,,,,,,,,,,,,,,,,,,,
1780467631.034228,,,UI_STATUS_SEND,7,,,,14.016964,194.016964,6.602504,,,,,,262,0,"internal_id=7,ui_id=4",7,4,7,1,-1,38.980000,mono,,,,,,,,,,,,,
1780467631.245324,,,MATCH_ACCEPT,7,0,13.982477,6.612500,14.007758,,6.601445,0.027592,6.576139,1.717426,2.107735,0.841817,262,1,,,,,,,,,,,,,,,,,,,,,
1780467631.245324,,,UI_STATUS_SEND,7,,,,14.001383,194.001383,6.605316,,,,,,263,0,"internal_id=7,ui_id=4",7,4,7,1,-1,38.980000,mono,,,,,,,,,,,,,
1780467631.531531,,,MATCH_ACCEPT,7,0,14.009821,6.617083,13.989517,,6.604851,0.023704,6.635390,1.756926,2.196511,0.890279,263,1,,,,,,,,,,,,,,,,,,,,,
1780467631.531024,,,UI_STATUS_SEND,7,,,,13.994797,193.994797,6.609291,,,,,,264,0,"internal_id=7,ui_id=4",7,4,7,1,-1,38.980000,mono,,,,,,,,,,,,,
1780467631.789457,,,MATCH_ACCEPT,7,0,14.007542,6.617083,13.983731,,6.609732,0.024921,6.674201,1.782801,2.260584,0.917795,264,1,,,,,,,,,,,,,,,,,,,,,
1780467631.789457,,,TargetKeep,7,,,,,,,,,,,,,,lock_timer_expired,,,,,,,,,,,,,,,,,,,,
1780467631.789457,,,UI_STATUS_SEND,7,,,,13.990055,193.990055,6.612452,,,,,,265,0,"internal_id=7,ui_id=4",7,4,7,1,-1,38.980000,mono,,,,,,,,,,,,,
1780467632.278132,,,MATCH_ACCEPT,7,0,13.982477,6.633125,13.971704,,6.614246,0.021736,7.117040,2.078026,2.981466,1.336728,265,2,,,,,,,,,,,,,,,,,,,,,
1780467632.278132,,,UI_STATUS_SEND,7,,,,13.975184,193.975184,6.622951,,,,,,266,0,"internal_id=7,ui_id=4",7,4,7,1,-1,38.980000,mono,,,,,,,,,,,,,
1780467632.579340,,,MATCH_ACCEPT,7,0,13.973363,6.637708,13.965568,,6.625582,0.014416,6.947439,1.964960,2.747881,1.113185,266,1,,,,,,,,,,,,,,,,,,,,,
1780467632.579340,,,NEW_TRACK,12,1,338.911316,7.437500,,,,,,,1.000000,1.000000,1,0,,,,,,,,,,,,,,,,,,,,,
1780467632.579340,,,UI_STATUS_SEND,7,,,,13.967948,193.967948,6.630627,,,,,,267,0,"internal_id=7,ui_id=4",7,4,7,1,-1,38.980000,mono,,,,,,,,,,,,,
1780467632.952280,,,MATCH_ACCEPT,7,0,13.987034,6.669792,13.958669,,6.634196,0.045515,6.846351,1.897568,2.591617,1.009145,267,1,,,,,,,,,,,,,,,,,,,,,
1780467632.952280,,,UI_STATUS_SEND,7,,,,13.966984,193.966984,6.648164,,,,,,268,0,"internal_id=7,ui_id=4",7,4,7,1,-1,38.980000,mono,,,,,,,,,,,,,
1780467633.171768,,,MATCH_ACCEPT,7,0,13.982477,6.678958,13.959860,,6.653585,0.033990,6.732200,1.821467,2.402707,0.915035,268,1,,,,,,,,,,,,,,,,,,,,,
1780467633.171768,,,UI_STATUS_SEND,7,,,,13.966140,193.966140,6.662956,,,,,,269,0,"internal_id=7,ui_id=4",7,4,7,1,-1,38.980000,mono,,,,,,,,,,,,,
1780467633.409894,,,MATCH_ACCEPT,7,0,13.996149,6.695000,13.959249,,6.670521,0.044281,6.693842,1.795895,2.330402,0.894836,269,1,,,,,,,,,,,,,,,,,,,,,
1780467633.409894,,,UI_STATUS_SEND,7,,,,13.969271,193.969271,6.679435,,,,,,270,0,"internal_id=7,ui_id=4",7,4,7,1,-1,38.980000,mono,,,,,,,,,,,,,
1780467633.644201,,,MATCH_ACCEPT,7,0,13.996149,6.704167,13.963817,,6.688487,0.035934,6.666127,1.777418,2.275924,0.883290,270,1,,,,,,,,,,,,,,,,,,,,,
1780467633.644201,,,UI_STATUS_SEND,7,,,,13.972447,193.972447,6.694149,,,,,,271,0,"internal_id=7,ui_id=4",7,4,7,1,-1,38.980000,mono,,,,,,,,,,,,,
1780467633.859729,,,MATCH_ACCEPT,7,0,14.005264,6.720208,13.968490,,6.703429,0.040421,6.619489,1.746326,2.195283,0.854370,271,1,,,,,,,,,,,,,,,,,,,,,
1780467633.859729,,,TargetKeep,7,,,,,,,,,,,,,,lock_timer_expired,,,,,,,,,,,,,,,,,,,,
1780467633.859729,,,UI_STATUS_SEND,7,,,,13.978049,193.978049,6.709360,,,,,,272,0,"internal_id=7,ui_id=4",7,4,7,1,-1,38.980000,mono,,,,,,,,,,,,,
1780467634.120811,,,MATCH_ACCEPT,7,0,14.009821,6.733958,13.974833,,6.721293,0.037210,6.649913,1.766609,2.232720,0.888186,272,1,,,,,,,,,,,,,,,,,,,,,
1780467634.120811,,,UI_STATUS_SEND,7,,,,13.984042,193.984042,6.725883,,,,,,273,0,"internal_id=7,ui_id=4",7,4,7,1,-1,38.980000,mono,,,,,,,,,,,,,
1780467634.401660,,,MATCH_ACCEPT,7,0,14.009821,6.738542,13.982164,,6.738730,0.027657,6.672538,1.781692,2.264473,0.909954,273,1,,,,,,,,,,,,,,,,,,,,,
1780467634.401660,,,UI_STATUS_SEND,7,,,,13.989520,193.989520,6.738661,,,,,,274,0,"internal_id=7,ui_id=4",7,4,7,1,-1,38.980000,mono,,,,,,,,,,,,,
1780467634.614575,,,MATCH_ACCEPT,7,0,14.014378,6.747708,13.988834,,6.749590,0.025613,6.623706,1.749137,2.191058,0.868423,274,1,,,,,,,,,,,,,,,,,,,,,
1780467634.614575,,,UI_STATUS_SEND,7,,,,13.995465,193.995465,6.748918,,,,,,275,0,"internal_id=7,ui_id=4",7,4,7,1,-1,38.980000,mono,,,,,,,,,,,,,
1780467634.860971,,,MATCH_ACCEPT,7,0,14.021214,6.766042,13.995625,,6.761435,0.026000,6.649025,1.766016,2.227668,0.891146,275,1,,,,,,,,,,,,,,,,,,,,,
1780467634.860971,,,UI_STATUS_SEND,7,,,,14.002349,194.002349,6.763108,,,,,,276,0,"internal_id=7,ui_id=4",7,4,7,1,-1,38.980000,mono,,,,,,,,,,,,,
1780467635.088159,,,MATCH_ACCEPT,7,0,14.023493,6.779792,14.003393,,6.774952,0.020674,6.633819,1.755879,2.205289,0.877822,276,1,,,,,,,,,,,,,,,,,,,,,
1780467635.088159,,,UI_STATUS_SEND,7,,,,14.008636,194.008636,6.776693,,,,,,277,0,"internal_id=7,ui_id=4",7,4,7,1,-1,38.980000,mono,,,,,,,,,,,,,
1780467635.338218,,,MATCH_ACCEPT,7,0,14.009821,6.775208,14.010554,,6.790070,0.014880,6.663068,1.775379,2.249819,0.902152,277,1,,,,,,,,,,,,,,,,,,,,,
1780467635.338218,,,UI_STATUS_SEND,7,,,,14.010360,194.010360,6.784630,,,,,,278,0,"internal_id=7,ui_id=4",7,4,7,1,-1,38.980000,mono,,,,,,,,,,,,,
1780467635.603799,,,MATCH_ACCEPT,7,0,14.009821,6.786667,14.012250,,6.796929,0.010546,6.681950,1.787967,2.281198,0.915627,278,1,,,,,,,,,,,,,,,,,,,,,
1780467635.603799,,,TargetKeep,7,,,,,,,,,,,,,,lock_timer_expired,,,,,,,,,,,,,,,,,,,,
1780467635.603799,,,UI_STATUS_SEND,7,,,,14.011600,194.011600,6.793138,,,,,,279,0,"internal_id=7,ui_id=4",7,4,7,1,-1,38.980000,mono,,,,,,,,,,,,,
1780467635.914390,,,MATCH_ACCEPT,7,0,14.005264,6.793542,14.013395,,6.804690,0.013799,6.692439,1.794959,2.300749,0.921128,279,1,,,,,,,,,,,,,,,,,,,,,
1780467635.914390,,,UI_STATUS_SEND,7,,,,14.011207,194.011207,6.800555,,,,,,280,0,"internal_id=7,ui_id=4",7,4,7,1,-1,38.980000,mono,,,,,,,,,,,,,
1780467636.177107,,,MATCH_ACCEPT,7,0,14.005264,6.805000,14.012683,,6.811299,0.009733,6.697052,1.798035,2.311002,0.921927,280,1,,,,,,,,,,,,,,,,,,,,,
1780467636.177107,,,UI_STATUS_SEND,7,,,,14.010680,194.010680,6.808962,,,,,,281,0,"internal_id=7,ui_id=4",7,4,7,1,-1,38.980000,mono,,,,,,,,,,,,,
1780467636.457377,,,MATCH_ACCEPT,7,0,13.989313,6.821042,14.011867,,6.819251,0.022625,6.698015,1.798677,2.314706,0.920533,281,1,,,,,,,,,,,,,,,,,,,,,
1780467636.457377,,,UI_STATUS_SEND,7,,,,14.005771,194.005771,6.819915,,,,,,282,0,"internal_id=7,ui_id=4",7,4,7,1,-1,38.980000,mono,,,,,,,,,,,,,
1780467636.734976,,,MATCH_ACCEPT,7,0,13.987034,6.830208,14.006080,,6.830333,0.019046,6.696994,1.797996,2.314289,0.918502,282,1,,,,,,,,,,,,,,,,,,,,,
1780467636.734976,,,UI_STATUS_SEND,7,,,,14.000933,194.000933,6.830287,,,,,,283,0,"internal_id=7,ui_id=4",7,4,7,1,-1,38.980000,mono,,,,,,,,,,,,,
1780467637.267710,,,MATCH_ACCEPT,7,0,13.991592,6.837083,14.000155,,6.849139,0.014787,7.101997,2.067998,2.968329,1.308288,283,2,,,,,,,,,,,,,,,,,,,,,
1780467637.267710,,,UI_STATUS_SEND,7,,,,13.997398,193.997398,6.843645,,,,,,284,0,"internal_id=7,ui_id=4",7,4,7,1,-1,38.980000,mono,,,,,,,,,,,,,
1780467637.477360,,,MATCH_ACCEPT,7,0,13.987034,6.848542,13.996715,,6.851523,0.010129,6.858789,1.905859,2.600558,1.031741,284,1,,,,,,,,,,,,,,,,,,,,,
1780467637.477360,,,TargetKeep,7,,,,,,,,,,,,,,lock_timer_expired,,,,,,,,,,,,,,,,,,,,
1780467637.477360,,,UI_STATUS_SEND,7,,,,13.993870,193.993870,6.850337,,,,,,285,0,"internal_id=7,ui_id=4",7,4,7,1,-1,38.980000,mono,,,,,,,,,,,,,
1780467637.732183,,,MATCH_ACCEPT,7,0,14.110081,6.772917,13.992661,,6.859513,0.145898,6.788746,1.859164,2.488020,0.968470,285,1,,,,,,,,,,,,,,,,,,,,,
1780467637.732183,,,UI_STATUS_SEND,7,,,,14.026095,194.026095,6.826377,,,,,,286,0,"internal_id=7,ui_id=4",7,4,7,1,-1,25.150000,mono,,,,,,,,,,,,,
1780467638.198769,,,MATCH_ACCEPT,7,0,13.987034,6.850833,14.032339,,6.831668,0.049191,7.155685,2.103790,3.087314,1.338619,286,2,,,,,,,,,,,,,,,,,,,,,
1780467638.198769,,,UI_STATUS_SEND,7,,,,14.017359,194.017359,6.840511,,,,,,287,0,"internal_id=7,ui_id=4",7,4,7,1,-1,38.980000,mono,,,,,,,,,,,,,
1780467638.630764,,,MATCH_ACCEPT,7,0,13.989313,6.857708,14.019760,,6.848392,0.031841,7.339018,2.226012,3.450190,1.504939,287,2,,,,,,,,,,,,,,,,,,,,,
1780467638.630764,,,UI_STATUS_SEND,7,,,,14.008931,194.008931,6.852963,,,,,,288,0,"internal_id=7,ui_id=4",7,4,7,1,-1,38.980000,mono,,,,,,,,,,,,,
1780467640.387219,,,MATCH_ACCEPT,7,0,13.991592,6.843958,14.008497,,6.888781,0.047905,10.671301,4.447534,12.289651,7.490907,288,8,,,,,,,,,,,,,,,,,,,,,
1780467640.387219,,,UI_STATUS_SEND,7,,,,13.997291,193.997291,6.851694,,,,,,289,0,"internal_id=7,ui_id=4",7,4,7,1,-1,38.980000,mono,,,,,,,,,,,,,
1780467640.894505,,,MATCH_ACCEPT,7,0,13.987034,6.823333,13.995093,,6.853142,0.030879,8.348066,2.898711,6.164296,2.238228,289,2,,,,,,,,,,,,,,,,,,,,,
1780467640.894505,,,UI_STATUS_SEND,7,,,,13.991092,193.991092,6.835588,,,,,,290,0,"internal_id=7,ui_id=4",7,4,7,1,-1,38.980000,mono,,,,,,,,,,,,,
1780467641.334555,,,MATCH_ACCEPT,7,0,13.957412,6.805000,13.988214,,6.832661,0.041400,7.797353,2.531569,4.681397,1.727445,290,2,,,,,,,,,,,,,,,,,,,,,
1780467641.334555,,,UI_STATUS_SEND,7,,,,13.975023,193.975023,6.818137,,,,,,291,0,"internal_id=7,ui_id=4",7,4,7,1,-1,38.980000,mono,,,,,,,,,,,,,
1780467641.848759,,,MATCH_ACCEPT,7,0,13.952855,6.786667,13.969436,,6.810933,0.029391,7.634014,2.422676,4.203723,1.665637,291,2,,,,,,,,,,,,,,,,,,,,,
1780467641.848759,,,TargetKeep,7,,,,,,,,,,,,,,lock_timer_expired,,,,,,,,,,,,,,,,,,,,
1780467641.848759,,,UI_STATUS_SEND,7,,,,13.962768,193.962768,6.798412,,,,,,292,0,"internal_id=7,ui_id=4",7,4,7,1,-1,38.980000,mono,,,,,,,,,,,,,
1780467642.459511,,,MATCH_ACCEPT,7,0,13.948297,6.768333,13.953249,,6.783360,0.015822,7.954307,2.636205,4.801896,2.147680,292,3,,,,,,,,,,,,,,,,,,,,,
1780467642.459511,,,UI_STATUS_SEND,7,,,,13.951098,193.951098,6.774662,,,,,,293,0,"internal_id=7,ui_id=4",7,4,7,1,-1,38.980000,mono,,,,,,,,,,,,,
1780467642.685299,,,MATCH_ACCEPT,7,0,13.946019,6.756875,13.947340,,6.767772,0.010977,7.271192,2.180795,3.459893,1.295972,293,1,,,,,,,,,,,,,,,,,,,,,
1780467642.685299,,,UI_STATUS_SEND,7,,,,13.946869,193.946869,6.762832,,,,,,294,0,"internal_id=7,ui_id=4",7,4,7,1,-1,38.980000,mono,,,,,,,,,,,,,
1780467642.928617,,,MATCH_ACCEPT,7,0,13.959691,6.750000,13.942762,,6.754570,0.017535,6.997072,1.998048,2.922202,1.069993,294,1,,,,,,,,,,,,,,,,,,,,,
1780467642.928617,,,UI_STATUS_SEND,7,,,,13.948155,193.948155,6.752713,,,,,,295,0,"internal_id=7,ui_id=4",7,4,7,1,-1,38.980000,mono,,,,,,,,,,,,,
1780467643.161603,,,MATCH_ACCEPT,7,0,13.959691,6.740833,13.944881,,6.744484,0.015253,6.839106,1.892737,2.615907,0.966547,295,1,,,,,,,,,,,,,,,,,,,,,
1780467643.161603,,,UI_STATUS_SEND,7,,,,13.949250,193.949250,6.743089,,,,,,296,0,"internal_id=7,ui_id=4",7,4,7,1,-1,38.980000,mono,,,,,,,,,,,,,
1780467643.634108,,,MATCH_ACCEPT,7,0,13.939183,6.727083,13.943978,,6.726658,0.004814,7.198979,2.132653,3.189538,1.358669,296,2,,,,,,,,,,,,,,,,,,,,,
1780467643.634108,,,UI_STATUS_SEND,7,,,,13.942358,193.942358,6.726856,,,,,,297,0,"internal_id=7,ui_id=4",7,4,7,1,-1,38.980000,mono,,,,,,,,,,,,,
1780467643.862047,,,MATCH_ACCEPT,7,0,13.936904,6.715625,13.939491,,6.718596,0.003939,6.952687,1.968458,2.784976,1.089852,297,1,,,,,,,,,,,,,,,,,,,,,
1780467643.862047,,,UI_STATUS_SEND,7,,,,13.938693,193.938693,6.717375,,,,,,298,0,"internal_id=7,ui_id=4",7,4,7,1,-1,38.980000,mono,,,,,,,,,,,,,
1780467644.227931,,,MATCH_ACCEPT,7,0,13.964248,6.706458,13.935437,,6.708085,0.028857,6.854198,1.902798,2.615103,1.005538,298,1,,,,,,,,,,,,,,,,,,,,,
1780467644.227931,,,TargetKeep,7,,,,,,,,,,,,,,lock_timer_expired,,,,,,,,,,,,,,,,,,,,
1780467644.227931,,,UI_STATUS_SEND,7,,,,13.943936,193.943936,6.707448,,,,,,299,0,"internal_id=7,ui_id=4",7,4,7,1,-1,38.980000,mono,,,,,,,,,,,,,
1780467644.490449,,,MATCH_ACCEPT,7,0,13.982477,6.668646,13.941880,,6.698036,0.050119,6.796846,1.864564,2.511523,0.965074,299,1,,,,,,,,,,,,,,,,,,,,,
1780467644.489926,,,UI_STATUS_SEND,7,,,,13.953517,193.953517,6.686814,,,,,,300,0,"internal_id=7,ui_id=4",7,4,7,1,-1,32.065000,mono,,,,,,,,,,,,,
1780467644.692982,,no_packet,TRACK_DELETE,12,,,,338.911316,,7.437500,,,,1695.794165,1695.794165,0,50,,,,,,,,,,,,,,,,,,,,,
1780467644.980388,,,MATCH_ACCEPT,7,0,13.968805,6.701875,13.952793,,6.665833,0.039439,7.178529,2.119019,3.140501,1.349741,300,2,,,,,,,,,,,,,,,,,,,,,
1780467644.980388,,,UI_STATUS_SEND,7,,,,13.958148,193.958148,6.682537,,,,,,301,0,"internal_id=7,ui_id=4",7,4,7,1,-1,38.980000,mono,,,,,,,,,,,,,
1780467645.249091,,,MATCH_ACCEPT,7,0,13.977920,6.617083,13.958498,,6.674065,0.060200,6.977342,1.984895,2.825029,1.114779,301,1,,,,,,,,,,,,,,,,,,,,,
1780467645.249091,,,UI_STATUS_SEND,7,,,,13.964544,193.964544,6.650338,,,,,,302,0,"internal_id=7,ui_id=4",7,4,7,1,-1,25.150000,mono,,,,,,,,,,,,,
1780467645.490557,,,MATCH_ACCEPT,7,0,13.959691,6.697292,13.965693,,6.637920,0.059674,6.846939,1.897959,2.605927,0.996322,302,1,,,,,,,,,,,,,,,,,,,,,
1780467645.490557,,,UI_STATUS_SEND,7,,,,13.963927,193.963927,6.661038,,,,,,303,0,"internal_id=7,ui_id=4",7,4,7,1,-1,38.980000,mono,,,,,,,,,,,,,
1780467645.765032,,,MATCH_ACCEPT,7,0,13.946019,6.740833,13.964871,,6.652495,0.090328,6.784129,1.856086,2.492547,0.952509,303,1,,,,,,,,,,,,,,,,,,,,,
1780467645.765032,,,UI_STATUS_SEND,7,,,,13.959496,193.959496,6.685951,,,,,,304,0,"internal_id=7,ui_id=4",7,4,7,1,-1,38.980000,mono,,,,,,,,,,,,,
1780467646.058227,,,MATCH_ACCEPT,7,0,13.966527,6.688125,13.959690,,6.683751,0.008116,6.746950,1.831300,2.420951,0.932707,304,1,,,,,,,,,,,,,,,,,,,,,
1780467646.058227,,,UI_STATUS_SEND,7,,,,13.961598,193.961598,6.685386,,,,,,305,0,"internal_id=7,ui_id=4",7,4,7,1,-1,38.980000,mono,,,,,,,,,,,,,
1780467646.399420,,,MATCH_ACCEPT,7,0,13.964248,6.708750,13.962060,,6.683500,0.025345,6.724952,1.816635,2.375968,0.924195,305,1,,,,,,,,,,,,,,,,,,,,,
1780467646.399420,,,TargetKeep,7,,,,,,,,,,,,,,lock_timer_expired,,,,,,,,,,,,,,,,,,,,
1780467646.399420,,,UI_STATUS_SEND,7,,,,13.962663,193.962663,6.692884,,,,,,306,0,"internal_id=7,ui_id=4",7,4,7,1,-1,38.980000,mono,,,,,,,,,,,,,
1780467646.655183,,,MATCH_ACCEPT,7,0,13.984756,6.633125,13.963210,,6.692807,0.063452,6.711903,1.807935,2.347988,0.920642,306,1,,,,,,,,,,,,,,,,,,,,,
1780467646.655183,,,UI_STATUS_SEND,7,,,,13.969094,193.969094,6.670679,,,,,,307,0,"internal_id=7,ui_id=4",7,4,7,1,-1,32.065000,mono,,,,,,,,,,,,,
1780467646.923881,,,MATCH_ACCEPT,7,0,14.037165,6.525417,13.970476,,6.666325,0.155893,6.704061,1.802707,2.330748,0.919006,307,1,,,,,,,,,,,,,,,,,,,,,
1780467646.923881,,,UI_STATUS_SEND,7,,,,13.988590,193.988590,6.614141,,,,,,308,0,"internal_id=7,ui_id=4",7,4,7,1,-1,25.150000,mono,,,,,,,,,,,,,
1780467647.196141,,,MATCH_ACCEPT,7,0,13.955133,6.697292,13.992550,,6.599695,0.104524,6.699214,1.799476,2.320143,0.917972,308,1,,,,,,,,,,,,,,,,,,,,,
1780467647.196141,,,UI_STATUS_SEND,7,,,,13.982421,193.982421,6.635813,,,,,,309,0,"internal_id=7,ui_id=4",7,4,7,1,-1,38.980000,mono,,,,,,,,,,,,,
1780467647.496106,,,MATCH_ACCEPT,7,0,13.950576,6.708750,13.984936,,6.628348,0.087436,6.696081,1.797387,2.313520,0.917080,309,1,,,,,,,,,,,,,,,,,,,,,
1780467647.496106,,,UI_STATUS_SEND,7,,,,13.975654,193.975654,6.658085,,,,,,310,0,"internal_id=7,ui_id=4",7,4,7,1,-1,38.980000,mono,,,,,,,,,,,,,
1780467647.940053,,,MATCH_ACCEPT,7,0,13.955133,6.717917,13.977768,,6.655024,0.066842,7.083819,2.055879,2.935544,1.291094,310,2,,,,,,,,,,,,,,,,,,,,,
1780467647.940053,,,UI_STATUS_SEND,7,,,,13.970535,193.970535,6.683480,,,,,,311,0,"internal_id=7,ui_id=4",7,4,7,1,-1,38.980000,mono,,,,,,,,,,,,,
1780467648.199195,,,MATCH_ACCEPT,7,0,13.950576,6.729375,13.970714,,6.687029,0.046891,6.920333,1.946888,2.701312,1.089063,311,1,,,,,,,,,,,,,,,,,,,,,
1780467648.199195,,,UI_STATUS_SEND,7,,,,13.964637,193.964637,6.704421,,,,,,312,0,"internal_id=7,ui_id=4",7,4,7,1,-1,38.980000,mono,,,,,,,,,,,,,
1780467648.567475,,,MATCH_ACCEPT,7,0,13.943740,6.736250,13.963973,,6.711183,0.032214,6.825265,1.883510,2.551462,0.996147,312,1,,,,,,,,,,,,,,,,,,,,,
1780467648.566967,,,TargetKeep,7,,,,,,,,,,,,,,lock_timer_expired,,,,,,,,,,,,,,,,,,,,
1780467648.566967,,,UI_STATUS_SEND,7,,,,13.958108,193.958108,6.720942,,,,,,313,0,"internal_id=7,ui_id=4",7,4,7,1,-1,38.980000,mono,,,,,,,,,,,,,
1780467648.782242,,,MATCH_ACCEPT,7,0,13.941461,6.747708,13.956836,,6.728332,0.024735,6.710208,1.806805,2.361533,0.903012,313,1,,,,,,,,,,,,,,,,,,,,,
1780467648.782242,,,UI_STATUS_SEND,7,,,,13.952620,193.952620,6.735429,,,,,,314,0,"internal_id=7,ui_id=4",7,4,7,1,-1,38.980000,mono,,,,,,,,,,,,,
1780467649.050987,,,MATCH_ACCEPT,7,0,13.941461,6.754583,13.950556,,6.745352,0.012958,6.699024,1.799350,2.332037,0.905622,314,1,,,,,,,,,,,,,,,,,,,,,
1780467649.050987,,,UI_STATUS_SEND,7,,,,13.948085,193.948085,6.748739,,,,,,315,0,"internal_id=7,ui_id=4",7,4,7,1,-1,38.980000,mono,,,,,,,,,,,,,
1780467649.278694,,,MATCH_ACCEPT,7,0,13.936904,6.766042,13.945887,,6.758375,0.011810,6.658454,1.772303,2.260012,0.881045,315,1,,,,,,,,,,,,,,,,,,,,,
1780467649.278694,,,UI_STATUS_SEND,7,,,,13.943501,193.943501,6.761139,,,,,,316,0,"internal_id=7,ui_id=4",7,4,7,1,-1,38.980000,mono,,,,,,,,,,,,,
1780467650.384964,,,MATCH_ACCEPT,7,0,13.941461,6.770625,13.931835,,6.808254,0.038841,8.517068,3.011379,5.825492,3.242911,316,5,,,,,,,,,,,,,,,,,,,,,
1780467650.384964,,,UI_STATUS_SEND,7,,,,13.936479,193.936479,6.782860,,,,,,317,0,"internal_id=7,ui_id=4",7,4,7,1,-1,38.980000,mono,,,,,,,,,,,,,
1780467650.913812,,,MATCH_ACCEPT,7,0,13.941461,6.791250,13.932556,,6.795787,0.009994,7.929613,2.619742,4.850476,2.012571,317,2,,,,,,,,,,,,,,,,,,,,,
1780467650.913812,,,UI_STATUS_SEND,7,,,,13.936447,193.936447,6.793233,,,,,,318,0,"internal_id=7,ui_id=4",7,4,7,1,-1,38.980000,mono,,,,,,,,,,,,,
1780467651.645238,,,MATCH_ACCEPT,7,0,13.932347,6.802708,13.932018,,6.810834,0.008132,8.151606,2.767738,5.357150,2.303222,318,3,,,,,,,,,,,,,,,,,,,,,
1780467651.645238,,,UI_STATUS_SEND,7,,,,13.932170,193.932170,6.805993,,,,,,319,0,"internal_id=7,ui_id=4",7,4,7,1,-1,38.980000,mono,,,,,,,,,,,,,
1780467652.194390,,,MATCH_ACCEPT,7,0,13.941461,6.809583,13.929123,,6.816836,0.014312,7.798093,2.532062,4.580854,1.830484,319,2,,,,,,,,,,,,,,,,,,,,,
1780467652.194390,,,TargetKeep,7,,,,,,,,,,,,,,lock_timer_expired,,,,,,,,,,,,,,,,,,,,
1780467652.194390,,,UI_STATUS_SEND,7,,,,13.934341,193.934341,6.812923,,,,,,320,0,"internal_id=7,ui_id=4",7,4,7,1,-1,38.980000,mono,,,,,,,,,,,,,
1780467652.694165,,,MATCH_ACCEPT,7,0,13.941461,6.830208,13.932426,,6.822582,0.011824,7.652650,2.435100,4.230185,1.699526,320,2,,,,,,,,,,,,,,,,,,,,,
1780467652.694165,,,UI_STATUS_SEND,7,,,,13.936073,193.936073,6.826555,,,,,,321,0,"internal_id=7,ui_id=4",7,4,7,1,-1,38.980000,mono,,,,,,,,,,,,,
1780467652.940383,,,MATCH_ACCEPT,7,0,13.941461,6.837083,13.935465,,6.832478,0.007561,7.176076,2.117384,3.276050,1.207266,321,1,,,,,,,,,,,,,,,,,,,,,
1780467652.940383,,,UI_STATUS_SEND,7,,,,13.937527,193.937527,6.834485,,,,,,322,0,"internal_id=7,ui_id=4",7,4,7,1,-1,38.980000,mono,,,,,,,,,,,,,
1780467653.167573,,,MATCH_ACCEPT,7,0,13.982477,6.763750,13.937199,,6.840270,0.088912,6.913817,1.942544,2.766700,1.006779,322,1,,,,,,,,,,,,,,,,,,,,,
1780467653.167573,,,UI_STATUS_SEND,7,,,,13.951093,193.951093,6.810285,,,,,,323,0,"internal_id=7,ui_id=4",7,4,7,1,-1,25.150000,mono,,,,,,,,,,,,,
1780467653.662244,,,MATCH_ACCEPT,7,0,13.939183,6.848542,13.953684,,6.811876,0.039429,7.219150,2.146100,3.242535,1.363210,323,2,,,,,,,,,,,,,,,,,,,,,
1780467653.662244,,,UI_STATUS_SEND,7,,,,13.948731,193.948731,6.828960,,,,,,324,0,"internal_id=7,ui_id=4",7,4,7,1,-1,38.980000,mono,,,,,,,,,,,,,
1780467654.229461,,,MATCH_ACCEPT,7,0,13.950576,6.855417,13.950127,,6.836329,0.019093,7.421572,2.281048,3.625624,1.577556,324,2,,,,,,,,,,,,,,,,,,,,,
1780467654.229461,,,UI_STATUS_SEND,7,,,,13.950292,193.950292,6.845919,,,,,,325,0,"internal_id=7,ui_id=4",7,4,7,1,-1,38.980000,mono,,,,,,,,,,,,,
1780467654.690607,,,MATCH_ACCEPT,7,0,13.934626,6.866875,13.951719,,6.856345,0.020076,7.516995,2.344664,3.850833,1.646615,325,2,,,,,,,,,,,,,,,,,,,,,
1780467654.690607,,,UI_STATUS_SEND,7,,,,13.945202,193.945202,6.861748,,,,,,326,0,"internal_id=7,ui_id=4",7,4,7,1,-1,38.980000,mono,,,,,,,,,,,,,
1780467655.171221,,,MATCH_ACCEPT,7,0,13.955133,6.864583,13.945084,,6.873886,0.013694,7.556462,2.370975,3.962937,1.658585,326,2,,,,,,,,,,,,,,,,,,,,,
1780467655.171221,,,TargetKeep,7,,,,,,,,,,,,,,lock_timer_expired,,,,,,,,,,,,,,,,,,,,
1780467655.171221,,,UI_STATUS_SEND,7,,,,13.948983,193.948983,6.869096,,,,,,327,0,"internal_id=7,ui_id=4",7,4,7,1,-1,38.980000,mono,,,,,,,,,,,,,
1780467655.465170,,,MATCH_ACCEPT,7,0,13.959691,6.869167,13.949421,,6.874978,0.011800,7.148497,2.098998,3.202461,1.203333,327,1,,,,,,,,,,,,,,,,,,,,,
1780467655.465170,,,UI_STATUS_SEND,7,,,,13.952900,193.952900,6.872450,,,,,,328,0,"internal_id=7,ui_id=4",7,4,7,1,-1,38.980000,mono,,,,,,,,,,,,,
1780467655.809957,,,MATCH_ACCEPT,7,0,13.964248,6.864583,13.953788,,6.877888,0.016924,6.943175,1.962117,2.812360,1.037541,328,1,,,,,,,,,,,,,,,,,,,,,
1780467655.809957,,,UI_STATUS_SEND,7,,,,13.957034,193.957034,6.872579,,,,,,329,0,"internal_id=7,ui_id=4",7,4,7,1,-1,38.980000,mono,,,,,,,,,,,,,
1780467656.113487,,,MATCH_ACCEPT,7,0,13.968805,6.864583,13.958350,,6.877053,0.016273,6.831438,1.887625,2.594671,0.968458,329,1,,,,,,,,,,,,,,,,,,,,,
1780467656.113487,,,UI_STATUS_SEND,7,,,,13.961417,193.961417,6.872281,,,,,,330,0,"internal_id=7,ui_id=4",7,4,7,1,-1,38.980000,mono,,,,,,,,,,,,,
1780467656.401694,,,MATCH_ACCEPT,7,0,13.968805,6.864583,13.963146,,6.875861,0.012617,6.769810,1.846540,2.469855,0.939854,330,1,,,,,,,,,,,,,,,,,,,,,
1780467656.401694,,,UI_STATUS_SEND,7,,,,13.964749,193.964749,6.871625,,,,,,331,0,"internal_id=7,ui_id=4",7,4,7,1,-1,38.980000,mono,,,,,,,,,,,,,
1780467656.657497,,,MATCH_ACCEPT,7,0,14.059951,6.800417,13.966698,,6.874393,0.119032,6.736179,1.824119,2.398635,0.928776,331,1,,,,,,,,,,,,,,,,,,,,,
1780467656.657497,,,UI_STATUS_SEND,7,,,,13.992561,193.992561,6.846814,,,,,,332,0,"internal_id=7,ui_id=4",7,4,7,1,-1,25.150000,mono,,,,,,,,,,,,,
1780467657.173413,,,MATCH_ACCEPT,7,0,14.050836,6.827917,14.002575,,6.842196,0.050329,7.121741,2.081161,3.013805,1.317425,332,2,,,,,,,,,,,,,,,,,,,,,
1780467657.173413,,,TargetKeep,7,,,,,,,,,,,,,,lock_timer_expired,,,,,,,,,,,,,,,,,,,,
1780467657.173413,,,UI_STATUS_SEND,7,,,,14.018276,194.018276,6.835664,,,,,,333,0,"internal_id=7,ui_id=4",7,4,7,1,-1,25.150000,mono,,,,,,,,,,,,,
1780467657.797623,,,MATCH_ACCEPT,7,0,13.950576,6.873750,14.037614,,6.826220,0.099171,7.753966,2.502644,4.246496,2.016731,333,3,,,,,,,,,,,,,,,,,,,,,
1780467657.797623,,,UI_STATUS_SEND,7,,,,14.002402,194.002402,6.853001,,,,,,334,0,"internal_id=7,ui_id=4",7,4,7,1,-1,38.980000,mono,,,,,,,,,,,,,
1780467658.021824,,,MATCH_ACCEPT,7,0,13.936904,6.882917,14.005201,,6.853683,0.074291,7.188258,2.125505,3.258610,1.259163,334,1,,,,,,,,,,,,,,,,,,,,,
1780467658.021824,,,UI_STATUS_SEND,7,,,,13.981796,193.981796,6.866728,,,,,,335,0,"internal_id=7,ui_id=4",7,4,7,1,-1,38.980000,mono,,,,,,,,,,,,,
1780467658.491302,,,MATCH_ACCEPT,7,0,13.957412,6.876042,13.981904,,6.872211,0.024790,7.383084,2.255389,3.601858,1.484923,335,2,,,,,,,,,,,,,,,,,,,,,
1780467658.491302,,,UI_STATUS_SEND,7,,,,13.972950,193.972950,6.874078,,,,,,336,0,"internal_id=7,ui_id=4",7,4,7,1,-1,38.980000,mono,,,,,,,,,,,,,
1780467658.988549,,,MATCH_ACCEPT,7,0,14.012099,6.857708,13.970922,,6.880156,0.046899,7.495312,2.330208,3.821379,1.608489,336,2,,,,,,,,,,,,,,,,,,,,,
1780467658.988549,,,UI_STATUS_SEND,7,,,,13.986546,193.986546,6.868769,,,,,,337,0,"internal_id=7,ui_id=4",7,4,7,1,-1,32.065000,mono,,,,,,,,,,,,,
1780467659.232179,,,MATCH_ACCEPT,7,0,14.119196,6.795833,13.987435,,6.870083,0.151242,7.110693,2.073795,3.117532,1.183094,337,1,,,,,,,,,,,,,,,,,,,,,
1780467659.232179,,,UI_STATUS_SEND,7,,,,14.031285,194.031285,6.838089,,,,,,338,0,"internal_id=7,ui_id=4",7,4,7,1,-1,25.150000,mono,,,,,,,,,,,,,
1780467659.557118,,,MATCH_ACCEPT,7,0,14.087295,6.821042,14.037917,,6.833740,0.050985,6.924905,1.949937,2.769044,1.033210,338,1,,,,,,,,,,,,,,,,,,,,,
1780467659.557118,,,UI_STATUS_SEND,7,,,,14.053077,194.053077,6.828685,,,,,,339,0,"internal_id=7,ui_id=4",7,4,7,1,-1,25.150000,mono,,,,,,,,,,,,,
1780467659.953026,,,MATCH_ACCEPT,7,0,14.128310,6.800417,14.061722,,6.823407,0.070446,6.822993,1.881996,2.572460,0.969448,339,1,,,,,,,,,,,,,,,,,,,,,
1780467659.953026,,,TargetKeep,7,,,,,,,,,,,,,,lock_timer_expired,,,,,,,,,,,,,,,,,,,,
1780467659.953026,,,UI_STATUS_SEND,7,,,,14.081138,194.081138,6.814604,,,,,,340,0,"internal_id=7,ui_id=4",7,4,7,1,-1,25.150000,mono,,,,,,,,,,,,,
1780467660.223132,,,MATCH_ACCEPT,7,0,13.996149,6.850833,14.092415,,6.807664,0.105503,6.766426,1.844284,2.459136,0.942247,340,1,,,,,,,,,,,,,,,,,,,,,
1780467660.223132,,,UI_STATUS_SEND,7,,,,14.065233,194.065233,6.823903,,,,,,341,0,"internal_id=7,ui_id=4",7,4,7,1,-1,25.150000,mono,,,,,,,,,,,,,
1780467660.749031,,,MATCH_ACCEPT,7,0,13.891331,6.944792,14.078921,,6.816949,0.227010,7.147524,2.098350,3.068710,1.334361,341,2,,,,,,,,,,,,,,,,,,,,,
1780467660.749031,,,UI_STATUS_SEND,7,,,,14.017147,194.017147,6.875836,,,,,,342,0,"internal_id=7,ui_id=4",7,4,7,1,-1,38.980000,mono,,,,,,,,,,,,,
1780467661.354654,,,MATCH_ACCEPT,7,0,13.891331,6.953958,14.014718,,6.893098,0.137580,7.727290,2.484860,4.198112,1.976417,342,3,,,,,,,,,,,,,,,,,,,,,
1780467661.354654,,,UI_STATUS_SEND,7,,,,13.965141,193.965141,6.927087,,,,,,343,0,"internal_id=7,ui_id=4",7,4,7,1,-1,38.980000,mono,,,,,,,,,,,,,
1780467661.648714,,,MATCH_ACCEPT,7,0,13.882217,6.963125,13.957632,,6.940000,0.078882,7.225144,2.150096,3.326464,1.296450,343,1,,,,,,,,,,,,,,,,,,,,,
1780467661.648714,,,UI_STATUS_SEND,7,,,,13.931436,193.931436,6.950486,,,,,,344,0,"internal_id=7,ui_id=4",7,4,7,1,-1,38.980000,mono,,,,,,,,,,,,,
1780467661.855177,,,MATCH_ACCEPT,7,0,13.873102,6.972292,13.922402,,6.962655,0.050233,6.911914,1.941276,2.757965,1.010587,344,1,,,,,,,,,,,,,,,,,,,,,
1780467661.855177,,,UI_STATUS_SEND,7,,,,13.907308,193.907308,6.966440,,,,,,345,0,"internal_id=7,ui_id=4",7,4,7,1,-1,38.980000,mono,,,,,,,,,,,,,
1780467662.163181,,,MATCH_ACCEPT,7,0,13.879938,6.956250,13.894366,,6.981856,0.029392,6.815672,1.877115,2.567709,0.955850,345,1,,,,,,,,,,,,,,,,,,,,,
1780467662.163181,,,UI_STATUS_SEND,7,,,,13.890165,193.890165,6.972137,,,,,,346,0,"internal_id=7,ui_id=4",7,4,7,1,-1,38.980000,mono,,,,,,,,,,,,,
1780467662.412034,,,MATCH_ACCEPT,7,0,13.868545,6.963125,13.876712,,6.985645,0.023956,6.764062,1.842708,2.458410,0.937162,346,1,,,,,,,,,,,,,,,,,,,,,
1780467662.412034,,,TargetKeep,7,,,,,,,,,,,,,,lock_timer_expired,,,,,,,,,,,,,,,,,,,,
1780467662.412034,,,UI_STATUS_SEND,7,,,,13.874407,193.874407,6.977202,,,,,,347,0,"internal_id=7,ui_id=4",7,4,7,1,-1,38.980000,mono,,,,,,,,,,,,,
1780467662.682423,,,MATCH_ACCEPT,7,0,13.866266,6.967708,13.860570,,6.989125,0.022161,6.739056,1.826037,2.400517,0.933895,347,1,,,,,,,,,,,,,,,,,,,,,
1780467662.682423,,,UI_STATUS_SEND,7,,,,13.862151,193.862151,6.981113,,,,,,348,0,"internal_id=7,ui_id=4",7,4,7,1,-1,38.980000,mono,,,,,,,,,,,,,
1780467663.011428,,,MATCH_ACCEPT,7,0,13.859430,6.974583,13.848539,,6.991459,0.020085,6.725745,1.817163,2.368902,0.933181,348,1,,,,,,,,,,,,,,,,,,,,,
1780467663.011428,,,UI_STATUS_SEND,7,,,,13.851532,193.851532,6.985149,,,,,,349,0,"internal_id=7,ui_id=4",7,4,7,1,-1,38.980000,mono,,,,,,,,,,,,,
1780467663.294390,,,MATCH_ACCEPT,7,0,13.889053,6.944792,13.838348,,6.994254,0.070834,6.717940,1.811960,2.351533,0.931665,349,1,,,,,,,,,,,,,,,,,,,,,
1780467663.294390,,,UI_STATUS_SEND,7,,,,13.852210,193.852210,6.975778,,,,,,350,0,"internal_id=7,ui_id=4",7,4,7,1,-1,32.065000,mono,,,,,,,,,,,,,
1780467663.547400,,,MATCH_ACCEPT,7,0,13.950576,6.882917,13.841018,,6.981264,0.147224,6.712623,1.808415,2.341409,0.928956,350,1,,,,,,,,,,,,,,,,,,,,,
1780467663.547400,,,UI_STATUS_SEND,7,,,,13.870876,193.870876,6.944594,,,,,,351,0,"internal_id=7,ui_id=4",7,4,7,1,-1,25.150000,mono,,,,,,,,,,,,,
1780467663.785620,,,MATCH_ACCEPT,7,0,13.848037,6.992917,13.864309,,6.943014,0.052488,6.688317,1.792211,2.303161,0.908860,351,1,,,,,,,,,,,,,,,,,,,,,
1780467663.785620,,,UI_STATUS_SEND,7,,,,13.859927,193.859927,6.961366,,,,,,352,0,"internal_id=7,ui_id=4",7,4,7,1,-1,38.980000,mono,,,,,,,,,,,,,
1780467664.030547,,,MATCH_ACCEPT,7,0,13.841201,7.004375,13.852556,,6.963232,0.042682,6.683822,1.789215,2.294819,0.906469,352,1,,,,,,,,,,,,,,,,,,,,,
1780467664.030547,,,UI_STATUS_SEND,7,,,,13.849507,193.849507,6.978337,,,,,,353,0,"internal_id=7,ui_id=4",7,4,7,1,-1,38.980000,mono,,,,,,,,,,,,,
1780467664.313574,,,MATCH_ACCEPT,7,0,13.863987,6.992917,13.841543,,6.983177,0.024467,6.689718,1.793145,2.302892,0.912478,353,1,,,,,,,,,,,,,,,,,,,,,
1780467664.313574,,,TargetKeep,7,,,,,,,,,,,,,,lock_timer_expired,,,,,,,,,,,,,,,,,,,,
1780467664.313574,,,UI_STATUS_SEND,7,,,,13.847586,193.847586,6.986768,,,,,,354,0,"internal_id=7,ui_id=4",7,4,7,1,-1,38.980000,mono,,,,,,,,,,,,,
1780467664.535916,,,MATCH_ACCEPT,7,0,13.863987,6.999792,13.841279,,6.991692,0.024109,6.646460,1.764307,2.235631,0.877147,354,1,,,,,,,,,,,,,,,,,,,,,
1780467664.535916,,,UI_STATUS_SEND,7,,,,13.847262,193.847262,6.994604,,,,,,355,0,"internal_id=7,ui_id=4",7,4,7,1,-1,38.980000,mono,,,,,,,,,,,,,
1780467664.930117,,,MATCH_ACCEPT,7,0,13.859430,6.990625,13.841034,,7.000707,0.020978,6.665609,1.777072,2.261727,0.896259,355,1,,,,,,,,,,,,,,,,,,,,,
1780467664.930117,,,UI_STATUS_SEND,7,,,,13.845922,193.845922,6.997032,,,,,,356,0,"internal_id=7,ui_id=4",7,4,7,1,-1,38.980000,mono,,,,,,,,,,,,,
1780467665.138548,,,MATCH_ACCEPT,7,0,13.859430,6.990625,13.841319,,7.001521,0.021136,6.609153,1.739435,2.174192,0.851444,356,1,,,,,,,,,,,,,,,,,,,,,
1780467665.138548,,,UI_STATUS_SEND,7,,,,13.845994,193.845994,6.997677,,,,,,357,0,"internal_id=7,ui_id=4",7,4,7,1,-1,38.980000,mono,,,,,,,,,,,,,
1780467665.361137,,,MATCH_ACCEPT,7,0,13.854873,6.992917,13.841682,,7.001801,0.015904,6.597233,1.731488,2.151492,0.846560,357,1,,,,,,,,,,,,,,,,,,,,,
1780467665.361137,,,UI_STATUS_SEND,7,,,,13.845060,193.845060,6.998679,,,,,,358,0,"internal_id=7,ui_id=4",7,4,7,1,-1,38.980000,mono,,,,,,,,,,,,,
1780467665.646094,,,MATCH_ACCEPT,7,0,13.850316,6.992917,13.840712,,7.002692,0.013704,6.638723,1.759149,2.209840,0.884763,358,1,,,,,,,,,,,,,,,,,,,,,
1780467665.646094,,,UI_STATUS_SEND,7,,,,13.843220,193.843220,6.999158,,,,,,359,0,"internal_id=7,ui_id=4",7,4,7,1,-1,38.980000,mono,,,,,,,,,,,,,
1780467665.889538,,,MATCH_ACCEPT,7,0,13.745498,6.882917,13.839345,,7.002377,0.151915,6.656415,1.770943,2.237136,0.899103,359,1,,,,,,,,,,,,,,,,,,,,,
1780467665.889538,,,UI_STATUS_SEND,7,,,,13.814608,193.814608,6.958744,,,,,,360,0,"internal_id=7,ui_id=4",7,4,7,1,-1,38.980000,mono,,,,,,,,,,,,,
1780467666.495569,,,MATCH_ACCEPT,7,0,13.914118,6.933333,13.796139,,6.945709,0.118626,7.438924,2.292616,3.548332,1.707757,360,3,,,,,,,,,,,,,,,,,,,,,
1780467666.495569,,,TargetKeep,7,,,,,,,,,,,,,,lock_timer_expired,,,,,,,,,,,,,,,,,,,,
1780467666.495569,,,UI_STATUS_SEND,7,,,,13.838863,193.838863,6.939246,,,,,,361,0,"internal_id=7,ui_id=4",7,4,7,1,-1,47.250000,mono,,,,,,,,,,,,,
1780467668.059101,,,MATCH_ACCEPT,7,0,13.854873,7.054792,13.829082,,6.901135,0.155806,10.166951,4.111300,10.624413,6.278379,361,7,,,,,,,,,,,,,,,,,,,,,
1780467668.059101,,,UI_STATUS_SEND,7,,,,13.845320,193.845320,7.024172,,,,,,362,0,"internal_id=7,ui_id=4",7,4,7,1,-1,38.980000,mono,,,,,,,,,,,,,
1780467668.583117,,,MATCH_ACCEPT,7,0,13.877659,7.059375,13.845448,,7.041163,0.037003,8.281056,2.854037,5.941977,2.203552,362,2,,,,,,,,,,,,,,,,,,,,,
1780467668.583117,,,UI_STATUS_SEND,7,,,,13.861147,193.861147,7.051819,,,,,,363,0,"internal_id=7,ui_id=4",7,4,7,1,-1,38.980000,mono,,,,,,,,,,,,,
1780467669.167084,,,MATCH_ACCEPT,7,0,13.850316,7.047917,13.864360,,7.071794,0.027701,7.813349,2.542233,4.702392,1.760556,363,2,,,,,,,,,,,,,,,,,,,,,
1780467669.167084,,,UI_STATUS_SEND,7,,,,13.858330,193.858330,7.059144,,,,,,364,0,"internal_id=7,ui_id=4",7,4,7,1,-1,38.980000,mono,,,,,,,,,,,,,
1780467669.470508,,,MATCH_ACCEPT,7,0,13.850316,7.047917,13.859412,,7.068072,0.022112,7.240533,2.160356,3.444374,1.222763,364,1,,,,,,,,,,,,,,,,,,,,,
1780467669.470508,,,UI_STATUS_SEND,7,,,,13.856180,193.856180,7.059223,,,,,,365,0,"internal_id=7,ui_id=4",7,4,7,1,-1,38.980000,mono,,,,,,,,,,,,,
1780467670.270226,,,MATCH_ACCEPT,7,0,13.973363,7.013542,13.858018,,7.078646,0.132450,7.827715,2.551810,4.488210,2.023523,365,3,,,,,,,,,,,,,,,,,,,,,
1780467670.270226,,,UI_STATUS_SEND,7,,,,13.906228,193.906228,7.041909,,,,,,366,0,"internal_id=7,ui_id=4",7,4,7,1,-1,25.150000,mono,,,,,,,,,,,,,
1780467670.812341,,,MATCH_ACCEPT,7,0,13.786514,7.038750,13.918404,,7.043854,0.131990,7.694258,2.462839,4.262447,1.803129,366,2,,,,,,,,,,,,,,,,,,,,,
1780467670.812341,,,UI_STATUS_SEND,7,,,,13.864927,193.864927,7.041120,,,,,,367,0,"internal_id=7,ui_id=4",7,4,7,1,-1,38.980000,mono,,,,,,,,,,,,,
1780467671.381833,,,MATCH_ACCEPT,7,0,13.752334,7.038750,13.864940,,7.042223,0.112660,7.632504,2.421669,4.150187,1.714296,367,2,,,,,,,,,,,,,,,,,,,,,
1780467671.381833,,,TargetKeep,7,,,,,,,,,,,,,,lock_timer_expired,,,,,,,,,,,,,,,,,,,,
1780467671.381833,,,UI_STATUS_SEND,7,,,,13.820005,193.820005,7.040406,,,,,,368,0,"internal_id=7,ui_id=4",7,4,7,1,-1,38.980000,mono,,,,,,,,,,,,,
1780467671.829314,,,MATCH_ACCEPT,7,0,13.750055,7.043333,13.809902,,7.040940,0.059894,7.589920,2.393280,4.063844,1.663944,368,2,,,,,,,,,,,,,,,,,,,,,
1780467671.829314,,,UI_STATUS_SEND,7,,,,13.786321,193.786321,7.042174,,,,,,369,0,"internal_id=7,ui_id=4",7,4,7,1,-1,38.980000,mono,,,,,,,,,,,,,
1780467672.448081,,,MATCH_ACCEPT,7,0,13.713597,7.031875,13.764983,,7.043434,0.052671,7.959371,2.639581,4.832442,2.134944,369,3,,,,,,,,,,,,,,,,,,,,,
1780467672.448081,,,UI_STATUS_SEND,7,,,,13.742577,193.742577,7.036760,,,,,,370,0,"internal_id=7,ui_id=4",7,4,7,1,-1,38.980000,mono,,,,,,,,,,,,,
1780467673.022304,,,MATCH_ACCEPT,7,0,13.709040,7.025000,13.721844,,7.035680,0.016674,7.748001,2.498667,4.428376,1.814963,370,2,,,,,,,,,,,,,,,,,,,,,
1780467673.022304,,,UI_STATUS_SEND,7,,,,13.716534,193.716534,7.029941,,,,,,371,0,"internal_id=7,ui_id=4",7,4,7,1,-1,38.980000,mono,,,,,,,,,,,,,
1780467673.297922,,,MATCH_ACCEPT,7,0,13.704482,7.025000,13.704473,,7.028387,0.003387,7.229945,2.153297,3.390383,1.246305,371,1,,,,,,,,,,,,,,,,,,,,,
1780467673.297922,,,UI_STATUS_SEND,7,,,,13.704477,193.704477,7.026884,,,,,,372,0,"internal_id=7,ui_id=4",7,4,7,1,-1,38.980000,mono,,,,,,,,,,,,,
1780467673.783994,,,MATCH_ACCEPT,7,0,13.706761,7.031875,13.682733,,7.023613,0.025409,7.388971,2.259314,3.632068,1.472431,372,2,,,,,,,,,,,,,,,,,,,,,
1780467673.783994,,,UI_STATUS_SEND,7,,,,13.691564,193.691564,7.027621,,,,,,373,0,"internal_id=7,ui_id=4",7,4,7,1,-1,38.980000,mono,,,,,,,,,,,,,
1780467676.800400,,,MATCH_ACCEPT,7,0,13.779678,10.125625,13.565389,,7.014897,3.118100,14.831125,7.220750,30.581361,21.557865,373,14,,,,,,,,,,,,,,,,,,,,,
1780467676.800400,,,UI_STATUS_SEND,7,,,,13.743315,193.743315,9.915399,,,,,,374,0,"internal_id=7,ui_id=4",7,4,7,1,-1,51.980000,mono,,,,,,,,,,,,,
1780467678.058441,,,MATCH_ACCEPT,7,0,13.549534,10.265417,13.759523,,11.226298,0.983559,10.473988,4.342392,13.104092,5.752275,374,6,,,,,,,,,,,,,,,,,,,,,
1780467678.058441,,,TargetKeep,7,,,,,,,,,,,,,,lock_timer_expired,,,,,,,,,,,,,,,,,,,,
1780467678.058441,,,UI_STATUS_SEND,7,,,,13.616326,193.616326,10.467093,,,,,,375,0,"internal_id=7,ui_id=4",7,4,7,1,-1,25.150000,mono,,,,,,,,,,,,,
1780467680.408996,,,MATCH_ACCEPT,7,0,13.542698,7.597917,13.530118,,11.965347,4.367448,13.489487,6.326325,24.832684,15.189701,375,11,,,,,,,,,,,,,,,,,,,,,
1780467680.408996,,,UI_STATUS_SEND,7,,,,13.540169,193.540169,8.005273,,,,,,376,0,"internal_id=7,ui_id=4",7,4,7,1,-1,59.400000,mono,,,,,,,,,,,,,
1780467680.648718,,,MATCH_REJECT,7,0,2.779740,44.403958,13.531870,,7.779531,38.170105,7.992665,2.787110,5.948266,1.819715,376,1,,,,,,,,,,,,,,,,,,,,,
1780467680.648718,,,NEW_TRACK,13,0,2.779740,44.403958,,,,,,,1.000000,1.000000,1,0,,,,,,,,,,,,,,,,,,,,,
1780467680.648718,,,TargetLost,7,,,,,,,,,,,,,,not_in_valid_tracks,,,,,,,,,,,,,,,,,,,,
1780467680.862491,,,MATCH_ACCEPT,7,1,13.638402,7.279375,13.524469,,7.578225,0.319831,8.394101,3.054734,7.005682,2.325718,375,2,,,,,,,,,,,,,,,,,,,,,
1780467680.862997,,,MATCH_ACCEPT,13,0,2.797969,44.399375,2.779740,,44.403958,0.018797,5.624123,1.736082,1.506990,1.506990,1,1,,,,,,,,,,,,,,,,,,,,,
1780467680.862491,,,UI_STATUS_SEND,7,,,,13.587741,193.587741,7.391790,,,,,,376,0,"internal_id=7,ui_id=4",7,4,7,1,-1,57.220000,mono,,,,,,,,,,,,,
1780467681.106140,,,MATCH_ACCEPT,7,0,13.431045,8.995833,13.585002,,7.138256,1.863947,7.231992,2.250928,3.835307,1.231370,376,1,,,,,,,,,,,,,,,,,,,,,
1780467681.106140,,,UI_STATUS_SEND,7,,,,13.523431,193.523431,7.994923,,,,,,377,0,"internal_id=7,ui_id=4",7,4,7,1,-1,25.150000,mono,,,,,,,,,,,,,
1780467681.487258,,,MATCH_ACCEPT,7,0,13.713597,7.075417,13.514200,,7.872891,0.822024,6.982020,1.988013,2.942366,1.009831,377,1,,,,,,,,,,,,,,,,,,,,,
1780467681.487762,,,MATCH_REJECT,13,1,13.456110,8.553542,2.789476,,44.398917,37.398771,7.327064,2.871376,4.847249,3.397551,1,2,,,,,,,,,,,,,,,,,,,,,
1780467681.487762,,,NEW_TRACK,14,1,13.456110,8.553542,,,,,,,1.000000,1.000000,1,0,,,,,,,,,,,,,,,,,,,,,
1780467681.487258,,,UI_STATUS_SEND,7,,,,13.578025,193.578025,7.559823,,,,,,378,0,"internal_id=7,ui_id=4",7,4,7,1,-1,61.150000,mono,,,,,,,,,,,,,
1780467681.740242,,,MATCH_ACCEPT,14,0,13.467503,8.271667,13.456110,,8.553542,0.282105,6.745451,1.830301,1.675000,1.675000,1,1,,,,,,,,,,,,,,,,,,,,,
1780467681.740242,,,TargetLost,7,,,,,,,,,,,,,,not_in_valid_tracks,,,,,,,,,,,,,,,,,,,,
1780467682.196384,,,MATCH_ACCEPT,7,0,14.032607,6.928750,13.573476,,7.052091,0.475410,7.605568,2.552379,4.412649,2.101987,377,3,,,,,,,,,,,,,,,,,,,,,
1780467682.196384,,,UI_STATUS_SEND,7,,,,13.777987,193.777987,6.977493,,,,,,378,0,"internal_id=7,ui_id=4",7,4,7,1,-1,38.980000,mono,,,,,,,,,,,,,
1780467682.424402,,,MATCH_ACCEPT,14,0,13.453831,8.271667,13.460963,,8.259627,0.013993,9.818952,3.879301,8.565487,6.483491,1,3,,,,,,,,,,,,,,,,,,,,,
1780467682.424402,,,TargetLost,7,,,,,,,,,,,,,,not_in_valid_tracks,,,,,,,,,,,,,,,,,,,,
1780467682.729428,,,MATCH_ACCEPT,7,0,14.169326,6.919583,13.826535,,6.606282,0.464396,7.676223,2.450816,4.209562,1.796935,377,2,,,,,,,,,,,,,,,,,,,,,
1780467682.729428,,,MATCH_ACCEPT,14,1,13.508519,7.850000,13.456714,,8.217521,0.371155,8.227269,2.818180,5.779359,2.162776,2,1,,,,,,,,,,,,,,,,,,,,,
1780467682.729428,,,UI_STATUS_SEND,7,,,,13.964495,193.964495,6.773864,,,,,,378,0,"internal_id=7,ui_id=4",7,4,7,1,-1,38.980000,mono,,,,,,,,,,,,,
1780467682.960581,,,MATCH_ACCEPT,14,0,13.540420,7.561250,13.486335,,7.909258,0.352185,7.630803,2.420535,4.401545,1.457446,3,1,,,,,,,,,,,,,,,,,,,,,
1780467682.960581,,,TargetLost,7,,,,,,,,,,,,,,not_in_valid_tracks,,,,,,,,,,,,,,,,,,,,
1780467682.960581,,,TargetSwitch,14,,,,,,,,,,,,,,master_lost,,,,,,,,,,,,,,,,,,,,
1780467682.960581,,,UI_STATUS_SEND,14,,,,13.508685,193.508685,7.741307,,,,,,4,0,"internal_id=14,ui_id=5",14,5,14,1,-1,47.250000,mono,,,,,,,,,,,,,
1780467683.330722,,,MATCH_ACCEPT,7,0,14.221735,6.873750,14.048192,,6.455823,0.452526,7.698223,2.465482,4.302078,1.776525,377,2,,,,,,,,,,,,,,,,,,,,,
1780467683.331227,,,MATCH_ACCEPT,14,1,13.654352,7.547500,13.517998,,7.601222,0.146556,7.352519,2.235013,3.759504,1.235777,4,1,,,,,,,,,,,,,,,,,,,,,
1780467683.330722,,,UI_STATUS_SEND,14,,,,13.569211,193.569211,7.577497,,,,,,5,0,"internal_id=14,ui_id=5",14,5,14,1,-1,25.150000,mono,,,,,,,,,,,,,
1780467683.569408,,,MATCH_ACCEPT,7,0,14.233128,6.876042,14.169140,,6.556112,0.326266,7.179361,2.129041,3.318768,1.214047,378,1,,,,,,,,,,,,,,,,,,,,,
1780467683.569408,,,TargetLost,14,,,,,,,,,,,,,,not_in_valid_tracks,,,,,,,,,,,,,,,,,,,,
1780467683.569408,,,TargetSwitch,7,,,,,,,,,,,,,,master_lost,,,,,,,,,,,,,,,,,,,,
1780467683.569408,,,UI_STATUS_SEND,7,,,,14.191449,194.191449,6.696629,,,,,,379,0,"internal_id=7,ui_id=4",7,4,7,1,-1,47.250000,mono,,,,,,,,,,,,,
1780467683.871534,,,MATCH_ACCEPT,7,0,14.295791,6.884062,14.246896,,6.592927,0.295212,6.962636,1.975091,2.867219,1.033764,379,1,,,,,,,,,,,,,,,,,,,,,
1780467683.871534,,,UI_STATUS_SEND,7,,,,14.262273,194.262273,6.708850,,,,,,380,0,"internal_id=7,ui_id=4",7,4,7,1,-1,41.185000,mono,,,,,,,,,,,,,
1780467684.168837,,,MATCH_ACCEPT,7,0,14.419977,6.882917,14.319742,,6.625996,0.275781,6.842786,1.895191,2.627752,0.963996,380,1,,,,,,,,,,,,,,,,,,,,,
1780467684.168837,,,UI_STATUS_SEND,7,,,,14.349411,194.349411,6.724025,,,,,,381,0,"internal_id=7,ui_id=4",7,4,7,1,-1,25.150000,mono,,,,,,,,,,,,,
1780467684.497449,,,MATCH_ACCEPT,7,0,14.262751,6.747708,14.410875,,6.659472,0.172414,6.777394,1.851596,2.491881,0.936527,381,1,,,,,,,,,,,,,,,,,,,,,
1780467684.496945,,,UI_STATUS_SEND,7,,,,14.368652,194.368652,6.692539,,,,,,382,0,"internal_id=7,ui_id=4",7,4,7,1,-1,25.150000,mono,,,,,,,,,,,,,
1780467684.748941,,,MATCH_ACCEPT,7,0,14.269586,6.699583,14.424307,,6.634308,0.167926,6.741972,1.827981,2.414630,0.926885,382,1,,,,,,,,,,,,,,,,,,,,,
1780467684.748941,,,UI_STATUS_SEND,7,,,,14.381190,194.381190,6.658612,,,,,,383,0,"internal_id=7,ui_id=4",7,4,7,1,-1,25.150000,mono,,,,,,,,,,,,,
1780467684.958391,,,MATCH_ACCEPT,7,0,14.123753,6.621667,14.422656,,6.613881,0.299004,6.653866,1.769244,2.263490,0.866735,383,1,,,,,,,,,,,,,,,,,,,,,
1780467684.957857,,,UI_STATUS_SEND,7,,,,14.343186,194.343186,6.616659,,,,,,384,0,"internal_id=7,ui_id=4",7,4,7,1,-1,59.400000,mono,,,,,,,,,,,,,
1780467685.503998,,,MATCH_ACCEPT,7,0,14.167047,6.580417,14.412359,,6.521104,0.252380,6.888310,2.050873,2.924518,1.281562,384,2,,,,,,,,,,,,,,,,,,,,,
1780467685.503998,,,UI_STATUS_SEND,7,,,,14.328292,194.328292,6.549426,,,,,,385,0,"internal_id=7,ui_id=4",7,4,7,1,-1,47.980000,mono,,,,,,,,,,,,,
1780467685.979557,,,MATCH_ACCEPT,7,0,14.185277,6.562083,14.376429,,6.462714,0.215437,7.296860,2.197906,3.351128,1.479665,385,2,,,,,,,,,,,,,,,,,,,,,
1780467685.979557,,,TargetKeep,7,,,,,,,,,,,,,,lock_timer_expired,,,,,,,,,,,,,,,,,,,,
1780467685.979557,,,UI_STATUS_SEND,7,,,,14.309710,194.309710,6.511046,,,,,,386,0,"internal_id=7,ui_id=4",7,4,7,1,-1,43.020000,mono,,,,,,,,,,,,,
1780467686.531983,,,MATCH_ACCEPT,7,0,14.244521,6.573542,14.340914,,6.440666,0.164156,7.460564,2.307043,3.713732,1.608713,386,2,,,,,,,,,,,,,,,,,,,,,
1780467686.531983,,,UI_STATUS_SEND,7,,,,14.304986,194.304986,6.508072,,,,,,387,0,"internal_id=7,ui_id=4",7,4,7,1,-1,49.110000,mono,,,,,,,,,,,,,
1780467686.786562,,,MATCH_ACCEPT,7,0,14.258193,6.568958,14.317419,,6.481001,0.106039,7.107831,2.071887,3.101025,1.191691,387,1,,,,,,,,,,,,,,,,,,,,,
1780467686.786562,,,UI_STATUS_SEND,7,,,,14.297778,194.297778,6.519058,,,,,,388,0,"internal_id=7,ui_id=4",7,4,7,1,-1,49.110000,mono,,,,,,,,,,,,,
1780467687.151754,,,MATCH_ACCEPT,7,0,14.276422,6.585000,14.307609,,6.498713,0.091750,6.924278,1.949518,2.767003,1.033619,388,1,,,,,,,,,,,,,,,,,,,,,
1780467687.151754,,,UI_STATUS_SEND,7,,,,14.298039,194.298039,6.533067,,,,,,389,0,"internal_id=7,ui_id=4",7,4,7,1,-1,49.110000,mono,,,,,,,,,,,,,
1780467687.465253,,,MATCH_REJECT,7,1,8.209558,16.247708,14.306591,,6.518973,11.481381,6.821657,1.881105,2.572632,0.965922,389,1,,,,,,,,,,,,,,,,,,,,,
1780467687.465253,,,MATCH_REJECT,14,0,338.163920,7.542917,13.826151,,5.512558,35.719981,17.881558,9.254372,51.887016,33.756387,0,15,,,,,,,,,,,,,,,,,,,,,
1780467687.465253,,,NEW_TRACK,15,0,338.163920,7.542917,,,,,,,1.000000,1.000000,1,0,,,,,,,,,,,,,,,,,,,,,
1780467687.465253,,,NEW_TRACK,16,1,8.209558,16.247708,,,,,,,1.000000,1.000000,1,0,,,,,,,,,,,,,,,,,,,,,
1780467687.465253,,,TargetLost,7,,,,,,,,,,,,,,not_in_valid_tracks,,,,,,,,,,,,,,,,,,,,
1780467687.680049,,,MATCH_ACCEPT,7,0,14.306045,6.594167,14.313938,,6.506863,0.087660,7.246454,2.164303,3.298857,1.385350,388,2,,,,,,,,,,,,,,,,,,,,,
1780467687.680049,,,UI_STATUS_SEND,7,,,,14.311211,194.311211,6.547892,,,,,,389,0,"internal_id=7,ui_id=4",7,4,7,1,-1,51.980000,mono,,,,,,,,,,,,,
1780467688.242599,,,MATCH_ACCEPT,7,0,14.187555,6.683542,14.326111,,6.535683,0.202633,7.381500,2.280734,3.637799,1.563947,389,2,,,,,,,,,,,,,,,,,,,,,
1780467688.242599,,,MATCH_REJECT,15,2,335.091128,15.337917,338.163920,,7.542917,8.378787,7.326764,3.372909,5.688259,5.688259,0,3,,,,,,,,,,,,,,,,,,,,,
1780467688.242599,,,MATCH_REJECT,16,1,359.865157,16.355417,8.209558,,16.247708,8.345096,7.460064,3.372909,5.688259,5.688259,0,3,,,,,,,,,,,,,,,,,,,,,
1780467688.242599,,,NEW_TRACK,17,1,359.865157,16.355417,,,,,,,1.000000,1.000000,1,0,,,,,,,,,,,,,,,,,,,,,
1780467688.242599,,,NEW_TRACK,18,2,335.091128,15.337917,,,,,,,1.000000,1.000000,1,0,,,,,,,,,,,,,,,,,,,,,
1780467688.242599,,,UI_STATUS_SEND,7,,,,14.274415,194.274415,6.610471,,,,,,390,0,"internal_id=7,ui_id=4",7,4,7,1,-1,97.460000,mono,,,,,,,,,,,,,
1780467688.450288,,,MATCH_ACCEPT,7,0,14.171605,6.543750,14.275595,,6.615801,0.126512,6.048109,1.998206,2.894854,1.097973,390,1,,,,,,,,,,,,,,,,,,,,,
1780467688.450288,,,MATCH_ACCEPT,18,1,335.086571,15.388333,335.091128,,15.337917,0.050622,5.164269,1.721246,1.481343,1.481343,1,1,,,,,,,,,,,,,,,,,,,,,
1780467688.450288,,,UI_STATUS_SEND,7,,,,14.227538,194.227538,6.575029,,,,,,391,0,"internal_id=7,ui_id=4",7,4,7,1,-1,97.460000,mono,,,,,,,,,,,,,
1780467688.730110,,,MATCH_ACCEPT,7,1,14.192113,6.513958,14.222638,,6.574187,0.067522,5.590203,1.692935,2.104864,0.761165,391,1,,,,,,,,,,,,,,,,,,,,,
1780467688.730110,,,MATCH_ACCEPT,18,0,335.086571,15.344792,335.088780,,15.386372,0.041639,5.372915,1.860343,2.176335,1.284541,2,1,,,,,,,,,,,,,,,,,,,,,
1780467688.729605,,,TargetKeep,7,,,,,,,,,,,,,,lock_timer_expired,,,,,,,,,,,,,,,,,,,,
1780467688.729605,,,UI_STATUS_SEND,7,,,,14.210901,194.210901,6.545597,,,,,,392,0,"internal_id=7,ui_id=4",7,4,7,1,-1,47.250000,mono,,,,,,,,,,,,,
1780467688.986851,,,MATCH_ACCEPT,7,0,14.192113,6.472708,14.204367,,6.539133,0.067546,6.353471,1.568981,1.791290,0.670411,392,1,,,,,,,,,,,,,,,,,,,,,
1780467688.986851,,,UI_STATUS_SEND,7,,,,14.201637,194.201637,6.519190,,,,,,393,0,"internal_id=7,ui_id=4",7,4,7,1,-1,47.250000,mono,,,,,,,,,,,,,
1780467689.348625,,,MATCH_ACCEPT,7,0,14.267308,6.534583,14.194699,,6.508504,0.077151,6.477604,1.651736,1.943632,0.784600,393,1,,,,,,,,,,,,,,,,,,,,,
1780467689.348625,,,UI_STATUS_SEND,7,,,,14.211922,194.211922,6.517222,,,,,,394,0,"internal_id=7,ui_id=4",7,4,7,1,-1,47.250000,mono,,,,,,,,,,,,,
1780467689.740833,,,MATCH_ACCEPT,7,0,14.278701,6.550625,14.207599,,6.508382,0.082704,6.569556,1.713037,2.073421,0.861076,394,1,,,,,,,,,,,,,,,,,,,,,
1780467689.740833,,,UI_STATUS_SEND,7,,,,14.225311,194.225311,6.523390,,,,,,395,0,"internal_id=7,ui_id=4",7,4,7,1,-1,47.250000,mono,,,,,,,,,,,,,
1780467690.067372,,,MATCH_ACCEPT,7,0,14.310602,6.555208,14.223685,,6.517655,0.094683,6.629974,1.753316,2.172306,0.901811,395,1,,,,,,,,,,,,,,,,,,,,,
1780467690.067372,,,UI_STATUS_SEND,7,,,,14.246103,194.246103,6.531398,,,,,,396,0,"internal_id=7,ui_id=4",7,4,7,1,-1,47.250000,mono,,,,,,,,,,,,,
1780467690.295722,,,MATCH_ACCEPT,7,0,14.337946,6.555208,14.247712,,6.528690,0.094050,6.628372,1.752248,2.182890,0.887482,396,1,,,,,,,,,,,,,,,,,,,,,
1780467690.295722,,,UI_STATUS_SEND,7,,,,14.271069,194.271069,6.538296,,,,,,397,0,"internal_id=7,ui_id=4",7,4,7,1,-1,47.250000,mono,,,,,,,,,,,,,
1780467690.561203,,,MATCH_ACCEPT,7,0,14.333389,6.613646,14.276326,,6.537233,0.095368,6.661683,1.774455,2.242756,0.905935,397,1,,,,,,,,,,,,,,,,,,,,,
1780467690.560698,,,UI_STATUS_SEND,7,,,,14.291395,194.291395,6.565277,,,,,,398,0,"internal_id=7,ui_id=4",7,4,7,1,-1,55.450000,mono,,,,,,,,,,,,,
1780467690.805614,,,MATCH_ACCEPT,7,0,14.401748,6.527708,14.298736,,6.569631,0.111216,6.563400,1.781600,2.266969,0.907129,398,1,,,,,,,,,,,,,,,,,,,,,
1780467690.805614,,,TargetKeep,7,,,,,,,,,,,,,,lock_timer_expired,,,,,,,,,,,,,,,,,,,,
1780467690.805614,,,UI_STATUS_SEND,7,,,,14.327420,194.327420,6.553624,,,,,,399,0,"internal_id=7,ui_id=4",7,4,7,1,-1,47.250000,mono,,,,,,,,,,,,,
1780467691.058987,,,MATCH_ACCEPT,7,0,14.296930,6.656042,14.339131,,6.554946,0.109550,6.662325,1.774883,2.255762,0.894450,399,1,,,,,,,,,,,,,,,,,,,,,
1780467691.058987,,,UI_STATUS_SEND,7,,,,14.327939,194.327939,6.591750,,,,,,400,0,"internal_id=7,ui_id=4",7,4,7,1,-1,66.350000,mono,,,,,,,,,,,,,
1780467691.292894,,,MATCH_ACCEPT,7,0,14.410863,6.557500,14.337366,,6.599699,0.084750,6.323216,1.766811,2.238372,0.883248,400,1,,,,,,,,,,,,,,,,,,,,,
1780467691.292894,,,UI_STATUS_SEND,7,,,,14.359608,194.359608,6.582544,,,,,,401,0,"internal_id=7,ui_id=4",7,4,7,1,-1,25.150000,mono,,,,,,,,,,,,,
1780467691.545318,,,MATCH_ACCEPT,7,0,14.365290,6.612500,14.372916,,6.587704,0.025942,6.595305,1.730203,2.151540,0.842063,401,1,,,,,,,,,,,,,,,,,,,,,
1780467691.544789,,,UI_STATUS_SEND,7,,,,14.370963,194.370963,6.596387,,,,,,402,0,"internal_id=7,ui_id=4",7,4,7,1,-1,47.250000,mono,,,,,,,,,,,,,
1780467691.931644,,,MATCH_ACCEPT,7,0,14.351618,6.637708,14.383985,,6.603258,0.047270,6.633796,1.755864,2.205173,0.877886,402,1,,,,,,,,,,,,,,,,,,,,,
1780467691.931644,,,UI_STATUS_SEND,7,,,,14.375543,194.375543,6.615651,,,,,,403,0,"internal_id=7,ui_id=4",7,4,7,1,-1,47.250000,mono,,,,,,,,,,,,,
1780467692.211781,,,MATCH_ACCEPT,7,0,14.429092,6.589583,14.387336,,6.624962,0.054728,6.658738,1.772492,2.242959,0.898769,403,1,,,,,,,,,,,,,,,,,,,,,
1780467692.211781,,,UI_STATUS_SEND,7,,,,14.398364,194.398364,6.612043,,,,,,404,0,"internal_id=7,ui_id=4",7,4,7,1,-1,25.150000,mono,,,,,,,,,,,,,
1780467692.479111,,,MATCH_ACCEPT,7,0,14.440485,6.596458,14.411757,,6.618825,0.036408,6.673620,1.782413,2.267748,0.909249,404,1,,,,,,,,,,,,,,,,,,,,,
1780467692.479111,,,UI_STATUS_SEND,7,,,,14.419405,194.419405,6.610597,,,,,,405,0,"internal_id=7,ui_id=4",7,4,7,1,-1,25.150000,mono,,,,,,,,,,,,,
1780467692.874190,,,MATCH_ACCEPT,7,0,14.419977,6.605625,14.433903,,6.615777,0.017234,6.681735,1.787823,2.282766,0.913546,405,1,,,,,,,,,,,,,,,,,,,,,
1780467692.874190,,,TargetKeep,7,,,,,,,,,,,,,,lock_timer_expired,,,,,,,,,,,,,,,,,,,,
1780467692.874190,,,UI_STATUS_SEND,7,,,,14.430178,194.430178,6.612032,,,,,,406,0,"internal_id=7,ui_id=4",7,4,7,1,-1,25.150000,mono,,,,,,,,,,,,,
1780467693.436824,,,MATCH_ACCEPT,7,0,14.406305,6.603333,14.455388,,6.620076,0.051859,7.089920,2.059947,2.939597,1.303784,406,2,,,,,,,,,,,,,,,,,,,,,
1780467693.436319,,,UI_STATUS_SEND,7,,,,14.439687,194.439687,6.612460,,,,,,407,0,"internal_id=7,ui_id=4",7,4,7,1,-1,25.150000,mono,,,,,,,,,,,,,
1780467693.687613,,,MATCH_ACCEPT,7,0,14.319717,6.642292,14.451450,,6.615505,0.134430,6.922919,1.948612,2.703633,1.093458,407,1,,,,,,,,,,,,,,,,,,,,,
1780467693.687613,,,UI_STATUS_SEND,7,,,,14.411672,194.411672,6.626533,,,,,,408,0,"internal_id=7,ui_id=4",7,4,7,1,-1,97.460000,mono,,,,,,,,,,,,,
1780467693.922394,,,MATCH_ACCEPT,7,0,14.506566,6.685833,14.417546,,6.631298,0.104396,5.850261,1.866308,2.508585,0.974519,408,1,,,,,,,,,,,,,,,,,,,,,
1780467693.922394,,,UI_STATUS_SEND,7,,,,14.455538,194.455538,6.660550,,,,,,409,0,"internal_id=7,ui_id=4",7,4,7,1,-1,38.980000,mono,,,,,,,,,,,,,
1780467694.151575,,,MATCH_ACCEPT,7,0,14.611383,6.720208,14.466091,,6.670185,0.153663,6.432563,1.621709,1.922658,0.707282,409,1,,,,,,,,,,,,,,,,,,,,,
1780467694.151575,,,UI_STATUS_SEND,7,,,,14.500272,194.500272,6.685773,,,,,,410,0,"internal_id=7,ui_id=4",7,4,7,1,-1,38.980000,mono,,,,,,,,,,,,,
1780467694.415827,,,MATCH_ACCEPT,7,0,14.353896,6.637708,14.516676,,6.699373,0.174068,6.520205,1.680136,2.027847,0.795011,410,1,,,,,,,,,,,,,,,,,,,,,
1780467694.415827,,,UI_STATUS_SEND,7,,,,14.476799,194.476799,6.678578,,,,,,411,0,"internal_id=7,ui_id=4",7,4,7,1,-1,47.250000,mono,,,,,,,,,,,,,
1780467694.655714,,,MATCH_ACCEPT,7,0,14.365290,6.644583,14.486936,,6.687571,0.129019,6.570453,1.713635,2.092761,0.843785,411,1,,,,,,,,,,,,,,,,,,,,,
1780467694.655714,,,TRACK_DELETE,13,,,,2.882545,,44.350728,,,,1823.479709,1661.835495,0,50,,,,,,,,,,,,,,,,,,,,,
1780467694.655714,,,UI_STATUS_SEND,7,,,,14.456421,194.456421,6.672497,,,,,,412,0,"internal_id=7,ui_id=4",7,4,7,1,-1,47.250000,mono,,,,,,,,,,,,,
1780467694.937732,,,MATCH_ACCEPT,7,0,14.358454,6.644583,14.462480,,6.678814,0.109513,6.622669,1.748446,2.170181,0.886882,412,1,,,,,,,,,,,,,,,,,,,,,
1780467694.937732,,,TargetKeep,7,,,,,,,,,,,,,,lock_timer_expired,,,,,,,,,,,,,,,,,,,,
1780467694.937732,,,UI_STATUS_SEND,7,,,,14.435669,194.435669,6.666420,,,,,,413,0,"internal_id=7,ui_id=4",7,4,7,1,-1,47.250000,mono,,,,,,,,,,,,,
1780467695.150714,,,MATCH_ACCEPT,7,0,14.360732,6.646875,14.437452,,6.669683,0.080039,6.593385,1.728923,2.131758,0.857418,413,1,,,,,,,,,,,,,,,,,,,,,
1780467695.150714,,,UI_STATUS_SEND,7,,,,14.417940,194.417940,6.661602,,,,,,414,0,"internal_id=7,ui_id=4",7,4,7,1,-1,47.250000,mono,,,,,,,,,,,,,
1780467695.481380,,,MATCH_ACCEPT,7,0,14.233128,6.642292,14.417155,,6.663829,0.185282,6.636521,1.757681,2.199074,0.890367,414,1,,,,,,,,,,,,,,,,,,,,,
1780467695.481380,,,UI_STATUS_SEND,7,,,,14.369257,194.369257,6.656011,,,,,,415,0,"internal_id=7,ui_id=4",7,4,7,1,-1,47.250000,mono,,,,,,,,,,,,,
1780467695.833003,,,MATCH_ACCEPT,7,0,14.497451,6.653750,14.361395,,6.656685,0.136088,6.665224,1.776816,2.247789,0.909287,415,1,,,,,,,,,,,,,,,,,,,,,
1780467695.833003,,,UI_STATUS_SEND,7,,,,14.397384,194.397384,6.655605,,,,,,416,0,"internal_id=7,ui_id=4",7,4,7,1,-1,97.460000,mono,,,,,,,,,,,,,
1780467696.839777,,no_packet,TRACK_DELETE,14,,,,14.419215,,0.746284,,,,771.910542,645.111005,0,50,,,,,,,,,,,,,,,,,,,,,
1780467697.308598,,,MATCH_ACCEPT,15,0,336.997253,7.102917,338.163920,,7.542917,1.246881,66.890053,43.081769,928.019391,928.019391,0,37,,,,,,,,,,,,,,,,,,,,,
1780467697.308598,,,TargetLost,7,,,,,,,,,,,,,,not_in_valid_tracks,,,,,,,,,,,,,,,,,,,,
1780467698.256659,,,MATCH_ACCEPT,15,0,337.015482,7.121250,336.872805,,7.055254,0.157202,6.332389,2.709992,4.523315,2.820744,1,4,,,,,,,,,,,,,,,,,,,,,
1780467698.256659,,,TargetLost,7,,,,,,,,,,,,,,not_in_valid_tracks,,,,,,,,,,,,,,,,,,,,
1780467700.077814,,no_packet,TRACK_DELETE,16,,,,8.209558,,16.247708,,,,1688.640200,1688.640200,0,50,,,,,,,,,,,,,,,,,,,,,
1780467700.684863,,no_packet,TRACK_DELETE,17,,,,359.865157,,16.355417,,,,1663.830983,1663.830983,0,50,,,,,,,,,,,,,,,,,,,,,
1780467701.090121,,no_packet,TRACK_DELETE,18,,,,335.041081,,15.271169,,,,1248.997493,989.450227,0,50,,,,,,,,,,,,,,,,,,,,,
1780467701.693621,,,MATCH_ACCEPT,7,0,15.830459,7.212917,14.339827,,6.665932,1.587821,24.610733,14.373289,112.714522,93.876900,414,27,,,,,,,,,,,,,,,,,,,,,
1780467701.693621,,,UI_STATUS_SEND,7,,,,15.787194,195.787194,7.208052,,,,,,415,0,"internal_id=7,ui_id=4",7,4,7,1,-1,55.690000,mono,,,,,,,,,,,,,
1780467702.262482,,,MATCH_ACCEPT,7,0,15.887425,7.084583,15.920197,,7.263860,0.182247,7.532244,2.430696,4.421358,1.486925,415,2,,,,,,,,,,,,,,,,,,,,,
1780467702.262482,,,UI_STATUS_SEND,7,,,,15.906101,195.906101,7.173541,,,,,,416,0,"internal_id=7,ui_id=4",7,4,7,1,-1,97.460000,mono,,,,,,,,,,,,,
1780467703.370278,,,MATCH_ACCEPT,7,0,15.757542,7.148750,16.211376,,7.236170,0.462177,8.225384,3.449723,7.469179,4.431409,416,5,,,,,,,,,,,,,,,,,,,,,
1780467703.370278,,,UI_STATUS_SEND,7,,,,15.898623,195.898623,7.162713,,,,,,417,0,"internal_id=7,ui_id=4",7,4,7,1,-1,59.400000,mono,,,,,,,,,,,,,
1780467708.452744,,,MATCH_ACCEPT,15,0,336.997253,7.185417,336.128426,,7.070461,0.876399,49.407310,31.426607,538.900470,448.731144,0,48,,,,,,,,,,,,,,,,,,,,,
1780467708.452744,,,TargetLost,7,,,,,,,,,,,,,,not_in_valid_tracks,,,,,,,,,,,,,,,,,,,,
1780467708.993199,,,MATCH_ACCEPT,15,0,336.988139,7.167083,337.005770,,7.190395,0.029228,5.263482,1.997388,2.779393,1.210166,1,2,,,,,,,,,,,,,,,,,,,,,
1780467708.993199,,,TargetLost,7,,,,,,,,,,,,,,not_in_valid_tracks,,,,,,,,,,,,,,,,,,,,
1780467709.319618,,,MATCH_ACCEPT,15,0,336.988139,7.162500,336.999991,,7.171493,0.014879,4.576985,1.539723,1.663280,0.707467,2,1,,,,,,,,,,,,,,,,,,,,,
1780467709.319618,,,TargetLost,7,,,,,,,,,,,,,,not_in_valid_tracks,,,,,,,,,,,,,,,,,,,,
1780467709.319618,,,TargetSwitch,15,,,,,,,,,,,,,,master_lost,,,,,,,,,,,,,,,,,,,,
1780467709.319618,,,UI_STATUS_SEND,15,,,,336.994381,156.994381,7.166056,,,,,,3,0,"internal_id=15,ui_id=6",15,6,15,1,-1,173.260000,mono,,,,,,,,,,,,,
1780467710.546637,,,MATCH_ACCEPT,7,0,30.419292,23.044792,16.842450,,7.240131,20.835497,33.824082,20.008055,222.499228,177.823028,414,34,,,,,,,,,,,,,,,,,,,,,
1780467710.546637,,,TargetLost,15,,,,,,,,,,,,,,not_in_valid_tracks,,,,,,,,,,,,,,,,,,,,
1780467710.546637,,,TargetSwitch,7,,,,,,,,,,,,,,master_lost,,,,,,,,,,,,,,,,,,,,
1780467710.546637,,,UI_STATUS_SEND,7,,,,30.085429,210.085429,22.921130,,,,,,415,0,"internal_id=7,ui_id=4",7,4,7,1,-1,173.260000,mono,,,,,,,,,,,,,
1780467711.080462,,,MATCH_ACCEPT,7,0,30.421570,23.044792,31.165547,,24.218995,1.390056,6.787948,3.013699,6.913864,2.168517,415,2,,,,,,,,,,,,,,,,,,,,,
1780467711.080462,,,MATCH_REJECT,15,1,41.231126,13.354583,337.018964,,7.140702,64.512123,8.900988,4.422392,11.953946,7.603606,2,8,,,,,,,,,,,,,,,,,,,,,
1780467711.080462,,,NEW_TRACK,19,1,41.231126,13.354583,,,,,,,1.000000,1.000000,1,0,,,,,,,,,,,,,,,,,,,,,
1780467711.080462,,,UI_STATUS_SEND,7,,,,30.578673,210.578673,23.251275,,,,,,416,0,"internal_id=7,ui_id=4",7,4,7,1,-1,168.570000,mono,,,,,,,,,,,,,
1780467711.604679,,,MATCH_ACCEPT,7,0,30.414734,23.047083,31.583440,,24.297518,1.711566,5.133254,1.879303,2.440865,1.090913,416,2,,,,,,,,,,,,,,,,,,,,,
1780467711.604679,,,UI_STATUS_SEND,7,,,,30.930512,210.930512,23.430285,,,,,,417,0,"internal_id=7,ui_id=4",7,4,7,1,-1,173.260000,mono,,,,,,,,,,,,,
1780467714.630617,,,MATCH_REJECT,19,0,15.531956,8.019583,41.231126,,13.354583,26.247087,25.829885,15.708323,123.375710,123.375710,0,16,,,,,,,,,,,,,,,,,,,,,
1780467714.631122,,,NEW_TRACK,20,0,15.531956,8.019583,,,,,,,1.000000,1.000000,1,0,,,,,,,,,,,,,,,,,,,,,
1780467714.630617,,,TargetLost,7,,,,,,,,,,,,,,not_in_valid_tracks,,,,,,,,,,,,,,,,,,,,
1780467715.042753,,,MATCH_ACCEPT,20,0,15.536514,8.012708,15.531956,,8.019583,0.008248,6.604988,2.369459,2.807168,2.807168,1,2,,,,,,,,,,,,,,,,,,,,,
1780467715.042753,,,TargetLost,7,,,,,,,,,,,,,,not_in_valid_tracks,,,,,,,,,,,,,,,,,,,,
1780467715.373166,,,MATCH_ACCEPT,20,0,15.463597,8.037917,15.534795,,8.012335,0.075655,6.310645,2.173230,3.191393,1.531535,2,1,,,,,,,,,,,,,,,,,,,,,
1780467715.373166,,,TargetLost,7,,,,,,,,,,,,,,not_in_valid_tracks,,,,,,,,,,,,,,,,,,,,
1780467715.373166,,,TargetSwitch,20,,,,,,,,,,,,,,master_lost,,,,,,,,,,,,,,,,,,,,
1780467715.373166,,,UI_STATUS_SEND,20,,,,15.500161,195.500161,8.028839,,,,,,3,0,"internal_id=20,ui_id=7",20,7,20,1,-1,74.250000,mono,,,,,,,,,,,,,
1780467715.623081,,,MATCH_ACCEPT,20,0,15.445368,8.042500,15.489621,,8.033272,0.045205,6.629874,2.076583,3.080537,1.231658,3,1,,,,,,,,,,,,,,,,,,,,,
1780467715.623081,,,UI_STATUS_SEND,20,,,,15.472027,195.472027,8.038011,,,,,,4,0,"internal_id=20,ui_id=7",20,7,20,1,-1,74.250000,mono,,,,,,,,,,,,,
1780467715.836316,,,MATCH_ACCEPT,20,0,15.465876,8.037917,15.458860,,8.043197,0.008781,6.543491,2.018994,2.960315,1.116021,4,1,,,,,,,,,,,,,,,,,,,,,
1780467715.836316,,,UI_STATUS_SEND,20,,,,15.461583,195.461583,8.040616,,,,,,5,0,"internal_id=20,ui_id=7",20,7,20,1,-1,74.250000,mono,,,,,,,,,,,,,
1780467716.078227,,,MATCH_ACCEPT,20,0,15.522842,8.017292,15.447286,,8.045741,0.080734,6.496471,1.987647,2.886496,1.064246,5,1,,,,,,,,,,,,,,,,,,,,,
1780467716.078227,,,UI_STATUS_SEND,20,,,,15.476156,195.476156,8.032171,,,,,,6,0,"internal_id=20,ui_id=7",20,7,20,1,-1,47.250000,mono,,,,,,,,,,,,,
1780467716.594465,,,MATCH_ACCEPT,20,0,15.536514,8.012708,15.460630,,8.035170,0.079138,7.441001,2.294001,3.754121,1.508319,6,2,,,,,,,,,,,,,,,,,,,,,
1780467716.594465,,,UI_STATUS_SEND,20,,,,15.489106,195.489106,8.024137,,,,,,7,0,"internal_id=20,ui_id=7",20,7,20,1,-1,47.250000,mono,,,,,,,,,,,,,
1780467716.803526,,,MATCH_ACCEPT,20,0,15.550185,8.008125,15.486098,,8.023521,0.065911,7.119615,2.079743,3.171992,1.153340,7,1,,,,,,,,,,,,,,,,,,,,,
1780467716.803526,,,UI_STATUS_SEND,20,,,,15.507674,195.507674,8.016983,,,,,,8,0,"internal_id=20,ui_id=7",20,7,20,1,-1,47.250000,mono,,,,,,,,,,,,,
1780467717.196250,,,MATCH_ACCEPT,20,0,15.459040,8.047083,15.507598,,8.014914,0.058247,7.003807,2.002538,2.952252,1.057907,8,1,,,,,,,,,,,,,,,,,,,,,
1780467717.196250,,,UI_STATUS_SEND,20,,,,15.492019,195.492019,8.027901,,,,,,9,0,"internal_id=20,ui_id=7",20,7,20,1,-1,71.690000,mono,,,,,,,,,,,,,
1780467717.846906,,,MATCH_ACCEPT,20,0,15.449925,8.047083,15.485576,,8.029199,0.039886,7.377259,2.540706,4.501473,1.953715,9,3,,,,,,,,,,,,,,,,,,,,,
1780467717.846906,,,TargetKeep,20,,,,,,,,,,,,,,lock_timer_expired,,,,,,,,,,,,,,,,,,,,
1780467717.846906,,,UI_STATUS_SEND,20,,,,15.468367,195.468367,8.040257,,,,,,10,0,"internal_id=20,ui_id=7",20,7,20,1,-1,71.690000,mono,,,,,,,,,,,,,
1780467718.354983,,,MATCH_ACCEPT,20,0,15.459040,8.042500,15.459693,,8.044644,0.002242,7.071451,2.336834,3.901976,1.558817,10,2,,,,,,,,,,,,,,,,,,,,,
1780467718.354983,,,UI_STATUS_SEND,20,,,,15.459401,195.459401,8.043435,,,,,,11,0,"internal_id=20,ui_id=7",20,7,20,1,-1,74.250000,mono,,,,,,,,,,,,,
1780467718.842139,,,MATCH_ACCEPT,20,0,15.452204,8.051667,15.450651,,8.047447,0.004496,6.882190,2.244794,3.593907,1.445191,11,2,,,,,,,,,,,,,,,,,,,,,
1780467718.842139,,,UI_STATUS_SEND,20,,,,15.451327,195.451327,8.049782,,,,,,12,0,"internal_id=20,ui_id=7",20,7,20,1,-1,71.690000,mono,,,,,,,,,,,,,
1780467719.093690,,,MATCH_ACCEPT,20,0,15.447646,8.056250,15.446579,,8.052411,0.003985,6.448478,1.921519,2.699195,0.993040,12,1,,,,,,,,,,,,,,,,,,,,,
1780467719.093690,,,UI_STATUS_SEND,20,,,,15.446962,195.446962,8.054145,,,,,,13,0,"internal_id=20,ui_id=7",20,7,20,1,-1,71.690000,mono,,,,,,,,,,,,,
1780467719.356751,,,MATCH_ACCEPT,20,0,15.459040,8.051667,15.442264,,8.057094,0.017631,6.244987,1.785858,2.327230,0.862058,13,1,,,,,,,,,,,,,,,,,,,,,
1780467719.356751,,,UI_STATUS_SEND,20,,,,15.447724,195.447724,8.054832,,,,,,14,0,"internal_id=20,ui_id=7",20,7,20,1,-1,74.250000,mono,,,,,,,,,,,,,
1780467719.588414,,,MATCH_ACCEPT,20,0,15.459040,8.051667,15.444070,,8.057154,0.015943,6.060759,1.697173,2.091723,0.788672,14,1,,,,,,,,,,,,,,,,,,,,,
1780467719.587909,,,UI_STATUS_SEND,20,,,,15.448702,195.448702,8.054941,,,,,,15,0,"internal_id=20,ui_id=7",20,7,20,1,-1,74.250000,mono,,,,,,,,,,,,,
1780467719.853494,,,MATCH_ACCEPT,20,0,15.474990,8.049375,15.445406,,8.057009,0.030553,6.009067,1.662712,1.990427,0.774182,15,1,,,,,,,,,,,,,,,,,,,,,
1780467719.852989,,,UI_STATUS_SEND,20,,,,15.454250,195.454250,8.053965,,,,,,16,0,"internal_id=20,ui_id=7",20,7,20,1,-1,90.390000,mono,,,,,,,,,,,,,
1780467720.167665,,,MATCH_ACCEPT,20,0,15.479547,8.049375,15.452250,,8.055406,0.027956,5.662996,1.647197,1.941611,0.771648,16,1,,,,,,,,,,,,,,,,,,,,,
1780467720.167665,,,TargetKeep,20,,,,,,,,,,,,,,lock_timer_expired,,,,,,,,,,,,,,,,,,,,
1780467720.167665,,,UI_STATUS_SEND,20,,,,15.461574,195.461574,8.052680,,,,,,17,0,"internal_id=20,ui_id=7",20,7,20,1,-1,90.390000,mono,,,,,,,,,,,,,
1780467720.413551,,,MATCH_ACCEPT,20,0,15.479547,8.049375,15.460985,,8.053541,0.019024,5.561028,1.579218,1.788113,0.705818,17,1,,,,,,,,,,,,,,,,,,,,,
1780467720.413551,,,UI_STATUS_SEND,20,,,,15.466987,195.466987,8.051749,,,,,,18,0,"internal_id=20,ui_id=7",20,7,20,1,-1,90.390000,mono,,,,,,,,,,,,,
1780467720.712759,,,MATCH_ACCEPT,20,0,15.459040,8.051667,15.467312,,8.052246,0.008292,5.515639,1.548959,1.716167,0.683107,18,1,,,,,,,,,,,,,,,,,,,,,
1780467720.712759,,,UI_STATUS_SEND,20,,,,15.464711,195.464711,8.052002,,,,,,19,0,"internal_id=20,ui_id=7",20,7,20,1,-1,82.070000,mono,,,,,,,,,,,,,
1780467720.950340,,,MATCH_ACCEPT,20,0,15.488662,8.026458,15.464631,,8.052424,0.035380,5.639649,1.520699,1.652887,0.659640,19,1,,,,,,,,,,,,,,,,,,,,,
1780467720.950340,,,UI_STATUS_SEND,20,,,,15.471410,195.471410,8.042416,,,,,,20,0,"internal_id=20,ui_id=7",20,7,20,1,-1,47.250000,mono,,,,,,,,,,,,,
1780467721.152956,,no_packet,TRACK_DELETE,15,,,,337.155648,,6.999734,,,,729.771437,611.214327,0,50,,,,,,,,,,,,,,,,,,,,,
1780467721.358125,,,MATCH_ACCEPT,20,0,15.463597,8.051667,15.473036,,8.039634,0.015293,6.638676,1.759118,2.133959,0.960536,20,2,,,,,,,,,,,,,,,,,,,,,
1780467721.358125,,,UI_STATUS_SEND,20,,,,15.470633,195.470633,8.044215,,,,,,21,0,"internal_id=20,ui_id=7",20,7,20,1,-1,77.970000,mono,,,,,,,,,,,,,
1780467721.617607,,,MATCH_ACCEPT,20,0,15.463597,8.051667,15.471253,,8.043449,0.011231,6.121936,1.787558,2.235689,0.959673,21,1,,,,,,,,,,,,,,,,,,,,,
1780467721.617607,,,UI_STATUS_SEND,20,,,,15.468691,195.468691,8.047257,,,,,,22,0,"internal_id=20,ui_id=7",20,7,20,1,-1,77.970000,mono,,,,,,,,,,,,,
1780467721.853809,,,MATCH_ACCEPT,20,0,15.459040,8.047083,15.468903,,8.047256,0.009865,5.981725,1.694084,2.051166,0.818753,22,1,,,,,,,,,,,,,,,,,,,,,
1780467721.853809,,,UI_STATUS_SEND,20,,,,15.465789,195.465789,8.047183,,,,,,23,0,"internal_id=20,ui_id=7",20,7,20,1,-1,74.250000,mono,,,,,,,,,,,,,
1780467722.101774,,,MATCH_ACCEPT,20,0,15.477269,8.026458,15.465538,,8.047168,0.023801,5.997099,1.654733,1.965433,0.772707,23,1,,,,,,,,,,,,,,,,,,,,,
1780467722.101774,,,TargetKeep,20,,,,,,,,,,,,,,lock_timer_expired,,,,,,,,,,,,,,,,,,,,
1780467722.101774,,,UI_STATUS_SEND,20,,,,15.469014,195.469014,8.038918,,,,,,24,0,"internal_id=20,ui_id=7",20,7,20,1,-1,47.250000,mono,,,,,,,,,,,,,
1780467722.360651,,,MATCH_ACCEPT,20,0,15.454482,8.044792,15.469294,,8.037213,0.016638,6.469840,1.646560,1.942618,0.768542,24,1,,,,,,,,,,,,,,,,,,,,,
1780467722.360651,,,UI_STATUS_SEND,20,,,,15.465782,195.465782,8.039711,,,,,,25,0,"internal_id=20,ui_id=7",20,7,20,1,-1,74.250000,mono,,,,,,,,,,,,,
1780467722.598922,,,MATCH_ACCEPT,20,0,15.445368,8.056250,15.465536,,8.038577,0.026815,6.056545,1.694363,2.044214,0.826652,25,1,,,,,,,,,,,,,,,,,,,,,
1780467722.598922,,,UI_STATUS_SEND,20,,,,15.459393,195.459393,8.045905,,,,,,26,0,"internal_id=20,ui_id=7",20,7,20,1,-1,74.250000,mono,,,,,,,,,,,,,
1780467722.919722,,,MATCH_ACCEPT,20,0,15.511448,8.035625,15.458202,,8.046206,0.054287,6.017313,1.668208,1.988882,0.794037,26,1,,,,,,,,,,,,,,,,,,,,,
1780467722.919722,,,UI_STATUS_SEND,20,,,,15.474111,195.474111,8.041922,,,,,,27,0,"internal_id=20,ui_id=7",20,7,20,1,-1,47.250000,mono,,,,,,,,,,,,,
1780467723.152566,,,MATCH_ACCEPT,20,0,15.518284,8.040208,15.475245,,8.041390,0.043055,6.449072,1.632714,1.910399,0.755357,27,1,,,,,,,,,,,,,,,,,,,,,
1780467723.152566,,,TRACK_DELETE,19,,,,41.231126,,13.354583,,,,1696.165694,1696.165694,0,50,,,,,,,,,,,,,,,,,,,,,
1780467723.152062,,,UI_STATUS_SEND,20,,,,15.485321,195.485321,8.041005,,,,,,28,0,"internal_id=20,ui_id=7",20,7,20,1,-1,47.250000,mono,,,,,,,,,,,,,
1780467723.455015,,,MATCH_ACCEPT,20,0,15.445368,8.037917,15.488070,,8.040355,0.042771,6.543650,1.695767,2.043709,0.831916,28,1,,,,,,,,,,,,,,,,,,,,,
1780467723.455015,,,UI_STATUS_SEND,20,,,,15.477547,195.477547,8.039508,,,,,,29,0,"internal_id=20,ui_id=7",20,7,20,1,-1,82.070000,mono,,,,,,,,,,,,,
1780467723.722060,,,MATCH_ACCEPT,20,0,15.513727,8.035625,15.478707,,8.038685,0.035154,5.965839,1.738159,2.142834,0.878364,29,1,,,,,,,,,,,,,,,,,,,,,
1780467723.722060,,,TRACK_DELETE,7,,,,51.352128,,39.232636,,,,732.036774,637.264283,387,50,,,,,,,,,,,,,,,,,,,,,
1780467723.722060,,,UI_STATUS_SEND,20,,,,15.490525,195.490525,8.037293,,,,,,30,0,"internal_id=20,ui_id=7",20,7,20,1,-1,47.250000,mono,,,,,,,,,,,,,
1780467724.244549,,,MATCH_ACCEPT,20,0,15.493219,8.028750,15.495854,,8.035289,0.007049,6.896114,1.930743,2.583366,1.144401,30,2,,,,,,,,,,,,,,,,,,,,,
1780467724.244549,,,TargetKeep,20,,,,,,,,,,,,,,lock_timer_expired,,,,,,,,,,,,,,,,,,,,
1780467724.244549,,,UI_STATUS_SEND,20,,,,15.495083,195.495083,8.032524,,,,,,31,0,"internal_id=20,ui_id=7",20,7,20,1,-1,47.250000,mono,,,,,,,,,,,,,
1780467724.472618,,,MATCH_ACCEPT,20,0,15.486383,8.026458,15.497650,,8.031034,0.012160,6.783281,1.855521,2.442583,1.000375,31,1,,,,,,,,,,,,,,,,,,,,,
1780467724.472618,,,UI_STATUS_SEND,20,,,,15.494484,195.494484,8.029248,,,,,,32,0,"internal_id=20,ui_id=7",20,7,20,1,-1,47.250000,mono,,,,,,,,,,,,,
1780467724.727277,,,MATCH_ACCEPT,20,0,15.481826,8.032187,15.496841,,8.027275,0.015798,6.750546,1.833697,2.403336,0.959110,32,1,,,,,,,,,,,,,,,,,,,,,
1780467724.727277,,,UI_STATUS_SEND,20,,,,15.492671,195.492671,8.029143,,,,,,33,0,"internal_id=20,ui_id=7",20,7,20,1,-1,60.750000,mono,,,,,,,,,,,,,
1780467725.019309,,,MATCH_ACCEPT,20,0,15.545628,8.040208,15.494431,,8.027527,0.052745,6.514282,1.819522,2.372849,0.937810,33,1,,,,,,,,,,,,,,,,,,,,,
1780467725.019309,,,UI_STATUS_SEND,20,,,,15.509822,195.509822,8.032658,,,,,,34,0,"internal_id=20,ui_id=7",20,7,20,1,-1,47.250000,mono,,,,,,,,,,,,,
1780467725.286161,,,MATCH_ACCEPT,20,0,15.484105,8.035625,15.513777,,8.032026,0.029890,6.665815,1.777210,2.270847,0.887629,34,1,,,,,,,,,,,,,,,,,,,,,
1780467725.286161,,,UI_STATUS_SEND,20,,,,15.505870,195.505870,8.033330,,,,,,35,0,"internal_id=20,ui_id=7",20,7,20,1,-1,47.250000,mono,,,,,,,,,,,,,
1780467725.505368,,,MATCH_ACCEPT,20,0,15.490941,8.040208,15.508347,,8.032998,0.018840,6.623803,1.749202,2.200915,0.858793,35,1,,,,,,,,,,,,,,,,,,,,,
1780467725.505368,,,UI_STATUS_SEND,20,,,,15.503813,195.503813,8.035555,,,,,,36,0,"internal_id=20,ui_id=7",20,7,20,1,-1,47.250000,mono,,,,,,,,,,,,,
1780467725.807546,,,MATCH_ACCEPT,20,0,15.447646,8.024167,15.505989,,8.035674,0.059467,6.649125,1.766083,2.232888,0.886162,36,1,,,,,,,,,,,,,,,,,,,,,
1780467725.807546,,,UI_STATUS_SEND,20,,,,15.490632,195.490632,8.031510,,,,,,37,0,"internal_id=20,ui_id=7",20,7,20,1,-1,74.250000,mono,,,,,,,,,,,,,
1780467726.046345,,,MATCH_ACCEPT,20,0,15.440810,8.019583,15.490595,,8.030841,0.051041,6.163672,1.765781,2.229590,0.888393,37,1,,,,,,,,,,,,,,,,,,,,,
1780467726.046345,,,TargetKeep,20,,,,,,,,,,,,,,lock_timer_expired,,,,,,,,,,,,,,,,,,,,
1780467726.046345,,,UI_STATUS_SEND,20,,,,15.474502,195.474502,8.025975,,,,,,38,0,"internal_id=20,ui_id=7",20,7,20,1,-1,74.250000,mono,,,,,,,,,,,,,
1780467726.335451,,,MATCH_ACCEPT,20,0,15.509170,8.021875,15.472137,,8.024319,0.037114,6.068691,1.702461,2.081590,0.816782,38,1,,,,,,,,,,,,,,,,,,,,,
1780467726.335451,,,UI_STATUS_SEND,20,,,,15.483558,195.483558,8.023313,,,,,,39,0,"internal_id=20,ui_id=7",20,7,20,1,-1,47.250000,mono,,,,,,,,,,,,,
1780467726.562797,,,MATCH_ACCEPT,20,0,15.522842,8.021875,15.482927,,8.021624,0.039915,6.465047,1.643365,1.943252,0.757396,39,1,,,,,,,,,,,,,,,,,,,,,
1780467726.562797,,,UI_STATUS_SEND,20,,,,15.492394,195.492394,8.021706,,,,,,40,0,"internal_id=20,ui_id=7",20,7,20,1,-1,47.250000,mono,,,,,,,,,,,,,
1780467726.820797,,,MATCH_ACCEPT,20,0,15.511448,8.017292,15.493104,,8.019865,0.018524,6.550911,1.700608,2.059651,0.832415,40,1,,,,,,,,,,,,,,,,,,,,,
1780467726.820797,,,UI_STATUS_SEND,20,,,,15.497651,195.497651,8.018971,,,,,,41,0,"internal_id=20,ui_id=7",20,7,20,1,-1,47.250000,mono,,,,,,,,,,,,,
1780467727.095252,,,MATCH_ACCEPT,20,0,15.504613,8.012708,15.499040,,8.016949,0.007002,6.611027,1.740685,2.150377,0.879606,41,1,,,,,,,,,,,,,,,,,,,,,
1780467727.095252,,,UI_STATUS_SEND,20,,,,15.500466,195.500466,8.015421,,,,,,42,0,"internal_id=20,ui_id=7",20,7,20,1,-1,97.460000,mono,,,,,,,,,,,,,
1780467727.534140,,,MATCH_ACCEPT,20,0,15.429417,8.026458,15.503277,,8.011334,0.075393,6.086175,2.023584,2.821613,1.273278,42,2,,,,,,,,,,,,,,,,,,,,,
1780467727.534140,,,UI_STATUS_SEND,20,,,,15.469614,195.469614,8.020437,,,,,,43,0,"internal_id=20,ui_id=7",20,7,20,1,-1,77.970000,mono,,,,,,,,,,,,,
1780467727.771397,,,MATCH_ACCEPT,20,0,15.381566,8.033333,15.466533,,8.019858,0.086030,5.986140,1.697027,2.084031,0.795869,43,1,,,,,,,,,,,,,,,,,,,,,
1780467727.771397,,,UI_STATUS_SEND,20,,,,15.439414,195.439414,8.025481,,,,,,44,0,"internal_id=20,ui_id=7",20,7,20,1,-1,77.970000,mono,,,,,,,,,,,,,
1780467728.063376,,,MATCH_ACCEPT,20,0,15.438532,8.042500,15.432211,,8.025974,0.017694,5.917885,1.651524,1.968612,0.758918,44,1,,,,,,,,,,,,,,,,,,,,,
1780467728.063376,,,TargetKeep,20,,,,,,,,,,,,,,lock_timer_expired,,,,,,,,,,,,,,,,,,,,
1780467728.063376,,,UI_STATUS_SEND,20,,,,15.434151,195.434151,8.032680,,,,,,45,0,"internal_id=20,ui_id=7",20,7,20,1,-1,77.970000,mono,,,,,,,,,,,,,
1780467728.366733,,,MATCH_ACCEPT,20,0,15.504613,8.008125,15.427236,,8.034535,0.081759,5.883525,1.628617,1.905044,0.747349,45,1,,,,,,,,,,,,,,,,,,,,,
1780467728.366733,,,UI_STATUS_SEND,20,,,,15.450448,195.450448,8.023916,,,,,,46,0,"internal_id=20,ui_id=7",20,7,20,1,-1,47.250000,mono,,,,,,,,,,,,,
1780467728.686105,,,MATCH_ACCEPT,20,0,15.436253,8.035625,15.447039,,8.023573,0.016174,6.425806,1.617204,1.870749,0.744599,46,1,,,,,,,,,,,,,,,,,,,,,
1780467728.686105,,,UI_STATUS_SEND,20,,,,15.444555,195.444555,8.027463,,,,,,47,0,"internal_id=20,ui_id=7",20,7,20,1,-1,82.070000,mono,,,,,,,,,,,,,
1780467728.937936,,,MATCH_ACCEPT,20,0,15.399795,8.049375,15.440767,,8.027931,0.046244,5.888989,1.686926,2.016417,0.829301,47,1,,,,,,,,,,,,,,,,,,,,,
1780467728.937936,,,UI_STATUS_SEND,20,,,,15.427491,195.427491,8.037385,,,,,,48,0,"internal_id=20,ui_id=7",20,7,20,1,-1,82.070000,mono,,,,,,,,,,,,,
1780467729.296585,,,MATCH_ACCEPT,20,0,15.445368,8.033333,15.421683,,8.039790,0.024549,5.813021,1.636281,1.911852,0.765562,48,1,,,,,,,,,,,,,,,,,,,,,
1780467729.296585,,,UI_STATUS_SEND,20,,,,15.429084,195.429084,8.037070,,,,,,49,0,"internal_id=20,ui_id=7",20,7,20,1,-1,77.970000,mono,,,,,,,,,,,,,
1780467729.574079,,,MATCH_ACCEPT,20,0,15.468154,8.005833,15.424405,,8.038917,0.054850,5.851613,1.607342,1.848025,0.735524,49,1,,,,,,,,,,,,,,,,,,,,,
1780467729.574079,,,UI_STATUS_SEND,20,,,,15.437252,195.437252,8.025741,,,,,,50,0,"internal_id=20,ui_id=7",20,7,20,1,-1,97.460000,mono,,,,,,,,,,,,,
1780467729.823762,,,MATCH_ACCEPT,20,0,15.477269,7.992083,15.434544,,8.024873,0.053856,5.456831,1.604021,1.837215,0.735667,50,1,,,,,,,,,,,,,,,,,,,,,
1780467729.823762,,,TargetKeep,20,,,,,,,,,,,,,,lock_timer_expired,,,,,,,,,,,,,,,,,,,,
1780467729.823762,,,UI_STATUS_SEND,20,,,,15.449621,195.449621,8.009586,,,,,,51,0,"internal_id=20,ui_id=7",20,7,20,1,-1,97.460000,mono,,,,,,,,,,,,,
1780467730.113472,,,MATCH_ACCEPT,20,0,15.443089,8.028750,15.449228,,8.005556,0.023993,5.349283,1.532322,1.684177,0.663834,51,1,,,,,,,,,,,,,,,,,,,,,
1780467730.113472,,,UI_STATUS_SEND,20,,,,15.447182,195.447182,8.015779,,,,,,52,0,"internal_id=20,ui_id=7",20,7,20,1,-1,77.970000,mono,,,,,,,,,,,,,
1780467730.384076,,,MATCH_ACCEPT,20,0,15.440810,8.028750,15.446470,,8.013903,0.015889,5.684341,1.495827,1.601470,0.636029,52,1,,,,,,,,,,,,,,,,,,,,,
1780467730.384076,,,UI_STATUS_SEND,20,,,,15.444971,195.444971,8.019307,,,,,,53,0,"internal_id=20,ui_id=7",20,7,20,1,-1,77.970000,mono,,,,,,,,,,,,,
1780467730.670208,,,MATCH_ACCEPT,20,0,15.504613,8.003542,15.444022,,8.018592,0.062432,5.749269,1.539113,1.680613,0.688254,53,1,,,,,,,,,,,,,,,,,,,,,
1780467730.670208,,,UI_STATUS_SEND,20,,,,15.460644,195.460644,8.012836,,,,,,54,0,"internal_id=20,ui_id=7",20,7,20,1,-1,47.250000,mono,,,,,,,,,,,,,
1780467730.926139,,,MATCH_ACCEPT,20,0,15.518284,7.996667,15.462335,,8.010892,0.057730,6.350381,1.566921,1.738168,0.717073,54,1,,,,,,,,,,,,,,,,,,,,,
1780467730.926139,,,UI_STATUS_SEND,20,,,,15.474509,195.474509,8.006417,,,,,,55,0,"internal_id=20,ui_id=7",20,7,20,1,-1,47.250000,mono,,,,,,,,,,,,,
1780467731.219540,,,MATCH_ACCEPT,20,0,15.497777,8.012708,15.478125,,8.003529,0.021690,6.481382,1.654255,1.924571,0.811988,55,1,,,,,,,,,,,,,,,,,,,,,
1780467731.219540,,,UI_STATUS_SEND,20,,,,15.482752,195.482752,8.006668,,,,,,56,0,"internal_id=20,ui_id=7",20,7,20,1,-1,47.250000,mono,,,,,,,,,,,,,
1780467731.476952,,,MATCH_ACCEPT,20,0,15.463597,8.008125,15.487088,,8.004424,0.023781,6.568863,1.712576,2.065289,0.867626,56,1,,,,,,,,,,,,,,,,,,,,,
1780467731.476952,,,UI_STATUS_SEND,20,,,,15.481253,195.481253,8.005746,,,,,,57,0,"internal_id=20,ui_id=7",20,7,20,1,-1,47.250000,mono,,,,,,,,,,,,,
1780467731.786915,,,MATCH_ACCEPT,20,0,15.500055,8.021875,15.484700,,8.003766,0.023742,6.622679,1.748453,2.162088,0.894999,57,1,,,,,,,,,,,,,,,,,,,,,
1780467731.786915,,,TargetKeep,20,,,,,,,,,,,,,,lock_timer_expired,,,,,,,,,,,,,,,,,,,,
1780467731.786915,,,UI_STATUS_SEND,20,,,,15.488647,195.488647,8.010361,,,,,,58,0,"internal_id=20,ui_id=7",20,7,20,1,-1,47.250000,mono,,,,,,,,,,,,,
1780467732.081514,,,MATCH_ACCEPT,20,0,15.509170,8.012708,15.492683,,8.009676,0.016763,6.653441,1.768960,2.223055,0.906166,58,1,,,,,,,,,,,,,,,,,,,,,
1780467732.081514,,,UI_STATUS_SEND,20,,,,15.497009,195.497009,8.010789,,,,,,59,0,"internal_id=20,ui_id=7",20,7,20,1,-1,47.250000,mono,,,,,,,,,,,,,
1780467732.424026,,,MATCH_ACCEPT,20,0,15.502334,8.017292,15.501681,,8.010319,0.007004,6.669714,1.779809,2.258086,0.909634,59,1,,,,,,,,,,,,,,,,,,,,,
1780467732.424026,,,UI_STATUS_SEND,20,,,,15.501854,195.501854,8.012884,,,,,,60,0,"internal_id=20,ui_id=7",20,7,20,1,-1,47.250000,mono,,,,,,,,,,,,,
1780467732.683090,,,MATCH_ACCEPT,20,0,15.463597,8.012708,15.506551,,8.012908,0.042955,6.677530,1.785020,2.276112,0.910186,60,1,,,,,,,,,,,,,,,,,,,,,
1780467732.683090,,,UI_STATUS_SEND,20,,,,15.495084,195.495084,8.012834,,,,,,61,0,"internal_id=20,ui_id=7",20,7,20,1,-1,47.250000,mono,,,,,,,,,,,,,
1780467732.959381,,,MATCH_ACCEPT,20,0,15.433974,8.033333,15.498135,,8.012844,0.067352,6.680791,1.787194,2.283999,0.910064,61,1,,,,,,,,,,,,,,,,,,,,,
1780467732.959381,,,UI_STATUS_SEND,20,,,,15.480963,195.480963,8.020385,,,,,,62,0,"internal_id=20,ui_id=7",20,7,20,1,-1,71.690000,mono,,,,,,,,,,,,,
1780467733.169684,,,MATCH_ACCEPT,20,0,15.490941,8.019583,15.481468,,8.021610,0.009687,6.182258,1.744039,2.185431,0.856239,62,1,,,,,,,,,,,,,,,,,,,,,
1780467733.169684,,,UI_STATUS_SEND,20,,,,15.484421,195.484421,8.020769,,,,,,63,0,"internal_id=20,ui_id=7",20,7,20,1,-1,97.460000,mono,,,,,,,,,,,,,
1780467733.420884,,,MATCH_ACCEPT,20,0,15.513727,8.015000,15.485442,,8.022063,0.029153,5.593948,1.695432,2.067653,0.806836,63,1,,,,,,,,,,,,,,,,,,,,,
1780467733.420884,,,UI_STATUS_SEND,20,,,,15.496199,195.496199,8.018607,,,,,,64,0,"internal_id=20,ui_id=7",20,7,20,1,-1,97.460000,mono,,,,,,,,,,,,,
1780467733.763490,,,MATCH_ACCEPT,20,0,15.500055,8.019583,15.498777,,8.019217,0.001330,5.408053,1.571502,1.783396,0.686222,64,1,,,,,,,,,,,,,,,,,,,,,
1780467733.763490,,,TargetKeep,20,,,,,,,,,,,,,,lock_timer_expired,,,,,,,,,,,,,,,,,,,,
1780467733.763490,,,UI_STATUS_SEND,20,,,,15.499219,195.499219,8.019381,,,,,,65,0,"internal_id=20,ui_id=7",20,7,20,1,-1,97.460000,mono,,,,,,,,,,,,,
1780467734.038749,,,MATCH_ACCEPT,20,0,15.518284,8.015000,15.501864,,8.020025,0.017172,5.320537,1.513158,1.644539,0.645108,65,1,,,,,,,,,,,,,,,,,,,,,
1780467734.038749,,,UI_STATUS_SEND,20,,,,15.507250,195.507250,8.017845,,,,,,66,0,"internal_id=20,ui_id=7",20,7,20,1,-1,97.460000,mono,,,,,,,,,,,,,
1780467734.380154,,,MATCH_ACCEPT,20,0,15.493219,8.021875,15.510726,,8.018021,0.017926,5.279578,1.485852,1.576026,0.631731,66,1,,,,,,,,,,,,,,,,,,,,,
1780467734.380154,,,UI_STATUS_SEND,20,,,,15.505147,195.505147,8.019673,,,,,,67,0,"internal_id=20,ui_id=7",20,7,20,1,-1,47.250000,mono,,,,,,,,,,,,,
1780467734.641429,,,MATCH_ACCEPT,20,0,15.500055,8.021875,15.507738,,8.020209,0.007861,6.210525,1.473683,1.543872,0.627871,67,1,,,,,,,,,,,,,,,,,,,,,
1780467734.641429,,,UI_STATUS_SEND,20,,,,15.506216,195.506216,8.020687,,,,,,68,0,"internal_id=20,ui_id=7",20,7,20,1,-1,47.250000,mono,,,,,,,,,,,,,
1780467734.891146,,,MATCH_ACCEPT,20,0,15.447646,8.040208,15.508558,,8.021328,0.063771,6.385432,1.590288,1.771604,0.757412,68,1,,,,,,,,,,,,,,,,,,,,,
1780467734.891146,,,UI_STATUS_SEND,20,,,,15.495105,195.495105,8.027492,,,,,,69,0,"internal_id=20,ui_id=7",20,7,20,1,-1,74.250000,mono,,,,,,,,,,,,,
1780467735.262175,,,MATCH_ACCEPT,20,0,15.454482,7.989792,15.495295,,8.029446,0.056905,6.025267,1.673511,1.958912,0.841728,69,1,,,,,,,,,,,,,,,,,,,,,
1780467735.262175,,,UI_STATUS_SEND,20,,,,15.483230,195.483230,8.012829,,,,,,70,0,"internal_id=20,ui_id=7",20,7,20,1,-1,47.250000,mono,,,,,,,,,,,,,
1780467735.578477,,,MATCH_ACCEPT,20,0,15.146865,8.051667,15.481526,,8.011370,0.337078,6.487067,1.658045,1.947330,0.801783,70,1,,,,,,,,,,,,,,,,,,,,,
1780467735.578477,,,UI_STATUS_SEND,20,,,,15.402025,195.402025,8.025036,,,,,,71,0,"internal_id=20,ui_id=7",20,7,20,1,-1,74.250000,mono,,,,,,,,,,,,,
1780467740.334413,,,MATCH_ACCEPT,20,0,14.249079,8.026458,15.138539,,8.049657,0.889762,20.903621,11.592414,73.992690,60.391368,71,23,,,,,,,,,,,,,,,,,,,,,
1780467740.334413,,,TargetKeep,20,,,,,,,,,,,,,,lock_timer_expired,,,,,,,,,,,,,,,,,,,,
1780467740.334413,,,UI_STATUS_SEND,20,,,,14.301860,194.301860,8.026898,,,,,,72,0,"internal_id=20,ui_id=7",20,7,20,1,-1,47.250000,mono,,,,,,,,,,,,,
1780467740.775011,,,MATCH_ACCEPT,20,0,14.301488,8.008125,14.188159,,8.026600,0.114825,8.146277,2.764185,5.808194,1.832525,72,2,,,,,,,,,,,,,,,,,,,,,
1780467740.775011,,,UI_STATUS_SEND,20,,,,14.242747,194.242747,8.016628,,,,,,73,0,"internal_id=20,ui_id=7",20,7,20,1,-1,71.690000,mono,,,,,,,,,,,,,
1780467741.345976,,,MATCH_ACCEPT,20,0,14.301488,8.001250,14.134634,,8.013724,0.167319,7.295346,2.486097,4.441634,1.739044,73,2,,,,,,,,,,,,,,,,,,,,,
1780467741.345976,,,UI_STATUS_SEND,20,,,,14.214619,194.214619,8.006358,,,,,,74,0,"internal_id=20,ui_id=7",20,7,20,1,-1,77.970000,mono,,,,,,,,,,,,,
1780467741.895993,,,MATCH_ACCEPT,20,0,14.296930,8.003542,14.122520,,8.000977,0.174429,6.913446,2.315230,3.748192,1.612100,74,2,,,,,,,,,,,,,,,,,,,,,
1780467741.895993,,,UI_STATUS_SEND,20,,,,14.202304,194.202304,8.002495,,,,,,75,0,"internal_id=20,ui_id=7",20,7,20,1,-1,71.690000,mono,,,,,,,,,,,,,
1780467742.344015,,,MATCH_ACCEPT,20,0,14.292373,8.005833,14.129475,,7.997679,0.163102,6.914905,2.232470,3.484511,1.499412,75,2,,,,,,,,,,,,,,,,,,,,,
1780467742.344015,,,UI_STATUS_SEND,20,,,,14.197793,194.197793,8.002198,,,,,,76,0,"internal_id=20,ui_id=7",20,7,20,1,-1,74.250000,mono,,,,,,,,,,,,,
1780467742.554566,,,MATCH_ACCEPT,20,0,14.292373,8.005833,14.171705,,8.000672,0.120778,6.371983,1.904655,2.636847,0.990865,76,1,,,,,,,,,,,,,,,,,,,,,
1780467742.554566,,,UI_STATUS_SEND,20,,,,14.215264,194.215264,8.003042,,,,,,77,0,"internal_id=20,ui_id=7",20,7,20,1,-1,74.250000,mono,,,,,,,,,,,,,
1780467742.824419,,,MATCH_ACCEPT,20,0,13.993870,7.982917,14.190618,,8.001694,0.197642,6.198312,1.788875,2.332296,0.867777,77,1,,,,,,,,,,,,,,,,,,,,,
1780467742.824419,,,UI_STATUS_SEND,20,,,,14.125065,194.125065,7.993686,,,,,,78,0,"internal_id=20,ui_id=7",20,7,20,1,-1,47.250000,mono,,,,,,,,,,,,,
1780467743.353284,,,MATCH_ACCEPT,20,0,14.249079,8.015000,14.062185,,7.988261,0.188797,7.026232,2.017488,2.862085,1.208172,78,2,,,,,,,,,,,,,,,,,,,,,
1780467743.353284,,,TargetKeep,20,,,,,,,,,,,,,,lock_timer_expired,,,,,,,,,,,,,,,,,,,,
1780467743.353284,,,UI_STATUS_SEND,20,,,,14.120888,194.120888,7.999921,,,,,,79,0,"internal_id=20,ui_id=7",20,7,20,1,-1,64.660000,mono,,,,,,,,,,,,,
1780467743.640336,,,MATCH_ACCEPT,20,0,14.205784,8.021875,14.095232,,7.999252,0.112843,6.626909,1.946739,2.714866,1.074929,79,1,,,,,,,,,,,,,,,,,,,,,
1780467743.640336,,,UI_STATUS_SEND,20,,,,14.132839,194.132839,8.009421,,,,,,80,0,"internal_id=20,ui_id=7",20,7,20,1,-1,47.250000,mono,,,,,,,,,,,,,
1780467743.991799,,,MATCH_ACCEPT,20,0,14.274144,8.003542,14.112783,,8.010725,0.161520,6.770907,1.847271,2.473496,0.938916,80,1,,,,,,,,,,,,,,,,,,,,,
1780467743.991799,,,UI_STATUS_SEND,20,,,,14.158536,194.158536,8.008028,,,,,,81,0,"internal_id=20,ui_id=7",20,7,20,1,-1,90.390000,mono,,,,,,,,,,,,,
1780467744.228603,,,MATCH_ACCEPT,20,0,14.280980,7.998958,14.145941,,8.008767,0.135394,5.923904,1.821136,2.404214,0.912322,81,1,,,,,,,,,,,,,,,,,,,,,
1780467744.228603,,,UI_STATUS_SEND,20,,,,14.198761,194.198761,8.003925,,,,,,82,0,"internal_id=20,ui_id=7",20,7,20,1,-1,90.390000,mono,,,,,,,,,,,,,
1780467744.446048,,,MATCH_ACCEPT,20,0,14.278701,8.003542,14.193935,,8.003784,0.084767,5.642883,1.633789,1.954068,0.715198,82,1,,,,,,,,,,,,,,,,,,,,,
1780467744.446048,,,UI_STATUS_SEND,20,,,,14.223012,194.223012,8.003679,,,,,,83,0,"internal_id=20,ui_id=7",20,7,20,1,-1,85.440000,mono,,,,,,,,,,,,,
1780467744.684975,,,MATCH_ACCEPT,20,0,14.319717,7.998958,14.221854,,8.003505,0.097968,5.637284,1.564056,1.778062,0.668209,83,1,,,,,,,,,,,,,,,,,,,,,
1780467744.684975,,,UI_STATUS_SEND,20,,,,14.251889,194.251889,8.001688,,,,,,84,0,"internal_id=20,ui_id=7",20,7,20,1,-1,97.460000,mono,,,,,,,,,,,,,
1780467744.945809,,,MATCH_ACCEPT,20,0,14.308323,8.000104,14.255296,,8.001122,0.053037,5.389190,1.558926,1.746745,0.683507,84,1,,,,,,,,,,,,,,,,,,,,,
1780467744.945809,,,UI_STATUS_SEND,20,,,,14.273401,194.273401,8.000666,,,,,,85,0,"internal_id=20,ui_id=7",20,7,20,1,-1,89.765000,mono,,,,,,,,,,,,,
1780467745.168589,,,MATCH_ACCEPT,20,0,14.356175,7.998958,14.278976,,8.000074,0.077207,5.434634,1.486623,1.588979,0.621068,85,1,,,,,,,,,,,,,,,,,,,,,
1780467745.168589,,,TargetKeep,20,,,,,,,,,,,,,,lock_timer_expired,,,,,,,,,,,,,,,,,,,,
1780467745.168589,,,UI_STATUS_SEND,20,,,,14.301839,194.301839,7.999631,,,,,,86,0,"internal_id=20,ui_id=7",20,7,20,1,-1,97.460000,mono,,,,,,,,,,,,,
1780467745.427614,,,MATCH_ACCEPT,20,0,14.358454,7.994375,14.311765,,7.998870,0.046905,5.306459,1.503773,1.610931,0.650402,86,1,,,,,,,,,,,,,,,,,,,,,
1780467745.427614,,,UI_STATUS_SEND,20,,,,14.326867,194.326867,7.996911,,,,,,87,0,"internal_id=20,ui_id=7",20,7,20,1,-1,97.460000,mono,,,,,,,,,,,,,
1780467745.657359,,,MATCH_ACCEPT,20,0,14.378961,7.989792,14.338255,,7.995814,0.041150,5.251959,1.467440,1.536197,0.617181,87,1,,,,,,,,,,,,,,,,,,,,,
1780467745.657359,,,UI_STATUS_SEND,20,,,,14.351003,194.351003,7.993267,,,,,,88,0,"internal_id=20,ui_id=7",20,7,20,1,-1,97.460000,mono,,,,,,,,,,,,,
1780467745.941515,,,MATCH_ACCEPT,20,0,14.353896,7.980625,14.365497,,7.991509,0.015907,5.254706,1.469271,1.534655,0.624101,88,1,,,,,,,,,,,,,,,,,,,,,
1780467745.941515,,,UI_STATUS_SEND,20,,,,14.361867,194.361867,7.986877,,,,,,89,0,"internal_id=20,ui_id=7",20,7,20,1,-1,97.460000,mono,,,,,,,,,,,,,
1780467747.396982,,,MATCH_ACCEPT,20,0,14.337946,7.985208,14.442731,,7.970633,0.105794,8.128247,3.384964,6.993685,4.464300,89,7,,,,,,,,,,,,,,,,,,,,,
1780467747.396982,,,UI_STATUS_SEND,20,,,,14.372014,194.372014,7.982895,,,,,,90,0,"internal_id=20,ui_id=7",20,7,20,1,-1,47.250000,mono,,,,,,,,,,,,,
1780467747.629494,,,MATCH_ACCEPT,20,0,14.285537,8.040208,14.376759,,7.981960,0.108232,6.977671,1.985114,2.931898,1.008779,90,1,,,,,,,,,,,,,,,,,,,,,
1780467747.629494,,,UI_STATUS_SEND,20,,,,14.347630,194.347630,8.004812,,,,,,91,0,"internal_id=20,ui_id=7",20,7,20,1,-1,71.690000,mono,,,,,,,,,,,,,
1780467747.849218,,,MATCH_ACCEPT,20,0,14.328831,7.994375,14.348873,,8.007230,0.023810,6.354376,1.858784,2.561524,0.893554,91,1,,,,,,,,,,,,,,,,,,,,,
1780467747.849218,,,UI_STATUS_SEND,20,,,,14.341922,194.341922,8.001759,,,,,,92,0,"internal_id=20,ui_id=7",20,7,20,1,-1,47.250000,mono,,,,,,,,,,,,,
1780467748.109294,,,MATCH_ACCEPT,20,0,14.311741,8.008125,14.342428,,8.003521,0.031030,6.627328,1.751552,2.249846,0.818088,92,1,,,,,,,,,,,,,,,,,,,,,
1780467748.109294,,,TargetKeep,20,,,,,,,,,,,,,,lock_timer_expired,,,,,,,,,,,,,,,,,,,,
1780467748.109294,,,UI_STATUS_SEND,20,,,,14.334305,194.334305,8.005103,,,,,,93,0,"internal_id=20,ui_id=7",20,7,20,1,-1,59.470000,mono,,,,,,,,,,,,,
1780467748.345925,,,MATCH_ACCEPT,20,0,14.337946,7.964583,14.333731,,8.007068,0.042693,6.437632,1.751355,2.215617,0.851626,93,1,,,,,,,,,,,,,,,,,,,,,
1780467748.345925,,,UI_STATUS_SEND,20,,,,14.334925,194.334925,7.991007,,,,,,94,0,"internal_id=20,ui_id=7",20,7,20,1,-1,47.250000,mono,,,,,,,,,,,,,
1780467748.646146,,,MATCH_ACCEPT,20,0,14.301488,8.037917,14.334486,,7.989815,0.058333,6.616881,1.744587,2.178473,0.865112,94,1,,,,,,,,,,,,,,,,,,,,,
1780467748.646146,,,UI_STATUS_SEND,20,,,,14.325957,194.325957,8.006957,,,,,,95,0,"internal_id=20,ui_id=7",20,7,20,1,-1,74.250000,mono,,,,,,,,,,,,,
1780467748.953424,,,MATCH_ACCEPT,20,0,14.342503,7.969167,14.324282,,8.009284,0.044062,6.169188,1.769459,2.226098,0.904886,95,1,,,,,,,,,,,,,,,,,,,,,
1780467748.953424,,,UI_STATUS_SEND,20,,,,14.330166,194.330166,7.991763,,,,,,96,0,"internal_id=20,ui_id=7",20,7,20,1,-1,47.250000,mono,,,,,,,,,,,,,
1780467749.364195,,,MATCH_ACCEPT,20,0,14.301488,8.044792,14.328830,,7.989742,0.061466,6.892491,1.928327,2.582827,1.135619,96,2,,,,,,,,,,,,,,,,,,,,,
1780467749.364195,,,UI_STATUS_SEND,20,,,,14.320835,194.320835,8.012912,,,,,,97,0,"internal_id=20,ui_id=7",20,7,20,1,-1,74.250000,mono,,,,,,,,,,,,,
1780467749.611690,,,MATCH_ACCEPT,20,0,14.296930,8.051667,14.318872,,8.016174,0.041728,6.335558,1.880372,2.502976,1.032823,97,1,,,,,,,,,,,,,,,,,,,,,
1780467749.611690,,,UI_STATUS_SEND,20,,,,14.311213,194.311213,8.032838,,,,,,98,0,"internal_id=20,ui_id=7",20,7,20,1,-1,74.250000,mono,,,,,,,,,,,,,
1780467749.923100,,,MATCH_ACCEPT,20,0,14.301488,7.980625,14.308116,,8.039361,0.059108,6.165537,1.767025,2.245559,0.876817,98,1,,,,,,,,,,,,,,,,,,,,,
1780467749.923100,,,UI_STATUS_SEND,20,,,,14.305963,194.305963,8.014162,,,,,,99,0,"internal_id=20,ui_id=7",20,7,20,1,-1,47.250000,mono,,,,,,,,,,,,,
1780467750.162032,,,MATCH_ACCEPT,20,0,14.301488,7.989792,14.302701,,8.015649,0.025886,6.541231,1.694154,2.071957,0.798201,99,1,,,,,,,,,,,,,,,,,,,,,
1780467750.162032,,,TargetKeep,20,,,,,,,,,,,,,,lock_timer_expired,,,,,,,,,,,,,,,,,,,,
1780467750.162032,,,UI_STATUS_SEND,20,,,,14.302399,194.302399,8.006906,,,,,,100,0,"internal_id=20,ui_id=7",20,7,20,1,-1,47.250000,mono,,,,,,,,,,,,,
1780467750.406642,,,MATCH_ACCEPT,20,0,14.303766,8.074583,14.299015,,8.006711,0.068039,6.594947,1.729965,2.143414,0.849364,100,1,,,,,,,,,,,,,,,,,,,,,
1780467750.406642,,,UI_STATUS_SEND,20,,,,14.300229,194.300229,8.030613,,,,,,101,0,"internal_id=20,ui_id=7",20,7,20,1,-1,71.690000,mono,,,,,,,,,,,,,
1780467750.672311,,,MATCH_ACCEPT,20,0,14.306045,7.998958,14.296951,,8.035221,0.037386,6.206820,1.760413,2.210836,0.888218,101,1,,,,,,,,,,,,,,,,,,,,,
1780467750.672311,,,UI_STATUS_SEND,20,,,,14.299809,194.299809,8.019841,,,,,,102,0,"internal_id=20,ui_id=7",20,7,20,1,-1,47.250000,mono,,,,,,,,,,,,,
1780467750.963924,,,MATCH_ACCEPT,20,0,14.315159,8.072292,14.296955,,8.021380,0.054068,6.568708,1.712472,2.102850,0.829710,102,1,,,,,,,,,,,,,,,,,,,,,
1780467750.963924,,,UI_STATUS_SEND,20,,,,14.301538,194.301538,8.039038,,,,,,103,0,"internal_id=20,ui_id=7",20,7,20,1,-1,71.690000,mono,,,,,,,,,,,,,
1780467751.269875,,,MATCH_ACCEPT,20,0,14.315159,8.012708,14.299364,,8.044113,0.035153,6.187151,1.747301,2.179082,0.873978,103,1,,,,,,,,,,,,,,,,,,,,,
1780467751.269875,,,UI_STATUS_SEND,20,,,,14.304279,194.304279,8.030917,,,,,,104,0,"internal_id=20,ui_id=7",20,7,20,1,-1,47.250000,mono,,,,,,,,,,,,,
1780467751.649259,,,MATCH_ACCEPT,20,0,14.315159,8.072292,14.302832,,8.033372,0.040825,6.555196,1.703464,2.080782,0.821009,104,1,,,,,,,,,,,,,,,,,,,,,
1780467751.649259,,,UI_STATUS_SEND,20,,,,14.305911,194.305911,8.046778,,,,,,105,0,"internal_id=20,ui_id=7",20,7,20,1,-1,77.970000,mono,,,,,,,,,,,,,
1780467751.886164,,,MATCH_ACCEPT,20,0,14.351618,8.017292,14.304971,,8.051637,0.057926,6.028485,1.725257,2.127232,0.849279,105,1,,,,,,,,,,,,,,,,,,,,,
1780467751.886164,,,UI_STATUS_SEND,20,,,,14.320068,194.320068,8.036760,,,,,,106,0,"internal_id=20,ui_id=7",20,7,20,1,-1,47.250000,mono,,,,,,,,,,,,,
1780467752.231581,,,MATCH_ACCEPT,20,0,14.315159,8.072292,14.321303,,8.038940,0.033913,6.502036,1.668024,1.997828,0.784475,106,1,,,,,,,,,,,,,,,,,,,,,
1780467752.231581,,,TargetKeep,20,,,,,,,,,,,,,,lock_timer_expired,,,,,,,,,,,,,,,,,,,,
1780467752.231581,,,UI_STATUS_SEND,20,,,,14.319815,194.319815,8.050088,,,,,,107,0,"internal_id=20,ui_id=7",20,7,20,1,-1,71.690000,mono,,,,,,,,,,,,,
1780467752.468112,,,MATCH_ACCEPT,20,0,14.299209,8.111250,14.320774,,8.054271,0.060923,6.118684,1.701656,2.067143,0.828490,107,1,,,,,,,,,,,,,,,,,,,,,
1780467752.468112,,,UI_STATUS_SEND,20,,,,14.314305,194.314305,8.077475,,,,,,108,0,"internal_id=20,ui_id=7",20,7,20,1,-1,71.690000,mono,,,,,,,,,,,,,
1780467752.677006,,,MATCH_ACCEPT,20,0,14.326553,8.063125,14.314349,,8.085049,0.025092,6.015029,1.632553,1.915702,0.749527,108,1,,,,,,,,,,,,,,,,,,,,,
1780467752.677006,,,UI_STATUS_SEND,20,,,,14.317818,194.317818,8.076646,,,,,,109,0,"internal_id=20,ui_id=7",20,7,20,1,-1,74.250000,mono,,,,,,,,,,,,,
1780467752.911942,,,MATCH_ACCEPT,20,0,14.360732,8.040208,14.318355,,8.083573,0.060633,5.945705,1.620470,1.881905,0.744018,109,1,,,,,,,,,,,,,,,,,,,,,
1780467752.911942,,,UI_STATUS_SEND,20,,,,14.330531,194.330531,8.066689,,,,,,110,0,"internal_id=20,ui_id=7",20,7,20,1,-1,47.250000,mono,,,,,,,,,,,,,
1780467753.176565,,,MATCH_ACCEPT,20,0,14.319717,8.058542,14.332949,,8.070579,0.017888,6.437119,1.624746,1.883821,0.755978,110,1,,,,,,,,,,,,,,,,,,,,,
1780467753.176565,,,UI_STATUS_SEND,20,,,,14.329884,194.329884,8.066654,,,,,,111,0,"internal_id=20,ui_id=7",20,7,20,1,-1,82.070000,mono,,,,,,,,,,,,,
1780467753.404667,,,MATCH_ACCEPT,20,0,14.367568,8.037917,14.331661,,8.069454,0.047791,5.861854,1.668836,1.976348,0.808665,111,1,,,,,,,,,,,,,,,,,,,,,
1780467753.404667,,,UI_STATUS_SEND,20,,,,14.343139,194.343139,8.055745,,,,,,112,0,"internal_id=20,ui_id=7",20,7,20,1,-1,47.250000,mono,,,,,,,,,,,,,
1780467753.794605,,,MATCH_ACCEPT,20,0,14.374404,8.037917,14.346843,,8.055989,0.032958,6.442368,1.628245,1.892037,0.759146,112,1,,,,,,,,,,,,,,,,,,,,,
1780467753.794605,,,UI_STATUS_SEND,20,,,,14.353248,194.353248,8.050080,,,,,,113,0,"internal_id=20,ui_id=7",20,7,20,1,-1,47.250000,mono,,,,,,,,,,,,,
1780467754.150910,,,MATCH_ACCEPT,20,0,14.388076,8.035625,14.357939,,8.049095,0.033010,6.543996,1.695997,2.037770,0.838637,113,1,,,,,,,,,,,,,,,,,,,,,
1780467754.150910,,,TargetKeep,20,,,,,,,,,,,,,,lock_timer_expired,,,,,,,,,,,,,,,,,,,,
1780467754.150910,,,UI_STATUS_SEND,20,,,,14.365349,194.365349,8.044391,,,,,,114,0,"internal_id=20,ui_id=7",20,7,20,1,-1,47.250000,mono,,,,,,,,,,,,,
1780467754.404825,,,MATCH_ACCEPT,20,0,14.344782,8.050521,14.371174,,8.042444,0.027600,6.610952,1.740635,2.145249,0.884561,114,1,,,,,,,,,,,,,,,,,,,,,
1780467754.404825,,,UI_STATUS_SEND,20,,,,14.364430,194.364430,8.045364,,,,,,115,0,"internal_id=20,ui_id=7",20,7,20,1,-1,64.660000,mono,,,,,,,,,,,,,
1780467754.646344,,,MATCH_ACCEPT,20,0,14.397191,8.031042,14.369074,,8.044048,0.030979,6.343341,1.757694,2.195147,0.894341,115,1,,,,,,,,,,,,,,,,,,,,,
1780467754.646344,,,UI_STATUS_SEND,20,,,,14.377346,194.377346,8.038787,,,,,,116,0,"internal_id=20,ui_id=7",20,7,20,1,-1,47.250000,mono,,,,,,,,,,,,,
1780467754.929437,,,MATCH_ACCEPT,20,0,14.312881,8.058542,14.383384,,8.036388,0.073902,6.599392,1.732928,2.146934,0.856105,116,1,,,,,,,,,,,,,,,,,,,,,
1780467754.929437,,,UI_STATUS_SEND,20,,,,14.365358,194.365358,8.044230,,,,,,117,0,"internal_id=20,ui_id=7",20,7,20,1,-1,77.970000,mono,,,,,,,,,,,,,
1780467755.220569,,,MATCH_ACCEPT,20,0,14.306045,8.058542,14.368732,,8.043376,0.064495,6.078626,1.758684,2.207558,0.885413,117,1,,,,,,,,,,,,,,,,,,,,,
1780467755.220569,,,UI_STATUS_SEND,20,,,,14.347931,194.347931,8.050101,,,,,,118,0,"internal_id=20,ui_id=7",20,7,20,1,-1,77.970000,mono,,,,,,,,,,,,,
1780467755.620639,,,MATCH_ACCEPT,20,0,14.349339,8.037917,14.348258,,8.050564,0.012694,5.968052,1.684968,2.041398,0.797719,118,1,,,,,,,,,,,,,,,,,,,,,
1780467755.620639,,,UI_STATUS_SEND,20,,,,14.348598,194.348598,8.045279,,,,,,119,0,"internal_id=20,ui_id=7",20,7,20,1,-1,97.460000,mono,,,,,,,,,,,,,
1780467755.851962,,,MATCH_ACCEPT,20,0,14.356175,8.035625,14.348947,,8.044737,0.011631,5.487094,1.624196,1.900528,0.737485,119,1,,,,,,,,,,,,,,,,,,,,,
1780467755.851962,,,UI_STATUS_SEND,20,,,,14.351554,194.351554,8.040483,,,,,,120,0,"internal_id=20,ui_id=7",20,7,20,1,-1,97.460000,mono,,,,,,,,,,,,,
1780467756.093480,,,MATCH_ACCEPT,20,0,14.308323,8.052813,14.352291,,8.039087,0.046060,5.345798,1.529998,1.688557,0.652338,120,1,,,,,,,,,,,,,,,,,,,,,
1780467756.093480,,,TargetKeep,20,,,,,,,,,,,,,,lock_timer_expired,,,,,,,,,,,,,,,,,,,,
1780467756.093480,,,UI_STATUS_SEND,20,,,,14.337613,194.337613,8.045078,,,,,,121,0,"internal_id=20,ui_id=7",20,7,20,1,-1,110.255000,mono,,,,,,,,,,,,,
1780467756.356099,,,MATCH_ACCEPT,20,0,14.438206,8.026458,14.336135,,8.044892,0.103722,5.137219,1.493180,1.597802,0.631783,121,1,,,,,,,,,,,,,,,,,,,,,
1780467756.356099,,,UI_STATUS_SEND,20,,,,14.371435,194.371435,8.036497,,,,,,122,0,"internal_id=20,ui_id=7",20,7,20,1,-1,47.250000,mono,,,,,,,,,,,,,
1780467756.657825,,,MATCH_ACCEPT,20,0,14.328831,8.060833,14.375507,,8.034492,0.053596,6.175775,1.450517,1.502165,0.601833,122,1,,,,,,,,,,,,,,,,,,,,,
1780467756.657825,,,UI_STATUS_SEND,20,,,,14.366463,194.366463,8.041817,,,,,,123,0,"internal_id=20,ui_id=7",20,7,20,1,-1,74.250000,mono,,,,,,,,,,,,,
1780467756.969342,,,MATCH_ACCEPT,20,0,14.353896,8.060833,14.369074,,8.041433,0.024632,5.874928,1.573285,1.735483,0.739744,123,1,,,,,,,,,,,,,,,,,,,,,
1780467756.969342,,,UI_STATUS_SEND,20,,,,14.364961,194.364961,8.048960,,,,,,124,0,"internal_id=20,ui_id=7",20,7,20,1,-1,74.250000,mono,,,,,,,,,,,,,
1780467757.335495,,,MATCH_ACCEPT,20,0,14.381240,8.042500,14.366911,,8.050195,0.016264,5.917244,1.601496,1.805131,0.759657,124,1,,,,,,,,,,,,,,,,,,,,,
1780467757.335495,,,UI_STATUS_SEND,20,,,,14.370907,194.370907,8.047161,,,,,,125,0,"internal_id=20,ui_id=7",20,7,20,1,-1,47.250000,mono,,,,,,,,,,,,,
1780467757.635075,,,MATCH_ACCEPT,20,0,14.406305,8.040208,14.373493,,8.047758,0.033670,6.424965,1.616643,1.848689,0.764846,125,1,,,,,,,,,,,,,,,,,,,,,
1780467757.635075,,,UI_STATUS_SEND,20,,,,14.380983,194.380983,8.045277,,,,,,126,0,"internal_id=20,ui_id=7",20,7,20,1,-1,47.250000,mono,,,,,,,,,,,,,
1780467758.128219,,,MATCH_ACCEPT,20,0,14.372126,8.040208,14.387830,,8.045432,0.016551,6.946976,1.964651,2.637832,1.222020,126,2,,,,,,,,,,,,,,,,,,,,,
1780467758.128219,,,UI_STATUS_SEND,20,,,,14.383169,194.383169,8.043139,,,,,,127,0,"internal_id=20,ui_id=7",20,7,20,1,-1,47.250000,mono,,,,,,,,,,,,,
1780467758.439387,,,MATCH_ACCEPT,20,0,14.383519,8.035625,14.386238,,8.042786,0.007660,6.852390,1.901593,2.549428,1.066630,127,1,,,,,,,,,,,,,,,,,,,,,
1780467758.439387,,,TargetKeep,20,,,,,,,,,,,,,,lock_timer_expired,,,,,,,,,,,,,,,,,,,,
1780467758.439387,,,UI_STATUS_SEND,20,,,,14.385450,194.385450,8.039881,,,,,,128,0,"internal_id=20,ui_id=7",20,7,20,1,-1,47.250000,mono,,,,,,,,,,,,,
1780467758.681250,,,MATCH_ACCEPT,20,0,14.328831,8.051667,14.388308,,8.039012,0.060808,6.776984,1.851322,2.452095,0.975300,128,1,,,,,,,,,,,,,,,,,,,,,
1780467758.681250,,,UI_STATUS_SEND,20,,,,14.371549,194.371549,8.043875,,,,,,129,0,"internal_id=20,ui_id=7",20,7,20,1,-1,71.690000,mono,,,,,,,,,,,,,
1780467758.933994,,,MATCH_ACCEPT,20,0,14.321995,8.051667,14.372116,,8.043888,0.050721,6.308358,1.828106,2.401476,0.940494,129,1,,,,,,,,,,,,,,,,,,,,,
1780467758.933994,,,UI_STATUS_SEND,20,,,,14.355458,194.355458,8.047296,,,,,,130,0,"internal_id=20,ui_id=7",20,7,20,1,-1,71.690000,mono,,,,,,,,,,,,,
1780467759.207121,,,MATCH_ACCEPT,20,0,14.376683,8.044792,14.353670,,8.047952,0.023229,6.178531,1.741554,2.191881,0.841130,130,1,,,,,,,,,,,,,,,,,,,,,
1780467759.207121,,,UI_STATUS_SEND,20,,,,14.360860,194.360860,8.046654,,,,,,131,0,"internal_id=20,ui_id=7",20,7,20,1,-1,47.250000,mono,,,,,,,,,,,,,
1780467759.475906,,,MATCH_ACCEPT,20,0,14.369847,8.049375,14.360095,,8.047058,0.010023,6.541148,1.694099,2.069878,0.800093,131,1,,,,,,,,,,,,,,,,,,,,,
1780467759.475906,,,UI_STATUS_SEND,20,,,,14.362521,194.362521,8.047843,,,,,,132,0,"internal_id=20,ui_id=7",20,7,20,1,-1,47.250000,mono,,,,,,,,,,,,,
1780467759.750961,,,MATCH_ACCEPT,20,0,14.324274,8.060833,14.362106,,8.048403,0.039822,6.594701,1.729801,2.138805,0.853406,132,1,,,,,,,,,,,,,,,,,,,,,
1780467759.750961,,,UI_STATUS_SEND,20,,,,14.352461,194.352461,8.052794,,,,,,133,0,"internal_id=20,ui_id=7",20,7,20,1,-1,77.970000,mono,,,,,,,,,,,,,
1780467759.977947,,,MATCH_ACCEPT,20,0,14.347060,8.044792,14.350816,,8.054094,0.010031,6.033751,1.728767,2.134098,0.854538,133,1,,,,,,,,,,,,,,,,,,,,,
1780467759.977947,,,UI_STATUS_SEND,20,,,,14.349598,194.349598,8.050050,,,,,,134,0,"internal_id=20,ui_id=7",20,7,20,1,-1,47.250000,mono,,,,,,,,,,,,,
1780467760.265221,,,MATCH_ACCEPT,20,0,14.287816,8.065417,14.347609,,8.050684,0.061582,6.501794,1.667863,1.994849,0.786918,134,1,,,,,,,,,,,,,,,,,,,,,
1780467760.265221,,,TargetKeep,20,,,,,,,,,,,,,,lock_timer_expired,,,,,,,,,,,,,,,,,,,,
1780467760.265221,,,UI_STATUS_SEND,20,,,,14.333142,194.333142,8.055619,,,,,,135,0,"internal_id=20,ui_id=7",20,7,20,1,-1,173.260000,mono,,,,,,,,,,,,,
1780467760.532270,,,MATCH_ACCEPT,20,0,14.235407,8.081458,14.329023,,8.057246,0.096696,4.840867,1.715645,2.094339,0.849098,135,1,,,,,,,,,,,,,,,,,,,,,
1780467760.532270,,,UI_STATUS_SEND,20,,,,14.279325,194.279325,8.072918,,,,,,136,0,"internal_id=20,ui_id=7",20,7,20,1,-1,173.260000,mono,,,,,,,,,,,,,
1780467761.005430,,,MATCH_ACCEPT,20,0,14.337946,8.067708,14.258490,,8.081592,0.080660,4.724660,1.638173,1.870354,0.813257,136,2,,,,,,,,,,,,,,,,,,,,,
1780467761.005430,,,UI_STATUS_SEND,20,,,,14.298427,194.298427,8.072743,,,,,,137,0,"internal_id=20,ui_id=7",20,7,20,1,-1,82.070000,mono,,,,,,,,,,,,,
1780467761.216594,,,MATCH_ACCEPT,20,0,14.388076,8.040208,14.294046,,8.075182,0.100324,5.356159,1.331706,1.281911,0.491529,137,1,,,,,,,,,,,,,,,,,,,,,
1780467761.216594,,,UI_STATUS_SEND,20,,,,14.316007,194.316007,8.064042,,,,,,138,0,"internal_id=20,ui_id=7",20,7,20,1,-1,47.250000,mono,,,,,,,,,,,,,
1780467761.623982,,,MATCH_ACCEPT,20,0,14.388076,8.037917,14.313444,,8.064656,0.079277,6.458204,1.638802,1.833265,0.852408,138,2,,,,,,,,,,,,,,,,,,,,,
1780467761.623982,,,UI_STATUS_SEND,20,,,,14.330371,194.330371,8.055218,,,,,,139,0,"internal_id=20,ui_id=7",20,7,20,1,-1,47.250000,mono,,,,,,,,,,,,,
1780467761.866679,,,MATCH_ACCEPT,20,0,14.401748,8.026458,14.331570,,8.053587,0.075239,6.561476,1.707651,2.013253,0.902818,139,1,,,,,,,,,,,,,,,,,,,,,
1780467761.866679,,,UI_STATUS_SEND,20,,,,14.348668,194.348668,8.043652,,,,,,140,0,"internal_id=20,ui_id=7",20,7,20,1,-1,47.250000,mono,,,,,,,,,,,,,
1780467762.101291,,,MATCH_ACCEPT,20,0,14.390355,8.033333,14.352433,,8.040111,0.038522,6.611035,1.740690,2.120012,0.909990,140,1,,,,,,,,,,,,,,,,,,,,,
1780467762.101291,,,UI_STATUS_SEND,20,,,,14.362038,194.362038,8.037617,,,,,,141,0,"internal_id=20,ui_id=7",20,7,20,1,-1,47.250000,mono,,,,,,,,,,,,,
1780467762.546444,,,MATCH_ACCEPT,20,0,14.388076,8.040208,14.371892,,8.029990,0.019140,7.076462,2.050975,2.883653,1.322845,141,2,,,,,,,,,,,,,,,,,,,,,
1780467762.546444,,,TargetKeep,20,,,,,,,,,,,,,,lock_timer_expired,,,,,,,,,,,,,,,,,,,,
1780467762.546444,,,UI_STATUS_SEND,20,,,,14.377002,194.377002,8.034675,,,,,,142,0,"internal_id=20,ui_id=7",20,7,20,1,-1,47.250000,mono,,,,,,,,,,,,,
1780467762.876253,,,MATCH_ACCEPT,20,0,14.319717,8.072292,14.383296,,8.031283,0.075657,6.931295,1.954197,2.708501,1.110384,142,1,,,,,,,,,,,,,,,,,,,,,
1780467762.876253,,,UI_STATUS_SEND,20,,,,14.364073,194.364073,8.048319,,,,,,143,0,"internal_id=20,ui_id=7",20,7,20,1,-1,77.970000,mono,,,,,,,,,,,,,
1780467763.127813,,,MATCH_ACCEPT,20,0,14.274144,8.092917,14.367588,,8.048115,0.103629,6.282459,1.894573,2.579622,1.009785,143,1,,,,,,,,,,,,,,,,,,,,,
1780467763.127813,,,UI_STATUS_SEND,20,,,,14.333275,194.333275,8.069443,,,,,,144,0,"internal_id=20,ui_id=7",20,7,20,1,-1,77.970000,mono,,,,,,,,,,,,,
1780467763.369093,,,MATCH_ACCEPT,20,0,14.385797,8.040208,14.331959,,8.073103,0.063093,6.056261,1.743774,2.211215,0.829534,144,1,,,,,,,,,,,,,,,,,,,,,
1780467763.369093,,,UI_STATUS_SEND,20,,,,14.349843,194.349843,8.059044,,,,,,145,0,"internal_id=20,ui_id=7",20,7,20,1,-1,47.250000,mono,,,,,,,,,,,,,
1780467763.625001,,,MATCH_ACCEPT,20,0,14.383519,8.044792,14.351034,,8.060119,0.035919,6.511881,1.674587,2.032931,0.771313,145,1,,,,,,,,,,,,,,,,,,,,,
1780467763.625001,,,UI_STATUS_SEND,20,,,,14.359007,194.359007,8.055053,,,,,,146,0,"internal_id=20,ui_id=7",20,7,20,1,-1,47.250000,mono,,,,,,,,,,,,,
1780467763.928969,,,MATCH_ACCEPT,20,0,14.376683,8.051667,14.361356,,8.055113,0.015710,6.578141,1.718761,2.115925,0.838214,146,1,,,,,,,,,,,,,,,,,,,,,
1780467763.928969,,,UI_STATUS_SEND,20,,,,14.365232,194.365232,8.053910,,,,,,147,0,"internal_id=20,ui_id=7",20,7,20,1,-1,47.250000,mono,,,,,,,,,,,,,
1780467764.165514,,,MATCH_ACCEPT,20,0,14.374404,8.053958,14.367991,,8.053738,0.006417,6.601420,1.734280,2.146033,0.861694,147,1,,,,,,,,,,,,,,,,,,,,,
1780467764.165514,,,UI_STATUS_SEND,20,,,,14.369630,194.369630,8.053816,,,,,,148,0,"internal_id=20,ui_id=7",20,7,20,1,-1,47.250000,mono,,,,,,,,,,,,,
1780467764.432590,,,MATCH_ACCEPT,20,0,14.353896,8.010417,14.372785,,8.053650,0.047180,6.639030,1.759353,2.202622,0.892701,148,1,,,,,,,,,,,,,,,,,,,,,
1780467764.432590,,,TargetKeep,20,,,,,,,,,,,,,,lock_timer_expired,,,,,,,,,,,,,,,,,,,,
1780467764.432590,,,UI_STATUS_SEND,20,,,,14.367863,194.367863,8.037931,,,,,,149,0,"internal_id=20,ui_id=7",20,7,20,1,-1,47.250000,mono,,,,,,,,,,,,,
1780467764.693365,,,MATCH_ACCEPT,20,0,14.347060,8.003542,14.370299,,8.034654,0.038833,6.662854,1.775236,2.242752,0.908712,149,1,,,,,,,,,,,,,,,,,,,,,
1780467764.693365,,,UI_STATUS_SEND,20,,,,14.364162,194.364162,8.023214,,,,,,150,0,"internal_id=20,ui_id=7",20,7,20,1,-1,47.250000,mono,,,,,,,,,,,,,
1780467765.228852,,,MATCH_ACCEPT,20,0,14.344782,8.035625,14.366949,,8.013248,0.031498,7.083312,2.055541,2.918148,1.307102,150,2,,,,,,,,,,,,,,,,,,,,,
1780467765.228852,,,UI_STATUS_SEND,20,,,,14.359893,194.359893,8.023441,,,,,,151,0,"internal_id=20,ui_id=7",20,7,20,1,-1,47.250000,mono,,,,,,,,,,,,,
1780467765.696821,,,MATCH_ACCEPT,20,0,14.351618,8.051667,14.360883,,8.016882,0.035998,7.341670,2.227780,3.430350,1.532653,151,2,,,,,,,,,,,,,,,,,,,,,
1780467765.696821,,,UI_STATUS_SEND,20,,,,14.357600,194.357600,8.034106,,,,,,152,0,"internal_id=20,ui_id=7",20,7,20,1,-1,47.250000,mono,,,,,,,,,,,,,
1780467765.935229,,,MATCH_ACCEPT,20,0,14.378961,8.044792,14.357697,,8.033560,0.024049,7.028333,2.018889,2.926374,1.149537,152,1,,,,,,,,,,,,,,,,,,,,,
1780467765.935229,,,UI_STATUS_SEND,20,,,,14.364478,194.364478,8.038320,,,,,,153,0,"internal_id=20,ui_id=7",20,7,20,1,-1,47.250000,mono,,,,,,,,,,,,,
1780467766.185550,,,MATCH_ACCEPT,20,0,14.347060,8.057396,14.365491,,8.038595,0.026328,6.880766,1.920510,2.672151,1.016210,153,1,,,,,,,,,,,,,,,,,,,,,
1780467766.185550,,,UI_STATUS_SEND,20,,,,14.359971,194.359971,8.046004,,,,,,154,0,"internal_id=20,ui_id=7",20,7,20,1,-1,62.610000,mono,,,,,,,,,,,,,
1780467766.449204,,,MATCH_ACCEPT,20,0,14.401748,8.044792,14.360238,,8.047634,0.041607,6.544822,1.864681,2.518750,0.958285,154,1,,,,,,,,,,,,,,,,,,,,,
1780467766.449204,,,UI_STATUS_SEND,20,,,,14.373444,194.373444,8.046454,,,,,,155,0,"internal_id=20,ui_id=7",20,7,20,1,-1,47.250000,mono,,,,,,,,,,,,,
1780467766.804122,,,MATCH_ACCEPT,20,0,14.342503,8.042500,14.375515,,8.047863,0.033444,6.688084,1.792056,2.325106,0.886358,155,1,,,,,,,,,,,,,,,,,,,,,
1780467766.804122,,,TargetKeep,20,,,,,,,,,,,,,,lock_timer_expired,,,,,,,,,,,,,,,,,,,,
1780467766.804122,,,UI_STATUS_SEND,20,,,,14.366564,194.366564,8.045922,,,,,,156,0,"internal_id=20,ui_id=7",20,7,20,1,-1,97.460000,mono,,,,,,,,,,,,,
1780467767.038810,,,MATCH_ACCEPT,20,0,14.335667,8.044792,14.367340,,8.046893,0.031742,5.710371,1.773047,2.265186,0.878511,156,1,,,,,,,,,,,,,,,,,,,,,
1780467767.038810,,,UI_STATUS_SEND,20,,,,14.354607,194.354607,8.045820,,,,,,157,0,"internal_id=20,ui_id=7",20,7,20,1,-1,47.250000,mono,,,,,,,,,,,,,
1780467767.403743,,,MATCH_ACCEPT,20,0,14.337946,8.044792,14.353640,,8.046646,0.015804,6.408714,1.605809,1.869361,0.709261,157,1,,,,,,,,,,,,,,,,,,,,,
1780467767.403743,,,UI_STATUS_SEND,20,,,,14.350027,194.350027,8.046067,,,,,,158,0,"internal_id=20,ui_id=7",20,7,20,1,-1,47.250000,mono,,,,,,,,,,,,,
1780467767.618152,,,MATCH_ACCEPT,20,0,14.335667,8.044792,14.348744,,8.046674,0.013211,6.451817,1.634545,1.914567,0.757169,158,1,,,,,,,,,,,,,,,,,,,,,
1780467767.618152,,,UI_STATUS_SEND,20,,,,14.345677,194.345677,8.046059,,,,,,159,0,"internal_id=20,ui_id=7",20,7,20,1,-1,47.250000,mono,,,,,,,,,,,,,
1780467768.103063,,,MATCH_ACCEPT,20,0,14.372126,8.049375,14.342150,,8.047108,0.030062,6.953696,1.969130,2.657730,1.219744,159,2,,,,,,,,,,,,,,,,,,,,,
1780467768.103063,,,UI_STATUS_SEND,20,,,,14.351093,194.351093,8.048102,,,,,,160,0,"internal_id=20,ui_id=7",20,7,20,1,-1,47.250000,mono,,,,,,,,,,,,,
1780467768.349560,,,MATCH_ACCEPT,20,0,14.378961,8.049375,14.350468,,8.048866,0.028498,6.853773,1.902515,2.551147,1.068417,160,1,,,,,,,,,,,,,,,,,,,,,
1780467768.349560,,,UI_STATUS_SEND,20,,,,14.358727,194.358727,8.049073,,,,,,161,0,"internal_id=20,ui_id=7",20,7,20,1,-1,47.250000,mono,,,,,,,,,,,,,
1780467768.593615,,,MATCH_ACCEPT,20,0,14.365290,8.049375,14.359279,,8.049868,0.006031,6.786589,1.857726,2.464721,0.986426,161,1,,,,,,,,,,,,,,,,,,,,,
1780467768.593615,,,UI_STATUS_SEND,20,,,,14.360979,194.360979,8.049677,,,,,,162,0,"internal_id=20,ui_id=7",20,7,20,1,-1,47.250000,mono,,,,,,,,,,,,,
1780467768.852817,,,MATCH_ACCEPT,20,0,14.369847,8.049375,14.361788,,8.050455,0.008131,6.753660,1.835773,2.418219,0.951845,162,1,,,,,,,,,,,,,,,,,,,,,
1780467768.852817,,,TargetKeep,20,,,,,,,,,,,,,,lock_timer_expired,,,,,,,,,,,,,,,,,,,,
1780467768.852817,,,UI_STATUS_SEND,20,,,,14.364036,194.364036,8.050046,,,,,,163,0,"internal_id=20,ui_id=7",20,7,20,1,-1,47.250000,mono,,,,,,,,,,,,,
1780467769.279087,,,MATCH_ACCEPT,20,0,14.319717,8.070000,14.365966,,8.051240,0.049909,7.091594,2.061063,2.968324,1.279655,163,2,,,,,,,,,,,,,,,,,,,,,
1780467769.279087,,,UI_STATUS_SEND,20,,,,14.351073,194.351073,8.059686,,,,,,164,0,"internal_id=20,ui_id=7",20,7,20,1,-1,62.610000,mono,,,,,,,,,,,,,
1780467769.589918,,,MATCH_ACCEPT,20,0,14.342503,8.040208,14.350121,,8.061952,0.023039,6.674954,1.951436,2.722499,1.085603,164,1,,,,,,,,,,,,,,,,,,,,,
1780467769.589918,,,UI_STATUS_SEND,20,,,,14.347567,194.347567,8.052259,,,,,,165,0,"internal_id=20,ui_id=7",20,7,20,1,-1,47.250000,mono,,,,,,,,,,,,,
1780467769.866363,,,MATCH_ACCEPT,20,0,14.365290,8.058542,14.346260,,8.052723,0.019899,6.764630,1.843086,2.454589,0.942379,165,1,,,,,,,,,,,,,,,,,,,,,
1780467769.866363,,,UI_STATUS_SEND,20,,,,14.351626,194.351626,8.054912,,,,,,166,0,"internal_id=20,ui_id=7",20,7,20,1,-1,47.250000,mono,,,,,,,,,,,,,
1780467770.089346,,,MATCH_ACCEPT,20,0,14.385797,8.051667,14.351130,,8.055697,0.034901,6.689277,1.792851,2.324185,0.890131,166,1,,,,,,,,,,,,,,,,,,,,,
1780467770.089346,,,UI_STATUS_SEND,20,,,,14.360527,194.360527,8.054234,,,,,,167,0,"internal_id=20,ui_id=7",20,7,20,1,-1,47.250000,mono,,,,,,,,,,,,,
1780467770.424878,,,MATCH_ACCEPT,20,0,14.303766,8.079167,14.361294,,8.054833,0.062463,6.689430,1.792954,2.312019,0.902663,167,1,,,,,,,,,,,,,,,,,,,,,
1780467770.424878,,,UI_STATUS_SEND,20,,,,14.345759,194.345759,8.063743,,,,,,168,0,"internal_id=20,ui_id=7",20,7,20,1,-1,94.500000,mono,,,,,,,,,,,,,
1780467770.653509,,,MATCH_ACCEPT,20,0,14.296930,8.083750,14.344437,,8.065884,0.050756,5.766313,1.770875,2.252998,0.883001,168,1,,,,,,,,,,,,,,,,,,,,,
1780467770.653509,,,UI_STATUS_SEND,20,,,,14.325907,194.325907,8.074828,,,,,,169,0,"internal_id=20,ui_id=7",20,7,20,1,-1,94.500000,mono,,,,,,,,,,,,,
1780467770.907558,,,MATCH_ACCEPT,20,0,14.310602,8.079167,14.321804,,8.078925,0.011205,5.542649,1.621766,1.903301,0.726825,169,1,,,,,,,,,,,,,,,,,,,,,
1780467770.907558,,,TargetKeep,20,,,,,,,,,,,,,,lock_timer_expired,,,,,,,,,,,,,,,,,,,,
1780467770.907558,,,UI_STATUS_SEND,20,,,,14.317875,194.317875,8.079034,,,,,,170,0,"internal_id=20,ui_id=7",20,7,20,1,-1,74.250000,mono,,,,,,,,,,,,,
1780467771.128617,,,MATCH_ACCEPT,20,0,14.306045,8.079167,14.313732,,8.082677,0.008451,5.797312,1.521542,1.674244,0.640845,170,1,,,,,,,,,,,,,,,,,,,,,
1780467771.128617,,,UI_STATUS_SEND,20,,,,14.311703,194.311703,8.081432,,,,,,171,0,"internal_id=20,ui_id=7",20,7,20,1,-1,74.250000,mono,,,,,,,,,,,,,
1780467771.347081,,,MATCH_ACCEPT,20,0,14.310602,8.079167,14.307337,,8.084801,0.006512,5.810785,1.530523,1.676768,0.665734,171,1,,,,,,,,,,,,,,,,,,,,,
1780467771.347081,,,UI_STATUS_SEND,20,,,,14.308200,194.308200,8.082754,,,,,,172,0,"internal_id=20,ui_id=7",20,7,20,1,-1,74.250000,mono,,,,,,,,,,,,,
1780467771.618469,,,MATCH_ACCEPT,20,0,14.310602,8.079167,14.303339,,8.086169,0.010088,5.876399,1.574266,1.756890,0.721424,172,1,,,,,,,,,,,,,,,,,,,,,
1780467771.618469,,,UI_STATUS_SEND,20,,,,14.305325,194.305325,8.083494,,,,,,173,0,"internal_id=20,ui_id=7",20,7,20,1,-1,74.250000,mono,,,,,,,,,,,,,
1780467771.838257,,,MATCH_ACCEPT,20,0,14.369847,8.056250,14.301330,,8.085986,0.074691,5.870764,1.570509,1.751126,0.715374,173,1,,,,,,,,,,,,,,,,,,,,,
1780467771.838257,,,UI_STATUS_SEND,20,,,,14.320022,194.320022,8.074685,,,,,,174,0,"internal_id=20,ui_id=7",20,7,20,1,-1,47.250000,mono,,,,,,,,,,,,,
1780467772.066126,,,MATCH_ACCEPT,20,0,14.383519,8.049375,14.318602,,8.075063,0.069815,6.365443,1.576962,1.766579,0.720230,174,1,,,,,,,,,,,,,,,,,,,,,
1780467772.066126,,,UI_STATUS_SEND,20,,,,14.332907,194.332907,8.066958,,,,,,175,0,"internal_id=20,ui_id=7",20,7,20,1,-1,47.250000,mono,,,,,,,,,,,,,
1780467772.369002,,,MATCH_ACCEPT,20,0,14.337946,8.044792,14.333639,,8.065642,0.021291,6.500142,1.666761,1.957952,0.820141,175,1,,,,,,,,,,,,,,,,,,,,,
1780467772.369002,,,UI_STATUS_SEND,20,,,,14.334666,194.334666,8.058465,,,,,,176,0,"internal_id=20,ui_id=7",20,7,20,1,-1,47.250000,mono,,,,,,,,,,,,,
1780467772.604195,,,MATCH_ACCEPT,20,0,14.365290,8.072292,14.335507,,8.055812,0.034037,6.565101,1.710067,2.065326,0.859005,176,1,,,,,,,,,,,,,,,,,,,,,
1780467772.604195,,,TargetKeep,20,,,,,,,,,,,,,,lock_timer_expired,,,,,,,,,,,,,,,,,,,,
1780467772.604195,,,UI_STATUS_SEND,20,,,,14.342905,194.342905,8.061658,,,,,,177,0,"internal_id=20,ui_id=7",20,7,20,1,-1,47.250000,mono,,,,,,,,,,,,,
1780467772.832098,,,MATCH_ACCEPT,20,0,14.312881,8.090625,14.344769,,8.060176,0.044091,6.591091,1.727394,2.117846,0.866044,177,1,,,,,,,,,,,,,,,,,,,,,
1780467772.832098,,,UI_STATUS_SEND,20,,,,14.336698,194.336698,8.071035,,,,,,178,0,"internal_id=20,ui_id=7",20,7,20,1,-1,77.970000,mono,,,,,,,,,,,,,
1780467773.059968,,,MATCH_ACCEPT,20,0,14.306045,8.106667,14.337437,,8.071540,0.047110,6.045005,1.736270,2.148173,0.866460,178,1,,,,,,,,,,,,,,,,,,,,,
1780467773.059968,,,UI_STATUS_SEND,20,,,,14.327209,194.327209,8.086929,,,,,,179,0,"internal_id=20,ui_id=7",20,7,20,1,-1,77.970000,mono,,,,,,,,,,,,,
1780467773.320959,,,MATCH_ACCEPT,20,0,14.312881,8.081458,14.326475,,8.090548,0.016353,5.958486,1.678591,2.022860,0.794807,179,1,,,,,,,,,,,,,,,,,,,,,
1780467773.320959,,,UI_STATUS_SEND,20,,,,14.322223,194.322223,8.086758,,,,,,180,0,"internal_id=20,ui_id=7",20,7,20,1,-1,85.440000,mono,,,,,,,,,,,,,
1780467773.635354,,,MATCH_ACCEPT,20,0,14.308323,8.088333,14.320846,,8.089610,0.012588,5.760349,1.646099,1.945620,0.764023,180,1,,,,,,,,,,,,,,,,,,,,,
1780467773.635354,,,UI_STATUS_SEND,20,,,,14.316759,194.316759,8.089058,,,,,,181,0,"internal_id=20,ui_id=7",20,7,20,1,-1,85.440000,mono,,,,,,,,,,,,,
1780467773.895751,,,MATCH_ACCEPT,20,0,14.310602,8.079167,14.314761,,8.091796,0.013297,5.693377,1.601451,1.841257,0.723388,181,1,,,,,,,,,,,,,,,,,,,,,
1780467773.895751,,,UI_STATUS_SEND,20,,,,14.313454,194.313454,8.086507,,,,,,182,0,"internal_id=20,ui_id=7",20,7,20,1,-1,82.070000,mono,,,,,,,,,,,,,
1780467774.135554,,,MATCH_ACCEPT,20,0,14.360732,8.063125,14.311346,,8.088078,0.055332,5.707757,1.566105,1.758388,0.694296,182,1,,,,,,,,,,,,,,,,,,,,,
1780467774.135554,,,UI_STATUS_SEND,20,,,,14.325904,194.325904,8.078155,,,,,,183,0,"internal_id=20,ui_id=7",20,7,20,1,-1,47.250000,mono,,,,,,,,,,,,,
1780467774.504276,,,MATCH_ACCEPT,20,0,14.369847,8.063125,14.325956,,8.077708,0.046250,6.352907,1.568605,1.755346,0.705175,183,1,,,,,,,,,,,,,,,,,,,,,
1780467774.504276,,,TargetKeep,20,,,,,,,,,,,,,,lock_timer_expired,,,,,,,,,,,,,,,,,,,,
1780467774.504276,,,UI_STATUS_SEND,20,,,,14.335580,194.335580,8.073173,,,,,,184,0,"internal_id=20,ui_id=7",20,7,20,1,-1,97.460000,mono,,,,,,,,,,,,,
1780467774.711316,,,MATCH_ACCEPT,20,0,14.383519,8.058542,14.336866,,8.072008,0.048557,5.461360,1.607040,1.832715,0.749863,184,1,,,,,,,,,,,,,,,,,,,,,
1780467774.711316,,,UI_STATUS_SEND,20,,,,14.353302,194.353302,8.065666,,,,,,185,0,"internal_id=20,ui_id=7",20,7,20,1,-1,97.460000,mono,,,,,,,,,,,,,
1780467775.024131,,,MATCH_ACCEPT,20,0,14.367568,8.063125,14.357404,,8.062943,0.010166,5.355062,1.536175,1.687257,0.672577,185,1,,,,,,,,,,,,,,,,,,,,,
1780467775.024131,,,UI_STATUS_SEND,20,,,,14.360795,194.360795,8.063024,,,,,,186,0,"internal_id=20,ui_id=7",20,7,20,1,-1,47.250000,mono,,,,,,,,,,,,,
1780467775.250578,,,MATCH_ACCEPT,20,0,14.374404,8.063125,14.364995,,8.060573,0.009749,6.214491,1.476327,1.561697,0.617845,186,1,,,,,,,,,,,,,,,,,,,,,
1780467775.250578,,,UI_STATUS_SEND,20,,,,14.366876,194.366876,8.061296,,,,,,187,0,"internal_id=20,ui_id=7",20,7,20,1,-1,47.250000,mono,,,,,,,,,,,,,
1780467775.645789,,,MATCH_ACCEPT,20,0,14.306045,8.095208,14.371814,,8.058748,0.075199,6.388114,1.592076,1.785224,0.749481,187,1,,,,,,,,,,,,,,,,,,,,,
1780467775.645789,,,UI_STATUS_SEND,20,,,,14.357201,194.357201,8.070568,,,,,,188,0,"internal_id=20,ui_id=7",20,7,20,1,-1,74.250000,mono,,,,,,,,,,,,,
1780467775.899432,,,MATCH_ACCEPT,20,0,14.292373,8.102083,14.359803,,8.070551,0.074439,6.029107,1.676071,1.970048,0.839166,188,1,,,,,,,,,,,,,,,,,,,,,
1780467775.899432,,,UI_STATUS_SEND,20,,,,14.339790,194.339790,8.083741,,,,,,189,0,"internal_id=20,ui_id=7",20,7,20,1,-1,74.250000,mono,,,,,,,,,,,,,
1780467776.217597,,,MATCH_ACCEPT,20,0,14.367568,8.065417,14.339248,,8.086462,0.035283,6.006949,1.661299,1.956099,0.803816,189,1,,,,,,,,,,,,,,,,,,,,,
1780467776.217597,,,UI_STATUS_SEND,20,,,,14.347612,194.347612,8.077878,,,,,,190,0,"internal_id=20,ui_id=7",20,7,20,1,-1,47.250000,mono,,,,,,,,,,,,,
1780467776.469096,,,MATCH_ACCEPT,20,0,14.374404,8.067708,14.348366,,8.078843,0.028319,6.474906,1.649937,1.939826,0.782466,190,1,,,,,,,,,,,,,,,,,,,,,
1780467776.469096,,,TargetKeep,20,,,,,,,,,,,,,,lock_timer_expired,,,,,,,,,,,,,,,,,,,,
1780467776.469096,,,UI_STATUS_SEND,20,,,,14.354533,194.354533,8.075128,,,,,,191,0,"internal_id=20,ui_id=7",20,7,20,1,-1,47.250000,mono,,,,,,,,,,,,,
1780467776.696453,,,MATCH_ACCEPT,20,0,14.306045,8.102083,14.356080,,8.075318,0.056744,6.524060,1.682707,2.014661,0.816842,191,1,,,,,,,,,,,,,,,,,,,,,
1780467776.696453,,,UI_STATUS_SEND,20,,,,14.343883,194.343883,8.084507,,,,,,192,0,"internal_id=20,ui_id=7",20,7,20,1,-1,71.690000,mono,,,,,,,,,,,,,
1780467777.019527,,,MATCH_ACCEPT,20,0,14.285537,8.115833,14.343735,,8.086560,0.065146,6.159388,1.728792,2.122342,0.866379,192,1,,,,,,,,,,,,,,,,,,,,,
1780467777.019527,,,UI_STATUS_SEND,20,,,,14.325954,194.325954,8.098798,,,,,,193,0,"internal_id=20,ui_id=7",20,7,20,1,-1,71.690000,mono,,,,,,,,,,,,,
1780467777.280891,,,MATCH_ACCEPT,20,0,14.372126,8.067708,14.323143,,8.103285,0.060540,6.106547,1.693565,2.050452,0.817710,193,1,,,,,,,,,,,,,,,,,,,,,
1780467777.280891,,,UI_STATUS_SEND,20,,,,14.337753,194.337753,8.088910,,,,,,194,0,"internal_id=20,ui_id=7",20,7,20,1,-1,47.250000,mono,,,,,,,,,,,,,
1780467777.524964,,,MATCH_ACCEPT,20,0,14.378961,8.063125,14.337136,,8.090489,0.049982,6.498465,1.665643,1.987792,0.786575,194,1,,,,,,,,,,,,,,,,,,,,,
1780467777.524964,,,UI_STATUS_SEND,20,,,,14.347228,194.347228,8.081326,,,,,,195,0,"internal_id=20,ui_id=7",20,7,20,1,-1,47.250000,mono,,,,,,,,,,,,,
1780467777.762910,,,MATCH_ACCEPT,20,0,14.331110,8.063125,14.348059,,8.081114,0.024716,6.552379,1.701586,2.063983,0.831412,195,1,,,,,,,,,,,,,,,,,,,,,
1780467777.762910,,,UI_STATUS_SEND,20,,,,14.343851,194.343851,8.074866,,,,,,196,0,"internal_id=20,ui_id=7",20,7,20,1,-1,47.250000,mono,,,,,,,,,,,,,
1780467777.978966,,,MATCH_ACCEPT,20,0,14.324274,8.058542,14.344066,,8.073594,0.024866,6.551562,1.701041,2.064805,0.828735,196,1,,,,,,,,,,,,,,,,,,,,,
1780467777.978966,,,UI_STATUS_SEND,20,,,,14.339151,194.339151,8.068377,,,,,,197,0,"internal_id=20,ui_id=7",20,7,20,1,-1,47.250000,mono,,,,,,,,,,,,,
1780467778.234641,,,MATCH_ACCEPT,20,0,14.321995,8.063125,14.338672,,8.065869,0.016901,6.607853,1.738569,2.149606,0.873015,197,1,,,,,,,,,,,,,,,,,,,,,
1780467778.234641,,,TargetKeep,20,,,,,,,,,,,,,,lock_timer_expired,,,,,,,,,,,,,,,,,,,,
1780467778.234641,,,UI_STATUS_SEND,20,,,,14.334404,194.334404,8.064885,,,,,,198,0,"internal_id=20,ui_id=7",20,7,20,1,-1,47.250000,mono,,,,,,,,,,,,,
1780467778.449110,,,MATCH_ACCEPT,20,0,14.326553,8.091771,14.333452,,8.062565,0.030010,6.585419,1.723612,2.120554,0.850286,198,1,,,,,,,,,,,,,,,,,,,,,
1780467778.449110,,,UI_STATUS_SEND,20,,,,14.331704,194.331704,8.072857,,,,,,199,0,"internal_id=20,ui_id=7",20,7,20,1,-1,89.765000,mono,,,,,,,,,,,,,
1780467778.814094,,,MATCH_ACCEPT,20,0,14.369847,8.072292,14.330336,,8.072192,0.039511,5.835274,1.753716,2.189634,0.885887,199,1,,,,,,,,,,,,,,,,,,,,,
1780467778.814094,,,UI_STATUS_SEND,20,,,,14.344837,194.344837,8.072240,,,,,,200,0,"internal_id=20,ui_id=7",20,7,20,1,-1,47.250000,mono,,,,,,,,,,,,,
1780467779.175398,,,MATCH_ACCEPT,20,0,14.328831,8.111250,14.345608,,8.071584,0.043068,6.455924,1.637283,1.929284,0.751411,200,1,,,,,,,,,,,,,,,,,,,,,
1780467779.175398,,,UI_STATUS_SEND,20,,,,14.341650,194.341650,8.084465,,,,,,201,0,"internal_id=20,ui_id=7",20,7,20,1,-1,74.250000,mono,,,,,,,,,,,,,
1780467779.439482,,,MATCH_ACCEPT,20,0,14.349339,8.098646,14.341828,,8.086440,0.014331,6.061546,1.697697,2.052542,0.829634,201,1,,,,,,,,,,,,,,,,,,,,,
1780467779.439482,,,UI_STATUS_SEND,20,,,,14.344122,194.344122,8.091512,,,,,,202,0,"internal_id=20,ui_id=7",20,7,20,1,-1,60.750000,mono,,,,,,,,,,,,,
1780467779.766128,,,MATCH_ACCEPT,20,0,14.308323,8.125000,14.344644,,8.094518,0.047417,6.287485,1.668323,1.988144,0.795158,202,1,,,,,,,,,,,,,,,,,,,,,
1780467779.766128,,,UI_STATUS_SEND,20,,,,14.335027,194.335027,8.105661,,,,,,203,0,"internal_id=20,ui_id=7",20,7,20,1,-1,74.250000,mono,,,,,,,,,,,,,
1780467780.101900,,,MATCH_ACCEPT,20,0,14.274144,8.147917,14.334103,,8.110933,0.070447,6.051893,1.691262,2.036995,0.823372,203,1,,,,,,,,,,,,,,,,,,,,,
1780467780.101900,,,UI_STATUS_SEND,20,,,,14.315886,194.315886,8.126233,,,,,,204,0,"internal_id=20,ui_id=7",20,7,20,1,-1,74.250000,mono,,,,,,,,,,,,,
1780467780.391776,,,MATCH_ACCEPT,20,0,14.348200,8.105521,14.312230,,8.134595,0.046251,6.010607,1.663738,1.978008,0.790016,204,1,,,,,,,,,,,,,,,,,,,,,
1780467780.391776,,,TargetKeep,20,,,,,,,,,,,,,,lock_timer_expired,,,,,,,,,,,,,,,,,,,,
1780467780.391776,,,UI_STATUS_SEND,20,,,,14.322936,194.322936,8.122858,,,,,,205,0,"internal_id=20,ui_id=7",20,7,20,1,-1,57.895000,mono,,,,,,,,,,,,,
1780467780.621806,,,MATCH_ACCEPT,20,0,14.406305,8.076875,14.321051,,8.128368,0.099598,6.280620,1.625680,1.894154,0.748682,205,1,,,,,,,,,,,,,,,,,,,,,
1780467780.621806,,,UI_STATUS_SEND,20,,,,14.342288,194.342288,8.110652,,,,,,206,0,"internal_id=20,ui_id=7",20,7,20,1,-1,47.250000,mono,,,,,,,,,,,,,
1780467780.860537,,,MATCH_ACCEPT,20,0,14.308323,8.122708,14.343391,,8.112934,0.036404,6.487216,1.658144,1.959825,0.789617,206,1,,,,,,,,,,,,,,,,,,,,,
1780467780.860537,,,UI_STATUS_SEND,20,,,,14.335020,194.335020,8.116215,,,,,,207,0,"internal_id=20,ui_id=7",20,7,20,1,-1,74.250000,mono,,,,,,,,,,,,,
1780467781.106468,,,MATCH_ACCEPT,20,0,14.296930,8.125000,14.334911,,8.119222,0.038418,6.076949,1.707966,2.069792,0.847355,207,1,,,,,,,,,,,,,,,,,,,,,
1780467781.106468,,,UI_STATUS_SEND,20,,,,14.323243,194.323243,8.121653,,,,,,208,0,"internal_id=20,ui_id=7",20,7,20,1,-1,74.250000,mono,,,,,,,,,,,,,
1780467781.428815,,,MATCH_ACCEPT,20,0,14.344782,8.100938,14.321379,,8.125199,0.033709,6.026029,1.674019,2.000456,0.801885,208,1,,,,,,,,,,,,,,,,,,,,,
1780467781.428815,,,UI_STATUS_SEND,20,,,,14.328400,194.328400,8.115317,,,,,,209,0,"internal_id=20,ui_id=7",20,7,20,1,-1,60.750000,mono,,,,,,,,,,,,,
1780467781.650701,,,MATCH_ACCEPT,20,0,14.415420,8.067708,14.327683,,8.116692,0.100485,6.220161,1.623441,1.890629,0.744930,209,1,,,,,,,,,,,,,,,,,,,,,
1780467781.650701,,,UI_STATUS_SEND,20,,,,14.350066,194.350066,8.099520,,,,,,210,0,"internal_id=20,ui_id=7",20,7,20,1,-1,47.250000,mono,,,,,,,,,,,,,
1780467781.860743,,,MATCH_ACCEPT,20,0,14.303766,8.127292,14.352226,,8.097890,0.056682,6.428120,1.618747,1.876115,0.744227,210,1,,,,,,,,,,,,,,,,,,,,,
1780467781.860743,,,UI_STATUS_SEND,20,,,,14.341038,194.341038,8.107376,,,,,,211,0,"internal_id=20,ui_id=7",20,7,20,1,-1,77.970000,mono,,,,,,,,,,,,,
1780467782.071355,,,MATCH_ACCEPT,20,0,14.296930,8.129583,14.341774,,8.107374,0.050042,5.905138,1.643025,1.924562,0.774971,211,1,,,,,,,,,,,,,,,,,,,,,
1780467782.071355,,,TargetKeep,20,,,,,,,,,,,,,,lock_timer_expired,,,,,,,,,,,,,,,,,,,,
1780467782.071355,,,UI_STATUS_SEND,20,,,,14.328225,194.328225,8.116498,,,,,,212,0,"internal_id=20,ui_id=7",20,7,20,1,-1,77.970000,mono,,,,,,,,,,,,,
1780467782.278982,,,MATCH_ACCEPT,20,0,14.347060,8.107812,14.327236,,8.118053,0.022313,5.812725,1.581416,1.793347,0.707531,212,1,,,,,,,,,,,,,,,,,,,,,
1780467782.278982,,,UI_STATUS_SEND,20,,,,14.332934,194.332934,8.114069,,,,,,213,0,"internal_id=20,ui_id=7",20,7,20,1,-1,70.875000,mono,,,,,,,,,,,,,
1780467782.660594,,,MATCH_ACCEPT,20,0,14.383519,8.095208,14.332624,,8.115106,0.054646,5.973031,1.593688,1.810380,0.729459,213,1,,,,,,,,,,,,,,,,,,,,,
1780467782.660594,,,UI_STATUS_SEND,20,,,,14.346408,194.346408,8.107655,,,,,,214,0,"internal_id=20,ui_id=7",20,7,20,1,-1,47.250000,mono,,,,,,,,,,,,,
1780467782.958332,,,MATCH_ACCEPT,20,0,14.294652,8.125000,14.348267,,8.107093,0.056527,6.437982,1.625321,1.873528,0.768141,214,1,,,,,,,,,,,,,,,,,,,,,
1780467782.958332,,,UI_STATUS_SEND,20,,,,14.335902,194.335902,8.112995,,,,,,215,0,"internal_id=20,ui_id=7",20,7,20,1,-1,82.070000,mono,,,,,,,,,,,,,
1780467783.195537,,,MATCH_ACCEPT,20,0,14.246800,8.143333,14.335814,,8.113656,0.093831,5.885291,1.684461,2.003695,0.833713,215,1,,,,,,,,,,,,,,,,,,,,,
1780467783.195537,,,UI_STATUS_SEND,20,,,,14.307095,194.307095,8.126779,,,,,,216,0,"internal_id=20,ui_id=7",20,7,20,1,-1,82.070000,mono,,,,,,,,,,,,,
1780467783.511035,,,MATCH_ACCEPT,20,0,14.342503,8.095208,14.302525,,8.130205,0.053132,5.818216,1.639744,1.916839,0.771921,216,1,,,,,,,,,,,,,,,,,,,,,
1780467783.511035,,,UI_STATUS_SEND,20,,,,14.315039,194.315039,8.115391,,,,,,217,0,"internal_id=20,ui_id=7",20,7,20,1,-1,47.250000,mono,,,,,,,,,,,,,
1780467783.812810,,,MATCH_ACCEPT,20,0,14.337946,8.099792,14.312415,,8.115742,0.030104,6.419784,1.613189,1.860562,0.741818,217,1,,,,,,,,,,,,,,,,,,,,,
1780467783.812810,,,UI_STATUS_SEND,20,,,,14.318271,194.318271,8.110607,,,,,,218,0,"internal_id=20,ui_id=7",20,7,20,1,-1,47.250000,mono,,,,,,,,,,,,,
1780467784.042648,,,MATCH_ACCEPT,20,0,14.290094,8.141042,14.316695,,8.109949,0.040919,6.494677,1.663118,1.966449,0.799512,218,1,,,,,,,,,,,,,,,,,,,,,
1780467784.042648,,,TargetKeep,20,,,,,,,,,,,,,,lock_timer_expired,,,,,,,,,,,,,,,,,,,,
1780467784.042648,,,UI_STATUS_SEND,20,,,,14.310329,194.310329,8.120474,,,,,,219,0,"internal_id=20,ui_id=7",20,7,20,1,-1,82.070000,mono,,,,,,,,,,,,,
1780467784.276082,,,MATCH_ACCEPT,20,0,14.328831,8.104375,14.307813,,8.121815,0.027311,5.908463,1.699908,2.051905,0.837783,219,1,,,,,,,,,,,,,,,,,,,,,
1780467784.276082,,,UI_STATUS_SEND,20,,,,14.314704,194.314704,8.114082,,,,,,220,0,"internal_id=20,ui_id=7",20,7,20,1,-1,47.250000,mono,,,,,,,,,,,,,
1780467784.755244,,,MATCH_ACCEPT,20,0,14.301488,8.125000,14.311732,,8.113857,0.015136,6.865550,1.910366,2.526327,1.123172,220,2,,,,,,,,,,,,,,,,,,,,,
1780467784.755244,,,UI_STATUS_SEND,20,,,,14.308783,194.308783,8.118517,,,,,,221,0,"internal_id=20,ui_id=7",20,7,20,1,-1,74.250000,mono,,,,,,,,,,,,,
1780467785.004893,,,MATCH_ACCEPT,20,0,14.333389,8.095208,14.306702,,8.119303,0.035955,6.323238,1.872158,2.476756,1.028221,221,1,,,,,,,,,,,,,,,,,,,,,
1780467785.004893,,,UI_STATUS_SEND,20,,,,14.315953,194.315953,8.108017,,,,,,222,0,"internal_id=20,ui_id=7",20,7,20,1,-1,47.250000,mono,,,,,,,,,,,,,
1780467785.408136,,,MATCH_ACCEPT,20,0,14.327692,8.116979,14.315218,,8.106638,0.016203,6.640546,1.760364,2.228029,0.870851,222,1,,,,,,,,,,,,,,,,,,,,,
1780467785.408136,,,UI_STATUS_SEND,20,,,,14.318496,194.318496,8.110339,,,,,,223,0,"internal_id=20,ui_id=7",20,7,20,1,-1,59.470000,mono,,,,,,,,,,,,,
1780467785.642064,,,MATCH_ACCEPT,20,0,14.392633,8.099792,14.318254,,8.109721,0.075039,6.445783,1.756789,2.216637,0.869670,223,1,,,,,,,,,,,,,,,,,,,,,
1780467785.642064,,,UI_STATUS_SEND,20,,,,14.339334,194.339334,8.105919,,,,,,224,0,"internal_id=20,ui_id=7",20,7,20,1,-1,47.250000,mono,,,,,,,,,,,,,
1780467785.886202,,,MATCH_ACCEPT,20,0,14.367568,8.106667,14.342066,,8.104550,0.025590,6.608676,1.739118,2.171543,0.852987,224,1,,,,,,,,,,,,,,,,,,,,,
1780467785.886202,,,UI_STATUS_SEND,20,,,,14.348642,194.348642,8.105297,,,,,,225,0,"internal_id=20,ui_id=7",20,7,20,1,-1,47.250000,mono,,,,,,,,,,,,,
1780467786.117862,,,MATCH_ACCEPT,20,0,14.392633,8.104375,14.352119,,8.104135,0.040515,6.611541,1.741027,2.171443,0.859733,225,1,,,,,,,,,,,,,,,,,,,,,
1780467786.117862,,,TargetKeep,20,,,,,,,,,,,,,,lock_timer_expired,,,,,,,,,,,,,,,,,,,,
1780467786.117862,,,UI_STATUS_SEND,20,,,,14.362566,194.362566,8.104220,,,,,,226,0,"internal_id=20,ui_id=7",20,7,20,1,-1,47.250000,mono,,,,,,,,,,,,,
1780467786.559643,,,MATCH_ACCEPT,20,0,14.328831,8.104375,14.371884,,8.102033,0.043116,7.033215,2.022143,2.828976,1.260088,226,2,,,,,,,,,,,,,,,,,,,,,
1780467786.559643,,,UI_STATUS_SEND,20,,,,14.358469,194.358469,8.103079,,,,,,227,0,"internal_id=20,ui_id=7",20,7,20,1,-1,47.250000,mono,,,,,,,,,,,,,
1780467786.860065,,,MATCH_ACCEPT,20,0,14.328831,8.099792,14.361829,,8.102039,0.033074,6.897626,1.931751,2.648675,1.082986,227,1,,,,,,,,,,,,,,,,,,,,,
1780467786.860065,,,UI_STATUS_SEND,20,,,,14.352007,194.352007,8.101119,,,,,,228,0,"internal_id=20,ui_id=7",20,7,20,1,-1,47.250000,mono,,,,,,,,,,,,,
1780467787.112889,,,MATCH_ACCEPT,20,0,14.328831,8.099792,14.353983,,8.099907,0.025152,6.816457,1.877638,2.527678,0.997847,228,1,,,,,,,,,,,,,,,,,,,,,
1780467787.112889,,,UI_STATUS_SEND,20,,,,14.346740,194.346740,8.099862,,,,,,229,0,"internal_id=20,ui_id=7",20,7,20,1,-1,47.250000,mono,,,,,,,,,,,,,
1780467787.351029,,,MATCH_ACCEPT,20,0,14.328831,8.104375,14.347652,,8.098699,0.019658,6.746278,1.830852,2.413798,0.938222,229,1,,,,,,,,,,,,,,,,,,,,,
1780467787.351029,,,UI_STATUS_SEND,20,,,,14.342409,194.342409,8.100829,,,,,,230,0,"internal_id=20,ui_id=7",20,7,20,1,-1,47.250000,mono,,,,,,,,,,,,,
1780467787.589133,,,MATCH_ACCEPT,20,0,14.328831,8.104375,14.342619,,8.100052,0.014450,6.703350,1.802233,2.339212,0.908832,230,1,,,,,,,,,,,,,,,,,,,,,
1780467787.589133,,,UI_STATUS_SEND,20,,,,14.338864,194.338864,8.101642,,,,,,231,0,"internal_id=20,ui_id=7",20,7,20,1,-1,47.250000,mono,,,,,,,,,,,,,
1780467787.797039,,,MATCH_ACCEPT,20,0,14.292373,8.125000,14.338606,,8.101217,0.051992,6.627689,1.751793,2.214277,0.854501,231,1,,,,,,,,,,,,,,,,,,,,,
1780467787.797039,,,UI_STATUS_SEND,20,,,,14.326512,194.326512,8.109625,,,,,,232,0,"internal_id=20,ui_id=7",20,7,20,1,-1,74.250000,mono,,,,,,,,,,,,,
1780467788.057125,,,MATCH_ACCEPT,20,0,14.283258,8.129583,14.324480,,8.110748,0.045321,6.166971,1.767981,2.241070,0.884685,232,1,,,,,,,,,,,,,,,,,,,,,
1780467788.057125,,,TargetKeep,20,,,,,,,,,,,,,,lock_timer_expired,,,,,,,,,,,,,,,,,,,,
1780467788.057125,,,UI_STATUS_SEND,20,,,,14.311109,194.311109,8.118870,,,,,,233,0,"internal_id=20,ui_id=7",20,7,20,1,-1,74.250000,mono,,,,,,,,,,,,,
1780467788.406789,,,MATCH_ACCEPT,20,0,14.303766,8.134167,14.307148,,8.121599,0.013014,6.072292,1.704862,2.088940,0.817613,233,1,,,,,,,,,,,,,,,,,,,,,
1780467788.406789,,,UI_STATUS_SEND,20,,,,14.306103,194.306103,8.126777,,,,,,234,0,"internal_id=20,ui_id=7",20,7,20,1,-1,85.440000,mono,,,,,,,,,,,,,
1780467788.649329,,,MATCH_ACCEPT,20,0,14.303766,8.136458,14.302112,,8.130438,0.006244,5.785212,1.662675,1.985266,0.779222,234,1,,,,,,,,,,,,,,,,,,,,,
1780467788.649329,,,UI_STATUS_SEND,20,,,,14.302659,194.302659,8.133069,,,,,,235,0,"internal_id=20,ui_id=7",20,7,20,1,-1,85.440000,mono,,,,,,,,,,,,,
1780467788.884590,,,MATCH_ACCEPT,20,0,14.360732,8.113542,14.298864,,8.137125,0.066211,5.680960,1.593174,1.825597,0.712605,235,1,,,,,,,,,,,,,,,,,,,,,
1780467788.884590,,,UI_STATUS_SEND,20,,,,14.318201,194.318201,8.127334,,,,,,236,0,"internal_id=20,ui_id=7",20,7,20,1,-1,47.250000,mono,,,,,,,,,,,,,
1780467789.368903,,,MATCH_ACCEPT,20,0,14.317438,8.108958,14.316211,,8.131466,0.022541,6.760813,1.840542,2.337690,1.049905,236,2,,,,,,,,,,,,,,,,,,,,,
1780467789.368903,,,UI_STATUS_SEND,20,,,,14.316545,194.316545,8.122420,,,,,,237,0,"internal_id=20,ui_id=7",20,7,20,1,-1,97.460000,mono,,,,,,,,,,,,,
1780467789.857582,,,MATCH_ACCEPT,20,0,14.315159,8.108958,14.314647,,8.123229,0.014280,6.232136,2.120891,3.065523,1.432656,237,2,,,,,,,,,,,,,,,,,,,,,
1780467789.857582,,,UI_STATUS_SEND,20,,,,14.314891,194.314891,8.114242,,,,,,238,0,"internal_id=20,ui_id=7",20,7,20,1,-1,47.250000,mono,,,,,,,,,,,,,
1780467790.098932,,,MATCH_ACCEPT,20,0,14.306045,8.076875,14.313917,,8.113058,0.037030,6.604642,1.736428,2.184945,0.830237,238,1,,,,,,,,,,,,,,,,,,,,,
1780467790.098932,,,UI_STATUS_SEND,20,,,,14.311878,194.311878,8.100503,,,,,,239,0,"internal_id=20,ui_id=7",20,7,20,1,-1,47.250000,mono,,,,,,,,,,,,,
1780467790.359024,,,MATCH_ACCEPT,20,0,14.287816,8.136458,14.310573,,8.096856,0.045675,6.638921,1.759280,2.228340,0.866728,239,1,,,,,,,,,,,,,,,,,,,,,
1780467790.359024,,,TargetKeep,20,,,,,,,,,,,,,,lock_timer_expired,,,,,,,,,,,,,,,,,,,,
1780467790.359024,,,UI_STATUS_SEND,20,,,,14.304592,194.304592,8.110986,,,,,,240,0,"internal_id=20,ui_id=7",20,7,20,1,-1,82.070000,mono,,,,,,,,,,,,,
1780467790.600376,,,MATCH_ACCEPT,20,0,14.342503,8.113542,14.302492,,8.110140,0.040156,6.007186,1.765724,2.237577,0.880204,240,1,,,,,,,,,,,,,,,,,,,,,
1780467790.600376,,,UI_STATUS_SEND,20,,,,14.316384,194.316384,8.111690,,,,,,241,0,"internal_id=20,ui_id=7",20,7,20,1,-1,47.250000,mono,,,,,,,,,,,,,
1780467790.855502,,,MATCH_ACCEPT,20,0,14.351618,8.108958,14.316229,,8.111119,0.035455,6.510678,1.673785,2.020845,0.780711,241,1,,,,,,,,,,,,,,,,,,,,,
1780467790.855502,,,UI_STATUS_SEND,20,,,,14.324876,194.324876,8.110399,,,,,,242,0,"internal_id=20,ui_id=7",20,7,20,1,-1,47.250000,mono,,,,,,,,,,,,,
1780467791.076574,,,MATCH_ACCEPT,20,0,14.324274,8.113542,14.325865,,8.109766,0.004097,6.532389,1.688259,2.043303,0.806917,242,1,,,,,,,,,,,,,,,,,,,,,
1780467791.076574,,,UI_STATUS_SEND,20,,,,14.325473,194.325473,8.111052,,,,,,243,0,"internal_id=20,ui_id=7",20,7,20,1,-1,47.250000,mono,,,,,,,,,,,,,
1780467791.390873,,,MATCH_ACCEPT,20,0,14.319717,8.116979,14.326534,,8.110595,0.009340,6.596618,1.731079,2.134022,0.862611,243,1,,,,,,,,,,,,,,,,,,,,,
1780467791.390873,,,UI_STATUS_SEND,20,,,,14.324799,194.324799,8.112866,,,,,,244,0,"internal_id=20,ui_id=7",20,7,20,1,-1,62.610000,mono,,,,,,,,,,,,,
1780467791.604938,,,MATCH_ACCEPT,20,0,14.378961,8.104375,14.325487,,8.112865,0.054144,6.326799,1.719333,2.110240,0.845865,244,1,,,,,,,,,,,,,,,,,,,,,
1780467791.604938,,,UI_STATUS_SEND,20,,,,14.340515,194.340515,8.109594,,,,,,245,0,"internal_id=20,ui_id=7",20,7,20,1,-1,47.250000,mono,,,,,,,,,,,,,
1780467791.845265,,,MATCH_ACCEPT,20,0,14.290094,8.125000,14.343426,,8.108967,0.055690,6.559340,1.706227,2.080919,0.830291,245,1,,,,,,,,,,,,,,,,,,,,,
1780467791.845265,,,UI_STATUS_SEND,20,,,,14.330105,194.330105,8.114530,,,,,,246,0,"internal_id=20,ui_id=7",20,7,20,1,-1,74.250000,mono,,,,,,,,,,,,,
1780467792.079865,,,MATCH_ACCEPT,20,0,14.283258,8.129583,14.331085,,8.114968,0.050009,6.105416,1.726944,2.126479,0.855856,246,1,,,,,,,,,,,,,,,,,,,,,
1780467792.079865,,,TargetKeep,20,,,,,,,,,,,,,,lock_timer_expired,,,,,,,,,,,,,,,,,,,,
1780467792.079865,,,UI_STATUS_SEND,20,,,,14.316116,194.316116,8.121152,,,,,,247,0,"internal_id=20,ui_id=7",20,7,20,1,-1,74.250000,mono,,,,,,,,,,,,,
1780467792.317228,,,MATCH_ACCEPT,20,0,14.285537,8.120417,14.314991,,8.122774,0.029548,6.021967,1.671311,2.002935,0.790346,247,1,,,,,,,,,,,,,,,,,,,,,
1780467792.317228,,,UI_STATUS_SEND,20,,,,14.306147,194.306147,8.121822,,,,,,248,0,"internal_id=20,ui_id=7",20,7,20,1,-1,77.970000,mono,,,,,,,,,,,,,
1780467792.545689,,,MATCH_ACCEPT,20,0,14.319717,8.108958,14.303851,,8.123207,0.021325,5.886061,1.630307,1.908200,0.749703,248,1,,,,,,,,,,,,,,,,,,,,,
1780467792.545689,,,UI_STATUS_SEND,20,,,,14.308616,194.308616,8.117467,,,,,,249,0,"internal_id=20,ui_id=7",20,7,20,1,-1,47.250000,mono,,,,,,,,,,,,,
1780467792.789901,,,MATCH_ACCEPT,20,0,14.317438,8.112396,14.306867,,8.117793,0.011869,6.419145,1.612763,1.862461,0.738545,249,1,,,,,,,,,,,,,,,,,,,,,
1780467792.789901,,,UI_STATUS_SEND,20,,,,14.309294,194.309294,8.116061,,,,,,250,0,"internal_id=20,ui_id=7",20,7,20,1,-1,87.715000,mono,,,,,,,,,,,,,
1780467792.996171,,,MATCH_ACCEPT,20,0,14.374404,8.104375,14.308125,,8.116038,0.067297,5.700465,1.636510,1.908767,0.769399,250,1,,,,,,,,,,,,,,,,,,,,,
1780467792.996171,,,UI_STATUS_SEND,20,,,,14.329947,194.329947,8.110885,,,,,,251,0,"internal_id=20,ui_id=7",20,7,20,1,-1,97.460000,mono,,,,,,,,,,,,,
1780467793.412942,,,MATCH_ACCEPT,20,0,14.274144,8.111250,14.333173,,8.109061,0.059070,5.774030,1.815486,2.283689,1.012302,251,2,,,,,,,,,,,,,,,,,,,,,
1780467793.412942,,,UI_STATUS_SEND,20,,,,14.309326,194.309326,8.110256,,,,,,252,0,"internal_id=20,ui_id=7",20,7,20,1,-1,77.970000,mono,,,,,,,,,,,,,
1780467793.623514,,,MATCH_ACCEPT,20,0,14.265029,8.111250,14.307875,,8.109538,0.042880,5.831333,1.593822,1.826145,0.714125,252,1,,,,,,,,,,,,,,,,,,,,,
1780467793.623514,,,UI_STATUS_SEND,20,,,,14.295399,194.295399,8.110208,,,,,,253,0,"internal_id=20,ui_id=7",20,7,20,1,-1,77.970000,mono,,,,,,,,,,,,,
1780467793.919778,,,MATCH_ACCEPT,20,0,14.315159,8.108958,14.291736,,8.109496,0.023429,5.844455,1.602570,1.835626,0.732605,253,1,,,,,,,,,,,,,,,,,,,,,
1780467793.919778,,,TargetKeep,20,,,,,,,,,,,,,,lock_timer_expired,,,,,,,,,,,,,,,,,,,,
1780467793.919778,,,UI_STATUS_SEND,20,,,,14.298582,194.298582,8.109283,,,,,,254,0,"internal_id=20,ui_id=7",20,7,20,1,-1,64.660000,mono,,,,,,,,,,,,,
1780467794.134602,,,MATCH_ACCEPT,20,0,14.378961,8.102083,14.296363,,8.108632,0.082857,6.063905,1.571403,1.766768,0.702540,254,1,,,,,,,,,,,,,,,,,,,,,
1780467794.134602,,,UI_STATUS_SEND,20,,,,14.317114,194.317114,8.106353,,,,,,255,0,"internal_id=20,ui_id=7",20,7,20,1,-1,47.250000,mono,,,,,,,,,,,,,
1780467794.385574,,,MATCH_ACCEPT,20,0,14.283258,8.099792,14.317830,,8.105106,0.034977,6.443662,1.629108,1.882504,0.771488,255,1,,,,,,,,,,,,,,,,,,,,,
1780467794.385574,,,UI_STATUS_SEND,20,,,,14.309827,194.309827,8.103350,,,,,,256,0,"internal_id=20,ui_id=7",20,7,20,1,-1,74.250000,mono,,,,,,,,,,,,,
1780467794.605478,,,MATCH_ACCEPT,20,0,14.278701,8.097500,14.309337,,8.101922,0.030954,6.018099,1.668733,1.971631,0.813038,256,1,,,,,,,,,,,,,,,,,,,,,
1780467794.605478,,,UI_STATUS_SEND,20,,,,14.300240,194.300240,8.100106,,,,,,257,0,"internal_id=20,ui_id=7",20,7,20,1,-1,74.250000,mono,,,,,,,,,,,,,
1780467794.850531,,,MATCH_ACCEPT,20,0,14.351618,8.108958,14.298293,,8.098144,0.054411,5.996393,1.654262,1.948334,0.788249,257,1,,,,,,,,,,,,,,,,,,,,,
1780467794.850531,,,UI_STATUS_SEND,20,,,,14.313996,194.313996,8.102504,,,,,,258,0,"internal_id=20,ui_id=7",20,7,20,1,-1,47.250000,mono,,,,,,,,,,,,,
1780467795.098984,,,MATCH_ACCEPT,20,0,14.342503,8.108958,14.314463,,8.101417,0.029037,6.472302,1.648202,1.937983,0.778586,258,1,,,,,,,,,,,,,,,,,,,,,
1780467795.098984,,,UI_STATUS_SEND,20,,,,14.321100,194.321100,8.103925,,,,,,259,0,"internal_id=20,ui_id=7",20,7,20,1,-1,47.250000,mono,,,,,,,,,,,,,
1780467795.350365,,,MATCH_ACCEPT,20,0,14.296930,8.103229,14.322602,,8.103352,0.025672,6.567253,1.711502,2.078264,0.850975,259,1,,,,,,,,,,,,,,,,,,,,,
1780467795.350365,,,UI_STATUS_SEND,20,,,,14.316196,194.316196,8.103309,,,,,,260,0,"internal_id=20,ui_id=7",20,7,20,1,-1,64.660000,mono,,,,,,,,,,,,,
1780467795.579756,,,MATCH_ACCEPT,20,0,14.308323,8.108958,14.316673,,8.102775,0.010390,6.298584,1.727856,2.123428,0.862059,260,1,,,,,,,,,,,,,,,,,,,,,
1780467795.579756,,,TargetKeep,20,,,,,,,,,,,,,,lock_timer_expired,,,,,,,,,,,,,,,,,,,,
1780467795.579756,,,UI_STATUS_SEND,20,,,,14.314274,194.314274,8.105222,,,,,,261,0,"internal_id=20,ui_id=7",20,7,20,1,-1,72.355000,mono,,,,,,,,,,,,,
1780467795.894028,,,MATCH_ACCEPT,20,0,14.306045,8.104375,14.314431,,8.105130,0.008420,6.129828,1.717952,2.107776,0.843584,261,1,,,,,,,,,,,,,,,,,,,,,
1780467795.894028,,,UI_STATUS_SEND,20,,,,14.311866,194.311866,8.104817,,,,,,262,0,"internal_id=20,ui_id=7",20,7,20,1,-1,97.460000,mono,,,,,,,,,,,,,
1780467796.379796,,,MATCH_ACCEPT,20,0,14.306045,8.099792,14.311453,,8.104536,0.007194,5.987802,1.958001,2.657939,1.175830,262,2,,,,,,,,,,,,,,,,,,,,,
1780467796.379796,,,UI_STATUS_SEND,20,,,,14.309068,194.309068,8.101772,,,,,,263,0,"internal_id=20,ui_id=7",20,7,20,1,-1,47.250000,mono,,,,,,,,,,,,,
1780467796.665368,,,MATCH_ACCEPT,20,0,14.333389,8.095208,14.308493,,8.101086,0.025580,6.530730,1.687154,2.054495,0.791992,263,1,,,,,,,,,,,,,,,,,,,,,
1780467796.665368,,,UI_STATUS_SEND,20,,,,14.314652,194.314652,8.099109,,,,,,264,0,"internal_id=20,ui_id=7",20,7,20,1,-1,47.250000,mono,,,,,,,,,,,,,
1780467796.977880,,,MATCH_ACCEPT,20,0,14.347060,8.090625,14.314983,,8.098031,0.032921,6.592243,1.728162,2.137983,0.848561,264,1,,,,,,,,,,,,,,,,,,,,,
1780467796.977880,,,UI_STATUS_SEND,20,,,,14.323159,194.323159,8.095425,,,,,,265,0,"internal_id=20,ui_id=7",20,7,20,1,-1,47.250000,mono,,,,,,,,,,,,,
1780467797.428284,,,MATCH_ACCEPT,20,0,14.301488,8.058542,14.325922,,8.092549,0.041875,7.038245,2.025497,2.834156,1.268480,265,2,,,,,,,,,,,,,,,,,,,,,
1780467797.428284,,,UI_STATUS_SEND,20,,,,14.318299,194.318299,8.077311,,,,,,266,0,"internal_id=20,ui_id=7",20,7,20,1,-1,47.250000,mono,,,,,,,,,,,,,
1780467797.681790,,,MATCH_ACCEPT,20,0,14.299209,8.042500,14.318744,,8.072838,0.036083,6.899356,1.932904,2.651529,1.084589,266,1,,,,,,,,,,,,,,,,,,,,,
1780467797.681790,,,UI_STATUS_SEND,20,,,,14.312925,194.312925,8.060408,,,,,,267,0,"internal_id=20,ui_id=7",20,7,20,1,-1,47.250000,mono,,,,,,,,,,,,,
1780467798.146721,,,MATCH_ACCEPT,20,0,14.274144,8.097500,14.312250,,8.048163,0.062339,7.223428,2.148952,3.216553,1.401441,267,2,,,,,,,,,,,,,,,,,,,,,
1780467798.146721,,,TargetKeep,20,,,,,,,,,,,,,,lock_timer_expired,,,,,,,,,,,,,,,,,,,,
1780467798.146721,,,UI_STATUS_SEND,20,,,,14.299302,194.299302,8.071491,,,,,,268,0,"internal_id=20,ui_id=7",20,7,20,1,-1,71.690000,mono,,,,,,,,,,,,,
1780467798.463462,,,MATCH_ACCEPT,20,0,14.337946,8.086042,14.297159,,8.068910,0.044239,6.557299,1.994066,2.850264,1.126035,268,1,,,,,,,,,,,,,,,,,,,,,
1780467798.463462,,,UI_STATUS_SEND,20,,,,14.312307,194.312307,8.077182,,,,,,269,0,"internal_id=20,ui_id=7",20,7,20,1,-1,47.250000,mono,,,,,,,,,,,,,
1780467798.844636,,,MATCH_ACCEPT,20,0,14.173883,7.907292,14.312217,,8.076099,0.218248,6.735210,1.823473,2.416629,0.908427,269,1,,,,,,,,,,,,,,,,,,,,,
1780467798.844636,,,UI_STATUS_SEND,20,,,,14.273644,194.273644,8.014037,,,,,,270,0,"internal_id=20,ui_id=7",20,7,20,1,-1,74.250000,mono,,,,,,,,,,,,,
1780467799.088367,,,MATCH_ACCEPT,20,0,14.048558,7.758333,14.268388,,8.001614,0.327889,6.215777,1.800518,2.344317,0.897548,270,1,,,,,,,,,,,,,,,,,,,,,
1780467799.088367,,,UI_STATUS_SEND,20,,,,14.194893,194.194893,7.895846,,,,,,271,0,"internal_id=20,ui_id=7",20,7,20,1,-1,74.250000,mono,,,,,,,,,,,,,
1780467799.425604,,,MATCH_ACCEPT,20,0,14.091852,7.618542,14.179275,,7.862811,0.259442,6.090147,1.716765,2.131200,0.816082,271,1,,,,,,,,,,,,,,,,,,,,,
1780467799.425604,,,UI_STATUS_SEND,20,,,,14.151871,194.151871,7.762286,,,,,,272,0,"internal_id=20,ui_id=7",20,7,20,1,-1,82.070000,mono,,,,,,,,,,,,,
1780467799.643723,,,MATCH_ACCEPT,20,0,14.012099,7.471875,14.134840,,7.716116,0.273347,5.816898,1.638865,1.941612,0.744266,272,1,,,,,,,,,,,,,,,,,,,,,
1780467799.643723,,,UI_STATUS_SEND,20,,,,14.096079,194.096079,7.614898,,,,,,273,0,"internal_id=20,ui_id=7",20,7,20,1,-1,82.070000,mono,,,,,,,,,,,,,
1780467799.969299,,,MATCH_ACCEPT,20,0,14.062230,7.359583,14.070914,,7.541536,0.182160,5.765785,1.604790,1.850109,0.725241,273,1,,,,,,,,,,,,,,,,,,,,,
1780467799.969299,,,UI_STATUS_SEND,20,,,,14.068261,194.068261,7.467273,,,,,,274,0,"internal_id=20,ui_id=7",20,7,20,1,-1,85.440000,mono,,,,,,,,,,,,,
1780467800.181538,,,MATCH_ACCEPT,20,0,14.342503,8.090625,14.046558,,7.391831,0.758878,5.615314,1.549410,1.723936,0.676734,274,1,,,,,,,,,,,,,,,,,,,,,
1780467800.181538,,,TargetKeep,20,,,,,,,,,,,,,,lock_timer_expired,,,,,,,,,,,,,,,,,,,,
1780467800.181538,,,UI_STATUS_SEND,20,,,,14.135452,194.135452,7.673221,,,,,,275,0,"internal_id=20,ui_id=7",20,7,20,1,-1,47.250000,mono,,,,,,,,,,,,,
1780467800.410786,,,MATCH_ACCEPT,20,0,14.069066,7.382500,14.124538,,7.646274,0.269544,6.290365,1.526910,1.667320,0.664135,275,1,,,,,,,,,,,,,,,,,,,,,
1780467800.410786,,,NEW_TRACK,21,1,14.342503,8.090625,,,,,,,1.000000,1.000000,1,0,,,,,,,,,,,,,,,,,,,,,
1780467800.410786,,,UI_STATUS_SEND,20,,,,14.112856,194.112856,7.567599,,,,,,276,0,"internal_id=20,ui_id=7",20,7,20,1,-1,85.440000,mono,,,,,,,,,,,,,
1780467800.623471,,,MATCH_ACCEPT,21,0,14.292373,8.074583,14.342503,,8.090625,0.052634,6.600111,1.733407,1.502351,1.502351,1,1,,,,,,,,,,,,,,,,,,,,,
1780467800.623471,,,TargetLost,20,,,,,,,,,,,,,,not_in_valid_tracks,,,,,,,,,,,,,,,,,,,,
1780467800.841032,,,MATCH_ACCEPT,20,0,14.182998,7.180833,14.089200,,7.487776,0.320954,6.106129,1.876619,2.402601,1.119099,275,2,,,,,,,,,,,,,,,,,,,,,
1780467800.841032,,,MATCH_ACCEPT,21,1,14.283258,8.070000,14.329796,,8.080340,0.047673,6.111364,2.040376,2.462480,1.700655,2,1,,,,,,,,,,,,,,,,,,,,,
1780467800.841032,,,UI_STATUS_SEND,20,,,,14.124314,194.124314,7.325973,,,,,,276,0,"internal_id=20,ui_id=7",20,7,20,1,-1,46.550000,mono,,,,,,,,,,,,,
1780467801.323700,,,MATCH_ACCEPT,20,0,14.226292,7.125833,14.109304,,7.183428,0.130397,6.999225,1.999483,2.751568,1.246366,276,2,,,,,,,,,,,,,,,,,,,,,
1780467801.323700,,,MATCH_ACCEPT,21,1,14.242243,7.840833,14.290255,,8.062942,0.227239,7.206550,2.770500,5.007064,2.668605,3,2,,,,,,,,,,,,,,,,,,,,,
1780467801.323700,,,UI_STATUS_SEND,20,,,,14.145065,194.145065,7.157872,,,,,,277,0,"internal_id=20,ui_id=7",20,7,20,1,-1,49.110000,mono,,,,,,,,,,,,,
1780467801.982417,,,MATCH_ACCEPT,20,0,14.278701,7.102917,14.137248,,6.938251,0.217080,7.784345,2.522896,4.276542,2.088465,277,3,,,,,,,,,,,,,,,,,,,,,
1780467801.982922,,,MATCH_ACCEPT,21,1,14.141982,7.593333,14.211907,,7.734886,0.157882,8.699523,3.133015,6.867204,2.948581,4,3,,,,,,,,,,,,,,,,,,,,,
1780467801.982417,,,UI_STATUS_SEND,20,,,,14.194715,194.194715,7.032445,,,,,,278,0,"internal_id=20,ui_id=7",20,7,20,1,-1,61.150000,mono,,,,,,,,,,,,,
1780467802.584423,,,MATCH_ACCEPT,20,0,14.306045,7.080000,14.203384,,6.908968,0.199477,7.466553,2.459702,4.242502,1.807632,278,2,,,,,,,,,,,,,,,,,,,,,
1780467802.584423,,,UI_STATUS_SEND,20,,,,14.248117,194.248117,7.006156,,,,,,279,0,"internal_id=20,ui_id=7",20,7,20,1,-1,77.970000,mono,,,,,,,,,,,,,
1780467803.056361,,,MATCH_ACCEPT,20,0,14.310602,7.043333,14.267181,,6.912285,0.138054,6.972207,2.354405,3.946034,1.597187,279,2,,,,,,,,,,,,,,,,,,,,,
1780467803.056361,,,UI_STATUS_SEND,20,,,,14.287600,194.287600,6.989562,,,,,,280,0,"internal_id=20,ui_id=7",20,7,20,1,-1,82.070000,mono,,,,,,,,,,,,,
1780467803.488178,,,MATCH_ACCEPT,20,0,14.315159,7.045625,14.310214,,6.922816,0.122908,6.627729,2.179420,3.394441,1.355428,280,2,,,,,,,,,,,,,,,,,,,,,
1780467803.488178,,,TargetKeep,20,,,,,,,,,,,,,,lock_timer_expired,,,,,,,,,,,,,,,,,,,,
1780467803.488178,,,UI_STATUS_SEND,20,,,,14.312423,194.312423,6.991969,,,,,,281,0,"internal_id=20,ui_id=7",20,7,20,1,-1,77.970000,mono,,,,,,,,,,,,,
1780467803.989274,,,MATCH_ACCEPT,21,0,14.205784,7.128125,13.991075,,7.063346,0.224269,11.724202,5.782268,22.447097,10.987525,2,8,,,,,,,,,,,,,,,,,,,,,
1780467803.989274,,,TargetLost,20,,,,,,,,,,,,,,not_in_valid_tracks,,,,,,,,,,,,,,,,,,,,
1780467803.989274,,,TargetSwitch,21,,,,,,,,,,,,,,master_lost,,,,,,,,,,,,,,,,,,,,
1780467803.989274,,,UI_STATUS_SEND,21,,,,14.177763,194.177763,7.123513,,,,,,3,0,"internal_id=21,ui_id=8",21,8,21,1,-1,155.930000,mono,,,,,,,,,,,,,
1780467804.407923,,,MATCH_ACCEPT,21,0,14.337946,7.176250,14.164523,,6.999645,0.247517,5.994590,2.369260,4.235109,1.378285,3,2,,,,,,,,,,,,,,,,,,,,,
1780467804.407923,,,UI_STATUS_SEND,21,,,,14.279649,194.279649,7.126792,,,,,,4,0,"internal_id=21,ui_id=8",21,8,21,1,-1,82.070000,mono,,,,,,,,,,,,,
1780467804.861287,,,MATCH_ACCEPT,21,0,14.337946,7.192292,14.287306,,7.028405,0.171532,6.088508,1.819939,2.366944,0.945232,4,2,,,,,,,,,,,,,,,,,,,,,
1780467804.861287,,,UI_STATUS_SEND,21,,,,14.305540,194.305540,7.105981,,,,,,5,0,"internal_id=21,ui_id=8",21,8,21,1,-1,82.070000,mono,,,,,,,,,,,,,
1780467805.298371,,,MATCH_ACCEPT,21,0,14.319717,7.073125,14.317242,,7.039674,0.033543,6.299420,1.960547,2.638813,1.204929,5,2,,,,,,,,,,,,,,,,,,,,,
1780467805.298371,,,UI_STATUS_SEND,21,,,,14.318196,194.318196,7.057535,,,,,,6,0,"internal_id=21,ui_id=8",21,8,21,1,-1,155.930000,mono,,,,,,,,,,,,,
1780467805.779480,,,MATCH_ACCEPT,21,0,14.333389,7.050208,14.330498,,6.995873,0.054413,5.528584,2.058589,2.911755,1.326035,6,2,,,,,,,,,,,,,,,,,,,,,
1780467805.779480,,,UI_STATUS_SEND,21,,,,14.332162,194.332162,7.034565,,,,,,7,0,"internal_id=21,ui_id=8",21,8,21,1,-1,155.930000,mono,,,,,,,,,,,,,
1780467806.087589,,,MATCH_ACCEPT,21,0,14.397191,7.153333,14.339241,,7.007875,0.156577,4.755009,1.542873,1.737673,0.642784,7,1,,,,,,,,,,,,,,,,,,,,,
1780467806.087589,,,UI_STATUS_SEND,21,,,,14.365179,194.365179,7.087184,,,,,,8,0,"internal_id=21,ui_id=8",21,8,21,1,-1,47.250000,mono,,,,,,,,,,,,,
1780467806.502951,,,MATCH_ACCEPT,21,0,14.337946,7.377917,14.383650,,7.070800,0.310499,6.400247,1.600164,1.791788,0.768738,8,2,,,,,,,,,,,,,,,,,,,,,
1780467806.502951,,,UI_STATUS_SEND,21,,,,14.373467,194.373467,7.172073,,,,,,9,0,"internal_id=21,ui_id=8",21,8,21,1,-1,82.070000,mono,,,,,,,,,,,,,
1780467807.384166,,,MATCH_REJECT,20,1,31.194031,22.162500,14.512277,,6.598811,22.814674,16.850132,8.939688,45.343711,34.574314,274,17,,,,,,,,,,,,,,,,,,,,,
1780467807.384166,,,MATCH_ACCEPT,21,0,14.447321,7.306875,14.405801,,7.214914,0.100900,7.301269,2.628446,4.439052,2.469676,9,4,,,,,,,,,,,,,,,,,,,,,
1780467807.384166,,,NEW_TRACK,22,1,31.194031,22.162500,,,,,,,1.000000,1.000000,1,0,,,,,,,,,,,,,,,,,,,,,
1780467807.384166,,,TargetKeep,21,,,,,,,,,,,,,,lock_timer_expired,,,,,,,,,,,,,,,,,,,,
1780467807.384166,,,UI_STATUS_SEND,21,,,,14.427119,194.427119,7.279410,,,,,,10,0,"internal_id=21,ui_id=8",21,8,21,1,-1,25.150000,mono,,,,,,,,,,,,,
1780467809.332959,,,MATCH_REJECT,21,0,337.908711,7.799583,14.519980,,7.455536,36.612885,11.247480,4.831653,14.571443,8.773430,10,9,,,,,,,,,,,,,,,,,,,,,
1780467809.332959,,,NEW_TRACK,23,0,337.908711,7.799583,,,,,,,1.000000,1.000000,1,0,,,,,,,,,,,,,,,,,,,,,
1780467809.332959,,,TargetLost,21,,,,,,,,,,,,,,not_in_valid_tracks,,,,,,,,,,,,,,,,,,,,
1780467809.840668,,,MATCH_ACCEPT,23,0,337.781107,7.765208,337.908711,,7.799583,0.132153,7.780949,2.520632,3.176794,3.176794,1,2,,,,,,,,,,,,,,,,,,,,,
1780467809.840668,,,TargetLost,21,,,,,,,,,,,,,,not_in_valid_tracks,,,,,,,,,,,,,,,,,,,,
1780467810.121172,,,MATCH_ACCEPT,23,0,337.699076,7.744583,337.850165,,7.768212,0.152925,6.066691,2.532861,4.189071,2.226311,2,1,,,,,,,,,,,,,,,,,,,,,
1780467810.121172,,,TargetLost,21,,,,,,,,,,,,,,not_in_valid_tracks,,,,,,,,,,,,,,,,,,,,
1780467810.121172,,,TargetSwitch,23,,,,,,,,,,,,,,master_lost,,,,,,,,,,,,,,,,,,,,
1780467810.121172,,,UI_STATUS_SEND,23,,,,337.745374,157.745374,7.748649,,,,,,3,0,"internal_id=23,ui_id=9",23,9,23,1,-1,173.260000,mono,,,,,,,,,,,,,
1780467810.436189,,,MATCH_ACCEPT,23,0,337.945170,7.900417,337.698023,,7.733726,0.298106,4.964904,1.798336,2.367838,0.866173,3,1,,,,,,,,,,,,,,,,,,,,,
1780467810.436189,,,UI_STATUS_SEND,23,,,,337.836742,157.836742,7.842377,,,,,,4,0,"internal_id=23,ui_id=9",23,9,23,1,-1,173.260000,mono,,,,,,,,,,,,,
1780467811.435374,,,MATCH_REJECT,23,0,321.559090,22.960000,337.803898,,7.921861,22.136834,6.521441,2.836027,5.296039,2.747011,4,4,,,,,,,,,,,,,,,,,,,,,
1780467811.435374,,,NEW_TRACK,24,0,321.559090,22.960000,,,,,,,1.000000,1.000000,1,0,,,,,,,,,,,,,,,,,,,,,
1780467811.435374,,,TargetLost,23,,,,,,,,,,,,,,not_in_valid_tracks,,,,,,,,,,,,,,,,,,,,
1780467813.233860,,,MATCH_REJECT,21,0,1.403764,38.902917,14.692894,,7.783494,33.838136,24.803747,13.869165,107.721604,84.632122,5,25,,,,,,,,,,,,,,,,,,,,,
1780467813.233860,,,NEW_TRACK,25,0,1.403764,38.902917,,,,,,,1.000000,1.000000,1,0,,,,,,,,,,,,,,,,,,,,,
1780467813.233860,,,TargetLost,23,,,,,,,,,,,,,,not_in_valid_tracks,,,,,,,,,,,,,,,,,,,,
1780467813.479885,,,MATCH_ACCEPT,25,0,1.431107,38.889167,1.403764,,38.902917,0.030606,6.729244,1.819496,1.655282,1.655282,1,1,,,,,,,,,,,,,,,,,,,,,
1780467813.479885,,,TargetLost,23,,,,,,,,,,,,,,not_in_valid_tracks,,,,,,,,,,,,,,,,,,,,
1780467813.934910,,,MATCH_ACCEPT,25,0,6.261836,35.694583,1.413361,,38.891060,5.807338,8.467520,2.978347,5.144667,3.725882,2,2,,,,,,,,,,,,,,,,,,,,,
1780467813.934910,,,TargetLost,23,,,,,,,,,,,,,,not_in_valid_tracks,,,,,,,,,,,,,,,,,,,,
1780467813.934910,,,TargetSwitch,25,,,,,,,,,,,,,,master_lost,,,,,,,,,,,,,,,,,,,,
1780467813.934910,,,UI_STATUS_SEND,25,,,,3.602437,183.602437,36.639011,,,,,,3,0,"internal_id=25,ui_id=10",25,10,25,1,-1,47.250000,mono,,,,,,,,,,,,,
1780467814.342772,,,MATCH_ACCEPT,21,0,3.448296,9.362500,14.748104,,7.888209,11.395578,30.082334,17.388222,166.733343,135.616938,2,30,,,,,,,,,,,,,,,,,,,,,
1780467814.342772,,,TargetLost,25,,,,,,,,,,,,,,not_in_valid_tracks,,,,,,,,,,,,,,,,,,,,
1780467814.342772,,,TargetSwitch,21,,,,,,,,,,,,,,master_lost,,,,,,,,,,,,,,,,,,,,
1780467814.342772,,,UI_STATUS_SEND,21,,,,3.856565,183.856565,9.345708,,,,,,3,0,"internal_id=21,ui_id=8",21,8,21,1,-1,97.460000,mono,,,,,,,,,,,,,
1780467814.633355,,,MATCH_ACCEPT,20,1,13.570042,5.047292,14.870644,,5.893823,1.551831,50.759416,31.545877,524.960181,470.182196,264,48,,,,,,,,,,,,,,,,,,,,,
1780467814.633355,,,MATCH_ACCEPT,21,0,3.425509,9.385417,3.371546,,9.440701,0.077256,7.458340,2.938360,6.764806,1.869154,3,1,,,,,,,,,,,,,,,,,,,,,
1780467814.633355,,,UI_STATUS_SEND,21,,,,3.407568,183.407568,9.402591,,,,,,4,0,"internal_id=21,ui_id=8",21,8,21,1,-1,129.940000,mono,,,,,,,,,,,,,
1780467814.857794,,,MATCH_ACCEPT,21,0,3.416395,9.394583,2.974125,,9.484233,0.451264,5.505102,1.869668,2.656550,0.839108,4,1,,,,,,,,,,,,,,,,,,,,,
1780467814.857794,,,MATCH_ACCEPT,22,1,24.863953,17.746458,31.194031,,22.162500,7.718245,53.849001,34.098934,581.368659,581.368659,0,32,,,,,,,,,,,,,,,,,,,,,
1780467814.857794,,,UI_STATUS_SEND,21,,,,3.196557,183.196557,9.433932,,,,,,5,0,"internal_id=21,ui_id=8",21,8,21,1,-1,129.940000,mono,,,,,,,,,,,,,
1780467815.210639,,,MATCH_ACCEPT,20,0,14.415420,7.187708,13.529738,,4.947233,2.409182,6.560295,2.773063,5.706056,1.983822,264,2,,,,,,,,,,,,,,,,,,,,,
1780467815.211679,,,MATCH_REJECT,21,1,352.364962,12.325625,2.735522,,9.514654,10.744769,5.046805,1.564136,1.764476,0.682047,5,1,,,,,,,,,,,,,,,,,,,,,
1780467815.211679,,,NEW_TRACK,26,1,352.364962,12.325625,,,,,,,1.000000,1.000000,1,0,,,,,,,,,,,,,,,,,,,,,
1780467815.210639,,,TargetLost,21,,,,,,,,,,,,,,not_in_valid_tracks,,,,,,,,,,,,,,,,,,,,
1780467815.210639,,,TargetSwitch,20,,,,,,,,,,,,,,master_lost,,,,,,,,,,,,,,,,,,,,
1780467815.210639,,,UI_STATUS_SEND,20,,,,14.179248,194.179248,6.723321,,,,,,265,0,"internal_id=20,ui_id=7",20,7,20,1,-1,155.930000,mono,,,,,,,,,,,,,
1780467816.500686,,,MATCH_REJECT,22,0,33.206076,16.655625,23.401123,,16.707553,9.805090,8.815072,4.155115,10.129765,7.135211,0,7,,,,,,,,,,,,,,,,,,,,,
1780467816.500686,,,NEW_TRACK,27,0,33.206076,16.655625,,,,,,,1.000000,1.000000,1,0,,,,,,,,,,,,,,,,,,,,,
1780467816.500686,,,TargetLost,20,,,,,,,,,,,,,,not_in_valid_tracks,,,,,,,,,,,,,,,,,,,,
1780467816.832018,,,MATCH_ACCEPT,27,0,33.135437,16.678542,33.206076,,16.655625,0.074262,5.186151,1.830301,1.675000,1.675000,1,1,,,,,,,,,,,,,,,,,,,,,
1780467816.832018,,,TargetLost,20,,,,,,,,,,,,,,not_in_valid_tracks,,,,,,,,,,,,,,,,,,,,
1780467817.042378,,,MATCH_ACCEPT,22,0,29.357103,12.678542,22.947177,,16.389796,7.406791,10.419066,5.224444,15.324202,11.970615,0,9,,,,,,,,,,,,,,,,,,,,,
1780467817.042378,,,MATCH_ACCEPT,27,1,33.130880,16.678542,33.165372,,16.678436,0.034492,5.297550,1.731300,1.959952,1.037447,2,1,,,,,,,,,,,,,,,,,,,,,
1780467817.042378,,,TargetLost,20,,,,,,,,,,,,,,not_in_valid_tracks,,,,,,,,,,,,,,,,,,,,
1780467817.042378,,,TargetSwitch,27,,,,,,,,,,,,,,master_lost,,,,,,,,,,,,,,,,,,,,
1780467817.042378,,,UI_STATUS_SEND,27,,,,33.150630,213.150630,16.678501,,,,,,3,0,"internal_id=27,ui_id=11",27,11,27,1,-1,129.940000,mono,,,,,,,,,,,,,
1780467817.491129,,,MATCH_ACCEPT,22,0,29.334316,12.710625,29.085160,,11.751103,0.991343,5.574747,2.116031,3.311749,1.165839,1,2,,,,,,,,,,,,,,,,,,,,,
1780467817.491129,,,TargetLost,27,,,,,,,,,,,,,,not_in_valid_tracks,,,,,,,,,,,,,,,,,,,,
1780467817.738689,,,MATCH_ACCEPT,22,0,29.334316,12.712917,29.586595,,11.923847,0.828418,4.613204,1.532602,1.744756,0.604114,2,1,,,,,,,,,,,,,,,,,,,,,
1780467817.738689,,,TargetLost,27,,,,,,,,,,,,,,not_in_valid_tracks,,,,,,,,,,,,,,,,,,,,
1780467817.738689,,,TargetSwitch,22,,,,,,,,,,,,,,master_lost,,,,,,,,,,,,,,,,,,,,
1780467817.738689,,,UI_STATUS_SEND,22,,,,29.466754,209.466754,12.362724,,,,,,3,0,"internal_id=22,ui_id=12",22,12,22,1,-1,168.570000,mono,,,,,,,,,,,,,
1780467818.457680,,,MATCH_ACCEPT,20,0,14.584040,7.586458,14.545769,,10.224136,2.637955,15.261140,8.546960,40.405991,32.644537,260,14,,,,,,,,,,,,,,,,,,,,,
1780467818.457680,,,TargetLost,22,,,,,,,,,,,,,,not_in_valid_tracks,,,,,,,,,,,,,,,,,,,,
1780467818.457680,,,TargetSwitch,20,,,,,,,,,,,,,,master_lost,,,,,,,,,,,,,,,,,,,,
1780467818.457680,,,UI_STATUS_SEND,20,,,,14.582111,194.582111,7.629078,,,,,,261,0,"internal_id=20,ui_id=7",20,7,20,1,-1,97.460000,mono,,,,,,,,,,,,,
1780467818.738149,,,BBOX_CLIPPED,,0,,,,,,,,,,,,,bbox_out_of_image_bounds,,,,,,,,,,,1530.000,-14.000,1570.000,37.000,1530.000,0.000,1570.000,37.000,1,0.725490
1780467818.738671,,,MATCH_ACCEPT,27,0,32.622402,14.365208,33.038130,,16.720155,2.391360,12.393315,6.461810,25.006378,16.748608,0,7,,,,,,,,,,,,,,,,,,,,,
1780467818.738149,,,TargetLost,20,,,,,,,,,,,,,,not_in_valid_tracks,,,,,,,,,,,,,,,,,,,,
1780467818.986741,,,BBOX_CLIPPED,,0,,,,,,,,,,,,,bbox_out_of_image_bounds,,,,,,,,,,,1531.000,-14.000,1571.000,37.000,1531.000,0.000,1571.000,37.000,1,0.725490
1780467818.986741,,,MATCH_ACCEPT,27,0,32.626959,14.365208,32.594867,,14.139800,0.227682,5.467381,2.017788,3.149075,0.922392,1,1,,,,,,,,,,,,,,,,,,,,,
1780467818.986741,,,TargetLost,20,,,,,,,,,,,,,,not_in_valid_tracks,,,,,,,,,,,,,,,,,,,,
1780467819.442040,,,MATCH_ACCEPT,20,0,16.192764,12.607500,14.706759,,7.853539,4.980799,7.094754,2.695969,4.982142,2.286108,259,4,,,,,,,,,,,,,,,,,,,,,
1780467819.442040,,,UI_STATUS_SEND,20,,,,15.593253,195.593253,11.327510,,,,,,260,0,"internal_id=20,ui_id=7",20,7,20,1,-1,47.250000,mono,,,,,,,,,,,,,
1780467820.508356,,,MATCH_ACCEPT,20,0,18.553441,9.820833,16.174879,,14.125019,4.917679,8.683164,3.122109,6.365248,3.382318,260,5,,,,,,,,,,,,,,,,,,,,,
1780467820.508356,,,UI_STATUS_SEND,20,,,,17.375024,197.375024,11.180902,,,,,,261,0,"internal_id=20,ui_id=7",20,7,20,1,-1,155.930000,mono,,,,,,,,,,,,,
1780467821.066322,,,MATCH_ACCEPT,20,0,14.586318,7.426042,17.887336,,11.539076,5.273876,6.432266,2.661044,5.033524,2.047631,261,2,,,,,,,,,,,,,,,,,,,,,
1780467821.066322,,,UI_STATUS_SEND,20,,,,15.572536,195.572536,8.279497,,,,,,262,0,"internal_id=20,ui_id=7",20,7,20,1,-1,85.440000,mono,,,,,,,,,,,,,
1780467821.582616,,,MATCH_ACCEPT,20,0,14.577204,7.419167,15.580894,,7.707462,1.044274,6.115919,1.883146,2.559279,0.986961,262,2,,,,,,,,,,,,,,,,,,,,,
1780467821.582616,,,UI_STATUS_SEND,20,,,,15.190193,195.190193,7.564537,,,,,,263,0,"internal_id=20,ui_id=7",20,7,20,1,-1,85.440000,mono,,,,,,,,,,,,,
1780467821.793689,,,MATCH_ACCEPT,20,0,14.572646,7.419167,15.148493,,7.273580,0.593965,5.804818,1.675746,2.045585,0.762538,263,1,,,,,,,,,,,,,,,,,,,,,
1780467821.793166,,,UI_STATUS_SEND,20,,,,14.954144,194.954144,7.336429,,,,,,264,0,"internal_id=20,ui_id=7",20,7,20,1,-1,85.440000,mono,,,,,,,,,,,,,
1780467822.147224,,,MATCH_ACCEPT,20,0,14.568089,7.419167,14.876417,,7.003892,0.517222,5.720125,1.619283,1.891998,0.730080,264,1,,,,,,,,,,,,,,,,,,,,,
1780467822.146718,,,UI_STATUS_SEND,20,,,,14.777666,194.777666,7.178746,,,,,,265,0,"internal_id=20,ui_id=7",20,7,20,1,-1,94.500000,mono,,,,,,,,,,,,,
1780467822.404593,,,MATCH_ACCEPT,20,0,14.620498,7.403125,14.684800,,6.883938,0.523154,5.502277,1.594852,1.821953,0.721599,265,1,,,,,,,,,,,,,,,,,,,,,
1780467822.405116,,,TRACK_DELETE,23,,,,337.412931,,8.868035,,,,763.360972,647.113301,0,50,,,,,,,,,,,,,,,,,,,,,
1780467822.404593,,,TargetKeep,20,,,,,,,,,,,,,,lock_timer_expired,,,,,,,,,,,,,,,,,,,,
1780467822.404593,,,UI_STATUS_SEND,20,,,,14.662882,194.662882,7.117743,,,,,,266,0,"internal_id=20,ui_id=7",20,7,20,1,-1,155.930000,mono,,,,,,,,,,,,,
1780467822.794785,,,MATCH_ACCEPT,20,0,14.629613,7.428333,14.566541,,6.874038,0.557872,4.766227,1.550351,1.720058,0.683530,266,1,,,,,,,,,,,,,,,,,,,,,
1780467822.794785,,,UI_STATUS_SEND,20,,,,14.594613,194.594613,7.184680,,,,,,267,0,"internal_id=20,ui_id=7",20,7,20,1,-1,173.260000,mono,,,,,,,,,,,,,
1780467823.004010,,,MATCH_ACCEPT,20,0,14.606826,7.371042,14.517794,,7.037848,0.344884,4.291761,1.349574,1.320108,0.501243,267,1,,,,,,,,,,,,,,,,,,,,,
1780467823.004010,,,UI_STATUS_SEND,20,,,,14.554860,194.554860,7.211106,,,,,,268,0,"internal_id=20,ui_id=7",20,7,20,1,-1,155.930000,mono,,,,,,,,,,,,,
1780467823.239213,,,MATCH_ACCEPT,20,0,14.547581,7.430625,14.474378,,7.083163,0.355089,4.324567,1.255911,1.133621,0.443691,268,1,,,,,,,,,,,,,,,,,,,,,
1780467823.239213,,,UI_STATUS_SEND,20,,,,14.499693,194.499693,7.240504,,,,,,269,0,"internal_id=20,ui_id=7",20,7,20,1,-1,141.760000,mono,,,,,,,,,,,,,
1780467823.468832,,,MATCH_ACCEPT,20,0,14.511123,7.465000,14.425285,,7.150753,0.325760,4.450193,1.245195,1.101083,0.449428,269,1,,,,,,,,,,,,,,,,,,,,,
1780467823.468832,,,TRACK_DELETE,24,,,,321.559090,,22.960000,,,,1649.400648,1649.400648,0,50,,,,,,,,,,,,,,,,,,,,,
1780467823.468832,,,UI_STATUS_SEND,20,,,,14.452275,194.452275,7.285308,,,,,,270,0,"internal_id=20,ui_id=7",20,7,20,1,-1,141.760000,mono,,,,,,,,,,,,,
1780467823.739216,,,MATCH_ACCEPT,20,0,14.573786,7.413438,14.376267,,7.220972,0.275784,4.512315,1.286610,1.163108,0.492258,270,1,,,,,,,,,,,,,,,,,,,,,
1780467823.739216,,,UI_STATUS_SEND,20,,,,14.440729,194.440729,7.307697,,,,,,271,0,"internal_id=20,ui_id=7",20,7,20,1,-1,162.250000,mono,,,,,,,,,,,,,
1780467823.984552,,,MATCH_ACCEPT,20,0,14.615941,7.398542,14.378010,,7.265570,0.272566,4.334860,1.304907,1.196672,0.506110,271,1,,,,,,,,,,,,,,,,,,,,,
1780467823.984552,,,UI_STATUS_SEND,20,,,,14.466117,194.466117,7.331884,,,,,,272,0,"internal_id=20,ui_id=7",20,7,20,1,-1,155.930000,mono,,,,,,,,,,,,,
1780467824.270567,,,MATCH_ACCEPT,20,0,14.565810,7.414583,14.418627,,7.304999,0.183499,4.361567,1.280578,1.158956,0.480924,272,1,,,,,,,,,,,,,,,,,,,,,
1780467824.270567,,,TargetKeep,20,,,,,,,,,,,,,,lock_timer_expired,,,,,,,,,,,,,,,,,,,,
1780467824.270567,,,UI_STATUS_SEND,20,,,,14.470263,194.470263,7.356817,,,,,,273,0,"internal_id=20,ui_id=7",20,7,20,1,-1,173.260000,mono,,,,,,,,,,,,,
1780467824.504448,,,MATCH_ACCEPT,20,0,14.565810,7.414583,14.434796,,7.343341,0.149132,4.160167,1.261845,1.127421,0.464831,273,1,,,,,,,,,,,,,,,,,,,,,
1780467824.504448,,,UI_STATUS_SEND,20,,,,14.484392,194.484392,7.379044,,,,,,274,0,"internal_id=20,ui_id=7",20,7,20,1,-1,173.260000,mono,,,,,,,,,,,,,
1780467824.900153,,,MATCH_ACCEPT,20,0,14.565810,7.423750,14.455626,,7.373194,0.121229,4.120348,1.235298,1.080068,0.445894,274,1,,,,,,,,,,,,,,,,,,,,,
1780467824.900153,,,UI_STATUS_SEND,20,,,,14.496231,194.496231,7.398005,,,,,,275,0,"internal_id=20,ui_id=7",20,7,20,1,-1,129.940000,mono,,,,,,,,,,,,,
1780467825.211759,,,MATCH_ACCEPT,20,0,14.565810,7.428333,14.474992,,7.398189,0.095690,4.534523,1.222615,1.054802,0.439986,275,1,,,,,,,,,,,,,,,,,,,,,
1780467825.211759,,,UI_STATUS_SEND,20,,,,14.501021,194.501021,7.410286,,,,,,276,0,"internal_id=20,ui_id=7",20,7,20,1,-1,129.940000,mono,,,,,,,,,,,,,
1780467825.437961,,,MATCH_ACCEPT,20,0,14.587458,7.399687,14.486187,,7.413132,0.102159,4.591654,1.260702,1.114773,0.474597,276,1,,,,,,,,,,,,,,,,,,,,,
1780467825.437961,,,UI_STATUS_SEND,20,,,,14.516370,194.516370,7.407490,,,,,,277,0,"internal_id=20,ui_id=7",20,7,20,1,-1,139.115000,mono,,,,,,,,,,,,,
1780467825.694441,,,MATCH_ACCEPT,20,0,14.629613,7.338958,14.505529,,7.409284,0.142627,4.568308,1.306305,1.193598,0.512835,277,1,,,,,,,,,,,,,,,,,,,,,
1780467825.694441,,,UI_STATUS_SEND,20,,,,14.546175,194.546175,7.377237,,,,,,278,0,"internal_id=20,ui_id=7",20,7,20,1,-1,155.930000,mono,,,,,,,,,,,,,
1780467825.939316,,,MATCH_ACCEPT,20,0,14.565810,7.428333,14.542798,,7.371562,0.061258,4.407699,1.311333,1.208360,0.511234,278,1,,,,,,,,,,,,,,,,,,,,,
1780467825.939316,,,UI_STATUS_SEND,20,,,,14.551091,194.551091,7.399273,,,,,,279,0,"internal_id=20,ui_id=7",20,7,20,1,-1,100.600000,mono,,,,,,,,,,,,,
1780467826.152814,,,MATCH_ACCEPT,20,0,14.563532,7.430625,14.549420,,7.399871,0.033837,4.872063,1.252042,1.112038,0.455572,279,1,,,,,,,,,,,,,,,,,,,,,
1780467826.152814,,,TargetKeep,20,,,,,,,,,,,,,,lock_timer_expired,,,,,,,,,,,,,,,,,,,,
1780467826.152814,,,UI_STATUS_SEND,20,,,,14.553036,194.553036,7.410970,,,,,,280,0,"internal_id=20,ui_id=7",20,7,20,1,-1,100.600000,mono,,,,,,,,,,,,,
1780467826.509098,,,MATCH_ACCEPT,20,0,14.609105,7.366458,14.551729,,7.414281,0.074693,4.997302,1.335535,1.248492,0.535161,280,1,,,,,,,,,,,,,,,,,,,,,
1780467826.509098,,,TRACK_DELETE,25,,,,34.246060,,1.808309,,,,1347.371107,984.132160,0,50,,,,,,,,,,,,,,,,,,,,,
1780467826.509098,,,UI_STATUS_SEND,20,,,,14.567734,194.567734,7.395210,,,,,,281,0,"internal_id=20,ui_id=7",20,7,20,1,-1,155.930000,mono,,,,,,,,,,,,,
1780467826.748706,,,MATCH_ACCEPT,20,0,14.620498,7.352708,14.569220,,7.394095,0.065896,4.506962,1.377508,1.328029,0.569500,281,1,,,,,,,,,,,,,,,,,,,,,
1780467826.748706,,,UI_STATUS_SEND,20,,,,14.588831,194.588831,7.372777,,,,,,282,0,"internal_id=20,ui_id=7",20,7,20,1,-1,155.930000,mono,,,,,,,,,,,,,
1780467826.977498,,,MATCH_ACCEPT,20,0,14.593154,7.430625,14.593404,,7.367230,0.063395,4.386706,1.297337,1.194862,0.488222,282,1,,,,,,,,,,,,,,,,,,,,,
1780467826.977498,,,UI_STATUS_SEND,20,,,,14.593315,194.593315,7.397445,,,,,,283,0,"internal_id=20,ui_id=7",20,7,20,1,-1,129.940000,mono,,,,,,,,,,,,,
1780467827.439179,,,MATCH_ACCEPT,20,0,14.578343,7.413437,14.602294,,7.399195,0.027866,5.005473,1.536582,1.600932,0.760154,283,2,,,,,,,,,,,,,,,,,,,,,
1780467827.439702,,,TRACK_DELETE,21,,,,342.074504,,13.132211,,,,735.778654,685.032504,0,50,,,,,,,,,,,,,,,,,,,,,
1780467827.439179,,,UI_STATUS_SEND,20,,,,14.593222,194.593222,7.406838,,,,,,284,0,"internal_id=20,ui_id=7",20,7,20,1,-1,134.665000,mono,,,,,,,,,,,,,
1780467827.838713,,,MATCH_ACCEPT,20,0,14.588597,7.384792,14.596632,,7.409524,0.026005,4.820427,1.444718,1.467714,0.619496,284,1,,,,,,,,,,,,,,,,,,,,,
1780467827.838713,,,TRACK_DELETE,26,,,,352.364962,,12.325625,,,,1754.015826,1754.015826,0,50,,,,,,,,,,,,,,,,,,,,,
1780467827.838713,,,UI_STATUS_SEND,20,,,,14.593685,194.593685,7.397297,,,,,,285,0,"internal_id=20,ui_id=7",20,7,20,1,-1,155.930000,mono,,,,,,,,,,,,,
1780467828.173536,,,MATCH_ACCEPT,20,0,14.574925,7.423750,14.596592,,7.397255,0.034226,4.525727,1.390018,1.372712,0.559439,285,1,,,,,,,,,,,,,,,,,,,,,
1780467828.173536,,,UI_STATUS_SEND,20,,,,14.588136,194.588136,7.410784,,,,,,286,0,"internal_id=20,ui_id=7",20,7,20,1,-1,173.260000,mono,,,,,,,,,,,,,
1780467828.386081,,,MATCH_ACCEPT,20,0,14.574925,7.423750,14.589380,,7.413346,0.017810,4.194394,1.284662,1.182192,0.468166,286,1,,,,,,,,,,,,,,,,,,,,,
1780467828.386081,,,TargetKeep,20,,,,,,,,,,,,,,lock_timer_expired,,,,,,,,,,,,,,,,,,,,
1780467828.386081,,,UI_STATUS_SEND,20,,,,14.583745,194.583745,7.418578,,,,,,287,0,"internal_id=20,ui_id=7",20,7,20,1,-1,173.260000,mono,,,,,,,,,,,,,
1780467828.662104,,,MATCH_ACCEPT,20,0,14.584040,7.415729,14.584235,,7.422799,0.007072,4.126612,1.239475,1.091868,0.444429,287,1,,,,,,,,,,,,,,,,,,,,,
1780467828.662104,,,UI_STATUS_SEND,20,,,,14.584162,194.584162,7.419335,,,,,,288,0,"internal_id=20,ui_id=7",20,7,20,1,-1,164.595000,mono,,,,,,,,,,,,,
1780467828.911897,,,MATCH_ACCEPT,20,0,14.584040,7.398542,14.584638,,7.422711,0.024176,4.187401,1.222234,1.053186,0.440670,288,1,,,,,,,,,,,,,,,,,,,,,
1780467828.911897,,,UI_STATUS_SEND,20,,,,14.584431,194.584431,7.411373,,,,,,289,0,"internal_id=20,ui_id=7",20,7,20,1,-1,155.930000,mono,,,,,,,,,,,,,
1780467829.334258,,,MATCH_ACCEPT,20,0,14.588597,7.410000,14.585171,,7.412342,0.004150,4.625824,1.456749,1.429153,0.692966,289,2,,,,,,,,,,,,,,,,,,,,,
1780467829.334258,,,UI_STATUS_SEND,20,,,,14.586541,194.586541,7.411022,,,,,,290,0,"internal_id=20,ui_id=7",20,7,20,1,-1,155.930000,mono,,,,,,,,,,,,,
1780467829.575718,,,MATCH_ACCEPT,20,0,14.593154,7.407708,14.587203,,7.411281,0.006942,4.463760,1.348707,1.277901,0.541109,290,1,,,,,,,,,,,,,,,,,,,,,
1780467829.575718,,,UI_STATUS_SEND,20,,,,14.589425,194.589425,7.409487,,,,,,291,0,"internal_id=20,ui_id=7",20,7,20,1,-1,155.930000,mono,,,,,,,,,,,,,
1780467829.886402,,,MATCH_ACCEPT,20,0,14.593154,7.428333,14.590508,,7.409338,0.019178,4.403585,1.308590,1.212086,0.500322,291,1,,,,,,,,,,,,,,,,,,,,,
1780467829.886402,,,UI_STATUS_SEND,20,,,,14.591463,194.591463,7.418508,,,,,,292,0,"internal_id=20,ui_id=7",20,7,20,1,-1,155.930000,mono,,,,,,,,,,,,,
1780467830.165531,,,MATCH_ACCEPT,20,0,14.597711,7.432917,14.592718,,7.420530,0.013356,4.374270,1.289047,1.175528,0.486113,292,1,,,,,,,,,,,,,,,,,,,,,
1780467830.165531,,,UI_STATUS_SEND,20,,,,14.594486,194.594486,7.426420,,,,,,293,0,"internal_id=20,ui_id=7",20,7,20,1,-1,155.930000,mono,,,,,,,,,,,,,
1780467830.436606,,,MATCH_ACCEPT,20,0,14.622777,7.412292,14.596059,,7.429848,0.031969,4.359072,1.278915,1.154823,0.480801,293,1,,,,,,,,,,,,,,,,,,,,,
1780467830.436606,,,TargetKeep,20,,,,,,,,,,,,,,lock_timer_expired,,,,,,,,,,,,,,,,,,,,
1780467830.436606,,,UI_STATUS_SEND,20,,,,14.605411,194.605411,7.421548,,,,,,294,0,"internal_id=20,ui_id=7",20,7,20,1,-1,155.930000,mono,,,,,,,,,,,,,
1780467830.687177,,,MATCH_ACCEPT,20,0,14.593154,7.412292,14.608674,,7.422991,0.018850,4.350582,1.273255,1.142836,0.478341,294,1,,,,,,,,,,,,,,,,,,,,,
1780467830.687177,,,TRACK_DELETE,22,,,,45.034699,,-6.286682,,,,670.410829,601.213293,0,50,,,,,,,,,,,,,,,,,,,,,
1780467830.687177,,,UI_STATUS_SEND,20,,,,14.603278,194.603278,7.417946,,,,,,295,0,"internal_id=20,ui_id=7",20,7,20,1,-1,155.930000,mono,,,,,,,,,,,,,
1780467831.058011,,,MATCH_ACCEPT,20,0,14.581761,7.418021,14.605566,,7.418184,0.023805,4.345437,1.269824,1.135657,0.476797,295,1,,,,,,,,,,,,,,,,,,,,,
1780467831.058011,,,MATCH_REJECT,27,1,337.799336,7.808750,29.820140,,1.695219,52.378805,49.620695,31.453330,517.768932,471.543041,0,46,,,,,,,,,,,,,,,,,,,,,
1780467831.058011,,,NEW_TRACK,28,1,337.799336,7.808750,,,,,,,1.000000,1.000000,1,0,,,,,,,,,,,,,,,,,,,,,
1780467831.058011,,,UI_STATUS_SEND,20,,,,14.597324,194.597324,7.418107,,,,,,296,0,"internal_id=20,ui_id=7",20,7,20,1,-1,125.215000,mono,,,,,,,,,,,,,
1780467831.325916,,,MATCH_ACCEPT,20,0,14.597711,7.398542,14.598121,,7.418327,0.019790,4.649243,1.267595,1.131142,0.475655,296,1,,,,,,,,,,,,,,,,,,,,,
1780467831.325916,,,UI_STATUS_SEND,20,,,,14.598001,194.598001,7.410181,,,,,,297,0,"internal_id=20,ui_id=7",20,7,20,1,-1,155.930000,mono,,,,,,,,,,,,,
1780467831.530264,,,MATCH_ACCEPT,20,0,14.549860,7.435208,14.598635,,7.408776,0.055476,4.342640,1.267960,1.132740,0.474982,297,1,,,,,,,,,,,,,,,,,,,,,
1780467831.530264,,,UI_STATUS_SEND,20,,,,14.581776,194.581776,7.421193,,,,,,298,0,"internal_id=20,ui_id=7",20,7,20,1,-1,113.400000,mono,,,,,,,,,,,,,
1780467831.747983,,,MATCH_ACCEPT,20,0,14.536188,7.442083,14.579820,,7.422225,0.047938,4.717152,1.234101,1.077087,0.445919,298,1,,,,,,,,,,,,,,,,,,,,,
1780467831.747983,,,MATCH_ACCEPT,28,1,337.771993,7.854583,337.799336,,7.808750,0.053370,7.337245,3.379897,5.711851,5.711851,0,3,,,,,,,,,,,,,,,,,,,,,
1780467831.747983,,,UI_STATUS_SEND,20,,,,14.568170,194.568170,7.429697,,,,,,299,0,"internal_id=20,ui_id=7",20,7,20,1,-1,113.400000,mono,,,,,,,,,,,,,
1780467832.045079,,,MATCH_ACCEPT,20,0,14.602269,7.407708,14.563810,,7.432667,0.045847,4.832894,1.311263,1.200702,0.518708,299,1,,,,,,,,,,,,,,,,,,,,,
1780467832.045586,,,TRACK_DELETE,27,,,,29.580708,,0.616495,,,,644.089742,590.658389,0,50,,,,,,,,,,,,,,,,,,,,,
1780467832.045079,,,UI_STATUS_SEND,20,,,,14.574917,194.574917,7.422375,,,,,,300,0,"internal_id=20,ui_id=7",20,7,20,1,-1,155.930000,mono,,,,,,,,,,,,,
1780467832.272615,,,MATCH_ACCEPT,20,0,14.609105,7.403125,14.572784,,7.422838,0.041325,4.444508,1.335872,1.249001,0.535552,300,1,,,,,,,,,,,,,,,,,,,,,
1780467832.272615,,,TargetKeep,20,,,,,,,,,,,,,,lock_timer_expired,,,,,,,,,,,,,,,,,,,,
1780467832.272615,,,UI_STATUS_SEND,20,,,,14.586152,194.586152,7.412987,,,,,,301,0,"internal_id=20,ui_id=7",20,7,20,1,-1,155.930000,mono,,,,,,,,,,,,,
1780467832.572961,,,MATCH_ACCEPT,20,0,14.563532,7.430625,14.586207,,7.411183,0.029868,4.393798,1.302066,1.196071,0.499304,301,1,,,,,,,,,,,,,,,,,,,,,
1780467832.572961,,,UI_STATUS_SEND,20,,,,14.578088,194.578088,7.420558,,,,,,302,0,"internal_id=20,ui_id=7",20,7,20,1,-1,173.260000,mono,,,,,,,,,,,,,
1780467832.805600,,,MATCH_ACCEPT,20,0,14.556696,7.432917,14.576780,,7.420952,0.023378,4.169187,1.267858,1.137422,0.470042,302,1,,,,,,,,,,,,,,,,,,,,,
1780467832.805600,,,MATCH_REJECT,28,1,339.445652,38.474375,337.754909,,7.899961,30.621127,7.793124,3.683816,9.029416,4.541085,0,4,,,,,,,,,,,,,,,,,,,,,
1780467832.805600,,,NEW_TRACK,29,1,339.445652,38.474375,,,,,,,1.000000,1.000000,1,0,,,,,,,,,,,,,,,,,,,,,
1780467832.805600,,,UI_STATUS_SEND,20,,,,14.569135,194.569135,7.426981,,,,,,303,0,"internal_id=20,ui_id=7",20,7,20,1,-1,173.260000,mono,,,,,,,,,,,,,
1780467833.092973,,,MATCH_ACCEPT,20,0,14.599990,7.416875,14.566350,,7.428843,0.035706,4.121280,1.235920,1.079405,0.448093,303,1,,,,,,,,,,,,,,,,,,,,,
1780467833.092973,,,MATCH_ACCEPT,29,1,339.454766,38.465208,339.445652,,38.474375,0.012927,5.765451,1.830301,1.675000,1.675000,1,1,,,,,,,,,,,,,,,,,,,,,
1780467833.092973,,,UI_STATUS_SEND,20,,,,14.578742,194.578742,7.422955,,,,,,304,0,"internal_id=20,ui_id=7",20,7,20,1,-1,155.930000,mono,,,,,,,,,,,,,
1780467833.313439,,,MATCH_ACCEPT,20,0,14.606826,7.416875,14.578288,,7.423330,0.029259,4.230106,1.192938,1.006333,0.416767,304,1,,,,,,,,,,,,,,,,,,,,,
1780467833.313439,,,UI_STATUS_SEND,20,,,,14.587402,194.587402,7.420507,,,,,,305,0,"internal_id=20,ui_id=7",20,7,20,1,-1,155.930000,mono,,,,,,,,,,,,,
1780467833.646839,,,MATCH_ACCEPT,20,0,14.563532,7.426042,14.588576,,7.420240,0.025707,4.286364,1.230443,1.059906,0.454083,305,1,,,,,,,,,,,,,,,,,,,,,
1780467833.646839,,,UI_STATUS_SEND,20,,,,14.580292,194.580292,7.422900,,,,,,306,0,"internal_id=20,ui_id=7",20,7,20,1,-1,113.400000,mono,,,,,,,,,,,,,
1780467833.879796,,,MATCH_ACCEPT,20,0,14.573786,7.419167,14.579943,,7.423264,0.007395,4.718112,1.234741,1.068462,0.456124,306,1,,,,,,,,,,,,,,,,,,,,,
1780467833.879796,,,UI_STATUS_SEND,20,,,,14.578308,194.578308,7.421700,,,,,,307,0,"internal_id=20,ui_id=7",20,7,20,1,-1,134.665000,mono,,,,,,,,,,,,,
1780467834.225085,,,MATCH_ACCEPT,20,0,14.570368,7.432917,14.577629,,7.421708,0.013355,4.625067,1.314478,1.201602,0.526251,307,1,,,,,,,,,,,,,,,,,,,,,
1780467834.225085,,,TargetKeep,20,,,,,,,,,,,,,,lock_timer_expired,,,,,,,,,,,,,,,,,,,,
1780467834.225085,,,UI_STATUS_SEND,20,,,,14.575294,194.575294,7.426794,,,,,,308,0,"internal_id=20,ui_id=7",20,7,20,1,-1,113.400000,mono,,,,,,,,,,,,,
1780467834.449403,,,MATCH_ACCEPT,20,0,14.558974,7.442083,14.574299,,7.427888,0.020889,4.820457,1.302972,1.192752,0.504983,308,1,,,,,,,,,,,,,,,,,,,,,
1780467834.449403,,,UI_STATUS_SEND,20,,,,14.569895,194.569895,7.433649,,,,,,309,0,"internal_id=20,ui_id=7",20,7,20,1,-1,113.400000,mono,,,,,,,,,,,,,
1780467834.677399,,,MATCH_ACCEPT,20,0,14.568089,7.428333,14.568158,,7.435991,0.007658,4.860341,1.329561,1.242427,0.525304,309,1,,,,,,,,,,,,,,,,,,,,,
1780467834.677399,,,UI_STATUS_SEND,20,,,,14.568138,194.568138,7.432810,,,,,,310,0,"internal_id=20,ui_id=7",20,7,20,1,-1,107.540000,mono,,,,,,,,,,,,,
1780467834.896930,,,MATCH_ACCEPT,20,0,14.584040,7.412292,14.566462,,7.434416,0.028257,4.928248,1.335765,1.257670,0.526599,310,1,,,,,,,,,,,,,,,,,,,,,
1780467834.896930,,,UI_STATUS_SEND,20,,,,14.571560,194.571560,7.425429,,,,,,311,0,"internal_id=20,ui_id=7",20,7,20,1,-1,155.930000,mono,,,,,,,,,,,,,
1780467835.140015,,,MATCH_ACCEPT,20,0,14.568089,7.426042,14.570582,,7.425188,0.002636,4.498295,1.371730,1.323046,0.558598,311,1,,,,,,,,,,,,,,,,,,,,,
1780467835.140015,,,UI_STATUS_SEND,20,,,,14.569631,194.569631,7.425624,,,,,,312,0,"internal_id=20,ui_id=7",20,7,20,1,-1,107.540000,mono,,,,,,,,,,,,,
1780467835.346914,,,MATCH_ACCEPT,20,0,14.579482,7.412292,14.568661,,7.425501,0.017076,4.835804,1.274136,1.156935,0.466488,312,1,,,,,,,,,,,,,,,,,,,,,
1780467835.346914,,,UI_STATUS_SEND,20,,,,14.571616,194.571616,7.420517,,,,,,313,0,"internal_id=20,ui_id=7",20,7,20,1,-1,155.930000,mono,,,,,,,,,,,,,
1780467835.636362,,,MATCH_ACCEPT,20,0,14.590876,7.426042,14.570967,,7.419200,0.021051,4.453356,1.341771,1.265023,0.535326,313,1,,,,,,,,,,,,,,,,,,,,,
1780467835.636362,,,UI_STATUS_SEND,20,,,,14.578354,194.578354,7.422618,,,,,,314,0,"internal_id=20,ui_id=7",20,7,20,1,-1,141.760000,mono,,,,,,,,,,,,,
1780467835.917395,,,MATCH_ACCEPT,20,0,14.597711,7.437500,14.579019,,7.422111,0.024212,4.540176,1.305184,1.202724,0.500781,314,1,,,,,,,,,,,,,,,,,,,,,
1780467835.917395,,,TargetKeep,20,,,,,,,,,,,,,,lock_timer_expired,,,,,,,,,,,,,,,,,,,,
1780467835.917395,,,UI_STATUS_SEND,20,,,,14.585258,194.585258,7.429111,,,,,,315,0,"internal_id=20,ui_id=7",20,7,20,1,-1,141.760000,mono,,,,,,,,,,,,,
1780467836.205761,,,MATCH_ACCEPT,20,0,14.584040,7.407708,14.587041,,7.430273,0.022764,4.550067,1.311778,1.211837,0.508924,315,1,,,,,,,,,,,,,,,,,,,,,
1780467836.205761,,,UI_STATUS_SEND,20,,,,14.586034,194.586034,7.419919,,,,,,316,0,"internal_id=20,ui_id=7",20,7,20,1,-1,155.930000,mono,,,,,,,,,,,,,
1780467836.502938,,,MATCH_ACCEPT,20,0,14.593154,7.412292,14.587637,,7.418625,0.008399,4.412368,1.314445,1.216676,0.511090,316,1,,,,,,,,,,,,,,,,,,,,,
1780467836.502938,,,UI_STATUS_SEND,20,,,,14.589634,194.589634,7.415534,,,,,,317,0,"internal_id=20,ui_id=7",20,7,20,1,-1,155.930000,mono,,,,,,,,,,,,,
1780467836.908018,,,MATCH_ACCEPT,20,0,14.565810,7.432917,14.591593,,7.413512,0.032269,4.375211,1.289674,1.174746,0.488513,317,1,,,,,,,,,,,,,,,,,,,,,
1780467836.908018,,,UI_STATUS_SEND,20,,,,14.582468,194.582468,7.422763,,,,,,318,0,"internal_id=20,ui_id=7",20,7,20,1,-1,107.540000,mono,,,,,,,,,,,,,
1780467837.169260,,,MATCH_ACCEPT,20,0,14.547581,7.446667,14.582797,,7.422924,0.042472,4.839838,1.276826,1.150882,0.479401,318,1,,,,,,,,,,,,,,,,,,,,,
1780467837.169260,,,UI_STATUS_SEND,20,,,,14.573216,194.573216,7.432036,,,,,,319,0,"internal_id=20,ui_id=7",20,7,20,1,-1,107.540000,mono,,,,,,,,,,,,,
1780467837.428138,,,MATCH_ACCEPT,20,0,14.570368,7.423750,14.571827,,7.434353,0.010703,4.938054,1.342303,1.261110,0.540667,319,1,,,,,,,,,,,,,,,,,,,,,
1780467837.428138,,,UI_STATUS_SEND,20,,,,14.571403,194.571403,7.429979,,,,,,320,0,"internal_id=20,ui_id=7",20,7,20,1,-1,173.260000,mono,,,,,,,,,,,,,
1780467837.660417,,,MATCH_ACCEPT,20,0,14.563532,7.428333,14.570043,,7.431190,0.007110,4.310665,1.362177,1.302894,0.552632,320,1,,,,,,,,,,,,,,,,,,,,,
1780467837.660417,,,TargetKeep,20,,,,,,,,,,,,,,lock_timer_expired,,,,,,,,,,,,,,,,,,,,
1780467837.660417,,,UI_STATUS_SEND,20,,,,14.567353,194.567353,7.429635,,,,,,321,0,"internal_id=20,ui_id=7",20,7,20,1,-1,173.260000,mono,,,,,,,,,,,,,
1780467838.028040,,,MATCH_ACCEPT,20,0,14.574925,7.430625,14.565420,,7.430586,0.009505,4.176961,1.273041,1.151502,0.469130,321,1,,,,,,,,,,,,,,,,,,,,,
1780467838.028040,,,UI_STATUS_SEND,20,,,,14.569066,194.569066,7.430605,,,,,,322,0,"internal_id=20,ui_id=7",20,7,20,1,-1,129.940000,mono,,,,,,,,,,,,,
1780467838.305051,,,MATCH_ACCEPT,20,0,14.570368,7.432917,14.567777,,7.431561,0.002924,4.552577,1.234652,1.079733,0.444631,322,1,,,,,,,,,,,,,,,,,,,,,
1780467838.304546,,,UI_STATUS_SEND,20,,,,14.568532,194.568532,7.432108,,,,,,323,0,"internal_id=20,ui_id=7",20,7,20,1,-1,129.940000,mono,,,,,,,,,,,,,
1780467838.534265,,,MATCH_ACCEPT,20,0,14.558974,7.423750,14.567473,,7.433107,0.012640,4.601933,1.267555,1.128381,0.478315,323,1,,,,,,,,,,,,,,,,,,,,,
1780467838.534265,,,UI_STATUS_SEND,20,,,,14.564919,194.564919,7.429163,,,,,,324,0,"internal_id=20,ui_id=7",20,7,20,1,-1,173.260000,mono,,,,,,,,,,,,,
1780467838.754774,,,MATCH_ACCEPT,20,0,14.556696,7.423750,14.563496,,7.429293,0.008774,4.183977,1.277718,1.146487,0.486077,324,1,,,,,,,,,,,,,,,,,,,,,
1780467838.754774,,,UI_STATUS_SEND,20,,,,14.560895,194.560895,7.426453,,,,,,325,0,"internal_id=20,ui_id=7",20,7,20,1,-1,173.260000,mono,,,,,,,,,,,,,
1780467839.066888,,,MATCH_ACCEPT,20,0,14.593154,7.418021,14.558815,,7.425931,0.035239,4.126979,1.239720,1.083701,0.453203,325,1,,,,,,,,,,,,,,,,,,,,,
1780467839.066888,,,UI_STATUS_SEND,20,,,,14.571496,194.571496,7.422017,,,,,,326,0,"internal_id=20,ui_id=7",20,7,20,1,-1,164.595000,mono,,,,,,,,,,,,,
1780467839.314481,,,MATCH_ACCEPT,20,0,14.652399,7.407708,14.571735,,7.420557,0.081681,4.186045,1.221330,1.050110,0.441536,326,1,,,,,,,,,,,,,,,,,,,,,
1780467839.314481,,,UI_STATUS_SEND,20,,,,14.599552,194.599552,7.414523,,,,,,327,0,"internal_id=20,ui_id=7",20,7,20,1,-1,155.930000,mono,,,,,,,,,,,,,
1780467839.637888,,,MATCH_ACCEPT,20,0,14.590876,7.410000,14.604948,,7.411566,0.014159,4.287458,1.231172,1.063096,0.452689,327,1,,,,,,,,,,,,,,,,,,,,,
1780467839.637888,,,TargetKeep,20,,,,,,,,,,,,,,lock_timer_expired,,,,,,,,,,,,,,,,,,,,
1780467839.637888,,,UI_STATUS_SEND,20,,,,14.600284,194.600284,7.410849,,,,,,328,0,"internal_id=20,ui_id=7",20,7,20,1,-1,155.930000,mono,,,,,,,,,,,,,
1780467839.880380,,,MATCH_ACCEPT,20,0,14.597711,7.407708,14.604676,,7.407811,0.006965,4.305668,1.243312,1.083441,0.462383,328,1,,,,,,,,,,,,,,,,,,,,,
1780467839.880380,,,UI_STATUS_SEND,20,,,,14.602338,194.602338,7.407763,,,,,,329,0,"internal_id=20,ui_id=7",20,7,20,1,-1,155.930000,mono,,,,,,,,,,,,,
1780467840.136390,,,MATCH_ACCEPT,20,0,14.565810,7.435208,14.606434,,7.404619,0.050852,4.325369,1.256446,1.106789,0.471867,329,1,,,,,,,,,,,,,,,,,,,,,
1780467840.136390,,,UI_STATUS_SEND,20,,,,14.592605,194.592605,7.418939,,,,,,330,0,"internal_id=20,ui_id=7",20,7,20,1,-1,100.600000,mono,,,,,,,,,,,,,
1780467840.387129,,,MATCH_ACCEPT,20,0,14.561253,7.437500,14.594154,,7.419238,0.037630,4.887744,1.262496,1.119110,0.474786,330,1,,,,,,,,,,,,,,,,,,,,,
1780467840.387129,,,UI_STATUS_SEND,20,,,,14.585683,194.585683,7.426004,,,,,,331,0,"internal_id=20,ui_id=7",20,7,20,1,-1,100.600000,mono,,,,,,,,,,,,,
1780467840.630479,,,MATCH_ACCEPT,20,0,14.590876,7.405417,14.585683,,7.427869,0.023045,4.998997,1.336664,1.246110,0.540561,331,1,,,,,,,,,,,,,,,,,,,,,
1780467840.630479,,,UI_STATUS_SEND,20,,,,14.587129,194.587129,7.418861,,,,,,332,0,"internal_id=20,ui_id=7",20,7,20,1,-1,155.930000,mono,,,,,,,,,,,,,
1780467840.881653,,,MATCH_ACCEPT,20,0,14.593154,7.398542,14.587388,,7.418686,0.020953,4.522299,1.387733,1.345475,0.580327,332,1,,,,,,,,,,,,,,,,,,,,,
1780467840.881653,,,UI_STATUS_SEND,20,,,,14.589611,194.589611,7.408215,,,,,,333,0,"internal_id=20,ui_id=7",20,7,20,1,-1,155.930000,mono,,,,,,,,,,,,,
1780467841.235595,,,MATCH_ACCEPT,20,0,14.565810,7.437500,14.590259,,7.405668,0.040138,4.422540,1.321226,1.237294,0.508345,333,1,,,,,,,,,,,,,,,,,,,,,
1780467841.235595,,,UI_STATUS_SEND,20,,,,14.581314,194.581314,7.421160,,,,,,334,0,"internal_id=20,ui_id=7",20,7,20,1,-1,122.300000,mono,,,,,,,,,,,,,
1780467841.503147,,,MATCH_ACCEPT,20,0,14.563532,7.444375,14.580402,,7.422164,0.027892,4.710541,1.289027,1.178166,0.483426,334,1,,,,,,,,,,,,,,,,,,,,,
1780467841.502639,,,TargetKeep,20,,,,,,,,,,,,,,lock_timer_expired,,,,,,,,,,,,,,,,,,,,
1780467841.502639,,,UI_STATUS_SEND,20,,,,14.575376,194.575376,7.431283,,,,,,335,0,"internal_id=20,ui_id=7",20,7,20,1,-1,122.300000,mono,,,,,,,,,,,,,
1780467841.756563,,,MATCH_ACCEPT,20,0,14.568089,7.437500,14.573582,,7.434412,0.006301,4.767701,1.327134,1.238906,0.522378,335,1,,,,,,,,,,,,,,,,,,,,,
1780467841.756563,,,UI_STATUS_SEND,20,,,,14.571887,194.571887,7.435738,,,,,,336,0,"internal_id=20,ui_id=7",20,7,20,1,-1,168.570000,mono,,,,,,,,,,,,,
1780467841.989244,,,MATCH_ACCEPT,20,0,14.568089,7.442083,14.569941,,7.438936,0.003652,4.311273,1.331315,1.248140,0.524260,336,1,,,,,,,,,,,,,,,,,,,,,
1780467841.989244,,,UI_STATUS_SEND,20,,,,14.569214,194.569214,7.440576,,,,,,337,0,"internal_id=20,ui_id=7",20,7,20,1,-1,168.570000,mono,,,,,,,,,,,,,
1780467842.237122,,,MATCH_ACCEPT,20,0,14.595433,7.410000,14.567015,,7.444356,0.044586,4.214947,1.267098,1.137875,0.467664,337,1,,,,,,,,,,,,,,,,,,,,,
1780467842.237122,,,UI_STATUS_SEND,20,,,,14.577562,194.577562,7.427438,,,,,,338,0,"internal_id=20,ui_id=7",20,7,20,1,-1,155.930000,mono,,,,,,,,,,,,,
1780467842.705731,,,MATCH_ACCEPT,20,0,14.618219,7.405417,14.576921,,7.427112,0.046650,4.689248,1.499032,1.518265,0.728832,338,2,,,,,,,,,,,,,,,,,,,,,
1780467842.705731,,,UI_STATUS_SEND,20,,,,14.594040,194.594040,7.414612,,,,,,339,0,"internal_id=20,ui_id=7",20,7,20,1,-1,155.930000,mono,,,,,,,,,,,,,
1780467843.150476,,,MATCH_ACCEPT,20,0,14.552139,7.439792,14.598732,,7.409268,0.055702,4.877302,1.624401,1.790930,0.847750,339,2,,,,,,,,,,,,,,,,,,,,,
1780467843.150476,,,UI_STATUS_SEND,20,,,,14.577528,194.577528,7.427966,,,,,,340,0,"internal_id=20,ui_id=7",20,7,20,1,-1,100.600000,mono,,,,,,,,,,,,,
1780467843.637940,,,MATCH_ACCEPT,20,0,14.564671,7.419167,14.575855,,7.429806,0.015436,5.510714,1.677810,1.931995,0.883050,340,2,,,,,,,,,,,,,,,,,,,,,
1780467843.637940,,,UI_STATUS_SEND,20,,,,14.571667,194.571667,7.424246,,,,,,341,0,"internal_id=20,ui_id=7",20,7,20,1,-1,123.160000,mono,,,,,,,,,,,,,
1780467843.892776,,,MATCH_ACCEPT,20,0,14.602269,7.412292,14.570056,,7.424089,0.034305,5.115225,1.564550,1.736180,0.711636,341,1,,,,,,,,,,,,,,,,,,,,,
1780467843.892776,,,TargetKeep,20,,,,,,,,,,,,,,lock_timer_expired,,,,,,,,,,,,,,,,,,,,
1780467843.892776,,,UI_STATUS_SEND,20,,,,14.582497,194.582497,7.418098,,,,,,342,0,"internal_id=20,ui_id=7",20,7,20,1,-1,155.930000,mono,,,,,,,,,,,,,
1780467844.311265,,,MATCH_ACCEPT,20,0,14.593154,7.416875,14.583162,,7.415709,0.010060,4.968470,1.685180,1.968906,0.870926,342,2,,,,,,,,,,,,,,,,,,,,,
1780467844.311265,,,UI_STATUS_SEND,20,,,,14.587945,194.587945,7.416431,,,,,,343,0,"internal_id=20,ui_id=7",20,7,20,1,-1,155.930000,mono,,,,,,,,,,,,,
1780467844.545526,,,MATCH_ACCEPT,20,0,14.606826,7.412292,14.589029,,7.415235,0.018039,4.570411,1.419808,1.451719,0.564134,343,1,,,,,,,,,,,,,,,,,,,,,
1780467844.545526,,,UI_STATUS_SEND,20,,,,14.596213,194.596213,7.413726,,,,,,344,0,"internal_id=20,ui_id=7",20,7,20,1,-1,155.930000,mono,,,,,,,,,,,,,
1780467844.746794,,no_packet,TRACK_DELETE,28,,,,337.484336,,8.455451,,,,1118.606537,892.977352,0,50,,,,,,,,,,,,,,,,,,,,,
1780467844.964669,,,MATCH_ACCEPT,20,0,14.590876,7.382500,14.600122,,7.411025,0.029986,4.770980,1.553520,1.662575,0.750850,344,2,,,,,,,,,,,,,,,,,,,,,
1780467844.964669,,,UI_STATUS_SEND,20,,,,14.596084,194.596084,7.394383,,,,,,345,0,"internal_id=20,ui_id=7",20,7,20,1,-1,155.930000,mono,,,,,,,,,,,,,
1780467845.186327,,,MATCH_ACCEPT,20,0,14.597711,7.371042,14.597549,,7.389643,0.018602,4.488445,1.365164,1.328759,0.534913,345,1,,,,,,,,,,,,,,,,,,,,,
1780467845.186327,,,UI_STATUS_SEND,20,,,,14.597611,194.597611,7.380353,,,,,,346,0,"internal_id=20,ui_id=7",20,7,20,1,-1,155.930000,mono,,,,,,,,,,,,,
1780467845.626444,,,MATCH_ACCEPT,20,0,14.590876,7.398542,14.600540,,7.367152,0.032843,4.788283,1.565055,1.669720,0.779678,346,2,,,,,,,,,,,,,,,,,,,,,
1780467845.626444,,,UI_STATUS_SEND,20,,,,14.596309,194.596309,7.385752,,,,,,347,0,"internal_id=20,ui_id=7",20,7,20,1,-1,155.930000,mono,,,,,,,,,,,,,
1780467845.879380,,,MATCH_ACCEPT,20,0,14.615941,7.361875,14.597238,,7.382486,0.027832,4.544778,1.402718,1.395529,0.572090,347,1,,,,,,,,,,,,,,,,,,,,,
1780467845.879380,,,TRACK_DELETE,29,,,,339.502905,,38.359899,,,,1734.819492,1541.221601,0,50,,,,,,,,,,,,,,,,,,,,,
1780467845.879380,,,UI_STATUS_SEND,20,,,,14.604611,194.604611,7.371846,,,,,,348,0,"internal_id=20,ui_id=7",20,7,20,1,-1,155.930000,mono,,,,,,,,,,,,,
1780467848.105109,,,MATCH_ACCEPT,20,0,14.561253,7.279375,14.623023,,7.324300,0.076379,9.127165,4.457643,11.599758,8.270825,348,10,,,,,,,,,,,,,,,,,,,,,
1780467848.105109,,,TargetKeep,20,,,,,,,,,,,,,,lock_timer_expired,,,,,,,,,,,,,,,,,,,,
1780467848.105109,,,UI_STATUS_SEND,20,,,,14.570891,194.570891,7.282110,,,,,,349,0,"internal_id=20,ui_id=7",20,7,20,1,-1,25.150000,mono,,,,,,,,,,,,,
1780467848.366495,,,MATCH_ACCEPT,20,0,14.458714,7.666667,14.567442,,7.271224,0.410118,6.632961,1.755307,2.339111,0.741992,349,1,,,,,,,,,,,,,,,,,,,,,
1780467848.366495,,,UI_STATUS_SEND,20,,,,14.537831,194.537831,7.398547,,,,,,350,0,"internal_id=20,ui_id=7",20,7,20,1,-1,107.540000,mono,,,,,,,,,,,,,
1780467849.067869,,,MATCH_ACCEPT,20,0,14.472386,7.529167,14.519306,,7.427255,0.112194,6.365363,2.293842,3.608889,1.652822,350,3,,,,,,,,,,,,,,,,,,,,,
1780467849.067869,,,UI_STATUS_SEND,20,,,,14.493988,194.493988,7.496784,,,,,,351,0,"internal_id=20,ui_id=7",20,7,20,1,-1,113.400000,mono,,,,,,,,,,,,,
1780467851.405077,,,MATCH_REJECT,20,0,337.197774,7.487917,14.399900,,7.713271,37.202809,10.958665,5.395110,17.192205,11.915005,351,11,,,,,,,,,,,,,,,,,,,,,
1780467851.405077,,,NEW_TRACK,30,0,337.197774,7.487917,,,,,,,1.000000,1.000000,1,0,,,,,,,,,,,,,,,,,,,,,
1780467851.405077,,,TargetLost,20,,,,,,,,,,,,,,not_in_valid_tracks,,,,,,,,,,,,,,,,,,,,
1780467851.744598,,,MATCH_REJECT,20,0,21.132204,20.072500,14.389539,,7.737111,14.057928,11.807812,5.961208,20.753302,14.782703,350,12,,,,,,,,,,,,,,,,,,,,,
1780467851.744598,,,NEW_TRACK,31,0,21.132204,20.072500,,,,,,,1.000000,1.000000,1,0,,,,,,,,,,,,,,,,,,,,,
1780467851.744598,,,TargetLost,20,,,,,,,,,,,,,,not_in_valid_tracks,,,,,,,,,,,,,,,,,,,,
1780467852.101073,,,MATCH_ACCEPT,30,0,337.216003,7.478750,337.197774,,7.487917,0.020404,6.299304,2.687936,3.612500,3.612500,0,2,,,,,,,,,,,,,,,,,,,,,
1780467852.101073,,,TargetLost,20,,,,,,,,,,,,,,not_in_valid_tracks,,,,,,,,,,,,,,,,,,,,
1780467852.757354,,,MATCH_ACCEPT,30,0,337.434753,7.524583,337.220859,,7.472354,0.220179,6.832840,3.043627,6.124024,3.139640,1,3,,,,,,,,,,,,,,,,,,,,,
1780467852.757354,,,MATCH_ACCEPT,31,1,24.301801,18.016875,21.132204,,20.072500,3.777821,8.987150,4.364300,9.523556,9.523556,0,4,,,,,,,,,,,,,,,,,,,,,
1780467852.757354,,,TargetLost,20,,,,,,,,,,,,,,not_in_valid_tracks,,,,,,,,,,,,,,,,,,,,
1780467853.100678,,,MATCH_ACCEPT,31,0,24.216731,18.044375,24.352061,,17.650403,0.416567,5.947114,1.951409,2.866592,0.941406,1,1,,,,,,,,,,,,,,,,,,,,,
1780467853.100678,,,TargetLost,20,,,,,,,,,,,,,,not_in_valid_tracks,,,,,,,,,,,,,,,,,,,,
1780467853.438197,,,MATCH_ACCEPT,30,0,337.439310,7.526875,337.468689,,7.537028,0.031084,5.539933,2.181689,3.432861,1.326904,1,2,,,,,,,,,,,,,,,,,,,,,
1780467853.438197,,,MATCH_ACCEPT,31,1,24.018576,19.960208,24.907846,,17.442622,2.670027,5.023166,1.805911,2.420278,0.841036,2,1,,,,,,,,,,,,,,,,,,,,,
1780467853.438197,,,TargetLost,20,,,,,,,,,,,,,,not_in_valid_tracks,,,,,,,,,,,,,,,,,,,,
1780467853.438197,,,TargetSwitch,31,,,,,,,,,,,,,,master_lost,,,,,,,,,,,,,,,,,,,,
1780467853.438197,,,UI_STATUS_SEND,31,,,,24.412890,204.412890,19.042971,,,,,,3,0,"internal_id=31,ui_id=13",31,13,31,1,-1,159.930000,mono,,,,,,,,,,,,,
1780467853.955419,,,MATCH_ACCEPT,30,0,337.361836,7.432917,337.518747,,7.543654,0.192051,5.031927,1.843018,2.441510,0.955206,2,2,,,,,,,,,,,,,,,,,,,,,
1780467853.955419,,,TargetLost,31,,,,,,,,,,,,,,not_in_valid_tracks,,,,,,,,,,,,,,,,,,,,
1780467853.955419,,,TargetSwitch,30,,,,,,,,,,,,,,master_lost,,,,,,,,,,,,,,,,,,,,
1780467853.955419,,,UI_STATUS_SEND,30,,,,337.429495,157.429495,7.469053,,,,,,3,0,"internal_id=30,ui_id=14",30,14,30,1,-1,173.260000,mono,,,,,,,,,,,,,
1780467855.126005,,,MATCH_ACCEPT,30,0,337.042826,7.332083,337.527565,,7.433025,0.495137,6.254902,2.658335,4.585874,2.480868,3,5,,,,,,,,,,,,,,,,,,,,,
1780467855.126005,,,UI_STATUS_SEND,30,,,,337.182208,157.182208,7.347950,,,,,,4,0,"internal_id=30,ui_id=14",30,14,30,1,-1,173.260000,mono,,,,,,,,,,,,,
1780467860.006236,,,MATCH_ACCEPT,20,0,14.768610,7.664375,14.066472,,8.480456,1.076562,49.706805,31.227203,513.179838,461.958382,343,49,,,,,,,,,,,,,,,,,,,,,
1780467860.006236,,,TargetLost,30,,,,,,,,,,,,,,not_in_valid_tracks,,,,,,,,,,,,,,,,,,,,
1780467860.006236,,,TargetSwitch,20,,,,,,,,,,,,,,master_lost,,,,,,,,,,,,,,,,,,,,
1780467860.006236,,,UI_STATUS_SEND,20,,,,14.764587,194.764587,7.665679,,,,,,344,0,"internal_id=20,ui_id=7",20,7,20,1,-1,155.930000,mono,,,,,,,,,,,,,
1780467863.266893,,,MATCH_ACCEPT,20,0,14.741266,7.831667,14.918513,,7.626978,0.270765,16.869487,9.619191,48.994966,43.533878,344,16,,,,,,,,,,,,,,,,,,,,,
1780467863.266893,,,UI_STATUS_SEND,20,,,,14.748699,194.748699,7.829177,,,,,,345,0,"internal_id=20,ui_id=7",20,7,20,1,-1,122.300000,mono,,,,,,,,,,,,,
1780467863.475901,,,MATCH_ACCEPT,20,0,14.734430,7.856875,14.747522,,7.840794,0.020736,5.442711,1.777141,2.446553,0.711675,345,1,,,,,,,,,,,,,,,,,,,,,
1780467863.475901,,,UI_STATUS_SEND,20,,,,14.741389,194.741389,7.848935,,,,,,346,0,"internal_id=20,ui_id=7",20,7,20,1,-1,122.300000,mono,,,,,,,,,,,,,
1780467863.957384,,,MATCH_ACCEPT,20,0,14.736709,7.850000,14.737692,,7.876571,0.026589,5.462275,1.790184,2.250237,0.954520,346,2,,,,,,,,,,,,,,,,,,,,,
1780467863.957889,,,TRACK_DELETE,31,,,,45.747752,,19.924470,,,,554.497591,491.570359,0,50,,,,,,,,,,,,,,,,,,,,,
1780467863.957384,,,UI_STATUS_SEND,20,,,,14.737252,194.737252,7.861186,,,,,,347,0,"internal_id=20,ui_id=7",20,7,20,1,-1,129.940000,mono,,,,,,,,,,,,,
1780467864.186069,,,MATCH_ACCEPT,20,0,14.734430,7.863750,14.735331,,7.871754,0.008055,5.034956,1.556238,1.728444,0.693431,347,1,,,,,,,,,,,,,,,,,,,,,
1780467864.186069,,,UI_STATUS_SEND,20,,,,14.734974,194.734974,7.867642,,,,,,348,0,"internal_id=20,ui_id=7",20,7,20,1,-1,129.940000,mono,,,,,,,,,,,,,
1780467864.543520,,,MATCH_ACCEPT,20,0,14.764053,7.799583,14.732814,,7.878193,0.084590,4.908238,1.471759,1.542686,0.623388,348,1,,,,,,,,,,,,,,,,,,,,,
1780467864.543520,,,UI_STATUS_SEND,20,,,,14.744376,194.744376,7.839902,,,,,,349,0,"internal_id=20,ui_id=7",20,7,20,1,-1,155.930000,mono,,,,,,,,,,,,,
1780467864.973925,,,MATCH_ACCEPT,20,0,14.748102,7.902708,14.744228,,7.841776,0.061056,4.980619,1.693279,1.969689,0.897505,349,2,,,,,,,,,,,,,,,,,,,,,
1780467864.973925,,,UI_STATUS_SEND,20,,,,14.746083,194.746083,7.879922,,,,,,350,0,"internal_id=20,ui_id=7",20,7,20,1,-1,129.940000,mono,,,,,,,,,,,,,
1780467865.439219,,,MATCH_ACCEPT,20,0,14.748102,7.923333,14.746530,,7.897665,0.025716,5.316953,1.744235,2.111934,0.930423,350,2,,,,,,,,,,,,,,,,,,,,,
1780467865.439219,,,TargetKeep,20,,,,,,,,,,,,,,lock_timer_expired,,,,,,,,,,,,,,,,,,,,
1780467865.439219,,,UI_STATUS_SEND,20,,,,14.747231,194.747231,7.912716,,,,,,351,0,"internal_id=20,ui_id=7",20,7,20,1,-1,129.940000,mono,,,,,,,,,,,,,
1780467865.641402,,no_packet,TRACK_DELETE,30,,,,336.141353,,6.385774,,,,515.551858,465.640503,0,50,,,,,,,,,,,,,,,,,,,,,
1780467865.933102,,,MATCH_ACCEPT,20,0,14.748102,7.941667,14.747894,,7.936247,0.005424,5.426146,1.817031,2.302238,0.999363,351,2,,,,,,,,,,,,,,,,,,,,,
1780467865.933102,,,UI_STATUS_SEND,20,,,,14.747991,194.747991,7.939518,,,,,,352,0,"internal_id=20,ui_id=7",20,7,20,1,-1,155.930000,mono,,,,,,,,,,,,,
1780467866.678812,,,MATCH_ACCEPT,20,0,14.748102,7.939375,14.748994,,7.975415,0.036051,5.626361,2.123774,3.064706,1.445710,352,3,,,,,,,,,,,,,,,,,,,,,
1780467866.678812,,,UI_STATUS_SEND,20,,,,14.748469,194.748469,7.949125,,,,,,353,0,"internal_id=20,ui_id=7",20,7,20,1,-1,173.260000,mono,,,,,,,,,,,,,
1780467867.154443,,,MATCH_ACCEPT,20,0,14.738988,7.937083,14.749020,,7.964846,0.029520,4.992472,1.816715,2.330248,0.970204,353,2,,,,,,,,,,,,,,,,,,,,,
1780467867.154443,,,UI_STATUS_SEND,20,,,,14.743429,194.743429,7.946048,,,,,,354,0,"internal_id=20,ui_id=7",20,7,20,1,-1,173.260000,mono,,,,,,,,,,,,,
1780467867.652837,,,MATCH_ACCEPT,20,0,14.761774,7.815625,14.742450,,7.954931,0.140640,4.783244,1.677229,1.966467,0.846630,354,2,,,,,,,,,,,,,,,,,,,,,
1780467867.652837,,,UI_STATUS_SEND,20,,,,14.752405,194.752405,7.864854,,,,,,355,0,"internal_id=20,ui_id=7",20,7,20,1,-1,155.930000,mono,,,,,,,,,,,,,
1780467867.889881,,,MATCH_ACCEPT,20,0,14.766331,7.792708,14.753381,,7.851226,0.059933,4.497917,1.371478,1.358283,0.522668,355,1,,,,,,,,,,,,,,,,,,,,,
1780467867.889881,,,UI_STATUS_SEND,20,,,,14.758403,194.758403,7.822339,,,,,,356,0,"internal_id=20,ui_id=7",20,7,20,1,-1,155.930000,mono,,,,,,,,,,,,,
1780467868.320272,,,MATCH_ACCEPT,20,0,14.780003,7.937083,14.761601,,7.786274,0.151928,4.760681,1.546654,1.640064,0.752075,356,2,,,,,,,,,,,,,,,,,,,,,
1780467868.320272,,,UI_STATUS_SEND,20,,,,14.769576,194.769576,7.874319,,,,,,357,0,"internal_id=20,ui_id=7",20,7,20,1,-1,173.260000,mono,,,,,,,,,,,,,
1780467868.779956,,,MATCH_ACCEPT,20,0,14.761774,7.950833,14.775369,,7.872463,0.079541,4.753541,1.657427,1.873195,0.873870,357,2,,,,,,,,,,,,,,,,,,,,,
1780467868.779956,,,TargetKeep,20,,,,,,,,,,,,,,lock_timer_expired,,,,,,,,,,,,,,,,,,,,
1780467868.779956,,,UI_STATUS_SEND,20,,,,14.768531,194.768531,7.923703,,,,,,358,0,"internal_id=20,ui_id=7",20,7,20,1,-1,173.260000,mono,,,,,,,,,,,,,
1780467869.320438,,,MATCH_ACCEPT,20,0,14.761774,7.948542,14.772263,,7.942055,0.012333,4.736352,1.645968,1.867784,0.841428,358,2,,,,,,,,,,,,,,,,,,,,,
1780467869.320438,,,UI_STATUS_SEND,20,,,,14.766995,194.766995,7.946240,,,,,,359,0,"internal_id=20,ui_id=7",20,7,20,1,-1,173.260000,mono,,,,,,,,,,,,,
1780467869.920599,,,MATCH_ACCEPT,20,0,14.766331,7.918750,14.769152,,7.966360,0.047694,4.731171,1.642514,1.862957,0.834896,359,2,,,,,,,,,,,,,,,,,,,,,
1780467869.920599,,,UI_STATUS_SEND,20,,,,14.767737,194.767737,7.935727,,,,,,360,0,"internal_id=20,ui_id=7",20,7,20,1,-1,155.930000,mono,,,,,,,,,,,,,
1780467870.636655,,,MATCH_ACCEPT,20,0,14.766331,7.921042,14.770233,,7.947335,0.026581,5.324998,1.922866,2.467559,1.229853,360,3,,,,,,,,,,,,,,,,,,,,,
1780467870.636655,,,UI_STATUS_SEND,20,,,,14.768145,194.768145,7.929024,,,,,,361,0,"internal_id=20,ui_id=7",20,7,20,1,-1,155.930000,mono,,,,,,,,,,,,,
1780467871.174085,,,MATCH_ACCEPT,20,0,14.732152,7.939375,14.769269,,7.930339,0.038202,5.096979,1.770853,2.183088,0.952831,361,2,,,,,,,,,,,,,,,,,,,,,
1780467871.174085,,,UI_STATUS_SEND,20,,,,14.750545,194.750545,7.936121,,,,,,362,0,"internal_id=20,ui_id=7",20,7,20,1,-1,173.260000,mono,,,,,,,,,,,,,
1780467871.597390,,,MATCH_ACCEPT,20,0,14.791396,7.921042,14.746641,,7.939358,0.048358,4.800091,1.688461,1.991785,0.859115,362,2,,,,,,,,,,,,,,,,,,,,,
1780467871.597390,,,UI_STATUS_SEND,20,,,,14.769840,194.769840,7.927453,,,,,,363,0,"internal_id=20,ui_id=7",20,7,20,1,-1,159.930000,mono,,,,,,,,,,,,,
1780467872.102915,,,MATCH_ACCEPT,20,0,14.798232,7.921042,14.772308,,7.926376,0.026467,4.874648,1.649299,1.882233,0.837954,363,2,,,,,,,,,,,,,,,,,,,,,
1780467872.102915,,,UI_STATUS_SEND,20,,,,14.784640,194.784640,7.923081,,,,,,364,0,"internal_id=20,ui_id=7",20,7,20,1,-1,155.930000,mono,,,,,,,,,,,,,
1780467872.348155,,,MATCH_ACCEPT,20,0,14.775446,7.932500,14.787944,,7.921794,0.016457,4.558938,1.412159,1.429485,0.564707,364,1,,,,,,,,,,,,,,,,,,,,,
1780467872.348155,,,TargetKeep,20,,,,,,,,,,,,,,lock_timer_expired,,,,,,,,,,,,,,,,,,,,
1780467872.348155,,,UI_STATUS_SEND,20,,,,14.782945,194.782945,7.927286,,,,,,365,0,"internal_id=20,ui_id=7",20,7,20,1,-1,155.930000,mono,,,,,,,,,,,,,
1780467872.843006,,,MATCH_ACCEPT,20,0,14.766331,7.939375,14.787517,,7.927167,0.024451,4.829251,1.592367,1.737325,0.798308,365,2,,,,,,,,,,,,,,,,,,,,,
1780467872.843006,,,UI_STATUS_SEND,20,,,,14.778035,194.778035,7.934470,,,,,,366,0,"internal_id=20,ui_id=7",20,7,20,1,-1,155.930000,mono,,,,,,,,,,,,,
1780467873.332204,,,MATCH_ACCEPT,20,0,14.777724,7.893542,14.779708,,7.937278,0.043782,4.947431,1.671154,1.913506,0.879250,366,2,,,,,,,,,,,,,,,,,,,,,
1780467873.332204,,,UI_STATUS_SEND,20,,,,14.778773,194.778773,7.910109,,,,,,367,0,"internal_id=20,ui_id=7",20,7,20,1,-1,155.930000,mono,,,,,,,,,,,,,
1780467873.789801,,,MATCH_ACCEPT,20,0,14.762913,7.921042,14.780168,,7.902397,0.025404,4.985949,1.696832,1.986662,0.892578,367,2,,,,,,,,,,,,,,,,,,,,,
1780467873.789801,,,UI_STATUS_SEND,20,,,,14.771870,194.771870,7.914045,,,,,,368,0,"internal_id=20,ui_id=7",20,7,20,1,-1,134.665000,mono,,,,,,,,,,,,,
1780467874.031657,,,MATCH_ACCEPT,20,0,14.811904,7.921042,14.771313,,7.912293,0.041523,4.804287,1.433958,1.479818,0.576418,368,1,,,,,,,,,,,,,,,,,,,,,
1780467874.031657,,,UI_STATUS_SEND,20,,,,14.786276,194.786276,7.916461,,,,,,369,0,"internal_id=20,ui_id=7",20,7,20,1,-1,155.930000,mono,,,,,,,,,,,,,
1780467874.291965,,,MATCH_ACCEPT,20,0,14.732152,7.898125,14.788169,,7.915569,0.058671,4.514552,1.382568,1.369287,0.542207,369,1,,,,,,,,,,,,,,,,,,,,,
1780467874.291965,,,UI_STATUS_SEND,20,,,,14.766340,194.766340,7.906798,,,,,,370,0,"internal_id=20,ui_id=7",20,7,20,1,-1,94.500000,mono,,,,,,,,,,,,,
1780467874.935451,,,MATCH_ACCEPT,20,0,14.704808,7.850000,14.761741,,7.899345,0.075341,5.878469,1.845646,2.251381,1.155027,370,3,,,,,,,,,,,,,,,,,,,,,
1780467874.935451,,,UI_STATUS_SEND,20,,,,14.739544,194.739544,7.871349,,,,,,371,0,"internal_id=20,ui_id=7",20,7,20,1,-1,107.540000,mono,,,,,,,,,,,,,
1780467875.461099,,,MATCH_ACCEPT,20,0,14.693415,7.829375,14.729760,,7.855591,0.044814,5.844184,1.946389,2.586755,1.201677,371,2,,,,,,,,,,,,,,,,,,,,,
1780467875.461099,,,TargetKeep,20,,,,,,,,,,,,,,lock_timer_expired,,,,,,,,,,,,,,,,,,,,
1780467875.461099,,,UI_STATUS_SEND,20,,,,14.713167,194.713167,7.839612,,,,,,372,0,"internal_id=20,ui_id=7",20,7,20,1,-1,122.300000,mono,,,,,,,,,,,,,
1780467875.727075,,,MATCH_ACCEPT,20,0,14.766331,7.921042,14.705239,,7.827822,0.111455,5.258114,1.654076,1.971733,0.764235,372,1,,,,,,,,,,,,,,,,,,,,,
1780467875.727075,,,UI_STATUS_SEND,20,,,,14.730609,194.730609,7.876675,,,,,,373,0,"internal_id=20,ui_id=7",20,7,20,1,-1,155.930000,mono,,,,,,,,,,,,,
1780467876.038146,,,MATCH_ACCEPT,20,0,14.670628,7.776667,14.726552,,7.874709,0.112870,4.691961,1.500841,1.633868,0.618655,373,1,,,,,,,,,,,,,,,,,,,,,
1780467876.038146,,,UI_STATUS_SEND,20,,,,14.702369,194.702369,7.822184,,,,,,374,0,"internal_id=20,ui_id=7",20,7,20,1,-1,141.760000,mono,,,,,,,,,,,,,
1780467876.460968,,,MATCH_ACCEPT,20,0,14.679743,7.836250,14.689123,,7.799936,0.037506,4.955812,1.582275,1.739435,0.764159,374,2,,,,,,,,,,,,,,,,,,,,,
1780467876.460968,,,UI_STATUS_SEND,20,,,,14.685182,194.685182,7.820275,,,,,,375,0,"internal_id=20,ui_id=7",20,7,20,1,-1,173.260000,mono,,,,,,,,,,,,,
1780467879.751644,,,MATCH_REJECT,20,0,337.790222,7.914167,14.573856,,7.705785,36.784225,13.362196,7.396531,30.565635,24.143034,375,16,,,,,,,,,,,,,,,,,,,,,
1780467879.751644,,,NEW_TRACK,32,0,337.790222,7.914167,,,,,,,1.000000,1.000000,1,0,,,,,,,,,,,,,,,,,,,,,
1780467879.751644,,,TargetLost,20,,,,,,,,,,,,,,not_in_valid_tracks,,,,,,,,,,,,,,,,,,,,
1780467885.967017,,,MATCH_ACCEPT,20,0,34.653016,22.137292,14.366147,,7.492172,25.020723,43.410770,27.428913,393.809105,358.536166,374,46,,,,,,,,,,,,,,,,,,,,,
1780467885.967017,,,UI_STATUS_SEND,20,,,,34.558119,214.558119,22.118416,,,,,,375,0,"internal_id=20,ui_id=7",20,7,20,1,-1,25.150000,mono,,,,,,,,,,,,,
1780467890.007816,,no_packet,TRACK_DELETE,32,,,,337.790222,,7.914167,,,,1373.476401,1373.476401,0,50,,,,,,,,,,,,,,,,,,,,,
1780467890.942999,,,MATCH_REJECT,20,0,11.033909,10.661875,48.276137,,32.332022,43.088035,25.734025,14.489350,107.948149,101.993117,375,24,,,,,,,,,,,,,,,,,,,,,
1780467890.942999,,,NEW_TRACK,33,0,11.033909,10.661875,,,,,,,1.000000,1.000000,1,0,,,,,,,,,,,,,,,,,,,,,
1780467890.942999,,,TargetLost,20,,,,,,,,,,,,,,not_in_valid_tracks,,,,,,,,,,,,,,,,,,,,
1780467896.206399,,no_packet,TRACK_DELETE,20,,,,63.023457,,43.311985,,,,628.192567,611.301066,374,50,,,,,,,,,,,,,,,,,,,,,
1780467901.067526,,no_packet,TRACK_DELETE,33,,,,11.033909,,10.661875,,,,1360.306768,1360.306768,1,50,,,,,,,,,,,,,,,,,,,,,
1780467910.760018,,,NEW_TRACK,34,0,322.530932,20.381875,,,,,,,1.000000,1.000000,1,0,,,,,,,,,,,,,,,,,,,,,
1780467910.760018,,,TargetLost,20,,,,,,,,,,,,,,not_in_valid_tracks,,,,,,,,,,,,,,,,,,,,
1780467911.029985,,,MATCH_ACCEPT,34,0,322.568530,20.349792,322.530932,,20.381875,0.049426,5.166151,1.830301,1.675000,1.675000,1,1,,,,,,,,,,,,,,,,,,,,,
1780467911.029985,,,TargetLost,20,,,,,,,,,,,,,,not_in_valid_tracks,,,,,,,,,,,,,,,,,,,,
1780467911.830409,,,MATCH_REJECT,34,0,36.569017,5.434583,322.563778,,20.333711,75.490127,7.401561,3.333907,6.594966,4.519972,2,3,,,,,,,,,,,,,,,,,,,,,
1780467911.830409,,,NEW_TRACK,35,0,36.569017,5.434583,,,,,,,1.000000,1.000000,1,0,,,,,,,,,,,,,,,,,,,,,
1780467911.830409,,,TargetLost,20,,,,,,,,,,,,,,not_in_valid_tracks,,,,,,,,,,,,,,,,,,,,
1780467921.339599,,no_packet,TRACK_DELETE,34,,,,322.799953,,19.987396,,,,1245.746324,1106.554119,1,50,,,,,,,,,,,,,,,,,,,,,
1780467921.950815,,no_packet,TRACK_DELETE,35,,,,36.569017,,5.434583,,,,1359.035221,1359.035221,1,50,,,,,,,,,,,,,,,,,,,,,
1780467924.349780,,,NEW_TRACK,36,0,14.759495,9.289167,,,,,,,1.000000,1.000000,1,0,,,,,,,,,,,,,,,,,,,,,
1780467924.349780,,,TargetLost,20,,,,,,,,,,,,,,not_in_valid_tracks,,,,,,,,,,,,,,,,,,,,
1780467924.611022,,,MATCH_ACCEPT,36,0,14.766331,9.289167,14.759495,,9.289167,0.006836,5.012851,1.830301,1.675000,1.675000,1,1,,,,,,,,,,,,,,,,,,,,,
1780467924.611022,,,TargetLost,20,,,,,,,,,,,,,,not_in_valid_tracks,,,,,,,,,,,,,,,,,,,,
1780467924.880884,,,MATCH_ACCEPT,36,0,14.752659,9.280000,14.763955,,9.289167,0.014547,4.971566,1.802778,2.112130,1.137877,2,1,,,,,,,,,,,,,,,,,,,,,
1780467924.880884,,,TargetLost,20,,,,,,,,,,,,,,not_in_valid_tracks,,,,,,,,,,,,,,,,,,,,
1780467924.880884,,,TargetSwitch,36,,,,,,,,,,,,,,master_lost,,,,,,,,,,,,,,,,,,,,
1780467924.880884,,,UI_STATUS_SEND,36,,,,14.757935,194.757935,9.282650,,,,,,3,0,"internal_id=36,ui_id=15",36,15,36,1,-1,141.760000,mono,,,,,,,,,,,,,
1780467925.098506,,,MATCH_ACCEPT,36,0,14.752659,9.275417,14.756869,,9.279708,0.006011,5.121553,1.692769,2.000316,0.865151,3,1,,,,,,,,,,,,,,,,,,,,,
1780467925.098506,,,UI_STATUS_SEND,36,,,,14.754955,194.754955,9.277174,,,,,,4,0,"internal_id=36,ui_id=15",36,15,36,1,-1,141.760000,mono,,,,,,,,,,,,,
1780467925.339893,,,MATCH_ACCEPT,36,0,14.752659,9.250208,14.753119,,9.272814,0.022611,5.173221,1.727214,2.123314,0.859955,4,1,,,,,,,,,,,,,,,,,,,,,
1780467925.339893,,,UI_STATUS_SEND,36,,,,14.752903,194.752903,9.259501,,,,,,5,0,"internal_id=36,ui_id=15",36,15,36,1,-1,141.760000,mono,,,,,,,,,,,,,
1780467925.565378,,,MATCH_ACCEPT,36,0,14.752659,9.238750,14.751130,,9.251058,0.012403,5.022551,1.626767,1.925468,0.720904,5,1,,,,,,,,,,,,,,,,,,,,,
1780467925.565378,,,UI_STATUS_SEND,36,,,,14.751811,194.751811,9.244342,,,,,,6,0,"internal_id=36,ui_id=15",36,15,36,1,-1,141.760000,mono,,,,,,,,,,,,,
1780467925.813740,,,MATCH_ACCEPT,36,0,14.748102,9.195208,14.750032,,9.232976,0.037817,4.932342,1.566628,1.796572,0.657752,6,1,,,,,,,,,,,,,,,,,,,,,
1780467925.813740,,,UI_STATUS_SEND,36,,,,14.749206,194.749206,9.213228,,,,,,7,0,"internal_id=36,ui_id=15",36,15,36,1,-1,129.940000,mono,,,,,,,,,,,,,
1780467926.312486,,,MATCH_ACCEPT,36,0,14.741266,9.222708,14.745606,,9.182545,0.040397,5.425855,1.816837,2.341562,0.959333,7,2,,,,,,,,,,,,,,,,,,,,,
1780467926.312486,,,UI_STATUS_SEND,36,,,,14.743560,194.743560,9.206392,,,,,,8,0,"internal_id=36,ui_id=15",36,15,36,1,-1,168.570000,mono,,,,,,,,,,,,,
1780467926.748554,,,MATCH_ACCEPT,36,0,14.773167,9.273125,14.739440,,9.186483,0.092975,5.096244,1.854630,2.441254,0.998397,8,2,,,,,,,,,,,,,,,,,,,,,
1780467926.748554,,,UI_STATUS_SEND,36,,,,14.758284,194.758284,9.244914,,,,,,9,0,"internal_id=36,ui_id=15",36,15,36,1,-1,159.930000,mono,,,,,,,,,,,,,
1780467927.108652,,,MATCH_ACCEPT,36,0,14.732152,9.060000,14.759053,,9.245672,0.187610,4.591515,1.460543,1.565367,0.567820,9,1,,,,,,,,,,,,,,,,,,,,,
1780467927.108652,,,TargetKeep,36,,,,,,,,,,,,,,lock_timer_expired,,,,,,,,,,,,,,,,,,,,
1780467927.108652,,,UI_STATUS_SEND,36,,,,14.747485,194.747485,9.148639,,,,,,10,0,"internal_id=36,ui_id=15",36,15,36,1,-1,155.930000,mono,,,,,,,,,,,,,
1780467927.312096,,,MATCH_ACCEPT,36,0,14.707086,8.929375,14.746552,,9.131870,0.206305,4.388689,1.298659,1.231605,0.454912,10,1,,,,,,,,,,,,,,,,,,,,,
1780467927.312096,,,UI_STATUS_SEND,36,,,,14.732155,194.732155,9.038920,,,,,,11,0,"internal_id=36,ui_id=15",36,15,36,1,-1,155.930000,mono,,,,,,,,,,,,,
1780467927.590919,,,MATCH_ACCEPT,36,0,14.725316,8.876667,14.728579,,8.996905,0.120283,4.359639,1.279293,1.170289,0.466302,11,1,,,,,,,,,,,,,,,,,,,,,
1780467927.590919,,,UI_STATUS_SEND,36,,,,14.727427,194.727427,8.940974,,,,,,12,0,"internal_id=36,ui_id=15",36,15,36,1,-1,173.260000,mono,,,,,,,,,,,,,
1780467927.815272,,,MATCH_ACCEPT,36,0,14.711644,8.766667,14.724036,,8.891049,0.124998,4.140435,1.248690,1.105374,0.453853,12,1,,,,,,,,,,,,,,,,,,,,,
1780467927.815272,,,UI_STATUS_SEND,36,,,,14.719402,194.719402,8.829458,,,,,,13,0,"internal_id=36,ui_id=15",36,15,36,1,-1,173.260000,mono,,,,,,,,,,,,,
1780467928.126786,,,MATCH_ACCEPT,36,0,14.732152,8.791875,14.714788,,8.758708,0.037437,4.111268,1.229245,1.064007,0.447037,13,1,,,,,,,,,,,,,,,,,,,,,
1780467928.126786,,,UI_STATUS_SEND,36,,,,14.721126,194.721126,8.775006,,,,,,14,0,"internal_id=36,ui_id=15",36,15,36,1,-1,173.260000,mono,,,,,,,,,,,,,
1780467928.639962,,,MATCH_ACCEPT,36,0,14.729873,8.739167,14.714905,,8.654377,0.086101,4.491747,1.482898,1.476100,0.722886,14,2,,,,,,,,,,,,,,,,,,,,,
1780467928.639962,,,UI_STATUS_SEND,36,,,,14.721546,194.721546,8.706076,,,,,,15,0,"internal_id=36,ui_id=15",36,15,36,1,-1,173.260000,mono,,,,,,,,,,,,,
1780467929.125329,,,MATCH_ACCEPT,36,0,14.754938,8.505417,14.717494,,8.606887,0.108158,4.655642,1.592161,1.720667,0.814310,15,2,,,,,,,,,,,,,,,,,,,,,
1780467929.125329,,,UI_STATUS_SEND,36,,,,14.735534,194.735534,8.542182,,,,,,16,0,"internal_id=36,ui_id=15",36,15,36,1,-1,173.260000,mono,,,,,,,,,,,,,
1780467929.781990,,,MATCH_ACCEPT,36,0,14.734430,8.441250,14.737846,,8.362429,0.078895,5.124303,1.904602,2.413095,1.214413,16,3,,,,,,,,,,,,,,,,,,,,,
1780467929.781990,,,TargetKeep,36,,,,,,,,,,,,,,lock_timer_expired,,,,,,,,,,,,,,,,,,,,
1780467929.781990,,,UI_STATUS_SEND,36,,,,14.735913,194.735913,8.419504,,,,,,17,0,"internal_id=36,ui_id=15",36,15,36,1,-1,173.260000,mono,,,,,,,,,,,,,
1780467930.303256,,,MATCH_ACCEPT,36,0,14.734430,8.452708,14.736956,,8.315739,0.136992,4.821792,1.702928,2.020664,0.879301,17,2,,,,,,,,,,,,,,,,,,,,,
1780467930.303256,,,UI_STATUS_SEND,36,,,,14.735638,194.735638,8.405484,,,,,,18,0,"internal_id=36,ui_id=15",36,15,36,1,-1,173.260000,mono,,,,,,,,,,,,,
1780467933.736620,,,MATCH_ACCEPT,36,0,14.789118,7.662083,14.740686,,7.874855,0.218214,13.749370,7.654647,32.670109,25.923509,18,17,,,,,,,,,,,,,,,,,,,,,
1780467933.736620,,,UI_STATUS_SEND,36,,,,14.786521,194.786521,7.665814,,,,,,19,0,"internal_id=36,ui_id=15",36,15,36,1,-1,173.260000,mono,,,,,,,,,,,,,
1780467934.269410,,,MATCH_ACCEPT,36,0,14.789118,7.662083,14.793748,,7.563202,0.098990,5.136993,1.913062,2.681788,0.978019,19,2,,,,,,,,,,,,,,,,,,,,,
1780467934.269410,,,UI_STATUS_SEND,36,,,,14.791009,194.791009,7.630327,,,,,,20,0,"internal_id=36,ui_id=15",36,15,36,1,-1,173.260000,mono,,,,,,,,,,,,,
1780467934.798023,,,MATCH_ACCEPT,36,0,14.789118,7.643750,14.797639,,7.552550,0.091597,4.836009,1.712406,2.011848,0.920487,20,2,,,,,,,,,,,,,,,,,,,,,
1780467934.798023,,,UI_STATUS_SEND,36,,,,14.793201,194.793201,7.613242,,,,,,21,0,"internal_id=36,ui_id=15",36,15,36,1,-1,173.260000,mono,,,,,,,,,,,,,
1780467935.493299,,,MATCH_ACCEPT,36,0,14.789118,7.632292,14.800854,,7.539532,0.093500,5.261241,1.995894,2.621499,1.362093,21,3,,,,,,,,,,,,,,,,,,,,,
1780467935.493299,,,UI_STATUS_SEND,36,,,,14.793975,194.793975,7.608771,,,,,,22,0,"internal_id=36,ui_id=15",36,15,36,1,-1,173.260000,mono,,,,,,,,,,,,,
1780467936.327191,,,MATCH_ACCEPT,36,0,14.802790,7.717083,14.799940,,7.563185,0.153924,5.774472,2.338048,3.628249,1.838221,22,4,,,,,,,,,,,,,,,,,,,,,
1780467936.327191,,,UI_STATUS_SEND,36,,,,14.801827,194.801827,7.686135,,,,,,23,0,"internal_id=36,ui_id=15",36,15,36,1,-1,173.260000,mono,,,,,,,,,,,,,
1780467936.624185,,,MATCH_ACCEPT,36,0,14.807347,7.730833,14.803900,,7.695267,0.035733,4.565908,1.532338,1.730857,0.617204,23,1,,,,,,,,,,,,,,,,,,,,,
1780467936.624185,,,TargetKeep,36,,,,,,,,,,,,,,lock_timer_expired,,,,,,,,,,,,,,,,,,,,
1780467936.624185,,,UI_STATUS_SEND,36,,,,14.805566,194.805566,7.715595,,,,,,24,0,"internal_id=36,ui_id=15",36,15,36,1,-1,173.260000,mono,,,,,,,,,,,,,
1780467937.313260,,,MATCH_ACCEPT,36,0,14.802790,7.714792,14.811706,,7.750807,0.037102,5.085387,1.878658,2.371615,1.157740,24,3,,,,,,,,,,,,,,,,,,,,,
1780467937.313260,,,UI_STATUS_SEND,36,,,,14.806698,194.806698,7.725075,,,,,,25,0,"internal_id=36,ui_id=15",36,15,36,1,-1,173.260000,mono,,,,,,,,,,,,,
1780467937.780030,,,MATCH_ACCEPT,36,0,14.802790,7.719375,14.809483,,7.739624,0.021327,4.827799,1.706933,2.024624,0.888996,25,2,,,,,,,,,,,,,,,,,,,,,
1780467937.780030,,,UI_STATUS_SEND,36,,,,14.805986,194.805986,7.726307,,,,,,26,0,"internal_id=36,ui_id=15",36,15,36,1,-1,173.260000,mono,,,,,,,,,,,,,
1780467938.200531,,,MATCH_ACCEPT,36,0,14.793675,7.888958,14.807616,,7.735013,0.154575,4.693843,1.617628,1.822819,0.793902,26,2,,,,,,,,,,,,,,,,,,,,,
1780467938.200531,,,UI_STATUS_SEND,36,,,,14.800698,194.800698,7.832273,,,,,,27,0,"internal_id=36,ui_id=15",36,15,36,1,-1,173.260000,mono,,,,,,,,,,,,,
1780467938.703888,,,MATCH_ACCEPT,36,0,14.793675,7.955417,14.800400,,7.879709,0.076006,4.713206,1.630538,1.832772,0.825880,27,2,,,,,,,,,,,,,,,,,,,,,
1780467938.703888,,,UI_STATUS_SEND,36,,,,14.797054,194.797054,7.928232,,,,,,28,0,"internal_id=36,ui_id=15",36,15,36,1,-1,173.260000,mono,,,,,,,,,,,,,
1780467939.253286,,,MATCH_ACCEPT,36,0,14.777724,7.971458,14.795741,,7.995273,0.029862,4.726354,1.639303,1.849975,0.837339,28,2,,,,,,,,,,,,,,,,,,,,,
1780467939.253286,,,UI_STATUS_SEND,36,,,,14.786735,194.786735,7.979934,,,,,,29,0,"internal_id=36,ui_id=15",36,15,36,1,-1,173.260000,mono,,,,,,,,,,,,,
1780467939.789555,,,MATCH_ACCEPT,36,0,14.784560,7.987500,14.782674,,8.041176,0.053709,4.731041,1.642427,1.859491,0.838076,29,2,,,,,,,,,,,,,,,,,,,,,
1780467939.789555,,,UI_STATUS_SEND,36,,,,14.783620,194.783620,8.006593,,,,,,30,0,"internal_id=36,ui_id=15",36,15,36,1,-1,173.260000,mono,,,,,,,,,,,,,
1780467940.466080,,,MATCH_ACCEPT,36,0,14.789118,7.989792,14.778201,,8.074885,0.085791,5.150313,1.921942,2.465395,1.228467,30,3,,,,,,,,,,,,,,,,,,,,,
1780467940.466080,,,TargetKeep,36,,,,,,,,,,,,,,lock_timer_expired,,,,,,,,,,,,,,,,,,,,
1780467940.466080,,,UI_STATUS_SEND,36,,,,14.784436,194.784436,8.013073,,,,,,31,0,"internal_id=36,ui_id=15",36,15,36,1,-1,173.260000,mono,,,,,,,,,,,,,
1780467940.923105,,,MATCH_ACCEPT,36,0,14.780003,8.003542,14.782465,,8.037868,0.034415,4.835190,1.711860,2.042971,0.887493,31,2,,,,,,,,,,,,,,,,,,,,,
1780467940.923105,,,UI_STATUS_SEND,36,,,,14.781173,194.781173,8.015305,,,,,,32,0,"internal_id=36,ui_id=15",36,15,36,1,-1,173.260000,mono,,,,,,,,,,,,,
1780467941.420397,,,MATCH_ACCEPT,36,0,14.800511,7.992083,14.778832,,8.031483,0.044970,4.748580,1.654120,1.899115,0.836999,32,2,,,,,,,,,,,,,,,,,,,,,
1780467941.420397,,,UI_STATUS_SEND,36,,,,14.789811,194.789811,8.006110,,,,,,33,0,"internal_id=36,ui_id=15",36,15,36,1,-1,173.260000,mono,,,,,,,,,,,,,
1780467944.742730,,,MATCH_ACCEPT,36,0,14.793675,7.992083,14.796216,,8.051369,0.059340,13.196282,7.285921,29.723211,23.361436,33,16,,,,,,,,,,,,,,,,,,,,,
1780467944.742730,,,UI_STATUS_SEND,36,,,,14.793824,194.793824,7.993235,,,,,,34,0,"internal_id=36,ui_id=15",36,15,36,1,-1,173.260000,mono,,,,,,,,,,,,,
1780467945.368388,,,MATCH_ACCEPT,36,0,14.798232,7.982917,14.794555,,7.988954,0.007069,5.470112,2.135141,3.223217,1.335612,34,3,,,,,,,,,,,,,,,,,,,,,
1780467945.368388,,,UI_STATUS_SEND,36,,,,14.796891,194.796891,7.984470,,,,,,35,0,"internal_id=36,ui_id=15",36,15,36,1,-1,173.260000,mono,,,,,,,,,,,,,
1780467945.878294,,,MATCH_ACCEPT,36,0,14.802790,7.982917,14.797948,,7.979766,0.005776,4.903296,1.757264,2.137973,0.950003,35,2,,,,,,,,,,,,,,,,,,,,,
1780467945.878294,,,UI_STATUS_SEND,36,,,,14.800543,194.800543,7.981885,,,,,,36,0,"internal_id=36,ui_id=15",36,15,36,1,-1,173.260000,mono,,,,,,,,,,,,,
1780467946.380759,,,MATCH_ACCEPT,36,0,14.798232,7.982917,14.802337,,7.978054,0.006364,4.810816,1.695611,1.974816,0.900281,36,2,,,,,,,,,,,,,,,,,,,,,
1780467946.380759,,,UI_STATUS_SEND,36,,,,14.800218,194.800218,7.981266,,,,,,37,0,"internal_id=36,ui_id=15",36,15,36,1,-1,173.260000,mono,,,,,,,,,,,,,
1780467949.057642,,,MATCH_REJECT,36,0,353.390353,9.660417,14.806959,,7.966403,21.483498,11.268736,6.000890,20.936616,15.074070,37,13,,,,,,,,,,,,,,,,,,,,,
1780467949.057642,,,NEW_TRACK,37,0,353.390353,9.660417,,,,,,,1.000000,1.000000,1,0,,,,,,,,,,,,,,,,,,,,,
1780467949.057642,,,TargetLost,36,,,,,,,,,,,,,,not_in_valid_tracks,,,,,,,,,,,,,,,,,,,,
1780467949.317266,,,MATCH_ACCEPT,37,0,353.422254,9.651250,353.390353,,9.660417,0.033192,6.745451,1.830301,1.675000,1.675000,1,1,,,,,,,,,,,,,,,,,,,,,
1780467949.317266,,,TargetLost,36,,,,,,,,,,,,,,not_in_valid_tracks,,,,,,,,,,,,,,,,,,,,
1780467949.610157,,,MATCH_ACCEPT,37,0,353.515679,9.669583,353.399611,,9.653904,0.117121,7.328349,2.218900,2.944992,1.978523,2,1,,,,,,,,,,,,,,,,,,,,,
1780467949.610157,,,TargetLost,36,,,,,,,,,,,,,,not_in_valid_tracks,,,,,,,,,,,,,,,,,,,,
1780467949.610157,,,TargetSwitch,37,,,,,,,,,,,,,,master_lost,,,,,,,,,,,,,,,,,,,,
1780467949.610157,,,UI_STATUS_SEND,37,,,,353.436786,173.436786,9.662665,,,,,,3,0,"internal_id=37,ui_id=16",37,16,37,1,-1,97.460000,mono,,,,,,,,,,,,,
1780467949.954475,,,MATCH_ACCEPT,37,0,353.581759,9.665000,353.452948,,9.664519,0.128812,6.719083,2.445522,3.995063,1.985516,3,1,,,,,,,,,,,,,,,,,,,,,
1780467949.954475,,,UI_STATUS_SEND,37,,,,353.522827,173.522827,9.664857,,,,,,4,0,"internal_id=37,ui_id=16",37,16,37,1,-1,97.460000,mono,,,,,,,,,,,,,
1780467956.794326,,,MATCH_ACCEPT,37,0,323.126798,17.377500,354.525500,,9.717911,32.319465,39.013130,23.974887,336.670781,238.124410,4,33,,,,,,,,,,,,,,,,,,,,,
1780467956.794326,,,UI_STATUS_SEND,37,,,,323.437911,143.437911,17.350501,,,,,,5,0,"internal_id=37,ui_id=16",37,16,37,1,-1,25.150000,mono,,,,,,,,,,,,,
1780467957.042648,,,MATCH_ACCEPT,37,0,323.071351,17.419514,322.218549,,17.684294,0.892961,7.320103,2.213402,3.802000,1.097148,5,1,,,,,,,,,,,,,,,,,,,,,
1780467957.042648,,,TRACK_DELETE,36,,,,14.826396,,7.923545,,,,519.993874,463.284098,31,50,,,,,,,,,,,,,,,,,,,,,
1780467957.042648,,,UI_STATUS_SEND,37,,,,322.541107,142.541107,17.575068,,,,,,6,0,"internal_id=37,ui_id=16",37,16,37,1,-1,113.400000,mono,,,,,,,,,,,,,
1780467967.326697,,,MATCH_REJECT,37,0,41.235683,10.762708,273.529268,,30.560392,129.231872,54.538999,34.448666,609.705411,577.005170,6,50,,,,,,,,,,,,,,,,,,,,,
1780467967.326697,,,NEW_TRACK,38,0,41.235683,10.762708,,,,,,,1.000000,1.000000,1,0,,,,,,,,,,,,,,,,,,,,,
1780467967.326697,,,TRACK_DELETE,37,,,,273.529268,,30.560392,,,,609.705411,577.005170,5,50,,,,,,,,,,,,,,,,,,,,,
1780467967.326697,,,TargetLost,37,,,,,,,,,,,,,,not_in_valid_tracks,,,,,,,,,,,,,,,,,,,,
1780467967.564734,,,MATCH_REJECT,38,0,31.756517,13.187292,41.235683,,10.762708,9.784335,5.397781,1.798121,1.616619,1.616619,1,1,,,,,,,,,,,,,,,,,,,,,
1780467967.564734,,,NEW_TRACK,39,0,31.756517,13.187292,,,,,,,1.000000,1.000000,1,0,,,,,,,,,,,,,,,,,,,,,
1780467967.564734,,,TargetLost,37,,,,,,,,,,,,,,not_in_valid_tracks,,,,,,,,,,,,,,,,,,,,
1780467967.809059,,,MATCH_ACCEPT,39,0,31.770189,13.141458,31.756517,,13.187292,0.047829,5.773161,1.814907,1.646944,1.646944,1,1,,,,,,,,,,,,,,,,,,,,,
1780467967.809059,,,TargetLost,37,,,,,,,,,,,,,,not_in_valid_tracks,,,,,,,,,,,,,,,,,,,,
1780467970.238281,,,MATCH_REJECT,39,0,343.978682,12.935208,31.776186,,13.054415,47.797652,18.651887,10.400725,59.357410,48.817664,2,11,,,,,,,,,,,,,,,,,,,,,
1780467970.238281,,,NEW_TRACK,40,0,343.978682,12.935208,,,,,,,1.000000,1.000000,1,0,,,,,,,,,,,,,,,,,,,,,
1780467970.238281,,,TargetLost,37,,,,,,,,,,,,,,not_in_valid_tracks,,,,,,,,,,,,,,,,,,,,
1780467977.726144,,no_packet,TRACK_DELETE,38,,,,41.235683,,10.762708,,,,1387.443814,1387.443814,0,50,,,,,,,,,,,,,,,,,,,,,
1780467978.131608,,no_packet,TRACK_DELETE,39,,,,31.828749,,12.699325,,,,1302.324678,1160.186973,1,50,,,,,,,,,,,,,,,,,,,,,
1780467980.366020,,no_packet,TRACK_DELETE,40,,,,343.978682,,12.935208,,,,1360.936144,1360.936144,1,50,,,,,,,,,,,,,,,,,,,,,
1780468029.888166,,,NEW_TRACK,41,0,36.842454,9.396875,,,,,,,1.000000,1.000000,1,0,,,,,,,,,,,,,,,,,,,,,
1780468029.888166,,,TargetLost,37,,,,,,,,,,,,,,not_in_valid_tracks,,,,,,,,,,,,,,,,,,,,
1780468030.150684,,,MATCH_ACCEPT,41,0,36.842454,9.396875,36.842454,,9.396875,0.000000,5.446051,1.830301,1.675000,1.675000,1,1,,,,,,,,,,,,,,,,,,,,,
1780468030.150684,,,TargetLost,37,,,,,,,,,,,,,,not_in_valid_tracks,,,,,,,,,,,,,,,,,,,,
1780468030.438397,,,MATCH_ACCEPT,41,0,36.842454,9.390000,36.842454,,9.396875,0.006875,5.595988,1.930259,2.382430,1.343469,2,1,,,,,,,,,,,,,,,,,,,,,
1780468030.438397,,,NEW_TRACK,42,1,20.838922,8.338125,,,,,,,1.000000,1.000000,1,0,,,,,,,,,,,,,,,,,,,,,
1780468030.438397,,,TargetLost,37,,,,,,,,,,,,,,not_in_valid_tracks,,,,,,,,,,,,,,,,,,,,
1780468030.438397,,,TargetSwitch,41,,,,,,,,,,,,,,master_lost,,,,,,,,,,,,,,,,,,,,
1780468030.438397,,,UI_STATUS_SEND,41,,,,36.842454,216.842454,9.392257,,,,,,3,0,"internal_id=41,ui_id=17",41,17,41,1,-1,129.940000,mono,,,,,,,,,,,,,
1780468030.736138,,,MATCH_ACCEPT,42,0,20.843480,8.328958,20.838922,,8.338125,0.010237,5.146151,1.830301,1.675000,1.675000,1,1,,,,,,,,,,,,,,,,,,,,,
1780468030.736138,,,TargetLost,41,,,,,,,,,,,,,,not_in_valid_tracks,,,,,,,,,,,,,,,,,,,,
1780468030.985893,,,MATCH_ACCEPT,42,0,20.850316,8.301458,20.841717,,8.328517,0.028392,5.166524,1.843883,2.200040,1.199863,2,1,,,,,,,,,,,,,,,,,,,,,
1780468030.985893,,,TargetLost,41,,,,,,,,,,,,,,not_in_valid_tracks,,,,,,,,,,,,,,,,,,,,
1780468030.985893,,,TargetSwitch,42,,,,,,,,,,,,,,master_lost,,,,,,,,,,,,,,,,,,,,
1780468030.985893,,,UI_STATUS_SEND,42,,,,20.846142,200.846142,8.309625,,,,,,3,0,"internal_id=42,ui_id=18",42,18,42,1,-1,155.930000,mono,,,,,,,,,,,,,
1780468031.208912,,,MATCH_ACCEPT,42,0,20.859430,8.280833,20.848396,,8.298773,0.021061,5.087366,1.764444,2.169292,0.943970,3,1,,,,,,,,,,,,,,,,,,,,,
1780468031.208912,,,UI_STATUS_SEND,42,,,,20.853945,200.853945,8.287332,,,,,,4,0,"internal_id=42,ui_id=18",42,18,42,1,-1,155.930000,mono,,,,,,,,,,,,,
1780468034.400393,,,MATCH_REJECT,42,0,351.891004,9.610000,20.908842,,8.075549,29.058380,17.006540,9.710560,57.250627,37.044349,4,15,,,,,,,,,,,,,,,,,,,,,
1780468034.400393,,,NEW_TRACK,43,0,351.891004,9.610000,,,,,,,1.000000,1.000000,1,0,,,,,,,,,,,,,,,,,,,,,
1780468034.400393,,,TargetLost,42,,,,,,,,,,,,,,not_in_valid_tracks,,,,,,,,,,,,,,,,,,,,
1780468036.022416,,,MATCH_ACCEPT,41,0,41.057949,6.145000,36.842454,,9.344043,5.291907,34.143624,20.962016,252.774605,186.631512,0,26,,,,,,,,,,,,,,,,,,,,,
1780468036.022416,,,TargetLost,42,,,,,,,,,,,,,,not_in_valid_tracks,,,,,,,,,,,,,,,,,,,,
1780468036.253213,,,MATCH_ACCEPT,41,0,41.057949,6.145000,41.200953,,6.004444,0.200515,5.527236,1.963224,2.988572,0.865678,1,1,,,,,,,,,,,,,,,,,,,,,
1780468036.253213,,,TargetLost,42,,,,,,,,,,,,,,not_in_valid_tracks,,,,,,,,,,,,,,,,,,,,
1780468036.484983,,,MATCH_ACCEPT,41,0,41.057949,6.145000,41.302811,,5.947643,0.314496,4.859155,1.517837,1.691810,0.612019,2,1,,,,,,,,,,,,,,,,,,,,,
1780468036.484983,,,TargetLost,42,,,,,,,,,,,,,,not_in_valid_tracks,,,,,,,,,,,,,,,,,,,,
1780468036.484983,,,TargetSwitch,41,,,,,,,,,,,,,,master_lost,,,,,,,,,,,,,,,,,,,,
1780468036.484983,,,UI_STATUS_SEND,41,,,,41.201589,221.201589,6.047284,,,,,,3,0,"internal_id=41,ui_id=17",41,17,41,1,-1,141.760000,mono,,,,,,,,,,,,,
1780468036.742774,,,MATCH_ACCEPT,41,0,41.057949,6.145000,41.383423,,5.923484,0.393704,4.735336,1.435291,1.436692,0.623367,3,1,,,,,,,,,,,,,,,,,,,,,
1780468036.742774,,,UI_STATUS_SEND,41,,,,41.261570,221.261570,6.036340,,,,,,4,0,"internal_id=41,ui_id=17",41,17,41,1,-1,141.760000,mono,,,,,,,,,,,,,
1780468041.596054,,no_packet,TRACK_DELETE,42,,,,21.036816,,7.581852,,,,791.533401,617.726504,0,50,,,,,,,,,,,,,,,,,,,,,
1780468044.632062,,no_packet,TRACK_DELETE,43,,,,351.891004,,9.610000,,,,1383.422042,1383.422042,0,50,,,,,,,,,,,,,,,,,,,,,
1780468046.864069,,no_packet,TRACK_DELETE,41,,,,47.726378,,2.403845,,,,549.465807,488.770655,4,50,,,,,,,,,,,,,,,,,,,,,
1780468063.815373,,,NEW_TRACK,44,0,12.949587,17.551667,,,,,,,1.000000,1.000000,1,0,,,,,,,,,,,,,,,,,,,,,
1780468063.815373,,,TargetLost,41,,,,,,,,,,,,,,not_in_valid_tracks,,,,,,,,,,,,,,,,,,,,
1780468064.157462,,,MATCH_ACCEPT,44,0,13.735720,18.637917,12.949587,,17.551667,1.340874,5.186151,1.830301,1.675000,1.675000,1,1,,,,,,,,,,,,,,,,,,,,,
1780468064.157462,,,TargetLost,41,,,,,,,,,,,,,,not_in_valid_tracks,,,,,,,,,,,,,,,,,,,,
1780468064.439685,,,MATCH_ACCEPT,44,0,13.649131,18.523333,13.422972,,18.681575,0.276022,5.052545,1.856764,2.227511,1.220060,2,1,,,,,,,,,,,,,,,,,,,,,
1780468064.439685,,,TargetLost,41,,,,,,,,,,,,,,not_in_valid_tracks,,,,,,,,,,,,,,,,,,,,
1780468064.439685,,,TargetSwitch,44,,,,,,,,,,,,,,master_lost,,,,,,,,,,,,,,,,,,,,
1780468064.439685,,,UI_STATUS_SEND,44,,,,13.546497,193.546497,18.566844,,,,,,3,0,"internal_id=44,ui_id=19",44,19,44,1,-1,173.260000,mono,,,,,,,,,,,,,
1780468065.143932,,,MATCH_ACCEPT,44,0,15.271527,20.654583,14.011789,,19.219732,1.909381,6.739479,2.981386,5.752467,3.136196,3,3,,,,,,,,,,,,,,,,,,,,,
1780468065.143932,,,UI_STATUS_SEND,44,,,,14.964880,194.964880,20.470109,,,,,,4,0,"internal_id=44,ui_id=19",44,19,44,1,-1,97.460000,mono,,,,,,,,,,,,,
1780468074.033060,,,MATCH_REJECT,44,0,319.717944,19.992292,29.147648,,41.238834,72.607846,44.084320,27.355680,421.878280,326.454955,4,43,,,,,,,,,,,,,,,,,,,,,
1780468074.033060,,,NEW_TRACK,45,0,319.717944,19.992292,,,,,,,1.000000,1.000000,1,0,,,,,,,,,,,,,,,,,,,,,
1780468074.033060,,,TargetLost,44,,,,,,,,,,,,,,not_in_valid_tracks,,,,,,,,,,,,,,,,,,,,
1780468074.299786,,,MATCH_ACCEPT,45,0,319.722501,19.978542,319.717944,,19.992292,0.014486,5.186151,1.830301,1.675000,1.675000,1,1,,,,,,,,,,,,,,,,,,,,,
1780468074.299786,,,TargetLost,44,,,,,,,,,,,,,,not_in_valid_tracks,,,,,,,,,,,,,,,,,,,,
1780468075.515427,,no_packet,TRACK_DELETE,44,,,,31.517592,,44.709293,,,,619.411765,492.836294,2,50,,,,,,,,,,,,,,,,,,,,,
1780468084.413616,,no_packet,TRACK_DELETE,45,,,,319.750111,,19.824643,,,,1237.878895,1099.460228,2,50,,,,,,,,,,,,,,,,,,,,,
1780468092.981307,,,NEW_TRACK,46,0,338.500014,40.809583,,,,,,,1.000000,1.000000,1,0,,,,,,,,,,,,,,,,,,,,,
1780468092.981307,,,TargetLost,44,,,,,,,,,,,,,,not_in_valid_tracks,,,,,,,,,,,,,,,,,,,,
1780468103.088399,,no_packet,TRACK_DELETE,46,,,,338.500014,,40.809583,,,,1355.891921,1355.891921,1,50,,,,,,,,,,,,,,,,,,,,,
1780468111.368756,,,NEW_TRACK,47,0,14.661514,9.770417,,,,,,,1.000000,1.000000,1,0,,,,,,,,,,,,,,,,,,,,,
1780468111.368756,,,TargetLost,44,,,,,,,,,,,,,,not_in_valid_tracks,,,,,,,,,,,,,,,,,,,,
1780468111.824880,,,MATCH_ACCEPT,47,0,14.670628,9.770417,14.661514,,9.770417,0.009115,6.031902,2.509668,3.149216,3.149216,1,2,,,,,,,,,,,,,,,,,,,,,
1780468111.824880,,,TargetLost,44,,,,,,,,,,,,,,not_in_valid_tracks,,,,,,,,,,,,,,,,,,,,
1780468121.934789,,no_packet,TRACK_DELETE,47,,,,14.751348,,9.770417,,,,1005.561752,818.895654,2,50,,,,,,,,,,,,,,,,,,,,,
1780468130.029570,,,NEW_TRACK,48,0,22.976292,6.502500,,,,,,,1.000000,1.000000,1,0,,,,,,,,,,,,,,,,,,,,,
1780468130.029570,,,TargetLost,44,,,,,,,,,,,,,,not_in_valid_tracks,,,,,,,,,,,,,,,,,,,,
1780468130.714879,,,MATCH_REJECT,48,0,35.926439,6.915000,22.976292,,6.502500,12.956714,8.971574,3.314383,5.492567,5.492567,1,3,,,,,,,,,,,,,,,,,,,,,
1780468130.714879,,,NEW_TRACK,49,0,35.926439,6.915000,,,,,,,1.000000,1.000000,1,0,,,,,,,,,,,,,,,,,,,,,
1780468130.714879,,,TargetLost,44,,,,,,,,,,,,,,not_in_valid_tracks,,,,,,,,,,,,,,,,,,,,
1780468135.172420,,,MATCH_ACCEPT,48,0,14.540745,11.331042,22.976292,,6.502500,9.719736,39.807596,23.871731,284.929767,284.929767,0,24,,,,,,,,,,,,,,,,,,,,,
1780468135.172420,,,TargetLost,44,,,,,,,,,,,,,,not_in_valid_tracks,,,,,,,,,,,,,,,,,,,,
1780468139.025270,,,MATCH_ACCEPT,48,0,14.533909,11.569375,7.910261,,15.267459,7.586075,18.384644,10.655962,64.373318,49.176216,1,19,,,,,,,,,,,,,,,,,,,,,
1780468139.025270,,,TargetLost,44,,,,,,,,,,,,,,not_in_valid_tracks,,,,,,,,,,,,,,,,,,,,
1780468139.579273,,,MATCH_ACCEPT,48,0,14.531631,11.606042,14.249056,,11.594626,0.282805,5.457478,2.011185,2.972597,1.072269,2,2,,,,,,,,,,,,,,,,,,,,,
1780468139.579273,,,TargetLost,44,,,,,,,,,,,,,,not_in_valid_tracks,,,,,,,,,,,,,,,,,,,,
1780468139.579273,,,TargetSwitch,48,,,,,,,,,,,,,,master_lost,,,,,,,,,,,,,,,,,,,,
1780468139.579273,,,UI_STATUS_SEND,48,,,,14.413207,194.413207,11.602237,,,,,,3,0,"internal_id=48,ui_id=20",48,20,48,1,-1,159.930000,mono,,,,,,,,,,,,,
1780468140.061497,,,MATCH_ACCEPT,48,0,14.516820,11.588854,14.370857,,11.591730,0.145991,5.139252,1.825701,2.300752,1.032433,3,2,,,,,,,,,,,,,,,,,,,,,
1780468140.061497,,,UI_STATUS_SEND,48,,,,14.447607,194.447607,11.589816,,,,,,4,0,"internal_id=48,ui_id=20",48,20,48,1,-1,157.930000,mono,,,,,,,,,,,,,
1780468140.327604,,,MATCH_ACCEPT,48,0,14.545303,11.670208,14.436981,,11.583542,0.138725,4.673343,1.501762,1.618352,0.636936,4,1,,,,,,,,,,,,,,,,,,,,,
1780468140.327604,,,UI_STATUS_SEND,48,,,,14.484006,194.484006,11.630953,,,,,,5,0,"internal_id=48,ui_id=20",48,20,48,1,-1,159.930000,mono,,,,,,,,,,,,,
1780468140.549721,,,MATCH_ACCEPT,48,0,14.506566,11.537292,14.482193,,11.635847,0.101524,4.447433,1.364489,1.343935,0.517894,5,1,,,,,,,,,,,,,,,,,,,,,
1780468140.549721,,,UI_STATUS_SEND,48,,,,14.491774,194.491774,11.586608,,,,,,6,0,"internal_id=48,ui_id=20",48,20,48,1,-1,141.760000,mono,,,,,,,,,,,,,
1780468141.067828,,,MATCH_ACCEPT,48,0,14.563532,11.638125,14.491415,,11.574139,0.096411,5.012376,1.619984,1.812084,0.812265,6,2,,,,,,,,,,,,,,,,,,,,,
1780468141.067828,,,UI_STATUS_SEND,48,,,,14.522435,194.522435,11.610936,,,,,,7,0,"internal_id=48,ui_id=20",48,20,48,1,-1,159.930000,mono,,,,,,,,,,,,,
1780468141.333492,,,MATCH_ACCEPT,48,0,14.572646,11.651875,14.528105,,11.612679,0.059332,4.617602,1.477935,1.566116,0.618176,7,1,,,,,,,,,,,,,,,,,,,,,
1780468141.333492,,,UI_STATUS_SEND,48,,,,14.547264,194.547264,11.633992,,,,,,8,0,"internal_id=48,ui_id=20",48,20,48,1,-1,159.930000,mono,,,,,,,,,,,,,
1780468141.670077,,,MATCH_ACCEPT,48,0,14.506566,11.498333,14.556459,,11.640638,0.150798,4.452559,1.367906,1.353240,0.517927,8,1,,,,,,,,,,,,,,,,,,,,,
1780468141.670077,,,TRACK_DELETE,49,,,,35.926439,,6.915000,,,,1469.346707,1469.346707,0,50,,,,,,,,,,,,,,,,,,,,,
1780468141.670077,,,UI_STATUS_SEND,48,,,,14.536764,194.536764,11.569539,,,,,,9,0,"internal_id=48,ui_id=20",48,20,48,1,-1,141.760000,mono,,,,,,,,,,,,,
1780468142.144533,,,MATCH_ACCEPT,48,0,14.502008,11.480000,14.546932,,11.551467,0.084413,4.952901,1.580334,1.726906,0.770549,9,2,,,,,,,,,,,,,,,,,,,,,
1780468142.144533,,,TargetKeep,48,,,,,,,,,,,,,,lock_timer_expired,,,,,,,,,,,,,,,,,,,,
1780468142.144533,,,UI_STATUS_SEND,48,,,,14.528137,194.528137,11.511292,,,,,,10,0,"internal_id=48,ui_id=20",48,20,48,1,-1,155.930000,mono,,,,,,,,,,,,,
1780468142.697144,,,MATCH_ACCEPT,48,0,14.517959,11.532708,14.532353,,11.476930,0.057605,5.009429,1.712486,2.018417,0.914190,10,2,,,,,,,,,,,,,,,,,,,,,
1780468142.697144,,,UI_STATUS_SEND,48,,,,14.525374,194.525374,11.512089,,,,,,11,0,"internal_id=48,ui_id=20",48,20,48,1,-1,159.930000,mono,,,,,,,,,,,,,
1780468143.145937,,,MATCH_ACCEPT,48,0,14.497451,11.470833,14.527472,,11.491437,0.036411,4.960298,1.706398,2.021250,0.890545,11,2,,,,,,,,,,,,,,,,,,,,,
1780468143.145937,,,UI_STATUS_SEND,48,,,,14.512658,194.512658,11.478417,,,,,,12,0,"internal_id=48,ui_id=20",48,20,48,1,-1,141.760000,mono,,,,,,,,,,,,,
1780468143.612250,,,MATCH_ACCEPT,48,0,14.492894,11.470833,14.510464,,11.452662,0.025277,5.120789,1.692259,1.986349,0.877392,12,2,,,,,,,,,,,,,,,,,,,,,
1780468143.612250,,,UI_STATUS_SEND,48,,,,14.502509,194.502509,11.463452,,,,,,13,0,"internal_id=48,ui_id=20",48,20,48,1,-1,155.930000,mono,,,,,,,,,,,,,
1780468143.880066,,,MATCH_ACCEPT,48,0,14.492894,11.466250,14.500025,,11.451503,0.016381,4.655735,1.476690,1.564243,0.616370,13,1,,,,,,,,,,,,,,,,,,,,,
1780468143.880066,,,UI_STATUS_SEND,48,,,,14.497017,194.497017,11.459390,,,,,,14,0,"internal_id=48,ui_id=20",48,20,48,1,-1,155.930000,mono,,,,,,,,,,,,,
1780468144.230977,,,MATCH_ACCEPT,48,0,14.492894,11.463958,14.494046,,11.449164,0.014839,4.475733,1.356689,1.322457,0.518147,14,1,,,,,,,,,,,,,,,,,,,,,
1780468144.230977,,,UI_STATUS_SEND,48,,,,14.493607,194.493607,11.456435,,,,,,15,0,"internal_id=48,ui_id=20",48,20,48,1,-1,173.260000,mono,,,,,,,,,,,,,
1780468144.690670,,,MATCH_ACCEPT,48,0,14.506566,11.465104,14.488103,,11.440964,0.030391,4.610333,1.561955,1.664838,0.774866,15,2,,,,,,,,,,,,,,,,,,,,,
1780468144.690670,,,UI_STATUS_SEND,48,,,,14.496846,194.496846,11.456078,,,,,,16,0,"internal_id=48,ui_id=20",48,20,48,1,-1,164.250000,mono,,,,,,,,,,,,,
1780468144.990800,,,MATCH_ACCEPT,48,0,14.531631,11.463958,14.495281,,11.450889,0.038627,4.383210,1.350473,1.298760,0.525018,16,1,,,,,,,,,,,,,,,,,,,,,
1780468144.990800,,,TargetKeep,48,,,,,,,,,,,,,,lock_timer_expired,,,,,,,,,,,,,,,,,,,,
1780468144.990800,,,UI_STATUS_SEND,48,,,,14.509589,194.509589,11.457582,,,,,,17,0,"internal_id=48,ui_id=20",48,20,48,1,-1,159.930000,mono,,,,,,,,,,,,,
1780468145.252403,,,MATCH_ACCEPT,48,0,14.515680,11.452500,14.510491,,11.453932,0.005383,4.333579,1.288586,1.182088,0.478366,17,1,,,,,,,,,,,,,,,,,,,,,
1780468145.252403,,,UI_STATUS_SEND,48,,,,14.512375,194.512375,11.453245,,,,,,18,0,"internal_id=48,ui_id=20",48,20,48,1,-1,159.930000,mono,,,,,,,,,,,,,
1780468145.460474,,,MATCH_ACCEPT,48,0,14.522516,11.450208,14.513403,,11.450071,0.009115,4.243141,1.228294,1.074294,0.434413,18,1,,,,,,,,,,,,,,,,,,,,,
1780468145.460474,,,UI_STATUS_SEND,48,,,,14.516512,194.516512,11.450134,,,,,,19,0,"internal_id=48,ui_id=20",48,20,48,1,-1,159.930000,mono,,,,,,,,,,,,,
1780468145.755972,,,MATCH_ACCEPT,48,0,14.511123,11.466250,14.518305,,11.446336,0.021170,4.261842,1.240761,1.084757,0.454732,19,1,,,,,,,,,,,,,,,,,,,,,
1780468145.755972,,,UI_STATUS_SEND,48,,,,14.515839,194.515839,11.455639,,,,,,20,0,"internal_id=48,ui_id=20",48,20,48,1,-1,155.930000,mono,,,,,,,,,,,,,
1780468145.975172,,,MATCH_ACCEPT,48,0,14.515680,11.466250,14.517013,,11.454313,0.012011,4.269950,1.219500,1.048255,0.438924,20,1,,,,,,,,,,,,,,,,,,,,,
1780468145.975172,,,UI_STATUS_SEND,48,,,,14.516576,194.516576,11.459687,,,,,,21,0,"internal_id=48,ui_id=20",48,20,48,1,-1,155.930000,mono,,,,,,,,,,,,,
1780468146.233095,,,MATCH_ACCEPT,48,0,14.529352,11.462813,14.517833,,11.459493,0.011987,4.310765,1.246710,1.089060,0.465226,21,1,,,,,,,,,,,,,,,,,,,,,
1780468146.233095,,,UI_STATUS_SEND,48,,,,14.521713,194.521713,11.461035,,,,,,22,0,"internal_id=48,ui_id=20",48,20,48,1,-1,164.595000,mono,,,,,,,,,,,,,
1780468146.478019,,,MATCH_ACCEPT,48,0,14.565810,11.445625,14.523657,,11.461218,0.044945,4.239156,1.256737,1.107347,0.472041,22,1,,,,,,,,,,,,,,,,,,,,,
1780468146.478019,,,UI_STATUS_SEND,48,,,,14.538704,194.538704,11.453636,,,,,,23,0,"internal_id=48,ui_id=20",48,20,48,1,-1,155.930000,mono,,,,,,,,,,,,,
1780468146.705051,,,MATCH_ACCEPT,48,0,14.499730,11.461667,14.543056,,11.452126,0.044365,4.281919,1.227479,1.062476,0.444230,23,1,,,,,,,,,,,,,,,,,,,,,
1780468146.705051,,,TargetKeep,48,,,,,,,,,,,,,,lock_timer_expired,,,,,,,,,,,,,,,,,,,,
1780468146.705051,,,UI_STATUS_SEND,48,,,,14.528702,194.528702,11.456449,,,,,,24,0,"internal_id=48,ui_id=20",48,20,48,1,-1,155.930000,mono,,,,,,,,,,,,,
1780468146.955860,,,MATCH_ACCEPT,48,0,14.497451,11.457083,14.530822,,11.455837,0.033394,4.315538,1.249892,1.096947,0.465282,24,1,,,,,,,,,,,,,,,,,,,,,
1780468146.955860,,,UI_STATUS_SEND,48,,,,14.519529,194.519529,11.456416,,,,,,25,0,"internal_id=48,ui_id=20",48,20,48,1,-1,155.930000,mono,,,,,,,,,,,,,
1780468147.291050,,,MATCH_ACCEPT,48,0,14.529352,11.450208,14.519547,,11.455944,0.011360,4.333180,1.261654,1.117331,0.474439,25,1,,,,,,,,,,,,,,,,,,,,,
1780468147.291050,,,UI_STATUS_SEND,48,,,,14.522906,194.522906,11.453251,,,,,,26,0,"internal_id=48,ui_id=20",48,20,48,1,-1,159.930000,mono,,,,,,,,,,,,,
1780468147.573804,,,MATCH_ACCEPT,48,0,14.499730,11.450208,14.523544,,11.452129,0.023892,4.300387,1.266458,1.127071,0.476845,26,1,,,,,,,,,,,,,,,,,,,,,
1780468147.573804,,,UI_STATUS_SEND,48,,,,14.515162,194.515162,11.451209,,,,,,27,0,"internal_id=48,ui_id=20",48,20,48,1,-1,159.930000,mono,,,,,,,,,,,,,
1780468147.941813,,,MATCH_ACCEPT,48,0,14.511123,11.450208,14.514263,,11.449866,0.003159,4.291340,1.260427,1.118258,0.470418,27,1,,,,,,,,,,,,,,,,,,,,,
1780468147.941813,,,UI_STATUS_SEND,48,,,,14.513163,194.513163,11.450029,,,,,,28,0,"internal_id=48,ui_id=20",48,20,48,1,-1,159.930000,mono,,,,,,,,,,,,,
1780468148.149471,,,MATCH_ACCEPT,48,0,14.499730,11.450208,14.512251,,11.448946,0.012584,4.222870,1.214780,1.044792,0.430899,28,1,,,,,,,,,,,,,,,,,,,,,
1780468148.149471,,,UI_STATUS_SEND,48,,,,14.508057,194.508057,11.449519,,,,,,29,0,"internal_id=48,ui_id=20",48,20,48,1,-1,159.930000,mono,,,,,,,,,,,,,
1780468148.425420,,,MATCH_ACCEPT,48,0,14.490615,11.457083,14.506194,,11.448351,0.017860,4.249958,1.232839,1.068421,0.451471,29,1,,,,,,,,,,,,,,,,,,,,,
1780468148.425420,,,UI_STATUS_SEND,48,,,,14.500899,194.500899,11.452415,,,,,,30,0,"internal_id=48,ui_id=20",48,20,48,1,-1,155.930000,mono,,,,,,,,,,,,,
1780468148.644510,,,MATCH_ACCEPT,48,0,14.529352,11.450208,14.498411,,11.452259,0.031009,4.261407,1.213805,1.037345,0.435976,30,1,,,,,,,,,,,,,,,,,,,,,
1780468148.644510,,,TargetKeep,48,,,,,,,,,,,,,,lock_timer_expired,,,,,,,,,,,,,,,,,,,,
1780468148.644510,,,UI_STATUS_SEND,48,,,,14.508498,194.508498,11.451340,,,,,,31,0,"internal_id=48,ui_id=20",48,20,48,1,-1,155.930000,mono,,,,,,,,,,,,,
1780468148.957769,,,MATCH_ACCEPT,48,0,14.495172,11.475417,14.507525,,11.450938,0.027418,4.303206,1.241671,1.079286,0.462460,31,1,,,,,,,,,,,,,,,,,,,,,
1780468148.957264,,,UI_STATUS_SEND,48,,,,14.503389,194.503389,11.462275,,,,,,32,0,"internal_id=48,ui_id=20",48,20,48,1,-1,155.930000,mono,,,,,,,,,,,,,
1780468149.158386,,,MATCH_ACCEPT,48,0,14.479222,11.493750,14.501987,,11.464189,0.037311,4.253623,1.208615,1.029163,0.431587,32,1,,,,,,,,,,,,,,,,,,,,,
1780468149.158386,,,UI_STATUS_SEND,48,,,,14.494605,194.494605,11.477373,,,,,,33,0,"internal_id=48,ui_id=20",48,20,48,1,-1,155.930000,mono,,,,,,,,,,,,,
1780468149.365966,,,MATCH_ACCEPT,48,1,14.497451,11.500625,14.492020,,11.482007,0.019394,4.236776,1.197384,1.009840,0.423888,33,1,,,,,,,,,,,,,,,,,,,,,
1780468149.366494,,,NEW_TRACK,50,0,37.187943,47.078333,,,,,,,1.000000,1.000000,1,0,,,,,,,,,,,,,,,,,,,,,
1780468149.365966,,,UI_STATUS_SEND,48,,,,14.493758,194.493758,11.490228,,,,,,34,0,"internal_id=48,ui_id=20",48,20,48,1,-1,141.760000,mono,,,,,,,,,,,,,
1780468149.649209,,,MATCH_ACCEPT,48,1,14.492894,11.509792,14.490971,,11.497831,0.012115,4.436360,1.235974,1.067589,0.460042,34,1,,,,,,,,,,,,,,,,,,,,,
1780468149.649209,,,MATCH_ACCEPT,50,0,37.178829,47.087500,37.187943,,47.078333,0.012927,5.059751,1.830301,1.675000,1.675000,1,1,,,,,,,,,,,,,,,,,,,,,
1780468149.649209,,,UI_STATUS_SEND,48,,,,14.491563,194.491563,11.503021,,,,,,35,0,"internal_id=48,ui_id=20",48,20,48,1,-1,141.760000,mono,,,,,,,,,,,,,
1780468149.905872,,,MATCH_ACCEPT,48,0,14.517959,11.445625,14.488887,,11.511922,0.072391,4.503911,1.281007,1.143399,0.497580,35,1,,,,,,,,,,,,,,,,,,,,,
1780468149.905872,,,UI_STATUS_SEND,48,,,,14.498266,194.498266,11.481872,,,,,,36,0,"internal_id=48,ui_id=20",48,20,48,1,-1,159.930000,mono,,,,,,,,,,,,,
1780468150.128298,,,MATCH_ACCEPT,48,1,14.517959,11.445625,14.497450,,11.483236,0.042839,4.313586,1.275257,1.141373,0.484908,36,1,,,,,,,,,,,,,,,,,,,,,
1780468150.128298,,,MATCH_ACCEPT,50,0,37.187943,47.078333,37.180718,,47.090471,0.014125,6.226266,2.607977,4.159645,2.641901,1,2,,,,,,,,,,,,,,,,,,,,,
1780468150.128298,,,UI_STATUS_SEND,48,,,,14.504728,194.504728,11.465064,,,,,,37,0,"internal_id=48,ui_id=20",48,20,48,1,-1,159.930000,mono,,,,,,,,,,,,,
1780468150.370856,,,MATCH_ACCEPT,48,1,14.517959,11.441042,14.505144,,11.462321,0.024840,4.290651,1.259967,1.118619,0.468899,37,1,,,,,,,,,,,,,,,,,,,,,
1780468150.370856,,,MATCH_ACCEPT,50,0,37.183386,47.082917,37.185670,,47.078964,0.004566,5.056009,1.827806,2.436031,0.904844,2,1,,,,,,,,,,,,,,,,,,,,,
1780468150.370856,,,TargetKeep,48,,,,,,,,,,,,,,lock_timer_expired,,,,,,,,,,,,,,,,,,,,
1780468150.370856,,,UI_STATUS_SEND,48,,,,14.509633,194.509633,11.452218,,,,,,38,0,"internal_id=48,ui_id=20",48,20,48,1,-1,159.930000,mono,,,,,,,,,,,,,
1780468150.588990,,,MATCH_ACCEPT,48,0,14.545303,11.404375,14.510729,,11.447621,0.055367,4.242019,1.227546,1.065397,0.441472,38,1,,,,,,,,,,,,,,,,,,,,,
1780468150.588990,,,UI_STATUS_SEND,48,,,,14.522459,194.522459,11.427737,,,,,,39,0,"internal_id=48,ui_id=20",48,20,48,1,-1,159.930000,mono,,,,,,,,,,,,,
1780468150.817786,,,MATCH_ACCEPT,48,0,14.463271,11.679375,14.525590,,11.418509,0.268206,4.232996,1.221531,1.051956,0.440181,39,1,,,,,,,,,,,,,,,,,,,,,
1780468150.817786,,,UI_STATUS_SEND,48,,,,14.504624,194.504624,11.538261,,,,,,40,0,"internal_id=48,ui_id=20",48,20,48,1,-1,173.260000,mono,,,,,,,,,,,,,
1780468151.131393,,,MATCH_ACCEPT,48,0,14.415420,11.851250,14.504145,,11.557559,0.306800,4.128897,1.240998,1.079876,0.460200,40,1,,,,,,,,,,,,,,,,,,,,,
1780468151.131393,,,UI_STATUS_SEND,48,,,,14.471452,194.471452,11.704007,,,,,,41,0,"internal_id=48,ui_id=20",48,20,48,1,-1,173.260000,mono,,,,,,,,,,,,,
1780468160.643830,,no_packet,TRACK_DELETE,50,,,,37.170602,,47.064691,,,,634.965088,507.726002,0,50,,,,,,,,,,,,,,,,,,,,,
1780468161.252187,,no_packet,TRACK_DELETE,48,,,,14.204520,,13.949587,,,,461.301899,427.362005,41,50,,,,,,,,,,,,,,,,,,,,,
1780468166.119663,,,NEW_TRACK,51,0,14.041722,13.938958,,,,,,,1.000000,1.000000,1,0,,,,,,,,,,,,,,,,,,,,,
1780468166.119663,,,TargetLost,48,,,,,,,,,,,,,,not_in_valid_tracks,,,,,,,,,,,,,,,,,,,,
1780468166.583540,,,MATCH_ACCEPT,51,0,14.018935,13.957292,14.041722,,13.938958,0.029246,6.708579,2.522653,3.181888,3.181888,1,2,,,,,,,,,,,,,,,,,,,,,
1780468166.583540,,,TargetLost,48,,,,,,,,,,,,,,not_in_valid_tracks,,,,,,,,,,,,,,,,,,,,
1780468171.190121,,,MATCH_ACCEPT,51,0,14.059951,13.313333,13.954813,,14.049747,0.743882,30.379717,18.257144,193.275756,140.047563,2,22,,,,,,,,,,,,,,,,,,,,,
1780468171.190121,,,TargetLost,48,,,,,,,,,,,,,,not_in_valid_tracks,,,,,,,,,,,,,,,,,,,,
1780468171.190121,,,TargetSwitch,51,,,,,,,,,,,,,,master_lost,,,,,,,,,,,,,,,,,,,,
1780468171.190121,,,UI_STATUS_SEND,51,,,,14.058224,194.058224,13.317551,,,,,,3,0,"internal_id=51,ui_id=21",51,21,51,1,-1,25.150000,mono,,,,,,,,,,,,,
1780468171.463248,,,MATCH_ACCEPT,51,0,13.998428,13.168958,14.059847,,13.279543,0.126496,7.267321,2.178214,3.694967,1.049649,3,1,,,,,,,,,,,,,,,,,,,,,
1780468171.463248,,,UI_STATUS_SEND,51,,,,14.037027,194.037027,13.235106,,,,,,4,0,"internal_id=51,ui_id=21",51,21,51,1,-1,155.930000,mono,,,,,,,,,,,,,
1780468171.812010,,,MATCH_ACCEPT,51,0,14.032607,12.864167,14.036842,,13.190747,0.326607,5.373231,1.955021,2.858338,0.963768,4,1,,,,,,,,,,,,,,,,,,,,,
1780468171.812010,,,UI_STATUS_SEND,51,,,,14.034423,194.034423,12.980901,,,,,,5,0,"internal_id=51,ui_id=21",51,21,51,1,-1,155.930000,mono,,,,,,,,,,,,,
1780468172.050010,,,MATCH_ACCEPT,51,0,14.023493,12.669375,14.034003,,12.898009,0.228876,4.683944,1.495496,1.623979,0.612529,5,1,,,,,,,,,,,,,,,,,,,,,
1780468172.050010,,,UI_STATUS_SEND,51,,,,14.029474,194.029474,12.776089,,,,,,6,0,"internal_id=51,ui_id=21",51,21,51,1,-1,155.930000,mono,,,,,,,,,,,,,
1780468173.919450,,,MATCH_REJECT,51,0,357.990352,39.260417,14.021239,,11.888468,31.720859,9.100221,4.439681,11.365743,8.345021,6,9,,,,,,,,,,,,,,,,,,,,,
1780468173.919450,,,NEW_TRACK,52,0,357.990352,39.260417,,,,,,,1.000000,1.000000,1,0,,,,,,,,,,,,,,,,,,,,,
1780468173.919450,,,TargetLost,51,,,,,,,,,,,,,,not_in_valid_tracks,,,,,,,,,,,,,,,,,,,,
1780468175.661707,,,MATCH_ACCEPT,51,0,13.827529,13.333958,14.013910,,11.098453,2.243261,15.333856,8.595437,40.753626,33.127912,5,17,,,,,,,,,,,,,,,,,,,,,
1780468175.661707,,,UI_STATUS_SEND,51,,,,13.836847,193.836847,13.298356,,,,,,6,0,"internal_id=51,ui_id=21",51,21,51,1,-1,155.930000,mono,,,,,,,,,,,,,
1780468176.145248,,,MATCH_ACCEPT,51,0,13.809300,13.297292,13.810254,,13.407012,0.109725,5.474434,2.022489,3.028276,1.062186,6,2,,,,,,,,,,,,,,,,,,,,,
1780468176.145248,,,UI_STATUS_SEND,51,,,,13.809695,193.809695,13.334096,,,,,,7,0,"internal_id=51,ui_id=21",51,21,51,1,-1,155.930000,mono,,,,,,,,,,,,,
1780468183.517943,,,MATCH_ACCEPT,51,0,12.309287,14.508333,13.377744,,14.683904,1.082785,33.152289,20.474393,219.536935,199.663819,7,36,,,,,,,,,,,,,,,,,,,,,
1780468183.517943,,,UI_STATUS_SEND,51,,,,12.319624,192.319624,14.508804,,,,,,8,0,"internal_id=51,ui_id=21",51,21,51,1,-1,25.150000,mono,,,,,,,,,,,,,
1780468184.329019,,no_packet,TRACK_DELETE,52,,,,357.990352,,39.260417,,,,1393.423503,1393.423503,0,50,,,,,,,,,,,,,,,,,,,,,
1780468188.040805,,,MATCH_ACCEPT,51,0,6.846928,15.961250,11.233358,,15.198188,4.452307,22.763267,12.508845,81.510660,74.960540,8,22,,,,,,,,,,,,,,,,,,,,,
1780468188.040805,,,TargetKeep,51,,,,,,,,,,,,,,lock_timer_expired,,,,,,,,,,,,,,,,,,,,
1780468188.040805,,,UI_STATUS_SEND,51,,,,7.159314,187.159314,15.945669,,,,,,9,0,"internal_id=51,ui_id=21",51,21,51,1,-1,44.240000,mono,,,,,,,,,,,,,
1780468188.573836,,,MATCH_ACCEPT,51,0,6.853764,15.954375,6.591048,,16.102712,0.301701,8.735402,3.156935,7.633924,2.332312,9,2,,,,,,,,,,,,,,,,,,,,,
1780468188.573836,,,UI_STATUS_SEND,51,,,,6.735499,186.735499,16.013884,,,,,,10,0,"internal_id=51,ui_id=21",51,21,51,1,-1,45.200000,mono,,,,,,,,,,,,,
1780468189.051786,,,MATCH_ACCEPT,51,0,6.910730,15.954375,6.185017,,16.151356,0.751971,7.899348,2.599565,4.939045,1.818694,10,2,,,,,,,,,,,,,,,,,,,,,
1780468189.051786,,,UI_STATUS_SEND,51,,,,6.505360,186.505360,16.045403,,,,,,11,0,"internal_id=51,ui_id=21",51,21,51,1,-1,68.540000,mono,,,,,,,,,,,,,
1780468194.225238,,,MATCH_ACCEPT,51,0,8.467045,16.153750,0.986698,,17.212301,7.554873,24.840280,14.140720,109.417476,90.542484,11,25,,,,,,,,,,,,,,,,,,,,,
1780468194.225238,,,UI_STATUS_SEND,51,,,,8.138933,188.138933,16.168221,,,,,,12,0,"internal_id=51,ui_id=21",51,21,51,1,-1,173.260000,mono,,,,,,,,,,,,,
1780468194.550422,,,MATCH_ACCEPT,51,0,8.555912,16.128542,8.257526,,16.164767,0.300577,6.247955,2.653703,5.500400,1.541740,12,1,,,,,,,,,,,,,,,,,,,,,
1780468194.550422,,,UI_STATUS_SEND,51,,,,8.480788,188.480788,16.136904,,,,,,13,0,"internal_id=51,ui_id=21",51,21,51,1,-1,85.440000,mono,,,,,,,,,,,,,
1780468194.915094,,,MATCH_ACCEPT,51,0,8.612878,16.117083,8.615216,,16.130158,0.013282,5.589962,1.532508,1.752283,0.596298,13,1,,,,,,,,,,,,,,,,,,,,,
1780468194.915094,,,UI_STATUS_SEND,51,,,,8.614506,188.614506,16.125285,,,,,,14,0,"internal_id=51,ui_id=21",51,21,51,1,-1,173.260000,mono,,,,,,,,,,,,,
1780468197.704412,,,MATCH_ACCEPT,51,0,8.717696,16.071250,10.052725,,16.040085,1.335393,12.412106,6.763137,25.084965,20.655059,14,13,,,,,,,,,,,,,,,,,,,,,
1780468197.704412,,,TargetKeep,51,,,,,,,,,,,,,,lock_timer_expired,,,,,,,,,,,,,,,,,,,,
1780468197.704412,,,UI_STATUS_SEND,51,,,,8.809428,188.809428,16.070567,,,,,,15,0,"internal_id=51,ui_id=21",51,21,51,1,-1,38.980000,mono,,,,,,,,,,,,,
1780468198.155057,,,MATCH_ACCEPT,51,0,8.893152,16.089583,8.845353,,16.061630,0.055372,6.869203,1.912802,2.699892,0.958919,15,2,,,,,,,,,,,,,,,,,,,,,
1780468198.155057,,,UI_STATUS_SEND,51,,,,8.859772,188.859772,16.072261,,,,,,16,0,"internal_id=51,ui_id=21",51,21,51,1,-1,57.220000,mono,,,,,,,,,,,,,
1780468198.591417,,,MATCH_ACCEPT,51,0,8.899988,16.096458,8.897664,,16.067215,0.029335,7.031111,2.117007,3.120404,1.361317,16,2,,,,,,,,,,,,,,,,,,,,,
1780468198.591417,,,UI_STATUS_SEND,51,,,,8.898481,188.898481,16.081433,,,,,,17,0,"internal_id=51,ui_id=21",51,21,51,1,-1,55.690000,mono,,,,,,,,,,,,,
1780468205.314513,,,MATCH_ACCEPT,51,0,5.862553,15.647292,9.485265,,16.080107,3.648476,32.186467,18.866845,191.560676,164.397150,17,33,,,,,,,,,,,,,,,,,,,,,
1780468205.314513,,,UI_STATUS_SEND,51,,,,5.970050,185.970050,15.651113,,,,,,18,0,"internal_id=51,ui_id=21",51,21,51,1,-1,47.250000,mono,,,,,,,,,,,,,
1780468205.613044,,,MATCH_ACCEPT,51,0,5.317956,15.599167,5.834578,,15.630853,0.517592,8.285201,2.856801,6.390553,1.770756,18,1,,,,,,,,,,,,,,,,,,,,,
1780468205.613044,,,UI_STATUS_SEND,51,,,,5.573395,185.573395,15.614020,,,,,,19,0,"internal_id=51,ui_id=21",51,21,51,1,-1,74.250000,mono,,,,,,,,,,,,,
1780468205.818356,,,MATCH_ACCEPT,51,0,5.185795,15.580833,5.448646,,15.595813,0.263278,6.787552,2.181701,3.635594,1.124225,19,1,,,,,,,,,,,,,,,,,,,,,
1780468205.818356,,,UI_STATUS_SEND,51,,,,5.333557,185.333557,15.588463,,,,,,20,0,"internal_id=51,ui_id=21",51,21,51,1,-1,74.250000,mono,,,,,,,,,,,,,
1780468206.512655,,,MATCH_ACCEPT,51,1,3.287683,15.337917,4.909270,,15.526930,1.632566,7.307245,2.528163,4.200588,2.191021,20,3,,,,,,,,,,,,,,,,,,,,,
1780468206.512655,,,NEW_TRACK,53,0,2.462813,15.234792,,,,,,,1.000000,1.000000,1,0,,,,,,,,,,,,,,,,,,,,,
1780468206.512655,,,UI_STATUS_SEND,51,,,,4.141188,184.141188,15.403602,,,,,,21,0,"internal_id=51,ui_id=21",51,21,51,1,-1,71.690000,mono,,,,,,,,,,,,,
1780468206.991983,,,MATCH_ACCEPT,53,0,2.551680,15.218750,2.462813,,15.234792,0.090303,7.394071,2.509914,3.149834,3.149834,1,2,,,,,,,,,,,,,,,,,,,,,
1780468206.991983,,,TargetLost,51,,,,,,,,,,,,,,not_in_valid_tracks,,,,,,,,,,,,,,,,,,,,
1780468211.075997,,,MATCH_ACCEPT,51,0,354.947839,17.638750,359.207220,,14.495367,5.293693,22.433874,12.578450,90.140228,68.077165,20,22,,,,,,,,,,,,,,,,,,,,,
1780468211.075997,,,TargetKeep,51,,,,,,,,,,,,,,lock_timer_expired,,,,,,,,,,,,,,,,,,,,
1780468211.075997,,,UI_STATUS_SEND,51,,,,355.164204,175.164204,17.584035,,,,,,21,0,"internal_id=51,ui_id=21",51,21,51,1,-1,155.930000,mono,,,,,,,,,,,,,
1780468217.151440,,no_packet,TRACK_DELETE,53,,,,3.001433,,15.054464,,,,1205.449302,948.952975,1,50,,,,,,,,,,,,,,,,,,,,,
1780468217.363809,,,MATCH_ACCEPT,51,0,2.872969,17.893125,342.333846,,21.261315,20.813464,29.488573,18.031915,175.186350,149.963613,21,31,,,,,,,,,,,,,,,,,,,,,
1780468217.363809,,,UI_STATUS_SEND,51,,,,2.624582,182.624582,17.905124,,,,,,22,0,"internal_id=51,ui_id=21",51,21,51,1,-1,97.460000,mono,,,,,,,,,,,,,
1780468227.479226,,no_packet,TRACK_DELETE,51,,,,19.838605,,17.116285,,,,575.930555,543.423685,22,50,,,,,,,,,,,,,,,,,,,,,
1780468236.889979,,,NEW_TRACK,54,0,358.978764,19.119167,,,,,,,1.000000,1.000000,1,0,,,,,,,,,,,,,,,,,,,,,
1780468236.889979,,,TargetLost,51,,,,,,,,,,,,,,not_in_valid_tracks,,,,,,,,,,,,,,,,,,,,
1780468237.372159,,,MATCH_ACCEPT,54,0,358.937748,19.096250,358.978764,,19.119167,0.046984,6.808658,2.505238,3.138110,3.138110,1,2,,,,,,,,,,,,,,,,,,,,,
1780468237.372159,,,TargetLost,51,,,,,,,,,,,,,,not_in_valid_tracks,,,,,,,,,,,,,,,,,,,,
1780468239.248243,,,MATCH_ACCEPT,54,0,358.823816,19.194792,358.905393,,19.052148,0.164324,15.864382,7.909588,37.890529,24.671054,2,9,,,,,,,,,,,,,,,,,,,,,
1780468239.248243,,,TargetLost,51,,,,,,,,,,,,,,not_in_valid_tracks,,,,,,,,,,,,,,,,,,,,
1780468239.248243,,,TargetSwitch,54,,,,,,,,,,,,,,master_lost,,,,,,,,,,,,,,,,,,,,
1780468239.248243,,,UI_STATUS_SEND,54,,,,358.835366,178.835366,19.186296,,,,,,3,0,"internal_id=54,ui_id=22",54,22,54,1,-1,97.460000,mono,,,,,,,,,,,,,
1780468243.443716,,,MATCH_ACCEPT,54,0,0.464441,19.279583,358.586522,,19.350762,1.879268,20.502566,11.634511,83.938517,51.423328,3,20,,,,,,,,,,,,,,,,,,,,,
1780468243.443716,,,UI_STATUS_SEND,54,,,,0.391970,180.391970,19.280730,,,,,,4,0,"internal_id=54,ui_id=22",54,22,54,1,-1,97.460000,mono,,,,,,,,,,,,,
1780468243.650993,,,MATCH_ACCEPT,54,0,0.496342,19.270417,0.465144,,19.285113,0.034486,6.309702,2.172601,3.680310,1.039887,4,1,,,,,,,,,,,,,,,,,,,,,
1780468243.650993,,,UI_STATUS_SEND,54,,,,0.481431,180.481431,19.276993,,,,,,5,0,"internal_id=54,ui_id=22",54,22,54,1,-1,97.460000,mono,,,,,,,,,,,,,
1780468247.236092,,,MATCH_ACCEPT,54,0,15.082399,16.050625,1.731311,,19.335740,13.749310,16.344487,8.862458,43.021146,35.522018,5,17,,,,,,,,,,,,,,,,,,,,,
1780468247.236092,,,UI_STATUS_SEND,54,,,,14.112726,194.112726,16.126719,,,,,,6,0,"internal_id=54,ui_id=22",54,22,54,1,-1,159.930000,mono,,,,,,,,,,,,,
1780468257.250030,,,MATCH_ACCEPT,54,0,37.736023,22.045625,55.003536,,5.907930,23.634555,49.020541,31.079894,508.091614,457.868192,6,49,,,,,,,,,,,,,,,,,,,,,
1780468257.250030,,,UI_STATUS_SEND,54,,,,37.806249,217.806249,22.027364,,,,,,7,0,"internal_id=54,ui_id=22",54,22,54,1,-1,97.460000,mono,,,,,,,,,,,,,
1780468257.641898,,,MATCH_ACCEPT,54,0,37.733745,22.047917,38.275625,,22.313982,0.603676,5.741694,1.793929,2.437605,0.780577,7,1,,,,,,,,,,,,,,,,,,,,,
1780468257.641898,,,UI_STATUS_SEND,54,,,,38.048156,218.048156,22.186010,,,,,,8,0,"internal_id=54,ui_id=22",54,22,54,1,-1,155.930000,mono,,,,,,,,,,,,,
1780468259.769492,,,MATCH_REJECT,54,0,5.657474,17.700625,41.745187,,24.298539,36.685903,11.496629,6.037286,19.873401,16.575422,8,10,,,,,,,,,,,,,,,,,,,,,
1780468259.769492,,,NEW_TRACK,55,0,5.657474,17.700625,,,,,,,1.000000,1.000000,1,0,,,,,,,,,,,,,,,,,,,,,
1780468259.769492,,,TargetLost,54,,,,,,,,,,,,,,not_in_valid_tracks,,,,,,,,,,,,,,,,,,,,
1780468267.870492,,no_packet,TRACK_DELETE,54,,,,56.185935,,32.550157,,,,661.495079,620.127842,7,50,,,,,,,,,,,,,,,,,,,,,
1780468270.086375,,,MATCH_ACCEPT,55,0,4.210534,18.720417,5.657474,,17.700625,1.770201,82.679010,52.452673,1375.641457,1375.641457,1,50,,,,,,,,,,,,,,,,,,,,,
1780468270.086375,,,TargetLost,54,,,,,,,,,,,,,,not_in_valid_tracks,,,,,,,,,,,,,,,,,,,,
1780468277.754706,,,MATCH_ACCEPT,55,0,337.061055,7.139583,3.015445,,19.569044,28.777106,41.147490,25.920060,343.765568,328.083941,2,37,,,,,,,,,,,,,,,,,,,,,
1780468277.754706,,,TargetLost,54,,,,,,,,,,,,,,not_in_valid_tracks,,,,,,,,,,,,,,,,,,,,
1780468277.754706,,,TargetSwitch,55,,,,,,,,,,,,,,master_lost,,,,,,,,,,,,,,,,,,,,
1780468277.754706,,,UI_STATUS_SEND,55,,,,337.200043,157.200043,7.157088,,,,,,3,0,"internal_id=55,ui_id=23",55,23,55,1,-1,173.260000,mono,,,,,,,,,,,,,
1780468278.778972,,,MATCH_ACCEPT,55,0,337.325378,7.506250,332.952900,,5.251277,4.919702,6.820262,3.035241,5.605301,3.607390,3,5,,,,,,,,,,,,,,,,,,,,,
1780468278.778972,,,UI_STATUS_SEND,55,,,,336.240016,156.240016,7.249898,,,,,,4,0,"internal_id=55,ui_id=23",55,23,55,1,-1,173.260000,mono,,,,,,,,,,,,,
1780468280.051944,,,MATCH_REJECT,55,0,339.081068,37.759375,333.446597,,6.940697,31.329510,7.411087,3.429124,7.633116,4.125778,4,6,,,,,,,,,,,,,,,,,,,,,
1780468280.051944,,,NEW_TRACK,56,0,339.081068,37.759375,,,,,,,1.000000,1.000000,1,0,,,,,,,,,,,,,,,,,,,,,
1780468280.051944,,,TargetLost,55,,,,,,,,,,,,,,not_in_valid_tracks,,,,,,,,,,,,,,,,,,,,
1780468285.349454,,,MATCH_ACCEPT,56,0,5.354415,16.651806,339.081068,,37.759375,33.701902,42.492250,25.661500,329.256290,329.256290,1,26,,,,,,,,,,,,,,,,,,,,,
1780468285.349454,,,TargetLost,55,,,,,,,,,,,,,,not_in_valid_tracks,,,,,,,,,,,,,,,,,,,,
1780468285.736972,,,MATCH_ACCEPT,56,0,5.386316,16.644167,6.163406,,15.693584,1.227793,7.967909,2.968606,6.931904,1.880719,2,1,,,,,,,,,,,,,,,,,,,,,
1780468285.736972,,,TargetLost,55,,,,,,,,,,,,,,not_in_valid_tracks,,,,,,,,,,,,,,,,,,,,
1780468285.736972,,,TargetSwitch,56,,,,,,,,,,,,,,master_lost,,,,,,,,,,,,,,,,,,,,
1780468285.736972,,,UI_STATUS_SEND,56,,,,5.699021,185.699021,16.280191,,,,,,3,0,"internal_id=56,ui_id=24",56,24,56,1,-1,122.300000,mono,,,,,,,,,,,,,
1780468285.941997,,,MATCH_ACCEPT,56,0,5.388594,16.614375,6.739718,,15.463058,1.775124,5.846829,2.046553,3.214521,0.973858,3,1,,,,,,,,,,,,,,,,,,,,,
1780468285.941997,,,UI_STATUS_SEND,56,,,,6.014730,186.014730,16.135287,,,,,,4,0,"internal_id=56,ui_id=24",56,24,56,1,-1,44.400000,mono,,,,,,,,,,,,,
1780468286.203332,,,MATCH_ACCEPT,56,0,5.238204,16.660208,7.220447,,15.258246,2.427918,6.436234,1.624156,1.925472,0.712410,4,1,,,,,,,,,,,,,,,,,,,,,
1780468286.203332,,,UI_STATUS_SEND,56,,,,6.753593,186.753593,15.697284,,,,,,5,0,"internal_id=56,ui_id=24",56,24,56,1,-1,63.650000,mono,,,,,,,,,,,,,
1780468286.575420,,,MATCH_ACCEPT,56,0,5.327071,16.642639,7.897288,,14.934392,3.086118,6.302393,1.716928,2.043393,0.904450,5,1,,,,,,,,,,,,,,,,,,,,,
1780468286.575420,,,UI_STATUS_SEND,56,,,,7.185101,187.185101,15.624997,,,,,,6,0,"internal_id=56,ui_id=24",56,24,56,1,-1,61.150000,mono,,,,,,,,,,,,,
1780468286.898689,,,MATCH_ACCEPT,55,0,337.940612,7.863750,319.111131,,5.353918,18.996016,36.439201,22.781201,287.923591,231.059507,0,37,,,,,,,,,,,,,,,,,,,,,
1780468286.898689,,,MATCH_ACCEPT,56,1,5.324033,16.654861,8.215227,,15.043771,3.309776,6.416688,1.759792,2.126699,0.970168,6,1,,,,,,,,,,,,,,,,,,,,,
1780468286.898689,,,UI_STATUS_SEND,56,,,,7.408371,187.408371,15.710696,,,,,,7,0,"internal_id=56,ui_id=24",56,24,56,1,-1,55.690000,mono,,,,,,,,,,,,,
1780468287.274077,,,MATCH_ACCEPT,56,0,5.333907,16.651042,8.300414,,15.294201,3.262083,6.576517,1.793544,2.231477,0.985324,7,1,,,,,,,,,,,,,,,,,,,,,
1780468287.274077,,,UI_STATUS_SEND,56,,,,7.482110,187.482110,15.839922,,,,,,8,0,"internal_id=56,ui_id=24",56,24,56,1,-1,55.690000,mono,,,,,,,,,,,,,
1780468287.722228,,,MATCH_ACCEPT,56,0,5.468347,16.593750,8.827512,,15.318022,3.593254,7.083309,2.131406,3.107757,1.435133,8,2,,,,,,,,,,,,,,,,,,,,,
1780468287.722228,,,UI_STATUS_SEND,56,,,,7.663147,187.663147,15.949423,,,,,,9,0,"internal_id=56,ui_id=24",56,24,56,1,-1,25.150000,mono,,,,,,,,,,,,,
1780468291.830606,,,MATCH_ACCEPT,55,0,337.211446,7.469583,341.452280,,8.710099,4.418546,22.169248,13.267899,91.555819,84.481317,0,23,,,,,,,,,,,,,,,,,,,,,
1780468291.830606,,,TargetLost,56,,,,,,,,,,,,,,not_in_valid_tracks,,,,,,,,,,,,,,,,,,,,
1780468292.537524,,,MATCH_ACCEPT,55,0,337.241068,7.503958,337.139963,,7.392500,0.150483,5.567356,2.199971,3.344132,1.495739,1,3,,,,,,,,,,,,,,,,,,,,,
1780468292.537524,,,TargetLost,56,,,,,,,,,,,,,,not_in_valid_tracks,,,,,,,,,,,,,,,,,,,,
1780468293.050561,,,MATCH_ACCEPT,55,0,337.398295,7.515417,337.112386,,7.452976,0.292648,4.974124,1.804483,2.236038,1.020120,2,2,,,,,,,,,,,,,,,,,,,,,
1780468293.050561,,,TargetLost,56,,,,,,,,,,,,,,not_in_valid_tracks,,,,,,,,,,,,,,,,,,,,
1780468293.050561,,,TargetSwitch,55,,,,,,,,,,,,,,master_lost,,,,,,,,,,,,,,,,,,,,
1780468293.050561,,,UI_STATUS_SEND,55,,,,337.268816,157.268816,7.495933,,,,,,3,0,"internal_id=55,ui_id=23",55,23,55,1,-1,173.260000,mono,,,,,,,,,,,,,
1780468298.106224,,no_packet,TRACK_DELETE,56,,,,30.752596,,9.169071,,,,565.187319,480.913900,6,50,,,,,,,,,,,,,,,,,,,,,
1780468303.165501,,no_packet,TRACK_DELETE,55,,,,336.254007,,7.357124,,,,517.932819,453.549393,3,50,,,,,,,,,,,,,,,,,,,,,
1780468303.631074,,,NEW_TRACK,57,0,1.806563,15.074375,,,,,,,1.000000,1.000000,1,0,,,,,,,,,,,,,,,,,,,,,
1780468303.631074,,,TargetLost,55,,,,,,,,,,,,,,not_in_valid_tracks,,,,,,,,,,,,,,,,,,,,
1780468304.150551,,,MATCH_ACCEPT,57,0,1.811120,15.056042,1.806563,,15.074375,0.018891,7.579242,2.511495,3.153802,3.153802,1,2,,,,,,,,,,,,,,,,,,,,,
1780468304.150551,,,TargetLost,55,,,,,,,,,,,,,,not_in_valid_tracks,,,,,,,,,,,,,,,,,,,,
1780468305.077281,,,MATCH_ACCEPT,57,0,1.927331,14.618333,1.810234,,15.045974,0.443383,10.758735,4.602090,13.214273,7.964961,2,4,,,,,,,,,,,,,,,,,,,,,
1780468305.077281,,,TargetLost,55,,,,,,,,,,,,,,not_in_valid_tracks,,,,,,,,,,,,,,,,,,,,
1780468305.077281,,,TargetSwitch,57,,,,,,,,,,,,,,master_lost,,,,,,,,,,,,,,,,,,,,
1780468305.077281,,,UI_STATUS_SEND,57,,,,1.891806,181.891806,14.683760,,,,,,3,0,"internal_id=57,ui_id=25",57,25,57,1,-1,25.150000,mono,,,,,,,,,,,,,
1780468305.558733,,,BBOX_CLIPPED,,0,,,,,,,,,,,,,bbox_out_of_image_bounds,,,,,,,,,,,2524.000,-34.000,2656.000,57.000,2524.000,0.000,2656.000,57.000,1,0.626374
1780468305.558733,,,MATCH_ACCEPT,57,0,1.808842,15.072083,1.920977,,14.538435,0.545302,8.801272,3.200848,7.599795,2.645633,3,2,,,,,,,,,,,,,,,,,,,,,
1780468305.558733,,,NEW_TRACK,58,1,3.129285,14.319375,,,,,,,1.000000,1.000000,1,0,,,,,,,,,,,,,,,,,,,,,
1780468305.558733,,,UI_STATUS_SEND,57,,,,1.859445,181.859445,14.873937,,,,,,4,0,"internal_id=57,ui_id=25",57,25,57,1,-1,57.220000,mono,,,,,,,,,,,,,
1780468305.861582,,,BBOX_CLIPPED,,0,,,,,,,,,,,,,bbox_out_of_image_bounds,,,,,,,,,,,2525.000,-34.000,2657.000,57.000,2525.000,0.000,2657.000,57.000,1,0.626374
1780468305.861582,,,BBOX_CLIPPED,,0,,,,,,,,,,,,,bbox_out_of_image_bounds,,,,,,,,,,,2527.000,-34.000,2659.000,57.000,2527.000,0.000,2659.000,57.000,1,0.626374
1780468305.861582,,,MATCH_ACCEPT,57,1,1.822514,15.001042,1.866071,,14.855059,0.152343,7.578815,2.482143,4.680423,1.480612,4,1,,,,,,,,,,,,,,,,,,,,,
1780468305.861582,,,MATCH_ACCEPT,58,0,3.138400,14.319375,3.129285,,14.319375,0.009115,6.745451,1.830301,1.675000,1.675000,1,1,,,,,,,,,,,,,,,,,,,,,
1780468305.861582,,,UI_STATUS_SEND,57,,,,1.846535,181.846535,14.929098,,,,,,5,0,"internal_id=57,ui_id=25",57,25,57,1,-1,53.770000,mono,,,,,,,,,,,,,
1780468306.068797,,,BBOX_CLIPPED,,0,,,,,,,,,,,,,bbox_out_of_image_bounds,,,,,,,,,,,2529.000,-34.000,2661.000,57.000,2529.000,0.000,2661.000,57.000,1,0.626374
1780468306.068797,,,MATCH_ACCEPT,57,0,1.804284,15.074375,1.849700,,14.924586,0.156523,7.062501,2.091934,3.324224,1.051963,5,1,,,,,,,,,,,,,,,,,,,,,
1780468306.069321,,,MATCH_ACCEPT,58,1,3.152072,14.319375,3.131808,,14.319375,0.020264,7.112522,2.075014,2.592176,1.713509,2,1,,,,,,,,,,,,,,,,,,,,,
1780468306.068797,,,UI_STATUS_SEND,57,,,,1.833489,181.833489,14.986399,,,,,,6,0,"internal_id=57,ui_id=25",57,25,57,1,-1,53.770000,mono,,,,,,,,,,,,,
1780468306.385635,,,BBOX_CLIPPED,,0,,,,,,,,,,,,,bbox_out_of_image_bounds,,,,,,,,,,,2523.000,-34.000,2655.000,57.000,2523.000,0.000,2655.000,57.000,1,0.626374
1780468306.385635,,,BBOX_CLIPPED,,0,,,,,,,,,,,,,bbox_out_of_image_bounds,,,,,,,,,,,2524.000,-34.000,2656.000,57.000,2524.000,0.000,2656.000,57.000,1,0.626374
1780468306.385635,,,MATCH_ACCEPT,57,1,1.817956,15.014792,1.835039,,14.992478,0.028102,6.872151,1.965034,2.888900,0.972458,6,1,,,,,,,,,,,,,,,,,,,,,
1780468306.385635,,,MATCH_ACCEPT,58,0,3.127007,14.319375,3.140714,,14.319375,0.013707,7.578243,2.385495,3.760283,1.930305,3,1,,,,,,,,,,,,,,,,,,,,,
1780468306.385635,,,UI_STATUS_SEND,57,,,,1.829480,181.829480,15.001264,,,,,,7,0,"internal_id=57,ui_id=25",57,25,57,1,-1,66.350000,mono,,,,,,,,,,,,,
1780468306.606290,,,BBOX_CLIPPED,,0,,,,,,,,,,,,,bbox_out_of_image_bounds,,,,,,,,,,,2524.000,-34.000,2656.000,57.000,2524.000,0.000,2656.000,57.000,1,0.626374
1780468306.606290,,,MATCH_ACCEPT,57,1,1.824792,15.007917,1.830165,,15.008140,0.005378,6.459893,1.857929,2.553368,0.898531,7,1,,,,,,,,,,,,,,,,,,,,,
1780468306.606795,,,MATCH_ACCEPT,58,0,3.129285,14.319375,3.136750,,14.319375,0.007465,7.564502,2.376335,3.987546,1.659422,4,1,,,,,,,,,,,,,,,,,,,,,
1780468306.606290,,,UI_STATUS_SEND,57,,,,1.828386,181.828386,15.008048,,,,,,8,0,"internal_id=57,ui_id=25",57,25,57,1,-1,63.650000,mono,,,,,,,,,,,,,
1780468306.819670,,,MATCH_ACCEPT,58,0,3.079155,14.392708,3.134329,,14.319375,0.091771,7.417469,2.278313,3.784732,1.405976,5,1,,,,,,,,,,,,,,,,,,,,,
1780468306.819670,,,TargetLost,57,,,,,,,,,,,,,,not_in_valid_tracks,,,,,,,,,,,,,,,,,,,,
1780468306.819670,,,TargetSwitch,58,,,,,,,,,,,,,,master_lost,,,,,,,,,,,,,,,,,,,,
1780468306.819670,,,UI_STATUS_SEND,58,,,,3.113519,183.113519,14.354108,,,,,,6,0,"internal_id=58,ui_id=26",58,26,58,1,-1,59.400000,mono,,,,,,,,,,,,,
1780468307.040231,,,MATCH_ACCEPT,58,0,3.080295,14.393854,3.109774,,14.362632,0.042941,7.089612,2.185075,3.527345,1.247206,6,1,,,,,,,,,,,,,,,,,,,,,
1780468307.040231,,,UI_STATUS_SEND,58,,,,3.098393,183.098393,14.377329,,,,,,7,0,"internal_id=58,ui_id=26",58,26,58,1,-1,61.525000,mono,,,,,,,,,,,,,
1780468307.364877,,,MATCH_ACCEPT,58,0,3.092827,14.395000,3.091812,,14.390670,0.004447,6.915859,2.097572,3.262716,1.137094,7,1,,,,,,,,,,,,,,,,,,,,,
1780468307.364877,,,UI_STATUS_SEND,58,,,,3.092191,183.092191,14.392636,,,,,,8,0,"internal_id=58,ui_id=26",58,26,58,1,-1,63.650000,mono,,,,,,,,,,,,,
1780468307.738635,,,MATCH_ACCEPT,58,0,3.074598,14.392708,3.085679,,14.406430,0.017638,6.732715,2.003810,2.977179,1.038076,8,1,,,,,,,,,,,,,,,,,,,,,
1780468307.738635,,,UI_STATUS_SEND,58,,,,3.081708,183.081708,14.400422,,,,,,9,0,"internal_id=58,ui_id=26",58,26,58,1,-1,57.220000,mono,,,,,,,,,,,,,
1780468307.993032,,,MATCH_ACCEPT,58,0,3.072319,14.392708,3.074522,,14.412917,0.020328,6.732720,1.918080,2.720398,0.958632,9,1,,,,,,,,,,,,,,,,,,,,,
1780468307.993032,,,UI_STATUS_SEND,58,,,,3.073815,183.073815,14.404836,,,,,,10,0,"internal_id=58,ui_id=26",58,26,58,1,-1,57.220000,mono,,,,,,,,,,,,,
1780468308.241743,,,BBOX_CLIPPED,,0,,,,,,,,,,,,,bbox_out_of_image_bounds,,,,,,,,,,,2526.000,-34.000,2658.000,57.000,2526.000,0.000,2658.000,57.000,1,0.626374
1780468308.241743,,,BBOX_CLIPPED,,0,,,,,,,,,,,,,bbox_out_of_image_bounds,,,,,,,,,,,2528.000,-34.000,2660.000,57.000,2528.000,0.000,2660.000,57.000,1,0.626374
1780468308.242271,,,MATCH_ACCEPT,58,0,3.142957,14.319375,3.066553,,14.415598,0.122868,6.668149,1.875033,2.584829,0.930918,10,1,,,,,,,,,,,,,,,,,,,,,
1780468308.241743,,,UI_STATUS_SEND,58,,,,3.090234,183.090234,14.377797,,,,,,11,0,"internal_id=58,ui_id=26",58,26,58,1,-1,47.250000,mono,,,,,,,,,,,,,
1780468308.498679,,,BBOX_CLIPPED,,0,,,,,,,,,,,,,bbox_out_of_image_bounds,,,,,,,,,,,2530.000,-34.000,2662.000,57.000,2530.000,0.000,2662.000,57.000,1,0.626374
1780468308.498679,,,MATCH_ACCEPT,58,0,3.156629,14.319375,3.086559,,14.380988,0.093306,6.759230,1.839487,2.474049,0.909663,11,1,,,,,,,,,,,,,,,,,,,,,
1780468308.498679,,,UI_STATUS_SEND,58,,,,3.106430,183.106430,14.358317,,,,,,12,0,"internal_id=58,ui_id=26",58,26,58,1,-1,47.250000,mono,,,,,,,,,,,,,
1780468308.726138,,,BBOX_CLIPPED,,0,,,,,,,,,,,,,bbox_out_of_image_bounds,,,,,,,,,,,2480.000,-66.000,2728.000,113.000,2480.000,0.000,2728.000,113.000,1,0.631285
1780468308.726642,,,MATCH_ACCEPT,58,0,3.140679,14.293021,3.105771,,14.357129,0.072996,6.709913,1.806609,2.376971,0.886864,12,1,,,,,,,,,,,,,,,,,,,,,
1780468308.726138,,,TargetKeep,58,,,,,,,,,,,,,,lock_timer_expired,,,,,,,,,,,,,,,,,,,,
1780468308.726138,,,UI_STATUS_SEND,58,,,,3.115389,183.115389,14.333917,,,,,,13,0,"internal_id=58,ui_id=26",58,26,58,1,-1,43.150000,mono,,,,,,,,,,,,,
1780468308.980865,,,BBOX_CLIPPED,,0,,,,,,,,,,,,,bbox_out_of_image_bounds,,,,,,,,,,,2492.000,-60.000,2740.000,119.000,2492.000,0.000,2740.000,119.000,1,0.664804
1780468308.981370,,,MATCH_ACCEPT,58,0,3.247775,14.177292,3.116066,,14.328062,0.200197,6.711326,1.807550,2.363805,0.903433,13,1,,,,,,,,,,,,,,,,,,,,,
1780468308.980865,,,UI_STATUS_SEND,58,,,,3.152209,183.152209,14.272825,,,,,,14,0,"internal_id=58,ui_id=26",58,26,58,1,-1,25.150000,mono,,,,,,,,,,,,,
1780468309.294241,,,BBOX_CLIPPED,,0,,,,,,,,,,,,,bbox_out_of_image_bounds,,,,,,,,,,,2482.000,-66.000,2730.000,113.000,2482.000,0.000,2730.000,113.000,1,0.631285
1780468309.294241,,,BBOX_CLIPPED,,0,,,,,,,,,,,,,bbox_out_of_image_bounds,,,,,,,,,,,2488.000,-63.000,2736.000,116.000,2488.000,0.000,2736.000,116.000,1,0.648045
1780468309.294241,,,MATCH_ACCEPT,58,0,3.215874,14.187604,3.158098,,14.256160,0.089655,6.708718,1.805812,2.348756,0.912201,14,1,,,,,,,,,,,,,,,,,,,,,
1780468309.294241,,,UI_STATUS_SEND,58,,,,3.173880,183.173880,14.230890,,,,,,15,0,"internal_id=58,ui_id=26",58,26,58,1,-1,25.150000,mono,,,,,,,,,,,,,
1780468309.516742,,,BBOX_CLIPPED,,0,,,,,,,,,,,,,bbox_out_of_image_bounds,,,,,,,,,,,2494.000,-60.000,2742.000,119.000,2494.000,0.000,2742.000,119.000,1,0.664804
1780468309.516742,,,MATCH_ACCEPT,58,0,3.256890,14.177292,3.181132,,14.211676,0.083196,6.657931,1.771954,2.262268,0.877552,15,1,,,,,,,,,,,,,,,,,,,,,
1780468309.516742,,,UI_STATUS_SEND,58,,,,3.201266,183.201266,14.199310,,,,,,16,0,"internal_id=58,ui_id=26",58,26,58,1,-1,25.150000,mono,,,,,,,,,,,,,
1780468309.766522,,,BBOX_CLIPPED,,0,,,,,,,,,,,,,bbox_out_of_image_bounds,,,,,,,,,,,2525.000,-26.000,2657.000,65.000,2525.000,0.000,2657.000,65.000,1,0.714286
1780468309.766522,,,BBOX_CLIPPED,,0,,,,,,,,,,,,,bbox_out_of_image_bounds,,,,,,,,,,,2525.000,-26.000,2657.000,65.000,2525.000,0.000,2657.000,65.000,1,0.714286
1780468309.766522,,,MATCH_ACCEPT,58,0,3.133843,14.301042,3.212279,,14.175341,0.148166,6.670434,1.780289,2.273425,0.896005,16,1,,,,,,,,,,,,,,,,,,,,,
1780468309.766522,,,UI_STATUS_SEND,58,,,,3.191358,183.191358,14.221153,,,,,,17,0,"internal_id=58,ui_id=26",58,26,58,1,-1,47.250000,mono,,,,,,,,,,,,,
1780468309.992158,,,BBOX_CLIPPED,,0,,,,,,,,,,,,,bbox_out_of_image_bounds,,,,,,,,,,,2525.000,-26.000,2657.000,65.000,2525.000,0.000,2657.000,65.000,1,0.714286
1780468309.992158,,,MATCH_ACCEPT,58,0,3.133843,14.301042,3.198602,,14.207583,0.113703,6.638687,1.759125,2.220320,0.874201,17,1,,,,,,,,,,,,,,,,,,,,,
1780468309.992158,,,UI_STATUS_SEND,58,,,,3.181627,183.181627,14.241112,,,,,,18,0,"internal_id=58,ui_id=26",58,26,58,1,-1,47.250000,mono,,,,,,,,,,,,,
1780468310.390404,,,BBOX_CLIPPED,,0,,,,,,,,,,,,,bbox_out_of_image_bounds,,,,,,,,,,,2481.000,-66.000,2729.000,113.000,2481.000,0.000,2729.000,113.000,1,0.631285
1780468310.390404,,,MATCH_ACCEPT,58,0,3.147515,14.293021,3.187216,,14.232633,0.072269,6.659814,1.773209,2.247904,0.896367,18,1,,,,,,,,,,,,,,,,,,,,,
1780468310.390404,,,UI_STATUS_SEND,58,,,,3.176714,183.176714,14.254647,,,,,,19,0,"internal_id=58,ui_id=26",58,26,58,1,-1,43.150000,mono,,,,,,,,,,,,,
1780468310.602796,,,BBOX_CLIPPED,,0,,,,,,,,,,,,,bbox_out_of_image_bounds,,,,,,,,,,,2492.000,-61.000,2740.000,118.000,2492.000,0.000,2740.000,118.000,1,0.659218
1780468310.602796,,,MATCH_ACCEPT,58,0,3.247775,14.179583,3.180175,,14.251120,0.098424,6.611391,1.740928,2.173036,0.857793,19,1,,,,,,,,,,,,,,,,,,,,,
1780468310.602796,,,TargetKeep,58,,,,,,,,,,,,,,lock_timer_expired,,,,,,,,,,,,,,,,,,,,
1780468310.602796,,,UI_STATUS_SEND,58,,,,3.197615,183.197615,14.225766,,,,,,20,0,"internal_id=58,ui_id=26",58,26,58,1,-1,25.150000,mono,,,,,,,,,,,,,
1780468310.863703,,,MATCH_ACCEPT,58,0,3.106499,14.397292,3.204211,,14.216636,0.205388,6.644183,1.762789,2.218973,0.888451,20,1,,,,,,,,,,,,,,,,,,,,,
1780468310.863703,,,UI_STATUS_SEND,58,,,,3.178610,183.178610,14.282123,,,,,,21,0,"internal_id=58,ui_id=26",58,26,58,1,-1,61.150000,mono,,,,,,,,,,,,,
1780468311.071963,,,BBOX_CLIPPED,,0,,,,,,,,,,,,,bbox_out_of_image_bounds,,,,,,,,,,,2480.000,-66.000,2728.000,113.000,2480.000,0.000,2728.000,113.000,1,0.631285
1780468311.071963,,,BBOX_CLIPPED,,0,,,,,,,,,,,,,bbox_out_of_image_bounds,,,,,,,,,,,2490.000,-60.000,2738.000,119.000,2490.000,0.000,2738.000,119.000,1,0.664804
1780468311.072469,,,MATCH_ACCEPT,58,0,3.215874,14.184167,3.180998,,14.285321,0.106998,6.373986,1.731324,2.147639,0.849844,21,1,,,,,,,,,,,,,,,,,,,,,
1780468311.071963,,,UI_STATUS_SEND,58,,,,3.190800,183.190800,14.246656,,,,,,22,0,"internal_id=58,ui_id=26",58,26,58,1,-1,25.150000,mono,,,,,,,,,,,,,
1780468311.421762,,,BBOX_CLIPPED,,0,,,,,,,,,,,,,bbox_out_of_image_bounds,,,,,,,,,,,2534.000,-1.000,2632.000,22.000,2534.000,0.000,2632.000,22.000,1,0.956522
1780468311.421762,,,MATCH_ACCEPT,58,0,3.099663,14.398438,3.195098,,14.242848,0.182526,6.591328,1.727552,2.134897,0.849540,22,1,,,,,,,,,,,,,,,,,,,,,
1780468311.421762,,,UI_STATUS_SEND,58,,,,3.170799,183.170799,14.297648,,,,,,23,0,"internal_id=58,ui_id=26",58,26,58,1,-1,63.650000,mono,,,,,,,,,,,,,
1780468311.627844,,,BBOX_CLIPPED,,0,,,,,,,,,,,,,bbox_out_of_image_bounds,,,,,,,,,,,2533.000,-1.000,2631.000,22.000,2533.000,0.000,2631.000,22.000,1,0.956522
1780468311.627844,,,MATCH_ACCEPT,58,0,3.092827,14.399583,3.171384,,14.303587,0.124042,6.289613,1.708408,2.090271,0.828388,23,1,,,,,,,,,,,,,,,,,,,,,
1780468311.627844,,,UI_STATUS_SEND,58,,,,3.149258,183.149258,14.340384,,,,,,24,0,"internal_id=58,ui_id=26",58,26,58,1,-1,63.650000,mono,,,,,,,,,,,,,
1780468311.859688,,,BBOX_CLIPPED,,0,,,,,,,,,,,,,bbox_out_of_image_bounds,,,,,,,,,,,2492.000,-66.000,2740.000,113.000,2492.000,0.000,2740.000,113.000,1,0.631285
1780468311.859688,,,BBOX_CLIPPED,,0,,,,,,,,,,,,,bbox_out_of_image_bounds,,,,,,,,,,,2497.000,-64.000,2745.000,115.000,2497.000,0.000,2745.000,115.000,1,0.642458
1780468311.859688,,,MATCH_ACCEPT,57,1,1.838464,14.985000,1.838337,,15.154685,0.169685,20.823481,11.397654,72.162821,57.743699,0,20,,,,,,,,,,,,,,,,,,,,,
1780468311.859688,,,MATCH_ACCEPT,58,0,3.259168,14.188750,3.146877,,14.353907,0.199715,6.259246,1.688164,2.041418,0.808480,24,1,,,,,,,,,,,,,,,,,,,,,
1780468311.859688,,,UI_STATUS_SEND,58,,,,3.177970,183.177970,14.291547,,,,,,25,0,"internal_id=58,ui_id=26",58,26,58,1,-1,25.150000,mono,,,,,,,,,,,,,
1780468312.095586,,,BBOX_CLIPPED,,0,,,,,,,,,,,,,bbox_out_of_image_bounds,,,,,,,,,,,2503.000,-62.000,2751.000,117.000,2503.000,0.000,2751.000,117.000,1,0.653631
1780468312.095586,,,MATCH_ACCEPT,57,1,1.838464,14.985000,1.838960,,14.986272,0.001365,7.895984,2.693589,5.663011,1.592411,1,1,,,,,,,,,,,,,,,,,,,,,
1780468312.095586,,,MATCH_ACCEPT,58,0,3.297905,14.181875,3.179943,,14.293327,0.162286,6.523234,1.682156,2.023530,0.806119,25,1,,,,,,,,,,,,,,,,,,,,,
1780468312.095586,,,UI_STATUS_SEND,58,,,,3.208794,183.208794,14.255397,,,,,,26,0,"internal_id=58,ui_id=26",58,26,58,1,-1,25.150000,mono,,,,,,,,,,,,,
1780468312.373364,,,BBOX_CLIPPED,,0,,,,,,,,,,,,,bbox_out_of_image_bounds,,,,,,,,,,,2522.000,-34.000,2654.000,57.000,2522.000,0.000,2654.000,57.000,1,0.626374
1780468312.373364,,,BBOX_CLIPPED,,0,,,,,,,,,,,,,bbox_out_of_image_bounds,,,,,,,,,,,2519.000,-35.000,2651.000,56.000,2519.000,0.000,2651.000,56.000,1,0.615385
1780468312.373364,,,MATCH_ACCEPT,58,0,3.113335,14.320521,3.215248,,14.249492,0.124223,6.598029,1.732019,2.131855,0.868036,26,1,,,,,,,,,,,,,,,,,,,,,
1780468312.373364,,,TargetKeep,58,,,,,,,,,,,,,,lock_timer_expired,,,,,,,,,,,,,,,,,,,,
1780468312.373364,,,UI_STATUS_SEND,58,,,,3.189327,183.189327,14.274859,,,,,,27,0,"internal_id=58,ui_id=26",58,26,58,1,-1,47.250000,mono,,,,,,,,,,,,,
1780468313.065640,,,BBOX_CLIPPED,,0,,,,,,,,,,,,,bbox_out_of_image_bounds,,,,,,,,,,,2529.000,-34.000,2661.000,57.000,2529.000,0.000,2661.000,57.000,1,0.626374
1780468313.065640,,,BBOX_CLIPPED,,0,,,,,,,,,,,,,bbox_out_of_image_bounds,,,,,,,,,,,2011.000,2029.000,2259.000,2209.000,2011.000,2029.000,2259.000,2160.000,1,0.727778
1780468313.065640,,,BBOX_CLIPPED,,0,,,,,,,,,,,,,bbox_out_of_image_bounds,,,,,,,,,,,2529.000,-35.000,2661.000,56.000,2529.000,0.000,2661.000,56.000,1,0.615385
1780468313.066145,,,MATCH_ACCEPT,57,1,1.950118,14.350208,1.840582,,14.975557,0.634869,8.371266,3.010444,6.106511,2.956262,1,4,,,,,,,,,,,,,,,,,,,,,
1780468313.066145,,,MATCH_ACCEPT,58,0,3.152072,14.320521,3.195955,,14.272951,0.064720,7.513468,2.342312,3.670194,1.816232,27,3,,,,,,,,,,,,,,,,,,,,,
1780468313.065640,,,UI_STATUS_SEND,58,,,,3.179719,183.179719,14.298522,,,,,,28,0,"internal_id=58,ui_id=26",58,26,58,1,-1,47.250000,mono,,,,,,,,,,,,,
1780468313.593585,,,BBOX_CLIPPED,,0,,,,,,,,,,,,,bbox_out_of_image_bounds,,,,,,,,,,,2484.000,-18.000,2732.000,162.000,2484.000,0.000,2732.000,162.000,1,0.900000
1780468313.593585,,,MATCH_ACCEPT,58,0,3.211317,14.078750,3.180202,,14.305509,0.228884,7.574554,2.383036,3.937081,1.741780,28,2,,,,,,,,,,,,,,,,,,,,,
1780468313.593585,,,UI_STATUS_SEND,58,,,,3.192227,183.192227,14.185978,,,,,,29,0,"internal_id=58,ui_id=26",58,26,58,1,-1,25.150000,mono,,,,,,,,,,,,,
1780468314.029565,,,MATCH_ACCEPT,58,0,3.092827,14.158958,3.195468,,14.157183,0.102656,7.546556,2.364371,3.947388,1.642861,29,2,,,,,,,,,,,,,,,,,,,,,
1780468314.029565,,,UI_STATUS_SEND,58,,,,3.155736,183.155736,14.158093,,,,,,30,0,"internal_id=58,ui_id=26",58,26,58,1,-1,55.690000,mono,,,,,,,,,,,,,
1780468314.723328,,,MATCH_ACCEPT,57,0,1.849857,14.432708,1.938672,,14.096223,0.348010,10.825689,4.550459,13.004128,7.702550,0,7,,,,,,,,,,,,,,,,,,,,,
1780468314.723328,,,TargetLost,58,,,,,,,,,,,,,,not_in_valid_tracks,,,,,,,,,,,,,,,,,,,,
1780468315.010814,,,MATCH_ACCEPT,57,1,1.847579,14.253958,1.879298,,14.336578,0.088499,7.746897,2.646598,5.253749,1.750731,1,1,,,,,,,,,,,,,,,,,,,,,
1780468315.010814,,,MATCH_ACCEPT,58,0,3.113335,13.620417,3.143984,,14.098783,0.479347,8.498324,3.074750,6.350482,3.103602,29,4,,,,,,,,,,,,,,,,,,,,,
1780468315.010814,,,UI_STATUS_SEND,58,,,,3.128041,183.128041,13.773778,,,,,,30,0,"internal_id=58,ui_id=26",58,26,58,1,-1,57.220000,mono,,,,,,,,,,,,,
1780468315.515441,,,MATCH_ACCEPT,58,0,3.113335,13.618125,3.118827,,13.655140,0.037421,7.733449,2.585232,4.789588,1.893838,30,2,,,,,,,,,,,,,,,,,,,,,
1780468315.515441,,,UI_STATUS_SEND,58,,,,3.116332,183.116332,13.634105,,,,,,31,0,"internal_id=58,ui_id=26",58,26,58,1,-1,57.220000,mono,,,,,,,,,,,,,
1780468316.889830,,,MATCH_ACCEPT,58,0,3.165744,13.058958,3.089088,,13.285590,0.239245,9.426637,3.714025,9.033321,4.760660,31,6,,,,,,,,,,,,,,,,,,,,,
1780468316.889830,,,UI_STATUS_SEND,58,,,,3.135913,183.135913,13.111553,,,,,,32,0,"internal_id=58,ui_id=26",58,26,58,1,-1,51.980000,mono,,,,,,,,,,,,,
1780468317.450227,,,MATCH_ACCEPT,58,0,3.177137,13.054375,3.135242,,12.942362,0.119591,8.039427,2.719351,5.367121,2.027749,32,2,,,,,,,,,,,,,,,,,,,,,
1780468317.450227,,,TargetKeep,58,,,,,,,,,,,,,,lock_timer_expired,,,,,,,,,,,,,,,,,,,,
1780468317.450227,,,UI_STATUS_SEND,58,,,,3.154830,183.154830,13.006239,,,,,,33,0,"internal_id=58,ui_id=26",58,26,58,1,-1,57.220000,mono,,,,,,,,,,,,,
1780468317.713494,,,MATCH_ACCEPT,58,0,3.220431,12.928333,3.156622,,12.922704,0.064057,7.177737,2.214758,3.643958,1.261194,33,1,,,,,,,,,,,,,,,,,,,,,
1780468317.713494,,,UI_STATUS_SEND,58,,,,3.181361,183.181361,12.925333,,,,,,34,0,"internal_id=58,ui_id=26",58,26,58,1,-1,47.250000,mono,,,,,,,,,,,,,
1780468317.974506,,,MATCH_ACCEPT,58,0,3.168022,13.013125,3.186011,,12.842232,0.171837,6.967010,1.978007,2.895695,1.016815,34,1,,,,,,,,,,,,,,,,,,,,,
1780468317.974506,,,UI_STATUS_SEND,58,,,,3.180315,183.180315,12.909601,,,,,,35,0,"internal_id=58,ui_id=26",58,26,58,1,-1,57.220000,mono,,,,,,,,,,,,,
1780468318.459654,,,MATCH_ACCEPT,58,0,3.165744,12.710625,3.187438,,12.781639,0.074253,7.092020,2.157613,3.289469,1.365827,35,2,,,,,,,,,,,,,,,,,,,,,
1780468318.459654,,,UI_STATUS_SEND,58,,,,3.179548,183.179548,12.747054,,,,,,36,0,"internal_id=58,ui_id=26",58,26,58,1,-1,55.690000,mono,,,,,,,,,,,,,
1780468319.070106,,,MATCH_ACCEPT,58,0,3.165744,12.644167,3.184810,,12.607126,0.041660,7.261509,2.250206,3.535271,1.528155,36,2,,,,,,,,,,,,,,,,,,,,,
1780468319.070106,,,UI_STATUS_SEND,58,,,,3.177635,183.177635,12.626040,,,,,,37,0,"internal_id=58,ui_id=26",58,26,58,1,-1,55.690000,mono,,,,,,,,,,,,,
1780468323.662939,,,MATCH_ACCEPT,58,0,3.309298,12.087292,3.212838,,11.292011,0.801110,21.280271,11.596047,75.666176,58.802131,37,22,,,,,,,,,,,,,,,,,,,,,
1780468323.662939,,,UI_STATUS_SEND,58,,,,3.302367,183.302367,12.067966,,,,,,38,0,"internal_id=58,ui_id=26",58,26,58,1,-1,25.150000,mono,,,,,,,,,,,,,
1780468324.070689,,,MATCH_ACCEPT,58,0,3.190809,12.103333,3.314328,,12.030336,0.143477,8.514237,3.009491,6.942709,2.114328,38,2,,,,,,,,,,,,,,,,,,,,,
1780468324.070689,,,TargetKeep,58,,,,,,,,,,,,,,lock_timer_expired,,,,,,,,,,,,,,,,,,,,
1780468324.070689,,,UI_STATUS_SEND,58,,,,3.249326,183.249326,12.072313,,,,,,39,0,"internal_id=58,ui_id=26",58,26,58,1,-1,59.400000,mono,,,,,,,,,,,,,
1780468324.344688,,,MATCH_ACCEPT,58,0,3.183973,12.103333,3.251603,,12.054609,0.083354,7.253381,2.294254,3.978091,1.285510,39,1,,,,,,,,,,,,,,,,,,,,,
1780468324.344688,,,UI_STATUS_SEND,58,,,,3.223541,183.223541,12.077912,,,,,,40,0,"internal_id=58,ui_id=26",58,26,58,1,-1,59.400000,mono,,,,,,,,,,,,,
1780468324.741005,,,MATCH_ACCEPT,58,0,3.307020,12.013958,3.223116,,12.064235,0.097814,6.813565,2.001044,2.950355,1.053821,40,1,,,,,,,,,,,,,,,,,,,,,
1780468324.741005,,,UI_STATUS_SEND,58,,,,3.252036,183.252036,12.042663,,,,,,41,0,"internal_id=58,ui_id=26",58,26,58,1,-1,25.150000,mono,,,,,,,,,,,,,
1780468324.976532,,,MATCH_ACCEPT,58,0,3.243218,12.080417,3.254855,,12.025588,0.056050,6.803193,1.868795,2.523002,0.969394,41,1,,,,,,,,,,,,,,,,,,,,,
1780468324.976532,,,UI_STATUS_SEND,58,,,,3.251508,183.251508,12.046580,,,,,,42,0,"internal_id=58,ui_id=26",58,26,58,1,-1,47.250000,mono,,,,,,,,,,,,,
1780468325.271558,,,MATCH_ACCEPT,58,0,3.234103,12.089583,3.254044,,12.033073,0.059925,6.790269,1.860179,2.459683,1.000583,42,1,,,,,,,,,,,,,,,,,,,,,
1780468325.271558,,,UI_STATUS_SEND,58,,,,3.248413,183.248413,12.055134,,,,,,43,0,"internal_id=58,ui_id=26",58,26,58,1,-1,47.250000,mono,,,,,,,,,,,,,
1780468326.490492,,no_packet,TRACK_DELETE,57,,,,1.820344,,12.334357,,,,585.648058,511.699189,0,50,,,,,,,,,,,,,,,,,,,,,
1780468332.439985,,,MATCH_ACCEPT,58,0,28.395514,11.342500,3.296733,,11.808901,25.103114,34.757451,20.504967,229.161428,191.292245,43,35,,,,,,,,,,,,,,,,,,,,,
1780468332.439985,,,UI_STATUS_SEND,58,,,,27.729160,207.729160,11.346279,,,,,,44,0,"internal_id=58,ui_id=26",58,26,58,1,-1,168.570000,mono,,,,,,,,,,,,,
1780468332.689436,,,MATCH_ACCEPT,58,0,28.441087,11.335625,28.767389,,11.316944,0.326836,6.733275,2.945983,6.802693,1.876125,44,1,,,,,,,,,,,,,,,,,,,,,
1780468332.689436,,,UI_STATUS_SEND,58,,,,28.513149,208.513149,11.331806,,,,,,45,0,"internal_id=58,ui_id=26",58,26,58,1,-1,159.930000,mono,,,,,,,,,,,,,
1780468332.952566,,,MATCH_ACCEPT,58,0,28.454759,11.335625,29.538286,,11.304049,1.083987,4.787008,1.590872,1.880232,0.650641,45,1,,,,,,,,,,,,,,,,,,,,,
1780468332.953071,,,NEW_TRACK,59,1,2.992567,11.656458,,,,,,,1.000000,1.000000,1,0,,,,,,,,,,,,,,,,,,,,,
1780468332.952566,,,TargetKeep,58,,,,,,,,,,,,,,lock_timer_expired,,,,,,,,,,,,,,,,,,,,
1780468332.952566,,,UI_STATUS_SEND,58,,,,29.023176,209.023176,11.321618,,,,,,46,0,"internal_id=58,ui_id=26",58,26,58,1,-1,159.930000,mono,,,,,,,,,,,,,
1780468333.236133,,,MATCH_REJECT,58,1,27.051453,17.904583,29.983374,,11.298580,7.227409,4.544151,1.428967,1.429544,0.612403,46,1,,,,,,,,,,,,,,,,,,,,,
1780468333.236133,,,MATCH_ACCEPT,59,0,2.969780,11.670208,2.992567,,11.656458,0.026614,6.705851,1.830301,1.675000,1.675000,1,1,,,,,,,,,,,,,,,,,,,,,
1780468333.236133,,,NEW_TRACK,60,1,27.051453,17.904583,,,,,,,1.000000,1.000000,1,0,,,,,,,,,,,,,,,,,,,,,
1780468333.236133,,,TargetLost,58,,,,,,,,,,,,,,not_in_valid_tracks,,,,,,,,,,,,,,,,,,,,
1780468333.489649,,,MATCH_ACCEPT,59,0,2.942436,11.683958,2.985837,,11.666332,0.046843,7.278800,2.212266,2.933177,1.960945,2,1,,,,,,,,,,,,,,,,,,,,,
1780468333.489649,,,TargetLost,58,,,,,,,,,,,,,,not_in_valid_tracks,,,,,,,,,,,,,,,,,,,,
1780468333.489649,,,TargetSwitch,59,,,,,,,,,,,,,,master_lost,,,,,,,,,,,,,,,,,,,,
1780468333.489649,,,UI_STATUS_SEND,59,,,,2.971763,182.971763,11.676239,,,,,,3,0,"internal_id=59,ui_id=27",59,27,59,1,-1,51.980000,mono,,,,,,,,,,,,,
1780468333.731098,,,MATCH_ACCEPT,59,0,2.967502,11.658750,2.965002,,11.682800,0.024180,7.570176,2.406517,3.878615,1.912710,3,1,,,,,,,,,,,,,,,,,,,,,
1780468333.731098,,,MATCH_ACCEPT,60,1,27.040060,17.883958,27.051453,,17.904583,0.023563,6.384536,2.655890,3.526877,3.526877,0,2,,,,,,,,,,,,,,,,,,,,,
1780468333.731098,,,UI_STATUS_SEND,59,,,,2.965972,182.965972,11.669431,,,,,,4,0,"internal_id=59,ui_id=27",59,27,59,1,-1,55.690000,mono,,,,,,,,,,,,,
1780468334.166493,,,MATCH_ACCEPT,59,0,2.807996,11.768750,2.954296,,11.672948,0.174876,8.315091,2.952594,6.048290,2.669523,4,2,,,,,,,,,,,,,,,,,,,,,
1780468334.166493,,,UI_STATUS_SEND,59,,,,2.879977,182.879977,11.734811,,,,,,5,0,"internal_id=59,ui_id=27",59,27,59,1,-1,61.150000,mono,,,,,,,,,,,,,
1780468335.360759,,,MATCH_REJECT,60,0,41.957149,50.747292,27.029192,,17.848784,36.126939,11.223660,5.881973,21.411686,13.185921,0,7,,,,,,,,,,,,,,,,,,,,,
1780468335.360759,,,NEW_TRACK,61,0,41.957149,50.747292,,,,,,,1.000000,1.000000,1,0,,,,,,,,,,,,,,,,,,,,,
1780468335.360759,,,TargetLost,59,,,,,,,,,,,,,,not_in_valid_tracks,,,,,,,,,,,,,,,,,,,,
1780468343.443350,,no_packet,TRACK_DELETE,58,,,,68.655543,,10.370711,,,,592.611442,544.227059,41,50,,,,,,,,,,,,,,,,,,,,,
1780468343.681561,,,MATCH_ACCEPT,59,0,358.987878,15.402083,2.013270,,12.410297,4.254853,53.094195,32.878130,623.162562,457.808853,4,46,,,,,,,,,,,,,,,,,,,,,
1780468343.681561,,,UI_STATUS_SEND,59,,,,359.014317,179.014317,15.393135,,,,,,5,0,"internal_id=59,ui_id=27",59,27,59,1,-1,47.250000,mono,,,,,,,,,,,,,
1780468344.089771,,no_packet,TRACK_DELETE,60,,,,26.941084,,17.627931,,,,1004.250269,802.049582,0,50,,,,,,,,,,,,,,,,,,,,,
1780468345.512442,,no_packet,TRACK_DELETE,61,,,,41.957149,,50.747292,,,,1368.857116,1368.857116,0,50,,,,,,,,,,,,,,,,,,,,,
1780468348.211803,,,MATCH_REJECT,59,0,328.227982,47.995000,356.912825,,17.536323,41.839589,24.863269,13.908846,103.589185,89.866810,5,22,,,,,,,,,,,,,,,,,,,,,
1780468348.211803,,,NEW_TRACK,62,0,328.227982,47.995000,,,,,,,1.000000,1.000000,1,0,,,,,,,,,,,,,,,,,,,,,
1780468348.211803,,,TargetLost,59,,,,,,,,,,,,,,not_in_valid_tracks,,,,,,,,,,,,,,,,,,,,
1780468349.940506,,,MATCH_ACCEPT,59,0,5.103764,15.997917,356.138413,,18.326102,9.262719,33.719838,19.813226,206.230484,186.333426,4,30,,,,,,,,,,,,,,,,,,,,,
1780468349.940506,,,UI_STATUS_SEND,59,,,,4.840053,184.840053,16.017277,,,,,,5,0,"internal_id=59,ui_id=27",59,27,59,1,-1,47.250000,mono,,,,,,,,,,,,,
1780468357.851743,,,MATCH_ACCEPT,59,0,2.260014,18.103958,13.779150,,16.274629,11.663487,41.439886,24.959924,330.404417,292.593395,5,39,,,,,,,,,,,,,,,,,,,,,
1780468357.851743,,,UI_STATUS_SEND,59,,,,2.473867,182.473867,18.094241,,,,,,6,0,"internal_id=59,ui_id=27",59,27,59,1,-1,38.980000,mono,,,,,,,,,,,,,
1780468358.235717,,,MATCH_ACCEPT,59,0,2.209883,18.140625,2.329151,,18.174742,0.124052,8.424889,2.949926,6.819739,1.882325,6,1,,,,,,,,,,,,,,,,,,,,,
1780468358.235717,,,UI_STATUS_SEND,59,,,,2.266918,182.266918,18.156100,,,,,,7,0,"internal_id=59,ui_id=27",59,27,59,1,-1,38.980000,mono,,,,,,,,,,,,,
1780468358.642146,,no_packet,TRACK_DELETE,62,,,,328.227982,,47.995000,,,,1388.618313,1388.618313,0,50,,,,,,,,,,,,,,,,,,,,,
1780468359.389189,,,MATCH_ACCEPT,59,0,1.972904,18.367500,1.635126,,18.489696,0.359202,9.526481,3.684320,8.565897,5.008320,7,5,,,,,,,,,,,,,,,,,,,,,
1780468359.389189,,,TargetKeep,59,,,,,,,,,,,,,,lock_timer_expired,,,,,,,,,,,,,,,,,,,,
1780468359.389189,,,UI_STATUS_SEND,59,,,,1.830414,181.830414,18.396558,,,,,,8,0,"internal_id=59,ui_id=27",59,27,59,1,-1,38.980000,mono,,,,,,,,,,,,,
1780468359.769738,,,MATCH_ACCEPT,59,0,1.913659,18.381250,1.705666,,18.458878,0.222008,7.810909,2.540606,4.700855,1.753825,8,1,,,,,,,,,,,,,,,,,,,,,
1780468359.769738,,,UI_STATUS_SEND,59,,,,1.794951,181.794951,18.417825,,,,,,9,0,"internal_id=59,ui_id=27",59,27,59,1,-1,38.980000,mono,,,,,,,,,,,,,
1780468360.280828,,,MATCH_ACCEPT,59,0,1.959232,18.312500,1.589650,,18.517644,0.422700,7.749523,2.499682,4.500052,1.748358,9,2,,,,,,,,,,,,,,,,,,,,,
1780468360.280828,,,UI_STATUS_SEND,59,,,,1.744360,181.744360,18.409314,,,,,,10,0,"internal_id=59,ui_id=27",59,27,59,1,-1,38.980000,mono,,,,,,,,,,,,,
1780468360.737687,,,MATCH_ACCEPT,59,0,2.260014,18.142917,1.577670,,18.473636,0.758266,7.729605,2.486403,4.442234,1.739966,10,2,,,,,,,,,,,,,,,,,,,,,
1780468360.737687,,,UI_STATUS_SEND,59,,,,1.861159,181.861159,18.299390,,,,,,11,0,"internal_id=59,ui_id=27",59,27,59,1,-1,173.260000,mono,,,,,,,,,,,,,
1780468361.688208,,,MATCH_REJECT,59,0,29.600918,6.206875,1.676785,,18.315648,30.436484,6.988233,3.147222,6.818552,3.086454,11,4,,,,,,,,,,,,,,,,,,,,,
1780468361.688208,,,NEW_TRACK,63,0,29.600918,6.206875,,,,,,,1.000000,1.000000,1,0,,,,,,,,,,,,,,,,,,,,,
1780468361.688208,,,TargetLost,59,,,,,,,,,,,,,,not_in_valid_tracks,,,,,,,,,,,,,,,,,,,,
1780468361.916163,,,MATCH_ACCEPT,63,0,29.610032,6.206875,29.600918,,6.206875,0.009115,5.708501,1.771801,1.569639,1.569639,1,1,,,,,,,,,,,,,,,,,,,,,
1780468361.916163,,,TargetLost,59,,,,,,,,,,,,,,not_in_valid_tracks,,,,,,,,,,,,,,,,,,,,
1780468362.245751,,,MATCH_ACCEPT,63,0,26.818691,7.194583,29.604866,,6.206875,2.956068,6.039201,1.992267,2.470079,1.499049,2,1,,,,,,,,,,,,,,,,,,,,,
1780468362.245751,,,TargetLost,59,,,,,,,,,,,,,,not_in_valid_tracks,,,,,,,,,,,,,,,,,,,,
1780468362.245751,,,TargetSwitch,63,,,,,,,,,,,,,,master_lost,,,,,,,,,,,,,,,,,,,,
1780468362.245751,,,UI_STATUS_SEND,63,,,,28.426300,208.426300,6.839250,,,,,,3,0,"internal_id=63,ui_id=28",63,28,63,1,-1,155.930000,mono,,,,,,,,,,,,,
1780468363.080730,,,MATCH_ACCEPT,63,0,20.645238,9.103542,26.899139,,7.828145,6.382626,8.471678,4.020652,10.210013,5.955631,3,4,,,,,,,,,,,,,,,,,,,,,
1780468363.080730,,,UI_STATUS_SEND,63,,,,21.730802,201.730802,8.998211,,,,,,4,0,"internal_id=63,ui_id=28",63,28,63,1,-1,155.930000,mono,,,,,,,,,,,,,
1780468363.308526,,,MATCH_REJECT,59,1,19.845433,9.066875,1.346123,,18.344805,20.695517,11.762510,6.330073,24.976997,15.092830,7,11,,,,,,,,,,,,,,,,,,,,,
1780468363.308526,,,MATCH_ACCEPT,63,0,20.654352,9.098958,20.372070,,9.507105,0.496253,5.203649,1.841966,2.583431,0.809409,4,1,,,,,,,,,,,,,,,,,,,,,
1780468363.309052,,,NEW_TRACK,64,1,19.845433,9.066875,,,,,,,1.000000,1.000000,1,0,,,,,,,,,,,,,,,,,,,,,
1780468363.308526,,,UI_STATUS_SEND,63,,,,20.526314,200.526314,9.261585,,,,,,5,0,"internal_id=63,ui_id=28",63,28,63,1,-1,155.930000,mono,,,,,,,,,,,,,
1780468363.697508,,,MATCH_ACCEPT,64,0,19.765680,9.112708,19.845433,,9.066875,0.091985,5.146151,1.830301,1.675000,1.675000,1,1,,,,,,,,,,,,,,,,,,,,,
1780468363.697508,,,TargetLost,63,,,,,,,,,,,,,,not_in_valid_tracks,,,,,,,,,,,,,,,,,,,,
1780468364.862078,,,MATCH_ACCEPT,63,0,17.932985,15.764167,12.858355,,11.898317,6.379394,7.378660,3.291974,7.078117,3.758972,4,6,,,,,,,,,,,,,,,,,,,,,
1780468364.862078,,,UI_STATUS_SEND,63,,,,16.752990,196.752990,15.281616,,,,,,5,0,"internal_id=63,ui_id=28",63,28,63,1,-1,100.600000,mono,,,,,,,,,,,,,
1780468365.680126,,,MATCH_ACCEPT,64,0,20.045954,10.354792,19.709908,,9.200008,1.202685,15.353905,8.325270,38.495563,30.814560,1,9,,,,,,,,,,,,,,,,,,,,,
1780468365.680126,,,TargetLost,63,,,,,,,,,,,,,,not_in_valid_tracks,,,,,,,,,,,,,,,,,,,,
1780468371.653485,,,MATCH_ACCEPT,59,0,335.681297,16.343958,359.620198,,18.496993,24.035526,51.761691,32.996194,592.876855,495.871970,3,50,,,,,,,,,,,,,,,,,,,,,
1780468371.653485,,,TargetLost,63,,,,,,,,,,,,,,not_in_valid_tracks,,,,,,,,,,,,,,,,,,,,
1780468371.653485,,,TargetSwitch,59,,,,,,,,,,,,,,master_lost,,,,,,,,,,,,,,,,,,,,
1780468371.653485,,,UI_STATUS_SEND,59,,,,335.755795,155.755795,16.345965,,,,,,4,0,"internal_id=59,ui_id=27",59,27,59,1,-1,159.930000,mono,,,,,,,,,,,,,
1780468375.080169,,no_packet,TRACK_DELETE,63,,,,337.842162,,57.344046,,,,497.208631,443.932477,3,50,,,,,,,,,,,,,,,,,,,,,
1780468375.885669,,no_packet,TRACK_DELETE,64,,,,21.039052,,16.765502,,,,540.078961,459.990365,1,50,,,,,,,,,,,,,,,,,,,,,
1780468380.093878,,,MATCH_REJECT,59,0,4.158126,16.172083,309.678133,,14.185625,54.516195,44.934453,28.355835,410.416302,393.637089,4,41,,,,,,,,,,,,,,,,,,,,,
1780468380.093878,,,NEW_TRACK,65,0,4.158126,16.172083,,,,,,,1.000000,1.000000,1,0,,,,,,,,,,,,,,,,,,,,,
1780468380.093878,,,TargetLost,59,,,,,,,,,,,,,,not_in_valid_tracks,,,,,,,,,,,,,,,,,,,,
1780468380.436458,,,MATCH_ACCEPT,65,0,4.042674,16.231667,4.158126,,16.172083,0.129920,6.745451,1.830301,1.675000,1.675000,1,1,,,,,,,,,,,,,,,,,,,,,
1780468380.435926,,,TargetLost,59,,,,,,,,,,,,,,not_in_valid_tracks,,,,,,,,,,,,,,,,,,,,
1780468381.507174,,,MATCH_ACCEPT,65,0,4.155847,16.190417,4.095333,,16.251411,0.085920,12.153209,5.435472,16.469336,13.075025,2,5,,,,,,,,,,,,,,,,,,,,,
1780468381.507174,,,TargetLost,59,,,,,,,,,,,,,,not_in_valid_tracks,,,,,,,,,,,,,,,,,,,,
1780468381.507174,,,TargetSwitch,65,,,,,,,,,,,,,,master_lost,,,,,,,,,,,,,,,,,,,,
1780468381.507174,,,UI_STATUS_SEND,65,,,,4.139200,184.139200,16.196928,,,,,,3,0,"internal_id=65,ui_id=29",65,29,65,1,-1,25.150000,mono,,,,,,,,,,,,,
1780468382.116639,,no_packet,TRACK_DELETE,59,,,,303.689902,,13.689545,,,,683.791789,659.908885,1,50,,,,,,,,,,,,,,,,,,,,,
1780468389.718289,,,MATCH_ACCEPT,65,0,4.107995,16.263750,4.110064,,16.219948,0.043851,46.553268,28.368845,482.155976,322.635401,3,40,,,,,,,,,,,,,,,,,,,,,
1780468389.718289,,,UI_STATUS_SEND,65,,,,4.108022,184.108022,16.263539,,,,,,4,0,"internal_id=65,ui_id=29",65,29,65,1,-1,39.230000,mono,,,,,,,,,,,,,
1780468390.173265,,,MATCH_ACCEPT,65,0,4.209775,16.236250,4.106285,,16.267796,0.108191,8.748895,3.165930,7.623957,2.399154,4,2,,,,,,,,,,,,,,,,,,,,,
1780468390.173265,,,UI_STATUS_SEND,65,,,,4.163154,184.163154,16.248692,,,,,,5,0,"internal_id=65,ui_id=29",65,29,65,1,-1,29.843333,mono,,,,,,,,,,,,,
1780468390.578306,,,MATCH_ACCEPT,65,0,4.360925,16.195000,4.168181,,16.247883,0.199867,7.890224,2.593483,4.815328,1.910825,5,2,,,,,,,,,,,,,,,,,,,,,
1780468390.578306,,,UI_STATUS_SEND,65,,,,4.252058,184.252058,16.218790,,,,,,6,0,"internal_id=65,ui_id=29",65,29,65,1,-1,25.150000,mono,,,,,,,,,,,,,
1780468391.362719,,,MATCH_ACCEPT,65,0,4.096602,16.259167,4.285329,,16.201620,0.197306,8.422019,2.948013,5.788030,2.902750,6,3,,,,,,,,,,,,,,,,,,,,,
1780468391.362719,,,UI_STATUS_SEND,65,,,,4.194587,184.194587,16.239030,,,,,,7,0,"internal_id=65,ui_id=29",65,29,65,1,-1,39.980000,mono,,,,,,,,,,,,,
1780468391.646224,,,MATCH_ACCEPT,65,0,4.146732,16.227083,4.194469,,16.239673,0.049369,7.555929,2.370619,4.064674,1.555161,7,1,,,,,,,,,,,,,,,,,,,,,
1780468391.646224,,,UI_STATUS_SEND,65,,,,4.175658,184.175658,16.233393,,,,,,8,0,"internal_id=65,ui_id=29",65,29,65,1,-1,25.150000,mono,,,,,,,,,,,,,
1780468392.078561,,,MATCH_ACCEPT,65,0,4.092045,16.268333,4.170768,,16.232450,0.086516,7.634914,2.423276,4.221957,1.650311,8,2,,,,,,,,,,,,,,,,,,,,,
1780468392.078561,,,UI_STATUS_SEND,65,,,,4.139029,184.139029,16.250882,,,,,,9,0,"internal_id=65,ui_id=29",65,29,65,1,-1,41.030000,mono,,,,,,,,,,,,,
1780468392.428903,,,MATCH_ACCEPT,65,0,4.064701,16.288958,4.131617,,16.253729,0.075623,7.236720,2.157813,3.428135,1.228022,9,1,,,,,,,,,,,,,,,,,,,,,
1780468392.428903,,,TargetKeep,65,,,,,,,,,,,,,,lock_timer_expired,,,,,,,,,,,,,,,,,,,,
1780468392.428903,,,UI_STATUS_SEND,65,,,,4.107914,184.107914,16.269233,,,,,,10,0,"internal_id=65,ui_id=29",65,29,65,1,-1,41.030000,mono,,,,,,,,,,,,,
1780468393.204854,,,MATCH_ACCEPT,65,0,4.137618,16.222500,4.079637,,16.284172,0.084648,7.953499,2.635666,4.885875,2.060859,10,3,,,,,,,,,,,,,,,,,,,,,
1780468393.204854,,,UI_STATUS_SEND,65,,,,4.105076,184.105076,16.249095,,,,,,11,0,"internal_id=65,ui_id=29",65,29,65,1,-1,25.150000,mono,,,,,,,,,,,,,
1780468393.855700,,,MATCH_ACCEPT,65,0,4.114831,16.245417,4.085845,,16.248232,0.029122,8.261297,2.840865,5.662185,2.408326,11,3,,,,,,,,,,,,,,,,,,,,,
1780468393.855700,,,UI_STATUS_SEND,65,,,,4.099623,184.099623,16.246524,,,,,,12,0,"internal_id=65,ui_id=29",65,29,65,1,-1,39.980000,mono,,,,,,,,,,,,,
1780468395.179472,,,MATCH_ACCEPT,65,0,4.114831,16.245417,4.071041,,16.243466,0.043834,9.923657,3.949105,10.359040,5.236389,12,6,,,,,,,,,,,,,,,,,,,,,
1780468395.179472,,,UI_STATUS_SEND,65,,,,4.098353,184.098353,16.244968,,,,,,13,0,"internal_id=65,ui_id=29",65,29,65,1,-1,42.140000,mono,,,,,,,,,,,,,
1780468396.442573,,,MATCH_ACCEPT,65,0,4.126224,16.245417,4.084346,,16.242923,0.041953,10.261134,4.174090,11.773115,5.649909,13,6,,,,,,,,,,,,,,,,,,,,,
1780468396.442573,,,UI_STATUS_SEND,65,,,,4.111702,184.111702,16.244877,,,,,,14,0,"internal_id=65,ui_id=29",65,29,65,1,-1,43.020000,mono,,,,,,,,,,,,,
1780468396.879874,,,MATCH_ACCEPT,65,0,4.117110,16.245417,4.111525,,16.244605,0.005643,8.262579,2.841719,5.942945,2.132422,14,2,,,,,,,,,,,,,,,,,,,,,
1780468396.879874,,,UI_STATUS_SEND,65,,,,4.114247,184.114247,16.245073,,,,,,15,0,"internal_id=65,ui_id=29",65,29,65,1,-1,43.020000,mono,,,,,,,,,,,,,
1780468397.265666,,,MATCH_ACCEPT,65,0,4.128503,16.245417,4.114427,,16.244987,0.014083,7.397156,2.264771,3.834094,1.295093,15,1,,,,,,,,,,,,,,,,,,,,,
1780468397.265666,,,UI_STATUS_SEND,65,,,,4.119779,184.119779,16.245182,,,,,,16,0,"internal_id=65,ui_id=29",65,29,65,1,-1,41.030000,mono,,,,,,,,,,,,,
1780468399.441120,,,MATCH_ACCEPT,65,0,4.123946,16.227083,4.126156,,16.244727,0.017781,11.903974,5.269316,16.860830,10.904861,16,10,,,,,,,,,,,,,,,,,,,,,
1780468399.441120,,,TargetKeep,65,,,,,,,,,,,,,,lock_timer_expired,,,,,,,,,,,,,,,,,,,,
1780468399.441120,,,UI_STATUS_SEND,65,,,,4.124544,184.124544,16.229295,,,,,,17,0,"internal_id=65,ui_id=29",65,29,65,1,-1,42.140000,mono,,,,,,,,,,,,,
1780468399.919792,,,MATCH_ACCEPT,65,0,4.137618,16.231667,4.125658,,16.226055,0.013210,8.479565,2.986376,6.620210,2.298234,17,2,,,,,,,,,,,,,,,,,,,,,
1780468399.919792,,,UI_STATUS_SEND,65,,,,4.131810,184.131810,16.229396,,,,,,18,0,"internal_id=65,ui_id=29",65,29,65,1,-1,41.030000,mono,,,,,,,,,,,,,
1780468400.362429,,,MATCH_ACCEPT,65,0,4.192305,16.181250,4.133989,,16.227020,0.074133,7.837478,2.558319,4.803328,1.741667,18,2,,,,,,,,,,,,,,,,,,,,,
1780468400.362429,,,UI_STATUS_SEND,65,,,,4.159331,184.159331,16.202894,,,,,,19,0,"internal_id=65,ui_id=29",65,29,65,1,-1,47.250000,mono,,,,,,,,,,,,,
1780468404.615238,,,MATCH_ACCEPT,65,0,4.142175,16.250000,4.227477,,16.113866,0.160651,20.615285,11.076857,69.133841,53.562910,19,21,,,,,,,,,,,,,,,,,,,,,
1780468404.615238,,,UI_STATUS_SEND,65,,,,4.149247,184.149247,16.246141,,,,,,20,0,"internal_id=65,ui_id=29",65,29,65,1,-1,39.980000,mono,,,,,,,,,,,,,
1780468404.978508,,,MATCH_ACCEPT,65,0,4.142175,16.254583,4.148400,,16.249922,0.007777,8.372854,2.915236,6.621036,1.877565,20,1,,,,,,,,,,,,,,,,,,,,,
1780468404.978508,,,UI_STATUS_SEND,65,,,,4.145198,184.145198,16.252466,,,,,,21,0,"internal_id=65,ui_id=29",65,29,65,1,-1,39.980000,mono,,,,,,,,,,,,,
1780468405.394415,,,MATCH_ACCEPT,65,0,4.133060,16.254583,4.143398,,16.259219,0.011329,7.674446,2.449630,4.443774,1.556915,21,2,,,,,,,,,,,,,,,,,,,,,
1780468405.394415,,,UI_STATUS_SEND,65,,,,4.139102,184.139102,16.256905,,,,,,22,0,"internal_id=65,ui_id=29",65,29,65,1,-1,39.980000,mono,,,,,,,,,,,,,
1780468405.953994,,,MATCH_REJECT,65,0,317.416511,17.517292,4.136362,,16.263506,46.736671,7.614383,2.409589,4.078032,1.728087,22,2,,,,,,,,,,,,,,,,,,,,,
1780468405.953994,,,NEW_TRACK,66,0,317.416511,17.517292,,,,,,,1.000000,1.000000,1,0,,,,,,,,,,,,,,,,,,,,,
1780468405.953994,,,TargetLost,65,,,,,,,,,,,,,,not_in_valid_tracks,,,,,,,,,,,,,,,,,,,,
1780468406.301118,,,MATCH_ACCEPT,65,0,4.114831,16.309583,4.134847,,16.267157,0.046911,8.209705,2.806470,5.295561,2.580712,21,3,,,,,,,,,,,,,,,,,,,,,
1780468406.301118,,,UI_STATUS_SEND,65,,,,4.125666,184.125666,16.293583,,,,,,22,0,"internal_id=65,ui_id=29",65,29,65,1,-1,38.980000,mono,,,,,,,,,,,,,
1780468406.786741,,,MATCH_ACCEPT,65,0,4.098881,16.346250,4.120854,,16.308810,0.043411,7.883479,2.588986,4.692047,2.010802,22,2,,,,,,,,,,,,,,,,,,,,,
1780468406.786741,,,TargetKeep,65,,,,,,,,,,,,,,lock_timer_expired,,,,,,,,,,,,,,,,,,,,
1780468406.786741,,,UI_STATUS_SEND,65,,,,4.111431,184.111431,16.329879,,,,,,23,0,"internal_id=65,ui_id=29",65,29,65,1,-1,39.230000,mono,,,,,,,,,,,,,
1780468407.367069,,,MATCH_ACCEPT,65,0,4.107995,16.387500,4.104414,,16.351766,0.035913,7.747260,2.498173,4.434566,1.806303,23,2,,,,,,,,,,,,,,,,,,,,,
1780468407.367069,,,UI_STATUS_SEND,65,,,,4.105900,184.105900,16.370926,,,,,,24,0,"internal_id=65,ui_id=29",65,29,65,1,-1,43.020000,mono,,,,,,,,,,,,,
1780468407.803315,,,MATCH_ACCEPT,65,0,4.114831,16.437917,4.099484,,16.397708,0.043038,7.645367,2.430245,4.224581,1.681508,24,2,,,,,,,,,,,,,,,,,,,,,
1780468407.803315,,,UI_STATUS_SEND,65,,,,4.105674,184.105674,16.418550,,,,,,25,0,"internal_id=65,ui_id=29",65,29,65,1,-1,42.140000,mono,,,,,,,,,,,,,
1780468408.259584,,,MATCH_ACCEPT,65,0,4.114831,16.475347,4.100478,,16.452737,0.026782,7.626335,2.417556,4.173550,1.671028,25,2,,,,,,,,,,,,,,,,,,,,,
1780468408.259584,,,UI_STATUS_SEND,65,,,,4.106225,184.106225,16.464421,,,,,,26,0,"internal_id=65,ui_id=29",65,29,65,1,-1,42.140000,mono,,,,,,,,,,,,,
1780468408.758755,,,MATCH_ACCEPT,65,0,4.160404,16.373750,4.102367,,16.502268,0.141015,7.613649,2.409099,4.135423,1.668338,26,2,,,,,,,,,,,,,,,,,,,,,
1780468408.758755,,,UI_STATUS_SEND,65,,,,4.125477,184.125477,16.435904,,,,,,27,0,"internal_id=65,ui_id=29",65,29,65,1,-1,47.250000,mono,,,,,,,,,,,,,
1780468413.492936,,,MATCH_ACCEPT,65,0,4.142175,16.456250,4.141091,,16.614624,0.158378,22.409416,12.272944,85.069925,65.555221,27,23,,,,,,,,,,,,,,,,,,,,,
1780468413.492936,,,UI_STATUS_SEND,65,,,,4.142101,184.142101,16.459937,,,,,,28,0,"internal_id=65,ui_id=29",65,29,65,1,-1,38.980000,mono,,,,,,,,,,,,,
1780468413.959877,,,MATCH_ACCEPT,65,0,4.265222,16.419583,4.143714,,16.459414,0.127870,8.723166,3.148777,7.578938,2.335860,28,2,,,,,,,,,,,,,,,,,,,,,
1780468413.959877,,,UI_STATUS_SEND,65,,,,4.210306,184.210306,16.435548,,,,,,29,0,"internal_id=65,ui_id=29",65,29,65,1,-1,25.150000,mono,,,,,,,,,,,,,
1780468414.427404,,,MATCH_ACCEPT,65,0,4.130782,16.456250,4.221159,,16.429482,0.094258,7.895355,2.596903,4.909889,1.834018,29,2,,,,,,,,,,,,,,,,,,,,,
1780468414.427404,,,TargetKeep,65,,,,,,,,,,,,,,lock_timer_expired,,,,,,,,,,,,,,,,,,,,
1780468414.427404,,,UI_STATUS_SEND,65,,,,4.181397,184.181397,16.443936,,,,,,30,0,"internal_id=65,ui_id=29",65,29,65,1,-1,44.240000,mono,,,,,,,,,,,,,
1780468414.753565,,,MATCH_ACCEPT,66,0,323.358516,50.513542,317.416511,,17.517292,33.527003,65.678160,41.751573,871.596932,871.596932,0,39,,,,,,,,,,,,,,,,,,,,,
1780468414.753565,,,TargetLost,65,,,,,,,,,,,,,,not_in_valid_tracks,,,,,,,,,,,,,,,,,,,,
1780468415.852642,,,MATCH_ACCEPT,65,0,4.133060,16.451667,4.191282,,16.439840,0.059411,10.025969,4.017312,10.138015,6.000783,29,6,,,,,,,,,,,,,,,,,,,,,
1780468415.852642,,,UI_STATUS_SEND,65,,,,4.155265,184.155265,16.449223,,,,,,30,0,"internal_id=65,ui_id=29",65,29,65,1,-1,39.980000,mono,,,,,,,,,,,,,
1780468416.349887,,,MATCH_ACCEPT,65,0,4.180912,16.435625,4.151405,,16.450189,0.032906,8.294462,2.862974,5.950741,2.245881,30,2,,,,,,,,,,,,,,,,,,,,,
1780468416.349887,,,UI_STATUS_SEND,65,,,,4.165797,184.165797,16.441601,,,,,,31,0,"internal_id=65,ui_id=29",65,29,65,1,-1,33.645000,mono,,,,,,,,,,,,,
1780468416.579172,,,MATCH_ACCEPT,65,0,4.297123,16.410417,4.165328,,16.440920,0.135279,7.393014,2.262010,3.828449,1.288238,31,1,,,,,,,,,,,,,,,,,,,,,
1780468416.579172,,,UI_STATUS_SEND,65,,,,4.215392,184.215392,16.427136,,,,,,32,0,"internal_id=65,ui_id=29",65,29,65,1,-1,25.150000,mono,,,,,,,,,,,,,
1780468416.809948,,,MATCH_ACCEPT,65,0,4.137618,16.458542,4.220362,,16.424393,0.089514,7.023293,2.015528,3.031677,1.030678,32,1,,,,,,,,,,,,,,,,,,,,,
1780468416.809948,,,UI_STATUS_SEND,65,,,,4.193335,184.193335,16.437966,,,,,,33,0,"internal_id=65,ui_id=29",65,29,65,1,-1,41.030000,mono,,,,,,,,,,,,,
1780468417.018687,,,MATCH_ACCEPT,65,0,4.137618,16.460833,4.195012,,16.437500,0.061956,6.805148,1.870099,2.589925,0.907344,33,1,,,,,,,,,,,,,,,,,,,,,
1780468417.018687,,,UI_STATUS_SEND,65,,,,4.178197,184.178197,16.446072,,,,,,34,0,"internal_id=65,ui_id=29",65,29,65,1,-1,41.030000,mono,,,,,,,,,,,,,
1780468417.366366,,,MATCH_ACCEPT,65,0,4.251550,16.412708,4.177984,,16.447145,0.081227,6.760056,1.840037,2.468488,0.917250,34,1,,,,,,,,,,,,,,,,,,,,,
1780468417.366366,,,UI_STATUS_SEND,65,,,,4.198813,184.198813,16.434407,,,,,,35,0,"internal_id=65,ui_id=29",65,29,65,1,-1,25.150000,mono,,,,,,,,,,,,,
1780468417.828491,,,MATCH_ACCEPT,65,0,4.117110,16.458542,4.203729,,16.431710,0.090680,7.174321,2.116214,3.122108,1.356254,35,2,,,,,,,,,,,,,,,,,,,,,
1780468417.828491,,,TargetKeep,65,,,,,,,,,,,,,,lock_timer_expired,,,,,,,,,,,,,,,,,,,,
1780468417.828491,,,UI_STATUS_SEND,65,,,,4.174874,184.174874,16.444178,,,,,,36,0,"internal_id=65,ui_id=29",65,29,65,1,-1,39.980000,mono,,,,,,,,,,,,,
1780468418.292720,,,MATCH_ACCEPT,65,0,4.135339,16.456250,4.172304,,16.445857,0.038398,7.422211,2.281474,3.614868,1.590256,36,2,,,,,,,,,,,,,,,,,,,,,
1780468418.292720,,,UI_STATUS_SEND,65,,,,4.158759,184.158759,16.451099,,,,,,37,0,"internal_id=65,ui_id=29",65,29,65,1,-1,41.030000,mono,,,,,,,,,,,,,
1780468418.774496,,,MATCH_ACCEPT,65,0,4.233321,16.422639,4.152773,,16.454508,0.086623,7.537381,2.358254,3.901026,1.660335,37,2,,,,,,,,,,,,,,,,,,,,,
1780468418.773973,,,UI_STATUS_SEND,65,,,,4.183728,184.183728,16.438090,,,,,,38,0,"internal_id=65,ui_id=29",65,29,65,1,-1,30.443333,mono,,,,,,,,,,,,,
1780468419.216590,,,MATCH_ACCEPT,65,0,4.123946,16.525000,4.185207,,16.436363,0.107747,7.554944,2.369963,3.976232,1.640491,38,2,,,,,,,,,,,,,,,,,,,,,
1780468419.216590,,,UI_STATUS_SEND,65,,,,4.161387,184.161387,16.481760,,,,,,39,0,"internal_id=65,ui_id=29",65,29,65,1,-1,38.980000,mono,,,,,,,,,,,,,
1780468419.448200,,,MATCH_ACCEPT,65,0,4.110274,16.554792,4.159292,,16.488057,0.082803,7.117930,2.078620,3.153750,1.166911,39,1,,,,,,,,,,,,,,,,,,,,,
1780468419.448200,,,UI_STATUS_SEND,65,,,,4.142853,184.142853,16.516588,,,,,,40,0,"internal_id=65,ui_id=29",65,29,65,1,-1,38.980000,mono,,,,,,,,,,,,,
1780468419.665388,,,MATCH_ACCEPT,65,0,4.047991,16.622778,4.139026,,16.526842,0.132254,6.873165,1.915443,2.694175,0.974748,40,1,,,,,,,,,,,,,,,,,,,,,
1780468419.665388,,,UI_STATUS_SEND,65,,,,4.111605,184.111605,16.563698,,,,,,41,0,"internal_id=65,ui_id=29",65,29,65,1,-1,38.980000,mono,,,,,,,,,,,,,
1780468420.059900,,,MATCH_ACCEPT,65,0,4.076094,16.580000,4.103560,,16.582243,0.027557,6.793401,1.862268,2.527919,0.940121,41,1,,,,,,,,,,,,,,,,,,,,,
1780468420.059900,,,UI_STATUS_SEND,65,,,,4.095650,184.095650,16.581400,,,,,,42,0,"internal_id=65,ui_id=29",65,29,65,1,-1,38.980000,mono,,,,,,,,,,,,,
1780468420.474610,,,MATCH_ACCEPT,65,0,3.962162,16.706042,4.080512,,16.611895,0.151230,7.090587,2.060392,2.984231,1.260982,42,2,,,,,,,,,,,,,,,,,,,,,
1780468420.474610,,,TargetKeep,65,,,,,,,,,,,,,,lock_timer_expired,,,,,,,,,,,,,,,,,,,,
1780468420.474610,,,UI_STATUS_SEND,65,,,,4.042265,184.042265,16.653942,,,,,,43,0,"internal_id=65,ui_id=29",65,29,65,1,-1,173.260000,mono,,,,,,,,,,,,,
1780468420.924108,,,MATCH_ACCEPT,65,0,3.861902,16.829792,4.016342,,16.701311,0.200895,5.617933,2.233688,3.463027,1.526337,43,2,,,,,,,,,,,,,,,,,,,,,
1780468420.924108,,,UI_STATUS_SEND,65,,,,3.915693,183.915693,16.799904,,,,,,44,0,"internal_id=65,ui_id=29",65,29,65,1,-1,44.240000,mono,,,,,,,,,,,,,
1780468425.920711,,,MATCH_ACCEPT,65,0,1.895430,18.550833,3.361863,,17.671704,1.709765,21.875854,11.917236,77.874424,64.146093,44,24,,,,,,,,,,,,,,,,,,,,,
1780468425.920711,,,TRACK_DELETE,66,,,,331.709397,,97.116289,,,,681.298173,666.634986,0,50,,,,,,,,,,,,,,,,,,,,,
1780468425.920711,,,UI_STATUS_SEND,65,,,,2.004378,182.004378,18.529928,,,,,,45,0,"internal_id=65,ui_id=29",65,29,65,1,-1,47.250000,mono,,,,,,,,,,,,,
1780468426.214781,,,MATCH_ACCEPT,65,0,1.904545,18.537083,1.894913,,18.629241,0.092660,8.380471,2.920314,6.653814,1.874420,45,1,,,,,,,,,,,,,,,,,,,,,
1780468426.214781,,,UI_STATUS_SEND,65,,,,1.899880,181.899880,18.578980,,,,,,46,0,"internal_id=65,ui_id=29",65,29,65,1,-1,47.250000,mono,,,,,,,,,,,,,
1780468427.316272,,,MATCH_REJECT,65,0,337.653503,7.918750,1.437500,,18.976949,26.229035,9.173356,3.448904,7.857222,4.037718,46,5,,,,,,,,,,,,,,,,,,,,,
1780468427.316272,,,NEW_TRACK,67,0,337.653503,7.918750,,,,,,,1.000000,1.000000,1,0,,,,,,,,,,,,,,,,,,,,,
1780468427.316272,,,TargetLost,65,,,,,,,,,,,,,,not_in_valid_tracks,,,,,,,,,,,,,,,,,,,,
1780468427.917231,,,MATCH_ACCEPT,67,0,337.735534,7.882083,337.653503,,7.918750,0.089853,6.046888,2.519659,3.174340,3.174340,1,2,,,,,,,,,,,,,,,,,,,,,
1780468427.917231,,,TargetLost,65,,,,,,,,,,,,,,not_in_valid_tracks,,,,,,,,,,,,,,,,,,,,
1780468431.574758,,,MATCH_ACCEPT,65,0,358.714441,16.552500,359.642983,,20.521486,4.076156,25.150344,14.100229,106.862651,91.953815,44,25,,,,,,,,,,,,,,,,,,,,,
1780468431.574758,,,UI_STATUS_SEND,65,,,,358.765747,178.765747,16.618815,,,,,,45,0,"internal_id=65,ui_id=29",65,29,65,1,-1,25.150000,mono,,,,,,,,,,,,,
1780468438.058248,,no_packet,TRACK_DELETE,67,,,,338.465292,,7.417407,,,,1009.103819,821.281529,1,50,,,,,,,,,,,,,,,,,,,,,
1780468441.705423,,no_packet,TRACK_DELETE,65,,,,352.414322,,11.253800,,,,588.670030,528.510328,45,50,,,,,,,,,,,,,,,,,,,,,
1780468445.023359,,,BBOX_CLIPPED,,0,,,,,,,,,,,,,bbox_out_of_image_bounds,,,,,,,,,,,2105.000,-54.000,2341.000,422.000,2105.000,0.000,2341.000,422.000,1,0.886555
1780468445.023359,,,NEW_TRACK,68,0,1.456759,13.482917,,,,,,,1.000000,1.000000,1,0,,,,,,,,,,,,,,,,,,,,,
1780468445.023359,,,TargetLost,65,,,,,,,,,,,,,,not_in_valid_tracks,,,,,,,,,,,,,,,,,,,,
1780468445.314732,,,BBOX_CLIPPED,,0,,,,,,,,,,,,,bbox_out_of_image_bounds,,,,,,,,,,,2118.000,-11.000,2354.000,465.000,2118.000,0.000,2354.000,465.000,1,0.976891
1780468445.314732,,,MATCH_ACCEPT,68,0,1.516004,13.384375,1.456759,,13.482917,0.114980,6.745451,1.830301,1.675000,1.675000,1,1,,,,,,,,,,,,,,,,,,,,,
1780468445.314732,,,TargetLost,65,,,,,,,,,,,,,,not_in_valid_tracks,,,,,,,,,,,,,,,,,,,,
1780468445.755886,,,MATCH_ACCEPT,68,0,1.347384,13.964167,1.477526,,13.398365,0.580576,8.398173,2.932115,5.003555,3.593744,2,2,,,,,,,,,,,,,,,,,,,,,
1780468445.755886,,,TargetLost,65,,,,,,,,,,,,,,not_in_valid_tracks,,,,,,,,,,,,,,,,,,,,
1780468445.755886,,,TargetSwitch,68,,,,,,,,,,,,,,master_lost,,,,,,,,,,,,,,,,,,,,
1780468445.755886,,,UI_STATUS_SEND,68,,,,1.419662,181.419662,13.792711,,,,,,3,0,"internal_id=68,ui_id=30",68,30,68,1,-1,38.980000,mono,,,,,,,,,,,,,
1780468447.080593,,,MATCH_REJECT,68,0,337.616329,50.165208,1.353301,,14.374542,42.946660,12.800983,5.867322,22.423179,12.002289,3,6,,,,,,,,,,,,,,,,,,,,,
1780468447.080593,,,NEW_TRACK,69,0,337.616329,50.165208,,,,,,,1.000000,1.000000,1,0,,,,,,,,,,,,,,,,,,,,,
1780468447.080593,,,TargetLost,68,,,,,,,,,,,,,,not_in_valid_tracks,,,,,,,,,,,,,,,,,,,,
1780468447.667922,,,MATCH_ACCEPT,69,0,337.575313,50.188125,337.616329,,50.165208,0.046984,6.177762,2.518042,3.170267,3.170267,1,2,,,,,,,,,,,,,,,,,,,,,
1780468447.667922,,,TargetLost,68,,,,,,,,,,,,,,not_in_valid_tracks,,,,,,,,,,,,,,,,,,,,
1780468448.351074,,,MATCH_ACCEPT,69,0,337.570756,50.181250,337.567985,,50.203613,0.022534,7.039101,3.181134,6.596663,3.522953,2,3,,,,,,,,,,,,,,,,,,,,,
1780468448.351074,,,TargetLost,68,,,,,,,,,,,,,,not_in_valid_tracks,,,,,,,,,,,,,,,,,,,,
1780468448.351074,,,TargetSwitch,69,,,,,,,,,,,,,,master_lost,,,,,,,,,,,,,,,,,,,,
1780468448.351074,,,UI_STATUS_SEND,69,,,,337.570149,157.570149,50.183846,,,,,,3,0,"internal_id=69,ui_id=31",69,31,69,1,-1,173.260000,mono,,,,,,,,,,,,,
1780468448.980862,,,MATCH_ACCEPT,69,0,337.573034,50.176667,337.548833,,50.188109,0.026770,5.977204,2.473203,4.335098,1.781635,3,3,,,,,,,,,,,,,,,,,,,,,
1780468448.980862,,,UI_STATUS_SEND,69,,,,337.565793,157.565793,50.179026,,,,,,4,0,"internal_id=69,ui_id=31",69,31,69,1,-1,173.260000,mono,,,,,,,,,,,,,
1780468451.116421,,,MATCH_ACCEPT,69,0,337.582149,50.181250,337.520501,,50.176697,0.061816,9.650739,4.922226,14.943700,9.284608,4,10,,,,,,,,,,,,,,,,,,,,,
1780468451.116421,,,UI_STATUS_SEND,69,,,,337.575355,157.575355,50.181034,,,,,,5,0,"internal_id=69,ui_id=31",69,31,69,1,-1,173.260000,mono,,,,,,,,,,,,,
1780468452.969809,,,MATCH_ACCEPT,69,0,337.568477,50.181250,337.576500,,50.182793,0.008170,8.642365,4.249976,11.034326,7.027974,5,9,,,,,,,,,,,,,,,,,,,,,
1780468452.969809,,,UI_STATUS_SEND,69,,,,337.569629,157.569629,50.181345,,,,,,6,0,"internal_id=69,ui_id=31",69,31,69,1,-1,173.260000,mono,,,,,,,,,,,,,
1780468453.295789,,,MATCH_ACCEPT,68,1,27.051453,23.161667,1.041780,,17.105838,26.705359,47.417473,28.944982,495.914891,341.897091,0,34,,,,,,,,,,,,,,,,,,,,,
1780468453.295789,,,MATCH_REJECT,69,0,338.857761,37.007708,337.569052,,50.181394,13.236570,4.744194,1.651196,2.062960,0.663487,6,1,,,,,,,,,,,,,,,,,,,,,
1780468453.295789,,,NEW_TRACK,70,0,338.857761,37.007708,,,,,,,1.000000,1.000000,1,0,,,,,,,,,,,,,,,,,,,,,
1780468453.295284,,,TargetLost,69,,,,,,,,,,,,,,not_in_valid_tracks,,,,,,,,,,,,,,,,,,,,
1780468453.507093,,,MATCH_ACCEPT,69,1,337.563920,50.208750,337.568563,,50.181436,0.027706,5.115201,1.898534,2.625962,0.978468,5,2,,,,,,,,,,,,,,,,,,,,,
1780468453.507093,,,MATCH_ACCEPT,70,0,338.871433,37.003125,338.857761,,37.007708,0.014420,5.616888,1.731259,1.498628,1.498628,1,1,,,,,,,,,,,,,,,,,,,,,
1780468453.507093,,,UI_STATUS_SEND,69,,,,337.565839,157.565839,50.199981,,,,,,6,0,"internal_id=69,ui_id=31",69,31,69,1,-1,173.260000,mono,,,,,,,,,,,,,
1780468454.042822,,,MATCH_ACCEPT,69,0,337.573034,50.178958,337.564149,,50.206561,0.028997,4.806850,1.692967,2.003139,0.862998,6,2,,,,,,,,,,,,,,,,,,,,,
1780468454.042822,,,UI_STATUS_SEND,69,,,,337.568767,157.568767,50.188592,,,,,,7,0,"internal_id=69,ui_id=31",69,31,69,1,-1,173.260000,mono,,,,,,,,,,,,,
1780468454.585995,,,MATCH_ACCEPT,69,0,337.573034,50.181250,337.568389,,50.187906,0.008117,4.765602,1.665468,1.909177,0.864607,7,2,,,,,,,,,,,,,,,,,,,,,
1780468454.585995,,,UI_STATUS_SEND,69,,,,337.570748,157.570748,50.183570,,,,,,8,0,"internal_id=69,ui_id=31",69,31,69,1,-1,173.260000,mono,,,,,,,,,,,,,
1780468455.106499,,,MATCH_ACCEPT,69,0,337.573034,50.181250,337.571092,,50.181104,0.001947,4.764638,1.664825,1.912686,0.858958,8,2,,,,,,,,,,,,,,,,,,,,,
1780468455.106499,,,TargetKeep,69,,,,,,,,,,,,,,lock_timer_expired,,,,,,,,,,,,,,,,,,,,
1780468455.106499,,,UI_STATUS_SEND,69,,,,337.572079,157.572079,50.181199,,,,,,9,0,"internal_id=69,ui_id=31",69,31,69,1,-1,173.260000,mono,,,,,,,,,,,,,
1780468455.631120,,,MATCH_ACCEPT,69,0,337.673295,50.282083,337.572727,,50.178785,0.144168,4.752243,1.656562,1.902009,0.842190,9,2,,,,,,,,,,,,,,,,,,,,,
1780468455.631120,,,UI_STATUS_SEND,69,,,,337.623697,157.623697,50.245455,,,,,,10,0,"internal_id=69,ui_id=31",69,31,69,1,-1,173.260000,mono,,,,,,,,,,,,,
1780468456.242105,,,MATCH_ACCEPT,69,0,337.568477,50.181250,337.645592,,50.277645,0.123445,5.084088,1.877792,2.377518,1.148584,10,3,,,,,,,,,,,,,,,,,,,,,
1780468456.242105,,,UI_STATUS_SEND,69,,,,337.602232,157.602232,50.208931,,,,,,11,0,"internal_id=69,ui_id=31",69,31,69,1,-1,173.260000,mono,,,,,,,,,,,,,
1780468457.947606,,,MATCH_ACCEPT,69,0,337.577592,50.176667,337.615368,,50.203011,0.046055,7.902692,3.756861,8.563571,5.550437,11,8,,,,,,,,,,,,,,,,,,,,,
1780468457.947606,,,UI_STATUS_SEND,69,,,,337.584305,157.584305,50.178694,,,,,,12,0,"internal_id=69,ui_id=31",69,31,69,1,-1,173.260000,mono,,,,,,,,,,,,,
1780468458.520589,,,MATCH_ACCEPT,69,0,337.577592,50.176667,337.581220,,50.170990,0.006738,5.080524,1.875416,2.560180,0.957006,12,2,,,,,,,,,,,,,,,,,,,,,
1780468458.520589,,,UI_STATUS_SEND,69,,,,337.579114,157.579114,50.174817,,,,,,13,0,"internal_id=69,ui_id=31",69,31,69,1,-1,173.260000,mono,,,,,,,,,,,,,
1780468459.315609,,,MATCH_ACCEPT,69,0,337.582149,50.181250,337.573908,,50.165591,0.017695,5.213751,1.964234,2.594117,1.264100,13,3,,,,,,,,,,,,,,,,,,,,,
1780468459.315609,,,UI_STATUS_SEND,69,,,,337.578717,157.578717,50.177054,,,,,,14,0,"internal_id=69,ui_id=31",69,31,69,1,-1,173.260000,mono,,,,,,,,,,,,,
1780468459.852968,,,MATCH_ACCEPT,69,0,337.582149,50.185833,337.576441,,50.174964,0.012278,4.851227,1.722551,2.061873,0.905311,14,2,,,,,,,,,,,,,,,,,,,,,
1780468459.852968,,,UI_STATUS_SEND,69,,,,337.579449,157.579449,50.182157,,,,,,15,0,"internal_id=69,ui_id=31",69,31,69,1,-1,173.260000,mono,,,,,,,,,,,,,
1780468460.342950,,,MATCH_ACCEPT,69,0,337.573034,50.181250,337.578046,,50.182846,0.005259,4.760086,1.661790,1.914876,0.846672,15,2,,,,,,,,,,,,,,,,,,,,,
1780468460.342950,,,TargetKeep,69,,,,,,,,,,,,,,lock_timer_expired,,,,,,,,,,,,,,,,,,,,
1780468460.342950,,,UI_STATUS_SEND,69,,,,337.575497,157.575497,50.181814,,,,,,16,0,"internal_id=69,ui_id=31",69,31,69,1,-1,173.260000,mono,,,,,,,,,,,,,
1780468461.027100,,,MATCH_ACCEPT,69,0,337.573034,50.176667,337.572363,,50.182226,0.005600,5.171045,1.935764,2.505923,1.241257,16,3,,,,,,,,,,,,,,,,,,,,,
1780468461.027100,,,UI_STATUS_SEND,69,,,,337.572749,157.572749,50.178176,,,,,,17,0,"internal_id=69,ui_id=31",69,31,69,1,-1,173.260000,mono,,,,,,,,,,,,,
1780468461.233065,,,MATCH_ACCEPT,69,0,337.573034,50.176667,337.571813,,50.177628,0.001554,4.382907,1.410338,1.449656,0.539396,17,1,,,,,,,,,,,,,,,,,,,,,
1780468461.233065,,,UI_STATUS_SEND,69,,,,337.572350,157.572350,50.177111,,,,,,18,0,"internal_id=69,ui_id=31",69,31,69,1,-1,173.260000,mono,,,,,,,,,,,,,
1780468461.584147,,,MATCH_ACCEPT,69,0,337.577592,50.176667,337.571301,,50.176334,0.006299,4.205072,1.291782,1.204939,0.463761,18,1,,,,,,,,,,,,,,,,,,,,,
1780468461.584147,,,UI_STATUS_SEND,69,,,,337.573782,157.573782,50.176500,,,,,,19,0,"internal_id=69,ui_id=31",69,31,69,1,-1,173.260000,mono,,,,,,,,,,,,,
1780468462.330171,,,MATCH_ACCEPT,69,0,337.582149,50.181250,337.572166,,50.174571,0.012011,4.958647,1.794165,2.107852,1.111175,19,3,,,,,,,,,,,,,,,,,,,,,
1780468462.330171,,,UI_STATUS_SEND,69,,,,337.577482,157.577482,50.179287,,,,,,20,0,"internal_id=69,ui_id=31",69,31,69,1,-1,173.260000,mono,,,,,,,,,,,,,
1780468462.817082,,,MATCH_ACCEPT,69,0,337.577592,50.181250,337.577994,,50.179780,0.001524,4.796721,1.686214,1.962355,0.880962,20,2,,,,,,,,,,,,,,,,,,,,,
1780468462.816554,,,UI_STATUS_SEND,69,,,,337.577787,157.577787,50.180744,,,,,,21,0,"internal_id=69,ui_id=31",69,31,69,1,-1,173.260000,mono,,,,,,,,,,,,,
1780468463.545998,,,MATCH_ACCEPT,69,0,337.573034,50.181250,337.578437,,50.181990,0.005453,5.164561,1.931440,2.501749,1.228713,21,3,,,,,,,,,,,,,,,,,,,,,
1780468463.545998,,,UI_STATUS_SEND,69,,,,337.575332,157.575332,50.181452,,,,,,22,0,"internal_id=69,ui_id=31",69,31,69,1,-1,173.260000,mono,,,,,,,,,,,,,
1780468463.811779,,,MATCH_ACCEPT,69,0,337.573034,50.181250,337.575092,,50.181822,0.002135,4.445172,1.451848,1.528178,0.579684,22,1,,,,,,,,,,,,,,,,,,,,,
1780468463.811779,,,TargetKeep,69,,,,,,,,,,,,,,lock_timer_expired,,,,,,,,,,,,,,,,,,,,
1780468463.811779,,,UI_STATUS_SEND,69,,,,337.574161,157.574161,50.181504,,,,,,23,0,"internal_id=69,ui_id=31",69,31,69,1,-1,173.260000,mono,,,,,,,,,,,,,
1780468464.242314,,,MATCH_ACCEPT,69,0,337.582149,50.181250,337.573489,,50.182021,0.008694,4.569936,1.535024,1.631785,0.724513,23,2,,,,,,,,,,,,,,,,,,,,,
1780468464.242314,,,UI_STATUS_SEND,69,,,,337.577547,157.577547,50.181551,,,,,,24,0,"internal_id=69,ui_id=31",69,31,69,1,-1,173.260000,mono,,,,,,,,,,,,,
1780468465.254340,,no_packet,TRACK_DELETE,68,,,,67.384875,,38.491865,,,,711.471266,667.535614,0,50,,,,,,,,,,,,,,,,,,,,,
1780468465.626677,,,MATCH_ACCEPT,69,0,337.577592,50.176667,337.579012,,50.182534,0.006037,6.596519,2.886079,5.114575,3.214877,24,6,,,,,,,,,,,,,,,,,,,,,
1780468465.626677,,,TRACK_DELETE,70,,,,338.927987,,36.959136,,,,1522.987920,1388.646598,0,50,,,,,,,,,,,,,,,,,,,,,
1780468465.626677,,,UI_STATUS_SEND,69,,,,337.577969,157.577969,50.177405,,,,,,25,0,"internal_id=69,ui_id=31",69,31,69,1,-1,173.260000,mono,,,,,,,,,,,,,
1780468466.205332,,,MATCH_ACCEPT,69,0,337.568477,50.181250,337.578237,,50.176250,0.010967,5.020511,1.835407,2.417517,0.951203,25,2,,,,,,,,,,,,,,,,,,,,,
1780468466.205332,,,UI_STATUS_SEND,69,,,,337.572709,157.572709,50.179614,,,,,,26,0,"internal_id=69,ui_id=31",69,31,69,1,-1,173.260000,mono,,,,,,,,,,,,,
1780468466.744661,,,MATCH_ACCEPT,69,0,337.573034,50.181250,337.571539,,50.179653,0.002187,4.779086,1.674457,1.963601,0.840205,26,2,,,,,,,,,,,,,,,,,,,,,
1780468466.744661,,,UI_STATUS_SEND,69,,,,337.572309,157.572309,50.180683,,,,,,27,0,"internal_id=69,ui_id=31",69,31,69,1,-1,173.260000,mono,,,,,,,,,,,,,
1780468467.266363,,,MATCH_ACCEPT,69,0,337.573034,50.181250,337.571355,,50.181126,0.001684,4.733586,1.644124,1.862801,0.840343,27,2,,,,,,,,,,,,,,,,,,,,,
1780468467.266363,,,UI_STATUS_SEND,69,,,,337.572197,157.572197,50.181206,,,,,,28,0,"internal_id=69,ui_id=31",69,31,69,1,-1,173.260000,mono,,,,,,,,,,,,,
1780468467.510957,,,MATCH_ACCEPT,69,0,337.573034,50.181250,337.571817,,50.181463,0.001236,4.326295,1.372596,1.351251,0.532770,28,1,,,,,,,,,,,,,,,,,,,,,
1780468467.511462,,,NEW_TRACK,71,1,328.891068,49.459375,,,,,,,1.000000,1.000000,1,0,,,,,,,,,,,,,,,,,,,,,
1780468467.510957,,,UI_STATUS_SEND,69,,,,337.572330,157.572330,50.181349,,,,,,29,0,"internal_id=69,ui_id=31",69,31,69,1,-1,173.260000,mono,,,,,,,,,,,,,
1780468467.843571,,,MATCH_REJECT,69,0,29.177090,10.304375,337.572029,,50.181585,65.217131,4.187757,1.280238,1.171584,0.467426,29,1,,,,,,,,,,,,,,,,,,,,,
1780468467.843571,,,NEW_TRACK,72,0,29.177090,10.304375,,,,,,,1.000000,1.000000,1,0,,,,,,,,,,,,,,,,,,,,,
1780468467.843571,,,TargetLost,69,,,,,,,,,,,,,,not_in_valid_tracks,,,,,,,,,,,,,,,,,,,,
1780468468.087691,,,MATCH_ACCEPT,69,0,337.577592,50.181250,337.571734,,50.181816,0.005885,4.645831,1.585621,1.711588,0.802605,28,2,,,,,,,,,,,,,,,,,,,,,
1780468468.087691,,,TargetKeep,69,,,,,,,,,,,,,,lock_timer_expired,,,,,,,,,,,,,,,,,,,,
1780468468.087691,,,UI_STATUS_SEND,69,,,,337.574548,157.574548,50.181457,,,,,,29,0,"internal_id=69,ui_id=31",69,31,69,1,-1,173.260000,mono,,,,,,,,,,,,,
1780468468.620699,,,MATCH_ACCEPT,69,0,337.573034,50.185833,337.574877,,50.181740,0.004489,4.701651,1.622834,1.807246,0.826343,29,2,,,,,,,,,,,,,,,,,,,,,
1780468468.620699,,,UI_STATUS_SEND,69,,,,337.573967,157.573967,50.184364,,,,,,30,0,"internal_id=69,ui_id=31",69,31,69,1,-1,173.260000,mono,,,,,,,,,,,,,
1780468468.898751,,,MATCH_ACCEPT,69,0,337.573034,50.185833,337.573995,,50.185087,0.001217,4.322860,1.370307,1.347463,0.530278,30,1,,,,,,,,,,,,,,,,,,,,,
1780468468.898751,,,UI_STATUS_SEND,69,,,,337.573590,157.573590,50.185485,,,,,,31,0,"internal_id=69,ui_id=31",69,31,69,1,-1,173.260000,mono,,,,,,,,,,,,,
1780468469.229505,,,MATCH_ACCEPT,69,0,337.577592,50.176667,337.573550,,50.186298,0.010445,4.182287,1.276592,1.167453,0.462234,31,1,,,,,,,,,,,,,,,,,,,,,
1780468469.229505,,,UI_STATUS_SEND,69,,,,337.575113,157.575113,50.181485,,,,,,32,0,"internal_id=69,ui_id=31",69,31,69,1,-1,173.260000,mono,,,,,,,,,,,,,
1780468469.473456,,,BBOX_CLIPPED,,0,,,,,,,,,,,,,bbox_out_of_image_bounds,,,,,,,,,,,3705.000,460.000,3861.000,612.000,3705.000,460.000,3840.000,612.000,1,0.865385
1780468469.473456,,,MATCH_REJECT,72,0,8.494357,12.023125,29.177090,,10.304375,20.754024,12.558728,6.745352,22.749888,22.749888,0,6,,,,,,,,,,,,,,,,,,,,,
1780468469.473456,,,NEW_TRACK,73,0,8.494357,12.023125,,,,,,,1.000000,1.000000,1,0,,,,,,,,,,,,,,,,,,,,,
1780468469.473456,,,TargetLost,69,,,,,,,,,,,,,,not_in_valid_tracks,,,,,,,,,,,,,,,,,,,,
1780468469.756772,,,MATCH_ACCEPT,69,0,337.582149,50.181250,337.575575,,50.180839,0.006587,4.575763,1.538909,1.600475,0.767766,31,2,,,,,,,,,,,,,,,,,,,,,
1780468469.756772,,,MATCH_REJECT,72,1,49.007279,50.861875,29.177090,,10.304375,45.145844,14.266429,7.883820,31.077306,31.077306,0,7,,,,,,,,,,,,,,,,,,,,,
1780468469.756772,,,MATCH_ACCEPT,73,2,8.479546,12.064375,8.494357,,12.023125,0.043828,6.745451,1.830301,1.675000,1.675000,1,1,,,,,,,,,,,,,,,,,,,,,
1780468469.756772,,,NEW_TRACK,74,1,49.007279,50.861875,,,,,,,1.000000,1.000000,1,0,,,,,,,,,,,,,,,,,,,,,
1780468469.756267,,,UI_STATUS_SEND,69,,,,337.578624,157.578624,50.181096,,,,,,32,0,"internal_id=69,ui_id=31",69,31,69,1,-1,173.260000,mono,,,,,,,,,,,,,
1780468470.126234,,,BBOX_CLIPPED,,0,,,,,,,,,,,,,bbox_out_of_image_bounds,,,,,,,,,,,3698.000,446.000,3850.000,605.000,3698.000,446.000,3840.000,605.000,1,0.934211
1780468470.126234,,,MATCH_ACCEPT,73,0,8.502332,12.041458,8.490059,,12.052430,0.016463,7.328349,2.218900,2.944992,1.978523,2,1,,,,,,,,,,,,,,,,,,,,,
1780468470.126234,,,MATCH_ACCEPT,74,1,48.998165,50.871042,49.007279,,50.861875,0.012927,5.186151,1.830301,1.675000,1.675000,1,1,,,,,,,,,,,,,,,,,,,,,
1780468470.126234,,,TargetLost,69,,,,,,,,,,,,,,not_in_valid_tracks,,,,,,,,,,,,,,,,,,,,
1780468470.126234,,,TargetSwitch,73,,,,,,,,,,,,,,master_lost,,,,,,,,,,,,,,,,,,,,
1780468470.126234,,,UI_STATUS_SEND,73,,,,8.493990,188.493990,12.046300,,,,,,3,0,"internal_id=73,ui_id=32",73,32,73,1,-1,41.030000,mono,,,,,,,,,,,,,
1780468470.338825,,,MATCH_ACCEPT,69,1,337.573034,50.185833,337.580033,,50.180598,0.008740,4.681439,1.609359,1.768007,0.822030,31,2,,,,,,,,,,,,,,,,,,,,,
1780468470.338825,,,MATCH_ACCEPT,73,2,8.477267,12.048333,8.494223,,12.050903,0.017149,7.492040,2.328027,3.639208,1.780501,3,1,,,,,,,,,,,,,,,,,,,,,
1780468470.338825,,,MATCH_ACCEPT,74,0,48.993607,50.880208,49.002017,,50.871017,0.012458,5.045570,1.736580,1.970894,1.044816,2,1,,,,,,,,,,,,,,,,,,,,,
1780468470.338297,,,UI_STATUS_SEND,73,,,,8.487983,188.487983,12.049535,,,,,,4,0,"internal_id=73,ui_id=32",73,32,73,1,-1,40.770000,mono,,,,,,,,,,,,,
1780468470.604276,,,MATCH_ACCEPT,69,0,337.573034,50.185833,337.576806,,50.184393,0.004037,4.311847,1.362965,1.330166,0.527507,32,1,,,,,,,,,,,,,,,,,,,,,
1780468470.604276,,,MATCH_ACCEPT,74,1,49.005001,50.864167,48.994853,,50.882836,0.021249,5.192555,1.834570,2.306204,1.059443,3,1,,,,,,,,,,,,,,,,,,,,,
1780468470.604276,,,TargetLost,73,,,,,,,,,,,,,,not_in_valid_tracks,,,,,,,,,,,,,,,,,,,,
1780468470.604276,,,TargetSwitch,69,,,,,,,,,,,,,,master_lost,,,,,,,,,,,,,,,,,,,,
1780468470.604276,,,UI_STATUS_SEND,69,,,,337.575229,157.575229,50.185160,,,,,,33,0,"internal_id=69,ui_id=31",69,31,69,1,-1,173.260000,mono,,,,,,,,,,,,,
1780468470.849249,,,MATCH_ACCEPT,74,0,48.998165,50.871042,48.998847,,50.870667,0.000779,5.056727,1.744018,2.171156,0.870442,4,1,,,,,,,,,,,,,,,,,,,,,
1780468470.849249,,,TargetLost,69,,,,,,,,,,,,,,not_in_valid_tracks,,,,,,,,,,,,,,,,,,,,
1780468470.849249,,,TargetSwitch,74,,,,,,,,,,,,,,master_lost,,,,,,,,,,,,,,,,,,,,
1780468470.849249,,,UI_STATUS_SEND,74,,,,48.998504,228.998504,50.870899,,,,,,5,0,"internal_id=74,ui_id=33",74,33,74,1,-1,155.930000,mono,,,,,,,,,,,,,
1780468471.320162,,,MATCH_ACCEPT,69,0,337.568477,50.185833,337.575020,,50.186890,0.006627,5.052225,1.856550,2.267015,1.179764,32,3,,,,,,,,,,,,,,,,,,,,,
1780468471.320162,,,TargetLost,74,,,,,,,,,,,,,,not_in_valid_tracks,,,,,,,,,,,,,,,,,,,,
1780468471.320162,,,TargetSwitch,69,,,,,,,,,,,,,,master_lost,,,,,,,,,,,,,,,,,,,,
1780468471.320162,,,UI_STATUS_SEND,69,,,,337.571418,157.571418,50.186131,,,,,,33,0,"internal_id=69,ui_id=31",69,31,69,1,-1,173.260000,mono,,,,,,,,,,,,,
1780468472.412850,,,MATCH_ACCEPT,69,0,337.573034,50.181250,337.568639,,50.188098,0.008137,6.172049,2.603099,4.322399,2.453728,33,5,,,,,,,,,,,,,,,,,,,,,
1780468472.412850,,,UI_STATUS_SEND,69,,,,337.571717,157.571717,50.182336,,,,,,34,0,"internal_id=69,ui_id=31",69,31,69,1,-1,173.260000,mono,,,,,,,,,,,,,
1780468473.330865,,,MATCH_ACCEPT,69,0,337.577592,50.181250,337.570930,,50.180565,0.006697,5.853702,2.390868,3.830464,1.885786,34,4,,,,,,,,,,,,,,,,,,,,,
1780468473.330865,,,UI_STATUS_SEND,69,,,,337.575421,157.575421,50.181115,,,,,,35,0,"internal_id=69,ui_id=31",69,31,69,1,-1,173.260000,mono,,,,,,,,,,,,,
1780468473.938731,,,MATCH_ACCEPT,69,0,337.577592,50.185833,337.576364,,50.180105,0.005858,5.267398,1.999999,2.756247,1.243749,35,3,,,,,,,,,,,,,,,,,,,,,
1780468473.938731,,,UI_STATUS_SEND,69,,,,337.577099,157.577099,50.184280,,,,,,36,0,"internal_id=69,ui_id=31",69,31,69,1,-1,173.260000,mono,,,,,,,,,,,,,
1780468474.811726,,,MATCH_ACCEPT,69,0,337.573034,50.181250,337.578795,,50.185665,0.007258,5.758755,2.327570,3.545981,1.871601,36,4,,,,,,,,,,,,,,,,,,,,,
1780468474.811726,,,UI_STATUS_SEND,69,,,,337.575010,157.575010,50.182125,,,,,,37,0,"internal_id=69,ui_id=31",69,31,69,1,-1,173.260000,mono,,,,,,,,,,,,,
1780468475.047859,,,MATCH_ACCEPT,69,0,337.573034,50.181250,337.574954,,50.181881,0.002020,4.534363,1.511309,1.677906,0.606148,37,1,,,,,,,,,,,,,,,,,,,,,
1780468475.047859,,,UI_STATUS_SEND,69,,,,337.574041,157.574041,50.181523,,,,,,38,0,"internal_id=69,ui_id=31",69,31,69,1,-1,173.260000,mono,,,,,,,,,,,,,
1780468475.495842,,,MATCH_ACCEPT,69,0,337.573034,50.185833,337.573683,,50.180926,0.004950,4.632203,1.576535,1.728438,0.757025,38,2,,,,,,,,,,,,,,,,,,,,,
1780468475.495842,,,UI_STATUS_SEND,69,,,,337.573370,157.573370,50.183972,,,,,,39,0,"internal_id=69,ui_id=31",69,31,69,1,-1,173.260000,mono,,,,,,,,,,,,,
1780468476.111320,,,MATCH_ACCEPT,69,0,337.577592,50.185833,337.572750,,50.184845,0.004942,5.058442,1.860695,2.305167,1.157018,39,3,,,,,,,,,,,,,,,,,,,,,
1780468476.111320,,,TargetKeep,69,,,,,,,,,,,,,,lock_timer_expired,,,,,,,,,,,,,,,,,,,,
1780468476.111320,,,UI_STATUS_SEND,69,,,,337.575435,157.575435,50.185551,,,,,,40,0,"internal_id=69,ui_id=31",69,31,69,1,-1,173.260000,mono,,,,,,,,,,,,,
1780468476.654480,,,MATCH_ACCEPT,69,0,337.577592,50.185833,337.575777,,50.186464,0.001921,4.830747,1.708898,2.026091,0.894242,40,2,,,,,,,,,,,,,,,,,,,,,
1780468476.654480,,,UI_STATUS_SEND,69,,,,337.576725,157.576725,50.186048,,,,,,41,0,"internal_id=69,ui_id=31",69,31,69,1,-1,173.260000,mono,,,,,,,,,,,,,
1780468477.230146,,,MATCH_ACCEPT,69,0,337.582149,50.185833,337.577346,,50.186795,0.004898,4.759764,1.661576,1.915301,0.845534,41,2,,,,,,,,,,,,,,,,,,,,,
1780468477.230146,,,UI_STATUS_SEND,69,,,,337.579789,157.579789,50.186173,,,,,,42,0,"internal_id=69,ui_id=31",69,31,69,1,-1,173.260000,mono,,,,,,,,,,,,,
1780468477.820049,,,MATCH_ACCEPT,69,0,337.573034,50.181250,337.581138,,50.186676,0.009752,4.735695,1.645530,1.872090,0.835679,42,2,,,,,,,,,,,,,,,,,,,,,
1780468477.820049,,,UI_STATUS_SEND,69,,,,337.577063,157.577063,50.183184,,,,,,43,0,"internal_id=69,ui_id=31",69,31,69,1,-1,173.260000,mono,,,,,,,,,,,,,
1780468478.510668,,,MATCH_ACCEPT,69,0,337.573034,50.181250,337.577252,,50.181914,0.004269,5.160691,1.928861,2.482011,1.238492,43,3,,,,,,,,,,,,,,,,,,,,,
1780468478.510668,,,UI_STATUS_SEND,69,,,,337.574836,157.574836,50.181431,,,,,,44,0,"internal_id=69,ui_id=31",69,31,69,1,-1,173.260000,mono,,,,,,,,,,,,,
1780468478.767768,,,MATCH_ACCEPT,69,0,337.573034,50.181250,337.574525,,50.180850,0.001543,4.444681,1.451521,1.525932,0.580980,44,1,,,,,,,,,,,,,,,,,,,,,
1780468478.767768,,,UI_STATUS_SEND,69,,,,337.573851,157.573851,50.181073,,,,,,45,0,"internal_id=69,ui_id=31",69,31,69,1,-1,173.260000,mono,,,,,,,,,,,,,
1780468479.279625,,,MATCH_ACCEPT,69,0,337.568477,50.181250,337.573088,,50.180107,0.004751,4.609838,1.561625,1.684414,0.754260,45,2,,,,,,,,,,,,,,,,,,,,,
1780468479.279625,,,UI_STATUS_SEND,69,,,,337.570891,157.570891,50.180815,,,,,,46,0,"internal_id=69,ui_id=31",69,31,69,1,-1,173.260000,mono,,,,,,,,,,,,,
1780468479.806026,,,MATCH_ACCEPT,69,0,337.582149,50.181250,337.569466,,50.180140,0.012731,4.683118,1.610478,1.777403,0.816237,46,2,,,,,,,,,,,,,,,,,,,,,
1780468479.806026,,,TRACK_DELETE,71,,,,328.891068,,49.459375,,,,1658.038852,1658.038852,0,50,,,,,,,,,,,,,,,,,,,,,
1780468479.805518,,,TargetKeep,69,,,,,,,,,,,,,,lock_timer_expired,,,,,,,,,,,,,,,,,,,,
1780468479.805518,,,UI_STATUS_SEND,69,,,,337.575679,157.575679,50.180848,,,,,,47,0,"internal_id=69,ui_id=31",69,31,69,1,-1,173.260000,mono,,,,,,,,,,,,,
1780468480.109751,,,MATCH_ACCEPT,69,1,337.573034,50.185833,337.575933,,50.180630,0.005956,4.318252,1.367234,1.337633,0.531697,47,1,,,,,,,,,,,,,,,,,,,,,
1780468480.109751,,,MATCH_ACCEPT,72,0,23.915094,10.290625,29.177090,,10.304375,5.262013,88.888030,57.631553,1660.697978,1660.697978,0,50,,,,,,,,,,,,,,,,,,,,,
1780468480.109751,,,UI_STATUS_SEND,69,,,,337.574717,157.574717,50.183412,,,,,,48,0,"internal_id=69,ui_id=31",69,31,69,1,-1,173.260000,mono,,,,,,,,,,,,,
1780468480.429256,,,MATCH_ACCEPT,69,0,337.573034,50.185833,337.574762,,50.183830,0.002646,4.182438,1.276692,1.165060,0.464883,48,1,,,,,,,,,,,,,,,,,,,,,
1780468480.429256,,,UI_STATUS_SEND,69,,,,337.574095,157.574095,50.184834,,,,,,49,0,"internal_id=69,ui_id=31",69,31,69,1,-1,173.260000,mono,,,,,,,,,,,,,
1780468481.009859,,,MATCH_ACCEPT,69,0,337.577592,50.181250,337.573964,,50.186019,0.005992,4.509117,1.494478,1.515097,0.718368,49,2,,,,,,,,,,,,,,,,,,,,,
1780468481.009859,,,UI_STATUS_SEND,69,,,,337.575597,157.575597,50.183118,,,,,,50,0,"internal_id=69,ui_id=31",69,31,69,1,-1,173.260000,mono,,,,,,,,,,,,,
1780468481.535595,,,MATCH_ACCEPT,69,0,337.573034,50.185833,337.575987,,50.183106,0.004019,4.653220,1.590547,1.721591,0.808248,50,2,,,,,,,,,,,,,,,,,,,,,
1780468481.535595,,,UI_STATUS_SEND,69,,,,337.574564,157.574564,50.184840,,,,,,51,0,"internal_id=69,ui_id=31",69,31,69,1,-1,173.260000,mono,,,,,,,,,,,,,
1780468481.782325,,,MATCH_ACCEPT,69,0,337.573034,50.185833,337.574536,,50.185209,0.001626,4.304168,1.357845,1.317506,0.526238,51,1,,,,,,,,,,,,,,,,,,,,,
1780468481.782853,,,MATCH_REJECT,72,1,31.929694,11.319583,23.183425,,10.288698,8.806812,8.765838,4.243425,10.047729,7.958930,0,6,,,,,,,,,,,,,,,,,,,,,
1780468481.782853,,,NEW_TRACK,75,1,31.929694,11.319583,,,,,,,1.000000,1.000000,1,0,,,,,,,,,,,,,,,,,,,,,
1780468481.782325,,,UI_STATUS_SEND,69,,,,337.573912,157.573912,50.185541,,,,,,52,0,"internal_id=69,ui_id=31",69,31,69,1,-1,173.260000,mono,,,,,,,,,,,,,
1780468482.155619,,,MATCH_ACCEPT,69,0,337.563920,50.181250,337.573776,,50.185991,0.010937,4.176366,1.272644,1.157438,0.462186,52,1,,,,,,,,,,,,,,,,,,,,,
1780468482.155619,,,UI_STATUS_SEND,69,,,,337.569984,157.569984,50.183622,,,,,,53,0,"internal_id=69,ui_id=31",69,31,69,1,-1,173.260000,mono,,,,,,,,,,,,,
1780468482.667775,,,MATCH_ACCEPT,69,0,337.584428,50.181250,337.568519,,50.183415,0.016055,4.508737,1.494225,1.513809,0.718899,53,2,,,,,,,,,,,,,,,,,,,,,
1780468482.667775,,,TRACK_DELETE,73,,,,8.413242,,12.269591,,,,1188.232515,892.328498,0,50,,,,,,,,,,,,,,,,,,,,,
1780468482.667775,,,TargetKeep,69,,,,,,,,,,,,,,lock_timer_expired,,,,,,,,,,,,,,,,,,,,
1780468482.667775,,,UI_STATUS_SEND,69,,,,337.575677,157.575677,50.182098,,,,,,54,0,"internal_id=69,ui_id=31",69,31,69,1,-1,173.260000,mono,,,,,,,,,,,,,
1780468483.076164,,no_packet,TRACK_DELETE,74,,,,48.936850,,50.884894,,,,778.561145,621.495520,0,50,,,,,,,,,,,,,,,,,,,,,
1780468483.333832,,,MATCH_ACCEPT,69,0,337.573034,50.181250,337.576867,,50.181005,0.003840,5.086682,1.879521,2.323606,1.208995,54,3,,,,,,,,,,,,,,,,,,,,,
1780468483.333832,,,UI_STATUS_SEND,69,,,,337.574734,157.574734,50.181182,,,,,,55,0,"internal_id=69,ui_id=31",69,31,69,1,-1,173.260000,mono,,,,,,,,,,,,,
1780468483.865055,,,MATCH_ACCEPT,69,0,337.577592,50.176667,337.574924,,50.180496,0.004667,4.814622,1.698148,2.003719,0.879988,55,2,,,,,,,,,,,,,,,,,,,,,
1780468483.865055,,,UI_STATUS_SEND,69,,,,337.576311,157.576311,50.177986,,,,,,56,0,"internal_id=69,ui_id=31",69,31,69,1,-1,173.260000,mono,,,,,,,,,,,,,
1780468484.432927,,,MATCH_ACCEPT,69,0,337.573034,50.190417,337.576902,,50.176357,0.014582,4.735757,1.645571,1.878525,0.829379,56,2,,,,,,,,,,,,,,,,,,,,,
1780468484.432927,,,UI_STATUS_SEND,69,,,,337.574954,157.574954,50.185382,,,,,,57,0,"internal_id=69,ui_id=31",69,31,69,1,-1,173.260000,mono,,,,,,,,,,,,,
1780468486.302391,,,MATCH_ACCEPT,69,0,337.573034,50.185833,337.575045,,50.193126,0.007565,8.339446,4.048031,9.690993,6.695559,57,9,,,,,,,,,,,,,,,,,,,,,
1780468486.302391,,,UI_STATUS_SEND,69,,,,337.573357,157.573357,50.186305,,,,,,58,0,"internal_id=69,ui_id=31",69,31,69,1,-1,173.260000,mono,,,,,,,,,,,,,
1780468487.042006,,,MATCH_ACCEPT,69,0,337.573034,50.181250,337.572886,,50.186691,0.005443,5.490613,2.148809,3.254108,1.363271,58,3,,,,,,,,,,,,,,,,,,,,,
1780468487.042006,,,UI_STATUS_SEND,69,,,,337.572980,157.572980,50.182629,,,,,,59,0,"internal_id=69,ui_id=31",69,31,69,1,-1,173.260000,mono,,,,,,,,,,,,,
1780468487.674624,,,MATCH_ACCEPT,69,0,337.582149,50.181250,337.572557,,50.181069,0.009594,5.264471,1.998047,2.707742,1.284451,59,3,,,,,,,,,,,,,,,,,,,,,
1780468487.674624,,,TargetKeep,69,,,,,,,,,,,,,,lock_timer_expired,,,,,,,,,,,,,,,,,,,,
1780468487.674624,,,UI_STATUS_SEND,69,,,,337.578254,157.578254,50.181202,,,,,,60,0,"internal_id=69,ui_id=31",69,31,69,1,-1,173.260000,mono,,,,,,,,,,,,,
1780468489.206247,,,MATCH_ACCEPT,69,0,337.577592,50.181250,337.582233,,50.177754,0.005811,7.382740,3.410227,7.148814,4.480832,60,7,,,,,,,,,,,,,,,,,,,,,
1780468489.206247,,,UI_STATUS_SEND,69,,,,337.578546,157.578546,50.180923,,,,,,61,0,"internal_id=69,ui_id=31",69,31,69,1,-1,173.260000,mono,,,,,,,,,,,,,
1780468490.274643,,,MATCH_ACCEPT,69,0,337.577592,50.185833,337.579471,,50.180414,0.005736,6.425483,2.772055,5.096641,2.587651,61,5,,,,,,,,,,,,,,,,,,,,,
1780468490.274643,,,MATCH_ACCEPT,72,1,1.926160,11.333333,18.992134,,10.277735,17.098589,50.970918,32.380146,527.252699,521.221132,0,43,,,,,,,,,,,,,,,,,,,,,
1780468490.274643,,,UI_STATUS_SEND,69,,,,337.578092,157.578092,50.185011,,,,,,62,0,"internal_id=69,ui_id=31",69,31,69,1,-1,173.260000,mono,,,,,,,,,,,,,
1780468490.541539,,,MATCH_ACCEPT,72,0,1.939832,11.292083,1.302620,,11.366827,0.641581,6.683652,1.789102,2.427481,0.773403,1,1,,,,,,,,,,,,,,,,,,,,,
1780468490.541539,,,TargetLost,69,,,,,,,,,,,,,,not_in_valid_tracks,,,,,,,,,,,,,,,,,,,,
1780468492.054337,,,MATCH_ACCEPT,69,0,337.573034,50.181250,337.578374,,50.189484,0.009813,8.151155,3.922503,9.475685,5.910346,61,8,,,,,,,,,,,,,,,,,,,,,
1780468492.054337,,,UI_STATUS_SEND,69,,,,337.573907,157.573907,50.181848,,,,,,62,0,"internal_id=69,ui_id=31",69,31,69,1,-1,173.260000,mono,,,,,,,,,,,,,
1780468492.679667,,,MATCH_ACCEPT,69,0,337.568477,50.181250,337.572755,,50.180905,0.004291,5.434695,2.111530,3.149779,1.308780,62,3,,,,,,,,,,,,,,,,,,,,,
1780468492.679667,,,UI_STATUS_SEND,69,,,,337.570060,157.570060,50.181160,,,,,,63,0,"internal_id=69,ui_id=31",69,31,69,1,-1,173.260000,mono,,,,,,,,,,,,,
1780468492.880359,,,MATCH_ACCEPT,69,0,337.568477,50.181250,337.569402,,50.180896,0.000990,4.420562,1.435441,1.522172,0.538320,63,1,,,,,,,,,,,,,,,,,,,,,
1780468492.880359,,,UI_STATUS_SEND,69,,,,337.568984,157.568984,50.181086,,,,,,64,0,"internal_id=69,ui_id=31",69,31,69,1,-1,173.260000,mono,,,,,,,,,,,,,
1780468493.081317,,no_packet,TRACK_DELETE,75,,,,31.929694,,11.319583,,,,1509.056867,1509.056867,0,50,,,,,,,,,,,,,,,,,,,,,
1780468493.340484,,,MATCH_ACCEPT,69,0,337.568477,50.190417,337.567393,,50.180569,0.009908,4.610410,1.562007,1.672207,0.767658,64,2,,,,,,,,,,,,,,,,,,,,,
1780468493.340484,,,UI_STATUS_SEND,69,,,,337.567908,157.567908,50.186713,,,,,,65,0,"internal_id=69,ui_id=31",69,31,69,1,-1,173.260000,mono,,,,,,,,,,,,,
1780468493.854260,,,MATCH_ACCEPT,69,0,337.577592,50.181250,337.566469,,50.188855,0.013474,4.724730,1.638220,1.827607,0.856157,65,2,,,,,,,,,,,,,,,,,,,,,
1780468493.854260,,,TargetKeep,69,,,,,,,,,,,,,,lock_timer_expired,,,,,,,,,,,,,,,,,,,,
1780468493.854260,,,UI_STATUS_SEND,69,,,,337.571995,157.571995,50.183918,,,,,,66,0,"internal_id=69,ui_id=31",69,31,69,1,-1,173.260000,mono,,,,,,,,,,,,,
1780468494.299413,,,MATCH_ACCEPT,69,1,337.577592,50.181250,337.572313,,50.184025,0.005963,4.737464,1.646709,1.870834,0.840817,66,2,,,,,,,,,,,,,,,,,,,,,
1780468494.299920,,,MATCH_ACCEPT,72,0,1.871473,11.319583,351.671825,,11.758094,10.209070,20.116922,10.744615,60.376752,55.069995,0,17,,,,,,,,,,,,,,,,,,,,,
1780468494.299413,,,UI_STATUS_SEND,69,,,,337.574967,157.574967,50.182235,,,,,,67,0,"internal_id=69,ui_id=31",69,31,69,1,-1,173.260000,mono,,,,,,,,,,,,,
1780468494.521928,,,MATCH_ACCEPT,69,0,337.577592,50.181250,337.575532,,50.181938,0.002172,4.301905,1.356337,1.328995,0.510654,67,1,,,,,,,,,,,,,,,,,,,,,
1780468494.521928,,,UI_STATUS_SEND,69,,,,337.576393,157.576393,50.181577,,,,,,68,0,"internal_id=69,ui_id=31",69,31,69,1,-1,173.260000,mono,,,,,,,,,,,,,
1780468494.881431,,,MATCH_ACCEPT,72,0,1.800835,11.560208,0.888470,,11.325994,0.941948,8.763444,3.175630,7.713955,2.370668,0,2,,,,,,,,,,,,,,,,,,,,,
1780468494.881431,,,TargetLost,69,,,,,,,,,,,,,,not_in_valid_tracks,,,,,,,,,,,,,,,,,,,,
1780468495.105029,,,MATCH_ACCEPT,69,0,337.568477,50.181250,337.577880,,50.180790,0.009414,4.605896,1.558998,1.666819,0.763654,67,2,,,,,,,,,,,,,,,,,,,,,
1780468495.105029,,,UI_STATUS_SEND,69,,,,337.573425,157.573425,50.181076,,,,,,68,0,"internal_id=69,ui_id=31",69,31,69,1,-1,173.260000,mono,,,,,,,,,,,,,
1780468495.343053,,,MATCH_ACCEPT,72,0,1.803114,11.564792,1.443367,,11.493605,0.366722,7.906866,2.604577,4.992241,1.791582,0,2,,,,,,,,,,,,,,,,,,,,,
1780468495.343053,,,TargetLost,69,,,,,,,,,,,,,,not_in_valid_tracks,,,,,,,,,,,,,,,,,,,,
1780468495.624036,,,MATCH_ACCEPT,69,0,337.573034,50.185833,337.573445,,50.180391,0.005457,4.754587,1.658124,1.878610,0.870766,67,2,,,,,,,,,,,,,,,,,,,,,
1780468495.624036,,,MATCH_ACCEPT,72,1,1.844129,11.564792,1.646728,,11.552236,0.197800,7.268508,2.179005,3.497249,1.250815,1,1,,,,,,,,,,,,,,,,,,,,,
1780468495.624036,,,UI_STATUS_SEND,69,,,,337.573238,157.573238,50.183945,,,,,,68,0,"internal_id=69,ui_id=31",69,31,69,1,-1,173.260000,mono,,,,,,,,,,,,,
1780468495.842223,,,MATCH_ACCEPT,72,0,1.857801,11.567083,1.762562,,11.576692,0.095722,6.941975,1.961316,2.816699,1.030063,2,1,,,,,,,,,,,,,,,,,,,,,
1780468495.842223,,,TargetLost,69,,,,,,,,,,,,,,not_in_valid_tracks,,,,,,,,,,,,,,,,,,,,
1780468495.842223,,,TargetSwitch,72,,,,,,,,,,,,,,master_lost,,,,,,,,,,,,,,,,,,,,
1780468495.842223,,,UI_STATUS_SEND,72,,,,1.792150,181.792150,11.572874,,,,,,3,0,"internal_id=72,ui_id=34",72,34,72,1,-1,38.980000,mono,,,,,,,,,,,,,
1780468496.269030,,,MATCH_ACCEPT,69,1,337.577592,50.181250,337.573175,,50.185021,0.005808,5.129271,1.907914,2.438129,1.202008,67,3,,,,,,,,,,,,,,,,,,,,,
1780468496.269030,,,MATCH_ACCEPT,72,0,1.921603,11.562500,1.886446,,11.608527,0.057918,7.207279,2.138186,3.192414,1.379425,3,2,,,,,,,,,,,,,,,,,,,,,
1780468496.269030,,,UI_STATUS_SEND,72,,,,1.898332,181.898332,11.586946,,,,,,4,0,"internal_id=72,ui_id=34",72,34,72,1,-1,38.980000,mono,,,,,,,,,,,,,
1780468496.520121,,,MATCH_ACCEPT,69,1,337.577592,50.181250,337.576056,,50.182172,0.001791,4.434428,1.444686,1.511673,0.575443,68,1,,,,,,,,,,,,,,,,,,,,,
1780468496.520121,,,MATCH_ACCEPT,72,0,1.944390,11.562500,1.955200,,11.603598,0.042496,7.003748,2.002499,2.858728,1.151272,4,1,,,,,,,,,,,,,,,,,,,,,
1780468496.520121,,,UI_STATUS_SEND,72,,,,1.951807,181.951807,11.586163,,,,,,5,0,"internal_id=72,ui_id=34",72,34,72,1,-1,38.980000,mono,,,,,,,,,,,,,
1780468496.840119,,,MATCH_ACCEPT,69,1,337.577592,50.176667,337.577228,,50.181424,0.004771,4.221619,1.302813,1.224144,0.473177,69,1,,,,,,,,,,,,,,,,,,,,,
1780468496.840119,,,MATCH_ACCEPT,72,0,1.967176,11.454792,2.008194,,11.599407,0.150320,6.894469,1.929646,2.676347,1.047187,5,1,,,,,,,,,,,,,,,,,,,,,
1780468496.840119,,,UI_STATUS_SEND,72,,,,1.995896,181.995896,11.541378,,,,,,6,0,"internal_id=72,ui_id=34",72,34,72,1,-1,26.210000,mono,,,,,,,,,,,,,
1780468497.106386,,,MATCH_ACCEPT,72,0,2.012749,11.218750,2.050505,,11.543275,0.326714,6.831867,1.887911,2.570369,0.993840,6,1,,,,,,,,,,,,,,,,,,,,,
1780468497.106386,,,UI_STATUS_SEND,72,,,,2.039503,182.039503,11.417108,,,,,,7,0,"internal_id=72,ui_id=34",72,34,72,1,-1,13.440000,mono,,,,,,,,,,,,,
1780468497.409827,,,MATCH_ACCEPT,69,1,337.573034,50.176667,337.578386,,50.177415,0.005404,4.602050,1.556433,1.636845,0.785640,69,2,,,,,,,,,,,,,,,,,,,,,
1780468497.409827,,,MATCH_ACCEPT,72,0,1.955783,11.573958,2.092504,,11.394345,0.225729,6.793825,1.862550,2.504775,0.964317,7,1,,,,,,,,,,,,,,,,,,,,,
1780468497.409827,,,UI_STATUS_SEND,72,,,,2.053388,182.053388,11.462891,,,,,,8,0,"internal_id=72,ui_id=34",72,34,72,1,-1,38.980000,mono,,,,,,,,,,,,,
1780468497.673733,,,MATCH_ACCEPT,69,1,337.573034,50.176667,337.575949,,50.176036,0.002982,4.290196,1.348531,1.291291,0.527244,70,1,,,,,,,,,,,,,,,,,,,,,
1780468497.674236,,,MATCH_ACCEPT,72,0,1.958061,11.583125,2.100653,,11.453501,0.192704,6.769006,1.846004,2.460886,0.946845,8,1,,,,,,,,,,,,,,,,,,,,,
1780468497.673733,,,UI_STATUS_SEND,72,,,,2.060370,182.060370,11.502411,,,,,,9,0,"internal_id=72,ui_id=34",72,34,72,1,-1,38.980000,mono,,,,,,,,,,,,,
1780468498.009445,,,MATCH_ACCEPT,69,1,337.568477,50.176667,337.574619,,50.175541,0.006244,4.168407,1.267338,1.144603,0.461544,71,1,,,,,,,,,,,,,,,,,,,,,
1780468498.009445,,,MATCH_ACCEPT,72,0,1.974012,11.608333,2.101734,,11.502537,0.165849,6.751468,1.834312,2.428856,0.935845,9,1,,,,,,,,,,,,,,,,,,,,,
1780468498.009445,,,TargetKeep,72,,,,,,,,,,,,,,lock_timer_expired,,,,,,,,,,,,,,,,,,,,
1780468498.009445,,,UI_STATUS_SEND,72,,,,2.065990,182.065990,11.542167,,,,,,10,0,"internal_id=72,ui_id=34",72,34,72,1,-1,38.980000,mono,,,,,,,,,,,,,
1780468498.312365,,,MATCH_ACCEPT,69,1,337.568477,50.176667,337.571725,,50.175404,0.003484,4.116263,1.232576,1.076942,0.442300,72,1,,,,,,,,,,,,,,,,,,,,,
1780468498.312365,,,MATCH_ACCEPT,72,0,1.980848,11.622083,2.102137,,11.549981,0.141102,6.738138,1.825426,2.403614,0.928564,10,1,,,,,,,,,,,,,,,,,,,,,
1780468498.312365,,,UI_STATUS_SEND,72,,,,2.068448,182.068448,11.576857,,,,,,11,0,"internal_id=72,ui_id=34",72,34,72,1,-1,38.980000,mono,,,,,,,,,,,,,
1780468498.545578,,,MATCH_ACCEPT,72,0,2.167697,11.603750,2.097602,,11.588999,0.071631,6.698646,1.799097,2.336828,0.899924,11,1,,,,,,,,,,,,,,,,,,,,,
1780468498.545578,,,UI_STATUS_SEND,72,,,,2.116677,182.116677,11.594390,,,,,,12,0,"internal_id=72,ui_id=34",72,34,72,1,-1,38.980000,mono,,,,,,,,,,,,,
1780468498.834931,,,MATCH_ACCEPT,69,0,337.582149,50.181250,337.569055,,50.174959,0.014527,4.528339,1.507293,1.527419,0.744513,72,2,,,,,,,,,,,,,,,,,,,,,
1780468498.834931,,,TargetLost,72,,,,,,,,,,,,,,not_in_valid_tracks,,,,,,,,,,,,,,,,,,,,
1780468498.834931,,,TargetSwitch,69,,,,,,,,,,,,,,master_lost,,,,,,,,,,,,,,,,,,,,
1780468498.834931,,,UI_STATUS_SEND,69,,,,337.574975,157.574975,50.178839,,,,,,73,0,"internal_id=69,ui_id=31",69,31,69,1,-1,173.260000,mono,,,,,,,,,,,,,
1780468499.175989,,,MATCH_ACCEPT,72,0,2.286186,11.500625,2.184705,,11.622507,0.158599,7.200651,2.133767,3.164139,1.388824,11,2,,,,,,,,,,,,,,,,,,,,,
1780468499.175989,,,TargetLost,69,,,,,,,,,,,,,,not_in_valid_tracks,,,,,,,,,,,,,,,,,,,,
1780468499.175989,,,TargetSwitch,72,,,,,,,,,,,,,,master_lost,,,,,,,,,,,,,,,,,,,,
1780468499.175989,,,UI_STATUS_SEND,72,,,,2.218814,182.218814,11.565152,,,,,,12,0,"internal_id=72,ui_id=34",72,34,72,1,-1,26.210000,mono,,,,,,,,,,,,,
1780468499.430699,,,MATCH_ACCEPT,72,0,2.468478,11.246250,2.257589,,11.568691,0.385282,6.983728,1.989152,2.832819,1.123908,12,1,,,,,,,,,,,,,,,,,,,,,
1780468499.430699,,,UI_STATUS_SEND,72,,,,2.323362,182.323362,11.433792,,,,,,13,0,"internal_id=72,ui_id=34",72,34,72,1,-1,13.440000,mono,,,,,,,,,,,,,
1780468499.744066,,,MATCH_ACCEPT,72,0,2.322645,11.647292,2.371168,,11.412872,0.239389,6.859015,1.906010,2.626171,1.006704,13,1,,,,,,,,,,,,,,,,,,,,,
1780468499.744066,,,UI_STATUS_SEND,72,,,,2.356812,182.356812,11.504726,,,,,,14,0,"internal_id=72,ui_id=34",72,34,72,1,-1,38.980000,mono,,,,,,,,,,,,,
1780468500.231030,,,MATCH_ACCEPT,72,0,2.295301,11.654167,2.439356,,11.497367,0.212927,7.183094,2.122062,3.162925,1.340224,14,2,,,,,,,,,,,,,,,,,,,,,
1780468500.231030,,,UI_STATUS_SEND,72,,,,2.390951,182.390951,11.569763,,,,,,15,0,"internal_id=72,ui_id=34",72,34,72,1,-1,38.980000,mono,,,,,,,,,,,,,
1780468500.790744,,,MATCH_ACCEPT,72,0,2.293022,11.667917,2.462173,,11.586054,0.187918,7.383382,2.255588,3.551683,1.535992,15,2,,,,,,,,,,,,,,,,,,,,,
1780468500.790744,,,UI_STATUS_SEND,72,,,,2.400880,182.400880,11.626635,,,,,,16,0,"internal_id=72,ui_id=34",72,34,72,1,-1,38.980000,mono,,,,,,,,,,,,,
1780468501.045510,,,MATCH_REJECT,69,0,40.308615,14.561042,337.577110,,50.181315,72.139071,8.187706,3.946871,9.245131,6.332657,68,8,,,,,,,,,,,,,,,,,,,,,
1780468501.045510,,,MATCH_ACCEPT,72,1,2.299858,11.679375,2.432111,,11.642752,0.137230,7.065975,2.043983,3.009765,1.168103,16,1,,,,,,,,,,,,,,,,,,,,,
1780468501.045510,,,NEW_TRACK,76,0,40.308615,14.561042,,,,,,,1.000000,1.000000,1,0,,,,,,,,,,,,,,,,,,,,,
1780468501.045510,,,UI_STATUS_SEND,72,,,,2.389124,182.389124,11.658419,,,,,,17,0,"internal_id=72,ui_id=34",72,34,72,1,-1,38.980000,mono,,,,,,,,,,,,,
1780468501.359392,,,MATCH_ACCEPT,72,0,2.277072,11.677083,2.414692,,11.677319,0.137620,6.898613,1.932409,2.710006,1.024198,17,1,,,,,,,,,,,,,,,,,,,,,
1780468501.359392,,,TargetKeep,72,,,,,,,,,,,,,,lock_timer_expired,,,,,,,,,,,,,,,,,,,,
1780468501.359392,,,UI_STATUS_SEND,72,,,,2.373068,182.373068,11.677226,,,,,,18,0,"internal_id=72,ui_id=34",72,34,72,1,-1,38.980000,mono,,,,,,,,,,,,,
1780468501.575757,,,MATCH_ACCEPT,72,0,2.277072,11.683958,2.390398,,11.693569,0.113733,6.749193,1.832796,2.444548,0.914591,18,1,,,,,,,,,,,,,,,,,,,,,
1780468501.575757,,,UI_STATUS_SEND,72,,,,2.358536,182.358536,11.690020,,,,,,19,0,"internal_id=72,ui_id=34",72,34,72,1,-1,38.980000,mono,,,,,,,,,,,,,
1780468501.828329,,,MATCH_ACCEPT,72,0,2.315809,11.670208,2.374248,,11.708240,0.069725,6.718621,1.812414,2.374069,0.910775,19,1,,,,,,,,,,,,,,,,,,,,,
1780468501.827733,,,UI_STATUS_SEND,72,,,,2.358161,182.358161,11.694235,,,,,,20,0,"internal_id=72,ui_id=34",72,34,72,1,-1,38.980000,mono,,,,,,,,,,,,,
1780468502.101916,,,MATCH_ACCEPT,72,0,2.327202,11.674792,2.371644,,11.709749,0.056543,6.705889,1.803926,2.338612,0.915538,20,1,,,,,,,,,,,,,,,,,,,,,
1780468502.101916,,,UI_STATUS_SEND,72,,,,2.359543,182.359543,11.696834,,,,,,21,0,"internal_id=72,ui_id=34",72,34,72,1,-1,38.980000,mono,,,,,,,,,,,,,
1780468502.491328,,,MATCH_ACCEPT,72,0,2.345431,11.649583,2.371320,,11.709823,0.065567,6.701307,1.800871,2.322607,0.920531,21,1,,,,,,,,,,,,,,,,,,,,,
1780468502.491328,,,UI_STATUS_SEND,72,,,,2.364306,182.364306,11.687490,,,,,,22,0,"internal_id=72,ui_id=34",72,34,72,1,-1,38.980000,mono,,,,,,,,,,,,,
1780468502.761706,,,MATCH_ACCEPT,72,0,2.354546,11.647292,2.375084,,11.696104,0.052957,6.699885,1.799923,2.316592,0.923131,22,1,,,,,,,,,,,,,,,,,,,,,
1780468502.761706,,,UI_STATUS_SEND,72,,,,2.369530,182.369530,11.677976,,,,,,23,0,"internal_id=72,ui_id=34",72,34,72,1,-1,38.980000,mono,,,,,,,,,,,,,
1780468503.299945,,,MATCH_ACCEPT,69,0,337.577592,50.181250,337.579263,,50.183814,0.003061,14.552552,8.190102,37.296585,29.781178,61,16,,,,,,,,,,,,,,,,,,,,,
1780468503.299945,,,TargetLost,72,,,,,,,,,,,,,,not_in_valid_tracks,,,,,,,,,,,,,,,,,,,,
1780468503.299945,,,TargetSwitch,69,,,,,,,,,,,,,,master_lost,,,,,,,,,,,,,,,,,,,,
1780468503.299945,,,UI_STATUS_SEND,69,,,,337.577671,157.577671,50.181289,,,,,,62,0,"internal_id=69,ui_id=31",69,31,69,1,-1,173.260000,mono,,,,,,,,,,,,,
1780468504.022043,,,MATCH_ACCEPT,69,0,337.577592,50.181250,337.578102,,50.181625,0.000633,5.479945,2.141697,3.226920,1.359945,62,3,,,,,,,,,,,,,,,,,,,,,
1780468504.022043,,,UI_STATUS_SEND,69,,,,337.577778,157.577778,50.181345,,,,,,63,0,"internal_id=69,ui_id=31",69,31,69,1,-1,173.260000,mono,,,,,,,,,,,,,
1780468504.557285,,,MATCH_ACCEPT,69,0,337.577592,50.181250,337.578006,,50.181478,0.000472,4.889950,1.748366,2.112557,0.944229,63,2,,,,,,,,,,,,,,,,,,,,,
1780468504.557285,,,UI_STATUS_SEND,69,,,,337.577785,157.577785,50.181325,,,,,,64,0,"internal_id=69,ui_id=31",69,31,69,1,-1,173.260000,mono,,,,,,,,,,,,,
1780468505.125089,,,MATCH_ACCEPT,69,0,337.577592,50.181250,337.577951,,50.181395,0.000387,4.797141,1.686494,1.951756,0.892506,64,2,,,,,,,,,,,,,,,,,,,,,
1780468505.125089,,,UI_STATUS_SEND,69,,,,337.577767,157.577767,50.181299,,,,,,65,0,"internal_id=69,ui_id=31",69,31,69,1,-1,173.260000,mono,,,,,,,,,,,,,
1780468505.767600,,,MATCH_ACCEPT,69,0,337.573034,50.181250,337.577922,,50.181344,0.004889,5.203456,1.957370,2.568951,1.262348,65,3,,,,,,,,,,,,,,,,,,,,,
1780468505.767600,,,UI_STATUS_SEND,69,,,,337.575081,157.575081,50.181275,,,,,,66,0,"internal_id=69,ui_id=31",69,31,69,1,-1,173.260000,mono,,,,,,,,,,,,,
1780468506.017652,,,MATCH_ACCEPT,69,0,337.573034,50.181250,337.574673,,50.181278,0.001639,4.468850,1.467633,1.566629,0.587318,66,1,,,,,,,,,,,,,,,,,,,,,
1780468506.017652,,,UI_STATUS_SEND,69,,,,337.573922,157.573922,50.181262,,,,,,67,0,"internal_id=69,ui_id=31",69,31,69,1,-1,173.260000,mono,,,,,,,,,,,,,
1780468506.310000,,,MATCH_ACCEPT,69,0,337.582149,50.190417,337.573387,,50.181262,0.012672,4.246210,1.319206,1.261593,0.478712,67,1,,,,,,,,,,,,,,,,,,,,,
1780468506.310000,,,UI_STATUS_SEND,69,,,,337.576939,157.576939,50.185917,,,,,,68,0,"internal_id=69,ui_id=31",69,31,69,1,-1,173.260000,mono,,,,,,,,,,,,,
1780468506.962752,,,MATCH_ACCEPT,69,0,337.573034,50.181250,337.577164,,50.188786,0.008593,4.972578,1.803452,2.148474,1.103964,68,3,,,,,,,,,,,,,,,,,,,,,
1780468506.962752,,,TargetKeep,69,,,,,,,,,,,,,,lock_timer_expired,,,,,,,,,,,,,,,,,,,,
1780468506.962752,,,UI_STATUS_SEND,69,,,,337.574945,157.574945,50.183476,,,,,,69,0,"internal_id=69,ui_id=31",69,31,69,1,-1,173.260000,mono,,,,,,,,,,,,,
1780468507.538337,,,MATCH_ACCEPT,69,0,337.573034,50.185833,337.574426,,50.183424,0.002783,4.799110,1.687807,1.972007,0.876684,69,2,,,,,,,,,,,,,,,,,,,,,
1780468507.538337,,,UI_STATUS_SEND,69,,,,337.573708,157.573708,50.185001,,,,,,70,0,"internal_id=69,ui_id=31",69,31,69,1,-1,173.260000,mono,,,,,,,,,,,,,
1780468508.196787,,,MATCH_ACCEPT,69,0,337.568477,50.181250,337.572647,,50.185801,0.006172,5.169583,1.934789,2.510701,1.232707,70,3,,,,,,,,,,,,,,,,,,,,,
1780468508.196787,,,UI_STATUS_SEND,69,,,,337.570246,157.570246,50.182492,,,,,,71,0,"internal_id=69,ui_id=31",69,31,69,1,-1,173.260000,mono,,,,,,,,,,,,,
1780468508.665699,,,MATCH_ACCEPT,72,0,2.810275,11.535000,2.583758,,11.786812,0.338703,24.084956,13.389971,98.516302,80.775013,13,24,,,,,,,,,,,,,,,,,,,,,
1780468508.665699,,,MATCH_ACCEPT,76,1,35.107540,44.750000,40.308615,,14.561042,30.633713,52.461181,33.346988,556.010791,556.010791,0,30,,,,,,,,,,,,,,,,,,,,,
1780468508.665699,,,TargetLost,69,,,,,,,,,,,,,,not_in_valid_tracks,,,,,,,,,,,,,,,,,,,,
1780468508.665699,,,TargetSwitch,72,,,,,,,,,,,,,,master_lost,,,,,,,,,,,,,,,,,,,,
1780468508.665699,,,UI_STATUS_SEND,72,,,,2.796762,182.796762,11.539779,,,,,,14,0,"internal_id=72,ui_id=34",72,34,72,1,-1,13.440000,mono,,,,,,,,,,,,,
1780468508.949903,,,MATCH_ACCEPT,76,0,35.039180,44.777500,34.922743,,45.912974,1.141428,5.144904,1.802803,2.489901,0.760197,1,1,,,,,,,,,,,,,,,,,,,,,
1780468508.949903,,,TargetLost,72,,,,,,,,,,,,,,not_in_valid_tracks,,,,,,,,,,,,,,,,,,,,
1780468509.173456,,,MATCH_ACCEPT,69,0,337.573034,50.185833,337.567347,,50.181155,0.007364,5.863458,2.397372,3.752570,1.994822,69,4,,,,,,,,,,,,,,,,,,,,,
1780468509.173456,,,MATCH_ACCEPT,76,1,35.107540,44.750000,34.807107,,46.192895,1.473841,4.599918,1.439479,1.493007,0.579092,2,1,,,,,,,,,,,,,,,,,,,,,
1780468509.173456,,,TargetLost,72,,,,,,,,,,,,,,not_in_valid_tracks,,,,,,,,,,,,,,,,,,,,
1780468509.173456,,,TargetSwitch,69,,,,,,,,,,,,,,master_lost,,,,,,,,,,,,,,,,,,,,
1780468509.173456,,,UI_STATUS_SEND,69,,,,337.571156,157.571156,50.184952,,,,,,70,0,"internal_id=69,ui_id=31",69,31,69,1,-1,173.260000,mono,,,,,,,,,,,,,
1780468509.461850,,,MATCH_ACCEPT,69,1,337.573034,50.176667,337.570913,,50.185265,0.008856,4.559526,1.528084,1.719222,0.615819,70,1,,,,,,,,,,,,,,,,,,,,,
1780468509.461850,,,MATCH_ACCEPT,76,0,35.084753,44.759167,34.749630,,46.272791,1.550280,4.529453,1.392502,1.329723,0.609339,3,1,,,,,,,,,,,,,,,,,,,,,
1780468509.461850,,,UI_STATUS_SEND,69,,,,337.571935,157.571935,50.180355,,,,,,71,0,"internal_id=69,ui_id=31",69,31,69,1,-1,173.260000,mono,,,,,,,,,,,,,
1780468509.865197,,,MATCH_REJECT,76,0,29.145529,22.428333,34.627852,,46.387412,24.578310,4.913428,1.648485,1.793705,0.923799,4,2,,,,,,,,,,,,,,,,,,,,,
1780468509.865197,,,NEW_TRACK,77,0,29.145529,22.428333,,,,,,,1.000000,1.000000,1,0,,,,,,,,,,,,,,,,,,,,,
1780468509.865197,,,TargetLost,69,,,,,,,,,,,,,,not_in_valid_tracks,,,,,,,,,,,,,,,,,,,,
1780468513.676450,,,MATCH_ACCEPT,69,0,337.568477,50.181250,337.570439,,50.169348,0.012063,16.126001,9.239067,46.640476,38.719883,70,20,,,,,,,,,,,,,,,,,,,,,
1780468513.676450,,,UI_STATUS_SEND,69,,,,337.568552,157.568552,50.181109,,,,,,71,0,"internal_id=69,ui_id=31",69,31,69,1,-1,173.260000,mono,,,,,,,,,,,,,
1780468514.357246,,,MATCH_ACCEPT,69,0,337.573034,50.181250,337.567965,,50.181671,0.005087,5.539295,2.181264,3.321006,1.436905,71,3,,,,,,,,,,,,,,,,,,,,,
1780468514.357246,,,UI_STATUS_SEND,69,,,,337.571220,157.571220,50.181353,,,,,,72,0,"internal_id=69,ui_id=31",69,31,69,1,-1,173.260000,mono,,,,,,,,,,,,,
1780468515.468679,,,MATCH_ACCEPT,69,0,337.577592,50.185833,337.572018,,50.181984,0.006774,6.445778,2.785586,4.853321,2.906166,72,5,,,,,,,,,,,,,,,,,,,,,
1780468515.468679,,,UI_STATUS_SEND,69,,,,337.576053,157.576053,50.185305,,,,,,73,0,"internal_id=69,ui_id=31",69,31,69,1,-1,173.260000,mono,,,,,,,,,,,,,
1780468515.714128,,,MATCH_ACCEPT,69,0,337.577592,50.185833,337.576807,,50.186028,0.000808,4.641598,1.582799,1.857548,0.647704,73,1,,,,,,,,,,,,,,,,,,,,,
1780468515.714128,,,UI_STATUS_SEND,69,,,,337.577200,157.577200,50.185915,,,,,,74,0,"internal_id=69,ui_id=31",69,31,69,1,-1,173.260000,mono,,,,,,,,,,,,,
1780468517.194764,,,MATCH_ACCEPT,69,0,337.573034,50.181250,337.582037,,50.190082,0.012612,7.173827,3.270951,6.604306,4.094816,74,7,,,,,,,,,,,,,,,,,,,,,
1780468517.194764,,,UI_STATUS_SEND,69,,,,337.575005,157.575005,50.182147,,,,,,75,0,"internal_id=69,ui_id=31",69,31,69,1,-1,173.260000,mono,,,,,,,,,,,,,
1780468517.711409,,,MATCH_ACCEPT,69,0,337.573034,50.185833,337.574856,,50.181249,0.004933,5.058514,1.860743,2.508118,0.954245,75,2,,,,,,,,,,,,,,,,,,,,,
1780468517.711409,,,TargetKeep,69,,,,,,,,,,,,,,lock_timer_expired,,,,,,,,,,,,,,,,,,,,
1780468517.711409,,,UI_STATUS_SEND,69,,,,337.573808,157.573808,50.184336,,,,,,76,0,"internal_id=69,ui_id=31",69,31,69,1,-1,173.260000,mono,,,,,,,,,,,,,
1780468518.351430,,,MATCH_ACCEPT,69,0,337.577592,50.181250,337.573219,,50.184596,0.005506,5.185535,1.945423,2.560957,1.223714,76,3,,,,,,,,,,,,,,,,,,,,,
1780468518.351430,,,UI_STATUS_SEND,69,,,,337.575757,157.575757,50.182168,,,,,,77,0,"internal_id=69,ui_id=31",69,31,69,1,-1,173.260000,mono,,,,,,,,,,,,,
1780468518.908976,,,MATCH_ACCEPT,69,0,337.577592,50.181250,337.576041,,50.181452,0.001564,4.841524,1.716083,2.049122,0.895819,77,2,,,,,,,,,,,,,,,,,,,,,
1780468518.908976,,,UI_STATUS_SEND,69,,,,337.576856,157.576856,50.181319,,,,,,78,0,"internal_id=69,ui_id=31",69,31,69,1,-1,173.260000,mono,,,,,,,,,,,,,
1780468519.127213,,,MATCH_ACCEPT,72,0,2.149468,11.505208,3.652001,,11.175752,1.538228,51.883502,31.922334,535.799856,483.235575,2,47,,,,,,,,,,,,,,,,,,,,,
1780468519.127213,,,TargetLost,69,,,,,,,,,,,,,,not_in_valid_tracks,,,,,,,,,,,,,,,,,,,,
1780468519.127213,,,TargetSwitch,72,,,,,,,,,,,,,,master_lost,,,,,,,,,,,,,,,,,,,,
1780468519.127213,,,UI_STATUS_SEND,72,,,,2.166792,182.166792,11.504146,,,,,,3,0,"internal_id=72,ui_id=34",72,34,72,1,-1,38.980000,mono,,,,,,,,,,,,,
1780468519.503312,,,MATCH_ACCEPT,69,0,337.573034,50.176667,337.577394,,50.180521,0.005819,4.787654,1.680170,1.952599,0.870371,77,2,,,,,,,,,,,,,,,,,,,,,
1780468519.503312,,,TargetLost,72,,,,,,,,,,,,,,not_in_valid_tracks,,,,,,,,,,,,,,,,,,,,
1780468519.503312,,,TargetSwitch,69,,,,,,,,,,,,,,master_lost,,,,,,,,,,,,,,,,,,,,
1780468519.503312,,,UI_STATUS_SEND,69,,,,337.575156,157.575156,50.178004,,,,,,78,0,"internal_id=69,ui_id=31",69,31,69,1,-1,173.260000,mono,,,,,,,,,,,,,
1780468519.971259,,,MATCH_ACCEPT,69,0,337.577592,50.181250,337.575012,,50.176250,0.005626,4.742266,1.649911,1.883882,0.838323,78,2,,,,,,,,,,,,,,,,,,,,,
1780468519.971259,,,UI_STATUS_SEND,69,,,,337.576313,157.576313,50.179472,,,,,,79,0,"internal_id=69,ui_id=31",69,31,69,1,-1,173.260000,mono,,,,,,,,,,,,,
1780468520.296112,,,MATCH_ACCEPT,69,0,337.577592,50.181250,337.576449,,50.179198,0.002348,4.337966,1.380377,1.370927,0.534515,79,1,,,,,,,,,,,,,,,,,,,,,
1780468520.295607,,,UI_STATUS_SEND,69,,,,337.576935,157.576935,50.180298,,,,,,80,0,"internal_id=69,ui_id=31",69,31,69,1,-1,173.260000,mono,,,,,,,,,,,,,
1780468520.550682,,,MATCH_ACCEPT,69,0,337.573034,50.181250,337.577153,,50.180275,0.004233,4.191191,1.282527,1.179180,0.465697,80,1,,,,,,,,,,,,,,,,,,,,,
1780468520.550682,,,UI_STATUS_SEND,69,,,,337.575550,157.575550,50.180764,,,,,,81,0,"internal_id=69,ui_id=31",69,31,69,1,-1,173.260000,mono,,,,,,,,,,,,,
1780468520.811583,,,MATCH_ACCEPT,69,0,337.573034,50.181250,337.575486,,50.180858,0.002483,4.130874,1.242316,1.096501,0.446847,81,1,,,,,,,,,,,,,,,,,,,,,
1780468520.812086,,,TRACK_DELETE,76,,,,28.234778,,69.904899,,,,639.044775,563.427449,0,50,,,,,,,,,,,,,,,,,,,,,
1780468520.811583,,,UI_STATUS_SEND,69,,,,337.574574,157.574574,50.181050,,,,,,82,0,"internal_id=69,ui_id=31",69,31,69,1,-1,173.260000,mono,,,,,,,,,,,,,
1780468521.142186,,,MATCH_ACCEPT,69,0,337.573034,50.181250,337.574344,,50.181191,0.001311,4.105730,1.225554,1.060167,0.441814,82,1,,,,,,,,,,,,,,,,,,,,,
1780468521.142186,,,UI_STATUS_SEND,69,,,,337.573867,157.573867,50.181220,,,,,,83,0,"internal_id=69,ui_id=31",69,31,69,1,-1,173.260000,mono,,,,,,,,,,,,,
1780468521.385636,,,MATCH_ACCEPT,69,0,337.573034,50.181250,337.573557,,50.181364,0.000535,4.085243,1.211895,1.034273,0.434417,83,1,,,,,,,,,,,,,,,,,,,,,
1780468521.386142,,,TRACK_DELETE,77,,,,29.145529,,22.428333,,,,1566.800614,1566.800614,0,50,,,,,,,,,,,,,,,,,,,,,
1780468521.385636,,,TargetKeep,69,,,,,,,,,,,,,,lock_timer_expired,,,,,,,,,,,,,,,,,,,,
1780468521.385636,,,UI_STATUS_SEND,69,,,,337.573370,157.573370,50.181309,,,,,,84,0,"internal_id=69,ui_id=31",69,31,69,1,-1,173.260000,mono,,,,,,,,,,,,,
1780468521.769662,,,MATCH_ACCEPT,69,0,337.577592,50.176667,337.573016,,50.181443,0.006614,4.085330,1.211953,1.032026,0.436804,84,1,,,,,,,,,,,,,,,,,,,,,
1780468521.769662,,,UI_STATUS_SEND,69,,,,337.574654,157.574654,50.179124,,,,,,85,0,"internal_id=69,ui_id=31",69,31,69,1,-1,173.260000,mono,,,,,,,,,,,,,
1780468522.052212,,,MATCH_ACCEPT,69,0,337.577592,50.176667,337.574609,,50.178687,0.003602,4.085399,1.211999,1.031546,0.437397,85,1,,,,,,,,,,,,,,,,,,,,,
1780468522.052212,,,UI_STATUS_SEND,69,,,,337.575676,157.575676,50.177705,,,,,,86,0,"internal_id=69,ui_id=31",69,31,69,1,-1,173.260000,mono,,,,,,,,,,,,,
1780468522.754913,,,MATCH_ACCEPT,69,0,337.568477,50.181250,337.576084,,50.175931,0.009282,4.891887,1.749658,1.990095,1.071208,86,3,,,,,,,,,,,,,,,,,,,,,
1780468522.754913,,,UI_STATUS_SEND,69,,,,337.572143,157.572143,50.179646,,,,,,87,0,"internal_id=69,ui_id=31",69,31,69,1,-1,173.260000,mono,,,,,,,,,,,,,
1780468523.058984,,,MATCH_ACCEPT,69,0,337.568477,50.181250,337.571625,,50.179750,0.003487,4.377176,1.406518,1.412999,0.565292,87,1,,,,,,,,,,,,,,,,,,,,,
1780468523.058984,,,UI_STATUS_SEND,69,,,,337.570262,157.570262,50.180575,,,,,,88,0,"internal_id=69,ui_id=31",69,31,69,1,-1,173.260000,mono,,,,,,,,,,,,,
1780468524.050915,,,MATCH_ACCEPT,72,0,2.286186,11.596875,1.741207,,11.532229,0.548800,22.875251,12.583501,85.952024,72.392473,0,18,,,,,,,,,,,,,,,,,,,,,
1780468524.050915,,,TargetLost,69,,,,,,,,,,,,,,not_in_valid_tracks,,,,,,,,,,,,,,,,,,,,
1780468524.400310,,,MATCH_ACCEPT,69,0,337.582149,50.181250,337.566934,,50.181843,0.015227,6.054055,2.524437,3.989830,2.382951,87,5,,,,,,,,,,,,,,,,,,,,,
1780468524.400310,,,MATCH_ACCEPT,72,1,2.286186,11.580833,2.254204,,11.601310,0.037976,8.392447,2.928298,6.699239,1.875691,1,1,,,,,,,,,,,,,,,,,,,,,
1780468524.400310,,,UI_STATUS_SEND,69,,,,337.577327,157.577327,50.181346,,,,,,88,0,"internal_id=69,ui_id=31",69,31,69,1,-1,173.260000,mono,,,,,,,,,,,,,
1780468524.745373,,,MATCH_ACCEPT,69,0,337.582149,50.181250,337.578063,,50.181546,0.004097,4.582166,1.543177,1.753558,0.627838,88,1,,,,,,,,,,,,,,,,,,,,,
1780468524.745373,,,UI_STATUS_SEND,69,,,,337.580051,157.580051,50.181376,,,,,,89,0,"internal_id=69,ui_id=31",69,31,69,1,-1,173.260000,mono,,,,,,,,,,,,,
1780468525.389058,,,MATCH_ACCEPT,72,0,2.256564,11.583125,2.292682,,11.606695,0.043128,8.712984,3.141989,6.799378,3.072717,1,4,,,,,,,,,,,,,,,,,,,,,
1780468525.389058,,,TargetLost,69,,,,,,,,,,,,,,not_in_valid_tracks,,,,,,,,,,,,,,,,,,,,
1780468526.055642,,,MATCH_ACCEPT,69,1,337.573034,50.181250,337.585402,,50.182240,0.012407,6.565965,2.865710,5.070108,3.142186,88,6,,,,,,,,,,,,,,,,,,,,,
1780468526.055642,,,MATCH_ACCEPT,72,0,2.138074,11.525833,2.284591,,11.596490,0.162664,8.502441,3.001627,6.236565,2.773201,2,3,,,,,,,,,,,,,,,,,,,,,
1780468526.055642,,,TargetKeep,69,,,,,,,,,,,,,,lock_timer_expired,,,,,,,,,,,,,,,,,,,,
1780468526.055642,,,UI_STATUS_SEND,69,,,,337.576342,157.576342,50.181377,,,,,,89,0,"internal_id=69,ui_id=31",69,31,69,1,-1,173.260000,mono,,,,,,,,,,,,,
1780468526.382745,,,MATCH_ACCEPT,69,0,337.573034,50.181250,337.576165,,50.181404,0.003134,4.634393,1.577995,1.847886,0.642182,89,1,,,,,,,,,,,,,,,,,,,,,
1780468526.382745,,,UI_STATUS_SEND,69,,,,337.574601,157.574601,50.181315,,,,,,90,0,"internal_id=69,ui_id=31",69,31,69,1,-1,173.260000,mono,,,,,,,,,,,,,
1780468526.736673,,,MATCH_ACCEPT,72,0,2.128960,11.580833,2.202273,,11.540791,0.083536,8.055507,2.703671,5.215823,2.094016,2,2,,,,,,,,,,,,,,,,,,,,,
1780468526.736673,,,TargetLost,69,,,,,,,,,,,,,,not_in_valid_tracks,,,,,,,,,,,,,,,,,,,,
1780468526.736673,,,TargetSwitch,72,,,,,,,,,,,,,,master_lost,,,,,,,,,,,,,,,,,,,,
1780468526.736673,,,UI_STATUS_SEND,72,,,,2.168923,182.168923,11.563722,,,,,,3,0,"internal_id=72,ui_id=34",72,34,72,1,-1,38.980000,mono,,,,,,,,,,,,,
1780468527.306798,,,MATCH_ACCEPT,72,0,2.108452,11.592292,2.153232,,11.560975,0.054644,7.792072,2.528048,4.598117,1.792909,3,2,,,,,,,,,,,,,,,,,,,,,
1780468527.306798,,,UI_STATUS_SEND,72,,,,2.134251,182.134251,11.577708,,,,,,4,0,"internal_id=72,ui_id=34",72,34,72,1,-1,38.980000,mono,,,,,,,,,,,,,
1780468527.947294,,,MATCH_ACCEPT,69,1,337.568477,50.181250,337.572457,,50.181367,0.003982,6.681898,2.942999,5.339272,3.321971,88,6,,,,,,,,,,,,,,,,,,,,,
1780468527.947294,,,MATCH_ACCEPT,72,0,2.062879,11.615208,2.106133,,11.580971,0.055164,8.108069,2.738713,5.260421,2.240125,4,3,,,,,,,,,,,,,,,,,,,,,
1780468527.947294,,,UI_STATUS_SEND,72,,,,2.086365,182.086365,11.601140,,,,,,5,0,"internal_id=72,ui_id=34",72,34,72,1,-1,38.980000,mono,,,,,,,,,,,,,
1780468528.151528,,,MATCH_ACCEPT,69,1,337.568477,50.181250,337.568859,,50.181259,0.000382,4.578759,1.540906,1.773560,0.600831,89,1,,,,,,,,,,,,,,,,,,,,,
1780468528.151528,,,MATCH_ACCEPT,72,0,2.042371,11.624375,2.075413,,11.604868,0.038370,7.294174,2.196116,3.555290,1.267636,5,1,,,,,,,,,,,,,,,,,,,,,
1780468528.151528,,,UI_STATUS_SEND,72,,,,2.063433,182.063433,11.613605,,,,,,6,0,"internal_id=72,ui_id=34",72,34,72,1,-1,38.980000,mono,,,,,,,,,,,,,
1780468528.863572,,,MATCH_ACCEPT,72,0,2.135796,11.392917,2.024318,,11.629451,0.261488,7.884894,2.589929,4.675234,2.032499,6,3,,,,,,,,,,,,,,,,,,,,,
1780468528.863572,,,UI_STATUS_SEND,72,,,,2.072023,182.072023,11.495722,,,,,,7,0,"internal_id=72,ui_id=34",72,34,72,1,-1,13.440000,mono,,,,,,,,,,,,,
1780468529.553358,,,MATCH_ACCEPT,69,1,337.577592,50.176667,337.564411,,50.181215,0.013943,6.637913,2.913675,5.215880,3.273623,89,6,,,,,,,,,,,,,,,,,,,,,
1780468529.553358,,,MATCH_ACCEPT,72,0,1.994520,11.633542,2.048813,,11.451614,0.189856,8.197508,2.798339,5.415364,2.415337,7,3,,,,,,,,,,,,,,,,,,,,,
1780468529.553358,,,UI_STATUS_SEND,72,,,,2.023608,182.023608,11.562080,,,,,,8,0,"internal_id=72,ui_id=34",72,34,72,1,-1,38.980000,mono,,,,,,,,,,,,,
1780468529.978906,,,MATCH_ACCEPT,69,0,337.577592,50.176667,337.574986,,50.176115,0.002663,4.972564,1.803442,2.341700,0.910705,90,2,,,,,,,,,,,,,,,,,,,,,
1780468529.978906,,,TargetLost,72,,,,,,,,,,,,,,not_in_valid_tracks,,,,,,,,,,,,,,,,,,,,
1780468529.978906,,,TargetSwitch,69,,,,,,,,,,,,,,master_lost,,,,,,,,,,,,,,,,,,,,
1780468529.978906,,,UI_STATUS_SEND,69,,,,337.576441,157.576441,50.176481,,,,,,91,0,"internal_id=69,ui_id=31",69,31,69,1,-1,173.260000,mono,,,,,,,,,,,,,
1780468530.240031,,,MATCH_ACCEPT,72,0,1.985405,11.677083,1.991350,,11.564916,0.112324,8.342227,2.894818,5.832180,2.547792,7,3,,,,,,,,,,,,,,,,,,,,,
1780468530.240031,,,TargetLost,69,,,,,,,,,,,,,,not_in_valid_tracks,,,,,,,,,,,,,,,,,,,,
1780468530.240031,,,TargetSwitch,72,,,,,,,,,,,,,,master_lost,,,,,,,,,,,,,,,,,,,,
1780468530.240031,,,UI_STATUS_SEND,72,,,,1.988481,181.988481,11.634444,,,,,,8,0,"internal_id=72,ui_id=34",72,34,72,1,-1,38.980000,mono,,,,,,,,,,,,,
1780468530.452547,,,MATCH_ACCEPT,72,0,2.087944,11.342500,1.978045,,11.644564,0.321435,7.381299,2.254199,3.750791,1.330622,8,1,,,,,,,,,,,,,,,,,,,,,
1780468530.452547,,,UI_STATUS_SEND,72,,,,2.019262,182.019262,11.505637,,,,,,9,0,"internal_id=72,ui_id=34",72,34,72,1,-1,13.440000,mono,,,,,,,,,,,,,
1780468531.188704,,,MATCH_ACCEPT,72,0,2.058322,11.457083,2.000082,,11.477879,0.061842,7.887911,2.591940,4.694311,2.023844,9,3,,,,,,,,,,,,,,,,,,,,,
1780468531.188704,,,UI_STATUS_SEND,72,,,,2.025063,182.025063,11.466144,,,,,,10,0,"internal_id=72,ui_id=34",72,34,72,1,-1,13.440000,mono,,,,,,,,,,,,,
1780468531.677545,,,MATCH_ACCEPT,69,0,337.655066,50.272917,337.580868,,50.172823,0.124596,7.474129,3.471152,7.330235,4.718664,88,7,,,,,,,,,,,,,,,,,,,,,
1780468531.677545,,,MATCH_ACCEPT,72,1,2.012749,11.759583,2.017324,,11.443316,0.316300,7.712557,2.475038,4.340029,1.785784,10,2,,,,,,,,,,,,,,,,,,,,,
1780468531.677545,,,UI_STATUS_SEND,72,,,,2.015449,182.015449,11.611995,,,,,,11,0,"internal_id=72,ui_id=34",72,34,72,1,-1,38.980000,mono,,,,,,,,,,,,,
1780468532.221278,,,MATCH_ACCEPT,69,0,337.573034,50.181250,337.654411,,50.286658,0.133165,5.055260,1.858574,2.506905,0.947390,89,2,,,,,,,,,,,,,,,,,,,,,
1780468532.221278,,,TargetLost,72,,,,,,,,,,,,,,not_in_valid_tracks,,,,,,,,,,,,,,,,,,,,
1780468532.221278,,,TargetSwitch,69,,,,,,,,,,,,,,master_lost,,,,,,,,,,,,,,,,,,,,
1780468532.221278,,,UI_STATUS_SEND,69,,,,337.607596,157.607596,50.215838,,,,,,90,0,"internal_id=69,ui_id=31",69,31,69,1,-1,173.260000,mono,,,,,,,,,,,,,
1780468532.819429,,,MATCH_ACCEPT,69,0,337.582149,50.181250,337.610426,,50.214120,0.043360,4.776608,1.672805,1.960687,0.837590,90,2,,,,,,,,,,,,,,,,,,,,,
1780468532.819429,,,UI_STATUS_SEND,69,,,,337.595880,157.595880,50.192947,,,,,,91,0,"internal_id=69,ui_id=31",69,31,69,1,-1,173.260000,mono,,,,,,,,,,,,,
1780468533.717505,,,MATCH_ACCEPT,69,0,337.582149,50.181250,337.593562,,50.173768,0.013647,5.646935,2.253023,3.268701,1.807413,91,4,,,,,,,,,,,,,,,,,,,,,
1780468533.717505,,,UI_STATUS_SEND,69,,,,337.586275,157.586275,50.179725,,,,,,92,0,"internal_id=69,ui_id=31",69,31,69,1,-1,173.260000,mono,,,,,,,,,,,,,
1780468534.011380,,,MATCH_ACCEPT,69,0,337.582149,50.176667,337.584499,,50.175288,0.002725,4.537335,1.513290,1.673040,0.617007,92,1,,,,,,,,,,,,,,,,,,,,,
1780468534.011380,,,UI_STATUS_SEND,69,,,,337.583383,157.583383,50.176076,,,,,,93,0,"internal_id=69,ui_id=31",69,31,69,1,-1,173.260000,mono,,,,,,,,,,,,,
1780468534.936688,,,MATCH_ACCEPT,69,0,337.573034,50.181250,337.576660,,50.161352,0.020225,5.529217,2.174545,3.076214,1.652430,93,4,,,,,,,,,,,,,,,,,,,,,
1780468534.936688,,,UI_STATUS_SEND,69,,,,337.574396,157.574396,50.176897,,,,,,94,0,"internal_id=69,ui_id=31",69,31,69,1,-1,173.260000,mono,,,,,,,,,,,,,
1780468535.247787,,,MATCH_ACCEPT,69,0,337.568477,50.181250,337.572100,,50.175606,0.006707,4.516720,1.499547,1.639796,0.608845,94,1,,,,,,,,,,,,,,,,,,,,,
1780468535.247787,,,UI_STATUS_SEND,69,,,,337.570398,157.570398,50.178813,,,,,,95,0,"internal_id=69,ui_id=31",69,31,69,1,-1,173.260000,mono,,,,,,,,,,,,,
1780468536.246707,,,MATCH_ACCEPT,72,0,2.336317,11.677083,1.943650,,11.864526,0.435111,19.051264,10.034176,57.809839,42.874848,5,18,,,,,,,,,,,,,,,,,,,,,
1780468536.246707,,,TargetLost,69,,,,,,,,,,,,,,not_in_valid_tracks,,,,,,,,,,,,,,,,,,,,
1780468536.246707,,,TargetSwitch,72,,,,,,,,,,,,,,master_lost,,,,,,,,,,,,,,,,,,,,
1780468536.246707,,,UI_STATUS_SEND,72,,,,2.298006,182.298006,11.683674,,,,,,6,0,"internal_id=72,ui_id=34",72,34,72,1,-1,38.980000,mono,,,,,,,,,,,,,
1780468536.544188,,,MATCH_ACCEPT,69,0,337.573034,50.181250,337.559064,,50.176087,0.014894,6.103489,2.557393,4.121807,2.418451,94,5,,,,,,,,,,,,,,,,,,,,,
1780468536.544188,,,TargetLost,72,,,,,,,,,,,,,,not_in_valid_tracks,,,,,,,,,,,,,,,,,,,,
1780468536.544188,,,TargetSwitch,69,,,,,,,,,,,,,,master_lost,,,,,,,,,,,,,,,,,,,,
1780468536.544188,,,UI_STATUS_SEND,69,,,,337.568705,157.568705,50.180421,,,,,,95,0,"internal_id=69,ui_id=31",69,31,69,1,-1,173.260000,mono,,,,,,,,,,,,,
1780468536.812516,,,MATCH_ACCEPT,69,0,337.573034,50.181250,337.567514,,50.180557,0.005564,4.591888,1.549658,1.770961,0.630480,95,1,,,,,,,,,,,,,,,,,,,,,
1780468536.812516,,,MATCH_ACCEPT,72,1,2.445692,11.679375,2.334236,,11.689759,0.111938,8.762953,3.175302,7.664061,2.418483,5,2,,,,,,,,,,,,,,,,,,,,,
1780468536.812516,,,UI_STATUS_SEND,69,,,,337.570213,157.570213,50.180957,,,,,,96,0,"internal_id=69,ui_id=31",69,31,69,1,-1,173.260000,mono,,,,,,,,,,,,,
1780468537.583529,,,MATCH_ACCEPT,72,0,2.571017,11.700000,2.455519,,11.689305,0.115992,8.314871,2.876581,5.857706,2.417011,6,3,,,,,,,,,,,,,,,,,,,,,
1780468537.583529,,,TargetLost,69,,,,,,,,,,,,,,not_in_valid_tracks,,,,,,,,,,,,,,,,,,,,
1780468537.583529,,,TargetSwitch,72,,,,,,,,,,,,,,master_lost,,,,,,,,,,,,,,,,,,,,
1780468537.583529,,,UI_STATUS_SEND,72,,,,2.511397,182.511397,11.695801,,,,,,7,0,"internal_id=72,ui_id=34",72,34,72,1,-1,38.980000,mono,,,,,,,,,,,,,
1780468538.210019,,,MATCH_ACCEPT,72,0,2.577853,11.716042,2.583601,,11.704130,0.013226,8.263417,2.842278,5.570708,2.507836,7,3,,,,,,,,,,,,,,,,,,,,,
1780468538.210019,,,UI_STATUS_SEND,72,,,,2.580892,182.580892,11.711469,,,,,,8,0,"internal_id=72,ui_id=34",72,34,72,1,-1,38.980000,mono,,,,,,,,,,,,,
1780468538.449845,,,MATCH_ACCEPT,69,0,337.573034,50.185833,337.565403,,50.182264,0.008424,7.166064,3.265776,6.478420,4.186872,94,7,,,,,,,,,,,,,,,,,,,,,
1780468538.449845,,,TargetLost,72,,,,,,,,,,,,,,not_in_valid_tracks,,,,,,,,,,,,,,,,,,,,
1780468538.449845,,,TargetSwitch,69,,,,,,,,,,,,,,master_lost,,,,,,,,,,,,,,,,,,,,
1780468538.449845,,,UI_STATUS_SEND,69,,,,337.571339,157.571339,50.185478,,,,,,95,0,"internal_id=69,ui_id=31",69,31,69,1,-1,173.260000,mono,,,,,,,,,,,,,
1780468538.697942,,,MATCH_ACCEPT,69,0,337.573034,50.185833,337.571292,,50.186166,0.001774,4.675353,1.605302,1.928689,0.648305,95,1,,,,,,,,,,,,,,,,,,,,,
1780468538.697942,,,UI_STATUS_SEND,69,,,,337.572181,157.572181,50.185972,,,,,,96,0,"internal_id=69,ui_id=31",69,31,69,1,-1,173.260000,mono,,,,,,,,,,,,,
1780468539.035067,,,MATCH_ACCEPT,72,0,2.787489,11.493750,2.664998,,11.724899,0.261598,8.538943,3.025962,6.283328,2.873116,6,3,,,,,,,,,,,,,,,,,,,,,
1780468539.035067,,,TargetLost,69,,,,,,,,,,,,,,not_in_valid_tracks,,,,,,,,,,,,,,,,,,,,
1780468539.035067,,,TargetSwitch,72,,,,,,,,,,,,,,master_lost,,,,,,,,,,,,,,,,,,,,
1780468539.035067,,,UI_STATUS_SEND,72,,,,2.726406,182.726406,11.575175,,,,,,7,0,"internal_id=72,ui_id=34",72,34,72,1,-1,13.440000,mono,,,,,,,,,,,,,
1780468540.201579,,,MATCH_ACCEPT,69,0,337.664180,50.272917,337.572567,,50.189409,0.123962,6.616151,2.899167,5.180244,3.224927,95,6,,,,,,,,,,,,,,,,,,,,,
1780468540.201043,,,TargetLost,72,,,,,,,,,,,,,,not_in_valid_tracks,,,,,,,,,,,,,,,,,,,,
1780468540.201043,,,TargetSwitch,69,,,,,,,,,,,,,,master_lost,,,,,,,,,,,,,,,,,,,,
1780468540.201043,,,UI_STATUS_SEND,69,,,,337.640065,157.640065,50.262439,,,,,,96,0,"internal_id=69,ui_id=31",69,31,69,1,-1,173.260000,mono,,,,,,,,,,,,,
1780468540.418426,,,MATCH_ACCEPT,69,0,337.682409,50.291250,337.647945,,50.273307,0.038856,4.594275,1.551250,1.792408,0.613969,96,1,,,,,,,,,,,,,,,,,,,,,
1780468540.418426,,,UI_STATUS_SEND,69,,,,337.664901,157.664901,50.283539,,,,,,97,0,"internal_id=69,ui_id=31",69,31,69,1,-1,173.260000,mono,,,,,,,,,,,,,
1780468540.808559,,,MATCH_ACCEPT,69,0,337.573034,50.176667,337.676367,,50.297998,0.159370,4.263690,1.330860,1.296781,0.474407,97,1,,,,,,,,,,,,,,,,,,,,,
1780468540.808559,,,UI_STATUS_SEND,69,,,,337.633794,157.633794,50.236574,,,,,,98,0,"internal_id=69,ui_id=31",69,31,69,1,-1,173.260000,mono,,,,,,,,,,,,,
1780468541.522386,,,MATCH_ACCEPT,69,0,337.563920,50.172083,337.646003,,50.237139,0.104737,4.974710,1.804874,2.130919,1.126649,98,3,,,,,,,,,,,,,,,,,,,,,
1780468541.522386,,,UI_STATUS_SEND,69,,,,337.602074,157.602074,50.191023,,,,,,99,0,"internal_id=69,ui_id=31",69,31,69,1,-1,173.260000,mono,,,,,,,,,,,,,
1780468542.466430,,,MATCH_ACCEPT,69,0,337.573034,50.181250,337.592733,,50.157510,0.030848,5.716499,2.299399,3.438506,1.848730,99,4,,,,,,,,,,,,,,,,,,,,,
1780468542.466430,,,UI_STATUS_SEND,69,,,,337.579927,157.579927,50.176498,,,,,,100,0,"internal_id=69,ui_id=31",69,31,69,1,-1,173.260000,mono,,,,,,,,,,,,,
1780468542.760423,,,MATCH_ACCEPT,69,0,337.573034,50.181250,337.575280,,50.170231,0.011246,4.548037,1.520425,1.696284,0.615407,100,1,,,,,,,,,,,,,,,,,,,,,
1780468542.759912,,,UI_STATUS_SEND,69,,,,337.574206,157.574206,50.176521,,,,,,101,0,"internal_id=69,ui_id=31",69,31,69,1,-1,173.260000,mono,,,,,,,,,,,,,
1780468543.161214,,,MATCH_ACCEPT,69,0,337.573034,50.181250,337.569393,,50.171552,0.010359,4.259172,1.327848,1.283869,0.479312,101,1,,,,,,,,,,,,,,,,,,,,,
1780468543.161214,,,UI_STATUS_SEND,69,,,,337.570885,157.570885,50.176486,,,,,,102,0,"internal_id=69,ui_id=31",69,31,69,1,-1,173.260000,mono,,,,,,,,,,,,,
1780468543.709067,,,MATCH_ACCEPT,69,0,337.582149,50.181250,337.562639,,50.169572,0.022738,4.535442,1.512028,1.560427,0.725801,102,2,,,,,,,,,,,,,,,,,,,,,
1780468543.709067,,,TargetKeep,69,,,,,,,,,,,,,,lock_timer_expired,,,,,,,,,,,,,,,,,,,,
1780468543.709067,,,UI_STATUS_SEND,69,,,,337.571563,157.571563,50.176704,,,,,,103,0,"internal_id=69,ui_id=31",69,31,69,1,-1,173.260000,mono,,,,,,,,,,,,,
1780468544.256214,,,MATCH_ACCEPT,69,0,337.582149,50.176667,337.566100,,50.172759,0.016518,4.664727,1.598218,1.737637,0.816664,103,2,,,,,,,,,,,,,,,,,,,,,
1780468544.256214,,,UI_STATUS_SEND,69,,,,337.573871,157.573871,50.175253,,,,,,104,0,"internal_id=69,ui_id=31",69,31,69,1,-1,173.260000,mono,,,,,,,,,,,,,
1780468544.885453,,,MATCH_ACCEPT,69,0,337.568477,50.181250,337.569604,,50.171145,0.010168,5.086520,1.879413,2.353198,1.178996,104,3,,,,,,,,,,,,,,,,,,,,,
1780468544.885453,,,UI_STATUS_SEND,69,,,,337.568973,157.568973,50.178402,,,,,,105,0,"internal_id=69,ui_id=31",69,31,69,1,-1,173.260000,mono,,,,,,,,,,,,,
1780468545.314903,,,MATCH_ACCEPT,69,1,337.582149,50.181250,337.565886,,50.178138,0.016558,4.780670,1.675513,1.958152,0.849193,105,2,,,,,,,,,,,,,,,,,,,,,
1780468545.315432,,,MATCH_ACCEPT,72,0,1.592370,21.516250,3.514395,,11.157168,10.535879,26.274586,14.849724,125.534689,94.979611,0,25,,,,,,,,,,,,,,,,,,,,,
1780468545.314903,,,UI_STATUS_SEND,69,,,,337.574247,157.574247,50.180152,,,,,,106,0,"internal_id=69,ui_id=31",69,31,69,1,-1,173.260000,mono,,,,,,,,,,,,,
1780468545.627714,,,MATCH_ACCEPT,69,0,337.582149,50.181250,337.573801,,50.180426,0.008388,4.348030,1.387087,1.388177,0.535832,106,1,,,,,,,,,,,,,,,,,,,,,
1780468545.627714,,,MATCH_ACCEPT,72,1,1.555912,21.546042,1.628006,,21.885942,0.347462,6.798452,2.931835,6.729159,1.866497,1,1,,,,,,,,,,,,,,,,,,,,,
1780468545.627714,,,UI_STATUS_SEND,69,,,,337.577379,157.577379,50.180868,,,,,,107,0,"internal_id=69,ui_id=31",69,31,69,1,-1,173.260000,mono,,,,,,,,,,,,,
1780468546.016479,,,MATCH_ACCEPT,69,0,337.573034,50.181250,337.577534,,50.181244,0.004499,4.195697,1.285531,1.184031,0.468560,107,1,,,,,,,,,,,,,,,,,,,,,
1780468546.016479,,,UI_STATUS_SEND,69,,,,337.575778,157.575778,50.181247,,,,,,108,0,"internal_id=69,ui_id=31",69,31,69,1,-1,173.260000,mono,,,,,,,,,,,,,
1780468546.615906,,,MATCH_ACCEPT,69,0,337.577592,50.185833,337.575501,,50.181928,0.004430,4.524238,1.504559,1.533095,0.730601,108,2,,,,,,,,,,,,,,,,,,,,,
1780468546.615906,,,UI_STATUS_SEND,69,,,,337.576448,157.576448,50.184319,,,,,,109,0,"internal_id=69,ui_id=31",69,31,69,1,-1,173.260000,mono,,,,,,,,,,,,,
1780468547.615128,,,MATCH_ACCEPT,69,0,337.573034,50.181250,337.576498,,50.187511,0.007155,5.566903,2.199669,3.099588,1.738954,109,4,,,,,,,,,,,,,,,,,,,,,
1780468547.615128,,,TargetKeep,69,,,,,,,,,,,,,,lock_timer_expired,,,,,,,,,,,,,,,,,,,,
1780468547.615128,,,UI_STATUS_SEND,69,,,,337.574329,157.574329,50.182566,,,,,,110,0,"internal_id=69,ui_id=31",69,31,69,1,-1,173.260000,mono,,,,,,,,,,,,,
1780468548.120093,,,MATCH_ACCEPT,69,0,337.577592,50.181250,337.573750,,50.182563,0.004060,4.906364,1.759310,2.179846,0.915324,110,2,,,,,,,,,,,,,,,,,,,,,
1780468548.120093,,,UI_STATUS_SEND,69,,,,337.575828,157.575828,50.181691,,,,,,111,0,"internal_id=69,ui_id=31",69,31,69,1,-1,173.260000,mono,,,,,,,,,,,,,
1780468548.368927,,,MATCH_REJECT,72,0,2.318087,11.693125,1.038609,,26.231866,14.594932,10.535705,5.512204,16.935145,13.449243,0,10,,,,,,,,,,,,,,,,,,,,,
1780468548.369449,,,NEW_TRACK,78,0,2.318087,11.693125,,,,,,,1.000000,1.000000,1,0,,,,,,,,,,,,,,,,,,,,,
1780468548.368927,,,TargetLost,69,,,,,,,,,,,,,,not_in_valid_tracks,,,,,,,,,,,,,,,,,,,,
1780468548.595429,,,MATCH_ACCEPT,69,1,337.577592,50.181250,337.575828,,50.181352,0.001767,4.794975,1.685050,1.976151,0.863241,110,2,,,,,,,,,,,,,,,,,,,,,
1780468548.595958,,,MATCH_ACCEPT,78,0,2.304416,11.697708,2.318087,,11.693125,0.014420,6.652105,1.768070,1.563036,1.563036,1,1,,,,,,,,,,,,,,,,,,,,,
1780468548.595429,,,UI_STATUS_SEND,69,,,,337.576739,157.576739,50.181285,,,,,,111,0,"internal_id=69,ui_id=31",69,31,69,1,-1,173.260000,mono,,,,,,,,,,,,,
1780468549.053473,,,MATCH_ACCEPT,69,1,337.573034,50.176667,337.576999,,50.180936,0.005827,4.733649,1.644166,1.868192,0.835089,111,2,,,,,,,,,,,,,,,,,,,,,
1780468549.053473,,,MATCH_ACCEPT,78,0,2.290744,11.665625,2.313554,,11.696925,0.038729,8.413618,2.942412,4.973223,3.684567,2,2,,,,,,,,,,,,,,,,,,,,,
1780468549.053473,,,UI_STATUS_SEND,69,,,,337.575008,157.575008,50.178189,,,,,,112,0,"internal_id=69,ui_id=31",69,31,69,1,-1,173.260000,mono,,,,,,,,,,,,,
1780468549.327316,,,MATCH_ACCEPT,69,0,337.573034,50.176667,337.574829,,50.177402,0.001940,4.330272,1.375248,1.357575,0.533733,112,1,,,,,,,,,,,,,,,,,,,,,
1780468549.327316,,,MATCH_ACCEPT,78,1,2.272515,11.663333,2.299309,,11.668220,0.027236,7.998988,2.665992,4.951782,2.155730,3,1,,,,,,,,,,,,,,,,,,,,,
1780468549.326810,,,UI_STATUS_SEND,69,,,,337.574070,157.574070,50.177008,,,,,,113,0,"internal_id=69,ui_id=31",69,31,69,1,-1,173.260000,mono,,,,,,,,,,,,,
1780468549.686146,,,MATCH_ACCEPT,69,1,337.573034,50.181250,337.573764,,50.176132,0.005170,4.185112,1.278475,1.168842,0.465656,113,1,,,,,,,,,,,,,,,,,,,,,
1780468549.686146,,,MATCH_ACCEPT,78,0,2.247449,11.704583,2.280289,,11.657832,0.057132,7.720608,2.480405,4.506469,1.645941,4,1,,,,,,,,,,,,,,,,,,,,,
1780468549.686146,,,UI_STATUS_SEND,69,,,,337.573482,157.573482,50.178699,,,,,,114,0,"internal_id=69,ui_id=31",69,31,69,1,-1,173.260000,mono,,,,,,,,,,,,,
1780468549.915972,,,MATCH_ACCEPT,78,0,2.231499,11.711458,2.257170,,11.680560,0.040171,7.426549,2.284366,3.888654,1.329674,5,1,,,,,,,,,,,,,,,,,,,,,
1780468549.915972,,,TargetLost,69,,,,,,,,,,,,,,not_in_valid_tracks,,,,,,,,,,,,,,,,,,,,
1780468549.915972,,,TargetSwitch,78,,,,,,,,,,,,,,master_lost,,,,,,,,,,,,,,,,,,,,
1780468549.915972,,,UI_STATUS_SEND,78,,,,2.247324,182.247324,11.694765,,,,,,6,0,"internal_id=78,ui_id=35",78,35,78,1,-1,38.980000,mono,,,,,,,,,,,,,
1780468550.273401,,,MATCH_ACCEPT,69,1,337.591264,50.208750,337.572800,,50.178195,0.035700,4.557983,1.527056,1.575292,0.756607,113,2,,,,,,,,,,,,,,,,,,,,,
1780468550.273906,,,MATCH_ACCEPT,78,0,2.197319,11.713750,2.235229,,11.696746,0.041549,7.263666,2.175777,3.532918,1.201089,6,1,,,,,,,,,,,,,,,,,,,,,
1780468550.273401,,,UI_STATUS_SEND,78,,,,2.221539,182.221539,11.704136,,,,,,7,0,"internal_id=78,ui_id=35",78,35,78,1,-1,38.980000,mono,,,,,,,,,,,,,
1780468550.500758,,,MATCH_ACCEPT,69,1,337.595821,50.213333,337.582319,,50.200829,0.018403,4.243187,1.317191,1.234020,0.500972,114,1,,,,,,,,,,,,,,,,,,,,,
1780468550.500758,,,MATCH_ACCEPT,78,0,2.176811,11.720625,2.208354,,11.707411,0.034198,7.074628,2.049752,3.133877,1.067608,7,1,,,,,,,,,,,,,,,,,,,,,
1780468550.500758,,,UI_STATUS_SEND,78,,,,2.197820,182.197820,11.712775,,,,,,8,0,"internal_id=78,ui_id=35",78,35,78,1,-1,38.980000,mono,,,,,,,,,,,,,
1780468550.743263,,,MATCH_ACCEPT,78,0,2.195041,11.674792,2.182084,,11.717357,0.044493,6.969160,1.979440,2.905854,1.012329,8,1,,,,,,,,,,,,,,,,,,,,,
1780468550.743263,,,UI_STATUS_SEND,78,,,,2.186196,182.186196,11.700622,,,,,,9,0,"internal_id=78,ui_id=35",78,35,78,1,-1,38.980000,mono,,,,,,,,,,,,,
1780468550.951398,,,MATCH_ACCEPT,69,0,337.566198,50.178958,337.591474,,50.217301,0.045924,4.529860,1.508307,1.552459,0.722531,114,2,,,,,,,,,,,,,,,,,,,,,
1780468550.951398,,,MATCH_ACCEPT,78,1,2.185926,11.667917,2.173222,,11.701725,0.036116,6.821734,1.881156,2.617277,0.921472,9,1,,,,,,,,,,,,,,,,,,,,,
1780468550.951398,,,UI_STATUS_SEND,78,,,,2.176972,182.176972,11.689183,,,,,,10,0,"internal_id=78,ui_id=35",78,35,78,1,-1,38.980000,mono,,,,,,,,,,,,,
1780468551.218830,,,MATCH_ACCEPT,78,0,2.149468,11.683958,2.161951,,11.688002,0.013122,6.797668,1.865112,2.547222,0.931421,10,1,,,,,,,,,,,,,,,,,,,,,
1780468551.218830,,,UI_STATUS_SEND,78,,,,2.158337,182.158337,11.686492,,,,,,11,0,"internal_id=78,ui_id=35",78,35,78,1,-1,38.980000,mono,,,,,,,,,,,,,
1780468551.484397,,,MATCH_ACCEPT,69,0,337.652787,50.279792,337.580093,,50.194491,0.112074,4.741493,1.649395,1.846928,0.873576,114,2,,,,,,,,,,,,,,,,,,,,,
1780468551.484397,,,MATCH_ACCEPT,78,1,2.128960,11.683958,2.142784,,11.685009,0.013864,6.775045,1.850030,2.487243,0.935368,11,1,,,,,,,,,,,,,,,,,,,,,
1780468551.484397,,,UI_STATUS_SEND,78,,,,2.138848,182.138848,11.684615,,,,,,12,0,"internal_id=78,ui_id=35",78,35,78,1,-1,38.980000,mono,,,,,,,,,,,,,
1780468551.901703,,,MATCH_ACCEPT,78,0,2.181369,11.709167,2.111934,,11.682010,0.074557,7.101978,2.067985,3.007012,1.269552,12,2,,,,,,,,,,,,,,,,,,,,,
1780468551.901703,,,TargetKeep,78,,,,,,,,,,,,,,lock_timer_expired,,,,,,,,,,,,,,,,,,,,
1780468551.901703,,,UI_STATUS_SEND,78,,,,2.134489,182.134489,11.694184,,,,,,13,0,"internal_id=78,ui_id=35",78,35,78,1,-1,38.980000,mono,,,,,,,,,,,,,
1780468552.425743,,,MATCH_ACCEPT,78,0,2.236056,11.663333,2.111132,,11.695510,0.129001,7.358700,2.239134,3.489396,1.524323,13,2,,,,,,,,,,,,,,,,,,,,,
1780468552.425743,,,UI_STATUS_SEND,78,,,,2.155890,182.155890,11.679620,,,,,,14,0,"internal_id=78,ui_id=35",78,35,78,1,-1,38.980000,mono,,,,,,,,,,,,,
1780468552.935406,,,MATCH_ACCEPT,78,0,2.272515,11.656458,2.143446,,11.675763,0.130504,7.487752,2.325168,3.779791,1.626615,14,2,,,,,,,,,,,,,,,,,,,,,
1780468552.935406,,,UI_STATUS_SEND,78,,,,2.192086,182.192086,11.665917,,,,,,15,0,"internal_id=78,ui_id=35",78,35,78,1,-1,38.980000,mono,,,,,,,,,,,,,
1780468553.205569,,,MATCH_ACCEPT,78,0,2.290744,11.649583,2.191610,,11.662070,0.099917,7.118508,2.079005,3.124921,1.197343,15,1,,,,,,,,,,,,,,,,,,,,,
1780468553.205569,,,UI_STATUS_SEND,78,,,,2.224654,182.224654,11.656653,,,,,,16,0,"internal_id=78,ui_id=35",78,35,78,1,-1,38.980000,mono,,,,,,,,,,,,,
1780468553.471572,,,MATCH_ACCEPT,69,0,337.582149,50.181250,337.661402,,50.340009,0.177442,8.119529,3.901420,9.098747,6.122328,111,8,,,,,,,,,,,,,,,,,,,,,
1780468553.471572,,,MATCH_ACCEPT,78,1,2.286186,11.667917,2.228511,,11.651849,0.059872,6.928096,1.952064,2.774294,1.036261,16,1,,,,,,,,,,,,,,,,,,,,,
1780468553.471572,,,UI_STATUS_SEND,78,,,,2.246242,182.246242,11.658256,,,,,,17,0,"internal_id=78,ui_id=35",78,35,78,1,-1,38.980000,mono,,,,,,,,,,,,,
1780468553.714843,,,MATCH_ACCEPT,78,0,2.299858,11.667917,2.252282,,11.654717,0.049373,6.811155,1.874103,2.554370,0.957892,17,1,,,,,,,,,,,,,,,,,,,,,
1780468553.714843,,,UI_STATUS_SEND,78,,,,2.266085,182.266085,11.659733,,,,,,18,0,"internal_id=78,ui_id=35",78,35,78,1,-1,38.980000,mono,,,,,,,,,,,,,
1780468554.104369,,,MATCH_ACCEPT,69,1,337.573034,50.181250,337.593010,,50.178761,0.020130,5.124958,1.905039,2.639208,0.989965,111,2,,,,,,,,,,,,,,,,,,,,,
1780468554.104369,,,MATCH_ACCEPT,78,0,2.322645,11.640417,2.274154,,11.657035,0.051260,6.756466,1.837644,2.443333,0.933604,18,1,,,,,,,,,,,,,,,,,,,,,
1780468554.104369,,,UI_STATUS_SEND,78,,,,2.287783,182.287783,11.650819,,,,,,19,0,"internal_id=78,ui_id=35",78,35,78,1,-1,38.980000,mono,,,,,,,,,,,,,
1780468554.342193,,,MATCH_ACCEPT,78,0,2.336317,11.633542,2.297239,,11.647121,0.041370,6.706510,1.804340,2.347728,0.907916,19,1,,,,,,,,,,,,,,,,,,,,,
1780468554.342193,,,TargetKeep,78,,,,,,,,,,,,,,lock_timer_expired,,,,,,,,,,,,,,,,,,,,
1780468554.342193,,,UI_STATUS_SEND,78,,,,2.307909,182.307909,11.642131,,,,,,20,0,"internal_id=78,ui_id=35",78,35,78,1,-1,38.980000,mono,,,,,,,,,,,,,
1780468554.668660,,,MATCH_ACCEPT,69,1,337.568477,50.181250,337.575815,,50.167575,0.015519,4.831415,1.709343,2.038076,0.883778,111,2,,,,,,,,,,,,,,,,,,,,,
1780468554.668660,,,MATCH_ACCEPT,78,0,2.375054,11.624375,2.319339,,11.637277,0.057190,6.698850,1.799234,2.323567,0.913675,20,1,,,,,,,,,,,,,,,,,,,,,
1780468554.668660,,,UI_STATUS_SEND,78,,,,2.334438,182.334438,11.632517,,,,,,21,0,"internal_id=78,ui_id=35",78,35,78,1,-1,38.980000,mono,,,,,,,,,,,,,
1780468554.887832,,,MATCH_ACCEPT,69,0,337.568477,50.181250,337.569020,,50.172436,0.008831,4.304347,1.357965,1.332025,0.512044,112,1,,,,,,,,,,,,,,,,,,,,,
1780468554.887832,,,MATCH_ACCEPT,78,1,2.395561,11.617500,2.346331,,11.627447,0.050225,6.644830,1.763220,2.233762,0.875184,21,1,,,,,,,,,,,,,,,,,,,,,
1780468554.887832,,,UI_STATUS_SEND,78,,,,2.359293,182.359293,11.623876,,,,,,22,0,"internal_id=78,ui_id=35",78,35,78,1,-1,38.980000,mono,,,,,,,,,,,,,
1780468555.179795,,,MATCH_ACCEPT,69,1,337.573034,50.181250,337.565392,,50.173422,0.010940,4.169901,1.268334,1.147976,0.460696,113,1,,,,,,,,,,,,,,,,,,,,,
1780468555.180300,,,MATCH_ACCEPT,78,0,2.395561,11.663333,2.374711,,11.617396,0.050448,6.664162,1.776108,2.256913,0.897646,22,1,,,,,,,,,,,,,,,,,,,,,
1780468555.179795,,,UI_STATUS_SEND,78,,,,2.380243,182.380243,11.634157,,,,,,23,0,"internal_id=78,ui_id=35",78,35,78,1,-1,38.980000,mono,,,,,,,,,,,,,
1780468555.400018,,,MATCH_ACCEPT,69,1,337.573034,50.181250,337.565771,,50.174957,0.009610,4.078953,1.207702,1.034715,0.423828,114,1,,,,,,,,,,,,,,,,,,,,,
1780468555.400018,,,MATCH_ACCEPT,78,0,2.409233,11.670208,2.394528,,11.631360,0.041538,6.628759,1.752506,2.201047,0.870230,23,1,,,,,,,,,,,,,,,,,,,,,
1780468555.400018,,,UI_STATUS_SEND,78,,,,2.398358,182.398358,11.645257,,,,,,24,0,"internal_id=78,ui_id=35",78,35,78,1,-1,38.980000,mono,,,,,,,,,,,,,
1780468555.658324,,,MATCH_ACCEPT,78,0,2.432020,11.654167,2.415132,,11.644820,0.019302,6.657659,1.771773,2.242425,0.896754,24,1,,,,,,,,,,,,,,,,,,,,,
1780468555.658324,,,UI_STATUS_SEND,78,,,,2.419591,182.419591,11.648228,,,,,,25,0,"internal_id=78,ui_id=35",78,35,78,1,-1,38.980000,mono,,,,,,,,,,,,,
1780468555.863965,,,MATCH_ACCEPT,69,0,337.568477,50.181250,337.563979,,50.174433,0.008167,4.484915,1.478343,1.468066,0.717433,114,2,,,,,,,,,,,,,,,,,,,,,
1780468555.864470,,,MATCH_ACCEPT,78,1,2.450249,11.654167,2.433925,,11.648425,0.017304,6.602478,1.734985,2.159277,0.850897,25,1,,,,,,,,,,,,,,,,,,,,,
1780468555.863965,,,UI_STATUS_SEND,78,,,,2.438117,182.438117,11.650449,,,,,,26,0,"internal_id=78,ui_id=35",78,35,78,1,-1,38.980000,mono,,,,,,,,,,,,,
1780468556.458388,,,MATCH_ACCEPT,69,0,337.573034,50.185833,337.562280,,50.176830,0.014026,4.661342,1.595961,1.730176,0.816917,115,2,,,,,,,,,,,,,,,,,,,,,
1780468556.458388,,,MATCH_ACCEPT,78,1,2.361382,11.670208,2.470640,,11.651601,0.110831,7.052380,2.034920,2.864209,1.276689,26,2,,,,,,,,,,,,,,,,,,,,,
1780468556.458388,,,TargetKeep,78,,,,,,,,,,,,,,lock_timer_expired,,,,,,,,,,,,,,,,,,,,
1780468556.458388,,,UI_STATUS_SEND,78,,,,2.436305,182.436305,11.659968,,,,,,27,0,"internal_id=78,ui_id=35",78,35,78,1,-1,38.980000,mono,,,,,,,,,,,,,
1780468556.984896,,,MATCH_ACCEPT,69,0,337.577592,50.185833,337.565437,,50.183132,0.012452,4.712738,1.630226,1.828911,0.828724,116,2,,,,,,,,,,,,,,,,,,,,,
1780468556.984896,,,MATCH_ACCEPT,78,1,2.331759,11.711458,2.459920,,11.664005,0.136663,7.338502,2.225668,3.419556,1.534041,27,2,,,,,,,,,,,,,,,,,,,,,
1780468556.984896,,,UI_STATUS_SEND,78,,,,2.414597,182.414597,11.687514,,,,,,28,0,"internal_id=78,ui_id=35",78,35,78,1,-1,38.980000,mono,,,,,,,,,,,,,
1780468557.281775,,,MATCH_ACCEPT,78,0,2.322645,11.720625,2.421411,,11.693990,0.102295,7.054779,2.036519,2.971851,1.175559,28,1,,,,,,,,,,,,,,,,,,,,,
1780468557.281775,,,UI_STATUS_SEND,78,,,,2.389582,182.389582,11.705426,,,,,,29,0,"internal_id=78,ui_id=35",78,35,78,1,-1,38.980000,mono,,,,,,,,,,,,,
1780468557.565885,,,MATCH_ACCEPT,69,0,337.573034,50.181250,337.571269,,50.186233,0.005287,4.802380,1.689987,1.963007,0.893049,116,2,,,,,,,,,,,,,,,,,,,,,
1780468557.566388,,,MATCH_ACCEPT,78,1,2.295301,11.670208,2.392050,,11.713963,0.106184,6.900816,1.933877,2.708809,1.031072,29,1,,,,,,,,,,,,,,,,,,,,,
1780468557.565885,,,UI_STATUS_SEND,78,,,,2.362797,182.362797,11.696569,,,,,,30,0,"internal_id=78,ui_id=35",78,35,78,1,-1,38.980000,mono,,,,,,,,,,,,,
1780468558.095356,,,MATCH_ACCEPT,69,0,337.573034,50.181250,337.572257,,50.182926,0.001847,4.732973,1.643715,1.871705,0.830095,117,2,,,,,,,,,,,,,,,,,,,,,
1780468558.095356,,,MATCH_ACCEPT,78,1,2.306694,11.640417,2.360045,,11.706220,0.084714,7.216436,2.144291,3.233531,1.364453,30,2,,,,,,,,,,,,,,,,,,,,,
1780468558.095356,,,UI_STATUS_SEND,78,,,,2.341854,182.341854,11.675545,,,,,,31,0,"internal_id=78,ui_id=35",78,35,78,1,-1,38.980000,mono,,,,,,,,,,,,,
1780468558.340513,,,MATCH_ACCEPT,69,1,337.573034,50.181250,337.572753,,50.181612,0.000458,4.319923,1.368349,1.347898,0.524480,118,1,,,,,,,,,,,,,,,,,,,,,
1780468558.341035,,,MATCH_ACCEPT,78,0,2.304416,11.628958,2.337953,,11.675324,0.057224,6.978998,1.985999,2.838085,1.106106,31,1,,,,,,,,,,,,,,,,,,,,,
1780468558.340513,,,UI_STATUS_SEND,78,,,,2.327479,182.327479,11.656106,,,,,,32,0,"internal_id=78,ui_id=35",78,35,78,1,-1,38.980000,mono,,,,,,,,,,,,,
1780468558.629194,,,MATCH_ACCEPT,69,0,337.577592,50.185833,337.572999,,50.181134,0.006571,4.177219,1.273213,1.160595,0.460475,119,1,,,,,,,,,,,,,,,,,,,,,
1780468558.629194,,,MATCH_ACCEPT,78,1,2.313530,11.658750,2.322089,,11.652372,0.010674,6.855346,1.903564,2.621084,1.002471,32,1,,,,,,,,,,,,,,,,,,,,,
1780468558.629194,,,UI_STATUS_SEND,78,,,,2.319560,182.319560,11.654865,,,,,,33,0,"internal_id=78,ui_id=35",78,35,78,1,-1,38.980000,mono,,,,,,,,,,,,,
1780468558.899683,,,MATCH_ACCEPT,78,0,2.313530,11.658750,2.313827,,11.651595,0.007161,6.784221,1.856147,2.490034,0.955249,33,1,,,,,,,,,,,,,,,,,,,,,
1780468558.900206,,,TRACK_DELETE,72,,,,358.823082,,45.355855,,,,725.699706,686.044227,0,50,,,,,,,,,,,,,,,,,,,,,
1780468558.899683,,,TargetKeep,78,,,,,,,,,,,,,,lock_timer_expired,,,,,,,,,,,,,,,,,,,,
1780468558.899683,,,UI_STATUS_SEND,78,,,,2.313742,182.313742,11.654310,,,,,,34,0,"internal_id=78,ui_id=35",78,35,78,1,-1,38.980000,mono,,,,,,,,,,,,,
1780468559.140010,,,MATCH_ACCEPT,69,0,337.573034,50.176667,337.575620,,50.184011,0.007786,4.564743,1.531562,1.581411,0.764270,119,2,,,,,,,,,,,,,,,,,,,,,
1780468559.140010,,,MATCH_ACCEPT,78,1,2.340874,11.603750,2.308219,,11.651661,0.057981,6.727099,1.818066,2.384989,0.920375,34,1,,,,,,,,,,,,,,,,,,,,,
1780468559.140010,,,UI_STATUS_SEND,78,,,,2.317238,182.317238,11.633901,,,,,,35,0,"internal_id=78,ui_id=35",78,35,78,1,-1,38.980000,mono,,,,,,,,,,,,,
1780468559.366688,,,MATCH_ACCEPT,78,0,2.345431,11.594583,2.313167,,11.628315,0.046678,6.671266,1.780844,2.285989,0.885417,35,1,,,,,,,,,,,,,,,,,,,,,
1780468559.366688,,,UI_STATUS_SEND,78,,,,2.321807,182.321807,11.616114,,,,,,36,0,"internal_id=78,ui_id=35",78,35,78,1,-1,38.980000,mono,,,,,,,,,,,,,
1780468559.590140,,,MATCH_ACCEPT,69,0,337.577592,50.181250,337.574838,,50.178068,0.004208,4.659496,1.594731,1.734126,0.809040,119,2,,,,,,,,,,,,,,,,,,,,,
1780468559.590140,,,TargetLost,78,,,,,,,,,,,,,,not_in_valid_tracks,,,,,,,,,,,,,,,,,,,,
1780468559.590140,,,TargetSwitch,69,,,,,,,,,,,,,,master_lost,,,,,,,,,,,,,,,,,,,,
1780468559.590140,,,UI_STATUS_SEND,69,,,,337.576170,157.576170,50.180092,,,,,,120,0,"internal_id=69,ui_id=31",69,31,69,1,-1,173.260000,mono,,,,,,,,,,,,,
1780468559.825849,,,MATCH_ACCEPT,78,0,2.356824,11.617500,2.315795,,11.600458,0.044428,7.096563,2.064375,2.956513,1.305132,35,2,,,,,,,,,,,,,,,,,,,,,
1780468559.825849,,,TargetLost,69,,,,,,,,,,,,,,not_in_valid_tracks,,,,,,,,,,,,,,,,,,,,
1780468559.825849,,,TargetSwitch,78,,,,,,,,,,,,,,master_lost,,,,,,,,,,,,,,,,,,,,
1780468559.825849,,,UI_STATUS_SEND,78,,,,2.328971,182.328971,11.608214,,,,,,36,0,"internal_id=78,ui_id=35",78,35,78,1,-1,38.980000,mono,,,,,,,,,,,,,
1780468560.049210,,,MATCH_ACCEPT,69,1,337.568477,50.181250,337.576999,,50.179498,0.008700,4.702887,1.623658,1.811285,0.824979,119,2,,,,,,,,,,,,,,,,,,,,,
1780468560.049715,,,MATCH_ACCEPT,78,0,2.363660,11.612917,2.327695,,11.601898,0.037616,6.882544,1.921696,2.636614,1.056301,36,1,,,,,,,,,,,,,,,,,,,,,
1780468560.049210,,,UI_STATUS_SEND,78,,,,2.338366,182.338366,11.606342,,,,,,37,0,"internal_id=78,ui_id=35",78,35,78,1,-1,38.980000,mono,,,,,,,,,,,,,
1780468560.294967,,,MATCH_ACCEPT,69,0,337.568477,50.181250,337.572543,,50.180539,0.004127,4.314098,1.364465,1.335948,0.525817,120,1,,,,,,,,,,,,,,,,,,,,,
1780468560.294967,,,MATCH_ACCEPT,78,1,2.488986,11.596875,2.338424,,11.600207,0.150599,6.798960,1.865973,2.503804,0.978051,37,1,,,,,,,,,,,,,,,,,,,,,
1780468560.294967,,,UI_STATUS_SEND,78,,,,2.381488,182.381488,11.598924,,,,,,38,0,"internal_id=78,ui_id=35",78,35,78,1,-1,38.980000,mono,,,,,,,,,,,,,
1780468560.989128,,,MATCH_ACCEPT,78,0,2.409233,11.576250,2.397455,,11.581953,0.013086,7.614206,2.409471,3.938427,1.867122,38,3,,,,,,,,,,,,,,,,,,,,,
1780468560.989128,,,UI_STATUS_SEND,78,,,,2.402008,182.402008,11.578848,,,,,,39,0,"internal_id=78,ui_id=35",78,35,78,1,-1,38.980000,mono,,,,,,,,,,,,,
1780468561.659138,,,MATCH_ACCEPT,78,0,2.445692,11.580833,2.419516,,11.560514,0.033136,8.065674,2.710450,5.009848,2.336689,39,3,,,,,,,,,,,,,,,,,,,,,
1780468561.659138,,,UI_STATUS_SEND,78,,,,2.431162,182.431162,11.572691,,,,,,40,0,"internal_id=78,ui_id=35",78,35,78,1,-1,38.980000,mono,,,,,,,,,,,,,
1780468561.882060,,,MATCH_ACCEPT,78,0,2.450249,11.580833,2.438447,,11.568180,0.017303,7.303988,2.202659,3.535536,1.316169,40,1,,,,,,,,,,,,,,,,,,,,,
1780468561.882060,,,UI_STATUS_SEND,78,,,,2.442711,182.442711,11.573965,,,,,,41,0,"internal_id=78,ui_id=35",78,35,78,1,-1,38.980000,mono,,,,,,,,,,,,,
1780468562.433411,,,MATCH_ACCEPT,78,0,2.491265,11.567083,2.458420,,11.566567,0.032849,7.419034,2.279356,3.708851,1.486613,41,2,,,,,,,,,,,,,,,,,,,,,
1780468562.433411,,,UI_STATUS_SEND,78,,,,2.470652,182.470652,11.566819,,,,,,42,0,"internal_id=78,ui_id=35",78,35,78,1,-1,38.980000,mono,,,,,,,,,,,,,
1780468563.059113,,,MATCH_ACCEPT,69,1,337.573034,50.181250,337.565279,,50.180944,0.007762,10.418530,5.434086,16.764056,12.765239,117,12,,,,,,,,,,,,,,,,,,,,,
1780468563.059113,,,MATCH_ACCEPT,78,0,2.477593,11.606042,2.496325,,11.556671,0.052805,7.888585,2.592390,4.633997,2.086488,42,3,,,,,,,,,,,,,,,,,,,,,
1780468563.059113,,,TargetKeep,78,,,,,,,,,,,,,,lock_timer_expired,,,,,,,,,,,,,,,,,,,,
1780468563.059113,,,UI_STATUS_SEND,78,,,,2.488350,182.488350,11.584901,,,,,,43,0,"internal_id=78,ui_id=35",78,35,78,1,-1,38.980000,mono,,,,,,,,,,,,,
1780468563.340141,,,MATCH_ACCEPT,78,0,2.482150,11.610625,2.497610,,11.585588,0.029426,7.288175,2.192116,3.483946,1.321429,43,1,,,,,,,,,,,,,,,,,,,,,
1780468563.340141,,,UI_STATUS_SEND,78,,,,2.492076,182.492076,11.597060,,,,,,44,0,"internal_id=78,ui_id=35",78,35,78,1,-1,38.980000,mono,,,,,,,,,,,,,
1780468563.606104,,,MATCH_ACCEPT,69,0,337.577592,50.181250,337.572531,,50.181307,0.005061,5.180925,1.942350,2.753332,1.019391,117,2,,,,,,,,,,,,,,,,,,,,,
1780468563.606104,,,TargetLost,78,,,,,,,,,,,,,,not_in_valid_tracks,,,,,,,,,,,,,,,,,,,,
1780468563.606104,,,TargetSwitch,69,,,,,,,,,,,,,,master_lost,,,,,,,,,,,,,,,,,,,,
1780468563.606104,,,UI_STATUS_SEND,69,,,,337.575557,157.575557,50.181268,,,,,,118,0,"internal_id=69,ui_id=31",69,31,69,1,-1,173.260000,mono,,,,,,,,,,,,,
1780468563.875561,,,MATCH_ACCEPT,78,0,2.413791,11.599167,2.509199,,11.602391,0.095463,7.514788,2.343192,3.878672,1.611875,43,2,,,,,,,,,,,,,,,,,,,,,
1780468563.875561,,,TargetLost,69,,,,,,,,,,,,,,not_in_valid_tracks,,,,,,,,,,,,,,,,,,,,
1780468563.875561,,,TargetSwitch,78,,,,,,,,,,,,,,master_lost,,,,,,,,,,,,,,,,,,,,
1780468563.875561,,,UI_STATUS_SEND,78,,,,2.472663,182.472663,11.600754,,,,,,44,0,"internal_id=78,ui_id=35",78,35,78,1,-1,38.980000,mono,,,,,,,,,,,,,
1780468564.470297,,,MATCH_ACCEPT,69,0,337.573034,50.181250,337.576986,,50.181341,0.003952,5.320600,2.035467,2.745700,1.397425,117,3,,,,,,,,,,,,,,,,,,,,,
1780468564.470297,,,MATCH_ACCEPT,78,1,2.359103,11.608333,2.479736,,11.605068,0.120677,7.545689,2.363793,3.942495,1.645021,44,2,,,,,,,,,,,,,,,,,,,,,
1780468564.470297,,,UI_STATUS_SEND,78,,,,2.433075,182.433075,11.606743,,,,,,45,0,"internal_id=78,ui_id=35",78,35,78,1,-1,38.980000,mono,,,,,,,,,,,,,
1780468564.708044,,,MATCH_ACCEPT,69,0,337.573034,50.181250,337.574774,,50.181284,0.001740,4.458385,1.460657,1.545746,0.587772,118,1,,,,,,,,,,,,,,,,,,,,,
1780468564.708044,,,MATCH_ACCEPT,78,1,2.336317,11.610625,2.431159,,11.609280,0.094851,7.117915,2.078610,3.142091,1.178528,45,1,,,,,,,,,,,,,,,,,,,,,
1780468564.708044,,,UI_STATUS_SEND,78,,,,2.399430,182.399430,11.609858,,,,,,46,0,"internal_id=78,ui_id=35",78,35,78,1,-1,38.980000,mono,,,,,,,,,,,,,
1780468565.141395,,,MATCH_ACCEPT,69,1,337.577592,50.181250,337.574036,,50.181279,0.003556,4.589911,1.548341,1.657687,0.739671,119,2,,,,,,,,,,,,,,,,,,,,,
1780468565.141900,,,MATCH_ACCEPT,78,0,2.306694,11.599167,2.388887,,11.614658,0.083640,7.293202,2.195468,3.420053,1.400026,46,2,,,,,,,,,,,,,,,,,,,,,
1780468565.141395,,,UI_STATUS_SEND,78,,,,2.359818,182.359818,11.607337,,,,,,47,0,"internal_id=78,ui_id=35",78,35,78,1,-1,38.980000,mono,,,,,,,,,,,,,
1780468565.380182,,,MATCH_ACCEPT,78,0,2.281629,11.599167,2.350384,,11.608733,0.069417,7.004130,2.002754,2.903598,1.107424,47,1,,,,,,,,,,,,,,,,,,,,,
1780468565.380182,,,UI_STATUS_SEND,78,,,,2.328574,182.328574,11.604765,,,,,,48,0,"internal_id=78,ui_id=35",78,35,78,1,-1,38.980000,mono,,,,,,,,,,,,,
1780468565.698766,,,MATCH_ACCEPT,69,0,337.573034,50.181250,337.576339,,50.181269,0.003305,4.760750,1.662233,1.886820,0.876198,119,2,,,,,,,,,,,,,,,,,,,,,
1780468565.698766,,,MATCH_ACCEPT,78,1,2.318087,11.578542,2.315807,,11.605503,0.027057,6.869824,1.913216,2.654990,1.005407,48,1,,,,,,,,,,,,,,,,,,,,,
1780468565.698766,,,UI_STATUS_SEND,78,,,,2.316487,182.316487,11.594947,,,,,,49,0,"internal_id=78,ui_id=35",78,35,78,1,-1,38.980000,mono,,,,,,,,,,,,,
1780468565.983663,,,MATCH_ACCEPT,78,0,2.308973,11.571667,2.303812,,11.593699,0.022629,6.795998,1.863999,2.513362,0.961129,49,1,,,,,,,,,,,,,,,,,,,,,
1780468565.983663,,,UI_STATUS_SEND,78,,,,2.305292,182.305292,11.585308,,,,,,50,0,"internal_id=78,ui_id=35",78,35,78,1,-1,38.980000,mono,,,,,,,,,,,,,
1780468566.359306,,,MATCH_REJECT,69,1,39.280945,16.598333,337.574737,,50.181259,70.252893,4.826190,1.705860,2.002851,0.907107,119,2,,,,,,,,,,,,,,,,,,,,,
1780468566.359306,,,MATCH_ACCEPT,78,0,2.256564,11.578542,2.292822,,11.582451,0.036468,6.755097,1.836731,2.431863,0.941719,50,1,,,,,,,,,,,,,,,,,,,,,
1780468566.359306,,,NEW_TRACK,79,1,39.280945,16.598333,,,,,,,1.000000,1.000000,1,0,,,,,,,,,,,,,,,,,,,,,
1780468566.359306,,,TargetKeep,78,,,,,,,,,,,,,,lock_timer_expired,,,,,,,,,,,,,,,,,,,,
1780468566.359306,,,UI_STATUS_SEND,78,,,,2.282666,182.282666,11.580981,,,,,,51,0,"internal_id=78,ui_id=35",78,35,78,1,-1,38.980000,mono,,,,,,,,,,,,,
1780468566.606032,,,MATCH_ACCEPT,78,0,2.236056,11.573958,2.268951,,11.577881,0.033128,6.726731,1.817821,2.376328,0.928144,51,1,,,,,,,,,,,,,,,,,,,,,
1780468566.606032,,,UI_STATUS_SEND,78,,,,2.259890,182.259890,11.576419,,,,,,52,0,"internal_id=78,ui_id=35",78,35,78,1,-1,38.980000,mono,,,,,,,,,,,,,
1780468567.111187,,,MATCH_ACCEPT,78,0,2.290744,11.583125,2.232398,,11.570216,0.059756,7.127023,2.084682,3.021397,1.324502,52,2,,,,,,,,,,,,,,,,,,,,,
1780468567.111187,,,UI_STATUS_SEND,78,,,,2.251412,182.251412,11.576138,,,,,,53,0,"internal_id=78,ui_id=35",78,35,78,1,-1,38.980000,mono,,,,,,,,,,,,,
1780468567.337915,,,MATCH_ACCEPT,78,0,2.290744,11.583125,2.240061,,11.574033,0.051492,6.905830,1.937220,2.685211,1.067611,53,1,,,,,,,,,,,,,,,,,,,,,
1780468567.337915,,,UI_STATUS_SEND,78,,,,2.255292,182.255292,11.577724,,,,,,54,0,"internal_id=78,ui_id=35",78,35,78,1,-1,38.980000,mono,,,,,,,,,,,,,
1780468567.635922,,,MATCH_ACCEPT,78,0,2.286186,11.525833,2.244898,,11.576086,0.065039,6.819927,1.879951,2.546344,0.987872,54,1,,,,,,,,,,,,,,,,,,,,,
1780468567.635922,,,UI_STATUS_SEND,78,,,,2.256850,182.256850,11.556621,,,,,,55,0,"internal_id=78,ui_id=35",78,35,78,1,-1,38.980000,mono,,,,,,,,,,,,,
1780468568.328571,,,MATCH_ACCEPT,78,0,2.252007,11.530417,2.234032,,11.542748,0.021798,7.623940,2.415960,3.970997,1.865866,55,3,,,,,,,,,,,,,,,,,,,,,
1780468568.328571,,,UI_STATUS_SEND,78,,,,2.241015,182.241015,11.536037,,,,,,56,0,"internal_id=78,ui_id=35",78,35,78,1,-1,38.980000,mono,,,,,,,,,,,,,
1780468568.563690,,,MATCH_ACCEPT,78,0,2.240614,11.523542,2.233690,,11.529949,0.009433,7.154920,2.103280,3.179106,1.244680,56,1,,,,,,,,,,,,,,,,,,,,,
1780468568.563690,,,UI_STATUS_SEND,78,,,,2.236025,182.236025,11.527108,,,,,,57,0,"internal_id=78,ui_id=35",78,35,78,1,-1,38.980000,mono,,,,,,,,,,,,,
1780468568.921649,,,MATCH_ACCEPT,78,0,2.222384,11.551042,2.228545,,11.520138,0.031511,6.949465,1.966310,2.811461,1.054915,57,1,,,,,,,,,,,,,,,,,,,,,
1780468568.921649,,,TargetKeep,78,,,,,,,,,,,,,,lock_timer_expired,,,,,,,,,,,,,,,,,,,,
1780468568.921649,,,UI_STATUS_SEND,78,,,,2.226634,182.226634,11.532593,,,,,,58,0,"internal_id=78,ui_id=35",78,35,78,1,-1,38.980000,mono,,,,,,,,,,,,,
1780468569.185301,,,MATCH_ACCEPT,69,1,337.582149,50.176667,337.575079,,50.181271,0.008437,12.073136,6.537158,24.541568,18.192861,111,13,,,,,,,,,,,,,,,,,,,,,
1780468569.185301,,,MATCH_ACCEPT,78,0,2.213270,11.555625,2.218899,,11.527877,0.028313,6.836494,1.890996,2.600062,0.975804,58,1,,,,,,,,,,,,,,,,,,,,,
1780468569.185301,,,UI_STATUS_SEND,78,,,,2.217245,182.217245,11.538544,,,,,,59,0,"internal_id=78,ui_id=35",78,35,78,1,-1,38.980000,mono,,,,,,,,,,,,,
1780468569.473763,,,MATCH_ACCEPT,78,0,2.236056,11.514375,2.209286,,11.535819,0.034299,6.773062,1.848708,2.475211,0.942512,59,1,,,,,,,,,,,,,,,,,,,,,
1780468569.473763,,,UI_STATUS_SEND,78,,,,2.216881,182.216881,11.527750,,,,,,60,0,"internal_id=78,ui_id=35",78,35,78,1,-1,38.980000,mono,,,,,,,,,,,,,
1780468569.733973,,,MATCH_ACCEPT,69,0,337.573034,50.190417,337.582817,,50.175956,0.017459,5.169032,1.934421,2.738691,1.003295,111,2,,,,,,,,,,,,,,,,,,,,,
1780468569.733973,,,MATCH_ACCEPT,78,1,2.231499,11.507500,2.209966,,11.523486,0.026818,6.737639,1.825093,2.401637,0.929327,60,1,,,,,,,,,,,,,,,,,,,,,
1780468569.733469,,,UI_STATUS_SEND,78,,,,2.215944,182.215944,11.517524,,,,,,61,0,"internal_id=78,ui_id=35",78,35,78,1,-1,38.980000,mono,,,,,,,,,,,,,
1780468570.030619,,,MATCH_ACCEPT,69,1,337.573034,50.185833,337.576876,,50.187322,0.004120,4.417361,1.433307,1.498793,0.555577,112,1,,,,,,,,,,,,,,,,,,,,,
1780468570.031124,,,MATCH_ACCEPT,78,0,2.220106,11.518958,2.209863,,11.512110,0.012322,6.718115,1.812076,2.359170,0.924450,61,1,,,,,,,,,,,,,,,,,,,,,
1780468570.030619,,,UI_STATUS_SEND,78,,,,2.212669,182.212669,11.514655,,,,,,62,0,"internal_id=78,ui_id=35",78,35,78,1,-1,38.980000,mono,,,,,,,,,,,,,
1780468570.259031,,,MATCH_ACCEPT,69,1,337.573034,50.185833,337.574838,,50.187680,0.002581,4.181497,1.276065,1.164964,0.463377,113,1,,,,,,,,,,,,,,,,,,,,,
1780468570.259031,,,MATCH_ACCEPT,78,0,2.217827,11.514375,2.207475,,11.510159,0.011178,6.671056,1.780704,2.278861,0.892046,62,1,,,,,,,,,,,,,,,,,,,,,
1780468570.259031,,,UI_STATUS_SEND,78,,,,2.210241,182.210241,11.511692,,,,,,63,0,"internal_id=78,ui_id=35",78,35,78,1,-1,38.980000,mono,,,,,,,,,,,,,
1780468570.545545,,,MATCH_ACCEPT,78,0,2.256564,11.532708,2.204948,,11.507068,0.057634,6.679036,1.786024,2.284740,0.905142,63,1,,,,,,,,,,,,,,,,,,,,,
1780468570.545545,,,UI_STATUS_SEND,78,,,,2.218766,182.218766,11.516473,,,,,,64,0,"internal_id=78,ui_id=35",78,35,78,1,-1,38.980000,mono,,,,,,,,,,,,,
1780468570.796284,,,MATCH_ACCEPT,69,0,337.573034,50.181250,337.573209,,50.188848,0.007600,4.624832,1.571621,1.641637,0.828356,113,2,,,,,,,,,,,,,,,,,,,,,
1780468570.796284,,,TargetLost,78,,,,,,,,,,,,,,not_in_valid_tracks,,,,,,,,,,,,,,,,,,,,
1780468570.796284,,,TargetSwitch,69,,,,,,,,,,,,,,master_lost,,,,,,,,,,,,,,,,,,,,
1780468570.796284,,,UI_STATUS_SEND,69,,,,337.573127,157.573127,50.183973,,,,,,114,0,"internal_id=69,ui_id=31",69,31,69,1,-1,173.260000,mono,,,,,,,,,,,,,
1780468571.040238,,,MATCH_ACCEPT,78,0,2.279351,11.491458,2.212222,,11.510972,0.069907,7.172394,2.114929,3.085585,1.387341,63,2,,,,,,,,,,,,,,,,,,,,,
1780468571.040238,,,TargetLost,69,,,,,,,,,,,,,,not_in_valid_tracks,,,,,,,,,,,,,,,,,,,,
1780468571.040238,,,TargetSwitch,78,,,,,,,,,,,,,,master_lost,,,,,,,,,,,,,,,,,,,,
1780468571.040238,,,UI_STATUS_SEND,78,,,,2.234410,182.234410,11.501794,,,,,,64,0,"internal_id=78,ui_id=35",78,35,78,1,-1,38.980000,mono,,,,,,,,,,,,,
1780468571.316623,,,MATCH_ACCEPT,69,1,337.577592,50.172083,337.572176,,50.183763,0.012874,4.797802,1.686934,1.934161,0.911586,113,2,,,,,,,,,,,,,,,,,,,,,
1780468571.317152,,,MATCH_ACCEPT,78,0,2.290744,11.480000,2.234194,,11.497319,0.059143,6.967060,1.978040,2.787694,1.124949,64,1,,,,,,,,,,,,,,,,,,,,,
1780468571.316623,,,UI_STATUS_SEND,78,,,,2.251637,182.251637,11.490069,,,,,,65,0,"internal_id=78,ui_id=35",78,35,78,1,-1,38.980000,mono,,,,,,,,,,,,,
1780468571.706710,,,MATCH_ACCEPT,78,0,2.293022,11.512083,2.253822,,11.484275,0.048062,6.849417,1.899611,2.600204,1.008319,65,1,,,,,,,,,,,,,,,,,,,,,
1780468571.706710,,,UI_STATUS_SEND,78,,,,2.265339,182.265339,11.495182,,,,,,66,0,"internal_id=78,ui_id=35",78,35,78,1,-1,38.980000,mono,,,,,,,,,,,,,
1780468571.984530,,,MATCH_ACCEPT,69,0,337.577592,50.172083,337.574941,,50.172463,0.002678,4.834648,1.711499,2.027239,0.901989,113,2,,,,,,,,,,,,,,,,,,,,,
1780468571.984530,,,MATCH_ACCEPT,78,1,2.299858,11.512083,2.269106,,11.491391,0.037066,6.779536,1.853024,2.480295,0.953404,66,1,,,,,,,,,,,,,,,,,,,,,
1780468571.984530,,,UI_STATUS_SEND,78,,,,2.277843,182.277843,11.499233,,,,,,67,0,"internal_id=78,ui_id=35",78,35,78,1,-1,38.980000,mono,,,,,,,,,,,,,
1780468572.425654,,,MATCH_ACCEPT,69,0,337.573034,50.176667,337.576726,,50.168986,0.008522,4.723644,1.637496,1.872387,0.809006,114,2,,,,,,,,,,,,,,,,,,,,,
1780468572.425654,,,MATCH_ACCEPT,78,1,2.286186,11.535000,2.286614,,11.495127,0.039875,7.119355,2.079570,3.027652,1.296959,67,2,,,,,,,,,,,,,,,,,,,,,
1780468572.425654,,,UI_STATUS_SEND,78,,,,2.286474,182.286474,11.513212,,,,,,68,0,"internal_id=78,ui_id=35",78,35,78,1,-1,38.980000,mono,,,,,,,,,,,,,
1780468572.670574,,,MATCH_ACCEPT,78,0,2.288465,11.541875,2.291326,,11.514180,0.027842,6.927134,1.951423,2.727132,1.080918,68,1,,,,,,,,,,,,,,,,,,,,,
1780468572.670574,,,UI_STATUS_SEND,78,,,,2.290457,182.290457,11.525505,,,,,,69,0,"internal_id=78,ui_id=35",78,35,78,1,-1,38.980000,mono,,,,,,,,,,,,,
1780468573.028243,,,MATCH_ACCEPT,69,1,337.573034,50.192708,337.574723,,50.172289,0.020489,4.779385,1.674656,1.933239,0.871235,114,2,,,,,,,,,,,,,,,,,,,,,
1780468573.028748,,,MATCH_ACCEPT,78,0,2.315809,11.528125,2.295290,,11.528578,0.020524,6.826837,1.884558,2.559339,0.992220,69,1,,,,,,,,,,,,,,,,,,,,,
1780468573.028243,,,UI_STATUS_SEND,78,,,,2.301251,182.301251,11.528402,,,,,,70,0,"internal_id=78,ui_id=35",78,35,78,1,-1,38.980000,mono,,,,,,,,,,,,,
1780468573.253253,,,MATCH_ACCEPT,78,0,2.327202,11.528125,2.306338,,11.531138,0.021080,6.726580,1.817720,2.388517,0.915590,70,1,,,,,,,,,,,,,,,,,,,,,
1780468573.253253,,,TargetKeep,78,,,,,,,,,,,,,,lock_timer_expired,,,,,,,,,,,,,,,,,,,,
1780468573.253253,,,UI_STATUS_SEND,78,,,,2.312107,182.312107,11.530025,,,,,,71,0,"internal_id=78,ui_id=35",78,35,78,1,-1,38.980000,mono,,,,,,,,,,,,,
1780468573.553960,,,MATCH_ACCEPT,69,1,337.568477,50.181250,337.573456,,50.189490,0.009627,4.761084,1.662456,1.905831,0.857930,114,2,,,,,,,,,,,,,,,,,,,,,
1780468573.553960,,,MATCH_ACCEPT,78,0,2.349989,11.555625,2.318560,,11.532854,0.038811,6.709271,1.806181,2.348328,0.913962,71,1,,,,,,,,,,,,,,,,,,,,,
1780468573.553960,,,UI_STATUS_SEND,78,,,,2.327143,182.327143,11.541258,,,,,,72,0,"internal_id=78,ui_id=35",78,35,78,1,-1,38.980000,mono,,,,,,,,,,,,,
1780468573.802981,,,MATCH_ACCEPT,78,0,2.363660,11.562500,2.334774,,11.545696,0.033418,6.700514,1.800343,2.325424,0.915810,72,1,,,,,,,,,,,,,,,,,,,,,
1780468573.802981,,,UI_STATUS_SEND,78,,,,2.342607,182.342607,11.551906,,,,,,73,0,"internal_id=78,ui_id=35",78,35,78,1,-1,38.980000,mono,,,,,,,,,,,,,
1780468574.080808,,,MATCH_ACCEPT,69,1,337.573034,50.181250,337.569695,,50.185935,0.005754,4.794164,1.684509,1.950476,0.887095,114,2,,,,,,,,,,,,,,,,,,,,,
1780468574.080808,,,MATCH_ACCEPT,78,0,2.386447,11.576250,2.351381,,11.557573,0.039730,6.698455,1.798970,2.316860,0.919434,73,1,,,,,,,,,,,,,,,,,,,,,
1780468574.080808,,,UI_STATUS_SEND,78,,,,2.360864,182.360864,11.564492,,,,,,74,0,"internal_id=78,ui_id=35",78,35,78,1,-1,38.980000,mono,,,,,,,,,,,,,
1780468574.359027,,,MATCH_ACCEPT,69,1,337.573034,50.181250,337.571064,,50.183110,0.002710,4.342427,1.383351,1.377310,0.536351,115,1,,,,,,,,,,,,,,,,,,,,,
1780468574.359027,,,MATCH_ACCEPT,78,0,2.404676,11.587708,2.370994,,11.571509,0.037375,6.697771,1.798514,2.313547,0.921106,74,1,,,,,,,,,,,,,,,,,,,,,
1780468574.359027,,,UI_STATUS_SEND,78,,,,2.380093,182.380093,11.577517,,,,,,75,0,"internal_id=78,ui_id=35",78,35,78,1,-1,38.980000,mono,,,,,,,,,,,,,
1780468574.664091,,,MATCH_ACCEPT,78,0,2.388726,11.608333,2.391527,,11.585704,0.022802,6.697219,1.798146,2.312311,0.921020,75,1,,,,,,,,,,,,,,,,,,,,,
1780468574.664091,,,UI_STATUS_SEND,78,,,,2.390771,182.390771,11.594096,,,,,,76,0,"internal_id=78,ui_id=35",78,35,78,1,-1,38.980000,mono,,,,,,,,,,,,,
1780468574.929943,,,MATCH_ACCEPT,69,1,337.577592,50.185833,337.571491,,50.182179,0.007112,4.636337,1.579291,1.702060,0.792100,115,2,,,,,,,,,,,,,,,,,,,,,
1780468574.929943,,,MATCH_ACCEPT,78,0,2.395561,11.622083,2.402096,,11.603912,0.019311,6.696407,1.797605,2.311502,0.919880,76,1,,,,,,,,,,,,,,,,,,,,,
1780468574.929438,,,UI_STATUS_SEND,78,,,,2.400332,182.400332,11.610646,,,,,,77,0,"internal_id=78,ui_id=35",78,35,78,1,-1,38.980000,mono,,,,,,,,,,,,,
1780468575.261248,,,MATCH_ACCEPT,78,0,2.411512,11.610625,2.411404,,11.621764,0.011139,6.695314,1.796876,2.310414,0.918349,77,1,,,,,,,,,,,,,,,,,,,,,
1780468575.261248,,,TargetKeep,78,,,,,,,,,,,,,,lock_timer_expired,,,,,,,,,,,,,,,,,,,,
1780468575.261248,,,UI_STATUS_SEND,78,,,,2.411433,182.411433,11.617641,,,,,,78,0,"internal_id=78,ui_id=35",78,35,78,1,-1,38.980000,mono,,,,,,,,,,,,,
1780468575.522459,,,MATCH_ACCEPT,78,0,2.422905,11.617500,2.422509,,11.627963,0.010470,6.694050,1.796033,2.308873,0.916862,78,1,,,,,,,,,,,,,,,,,,,,,
1780468575.522459,,,UI_STATUS_SEND,78,,,,2.422616,182.422616,11.624094,,,,,,79,0,"internal_id=78,ui_id=35",78,35,78,1,-1,38.980000,mono,,,,,,,,,,,,,
1780468575.855465,,,MATCH_ACCEPT,78,0,2.473035,11.645000,2.433708,,11.633670,0.040927,6.692742,1.795161,2.306968,0.915637,79,1,,,,,,,,,,,,,,,,,,,,,
1780468575.855465,,,UI_STATUS_SEND,78,,,,2.444311,182.444311,11.637856,,,,,,80,0,"internal_id=78,ui_id=35",78,35,78,1,-1,38.980000,mono,,,,,,,,,,,,,
1780468576.077547,,,MATCH_ACCEPT,69,0,337.577592,50.185833,337.575499,,50.186579,0.002222,5.772545,2.336764,3.495670,1.964795,113,4,,,,,,,,,,,,,,,,,,,,,
1780468576.077547,,,MATCH_ACCEPT,78,1,2.486707,11.654167,2.455510,,11.647080,0.031992,6.644719,1.763146,2.232487,0.876196,80,1,,,,,,,,,,,,,,,,,,,,,
1780468576.077547,,,UI_STATUS_SEND,78,,,,2.463721,182.463721,11.649626,,,,,,81,0,"internal_id=78,ui_id=35",78,35,78,1,-1,38.980000,mono,,,,,,,,,,,,,
1780468576.300605,,,MATCH_ACCEPT,78,0,2.500379,11.663333,2.476016,,11.659328,0.024690,6.616254,1.744170,2.185263,0.856865,81,1,,,,,,,,,,,,,,,,,,,,,
1780468576.300605,,,UI_STATUS_SEND,78,,,,2.482328,182.482328,11.660746,,,,,,82,0,"internal_id=78,ui_id=35",78,35,78,1,-1,38.980000,mono,,,,,,,,,,,,,
1780468576.635196,,,MATCH_ACCEPT,69,0,337.577592,50.181250,337.577767,,50.186794,0.005546,4.944331,1.784621,2.251979,0.932893,113,2,,,,,,,,,,,,,,,,,,,,,
1780468576.635196,,,TargetLost,78,,,,,,,,,,,,,,not_in_valid_tracks,,,,,,,,,,,,,,,,,,,,
1780468576.635196,,,TargetSwitch,69,,,,,,,,,,,,,,master_lost,,,,,,,,,,,,,,,,,,,,
1780468576.635196,,,UI_STATUS_SEND,69,,,,337.577671,157.577671,50.183088,,,,,,114,0,"internal_id=69,ui_id=31",69,31,69,1,-1,173.260000,mono,,,,,,,,,,,,,
1780468576.994068,,,MATCH_ACCEPT,78,0,2.545952,11.425000,2.511706,,11.683046,0.260309,7.141200,2.094134,3.021440,1.363956,81,2,,,,,,,,,,,,,,,,,,,,,
1780468576.994068,,,TargetLost,69,,,,,,,,,,,,,,not_in_valid_tracks,,,,,,,,,,,,,,,,,,,,
1780468576.994068,,,TargetSwitch,78,,,,,,,,,,,,,,master_lost,,,,,,,,,,,,,,,,,,,,
1780468576.994068,,,UI_STATUS_SEND,78,,,,2.522866,182.522866,11.562777,,,,,,82,0,"internal_id=78,ui_id=35",78,35,78,1,-1,13.440000,mono,,,,,,,,,,,,,
1780468577.303960,,,MATCH_ACCEPT,69,1,337.577592,50.181250,337.578594,,50.182504,0.001605,4.825961,1.705708,2.020882,0.888557,113,2,,,,,,,,,,,,,,,,,,,,,
1780468577.303960,,,MATCH_ACCEPT,78,0,2.564181,11.388333,2.539123,,11.551552,0.165131,6.952030,1.968020,2.754163,1.118940,82,1,,,,,,,,,,,,,,,,,,,,,
1780468577.303960,,,UI_STATUS_SEND,78,,,,2.546788,182.546788,11.483442,,,,,,83,0,"internal_id=78,ui_id=35",78,35,78,1,-1,13.440000,mono,,,,,,,,,,,,,
1780468577.574795,,,MATCH_ACCEPT,69,0,337.577592,50.181250,337.578452,,50.181215,0.000861,4.347980,1.387053,1.386907,0.537009,114,1,,,,,,,,,,,,,,,,,,,,,
1780468577.574795,,,TargetLost,78,,,,,,,,,,,,,,not_in_valid_tracks,,,,,,,,,,,,,,,,,,,,
1780468577.574795,,,TargetSwitch,69,,,,,,,,,,,,,,master_lost,,,,,,,,,,,,,,,,,,,,
1780468577.574795,,,UI_STATUS_SEND,69,,,,337.578084,157.578084,50.181234,,,,,,115,0,"internal_id=69,ui_id=31",69,31,69,1,-1,173.260000,mono,,,,,,,,,,,,,
1780468577.960566,,,MATCH_ACCEPT,69,0,337.573034,50.185833,337.578406,,50.180774,0.007379,4.183701,1.277534,1.169103,0.462990,115,1,,,,,,,,,,,,,,,,,,,,,
1780468577.960566,,,MATCH_ACCEPT,78,1,2.710015,11.571667,2.581423,,11.436010,0.186918,7.339793,2.226529,3.448498,1.508932,82,2,,,,,,,,,,,,,,,,,,,,,
1780468577.960566,,,UI_STATUS_SEND,69,,,,337.576326,157.576326,50.183304,,,,,,116,0,"internal_id=69,ui_id=31",69,31,69,1,-1,173.260000,mono,,,,,,,,,,,,,
1780468578.510297,,,MATCH_ACCEPT,69,0,337.582149,50.181250,337.576269,,50.183552,0.006315,4.501167,1.489178,1.501451,0.716201,116,2,,,,,,,,,,,,,,,,,,,,,
1780468578.510297,,,UI_STATUS_SEND,69,,,,337.578902,157.578902,50.182153,,,,,,117,0,"internal_id=69,ui_id=31",69,31,69,1,-1,173.260000,mono,,,,,,,,,,,,,
1780468578.984808,,,MATCH_ACCEPT,69,1,337.577592,50.181250,337.579680,,50.181822,0.002165,4.650502,1.588735,1.714360,0.809718,117,2,,,,,,,,,,,,,,,,,,,,,
1780468578.984808,,,MATCH_ACCEPT,78,0,2.678114,11.457083,2.711838,,11.459234,0.033793,8.487427,2.991618,5.956546,2.993234,82,4,,,,,,,,,,,,,,,,,,,,,
1780468578.984808,,,UI_STATUS_SEND,69,,,,337.578676,157.578676,50.181458,,,,,,118,0,"internal_id=69,ui_id=31",69,31,69,1,-1,173.260000,mono,,,,,,,,,,,,,
1780468579.614436,,,MATCH_ACCEPT,69,0,337.568477,50.185833,337.579323,,50.180795,0.011959,5.078504,1.874070,2.339798,1.172339,118,3,,,,,,,,,,,,,,,,,,,,,
1780468579.614436,,,UI_STATUS_SEND,69,,,,337.573267,157.573267,50.184408,,,,,,119,0,"internal_id=69,ui_id=31",69,31,69,1,-1,173.260000,mono,,,,,,,,,,,,,
1780468579.815476,,no_packet,TRACK_DELETE,79,,,,39.280945,,16.598333,,,,1869.580240,1869.580240,0,50,,,,,,,,,,,,,,,,,,,,,
1780468580.208379,,,MATCH_ACCEPT,69,0,337.573034,50.181250,337.571968,,50.185258,0.004148,4.815415,1.698677,2.006787,0.878715,119,2,,,,,,,,,,,,,,,,,,,,,
1780468580.208379,,,UI_STATUS_SEND,69,,,,337.572523,157.572523,50.182633,,,,,,120,0,"internal_id=69,ui_id=31",69,31,69,1,-1,173.260000,mono,,,,,,,,,,,,,
1780468581.323504,,,MATCH_ACCEPT,69,0,337.573034,50.181250,337.569854,,50.182278,0.003342,6.126618,2.572812,4.200404,2.418960,120,5,,,,,,,,,,,,,,,,,,,,,
1780468581.323504,,,UI_STATUS_SEND,69,,,,337.572062,157.572062,50.181415,,,,,,121,0,"internal_id=69,ui_id=31",69,31,69,1,-1,173.260000,mono,,,,,,,,,,,,,
1780468581.825560,,,MATCH_ACCEPT,69,0,337.577592,50.181250,337.571483,,50.180990,0.006114,4.979696,1.808198,2.327967,0.941612,121,2,,,,,,,,,,,,,,,,,,,,,
1780468581.825560,,,TargetKeep,69,,,,,,,,,,,,,,lock_timer_expired,,,,,,,,,,,,,,,,,,,,
1780468581.825560,,,UI_STATUS_SEND,69,,,,337.574886,157.574886,50.181164,,,,,,122,0,"internal_id=69,ui_id=31",69,31,69,1,-1,173.260000,mono,,,,,,,,,,,,,
1780468582.367106,,,MATCH_ACCEPT,69,0,337.573034,50.181250,337.575218,,50.180804,0.002228,4.774400,1.671333,1.952300,0.841054,122,2,,,,,,,,,,,,,,,,,,,,,
1780468582.367106,,,UI_STATUS_SEND,69,,,,337.574097,157.574097,50.181092,,,,,,123,0,"internal_id=69,ui_id=31",69,31,69,1,-1,173.260000,mono,,,,,,,,,,,,,
1780468582.623378,,,MATCH_ACCEPT,69,0,337.573034,50.181250,337.574103,,50.180955,0.001109,4.342577,1.383451,1.377701,0.536236,123,1,,,,,,,,,,,,,,,,,,,,,
1780468582.623378,,,UI_STATUS_SEND,69,,,,337.573647,157.573647,50.181113,,,,,,124,0,"internal_id=69,ui_id=31",69,31,69,1,-1,173.260000,mono,,,,,,,,,,,,,
1780468585.425931,,,MATCH_ACCEPT,69,0,337.577592,50.185833,337.572907,,50.180035,0.007454,10.868544,5.734096,18.602885,14.276971,124,13,,,,,,,,,,,,,,,,,,,,,
1780468585.425931,,,UI_STATUS_SEND,69,,,,337.577168,157.577168,50.185651,,,,,,125,0,"internal_id=69,ui_id=31",69,31,69,1,-1,173.260000,mono,,,,,,,,,,,,,
1780468586.080733,,,MATCH_ACCEPT,69,0,337.573034,50.181250,337.578043,,50.186915,0.007561,5.514427,2.164684,3.312466,1.373393,125,3,,,,,,,,,,,,,,,,,,,,,
1780468586.080733,,,UI_STATUS_SEND,69,,,,337.574830,157.574830,50.182677,,,,,,126,0,"internal_id=69,ui_id=31",69,31,69,1,-1,173.260000,mono,,,,,,,,,,,,,
1780468586.642021,,,MATCH_ACCEPT,69,0,337.577592,50.176667,337.574697,,50.182075,0.006134,4.893687,1.750858,2.138843,0.926661,126,2,,,,,,,,,,,,,,,,,,,,,
1780468586.642021,,,UI_STATUS_SEND,69,,,,337.576249,157.576249,50.178468,,,,,,127,0,"internal_id=69,ui_id=31",69,31,69,1,-1,173.260000,mono,,,,,,,,,,,,,
1780468587.127457,,,MATCH_ACCEPT,69,0,337.568477,50.176667,337.576543,,50.176425,0.008069,4.784930,1.678353,1.939222,0.877648,127,2,,,,,,,,,,,,,,,,,,,,,
1780468587.127457,,,UI_STATUS_SEND,69,,,,337.572416,157.572416,50.176583,,,,,,128,0,"internal_id=69,ui_id=31",69,31,69,1,-1,173.260000,mono,,,,,,,,,,,,,
1780468589.727562,,,MATCH_ACCEPT,69,0,337.577592,50.181250,337.567192,,50.165690,0.018715,10.527033,5.506422,17.630704,12.689981,128,12,,,,,,,,,,,,,,,,,,,,,
1780468589.727562,,,TargetKeep,69,,,,,,,,,,,,,,lock_timer_expired,,,,,,,,,,,,,,,,,,,,
1780468589.727562,,,UI_STATUS_SEND,69,,,,337.576604,157.576604,50.180703,,,,,,129,0,"internal_id=69,ui_id=31",69,31,69,1,-1,173.260000,mono,,,,,,,,,,,,,
1780468590.345942,,,MATCH_ACCEPT,69,0,337.573034,50.181250,337.577562,,50.181996,0.004588,5.446848,2.119632,3.196630,1.296211,129,3,,,,,,,,,,,,,,,,,,,,,
1780468590.345942,,,TRACK_DELETE,78,,,,3.609460,,10.937274,,,,588.800096,514.781521,71,50,,,,,,,,,,,,,,,,,,,,,
1780468590.345942,,,UI_STATUS_SEND,69,,,,337.574694,157.574694,50.181446,,,,,,130,0,"internal_id=69,ui_id=31",69,31,69,1,-1,173.260000,mono,,,,,,,,,,,,,
1780468591.200565,,,MATCH_ACCEPT,69,0,337.568477,50.181250,337.574773,,50.182873,0.006502,5.798469,2.354046,3.588422,1.953111,130,4,,,,,,,,,,,,,,,,,,,,,
1780468591.200565,,,UI_STATUS_SEND,69,,,,337.570620,157.570620,50.181561,,,,,,131,0,"internal_id=69,ui_id=31",69,31,69,1,-1,173.260000,mono,,,,,,,,,,,,,
1780468591.508871,,,MATCH_ACCEPT,69,0,337.568477,50.181250,337.570033,,50.181726,0.001627,4.566536,1.532757,1.719104,0.630240,131,1,,,,,,,,,,,,,,,,,,,,,
1780468591.508871,,,UI_STATUS_SEND,69,,,,337.569284,157.569284,50.181452,,,,,,132,0,"internal_id=69,ui_id=31",69,31,69,1,-1,173.260000,mono,,,,,,,,,,,,,
1780468592.120898,,,MATCH_ACCEPT,69,0,337.568477,50.181250,337.567561,,50.181714,0.001027,5.010655,1.828837,2.256722,1.087922,132,3,,,,,,,,,,,,,,,,,,,,,
1780468592.120898,,,UI_STATUS_SEND,69,,,,337.568064,157.568064,50.181388,,,,,,133,0,"internal_id=69,ui_id=31",69,31,69,1,-1,173.260000,mono,,,,,,,,,,,,,
1780468593.099687,,,MATCH_ACCEPT,69,0,337.573034,50.181250,337.565933,,50.181519,0.007106,5.746627,2.319485,3.516179,1.863831,133,4,,,,,,,,,,,,,,,,,,,,,
1780468593.099687,,,UI_STATUS_SEND,69,,,,337.570586,157.570586,50.181303,,,,,,134,0,"internal_id=69,ui_id=31",69,31,69,1,-1,173.260000,mono,,,,,,,,,,,,,
1780468593.401616,,,MATCH_ACCEPT,69,0,337.573034,50.181250,337.570666,,50.181301,0.002369,4.557376,1.526651,1.711882,0.618780,134,1,,,,,,,,,,,,,,,,,,,,,
1780468593.401616,,,UI_STATUS_SEND,69,,,,337.571804,157.571804,50.181272,,,,,,135,0,"internal_id=69,ui_id=31",69,31,69,1,-1,173.260000,mono,,,,,,,,,,,,,
1780468593.824793,,,MATCH_ACCEPT,69,0,337.577592,50.181250,337.572240,,50.181258,0.005351,4.595696,1.552197,1.686067,0.723250,135,2,,,,,,,,,,,,,,,,,,,,,
1780468593.824793,,,TargetKeep,69,,,,,,,,,,,,,,lock_timer_expired,,,,,,,,,,,,,,,,,,,,
1780468593.824793,,,UI_STATUS_SEND,69,,,,337.574791,157.574791,50.181253,,,,,,136,0,"internal_id=69,ui_id=31",69,31,69,1,-1,173.260000,mono,,,,,,,,,,,,,
1780468594.090289,,,MATCH_ACCEPT,69,0,337.577592,50.181250,337.575470,,50.181244,0.002121,4.291595,1.349463,1.302995,0.518055,136,1,,,,,,,,,,,,,,,,,,,,,
1780468594.090289,,,UI_STATUS_SEND,69,,,,337.576347,157.576347,50.181247,,,,,,137,0,"internal_id=69,ui_id=31",69,31,69,1,-1,173.260000,mono,,,,,,,,,,,,,
1780468596.338456,,,MATCH_REJECT,69,0,2.167697,11.606042,337.583814,,50.181169,45.742844,9.417611,4.766808,13.059516,9.662938,137,11,,,,,,,,,,,,,,,,,,,,,
1780468596.338456,,,NEW_TRACK,80,0,2.167697,11.606042,,,,,,,1.000000,1.000000,1,0,,,,,,,,,,,,,,,,,,,,,
1780468596.338456,,,TargetLost,69,,,,,,,,,,,,,,not_in_valid_tracks,,,,,,,,,,,,,,,,,,,,
1780468596.608695,,,MATCH_ACCEPT,80,0,2.163140,11.599167,2.167697,,11.606042,0.008248,6.745451,1.830301,1.675000,1.675000,1,1,,,,,,,,,,,,,,,,,,,,,
1780468596.608695,,,TargetLost,69,,,,,,,,,,,,,,not_in_valid_tracks,,,,,,,,,,,,,,,,,,,,
1780468598.289737,,,MATCH_ACCEPT,80,0,2.222384,11.599167,2.164342,,11.593654,0.058303,16.086902,8.057935,35.573708,29.356601,2,8,,,,,,,,,,,,,,,,,,,,,
1780468598.289737,,,TargetLost,69,,,,,,,,,,,,,,not_in_valid_tracks,,,,,,,,,,,,,,,,,,,,
1780468598.289737,,,TargetSwitch,80,,,,,,,,,,,,,,master_lost,,,,,,,,,,,,,,,,,,,,
1780468598.289737,,,UI_STATUS_SEND,80,,,,2.213711,182.213711,11.598888,,,,,,3,0,"internal_id=80,ui_id=36",80,36,80,1,-1,38.980000,mono,,,,,,,,,,,,,
1780468598.858325,,,MATCH_ACCEPT,80,0,2.242892,11.603750,2.224821,,11.597795,0.019027,8.996214,3.330809,8.474840,2.619451,3,2,,,,,,,,,,,,,,,,,,,,,
1780468598.858325,,,UI_STATUS_SEND,80,,,,2.235222,182.235222,11.601525,,,,,,4,0,"internal_id=80,ui_id=36",80,36,80,1,-1,38.980000,mono,,,,,,,,,,,,,
1780468599.361567,,,MATCH_ACCEPT,80,0,2.247449,11.651875,2.248680,,11.601397,0.050493,8.109448,2.739632,5.637730,1.867854,4,2,,,,,,,,,,,,,,,,,,,,,
1780468599.361567,,,UI_STATUS_SEND,80,,,,2.248096,182.248096,11.628883,,,,,,5,0,"internal_id=80,ui_id=36",80,36,80,1,-1,38.980000,mono,,,,,,,,,,,,,
1780468599.920898,,,MATCH_ACCEPT,80,0,2.295301,11.645000,2.261350,,11.636702,0.034950,7.784217,2.522811,4.651333,1.713243,5,2,,,,,,,,,,,,,,,,,,,,,
1780468599.920898,,,UI_STATUS_SEND,80,,,,2.275836,182.275836,11.641042,,,,,,6,0,"internal_id=80,ui_id=36",80,36,80,1,-1,38.980000,mono,,,,,,,,,,,,,
1780468600.433619,,,MATCH_ACCEPT,80,0,2.295301,11.683958,2.292246,,11.650250,0.033847,7.657716,2.438477,4.253037,1.693133,6,2,,,,,,,,,,,,,,,,,,,,,
1780468600.433619,,,UI_STATUS_SEND,80,,,,2.293483,182.293483,11.667780,,,,,,7,0,"internal_id=80,ui_id=36",80,36,80,1,-1,38.980000,mono,,,,,,,,,,,,,
1780468600.692046,,,MATCH_ACCEPT,80,0,2.299858,11.693125,2.302658,,11.675883,0.017468,7.186888,2.124592,3.293015,1.220875,7,1,,,,,,,,,,,,,,,,,,,,,
1780468600.692046,,,UI_STATUS_SEND,80,,,,2.301692,182.301692,11.683446,,,,,,8,0,"internal_id=80,ui_id=36",80,36,80,1,-1,38.980000,mono,,,,,,,,,,,,,
1780468600.893262,,,MATCH_ACCEPT,80,0,2.304416,11.702292,2.308980,,11.691051,0.012131,6.877051,1.918034,2.700259,0.978595,8,1,,,,,,,,,,,,,,,,,,,,,
1780468600.893262,,,TargetKeep,80,,,,,,,,,,,,,,lock_timer_expired,,,,,,,,,,,,,,,,,,,,
1780468600.893262,,,UI_STATUS_SEND,80,,,,2.307603,182.307603,11.695380,,,,,,9,0,"internal_id=80,ui_id=36",80,36,80,1,-1,38.980000,mono,,,,,,,,,,,,,
1780468601.295347,,,MATCH_ACCEPT,80,0,2.322645,11.672500,2.316481,,11.705627,0.033695,6.790845,1.860564,2.516570,0.945126,9,1,,,,,,,,,,,,,,,,,,,,,
1780468601.295347,,,UI_STATUS_SEND,80,,,,2.318250,182.318250,11.693141,,,,,,10,0,"internal_id=80,ui_id=36",80,36,80,1,-1,38.980000,mono,,,,,,,,,,,,,
1780468601.508360,,,MATCH_ACCEPT,80,0,2.334038,11.677083,2.326018,,11.699816,0.024106,6.687892,1.791928,2.326580,0.884427,10,1,,,,,,,,,,,,,,,,,,,,,
1780468601.508360,,,UI_STATUS_SEND,80,,,,2.328194,182.328194,11.691599,,,,,,11,0,"internal_id=80,ui_id=36",80,36,80,1,-1,38.980000,mono,,,,,,,,,,,,,
1780468601.944999,,,MATCH_ACCEPT,80,0,2.327202,11.679375,2.344647,,11.702452,0.028929,7.077699,2.051799,2.928208,1.281673,11,2,,,,,,,,,,,,,,,,,,,,,
1780468601.944999,,,UI_STATUS_SEND,80,,,,2.339081,182.339081,11.692053,,,,,,12,0,"internal_id=80,ui_id=36",80,36,80,1,-1,38.980000,mono,,,,,,,,,,,,,
1780468602.209162,,,MATCH_ACCEPT,80,0,2.541395,11.599167,2.347707,,11.696260,0.216661,6.930315,1.953544,2.715848,1.100485,12,1,,,,,,,,,,,,,,,,,,,,,
1780468602.209162,,,UI_STATUS_SEND,80,,,,2.406377,182.406377,11.656136,,,,,,13,0,"internal_id=80,ui_id=36",80,36,80,1,-1,13.440000,mono,,,,,,,,,,,,,
1780468602.503735,,,MATCH_ACCEPT,80,0,2.659884,11.557917,2.423374,,11.652668,0.254784,6.844248,1.896166,2.582208,1.013236,13,1,,,,,,,,,,,,,,,,,,,,,
1780468602.503735,,,UI_STATUS_SEND,80,,,,2.492521,182.492521,11.615395,,,,,,14,0,"internal_id=80,ui_id=36",80,36,80,1,-1,13.440000,mono,,,,,,,,,,,,,
1780468602.810106,,,MATCH_ACCEPT,80,0,2.406955,11.427292,2.519396,,11.604790,0.210116,6.791667,1.861111,2.495310,0.968425,14,1,,,,,,,,,,,,,,,,,,,,,
1780468602.810106,,,UI_STATUS_SEND,80,,,,2.487313,182.487313,11.536873,,,,,,15,0,"internal_id=80,ui_id=36",80,36,80,1,-1,13.440000,mono,,,,,,,,,,,,,
1780468603.053620,,,MATCH_ACCEPT,80,0,2.432020,11.337917,2.509021,,11.513831,0.192029,6.747417,1.831611,2.419368,0.935431,15,1,,,,,,,,,,,,,,,,,,,,,
1780468603.053620,,,TargetKeep,80,,,,,,,,,,,,,,lock_timer_expired,,,,,,,,,,,,,,,,,,,,
1780468603.053620,,,UI_STATUS_SEND,80,,,,2.487532,182.487532,11.447954,,,,,,16,0,"internal_id=80,ui_id=36",80,36,80,1,-1,13.440000,mono,,,,,,,,,,,,,
1780468604.817098,,,MATCH_ACCEPT,80,0,2.388726,11.408958,2.615959,,11.204877,0.305425,10.295624,4.197083,10.880289,6.735214,16,8,,,,,,,,,,,,,,,,,,,,,
1780468604.816492,,,UI_STATUS_SEND,80,,,,2.471632,182.471632,11.370529,,,,,,17,0,"internal_id=80,ui_id=36",80,36,80,1,-1,13.440000,mono,,,,,,,,,,,,,
1780468605.391323,,,MATCH_ACCEPT,80,0,2.313530,11.700000,2.478324,,11.343043,0.393160,8.296819,2.864546,5.987917,2.217707,17,2,,,,,,,,,,,,,,,,,,,,,
1780468605.391323,,,UI_STATUS_SEND,80,,,,2.397692,182.397692,11.552457,,,,,,18,0,"internal_id=80,ui_id=36",80,36,80,1,-1,38.980000,mono,,,,,,,,,,,,,
1780468605.925431,,,MATCH_ACCEPT,80,0,2.345431,11.681667,2.388773,,11.578585,0.111822,7.807281,2.538187,4.694118,1.748277,18,2,,,,,,,,,,,,,,,,,,,,,
1780468605.925936,,,TRACK_DELETE,69,,,,337.612520,,50.180871,,,,554.440058,511.255542,118,50,,,,,,,,,,,,,,,,,,,,,
1780468605.925431,,,UI_STATUS_SEND,80,,,,2.370183,182.370183,11.633018,,,,,,19,0,"internal_id=80,ui_id=36",80,36,80,1,-1,38.980000,mono,,,,,,,,,,,,,
1780468606.467061,,,MATCH_ACCEPT,80,0,2.272515,11.670208,2.357431,,11.675113,0.085058,7.644039,2.429360,4.227927,1.673861,19,2,,,,,,,,,,,,,,,,,,,,,
1780468606.467061,,,UI_STATUS_SEND,80,,,,2.323166,182.323166,11.672576,,,,,,20,0,"internal_id=80,ui_id=36",80,36,80,1,-1,38.980000,mono,,,,,,,,,,,,,
1780468615.683528,,,MATCH_ACCEPT,80,0,2.712293,11.431875,1.916888,,12.506347,1.336847,45.657748,27.771832,410.482531,360.792110,20,45,,,,,,,,,,,,,,,,,,,,,
1780468615.683528,,,UI_STATUS_SEND,80,,,,2.700364,182.700364,11.436508,,,,,,21,0,"internal_id=80,ui_id=36",80,36,80,1,-1,13.440000,mono,,,,,,,,,,,,,
1780468616.081322,,,MATCH_ACCEPT,80,0,2.892306,11.260000,2.716427,,11.420499,0.238104,8.424453,2.949635,6.814108,1.886241,21,1,,,,,,,,,,,,,,,,,,,,,
1780468616.081322,,,UI_STATUS_SEND,80,,,,2.808164,182.808164,11.332716,,,,,,22,0,"internal_id=80,ui_id=36",80,36,80,1,-1,13.440000,mono,,,,,,,,,,,,,
1780468619.269592,,,MATCH_ACCEPT,80,0,2.295301,11.606042,3.072714,,11.005476,0.982369,17.710568,9.140379,45.275781,38.270744,22,15,,,,,,,,,,,,,,,,,,,,,
1780468619.269592,,,TargetKeep,80,,,,,,,,,,,,,,lock_timer_expired,,,,,,,,,,,,,,,,,,,,
1780468619.269592,,,UI_STATUS_SEND,80,,,,2.389600,182.389600,11.582484,,,,,,23,0,"internal_id=80,ui_id=36",80,36,80,1,-1,38.980000,mono,,,,,,,,,,,,,
1780468625.788113,,,MATCH_ACCEPT,80,0,338.564961,7.533750,1.556210,,12.171004,23.454246,32.420486,18.946990,202.490935,156.497509,23,32,,,,,,,,,,,,,,,,,,,,,
1780468625.788113,,,UI_STATUS_SEND,80,,,,339.253352,159.253352,7.579592,,,,,,24,0,"internal_id=80,ui_id=36",80,36,80,1,-1,173.260000,mono,,,,,,,,,,,,,
1780468626.399928,,,MATCH_ACCEPT,80,0,338.487487,7.533750,336.799729,,7.096124,1.743573,7.323770,3.370914,8.471881,2.891177,24,3,,,,,,,,,,,,,,,,,,,,,
1780468626.399928,,,UI_STATUS_SEND,80,,,,338.184882,158.184882,7.473375,,,,,,25,0,"internal_id=80,ui_id=36",80,36,80,1,-1,173.260000,mono,,,,,,,,,,,,,
1780468627.423107,,,MATCH_ACCEPT,80,0,338.480652,7.533750,334.531773,,6.893091,4.000511,6.718434,2.967356,5.494728,3.310475,25,5,,,,,,,,,,,,,,,,,,,,,
1780468627.423107,,,UI_STATUS_SEND,80,,,,337.485682,157.485682,7.455187,,,,,,26,0,"internal_id=80,ui_id=36",80,36,80,1,-1,173.260000,mono,,,,,,,,,,,,,
1780468628.065596,,,MATCH_ACCEPT,80,0,338.480652,7.474167,336.339722,,7.366830,2.143618,5.589815,2.214944,3.431014,1.474960,26,3,,,,,,,,,,,,,,,,,,,,,
1780468628.065596,,,UI_STATUS_SEND,80,,,,337.730450,157.730450,7.448535,,,,,,27,0,"internal_id=80,ui_id=36",80,36,80,1,-1,173.260000,mono,,,,,,,,,,,,,
1780468628.675855,,,MATCH_ACCEPT,80,0,338.141133,7.552083,337.179301,,7.404429,0.973100,5.332901,2.043667,2.908562,1.268013,27,3,,,,,,,,,,,,,,,,,,,,,
1780468628.675855,,,UI_STATUS_SEND,80,,,,337.767100,157.767100,7.512608,,,,,,28,0,"internal_id=80,ui_id=36",80,36,80,1,-1,173.260000,mono,,,,,,,,,,,,,
1780468632.511894,,,MATCH_ACCEPT,80,1,338.719909,7.432917,335.810507,,7.569502,2.912607,15.215357,8.631971,42.316883,32.194046,28,18,,,,,,,,,,,,,,,,,,,,,
1780468632.511894,,,NEW_TRACK,81,0,2.504936,10.526667,,,,,,,1.000000,1.000000,1,0,,,,,,,,,,,,,,,,,,,,,
1780468632.511894,,,UI_STATUS_SEND,80,,,,338.597994,158.597994,7.434852,,,,,,29,0,"internal_id=80,ui_id=36",80,36,80,1,-1,173.260000,mono,,,,,,,,,,,,,
1780468632.983248,,,MATCH_ACCEPT,80,0,338.883972,7.460417,338.729448,,7.422169,0.159187,5.137178,1.913185,2.682381,0.977896,29,2,,,,,,,,,,,,,,,,,,,,,
1780468632.983248,,,MATCH_ACCEPT,81,1,2.391004,10.838333,2.504936,,10.526667,0.331838,7.785258,2.523506,3.184040,3.184040,1,2,,,,,,,,,,,,,,,,,,,,,
1780468632.983248,,,TargetKeep,80,,,,,,,,,,,,,,lock_timer_expired,,,,,,,,,,,,,,,,,,,,
1780468632.983248,,,UI_STATUS_SEND,80,,,,338.820883,158.820883,7.448132,,,,,,30,0,"internal_id=80,ui_id=36",80,36,80,1,-1,173.260000,mono,,,,,,,,,,,,,
1780468633.251691,,,MATCH_ACCEPT,81,0,2.391004,10.861250,2.452591,,10.811271,0.079315,7.800675,2.533784,4.193346,2.226713,2,1,,,,,,,,,,,,,,,,,,,,,
1780468633.251691,,,TargetLost,80,,,,,,,,,,,,,,not_in_valid_tracks,,,,,,,,,,,,,,,,,,,,
1780468633.251691,,,TargetSwitch,81,,,,,,,,,,,,,,master_lost,,,,,,,,,,,,,,,,,,,,
1780468633.251691,,,UI_STATUS_SEND,81,,,,2.427862,182.427862,10.840641,,,,,,3,0,"internal_id=81,ui_id=37",81,37,81,1,-1,38.980000,mono,,,,,,,,,,,,,
1780468633.819759,,,MATCH_ACCEPT,81,0,2.345431,10.881875,2.389157,,10.995195,0.121463,8.622946,3.081964,6.578693,2.919808,3,2,,,,,,,,,,,,,,,,,,,,,
1780468633.819759,,,UI_STATUS_SEND,81,,,,2.366734,182.366734,10.921377,,,,,,4,0,"internal_id=81,ui_id=37",81,37,81,1,-1,38.980000,mono,,,,,,,,,,,,,
1780468634.038480,,,MATCH_ACCEPT,81,0,2.336317,10.902500,2.343729,,10.979582,0.077438,7.760659,2.507106,4.658014,1.627566,4,1,,,,,,,,,,,,,,,,,,,,,
1780468634.038480,,,UI_STATUS_SEND,81,,,,2.340564,182.340564,10.940255,,,,,,5,0,"internal_id=81,ui_id=37",81,37,81,1,-1,38.980000,mono,,,,,,,,,,,,,
1780468634.324800,,,MATCH_ACCEPT,81,0,2.352267,10.913958,2.313655,,10.997620,0.092142,7.435034,2.290023,3.922433,1.321771,5,1,,,,,,,,,,,,,,,,,,,,,
1780468634.324800,,,UI_STATUS_SEND,81,,,,2.328544,182.328544,10.959281,,,,,,6,0,"internal_id=81,ui_id=37",81,37,81,1,-1,38.980000,mono,,,,,,,,,,,,,
1780468634.557642,,,MATCH_ACCEPT,81,0,2.349989,10.930000,2.305908,,11.004906,0.086914,7.180263,2.120175,3.362464,1.132679,6,1,,,,,,,,,,,,,,,,,,,,,
1780468634.557642,,,UI_STATUS_SEND,81,,,,2.321327,182.321327,10.973426,,,,,,7,0,"internal_id=81,ui_id=37",81,37,81,1,-1,38.980000,mono,,,,,,,,,,,,,
1780468634.870574,,,MATCH_ACCEPT,81,0,2.473035,10.895625,2.299534,,11.015821,0.211069,7.046312,2.030875,3.064505,1.059947,7,1,,,,,,,,,,,,,,,,,,,,,
1780468634.870574,,,UI_STATUS_SEND,81,,,,2.356616,182.356616,10.967240,,,,,,8,0,"internal_id=81,ui_id=37",81,37,81,1,-1,38.980000,mono,,,,,,,,,,,,,
1780468635.532354,,,MATCH_ACCEPT,80,1,339.038920,7.350417,339.588068,,7.432996,0.555323,10.109651,5.228168,15.493659,11.840078,24,10,,,,,,,,,,,,,,,,,,,,,
1780468635.532354,,,MATCH_ACCEPT,81,0,2.593804,10.785625,2.322619,,11.052275,0.380320,7.866330,2.577553,4.636237,2.007544,8,3,,,,,,,,,,,,,,,,,,,,,
1780468635.532354,,,UI_STATUS_SEND,81,,,,2.438111,182.438111,10.902330,,,,,,9,0,"internal_id=81,ui_id=37",81,37,81,1,-1,26.210000,mono,,,,,,,,,,,,,
1780468635.776803,,,MATCH_ACCEPT,81,0,2.787489,10.549583,2.440667,,10.908204,0.498892,7.293605,2.195737,3.517006,1.304254,9,1,,,,,,,,,,,,,,,,,,,,,
1780468635.776803,,,TargetKeep,81,,,,,,,,,,,,,,lock_timer_expired,,,,,,,,,,,,,,,,,,,,
1780468635.776803,,,UI_STATUS_SEND,81,,,,2.565554,182.565554,10.745046,,,,,,10,0,"internal_id=81,ui_id=37",81,37,81,1,-1,13.440000,mono,,,,,,,,,,,,,
1780468636.340319,,,MATCH_ACCEPT,80,0,339.057149,7.203750,339.190909,,7.324275,0.180050,5.571123,2.202482,3.433164,1.417763,24,3,,,,,,,,,,,,,,,,,,,,,
1780468636.340319,,,TargetLost,81,,,,,,,,,,,,,,not_in_valid_tracks,,,,,,,,,,,,,,,,,,,,
1780468636.340319,,,TargetSwitch,80,,,,,,,,,,,,,,master_lost,,,,,,,,,,,,,,,,,,,,
1780468636.340319,,,UI_STATUS_SEND,80,,,,339.104001,159.104001,7.233406,,,,,,25,0,"internal_id=80,ui_id=36",80,36,80,1,-1,173.260000,mono,,,,,,,,,,,,,
1780468637.594268,,,MATCH_ACCEPT,81,0,2.518608,10.973542,2.695748,,10.590692,0.421844,10.672693,4.448462,12.474664,7.314148,9,8,,,,,,,,,,,,,,,,,,,,,
1780468637.594268,,,TargetLost,80,,,,,,,,,,,,,,not_in_valid_tracks,,,,,,,,,,,,,,,,,,,,
1780468637.594268,,,TargetSwitch,81,,,,,,,,,,,,,,master_lost,,,,,,,,,,,,,,,,,,,,
1780468637.594268,,,UI_STATUS_SEND,81,,,,2.577735,182.577735,10.906151,,,,,,10,0,"internal_id=81,ui_id=37",81,37,81,1,-1,38.980000,mono,,,,,,,,,,,,,
1780468637.888938,,,MATCH_ACCEPT,81,0,2.691785,10.893333,2.584928,,10.922263,0.110704,7.939497,2.626331,5.165342,1.732275,10,1,,,,,,,,,,,,,,,,,,,,,
1780468637.888938,,,UI_STATUS_SEND,81,,,,2.633280,182.633280,10.907053,,,,,,11,0,"internal_id=81,ui_id=37",81,37,81,1,-1,13.440000,mono,,,,,,,,,,,,,
1780468638.757820,,,MATCH_ACCEPT,81,0,2.737358,10.751250,2.675063,,10.955221,0.213272,8.538015,3.025344,6.347741,2.804963,11,4,,,,,,,,,,,,,,,,,,,,,
1780468638.757820,,,UI_STATUS_SEND,81,,,,2.706452,182.706452,10.824222,,,,,,12,0,"internal_id=81,ui_id=37",81,37,81,1,-1,13.440000,mono,,,,,,,,,,,,,
1780468638.979531,,,MATCH_ACCEPT,81,0,2.792046,10.700833,2.720332,,10.818667,0.137941,7.452659,2.301772,3.905265,1.392892,12,1,,,,,,,,,,,,,,,,,,,,,
1780468638.979531,,,UI_STATUS_SEND,81,,,,2.747910,182.747910,10.763132,,,,,,13,0,"internal_id=81,ui_id=37",81,37,81,1,-1,13.440000,mono,,,,,,,,,,,,,
1780468639.547262,,,MATCH_ACCEPT,81,0,2.641655,10.985000,2.781868,,10.735466,0.286228,7.478669,2.319113,3.848163,1.530122,13,2,,,,,,,,,,,,,,,,,,,,,
1780468639.547262,,,UI_STATUS_SEND,81,,,,2.728436,182.728436,10.858927,,,,,,14,0,"internal_id=81,ui_id=37",81,37,81,1,-1,38.980000,mono,,,,,,,,,,,,,
1780468640.267065,,,MATCH_ACCEPT,81,0,2.614311,10.888750,2.760422,,10.875786,0.146684,7.990348,2.660232,4.855611,2.221225,14,3,,,,,,,,,,,,,,,,,,,,,
1780468640.267065,,,UI_STATUS_SEND,81,,,,2.696539,182.696539,10.883396,,,,,,15,0,"internal_id=81,ui_id=37",81,37,81,1,-1,38.980000,mono,,,,,,,,,,,,,
1780468640.828069,,,MATCH_ACCEPT,81,0,2.509494,10.833750,2.704127,,10.897294,0.204743,7.757365,2.504910,4.435886,1.838689,15,2,,,,,,,,,,,,,,,,,,,,,
1780468640.828069,,,UI_STATUS_SEND,81,,,,2.623331,182.623331,10.862942,,,,,,16,0,"internal_id=81,ui_id=37",81,37,81,1,-1,38.980000,mono,,,,,,,,,,,,,
1780468641.449002,,,MATCH_REJECT,80,1,322.878426,23.163958,339.533379,,6.714033,23.409133,19.337029,11.379753,70.569712,58.929063,18,22,,,,,,,,,,,,,,,,,,,,,
1780468641.449002,,,MATCH_ACCEPT,81,0,2.445692,10.817708,2.608743,,10.867854,0.170588,8.041737,2.694492,5.057018,2.203267,16,3,,,,,,,,,,,,,,,,,,,,,
1780468641.449002,,,NEW_TRACK,82,1,322.878426,23.163958,,,,,,,1.000000,1.000000,1,0,,,,,,,,,,,,,,,,,,,,,
1780468641.449002,,,TargetKeep,81,,,,,,,,,,,,,,lock_timer_expired,,,,,,,,,,,,,,,,,,,,
1780468641.449002,,,UI_STATUS_SEND,81,,,,2.535819,182.535819,10.838515,,,,,,17,0,"internal_id=81,ui_id=37",81,37,81,1,-1,38.980000,mono,,,,,,,,,,,,,
1780468641.784390,,,MATCH_ACCEPT,81,1,2.454806,10.769583,2.520991,,10.835708,0.093557,7.348329,2.232219,3.642109,1.340693,17,1,,,,,,,,,,,,,,,,,,,,,
1780468641.784390,,,MATCH_ACCEPT,82,0,322.882983,23.090625,322.878426,,23.163958,0.073475,6.745451,1.830301,1.675000,1.675000,1,1,,,,,,,,,,,,,,,,,,,,,
1780468641.784390,,,UI_STATUS_SEND,81,,,,2.496623,182.496623,10.805172,,,,,,18,0,"internal_id=81,ui_id=37",81,37,81,1,-1,38.980000,mono,,,,,,,,,,,,,
1780468642.061486,,,MATCH_ACCEPT,81,0,2.445692,10.755833,2.478760,,10.797185,0.052948,7.043104,2.028736,3.026332,1.089438,18,1,,,,,,,,,,,,,,,,,,,,,
1780468642.061486,,,UI_STATUS_SEND,81,,,,2.467972,182.467972,10.780197,,,,,,19,0,"internal_id=81,ui_id=37",81,37,81,1,-1,38.980000,mono,,,,,,,,,,,,,
1780468642.468260,,,MATCH_ACCEPT,81,0,2.438856,10.755833,2.436653,,10.762243,0.006778,7.207723,2.138482,3.259625,1.313481,19,2,,,,,,,,,,,,,,,,,,,,,
1780468642.468260,,,UI_STATUS_SEND,81,,,,2.437408,182.437408,10.759316,,,,,,20,0,"internal_id=81,ui_id=37",81,37,81,1,-1,38.980000,mono,,,,,,,,,,,,,
1780468643.057916,,,MATCH_ACCEPT,81,0,2.436577,10.755833,2.402847,,10.738429,0.037955,7.408576,2.272384,3.617247,1.546481,20,2,,,,,,,,,,,,,,,,,,,,,
1780468643.057916,,,UI_STATUS_SEND,81,,,,2.415212,182.415212,10.747086,,,,,,21,0,"internal_id=81,ui_id=37",81,37,81,1,-1,38.980000,mono,,,,,,,,,,,,,
1780468643.337204,,,MATCH_ACCEPT,81,0,2.429741,10.748958,2.397717,,10.737085,0.034155,7.089935,2.059957,3.058579,1.184843,21,1,,,,,,,,,,,,,,,,,,,,,
1780468643.337204,,,UI_STATUS_SEND,81,,,,2.408239,182.408239,10.742205,,,,,,22,0,"internal_id=81,ui_id=37",81,37,81,1,-1,38.980000,mono,,,,,,,,,,,,,
1780468643.958771,,,MATCH_ACCEPT,81,0,2.516330,10.515208,2.368257,,10.719666,0.252445,7.721067,2.480711,4.234271,1.919656,22,3,,,,,,,,,,,,,,,,,,,,,
1780468643.958771,,,UI_STATUS_SEND,81,,,,2.428059,182.428059,10.606952,,,,,,23,0,"internal_id=81,ui_id=37",81,37,81,1,-1,13.440000,mono,,,,,,,,,,,,,
1780468644.213609,,,MATCH_ACCEPT,80,0,338.879415,7.460417,339.757000,,6.443541,1.343202,31.039835,19.181624,195.545572,172.389113,11,33,,,,,,,,,,,,,,,,,,,,,
1780468644.213609,,,TargetLost,81,,,,,,,,,,,,,,not_in_valid_tracks,,,,,,,,,,,,,,,,,,,,
1780468644.213609,,,TargetSwitch,80,,,,,,,,,,,,,,master_lost,,,,,,,,,,,,,,,,,,,,
1780468644.213609,,,UI_STATUS_SEND,80,,,,338.887643,158.887643,7.457695,,,,,,12,0,"internal_id=80,ui_id=36",80,36,80,1,-1,173.260000,mono,,,,,,,,,,,,,
1780468646.648921,,,MATCH_REJECT,81,0,26.521277,44.657187,2.339453,,10.300571,42.013542,14.284661,6.856441,28.048123,18.962658,22,13,,,,,,,,,,,,,,,,,,,,,
1780468646.648921,,,NEW_TRACK,83,0,26.521277,44.657187,,,,,,,1.000000,1.000000,1,0,,,,,,,,,,,,,,,,,,,,,
1780468646.648921,,,TargetLost,80,,,,,,,,,,,,,,not_in_valid_tracks,,,,,,,,,,,,,,,,,,,,
1780468646.913416,,,MATCH_ACCEPT,83,0,26.534948,44.633125,26.521277,,44.657187,0.027675,5.102951,1.830301,1.675000,1.675000,1,1,,,,,,,,,,,,,,,,,,,,,
1780468646.913416,,,TargetLost,80,,,,,,,,,,,,,,not_in_valid_tracks,,,,,,,,,,,,,,,,,,,,
1780468647.237981,,,MATCH_ACCEPT,83,0,26.539506,44.623958,26.529831,,44.631744,0.012419,5.147750,1.831367,2.173362,1.180543,2,1,,,,,,,,,,,,,,,,,,,,,
1780468647.237981,,,TargetLost,80,,,,,,,,,,,,,,not_in_valid_tracks,,,,,,,,,,,,,,,,,,,,
1780468647.237981,,,TargetSwitch,83,,,,,,,,,,,,,,master_lost,,,,,,,,,,,,,,,,,,,,
1780468647.237981,,,UI_STATUS_SEND,83,,,,26.534781,206.534781,44.626335,,,,,,3,0,"internal_id=83,ui_id=38",83,38,83,1,-1,159.930000,mono,,,,,,,,,,,,,
1780468650.215744,,,MATCH_REJECT,83,0,357.288204,47.610000,26.584345,,44.515102,29.459163,18.365494,10.643196,66.888354,46.389265,3,14,,,,,,,,,,,,,,,,,,,,,
1780468650.215744,,,NEW_TRACK,84,0,357.288204,47.610000,,,,,,,1.000000,1.000000,1,0,,,,,,,,,,,,,,,,,,,,,
1780468650.215744,,,TargetLost,83,,,,,,,,,,,,,,not_in_valid_tracks,,,,,,,,,,,,,,,,,,,,
1780468650.425014,,,MATCH_ACCEPT,81,1,10.405003,11.787083,2.221166,,9.891564,8.400487,29.779926,17.186617,162.666307,132.713505,18,30,,,,,,,,,,,,,,,,,,,,,
1780468650.425536,,,MATCH_ACCEPT,84,0,357.283646,47.614583,357.288204,,47.610000,0.006463,4.901909,1.725072,1.487937,1.487937,1,1,,,,,,,,,,,,,,,,,,,,,
1780468650.425014,,,TargetLost,83,,,,,,,,,,,,,,not_in_valid_tracks,,,,,,,,,,,,,,,,,,,,
1780468650.425014,,,TargetSwitch,81,,,,,,,,,,,,,,master_lost,,,,,,,,,,,,,,,,,,,,
1780468650.425014,,,UI_STATUS_SEND,81,,,,10.102196,190.102196,11.765026,,,,,,19,0,"internal_id=81,ui_id=37",81,37,81,1,-1,26.430000,mono,,,,,,,,,,,,,
1780468650.934631,,,MATCH_ACCEPT,82,0,315.007279,46.532917,322.891901,,22.633169,25.166748,67.532676,42.355117,947.138615,846.817335,0,41,,,,,,,,,,,,,,,,,,,,,
1780468650.934631,,,TargetLost,81,,,,,,,,,,,,,,not_in_valid_tracks,,,,,,,,,,,,,,,,,,,,
1780468651.364206,,,BBOX_REJECT,,0,,,,,,,,,,,,,invalid_clipped_bbox,,,,,,,,,,,3898.000,543.000,3962.000,663.000,,,,,,
1780468651.364206,,,TargetLost,81,,,,,,,,,,,,,,not_in_valid_tracks,,,,,,,,,,,,,,,,,,,,
1780468651.570456,,,MATCH_ACCEPT,82,0,314.145951,46.734583,314.436803,,48.383620,1.674490,9.128083,3.418722,8.558443,3.129219,1,3,,,,,,,,,,,,,,,,,,,,,
1780468651.570456,,,TargetLost,81,,,,,,,,,,,,,,not_in_valid_tracks,,,,,,,,,,,,,,,,,,,,
1780468652.072855,,,MATCH_ACCEPT,82,0,313.129675,46.906458,313.802140,,48.298629,1.546076,6.419039,2.767759,5.377590,2.282900,2,2,,,,,,,,,,,,,,,,,,,,,
1780468652.072855,,,TargetLost,81,,,,,,,,,,,,,,not_in_valid_tracks,,,,,,,,,,,,,,,,,,,,
1780468652.072855,,,TargetSwitch,82,,,,,,,,,,,,,,master_lost,,,,,,,,,,,,,,,,,,,,
1780468652.072855,,,UI_STATUS_SEND,82,,,,313.301857,133.301857,47.141073,,,,,,3,0,"internal_id=82,ui_id=39",82,39,82,1,-1,129.940000,mono,,,,,,,,,,,,,
1780468652.490259,,,MATCH_ACCEPT,80,0,339.084493,7.258750,338.403866,,8.051525,1.044866,38.751943,24.323028,302.440176,289.169537,4,38,,,,,,,,,,,,,,,,,,,,,
1780468652.490259,,,TargetLost,82,,,,,,,,,,,,,,not_in_valid_tracks,,,,,,,,,,,,,,,,,,,,
1780468652.490259,,,TargetSwitch,80,,,,,,,,,,,,,,master_lost,,,,,,,,,,,,,,,,,,,,
1780468652.490259,,,UI_STATUS_SEND,80,,,,339.080353,159.080353,7.260016,,,,,,5,0,"internal_id=80,ui_id=36",80,36,80,1,-1,173.260000,mono,,,,,,,,,,,,,
1780468657.766135,,no_packet,TRACK_DELETE,83,,,,26.712654,,44.227151,,,,1003.825247,799.856942,0,50,,,,,,,,,,,,,,,,,,,,,
1780468660.305892,,,MATCH_ACCEPT,81,1,42.006446,40.188542,24.029757,,14.289239,31.526738,51.644324,31.762883,528.128782,480.751931,15,47,,,,,,,,,,,,,,,,,,,,,
1780468660.305892,,,MATCH_ACCEPT,84,0,49.032344,44.287083,357.259099,,47.660757,51.883047,72.610264,46.863976,1149.253610,1046.978612,0,47,,,,,,,,,,,,,,,,,,,,,
1780468660.305892,,,TargetLost,80,,,,,,,,,,,,,,not_in_valid_tracks,,,,,,,,,,,,,,,,,,,,
1780468660.305892,,,TargetSwitch,81,,,,,,,,,,,,,,master_lost,,,,,,,,,,,,,,,,,,,,
1780468660.305892,,,UI_STATUS_SEND,81,,,,41.796194,221.796194,40.104639,,,,,,16,0,"internal_id=81,ui_id=37",81,37,81,1,-1,155.930000,mono,,,,,,,,,,,,,
1780468660.538170,,,MATCH_ACCEPT,81,0,42.020118,40.174792,42.658811,,40.965378,1.016344,6.844935,2.936157,6.762259,1.858757,16,1,,,,,,,,,,,,,,,,,,,,,
1780468660.538170,,,UI_STATUS_SEND,81,,,,42.173899,222.173899,40.351776,,,,,,17,0,"internal_id=81,ui_id=37",81,37,81,1,-1,155.930000,mono,,,,,,,,,,,,,
1780468662.356137,,no_packet,TRACK_DELETE,82,,,,300.322344,,60.504137,,,,615.266640,515.233962,0,50,,,,,,,,,,,,,,,,,,,,,
1780468662.760555,,no_packet,TRACK_DELETE,80,,,,339.539746,,6.735296,,,,599.592023,583.980179,3,50,,,,,,,,,,,,,,,,,,,,,
1780468670.456095,,no_packet,TRACK_DELETE,84,,,,109.260726,,40.337290,,,,663.496448,652.538168,0,50,,,,,,,,,,,,,,,,,,,,,
1780468670.656714,,no_packet,TRACK_DELETE,81,,,,78.654311,,74.927826,,,,653.811892,619.338659,17,50,,,,,,,,,,,,,,,,,,,,,
1780468671.953430,,,NEW_TRACK,85,0,40.176113,12.985625,,,,,,,1.000000,1.000000,1,0,,,,,,,,,,,,,,,,,,,,,
1780468671.953430,,,TargetLost,81,,,,,,,,,,,,,,not_in_valid_tracks,,,,,,,,,,,,,,,,,,,,
1780468672.447073,,,MATCH_ACCEPT,85,0,40.160162,13.070417,40.176113,,12.985625,0.086279,6.177273,2.517715,3.169445,3.169445,1,2,,,,,,,,,,,,,,,,,,,,,
1780468672.447073,,,TargetLost,81,,,,,,,,,,,,,,not_in_valid_tracks,,,,,,,,,,,,,,,,,,,,
1780468672.695747,,,MATCH_ACCEPT,85,0,40.164720,13.075000,40.163005,,13.084706,0.009857,5.329309,1.925739,2.601394,1.107077,2,1,,,,,,,,,,,,,,,,,,,,,
1780468672.695747,,,TargetLost,81,,,,,,,,,,,,,,not_in_valid_tracks,,,,,,,,,,,,,,,,,,,,
1780468672.695747,,,TargetSwitch,85,,,,,,,,,,,,,,master_lost,,,,,,,,,,,,,,,,,,,,
1780468672.695747,,,UI_STATUS_SEND,85,,,,40.163945,220.163945,13.078167,,,,,,3,0,"internal_id=85,ui_id=40",85,40,85,1,-1,155.930000,mono,,,,,,,,,,,,,
1780468682.818805,,no_packet,TRACK_DELETE,85,,,,40.035213,,14.036888,,,,791.489082,643.182770,3,50,,,,,,,,,,,,,,,,,,,,,
1780468692.662008,,,NEW_TRACK,86,0,339.066264,7.102917,,,,,,,1.000000,1.000000,1,0,,,,,,,,,,,,,,,,,,,,,
1780468692.662008,,,TargetLost,85,,,,,,,,,,,,,,not_in_valid_tracks,,,,,,,,,,,,,,,,,,,,
1780468693.408376,,,MATCH_ACCEPT,86,0,339.057149,7.222083,339.066264,,7.102917,0.119515,7.245769,3.318913,5.507591,5.507591,1,3,,,,,,,,,,,,,,,,,,,,,
1780468693.408376,,,TargetLost,85,,,,,,,,,,,,,,not_in_valid_tracks,,,,,,,,,,,,,,,,,,,,
1780468699.063941,,,MATCH_REJECT,86,0,44.159766,41.462708,339.013656,,7.950636,73.260321,30.878107,19.073805,210.401898,153.408127,2,27,,,,,,,,,,,,,,,,,,,,,
1780468699.063941,,,NEW_TRACK,87,0,44.159766,41.462708,,,,,,,1.000000,1.000000,1,0,,,,,,,,,,,,,,,,,,,,,
1780468699.063941,,,TargetLost,85,,,,,,,,,,,,,,not_in_valid_tracks,,,,,,,,,,,,,,,,,,,,
1780468699.417140,,,MATCH_ACCEPT,87,0,44.203060,41.448958,44.159766,,41.462708,0.045425,5.796251,1.830301,1.675000,1.675000,1,1,,,,,,,,,,,,,,,,,,,,,
1780468699.417140,,,TargetLost,85,,,,,,,,,,,,,,not_in_valid_tracks,,,,,,,,,,,,,,,,,,,,
1780468703.870076,,no_packet,TRACK_DELETE,86,,,,338.974620,,8.579663,,,,846.768108,673.812265,0,50,,,,,,,,,,,,,,,,,,,,,
1780468709.540681,,no_packet,TRACK_DELETE,87,,,,44.391364,,41.315318,,,,1287.417132,1142.517049,2,50,,,,,,,,,,,,,,,,,,,,,
1780468717.310072,,,NEW_TRACK,88,0,337.990743,7.817917,,,,,,,1.000000,1.000000,1,0,,,,,,,,,,,,,,,,,,,,,
1780468717.310072,,,TargetLost,85,,,,,,,,,,,,,,not_in_valid_tracks,,,,,,,,,,,,,,,,,,,,
1780468727.403894,,,MATCH_ACCEPT,88,0,336.997253,6.580417,337.990743,,7.817917,1.586956,79.016598,51.166132,1308.986531,1308.986531,1,49,,,,,,,,,,,,,,,,,,,,,
1780468727.403894,,,TargetLost,85,,,,,,,,,,,,,,not_in_valid_tracks,,,,,,,,,,,,,,,,,,,,
1780468727.867705,,,MATCH_ACCEPT,88,0,336.976745,6.454375,336.948078,,6.517787,0.069591,5.297733,2.020222,2.805916,1.275382,2,2,,,,,,,,,,,,,,,,,,,,,
1780468727.867705,,,TargetLost,85,,,,,,,,,,,,,,not_in_valid_tracks,,,,,,,,,,,,,,,,,,,,
1780468727.867705,,,TargetSwitch,88,,,,,,,,,,,,,,master_lost,,,,,,,,,,,,,,,,,,,,
1780468727.867705,,,UI_STATUS_SEND,88,,,,336.965352,156.965352,6.471256,,,,,,3,0,"internal_id=88,ui_id=41",88,41,88,1,-1,173.260000,mono,,,,,,,,,,,,,
1780468728.543810,,,MATCH_ACCEPT,88,0,336.988139,6.580417,336.898731,,6.342446,0.254212,5.800240,2.355227,3.503219,2.043874,3,3,,,,,,,,,,,,,,,,,,,,,
1780468728.543810,,,UI_STATUS_SEND,88,,,,336.957232,156.957232,6.536489,,,,,,4,0,"internal_id=88,ui_id=41",88,41,88,1,-1,173.260000,mono,,,,,,,,,,,,,
1780468729.111133,,,MATCH_ACCEPT,88,0,336.997253,6.222917,336.932349,,6.534247,0.318024,5.157107,1.926471,2.636507,1.074785,4,2,,,,,,,,,,,,,,,,,,,,,
1780468729.111133,,,UI_STATUS_SEND,88,,,,336.970483,156.970483,6.316610,,,,,,5,0,"internal_id=88,ui_id=41",88,41,88,1,-1,173.260000,mono,,,,,,,,,,,,,
1780468737.714092,,,MATCH_ACCEPT,88,0,13.918675,9.525208,336.747125,,4.601581,37.496217,39.435791,24.778927,336.152869,277.842362,5,42,,,,,,,,,,,,,,,,,,,,,
1780468737.714092,,,UI_STATUS_SEND,88,,,,13.715136,193.715136,9.517023,,,,,,6,0,"internal_id=88,ui_id=41",88,41,88,1,-1,97.460000,mono,,,,,,,,,,,,,
1780468738.223804,,,MATCH_ACCEPT,88,0,13.886774,9.532083,16.188793,,9.776911,2.315001,5.999984,1.966123,2.729474,1.136165,6,2,,,,,,,,,,,,,,,,,,,,,
1780468738.223804,,,UI_STATUS_SEND,88,,,,15.158533,195.158533,9.636316,,,,,,7,0,"internal_id=88,ui_id=41",88,41,88,1,-1,97.460000,mono,,,,,,,,,,,,,
1780468739.452149,,,MATCH_REJECT,88,0,33.803321,34.839792,21.211377,,10.159162,27.707229,8.659150,3.738900,8.294940,5.684433,7,6,,,,,,,,,,,,,,,,,,,,,
1780468739.452149,,,NEW_TRACK,89,0,33.803321,34.839792,,,,,,,1.000000,1.000000,1,0,,,,,,,,,,,,,,,,,,,,,
1780468739.452149,,,TargetLost,88,,,,,,,,,,,,,,not_in_valid_tracks,,,,,,,,,,,,,,,,,,,,
1780468739.681172,,,MATCH_ACCEPT,89,0,33.807878,34.839792,33.803321,,34.839792,0.004557,5.655826,1.774551,1.574515,1.574515,1,1,,,,,,,,,,,,,,,,,,,,,
1780468739.681172,,,TargetLost,88,,,,,,,,,,,,,,not_in_valid_tracks,,,,,,,,,,,,,,,,,,,,
1780468739.897899,,,MATCH_ACCEPT,89,0,33.803321,34.839792,33.805286,,34.839792,0.001966,5.799674,1.870450,2.203180,1.295402,2,1,,,,,,,,,,,,,,,,,,,,,
1780468739.897899,,,TargetLost,88,,,,,,,,,,,,,,not_in_valid_tracks,,,,,,,,,,,,,,,,,,,,
1780468739.897899,,,TargetSwitch,89,,,,,,,,,,,,,,master_lost,,,,,,,,,,,,,,,,,,,,
1780468739.897899,,,UI_STATUS_SEND,89,,,,33.804489,213.804489,34.839792,,,,,,3,0,"internal_id=89,ui_id=42",89,42,89,1,-1,100.600000,mono,,,,,,,,,,,,,
1780468741.459800,,,MATCH_ACCEPT,88,0,28.263353,8.736875,30.610780,,10.971084,3.240695,16.170224,8.746282,42.435177,34.062279,4,15,,,,,,,,,,,,,,,,,,,,,
1780468741.459800,,,TargetLost,89,,,,,,,,,,,,,,not_in_valid_tracks,,,,,,,,,,,,,,,,,,,,
1780468741.459800,,,TargetSwitch,88,,,,,,,,,,,,,,master_lost,,,,,,,,,,,,,,,,,,,,
1780468741.459800,,,UI_STATUS_SEND,88,,,,28.436024,208.436024,8.790791,,,,,,5,0,"internal_id=88,ui_id=41",88,41,88,1,-1,159.930000,mono,,,,,,,,,,,,,
1780468741.860907,,,MATCH_ACCEPT,88,0,27.645840,8.702500,29.494333,,8.712966,1.848523,5.708636,2.205291,3.771745,1.091561,5,1,,,,,,,,,,,,,,,,,,,,,
1780468741.860907,,,UI_STATUS_SEND,88,,,,28.301828,208.301828,8.705871,,,,,,6,0,"internal_id=88,ui_id=41",88,41,88,1,-1,173.260000,mono,,,,,,,,,,,,,
1780468750.369449,,no_packet,TRACK_DELETE,89,,,,33.813709,,34.839792,,,,1115.366636,900.158828,1,50,,,,,,,,,,,,,,,,,,,,,
1780468751.989196,,no_packet,TRACK_DELETE,88,,,,66.679654,,5.513400,,,,498.892151,468.398711,6,50,,,,,,,,,,,,,,,,,,,,,
1780468753.025743,,,NEW_TRACK,90,0,333.213524,15.541875,,,,,,,1.000000,1.000000,1,0,,,,,,,,,,,,,,,,,,,,,
1780468753.025743,,,TargetLost,88,,,,,,,,,,,,,,not_in_valid_tracks,,,,,,,,,,,,,,,,,,,,
1780468753.914536,,,MATCH_REJECT,90,0,37.127285,5.936458,333.213524,,15.541875,64.631516,10.281037,4.187358,8.766983,8.766983,1,4,,,,,,,,,,,,,,,,,,,,,
1780468753.914536,,,NEW_TRACK,91,0,37.127285,5.936458,,,,,,,1.000000,1.000000,1,0,,,,,,,,,,,,,,,,,,,,,
1780468753.914536,,,TargetLost,88,,,,,,,,,,,,,,not_in_valid_tracks,,,,,,,,,,,,,,,,,,,,
1780468754.186758,,,MATCH_ACCEPT,91,0,37.102220,6.000625,37.127285,,5.936458,0.068888,5.146151,1.830301,1.675000,1.675000,1,1,,,,,,,,,,,,,,,,,,,,,
1780468754.186758,,,TargetLost,88,,,,,,,,,,,,,,not_in_valid_tracks,,,,,,,,,,,,,,,,,,,,
1780468754.441726,,,MATCH_ACCEPT,91,0,37.088548,6.035000,37.111911,,6.003734,0.039030,5.034407,1.844672,2.201762,1.201052,2,1,,,,,,,,,,,,,,,,,,,,,
1780468754.441726,,,TargetLost,88,,,,,,,,,,,,,,not_in_valid_tracks,,,,,,,,,,,,,,,,,,,,
1780468754.441726,,,TargetSwitch,91,,,,,,,,,,,,,,master_lost,,,,,,,,,,,,,,,,,,,,
1780468754.441726,,,UI_STATUS_SEND,91,,,,37.099218,217.099218,6.026305,,,,,,3,0,"internal_id=91,ui_id=43",91,43,91,1,-1,173.260000,mono,,,,,,,,,,,,,
1780468763.342594,,no_packet,TRACK_DELETE,90,,,,333.213524,,15.541875,,,,1389.988096,1389.988096,0,50,,,,,,,,,,,,,,,,,,,,,
1780468764.557367,,no_packet,TRACK_DELETE,91,,,,36.725101,,7.227739,,,,948.590268,757.529483,3,50,,,,,,,,,,,,,,,,,,,,,
1780468771.346820,,,NEW_TRACK,92,0,37.950216,22.875208,,,,,,,1.000000,1.000000,1,0,,,,,,,,,,,,,,,,,,,,,
1780468771.346820,,,TargetLost,91,,,,,,,,,,,,,,not_in_valid_tracks,,,,,,,,,,,,,,,,,,,,
1780468771.672028,,,MATCH_ACCEPT,92,0,37.929708,23.193750,37.950216,,22.875208,0.319201,5.146151,1.830301,1.675000,1.675000,1,1,,,,,,,,,,,,,,,,,,,,,
1780468771.672028,,,TargetLost,91,,,,,,,,,,,,,,not_in_valid_tracks,,,,,,,,,,,,,,,,,,,,
1780468777.164848,,,MATCH_REJECT,92,0,323.999519,21.811875,37.865955,,25.112425,73.940137,39.251696,24.656197,326.416372,281.511691,2,27,,,,,,,,,,,,,,,,,,,,,
1780468777.164848,,,NEW_TRACK,93,0,323.999519,21.811875,,,,,,,1.000000,1.000000,1,0,,,,,,,,,,,,,,,,,,,,,
1780468777.164848,,,TargetLost,91,,,,,,,,,,,,,,not_in_valid_tracks,,,,,,,,,,,,,,,,,,,,
1780468777.508615,,,MATCH_ACCEPT,93,0,323.906095,21.860000,323.999519,,21.811875,0.105091,5.146151,1.830301,1.675000,1.675000,1,1,,,,,,,,,,,,,,,,,,,,,
1780468777.508615,,,TargetLost,91,,,,,,,,,,,,,,not_in_valid_tracks,,,,,,,,,,,,,,,,,,,,
1780468777.921406,,,MATCH_ACCEPT,93,0,323.951668,21.827917,323.932076,,21.871260,0.047565,5.903725,2.424217,3.631508,2.245320,2,2,,,,,,,,,,,,,,,,,,,,,
1780468777.921406,,,TargetLost,91,,,,,,,,,,,,,,not_in_valid_tracks,,,,,,,,,,,,,,,,,,,,
1780468777.921406,,,TargetSwitch,93,,,,,,,,,,,,,,master_lost,,,,,,,,,,,,,,,,,,,,
1780468777.921406,,,UI_STATUS_SEND,93,,,,323.945054,143.945054,21.835322,,,,,,3,0,"internal_id=93,ui_id=44",93,44,93,1,-1,173.260000,mono,,,,,,,,,,,,,
1780468781.965086,,no_packet,TRACK_DELETE,92,,,,37.801605,,26.820960,,,,1256.398023,1116.717748,0,50,,,,,,,,,,,,,,,,,,,,,
1780468788.036443,,no_packet,TRACK_DELETE,93,,,,323.493858,,21.796373,,,,825.712998,631.490156,3,50,,,,,,,,,,,,,,,,,,,,,
1780468792.634855,,,NEW_TRACK,94,0,356.171472,22.813333,,,,,,,1.000000,1.000000,1,0,,,,,,,,,,,,,,,,,,,,,
1780468792.634855,,,TargetLost,93,,,,,,,,,,,,,,not_in_valid_tracks,,,,,,,,,,,,,,,,,,,,
1780468802.757529,,no_packet,TRACK_DELETE,94,,,,356.171472,,22.813333,,,,1359.638240,1359.638240,1,50,,,,,,,,,,,,,,,,,,,,,
1780468813.991935,,,NEW_TRACK,95,0,359.718153,12.632708,,,,,,,1.000000,1.000000,1,0,,,,,,,,,,,,,,,,,,,,,
1780468813.991935,,,TargetLost,93,,,,,,,,,,,,,,not_in_valid_tracks,,,,,,,,,,,,,,,,,,,,
1780468821.012259,,,MATCH_ACCEPT,95,0,338.719193,49.491458,359.718153,,12.632708,42.420794,55.552331,34.368221,590.587298,590.587298,1,34,,,,,,,,,,,,,,,,,,,,,
1780468821.012259,,,TargetLost,93,,,,,,,,,,,,,,not_in_valid_tracks,,,,,,,,,,,,,,,,,,,,
1780468831.118694,,no_packet,TRACK_DELETE,95,,,,306.032078,,107.611983,,,,608.483858,577.602712,2,50,,,,,,,,,,,,,,,,,,,,,
1780468845.670500,,,NEW_TRACK,96,0,34.728211,16.989444,,,,,,,1.000000,1.000000,1,0,,,,,,,,,,,,,,,,,,,,,
1780468845.670500,,,TargetLost,93,,,,,,,,,,,,,,not_in_valid_tracks,,,,,,,,,,,,,,,,,,,,
1780468845.987229,,,MATCH_ACCEPT,96,0,34.780620,16.999375,34.728211,,16.989444,0.053341,5.327917,1.830301,1.675000,1.675000,1,1,,,,,,,,,,,,,,,,,,,,,
1780468845.987229,,,TargetLost,93,,,,,,,,,,,,,,not_in_valid_tracks,,,,,,,,,,,,,,,,,,,,
1780468846.532213,,,MATCH_REJECT,96,0,17.322972,5.920417,34.764277,,17.001687,20.663825,6.373231,2.621687,4.200423,2.672821,2,2,,,,,,,,,,,,,,,,,,,,,
1780468846.532213,,,NEW_TRACK,97,0,17.322972,5.920417,,,,,,,1.000000,1.000000,1,0,,,,,,,,,,,,,,,,,,,,,
1780468846.532213,,,TargetLost,93,,,,,,,,,,,,,,not_in_valid_tracks,,,,,,,,,,,,,,,,,,,,
1780468846.914753,,,MATCH_ACCEPT,97,0,17.300185,5.996042,17.322972,,5.920417,0.078983,5.186151,1.830301,1.675000,1.675000,1,1,,,,,,,,,,,,,,,,,,,,,
1780468846.914753,,,TargetLost,93,,,,,,,,,,,,,,not_in_valid_tracks,,,,,,,,,,,,,,,,,,,,
1780468847.155769,,,MATCH_ACCEPT,97,0,17.300185,6.000625,17.309385,,5.998313,0.009485,5.182525,1.827883,2.164515,1.176643,2,1,,,,,,,,,,,,,,,,,,,,,
1780468847.155769,,,TargetLost,93,,,,,,,,,,,,,,not_in_valid_tracks,,,,,,,,,,,,,,,,,,,,
1780468847.155769,,,TargetSwitch,97,,,,,,,,,,,,,,master_lost,,,,,,,,,,,,,,,,,,,,
1780468847.155769,,,UI_STATUS_SEND,97,,,,17.304764,197.304764,5.999901,,,,,,3,0,"internal_id=97,ui_id=45",97,45,97,1,-1,155.930000,mono,,,,,,,,,,,,,
1780468856.472103,,no_packet,TRACK_DELETE,96,,,,35.079540,,17.108701,,,,1278.180323,1133.219240,0,50,,,,,,,,,,,,,,,,,,,,,
1780468857.278524,,no_packet,TRACK_DELETE,97,,,,17.078851,,6.898012,,,,981.426904,785.042252,3,50,,,,,,,,,,,,,,,,,,,,,
1780468864.742023,,,NEW_TRACK,98,0,353.391524,21.280208,,,,,,,1.000000,1.000000,1,0,,,,,,,,,,,,,,,,,,,,,
1780468864.742023,,,TargetLost,97,,,,,,,,,,,,,,not_in_valid_tracks,,,,,,,,,,,,,,,,,,,,
1780468874.862136,,no_packet,TRACK_DELETE,98,,,,353.391524,,21.280208,,,,1358.609769,1358.609769,1,50,,,,,,,,,,,,,,,,,,,,,
1780468885.820175,,,NEW_TRACK,99,0,329.953621,19.151250,,,,,,,1.000000,1.000000,1,0,,,,,,,,,,,,,,,,,,,,,
1780468885.820175,,,TargetLost,97,,,,,,,,,,,,,,not_in_valid_tracks,,,,,,,,,,,,,,,,,,,,
1780468895.940145,,no_packet,TRACK_DELETE,99,,,,329.953621,,19.151250,,,,1359.517227,1359.517227,1,50,,,,,,,,,,,,,,,,,,,,,
1780468921.775084,,,NEW_TRACK,100,0,32.506191,7.827083,,,,,,,1.000000,1.000000,1,0,,,,,,,,,,,,,,,,,,,,,
1780468921.775084,,,TargetLost,97,,,,,,,,,,,,,,not_in_valid_tracks,,,,,,,,,,,,,,,,,,,,
1780468931.882409,,no_packet,TRACK_DELETE,100,,,,32.506191,,7.827083,,,,1355.385549,1355.385549,1,50,,,,,,,,,,,,,,,,,,,,,
1780468940.143225,,,NEW_TRACK,101,0,338.592305,7.524583,,,,,,,1.000000,1.000000,1,0,,,,,,,,,,,,,,,,,,,,,
1780468940.143225,,,TargetLost,97,,,,,,,,,,,,,,not_in_valid_tracks,,,,,,,,,,,,,,,,,,,,
1780468942.657395,,,MATCH_ACCEPT,101,0,339.048034,7.139583,338.592305,,7.524583,0.596585,19.640604,11.582136,67.072940,67.072940,1,12,,,,,,,,,,,,,,,,,,,,,
1780468942.657395,,,TargetLost,97,,,,,,,,,,,,,,not_in_valid_tracks,,,,,,,,,,,,,,,,,,,,
1780468952.788202,,no_packet,TRACK_DELETE,101,,,,340.876977,,5.554822,,,,498.855361,463.252081,2,50,,,,,,,,,,,,,,,,,,,,,
1780468956.345477,,,NEW_TRACK,102,0,339.491193,19.334583,,,,,,,1.000000,1.000000,1,0,,,,,,,,,,,,,,,,,,,,,
1780468956.345477,,,TargetLost,97,,,,,,,,,,,,,,not_in_valid_tracks,,,,,,,,,,,,,,,,,,,,
1780468966.471135,,no_packet,TRACK_DELETE,102,,,,339.491193,,19.334583,,,,1360.239131,1360.239131,1,50,,,,,,,,,,,,,,,,,,,,,
1780468970.134518,,,NEW_TRACK,103,0,337.607214,50.156042,,,,,,,1.000000,1.000000,1,0,,,,,,,,,,,,,,,,,,,,,
1780468970.134518,,,TargetLost,97,,,,,,,,,,,,,,not_in_valid_tracks,,,,,,,,,,,,,,,,,,,,
1780468970.663545,,,MATCH_ACCEPT,103,0,337.573034,50.185833,337.607214,,50.156042,0.045341,6.178462,2.518508,3.171442,3.171442,1,2,,,,,,,,,,,,,,,,,,,,,
1780468970.663545,,,TargetLost,97,,,,,,,,,,,,,,not_in_valid_tracks,,,,,,,,,,,,,,,,,,,,
1780468971.144701,,,MATCH_ACCEPT,103,0,337.570756,50.181250,337.572983,,50.198461,0.017354,6.074820,2.538280,4.330945,2.111919,2,2,,,,,,,,,,,,,,,,,,,,,
1780468971.144197,,,TargetLost,97,,,,,,,,,,,,,,not_in_valid_tracks,,,,,,,,,,,,,,,,,,,,
1780468971.144197,,,TargetSwitch,103,,,,,,,,,,,,,,master_lost,,,,,,,,,,,,,,,,,,,,
1780468971.144197,,,UI_STATUS_SEND,103,,,,337.571422,157.571422,50.184343,,,,,,3,0,"internal_id=103,ui_id=46",103,46,103,1,-1,173.260000,mono,,,,,,,,,,,,,
1780468971.657804,,,MATCH_ACCEPT,103,0,337.568477,50.176667,337.557051,,50.192591,0.019600,5.525194,2.171863,3.350892,1.366096,3,2,,,,,,,,,,,,,,,,,,,,,
1780468971.657804,,,UI_STATUS_SEND,103,,,,337.564412,157.564412,50.180696,,,,,,4,0,"internal_id=103,ui_id=46",103,46,103,1,-1,173.260000,mono,,,,,,,,,,,,,
1780468972.270617,,,MATCH_ACCEPT,103,0,337.577592,50.181250,337.552962,,50.183140,0.024702,5.143181,1.917187,2.630585,1.045021,4,2,,,,,,,,,,,,,,,,,,,,,
1780468972.270617,,,UI_STATUS_SEND,103,,,,337.567420,157.567420,50.181830,,,,,,5,0,"internal_id=103,ui_id=46",103,46,103,1,-1,173.260000,mono,,,,,,,,,,,,,
1780468972.802137,,,MATCH_ACCEPT,103,0,337.573034,50.185833,337.560790,,50.183728,0.012424,4.927005,1.773070,2.233089,0.910689,5,2,,,,,,,,,,,,,,,,,,,,,
1780468972.802137,,,UI_STATUS_SEND,103,,,,337.567485,157.567485,50.185124,,,,,,6,0,"internal_id=103,ui_id=46",103,46,103,1,-1,173.260000,mono,,,,,,,,,,,,,
1780468973.444221,,,MATCH_ACCEPT,103,0,337.573034,50.176667,337.561058,,50.188589,0.016899,5.216766,1.966244,2.631458,1.234657,6,3,,,,,,,,,,,,,,,,,,,,,
1780468973.444221,,,UI_STATUS_SEND,103,,,,337.568089,157.568089,50.179917,,,,,,7,0,"internal_id=103,ui_id=46",103,46,103,1,-1,173.260000,mono,,,,,,,,,,,,,
1780468974.569412,,,MATCH_ACCEPT,103,0,337.573034,50.176667,337.562187,,50.178200,0.010955,6.236844,2.646296,4.507062,2.495820,7,5,,,,,,,,,,,,,,,,,,,,,
1780468974.569412,,,UI_STATUS_SEND,103,,,,337.569877,157.569877,50.176906,,,,,,8,0,"internal_id=103,ui_id=46",103,46,103,1,-1,173.260000,mono,,,,,,,,,,,,,
1780468975.145968,,,MATCH_ACCEPT,103,0,337.568477,50.181250,337.569269,,50.175769,0.005538,4.989142,1.814494,2.351296,0.941093,8,2,,,,,,,,,,,,,,,,,,,,,
1780468975.145968,,,UI_STATUS_SEND,103,,,,337.568826,157.568826,50.179443,,,,,,9,0,"internal_id=103,ui_id=46",103,46,103,1,-1,173.260000,mono,,,,,,,,,,,,,
1780468975.747834,,,MATCH_ACCEPT,103,0,337.573034,50.185833,337.568106,,50.179632,0.007921,4.772331,1.669954,1.949479,0.839268,9,2,,,,,,,,,,,,,,,,,,,,,
1780468975.747834,,,TargetKeep,103,,,,,,,,,,,,,,lock_timer_expired,,,,,,,,,,,,,,,,,,,,
1780468975.747834,,,UI_STATUS_SEND,103,,,,337.570634,157.570634,50.183630,,,,,,10,0,"internal_id=103,ui_id=46",103,46,103,1,-1,173.260000,mono,,,,,,,,,,,,,
1780468976.371450,,,MATCH_ACCEPT,103,0,337.573034,50.176667,337.570628,,50.186050,0.009687,5.100412,1.888675,2.382998,1.184095,10,3,,,,,,,,,,,,,,,,,,,,,
1780468976.371450,,,UI_STATUS_SEND,103,,,,337.571982,157.571982,50.179303,,,,,,11,0,"internal_id=103,ui_id=46",103,46,103,1,-1,173.260000,mono,,,,,,,,,,,,,
1780468976.960723,,,MATCH_ACCEPT,103,0,337.577592,50.185833,337.572367,,50.178541,0.008970,4.827833,1.706955,2.023581,0.890114,11,2,,,,,,,,,,,,,,,,,,,,,
1780468976.960723,,,UI_STATUS_SEND,103,,,,337.575096,157.575096,50.183339,,,,,,12,0,"internal_id=103,ui_id=46",103,46,103,1,-1,173.260000,mono,,,,,,,,,,,,,
1780468977.595128,,,MATCH_ACCEPT,103,0,337.573034,50.181250,337.576760,,50.184872,0.005196,5.147697,1.920198,2.476666,1.210495,12,3,,,,,,,,,,,,,,,,,,,,,
1780468977.595128,,,UI_STATUS_SEND,103,,,,337.574628,157.574628,50.182252,,,,,,13,0,"internal_id=103,ui_id=46",103,46,103,1,-1,173.260000,mono,,,,,,,,,,,,,
1780468978.180910,,,MATCH_ACCEPT,103,0,337.577592,50.185833,337.575201,,50.182377,0.004203,4.838253,1.713902,2.047956,0.889503,13,2,,,,,,,,,,,,,,,,,,,,,
1780468978.180910,,,UI_STATUS_SEND,103,,,,337.576457,157.576457,50.184650,,,,,,14,0,"internal_id=103,ui_id=46",103,46,103,1,-1,173.260000,mono,,,,,,,,,,,,,
1780468978.909881,,,MATCH_ACCEPT,103,0,337.568477,50.176667,337.577816,,50.186096,0.013271,5.184956,1.945037,2.536753,1.246417,14,3,,,,,,,,,,,,,,,,,,,,,
1780468978.909881,,,UI_STATUS_SEND,103,,,,337.572416,157.572416,50.179219,,,,,,15,0,"internal_id=103,ui_id=46",103,46,103,1,-1,173.260000,mono,,,,,,,,,,,,,
1780468979.234999,,,MATCH_ACCEPT,103,0,337.568477,50.176667,337.572087,,50.178378,0.003995,4.451244,1.455896,1.536916,0.582718,15,1,,,,,,,,,,,,,,,,,,,,,
1780468979.234999,,,UI_STATUS_SEND,103,,,,337.570449,157.570449,50.177424,,,,,,16,0,"internal_id=103,ui_id=46",103,46,103,1,-1,173.260000,mono,,,,,,,,,,,,,
1780468979.718689,,,MATCH_ACCEPT,103,0,337.577592,50.185833,337.569373,,50.175525,0.013184,4.612846,1.563631,1.688860,0.756081,16,2,,,,,,,,,,,,,,,,,,,,,
1780468979.718689,,,TargetKeep,103,,,,,,,,,,,,,,lock_timer_expired,,,,,,,,,,,,,,,,,,,,
1780468979.718689,,,UI_STATUS_SEND,103,,,,337.573294,157.573294,50.181920,,,,,,17,0,"internal_id=103,ui_id=46",103,46,103,1,-1,173.260000,mono,,,,,,,,,,,,,
1780468980.305782,,,MATCH_ACCEPT,103,0,337.573034,50.181250,337.573410,,50.182617,0.001418,4.691465,1.616043,1.789443,0.822152,17,2,,,,,,,,,,,,,,,,,,,,,
1780468980.305782,,,UI_STATUS_SEND,103,,,,337.573225,157.573225,50.181742,,,,,,18,0,"internal_id=103,ui_id=46",103,46,103,1,-1,173.260000,mono,,,,,,,,,,,,,
1780468980.522129,,,MATCH_ACCEPT,103,0,337.573034,50.181250,337.573254,,50.181908,0.000693,4.270561,1.335441,1.282285,0.501117,18,1,,,,,,,,,,,,,,,,,,,,,
1780468980.522129,,,UI_STATUS_SEND,103,,,,337.573164,157.573164,50.181566,,,,,,19,0,"internal_id=103,ui_id=46",103,46,103,1,-1,173.260000,mono,,,,,,,,,,,,,
1780468980.862322,,,MATCH_ACCEPT,103,0,337.573034,50.185833,337.573181,,50.181679,0.004157,4.163060,1.263773,1.141290,0.455833,19,1,,,,,,,,,,,,,,,,,,,,,
1780468980.862322,,,UI_STATUS_SEND,103,,,,337.573125,157.573125,50.183741,,,,,,20,0,"internal_id=103,ui_id=46",103,46,103,1,-1,173.260000,mono,,,,,,,,,,,,,
1780468981.398811,,,MATCH_ACCEPT,103,0,337.577592,50.181250,337.573139,,50.184848,0.005725,4.509142,1.494495,1.511502,0.722012,20,2,,,,,,,,,,,,,,,,,,,,,
1780468981.398811,,,UI_STATUS_SEND,103,,,,337.575141,157.575141,50.182655,,,,,,21,0,"internal_id=103,ui_id=46",103,46,103,1,-1,173.260000,mono,,,,,,,,,,,,,
1780468982.908457,,,MATCH_ACCEPT,103,0,337.573034,50.176667,337.577285,,50.183272,0.007855,7.141315,3.249277,6.385519,4.172281,21,7,,,,,,,,,,,,,,,,,,,,,
1780468982.908457,,,UI_STATUS_SEND,103,,,,337.573990,157.573990,50.177326,,,,,,22,0,"internal_id=103,ui_id=46",103,46,103,1,-1,173.260000,mono,,,,,,,,,,,,,
1780468983.455920,,,MATCH_ACCEPT,103,0,337.573034,50.181250,337.573881,,50.175901,0.005415,5.051150,1.855833,2.489959,0.954158,22,2,,,,,,,,,,,,,,,,,,,,,
1780468983.455920,,,UI_STATUS_SEND,103,,,,337.573395,157.573395,50.179503,,,,,,23,0,"internal_id=103,ui_id=46",103,46,103,1,-1,173.260000,mono,,,,,,,,,,,,,
1780468983.973487,,,MATCH_ACCEPT,103,0,337.577592,50.181250,337.573165,,50.179343,0.004820,4.782586,1.676791,1.968352,0.843275,23,2,,,,,,,,,,,,,,,,,,,,,
1780468983.973487,,,TargetKeep,103,,,,,,,,,,,,,,lock_timer_expired,,,,,,,,,,,,,,,,,,,,
1780468983.973487,,,UI_STATUS_SEND,103,,,,337.575447,157.575447,50.180574,,,,,,24,0,"internal_id=103,ui_id=46",103,46,103,1,-1,173.260000,mono,,,,,,,,,,,,,
1780468984.585907,,,MATCH_ACCEPT,103,0,337.573034,50.176667,337.575996,,50.181014,0.005260,5.080211,1.875207,2.344626,1.171775,24,3,,,,,,,,,,,,,,,,,,,,,
1780468984.585907,,,UI_STATUS_SEND,103,,,,337.574341,157.574341,50.177897,,,,,,25,0,"internal_id=103,ui_id=46",103,46,103,1,-1,173.260000,mono,,,,,,,,,,,,,
1780468985.101737,,,MATCH_ACCEPT,103,0,337.582149,50.185833,337.574269,,50.177046,0.011803,4.830884,1.708989,2.022755,0.897889,25,2,,,,,,,,,,,,,,,,,,,,,
1780468985.101737,,,UI_STATUS_SEND,103,,,,337.578384,157.578384,50.182845,,,,,,26,0,"internal_id=103,ui_id=46",103,46,103,1,-1,173.260000,mono,,,,,,,,,,,,,
1780468985.730804,,,MATCH_ACCEPT,103,0,337.582149,50.176667,337.579974,,50.184806,0.008425,5.143342,1.917295,2.469501,1.206518,26,3,,,,,,,,,,,,,,,,,,,,,
1780468985.730804,,,UI_STATUS_SEND,103,,,,337.581217,157.581217,50.178923,,,,,,27,0,"internal_id=103,ui_id=46",103,46,103,1,-1,173.260000,mono,,,,,,,,,,,,,
1780468986.250640,,,MATCH_ACCEPT,103,0,337.577592,50.176667,337.582717,,50.178156,0.005337,4.838963,1.714376,2.049256,0.889828,27,2,,,,,,,,,,,,,,,,,,,,,
1780468986.250640,,,UI_STATUS_SEND,103,,,,337.580024,157.580024,50.177176,,,,,,28,0,"internal_id=103,ui_id=46",103,46,103,1,-1,173.260000,mono,,,,,,,,,,,,,
1780468986.802333,,,MATCH_ACCEPT,103,0,337.582149,50.185833,337.580740,,50.176032,0.009902,4.756413,1.659342,1.911341,0.842074,28,2,,,,,,,,,,,,,,,,,,,,,
1780468986.802333,,,UI_STATUS_SEND,103,,,,337.581456,157.581456,50.182358,,,,,,29,0,"internal_id=103,ui_id=46",103,46,103,1,-1,173.260000,mono,,,,,,,,,,,,,
1780468987.398562,,,MATCH_ACCEPT,103,0,337.577592,50.185833,337.582387,,50.183703,0.005247,4.735212,1.645208,1.869798,0.836912,29,2,,,,,,,,,,,,,,,,,,,,,
1780468987.398562,,,UI_STATUS_SEND,103,,,,337.579977,157.579977,50.185075,,,,,,30,0,"internal_id=103,ui_id=46",103,46,103,1,-1,173.260000,mono,,,,,,,,,,,,,
1780468988.020291,,,MATCH_ACCEPT,103,0,337.568477,50.181250,337.580264,,50.187663,0.013419,5.089384,1.881323,2.370205,1.169171,30,3,,,,,,,,,,,,,,,,,,,,,
1780468988.020291,,,TargetKeep,103,,,,,,,,,,,,,,lock_timer_expired,,,,,,,,,,,,,,,,,,,,
1780468988.020291,,,UI_STATUS_SEND,103,,,,337.573645,157.573645,50.183068,,,,,,31,0,"internal_id=103,ui_id=46",103,46,103,1,-1,173.260000,mono,,,,,,,,,,,,,
1780468989.206293,,,MATCH_ACCEPT,103,0,337.577592,50.181250,337.569654,,50.183499,0.008250,6.223004,2.637069,4.440772,2.513362,31,5,,,,,,,,,,,,,,,,,,,,,
1780468989.206293,,,UI_STATUS_SEND,103,,,,337.575257,157.575257,50.181600,,,,,,32,0,"internal_id=103,ui_id=46",103,46,103,1,-1,173.260000,mono,,,,,,,,,,,,,
1780468989.850309,,,MATCH_ACCEPT,103,0,337.568477,50.181250,337.574847,,50.181021,0.006374,5.388636,2.080824,2.996410,1.333417,32,3,,,,,,,,,,,,,,,,,,,,,
1780468989.850309,,,UI_STATUS_SEND,103,,,,337.570909,157.570909,50.181191,,,,,,33,0,"internal_id=103,ui_id=46",103,46,103,1,-1,173.260000,mono,,,,,,,,,,,,,
1780468990.435205,,,MATCH_ACCEPT,103,0,337.577592,50.185833,337.569607,,50.180845,0.009415,4.866672,1.732848,2.112636,0.890126,33,2,,,,,,,,,,,,,,,,,,,,,
1780468990.435205,,,UI_STATUS_SEND,103,,,,337.573863,157.573863,50.184127,,,,,,34,0,"internal_id=103,ui_id=46",103,46,103,1,-1,173.260000,mono,,,,,,,,,,,,,
1780468990.679574,,,MATCH_ACCEPT,103,0,337.577592,50.185833,337.573794,,50.184617,0.003988,4.360116,1.395144,1.409149,0.537277,34,1,,,,,,,,,,,,,,,,,,,,,
1780468990.679574,,,UI_STATUS_SEND,103,,,,337.575436,157.575436,50.185270,,,,,,35,0,"internal_id=103,ui_id=46",103,46,103,1,-1,173.260000,mono,,,,,,,,,,,,,
1780468991.195573,,,MATCH_ACCEPT,103,0,337.568477,50.181250,337.575794,,50.186451,0.008977,4.589011,1.547741,1.639372,0.756130,35,2,,,,,,,,,,,,,,,,,,,,,
1780468991.195573,,,UI_STATUS_SEND,103,,,,337.572357,157.572357,50.183224,,,,,,36,0,"internal_id=103,ui_id=46",103,46,103,1,-1,173.260000,mono,,,,,,,,,,,,,
1780468991.476341,,,MATCH_ACCEPT,103,0,337.568477,50.181250,337.571962,,50.183135,0.003962,4.293172,1.350515,1.297648,0.526241,36,1,,,,,,,,,,,,,,,,,,,,,
1780468991.476341,,,UI_STATUS_SEND,103,,,,337.570526,157.570526,50.182132,,,,,,37,0,"internal_id=103,ui_id=46",103,46,103,1,-1,173.260000,mono,,,,,,,,,,,,,
1780468991.974046,,,MATCH_ACCEPT,103,0,337.568477,50.181250,337.569348,,50.181542,0.000919,4.572014,1.536409,1.611032,0.749522,37,2,,,,,,,,,,,,,,,,,,,,,
1780468991.974046,,,TargetKeep,103,,,,,,,,,,,,,,lock_timer_expired,,,,,,,,,,,,,,,,,,,,
1780468991.974046,,,UI_STATUS_SEND,103,,,,337.568943,157.568943,50.181362,,,,,,38,0,"internal_id=103,ui_id=46",103,46,103,1,-1,173.260000,mono,,,,,,,,,,,,,
1780468992.507952,,,MATCH_ACCEPT,103,0,337.577592,50.181250,337.567639,,50.180699,0.009968,4.682627,1.610151,1.774764,0.817823,38,2,,,,,,,,,,,,,,,,,,,,,
1780468992.507952,,,UI_STATUS_SEND,103,,,,337.572511,157.572511,50.181051,,,,,,39,0,"internal_id=103,ui_id=46",103,46,103,1,-1,173.260000,mono,,,,,,,,,,,,,
1780468993.072583,,,MATCH_ACCEPT,103,0,337.577592,50.185833,337.572713,,50.180532,0.007205,4.706830,1.626287,1.822669,0.822140,39,2,,,,,,,,,,,,,,,,,,,,,
1780468993.072583,,,UI_STATUS_SEND,103,,,,337.575134,157.575134,50.183924,,,,,,40,0,"internal_id=103,ui_id=46",103,46,103,1,-1,173.260000,mono,,,,,,,,,,,,,
1780468993.627321,,,MATCH_ACCEPT,103,0,337.577592,50.181250,337.576069,,50.184730,0.003799,4.713745,1.630897,1.835076,0.824748,40,2,,,,,,,,,,,,,,,,,,,,,
1780468993.627321,,,UI_STATUS_SEND,103,,,,337.576827,157.576827,50.182501,,,,,,41,0,"internal_id=103,ui_id=46",103,46,103,1,-1,173.260000,mono,,,,,,,,,,,,,
1780468994.590641,,,MATCH_ACCEPT,103,0,337.573034,50.181250,337.579037,,50.182374,0.006107,5.607747,2.226898,3.211459,1.747615,41,4,,,,,,,,,,,,,,,,,,,,,
1780468994.590641,,,UI_STATUS_SEND,103,,,,337.575229,157.575229,50.181485,,,,,,42,0,"internal_id=103,ui_id=46",103,46,103,1,-1,173.260000,mono,,,,,,,,,,,,,
1780468995.098508,,,MATCH_ACCEPT,103,0,337.573034,50.181250,337.575357,,50.181117,0.002326,4.912115,1.763143,2.190281,0.918393,42,2,,,,,,,,,,,,,,,,,,,,,
1780468995.098508,,,UI_STATUS_SEND,103,,,,337.574098,157.574098,50.181205,,,,,,43,0,"internal_id=103,ui_id=46",103,46,103,1,-1,173.260000,mono,,,,,,,,,,,,,
1780468995.712964,,,MATCH_ACCEPT,103,0,337.573034,50.190417,337.573799,,50.180751,0.009696,5.103895,1.890997,2.417036,1.158832,43,3,,,,,,,,,,,,,,,,,,,,,
1780468995.712964,,,TargetKeep,103,,,,,,,,,,,,,,lock_timer_expired,,,,,,,,,,,,,,,,,,,,
1780468995.712964,,,UI_STATUS_SEND,103,,,,337.573366,157.573366,50.187658,,,,,,44,0,"internal_id=103,ui_id=46",103,46,103,1,-1,173.260000,mono,,,,,,,,,,,,,
1780468997.074687,,,MATCH_REJECT,103,0,337.990743,7.795000,337.572413,,50.193835,42.400899,6.759416,2.994677,5.589998,3.378094,44,6,,,,,,,,,,,,,,,,,,,,,
1780468997.074687,,,NEW_TRACK,104,0,337.990743,7.795000,,,,,,,1.000000,1.000000,1,0,,,,,,,,,,,,,,,,,,,,,
1780468997.074687,,,TargetLost,103,,,,,,,,,,,,,,not_in_valid_tracks,,,,,,,,,,,,,,,,,,,,
1780468997.356922,,,MATCH_ACCEPT,103,0,337.577592,50.181250,337.572225,,50.195060,0.014816,7.446575,3.452784,7.278432,4.643282,43,7,,,,,,,,,,,,,,,,,,,,,
1780468997.356922,,,UI_STATUS_SEND,103,,,,337.576504,157.576504,50.182501,,,,,,44,0,"internal_id=103,ui_id=46",103,46,103,1,-1,173.260000,mono,,,,,,,,,,,,,
1780468997.863403,,,MATCH_ACCEPT,103,0,337.577592,50.181250,337.577118,,50.181409,0.000500,5.058994,1.861063,2.514288,0.949267,44,2,,,,,,,,,,,,,,,,,,,,,
1780468997.863403,,,UI_STATUS_SEND,103,,,,337.577391,157.577391,50.181302,,,,,,45,0,"internal_id=103,ui_id=46",103,46,103,1,-1,173.260000,mono,,,,,,,,,,,,,
1780468998.336711,,,MATCH_ACCEPT,103,0,337.577592,50.181250,337.578069,,50.180178,0.001174,4.775449,1.672033,1.959930,0.835763,45,2,,,,,,,,,,,,,,,,,,,,,
1780468998.336711,,,UI_STATUS_SEND,103,,,,337.577823,157.577823,50.180868,,,,,,46,0,"internal_id=103,ui_id=46",103,46,103,1,-1,173.260000,mono,,,,,,,,,,,,,
1780469000.193459,,,MATCH_ACCEPT,103,0,337.573034,50.185833,337.580337,,50.177353,0.011191,8.381407,4.076004,9.796469,6.817343,46,9,,,,,,,,,,,,,,,,,,,,,
1780469000.193459,,,UI_STATUS_SEND,103,,,,337.574195,157.574195,50.185294,,,,,,47,0,"internal_id=103,ui_id=46",103,46,103,1,-1,173.260000,mono,,,,,,,,,,,,,
1780469000.698377,,,MATCH_ACCEPT,103,0,337.582149,50.185833,337.573530,,50.186322,0.008633,5.098098,1.887132,2.598615,0.962653,47,2,,,,,,,,,,,,,,,,,,,,,
1780469000.698377,,,UI_STATUS_SEND,103,,,,337.578564,157.578564,50.185992,,,,,,48,0,"internal_id=103,ui_id=46",103,46,103,1,-1,173.260000,mono,,,,,,,,,,,,,
1780469001.349019,,,MATCH_ACCEPT,103,0,337.568477,50.181250,337.579353,,50.187298,0.012444,5.214784,1.964923,2.594296,1.266626,48,3,,,,,,,,,,,,,,,,,,,,,
1780469001.349019,,,UI_STATUS_SEND,103,,,,337.573005,157.573005,50.182868,,,,,,49,0,"internal_id=103,ui_id=46",103,46,103,1,-1,173.260000,mono,,,,,,,,,,,,,
1780469002.012910,,,MATCH_ACCEPT,103,0,337.573034,50.185833,337.571257,,50.181762,0.004442,5.302288,2.023259,2.746564,1.347013,49,3,,,,,,,,,,,,,,,,,,,,,
1780469002.012910,,,TargetKeep,103,,,,,,,,,,,,,,lock_timer_expired,,,,,,,,,,,,,,,,,,,,
1780469002.012910,,,UI_STATUS_SEND,103,,,,337.572319,157.572319,50.184792,,,,,,50,0,"internal_id=103,ui_id=46",103,46,103,1,-1,173.260000,mono,,,,,,,,,,,,,
1780469002.328334,,,MATCH_ACCEPT,103,0,337.573034,50.185833,337.571821,,50.184980,0.001484,4.478899,1.474332,1.581903,0.591754,50,1,,,,,,,,,,,,,,,,,,,,,
1780469002.328334,,,UI_STATUS_SEND,103,,,,337.572380,157.572380,50.185459,,,,,,51,0,"internal_id=103,ui_id=46",103,46,103,1,-1,173.260000,mono,,,,,,,,,,,,,
1780469002.906498,,,MATCH_ACCEPT,103,0,337.568477,50.181250,337.571644,,50.185984,0.005695,4.625358,1.571972,1.712536,0.758559,51,2,,,,,,,,,,,,,,,,,,,,,
1780469002.906498,,,UI_STATUS_SEND,103,,,,337.570122,157.570122,50.183043,,,,,,52,0,"internal_id=103,ui_id=46",103,46,103,1,-1,173.260000,mono,,,,,,,,,,,,,
1780469003.486444,,,MATCH_ACCEPT,103,0,337.577592,50.181250,337.568912,,50.182372,0.008751,4.701731,1.622888,1.808883,0.824881,52,2,,,,,,,,,,,,,,,,,,,,,
1780469003.486444,,,UI_STATUS_SEND,103,,,,337.573202,157.573202,50.181653,,,,,,53,0,"internal_id=103,ui_id=46",103,46,103,1,-1,173.260000,mono,,,,,,,,,,,,,
1780469004.011954,,,MATCH_ACCEPT,103,0,337.573034,50.181250,337.573312,,50.180698,0.000618,4.720992,1.635728,1.843847,0.831760,53,2,,,,,,,,,,,,,,,,,,,,,
1780469004.011954,,,UI_STATUS_SEND,103,,,,337.573173,157.573173,50.181053,,,,,,54,0,"internal_id=103,ui_id=46",103,46,103,1,-1,173.260000,mono,,,,,,,,,,,,,
1780469004.753520,,,MATCH_ACCEPT,103,0,337.568477,50.181250,337.573271,,50.179874,0.004987,5.149676,1.921518,2.465914,1.226316,54,3,,,,,,,,,,,,,,,,,,,,,
1780469004.753520,,,UI_STATUS_SEND,103,,,,337.570532,157.570532,50.180873,,,,,,55,0,"internal_id=103,ui_id=46",103,46,103,1,-1,173.260000,mono,,,,,,,,,,,,,
1780469005.215081,,,MATCH_ACCEPT,103,0,337.568477,50.181250,337.569813,,50.180424,0.001571,4.830214,1.708542,2.036482,0.882635,55,2,,,,,,,,,,,,,,,,,,,,,
1780469005.215081,,,TargetKeep,103,,,,,,,,,,,,,,lock_timer_expired,,,,,,,,,,,,,,,,,,,,
1780469005.215081,,,UI_STATUS_SEND,103,,,,337.569113,157.569113,50.180966,,,,,,56,0,"internal_id=103,ui_id=46",103,46,103,1,-1,173.260000,mono,,,,,,,,,,,,,
1780469005.500389,,,MATCH_ACCEPT,103,0,337.568477,50.181250,337.568603,,50.180831,0.000438,4.358479,1.394053,1.405295,0.538088,56,1,,,,,,,,,,,,,,,,,,,,,
1780469005.500389,,,UI_STATUS_SEND,103,,,,337.568549,157.568549,50.181056,,,,,,57,0,"internal_id=103,ui_id=46",103,46,103,1,-1,173.260000,mono,,,,,,,,,,,,,
1780469008.534925,,no_packet,TRACK_DELETE,104,,,,337.990743,,7.795000,,,,1534.117295,1534.117295,0,50,,,,,,,,,,,,,,,,,,,,,
1780469014.091073,,,MATCH_REJECT,103,0,337.396016,7.930208,337.550820,,50.178170,42.248245,37.930940,23.775693,296.051584,269.232015,57,42,,,,,,,,,,,,,,,,,,,,,
1780469014.091073,,,NEW_TRACK,105,0,337.396016,7.930208,,,,,,,1.000000,1.000000,1,0,,,,,,,,,,,,,,,,,,,,,
1780469014.091073,,,TargetLost,103,,,,,,,,,,,,,,not_in_valid_tracks,,,,,,,,,,,,,,,,,,,,
1780469015.704849,,no_packet,TRACK_DELETE,103,,,,337.547473,,50.177625,,,,470.308769,433.795212,56,50,,,,,,,,,,,,,,,,,,,,,
1780469024.218996,,no_packet,TRACK_DELETE,105,,,,337.396016,,7.930208,,,,1361.438534,1361.438534,1,50,,,,,,,,,,,,,,,,,,,,,
1780469035.255702,,,NEW_TRACK,106,0,322.534350,22.740000,,,,,,,1.000000,1.000000,1,0,,,,,,,,,,,,,,,,,,,,,
1780469035.255702,,,TargetLost,103,,,,,,,,,,,,,,not_in_valid_tracks,,,,,,,,,,,,,,,,,,,,
1780469035.761154,,,MATCH_ACCEPT,106,0,322.561694,22.662083,322.534350,,22.740000,0.082575,7.784436,2.522957,3.182656,3.182656,1,2,,,,,,,,,,,,,,,,,,,,,
1780469035.761154,,,NEW_TRACK,107,1,324.990730,17.171250,,,,,,,1.000000,1.000000,1,0,,,,,,,,,,,,,,,,,,,,,
1780469035.761154,,,TargetLost,103,,,,,,,,,,,,,,not_in_valid_tracks,,,,,,,,,,,,,,,,,,,,
1780469045.889977,,no_packet,TRACK_DELETE,106,,,,322.678637,,21.922695,,,,1235.323852,975.866923,2,50,,,,,,,,,,,,,,,,,,,,,
1780469045.889977,,no_packet,TRACK_DELETE,107,,,,324.990730,,17.171250,,,,1361.569134,1361.569134,1,50,,,,,,,,,,,,,,,,,,,,,
1780469055.814987,,,NEW_TRACK,108,0,337.197774,7.341250,,,,,,,1.000000,1.000000,1,0,,,,,,,,,,,,,,,,,,,,,
1780469055.814987,,,TargetLost,103,,,,,,,,,,,,,,not_in_valid_tracks,,,,,,,,,,,,,,,,,,,,
1780469056.400998,,,MATCH_ACCEPT,108,0,337.004089,7.320625,337.197774,,7.341250,0.194780,7.778776,2.519184,3.173145,3.173145,1,2,,,,,,,,,,,,,,,,,,,,,
1780469056.400998,,,TargetLost,103,,,,,,,,,,,,,,not_in_valid_tracks,,,,,,,,,,,,,,,,,,,,
1780469057.023740,,,MATCH_ACCEPT,108,0,337.206889,7.377917,337.073808,,7.314983,0.147211,8.016956,3.833037,9.256558,5.435617,2,3,,,,,,,,,,,,,,,,,,,,,
1780469057.023740,,,TargetLost,103,,,,,,,,,,,,,,not_in_valid_tracks,,,,,,,,,,,,,,,,,,,,
1780469057.023740,,,TargetSwitch,108,,,,,,,,,,,,,,master_lost,,,,,,,,,,,,,,,,,,,,
1780469057.023740,,,UI_STATUS_SEND,108,,,,337.184714,157.184714,7.372980,,,,,,3,0,"internal_id=108,ui_id=47",108,47,108,1,-1,173.260000,mono,,,,,,,,,,,,,
1780469057.619023,,,MATCH_ACCEPT,108,0,337.197774,7.497083,337.186799,,7.389860,0.107784,5.528493,2.174062,3.452521,1.274024,3,2,,,,,,,,,,,,,,,,,,,,,
1780469057.619023,,,UI_STATUS_SEND,108,,,,337.193944,157.193944,7.468517,,,,,,4,0,"internal_id=108,ui_id=47",108,47,108,1,-1,173.260000,mono,,,,,,,,,,,,,
1780469060.654048,,,MATCH_ACCEPT,108,0,337.307149,7.506250,337.224316,,7.814330,0.319022,13.324792,7.371595,31.774757,22.565648,4,15,,,,,,,,,,,,,,,,,,,,,
1780469060.654048,,,UI_STATUS_SEND,108,,,,337.302590,157.302590,7.512440,,,,,,5,0,"internal_id=108,ui_id=47",108,47,108,1,-1,173.260000,mono,,,,,,,,,,,,,
1780469064.223602,,,MATCH_ACCEPT,108,0,337.958842,7.909583,337.426886,,7.524622,0.656637,14.637117,8.246478,37.594389,30.410007,5,17,,,,,,,,,,,,,,,,,,,,,
1780469064.223602,,,UI_STATUS_SEND,108,,,,337.933882,157.933882,7.903814,,,,,,6,0,"internal_id=108,ui_id=47",108,47,108,1,-1,173.260000,mono,,,,,,,,,,,,,
1780469064.759818,,,MATCH_ACCEPT,108,0,338.027201,7.882083,338.020036,,7.962871,0.081105,5.136600,1.912800,2.686317,0.972488,6,2,,,,,,,,,,,,,,,,,,,,,
1780469064.759818,,,UI_STATUS_SEND,108,,,,338.024278,158.024278,7.908129,,,,,,7,0,"internal_id=108,ui_id=47",108,47,108,1,-1,173.260000,mono,,,,,,,,,,,,,
1780469067.101724,,,MATCH_ACCEPT,108,0,338.027201,7.882083,338.462519,,8.103974,0.488608,10.167553,5.266769,15.769002,11.969851,7,11,,,,,,,,,,,,,,,,,,,,,
1780469067.101724,,,UI_STATUS_SEND,108,,,,338.072927,158.072927,7.890341,,,,,,8,0,"internal_id=108,ui_id=47",108,47,108,1,-1,173.260000,mono,,,,,,,,,,,,,
1780469071.177137,,,MATCH_REJECT,108,1,26.597662,5.537708,338.201342,,7.843445,48.451215,16.767529,9.666753,52.049646,41.396460,8,20,,,,,,,,,,,,,,,,,,,,,
1780469071.177137,,,NEW_TRACK,109,0,40.401699,6.704167,,,,,,,1.000000,1.000000,1,0,,,,,,,,,,,,,,,,,,,,,
1780469071.177137,,,NEW_TRACK,110,1,26.597662,5.537708,,,,,,,1.000000,1.000000,1,0,,,,,,,,,,,,,,,,,,,,,
1780469071.177137,,,TargetLost,108,,,,,,,,,,,,,,not_in_valid_tracks,,,,,,,,,,,,,,,,,,,,
1780469071.445525,,,MATCH_ACCEPT,110,0,26.761725,5.427708,26.597662,,5.537708,0.197526,5.186151,1.830301,1.675000,1.675000,1,1,,,,,,,,,,,,,,,,,,,,,
1780469071.445525,,,TargetLost,108,,,,,,,,,,,,,,not_in_valid_tracks,,,,,,,,,,,,,,,,,,,,
1780469074.760009,,,MATCH_ACCEPT,110,0,30.674500,19.614167,27.023139,,5.044928,15.019826,24.191008,14.500205,114.471047,95.784903,2,16,,,,,,,,,,,,,,,,,,,,,
1780469074.760009,,,TargetLost,108,,,,,,,,,,,,,,not_in_valid_tracks,,,,,,,,,,,,,,,,,,,,
1780469074.760009,,,TargetSwitch,110,,,,,,,,,,,,,,master_lost,,,,,,,,,,,,,,,,,,,,
1780469074.760009,,,UI_STATUS_SEND,110,,,,30.607353,210.607353,19.533073,,,,,,3,0,"internal_id=110,ui_id=48",110,48,110,1,-1,155.930000,mono,,,,,,,,,,,,,
1780469077.381757,,no_packet,TRACK_DELETE,108,,,,338.395565,,7.772516,,,,504.479082,458.540475,5,50,,,,,,,,,,,,,,,,,,,,,
1780469081.428483,,no_packet,TRACK_DELETE,109,,,,40.401699,,6.704167,,,,1379.275848,1379.275848,0,50,,,,,,,,,,,,,,,,,,,,,
1780469084.870708,,no_packet,TRACK_DELETE,110,,,,42.649044,,63.989054,,,,501.166802,470.034993,3,50,,,,,,,,,,,,,,,,,,,,,
1780469114.939698,,,NEW_TRACK,111,0,0.214310,38.719583,,,,,,,1.000000,1.000000,1,0,,,,,,,,,,,,,,,,,,,,,
1780469114.939698,,,TargetLost,110,,,,,,,,,,,,,,not_in_valid_tracks,,,,,,,,,,,,,,,,,,,,
1780469125.059273,,no_packet,TRACK_DELETE,111,,,,0.214310,,38.719583,,,,1359.242992,1359.242992,1,50,,,,,,,,,,,,,,,,,,,,,
1780469130.766420,,,NEW_TRACK,112,0,358.262098,13.936667,,,,,,,1.000000,1.000000,1,0,,,,,,,,,,,,,,,,,,,,,
1780469130.766420,,,TargetLost,110,,,,,,,,,,,,,,not_in_valid_tracks,,,,,,,,,,,,,,,,,,,,
1780469137.600288,,,MATCH_ACCEPT,112,0,34.228847,8.521458,358.262098,,13.936667,36.372126,53.026792,33.317328,555.022183,555.022183,1,33,,,,,,,,,,,,,,,,,,,,,
1780469137.600288,,,TargetLost,110,,,,,,,,,,,,,,not_in_valid_tracks,,,,,,,,,,,,,,,,,,,,
1780469137.966490,,,MATCH_ACCEPT,112,0,34.208340,8.537500,35.449502,,8.312222,1.261441,5.725682,2.216655,3.813616,1.099943,2,1,,,,,,,,,,,,,,,,,,,,,
1780469137.966490,,,TargetLost,110,,,,,,,,,,,,,,not_in_valid_tracks,,,,,,,,,,,,,,,,,,,,
1780469137.966490,,,TargetSwitch,112,,,,,,,,,,,,,,master_lost,,,,,,,,,,,,,,,,,,,,
1780469137.966490,,,UI_STATUS_SEND,112,,,,34.645668,214.645668,8.465309,,,,,,3,0,"internal_id=112,ui_id=49",112,49,112,1,-1,173.260000,mono,,,,,,,,,,,,,
1780469138.229073,,,MATCH_ACCEPT,112,0,34.208340,8.537500,36.024327,,8.272233,1.835259,4.583944,1.544363,1.735549,0.649507,3,1,,,,,,,,,,,,,,,,,,,,,
1780469138.229073,,,UI_STATUS_SEND,112,,,,35.145512,215.145512,8.427144,,,,,,4,0,"internal_id=112,ui_id=49",112,49,112,1,-1,173.260000,mono,,,,,,,,,,,,,
1780469138.500885,,,MATCH_ACCEPT,112,0,34.244798,8.505417,36.401048,,8.279604,2.168042,4.351667,1.389511,1.337137,0.593605,4,1,,,,,,,,,,,,,,,,,,,,,
1780469138.500885,,,UI_STATUS_SEND,112,,,,35.496637,215.496637,8.406502,,,,,,5,0,"internal_id=112,ui_id=49",112,49,112,1,-1,159.930000,mono,,,,,,,,,,,,,
1780469138.707905,,,MATCH_ACCEPT,112,0,34.256191,8.493958,36.387340,,8.318665,2.138346,4.347917,1.298145,1.171751,0.513429,5,1,,,,,,,,,,,,,,,,,,,,,
1780469138.707905,,,UI_STATUS_SEND,112,,,,35.618164,215.618164,8.405864,,,,,,6,0,"internal_id=112,ui_id=49",112,49,112,1,-1,159.930000,mono,,,,,,,,,,,,,
1780469148.837551,,no_packet,TRACK_DELETE,112,,,,72.212268,,5.213583,,,,549.192435,470.812912,6,50,,,,,,,,,,,,,,,,,,,,,
1780469189.968353,,,NEW_TRACK,113,0,338.956889,7.405417,,,,,,,1.000000,1.000000,1,0,,,,,,,,,,,,,,,,,,,,,
1780469189.968353,,,TargetLost,112,,,,,,,,,,,,,,not_in_valid_tracks,,,,,,,,,,,,,,,,,,,,
1780469191.402125,,,MATCH_ACCEPT,113,0,338.902201,7.451250,338.956889,,7.405417,0.071354,12.371007,6.735738,22.685081,22.685081,1,7,,,,,,,,,,,,,,,,,,,,,
1780469191.402125,,,TargetLost,112,,,,,,,,,,,,,,not_in_valid_tracks,,,,,,,,,,,,,,,,,,,,
1780469192.021785,,,MATCH_ACCEPT,113,0,338.902201,7.451250,338.885317,,7.468997,0.024495,5.831932,2.376355,4.083570,1.563491,2,3,,,,,,,,,,,,,,,,,,,,,
1780469192.021785,,,TargetLost,112,,,,,,,,,,,,,,not_in_valid_tracks,,,,,,,,,,,,,,,,,,,,
1780469192.021785,,,TargetSwitch,113,,,,,,,,,,,,,,master_lost,,,,,,,,,,,,,,,,,,,,
1780469192.021785,,,UI_STATUS_SEND,113,,,,338.896935,158.896935,7.455303,,,,,,3,0,"internal_id=113,ui_id=50",113,50,113,1,-1,173.260000,mono,,,,,,,,,,,,,
1780469193.898688,,,MATCH_ACCEPT,113,0,338.674336,7.506250,338.846858,,7.490287,0.173259,8.900371,4.421981,11.747448,7.806465,3,9,,,,,,,,,,,,,,,,,,,,,
1780469193.898688,,,UI_STATUS_SEND,113,,,,338.697818,158.697818,7.505357,,,,,,4,0,"internal_id=113,ui_id=50",113,50,113,1,-1,173.260000,mono,,,,,,,,,,,,,
1780469200.384691,,,MATCH_ACCEPT,113,0,336.988139,7.286250,338.100081,,7.677070,1.178625,27.775645,17.005497,155.584681,133.602241,4,32,,,,,,,,,,,,,,,,,,,,,
1780469200.384691,,,UI_STATUS_SEND,113,,,,337.001210,157.001210,7.287599,,,,,,5,0,"internal_id=113,ui_id=50",113,50,113,1,-1,173.260000,mono,,,,,,,,,,,,,
1780469201.841480,,,MATCH_ACCEPT,113,0,336.988139,7.167083,336.561142,,7.211552,0.429306,8.021870,3.836313,8.596160,6.121138,5,7,,,,,,,,,,,,,,,,,,,,,
1780469201.841480,,,UI_STATUS_SEND,113,,,,336.912491,156.912491,7.170209,,,,,,6,0,"internal_id=113,ui_id=50",113,50,113,1,-1,173.260000,mono,,,,,,,,,,,,,
1780469202.467546,,,MATCH_ACCEPT,113,0,337.042826,7.116667,336.835801,,7.121077,0.207072,5.539595,2.181463,3.363512,1.395270,6,3,,,,,,,,,,,,,,,,,,,,,
1780469202.467546,,,UI_STATUS_SEND,113,,,,336.969343,156.969343,7.117765,,,,,,7,0,"internal_id=113,ui_id=50",113,50,113,1,-1,173.260000,mono,,,,,,,,,,,,,
1780469212.598153,,no_packet,TRACK_DELETE,113,,,,336.523943,,6.296673,,,,510.303826,449.069292,7,50,,,,,,,,,,,,,,,,,,,,,
