[Log] stdout/stderr -> logs\20260603_141704\main_tracking_v9_20260603_141704.log
[FieldLog] enabled: C:\Users\cv1124\dym\gimbal\logs\20260603_141704
[Config] DEVICE_HEADING_DEG=180.00 (map north=0, east=90, south=180)
[Config] UI_REAL_LASER_ONLY=True
[GPS] Thread started, periodic UI updates enabled on COM12@115200, fix_timeout=5s, ui_interval=10.0s
[Init] Connecting to Gimbal at COM14...
[GT06Z] Driver Ready on COM14.
[Adapter] GT06Z 云台已连接: COM14
[GPS] GGA fix_quality=1, num_sats=19, hdop=0.7, lat=30.408095887833333, lon=104.08865681266667
[LaserThread] 激光读取线程已启动
[Init] Real laser enabled on COM13
[Init] UI distance priority: laser -> mono; UDP distance disabled
[Laser] start_measurement mode=continuous
[Init] Queue gimbal initial posture: Az=59.30°, El=0.00°
[GimbalThread] 控制线程已启动
[Net] Listening RK3588 on 8888...
=== System V9.0 (Predictive Tracking & Scheduling) Running ===
[LIVE] udp=0.0/s, objs=0.0/s, last_udp=, meas=0, tracks=0, valid=0, master=None
[LIVE] udp=0.0/s, objs=0.0/s, last_udp=, meas=0, tracks=0, valid=0, master=None
[LIVE] udp=0.0/s, objs=0.0/s, last_udp=, meas=0, tracks=0, valid=0, master=None
[LIVE] udp=0.0/s, objs=0.0/s, last_udp=, meas=0, tracks=0, valid=0, master=None
[LIVE] udp=0.0/s, objs=0.0/s, last_udp=, meas=0, tracks=0, valid=0, master=None
[LIVE] udp=0.0/s, objs=0.0/s, last_udp=, meas=0, tracks=0, valid=0, master=None
[LIVE] udp=0.0/s, objs=0.0/s, last_udp=, meas=0, tracks=0, valid=0, master=None
[LIVE] udp=0.0/s, objs=0.0/s, last_udp=, meas=0, tracks=0, valid=0, master=None
[LIVE] udp=0.0/s, objs=0.0/s, last_udp=, meas=0, tracks=0, valid=0, master=None
[GPS] GGA fix_quality=1, num_sats=21, hdop=0.7, lat=30.408095759166667, lon=104.0886420305
[LIVE] udp=0.0/s, objs=0.0/s, last_udp=, meas=0, tracks=0, valid=0, master=None
[LIVE] udp=0.0/s, objs=0.0/s, last_udp=, meas=0, tracks=0, valid=0, master=None
[LIVE] udp=0.0/s, objs=0.0/s, last_udp=, meas=0, tracks=0, valid=0, master=None
[LIVE] udp=0.0/s, objs=0.0/s, last_udp=, meas=0, tracks=0, valid=0, master=None
[LIVE] udp=0.0/s, objs=0.0/s, last_udp=, meas=0, tracks=0, valid=0, master=None
[LIVE] udp=0.0/s, objs=0.0/s, last_udp=, meas=0, tracks=0, valid=0, master=None
[LIVE] udp=0.0/s, objs=0.0/s, last_udp=, meas=0, tracks=0, valid=0, master=None
[LIVE] udp=0.0/s, objs=0.0/s, last_udp=, meas=0, tracks=0, valid=0, master=None
[LIVE] udp=0.0/s, objs=0.0/s, last_udp=, meas=0, tracks=0, valid=0, master=None
[LIVE] udp=0.0/s, objs=0.0/s, last_udp=, meas=0, tracks=0, valid=0, master=None
[GPS] GGA fix_quality=1, num_sats=21, hdop=0.7, lat=30.408093112333333, lon=104.0886455375
[LIVE] udp=0.0/s, objs=0.0/s, last_udp=, meas=0, tracks=0, valid=0, master=None
[LIVE] udp=0.0/s, objs=0.0/s, last_udp=, meas=0, tracks=0, valid=0, master=None
[LIVE] udp=0.0/s, objs=0.0/s, last_udp=, meas=0, tracks=0, valid=0, master=None
[LIVE] udp=0.0/s, objs=0.0/s, last_udp=, meas=0, tracks=0, valid=0, master=None
[LIVE] udp=0.0/s, objs=0.0/s, last_udp=, meas=0, tracks=0, valid=0, master=None
[LIVE] udp=0.0/s, objs=0.0/s, last_udp=, meas=0, tracks=0, valid=0, master=None
[LIVE] udp=0.0/s, objs=0.0/s, last_udp=, meas=0, tracks=0, valid=0, master=None
[LIVE] udp=0.0/s, objs=0.0/s, last_udp=, meas=0, tracks=0, valid=0, master=None
[LIVE] udp=0.0/s, objs=0.0/s, last_udp=, meas=0, tracks=0, valid=0, master=None
[GPS] GGA fix_quality=1, num_sats=21, hdop=0.7, lat=30.408091836333334, lon=104.08864522733333
[LIVE] udp=0.0/s, objs=0.0/s, last_udp=, meas=0, tracks=0, valid=0, master=None
[LIVE] udp=0.0/s, objs=0.0/s, last_udp=, meas=0, tracks=0, valid=0, master=None
[LIVE] udp=0.0/s, objs=0.0/s, last_udp=, meas=0, tracks=0, valid=0, master=None
[LIVE] udp=2.0/s, objs=2.0/s, last_udp=0.34s, meas=1, tracks=1, valid=0, master=None
[LIVE] udp=0.0/s, objs=0.0/s, last_udp=1.35s, meas=1, tracks=1, valid=0, master=None
[LIVE] udp=0.0/s, objs=0.0/s, last_udp=2.35s, meas=1, tracks=1, valid=0, master=None
[LIVE] udp=0.0/s, objs=0.0/s, last_udp=3.35s, meas=1, tracks=1, valid=0, master=None
[LIVE] udp=0.0/s, objs=0.0/s, last_udp=4.35s, meas=1, tracks=1, valid=0, master=None
[LIVE] udp=0.0/s, objs=0.0/s, last_udp=5.35s, meas=1, tracks=1, valid=0, master=None
[LIVE] udp=0.0/s, objs=0.0/s, last_udp=6.36s, meas=1, tracks=1, valid=0, master=None
[GPS] GGA fix_quality=1, num_sats=19, hdop=0.8, lat=30.40808765, lon=104.08864807316667
[LIVE] udp=0.0/s, objs=0.0/s, last_udp=7.36s, meas=1, tracks=1, valid=0, master=None
[LIVE] udp=0.0/s, objs=0.0/s, last_udp=8.36s, meas=1, tracks=1, valid=0, master=None
[LIVE] udp=0.0/s, objs=0.0/s, last_udp=9.36s, meas=1, tracks=1, valid=0, master=None
[LIVE] udp=1.0/s, objs=1.0/s, last_udp=0.88s, meas=1, tracks=1, valid=0, master=None
[LIVE] udp=0.0/s, objs=0.0/s, last_udp=1.88s, meas=1, tracks=1, valid=0, master=None
[LIVE] udp=0.0/s, objs=0.0/s, last_udp=2.88s, meas=1, tracks=1, valid=0, master=None
[LIVE] udp=1.0/s, objs=1.0/s, last_udp=0.31s, meas=1, tracks=1, valid=1, master=1
[LIVE] udp=1.0/s, objs=1.0/s, last_udp=0.32s, meas=1, tracks=1, valid=1, master=1
[LIVE] udp=3.0/s, objs=3.0/s, last_udp=0.16s, meas=1, tracks=2, valid=0, master=1
[LIVE] udp=0.0/s, objs=0.0/s, last_udp=1.16s, meas=1, tracks=2, valid=0, master=1
[GPS] GGA fix_quality=1, num_sats=24, hdop=0.6, lat=30.408086369, lon=104.08864926566666
[LIVE] udp=3.0/s, objs=3.0/s, last_udp=0.22s, meas=1, tracks=2, valid=1, master=1
[LIVE] udp=2.0/s, objs=2.0/s, last_udp=0.68s, meas=1, tracks=2, valid=1, master=1
[LIVE] udp=0.0/s, objs=0.0/s, last_udp=1.69s, meas=1, tracks=2, valid=1, master=1
[LIVE] udp=0.0/s, objs=0.0/s, last_udp=2.69s, meas=1, tracks=2, valid=1, master=1
[LIVE] udp=0.0/s, objs=0.0/s, last_udp=3.69s, meas=1, tracks=2, valid=1, master=1
[LIVE] udp=0.0/s, objs=0.0/s, last_udp=4.69s, meas=1, tracks=2, valid=1, master=1
[LIVE] udp=0.0/s, objs=0.0/s, last_udp=5.69s, meas=1, tracks=2, valid=1, master=1
[LIVE] udp=0.0/s, objs=0.0/s, last_udp=6.70s, meas=1, tracks=2, valid=1, master=1
[LIVE] udp=0.0/s, objs=0.0/s, last_udp=7.70s, meas=1, tracks=2, valid=1, master=1
[LIVE] udp=2.0/s, objs=2.0/s, last_udp=0.30s, meas=1, tracks=1, valid=1, master=1
[GPS] GGA fix_quality=1, num_sats=23, hdop=0.6, lat=30.408085453666665, lon=104.08865250166667
[LIVE] udp=0.0/s, objs=0.0/s, last_udp=1.30s, meas=1, tracks=1, valid=1, master=1
[LIVE] udp=0.0/s, objs=0.0/s, last_udp=2.30s, meas=1, tracks=1, valid=1, master=1
[LIVE] udp=3.0/s, objs=3.0/s, last_udp=0.45s, meas=1, tracks=2, valid=0, master=1
[LIVE] udp=2.0/s, objs=2.0/s, last_udp=0.38s, meas=1, tracks=2, valid=1, master=3
[LIVE] udp=0.0/s, objs=0.0/s, last_udp=1.38s, meas=1, tracks=2, valid=1, master=3
[LIVE] udp=4.0/s, objs=4.0/s, last_udp=0.25s, meas=1, tracks=3, valid=0, master=3
[LIVE] udp=0.0/s, objs=0.0/s, last_udp=1.26s, meas=1, tracks=3, valid=0, master=3
[LIVE] udp=0.0/s, objs=0.0/s, last_udp=2.26s, meas=1, tracks=3, valid=0, master=3
[LIVE] udp=0.0/s, objs=0.0/s, last_udp=3.26s, meas=1, tracks=3, valid=0, master=3
[LIVE] udp=2.0/s, objs=2.0/s, last_udp=0.12s, meas=1, tracks=3, valid=1, master=3
[GPS] GGA fix_quality=1, num_sats=20, hdop=0.7, lat=30.408088756833333, lon=104.088642089
[LIVE] udp=1.0/s, objs=1.0/s, last_udp=0.21s, meas=1, tracks=2, valid=1, master=3
[LIVE] udp=0.0/s, objs=0.0/s, last_udp=1.21s, meas=1, tracks=2, valid=1, master=3
[LIVE] udp=0.0/s, objs=0.0/s, last_udp=2.21s, meas=1, tracks=2, valid=1, master=3
[LIVE] udp=0.0/s, objs=0.0/s, last_udp=3.21s, meas=1, tracks=2, valid=1, master=3
[LIVE] udp=0.0/s, objs=0.0/s, last_udp=4.21s, meas=1, tracks=2, valid=1, master=3
[LIVE] udp=0.0/s, objs=0.0/s, last_udp=5.22s, meas=1, tracks=2, valid=1, master=3
[LIVE] udp=0.0/s, objs=0.0/s, last_udp=6.22s, meas=1, tracks=2, valid=1, master=3
[LIVE] udp=2.0/s, objs=2.0/s, last_udp=0.54s, meas=1, tracks=2, valid=0, master=3
[LIVE] udp=0.0/s, objs=0.0/s, last_udp=1.54s, meas=1, tracks=2, valid=0, master=3
[LIVE] udp=0.0/s, objs=0.0/s, last_udp=2.55s, meas=1, tracks=2, valid=0, master=3
[GPS] GGA fix_quality=1, num_sats=19, hdop=0.7, lat=30.40808803133333, lon=104.0886455765
[LIVE] udp=0.0/s, objs=0.0/s, last_udp=3.55s, meas=1, tracks=2, valid=0, master=3
[LIVE] udp=0.0/s, objs=0.0/s, last_udp=4.55s, meas=1, tracks=2, valid=0, master=3
[LIVE] udp=0.0/s, objs=0.0/s, last_udp=5.55s, meas=1, tracks=2, valid=0, master=3
[LIVE] udp=0.0/s, objs=0.0/s, last_udp=6.56s, meas=1, tracks=2, valid=0, master=3
[LIVE] udp=0.0/s, objs=0.0/s, last_udp=7.56s, meas=1, tracks=2, valid=0, master=3
[LIVE] udp=0.0/s, objs=0.0/s, last_udp=8.56s, meas=1, tracks=2, valid=0, master=3
[LIVE] udp=0.0/s, objs=0.0/s, last_udp=9.56s, meas=1, tracks=2, valid=0, master=3
[LIVE] udp=0.0/s, objs=0.0/s, last_udp=10.57s, meas=1, tracks=2, valid=0, master=3
[LIVE] udp=1.0/s, objs=1.0/s, last_udp=0.31s, meas=1, tracks=1, valid=0, master=3
[LIVE] udp=3.0/s, objs=3.0/s, last_udp=0.33s, meas=1, tracks=1, valid=1, master=6
[GPS] GGA fix_quality=1, num_sats=19, hdop=0.7, lat=30.4080863385, lon=104.08864685533334
[LIVE] udp=0.0/s, objs=0.0/s, last_udp=1.33s, meas=1, tracks=1, valid=1, master=6
[LIVE] udp=0.0/s, objs=0.0/s, last_udp=2.33s, meas=1, tracks=1, valid=1, master=6
[LIVE] udp=0.0/s, objs=0.0/s, last_udp=3.33s, meas=1, tracks=1, valid=1, master=6
[LIVE] udp=2.0/s, objs=2.0/s, last_udp=0.11s, meas=1, tracks=2, valid=0, master=6
[LIVE] udp=5.0/s, objs=5.0/s, last_udp=0.07s, meas=1, tracks=2, valid=1, master=7
[LIVE] udp=3.0/s, objs=3.0/s, last_udp=0.36s, meas=1, tracks=2, valid=1, master=7
[LIVE] udp=4.0/s, objs=4.0/s, last_udp=0.24s, meas=1, tracks=2, valid=1, master=7
[LIVE] udp=3.0/s, objs=3.0/s, last_udp=0.12s, meas=1, tracks=2, valid=1, master=7
[LIVE] udp=3.0/s, objs=3.0/s, last_udp=0.35s, meas=1, tracks=2, valid=1, master=7
[LIVE] udp=4.0/s, objs=4.0/s, last_udp=0.19s, meas=1, tracks=2, valid=1, master=7
[GPS] GGA fix_quality=1, num_sats=20, hdop=0.7, lat=30.40808440283333, lon=104.08864473483334
[LIVE] udp=6.0/s, objs=6.0/s, last_udp=0.04s, meas=1, tracks=2, valid=1, master=7
[LIVE] udp=5.0/s, objs=5.0/s, last_udp=0.07s, meas=1, tracks=2, valid=1, master=7
[LIVE] udp=4.0/s, objs=4.0/s, last_udp=0.19s, meas=1, tracks=1, valid=1, master=7
[LIVE] udp=4.0/s, objs=4.0/s, last_udp=0.11s, meas=1, tracks=1, valid=1, master=7
[LIVE] udp=5.0/s, objs=5.0/s, last_udp=0.13s, meas=1, tracks=1, valid=1, master=7
[LIVE] udp=6.0/s, objs=6.0/s, last_udp=0.14s, meas=1, tracks=1, valid=1, master=7
[LIVE] udp=1.0/s, objs=1.0/s, last_udp=0.23s, meas=1, tracks=1, valid=1, master=7
[LIVE] udp=2.0/s, objs=2.0/s, last_udp=0.02s, meas=1, tracks=1, valid=1, master=7
[LIVE] udp=5.0/s, objs=5.0/s, last_udp=0.23s, meas=1, tracks=1, valid=1, master=7
[LIVE] udp=6.0/s, objs=6.0/s, last_udp=0.20s, meas=1, tracks=1, valid=1, master=7
[GPS] GGA fix_quality=1, num_sats=20, hdop=0.7, lat=30.408081854666666, lon=104.08864346883334
[LIVE] udp=6.0/s, objs=6.0/s, last_udp=0.13s, meas=1, tracks=1, valid=1, master=7
[LIVE] udp=5.0/s, objs=5.0/s, last_udp=0.12s, meas=1, tracks=1, valid=1, master=7
[LIVE] udp=5.0/s, objs=5.0/s, last_udp=0.00s, meas=1, tracks=1, valid=1, master=7
[LIVE] udp=4.0/s, objs=4.0/s, last_udp=0.10s, meas=1, tracks=1, valid=1, master=7
[LIVE] udp=6.0/s, objs=6.0/s, last_udp=0.02s, meas=1, tracks=1, valid=1, master=7
[LIVE] udp=4.0/s, objs=4.0/s, last_udp=0.01s, meas=1, tracks=1, valid=1, master=7
[LIVE] udp=2.0/s, objs=2.0/s, last_udp=0.09s, meas=1, tracks=1, valid=1, master=7
[LIVE] udp=3.0/s, objs=3.0/s, last_udp=0.20s, meas=1, tracks=1, valid=1, master=7
[LIVE] udp=4.0/s, objs=4.0/s, last_udp=0.05s, meas=1, tracks=1, valid=1, master=7
[LIVE] udp=1.0/s, objs=1.0/s, last_udp=0.14s, meas=1, tracks=1, valid=1, master=7
[GPS] GGA fix_quality=1, num_sats=20, hdop=0.7, lat=30.408081229, lon=104.088641251
[LIVE] udp=0.0/s, objs=0.0/s, last_udp=1.14s, meas=1, tracks=1, valid=1, master=7
[LIVE] udp=1.0/s, objs=1.0/s, last_udp=0.04s, meas=1, tracks=1, valid=1, master=7
[LIVE] udp=1.0/s, objs=1.0/s, last_udp=0.44s, meas=1, tracks=1, valid=1, master=7
[LIVE] udp=5.0/s, objs=5.0/s, last_udp=0.03s, meas=1, tracks=1, valid=1, master=7
[LIVE] udp=9.0/s, objs=10.9/s, last_udp=0.05s, meas=2, tracks=3, valid=2, master=7
[LIVE] udp=7.0/s, objs=7.0/s, last_udp=0.08s, meas=2, tracks=4, valid=2, master=7
[LIVE] udp=4.0/s, objs=4.0/s, last_udp=0.25s, meas=1, tracks=4, valid=1, master=7
[LIVE] udp=6.0/s, objs=6.0/s, last_udp=0.14s, meas=1, tracks=4, valid=1, master=7
[LIVE] udp=7.0/s, objs=7.0/s, last_udp=0.03s, meas=1, tracks=5, valid=1, master=7
[LIVE] udp=6.0/s, objs=6.0/s, last_udp=0.05s, meas=2, tracks=5, valid=1, master=7
[GPS] GGA fix_quality=1, num_sats=20, hdop=0.7, lat=30.408082476833332, lon=104.08864059016666
[LIVE] udp=4.0/s, objs=4.0/s, last_udp=0.05s, meas=1, tracks=5, valid=1, master=7
[LIVE] udp=5.0/s, objs=5.0/s, last_udp=0.21s, meas=1, tracks=5, valid=1, master=7
[LIVE] udp=5.0/s, objs=5.0/s, last_udp=0.23s, meas=1, tracks=5, valid=1, master=7
[LIVE] udp=6.0/s, objs=6.0/s, last_udp=0.09s, meas=1, tracks=5, valid=1, master=7
[LIVE] udp=4.0/s, objs=4.0/s, last_udp=0.12s, meas=1, tracks=5, valid=1, master=7
[LIVE] udp=5.0/s, objs=5.0/s, last_udp=0.39s, meas=1, tracks=5, valid=1, master=7
[LIVE] udp=5.0/s, objs=5.0/s, last_udp=0.04s, meas=1, tracks=5, valid=1, master=7
[LIVE] udp=3.0/s, objs=3.0/s, last_udp=0.01s, meas=1, tracks=5, valid=1, master=7
[LIVE] udp=3.0/s, objs=3.0/s, last_udp=0.29s, meas=1, tracks=2, valid=1, master=7
[LIVE] udp=6.0/s, objs=6.0/s, last_udp=0.09s, meas=1, tracks=2, valid=1, master=7
[GPS] GGA fix_quality=1, num_sats=21, hdop=0.7, lat=30.408082711833334, lon=104.08863914683333
[LIVE] udp=6.0/s, objs=6.0/s, last_udp=0.04s, meas=1, tracks=2, valid=1, master=7
[LIVE] udp=3.0/s, objs=3.0/s, last_udp=0.35s, meas=1, tracks=2, valid=1, master=7
[LIVE] udp=1.0/s, objs=1.0/s, last_udp=0.85s, meas=1, tracks=2, valid=1, master=7
[LIVE] udp=0.0/s, objs=0.0/s, last_udp=1.86s, meas=1, tracks=2, valid=1, master=7
[LIVE] udp=0.0/s, objs=0.0/s, last_udp=2.86s, meas=1, tracks=2, valid=1, master=7
[LIVE] udp=0.0/s, objs=0.0/s, last_udp=3.86s, meas=1, tracks=2, valid=1, master=7
[LIVE] udp=0.0/s, objs=0.0/s, last_udp=4.86s, meas=1, tracks=2, valid=1, master=7
[LIVE] udp=4.0/s, objs=4.0/s, last_udp=0.04s, meas=1, tracks=1, valid=1, master=7
[LIVE] udp=3.0/s, objs=3.0/s, last_udp=0.04s, meas=1, tracks=1, valid=1, master=7
[LIVE] udp=3.0/s, objs=3.0/s, last_udp=0.44s, meas=1, tracks=1, valid=1, master=7
[GPS] GGA fix_quality=1, num_sats=21, hdop=0.7, lat=30.408083060166668, lon=104.0886386425
[LIVE] udp=1.0/s, objs=1.0/s, last_udp=0.94s, meas=1, tracks=1, valid=1, master=7
[LIVE] udp=1.0/s, objs=1.0/s, last_udp=0.10s, meas=1, tracks=1, valid=1, master=7
[LIVE] udp=0.0/s, objs=0.0/s, last_udp=1.10s, meas=1, tracks=1, valid=1, master=7
[LIVE] udp=1.0/s, objs=1.0/s, last_udp=0.08s, meas=1, tracks=1, valid=1, master=7
[LIVE] udp=5.0/s, objs=5.0/s, last_udp=0.02s, meas=1, tracks=1, valid=1, master=7
[LIVE] udp=2.0/s, objs=2.0/s, last_udp=0.24s, meas=1, tracks=1, valid=1, master=7
[LIVE] udp=3.0/s, objs=3.0/s, last_udp=0.67s, meas=1, tracks=1, valid=1, master=7
[LIVE] udp=2.0/s, objs=2.0/s, last_udp=0.29s, meas=1, tracks=1, valid=1, master=7
[LIVE] udp=3.0/s, objs=3.0/s, last_udp=0.11s, meas=1, tracks=1, valid=1, master=7
[LIVE] udp=4.0/s, objs=4.0/s, last_udp=0.15s, meas=1, tracks=1, valid=1, master=7
[GPS] GGA fix_quality=1, num_sats=19, hdop=0.7, lat=30.408083506666667, lon=104.08863813433334
[LIVE] udp=6.0/s, objs=6.0/s, last_udp=0.21s, meas=1, tracks=1, valid=1, master=7
[LIVE] udp=4.0/s, objs=4.0/s, last_udp=0.20s, meas=1, tracks=1, valid=1, master=7
[LIVE] udp=3.0/s, objs=3.0/s, last_udp=0.33s, meas=1, tracks=1, valid=1, master=7
[LIVE] udp=5.0/s, objs=5.0/s, last_udp=0.19s, meas=1, tracks=1, valid=1, master=7
[LIVE] udp=6.0/s, objs=6.0/s, last_udp=0.07s, meas=1, tracks=1, valid=1, master=7
[LIVE] udp=4.0/s, objs=4.0/s, last_udp=0.01s, meas=1, tracks=1, valid=1, master=7
[LIVE] udp=5.0/s, objs=5.0/s, last_udp=0.29s, meas=1, tracks=1, valid=1, master=7
[LIVE] udp=6.0/s, objs=6.0/s, last_udp=0.19s, meas=1, tracks=1, valid=1, master=7
[LIVE] udp=4.0/s, objs=4.0/s, last_udp=0.18s, meas=1, tracks=1, valid=1, master=7
[LIVE] udp=5.0/s, objs=5.0/s, last_udp=0.04s, meas=1, tracks=1, valid=1, master=7
[GPS] GGA fix_quality=1, num_sats=22, hdop=0.7, lat=30.408083172, lon=104.08863924633333
[LIVE] udp=5.0/s, objs=5.0/s, last_udp=0.02s, meas=1, tracks=1, valid=1, master=7
[LIVE] udp=4.0/s, objs=4.0/s, last_udp=0.26s, meas=1, tracks=1, valid=1, master=7
[LIVE] udp=3.0/s, objs=3.0/s, last_udp=0.08s, meas=1, tracks=1, valid=1, master=7
[LIVE] udp=3.0/s, objs=3.0/s, last_udp=0.15s, meas=1, tracks=1, valid=1, master=7
[LIVE] udp=3.0/s, objs=3.0/s, last_udp=0.21s, meas=1, tracks=1, valid=1, master=7
[LIVE] udp=1.0/s, objs=1.0/s, last_udp=0.44s, meas=1, tracks=1, valid=1, master=7
[LIVE] udp=3.0/s, objs=3.0/s, last_udp=0.21s, meas=1, tracks=1, valid=1, master=7
[LIVE] udp=4.0/s, objs=4.0/s, last_udp=0.14s, meas=1, tracks=1, valid=1, master=7
[LIVE] udp=5.0/s, objs=5.0/s, last_udp=0.05s, meas=1, tracks=1, valid=1, master=7
[LIVE] udp=4.0/s, objs=4.0/s, last_udp=0.21s, meas=1, tracks=1, valid=1, master=7
[GPS] GGA fix_quality=1, num_sats=22, hdop=0.7, lat=30.408087723833333, lon=104.08863577433333
[LIVE] udp=0.0/s, objs=0.0/s, last_udp=1.21s, meas=1, tracks=1, valid=1, master=7
[LIVE] udp=0.0/s, objs=0.0/s, last_udp=2.21s, meas=1, tracks=1, valid=1, master=7
[LIVE] udp=0.0/s, objs=0.0/s, last_udp=3.21s, meas=1, tracks=1, valid=1, master=7
[LIVE] udp=0.0/s, objs=0.0/s, last_udp=4.21s, meas=1, tracks=1, valid=1, master=7
[LIVE] udp=0.0/s, objs=0.0/s, last_udp=5.21s, meas=1, tracks=1, valid=1, master=7
[LIVE] udp=0.0/s, objs=0.0/s, last_udp=6.22s, meas=1, tracks=1, valid=1, master=7
[LIVE] udp=0.0/s, objs=0.0/s, last_udp=7.22s, meas=1, tracks=1, valid=1, master=7
[LIVE] udp=1.0/s, objs=1.0/s, last_udp=0.01s, meas=1, tracks=1, valid=1, master=7
[LIVE] udp=4.0/s, objs=4.0/s, last_udp=0.09s, meas=1, tracks=1, valid=1, master=7
[LIVE] udp=3.0/s, objs=3.0/s, last_udp=0.59s, meas=1, tracks=1, valid=1, master=7
[GPS] GGA fix_quality=1, num_sats=22, hdop=0.7, lat=30.4080881805, lon=104.08863599733333
[LIVE] udp=2.0/s, objs=2.0/s, last_udp=0.10s, meas=1, tracks=1, valid=1, master=7
[LIVE] udp=1.0/s, objs=1.0/s, last_udp=0.55s, meas=1, tracks=1, valid=1, master=7
[LIVE] udp=2.0/s, objs=2.0/s, last_udp=0.13s, meas=1, tracks=1, valid=1, master=7
[LIVE] udp=6.0/s, objs=6.0/s, last_udp=0.06s, meas=1, tracks=1, valid=1, master=7
[LIVE] udp=5.0/s, objs=5.0/s, last_udp=0.12s, meas=1, tracks=1, valid=1, master=7
[LIVE] udp=3.0/s, objs=3.0/s, last_udp=0.11s, meas=1, tracks=1, valid=1, master=7
[LIVE] udp=5.0/s, objs=5.0/s, last_udp=0.03s, meas=1, tracks=1, valid=1, master=7
[LIVE] udp=5.0/s, objs=5.0/s, last_udp=0.06s, meas=1, tracks=1, valid=1, master=7
[LIVE] udp=3.0/s, objs=3.0/s, last_udp=0.16s, meas=1, tracks=1, valid=1, master=7
[LIVE] udp=4.0/s, objs=4.0/s, last_udp=0.24s, meas=1, tracks=1, valid=1, master=7
[GPS] GGA fix_quality=1, num_sats=24, hdop=0.6, lat=30.408088208666666, lon=104.08863394383333
[LIVE] udp=6.0/s, objs=6.0/s, last_udp=0.11s, meas=1, tracks=1, valid=1, master=7
[LIVE] udp=5.0/s, objs=5.0/s, last_udp=0.01s, meas=1, tracks=1, valid=1, master=7
[LIVE] udp=5.0/s, objs=5.0/s, last_udp=0.01s, meas=1, tracks=1, valid=1, master=7
[LIVE] udp=5.0/s, objs=5.0/s, last_udp=0.18s, meas=1, tracks=1, valid=1, master=7
[LIVE] udp=6.0/s, objs=6.0/s, last_udp=0.14s, meas=1, tracks=1, valid=1, master=7
[LIVE] udp=7.0/s, objs=7.0/s, last_udp=0.04s, meas=1, tracks=1, valid=1, master=7
[LIVE] udp=6.0/s, objs=6.0/s, last_udp=0.11s, meas=1, tracks=1, valid=1, master=7
[LIVE] udp=4.0/s, objs=4.0/s, last_udp=0.06s, meas=1, tracks=1, valid=1, master=7
[LIVE] udp=8.0/s, objs=8.0/s, last_udp=0.01s, meas=1, tracks=2, valid=1, master=7
[LIVE] udp=6.0/s, objs=6.0/s, last_udp=0.03s, meas=1, tracks=2, valid=1, master=7
[GPS] GGA fix_quality=1, num_sats=24, hdop=0.6, lat=30.408087200833332, lon=104.08863162766667
[LIVE] udp=6.0/s, objs=6.0/s, last_udp=0.05s, meas=1, tracks=2, valid=1, master=7
[LIVE] udp=5.0/s, objs=5.0/s, last_udp=0.06s, meas=1, tracks=2, valid=1, master=7
[LIVE] udp=4.0/s, objs=4.0/s, last_udp=0.18s, meas=1, tracks=2, valid=1, master=7
[LIVE] udp=5.0/s, objs=5.0/s, last_udp=0.03s, meas=1, tracks=2, valid=1, master=7
[LIVE] udp=1.0/s, objs=1.0/s, last_udp=0.91s, meas=1, tracks=2, valid=1, master=7
[LIVE] udp=1.0/s, objs=1.0/s, last_udp=0.28s, meas=1, tracks=2, valid=1, master=7
[LIVE] udp=4.0/s, objs=4.0/s, last_udp=0.21s, meas=1, tracks=2, valid=1, master=7
[LIVE] udp=4.0/s, objs=4.0/s, last_udp=0.09s, meas=1, tracks=2, valid=1, master=7
[LIVE] udp=5.0/s, objs=5.0/s, last_udp=0.04s, meas=1, tracks=2, valid=1, master=7
[LIVE] udp=5.0/s, objs=5.0/s, last_udp=0.06s, meas=1, tracks=2, valid=1, master=7
[GPS] GGA fix_quality=1, num_sats=24, hdop=0.6, lat=30.40808603283333, lon=104.08863320983333
[LIVE] udp=5.0/s, objs=5.0/s, last_udp=0.08s, meas=1, tracks=1, valid=1, master=7
[LIVE] udp=5.0/s, objs=5.0/s, last_udp=0.02s, meas=1, tracks=1, valid=1, master=7
[LIVE] udp=5.0/s, objs=5.0/s, last_udp=0.05s, meas=1, tracks=1, valid=1, master=7
[LIVE] udp=5.0/s, objs=5.0/s, last_udp=0.01s, meas=1, tracks=1, valid=1, master=7
[LIVE] udp=4.0/s, objs=4.0/s, last_udp=0.41s, meas=1, tracks=1, valid=1, master=7
[LIVE] udp=1.0/s, objs=1.0/s, last_udp=0.32s, meas=1, tracks=1, valid=1, master=7
[LIVE] udp=3.0/s, objs=3.0/s, last_udp=0.05s, meas=1, tracks=1, valid=1, master=7
[LIVE] udp=4.0/s, objs=4.0/s, last_udp=0.01s, meas=1, tracks=1, valid=1, master=7
[LIVE] udp=5.0/s, objs=5.0/s, last_udp=0.04s, meas=1, tracks=1, valid=1, master=7
[LIVE] udp=4.0/s, objs=4.0/s, last_udp=0.02s, meas=1, tracks=1, valid=1, master=7
[GPS] GGA fix_quality=1, num_sats=24, hdop=0.6, lat=30.408086593833332, lon=104.08863371983334
[LIVE] udp=4.0/s, objs=4.0/s, last_udp=0.25s, meas=1, tracks=1, valid=1, master=7
[LIVE] udp=4.0/s, objs=4.0/s, last_udp=0.05s, meas=1, tracks=1, valid=1, master=7
[LIVE] udp=3.0/s, objs=3.0/s, last_udp=0.42s, meas=1, tracks=1, valid=1, master=7
[LIVE] udp=4.0/s, objs=4.0/s, last_udp=0.11s, meas=1, tracks=1, valid=1, master=7
[LIVE] udp=5.0/s, objs=5.0/s, last_udp=0.00s, meas=1, tracks=1, valid=1, master=7
[LIVE] udp=3.0/s, objs=3.0/s, last_udp=0.39s, meas=1, tracks=1, valid=1, master=7
[LIVE] udp=4.0/s, objs=4.0/s, last_udp=0.07s, meas=1, tracks=1, valid=1, master=7
[LIVE] udp=5.0/s, objs=5.0/s, last_udp=0.04s, meas=1, tracks=1, valid=1, master=7
[LIVE] udp=5.0/s, objs=5.0/s, last_udp=0.18s, meas=1, tracks=1, valid=1, master=7
[LIVE] udp=6.0/s, objs=6.0/s, last_udp=0.04s, meas=1, tracks=1, valid=1, master=7
[GPS] GGA fix_quality=1, num_sats=23, hdop=0.7, lat=30.408086867333335, lon=104.08863305333334
[LIVE] udp=6.0/s, objs=6.0/s, last_udp=0.08s, meas=1, tracks=1, valid=1, master=7
[LIVE] udp=3.0/s, objs=3.0/s, last_udp=0.24s, meas=1, tracks=1, valid=1, master=7
[LIVE] udp=0.0/s, objs=0.0/s, last_udp=1.24s, meas=1, tracks=1, valid=1, master=7
[LIVE] udp=3.0/s, objs=3.0/s, last_udp=0.03s, meas=1, tracks=1, valid=1, master=7
[LIVE] udp=2.0/s, objs=2.0/s, last_udp=0.27s, meas=1, tracks=1, valid=1, master=7
[LIVE] udp=2.0/s, objs=2.0/s, last_udp=0.34s, meas=1, tracks=1, valid=1, master=7
[LIVE] udp=3.0/s, objs=3.0/s, last_udp=0.26s, meas=1, tracks=1, valid=1, master=7
[LIVE] udp=4.0/s, objs=4.0/s, last_udp=0.18s, meas=1, tracks=1, valid=1, master=7
[LIVE] udp=2.0/s, objs=2.0/s, last_udp=0.45s, meas=1, tracks=1, valid=1, master=7
[LIVE] udp=2.0/s, objs=2.0/s, last_udp=0.84s, meas=1, tracks=1, valid=1, master=7
[GPS] GGA fix_quality=1, num_sats=22, hdop=0.7, lat=30.408087039833333, lon=104.088631553
[LIVE] udp=0.0/s, objs=0.0/s, last_udp=1.85s, meas=1, tracks=1, valid=1, master=7
[LIVE] udp=0.0/s, objs=0.0/s, last_udp=2.85s, meas=1, tracks=1, valid=1, master=7
[LIVE] udp=2.0/s, objs=2.0/s, last_udp=0.81s, meas=1, tracks=1, valid=1, master=7
[LIVE] udp=1.0/s, objs=1.0/s, last_udp=0.71s, meas=1, tracks=1, valid=1, master=7
[LIVE] udp=0.0/s, objs=0.0/s, last_udp=1.71s, meas=1, tracks=1, valid=1, master=7
[LIVE] udp=2.0/s, objs=2.0/s, last_udp=0.12s, meas=1, tracks=1, valid=1, master=7
[LIVE] udp=7.0/s, objs=8.0/s, last_udp=0.03s, meas=2, tracks=3, valid=1, master=7
[LIVE] udp=3.0/s, objs=4.0/s, last_udp=0.04s, meas=1, tracks=3, valid=0, master=7
[LIVE] udp=3.0/s, objs=4.0/s, last_udp=0.20s, meas=1, tracks=3, valid=1, master=7
[LIVE] udp=6.0/s, objs=6.0/s, last_udp=0.03s, meas=1, tracks=3, valid=1, master=7
[GPS] GGA fix_quality=1, num_sats=24, hdop=0.6, lat=30.4080869405, lon=104.088630906
[LIVE] udp=4.0/s, objs=4.0/s, last_udp=0.16s, meas=1, tracks=3, valid=1, master=7
[LIVE] udp=3.0/s, objs=3.0/s, last_udp=0.24s, meas=1, tracks=3, valid=1, master=7
[LIVE] udp=7.0/s, objs=7.0/s, last_udp=0.10s, meas=2, tracks=5, valid=0, master=7
[LIVE] udp=9.0/s, objs=9.0/s, last_udp=0.05s, meas=2, tracks=7, valid=1, master=7
[LIVE] udp=6.0/s, objs=6.0/s, last_udp=0.05s, meas=1, tracks=7, valid=1, master=7
[LIVE] udp=5.0/s, objs=5.0/s, last_udp=0.10s, meas=1, tracks=7, valid=1, master=7
[LIVE] udp=6.0/s, objs=6.0/s, last_udp=0.15s, meas=1, tracks=7, valid=1, master=7
[LIVE] udp=4.0/s, objs=4.0/s, last_udp=0.21s, meas=1, tracks=7, valid=1, master=7
[LIVE] udp=5.0/s, objs=5.0/s, last_udp=0.11s, meas=1, tracks=7, valid=1, master=7
[LIVE] udp=6.0/s, objs=6.0/s, last_udp=0.15s, meas=1, tracks=7, valid=1, master=7
[GPS] GGA fix_quality=1, num_sats=23, hdop=0.7, lat=30.4080857155, lon=104.08863246116667
[LIVE] udp=5.0/s, objs=5.0/s, last_udp=0.21s, meas=1, tracks=6, valid=1, master=7
[LIVE] udp=1.0/s, objs=1.0/s, last_udp=0.98s, meas=1, tracks=6, valid=1, master=7
[LIVE] udp=1.0/s, objs=1.0/s, last_udp=0.51s, meas=1, tracks=5, valid=0, master=7
[LIVE] udp=1.0/s, objs=1.0/s, last_udp=0.56s, meas=1, tracks=5, valid=0, master=7
[LIVE] udp=0.0/s, objs=0.0/s, last_udp=1.57s, meas=1, tracks=5, valid=0, master=7
[LIVE] udp=0.0/s, objs=0.0/s, last_udp=2.57s, meas=1, tracks=5, valid=0, master=7
[LIVE] udp=1.0/s, objs=1.0/s, last_udp=0.13s, meas=1, tracks=5, valid=0, master=7
[LIVE] udp=2.0/s, objs=2.0/s, last_udp=0.57s, meas=1, tracks=2, valid=1, master=7
[LIVE] udp=1.0/s, objs=1.0/s, last_udp=0.46s, meas=1, tracks=2, valid=1, master=7
[LIVE] udp=0.0/s, objs=0.0/s, last_udp=1.47s, meas=1, tracks=2, valid=1, master=7
[GPS] GGA fix_quality=1, num_sats=24, hdop=0.6, lat=30.408081648833335, lon=104.0886351045
[LIVE] udp=0.0/s, objs=0.0/s, last_udp=2.47s, meas=1, tracks=2, valid=1, master=7
[LIVE] udp=0.0/s, objs=0.0/s, last_udp=3.47s, meas=1, tracks=2, valid=1, master=7
[LIVE] udp=0.0/s, objs=0.0/s, last_udp=4.47s, meas=1, tracks=2, valid=1, master=7
[LIVE] udp=1.0/s, objs=1.0/s, last_udp=0.39s, meas=1, tracks=2, valid=0, master=7
[LIVE] udp=2.0/s, objs=2.0/s, last_udp=0.52s, meas=1, tracks=2, valid=1, master=15
[LIVE] udp=2.0/s, objs=2.0/s, last_udp=0.15s, meas=1, tracks=2, valid=1, master=7
[LIVE] udp=5.0/s, objs=5.0/s, last_udp=0.14s, meas=1, tracks=3, valid=1, master=7
[LIVE] udp=0.0/s, objs=0.0/s, last_udp=1.15s, meas=1, tracks=3, valid=1, master=7
[LIVE] udp=0.0/s, objs=0.0/s, last_udp=2.15s, meas=1, tracks=3, valid=1, master=7
[LIVE] udp=2.0/s, objs=2.0/s, last_udp=0.12s, meas=1, tracks=4, valid=0, master=7
[GPS] GGA fix_quality=1, num_sats=24, hdop=0.6, lat=30.408081600333333, lon=104.08863327316666
[LIVE] udp=5.0/s, objs=5.0/s, last_udp=0.02s, meas=1, tracks=4, valid=1, master=20
[LIVE] udp=4.0/s, objs=4.0/s, last_udp=0.05s, meas=1, tracks=4, valid=1, master=20
[LIVE] udp=3.0/s, objs=3.0/s, last_udp=0.01s, meas=1, tracks=4, valid=1, master=20
[LIVE] udp=4.0/s, objs=4.0/s, last_udp=0.02s, meas=1, tracks=4, valid=1, master=20
[LIVE] udp=6.0/s, objs=6.0/s, last_udp=0.01s, meas=1, tracks=4, valid=1, master=20
[LIVE] udp=3.0/s, objs=3.0/s, last_udp=0.16s, meas=1, tracks=4, valid=1, master=20
[LIVE] udp=6.0/s, objs=6.0/s, last_udp=0.01s, meas=1, tracks=3, valid=1, master=20
[LIVE] udp=5.0/s, objs=5.0/s, last_udp=0.27s, meas=1, tracks=3, valid=1, master=20
[LIVE] udp=6.0/s, objs=6.0/s, last_udp=0.15s, meas=1, tracks=2, valid=1, master=20
[LIVE] udp=4.0/s, objs=4.0/s, last_udp=0.15s, meas=1, tracks=1, valid=1, master=20
[GPS] GGA fix_quality=1, num_sats=24, hdop=0.6, lat=30.408081593666665, lon=104.0886328315
[LIVE] udp=6.0/s, objs=6.0/s, last_udp=0.07s, meas=1, tracks=1, valid=1, master=20
[LIVE] udp=6.0/s, objs=6.0/s, last_udp=0.06s, meas=1, tracks=1, valid=1, master=20
[LIVE] udp=5.0/s, objs=5.0/s, last_udp=0.12s, meas=1, tracks=1, valid=1, master=20
[LIVE] udp=5.0/s, objs=5.0/s, last_udp=0.09s, meas=1, tracks=1, valid=1, master=20
[LIVE] udp=4.0/s, objs=4.0/s, last_udp=0.07s, meas=1, tracks=1, valid=1, master=20
[LIVE] udp=5.0/s, objs=5.0/s, last_udp=0.11s, meas=1, tracks=1, valid=1, master=20
[LIVE] udp=5.0/s, objs=5.0/s, last_udp=0.11s, meas=1, tracks=1, valid=1, master=20
[LIVE] udp=5.0/s, objs=5.0/s, last_udp=0.22s, meas=1, tracks=1, valid=1, master=20
[LIVE] udp=4.0/s, objs=4.0/s, last_udp=0.15s, meas=1, tracks=1, valid=1, master=20
[LIVE] udp=6.0/s, objs=6.0/s, last_udp=0.02s, meas=1, tracks=1, valid=1, master=20
[GPS] GGA fix_quality=1, num_sats=23, hdop=0.6, lat=30.408081206833334, lon=104.08863245
[LIVE] udp=4.0/s, objs=4.0/s, last_udp=0.20s, meas=1, tracks=1, valid=1, master=20
[LIVE] udp=0.0/s, objs=0.0/s, last_udp=1.20s, meas=1, tracks=1, valid=1, master=20
[LIVE] udp=0.0/s, objs=0.0/s, last_udp=2.21s, meas=1, tracks=1, valid=1, master=20
[LIVE] udp=0.0/s, objs=0.0/s, last_udp=3.21s, meas=1, tracks=1, valid=1, master=20
[LIVE] udp=0.0/s, objs=0.0/s, last_udp=4.21s, meas=1, tracks=1, valid=1, master=20
[LIVE] udp=3.0/s, objs=3.0/s, last_udp=0.15s, meas=1, tracks=1, valid=1, master=20
[LIVE] udp=4.0/s, objs=4.0/s, last_udp=0.03s, meas=1, tracks=1, valid=1, master=20
[LIVE] udp=5.0/s, objs=5.0/s, last_udp=0.11s, meas=1, tracks=1, valid=1, master=20
[LIVE] udp=4.0/s, objs=4.0/s, last_udp=0.29s, meas=1, tracks=1, valid=1, master=20
[LIVE] udp=6.0/s, objs=6.0/s, last_udp=0.25s, meas=1, tracks=1, valid=1, master=20
[GPS] GGA fix_quality=1, num_sats=24, hdop=0.6, lat=30.408081896833334, lon=104.08863174483334
[LIVE] udp=6.0/s, objs=6.0/s, last_udp=0.28s, meas=1, tracks=1, valid=1, master=20
[LIVE] udp=2.0/s, objs=2.0/s, last_udp=0.86s, meas=1, tracks=1, valid=1, master=20
[LIVE] udp=4.0/s, objs=4.0/s, last_udp=0.09s, meas=1, tracks=1, valid=1, master=20
[LIVE] udp=4.0/s, objs=4.0/s, last_udp=0.30s, meas=1, tracks=1, valid=1, master=20
[LIVE] udp=6.0/s, objs=6.0/s, last_udp=0.02s, meas=1, tracks=1, valid=1, master=20
[LIVE] udp=5.0/s, objs=5.0/s, last_udp=0.27s, meas=1, tracks=1, valid=1, master=20
[LIVE] udp=6.0/s, objs=6.0/s, last_udp=0.07s, meas=1, tracks=1, valid=1, master=20
[LIVE] udp=6.0/s, objs=6.0/s, last_udp=0.04s, meas=1, tracks=1, valid=1, master=20
[LIVE] udp=5.0/s, objs=5.0/s, last_udp=0.02s, meas=1, tracks=1, valid=1, master=20
[LIVE] udp=5.0/s, objs=5.0/s, last_udp=0.03s, meas=1, tracks=1, valid=1, master=20
[GPS] GGA fix_quality=1, num_sats=24, hdop=0.6, lat=30.408082748666665, lon=104.0886305545
[LIVE] udp=5.0/s, objs=5.0/s, last_udp=0.11s, meas=1, tracks=1, valid=1, master=20
[LIVE] udp=4.0/s, objs=4.0/s, last_udp=0.31s, meas=1, tracks=1, valid=1, master=20
[LIVE] udp=5.0/s, objs=5.0/s, last_udp=0.34s, meas=1, tracks=1, valid=1, master=20
[LIVE] udp=6.0/s, objs=6.0/s, last_udp=0.04s, meas=1, tracks=1, valid=1, master=20
[LIVE] udp=5.0/s, objs=5.0/s, last_udp=0.11s, meas=1, tracks=1, valid=1, master=20
[LIVE] udp=4.0/s, objs=4.0/s, last_udp=0.26s, meas=1, tracks=1, valid=1, master=20
[LIVE] udp=6.0/s, objs=6.0/s, last_udp=0.11s, meas=1, tracks=1, valid=1, master=20
[LIVE] udp=4.0/s, objs=4.0/s, last_udp=0.10s, meas=1, tracks=1, valid=1, master=20
[LIVE] udp=6.0/s, objs=6.0/s, last_udp=0.05s, meas=1, tracks=1, valid=1, master=20
[LIVE] udp=5.0/s, objs=5.0/s, last_udp=0.29s, meas=1, tracks=1, valid=1, master=20
[GPS] GGA fix_quality=1, num_sats=24, hdop=0.6, lat=30.408082951166666, lon=104.08862987366666
[LIVE] udp=5.0/s, objs=5.0/s, last_udp=0.05s, meas=1, tracks=1, valid=1, master=20
[LIVE] udp=4.0/s, objs=4.0/s, last_udp=0.18s, meas=1, tracks=1, valid=1, master=20
[LIVE] udp=5.0/s, objs=5.0/s, last_udp=0.26s, meas=1, tracks=1, valid=1, master=20
[LIVE] udp=6.0/s, objs=6.0/s, last_udp=0.14s, meas=1, tracks=1, valid=1, master=20
[LIVE] udp=4.0/s, objs=4.0/s, last_udp=0.13s, meas=1, tracks=1, valid=1, master=20
[LIVE] udp=6.0/s, objs=6.0/s, last_udp=0.09s, meas=1, tracks=1, valid=1, master=20
[LIVE] udp=7.0/s, objs=7.0/s, last_udp=0.06s, meas=1, tracks=1, valid=1, master=20
[LIVE] udp=6.0/s, objs=6.0/s, last_udp=0.07s, meas=1, tracks=1, valid=1, master=20
[LIVE] udp=6.0/s, objs=6.0/s, last_udp=0.02s, meas=1, tracks=1, valid=1, master=20
[LIVE] udp=4.0/s, objs=4.0/s, last_udp=0.31s, meas=1, tracks=1, valid=1, master=20
[GPS] GGA fix_quality=1, num_sats=25, hdop=0.6, lat=30.4080829895, lon=104.08863005616666
[LIVE] udp=6.0/s, objs=6.0/s, last_udp=0.12s, meas=1, tracks=1, valid=1, master=20
[LIVE] udp=6.0/s, objs=6.0/s, last_udp=0.00s, meas=1, tracks=1, valid=1, master=20
[LIVE] udp=6.0/s, objs=6.0/s, last_udp=0.05s, meas=1, tracks=1, valid=1, master=20
[LIVE] udp=6.0/s, objs=6.0/s, last_udp=0.09s, meas=1, tracks=1, valid=1, master=20
[LIVE] udp=5.0/s, objs=5.0/s, last_udp=0.14s, meas=1, tracks=1, valid=1, master=20
[LIVE] udp=6.0/s, objs=6.0/s, last_udp=0.04s, meas=1, tracks=1, valid=1, master=20
[LIVE] udp=6.0/s, objs=6.0/s, last_udp=0.07s, meas=1, tracks=1, valid=1, master=20
[LIVE] udp=5.0/s, objs=5.0/s, last_udp=0.08s, meas=1, tracks=1, valid=1, master=20
[LIVE] udp=5.0/s, objs=5.0/s, last_udp=0.23s, meas=1, tracks=1, valid=1, master=20
[LIVE] udp=5.0/s, objs=5.0/s, last_udp=0.04s, meas=1, tracks=1, valid=1, master=20
[GPS] GGA fix_quality=1, num_sats=24, hdop=0.6, lat=30.40808289, lon=104.08863057783333
[LIVE] udp=6.0/s, objs=6.0/s, last_udp=0.04s, meas=1, tracks=1, valid=1, master=20
[LIVE] udp=3.0/s, objs=3.0/s, last_udp=0.20s, meas=1, tracks=1, valid=1, master=20
[LIVE] udp=6.0/s, objs=6.0/s, last_udp=0.00s, meas=1, tracks=1, valid=1, master=20
[LIVE] udp=6.0/s, objs=6.0/s, last_udp=0.04s, meas=1, tracks=1, valid=1, master=20
[LIVE] udp=4.0/s, objs=4.0/s, last_udp=0.09s, meas=1, tracks=1, valid=1, master=20
[LIVE] udp=6.0/s, objs=6.0/s, last_udp=0.11s, meas=1, tracks=1, valid=1, master=20
[LIVE] udp=6.0/s, objs=6.0/s, last_udp=0.11s, meas=1, tracks=1, valid=1, master=20
[LIVE] udp=7.0/s, objs=7.0/s, last_udp=0.07s, meas=1, tracks=1, valid=1, master=20
[LIVE] udp=5.0/s, objs=5.0/s, last_udp=0.04s, meas=1, tracks=1, valid=1, master=20
[LIVE] udp=6.0/s, objs=6.0/s, last_udp=0.09s, meas=1, tracks=1, valid=1, master=20
[GPS] GGA fix_quality=1, num_sats=22, hdop=0.7, lat=30.408082359333335, lon=104.08863104216667
[LIVE] udp=7.0/s, objs=7.0/s, last_udp=0.08s, meas=1, tracks=1, valid=1, master=20
[LIVE] udp=3.0/s, objs=3.0/s, last_udp=0.10s, meas=1, tracks=1, valid=1, master=20
[LIVE] udp=3.0/s, objs=3.0/s, last_udp=0.27s, meas=1, tracks=1, valid=1, master=20
[LIVE] udp=4.0/s, objs=4.0/s, last_udp=0.24s, meas=1, tracks=1, valid=1, master=20
[LIVE] udp=7.0/s, objs=7.0/s, last_udp=0.02s, meas=1, tracks=1, valid=1, master=20
[LIVE] udp=5.0/s, objs=8.0/s, last_udp=0.25s, meas=2, tracks=2, valid=2, master=20
[LIVE] udp=2.0/s, objs=4.0/s, last_udp=0.11s, meas=2, tracks=2, valid=2, master=20
[LIVE] udp=2.0/s, objs=2.0/s, last_udp=0.04s, meas=1, tracks=2, valid=1, master=20
[LIVE] udp=2.0/s, objs=2.0/s, last_udp=0.11s, meas=1, tracks=2, valid=1, master=20
[LIVE] udp=2.0/s, objs=2.0/s, last_udp=0.24s, meas=1, tracks=2, valid=1, master=21
[GPS] GGA fix_quality=1, num_sats=24, hdop=0.6, lat=30.408081711666668, lon=104.08863002566666
[LIVE] udp=3.0/s, objs=3.0/s, last_udp=0.01s, meas=1, tracks=2, valid=1, master=21
[LIVE] udp=3.0/s, objs=3.0/s, last_udp=0.46s, meas=1, tracks=2, valid=1, master=21
[LIVE] udp=2.0/s, objs=2.0/s, last_udp=0.72s, meas=2, tracks=3, valid=1, master=21
[LIVE] udp=0.0/s, objs=0.0/s, last_udp=1.73s, meas=2, tracks=3, valid=1, master=21
[LIVE] udp=3.0/s, objs=3.0/s, last_udp=0.12s, meas=1, tracks=4, valid=0, master=21
[LIVE] udp=2.0/s, objs=2.0/s, last_udp=0.67s, meas=1, tracks=4, valid=1, master=23
[LIVE] udp=1.0/s, objs=1.0/s, last_udp=0.68s, meas=1, tracks=5, valid=0, master=23
[LIVE] udp=0.0/s, objs=0.0/s, last_udp=1.68s, meas=1, tracks=5, valid=0, master=23
[LIVE] udp=3.0/s, objs=3.0/s, last_udp=0.18s, meas=1, tracks=6, valid=0, master=23
[LIVE] udp=7.0/s, objs=7.0/s, last_udp=0.06s, meas=2, tracks=6, valid=1, master=21
[GPS] GGA fix_quality=1, num_sats=25, hdop=0.6, lat=30.408081464333332, lon=104.08862987466667
[LIVE] udp=2.0/s, objs=2.0/s, last_udp=0.85s, meas=2, tracks=7, valid=1, master=20
[LIVE] udp=6.0/s, objs=6.0/s, last_udp=0.07s, meas=1, tracks=8, valid=0, master=20
[LIVE] udp=4.0/s, objs=4.0/s, last_udp=0.40s, meas=1, tracks=8, valid=1, master=22
[LIVE] udp=3.0/s, objs=3.0/s, last_udp=0.15s, meas=1, tracks=8, valid=0, master=20
[LIVE] udp=2.0/s, objs=2.0/s, last_udp=0.59s, meas=1, tracks=8, valid=1, master=20
[LIVE] udp=3.0/s, objs=3.0/s, last_udp=0.07s, meas=1, tracks=8, valid=1, master=20
[LIVE] udp=2.0/s, objs=2.0/s, last_udp=0.35s, meas=1, tracks=8, valid=1, master=20
[LIVE] udp=6.0/s, objs=6.0/s, last_udp=0.14s, meas=1, tracks=7, valid=1, master=20
[LIVE] udp=6.0/s, objs=6.0/s, last_udp=0.16s, meas=1, tracks=6, valid=1, master=20
[LIVE] udp=5.0/s, objs=5.0/s, last_udp=0.12s, meas=1, tracks=6, valid=1, master=20
[GPS] GGA fix_quality=1, num_sats=24, hdop=0.7, lat=30.408081531166665, lon=104.08862956666667
[LIVE] udp=6.0/s, objs=6.0/s, last_udp=0.00s, meas=1, tracks=6, valid=1, master=20
[LIVE] udp=6.0/s, objs=6.0/s, last_udp=0.06s, meas=1, tracks=5, valid=1, master=20
[LIVE] udp=3.0/s, objs=3.0/s, last_udp=0.31s, meas=1, tracks=3, valid=1, master=20
[LIVE] udp=6.0/s, objs=6.0/s, last_udp=0.24s, meas=1, tracks=3, valid=1, master=20
[LIVE] udp=5.0/s, objs=5.0/s, last_udp=0.15s, meas=1, tracks=3, valid=1, master=20
[LIVE] udp=5.0/s, objs=5.0/s, last_udp=0.10s, meas=1, tracks=2, valid=1, master=20
[LIVE] udp=8.0/s, objs=8.0/s, last_udp=0.12s, meas=2, tracks=3, valid=1, master=20
[LIVE] udp=8.0/s, objs=8.0/s, last_udp=0.06s, meas=2, tracks=3, valid=1, master=20
[LIVE] udp=5.0/s, objs=5.0/s, last_udp=0.18s, meas=1, tracks=3, valid=1, master=20
[GPS] GGA fix_quality=1, num_sats=24, hdop=0.6, lat=30.4080817825, lon=104.08862989166667
[LIVE] udp=7.0/s, objs=7.0/s, last_udp=0.04s, meas=1, tracks=3, valid=1, master=20
[LIVE] udp=5.0/s, objs=5.0/s, last_udp=0.26s, meas=1, tracks=3, valid=1, master=20
[LIVE] udp=6.0/s, objs=6.0/s, last_udp=0.01s, meas=1, tracks=3, valid=1, master=20
[LIVE] udp=5.0/s, objs=5.0/s, last_udp=0.03s, meas=1, tracks=3, valid=1, master=20
[LIVE] udp=6.0/s, objs=6.0/s, last_udp=0.00s, meas=1, tracks=3, valid=1, master=20
[LIVE] udp=5.0/s, objs=5.0/s, last_udp=0.05s, meas=1, tracks=3, valid=1, master=20
[LIVE] udp=5.0/s, objs=5.0/s, last_udp=0.31s, meas=1, tracks=3, valid=1, master=20
[LIVE] udp=6.0/s, objs=6.0/s, last_udp=0.20s, meas=1, tracks=3, valid=1, master=20
[LIVE] udp=5.0/s, objs=5.0/s, last_udp=0.04s, meas=1, tracks=3, valid=1, master=20
[LIVE] udp=4.0/s, objs=4.0/s, last_udp=0.30s, meas=1, tracks=3, valid=1, master=20
[GPS] GGA fix_quality=1, num_sats=23, hdop=0.7, lat=30.408081885666668, lon=104.08863024433333
[LIVE] udp=6.0/s, objs=6.0/s, last_udp=0.01s, meas=1, tracks=2, valid=1, master=20
[LIVE] udp=3.0/s, objs=3.0/s, last_udp=0.33s, meas=1, tracks=1, valid=1, master=20
[LIVE] udp=0.0/s, objs=0.0/s, last_udp=1.33s, meas=1, tracks=1, valid=1, master=20
[LIVE] udp=1.0/s, objs=1.0/s, last_udp=0.11s, meas=1, tracks=1, valid=1, master=20
[LIVE] udp=3.0/s, objs=3.0/s, last_udp=0.14s, meas=1, tracks=1, valid=1, master=20
[LIVE] udp=0.0/s, objs=0.0/s, last_udp=1.14s, meas=1, tracks=1, valid=1, master=20
[LIVE] udp=0.0/s, objs=0.0/s, last_udp=2.15s, meas=1, tracks=1, valid=1, master=20
[LIVE] udp=3.0/s, objs=3.0/s, last_udp=0.12s, meas=1, tracks=3, valid=0, master=20
[LIVE] udp=4.0/s, objs=4.0/s, last_udp=0.01s, meas=2, tracks=3, valid=0, master=20
[LIVE] udp=5.0/s, objs=5.0/s, last_udp=0.27s, meas=1, tracks=3, valid=1, master=30
[GPS] GGA fix_quality=1, num_sats=24, hdop=0.7, lat=30.408082060166667, lon=104.0886307125
[LIVE] udp=1.0/s, objs=1.0/s, last_udp=0.11s, meas=1, tracks=3, valid=1, master=30
[LIVE] udp=0.0/s, objs=0.0/s, last_udp=1.11s, meas=1, tracks=3, valid=1, master=30
[LIVE] udp=0.0/s, objs=0.0/s, last_udp=2.12s, meas=1, tracks=3, valid=1, master=30
[LIVE] udp=0.0/s, objs=0.0/s, last_udp=3.12s, meas=1, tracks=3, valid=1, master=30
[LIVE] udp=0.0/s, objs=0.0/s, last_udp=4.12s, meas=1, tracks=3, valid=1, master=30
[LIVE] udp=2.0/s, objs=2.0/s, last_udp=0.09s, meas=1, tracks=3, valid=1, master=20
[LIVE] udp=0.0/s, objs=0.0/s, last_udp=1.10s, meas=1, tracks=3, valid=1, master=20
[LIVE] udp=0.0/s, objs=0.0/s, last_udp=2.10s, meas=1, tracks=3, valid=1, master=20
[LIVE] udp=0.0/s, objs=0.0/s, last_udp=3.10s, meas=1, tracks=3, valid=1, master=20
[LIVE] udp=6.0/s, objs=6.0/s, last_udp=0.06s, meas=1, tracks=2, valid=1, master=20
[GPS] GGA fix_quality=1, num_sats=24, hdop=0.7, lat=30.408082066333332, lon=104.08863120183334
[LIVE] udp=4.0/s, objs=4.0/s, last_udp=0.18s, meas=1, tracks=2, valid=1, master=20
[LIVE] udp=4.0/s, objs=4.0/s, last_udp=0.19s, meas=1, tracks=1, valid=1, master=20
[LIVE] udp=4.0/s, objs=4.0/s, last_udp=0.00s, meas=1, tracks=1, valid=1, master=20
[LIVE] udp=2.0/s, objs=2.0/s, last_udp=0.37s, meas=1, tracks=1, valid=1, master=20
[LIVE] udp=3.0/s, objs=3.0/s, last_udp=0.37s, meas=1, tracks=1, valid=1, master=20
[LIVE] udp=4.0/s, objs=4.0/s, last_udp=0.20s, meas=1, tracks=1, valid=1, master=20
[LIVE] udp=3.0/s, objs=3.0/s, last_udp=0.09s, meas=1, tracks=1, valid=1, master=20
[LIVE] udp=4.0/s, objs=4.0/s, last_udp=0.17s, meas=1, tracks=1, valid=1, master=20
[LIVE] udp=3.0/s, objs=3.0/s, last_udp=0.43s, meas=1, tracks=1, valid=1, master=20
[LIVE] udp=5.0/s, objs=5.0/s, last_udp=0.25s, meas=1, tracks=1, valid=1, master=20
[GPS] GGA fix_quality=1, num_sats=24, hdop=0.7, lat=30.408082024166667, lon=104.08863188733334
[LIVE] udp=4.0/s, objs=4.0/s, last_udp=0.22s, meas=1, tracks=1, valid=1, master=20
[LIVE] udp=5.0/s, objs=5.0/s, last_udp=0.14s, meas=1, tracks=1, valid=1, master=20
[LIVE] udp=1.0/s, objs=1.0/s, last_udp=0.83s, meas=1, tracks=1, valid=1, master=20
[LIVE] udp=0.0/s, objs=0.0/s, last_udp=1.83s, meas=1, tracks=1, valid=1, master=20
[LIVE] udp=0.0/s, objs=0.0/s, last_udp=2.83s, meas=1, tracks=1, valid=1, master=20
[LIVE] udp=1.0/s, objs=1.0/s, last_udp=0.54s, meas=1, tracks=2, valid=0, master=20
[LIVE] udp=0.0/s, objs=0.0/s, last_udp=1.54s, meas=1, tracks=2, valid=0, master=20
[LIVE] udp=0.0/s, objs=0.0/s, last_udp=2.55s, meas=1, tracks=2, valid=0, master=20
[LIVE] udp=0.0/s, objs=0.0/s, last_udp=3.55s, meas=1, tracks=2, valid=0, master=20
[LIVE] udp=0.0/s, objs=0.0/s, last_udp=4.56s, meas=1, tracks=2, valid=0, master=20
[GPS] GGA fix_quality=1, num_sats=24, hdop=0.7, lat=30.408082189666665, lon=104.088632451
[LIVE] udp=0.0/s, objs=0.0/s, last_udp=5.56s, meas=1, tracks=2, valid=0, master=20
[LIVE] udp=2.0/s, objs=2.0/s, last_udp=0.28s, meas=1, tracks=2, valid=1, master=20
[LIVE] udp=0.0/s, objs=0.0/s, last_udp=1.28s, meas=1, tracks=2, valid=1, master=20
[LIVE] udp=0.0/s, objs=0.0/s, last_udp=2.28s, meas=1, tracks=2, valid=1, master=20
[LIVE] udp=0.0/s, objs=0.0/s, last_udp=3.28s, meas=1, tracks=2, valid=1, master=20
[LIVE] udp=0.0/s, objs=0.0/s, last_udp=4.29s, meas=1, tracks=2, valid=1, master=20
[LIVE] udp=2.0/s, objs=2.0/s, last_udp=0.27s, meas=1, tracks=2, valid=0, master=20
[LIVE] udp=0.0/s, objs=0.0/s, last_udp=1.27s, meas=1, tracks=2, valid=0, master=20
[LIVE] udp=0.0/s, objs=0.0/s, last_udp=2.27s, meas=1, tracks=2, valid=0, master=20
[LIVE] udp=0.0/s, objs=0.0/s, last_udp=3.28s, meas=1, tracks=2, valid=0, master=20
[GPS] GGA fix_quality=1, num_sats=24, hdop=0.7, lat=30.4080824195, lon=104.08863238466667
[LIVE] udp=0.0/s, objs=0.0/s, last_udp=4.28s, meas=1, tracks=2, valid=0, master=20
[LIVE] udp=0.0/s, objs=0.0/s, last_udp=5.28s, meas=1, tracks=2, valid=0, master=20
[LIVE] udp=0.0/s, objs=0.0/s, last_udp=6.28s, meas=1, tracks=2, valid=0, master=20
[LIVE] udp=0.0/s, objs=0.0/s, last_udp=7.29s, meas=1, tracks=2, valid=0, master=20
[LIVE] udp=0.0/s, objs=0.0/s, last_udp=8.29s, meas=1, tracks=2, valid=0, master=20
[LIVE] udp=0.0/s, objs=0.0/s, last_udp=9.30s, meas=1, tracks=2, valid=0, master=20
[LIVE] udp=0.0/s, objs=0.0/s, last_udp=10.30s, meas=1, tracks=2, valid=0, master=20
[LIVE] udp=0.0/s, objs=0.0/s, last_udp=11.30s, meas=1, tracks=2, valid=0, master=20
[LIVE] udp=0.0/s, objs=0.0/s, last_udp=12.31s, meas=1, tracks=2, valid=0, master=20
[LIVE] udp=0.0/s, objs=0.0/s, last_udp=13.31s, meas=1, tracks=2, valid=0, master=20
[GPS] GGA fix_quality=1, num_sats=24, hdop=0.7, lat=30.408082718833334, lon=104.08863239383334
[LIVE] udp=0.0/s, objs=0.0/s, last_udp=14.31s, meas=1, tracks=2, valid=0, master=20
[LIVE] udp=0.0/s, objs=0.0/s, last_udp=15.31s, meas=1, tracks=2, valid=0, master=20
[LIVE] udp=0.0/s, objs=0.0/s, last_udp=16.31s, meas=1, tracks=2, valid=0, master=20
[LIVE] udp=0.0/s, objs=0.0/s, last_udp=17.32s, meas=1, tracks=2, valid=0, master=20
[LIVE] udp=0.0/s, objs=0.0/s, last_udp=18.32s, meas=1, tracks=2, valid=0, master=20
[LIVE] udp=0.0/s, objs=0.0/s, last_udp=19.32s, meas=1, tracks=2, valid=0, master=20
[LIVE] udp=3.0/s, objs=3.0/s, last_udp=0.35s, meas=1, tracks=1, valid=0, master=20
[LIVE] udp=1.0/s, objs=1.0/s, last_udp=0.55s, meas=1, tracks=2, valid=0, master=20
[LIVE] udp=0.0/s, objs=0.0/s, last_udp=1.56s, meas=1, tracks=2, valid=0, master=20
[LIVE] udp=0.0/s, objs=0.0/s, last_udp=2.56s, meas=1, tracks=2, valid=0, master=20
[GPS] GGA fix_quality=1, num_sats=24, hdop=0.7, lat=30.408083191, lon=104.08863214083334
[LIVE] udp=0.0/s, objs=0.0/s, last_udp=3.56s, meas=1, tracks=2, valid=0, master=20
[LIVE] udp=0.0/s, objs=0.0/s, last_udp=4.56s, meas=1, tracks=2, valid=0, master=20
[LIVE] udp=0.0/s, objs=0.0/s, last_udp=5.57s, meas=1, tracks=2, valid=0, master=20
[LIVE] udp=0.0/s, objs=0.0/s, last_udp=6.57s, meas=1, tracks=2, valid=0, master=20
[LIVE] udp=0.0/s, objs=0.0/s, last_udp=7.57s, meas=1, tracks=2, valid=0, master=20
[LIVE] udp=0.0/s, objs=0.0/s, last_udp=8.58s, meas=1, tracks=2, valid=0, master=20
[LIVE] udp=0.0/s, objs=0.0/s, last_udp=9.58s, meas=1, tracks=2, valid=0, master=20
[LIVE] udp=0.0/s, objs=0.0/s, last_udp=10.58s, meas=1, tracks=2, valid=0, master=20
[LIVE] udp=0.0/s, objs=0.0/s, last_udp=11.59s, meas=1, tracks=2, valid=0, master=20
[LIVE] udp=1.0/s, objs=1.0/s, last_udp=0.08s, meas=1, tracks=2, valid=0, master=20
[GPS] GGA fix_quality=1, num_sats=24, hdop=0.7, lat=30.408083694833334, lon=104.08863224466667
[LIVE] udp=6.0/s, objs=6.0/s, last_udp=0.09s, meas=1, tracks=1, valid=1, master=36
[LIVE] udp=6.0/s, objs=6.0/s, last_udp=0.00s, meas=1, tracks=1, valid=1, master=36
[LIVE] udp=4.0/s, objs=4.0/s, last_udp=0.12s, meas=1, tracks=1, valid=1, master=36
[LIVE] udp=5.0/s, objs=5.0/s, last_udp=0.20s, meas=1, tracks=1, valid=1, master=36
[LIVE] udp=4.0/s, objs=4.0/s, last_udp=0.14s, meas=1, tracks=1, valid=1, master=36
[LIVE] udp=4.0/s, objs=4.0/s, last_udp=0.02s, meas=1, tracks=1, valid=1, master=36
[LIVE] udp=0.0/s, objs=0.0/s, last_udp=1.02s, meas=1, tracks=1, valid=1, master=36
[LIVE] udp=0.0/s, objs=0.0/s, last_udp=2.02s, meas=1, tracks=1, valid=1, master=36
[LIVE] udp=0.0/s, objs=0.0/s, last_udp=3.03s, meas=1, tracks=1, valid=1, master=36
[LIVE] udp=2.0/s, objs=2.0/s, last_udp=0.19s, meas=1, tracks=1, valid=1, master=36
[GPS] GGA fix_quality=1, num_sats=23, hdop=0.7, lat=30.408083732, lon=104.0886320255
[LIVE] udp=1.0/s, objs=1.0/s, last_udp=0.66s, meas=1, tracks=1, valid=1, master=36
[LIVE] udp=3.0/s, objs=3.0/s, last_udp=0.13s, meas=1, tracks=1, valid=1, master=36
[LIVE] udp=3.0/s, objs=3.0/s, last_udp=0.03s, meas=1, tracks=1, valid=1, master=36
[LIVE] udp=4.0/s, objs=4.0/s, last_udp=0.10s, meas=1, tracks=1, valid=1, master=36
[LIVE] udp=4.0/s, objs=4.0/s, last_udp=0.06s, meas=1, tracks=1, valid=1, master=36
[LIVE] udp=2.0/s, objs=2.0/s, last_udp=0.49s, meas=1, tracks=1, valid=1, master=36
[LIVE] udp=5.0/s, objs=5.0/s, last_udp=0.04s, meas=1, tracks=1, valid=1, master=36
[LIVE] udp=1.0/s, objs=1.0/s, last_udp=0.93s, meas=1, tracks=1, valid=1, master=36
[LIVE] udp=0.0/s, objs=0.0/s, last_udp=1.93s, meas=1, tracks=1, valid=1, master=36
[LIVE] udp=0.0/s, objs=0.0/s, last_udp=2.93s, meas=1, tracks=1, valid=1, master=36
[GPS] GGA fix_quality=1, num_sats=24, hdop=0.7, lat=30.408083416333334, lon=104.088632098
[LIVE] udp=2.0/s, objs=2.0/s, last_udp=0.10s, meas=1, tracks=1, valid=1, master=36
[LIVE] udp=4.0/s, objs=4.0/s, last_udp=0.09s, meas=1, tracks=1, valid=1, master=36
[LIVE] udp=1.0/s, objs=1.0/s, last_udp=0.96s, meas=1, tracks=1, valid=1, master=36
[LIVE] udp=0.0/s, objs=0.0/s, last_udp=1.96s, meas=1, tracks=1, valid=1, master=36
[LIVE] udp=2.0/s, objs=2.0/s, last_udp=0.16s, meas=1, tracks=2, valid=0, master=36
[LIVE] udp=3.0/s, objs=3.0/s, last_udp=0.52s, meas=1, tracks=2, valid=1, master=37
[LIVE] udp=0.0/s, objs=0.0/s, last_udp=1.53s, meas=1, tracks=2, valid=1, master=37
[LIVE] udp=0.0/s, objs=0.0/s, last_udp=2.53s, meas=1, tracks=2, valid=1, master=37
[LIVE] udp=0.0/s, objs=0.0/s, last_udp=3.53s, meas=1, tracks=2, valid=1, master=37
[LIVE] udp=0.0/s, objs=0.0/s, last_udp=4.54s, meas=1, tracks=2, valid=1, master=37
[GPS] GGA fix_quality=1, num_sats=23, hdop=0.7, lat=30.4080840105, lon=104.08863442783333
[LIVE] udp=0.0/s, objs=0.0/s, last_udp=5.54s, meas=1, tracks=2, valid=1, master=37
[LIVE] udp=0.0/s, objs=0.0/s, last_udp=6.54s, meas=1, tracks=2, valid=1, master=37
[LIVE] udp=4.0/s, objs=4.0/s, last_udp=0.27s, meas=1, tracks=1, valid=1, master=37
[LIVE] udp=0.0/s, objs=0.0/s, last_udp=1.28s, meas=1, tracks=1, valid=1, master=37
[LIVE] udp=0.0/s, objs=0.0/s, last_udp=2.28s, meas=1, tracks=1, valid=1, master=37
[LIVE] udp=0.0/s, objs=0.0/s, last_udp=3.28s, meas=1, tracks=1, valid=1, master=37
[LIVE] udp=0.0/s, objs=0.0/s, last_udp=4.29s, meas=1, tracks=1, valid=1, master=37
[LIVE] udp=0.0/s, objs=0.0/s, last_udp=5.29s, meas=1, tracks=1, valid=1, master=37
[LIVE] udp=0.0/s, objs=0.0/s, last_udp=6.30s, meas=1, tracks=1, valid=1, master=37
[LIVE] udp=0.0/s, objs=0.0/s, last_udp=7.30s, meas=1, tracks=1, valid=1, master=37
[GPS] GGA fix_quality=1, num_sats=25, hdop=0.6, lat=30.4080837375, lon=104.088637264
[LIVE] udp=0.0/s, objs=0.0/s, last_udp=8.30s, meas=1, tracks=1, valid=1, master=37
[LIVE] udp=0.0/s, objs=0.0/s, last_udp=9.30s, meas=1, tracks=1, valid=1, master=37
[LIVE] udp=1.0/s, objs=1.0/s, last_udp=0.21s, meas=1, tracks=1, valid=0, master=37
[LIVE] udp=2.0/s, objs=2.0/s, last_udp=0.72s, meas=1, tracks=2, valid=0, master=37
[LIVE] udp=0.0/s, objs=0.0/s, last_udp=1.72s, meas=1, tracks=2, valid=0, master=37
[LIVE] udp=1.0/s, objs=1.0/s, last_udp=0.30s, meas=1, tracks=3, valid=0, master=37
[LIVE] udp=0.0/s, objs=0.0/s, last_udp=1.31s, meas=1, tracks=3, valid=0, master=37
[LIVE] udp=0.0/s, objs=0.0/s, last_udp=2.31s, meas=1, tracks=3, valid=0, master=37
[LIVE] udp=0.0/s, objs=0.0/s, last_udp=3.31s, meas=1, tracks=3, valid=0, master=37
[LIVE] udp=0.0/s, objs=0.0/s, last_udp=4.31s, meas=1, tracks=3, valid=0, master=37
[GPS] GGA fix_quality=1, num_sats=24, hdop=0.7, lat=30.408083304166666, lon=104.08863679183334
[LIVE] udp=0.0/s, objs=0.0/s, last_udp=5.31s, meas=1, tracks=3, valid=0, master=37
[LIVE] udp=0.0/s, objs=0.0/s, last_udp=6.32s, meas=1, tracks=3, valid=0, master=37
[LIVE] udp=0.0/s, objs=0.0/s, last_udp=7.32s, meas=1, tracks=3, valid=0, master=37
[LIVE] udp=0.0/s, objs=0.0/s, last_udp=8.32s, meas=1, tracks=3, valid=0, master=37
[LIVE] udp=0.0/s, objs=0.0/s, last_udp=9.32s, meas=1, tracks=3, valid=0, master=37
[LIVE] udp=0.0/s, objs=0.0/s, last_udp=10.33s, meas=1, tracks=3, valid=0, master=37
[LIVE] udp=0.0/s, objs=0.0/s, last_udp=11.33s, meas=1, tracks=3, valid=0, master=37
[LIVE] udp=0.0/s, objs=0.0/s, last_udp=12.33s, meas=1, tracks=3, valid=0, master=37
[LIVE] udp=0.0/s, objs=0.0/s, last_udp=13.34s, meas=1, tracks=3, valid=0, master=37
[LIVE] udp=0.0/s, objs=0.0/s, last_udp=14.34s, meas=1, tracks=3, valid=0, master=37
[GPS] GGA fix_quality=1, num_sats=24, hdop=0.7, lat=30.408081529833332, lon=104.08863665016666
[LIVE] udp=0.0/s, objs=0.0/s, last_udp=15.34s, meas=1, tracks=3, valid=0, master=37
[LIVE] udp=0.0/s, objs=0.0/s, last_udp=16.34s, meas=1, tracks=3, valid=0, master=37
[LIVE] udp=0.0/s, objs=0.0/s, last_udp=17.34s, meas=1, tracks=3, valid=0, master=37
[LIVE] udp=0.0/s, objs=0.0/s, last_udp=18.35s, meas=1, tracks=3, valid=0, master=37
[LIVE] udp=0.0/s, objs=0.0/s, last_udp=19.35s, meas=1, tracks=3, valid=0, master=37
[LIVE] udp=0.0/s, objs=0.0/s, last_udp=20.35s, meas=1, tracks=3, valid=0, master=37
[LIVE] udp=0.0/s, objs=0.0/s, last_udp=21.35s, meas=1, tracks=3, valid=0, master=37
[LIVE] udp=0.0/s, objs=0.0/s, last_udp=22.36s, meas=1, tracks=3, valid=0, master=37
[LIVE] udp=0.0/s, objs=0.0/s, last_udp=23.36s, meas=1, tracks=3, valid=0, master=37
[LIVE] udp=0.0/s, objs=0.0/s, last_udp=24.36s, meas=1, tracks=3, valid=0, master=37
[GPS] GGA fix_quality=1, num_sats=24, hdop=0.7, lat=30.408081638666665, lon=104.08863601333333
[LIVE] udp=0.0/s, objs=0.0/s, last_udp=25.36s, meas=1, tracks=3, valid=0, master=37
[LIVE] udp=0.0/s, objs=0.0/s, last_udp=26.37s, meas=1, tracks=3, valid=0, master=37
[LIVE] udp=0.0/s, objs=0.0/s, last_udp=27.37s, meas=1, tracks=3, valid=0, master=37
[LIVE] udp=0.0/s, objs=0.0/s, last_udp=28.37s, meas=1, tracks=3, valid=0, master=37
[LIVE] udp=0.0/s, objs=0.0/s, last_udp=29.37s, meas=1, tracks=3, valid=0, master=37
[LIVE] udp=0.0/s, objs=0.0/s, last_udp=30.37s, meas=1, tracks=3, valid=0, master=37
[LIVE] udp=0.0/s, objs=0.0/s, last_udp=31.38s, meas=1, tracks=3, valid=0, master=37
[LIVE] udp=0.0/s, objs=0.0/s, last_udp=32.38s, meas=1, tracks=3, valid=0, master=37
[LIVE] udp=0.0/s, objs=0.0/s, last_udp=33.38s, meas=1, tracks=3, valid=0, master=37
[LIVE] udp=0.0/s, objs=0.0/s, last_udp=34.38s, meas=1, tracks=3, valid=0, master=37
[GPS] GGA fix_quality=1, num_sats=24, hdop=0.7, lat=30.4080819005, lon=104.08863579666667
[LIVE] udp=0.0/s, objs=0.0/s, last_udp=35.39s, meas=1, tracks=3, valid=0, master=37
[LIVE] udp=0.0/s, objs=0.0/s, last_udp=36.39s, meas=1, tracks=3, valid=0, master=37
[LIVE] udp=0.0/s, objs=0.0/s, last_udp=37.39s, meas=1, tracks=3, valid=0, master=37
[LIVE] udp=0.0/s, objs=0.0/s, last_udp=38.40s, meas=1, tracks=3, valid=0, master=37
[LIVE] udp=0.0/s, objs=0.0/s, last_udp=39.40s, meas=1, tracks=3, valid=0, master=37
[LIVE] udp=0.0/s, objs=0.0/s, last_udp=40.40s, meas=1, tracks=3, valid=0, master=37
[LIVE] udp=0.0/s, objs=0.0/s, last_udp=41.40s, meas=1, tracks=3, valid=0, master=37
[LIVE] udp=0.0/s, objs=0.0/s, last_udp=42.41s, meas=1, tracks=3, valid=0, master=37
[LIVE] udp=0.0/s, objs=0.0/s, last_udp=43.41s, meas=1, tracks=3, valid=0, master=37
[LIVE] udp=0.0/s, objs=0.0/s, last_udp=44.41s, meas=1, tracks=3, valid=0, master=37
[GPS] GGA fix_quality=1, num_sats=26, hdop=0.6, lat=30.408083578333333, lon=104.08863731383333
[LIVE] udp=0.0/s, objs=0.0/s, last_udp=45.42s, meas=1, tracks=3, valid=0, master=37
[LIVE] udp=0.0/s, objs=0.0/s, last_udp=46.42s, meas=1, tracks=3, valid=0, master=37
[LIVE] udp=0.0/s, objs=0.0/s, last_udp=47.43s, meas=1, tracks=3, valid=0, master=37
[LIVE] udp=0.0/s, objs=0.0/s, last_udp=48.43s, meas=1, tracks=3, valid=0, master=37
[LIVE] udp=0.0/s, objs=0.0/s, last_udp=49.43s, meas=1, tracks=3, valid=0, master=37
[LIVE] udp=0.0/s, objs=0.0/s, last_udp=50.43s, meas=1, tracks=3, valid=0, master=37
[LIVE] udp=0.0/s, objs=0.0/s, last_udp=51.43s, meas=1, tracks=3, valid=0, master=37
[LIVE] udp=0.0/s, objs=0.0/s, last_udp=52.44s, meas=1, tracks=3, valid=0, master=37
[LIVE] udp=0.0/s, objs=0.0/s, last_udp=53.44s, meas=1, tracks=3, valid=0, master=37
[LIVE] udp=0.0/s, objs=0.0/s, last_udp=54.44s, meas=1, tracks=3, valid=0, master=37
[GPS] GGA fix_quality=1, num_sats=24, hdop=0.7, lat=30.408083981, lon=104.08861772716666
[LIVE] udp=0.0/s, objs=0.0/s, last_udp=55.44s, meas=1, tracks=3, valid=0, master=37
[LIVE] udp=0.0/s, objs=0.0/s, last_udp=56.45s, meas=1, tracks=3, valid=0, master=37
[LIVE] udp=0.0/s, objs=0.0/s, last_udp=57.45s, meas=1, tracks=3, valid=0, master=37
[LIVE] udp=0.0/s, objs=0.0/s, last_udp=58.45s, meas=1, tracks=3, valid=0, master=37
[LIVE] udp=0.0/s, objs=0.0/s, last_udp=59.45s, meas=1, tracks=3, valid=0, master=37
[LIVE] udp=6.0/s, objs=6.0/s, last_udp=0.08s, meas=2, tracks=2, valid=1, master=41
[LIVE] udp=4.0/s, objs=4.0/s, last_udp=0.39s, meas=1, tracks=2, valid=1, master=42
[LIVE] udp=0.0/s, objs=0.0/s, last_udp=1.39s, meas=1, tracks=2, valid=1, master=42
[LIVE] udp=0.0/s, objs=0.0/s, last_udp=2.39s, meas=1, tracks=2, valid=1, master=42
[LIVE] udp=1.0/s, objs=1.0/s, last_udp=0.31s, meas=1, tracks=3, valid=0, master=42
[GPS] GGA fix_quality=1, num_sats=25, hdop=0.6, lat=30.408083685333335, lon=104.088625365
[LIVE] udp=0.0/s, objs=0.0/s, last_udp=1.31s, meas=1, tracks=3, valid=0, master=42
[LIVE] udp=5.0/s, objs=5.0/s, last_udp=0.10s, meas=1, tracks=3, valid=1, master=41
[LIVE] udp=1.0/s, objs=1.0/s, last_udp=0.97s, meas=1, tracks=3, valid=1, master=41
[LIVE] udp=0.0/s, objs=0.0/s, last_udp=1.98s, meas=1, tracks=3, valid=1, master=41
[LIVE] udp=0.0/s, objs=0.0/s, last_udp=2.98s, meas=1, tracks=3, valid=1, master=41
[LIVE] udp=0.0/s, objs=0.0/s, last_udp=3.98s, meas=1, tracks=3, valid=1, master=41
[LIVE] udp=0.0/s, objs=0.0/s, last_udp=4.99s, meas=1, tracks=3, valid=1, master=41
[LIVE] udp=0.0/s, objs=0.0/s, last_udp=5.99s, meas=1, tracks=3, valid=1, master=41
[LIVE] udp=0.0/s, objs=0.0/s, last_udp=7.00s, meas=1, tracks=3, valid=1, master=41
[LIVE] udp=0.0/s, objs=0.0/s, last_udp=8.00s, meas=1, tracks=3, valid=1, master=41
[GPS] GGA fix_quality=1, num_sats=26, hdop=0.6, lat=30.408085466166668, lon=104.0886244495
[LIVE] udp=0.0/s, objs=0.0/s, last_udp=9.00s, meas=1, tracks=3, valid=1, master=41
[LIVE] udp=0.0/s, objs=0.0/s, last_udp=10.01s, meas=1, tracks=3, valid=1, master=41
[LIVE] udp=0.0/s, objs=0.0/s, last_udp=11.01s, meas=1, tracks=3, valid=1, master=41
[LIVE] udp=0.0/s, objs=0.0/s, last_udp=12.02s, meas=1, tracks=3, valid=1, master=41
[LIVE] udp=0.0/s, objs=0.0/s, last_udp=13.02s, meas=1, tracks=3, valid=1, master=41
[LIVE] udp=0.0/s, objs=0.0/s, last_udp=14.02s, meas=1, tracks=3, valid=1, master=41
[LIVE] udp=0.0/s, objs=0.0/s, last_udp=15.03s, meas=1, tracks=3, valid=1, master=41
[LIVE] udp=0.0/s, objs=0.0/s, last_udp=16.03s, meas=1, tracks=3, valid=1, master=41
[LIVE] udp=0.0/s, objs=0.0/s, last_udp=17.03s, meas=1, tracks=3, valid=1, master=41
[LIVE] udp=0.0/s, objs=0.0/s, last_udp=18.03s, meas=1, tracks=3, valid=1, master=41
[GPS] GGA fix_quality=1, num_sats=25, hdop=0.6, lat=30.408088038333332, lon=104.088625882
[LIVE] udp=0.0/s, objs=0.0/s, last_udp=19.04s, meas=1, tracks=3, valid=1, master=41
[LIVE] udp=0.0/s, objs=0.0/s, last_udp=20.04s, meas=1, tracks=3, valid=1, master=41
[LIVE] udp=0.0/s, objs=0.0/s, last_udp=21.04s, meas=1, tracks=3, valid=1, master=41
[LIVE] udp=0.0/s, objs=0.0/s, last_udp=22.04s, meas=1, tracks=3, valid=1, master=41
[LIVE] udp=0.0/s, objs=0.0/s, last_udp=23.05s, meas=1, tracks=3, valid=1, master=41
[LIVE] udp=0.0/s, objs=0.0/s, last_udp=24.05s, meas=1, tracks=3, valid=1, master=41
[LIVE] udp=0.0/s, objs=0.0/s, last_udp=25.05s, meas=1, tracks=3, valid=1, master=41
[LIVE] udp=0.0/s, objs=0.0/s, last_udp=26.06s, meas=1, tracks=3, valid=1, master=41
[LIVE] udp=0.0/s, objs=0.0/s, last_udp=27.06s, meas=1, tracks=3, valid=1, master=41
[LIVE] udp=5.0/s, objs=5.0/s, last_udp=0.36s, meas=1, tracks=1, valid=1, master=44
[GPS] GGA fix_quality=1, num_sats=24, hdop=0.7, lat=30.408089242666666, lon=104.088634305
[LIVE] udp=1.0/s, objs=1.0/s, last_udp=0.65s, meas=1, tracks=1, valid=1, master=44
[LIVE] udp=0.0/s, objs=0.0/s, last_udp=1.66s, meas=1, tracks=1, valid=1, master=44
[LIVE] udp=0.0/s, objs=0.0/s, last_udp=2.66s, meas=1, tracks=1, valid=1, master=44
[LIVE] udp=0.0/s, objs=0.0/s, last_udp=3.66s, meas=1, tracks=1, valid=1, master=44
[LIVE] udp=0.0/s, objs=0.0/s, last_udp=4.67s, meas=1, tracks=1, valid=1, master=44
[LIVE] udp=0.0/s, objs=0.0/s, last_udp=5.67s, meas=1, tracks=1, valid=1, master=44
[LIVE] udp=0.0/s, objs=0.0/s, last_udp=6.67s, meas=1, tracks=1, valid=1, master=44
[LIVE] udp=0.0/s, objs=0.0/s, last_udp=7.67s, meas=1, tracks=1, valid=1, master=44
[LIVE] udp=0.0/s, objs=0.0/s, last_udp=8.68s, meas=1, tracks=1, valid=1, master=44
[LIVE] udp=2.0/s, objs=2.0/s, last_udp=0.52s, meas=1, tracks=2, valid=0, master=44
[GPS] GGA fix_quality=1, num_sats=25, hdop=0.7, lat=30.408090844333334, lon=104.088628703
[LIVE] udp=0.0/s, objs=0.0/s, last_udp=1.52s, meas=1, tracks=2, valid=0, master=44
[LIVE] udp=0.0/s, objs=0.0/s, last_udp=2.52s, meas=1, tracks=2, valid=0, master=44
[LIVE] udp=0.0/s, objs=0.0/s, last_udp=3.53s, meas=1, tracks=2, valid=0, master=44
[LIVE] udp=0.0/s, objs=0.0/s, last_udp=4.53s, meas=1, tracks=2, valid=0, master=44
[LIVE] udp=0.0/s, objs=0.0/s, last_udp=5.53s, meas=1, tracks=2, valid=0, master=44
[LIVE] udp=0.0/s, objs=0.0/s, last_udp=6.54s, meas=1, tracks=2, valid=0, master=44
[LIVE] udp=0.0/s, objs=0.0/s, last_udp=7.54s, meas=1, tracks=2, valid=0, master=44
[LIVE] udp=0.0/s, objs=0.0/s, last_udp=8.54s, meas=1, tracks=2, valid=0, master=44
[LIVE] udp=0.0/s, objs=0.0/s, last_udp=9.55s, meas=1, tracks=2, valid=0, master=44
[LIVE] udp=0.0/s, objs=0.0/s, last_udp=10.55s, meas=1, tracks=2, valid=0, master=44
[GPS] GGA fix_quality=1, num_sats=26, hdop=0.6, lat=30.408091236, lon=104.088627795
[LIVE] udp=0.0/s, objs=0.0/s, last_udp=11.56s, meas=1, tracks=2, valid=0, master=44
[LIVE] udp=0.0/s, objs=0.0/s, last_udp=12.56s, meas=1, tracks=2, valid=0, master=44
[LIVE] udp=0.0/s, objs=0.0/s, last_udp=13.56s, meas=1, tracks=2, valid=0, master=44
[LIVE] udp=0.0/s, objs=0.0/s, last_udp=14.56s, meas=1, tracks=2, valid=0, master=44
[LIVE] udp=0.0/s, objs=0.0/s, last_udp=15.56s, meas=1, tracks=2, valid=0, master=44
[LIVE] udp=0.0/s, objs=0.0/s, last_udp=16.57s, meas=1, tracks=2, valid=0, master=44
[LIVE] udp=0.0/s, objs=0.0/s, last_udp=17.57s, meas=1, tracks=2, valid=0, master=44
[LIVE] udp=0.0/s, objs=0.0/s, last_udp=18.57s, meas=1, tracks=2, valid=0, master=44
[LIVE] udp=1.0/s, objs=1.0/s, last_udp=0.90s, meas=1, tracks=1, valid=0, master=44
[LIVE] udp=0.0/s, objs=0.0/s, last_udp=1.90s, meas=1, tracks=1, valid=0, master=44
[GPS] GGA fix_quality=1, num_sats=24, hdop=0.7, lat=30.408090690833333, lon=104.08862941633333
[LIVE] udp=0.0/s, objs=0.0/s, last_udp=2.90s, meas=1, tracks=1, valid=0, master=44
[LIVE] udp=0.0/s, objs=0.0/s, last_udp=3.90s, meas=1, tracks=1, valid=0, master=44
[LIVE] udp=0.0/s, objs=0.0/s, last_udp=4.90s, meas=1, tracks=1, valid=0, master=44
[LIVE] udp=0.0/s, objs=0.0/s, last_udp=5.90s, meas=1, tracks=1, valid=0, master=44
[LIVE] udp=0.0/s, objs=0.0/s, last_udp=6.91s, meas=1, tracks=1, valid=0, master=44
[LIVE] udp=0.0/s, objs=0.0/s, last_udp=7.91s, meas=1, tracks=1, valid=0, master=44
[LIVE] udp=0.0/s, objs=0.0/s, last_udp=8.92s, meas=1, tracks=1, valid=0, master=44
[LIVE] udp=0.0/s, objs=0.0/s, last_udp=9.92s, meas=1, tracks=1, valid=0, master=44
[LIVE] udp=0.0/s, objs=0.0/s, last_udp=10.93s, meas=1, tracks=1, valid=0, master=44
[LIVE] udp=0.0/s, objs=0.0/s, last_udp=11.93s, meas=1, tracks=1, valid=0, master=44
[GPS] GGA fix_quality=1, num_sats=24, hdop=0.7, lat=30.408088695666667, lon=104.08863687066666
[LIVE] udp=0.0/s, objs=0.0/s, last_udp=12.93s, meas=1, tracks=1, valid=0, master=44
[LIVE] udp=0.0/s, objs=0.0/s, last_udp=13.93s, meas=1, tracks=1, valid=0, master=44
[LIVE] udp=0.0/s, objs=0.0/s, last_udp=14.94s, meas=1, tracks=1, valid=0, master=44
[LIVE] udp=0.0/s, objs=0.0/s, last_udp=15.94s, meas=1, tracks=1, valid=0, master=44
[LIVE] udp=0.0/s, objs=0.0/s, last_udp=16.95s, meas=1, tracks=1, valid=0, master=44
[LIVE] udp=0.0/s, objs=0.0/s, last_udp=17.95s, meas=1, tracks=1, valid=0, master=44
[LIVE] udp=3.0/s, objs=3.0/s, last_udp=0.00s, meas=1, tracks=1, valid=0, master=44
[LIVE] udp=0.0/s, objs=0.0/s, last_udp=1.00s, meas=1, tracks=1, valid=0, master=44
[LIVE] udp=0.0/s, objs=0.0/s, last_udp=2.01s, meas=1, tracks=1, valid=0, master=44
[LIVE] udp=0.0/s, objs=0.0/s, last_udp=3.01s, meas=1, tracks=1, valid=0, master=44
[GPS] GGA fix_quality=1, num_sats=24, hdop=0.7, lat=30.408089617333335, lon=104.08863462183334
[LIVE] udp=0.0/s, objs=0.0/s, last_udp=4.01s, meas=1, tracks=1, valid=0, master=44
[LIVE] udp=0.0/s, objs=0.0/s, last_udp=5.01s, meas=1, tracks=1, valid=0, master=44
[LIVE] udp=0.0/s, objs=0.0/s, last_udp=6.01s, meas=1, tracks=1, valid=0, master=44
[LIVE] udp=0.0/s, objs=0.0/s, last_udp=7.01s, meas=1, tracks=1, valid=0, master=44
[LIVE] udp=0.0/s, objs=0.0/s, last_udp=8.02s, meas=1, tracks=1, valid=0, master=44
[LIVE] udp=0.0/s, objs=0.0/s, last_udp=9.02s, meas=1, tracks=1, valid=0, master=44
[LIVE] udp=0.0/s, objs=0.0/s, last_udp=10.02s, meas=1, tracks=1, valid=0, master=44
[LIVE] udp=0.0/s, objs=0.0/s, last_udp=11.03s, meas=1, tracks=1, valid=0, master=44
[LIVE] udp=0.0/s, objs=0.0/s, last_udp=12.03s, meas=1, tracks=1, valid=0, master=44
[LIVE] udp=0.0/s, objs=0.0/s, last_udp=13.03s, meas=1, tracks=1, valid=0, master=44
[GPS] GGA fix_quality=1, num_sats=23, hdop=0.7, lat=30.408089948, lon=104.08863683483334
[LIVE] udp=0.0/s, objs=0.0/s, last_udp=14.04s, meas=1, tracks=1, valid=0, master=44
[LIVE] udp=0.0/s, objs=0.0/s, last_udp=15.04s, meas=1, tracks=1, valid=0, master=44
[LIVE] udp=0.0/s, objs=0.0/s, last_udp=16.05s, meas=1, tracks=1, valid=0, master=44
[LIVE] udp=0.0/s, objs=0.0/s, last_udp=17.05s, meas=1, tracks=1, valid=0, master=44
[LIVE] udp=0.0/s, objs=0.0/s, last_udp=18.05s, meas=1, tracks=1, valid=0, master=44
[LIVE] udp=3.0/s, objs=3.0/s, last_udp=0.28s, meas=1, tracks=2, valid=0, master=44
[LIVE] udp=0.0/s, objs=0.0/s, last_udp=1.28s, meas=1, tracks=2, valid=0, master=44
[LIVE] udp=0.0/s, objs=0.0/s, last_udp=2.28s, meas=1, tracks=2, valid=0, master=44
[LIVE] udp=0.0/s, objs=0.0/s, last_udp=3.28s, meas=1, tracks=2, valid=0, master=44
[LIVE] udp=0.0/s, objs=0.0/s, last_udp=4.29s, meas=1, tracks=2, valid=0, master=44
[GPS] GGA fix_quality=1, num_sats=24, hdop=0.7, lat=30.408090358, lon=104.0886372805
[LIVE] udp=1.0/s, objs=1.0/s, last_udp=0.83s, meas=1, tracks=2, valid=0, master=44
[LIVE] udp=0.0/s, objs=0.0/s, last_udp=1.84s, meas=1, tracks=2, valid=0, master=44
[LIVE] udp=0.0/s, objs=0.0/s, last_udp=2.84s, meas=1, tracks=2, valid=0, master=44
[LIVE] udp=0.0/s, objs=0.0/s, last_udp=3.84s, meas=1, tracks=2, valid=0, master=44
[LIVE] udp=2.0/s, objs=2.0/s, last_udp=0.44s, meas=1, tracks=2, valid=1, master=48
[LIVE] udp=5.0/s, objs=5.0/s, last_udp=0.34s, meas=1, tracks=2, valid=1, master=48
[LIVE] udp=3.0/s, objs=3.0/s, last_udp=0.36s, meas=1, tracks=1, valid=1, master=48
[LIVE] udp=2.0/s, objs=2.0/s, last_udp=0.33s, meas=1, tracks=1, valid=1, master=48
[LIVE] udp=3.0/s, objs=3.0/s, last_udp=0.15s, meas=1, tracks=1, valid=1, master=48
[LIVE] udp=5.0/s, objs=5.0/s, last_udp=0.04s, meas=1, tracks=1, valid=1, master=48
[GPS] GGA fix_quality=1, num_sats=24, hdop=0.7, lat=30.408089384, lon=104.08863758716667
[LIVE] udp=6.0/s, objs=6.0/s, last_udp=0.06s, meas=1, tracks=1, valid=1, master=48
[LIVE] udp=6.0/s, objs=6.0/s, last_udp=0.08s, meas=1, tracks=1, valid=1, master=48
[LIVE] udp=4.0/s, objs=4.0/s, last_udp=0.09s, meas=1, tracks=1, valid=1, master=48
[LIVE] udp=6.0/s, objs=6.0/s, last_udp=0.08s, meas=1, tracks=1, valid=1, master=48
[LIVE] udp=8.0/s, objs=8.0/s, last_udp=0.13s, meas=2, tracks=2, valid=1, master=48
[LIVE] udp=8.0/s, objs=8.0/s, last_udp=0.02s, meas=1, tracks=2, valid=1, master=48
[LIVE] udp=1.0/s, objs=1.0/s, last_udp=0.91s, meas=1, tracks=2, valid=1, master=48
[LIVE] udp=0.0/s, objs=0.0/s, last_udp=1.91s, meas=1, tracks=2, valid=1, master=48
[LIVE] udp=0.0/s, objs=0.0/s, last_udp=2.91s, meas=1, tracks=2, valid=1, master=48
[LIVE] udp=0.0/s, objs=0.0/s, last_udp=3.92s, meas=1, tracks=2, valid=1, master=48
[GPS] GGA fix_quality=1, num_sats=25, hdop=0.6, lat=30.408088435666667, lon=104.08863701266667
[LIVE] udp=0.0/s, objs=0.0/s, last_udp=4.92s, meas=1, tracks=2, valid=1, master=48
[LIVE] udp=0.0/s, objs=0.0/s, last_udp=5.93s, meas=1, tracks=2, valid=1, master=48
[LIVE] udp=0.0/s, objs=0.0/s, last_udp=6.93s, meas=1, tracks=2, valid=1, master=48
[LIVE] udp=0.0/s, objs=0.0/s, last_udp=7.93s, meas=1, tracks=2, valid=1, master=48
[LIVE] udp=0.0/s, objs=0.0/s, last_udp=8.93s, meas=1, tracks=2, valid=1, master=48
[LIVE] udp=0.0/s, objs=0.0/s, last_udp=9.93s, meas=1, tracks=2, valid=1, master=48
[LIVE] udp=0.0/s, objs=0.0/s, last_udp=10.94s, meas=1, tracks=2, valid=1, master=48
[LIVE] udp=0.0/s, objs=0.0/s, last_udp=11.94s, meas=1, tracks=2, valid=1, master=48
[LIVE] udp=0.0/s, objs=0.0/s, last_udp=12.94s, meas=1, tracks=2, valid=1, master=48
[LIVE] udp=0.0/s, objs=0.0/s, last_udp=13.95s, meas=1, tracks=2, valid=1, master=48
[GPS] GGA fix_quality=1, num_sats=24, hdop=0.7, lat=30.408088093666667, lon=104.08863730566667
[LIVE] udp=0.0/s, objs=0.0/s, last_udp=14.95s, meas=1, tracks=2, valid=1, master=48
[LIVE] udp=2.0/s, objs=2.0/s, last_udp=0.50s, meas=1, tracks=1, valid=0, master=48
[LIVE] udp=0.0/s, objs=0.0/s, last_udp=1.51s, meas=1, tracks=1, valid=0, master=48
[LIVE] udp=0.0/s, objs=0.0/s, last_udp=2.51s, meas=1, tracks=1, valid=0, master=48
[LIVE] udp=0.0/s, objs=0.0/s, last_udp=3.51s, meas=1, tracks=1, valid=0, master=48
[LIVE] udp=0.0/s, objs=0.0/s, last_udp=4.52s, meas=1, tracks=1, valid=0, master=48
[LIVE] udp=6.0/s, objs=6.0/s, last_udp=0.05s, meas=1, tracks=1, valid=1, master=51
[LIVE] udp=0.0/s, objs=0.0/s, last_udp=1.05s, meas=1, tracks=1, valid=1, master=51
[LIVE] udp=2.0/s, objs=2.0/s, last_udp=0.08s, meas=1, tracks=1, valid=1, master=51
[LIVE] udp=0.0/s, objs=0.0/s, last_udp=1.08s, meas=1, tracks=2, valid=0, master=51
[GPS] GGA fix_quality=1, num_sats=24, hdop=0.6, lat=30.408088036666665, lon=104.08863778833333
[LIVE] udp=1.0/s, objs=1.0/s, last_udp=0.46s, meas=1, tracks=2, valid=1, master=51
[LIVE] udp=1.0/s, objs=1.0/s, last_udp=0.98s, meas=1, tracks=2, valid=1, master=51
[LIVE] udp=0.0/s, objs=0.0/s, last_udp=1.98s, meas=1, tracks=2, valid=1, master=51
[LIVE] udp=0.0/s, objs=0.0/s, last_udp=2.98s, meas=1, tracks=2, valid=1, master=51
[LIVE] udp=0.0/s, objs=0.0/s, last_udp=3.98s, meas=1, tracks=2, valid=1, master=51
[LIVE] udp=0.0/s, objs=0.0/s, last_udp=4.98s, meas=1, tracks=2, valid=1, master=51
[LIVE] udp=0.0/s, objs=0.0/s, last_udp=5.99s, meas=1, tracks=2, valid=1, master=51
[LIVE] udp=0.0/s, objs=0.0/s, last_udp=6.99s, meas=1, tracks=2, valid=1, master=51
[LIVE] udp=1.0/s, objs=1.0/s, last_udp=0.61s, meas=1, tracks=2, valid=1, master=51
[LIVE] udp=0.0/s, objs=0.0/s, last_udp=1.61s, meas=1, tracks=2, valid=1, master=51
[GPS] GGA fix_quality=1, num_sats=25, hdop=0.6, lat=30.408089131166665, lon=104.08864085466666
[LIVE] udp=0.0/s, objs=0.0/s, last_udp=2.62s, meas=1, tracks=2, valid=1, master=51
[LIVE] udp=0.0/s, objs=0.0/s, last_udp=3.62s, meas=1, tracks=2, valid=1, master=51
[LIVE] udp=1.0/s, objs=1.0/s, last_udp=0.10s, meas=1, tracks=2, valid=1, master=51
[LIVE] udp=2.0/s, objs=2.0/s, last_udp=0.09s, meas=1, tracks=1, valid=1, master=51
[LIVE] udp=0.0/s, objs=0.0/s, last_udp=1.09s, meas=1, tracks=1, valid=1, master=51
[LIVE] udp=0.0/s, objs=0.0/s, last_udp=2.10s, meas=1, tracks=1, valid=1, master=51
[LIVE] udp=0.0/s, objs=0.0/s, last_udp=3.10s, meas=1, tracks=1, valid=1, master=51
[LIVE] udp=0.0/s, objs=0.0/s, last_udp=4.10s, meas=1, tracks=1, valid=1, master=51
[LIVE] udp=0.0/s, objs=0.0/s, last_udp=5.10s, meas=1, tracks=1, valid=1, master=51
[LIVE] udp=3.0/s, objs=3.0/s, last_udp=0.24s, meas=1, tracks=1, valid=1, master=51
[GPS] GGA fix_quality=1, num_sats=24, hdop=0.7, lat=30.40809169816667, lon=104.08863856416667
[LIVE] udp=0.0/s, objs=0.0/s, last_udp=1.24s, meas=1, tracks=1, valid=1, master=51
[LIVE] udp=0.0/s, objs=0.0/s, last_udp=2.25s, meas=1, tracks=1, valid=1, master=51
[LIVE] udp=2.0/s, objs=2.0/s, last_udp=0.02s, meas=1, tracks=1, valid=1, master=51
[LIVE] udp=1.0/s, objs=1.0/s, last_udp=0.58s, meas=1, tracks=1, valid=1, master=51
[LIVE] udp=0.0/s, objs=0.0/s, last_udp=1.59s, meas=1, tracks=1, valid=1, master=51
[LIVE] udp=0.0/s, objs=0.0/s, last_udp=2.59s, meas=1, tracks=1, valid=1, master=51
[LIVE] udp=0.0/s, objs=0.0/s, last_udp=3.59s, meas=1, tracks=1, valid=1, master=51
[LIVE] udp=0.0/s, objs=0.0/s, last_udp=4.59s, meas=1, tracks=1, valid=1, master=51
[LIVE] udp=0.0/s, objs=0.0/s, last_udp=5.60s, meas=1, tracks=1, valid=1, master=51
[GPS] GGA fix_quality=1, num_sats=24, hdop=0.7, lat=30.408092594166668, lon=104.08863723733333
[LIVE] udp=0.0/s, objs=0.0/s, last_udp=6.60s, meas=1, tracks=1, valid=1, master=51
[LIVE] udp=4.0/s, objs=4.0/s, last_udp=0.37s, meas=1, tracks=1, valid=1, master=51
[LIVE] udp=2.0/s, objs=3.0/s, last_udp=0.21s, meas=1, tracks=2, valid=0, master=51
[LIVE] udp=0.0/s, objs=0.0/s, last_udp=1.21s, meas=1, tracks=2, valid=0, master=51
[LIVE] udp=0.0/s, objs=0.0/s, last_udp=2.22s, meas=1, tracks=2, valid=0, master=51
[LIVE] udp=0.0/s, objs=0.0/s, last_udp=3.22s, meas=1, tracks=2, valid=0, master=51
[LIVE] udp=2.0/s, objs=2.0/s, last_udp=0.03s, meas=1, tracks=2, valid=0, master=51
[LIVE] udp=0.0/s, objs=0.0/s, last_udp=1.03s, meas=1, tracks=2, valid=1, master=51
[LIVE] udp=0.0/s, objs=0.0/s, last_udp=2.04s, meas=1, tracks=2, valid=1, master=51
[LIVE] udp=0.0/s, objs=0.0/s, last_udp=3.04s, meas=1, tracks=2, valid=1, master=51
[GPS] GGA fix_quality=1, num_sats=24, hdop=0.7, lat=30.408093069333333, lon=104.08863591366666
[LIVE] udp=0.0/s, objs=0.0/s, last_udp=4.04s, meas=1, tracks=2, valid=1, master=51
[LIVE] udp=0.0/s, objs=0.0/s, last_udp=5.04s, meas=1, tracks=2, valid=1, master=51
[LIVE] udp=0.0/s, objs=0.0/s, last_udp=6.04s, meas=1, tracks=2, valid=1, master=51
[LIVE] udp=2.0/s, objs=2.0/s, last_udp=0.78s, meas=1, tracks=1, valid=1, master=51
[LIVE] udp=0.0/s, objs=0.0/s, last_udp=1.78s, meas=1, tracks=1, valid=1, master=51
[LIVE] udp=0.0/s, objs=0.0/s, last_udp=2.78s, meas=1, tracks=1, valid=1, master=51
[LIVE] udp=0.0/s, objs=0.0/s, last_udp=3.79s, meas=1, tracks=1, valid=1, master=51
[LIVE] udp=0.0/s, objs=0.0/s, last_udp=4.79s, meas=1, tracks=1, valid=1, master=51
[LIVE] udp=0.0/s, objs=0.0/s, last_udp=5.80s, meas=1, tracks=1, valid=1, master=51
[LIVE] udp=0.0/s, objs=0.0/s, last_udp=6.80s, meas=1, tracks=1, valid=1, master=51
[GPS] GGA fix_quality=1, num_sats=25, hdop=0.6, lat=30.408094378666668, lon=104.08863560816667
[LIVE] udp=0.0/s, objs=0.0/s, last_udp=7.80s, meas=1, tracks=1, valid=1, master=51
[LIVE] udp=0.0/s, objs=0.0/s, last_udp=8.80s, meas=1, tracks=1, valid=1, master=51
[LIVE] udp=0.0/s, objs=0.0/s, last_udp=9.81s, meas=1, tracks=1, valid=1, master=51
[LIVE] udp=0.0/s, objs=0.0/s, last_udp=10.81s, meas=1, tracks=1, valid=1, master=51
[LIVE] udp=0.0/s, objs=0.0/s, last_udp=11.81s, meas=1, tracks=1, valid=1, master=51
[LIVE] udp=0.0/s, objs=0.0/s, last_udp=12.81s, meas=1, tracks=1, valid=1, master=51
[LIVE] udp=0.0/s, objs=0.0/s, last_udp=13.81s, meas=1, tracks=1, valid=1, master=51
[LIVE] udp=0.0/s, objs=0.0/s, last_udp=14.81s, meas=1, tracks=1, valid=1, master=51
[LIVE] udp=0.0/s, objs=0.0/s, last_udp=15.82s, meas=1, tracks=1, valid=1, master=51
[LIVE] udp=0.0/s, objs=0.0/s, last_udp=16.82s, meas=1, tracks=1, valid=1, master=51
[GPS] GGA fix_quality=1, num_sats=25, hdop=0.6, lat=30.408094677333334, lon=104.0886351535
[LIVE] udp=0.0/s, objs=0.0/s, last_udp=17.82s, meas=1, tracks=1, valid=1, master=51
[LIVE] udp=0.0/s, objs=0.0/s, last_udp=18.82s, meas=1, tracks=1, valid=1, master=51
[LIVE] udp=1.0/s, objs=1.0/s, last_udp=0.38s, meas=1, tracks=1, valid=0, master=51
[LIVE] udp=1.0/s, objs=1.0/s, last_udp=0.90s, meas=1, tracks=1, valid=0, master=51
[LIVE] udp=1.0/s, objs=1.0/s, last_udp=0.02s, meas=1, tracks=1, valid=0, master=51
[LIVE] udp=1.0/s, objs=1.0/s, last_udp=0.93s, meas=1, tracks=1, valid=1, master=54
[LIVE] udp=0.0/s, objs=0.0/s, last_udp=1.94s, meas=1, tracks=1, valid=1, master=54
[LIVE] udp=0.0/s, objs=0.0/s, last_udp=2.94s, meas=1, tracks=1, valid=1, master=54
[LIVE] udp=0.0/s, objs=0.0/s, last_udp=3.94s, meas=1, tracks=1, valid=1, master=54
[LIVE] udp=2.0/s, objs=2.0/s, last_udp=0.63s, meas=1, tracks=1, valid=1, master=54
[GPS] GGA fix_quality=1, num_sats=26, hdop=0.6, lat=30.408093854833332, lon=104.08863385266666
[LIVE] udp=0.0/s, objs=0.0/s, last_udp=1.63s, meas=1, tracks=1, valid=1, master=54
[LIVE] udp=0.0/s, objs=0.0/s, last_udp=2.63s, meas=1, tracks=1, valid=1, master=54
[LIVE] udp=1.0/s, objs=1.0/s, last_udp=0.05s, meas=1, tracks=1, valid=1, master=54
[LIVE] udp=0.0/s, objs=0.0/s, last_udp=1.05s, meas=1, tracks=1, valid=1, master=54
[LIVE] udp=0.0/s, objs=0.0/s, last_udp=2.05s, meas=1, tracks=1, valid=1, master=54
[LIVE] udp=0.0/s, objs=0.0/s, last_udp=3.06s, meas=1, tracks=1, valid=1, master=54
[LIVE] udp=0.0/s, objs=0.0/s, last_udp=4.06s, meas=1, tracks=1, valid=1, master=54
[LIVE] udp=0.0/s, objs=0.0/s, last_udp=5.06s, meas=1, tracks=1, valid=1, master=54
[LIVE] udp=0.0/s, objs=0.0/s, last_udp=6.07s, meas=1, tracks=1, valid=1, master=54
[LIVE] udp=0.0/s, objs=0.0/s, last_udp=7.07s, meas=1, tracks=1, valid=1, master=54
[GPS] GGA fix_quality=1, num_sats=25, hdop=0.6, lat=30.408093600166666, lon=104.08863410516666
[LIVE] udp=0.0/s, objs=0.0/s, last_udp=8.07s, meas=1, tracks=1, valid=1, master=54
[LIVE] udp=0.0/s, objs=0.0/s, last_udp=9.07s, meas=1, tracks=1, valid=1, master=54
[LIVE] udp=1.0/s, objs=1.0/s, last_udp=0.07s, meas=1, tracks=1, valid=1, master=54
[LIVE] udp=3.0/s, objs=3.0/s, last_udp=0.58s, meas=1, tracks=1, valid=1, master=54
[LIVE] udp=0.0/s, objs=0.0/s, last_udp=1.58s, meas=1, tracks=1, valid=1, master=54
[LIVE] udp=2.0/s, objs=2.0/s, last_udp=0.44s, meas=1, tracks=2, valid=0, master=54
[LIVE] udp=0.0/s, objs=0.0/s, last_udp=1.44s, meas=1, tracks=2, valid=0, master=54
[LIVE] udp=0.0/s, objs=0.0/s, last_udp=2.45s, meas=1, tracks=2, valid=0, master=54
[LIVE] udp=0.0/s, objs=0.0/s, last_udp=3.45s, meas=1, tracks=2, valid=0, master=54
[LIVE] udp=0.0/s, objs=0.0/s, last_udp=4.45s, meas=1, tracks=2, valid=0, master=54
[GPS] GGA fix_quality=1, num_sats=24, hdop=0.6, lat=30.408093770333334, lon=104.088634431
[LIVE] udp=0.0/s, objs=0.0/s, last_udp=5.46s, meas=1, tracks=2, valid=0, master=54
[LIVE] udp=0.0/s, objs=0.0/s, last_udp=6.46s, meas=1, tracks=2, valid=0, master=54
[LIVE] udp=0.0/s, objs=0.0/s, last_udp=7.46s, meas=1, tracks=2, valid=0, master=54
[LIVE] udp=0.0/s, objs=0.0/s, last_udp=8.47s, meas=1, tracks=2, valid=0, master=54
[LIVE] udp=0.0/s, objs=0.0/s, last_udp=9.47s, meas=1, tracks=2, valid=0, master=54
[LIVE] udp=1.0/s, objs=1.0/s, last_udp=0.27s, meas=1, tracks=1, valid=0, master=54
[LIVE] udp=0.0/s, objs=0.0/s, last_udp=1.27s, meas=1, tracks=1, valid=0, master=54
[LIVE] udp=0.0/s, objs=0.0/s, last_udp=2.28s, meas=1, tracks=1, valid=0, master=54
[LIVE] udp=0.0/s, objs=0.0/s, last_udp=3.28s, meas=1, tracks=1, valid=0, master=54
[LIVE] udp=0.0/s, objs=0.0/s, last_udp=4.28s, meas=1, tracks=1, valid=0, master=54
[GPS] GGA fix_quality=1, num_sats=25, hdop=0.6, lat=30.4080944735, lon=104.08863467966667
[LIVE] udp=0.0/s, objs=0.0/s, last_udp=5.28s, meas=1, tracks=1, valid=0, master=54
[LIVE] udp=0.0/s, objs=0.0/s, last_udp=6.28s, meas=1, tracks=1, valid=0, master=54
[LIVE] udp=0.0/s, objs=0.0/s, last_udp=7.29s, meas=1, tracks=1, valid=0, master=54
[LIVE] udp=1.0/s, objs=1.0/s, last_udp=0.62s, meas=1, tracks=1, valid=1, master=55
[LIVE] udp=1.0/s, objs=1.0/s, last_udp=0.60s, meas=1, tracks=1, valid=1, master=55
[LIVE] udp=2.0/s, objs=2.0/s, last_udp=0.22s, meas=1, tracks=2, valid=0, master=55
[LIVE] udp=0.0/s, objs=0.0/s, last_udp=1.22s, meas=1, tracks=2, valid=0, master=55
[LIVE] udp=0.0/s, objs=0.0/s, last_udp=2.23s, meas=1, tracks=2, valid=0, master=55
[LIVE] udp=0.0/s, objs=0.0/s, last_udp=3.23s, meas=1, tracks=2, valid=0, master=55
[LIVE] udp=0.0/s, objs=0.0/s, last_udp=4.24s, meas=1, tracks=2, valid=0, master=55
[GPS] GGA fix_quality=1, num_sats=25, hdop=0.6, lat=30.40809412733333, lon=104.08863461716666
[LIVE] udp=1.0/s, objs=1.0/s, last_udp=0.05s, meas=1, tracks=2, valid=0, master=55
[LIVE] udp=8.0/s, objs=8.0/s, last_udp=0.03s, meas=1, tracks=2, valid=1, master=56
[LIVE] udp=9.0/s, objs=9.0/s, last_udp=0.05s, meas=2, tracks=2, valid=1, master=56
[LIVE] udp=2.0/s, objs=2.0/s, last_udp=0.59s, meas=1, tracks=2, valid=1, master=56
[LIVE] udp=0.0/s, objs=0.0/s, last_udp=1.59s, meas=1, tracks=2, valid=1, master=56
[LIVE] udp=0.0/s, objs=0.0/s, last_udp=2.59s, meas=1, tracks=2, valid=1, master=56
[LIVE] udp=0.0/s, objs=0.0/s, last_udp=3.60s, meas=1, tracks=2, valid=1, master=56
[LIVE] udp=1.0/s, objs=1.0/s, last_udp=0.58s, meas=1, tracks=2, valid=0, master=56
[LIVE] udp=3.0/s, objs=3.0/s, last_udp=0.37s, meas=1, tracks=2, valid=1, master=55
[LIVE] udp=0.0/s, objs=0.0/s, last_udp=1.37s, meas=1, tracks=2, valid=1, master=55
[GPS] GGA fix_quality=1, num_sats=25, hdop=0.6, lat=30.408093390833333, lon=104.08863498983334
[LIVE] udp=0.0/s, objs=0.0/s, last_udp=2.37s, meas=1, tracks=2, valid=1, master=55
[LIVE] udp=0.0/s, objs=0.0/s, last_udp=3.37s, meas=1, tracks=2, valid=1, master=55
[LIVE] udp=0.0/s, objs=0.0/s, last_udp=4.38s, meas=1, tracks=2, valid=1, master=55
[LIVE] udp=0.0/s, objs=0.0/s, last_udp=5.38s, meas=1, tracks=2, valid=1, master=55
[LIVE] udp=0.0/s, objs=0.0/s, last_udp=6.38s, meas=1, tracks=2, valid=1, master=55
[LIVE] udp=0.0/s, objs=0.0/s, last_udp=7.38s, meas=1, tracks=2, valid=1, master=55
[LIVE] udp=0.0/s, objs=0.0/s, last_udp=8.38s, meas=1, tracks=2, valid=1, master=55
[LIVE] udp=0.0/s, objs=0.0/s, last_udp=9.39s, meas=1, tracks=2, valid=1, master=55
[LIVE] udp=0.0/s, objs=0.0/s, last_udp=10.39s, meas=1, tracks=2, valid=1, master=55
[LIVE] udp=2.0/s, objs=2.0/s, last_udp=0.30s, meas=1, tracks=1, valid=0, master=55
[GPS] GGA fix_quality=1, num_sats=25, hdop=0.6, lat=30.408092833, lon=104.08863602266666
[LIVE] udp=1.0/s, objs=1.0/s, last_udp=0.38s, meas=1, tracks=1, valid=1, master=57
[LIVE] udp=10.0/s, objs=10.0/s, last_udp=0.05s, meas=2, tracks=2, valid=2, master=57
[LIVE] udp=10.0/s, objs=10.0/s, last_udp=0.08s, meas=1, tracks=2, valid=1, master=58
[LIVE] udp=6.0/s, objs=6.0/s, last_udp=0.07s, meas=1, tracks=2, valid=1, master=58
[LIVE] udp=6.0/s, objs=6.0/s, last_udp=0.04s, meas=1, tracks=2, valid=1, master=58
[LIVE] udp=5.0/s, objs=5.0/s, last_udp=0.07s, meas=1, tracks=2, valid=1, master=58
[LIVE] udp=6.0/s, objs=6.0/s, last_udp=0.04s, meas=1, tracks=2, valid=1, master=58
[LIVE] udp=8.0/s, objs=8.0/s, last_udp=0.09s, meas=2, tracks=2, valid=1, master=58
[LIVE] udp=4.0/s, objs=4.0/s, last_udp=0.29s, meas=2, tracks=2, valid=1, master=58
[LIVE] udp=2.0/s, objs=2.0/s, last_udp=0.44s, meas=1, tracks=2, valid=1, master=58
[GPS] GGA fix_quality=1, num_sats=24, hdop=0.6, lat=30.408092577, lon=104.08863693883333
[LIVE] udp=3.0/s, objs=3.0/s, last_udp=0.27s, meas=2, tracks=2, valid=1, master=58
[LIVE] udp=1.0/s, objs=1.0/s, last_udp=0.96s, meas=1, tracks=2, valid=1, master=58
[LIVE] udp=2.0/s, objs=2.0/s, last_udp=0.03s, meas=1, tracks=2, valid=1, master=58
[LIVE] udp=4.0/s, objs=4.0/s, last_udp=0.03s, meas=1, tracks=2, valid=1, master=58
[LIVE] udp=1.0/s, objs=1.0/s, last_udp=0.42s, meas=1, tracks=2, valid=1, master=58
[LIVE] udp=0.0/s, objs=0.0/s, last_udp=1.42s, meas=1, tracks=2, valid=1, master=58
[LIVE] udp=0.0/s, objs=0.0/s, last_udp=2.42s, meas=1, tracks=2, valid=1, master=58
[LIVE] udp=0.0/s, objs=0.0/s, last_udp=3.43s, meas=1, tracks=2, valid=1, master=58
[LIVE] udp=0.0/s, objs=0.0/s, last_udp=4.43s, meas=1, tracks=2, valid=1, master=58
[LIVE] udp=5.0/s, objs=5.0/s, last_udp=0.02s, meas=1, tracks=2, valid=1, master=58
[GPS] GGA fix_quality=1, num_sats=25, hdop=0.6, lat=30.408091919, lon=104.08863789566666
[LIVE] udp=4.0/s, objs=4.0/s, last_udp=0.23s, meas=1, tracks=2, valid=1, master=58
[LIVE] udp=0.0/s, objs=0.0/s, last_udp=1.23s, meas=1, tracks=2, valid=1, master=58
[LIVE] udp=0.0/s, objs=0.0/s, last_udp=2.23s, meas=1, tracks=2, valid=1, master=58
[LIVE] udp=0.0/s, objs=0.0/s, last_udp=3.24s, meas=1, tracks=2, valid=1, master=58
[LIVE] udp=0.0/s, objs=0.0/s, last_udp=4.24s, meas=1, tracks=2, valid=1, master=58
[LIVE] udp=0.0/s, objs=0.0/s, last_udp=5.25s, meas=1, tracks=2, valid=1, master=58
[LIVE] udp=0.0/s, objs=0.0/s, last_udp=6.25s, meas=1, tracks=2, valid=1, master=58
[LIVE] udp=1.0/s, objs=1.0/s, last_udp=0.09s, meas=1, tracks=2, valid=1, master=58
[LIVE] udp=7.0/s, objs=7.0/s, last_udp=0.04s, meas=2, tracks=3, valid=0, master=58
[LIVE] udp=5.0/s, objs=5.0/s, last_udp=0.26s, meas=1, tracks=3, valid=1, master=59
[GPS] GGA fix_quality=1, num_sats=25, hdop=0.6, lat=30.4080915935, lon=104.08863811033333
[LIVE] udp=2.0/s, objs=2.0/s, last_udp=0.05s, meas=1, tracks=3, valid=1, master=59
[LIVE] udp=0.0/s, objs=0.0/s, last_udp=1.06s, meas=1, tracks=4, valid=0, master=59
[LIVE] udp=0.0/s, objs=0.0/s, last_udp=2.06s, meas=1, tracks=4, valid=0, master=59
[LIVE] udp=0.0/s, objs=0.0/s, last_udp=3.06s, meas=1, tracks=4, valid=0, master=59
[LIVE] udp=0.0/s, objs=0.0/s, last_udp=4.06s, meas=1, tracks=4, valid=0, master=59
[LIVE] udp=0.0/s, objs=0.0/s, last_udp=5.07s, meas=1, tracks=4, valid=0, master=59
[LIVE] udp=0.0/s, objs=0.0/s, last_udp=6.07s, meas=1, tracks=4, valid=0, master=59
[LIVE] udp=0.0/s, objs=0.0/s, last_udp=7.08s, meas=1, tracks=4, valid=0, master=59
[LIVE] udp=0.0/s, objs=0.0/s, last_udp=8.08s, meas=1, tracks=4, valid=0, master=59
[LIVE] udp=1.0/s, objs=1.0/s, last_udp=0.88s, meas=1, tracks=3, valid=1, master=59
[GPS] GGA fix_quality=1, num_sats=25, hdop=0.6, lat=30.4080909195, lon=104.088637505
[LIVE] udp=0.0/s, objs=0.0/s, last_udp=1.88s, meas=1, tracks=3, valid=1, master=59
[LIVE] udp=0.0/s, objs=0.0/s, last_udp=2.88s, meas=1, tracks=3, valid=1, master=59
[LIVE] udp=0.0/s, objs=0.0/s, last_udp=3.89s, meas=1, tracks=3, valid=1, master=59
[LIVE] udp=2.0/s, objs=2.0/s, last_udp=0.24s, meas=1, tracks=2, valid=0, master=59
[LIVE] udp=0.0/s, objs=0.0/s, last_udp=1.24s, meas=1, tracks=2, valid=0, master=59
[LIVE] udp=1.0/s, objs=1.0/s, last_udp=0.64s, meas=1, tracks=2, valid=1, master=59
[LIVE] udp=0.0/s, objs=0.0/s, last_udp=1.65s, meas=1, tracks=2, valid=1, master=59
[LIVE] udp=0.0/s, objs=0.0/s, last_udp=2.65s, meas=1, tracks=2, valid=1, master=59
[LIVE] udp=0.0/s, objs=0.0/s, last_udp=3.65s, meas=1, tracks=2, valid=1, master=59
[LIVE] udp=0.0/s, objs=0.0/s, last_udp=4.65s, meas=1, tracks=2, valid=1, master=59
[GPS] GGA fix_quality=1, num_sats=24, hdop=0.6, lat=30.408089881, lon=104.08863654533333
[LIVE] udp=0.0/s, objs=0.0/s, last_udp=5.65s, meas=1, tracks=2, valid=1, master=59
[LIVE] udp=0.0/s, objs=0.0/s, last_udp=6.66s, meas=1, tracks=2, valid=1, master=59
[LIVE] udp=0.0/s, objs=0.0/s, last_udp=7.66s, meas=1, tracks=2, valid=1, master=59
[LIVE] udp=2.0/s, objs=2.0/s, last_udp=0.36s, meas=1, tracks=2, valid=1, master=59
[LIVE] udp=1.0/s, objs=1.0/s, last_udp=0.21s, meas=1, tracks=1, valid=1, master=59
[LIVE] udp=2.0/s, objs=2.0/s, last_udp=0.32s, meas=1, tracks=1, valid=1, master=59
[LIVE] udp=1.0/s, objs=1.0/s, last_udp=0.86s, meas=1, tracks=1, valid=1, master=59
[LIVE] udp=4.0/s, objs=4.0/s, last_udp=0.25s, meas=1, tracks=2, valid=1, master=63
[LIVE] udp=3.0/s, objs=3.0/s, last_udp=0.15s, meas=2, tracks=3, valid=1, master=63
[LIVE] udp=2.0/s, objs=2.0/s, last_udp=0.80s, meas=1, tracks=3, valid=0, master=63
[GPS] GGA fix_quality=1, num_sats=22, hdop=0.7, lat=30.408088958666667, lon=104.08863642316666
[LIVE] udp=1.0/s, objs=1.0/s, last_udp=0.75s, meas=1, tracks=3, valid=1, master=63
[LIVE] udp=1.0/s, objs=1.0/s, last_udp=0.94s, meas=1, tracks=3, valid=0, master=63
[LIVE] udp=0.0/s, objs=0.0/s, last_udp=1.94s, meas=1, tracks=3, valid=0, master=63
[LIVE] udp=0.0/s, objs=0.0/s, last_udp=2.94s, meas=1, tracks=3, valid=0, master=63
[LIVE] udp=0.0/s, objs=0.0/s, last_udp=3.94s, meas=1, tracks=3, valid=0, master=63
[LIVE] udp=0.0/s, objs=0.0/s, last_udp=4.95s, meas=1, tracks=3, valid=0, master=63
[LIVE] udp=0.0/s, objs=0.0/s, last_udp=5.95s, meas=1, tracks=3, valid=0, master=63
[LIVE] udp=1.0/s, objs=1.0/s, last_udp=0.98s, meas=1, tracks=3, valid=1, master=59
[LIVE] udp=0.0/s, objs=0.0/s, last_udp=1.98s, meas=1, tracks=3, valid=1, master=59
[LIVE] udp=0.0/s, objs=0.0/s, last_udp=2.99s, meas=1, tracks=3, valid=1, master=59
[GPS] GGA fix_quality=1, num_sats=23, hdop=0.6, lat=30.40808875933333, lon=104.08863703666667
[LIVE] udp=0.0/s, objs=0.0/s, last_udp=3.99s, meas=1, tracks=3, valid=1, master=59
[LIVE] udp=0.0/s, objs=0.0/s, last_udp=4.99s, meas=1, tracks=3, valid=1, master=59
[LIVE] udp=0.0/s, objs=0.0/s, last_udp=6.00s, meas=1, tracks=3, valid=1, master=59
[LIVE] udp=0.0/s, objs=0.0/s, last_udp=7.00s, meas=1, tracks=3, valid=1, master=59
[LIVE] udp=0.0/s, objs=0.0/s, last_udp=8.01s, meas=1, tracks=3, valid=1, master=59
[LIVE] udp=5.0/s, objs=5.0/s, last_udp=0.04s, meas=1, tracks=2, valid=0, master=59
[LIVE] udp=1.0/s, objs=1.0/s, last_udp=0.16s, meas=1, tracks=2, valid=0, master=59
[LIVE] udp=0.0/s, objs=0.0/s, last_udp=1.16s, meas=1, tracks=2, valid=1, master=65
[LIVE] udp=0.0/s, objs=0.0/s, last_udp=2.16s, meas=1, tracks=2, valid=1, master=65
[LIVE] udp=0.0/s, objs=0.0/s, last_udp=3.17s, meas=1, tracks=2, valid=1, master=65
[GPS] GGA fix_quality=1, num_sats=23, hdop=0.6, lat=30.408089176833332, lon=104.088637108
[LIVE] udp=0.0/s, objs=0.0/s, last_udp=4.17s, meas=1, tracks=2, valid=1, master=65
[LIVE] udp=0.0/s, objs=0.0/s, last_udp=5.17s, meas=1, tracks=2, valid=1, master=65
[LIVE] udp=0.0/s, objs=0.0/s, last_udp=6.18s, meas=1, tracks=2, valid=1, master=65
[LIVE] udp=0.0/s, objs=0.0/s, last_udp=7.18s, meas=1, tracks=2, valid=1, master=65
[LIVE] udp=0.0/s, objs=0.0/s, last_udp=8.18s, meas=1, tracks=2, valid=1, master=65
[LIVE] udp=5.0/s, objs=5.0/s, last_udp=0.11s, meas=1, tracks=1, valid=1, master=65
[LIVE] udp=2.0/s, objs=2.0/s, last_udp=0.05s, meas=1, tracks=1, valid=1, master=65
[LIVE] udp=3.0/s, objs=3.0/s, last_udp=0.26s, meas=1, tracks=1, valid=1, master=65
[LIVE] udp=1.0/s, objs=1.0/s, last_udp=0.49s, meas=1, tracks=1, valid=1, master=65
[LIVE] udp=1.0/s, objs=1.0/s, last_udp=0.85s, meas=1, tracks=1, valid=1, master=65
[GPS] GGA fix_quality=1, num_sats=22, hdop=0.7, lat=30.408088622333334, lon=104.0886372875
[LIVE] udp=1.0/s, objs=1.0/s, last_udp=0.52s, meas=1, tracks=1, valid=1, master=65
[LIVE] udp=1.0/s, objs=1.0/s, last_udp=0.26s, meas=1, tracks=1, valid=1, master=65
[LIVE] udp=4.0/s, objs=4.0/s, last_udp=0.33s, meas=1, tracks=1, valid=1, master=65
[LIVE] udp=0.0/s, objs=0.0/s, last_udp=1.33s, meas=1, tracks=1, valid=1, master=65
[LIVE] udp=1.0/s, objs=1.0/s, last_udp=0.27s, meas=1, tracks=1, valid=1, master=65
[LIVE] udp=2.0/s, objs=2.0/s, last_udp=0.36s, meas=1, tracks=1, valid=1, master=65
[LIVE] udp=0.0/s, objs=0.0/s, last_udp=1.36s, meas=1, tracks=1, valid=1, master=65
[LIVE] udp=0.0/s, objs=0.0/s, last_udp=2.36s, meas=1, tracks=1, valid=1, master=65
[LIVE] udp=0.0/s, objs=0.0/s, last_udp=3.36s, meas=1, tracks=1, valid=1, master=65
[LIVE] udp=1.0/s, objs=1.0/s, last_udp=0.11s, meas=1, tracks=1, valid=1, master=65
[GPS] GGA fix_quality=1, num_sats=22, hdop=0.7, lat=30.408088591, lon=104.0886375705
[LIVE] udp=4.0/s, objs=4.0/s, last_udp=0.24s, meas=1, tracks=1, valid=1, master=65
[LIVE] udp=3.0/s, objs=3.0/s, last_udp=0.43s, meas=1, tracks=2, valid=1, master=65
[LIVE] udp=3.0/s, objs=3.0/s, last_udp=0.30s, meas=1, tracks=2, valid=1, master=65
[LIVE] udp=5.0/s, objs=5.0/s, last_udp=0.28s, meas=1, tracks=2, valid=1, master=65
[LIVE] udp=2.0/s, objs=2.0/s, last_udp=0.86s, meas=1, tracks=2, valid=1, master=65
[LIVE] udp=0.0/s, objs=0.0/s, last_udp=1.86s, meas=1, tracks=2, valid=1, master=65
[LIVE] udp=0.0/s, objs=0.0/s, last_udp=2.86s, meas=1, tracks=2, valid=1, master=65
[LIVE] udp=0.0/s, objs=0.0/s, last_udp=3.86s, meas=1, tracks=2, valid=1, master=65
[LIVE] udp=1.0/s, objs=1.0/s, last_udp=0.26s, meas=1, tracks=2, valid=1, master=65
[LIVE] udp=3.0/s, objs=3.0/s, last_udp=0.00s, meas=1, tracks=2, valid=1, master=65
[GPS] GGA fix_quality=1, num_sats=23, hdop=0.7, lat=30.408088437, lon=104.08863738083333
[LIVE] udp=0.0/s, objs=0.0/s, last_udp=1.00s, meas=1, tracks=2, valid=0, master=65
[LIVE] udp=4.0/s, objs=4.0/s, last_udp=0.18s, meas=1, tracks=2, valid=1, master=65
[LIVE] udp=5.0/s, objs=5.0/s, last_udp=0.21s, meas=1, tracks=2, valid=1, master=65
[LIVE] udp=4.0/s, objs=4.0/s, last_udp=0.40s, meas=1, tracks=2, valid=1, master=65
[LIVE] udp=7.0/s, objs=7.0/s, last_udp=0.10s, meas=1, tracks=2, valid=1, master=65
[LIVE] udp=6.0/s, objs=6.0/s, last_udp=0.16s, meas=1, tracks=2, valid=1, master=65
[LIVE] udp=2.0/s, objs=2.0/s, last_udp=0.77s, meas=1, tracks=2, valid=1, master=65
[LIVE] udp=0.0/s, objs=0.0/s, last_udp=1.78s, meas=1, tracks=2, valid=1, master=65
[LIVE] udp=0.0/s, objs=0.0/s, last_udp=2.78s, meas=1, tracks=2, valid=1, master=65
[LIVE] udp=0.0/s, objs=0.0/s, last_udp=3.78s, meas=1, tracks=2, valid=1, master=65
[GPS] GGA fix_quality=1, num_sats=23, hdop=0.7, lat=30.408088192666668, lon=104.08863753083334
[LIVE] udp=0.0/s, objs=0.0/s, last_udp=4.79s, meas=1, tracks=2, valid=1, master=65
[LIVE] udp=2.0/s, objs=2.0/s, last_udp=0.57s, meas=1, tracks=1, valid=1, master=65
[LIVE] udp=1.0/s, objs=1.0/s, last_udp=0.48s, meas=1, tracks=2, valid=0, master=65
[LIVE] udp=1.0/s, objs=1.0/s, last_udp=0.88s, meas=1, tracks=2, valid=0, master=65
[LIVE] udp=0.0/s, objs=0.0/s, last_udp=1.88s, meas=1, tracks=2, valid=0, master=65
[LIVE] udp=0.0/s, objs=0.0/s, last_udp=2.89s, meas=1, tracks=2, valid=0, master=65
[LIVE] udp=1.0/s, objs=1.0/s, last_udp=0.23s, meas=1, tracks=2, valid=1, master=65
[LIVE] udp=0.0/s, objs=0.0/s, last_udp=1.23s, meas=1, tracks=2, valid=1, master=65
[LIVE] udp=0.0/s, objs=0.0/s, last_udp=2.24s, meas=1, tracks=2, valid=1, master=65
[LIVE] udp=0.0/s, objs=0.0/s, last_udp=3.24s, meas=1, tracks=2, valid=1, master=65
[GPS] GGA fix_quality=1, num_sats=23, hdop=0.7, lat=30.408088591666665, lon=104.088637797
[LIVE] udp=0.0/s, objs=0.0/s, last_udp=4.24s, meas=1, tracks=2, valid=1, master=65
[LIVE] udp=0.0/s, objs=0.0/s, last_udp=5.25s, meas=1, tracks=2, valid=1, master=65
[LIVE] udp=0.0/s, objs=0.0/s, last_udp=6.25s, meas=1, tracks=2, valid=1, master=65
[LIVE] udp=0.0/s, objs=0.0/s, last_udp=7.25s, meas=1, tracks=2, valid=1, master=65
[LIVE] udp=0.0/s, objs=0.0/s, last_udp=8.25s, meas=1, tracks=2, valid=1, master=65
[LIVE] udp=0.0/s, objs=0.0/s, last_udp=9.26s, meas=1, tracks=2, valid=1, master=65
[LIVE] udp=0.0/s, objs=0.0/s, last_udp=10.26s, meas=1, tracks=2, valid=1, master=65
[LIVE] udp=0.0/s, objs=0.0/s, last_udp=11.26s, meas=1, tracks=2, valid=1, master=65
[LIVE] udp=0.0/s, objs=0.0/s, last_udp=12.26s, meas=1, tracks=2, valid=1, master=65
[LIVE] udp=0.0/s, objs=0.0/s, last_udp=13.27s, meas=1, tracks=2, valid=1, master=65
[GPS] GGA fix_quality=1, num_sats=23, hdop=0.7, lat=30.408089057333335, lon=104.0886379925
[LIVE] udp=3.0/s, objs=3.0/s, last_udp=0.09s, meas=1, tracks=1, valid=0, master=65
[LIVE] udp=0.0/s, objs=0.0/s, last_udp=1.09s, meas=1, tracks=1, valid=1, master=68
[LIVE] udp=3.0/s, objs=3.0/s, last_udp=0.02s, meas=1, tracks=2, valid=0, master=68
[LIVE] udp=2.0/s, objs=2.0/s, last_udp=0.37s, meas=1, tracks=2, valid=1, master=69
[LIVE] udp=2.0/s, objs=2.0/s, last_udp=0.70s, meas=1, tracks=2, valid=1, master=69
[LIVE] udp=0.0/s, objs=0.0/s, last_udp=1.70s, meas=1, tracks=2, valid=1, master=69
[LIVE] udp=1.0/s, objs=1.0/s, last_udp=0.75s, meas=1, tracks=2, valid=1, master=69
[LIVE] udp=0.0/s, objs=0.0/s, last_udp=1.75s, meas=1, tracks=2, valid=1, master=69
[LIVE] udp=5.0/s, objs=5.0/s, last_udp=0.33s, meas=2, tracks=3, valid=1, master=69
[LIVE] udp=4.0/s, objs=4.0/s, last_udp=0.16s, meas=1, tracks=3, valid=1, master=69
[GPS] GGA fix_quality=1, num_sats=23, hdop=0.7, lat=30.408089640333333, lon=104.08863766866666
[LIVE] udp=4.0/s, objs=4.0/s, last_udp=0.11s, meas=1, tracks=3, valid=1, master=69
[LIVE] udp=1.0/s, objs=1.0/s, last_udp=0.63s, meas=1, tracks=3, valid=1, master=69
[LIVE] udp=0.0/s, objs=0.0/s, last_udp=1.64s, meas=1, tracks=3, valid=1, master=69
[LIVE] udp=2.0/s, objs=2.0/s, last_udp=0.36s, meas=1, tracks=3, valid=1, master=69
[LIVE] udp=3.0/s, objs=3.0/s, last_udp=0.03s, meas=1, tracks=3, valid=1, master=69
[LIVE] udp=3.0/s, objs=3.0/s, last_udp=0.40s, meas=1, tracks=3, valid=1, master=69
[LIVE] udp=4.0/s, objs=4.0/s, last_udp=0.15s, meas=1, tracks=3, valid=1, master=69
[LIVE] udp=3.0/s, objs=3.0/s, last_udp=0.07s, meas=1, tracks=3, valid=1, master=69
[LIVE] udp=3.0/s, objs=3.0/s, last_udp=0.08s, meas=1, tracks=3, valid=1, master=69
[LIVE] udp=3.0/s, objs=3.0/s, last_udp=0.52s, meas=1, tracks=3, valid=1, master=69
[GPS] GGA fix_quality=1, num_sats=23, hdop=0.7, lat=30.408090084833333, lon=104.08863797116666
[LIVE] udp=1.0/s, objs=1.0/s, last_udp=0.27s, meas=1, tracks=1, valid=1, master=69
[LIVE] udp=3.0/s, objs=3.0/s, last_udp=0.03s, meas=1, tracks=1, valid=1, master=69
[LIVE] udp=4.0/s, objs=4.0/s, last_udp=0.06s, meas=2, tracks=2, valid=1, master=69
[LIVE] udp=4.0/s, objs=4.0/s, last_udp=0.01s, meas=1, tracks=3, valid=1, master=69
[LIVE] udp=6.0/s, objs=6.0/s, last_udp=0.00s, meas=1, tracks=4, valid=0, master=69
[LIVE] udp=11.0/s, objs=11.0/s, last_udp=0.07s, meas=2, tracks=5, valid=2, master=69
[LIVE] udp=2.0/s, objs=2.0/s, last_udp=0.47s, meas=1, tracks=5, valid=1, master=69
[LIVE] udp=1.0/s, objs=1.0/s, last_udp=0.51s, meas=1, tracks=5, valid=1, master=69
[LIVE] udp=1.0/s, objs=1.0/s, last_udp=0.60s, meas=1, tracks=5, valid=1, master=69
[LIVE] udp=3.0/s, objs=3.0/s, last_udp=0.11s, meas=1, tracks=5, valid=1, master=69
[GPS] GGA fix_quality=1, num_sats=23, hdop=0.7, lat=30.408090483666665, lon=104.08863867616667
[LIVE] udp=3.0/s, objs=3.0/s, last_udp=0.26s, meas=1, tracks=5, valid=1, master=69
[LIVE] udp=4.0/s, objs=4.0/s, last_udp=0.14s, meas=1, tracks=5, valid=1, master=69
[LIVE] udp=3.0/s, objs=3.0/s, last_udp=0.11s, meas=1, tracks=5, valid=1, master=69
[LIVE] udp=3.0/s, objs=3.0/s, last_udp=0.17s, meas=1, tracks=5, valid=1, master=69
[LIVE] udp=4.0/s, objs=4.0/s, last_udp=0.01s, meas=1, tracks=5, valid=1, master=69
[LIVE] udp=3.0/s, objs=3.0/s, last_udp=0.51s, meas=1, tracks=4, valid=1, master=69
[LIVE] udp=5.0/s, objs=5.0/s, last_udp=0.16s, meas=1, tracks=4, valid=1, master=69
[LIVE] udp=5.0/s, objs=5.0/s, last_udp=0.11s, meas=1, tracks=4, valid=1, master=69
[LIVE] udp=3.0/s, objs=3.0/s, last_udp=0.08s, meas=1, tracks=3, valid=1, master=69
[LIVE] udp=3.0/s, objs=3.0/s, last_udp=0.36s, meas=1, tracks=3, valid=1, master=69
[GPS] GGA fix_quality=1, num_sats=23, hdop=0.7, lat=30.40809043433333, lon=104.0886394905
[LIVE] udp=0.0/s, objs=0.0/s, last_udp=1.36s, meas=1, tracks=3, valid=1, master=69
[LIVE] udp=1.0/s, objs=1.0/s, last_udp=0.65s, meas=1, tracks=3, valid=1, master=69
[LIVE] udp=4.0/s, objs=4.0/s, last_udp=0.16s, meas=1, tracks=3, valid=1, master=69
[LIVE] udp=0.0/s, objs=0.0/s, last_udp=1.16s, meas=1, tracks=3, valid=1, master=69
[LIVE] udp=1.0/s, objs=1.0/s, last_udp=0.76s, meas=1, tracks=3, valid=1, master=69
[LIVE] udp=4.0/s, objs=4.0/s, last_udp=0.43s, meas=1, tracks=3, valid=0, master=69
[LIVE] udp=0.0/s, objs=0.0/s, last_udp=1.44s, meas=1, tracks=3, valid=0, master=69
[LIVE] udp=3.0/s, objs=3.0/s, last_udp=0.10s, meas=1, tracks=3, valid=1, master=69
[LIVE] udp=4.0/s, objs=4.0/s, last_udp=0.01s, meas=1, tracks=2, valid=1, master=69
[LIVE] udp=5.0/s, objs=5.0/s, last_udp=0.11s, meas=1, tracks=2, valid=1, master=69
[GPS] GGA fix_quality=1, num_sats=22, hdop=0.7, lat=30.4080900275, lon=104.08863976583334
[LIVE] udp=9.0/s, objs=9.0/s, last_udp=0.03s, meas=2, tracks=2, valid=1, master=69
[LIVE] udp=8.0/s, objs=8.0/s, last_udp=0.01s, meas=2, tracks=2, valid=2, master=72
[LIVE] udp=7.0/s, objs=7.0/s, last_udp=0.27s, meas=2, tracks=2, valid=2, master=72
[LIVE] udp=9.0/s, objs=9.0/s, last_udp=0.03s, meas=1, tracks=2, valid=1, master=72
[LIVE] udp=5.0/s, objs=5.0/s, last_udp=0.14s, meas=1, tracks=2, valid=1, master=72
[LIVE] udp=4.0/s, objs=4.0/s, last_udp=0.08s, meas=1, tracks=2, valid=1, master=72
[LIVE] udp=7.0/s, objs=7.0/s, last_udp=0.05s, meas=1, tracks=3, valid=1, master=72
[LIVE] udp=4.0/s, objs=4.0/s, last_udp=0.25s, meas=1, tracks=3, valid=1, master=72
[LIVE] udp=1.0/s, objs=1.0/s, last_udp=0.71s, meas=1, tracks=3, valid=1, master=69
[LIVE] udp=4.0/s, objs=4.0/s, last_udp=0.32s, meas=1, tracks=3, valid=1, master=69
[GPS] GGA fix_quality=1, num_sats=21, hdop=0.7, lat=30.408089824166666, lon=104.08863981166667
[LIVE] udp=4.0/s, objs=4.0/s, last_udp=0.13s, meas=1, tracks=3, valid=1, master=69
[LIVE] udp=4.0/s, objs=4.0/s, last_udp=0.06s, meas=1, tracks=3, valid=1, master=69
[LIVE] udp=3.0/s, objs=3.0/s, last_udp=0.31s, meas=1, tracks=3, valid=1, master=69
[LIVE] udp=5.0/s, objs=5.0/s, last_udp=0.08s, meas=2, tracks=3, valid=1, master=72
[LIVE] udp=7.0/s, objs=7.0/s, last_udp=0.08s, meas=2, tracks=3, valid=2, master=69
[LIVE] udp=0.0/s, objs=0.0/s, last_udp=1.09s, meas=1, tracks=4, valid=0, master=69
[LIVE] udp=0.0/s, objs=0.0/s, last_udp=2.09s, meas=1, tracks=4, valid=0, master=69
[LIVE] udp=0.0/s, objs=0.0/s, last_udp=3.10s, meas=1, tracks=4, valid=0, master=69
[LIVE] udp=1.0/s, objs=1.0/s, last_udp=0.36s, meas=1, tracks=4, valid=1, master=69
[LIVE] udp=1.0/s, objs=1.0/s, last_udp=0.69s, meas=1, tracks=4, valid=1, master=69
[GPS] GGA fix_quality=1, num_sats=20, hdop=0.8, lat=30.4080897905, lon=104.088639789
[LIVE] udp=2.0/s, objs=2.0/s, last_udp=0.33s, meas=1, tracks=4, valid=1, master=69
[LIVE] udp=0.0/s, objs=0.0/s, last_udp=1.34s, meas=1, tracks=4, valid=1, master=69
[LIVE] udp=3.0/s, objs=3.0/s, last_udp=0.20s, meas=1, tracks=4, valid=1, master=69
[LIVE] udp=4.0/s, objs=4.0/s, last_udp=0.02s, meas=1, tracks=4, valid=1, master=69
[LIVE] udp=4.0/s, objs=4.0/s, last_udp=0.09s, meas=1, tracks=4, valid=1, master=69
[LIVE] udp=5.0/s, objs=5.0/s, last_udp=0.24s, meas=1, tracks=3, valid=1, master=69
[LIVE] udp=6.0/s, objs=6.0/s, last_udp=0.01s, meas=1, tracks=2, valid=1, master=69
[LIVE] udp=2.0/s, objs=2.0/s, last_udp=0.01s, meas=1, tracks=2, valid=1, master=69
[LIVE] udp=1.0/s, objs=1.0/s, last_udp=0.02s, meas=1, tracks=2, valid=1, master=69
[LIVE] udp=3.0/s, objs=3.0/s, last_udp=0.33s, meas=1, tracks=2, valid=1, master=69
[GPS] GGA fix_quality=1, num_sats=21, hdop=0.7, lat=30.408089771666667, lon=104.08864026266667
[LIVE] udp=3.0/s, objs=3.0/s, last_udp=0.02s, meas=1, tracks=2, valid=0, master=69
[LIVE] udp=5.0/s, objs=5.0/s, last_udp=0.20s, meas=1, tracks=2, valid=1, master=72
[LIVE] udp=4.0/s, objs=4.0/s, last_udp=0.12s, meas=1, tracks=2, valid=1, master=72
[LIVE] udp=4.0/s, objs=4.0/s, last_udp=0.22s, meas=1, tracks=2, valid=1, master=72
[LIVE] udp=3.0/s, objs=3.0/s, last_udp=0.11s, meas=2, tracks=2, valid=2, master=72
[LIVE] udp=3.0/s, objs=3.0/s, last_udp=0.50s, meas=1, tracks=2, valid=1, master=72
[LIVE] udp=3.0/s, objs=3.0/s, last_udp=0.38s, meas=2, tracks=2, valid=2, master=72
[LIVE] udp=2.0/s, objs=2.0/s, last_udp=0.28s, meas=1, tracks=2, valid=1, master=69
[LIVE] udp=2.0/s, objs=2.0/s, last_udp=0.08s, meas=1, tracks=2, valid=1, master=69
[LIVE] udp=1.0/s, objs=1.0/s, last_udp=0.16s, meas=1, tracks=2, valid=1, master=69
[GPS] GGA fix_quality=1, num_sats=23, hdop=0.7, lat=30.408089771166665, lon=104.08864040166667
[LIVE] udp=1.0/s, objs=1.0/s, last_udp=0.85s, meas=1, tracks=2, valid=1, master=69
[LIVE] udp=4.0/s, objs=4.0/s, last_udp=0.27s, meas=2, tracks=2, valid=2, master=69
[LIVE] udp=2.0/s, objs=2.0/s, last_udp=0.40s, meas=1, tracks=2, valid=1, master=72
[LIVE] udp=5.0/s, objs=5.0/s, last_udp=0.07s, meas=1, tracks=2, valid=1, master=69
[LIVE] udp=0.0/s, objs=0.0/s, last_udp=1.08s, meas=1, tracks=2, valid=1, master=72
[LIVE] udp=3.0/s, objs=3.0/s, last_udp=0.31s, meas=1, tracks=2, valid=1, master=69
[LIVE] udp=1.0/s, objs=1.0/s, last_udp=0.60s, meas=1, tracks=2, valid=1, master=69
[LIVE] udp=2.0/s, objs=2.0/s, last_udp=0.36s, meas=1, tracks=2, valid=1, master=69
[LIVE] udp=4.0/s, objs=4.0/s, last_udp=0.27s, meas=1, tracks=2, valid=1, master=69
[LIVE] udp=4.0/s, objs=4.0/s, last_udp=0.09s, meas=1, tracks=2, valid=1, master=69
[GPS] GGA fix_quality=1, num_sats=24, hdop=0.7, lat=30.4080897525, lon=104.08864068416666
[LIVE] udp=7.0/s, objs=7.0/s, last_udp=0.11s, meas=2, tracks=2, valid=1, master=69
[LIVE] udp=3.0/s, objs=3.0/s, last_udp=0.37s, meas=1, tracks=2, valid=1, master=69
[LIVE] udp=2.0/s, objs=2.0/s, last_udp=0.01s, meas=1, tracks=2, valid=1, master=69
[LIVE] udp=5.0/s, objs=5.0/s, last_udp=0.08s, meas=2, tracks=3, valid=1, master=69
[LIVE] udp=9.0/s, objs=9.0/s, last_udp=0.22s, meas=1, tracks=3, valid=1, master=78
[LIVE] udp=10.0/s, objs=10.0/s, last_udp=0.07s, meas=1, tracks=3, valid=1, master=78
[LIVE] udp=7.0/s, objs=7.0/s, last_udp=0.13s, meas=1, tracks=3, valid=1, master=78
[LIVE] udp=4.0/s, objs=4.0/s, last_udp=0.10s, meas=1, tracks=3, valid=1, master=78
[LIVE] udp=7.0/s, objs=7.0/s, last_udp=0.03s, meas=1, tracks=3, valid=1, master=78
[LIVE] udp=7.0/s, objs=7.0/s, last_udp=0.25s, meas=2, tracks=3, valid=2, master=78
[GPS] GGA fix_quality=1, num_sats=21, hdop=0.7, lat=30.408089629333332, lon=104.08864102333334
[LIVE] udp=10.0/s, objs=10.0/s, last_udp=0.12s, meas=2, tracks=3, valid=2, master=78
[LIVE] udp=7.0/s, objs=7.0/s, last_udp=0.03s, meas=2, tracks=3, valid=2, master=78
[LIVE] udp=7.0/s, objs=7.0/s, last_udp=0.05s, meas=2, tracks=3, valid=2, master=78
[LIVE] udp=10.0/s, objs=10.0/s, last_udp=0.02s, meas=1, tracks=2, valid=1, master=78
[LIVE] udp=9.0/s, objs=9.0/s, last_udp=0.10s, meas=1, tracks=2, valid=1, master=78
[LIVE] udp=4.0/s, objs=4.0/s, last_udp=0.18s, meas=2, tracks=2, valid=2, master=78
[LIVE] udp=3.0/s, objs=3.0/s, last_udp=0.30s, meas=1, tracks=2, valid=1, master=78
[LIVE] udp=4.0/s, objs=4.0/s, last_udp=0.09s, meas=1, tracks=2, valid=1, master=78
[LIVE] udp=5.0/s, objs=5.0/s, last_udp=0.19s, meas=1, tracks=2, valid=1, master=78
[GPS] GGA fix_quality=1, num_sats=24, hdop=0.7, lat=30.408089446, lon=104.08864104466667
[LIVE] udp=7.0/s, objs=7.0/s, last_udp=0.01s, meas=2, tracks=2, valid=2, master=78
[LIVE] udp=8.0/s, objs=8.0/s, last_udp=0.10s, meas=1, tracks=2, valid=1, master=78
[LIVE] udp=5.0/s, objs=5.0/s, last_udp=0.08s, meas=1, tracks=3, valid=1, master=78
[LIVE] udp=4.0/s, objs=4.0/s, last_udp=0.45s, meas=1, tracks=3, valid=1, master=78
[LIVE] udp=6.0/s, objs=6.0/s, last_udp=0.01s, meas=1, tracks=3, valid=1, master=78
[LIVE] udp=7.0/s, objs=7.0/s, last_udp=0.05s, meas=2, tracks=3, valid=2, master=78
[LIVE] udp=9.0/s, objs=9.0/s, last_udp=0.04s, meas=1, tracks=3, valid=1, master=69
[LIVE] udp=6.0/s, objs=6.0/s, last_udp=0.04s, meas=2, tracks=3, valid=2, master=78
[LIVE] udp=9.0/s, objs=9.0/s, last_udp=0.00s, meas=1, tracks=3, valid=1, master=78
[LIVE] udp=7.0/s, objs=7.0/s, last_udp=0.13s, meas=1, tracks=3, valid=1, master=78
[GPS] GGA fix_quality=1, num_sats=23, hdop=0.7, lat=30.4080895015, lon=104.08864066983334
[LIVE] udp=9.0/s, objs=9.0/s, last_udp=0.09s, meas=2, tracks=3, valid=2, master=78
[LIVE] udp=6.0/s, objs=6.0/s, last_udp=0.06s, meas=1, tracks=3, valid=1, master=78
[LIVE] udp=3.0/s, objs=3.0/s, last_udp=0.22s, meas=1, tracks=3, valid=1, master=78
[LIVE] udp=6.0/s, objs=6.0/s, last_udp=0.13s, meas=2, tracks=3, valid=2, master=69
[LIVE] udp=5.0/s, objs=5.0/s, last_udp=0.05s, meas=2, tracks=3, valid=2, master=69
[LIVE] udp=3.0/s, objs=3.0/s, last_udp=0.02s, meas=1, tracks=3, valid=1, master=69
[LIVE] udp=1.0/s, objs=1.0/s, last_udp=0.86s, meas=1, tracks=2, valid=1, master=69
[LIVE] udp=3.0/s, objs=3.0/s, last_udp=0.29s, meas=1, tracks=2, valid=1, master=69
[LIVE] udp=2.0/s, objs=2.0/s, last_udp=0.61s, meas=1, tracks=2, valid=1, master=69
[LIVE] udp=0.0/s, objs=0.0/s, last_udp=1.61s, meas=1, tracks=2, valid=1, master=69
[GPS] GGA fix_quality=1, num_sats=22, hdop=0.7, lat=30.4080892335, lon=104.08864052866667
[LIVE] udp=0.0/s, objs=0.0/s, last_udp=2.61s, meas=1, tracks=2, valid=1, master=69
[LIVE] udp=3.0/s, objs=3.0/s, last_udp=0.01s, meas=1, tracks=2, valid=1, master=69
[LIVE] udp=4.0/s, objs=4.0/s, last_udp=0.00s, meas=1, tracks=2, valid=1, master=69
[LIVE] udp=0.0/s, objs=0.0/s, last_udp=1.00s, meas=1, tracks=2, valid=1, master=69
[LIVE] udp=0.0/s, objs=0.0/s, last_udp=2.00s, meas=1, tracks=2, valid=1, master=69
[LIVE] udp=1.0/s, objs=1.0/s, last_udp=0.53s, meas=1, tracks=2, valid=1, master=69
[LIVE] udp=2.0/s, objs=2.0/s, last_udp=0.05s, meas=1, tracks=1, valid=1, master=69
[LIVE] udp=2.0/s, objs=2.0/s, last_udp=0.14s, meas=1, tracks=1, valid=1, master=69
[LIVE] udp=2.0/s, objs=2.0/s, last_udp=0.16s, meas=1, tracks=1, valid=1, master=69
[LIVE] udp=3.0/s, objs=3.0/s, last_udp=0.17s, meas=1, tracks=1, valid=1, master=69
[GPS] GGA fix_quality=1, num_sats=23, hdop=0.7, lat=30.408088990166668, lon=104.088640422
[LIVE] udp=0.0/s, objs=0.0/s, last_udp=1.18s, meas=1, tracks=1, valid=1, master=69
[LIVE] udp=0.0/s, objs=0.0/s, last_udp=2.18s, meas=1, tracks=1, valid=1, master=69
[LIVE] udp=3.0/s, objs=3.0/s, last_udp=0.66s, meas=1, tracks=2, valid=0, master=69
[LIVE] udp=0.0/s, objs=0.0/s, last_udp=1.66s, meas=1, tracks=2, valid=0, master=69
[LIVE] udp=3.0/s, objs=3.0/s, last_udp=0.30s, meas=1, tracks=2, valid=1, master=80
[LIVE] udp=4.0/s, objs=4.0/s, last_udp=0.24s, meas=1, tracks=2, valid=1, master=80
[LIVE] udp=3.0/s, objs=3.0/s, last_udp=0.39s, meas=1, tracks=2, valid=1, master=80
[LIVE] udp=5.0/s, objs=5.0/s, last_udp=0.08s, meas=1, tracks=2, valid=1, master=80
[LIVE] udp=4.0/s, objs=4.0/s, last_udp=0.24s, meas=1, tracks=2, valid=1, master=80
[LIVE] udp=0.0/s, objs=0.0/s, last_udp=1.24s, meas=1, tracks=2, valid=1, master=80
[GPS] GGA fix_quality=1, num_sats=22, hdop=0.7, lat=30.408088967166666, lon=104.08864046833334
[LIVE] udp=2.0/s, objs=2.0/s, last_udp=0.35s, meas=1, tracks=2, valid=1, master=80
[LIVE] udp=2.0/s, objs=2.0/s, last_udp=0.37s, meas=1, tracks=1, valid=1, master=80
[LIVE] udp=1.0/s, objs=1.0/s, last_udp=0.84s, meas=1, tracks=1, valid=1, master=80
[LIVE] udp=0.0/s, objs=0.0/s, last_udp=1.84s, meas=1, tracks=1, valid=1, master=80
[LIVE] udp=0.0/s, objs=0.0/s, last_udp=2.85s, meas=1, tracks=1, valid=1, master=80
[LIVE] udp=0.0/s, objs=0.0/s, last_udp=3.85s, meas=1, tracks=1, valid=1, master=80
[LIVE] udp=0.0/s, objs=0.0/s, last_udp=4.85s, meas=1, tracks=1, valid=1, master=80
[LIVE] udp=0.0/s, objs=0.0/s, last_udp=5.86s, meas=1, tracks=1, valid=1, master=80
[LIVE] udp=0.0/s, objs=0.0/s, last_udp=6.86s, meas=1, tracks=1, valid=1, master=80
[LIVE] udp=0.0/s, objs=0.0/s, last_udp=7.86s, meas=1, tracks=1, valid=1, master=80
[GPS] GGA fix_quality=1, num_sats=22, hdop=0.7, lat=30.4080887665, lon=104.088640621
[LIVE] udp=0.0/s, objs=0.0/s, last_udp=8.86s, meas=1, tracks=1, valid=1, master=80
[LIVE] udp=3.0/s, objs=3.0/s, last_udp=0.25s, meas=1, tracks=1, valid=1, master=80
[LIVE] udp=0.0/s, objs=0.0/s, last_udp=1.25s, meas=1, tracks=1, valid=1, master=80
[LIVE] udp=0.0/s, objs=0.0/s, last_udp=2.25s, meas=1, tracks=1, valid=1, master=80
[LIVE] udp=1.0/s, objs=1.0/s, last_udp=0.07s, meas=1, tracks=1, valid=1, master=80
[LIVE] udp=0.0/s, objs=0.0/s, last_udp=1.07s, meas=1, tracks=1, valid=1, master=80
[LIVE] udp=0.0/s, objs=0.0/s, last_udp=2.08s, meas=1, tracks=1, valid=1, master=80
[LIVE] udp=0.0/s, objs=0.0/s, last_udp=3.08s, meas=1, tracks=1, valid=1, master=80
[LIVE] udp=0.0/s, objs=0.0/s, last_udp=4.08s, meas=1, tracks=1, valid=1, master=80
[LIVE] udp=0.0/s, objs=0.0/s, last_udp=5.08s, meas=1, tracks=1, valid=1, master=80
[GPS] GGA fix_quality=1, num_sats=23, hdop=0.7, lat=30.408088645333333, lon=104.08864054316666
[LIVE] udp=0.0/s, objs=0.0/s, last_udp=6.08s, meas=1, tracks=1, valid=1, master=80
[LIVE] udp=1.0/s, objs=1.0/s, last_udp=0.56s, meas=1, tracks=1, valid=1, master=80
[LIVE] udp=1.0/s, objs=1.0/s, last_udp=0.95s, meas=1, tracks=1, valid=1, master=80
[LIVE] udp=4.0/s, objs=4.0/s, last_udp=0.16s, meas=1, tracks=1, valid=1, master=80
[LIVE] udp=1.0/s, objs=1.0/s, last_udp=0.68s, meas=1, tracks=1, valid=1, master=80
[LIVE] udp=0.0/s, objs=0.0/s, last_udp=1.68s, meas=1, tracks=1, valid=1, master=80
[LIVE] udp=0.0/s, objs=0.0/s, last_udp=2.69s, meas=1, tracks=1, valid=1, master=80
[LIVE] udp=0.0/s, objs=0.0/s, last_udp=3.69s, meas=1, tracks=1, valid=1, master=80
[LIVE] udp=6.0/s, objs=6.0/s, last_udp=0.11s, meas=2, tracks=2, valid=1, master=80
[LIVE] udp=5.0/s, objs=5.0/s, last_udp=0.04s, meas=1, tracks=2, valid=1, master=81
[GPS] GGA fix_quality=1, num_sats=23, hdop=0.7, lat=30.408088883166666, lon=104.0886403065
[LIVE] udp=4.0/s, objs=4.0/s, last_udp=0.36s, meas=1, tracks=2, valid=1, master=81
[LIVE] udp=5.0/s, objs=5.0/s, last_udp=0.03s, meas=1, tracks=2, valid=1, master=81
[LIVE] udp=0.0/s, objs=0.0/s, last_udp=1.04s, meas=1, tracks=2, valid=1, master=80
[LIVE] udp=2.0/s, objs=2.0/s, last_udp=0.49s, meas=1, tracks=2, valid=1, master=81
[LIVE] udp=2.0/s, objs=2.0/s, last_udp=0.40s, meas=1, tracks=2, valid=1, master=81
[LIVE] udp=2.0/s, objs=2.0/s, last_udp=0.11s, meas=1, tracks=2, valid=1, master=81
[LIVE] udp=1.0/s, objs=1.0/s, last_udp=0.56s, meas=1, tracks=2, valid=1, master=81
[LIVE] udp=6.0/s, objs=6.0/s, last_udp=0.33s, meas=1, tracks=3, valid=1, master=81
[LIVE] udp=4.0/s, objs=4.0/s, last_udp=0.05s, meas=1, tracks=3, valid=1, master=81
[LIVE] udp=4.0/s, objs=4.0/s, last_udp=0.18s, meas=1, tracks=3, valid=1, master=81
[GPS] GGA fix_quality=1, num_sats=23, hdop=0.7, lat=30.408089313, lon=104.08864012133333
[LIVE] udp=0.0/s, objs=0.0/s, last_udp=1.18s, meas=1, tracks=3, valid=1, master=80
[LIVE] udp=0.0/s, objs=0.0/s, last_udp=2.19s, meas=1, tracks=3, valid=1, master=80
[LIVE] udp=4.0/s, objs=4.0/s, last_udp=0.17s, meas=1, tracks=4, valid=0, master=80
[LIVE] udp=0.0/s, objs=0.0/s, last_udp=1.17s, meas=1, tracks=4, valid=1, master=83
[LIVE] udp=0.0/s, objs=0.0/s, last_udp=2.17s, meas=1, tracks=4, valid=1, master=83
[LIVE] udp=1.0/s, objs=1.0/s, last_udp=0.19s, meas=1, tracks=4, valid=1, master=83
[LIVE] udp=4.0/s, objs=4.0/s, last_udp=0.05s, meas=1, tracks=5, valid=0, master=81
[LIVE] udp=2.0/s, objs=2.0/s, last_udp=0.35s, meas=1, tracks=5, valid=1, master=82
[LIVE] udp=1.0/s, objs=1.0/s, last_udp=0.93s, meas=1, tracks=5, valid=1, master=80
[LIVE] udp=0.0/s, objs=0.0/s, last_udp=1.93s, meas=1, tracks=5, valid=1, master=80
[GPS] GGA fix_quality=1, num_sats=22, hdop=0.7, lat=30.4080891615, lon=104.08864031766667
[LIVE] udp=0.0/s, objs=0.0/s, last_udp=2.94s, meas=1, tracks=5, valid=1, master=80
[LIVE] udp=0.0/s, objs=0.0/s, last_udp=3.94s, meas=1, tracks=5, valid=1, master=80
[LIVE] udp=0.0/s, objs=0.0/s, last_udp=4.94s, meas=1, tracks=5, valid=1, master=80
[LIVE] udp=0.0/s, objs=0.0/s, last_udp=5.94s, meas=1, tracks=5, valid=1, master=80
[LIVE] udp=0.0/s, objs=0.0/s, last_udp=6.94s, meas=1, tracks=5, valid=1, master=80
[LIVE] udp=2.0/s, objs=2.0/s, last_udp=0.02s, meas=1, tracks=5, valid=1, master=80
[LIVE] udp=2.0/s, objs=2.0/s, last_udp=0.70s, meas=1, tracks=4, valid=1, master=81
[LIVE] udp=0.0/s, objs=0.0/s, last_udp=1.70s, meas=1, tracks=4, valid=1, master=81
[LIVE] udp=0.0/s, objs=0.0/s, last_udp=2.71s, meas=1, tracks=4, valid=1, master=81
[LIVE] udp=0.0/s, objs=0.0/s, last_udp=3.71s, meas=1, tracks=4, valid=1, master=81
[GPS] GGA fix_quality=1, num_sats=23, hdop=0.7, lat=30.408088899666666, lon=104.08864063666667
[LIVE] udp=0.0/s, objs=0.0/s, last_udp=4.71s, meas=1, tracks=4, valid=1, master=81
[LIVE] udp=0.0/s, objs=0.0/s, last_udp=5.72s, meas=1, tracks=4, valid=1, master=81
[LIVE] udp=0.0/s, objs=0.0/s, last_udp=6.72s, meas=1, tracks=4, valid=1, master=81
[LIVE] udp=0.0/s, objs=0.0/s, last_udp=7.72s, meas=1, tracks=4, valid=1, master=81
[LIVE] udp=0.0/s, objs=0.0/s, last_udp=8.72s, meas=1, tracks=4, valid=1, master=81
[LIVE] udp=0.0/s, objs=0.0/s, last_udp=9.72s, meas=1, tracks=4, valid=1, master=81
[LIVE] udp=0.0/s, objs=0.0/s, last_udp=10.72s, meas=1, tracks=4, valid=1, master=81
[LIVE] udp=3.0/s, objs=3.0/s, last_udp=0.02s, meas=1, tracks=1, valid=0, master=81
[LIVE] udp=2.0/s, objs=2.0/s, last_udp=0.77s, meas=1, tracks=1, valid=1, master=85
[LIVE] udp=0.0/s, objs=0.0/s, last_udp=1.78s, meas=1, tracks=1, valid=1, master=85
[GPS] GGA fix_quality=1, num_sats=23, hdop=0.7, lat=30.408088615166665, lon=104.08864073416666
[LIVE] udp=0.0/s, objs=0.0/s, last_udp=2.78s, meas=1, tracks=1, valid=1, master=85
[LIVE] udp=0.0/s, objs=0.0/s, last_udp=3.78s, meas=1, tracks=1, valid=1, master=85
[LIVE] udp=0.0/s, objs=0.0/s, last_udp=4.79s, meas=1, tracks=1, valid=1, master=85
[LIVE] udp=0.0/s, objs=0.0/s, last_udp=5.79s, meas=1, tracks=1, valid=1, master=85
[LIVE] udp=0.0/s, objs=0.0/s, last_udp=6.79s, meas=1, tracks=1, valid=1, master=85
[LIVE] udp=0.0/s, objs=0.0/s, last_udp=7.79s, meas=1, tracks=1, valid=1, master=85
[LIVE] udp=0.0/s, objs=0.0/s, last_udp=8.80s, meas=1, tracks=1, valid=1, master=85
[LIVE] udp=0.0/s, objs=0.0/s, last_udp=9.80s, meas=1, tracks=1, valid=1, master=85
[LIVE] udp=0.0/s, objs=0.0/s, last_udp=10.80s, meas=1, tracks=1, valid=1, master=85
[LIVE] udp=0.0/s, objs=0.0/s, last_udp=11.80s, meas=1, tracks=1, valid=1, master=85
[GPS] GGA fix_quality=1, num_sats=23, hdop=0.7, lat=30.408088270833332, lon=104.088640686
[LIVE] udp=0.0/s, objs=0.0/s, last_udp=12.80s, meas=1, tracks=1, valid=1, master=85
[LIVE] udp=0.0/s, objs=0.0/s, last_udp=13.81s, meas=1, tracks=1, valid=1, master=85
[LIVE] udp=0.0/s, objs=0.0/s, last_udp=14.81s, meas=1, tracks=1, valid=1, master=85
[LIVE] udp=0.0/s, objs=0.0/s, last_udp=15.81s, meas=1, tracks=1, valid=1, master=85
[LIVE] udp=0.0/s, objs=0.0/s, last_udp=16.81s, meas=1, tracks=1, valid=1, master=85
[LIVE] udp=0.0/s, objs=0.0/s, last_udp=17.82s, meas=1, tracks=1, valid=1, master=85
[LIVE] udp=0.0/s, objs=0.0/s, last_udp=18.82s, meas=1, tracks=1, valid=1, master=85
[LIVE] udp=0.0/s, objs=0.0/s, last_udp=19.82s, meas=1, tracks=1, valid=1, master=85
[LIVE] udp=2.0/s, objs=2.0/s, last_udp=0.11s, meas=1, tracks=1, valid=0, master=85
[LIVE] udp=0.0/s, objs=0.0/s, last_udp=1.12s, meas=1, tracks=1, valid=0, master=85
[GPS] GGA fix_quality=1, num_sats=22, hdop=0.7, lat=30.40808779583333, lon=104.08864069716667
[LIVE] udp=0.0/s, objs=0.0/s, last_udp=2.12s, meas=1, tracks=1, valid=0, master=85
[LIVE] udp=0.0/s, objs=0.0/s, last_udp=3.12s, meas=1, tracks=1, valid=0, master=85
[LIVE] udp=0.0/s, objs=0.0/s, last_udp=4.12s, meas=1, tracks=1, valid=0, master=85
[LIVE] udp=0.0/s, objs=0.0/s, last_udp=5.12s, meas=1, tracks=1, valid=0, master=85
[LIVE] udp=3.0/s, objs=3.0/s, last_udp=0.11s, meas=1, tracks=2, valid=0, master=85
[LIVE] udp=0.0/s, objs=0.0/s, last_udp=1.11s, meas=1, tracks=2, valid=0, master=85
[LIVE] udp=0.0/s, objs=0.0/s, last_udp=2.12s, meas=1, tracks=2, valid=0, master=85
[LIVE] udp=0.0/s, objs=0.0/s, last_udp=3.12s, meas=1, tracks=2, valid=0, master=85
[LIVE] udp=0.0/s, objs=0.0/s, last_udp=4.12s, meas=1, tracks=2, valid=0, master=85
[LIVE] udp=0.0/s, objs=0.0/s, last_udp=5.12s, meas=1, tracks=2, valid=0, master=85
[GPS] GGA fix_quality=1, num_sats=22, hdop=0.7, lat=30.4080874595, lon=104.0886404555
[LIVE] udp=0.0/s, objs=0.0/s, last_udp=6.12s, meas=1, tracks=2, valid=0, master=85
[LIVE] udp=0.0/s, objs=0.0/s, last_udp=7.13s, meas=1, tracks=2, valid=0, master=85
[LIVE] udp=0.0/s, objs=0.0/s, last_udp=8.13s, meas=1, tracks=2, valid=0, master=85
[LIVE] udp=0.0/s, objs=0.0/s, last_udp=9.14s, meas=1, tracks=2, valid=0, master=85
[LIVE] udp=0.0/s, objs=0.0/s, last_udp=10.14s, meas=1, tracks=2, valid=0, master=85
[LIVE] udp=0.0/s, objs=0.0/s, last_udp=11.14s, meas=1, tracks=2, valid=0, master=85
[LIVE] udp=0.0/s, objs=0.0/s, last_udp=12.14s, meas=1, tracks=2, valid=0, master=85
[LIVE] udp=0.0/s, objs=0.0/s, last_udp=13.15s, meas=1, tracks=2, valid=0, master=85
[LIVE] udp=0.0/s, objs=0.0/s, last_udp=14.15s, meas=1, tracks=2, valid=0, master=85
[LIVE] udp=0.0/s, objs=0.0/s, last_udp=15.15s, meas=1, tracks=2, valid=0, master=85
[GPS] GGA fix_quality=1, num_sats=23, hdop=0.7, lat=30.408087407, lon=104.08863991666666
[LIVE] udp=0.0/s, objs=0.0/s, last_udp=16.15s, meas=1, tracks=2, valid=0, master=85
[LIVE] udp=0.0/s, objs=0.0/s, last_udp=17.16s, meas=1, tracks=2, valid=0, master=85
[LIVE] udp=1.0/s, objs=1.0/s, last_udp=0.27s, meas=1, tracks=1, valid=0, master=85
[LIVE] udp=0.0/s, objs=0.0/s, last_udp=1.27s, meas=1, tracks=1, valid=0, master=85
[LIVE] udp=0.0/s, objs=0.0/s, last_udp=2.27s, meas=1, tracks=1, valid=0, master=85
[LIVE] udp=0.0/s, objs=0.0/s, last_udp=3.27s, meas=1, tracks=1, valid=0, master=85
[LIVE] udp=0.0/s, objs=0.0/s, last_udp=4.28s, meas=1, tracks=1, valid=0, master=85
[LIVE] udp=0.0/s, objs=0.0/s, last_udp=5.28s, meas=1, tracks=1, valid=0, master=85
[LIVE] udp=0.0/s, objs=0.0/s, last_udp=6.28s, meas=1, tracks=1, valid=0, master=85
[LIVE] udp=0.0/s, objs=0.0/s, last_udp=7.29s, meas=1, tracks=1, valid=0, master=85
[GPS] GGA fix_quality=1, num_sats=23, hdop=0.7, lat=30.408088219333333, lon=104.08863968683333
[LIVE] udp=0.0/s, objs=0.0/s, last_udp=8.29s, meas=1, tracks=1, valid=0, master=85
[LIVE] udp=0.0/s, objs=0.0/s, last_udp=9.29s, meas=1, tracks=1, valid=0, master=85
[LIVE] udp=1.0/s, objs=1.0/s, last_udp=0.20s, meas=1, tracks=1, valid=0, master=85
[LIVE] udp=3.0/s, objs=3.0/s, last_udp=0.07s, meas=1, tracks=1, valid=1, master=88
[LIVE] udp=1.0/s, objs=1.0/s, last_udp=0.49s, meas=1, tracks=1, valid=1, master=88
[LIVE] udp=0.0/s, objs=0.0/s, last_udp=1.50s, meas=1, tracks=1, valid=1, master=88
[LIVE] udp=0.0/s, objs=0.0/s, last_udp=2.50s, meas=1, tracks=1, valid=1, master=88
[LIVE] udp=0.0/s, objs=0.0/s, last_udp=3.51s, meas=1, tracks=1, valid=1, master=88
[LIVE] udp=0.0/s, objs=0.0/s, last_udp=4.51s, meas=1, tracks=1, valid=1, master=88
[LIVE] udp=0.0/s, objs=0.0/s, last_udp=5.51s, meas=1, tracks=1, valid=1, master=88
[GPS] GGA fix_quality=1, num_sats=23, hdop=0.6, lat=30.408088674666665, lon=104.08863908016667
[LIVE] udp=0.0/s, objs=0.0/s, last_udp=6.52s, meas=1, tracks=1, valid=1, master=88
[LIVE] udp=0.0/s, objs=0.0/s, last_udp=7.52s, meas=1, tracks=1, valid=1, master=88
[LIVE] udp=0.0/s, objs=0.0/s, last_udp=8.52s, meas=1, tracks=1, valid=1, master=88
[LIVE] udp=3.0/s, objs=3.0/s, last_udp=0.42s, meas=1, tracks=1, valid=1, master=88
[LIVE] udp=2.0/s, objs=2.0/s, last_udp=0.08s, meas=1, tracks=1, valid=1, master=88
[LIVE] udp=3.0/s, objs=3.0/s, last_udp=0.64s, meas=1, tracks=2, valid=1, master=89
[LIVE] udp=2.0/s, objs=2.0/s, last_udp=0.07s, meas=1, tracks=2, valid=1, master=89
[LIVE] udp=1.0/s, objs=1.0/s, last_udp=0.79s, meas=1, tracks=2, valid=1, master=88
[LIVE] udp=0.0/s, objs=0.0/s, last_udp=1.80s, meas=1, tracks=2, valid=1, master=88
[LIVE] udp=0.0/s, objs=0.0/s, last_udp=2.80s, meas=1, tracks=2, valid=1, master=88
[GPS] GGA fix_quality=1, num_sats=20, hdop=0.7, lat=30.408089085166665, lon=104.08863863716667
[LIVE] udp=0.0/s, objs=0.0/s, last_udp=3.80s, meas=1, tracks=2, valid=1, master=88
[LIVE] udp=0.0/s, objs=0.0/s, last_udp=4.80s, meas=1, tracks=2, valid=1, master=88
[LIVE] udp=0.0/s, objs=0.0/s, last_udp=5.81s, meas=1, tracks=2, valid=1, master=88
[LIVE] udp=0.0/s, objs=0.0/s, last_udp=6.81s, meas=1, tracks=2, valid=1, master=88
[LIVE] udp=0.0/s, objs=0.0/s, last_udp=7.81s, meas=1, tracks=2, valid=1, master=88
[LIVE] udp=0.0/s, objs=0.0/s, last_udp=8.81s, meas=1, tracks=2, valid=1, master=88
[LIVE] udp=0.0/s, objs=0.0/s, last_udp=9.82s, meas=1, tracks=2, valid=1, master=88
[LIVE] udp=0.0/s, objs=0.0/s, last_udp=10.82s, meas=1, tracks=2, valid=1, master=88
[LIVE] udp=2.0/s, objs=2.0/s, last_udp=0.58s, meas=1, tracks=1, valid=0, master=88
[LIVE] udp=4.0/s, objs=4.0/s, last_udp=0.24s, meas=1, tracks=2, valid=1, master=91
[GPS] GGA fix_quality=1, num_sats=21, hdop=0.7, lat=30.408089304833332, lon=104.08863801416666
[LIVE] udp=0.0/s, objs=0.0/s, last_udp=1.25s, meas=1, tracks=2, valid=1, master=91
[LIVE] udp=0.0/s, objs=0.0/s, last_udp=2.25s, meas=1, tracks=2, valid=1, master=91
[LIVE] udp=0.0/s, objs=0.0/s, last_udp=3.25s, meas=1, tracks=2, valid=1, master=91
[LIVE] udp=0.0/s, objs=0.0/s, last_udp=4.25s, meas=1, tracks=2, valid=1, master=91
[LIVE] udp=0.0/s, objs=0.0/s, last_udp=5.26s, meas=1, tracks=2, valid=1, master=91
[LIVE] udp=0.0/s, objs=0.0/s, last_udp=6.26s, meas=1, tracks=2, valid=1, master=91
[LIVE] udp=0.0/s, objs=0.0/s, last_udp=7.27s, meas=1, tracks=2, valid=1, master=91
[LIVE] udp=0.0/s, objs=0.0/s, last_udp=8.27s, meas=1, tracks=2, valid=1, master=91
[LIVE] udp=0.0/s, objs=0.0/s, last_udp=9.27s, meas=1, tracks=2, valid=1, master=91
[LIVE] udp=0.0/s, objs=0.0/s, last_udp=10.27s, meas=1, tracks=2, valid=1, master=91
[GPS] GGA fix_quality=1, num_sats=22, hdop=0.7, lat=30.40808923333333, lon=104.08863746016667
[LIVE] udp=0.0/s, objs=0.0/s, last_udp=11.27s, meas=1, tracks=2, valid=1, master=91
[LIVE] udp=0.0/s, objs=0.0/s, last_udp=12.28s, meas=1, tracks=2, valid=1, master=91
[LIVE] udp=0.0/s, objs=0.0/s, last_udp=13.28s, meas=1, tracks=2, valid=1, master=91
[LIVE] udp=0.0/s, objs=0.0/s, last_udp=14.28s, meas=1, tracks=2, valid=1, master=91
[LIVE] udp=0.0/s, objs=0.0/s, last_udp=15.28s, meas=1, tracks=2, valid=1, master=91
[LIVE] udp=0.0/s, objs=0.0/s, last_udp=16.29s, meas=1, tracks=2, valid=1, master=91
[LIVE] udp=3.0/s, objs=3.0/s, last_udp=0.06s, meas=1, tracks=1, valid=0, master=91
[LIVE] udp=0.0/s, objs=0.0/s, last_udp=1.07s, meas=1, tracks=1, valid=0, master=91
[LIVE] udp=0.0/s, objs=0.0/s, last_udp=2.07s, meas=1, tracks=1, valid=0, master=91
[LIVE] udp=0.0/s, objs=0.0/s, last_udp=3.07s, meas=1, tracks=1, valid=0, master=91
[GPS] GGA fix_quality=1, num_sats=22, hdop=0.7, lat=30.408089346666667, lon=104.08863708316666
[LIVE] udp=0.0/s, objs=0.0/s, last_udp=4.07s, meas=1, tracks=1, valid=0, master=91
[LIVE] udp=0.0/s, objs=0.0/s, last_udp=5.07s, meas=1, tracks=1, valid=0, master=91
[LIVE] udp=3.0/s, objs=3.0/s, last_udp=0.14s, meas=1, tracks=2, valid=0, master=91
[LIVE] udp=1.0/s, objs=1.0/s, last_udp=0.82s, meas=1, tracks=2, valid=1, master=93
[LIVE] udp=0.0/s, objs=0.0/s, last_udp=1.82s, meas=1, tracks=2, valid=1, master=93
[LIVE] udp=0.0/s, objs=0.0/s, last_udp=2.83s, meas=1, tracks=2, valid=1, master=93
[LIVE] udp=0.0/s, objs=0.0/s, last_udp=3.83s, meas=1, tracks=2, valid=1, master=93
[LIVE] udp=0.0/s, objs=0.0/s, last_udp=4.83s, meas=1, tracks=2, valid=1, master=93
[LIVE] udp=0.0/s, objs=0.0/s, last_udp=5.84s, meas=1, tracks=2, valid=1, master=93
[LIVE] udp=0.0/s, objs=0.0/s, last_udp=6.84s, meas=1, tracks=2, valid=1, master=93
[GPS] GGA fix_quality=1, num_sats=22, hdop=0.7, lat=30.408089556666667, lon=104.08863682833334
[LIVE] udp=0.0/s, objs=0.0/s, last_udp=7.85s, meas=1, tracks=2, valid=1, master=93
[LIVE] udp=0.0/s, objs=0.0/s, last_udp=8.85s, meas=1, tracks=2, valid=1, master=93
[LIVE] udp=0.0/s, objs=0.0/s, last_udp=9.85s, meas=1, tracks=2, valid=1, master=93
[LIVE] udp=0.0/s, objs=0.0/s, last_udp=10.85s, meas=1, tracks=2, valid=1, master=93
[LIVE] udp=0.0/s, objs=0.0/s, last_udp=11.86s, meas=1, tracks=2, valid=1, master=93
[LIVE] udp=0.0/s, objs=0.0/s, last_udp=12.86s, meas=1, tracks=2, valid=1, master=93
[LIVE] udp=0.0/s, objs=0.0/s, last_udp=13.86s, meas=1, tracks=2, valid=1, master=93
[LIVE] udp=1.0/s, objs=1.0/s, last_udp=0.15s, meas=1, tracks=2, valid=1, master=93
[LIVE] udp=0.0/s, objs=0.0/s, last_udp=1.16s, meas=1, tracks=1, valid=0, master=93
[LIVE] udp=0.0/s, objs=0.0/s, last_udp=2.16s, meas=1, tracks=1, valid=0, master=93
[GPS] GGA fix_quality=1, num_sats=22, hdop=0.7, lat=30.40808995966667, lon=104.08863630216666
[LIVE] udp=0.0/s, objs=0.0/s, last_udp=3.16s, meas=1, tracks=1, valid=0, master=93
[LIVE] udp=0.0/s, objs=0.0/s, last_udp=4.17s, meas=1, tracks=1, valid=0, master=93
[LIVE] udp=0.0/s, objs=0.0/s, last_udp=5.17s, meas=1, tracks=1, valid=0, master=93
[LIVE] udp=0.0/s, objs=0.0/s, last_udp=6.17s, meas=1, tracks=1, valid=0, master=93
[LIVE] udp=0.0/s, objs=0.0/s, last_udp=7.17s, meas=1, tracks=1, valid=0, master=93
[LIVE] udp=0.0/s, objs=0.0/s, last_udp=8.18s, meas=1, tracks=1, valid=0, master=93
[LIVE] udp=0.0/s, objs=0.0/s, last_udp=9.18s, meas=1, tracks=1, valid=0, master=93
[LIVE] udp=0.0/s, objs=0.0/s, last_udp=10.18s, meas=1, tracks=1, valid=0, master=93
[LIVE] udp=0.0/s, objs=0.0/s, last_udp=11.19s, meas=1, tracks=1, valid=0, master=93
[LIVE] udp=0.0/s, objs=0.0/s, last_udp=12.19s, meas=1, tracks=1, valid=0, master=93
[GPS] GGA fix_quality=1, num_sats=20, hdop=0.7, lat=30.4080901115, lon=104.088636111
[LIVE] udp=0.0/s, objs=0.0/s, last_udp=13.19s, meas=1, tracks=1, valid=0, master=93
[LIVE] udp=0.0/s, objs=0.0/s, last_udp=14.20s, meas=1, tracks=1, valid=0, master=93
[LIVE] udp=0.0/s, objs=0.0/s, last_udp=15.20s, meas=1, tracks=1, valid=0, master=93
[LIVE] udp=0.0/s, objs=0.0/s, last_udp=16.20s, meas=1, tracks=1, valid=0, master=93
[LIVE] udp=0.0/s, objs=0.0/s, last_udp=17.20s, meas=1, tracks=1, valid=0, master=93
[LIVE] udp=0.0/s, objs=0.0/s, last_udp=18.21s, meas=1, tracks=1, valid=0, master=93
[LIVE] udp=0.0/s, objs=0.0/s, last_udp=19.21s, meas=1, tracks=1, valid=0, master=93
[LIVE] udp=0.0/s, objs=0.0/s, last_udp=20.21s, meas=1, tracks=1, valid=0, master=93
[LIVE] udp=0.0/s, objs=0.0/s, last_udp=21.21s, meas=1, tracks=1, valid=0, master=93
[LIVE] udp=2.0/s, objs=2.0/s, last_udp=0.71s, meas=1, tracks=1, valid=0, master=93
[GPS] GGA fix_quality=1, num_sats=21, hdop=0.7, lat=30.408090109166668, lon=104.0886362065
[LIVE] udp=0.0/s, objs=0.0/s, last_udp=1.71s, meas=1, tracks=1, valid=0, master=93
[LIVE] udp=0.0/s, objs=0.0/s, last_udp=2.72s, meas=1, tracks=1, valid=0, master=93
[LIVE] udp=0.0/s, objs=0.0/s, last_udp=3.72s, meas=1, tracks=1, valid=0, master=93
[LIVE] udp=0.0/s, objs=0.0/s, last_udp=4.72s, meas=1, tracks=1, valid=0, master=93
[LIVE] udp=0.0/s, objs=0.0/s, last_udp=5.72s, meas=1, tracks=1, valid=0, master=93
[LIVE] udp=0.0/s, objs=0.0/s, last_udp=6.72s, meas=1, tracks=1, valid=0, master=93
[LIVE] udp=2.0/s, objs=2.0/s, last_udp=0.74s, meas=1, tracks=1, valid=0, master=93
[LIVE] udp=0.0/s, objs=0.0/s, last_udp=1.74s, meas=1, tracks=1, valid=0, master=93
[LIVE] udp=0.0/s, objs=0.0/s, last_udp=2.74s, meas=1, tracks=1, valid=0, master=93
[LIVE] udp=0.0/s, objs=0.0/s, last_udp=3.74s, meas=1, tracks=1, valid=0, master=93
[GPS] GGA fix_quality=1, num_sats=21, hdop=0.7, lat=30.408090451333333, lon=104.08863654283333
[LIVE] udp=0.0/s, objs=0.0/s, last_udp=4.74s, meas=1, tracks=1, valid=0, master=93
[LIVE] udp=0.0/s, objs=0.0/s, last_udp=5.75s, meas=1, tracks=1, valid=0, master=93
[LIVE] udp=0.0/s, objs=0.0/s, last_udp=6.75s, meas=1, tracks=1, valid=0, master=93
[LIVE] udp=0.0/s, objs=0.0/s, last_udp=7.75s, meas=1, tracks=1, valid=0, master=93
[LIVE] udp=0.0/s, objs=0.0/s, last_udp=8.76s, meas=1, tracks=1, valid=0, master=93
[LIVE] udp=0.0/s, objs=0.0/s, last_udp=9.76s, meas=1, tracks=1, valid=0, master=93
[LIVE] udp=0.0/s, objs=0.0/s, last_udp=10.76s, meas=1, tracks=1, valid=0, master=93
[LIVE] udp=0.0/s, objs=0.0/s, last_udp=11.76s, meas=1, tracks=1, valid=0, master=93
[LIVE] udp=0.0/s, objs=0.0/s, last_udp=12.77s, meas=1, tracks=1, valid=0, master=93
[LIVE] udp=0.0/s, objs=0.0/s, last_udp=13.77s, meas=1, tracks=1, valid=0, master=93
[GPS] GGA fix_quality=1, num_sats=22, hdop=0.7, lat=30.4080908015, lon=104.08863636683333
[LIVE] udp=0.0/s, objs=0.0/s, last_udp=14.77s, meas=1, tracks=1, valid=0, master=93
[LIVE] udp=0.0/s, objs=0.0/s, last_udp=15.78s, meas=1, tracks=1, valid=0, master=93
[LIVE] udp=0.0/s, objs=0.0/s, last_udp=16.78s, meas=1, tracks=1, valid=0, master=93
[LIVE] udp=0.0/s, objs=0.0/s, last_udp=17.78s, meas=1, tracks=1, valid=0, master=93
[LIVE] udp=0.0/s, objs=0.0/s, last_udp=18.79s, meas=1, tracks=1, valid=0, master=93
[LIVE] udp=0.0/s, objs=0.0/s, last_udp=19.79s, meas=1, tracks=1, valid=0, master=93
[LIVE] udp=0.0/s, objs=0.0/s, last_udp=20.79s, meas=1, tracks=1, valid=0, master=93
[LIVE] udp=0.0/s, objs=0.0/s, last_udp=21.80s, meas=1, tracks=1, valid=0, master=93
[LIVE] udp=0.0/s, objs=0.0/s, last_udp=22.80s, meas=1, tracks=1, valid=0, master=93
[LIVE] udp=0.0/s, objs=0.0/s, last_udp=23.80s, meas=1, tracks=1, valid=0, master=93
[GPS] GGA fix_quality=1, num_sats=21, hdop=0.7, lat=30.408090956833334, lon=104.088635936
[LIVE] udp=3.0/s, objs=3.0/s, last_udp=0.12s, meas=1, tracks=1, valid=0, master=93
[LIVE] udp=4.0/s, objs=4.0/s, last_udp=0.03s, meas=1, tracks=2, valid=0, master=93
[LIVE] udp=2.0/s, objs=2.0/s, last_udp=0.79s, meas=1, tracks=2, valid=1, master=97
[LIVE] udp=0.0/s, objs=0.0/s, last_udp=1.79s, meas=1, tracks=2, valid=1, master=97
[LIVE] udp=0.0/s, objs=0.0/s, last_udp=2.79s, meas=1, tracks=2, valid=1, master=97
[LIVE] udp=0.0/s, objs=0.0/s, last_udp=3.80s, meas=1, tracks=2, valid=1, master=97
[LIVE] udp=0.0/s, objs=0.0/s, last_udp=4.80s, meas=1, tracks=2, valid=1, master=97
[LIVE] udp=0.0/s, objs=0.0/s, last_udp=5.80s, meas=1, tracks=2, valid=1, master=97
[LIVE] udp=0.0/s, objs=0.0/s, last_udp=6.81s, meas=1, tracks=2, valid=1, master=97
[LIVE] udp=0.0/s, objs=0.0/s, last_udp=7.81s, meas=1, tracks=2, valid=1, master=97
[GPS] GGA fix_quality=1, num_sats=21, hdop=0.7, lat=30.408091257, lon=104.08863528866667
[LIVE] udp=0.0/s, objs=0.0/s, last_udp=8.81s, meas=1, tracks=2, valid=1, master=97
[LIVE] udp=0.0/s, objs=0.0/s, last_udp=9.81s, meas=1, tracks=2, valid=1, master=97
[LIVE] udp=0.0/s, objs=0.0/s, last_udp=10.81s, meas=1, tracks=2, valid=1, master=97
[LIVE] udp=0.0/s, objs=0.0/s, last_udp=11.81s, meas=1, tracks=2, valid=1, master=97
[LIVE] udp=0.0/s, objs=0.0/s, last_udp=12.82s, meas=1, tracks=2, valid=1, master=97
[LIVE] udp=0.0/s, objs=0.0/s, last_udp=13.82s, meas=1, tracks=2, valid=1, master=97
[LIVE] udp=0.0/s, objs=0.0/s, last_udp=14.83s, meas=1, tracks=2, valid=1, master=97
[LIVE] udp=0.0/s, objs=0.0/s, last_udp=15.83s, meas=1, tracks=2, valid=1, master=97
[LIVE] udp=0.0/s, objs=0.0/s, last_udp=16.83s, meas=1, tracks=2, valid=1, master=97
[LIVE] udp=2.0/s, objs=2.0/s, last_udp=0.13s, meas=1, tracks=1, valid=0, master=97
[GPS] GGA fix_quality=1, num_sats=22, hdop=0.7, lat=30.408091452, lon=104.08863442233333
[LIVE] udp=0.0/s, objs=0.0/s, last_udp=1.13s, meas=1, tracks=1, valid=0, master=97
[LIVE] udp=0.0/s, objs=0.0/s, last_udp=2.13s, meas=1, tracks=1, valid=0, master=97
[LIVE] udp=0.0/s, objs=0.0/s, last_udp=3.14s, meas=1, tracks=1, valid=0, master=97
[LIVE] udp=0.0/s, objs=0.0/s, last_udp=4.14s, meas=1, tracks=1, valid=0, master=97
[LIVE] udp=0.0/s, objs=0.0/s, last_udp=5.14s, meas=1, tracks=1, valid=0, master=97
[LIVE] udp=0.0/s, objs=0.0/s, last_udp=6.14s, meas=1, tracks=1, valid=0, master=97
[LIVE] udp=0.0/s, objs=0.0/s, last_udp=7.14s, meas=1, tracks=1, valid=0, master=97
[LIVE] udp=0.0/s, objs=0.0/s, last_udp=8.15s, meas=1, tracks=1, valid=0, master=97
[LIVE] udp=0.0/s, objs=0.0/s, last_udp=9.15s, meas=1, tracks=1, valid=0, master=97
[LIVE] udp=0.0/s, objs=0.0/s, last_udp=10.15s, meas=1, tracks=1, valid=0, master=97
[GPS] GGA fix_quality=1, num_sats=22, hdop=0.7, lat=30.4080915595, lon=104.08863395383334
[LIVE] udp=0.0/s, objs=0.0/s, last_udp=11.16s, meas=1, tracks=1, valid=0, master=97
[LIVE] udp=0.0/s, objs=0.0/s, last_udp=12.16s, meas=1, tracks=1, valid=0, master=97
[LIVE] udp=0.0/s, objs=0.0/s, last_udp=13.17s, meas=1, tracks=1, valid=0, master=97
[LIVE] udp=0.0/s, objs=0.0/s, last_udp=14.17s, meas=1, tracks=1, valid=0, master=97
[LIVE] udp=0.0/s, objs=0.0/s, last_udp=15.17s, meas=1, tracks=1, valid=0, master=97
[LIVE] udp=0.0/s, objs=0.0/s, last_udp=16.17s, meas=1, tracks=1, valid=0, master=97
[LIVE] udp=0.0/s, objs=0.0/s, last_udp=17.17s, meas=1, tracks=1, valid=0, master=97
[LIVE] udp=0.0/s, objs=0.0/s, last_udp=18.17s, meas=1, tracks=1, valid=0, master=97
[LIVE] udp=0.0/s, objs=0.0/s, last_udp=19.18s, meas=1, tracks=1, valid=0, master=97
[LIVE] udp=0.0/s, objs=0.0/s, last_udp=20.18s, meas=1, tracks=1, valid=0, master=97
[GPS] GGA fix_quality=1, num_sats=22, hdop=0.7, lat=30.4080917745, lon=104.08863395383334
[LIVE] udp=1.0/s, objs=1.0/s, last_udp=0.23s, meas=1, tracks=1, valid=0, master=97
[LIVE] udp=0.0/s, objs=0.0/s, last_udp=1.23s, meas=1, tracks=1, valid=0, master=97
[LIVE] udp=0.0/s, objs=0.0/s, last_udp=2.24s, meas=1, tracks=1, valid=0, master=97
[LIVE] udp=0.0/s, objs=0.0/s, last_udp=3.24s, meas=1, tracks=1, valid=0, master=97
[LIVE] udp=0.0/s, objs=0.0/s, last_udp=4.24s, meas=1, tracks=1, valid=0, master=97
[LIVE] udp=0.0/s, objs=0.0/s, last_udp=5.24s, meas=1, tracks=1, valid=0, master=97
[LIVE] udp=0.0/s, objs=0.0/s, last_udp=6.24s, meas=1, tracks=1, valid=0, master=97
[LIVE] udp=0.0/s, objs=0.0/s, last_udp=7.24s, meas=1, tracks=1, valid=0, master=97
[LIVE] udp=0.0/s, objs=0.0/s, last_udp=8.25s, meas=1, tracks=1, valid=0, master=97
[LIVE] udp=0.0/s, objs=0.0/s, last_udp=9.25s, meas=1, tracks=1, valid=0, master=97
[GPS] GGA fix_quality=1, num_sats=21, hdop=0.7, lat=30.4080918065, lon=104.08863390333333
[LIVE] udp=0.0/s, objs=0.0/s, last_udp=10.25s, meas=1, tracks=1, valid=0, master=97
[LIVE] udp=0.0/s, objs=0.0/s, last_udp=11.25s, meas=1, tracks=1, valid=0, master=97
[LIVE] udp=0.0/s, objs=0.0/s, last_udp=12.26s, meas=1, tracks=1, valid=0, master=97
[LIVE] udp=0.0/s, objs=0.0/s, last_udp=13.26s, meas=1, tracks=1, valid=0, master=97
[LIVE] udp=0.0/s, objs=0.0/s, last_udp=14.26s, meas=1, tracks=1, valid=0, master=97
[LIVE] udp=0.0/s, objs=0.0/s, last_udp=15.26s, meas=1, tracks=1, valid=0, master=97
[LIVE] udp=0.0/s, objs=0.0/s, last_udp=16.27s, meas=1, tracks=1, valid=0, master=97
[LIVE] udp=0.0/s, objs=0.0/s, last_udp=17.27s, meas=1, tracks=1, valid=0, master=97
[LIVE] udp=0.0/s, objs=0.0/s, last_udp=18.27s, meas=1, tracks=1, valid=0, master=97
[LIVE] udp=0.0/s, objs=0.0/s, last_udp=19.28s, meas=1, tracks=1, valid=0, master=97
[GPS] GGA fix_quality=1, num_sats=21, hdop=0.7, lat=30.4080920465, lon=104.088633633
[LIVE] udp=0.0/s, objs=0.0/s, last_udp=20.28s, meas=1, tracks=1, valid=0, master=97
[LIVE] udp=0.0/s, objs=0.0/s, last_udp=21.28s, meas=1, tracks=1, valid=0, master=97
[LIVE] udp=0.0/s, objs=0.0/s, last_udp=22.28s, meas=1, tracks=1, valid=0, master=97
[LIVE] udp=0.0/s, objs=0.0/s, last_udp=23.28s, meas=1, tracks=1, valid=0, master=97
[LIVE] udp=0.0/s, objs=0.0/s, last_udp=24.28s, meas=1, tracks=1, valid=0, master=97
[LIVE] udp=0.0/s, objs=0.0/s, last_udp=25.29s, meas=1, tracks=1, valid=0, master=97
[LIVE] udp=0.0/s, objs=0.0/s, last_udp=26.29s, meas=1, tracks=1, valid=0, master=97
[LIVE] udp=0.0/s, objs=0.0/s, last_udp=27.30s, meas=1, tracks=1, valid=0, master=97
[LIVE] udp=0.0/s, objs=0.0/s, last_udp=28.30s, meas=1, tracks=1, valid=0, master=97
[LIVE] udp=0.0/s, objs=0.0/s, last_udp=29.30s, meas=1, tracks=1, valid=0, master=97
[GPS] GGA fix_quality=1, num_sats=21, hdop=0.7, lat=30.4080922135, lon=104.088633172
[LIVE] udp=0.0/s, objs=0.0/s, last_udp=30.30s, meas=1, tracks=1, valid=0, master=97
[LIVE] udp=0.0/s, objs=0.0/s, last_udp=31.30s, meas=1, tracks=1, valid=0, master=97
[LIVE] udp=0.0/s, objs=0.0/s, last_udp=32.31s, meas=1, tracks=1, valid=0, master=97
[LIVE] udp=0.0/s, objs=0.0/s, last_udp=33.31s, meas=1, tracks=1, valid=0, master=97
[LIVE] udp=0.0/s, objs=0.0/s, last_udp=34.31s, meas=1, tracks=1, valid=0, master=97
[LIVE] udp=0.0/s, objs=0.0/s, last_udp=35.31s, meas=1, tracks=1, valid=0, master=97
[LIVE] udp=1.0/s, objs=1.0/s, last_udp=0.36s, meas=1, tracks=1, valid=0, master=97
[LIVE] udp=0.0/s, objs=0.0/s, last_udp=1.37s, meas=1, tracks=1, valid=0, master=97
[LIVE] udp=0.0/s, objs=0.0/s, last_udp=2.37s, meas=1, tracks=1, valid=0, master=97
[LIVE] udp=0.0/s, objs=0.0/s, last_udp=3.37s, meas=1, tracks=1, valid=0, master=97
[GPS] GGA fix_quality=1, num_sats=21, hdop=0.7, lat=30.408092161333332, lon=104.08863297016667
[LIVE] udp=0.0/s, objs=0.0/s, last_udp=4.37s, meas=1, tracks=1, valid=0, master=97
[LIVE] udp=0.0/s, objs=0.0/s, last_udp=5.38s, meas=1, tracks=1, valid=0, master=97
[LIVE] udp=0.0/s, objs=0.0/s, last_udp=6.38s, meas=1, tracks=1, valid=0, master=97
[LIVE] udp=0.0/s, objs=0.0/s, last_udp=7.38s, meas=1, tracks=1, valid=0, master=97
[LIVE] udp=0.0/s, objs=0.0/s, last_udp=8.38s, meas=1, tracks=1, valid=0, master=97
[LIVE] udp=0.0/s, objs=0.0/s, last_udp=9.39s, meas=1, tracks=1, valid=0, master=97
[LIVE] udp=0.0/s, objs=0.0/s, last_udp=10.39s, meas=1, tracks=1, valid=0, master=97
[LIVE] udp=0.0/s, objs=0.0/s, last_udp=11.39s, meas=1, tracks=1, valid=0, master=97
[LIVE] udp=0.0/s, objs=0.0/s, last_udp=12.39s, meas=1, tracks=1, valid=0, master=97
[LIVE] udp=0.0/s, objs=0.0/s, last_udp=13.40s, meas=1, tracks=1, valid=0, master=97
[GPS] GGA fix_quality=1, num_sats=20, hdop=0.8, lat=30.4080918915, lon=104.08863284683333
[LIVE] udp=0.0/s, objs=0.0/s, last_udp=14.40s, meas=1, tracks=1, valid=0, master=97
[LIVE] udp=0.0/s, objs=0.0/s, last_udp=15.40s, meas=1, tracks=1, valid=0, master=97
[LIVE] udp=0.0/s, objs=0.0/s, last_udp=16.40s, meas=1, tracks=1, valid=0, master=97
[LIVE] udp=0.0/s, objs=0.0/s, last_udp=17.40s, meas=1, tracks=1, valid=0, master=97
[LIVE] udp=1.0/s, objs=1.0/s, last_udp=0.03s, meas=1, tracks=1, valid=0, master=97
[LIVE] udp=0.0/s, objs=0.0/s, last_udp=1.03s, meas=1, tracks=1, valid=0, master=97
[LIVE] udp=0.0/s, objs=0.0/s, last_udp=2.03s, meas=1, tracks=1, valid=0, master=97
[LIVE] udp=1.0/s, objs=1.0/s, last_udp=0.53s, meas=1, tracks=1, valid=0, master=97
[LIVE] udp=0.0/s, objs=0.0/s, last_udp=1.53s, meas=1, tracks=1, valid=0, master=97
[GPS] GGA fix_quality=1, num_sats=21, hdop=0.7, lat=30.4080915475, lon=104.08863305833333
[LIVE] udp=0.0/s, objs=0.0/s, last_udp=2.54s, meas=1, tracks=1, valid=0, master=97
[LIVE] udp=0.0/s, objs=0.0/s, last_udp=3.54s, meas=1, tracks=1, valid=0, master=97
[LIVE] udp=0.0/s, objs=0.0/s, last_udp=4.54s, meas=1, tracks=1, valid=0, master=97
[LIVE] udp=0.0/s, objs=0.0/s, last_udp=5.54s, meas=1, tracks=1, valid=0, master=97
[LIVE] udp=0.0/s, objs=0.0/s, last_udp=6.55s, meas=1, tracks=1, valid=0, master=97
[LIVE] udp=0.0/s, objs=0.0/s, last_udp=7.55s, meas=1, tracks=1, valid=0, master=97
[LIVE] udp=0.0/s, objs=0.0/s, last_udp=8.55s, meas=1, tracks=1, valid=0, master=97
[LIVE] udp=0.0/s, objs=0.0/s, last_udp=9.56s, meas=1, tracks=1, valid=0, master=97
[LIVE] udp=0.0/s, objs=0.0/s, last_udp=10.56s, meas=1, tracks=1, valid=0, master=97
[LIVE] udp=0.0/s, objs=0.0/s, last_udp=11.56s, meas=1, tracks=1, valid=0, master=97
[GPS] GGA fix_quality=1, num_sats=20, hdop=0.8, lat=30.408091418666668, lon=104.08863341783334
[LIVE] udp=0.0/s, objs=0.0/s, last_udp=12.56s, meas=1, tracks=1, valid=0, master=97
[LIVE] udp=0.0/s, objs=0.0/s, last_udp=13.57s, meas=1, tracks=1, valid=0, master=97
[LIVE] udp=2.0/s, objs=2.0/s, last_udp=0.69s, meas=1, tracks=1, valid=0, master=97
[LIVE] udp=0.0/s, objs=0.0/s, last_udp=1.69s, meas=1, tracks=1, valid=0, master=97
[LIVE] udp=0.0/s, objs=0.0/s, last_udp=2.69s, meas=1, tracks=1, valid=0, master=97
[LIVE] udp=0.0/s, objs=0.0/s, last_udp=3.69s, meas=1, tracks=1, valid=0, master=97
[LIVE] udp=0.0/s, objs=0.0/s, last_udp=4.70s, meas=1, tracks=1, valid=0, master=97
[LIVE] udp=0.0/s, objs=0.0/s, last_udp=5.70s, meas=1, tracks=1, valid=0, master=97
[LIVE] udp=0.0/s, objs=0.0/s, last_udp=6.70s, meas=1, tracks=1, valid=0, master=97
[LIVE] udp=0.0/s, objs=0.0/s, last_udp=7.70s, meas=1, tracks=1, valid=0, master=97
[GPS] GGA fix_quality=1, num_sats=20, hdop=0.7, lat=30.4080913315, lon=104.08863381983333
[LIVE] udp=0.0/s, objs=0.0/s, last_udp=8.70s, meas=1, tracks=1, valid=0, master=97
[LIVE] udp=0.0/s, objs=0.0/s, last_udp=9.71s, meas=1, tracks=1, valid=0, master=97
[LIVE] udp=0.0/s, objs=0.0/s, last_udp=10.71s, meas=1, tracks=1, valid=0, master=97
[LIVE] udp=0.0/s, objs=0.0/s, last_udp=11.71s, meas=1, tracks=1, valid=0, master=97
[LIVE] udp=0.0/s, objs=0.0/s, last_udp=12.71s, meas=1, tracks=1, valid=0, master=97
[LIVE] udp=1.0/s, objs=1.0/s, last_udp=0.13s, meas=1, tracks=1, valid=0, master=97
[LIVE] udp=2.0/s, objs=2.0/s, last_udp=0.12s, meas=1, tracks=1, valid=0, master=97
[LIVE] udp=4.0/s, objs=4.0/s, last_udp=0.00s, meas=1, tracks=1, valid=1, master=103
[LIVE] udp=3.0/s, objs=3.0/s, last_udp=0.33s, meas=1, tracks=1, valid=1, master=103
[LIVE] udp=2.0/s, objs=2.0/s, last_udp=0.72s, meas=1, tracks=1, valid=1, master=103
[GPS] GGA fix_quality=1, num_sats=22, hdop=0.7, lat=30.408091236, lon=104.0886342635
[LIVE] udp=2.0/s, objs=2.0/s, last_udp=0.13s, meas=1, tracks=1, valid=1, master=103
[LIVE] udp=2.0/s, objs=2.0/s, last_udp=0.37s, meas=1, tracks=1, valid=1, master=103
[LIVE] udp=4.0/s, objs=4.0/s, last_udp=0.19s, meas=1, tracks=1, valid=1, master=103
[LIVE] udp=3.0/s, objs=3.0/s, last_udp=0.10s, meas=1, tracks=1, valid=1, master=103
[LIVE] udp=3.0/s, objs=3.0/s, last_udp=0.05s, meas=1, tracks=1, valid=1, master=103
[LIVE] udp=2.0/s, objs=2.0/s, last_udp=0.44s, meas=1, tracks=1, valid=1, master=103
[LIVE] udp=4.0/s, objs=4.0/s, last_udp=0.31s, meas=1, tracks=1, valid=1, master=103
[LIVE] udp=2.0/s, objs=2.0/s, last_udp=0.76s, meas=1, tracks=1, valid=1, master=103
[LIVE] udp=1.0/s, objs=1.0/s, last_udp=0.39s, meas=1, tracks=1, valid=1, master=103
[LIVE] udp=3.0/s, objs=3.0/s, last_udp=0.20s, meas=1, tracks=1, valid=1, master=103
[GPS] GGA fix_quality=1, num_sats=20, hdop=0.7, lat=30.40809121, lon=104.088634257
[LIVE] udp=4.0/s, objs=4.0/s, last_udp=0.05s, meas=1, tracks=1, valid=1, master=103
[LIVE] udp=3.0/s, objs=3.0/s, last_udp=0.05s, meas=1, tracks=1, valid=1, master=103
[LIVE] udp=3.0/s, objs=3.0/s, last_udp=0.37s, meas=1, tracks=1, valid=1, master=103
[LIVE] udp=4.0/s, objs=4.0/s, last_udp=0.17s, meas=1, tracks=1, valid=1, master=103
[LIVE] udp=1.0/s, objs=1.0/s, last_udp=0.11s, meas=1, tracks=1, valid=1, master=103
[LIVE] udp=1.0/s, objs=1.0/s, last_udp=0.46s, meas=1, tracks=1, valid=1, master=103
[LIVE] udp=3.0/s, objs=3.0/s, last_udp=0.12s, meas=1, tracks=1, valid=1, master=103
[LIVE] udp=3.0/s, objs=3.0/s, last_udp=0.23s, meas=1, tracks=1, valid=1, master=103
[LIVE] udp=4.0/s, objs=4.0/s, last_udp=0.12s, meas=1, tracks=1, valid=1, master=103
[LIVE] udp=2.0/s, objs=2.0/s, last_udp=0.58s, meas=1, tracks=1, valid=1, master=103
[GPS] GGA fix_quality=1, num_sats=23, hdop=0.7, lat=30.408090838666666, lon=104.08863698916667
[LIVE] udp=2.0/s, objs=2.0/s, last_udp=0.22s, meas=1, tracks=1, valid=1, master=103
[LIVE] udp=2.0/s, objs=2.0/s, last_udp=0.47s, meas=1, tracks=1, valid=1, master=103
[LIVE] udp=1.0/s, objs=1.0/s, last_udp=0.25s, meas=1, tracks=2, valid=0, master=103
[LIVE] udp=3.0/s, objs=3.0/s, last_udp=0.35s, meas=1, tracks=2, valid=1, master=103
[LIVE] udp=2.0/s, objs=2.0/s, last_udp=0.88s, meas=1, tracks=2, valid=1, master=103
[LIVE] udp=1.0/s, objs=1.0/s, last_udp=0.14s, meas=1, tracks=2, valid=1, master=103
[LIVE] udp=1.0/s, objs=1.0/s, last_udp=0.64s, meas=1, tracks=2, valid=1, master=103
[LIVE] udp=4.0/s, objs=4.0/s, last_udp=0.01s, meas=1, tracks=2, valid=1, master=103
[LIVE] udp=2.0/s, objs=2.0/s, last_udp=0.28s, meas=1, tracks=2, valid=1, master=103
[LIVE] udp=4.0/s, objs=4.0/s, last_udp=0.20s, meas=1, tracks=2, valid=1, master=103
[GPS] GGA fix_quality=1, num_sats=21, hdop=0.7, lat=30.408087255166667, lon=104.088634768
[LIVE] udp=4.0/s, objs=4.0/s, last_udp=0.02s, meas=1, tracks=2, valid=1, master=103
[LIVE] udp=1.0/s, objs=1.0/s, last_udp=0.85s, meas=1, tracks=2, valid=1, master=103
[LIVE] udp=0.0/s, objs=0.0/s, last_udp=1.85s, meas=1, tracks=2, valid=1, master=103
[LIVE] udp=0.0/s, objs=0.0/s, last_udp=2.86s, meas=1, tracks=2, valid=1, master=103
[LIVE] udp=0.0/s, objs=0.0/s, last_udp=3.86s, meas=1, tracks=2, valid=1, master=103
[LIVE] udp=0.0/s, objs=0.0/s, last_udp=4.86s, meas=1, tracks=2, valid=1, master=103
[LIVE] udp=0.0/s, objs=0.0/s, last_udp=5.86s, meas=1, tracks=2, valid=1, master=103
[LIVE] udp=0.0/s, objs=0.0/s, last_udp=6.86s, meas=1, tracks=2, valid=1, master=103
[LIVE] udp=0.0/s, objs=0.0/s, last_udp=7.87s, meas=1, tracks=2, valid=1, master=103
[LIVE] udp=1.0/s, objs=1.0/s, last_udp=0.28s, meas=1, tracks=2, valid=0, master=103
[GPS] GGA fix_quality=1, num_sats=23, hdop=0.7, lat=30.408082967, lon=104.08864100316667
[LIVE] udp=0.0/s, objs=0.0/s, last_udp=1.28s, meas=1, tracks=2, valid=0, master=103
[LIVE] udp=0.0/s, objs=0.0/s, last_udp=2.28s, meas=1, tracks=2, valid=0, master=103
[LIVE] udp=0.0/s, objs=0.0/s, last_udp=3.28s, meas=1, tracks=2, valid=0, master=103
[LIVE] udp=0.0/s, objs=0.0/s, last_udp=4.29s, meas=1, tracks=2, valid=0, master=103
[LIVE] udp=0.0/s, objs=0.0/s, last_udp=5.29s, meas=1, tracks=2, valid=0, master=103
[LIVE] udp=0.0/s, objs=0.0/s, last_udp=6.30s, meas=1, tracks=2, valid=0, master=103
[LIVE] udp=0.0/s, objs=0.0/s, last_udp=7.30s, meas=1, tracks=2, valid=0, master=103
[LIVE] udp=0.0/s, objs=0.0/s, last_udp=8.31s, meas=1, tracks=2, valid=0, master=103
[LIVE] udp=0.0/s, objs=0.0/s, last_udp=9.31s, meas=1, tracks=2, valid=0, master=103
[LIVE] udp=0.0/s, objs=0.0/s, last_udp=10.31s, meas=1, tracks=2, valid=0, master=103
[GPS] GGA fix_quality=1, num_sats=23, hdop=0.7, lat=30.408080650333332, lon=104.08864083866666
[LIVE] udp=0.0/s, objs=0.0/s, last_udp=11.31s, meas=1, tracks=2, valid=0, master=103
[LIVE] udp=0.0/s, objs=0.0/s, last_udp=12.31s, meas=1, tracks=2, valid=0, master=103
[LIVE] udp=0.0/s, objs=0.0/s, last_udp=13.32s, meas=1, tracks=2, valid=0, master=103
[LIVE] udp=0.0/s, objs=0.0/s, last_udp=14.32s, meas=1, tracks=2, valid=0, master=103
[LIVE] udp=0.0/s, objs=0.0/s, last_udp=15.32s, meas=1, tracks=2, valid=0, master=103
[LIVE] udp=0.0/s, objs=0.0/s, last_udp=16.33s, meas=1, tracks=2, valid=0, master=103
[LIVE] udp=0.0/s, objs=0.0/s, last_udp=17.33s, meas=1, tracks=2, valid=0, master=103
[LIVE] udp=0.0/s, objs=0.0/s, last_udp=18.34s, meas=1, tracks=2, valid=0, master=103
[LIVE] udp=0.0/s, objs=0.0/s, last_udp=19.34s, meas=1, tracks=2, valid=0, master=103
[LIVE] udp=0.0/s, objs=0.0/s, last_udp=20.34s, meas=1, tracks=2, valid=0, master=103
[GPS] GGA fix_quality=1, num_sats=21, hdop=0.7, lat=30.408087026333334, lon=104.08864141166667
[LIVE] udp=1.0/s, objs=1.0/s, last_udp=0.18s, meas=1, tracks=2, valid=0, master=103
[LIVE] udp=2.0/s, objs=3.0/s, last_udp=0.57s, meas=2, tracks=2, valid=0, master=103
[LIVE] udp=0.0/s, objs=0.0/s, last_udp=1.57s, meas=2, tracks=2, valid=0, master=103
[LIVE] udp=0.0/s, objs=0.0/s, last_udp=2.57s, meas=2, tracks=2, valid=0, master=103
[LIVE] udp=0.0/s, objs=0.0/s, last_udp=3.58s, meas=2, tracks=2, valid=0, master=103
[LIVE] udp=0.0/s, objs=0.0/s, last_udp=4.58s, meas=2, tracks=2, valid=0, master=103
[LIVE] udp=0.0/s, objs=0.0/s, last_udp=5.58s, meas=2, tracks=2, valid=0, master=103
[LIVE] udp=0.0/s, objs=0.0/s, last_udp=6.59s, meas=2, tracks=2, valid=0, master=103
[LIVE] udp=0.0/s, objs=0.0/s, last_udp=7.59s, meas=2, tracks=2, valid=0, master=103
[LIVE] udp=0.0/s, objs=0.0/s, last_udp=8.59s, meas=2, tracks=2, valid=0, master=103
[GPS] GGA fix_quality=1, num_sats=21, hdop=0.7, lat=30.4080865585, lon=104.08863783633333
[LIVE] udp=0.0/s, objs=0.0/s, last_udp=9.59s, meas=2, tracks=2, valid=0, master=103
[LIVE] udp=0.0/s, objs=0.0/s, last_udp=10.60s, meas=2, tracks=2, valid=0, master=103
[LIVE] udp=0.0/s, objs=0.0/s, last_udp=11.60s, meas=2, tracks=2, valid=0, master=103
[LIVE] udp=0.0/s, objs=0.0/s, last_udp=12.61s, meas=2, tracks=2, valid=0, master=103
[LIVE] udp=0.0/s, objs=0.0/s, last_udp=13.61s, meas=2, tracks=2, valid=0, master=103
[LIVE] udp=0.0/s, objs=0.0/s, last_udp=14.61s, meas=2, tracks=2, valid=0, master=103
[LIVE] udp=0.0/s, objs=0.0/s, last_udp=15.61s, meas=2, tracks=2, valid=0, master=103
[LIVE] udp=0.0/s, objs=0.0/s, last_udp=16.61s, meas=2, tracks=2, valid=0, master=103
[LIVE] udp=0.0/s, objs=0.0/s, last_udp=17.62s, meas=2, tracks=2, valid=0, master=103
[LIVE] udp=0.0/s, objs=0.0/s, last_udp=18.62s, meas=2, tracks=2, valid=0, master=103
[GPS] GGA fix_quality=1, num_sats=20, hdop=0.7, lat=30.408086474, lon=104.08863630016667
[LIVE] udp=0.0/s, objs=0.0/s, last_udp=19.62s, meas=2, tracks=2, valid=0, master=103
[LIVE] udp=2.0/s, objs=2.0/s, last_udp=0.09s, meas=1, tracks=1, valid=0, master=103
[LIVE] udp=2.0/s, objs=2.0/s, last_udp=0.47s, meas=1, tracks=1, valid=1, master=108
[LIVE] udp=1.0/s, objs=1.0/s, last_udp=0.88s, meas=1, tracks=1, valid=1, master=108
[LIVE] udp=0.0/s, objs=0.0/s, last_udp=1.88s, meas=1, tracks=1, valid=1, master=108
[LIVE] udp=0.0/s, objs=0.0/s, last_udp=2.88s, meas=1, tracks=1, valid=1, master=108
[LIVE] udp=1.0/s, objs=1.0/s, last_udp=0.85s, meas=1, tracks=1, valid=1, master=108
[LIVE] udp=0.0/s, objs=0.0/s, last_udp=1.85s, meas=1, tracks=1, valid=1, master=108
[LIVE] udp=0.0/s, objs=0.0/s, last_udp=2.85s, meas=1, tracks=1, valid=1, master=108
[LIVE] udp=1.0/s, objs=1.0/s, last_udp=0.29s, meas=1, tracks=1, valid=1, master=108
[GPS] GGA fix_quality=1, num_sats=22, hdop=0.7, lat=30.408086702, lon=104.08863147666666
[LIVE] udp=1.0/s, objs=1.0/s, last_udp=0.76s, meas=1, tracks=1, valid=1, master=108
[LIVE] udp=0.0/s, objs=0.0/s, last_udp=1.76s, meas=1, tracks=1, valid=1, master=108
[LIVE] udp=1.0/s, objs=1.0/s, last_udp=0.42s, meas=1, tracks=1, valid=1, master=108
[LIVE] udp=0.0/s, objs=0.0/s, last_udp=1.42s, meas=1, tracks=1, valid=1, master=108
[LIVE] udp=0.0/s, objs=0.0/s, last_udp=2.43s, meas=1, tracks=1, valid=1, master=108
[LIVE] udp=0.0/s, objs=0.0/s, last_udp=3.43s, meas=1, tracks=1, valid=1, master=108
[LIVE] udp=3.0/s, objs=3.0/s, last_udp=0.09s, meas=2, tracks=3, valid=0, master=108
[LIVE] udp=0.0/s, objs=0.0/s, last_udp=1.09s, meas=1, tracks=3, valid=0, master=108
[LIVE] udp=0.0/s, objs=0.0/s, last_udp=2.10s, meas=1, tracks=3, valid=0, master=108
[LIVE] udp=0.0/s, objs=0.0/s, last_udp=3.10s, meas=1, tracks=3, valid=0, master=108
[GPS] GGA fix_quality=1, num_sats=22, hdop=0.6, lat=30.4080878475, lon=104.08863219716666
[LIVE] udp=1.0/s, objs=1.0/s, last_udp=0.79s, meas=1, tracks=3, valid=1, master=110
[LIVE] udp=0.0/s, objs=0.0/s, last_udp=1.79s, meas=1, tracks=3, valid=1, master=110
[LIVE] udp=0.0/s, objs=0.0/s, last_udp=2.79s, meas=1, tracks=3, valid=1, master=110
[LIVE] udp=0.0/s, objs=0.0/s, last_udp=3.79s, meas=1, tracks=3, valid=1, master=110
[LIVE] udp=0.0/s, objs=0.0/s, last_udp=4.79s, meas=1, tracks=3, valid=1, master=110
[LIVE] udp=0.0/s, objs=0.0/s, last_udp=5.79s, meas=1, tracks=3, valid=1, master=110
[LIVE] udp=0.0/s, objs=0.0/s, last_udp=6.80s, meas=1, tracks=3, valid=1, master=110
[LIVE] udp=0.0/s, objs=0.0/s, last_udp=7.80s, meas=1, tracks=3, valid=1, master=110
[LIVE] udp=0.0/s, objs=0.0/s, last_udp=8.80s, meas=1, tracks=3, valid=1, master=110
[LIVE] udp=0.0/s, objs=0.0/s, last_udp=9.80s, meas=1, tracks=3, valid=1, master=110
[GPS] GGA fix_quality=1, num_sats=21, hdop=0.7, lat=30.408087907666665, lon=104.08863358016667
[LIVE] udp=0.0/s, objs=0.0/s, last_udp=10.80s, meas=1, tracks=3, valid=1, master=110
[LIVE] udp=0.0/s, objs=0.0/s, last_udp=11.80s, meas=1, tracks=3, valid=1, master=110
[LIVE] udp=0.0/s, objs=0.0/s, last_udp=12.80s, meas=1, tracks=3, valid=1, master=110
[LIVE] udp=0.0/s, objs=0.0/s, last_udp=13.81s, meas=1, tracks=3, valid=1, master=110
[LIVE] udp=0.0/s, objs=0.0/s, last_udp=14.81s, meas=1, tracks=3, valid=1, master=110
[LIVE] udp=0.0/s, objs=0.0/s, last_udp=15.81s, meas=1, tracks=3, valid=1, master=110
[LIVE] udp=0.0/s, objs=0.0/s, last_udp=16.81s, meas=1, tracks=3, valid=1, master=110
[LIVE] udp=0.0/s, objs=0.0/s, last_udp=17.82s, meas=1, tracks=3, valid=1, master=110
[LIVE] udp=0.0/s, objs=0.0/s, last_udp=18.82s, meas=1, tracks=3, valid=1, master=110
[LIVE] udp=0.0/s, objs=0.0/s, last_udp=19.82s, meas=1, tracks=3, valid=1, master=110
[GPS] GGA fix_quality=1, num_sats=20, hdop=0.7, lat=30.4080878905, lon=104.08863455466667
[LIVE] udp=0.0/s, objs=0.0/s, last_udp=20.82s, meas=1, tracks=3, valid=1, master=110
[LIVE] udp=0.0/s, objs=0.0/s, last_udp=21.82s, meas=1, tracks=3, valid=1, master=110
[LIVE] udp=0.0/s, objs=0.0/s, last_udp=22.83s, meas=1, tracks=3, valid=1, master=110
[LIVE] udp=0.0/s, objs=0.0/s, last_udp=23.83s, meas=1, tracks=3, valid=1, master=110
[LIVE] udp=0.0/s, objs=0.0/s, last_udp=24.83s, meas=1, tracks=3, valid=1, master=110
[LIVE] udp=0.0/s, objs=0.0/s, last_udp=25.83s, meas=1, tracks=3, valid=1, master=110
[LIVE] udp=0.0/s, objs=0.0/s, last_udp=26.83s, meas=1, tracks=3, valid=1, master=110
[LIVE] udp=0.0/s, objs=0.0/s, last_udp=27.84s, meas=1, tracks=3, valid=1, master=110
[LIVE] udp=0.0/s, objs=0.0/s, last_udp=28.84s, meas=1, tracks=3, valid=1, master=110
[LIVE] udp=0.0/s, objs=0.0/s, last_udp=29.84s, meas=1, tracks=3, valid=1, master=110
[GPS] GGA fix_quality=1, num_sats=21, hdop=0.7, lat=30.4080887385, lon=104.08863759883333
[LIVE] udp=0.0/s, objs=0.0/s, last_udp=30.85s, meas=1, tracks=3, valid=1, master=110
[LIVE] udp=0.0/s, objs=0.0/s, last_udp=31.85s, meas=1, tracks=3, valid=1, master=110
[LIVE] udp=0.0/s, objs=0.0/s, last_udp=32.85s, meas=1, tracks=3, valid=1, master=110
[LIVE] udp=0.0/s, objs=0.0/s, last_udp=33.85s, meas=1, tracks=3, valid=1, master=110
[LIVE] udp=0.0/s, objs=0.0/s, last_udp=34.85s, meas=1, tracks=3, valid=1, master=110
[LIVE] udp=0.0/s, objs=0.0/s, last_udp=35.86s, meas=1, tracks=3, valid=1, master=110
[LIVE] udp=0.0/s, objs=0.0/s, last_udp=36.86s, meas=1, tracks=3, valid=1, master=110
[LIVE] udp=0.0/s, objs=0.0/s, last_udp=37.87s, meas=1, tracks=3, valid=1, master=110
[LIVE] udp=0.0/s, objs=0.0/s, last_udp=38.87s, meas=1, tracks=3, valid=1, master=110
[LIVE] udp=0.0/s, objs=0.0/s, last_udp=39.88s, meas=1, tracks=3, valid=1, master=110
[GPS] GGA fix_quality=1, num_sats=21, hdop=0.7, lat=30.408091182833335, lon=104.08864037966667
[LIVE] udp=2.0/s, objs=2.0/s, last_udp=0.57s, meas=1, tracks=1, valid=0, master=110
[LIVE] udp=0.0/s, objs=0.0/s, last_udp=1.57s, meas=1, tracks=1, valid=0, master=110
[LIVE] udp=0.0/s, objs=0.0/s, last_udp=2.57s, meas=1, tracks=1, valid=0, master=110
[LIVE] udp=0.0/s, objs=0.0/s, last_udp=3.58s, meas=1, tracks=1, valid=0, master=110
[LIVE] udp=0.0/s, objs=0.0/s, last_udp=4.58s, meas=1, tracks=1, valid=0, master=110
[LIVE] udp=0.0/s, objs=0.0/s, last_udp=5.58s, meas=1, tracks=1, valid=0, master=110
[LIVE] udp=0.0/s, objs=0.0/s, last_udp=6.59s, meas=1, tracks=1, valid=0, master=110
[LIVE] udp=0.0/s, objs=0.0/s, last_udp=7.59s, meas=1, tracks=1, valid=0, master=110
[LIVE] udp=0.0/s, objs=0.0/s, last_udp=8.59s, meas=1, tracks=1, valid=0, master=110
[LIVE] udp=0.0/s, objs=0.0/s, last_udp=9.59s, meas=1, tracks=1, valid=0, master=110
[GPS] GGA fix_quality=1, num_sats=21, hdop=0.7, lat=30.408091428666665, lon=104.08864111116667
[LIVE] udp=0.0/s, objs=0.0/s, last_udp=10.60s, meas=1, tracks=1, valid=0, master=110
[LIVE] udp=0.0/s, objs=0.0/s, last_udp=11.60s, meas=1, tracks=1, valid=0, master=110
[LIVE] udp=0.0/s, objs=0.0/s, last_udp=12.60s, meas=1, tracks=1, valid=0, master=110
[LIVE] udp=0.0/s, objs=0.0/s, last_udp=13.60s, meas=1, tracks=1, valid=0, master=110
[LIVE] udp=0.0/s, objs=0.0/s, last_udp=14.60s, meas=1, tracks=1, valid=0, master=110
[LIVE] udp=0.0/s, objs=0.0/s, last_udp=15.61s, meas=1, tracks=1, valid=0, master=110
[LIVE] udp=2.0/s, objs=2.0/s, last_udp=0.78s, meas=1, tracks=1, valid=0, master=110
[LIVE] udp=0.0/s, objs=0.0/s, last_udp=1.79s, meas=1, tracks=1, valid=0, master=110
[LIVE] udp=0.0/s, objs=0.0/s, last_udp=2.79s, meas=1, tracks=1, valid=0, master=110
[LIVE] udp=0.0/s, objs=0.0/s, last_udp=3.79s, meas=1, tracks=1, valid=0, master=110
[GPS] GGA fix_quality=1, num_sats=20, hdop=0.7, lat=30.408093465166665, lon=104.08863957133333
[LIVE] udp=0.0/s, objs=0.0/s, last_udp=4.79s, meas=1, tracks=1, valid=0, master=110
[LIVE] udp=0.0/s, objs=0.0/s, last_udp=5.79s, meas=1, tracks=1, valid=0, master=110
[LIVE] udp=1.0/s, objs=1.0/s, last_udp=0.09s, meas=1, tracks=1, valid=0, master=110
[LIVE] udp=6.0/s, objs=6.0/s, last_udp=0.09s, meas=1, tracks=1, valid=1, master=112
[LIVE] udp=1.0/s, objs=1.0/s, last_udp=0.99s, meas=1, tracks=1, valid=1, master=112
[LIVE] udp=0.0/s, objs=0.0/s, last_udp=1.99s, meas=1, tracks=1, valid=1, master=112
[LIVE] udp=0.0/s, objs=0.0/s, last_udp=3.00s, meas=1, tracks=1, valid=1, master=112
[LIVE] udp=0.0/s, objs=0.0/s, last_udp=4.00s, meas=1, tracks=1, valid=1, master=112
[LIVE] udp=0.0/s, objs=0.0/s, last_udp=5.00s, meas=1, tracks=1, valid=1, master=112
[LIVE] udp=0.0/s, objs=0.0/s, last_udp=6.00s, meas=1, tracks=1, valid=1, master=112
[GPS] GGA fix_quality=1, num_sats=20, hdop=0.7, lat=30.408095642166668, lon=104.0886374245
[LIVE] udp=0.0/s, objs=0.0/s, last_udp=7.00s, meas=1, tracks=1, valid=1, master=112
[LIVE] udp=0.0/s, objs=0.0/s, last_udp=8.00s, meas=1, tracks=1, valid=1, master=112
[LIVE] udp=0.0/s, objs=0.0/s, last_udp=9.00s, meas=1, tracks=1, valid=1, master=112
[LIVE] udp=0.0/s, objs=0.0/s, last_udp=10.01s, meas=1, tracks=1, valid=1, master=112
[LIVE] udp=0.0/s, objs=0.0/s, last_udp=11.01s, meas=1, tracks=1, valid=1, master=112
[LIVE] udp=0.0/s, objs=0.0/s, last_udp=12.01s, meas=1, tracks=1, valid=1, master=112
[LIVE] udp=0.0/s, objs=0.0/s, last_udp=13.02s, meas=1, tracks=1, valid=1, master=112
[LIVE] udp=0.0/s, objs=0.0/s, last_udp=14.02s, meas=1, tracks=1, valid=1, master=112
[LIVE] udp=0.0/s, objs=0.0/s, last_udp=15.02s, meas=1, tracks=1, valid=1, master=112
[LIVE] udp=0.0/s, objs=0.0/s, last_udp=16.03s, meas=1, tracks=1, valid=1, master=112
[GPS] GGA fix_quality=1, num_sats=20, hdop=0.7, lat=30.408095772, lon=104.088639585
[LIVE] udp=0.0/s, objs=0.0/s, last_udp=17.03s, meas=1, tracks=1, valid=1, master=112
[LIVE] udp=0.0/s, objs=0.0/s, last_udp=18.03s, meas=1, tracks=1, valid=1, master=112
[LIVE] udp=0.0/s, objs=0.0/s, last_udp=19.03s, meas=1, tracks=1, valid=1, master=112
[LIVE] udp=0.0/s, objs=0.0/s, last_udp=20.03s, meas=1, tracks=1, valid=1, master=112
[LIVE] udp=0.0/s, objs=0.0/s, last_udp=21.04s, meas=1, tracks=1, valid=1, master=112
[LIVE] udp=0.0/s, objs=0.0/s, last_udp=22.04s, meas=1, tracks=1, valid=1, master=112
[LIVE] udp=0.0/s, objs=0.0/s, last_udp=23.04s, meas=1, tracks=1, valid=1, master=112
[LIVE] udp=0.0/s, objs=0.0/s, last_udp=24.04s, meas=1, tracks=1, valid=1, master=112
[LIVE] udp=0.0/s, objs=0.0/s, last_udp=25.04s, meas=1, tracks=1, valid=1, master=112
[LIVE] udp=0.0/s, objs=0.0/s, last_udp=26.05s, meas=1, tracks=1, valid=1, master=112
[GPS] GGA fix_quality=1, num_sats=20, hdop=0.7, lat=30.408095573833332, lon=104.08864351083334
[LIVE] udp=0.0/s, objs=0.0/s, last_udp=27.05s, meas=1, tracks=1, valid=1, master=112
[LIVE] udp=0.0/s, objs=0.0/s, last_udp=28.05s, meas=1, tracks=1, valid=1, master=112
[LIVE] udp=0.0/s, objs=0.0/s, last_udp=29.05s, meas=1, tracks=1, valid=1, master=112
[LIVE] udp=0.0/s, objs=0.0/s, last_udp=30.05s, meas=1, tracks=1, valid=1, master=112
[LIVE] udp=0.0/s, objs=0.0/s, last_udp=31.06s, meas=1, tracks=1, valid=1, master=112
[LIVE] udp=0.0/s, objs=0.0/s, last_udp=32.06s, meas=1, tracks=1, valid=1, master=112
[LIVE] udp=0.0/s, objs=0.0/s, last_udp=33.06s, meas=1, tracks=1, valid=1, master=112
[LIVE] udp=0.0/s, objs=0.0/s, last_udp=34.07s, meas=1, tracks=1, valid=1, master=112
[LIVE] udp=0.0/s, objs=0.0/s, last_udp=35.07s, meas=1, tracks=1, valid=1, master=112
[LIVE] udp=0.0/s, objs=0.0/s, last_udp=36.08s, meas=1, tracks=1, valid=1, master=112
[GPS] GGA fix_quality=1, num_sats=21, hdop=0.7, lat=30.408095535666668, lon=104.08864397866667
[LIVE] udp=0.0/s, objs=0.0/s, last_udp=37.08s, meas=1, tracks=1, valid=1, master=112
[LIVE] udp=0.0/s, objs=0.0/s, last_udp=38.08s, meas=1, tracks=1, valid=1, master=112
[LIVE] udp=0.0/s, objs=0.0/s, last_udp=39.09s, meas=1, tracks=1, valid=1, master=112
[LIVE] udp=0.0/s, objs=0.0/s, last_udp=40.09s, meas=1, tracks=1, valid=1, master=112
[LIVE] udp=0.0/s, objs=0.0/s, last_udp=41.09s, meas=1, tracks=1, valid=1, master=112
[LIVE] udp=0.0/s, objs=0.0/s, last_udp=42.10s, meas=1, tracks=1, valid=1, master=112
[LIVE] udp=0.0/s, objs=0.0/s, last_udp=43.10s, meas=1, tracks=1, valid=1, master=112
[LIVE] udp=0.0/s, objs=0.0/s, last_udp=44.10s, meas=1, tracks=1, valid=1, master=112
[LIVE] udp=0.0/s, objs=0.0/s, last_udp=45.10s, meas=1, tracks=1, valid=1, master=112
[LIVE] udp=0.0/s, objs=0.0/s, last_udp=46.11s, meas=1, tracks=1, valid=1, master=112
[GPS] GGA fix_quality=1, num_sats=21, hdop=0.7, lat=30.408095265, lon=104.08864381933333
[LIVE] udp=0.0/s, objs=0.0/s, last_udp=47.11s, meas=1, tracks=1, valid=1, master=112
[LIVE] udp=0.0/s, objs=0.0/s, last_udp=48.11s, meas=1, tracks=1, valid=1, master=112
[LIVE] udp=0.0/s, objs=0.0/s, last_udp=49.12s, meas=1, tracks=1, valid=1, master=112
[LIVE] udp=0.0/s, objs=0.0/s, last_udp=50.12s, meas=1, tracks=1, valid=1, master=112
[LIVE] udp=0.0/s, objs=0.0/s, last_udp=51.12s, meas=1, tracks=1, valid=1, master=112
[LIVE] udp=1.0/s, objs=1.0/s, last_udp=0.86s, meas=1, tracks=1, valid=0, master=112
[LIVE] udp=1.0/s, objs=1.0/s, last_udp=0.43s, meas=1, tracks=1, valid=0, master=112
[LIVE] udp=1.0/s, objs=1.0/s, last_udp=0.81s, meas=1, tracks=1, valid=1, master=113
[LIVE] udp=0.0/s, objs=0.0/s, last_udp=1.81s, meas=1, tracks=1, valid=1, master=113
[LIVE] udp=1.0/s, objs=1.0/s, last_udp=0.94s, meas=1, tracks=1, valid=1, master=113
[GPS] GGA fix_quality=1, num_sats=20, hdop=0.7, lat=30.408095341, lon=104.08864374633333
[LIVE] udp=0.0/s, objs=0.0/s, last_udp=1.94s, meas=1, tracks=1, valid=1, master=113
[LIVE] udp=0.0/s, objs=0.0/s, last_udp=2.94s, meas=1, tracks=1, valid=1, master=113
[LIVE] udp=0.0/s, objs=0.0/s, last_udp=3.94s, meas=1, tracks=1, valid=1, master=113
[LIVE] udp=0.0/s, objs=0.0/s, last_udp=4.94s, meas=1, tracks=1, valid=1, master=113
[LIVE] udp=0.0/s, objs=0.0/s, last_udp=5.95s, meas=1, tracks=1, valid=1, master=113
[LIVE] udp=1.0/s, objs=1.0/s, last_udp=0.46s, meas=1, tracks=1, valid=1, master=113
[LIVE] udp=1.0/s, objs=1.0/s, last_udp=0.01s, meas=1, tracks=1, valid=1, master=113
[LIVE] udp=1.0/s, objs=1.0/s, last_udp=0.39s, meas=1, tracks=1, valid=1, master=113
[LIVE] udp=0.0/s, objs=0.0/s, last_udp=1.39s, meas=1, tracks=1, valid=1, master=113
[LIVE] udp=0.0/s, objs=0.0/s, last_udp=2.40s, meas=1, tracks=1, valid=1, master=113
[GPS] GGA fix_quality=1, num_sats=21, hdop=0.7, lat=30.408095484833332, lon=104.08864289383334
[LIVE] udp=0.0/s, objs=0.0/s, last_udp=3.40s, meas=1, tracks=1, valid=1, master=113
[LIVE] udp=0.0/s, objs=0.0/s, last_udp=4.40s, meas=1, tracks=1, valid=1, master=113
[LIVE] udp=0.0/s, objs=0.0/s, last_udp=5.40s, meas=1, tracks=1, valid=1, master=113
[LIVE] udp=0.0/s, objs=0.0/s, last_udp=6.41s, meas=1, tracks=1, valid=1, master=113
[LIVE] udp=0.0/s, objs=0.0/s, last_udp=7.41s, meas=1, tracks=1, valid=1, master=113
[LIVE] udp=0.0/s, objs=0.0/s, last_udp=8.41s, meas=1, tracks=1, valid=1, master=113
[LIVE] udp=0.0/s, objs=0.0/s, last_udp=9.42s, meas=1, tracks=1, valid=1, master=113
[LIVE] udp=0.0/s, objs=0.0/s, last_udp=10.42s, meas=1, tracks=1, valid=1, master=113
[LIVE] udp=0.0/s, objs=0.0/s, last_udp=11.42s, meas=1, tracks=1, valid=1, master=113
[LIVE] udp=0.0/s, objs=0.0/s, last_udp=12.42s, meas=1, tracks=1, valid=1, master=113
[GPS] GGA fix_quality=1, num_sats=21, hdop=0.7, lat=30.408095912333334, lon=104.08864162216666
[LIVE] udp=0.0/s, objs=0.0/s, last_udp=13.43s, meas=1, tracks=1, valid=1, master=113
[LIVE] udp=0.0/s, objs=0.0/s, last_udp=14.43s, meas=1, tracks=1, valid=1, master=113
[LIVE] udp=0.0/s, objs=0.0/s, last_udp=15.43s, meas=1, tracks=1, valid=1, master=113
[LIVE] udp=0.0/s, objs=0.0/s, last_udp=16.43s, meas=1, tracks=1, valid=1, master=113
[LIVE] udp=0.0/s, objs=0.0/s, last_udp=17.44s, meas=1, tracks=1, valid=1, master=113
[LIVE] udp=0.0/s, objs=0.0/s, last_udp=18.44s, meas=1, tracks=1, valid=1, master=113
[LIVE] udp=0.0/s, objs=0.0/s, last_udp=19.44s, meas=1, tracks=1, valid=1, master=113
[LIVE] udp=0.0/s, objs=0.0/s, last_udp=20.44s, meas=1, tracks=1, valid=1, master=113
[LIVE] udp=0.0/s, objs=0.0/s, last_udp=21.44s, meas=1, tracks=1, valid=1, master=113
[LIVE] udp=0.0/s, objs=0.0/s, last_udp=22.44s, meas=1, tracks=1, valid=1, master=113
[GPS] GGA fix_quality=1, num_sats=20, hdop=0.7, lat=30.408096102000002, lon=104.08864064466667
[LIVE] udp=0.0/s, objs=0.0/s, last_udp=23.45s, meas=1, tracks=1, valid=1, master=113
[LIVE] udp=0.0/s, objs=0.0/s, last_udp=24.45s, meas=1, tracks=1, valid=1, master=113
[LIVE] udp=0.0/s, objs=0.0/s, last_udp=25.45s, meas=1, tracks=1, valid=1, master=113
[LIVE] udp=0.0/s, objs=0.0/s, last_udp=26.45s, meas=1, tracks=1, valid=1, master=113
[LIVE] udp=0.0/s, objs=0.0/s, last_udp=27.46s, meas=1, tracks=1, valid=1, master=113
[LIVE] udp=0.0/s, objs=0.0/s, last_udp=28.46s, meas=1, tracks=1, valid=1, master=113
[LIVE] udp=0.0/s, objs=0.0/s, last_udp=29.46s, meas=1, tracks=1, valid=1, master=113
[LIVE] udp=0.0/s, objs=0.0/s, last_udp=30.47s, meas=1, tracks=1, valid=1, master=113
[LIVE] udp=0.0/s, objs=0.0/s, last_udp=31.47s, meas=1, tracks=1, valid=1, master=113
[LIVE] udp=0.0/s, objs=0.0/s, last_udp=32.47s, meas=1, tracks=1, valid=1, master=113
[GPS] GGA fix_quality=1, num_sats=19, hdop=0.8, lat=30.408096019166667, lon=104.088640562
[LIVE] udp=0.0/s, objs=0.0/s, last_udp=33.47s, meas=1, tracks=1, valid=1, master=113
[LIVE] udp=0.0/s, objs=0.0/s, last_udp=34.47s, meas=1, tracks=1, valid=1, master=113
[LIVE] udp=0.0/s, objs=0.0/s, last_udp=35.47s, meas=1, tracks=1, valid=1, master=113
[LIVE] udp=0.0/s, objs=0.0/s, last_udp=36.48s, meas=1, tracks=1, valid=1, master=113
[LIVE] udp=0.0/s, objs=0.0/s, last_udp=37.48s, meas=1, tracks=1, valid=1, master=113
[LIVE] udp=0.0/s, objs=0.0/s, last_udp=38.48s, meas=1, tracks=1, valid=1, master=113
[LIVE] udp=0.0/s, objs=0.0/s, last_udp=39.49s, meas=1, tracks=1, valid=1, master=113
[LIVE] udp=0.0/s, objs=0.0/s, last_udp=40.49s, meas=1, tracks=1, valid=1, master=113
[LIVE] udp=0.0/s, objs=0.0/s, last_udp=41.49s, meas=1, tracks=1, valid=1, master=113
[LIVE] udp=0.0/s, objs=0.0/s, last_udp=42.49s, meas=1, tracks=1, valid=1, master=113
[GPS] GGA fix_quality=1, num_sats=23, hdop=0.6, lat=30.408096045, lon=104.08864073666666
[LIVE] udp=0.0/s, objs=0.0/s, last_udp=43.49s, meas=1, tracks=1, valid=1, master=113
[LIVE] udp=0.0/s, objs=0.0/s, last_udp=44.50s, meas=1, tracks=1, valid=1, master=113
[LIVE] udp=0.0/s, objs=0.0/s, last_udp=45.50s, meas=1, tracks=1, valid=1, master=113
[LIVE] udp=0.0/s, objs=0.0/s, last_udp=46.51s, meas=1, tracks=1, valid=1, master=113
[LIVE] udp=0.0/s, objs=0.0/s, last_udp=47.51s, meas=1, tracks=1, valid=1, master=113
[LIVE] udp=0.0/s, objs=0.0/s, last_udp=48.51s, meas=1, tracks=1, valid=1, master=113
[LIVE] udp=0.0/s, objs=0.0/s, last_udp=49.51s, meas=1, tracks=1, valid=1, master=113
[LIVE] udp=0.0/s, objs=0.0/s, last_udp=50.52s, meas=1, tracks=1, valid=1, master=113
[LIVE] udp=0.0/s, objs=0.0/s, last_udp=51.52s, meas=1, tracks=1, valid=1, master=113
[LIVE] udp=0.0/s, objs=0.0/s, last_udp=52.52s, meas=1, tracks=1, valid=1, master=113
