timestamp,seq,mode,board,cam,meas_idx,raw_bbox_x1,raw_bbox_y1,raw_bbox_x2,raw_bbox_y2,raw_bbox_w,raw_bbox_h,clipped_bbox_x1,clipped_bbox_y1,clipped_bbox_x2,clipped_bbox_y2,clipped_bbox_w,clipped_bbox_h,bbox_x1,bbox_y1,bbox_x2,bbox_y2,bbox_cx,bbox_cy,bbox_w,bbox_h,is_edge_bbox,visible_ratio,mono_dist,meas_az,meas_el
1780467457.733371,,,BOARD_2,4,0,3097.000,1014.000,3141.000,1050.000,44.000,36.000,3097.000,1014.000,3141.000,1050.000,44.000,36.000,3097.000,1014.000,3141.000,1050.000,3119.000,1032.000,44.000,36.000,0,1.000000,141.760000,347.834493,9.720000
1780467457.733371,,,BOARD_2,4,1,3095.000,1013.000,3139.000,1049.000,44.000,36.000,3095.000,1013.000,3139.000,1049.000,44.000,36.000,3095.000,1013.000,3139.000,1049.000,3117.000,1031.000,44.000,36.000,0,1.000000,141.760000,347.825378,9.724583
1780467467.331886,,,BOARD_2,4,0,1149.000,1523.000,1185.000,1559.000,36.000,36.000,1149.000,1523.000,1185.000,1559.000,36.000,36.000,1149.000,1523.000,1185.000,1559.000,1167.000,1541.000,36.000,36.000,0,1.000000,173.260000,338.938659,7.387083
1780467470.903491,,,BOARD_2,4,0,1054.000,1493.000,1090.000,1529.000,36.000,36.000,1054.000,1493.000,1090.000,1529.000,36.000,36.000,1054.000,1493.000,1090.000,1529.000,1072.000,1511.000,36.000,36.000,0,1.000000,173.260000,338.505717,7.524583
1780467471.894963,,,BOARD_2,4,0,963.000,1489.000,999.000,1525.000,36.000,36.000,963.000,1489.000,999.000,1525.000,36.000,36.000,963.000,1489.000,999.000,1525.000,981.000,1507.000,36.000,36.000,0,1.000000,173.260000,338.091003,7.542917
1780467472.828442,,,BOARD_2,1,0,446.000,950.000,482.000,987.000,36.000,37.000,446.000,950.000,482.000,987.000,36.000,37.000,446.000,950.000,482.000,987.000,464.000,968.500,36.000,37.000,0,1.000000,173.260000,8.923883,10.011042
1780467472.828442,,,BOARD_2,1,1,446.000,950.000,482.000,987.000,36.000,37.000,446.000,950.000,482.000,987.000,36.000,37.000,446.000,950.000,482.000,987.000,464.000,968.500,36.000,37.000,0,1.000000,173.260000,8.923883,10.011042
1780467473.057528,,,BOARD_2,1,0,447.000,950.000,483.000,987.000,36.000,37.000,447.000,950.000,483.000,987.000,36.000,37.000,447.000,950.000,483.000,987.000,465.000,968.500,36.000,37.000,0,1.000000,173.260000,8.928441,10.011042
1780467474.263131,,,BOARD_2,4,0,783.000,1499.000,819.000,1535.000,36.000,36.000,783.000,1499.000,819.000,1535.000,36.000,36.000,783.000,1499.000,819.000,1535.000,801.000,1517.000,36.000,36.000,0,1.000000,173.260000,337.270691,7.497083
1780467474.889648,,,BOARD_2,4,0,781.000,1499.000,817.000,1535.000,36.000,36.000,781.000,1499.000,817.000,1535.000,36.000,36.000,781.000,1499.000,817.000,1535.000,799.000,1517.000,36.000,36.000,0,1.000000,173.260000,337.261576,7.497083
1780467474.889648,,,BOARD_2,4,1,781.000,1498.000,817.000,1534.000,36.000,36.000,781.000,1498.000,817.000,1534.000,36.000,36.000,781.000,1498.000,817.000,1534.000,799.000,1516.000,36.000,36.000,0,1.000000,173.260000,337.261576,7.501667
1780467475.425397,,,BOARD_2,4,0,775.000,1499.000,811.000,1535.000,36.000,36.000,775.000,1499.000,811.000,1535.000,36.000,36.000,775.000,1499.000,811.000,1535.000,793.000,1517.000,36.000,36.000,0,1.000000,173.260000,337.234232,7.497083
1780467475.425397,,,BOARD_2,4,1,774.000,1499.000,810.000,1535.000,36.000,36.000,774.000,1499.000,810.000,1535.000,36.000,36.000,774.000,1499.000,810.000,1535.000,792.000,1517.000,36.000,36.000,0,1.000000,173.260000,337.229675,7.497083
1780467483.868038,,,BOARD_3,4,0,1957.000,1406.000,2008.000,1446.000,51.000,40.000,1957.000,1406.000,2008.000,1446.000,51.000,40.000,1957.000,1406.000,2008.000,1446.000,1982.500,1426.000,51.000,40.000,0,1.000000,122.300000,323.037931,17.414167
1780467483.868038,,,BOARD_3,4,1,1957.000,1406.000,2008.000,1446.000,51.000,40.000,1957.000,1406.000,2008.000,1446.000,51.000,40.000,1957.000,1406.000,2008.000,1446.000,1982.500,1426.000,51.000,40.000,0,1.000000,122.300000,323.037931,17.414167
1780467486.410200,,,BOARD_3,3,0,642.000,1007.000,682.000,1058.000,40.000,51.000,642.000,1007.000,682.000,1058.000,40.000,51.000,642.000,1007.000,682.000,1058.000,662.000,1032.500,40.000,51.000,0,1.000000,155.930000,334.184227,19.217708
1780467486.410200,,,BOARD_3,3,1,644.000,1008.000,684.000,1059.000,40.000,51.000,644.000,1008.000,684.000,1059.000,40.000,51.000,644.000,1008.000,684.000,1059.000,664.000,1033.500,40.000,51.000,0,1.000000,155.930000,334.193342,19.213125
1780467486.809102,,,BOARD_3,3,0,887.000,1143.000,931.000,1187.000,44.000,44.000,887.000,1143.000,931.000,1187.000,44.000,44.000,887.000,1143.000,931.000,1187.000,909.000,1165.000,44.000,44.000,0,1.000000,141.760000,335.309878,18.610417
1780467487.803066,,,BOARD_3,3,0,1852.000,1401.000,1891.000,1452.000,39.000,51.000,1852.000,1401.000,1891.000,1452.000,39.000,51.000,1852.000,1401.000,1891.000,1452.000,1871.500,1426.500,39.000,51.000,0,1.000000,159.930000,339.696271,17.411875
1780467487.803066,,,BOARD_3,3,1,1853.000,1402.000,1892.000,1453.000,39.000,51.000,1853.000,1402.000,1892.000,1453.000,39.000,51.000,1853.000,1402.000,1892.000,1453.000,1872.500,1427.500,39.000,51.000,0,1.000000,159.930000,339.700829,17.407292
1780467489.412967,,,BOARD_3,3,0,3250.000,1620.000,3290.000,1671.000,40.000,51.000,3250.000,1620.000,3290.000,1671.000,40.000,51.000,3250.000,1620.000,3290.000,1671.000,3270.000,1645.500,40.000,51.000,0,1.000000,155.930000,346.069644,16.408125
1780467489.412967,,,BOARD_3,3,1,3251.000,1621.000,3291.000,1672.000,40.000,51.000,3251.000,1621.000,3291.000,1672.000,40.000,51.000,3251.000,1621.000,3291.000,1672.000,3271.000,1646.500,40.000,51.000,0,1.000000,155.930000,346.074201,16.403542
1780467489.876817,,,BOARD_6,1,0,3238.000,1429.000,3302.000,1548.000,64.000,119.000,3238.000,1429.000,3302.000,1548.000,64.000,119.000,3238.000,1429.000,3302.000,1548.000,3270.000,1488.500,64.000,119.000,0,1.000000,97.460000,27.922644,45.627708
1780467489.876817,,,BOARD_6,1,1,3240.000,1431.000,3304.000,1550.000,64.000,119.000,3240.000,1431.000,3304.000,1550.000,64.000,119.000,3240.000,1431.000,3304.000,1550.000,3272.000,1490.500,64.000,119.000,0,1.000000,97.460000,27.931758,45.618542
1780467494.014134,,,BOARD_2,2,0,3192.000,734.000,3256.000,853.000,64.000,119.000,3192.000,734.000,3256.000,853.000,64.000,119.000,3192.000,734.000,3256.000,853.000,3224.000,793.500,64.000,119.000,0,1.000000,97.460000,6.018608,10.813125
1780467494.014134,,,BOARD_2,2,1,3195.000,735.000,3259.000,854.000,64.000,119.000,3195.000,735.000,3259.000,854.000,64.000,119.000,3195.000,735.000,3259.000,854.000,3227.000,794.500,64.000,119.000,0,1.000000,97.460000,6.032280,10.808542
1780467495.070857,,,BOARD_2,1,0,1800.000,918.000,1932.000,1010.000,132.000,92.000,1800.000,918.000,1932.000,1010.000,132.000,92.000,1800.000,918.000,1932.000,1010.000,1866.000,964.000,132.000,92.000,0,1.000000,47.250000,15.313206,10.031667
1780467501.635062,,,BOARD_2,1,0,1901.000,1050.000,2365.000,1410.000,464.000,360.000,1901.000,1050.000,2365.000,1410.000,464.000,360.000,1901.000,1050.000,2365.000,1410.000,2133.000,1230.000,464.000,360.000,0,1.000000,13.440000,16.530003,8.812500
1780467501.635062,,,BOARD_2,1,1,1904.000,1053.000,2368.000,1413.000,464.000,360.000,1904.000,1053.000,2368.000,1413.000,464.000,360.000,1904.000,1053.000,2368.000,1413.000,2136.000,1233.000,464.000,360.000,0,1.000000,13.440000,16.543675,8.798750
1780467513.020708,,,BOARD_2,4,0,715.000,1282.000,1179.000,1642.000,464.000,360.000,715.000,1282.000,1179.000,1642.000,464.000,360.000,715.000,1282.000,1179.000,1642.000,947.000,1462.000,464.000,360.000,0,1.000000,13.440000,337.936055,7.749167
1780467513.352409,,,BOARD_2,4,0,883.000,1441.000,919.000,1477.000,36.000,36.000,883.000,1441.000,919.000,1477.000,36.000,36.000,883.000,1441.000,919.000,1477.000,901.000,1459.000,36.000,36.000,0,1.000000,173.260000,337.726420,7.762917
1780467513.352409,,,BOARD_2,4,1,859.000,1442.000,895.000,1478.000,36.000,36.000,859.000,1442.000,895.000,1478.000,36.000,36.000,859.000,1442.000,895.000,1478.000,877.000,1460.000,36.000,36.000,0,1.000000,173.260000,337.617045,7.758333
1780467513.994062,,,BOARD_2,4,0,849.000,1405.000,885.000,1441.000,36.000,36.000,849.000,1405.000,885.000,1441.000,36.000,36.000,849.000,1405.000,885.000,1441.000,867.000,1423.000,36.000,36.000,0,1.000000,173.260000,337.571472,7.927917
1780467517.809713,,,BOARD_2,1,0,1533.000,1593.000,1781.000,1773.000,248.000,180.000,1533.000,1593.000,1781.000,1773.000,248.000,180.000,1533.000,1593.000,1781.000,1773.000,1657.000,1683.000,248.000,180.000,0,1.000000,25.150000,14.360732,6.736250
1780467518.222613,,,BOARD_2,1,0,1573.000,1616.000,1733.000,1707.000,160.000,91.000,1573.000,1616.000,1733.000,1707.000,160.000,91.000,1573.000,1616.000,1733.000,1707.000,1653.000,1661.500,160.000,91.000,0,1.000000,38.980000,14.342503,6.834792
1780467518.222613,,,BOARD_2,1,1,1572.000,1606.000,1732.000,1697.000,160.000,91.000,1572.000,1606.000,1732.000,1697.000,160.000,91.000,1572.000,1606.000,1732.000,1697.000,1652.000,1651.500,160.000,91.000,0,1.000000,38.980000,14.337946,6.880625
1780467518.443274,,,BOARD_2,1,0,1571.000,1595.000,1731.000,1686.000,160.000,91.000,1571.000,1595.000,1731.000,1686.000,160.000,91.000,1571.000,1595.000,1731.000,1686.000,1651.000,1640.500,160.000,91.000,0,1.000000,38.980000,14.333389,6.931042
1780467518.698931,,,BOARD_2,1,0,1581.000,1632.000,1741.000,1726.000,160.000,94.000,1581.000,1632.000,1741.000,1726.000,160.000,94.000,1581.000,1632.000,1741.000,1726.000,1661.000,1679.000,160.000,94.000,0,1.000000,38.980000,14.378961,6.754583
1780467518.698931,,,BOARD_2,1,1,1582.000,1631.000,1742.000,1725.000,160.000,94.000,1582.000,1631.000,1742.000,1725.000,160.000,94.000,1582.000,1631.000,1742.000,1725.000,1662.000,1678.000,160.000,94.000,0,1.000000,38.980000,14.383519,6.759167
1780467519.264932,,,BOARD_2,1,0,1573.000,1677.000,1733.000,1775.000,160.000,98.000,1573.000,1677.000,1733.000,1775.000,160.000,98.000,1573.000,1677.000,1733.000,1775.000,1653.000,1726.000,160.000,98.000,0,1.000000,38.980000,14.342503,6.539167
1780467519.264932,,,BOARD_2,1,1,1572.000,1685.000,1732.000,1783.000,160.000,98.000,1572.000,1685.000,1732.000,1783.000,160.000,98.000,1572.000,1685.000,1732.000,1783.000,1652.000,1734.000,160.000,98.000,0,1.000000,38.980000,14.337946,6.502500
1780467519.859202,,,BOARD_2,1,0,1586.000,1680.000,1746.000,1792.000,160.000,112.000,1586.000,1680.000,1746.000,1792.000,160.000,112.000,1586.000,1680.000,1746.000,1792.000,1666.000,1736.000,160.000,112.000,0,1.000000,38.980000,14.401748,6.493333
1780467519.859202,,,BOARD_2,1,1,1588.000,1685.000,1748.000,1797.000,160.000,112.000,1588.000,1685.000,1748.000,1797.000,160.000,112.000,1588.000,1685.000,1748.000,1797.000,1668.000,1741.000,160.000,112.000,0,1.000000,38.980000,14.410863,6.470417
1780467520.402427,,,BOARD_2,1,0,1607.000,1668.000,1767.000,1795.000,160.000,127.000,1607.000,1668.000,1767.000,1795.000,160.000,127.000,1607.000,1668.000,1767.000,1795.000,1687.000,1731.500,160.000,127.000,0,1.000000,38.980000,14.497451,6.513958
1780467520.402427,,,BOARD_2,1,1,1612.000,1670.000,1772.000,1797.000,160.000,127.000,1612.000,1670.000,1772.000,1797.000,160.000,127.000,1612.000,1670.000,1772.000,1797.000,1692.000,1733.500,160.000,127.000,0,1.000000,38.980000,14.520238,6.504792
1780467520.961286,,,BOARD_2,1,0,1644.000,1708.000,1804.000,1781.000,160.000,73.000,1644.000,1708.000,1804.000,1781.000,160.000,73.000,1644.000,1708.000,1804.000,1781.000,1724.000,1744.500,160.000,73.000,0,1.000000,38.980000,14.666071,6.454375
1780467520.961286,,,BOARD_2,1,1,1653.000,1711.000,1813.000,1784.000,160.000,73.000,1653.000,1711.000,1813.000,1784.000,160.000,73.000,1653.000,1711.000,1813.000,1784.000,1733.000,1747.500,160.000,73.000,0,1.000000,38.980000,14.707086,6.440625
1780467521.599061,,,BOARD_2,1,0,1646.000,1712.000,1806.000,1785.000,160.000,73.000,1646.000,1712.000,1806.000,1785.000,160.000,73.000,1646.000,1712.000,1806.000,1785.000,1726.000,1748.500,160.000,73.000,0,1.000000,38.980000,14.675185,6.436042
1780467521.599061,,,BOARD_2,1,1,1650.000,1714.000,1810.000,1787.000,160.000,73.000,1650.000,1714.000,1810.000,1787.000,160.000,73.000,1650.000,1714.000,1810.000,1787.000,1730.000,1750.500,160.000,73.000,0,1.000000,38.980000,14.693415,6.426875
1780467522.223827,,,BOARD_2,1,0,1639.000,1723.000,1799.000,1792.000,160.000,69.000,1639.000,1723.000,1799.000,1792.000,160.000,69.000,1639.000,1723.000,1799.000,1792.000,1719.000,1757.500,160.000,69.000,0,1.000000,38.980000,14.643284,6.394792
1780467522.223827,,,BOARD_2,1,1,1640.000,1726.000,1800.000,1795.000,160.000,69.000,1640.000,1726.000,1800.000,1795.000,160.000,69.000,1640.000,1726.000,1800.000,1795.000,1720.000,1760.500,160.000,69.000,0,1.000000,38.980000,14.647842,6.381042
1780467522.819894,,,BOARD_2,1,0,1626.000,1728.000,1786.000,1801.000,160.000,73.000,1626.000,1728.000,1786.000,1801.000,160.000,73.000,1626.000,1728.000,1786.000,1801.000,1706.000,1764.500,160.000,73.000,0,1.000000,38.980000,14.584040,6.362708
1780467522.819894,,,BOARD_2,1,1,1624.000,1730.000,1784.000,1803.000,160.000,73.000,1624.000,1730.000,1784.000,1803.000,160.000,73.000,1624.000,1730.000,1784.000,1803.000,1704.000,1766.500,160.000,73.000,0,1.000000,38.980000,14.574925,6.353542
1780467523.394201,,,BOARD_2,1,0,1620.000,1726.000,1780.000,1799.000,160.000,73.000,1620.000,1726.000,1780.000,1799.000,160.000,73.000,1620.000,1726.000,1780.000,1799.000,1700.000,1762.500,160.000,73.000,0,1.000000,38.980000,14.556696,6.371875
1780467523.394201,,,BOARD_2,1,1,1618.000,1727.000,1778.000,1800.000,160.000,73.000,1618.000,1727.000,1778.000,1800.000,160.000,73.000,1618.000,1727.000,1778.000,1800.000,1698.000,1763.500,160.000,73.000,0,1.000000,38.980000,14.547581,6.367292
1780467523.946945,,,BOARD_2,1,0,1618.000,1727.000,1778.000,1796.000,160.000,69.000,1618.000,1727.000,1778.000,1796.000,160.000,69.000,1618.000,1727.000,1778.000,1796.000,1698.000,1761.500,160.000,69.000,0,1.000000,38.980000,14.547581,6.376458
1780467524.158189,,,BOARD_2,1,0,1617.000,1727.000,1777.000,1796.000,160.000,69.000,1617.000,1727.000,1777.000,1796.000,160.000,69.000,1617.000,1727.000,1777.000,1796.000,1697.000,1761.500,160.000,69.000,0,1.000000,38.980000,14.543024,6.376458
1780467524.547251,,,BOARD_2,1,0,1613.000,1721.000,1773.000,1790.000,160.000,69.000,1613.000,1721.000,1773.000,1790.000,160.000,69.000,1613.000,1721.000,1773.000,1790.000,1693.000,1755.500,160.000,69.000,0,1.000000,38.980000,14.524795,6.403958
1780467524.547251,,,BOARD_2,1,1,1612.000,1720.000,1772.000,1789.000,160.000,69.000,1612.000,1720.000,1772.000,1789.000,160.000,69.000,1612.000,1720.000,1772.000,1789.000,1692.000,1754.500,160.000,69.000,0,1.000000,38.980000,14.520238,6.408542
1780467524.790939,,,BOARD_2,1,0,1610.000,1719.000,1770.000,1788.000,160.000,69.000,1610.000,1719.000,1770.000,1788.000,160.000,69.000,1610.000,1719.000,1770.000,1788.000,1690.000,1753.500,160.000,69.000,0,1.000000,38.980000,14.511123,6.413125
1780467525.097886,,,BOARD_2,1,0,1609.000,1716.000,1769.000,1789.000,160.000,73.000,1609.000,1716.000,1769.000,1789.000,160.000,73.000,1609.000,1716.000,1769.000,1789.000,1689.000,1752.500,160.000,73.000,0,1.000000,38.980000,14.506566,6.417708
1780467525.097886,,,BOARD_2,1,1,1608.000,1715.000,1768.000,1788.000,160.000,73.000,1608.000,1715.000,1768.000,1788.000,160.000,73.000,1608.000,1715.000,1768.000,1788.000,1688.000,1751.500,160.000,73.000,0,1.000000,38.980000,14.502008,6.422292
1780467525.317360,,,BOARD_2,1,0,1606.000,1714.000,1766.000,1787.000,160.000,73.000,1606.000,1714.000,1766.000,1787.000,160.000,73.000,1606.000,1714.000,1766.000,1787.000,1686.000,1750.500,160.000,73.000,0,1.000000,38.980000,14.492894,6.426875
1780467525.620736,,,BOARD_2,1,0,1598.000,1715.000,1758.000,1784.000,160.000,69.000,1598.000,1715.000,1758.000,1784.000,160.000,69.000,1598.000,1715.000,1758.000,1784.000,1678.000,1749.500,160.000,69.000,0,1.000000,38.980000,14.456435,6.431458
1780467525.620736,,,BOARD_2,1,1,1595.000,1714.000,1755.000,1783.000,160.000,69.000,1595.000,1714.000,1755.000,1783.000,160.000,69.000,1595.000,1714.000,1755.000,1783.000,1675.000,1748.500,160.000,69.000,0,1.000000,38.980000,14.442764,6.436042
1780467525.881590,,,BOARD_2,1,0,1593.000,1713.000,1753.000,1782.000,160.000,69.000,1593.000,1713.000,1753.000,1782.000,160.000,69.000,1593.000,1713.000,1753.000,1782.000,1673.000,1747.500,160.000,69.000,0,1.000000,38.980000,14.433649,6.440625
1780467526.168988,,,BOARD_2,1,0,1594.000,1706.000,1754.000,1782.000,160.000,76.000,1594.000,1706.000,1754.000,1782.000,160.000,76.000,1594.000,1706.000,1754.000,1782.000,1674.000,1744.000,160.000,76.000,0,1.000000,38.980000,14.438206,6.456667
1780467526.168988,,,BOARD_2,1,1,1592.000,1705.000,1752.000,1781.000,160.000,76.000,1592.000,1705.000,1752.000,1781.000,160.000,76.000,1592.000,1705.000,1752.000,1781.000,1672.000,1743.000,160.000,76.000,0,1.000000,38.980000,14.429092,6.461250
1780467526.453757,,,BOARD_2,1,0,1590.000,1703.000,1750.000,1779.000,160.000,76.000,1590.000,1703.000,1750.000,1779.000,160.000,76.000,1590.000,1703.000,1750.000,1779.000,1670.000,1741.000,160.000,76.000,0,1.000000,38.980000,14.419977,6.470417
1780467526.734215,,,BOARD_2,1,0,1595.000,1702.000,1755.000,1775.000,160.000,73.000,1595.000,1702.000,1755.000,1775.000,160.000,73.000,1595.000,1702.000,1755.000,1775.000,1675.000,1738.500,160.000,73.000,0,1.000000,38.980000,14.442764,6.481875
1780467526.734215,,,BOARD_2,1,1,1594.000,1700.000,1754.000,1773.000,160.000,73.000,1594.000,1700.000,1754.000,1773.000,160.000,73.000,1594.000,1700.000,1754.000,1773.000,1674.000,1736.500,160.000,73.000,0,1.000000,38.980000,14.438206,6.491042
1780467527.173500,,,BOARD_2,1,0,1594.000,1699.000,1754.000,1772.000,160.000,73.000,1594.000,1699.000,1754.000,1772.000,160.000,73.000,1594.000,1699.000,1754.000,1772.000,1674.000,1735.500,160.000,73.000,0,1.000000,38.980000,14.438206,6.495625
1780467527.591045,,,BOARD_2,1,0,1591.000,1695.000,1751.000,1764.000,160.000,69.000,1591.000,1695.000,1751.000,1764.000,160.000,69.000,1591.000,1695.000,1751.000,1764.000,1671.000,1729.500,160.000,69.000,0,1.000000,38.980000,14.424534,6.523125
1780467527.872643,,,BOARD_2,1,0,1590.000,1693.000,1750.000,1762.000,160.000,69.000,1590.000,1693.000,1750.000,1762.000,160.000,69.000,1590.000,1693.000,1750.000,1762.000,1670.000,1727.500,160.000,69.000,0,1.000000,38.980000,14.419977,6.532292
1780467527.872643,,,BOARD_2,1,1,1589.000,1690.000,1749.000,1759.000,160.000,69.000,1589.000,1690.000,1749.000,1759.000,160.000,69.000,1589.000,1690.000,1749.000,1759.000,1669.000,1724.500,160.000,69.000,0,1.000000,38.980000,14.415420,6.546042
1780467528.254811,,,BOARD_2,1,0,1593.000,1701.000,1753.000,1770.000,160.000,69.000,1593.000,1701.000,1753.000,1770.000,160.000,69.000,1593.000,1701.000,1753.000,1770.000,1673.000,1735.500,160.000,69.000,0,1.000000,38.980000,14.433649,6.495625
1780467528.254811,,,BOARD_2,1,1,1593.000,1701.000,1753.000,1770.000,160.000,69.000,1593.000,1701.000,1753.000,1770.000,160.000,69.000,1593.000,1701.000,1753.000,1770.000,1673.000,1735.500,160.000,69.000,0,1.000000,38.980000,14.433649,6.495625
1780467528.708775,,,BOARD_2,1,0,1593.000,1701.000,1753.000,1770.000,160.000,69.000,1593.000,1701.000,1753.000,1770.000,160.000,69.000,1593.000,1701.000,1753.000,1770.000,1673.000,1735.500,160.000,69.000,0,1.000000,38.980000,14.433649,6.495625
1780467529.011345,,,BOARD_2,1,0,1590.000,1698.000,1750.000,1764.000,160.000,66.000,1590.000,1698.000,1750.000,1764.000,160.000,66.000,1590.000,1698.000,1750.000,1764.000,1670.000,1731.000,160.000,66.000,0,1.000000,38.980000,14.419977,6.516250
1780467529.011345,,,BOARD_2,1,1,1589.000,1697.000,1749.000,1763.000,160.000,66.000,1589.000,1697.000,1749.000,1763.000,160.000,66.000,1589.000,1697.000,1749.000,1763.000,1669.000,1730.000,160.000,66.000,0,1.000000,38.980000,14.415420,6.520833
1780467529.243253,,,BOARD_2,1,0,1589.000,1696.000,1749.000,1762.000,160.000,66.000,1589.000,1696.000,1749.000,1762.000,160.000,66.000,1589.000,1696.000,1749.000,1762.000,1669.000,1729.000,160.000,66.000,0,1.000000,38.980000,14.415420,6.525417
1780467529.514653,,,BOARD_2,1,0,1594.000,1698.000,1754.000,1764.000,160.000,66.000,1594.000,1698.000,1754.000,1764.000,160.000,66.000,1594.000,1698.000,1754.000,1764.000,1674.000,1731.000,160.000,66.000,0,1.000000,38.980000,14.438206,6.516250
1780467529.514653,,,BOARD_2,1,1,1594.000,1698.000,1754.000,1764.000,160.000,66.000,1594.000,1698.000,1754.000,1764.000,160.000,66.000,1594.000,1698.000,1754.000,1764.000,1674.000,1731.000,160.000,66.000,0,1.000000,38.980000,14.438206,6.516250
1780467529.733961,,,BOARD_2,1,0,1595.000,1697.000,1755.000,1763.000,160.000,66.000,1595.000,1697.000,1755.000,1763.000,160.000,66.000,1595.000,1697.000,1755.000,1763.000,1675.000,1730.000,160.000,66.000,0,1.000000,38.980000,14.442764,6.520833
1780467529.984742,,,BOARD_2,1,0,1595.000,1699.000,1755.000,1761.000,160.000,62.000,1595.000,1699.000,1755.000,1761.000,160.000,62.000,1595.000,1699.000,1755.000,1761.000,1675.000,1730.000,160.000,62.000,0,1.000000,38.980000,14.442764,6.520833
1780467529.984742,,,BOARD_2,1,1,1595.000,1699.000,1755.000,1761.000,160.000,62.000,1595.000,1699.000,1755.000,1761.000,160.000,62.000,1595.000,1699.000,1755.000,1761.000,1675.000,1730.000,160.000,62.000,0,1.000000,38.980000,14.442764,6.520833
1780467530.235986,,,BOARD_2,1,0,1596.000,1698.000,1756.000,1760.000,160.000,62.000,1596.000,1698.000,1756.000,1760.000,160.000,62.000,1596.000,1698.000,1756.000,1760.000,1676.000,1729.000,160.000,62.000,0,1.000000,38.980000,14.447321,6.525417
1780467531.143332,,,BOARD_2,1,0,1600.000,1698.000,1760.000,1764.000,160.000,66.000,1600.000,1698.000,1760.000,1764.000,160.000,66.000,1600.000,1698.000,1760.000,1764.000,1680.000,1731.000,160.000,66.000,0,1.000000,38.980000,14.465550,6.516250
1780467531.769208,,,BOARD_2,1,0,1576.000,1648.000,1824.000,1828.000,248.000,180.000,1576.000,1648.000,1824.000,1828.000,248.000,180.000,1576.000,1648.000,1824.000,1828.000,1700.000,1738.000,248.000,180.000,0,1.000000,25.150000,14.556696,6.484167
1780467532.355698,,,BOARD_2,1,0,1608.000,1703.000,1768.000,1772.000,160.000,69.000,1608.000,1703.000,1768.000,1772.000,160.000,69.000,1608.000,1703.000,1768.000,1772.000,1688.000,1737.500,160.000,69.000,0,1.000000,38.980000,14.502008,6.486458
1780467532.355698,,,BOARD_2,1,1,1608.000,1703.000,1768.000,1772.000,160.000,69.000,1608.000,1703.000,1768.000,1772.000,160.000,69.000,1608.000,1703.000,1768.000,1772.000,1688.000,1737.500,160.000,69.000,0,1.000000,38.980000,14.502008,6.486458
1780467532.636245,,,BOARD_2,1,0,1584.000,1652.000,1832.000,1832.000,248.000,180.000,1584.000,1652.000,1832.000,1832.000,248.000,180.000,1584.000,1652.000,1832.000,1832.000,1708.000,1742.000,248.000,180.000,0,1.000000,25.150000,14.593154,6.465833
1780467532.900844,,,BOARD_2,1,0,1608.000,1700.000,1768.000,1773.000,160.000,73.000,1608.000,1700.000,1768.000,1773.000,160.000,73.000,1608.000,1700.000,1768.000,1773.000,1688.000,1736.500,160.000,73.000,0,1.000000,38.980000,14.502008,6.491042
1780467532.900844,,,BOARD_2,1,1,1599.000,1698.000,1759.000,1771.000,160.000,73.000,1599.000,1698.000,1759.000,1771.000,160.000,73.000,1599.000,1698.000,1759.000,1771.000,1679.000,1734.500,160.000,73.000,0,1.000000,38.980000,14.460993,6.500208
1780467533.155607,,,BOARD_2,1,0,1591.000,1695.000,1751.000,1768.000,160.000,73.000,1591.000,1695.000,1751.000,1768.000,160.000,73.000,1591.000,1695.000,1751.000,1768.000,1671.000,1731.500,160.000,73.000,0,1.000000,38.980000,14.424534,6.513958
1780467533.387001,,,BOARD_2,1,0,1612.000,1703.000,1772.000,1772.000,160.000,69.000,1612.000,1703.000,1772.000,1772.000,160.000,69.000,1612.000,1703.000,1772.000,1772.000,1692.000,1737.500,160.000,69.000,0,1.000000,38.980000,14.520238,6.486458
1780467533.387001,,,BOARD_2,1,1,1609.000,1702.000,1769.000,1771.000,160.000,69.000,1609.000,1702.000,1769.000,1771.000,160.000,69.000,1609.000,1702.000,1769.000,1771.000,1689.000,1736.500,160.000,69.000,0,1.000000,38.980000,14.506566,6.491042
1780467533.637036,,,BOARD_2,1,0,1606.000,1701.000,1766.000,1770.000,160.000,69.000,1606.000,1701.000,1766.000,1770.000,160.000,69.000,1606.000,1701.000,1766.000,1770.000,1686.000,1735.500,160.000,69.000,0,1.000000,38.980000,14.492894,6.495625
1780467533.867267,,,BOARD_2,1,0,1612.000,1706.000,1772.000,1772.000,160.000,66.000,1612.000,1706.000,1772.000,1772.000,160.000,66.000,1612.000,1706.000,1772.000,1772.000,1692.000,1739.000,160.000,66.000,0,1.000000,38.980000,14.520238,6.479583
1780467533.867267,,,BOARD_2,1,1,1588.000,1656.000,1836.000,1836.000,248.000,180.000,1588.000,1656.000,1836.000,1836.000,248.000,180.000,1588.000,1656.000,1836.000,1836.000,1712.000,1746.000,248.000,180.000,0,1.000000,25.150000,14.611383,6.447500
1780467534.179284,,,BOARD_2,1,0,1598.000,1660.000,1846.000,1840.000,248.000,180.000,1598.000,1660.000,1846.000,1840.000,248.000,180.000,1598.000,1660.000,1846.000,1840.000,1722.000,1750.000,248.000,180.000,0,1.000000,25.150000,14.656956,6.429167
1780467534.418471,,,BOARD_2,1,0,1613.000,1705.000,1773.000,1774.000,160.000,69.000,1613.000,1705.000,1773.000,1774.000,160.000,69.000,1613.000,1705.000,1773.000,1774.000,1693.000,1739.500,160.000,69.000,0,1.000000,38.980000,14.524795,6.477292
1780467534.418471,,,BOARD_2,1,1,1612.000,1705.000,1772.000,1774.000,160.000,69.000,1612.000,1705.000,1772.000,1774.000,160.000,69.000,1612.000,1705.000,1772.000,1774.000,1692.000,1739.500,160.000,69.000,0,1.000000,38.980000,14.520238,6.477292
1780467534.656888,,,BOARD_2,1,0,1612.000,1705.000,1772.000,1774.000,160.000,69.000,1612.000,1705.000,1772.000,1774.000,160.000,69.000,1612.000,1705.000,1772.000,1774.000,1692.000,1739.500,160.000,69.000,0,1.000000,38.980000,14.520238,6.477292
1780467534.930805,,,BOARD_2,1,0,1612.000,1707.000,1772.000,1776.000,160.000,69.000,1612.000,1707.000,1772.000,1776.000,160.000,69.000,1612.000,1707.000,1772.000,1776.000,1692.000,1741.500,160.000,69.000,0,1.000000,38.980000,14.520238,6.468125
1780467534.930805,,,BOARD_2,1,1,1612.000,1707.000,1772.000,1776.000,160.000,69.000,1612.000,1707.000,1772.000,1776.000,160.000,69.000,1612.000,1707.000,1772.000,1776.000,1692.000,1741.500,160.000,69.000,0,1.000000,38.980000,14.520238,6.468125
1780467535.260583,,,BOARD_2,1,0,1611.000,1708.000,1771.000,1777.000,160.000,69.000,1611.000,1708.000,1771.000,1777.000,160.000,69.000,1611.000,1708.000,1771.000,1777.000,1691.000,1742.500,160.000,69.000,0,1.000000,38.980000,14.515680,6.463542
1780467535.514069,,,BOARD_2,1,0,1615.000,1709.000,1775.000,1778.000,160.000,69.000,1615.000,1709.000,1775.000,1778.000,160.000,69.000,1615.000,1709.000,1775.000,1778.000,1695.000,1743.500,160.000,69.000,0,1.000000,38.980000,14.533909,6.458958
1780467535.514069,,,BOARD_2,1,1,1615.000,1710.000,1775.000,1779.000,160.000,69.000,1615.000,1710.000,1775.000,1779.000,160.000,69.000,1615.000,1710.000,1775.000,1779.000,1695.000,1744.500,160.000,69.000,0,1.000000,38.980000,14.533909,6.454375
1780467535.885884,,,BOARD_2,1,0,1577.000,1674.000,1825.000,1854.000,248.000,180.000,1577.000,1674.000,1825.000,1854.000,248.000,180.000,1577.000,1674.000,1825.000,1854.000,1701.000,1764.000,248.000,180.000,0,1.000000,25.150000,14.561253,6.365000
1780467536.166282,,,BOARD_2,1,0,1617.000,1708.000,1777.000,1774.000,160.000,66.000,1617.000,1708.000,1777.000,1774.000,160.000,66.000,1617.000,1708.000,1777.000,1774.000,1697.000,1741.000,160.000,66.000,0,1.000000,38.980000,14.543024,6.470417
1780467536.166282,,,BOARD_2,1,1,1616.000,1698.000,1776.000,1764.000,160.000,66.000,1616.000,1698.000,1776.000,1764.000,160.000,66.000,1616.000,1698.000,1776.000,1764.000,1696.000,1731.000,160.000,66.000,0,1.000000,38.980000,14.538467,6.516250
1780467536.409678,,,BOARD_2,1,0,1592.000,1660.000,1840.000,1840.000,248.000,180.000,1592.000,1660.000,1840.000,1840.000,248.000,180.000,1592.000,1660.000,1840.000,1840.000,1716.000,1750.000,248.000,180.000,0,1.000000,25.150000,14.629613,6.429167
1780467536.670794,,,BOARD_2,1,0,1615.000,1705.000,1775.000,1774.000,160.000,69.000,1615.000,1705.000,1775.000,1774.000,160.000,69.000,1615.000,1705.000,1775.000,1774.000,1695.000,1739.500,160.000,69.000,0,1.000000,38.980000,14.533909,6.477292
1780467536.886746,,,BOARD_2,1,0,1606.000,1698.000,1766.000,1767.000,160.000,69.000,1606.000,1698.000,1766.000,1767.000,160.000,69.000,1606.000,1698.000,1766.000,1767.000,1686.000,1732.500,160.000,69.000,0,1.000000,38.980000,14.492894,6.509375
1780467536.886746,,,BOARD_2,1,1,1596.000,1692.000,1756.000,1761.000,160.000,69.000,1596.000,1692.000,1756.000,1761.000,160.000,69.000,1596.000,1692.000,1756.000,1761.000,1676.000,1726.500,160.000,69.000,0,1.000000,38.980000,14.447321,6.536875
1780467537.388212,,,BOARD_2,1,0,1597.000,1659.000,1845.000,1839.000,248.000,180.000,1597.000,1659.000,1845.000,1839.000,248.000,180.000,1597.000,1659.000,1845.000,1839.000,1721.000,1749.000,248.000,180.000,0,1.000000,25.150000,14.652399,6.433750
1780467537.388212,,,BOARD_2,1,1,1598.000,1658.000,1846.000,1838.000,248.000,180.000,1598.000,1658.000,1846.000,1838.000,248.000,180.000,1598.000,1658.000,1846.000,1838.000,1722.000,1748.000,248.000,180.000,0,1.000000,25.150000,14.656956,6.438333
1780467537.873936,,,BOARD_2,1,0,1611.000,1706.000,1771.000,1772.000,160.000,66.000,1611.000,1706.000,1771.000,1772.000,160.000,66.000,1611.000,1706.000,1771.000,1772.000,1691.000,1739.000,160.000,66.000,0,1.000000,38.980000,14.515680,6.479583
1780467538.167277,,,BOARD_2,1,0,1606.000,1704.000,1766.000,1770.000,160.000,66.000,1606.000,1704.000,1766.000,1770.000,160.000,66.000,1606.000,1704.000,1766.000,1770.000,1686.000,1737.000,160.000,66.000,0,1.000000,38.980000,14.492894,6.488750
1780467538.167277,,,BOARD_2,1,1,1594.000,1657.000,1842.000,1837.000,248.000,180.000,1594.000,1657.000,1842.000,1837.000,248.000,180.000,1594.000,1657.000,1842.000,1837.000,1718.000,1747.000,248.000,180.000,0,1.000000,25.150000,14.638727,6.442917
1780467538.523576,,,BOARD_2,1,0,1608.000,1706.000,1768.000,1772.000,160.000,66.000,1608.000,1706.000,1768.000,1772.000,160.000,66.000,1608.000,1706.000,1768.000,1772.000,1688.000,1739.000,160.000,66.000,0,1.000000,38.980000,14.502008,6.479583
1780467538.523576,,,BOARD_2,1,1,1594.000,1702.000,1754.000,1768.000,160.000,66.000,1594.000,1702.000,1754.000,1768.000,160.000,66.000,1594.000,1702.000,1754.000,1768.000,1674.000,1735.000,160.000,66.000,0,1.000000,38.980000,14.438206,6.497917
1780467538.871330,,,BOARD_2,1,0,1580.000,1698.000,1740.000,1764.000,160.000,66.000,1580.000,1698.000,1740.000,1764.000,160.000,66.000,1580.000,1698.000,1740.000,1764.000,1660.000,1731.000,160.000,66.000,0,1.000000,38.980000,14.374404,6.516250
1780467539.092788,,,BOARD_2,1,0,1607.000,1699.000,1767.000,1768.000,160.000,69.000,1607.000,1699.000,1767.000,1768.000,160.000,69.000,1607.000,1699.000,1767.000,1768.000,1687.000,1733.500,160.000,69.000,0,1.000000,38.980000,14.497451,6.504792
1780467539.092788,,,BOARD_2,1,1,1600.000,1696.000,1760.000,1765.000,160.000,69.000,1600.000,1696.000,1760.000,1765.000,160.000,69.000,1600.000,1696.000,1760.000,1765.000,1680.000,1730.500,160.000,69.000,0,1.000000,38.980000,14.465550,6.518542
1780467539.379598,,,BOARD_2,1,0,1594.000,1693.000,1754.000,1762.000,160.000,69.000,1594.000,1693.000,1754.000,1762.000,160.000,69.000,1594.000,1693.000,1754.000,1762.000,1674.000,1727.500,160.000,69.000,0,1.000000,38.980000,14.438206,6.532292
1780467539.682015,,,BOARD_2,1,0,1607.000,1694.000,1767.000,1767.000,160.000,73.000,1607.000,1694.000,1767.000,1767.000,160.000,73.000,1607.000,1694.000,1767.000,1767.000,1687.000,1730.500,160.000,73.000,0,1.000000,38.980000,14.497451,6.518542
1780467539.682015,,,BOARD_2,1,1,1604.000,1692.000,1764.000,1765.000,160.000,73.000,1604.000,1692.000,1764.000,1765.000,160.000,73.000,1604.000,1692.000,1764.000,1765.000,1684.000,1728.500,160.000,73.000,0,1.000000,38.980000,14.483779,6.527708
1780467540.232405,,,BOARD_2,1,0,1571.000,1668.000,1819.000,1848.000,248.000,180.000,1571.000,1668.000,1819.000,1848.000,248.000,180.000,1571.000,1668.000,1819.000,1848.000,1695.000,1758.000,248.000,180.000,0,1.000000,25.150000,14.533909,6.392500
1780467540.232405,,,BOARD_2,1,1,1571.000,1672.000,1819.000,1852.000,248.000,180.000,1571.000,1672.000,1819.000,1852.000,248.000,180.000,1571.000,1672.000,1819.000,1852.000,1695.000,1762.000,248.000,180.000,0,1.000000,25.150000,14.533909,6.374167
1780467540.887940,,,BOARD_2,1,0,1610.000,1694.000,1770.000,1767.000,160.000,73.000,1610.000,1694.000,1770.000,1767.000,160.000,73.000,1610.000,1694.000,1770.000,1767.000,1690.000,1730.500,160.000,73.000,0,1.000000,38.980000,14.511123,6.518542
1780467541.314844,,,BOARD_2,1,0,1588.000,1650.000,1836.000,1830.000,248.000,180.000,1588.000,1650.000,1836.000,1830.000,248.000,180.000,1588.000,1650.000,1836.000,1830.000,1712.000,1740.000,248.000,180.000,0,1.000000,25.150000,14.611383,6.475000
1780467541.616181,,,BOARD_2,1,0,1609.000,1695.000,1769.000,1764.000,160.000,69.000,1609.000,1695.000,1769.000,1764.000,160.000,69.000,1609.000,1695.000,1769.000,1764.000,1689.000,1729.500,160.000,69.000,0,1.000000,38.980000,14.506566,6.523125
1780467541.616181,,,BOARD_2,1,1,1599.000,1690.000,1759.000,1759.000,160.000,69.000,1599.000,1690.000,1759.000,1759.000,160.000,69.000,1599.000,1690.000,1759.000,1759.000,1679.000,1724.500,160.000,69.000,0,1.000000,38.980000,14.460993,6.546042
1780467542.203921,,,BOARD_2,1,0,1609.000,1689.000,1769.000,1758.000,160.000,69.000,1609.000,1689.000,1769.000,1758.000,160.000,69.000,1609.000,1689.000,1769.000,1758.000,1689.000,1723.500,160.000,69.000,0,1.000000,38.980000,14.506566,6.550625
1780467542.485222,,,BOARD_2,1,0,1604.000,1686.000,1764.000,1755.000,160.000,69.000,1604.000,1686.000,1764.000,1755.000,160.000,69.000,1604.000,1686.000,1764.000,1755.000,1684.000,1720.500,160.000,69.000,0,1.000000,38.980000,14.483779,6.564375
1780467542.853184,,,BOARD_2,1,0,1612.000,1686.000,1772.000,1759.000,160.000,73.000,1612.000,1686.000,1772.000,1759.000,160.000,73.000,1612.000,1686.000,1772.000,1759.000,1692.000,1722.500,160.000,73.000,0,1.000000,38.980000,14.520238,6.555208
1780467542.853184,,,BOARD_2,1,1,1611.000,1684.000,1771.000,1757.000,160.000,73.000,1611.000,1684.000,1771.000,1757.000,160.000,73.000,1611.000,1684.000,1771.000,1757.000,1691.000,1720.500,160.000,73.000,0,1.000000,38.980000,14.515680,6.564375
1780467543.354151,,,BOARD_2,1,0,1589.000,1642.000,1837.000,1822.000,248.000,180.000,1589.000,1642.000,1837.000,1822.000,248.000,180.000,1589.000,1642.000,1837.000,1822.000,1713.000,1732.000,248.000,180.000,0,1.000000,25.150000,14.615941,6.511667
1780467544.263992,,,BOARD_2,1,0,1613.000,1687.000,1773.000,1756.000,160.000,69.000,1613.000,1687.000,1773.000,1756.000,160.000,69.000,1613.000,1687.000,1773.000,1756.000,1693.000,1721.500,160.000,69.000,0,1.000000,38.980000,14.524795,6.559792
1780467546.371843,,,BOARD_2,1,0,1610.000,1688.000,1770.000,1754.000,160.000,66.000,1610.000,1688.000,1770.000,1754.000,160.000,66.000,1610.000,1688.000,1770.000,1754.000,1690.000,1721.000,160.000,66.000,0,1.000000,38.980000,14.511123,6.562083
1780467546.967272,,,BOARD_2,1,0,1612.000,1686.000,1772.000,1752.000,160.000,66.000,1612.000,1686.000,1772.000,1752.000,160.000,66.000,1612.000,1686.000,1772.000,1752.000,1692.000,1719.000,160.000,66.000,0,1.000000,38.980000,14.520238,6.571250
1780467547.584440,,,BOARD_2,1,0,1617.000,1687.000,1777.000,1756.000,160.000,69.000,1617.000,1687.000,1777.000,1756.000,160.000,69.000,1617.000,1687.000,1777.000,1756.000,1697.000,1721.500,160.000,69.000,0,1.000000,38.980000,14.543024,6.559792
1780467547.584440,,,BOARD_2,1,1,1618.000,1687.000,1778.000,1756.000,160.000,69.000,1618.000,1687.000,1778.000,1756.000,160.000,69.000,1618.000,1687.000,1778.000,1756.000,1698.000,1721.500,160.000,69.000,0,1.000000,38.980000,14.547581,6.559792
1780467548.090093,,,BOARD_2,1,0,1617.000,1687.000,1777.000,1756.000,160.000,69.000,1617.000,1687.000,1777.000,1756.000,160.000,69.000,1617.000,1687.000,1777.000,1756.000,1697.000,1721.500,160.000,69.000,0,1.000000,38.980000,14.543024,6.559792
1780467548.090093,,,BOARD_2,1,1,1597.000,1640.000,1845.000,1820.000,248.000,180.000,1597.000,1640.000,1845.000,1820.000,248.000,180.000,1597.000,1640.000,1845.000,1820.000,1721.000,1730.000,248.000,180.000,0,1.000000,25.150000,14.652399,6.520833
1780467548.378317,,,BOARD_2,1,0,1610.000,1645.000,1858.000,1825.000,248.000,180.000,1610.000,1645.000,1858.000,1825.000,248.000,180.000,1610.000,1645.000,1858.000,1825.000,1734.000,1735.000,248.000,180.000,0,1.000000,25.150000,14.711644,6.497917
1780467548.641018,,,BOARD_2,3,0,470.000,305.000,718.000,485.000,248.000,180.000,470.000,305.000,718.000,485.000,248.000,180.000,470.000,305.000,718.000,485.000,594.000,395.000,248.000,180.000,0,1.000000,25.150000,336.728031,12.639583
1780467548.641018,,,BOARD_2,3,1,614.000,385.000,862.000,565.000,248.000,180.000,614.000,385.000,862.000,565.000,248.000,180.000,614.000,385.000,862.000,565.000,738.000,475.000,248.000,180.000,0,1.000000,25.150000,337.384281,12.272917
1780467548.641018,,,BOARD_2,1,2,1616.000,1694.000,1776.000,1760.000,160.000,66.000,1616.000,1694.000,1776.000,1760.000,160.000,66.000,1616.000,1694.000,1776.000,1760.000,1696.000,1727.000,160.000,66.000,0,1.000000,38.980000,14.538467,6.534583
1780467548.866848,,,BOARD_2,1,0,1615.000,1695.000,1775.000,1761.000,160.000,66.000,1615.000,1695.000,1775.000,1761.000,160.000,66.000,1615.000,1695.000,1775.000,1761.000,1695.000,1728.000,160.000,66.000,0,1.000000,38.980000,14.533909,6.530000
1780467548.866848,,,BOARD_2,3,1,476.000,307.000,724.000,487.000,248.000,180.000,476.000,307.000,724.000,487.000,248.000,180.000,476.000,307.000,724.000,487.000,600.000,397.000,248.000,180.000,0,1.000000,25.150000,336.755375,12.630417
1780467548.866848,,,BOARD_2,3,2,679.000,434.000,766.000,489.000,87.000,55.000,679.000,434.000,766.000,489.000,87.000,55.000,679.000,434.000,766.000,489.000,722.500,461.500,87.000,55.000,0,1.000000,71.690000,337.313643,12.334792
1780467548.866848,,,BOARD_2,1,3,1614.000,1697.000,1774.000,1763.000,160.000,66.000,1614.000,1697.000,1774.000,1763.000,160.000,66.000,1614.000,1697.000,1774.000,1763.000,1694.000,1730.000,160.000,66.000,0,1.000000,38.980000,14.529352,6.520833
1780467549.082861,,,BOARD_2,3,0,672.000,428.000,759.000,483.000,87.000,55.000,672.000,428.000,759.000,483.000,87.000,55.000,672.000,428.000,759.000,483.000,715.500,455.500,87.000,55.000,0,1.000000,71.690000,337.281742,12.362292
1780467549.082861,,,BOARD_2,3,1,666.000,422.000,753.000,477.000,87.000,55.000,666.000,422.000,753.000,477.000,87.000,55.000,666.000,422.000,753.000,477.000,709.500,449.500,87.000,55.000,0,1.000000,71.690000,337.254398,12.389792
1780467549.082861,,,BOARD_2,1,2,1613.000,1693.000,1773.000,1762.000,160.000,69.000,1613.000,1693.000,1773.000,1762.000,160.000,69.000,1613.000,1693.000,1773.000,1762.000,1693.000,1727.500,160.000,69.000,0,1.000000,38.980000,14.524795,6.532292
1780467549.363021,,,BOARD_2,1,0,1612.000,1694.000,1772.000,1763.000,160.000,69.000,1612.000,1694.000,1772.000,1763.000,160.000,69.000,1612.000,1694.000,1772.000,1763.000,1692.000,1728.500,160.000,69.000,0,1.000000,38.980000,14.520238,6.527708
1780467549.363021,,,BOARD_2,1,1,1611.000,1694.000,1771.000,1763.000,160.000,69.000,1611.000,1694.000,1771.000,1763.000,160.000,69.000,1611.000,1694.000,1771.000,1763.000,1691.000,1728.500,160.000,69.000,0,1.000000,38.980000,14.515680,6.527708
1780467549.363021,,,BOARD_2,2,2,485.000,46.000,733.000,226.000,248.000,180.000,485.000,46.000,733.000,226.000,248.000,180.000,485.000,46.000,733.000,226.000,609.000,136.000,248.000,180.000,0,1.000000,25.150000,354.101291,13.826667
1780467549.642520,,,BOARD_2,2,0,489.000,80.000,737.000,260.000,248.000,180.000,489.000,80.000,737.000,260.000,248.000,180.000,489.000,80.000,737.000,260.000,613.000,170.000,248.000,180.000,0,1.000000,25.150000,354.119520,13.670833
1780467549.879764,,,BOARD_2,2,0,543.000,46.000,659.000,104.000,116.000,58.000,543.000,46.000,659.000,104.000,116.000,58.000,543.000,46.000,659.000,104.000,601.000,75.000,116.000,58.000,0,1.000000,53.770000,354.064832,14.106250
1780467549.879764,,,BOARD_2,2,1,543.000,44.000,659.000,102.000,116.000,58.000,543.000,44.000,659.000,102.000,116.000,58.000,543.000,44.000,659.000,102.000,601.000,73.000,116.000,58.000,0,1.000000,53.770000,354.064832,14.115417
1780467549.879764,,,BOARD_2,1,2,1618.000,1695.000,1778.000,1764.000,160.000,69.000,1618.000,1695.000,1778.000,1764.000,160.000,69.000,1618.000,1695.000,1778.000,1764.000,1698.000,1729.500,160.000,69.000,0,1.000000,38.980000,14.547581,6.523125
1780467550.341363,,,BOARD_2,1,0,1618.000,1696.000,1778.000,1765.000,160.000,69.000,1618.000,1696.000,1778.000,1765.000,160.000,69.000,1618.000,1696.000,1778.000,1765.000,1698.000,1730.500,160.000,69.000,0,1.000000,38.980000,14.547581,6.518542
1780467550.341363,,,BOARD_2,1,1,1619.000,1696.000,1779.000,1765.000,160.000,69.000,1619.000,1696.000,1779.000,1765.000,160.000,69.000,1619.000,1696.000,1779.000,1765.000,1699.000,1730.500,160.000,69.000,0,1.000000,38.980000,14.552139,6.518542
1780467550.813888,,,BOARD_2,1,0,1619.000,1697.000,1779.000,1766.000,160.000,69.000,1619.000,1697.000,1779.000,1766.000,160.000,69.000,1619.000,1697.000,1779.000,1766.000,1699.000,1731.500,160.000,69.000,0,1.000000,38.980000,14.552139,6.513958
1780467550.813888,,,BOARD_2,1,1,1619.000,1698.000,1779.000,1767.000,160.000,69.000,1619.000,1698.000,1779.000,1767.000,160.000,69.000,1619.000,1698.000,1779.000,1767.000,1699.000,1732.500,160.000,69.000,0,1.000000,38.980000,14.552139,6.509375
1780467551.178387,,,BOARD_2,1,0,1620.000,1698.000,1780.000,1767.000,160.000,69.000,1620.000,1698.000,1780.000,1767.000,160.000,69.000,1620.000,1698.000,1780.000,1767.000,1700.000,1732.500,160.000,69.000,0,1.000000,38.980000,14.556696,6.509375
1780467551.504779,,,BOARD_2,1,0,1620.000,1700.000,1780.000,1773.000,160.000,73.000,1620.000,1700.000,1780.000,1773.000,160.000,73.000,1620.000,1700.000,1780.000,1773.000,1700.000,1736.500,160.000,73.000,0,1.000000,38.980000,14.556696,6.491042
1780467551.504779,,,BOARD_2,1,1,1620.000,1701.000,1780.000,1774.000,160.000,73.000,1620.000,1701.000,1780.000,1774.000,160.000,73.000,1620.000,1701.000,1780.000,1774.000,1700.000,1737.500,160.000,73.000,0,1.000000,38.980000,14.556696,6.486458
1780467551.766296,,,BOARD_2,1,0,1621.000,1702.000,1781.000,1775.000,160.000,73.000,1621.000,1702.000,1781.000,1775.000,160.000,73.000,1621.000,1702.000,1781.000,1775.000,1701.000,1738.500,160.000,73.000,0,1.000000,38.980000,14.561253,6.481875
1780467552.035239,,,BOARD_2,1,0,1621.000,1701.000,1781.000,1770.000,160.000,69.000,1621.000,1701.000,1781.000,1770.000,160.000,69.000,1621.000,1701.000,1781.000,1770.000,1701.000,1735.500,160.000,69.000,0,1.000000,38.980000,14.561253,6.495625
1780467552.035239,,,BOARD_2,1,1,1621.000,1701.000,1781.000,1770.000,160.000,69.000,1621.000,1701.000,1781.000,1770.000,160.000,69.000,1621.000,1701.000,1781.000,1770.000,1701.000,1735.500,160.000,69.000,0,1.000000,38.980000,14.561253,6.495625
1780467552.283718,,,BOARD_2,1,0,1622.000,1702.000,1782.000,1771.000,160.000,69.000,1622.000,1702.000,1782.000,1771.000,160.000,69.000,1622.000,1702.000,1782.000,1771.000,1702.000,1736.500,160.000,69.000,0,1.000000,38.980000,14.565810,6.491042
1780467552.495531,,,BOARD_2,1,0,1619.000,1694.000,1779.000,1767.000,160.000,73.000,1619.000,1694.000,1779.000,1767.000,160.000,73.000,1619.000,1694.000,1779.000,1767.000,1699.000,1730.500,160.000,73.000,0,1.000000,38.980000,14.552139,6.518542
1780467552.495531,,,BOARD_2,0,1,1183.000,1423.000,1431.000,1603.000,248.000,180.000,1183.000,1423.000,1431.000,1603.000,248.000,180.000,1183.000,1423.000,1431.000,1603.000,1307.000,1513.000,248.000,180.000,0,1.000000,25.150000,31.514980,7.515417
1780467552.495531,,,BOARD_2,1,2,1619.000,1693.000,1779.000,1766.000,160.000,73.000,1619.000,1693.000,1779.000,1766.000,160.000,73.000,1619.000,1693.000,1779.000,1766.000,1699.000,1729.500,160.000,73.000,0,1.000000,38.980000,14.552139,6.523125
1780467552.495531,,,BOARD_2,0,3,1183.000,1425.000,1431.000,1605.000,248.000,180.000,1183.000,1425.000,1431.000,1605.000,248.000,180.000,1183.000,1425.000,1431.000,1605.000,1307.000,1515.000,248.000,180.000,0,1.000000,25.150000,31.514980,7.506250
1780467552.780181,,,BOARD_2,1,0,1619.000,1692.000,1779.000,1765.000,160.000,73.000,1619.000,1692.000,1779.000,1765.000,160.000,73.000,1619.000,1692.000,1779.000,1765.000,1699.000,1728.500,160.000,73.000,0,1.000000,38.980000,14.552139,6.527708
1780467553.169334,,,BOARD_2,1,0,1620.000,1688.000,1780.000,1764.000,160.000,76.000,1620.000,1688.000,1780.000,1764.000,160.000,76.000,1620.000,1688.000,1780.000,1764.000,1700.000,1726.000,160.000,76.000,0,1.000000,38.980000,14.556696,6.539167
1780467553.402263,,,BOARD_2,1,0,1620.000,1687.000,1780.000,1763.000,160.000,76.000,1620.000,1687.000,1780.000,1763.000,160.000,76.000,1620.000,1687.000,1780.000,1763.000,1700.000,1725.000,160.000,76.000,0,1.000000,38.980000,14.556696,6.543750
1780467553.402263,,,BOARD_2,1,1,1620.000,1686.000,1780.000,1762.000,160.000,76.000,1620.000,1686.000,1780.000,1762.000,160.000,76.000,1620.000,1686.000,1780.000,1762.000,1700.000,1724.000,160.000,76.000,0,1.000000,38.980000,14.556696,6.548333
1780467553.781636,,,BOARD_2,1,0,1620.000,1687.000,1780.000,1756.000,160.000,69.000,1620.000,1687.000,1780.000,1756.000,160.000,69.000,1620.000,1687.000,1780.000,1756.000,1700.000,1721.500,160.000,69.000,0,1.000000,38.980000,14.556696,6.559792
1780467553.781636,,,BOARD_2,1,1,1620.000,1686.000,1780.000,1755.000,160.000,69.000,1620.000,1686.000,1780.000,1755.000,160.000,69.000,1620.000,1686.000,1780.000,1755.000,1700.000,1720.500,160.000,69.000,0,1.000000,38.980000,14.556696,6.564375
1780467553.987417,,,BOARD_2,0,0,2813.000,1556.000,2877.000,1676.000,64.000,120.000,2813.000,1556.000,2877.000,1676.000,64.000,120.000,2813.000,1556.000,2877.000,1676.000,2845.000,1616.000,64.000,120.000,0,1.000000,97.460000,38.524095,7.043333
1780467553.987417,,,BOARD_2,1,1,1620.000,1684.000,1780.000,1753.000,160.000,69.000,1620.000,1684.000,1780.000,1753.000,160.000,69.000,1620.000,1684.000,1780.000,1753.000,1700.000,1718.500,160.000,69.000,0,1.000000,38.980000,14.556696,6.573542
1780467554.379596,,,BOARD_2,1,0,1616.000,1683.000,1776.000,1752.000,160.000,69.000,1616.000,1683.000,1776.000,1752.000,160.000,69.000,1616.000,1683.000,1776.000,1752.000,1696.000,1717.500,160.000,69.000,0,1.000000,38.980000,14.538467,6.578125
1780467554.379596,,,BOARD_2,1,1,1615.000,1682.000,1775.000,1751.000,160.000,69.000,1615.000,1682.000,1775.000,1751.000,160.000,69.000,1615.000,1682.000,1775.000,1751.000,1695.000,1716.500,160.000,69.000,0,1.000000,38.980000,14.533909,6.582708
1780467554.831199,,,BOARD_2,1,0,1615.000,1680.000,1775.000,1749.000,160.000,69.000,1615.000,1680.000,1775.000,1749.000,160.000,69.000,1615.000,1680.000,1775.000,1749.000,1695.000,1714.500,160.000,69.000,0,1.000000,38.980000,14.533909,6.591875
1780467555.097807,,,BOARD_2,1,0,1616.000,1679.000,1776.000,1748.000,160.000,69.000,1616.000,1679.000,1776.000,1748.000,160.000,69.000,1616.000,1679.000,1776.000,1748.000,1696.000,1713.500,160.000,69.000,0,1.000000,38.980000,14.538467,6.596458
1780467555.385934,,,BOARD_2,1,0,1616.000,1678.000,1776.000,1747.000,160.000,69.000,1616.000,1678.000,1776.000,1747.000,160.000,69.000,1616.000,1678.000,1776.000,1747.000,1696.000,1712.500,160.000,69.000,0,1.000000,38.980000,14.538467,6.601042
1780467555.385934,,,BOARD_2,1,1,1615.000,1676.000,1775.000,1745.000,160.000,69.000,1615.000,1676.000,1775.000,1745.000,160.000,69.000,1615.000,1676.000,1775.000,1745.000,1695.000,1710.500,160.000,69.000,0,1.000000,38.980000,14.533909,6.610208
1780467555.760782,,,BOARD_2,1,0,1617.000,1676.000,1777.000,1742.000,160.000,66.000,1617.000,1676.000,1777.000,1742.000,160.000,66.000,1617.000,1676.000,1777.000,1742.000,1697.000,1709.000,160.000,66.000,0,1.000000,38.980000,14.543024,6.617083
1780467555.760782,,,BOARD_2,1,1,1617.000,1675.000,1777.000,1741.000,160.000,66.000,1617.000,1675.000,1777.000,1741.000,160.000,66.000,1617.000,1675.000,1777.000,1741.000,1697.000,1708.000,160.000,66.000,0,1.000000,38.980000,14.543024,6.621667
1780467555.981189,,,BOARD_2,1,0,1617.000,1673.000,1777.000,1739.000,160.000,66.000,1617.000,1673.000,1777.000,1739.000,160.000,66.000,1617.000,1673.000,1777.000,1739.000,1697.000,1706.000,160.000,66.000,0,1.000000,38.980000,14.543024,6.630833
1780467556.222353,,,BOARD_2,1,0,1616.000,1673.000,1776.000,1742.000,160.000,69.000,1616.000,1673.000,1776.000,1742.000,160.000,69.000,1616.000,1673.000,1776.000,1742.000,1696.000,1707.500,160.000,69.000,0,1.000000,38.980000,14.538467,6.623958
1780467556.542407,,,BOARD_2,1,0,1616.000,1672.000,1776.000,1741.000,160.000,69.000,1616.000,1672.000,1776.000,1741.000,160.000,69.000,1616.000,1672.000,1776.000,1741.000,1696.000,1706.500,160.000,69.000,0,1.000000,38.980000,14.538467,6.628542
1780467556.542407,,,BOARD_2,1,1,1616.000,1671.000,1776.000,1740.000,160.000,69.000,1616.000,1671.000,1776.000,1740.000,160.000,69.000,1616.000,1671.000,1776.000,1740.000,1696.000,1705.500,160.000,69.000,0,1.000000,38.980000,14.538467,6.633125
1780467556.995432,,,BOARD_2,1,0,1612.000,1673.000,1772.000,1742.000,160.000,69.000,1612.000,1673.000,1772.000,1742.000,160.000,69.000,1612.000,1673.000,1772.000,1742.000,1692.000,1707.500,160.000,69.000,0,1.000000,38.980000,14.520238,6.623958
1780467556.995432,,,BOARD_2,1,1,1611.000,1673.000,1771.000,1742.000,160.000,69.000,1611.000,1673.000,1771.000,1742.000,160.000,69.000,1611.000,1673.000,1771.000,1742.000,1691.000,1707.500,160.000,69.000,0,1.000000,38.980000,14.515680,6.623958
1780467557.210370,,,BOARD_2,1,0,1596.000,1626.000,1844.000,1806.000,248.000,180.000,1596.000,1626.000,1844.000,1806.000,248.000,180.000,1596.000,1626.000,1844.000,1806.000,1720.000,1716.000,248.000,180.000,0,1.000000,25.150000,14.647842,6.585000
1780467557.593485,,,BOARD_2,1,0,1614.000,1674.000,1774.000,1740.000,160.000,66.000,1614.000,1674.000,1774.000,1740.000,160.000,66.000,1614.000,1674.000,1774.000,1740.000,1694.000,1707.000,160.000,66.000,0,1.000000,38.980000,14.529352,6.626250
1780467557.593485,,,BOARD_2,1,1,1603.000,1670.000,1763.000,1736.000,160.000,66.000,1603.000,1670.000,1763.000,1736.000,160.000,66.000,1603.000,1670.000,1763.000,1736.000,1683.000,1703.000,160.000,66.000,0,1.000000,38.980000,14.479222,6.644583
1780467557.870136,,,BOARD_2,1,0,1592.000,1666.000,1752.000,1732.000,160.000,66.000,1592.000,1666.000,1752.000,1732.000,160.000,66.000,1592.000,1666.000,1752.000,1732.000,1672.000,1699.000,160.000,66.000,0,1.000000,38.980000,14.429092,6.662917
1780467558.131097,,,BOARD_2,1,0,1615.000,1673.000,1775.000,1742.000,160.000,69.000,1615.000,1673.000,1775.000,1742.000,160.000,69.000,1615.000,1673.000,1775.000,1742.000,1695.000,1707.500,160.000,69.000,0,1.000000,38.980000,14.533909,6.623958
1780467558.131097,,,BOARD_2,1,1,1610.000,1671.000,1770.000,1740.000,160.000,69.000,1610.000,1671.000,1770.000,1740.000,160.000,69.000,1610.000,1671.000,1770.000,1740.000,1690.000,1705.500,160.000,69.000,0,1.000000,38.980000,14.511123,6.633125
1780467558.353165,,,BOARD_2,1,0,1605.000,1670.000,1765.000,1739.000,160.000,69.000,1605.000,1670.000,1765.000,1739.000,160.000,69.000,1605.000,1670.000,1765.000,1739.000,1685.000,1704.500,160.000,69.000,0,1.000000,38.980000,14.488336,6.637708
1780467558.770422,,,BOARD_2,1,0,1614.000,1671.000,1774.000,1740.000,160.000,69.000,1614.000,1671.000,1774.000,1740.000,160.000,69.000,1614.000,1671.000,1774.000,1740.000,1694.000,1705.500,160.000,69.000,0,1.000000,38.980000,14.529352,6.633125
1780467558.770422,,,BOARD_2,1,1,1612.000,1670.000,1772.000,1739.000,160.000,69.000,1612.000,1670.000,1772.000,1739.000,160.000,69.000,1612.000,1670.000,1772.000,1739.000,1692.000,1704.500,160.000,69.000,0,1.000000,38.980000,14.520238,6.637708
1780467559.043149,,,BOARD_2,1,0,1609.000,1669.000,1769.000,1738.000,160.000,69.000,1609.000,1669.000,1769.000,1738.000,160.000,69.000,1609.000,1669.000,1769.000,1738.000,1689.000,1703.500,160.000,69.000,0,1.000000,38.980000,14.506566,6.642292
1780467559.332060,,,BOARD_2,1,0,1614.000,1671.000,1774.000,1740.000,160.000,69.000,1614.000,1671.000,1774.000,1740.000,160.000,69.000,1614.000,1671.000,1774.000,1740.000,1694.000,1705.500,160.000,69.000,0,1.000000,38.980000,14.529352,6.633125
1780467559.332060,,,BOARD_2,1,1,1613.000,1670.000,1773.000,1739.000,160.000,69.000,1613.000,1670.000,1773.000,1739.000,160.000,69.000,1613.000,1670.000,1773.000,1739.000,1693.000,1704.500,160.000,69.000,0,1.000000,38.980000,14.524795,6.637708
1780467559.597248,,,BOARD_2,1,0,1612.000,1670.000,1772.000,1739.000,160.000,69.000,1612.000,1670.000,1772.000,1739.000,160.000,69.000,1612.000,1670.000,1772.000,1739.000,1692.000,1704.500,160.000,69.000,0,1.000000,38.980000,14.520238,6.637708
1780467559.815419,,,BOARD_2,1,0,1615.000,1677.000,1775.000,1739.000,160.000,62.000,1615.000,1677.000,1775.000,1739.000,160.000,62.000,1615.000,1677.000,1775.000,1739.000,1695.000,1708.000,160.000,62.000,0,1.000000,38.980000,14.533909,6.621667
1780467559.815419,,,BOARD_2,1,1,1615.000,1677.000,1775.000,1739.000,160.000,62.000,1615.000,1677.000,1775.000,1739.000,160.000,62.000,1615.000,1677.000,1775.000,1739.000,1695.000,1708.000,160.000,62.000,0,1.000000,38.980000,14.533909,6.621667
1780467560.060435,,,BOARD_2,1,0,1614.000,1677.000,1774.000,1739.000,160.000,62.000,1614.000,1677.000,1774.000,1739.000,160.000,62.000,1614.000,1677.000,1774.000,1739.000,1694.000,1708.000,160.000,62.000,0,1.000000,38.980000,14.529352,6.621667
1780467560.657579,,,BOARD_2,1,0,1616.000,1676.000,1776.000,1742.000,160.000,66.000,1616.000,1676.000,1776.000,1742.000,160.000,66.000,1616.000,1676.000,1776.000,1742.000,1696.000,1709.000,160.000,66.000,0,1.000000,38.980000,14.538467,6.617083
1780467560.657579,,,BOARD_2,1,1,1616.000,1676.000,1776.000,1742.000,160.000,66.000,1616.000,1676.000,1776.000,1742.000,160.000,66.000,1616.000,1676.000,1776.000,1742.000,1696.000,1709.000,160.000,66.000,0,1.000000,38.980000,14.538467,6.617083
1780467560.920519,,,BOARD_2,1,0,1616.000,1677.000,1776.000,1743.000,160.000,66.000,1616.000,1677.000,1776.000,1743.000,160.000,66.000,1616.000,1677.000,1776.000,1743.000,1696.000,1710.000,160.000,66.000,0,1.000000,38.980000,14.538467,6.612500
1780467561.277934,,,BOARD_2,1,0,1578.000,1640.000,1826.000,1820.000,248.000,180.000,1578.000,1640.000,1826.000,1820.000,248.000,180.000,1578.000,1640.000,1826.000,1820.000,1702.000,1730.000,248.000,180.000,0,1.000000,25.150000,14.565810,6.520833
1780467561.277934,,,BOARD_2,1,1,1579.000,1644.000,1827.000,1824.000,248.000,180.000,1579.000,1644.000,1827.000,1824.000,248.000,180.000,1579.000,1644.000,1827.000,1824.000,1703.000,1734.000,248.000,180.000,0,1.000000,25.150000,14.570368,6.502500
1780467561.925244,,,BOARD_2,1,0,1596.000,1627.000,1844.000,1807.000,248.000,180.000,1596.000,1627.000,1844.000,1807.000,248.000,180.000,1596.000,1627.000,1844.000,1807.000,1720.000,1717.000,248.000,180.000,0,1.000000,25.150000,14.647842,6.580417
1780467561.925244,,,BOARD_2,1,1,1600.000,1626.000,1848.000,1806.000,248.000,180.000,1600.000,1626.000,1848.000,1806.000,248.000,180.000,1600.000,1626.000,1848.000,1806.000,1724.000,1716.000,248.000,180.000,0,1.000000,25.150000,14.666071,6.585000
1780467562.452802,,,BOARD_2,1,0,1619.000,1673.000,1779.000,1742.000,160.000,69.000,1619.000,1673.000,1779.000,1742.000,160.000,69.000,1619.000,1673.000,1779.000,1742.000,1699.000,1707.500,160.000,69.000,0,1.000000,38.980000,14.552139,6.623958
1780467562.944442,,,BOARD_2,1,0,1621.000,1674.000,1781.000,1740.000,160.000,66.000,1621.000,1674.000,1781.000,1740.000,160.000,66.000,1621.000,1674.000,1781.000,1740.000,1701.000,1707.000,160.000,66.000,0,1.000000,38.980000,14.561253,6.626250
1780467562.944442,,,BOARD_2,1,1,1620.000,1673.000,1780.000,1739.000,160.000,66.000,1620.000,1673.000,1780.000,1739.000,160.000,66.000,1620.000,1673.000,1780.000,1739.000,1700.000,1706.000,160.000,66.000,0,1.000000,38.980000,14.556696,6.630833
1780467563.171803,,,BOARD_2,1,0,1597.000,1626.000,1845.000,1806.000,248.000,180.000,1597.000,1626.000,1845.000,1806.000,248.000,180.000,1597.000,1626.000,1845.000,1806.000,1721.000,1716.000,248.000,180.000,0,1.000000,25.150000,14.652399,6.585000
1780467563.508034,,,BOARD_2,1,0,1599.000,1626.000,1847.000,1806.000,248.000,180.000,1599.000,1626.000,1847.000,1806.000,248.000,180.000,1599.000,1626.000,1847.000,1806.000,1723.000,1716.000,248.000,180.000,0,1.000000,25.150000,14.661514,6.585000
1780467563.508034,,,BOARD_2,1,1,1602.000,1627.000,1850.000,1807.000,248.000,180.000,1602.000,1627.000,1850.000,1807.000,248.000,180.000,1602.000,1627.000,1850.000,1807.000,1726.000,1717.000,248.000,180.000,0,1.000000,25.150000,14.675185,6.580417
1780467563.726678,,,BOARD_2,1,0,1606.000,1628.000,1854.000,1808.000,248.000,180.000,1606.000,1628.000,1854.000,1808.000,248.000,180.000,1606.000,1628.000,1854.000,1808.000,1730.000,1718.000,248.000,180.000,0,1.000000,25.150000,14.693415,6.575833
1780467563.955895,,,BOARD_2,1,0,1626.000,1672.000,1786.000,1738.000,160.000,66.000,1626.000,1672.000,1786.000,1738.000,160.000,66.000,1626.000,1672.000,1786.000,1738.000,1706.000,1705.000,160.000,66.000,0,1.000000,38.980000,14.584040,6.635417
1780467564.242873,,,BOARD_2,1,0,1605.000,1624.000,1853.000,1804.000,248.000,180.000,1605.000,1624.000,1853.000,1804.000,248.000,180.000,1605.000,1624.000,1853.000,1804.000,1729.000,1714.000,248.000,180.000,0,1.000000,25.150000,14.688857,6.594167
1780467564.242873,,,BOARD_2,1,1,1617.000,1628.000,1865.000,1808.000,248.000,180.000,1617.000,1628.000,1865.000,1808.000,248.000,180.000,1617.000,1628.000,1865.000,1808.000,1741.000,1718.000,248.000,180.000,0,1.000000,25.150000,14.743545,6.575833
1780467564.652293,,,BOARD_2,1,0,1628.000,1670.000,1788.000,1736.000,160.000,66.000,1628.000,1670.000,1788.000,1736.000,160.000,66.000,1628.000,1670.000,1788.000,1736.000,1708.000,1703.000,160.000,66.000,0,1.000000,38.980000,14.593154,6.644583
1780467564.652293,,,BOARD_2,1,1,1628.000,1669.000,1788.000,1735.000,160.000,66.000,1628.000,1669.000,1788.000,1735.000,160.000,66.000,1628.000,1669.000,1788.000,1735.000,1708.000,1702.000,160.000,66.000,0,1.000000,38.980000,14.593154,6.649167
1780467564.913421,,,BOARD_2,1,0,1627.000,1668.000,1787.000,1734.000,160.000,66.000,1627.000,1668.000,1787.000,1734.000,160.000,66.000,1627.000,1668.000,1787.000,1734.000,1707.000,1701.000,160.000,66.000,0,1.000000,38.980000,14.588597,6.653750
1780467565.157071,,,BOARD_2,1,0,1630.000,1667.000,1790.000,1736.000,160.000,69.000,1630.000,1667.000,1790.000,1736.000,160.000,69.000,1630.000,1667.000,1790.000,1736.000,1710.000,1701.500,160.000,69.000,0,1.000000,38.980000,14.602269,6.651458
1780467565.157071,,,BOARD_2,1,1,1630.000,1666.000,1790.000,1735.000,160.000,69.000,1630.000,1666.000,1790.000,1735.000,160.000,69.000,1630.000,1666.000,1790.000,1735.000,1710.000,1700.500,160.000,69.000,0,1.000000,38.980000,14.602269,6.656042
1780467565.411749,,,BOARD_2,1,0,1630.000,1665.000,1790.000,1734.000,160.000,69.000,1630.000,1665.000,1790.000,1734.000,160.000,69.000,1630.000,1665.000,1790.000,1734.000,1710.000,1699.500,160.000,69.000,0,1.000000,38.980000,14.602269,6.660625
1780467565.690697,,,BOARD_2,1,0,1627.000,1668.000,1787.000,1734.000,160.000,66.000,1627.000,1668.000,1787.000,1734.000,160.000,66.000,1627.000,1668.000,1787.000,1734.000,1707.000,1701.000,160.000,66.000,0,1.000000,38.980000,14.588597,6.653750
1780467565.690697,,,BOARD_2,1,1,1608.000,1621.000,1856.000,1801.000,248.000,180.000,1608.000,1621.000,1856.000,1801.000,248.000,180.000,1608.000,1621.000,1856.000,1801.000,1732.000,1711.000,248.000,180.000,0,1.000000,25.150000,14.702529,6.607917
1780467566.113715,,,BOARD_2,1,0,1622.000,1626.000,1870.000,1806.000,248.000,180.000,1622.000,1626.000,1870.000,1806.000,248.000,180.000,1622.000,1626.000,1870.000,1806.000,1746.000,1716.000,248.000,180.000,0,1.000000,25.150000,14.766331,6.585000
1780467566.610667,,,BOARD_2,1,0,1635.000,1632.000,1883.000,1812.000,248.000,180.000,1635.000,1632.000,1883.000,1812.000,248.000,180.000,1635.000,1632.000,1883.000,1812.000,1759.000,1722.000,248.000,180.000,0,1.000000,25.150000,14.825576,6.557500
1780467571.492203,,,BOARD_2,1,0,1633.000,1657.000,1793.000,1726.000,160.000,69.000,1633.000,1657.000,1793.000,1726.000,160.000,69.000,1633.000,1657.000,1793.000,1726.000,1713.000,1691.500,160.000,69.000,0,1.000000,38.980000,14.615941,6.697292
1780467571.959128,,,BOARD_2,1,0,1634.000,1655.000,1794.000,1724.000,160.000,69.000,1634.000,1655.000,1794.000,1724.000,160.000,69.000,1634.000,1655.000,1794.000,1724.000,1714.000,1689.500,160.000,69.000,0,1.000000,38.980000,14.620498,6.706458
1780467571.959128,,,BOARD_2,1,1,1634.000,1655.000,1794.000,1724.000,160.000,69.000,1634.000,1655.000,1794.000,1724.000,160.000,69.000,1634.000,1655.000,1794.000,1724.000,1714.000,1689.500,160.000,69.000,0,1.000000,38.980000,14.620498,6.706458
1780467572.436399,,,BOARD_2,1,0,1615.000,1611.000,1863.000,1791.000,248.000,180.000,1615.000,1611.000,1863.000,1791.000,248.000,180.000,1615.000,1611.000,1863.000,1791.000,1739.000,1701.000,248.000,180.000,0,1.000000,25.150000,14.734430,6.653750
1780467572.436399,,,BOARD_2,1,1,1620.000,1613.000,1868.000,1793.000,248.000,180.000,1620.000,1613.000,1868.000,1793.000,248.000,180.000,1620.000,1613.000,1868.000,1793.000,1744.000,1703.000,248.000,180.000,0,1.000000,25.150000,14.757217,6.644583
1780467572.929285,,,BOARD_2,1,0,1635.000,1655.000,1795.000,1724.000,160.000,69.000,1635.000,1655.000,1795.000,1724.000,160.000,69.000,1635.000,1655.000,1795.000,1724.000,1715.000,1689.500,160.000,69.000,0,1.000000,38.980000,14.625055,6.706458
1780467573.435843,,,BOARD_2,1,0,1637.000,1656.000,1797.000,1729.000,160.000,73.000,1637.000,1656.000,1797.000,1729.000,160.000,73.000,1637.000,1656.000,1797.000,1729.000,1717.000,1692.500,160.000,73.000,0,1.000000,38.980000,14.634170,6.692708
1780467573.435843,,,BOARD_2,1,1,1636.000,1656.000,1796.000,1729.000,160.000,73.000,1636.000,1656.000,1796.000,1729.000,160.000,73.000,1636.000,1656.000,1796.000,1729.000,1716.000,1692.500,160.000,73.000,0,1.000000,38.980000,14.629613,6.692708
1780467573.921435,,,BOARD_2,1,0,1613.000,1608.000,1861.000,1788.000,248.000,180.000,1613.000,1608.000,1861.000,1788.000,248.000,180.000,1613.000,1608.000,1861.000,1788.000,1737.000,1698.000,248.000,180.000,0,1.000000,25.150000,14.725316,6.667500
1780467573.921435,,,BOARD_2,1,1,1616.000,1609.000,1864.000,1789.000,248.000,180.000,1616.000,1609.000,1864.000,1789.000,248.000,180.000,1616.000,1609.000,1864.000,1789.000,1740.000,1699.000,248.000,180.000,0,1.000000,25.150000,14.738988,6.662917
1780467574.544228,,,BOARD_2,1,0,1635.000,1663.000,1795.000,1732.000,160.000,69.000,1635.000,1663.000,1795.000,1732.000,160.000,69.000,1635.000,1663.000,1795.000,1732.000,1715.000,1697.500,160.000,69.000,0,1.000000,38.980000,14.625055,6.669792
1780467576.377955,,,BOARD_2,1,0,1610.000,1632.000,1858.000,1812.000,248.000,180.000,1610.000,1632.000,1858.000,1812.000,248.000,180.000,1610.000,1632.000,1858.000,1812.000,1734.000,1722.000,248.000,180.000,0,1.000000,25.150000,14.711644,6.557500
1780467578.406616,,,BOARD_2,1,0,1596.000,1608.000,1844.000,1788.000,248.000,180.000,1596.000,1608.000,1844.000,1788.000,248.000,180.000,1596.000,1608.000,1844.000,1788.000,1720.000,1698.000,248.000,180.000,0,1.000000,25.150000,14.647842,6.667500
1780467578.831629,,,BOARD_2,1,0,1625.000,1647.000,1785.000,1716.000,160.000,69.000,1625.000,1647.000,1785.000,1716.000,160.000,69.000,1625.000,1647.000,1785.000,1716.000,1705.000,1681.500,160.000,69.000,0,1.000000,38.980000,14.579482,6.743125
1780467578.831629,,,BOARD_2,1,1,1618.000,1639.000,1778.000,1708.000,160.000,69.000,1618.000,1639.000,1778.000,1708.000,160.000,69.000,1618.000,1639.000,1778.000,1708.000,1698.000,1673.500,160.000,69.000,0,1.000000,38.980000,14.547581,6.779792
1780467579.093193,,,BOARD_2,1,0,1611.000,1632.000,1771.000,1701.000,160.000,69.000,1611.000,1632.000,1771.000,1701.000,160.000,69.000,1611.000,1632.000,1771.000,1701.000,1691.000,1666.500,160.000,69.000,0,1.000000,38.980000,14.515680,6.811875
1780467579.346705,,,BOARD_2,1,0,1621.000,1647.000,1781.000,1716.000,160.000,69.000,1621.000,1647.000,1781.000,1716.000,160.000,69.000,1621.000,1647.000,1781.000,1716.000,1701.000,1681.500,160.000,69.000,0,1.000000,38.980000,14.561253,6.743125
1780467579.346705,,,BOARD_2,1,1,1617.000,1644.000,1777.000,1713.000,160.000,69.000,1617.000,1644.000,1777.000,1713.000,160.000,69.000,1617.000,1644.000,1777.000,1713.000,1697.000,1678.500,160.000,69.000,0,1.000000,38.980000,14.543024,6.756875
1780467580.139063,,,BOARD_2,1,0,1623.000,1646.000,1783.000,1712.000,160.000,66.000,1623.000,1646.000,1783.000,1712.000,160.000,66.000,1623.000,1646.000,1783.000,1712.000,1703.000,1679.000,160.000,66.000,0,1.000000,38.980000,14.570368,6.754583
1780467580.139063,,,BOARD_2,1,1,1622.000,1644.000,1782.000,1710.000,160.000,66.000,1622.000,1644.000,1782.000,1710.000,160.000,66.000,1622.000,1644.000,1782.000,1710.000,1702.000,1677.000,160.000,66.000,0,1.000000,38.980000,14.565810,6.763750
1780467580.609619,,,BOARD_2,1,0,1621.000,1647.000,1781.000,1709.000,160.000,62.000,1621.000,1647.000,1781.000,1709.000,160.000,62.000,1621.000,1647.000,1781.000,1709.000,1701.000,1678.000,160.000,62.000,0,1.000000,38.980000,14.561253,6.759167
1780467580.609619,,,BOARD_2,1,1,1620.000,1646.000,1780.000,1708.000,160.000,62.000,1620.000,1646.000,1780.000,1708.000,160.000,62.000,1620.000,1646.000,1780.000,1708.000,1700.000,1677.000,160.000,62.000,0,1.000000,38.980000,14.556696,6.763750
1780467580.829819,,,BOARD_2,1,0,1619.000,1645.000,1779.000,1707.000,160.000,62.000,1619.000,1645.000,1779.000,1707.000,160.000,62.000,1619.000,1645.000,1779.000,1707.000,1699.000,1676.000,160.000,62.000,0,1.000000,38.980000,14.552139,6.768333
1780467581.634672,,,BOARD_2,1,0,1623.000,1644.000,1783.000,1710.000,160.000,66.000,1623.000,1644.000,1783.000,1710.000,160.000,66.000,1623.000,1644.000,1783.000,1710.000,1703.000,1677.000,160.000,66.000,0,1.000000,38.980000,14.570368,6.763750
1780467582.220781,,,BOARD_2,1,0,1602.000,1595.000,1850.000,1775.000,248.000,180.000,1602.000,1595.000,1850.000,1775.000,248.000,180.000,1602.000,1595.000,1850.000,1775.000,1726.000,1685.000,248.000,180.000,0,1.000000,25.150000,14.675185,6.727083
1780467582.826755,,,BOARD_2,1,0,1619.000,1641.000,1779.000,1710.000,160.000,69.000,1619.000,1641.000,1779.000,1710.000,160.000,69.000,1619.000,1641.000,1779.000,1710.000,1699.000,1675.500,160.000,69.000,0,1.000000,38.980000,14.552139,6.770625
1780467582.826755,,,BOARD_2,1,1,1607.000,1637.000,1767.000,1706.000,160.000,69.000,1607.000,1637.000,1767.000,1706.000,160.000,69.000,1607.000,1637.000,1767.000,1706.000,1687.000,1671.500,160.000,69.000,0,1.000000,38.980000,14.497451,6.788958
1780467583.399846,,,BOARD_2,1,0,1616.000,1637.000,1776.000,1706.000,160.000,69.000,1616.000,1637.000,1776.000,1706.000,160.000,69.000,1616.000,1637.000,1776.000,1706.000,1696.000,1671.500,160.000,69.000,0,1.000000,38.980000,14.538467,6.788958
1780467583.399846,,,BOARD_2,1,1,1610.000,1634.000,1770.000,1703.000,160.000,69.000,1610.000,1634.000,1770.000,1703.000,160.000,69.000,1610.000,1634.000,1770.000,1703.000,1690.000,1668.500,160.000,69.000,0,1.000000,38.980000,14.511123,6.802708
1780467584.068150,,,BOARD_2,1,0,1605.000,1640.000,1765.000,1706.000,160.000,66.000,1605.000,1640.000,1765.000,1706.000,160.000,66.000,1605.000,1640.000,1765.000,1706.000,1685.000,1673.000,160.000,66.000,0,1.000000,38.980000,14.488336,6.782083
1780467584.068150,,,BOARD_2,1,1,1600.000,1639.000,1760.000,1705.000,160.000,66.000,1600.000,1639.000,1760.000,1705.000,160.000,66.000,1600.000,1639.000,1760.000,1705.000,1680.000,1672.000,160.000,66.000,0,1.000000,38.980000,14.465550,6.786667
1780467584.361641,,,BOARD_2,1,0,1596.000,1638.000,1756.000,1704.000,160.000,66.000,1596.000,1638.000,1756.000,1704.000,160.000,66.000,1596.000,1638.000,1756.000,1704.000,1676.000,1671.000,160.000,66.000,0,1.000000,38.980000,14.447321,6.791250
1780467584.648545,,,BOARD_2,1,0,1604.000,1638.000,1764.000,1704.000,160.000,66.000,1604.000,1638.000,1764.000,1704.000,160.000,66.000,1604.000,1638.000,1764.000,1704.000,1684.000,1671.000,160.000,66.000,0,1.000000,38.980000,14.483779,6.791250
1780467584.648545,,,BOARD_2,1,1,1602.000,1637.000,1762.000,1703.000,160.000,66.000,1602.000,1637.000,1762.000,1703.000,160.000,66.000,1602.000,1637.000,1762.000,1703.000,1682.000,1670.000,160.000,66.000,0,1.000000,38.980000,14.474665,6.795833
1780467584.856820,,,BOARD_2,1,0,1599.000,1636.000,1759.000,1702.000,160.000,66.000,1599.000,1636.000,1759.000,1702.000,160.000,66.000,1599.000,1636.000,1759.000,1702.000,1679.000,1669.000,160.000,66.000,0,1.000000,38.980000,14.460993,6.800417
1780467585.076859,,,BOARD_2,1,0,1607.000,1635.000,1767.000,1704.000,160.000,69.000,1607.000,1635.000,1767.000,1704.000,160.000,69.000,1607.000,1635.000,1767.000,1704.000,1687.000,1669.500,160.000,69.000,0,1.000000,38.980000,14.497451,6.798125
1780467585.076859,,,BOARD_2,1,1,1607.000,1634.000,1767.000,1703.000,160.000,69.000,1607.000,1634.000,1767.000,1703.000,160.000,69.000,1607.000,1634.000,1767.000,1703.000,1687.000,1668.500,160.000,69.000,0,1.000000,38.980000,14.497451,6.802708
1780467585.305156,,,BOARD_2,1,0,1606.000,1634.000,1766.000,1703.000,160.000,69.000,1606.000,1634.000,1766.000,1703.000,160.000,69.000,1606.000,1634.000,1766.000,1703.000,1686.000,1668.500,160.000,69.000,0,1.000000,38.980000,14.492894,6.802708
1780467585.701290,,,BOARD_2,1,0,1607.000,1639.000,1767.000,1708.000,160.000,69.000,1607.000,1639.000,1767.000,1708.000,160.000,69.000,1607.000,1639.000,1767.000,1708.000,1687.000,1673.500,160.000,69.000,0,1.000000,38.980000,14.497451,6.779792
1780467585.701290,,,BOARD_2,1,1,1607.000,1639.000,1767.000,1708.000,160.000,69.000,1607.000,1639.000,1767.000,1708.000,160.000,69.000,1607.000,1639.000,1767.000,1708.000,1687.000,1673.500,160.000,69.000,0,1.000000,38.980000,14.497451,6.779792
1780467586.014399,,,BOARD_2,1,0,1607.000,1640.000,1767.000,1709.000,160.000,69.000,1607.000,1640.000,1767.000,1709.000,160.000,69.000,1607.000,1640.000,1767.000,1709.000,1687.000,1674.500,160.000,69.000,0,1.000000,38.980000,14.497451,6.775208
1780467586.318299,,,BOARD_2,1,0,1587.000,1588.000,1835.000,1768.000,248.000,180.000,1587.000,1588.000,1835.000,1768.000,248.000,180.000,1587.000,1588.000,1835.000,1768.000,1711.000,1678.000,248.000,180.000,0,1.000000,25.150000,14.606826,6.759167
1780467586.605618,,,BOARD_2,1,0,1591.000,1589.000,1839.000,1769.000,248.000,180.000,1591.000,1589.000,1839.000,1769.000,248.000,180.000,1591.000,1589.000,1839.000,1769.000,1715.000,1679.000,248.000,180.000,0,1.000000,25.150000,14.625055,6.754583
1780467587.070896,,,BOARD_2,1,0,1612.000,1639.000,1772.000,1708.000,160.000,69.000,1612.000,1639.000,1772.000,1708.000,160.000,69.000,1612.000,1639.000,1772.000,1708.000,1692.000,1673.500,160.000,69.000,0,1.000000,38.980000,14.520238,6.779792
1780467587.070896,,,BOARD_2,1,1,1610.000,1639.000,1770.000,1708.000,160.000,69.000,1610.000,1639.000,1770.000,1708.000,160.000,69.000,1610.000,1639.000,1770.000,1708.000,1690.000,1673.500,160.000,69.000,0,1.000000,38.980000,14.511123,6.779792
1780467587.546254,,,BOARD_2,1,0,1611.000,1633.000,1771.000,1702.000,160.000,69.000,1611.000,1633.000,1771.000,1702.000,160.000,69.000,1611.000,1633.000,1771.000,1702.000,1691.000,1667.500,160.000,69.000,0,1.000000,38.980000,14.515680,6.807292
1780467587.546254,,,BOARD_2,1,1,1610.000,1632.000,1770.000,1701.000,160.000,69.000,1610.000,1632.000,1770.000,1701.000,160.000,69.000,1610.000,1632.000,1770.000,1701.000,1690.000,1666.500,160.000,69.000,0,1.000000,38.980000,14.511123,6.811875
1780467588.073170,,,BOARD_2,1,0,1614.000,1637.000,1774.000,1699.000,160.000,62.000,1614.000,1637.000,1774.000,1699.000,160.000,62.000,1614.000,1637.000,1774.000,1699.000,1694.000,1668.000,160.000,62.000,0,1.000000,38.980000,14.529352,6.805000
1780467588.073170,,,BOARD_2,1,1,1614.000,1637.000,1774.000,1699.000,160.000,62.000,1614.000,1637.000,1774.000,1699.000,160.000,62.000,1614.000,1637.000,1774.000,1699.000,1694.000,1668.000,160.000,62.000,0,1.000000,38.980000,14.529352,6.805000
1780467588.334044,,,BOARD_2,1,0,1614.000,1636.000,1774.000,1698.000,160.000,62.000,1614.000,1636.000,1774.000,1698.000,160.000,62.000,1614.000,1636.000,1774.000,1698.000,1694.000,1667.000,160.000,62.000,0,1.000000,38.980000,14.529352,6.809583
1780467588.660025,,,BOARD_2,1,0,1614.000,1632.000,1774.000,1705.000,160.000,73.000,1614.000,1632.000,1774.000,1705.000,160.000,73.000,1614.000,1632.000,1774.000,1705.000,1694.000,1668.500,160.000,73.000,0,1.000000,38.980000,14.529352,6.802708
1780467588.660025,,,BOARD_2,1,1,1614.000,1632.000,1774.000,1705.000,160.000,73.000,1614.000,1632.000,1774.000,1705.000,160.000,73.000,1614.000,1632.000,1774.000,1705.000,1694.000,1668.500,160.000,73.000,0,1.000000,38.980000,14.529352,6.802708
1780467588.961470,,,BOARD_2,1,0,1614.000,1632.000,1774.000,1705.000,160.000,73.000,1614.000,1632.000,1774.000,1705.000,160.000,73.000,1614.000,1632.000,1774.000,1705.000,1694.000,1668.500,160.000,73.000,0,1.000000,38.980000,14.529352,6.802708
1780467589.221828,,,BOARD_2,1,0,1615.000,1627.000,1775.000,1696.000,160.000,69.000,1615.000,1627.000,1775.000,1696.000,160.000,69.000,1615.000,1627.000,1775.000,1696.000,1695.000,1661.500,160.000,69.000,0,1.000000,38.980000,14.533909,6.834792
1780467589.221828,,,BOARD_2,1,1,1615.000,1626.000,1775.000,1695.000,160.000,69.000,1615.000,1626.000,1775.000,1695.000,160.000,69.000,1615.000,1626.000,1775.000,1695.000,1695.000,1660.500,160.000,69.000,0,1.000000,38.980000,14.533909,6.839375
1780467589.455734,,,BOARD_2,1,0,1578.000,1587.000,1826.000,1767.000,248.000,180.000,1578.000,1587.000,1826.000,1767.000,248.000,180.000,1578.000,1587.000,1826.000,1767.000,1702.000,1677.000,248.000,180.000,0,1.000000,25.150000,14.565810,6.763750
1780467589.844831,,,BOARD_2,1,0,1623.000,1625.000,1783.000,1694.000,160.000,69.000,1623.000,1625.000,1783.000,1694.000,160.000,69.000,1623.000,1625.000,1783.000,1694.000,1703.000,1659.500,160.000,69.000,0,1.000000,38.980000,14.570368,6.843958
1780467590.066929,,,BOARD_2,1,0,1624.000,1617.000,1784.000,1686.000,160.000,69.000,1624.000,1617.000,1784.000,1686.000,160.000,69.000,1624.000,1617.000,1784.000,1686.000,1704.000,1651.500,160.000,69.000,0,1.000000,38.980000,14.574925,6.880625
1780467590.066929,,,BOARD_2,1,1,1626.000,1609.000,1786.000,1678.000,160.000,69.000,1626.000,1609.000,1786.000,1678.000,160.000,69.000,1626.000,1609.000,1786.000,1678.000,1706.000,1643.500,160.000,69.000,0,1.000000,38.980000,14.584040,6.917292
1780467590.521657,,,BOARD_2,1,0,1624.000,1626.000,1784.000,1692.000,160.000,66.000,1624.000,1626.000,1784.000,1692.000,160.000,66.000,1624.000,1626.000,1784.000,1692.000,1704.000,1659.000,160.000,66.000,0,1.000000,38.980000,14.574925,6.846250
1780467590.521657,,,BOARD_2,1,1,1625.000,1622.000,1785.000,1688.000,160.000,66.000,1625.000,1622.000,1785.000,1688.000,160.000,66.000,1625.000,1622.000,1785.000,1688.000,1705.000,1655.000,160.000,66.000,0,1.000000,38.980000,14.579482,6.864583
1780467590.760953,,,BOARD_2,1,0,1626.000,1619.000,1786.000,1685.000,160.000,66.000,1626.000,1619.000,1786.000,1685.000,160.000,66.000,1626.000,1619.000,1786.000,1685.000,1706.000,1652.000,160.000,66.000,0,1.000000,38.980000,14.584040,6.878333
1780467590.989592,,,BOARD_2,1,0,1621.000,1625.000,1781.000,1694.000,160.000,69.000,1621.000,1625.000,1781.000,1694.000,160.000,69.000,1621.000,1625.000,1781.000,1694.000,1701.000,1659.500,160.000,69.000,0,1.000000,38.980000,14.561253,6.843958
1780467590.989592,,,BOARD_2,1,1,1621.000,1623.000,1781.000,1692.000,160.000,69.000,1621.000,1623.000,1781.000,1692.000,160.000,69.000,1621.000,1623.000,1781.000,1692.000,1701.000,1657.500,160.000,69.000,0,1.000000,38.980000,14.561253,6.853125
1780467591.243737,,,BOARD_2,1,0,1621.000,1622.000,1781.000,1691.000,160.000,69.000,1621.000,1622.000,1781.000,1691.000,160.000,69.000,1621.000,1622.000,1781.000,1691.000,1701.000,1656.500,160.000,69.000,0,1.000000,38.980000,14.561253,6.857708
1780467591.579318,,,BOARD_2,1,0,1620.000,1623.000,1780.000,1692.000,160.000,69.000,1620.000,1623.000,1780.000,1692.000,160.000,69.000,1620.000,1623.000,1780.000,1692.000,1700.000,1657.500,160.000,69.000,0,1.000000,38.980000,14.556696,6.853125
1780467591.579318,,,BOARD_2,1,1,1620.000,1622.000,1780.000,1691.000,160.000,69.000,1620.000,1622.000,1780.000,1691.000,160.000,69.000,1620.000,1622.000,1780.000,1691.000,1700.000,1656.500,160.000,69.000,0,1.000000,38.980000,14.556696,6.857708
1780467591.835781,,,BOARD_2,1,0,1619.000,1621.000,1779.000,1690.000,160.000,69.000,1619.000,1621.000,1779.000,1690.000,160.000,69.000,1619.000,1621.000,1779.000,1690.000,1699.000,1655.500,160.000,69.000,0,1.000000,38.980000,14.552139,6.862292
1780467592.121447,,,BOARD_2,1,0,1622.000,1621.000,1782.000,1690.000,160.000,69.000,1622.000,1621.000,1782.000,1690.000,160.000,69.000,1622.000,1621.000,1782.000,1690.000,1702.000,1655.500,160.000,69.000,0,1.000000,38.980000,14.565810,6.862292
1780467592.121447,,,BOARD_2,1,1,1622.000,1620.000,1782.000,1689.000,160.000,69.000,1622.000,1620.000,1782.000,1689.000,160.000,69.000,1622.000,1620.000,1782.000,1689.000,1702.000,1654.500,160.000,69.000,0,1.000000,38.980000,14.565810,6.866875
1780467592.348094,,,BOARD_2,1,0,1622.000,1619.000,1782.000,1688.000,160.000,69.000,1622.000,1619.000,1782.000,1688.000,160.000,69.000,1622.000,1619.000,1782.000,1688.000,1702.000,1653.500,160.000,69.000,0,1.000000,38.980000,14.565810,6.871458
1780467592.684880,,,BOARD_2,1,0,1621.000,1624.000,1781.000,1690.000,160.000,66.000,1621.000,1624.000,1781.000,1690.000,160.000,66.000,1621.000,1624.000,1781.000,1690.000,1701.000,1657.000,160.000,66.000,0,1.000000,38.980000,14.561253,6.855417
1780467592.684880,,,BOARD_2,1,1,1621.000,1624.000,1781.000,1690.000,160.000,66.000,1621.000,1624.000,1781.000,1690.000,160.000,66.000,1621.000,1624.000,1781.000,1690.000,1701.000,1657.000,160.000,66.000,0,1.000000,38.980000,14.561253,6.855417
1780467592.942911,,,BOARD_2,1,0,1621.000,1624.000,1781.000,1690.000,160.000,66.000,1621.000,1624.000,1781.000,1690.000,160.000,66.000,1621.000,1624.000,1781.000,1690.000,1701.000,1657.000,160.000,66.000,0,1.000000,38.980000,14.561253,6.855417
1780467593.351086,,,BOARD_2,1,0,1620.000,1625.000,1780.000,1687.000,160.000,62.000,1620.000,1625.000,1780.000,1687.000,160.000,62.000,1620.000,1625.000,1780.000,1687.000,1700.000,1656.000,160.000,62.000,0,1.000000,38.980000,14.556696,6.860000
1780467593.658442,,,BOARD_2,1,0,1620.000,1625.000,1780.000,1687.000,160.000,62.000,1620.000,1625.000,1780.000,1687.000,160.000,62.000,1620.000,1625.000,1780.000,1687.000,1700.000,1656.000,160.000,62.000,0,1.000000,38.980000,14.556696,6.860000
1780467593.658442,,,BOARD_2,1,1,1620.000,1625.000,1780.000,1687.000,160.000,62.000,1620.000,1625.000,1780.000,1687.000,160.000,62.000,1620.000,1625.000,1780.000,1687.000,1700.000,1656.000,160.000,62.000,0,1.000000,38.980000,14.556696,6.860000
1780467594.203221,,,BOARD_2,1,0,1622.000,1623.000,1782.000,1692.000,160.000,69.000,1622.000,1623.000,1782.000,1692.000,160.000,69.000,1622.000,1623.000,1782.000,1692.000,1702.000,1657.500,160.000,69.000,0,1.000000,38.980000,14.565810,6.853125
1780467594.203221,,,BOARD_2,1,1,1622.000,1623.000,1782.000,1692.000,160.000,69.000,1622.000,1623.000,1782.000,1692.000,160.000,69.000,1622.000,1623.000,1782.000,1692.000,1702.000,1657.500,160.000,69.000,0,1.000000,38.980000,14.565810,6.853125
1780467594.501690,,,BOARD_2,1,0,1623.000,1623.000,1783.000,1692.000,160.000,69.000,1623.000,1623.000,1783.000,1692.000,160.000,69.000,1623.000,1623.000,1783.000,1692.000,1703.000,1657.500,160.000,69.000,0,1.000000,38.980000,14.570368,6.853125
1780467594.853727,,,BOARD_2,1,0,1622.000,1625.000,1782.000,1687.000,160.000,62.000,1622.000,1625.000,1782.000,1687.000,160.000,62.000,1622.000,1625.000,1782.000,1687.000,1702.000,1656.000,160.000,62.000,0,1.000000,38.980000,14.565810,6.860000
1780467594.853727,,,BOARD_2,1,1,1622.000,1625.000,1782.000,1687.000,160.000,62.000,1622.000,1625.000,1782.000,1687.000,160.000,62.000,1622.000,1625.000,1782.000,1687.000,1702.000,1656.000,160.000,62.000,0,1.000000,38.980000,14.565810,6.860000
1780467595.133748,,,BOARD_2,1,0,1622.000,1625.000,1782.000,1687.000,160.000,62.000,1622.000,1625.000,1782.000,1687.000,160.000,62.000,1622.000,1625.000,1782.000,1687.000,1702.000,1656.000,160.000,62.000,0,1.000000,38.980000,14.565810,6.860000
1780467595.363433,,,BOARD_2,1,0,1627.000,1618.000,1787.000,1684.000,160.000,66.000,1627.000,1618.000,1787.000,1684.000,160.000,66.000,1627.000,1618.000,1787.000,1684.000,1707.000,1651.000,160.000,66.000,0,1.000000,38.980000,14.588597,6.882917
1780467595.363433,,,BOARD_2,1,1,1628.000,1617.000,1788.000,1683.000,160.000,66.000,1628.000,1617.000,1788.000,1683.000,160.000,66.000,1628.000,1617.000,1788.000,1683.000,1708.000,1650.000,160.000,66.000,0,1.000000,38.980000,14.593154,6.887500
1780467595.652775,,,BOARD_2,1,0,1629.000,1616.000,1789.000,1682.000,160.000,66.000,1629.000,1616.000,1789.000,1682.000,160.000,66.000,1629.000,1616.000,1789.000,1682.000,1709.000,1649.000,160.000,66.000,0,1.000000,38.980000,14.597711,6.892083
1780467595.924549,,,BOARD_2,1,0,1634.000,1615.000,1794.000,1684.000,160.000,69.000,1634.000,1615.000,1794.000,1684.000,160.000,69.000,1634.000,1615.000,1794.000,1684.000,1714.000,1649.500,160.000,69.000,0,1.000000,38.980000,14.620498,6.889792
1780467595.924549,,,BOARD_2,1,1,1636.000,1614.000,1796.000,1683.000,160.000,69.000,1636.000,1614.000,1796.000,1683.000,160.000,69.000,1636.000,1614.000,1796.000,1683.000,1716.000,1648.500,160.000,69.000,0,1.000000,38.980000,14.629613,6.894375
1780467596.284692,,,BOARD_2,1,0,1637.000,1614.000,1797.000,1683.000,160.000,69.000,1637.000,1614.000,1797.000,1683.000,160.000,69.000,1637.000,1614.000,1797.000,1683.000,1717.000,1648.500,160.000,69.000,0,1.000000,38.980000,14.634170,6.894375
1780467596.725184,,,BOARD_2,1,0,1607.000,1569.000,1855.000,1749.000,248.000,180.000,1607.000,1569.000,1855.000,1749.000,248.000,180.000,1607.000,1569.000,1855.000,1749.000,1731.000,1659.000,248.000,180.000,0,1.000000,25.150000,14.697972,6.846250
1780467596.935519,,,BOARD_2,1,0,1611.000,1570.000,1859.000,1750.000,248.000,180.000,1611.000,1570.000,1859.000,1750.000,248.000,180.000,1611.000,1570.000,1859.000,1750.000,1735.000,1660.000,248.000,180.000,0,1.000000,25.150000,14.716201,6.841667
1780467597.466524,,,BOARD_2,1,0,1641.000,1607.000,1801.000,1676.000,160.000,69.000,1641.000,1607.000,1801.000,1676.000,160.000,69.000,1641.000,1607.000,1801.000,1676.000,1721.000,1641.500,160.000,69.000,0,1.000000,38.980000,14.652399,6.926458
1780467597.744834,,,BOARD_2,1,0,1641.000,1604.000,1801.000,1673.000,160.000,69.000,1641.000,1604.000,1801.000,1673.000,160.000,69.000,1641.000,1604.000,1801.000,1673.000,1721.000,1638.500,160.000,69.000,0,1.000000,38.980000,14.652399,6.940208
1780467598.199556,,,BOARD_2,1,0,1647.000,1604.000,1807.000,1670.000,160.000,66.000,1647.000,1604.000,1807.000,1670.000,160.000,66.000,1647.000,1604.000,1807.000,1670.000,1727.000,1637.000,160.000,66.000,0,1.000000,38.980000,14.679743,6.947083
1780467598.199556,,,BOARD_2,1,1,1648.000,1602.000,1808.000,1668.000,160.000,66.000,1648.000,1602.000,1808.000,1668.000,160.000,66.000,1648.000,1602.000,1808.000,1668.000,1728.000,1635.000,160.000,66.000,0,1.000000,38.980000,14.684300,6.956250
1780467599.029572,,,BOARD_2,1,0,1646.000,1601.000,1806.000,1670.000,160.000,69.000,1646.000,1601.000,1806.000,1670.000,160.000,69.000,1646.000,1601.000,1806.000,1670.000,1726.000,1635.500,160.000,69.000,0,1.000000,38.980000,14.675185,6.953958
1780467599.029572,,,BOARD_2,1,1,1646.000,1600.000,1806.000,1669.000,160.000,69.000,1646.000,1600.000,1806.000,1669.000,160.000,69.000,1646.000,1600.000,1806.000,1669.000,1726.000,1634.500,160.000,69.000,0,1.000000,38.980000,14.675185,6.958542
1780467599.345547,,,BOARD_2,1,0,1647.000,1599.000,1807.000,1668.000,160.000,69.000,1647.000,1599.000,1807.000,1668.000,160.000,69.000,1647.000,1599.000,1807.000,1668.000,1727.000,1633.500,160.000,69.000,0,1.000000,38.980000,14.679743,6.963125
1780467600.115213,,,BOARD_2,1,0,1646.000,1605.000,1806.000,1667.000,160.000,62.000,1646.000,1605.000,1806.000,1667.000,160.000,62.000,1646.000,1605.000,1806.000,1667.000,1726.000,1636.000,160.000,62.000,0,1.000000,38.980000,14.675185,6.951667
1780467600.734386,,,BOARD_2,1,0,1608.000,1555.000,1856.000,1735.000,248.000,180.000,1608.000,1555.000,1856.000,1735.000,248.000,180.000,1608.000,1555.000,1856.000,1735.000,1732.000,1645.000,248.000,180.000,0,1.000000,25.150000,14.702529,6.910417
1780467601.223048,,,BOARD_2,1,0,1646.000,1604.000,1806.000,1670.000,160.000,66.000,1646.000,1604.000,1806.000,1670.000,160.000,66.000,1646.000,1604.000,1806.000,1670.000,1726.000,1637.000,160.000,66.000,0,1.000000,38.980000,14.675185,6.947083
1780467601.223048,,,BOARD_2,1,1,1645.000,1603.000,1805.000,1669.000,160.000,66.000,1645.000,1603.000,1805.000,1669.000,160.000,66.000,1645.000,1603.000,1805.000,1669.000,1725.000,1636.000,160.000,66.000,0,1.000000,38.980000,14.670628,6.951667
1780467601.742991,,,BOARD_2,1,0,1645.000,1601.000,1805.000,1670.000,160.000,69.000,1645.000,1601.000,1805.000,1670.000,160.000,69.000,1645.000,1601.000,1805.000,1670.000,1725.000,1635.500,160.000,69.000,0,1.000000,38.980000,14.670628,6.953958
1780467601.742991,,,BOARD_2,1,1,1645.000,1600.000,1805.000,1669.000,160.000,69.000,1645.000,1600.000,1805.000,1669.000,160.000,69.000,1645.000,1600.000,1805.000,1669.000,1725.000,1634.500,160.000,69.000,0,1.000000,38.980000,14.670628,6.958542
1780467602.289171,,,BOARD_2,1,0,1646.000,1601.000,1806.000,1670.000,160.000,69.000,1646.000,1601.000,1806.000,1670.000,160.000,69.000,1646.000,1601.000,1806.000,1670.000,1726.000,1635.500,160.000,69.000,0,1.000000,38.980000,14.675185,6.953958
1780467602.289171,,,BOARD_2,1,1,1646.000,1601.000,1806.000,1670.000,160.000,69.000,1646.000,1601.000,1806.000,1670.000,160.000,69.000,1646.000,1601.000,1806.000,1670.000,1726.000,1635.500,160.000,69.000,0,1.000000,38.980000,14.675185,6.953958
1780467602.781693,,,BOARD_2,1,0,1646.000,1603.000,1806.000,1665.000,160.000,62.000,1646.000,1603.000,1806.000,1665.000,160.000,62.000,1646.000,1603.000,1806.000,1665.000,1726.000,1634.000,160.000,62.000,0,1.000000,38.980000,14.675185,6.960833
1780467602.781693,,,BOARD_2,1,1,1646.000,1603.000,1806.000,1665.000,160.000,62.000,1646.000,1603.000,1806.000,1665.000,160.000,62.000,1646.000,1603.000,1806.000,1665.000,1726.000,1634.000,160.000,62.000,0,1.000000,38.980000,14.675185,6.960833
1780467603.030941,,,BOARD_2,1,0,1646.000,1602.000,1806.000,1664.000,160.000,62.000,1646.000,1602.000,1806.000,1664.000,160.000,62.000,1646.000,1602.000,1806.000,1664.000,1726.000,1633.000,160.000,62.000,0,1.000000,38.980000,14.675185,6.965417
1780467603.335003,,,BOARD_2,1,0,1647.000,1598.000,1807.000,1671.000,160.000,73.000,1647.000,1598.000,1807.000,1671.000,160.000,73.000,1647.000,1598.000,1807.000,1671.000,1727.000,1634.500,160.000,73.000,0,1.000000,38.980000,14.679743,6.958542
1780467603.335003,,,BOARD_2,1,1,1626.000,1554.000,1874.000,1734.000,248.000,180.000,1626.000,1554.000,1874.000,1734.000,248.000,180.000,1626.000,1554.000,1874.000,1734.000,1750.000,1644.000,248.000,180.000,0,1.000000,25.150000,14.784560,6.915000
1780467603.652370,,,BOARD_2,1,0,1639.000,1559.000,1887.000,1739.000,248.000,180.000,1639.000,1559.000,1887.000,1739.000,248.000,180.000,1639.000,1559.000,1887.000,1739.000,1763.000,1649.000,248.000,180.000,0,1.000000,25.150000,14.843805,6.892083
1780467603.960221,,,BOARD_2,1,0,1625.000,1554.000,1873.000,1734.000,248.000,180.000,1625.000,1554.000,1873.000,1734.000,248.000,180.000,1625.000,1554.000,1873.000,1734.000,1749.000,1644.000,248.000,180.000,0,1.000000,25.150000,14.780003,6.915000
1780467603.960221,,,BOARD_2,1,1,1630.000,1556.000,1878.000,1736.000,248.000,180.000,1630.000,1556.000,1878.000,1736.000,248.000,180.000,1630.000,1556.000,1878.000,1736.000,1754.000,1646.000,248.000,180.000,0,1.000000,25.150000,14.802790,6.905833
1780467604.361719,,,BOARD_2,1,0,1627.000,1569.000,1875.000,1749.000,248.000,180.000,1627.000,1569.000,1875.000,1749.000,248.000,180.000,1627.000,1569.000,1875.000,1749.000,1751.000,1659.000,248.000,180.000,0,1.000000,25.150000,14.789118,6.846250
1780467612.576566,,,BOARD_2,1,0,1513.000,1597.000,1673.000,1666.000,160.000,69.000,1513.000,1597.000,1673.000,1666.000,160.000,69.000,1513.000,1597.000,1673.000,1666.000,1593.000,1631.500,160.000,69.000,0,1.000000,38.980000,14.069066,6.972292
1780467612.576566,,,BOARD_2,1,1,1512.000,1596.000,1672.000,1665.000,160.000,69.000,1512.000,1596.000,1672.000,1665.000,160.000,69.000,1512.000,1596.000,1672.000,1665.000,1592.000,1630.500,160.000,69.000,0,1.000000,38.980000,14.064508,6.976875
1780467613.237522,,,BOARD_2,1,0,1512.000,1598.000,1672.000,1664.000,160.000,66.000,1512.000,1598.000,1672.000,1664.000,160.000,66.000,1512.000,1598.000,1672.000,1664.000,1592.000,1631.000,160.000,66.000,0,1.000000,38.980000,14.064508,6.974583
1780467613.237522,,,BOARD_2,1,1,1511.000,1598.000,1671.000,1664.000,160.000,66.000,1511.000,1598.000,1671.000,1664.000,160.000,66.000,1511.000,1598.000,1671.000,1664.000,1591.000,1631.000,160.000,66.000,0,1.000000,38.980000,14.059951,6.974583
1780467613.501211,,,BOARD_2,1,0,1511.000,1597.000,1671.000,1663.000,160.000,66.000,1511.000,1597.000,1671.000,1663.000,160.000,66.000,1511.000,1597.000,1671.000,1663.000,1591.000,1630.000,160.000,66.000,0,1.000000,38.980000,14.059951,6.979167
1780467613.762834,,,BOARD_2,1,0,1512.000,1596.000,1672.000,1662.000,160.000,66.000,1512.000,1596.000,1672.000,1662.000,160.000,66.000,1512.000,1596.000,1672.000,1662.000,1592.000,1629.000,160.000,66.000,0,1.000000,38.980000,14.064508,6.983750
1780467613.762834,,,BOARD_2,1,1,1512.000,1595.000,1672.000,1661.000,160.000,66.000,1512.000,1595.000,1672.000,1661.000,160.000,66.000,1512.000,1595.000,1672.000,1661.000,1592.000,1628.000,160.000,66.000,0,1.000000,38.980000,14.064508,6.988333
1780467613.998063,,,BOARD_2,1,0,1511.000,1595.000,1671.000,1661.000,160.000,66.000,1511.000,1595.000,1671.000,1661.000,160.000,66.000,1511.000,1595.000,1671.000,1661.000,1591.000,1628.000,160.000,66.000,0,1.000000,38.980000,14.059951,6.988333
1780467614.718182,,,BOARD_2,1,0,1511.000,1600.000,1671.000,1658.000,160.000,58.000,1511.000,1600.000,1671.000,1658.000,160.000,58.000,1511.000,1600.000,1671.000,1658.000,1591.000,1629.000,160.000,58.000,0,1.000000,38.980000,14.059951,6.983750
1780467615.503669,,,BOARD_2,1,0,1476.000,1563.000,1724.000,1743.000,248.000,180.000,1476.000,1563.000,1724.000,1743.000,248.000,180.000,1476.000,1563.000,1724.000,1743.000,1600.000,1653.000,248.000,180.000,0,1.000000,25.150000,14.100967,6.873750
1780467616.052487,,,BOARD_2,1,0,1493.000,1547.000,1741.000,1727.000,248.000,180.000,1493.000,1547.000,1741.000,1727.000,248.000,180.000,1493.000,1547.000,1741.000,1727.000,1617.000,1637.000,248.000,180.000,0,1.000000,25.150000,14.178441,6.947083
1780467616.730156,,,BOARD_2,1,0,1512.000,1596.000,1672.000,1662.000,160.000,66.000,1512.000,1596.000,1672.000,1662.000,160.000,66.000,1512.000,1596.000,1672.000,1662.000,1592.000,1629.000,160.000,66.000,0,1.000000,38.980000,14.064508,6.983750
1780467617.473933,,,BOARD_2,1,0,1510.000,1598.000,1670.000,1656.000,160.000,58.000,1510.000,1598.000,1670.000,1656.000,160.000,58.000,1510.000,1598.000,1670.000,1656.000,1590.000,1627.000,160.000,58.000,0,1.000000,38.980000,14.055394,6.992917
1780467617.473933,,,BOARD_2,1,1,1494.000,1547.000,1742.000,1727.000,248.000,180.000,1494.000,1547.000,1742.000,1727.000,248.000,180.000,1494.000,1547.000,1742.000,1727.000,1618.000,1637.000,248.000,180.000,0,1.000000,25.150000,14.182998,6.947083
1780467617.722286,,,BOARD_2,1,0,1509.000,1552.000,1757.000,1732.000,248.000,180.000,1509.000,1552.000,1757.000,1732.000,248.000,180.000,1509.000,1552.000,1757.000,1732.000,1633.000,1642.000,248.000,180.000,0,1.000000,25.150000,14.251357,6.924167
1780467617.938324,,,BOARD_2,1,0,1512.000,1598.000,1672.000,1656.000,160.000,58.000,1512.000,1598.000,1672.000,1656.000,160.000,58.000,1512.000,1598.000,1672.000,1656.000,1592.000,1627.000,160.000,58.000,0,1.000000,38.980000,14.064508,6.992917
1780467617.938324,,,BOARD_2,1,1,1511.000,1597.000,1671.000,1655.000,160.000,58.000,1511.000,1597.000,1671.000,1655.000,160.000,58.000,1511.000,1597.000,1671.000,1655.000,1591.000,1626.000,160.000,58.000,0,1.000000,38.980000,14.059951,6.997500
1780467618.431683,,,BOARD_2,1,0,1511.000,1597.000,1671.000,1659.000,160.000,62.000,1511.000,1597.000,1671.000,1659.000,160.000,62.000,1511.000,1597.000,1671.000,1659.000,1591.000,1628.000,160.000,62.000,0,1.000000,38.980000,14.059951,6.988333
1780467618.431683,,,BOARD_2,1,1,1511.000,1597.000,1671.000,1659.000,160.000,62.000,1511.000,1597.000,1671.000,1659.000,160.000,62.000,1511.000,1597.000,1671.000,1659.000,1591.000,1628.000,160.000,62.000,0,1.000000,38.980000,14.059951,6.988333
1780467618.655546,,,BOARD_2,1,0,1510.000,1597.000,1670.000,1659.000,160.000,62.000,1510.000,1597.000,1670.000,1659.000,160.000,62.000,1510.000,1597.000,1670.000,1659.000,1590.000,1628.000,160.000,62.000,0,1.000000,38.980000,14.055394,6.988333
1780467618.882577,,,BOARD_2,1,0,1489.000,1547.000,1737.000,1727.000,248.000,180.000,1489.000,1547.000,1737.000,1727.000,248.000,180.000,1489.000,1547.000,1737.000,1727.000,1613.000,1637.000,248.000,180.000,0,1.000000,25.150000,14.160211,6.947083
1780467618.882577,,,BOARD_2,1,1,1493.000,1549.000,1741.000,1729.000,248.000,180.000,1493.000,1549.000,1741.000,1729.000,248.000,180.000,1493.000,1549.000,1741.000,1729.000,1617.000,1639.000,248.000,180.000,0,1.000000,25.150000,14.178441,6.937917
1780467619.352699,,,BOARD_2,1,0,1514.000,1597.000,1674.000,1659.000,160.000,62.000,1514.000,1597.000,1674.000,1659.000,160.000,62.000,1514.000,1597.000,1674.000,1659.000,1594.000,1628.000,160.000,62.000,0,1.000000,38.980000,14.073623,6.988333
1780467619.352699,,,BOARD_2,1,1,1512.000,1596.000,1672.000,1658.000,160.000,62.000,1512.000,1596.000,1672.000,1658.000,160.000,62.000,1512.000,1596.000,1672.000,1658.000,1592.000,1627.000,160.000,62.000,0,1.000000,38.980000,14.064508,6.992917
1780467619.862916,,,BOARD_2,1,0,1513.000,1598.000,1673.000,1656.000,160.000,58.000,1513.000,1598.000,1673.000,1656.000,160.000,58.000,1513.000,1598.000,1673.000,1656.000,1593.000,1627.000,160.000,58.000,0,1.000000,38.980000,14.069066,6.992917
1780467619.862916,,,BOARD_2,1,1,1512.000,1597.000,1672.000,1655.000,160.000,58.000,1512.000,1597.000,1672.000,1655.000,160.000,58.000,1512.000,1597.000,1672.000,1655.000,1592.000,1626.000,160.000,58.000,0,1.000000,38.980000,14.064508,6.997500
1780467620.504241,,,BOARD_2,1,0,1513.000,1598.000,1673.000,1656.000,160.000,58.000,1513.000,1598.000,1673.000,1656.000,160.000,58.000,1513.000,1598.000,1673.000,1656.000,1593.000,1627.000,160.000,58.000,0,1.000000,38.980000,14.069066,6.992917
1780467620.803412,,,BOARD_2,1,0,1513.000,1598.000,1673.000,1656.000,160.000,58.000,1513.000,1598.000,1673.000,1656.000,160.000,58.000,1513.000,1598.000,1673.000,1656.000,1593.000,1627.000,160.000,58.000,0,1.000000,38.980000,14.069066,6.992917
1780467621.101543,,,BOARD_2,1,0,1492.000,1547.000,1740.000,1727.000,248.000,180.000,1492.000,1547.000,1740.000,1727.000,248.000,180.000,1492.000,1547.000,1740.000,1727.000,1616.000,1637.000,248.000,180.000,0,1.000000,25.150000,14.173883,6.947083
1780467621.335085,,,BOARD_2,1,0,1511.000,1598.000,1671.000,1656.000,160.000,58.000,1511.000,1598.000,1671.000,1656.000,160.000,58.000,1511.000,1598.000,1671.000,1656.000,1591.000,1627.000,160.000,58.000,0,1.000000,38.980000,14.059951,6.992917
1780467621.335085,,,BOARD_2,1,1,1500.000,1594.000,1660.000,1652.000,160.000,58.000,1500.000,1594.000,1660.000,1652.000,160.000,58.000,1500.000,1594.000,1660.000,1652.000,1580.000,1623.000,160.000,58.000,0,1.000000,38.980000,14.009821,7.011250
1780467621.585563,,,BOARD_2,1,0,1489.000,1589.000,1649.000,1647.000,160.000,58.000,1489.000,1589.000,1649.000,1647.000,160.000,58.000,1489.000,1589.000,1649.000,1647.000,1569.000,1618.000,160.000,58.000,0,1.000000,38.980000,13.959691,7.034167
1780467621.852660,,,BOARD_2,1,0,1490.000,1545.000,1738.000,1725.000,248.000,180.000,1490.000,1545.000,1738.000,1725.000,248.000,180.000,1490.000,1545.000,1738.000,1725.000,1614.000,1635.000,248.000,180.000,0,1.000000,25.150000,14.164769,6.956250
1780467621.852660,,,BOARD_2,1,1,1489.000,1545.000,1737.000,1725.000,248.000,180.000,1489.000,1545.000,1737.000,1725.000,248.000,180.000,1489.000,1545.000,1737.000,1725.000,1613.000,1635.000,248.000,180.000,0,1.000000,25.150000,14.160211,6.956250
1780467622.306960,,,BOARD_2,1,0,1508.000,1598.000,1668.000,1664.000,160.000,66.000,1508.000,1598.000,1668.000,1664.000,160.000,66.000,1508.000,1598.000,1668.000,1664.000,1588.000,1631.000,160.000,66.000,0,1.000000,38.980000,14.046279,6.974583
1780467622.306960,,,BOARD_2,1,1,1490.000,1546.000,1738.000,1726.000,248.000,180.000,1490.000,1546.000,1738.000,1726.000,248.000,180.000,1490.000,1546.000,1738.000,1726.000,1614.000,1636.000,248.000,180.000,0,1.000000,25.150000,14.164769,6.951667
1780467622.552396,,,BOARD_2,1,0,1502.000,1548.000,1750.000,1728.000,248.000,180.000,1502.000,1548.000,1750.000,1728.000,248.000,180.000,1502.000,1548.000,1750.000,1728.000,1626.000,1638.000,248.000,180.000,0,1.000000,25.150000,14.219456,6.942500
1780467623.072334,,,BOARD_2,1,0,1511.000,1598.000,1671.000,1671.000,160.000,73.000,1511.000,1598.000,1671.000,1671.000,160.000,73.000,1511.000,1598.000,1671.000,1671.000,1591.000,1634.500,160.000,73.000,0,1.000000,38.980000,14.059951,6.958542
1780467623.072334,,,BOARD_2,1,1,1510.000,1599.000,1670.000,1672.000,160.000,73.000,1510.000,1599.000,1670.000,1672.000,160.000,73.000,1510.000,1599.000,1670.000,1672.000,1590.000,1635.500,160.000,73.000,0,1.000000,38.980000,14.055394,6.953958
1780467623.459091,,,BOARD_2,1,0,1509.000,1599.000,1669.000,1672.000,160.000,73.000,1509.000,1599.000,1669.000,1672.000,160.000,73.000,1509.000,1599.000,1669.000,1672.000,1589.000,1635.500,160.000,73.000,0,1.000000,38.980000,14.050836,6.953958
1780467623.789119,,,BOARD_2,1,0,1516.000,1604.000,1676.000,1677.000,160.000,73.000,1516.000,1604.000,1676.000,1677.000,160.000,73.000,1516.000,1604.000,1676.000,1677.000,1596.000,1640.500,160.000,73.000,0,1.000000,38.980000,14.082738,6.931042
1780467623.789119,,,BOARD_2,1,1,1517.000,1605.000,1677.000,1678.000,160.000,73.000,1517.000,1605.000,1677.000,1678.000,160.000,73.000,1517.000,1605.000,1677.000,1678.000,1597.000,1641.500,160.000,73.000,0,1.000000,38.980000,14.087295,6.926458
1780467624.260883,,,BOARD_2,1,0,1516.000,1617.000,1676.000,1697.000,160.000,80.000,1516.000,1617.000,1676.000,1697.000,160.000,80.000,1516.000,1617.000,1676.000,1697.000,1596.000,1657.000,160.000,80.000,0,1.000000,38.980000,14.082738,6.855417
1780467624.260883,,,BOARD_2,1,1,1516.000,1621.000,1676.000,1701.000,160.000,80.000,1516.000,1621.000,1676.000,1701.000,160.000,80.000,1516.000,1621.000,1676.000,1701.000,1596.000,1661.000,160.000,80.000,0,1.000000,38.980000,14.082738,6.837083
1780467624.728325,,,BOARD_2,1,0,1520.000,1630.000,1680.000,1706.000,160.000,76.000,1520.000,1630.000,1680.000,1706.000,160.000,76.000,1520.000,1630.000,1680.000,1706.000,1600.000,1668.000,160.000,76.000,0,1.000000,38.980000,14.100967,6.805000
1780467624.728325,,,BOARD_2,1,1,1521.000,1634.000,1681.000,1710.000,160.000,76.000,1521.000,1634.000,1681.000,1710.000,160.000,76.000,1521.000,1634.000,1681.000,1710.000,1601.000,1672.000,160.000,76.000,0,1.000000,38.980000,14.105524,6.786667
1780467624.955426,,,BOARD_2,1,0,1522.000,1637.000,1682.000,1713.000,160.000,76.000,1522.000,1637.000,1682.000,1713.000,160.000,76.000,1522.000,1637.000,1682.000,1713.000,1602.000,1675.000,160.000,76.000,0,1.000000,38.980000,14.110081,6.772917
1780467625.262074,,,BOARD_2,1,0,1523.000,1635.000,1683.000,1715.000,160.000,80.000,1523.000,1635.000,1683.000,1715.000,160.000,80.000,1523.000,1635.000,1683.000,1715.000,1603.000,1675.000,160.000,80.000,0,1.000000,38.980000,14.114639,6.772917
1780467625.262074,,,BOARD_2,1,1,1524.000,1638.000,1684.000,1718.000,160.000,80.000,1524.000,1638.000,1684.000,1718.000,160.000,80.000,1524.000,1638.000,1684.000,1718.000,1604.000,1678.000,160.000,80.000,0,1.000000,38.980000,14.119196,6.759167
1780467625.505553,,,BOARD_2,1,0,1525.000,1641.000,1685.000,1721.000,160.000,80.000,1525.000,1641.000,1685.000,1721.000,160.000,80.000,1525.000,1641.000,1685.000,1721.000,1605.000,1681.000,160.000,80.000,0,1.000000,38.980000,14.123753,6.745417
1780467625.990388,,,BOARD_2,1,0,1521.000,1644.000,1681.000,1720.000,160.000,76.000,1521.000,1644.000,1681.000,1720.000,160.000,76.000,1521.000,1644.000,1681.000,1720.000,1601.000,1682.000,160.000,76.000,0,1.000000,38.980000,14.105524,6.740833
1780467625.990388,,,BOARD_2,1,1,1487.000,1609.000,1735.000,1789.000,248.000,180.000,1487.000,1609.000,1735.000,1789.000,248.000,180.000,1487.000,1609.000,1735.000,1789.000,1611.000,1699.000,248.000,180.000,0,1.000000,25.150000,14.151097,6.662917
1780467626.238499,,,BOARD_2,1,0,1493.000,1620.000,1741.000,1800.000,248.000,180.000,1493.000,1620.000,1741.000,1800.000,248.000,180.000,1493.000,1620.000,1741.000,1800.000,1617.000,1710.000,248.000,180.000,0,1.000000,25.150000,14.178441,6.612500
1780467626.504409,,,BOARD_2,1,0,1526.000,1652.000,1686.000,1725.000,160.000,73.000,1526.000,1652.000,1686.000,1725.000,160.000,73.000,1526.000,1652.000,1686.000,1725.000,1606.000,1688.500,160.000,73.000,0,1.000000,38.980000,14.128310,6.711042
1780467626.504409,,,BOARD_2,1,1,1527.000,1654.000,1687.000,1727.000,160.000,73.000,1527.000,1654.000,1687.000,1727.000,160.000,73.000,1527.000,1654.000,1687.000,1727.000,1607.000,1690.500,160.000,73.000,0,1.000000,38.980000,14.132868,6.701875
1780467626.775887,,,BOARD_2,1,0,1528.000,1656.000,1688.000,1729.000,160.000,73.000,1528.000,1656.000,1688.000,1729.000,160.000,73.000,1528.000,1656.000,1688.000,1729.000,1608.000,1692.500,160.000,73.000,0,1.000000,38.980000,14.137425,6.692708
1780467627.133406,,,BOARD_2,1,0,1526.000,1658.000,1686.000,1731.000,160.000,73.000,1526.000,1658.000,1686.000,1731.000,160.000,73.000,1526.000,1658.000,1686.000,1731.000,1606.000,1694.500,160.000,73.000,0,1.000000,38.980000,14.128310,6.683542
1780467627.133406,,,BOARD_2,1,1,1526.000,1660.000,1686.000,1733.000,160.000,73.000,1526.000,1660.000,1686.000,1733.000,160.000,73.000,1526.000,1660.000,1686.000,1733.000,1606.000,1696.500,160.000,73.000,0,1.000000,38.980000,14.128310,6.674375
1780467627.374004,,,BOARD_2,1,0,1527.000,1662.000,1687.000,1735.000,160.000,73.000,1527.000,1662.000,1687.000,1735.000,160.000,73.000,1527.000,1662.000,1687.000,1735.000,1607.000,1698.500,160.000,73.000,0,1.000000,38.980000,14.132868,6.665208
1780467627.623244,,,BOARD_2,1,0,1526.000,1665.000,1686.000,1734.000,160.000,69.000,1526.000,1665.000,1686.000,1734.000,160.000,69.000,1526.000,1665.000,1686.000,1734.000,1606.000,1699.500,160.000,69.000,0,1.000000,38.980000,14.128310,6.660625
1780467627.623244,,,BOARD_2,1,1,1526.000,1667.000,1686.000,1736.000,160.000,69.000,1526.000,1667.000,1686.000,1736.000,160.000,69.000,1526.000,1667.000,1686.000,1736.000,1606.000,1701.500,160.000,69.000,0,1.000000,38.980000,14.128310,6.651458
1780467627.838063,,,BOARD_2,1,0,1526.000,1669.000,1686.000,1738.000,160.000,69.000,1526.000,1669.000,1686.000,1738.000,160.000,69.000,1526.000,1669.000,1686.000,1738.000,1606.000,1703.500,160.000,69.000,0,1.000000,38.980000,14.128310,6.642292
1780467628.060267,,,BOARD_2,1,0,1525.000,1666.000,1685.000,1739.000,160.000,73.000,1525.000,1666.000,1685.000,1739.000,160.000,73.000,1525.000,1666.000,1685.000,1739.000,1605.000,1702.500,160.000,73.000,0,1.000000,38.980000,14.123753,6.646875
1780467628.060267,,,BOARD_2,1,1,1525.000,1667.000,1685.000,1740.000,160.000,73.000,1525.000,1667.000,1685.000,1740.000,160.000,73.000,1525.000,1667.000,1685.000,1740.000,1605.000,1703.500,160.000,73.000,0,1.000000,38.980000,14.123753,6.642292
1780467628.449612,,,BOARD_2,1,0,1525.000,1669.000,1685.000,1742.000,160.000,73.000,1525.000,1669.000,1685.000,1742.000,160.000,73.000,1525.000,1669.000,1685.000,1742.000,1605.000,1705.500,160.000,73.000,0,1.000000,38.980000,14.123753,6.633125
1780467628.693578,,,BOARD_2,1,0,1527.000,1671.000,1687.000,1740.000,160.000,69.000,1527.000,1671.000,1687.000,1740.000,160.000,69.000,1527.000,1671.000,1687.000,1740.000,1607.000,1705.500,160.000,69.000,0,1.000000,38.980000,14.132868,6.633125
1780467628.693578,,,BOARD_2,1,1,1527.000,1672.000,1687.000,1741.000,160.000,69.000,1527.000,1672.000,1687.000,1741.000,160.000,69.000,1527.000,1672.000,1687.000,1741.000,1607.000,1706.500,160.000,69.000,0,1.000000,38.980000,14.132868,6.628542
1780467628.936285,,,BOARD_2,1,0,1528.000,1673.000,1688.000,1742.000,160.000,69.000,1528.000,1673.000,1688.000,1742.000,160.000,69.000,1528.000,1673.000,1688.000,1742.000,1608.000,1707.500,160.000,69.000,0,1.000000,38.980000,14.137425,6.623958
1780467629.264474,,,BOARD_2,1,0,1520.000,1675.000,1680.000,1744.000,160.000,69.000,1520.000,1675.000,1680.000,1744.000,160.000,69.000,1520.000,1675.000,1680.000,1744.000,1600.000,1709.500,160.000,69.000,0,1.000000,38.980000,14.100967,6.614792
1780467629.264474,,,BOARD_2,1,1,1519.000,1676.000,1679.000,1745.000,160.000,69.000,1519.000,1676.000,1679.000,1745.000,160.000,69.000,1519.000,1676.000,1679.000,1745.000,1599.000,1710.500,160.000,69.000,0,1.000000,38.980000,14.096409,6.610208
1780467629.493101,,,BOARD_2,1,0,1518.000,1678.000,1678.000,1747.000,160.000,69.000,1518.000,1678.000,1678.000,1747.000,160.000,69.000,1518.000,1678.000,1678.000,1747.000,1598.000,1712.500,160.000,69.000,0,1.000000,38.980000,14.091852,6.601042
1780467629.726192,,,BOARD_2,1,0,1513.000,1678.000,1673.000,1744.000,160.000,66.000,1513.000,1678.000,1673.000,1744.000,160.000,66.000,1513.000,1678.000,1673.000,1744.000,1593.000,1711.000,160.000,66.000,0,1.000000,38.980000,14.069066,6.607917
1780467629.726192,,,BOARD_2,1,1,1511.000,1679.000,1671.000,1745.000,160.000,66.000,1511.000,1679.000,1671.000,1745.000,160.000,66.000,1511.000,1679.000,1671.000,1745.000,1591.000,1712.000,160.000,66.000,0,1.000000,38.980000,14.059951,6.603333
1780467629.933870,,,BOARD_2,1,0,1509.000,1680.000,1669.000,1746.000,160.000,66.000,1509.000,1680.000,1669.000,1746.000,160.000,66.000,1509.000,1680.000,1669.000,1746.000,1589.000,1713.000,160.000,66.000,0,1.000000,38.980000,14.050836,6.598750
1780467630.162675,,,BOARD_2,1,0,1510.000,1678.000,1670.000,1744.000,160.000,66.000,1510.000,1678.000,1670.000,1744.000,160.000,66.000,1510.000,1678.000,1670.000,1744.000,1590.000,1711.000,160.000,66.000,0,1.000000,38.980000,14.055394,6.607917
1780467630.162675,,,BOARD_2,1,1,1509.000,1678.000,1669.000,1744.000,160.000,66.000,1509.000,1678.000,1669.000,1744.000,160.000,66.000,1509.000,1678.000,1669.000,1744.000,1589.000,1711.000,160.000,66.000,0,1.000000,38.980000,14.050836,6.607917
1780467630.372640,,,BOARD_2,1,0,1507.000,1679.000,1667.000,1745.000,160.000,66.000,1507.000,1679.000,1667.000,1745.000,160.000,66.000,1507.000,1679.000,1667.000,1745.000,1587.000,1712.000,160.000,66.000,0,1.000000,38.980000,14.041722,6.603333
1780467630.589119,,,BOARD_2,1,0,1504.000,1682.000,1664.000,1740.000,160.000,58.000,1504.000,1682.000,1664.000,1740.000,160.000,58.000,1504.000,1682.000,1664.000,1740.000,1584.000,1711.000,160.000,58.000,0,1.000000,38.980000,14.028050,6.607917
1780467630.589119,,,BOARD_2,1,1,1502.000,1682.000,1662.000,1740.000,160.000,58.000,1502.000,1682.000,1662.000,1740.000,160.000,58.000,1502.000,1682.000,1662.000,1740.000,1582.000,1711.000,160.000,58.000,0,1.000000,38.980000,14.018935,6.607917
1780467630.811270,,,BOARD_2,1,0,1501.000,1682.000,1661.000,1740.000,160.000,58.000,1501.000,1682.000,1661.000,1740.000,160.000,58.000,1501.000,1682.000,1661.000,1740.000,1581.000,1711.000,160.000,58.000,0,1.000000,38.980000,14.014378,6.607917
1780467631.034228,,,BOARD_2,1,0,1498.000,1679.000,1658.000,1741.000,160.000,62.000,1498.000,1679.000,1658.000,1741.000,160.000,62.000,1498.000,1679.000,1658.000,1741.000,1578.000,1710.000,160.000,62.000,0,1.000000,38.980000,14.000706,6.612500
1780467631.034228,,,BOARD_2,1,1,1496.000,1679.000,1656.000,1741.000,160.000,62.000,1496.000,1679.000,1656.000,1741.000,160.000,62.000,1496.000,1679.000,1656.000,1741.000,1576.000,1710.000,160.000,62.000,0,1.000000,38.980000,13.991592,6.612500
1780467631.245324,,,BOARD_2,1,0,1494.000,1679.000,1654.000,1741.000,160.000,62.000,1494.000,1679.000,1654.000,1741.000,160.000,62.000,1494.000,1679.000,1654.000,1741.000,1574.000,1710.000,160.000,62.000,0,1.000000,38.980000,13.982477,6.612500
1780467631.531024,,,BOARD_2,1,0,1500.000,1676.000,1660.000,1742.000,160.000,66.000,1500.000,1676.000,1660.000,1742.000,160.000,66.000,1500.000,1676.000,1660.000,1742.000,1580.000,1709.000,160.000,66.000,0,1.000000,38.980000,14.009821,6.617083
1780467631.789457,,,BOARD_2,1,0,1500.000,1676.000,1660.000,1742.000,160.000,66.000,1500.000,1676.000,1660.000,1742.000,160.000,66.000,1500.000,1676.000,1660.000,1742.000,1580.000,1709.000,160.000,66.000,0,1.000000,38.980000,14.009821,6.617083
1780467631.789457,,,BOARD_2,1,1,1499.000,1676.000,1659.000,1742.000,160.000,66.000,1499.000,1676.000,1659.000,1742.000,160.000,66.000,1499.000,1676.000,1659.000,1742.000,1579.000,1709.000,160.000,66.000,0,1.000000,38.980000,14.005264,6.617083
1780467632.278132,,,BOARD_2,1,0,1494.000,1671.000,1654.000,1740.000,160.000,69.000,1494.000,1671.000,1654.000,1740.000,160.000,69.000,1494.000,1671.000,1654.000,1740.000,1574.000,1705.500,160.000,69.000,0,1.000000,38.980000,13.982477,6.633125
1780467632.579340,,,BOARD_2,1,0,1493.000,1670.000,1653.000,1739.000,160.000,69.000,1493.000,1670.000,1653.000,1739.000,160.000,69.000,1493.000,1670.000,1653.000,1739.000,1573.000,1704.500,160.000,69.000,0,1.000000,38.980000,13.977920,6.637708
1780467632.579340,,,BOARD_2,1,1,1491.000,1670.000,1651.000,1739.000,160.000,69.000,1491.000,1670.000,1651.000,1739.000,160.000,69.000,1491.000,1670.000,1651.000,1739.000,1571.000,1704.500,160.000,69.000,0,1.000000,38.980000,13.968805,6.637708
1780467632.579340,,,BOARD_2,4,2,1143.000,1512.000,1179.000,1548.000,36.000,36.000,1143.000,1512.000,1179.000,1548.000,36.000,36.000,1143.000,1512.000,1179.000,1548.000,1161.000,1530.000,36.000,36.000,0,1.000000,173.260000,338.911316,7.437500
1780467632.952280,,,BOARD_2,1,0,1495.000,1662.000,1655.000,1735.000,160.000,73.000,1495.000,1662.000,1655.000,1735.000,160.000,73.000,1495.000,1662.000,1655.000,1735.000,1575.000,1698.500,160.000,73.000,0,1.000000,38.980000,13.987034,6.665208
1780467632.952280,,,BOARD_2,1,1,1495.000,1660.000,1655.000,1733.000,160.000,73.000,1495.000,1660.000,1655.000,1733.000,160.000,73.000,1495.000,1660.000,1655.000,1733.000,1575.000,1696.500,160.000,73.000,0,1.000000,38.980000,13.987034,6.674375
1780467633.171768,,,BOARD_2,1,0,1494.000,1659.000,1654.000,1732.000,160.000,73.000,1494.000,1659.000,1654.000,1732.000,160.000,73.000,1494.000,1659.000,1654.000,1732.000,1574.000,1695.500,160.000,73.000,0,1.000000,38.980000,13.982477,6.678958
1780467633.409894,,,BOARD_2,1,0,1497.000,1660.000,1657.000,1726.000,160.000,66.000,1497.000,1660.000,1657.000,1726.000,160.000,66.000,1497.000,1660.000,1657.000,1726.000,1577.000,1693.000,160.000,66.000,0,1.000000,38.980000,13.996149,6.690417
1780467633.409894,,,BOARD_2,1,1,1497.000,1658.000,1657.000,1724.000,160.000,66.000,1497.000,1658.000,1657.000,1724.000,160.000,66.000,1497.000,1658.000,1657.000,1724.000,1577.000,1691.000,160.000,66.000,0,1.000000,38.980000,13.996149,6.699583
1780467633.644201,,,BOARD_2,1,0,1497.000,1657.000,1657.000,1723.000,160.000,66.000,1497.000,1657.000,1657.000,1723.000,160.000,66.000,1497.000,1657.000,1657.000,1723.000,1577.000,1690.000,160.000,66.000,0,1.000000,38.980000,13.996149,6.704167
1780467633.859729,,,BOARD_2,1,0,1499.000,1653.000,1659.000,1722.000,160.000,69.000,1499.000,1653.000,1659.000,1722.000,160.000,69.000,1499.000,1653.000,1659.000,1722.000,1579.000,1687.500,160.000,69.000,0,1.000000,38.980000,14.005264,6.715625
1780467633.859729,,,BOARD_2,1,1,1499.000,1651.000,1659.000,1720.000,160.000,69.000,1499.000,1651.000,1659.000,1720.000,160.000,69.000,1499.000,1651.000,1659.000,1720.000,1579.000,1685.500,160.000,69.000,0,1.000000,38.980000,14.005264,6.724792
1780467634.120811,,,BOARD_2,1,0,1500.000,1649.000,1660.000,1718.000,160.000,69.000,1500.000,1649.000,1660.000,1718.000,160.000,69.000,1500.000,1649.000,1660.000,1718.000,1580.000,1683.500,160.000,69.000,0,1.000000,38.980000,14.009821,6.733958
1780467634.401660,,,BOARD_2,1,0,1500.000,1649.000,1660.000,1718.000,160.000,69.000,1500.000,1649.000,1660.000,1718.000,160.000,69.000,1500.000,1649.000,1660.000,1718.000,1580.000,1683.500,160.000,69.000,0,1.000000,38.980000,14.009821,6.733958
1780467634.401660,,,BOARD_2,1,1,1500.000,1647.000,1660.000,1716.000,160.000,69.000,1500.000,1647.000,1660.000,1716.000,160.000,69.000,1500.000,1647.000,1660.000,1716.000,1580.000,1681.500,160.000,69.000,0,1.000000,38.980000,14.009821,6.743125
1780467634.614575,,,BOARD_2,1,0,1501.000,1646.000,1661.000,1715.000,160.000,69.000,1501.000,1646.000,1661.000,1715.000,160.000,69.000,1501.000,1646.000,1661.000,1715.000,1581.000,1680.500,160.000,69.000,0,1.000000,38.980000,14.014378,6.747708
1780467634.860971,,,BOARD_2,1,0,1502.000,1643.000,1662.000,1712.000,160.000,69.000,1502.000,1643.000,1662.000,1712.000,160.000,69.000,1502.000,1643.000,1662.000,1712.000,1582.000,1677.500,160.000,69.000,0,1.000000,38.980000,14.018935,6.761458
1780467634.860971,,,BOARD_2,1,1,1503.000,1641.000,1663.000,1710.000,160.000,69.000,1503.000,1641.000,1663.000,1710.000,160.000,69.000,1503.000,1641.000,1663.000,1710.000,1583.000,1675.500,160.000,69.000,0,1.000000,38.980000,14.023493,6.770625
1780467635.088159,,,BOARD_2,1,0,1503.000,1639.000,1663.000,1708.000,160.000,69.000,1503.000,1639.000,1663.000,1708.000,160.000,69.000,1503.000,1639.000,1663.000,1708.000,1583.000,1673.500,160.000,69.000,0,1.000000,38.980000,14.023493,6.779792
1780467635.338218,,,BOARD_2,1,0,1500.000,1642.000,1660.000,1708.000,160.000,66.000,1500.000,1642.000,1660.000,1708.000,160.000,66.000,1500.000,1642.000,1660.000,1708.000,1580.000,1675.000,160.000,66.000,0,1.000000,38.980000,14.009821,6.772917
1780467635.338218,,,BOARD_2,1,1,1500.000,1641.000,1660.000,1707.000,160.000,66.000,1500.000,1641.000,1660.000,1707.000,160.000,66.000,1500.000,1641.000,1660.000,1707.000,1580.000,1674.000,160.000,66.000,0,1.000000,38.980000,14.009821,6.777500
1780467635.603799,,,BOARD_2,1,0,1500.000,1639.000,1660.000,1705.000,160.000,66.000,1500.000,1639.000,1660.000,1705.000,160.000,66.000,1500.000,1639.000,1660.000,1705.000,1580.000,1672.000,160.000,66.000,0,1.000000,38.980000,14.009821,6.786667
1780467635.914390,,,BOARD_2,1,0,1499.000,1638.000,1659.000,1704.000,160.000,66.000,1499.000,1638.000,1659.000,1704.000,160.000,66.000,1499.000,1638.000,1659.000,1704.000,1579.000,1671.000,160.000,66.000,0,1.000000,38.980000,14.005264,6.791250
1780467635.914390,,,BOARD_2,1,1,1499.000,1637.000,1659.000,1703.000,160.000,66.000,1499.000,1637.000,1659.000,1703.000,160.000,66.000,1499.000,1637.000,1659.000,1703.000,1579.000,1670.000,160.000,66.000,0,1.000000,38.980000,14.005264,6.795833
1780467636.177107,,,BOARD_2,1,0,1499.000,1635.000,1659.000,1701.000,160.000,66.000,1499.000,1635.000,1659.000,1701.000,160.000,66.000,1499.000,1635.000,1659.000,1701.000,1579.000,1668.000,160.000,66.000,0,1.000000,38.980000,14.005264,6.805000
1780467636.457377,,,BOARD_2,1,0,1496.000,1631.000,1656.000,1700.000,160.000,69.000,1496.000,1631.000,1656.000,1700.000,160.000,69.000,1496.000,1631.000,1656.000,1700.000,1576.000,1665.500,160.000,69.000,0,1.000000,38.980000,13.991592,6.816458
1780467636.457377,,,BOARD_2,1,1,1495.000,1629.000,1655.000,1698.000,160.000,69.000,1495.000,1629.000,1655.000,1698.000,160.000,69.000,1495.000,1629.000,1655.000,1698.000,1575.000,1663.500,160.000,69.000,0,1.000000,38.980000,13.987034,6.825625
1780467636.734976,,,BOARD_2,1,0,1495.000,1628.000,1655.000,1697.000,160.000,69.000,1495.000,1628.000,1655.000,1697.000,160.000,69.000,1495.000,1628.000,1655.000,1697.000,1575.000,1662.500,160.000,69.000,0,1.000000,38.980000,13.987034,6.830208
1780467637.267710,,,BOARD_2,1,0,1496.000,1627.000,1656.000,1696.000,160.000,69.000,1496.000,1627.000,1656.000,1696.000,160.000,69.000,1496.000,1627.000,1656.000,1696.000,1576.000,1661.500,160.000,69.000,0,1.000000,38.980000,13.991592,6.834792
1780467637.267710,,,BOARD_2,1,1,1496.000,1626.000,1656.000,1695.000,160.000,69.000,1496.000,1626.000,1656.000,1695.000,160.000,69.000,1496.000,1626.000,1656.000,1695.000,1576.000,1660.500,160.000,69.000,0,1.000000,38.980000,13.991592,6.839375
1780467637.477360,,,BOARD_2,1,0,1495.000,1624.000,1655.000,1693.000,160.000,69.000,1495.000,1624.000,1655.000,1693.000,160.000,69.000,1495.000,1624.000,1655.000,1693.000,1575.000,1658.500,160.000,69.000,0,1.000000,38.980000,13.987034,6.848542
1780467637.732183,,,BOARD_2,1,0,1476.000,1584.000,1724.000,1764.000,248.000,180.000,1476.000,1584.000,1724.000,1764.000,248.000,180.000,1476.000,1584.000,1724.000,1764.000,1600.000,1674.000,248.000,180.000,0,1.000000,25.150000,14.100967,6.777500
1780467637.732183,,,BOARD_2,1,1,1480.000,1586.000,1728.000,1766.000,248.000,180.000,1480.000,1586.000,1728.000,1766.000,248.000,180.000,1480.000,1586.000,1728.000,1766.000,1604.000,1676.000,248.000,180.000,0,1.000000,25.150000,14.119196,6.768333
1780467638.198769,,,BOARD_2,1,0,1496.000,1626.000,1656.000,1692.000,160.000,66.000,1496.000,1626.000,1656.000,1692.000,160.000,66.000,1496.000,1626.000,1656.000,1692.000,1576.000,1659.000,160.000,66.000,0,1.000000,38.980000,13.991592,6.846250
1780467638.198769,,,BOARD_2,1,1,1494.000,1624.000,1654.000,1690.000,160.000,66.000,1494.000,1624.000,1654.000,1690.000,160.000,66.000,1494.000,1624.000,1654.000,1690.000,1574.000,1657.000,160.000,66.000,0,1.000000,38.980000,13.982477,6.855417
1780467638.630764,,,BOARD_2,1,0,1496.000,1624.000,1656.000,1690.000,160.000,66.000,1496.000,1624.000,1656.000,1690.000,160.000,66.000,1496.000,1624.000,1656.000,1690.000,1576.000,1657.000,160.000,66.000,0,1.000000,38.980000,13.991592,6.855417
1780467638.630764,,,BOARD_2,1,1,1495.000,1623.000,1655.000,1689.000,160.000,66.000,1495.000,1623.000,1655.000,1689.000,160.000,66.000,1495.000,1623.000,1655.000,1689.000,1575.000,1656.000,160.000,66.000,0,1.000000,38.980000,13.987034,6.860000
1780467640.387219,,,BOARD_2,1,0,1496.000,1625.000,1656.000,1694.000,160.000,69.000,1496.000,1625.000,1656.000,1694.000,160.000,69.000,1496.000,1625.000,1656.000,1694.000,1576.000,1659.500,160.000,69.000,0,1.000000,38.980000,13.991592,6.843958
1780467640.894505,,,BOARD_2,1,0,1495.000,1629.000,1655.000,1698.000,160.000,69.000,1495.000,1629.000,1655.000,1698.000,160.000,69.000,1495.000,1629.000,1655.000,1698.000,1575.000,1663.500,160.000,69.000,0,1.000000,38.980000,13.987034,6.825625
1780467640.894505,,,BOARD_2,1,1,1495.000,1630.000,1655.000,1699.000,160.000,69.000,1495.000,1630.000,1655.000,1699.000,160.000,69.000,1495.000,1630.000,1655.000,1699.000,1575.000,1664.500,160.000,69.000,0,1.000000,38.980000,13.987034,6.821042
1780467641.334555,,,BOARD_2,1,0,1489.000,1633.000,1649.000,1702.000,160.000,69.000,1489.000,1633.000,1649.000,1702.000,160.000,69.000,1489.000,1633.000,1649.000,1702.000,1569.000,1667.500,160.000,69.000,0,1.000000,38.980000,13.959691,6.807292
1780467641.334555,,,BOARD_2,1,1,1488.000,1634.000,1648.000,1703.000,160.000,69.000,1488.000,1634.000,1648.000,1703.000,160.000,69.000,1488.000,1634.000,1648.000,1703.000,1568.000,1668.500,160.000,69.000,0,1.000000,38.980000,13.955133,6.802708
1780467641.848759,,,BOARD_2,1,0,1488.000,1637.000,1648.000,1706.000,160.000,69.000,1488.000,1637.000,1648.000,1706.000,160.000,69.000,1488.000,1637.000,1648.000,1706.000,1568.000,1671.500,160.000,69.000,0,1.000000,38.980000,13.955133,6.788958
1780467641.848759,,,BOARD_2,1,1,1487.000,1638.000,1647.000,1707.000,160.000,69.000,1487.000,1638.000,1647.000,1707.000,160.000,69.000,1487.000,1638.000,1647.000,1707.000,1567.000,1672.500,160.000,69.000,0,1.000000,38.980000,13.950576,6.784375
1780467642.459511,,,BOARD_2,1,0,1487.000,1641.000,1647.000,1710.000,160.000,69.000,1487.000,1641.000,1647.000,1710.000,160.000,69.000,1487.000,1641.000,1647.000,1710.000,1567.000,1675.500,160.000,69.000,0,1.000000,38.980000,13.950576,6.770625
1780467642.459511,,,BOARD_2,1,1,1486.000,1642.000,1646.000,1711.000,160.000,69.000,1486.000,1642.000,1646.000,1711.000,160.000,69.000,1486.000,1642.000,1646.000,1711.000,1566.000,1676.500,160.000,69.000,0,1.000000,38.980000,13.946019,6.766042
1780467642.685299,,,BOARD_2,1,0,1486.000,1644.000,1646.000,1713.000,160.000,69.000,1486.000,1644.000,1646.000,1713.000,160.000,69.000,1486.000,1644.000,1646.000,1713.000,1566.000,1678.500,160.000,69.000,0,1.000000,38.980000,13.946019,6.756875
1780467642.928617,,,BOARD_2,1,0,1489.000,1642.000,1649.000,1718.000,160.000,76.000,1489.000,1642.000,1649.000,1718.000,160.000,76.000,1489.000,1642.000,1649.000,1718.000,1569.000,1680.000,160.000,76.000,0,1.000000,38.980000,13.959691,6.750000
1780467643.161603,,,BOARD_2,1,0,1489.000,1643.000,1649.000,1719.000,160.000,76.000,1489.000,1643.000,1649.000,1719.000,160.000,76.000,1489.000,1643.000,1649.000,1719.000,1569.000,1681.000,160.000,76.000,0,1.000000,38.980000,13.959691,6.745417
1780467643.161603,,,BOARD_2,1,1,1489.000,1645.000,1649.000,1721.000,160.000,76.000,1489.000,1645.000,1649.000,1721.000,160.000,76.000,1489.000,1645.000,1649.000,1721.000,1569.000,1683.000,160.000,76.000,0,1.000000,38.980000,13.959691,6.736250
1780467643.634108,,,BOARD_2,1,0,1485.000,1648.000,1645.000,1721.000,160.000,73.000,1485.000,1648.000,1645.000,1721.000,160.000,73.000,1485.000,1648.000,1645.000,1721.000,1565.000,1684.500,160.000,73.000,0,1.000000,38.980000,13.941461,6.729375
1780467643.634108,,,BOARD_2,1,1,1484.000,1649.000,1644.000,1722.000,160.000,73.000,1484.000,1649.000,1644.000,1722.000,160.000,73.000,1484.000,1649.000,1644.000,1722.000,1564.000,1685.500,160.000,73.000,0,1.000000,38.980000,13.936904,6.724792
1780467643.862047,,,BOARD_2,1,0,1484.000,1651.000,1644.000,1724.000,160.000,73.000,1484.000,1651.000,1644.000,1724.000,160.000,73.000,1484.000,1651.000,1644.000,1724.000,1564.000,1687.500,160.000,73.000,0,1.000000,38.980000,13.936904,6.715625
1780467644.227931,,,BOARD_2,1,0,1490.000,1655.000,1650.000,1724.000,160.000,69.000,1490.000,1655.000,1650.000,1724.000,160.000,69.000,1490.000,1655.000,1650.000,1724.000,1570.000,1689.500,160.000,69.000,0,1.000000,38.980000,13.964248,6.706458
1780467644.489926,,,BOARD_2,1,0,1491.000,1657.000,1651.000,1726.000,160.000,69.000,1491.000,1657.000,1651.000,1726.000,160.000,69.000,1491.000,1657.000,1651.000,1726.000,1571.000,1691.500,160.000,69.000,0,1.000000,38.980000,13.968805,6.697292
1780467644.489926,,,BOARD_2,1,1,1453.000,1614.000,1701.000,1794.000,248.000,180.000,1453.000,1614.000,1701.000,1794.000,248.000,180.000,1453.000,1614.000,1701.000,1794.000,1577.000,1704.000,248.000,180.000,0,1.000000,25.150000,13.996149,6.640000
1780467644.980388,,,BOARD_2,1,0,1492.000,1656.000,1652.000,1729.000,160.000,73.000,1492.000,1656.000,1652.000,1729.000,160.000,73.000,1492.000,1656.000,1652.000,1729.000,1572.000,1692.500,160.000,73.000,0,1.000000,38.980000,13.973363,6.692708
1780467644.980388,,,BOARD_2,1,1,1490.000,1652.000,1650.000,1725.000,160.000,73.000,1490.000,1652.000,1650.000,1725.000,160.000,73.000,1490.000,1652.000,1650.000,1725.000,1570.000,1688.500,160.000,73.000,0,1.000000,38.980000,13.964248,6.711042
1780467645.249091,,,BOARD_2,1,0,1449.000,1619.000,1697.000,1799.000,248.000,180.000,1449.000,1619.000,1697.000,1799.000,248.000,180.000,1449.000,1619.000,1697.000,1799.000,1573.000,1709.000,248.000,180.000,0,1.000000,25.150000,13.977920,6.617083
1780467645.490557,,,BOARD_2,1,0,1490.000,1662.000,1650.000,1728.000,160.000,66.000,1490.000,1662.000,1650.000,1728.000,160.000,66.000,1490.000,1662.000,1650.000,1728.000,1570.000,1695.000,160.000,66.000,0,1.000000,38.980000,13.964248,6.681250
1780467645.490557,,,BOARD_2,1,1,1488.000,1655.000,1648.000,1721.000,160.000,66.000,1488.000,1655.000,1648.000,1721.000,160.000,66.000,1488.000,1655.000,1648.000,1721.000,1568.000,1688.000,160.000,66.000,0,1.000000,38.980000,13.955133,6.713333
1780467645.765032,,,BOARD_2,1,0,1486.000,1649.000,1646.000,1715.000,160.000,66.000,1486.000,1649.000,1646.000,1715.000,160.000,66.000,1486.000,1649.000,1646.000,1715.000,1566.000,1682.000,160.000,66.000,0,1.000000,38.980000,13.946019,6.740833
1780467646.058227,,,BOARD_2,1,0,1491.000,1662.000,1651.000,1728.000,160.000,66.000,1491.000,1662.000,1651.000,1728.000,160.000,66.000,1491.000,1662.000,1651.000,1728.000,1571.000,1695.000,160.000,66.000,0,1.000000,38.980000,13.968805,6.681250
1780467646.058227,,,BOARD_2,1,1,1490.000,1659.000,1650.000,1725.000,160.000,66.000,1490.000,1659.000,1650.000,1725.000,160.000,66.000,1490.000,1659.000,1650.000,1725.000,1570.000,1692.000,160.000,66.000,0,1.000000,38.980000,13.964248,6.695000
1780467646.399420,,,BOARD_2,1,0,1490.000,1656.000,1650.000,1722.000,160.000,66.000,1490.000,1656.000,1650.000,1722.000,160.000,66.000,1490.000,1656.000,1650.000,1722.000,1570.000,1689.000,160.000,66.000,0,1.000000,38.980000,13.964248,6.708750
1780467646.655183,,,BOARD_2,1,0,1489.000,1663.000,1649.000,1725.000,160.000,62.000,1489.000,1663.000,1649.000,1725.000,160.000,62.000,1489.000,1663.000,1649.000,1725.000,1569.000,1694.000,160.000,62.000,0,1.000000,38.980000,13.959691,6.685833
1780467646.655183,,,BOARD_2,1,1,1456.000,1627.000,1704.000,1807.000,248.000,180.000,1456.000,1627.000,1704.000,1807.000,248.000,180.000,1456.000,1627.000,1704.000,1807.000,1580.000,1717.000,248.000,180.000,0,1.000000,25.150000,14.009821,6.580417
1780467646.923881,,,BOARD_2,1,0,1462.000,1639.000,1710.000,1819.000,248.000,180.000,1462.000,1639.000,1710.000,1819.000,248.000,180.000,1462.000,1639.000,1710.000,1819.000,1586.000,1729.000,248.000,180.000,0,1.000000,25.150000,14.037165,6.525417
1780467647.196141,,,BOARD_2,1,0,1488.000,1657.000,1648.000,1726.000,160.000,69.000,1488.000,1657.000,1648.000,1726.000,160.000,69.000,1488.000,1657.000,1648.000,1726.000,1568.000,1691.500,160.000,69.000,0,1.000000,38.980000,13.955133,6.697292
1780467647.496106,,,BOARD_2,1,0,1487.000,1655.000,1647.000,1724.000,160.000,69.000,1487.000,1655.000,1647.000,1724.000,160.000,69.000,1487.000,1655.000,1647.000,1724.000,1567.000,1689.500,160.000,69.000,0,1.000000,38.980000,13.950576,6.706458
1780467647.496106,,,BOARD_2,1,1,1487.000,1654.000,1647.000,1723.000,160.000,69.000,1487.000,1654.000,1647.000,1723.000,160.000,69.000,1487.000,1654.000,1647.000,1723.000,1567.000,1688.500,160.000,69.000,0,1.000000,38.980000,13.950576,6.711042
1780467647.940053,,,BOARD_2,1,0,1488.000,1653.000,1648.000,1722.000,160.000,69.000,1488.000,1653.000,1648.000,1722.000,160.000,69.000,1488.000,1653.000,1648.000,1722.000,1568.000,1687.500,160.000,69.000,0,1.000000,38.980000,13.955133,6.715625
1780467647.940053,,,BOARD_2,1,1,1488.000,1652.000,1648.000,1721.000,160.000,69.000,1488.000,1652.000,1648.000,1721.000,160.000,69.000,1488.000,1652.000,1648.000,1721.000,1568.000,1686.500,160.000,69.000,0,1.000000,38.980000,13.955133,6.720208
1780467648.199195,,,BOARD_2,1,0,1487.000,1650.000,1647.000,1719.000,160.000,69.000,1487.000,1650.000,1647.000,1719.000,160.000,69.000,1487.000,1650.000,1647.000,1719.000,1567.000,1684.500,160.000,69.000,0,1.000000,38.980000,13.950576,6.729375
1780467648.566967,,,BOARD_2,1,0,1486.000,1649.000,1646.000,1718.000,160.000,69.000,1486.000,1649.000,1646.000,1718.000,160.000,69.000,1486.000,1649.000,1646.000,1718.000,1566.000,1683.500,160.000,69.000,0,1.000000,38.980000,13.946019,6.733958
1780467648.566967,,,BOARD_2,1,1,1485.000,1648.000,1645.000,1717.000,160.000,69.000,1485.000,1648.000,1645.000,1717.000,160.000,69.000,1485.000,1648.000,1645.000,1717.000,1565.000,1682.500,160.000,69.000,0,1.000000,38.980000,13.941461,6.738542
1780467648.782242,,,BOARD_2,1,0,1485.000,1646.000,1645.000,1715.000,160.000,69.000,1485.000,1646.000,1645.000,1715.000,160.000,69.000,1485.000,1646.000,1645.000,1715.000,1565.000,1680.500,160.000,69.000,0,1.000000,38.980000,13.941461,6.747708
1780467649.050987,,,BOARD_2,1,0,1485.000,1645.000,1645.000,1714.000,160.000,69.000,1485.000,1645.000,1645.000,1714.000,160.000,69.000,1485.000,1645.000,1645.000,1714.000,1565.000,1679.500,160.000,69.000,0,1.000000,38.980000,13.941461,6.752292
1780467649.050987,,,BOARD_2,1,1,1485.000,1644.000,1645.000,1713.000,160.000,69.000,1485.000,1644.000,1645.000,1713.000,160.000,69.000,1485.000,1644.000,1645.000,1713.000,1565.000,1678.500,160.000,69.000,0,1.000000,38.980000,13.941461,6.756875
1780467649.278694,,,BOARD_2,1,0,1484.000,1642.000,1644.000,1711.000,160.000,69.000,1484.000,1642.000,1644.000,1711.000,160.000,69.000,1484.000,1642.000,1644.000,1711.000,1564.000,1676.500,160.000,69.000,0,1.000000,38.980000,13.936904,6.766042
1780467650.384964,,,BOARD_2,1,0,1485.000,1641.000,1645.000,1710.000,160.000,69.000,1485.000,1641.000,1645.000,1710.000,160.000,69.000,1485.000,1641.000,1645.000,1710.000,1565.000,1675.500,160.000,69.000,0,1.000000,38.980000,13.941461,6.770625
1780467650.913812,,,BOARD_2,1,0,1485.000,1637.000,1645.000,1706.000,160.000,69.000,1485.000,1637.000,1645.000,1706.000,160.000,69.000,1485.000,1637.000,1645.000,1706.000,1565.000,1671.500,160.000,69.000,0,1.000000,38.980000,13.941461,6.788958
1780467650.913812,,,BOARD_2,1,1,1485.000,1636.000,1645.000,1705.000,160.000,69.000,1485.000,1636.000,1645.000,1705.000,160.000,69.000,1485.000,1636.000,1645.000,1705.000,1565.000,1670.500,160.000,69.000,0,1.000000,38.980000,13.941461,6.793542
1780467651.645238,,,BOARD_2,1,0,1483.000,1636.000,1643.000,1702.000,160.000,66.000,1483.000,1636.000,1643.000,1702.000,160.000,66.000,1483.000,1636.000,1643.000,1702.000,1563.000,1669.000,160.000,66.000,0,1.000000,38.980000,13.932347,6.800417
1780467651.645238,,,BOARD_2,1,1,1483.000,1635.000,1643.000,1701.000,160.000,66.000,1483.000,1635.000,1643.000,1701.000,160.000,66.000,1483.000,1635.000,1643.000,1701.000,1563.000,1668.000,160.000,66.000,0,1.000000,38.980000,13.932347,6.805000
1780467652.194390,,,BOARD_2,1,0,1485.000,1633.000,1645.000,1702.000,160.000,69.000,1485.000,1633.000,1645.000,1702.000,160.000,69.000,1485.000,1633.000,1645.000,1702.000,1565.000,1667.500,160.000,69.000,0,1.000000,38.980000,13.941461,6.807292
1780467652.194390,,,BOARD_2,1,1,1485.000,1632.000,1645.000,1701.000,160.000,69.000,1485.000,1632.000,1645.000,1701.000,160.000,69.000,1485.000,1632.000,1645.000,1701.000,1565.000,1666.500,160.000,69.000,0,1.000000,38.980000,13.941461,6.811875
1780467652.694165,,,BOARD_2,1,0,1485.000,1630.000,1645.000,1696.000,160.000,66.000,1485.000,1630.000,1645.000,1696.000,160.000,66.000,1485.000,1630.000,1645.000,1696.000,1565.000,1663.000,160.000,66.000,0,1.000000,38.980000,13.941461,6.827917
1780467652.694165,,,BOARD_2,1,1,1485.000,1629.000,1645.000,1695.000,160.000,66.000,1485.000,1629.000,1645.000,1695.000,160.000,66.000,1485.000,1629.000,1645.000,1695.000,1565.000,1662.000,160.000,66.000,0,1.000000,38.980000,13.941461,6.832500
1780467652.940383,,,BOARD_2,1,0,1485.000,1628.000,1645.000,1694.000,160.000,66.000,1485.000,1628.000,1645.000,1694.000,160.000,66.000,1485.000,1628.000,1645.000,1694.000,1565.000,1661.000,160.000,66.000,0,1.000000,38.980000,13.941461,6.837083
1780467653.167573,,,BOARD_2,1,0,1449.000,1586.000,1697.000,1766.000,248.000,180.000,1449.000,1586.000,1697.000,1766.000,248.000,180.000,1449.000,1586.000,1697.000,1766.000,1573.000,1676.000,248.000,180.000,0,1.000000,25.150000,13.977920,6.768333
1780467653.167573,,,BOARD_2,1,1,1451.000,1588.000,1699.000,1768.000,248.000,180.000,1451.000,1588.000,1699.000,1768.000,248.000,180.000,1451.000,1588.000,1699.000,1768.000,1575.000,1678.000,248.000,180.000,0,1.000000,25.150000,13.987034,6.759167
1780467653.662244,,,BOARD_2,1,0,1485.000,1625.000,1645.000,1694.000,160.000,69.000,1485.000,1625.000,1645.000,1694.000,160.000,69.000,1485.000,1625.000,1645.000,1694.000,1565.000,1659.500,160.000,69.000,0,1.000000,38.980000,13.941461,6.843958
1780467653.662244,,,BOARD_2,1,1,1484.000,1623.000,1644.000,1692.000,160.000,69.000,1484.000,1623.000,1644.000,1692.000,160.000,69.000,1484.000,1623.000,1644.000,1692.000,1564.000,1657.500,160.000,69.000,0,1.000000,38.980000,13.936904,6.853125
1780467654.229461,,,BOARD_2,1,0,1487.000,1623.000,1647.000,1692.000,160.000,69.000,1487.000,1623.000,1647.000,1692.000,160.000,69.000,1487.000,1623.000,1647.000,1692.000,1567.000,1657.500,160.000,69.000,0,1.000000,38.980000,13.950576,6.853125
1780467654.229461,,,BOARD_2,1,1,1487.000,1622.000,1647.000,1691.000,160.000,69.000,1487.000,1622.000,1647.000,1691.000,160.000,69.000,1487.000,1622.000,1647.000,1691.000,1567.000,1656.500,160.000,69.000,0,1.000000,38.980000,13.950576,6.857708
1780467654.690607,,,BOARD_2,1,0,1484.000,1622.000,1644.000,1688.000,160.000,66.000,1484.000,1622.000,1644.000,1688.000,160.000,66.000,1484.000,1622.000,1644.000,1688.000,1564.000,1655.000,160.000,66.000,0,1.000000,38.980000,13.936904,6.864583
1780467654.690607,,,BOARD_2,1,1,1483.000,1621.000,1643.000,1687.000,160.000,66.000,1483.000,1621.000,1643.000,1687.000,160.000,66.000,1483.000,1621.000,1643.000,1687.000,1563.000,1654.000,160.000,66.000,0,1.000000,38.980000,13.932347,6.869167
1780467655.171221,,,BOARD_2,1,0,1488.000,1622.000,1648.000,1688.000,160.000,66.000,1488.000,1622.000,1648.000,1688.000,160.000,66.000,1488.000,1622.000,1648.000,1688.000,1568.000,1655.000,160.000,66.000,0,1.000000,38.980000,13.955133,6.864583
1780467655.171221,,,BOARD_2,1,1,1488.000,1622.000,1648.000,1688.000,160.000,66.000,1488.000,1622.000,1648.000,1688.000,160.000,66.000,1488.000,1622.000,1648.000,1688.000,1568.000,1655.000,160.000,66.000,0,1.000000,38.980000,13.955133,6.864583
1780467655.465170,,,BOARD_2,1,0,1489.000,1621.000,1649.000,1687.000,160.000,66.000,1489.000,1621.000,1649.000,1687.000,160.000,66.000,1489.000,1621.000,1649.000,1687.000,1569.000,1654.000,160.000,66.000,0,1.000000,38.980000,13.959691,6.869167
1780467655.809957,,,BOARD_2,1,0,1490.000,1622.000,1650.000,1688.000,160.000,66.000,1490.000,1622.000,1650.000,1688.000,160.000,66.000,1490.000,1622.000,1650.000,1688.000,1570.000,1655.000,160.000,66.000,0,1.000000,38.980000,13.964248,6.864583
1780467656.113487,,,BOARD_2,1,0,1491.000,1622.000,1651.000,1688.000,160.000,66.000,1491.000,1622.000,1651.000,1688.000,160.000,66.000,1491.000,1622.000,1651.000,1688.000,1571.000,1655.000,160.000,66.000,0,1.000000,38.980000,13.968805,6.864583
1780467656.401694,,,BOARD_2,1,0,1491.000,1622.000,1651.000,1688.000,160.000,66.000,1491.000,1622.000,1651.000,1688.000,160.000,66.000,1491.000,1622.000,1651.000,1688.000,1571.000,1655.000,160.000,66.000,0,1.000000,38.980000,13.968805,6.864583
1780467656.657497,,,BOARD_2,1,0,1465.000,1578.000,1713.000,1758.000,248.000,180.000,1465.000,1578.000,1713.000,1758.000,248.000,180.000,1465.000,1578.000,1713.000,1758.000,1589.000,1668.000,248.000,180.000,0,1.000000,25.150000,14.050836,6.805000
1780467656.657497,,,BOARD_2,1,1,1469.000,1580.000,1717.000,1760.000,248.000,180.000,1469.000,1580.000,1717.000,1760.000,248.000,180.000,1469.000,1580.000,1717.000,1760.000,1593.000,1670.000,248.000,180.000,0,1.000000,25.150000,14.069066,6.795833
1780467657.173413,,,BOARD_2,1,0,1464.000,1573.000,1712.000,1753.000,248.000,180.000,1464.000,1573.000,1712.000,1753.000,248.000,180.000,1464.000,1573.000,1712.000,1753.000,1588.000,1663.000,248.000,180.000,0,1.000000,25.150000,14.046279,6.827917
1780467657.173413,,,BOARD_2,1,1,1466.000,1573.000,1714.000,1753.000,248.000,180.000,1466.000,1573.000,1714.000,1753.000,248.000,180.000,1466.000,1573.000,1714.000,1753.000,1590.000,1663.000,248.000,180.000,0,1.000000,25.150000,14.055394,6.827917
1780467657.797623,,,BOARD_2,1,0,1487.000,1620.000,1647.000,1686.000,160.000,66.000,1487.000,1620.000,1647.000,1686.000,160.000,66.000,1487.000,1620.000,1647.000,1686.000,1567.000,1653.000,160.000,66.000,0,1.000000,38.980000,13.950576,6.873750
1780467658.021824,,,BOARD_2,1,0,1484.000,1618.000,1644.000,1684.000,160.000,66.000,1484.000,1618.000,1644.000,1684.000,160.000,66.000,1484.000,1618.000,1644.000,1684.000,1564.000,1651.000,160.000,66.000,0,1.000000,38.980000,13.936904,6.882917
1780467658.491302,,,BOARD_2,1,0,1489.000,1624.000,1649.000,1682.000,160.000,58.000,1489.000,1624.000,1649.000,1682.000,160.000,58.000,1489.000,1624.000,1649.000,1682.000,1569.000,1653.000,160.000,58.000,0,1.000000,38.980000,13.959691,6.873750
1780467658.491302,,,BOARD_2,1,1,1488.000,1623.000,1648.000,1681.000,160.000,58.000,1488.000,1623.000,1648.000,1681.000,160.000,58.000,1488.000,1623.000,1648.000,1681.000,1568.000,1652.000,160.000,58.000,0,1.000000,38.980000,13.955133,6.878333
1780467658.988549,,,BOARD_2,1,0,1489.000,1619.000,1649.000,1681.000,160.000,62.000,1489.000,1619.000,1649.000,1681.000,160.000,62.000,1489.000,1619.000,1649.000,1681.000,1569.000,1650.000,160.000,62.000,0,1.000000,38.980000,13.959691,6.887500
1780467658.988549,,,BOARD_2,1,1,1468.000,1573.000,1716.000,1753.000,248.000,180.000,1468.000,1573.000,1716.000,1753.000,248.000,180.000,1468.000,1573.000,1716.000,1753.000,1592.000,1663.000,248.000,180.000,0,1.000000,25.150000,14.064508,6.827917
1780467659.232179,,,BOARD_2,1,0,1480.000,1580.000,1728.000,1760.000,248.000,180.000,1480.000,1580.000,1728.000,1760.000,248.000,180.000,1480.000,1580.000,1728.000,1760.000,1604.000,1670.000,248.000,180.000,0,1.000000,25.150000,14.119196,6.795833
1780467659.557118,,,BOARD_2,1,0,1470.000,1573.000,1718.000,1753.000,248.000,180.000,1470.000,1573.000,1718.000,1753.000,248.000,180.000,1470.000,1573.000,1718.000,1753.000,1594.000,1663.000,248.000,180.000,0,1.000000,25.150000,14.073623,6.827917
1780467659.557118,,,BOARD_2,1,1,1476.000,1576.000,1724.000,1756.000,248.000,180.000,1476.000,1576.000,1724.000,1756.000,248.000,180.000,1476.000,1576.000,1724.000,1756.000,1600.000,1666.000,248.000,180.000,0,1.000000,25.150000,14.100967,6.814167
1780467659.953026,,,BOARD_2,1,0,1482.000,1579.000,1730.000,1759.000,248.000,180.000,1482.000,1579.000,1730.000,1759.000,248.000,180.000,1482.000,1579.000,1730.000,1759.000,1606.000,1669.000,248.000,180.000,0,1.000000,25.150000,14.128310,6.800417
1780467660.223132,,,BOARD_2,1,0,1453.000,1568.000,1701.000,1748.000,248.000,180.000,1453.000,1568.000,1701.000,1748.000,248.000,180.000,1453.000,1568.000,1701.000,1748.000,1577.000,1658.000,248.000,180.000,0,1.000000,25.150000,13.996149,6.850833
1780467660.223132,,,BOARD_2,1,1,1453.000,1568.000,1701.000,1748.000,248.000,180.000,1453.000,1568.000,1701.000,1748.000,248.000,180.000,1453.000,1568.000,1701.000,1748.000,1577.000,1658.000,248.000,180.000,0,1.000000,25.150000,13.996149,6.850833
1780467660.749031,,,BOARD_2,1,0,1476.000,1606.000,1636.000,1672.000,160.000,66.000,1476.000,1606.000,1636.000,1672.000,160.000,66.000,1476.000,1606.000,1636.000,1672.000,1556.000,1639.000,160.000,66.000,0,1.000000,38.980000,13.900446,6.937917
1780467660.749031,,,BOARD_2,1,1,1472.000,1603.000,1632.000,1669.000,160.000,66.000,1472.000,1603.000,1632.000,1669.000,160.000,66.000,1472.000,1603.000,1632.000,1669.000,1552.000,1636.000,160.000,66.000,0,1.000000,38.980000,13.882217,6.951667
1780467661.354654,,,BOARD_2,1,0,1474.000,1601.000,1634.000,1670.000,160.000,69.000,1474.000,1601.000,1634.000,1670.000,160.000,69.000,1474.000,1601.000,1634.000,1670.000,1554.000,1635.500,160.000,69.000,0,1.000000,38.980000,13.891331,6.953958
1780467661.648714,,,BOARD_2,1,0,1472.000,1599.000,1632.000,1668.000,160.000,69.000,1472.000,1599.000,1632.000,1668.000,160.000,69.000,1472.000,1599.000,1632.000,1668.000,1552.000,1633.500,160.000,69.000,0,1.000000,38.980000,13.882217,6.963125
1780467661.855177,,,BOARD_2,1,0,1470.000,1597.000,1630.000,1666.000,160.000,69.000,1470.000,1597.000,1630.000,1666.000,160.000,69.000,1470.000,1597.000,1630.000,1666.000,1550.000,1631.500,160.000,69.000,0,1.000000,38.980000,13.873102,6.972292
1780467662.163181,,,BOARD_2,1,0,1472.000,1601.000,1632.000,1670.000,160.000,69.000,1472.000,1601.000,1632.000,1670.000,160.000,69.000,1472.000,1601.000,1632.000,1670.000,1552.000,1635.500,160.000,69.000,0,1.000000,38.980000,13.882217,6.953958
1780467662.163181,,,BOARD_2,1,1,1471.000,1600.000,1631.000,1669.000,160.000,69.000,1471.000,1600.000,1631.000,1669.000,160.000,69.000,1471.000,1600.000,1631.000,1669.000,1551.000,1634.500,160.000,69.000,0,1.000000,38.980000,13.877659,6.958542
1780467662.412034,,,BOARD_2,1,0,1469.000,1599.000,1629.000,1668.000,160.000,69.000,1469.000,1599.000,1629.000,1668.000,160.000,69.000,1469.000,1599.000,1629.000,1668.000,1549.000,1633.500,160.000,69.000,0,1.000000,38.980000,13.868545,6.963125
1780467662.682423,,,BOARD_2,1,0,1469.000,1600.000,1629.000,1666.000,160.000,66.000,1469.000,1600.000,1629.000,1666.000,160.000,66.000,1469.000,1600.000,1629.000,1666.000,1549.000,1633.000,160.000,66.000,0,1.000000,38.980000,13.868545,6.965417
1780467662.682423,,,BOARD_2,1,1,1468.000,1599.000,1628.000,1665.000,160.000,66.000,1468.000,1599.000,1628.000,1665.000,160.000,66.000,1468.000,1599.000,1628.000,1665.000,1548.000,1632.000,160.000,66.000,0,1.000000,38.980000,13.863988,6.970000
1780467663.011428,,,BOARD_2,1,0,1467.000,1598.000,1627.000,1664.000,160.000,66.000,1467.000,1598.000,1627.000,1664.000,160.000,66.000,1467.000,1598.000,1627.000,1664.000,1547.000,1631.000,160.000,66.000,0,1.000000,38.980000,13.859430,6.974583
1780467663.294390,,,BOARD_2,1,0,1467.000,1598.000,1627.000,1664.000,160.000,66.000,1467.000,1598.000,1627.000,1664.000,160.000,66.000,1467.000,1598.000,1627.000,1664.000,1547.000,1631.000,160.000,66.000,0,1.000000,38.980000,13.859430,6.974583
1780467663.294390,,,BOARD_2,1,1,1436.000,1554.000,1684.000,1734.000,248.000,180.000,1436.000,1554.000,1684.000,1734.000,248.000,180.000,1436.000,1554.000,1684.000,1734.000,1560.000,1644.000,248.000,180.000,0,1.000000,25.150000,13.918675,6.915000
1780467663.547400,,,BOARD_2,1,0,1443.000,1561.000,1691.000,1741.000,248.000,180.000,1443.000,1561.000,1691.000,1741.000,248.000,180.000,1443.000,1561.000,1691.000,1741.000,1567.000,1651.000,248.000,180.000,0,1.000000,25.150000,13.950576,6.882917
1780467663.785620,,,BOARD_2,1,0,1465.000,1593.000,1625.000,1662.000,160.000,69.000,1465.000,1593.000,1625.000,1662.000,160.000,69.000,1465.000,1593.000,1625.000,1662.000,1545.000,1627.500,160.000,69.000,0,1.000000,38.980000,13.850316,6.990625
1780467663.785620,,,BOARD_2,1,1,1464.000,1592.000,1624.000,1661.000,160.000,69.000,1464.000,1592.000,1624.000,1661.000,160.000,69.000,1464.000,1592.000,1624.000,1661.000,1544.000,1626.500,160.000,69.000,0,1.000000,38.980000,13.845758,6.995208
1780467664.030547,,,BOARD_2,1,0,1463.000,1590.000,1623.000,1659.000,160.000,69.000,1463.000,1590.000,1623.000,1659.000,160.000,69.000,1463.000,1590.000,1623.000,1659.000,1543.000,1624.500,160.000,69.000,0,1.000000,38.980000,13.841201,7.004375
1780467664.313574,,,BOARD_2,1,0,1468.000,1594.000,1628.000,1660.000,160.000,66.000,1468.000,1594.000,1628.000,1660.000,160.000,66.000,1468.000,1594.000,1628.000,1660.000,1548.000,1627.000,160.000,66.000,0,1.000000,38.980000,13.863988,6.992917
1780467664.535916,,,BOARD_2,1,0,1468.000,1593.000,1628.000,1659.000,160.000,66.000,1468.000,1593.000,1628.000,1659.000,160.000,66.000,1468.000,1593.000,1628.000,1659.000,1548.000,1626.000,160.000,66.000,0,1.000000,38.980000,13.863988,6.997500
1780467664.535916,,,BOARD_2,1,1,1468.000,1592.000,1628.000,1658.000,160.000,66.000,1468.000,1592.000,1628.000,1658.000,160.000,66.000,1468.000,1592.000,1628.000,1658.000,1548.000,1625.000,160.000,66.000,0,1.000000,38.980000,13.863988,7.002083
1780467664.930117,,,BOARD_2,1,0,1467.000,1575.000,1627.000,1680.000,160.000,105.000,1467.000,1575.000,1627.000,1680.000,160.000,105.000,1467.000,1575.000,1627.000,1680.000,1547.000,1627.500,160.000,105.000,0,1.000000,38.980000,13.859430,6.990625
1780467664.930117,,,BOARD_2,1,1,1467.000,1575.000,1627.000,1680.000,160.000,105.000,1467.000,1575.000,1627.000,1680.000,160.000,105.000,1467.000,1575.000,1627.000,1680.000,1547.000,1627.500,160.000,105.000,0,1.000000,38.980000,13.859430,6.990625
1780467665.138548,,,BOARD_2,1,0,1467.000,1575.000,1627.000,1680.000,160.000,105.000,1467.000,1575.000,1627.000,1680.000,160.000,105.000,1467.000,1575.000,1627.000,1680.000,1547.000,1627.500,160.000,105.000,0,1.000000,38.980000,13.859430,6.990625
1780467665.361137,,,BOARD_2,1,0,1466.000,1576.000,1626.000,1678.000,160.000,102.000,1466.000,1576.000,1626.000,1678.000,160.000,102.000,1466.000,1576.000,1626.000,1678.000,1546.000,1627.000,160.000,102.000,0,1.000000,38.980000,13.854873,6.992917
1780467665.361137,,,BOARD_2,1,1,1466.000,1576.000,1626.000,1678.000,160.000,102.000,1466.000,1576.000,1626.000,1678.000,160.000,102.000,1466.000,1576.000,1626.000,1678.000,1546.000,1627.000,160.000,102.000,0,1.000000,38.980000,13.854873,6.992917
1780467665.646094,,,BOARD_2,1,0,1465.000,1576.000,1625.000,1678.000,160.000,102.000,1465.000,1576.000,1625.000,1678.000,160.000,102.000,1465.000,1576.000,1625.000,1678.000,1545.000,1627.000,160.000,102.000,0,1.000000,38.980000,13.850316,6.992917
1780467665.889538,,,BOARD_2,1,0,1444.000,1569.000,1604.000,1729.000,160.000,160.000,1444.000,1569.000,1604.000,1729.000,160.000,160.000,1444.000,1569.000,1604.000,1729.000,1524.000,1649.000,160.000,160.000,0,1.000000,38.980000,13.754613,6.892083
1780467665.889538,,,BOARD_2,1,1,1440.000,1573.000,1600.000,1733.000,160.000,160.000,1440.000,1573.000,1600.000,1733.000,160.000,160.000,1440.000,1573.000,1600.000,1733.000,1520.000,1653.000,160.000,160.000,0,1.000000,38.980000,13.736383,6.873750
1780467666.495569,,,BOARD_2,1,0,1493.000,1594.000,1625.000,1686.000,132.000,92.000,1493.000,1594.000,1625.000,1686.000,132.000,92.000,1493.000,1594.000,1625.000,1686.000,1559.000,1640.000,132.000,92.000,0,1.000000,47.250000,13.914118,6.933333
1780467668.059101,,,BOARD_2,1,0,1466.000,1579.000,1626.000,1648.000,160.000,69.000,1466.000,1579.000,1626.000,1648.000,160.000,69.000,1466.000,1579.000,1626.000,1648.000,1546.000,1613.500,160.000,69.000,0,1.000000,38.980000,13.854873,7.054792
1780467668.583117,,,BOARD_2,1,0,1470.000,1584.000,1630.000,1642.000,160.000,58.000,1470.000,1584.000,1630.000,1642.000,160.000,58.000,1470.000,1584.000,1630.000,1642.000,1550.000,1613.000,160.000,58.000,0,1.000000,38.980000,13.873102,7.057083
1780467668.583117,,,BOARD_2,1,1,1472.000,1583.000,1632.000,1641.000,160.000,58.000,1472.000,1583.000,1632.000,1641.000,160.000,58.000,1472.000,1583.000,1632.000,1641.000,1552.000,1612.000,160.000,58.000,0,1.000000,38.980000,13.882217,7.061667
1780467669.167084,,,BOARD_2,1,0,1465.000,1582.000,1625.000,1648.000,160.000,66.000,1465.000,1582.000,1625.000,1648.000,160.000,66.000,1465.000,1582.000,1625.000,1648.000,1545.000,1615.000,160.000,66.000,0,1.000000,38.980000,13.850316,7.047917
1780467669.470508,,,BOARD_2,1,0,1465.000,1582.000,1625.000,1648.000,160.000,66.000,1465.000,1582.000,1625.000,1648.000,160.000,66.000,1465.000,1582.000,1625.000,1648.000,1545.000,1615.000,160.000,66.000,0,1.000000,38.980000,13.850316,7.047917
1780467670.270226,,,BOARD_2,1,0,1446.000,1532.000,1694.000,1712.000,248.000,180.000,1446.000,1532.000,1694.000,1712.000,248.000,180.000,1446.000,1532.000,1694.000,1712.000,1570.000,1622.000,248.000,180.000,0,1.000000,25.150000,13.964248,7.015833
1780467670.270226,,,BOARD_2,1,1,1450.000,1533.000,1698.000,1713.000,248.000,180.000,1450.000,1533.000,1698.000,1713.000,248.000,180.000,1450.000,1533.000,1698.000,1713.000,1574.000,1623.000,248.000,180.000,0,1.000000,25.150000,13.982477,7.011250
1780467670.812341,,,BOARD_2,1,0,1451.000,1584.000,1611.000,1650.000,160.000,66.000,1451.000,1584.000,1611.000,1650.000,160.000,66.000,1451.000,1584.000,1611.000,1650.000,1531.000,1617.000,160.000,66.000,0,1.000000,38.980000,13.786514,7.038750
1780467671.381833,,,BOARD_2,1,0,1445.000,1584.000,1605.000,1650.000,160.000,66.000,1445.000,1584.000,1605.000,1650.000,160.000,66.000,1445.000,1584.000,1605.000,1650.000,1525.000,1617.000,160.000,66.000,0,1.000000,38.980000,13.759170,7.038750
1780467671.381833,,,BOARD_2,1,1,1442.000,1584.000,1602.000,1650.000,160.000,66.000,1442.000,1584.000,1602.000,1650.000,160.000,66.000,1442.000,1584.000,1602.000,1650.000,1522.000,1617.000,160.000,66.000,0,1.000000,38.980000,13.745498,7.038750
1780467671.829314,,,BOARD_2,1,0,1444.000,1585.000,1604.000,1647.000,160.000,62.000,1444.000,1585.000,1604.000,1647.000,160.000,62.000,1444.000,1585.000,1604.000,1647.000,1524.000,1616.000,160.000,62.000,0,1.000000,38.980000,13.754613,7.043333
1780467671.829314,,,BOARD_2,1,1,1442.000,1585.000,1602.000,1647.000,160.000,62.000,1442.000,1585.000,1602.000,1647.000,160.000,62.000,1442.000,1585.000,1602.000,1647.000,1522.000,1616.000,160.000,62.000,0,1.000000,38.980000,13.745498,7.043333
1780467672.448081,,,BOARD_2,1,0,1436.000,1575.000,1596.000,1662.000,160.000,87.000,1436.000,1575.000,1596.000,1662.000,160.000,87.000,1436.000,1575.000,1596.000,1662.000,1516.000,1618.500,160.000,87.000,0,1.000000,38.980000,13.718154,7.031875
1780467672.448081,,,BOARD_2,1,1,1434.000,1575.000,1594.000,1662.000,160.000,87.000,1434.000,1575.000,1594.000,1662.000,160.000,87.000,1434.000,1575.000,1594.000,1662.000,1514.000,1618.500,160.000,87.000,0,1.000000,38.980000,13.709040,7.031875
1780467673.022304,,,BOARD_2,1,0,1434.000,1578.000,1594.000,1662.000,160.000,84.000,1434.000,1578.000,1594.000,1662.000,160.000,84.000,1434.000,1578.000,1594.000,1662.000,1514.000,1620.000,160.000,84.000,0,1.000000,38.980000,13.709040,7.025000
1780467673.297922,,,BOARD_2,1,0,1433.000,1578.000,1593.000,1662.000,160.000,84.000,1433.000,1578.000,1593.000,1662.000,160.000,84.000,1433.000,1578.000,1593.000,1662.000,1513.000,1620.000,160.000,84.000,0,1.000000,38.980000,13.704482,7.025000
1780467673.783994,,,BOARD_2,1,0,1434.000,1575.000,1594.000,1662.000,160.000,87.000,1434.000,1575.000,1594.000,1662.000,160.000,87.000,1434.000,1575.000,1594.000,1662.000,1514.000,1618.500,160.000,87.000,0,1.000000,38.980000,13.709040,7.031875
1780467673.783994,,,BOARD_2,1,1,1433.000,1575.000,1593.000,1662.000,160.000,87.000,1433.000,1575.000,1593.000,1662.000,160.000,87.000,1433.000,1575.000,1593.000,1662.000,1513.000,1618.500,160.000,87.000,0,1.000000,38.980000,13.704482,7.031875
1780467676.800400,,,BOARD_2,1,0,1456.000,813.000,1576.000,1057.000,120.000,244.000,1456.000,813.000,1576.000,1057.000,120.000,244.000,1456.000,813.000,1576.000,1057.000,1516.000,935.000,120.000,244.000,0,1.000000,51.980000,13.718154,10.164583
1780467676.800400,,,BOARD_2,1,1,1483.000,830.000,1603.000,1074.000,120.000,244.000,1483.000,830.000,1603.000,1074.000,120.000,244.000,1483.000,830.000,1603.000,1074.000,1543.000,952.000,120.000,244.000,0,1.000000,51.980000,13.841201,10.086667
1780467678.058441,,,BOARD_2,1,0,1355.000,823.000,1603.000,1003.000,248.000,180.000,1355.000,823.000,1603.000,1003.000,248.000,180.000,1355.000,823.000,1603.000,1003.000,1479.000,913.000,248.000,180.000,0,1.000000,25.150000,13.549534,10.265417
1780467680.408996,,,BOARD_2,1,0,1425.000,1466.000,1530.000,1524.000,105.000,58.000,1425.000,1466.000,1530.000,1524.000,105.000,58.000,1425.000,1466.000,1530.000,1524.000,1477.500,1495.000,105.000,58.000,0,1.000000,59.400000,13.542698,7.597917
1780467680.648718,,,BOARD_6,2,0,2110.000,1696.000,2173.000,1815.000,63.000,119.000,2110.000,1696.000,2173.000,1815.000,63.000,119.000,2110.000,1696.000,2173.000,1815.000,2141.500,1755.500,63.000,119.000,0,1.000000,99.000000,2.779740,44.403958
1780467680.862491,,,BOARD_6,2,0,2114.000,1697.000,2177.000,1816.000,63.000,119.000,2114.000,1697.000,2177.000,1816.000,63.000,119.000,2114.000,1697.000,2177.000,1816.000,2145.500,1756.500,63.000,119.000,0,1.000000,99.000000,2.797969,44.399375
1780467680.862491,,,BOARD_2,1,1,1444.000,1539.000,1553.000,1590.000,109.000,51.000,1444.000,1539.000,1553.000,1590.000,109.000,51.000,1444.000,1539.000,1553.000,1590.000,1498.500,1564.500,109.000,51.000,0,1.000000,57.220000,13.638402,7.279375
1780467681.106140,,,BOARD_2,1,0,1329.000,1083.000,1577.000,1263.000,248.000,180.000,1329.000,1083.000,1577.000,1263.000,248.000,180.000,1329.000,1083.000,1577.000,1263.000,1453.000,1173.000,248.000,180.000,0,1.000000,25.150000,13.431045,9.073750
1780467681.106140,,,BOARD_2,1,1,1329.000,1117.000,1577.000,1297.000,248.000,180.000,1329.000,1117.000,1577.000,1297.000,248.000,180.000,1329.000,1117.000,1577.000,1297.000,1453.000,1207.000,248.000,180.000,0,1.000000,25.150000,13.431045,8.917917
1780467681.487258,,,BOARD_2,1,0,1464.000,1576.000,1566.000,1642.000,102.000,66.000,1464.000,1576.000,1566.000,1642.000,102.000,66.000,1464.000,1576.000,1566.000,1642.000,1515.000,1609.000,102.000,66.000,0,1.000000,61.150000,13.713597,7.075417
1780467681.487258,,,BOARD_2,1,1,1334.000,1176.000,1582.000,1356.000,248.000,180.000,1334.000,1176.000,1582.000,1356.000,248.000,180.000,1334.000,1176.000,1582.000,1356.000,1458.000,1266.000,248.000,180.000,0,1.000000,25.150000,13.453831,8.647500
1780467681.487258,,,BOARD_2,1,2,1335.000,1217.000,1583.000,1397.000,248.000,180.000,1335.000,1217.000,1583.000,1397.000,248.000,180.000,1335.000,1217.000,1583.000,1397.000,1459.000,1307.000,248.000,180.000,0,1.000000,25.150000,13.458389,8.459583
1780467681.740242,,,BOARD_2,1,0,1337.000,1258.000,1585.000,1438.000,248.000,180.000,1337.000,1258.000,1585.000,1438.000,248.000,180.000,1337.000,1258.000,1585.000,1438.000,1461.000,1348.000,248.000,180.000,0,1.000000,25.150000,13.467503,8.271667
1780467682.196384,,,BOARD_2,1,0,1505.000,1608.000,1665.000,1674.000,160.000,66.000,1505.000,1608.000,1665.000,1674.000,160.000,66.000,1505.000,1608.000,1665.000,1674.000,1585.000,1641.000,160.000,66.000,0,1.000000,38.980000,14.032607,6.928750
1780467682.424402,,,BOARD_2,1,0,1334.000,1258.000,1582.000,1438.000,248.000,180.000,1334.000,1258.000,1582.000,1438.000,248.000,180.000,1334.000,1258.000,1582.000,1438.000,1458.000,1348.000,248.000,180.000,0,1.000000,25.150000,13.453831,8.271667
1780467682.729428,,,BOARD_2,1,0,1535.000,1614.000,1695.000,1672.000,160.000,58.000,1535.000,1614.000,1695.000,1672.000,160.000,58.000,1535.000,1614.000,1695.000,1672.000,1615.000,1643.000,160.000,58.000,0,1.000000,38.980000,14.169326,6.919583
1780467682.729428,,,BOARD_2,1,1,1404.000,1394.000,1536.000,1486.000,132.000,92.000,1404.000,1394.000,1536.000,1486.000,132.000,92.000,1404.000,1394.000,1536.000,1486.000,1470.000,1440.000,132.000,92.000,0,1.000000,47.250000,13.508519,7.850000
1780467682.960581,,,BOARD_2,1,0,1411.000,1457.000,1543.000,1549.000,132.000,92.000,1411.000,1457.000,1543.000,1549.000,132.000,92.000,1411.000,1457.000,1543.000,1549.000,1477.000,1503.000,132.000,92.000,0,1.000000,47.250000,13.540420,7.561250
1780467683.330722,,,BOARD_2,1,0,1565.000,1613.000,1688.000,1693.000,123.000,80.000,1565.000,1613.000,1688.000,1693.000,123.000,80.000,1565.000,1613.000,1688.000,1693.000,1626.500,1653.000,123.000,80.000,0,1.000000,50.710000,14.221735,6.873750
1780467683.330722,,,BOARD_2,1,1,1378.000,1416.000,1626.000,1596.000,248.000,180.000,1378.000,1416.000,1626.000,1596.000,248.000,180.000,1378.000,1416.000,1626.000,1596.000,1502.000,1506.000,248.000,180.000,0,1.000000,25.150000,13.654352,7.547500
1780467683.569408,,,BOARD_2,1,0,1563.000,1607.000,1695.000,1698.000,132.000,91.000,1563.000,1607.000,1695.000,1698.000,132.000,91.000,1563.000,1607.000,1695.000,1698.000,1629.000,1652.500,132.000,91.000,0,1.000000,47.250000,14.233128,6.876042
1780467683.871534,,,BOARD_2,1,0,1576.000,1607.000,1685.000,1694.000,109.000,87.000,1576.000,1607.000,1685.000,1694.000,109.000,87.000,1576.000,1607.000,1685.000,1694.000,1630.500,1650.500,109.000,87.000,0,1.000000,57.220000,14.239964,6.885208
1780467683.871534,,,BOARD_2,1,1,1531.000,1561.000,1779.000,1741.000,248.000,180.000,1531.000,1561.000,1779.000,1741.000,248.000,180.000,1531.000,1561.000,1779.000,1741.000,1655.000,1651.000,248.000,180.000,0,1.000000,25.150000,14.351618,6.882917
1780467684.168837,,,BOARD_2,1,0,1546.000,1561.000,1794.000,1741.000,248.000,180.000,1546.000,1561.000,1794.000,1741.000,248.000,180.000,1546.000,1561.000,1794.000,1741.000,1670.000,1651.000,248.000,180.000,0,1.000000,25.150000,14.419977,6.882917
1780467684.496945,,,BOARD_2,1,0,1511.000,1587.000,1759.000,1767.000,248.000,180.000,1511.000,1587.000,1759.000,1767.000,248.000,180.000,1511.000,1587.000,1759.000,1767.000,1635.000,1677.000,248.000,180.000,0,1.000000,25.150000,14.260472,6.763750
1780467684.496945,,,BOARD_2,1,1,1512.000,1594.000,1760.000,1774.000,248.000,180.000,1512.000,1594.000,1760.000,1774.000,248.000,180.000,1512.000,1594.000,1760.000,1774.000,1636.000,1684.000,248.000,180.000,0,1.000000,25.150000,14.265029,6.731667
1780467684.748941,,,BOARD_2,1,0,1513.000,1601.000,1761.000,1781.000,248.000,180.000,1513.000,1601.000,1761.000,1781.000,248.000,180.000,1513.000,1601.000,1761.000,1781.000,1637.000,1691.000,248.000,180.000,0,1.000000,25.150000,14.269586,6.699583
1780467684.957857,,,BOARD_2,1,0,1555.000,1648.000,1660.000,1760.000,105.000,112.000,1555.000,1648.000,1660.000,1760.000,105.000,112.000,1555.000,1648.000,1660.000,1760.000,1607.500,1704.000,105.000,112.000,0,1.000000,59.400000,14.135146,6.640000
1780467684.957857,,,BOARD_2,1,1,1550.000,1656.000,1655.000,1768.000,105.000,112.000,1550.000,1656.000,1655.000,1768.000,105.000,112.000,1550.000,1656.000,1655.000,1768.000,1602.500,1712.000,105.000,112.000,0,1.000000,59.400000,14.112360,6.603333
1780467685.503998,,,BOARD_2,1,0,1550.000,1676.000,1680.000,1752.000,130.000,76.000,1550.000,1676.000,1680.000,1752.000,130.000,76.000,1550.000,1676.000,1680.000,1752.000,1615.000,1714.000,130.000,76.000,0,1.000000,47.980000,14.169326,6.594167
1780467685.503998,,,BOARD_2,1,1,1549.000,1682.000,1679.000,1758.000,130.000,76.000,1549.000,1682.000,1679.000,1758.000,130.000,76.000,1549.000,1682.000,1679.000,1758.000,1614.000,1720.000,130.000,76.000,0,1.000000,47.980000,14.164769,6.566667
1780467685.979557,,,BOARD_2,1,0,1546.000,1692.000,1691.000,1747.000,145.000,55.000,1546.000,1692.000,1691.000,1747.000,145.000,55.000,1546.000,1692.000,1691.000,1747.000,1618.500,1719.500,145.000,55.000,0,1.000000,43.020000,14.185277,6.568958
1780467685.979557,,,BOARD_2,1,1,1546.000,1695.000,1691.000,1750.000,145.000,55.000,1546.000,1695.000,1691.000,1750.000,145.000,55.000,1546.000,1695.000,1691.000,1750.000,1618.500,1722.500,145.000,55.000,0,1.000000,43.020000,14.185277,6.555208
1780467686.531983,,,BOARD_2,1,0,1568.000,1693.000,1695.000,1744.000,127.000,51.000,1568.000,1693.000,1695.000,1744.000,127.000,51.000,1568.000,1693.000,1695.000,1744.000,1631.500,1718.500,127.000,51.000,0,1.000000,49.110000,14.244521,6.573542
1780467686.786562,,,BOARD_2,1,0,1571.000,1694.000,1698.000,1745.000,127.000,51.000,1571.000,1694.000,1698.000,1745.000,127.000,51.000,1571.000,1694.000,1698.000,1745.000,1634.500,1719.500,127.000,51.000,0,1.000000,49.110000,14.258193,6.568958
1780467687.151754,,,BOARD_2,1,0,1574.000,1685.000,1701.000,1747.000,127.000,62.000,1574.000,1685.000,1701.000,1747.000,127.000,62.000,1574.000,1685.000,1701.000,1747.000,1637.500,1716.000,127.000,62.000,0,1.000000,49.110000,14.271865,6.585000
1780467687.151754,,,BOARD_2,1,1,1576.000,1685.000,1703.000,1747.000,127.000,62.000,1576.000,1685.000,1703.000,1747.000,127.000,62.000,1576.000,1685.000,1703.000,1747.000,1639.500,1716.000,127.000,62.000,0,1.000000,49.110000,14.280980,6.585000
1780467687.465253,,,BOARD_2,4,0,979.000,1489.000,1015.000,1525.000,36.000,36.000,979.000,1489.000,1015.000,1525.000,36.000,36.000,979.000,1489.000,1015.000,1525.000,997.000,1507.000,36.000,36.000,0,1.000000,173.260000,338.163920,7.542917
1780467687.465253,,,BOARD_3,2,1,3488.000,1654.000,3527.000,1705.000,39.000,51.000,3488.000,1654.000,3527.000,1705.000,39.000,51.000,3488.000,1654.000,3527.000,1705.000,3507.500,1679.500,39.000,51.000,0,1.000000,159.930000,8.205001,16.252292
1780467687.465253,,,BOARD_3,2,2,3490.000,1656.000,3529.000,1707.000,39.000,51.000,3490.000,1656.000,3529.000,1707.000,39.000,51.000,3490.000,1656.000,3529.000,1707.000,3509.500,1681.500,39.000,51.000,0,1.000000,159.930000,8.214115,16.243125
1780467687.680049,,,BOARD_2,1,0,1584.000,1683.000,1704.000,1745.000,120.000,62.000,1584.000,1683.000,1704.000,1745.000,120.000,62.000,1584.000,1683.000,1704.000,1745.000,1644.000,1714.000,120.000,62.000,0,1.000000,51.980000,14.301488,6.594167
1780467687.680049,,,BOARD_2,1,1,1586.000,1683.000,1706.000,1745.000,120.000,62.000,1586.000,1683.000,1706.000,1745.000,120.000,62.000,1586.000,1683.000,1706.000,1745.000,1646.000,1714.000,120.000,62.000,0,1.000000,51.980000,14.310602,6.594167
1780467688.242599,,,BOARD_2,1,0,1587.000,1635.000,1651.000,1754.000,64.000,119.000,1587.000,1635.000,1651.000,1754.000,64.000,119.000,1587.000,1635.000,1651.000,1754.000,1619.000,1694.500,64.000,119.000,0,1.000000,97.460000,14.187555,6.683542
1780467688.242599,,,BOARD_3,2,1,1611.000,1611.000,1742.000,1702.000,131.000,91.000,1611.000,1611.000,1742.000,1702.000,131.000,91.000,1611.000,1611.000,1742.000,1702.000,1676.500,1656.500,131.000,91.000,0,1.000000,47.610000,359.860599,16.357708
1780467688.242599,,,BOARD_3,3,2,839.000,1861.000,883.000,1897.000,44.000,36.000,839.000,1861.000,883.000,1897.000,44.000,36.000,839.000,1861.000,883.000,1897.000,861.000,1879.000,44.000,36.000,0,1.000000,141.760000,335.091128,15.337917
1780467688.242599,,,BOARD_3,2,3,1613.000,1612.000,1744.000,1703.000,131.000,91.000,1613.000,1612.000,1744.000,1703.000,131.000,91.000,1613.000,1612.000,1744.000,1703.000,1678.500,1657.500,131.000,91.000,0,1.000000,47.610000,359.869714,16.353125
1780467688.450288,,,BOARD_2,1,0,1585.000,1659.000,1649.000,1779.000,64.000,120.000,1585.000,1659.000,1649.000,1779.000,64.000,120.000,1585.000,1659.000,1649.000,1779.000,1617.000,1719.000,64.000,120.000,0,1.000000,97.460000,14.178441,6.571250
1780467688.450288,,,BOARD_3,3,1,838.000,1850.000,882.000,1886.000,44.000,36.000,838.000,1850.000,882.000,1886.000,44.000,36.000,838.000,1850.000,882.000,1886.000,860.000,1868.000,44.000,36.000,0,1.000000,141.760000,335.086571,15.388333
1780467688.450288,,,BOARD_2,1,2,1582.000,1671.000,1646.000,1791.000,64.000,120.000,1582.000,1671.000,1646.000,1791.000,64.000,120.000,1582.000,1671.000,1646.000,1791.000,1614.000,1731.000,64.000,120.000,0,1.000000,97.460000,14.164769,6.516250
1780467688.729605,,,BOARD_3,3,0,842.000,1862.000,879.000,1898.000,37.000,36.000,842.000,1862.000,879.000,1898.000,37.000,36.000,842.000,1862.000,879.000,1898.000,860.500,1880.000,37.000,36.000,0,1.000000,168.570000,335.088849,15.333333
1780467688.729605,,,BOARD_3,3,1,841.000,1857.000,878.000,1893.000,37.000,36.000,841.000,1857.000,878.000,1893.000,37.000,36.000,841.000,1857.000,878.000,1893.000,859.500,1875.000,37.000,36.000,0,1.000000,168.570000,335.084292,15.356250
1780467688.729605,,,BOARD_2,1,2,1554.000,1686.000,1686.000,1777.000,132.000,91.000,1554.000,1686.000,1686.000,1777.000,132.000,91.000,1554.000,1686.000,1686.000,1777.000,1620.000,1731.500,132.000,91.000,0,1.000000,47.250000,14.192113,6.513958
1780467688.986851,,,BOARD_2,1,0,1554.000,1695.000,1686.000,1786.000,132.000,91.000,1554.000,1695.000,1686.000,1786.000,132.000,91.000,1554.000,1695.000,1686.000,1786.000,1620.000,1740.500,132.000,91.000,0,1.000000,47.250000,14.192113,6.472708
1780467689.348625,,,BOARD_2,1,0,1569.000,1680.000,1701.000,1771.000,132.000,91.000,1569.000,1680.000,1701.000,1771.000,132.000,91.000,1569.000,1680.000,1701.000,1771.000,1635.000,1725.500,132.000,91.000,0,1.000000,47.250000,14.260472,6.541458
1780467689.348625,,,BOARD_2,1,1,1572.000,1683.000,1704.000,1774.000,132.000,91.000,1572.000,1683.000,1704.000,1774.000,132.000,91.000,1572.000,1683.000,1704.000,1774.000,1638.000,1728.500,132.000,91.000,0,1.000000,47.250000,14.274144,6.527708
1780467689.740833,,,BOARD_2,1,0,1573.000,1678.000,1705.000,1769.000,132.000,91.000,1573.000,1678.000,1705.000,1769.000,132.000,91.000,1573.000,1678.000,1705.000,1769.000,1639.000,1723.500,132.000,91.000,0,1.000000,47.250000,14.278701,6.550625
1780467690.067372,,,BOARD_2,1,0,1578.000,1677.000,1710.000,1768.000,132.000,91.000,1578.000,1677.000,1710.000,1768.000,132.000,91.000,1578.000,1677.000,1710.000,1768.000,1644.000,1722.500,132.000,91.000,0,1.000000,47.250000,14.301488,6.555208
1780467690.067372,,,BOARD_2,1,1,1582.000,1677.000,1714.000,1768.000,132.000,91.000,1582.000,1677.000,1714.000,1768.000,132.000,91.000,1582.000,1677.000,1714.000,1768.000,1648.000,1722.500,132.000,91.000,0,1.000000,47.250000,14.319717,6.555208
1780467690.295722,,,BOARD_2,1,0,1586.000,1677.000,1718.000,1768.000,132.000,91.000,1586.000,1677.000,1718.000,1768.000,132.000,91.000,1586.000,1677.000,1718.000,1768.000,1652.000,1722.500,132.000,91.000,0,1.000000,47.250000,14.337946,6.555208
1780467690.560698,,,BOARD_2,1,0,1595.000,1676.000,1693.000,1724.000,98.000,48.000,1595.000,1676.000,1693.000,1724.000,98.000,48.000,1595.000,1676.000,1693.000,1724.000,1644.000,1700.000,98.000,48.000,0,1.000000,63.650000,14.301488,6.658333
1780467690.560698,,,BOARD_2,1,1,1592.000,1674.000,1724.000,1765.000,132.000,91.000,1592.000,1674.000,1724.000,1765.000,132.000,91.000,1592.000,1674.000,1724.000,1765.000,1658.000,1719.500,132.000,91.000,0,1.000000,47.250000,14.365290,6.568958
1780467690.805614,,,BOARD_2,1,0,1600.000,1683.000,1732.000,1774.000,132.000,91.000,1600.000,1683.000,1732.000,1774.000,132.000,91.000,1600.000,1683.000,1732.000,1774.000,1666.000,1728.500,132.000,91.000,0,1.000000,47.250000,14.401748,6.527708
1780467691.058987,,,BOARD_2,1,0,1596.000,1679.000,1690.000,1723.000,94.000,44.000,1596.000,1679.000,1690.000,1723.000,94.000,44.000,1596.000,1679.000,1690.000,1723.000,1643.000,1701.000,94.000,44.000,0,1.000000,66.350000,14.296930,6.653750
1780467691.058987,,,BOARD_2,1,1,1596.000,1678.000,1690.000,1722.000,94.000,44.000,1596.000,1678.000,1690.000,1722.000,94.000,44.000,1596.000,1678.000,1690.000,1722.000,1643.000,1700.000,94.000,44.000,0,1.000000,66.350000,14.296930,6.658333
1780467691.292894,,,BOARD_2,1,0,1544.000,1632.000,1792.000,1812.000,248.000,180.000,1544.000,1632.000,1792.000,1812.000,248.000,180.000,1544.000,1632.000,1792.000,1812.000,1668.000,1722.000,248.000,180.000,0,1.000000,25.150000,14.410863,6.557500
1780467691.544789,,,BOARD_2,1,0,1593.000,1666.000,1725.000,1757.000,132.000,91.000,1593.000,1666.000,1725.000,1757.000,132.000,91.000,1593.000,1666.000,1725.000,1757.000,1659.000,1711.500,132.000,91.000,0,1.000000,47.250000,14.369847,6.605625
1780467691.544789,,,BOARD_2,1,1,1591.000,1663.000,1723.000,1754.000,132.000,91.000,1591.000,1663.000,1723.000,1754.000,132.000,91.000,1591.000,1663.000,1723.000,1754.000,1657.000,1708.500,132.000,91.000,0,1.000000,47.250000,14.360732,6.619375
1780467691.931644,,,BOARD_2,1,0,1589.000,1659.000,1721.000,1750.000,132.000,91.000,1589.000,1659.000,1721.000,1750.000,132.000,91.000,1589.000,1659.000,1721.000,1750.000,1655.000,1704.500,132.000,91.000,0,1.000000,47.250000,14.351618,6.637708
1780467692.211781,,,BOARD_2,1,0,1548.000,1625.000,1796.000,1805.000,248.000,180.000,1548.000,1625.000,1796.000,1805.000,248.000,180.000,1548.000,1625.000,1796.000,1805.000,1672.000,1715.000,248.000,180.000,0,1.000000,25.150000,14.429092,6.589583
1780467692.479111,,,BOARD_2,1,0,1550.000,1624.000,1798.000,1804.000,248.000,180.000,1550.000,1624.000,1798.000,1804.000,248.000,180.000,1550.000,1624.000,1798.000,1804.000,1674.000,1714.000,248.000,180.000,0,1.000000,25.150000,14.438206,6.594167
1780467692.479111,,,BOARD_2,1,1,1551.000,1623.000,1799.000,1803.000,248.000,180.000,1551.000,1623.000,1799.000,1803.000,248.000,180.000,1551.000,1623.000,1799.000,1803.000,1675.000,1713.000,248.000,180.000,0,1.000000,25.150000,14.442764,6.598750
1780467692.874190,,,BOARD_2,1,0,1546.000,1622.000,1794.000,1802.000,248.000,180.000,1546.000,1622.000,1794.000,1802.000,248.000,180.000,1546.000,1622.000,1794.000,1802.000,1670.000,1712.000,248.000,180.000,0,1.000000,25.150000,14.419977,6.603333
1780467692.874190,,,BOARD_2,1,1,1546.000,1621.000,1794.000,1801.000,248.000,180.000,1546.000,1621.000,1794.000,1801.000,248.000,180.000,1546.000,1621.000,1794.000,1801.000,1670.000,1711.000,248.000,180.000,0,1.000000,25.150000,14.419977,6.607917
1780467693.436319,,,BOARD_2,1,0,1543.000,1622.000,1791.000,1802.000,248.000,180.000,1543.000,1622.000,1791.000,1802.000,248.000,180.000,1543.000,1622.000,1791.000,1802.000,1667.000,1712.000,248.000,180.000,0,1.000000,25.150000,14.406305,6.603333
1780467693.436319,,,BOARD_2,1,1,1543.000,1622.000,1791.000,1802.000,248.000,180.000,1543.000,1622.000,1791.000,1802.000,248.000,180.000,1543.000,1622.000,1791.000,1802.000,1667.000,1712.000,248.000,180.000,0,1.000000,25.150000,14.406305,6.603333
1780467693.687613,,,BOARD_2,1,0,1616.000,1644.000,1680.000,1763.000,64.000,119.000,1616.000,1644.000,1680.000,1763.000,64.000,119.000,1616.000,1644.000,1680.000,1763.000,1648.000,1703.500,64.000,119.000,0,1.000000,97.460000,14.319717,6.642292
1780467693.922394,,,BOARD_2,1,0,1601.000,1671.000,1761.000,1722.000,160.000,51.000,1601.000,1671.000,1761.000,1722.000,160.000,51.000,1601.000,1671.000,1761.000,1722.000,1681.000,1696.500,160.000,51.000,0,1.000000,38.980000,14.470107,6.674375
1780467693.922394,,,BOARD_2,1,1,1617.000,1666.000,1777.000,1717.000,160.000,51.000,1617.000,1666.000,1777.000,1717.000,160.000,51.000,1617.000,1666.000,1777.000,1717.000,1697.000,1691.500,160.000,51.000,0,1.000000,38.980000,14.543024,6.697292
1780467694.151575,,,BOARD_2,1,0,1632.000,1661.000,1792.000,1712.000,160.000,51.000,1632.000,1661.000,1792.000,1712.000,160.000,51.000,1632.000,1661.000,1792.000,1712.000,1712.000,1686.500,160.000,51.000,0,1.000000,38.980000,14.611383,6.720208
1780467694.415827,,,BOARD_2,1,0,1589.000,1659.000,1721.000,1751.000,132.000,92.000,1589.000,1659.000,1721.000,1751.000,132.000,92.000,1589.000,1659.000,1721.000,1751.000,1655.000,1705.000,132.000,92.000,0,1.000000,47.250000,14.351618,6.635417
1780467694.415827,,,BOARD_2,1,1,1590.000,1658.000,1722.000,1750.000,132.000,92.000,1590.000,1658.000,1722.000,1750.000,132.000,92.000,1590.000,1658.000,1722.000,1750.000,1656.000,1704.000,132.000,92.000,0,1.000000,47.250000,14.356175,6.640000
1780467694.655714,,,BOARD_2,1,0,1592.000,1657.000,1724.000,1749.000,132.000,92.000,1592.000,1657.000,1724.000,1749.000,132.000,92.000,1592.000,1657.000,1724.000,1749.000,1658.000,1703.000,132.000,92.000,0,1.000000,47.250000,14.365290,6.644583
1780467694.937732,,,BOARD_2,1,0,1590.000,1658.000,1722.000,1749.000,132.000,91.000,1590.000,1658.000,1722.000,1749.000,132.000,91.000,1590.000,1658.000,1722.000,1749.000,1656.000,1703.500,132.000,91.000,0,1.000000,47.250000,14.356175,6.642292
1780467694.937732,,,BOARD_2,1,1,1591.000,1657.000,1723.000,1748.000,132.000,91.000,1591.000,1657.000,1723.000,1748.000,132.000,91.000,1591.000,1657.000,1723.000,1748.000,1657.000,1702.500,132.000,91.000,0,1.000000,47.250000,14.360732,6.646875
1780467695.150714,,,BOARD_2,1,0,1591.000,1657.000,1723.000,1748.000,132.000,91.000,1591.000,1657.000,1723.000,1748.000,132.000,91.000,1591.000,1657.000,1723.000,1748.000,1657.000,1702.500,132.000,91.000,0,1.000000,47.250000,14.360732,6.646875
1780467695.481380,,,BOARD_2,1,0,1593.000,1656.000,1725.000,1748.000,132.000,92.000,1593.000,1656.000,1725.000,1748.000,132.000,92.000,1593.000,1656.000,1725.000,1748.000,1659.000,1702.000,132.000,92.000,0,1.000000,47.250000,14.369847,6.649167
1780467695.481380,,,BOARD_2,1,1,1533.000,1659.000,1665.000,1751.000,132.000,92.000,1533.000,1659.000,1665.000,1751.000,132.000,92.000,1533.000,1659.000,1665.000,1751.000,1599.000,1705.000,132.000,92.000,0,1.000000,47.250000,14.096409,6.635417
1780467695.833003,,,BOARD_2,1,0,1655.000,1641.000,1719.000,1761.000,64.000,120.000,1655.000,1641.000,1719.000,1761.000,64.000,120.000,1655.000,1641.000,1719.000,1761.000,1687.000,1701.000,64.000,120.000,0,1.000000,97.460000,14.497451,6.653750
1780467697.308598,,,BOARD_2,4,0,723.000,1585.000,759.000,1621.000,36.000,36.000,723.000,1585.000,759.000,1621.000,36.000,36.000,723.000,1585.000,759.000,1621.000,741.000,1603.000,36.000,36.000,0,1.000000,173.260000,336.997253,7.102917
1780467698.256659,,,BOARD_2,4,0,727.000,1581.000,763.000,1617.000,36.000,36.000,727.000,1581.000,763.000,1617.000,36.000,36.000,727.000,1581.000,763.000,1617.000,745.000,1599.000,36.000,36.000,0,1.000000,173.260000,337.015482,7.121250
1780467701.693621,,,BOARD_2,1,0,1924.000,1550.000,2036.000,1616.000,112.000,66.000,1924.000,1550.000,2036.000,1616.000,112.000,66.000,1924.000,1550.000,2036.000,1616.000,1980.000,1583.000,112.000,66.000,0,1.000000,55.690000,15.832738,7.194583
1780467701.693621,,,BOARD_2,1,1,1923.000,1542.000,2035.000,1608.000,112.000,66.000,1923.000,1542.000,2035.000,1608.000,112.000,66.000,1923.000,1542.000,2035.000,1608.000,1979.000,1575.000,112.000,66.000,0,1.000000,55.690000,15.828180,7.231250
1780467702.262482,,,BOARD_2,1,0,1960.000,1547.000,2024.000,1667.000,64.000,120.000,1960.000,1547.000,2024.000,1667.000,64.000,120.000,1960.000,1547.000,2024.000,1667.000,1992.000,1607.000,64.000,120.000,0,1.000000,97.460000,15.887425,7.084583
1780467703.370278,,,BOARD_2,1,0,1911.000,1564.000,2016.000,1622.000,105.000,58.000,1911.000,1564.000,2016.000,1622.000,105.000,58.000,1911.000,1564.000,2016.000,1622.000,1963.500,1593.000,105.000,58.000,0,1.000000,59.400000,15.757542,7.148750
1780467708.452744,,,BOARD_2,4,0,723.000,1567.000,759.000,1603.000,36.000,36.000,723.000,1567.000,759.000,1603.000,36.000,36.000,723.000,1567.000,759.000,1603.000,741.000,1585.000,36.000,36.000,0,1.000000,173.260000,336.997253,7.185417
1780467708.993199,,,BOARD_2,4,0,721.000,1571.000,757.000,1607.000,36.000,36.000,721.000,1571.000,757.000,1607.000,36.000,36.000,721.000,1571.000,757.000,1607.000,739.000,1589.000,36.000,36.000,0,1.000000,173.260000,336.988139,7.167083
1780467709.319618,,,BOARD_2,4,0,721.000,1572.000,757.000,1608.000,36.000,36.000,721.000,1572.000,757.000,1608.000,36.000,36.000,721.000,1572.000,757.000,1608.000,739.000,1590.000,36.000,36.000,0,1.000000,173.260000,336.988139,7.162500
1780467710.546637,,,BOARD_3,0,0,1558.000,180.000,1594.000,216.000,36.000,36.000,1558.000,180.000,1594.000,216.000,36.000,36.000,1558.000,180.000,1594.000,216.000,1576.000,198.000,36.000,36.000,0,1.000000,173.260000,30.419292,23.042500
1780467710.546637,,,BOARD_3,0,1,1558.000,179.000,1594.000,215.000,36.000,36.000,1558.000,179.000,1594.000,215.000,36.000,36.000,1558.000,179.000,1594.000,215.000,1576.000,197.000,36.000,36.000,0,1.000000,173.260000,30.419292,23.047083
1780467711.080462,,,BOARD_3,0,0,1558.000,180.000,1595.000,216.000,37.000,36.000,1558.000,180.000,1595.000,216.000,37.000,36.000,1558.000,180.000,1595.000,216.000,1576.500,198.000,37.000,36.000,0,1.000000,168.570000,30.421570,23.042500
1780467711.080462,,,BOARD_2,0,1,3421.000,221.000,3457.000,257.000,36.000,36.000,3421.000,221.000,3457.000,257.000,36.000,36.000,3421.000,221.000,3457.000,257.000,3439.000,239.000,36.000,36.000,0,1.000000,173.260000,41.231126,13.354583
1780467711.080462,,,BOARD_3,0,2,1558.000,179.000,1595.000,215.000,37.000,36.000,1558.000,179.000,1595.000,215.000,37.000,36.000,1558.000,179.000,1595.000,215.000,1576.500,197.000,37.000,36.000,0,1.000000,168.570000,30.421570,23.047083
1780467711.604679,,,BOARD_3,0,0,1557.000,179.000,1593.000,215.000,36.000,36.000,1557.000,179.000,1593.000,215.000,36.000,36.000,1557.000,179.000,1593.000,215.000,1575.000,197.000,36.000,36.000,0,1.000000,173.260000,30.414734,23.047083
1780467711.604679,,,BOARD_3,0,1,1557.000,179.000,1593.000,215.000,36.000,36.000,1557.000,179.000,1593.000,215.000,36.000,36.000,1557.000,179.000,1593.000,215.000,1575.000,197.000,36.000,36.000,0,1.000000,173.260000,30.414734,23.047083
1780467714.630617,,,BOARD_2,1,0,1882.000,1343.000,1946.000,1462.000,64.000,119.000,1882.000,1343.000,1946.000,1462.000,64.000,119.000,1882.000,1343.000,1946.000,1462.000,1914.000,1402.500,64.000,119.000,0,1.000000,97.460000,15.531956,8.021875
1780467714.630617,,,BOARD_2,1,1,1882.000,1344.000,1946.000,1463.000,64.000,119.000,1882.000,1344.000,1946.000,1463.000,64.000,119.000,1882.000,1344.000,1946.000,1463.000,1914.000,1403.500,64.000,119.000,0,1.000000,97.460000,15.531956,8.017292
1780467715.042753,,,BOARD_2,1,0,1883.000,1345.000,1947.000,1464.000,64.000,119.000,1883.000,1345.000,1947.000,1464.000,64.000,119.000,1883.000,1345.000,1947.000,1464.000,1915.000,1404.500,64.000,119.000,0,1.000000,97.460000,15.536514,8.012708
1780467715.373166,,,BOARD_2,1,0,1858.000,1377.000,1942.000,1421.000,84.000,44.000,1858.000,1377.000,1942.000,1421.000,84.000,44.000,1858.000,1377.000,1942.000,1421.000,1900.000,1399.000,84.000,44.000,0,1.000000,74.250000,15.468154,8.037917
1780467715.373166,,,BOARD_2,1,1,1856.000,1377.000,1940.000,1421.000,84.000,44.000,1856.000,1377.000,1940.000,1421.000,84.000,44.000,1856.000,1377.000,1940.000,1421.000,1898.000,1399.000,84.000,44.000,0,1.000000,74.250000,15.459040,8.037917
1780467715.623081,,,BOARD_2,1,0,1853.000,1376.000,1937.000,1420.000,84.000,44.000,1853.000,1376.000,1937.000,1420.000,84.000,44.000,1853.000,1376.000,1937.000,1420.000,1895.000,1398.000,84.000,44.000,0,1.000000,74.250000,15.445368,8.042500
1780467715.836316,,,BOARD_2,1,0,1858.000,1377.000,1942.000,1421.000,84.000,44.000,1858.000,1377.000,1942.000,1421.000,84.000,44.000,1858.000,1377.000,1942.000,1421.000,1900.000,1399.000,84.000,44.000,0,1.000000,74.250000,15.468154,8.037917
1780467715.836316,,,BOARD_2,1,1,1857.000,1377.000,1941.000,1421.000,84.000,44.000,1857.000,1377.000,1941.000,1421.000,84.000,44.000,1857.000,1377.000,1941.000,1421.000,1899.000,1399.000,84.000,44.000,0,1.000000,74.250000,15.463597,8.037917
1780467716.078227,,,BOARD_2,1,0,1846.000,1358.000,1978.000,1449.000,132.000,91.000,1846.000,1358.000,1978.000,1449.000,132.000,91.000,1846.000,1358.000,1978.000,1449.000,1912.000,1403.500,132.000,91.000,0,1.000000,47.250000,15.522842,8.017292
1780467716.594465,,,BOARD_2,1,0,1849.000,1359.000,1981.000,1450.000,132.000,91.000,1849.000,1359.000,1981.000,1450.000,132.000,91.000,1849.000,1359.000,1981.000,1450.000,1915.000,1404.500,132.000,91.000,0,1.000000,47.250000,15.536514,8.012708
1780467716.803526,,,BOARD_2,1,0,1852.000,1360.000,1984.000,1451.000,132.000,91.000,1852.000,1360.000,1984.000,1451.000,132.000,91.000,1852.000,1360.000,1984.000,1451.000,1918.000,1405.500,132.000,91.000,0,1.000000,47.250000,15.550185,8.008125
1780467717.196250,,,BOARD_2,1,0,1855.000,1375.000,1942.000,1419.000,87.000,44.000,1855.000,1375.000,1942.000,1419.000,87.000,44.000,1855.000,1375.000,1942.000,1419.000,1898.500,1397.000,87.000,44.000,0,1.000000,71.690000,15.461318,8.047083
1780467717.196250,,,BOARD_2,1,1,1854.000,1375.000,1941.000,1419.000,87.000,44.000,1854.000,1375.000,1941.000,1419.000,87.000,44.000,1854.000,1375.000,1941.000,1419.000,1897.500,1397.000,87.000,44.000,0,1.000000,71.690000,15.456761,8.047083
1780467717.846906,,,BOARD_2,1,0,1853.000,1375.000,1940.000,1419.000,87.000,44.000,1853.000,1375.000,1940.000,1419.000,87.000,44.000,1853.000,1375.000,1940.000,1419.000,1896.500,1397.000,87.000,44.000,0,1.000000,71.690000,15.452204,8.047083
1780467717.846906,,,BOARD_2,1,1,1852.000,1375.000,1939.000,1419.000,87.000,44.000,1852.000,1375.000,1939.000,1419.000,87.000,44.000,1852.000,1375.000,1939.000,1419.000,1895.500,1397.000,87.000,44.000,0,1.000000,71.690000,15.447646,8.047083
1780467718.354983,,,BOARD_2,1,0,1856.000,1378.000,1940.000,1418.000,84.000,40.000,1856.000,1378.000,1940.000,1418.000,84.000,40.000,1856.000,1378.000,1940.000,1418.000,1898.000,1398.000,84.000,40.000,0,1.000000,74.250000,15.459040,8.042500
1780467718.354983,,,BOARD_2,1,1,1856.000,1378.000,1940.000,1418.000,84.000,40.000,1856.000,1378.000,1940.000,1418.000,84.000,40.000,1856.000,1378.000,1940.000,1418.000,1898.000,1398.000,84.000,40.000,0,1.000000,74.250000,15.459040,8.042500
1780467718.842139,,,BOARD_2,1,0,1853.000,1376.000,1940.000,1416.000,87.000,40.000,1853.000,1376.000,1940.000,1416.000,87.000,40.000,1853.000,1376.000,1940.000,1416.000,1896.500,1396.000,87.000,40.000,0,1.000000,71.690000,15.452204,8.051667
1780467718.842139,,,BOARD_2,1,1,1853.000,1376.000,1940.000,1416.000,87.000,40.000,1853.000,1376.000,1940.000,1416.000,87.000,40.000,1853.000,1376.000,1940.000,1416.000,1896.500,1396.000,87.000,40.000,0,1.000000,71.690000,15.452204,8.051667
1780467719.093690,,,BOARD_2,1,0,1852.000,1375.000,1939.000,1415.000,87.000,40.000,1852.000,1375.000,1939.000,1415.000,87.000,40.000,1852.000,1375.000,1939.000,1415.000,1895.500,1395.000,87.000,40.000,0,1.000000,71.690000,15.447646,8.056250
1780467719.356751,,,BOARD_2,1,0,1856.000,1376.000,1940.000,1416.000,84.000,40.000,1856.000,1376.000,1940.000,1416.000,84.000,40.000,1856.000,1376.000,1940.000,1416.000,1898.000,1396.000,84.000,40.000,0,1.000000,74.250000,15.459040,8.051667
1780467719.356751,,,BOARD_2,1,1,1856.000,1376.000,1940.000,1416.000,84.000,40.000,1856.000,1376.000,1940.000,1416.000,84.000,40.000,1856.000,1376.000,1940.000,1416.000,1898.000,1396.000,84.000,40.000,0,1.000000,74.250000,15.459040,8.051667
1780467719.587909,,,BOARD_2,1,0,1856.000,1376.000,1940.000,1416.000,84.000,40.000,1856.000,1376.000,1940.000,1416.000,84.000,40.000,1856.000,1376.000,1940.000,1416.000,1898.000,1396.000,84.000,40.000,0,1.000000,74.250000,15.459040,8.051667
1780467719.852989,,,BOARD_2,1,0,1867.000,1378.000,1936.000,1415.000,69.000,37.000,1867.000,1378.000,1936.000,1415.000,69.000,37.000,1867.000,1378.000,1936.000,1415.000,1901.500,1396.500,69.000,37.000,0,1.000000,90.390000,15.474990,8.049375
1780467720.167665,,,BOARD_2,1,0,1868.000,1378.000,1937.000,1415.000,69.000,37.000,1868.000,1378.000,1937.000,1415.000,69.000,37.000,1868.000,1378.000,1937.000,1415.000,1902.500,1396.500,69.000,37.000,0,1.000000,90.390000,15.479547,8.049375
1780467720.413551,,,BOARD_2,1,0,1868.000,1378.000,1937.000,1415.000,69.000,37.000,1868.000,1378.000,1937.000,1415.000,69.000,37.000,1868.000,1378.000,1937.000,1415.000,1902.500,1396.500,69.000,37.000,0,1.000000,90.390000,15.479547,8.049375
1780467720.712759,,,BOARD_2,1,0,1860.000,1378.000,1936.000,1414.000,76.000,36.000,1860.000,1378.000,1936.000,1414.000,76.000,36.000,1860.000,1378.000,1936.000,1414.000,1898.000,1396.000,76.000,36.000,0,1.000000,82.070000,15.459040,8.051667
1780467720.950340,,,BOARD_2,1,0,1837.000,1355.000,1969.000,1446.000,132.000,91.000,1837.000,1355.000,1969.000,1446.000,132.000,91.000,1837.000,1355.000,1969.000,1446.000,1903.000,1400.500,132.000,91.000,0,1.000000,47.250000,15.481826,8.031042
1780467720.950340,,,BOARD_2,1,1,1840.000,1357.000,1972.000,1448.000,132.000,91.000,1840.000,1357.000,1972.000,1448.000,132.000,91.000,1840.000,1357.000,1972.000,1448.000,1906.000,1402.500,132.000,91.000,0,1.000000,47.250000,15.495498,8.021875
1780467721.358125,,,BOARD_2,1,0,1859.000,1378.000,1939.000,1414.000,80.000,36.000,1859.000,1378.000,1939.000,1414.000,80.000,36.000,1859.000,1378.000,1939.000,1414.000,1899.000,1396.000,80.000,36.000,0,1.000000,77.970000,15.463597,8.051667
1780467721.358125,,,BOARD_2,1,1,1859.000,1378.000,1939.000,1414.000,80.000,36.000,1859.000,1378.000,1939.000,1414.000,80.000,36.000,1859.000,1378.000,1939.000,1414.000,1899.000,1396.000,80.000,36.000,0,1.000000,77.970000,15.463597,8.051667
1780467721.617607,,,BOARD_2,1,0,1859.000,1378.000,1939.000,1414.000,80.000,36.000,1859.000,1378.000,1939.000,1414.000,80.000,36.000,1859.000,1378.000,1939.000,1414.000,1899.000,1396.000,80.000,36.000,0,1.000000,77.970000,15.463597,8.051667
1780467721.853809,,,BOARD_2,1,0,1856.000,1375.000,1940.000,1419.000,84.000,44.000,1856.000,1375.000,1940.000,1419.000,84.000,44.000,1856.000,1375.000,1940.000,1419.000,1898.000,1397.000,84.000,44.000,0,1.000000,74.250000,15.459040,8.047083
1780467721.853809,,,BOARD_2,1,1,1856.000,1375.000,1940.000,1419.000,84.000,44.000,1856.000,1375.000,1940.000,1419.000,84.000,44.000,1856.000,1375.000,1940.000,1419.000,1898.000,1397.000,84.000,44.000,0,1.000000,74.250000,15.459040,8.047083
1780467722.101774,,,BOARD_2,1,0,1836.000,1356.000,1968.000,1447.000,132.000,91.000,1836.000,1356.000,1968.000,1447.000,132.000,91.000,1836.000,1356.000,1968.000,1447.000,1902.000,1401.500,132.000,91.000,0,1.000000,47.250000,15.477269,8.026458
1780467722.360651,,,BOARD_2,1,0,1856.000,1374.000,1940.000,1422.000,84.000,48.000,1856.000,1374.000,1940.000,1422.000,84.000,48.000,1856.000,1374.000,1940.000,1422.000,1898.000,1398.000,84.000,48.000,0,1.000000,74.250000,15.459040,8.042500
1780467722.360651,,,BOARD_2,1,1,1854.000,1373.000,1938.000,1421.000,84.000,48.000,1854.000,1373.000,1938.000,1421.000,84.000,48.000,1854.000,1373.000,1938.000,1421.000,1896.000,1397.000,84.000,48.000,0,1.000000,74.250000,15.449925,8.047083
1780467722.598922,,,BOARD_2,1,0,1853.000,1371.000,1937.000,1419.000,84.000,48.000,1853.000,1371.000,1937.000,1419.000,84.000,48.000,1853.000,1371.000,1937.000,1419.000,1895.000,1395.000,84.000,48.000,0,1.000000,74.250000,15.445368,8.056250
1780467722.919722,,,BOARD_2,1,0,1843.000,1354.000,1975.000,1445.000,132.000,91.000,1843.000,1354.000,1975.000,1445.000,132.000,91.000,1843.000,1354.000,1975.000,1445.000,1909.000,1399.500,132.000,91.000,0,1.000000,47.250000,15.509170,8.035625
1780467722.919722,,,BOARD_2,1,1,1844.000,1354.000,1976.000,1445.000,132.000,91.000,1844.000,1354.000,1976.000,1445.000,132.000,91.000,1844.000,1354.000,1976.000,1445.000,1910.000,1399.500,132.000,91.000,0,1.000000,47.250000,15.513727,8.035625
1780467723.152062,,,BOARD_2,1,0,1845.000,1353.000,1977.000,1444.000,132.000,91.000,1845.000,1353.000,1977.000,1444.000,132.000,91.000,1845.000,1353.000,1977.000,1444.000,1911.000,1398.500,132.000,91.000,0,1.000000,47.250000,15.518284,8.040208
1780467723.455015,,,BOARD_2,1,0,1858.000,1377.000,1934.000,1421.000,76.000,44.000,1858.000,1377.000,1934.000,1421.000,76.000,44.000,1858.000,1377.000,1934.000,1421.000,1896.000,1399.000,76.000,44.000,0,1.000000,82.070000,15.449925,8.037917
1780467723.455015,,,BOARD_2,1,1,1856.000,1377.000,1932.000,1421.000,76.000,44.000,1856.000,1377.000,1932.000,1421.000,76.000,44.000,1856.000,1377.000,1932.000,1421.000,1894.000,1399.000,76.000,44.000,0,1.000000,82.070000,15.440810,8.037917
1780467723.722060,,,BOARD_2,1,0,1844.000,1354.000,1976.000,1445.000,132.000,91.000,1844.000,1354.000,1976.000,1445.000,132.000,91.000,1844.000,1354.000,1976.000,1445.000,1910.000,1399.500,132.000,91.000,0,1.000000,47.250000,15.513727,8.035625
1780467724.244549,,,BOARD_2,1,0,1840.000,1355.000,1972.000,1446.000,132.000,91.000,1840.000,1355.000,1972.000,1446.000,132.000,91.000,1840.000,1355.000,1972.000,1446.000,1906.000,1400.500,132.000,91.000,0,1.000000,47.250000,15.495498,8.031042
1780467724.244549,,,BOARD_2,1,1,1839.000,1356.000,1971.000,1447.000,132.000,91.000,1839.000,1356.000,1971.000,1447.000,132.000,91.000,1839.000,1356.000,1971.000,1447.000,1905.000,1401.500,132.000,91.000,0,1.000000,47.250000,15.490941,8.026458
1780467724.472618,,,BOARD_2,1,0,1838.000,1356.000,1970.000,1447.000,132.000,91.000,1838.000,1356.000,1970.000,1447.000,132.000,91.000,1838.000,1356.000,1970.000,1447.000,1904.000,1401.500,132.000,91.000,0,1.000000,47.250000,15.486383,8.026458
1780467724.727277,,,BOARD_2,1,0,1854.000,1379.000,1938.000,1423.000,84.000,44.000,1854.000,1379.000,1938.000,1423.000,84.000,44.000,1854.000,1379.000,1938.000,1423.000,1896.000,1401.000,84.000,44.000,0,1.000000,74.250000,15.449925,8.028750
1780467724.727277,,,BOARD_2,1,1,1844.000,1354.000,1976.000,1445.000,132.000,91.000,1844.000,1354.000,1976.000,1445.000,132.000,91.000,1844.000,1354.000,1976.000,1445.000,1910.000,1399.500,132.000,91.000,0,1.000000,47.250000,15.513727,8.035625
1780467725.019309,,,BOARD_2,1,0,1851.000,1353.000,1983.000,1444.000,132.000,91.000,1851.000,1353.000,1983.000,1444.000,132.000,91.000,1851.000,1353.000,1983.000,1444.000,1917.000,1398.500,132.000,91.000,0,1.000000,47.250000,15.545628,8.040208
1780467725.286161,,,BOARD_2,1,0,1837.000,1354.000,1969.000,1445.000,132.000,91.000,1837.000,1354.000,1969.000,1445.000,132.000,91.000,1837.000,1354.000,1969.000,1445.000,1903.000,1399.500,132.000,91.000,0,1.000000,47.250000,15.481826,8.035625
1780467725.286161,,,BOARD_2,1,1,1838.000,1354.000,1970.000,1445.000,132.000,91.000,1838.000,1354.000,1970.000,1445.000,132.000,91.000,1838.000,1354.000,1970.000,1445.000,1904.000,1399.500,132.000,91.000,0,1.000000,47.250000,15.486383,8.035625
1780467725.505368,,,BOARD_2,1,0,1839.000,1353.000,1971.000,1444.000,132.000,91.000,1839.000,1353.000,1971.000,1444.000,132.000,91.000,1839.000,1353.000,1971.000,1444.000,1905.000,1398.500,132.000,91.000,0,1.000000,47.250000,15.490941,8.040208
1780467725.807546,,,BOARD_2,1,0,1854.000,1382.000,1938.000,1422.000,84.000,40.000,1854.000,1382.000,1938.000,1422.000,84.000,40.000,1854.000,1382.000,1938.000,1422.000,1896.000,1402.000,84.000,40.000,0,1.000000,74.250000,15.449925,8.024167
1780467725.807546,,,BOARD_2,1,1,1853.000,1382.000,1937.000,1422.000,84.000,40.000,1853.000,1382.000,1937.000,1422.000,84.000,40.000,1853.000,1382.000,1937.000,1422.000,1895.000,1402.000,84.000,40.000,0,1.000000,74.250000,15.445368,8.024167
1780467726.046345,,,BOARD_2,1,0,1852.000,1383.000,1936.000,1423.000,84.000,40.000,1852.000,1383.000,1936.000,1423.000,84.000,40.000,1852.000,1383.000,1936.000,1423.000,1894.000,1403.000,84.000,40.000,0,1.000000,74.250000,15.440810,8.019583
1780467726.335451,,,BOARD_2,1,0,1842.000,1357.000,1974.000,1448.000,132.000,91.000,1842.000,1357.000,1974.000,1448.000,132.000,91.000,1842.000,1357.000,1974.000,1448.000,1908.000,1402.500,132.000,91.000,0,1.000000,47.250000,15.504613,8.021875
1780467726.335451,,,BOARD_2,1,1,1844.000,1357.000,1976.000,1448.000,132.000,91.000,1844.000,1357.000,1976.000,1448.000,132.000,91.000,1844.000,1357.000,1976.000,1448.000,1910.000,1402.500,132.000,91.000,0,1.000000,47.250000,15.513727,8.021875
1780467726.562797,,,BOARD_2,1,0,1846.000,1357.000,1978.000,1448.000,132.000,91.000,1846.000,1357.000,1978.000,1448.000,132.000,91.000,1846.000,1357.000,1978.000,1448.000,1912.000,1402.500,132.000,91.000,0,1.000000,47.250000,15.522842,8.021875
1780467726.820797,,,BOARD_2,1,0,1843.000,1358.000,1975.000,1449.000,132.000,91.000,1843.000,1358.000,1975.000,1449.000,132.000,91.000,1843.000,1358.000,1975.000,1449.000,1909.000,1403.500,132.000,91.000,0,1.000000,47.250000,15.509170,8.017292
1780467726.820797,,,BOARD_2,1,1,1844.000,1358.000,1976.000,1449.000,132.000,91.000,1844.000,1358.000,1976.000,1449.000,132.000,91.000,1844.000,1358.000,1976.000,1449.000,1910.000,1403.500,132.000,91.000,0,1.000000,47.250000,15.513727,8.017292
1780467727.095252,,,BOARD_2,1,0,1876.000,1345.000,1940.000,1464.000,64.000,119.000,1876.000,1345.000,1940.000,1464.000,64.000,119.000,1876.000,1345.000,1940.000,1464.000,1908.000,1404.500,64.000,119.000,0,1.000000,97.460000,15.504613,8.012708
1780467727.534140,,,BOARD_2,1,0,1855.000,1382.000,1935.000,1422.000,80.000,40.000,1855.000,1382.000,1935.000,1422.000,80.000,40.000,1855.000,1382.000,1935.000,1422.000,1895.000,1402.000,80.000,40.000,0,1.000000,77.970000,15.445368,8.024167
1780467727.534140,,,BOARD_2,1,1,1848.000,1381.000,1928.000,1421.000,80.000,40.000,1848.000,1381.000,1928.000,1421.000,80.000,40.000,1848.000,1381.000,1928.000,1421.000,1888.000,1401.000,80.000,40.000,0,1.000000,77.970000,15.413467,8.028750
1780467727.771397,,,BOARD_2,1,0,1841.000,1380.000,1921.000,1420.000,80.000,40.000,1841.000,1380.000,1921.000,1420.000,80.000,40.000,1841.000,1380.000,1921.000,1420.000,1881.000,1400.000,80.000,40.000,0,1.000000,77.970000,15.381566,8.033333
1780467728.063376,,,BOARD_2,1,0,1855.000,1380.000,1935.000,1417.000,80.000,37.000,1855.000,1380.000,1935.000,1417.000,80.000,37.000,1855.000,1380.000,1935.000,1417.000,1895.000,1398.500,80.000,37.000,0,1.000000,77.970000,15.445368,8.040208
1780467728.063376,,,BOARD_2,1,1,1852.000,1379.000,1932.000,1416.000,80.000,37.000,1852.000,1379.000,1932.000,1416.000,80.000,37.000,1852.000,1379.000,1932.000,1416.000,1892.000,1397.500,80.000,37.000,0,1.000000,77.970000,15.431696,8.044792
1780467728.366733,,,BOARD_2,1,0,1842.000,1360.000,1974.000,1451.000,132.000,91.000,1842.000,1360.000,1974.000,1451.000,132.000,91.000,1842.000,1360.000,1974.000,1451.000,1908.000,1405.500,132.000,91.000,0,1.000000,47.250000,15.504613,8.008125
1780467728.686105,,,BOARD_2,1,0,1858.000,1382.000,1934.000,1419.000,76.000,37.000,1858.000,1382.000,1934.000,1419.000,76.000,37.000,1858.000,1382.000,1934.000,1419.000,1896.000,1400.500,76.000,37.000,0,1.000000,82.070000,15.449925,8.031042
1780467728.686105,,,BOARD_2,1,1,1852.000,1380.000,1928.000,1417.000,76.000,37.000,1852.000,1380.000,1928.000,1417.000,76.000,37.000,1852.000,1380.000,1928.000,1417.000,1890.000,1398.500,76.000,37.000,0,1.000000,82.070000,15.422581,8.040208
1780467728.937936,,,BOARD_2,1,0,1847.000,1378.000,1923.000,1415.000,76.000,37.000,1847.000,1378.000,1923.000,1415.000,76.000,37.000,1847.000,1378.000,1923.000,1415.000,1885.000,1396.500,76.000,37.000,0,1.000000,82.070000,15.399795,8.049375
1780467729.296585,,,BOARD_2,1,0,1855.000,1380.000,1935.000,1420.000,80.000,40.000,1855.000,1380.000,1935.000,1420.000,80.000,40.000,1855.000,1380.000,1935.000,1420.000,1895.000,1400.000,80.000,40.000,0,1.000000,77.970000,15.445368,8.033333
1780467729.574079,,,BOARD_2,1,0,1868.000,1346.000,1932.000,1466.000,64.000,120.000,1868.000,1346.000,1932.000,1466.000,64.000,120.000,1868.000,1346.000,1932.000,1466.000,1900.000,1406.000,64.000,120.000,0,1.000000,97.460000,15.468154,8.005833
1780467729.823762,,,BOARD_2,1,0,1870.000,1349.000,1934.000,1469.000,64.000,120.000,1870.000,1349.000,1934.000,1469.000,64.000,120.000,1870.000,1349.000,1934.000,1469.000,1902.000,1409.000,64.000,120.000,0,1.000000,97.460000,15.477269,7.992083
1780467730.113472,,,BOARD_2,1,0,1855.000,1379.000,1935.000,1423.000,80.000,44.000,1855.000,1379.000,1935.000,1423.000,80.000,44.000,1855.000,1379.000,1935.000,1423.000,1895.000,1401.000,80.000,44.000,0,1.000000,77.970000,15.445368,8.028750
1780467730.113472,,,BOARD_2,1,1,1854.000,1379.000,1934.000,1423.000,80.000,44.000,1854.000,1379.000,1934.000,1423.000,80.000,44.000,1854.000,1379.000,1934.000,1423.000,1894.000,1401.000,80.000,44.000,0,1.000000,77.970000,15.440810,8.028750
1780467730.384076,,,BOARD_2,1,0,1854.000,1379.000,1934.000,1423.000,80.000,44.000,1854.000,1379.000,1934.000,1423.000,80.000,44.000,1854.000,1379.000,1934.000,1423.000,1894.000,1401.000,80.000,44.000,0,1.000000,77.970000,15.440810,8.028750
1780467730.670208,,,BOARD_2,1,0,1841.000,1360.000,1973.000,1452.000,132.000,92.000,1841.000,1360.000,1973.000,1452.000,132.000,92.000,1841.000,1360.000,1973.000,1452.000,1907.000,1406.000,132.000,92.000,0,1.000000,47.250000,15.500055,8.005833
1780467730.670208,,,BOARD_2,1,1,1843.000,1361.000,1975.000,1453.000,132.000,92.000,1843.000,1361.000,1975.000,1453.000,132.000,92.000,1843.000,1361.000,1975.000,1453.000,1909.000,1407.000,132.000,92.000,0,1.000000,47.250000,15.509170,8.001250
1780467730.926139,,,BOARD_2,1,0,1845.000,1362.000,1977.000,1454.000,132.000,92.000,1845.000,1362.000,1977.000,1454.000,132.000,92.000,1845.000,1362.000,1977.000,1454.000,1911.000,1408.000,132.000,92.000,0,1.000000,47.250000,15.518284,7.996667
1780467731.219540,,,BOARD_2,1,0,1840.000,1359.000,1972.000,1450.000,132.000,91.000,1840.000,1359.000,1972.000,1450.000,132.000,91.000,1840.000,1359.000,1972.000,1450.000,1906.000,1404.500,132.000,91.000,0,1.000000,47.250000,15.495498,8.012708
1780467731.219540,,,BOARD_2,1,1,1841.000,1359.000,1973.000,1450.000,132.000,91.000,1841.000,1359.000,1973.000,1450.000,132.000,91.000,1841.000,1359.000,1973.000,1450.000,1907.000,1404.500,132.000,91.000,0,1.000000,47.250000,15.500055,8.012708
1780467731.476952,,,BOARD_2,1,0,1833.000,1360.000,1965.000,1451.000,132.000,91.000,1833.000,1360.000,1965.000,1451.000,132.000,91.000,1833.000,1360.000,1965.000,1451.000,1899.000,1405.500,132.000,91.000,0,1.000000,47.250000,15.463597,8.008125
1780467731.786915,,,BOARD_2,1,0,1841.000,1357.000,1973.000,1448.000,132.000,91.000,1841.000,1357.000,1973.000,1448.000,132.000,91.000,1841.000,1357.000,1973.000,1448.000,1907.000,1402.500,132.000,91.000,0,1.000000,47.250000,15.500055,8.021875
1780467732.081514,,,BOARD_2,1,0,1842.000,1359.000,1974.000,1450.000,132.000,91.000,1842.000,1359.000,1974.000,1450.000,132.000,91.000,1842.000,1359.000,1974.000,1450.000,1908.000,1404.500,132.000,91.000,0,1.000000,47.250000,15.504613,8.012708
1780467732.081514,,,BOARD_2,1,1,1844.000,1359.000,1976.000,1450.000,132.000,91.000,1844.000,1359.000,1976.000,1450.000,132.000,91.000,1844.000,1359.000,1976.000,1450.000,1910.000,1404.500,132.000,91.000,0,1.000000,47.250000,15.513727,8.012708
1780467732.424026,,,BOARD_2,1,0,1841.000,1358.000,1973.000,1449.000,132.000,91.000,1841.000,1358.000,1973.000,1449.000,132.000,91.000,1841.000,1358.000,1973.000,1449.000,1907.000,1403.500,132.000,91.000,0,1.000000,47.250000,15.500055,8.017292
1780467732.424026,,,BOARD_2,1,1,1842.000,1358.000,1974.000,1449.000,132.000,91.000,1842.000,1358.000,1974.000,1449.000,132.000,91.000,1842.000,1358.000,1974.000,1449.000,1908.000,1403.500,132.000,91.000,0,1.000000,47.250000,15.504613,8.017292
1780467732.683090,,,BOARD_2,1,0,1833.000,1359.000,1965.000,1450.000,132.000,91.000,1833.000,1359.000,1965.000,1450.000,132.000,91.000,1833.000,1359.000,1965.000,1450.000,1899.000,1404.500,132.000,91.000,0,1.000000,47.250000,15.463597,8.012708
1780467732.959381,,,BOARD_2,1,0,1849.000,1380.000,1936.000,1420.000,87.000,40.000,1849.000,1380.000,1936.000,1420.000,87.000,40.000,1849.000,1380.000,1936.000,1420.000,1892.500,1400.000,87.000,40.000,0,1.000000,71.690000,15.433974,8.033333
1780467733.169684,,,BOARD_2,1,0,1873.000,1343.000,1937.000,1463.000,64.000,120.000,1873.000,1343.000,1937.000,1463.000,64.000,120.000,1873.000,1343.000,1937.000,1463.000,1905.000,1403.000,64.000,120.000,0,1.000000,97.460000,15.490941,8.019583
1780467733.420884,,,BOARD_2,1,0,1878.000,1344.000,1942.000,1464.000,64.000,120.000,1878.000,1344.000,1942.000,1464.000,64.000,120.000,1878.000,1344.000,1942.000,1464.000,1910.000,1404.000,64.000,120.000,0,1.000000,97.460000,15.513727,8.015000
1780467733.763490,,,BOARD_2,1,0,1874.000,1343.000,1938.000,1463.000,64.000,120.000,1874.000,1343.000,1938.000,1463.000,64.000,120.000,1874.000,1343.000,1938.000,1463.000,1906.000,1403.000,64.000,120.000,0,1.000000,97.460000,15.495498,8.019583
1780467733.763490,,,BOARD_2,1,1,1876.000,1343.000,1940.000,1463.000,64.000,120.000,1876.000,1343.000,1940.000,1463.000,64.000,120.000,1876.000,1343.000,1940.000,1463.000,1908.000,1403.000,64.000,120.000,0,1.000000,97.460000,15.504613,8.019583
1780467734.038749,,,BOARD_2,1,0,1879.000,1344.000,1943.000,1464.000,64.000,120.000,1879.000,1344.000,1943.000,1464.000,64.000,120.000,1879.000,1344.000,1943.000,1464.000,1911.000,1404.000,64.000,120.000,0,1.000000,97.460000,15.518284,8.015000
1780467734.380154,,,BOARD_2,1,0,1839.000,1357.000,1971.000,1448.000,132.000,91.000,1839.000,1357.000,1971.000,1448.000,132.000,91.000,1839.000,1357.000,1971.000,1448.000,1905.000,1402.500,132.000,91.000,0,1.000000,47.250000,15.490941,8.021875
1780467734.380154,,,BOARD_2,1,1,1840.000,1357.000,1972.000,1448.000,132.000,91.000,1840.000,1357.000,1972.000,1448.000,132.000,91.000,1840.000,1357.000,1972.000,1448.000,1906.000,1402.500,132.000,91.000,0,1.000000,47.250000,15.495498,8.021875
1780467734.641429,,,BOARD_2,1,0,1841.000,1357.000,1973.000,1448.000,132.000,91.000,1841.000,1357.000,1973.000,1448.000,132.000,91.000,1841.000,1357.000,1973.000,1448.000,1907.000,1402.500,132.000,91.000,0,1.000000,47.250000,15.500055,8.021875
1780467734.891146,,,BOARD_2,1,0,1854.000,1377.000,1938.000,1421.000,84.000,44.000,1854.000,1377.000,1938.000,1421.000,84.000,44.000,1854.000,1377.000,1938.000,1421.000,1896.000,1399.000,84.000,44.000,0,1.000000,74.250000,15.449925,8.037917
1780467734.891146,,,BOARD_2,1,1,1853.000,1376.000,1937.000,1420.000,84.000,44.000,1853.000,1376.000,1937.000,1420.000,84.000,44.000,1853.000,1376.000,1937.000,1420.000,1895.000,1398.000,84.000,44.000,0,1.000000,74.250000,15.445368,8.042500
1780467735.262175,,,BOARD_2,1,0,1831.000,1364.000,1963.000,1455.000,132.000,91.000,1831.000,1364.000,1963.000,1455.000,132.000,91.000,1831.000,1364.000,1963.000,1455.000,1897.000,1409.500,132.000,91.000,0,1.000000,47.250000,15.454482,7.989792
1780467735.578477,,,BOARD_2,1,0,1802.000,1380.000,1886.000,1417.000,84.000,37.000,1802.000,1380.000,1886.000,1417.000,84.000,37.000,1802.000,1380.000,1886.000,1417.000,1844.000,1398.500,84.000,37.000,0,1.000000,74.250000,15.212946,8.040208
1780467735.578477,,,BOARD_2,1,1,1773.000,1375.000,1857.000,1412.000,84.000,37.000,1773.000,1375.000,1857.000,1412.000,84.000,37.000,1773.000,1375.000,1857.000,1412.000,1815.000,1393.500,84.000,37.000,0,1.000000,74.250000,15.080784,8.063125
1780467740.334413,,,BOARD_2,1,0,1565.000,1356.000,1697.000,1447.000,132.000,91.000,1565.000,1356.000,1697.000,1447.000,132.000,91.000,1565.000,1356.000,1697.000,1447.000,1631.000,1401.500,132.000,91.000,0,1.000000,47.250000,14.242243,8.026458
1780467740.334413,,,BOARD_2,1,1,1568.000,1356.000,1700.000,1447.000,132.000,91.000,1568.000,1356.000,1700.000,1447.000,132.000,91.000,1568.000,1356.000,1700.000,1447.000,1634.000,1401.500,132.000,91.000,0,1.000000,47.250000,14.255915,8.026458
1780467740.775011,,,BOARD_2,1,0,1599.000,1383.000,1686.000,1427.000,87.000,44.000,1599.000,1383.000,1686.000,1427.000,87.000,44.000,1599.000,1383.000,1686.000,1427.000,1642.500,1405.000,87.000,44.000,0,1.000000,71.690000,14.294652,8.010417
1780467740.775011,,,BOARD_2,1,1,1602.000,1384.000,1689.000,1428.000,87.000,44.000,1602.000,1384.000,1689.000,1428.000,87.000,44.000,1602.000,1384.000,1689.000,1428.000,1645.500,1406.000,87.000,44.000,0,1.000000,71.690000,14.308323,8.005833
1780467741.345976,,,BOARD_2,1,0,1603.000,1388.000,1683.000,1425.000,80.000,37.000,1603.000,1388.000,1683.000,1425.000,80.000,37.000,1603.000,1388.000,1683.000,1425.000,1643.000,1406.500,80.000,37.000,0,1.000000,77.970000,14.296930,8.003542
1780467741.345976,,,BOARD_2,1,1,1605.000,1389.000,1685.000,1426.000,80.000,37.000,1605.000,1389.000,1685.000,1426.000,80.000,37.000,1605.000,1389.000,1685.000,1426.000,1645.000,1407.500,80.000,37.000,0,1.000000,77.970000,14.306045,7.998958
1780467741.895993,,,BOARD_2,1,0,1599.000,1388.000,1686.000,1425.000,87.000,37.000,1599.000,1388.000,1686.000,1425.000,87.000,37.000,1599.000,1388.000,1686.000,1425.000,1642.500,1406.500,87.000,37.000,0,1.000000,71.690000,14.294652,8.003542
1780467741.895993,,,BOARD_2,1,1,1600.000,1388.000,1687.000,1425.000,87.000,37.000,1600.000,1388.000,1687.000,1425.000,87.000,37.000,1600.000,1388.000,1687.000,1425.000,1643.500,1406.500,87.000,37.000,0,1.000000,71.690000,14.299209,8.003542
1780467742.344015,,,BOARD_2,1,0,1600.000,1386.000,1684.000,1426.000,84.000,40.000,1600.000,1386.000,1684.000,1426.000,84.000,40.000,1600.000,1386.000,1684.000,1426.000,1642.000,1406.000,84.000,40.000,0,1.000000,74.250000,14.292373,8.005833
1780467742.344015,,,BOARD_2,1,1,1600.000,1386.000,1684.000,1426.000,84.000,40.000,1600.000,1386.000,1684.000,1426.000,84.000,40.000,1600.000,1386.000,1684.000,1426.000,1642.000,1406.000,84.000,40.000,0,1.000000,74.250000,14.292373,8.005833
1780467742.554566,,,BOARD_2,1,0,1600.000,1386.000,1684.000,1426.000,84.000,40.000,1600.000,1386.000,1684.000,1426.000,84.000,40.000,1600.000,1386.000,1684.000,1426.000,1642.000,1406.000,84.000,40.000,0,1.000000,74.250000,14.292373,8.005833
1780467742.824419,,,BOARD_2,1,0,1516.000,1365.000,1648.000,1456.000,132.000,91.000,1516.000,1365.000,1648.000,1456.000,132.000,91.000,1516.000,1365.000,1648.000,1456.000,1582.000,1410.500,132.000,91.000,0,1.000000,47.250000,14.018935,7.985208
1780467742.824419,,,BOARD_2,1,1,1505.000,1366.000,1637.000,1457.000,132.000,91.000,1505.000,1366.000,1637.000,1457.000,132.000,91.000,1505.000,1366.000,1637.000,1457.000,1571.000,1411.500,132.000,91.000,0,1.000000,47.250000,13.968805,7.980625
1780467743.353284,,,BOARD_2,1,0,1600.000,1386.000,1676.000,1423.000,76.000,37.000,1600.000,1386.000,1676.000,1423.000,76.000,37.000,1600.000,1386.000,1676.000,1423.000,1638.000,1404.500,76.000,37.000,0,1.000000,82.070000,14.274144,8.012708
1780467743.353284,,,BOARD_2,1,1,1561.000,1358.000,1693.000,1449.000,132.000,91.000,1561.000,1358.000,1693.000,1449.000,132.000,91.000,1561.000,1358.000,1693.000,1449.000,1627.000,1403.500,132.000,91.000,0,1.000000,47.250000,14.224014,8.017292
1780467743.640336,,,BOARD_2,1,0,1557.000,1357.000,1689.000,1448.000,132.000,91.000,1557.000,1357.000,1689.000,1448.000,132.000,91.000,1557.000,1357.000,1689.000,1448.000,1623.000,1402.500,132.000,91.000,0,1.000000,47.250000,14.205784,8.021875
1780467743.991799,,,BOARD_2,1,0,1603.000,1388.000,1672.000,1425.000,69.000,37.000,1603.000,1388.000,1672.000,1425.000,69.000,37.000,1603.000,1388.000,1672.000,1425.000,1637.500,1406.500,69.000,37.000,0,1.000000,90.390000,14.271865,8.003542
1780467743.991799,,,BOARD_2,1,1,1604.000,1388.000,1673.000,1425.000,69.000,37.000,1604.000,1388.000,1673.000,1425.000,69.000,37.000,1604.000,1388.000,1673.000,1425.000,1638.500,1406.500,69.000,37.000,0,1.000000,90.390000,14.276422,8.003542
1780467744.228603,,,BOARD_2,1,0,1605.000,1389.000,1674.000,1426.000,69.000,37.000,1605.000,1389.000,1674.000,1426.000,69.000,37.000,1605.000,1389.000,1674.000,1426.000,1639.500,1407.500,69.000,37.000,0,1.000000,90.390000,14.280980,7.998958
1780467744.446048,,,BOARD_2,1,0,1602.000,1388.000,1675.000,1425.000,73.000,37.000,1602.000,1388.000,1675.000,1425.000,73.000,37.000,1602.000,1388.000,1675.000,1425.000,1638.500,1406.500,73.000,37.000,0,1.000000,85.440000,14.276422,8.003542
1780467744.446048,,,BOARD_2,1,1,1603.000,1388.000,1676.000,1425.000,73.000,37.000,1603.000,1388.000,1676.000,1425.000,73.000,37.000,1603.000,1388.000,1676.000,1425.000,1639.500,1406.500,73.000,37.000,0,1.000000,85.440000,14.280980,8.003542
1780467744.684975,,,BOARD_2,1,0,1616.000,1348.000,1680.000,1467.000,64.000,119.000,1616.000,1348.000,1680.000,1467.000,64.000,119.000,1616.000,1348.000,1680.000,1467.000,1648.000,1407.500,64.000,119.000,0,1.000000,97.460000,14.319717,7.998958
1780467744.945809,,,BOARD_2,1,0,1602.000,1385.000,1678.000,1429.000,76.000,44.000,1602.000,1385.000,1678.000,1429.000,76.000,44.000,1602.000,1385.000,1678.000,1429.000,1640.000,1407.000,76.000,44.000,0,1.000000,82.070000,14.283258,8.001250
1780467744.945809,,,BOARD_2,1,1,1619.000,1348.000,1683.000,1467.000,64.000,119.000,1619.000,1348.000,1683.000,1467.000,64.000,119.000,1619.000,1348.000,1683.000,1467.000,1651.000,1407.500,64.000,119.000,0,1.000000,97.460000,14.333389,7.998958
1780467745.168589,,,BOARD_2,1,0,1624.000,1348.000,1688.000,1467.000,64.000,119.000,1624.000,1348.000,1688.000,1467.000,64.000,119.000,1624.000,1348.000,1688.000,1467.000,1656.000,1407.500,64.000,119.000,0,1.000000,97.460000,14.356175,7.998958
1780467745.427614,,,BOARD_2,1,0,1623.000,1349.000,1687.000,1468.000,64.000,119.000,1623.000,1349.000,1687.000,1468.000,64.000,119.000,1623.000,1349.000,1687.000,1468.000,1655.000,1408.500,64.000,119.000,0,1.000000,97.460000,14.351618,7.994375
1780467745.427614,,,BOARD_2,1,1,1626.000,1349.000,1690.000,1468.000,64.000,119.000,1626.000,1349.000,1690.000,1468.000,64.000,119.000,1626.000,1349.000,1690.000,1468.000,1658.000,1408.500,64.000,119.000,0,1.000000,97.460000,14.365290,7.994375
1780467745.657359,,,BOARD_2,1,0,1629.000,1350.000,1693.000,1469.000,64.000,119.000,1629.000,1350.000,1693.000,1469.000,64.000,119.000,1629.000,1350.000,1693.000,1469.000,1661.000,1409.500,64.000,119.000,0,1.000000,97.460000,14.378961,7.989792
1780467745.941515,,,BOARD_2,1,0,1623.000,1351.000,1687.000,1471.000,64.000,120.000,1623.000,1351.000,1687.000,1471.000,64.000,120.000,1623.000,1351.000,1687.000,1471.000,1655.000,1411.000,64.000,120.000,0,1.000000,97.460000,14.351618,7.982917
1780467745.941515,,,BOARD_2,1,1,1624.000,1352.000,1688.000,1472.000,64.000,120.000,1624.000,1352.000,1688.000,1472.000,64.000,120.000,1624.000,1352.000,1688.000,1472.000,1656.000,1412.000,64.000,120.000,0,1.000000,97.460000,14.356175,7.978333
1780467747.396982,,,BOARD_2,1,0,1586.000,1365.000,1718.000,1456.000,132.000,91.000,1586.000,1365.000,1718.000,1456.000,132.000,91.000,1586.000,1365.000,1718.000,1456.000,1652.000,1410.500,132.000,91.000,0,1.000000,47.250000,14.337946,7.985208
1780467747.629494,,,BOARD_2,1,0,1599.000,1379.000,1686.000,1423.000,87.000,44.000,1599.000,1379.000,1686.000,1423.000,87.000,44.000,1599.000,1379.000,1686.000,1423.000,1642.500,1401.000,87.000,44.000,0,1.000000,71.690000,14.294652,8.028750
1780467747.629494,,,BOARD_2,1,1,1595.000,1374.000,1682.000,1418.000,87.000,44.000,1595.000,1374.000,1682.000,1418.000,87.000,44.000,1595.000,1374.000,1682.000,1418.000,1638.500,1396.000,87.000,44.000,0,1.000000,71.690000,14.276422,8.051667
1780467747.849218,,,BOARD_2,1,0,1584.000,1363.000,1716.000,1454.000,132.000,91.000,1584.000,1363.000,1716.000,1454.000,132.000,91.000,1584.000,1363.000,1716.000,1454.000,1650.000,1408.500,132.000,91.000,0,1.000000,47.250000,14.328831,7.994375
1780467748.109294,,,BOARD_2,1,0,1599.000,1376.000,1686.000,1424.000,87.000,48.000,1599.000,1376.000,1686.000,1424.000,87.000,48.000,1599.000,1376.000,1686.000,1424.000,1642.500,1400.000,87.000,48.000,0,1.000000,71.690000,14.294652,8.033333
1780467748.109294,,,BOARD_2,1,1,1584.000,1365.000,1716.000,1457.000,132.000,92.000,1584.000,1365.000,1716.000,1457.000,132.000,92.000,1584.000,1365.000,1716.000,1457.000,1650.000,1411.000,132.000,92.000,0,1.000000,47.250000,14.328831,7.982917
1780467748.345925,,,BOARD_2,1,0,1586.000,1369.000,1718.000,1461.000,132.000,92.000,1586.000,1369.000,1718.000,1461.000,132.000,92.000,1586.000,1369.000,1718.000,1461.000,1652.000,1415.000,132.000,92.000,0,1.000000,47.250000,14.337946,7.964583
1780467748.646146,,,BOARD_2,1,0,1602.000,1377.000,1686.000,1421.000,84.000,44.000,1602.000,1377.000,1686.000,1421.000,84.000,44.000,1602.000,1377.000,1686.000,1421.000,1644.000,1399.000,84.000,44.000,0,1.000000,74.250000,14.301488,8.037917
1780467748.953424,,,BOARD_2,1,0,1585.000,1365.000,1717.000,1457.000,132.000,92.000,1585.000,1365.000,1717.000,1457.000,132.000,92.000,1585.000,1365.000,1717.000,1457.000,1651.000,1411.000,132.000,92.000,0,1.000000,47.250000,14.333389,7.982917
1780467748.953424,,,BOARD_2,1,1,1589.000,1371.000,1721.000,1463.000,132.000,92.000,1589.000,1371.000,1721.000,1463.000,132.000,92.000,1589.000,1371.000,1721.000,1463.000,1655.000,1417.000,132.000,92.000,0,1.000000,47.250000,14.351618,7.955417
1780467749.364195,,,BOARD_2,1,0,1602.000,1374.000,1686.000,1422.000,84.000,48.000,1602.000,1374.000,1686.000,1422.000,84.000,48.000,1602.000,1374.000,1686.000,1422.000,1644.000,1398.000,84.000,48.000,0,1.000000,74.250000,14.301488,8.042500
1780467749.364195,,,BOARD_2,1,1,1602.000,1373.000,1686.000,1421.000,84.000,48.000,1602.000,1373.000,1686.000,1421.000,84.000,48.000,1602.000,1373.000,1686.000,1421.000,1644.000,1397.000,84.000,48.000,0,1.000000,74.250000,14.301488,8.047083
1780467749.611690,,,BOARD_2,1,0,1601.000,1372.000,1685.000,1420.000,84.000,48.000,1601.000,1372.000,1685.000,1420.000,84.000,48.000,1601.000,1372.000,1685.000,1420.000,1643.000,1396.000,84.000,48.000,0,1.000000,74.250000,14.296930,8.051667
1780467749.923100,,,BOARD_2,1,0,1578.000,1365.000,1710.000,1456.000,132.000,91.000,1578.000,1365.000,1710.000,1456.000,132.000,91.000,1578.000,1365.000,1710.000,1456.000,1644.000,1410.500,132.000,91.000,0,1.000000,47.250000,14.301488,7.985208
1780467749.923100,,,BOARD_2,1,1,1578.000,1367.000,1710.000,1458.000,132.000,91.000,1578.000,1367.000,1710.000,1458.000,132.000,91.000,1578.000,1367.000,1710.000,1458.000,1644.000,1412.500,132.000,91.000,0,1.000000,47.250000,14.301488,7.976042
1780467750.162032,,,BOARD_2,1,0,1578.000,1364.000,1710.000,1455.000,132.000,91.000,1578.000,1364.000,1710.000,1455.000,132.000,91.000,1578.000,1364.000,1710.000,1455.000,1644.000,1409.500,132.000,91.000,0,1.000000,47.250000,14.301488,7.989792
1780467750.406642,,,BOARD_2,1,0,1601.000,1373.000,1688.000,1417.000,87.000,44.000,1601.000,1373.000,1688.000,1417.000,87.000,44.000,1601.000,1373.000,1688.000,1417.000,1644.500,1395.000,87.000,44.000,0,1.000000,71.690000,14.303766,8.056250
1780467750.406642,,,BOARD_2,1,1,1601.000,1365.000,1688.000,1409.000,87.000,44.000,1601.000,1365.000,1688.000,1409.000,87.000,44.000,1601.000,1365.000,1688.000,1409.000,1644.500,1387.000,87.000,44.000,0,1.000000,71.690000,14.303766,8.092917
1780467750.672311,,,BOARD_2,1,0,1579.000,1362.000,1711.000,1453.000,132.000,91.000,1579.000,1362.000,1711.000,1453.000,132.000,91.000,1579.000,1362.000,1711.000,1453.000,1645.000,1407.500,132.000,91.000,0,1.000000,47.250000,14.306045,7.998958
1780467750.963924,,,BOARD_2,1,0,1603.000,1373.000,1690.000,1417.000,87.000,44.000,1603.000,1373.000,1690.000,1417.000,87.000,44.000,1603.000,1373.000,1690.000,1417.000,1646.500,1395.000,87.000,44.000,0,1.000000,71.690000,14.312881,8.056250
1780467750.963924,,,BOARD_2,1,1,1604.000,1366.000,1691.000,1410.000,87.000,44.000,1604.000,1366.000,1691.000,1410.000,87.000,44.000,1604.000,1366.000,1691.000,1410.000,1647.500,1388.000,87.000,44.000,0,1.000000,71.690000,14.317438,8.088333
1780467751.269875,,,BOARD_2,1,0,1581.000,1359.000,1713.000,1450.000,132.000,91.000,1581.000,1359.000,1713.000,1450.000,132.000,91.000,1581.000,1359.000,1713.000,1450.000,1647.000,1404.500,132.000,91.000,0,1.000000,47.250000,14.315159,8.012708
1780467751.649259,,,BOARD_2,1,0,1607.000,1376.000,1687.000,1413.000,80.000,37.000,1607.000,1376.000,1687.000,1413.000,80.000,37.000,1607.000,1376.000,1687.000,1413.000,1647.000,1394.500,80.000,37.000,0,1.000000,77.970000,14.315159,8.058542
1780467751.649259,,,BOARD_2,1,1,1607.000,1370.000,1687.000,1407.000,80.000,37.000,1607.000,1370.000,1687.000,1407.000,80.000,37.000,1607.000,1370.000,1687.000,1407.000,1647.000,1388.500,80.000,37.000,0,1.000000,77.970000,14.315159,8.086042
1780467751.886164,,,BOARD_2,1,0,1589.000,1358.000,1721.000,1449.000,132.000,91.000,1589.000,1358.000,1721.000,1449.000,132.000,91.000,1589.000,1358.000,1721.000,1449.000,1655.000,1403.500,132.000,91.000,0,1.000000,47.250000,14.351618,8.017292
1780467752.231581,,,BOARD_2,1,0,1605.000,1374.000,1692.000,1414.000,87.000,40.000,1605.000,1374.000,1692.000,1414.000,87.000,40.000,1605.000,1374.000,1692.000,1414.000,1648.500,1394.000,87.000,40.000,0,1.000000,71.690000,14.321995,8.060833
1780467752.231581,,,BOARD_2,1,1,1602.000,1369.000,1689.000,1409.000,87.000,40.000,1602.000,1369.000,1689.000,1409.000,87.000,40.000,1602.000,1369.000,1689.000,1409.000,1645.500,1389.000,87.000,40.000,0,1.000000,71.690000,14.308323,8.083750
1780467752.468112,,,BOARD_2,1,0,1600.000,1363.000,1687.000,1403.000,87.000,40.000,1600.000,1363.000,1687.000,1403.000,87.000,40.000,1600.000,1363.000,1687.000,1403.000,1643.500,1383.000,87.000,40.000,0,1.000000,71.690000,14.299209,8.111250
1780467752.677006,,,BOARD_2,1,0,1608.000,1376.000,1692.000,1413.000,84.000,37.000,1608.000,1376.000,1692.000,1413.000,84.000,37.000,1608.000,1376.000,1692.000,1413.000,1650.000,1394.500,84.000,37.000,0,1.000000,74.250000,14.328831,8.058542
1780467752.677006,,,BOARD_2,1,1,1607.000,1374.000,1691.000,1411.000,84.000,37.000,1607.000,1374.000,1691.000,1411.000,84.000,37.000,1607.000,1374.000,1691.000,1411.000,1649.000,1392.500,84.000,37.000,0,1.000000,74.250000,14.324274,8.067708
1780467752.911942,,,BOARD_2,1,0,1591.000,1353.000,1723.000,1444.000,132.000,91.000,1591.000,1353.000,1723.000,1444.000,132.000,91.000,1591.000,1353.000,1723.000,1444.000,1657.000,1398.500,132.000,91.000,0,1.000000,47.250000,14.360732,8.040208
1780467753.176565,,,BOARD_2,1,0,1610.000,1376.000,1686.000,1413.000,76.000,37.000,1610.000,1376.000,1686.000,1413.000,76.000,37.000,1610.000,1376.000,1686.000,1413.000,1648.000,1394.500,76.000,37.000,0,1.000000,82.070000,14.319717,8.058542
1780467753.404667,,,BOARD_2,1,0,1591.000,1353.000,1723.000,1444.000,132.000,91.000,1591.000,1353.000,1723.000,1444.000,132.000,91.000,1591.000,1353.000,1723.000,1444.000,1657.000,1398.500,132.000,91.000,0,1.000000,47.250000,14.360732,8.040208
1780467753.404667,,,BOARD_2,1,1,1594.000,1354.000,1726.000,1445.000,132.000,91.000,1594.000,1354.000,1726.000,1445.000,132.000,91.000,1594.000,1354.000,1726.000,1445.000,1660.000,1399.500,132.000,91.000,0,1.000000,47.250000,14.374404,8.035625
1780467753.794605,,,BOARD_2,1,0,1593.000,1353.000,1725.000,1444.000,132.000,91.000,1593.000,1353.000,1725.000,1444.000,132.000,91.000,1593.000,1353.000,1725.000,1444.000,1659.000,1398.500,132.000,91.000,0,1.000000,47.250000,14.369847,8.040208
1780467753.794605,,,BOARD_2,1,1,1595.000,1354.000,1727.000,1445.000,132.000,91.000,1595.000,1354.000,1727.000,1445.000,132.000,91.000,1595.000,1354.000,1727.000,1445.000,1661.000,1399.500,132.000,91.000,0,1.000000,47.250000,14.378961,8.035625
1780467754.150910,,,BOARD_2,1,0,1597.000,1354.000,1729.000,1445.000,132.000,91.000,1597.000,1354.000,1729.000,1445.000,132.000,91.000,1597.000,1354.000,1729.000,1445.000,1663.000,1399.500,132.000,91.000,0,1.000000,47.250000,14.388076,8.035625
1780467754.404825,,,BOARD_2,1,0,1610.000,1374.000,1686.000,1414.000,76.000,40.000,1610.000,1374.000,1686.000,1414.000,76.000,40.000,1610.000,1374.000,1686.000,1414.000,1648.000,1394.000,76.000,40.000,0,1.000000,82.070000,14.319717,8.060833
1780467754.404825,,,BOARD_2,1,1,1593.000,1353.000,1725.000,1444.000,132.000,91.000,1593.000,1353.000,1725.000,1444.000,132.000,91.000,1593.000,1353.000,1725.000,1444.000,1659.000,1398.500,132.000,91.000,0,1.000000,47.250000,14.369847,8.040208
1780467754.646344,,,BOARD_2,1,0,1599.000,1355.000,1731.000,1446.000,132.000,91.000,1599.000,1355.000,1731.000,1446.000,132.000,91.000,1599.000,1355.000,1731.000,1446.000,1665.000,1400.500,132.000,91.000,0,1.000000,47.250000,14.397191,8.031042
1780467754.929437,,,BOARD_2,1,0,1607.000,1376.000,1687.000,1413.000,80.000,37.000,1607.000,1376.000,1687.000,1413.000,80.000,37.000,1607.000,1376.000,1687.000,1413.000,1647.000,1394.500,80.000,37.000,0,1.000000,77.970000,14.315159,8.058542
1780467754.929437,,,BOARD_2,1,1,1606.000,1376.000,1686.000,1413.000,80.000,37.000,1606.000,1376.000,1686.000,1413.000,80.000,37.000,1606.000,1376.000,1686.000,1413.000,1646.000,1394.500,80.000,37.000,0,1.000000,77.970000,14.310602,8.058542
1780467755.220569,,,BOARD_2,1,0,1605.000,1376.000,1685.000,1413.000,80.000,37.000,1605.000,1376.000,1685.000,1413.000,80.000,37.000,1605.000,1376.000,1685.000,1413.000,1645.000,1394.500,80.000,37.000,0,1.000000,77.970000,14.306045,8.058542
1780467755.620639,,,BOARD_2,1,0,1622.000,1339.000,1686.000,1458.000,64.000,119.000,1622.000,1339.000,1686.000,1458.000,64.000,119.000,1622.000,1339.000,1686.000,1458.000,1654.000,1398.500,64.000,119.000,0,1.000000,97.460000,14.347060,8.040208
1780467755.620639,,,BOARD_2,1,1,1623.000,1340.000,1687.000,1459.000,64.000,119.000,1623.000,1340.000,1687.000,1459.000,64.000,119.000,1623.000,1340.000,1687.000,1459.000,1655.000,1399.500,64.000,119.000,0,1.000000,97.460000,14.351618,8.035625
1780467755.851962,,,BOARD_2,1,0,1624.000,1340.000,1688.000,1459.000,64.000,119.000,1624.000,1340.000,1688.000,1459.000,64.000,119.000,1624.000,1340.000,1688.000,1459.000,1656.000,1399.500,64.000,119.000,0,1.000000,97.460000,14.356175,8.035625
1780467756.093480,,,BOARD_2,1,0,1613.000,1375.000,1649.000,1411.000,36.000,36.000,1613.000,1375.000,1649.000,1411.000,36.000,36.000,1613.000,1375.000,1649.000,1411.000,1631.000,1393.000,36.000,36.000,0,1.000000,173.260000,14.242243,8.065417
1780467756.093480,,,BOARD_2,1,1,1594.000,1353.000,1726.000,1444.000,132.000,91.000,1594.000,1353.000,1726.000,1444.000,132.000,91.000,1594.000,1353.000,1726.000,1444.000,1660.000,1398.500,132.000,91.000,0,1.000000,47.250000,14.374404,8.040208
1780467756.356099,,,BOARD_2,1,0,1608.000,1356.000,1740.000,1447.000,132.000,91.000,1608.000,1356.000,1740.000,1447.000,132.000,91.000,1608.000,1356.000,1740.000,1447.000,1674.000,1401.500,132.000,91.000,0,1.000000,47.250000,14.438206,8.026458
1780467756.657825,,,BOARD_2,1,0,1608.000,1374.000,1692.000,1414.000,84.000,40.000,1608.000,1374.000,1692.000,1414.000,84.000,40.000,1608.000,1374.000,1692.000,1414.000,1650.000,1394.000,84.000,40.000,0,1.000000,74.250000,14.328831,8.060833
1780467756.969342,,,BOARD_2,1,0,1612.000,1374.000,1696.000,1414.000,84.000,40.000,1612.000,1374.000,1696.000,1414.000,84.000,40.000,1612.000,1374.000,1696.000,1414.000,1654.000,1394.000,84.000,40.000,0,1.000000,74.250000,14.347060,8.060833
1780467756.969342,,,BOARD_2,1,1,1615.000,1374.000,1699.000,1414.000,84.000,40.000,1615.000,1374.000,1699.000,1414.000,84.000,40.000,1615.000,1374.000,1699.000,1414.000,1657.000,1394.000,84.000,40.000,0,1.000000,74.250000,14.360732,8.060833
1780467757.335495,,,BOARD_2,1,0,1594.000,1352.000,1726.000,1443.000,132.000,91.000,1594.000,1352.000,1726.000,1443.000,132.000,91.000,1594.000,1352.000,1726.000,1443.000,1660.000,1397.500,132.000,91.000,0,1.000000,47.250000,14.374404,8.044792
1780467757.335495,,,BOARD_2,1,1,1597.000,1353.000,1729.000,1444.000,132.000,91.000,1597.000,1353.000,1729.000,1444.000,132.000,91.000,1597.000,1353.000,1729.000,1444.000,1663.000,1398.500,132.000,91.000,0,1.000000,47.250000,14.388076,8.040208
1780467757.635075,,,BOARD_2,1,0,1601.000,1353.000,1733.000,1444.000,132.000,91.000,1601.000,1353.000,1733.000,1444.000,132.000,91.000,1601.000,1353.000,1733.000,1444.000,1667.000,1398.500,132.000,91.000,0,1.000000,47.250000,14.406305,8.040208
1780467758.128219,,,BOARD_2,1,0,1593.000,1353.000,1725.000,1444.000,132.000,91.000,1593.000,1353.000,1725.000,1444.000,132.000,91.000,1593.000,1353.000,1725.000,1444.000,1659.000,1398.500,132.000,91.000,0,1.000000,47.250000,14.369847,8.040208
1780467758.128219,,,BOARD_2,1,1,1594.000,1353.000,1726.000,1444.000,132.000,91.000,1594.000,1353.000,1726.000,1444.000,132.000,91.000,1594.000,1353.000,1726.000,1444.000,1660.000,1398.500,132.000,91.000,0,1.000000,47.250000,14.374404,8.040208
1780467758.439387,,,BOARD_2,1,0,1596.000,1354.000,1728.000,1445.000,132.000,91.000,1596.000,1354.000,1728.000,1445.000,132.000,91.000,1596.000,1354.000,1728.000,1445.000,1662.000,1399.500,132.000,91.000,0,1.000000,47.250000,14.383519,8.035625
1780467758.681250,,,BOARD_2,1,0,1607.000,1376.000,1694.000,1416.000,87.000,40.000,1607.000,1376.000,1694.000,1416.000,87.000,40.000,1607.000,1376.000,1694.000,1416.000,1650.500,1396.000,87.000,40.000,0,1.000000,71.690000,14.331110,8.051667
1780467758.681250,,,BOARD_2,1,1,1606.000,1376.000,1693.000,1416.000,87.000,40.000,1606.000,1376.000,1693.000,1416.000,87.000,40.000,1606.000,1376.000,1693.000,1416.000,1649.500,1396.000,87.000,40.000,0,1.000000,71.690000,14.326553,8.051667
1780467758.933994,,,BOARD_2,1,0,1605.000,1376.000,1692.000,1416.000,87.000,40.000,1605.000,1376.000,1692.000,1416.000,87.000,40.000,1605.000,1376.000,1692.000,1416.000,1648.500,1396.000,87.000,40.000,0,1.000000,71.690000,14.321995,8.051667
1780467759.207121,,,BOARD_2,1,0,1594.000,1352.000,1726.000,1443.000,132.000,91.000,1594.000,1352.000,1726.000,1443.000,132.000,91.000,1594.000,1352.000,1726.000,1443.000,1660.000,1397.500,132.000,91.000,0,1.000000,47.250000,14.374404,8.044792
1780467759.207121,,,BOARD_2,1,1,1595.000,1352.000,1727.000,1443.000,132.000,91.000,1595.000,1352.000,1727.000,1443.000,132.000,91.000,1595.000,1352.000,1727.000,1443.000,1661.000,1397.500,132.000,91.000,0,1.000000,47.250000,14.378961,8.044792
1780467759.475906,,,BOARD_2,1,0,1593.000,1351.000,1725.000,1442.000,132.000,91.000,1593.000,1351.000,1725.000,1442.000,132.000,91.000,1593.000,1351.000,1725.000,1442.000,1659.000,1396.500,132.000,91.000,0,1.000000,47.250000,14.369847,8.049375
1780467759.750961,,,BOARD_2,1,0,1611.000,1376.000,1691.000,1413.000,80.000,37.000,1611.000,1376.000,1691.000,1413.000,80.000,37.000,1611.000,1376.000,1691.000,1413.000,1651.000,1394.500,80.000,37.000,0,1.000000,77.970000,14.333389,8.058542
1780467759.750961,,,BOARD_2,1,1,1607.000,1375.000,1687.000,1412.000,80.000,37.000,1607.000,1375.000,1687.000,1412.000,80.000,37.000,1607.000,1375.000,1687.000,1412.000,1647.000,1393.500,80.000,37.000,0,1.000000,77.970000,14.315159,8.063125
1780467759.977947,,,BOARD_2,1,0,1588.000,1352.000,1720.000,1443.000,132.000,91.000,1588.000,1352.000,1720.000,1443.000,132.000,91.000,1588.000,1352.000,1720.000,1443.000,1654.000,1397.500,132.000,91.000,0,1.000000,47.250000,14.347060,8.044792
1780467760.265221,,,BOARD_2,1,0,1623.000,1375.000,1659.000,1411.000,36.000,36.000,1623.000,1375.000,1659.000,1411.000,36.000,36.000,1623.000,1375.000,1659.000,1411.000,1641.000,1393.000,36.000,36.000,0,1.000000,173.260000,14.287816,8.065417
1780467760.532270,,,BOARD_2,1,0,1615.000,1373.000,1651.000,1409.000,36.000,36.000,1615.000,1373.000,1651.000,1409.000,36.000,36.000,1615.000,1373.000,1651.000,1409.000,1633.000,1391.000,36.000,36.000,0,1.000000,173.260000,14.251357,8.074583
1780467760.532270,,,BOARD_2,1,1,1608.000,1370.000,1644.000,1406.000,36.000,36.000,1608.000,1370.000,1644.000,1406.000,36.000,36.000,1608.000,1370.000,1644.000,1406.000,1626.000,1388.000,36.000,36.000,0,1.000000,173.260000,14.219456,8.088333
1780467761.005430,,,BOARD_2,1,0,1614.000,1374.000,1690.000,1411.000,76.000,37.000,1614.000,1374.000,1690.000,1411.000,76.000,37.000,1614.000,1374.000,1690.000,1411.000,1652.000,1392.500,76.000,37.000,0,1.000000,82.070000,14.337946,8.067708
1780467761.216594,,,BOARD_2,1,0,1595.000,1352.000,1727.000,1443.000,132.000,91.000,1595.000,1352.000,1727.000,1443.000,132.000,91.000,1595.000,1352.000,1727.000,1443.000,1661.000,1397.500,132.000,91.000,0,1.000000,47.250000,14.378961,8.044792
1780467761.216594,,,BOARD_2,1,1,1599.000,1354.000,1731.000,1445.000,132.000,91.000,1599.000,1354.000,1731.000,1445.000,132.000,91.000,1599.000,1354.000,1731.000,1445.000,1665.000,1399.500,132.000,91.000,0,1.000000,47.250000,14.397191,8.035625
1780467761.623982,,,BOARD_2,1,0,1596.000,1353.000,1728.000,1444.000,132.000,91.000,1596.000,1353.000,1728.000,1444.000,132.000,91.000,1596.000,1353.000,1728.000,1444.000,1662.000,1398.500,132.000,91.000,0,1.000000,47.250000,14.383519,8.040208
1780467761.623982,,,BOARD_2,1,1,1598.000,1354.000,1730.000,1445.000,132.000,91.000,1598.000,1354.000,1730.000,1445.000,132.000,91.000,1598.000,1354.000,1730.000,1445.000,1664.000,1399.500,132.000,91.000,0,1.000000,47.250000,14.392633,8.035625
1780467761.866679,,,BOARD_2,1,0,1600.000,1356.000,1732.000,1447.000,132.000,91.000,1600.000,1356.000,1732.000,1447.000,132.000,91.000,1600.000,1356.000,1732.000,1447.000,1666.000,1401.500,132.000,91.000,0,1.000000,47.250000,14.401748,8.026458
1780467762.101291,,,BOARD_2,1,0,1597.000,1354.000,1729.000,1445.000,132.000,91.000,1597.000,1354.000,1729.000,1445.000,132.000,91.000,1597.000,1354.000,1729.000,1445.000,1663.000,1399.500,132.000,91.000,0,1.000000,47.250000,14.388076,8.035625
1780467762.101291,,,BOARD_2,1,1,1598.000,1355.000,1730.000,1446.000,132.000,91.000,1598.000,1355.000,1730.000,1446.000,132.000,91.000,1598.000,1355.000,1730.000,1446.000,1664.000,1400.500,132.000,91.000,0,1.000000,47.250000,14.392633,8.031042
1780467762.546444,,,BOARD_2,1,0,1597.000,1353.000,1729.000,1444.000,132.000,91.000,1597.000,1353.000,1729.000,1444.000,132.000,91.000,1597.000,1353.000,1729.000,1444.000,1663.000,1398.500,132.000,91.000,0,1.000000,47.250000,14.388076,8.040208
1780467762.876253,,,BOARD_2,1,0,1611.000,1371.000,1691.000,1415.000,80.000,44.000,1611.000,1371.000,1691.000,1415.000,80.000,44.000,1611.000,1371.000,1691.000,1415.000,1651.000,1393.000,80.000,44.000,0,1.000000,77.970000,14.333389,8.065417
1780467762.876253,,,BOARD_2,1,1,1605.000,1368.000,1685.000,1412.000,80.000,44.000,1605.000,1368.000,1685.000,1412.000,80.000,44.000,1605.000,1368.000,1685.000,1412.000,1645.000,1390.000,80.000,44.000,0,1.000000,77.970000,14.306045,8.079167
1780467763.127813,,,BOARD_2,1,0,1598.000,1365.000,1678.000,1409.000,80.000,44.000,1598.000,1365.000,1678.000,1409.000,80.000,44.000,1598.000,1365.000,1678.000,1409.000,1638.000,1387.000,80.000,44.000,0,1.000000,77.970000,14.274144,8.092917
1780467763.369093,,,BOARD_2,1,0,1597.000,1353.000,1729.000,1444.000,132.000,91.000,1597.000,1353.000,1729.000,1444.000,132.000,91.000,1597.000,1353.000,1729.000,1444.000,1663.000,1398.500,132.000,91.000,0,1.000000,47.250000,14.388076,8.040208
1780467763.369093,,,BOARD_2,1,1,1596.000,1353.000,1728.000,1444.000,132.000,91.000,1596.000,1353.000,1728.000,1444.000,132.000,91.000,1596.000,1353.000,1728.000,1444.000,1662.000,1398.500,132.000,91.000,0,1.000000,47.250000,14.383519,8.040208
1780467763.625001,,,BOARD_2,1,0,1596.000,1352.000,1728.000,1443.000,132.000,91.000,1596.000,1352.000,1728.000,1443.000,132.000,91.000,1596.000,1352.000,1728.000,1443.000,1662.000,1397.500,132.000,91.000,0,1.000000,47.250000,14.383519,8.044792
1780467763.928969,,,BOARD_2,1,0,1595.000,1351.000,1727.000,1442.000,132.000,91.000,1595.000,1351.000,1727.000,1442.000,132.000,91.000,1595.000,1351.000,1727.000,1442.000,1661.000,1396.500,132.000,91.000,0,1.000000,47.250000,14.378961,8.049375
1780467763.928969,,,BOARD_2,1,1,1594.000,1350.000,1726.000,1441.000,132.000,91.000,1594.000,1350.000,1726.000,1441.000,132.000,91.000,1594.000,1350.000,1726.000,1441.000,1660.000,1395.500,132.000,91.000,0,1.000000,47.250000,14.374404,8.053958
1780467764.165514,,,BOARD_2,1,0,1594.000,1350.000,1726.000,1441.000,132.000,91.000,1594.000,1350.000,1726.000,1441.000,132.000,91.000,1594.000,1350.000,1726.000,1441.000,1660.000,1395.500,132.000,91.000,0,1.000000,47.250000,14.374404,8.053958
1780467764.432590,,,BOARD_2,1,0,1590.000,1359.000,1722.000,1450.000,132.000,91.000,1590.000,1359.000,1722.000,1450.000,132.000,91.000,1590.000,1359.000,1722.000,1450.000,1656.000,1404.500,132.000,91.000,0,1.000000,47.250000,14.356175,8.012708
1780467764.432590,,,BOARD_2,1,1,1589.000,1360.000,1721.000,1451.000,132.000,91.000,1589.000,1360.000,1721.000,1451.000,132.000,91.000,1589.000,1360.000,1721.000,1451.000,1655.000,1405.500,132.000,91.000,0,1.000000,47.250000,14.351618,8.008125
1780467764.693365,,,BOARD_2,1,0,1588.000,1361.000,1720.000,1452.000,132.000,91.000,1588.000,1361.000,1720.000,1452.000,132.000,91.000,1588.000,1361.000,1720.000,1452.000,1654.000,1406.500,132.000,91.000,0,1.000000,47.250000,14.347060,8.003542
1780467765.228852,,,BOARD_2,1,0,1588.000,1354.000,1720.000,1445.000,132.000,91.000,1588.000,1354.000,1720.000,1445.000,132.000,91.000,1588.000,1354.000,1720.000,1445.000,1654.000,1399.500,132.000,91.000,0,1.000000,47.250000,14.347060,8.035625
1780467765.228852,,,BOARD_2,1,1,1587.000,1354.000,1719.000,1445.000,132.000,91.000,1587.000,1354.000,1719.000,1445.000,132.000,91.000,1587.000,1354.000,1719.000,1445.000,1653.000,1399.500,132.000,91.000,0,1.000000,47.250000,14.342503,8.035625
1780467765.696821,,,BOARD_2,1,0,1589.000,1351.000,1721.000,1442.000,132.000,91.000,1589.000,1351.000,1721.000,1442.000,132.000,91.000,1589.000,1351.000,1721.000,1442.000,1655.000,1396.500,132.000,91.000,0,1.000000,47.250000,14.351618,8.049375
1780467765.696821,,,BOARD_2,1,1,1589.000,1350.000,1721.000,1441.000,132.000,91.000,1589.000,1350.000,1721.000,1441.000,132.000,91.000,1589.000,1350.000,1721.000,1441.000,1655.000,1395.500,132.000,91.000,0,1.000000,47.250000,14.351618,8.053958
1780467765.935229,,,BOARD_2,1,0,1595.000,1352.000,1727.000,1443.000,132.000,91.000,1595.000,1352.000,1727.000,1443.000,132.000,91.000,1595.000,1352.000,1727.000,1443.000,1661.000,1397.500,132.000,91.000,0,1.000000,47.250000,14.378961,8.044792
1780467766.185550,,,BOARD_2,1,0,1607.000,1371.000,1687.000,1415.000,80.000,44.000,1607.000,1371.000,1687.000,1415.000,80.000,44.000,1607.000,1371.000,1687.000,1415.000,1647.000,1393.000,80.000,44.000,0,1.000000,77.970000,14.315159,8.065417
1780467766.185550,,,BOARD_2,1,1,1595.000,1351.000,1727.000,1442.000,132.000,91.000,1595.000,1351.000,1727.000,1442.000,132.000,91.000,1595.000,1351.000,1727.000,1442.000,1661.000,1396.500,132.000,91.000,0,1.000000,47.250000,14.378961,8.049375
1780467766.449204,,,BOARD_2,1,0,1600.000,1352.000,1732.000,1443.000,132.000,91.000,1600.000,1352.000,1732.000,1443.000,132.000,91.000,1600.000,1352.000,1732.000,1443.000,1666.000,1397.500,132.000,91.000,0,1.000000,47.250000,14.401748,8.044792
1780467766.804122,,,BOARD_2,1,0,1621.000,1338.000,1685.000,1458.000,64.000,120.000,1621.000,1338.000,1685.000,1458.000,64.000,120.000,1621.000,1338.000,1685.000,1458.000,1653.000,1398.000,64.000,120.000,0,1.000000,97.460000,14.342503,8.042500
1780467767.038810,,,BOARD_2,1,0,1586.000,1352.000,1718.000,1443.000,132.000,91.000,1586.000,1352.000,1718.000,1443.000,132.000,91.000,1586.000,1352.000,1718.000,1443.000,1652.000,1397.500,132.000,91.000,0,1.000000,47.250000,14.337946,8.044792
1780467767.038810,,,BOARD_2,1,1,1585.000,1352.000,1717.000,1443.000,132.000,91.000,1585.000,1352.000,1717.000,1443.000,132.000,91.000,1585.000,1352.000,1717.000,1443.000,1651.000,1397.500,132.000,91.000,0,1.000000,47.250000,14.333389,8.044792
1780467767.403743,,,BOARD_2,1,0,1586.000,1352.000,1718.000,1443.000,132.000,91.000,1586.000,1352.000,1718.000,1443.000,132.000,91.000,1586.000,1352.000,1718.000,1443.000,1652.000,1397.500,132.000,91.000,0,1.000000,47.250000,14.337946,8.044792
1780467767.618152,,,BOARD_2,1,0,1586.000,1352.000,1718.000,1443.000,132.000,91.000,1586.000,1352.000,1718.000,1443.000,132.000,91.000,1586.000,1352.000,1718.000,1443.000,1652.000,1397.500,132.000,91.000,0,1.000000,47.250000,14.337946,8.044792
1780467767.618152,,,BOARD_2,1,1,1585.000,1352.000,1717.000,1443.000,132.000,91.000,1585.000,1352.000,1717.000,1443.000,132.000,91.000,1585.000,1352.000,1717.000,1443.000,1651.000,1397.500,132.000,91.000,0,1.000000,47.250000,14.333389,8.044792
1780467768.103063,,,BOARD_2,1,0,1593.000,1351.000,1725.000,1442.000,132.000,91.000,1593.000,1351.000,1725.000,1442.000,132.000,91.000,1593.000,1351.000,1725.000,1442.000,1659.000,1396.500,132.000,91.000,0,1.000000,47.250000,14.369847,8.049375
1780467768.103063,,,BOARD_2,1,1,1594.000,1351.000,1726.000,1442.000,132.000,91.000,1594.000,1351.000,1726.000,1442.000,132.000,91.000,1594.000,1351.000,1726.000,1442.000,1660.000,1396.500,132.000,91.000,0,1.000000,47.250000,14.374404,8.049375
1780467768.349560,,,BOARD_2,1,0,1595.000,1351.000,1727.000,1442.000,132.000,91.000,1595.000,1351.000,1727.000,1442.000,132.000,91.000,1595.000,1351.000,1727.000,1442.000,1661.000,1396.500,132.000,91.000,0,1.000000,47.250000,14.378961,8.049375
1780467768.593615,,,BOARD_2,1,0,1592.000,1351.000,1724.000,1442.000,132.000,91.000,1592.000,1351.000,1724.000,1442.000,132.000,91.000,1592.000,1351.000,1724.000,1442.000,1658.000,1396.500,132.000,91.000,0,1.000000,47.250000,14.365290,8.049375
1780467768.593615,,,BOARD_2,1,1,1592.000,1351.000,1724.000,1442.000,132.000,91.000,1592.000,1351.000,1724.000,1442.000,132.000,91.000,1592.000,1351.000,1724.000,1442.000,1658.000,1396.500,132.000,91.000,0,1.000000,47.250000,14.365290,8.049375
1780467768.852817,,,BOARD_2,1,0,1593.000,1351.000,1725.000,1442.000,132.000,91.000,1593.000,1351.000,1725.000,1442.000,132.000,91.000,1593.000,1351.000,1725.000,1442.000,1659.000,1396.500,132.000,91.000,0,1.000000,47.250000,14.369847,8.049375
1780467769.279087,,,BOARD_2,1,0,1605.000,1370.000,1685.000,1407.000,80.000,37.000,1605.000,1370.000,1685.000,1407.000,80.000,37.000,1605.000,1370.000,1685.000,1407.000,1645.000,1388.500,80.000,37.000,0,1.000000,77.970000,14.306045,8.086042
1780467769.279087,,,BOARD_2,1,1,1585.000,1350.000,1717.000,1441.000,132.000,91.000,1585.000,1350.000,1717.000,1441.000,132.000,91.000,1585.000,1350.000,1717.000,1441.000,1651.000,1395.500,132.000,91.000,0,1.000000,47.250000,14.333389,8.053958
1780467769.589918,,,BOARD_2,1,0,1587.000,1353.000,1719.000,1444.000,132.000,91.000,1587.000,1353.000,1719.000,1444.000,132.000,91.000,1587.000,1353.000,1719.000,1444.000,1653.000,1398.500,132.000,91.000,0,1.000000,47.250000,14.342503,8.040208
1780467769.866363,,,BOARD_2,1,0,1592.000,1349.000,1724.000,1440.000,132.000,91.000,1592.000,1349.000,1724.000,1440.000,132.000,91.000,1592.000,1349.000,1724.000,1440.000,1658.000,1394.500,132.000,91.000,0,1.000000,47.250000,14.365290,8.058542
1780467770.089346,,,BOARD_2,1,0,1595.000,1350.000,1727.000,1441.000,132.000,91.000,1595.000,1350.000,1727.000,1441.000,132.000,91.000,1595.000,1350.000,1727.000,1441.000,1661.000,1395.500,132.000,91.000,0,1.000000,47.250000,14.378961,8.053958
1780467770.089346,,,BOARD_2,1,1,1598.000,1351.000,1730.000,1442.000,132.000,91.000,1598.000,1351.000,1730.000,1442.000,132.000,91.000,1598.000,1351.000,1730.000,1442.000,1664.000,1396.500,132.000,91.000,0,1.000000,47.250000,14.392633,8.049375
1780467770.424878,,,BOARD_2,1,0,1612.000,1372.000,1678.000,1408.000,66.000,36.000,1612.000,1372.000,1678.000,1408.000,66.000,36.000,1612.000,1372.000,1678.000,1408.000,1645.000,1390.000,66.000,36.000,0,1.000000,94.500000,14.306045,8.079167
1780467770.424878,,,BOARD_2,1,1,1611.000,1372.000,1677.000,1408.000,66.000,36.000,1611.000,1372.000,1677.000,1408.000,66.000,36.000,1611.000,1372.000,1677.000,1408.000,1644.000,1390.000,66.000,36.000,0,1.000000,94.500000,14.301488,8.079167
1780467770.653509,,,BOARD_2,1,0,1610.000,1371.000,1676.000,1407.000,66.000,36.000,1610.000,1371.000,1676.000,1407.000,66.000,36.000,1610.000,1371.000,1676.000,1407.000,1643.000,1389.000,66.000,36.000,0,1.000000,94.500000,14.296930,8.083750
1780467770.907558,,,BOARD_2,1,0,1604.000,1370.000,1688.000,1410.000,84.000,40.000,1604.000,1370.000,1688.000,1410.000,84.000,40.000,1604.000,1370.000,1688.000,1410.000,1646.000,1390.000,84.000,40.000,0,1.000000,74.250000,14.310602,8.079167
1780467770.907558,,,BOARD_2,1,1,1604.000,1370.000,1688.000,1410.000,84.000,40.000,1604.000,1370.000,1688.000,1410.000,84.000,40.000,1604.000,1370.000,1688.000,1410.000,1646.000,1390.000,84.000,40.000,0,1.000000,74.250000,14.310602,8.079167
1780467771.128617,,,BOARD_2,1,0,1603.000,1370.000,1687.000,1410.000,84.000,40.000,1603.000,1370.000,1687.000,1410.000,84.000,40.000,1603.000,1370.000,1687.000,1410.000,1645.000,1390.000,84.000,40.000,0,1.000000,74.250000,14.306045,8.079167
1780467771.347081,,,BOARD_2,1,0,1604.000,1370.000,1688.000,1410.000,84.000,40.000,1604.000,1370.000,1688.000,1410.000,84.000,40.000,1604.000,1370.000,1688.000,1410.000,1646.000,1390.000,84.000,40.000,0,1.000000,74.250000,14.310602,8.079167
1780467771.347081,,,BOARD_2,1,1,1604.000,1370.000,1688.000,1410.000,84.000,40.000,1604.000,1370.000,1688.000,1410.000,84.000,40.000,1604.000,1370.000,1688.000,1410.000,1646.000,1390.000,84.000,40.000,0,1.000000,74.250000,14.310602,8.079167
1780467771.618469,,,BOARD_2,1,0,1604.000,1370.000,1688.000,1410.000,84.000,40.000,1604.000,1370.000,1688.000,1410.000,84.000,40.000,1604.000,1370.000,1688.000,1410.000,1646.000,1390.000,84.000,40.000,0,1.000000,74.250000,14.310602,8.079167
1780467771.838257,,,BOARD_2,1,0,1592.000,1349.000,1724.000,1440.000,132.000,91.000,1592.000,1349.000,1724.000,1440.000,132.000,91.000,1592.000,1349.000,1724.000,1440.000,1658.000,1394.500,132.000,91.000,0,1.000000,47.250000,14.365290,8.058542
1780467771.838257,,,BOARD_2,1,1,1594.000,1350.000,1726.000,1441.000,132.000,91.000,1594.000,1350.000,1726.000,1441.000,132.000,91.000,1594.000,1350.000,1726.000,1441.000,1660.000,1395.500,132.000,91.000,0,1.000000,47.250000,14.374404,8.053958
1780467772.066126,,,BOARD_2,1,0,1596.000,1351.000,1728.000,1442.000,132.000,91.000,1596.000,1351.000,1728.000,1442.000,132.000,91.000,1596.000,1351.000,1728.000,1442.000,1662.000,1396.500,132.000,91.000,0,1.000000,47.250000,14.383519,8.049375
1780467772.369002,,,BOARD_2,1,0,1583.000,1355.000,1715.000,1446.000,132.000,91.000,1583.000,1355.000,1715.000,1446.000,132.000,91.000,1583.000,1355.000,1715.000,1446.000,1649.000,1400.500,132.000,91.000,0,1.000000,47.250000,14.324274,8.031042
1780467772.369002,,,BOARD_2,1,1,1589.000,1349.000,1721.000,1440.000,132.000,91.000,1589.000,1349.000,1721.000,1440.000,132.000,91.000,1589.000,1349.000,1721.000,1440.000,1655.000,1394.500,132.000,91.000,0,1.000000,47.250000,14.351618,8.058542
1780467772.604195,,,BOARD_2,1,0,1592.000,1346.000,1724.000,1437.000,132.000,91.000,1592.000,1346.000,1724.000,1437.000,132.000,91.000,1592.000,1346.000,1724.000,1437.000,1658.000,1391.500,132.000,91.000,0,1.000000,47.250000,14.365290,8.072292
1780467772.832098,,,BOARD_2,1,0,1607.000,1367.000,1687.000,1411.000,80.000,44.000,1607.000,1367.000,1687.000,1411.000,80.000,44.000,1607.000,1367.000,1687.000,1411.000,1647.000,1389.000,80.000,44.000,0,1.000000,77.970000,14.315159,8.083750
1780467772.832098,,,BOARD_2,1,1,1606.000,1364.000,1686.000,1408.000,80.000,44.000,1606.000,1364.000,1686.000,1408.000,80.000,44.000,1606.000,1364.000,1686.000,1408.000,1646.000,1386.000,80.000,44.000,0,1.000000,77.970000,14.310602,8.097500
1780467773.059968,,,BOARD_2,1,0,1605.000,1362.000,1685.000,1406.000,80.000,44.000,1605.000,1362.000,1685.000,1406.000,80.000,44.000,1605.000,1362.000,1685.000,1406.000,1645.000,1384.000,80.000,44.000,0,1.000000,77.970000,14.306045,8.106667
1780467773.320959,,,BOARD_2,1,0,1610.000,1370.000,1683.000,1410.000,73.000,40.000,1610.000,1370.000,1683.000,1410.000,73.000,40.000,1610.000,1370.000,1683.000,1410.000,1646.500,1390.000,73.000,40.000,0,1.000000,85.440000,14.312881,8.079167
1780467773.320959,,,BOARD_2,1,1,1610.000,1369.000,1683.000,1409.000,73.000,40.000,1610.000,1369.000,1683.000,1409.000,73.000,40.000,1610.000,1369.000,1683.000,1409.000,1646.500,1389.000,73.000,40.000,0,1.000000,85.440000,14.312881,8.083750
1780467773.635354,,,BOARD_2,1,0,1609.000,1368.000,1682.000,1408.000,73.000,40.000,1609.000,1368.000,1682.000,1408.000,73.000,40.000,1609.000,1368.000,1682.000,1408.000,1645.500,1388.000,73.000,40.000,0,1.000000,85.440000,14.308323,8.088333
1780467773.895751,,,BOARD_2,1,0,1608.000,1370.000,1684.000,1410.000,76.000,40.000,1608.000,1370.000,1684.000,1410.000,76.000,40.000,1608.000,1370.000,1684.000,1410.000,1646.000,1390.000,76.000,40.000,0,1.000000,82.070000,14.310602,8.079167
1780467773.895751,,,BOARD_2,1,1,1608.000,1370.000,1684.000,1410.000,76.000,40.000,1608.000,1370.000,1684.000,1410.000,76.000,40.000,1608.000,1370.000,1684.000,1410.000,1646.000,1390.000,76.000,40.000,0,1.000000,82.070000,14.310602,8.079167
1780467774.135554,,,BOARD_2,1,0,1591.000,1348.000,1723.000,1439.000,132.000,91.000,1591.000,1348.000,1723.000,1439.000,132.000,91.000,1591.000,1348.000,1723.000,1439.000,1657.000,1393.500,132.000,91.000,0,1.000000,47.250000,14.360732,8.063125
1780467774.504276,,,BOARD_2,1,0,1626.000,1334.000,1690.000,1453.000,64.000,119.000,1626.000,1334.000,1690.000,1453.000,64.000,119.000,1626.000,1334.000,1690.000,1453.000,1658.000,1393.500,64.000,119.000,0,1.000000,97.460000,14.365290,8.063125
1780467774.504276,,,BOARD_2,1,1,1628.000,1334.000,1692.000,1453.000,64.000,119.000,1628.000,1334.000,1692.000,1453.000,64.000,119.000,1628.000,1334.000,1692.000,1453.000,1660.000,1393.500,64.000,119.000,0,1.000000,97.460000,14.374404,8.063125
1780467774.711316,,,BOARD_2,1,0,1630.000,1335.000,1694.000,1454.000,64.000,119.000,1630.000,1335.000,1694.000,1454.000,64.000,119.000,1630.000,1335.000,1694.000,1454.000,1662.000,1394.500,64.000,119.000,0,1.000000,97.460000,14.383519,8.058542
1780467775.024131,,,BOARD_2,1,0,1592.000,1348.000,1724.000,1439.000,132.000,91.000,1592.000,1348.000,1724.000,1439.000,132.000,91.000,1592.000,1348.000,1724.000,1439.000,1658.000,1393.500,132.000,91.000,0,1.000000,47.250000,14.365290,8.063125
1780467775.024131,,,BOARD_2,1,1,1593.000,1348.000,1725.000,1439.000,132.000,91.000,1593.000,1348.000,1725.000,1439.000,132.000,91.000,1593.000,1348.000,1725.000,1439.000,1659.000,1393.500,132.000,91.000,0,1.000000,47.250000,14.369847,8.063125
1780467775.250578,,,BOARD_2,1,0,1594.000,1348.000,1726.000,1439.000,132.000,91.000,1594.000,1348.000,1726.000,1439.000,132.000,91.000,1594.000,1348.000,1726.000,1439.000,1660.000,1393.500,132.000,91.000,0,1.000000,47.250000,14.374404,8.063125
1780467775.645789,,,BOARD_2,1,0,1604.000,1365.000,1688.000,1409.000,84.000,44.000,1604.000,1365.000,1688.000,1409.000,84.000,44.000,1604.000,1365.000,1688.000,1409.000,1646.000,1387.000,84.000,44.000,0,1.000000,74.250000,14.310602,8.092917
1780467775.645789,,,BOARD_2,1,1,1602.000,1364.000,1686.000,1408.000,84.000,44.000,1602.000,1364.000,1686.000,1408.000,84.000,44.000,1602.000,1364.000,1686.000,1408.000,1644.000,1386.000,84.000,44.000,0,1.000000,74.250000,14.301488,8.097500
1780467775.899432,,,BOARD_2,1,0,1600.000,1363.000,1684.000,1407.000,84.000,44.000,1600.000,1363.000,1684.000,1407.000,84.000,44.000,1600.000,1363.000,1684.000,1407.000,1642.000,1385.000,84.000,44.000,0,1.000000,74.250000,14.292373,8.102083
1780467776.217597,,,BOARD_2,1,0,1592.000,1348.000,1724.000,1439.000,132.000,91.000,1592.000,1348.000,1724.000,1439.000,132.000,91.000,1592.000,1348.000,1724.000,1439.000,1658.000,1393.500,132.000,91.000,0,1.000000,47.250000,14.365290,8.063125
1780467776.217597,,,BOARD_2,1,1,1593.000,1347.000,1725.000,1438.000,132.000,91.000,1593.000,1347.000,1725.000,1438.000,132.000,91.000,1593.000,1347.000,1725.000,1438.000,1659.000,1392.500,132.000,91.000,0,1.000000,47.250000,14.369847,8.067708
1780467776.469096,,,BOARD_2,1,0,1594.000,1347.000,1726.000,1438.000,132.000,91.000,1594.000,1347.000,1726.000,1438.000,132.000,91.000,1594.000,1347.000,1726.000,1438.000,1660.000,1392.500,132.000,91.000,0,1.000000,47.250000,14.374404,8.067708
1780467776.696453,,,BOARD_2,1,0,1603.000,1362.000,1690.000,1410.000,87.000,48.000,1603.000,1362.000,1690.000,1410.000,87.000,48.000,1603.000,1362.000,1690.000,1410.000,1646.500,1386.000,87.000,48.000,0,1.000000,71.690000,14.312881,8.097500
1780467776.696453,,,BOARD_2,1,1,1600.000,1360.000,1687.000,1408.000,87.000,48.000,1600.000,1360.000,1687.000,1408.000,87.000,48.000,1600.000,1360.000,1687.000,1408.000,1643.500,1384.000,87.000,48.000,0,1.000000,71.690000,14.299209,8.106667
1780467777.019527,,,BOARD_2,1,0,1597.000,1358.000,1684.000,1406.000,87.000,48.000,1597.000,1358.000,1684.000,1406.000,87.000,48.000,1597.000,1358.000,1684.000,1406.000,1640.500,1382.000,87.000,48.000,0,1.000000,71.690000,14.285537,8.115833
1780467777.280891,,,BOARD_2,1,0,1593.000,1347.000,1725.000,1438.000,132.000,91.000,1593.000,1347.000,1725.000,1438.000,132.000,91.000,1593.000,1347.000,1725.000,1438.000,1659.000,1392.500,132.000,91.000,0,1.000000,47.250000,14.369847,8.067708
1780467777.280891,,,BOARD_2,1,1,1594.000,1347.000,1726.000,1438.000,132.000,91.000,1594.000,1347.000,1726.000,1438.000,132.000,91.000,1594.000,1347.000,1726.000,1438.000,1660.000,1392.500,132.000,91.000,0,1.000000,47.250000,14.374404,8.067708
1780467777.524964,,,BOARD_2,1,0,1595.000,1348.000,1727.000,1439.000,132.000,91.000,1595.000,1348.000,1727.000,1439.000,132.000,91.000,1595.000,1348.000,1727.000,1439.000,1661.000,1393.500,132.000,91.000,0,1.000000,47.250000,14.378961,8.063125
1780467777.762910,,,BOARD_2,1,0,1585.000,1348.000,1717.000,1439.000,132.000,91.000,1585.000,1348.000,1717.000,1439.000,132.000,91.000,1585.000,1348.000,1717.000,1439.000,1651.000,1393.500,132.000,91.000,0,1.000000,47.250000,14.333389,8.063125
1780467777.762910,,,BOARD_2,1,1,1584.000,1348.000,1716.000,1439.000,132.000,91.000,1584.000,1348.000,1716.000,1439.000,132.000,91.000,1584.000,1348.000,1716.000,1439.000,1650.000,1393.500,132.000,91.000,0,1.000000,47.250000,14.328831,8.063125
1780467777.978966,,,BOARD_2,1,0,1583.000,1349.000,1715.000,1440.000,132.000,91.000,1583.000,1349.000,1715.000,1440.000,132.000,91.000,1583.000,1349.000,1715.000,1440.000,1649.000,1394.500,132.000,91.000,0,1.000000,47.250000,14.324274,8.058542
1780467778.234641,,,BOARD_2,1,0,1583.000,1348.000,1715.000,1439.000,132.000,91.000,1583.000,1348.000,1715.000,1439.000,132.000,91.000,1583.000,1348.000,1715.000,1439.000,1649.000,1393.500,132.000,91.000,0,1.000000,47.250000,14.324274,8.063125
1780467778.234641,,,BOARD_2,1,1,1582.000,1348.000,1714.000,1439.000,132.000,91.000,1582.000,1348.000,1714.000,1439.000,132.000,91.000,1582.000,1348.000,1714.000,1439.000,1648.000,1393.500,132.000,91.000,0,1.000000,47.250000,14.319717,8.063125
1780467778.449110,,,BOARD_2,1,0,1617.000,1332.000,1681.000,1451.000,64.000,119.000,1617.000,1332.000,1681.000,1451.000,64.000,119.000,1617.000,1332.000,1681.000,1451.000,1649.000,1391.500,64.000,119.000,0,1.000000,97.460000,14.324274,8.072292
1780467778.449110,,,BOARD_2,1,1,1612.000,1361.000,1688.000,1405.000,76.000,44.000,1612.000,1361.000,1688.000,1405.000,76.000,44.000,1612.000,1361.000,1688.000,1405.000,1650.000,1383.000,76.000,44.000,0,1.000000,82.070000,14.328831,8.111250
1780467778.814094,,,BOARD_2,1,0,1591.000,1345.000,1723.000,1436.000,132.000,91.000,1591.000,1345.000,1723.000,1436.000,132.000,91.000,1591.000,1345.000,1723.000,1436.000,1657.000,1390.500,132.000,91.000,0,1.000000,47.250000,14.360732,8.076875
1780467778.814094,,,BOARD_2,1,1,1595.000,1347.000,1727.000,1438.000,132.000,91.000,1595.000,1347.000,1727.000,1438.000,132.000,91.000,1595.000,1347.000,1727.000,1438.000,1661.000,1392.500,132.000,91.000,0,1.000000,47.250000,14.378961,8.067708
1780467779.175398,,,BOARD_2,1,0,1608.000,1361.000,1692.000,1405.000,84.000,44.000,1608.000,1361.000,1692.000,1405.000,84.000,44.000,1608.000,1361.000,1692.000,1405.000,1650.000,1383.000,84.000,44.000,0,1.000000,74.250000,14.328831,8.111250
1780467779.439482,,,BOARD_2,1,0,1608.000,1360.000,1692.000,1404.000,84.000,44.000,1608.000,1360.000,1692.000,1404.000,84.000,44.000,1608.000,1360.000,1692.000,1404.000,1650.000,1382.000,84.000,44.000,0,1.000000,74.250000,14.328831,8.115833
1780467779.439482,,,BOARD_2,1,1,1593.000,1344.000,1725.000,1435.000,132.000,91.000,1593.000,1344.000,1725.000,1435.000,132.000,91.000,1593.000,1344.000,1725.000,1435.000,1659.000,1389.500,132.000,91.000,0,1.000000,47.250000,14.369847,8.081458
1780467779.766128,,,BOARD_2,1,0,1606.000,1358.000,1690.000,1406.000,84.000,48.000,1606.000,1358.000,1690.000,1406.000,84.000,48.000,1606.000,1358.000,1690.000,1406.000,1648.000,1382.000,84.000,48.000,0,1.000000,74.250000,14.319717,8.115833
1780467779.766128,,,BOARD_2,1,1,1601.000,1354.000,1685.000,1402.000,84.000,48.000,1601.000,1354.000,1685.000,1402.000,84.000,48.000,1601.000,1354.000,1685.000,1402.000,1643.000,1378.000,84.000,48.000,0,1.000000,74.250000,14.296930,8.134167
1780467780.101900,,,BOARD_2,1,0,1596.000,1351.000,1680.000,1399.000,84.000,48.000,1596.000,1351.000,1680.000,1399.000,84.000,48.000,1596.000,1351.000,1680.000,1399.000,1638.000,1375.000,84.000,48.000,0,1.000000,74.250000,14.274144,8.147917
1780467780.391776,,,BOARD_2,1,0,1602.000,1359.000,1693.000,1403.000,91.000,44.000,1602.000,1359.000,1693.000,1403.000,91.000,44.000,1602.000,1359.000,1693.000,1403.000,1647.500,1381.000,91.000,44.000,0,1.000000,68.540000,14.317438,8.120417
1780467780.391776,,,BOARD_2,1,1,1595.000,1342.000,1727.000,1433.000,132.000,91.000,1595.000,1342.000,1727.000,1433.000,132.000,91.000,1595.000,1342.000,1727.000,1433.000,1661.000,1387.500,132.000,91.000,0,1.000000,47.250000,14.378961,8.090625
1780467780.621806,,,BOARD_2,1,0,1601.000,1345.000,1733.000,1436.000,132.000,91.000,1601.000,1345.000,1733.000,1436.000,132.000,91.000,1601.000,1345.000,1733.000,1436.000,1667.000,1390.500,132.000,91.000,0,1.000000,47.250000,14.406305,8.076875
1780467780.860537,,,BOARD_2,1,0,1604.000,1359.000,1688.000,1403.000,84.000,44.000,1604.000,1359.000,1688.000,1403.000,84.000,44.000,1604.000,1359.000,1688.000,1403.000,1646.000,1381.000,84.000,44.000,0,1.000000,74.250000,14.310602,8.120417
1780467780.860537,,,BOARD_2,1,1,1603.000,1358.000,1687.000,1402.000,84.000,44.000,1603.000,1358.000,1687.000,1402.000,84.000,44.000,1603.000,1358.000,1687.000,1402.000,1645.000,1380.000,84.000,44.000,0,1.000000,74.250000,14.306045,8.125000
1780467781.106468,,,BOARD_2,1,0,1601.000,1358.000,1685.000,1402.000,84.000,44.000,1601.000,1358.000,1685.000,1402.000,84.000,44.000,1601.000,1358.000,1685.000,1402.000,1643.000,1380.000,84.000,44.000,0,1.000000,74.250000,14.296930,8.125000
1780467781.428815,,,BOARD_2,1,0,1604.000,1362.000,1688.000,1402.000,84.000,40.000,1604.000,1362.000,1688.000,1402.000,84.000,40.000,1604.000,1362.000,1688.000,1402.000,1646.000,1382.000,84.000,40.000,0,1.000000,74.250000,14.310602,8.115833
1780467781.428815,,,BOARD_2,1,1,1595.000,1343.000,1727.000,1434.000,132.000,91.000,1595.000,1343.000,1727.000,1434.000,132.000,91.000,1595.000,1343.000,1727.000,1434.000,1661.000,1388.500,132.000,91.000,0,1.000000,47.250000,14.378961,8.086042
1780467781.650701,,,BOARD_2,1,0,1603.000,1347.000,1735.000,1438.000,132.000,91.000,1603.000,1347.000,1735.000,1438.000,132.000,91.000,1603.000,1347.000,1735.000,1438.000,1669.000,1392.500,132.000,91.000,0,1.000000,47.250000,14.415420,8.067708
1780467781.860743,,,BOARD_2,1,0,1605.000,1362.000,1685.000,1398.000,80.000,36.000,1605.000,1362.000,1685.000,1398.000,80.000,36.000,1605.000,1362.000,1685.000,1398.000,1645.000,1380.000,80.000,36.000,0,1.000000,77.970000,14.306045,8.125000
1780467781.860743,,,BOARD_2,1,1,1604.000,1361.000,1684.000,1397.000,80.000,36.000,1604.000,1361.000,1684.000,1397.000,80.000,36.000,1604.000,1361.000,1684.000,1397.000,1644.000,1379.000,80.000,36.000,0,1.000000,77.970000,14.301488,8.129583
1780467782.071355,,,BOARD_2,1,0,1603.000,1361.000,1683.000,1397.000,80.000,36.000,1603.000,1361.000,1683.000,1397.000,80.000,36.000,1603.000,1361.000,1683.000,1397.000,1643.000,1379.000,80.000,36.000,0,1.000000,77.970000,14.296930,8.129583
1780467782.278982,,,BOARD_2,1,0,1612.000,1362.000,1678.000,1398.000,66.000,36.000,1612.000,1362.000,1678.000,1398.000,66.000,36.000,1612.000,1362.000,1678.000,1398.000,1645.000,1380.000,66.000,36.000,0,1.000000,94.500000,14.306045,8.125000
1780467782.278982,,,BOARD_2,1,1,1597.000,1342.000,1729.000,1433.000,132.000,91.000,1597.000,1342.000,1729.000,1433.000,132.000,91.000,1597.000,1342.000,1729.000,1433.000,1663.000,1387.500,132.000,91.000,0,1.000000,47.250000,14.388076,8.090625
1780467782.660594,,,BOARD_2,1,0,1596.000,1341.000,1728.000,1432.000,132.000,91.000,1596.000,1341.000,1728.000,1432.000,132.000,91.000,1596.000,1341.000,1728.000,1432.000,1662.000,1386.500,132.000,91.000,0,1.000000,47.250000,14.383519,8.095208
1780467782.958332,,,BOARD_2,1,0,1608.000,1359.000,1684.000,1403.000,76.000,44.000,1608.000,1359.000,1684.000,1403.000,76.000,44.000,1608.000,1359.000,1684.000,1403.000,1646.000,1381.000,76.000,44.000,0,1.000000,82.070000,14.310602,8.120417
1780467782.958332,,,BOARD_2,1,1,1601.000,1357.000,1677.000,1401.000,76.000,44.000,1601.000,1357.000,1677.000,1401.000,76.000,44.000,1601.000,1357.000,1677.000,1401.000,1639.000,1379.000,76.000,44.000,0,1.000000,82.070000,14.278701,8.129583
1780467783.195537,,,BOARD_2,1,0,1594.000,1354.000,1670.000,1398.000,76.000,44.000,1594.000,1354.000,1670.000,1398.000,76.000,44.000,1594.000,1354.000,1670.000,1398.000,1632.000,1376.000,76.000,44.000,0,1.000000,82.070000,14.246800,8.143333
1780467783.511035,,,BOARD_2,1,0,1588.000,1341.000,1720.000,1432.000,132.000,91.000,1588.000,1341.000,1720.000,1432.000,132.000,91.000,1588.000,1341.000,1720.000,1432.000,1654.000,1386.500,132.000,91.000,0,1.000000,47.250000,14.347060,8.095208
1780467783.511035,,,BOARD_2,1,1,1586.000,1341.000,1718.000,1432.000,132.000,91.000,1586.000,1341.000,1718.000,1432.000,132.000,91.000,1586.000,1341.000,1718.000,1432.000,1652.000,1386.500,132.000,91.000,0,1.000000,47.250000,14.337946,8.095208
1780467783.812810,,,BOARD_2,1,0,1586.000,1340.000,1718.000,1431.000,132.000,91.000,1586.000,1340.000,1718.000,1431.000,132.000,91.000,1586.000,1340.000,1718.000,1431.000,1652.000,1385.500,132.000,91.000,0,1.000000,47.250000,14.337946,8.099792
1780467784.042648,,,BOARD_2,1,0,1606.000,1360.000,1682.000,1397.000,76.000,37.000,1606.000,1360.000,1682.000,1397.000,76.000,37.000,1606.000,1360.000,1682.000,1397.000,1644.000,1378.500,76.000,37.000,0,1.000000,82.070000,14.301488,8.131875
1780467784.042648,,,BOARD_2,1,1,1601.000,1356.000,1677.000,1393.000,76.000,37.000,1601.000,1356.000,1677.000,1393.000,76.000,37.000,1601.000,1356.000,1677.000,1393.000,1639.000,1374.500,76.000,37.000,0,1.000000,82.070000,14.278701,8.150208
1780467784.276082,,,BOARD_2,1,0,1584.000,1339.000,1716.000,1430.000,132.000,91.000,1584.000,1339.000,1716.000,1430.000,132.000,91.000,1584.000,1339.000,1716.000,1430.000,1650.000,1384.500,132.000,91.000,0,1.000000,47.250000,14.328831,8.104375
1780467784.755244,,,BOARD_2,1,0,1602.000,1360.000,1686.000,1400.000,84.000,40.000,1602.000,1360.000,1686.000,1400.000,84.000,40.000,1602.000,1360.000,1686.000,1400.000,1644.000,1380.000,84.000,40.000,0,1.000000,74.250000,14.301488,8.125000
1780467785.004893,,,BOARD_2,1,0,1584.000,1340.000,1716.000,1431.000,132.000,91.000,1584.000,1340.000,1716.000,1431.000,132.000,91.000,1584.000,1340.000,1716.000,1431.000,1650.000,1385.500,132.000,91.000,0,1.000000,47.250000,14.328831,8.099792
1780467785.004893,,,BOARD_2,1,1,1586.000,1342.000,1718.000,1433.000,132.000,91.000,1586.000,1342.000,1718.000,1433.000,132.000,91.000,1586.000,1342.000,1718.000,1433.000,1652.000,1387.500,132.000,91.000,0,1.000000,47.250000,14.337946,8.090625
1780467785.408136,,,BOARD_2,1,0,1599.000,1360.000,1686.000,1400.000,87.000,40.000,1599.000,1360.000,1686.000,1400.000,87.000,40.000,1599.000,1360.000,1686.000,1400.000,1642.500,1380.000,87.000,40.000,0,1.000000,71.690000,14.294652,8.125000
1780467785.408136,,,BOARD_2,1,1,1591.000,1338.000,1723.000,1429.000,132.000,91.000,1591.000,1338.000,1723.000,1429.000,132.000,91.000,1591.000,1338.000,1723.000,1429.000,1657.000,1383.500,132.000,91.000,0,1.000000,47.250000,14.360732,8.108958
1780467785.642064,,,BOARD_2,1,0,1598.000,1340.000,1730.000,1431.000,132.000,91.000,1598.000,1340.000,1730.000,1431.000,132.000,91.000,1598.000,1340.000,1730.000,1431.000,1664.000,1385.500,132.000,91.000,0,1.000000,47.250000,14.392633,8.099792
1780467785.886202,,,BOARD_2,1,0,1591.000,1338.000,1723.000,1429.000,132.000,91.000,1591.000,1338.000,1723.000,1429.000,132.000,91.000,1591.000,1338.000,1723.000,1429.000,1657.000,1383.500,132.000,91.000,0,1.000000,47.250000,14.360732,8.108958
1780467785.886202,,,BOARD_2,1,1,1594.000,1339.000,1726.000,1430.000,132.000,91.000,1594.000,1339.000,1726.000,1430.000,132.000,91.000,1594.000,1339.000,1726.000,1430.000,1660.000,1384.500,132.000,91.000,0,1.000000,47.250000,14.374404,8.104375
1780467786.117862,,,BOARD_2,1,0,1598.000,1339.000,1730.000,1430.000,132.000,91.000,1598.000,1339.000,1730.000,1430.000,132.000,91.000,1598.000,1339.000,1730.000,1430.000,1664.000,1384.500,132.000,91.000,0,1.000000,47.250000,14.392633,8.104375
1780467786.559643,,,BOARD_2,1,0,1584.000,1339.000,1716.000,1430.000,132.000,91.000,1584.000,1339.000,1716.000,1430.000,132.000,91.000,1584.000,1339.000,1716.000,1430.000,1650.000,1384.500,132.000,91.000,0,1.000000,47.250000,14.328831,8.104375
1780467786.860065,,,BOARD_2,1,0,1584.000,1340.000,1716.000,1431.000,132.000,91.000,1584.000,1340.000,1716.000,1431.000,132.000,91.000,1584.000,1340.000,1716.000,1431.000,1650.000,1385.500,132.000,91.000,0,1.000000,47.250000,14.328831,8.099792
1780467787.112889,,,BOARD_2,1,0,1584.000,1340.000,1716.000,1431.000,132.000,91.000,1584.000,1340.000,1716.000,1431.000,132.000,91.000,1584.000,1340.000,1716.000,1431.000,1650.000,1385.500,132.000,91.000,0,1.000000,47.250000,14.328831,8.099792
1780467787.351029,,,BOARD_2,1,0,1584.000,1339.000,1716.000,1430.000,132.000,91.000,1584.000,1339.000,1716.000,1430.000,132.000,91.000,1584.000,1339.000,1716.000,1430.000,1650.000,1384.500,132.000,91.000,0,1.000000,47.250000,14.328831,8.104375
1780467787.351029,,,BOARD_2,1,1,1584.000,1339.000,1716.000,1430.000,132.000,91.000,1584.000,1339.000,1716.000,1430.000,132.000,91.000,1584.000,1339.000,1716.000,1430.000,1650.000,1384.500,132.000,91.000,0,1.000000,47.250000,14.328831,8.104375
1780467787.589133,,,BOARD_2,1,0,1584.000,1339.000,1716.000,1430.000,132.000,91.000,1584.000,1339.000,1716.000,1430.000,132.000,91.000,1584.000,1339.000,1716.000,1430.000,1650.000,1384.500,132.000,91.000,0,1.000000,47.250000,14.328831,8.104375
1780467787.797039,,,BOARD_2,1,0,1600.000,1360.000,1684.000,1400.000,84.000,40.000,1600.000,1360.000,1684.000,1400.000,84.000,40.000,1600.000,1360.000,1684.000,1400.000,1642.000,1380.000,84.000,40.000,0,1.000000,74.250000,14.292373,8.125000
1780467788.057125,,,BOARD_2,1,0,1599.000,1359.000,1683.000,1399.000,84.000,40.000,1599.000,1359.000,1683.000,1399.000,84.000,40.000,1599.000,1359.000,1683.000,1399.000,1641.000,1379.000,84.000,40.000,0,1.000000,74.250000,14.287816,8.129583
1780467788.057125,,,BOARD_2,1,1,1597.000,1359.000,1681.000,1399.000,84.000,40.000,1597.000,1359.000,1681.000,1399.000,84.000,40.000,1597.000,1359.000,1681.000,1399.000,1639.000,1379.000,84.000,40.000,0,1.000000,74.250000,14.278701,8.129583
1780467788.406789,,,BOARD_2,1,0,1608.000,1360.000,1681.000,1397.000,73.000,37.000,1608.000,1360.000,1681.000,1397.000,73.000,37.000,1608.000,1360.000,1681.000,1397.000,1644.500,1378.500,73.000,37.000,0,1.000000,85.440000,14.303766,8.131875
1780467788.406789,,,BOARD_2,1,1,1608.000,1359.000,1681.000,1396.000,73.000,37.000,1608.000,1359.000,1681.000,1396.000,73.000,37.000,1608.000,1359.000,1681.000,1396.000,1644.500,1377.500,73.000,37.000,0,1.000000,85.440000,14.303766,8.136458
1780467788.649329,,,BOARD_2,1,0,1608.000,1359.000,1681.000,1396.000,73.000,37.000,1608.000,1359.000,1681.000,1396.000,73.000,37.000,1608.000,1359.000,1681.000,1396.000,1644.500,1377.500,73.000,37.000,0,1.000000,85.440000,14.303766,8.136458
1780467788.884590,,,BOARD_2,1,0,1590.000,1337.000,1722.000,1428.000,132.000,91.000,1590.000,1337.000,1722.000,1428.000,132.000,91.000,1590.000,1337.000,1722.000,1428.000,1656.000,1382.500,132.000,91.000,0,1.000000,47.250000,14.356175,8.113542
1780467788.884590,,,BOARD_2,1,1,1592.000,1337.000,1724.000,1428.000,132.000,91.000,1592.000,1337.000,1724.000,1428.000,132.000,91.000,1592.000,1337.000,1724.000,1428.000,1658.000,1382.500,132.000,91.000,0,1.000000,47.250000,14.365290,8.113542
1780467789.368903,,,BOARD_2,1,0,1616.000,1324.000,1680.000,1443.000,64.000,119.000,1616.000,1324.000,1680.000,1443.000,64.000,119.000,1616.000,1324.000,1680.000,1443.000,1648.000,1383.500,64.000,119.000,0,1.000000,97.460000,14.319717,8.108958
1780467789.368903,,,BOARD_2,1,1,1615.000,1324.000,1679.000,1443.000,64.000,119.000,1615.000,1324.000,1679.000,1443.000,64.000,119.000,1615.000,1324.000,1679.000,1443.000,1647.000,1383.500,64.000,119.000,0,1.000000,97.460000,14.315159,8.108958
1780467789.857582,,,BOARD_2,1,0,1581.000,1338.000,1713.000,1429.000,132.000,91.000,1581.000,1338.000,1713.000,1429.000,132.000,91.000,1581.000,1338.000,1713.000,1429.000,1647.000,1383.500,132.000,91.000,0,1.000000,47.250000,14.315159,8.108958
1780467789.857582,,,BOARD_2,1,1,1581.000,1338.000,1713.000,1429.000,132.000,91.000,1581.000,1338.000,1713.000,1429.000,132.000,91.000,1581.000,1338.000,1713.000,1429.000,1647.000,1383.500,132.000,91.000,0,1.000000,47.250000,14.315159,8.108958
1780467790.098932,,,BOARD_2,1,0,1579.000,1345.000,1711.000,1436.000,132.000,91.000,1579.000,1345.000,1711.000,1436.000,132.000,91.000,1579.000,1345.000,1711.000,1436.000,1645.000,1390.500,132.000,91.000,0,1.000000,47.250000,14.306045,8.076875
1780467790.359024,,,BOARD_2,1,0,1604.000,1360.000,1680.000,1400.000,76.000,40.000,1604.000,1360.000,1680.000,1400.000,76.000,40.000,1604.000,1360.000,1680.000,1400.000,1642.000,1380.000,76.000,40.000,0,1.000000,82.070000,14.292373,8.125000
1780467790.359024,,,BOARD_2,1,1,1602.000,1355.000,1678.000,1395.000,76.000,40.000,1602.000,1355.000,1678.000,1395.000,76.000,40.000,1602.000,1355.000,1678.000,1395.000,1640.000,1375.000,76.000,40.000,0,1.000000,82.070000,14.283258,8.147917
1780467790.600376,,,BOARD_2,1,0,1587.000,1337.000,1719.000,1428.000,132.000,91.000,1587.000,1337.000,1719.000,1428.000,132.000,91.000,1587.000,1337.000,1719.000,1428.000,1653.000,1382.500,132.000,91.000,0,1.000000,47.250000,14.342503,8.113542
1780467790.855502,,,BOARD_2,1,0,1588.000,1338.000,1720.000,1429.000,132.000,91.000,1588.000,1338.000,1720.000,1429.000,132.000,91.000,1588.000,1338.000,1720.000,1429.000,1654.000,1383.500,132.000,91.000,0,1.000000,47.250000,14.347060,8.108958
1780467790.855502,,,BOARD_2,1,1,1590.000,1338.000,1722.000,1429.000,132.000,91.000,1590.000,1338.000,1722.000,1429.000,132.000,91.000,1590.000,1338.000,1722.000,1429.000,1656.000,1383.500,132.000,91.000,0,1.000000,47.250000,14.356175,8.108958
1780467791.076574,,,BOARD_2,1,0,1583.000,1337.000,1715.000,1428.000,132.000,91.000,1583.000,1337.000,1715.000,1428.000,132.000,91.000,1583.000,1337.000,1715.000,1428.000,1649.000,1382.500,132.000,91.000,0,1.000000,47.250000,14.324274,8.113542
1780467791.390873,,,BOARD_2,1,0,1601.000,1360.000,1681.000,1400.000,80.000,40.000,1601.000,1360.000,1681.000,1400.000,80.000,40.000,1601.000,1360.000,1681.000,1400.000,1641.000,1380.000,80.000,40.000,0,1.000000,77.970000,14.287816,8.125000
1780467791.390873,,,BOARD_2,1,1,1589.000,1338.000,1721.000,1429.000,132.000,91.000,1589.000,1338.000,1721.000,1429.000,132.000,91.000,1589.000,1338.000,1721.000,1429.000,1655.000,1383.500,132.000,91.000,0,1.000000,47.250000,14.351618,8.108958
1780467791.604938,,,BOARD_2,1,0,1595.000,1339.000,1727.000,1430.000,132.000,91.000,1595.000,1339.000,1727.000,1430.000,132.000,91.000,1595.000,1339.000,1727.000,1430.000,1661.000,1384.500,132.000,91.000,0,1.000000,47.250000,14.378961,8.104375
1780467791.845265,,,BOARD_2,1,0,1600.000,1360.000,1684.000,1400.000,84.000,40.000,1600.000,1360.000,1684.000,1400.000,84.000,40.000,1600.000,1360.000,1684.000,1400.000,1642.000,1380.000,84.000,40.000,0,1.000000,74.250000,14.292373,8.125000
1780467791.845265,,,BOARD_2,1,1,1599.000,1360.000,1683.000,1400.000,84.000,40.000,1599.000,1360.000,1683.000,1400.000,84.000,40.000,1599.000,1360.000,1683.000,1400.000,1641.000,1380.000,84.000,40.000,0,1.000000,74.250000,14.287816,8.125000
1780467792.079865,,,BOARD_2,1,0,1598.000,1359.000,1682.000,1399.000,84.000,40.000,1598.000,1359.000,1682.000,1399.000,84.000,40.000,1598.000,1359.000,1682.000,1399.000,1640.000,1379.000,84.000,40.000,0,1.000000,74.250000,14.283258,8.129583
1780467792.317228,,,BOARD_2,1,0,1601.000,1359.000,1681.000,1403.000,80.000,44.000,1601.000,1359.000,1681.000,1403.000,80.000,44.000,1601.000,1359.000,1681.000,1403.000,1641.000,1381.000,80.000,44.000,0,1.000000,77.970000,14.287816,8.120417
1780467792.317228,,,BOARD_2,1,1,1600.000,1359.000,1680.000,1403.000,80.000,44.000,1600.000,1359.000,1680.000,1403.000,80.000,44.000,1600.000,1359.000,1680.000,1403.000,1640.000,1381.000,80.000,44.000,0,1.000000,77.970000,14.283258,8.120417
1780467792.545689,,,BOARD_2,1,0,1582.000,1338.000,1714.000,1429.000,132.000,91.000,1582.000,1338.000,1714.000,1429.000,132.000,91.000,1582.000,1338.000,1714.000,1429.000,1648.000,1383.500,132.000,91.000,0,1.000000,47.250000,14.319717,8.108958
1780467792.789901,,,BOARD_2,1,0,1601.000,1358.000,1681.000,1406.000,80.000,48.000,1601.000,1358.000,1681.000,1406.000,80.000,48.000,1601.000,1358.000,1681.000,1406.000,1641.000,1382.000,80.000,48.000,0,1.000000,77.970000,14.287816,8.115833
1780467792.789901,,,BOARD_2,1,1,1622.000,1324.000,1686.000,1443.000,64.000,119.000,1622.000,1324.000,1686.000,1443.000,64.000,119.000,1622.000,1324.000,1686.000,1443.000,1654.000,1383.500,64.000,119.000,0,1.000000,97.460000,14.347060,8.108958
1780467792.996171,,,BOARD_2,1,0,1628.000,1325.000,1692.000,1444.000,64.000,119.000,1628.000,1325.000,1692.000,1444.000,64.000,119.000,1628.000,1325.000,1692.000,1444.000,1660.000,1384.500,64.000,119.000,0,1.000000,97.460000,14.374404,8.104375
1780467793.412942,,,BOARD_2,1,0,1599.000,1361.000,1679.000,1405.000,80.000,44.000,1599.000,1361.000,1679.000,1405.000,80.000,44.000,1599.000,1361.000,1679.000,1405.000,1639.000,1383.000,80.000,44.000,0,1.000000,77.970000,14.278701,8.111250
1780467793.412942,,,BOARD_2,1,1,1597.000,1361.000,1677.000,1405.000,80.000,44.000,1597.000,1361.000,1677.000,1405.000,80.000,44.000,1597.000,1361.000,1677.000,1405.000,1637.000,1383.000,80.000,44.000,0,1.000000,77.970000,14.269586,8.111250
1780467793.623514,,,BOARD_2,1,0,1596.000,1361.000,1676.000,1405.000,80.000,44.000,1596.000,1361.000,1676.000,1405.000,80.000,44.000,1596.000,1361.000,1676.000,1405.000,1636.000,1383.000,80.000,44.000,0,1.000000,77.970000,14.265029,8.111250
1780467793.919778,,,BOARD_2,1,0,1602.000,1361.000,1678.000,1405.000,76.000,44.000,1602.000,1361.000,1678.000,1405.000,76.000,44.000,1602.000,1361.000,1678.000,1405.000,1640.000,1383.000,76.000,44.000,0,1.000000,82.070000,14.283258,8.111250
1780467793.919778,,,BOARD_2,1,1,1588.000,1338.000,1720.000,1430.000,132.000,92.000,1588.000,1338.000,1720.000,1430.000,132.000,92.000,1588.000,1338.000,1720.000,1430.000,1654.000,1384.000,132.000,92.000,0,1.000000,47.250000,14.347060,8.106667
1780467794.134602,,,BOARD_2,1,0,1595.000,1339.000,1727.000,1431.000,132.000,92.000,1595.000,1339.000,1727.000,1431.000,132.000,92.000,1595.000,1339.000,1727.000,1431.000,1661.000,1385.000,132.000,92.000,0,1.000000,47.250000,14.378961,8.102083
1780467794.385574,,,BOARD_2,1,0,1598.000,1363.000,1682.000,1407.000,84.000,44.000,1598.000,1363.000,1682.000,1407.000,84.000,44.000,1598.000,1363.000,1682.000,1407.000,1640.000,1385.000,84.000,44.000,0,1.000000,74.250000,14.283258,8.102083
1780467794.385574,,,BOARD_2,1,1,1598.000,1364.000,1682.000,1408.000,84.000,44.000,1598.000,1364.000,1682.000,1408.000,84.000,44.000,1598.000,1364.000,1682.000,1408.000,1640.000,1386.000,84.000,44.000,0,1.000000,74.250000,14.283258,8.097500
1780467794.605478,,,BOARD_2,1,0,1597.000,1364.000,1681.000,1408.000,84.000,44.000,1597.000,1364.000,1681.000,1408.000,84.000,44.000,1597.000,1364.000,1681.000,1408.000,1639.000,1386.000,84.000,44.000,0,1.000000,74.250000,14.278701,8.097500
1780467794.850531,,,BOARD_2,1,0,1588.000,1338.000,1720.000,1429.000,132.000,91.000,1588.000,1338.000,1720.000,1429.000,132.000,91.000,1588.000,1338.000,1720.000,1429.000,1654.000,1383.500,132.000,91.000,0,1.000000,47.250000,14.347060,8.108958
1780467794.850531,,,BOARD_2,1,1,1590.000,1338.000,1722.000,1429.000,132.000,91.000,1590.000,1338.000,1722.000,1429.000,132.000,91.000,1590.000,1338.000,1722.000,1429.000,1656.000,1383.500,132.000,91.000,0,1.000000,47.250000,14.356175,8.108958
1780467795.098984,,,BOARD_2,1,0,1587.000,1338.000,1719.000,1429.000,132.000,91.000,1587.000,1338.000,1719.000,1429.000,132.000,91.000,1587.000,1338.000,1719.000,1429.000,1653.000,1383.500,132.000,91.000,0,1.000000,47.250000,14.342503,8.108958
1780467795.350365,,,BOARD_2,1,0,1602.000,1366.000,1678.000,1406.000,76.000,40.000,1602.000,1366.000,1678.000,1406.000,76.000,40.000,1602.000,1366.000,1678.000,1406.000,1640.000,1386.000,76.000,40.000,0,1.000000,82.070000,14.283258,8.097500
1780467795.350365,,,BOARD_2,1,1,1580.000,1338.000,1712.000,1429.000,132.000,91.000,1580.000,1338.000,1712.000,1429.000,132.000,91.000,1580.000,1338.000,1712.000,1429.000,1646.000,1383.500,132.000,91.000,0,1.000000,47.250000,14.310602,8.108958
1780467795.579756,,,BOARD_2,1,0,1580.000,1337.000,1712.000,1428.000,132.000,91.000,1580.000,1337.000,1712.000,1428.000,132.000,91.000,1580.000,1337.000,1712.000,1428.000,1646.000,1382.500,132.000,91.000,0,1.000000,47.250000,14.310602,8.113542
1780467795.579756,,,BOARD_2,1,1,1613.000,1325.000,1677.000,1444.000,64.000,119.000,1613.000,1325.000,1677.000,1444.000,64.000,119.000,1613.000,1325.000,1677.000,1444.000,1645.000,1384.500,64.000,119.000,0,1.000000,97.460000,14.306045,8.104375
1780467795.894028,,,BOARD_2,1,0,1613.000,1325.000,1677.000,1444.000,64.000,119.000,1613.000,1325.000,1677.000,1444.000,64.000,119.000,1613.000,1325.000,1677.000,1444.000,1645.000,1384.500,64.000,119.000,0,1.000000,97.460000,14.306045,8.104375
1780467795.894028,,,BOARD_2,1,1,1613.000,1325.000,1677.000,1444.000,64.000,119.000,1613.000,1325.000,1677.000,1444.000,64.000,119.000,1613.000,1325.000,1677.000,1444.000,1645.000,1384.500,64.000,119.000,0,1.000000,97.460000,14.306045,8.104375
1780467796.379796,,,BOARD_2,1,0,1579.000,1340.000,1711.000,1431.000,132.000,91.000,1579.000,1340.000,1711.000,1431.000,132.000,91.000,1579.000,1340.000,1711.000,1431.000,1645.000,1385.500,132.000,91.000,0,1.000000,47.250000,14.306045,8.099792
1780467796.665368,,,BOARD_2,1,0,1585.000,1341.000,1717.000,1432.000,132.000,91.000,1585.000,1341.000,1717.000,1432.000,132.000,91.000,1585.000,1341.000,1717.000,1432.000,1651.000,1386.500,132.000,91.000,0,1.000000,47.250000,14.333389,8.095208
1780467796.977880,,,BOARD_2,1,0,1588.000,1342.000,1720.000,1433.000,132.000,91.000,1588.000,1342.000,1720.000,1433.000,132.000,91.000,1588.000,1342.000,1720.000,1433.000,1654.000,1387.500,132.000,91.000,0,1.000000,47.250000,14.347060,8.090625
1780467797.428284,,,BOARD_2,1,0,1578.000,1349.000,1710.000,1440.000,132.000,91.000,1578.000,1349.000,1710.000,1440.000,132.000,91.000,1578.000,1349.000,1710.000,1440.000,1644.000,1394.500,132.000,91.000,0,1.000000,47.250000,14.301488,8.058542
1780467797.681790,,,BOARD_2,1,0,1578.000,1351.000,1710.000,1442.000,132.000,91.000,1578.000,1351.000,1710.000,1442.000,132.000,91.000,1578.000,1351.000,1710.000,1442.000,1644.000,1396.500,132.000,91.000,0,1.000000,47.250000,14.301488,8.049375
1780467797.681790,,,BOARD_2,1,1,1577.000,1354.000,1709.000,1445.000,132.000,91.000,1577.000,1354.000,1709.000,1445.000,132.000,91.000,1577.000,1354.000,1709.000,1445.000,1643.000,1399.500,132.000,91.000,0,1.000000,47.250000,14.296930,8.035625
1780467798.146721,,,BOARD_2,1,0,1595.000,1355.000,1682.000,1417.000,87.000,62.000,1595.000,1355.000,1682.000,1417.000,87.000,62.000,1595.000,1355.000,1682.000,1417.000,1638.500,1386.000,87.000,62.000,0,1.000000,71.690000,14.276422,8.097500
1780467798.146721,,,BOARD_2,1,1,1594.000,1355.000,1681.000,1417.000,87.000,62.000,1594.000,1355.000,1681.000,1417.000,87.000,62.000,1594.000,1355.000,1681.000,1417.000,1637.500,1386.000,87.000,62.000,0,1.000000,71.690000,14.271865,8.097500
1780467798.463462,,,BOARD_2,1,0,1586.000,1343.000,1718.000,1434.000,132.000,91.000,1586.000,1343.000,1718.000,1434.000,132.000,91.000,1586.000,1343.000,1718.000,1434.000,1652.000,1388.500,132.000,91.000,0,1.000000,47.250000,14.337946,8.086042
1780467798.844636,,,BOARD_2,1,0,1574.000,1400.000,1658.000,1455.000,84.000,55.000,1574.000,1400.000,1658.000,1455.000,84.000,55.000,1574.000,1400.000,1658.000,1455.000,1616.000,1427.500,84.000,55.000,0,1.000000,74.250000,14.173883,7.907292
1780467799.088367,,,BOARD_2,1,0,1556.000,1422.000,1640.000,1477.000,84.000,55.000,1556.000,1422.000,1640.000,1477.000,84.000,55.000,1556.000,1422.000,1640.000,1477.000,1598.000,1449.500,84.000,55.000,0,1.000000,74.250000,14.091852,7.806458
1780467799.088367,,,BOARD_2,1,1,1537.000,1443.000,1621.000,1498.000,84.000,55.000,1537.000,1443.000,1621.000,1498.000,84.000,55.000,1537.000,1443.000,1621.000,1498.000,1579.000,1470.500,84.000,55.000,0,1.000000,74.250000,14.005264,7.710208
1780467799.425604,,,BOARD_2,1,0,1560.000,1465.000,1636.000,1516.000,76.000,51.000,1560.000,1465.000,1636.000,1516.000,76.000,51.000,1560.000,1465.000,1636.000,1516.000,1598.000,1490.500,76.000,51.000,0,1.000000,82.070000,14.091852,7.618542
1780467799.643723,,,BOARD_2,1,0,1548.000,1486.000,1624.000,1537.000,76.000,51.000,1548.000,1486.000,1624.000,1537.000,76.000,51.000,1548.000,1486.000,1624.000,1537.000,1586.000,1511.500,76.000,51.000,0,1.000000,82.070000,14.037165,7.522292
1780467799.643723,,,BOARD_2,1,1,1537.000,1508.000,1613.000,1559.000,76.000,51.000,1537.000,1508.000,1613.000,1559.000,76.000,51.000,1537.000,1508.000,1613.000,1559.000,1575.000,1533.500,76.000,51.000,0,1.000000,82.070000,13.987034,7.421458
1780467799.969299,,,BOARD_2,1,0,1558.000,1514.000,1631.000,1562.000,73.000,48.000,1558.000,1514.000,1631.000,1562.000,73.000,48.000,1558.000,1514.000,1631.000,1562.000,1594.500,1538.000,73.000,48.000,0,1.000000,85.440000,14.075902,7.400833
1780467799.969299,,,BOARD_2,1,1,1552.000,1532.000,1625.000,1580.000,73.000,48.000,1552.000,1532.000,1625.000,1580.000,73.000,48.000,1552.000,1532.000,1625.000,1580.000,1588.500,1556.000,73.000,48.000,0,1.000000,85.440000,14.048558,7.318333
1780467800.181538,,,BOARD_2,1,0,1587.000,1342.000,1719.000,1433.000,132.000,91.000,1587.000,1342.000,1719.000,1433.000,132.000,91.000,1587.000,1342.000,1719.000,1433.000,1653.000,1387.500,132.000,91.000,0,1.000000,47.250000,14.342503,8.090625
1780467800.410786,,,BOARD_2,1,0,1558.000,1514.000,1631.000,1562.000,73.000,48.000,1558.000,1514.000,1631.000,1562.000,73.000,48.000,1558.000,1514.000,1631.000,1562.000,1594.500,1538.000,73.000,48.000,0,1.000000,85.440000,14.075902,7.400833
1780467800.410786,,,BOARD_2,1,1,1587.000,1342.000,1719.000,1433.000,132.000,91.000,1587.000,1342.000,1719.000,1433.000,132.000,91.000,1587.000,1342.000,1719.000,1433.000,1653.000,1387.500,132.000,91.000,0,1.000000,47.250000,14.342503,8.090625
1780467800.410786,,,BOARD_2,1,2,1555.000,1522.000,1628.000,1570.000,73.000,48.000,1555.000,1522.000,1628.000,1570.000,73.000,48.000,1555.000,1522.000,1628.000,1570.000,1591.500,1546.000,73.000,48.000,0,1.000000,85.440000,14.062230,7.364167
1780467800.410786,,,BOARD_2,1,3,1587.000,1342.000,1719.000,1433.000,132.000,91.000,1587.000,1342.000,1719.000,1433.000,132.000,91.000,1587.000,1342.000,1719.000,1433.000,1653.000,1387.500,132.000,91.000,0,1.000000,47.250000,14.342503,8.090625
1780467800.623471,,,BOARD_2,1,0,1610.000,1331.000,1674.000,1451.000,64.000,120.000,1610.000,1331.000,1674.000,1451.000,64.000,120.000,1610.000,1331.000,1674.000,1451.000,1642.000,1391.000,64.000,120.000,0,1.000000,97.460000,14.292373,8.074583
1780467800.841032,,,BOARD_2,1,0,1551.000,1548.000,1685.000,1624.000,134.000,76.000,1551.000,1548.000,1685.000,1624.000,134.000,76.000,1551.000,1548.000,1685.000,1624.000,1618.000,1586.000,134.000,76.000,0,1.000000,46.550000,14.182998,7.180833
1780467800.841032,,,BOARD_2,1,1,1608.000,1332.000,1672.000,1452.000,64.000,120.000,1608.000,1332.000,1672.000,1452.000,64.000,120.000,1608.000,1332.000,1672.000,1452.000,1640.000,1392.000,64.000,120.000,0,1.000000,97.460000,14.283258,8.070000
1780467801.323700,,,BOARD_2,1,0,1564.000,1574.000,1691.000,1622.000,127.000,48.000,1564.000,1574.000,1691.000,1622.000,127.000,48.000,1564.000,1574.000,1691.000,1622.000,1627.500,1598.000,127.000,48.000,0,1.000000,49.110000,14.226292,7.125833
1780467801.323700,,,BOARD_2,1,1,1507.000,1352.000,1755.000,1532.000,248.000,180.000,1507.000,1352.000,1755.000,1532.000,248.000,180.000,1507.000,1352.000,1755.000,1532.000,1631.000,1442.000,248.000,180.000,0,1.000000,25.150000,14.242243,7.840833
1780467801.982417,,,BOARD_2,1,0,1588.000,1574.000,1690.000,1632.000,102.000,58.000,1588.000,1574.000,1690.000,1632.000,102.000,58.000,1588.000,1574.000,1690.000,1632.000,1639.000,1603.000,102.000,58.000,0,1.000000,61.150000,14.278701,7.102917
1780467801.982417,,,BOARD_2,1,1,1577.000,1436.000,1641.000,1556.000,64.000,120.000,1577.000,1436.000,1641.000,1556.000,64.000,120.000,1577.000,1436.000,1641.000,1556.000,1609.000,1496.000,64.000,120.000,0,1.000000,97.460000,14.141982,7.593333
1780467802.584423,,,BOARD_2,1,0,1605.000,1566.000,1685.000,1650.000,80.000,84.000,1605.000,1566.000,1685.000,1650.000,80.000,84.000,1605.000,1566.000,1685.000,1650.000,1645.000,1608.000,80.000,84.000,0,1.000000,77.970000,14.306045,7.080000
1780467803.056361,,,BOARD_2,1,0,1608.000,1578.000,1684.000,1654.000,76.000,76.000,1608.000,1578.000,1684.000,1654.000,76.000,76.000,1608.000,1578.000,1684.000,1654.000,1646.000,1616.000,76.000,76.000,0,1.000000,82.070000,14.310602,7.043333
1780467803.488178,,,BOARD_2,1,0,1607.000,1581.000,1687.000,1650.000,80.000,69.000,1607.000,1581.000,1687.000,1650.000,80.000,69.000,1607.000,1581.000,1687.000,1650.000,1647.000,1615.500,80.000,69.000,0,1.000000,77.970000,14.315159,7.045625
1780467803.989274,,,BOARD_2,1,0,1603.000,1572.000,1643.000,1623.000,40.000,51.000,1603.000,1572.000,1643.000,1623.000,40.000,51.000,1603.000,1572.000,1643.000,1623.000,1623.000,1597.500,40.000,51.000,0,1.000000,155.930000,14.205784,7.128125
1780467804.407923,,,BOARD_2,1,0,1614.000,1558.000,1690.000,1616.000,76.000,58.000,1614.000,1558.000,1690.000,1616.000,76.000,58.000,1614.000,1558.000,1690.000,1616.000,1652.000,1587.000,76.000,58.000,0,1.000000,82.070000,14.337946,7.176250
1780467804.861287,,,BOARD_2,1,0,1614.000,1549.000,1690.000,1618.000,76.000,69.000,1614.000,1549.000,1690.000,1618.000,76.000,69.000,1614.000,1549.000,1690.000,1618.000,1652.000,1583.500,76.000,69.000,0,1.000000,82.070000,14.337946,7.192292
1780467805.298371,,,BOARD_2,1,0,1628.000,1584.000,1668.000,1635.000,40.000,51.000,1628.000,1584.000,1668.000,1635.000,40.000,51.000,1628.000,1584.000,1668.000,1635.000,1648.000,1609.500,40.000,51.000,0,1.000000,155.930000,14.319717,7.073125
1780467805.779480,,,BOARD_2,1,0,1631.000,1589.000,1671.000,1640.000,40.000,51.000,1631.000,1589.000,1671.000,1640.000,40.000,51.000,1631.000,1589.000,1671.000,1640.000,1651.000,1614.500,40.000,51.000,0,1.000000,155.930000,14.333389,7.050208
1780467806.087589,,,BOARD_2,1,0,1596.000,1551.000,1728.000,1642.000,132.000,91.000,1596.000,1551.000,1728.000,1642.000,132.000,91.000,1596.000,1551.000,1728.000,1642.000,1662.000,1596.500,132.000,91.000,0,1.000000,47.250000,14.383519,7.132708
1780467806.087589,,,BOARD_2,1,1,1602.000,1542.000,1734.000,1633.000,132.000,91.000,1602.000,1542.000,1734.000,1633.000,132.000,91.000,1602.000,1542.000,1734.000,1633.000,1668.000,1587.500,132.000,91.000,0,1.000000,47.250000,14.410863,7.173958
1780467806.502951,,,BOARD_2,1,0,1614.000,1518.000,1690.000,1584.000,76.000,66.000,1614.000,1518.000,1690.000,1584.000,76.000,66.000,1614.000,1518.000,1690.000,1584.000,1652.000,1551.000,76.000,66.000,0,1.000000,82.070000,14.337946,7.341250
1780467806.502951,,,BOARD_2,1,1,1614.000,1502.000,1690.000,1568.000,76.000,66.000,1614.000,1502.000,1690.000,1568.000,76.000,66.000,1614.000,1502.000,1690.000,1568.000,1652.000,1535.000,76.000,66.000,0,1.000000,82.070000,14.337946,7.414583
1780467807.384166,,,BOARD_2,1,0,1552.000,1469.000,1800.000,1648.000,248.000,179.000,1552.000,1469.000,1800.000,1648.000,248.000,179.000,1552.000,1469.000,1800.000,1648.000,1676.000,1558.500,248.000,179.000,0,1.000000,25.150000,14.447321,7.306875
1780467807.384166,,,BOARD_3,0,1,1722.000,370.000,1770.000,410.000,48.000,40.000,1722.000,370.000,1770.000,410.000,48.000,40.000,1722.000,370.000,1770.000,410.000,1746.000,390.000,48.000,40.000,0,1.000000,129.940000,31.194031,22.162500
1780467809.332959,,,BOARD_2,4,0,823.000,1213.000,1059.000,1689.000,236.000,476.000,823.000,1213.000,1059.000,1689.000,236.000,476.000,823.000,1213.000,1059.000,1689.000,941.000,1451.000,236.000,476.000,0,1.000000,26.430000,337.908711,7.799583
1780467809.840668,,,BOARD_2,4,0,901.000,1439.000,937.000,1475.000,36.000,36.000,901.000,1439.000,937.000,1475.000,36.000,36.000,901.000,1439.000,937.000,1475.000,919.000,1457.000,36.000,36.000,0,1.000000,173.260000,337.808451,7.772083
1780467809.840668,,,BOARD_2,4,1,889.000,1442.000,925.000,1478.000,36.000,36.000,889.000,1442.000,925.000,1478.000,36.000,36.000,889.000,1442.000,925.000,1478.000,907.000,1460.000,36.000,36.000,0,1.000000,173.260000,337.753764,7.758333
1780467810.121172,,,BOARD_2,4,0,877.000,1445.000,913.000,1481.000,36.000,36.000,877.000,1445.000,913.000,1481.000,36.000,36.000,877.000,1445.000,913.000,1481.000,895.000,1463.000,36.000,36.000,0,1.000000,173.260000,337.699076,7.744583
1780467810.436189,,,BOARD_2,4,0,931.000,1411.000,967.000,1447.000,36.000,36.000,931.000,1411.000,967.000,1447.000,36.000,36.000,931.000,1411.000,967.000,1447.000,949.000,1429.000,36.000,36.000,0,1.000000,173.260000,337.945170,7.900417
1780467811.435374,,,BOARD_3,4,0,1534.000,126.000,1782.000,306.000,248.000,180.000,1534.000,126.000,1782.000,306.000,248.000,180.000,1534.000,126.000,1782.000,306.000,1658.000,216.000,248.000,180.000,0,1.000000,25.150000,321.559090,22.960000
1780467813.233860,,,BOARD_5,2,0,1935.000,793.000,2183.000,973.000,248.000,180.000,1935.000,793.000,2183.000,973.000,248.000,180.000,1935.000,793.000,2183.000,973.000,2059.000,883.000,248.000,180.000,0,1.000000,25.150000,1.403764,38.902917
1780467813.479885,,,BOARD_5,2,0,1941.000,796.000,2189.000,976.000,248.000,180.000,1941.000,796.000,2189.000,976.000,248.000,180.000,1941.000,796.000,2189.000,976.000,2065.000,886.000,248.000,180.000,0,1.000000,25.150000,1.431107,38.889167
1780467813.934910,,,BOARD_5,2,0,3059.000,1537.000,3191.000,1629.000,132.000,92.000,3059.000,1537.000,3191.000,1629.000,132.000,92.000,3059.000,1537.000,3191.000,1629.000,3125.000,1583.000,132.000,92.000,0,1.000000,47.250000,6.261836,35.694583
1780467814.342772,,,BOARD_2,2,0,2628.000,1050.000,2692.000,1170.000,64.000,120.000,2628.000,1050.000,2692.000,1170.000,64.000,120.000,2628.000,1050.000,2692.000,1170.000,2660.000,1110.000,64.000,120.000,0,1.000000,97.460000,3.448296,9.362500
1780467814.633355,,,BOARD_2,2,0,2632.000,1082.000,2680.000,1130.000,48.000,48.000,2632.000,1082.000,2680.000,1130.000,48.000,48.000,2632.000,1082.000,2680.000,1130.000,2656.000,1106.000,48.000,48.000,0,1.000000,129.940000,3.430067,9.380833
1780467814.633355,,,BOARD_2,1,1,1464.000,2026.000,1503.000,2077.000,39.000,51.000,1464.000,2026.000,1503.000,2077.000,39.000,51.000,1464.000,2026.000,1503.000,2077.000,1483.500,2051.500,39.000,51.000,0,1.000000,159.930000,13.570042,5.047292
1780467814.633355,,,BOARD_2,2,2,2630.000,1080.000,2678.000,1128.000,48.000,48.000,2630.000,1080.000,2678.000,1128.000,48.000,48.000,2630.000,1080.000,2678.000,1128.000,2654.000,1104.000,48.000,48.000,0,1.000000,129.940000,3.420952,9.390000
1780467814.857794,,,BOARD_2,2,0,2629.000,1079.000,2677.000,1127.000,48.000,48.000,2629.000,1079.000,2677.000,1127.000,48.000,48.000,2629.000,1079.000,2677.000,1127.000,2653.000,1103.000,48.000,48.000,0,1.000000,129.940000,3.416395,9.394583
1780467814.857794,,,BOARD_3,0,1,337.000,1332.000,381.000,1372.000,44.000,40.000,337.000,1332.000,381.000,1372.000,44.000,40.000,337.000,1332.000,381.000,1372.000,359.000,1352.000,44.000,40.000,0,1.000000,141.760000,24.873068,17.753333
1780467814.857794,,,BOARD_3,0,2,333.000,1335.000,377.000,1375.000,44.000,40.000,333.000,1335.000,377.000,1375.000,44.000,40.000,333.000,1335.000,377.000,1375.000,355.000,1355.000,44.000,40.000,0,1.000000,141.760000,24.854839,17.739583
1780467815.210639,,,BOARD_2,1,0,1649.000,1559.000,1689.000,1610.000,40.000,51.000,1649.000,1559.000,1689.000,1610.000,40.000,51.000,1649.000,1559.000,1689.000,1610.000,1669.000,1584.500,40.000,51.000,0,1.000000,155.930000,14.415420,7.187708
1780467815.210639,,,BOARD_2,2,1,208.000,438.000,248.000,489.000,40.000,51.000,208.000,438.000,248.000,489.000,40.000,51.000,208.000,438.000,248.000,489.000,228.000,463.500,40.000,51.000,0,1.000000,155.930000,352.364962,12.325625
1780467816.500686,,,BOARD_3,0,0,2164.000,1565.000,2204.000,1616.000,40.000,51.000,2164.000,1565.000,2204.000,1616.000,40.000,51.000,2164.000,1565.000,2204.000,1616.000,2184.000,1590.500,40.000,51.000,0,1.000000,155.930000,33.190125,16.660208
1780467816.500686,,,BOARD_3,0,1,2171.000,1567.000,2211.000,1618.000,40.000,51.000,2171.000,1567.000,2211.000,1618.000,40.000,51.000,2171.000,1567.000,2211.000,1618.000,2191.000,1592.500,40.000,51.000,0,1.000000,155.930000,33.222026,16.651042
1780467816.832018,,,BOARD_3,0,0,2148.000,1568.000,2196.000,1605.000,48.000,37.000,2148.000,1568.000,2196.000,1605.000,48.000,37.000,2148.000,1568.000,2196.000,1605.000,2172.000,1586.500,48.000,37.000,0,1.000000,129.940000,33.135437,16.678542
1780467816.832018,,,BOARD_3,0,1,2148.000,1568.000,2196.000,1605.000,48.000,37.000,2148.000,1568.000,2196.000,1605.000,48.000,37.000,2148.000,1568.000,2196.000,1605.000,2172.000,1586.500,48.000,37.000,0,1.000000,129.940000,33.135437,16.678542
1780467817.042378,,,BOARD_2,0,0,813.000,360.000,852.000,411.000,39.000,51.000,813.000,360.000,852.000,411.000,39.000,51.000,813.000,360.000,852.000,411.000,832.500,385.500,39.000,51.000,0,1.000000,159.930000,29.352545,12.683125
1780467817.042378,,,BOARD_3,0,1,2147.000,1568.000,2195.000,1605.000,48.000,37.000,2147.000,1568.000,2195.000,1605.000,48.000,37.000,2147.000,1568.000,2195.000,1605.000,2171.000,1586.500,48.000,37.000,0,1.000000,129.940000,33.130880,16.678542
1780467817.042378,,,BOARD_2,0,2,815.000,362.000,854.000,413.000,39.000,51.000,815.000,362.000,854.000,413.000,39.000,51.000,815.000,362.000,854.000,413.000,834.500,387.500,39.000,51.000,0,1.000000,159.930000,29.361660,12.673958
1780467817.491129,,,BOARD_2,0,0,810.000,362.000,847.000,398.000,37.000,36.000,810.000,362.000,847.000,398.000,37.000,36.000,810.000,362.000,847.000,398.000,828.500,380.000,37.000,36.000,0,1.000000,168.570000,29.334316,12.708333
1780467817.491129,,,BOARD_2,0,1,810.000,361.000,847.000,397.000,37.000,36.000,810.000,361.000,847.000,397.000,37.000,36.000,810.000,361.000,847.000,397.000,828.500,379.000,37.000,36.000,0,1.000000,168.570000,29.334316,12.712917
1780467817.738689,,,BOARD_2,0,0,810.000,361.000,847.000,397.000,37.000,36.000,810.000,361.000,847.000,397.000,37.000,36.000,810.000,361.000,847.000,397.000,828.500,379.000,37.000,36.000,0,1.000000,168.570000,29.334316,12.712917
1780467818.457680,,,BOARD_2,1,0,1674.000,1438.000,1738.000,1557.000,64.000,119.000,1674.000,1438.000,1738.000,1557.000,64.000,119.000,1674.000,1438.000,1738.000,1557.000,1706.000,1497.500,64.000,119.000,0,1.000000,97.460000,14.584040,7.586458
1780467818.738149,,,BOARD_2,0,0,1530.000,-14.000,1570.000,37.000,40.000,51.000,1530.000,0.000,1570.000,37.000,40.000,37.000,1530.000,0.000,1570.000,37.000,1550.000,18.500,40.000,37.000,1,0.725490,155.930000,32.622402,14.365208
1780467818.986741,,,BOARD_2,0,0,1531.000,-14.000,1571.000,37.000,40.000,51.000,1531.000,0.000,1571.000,37.000,40.000,37.000,1531.000,0.000,1571.000,37.000,1551.000,18.500,40.000,37.000,1,0.725490,155.930000,32.626959,14.365208
1780467819.442040,,,BOARD_2,1,0,1992.000,356.000,2124.000,447.000,132.000,91.000,1992.000,356.000,2124.000,447.000,132.000,91.000,1992.000,356.000,2124.000,447.000,2058.000,401.500,132.000,91.000,0,1.000000,47.250000,16.188206,12.609792
1780467819.442040,,,BOARD_2,1,1,1994.000,357.000,2126.000,448.000,132.000,91.000,1994.000,357.000,2126.000,448.000,132.000,91.000,1994.000,357.000,2126.000,448.000,2060.000,402.500,132.000,91.000,0,1.000000,47.250000,16.197321,12.605208
1780467820.508356,,,BOARD_2,1,0,2556.000,984.000,2596.000,1035.000,40.000,51.000,2556.000,984.000,2596.000,1035.000,40.000,51.000,2556.000,984.000,2596.000,1035.000,2576.000,1009.500,40.000,51.000,0,1.000000,155.930000,18.548883,9.823125
1780467820.508356,,,BOARD_2,1,1,2558.000,985.000,2598.000,1036.000,40.000,51.000,2558.000,985.000,2598.000,1036.000,40.000,51.000,2558.000,985.000,2598.000,1036.000,2578.000,1010.500,40.000,51.000,0,1.000000,155.930000,18.557998,9.818542
1780467821.066322,,,BOARD_2,1,0,1670.000,1514.000,1743.000,1551.000,73.000,37.000,1670.000,1514.000,1743.000,1551.000,73.000,37.000,1670.000,1514.000,1743.000,1551.000,1706.500,1532.500,73.000,37.000,0,1.000000,85.440000,14.586318,7.426042
1780467821.582616,,,BOARD_2,1,0,1668.000,1516.000,1741.000,1552.000,73.000,36.000,1668.000,1516.000,1741.000,1552.000,73.000,36.000,1668.000,1516.000,1741.000,1552.000,1704.500,1534.000,73.000,36.000,0,1.000000,85.440000,14.577204,7.419167
1780467821.793166,,,BOARD_2,1,0,1667.000,1516.000,1740.000,1552.000,73.000,36.000,1667.000,1516.000,1740.000,1552.000,73.000,36.000,1667.000,1516.000,1740.000,1552.000,1703.500,1534.000,73.000,36.000,0,1.000000,85.440000,14.572646,7.419167
1780467822.146718,,,BOARD_2,1,0,1670.000,1516.000,1736.000,1552.000,66.000,36.000,1670.000,1516.000,1736.000,1552.000,66.000,36.000,1670.000,1516.000,1736.000,1552.000,1703.000,1534.000,66.000,36.000,0,1.000000,94.500000,14.570368,7.419167
1780467822.146718,,,BOARD_2,1,1,1669.000,1516.000,1735.000,1552.000,66.000,36.000,1669.000,1516.000,1735.000,1552.000,66.000,36.000,1669.000,1516.000,1735.000,1552.000,1702.000,1534.000,66.000,36.000,0,1.000000,94.500000,14.565810,7.419167
1780467822.404593,,,BOARD_2,1,0,1694.000,1512.000,1734.000,1563.000,40.000,51.000,1694.000,1512.000,1734.000,1563.000,40.000,51.000,1694.000,1512.000,1734.000,1563.000,1714.000,1537.500,40.000,51.000,0,1.000000,155.930000,14.620498,7.403125
1780467822.794785,,,BOARD_2,1,0,1697.000,1515.000,1733.000,1551.000,36.000,36.000,1697.000,1515.000,1733.000,1551.000,36.000,36.000,1697.000,1515.000,1733.000,1551.000,1715.000,1533.000,36.000,36.000,0,1.000000,173.260000,14.625055,7.423750
1780467822.794785,,,BOARD_2,1,1,1699.000,1513.000,1735.000,1549.000,36.000,36.000,1699.000,1513.000,1735.000,1549.000,36.000,36.000,1699.000,1513.000,1735.000,1549.000,1717.000,1531.000,36.000,36.000,0,1.000000,173.260000,14.634170,7.432917
1780467823.004010,,,BOARD_2,1,0,1691.000,1519.000,1731.000,1570.000,40.000,51.000,1691.000,1519.000,1731.000,1570.000,40.000,51.000,1691.000,1519.000,1731.000,1570.000,1711.000,1544.500,40.000,51.000,0,1.000000,155.930000,14.606826,7.371042
1780467823.239213,,,BOARD_2,1,0,1679.000,1516.000,1723.000,1552.000,44.000,36.000,1679.000,1516.000,1723.000,1552.000,44.000,36.000,1679.000,1516.000,1723.000,1552.000,1701.000,1534.000,44.000,36.000,0,1.000000,141.760000,14.561253,7.419167
1780467823.239213,,,BOARD_2,1,1,1673.000,1511.000,1717.000,1547.000,44.000,36.000,1673.000,1511.000,1717.000,1547.000,44.000,36.000,1673.000,1511.000,1717.000,1547.000,1695.000,1529.000,44.000,36.000,0,1.000000,141.760000,14.533909,7.442083
1780467823.468832,,,BOARD_2,1,0,1668.000,1506.000,1712.000,1542.000,44.000,36.000,1668.000,1506.000,1712.000,1542.000,44.000,36.000,1668.000,1506.000,1712.000,1542.000,1690.000,1524.000,44.000,36.000,0,1.000000,141.760000,14.511123,7.465000
1780467823.739216,,,BOARD_2,1,0,1680.000,1515.000,1717.000,1551.000,37.000,36.000,1680.000,1515.000,1717.000,1551.000,37.000,36.000,1680.000,1515.000,1717.000,1551.000,1698.500,1533.000,37.000,36.000,0,1.000000,168.570000,14.549860,7.423750
1780467823.739216,,,BOARD_2,1,1,1689.000,1512.000,1729.000,1563.000,40.000,51.000,1689.000,1512.000,1729.000,1563.000,40.000,51.000,1689.000,1512.000,1729.000,1563.000,1709.000,1537.500,40.000,51.000,0,1.000000,155.930000,14.597711,7.403125
1780467823.984552,,,BOARD_2,1,0,1693.000,1513.000,1733.000,1564.000,40.000,51.000,1693.000,1513.000,1733.000,1564.000,40.000,51.000,1693.000,1513.000,1733.000,1564.000,1713.000,1538.500,40.000,51.000,0,1.000000,155.930000,14.615941,7.398542
1780467824.270567,,,BOARD_2,1,0,1684.000,1517.000,1720.000,1553.000,36.000,36.000,1684.000,1517.000,1720.000,1553.000,36.000,36.000,1684.000,1517.000,1720.000,1553.000,1702.000,1535.000,36.000,36.000,0,1.000000,173.260000,14.565810,7.414583
1780467824.270567,,,BOARD_2,1,1,1684.000,1517.000,1720.000,1553.000,36.000,36.000,1684.000,1517.000,1720.000,1553.000,36.000,36.000,1684.000,1517.000,1720.000,1553.000,1702.000,1535.000,36.000,36.000,0,1.000000,173.260000,14.565810,7.414583
1780467824.504448,,,BOARD_2,1,0,1684.000,1517.000,1720.000,1553.000,36.000,36.000,1684.000,1517.000,1720.000,1553.000,36.000,36.000,1684.000,1517.000,1720.000,1553.000,1702.000,1535.000,36.000,36.000,0,1.000000,173.260000,14.565810,7.414583
1780467824.900153,,,BOARD_2,1,0,1678.000,1515.000,1726.000,1551.000,48.000,36.000,1678.000,1515.000,1726.000,1551.000,48.000,36.000,1678.000,1515.000,1726.000,1551.000,1702.000,1533.000,48.000,36.000,0,1.000000,129.940000,14.565810,7.423750
1780467824.900153,,,BOARD_2,1,1,1678.000,1515.000,1726.000,1551.000,48.000,36.000,1678.000,1515.000,1726.000,1551.000,48.000,36.000,1678.000,1515.000,1726.000,1551.000,1702.000,1533.000,48.000,36.000,0,1.000000,129.940000,14.565810,7.423750
1780467825.211759,,,BOARD_2,1,0,1678.000,1514.000,1726.000,1550.000,48.000,36.000,1678.000,1514.000,1726.000,1550.000,48.000,36.000,1678.000,1514.000,1726.000,1550.000,1702.000,1532.000,48.000,36.000,0,1.000000,129.940000,14.565810,7.428333
1780467825.437961,,,BOARD_2,1,0,1677.000,1514.000,1728.000,1550.000,51.000,36.000,1677.000,1514.000,1728.000,1550.000,51.000,36.000,1677.000,1514.000,1728.000,1550.000,1702.500,1532.000,51.000,36.000,0,1.000000,122.300000,14.568089,7.428333
1780467825.437961,,,BOARD_2,1,1,1691.000,1519.000,1731.000,1570.000,40.000,51.000,1691.000,1519.000,1731.000,1570.000,40.000,51.000,1691.000,1519.000,1731.000,1570.000,1711.000,1544.500,40.000,51.000,0,1.000000,155.930000,14.606826,7.371042
1780467825.694441,,,BOARD_2,1,0,1696.000,1526.000,1736.000,1577.000,40.000,51.000,1696.000,1526.000,1736.000,1577.000,40.000,51.000,1696.000,1526.000,1736.000,1577.000,1716.000,1551.500,40.000,51.000,0,1.000000,155.930000,14.629613,7.338958
1780467825.939316,,,BOARD_2,1,0,1671.000,1514.000,1733.000,1550.000,62.000,36.000,1671.000,1514.000,1733.000,1550.000,62.000,36.000,1671.000,1514.000,1733.000,1550.000,1702.000,1532.000,62.000,36.000,0,1.000000,100.600000,14.565810,7.428333
1780467826.152814,,,BOARD_2,1,0,1671.000,1514.000,1733.000,1550.000,62.000,36.000,1671.000,1514.000,1733.000,1550.000,62.000,36.000,1671.000,1514.000,1733.000,1550.000,1702.000,1532.000,62.000,36.000,0,1.000000,100.600000,14.565810,7.428333
1780467826.152814,,,BOARD_2,1,1,1670.000,1513.000,1732.000,1549.000,62.000,36.000,1670.000,1513.000,1732.000,1549.000,62.000,36.000,1670.000,1513.000,1732.000,1549.000,1701.000,1531.000,62.000,36.000,0,1.000000,100.600000,14.561253,7.432917
1780467826.509098,,,BOARD_2,1,0,1691.000,1519.000,1731.000,1570.000,40.000,51.000,1691.000,1519.000,1731.000,1570.000,40.000,51.000,1691.000,1519.000,1731.000,1570.000,1711.000,1544.500,40.000,51.000,0,1.000000,155.930000,14.606826,7.371042
1780467826.509098,,,BOARD_2,1,1,1692.000,1521.000,1732.000,1572.000,40.000,51.000,1692.000,1521.000,1732.000,1572.000,40.000,51.000,1692.000,1521.000,1732.000,1572.000,1712.000,1546.500,40.000,51.000,0,1.000000,155.930000,14.611383,7.361875
1780467826.748706,,,BOARD_2,1,0,1694.000,1523.000,1734.000,1574.000,40.000,51.000,1694.000,1523.000,1734.000,1574.000,40.000,51.000,1694.000,1523.000,1734.000,1574.000,1714.000,1548.500,40.000,51.000,0,1.000000,155.930000,14.620498,7.352708
1780467826.977498,,,BOARD_2,1,0,1684.000,1514.000,1732.000,1550.000,48.000,36.000,1684.000,1514.000,1732.000,1550.000,48.000,36.000,1684.000,1514.000,1732.000,1550.000,1708.000,1532.000,48.000,36.000,0,1.000000,129.940000,14.593154,7.428333
1780467826.977498,,,BOARD_2,1,1,1684.000,1513.000,1732.000,1549.000,48.000,36.000,1684.000,1513.000,1732.000,1549.000,48.000,36.000,1684.000,1513.000,1732.000,1549.000,1708.000,1531.000,48.000,36.000,0,1.000000,129.940000,14.593154,7.432917
1780467827.439179,,,BOARD_2,1,0,1676.000,1514.000,1731.000,1550.000,55.000,36.000,1676.000,1514.000,1731.000,1550.000,55.000,36.000,1676.000,1514.000,1731.000,1550.000,1703.500,1532.000,55.000,36.000,0,1.000000,113.400000,14.572646,7.428333
1780467827.439179,,,BOARD_2,1,1,1686.000,1513.000,1726.000,1564.000,40.000,51.000,1686.000,1513.000,1726.000,1564.000,40.000,51.000,1686.000,1513.000,1726.000,1564.000,1706.000,1538.500,40.000,51.000,0,1.000000,155.930000,14.584040,7.398542
1780467827.838713,,,BOARD_2,1,0,1687.000,1516.000,1727.000,1567.000,40.000,51.000,1687.000,1516.000,1727.000,1567.000,40.000,51.000,1687.000,1516.000,1727.000,1567.000,1707.000,1541.500,40.000,51.000,0,1.000000,155.930000,14.588597,7.384792
1780467828.173536,,,BOARD_2,1,0,1686.000,1515.000,1722.000,1551.000,36.000,36.000,1686.000,1515.000,1722.000,1551.000,36.000,36.000,1686.000,1515.000,1722.000,1551.000,1704.000,1533.000,36.000,36.000,0,1.000000,173.260000,14.574925,7.423750
1780467828.173536,,,BOARD_2,1,1,1686.000,1515.000,1722.000,1551.000,36.000,36.000,1686.000,1515.000,1722.000,1551.000,36.000,36.000,1686.000,1515.000,1722.000,1551.000,1704.000,1533.000,36.000,36.000,0,1.000000,173.260000,14.574925,7.423750
1780467828.386081,,,BOARD_2,1,0,1686.000,1515.000,1722.000,1551.000,36.000,36.000,1686.000,1515.000,1722.000,1551.000,36.000,36.000,1686.000,1515.000,1722.000,1551.000,1704.000,1533.000,36.000,36.000,0,1.000000,173.260000,14.574925,7.423750
1780467828.662104,,,BOARD_2,1,0,1688.000,1515.000,1724.000,1551.000,36.000,36.000,1688.000,1515.000,1724.000,1551.000,36.000,36.000,1688.000,1515.000,1724.000,1551.000,1706.000,1533.000,36.000,36.000,0,1.000000,173.260000,14.584040,7.423750
1780467828.662104,,,BOARD_2,1,1,1686.000,1511.000,1726.000,1562.000,40.000,51.000,1686.000,1511.000,1726.000,1562.000,40.000,51.000,1686.000,1511.000,1726.000,1562.000,1706.000,1536.500,40.000,51.000,0,1.000000,155.930000,14.584040,7.407708
1780467828.911897,,,BOARD_2,1,0,1686.000,1513.000,1726.000,1564.000,40.000,51.000,1686.000,1513.000,1726.000,1564.000,40.000,51.000,1686.000,1513.000,1726.000,1564.000,1706.000,1538.500,40.000,51.000,0,1.000000,155.930000,14.584040,7.398542
1780467829.334258,,,BOARD_2,1,0,1687.000,1510.000,1727.000,1561.000,40.000,51.000,1687.000,1510.000,1727.000,1561.000,40.000,51.000,1687.000,1510.000,1727.000,1561.000,1707.000,1535.500,40.000,51.000,0,1.000000,155.930000,14.588597,7.412292
1780467829.334258,,,BOARD_2,1,1,1687.000,1511.000,1727.000,1562.000,40.000,51.000,1687.000,1511.000,1727.000,1562.000,40.000,51.000,1687.000,1511.000,1727.000,1562.000,1707.000,1536.500,40.000,51.000,0,1.000000,155.930000,14.588597,7.407708
1780467829.575718,,,BOARD_2,1,0,1688.000,1511.000,1728.000,1562.000,40.000,51.000,1688.000,1511.000,1728.000,1562.000,40.000,51.000,1688.000,1511.000,1728.000,1562.000,1708.000,1536.500,40.000,51.000,0,1.000000,155.930000,14.593154,7.407708
1780467829.886402,,,BOARD_2,1,0,1688.000,1514.000,1728.000,1550.000,40.000,36.000,1688.000,1514.000,1728.000,1550.000,40.000,36.000,1688.000,1514.000,1728.000,1550.000,1708.000,1532.000,40.000,36.000,0,1.000000,155.930000,14.593154,7.428333
1780467829.886402,,,BOARD_2,1,1,1688.000,1514.000,1728.000,1550.000,40.000,36.000,1688.000,1514.000,1728.000,1550.000,40.000,36.000,1688.000,1514.000,1728.000,1550.000,1708.000,1532.000,40.000,36.000,0,1.000000,155.930000,14.593154,7.428333
1780467830.165531,,,BOARD_2,1,0,1689.000,1513.000,1729.000,1549.000,40.000,36.000,1689.000,1513.000,1729.000,1549.000,40.000,36.000,1689.000,1513.000,1729.000,1549.000,1709.000,1531.000,40.000,36.000,0,1.000000,155.930000,14.597711,7.432917
1780467830.436606,,,BOARD_2,1,0,1694.000,1510.000,1734.000,1561.000,40.000,51.000,1694.000,1510.000,1734.000,1561.000,40.000,51.000,1694.000,1510.000,1734.000,1561.000,1714.000,1535.500,40.000,51.000,0,1.000000,155.930000,14.620498,7.412292
1780467830.436606,,,BOARD_2,1,1,1695.000,1510.000,1735.000,1561.000,40.000,51.000,1695.000,1510.000,1735.000,1561.000,40.000,51.000,1695.000,1510.000,1735.000,1561.000,1715.000,1535.500,40.000,51.000,0,1.000000,155.930000,14.625055,7.412292
1780467830.687177,,,BOARD_2,1,0,1688.000,1510.000,1728.000,1561.000,40.000,51.000,1688.000,1510.000,1728.000,1561.000,40.000,51.000,1688.000,1510.000,1728.000,1561.000,1708.000,1535.500,40.000,51.000,0,1.000000,155.930000,14.593154,7.412292
1780467831.058011,,,BOARD_2,1,0,1670.000,1514.000,1736.000,1550.000,66.000,36.000,1670.000,1514.000,1736.000,1550.000,66.000,36.000,1670.000,1514.000,1736.000,1550.000,1703.000,1532.000,66.000,36.000,0,1.000000,94.500000,14.570368,7.428333
1780467831.058011,,,BOARD_2,1,1,1688.000,1511.000,1728.000,1562.000,40.000,51.000,1688.000,1511.000,1728.000,1562.000,40.000,51.000,1688.000,1511.000,1728.000,1562.000,1708.000,1536.500,40.000,51.000,0,1.000000,155.930000,14.593154,7.407708
1780467831.058011,,,BOARD_2,4,2,899.000,1431.000,935.000,1467.000,36.000,36.000,899.000,1431.000,935.000,1467.000,36.000,36.000,899.000,1431.000,935.000,1467.000,917.000,1449.000,36.000,36.000,0,1.000000,173.260000,337.799336,7.808750
1780467831.325916,,,BOARD_2,1,0,1689.000,1513.000,1729.000,1564.000,40.000,51.000,1689.000,1513.000,1729.000,1564.000,40.000,51.000,1689.000,1513.000,1729.000,1564.000,1709.000,1538.500,40.000,51.000,0,1.000000,155.930000,14.597711,7.398542
1780467831.530264,,,BOARD_2,1,0,1672.000,1513.000,1727.000,1549.000,55.000,36.000,1672.000,1513.000,1727.000,1549.000,55.000,36.000,1672.000,1513.000,1727.000,1549.000,1699.500,1531.000,55.000,36.000,0,1.000000,113.400000,14.554417,7.432917
1780467831.530264,,,BOARD_2,1,1,1670.000,1512.000,1725.000,1548.000,55.000,36.000,1670.000,1512.000,1725.000,1548.000,55.000,36.000,1670.000,1512.000,1725.000,1548.000,1697.500,1530.000,55.000,36.000,0,1.000000,113.400000,14.545303,7.437500
1780467831.747983,,,BOARD_2,1,0,1668.000,1511.000,1723.000,1547.000,55.000,36.000,1668.000,1511.000,1723.000,1547.000,55.000,36.000,1668.000,1511.000,1723.000,1547.000,1695.500,1529.000,55.000,36.000,0,1.000000,113.400000,14.536188,7.442083
1780467831.747983,,,BOARD_2,4,1,893.000,1421.000,929.000,1457.000,36.000,36.000,893.000,1421.000,929.000,1457.000,36.000,36.000,893.000,1421.000,929.000,1457.000,911.000,1439.000,36.000,36.000,0,1.000000,173.260000,337.771993,7.854583
1780467832.045079,,,BOARD_2,1,0,1690.000,1511.000,1730.000,1562.000,40.000,51.000,1690.000,1511.000,1730.000,1562.000,40.000,51.000,1690.000,1511.000,1730.000,1562.000,1710.000,1536.500,40.000,51.000,0,1.000000,155.930000,14.602269,7.407708
1780467832.272615,,,BOARD_2,1,0,1691.000,1512.000,1731.000,1563.000,40.000,51.000,1691.000,1512.000,1731.000,1563.000,40.000,51.000,1691.000,1512.000,1731.000,1563.000,1711.000,1537.500,40.000,51.000,0,1.000000,155.930000,14.606826,7.403125
1780467832.272615,,,BOARD_2,1,1,1692.000,1512.000,1732.000,1563.000,40.000,51.000,1692.000,1512.000,1732.000,1563.000,40.000,51.000,1692.000,1512.000,1732.000,1563.000,1712.000,1537.500,40.000,51.000,0,1.000000,155.930000,14.611383,7.403125
1780467832.572961,,,BOARD_2,1,0,1684.000,1514.000,1720.000,1550.000,36.000,36.000,1684.000,1514.000,1720.000,1550.000,36.000,36.000,1684.000,1514.000,1720.000,1550.000,1702.000,1532.000,36.000,36.000,0,1.000000,173.260000,14.565810,7.428333
1780467832.572961,,,BOARD_2,1,1,1683.000,1513.000,1719.000,1549.000,36.000,36.000,1683.000,1513.000,1719.000,1549.000,36.000,36.000,1683.000,1513.000,1719.000,1549.000,1701.000,1531.000,36.000,36.000,0,1.000000,173.260000,14.561253,7.432917
1780467832.805600,,,BOARD_2,1,0,1682.000,1513.000,1718.000,1549.000,36.000,36.000,1682.000,1513.000,1718.000,1549.000,36.000,36.000,1682.000,1513.000,1718.000,1549.000,1700.000,1531.000,36.000,36.000,0,1.000000,173.260000,14.556696,7.432917
1780467832.805600,,,BOARD_5,3,1,1611.000,917.000,1674.000,1036.000,63.000,119.000,1611.000,917.000,1674.000,1036.000,63.000,119.000,1611.000,917.000,1674.000,1036.000,1642.500,976.500,63.000,119.000,0,1.000000,99.000000,339.445652,38.474375
1780467833.092973,,,BOARD_2,1,0,1689.000,1509.000,1729.000,1560.000,40.000,51.000,1689.000,1509.000,1729.000,1560.000,40.000,51.000,1689.000,1509.000,1729.000,1560.000,1709.000,1534.500,40.000,51.000,0,1.000000,155.930000,14.597711,7.416875
1780467833.092973,,,BOARD_5,3,1,1613.000,919.000,1676.000,1038.000,63.000,119.000,1613.000,919.000,1676.000,1038.000,63.000,119.000,1613.000,919.000,1676.000,1038.000,1644.500,978.500,63.000,119.000,0,1.000000,99.000000,339.454766,38.465208
1780467833.092973,,,BOARD_2,1,2,1690.000,1509.000,1730.000,1560.000,40.000,51.000,1690.000,1509.000,1730.000,1560.000,40.000,51.000,1690.000,1509.000,1730.000,1560.000,1710.000,1534.500,40.000,51.000,0,1.000000,155.930000,14.602269,7.416875
1780467833.313439,,,BOARD_2,1,0,1691.000,1509.000,1731.000,1560.000,40.000,51.000,1691.000,1509.000,1731.000,1560.000,40.000,51.000,1691.000,1509.000,1731.000,1560.000,1711.000,1534.500,40.000,51.000,0,1.000000,155.930000,14.606826,7.416875
1780467833.646839,,,BOARD_2,1,0,1674.000,1514.000,1729.000,1551.000,55.000,37.000,1674.000,1514.000,1729.000,1551.000,55.000,37.000,1674.000,1514.000,1729.000,1551.000,1701.500,1532.500,55.000,37.000,0,1.000000,113.400000,14.563532,7.426042
1780467833.879796,,,BOARD_2,1,0,1673.000,1514.000,1728.000,1551.000,55.000,37.000,1673.000,1514.000,1728.000,1551.000,55.000,37.000,1673.000,1514.000,1728.000,1551.000,1700.500,1532.500,55.000,37.000,0,1.000000,113.400000,14.558974,7.426042
1780467833.879796,,,BOARD_2,1,1,1687.000,1510.000,1727.000,1561.000,40.000,51.000,1687.000,1510.000,1727.000,1561.000,40.000,51.000,1687.000,1510.000,1727.000,1561.000,1707.000,1535.500,40.000,51.000,0,1.000000,155.930000,14.588597,7.412292
1780467834.225085,,,BOARD_2,1,0,1676.000,1514.000,1731.000,1550.000,55.000,36.000,1676.000,1514.000,1731.000,1550.000,55.000,36.000,1676.000,1514.000,1731.000,1550.000,1703.500,1532.000,55.000,36.000,0,1.000000,113.400000,14.572646,7.428333
1780467834.225085,,,BOARD_2,1,1,1675.000,1512.000,1730.000,1548.000,55.000,36.000,1675.000,1512.000,1730.000,1548.000,55.000,36.000,1675.000,1512.000,1730.000,1548.000,1702.500,1530.000,55.000,36.000,0,1.000000,113.400000,14.568089,7.437500
1780467834.449403,,,BOARD_2,1,0,1673.000,1511.000,1728.000,1547.000,55.000,36.000,1673.000,1511.000,1728.000,1547.000,55.000,36.000,1673.000,1511.000,1728.000,1547.000,1700.500,1529.000,55.000,36.000,0,1.000000,113.400000,14.558974,7.442083
1780467834.677399,,,BOARD_2,1,0,1674.000,1514.000,1732.000,1551.000,58.000,37.000,1674.000,1514.000,1732.000,1551.000,58.000,37.000,1674.000,1514.000,1732.000,1551.000,1703.000,1532.500,58.000,37.000,0,1.000000,107.540000,14.570368,7.426042
1780467834.677399,,,BOARD_2,1,1,1673.000,1513.000,1731.000,1550.000,58.000,37.000,1673.000,1513.000,1731.000,1550.000,58.000,37.000,1673.000,1513.000,1731.000,1550.000,1702.000,1531.500,58.000,37.000,0,1.000000,107.540000,14.565810,7.430625
1780467834.896930,,,BOARD_2,1,0,1686.000,1510.000,1726.000,1561.000,40.000,51.000,1686.000,1510.000,1726.000,1561.000,40.000,51.000,1686.000,1510.000,1726.000,1561.000,1706.000,1535.500,40.000,51.000,0,1.000000,155.930000,14.584040,7.412292
1780467835.140015,,,BOARD_2,1,0,1674.000,1515.000,1732.000,1551.000,58.000,36.000,1674.000,1515.000,1732.000,1551.000,58.000,36.000,1674.000,1515.000,1732.000,1551.000,1703.000,1533.000,58.000,36.000,0,1.000000,107.540000,14.570368,7.423750
1780467835.140015,,,BOARD_2,1,1,1673.000,1514.000,1731.000,1550.000,58.000,36.000,1673.000,1514.000,1731.000,1550.000,58.000,36.000,1673.000,1514.000,1731.000,1550.000,1702.000,1532.000,58.000,36.000,0,1.000000,107.540000,14.565810,7.428333
1780467835.346914,,,BOARD_2,1,0,1685.000,1510.000,1725.000,1561.000,40.000,51.000,1685.000,1510.000,1725.000,1561.000,40.000,51.000,1685.000,1510.000,1725.000,1561.000,1705.000,1535.500,40.000,51.000,0,1.000000,155.930000,14.579482,7.412292
1780467835.636362,,,BOARD_2,1,0,1685.000,1515.000,1729.000,1551.000,44.000,36.000,1685.000,1515.000,1729.000,1551.000,44.000,36.000,1685.000,1515.000,1729.000,1551.000,1707.000,1533.000,44.000,36.000,0,1.000000,141.760000,14.588597,7.423750
1780467835.636362,,,BOARD_2,1,1,1686.000,1514.000,1730.000,1550.000,44.000,36.000,1686.000,1514.000,1730.000,1550.000,44.000,36.000,1686.000,1514.000,1730.000,1550.000,1708.000,1532.000,44.000,36.000,0,1.000000,141.760000,14.593154,7.428333
1780467835.917395,,,BOARD_2,1,0,1687.000,1512.000,1731.000,1548.000,44.000,36.000,1687.000,1512.000,1731.000,1548.000,44.000,36.000,1687.000,1512.000,1731.000,1548.000,1709.000,1530.000,44.000,36.000,0,1.000000,141.760000,14.597711,7.437500
1780467836.205761,,,BOARD_2,1,0,1686.000,1511.000,1726.000,1562.000,40.000,51.000,1686.000,1511.000,1726.000,1562.000,40.000,51.000,1686.000,1511.000,1726.000,1562.000,1706.000,1536.500,40.000,51.000,0,1.000000,155.930000,14.584040,7.407708
1780467836.205761,,,BOARD_2,1,1,1686.000,1511.000,1726.000,1562.000,40.000,51.000,1686.000,1511.000,1726.000,1562.000,40.000,51.000,1686.000,1511.000,1726.000,1562.000,1706.000,1536.500,40.000,51.000,0,1.000000,155.930000,14.584040,7.407708
1780467836.502938,,,BOARD_2,1,0,1688.000,1510.000,1728.000,1561.000,40.000,51.000,1688.000,1510.000,1728.000,1561.000,40.000,51.000,1688.000,1510.000,1728.000,1561.000,1708.000,1535.500,40.000,51.000,0,1.000000,155.930000,14.593154,7.412292
1780467836.908018,,,BOARD_2,1,0,1674.000,1514.000,1732.000,1550.000,58.000,36.000,1674.000,1514.000,1732.000,1550.000,58.000,36.000,1674.000,1514.000,1732.000,1550.000,1703.000,1532.000,58.000,36.000,0,1.000000,107.540000,14.570368,7.428333
1780467836.908018,,,BOARD_2,1,1,1672.000,1512.000,1730.000,1548.000,58.000,36.000,1672.000,1512.000,1730.000,1548.000,58.000,36.000,1672.000,1512.000,1730.000,1548.000,1701.000,1530.000,58.000,36.000,0,1.000000,107.540000,14.561253,7.437500
1780467837.169260,,,BOARD_2,1,0,1669.000,1510.000,1727.000,1546.000,58.000,36.000,1669.000,1510.000,1727.000,1546.000,58.000,36.000,1669.000,1510.000,1727.000,1546.000,1698.000,1528.000,58.000,36.000,0,1.000000,107.540000,14.547581,7.446667
1780467837.428138,,,BOARD_2,1,0,1685.000,1515.000,1721.000,1551.000,36.000,36.000,1685.000,1515.000,1721.000,1551.000,36.000,36.000,1685.000,1515.000,1721.000,1551.000,1703.000,1533.000,36.000,36.000,0,1.000000,173.260000,14.570368,7.423750
1780467837.660417,,,BOARD_2,1,0,1684.000,1514.000,1720.000,1550.000,36.000,36.000,1684.000,1514.000,1720.000,1550.000,36.000,36.000,1684.000,1514.000,1720.000,1550.000,1702.000,1532.000,36.000,36.000,0,1.000000,173.260000,14.565810,7.428333
1780467837.660417,,,BOARD_2,1,1,1683.000,1514.000,1719.000,1550.000,36.000,36.000,1683.000,1514.000,1719.000,1550.000,36.000,36.000,1683.000,1514.000,1719.000,1550.000,1701.000,1532.000,36.000,36.000,0,1.000000,173.260000,14.561253,7.428333
1780467838.028040,,,BOARD_2,1,0,1680.000,1514.000,1728.000,1550.000,48.000,36.000,1680.000,1514.000,1728.000,1550.000,48.000,36.000,1680.000,1514.000,1728.000,1550.000,1704.000,1532.000,48.000,36.000,0,1.000000,129.940000,14.574925,7.428333
1780467838.028040,,,BOARD_2,1,1,1680.000,1513.000,1728.000,1549.000,48.000,36.000,1680.000,1513.000,1728.000,1549.000,48.000,36.000,1680.000,1513.000,1728.000,1549.000,1704.000,1531.000,48.000,36.000,0,1.000000,129.940000,14.574925,7.432917
1780467838.304546,,,BOARD_2,1,0,1679.000,1513.000,1727.000,1549.000,48.000,36.000,1679.000,1513.000,1727.000,1549.000,48.000,36.000,1679.000,1513.000,1727.000,1549.000,1703.000,1531.000,48.000,36.000,0,1.000000,129.940000,14.570368,7.432917
1780467838.534265,,,BOARD_2,1,0,1683.000,1515.000,1719.000,1551.000,36.000,36.000,1683.000,1515.000,1719.000,1551.000,36.000,36.000,1683.000,1515.000,1719.000,1551.000,1701.000,1533.000,36.000,36.000,0,1.000000,173.260000,14.561253,7.423750
1780467838.534265,,,BOARD_2,1,1,1682.000,1515.000,1718.000,1551.000,36.000,36.000,1682.000,1515.000,1718.000,1551.000,36.000,36.000,1682.000,1515.000,1718.000,1551.000,1700.000,1533.000,36.000,36.000,0,1.000000,173.260000,14.556696,7.423750
1780467838.754774,,,BOARD_2,1,0,1682.000,1515.000,1718.000,1551.000,36.000,36.000,1682.000,1515.000,1718.000,1551.000,36.000,36.000,1682.000,1515.000,1718.000,1551.000,1700.000,1533.000,36.000,36.000,0,1.000000,173.260000,14.556696,7.423750
1780467839.066888,,,BOARD_2,1,0,1684.000,1515.000,1720.000,1551.000,36.000,36.000,1684.000,1515.000,1720.000,1551.000,36.000,36.000,1684.000,1515.000,1720.000,1551.000,1702.000,1533.000,36.000,36.000,0,1.000000,173.260000,14.565810,7.423750
1780467839.066888,,,BOARD_2,1,1,1694.000,1510.000,1734.000,1561.000,40.000,51.000,1694.000,1510.000,1734.000,1561.000,40.000,51.000,1694.000,1510.000,1734.000,1561.000,1714.000,1535.500,40.000,51.000,0,1.000000,155.930000,14.620498,7.412292
1780467839.314481,,,BOARD_2,1,0,1701.000,1511.000,1741.000,1562.000,40.000,51.000,1701.000,1511.000,1741.000,1562.000,40.000,51.000,1701.000,1511.000,1741.000,1562.000,1721.000,1536.500,40.000,51.000,0,1.000000,155.930000,14.652399,7.407708
1780467839.637888,,,BOARD_2,1,0,1687.000,1510.000,1727.000,1561.000,40.000,51.000,1687.000,1510.000,1727.000,1561.000,40.000,51.000,1687.000,1510.000,1727.000,1561.000,1707.000,1535.500,40.000,51.000,0,1.000000,155.930000,14.588597,7.412292
1780467839.637888,,,BOARD_2,1,1,1688.000,1511.000,1728.000,1562.000,40.000,51.000,1688.000,1511.000,1728.000,1562.000,40.000,51.000,1688.000,1511.000,1728.000,1562.000,1708.000,1536.500,40.000,51.000,0,1.000000,155.930000,14.593154,7.407708
1780467839.880380,,,BOARD_2,1,0,1689.000,1511.000,1729.000,1562.000,40.000,51.000,1689.000,1511.000,1729.000,1562.000,40.000,51.000,1689.000,1511.000,1729.000,1562.000,1709.000,1536.500,40.000,51.000,0,1.000000,155.930000,14.597711,7.407708
1780467840.136390,,,BOARD_2,1,0,1671.000,1513.000,1733.000,1549.000,62.000,36.000,1671.000,1513.000,1733.000,1549.000,62.000,36.000,1671.000,1513.000,1733.000,1549.000,1702.000,1531.000,62.000,36.000,0,1.000000,100.600000,14.565810,7.432917
1780467840.136390,,,BOARD_2,1,1,1671.000,1512.000,1733.000,1548.000,62.000,36.000,1671.000,1512.000,1733.000,1548.000,62.000,36.000,1671.000,1512.000,1733.000,1548.000,1702.000,1530.000,62.000,36.000,0,1.000000,100.600000,14.565810,7.437500
1780467840.387129,,,BOARD_2,1,0,1670.000,1512.000,1732.000,1548.000,62.000,36.000,1670.000,1512.000,1732.000,1548.000,62.000,36.000,1670.000,1512.000,1732.000,1548.000,1701.000,1530.000,62.000,36.000,0,1.000000,100.600000,14.561253,7.437500
1780467840.630479,,,BOARD_2,1,0,1687.000,1511.000,1727.000,1562.000,40.000,51.000,1687.000,1511.000,1727.000,1562.000,40.000,51.000,1687.000,1511.000,1727.000,1562.000,1707.000,1536.500,40.000,51.000,0,1.000000,155.930000,14.588597,7.407708
1780467840.630479,,,BOARD_2,1,1,1688.000,1512.000,1728.000,1563.000,40.000,51.000,1688.000,1512.000,1728.000,1563.000,40.000,51.000,1688.000,1512.000,1728.000,1563.000,1708.000,1537.500,40.000,51.000,0,1.000000,155.930000,14.593154,7.403125
1780467840.881653,,,BOARD_2,1,0,1688.000,1513.000,1728.000,1564.000,40.000,51.000,1688.000,1513.000,1728.000,1564.000,40.000,51.000,1688.000,1513.000,1728.000,1564.000,1708.000,1538.500,40.000,51.000,0,1.000000,155.930000,14.593154,7.398542
1780467841.235595,,,BOARD_2,1,0,1677.000,1512.000,1728.000,1549.000,51.000,37.000,1677.000,1512.000,1728.000,1549.000,51.000,37.000,1677.000,1512.000,1728.000,1549.000,1702.500,1530.500,51.000,37.000,0,1.000000,122.300000,14.568089,7.435208
1780467841.235595,,,BOARD_2,1,1,1676.000,1511.000,1727.000,1548.000,51.000,37.000,1676.000,1511.000,1727.000,1548.000,51.000,37.000,1676.000,1511.000,1727.000,1548.000,1701.500,1529.500,51.000,37.000,0,1.000000,122.300000,14.563532,7.439792
1780467841.502639,,,BOARD_2,1,0,1676.000,1510.000,1727.000,1547.000,51.000,37.000,1676.000,1510.000,1727.000,1547.000,51.000,37.000,1676.000,1510.000,1727.000,1547.000,1701.500,1528.500,51.000,37.000,0,1.000000,122.300000,14.563532,7.444375
1780467841.756563,,,BOARD_2,1,0,1684.000,1512.000,1721.000,1548.000,37.000,36.000,1684.000,1512.000,1721.000,1548.000,37.000,36.000,1684.000,1512.000,1721.000,1548.000,1702.500,1530.000,37.000,36.000,0,1.000000,168.570000,14.568089,7.437500
1780467841.756563,,,BOARD_2,1,1,1684.000,1512.000,1721.000,1548.000,37.000,36.000,1684.000,1512.000,1721.000,1548.000,37.000,36.000,1684.000,1512.000,1721.000,1548.000,1702.500,1530.000,37.000,36.000,0,1.000000,168.570000,14.568089,7.437500
1780467841.989244,,,BOARD_2,1,0,1684.000,1511.000,1721.000,1547.000,37.000,36.000,1684.000,1511.000,1721.000,1547.000,37.000,36.000,1684.000,1511.000,1721.000,1547.000,1702.500,1529.000,37.000,36.000,0,1.000000,168.570000,14.568089,7.442083
1780467842.237122,,,BOARD_2,1,0,1688.000,1510.000,1728.000,1561.000,40.000,51.000,1688.000,1510.000,1728.000,1561.000,40.000,51.000,1688.000,1510.000,1728.000,1561.000,1708.000,1535.500,40.000,51.000,0,1.000000,155.930000,14.593154,7.412292
1780467842.237122,,,BOARD_2,1,1,1689.000,1511.000,1729.000,1562.000,40.000,51.000,1689.000,1511.000,1729.000,1562.000,40.000,51.000,1689.000,1511.000,1729.000,1562.000,1709.000,1536.500,40.000,51.000,0,1.000000,155.930000,14.597711,7.407708
1780467842.705731,,,BOARD_2,1,0,1693.000,1511.000,1733.000,1562.000,40.000,51.000,1693.000,1511.000,1733.000,1562.000,40.000,51.000,1693.000,1511.000,1733.000,1562.000,1713.000,1536.500,40.000,51.000,0,1.000000,155.930000,14.615941,7.407708
1780467842.705731,,,BOARD_2,1,1,1694.000,1512.000,1734.000,1563.000,40.000,51.000,1694.000,1512.000,1734.000,1563.000,40.000,51.000,1694.000,1512.000,1734.000,1563.000,1714.000,1537.500,40.000,51.000,0,1.000000,155.930000,14.620498,7.403125
1780467843.150476,,,BOARD_2,1,0,1669.000,1510.000,1731.000,1550.000,62.000,40.000,1669.000,1510.000,1731.000,1550.000,62.000,40.000,1669.000,1510.000,1731.000,1550.000,1700.000,1530.000,62.000,40.000,0,1.000000,100.600000,14.556696,7.437500
1780467843.150476,,,BOARD_2,1,1,1667.000,1509.000,1729.000,1549.000,62.000,40.000,1667.000,1509.000,1729.000,1549.000,62.000,40.000,1667.000,1509.000,1729.000,1549.000,1698.000,1529.000,62.000,40.000,0,1.000000,100.600000,14.547581,7.442083
1780467843.637940,,,BOARD_2,1,0,1663.000,1506.000,1732.000,1561.000,69.000,55.000,1663.000,1506.000,1732.000,1561.000,69.000,55.000,1663.000,1506.000,1732.000,1561.000,1697.500,1533.500,69.000,55.000,0,1.000000,90.390000,14.545303,7.421458
1780467843.637940,,,BOARD_2,1,1,1686.000,1509.000,1726.000,1560.000,40.000,51.000,1686.000,1509.000,1726.000,1560.000,40.000,51.000,1686.000,1509.000,1726.000,1560.000,1706.000,1534.500,40.000,51.000,0,1.000000,155.930000,14.584040,7.416875
1780467843.892776,,,BOARD_2,1,0,1690.000,1510.000,1730.000,1561.000,40.000,51.000,1690.000,1510.000,1730.000,1561.000,40.000,51.000,1690.000,1510.000,1730.000,1561.000,1710.000,1535.500,40.000,51.000,0,1.000000,155.930000,14.602269,7.412292
1780467844.311265,,,BOARD_2,1,0,1687.000,1509.000,1727.000,1560.000,40.000,51.000,1687.000,1509.000,1727.000,1560.000,40.000,51.000,1687.000,1509.000,1727.000,1560.000,1707.000,1534.500,40.000,51.000,0,1.000000,155.930000,14.588597,7.416875
1780467844.311265,,,BOARD_2,1,1,1689.000,1509.000,1729.000,1560.000,40.000,51.000,1689.000,1509.000,1729.000,1560.000,40.000,51.000,1689.000,1509.000,1729.000,1560.000,1709.000,1534.500,40.000,51.000,0,1.000000,155.930000,14.597711,7.416875
1780467844.545526,,,BOARD_2,1,0,1691.000,1510.000,1731.000,1561.000,40.000,51.000,1691.000,1510.000,1731.000,1561.000,40.000,51.000,1691.000,1510.000,1731.000,1561.000,1711.000,1535.500,40.000,51.000,0,1.000000,155.930000,14.606826,7.412292
1780467844.964669,,,BOARD_2,1,0,1687.000,1516.000,1727.000,1567.000,40.000,51.000,1687.000,1516.000,1727.000,1567.000,40.000,51.000,1687.000,1516.000,1727.000,1567.000,1707.000,1541.500,40.000,51.000,0,1.000000,155.930000,14.588597,7.384792
1780467844.964669,,,BOARD_2,1,1,1688.000,1517.000,1728.000,1568.000,40.000,51.000,1688.000,1517.000,1728.000,1568.000,40.000,51.000,1688.000,1517.000,1728.000,1568.000,1708.000,1542.500,40.000,51.000,0,1.000000,155.930000,14.593154,7.380208
1780467845.186327,,,BOARD_2,1,0,1689.000,1519.000,1729.000,1570.000,40.000,51.000,1689.000,1519.000,1729.000,1570.000,40.000,51.000,1689.000,1519.000,1729.000,1570.000,1709.000,1544.500,40.000,51.000,0,1.000000,155.930000,14.597711,7.371042
1780467845.626444,,,BOARD_2,1,0,1685.000,1509.000,1725.000,1560.000,40.000,51.000,1685.000,1509.000,1725.000,1560.000,40.000,51.000,1685.000,1509.000,1725.000,1560.000,1705.000,1534.500,40.000,51.000,0,1.000000,155.930000,14.579482,7.416875
1780467845.626444,,,BOARD_2,1,1,1690.000,1517.000,1730.000,1568.000,40.000,51.000,1690.000,1517.000,1730.000,1568.000,40.000,51.000,1690.000,1517.000,1730.000,1568.000,1710.000,1542.500,40.000,51.000,0,1.000000,155.930000,14.602269,7.380208
1780467845.879380,,,BOARD_2,1,0,1693.000,1521.000,1733.000,1572.000,40.000,51.000,1693.000,1521.000,1733.000,1572.000,40.000,51.000,1693.000,1521.000,1733.000,1572.000,1713.000,1546.500,40.000,51.000,0,1.000000,155.930000,14.615941,7.361875
1780467848.105109,,,BOARD_2,1,0,1577.000,1475.000,1825.000,1654.000,248.000,179.000,1577.000,1475.000,1825.000,1654.000,248.000,179.000,1577.000,1475.000,1825.000,1654.000,1701.000,1564.500,248.000,179.000,0,1.000000,25.150000,14.561253,7.279375
1780467848.366495,,,BOARD_2,1,0,1654.000,1470.000,1712.000,1525.000,58.000,55.000,1654.000,1470.000,1712.000,1525.000,58.000,55.000,1654.000,1470.000,1712.000,1525.000,1683.000,1497.500,58.000,55.000,0,1.000000,107.540000,14.479222,7.586458
1780467848.366495,,,BOARD_2,1,1,1645.000,1435.000,1703.000,1490.000,58.000,55.000,1645.000,1435.000,1703.000,1490.000,58.000,55.000,1645.000,1435.000,1703.000,1490.000,1674.000,1462.500,58.000,55.000,0,1.000000,107.540000,14.438206,7.746875
1780467849.067869,,,BOARD_2,1,0,1654.000,1461.000,1709.000,1559.000,55.000,98.000,1654.000,1461.000,1709.000,1559.000,55.000,98.000,1654.000,1461.000,1709.000,1559.000,1681.500,1510.000,55.000,98.000,0,1.000000,113.400000,14.472386,7.529167
1780467851.405077,,,BOARD_2,4,0,767.000,1501.000,803.000,1537.000,36.000,36.000,767.000,1501.000,803.000,1537.000,36.000,36.000,767.000,1501.000,803.000,1537.000,785.000,1519.000,36.000,36.000,0,1.000000,173.260000,337.197774,7.487917
1780467851.744598,,,BOARD_3,1,0,2216.000,822.000,2256.000,870.000,40.000,48.000,2216.000,822.000,2256.000,870.000,40.000,48.000,2216.000,822.000,2256.000,870.000,2236.000,846.000,40.000,48.000,0,1.000000,155.930000,21.132204,20.072500
1780467852.101073,,,BOARD_2,4,0,771.000,1503.000,807.000,1539.000,36.000,36.000,771.000,1503.000,807.000,1539.000,36.000,36.000,771.000,1503.000,807.000,1539.000,789.000,1521.000,36.000,36.000,0,1.000000,173.260000,337.216003,7.478750
1780467852.757354,,,BOARD_2,4,0,819.000,1493.000,855.000,1529.000,36.000,36.000,819.000,1493.000,855.000,1529.000,36.000,36.000,819.000,1493.000,855.000,1529.000,837.000,1511.000,36.000,36.000,0,1.000000,173.260000,337.434753,7.524583
1780467852.757354,,,BOARD_3,1,1,2900.000,1235.000,2963.000,1354.000,63.000,119.000,2900.000,1235.000,2963.000,1354.000,63.000,119.000,2900.000,1235.000,2963.000,1354.000,2931.500,1294.500,63.000,119.000,0,1.000000,99.000000,24.301801,18.016875
1780467853.100678,,,BOARD_3,1,0,2900.000,1272.000,2937.000,1309.000,37.000,37.000,2900.000,1272.000,2937.000,1309.000,37.000,37.000,2900.000,1272.000,2937.000,1309.000,2918.500,1290.500,37.000,37.000,0,1.000000,168.570000,24.242556,18.035208
1780467853.100678,,,BOARD_3,1,1,2894.000,1270.000,2931.000,1307.000,37.000,37.000,2894.000,1270.000,2931.000,1307.000,37.000,37.000,2894.000,1270.000,2931.000,1307.000,2912.500,1288.500,37.000,37.000,0,1.000000,168.570000,24.215212,18.044375
1780467853.100678,,,BOARD_3,1,2,2889.000,1268.000,2926.000,1305.000,37.000,37.000,2889.000,1268.000,2926.000,1305.000,37.000,37.000,2889.000,1268.000,2926.000,1305.000,2907.500,1286.500,37.000,37.000,0,1.000000,168.570000,24.192426,18.053542
1780467853.438197,,,BOARD_2,4,0,818.000,1493.000,854.000,1529.000,36.000,36.000,818.000,1493.000,854.000,1529.000,36.000,36.000,818.000,1493.000,854.000,1529.000,836.000,1511.000,36.000,36.000,0,1.000000,173.260000,337.430196,7.524583
1780467853.438197,,,BOARD_2,4,1,822.000,1492.000,858.000,1528.000,36.000,36.000,822.000,1492.000,858.000,1528.000,36.000,36.000,822.000,1492.000,858.000,1528.000,840.000,1510.000,36.000,36.000,0,1.000000,173.260000,337.448425,7.529167
1780467853.438197,,,BOARD_3,0,2,152.000,845.000,191.000,896.000,39.000,51.000,152.000,845.000,191.000,896.000,39.000,51.000,152.000,845.000,191.000,896.000,171.500,870.500,39.000,51.000,0,1.000000,159.930000,24.018576,19.960208
1780467853.955419,,,BOARD_2,4,0,803.000,1513.000,839.000,1549.000,36.000,36.000,803.000,1513.000,839.000,1549.000,36.000,36.000,803.000,1513.000,839.000,1549.000,821.000,1531.000,36.000,36.000,0,1.000000,173.260000,337.361836,7.432917
1780467855.126005,,,BOARD_2,4,0,733.000,1535.000,769.000,1571.000,36.000,36.000,733.000,1535.000,769.000,1571.000,36.000,36.000,733.000,1535.000,769.000,1571.000,751.000,1553.000,36.000,36.000,0,1.000000,173.260000,337.042826,7.332083
1780467860.006236,,,BOARD_2,1,0,1726.000,1453.000,1766.000,1504.000,40.000,51.000,1726.000,1453.000,1766.000,1504.000,40.000,51.000,1726.000,1453.000,1766.000,1504.000,1746.000,1478.500,40.000,51.000,0,1.000000,155.930000,14.766331,7.673542
1780467860.006236,,,BOARD_2,1,1,1727.000,1457.000,1767.000,1508.000,40.000,51.000,1727.000,1457.000,1767.000,1508.000,40.000,51.000,1727.000,1457.000,1767.000,1508.000,1747.000,1482.500,40.000,51.000,0,1.000000,155.930000,14.770889,7.655208
1780467863.266893,,,BOARD_2,1,0,1715.000,1424.000,1766.000,1464.000,51.000,40.000,1715.000,1424.000,1766.000,1464.000,51.000,40.000,1715.000,1424.000,1766.000,1464.000,1740.500,1444.000,51.000,40.000,0,1.000000,122.300000,14.741266,7.831667
1780467863.475901,,,BOARD_2,1,0,1714.000,1420.000,1765.000,1460.000,51.000,40.000,1714.000,1420.000,1765.000,1460.000,51.000,40.000,1714.000,1420.000,1765.000,1460.000,1739.500,1440.000,51.000,40.000,0,1.000000,122.300000,14.736709,7.850000
1780467863.475901,,,BOARD_2,1,1,1713.000,1417.000,1764.000,1457.000,51.000,40.000,1713.000,1417.000,1764.000,1457.000,51.000,40.000,1713.000,1417.000,1764.000,1457.000,1738.500,1437.000,51.000,40.000,0,1.000000,122.300000,14.732152,7.863750
1780467863.957384,,,BOARD_2,1,0,1716.000,1419.000,1764.000,1463.000,48.000,44.000,1716.000,1419.000,1764.000,1463.000,48.000,44.000,1716.000,1419.000,1764.000,1463.000,1740.000,1441.000,48.000,44.000,0,1.000000,129.940000,14.738988,7.845417
1780467863.957384,,,BOARD_2,1,1,1715.000,1417.000,1763.000,1461.000,48.000,44.000,1715.000,1417.000,1763.000,1461.000,48.000,44.000,1715.000,1417.000,1763.000,1461.000,1739.000,1439.000,48.000,44.000,0,1.000000,129.940000,14.734430,7.854583
1780467864.186069,,,BOARD_2,1,0,1715.000,1415.000,1763.000,1459.000,48.000,44.000,1715.000,1415.000,1763.000,1459.000,48.000,44.000,1715.000,1415.000,1763.000,1459.000,1739.000,1437.000,48.000,44.000,0,1.000000,129.940000,14.734430,7.863750
1780467864.543520,,,BOARD_2,1,0,1725.000,1425.000,1765.000,1476.000,40.000,51.000,1725.000,1425.000,1765.000,1476.000,40.000,51.000,1725.000,1425.000,1765.000,1476.000,1745.000,1450.500,40.000,51.000,0,1.000000,155.930000,14.761774,7.801875
1780467864.543520,,,BOARD_2,1,1,1726.000,1426.000,1766.000,1477.000,40.000,51.000,1726.000,1426.000,1766.000,1477.000,40.000,51.000,1726.000,1426.000,1766.000,1477.000,1746.000,1451.500,40.000,51.000,0,1.000000,155.930000,14.766331,7.797292
1780467864.973925,,,BOARD_2,1,0,1718.000,1399.000,1766.000,1461.000,48.000,62.000,1718.000,1399.000,1766.000,1461.000,48.000,62.000,1718.000,1399.000,1766.000,1461.000,1742.000,1430.000,48.000,62.000,0,1.000000,129.940000,14.748102,7.895833
1780467864.973925,,,BOARD_2,1,1,1718.000,1396.000,1766.000,1458.000,48.000,62.000,1718.000,1396.000,1766.000,1458.000,48.000,62.000,1718.000,1396.000,1766.000,1458.000,1742.000,1427.000,48.000,62.000,0,1.000000,129.940000,14.748102,7.909583
1780467865.439219,,,BOARD_2,1,0,1718.000,1403.000,1766.000,1447.000,48.000,44.000,1718.000,1403.000,1766.000,1447.000,48.000,44.000,1718.000,1403.000,1766.000,1447.000,1742.000,1425.000,48.000,44.000,0,1.000000,129.940000,14.748102,7.918750
1780467865.439219,,,BOARD_2,1,1,1718.000,1401.000,1766.000,1445.000,48.000,44.000,1718.000,1401.000,1766.000,1445.000,48.000,44.000,1718.000,1401.000,1766.000,1445.000,1742.000,1423.000,48.000,44.000,0,1.000000,129.940000,14.748102,7.927917
1780467865.933102,,,BOARD_2,1,0,1722.000,1403.000,1762.000,1439.000,40.000,36.000,1722.000,1403.000,1762.000,1439.000,40.000,36.000,1722.000,1403.000,1762.000,1439.000,1742.000,1421.000,40.000,36.000,0,1.000000,155.930000,14.748102,7.937083
1780467865.933102,,,BOARD_2,1,1,1722.000,1401.000,1762.000,1437.000,40.000,36.000,1722.000,1401.000,1762.000,1437.000,40.000,36.000,1722.000,1401.000,1762.000,1437.000,1742.000,1419.000,40.000,36.000,0,1.000000,155.930000,14.748102,7.946250
1780467866.678812,,,BOARD_2,1,0,1724.000,1403.000,1760.000,1439.000,36.000,36.000,1724.000,1403.000,1760.000,1439.000,36.000,36.000,1724.000,1403.000,1760.000,1439.000,1742.000,1421.000,36.000,36.000,0,1.000000,173.260000,14.748102,7.937083
1780467866.678812,,,BOARD_2,1,1,1724.000,1402.000,1760.000,1438.000,36.000,36.000,1724.000,1402.000,1760.000,1438.000,36.000,36.000,1724.000,1402.000,1760.000,1438.000,1742.000,1420.000,36.000,36.000,0,1.000000,173.260000,14.748102,7.941667
1780467867.154443,,,BOARD_2,1,0,1722.000,1403.000,1758.000,1439.000,36.000,36.000,1722.000,1403.000,1758.000,1439.000,36.000,36.000,1722.000,1403.000,1758.000,1439.000,1740.000,1421.000,36.000,36.000,0,1.000000,173.260000,14.738988,7.937083
1780467867.154443,,,BOARD_2,1,1,1722.000,1403.000,1758.000,1439.000,36.000,36.000,1722.000,1403.000,1758.000,1439.000,36.000,36.000,1722.000,1403.000,1758.000,1439.000,1740.000,1421.000,36.000,36.000,0,1.000000,173.260000,14.738988,7.937083
1780467867.652837,,,BOARD_2,1,0,1725.000,1422.000,1765.000,1473.000,40.000,51.000,1725.000,1422.000,1765.000,1473.000,40.000,51.000,1725.000,1422.000,1765.000,1473.000,1745.000,1447.500,40.000,51.000,0,1.000000,155.930000,14.761774,7.815625
1780467867.889881,,,BOARD_2,1,0,1726.000,1427.000,1766.000,1478.000,40.000,51.000,1726.000,1427.000,1766.000,1478.000,40.000,51.000,1726.000,1427.000,1766.000,1478.000,1746.000,1452.500,40.000,51.000,0,1.000000,155.930000,14.766331,7.792708
1780467868.320272,,,BOARD_2,1,0,1731.000,1403.000,1767.000,1439.000,36.000,36.000,1731.000,1403.000,1767.000,1439.000,36.000,36.000,1731.000,1403.000,1767.000,1439.000,1749.000,1421.000,36.000,36.000,0,1.000000,173.260000,14.780003,7.937083
1780467868.779956,,,BOARD_2,1,0,1727.000,1401.000,1763.000,1437.000,36.000,36.000,1727.000,1401.000,1763.000,1437.000,36.000,36.000,1727.000,1401.000,1763.000,1437.000,1745.000,1419.000,36.000,36.000,0,1.000000,173.260000,14.761774,7.946250
1780467868.779956,,,BOARD_2,1,1,1727.000,1399.000,1763.000,1435.000,36.000,36.000,1727.000,1399.000,1763.000,1435.000,36.000,36.000,1727.000,1399.000,1763.000,1435.000,1745.000,1417.000,36.000,36.000,0,1.000000,173.260000,14.761774,7.955417
1780467869.320438,,,BOARD_2,1,0,1727.000,1401.000,1763.000,1437.000,36.000,36.000,1727.000,1401.000,1763.000,1437.000,36.000,36.000,1727.000,1401.000,1763.000,1437.000,1745.000,1419.000,36.000,36.000,0,1.000000,173.260000,14.761774,7.946250
1780467869.320438,,,BOARD_2,1,1,1727.000,1400.000,1763.000,1436.000,36.000,36.000,1727.000,1400.000,1763.000,1436.000,36.000,36.000,1727.000,1400.000,1763.000,1436.000,1745.000,1418.000,36.000,36.000,0,1.000000,173.260000,14.761774,7.950833
1780467869.920599,,,BOARD_2,1,0,1726.000,1399.000,1766.000,1450.000,40.000,51.000,1726.000,1399.000,1766.000,1450.000,40.000,51.000,1726.000,1399.000,1766.000,1450.000,1746.000,1424.500,40.000,51.000,0,1.000000,155.930000,14.766331,7.921042
1780467869.920599,,,BOARD_2,1,1,1726.000,1400.000,1766.000,1451.000,40.000,51.000,1726.000,1400.000,1766.000,1451.000,40.000,51.000,1726.000,1400.000,1766.000,1451.000,1746.000,1425.500,40.000,51.000,0,1.000000,155.930000,14.766331,7.916458
1780467870.636655,,,BOARD_2,1,0,1726.000,1399.000,1766.000,1450.000,40.000,51.000,1726.000,1399.000,1766.000,1450.000,40.000,51.000,1726.000,1399.000,1766.000,1450.000,1746.000,1424.500,40.000,51.000,0,1.000000,155.930000,14.766331,7.921042
1780467870.636655,,,BOARD_2,1,1,1726.000,1399.000,1766.000,1450.000,40.000,51.000,1726.000,1399.000,1766.000,1450.000,40.000,51.000,1726.000,1399.000,1766.000,1450.000,1746.000,1424.500,40.000,51.000,0,1.000000,155.930000,14.766331,7.921042
1780467871.174085,,,BOARD_2,1,0,1721.000,1403.000,1757.000,1439.000,36.000,36.000,1721.000,1403.000,1757.000,1439.000,36.000,36.000,1721.000,1403.000,1757.000,1439.000,1739.000,1421.000,36.000,36.000,0,1.000000,173.260000,14.734430,7.937083
1780467871.174085,,,BOARD_2,1,1,1720.000,1402.000,1756.000,1438.000,36.000,36.000,1720.000,1402.000,1756.000,1438.000,36.000,36.000,1720.000,1402.000,1756.000,1438.000,1738.000,1420.000,36.000,36.000,0,1.000000,173.260000,14.729873,7.941667
1780467871.597390,,,BOARD_2,1,0,1731.000,1399.000,1770.000,1450.000,39.000,51.000,1731.000,1399.000,1770.000,1450.000,39.000,51.000,1731.000,1399.000,1770.000,1450.000,1750.500,1424.500,39.000,51.000,0,1.000000,159.930000,14.786839,7.921042
1780467871.597390,,,BOARD_2,1,1,1733.000,1399.000,1772.000,1450.000,39.000,51.000,1733.000,1399.000,1772.000,1450.000,39.000,51.000,1733.000,1399.000,1772.000,1450.000,1752.500,1424.500,39.000,51.000,0,1.000000,159.930000,14.795954,7.921042
1780467872.102915,,,BOARD_2,1,0,1733.000,1399.000,1773.000,1450.000,40.000,51.000,1733.000,1399.000,1773.000,1450.000,40.000,51.000,1733.000,1399.000,1773.000,1450.000,1753.000,1424.500,40.000,51.000,0,1.000000,155.930000,14.798232,7.921042
1780467872.348155,,,BOARD_2,1,0,1729.000,1397.000,1769.000,1448.000,40.000,51.000,1729.000,1397.000,1769.000,1448.000,40.000,51.000,1729.000,1397.000,1769.000,1448.000,1749.000,1422.500,40.000,51.000,0,1.000000,155.930000,14.780003,7.930208
1780467872.348155,,,BOARD_2,1,1,1727.000,1396.000,1767.000,1447.000,40.000,51.000,1727.000,1396.000,1767.000,1447.000,40.000,51.000,1727.000,1396.000,1767.000,1447.000,1747.000,1421.500,40.000,51.000,0,1.000000,155.930000,14.770889,7.934792
1780467872.843006,,,BOARD_2,1,0,1726.000,1395.000,1766.000,1446.000,40.000,51.000,1726.000,1395.000,1766.000,1446.000,40.000,51.000,1726.000,1395.000,1766.000,1446.000,1746.000,1420.500,40.000,51.000,0,1.000000,155.930000,14.766331,7.939375
1780467873.332204,,,BOARD_2,1,0,1729.000,1405.000,1769.000,1456.000,40.000,51.000,1729.000,1405.000,1769.000,1456.000,40.000,51.000,1729.000,1405.000,1769.000,1456.000,1749.000,1430.500,40.000,51.000,0,1.000000,155.930000,14.780003,7.893542
1780467873.332204,,,BOARD_2,1,1,1728.000,1405.000,1768.000,1456.000,40.000,51.000,1728.000,1405.000,1768.000,1456.000,40.000,51.000,1728.000,1405.000,1768.000,1456.000,1748.000,1430.500,40.000,51.000,0,1.000000,155.930000,14.775446,7.893542
1780467873.789801,,,BOARD_2,1,0,1712.000,1399.000,1767.000,1450.000,55.000,51.000,1712.000,1399.000,1767.000,1450.000,55.000,51.000,1712.000,1399.000,1767.000,1450.000,1739.500,1424.500,55.000,51.000,0,1.000000,113.400000,14.736709,7.921042
1780467873.789801,,,BOARD_2,1,1,1731.000,1399.000,1771.000,1450.000,40.000,51.000,1731.000,1399.000,1771.000,1450.000,40.000,51.000,1731.000,1399.000,1771.000,1450.000,1751.000,1424.500,40.000,51.000,0,1.000000,155.930000,14.789118,7.921042
1780467874.031657,,,BOARD_2,1,0,1736.000,1399.000,1776.000,1450.000,40.000,51.000,1736.000,1399.000,1776.000,1450.000,40.000,51.000,1736.000,1399.000,1776.000,1450.000,1756.000,1424.500,40.000,51.000,0,1.000000,155.930000,14.811904,7.921042
1780467874.291965,,,BOARD_2,1,0,1706.000,1396.000,1772.000,1462.000,66.000,66.000,1706.000,1396.000,1772.000,1462.000,66.000,66.000,1706.000,1396.000,1772.000,1462.000,1739.000,1429.000,66.000,66.000,0,1.000000,94.500000,14.734430,7.900417
1780467874.291965,,,BOARD_2,1,1,1705.000,1397.000,1771.000,1463.000,66.000,66.000,1705.000,1397.000,1771.000,1463.000,66.000,66.000,1705.000,1397.000,1771.000,1463.000,1738.000,1430.000,66.000,66.000,0,1.000000,94.500000,14.729873,7.895833
1780467874.935451,,,BOARD_2,1,0,1704.000,1399.000,1762.000,1479.000,58.000,80.000,1704.000,1399.000,1762.000,1479.000,58.000,80.000,1704.000,1399.000,1762.000,1479.000,1733.000,1439.000,58.000,80.000,0,1.000000,107.540000,14.707086,7.854583
1780467874.935451,,,BOARD_2,1,1,1703.000,1401.000,1761.000,1481.000,58.000,80.000,1703.000,1401.000,1761.000,1481.000,58.000,80.000,1703.000,1401.000,1761.000,1481.000,1732.000,1441.000,58.000,80.000,0,1.000000,107.540000,14.702529,7.845417
1780467875.461099,,,BOARD_2,1,0,1705.000,1416.000,1756.000,1471.000,51.000,55.000,1705.000,1416.000,1756.000,1471.000,51.000,55.000,1705.000,1416.000,1756.000,1471.000,1730.500,1443.500,51.000,55.000,0,1.000000,122.300000,14.695693,7.833958
1780467875.461099,,,BOARD_2,1,1,1704.000,1418.000,1755.000,1473.000,51.000,55.000,1704.000,1418.000,1755.000,1473.000,51.000,55.000,1704.000,1418.000,1755.000,1473.000,1729.500,1445.500,51.000,55.000,0,1.000000,122.300000,14.691136,7.824792
1780467875.727075,,,BOARD_2,1,0,1726.000,1399.000,1766.000,1450.000,40.000,51.000,1726.000,1399.000,1766.000,1450.000,40.000,51.000,1726.000,1399.000,1766.000,1450.000,1746.000,1424.500,40.000,51.000,0,1.000000,155.930000,14.766331,7.921042
1780467876.038146,,,BOARD_2,1,0,1707.000,1430.000,1751.000,1470.000,44.000,40.000,1707.000,1430.000,1751.000,1470.000,44.000,40.000,1707.000,1430.000,1751.000,1470.000,1729.000,1450.000,44.000,40.000,0,1.000000,141.760000,14.688857,7.804167
1780467876.038146,,,BOARD_2,1,1,1699.000,1442.000,1743.000,1482.000,44.000,40.000,1699.000,1442.000,1743.000,1482.000,44.000,40.000,1699.000,1442.000,1743.000,1482.000,1721.000,1462.000,44.000,40.000,0,1.000000,141.760000,14.652399,7.749167
1780467876.460968,,,BOARD_2,1,0,1709.000,1425.000,1745.000,1461.000,36.000,36.000,1709.000,1425.000,1745.000,1461.000,36.000,36.000,1709.000,1425.000,1745.000,1461.000,1727.000,1443.000,36.000,36.000,0,1.000000,173.260000,14.679743,7.836250
1780467879.751644,,,BOARD_2,4,0,897.000,1408.000,933.000,1444.000,36.000,36.000,897.000,1408.000,933.000,1444.000,36.000,36.000,897.000,1408.000,933.000,1444.000,915.000,1426.000,36.000,36.000,0,1.000000,173.260000,337.790222,7.914167
1780467885.967017,,,BOARD_3,0,0,2379.000,305.000,2627.000,485.000,248.000,180.000,2379.000,305.000,2627.000,485.000,248.000,180.000,2379.000,305.000,2627.000,485.000,2503.000,395.000,248.000,180.000,0,1.000000,25.150000,34.643901,22.139583
1780467885.967017,,,BOARD_3,0,1,2383.000,306.000,2631.000,486.000,248.000,180.000,2383.000,306.000,2631.000,486.000,248.000,180.000,2383.000,306.000,2631.000,486.000,2507.000,396.000,248.000,180.000,0,1.000000,25.150000,34.662130,22.135000
1780467890.942999,,,BOARD_2,1,0,907.000,800.000,946.000,851.000,39.000,51.000,907.000,800.000,946.000,851.000,39.000,51.000,907.000,800.000,946.000,851.000,926.500,825.500,39.000,51.000,0,1.000000,159.930000,11.031631,10.666458
1780467890.942999,,,BOARD_2,1,1,908.000,802.000,947.000,853.000,39.000,51.000,908.000,802.000,947.000,853.000,39.000,51.000,908.000,802.000,947.000,853.000,927.500,827.500,39.000,51.000,0,1.000000,159.930000,11.036188,10.657292
1780467910.760018,,,BOARD_3,4,0,1849.000,751.000,1888.000,802.000,39.000,51.000,1849.000,751.000,1888.000,802.000,39.000,51.000,1849.000,751.000,1888.000,802.000,1868.500,776.500,39.000,51.000,0,1.000000,159.930000,322.518399,20.391042
1780467910.760018,,,BOARD_3,4,1,1854.000,755.000,1894.000,806.000,40.000,51.000,1854.000,755.000,1894.000,806.000,40.000,51.000,1854.000,755.000,1894.000,806.000,1874.000,780.500,40.000,51.000,0,1.000000,155.930000,322.543465,20.372708
1780467911.029985,,,BOARD_3,4,0,1860.000,760.000,1899.000,811.000,39.000,51.000,1860.000,760.000,1899.000,811.000,39.000,51.000,1860.000,760.000,1899.000,811.000,1879.500,785.500,39.000,51.000,0,1.000000,159.930000,322.568530,20.349792
1780467911.830409,,,BOARD_2,0,0,2396.000,1945.000,2436.000,1989.000,40.000,44.000,2396.000,1945.000,2436.000,1989.000,40.000,44.000,2396.000,1945.000,2436.000,1989.000,2416.000,1967.000,40.000,44.000,0,1.000000,155.930000,36.569017,5.434583
1780467924.349780,,,BOARD_2,1,0,1726.000,1108.000,1762.000,1144.000,36.000,36.000,1726.000,1108.000,1762.000,1144.000,36.000,36.000,1726.000,1108.000,1762.000,1144.000,1744.000,1126.000,36.000,36.000,0,1.000000,173.260000,14.757217,9.289167
1780467924.349780,,,BOARD_2,1,1,1727.000,1108.000,1763.000,1144.000,36.000,36.000,1727.000,1108.000,1763.000,1144.000,36.000,36.000,1727.000,1108.000,1763.000,1144.000,1745.000,1126.000,36.000,36.000,0,1.000000,173.260000,14.761774,9.289167
1780467924.611022,,,BOARD_2,1,0,1728.000,1108.000,1764.000,1144.000,36.000,36.000,1728.000,1108.000,1764.000,1144.000,36.000,36.000,1728.000,1108.000,1764.000,1144.000,1746.000,1126.000,36.000,36.000,0,1.000000,173.260000,14.766331,9.289167
1780467924.880884,,,BOARD_2,1,0,1721.000,1108.000,1765.000,1148.000,44.000,40.000,1721.000,1108.000,1765.000,1148.000,44.000,40.000,1721.000,1108.000,1765.000,1148.000,1743.000,1128.000,44.000,40.000,0,1.000000,141.760000,14.752659,9.280000
1780467924.880884,,,BOARD_2,1,1,1721.000,1108.000,1765.000,1148.000,44.000,40.000,1721.000,1108.000,1765.000,1148.000,44.000,40.000,1721.000,1108.000,1765.000,1148.000,1743.000,1128.000,44.000,40.000,0,1.000000,141.760000,14.752659,9.280000
1780467925.098506,,,BOARD_2,1,0,1721.000,1109.000,1765.000,1149.000,44.000,40.000,1721.000,1109.000,1765.000,1149.000,44.000,40.000,1721.000,1109.000,1765.000,1149.000,1743.000,1129.000,44.000,40.000,0,1.000000,141.760000,14.752659,9.275417
1780467925.339893,,,BOARD_2,1,0,1721.000,1103.000,1765.000,1165.000,44.000,62.000,1721.000,1103.000,1765.000,1165.000,44.000,62.000,1721.000,1103.000,1765.000,1165.000,1743.000,1134.000,44.000,62.000,0,1.000000,141.760000,14.752659,9.252500
1780467925.339893,,,BOARD_2,1,1,1721.000,1104.000,1765.000,1166.000,44.000,62.000,1721.000,1104.000,1765.000,1166.000,44.000,62.000,1721.000,1104.000,1765.000,1166.000,1743.000,1135.000,44.000,62.000,0,1.000000,141.760000,14.752659,9.247917
1780467925.565378,,,BOARD_2,1,0,1721.000,1106.000,1765.000,1168.000,44.000,62.000,1721.000,1106.000,1765.000,1168.000,44.000,62.000,1721.000,1106.000,1765.000,1168.000,1743.000,1137.000,44.000,62.000,0,1.000000,141.760000,14.752659,9.238750
1780467925.813740,,,BOARD_2,1,0,1718.000,1098.000,1766.000,1192.000,48.000,94.000,1718.000,1098.000,1766.000,1192.000,48.000,94.000,1718.000,1098.000,1766.000,1192.000,1742.000,1145.000,48.000,94.000,0,1.000000,129.940000,14.748102,9.202083
1780467925.813740,,,BOARD_2,1,1,1718.000,1101.000,1766.000,1195.000,48.000,94.000,1718.000,1101.000,1766.000,1195.000,48.000,94.000,1718.000,1101.000,1766.000,1195.000,1742.000,1148.000,48.000,94.000,0,1.000000,129.940000,14.748102,9.188333
1780467926.312486,,,BOARD_2,1,0,1722.000,1122.000,1759.000,1159.000,37.000,37.000,1722.000,1122.000,1759.000,1159.000,37.000,37.000,1722.000,1122.000,1759.000,1159.000,1740.500,1140.500,37.000,37.000,0,1.000000,168.570000,14.741266,9.222708
1780467926.312486,,,BOARD_2,1,1,1722.000,1122.000,1759.000,1159.000,37.000,37.000,1722.000,1122.000,1759.000,1159.000,37.000,37.000,1722.000,1122.000,1759.000,1159.000,1740.500,1140.500,37.000,37.000,0,1.000000,168.570000,14.741266,9.222708
1780467926.748554,,,BOARD_2,1,0,1728.000,1104.000,1767.000,1155.000,39.000,51.000,1728.000,1104.000,1767.000,1155.000,39.000,51.000,1728.000,1104.000,1767.000,1155.000,1747.500,1129.500,39.000,51.000,0,1.000000,159.930000,14.773167,9.273125
1780467927.108652,,,BOARD_2,1,0,1720.000,1130.000,1760.000,1203.000,40.000,73.000,1720.000,1130.000,1760.000,1203.000,40.000,73.000,1720.000,1130.000,1760.000,1203.000,1740.000,1166.500,40.000,73.000,0,1.000000,155.930000,14.738988,9.103542
1780467927.108652,,,BOARD_2,1,1,1717.000,1149.000,1757.000,1222.000,40.000,73.000,1717.000,1149.000,1757.000,1222.000,40.000,73.000,1717.000,1149.000,1757.000,1222.000,1737.000,1185.500,40.000,73.000,0,1.000000,155.930000,14.725316,9.016458
1780467927.312096,,,BOARD_2,1,0,1713.000,1168.000,1753.000,1241.000,40.000,73.000,1713.000,1168.000,1753.000,1241.000,40.000,73.000,1713.000,1168.000,1753.000,1241.000,1733.000,1204.500,40.000,73.000,0,1.000000,155.930000,14.707086,8.929375
1780467927.590919,,,BOARD_2,1,0,1720.000,1190.000,1756.000,1226.000,36.000,36.000,1720.000,1190.000,1756.000,1226.000,36.000,36.000,1720.000,1190.000,1756.000,1226.000,1738.000,1208.000,36.000,36.000,0,1.000000,173.260000,14.729873,8.913333
1780467927.590919,,,BOARD_2,1,1,1718.000,1206.000,1754.000,1242.000,36.000,36.000,1718.000,1206.000,1754.000,1242.000,36.000,36.000,1718.000,1206.000,1754.000,1242.000,1736.000,1224.000,36.000,36.000,0,1.000000,173.260000,14.720758,8.840000
1780467927.815272,,,BOARD_2,1,0,1716.000,1222.000,1752.000,1258.000,36.000,36.000,1716.000,1222.000,1752.000,1258.000,36.000,36.000,1716.000,1222.000,1752.000,1258.000,1734.000,1240.000,36.000,36.000,0,1.000000,173.260000,14.711644,8.766667
1780467928.126786,,,BOARD_2,1,0,1721.000,1211.000,1757.000,1247.000,36.000,36.000,1721.000,1211.000,1757.000,1247.000,36.000,36.000,1721.000,1211.000,1757.000,1247.000,1739.000,1229.000,36.000,36.000,0,1.000000,173.260000,14.734430,8.817083
1780467928.126786,,,BOARD_2,1,1,1720.000,1222.000,1756.000,1258.000,36.000,36.000,1720.000,1222.000,1756.000,1258.000,36.000,36.000,1720.000,1222.000,1756.000,1258.000,1738.000,1240.000,36.000,36.000,0,1.000000,173.260000,14.729873,8.766667
1780467928.639962,,,BOARD_2,1,0,1720.000,1224.000,1756.000,1261.000,36.000,37.000,1720.000,1224.000,1756.000,1261.000,36.000,37.000,1720.000,1224.000,1756.000,1261.000,1738.000,1242.500,36.000,37.000,0,1.000000,173.260000,14.729873,8.755208
1780467928.639962,,,BOARD_2,1,1,1720.000,1231.000,1756.000,1268.000,36.000,37.000,1720.000,1231.000,1756.000,1268.000,36.000,37.000,1720.000,1231.000,1756.000,1268.000,1738.000,1249.500,36.000,37.000,0,1.000000,173.260000,14.729873,8.723125
1780467929.125329,,,BOARD_2,1,0,1725.000,1273.000,1761.000,1309.000,36.000,36.000,1725.000,1273.000,1761.000,1309.000,36.000,36.000,1725.000,1273.000,1761.000,1309.000,1743.000,1291.000,36.000,36.000,0,1.000000,173.260000,14.752659,8.532917
1780467929.125329,,,BOARD_2,1,1,1726.000,1285.000,1762.000,1321.000,36.000,36.000,1726.000,1285.000,1762.000,1321.000,36.000,36.000,1726.000,1285.000,1762.000,1321.000,1744.000,1303.000,36.000,36.000,0,1.000000,173.260000,14.757217,8.477917
1780467929.781990,,,BOARD_2,1,0,1721.000,1289.000,1757.000,1325.000,36.000,36.000,1721.000,1289.000,1757.000,1325.000,36.000,36.000,1721.000,1289.000,1757.000,1325.000,1739.000,1307.000,36.000,36.000,0,1.000000,173.260000,14.734430,8.459583
1780467929.781990,,,BOARD_2,1,1,1721.000,1297.000,1757.000,1333.000,36.000,36.000,1721.000,1297.000,1757.000,1333.000,36.000,36.000,1721.000,1297.000,1757.000,1333.000,1739.000,1315.000,36.000,36.000,0,1.000000,173.260000,14.734430,8.422917
1780467930.303256,,,BOARD_2,1,0,1721.000,1288.000,1757.000,1325.000,36.000,37.000,1721.000,1288.000,1757.000,1325.000,36.000,37.000,1721.000,1288.000,1757.000,1325.000,1739.000,1306.500,36.000,37.000,0,1.000000,173.260000,14.734430,8.461875
1780467930.303256,,,BOARD_2,1,1,1721.000,1292.000,1757.000,1329.000,36.000,37.000,1721.000,1292.000,1757.000,1329.000,36.000,37.000,1721.000,1292.000,1757.000,1329.000,1739.000,1310.500,36.000,37.000,0,1.000000,173.260000,14.734430,8.443542
1780467933.736620,,,BOARD_2,1,0,1733.000,1463.000,1769.000,1499.000,36.000,36.000,1733.000,1463.000,1769.000,1499.000,36.000,36.000,1733.000,1463.000,1769.000,1499.000,1751.000,1481.000,36.000,36.000,0,1.000000,173.260000,14.789118,7.662083
1780467934.269410,,,BOARD_2,1,0,1733.000,1463.000,1769.000,1499.000,36.000,36.000,1733.000,1463.000,1769.000,1499.000,36.000,36.000,1733.000,1463.000,1769.000,1499.000,1751.000,1481.000,36.000,36.000,0,1.000000,173.260000,14.789118,7.662083
1780467934.798023,,,BOARD_2,1,0,1733.000,1467.000,1769.000,1503.000,36.000,36.000,1733.000,1467.000,1769.000,1503.000,36.000,36.000,1733.000,1467.000,1769.000,1503.000,1751.000,1485.000,36.000,36.000,0,1.000000,173.260000,14.789118,7.643750
1780467935.493299,,,BOARD_2,1,0,1733.000,1469.000,1769.000,1505.000,36.000,36.000,1733.000,1469.000,1769.000,1505.000,36.000,36.000,1733.000,1469.000,1769.000,1505.000,1751.000,1487.000,36.000,36.000,0,1.000000,173.260000,14.789118,7.634583
1780467935.493299,,,BOARD_2,1,1,1733.000,1470.000,1769.000,1506.000,36.000,36.000,1733.000,1470.000,1769.000,1506.000,36.000,36.000,1733.000,1470.000,1769.000,1506.000,1751.000,1488.000,36.000,36.000,0,1.000000,173.260000,14.789118,7.630000
1780467936.327191,,,BOARD_2,1,0,1736.000,1451.000,1772.000,1487.000,36.000,36.000,1736.000,1451.000,1772.000,1487.000,36.000,36.000,1736.000,1451.000,1772.000,1487.000,1754.000,1469.000,36.000,36.000,0,1.000000,173.260000,14.802790,7.717083
1780467936.624185,,,BOARD_2,1,0,1737.000,1448.000,1773.000,1484.000,36.000,36.000,1737.000,1448.000,1773.000,1484.000,36.000,36.000,1737.000,1448.000,1773.000,1484.000,1755.000,1466.000,36.000,36.000,0,1.000000,173.260000,14.807347,7.730833
1780467937.313260,,,BOARD_2,1,0,1736.000,1452.000,1772.000,1488.000,36.000,36.000,1736.000,1452.000,1772.000,1488.000,36.000,36.000,1736.000,1452.000,1772.000,1488.000,1754.000,1470.000,36.000,36.000,0,1.000000,173.260000,14.802790,7.712500
1780467937.313260,,,BOARD_2,1,1,1736.000,1451.000,1772.000,1487.000,36.000,36.000,1736.000,1451.000,1772.000,1487.000,36.000,36.000,1736.000,1451.000,1772.000,1487.000,1754.000,1469.000,36.000,36.000,0,1.000000,173.260000,14.802790,7.717083
1780467937.780030,,,BOARD_2,1,0,1736.000,1451.000,1772.000,1487.000,36.000,36.000,1736.000,1451.000,1772.000,1487.000,36.000,36.000,1736.000,1451.000,1772.000,1487.000,1754.000,1469.000,36.000,36.000,0,1.000000,173.260000,14.802790,7.717083
1780467937.780030,,,BOARD_2,1,1,1736.000,1450.000,1772.000,1486.000,36.000,36.000,1736.000,1450.000,1772.000,1486.000,36.000,36.000,1736.000,1450.000,1772.000,1486.000,1754.000,1468.000,36.000,36.000,0,1.000000,173.260000,14.802790,7.721667
1780467938.200531,,,BOARD_2,1,0,1734.000,1417.000,1770.000,1453.000,36.000,36.000,1734.000,1417.000,1770.000,1453.000,36.000,36.000,1734.000,1417.000,1770.000,1453.000,1752.000,1435.000,36.000,36.000,0,1.000000,173.260000,14.793675,7.872917
1780467938.200531,,,BOARD_2,1,1,1734.000,1410.000,1770.000,1446.000,36.000,36.000,1734.000,1410.000,1770.000,1446.000,36.000,36.000,1734.000,1410.000,1770.000,1446.000,1752.000,1428.000,36.000,36.000,0,1.000000,173.260000,14.793675,7.905000
1780467938.703888,,,BOARD_2,1,0,1734.000,1402.000,1770.000,1438.000,36.000,36.000,1734.000,1402.000,1770.000,1438.000,36.000,36.000,1734.000,1402.000,1770.000,1438.000,1752.000,1420.000,36.000,36.000,0,1.000000,173.260000,14.793675,7.941667
1780467938.703888,,,BOARD_2,1,1,1734.000,1396.000,1770.000,1432.000,36.000,36.000,1734.000,1396.000,1770.000,1432.000,36.000,36.000,1734.000,1396.000,1770.000,1432.000,1752.000,1414.000,36.000,36.000,0,1.000000,173.260000,14.793675,7.969167
1780467939.253286,,,BOARD_2,1,0,1731.000,1397.000,1767.000,1433.000,36.000,36.000,1731.000,1397.000,1767.000,1433.000,36.000,36.000,1731.000,1397.000,1767.000,1433.000,1749.000,1415.000,36.000,36.000,0,1.000000,173.260000,14.780003,7.964583
1780467939.253286,,,BOARD_2,1,1,1730.000,1394.000,1766.000,1430.000,36.000,36.000,1730.000,1394.000,1766.000,1430.000,36.000,36.000,1730.000,1394.000,1766.000,1430.000,1748.000,1412.000,36.000,36.000,0,1.000000,173.260000,14.775446,7.978333
1780467939.789555,,,BOARD_2,1,0,1732.000,1393.000,1768.000,1429.000,36.000,36.000,1732.000,1393.000,1768.000,1429.000,36.000,36.000,1732.000,1393.000,1768.000,1429.000,1750.000,1411.000,36.000,36.000,0,1.000000,173.260000,14.784560,7.982917
1780467939.789555,,,BOARD_2,1,1,1732.000,1391.000,1768.000,1427.000,36.000,36.000,1732.000,1391.000,1768.000,1427.000,36.000,36.000,1732.000,1391.000,1768.000,1427.000,1750.000,1409.000,36.000,36.000,0,1.000000,173.260000,14.784560,7.992083
1780467940.466080,,,BOARD_2,1,0,1733.000,1392.000,1769.000,1428.000,36.000,36.000,1733.000,1392.000,1769.000,1428.000,36.000,36.000,1733.000,1392.000,1769.000,1428.000,1751.000,1410.000,36.000,36.000,0,1.000000,173.260000,14.789118,7.987500
1780467940.466080,,,BOARD_2,1,1,1733.000,1391.000,1769.000,1427.000,36.000,36.000,1733.000,1391.000,1769.000,1427.000,36.000,36.000,1733.000,1391.000,1769.000,1427.000,1751.000,1409.000,36.000,36.000,0,1.000000,173.260000,14.789118,7.992083
1780467940.923105,,,BOARD_2,1,0,1731.000,1389.000,1767.000,1425.000,36.000,36.000,1731.000,1389.000,1767.000,1425.000,36.000,36.000,1731.000,1389.000,1767.000,1425.000,1749.000,1407.000,36.000,36.000,0,1.000000,173.260000,14.780003,8.001250
1780467940.923105,,,BOARD_2,1,1,1731.000,1388.000,1767.000,1424.000,36.000,36.000,1731.000,1388.000,1767.000,1424.000,36.000,36.000,1731.000,1388.000,1767.000,1424.000,1749.000,1406.000,36.000,36.000,0,1.000000,173.260000,14.780003,8.005833
1780467941.420397,,,BOARD_2,1,0,1735.000,1391.000,1771.000,1427.000,36.000,36.000,1735.000,1391.000,1771.000,1427.000,36.000,36.000,1735.000,1391.000,1771.000,1427.000,1753.000,1409.000,36.000,36.000,0,1.000000,173.260000,14.798232,7.992083
1780467941.420397,,,BOARD_2,1,1,1736.000,1391.000,1772.000,1427.000,36.000,36.000,1736.000,1391.000,1772.000,1427.000,36.000,36.000,1736.000,1391.000,1772.000,1427.000,1754.000,1409.000,36.000,36.000,0,1.000000,173.260000,14.802790,7.992083
1780467944.742730,,,BOARD_2,1,0,1734.000,1391.000,1770.000,1427.000,36.000,36.000,1734.000,1391.000,1770.000,1427.000,36.000,36.000,1734.000,1391.000,1770.000,1427.000,1752.000,1409.000,36.000,36.000,0,1.000000,173.260000,14.793675,7.992083
1780467945.368388,,,BOARD_2,1,0,1735.000,1393.000,1771.000,1429.000,36.000,36.000,1735.000,1393.000,1771.000,1429.000,36.000,36.000,1735.000,1393.000,1771.000,1429.000,1753.000,1411.000,36.000,36.000,0,1.000000,173.260000,14.798232,7.982917
1780467945.368388,,,BOARD_2,1,1,1735.000,1393.000,1771.000,1429.000,36.000,36.000,1735.000,1393.000,1771.000,1429.000,36.000,36.000,1735.000,1393.000,1771.000,1429.000,1753.000,1411.000,36.000,36.000,0,1.000000,173.260000,14.798232,7.982917
1780467945.878294,,,BOARD_2,1,0,1736.000,1393.000,1772.000,1429.000,36.000,36.000,1736.000,1393.000,1772.000,1429.000,36.000,36.000,1736.000,1393.000,1772.000,1429.000,1754.000,1411.000,36.000,36.000,0,1.000000,173.260000,14.802790,7.982917
1780467945.878294,,,BOARD_2,1,1,1736.000,1393.000,1772.000,1429.000,36.000,36.000,1736.000,1393.000,1772.000,1429.000,36.000,36.000,1736.000,1393.000,1772.000,1429.000,1754.000,1411.000,36.000,36.000,0,1.000000,173.260000,14.802790,7.982917
1780467946.380759,,,BOARD_2,1,0,1735.000,1393.000,1771.000,1429.000,36.000,36.000,1735.000,1393.000,1771.000,1429.000,36.000,36.000,1735.000,1393.000,1771.000,1429.000,1753.000,1411.000,36.000,36.000,0,1.000000,173.260000,14.798232,7.982917
1780467946.380759,,,BOARD_2,1,1,1735.000,1393.000,1771.000,1429.000,36.000,36.000,1735.000,1393.000,1771.000,1429.000,36.000,36.000,1735.000,1393.000,1771.000,1429.000,1753.000,1411.000,36.000,36.000,0,1.000000,173.260000,14.798232,7.982917
1780467949.057642,,,BOARD_2,2,0,329.000,955.000,577.000,1135.000,248.000,180.000,329.000,955.000,577.000,1135.000,248.000,180.000,329.000,955.000,577.000,1135.000,453.000,1045.000,248.000,180.000,0,1.000000,25.150000,353.390353,9.660417
1780467949.317266,,,BOARD_2,2,0,336.000,957.000,584.000,1137.000,248.000,180.000,336.000,957.000,584.000,1137.000,248.000,180.000,336.000,957.000,584.000,1137.000,460.000,1047.000,248.000,180.000,0,1.000000,25.150000,353.422254,9.651250
1780467949.610157,,,BOARD_2,2,0,444.000,983.000,508.000,1103.000,64.000,120.000,444.000,983.000,508.000,1103.000,64.000,120.000,444.000,983.000,508.000,1103.000,476.000,1043.000,64.000,120.000,0,1.000000,97.460000,353.495171,9.669583
1780467949.610157,,,BOARD_2,2,1,453.000,983.000,517.000,1103.000,64.000,120.000,453.000,983.000,517.000,1103.000,64.000,120.000,453.000,983.000,517.000,1103.000,485.000,1043.000,64.000,120.000,0,1.000000,97.460000,353.536186,9.669583
1780467949.954475,,,BOARD_2,2,0,463.000,984.000,527.000,1104.000,64.000,120.000,463.000,984.000,527.000,1104.000,64.000,120.000,463.000,984.000,527.000,1104.000,495.000,1044.000,64.000,120.000,0,1.000000,97.460000,353.581759,9.665000
1780467956.794326,,,BOARD_3,4,0,1878.000,1344.000,2126.000,1524.000,248.000,180.000,1878.000,1344.000,2126.000,1524.000,248.000,180.000,1878.000,1344.000,2126.000,1524.000,2002.000,1434.000,248.000,180.000,0,1.000000,25.150000,323.126798,17.377500
1780467957.042648,,,BOARD_3,4,0,1966.000,1400.000,2021.000,1455.000,55.000,55.000,1966.000,1400.000,2021.000,1455.000,55.000,55.000,1966.000,1400.000,2021.000,1455.000,1993.500,1427.500,55.000,55.000,0,1.000000,113.400000,323.088061,17.407292
1780467957.042648,,,BOARD_3,4,1,1962.000,1397.000,2017.000,1452.000,55.000,55.000,1962.000,1397.000,2017.000,1452.000,55.000,55.000,1962.000,1397.000,2017.000,1452.000,1989.500,1424.500,55.000,55.000,0,1.000000,113.400000,323.069832,17.421042
1780467957.042648,,,BOARD_3,4,2,1959.000,1395.000,2014.000,1450.000,55.000,55.000,1959.000,1395.000,2014.000,1450.000,55.000,55.000,1959.000,1395.000,2014.000,1450.000,1986.500,1422.500,55.000,55.000,0,1.000000,113.400000,323.056160,17.430208
1780467967.326697,,,BOARD_2,0,0,3416.000,786.000,3464.000,823.000,48.000,37.000,3416.000,786.000,3464.000,823.000,48.000,37.000,3416.000,786.000,3464.000,823.000,3440.000,804.500,48.000,37.000,0,1.000000,129.940000,41.235683,10.762708
1780467967.564734,,,BOARD_2,0,0,1328.000,216.000,1392.000,335.000,64.000,119.000,1328.000,216.000,1392.000,335.000,64.000,119.000,1328.000,216.000,1392.000,335.000,1360.000,275.500,64.000,119.000,0,1.000000,97.460000,31.756517,13.187292
1780467967.809059,,,BOARD_2,0,0,1331.000,226.000,1395.000,345.000,64.000,119.000,1331.000,226.000,1395.000,345.000,64.000,119.000,1331.000,226.000,1395.000,345.000,1363.000,285.500,64.000,119.000,0,1.000000,97.460000,31.770189,13.141458
1780467970.238281,,,BOARD_2,3,0,2153.000,271.000,2217.000,390.000,64.000,119.000,2153.000,271.000,2217.000,390.000,64.000,119.000,2153.000,271.000,2217.000,390.000,2185.000,330.500,64.000,119.000,0,1.000000,97.460000,343.978682,12.935208
1780468029.888166,,,BOARD_2,0,0,2452.000,1077.000,2500.000,1128.000,48.000,51.000,2452.000,1077.000,2500.000,1128.000,48.000,51.000,2452.000,1077.000,2500.000,1128.000,2476.000,1102.500,48.000,51.000,0,1.000000,129.940000,36.842454,9.396875
1780468029.888166,,,BOARD_2,0,1,2452.000,1077.000,2500.000,1128.000,48.000,51.000,2452.000,1077.000,2500.000,1128.000,48.000,51.000,2452.000,1077.000,2500.000,1128.000,2476.000,1102.500,48.000,51.000,0,1.000000,129.940000,36.842454,9.396875
1780468030.150684,,,BOARD_2,0,0,2452.000,1077.000,2500.000,1128.000,48.000,51.000,2452.000,1077.000,2500.000,1128.000,48.000,51.000,2452.000,1077.000,2500.000,1128.000,2476.000,1102.500,48.000,51.000,0,1.000000,129.940000,36.842454,9.396875
1780468030.438397,,,BOARD_2,0,0,2452.000,1080.000,2500.000,1128.000,48.000,48.000,2452.000,1080.000,2500.000,1128.000,48.000,48.000,2452.000,1080.000,2500.000,1128.000,2476.000,1104.000,48.000,48.000,0,1.000000,129.940000,36.842454,9.390000
1780468030.438397,,,BOARD_2,0,1,2452.000,1080.000,2500.000,1128.000,48.000,48.000,2452.000,1080.000,2500.000,1128.000,48.000,48.000,2452.000,1080.000,2500.000,1128.000,2476.000,1104.000,48.000,48.000,0,1.000000,129.940000,36.842454,9.390000
1780468030.438397,,,BOARD_2,1,2,3059.000,1308.000,3098.000,1359.000,39.000,51.000,3059.000,1308.000,3098.000,1359.000,39.000,51.000,3059.000,1308.000,3098.000,1359.000,3078.500,1333.500,39.000,51.000,0,1.000000,159.930000,20.838922,8.338125
1780468030.736138,,,BOARD_2,1,0,3060.000,1310.000,3099.000,1361.000,39.000,51.000,3060.000,1310.000,3099.000,1361.000,39.000,51.000,3060.000,1310.000,3099.000,1361.000,3079.500,1335.500,39.000,51.000,0,1.000000,159.930000,20.843480,8.328958
1780468030.985893,,,BOARD_2,1,0,3061.000,1316.000,3101.000,1367.000,40.000,51.000,3061.000,1316.000,3101.000,1367.000,40.000,51.000,3061.000,1316.000,3101.000,1367.000,3081.000,1341.500,40.000,51.000,0,1.000000,155.930000,20.850316,8.301458
1780468031.208912,,,BOARD_2,1,0,3062.000,1319.000,3102.000,1370.000,40.000,51.000,3062.000,1319.000,3102.000,1370.000,40.000,51.000,3062.000,1319.000,3102.000,1370.000,3082.000,1344.500,40.000,51.000,0,1.000000,155.930000,20.854873,8.287708
1780468031.208912,,,BOARD_2,1,1,3064.000,1322.000,3104.000,1373.000,40.000,51.000,3064.000,1322.000,3104.000,1373.000,40.000,51.000,3064.000,1322.000,3104.000,1373.000,3084.000,1347.500,40.000,51.000,0,1.000000,155.930000,20.863988,8.273958
1780468034.400393,,,BOARD_2,2,0,92.000,996.000,156.000,1116.000,64.000,120.000,92.000,996.000,156.000,1116.000,64.000,120.000,92.000,996.000,156.000,1116.000,124.000,1056.000,64.000,120.000,0,1.000000,97.460000,351.891004,9.610000
1780468036.022416,,,BOARD_2,0,0,3379.000,1792.000,3423.000,1832.000,44.000,40.000,3379.000,1792.000,3423.000,1832.000,44.000,40.000,3379.000,1792.000,3423.000,1832.000,3401.000,1812.000,44.000,40.000,0,1.000000,141.760000,41.057949,6.145000
1780468036.022416,,,BOARD_2,0,1,3379.000,1792.000,3423.000,1832.000,44.000,40.000,3379.000,1792.000,3423.000,1832.000,44.000,40.000,3379.000,1792.000,3423.000,1832.000,3401.000,1812.000,44.000,40.000,0,1.000000,141.760000,41.057949,6.145000
1780468036.253213,,,BOARD_2,0,0,3379.000,1792.000,3423.000,1832.000,44.000,40.000,3379.000,1792.000,3423.000,1832.000,44.000,40.000,3379.000,1792.000,3423.000,1832.000,3401.000,1812.000,44.000,40.000,0,1.000000,141.760000,41.057949,6.145000
1780468036.484983,,,BOARD_2,0,0,3379.000,1792.000,3423.000,1832.000,44.000,40.000,3379.000,1792.000,3423.000,1832.000,44.000,40.000,3379.000,1792.000,3423.000,1832.000,3401.000,1812.000,44.000,40.000,0,1.000000,141.760000,41.057949,6.145000
1780468036.484983,,,BOARD_2,0,1,3379.000,1792.000,3423.000,1832.000,44.000,40.000,3379.000,1792.000,3423.000,1832.000,44.000,40.000,3379.000,1792.000,3423.000,1832.000,3401.000,1812.000,44.000,40.000,0,1.000000,141.760000,41.057949,6.145000
1780468036.742774,,,BOARD_2,0,0,3379.000,1792.000,3423.000,1832.000,44.000,40.000,3379.000,1792.000,3423.000,1832.000,44.000,40.000,3379.000,1792.000,3423.000,1832.000,3401.000,1812.000,44.000,40.000,0,1.000000,141.760000,41.057949,6.145000
1780468063.815373,,,BOARD_3,1,0,420.000,1370.000,460.000,1421.000,40.000,51.000,420.000,1370.000,460.000,1421.000,40.000,51.000,420.000,1370.000,460.000,1421.000,440.000,1395.500,40.000,51.000,0,1.000000,155.930000,12.947308,17.553958
1780468063.815373,,,BOARD_3,1,1,421.000,1371.000,461.000,1422.000,40.000,51.000,421.000,1371.000,461.000,1422.000,40.000,51.000,421.000,1371.000,461.000,1422.000,441.000,1396.500,40.000,51.000,0,1.000000,155.930000,12.951866,17.549375
1780468064.157462,,,BOARD_3,1,0,601.000,1133.000,637.000,1169.000,36.000,36.000,601.000,1133.000,637.000,1169.000,36.000,36.000,601.000,1133.000,637.000,1169.000,619.000,1151.000,36.000,36.000,0,1.000000,173.260000,13.763064,18.674583
1780468064.157462,,,BOARD_3,1,1,589.000,1149.000,625.000,1185.000,36.000,36.000,589.000,1149.000,625.000,1185.000,36.000,36.000,589.000,1149.000,625.000,1185.000,607.000,1167.000,36.000,36.000,0,1.000000,173.260000,13.708376,18.601250
1780468064.439685,,,BOARD_3,1,0,576.000,1166.000,612.000,1202.000,36.000,36.000,576.000,1166.000,612.000,1202.000,36.000,36.000,576.000,1166.000,612.000,1202.000,594.000,1184.000,36.000,36.000,0,1.000000,173.260000,13.649131,18.523333
1780468065.143932,,,BOARD_3,1,0,918.000,659.000,982.000,779.000,64.000,120.000,918.000,659.000,982.000,779.000,64.000,120.000,918.000,659.000,982.000,779.000,950.000,719.000,64.000,120.000,0,1.000000,97.460000,15.271527,20.654583
1780468074.033060,,,BOARD_3,4,0,1234.000,838.000,1274.000,889.000,40.000,51.000,1234.000,838.000,1274.000,889.000,40.000,51.000,1234.000,838.000,1274.000,889.000,1254.000,863.500,40.000,51.000,0,1.000000,155.930000,319.717944,19.992292
1780468074.299786,,,BOARD_3,4,0,1235.000,841.000,1275.000,892.000,40.000,51.000,1235.000,841.000,1275.000,892.000,40.000,51.000,1235.000,841.000,1275.000,892.000,1255.000,866.500,40.000,51.000,0,1.000000,155.930000,319.722501,19.978542
1780468092.981307,,,BOARD_5,3,0,1403.000,407.000,1467.000,527.000,64.000,120.000,1403.000,407.000,1467.000,527.000,64.000,120.000,1403.000,407.000,1467.000,527.000,1435.000,467.000,64.000,120.000,0,1.000000,97.460000,338.500014,40.809583
1780468111.368756,,,BOARD_2,1,0,1705.000,1003.000,1741.000,1039.000,36.000,36.000,1705.000,1003.000,1741.000,1039.000,36.000,36.000,1705.000,1003.000,1741.000,1039.000,1723.000,1021.000,36.000,36.000,0,1.000000,173.260000,14.661514,9.770417
1780468111.824880,,,BOARD_2,1,0,1707.000,1003.000,1743.000,1039.000,36.000,36.000,1707.000,1003.000,1743.000,1039.000,36.000,36.000,1707.000,1003.000,1743.000,1039.000,1725.000,1021.000,36.000,36.000,0,1.000000,173.260000,14.670628,9.770417
1780468111.824880,,,BOARD_2,1,1,1707.000,1003.000,1743.000,1039.000,36.000,36.000,1707.000,1003.000,1743.000,1039.000,36.000,36.000,1707.000,1003.000,1743.000,1039.000,1725.000,1021.000,36.000,36.000,0,1.000000,173.260000,14.670628,9.770417
1780468130.029570,,,BOARD_2,1,0,3421.000,1643.000,3669.000,1823.000,248.000,180.000,3421.000,1643.000,3669.000,1823.000,248.000,180.000,3421.000,1643.000,3669.000,1823.000,3545.000,1733.000,248.000,180.000,0,1.000000,25.150000,22.964899,6.507083
1780468130.029570,,,BOARD_2,1,1,3426.000,1645.000,3674.000,1825.000,248.000,180.000,3426.000,1645.000,3674.000,1825.000,248.000,180.000,3426.000,1645.000,3674.000,1825.000,3550.000,1735.000,248.000,180.000,0,1.000000,25.150000,22.987685,6.497917
1780468130.714879,,,BOARD_2,0,0,2246.000,1620.000,2304.000,1668.000,58.000,48.000,2246.000,1620.000,2304.000,1668.000,58.000,48.000,2246.000,1620.000,2304.000,1668.000,2275.000,1644.000,58.000,48.000,0,1.000000,107.540000,35.926439,6.915000
1780468135.172420,,,BOARD_2,1,0,1677.000,655.000,1716.000,706.000,39.000,51.000,1677.000,655.000,1716.000,706.000,39.000,51.000,1677.000,655.000,1716.000,706.000,1696.500,680.500,39.000,51.000,0,1.000000,159.930000,14.540745,11.331042
1780468139.025270,,,BOARD_2,1,0,1675.000,603.000,1715.000,654.000,40.000,51.000,1675.000,603.000,1715.000,654.000,40.000,51.000,1675.000,603.000,1715.000,654.000,1695.000,628.500,40.000,51.000,0,1.000000,155.930000,14.533909,11.569375
1780468139.579273,,,BOARD_2,1,0,1675.000,595.000,1714.000,646.000,39.000,51.000,1675.000,595.000,1714.000,646.000,39.000,51.000,1675.000,595.000,1714.000,646.000,1694.500,620.500,39.000,51.000,0,1.000000,159.930000,14.531631,11.606042
1780468140.061497,,,BOARD_2,1,0,1668.000,615.000,1708.000,651.000,40.000,36.000,1668.000,615.000,1708.000,651.000,40.000,36.000,1668.000,615.000,1708.000,651.000,1688.000,633.000,40.000,36.000,0,1.000000,155.930000,14.502008,11.548750
1780468140.061497,,,BOARD_2,1,1,1675.000,590.000,1714.000,641.000,39.000,51.000,1675.000,590.000,1714.000,641.000,39.000,51.000,1675.000,590.000,1714.000,641.000,1694.500,615.500,39.000,51.000,0,1.000000,159.930000,14.531631,11.628958
1780468140.327604,,,BOARD_2,1,0,1678.000,581.000,1717.000,632.000,39.000,51.000,1678.000,581.000,1717.000,632.000,39.000,51.000,1678.000,581.000,1717.000,632.000,1697.500,606.500,39.000,51.000,0,1.000000,159.930000,14.545303,11.670208
1780468140.549721,,,BOARD_2,1,0,1667.000,613.000,1711.000,657.000,44.000,44.000,1667.000,613.000,1711.000,657.000,44.000,44.000,1667.000,613.000,1711.000,657.000,1689.000,635.000,44.000,44.000,0,1.000000,141.760000,14.506566,11.539583
1780468140.549721,,,BOARD_2,1,1,1667.000,614.000,1711.000,658.000,44.000,44.000,1667.000,614.000,1711.000,658.000,44.000,44.000,1667.000,614.000,1711.000,658.000,1689.000,636.000,44.000,44.000,0,1.000000,141.760000,14.506566,11.535000
1780468141.067828,,,BOARD_2,1,0,1682.000,588.000,1721.000,639.000,39.000,51.000,1682.000,588.000,1721.000,639.000,39.000,51.000,1682.000,588.000,1721.000,639.000,1701.500,613.500,39.000,51.000,0,1.000000,159.930000,14.563532,11.638125
1780468141.333492,,,BOARD_2,1,0,1684.000,585.000,1723.000,636.000,39.000,51.000,1684.000,585.000,1723.000,636.000,39.000,51.000,1684.000,585.000,1723.000,636.000,1703.500,610.500,39.000,51.000,0,1.000000,159.930000,14.572646,11.651875
1780468141.670077,,,BOARD_2,1,0,1667.000,624.000,1711.000,664.000,44.000,40.000,1667.000,624.000,1711.000,664.000,44.000,40.000,1667.000,624.000,1711.000,664.000,1689.000,644.000,44.000,40.000,0,1.000000,141.760000,14.506566,11.498333
1780468142.144533,,,BOARD_2,1,0,1668.000,630.000,1708.000,666.000,40.000,36.000,1668.000,630.000,1708.000,666.000,40.000,36.000,1668.000,630.000,1708.000,666.000,1688.000,648.000,40.000,36.000,0,1.000000,155.930000,14.502008,11.480000
1780468142.697144,,,BOARD_2,1,0,1672.000,611.000,1711.000,662.000,39.000,51.000,1672.000,611.000,1711.000,662.000,39.000,51.000,1672.000,611.000,1711.000,662.000,1691.500,636.500,39.000,51.000,0,1.000000,159.930000,14.517959,11.532708
1780468143.145937,,,BOARD_2,1,0,1665.000,632.000,1709.000,668.000,44.000,36.000,1665.000,632.000,1709.000,668.000,44.000,36.000,1665.000,632.000,1709.000,668.000,1687.000,650.000,44.000,36.000,0,1.000000,141.760000,14.497451,11.470833
1780468143.612250,,,BOARD_2,1,0,1666.000,632.000,1706.000,668.000,40.000,36.000,1666.000,632.000,1706.000,668.000,40.000,36.000,1666.000,632.000,1706.000,668.000,1686.000,650.000,40.000,36.000,0,1.000000,155.930000,14.492894,11.470833
1780468143.880066,,,BOARD_2,1,0,1666.000,633.000,1706.000,669.000,40.000,36.000,1666.000,633.000,1706.000,669.000,40.000,36.000,1666.000,633.000,1706.000,669.000,1686.000,651.000,40.000,36.000,0,1.000000,155.930000,14.492894,11.466250
1780468144.230977,,,BOARD_2,1,0,1668.000,633.000,1704.000,669.000,36.000,36.000,1668.000,633.000,1704.000,669.000,36.000,36.000,1668.000,633.000,1704.000,669.000,1686.000,651.000,36.000,36.000,0,1.000000,173.260000,14.492894,11.466250
1780468144.230977,,,BOARD_2,1,1,1668.000,634.000,1704.000,670.000,36.000,36.000,1668.000,634.000,1704.000,670.000,36.000,36.000,1668.000,634.000,1704.000,670.000,1686.000,652.000,36.000,36.000,0,1.000000,173.260000,14.492894,11.461667
1780468144.690670,,,BOARD_2,1,0,1668.000,633.000,1705.000,669.000,37.000,36.000,1668.000,633.000,1705.000,669.000,37.000,36.000,1668.000,633.000,1705.000,669.000,1686.500,651.000,37.000,36.000,0,1.000000,168.570000,14.495172,11.466250
1780468144.690670,,,BOARD_2,1,1,1672.000,626.000,1711.000,677.000,39.000,51.000,1672.000,626.000,1711.000,677.000,39.000,51.000,1672.000,626.000,1711.000,677.000,1691.500,651.500,39.000,51.000,0,1.000000,159.930000,14.517959,11.463958
1780468144.990800,,,BOARD_2,1,0,1675.000,626.000,1714.000,677.000,39.000,51.000,1675.000,626.000,1714.000,677.000,39.000,51.000,1675.000,626.000,1714.000,677.000,1694.500,651.500,39.000,51.000,0,1.000000,159.930000,14.531631,11.463958
1780468145.252403,,,BOARD_2,1,0,1671.000,628.000,1710.000,679.000,39.000,51.000,1671.000,628.000,1710.000,679.000,39.000,51.000,1671.000,628.000,1710.000,679.000,1690.500,653.500,39.000,51.000,0,1.000000,159.930000,14.513402,11.454792
1780468145.252403,,,BOARD_2,1,1,1672.000,629.000,1711.000,680.000,39.000,51.000,1672.000,629.000,1711.000,680.000,39.000,51.000,1672.000,629.000,1711.000,680.000,1691.500,654.500,39.000,51.000,0,1.000000,159.930000,14.517959,11.450208
1780468145.460474,,,BOARD_2,1,0,1673.000,629.000,1712.000,680.000,39.000,51.000,1673.000,629.000,1712.000,680.000,39.000,51.000,1673.000,629.000,1712.000,680.000,1692.500,654.500,39.000,51.000,0,1.000000,159.930000,14.522516,11.450208
1780468145.755972,,,BOARD_2,1,0,1670.000,633.000,1710.000,669.000,40.000,36.000,1670.000,633.000,1710.000,669.000,40.000,36.000,1670.000,633.000,1710.000,669.000,1690.000,651.000,40.000,36.000,0,1.000000,155.930000,14.511123,11.466250
1780468145.755972,,,BOARD_2,1,1,1670.000,633.000,1710.000,669.000,40.000,36.000,1670.000,633.000,1710.000,669.000,40.000,36.000,1670.000,633.000,1710.000,669.000,1690.000,651.000,40.000,36.000,0,1.000000,155.930000,14.511123,11.466250
1780468145.975172,,,BOARD_2,1,0,1671.000,633.000,1711.000,669.000,40.000,36.000,1671.000,633.000,1711.000,669.000,40.000,36.000,1671.000,633.000,1711.000,669.000,1691.000,651.000,40.000,36.000,0,1.000000,155.930000,14.515680,11.466250
1780468146.233095,,,BOARD_2,1,0,1672.000,632.000,1708.000,668.000,36.000,36.000,1672.000,632.000,1708.000,668.000,36.000,36.000,1672.000,632.000,1708.000,668.000,1690.000,650.000,36.000,36.000,0,1.000000,173.260000,14.511123,11.470833
1780468146.233095,,,BOARD_2,1,1,1678.000,628.000,1718.000,679.000,40.000,51.000,1678.000,628.000,1718.000,679.000,40.000,51.000,1678.000,628.000,1718.000,679.000,1698.000,653.500,40.000,51.000,0,1.000000,155.930000,14.547581,11.454792
1780468146.478019,,,BOARD_2,1,0,1682.000,630.000,1722.000,681.000,40.000,51.000,1682.000,630.000,1722.000,681.000,40.000,51.000,1682.000,630.000,1722.000,681.000,1702.000,655.500,40.000,51.000,0,1.000000,155.930000,14.565810,11.445625
1780468146.705051,,,BOARD_2,1,0,1668.000,634.000,1708.000,670.000,40.000,36.000,1668.000,634.000,1708.000,670.000,40.000,36.000,1668.000,634.000,1708.000,670.000,1688.000,652.000,40.000,36.000,0,1.000000,155.930000,14.502008,11.461667
1780468146.705051,,,BOARD_2,1,1,1667.000,634.000,1707.000,670.000,40.000,36.000,1667.000,634.000,1707.000,670.000,40.000,36.000,1667.000,634.000,1707.000,670.000,1687.000,652.000,40.000,36.000,0,1.000000,155.930000,14.497451,11.461667
1780468146.955860,,,BOARD_2,1,0,1667.000,635.000,1707.000,671.000,40.000,36.000,1667.000,635.000,1707.000,671.000,40.000,36.000,1667.000,635.000,1707.000,671.000,1687.000,653.000,40.000,36.000,0,1.000000,155.930000,14.497451,11.457083
1780468147.291050,,,BOARD_2,1,0,1678.000,629.000,1717.000,680.000,39.000,51.000,1678.000,629.000,1717.000,680.000,39.000,51.000,1678.000,629.000,1717.000,680.000,1697.500,654.500,39.000,51.000,0,1.000000,159.930000,14.545303,11.450208
1780468147.291050,,,BOARD_2,1,1,1671.000,629.000,1710.000,680.000,39.000,51.000,1671.000,629.000,1710.000,680.000,39.000,51.000,1671.000,629.000,1710.000,680.000,1690.500,654.500,39.000,51.000,0,1.000000,159.930000,14.513402,11.450208
1780468147.573804,,,BOARD_2,1,0,1668.000,629.000,1707.000,680.000,39.000,51.000,1668.000,629.000,1707.000,680.000,39.000,51.000,1668.000,629.000,1707.000,680.000,1687.500,654.500,39.000,51.000,0,1.000000,159.930000,14.499730,11.450208
1780468147.941813,,,BOARD_2,1,0,1671.000,629.000,1710.000,680.000,39.000,51.000,1671.000,629.000,1710.000,680.000,39.000,51.000,1671.000,629.000,1710.000,680.000,1690.500,654.500,39.000,51.000,0,1.000000,159.930000,14.513402,11.450208
1780468147.941813,,,BOARD_2,1,1,1670.000,629.000,1709.000,680.000,39.000,51.000,1670.000,629.000,1709.000,680.000,39.000,51.000,1670.000,629.000,1709.000,680.000,1689.500,654.500,39.000,51.000,0,1.000000,159.930000,14.508844,11.450208
1780468148.149471,,,BOARD_2,1,0,1668.000,629.000,1707.000,680.000,39.000,51.000,1668.000,629.000,1707.000,680.000,39.000,51.000,1668.000,629.000,1707.000,680.000,1687.500,654.500,39.000,51.000,0,1.000000,159.930000,14.499730,11.450208
1780468148.425420,,,BOARD_2,1,0,1666.000,635.000,1706.000,671.000,40.000,36.000,1666.000,635.000,1706.000,671.000,40.000,36.000,1666.000,635.000,1706.000,671.000,1686.000,653.000,40.000,36.000,0,1.000000,155.930000,14.492894,11.457083
1780468148.425420,,,BOARD_2,1,1,1665.000,635.000,1705.000,671.000,40.000,36.000,1665.000,635.000,1705.000,671.000,40.000,36.000,1665.000,635.000,1705.000,671.000,1685.000,653.000,40.000,36.000,0,1.000000,155.930000,14.488336,11.457083
1780468148.644510,,,BOARD_2,1,0,1674.000,629.000,1714.000,680.000,40.000,51.000,1674.000,629.000,1714.000,680.000,40.000,51.000,1674.000,629.000,1714.000,680.000,1694.000,654.500,40.000,51.000,0,1.000000,155.930000,14.529352,11.450208
1780468148.957264,,,BOARD_2,1,0,1668.000,632.000,1708.000,668.000,40.000,36.000,1668.000,632.000,1708.000,668.000,40.000,36.000,1668.000,632.000,1708.000,668.000,1688.000,650.000,40.000,36.000,0,1.000000,155.930000,14.502008,11.470833
1780468148.957264,,,BOARD_2,1,1,1665.000,630.000,1705.000,666.000,40.000,36.000,1665.000,630.000,1705.000,666.000,40.000,36.000,1665.000,630.000,1705.000,666.000,1685.000,648.000,40.000,36.000,0,1.000000,155.930000,14.488336,11.480000
1780468149.158386,,,BOARD_2,1,0,1663.000,627.000,1703.000,663.000,40.000,36.000,1663.000,627.000,1703.000,663.000,40.000,36.000,1663.000,627.000,1703.000,663.000,1683.000,645.000,40.000,36.000,0,1.000000,155.930000,14.479222,11.493750
1780468149.365966,,,BOARD_6,0,0,896.000,1154.000,933.000,1190.000,37.000,36.000,896.000,1154.000,933.000,1190.000,37.000,36.000,896.000,1154.000,933.000,1190.000,914.500,1172.000,37.000,36.000,0,1.000000,168.570000,37.187943,47.078333
1780468149.365966,,,BOARD_2,1,1,1665.000,616.000,1709.000,671.000,44.000,55.000,1665.000,616.000,1709.000,671.000,44.000,55.000,1665.000,616.000,1709.000,671.000,1687.000,643.500,44.000,55.000,0,1.000000,141.760000,14.497451,11.500625
1780468149.649209,,,BOARD_6,0,0,895.000,1153.000,932.000,1189.000,37.000,36.000,895.000,1153.000,932.000,1189.000,37.000,36.000,895.000,1153.000,932.000,1189.000,913.500,1171.000,37.000,36.000,0,1.000000,168.570000,37.183386,47.082917
1780468149.649209,,,BOARD_2,1,1,1664.000,614.000,1708.000,669.000,44.000,55.000,1664.000,614.000,1708.000,669.000,44.000,55.000,1664.000,614.000,1708.000,669.000,1686.000,641.500,44.000,55.000,0,1.000000,141.760000,14.492894,11.509792
1780468149.649209,,,BOARD_6,0,2,893.000,1151.000,930.000,1187.000,37.000,36.000,893.000,1151.000,930.000,1187.000,37.000,36.000,893.000,1151.000,930.000,1187.000,911.500,1169.000,37.000,36.000,0,1.000000,168.570000,37.174271,47.092083
1780468149.905872,,,BOARD_2,1,0,1672.000,630.000,1711.000,681.000,39.000,51.000,1672.000,630.000,1711.000,681.000,39.000,51.000,1672.000,630.000,1711.000,681.000,1691.500,655.500,39.000,51.000,0,1.000000,159.930000,14.517959,11.445625
1780468150.128298,,,BOARD_6,0,0,896.000,1154.000,933.000,1190.000,37.000,36.000,896.000,1154.000,933.000,1190.000,37.000,36.000,896.000,1154.000,933.000,1190.000,914.500,1172.000,37.000,36.000,0,1.000000,168.570000,37.187943,47.078333
1780468150.128298,,,BOARD_2,1,1,1672.000,630.000,1711.000,681.000,39.000,51.000,1672.000,630.000,1711.000,681.000,39.000,51.000,1672.000,630.000,1711.000,681.000,1691.500,655.500,39.000,51.000,0,1.000000,159.930000,14.517959,11.445625
1780468150.370856,,,BOARD_6,0,0,895.000,1153.000,932.000,1189.000,37.000,36.000,895.000,1153.000,932.000,1189.000,37.000,36.000,895.000,1153.000,932.000,1189.000,913.500,1171.000,37.000,36.000,0,1.000000,168.570000,37.183386,47.082917
1780468150.370856,,,BOARD_2,1,1,1672.000,631.000,1711.000,682.000,39.000,51.000,1672.000,631.000,1711.000,682.000,39.000,51.000,1672.000,631.000,1711.000,682.000,1691.500,656.500,39.000,51.000,0,1.000000,159.930000,14.517959,11.441042
1780468150.370856,,,BOARD_6,0,2,895.000,1153.000,932.000,1189.000,37.000,36.000,895.000,1153.000,932.000,1189.000,37.000,36.000,895.000,1153.000,932.000,1189.000,913.500,1171.000,37.000,36.000,0,1.000000,168.570000,37.183386,47.082917
1780468150.588990,,,BOARD_2,1,0,1678.000,639.000,1717.000,690.000,39.000,51.000,1678.000,639.000,1717.000,690.000,39.000,51.000,1678.000,639.000,1717.000,690.000,1697.500,664.500,39.000,51.000,0,1.000000,159.930000,14.545303,11.404375
1780468150.817786,,,BOARD_2,1,0,1665.000,599.000,1701.000,635.000,36.000,36.000,1665.000,599.000,1701.000,635.000,36.000,36.000,1665.000,599.000,1701.000,635.000,1683.000,617.000,36.000,36.000,0,1.000000,173.260000,14.479222,11.622083
1780468150.817786,,,BOARD_2,1,1,1658.000,574.000,1694.000,610.000,36.000,36.000,1658.000,574.000,1694.000,610.000,36.000,36.000,1658.000,574.000,1694.000,610.000,1676.000,592.000,36.000,36.000,0,1.000000,173.260000,14.447321,11.736667
1780468151.131393,,,BOARD_2,1,0,1651.000,549.000,1687.000,585.000,36.000,36.000,1651.000,549.000,1687.000,585.000,36.000,36.000,1651.000,549.000,1687.000,585.000,1669.000,567.000,36.000,36.000,0,1.000000,173.260000,14.415420,11.851250
1780468166.119663,,,BOARD_2,1,0,1558.000,84.000,1616.000,139.000,58.000,55.000,1558.000,84.000,1616.000,139.000,58.000,55.000,1558.000,84.000,1616.000,139.000,1587.000,111.500,58.000,55.000,0,1.000000,107.540000,14.041722,13.938958
1780468166.583540,,,BOARD_2,1,0,1551.000,80.000,1613.000,135.000,62.000,55.000,1551.000,80.000,1613.000,135.000,62.000,55.000,1551.000,80.000,1613.000,135.000,1582.000,107.500,62.000,55.000,0,1.000000,100.600000,14.018935,13.957292
1780468171.190121,,,BOARD_2,1,0,1467.000,158.000,1715.000,338.000,248.000,180.000,1467.000,158.000,1715.000,338.000,248.000,180.000,1467.000,158.000,1715.000,338.000,1591.000,248.000,248.000,180.000,0,1.000000,25.150000,14.059951,13.313333
1780468171.463248,,,BOARD_2,1,0,1561.000,242.000,1601.000,293.000,40.000,51.000,1561.000,242.000,1601.000,293.000,40.000,51.000,1561.000,242.000,1601.000,293.000,1581.000,267.500,40.000,51.000,0,1.000000,155.930000,14.014378,13.223958
1780468171.463248,,,BOARD_2,1,1,1554.000,266.000,1594.000,317.000,40.000,51.000,1554.000,266.000,1594.000,317.000,40.000,51.000,1554.000,266.000,1594.000,317.000,1574.000,291.500,40.000,51.000,0,1.000000,155.930000,13.982477,13.113958
1780468171.812010,,,BOARD_2,1,0,1566.000,306.000,1606.000,357.000,40.000,51.000,1566.000,306.000,1606.000,357.000,40.000,51.000,1566.000,306.000,1606.000,357.000,1586.000,331.500,40.000,51.000,0,1.000000,155.930000,14.037165,12.930625
1780468171.812010,,,BOARD_2,1,1,1564.000,335.000,1604.000,386.000,40.000,51.000,1564.000,335.000,1604.000,386.000,40.000,51.000,1564.000,335.000,1604.000,386.000,1584.000,360.500,40.000,51.000,0,1.000000,155.930000,14.028050,12.797708
1780468172.050010,,,BOARD_2,1,0,1563.000,363.000,1603.000,414.000,40.000,51.000,1563.000,363.000,1603.000,414.000,40.000,51.000,1563.000,363.000,1603.000,414.000,1583.000,388.500,40.000,51.000,0,1.000000,155.930000,14.023493,12.669375
1780468173.919450,,,BOARD_5,2,0,1277.000,745.000,1341.000,864.000,64.000,119.000,1277.000,745.000,1341.000,864.000,64.000,119.000,1277.000,745.000,1341.000,864.000,1309.000,804.500,64.000,119.000,0,1.000000,97.460000,357.985795,39.262708
1780468173.919450,,,BOARD_5,2,1,1279.000,746.000,1343.000,865.000,64.000,119.000,1279.000,746.000,1343.000,865.000,64.000,119.000,1279.000,746.000,1343.000,865.000,1311.000,805.500,64.000,119.000,0,1.000000,97.460000,357.994909,39.258125
1780468175.661707,,,BOARD_2,1,0,1520.000,218.000,1560.000,269.000,40.000,51.000,1520.000,218.000,1560.000,269.000,40.000,51.000,1520.000,218.000,1560.000,269.000,1540.000,243.500,40.000,51.000,0,1.000000,155.930000,13.827529,13.333958
1780468176.145248,,,BOARD_2,1,0,1516.000,226.000,1556.000,277.000,40.000,51.000,1516.000,226.000,1556.000,277.000,40.000,51.000,1516.000,226.000,1556.000,277.000,1536.000,251.500,40.000,51.000,0,1.000000,155.930000,13.809300,13.297292
1780468183.517943,,,BOARD_3,1,0,176.000,1970.000,424.000,2150.000,248.000,180.000,176.000,1970.000,424.000,2150.000,248.000,180.000,176.000,1970.000,424.000,2150.000,300.000,2060.000,248.000,180.000,0,1.000000,25.150000,12.309287,14.508333
1780468188.040805,,,BOARD_3,2,0,3139.000,1714.000,3280.000,1772.000,141.000,58.000,3139.000,1714.000,3280.000,1772.000,141.000,58.000,3139.000,1714.000,3280.000,1772.000,3209.500,1743.000,141.000,58.000,0,1.000000,44.240000,6.846928,15.961250
1780468188.573836,,,BOARD_3,2,0,3142.000,1719.000,3280.000,1770.000,138.000,51.000,3142.000,1719.000,3280.000,1770.000,138.000,51.000,3142.000,1719.000,3280.000,1770.000,3211.000,1744.500,138.000,51.000,0,1.000000,45.200000,6.853764,15.954375
1780468189.051786,,,BOARD_3,2,0,3178.000,1719.000,3269.000,1770.000,91.000,51.000,3178.000,1719.000,3269.000,1770.000,91.000,51.000,3178.000,1719.000,3269.000,1770.000,3223.500,1744.500,91.000,51.000,0,1.000000,68.540000,6.910730,15.954375
1780468194.225238,,,BOARD_3,2,0,3547.000,1683.000,3583.000,1719.000,36.000,36.000,3547.000,1683.000,3583.000,1719.000,36.000,36.000,3547.000,1683.000,3583.000,1719.000,3565.000,1701.000,36.000,36.000,0,1.000000,173.260000,8.467045,16.153750
1780468194.550422,,,BOARD_3,2,0,3548.000,1681.000,3621.000,1732.000,73.000,51.000,3548.000,1681.000,3621.000,1732.000,73.000,51.000,3548.000,1681.000,3621.000,1732.000,3584.500,1706.500,73.000,51.000,0,1.000000,85.440000,8.555912,16.128542
1780468194.915094,,,BOARD_3,2,0,3579.000,1691.000,3615.000,1727.000,36.000,36.000,3579.000,1691.000,3615.000,1727.000,36.000,36.000,3579.000,1691.000,3615.000,1727.000,3597.000,1709.000,36.000,36.000,0,1.000000,173.260000,8.612878,16.117083
1780468197.704412,,,BOARD_3,2,0,3540.000,1686.000,3700.000,1752.000,160.000,66.000,3540.000,1686.000,3700.000,1752.000,160.000,66.000,3540.000,1686.000,3700.000,1752.000,3620.000,1719.000,160.000,66.000,0,1.000000,38.980000,8.717696,16.071250
1780468198.155057,,,BOARD_3,2,0,3604.000,1686.000,3713.000,1744.000,109.000,58.000,3604.000,1686.000,3713.000,1744.000,109.000,58.000,3604.000,1686.000,3713.000,1744.000,3658.500,1715.000,109.000,58.000,0,1.000000,57.220000,8.893152,16.089583
1780468198.591417,,,BOARD_3,2,0,3604.000,1686.000,3716.000,1741.000,112.000,55.000,3604.000,1686.000,3716.000,1741.000,112.000,55.000,3604.000,1686.000,3716.000,1741.000,3660.000,1713.500,112.000,55.000,0,1.000000,55.690000,8.899988,16.096458
1780468205.314513,,,BOARD_3,2,0,2924.000,1765.000,3056.000,1856.000,132.000,91.000,2924.000,1765.000,3056.000,1856.000,132.000,91.000,2924.000,1765.000,3056.000,1856.000,2990.000,1810.500,132.000,91.000,0,1.000000,47.250000,5.846602,15.651875
1780468205.314513,,,BOARD_3,2,1,2931.000,1767.000,3063.000,1858.000,132.000,91.000,2931.000,1767.000,3063.000,1858.000,132.000,91.000,2931.000,1767.000,3063.000,1858.000,2997.000,1812.500,132.000,91.000,0,1.000000,47.250000,5.878503,15.642708
1780468205.613044,,,BOARD_3,2,0,2832.000,1798.000,2916.000,1846.000,84.000,48.000,2832.000,1798.000,2916.000,1846.000,84.000,48.000,2832.000,1798.000,2916.000,1846.000,2874.000,1822.000,84.000,48.000,0,1.000000,74.250000,5.317956,15.599167
1780468205.818356,,,BOARD_3,2,0,2803.000,1802.000,2887.000,1850.000,84.000,48.000,2803.000,1802.000,2887.000,1850.000,84.000,48.000,2803.000,1802.000,2887.000,1850.000,2845.000,1826.000,84.000,48.000,0,1.000000,74.250000,5.185795,15.580833
1780468206.512655,,,BOARD_3,2,0,2202.000,1874.000,2293.000,1929.000,91.000,55.000,2202.000,1874.000,2293.000,1929.000,91.000,55.000,2202.000,1874.000,2293.000,1929.000,2247.500,1901.500,91.000,55.000,0,1.000000,68.540000,2.462813,15.234792
1780468206.512655,,,BOARD_3,2,1,2385.000,1857.000,2472.000,1901.000,87.000,44.000,2385.000,1857.000,2472.000,1901.000,87.000,44.000,2385.000,1857.000,2472.000,1901.000,2428.500,1879.000,87.000,44.000,0,1.000000,71.690000,3.287683,15.337917
1780468206.991983,,,BOARD_3,2,0,2249.000,1887.000,2285.000,1923.000,36.000,36.000,2249.000,1887.000,2285.000,1923.000,36.000,36.000,2249.000,1887.000,2285.000,1923.000,2267.000,1905.000,36.000,36.000,0,1.000000,173.260000,2.551680,15.218750
1780468211.075997,,,BOARD_3,2,0,578.000,1351.000,618.000,1402.000,40.000,51.000,578.000,1351.000,618.000,1402.000,40.000,51.000,578.000,1351.000,618.000,1402.000,598.000,1376.500,40.000,51.000,0,1.000000,155.930000,354.945560,17.641042
1780468211.075997,,,BOARD_3,2,1,579.000,1352.000,619.000,1403.000,40.000,51.000,579.000,1352.000,619.000,1403.000,40.000,51.000,579.000,1352.000,619.000,1403.000,599.000,1377.500,40.000,51.000,0,1.000000,155.930000,354.950118,17.636458
1780468217.363809,,,BOARD_3,2,0,2305.000,1261.000,2369.000,1381.000,64.000,120.000,2305.000,1261.000,2369.000,1381.000,64.000,120.000,2305.000,1261.000,2369.000,1381.000,2337.000,1321.000,64.000,120.000,0,1.000000,97.460000,2.870691,17.895417
1780468217.363809,,,BOARD_3,2,1,2306.000,1262.000,2370.000,1382.000,64.000,120.000,2306.000,1262.000,2370.000,1382.000,64.000,120.000,2306.000,1262.000,2370.000,1382.000,2338.000,1322.000,64.000,120.000,0,1.000000,97.460000,2.875248,17.890833
1780468236.889979,,,BOARD_3,2,0,1451.000,994.000,1515.000,1114.000,64.000,120.000,1451.000,994.000,1515.000,1114.000,64.000,120.000,1451.000,994.000,1515.000,1114.000,1483.000,1054.000,64.000,120.000,0,1.000000,97.460000,358.978764,19.119167
1780468237.372159,,,BOARD_3,2,0,1350.000,969.000,1598.000,1149.000,248.000,180.000,1350.000,969.000,1598.000,1149.000,248.000,180.000,1350.000,969.000,1598.000,1149.000,1474.000,1059.000,248.000,180.000,0,1.000000,25.150000,358.937748,19.096250
1780468239.248243,,,BOARD_3,2,0,1416.000,977.000,1480.000,1097.000,64.000,120.000,1416.000,977.000,1480.000,1097.000,64.000,120.000,1416.000,977.000,1480.000,1097.000,1448.000,1037.000,64.000,120.000,0,1.000000,97.460000,358.819258,19.197083
1780468239.248243,,,BOARD_3,2,1,1418.000,978.000,1482.000,1098.000,64.000,120.000,1418.000,978.000,1482.000,1098.000,64.000,120.000,1418.000,978.000,1482.000,1098.000,1450.000,1038.000,64.000,120.000,0,1.000000,97.460000,358.828373,19.192500
1780468243.443716,,,BOARD_3,2,0,1777.000,959.000,1841.000,1079.000,64.000,120.000,1777.000,959.000,1841.000,1079.000,64.000,120.000,1777.000,959.000,1841.000,1079.000,1809.000,1019.000,64.000,120.000,0,1.000000,97.460000,0.464441,19.279583
1780468243.650993,,,BOARD_3,2,0,1784.000,961.000,1848.000,1081.000,64.000,120.000,1784.000,961.000,1848.000,1081.000,64.000,120.000,1784.000,961.000,1848.000,1081.000,1816.000,1021.000,64.000,120.000,0,1.000000,97.460000,0.496342,19.270417
1780468247.236092,,,BOARD_3,1,0,889.000,1698.000,928.000,1749.000,39.000,51.000,889.000,1698.000,928.000,1749.000,39.000,51.000,889.000,1698.000,928.000,1749.000,908.500,1723.500,39.000,51.000,0,1.000000,159.930000,15.082399,16.050625
1780468257.250030,,,BOARD_3,0,0,3149.000,355.000,3213.000,475.000,64.000,120.000,3149.000,355.000,3213.000,475.000,64.000,120.000,3149.000,355.000,3213.000,475.000,3181.000,415.000,64.000,120.000,0,1.000000,97.460000,37.733745,22.047917
1780468257.250030,,,BOARD_3,0,1,3150.000,356.000,3214.000,476.000,64.000,120.000,3150.000,356.000,3214.000,476.000,64.000,120.000,3150.000,356.000,3214.000,476.000,3182.000,416.000,64.000,120.000,0,1.000000,97.460000,37.738302,22.043333
1780468257.641898,,,BOARD_3,0,0,3161.000,389.000,3201.000,441.000,40.000,52.000,3161.000,389.000,3201.000,441.000,40.000,52.000,3161.000,389.000,3201.000,441.000,3181.000,415.000,40.000,52.000,0,1.000000,155.930000,37.733745,22.047917
1780468257.641898,,,BOARD_3,0,1,3161.000,389.000,3201.000,441.000,40.000,52.000,3161.000,389.000,3201.000,441.000,40.000,52.000,3161.000,389.000,3201.000,441.000,3181.000,415.000,40.000,52.000,0,1.000000,155.930000,37.733745,22.047917
1780468259.769492,,,BOARD_3,2,0,2824.000,1265.000,3072.000,1445.000,248.000,180.000,2824.000,1265.000,3072.000,1445.000,248.000,180.000,2824.000,1265.000,3072.000,1445.000,2948.000,1355.000,248.000,180.000,0,1.000000,25.150000,5.655196,17.739583
1780468259.769492,,,BOARD_3,2,1,2825.000,1282.000,3073.000,1462.000,248.000,180.000,2825.000,1282.000,3073.000,1462.000,248.000,180.000,2825.000,1282.000,3073.000,1462.000,2949.000,1372.000,248.000,180.000,0,1.000000,25.150000,5.659753,17.661667
1780468270.086375,,,BOARD_3,2,0,2613.000,1123.000,2649.000,1159.000,36.000,36.000,2613.000,1123.000,2649.000,1159.000,36.000,36.000,2613.000,1123.000,2649.000,1159.000,2631.000,1141.000,36.000,36.000,0,1.000000,173.260000,4.210534,18.720417
1780468277.754706,,,BOARD_2,4,0,737.000,1577.000,773.000,1613.000,36.000,36.000,737.000,1577.000,773.000,1613.000,36.000,36.000,737.000,1577.000,773.000,1613.000,755.000,1595.000,36.000,36.000,0,1.000000,173.260000,337.061055,7.139583
1780468278.778972,,,BOARD_2,4,0,795.000,1497.000,831.000,1533.000,36.000,36.000,795.000,1497.000,831.000,1533.000,36.000,36.000,795.000,1497.000,831.000,1533.000,813.000,1515.000,36.000,36.000,0,1.000000,173.260000,337.325378,7.506250
1780468280.051944,,,BOARD_5,3,0,1443.000,893.000,1679.000,1369.000,236.000,476.000,1443.000,893.000,1679.000,1369.000,236.000,476.000,1443.000,893.000,1679.000,1369.000,1561.000,1131.000,236.000,476.000,0,1.000000,26.430000,339.074232,37.766250
1780468280.051944,,,BOARD_5,3,1,1446.000,896.000,1682.000,1372.000,236.000,476.000,1446.000,896.000,1682.000,1372.000,236.000,476.000,1446.000,896.000,1682.000,1372.000,1564.000,1134.000,236.000,476.000,0,1.000000,26.430000,339.087904,37.752500
1780468285.349454,,,BOARD_3,2,0,2840.000,1571.000,2924.000,1615.000,84.000,44.000,2840.000,1571.000,2924.000,1615.000,84.000,44.000,2840.000,1571.000,2924.000,1615.000,2882.000,1593.000,84.000,44.000,0,1.000000,74.250000,5.354415,16.648750
1780468285.349454,,,BOARD_3,2,1,2840.000,1570.000,2924.000,1614.000,84.000,44.000,2840.000,1570.000,2924.000,1614.000,84.000,44.000,2840.000,1570.000,2924.000,1614.000,2882.000,1592.000,84.000,44.000,0,1.000000,74.250000,5.354415,16.653333
1780468285.349454,,,BOARD_3,2,2,2840.000,1570.000,2924.000,1614.000,84.000,44.000,2840.000,1570.000,2924.000,1614.000,84.000,44.000,2840.000,1570.000,2924.000,1614.000,2882.000,1592.000,84.000,44.000,0,1.000000,74.250000,5.354415,16.653333
1780468285.736972,,,BOARD_3,2,0,2863.000,1574.000,2914.000,1614.000,51.000,40.000,2863.000,1574.000,2914.000,1614.000,51.000,40.000,2863.000,1574.000,2914.000,1614.000,2888.500,1594.000,51.000,40.000,0,1.000000,122.300000,5.384037,16.644167
1780468285.736972,,,BOARD_3,2,1,2864.000,1574.000,2915.000,1614.000,51.000,40.000,2864.000,1574.000,2915.000,1614.000,51.000,40.000,2864.000,1574.000,2915.000,1614.000,2889.500,1594.000,51.000,40.000,0,1.000000,122.300000,5.388594,16.644167
1780468285.941997,,,BOARD_3,2,0,2779.000,1515.000,3027.000,1695.000,248.000,180.000,2779.000,1515.000,3027.000,1695.000,248.000,180.000,2779.000,1515.000,3027.000,1695.000,2903.000,1605.000,248.000,180.000,0,1.000000,25.150000,5.450118,16.593750
1780468285.941997,,,BOARD_3,2,1,2827.000,1576.000,2925.000,1616.000,98.000,40.000,2827.000,1576.000,2925.000,1616.000,98.000,40.000,2827.000,1576.000,2925.000,1616.000,2876.000,1596.000,98.000,40.000,0,1.000000,63.650000,5.327071,16.635000
1780468286.203332,,,BOARD_3,2,0,2814.000,1572.000,2912.000,1612.000,98.000,40.000,2814.000,1572.000,2912.000,1612.000,98.000,40.000,2814.000,1572.000,2912.000,1612.000,2863.000,1592.000,98.000,40.000,0,1.000000,63.650000,5.267826,16.653333
1780468286.203332,,,BOARD_3,2,1,2801.000,1569.000,2899.000,1609.000,98.000,40.000,2801.000,1569.000,2899.000,1609.000,98.000,40.000,2801.000,1569.000,2899.000,1609.000,2850.000,1589.000,98.000,40.000,0,1.000000,63.650000,5.208581,16.667083
1780468286.575420,,,BOARD_3,2,0,2830.000,1572.000,2932.000,1620.000,102.000,48.000,2830.000,1572.000,2932.000,1620.000,102.000,48.000,2830.000,1572.000,2932.000,1620.000,2881.000,1596.000,102.000,48.000,0,1.000000,61.150000,5.349857,16.635000
1780468286.575420,,,BOARD_3,2,1,2825.000,1570.000,2927.000,1618.000,102.000,48.000,2825.000,1570.000,2927.000,1618.000,102.000,48.000,2825.000,1570.000,2927.000,1618.000,2876.000,1594.000,102.000,48.000,0,1.000000,61.150000,5.327071,16.644167
1780468286.575420,,,BOARD_3,2,2,2820.000,1569.000,2922.000,1617.000,102.000,48.000,2820.000,1569.000,2922.000,1617.000,102.000,48.000,2820.000,1569.000,2922.000,1617.000,2871.000,1593.000,102.000,48.000,0,1.000000,61.150000,5.304284,16.648750
1780468286.898689,,,BOARD_2,4,0,930.000,1419.000,966.000,1455.000,36.000,36.000,930.000,1419.000,966.000,1455.000,36.000,36.000,930.000,1419.000,966.000,1455.000,948.000,1437.000,36.000,36.000,0,1.000000,173.260000,337.940612,7.863750
1780468286.898689,,,BOARD_3,2,1,2822.000,1560.000,2934.000,1626.000,112.000,66.000,2822.000,1560.000,2934.000,1626.000,112.000,66.000,2822.000,1560.000,2934.000,1626.000,2878.000,1593.000,112.000,66.000,0,1.000000,55.690000,5.336185,16.648750
1780468286.898689,,,BOARD_3,2,2,2819.000,1559.000,2931.000,1625.000,112.000,66.000,2819.000,1559.000,2931.000,1625.000,112.000,66.000,2819.000,1559.000,2931.000,1625.000,2875.000,1592.000,112.000,66.000,0,1.000000,55.690000,5.322514,16.653333
1780468286.898689,,,BOARD_3,2,3,2817.000,1557.000,2929.000,1623.000,112.000,66.000,2817.000,1557.000,2929.000,1623.000,112.000,66.000,2817.000,1557.000,2929.000,1623.000,2873.000,1590.000,112.000,66.000,0,1.000000,55.690000,5.313399,16.662500
1780468287.274077,,,BOARD_3,2,0,2822.000,1564.000,2934.000,1622.000,112.000,58.000,2822.000,1564.000,2934.000,1622.000,112.000,58.000,2822.000,1564.000,2934.000,1622.000,2878.000,1593.000,112.000,58.000,0,1.000000,55.690000,5.336185,16.648750
1780468287.274077,,,BOARD_3,2,1,2821.000,1563.000,2933.000,1621.000,112.000,58.000,2821.000,1563.000,2933.000,1621.000,112.000,58.000,2821.000,1563.000,2933.000,1621.000,2877.000,1592.000,112.000,58.000,0,1.000000,55.690000,5.331628,16.653333
1780468287.722228,,,BOARD_3,2,0,2781.000,1514.000,3029.000,1694.000,248.000,180.000,2781.000,1514.000,3029.000,1694.000,248.000,180.000,2781.000,1514.000,3029.000,1694.000,2905.000,1604.000,248.000,180.000,0,1.000000,25.150000,5.459232,16.598333
1780468287.722228,,,BOARD_3,2,1,2785.000,1516.000,3033.000,1696.000,248.000,180.000,2785.000,1516.000,3033.000,1696.000,248.000,180.000,2785.000,1516.000,3033.000,1696.000,2909.000,1606.000,248.000,180.000,0,1.000000,25.150000,5.477461,16.589167
1780468291.830606,,,BOARD_2,4,0,770.000,1505.000,806.000,1541.000,36.000,36.000,770.000,1505.000,806.000,1541.000,36.000,36.000,770.000,1505.000,806.000,1541.000,788.000,1523.000,36.000,36.000,0,1.000000,173.260000,337.211446,7.469583
1780468292.537524,,,BOARD_2,4,0,775.000,1499.000,811.000,1535.000,36.000,36.000,775.000,1499.000,811.000,1535.000,36.000,36.000,775.000,1499.000,811.000,1535.000,793.000,1517.000,36.000,36.000,0,1.000000,173.260000,337.234232,7.497083
1780468292.537524,,,BOARD_2,4,1,778.000,1496.000,814.000,1532.000,36.000,36.000,778.000,1496.000,814.000,1532.000,36.000,36.000,778.000,1496.000,814.000,1532.000,796.000,1514.000,36.000,36.000,0,1.000000,173.260000,337.247904,7.510833
1780468293.050561,,,BOARD_2,4,0,811.000,1495.000,847.000,1531.000,36.000,36.000,811.000,1495.000,847.000,1531.000,36.000,36.000,811.000,1495.000,847.000,1531.000,829.000,1513.000,36.000,36.000,0,1.000000,173.260000,337.398295,7.515417
1780468303.631074,,,BOARD_3,2,0,2051.000,1900.000,2156.000,1973.000,105.000,73.000,2051.000,1900.000,2156.000,1973.000,105.000,73.000,2051.000,1900.000,2156.000,1973.000,2103.500,1936.500,105.000,73.000,0,1.000000,59.400000,1.806563,15.074375
1780468304.150551,,,BOARD_3,2,0,2050.000,1897.000,2159.000,1984.000,109.000,87.000,2050.000,1897.000,2159.000,1984.000,109.000,87.000,2050.000,1897.000,2159.000,1984.000,2104.500,1940.500,109.000,87.000,0,1.000000,57.220000,1.811120,15.056042
1780468305.077281,,,BOARD_3,2,0,2006.000,1946.000,2254.000,2126.000,248.000,180.000,2006.000,1946.000,2254.000,2126.000,248.000,180.000,2006.000,1946.000,2254.000,2126.000,2130.000,2036.000,248.000,180.000,0,1.000000,25.150000,1.927331,14.618333
1780468305.558733,,,BOARD_3,2,0,2054.000,1930.000,2163.000,1978.000,109.000,48.000,2054.000,1930.000,2163.000,1978.000,109.000,48.000,2054.000,1930.000,2163.000,1978.000,2108.500,1954.000,109.000,48.000,0,1.000000,57.220000,1.829349,14.994167
1780468305.558733,,,BOARD_2,2,1,2524.000,-34.000,2656.000,57.000,132.000,91.000,2524.000,0.000,2656.000,57.000,132.000,57.000,2524.000,0.000,2656.000,57.000,2590.000,28.500,132.000,57.000,1,0.626374,47.250000,3.129285,14.319375
1780468305.558733,,,BOARD_3,2,2,2045.000,1896.000,2154.000,1944.000,109.000,48.000,2045.000,1896.000,2154.000,1944.000,109.000,48.000,2045.000,1896.000,2154.000,1944.000,2099.500,1920.000,109.000,48.000,0,1.000000,57.220000,1.788334,15.150000
1780468305.861582,,,BOARD_2,2,0,2525.000,-34.000,2657.000,57.000,132.000,91.000,2525.000,0.000,2657.000,57.000,132.000,57.000,2525.000,0.000,2657.000,57.000,2591.000,28.500,132.000,57.000,1,0.626374,47.250000,3.133843,14.319375
1780468305.861582,,,BOARD_2,2,1,2527.000,-34.000,2659.000,57.000,132.000,91.000,2527.000,0.000,2659.000,57.000,132.000,57.000,2527.000,0.000,2659.000,57.000,2593.000,28.500,132.000,57.000,1,0.626374,47.250000,3.142957,14.319375
1780468305.861582,,,BOARD_3,2,2,2049.000,1927.000,2165.000,1978.000,116.000,51.000,2049.000,1927.000,2165.000,1978.000,116.000,51.000,2049.000,1927.000,2165.000,1978.000,2107.000,1952.500,116.000,51.000,0,1.000000,53.770000,1.822514,15.001042
1780468306.068797,,,BOARD_3,2,0,2045.000,1911.000,2161.000,1962.000,116.000,51.000,2045.000,1911.000,2161.000,1962.000,116.000,51.000,2045.000,1911.000,2161.000,1962.000,2103.000,1936.500,116.000,51.000,0,1.000000,53.770000,1.804284,15.074375
1780468306.068797,,,BOARD_2,2,1,2529.000,-34.000,2661.000,57.000,132.000,91.000,2529.000,0.000,2661.000,57.000,132.000,57.000,2529.000,0.000,2661.000,57.000,2595.000,28.500,132.000,57.000,1,0.626374,47.250000,3.152072,14.319375
1780468306.385635,,,BOARD_2,2,0,2523.000,-34.000,2655.000,57.000,132.000,91.000,2523.000,0.000,2655.000,57.000,132.000,57.000,2523.000,0.000,2655.000,57.000,2589.000,28.500,132.000,57.000,1,0.626374,47.250000,3.124728,14.319375
1780468306.385635,,,BOARD_3,2,1,2060.000,1931.000,2154.000,1975.000,94.000,44.000,2060.000,1931.000,2154.000,1975.000,94.000,44.000,2060.000,1931.000,2154.000,1975.000,2107.000,1953.000,94.000,44.000,0,1.000000,66.350000,1.822514,14.998750
1780468306.385635,,,BOARD_3,2,2,2058.000,1924.000,2152.000,1968.000,94.000,44.000,2058.000,1924.000,2152.000,1968.000,94.000,44.000,2058.000,1924.000,2152.000,1968.000,2105.000,1946.000,94.000,44.000,0,1.000000,66.350000,1.813399,15.030833
1780468306.385635,,,BOARD_2,2,3,2524.000,-34.000,2656.000,57.000,132.000,91.000,2524.000,0.000,2656.000,57.000,132.000,57.000,2524.000,0.000,2656.000,57.000,2590.000,28.500,132.000,57.000,1,0.626374,47.250000,3.129285,14.319375
1780468306.606290,,,BOARD_2,2,0,2524.000,-34.000,2656.000,57.000,132.000,91.000,2524.000,0.000,2656.000,57.000,132.000,57.000,2524.000,0.000,2656.000,57.000,2590.000,28.500,132.000,57.000,1,0.626374,47.250000,3.129285,14.319375
1780468306.606290,,,BOARD_3,2,1,2059.000,1927.000,2157.000,1978.000,98.000,51.000,2059.000,1927.000,2157.000,1978.000,98.000,51.000,2059.000,1927.000,2157.000,1978.000,2108.000,1952.500,98.000,51.000,0,1.000000,63.650000,1.827071,15.001042
1780468306.606290,,,BOARD_3,2,2,2058.000,1924.000,2156.000,1975.000,98.000,51.000,2058.000,1924.000,2156.000,1975.000,98.000,51.000,2058.000,1924.000,2156.000,1975.000,2107.000,1949.500,98.000,51.000,0,1.000000,63.650000,1.822514,15.014792
1780468306.819670,,,BOARD_2,2,0,2527.000,0.000,2632.000,25.000,105.000,25.000,2527.000,0.000,2632.000,25.000,105.000,25.000,2527.000,0.000,2632.000,25.000,2579.500,12.500,105.000,25.000,0,1.000000,59.400000,3.081434,14.392708
1780468306.819670,,,BOARD_2,2,1,2526.000,0.000,2631.000,25.000,105.000,25.000,2526.000,0.000,2631.000,25.000,105.000,25.000,2526.000,0.000,2631.000,25.000,2578.500,12.500,105.000,25.000,0,1.000000,59.400000,3.076877,14.392708
1780468307.040231,,,BOARD_2,2,0,2524.000,0.000,2629.000,25.000,105.000,25.000,2524.000,0.000,2629.000,25.000,105.000,25.000,2524.000,0.000,2629.000,25.000,2576.500,12.500,105.000,25.000,0,1.000000,59.400000,3.067762,14.392708
1780468307.040231,,,BOARD_2,2,1,2533.000,0.000,2631.000,24.000,98.000,24.000,2533.000,0.000,2631.000,24.000,98.000,24.000,2533.000,0.000,2631.000,24.000,2582.000,12.000,98.000,24.000,0,1.000000,63.650000,3.092827,14.395000
1780468307.364877,,,BOARD_2,2,0,2533.000,0.000,2631.000,24.000,98.000,24.000,2533.000,0.000,2631.000,24.000,98.000,24.000,2533.000,0.000,2631.000,24.000,2582.000,12.000,98.000,24.000,0,1.000000,63.650000,3.092827,14.395000
1780468307.364877,,,BOARD_2,2,1,2533.000,0.000,2631.000,24.000,98.000,24.000,2533.000,0.000,2631.000,24.000,98.000,24.000,2533.000,0.000,2631.000,24.000,2582.000,12.000,98.000,24.000,0,1.000000,63.650000,3.092827,14.395000
1780468307.738635,,,BOARD_2,2,0,2524.000,0.000,2633.000,25.000,109.000,25.000,2524.000,0.000,2633.000,25.000,109.000,25.000,2524.000,0.000,2633.000,25.000,2578.500,12.500,109.000,25.000,0,1.000000,57.220000,3.076877,14.392708
1780468307.738635,,,BOARD_2,2,1,2523.000,0.000,2632.000,25.000,109.000,25.000,2523.000,0.000,2632.000,25.000,109.000,25.000,2523.000,0.000,2632.000,25.000,2577.500,12.500,109.000,25.000,0,1.000000,57.220000,3.072319,14.392708
1780468307.993032,,,BOARD_2,2,0,2523.000,0.000,2632.000,25.000,109.000,25.000,2523.000,0.000,2632.000,25.000,109.000,25.000,2523.000,0.000,2632.000,25.000,2577.500,12.500,109.000,25.000,0,1.000000,57.220000,3.072319,14.392708
1780468308.241743,,,BOARD_2,2,0,2526.000,-34.000,2658.000,57.000,132.000,91.000,2526.000,0.000,2658.000,57.000,132.000,57.000,2526.000,0.000,2658.000,57.000,2592.000,28.500,132.000,57.000,1,0.626374,47.250000,3.138400,14.319375
1780468308.241743,,,BOARD_2,2,1,2528.000,-34.000,2660.000,57.000,132.000,91.000,2528.000,0.000,2660.000,57.000,132.000,57.000,2528.000,0.000,2660.000,57.000,2594.000,28.500,132.000,57.000,1,0.626374,47.250000,3.147515,14.319375
1780468308.498679,,,BOARD_2,2,0,2530.000,-34.000,2662.000,57.000,132.000,91.000,2530.000,0.000,2662.000,57.000,132.000,57.000,2530.000,0.000,2662.000,57.000,2596.000,28.500,132.000,57.000,1,0.626374,47.250000,3.156629,14.319375
1780468308.726138,,,BOARD_2,2,0,2530.000,0.000,2632.000,24.000,102.000,24.000,2530.000,0.000,2632.000,24.000,102.000,24.000,2530.000,0.000,2632.000,24.000,2581.000,12.000,102.000,24.000,0,1.000000,61.150000,3.088270,14.395000
1780468308.726138,,,BOARD_2,2,1,2480.000,-66.000,2728.000,113.000,248.000,179.000,2480.000,0.000,2728.000,113.000,248.000,113.000,2480.000,0.000,2728.000,113.000,2604.000,56.500,248.000,113.000,1,0.631285,25.150000,3.193087,14.191042
1780468308.980865,,,BOARD_2,2,0,2492.000,-60.000,2740.000,119.000,248.000,179.000,2492.000,0.000,2740.000,119.000,248.000,119.000,2492.000,0.000,2740.000,119.000,2616.000,59.500,248.000,119.000,1,0.664804,25.150000,3.247775,14.177292
1780468309.294241,,,BOARD_2,2,0,2482.000,-66.000,2730.000,113.000,248.000,179.000,2482.000,0.000,2730.000,113.000,248.000,113.000,2482.000,0.000,2730.000,113.000,2606.000,56.500,248.000,113.000,1,0.631285,25.150000,3.202202,14.191042
1780468309.294241,,,BOARD_2,2,1,2488.000,-63.000,2736.000,116.000,248.000,179.000,2488.000,0.000,2736.000,116.000,248.000,116.000,2488.000,0.000,2736.000,116.000,2612.000,58.000,248.000,116.000,1,0.648045,25.150000,3.229546,14.184167
1780468309.516742,,,BOARD_2,2,0,2494.000,-60.000,2742.000,119.000,248.000,179.000,2494.000,0.000,2742.000,119.000,248.000,119.000,2494.000,0.000,2742.000,119.000,2618.000,59.500,248.000,119.000,1,0.664804,25.150000,3.256890,14.177292
1780468309.766522,,,BOARD_2,2,0,2525.000,-26.000,2657.000,65.000,132.000,91.000,2525.000,0.000,2657.000,65.000,132.000,65.000,2525.000,0.000,2657.000,65.000,2591.000,32.500,132.000,65.000,1,0.714286,47.250000,3.133843,14.301042
1780468309.766522,,,BOARD_2,2,1,2525.000,-26.000,2657.000,65.000,132.000,91.000,2525.000,0.000,2657.000,65.000,132.000,65.000,2525.000,0.000,2657.000,65.000,2591.000,32.500,132.000,65.000,1,0.714286,47.250000,3.133843,14.301042
1780468309.992158,,,BOARD_2,2,0,2525.000,-26.000,2657.000,65.000,132.000,91.000,2525.000,0.000,2657.000,65.000,132.000,65.000,2525.000,0.000,2657.000,65.000,2591.000,32.500,132.000,65.000,1,0.714286,47.250000,3.133843,14.301042
1780468310.390404,,,BOARD_2,2,0,2532.000,0.000,2634.000,24.000,102.000,24.000,2532.000,0.000,2634.000,24.000,102.000,24.000,2532.000,0.000,2634.000,24.000,2583.000,12.000,102.000,24.000,0,1.000000,61.150000,3.097384,14.395000
1780468310.390404,,,BOARD_2,2,1,2481.000,-66.000,2729.000,113.000,248.000,179.000,2481.000,0.000,2729.000,113.000,248.000,113.000,2481.000,0.000,2729.000,113.000,2605.000,56.500,248.000,113.000,1,0.631285,25.150000,3.197645,14.191042
1780468310.602796,,,BOARD_2,2,0,2492.000,-61.000,2740.000,118.000,248.000,179.000,2492.000,0.000,2740.000,118.000,248.000,118.000,2492.000,0.000,2740.000,118.000,2616.000,59.000,248.000,118.000,1,0.659218,25.150000,3.247775,14.179583
1780468310.863703,,,BOARD_2,2,0,2534.000,0.000,2636.000,23.000,102.000,23.000,2534.000,0.000,2636.000,23.000,102.000,23.000,2534.000,0.000,2636.000,23.000,2585.000,11.500,102.000,23.000,0,1.000000,61.150000,3.106499,14.397292
1780468311.071963,,,BOARD_2,2,0,2480.000,-66.000,2728.000,113.000,248.000,179.000,2480.000,0.000,2728.000,113.000,248.000,113.000,2480.000,0.000,2728.000,113.000,2604.000,56.500,248.000,113.000,1,0.631285,25.150000,3.193087,14.191042
1780468311.071963,,,BOARD_2,2,1,2490.000,-60.000,2738.000,119.000,248.000,179.000,2490.000,0.000,2738.000,119.000,248.000,119.000,2490.000,0.000,2738.000,119.000,2614.000,59.500,248.000,119.000,1,0.664804,25.150000,3.238660,14.177292
1780468311.421762,,,BOARD_2,2,0,2535.000,0.000,2633.000,23.000,98.000,23.000,2535.000,0.000,2633.000,23.000,98.000,23.000,2535.000,0.000,2633.000,23.000,2584.000,11.500,98.000,23.000,0,1.000000,63.650000,3.101942,14.397292
1780468311.421762,,,BOARD_2,2,1,2534.000,-1.000,2632.000,22.000,98.000,23.000,2534.000,0.000,2632.000,22.000,98.000,22.000,2534.000,0.000,2632.000,22.000,2583.000,11.000,98.000,22.000,1,0.956522,63.650000,3.097384,14.399583
1780468311.627844,,,BOARD_2,2,0,2533.000,-1.000,2631.000,22.000,98.000,23.000,2533.000,0.000,2631.000,22.000,98.000,22.000,2533.000,0.000,2631.000,22.000,2582.000,11.000,98.000,22.000,1,0.956522,63.650000,3.092827,14.399583
1780468311.859688,,,BOARD_2,2,0,2492.000,-66.000,2740.000,113.000,248.000,179.000,2492.000,0.000,2740.000,113.000,248.000,113.000,2492.000,0.000,2740.000,113.000,2616.000,56.500,248.000,113.000,1,0.631285,25.150000,3.247775,14.191042
1780468311.859688,,,BOARD_2,2,1,2497.000,-64.000,2745.000,115.000,248.000,179.000,2497.000,0.000,2745.000,115.000,248.000,115.000,2497.000,0.000,2745.000,115.000,2621.000,57.500,248.000,115.000,1,0.642458,25.150000,3.270561,14.186458
1780468311.859688,,,BOARD_3,2,2,2056.000,1925.000,2165.000,1987.000,109.000,62.000,2056.000,1925.000,2165.000,1987.000,109.000,62.000,2056.000,1925.000,2165.000,1987.000,2110.500,1956.000,109.000,62.000,0,1.000000,57.220000,1.838464,14.985000
1780468312.095586,,,BOARD_2,2,0,2503.000,-62.000,2751.000,117.000,248.000,179.000,2503.000,0.000,2751.000,117.000,248.000,117.000,2503.000,0.000,2751.000,117.000,2627.000,58.500,248.000,117.000,1,0.653631,25.150000,3.297905,14.181875
1780468312.095586,,,BOARD_3,2,1,2056.000,1925.000,2165.000,1987.000,109.000,62.000,2056.000,1925.000,2165.000,1987.000,109.000,62.000,2056.000,1925.000,2165.000,1987.000,2110.500,1956.000,109.000,62.000,0,1.000000,57.220000,1.838464,14.985000
1780468312.373364,,,BOARD_2,2,0,2522.000,-34.000,2654.000,57.000,132.000,91.000,2522.000,0.000,2654.000,57.000,132.000,57.000,2522.000,0.000,2654.000,57.000,2588.000,28.500,132.000,57.000,1,0.626374,47.250000,3.120171,14.319375
1780468312.373364,,,BOARD_2,2,1,2519.000,-35.000,2651.000,56.000,132.000,91.000,2519.000,0.000,2651.000,56.000,132.000,56.000,2519.000,0.000,2651.000,56.000,2585.000,28.000,132.000,56.000,1,0.615385,47.250000,3.106499,14.321667
1780468313.065640,,,BOARD_2,2,0,2529.000,-34.000,2661.000,57.000,132.000,91.000,2529.000,0.000,2661.000,57.000,132.000,57.000,2529.000,0.000,2661.000,57.000,2595.000,28.500,132.000,57.000,1,0.626374,47.250000,3.152072,14.319375
1780468313.065640,,,BOARD_3,2,1,2011.000,2029.000,2259.000,2209.000,248.000,180.000,2011.000,2029.000,2259.000,2160.000,248.000,131.000,2011.000,2029.000,2259.000,2160.000,2135.000,2094.500,248.000,131.000,1,0.727778,25.150000,1.950118,14.350208
1780468313.065640,,,BOARD_2,2,2,2529.000,-35.000,2661.000,56.000,132.000,91.000,2529.000,0.000,2661.000,56.000,132.000,56.000,2529.000,0.000,2661.000,56.000,2595.000,28.000,132.000,56.000,1,0.615385,47.250000,3.152072,14.321667
1780468313.593585,,,BOARD_2,2,0,2484.000,-18.000,2732.000,162.000,248.000,180.000,2484.000,0.000,2732.000,162.000,248.000,162.000,2484.000,0.000,2732.000,162.000,2608.000,81.000,248.000,162.000,1,0.900000,25.150000,3.211317,14.078750
1780468314.029565,,,BOARD_2,2,0,2526.000,36.000,2638.000,91.000,112.000,55.000,2526.000,36.000,2638.000,91.000,112.000,55.000,2526.000,36.000,2638.000,91.000,2582.000,63.500,112.000,55.000,0,1.000000,55.690000,3.092827,14.158958
1780468314.723328,,,BOARD_3,2,0,2062.000,2051.000,2164.000,2102.000,102.000,51.000,2062.000,2051.000,2164.000,2102.000,102.000,51.000,2062.000,2051.000,2164.000,2102.000,2113.000,2076.500,102.000,51.000,0,1.000000,61.150000,1.849857,14.432708
1780468315.010814,,,BOARD_2,2,0,2532.000,152.000,2641.000,210.000,109.000,58.000,2532.000,152.000,2641.000,210.000,109.000,58.000,2532.000,152.000,2641.000,210.000,2586.500,181.000,109.000,58.000,0,1.000000,57.220000,3.113335,13.620417
1780468315.010814,,,BOARD_3,2,1,2058.000,2088.000,2167.000,2143.000,109.000,55.000,2058.000,2088.000,2167.000,2143.000,109.000,55.000,2058.000,2088.000,2167.000,2143.000,2112.500,2115.500,109.000,55.000,0,1.000000,57.220000,1.847579,14.253958
1780468315.515441,,,BOARD_2,2,0,2532.000,154.000,2641.000,209.000,109.000,55.000,2532.000,154.000,2641.000,209.000,109.000,55.000,2532.000,154.000,2641.000,209.000,2586.500,181.500,109.000,55.000,0,1.000000,57.220000,3.113335,13.618125
1780468316.889830,,,BOARD_2,2,0,2538.000,258.000,2658.000,349.000,120.000,91.000,2538.000,258.000,2658.000,349.000,120.000,91.000,2538.000,258.000,2658.000,349.000,2598.000,303.500,120.000,91.000,0,1.000000,51.980000,3.165744,13.058958
1780468317.450227,,,BOARD_2,2,0,2546.000,261.000,2655.000,348.000,109.000,87.000,2546.000,261.000,2655.000,348.000,109.000,87.000,2546.000,261.000,2655.000,348.000,2600.500,304.500,109.000,87.000,0,1.000000,57.220000,3.177137,13.054375
1780468317.713494,,,BOARD_2,2,0,2544.000,286.000,2676.000,378.000,132.000,92.000,2544.000,286.000,2676.000,378.000,132.000,92.000,2544.000,286.000,2676.000,378.000,2610.000,332.000,132.000,92.000,0,1.000000,47.250000,3.220431,12.928333
1780468317.974506,,,BOARD_2,2,0,2546.000,292.000,2655.000,340.000,109.000,48.000,2546.000,292.000,2655.000,340.000,109.000,48.000,2546.000,292.000,2655.000,340.000,2600.500,316.000,109.000,48.000,0,1.000000,57.220000,3.177137,13.001667
1780468317.974506,,,BOARD_2,2,1,2542.000,287.000,2651.000,335.000,109.000,48.000,2542.000,287.000,2651.000,335.000,109.000,48.000,2542.000,287.000,2651.000,335.000,2596.500,311.000,109.000,48.000,0,1.000000,57.220000,3.158908,13.024583
1780468318.459654,,,BOARD_2,2,0,2542.000,352.000,2654.000,407.000,112.000,55.000,2542.000,352.000,2654.000,407.000,112.000,55.000,2542.000,352.000,2654.000,407.000,2598.000,379.500,112.000,55.000,0,1.000000,55.690000,3.165744,12.710625
1780468319.070106,,,BOARD_2,2,0,2542.000,338.000,2654.000,450.000,112.000,112.000,2542.000,338.000,2654.000,450.000,112.000,112.000,2542.000,338.000,2654.000,450.000,2598.000,394.000,112.000,112.000,0,1.000000,55.690000,3.165744,12.644167
1780468323.662939,,,BOARD_2,2,0,2500.000,425.000,2748.000,605.000,248.000,180.000,2500.000,425.000,2748.000,605.000,248.000,180.000,2500.000,425.000,2748.000,605.000,2624.000,515.000,248.000,180.000,0,1.000000,25.150000,3.284233,12.089583
1780468323.662939,,,BOARD_2,2,1,2511.000,426.000,2759.000,606.000,248.000,180.000,2511.000,426.000,2759.000,606.000,248.000,180.000,2511.000,426.000,2759.000,606.000,2635.000,516.000,248.000,180.000,0,1.000000,25.150000,3.334364,12.085000
1780468324.070689,,,BOARD_2,2,0,2551.000,481.000,2656.000,543.000,105.000,62.000,2551.000,481.000,2656.000,543.000,105.000,62.000,2551.000,481.000,2656.000,543.000,2603.500,512.000,105.000,62.000,0,1.000000,59.400000,3.190809,12.103333
1780468324.344688,,,BOARD_2,2,0,2550.000,481.000,2655.000,543.000,105.000,62.000,2550.000,481.000,2655.000,543.000,105.000,62.000,2550.000,481.000,2655.000,543.000,2602.500,512.000,105.000,62.000,0,1.000000,59.400000,3.186252,12.103333
1780468324.344688,,,BOARD_2,2,1,2549.000,481.000,2654.000,543.000,105.000,62.000,2549.000,481.000,2654.000,543.000,105.000,62.000,2549.000,481.000,2654.000,543.000,2601.500,512.000,105.000,62.000,0,1.000000,59.400000,3.181694,12.103333
1780468324.741005,,,BOARD_2,2,0,2503.000,440.000,2751.000,620.000,248.000,180.000,2503.000,440.000,2751.000,620.000,248.000,180.000,2503.000,440.000,2751.000,620.000,2627.000,530.000,248.000,180.000,0,1.000000,25.150000,3.297905,12.020833
1780468324.741005,,,BOARD_2,2,1,2507.000,443.000,2755.000,623.000,248.000,180.000,2507.000,443.000,2755.000,623.000,248.000,180.000,2507.000,443.000,2755.000,623.000,2631.000,533.000,248.000,180.000,0,1.000000,25.150000,3.316134,12.007083
1780468324.976532,,,BOARD_2,2,0,2549.000,471.000,2681.000,563.000,132.000,92.000,2549.000,471.000,2681.000,563.000,132.000,92.000,2549.000,471.000,2681.000,563.000,2615.000,517.000,132.000,92.000,0,1.000000,47.250000,3.243218,12.080417
1780468325.271558,,,BOARD_2,2,0,2547.000,469.000,2679.000,561.000,132.000,92.000,2547.000,469.000,2679.000,561.000,132.000,92.000,2547.000,469.000,2679.000,561.000,2613.000,515.000,132.000,92.000,0,1.000000,47.250000,3.234103,12.089583
1780468332.439985,,,BOARD_2,0,0,604.000,660.000,641.000,696.000,37.000,36.000,604.000,660.000,641.000,696.000,37.000,36.000,604.000,660.000,641.000,696.000,622.500,678.000,37.000,36.000,0,1.000000,168.570000,28.395514,11.342500
1780468332.689436,,,BOARD_2,0,0,613.000,654.000,652.000,705.000,39.000,51.000,613.000,654.000,652.000,705.000,39.000,51.000,613.000,654.000,652.000,705.000,632.500,679.500,39.000,51.000,0,1.000000,159.930000,28.441087,11.335625
1780468332.952566,,,BOARD_2,0,0,616.000,654.000,655.000,705.000,39.000,51.000,616.000,654.000,655.000,705.000,39.000,51.000,616.000,654.000,655.000,705.000,635.500,679.500,39.000,51.000,0,1.000000,159.930000,28.454759,11.335625
1780468332.952566,,,BOARD_2,2,1,2500.000,582.000,2620.000,637.000,120.000,55.000,2500.000,582.000,2620.000,637.000,120.000,55.000,2500.000,582.000,2620.000,637.000,2560.000,609.500,120.000,55.000,0,1.000000,51.980000,2.992567,11.656458
1780468333.236133,,,BOARD_2,2,0,2495.000,579.000,2615.000,634.000,120.000,55.000,2495.000,579.000,2615.000,634.000,120.000,55.000,2495.000,579.000,2615.000,634.000,2555.000,606.500,120.000,55.000,0,1.000000,51.980000,2.969780,11.670208
1780468333.236133,,,BOARD_3,0,1,817.000,1293.000,856.000,1344.000,39.000,51.000,817.000,1293.000,856.000,1344.000,39.000,51.000,817.000,1293.000,856.000,1344.000,836.500,1318.500,39.000,51.000,0,1.000000,159.930000,27.049174,17.906875
1780468333.236133,,,BOARD_3,0,2,818.000,1294.000,857.000,1345.000,39.000,51.000,818.000,1294.000,857.000,1345.000,39.000,51.000,818.000,1294.000,857.000,1345.000,837.500,1319.500,39.000,51.000,0,1.000000,159.930000,27.053732,17.902292
1780468333.489649,,,BOARD_2,2,0,2489.000,576.000,2609.000,631.000,120.000,55.000,2489.000,576.000,2609.000,631.000,120.000,55.000,2489.000,576.000,2609.000,631.000,2549.000,603.500,120.000,55.000,0,1.000000,51.980000,2.942436,11.683958
1780468333.731098,,,BOARD_2,2,0,2500.000,582.000,2612.000,637.000,112.000,55.000,2500.000,582.000,2612.000,637.000,112.000,55.000,2500.000,582.000,2612.000,637.000,2556.000,609.500,112.000,55.000,0,1.000000,55.690000,2.974337,11.656458
1780468333.731098,,,BOARD_3,0,1,815.000,1298.000,854.000,1349.000,39.000,51.000,815.000,1298.000,854.000,1349.000,39.000,51.000,815.000,1298.000,854.000,1349.000,834.500,1323.500,39.000,51.000,0,1.000000,159.930000,27.040060,17.883958
1780468333.731098,,,BOARD_2,2,2,2497.000,581.000,2609.000,636.000,112.000,55.000,2497.000,581.000,2609.000,636.000,112.000,55.000,2497.000,581.000,2609.000,636.000,2553.000,608.500,112.000,55.000,0,1.000000,55.690000,2.960666,11.661042
1780468334.166493,,,BOARD_2,2,0,2472.000,560.000,2574.000,615.000,102.000,55.000,2472.000,560.000,2574.000,615.000,102.000,55.000,2472.000,560.000,2574.000,615.000,2523.000,587.500,102.000,55.000,0,1.000000,61.150000,2.823947,11.757292
1780468334.166493,,,BOARD_2,2,1,2465.000,555.000,2567.000,610.000,102.000,55.000,2465.000,555.000,2567.000,610.000,102.000,55.000,2465.000,555.000,2567.000,610.000,2516.000,582.500,102.000,55.000,0,1.000000,61.150000,2.792046,11.780208
1780468335.360759,,,BOARD_6,0,0,1928.000,311.000,1992.000,431.000,64.000,120.000,1928.000,311.000,1992.000,431.000,64.000,120.000,1928.000,311.000,1992.000,431.000,1960.000,371.000,64.000,120.000,0,1.000000,97.460000,41.952592,50.749583
1780468335.360759,,,BOARD_6,0,1,1930.000,312.000,1994.000,432.000,64.000,120.000,1930.000,312.000,1994.000,432.000,64.000,120.000,1930.000,312.000,1994.000,432.000,1962.000,372.000,64.000,120.000,0,1.000000,97.460000,41.961706,50.745000
1780468343.681561,,,BOARD_3,2,0,1419.000,1819.000,1551.000,1911.000,132.000,92.000,1419.000,1819.000,1551.000,1911.000,132.000,92.000,1419.000,1819.000,1551.000,1911.000,1485.000,1865.000,132.000,92.000,0,1.000000,47.250000,358.987878,15.402083
1780468348.211803,,,BOARD_6,4,0,3317.000,946.000,3356.000,997.000,39.000,51.000,3317.000,946.000,3356.000,997.000,39.000,51.000,3317.000,946.000,3356.000,997.000,3336.500,971.500,39.000,51.000,0,1.000000,159.930000,328.225704,47.997292
1780468348.211803,,,BOARD_6,4,1,3318.000,947.000,3357.000,998.000,39.000,51.000,3318.000,947.000,3357.000,998.000,39.000,51.000,3318.000,947.000,3357.000,998.000,3337.500,972.500,39.000,51.000,0,1.000000,159.930000,328.230261,47.992708
1780468349.940506,,,BOARD_3,2,0,2761.000,1689.000,2893.000,1781.000,132.000,92.000,2761.000,1689.000,2893.000,1781.000,132.000,92.000,2761.000,1689.000,2893.000,1781.000,2827.000,1735.000,132.000,92.000,0,1.000000,47.250000,5.103764,15.997917
1780468357.851743,,,BOARD_3,2,0,2123.000,1241.000,2283.000,1310.000,160.000,69.000,2123.000,1241.000,2283.000,1310.000,160.000,69.000,2123.000,1241.000,2283.000,1310.000,2203.000,1275.500,160.000,69.000,0,1.000000,38.980000,2.260014,18.103958
1780468358.235717,,,BOARD_3,2,0,2112.000,1222.000,2272.000,1313.000,160.000,91.000,2112.000,1222.000,2272.000,1313.000,160.000,91.000,2112.000,1222.000,2272.000,1313.000,2192.000,1267.500,160.000,91.000,0,1.000000,38.980000,2.209883,18.140625
1780468359.389189,,,BOARD_3,2,0,2060.000,1169.000,2220.000,1267.000,160.000,98.000,2060.000,1169.000,2220.000,1267.000,160.000,98.000,2060.000,1169.000,2220.000,1267.000,2140.000,1218.000,160.000,98.000,0,1.000000,38.980000,1.972904,18.367500
1780468359.769738,,,BOARD_3,2,0,2047.000,1164.000,2207.000,1266.000,160.000,102.000,2047.000,1164.000,2207.000,1266.000,160.000,102.000,2047.000,1164.000,2207.000,1266.000,2127.000,1215.000,160.000,102.000,0,1.000000,38.980000,1.913659,18.381250
1780468360.280828,,,BOARD_3,2,0,2057.000,1163.000,2217.000,1297.000,160.000,134.000,2057.000,1163.000,2217.000,1297.000,160.000,134.000,2057.000,1163.000,2217.000,1297.000,2137.000,1230.000,160.000,134.000,0,1.000000,38.980000,1.959232,18.312500
1780468360.737687,,,BOARD_3,2,0,2185.000,1249.000,2221.000,1285.000,36.000,36.000,2185.000,1249.000,2221.000,1285.000,36.000,36.000,2185.000,1249.000,2221.000,1285.000,2203.000,1267.000,36.000,36.000,0,1.000000,173.260000,2.260014,18.142917
1780468361.688208,,,BOARD_2,0,0,855.000,1739.000,919.000,1858.000,64.000,119.000,855.000,1739.000,919.000,1858.000,64.000,119.000,855.000,1739.000,919.000,1858.000,887.000,1798.500,64.000,119.000,0,1.000000,97.460000,29.600918,6.206875
1780468361.916163,,,BOARD_2,0,0,857.000,1739.000,921.000,1858.000,64.000,119.000,857.000,1739.000,921.000,1858.000,64.000,119.000,857.000,1739.000,921.000,1858.000,889.000,1798.500,64.000,119.000,0,1.000000,97.460000,29.610032,6.206875
1780468362.245751,,,BOARD_2,0,0,256.000,1557.000,296.000,1608.000,40.000,51.000,256.000,1557.000,296.000,1608.000,40.000,51.000,256.000,1557.000,296.000,1608.000,276.000,1582.500,40.000,51.000,0,1.000000,155.930000,26.816412,7.196875
1780468362.245751,,,BOARD_2,0,1,257.000,1558.000,297.000,1609.000,40.000,51.000,257.000,1558.000,297.000,1609.000,40.000,51.000,257.000,1558.000,297.000,1609.000,277.000,1583.500,40.000,51.000,0,1.000000,155.930000,26.820970,7.192292
1780468363.080730,,,BOARD_2,1,0,3016.000,1141.000,3056.000,1192.000,40.000,51.000,3016.000,1141.000,3056.000,1192.000,40.000,51.000,3016.000,1141.000,3056.000,1192.000,3036.000,1166.500,40.000,51.000,0,1.000000,155.930000,20.645238,9.103542
1780468363.308526,,,BOARD_2,1,0,3018.000,1142.000,3058.000,1193.000,40.000,51.000,3018.000,1142.000,3058.000,1193.000,40.000,51.000,3018.000,1142.000,3058.000,1193.000,3038.000,1167.500,40.000,51.000,0,1.000000,155.930000,20.654352,9.098958
1780468363.308526,,,BOARD_2,1,1,2841.000,1149.000,2880.000,1200.000,39.000,51.000,2841.000,1149.000,2880.000,1200.000,39.000,51.000,2841.000,1149.000,2880.000,1200.000,2860.500,1174.500,39.000,51.000,0,1.000000,159.930000,19.845433,9.066875
1780468363.697508,,,BOARD_2,1,0,2818.000,1148.000,2873.000,1184.000,55.000,36.000,2818.000,1148.000,2873.000,1184.000,55.000,36.000,2818.000,1148.000,2873.000,1184.000,2845.500,1166.000,55.000,36.000,0,1.000000,113.400000,19.777073,9.105833
1780468363.697508,,,BOARD_2,1,1,2813.000,1145.000,2868.000,1181.000,55.000,36.000,2813.000,1145.000,2868.000,1181.000,55.000,36.000,2813.000,1145.000,2868.000,1181.000,2840.500,1163.000,55.000,36.000,0,1.000000,113.400000,19.754287,9.119583
1780468364.862078,,,BOARD_3,1,0,1503.000,1762.000,1565.000,1810.000,62.000,48.000,1503.000,1762.000,1565.000,1810.000,62.000,48.000,1503.000,1762.000,1565.000,1810.000,1534.000,1786.000,62.000,48.000,0,1.000000,100.600000,17.932985,15.764167
1780468365.680126,,,BOARD_2,1,0,2885.000,868.000,2924.000,919.000,39.000,51.000,2885.000,868.000,2924.000,919.000,39.000,51.000,2885.000,868.000,2924.000,919.000,2904.500,893.500,39.000,51.000,0,1.000000,159.930000,20.045954,10.354792
1780468371.653485,,,BOARD_3,3,0,971.000,1634.000,1010.000,1685.000,39.000,51.000,971.000,1634.000,1010.000,1685.000,39.000,51.000,971.000,1634.000,1010.000,1685.000,990.500,1659.500,39.000,51.000,0,1.000000,159.930000,335.681297,16.343958
1780468380.093878,,,BOARD_3,2,0,2490.000,1605.000,2738.000,1785.000,248.000,180.000,2490.000,1605.000,2738.000,1785.000,248.000,180.000,2490.000,1605.000,2738.000,1785.000,2614.000,1695.000,248.000,180.000,0,1.000000,25.150000,4.133060,16.181250
1780468380.093878,,,BOARD_3,2,1,2501.000,1609.000,2749.000,1789.000,248.000,180.000,2501.000,1609.000,2749.000,1789.000,248.000,180.000,2501.000,1609.000,2749.000,1789.000,2625.000,1699.000,248.000,180.000,0,1.000000,25.150000,4.183191,16.162917
1780468380.435926,,,BOARD_3,2,0,2515.000,1652.000,2674.000,1718.000,159.000,66.000,2515.000,1652.000,2674.000,1718.000,159.000,66.000,2515.000,1652.000,2674.000,1718.000,2594.500,1685.000,159.000,66.000,0,1.000000,39.230000,4.044193,16.227083
1780468380.435926,,,BOARD_3,2,1,2515.000,1651.000,2674.000,1717.000,159.000,66.000,2515.000,1651.000,2674.000,1717.000,159.000,66.000,2515.000,1651.000,2674.000,1717.000,2594.500,1684.000,159.000,66.000,0,1.000000,39.230000,4.044193,16.231667
1780468380.435926,,,BOARD_3,2,2,2514.000,1650.000,2673.000,1716.000,159.000,66.000,2514.000,1650.000,2673.000,1716.000,159.000,66.000,2514.000,1650.000,2673.000,1716.000,2593.500,1683.000,159.000,66.000,0,1.000000,39.230000,4.039636,16.236250
1780468381.507174,,,BOARD_3,2,0,2495.000,1603.000,2743.000,1783.000,248.000,180.000,2495.000,1603.000,2743.000,1783.000,248.000,180.000,2495.000,1603.000,2743.000,1783.000,2619.000,1693.000,248.000,180.000,0,1.000000,25.150000,4.155847,16.190417
1780468389.718289,,,BOARD_3,2,0,2529.000,1644.000,2688.000,1710.000,159.000,66.000,2529.000,1644.000,2688.000,1710.000,159.000,66.000,2529.000,1644.000,2688.000,1710.000,2608.500,1677.000,159.000,66.000,0,1.000000,39.230000,4.107995,16.263750
1780468390.173265,,,BOARD_3,2,0,2529.000,1644.000,2688.000,1710.000,159.000,66.000,2529.000,1644.000,2688.000,1710.000,159.000,66.000,2529.000,1644.000,2688.000,1710.000,2608.500,1677.000,159.000,66.000,0,1.000000,39.230000,4.107995,16.263750
1780468390.173265,,,BOARD_3,2,1,2511.000,1594.000,2759.000,1774.000,248.000,180.000,2511.000,1594.000,2759.000,1774.000,248.000,180.000,2511.000,1594.000,2759.000,1774.000,2635.000,1684.000,248.000,180.000,0,1.000000,25.150000,4.228764,16.231667
1780468390.173265,,,BOARD_3,2,2,2525.000,1598.000,2773.000,1778.000,248.000,180.000,2525.000,1598.000,2773.000,1778.000,248.000,180.000,2525.000,1598.000,2773.000,1778.000,2649.000,1688.000,248.000,180.000,0,1.000000,25.150000,4.292566,16.213333
1780468390.578306,,,BOARD_3,2,0,2540.000,1602.000,2788.000,1782.000,248.000,180.000,2540.000,1602.000,2788.000,1782.000,248.000,180.000,2540.000,1602.000,2788.000,1782.000,2664.000,1692.000,248.000,180.000,0,1.000000,25.150000,4.360925,16.195000
1780468391.362719,,,BOARD_3,2,0,2528.000,1647.000,2684.000,1709.000,156.000,62.000,2528.000,1647.000,2684.000,1709.000,156.000,62.000,2528.000,1647.000,2684.000,1709.000,2606.000,1678.000,156.000,62.000,0,1.000000,39.980000,4.096602,16.259167
1780468391.646224,,,BOARD_3,2,0,2493.000,1595.000,2741.000,1775.000,248.000,180.000,2493.000,1595.000,2741.000,1775.000,248.000,180.000,2493.000,1595.000,2741.000,1775.000,2617.000,1685.000,248.000,180.000,0,1.000000,25.150000,4.146732,16.227083
1780468392.078561,,,BOARD_3,2,0,2531.000,1643.000,2683.000,1712.000,152.000,69.000,2531.000,1643.000,2683.000,1712.000,152.000,69.000,2531.000,1643.000,2683.000,1712.000,2607.000,1677.500,152.000,69.000,0,1.000000,41.030000,4.101159,16.261458
1780468392.078561,,,BOARD_3,2,1,2527.000,1640.000,2679.000,1709.000,152.000,69.000,2527.000,1640.000,2679.000,1709.000,152.000,69.000,2527.000,1640.000,2679.000,1709.000,2603.000,1674.500,152.000,69.000,0,1.000000,41.030000,4.082930,16.275208
1780468392.428903,,,BOARD_3,2,0,2523.000,1637.000,2675.000,1706.000,152.000,69.000,2523.000,1637.000,2675.000,1706.000,152.000,69.000,2523.000,1637.000,2675.000,1706.000,2599.000,1671.500,152.000,69.000,0,1.000000,41.030000,4.064701,16.288958
1780468393.204854,,,BOARD_3,2,0,2491.000,1596.000,2739.000,1776.000,248.000,180.000,2491.000,1596.000,2739.000,1776.000,248.000,180.000,2491.000,1596.000,2739.000,1776.000,2615.000,1686.000,248.000,180.000,0,1.000000,25.150000,4.137618,16.222500
1780468393.855700,,,BOARD_3,2,0,2532.000,1648.000,2688.000,1714.000,156.000,66.000,2532.000,1648.000,2688.000,1714.000,156.000,66.000,2532.000,1648.000,2688.000,1714.000,2610.000,1681.000,156.000,66.000,0,1.000000,39.980000,4.114831,16.245417
1780468395.179472,,,BOARD_3,2,0,2536.000,1648.000,2684.000,1714.000,148.000,66.000,2536.000,1648.000,2684.000,1714.000,148.000,66.000,2536.000,1648.000,2684.000,1714.000,2610.000,1681.000,148.000,66.000,0,1.000000,42.140000,4.114831,16.245417
1780468396.442573,,,BOARD_3,2,0,2540.000,1648.000,2685.000,1714.000,145.000,66.000,2540.000,1648.000,2685.000,1714.000,145.000,66.000,2540.000,1648.000,2685.000,1714.000,2612.500,1681.000,145.000,66.000,0,1.000000,43.020000,4.126224,16.245417
1780468396.879874,,,BOARD_3,2,0,2538.000,1648.000,2683.000,1714.000,145.000,66.000,2538.000,1648.000,2683.000,1714.000,145.000,66.000,2538.000,1648.000,2683.000,1714.000,2610.500,1681.000,145.000,66.000,0,1.000000,43.020000,4.117110,16.245417
1780468396.879874,,,BOARD_3,2,1,2538.000,1648.000,2683.000,1714.000,145.000,66.000,2538.000,1648.000,2683.000,1714.000,145.000,66.000,2538.000,1648.000,2683.000,1714.000,2610.500,1681.000,145.000,66.000,0,1.000000,43.020000,4.117110,16.245417
1780468397.265666,,,BOARD_3,2,0,2537.000,1648.000,2689.000,1714.000,152.000,66.000,2537.000,1648.000,2689.000,1714.000,152.000,66.000,2537.000,1648.000,2689.000,1714.000,2613.000,1681.000,152.000,66.000,0,1.000000,41.030000,4.128503,16.245417
1780468397.265666,,,BOARD_3,2,1,2537.000,1648.000,2689.000,1714.000,152.000,66.000,2537.000,1648.000,2689.000,1714.000,152.000,66.000,2537.000,1648.000,2689.000,1714.000,2613.000,1681.000,152.000,66.000,0,1.000000,41.030000,4.128503,16.245417
1780468399.441120,,,BOARD_3,2,0,2538.000,1652.000,2686.000,1718.000,148.000,66.000,2538.000,1652.000,2686.000,1718.000,148.000,66.000,2538.000,1652.000,2686.000,1718.000,2612.000,1685.000,148.000,66.000,0,1.000000,42.140000,4.123946,16.227083
1780468399.919792,,,BOARD_3,2,0,2539.000,1653.000,2691.000,1715.000,152.000,62.000,2539.000,1653.000,2691.000,1715.000,152.000,62.000,2539.000,1653.000,2691.000,1715.000,2615.000,1684.000,152.000,62.000,0,1.000000,41.030000,4.137618,16.231667
1780468400.362429,,,BOARD_3,2,0,2561.000,1649.000,2693.000,1741.000,132.000,92.000,2561.000,1649.000,2693.000,1741.000,132.000,92.000,2561.000,1649.000,2693.000,1741.000,2627.000,1695.000,132.000,92.000,0,1.000000,47.250000,4.192305,16.181250
1780468404.615238,,,BOARD_3,2,0,2538.000,1649.000,2694.000,1711.000,156.000,62.000,2538.000,1649.000,2694.000,1711.000,156.000,62.000,2538.000,1649.000,2694.000,1711.000,2616.000,1680.000,156.000,62.000,0,1.000000,39.980000,4.142175,16.250000
1780468404.978508,,,BOARD_3,2,0,2538.000,1646.000,2694.000,1712.000,156.000,66.000,2538.000,1646.000,2694.000,1712.000,156.000,66.000,2538.000,1646.000,2694.000,1712.000,2616.000,1679.000,156.000,66.000,0,1.000000,39.980000,4.142175,16.254583
1780468404.978508,,,BOARD_3,2,1,2538.000,1646.000,2694.000,1712.000,156.000,66.000,2538.000,1646.000,2694.000,1712.000,156.000,66.000,2538.000,1646.000,2694.000,1712.000,2616.000,1679.000,156.000,66.000,0,1.000000,39.980000,4.142175,16.254583
1780468405.394415,,,BOARD_3,2,0,2536.000,1646.000,2692.000,1712.000,156.000,66.000,2536.000,1646.000,2692.000,1712.000,156.000,66.000,2536.000,1646.000,2692.000,1712.000,2614.000,1679.000,156.000,66.000,0,1.000000,39.980000,4.133060,16.254583
1780468405.394415,,,BOARD_3,2,1,2536.000,1646.000,2692.000,1712.000,156.000,66.000,2536.000,1646.000,2692.000,1712.000,156.000,66.000,2536.000,1646.000,2692.000,1712.000,2614.000,1679.000,156.000,66.000,0,1.000000,39.980000,4.133060,16.254583
1780468405.953994,,,BOARD_3,4,0,716.000,1343.000,780.000,1463.000,64.000,120.000,716.000,1343.000,780.000,1463.000,64.000,120.000,716.000,1343.000,780.000,1463.000,748.000,1403.000,64.000,120.000,0,1.000000,97.460000,317.411954,17.519583
1780468405.953994,,,BOARD_3,4,1,718.000,1344.000,782.000,1464.000,64.000,120.000,718.000,1344.000,782.000,1464.000,64.000,120.000,718.000,1344.000,782.000,1464.000,750.000,1404.000,64.000,120.000,0,1.000000,97.460000,317.421069,17.515000
1780468406.301118,,,BOARD_3,2,0,2530.000,1634.000,2690.000,1700.000,160.000,66.000,2530.000,1634.000,2690.000,1700.000,160.000,66.000,2530.000,1634.000,2690.000,1700.000,2610.000,1667.000,160.000,66.000,0,1.000000,38.980000,4.114831,16.309583
1780468406.786741,,,BOARD_3,2,0,2527.000,1619.000,2686.000,1699.000,159.000,80.000,2527.000,1619.000,2686.000,1699.000,159.000,80.000,2527.000,1619.000,2686.000,1699.000,2606.500,1659.000,159.000,80.000,0,1.000000,39.230000,4.098881,16.346250
1780468407.367069,,,BOARD_3,2,0,2536.000,1611.000,2681.000,1691.000,145.000,80.000,2536.000,1611.000,2681.000,1691.000,145.000,80.000,2536.000,1611.000,2681.000,1691.000,2608.500,1651.000,145.000,80.000,0,1.000000,43.020000,4.107995,16.382917
1780468407.367069,,,BOARD_3,2,1,2536.000,1609.000,2681.000,1689.000,145.000,80.000,2536.000,1609.000,2681.000,1689.000,145.000,80.000,2536.000,1609.000,2681.000,1689.000,2608.500,1649.000,145.000,80.000,0,1.000000,43.020000,4.107995,16.392083
1780468407.803315,,,BOARD_3,2,0,2536.000,1604.000,2684.000,1677.000,148.000,73.000,2536.000,1604.000,2684.000,1677.000,148.000,73.000,2536.000,1604.000,2684.000,1677.000,2610.000,1640.500,148.000,73.000,0,1.000000,42.140000,4.114831,16.431042
1780468407.803315,,,BOARD_3,2,1,2536.000,1601.000,2684.000,1674.000,148.000,73.000,2536.000,1601.000,2684.000,1674.000,148.000,73.000,2536.000,1601.000,2684.000,1674.000,2610.000,1637.500,148.000,73.000,0,1.000000,42.140000,4.114831,16.444792
1780468408.259584,,,BOARD_3,2,0,2536.000,1599.000,2684.000,1668.000,148.000,69.000,2536.000,1599.000,2684.000,1668.000,148.000,69.000,2536.000,1599.000,2684.000,1668.000,2610.000,1633.500,148.000,69.000,0,1.000000,42.140000,4.114831,16.463125
1780468408.259584,,,BOARD_3,2,1,2536.000,1596.000,2684.000,1665.000,148.000,69.000,2536.000,1596.000,2684.000,1665.000,148.000,69.000,2536.000,1596.000,2684.000,1665.000,2610.000,1630.500,148.000,69.000,0,1.000000,42.140000,4.114831,16.476875
1780468408.259584,,,BOARD_3,2,2,2536.000,1594.000,2684.000,1663.000,148.000,69.000,2536.000,1594.000,2684.000,1663.000,148.000,69.000,2536.000,1594.000,2684.000,1663.000,2610.000,1628.500,148.000,69.000,0,1.000000,42.140000,4.114831,16.486042
1780468408.758755,,,BOARD_3,2,0,2553.000,1606.000,2685.000,1698.000,132.000,92.000,2553.000,1606.000,2685.000,1698.000,132.000,92.000,2553.000,1606.000,2685.000,1698.000,2619.000,1652.000,132.000,92.000,0,1.000000,47.250000,4.155847,16.378333
1780468408.758755,,,BOARD_3,2,1,2555.000,1608.000,2687.000,1700.000,132.000,92.000,2555.000,1608.000,2687.000,1700.000,132.000,92.000,2555.000,1608.000,2687.000,1700.000,2621.000,1654.000,132.000,92.000,0,1.000000,47.250000,4.164961,16.369167
1780468413.492936,,,BOARD_3,2,0,2536.000,1602.000,2696.000,1668.000,160.000,66.000,2536.000,1602.000,2696.000,1668.000,160.000,66.000,2536.000,1602.000,2696.000,1668.000,2616.000,1635.000,160.000,66.000,0,1.000000,38.980000,4.142175,16.456250
1780468413.959877,,,BOARD_3,2,0,2519.000,1553.000,2767.000,1733.000,248.000,180.000,2519.000,1553.000,2767.000,1733.000,248.000,180.000,2519.000,1553.000,2767.000,1733.000,2643.000,1643.000,248.000,180.000,0,1.000000,25.150000,4.265222,16.419583
1780468414.427404,,,BOARD_3,2,0,2543.000,1602.000,2684.000,1668.000,141.000,66.000,2543.000,1602.000,2684.000,1668.000,141.000,66.000,2543.000,1602.000,2684.000,1668.000,2613.500,1635.000,141.000,66.000,0,1.000000,44.240000,4.130782,16.456250
1780468414.753565,,,BOARD_6,4,0,2249.000,397.000,2288.000,448.000,39.000,51.000,2249.000,397.000,2288.000,448.000,39.000,51.000,2249.000,397.000,2288.000,448.000,2268.500,422.500,39.000,51.000,0,1.000000,159.930000,323.358516,50.513542
1780468415.852642,,,BOARD_3,2,0,2536.000,1605.000,2692.000,1667.000,156.000,62.000,2536.000,1605.000,2692.000,1667.000,156.000,62.000,2536.000,1605.000,2692.000,1667.000,2614.000,1636.000,156.000,62.000,0,1.000000,39.980000,4.133060,16.451667
1780468416.349887,,,BOARD_3,2,0,2538.000,1608.000,2686.000,1666.000,148.000,58.000,2538.000,1608.000,2686.000,1666.000,148.000,58.000,2538.000,1608.000,2686.000,1666.000,2612.000,1637.000,148.000,58.000,0,1.000000,42.140000,4.123946,16.447083
1780468416.349887,,,BOARD_3,2,1,2513.000,1552.000,2761.000,1732.000,248.000,180.000,2513.000,1552.000,2761.000,1732.000,248.000,180.000,2513.000,1552.000,2761.000,1732.000,2637.000,1642.000,248.000,180.000,0,1.000000,25.150000,4.237878,16.424167
1780468416.579172,,,BOARD_3,2,0,2526.000,1555.000,2774.000,1735.000,248.000,180.000,2526.000,1555.000,2774.000,1735.000,248.000,180.000,2526.000,1555.000,2774.000,1735.000,2650.000,1645.000,248.000,180.000,0,1.000000,25.150000,4.297123,16.410417
1780468416.809948,,,BOARD_3,2,0,2539.000,1606.000,2691.000,1664.000,152.000,58.000,2539.000,1606.000,2691.000,1664.000,152.000,58.000,2539.000,1606.000,2691.000,1664.000,2615.000,1635.000,152.000,58.000,0,1.000000,41.030000,4.137618,16.456250
1780468416.809948,,,BOARD_3,2,1,2539.000,1605.000,2691.000,1663.000,152.000,58.000,2539.000,1605.000,2691.000,1663.000,152.000,58.000,2539.000,1605.000,2691.000,1663.000,2615.000,1634.000,152.000,58.000,0,1.000000,41.030000,4.137618,16.460833
1780468417.018687,,,BOARD_3,2,0,2539.000,1605.000,2691.000,1663.000,152.000,58.000,2539.000,1605.000,2691.000,1663.000,152.000,58.000,2539.000,1605.000,2691.000,1663.000,2615.000,1634.000,152.000,58.000,0,1.000000,41.030000,4.137618,16.460833
1780468417.366366,,,BOARD_3,2,0,2514.000,1554.000,2762.000,1734.000,248.000,180.000,2514.000,1554.000,2762.000,1734.000,248.000,180.000,2514.000,1554.000,2762.000,1734.000,2638.000,1644.000,248.000,180.000,0,1.000000,25.150000,4.242435,16.415000
1780468417.366366,,,BOARD_3,2,1,2518.000,1555.000,2766.000,1735.000,248.000,180.000,2518.000,1555.000,2766.000,1735.000,248.000,180.000,2518.000,1555.000,2766.000,1735.000,2642.000,1645.000,248.000,180.000,0,1.000000,25.150000,4.260665,16.410417
1780468417.828491,,,BOARD_3,2,0,2534.000,1606.000,2690.000,1664.000,156.000,58.000,2534.000,1606.000,2690.000,1664.000,156.000,58.000,2534.000,1606.000,2690.000,1664.000,2612.000,1635.000,156.000,58.000,0,1.000000,39.980000,4.123946,16.456250
1780468417.828491,,,BOARD_3,2,1,2531.000,1605.000,2687.000,1663.000,156.000,58.000,2531.000,1605.000,2687.000,1663.000,156.000,58.000,2531.000,1605.000,2687.000,1663.000,2609.000,1634.000,156.000,58.000,0,1.000000,39.980000,4.110274,16.460833
1780468418.292720,,,BOARD_3,2,0,2539.000,1606.000,2691.000,1664.000,152.000,58.000,2539.000,1606.000,2691.000,1664.000,152.000,58.000,2539.000,1606.000,2691.000,1664.000,2615.000,1635.000,152.000,58.000,0,1.000000,41.030000,4.137618,16.456250
1780468418.292720,,,BOARD_3,2,1,2538.000,1606.000,2690.000,1664.000,152.000,58.000,2538.000,1606.000,2690.000,1664.000,152.000,58.000,2538.000,1606.000,2690.000,1664.000,2614.000,1635.000,152.000,58.000,0,1.000000,41.030000,4.133060,16.456250
1780468418.773973,,,BOARD_3,2,0,2543.000,1606.000,2695.000,1672.000,152.000,66.000,2543.000,1606.000,2695.000,1672.000,152.000,66.000,2543.000,1606.000,2695.000,1672.000,2619.000,1639.000,152.000,66.000,0,1.000000,41.030000,4.155847,16.437917
1780468418.773973,,,BOARD_3,2,1,2515.000,1553.000,2763.000,1733.000,248.000,180.000,2515.000,1553.000,2763.000,1733.000,248.000,180.000,2515.000,1553.000,2763.000,1733.000,2639.000,1643.000,248.000,180.000,0,1.000000,25.150000,4.246993,16.419583
1780468418.773973,,,BOARD_3,2,2,2526.000,1555.000,2774.000,1735.000,248.000,180.000,2526.000,1555.000,2774.000,1735.000,248.000,180.000,2526.000,1555.000,2774.000,1735.000,2650.000,1645.000,248.000,180.000,0,1.000000,25.150000,4.297123,16.410417
1780468419.216590,,,BOARD_3,2,0,2533.000,1579.000,2693.000,1666.000,160.000,87.000,2533.000,1579.000,2693.000,1666.000,160.000,87.000,2533.000,1579.000,2693.000,1666.000,2613.000,1622.500,160.000,87.000,0,1.000000,38.980000,4.128503,16.513542
1780468419.216590,,,BOARD_3,2,1,2531.000,1574.000,2691.000,1661.000,160.000,87.000,2531.000,1574.000,2691.000,1661.000,160.000,87.000,2531.000,1574.000,2691.000,1661.000,2611.000,1617.500,160.000,87.000,0,1.000000,38.980000,4.119389,16.536458
1780468419.448200,,,BOARD_3,2,0,2529.000,1570.000,2689.000,1657.000,160.000,87.000,2529.000,1570.000,2689.000,1657.000,160.000,87.000,2529.000,1570.000,2689.000,1657.000,2609.000,1613.500,160.000,87.000,0,1.000000,38.980000,4.110274,16.554792
1780468419.665388,,,BOARD_3,2,0,2519.000,1562.000,2679.000,1646.000,160.000,84.000,2519.000,1562.000,2679.000,1646.000,160.000,84.000,2519.000,1562.000,2679.000,1646.000,2599.000,1604.000,160.000,84.000,0,1.000000,38.980000,4.064701,16.598333
1780468419.665388,,,BOARD_3,2,1,2515.000,1557.000,2675.000,1641.000,160.000,84.000,2515.000,1557.000,2675.000,1641.000,160.000,84.000,2515.000,1557.000,2675.000,1641.000,2595.000,1599.000,160.000,84.000,0,1.000000,38.980000,4.046472,16.621250
1780468419.665388,,,BOARD_3,2,2,2512.000,1551.000,2672.000,1635.000,160.000,84.000,2512.000,1551.000,2672.000,1635.000,160.000,84.000,2512.000,1551.000,2672.000,1635.000,2592.000,1593.000,160.000,84.000,0,1.000000,38.980000,4.032800,16.648750
1780468420.059900,,,BOARD_3,2,0,2522.000,1562.000,2682.000,1656.000,160.000,94.000,2522.000,1562.000,2682.000,1656.000,160.000,94.000,2522.000,1562.000,2682.000,1656.000,2602.000,1609.000,160.000,94.000,0,1.000000,38.980000,4.078373,16.575417
1780468420.059900,,,BOARD_3,2,1,2521.000,1560.000,2681.000,1654.000,160.000,94.000,2521.000,1560.000,2681.000,1654.000,160.000,94.000,2521.000,1560.000,2681.000,1654.000,2601.000,1607.000,160.000,94.000,0,1.000000,38.980000,4.073816,16.584583
1780468420.474610,,,BOARD_3,2,0,2561.000,1565.000,2597.000,1601.000,36.000,36.000,2561.000,1565.000,2597.000,1601.000,36.000,36.000,2561.000,1565.000,2597.000,1601.000,2579.000,1583.000,36.000,36.000,0,1.000000,173.260000,3.973555,16.694583
1780468420.474610,,,BOARD_3,2,1,2556.000,1560.000,2592.000,1596.000,36.000,36.000,2556.000,1560.000,2592.000,1596.000,36.000,36.000,2556.000,1560.000,2592.000,1596.000,2574.000,1578.000,36.000,36.000,0,1.000000,173.260000,3.950769,16.717500
1780468420.924108,,,BOARD_3,2,0,2487.000,1524.000,2628.000,1590.000,141.000,66.000,2487.000,1524.000,2628.000,1590.000,141.000,66.000,2487.000,1524.000,2628.000,1590.000,2557.500,1557.000,141.000,66.000,0,1.000000,44.240000,3.875573,16.813750
1780468420.924108,,,BOARD_3,2,1,2481.000,1517.000,2622.000,1583.000,141.000,66.000,2481.000,1517.000,2622.000,1583.000,141.000,66.000,2481.000,1517.000,2622.000,1583.000,2551.500,1550.000,141.000,66.000,0,1.000000,44.240000,3.848230,16.845833
1780468425.920711,,,BOARD_3,2,0,2057.000,1132.000,2189.000,1224.000,132.000,92.000,2057.000,1132.000,2189.000,1224.000,132.000,92.000,2057.000,1132.000,2189.000,1224.000,2123.000,1178.000,132.000,92.000,0,1.000000,47.250000,1.895430,18.550833
1780468426.214781,,,BOARD_3,2,0,2059.000,1135.000,2191.000,1227.000,132.000,92.000,2059.000,1135.000,2191.000,1227.000,132.000,92.000,2059.000,1135.000,2191.000,1227.000,2125.000,1181.000,132.000,92.000,0,1.000000,47.250000,1.904545,18.537083
1780468427.316272,,,BOARD_2,4,0,867.000,1407.000,903.000,1443.000,36.000,36.000,867.000,1407.000,903.000,1443.000,36.000,36.000,867.000,1407.000,903.000,1443.000,885.000,1425.000,36.000,36.000,0,1.000000,173.260000,337.653503,7.918750
1780468427.917231,,,BOARD_2,4,0,885.000,1415.000,921.000,1451.000,36.000,36.000,885.000,1415.000,921.000,1451.000,36.000,36.000,885.000,1415.000,921.000,1451.000,903.000,1433.000,36.000,36.000,0,1.000000,173.260000,337.735534,7.882083
1780468431.574758,,,BOARD_3,2,0,1301.000,1524.000,1549.000,1704.000,248.000,180.000,1301.000,1524.000,1549.000,1704.000,248.000,180.000,1301.000,1524.000,1549.000,1704.000,1425.000,1614.000,248.000,180.000,0,1.000000,25.150000,358.714441,16.552500
1780468445.023359,,,BOARD_2,2,0,2105.000,-54.000,2341.000,422.000,236.000,476.000,2105.000,0.000,2341.000,422.000,236.000,422.000,2105.000,0.000,2341.000,422.000,2223.000,211.000,236.000,422.000,1,0.886555,26.430000,1.456759,13.482917
1780468445.314732,,,BOARD_2,2,0,2118.000,-11.000,2354.000,465.000,236.000,476.000,2118.000,0.000,2354.000,465.000,236.000,465.000,2118.000,0.000,2354.000,465.000,2236.000,232.500,236.000,465.000,1,0.976891,26.430000,1.516004,13.384375
1780468445.755886,,,BOARD_2,2,0,2119.000,50.000,2279.000,162.000,160.000,112.000,2119.000,50.000,2279.000,162.000,160.000,112.000,2119.000,50.000,2279.000,162.000,2199.000,106.000,160.000,112.000,0,1.000000,38.980000,1.347384,13.964167
1780468447.080593,,,BOARD_6,3,0,989.000,473.000,1028.000,524.000,39.000,51.000,989.000,473.000,1028.000,524.000,39.000,51.000,989.000,473.000,1028.000,524.000,1008.500,498.500,39.000,51.000,0,1.000000,159.930000,337.616329,50.165208
1780468447.667922,,,BOARD_6,3,0,982.000,476.000,1018.000,512.000,36.000,36.000,982.000,476.000,1018.000,512.000,36.000,36.000,982.000,476.000,1018.000,512.000,1000.000,494.000,36.000,36.000,0,1.000000,173.260000,337.577592,50.185833
1780468447.667922,,,BOARD_6,3,1,981.000,475.000,1017.000,511.000,36.000,36.000,981.000,475.000,1017.000,511.000,36.000,36.000,981.000,475.000,1017.000,511.000,999.000,493.000,36.000,36.000,0,1.000000,173.260000,337.573034,50.190417
1780468448.351074,,,BOARD_6,3,0,981.000,477.000,1017.000,513.000,36.000,36.000,981.000,477.000,1017.000,513.000,36.000,36.000,981.000,477.000,1017.000,513.000,999.000,495.000,36.000,36.000,0,1.000000,173.260000,337.573034,50.181250
1780468448.351074,,,BOARD_6,3,1,980.000,477.000,1016.000,513.000,36.000,36.000,980.000,477.000,1016.000,513.000,36.000,36.000,980.000,477.000,1016.000,513.000,998.000,495.000,36.000,36.000,0,1.000000,173.260000,337.568477,50.181250
1780468448.980862,,,BOARD_6,3,0,981.000,478.000,1017.000,514.000,36.000,36.000,981.000,478.000,1017.000,514.000,36.000,36.000,981.000,478.000,1017.000,514.000,999.000,496.000,36.000,36.000,0,1.000000,173.260000,337.573034,50.176667
1780468448.980862,,,BOARD_6,3,1,981.000,478.000,1017.000,514.000,36.000,36.000,981.000,478.000,1017.000,514.000,36.000,36.000,981.000,478.000,1017.000,514.000,999.000,496.000,36.000,36.000,0,1.000000,173.260000,337.573034,50.176667
1780468451.116421,,,BOARD_6,3,0,983.000,477.000,1019.000,513.000,36.000,36.000,983.000,477.000,1019.000,513.000,36.000,36.000,983.000,477.000,1019.000,513.000,1001.000,495.000,36.000,36.000,0,1.000000,173.260000,337.582149,50.181250
1780468452.969809,,,BOARD_6,3,0,980.000,477.000,1016.000,513.000,36.000,36.000,980.000,477.000,1016.000,513.000,36.000,36.000,980.000,477.000,1016.000,513.000,998.000,495.000,36.000,36.000,0,1.000000,173.260000,337.568477,50.181250
1780468453.295284,,,BOARD_5,3,0,1482.000,1237.000,1545.000,1356.000,63.000,119.000,1482.000,1237.000,1545.000,1356.000,63.000,119.000,1482.000,1237.000,1545.000,1356.000,1513.500,1296.500,63.000,119.000,0,1.000000,99.000000,338.857761,37.007708
1780468453.295284,,,BOARD_3,0,1,805.000,112.000,869.000,232.000,64.000,120.000,805.000,112.000,869.000,232.000,64.000,120.000,805.000,112.000,869.000,232.000,837.000,172.000,64.000,120.000,0,1.000000,97.460000,27.051453,23.161667
1780468453.507093,,,BOARD_5,3,0,1485.000,1238.000,1548.000,1357.000,63.000,119.000,1485.000,1238.000,1548.000,1357.000,63.000,119.000,1485.000,1238.000,1548.000,1357.000,1516.500,1297.500,63.000,119.000,0,1.000000,99.000000,338.871433,37.003125
1780468453.507093,,,BOARD_6,3,1,979.000,471.000,1015.000,507.000,36.000,36.000,979.000,471.000,1015.000,507.000,36.000,36.000,979.000,471.000,1015.000,507.000,997.000,489.000,36.000,36.000,0,1.000000,173.260000,337.563920,50.208750
1780468454.042822,,,BOARD_6,3,0,981.000,477.000,1017.000,513.000,36.000,36.000,981.000,477.000,1017.000,513.000,36.000,36.000,981.000,477.000,1017.000,513.000,999.000,495.000,36.000,36.000,0,1.000000,173.260000,337.573034,50.181250
1780468454.042822,,,BOARD_6,3,1,981.000,478.000,1017.000,514.000,36.000,36.000,981.000,478.000,1017.000,514.000,36.000,36.000,981.000,478.000,1017.000,514.000,999.000,496.000,36.000,36.000,0,1.000000,173.260000,337.573034,50.176667
1780468454.585995,,,BOARD_6,3,0,981.000,477.000,1017.000,513.000,36.000,36.000,981.000,477.000,1017.000,513.000,36.000,36.000,981.000,477.000,1017.000,513.000,999.000,495.000,36.000,36.000,0,1.000000,173.260000,337.573034,50.181250
1780468454.585995,,,BOARD_6,3,1,981.000,477.000,1017.000,513.000,36.000,36.000,981.000,477.000,1017.000,513.000,36.000,36.000,981.000,477.000,1017.000,513.000,999.000,495.000,36.000,36.000,0,1.000000,173.260000,337.573034,50.181250
1780468455.106499,,,BOARD_6,3,0,981.000,477.000,1017.000,513.000,36.000,36.000,981.000,477.000,1017.000,513.000,36.000,36.000,981.000,477.000,1017.000,513.000,999.000,495.000,36.000,36.000,0,1.000000,173.260000,337.573034,50.181250
1780468455.106499,,,BOARD_6,3,1,981.000,477.000,1017.000,513.000,36.000,36.000,981.000,477.000,1017.000,513.000,36.000,36.000,981.000,477.000,1017.000,513.000,999.000,495.000,36.000,36.000,0,1.000000,173.260000,337.573034,50.181250
1780468455.631120,,,BOARD_6,3,0,1001.000,457.000,1037.000,493.000,36.000,36.000,1001.000,457.000,1037.000,493.000,36.000,36.000,1001.000,457.000,1037.000,493.000,1019.000,475.000,36.000,36.000,0,1.000000,173.260000,337.664180,50.272917
1780468455.631120,,,BOARD_6,3,1,1005.000,453.000,1041.000,489.000,36.000,36.000,1005.000,453.000,1041.000,489.000,36.000,36.000,1005.000,453.000,1041.000,489.000,1023.000,471.000,36.000,36.000,0,1.000000,173.260000,337.682409,50.291250
1780468456.242105,,,BOARD_6,3,0,980.000,477.000,1016.000,513.000,36.000,36.000,980.000,477.000,1016.000,513.000,36.000,36.000,980.000,477.000,1016.000,513.000,998.000,495.000,36.000,36.000,0,1.000000,173.260000,337.568477,50.181250
1780468457.947606,,,BOARD_6,3,0,982.000,478.000,1018.000,514.000,36.000,36.000,982.000,478.000,1018.000,514.000,36.000,36.000,982.000,478.000,1018.000,514.000,1000.000,496.000,36.000,36.000,0,1.000000,173.260000,337.577592,50.176667
1780468458.520589,,,BOARD_6,3,0,982.000,478.000,1018.000,514.000,36.000,36.000,982.000,478.000,1018.000,514.000,36.000,36.000,982.000,478.000,1018.000,514.000,1000.000,496.000,36.000,36.000,0,1.000000,173.260000,337.577592,50.176667
1780468459.315609,,,BOARD_6,3,0,983.000,477.000,1019.000,513.000,36.000,36.000,983.000,477.000,1019.000,513.000,36.000,36.000,983.000,477.000,1019.000,513.000,1001.000,495.000,36.000,36.000,0,1.000000,173.260000,337.582149,50.181250
1780468459.315609,,,BOARD_6,3,1,983.000,477.000,1019.000,513.000,36.000,36.000,983.000,477.000,1019.000,513.000,36.000,36.000,983.000,477.000,1019.000,513.000,1001.000,495.000,36.000,36.000,0,1.000000,173.260000,337.582149,50.181250
1780468459.852968,,,BOARD_6,3,0,983.000,476.000,1019.000,512.000,36.000,36.000,983.000,476.000,1019.000,512.000,36.000,36.000,983.000,476.000,1019.000,512.000,1001.000,494.000,36.000,36.000,0,1.000000,173.260000,337.582149,50.185833
1780468459.852968,,,BOARD_6,3,1,983.000,476.000,1019.000,512.000,36.000,36.000,983.000,476.000,1019.000,512.000,36.000,36.000,983.000,476.000,1019.000,512.000,1001.000,494.000,36.000,36.000,0,1.000000,173.260000,337.582149,50.185833
1780468460.342950,,,BOARD_6,3,0,981.000,477.000,1017.000,513.000,36.000,36.000,981.000,477.000,1017.000,513.000,36.000,36.000,981.000,477.000,1017.000,513.000,999.000,495.000,36.000,36.000,0,1.000000,173.260000,337.573034,50.181250
1780468460.342950,,,BOARD_6,3,1,981.000,477.000,1017.000,513.000,36.000,36.000,981.000,477.000,1017.000,513.000,36.000,36.000,981.000,477.000,1017.000,513.000,999.000,495.000,36.000,36.000,0,1.000000,173.260000,337.573034,50.181250
1780468461.027100,,,BOARD_6,3,0,981.000,478.000,1017.000,514.000,36.000,36.000,981.000,478.000,1017.000,514.000,36.000,36.000,981.000,478.000,1017.000,514.000,999.000,496.000,36.000,36.000,0,1.000000,173.260000,337.573034,50.176667
1780468461.233065,,,BOARD_6,3,0,981.000,478.000,1017.000,514.000,36.000,36.000,981.000,478.000,1017.000,514.000,36.000,36.000,981.000,478.000,1017.000,514.000,999.000,496.000,36.000,36.000,0,1.000000,173.260000,337.573034,50.176667
1780468461.584147,,,BOARD_6,3,0,982.000,478.000,1018.000,514.000,36.000,36.000,982.000,478.000,1018.000,514.000,36.000,36.000,982.000,478.000,1018.000,514.000,1000.000,496.000,36.000,36.000,0,1.000000,173.260000,337.577592,50.176667
1780468461.584147,,,BOARD_6,3,1,982.000,478.000,1018.000,514.000,36.000,36.000,982.000,478.000,1018.000,514.000,36.000,36.000,982.000,478.000,1018.000,514.000,1000.000,496.000,36.000,36.000,0,1.000000,173.260000,337.577592,50.176667
1780468462.330171,,,BOARD_6,3,0,983.000,477.000,1019.000,513.000,36.000,36.000,983.000,477.000,1019.000,513.000,36.000,36.000,983.000,477.000,1019.000,513.000,1001.000,495.000,36.000,36.000,0,1.000000,173.260000,337.582149,50.181250
1780468462.330171,,,BOARD_6,3,1,983.000,477.000,1019.000,513.000,36.000,36.000,983.000,477.000,1019.000,513.000,36.000,36.000,983.000,477.000,1019.000,513.000,1001.000,495.000,36.000,36.000,0,1.000000,173.260000,337.582149,50.181250
1780468462.816554,,,BOARD_6,3,0,982.000,477.000,1018.000,513.000,36.000,36.000,982.000,477.000,1018.000,513.000,36.000,36.000,982.000,477.000,1018.000,513.000,1000.000,495.000,36.000,36.000,0,1.000000,173.260000,337.577592,50.181250
1780468462.816554,,,BOARD_6,3,1,982.000,477.000,1018.000,513.000,36.000,36.000,982.000,477.000,1018.000,513.000,36.000,36.000,982.000,477.000,1018.000,513.000,1000.000,495.000,36.000,36.000,0,1.000000,173.260000,337.577592,50.181250
1780468463.545998,,,BOARD_6,3,0,981.000,477.000,1017.000,513.000,36.000,36.000,981.000,477.000,1017.000,513.000,36.000,36.000,981.000,477.000,1017.000,513.000,999.000,495.000,36.000,36.000,0,1.000000,173.260000,337.573034,50.181250
1780468463.811779,,,BOARD_6,3,0,981.000,477.000,1017.000,513.000,36.000,36.000,981.000,477.000,1017.000,513.000,36.000,36.000,981.000,477.000,1017.000,513.000,999.000,495.000,36.000,36.000,0,1.000000,173.260000,337.573034,50.181250
1780468463.811779,,,BOARD_6,3,1,981.000,477.000,1017.000,513.000,36.000,36.000,981.000,477.000,1017.000,513.000,36.000,36.000,981.000,477.000,1017.000,513.000,999.000,495.000,36.000,36.000,0,1.000000,173.260000,337.573034,50.181250
1780468464.242314,,,BOARD_6,3,0,983.000,477.000,1019.000,513.000,36.000,36.000,983.000,477.000,1019.000,513.000,36.000,36.000,983.000,477.000,1019.000,513.000,1001.000,495.000,36.000,36.000,0,1.000000,173.260000,337.582149,50.181250
1780468464.242314,,,BOARD_6,3,1,983.000,477.000,1019.000,513.000,36.000,36.000,983.000,477.000,1019.000,513.000,36.000,36.000,983.000,477.000,1019.000,513.000,1001.000,495.000,36.000,36.000,0,1.000000,173.260000,337.582149,50.181250
1780468465.626677,,,BOARD_6,3,0,982.000,478.000,1018.000,514.000,36.000,36.000,982.000,478.000,1018.000,514.000,36.000,36.000,982.000,478.000,1018.000,514.000,1000.000,496.000,36.000,36.000,0,1.000000,173.260000,337.577592,50.176667
1780468466.205332,,,BOARD_6,3,0,980.000,477.000,1016.000,513.000,36.000,36.000,980.000,477.000,1016.000,513.000,36.000,36.000,980.000,477.000,1016.000,513.000,998.000,495.000,36.000,36.000,0,1.000000,173.260000,337.568477,50.181250
1780468466.744661,,,BOARD_6,3,0,981.000,477.000,1017.000,513.000,36.000,36.000,981.000,477.000,1017.000,513.000,36.000,36.000,981.000,477.000,1017.000,513.000,999.000,495.000,36.000,36.000,0,1.000000,173.260000,337.573034,50.181250
1780468466.744661,,,BOARD_6,3,1,981.000,477.000,1017.000,513.000,36.000,36.000,981.000,477.000,1017.000,513.000,36.000,36.000,981.000,477.000,1017.000,513.000,999.000,495.000,36.000,36.000,0,1.000000,173.260000,337.573034,50.181250
1780468467.266363,,,BOARD_6,3,0,981.000,477.000,1017.000,513.000,36.000,36.000,981.000,477.000,1017.000,513.000,36.000,36.000,981.000,477.000,1017.000,513.000,999.000,495.000,36.000,36.000,0,1.000000,173.260000,337.573034,50.181250
1780468467.510957,,,BOARD_6,3,0,981.000,477.000,1017.000,513.000,36.000,36.000,981.000,477.000,1017.000,513.000,36.000,36.000,981.000,477.000,1017.000,513.000,999.000,495.000,36.000,36.000,0,1.000000,173.260000,337.573034,50.181250
1780468467.510957,,,BOARD_6,4,1,3464.000,634.000,3501.000,671.000,37.000,37.000,3464.000,634.000,3501.000,671.000,37.000,37.000,3464.000,634.000,3501.000,671.000,3482.500,652.500,37.000,37.000,0,1.000000,168.570000,328.891068,49.459375
1780468467.843571,,,BOARD_2,0,0,774.000,886.000,814.000,923.000,40.000,37.000,774.000,886.000,814.000,923.000,40.000,37.000,774.000,886.000,814.000,923.000,794.000,904.500,40.000,37.000,0,1.000000,155.930000,29.177090,10.304375
1780468468.087691,,,BOARD_6,3,0,982.000,477.000,1018.000,513.000,36.000,36.000,982.000,477.000,1018.000,513.000,36.000,36.000,982.000,477.000,1018.000,513.000,1000.000,495.000,36.000,36.000,0,1.000000,173.260000,337.577592,50.181250
1780468468.087691,,,BOARD_6,3,1,982.000,477.000,1018.000,513.000,36.000,36.000,982.000,477.000,1018.000,513.000,36.000,36.000,982.000,477.000,1018.000,513.000,1000.000,495.000,36.000,36.000,0,1.000000,173.260000,337.577592,50.181250
1780468468.620699,,,BOARD_6,3,0,981.000,476.000,1017.000,512.000,36.000,36.000,981.000,476.000,1017.000,512.000,36.000,36.000,981.000,476.000,1017.000,512.000,999.000,494.000,36.000,36.000,0,1.000000,173.260000,337.573034,50.185833
1780468468.898751,,,BOARD_6,3,0,981.000,476.000,1017.000,512.000,36.000,36.000,981.000,476.000,1017.000,512.000,36.000,36.000,981.000,476.000,1017.000,512.000,999.000,494.000,36.000,36.000,0,1.000000,173.260000,337.573034,50.185833
1780468469.229505,,,BOARD_6,3,0,982.000,478.000,1018.000,514.000,36.000,36.000,982.000,478.000,1018.000,514.000,36.000,36.000,982.000,478.000,1018.000,514.000,1000.000,496.000,36.000,36.000,0,1.000000,173.260000,337.577592,50.176667
1780468469.229505,,,BOARD_6,3,1,982.000,478.000,1018.000,514.000,36.000,36.000,982.000,478.000,1018.000,514.000,36.000,36.000,982.000,478.000,1018.000,514.000,1000.000,496.000,36.000,36.000,0,1.000000,173.260000,337.577592,50.176667
1780468469.473456,,,BOARD_2,2,0,3684.000,447.000,3840.000,599.000,156.000,152.000,3684.000,447.000,3840.000,599.000,156.000,152.000,3684.000,447.000,3840.000,599.000,3762.000,523.000,156.000,152.000,0,1.000000,39.980000,8.470431,12.052917
1780468469.473456,,,BOARD_2,2,1,3705.000,460.000,3861.000,612.000,156.000,152.000,3705.000,460.000,3840.000,612.000,135.000,152.000,3705.000,460.000,3840.000,612.000,3772.500,536.000,135.000,152.000,1,0.865385,39.980000,8.518283,11.993333
1780468469.756267,,,BOARD_6,3,0,983.000,477.000,1019.000,513.000,36.000,36.000,983.000,477.000,1019.000,513.000,36.000,36.000,983.000,477.000,1019.000,513.000,1001.000,495.000,36.000,36.000,0,1.000000,173.260000,337.582149,50.181250
1780468469.756267,,,BOARD_6,3,1,983.000,477.000,1019.000,513.000,36.000,36.000,983.000,477.000,1019.000,513.000,36.000,36.000,983.000,477.000,1019.000,513.000,1001.000,495.000,36.000,36.000,0,1.000000,173.260000,337.582149,50.181250
1780468469.756267,,,BOARD_6,0,2,3488.000,328.000,3528.000,365.000,40.000,37.000,3488.000,328.000,3528.000,365.000,40.000,37.000,3488.000,328.000,3528.000,365.000,3508.000,346.500,40.000,37.000,0,1.000000,155.930000,49.007279,50.861875
1780468469.756267,,,BOARD_2,2,3,3688.000,441.000,3840.000,600.000,152.000,159.000,3688.000,441.000,3840.000,600.000,152.000,159.000,3688.000,441.000,3840.000,600.000,3764.000,520.500,152.000,159.000,0,1.000000,41.030000,8.479546,12.064375
1780468470.126234,,,BOARD_2,2,0,3698.000,446.000,3850.000,605.000,152.000,159.000,3698.000,446.000,3840.000,605.000,142.000,159.000,3698.000,446.000,3840.000,605.000,3769.000,525.500,142.000,159.000,1,0.934211,41.030000,8.502332,12.041458
1780468470.126234,,,BOARD_6,0,1,3486.000,326.000,3526.000,363.000,40.000,37.000,3486.000,326.000,3526.000,363.000,40.000,37.000,3486.000,326.000,3526.000,363.000,3506.000,344.500,40.000,37.000,0,1.000000,155.930000,48.998165,50.871042
1780468470.338297,,,BOARD_6,0,0,3485.000,324.000,3525.000,361.000,40.000,37.000,3485.000,324.000,3525.000,361.000,40.000,37.000,3485.000,324.000,3525.000,361.000,3505.000,342.500,40.000,37.000,0,1.000000,155.930000,48.993607,50.880208
1780468470.338297,,,BOARD_6,3,1,981.000,476.000,1017.000,512.000,36.000,36.000,981.000,476.000,1017.000,512.000,36.000,36.000,981.000,476.000,1017.000,512.000,999.000,494.000,36.000,36.000,0,1.000000,173.260000,337.573034,50.185833
1780468470.338297,,,BOARD_2,2,2,3687.000,450.000,3840.000,598.000,153.000,148.000,3687.000,450.000,3840.000,598.000,153.000,148.000,3687.000,450.000,3840.000,598.000,3763.500,524.000,153.000,148.000,0,1.000000,40.770000,8.477267,12.048333
1780468470.604276,,,BOARD_6,3,0,981.000,476.000,1017.000,512.000,36.000,36.000,981.000,476.000,1017.000,512.000,36.000,36.000,981.000,476.000,1017.000,512.000,999.000,494.000,36.000,36.000,0,1.000000,173.260000,337.573034,50.185833
1780468470.604276,,,BOARD_6,0,1,3488.000,328.000,3528.000,365.000,40.000,37.000,3488.000,328.000,3528.000,365.000,40.000,37.000,3488.000,328.000,3528.000,365.000,3508.000,346.500,40.000,37.000,0,1.000000,155.930000,49.007279,50.861875
1780468470.604276,,,BOARD_6,0,2,3487.000,327.000,3527.000,364.000,40.000,37.000,3487.000,327.000,3527.000,364.000,40.000,37.000,3487.000,327.000,3527.000,364.000,3507.000,345.500,40.000,37.000,0,1.000000,155.930000,49.002722,50.866458
1780468470.849249,,,BOARD_6,0,0,3486.000,326.000,3526.000,363.000,40.000,37.000,3486.000,326.000,3526.000,363.000,40.000,37.000,3486.000,326.000,3526.000,363.000,3506.000,344.500,40.000,37.000,0,1.000000,155.930000,48.998165,50.871042
1780468471.320162,,,BOARD_6,3,0,980.000,476.000,1016.000,512.000,36.000,36.000,980.000,476.000,1016.000,512.000,36.000,36.000,980.000,476.000,1016.000,512.000,998.000,494.000,36.000,36.000,0,1.000000,173.260000,337.568477,50.185833
1780468471.320162,,,BOARD_6,3,1,980.000,476.000,1016.000,512.000,36.000,36.000,980.000,476.000,1016.000,512.000,36.000,36.000,980.000,476.000,1016.000,512.000,998.000,494.000,36.000,36.000,0,1.000000,173.260000,337.568477,50.185833
1780468472.412850,,,BOARD_6,3,0,981.000,477.000,1017.000,513.000,36.000,36.000,981.000,477.000,1017.000,513.000,36.000,36.000,981.000,477.000,1017.000,513.000,999.000,495.000,36.000,36.000,0,1.000000,173.260000,337.573034,50.181250
1780468473.330865,,,BOARD_6,3,0,982.000,477.000,1018.000,513.000,36.000,36.000,982.000,477.000,1018.000,513.000,36.000,36.000,982.000,477.000,1018.000,513.000,1000.000,495.000,36.000,36.000,0,1.000000,173.260000,337.577592,50.181250
1780468473.938731,,,BOARD_6,3,0,982.000,476.000,1018.000,512.000,36.000,36.000,982.000,476.000,1018.000,512.000,36.000,36.000,982.000,476.000,1018.000,512.000,1000.000,494.000,36.000,36.000,0,1.000000,173.260000,337.577592,50.185833
1780468473.938731,,,BOARD_6,3,1,982.000,476.000,1018.000,512.000,36.000,36.000,982.000,476.000,1018.000,512.000,36.000,36.000,982.000,476.000,1018.000,512.000,1000.000,494.000,36.000,36.000,0,1.000000,173.260000,337.577592,50.185833
1780468474.811726,,,BOARD_6,3,0,981.000,477.000,1017.000,513.000,36.000,36.000,981.000,477.000,1017.000,513.000,36.000,36.000,981.000,477.000,1017.000,513.000,999.000,495.000,36.000,36.000,0,1.000000,173.260000,337.573034,50.181250
1780468475.047859,,,BOARD_6,3,0,981.000,477.000,1017.000,513.000,36.000,36.000,981.000,477.000,1017.000,513.000,36.000,36.000,981.000,477.000,1017.000,513.000,999.000,495.000,36.000,36.000,0,1.000000,173.260000,337.573034,50.181250
1780468475.495842,,,BOARD_6,3,0,981.000,476.000,1017.000,512.000,36.000,36.000,981.000,476.000,1017.000,512.000,36.000,36.000,981.000,476.000,1017.000,512.000,999.000,494.000,36.000,36.000,0,1.000000,173.260000,337.573034,50.185833
1780468475.495842,,,BOARD_6,3,1,981.000,476.000,1017.000,512.000,36.000,36.000,981.000,476.000,1017.000,512.000,36.000,36.000,981.000,476.000,1017.000,512.000,999.000,494.000,36.000,36.000,0,1.000000,173.260000,337.573034,50.185833
1780468476.111320,,,BOARD_6,3,0,982.000,476.000,1018.000,512.000,36.000,36.000,982.000,476.000,1018.000,512.000,36.000,36.000,982.000,476.000,1018.000,512.000,1000.000,494.000,36.000,36.000,0,1.000000,173.260000,337.577592,50.185833
1780468476.111320,,,BOARD_6,3,1,982.000,476.000,1018.000,512.000,36.000,36.000,982.000,476.000,1018.000,512.000,36.000,36.000,982.000,476.000,1018.000,512.000,1000.000,494.000,36.000,36.000,0,1.000000,173.260000,337.577592,50.185833
1780468476.654480,,,BOARD_6,3,0,982.000,476.000,1018.000,512.000,36.000,36.000,982.000,476.000,1018.000,512.000,36.000,36.000,982.000,476.000,1018.000,512.000,1000.000,494.000,36.000,36.000,0,1.000000,173.260000,337.577592,50.185833
1780468476.654480,,,BOARD_6,3,1,982.000,476.000,1018.000,512.000,36.000,36.000,982.000,476.000,1018.000,512.000,36.000,36.000,982.000,476.000,1018.000,512.000,1000.000,494.000,36.000,36.000,0,1.000000,173.260000,337.577592,50.185833
1780468477.230146,,,BOARD_6,3,0,983.000,476.000,1019.000,512.000,36.000,36.000,983.000,476.000,1019.000,512.000,36.000,36.000,983.000,476.000,1019.000,512.000,1001.000,494.000,36.000,36.000,0,1.000000,173.260000,337.582149,50.185833
1780468477.230146,,,BOARD_6,3,1,983.000,476.000,1019.000,512.000,36.000,36.000,983.000,476.000,1019.000,512.000,36.000,36.000,983.000,476.000,1019.000,512.000,1001.000,494.000,36.000,36.000,0,1.000000,173.260000,337.582149,50.185833
1780468477.820049,,,BOARD_6,3,0,981.000,477.000,1017.000,513.000,36.000,36.000,981.000,477.000,1017.000,513.000,36.000,36.000,981.000,477.000,1017.000,513.000,999.000,495.000,36.000,36.000,0,1.000000,173.260000,337.573034,50.181250
1780468477.820049,,,BOARD_6,3,1,981.000,477.000,1017.000,513.000,36.000,36.000,981.000,477.000,1017.000,513.000,36.000,36.000,981.000,477.000,1017.000,513.000,999.000,495.000,36.000,36.000,0,1.000000,173.260000,337.573034,50.181250
1780468478.510668,,,BOARD_6,3,0,981.000,477.000,1017.000,513.000,36.000,36.000,981.000,477.000,1017.000,513.000,36.000,36.000,981.000,477.000,1017.000,513.000,999.000,495.000,36.000,36.000,0,1.000000,173.260000,337.573034,50.181250
1780468478.767768,,,BOARD_6,3,0,981.000,477.000,1017.000,513.000,36.000,36.000,981.000,477.000,1017.000,513.000,36.000,36.000,981.000,477.000,1017.000,513.000,999.000,495.000,36.000,36.000,0,1.000000,173.260000,337.573034,50.181250
1780468479.279625,,,BOARD_6,3,0,980.000,477.000,1016.000,513.000,36.000,36.000,980.000,477.000,1016.000,513.000,36.000,36.000,980.000,477.000,1016.000,513.000,998.000,495.000,36.000,36.000,0,1.000000,173.260000,337.568477,50.181250
1780468479.279625,,,BOARD_6,3,1,980.000,477.000,1016.000,513.000,36.000,36.000,980.000,477.000,1016.000,513.000,36.000,36.000,980.000,477.000,1016.000,513.000,998.000,495.000,36.000,36.000,0,1.000000,173.260000,337.568477,50.181250
1780468479.805518,,,BOARD_6,3,0,983.000,477.000,1019.000,513.000,36.000,36.000,983.000,477.000,1019.000,513.000,36.000,36.000,983.000,477.000,1019.000,513.000,1001.000,495.000,36.000,36.000,0,1.000000,173.260000,337.582149,50.181250
1780468479.805518,,,BOARD_6,3,1,983.000,477.000,1019.000,513.000,36.000,36.000,983.000,477.000,1019.000,513.000,36.000,36.000,983.000,477.000,1019.000,513.000,1001.000,495.000,36.000,36.000,0,1.000000,173.260000,337.582149,50.181250
1780468480.109751,,,BOARD_2,1,0,3734.000,882.000,3773.000,933.000,39.000,51.000,3734.000,882.000,3773.000,933.000,39.000,51.000,3734.000,882.000,3773.000,933.000,3753.500,907.500,39.000,51.000,0,1.000000,159.930000,23.915094,10.290625
1780468480.109751,,,BOARD_6,3,1,981.000,476.000,1017.000,512.000,36.000,36.000,981.000,476.000,1017.000,512.000,36.000,36.000,981.000,476.000,1017.000,512.000,999.000,494.000,36.000,36.000,0,1.000000,173.260000,337.573034,50.185833
1780468480.429256,,,BOARD_6,3,0,981.000,476.000,1017.000,512.000,36.000,36.000,981.000,476.000,1017.000,512.000,36.000,36.000,981.000,476.000,1017.000,512.000,999.000,494.000,36.000,36.000,0,1.000000,173.260000,337.573034,50.185833
1780468481.009859,,,BOARD_6,3,0,982.000,477.000,1018.000,513.000,36.000,36.000,982.000,477.000,1018.000,513.000,36.000,36.000,982.000,477.000,1018.000,513.000,1000.000,495.000,36.000,36.000,0,1.000000,173.260000,337.577592,50.181250
1780468481.009859,,,BOARD_6,3,1,982.000,477.000,1018.000,513.000,36.000,36.000,982.000,477.000,1018.000,513.000,36.000,36.000,982.000,477.000,1018.000,513.000,1000.000,495.000,36.000,36.000,0,1.000000,173.260000,337.577592,50.181250
1780468481.535595,,,BOARD_6,3,0,981.000,476.000,1017.000,512.000,36.000,36.000,981.000,476.000,1017.000,512.000,36.000,36.000,981.000,476.000,1017.000,512.000,999.000,494.000,36.000,36.000,0,1.000000,173.260000,337.573034,50.185833
1780468481.535595,,,BOARD_6,3,1,981.000,476.000,1017.000,512.000,36.000,36.000,981.000,476.000,1017.000,512.000,36.000,36.000,981.000,476.000,1017.000,512.000,999.000,494.000,36.000,36.000,0,1.000000,173.260000,337.573034,50.185833
1780468481.782325,,,BOARD_6,3,0,981.000,476.000,1017.000,512.000,36.000,36.000,981.000,476.000,1017.000,512.000,36.000,36.000,981.000,476.000,1017.000,512.000,999.000,494.000,36.000,36.000,0,1.000000,173.260000,337.573034,50.185833
1780468481.782325,,,BOARD_2,0,1,1380.000,665.000,1416.000,701.000,36.000,36.000,1380.000,665.000,1416.000,701.000,36.000,36.000,1380.000,665.000,1416.000,701.000,1398.000,683.000,36.000,36.000,0,1.000000,173.260000,31.929694,11.319583
1780468482.155619,,,BOARD_6,3,0,979.000,477.000,1015.000,513.000,36.000,36.000,979.000,477.000,1015.000,513.000,36.000,36.000,979.000,477.000,1015.000,513.000,997.000,495.000,36.000,36.000,0,1.000000,173.260000,337.563920,50.181250
1780468482.155619,,,BOARD_6,3,1,979.000,477.000,1015.000,513.000,36.000,36.000,979.000,477.000,1015.000,513.000,36.000,36.000,979.000,477.000,1015.000,513.000,997.000,495.000,36.000,36.000,0,1.000000,173.260000,337.563920,50.181250
1780468482.667775,,,BOARD_6,3,0,983.000,477.000,1019.000,513.000,36.000,36.000,983.000,477.000,1019.000,513.000,36.000,36.000,983.000,477.000,1019.000,513.000,1001.000,495.000,36.000,36.000,0,1.000000,173.260000,337.582149,50.181250
1780468482.667775,,,BOARD_6,3,1,984.000,477.000,1020.000,513.000,36.000,36.000,984.000,477.000,1020.000,513.000,36.000,36.000,984.000,477.000,1020.000,513.000,1002.000,495.000,36.000,36.000,0,1.000000,173.260000,337.586706,50.181250
1780468483.333832,,,BOARD_6,3,0,981.000,477.000,1017.000,513.000,36.000,36.000,981.000,477.000,1017.000,513.000,36.000,36.000,981.000,477.000,1017.000,513.000,999.000,495.000,36.000,36.000,0,1.000000,173.260000,337.573034,50.181250
1780468483.333832,,,BOARD_6,3,1,981.000,477.000,1017.000,513.000,36.000,36.000,981.000,477.000,1017.000,513.000,36.000,36.000,981.000,477.000,1017.000,513.000,999.000,495.000,36.000,36.000,0,1.000000,173.260000,337.573034,50.181250
1780468483.865055,,,BOARD_6,3,0,982.000,478.000,1018.000,514.000,36.000,36.000,982.000,478.000,1018.000,514.000,36.000,36.000,982.000,478.000,1018.000,514.000,1000.000,496.000,36.000,36.000,0,1.000000,173.260000,337.577592,50.176667
1780468483.865055,,,BOARD_6,3,1,982.000,478.000,1018.000,514.000,36.000,36.000,982.000,478.000,1018.000,514.000,36.000,36.000,982.000,478.000,1018.000,514.000,1000.000,496.000,36.000,36.000,0,1.000000,173.260000,337.577592,50.176667
1780468484.432927,,,BOARD_6,3,0,981.000,475.000,1017.000,511.000,36.000,36.000,981.000,475.000,1017.000,511.000,36.000,36.000,981.000,475.000,1017.000,511.000,999.000,493.000,36.000,36.000,0,1.000000,173.260000,337.573034,50.190417
1780468484.432927,,,BOARD_6,3,1,981.000,475.000,1017.000,511.000,36.000,36.000,981.000,475.000,1017.000,511.000,36.000,36.000,981.000,475.000,1017.000,511.000,999.000,493.000,36.000,36.000,0,1.000000,173.260000,337.573034,50.190417
1780468486.302391,,,BOARD_6,3,0,981.000,476.000,1017.000,512.000,36.000,36.000,981.000,476.000,1017.000,512.000,36.000,36.000,981.000,476.000,1017.000,512.000,999.000,494.000,36.000,36.000,0,1.000000,173.260000,337.573034,50.185833
1780468487.042006,,,BOARD_6,3,0,981.000,477.000,1017.000,513.000,36.000,36.000,981.000,477.000,1017.000,513.000,36.000,36.000,981.000,477.000,1017.000,513.000,999.000,495.000,36.000,36.000,0,1.000000,173.260000,337.573034,50.181250
1780468487.042006,,,BOARD_6,3,1,981.000,477.000,1017.000,513.000,36.000,36.000,981.000,477.000,1017.000,513.000,36.000,36.000,981.000,477.000,1017.000,513.000,999.000,495.000,36.000,36.000,0,1.000000,173.260000,337.573034,50.181250
1780468487.674624,,,BOARD_6,3,0,983.000,477.000,1019.000,513.000,36.000,36.000,983.000,477.000,1019.000,513.000,36.000,36.000,983.000,477.000,1019.000,513.000,1001.000,495.000,36.000,36.000,0,1.000000,173.260000,337.582149,50.181250
1780468487.674624,,,BOARD_6,3,1,983.000,477.000,1019.000,513.000,36.000,36.000,983.000,477.000,1019.000,513.000,36.000,36.000,983.000,477.000,1019.000,513.000,1001.000,495.000,36.000,36.000,0,1.000000,173.260000,337.582149,50.181250
1780468489.206247,,,BOARD_6,3,0,982.000,477.000,1018.000,513.000,36.000,36.000,982.000,477.000,1018.000,513.000,36.000,36.000,982.000,477.000,1018.000,513.000,1000.000,495.000,36.000,36.000,0,1.000000,173.260000,337.577592,50.181250
1780468490.274643,,,BOARD_6,3,0,982.000,476.000,1018.000,512.000,36.000,36.000,982.000,476.000,1018.000,512.000,36.000,36.000,982.000,476.000,1018.000,512.000,1000.000,494.000,36.000,36.000,0,1.000000,173.260000,337.577592,50.185833
1780468490.274643,,,BOARD_2,2,1,2094.000,500.000,2558.000,860.000,464.000,360.000,2094.000,500.000,2558.000,860.000,464.000,360.000,2094.000,500.000,2558.000,860.000,2326.000,680.000,464.000,360.000,0,1.000000,13.440000,1.926160,11.333333
1780468490.274643,,,BOARD_6,3,2,982.000,476.000,1018.000,512.000,36.000,36.000,982.000,476.000,1018.000,512.000,36.000,36.000,982.000,476.000,1018.000,512.000,1000.000,494.000,36.000,36.000,0,1.000000,173.260000,337.577592,50.185833
1780468490.541539,,,BOARD_2,2,0,2097.000,509.000,2561.000,869.000,464.000,360.000,2097.000,509.000,2561.000,869.000,464.000,360.000,2097.000,509.000,2561.000,869.000,2329.000,689.000,464.000,360.000,0,1.000000,13.440000,1.939832,11.292083
1780468492.054337,,,BOARD_6,3,0,981.000,477.000,1017.000,513.000,36.000,36.000,981.000,477.000,1017.000,513.000,36.000,36.000,981.000,477.000,1017.000,513.000,999.000,495.000,36.000,36.000,0,1.000000,173.260000,337.573034,50.181250
1780468492.679667,,,BOARD_6,3,0,980.000,477.000,1016.000,513.000,36.000,36.000,980.000,477.000,1016.000,513.000,36.000,36.000,980.000,477.000,1016.000,513.000,998.000,495.000,36.000,36.000,0,1.000000,173.260000,337.568477,50.181250
1780468492.880359,,,BOARD_6,3,0,980.000,477.000,1016.000,513.000,36.000,36.000,980.000,477.000,1016.000,513.000,36.000,36.000,980.000,477.000,1016.000,513.000,998.000,495.000,36.000,36.000,0,1.000000,173.260000,337.568477,50.181250
1780468493.340484,,,BOARD_6,3,0,980.000,475.000,1016.000,511.000,36.000,36.000,980.000,475.000,1016.000,511.000,36.000,36.000,980.000,475.000,1016.000,511.000,998.000,493.000,36.000,36.000,0,1.000000,173.260000,337.568477,50.190417
1780468493.340484,,,BOARD_6,3,1,980.000,475.000,1016.000,511.000,36.000,36.000,980.000,475.000,1016.000,511.000,36.000,36.000,980.000,475.000,1016.000,511.000,998.000,493.000,36.000,36.000,0,1.000000,173.260000,337.568477,50.190417
1780468493.854260,,,BOARD_6,3,0,982.000,477.000,1018.000,513.000,36.000,36.000,982.000,477.000,1018.000,513.000,36.000,36.000,982.000,477.000,1018.000,513.000,1000.000,495.000,36.000,36.000,0,1.000000,173.260000,337.577592,50.181250
1780468493.854260,,,BOARD_6,3,1,982.000,477.000,1018.000,513.000,36.000,36.000,982.000,477.000,1018.000,513.000,36.000,36.000,982.000,477.000,1018.000,513.000,1000.000,495.000,36.000,36.000,0,1.000000,173.260000,337.577592,50.181250
1780468494.299413,,,BOARD_2,2,0,2078.000,491.000,2542.000,851.000,464.000,360.000,2078.000,491.000,2542.000,851.000,464.000,360.000,2078.000,491.000,2542.000,851.000,2310.000,671.000,464.000,360.000,0,1.000000,13.440000,1.853244,11.374583
1780468494.299413,,,BOARD_6,3,1,982.000,477.000,1018.000,513.000,36.000,36.000,982.000,477.000,1018.000,513.000,36.000,36.000,982.000,477.000,1018.000,513.000,1000.000,495.000,36.000,36.000,0,1.000000,173.260000,337.577592,50.181250
1780468494.299413,,,BOARD_2,2,2,2086.000,515.000,2550.000,875.000,464.000,360.000,2086.000,515.000,2550.000,875.000,464.000,360.000,2086.000,515.000,2550.000,875.000,2318.000,695.000,464.000,360.000,0,1.000000,13.440000,1.889702,11.264583
1780468494.521928,,,BOARD_6,3,0,982.000,477.000,1018.000,513.000,36.000,36.000,982.000,477.000,1018.000,513.000,36.000,36.000,982.000,477.000,1018.000,513.000,1000.000,495.000,36.000,36.000,0,1.000000,173.260000,337.577592,50.181250
1780468494.881431,,,BOARD_2,2,0,2218.000,569.000,2378.000,692.000,160.000,123.000,2218.000,569.000,2378.000,692.000,160.000,123.000,2218.000,569.000,2378.000,692.000,2298.000,630.500,160.000,123.000,0,1.000000,38.980000,1.798556,11.560208
1780468494.881431,,,BOARD_2,2,1,2219.000,569.000,2379.000,692.000,160.000,123.000,2219.000,569.000,2379.000,692.000,160.000,123.000,2219.000,569.000,2379.000,692.000,2299.000,630.500,160.000,123.000,0,1.000000,38.980000,1.803114,11.560208
1780468495.105029,,,BOARD_6,3,0,980.000,477.000,1016.000,513.000,36.000,36.000,980.000,477.000,1016.000,513.000,36.000,36.000,980.000,477.000,1016.000,513.000,998.000,495.000,36.000,36.000,0,1.000000,173.260000,337.568477,50.181250
1780468495.105029,,,BOARD_6,3,1,980.000,477.000,1016.000,513.000,36.000,36.000,980.000,477.000,1016.000,513.000,36.000,36.000,980.000,477.000,1016.000,513.000,998.000,495.000,36.000,36.000,0,1.000000,173.260000,337.568477,50.181250
1780468495.343053,,,BOARD_2,2,0,2219.000,568.000,2379.000,691.000,160.000,123.000,2219.000,568.000,2379.000,691.000,160.000,123.000,2219.000,568.000,2379.000,691.000,2299.000,629.500,160.000,123.000,0,1.000000,38.980000,1.803114,11.564792
1780468495.624036,,,BOARD_6,3,0,981.000,476.000,1017.000,512.000,36.000,36.000,981.000,476.000,1017.000,512.000,36.000,36.000,981.000,476.000,1017.000,512.000,999.000,494.000,36.000,36.000,0,1.000000,173.260000,337.573034,50.185833
1780468495.624036,,,BOARD_2,2,1,2228.000,566.000,2388.000,693.000,160.000,127.000,2228.000,566.000,2388.000,693.000,160.000,127.000,2228.000,566.000,2388.000,693.000,2308.000,629.500,160.000,127.000,0,1.000000,38.980000,1.844129,11.564792
1780468495.624036,,,BOARD_6,3,2,981.000,476.000,1017.000,512.000,36.000,36.000,981.000,476.000,1017.000,512.000,36.000,36.000,981.000,476.000,1017.000,512.000,999.000,494.000,36.000,36.000,0,1.000000,173.260000,337.573034,50.185833
1780468495.842223,,,BOARD_2,2,0,2230.000,566.000,2390.000,693.000,160.000,127.000,2230.000,566.000,2390.000,693.000,160.000,127.000,2230.000,566.000,2390.000,693.000,2310.000,629.500,160.000,127.000,0,1.000000,38.980000,1.853244,11.564792
1780468495.842223,,,BOARD_2,2,1,2232.000,565.000,2392.000,692.000,160.000,127.000,2232.000,565.000,2392.000,692.000,160.000,127.000,2232.000,565.000,2392.000,692.000,2312.000,628.500,160.000,127.000,0,1.000000,38.980000,1.862358,11.569375
1780468496.269030,,,BOARD_2,2,0,2243.000,570.000,2403.000,690.000,160.000,120.000,2243.000,570.000,2403.000,690.000,160.000,120.000,2243.000,570.000,2403.000,690.000,2323.000,630.000,160.000,120.000,0,1.000000,38.980000,1.912489,11.562500
1780468496.269030,,,BOARD_2,2,1,2247.000,570.000,2407.000,690.000,160.000,120.000,2247.000,570.000,2407.000,690.000,160.000,120.000,2247.000,570.000,2407.000,690.000,2327.000,630.000,160.000,120.000,0,1.000000,38.980000,1.930718,11.562500
1780468496.269030,,,BOARD_6,3,2,982.000,477.000,1018.000,513.000,36.000,36.000,982.000,477.000,1018.000,513.000,36.000,36.000,982.000,477.000,1018.000,513.000,1000.000,495.000,36.000,36.000,0,1.000000,173.260000,337.577592,50.181250
1780468496.520121,,,BOARD_2,2,0,2250.000,570.000,2410.000,690.000,160.000,120.000,2250.000,570.000,2410.000,690.000,160.000,120.000,2250.000,570.000,2410.000,690.000,2330.000,630.000,160.000,120.000,0,1.000000,38.980000,1.944390,11.562500
1780468496.520121,,,BOARD_6,3,1,982.000,477.000,1018.000,513.000,36.000,36.000,982.000,477.000,1018.000,513.000,36.000,36.000,982.000,477.000,1018.000,513.000,1000.000,495.000,36.000,36.000,0,1.000000,173.260000,337.577592,50.181250
1780468496.840119,,,BOARD_2,2,0,2251.000,571.000,2411.000,687.000,160.000,116.000,2251.000,571.000,2411.000,687.000,160.000,116.000,2251.000,571.000,2411.000,687.000,2331.000,629.000,160.000,116.000,0,1.000000,38.980000,1.948947,11.567083
1780468496.840119,,,BOARD_6,3,1,982.000,478.000,1018.000,514.000,36.000,36.000,982.000,478.000,1018.000,514.000,36.000,36.000,982.000,478.000,1018.000,514.000,1000.000,496.000,36.000,36.000,0,1.000000,173.260000,337.577592,50.176667
1780468496.840119,,,BOARD_2,2,2,2107.000,498.000,2571.000,858.000,464.000,360.000,2107.000,498.000,2571.000,858.000,464.000,360.000,2107.000,498.000,2571.000,858.000,2339.000,678.000,464.000,360.000,0,1.000000,13.440000,1.985405,11.342500
1780468496.840119,,,BOARD_6,3,3,982.000,478.000,1018.000,514.000,36.000,36.000,982.000,478.000,1018.000,514.000,36.000,36.000,982.000,478.000,1018.000,514.000,1000.000,496.000,36.000,36.000,0,1.000000,173.260000,337.577592,50.176667
1780468497.106386,,,BOARD_2,2,0,2113.000,525.000,2577.000,885.000,464.000,360.000,2113.000,525.000,2577.000,885.000,464.000,360.000,2113.000,525.000,2577.000,885.000,2345.000,705.000,464.000,360.000,0,1.000000,13.440000,2.012749,11.218750
1780468497.409827,,,BOARD_2,2,0,2252.000,567.000,2412.000,690.000,160.000,123.000,2252.000,567.000,2412.000,690.000,160.000,123.000,2252.000,567.000,2412.000,690.000,2332.000,628.500,160.000,123.000,0,1.000000,38.980000,1.953504,11.569375
1780468497.409827,,,BOARD_2,2,1,2253.000,565.000,2413.000,688.000,160.000,123.000,2253.000,565.000,2413.000,688.000,160.000,123.000,2253.000,565.000,2413.000,688.000,2333.000,626.500,160.000,123.000,0,1.000000,38.980000,1.958061,11.578542
1780468497.409827,,,BOARD_6,3,2,981.000,478.000,1017.000,514.000,36.000,36.000,981.000,478.000,1017.000,514.000,36.000,36.000,981.000,478.000,1017.000,514.000,999.000,496.000,36.000,36.000,0,1.000000,173.260000,337.573034,50.176667
1780468497.673733,,,BOARD_2,2,0,2253.000,564.000,2413.000,687.000,160.000,123.000,2253.000,564.000,2413.000,687.000,160.000,123.000,2253.000,564.000,2413.000,687.000,2333.000,625.500,160.000,123.000,0,1.000000,38.980000,1.958061,11.583125
1780468497.673733,,,BOARD_6,3,1,981.000,478.000,1017.000,514.000,36.000,36.000,981.000,478.000,1017.000,514.000,36.000,36.000,981.000,478.000,1017.000,514.000,999.000,496.000,36.000,36.000,0,1.000000,173.260000,337.573034,50.176667
1780468498.009445,,,BOARD_2,2,0,2256.000,556.000,2416.000,686.000,160.000,130.000,2256.000,556.000,2416.000,686.000,160.000,130.000,2256.000,556.000,2416.000,686.000,2336.000,621.000,160.000,130.000,0,1.000000,38.980000,1.971733,11.603750
1780468498.009445,,,BOARD_2,2,1,2257.000,554.000,2417.000,684.000,160.000,130.000,2257.000,554.000,2417.000,684.000,160.000,130.000,2257.000,554.000,2417.000,684.000,2337.000,619.000,160.000,130.000,0,1.000000,38.980000,1.976291,11.612917
1780468498.009445,,,BOARD_6,3,2,980.000,478.000,1016.000,514.000,36.000,36.000,980.000,478.000,1016.000,514.000,36.000,36.000,980.000,478.000,1016.000,514.000,998.000,496.000,36.000,36.000,0,1.000000,173.260000,337.568477,50.176667
1780468498.312365,,,BOARD_2,2,0,2258.000,552.000,2418.000,682.000,160.000,130.000,2258.000,552.000,2418.000,682.000,160.000,130.000,2258.000,552.000,2418.000,682.000,2338.000,617.000,160.000,130.000,0,1.000000,38.980000,1.980848,11.622083
1780468498.312365,,,BOARD_6,3,1,980.000,478.000,1016.000,514.000,36.000,36.000,980.000,478.000,1016.000,514.000,36.000,36.000,980.000,478.000,1016.000,514.000,998.000,496.000,36.000,36.000,0,1.000000,173.260000,337.568477,50.176667
1780468498.545578,,,BOARD_2,2,0,2295.000,558.000,2455.000,685.000,160.000,127.000,2295.000,558.000,2455.000,685.000,160.000,127.000,2295.000,558.000,2455.000,685.000,2375.000,621.500,160.000,127.000,0,1.000000,38.980000,2.149468,11.601458
1780468498.545578,,,BOARD_2,2,1,2303.000,557.000,2463.000,684.000,160.000,127.000,2303.000,557.000,2463.000,684.000,160.000,127.000,2303.000,557.000,2463.000,684.000,2383.000,620.500,160.000,127.000,0,1.000000,38.980000,2.185926,11.606042
1780468498.834931,,,BOARD_6,3,0,983.000,477.000,1019.000,513.000,36.000,36.000,983.000,477.000,1019.000,513.000,36.000,36.000,983.000,477.000,1019.000,513.000,1001.000,495.000,36.000,36.000,0,1.000000,173.260000,337.582149,50.181250
1780468498.834931,,,BOARD_6,3,1,983.000,477.000,1019.000,513.000,36.000,36.000,983.000,477.000,1019.000,513.000,36.000,36.000,983.000,477.000,1019.000,513.000,1001.000,495.000,36.000,36.000,0,1.000000,173.260000,337.582149,50.181250
1780468499.175989,,,BOARD_2,2,0,2307.000,552.000,2467.000,682.000,160.000,130.000,2307.000,552.000,2467.000,682.000,160.000,130.000,2307.000,552.000,2467.000,682.000,2387.000,617.000,160.000,130.000,0,1.000000,38.980000,2.204155,11.622083
1780468499.175989,,,BOARD_2,2,1,2191.000,490.000,2655.000,850.000,464.000,360.000,2191.000,490.000,2655.000,850.000,464.000,360.000,2191.000,490.000,2655.000,850.000,2423.000,670.000,464.000,360.000,0,1.000000,13.440000,2.368218,11.379167
1780468499.430699,,,BOARD_2,2,0,2213.000,519.000,2677.000,879.000,464.000,360.000,2213.000,519.000,2677.000,879.000,464.000,360.000,2213.000,519.000,2677.000,879.000,2445.000,699.000,464.000,360.000,0,1.000000,13.440000,2.468478,11.246250
1780468499.744066,,,BOARD_2,2,0,2330.000,548.000,2490.000,678.000,160.000,130.000,2330.000,548.000,2490.000,678.000,160.000,130.000,2330.000,548.000,2490.000,678.000,2410.000,613.000,160.000,130.000,0,1.000000,38.980000,2.308973,11.640417
1780468499.744066,,,BOARD_2,2,1,2336.000,545.000,2496.000,675.000,160.000,130.000,2336.000,545.000,2496.000,675.000,160.000,130.000,2336.000,545.000,2496.000,675.000,2416.000,610.000,160.000,130.000,0,1.000000,38.980000,2.336317,11.654167
1780468500.231030,,,BOARD_2,2,0,2326.000,546.000,2486.000,676.000,160.000,130.000,2326.000,546.000,2486.000,676.000,160.000,130.000,2326.000,546.000,2486.000,676.000,2406.000,611.000,160.000,130.000,0,1.000000,38.980000,2.290744,11.649583
1780468500.231030,,,BOARD_2,2,1,2328.000,544.000,2488.000,674.000,160.000,130.000,2328.000,544.000,2488.000,674.000,160.000,130.000,2328.000,544.000,2488.000,674.000,2408.000,609.000,160.000,130.000,0,1.000000,38.980000,2.299858,11.658750
1780468500.790744,,,BOARD_2,2,0,2326.000,544.000,2486.000,671.000,160.000,127.000,2326.000,544.000,2486.000,671.000,160.000,127.000,2326.000,544.000,2486.000,671.000,2406.000,607.500,160.000,127.000,0,1.000000,38.980000,2.290744,11.665625
1780468500.790744,,,BOARD_2,2,1,2327.000,543.000,2487.000,670.000,160.000,127.000,2327.000,543.000,2487.000,670.000,160.000,127.000,2327.000,543.000,2487.000,670.000,2407.000,606.500,160.000,127.000,0,1.000000,38.980000,2.295301,11.670208
1780468501.045510,,,BOARD_3,0,0,3726.000,2023.000,3766.000,2074.000,40.000,51.000,3726.000,2023.000,3766.000,2074.000,40.000,51.000,3726.000,2023.000,3766.000,2074.000,3746.000,2048.500,40.000,51.000,0,1.000000,155.930000,40.308615,14.561042
1780468501.045510,,,BOARD_2,2,1,2328.000,541.000,2488.000,668.000,160.000,127.000,2328.000,541.000,2488.000,668.000,160.000,127.000,2328.000,541.000,2488.000,668.000,2408.000,604.500,160.000,127.000,0,1.000000,38.980000,2.299858,11.679375
1780468501.359392,,,BOARD_2,2,0,2323.000,542.000,2483.000,669.000,160.000,127.000,2323.000,542.000,2483.000,669.000,160.000,127.000,2323.000,542.000,2483.000,669.000,2403.000,605.500,160.000,127.000,0,1.000000,38.980000,2.277072,11.674792
1780468501.359392,,,BOARD_2,2,1,2323.000,541.000,2483.000,668.000,160.000,127.000,2323.000,541.000,2483.000,668.000,160.000,127.000,2323.000,541.000,2483.000,668.000,2403.000,604.500,160.000,127.000,0,1.000000,38.980000,2.277072,11.679375
1780468501.575757,,,BOARD_2,2,0,2323.000,540.000,2483.000,667.000,160.000,127.000,2323.000,540.000,2483.000,667.000,160.000,127.000,2323.000,540.000,2483.000,667.000,2403.000,603.500,160.000,127.000,0,1.000000,38.980000,2.277072,11.683958
1780468501.827733,,,BOARD_2,2,0,2331.000,545.000,2491.000,668.000,160.000,123.000,2331.000,545.000,2491.000,668.000,160.000,123.000,2331.000,545.000,2491.000,668.000,2411.000,606.500,160.000,123.000,0,1.000000,38.980000,2.313530,11.670208
1780468501.827733,,,BOARD_2,2,1,2332.000,545.000,2492.000,668.000,160.000,123.000,2332.000,545.000,2492.000,668.000,160.000,123.000,2332.000,545.000,2492.000,668.000,2412.000,606.500,160.000,123.000,0,1.000000,38.980000,2.318087,11.670208
1780468502.101916,,,BOARD_2,2,0,2334.000,544.000,2494.000,667.000,160.000,123.000,2334.000,544.000,2494.000,667.000,160.000,123.000,2334.000,544.000,2494.000,667.000,2414.000,605.500,160.000,123.000,0,1.000000,38.980000,2.327202,11.674792
1780468502.491328,,,BOARD_2,2,0,2337.000,549.000,2497.000,672.000,160.000,123.000,2337.000,549.000,2497.000,672.000,160.000,123.000,2337.000,549.000,2497.000,672.000,2417.000,610.500,160.000,123.000,0,1.000000,38.980000,2.340874,11.651875
1780468502.491328,,,BOARD_2,2,1,2339.000,550.000,2499.000,673.000,160.000,123.000,2339.000,550.000,2499.000,673.000,160.000,123.000,2339.000,550.000,2499.000,673.000,2419.000,611.500,160.000,123.000,0,1.000000,38.980000,2.349989,11.647292
1780468502.761706,,,BOARD_2,2,0,2340.000,550.000,2500.000,673.000,160.000,123.000,2340.000,550.000,2500.000,673.000,160.000,123.000,2340.000,550.000,2500.000,673.000,2420.000,611.500,160.000,123.000,0,1.000000,38.980000,2.354546,11.647292
1780468503.299945,,,BOARD_6,3,0,982.000,477.000,1018.000,513.000,36.000,36.000,982.000,477.000,1018.000,513.000,36.000,36.000,982.000,477.000,1018.000,513.000,1000.000,495.000,36.000,36.000,0,1.000000,173.260000,337.577592,50.181250
1780468504.022043,,,BOARD_6,3,0,982.000,477.000,1018.000,513.000,36.000,36.000,982.000,477.000,1018.000,513.000,36.000,36.000,982.000,477.000,1018.000,513.000,1000.000,495.000,36.000,36.000,0,1.000000,173.260000,337.577592,50.181250
1780468504.022043,,,BOARD_6,3,1,982.000,477.000,1018.000,513.000,36.000,36.000,982.000,477.000,1018.000,513.000,36.000,36.000,982.000,477.000,1018.000,513.000,1000.000,495.000,36.000,36.000,0,1.000000,173.260000,337.577592,50.181250
1780468504.557285,,,BOARD_6,3,0,982.000,477.000,1018.000,513.000,36.000,36.000,982.000,477.000,1018.000,513.000,36.000,36.000,982.000,477.000,1018.000,513.000,1000.000,495.000,36.000,36.000,0,1.000000,173.260000,337.577592,50.181250
1780468504.557285,,,BOARD_6,3,1,982.000,477.000,1018.000,513.000,36.000,36.000,982.000,477.000,1018.000,513.000,36.000,36.000,982.000,477.000,1018.000,513.000,1000.000,495.000,36.000,36.000,0,1.000000,173.260000,337.577592,50.181250
1780468505.125089,,,BOARD_6,3,0,982.000,477.000,1018.000,513.000,36.000,36.000,982.000,477.000,1018.000,513.000,36.000,36.000,982.000,477.000,1018.000,513.000,1000.000,495.000,36.000,36.000,0,1.000000,173.260000,337.577592,50.181250
1780468505.125089,,,BOARD_6,3,1,982.000,477.000,1018.000,513.000,36.000,36.000,982.000,477.000,1018.000,513.000,36.000,36.000,982.000,477.000,1018.000,513.000,1000.000,495.000,36.000,36.000,0,1.000000,173.260000,337.577592,50.181250
1780468505.767600,,,BOARD_6,3,0,981.000,477.000,1017.000,513.000,36.000,36.000,981.000,477.000,1017.000,513.000,36.000,36.000,981.000,477.000,1017.000,513.000,999.000,495.000,36.000,36.000,0,1.000000,173.260000,337.573034,50.181250
1780468505.767600,,,BOARD_6,3,1,981.000,477.000,1017.000,513.000,36.000,36.000,981.000,477.000,1017.000,513.000,36.000,36.000,981.000,477.000,1017.000,513.000,999.000,495.000,36.000,36.000,0,1.000000,173.260000,337.573034,50.181250
1780468506.017652,,,BOARD_6,3,0,981.000,477.000,1017.000,513.000,36.000,36.000,981.000,477.000,1017.000,513.000,36.000,36.000,981.000,477.000,1017.000,513.000,999.000,495.000,36.000,36.000,0,1.000000,173.260000,337.573034,50.181250
1780468506.310000,,,BOARD_6,3,0,983.000,475.000,1019.000,511.000,36.000,36.000,983.000,475.000,1019.000,511.000,36.000,36.000,983.000,475.000,1019.000,511.000,1001.000,493.000,36.000,36.000,0,1.000000,173.260000,337.582149,50.190417
1780468506.310000,,,BOARD_6,3,1,983.000,475.000,1019.000,511.000,36.000,36.000,983.000,475.000,1019.000,511.000,36.000,36.000,983.000,475.000,1019.000,511.000,1001.000,493.000,36.000,36.000,0,1.000000,173.260000,337.582149,50.190417
1780468506.962752,,,BOARD_6,3,0,981.000,477.000,1017.000,513.000,36.000,36.000,981.000,477.000,1017.000,513.000,36.000,36.000,981.000,477.000,1017.000,513.000,999.000,495.000,36.000,36.000,0,1.000000,173.260000,337.573034,50.181250
1780468506.962752,,,BOARD_6,3,1,981.000,477.000,1017.000,513.000,36.000,36.000,981.000,477.000,1017.000,513.000,36.000,36.000,981.000,477.000,1017.000,513.000,999.000,495.000,36.000,36.000,0,1.000000,173.260000,337.573034,50.181250
1780468507.538337,,,BOARD_6,3,0,981.000,476.000,1017.000,512.000,36.000,36.000,981.000,476.000,1017.000,512.000,36.000,36.000,981.000,476.000,1017.000,512.000,999.000,494.000,36.000,36.000,0,1.000000,173.260000,337.573034,50.185833
1780468507.538337,,,BOARD_6,3,1,981.000,476.000,1017.000,512.000,36.000,36.000,981.000,476.000,1017.000,512.000,36.000,36.000,981.000,476.000,1017.000,512.000,999.000,494.000,36.000,36.000,0,1.000000,173.260000,337.573034,50.185833
1780468508.196787,,,BOARD_6,3,0,980.000,477.000,1016.000,513.000,36.000,36.000,980.000,477.000,1016.000,513.000,36.000,36.000,980.000,477.000,1016.000,513.000,998.000,495.000,36.000,36.000,0,1.000000,173.260000,337.568477,50.181250
1780468508.196787,,,BOARD_6,3,1,980.000,477.000,1016.000,513.000,36.000,36.000,980.000,477.000,1016.000,513.000,36.000,36.000,980.000,477.000,1016.000,513.000,998.000,495.000,36.000,36.000,0,1.000000,173.260000,337.568477,50.181250
1780468508.665699,,,BOARD_2,2,0,2288.000,456.000,2752.000,816.000,464.000,360.000,2288.000,456.000,2752.000,816.000,464.000,360.000,2288.000,456.000,2752.000,816.000,2520.000,636.000,464.000,360.000,0,1.000000,13.440000,2.810275,11.535000
1780468508.665699,,,BOARD_6,0,1,438.000,1656.000,478.000,1704.000,40.000,48.000,438.000,1656.000,478.000,1704.000,40.000,48.000,438.000,1656.000,478.000,1704.000,458.000,1680.000,40.000,48.000,0,1.000000,155.930000,35.107540,44.750000
1780468508.949903,,,BOARD_6,0,0,428.000,1652.000,468.000,1700.000,40.000,48.000,428.000,1652.000,468.000,1700.000,40.000,48.000,428.000,1652.000,468.000,1700.000,448.000,1676.000,40.000,48.000,0,1.000000,155.930000,35.061967,44.768333
1780468508.949903,,,BOARD_6,0,1,418.000,1648.000,458.000,1696.000,40.000,48.000,418.000,1648.000,458.000,1696.000,40.000,48.000,418.000,1648.000,458.000,1696.000,438.000,1672.000,40.000,48.000,0,1.000000,155.930000,35.016394,44.786667
1780468509.173456,,,BOARD_6,3,0,981.000,476.000,1017.000,512.000,36.000,36.000,981.000,476.000,1017.000,512.000,36.000,36.000,981.000,476.000,1017.000,512.000,999.000,494.000,36.000,36.000,0,1.000000,173.260000,337.573034,50.185833
1780468509.173456,,,BOARD_6,0,1,438.000,1656.000,478.000,1704.000,40.000,48.000,438.000,1656.000,478.000,1704.000,40.000,48.000,438.000,1656.000,478.000,1704.000,458.000,1680.000,40.000,48.000,0,1.000000,155.930000,35.107540,44.750000
1780468509.461850,,,BOARD_6,0,0,433.000,1654.000,473.000,1702.000,40.000,48.000,433.000,1654.000,473.000,1702.000,40.000,48.000,433.000,1654.000,473.000,1702.000,453.000,1678.000,40.000,48.000,0,1.000000,155.930000,35.084753,44.759167
1780468509.461850,,,BOARD_6,3,1,981.000,478.000,1017.000,514.000,36.000,36.000,981.000,478.000,1017.000,514.000,36.000,36.000,981.000,478.000,1017.000,514.000,999.000,496.000,36.000,36.000,0,1.000000,173.260000,337.573034,50.176667
1780468509.865197,,,BOARD_3,0,0,1278.000,314.000,1315.000,350.000,37.000,36.000,1278.000,314.000,1315.000,350.000,37.000,36.000,1278.000,314.000,1315.000,350.000,1296.500,332.000,37.000,36.000,0,1.000000,168.570000,29.145529,22.428333
1780468509.865197,,,BOARD_3,0,1,1278.000,314.000,1315.000,350.000,37.000,36.000,1278.000,314.000,1315.000,350.000,37.000,36.000,1278.000,314.000,1315.000,350.000,1296.500,332.000,37.000,36.000,0,1.000000,168.570000,29.145529,22.428333
1780468513.676450,,,BOARD_6,3,0,980.000,477.000,1016.000,513.000,36.000,36.000,980.000,477.000,1016.000,513.000,36.000,36.000,980.000,477.000,1016.000,513.000,998.000,495.000,36.000,36.000,0,1.000000,173.260000,337.568477,50.181250
1780468514.357246,,,BOARD_6,3,0,981.000,477.000,1017.000,513.000,36.000,36.000,981.000,477.000,1017.000,513.000,36.000,36.000,981.000,477.000,1017.000,513.000,999.000,495.000,36.000,36.000,0,1.000000,173.260000,337.573034,50.181250
1780468515.468679,,,BOARD_6,3,0,982.000,476.000,1018.000,512.000,36.000,36.000,982.000,476.000,1018.000,512.000,36.000,36.000,982.000,476.000,1018.000,512.000,1000.000,494.000,36.000,36.000,0,1.000000,173.260000,337.577592,50.185833
1780468515.714128,,,BOARD_6,3,0,982.000,476.000,1018.000,512.000,36.000,36.000,982.000,476.000,1018.000,512.000,36.000,36.000,982.000,476.000,1018.000,512.000,1000.000,494.000,36.000,36.000,0,1.000000,173.260000,337.577592,50.185833
1780468517.194764,,,BOARD_6,3,0,981.000,477.000,1017.000,513.000,36.000,36.000,981.000,477.000,1017.000,513.000,36.000,36.000,981.000,477.000,1017.000,513.000,999.000,495.000,36.000,36.000,0,1.000000,173.260000,337.573034,50.181250
1780468517.711409,,,BOARD_6,3,0,981.000,476.000,1017.000,512.000,36.000,36.000,981.000,476.000,1017.000,512.000,36.000,36.000,981.000,476.000,1017.000,512.000,999.000,494.000,36.000,36.000,0,1.000000,173.260000,337.573034,50.185833
1780468517.711409,,,BOARD_6,3,1,981.000,476.000,1017.000,512.000,36.000,36.000,981.000,476.000,1017.000,512.000,36.000,36.000,981.000,476.000,1017.000,512.000,999.000,494.000,36.000,36.000,0,1.000000,173.260000,337.573034,50.185833
1780468518.351430,,,BOARD_6,3,0,982.000,477.000,1018.000,513.000,36.000,36.000,982.000,477.000,1018.000,513.000,36.000,36.000,982.000,477.000,1018.000,513.000,1000.000,495.000,36.000,36.000,0,1.000000,173.260000,337.577592,50.181250
1780468518.351430,,,BOARD_6,3,1,982.000,477.000,1018.000,513.000,36.000,36.000,982.000,477.000,1018.000,513.000,36.000,36.000,982.000,477.000,1018.000,513.000,1000.000,495.000,36.000,36.000,0,1.000000,173.260000,337.577592,50.181250
1780468518.908976,,,BOARD_6,3,0,982.000,477.000,1018.000,513.000,36.000,36.000,982.000,477.000,1018.000,513.000,36.000,36.000,982.000,477.000,1018.000,513.000,1000.000,495.000,36.000,36.000,0,1.000000,173.260000,337.577592,50.181250
1780468518.908976,,,BOARD_6,3,1,982.000,477.000,1018.000,513.000,36.000,36.000,982.000,477.000,1018.000,513.000,36.000,36.000,982.000,477.000,1018.000,513.000,1000.000,495.000,36.000,36.000,0,1.000000,173.260000,337.577592,50.181250
1780468519.127213,,,BOARD_2,2,0,2295.000,581.000,2455.000,704.000,160.000,123.000,2295.000,581.000,2455.000,704.000,160.000,123.000,2295.000,581.000,2455.000,704.000,2375.000,642.500,160.000,123.000,0,1.000000,38.980000,2.149468,11.505208
1780468519.503312,,,BOARD_6,3,0,981.000,478.000,1017.000,514.000,36.000,36.000,981.000,478.000,1017.000,514.000,36.000,36.000,981.000,478.000,1017.000,514.000,999.000,496.000,36.000,36.000,0,1.000000,173.260000,337.573034,50.176667
1780468519.503312,,,BOARD_6,3,1,981.000,478.000,1017.000,514.000,36.000,36.000,981.000,478.000,1017.000,514.000,36.000,36.000,981.000,478.000,1017.000,514.000,999.000,496.000,36.000,36.000,0,1.000000,173.260000,337.573034,50.176667
1780468519.971259,,,BOARD_6,3,0,982.000,477.000,1018.000,513.000,36.000,36.000,982.000,477.000,1018.000,513.000,36.000,36.000,982.000,477.000,1018.000,513.000,1000.000,495.000,36.000,36.000,0,1.000000,173.260000,337.577592,50.181250
1780468519.971259,,,BOARD_6,3,1,982.000,477.000,1018.000,513.000,36.000,36.000,982.000,477.000,1018.000,513.000,36.000,36.000,982.000,477.000,1018.000,513.000,1000.000,495.000,36.000,36.000,0,1.000000,173.260000,337.577592,50.181250
1780468520.295607,,,BOARD_6,3,0,982.000,477.000,1018.000,513.000,36.000,36.000,982.000,477.000,1018.000,513.000,36.000,36.000,982.000,477.000,1018.000,513.000,1000.000,495.000,36.000,36.000,0,1.000000,173.260000,337.577592,50.181250
1780468520.550682,,,BOARD_6,3,0,981.000,477.000,1017.000,513.000,36.000,36.000,981.000,477.000,1017.000,513.000,36.000,36.000,981.000,477.000,1017.000,513.000,999.000,495.000,36.000,36.000,0,1.000000,173.260000,337.573034,50.181250
1780468520.550682,,,BOARD_6,3,1,981.000,477.000,1017.000,513.000,36.000,36.000,981.000,477.000,1017.000,513.000,36.000,36.000,981.000,477.000,1017.000,513.000,999.000,495.000,36.000,36.000,0,1.000000,173.260000,337.573034,50.181250
1780468520.811583,,,BOARD_6,3,0,981.000,477.000,1017.000,513.000,36.000,36.000,981.000,477.000,1017.000,513.000,36.000,36.000,981.000,477.000,1017.000,513.000,999.000,495.000,36.000,36.000,0,1.000000,173.260000,337.573034,50.181250
1780468521.142186,,,BOARD_6,3,0,981.000,477.000,1017.000,513.000,36.000,36.000,981.000,477.000,1017.000,513.000,36.000,36.000,981.000,477.000,1017.000,513.000,999.000,495.000,36.000,36.000,0,1.000000,173.260000,337.573034,50.181250
1780468521.142186,,,BOARD_6,3,1,981.000,477.000,1017.000,513.000,36.000,36.000,981.000,477.000,1017.000,513.000,36.000,36.000,981.000,477.000,1017.000,513.000,999.000,495.000,36.000,36.000,0,1.000000,173.260000,337.573034,50.181250
1780468521.385636,,,BOARD_6,3,0,981.000,477.000,1017.000,513.000,36.000,36.000,981.000,477.000,1017.000,513.000,36.000,36.000,981.000,477.000,1017.000,513.000,999.000,495.000,36.000,36.000,0,1.000000,173.260000,337.573034,50.181250
1780468521.769662,,,BOARD_6,3,0,982.000,478.000,1018.000,514.000,36.000,36.000,982.000,478.000,1018.000,514.000,36.000,36.000,982.000,478.000,1018.000,514.000,1000.000,496.000,36.000,36.000,0,1.000000,173.260000,337.577592,50.176667
1780468521.769662,,,BOARD_6,3,1,982.000,478.000,1018.000,514.000,36.000,36.000,982.000,478.000,1018.000,514.000,36.000,36.000,982.000,478.000,1018.000,514.000,1000.000,496.000,36.000,36.000,0,1.000000,173.260000,337.577592,50.176667
1780468522.052212,,,BOARD_6,3,0,982.000,478.000,1018.000,514.000,36.000,36.000,982.000,478.000,1018.000,514.000,36.000,36.000,982.000,478.000,1018.000,514.000,1000.000,496.000,36.000,36.000,0,1.000000,173.260000,337.577592,50.176667
1780468522.754913,,,BOARD_6,3,0,980.000,477.000,1016.000,513.000,36.000,36.000,980.000,477.000,1016.000,513.000,36.000,36.000,980.000,477.000,1016.000,513.000,998.000,495.000,36.000,36.000,0,1.000000,173.260000,337.568477,50.181250
1780468523.058984,,,BOARD_6,3,0,980.000,477.000,1016.000,513.000,36.000,36.000,980.000,477.000,1016.000,513.000,36.000,36.000,980.000,477.000,1016.000,513.000,998.000,495.000,36.000,36.000,0,1.000000,173.260000,337.568477,50.181250
1780468524.050915,,,BOARD_2,2,0,2325.000,561.000,2485.000,684.000,160.000,123.000,2325.000,561.000,2485.000,684.000,160.000,123.000,2325.000,561.000,2485.000,684.000,2405.000,622.500,160.000,123.000,0,1.000000,38.980000,2.286186,11.596875
1780468524.400310,,,BOARD_6,3,0,983.000,477.000,1019.000,513.000,36.000,36.000,983.000,477.000,1019.000,513.000,36.000,36.000,983.000,477.000,1019.000,513.000,1001.000,495.000,36.000,36.000,0,1.000000,173.260000,337.582149,50.181250
1780468524.400310,,,BOARD_2,2,1,2325.000,570.000,2485.000,682.000,160.000,112.000,2325.000,570.000,2485.000,682.000,160.000,112.000,2325.000,570.000,2485.000,682.000,2405.000,626.000,160.000,112.000,0,1.000000,38.980000,2.286186,11.580833
1780468524.745373,,,BOARD_6,3,0,983.000,477.000,1019.000,513.000,36.000,36.000,983.000,477.000,1019.000,513.000,36.000,36.000,983.000,477.000,1019.000,513.000,1001.000,495.000,36.000,36.000,0,1.000000,173.260000,337.582149,50.181250
1780468525.389058,,,BOARD_2,2,0,2319.000,566.000,2479.000,686.000,160.000,120.000,2319.000,566.000,2479.000,686.000,160.000,120.000,2319.000,566.000,2479.000,686.000,2399.000,626.000,160.000,120.000,0,1.000000,38.980000,2.258843,11.580833
1780468525.389058,,,BOARD_2,2,1,2318.000,565.000,2478.000,685.000,160.000,120.000,2318.000,565.000,2478.000,685.000,160.000,120.000,2318.000,565.000,2478.000,685.000,2398.000,625.000,160.000,120.000,0,1.000000,38.980000,2.254285,11.585417
1780468526.055642,,,BOARD_2,2,0,2309.000,591.000,2441.000,683.000,132.000,92.000,2309.000,591.000,2441.000,683.000,132.000,92.000,2309.000,591.000,2441.000,683.000,2375.000,637.000,132.000,92.000,0,1.000000,47.250000,2.149468,11.530417
1780468526.055642,,,BOARD_6,3,1,981.000,477.000,1017.000,513.000,36.000,36.000,981.000,477.000,1017.000,513.000,36.000,36.000,981.000,477.000,1017.000,513.000,999.000,495.000,36.000,36.000,0,1.000000,173.260000,337.573034,50.181250
1780468526.055642,,,BOARD_2,2,2,2304.000,593.000,2436.000,685.000,132.000,92.000,2304.000,593.000,2436.000,685.000,132.000,92.000,2304.000,593.000,2436.000,685.000,2370.000,639.000,132.000,92.000,0,1.000000,47.250000,2.126681,11.521250
1780468526.382745,,,BOARD_6,3,0,981.000,477.000,1017.000,513.000,36.000,36.000,981.000,477.000,1017.000,513.000,36.000,36.000,981.000,477.000,1017.000,513.000,999.000,495.000,36.000,36.000,0,1.000000,173.260000,337.573034,50.181250
1780468526.736673,,,BOARD_2,2,0,2292.000,565.000,2452.000,688.000,160.000,123.000,2292.000,565.000,2452.000,688.000,160.000,123.000,2292.000,565.000,2452.000,688.000,2372.000,626.500,160.000,123.000,0,1.000000,38.980000,2.135796,11.578542
1780468526.736673,,,BOARD_2,2,1,2289.000,564.000,2449.000,687.000,160.000,123.000,2289.000,564.000,2449.000,687.000,160.000,123.000,2289.000,564.000,2449.000,687.000,2369.000,625.500,160.000,123.000,0,1.000000,38.980000,2.122124,11.583125
1780468527.306798,,,BOARD_2,2,0,2287.000,564.000,2447.000,684.000,160.000,120.000,2287.000,564.000,2447.000,684.000,160.000,120.000,2287.000,564.000,2447.000,684.000,2367.000,624.000,160.000,120.000,0,1.000000,38.980000,2.113009,11.590000
1780468527.306798,,,BOARD_2,2,1,2285.000,563.000,2445.000,683.000,160.000,120.000,2285.000,563.000,2445.000,683.000,160.000,120.000,2285.000,563.000,2445.000,683.000,2365.000,623.000,160.000,120.000,0,1.000000,38.980000,2.103895,11.594583
1780468527.947294,,,BOARD_2,2,0,2276.000,557.000,2436.000,680.000,160.000,123.000,2276.000,557.000,2436.000,680.000,160.000,123.000,2276.000,557.000,2436.000,680.000,2356.000,618.500,160.000,123.000,0,1.000000,38.980000,2.062879,11.615208
1780468527.947294,,,BOARD_6,3,1,980.000,477.000,1016.000,513.000,36.000,36.000,980.000,477.000,1016.000,513.000,36.000,36.000,980.000,477.000,1016.000,513.000,998.000,495.000,36.000,36.000,0,1.000000,173.260000,337.568477,50.181250
1780468528.151528,,,BOARD_2,2,0,2273.000,556.000,2433.000,679.000,160.000,123.000,2273.000,556.000,2433.000,679.000,160.000,123.000,2273.000,556.000,2433.000,679.000,2353.000,617.500,160.000,123.000,0,1.000000,38.980000,2.049207,11.619792
1780468528.151528,,,BOARD_6,3,1,980.000,477.000,1016.000,513.000,36.000,36.000,980.000,477.000,1016.000,513.000,36.000,36.000,980.000,477.000,1016.000,513.000,998.000,495.000,36.000,36.000,0,1.000000,173.260000,337.568477,50.181250
1780468528.151528,,,BOARD_2,2,2,2270.000,554.000,2430.000,677.000,160.000,123.000,2270.000,554.000,2430.000,677.000,160.000,123.000,2270.000,554.000,2430.000,677.000,2350.000,615.500,160.000,123.000,0,1.000000,38.980000,2.035535,11.628958
1780468528.863572,,,BOARD_2,2,0,2140.000,487.000,2604.000,847.000,464.000,360.000,2140.000,487.000,2604.000,847.000,464.000,360.000,2140.000,487.000,2604.000,847.000,2372.000,667.000,464.000,360.000,0,1.000000,13.440000,2.135796,11.392917
1780468529.553358,,,BOARD_2,2,0,2261.000,553.000,2421.000,676.000,160.000,123.000,2261.000,553.000,2421.000,676.000,160.000,123.000,2261.000,553.000,2421.000,676.000,2341.000,614.500,160.000,123.000,0,1.000000,38.980000,1.994520,11.633542
1780468529.553358,,,BOARD_6,3,1,982.000,478.000,1018.000,514.000,36.000,36.000,982.000,478.000,1018.000,514.000,36.000,36.000,982.000,478.000,1018.000,514.000,1000.000,496.000,36.000,36.000,0,1.000000,173.260000,337.577592,50.176667
1780468529.978906,,,BOARD_6,3,0,982.000,478.000,1018.000,514.000,36.000,36.000,982.000,478.000,1018.000,514.000,36.000,36.000,982.000,478.000,1018.000,514.000,1000.000,496.000,36.000,36.000,0,1.000000,173.260000,337.577592,50.176667
1780468530.240031,,,BOARD_2,2,0,2259.000,547.000,2419.000,663.000,160.000,116.000,2259.000,547.000,2419.000,663.000,160.000,116.000,2259.000,547.000,2419.000,663.000,2339.000,605.000,160.000,116.000,0,1.000000,38.980000,1.985405,11.677083
1780468530.452547,,,BOARD_2,2,0,2125.000,483.000,2589.000,843.000,464.000,360.000,2125.000,483.000,2589.000,843.000,464.000,360.000,2125.000,483.000,2589.000,843.000,2357.000,663.000,464.000,360.000,0,1.000000,13.440000,2.067436,11.411250
1780468530.452547,,,BOARD_2,2,1,2134.000,513.000,2598.000,873.000,464.000,360.000,2134.000,513.000,2598.000,873.000,464.000,360.000,2134.000,513.000,2598.000,873.000,2366.000,693.000,464.000,360.000,0,1.000000,13.440000,2.108452,11.273750
1780468531.188704,,,BOARD_2,2,0,2123.000,473.000,2587.000,833.000,464.000,360.000,2123.000,473.000,2587.000,833.000,464.000,360.000,2123.000,473.000,2587.000,833.000,2355.000,653.000,464.000,360.000,0,1.000000,13.440000,2.058322,11.457083
1780468531.677545,,,BOARD_6,3,0,999.000,457.000,1035.000,493.000,36.000,36.000,999.000,457.000,1035.000,493.000,36.000,36.000,999.000,457.000,1035.000,493.000,1017.000,475.000,36.000,36.000,0,1.000000,173.260000,337.655066,50.272917
1780468531.677545,,,BOARD_2,2,1,2265.000,529.000,2425.000,645.000,160.000,116.000,2265.000,529.000,2425.000,645.000,160.000,116.000,2265.000,529.000,2425.000,645.000,2345.000,587.000,160.000,116.000,0,1.000000,38.980000,2.012749,11.759583
1780468532.221278,,,BOARD_6,3,0,981.000,477.000,1017.000,513.000,36.000,36.000,981.000,477.000,1017.000,513.000,36.000,36.000,981.000,477.000,1017.000,513.000,999.000,495.000,36.000,36.000,0,1.000000,173.260000,337.573034,50.181250
1780468532.819429,,,BOARD_6,3,0,983.000,477.000,1019.000,513.000,36.000,36.000,983.000,477.000,1019.000,513.000,36.000,36.000,983.000,477.000,1019.000,513.000,1001.000,495.000,36.000,36.000,0,1.000000,173.260000,337.582149,50.181250
1780468533.717505,,,BOARD_6,3,0,983.000,477.000,1019.000,513.000,36.000,36.000,983.000,477.000,1019.000,513.000,36.000,36.000,983.000,477.000,1019.000,513.000,1001.000,495.000,36.000,36.000,0,1.000000,173.260000,337.582149,50.181250
1780468534.011380,,,BOARD_6,3,0,983.000,478.000,1019.000,514.000,36.000,36.000,983.000,478.000,1019.000,514.000,36.000,36.000,983.000,478.000,1019.000,514.000,1001.000,496.000,36.000,36.000,0,1.000000,173.260000,337.582149,50.176667
1780468534.936688,,,BOARD_6,3,0,981.000,477.000,1017.000,513.000,36.000,36.000,981.000,477.000,1017.000,513.000,36.000,36.000,981.000,477.000,1017.000,513.000,999.000,495.000,36.000,36.000,0,1.000000,173.260000,337.573034,50.181250
1780468535.247787,,,BOARD_6,3,0,980.000,477.000,1016.000,513.000,36.000,36.000,980.000,477.000,1016.000,513.000,36.000,36.000,980.000,477.000,1016.000,513.000,998.000,495.000,36.000,36.000,0,1.000000,173.260000,337.568477,50.181250
1780468536.246707,,,BOARD_2,2,0,2336.000,547.000,2496.000,663.000,160.000,116.000,2336.000,547.000,2496.000,663.000,160.000,116.000,2336.000,547.000,2496.000,663.000,2416.000,605.000,160.000,116.000,0,1.000000,38.980000,2.336317,11.677083
1780468536.544188,,,BOARD_6,3,0,981.000,477.000,1017.000,513.000,36.000,36.000,981.000,477.000,1017.000,513.000,36.000,36.000,981.000,477.000,1017.000,513.000,999.000,495.000,36.000,36.000,0,1.000000,173.260000,337.573034,50.181250
1780468536.812516,,,BOARD_6,3,0,981.000,477.000,1017.000,513.000,36.000,36.000,981.000,477.000,1017.000,513.000,36.000,36.000,981.000,477.000,1017.000,513.000,999.000,495.000,36.000,36.000,0,1.000000,173.260000,337.573034,50.181250
1780468536.812516,,,BOARD_2,2,1,2360.000,543.000,2520.000,666.000,160.000,123.000,2360.000,543.000,2520.000,666.000,160.000,123.000,2360.000,543.000,2520.000,666.000,2440.000,604.500,160.000,123.000,0,1.000000,38.980000,2.445692,11.679375
1780468537.583529,,,BOARD_2,2,0,2384.000,539.000,2544.000,662.000,160.000,123.000,2384.000,539.000,2544.000,662.000,160.000,123.000,2384.000,539.000,2544.000,662.000,2464.000,600.500,160.000,123.000,0,1.000000,38.980000,2.555067,11.697708
1780468537.583529,,,BOARD_2,2,1,2391.000,538.000,2551.000,661.000,160.000,123.000,2391.000,538.000,2551.000,661.000,160.000,123.000,2391.000,538.000,2551.000,661.000,2471.000,599.500,160.000,123.000,0,1.000000,38.980000,2.586968,11.702292
1780468538.210019,,,BOARD_2,2,0,2387.000,532.000,2547.000,662.000,160.000,130.000,2387.000,532.000,2547.000,662.000,160.000,130.000,2387.000,532.000,2547.000,662.000,2467.000,597.000,160.000,130.000,0,1.000000,38.980000,2.568739,11.713750
1780468538.210019,,,BOARD_2,2,1,2391.000,531.000,2551.000,661.000,160.000,130.000,2391.000,531.000,2551.000,661.000,160.000,130.000,2391.000,531.000,2551.000,661.000,2471.000,596.000,160.000,130.000,0,1.000000,38.980000,2.586968,11.718333
1780468538.449845,,,BOARD_6,3,0,981.000,476.000,1017.000,512.000,36.000,36.000,981.000,476.000,1017.000,512.000,36.000,36.000,981.000,476.000,1017.000,512.000,999.000,494.000,36.000,36.000,0,1.000000,173.260000,337.573034,50.185833
1780468538.697942,,,BOARD_6,3,0,981.000,476.000,1017.000,512.000,36.000,36.000,981.000,476.000,1017.000,512.000,36.000,36.000,981.000,476.000,1017.000,512.000,999.000,494.000,36.000,36.000,0,1.000000,173.260000,337.573034,50.185833
1780468539.035067,,,BOARD_2,2,0,2283.000,465.000,2747.000,825.000,464.000,360.000,2283.000,465.000,2747.000,825.000,464.000,360.000,2283.000,465.000,2747.000,825.000,2515.000,645.000,464.000,360.000,0,1.000000,13.440000,2.787489,11.493750
1780468540.201043,,,BOARD_6,3,0,1001.000,457.000,1037.000,493.000,36.000,36.000,1001.000,457.000,1037.000,493.000,36.000,36.000,1001.000,457.000,1037.000,493.000,1019.000,475.000,36.000,36.000,0,1.000000,173.260000,337.664180,50.272917
1780468540.418426,,,BOARD_6,3,0,1005.000,453.000,1041.000,489.000,36.000,36.000,1005.000,453.000,1041.000,489.000,36.000,36.000,1005.000,453.000,1041.000,489.000,1023.000,471.000,36.000,36.000,0,1.000000,173.260000,337.682409,50.291250
1780468540.808559,,,BOARD_6,3,0,981.000,478.000,1017.000,514.000,36.000,36.000,981.000,478.000,1017.000,514.000,36.000,36.000,981.000,478.000,1017.000,514.000,999.000,496.000,36.000,36.000,0,1.000000,173.260000,337.573034,50.176667
1780468541.522386,,,BOARD_6,3,0,979.000,479.000,1015.000,515.000,36.000,36.000,979.000,479.000,1015.000,515.000,36.000,36.000,979.000,479.000,1015.000,515.000,997.000,497.000,36.000,36.000,0,1.000000,173.260000,337.563920,50.172083
1780468542.466430,,,BOARD_6,3,0,981.000,477.000,1017.000,513.000,36.000,36.000,981.000,477.000,1017.000,513.000,36.000,36.000,981.000,477.000,1017.000,513.000,999.000,495.000,36.000,36.000,0,1.000000,173.260000,337.573034,50.181250
1780468542.759912,,,BOARD_6,3,0,981.000,477.000,1017.000,513.000,36.000,36.000,981.000,477.000,1017.000,513.000,36.000,36.000,981.000,477.000,1017.000,513.000,999.000,495.000,36.000,36.000,0,1.000000,173.260000,337.573034,50.181250
1780468543.161214,,,BOARD_6,3,0,981.000,477.000,1017.000,513.000,36.000,36.000,981.000,477.000,1017.000,513.000,36.000,36.000,981.000,477.000,1017.000,513.000,999.000,495.000,36.000,36.000,0,1.000000,173.260000,337.573034,50.181250
1780468543.161214,,,BOARD_6,3,1,981.000,477.000,1017.000,513.000,36.000,36.000,981.000,477.000,1017.000,513.000,36.000,36.000,981.000,477.000,1017.000,513.000,999.000,495.000,36.000,36.000,0,1.000000,173.260000,337.573034,50.181250
1780468543.709067,,,BOARD_6,3,0,983.000,477.000,1019.000,513.000,36.000,36.000,983.000,477.000,1019.000,513.000,36.000,36.000,983.000,477.000,1019.000,513.000,1001.000,495.000,36.000,36.000,0,1.000000,173.260000,337.582149,50.181250
1780468543.709067,,,BOARD_6,3,1,983.000,477.000,1019.000,513.000,36.000,36.000,983.000,477.000,1019.000,513.000,36.000,36.000,983.000,477.000,1019.000,513.000,1001.000,495.000,36.000,36.000,0,1.000000,173.260000,337.582149,50.181250
1780468544.256214,,,BOARD_6,3,0,983.000,478.000,1019.000,514.000,36.000,36.000,983.000,478.000,1019.000,514.000,36.000,36.000,983.000,478.000,1019.000,514.000,1001.000,496.000,36.000,36.000,0,1.000000,173.260000,337.582149,50.176667
1780468544.256214,,,BOARD_6,3,1,983.000,478.000,1019.000,514.000,36.000,36.000,983.000,478.000,1019.000,514.000,36.000,36.000,983.000,478.000,1019.000,514.000,1001.000,496.000,36.000,36.000,0,1.000000,173.260000,337.582149,50.176667
1780468544.885453,,,BOARD_6,3,0,980.000,477.000,1016.000,513.000,36.000,36.000,980.000,477.000,1016.000,513.000,36.000,36.000,980.000,477.000,1016.000,513.000,998.000,495.000,36.000,36.000,0,1.000000,173.260000,337.568477,50.181250
1780468544.885453,,,BOARD_6,3,1,980.000,477.000,1016.000,513.000,36.000,36.000,980.000,477.000,1016.000,513.000,36.000,36.000,980.000,477.000,1016.000,513.000,998.000,495.000,36.000,36.000,0,1.000000,173.260000,337.568477,50.181250
1780468545.314903,,,BOARD_3,2,0,2036.000,505.000,2075.000,556.000,39.000,51.000,2036.000,505.000,2075.000,556.000,39.000,51.000,2036.000,505.000,2075.000,556.000,2055.500,530.500,39.000,51.000,0,1.000000,159.930000,1.587813,21.518542
1780468545.314903,,,BOARD_3,2,1,2038.000,506.000,2077.000,557.000,39.000,51.000,2038.000,506.000,2077.000,557.000,39.000,51.000,2038.000,506.000,2077.000,557.000,2057.500,531.500,39.000,51.000,0,1.000000,159.930000,1.596928,21.513958
1780468545.314903,,,BOARD_6,3,2,983.000,477.000,1019.000,513.000,36.000,36.000,983.000,477.000,1019.000,513.000,36.000,36.000,983.000,477.000,1019.000,513.000,1001.000,495.000,36.000,36.000,0,1.000000,173.260000,337.582149,50.181250
1780468545.627714,,,BOARD_6,3,0,983.000,477.000,1019.000,513.000,36.000,36.000,983.000,477.000,1019.000,513.000,36.000,36.000,983.000,477.000,1019.000,513.000,1001.000,495.000,36.000,36.000,0,1.000000,173.260000,337.582149,50.181250
1780468545.627714,,,BOARD_3,2,1,2031.000,507.000,2067.000,543.000,36.000,36.000,2031.000,507.000,2067.000,543.000,36.000,36.000,2031.000,507.000,2067.000,543.000,2049.000,525.000,36.000,36.000,0,1.000000,173.260000,1.558191,21.543750
1780468545.627714,,,BOARD_3,2,2,2030.000,506.000,2066.000,542.000,36.000,36.000,2030.000,506.000,2066.000,542.000,36.000,36.000,2030.000,506.000,2066.000,542.000,2048.000,524.000,36.000,36.000,0,1.000000,173.260000,1.553633,21.548333
1780468546.016479,,,BOARD_6,3,0,981.000,477.000,1017.000,513.000,36.000,36.000,981.000,477.000,1017.000,513.000,36.000,36.000,981.000,477.000,1017.000,513.000,999.000,495.000,36.000,36.000,0,1.000000,173.260000,337.573034,50.181250
1780468546.016479,,,BOARD_6,3,1,981.000,477.000,1017.000,513.000,36.000,36.000,981.000,477.000,1017.000,513.000,36.000,36.000,981.000,477.000,1017.000,513.000,999.000,495.000,36.000,36.000,0,1.000000,173.260000,337.573034,50.181250
1780468546.615906,,,BOARD_6,3,0,982.000,476.000,1018.000,512.000,36.000,36.000,982.000,476.000,1018.000,512.000,36.000,36.000,982.000,476.000,1018.000,512.000,1000.000,494.000,36.000,36.000,0,1.000000,173.260000,337.577592,50.185833
1780468546.615906,,,BOARD_6,3,1,982.000,476.000,1018.000,512.000,36.000,36.000,982.000,476.000,1018.000,512.000,36.000,36.000,982.000,476.000,1018.000,512.000,1000.000,494.000,36.000,36.000,0,1.000000,173.260000,337.577592,50.185833
1780468547.615128,,,BOARD_6,3,0,981.000,477.000,1017.000,513.000,36.000,36.000,981.000,477.000,1017.000,513.000,36.000,36.000,981.000,477.000,1017.000,513.000,999.000,495.000,36.000,36.000,0,1.000000,173.260000,337.573034,50.181250
1780468548.120093,,,BOARD_6,3,0,982.000,477.000,1018.000,513.000,36.000,36.000,982.000,477.000,1018.000,513.000,36.000,36.000,982.000,477.000,1018.000,513.000,1000.000,495.000,36.000,36.000,0,1.000000,173.260000,337.577592,50.181250
1780468548.368927,,,BOARD_2,2,0,2332.000,538.000,2492.000,665.000,160.000,127.000,2332.000,538.000,2492.000,665.000,160.000,127.000,2332.000,538.000,2492.000,665.000,2412.000,601.500,160.000,127.000,0,1.000000,38.980000,2.318087,11.693125
1780468548.595429,,,BOARD_2,2,0,2329.000,537.000,2489.000,664.000,160.000,127.000,2329.000,537.000,2489.000,664.000,160.000,127.000,2329.000,537.000,2489.000,664.000,2409.000,600.500,160.000,127.000,0,1.000000,38.980000,2.304416,11.697708
1780468548.595429,,,BOARD_6,3,1,982.000,477.000,1018.000,513.000,36.000,36.000,982.000,477.000,1018.000,513.000,36.000,36.000,982.000,477.000,1018.000,513.000,1000.000,495.000,36.000,36.000,0,1.000000,173.260000,337.577592,50.181250
1780468548.595429,,,BOARD_6,3,2,982.000,477.000,1018.000,513.000,36.000,36.000,982.000,477.000,1018.000,513.000,36.000,36.000,982.000,477.000,1018.000,513.000,1000.000,495.000,36.000,36.000,0,1.000000,173.260000,337.577592,50.181250
1780468549.053473,,,BOARD_2,2,0,2327.000,549.000,2487.000,665.000,160.000,116.000,2327.000,549.000,2487.000,665.000,160.000,116.000,2327.000,549.000,2487.000,665.000,2407.000,607.000,160.000,116.000,0,1.000000,38.980000,2.295301,11.667917
1780468549.053473,,,BOARD_6,3,1,981.000,478.000,1017.000,514.000,36.000,36.000,981.000,478.000,1017.000,514.000,36.000,36.000,981.000,478.000,1017.000,514.000,999.000,496.000,36.000,36.000,0,1.000000,173.260000,337.573034,50.176667
1780468549.053473,,,BOARD_2,2,2,2325.000,550.000,2485.000,666.000,160.000,116.000,2325.000,550.000,2485.000,666.000,160.000,116.000,2325.000,550.000,2485.000,666.000,2405.000,608.000,160.000,116.000,0,1.000000,38.980000,2.286186,11.663333
1780468549.326810,,,BOARD_6,3,0,981.000,478.000,1017.000,514.000,36.000,36.000,981.000,478.000,1017.000,514.000,36.000,36.000,981.000,478.000,1017.000,514.000,999.000,496.000,36.000,36.000,0,1.000000,173.260000,337.573034,50.176667
1780468549.326810,,,BOARD_2,2,1,2322.000,550.000,2482.000,666.000,160.000,116.000,2322.000,550.000,2482.000,666.000,160.000,116.000,2322.000,550.000,2482.000,666.000,2402.000,608.000,160.000,116.000,0,1.000000,38.980000,2.272515,11.663333
1780468549.686146,,,BOARD_2,2,0,2318.000,536.000,2478.000,663.000,160.000,127.000,2318.000,536.000,2478.000,663.000,160.000,127.000,2318.000,536.000,2478.000,663.000,2398.000,599.500,160.000,127.000,0,1.000000,38.980000,2.254285,11.702292
1780468549.686146,,,BOARD_6,3,1,981.000,477.000,1017.000,513.000,36.000,36.000,981.000,477.000,1017.000,513.000,36.000,36.000,981.000,477.000,1017.000,513.000,999.000,495.000,36.000,36.000,0,1.000000,173.260000,337.573034,50.181250
1780468549.686146,,,BOARD_2,2,2,2315.000,535.000,2475.000,662.000,160.000,127.000,2315.000,535.000,2475.000,662.000,160.000,127.000,2315.000,535.000,2475.000,662.000,2395.000,598.500,160.000,127.000,0,1.000000,38.980000,2.240614,11.706875
1780468549.686146,,,BOARD_6,3,3,981.000,477.000,1017.000,513.000,36.000,36.000,981.000,477.000,1017.000,513.000,36.000,36.000,981.000,477.000,1017.000,513.000,999.000,495.000,36.000,36.000,0,1.000000,173.260000,337.573034,50.181250
1780468549.915972,,,BOARD_2,2,0,2313.000,534.000,2473.000,661.000,160.000,127.000,2313.000,534.000,2473.000,661.000,160.000,127.000,2313.000,534.000,2473.000,661.000,2393.000,597.500,160.000,127.000,0,1.000000,38.980000,2.231499,11.711458
1780468550.273401,,,BOARD_2,2,0,2307.000,534.000,2467.000,661.000,160.000,127.000,2307.000,534.000,2467.000,661.000,160.000,127.000,2307.000,534.000,2467.000,661.000,2387.000,597.500,160.000,127.000,0,1.000000,38.980000,2.204155,11.711458
1780468550.273401,,,BOARD_6,3,1,985.000,471.000,1021.000,507.000,36.000,36.000,985.000,471.000,1021.000,507.000,36.000,36.000,985.000,471.000,1021.000,507.000,1003.000,489.000,36.000,36.000,0,1.000000,173.260000,337.591264,50.208750
1780468550.273401,,,BOARD_2,2,2,2304.000,533.000,2464.000,660.000,160.000,127.000,2304.000,533.000,2464.000,660.000,160.000,127.000,2304.000,533.000,2464.000,660.000,2384.000,596.500,160.000,127.000,0,1.000000,38.980000,2.190483,11.716042
1780468550.500758,,,BOARD_2,2,0,2301.000,532.000,2461.000,659.000,160.000,127.000,2301.000,532.000,2461.000,659.000,160.000,127.000,2301.000,532.000,2461.000,659.000,2381.000,595.500,160.000,127.000,0,1.000000,38.980000,2.176811,11.720625
1780468550.500758,,,BOARD_6,3,1,986.000,470.000,1022.000,506.000,36.000,36.000,986.000,470.000,1022.000,506.000,36.000,36.000,986.000,470.000,1022.000,506.000,1004.000,488.000,36.000,36.000,0,1.000000,173.260000,337.595821,50.213333
1780468550.743263,,,BOARD_2,2,0,2306.000,547.000,2466.000,663.000,160.000,116.000,2306.000,547.000,2466.000,663.000,160.000,116.000,2306.000,547.000,2466.000,663.000,2386.000,605.000,160.000,116.000,0,1.000000,38.980000,2.199598,11.677083
1780468550.743263,,,BOARD_2,2,1,2304.000,548.000,2464.000,664.000,160.000,116.000,2304.000,548.000,2464.000,664.000,160.000,116.000,2304.000,548.000,2464.000,664.000,2384.000,606.000,160.000,116.000,0,1.000000,38.980000,2.190483,11.672500
1780468550.951398,,,BOARD_6,3,0,980.000,477.000,1016.000,513.000,36.000,36.000,980.000,477.000,1016.000,513.000,36.000,36.000,980.000,477.000,1016.000,513.000,998.000,495.000,36.000,36.000,0,1.000000,173.260000,337.568477,50.181250
1780468550.951398,,,BOARD_2,2,1,2303.000,549.000,2463.000,665.000,160.000,116.000,2303.000,549.000,2463.000,665.000,160.000,116.000,2303.000,549.000,2463.000,665.000,2383.000,607.000,160.000,116.000,0,1.000000,38.980000,2.185926,11.667917
1780468550.951398,,,BOARD_6,3,2,979.000,478.000,1015.000,514.000,36.000,36.000,979.000,478.000,1015.000,514.000,36.000,36.000,979.000,478.000,1015.000,514.000,997.000,496.000,36.000,36.000,0,1.000000,173.260000,337.563920,50.176667
1780468551.218830,,,BOARD_2,2,0,2295.000,540.000,2455.000,667.000,160.000,127.000,2295.000,540.000,2455.000,667.000,160.000,127.000,2295.000,540.000,2455.000,667.000,2375.000,603.500,160.000,127.000,0,1.000000,38.980000,2.149468,11.683958
1780468551.484397,,,BOARD_6,3,0,997.000,457.000,1033.000,493.000,36.000,36.000,997.000,457.000,1033.000,493.000,36.000,36.000,997.000,457.000,1033.000,493.000,1015.000,475.000,36.000,36.000,0,1.000000,173.260000,337.645951,50.272917
1780468551.484397,,,BOARD_2,2,1,2292.000,540.000,2452.000,667.000,160.000,127.000,2292.000,540.000,2452.000,667.000,160.000,127.000,2292.000,540.000,2452.000,667.000,2372.000,603.500,160.000,127.000,0,1.000000,38.980000,2.135796,11.683958
1780468551.484397,,,BOARD_2,2,2,2289.000,540.000,2449.000,667.000,160.000,127.000,2289.000,540.000,2449.000,667.000,160.000,127.000,2289.000,540.000,2449.000,667.000,2369.000,603.500,160.000,127.000,0,1.000000,38.980000,2.122124,11.683958
1780468551.484397,,,BOARD_6,3,3,1000.000,454.000,1036.000,490.000,36.000,36.000,1000.000,454.000,1036.000,490.000,36.000,36.000,1000.000,454.000,1036.000,490.000,1018.000,472.000,36.000,36.000,0,1.000000,173.260000,337.659623,50.286667
1780468551.901703,,,BOARD_2,2,0,2302.000,537.000,2462.000,660.000,160.000,123.000,2302.000,537.000,2462.000,660.000,160.000,123.000,2302.000,537.000,2462.000,660.000,2382.000,598.500,160.000,123.000,0,1.000000,38.980000,2.181369,11.706875
1780468551.901703,,,BOARD_2,2,1,2302.000,536.000,2462.000,659.000,160.000,123.000,2302.000,536.000,2462.000,659.000,160.000,123.000,2302.000,536.000,2462.000,659.000,2382.000,597.500,160.000,123.000,0,1.000000,38.980000,2.181369,11.711458
1780468552.425743,,,BOARD_2,2,0,2313.000,544.000,2473.000,671.000,160.000,127.000,2313.000,544.000,2473.000,671.000,160.000,127.000,2313.000,544.000,2473.000,671.000,2393.000,607.500,160.000,127.000,0,1.000000,38.980000,2.231499,11.665625
1780468552.425743,,,BOARD_2,2,1,2315.000,545.000,2475.000,672.000,160.000,127.000,2315.000,545.000,2475.000,672.000,160.000,127.000,2315.000,545.000,2475.000,672.000,2395.000,608.500,160.000,127.000,0,1.000000,38.980000,2.240614,11.661042
1780468552.935406,,,BOARD_2,2,0,2321.000,540.000,2481.000,678.000,160.000,138.000,2321.000,540.000,2481.000,678.000,160.000,138.000,2321.000,540.000,2481.000,678.000,2401.000,609.000,160.000,138.000,0,1.000000,38.980000,2.267957,11.658750
1780468552.935406,,,BOARD_2,2,1,2323.000,541.000,2483.000,679.000,160.000,138.000,2323.000,541.000,2483.000,679.000,160.000,138.000,2323.000,541.000,2483.000,679.000,2403.000,610.000,160.000,138.000,0,1.000000,38.980000,2.277072,11.654167
1780468553.205569,,,BOARD_2,2,0,2326.000,542.000,2486.000,680.000,160.000,138.000,2326.000,542.000,2486.000,680.000,160.000,138.000,2326.000,542.000,2486.000,680.000,2406.000,611.000,160.000,138.000,0,1.000000,38.980000,2.290744,11.649583
1780468553.471572,,,BOARD_6,3,0,983.000,477.000,1019.000,513.000,36.000,36.000,983.000,477.000,1019.000,513.000,36.000,36.000,983.000,477.000,1019.000,513.000,1001.000,495.000,36.000,36.000,0,1.000000,173.260000,337.582149,50.181250
1780468553.471572,,,BOARD_2,2,1,2325.000,538.000,2485.000,676.000,160.000,138.000,2325.000,538.000,2485.000,676.000,160.000,138.000,2325.000,538.000,2485.000,676.000,2405.000,607.000,160.000,138.000,0,1.000000,38.980000,2.286186,11.667917
1780468553.714843,,,BOARD_2,2,0,2327.000,538.000,2487.000,676.000,160.000,138.000,2327.000,538.000,2487.000,676.000,160.000,138.000,2327.000,538.000,2487.000,676.000,2407.000,607.000,160.000,138.000,0,1.000000,38.980000,2.295301,11.667917
1780468553.714843,,,BOARD_2,2,1,2329.000,538.000,2489.000,676.000,160.000,138.000,2329.000,538.000,2489.000,676.000,160.000,138.000,2329.000,538.000,2489.000,676.000,2409.000,607.000,160.000,138.000,0,1.000000,38.980000,2.304416,11.667917
1780468554.104369,,,BOARD_2,2,0,2332.000,551.000,2492.000,674.000,160.000,123.000,2332.000,551.000,2492.000,674.000,160.000,123.000,2332.000,551.000,2492.000,674.000,2412.000,612.500,160.000,123.000,0,1.000000,38.980000,2.318087,11.642708
1780468554.104369,,,BOARD_6,3,1,981.000,477.000,1017.000,513.000,36.000,36.000,981.000,477.000,1017.000,513.000,36.000,36.000,981.000,477.000,1017.000,513.000,999.000,495.000,36.000,36.000,0,1.000000,173.260000,337.573034,50.181250
1780468554.104369,,,BOARD_2,2,2,2334.000,552.000,2494.000,675.000,160.000,123.000,2334.000,552.000,2494.000,675.000,160.000,123.000,2334.000,552.000,2494.000,675.000,2414.000,613.500,160.000,123.000,0,1.000000,38.980000,2.327202,11.638125
1780468554.342193,,,BOARD_2,2,0,2336.000,553.000,2496.000,676.000,160.000,123.000,2336.000,553.000,2496.000,676.000,160.000,123.000,2336.000,553.000,2496.000,676.000,2416.000,614.500,160.000,123.000,0,1.000000,38.980000,2.336317,11.633542
1780468554.668660,,,BOARD_2,2,0,2343.000,549.000,2503.000,683.000,160.000,134.000,2343.000,549.000,2503.000,683.000,160.000,134.000,2343.000,549.000,2503.000,683.000,2423.000,616.000,160.000,134.000,0,1.000000,38.980000,2.368218,11.626667
1780468554.668660,,,BOARD_6,3,1,980.000,477.000,1016.000,513.000,36.000,36.000,980.000,477.000,1016.000,513.000,36.000,36.000,980.000,477.000,1016.000,513.000,998.000,495.000,36.000,36.000,0,1.000000,173.260000,337.568477,50.181250
1780468554.668660,,,BOARD_2,2,2,2346.000,550.000,2506.000,684.000,160.000,134.000,2346.000,550.000,2506.000,684.000,160.000,134.000,2346.000,550.000,2506.000,684.000,2426.000,617.000,160.000,134.000,0,1.000000,38.980000,2.381890,11.622083
1780468554.887832,,,BOARD_6,3,0,980.000,477.000,1016.000,513.000,36.000,36.000,980.000,477.000,1016.000,513.000,36.000,36.000,980.000,477.000,1016.000,513.000,998.000,495.000,36.000,36.000,0,1.000000,173.260000,337.568477,50.181250
1780468554.887832,,,BOARD_2,2,1,2349.000,551.000,2509.000,685.000,160.000,134.000,2349.000,551.000,2509.000,685.000,160.000,134.000,2349.000,551.000,2509.000,685.000,2429.000,618.000,160.000,134.000,0,1.000000,38.980000,2.395561,11.617500
1780468555.179795,,,BOARD_2,2,0,2348.000,547.000,2508.000,670.000,160.000,123.000,2348.000,547.000,2508.000,670.000,160.000,123.000,2348.000,547.000,2508.000,670.000,2428.000,608.500,160.000,123.000,0,1.000000,38.980000,2.391004,11.661042
1780468555.179795,,,BOARD_2,2,1,2350.000,546.000,2510.000,669.000,160.000,123.000,2350.000,546.000,2510.000,669.000,160.000,123.000,2350.000,546.000,2510.000,669.000,2430.000,607.500,160.000,123.000,0,1.000000,38.980000,2.400119,11.665625
1780468555.179795,,,BOARD_6,3,2,981.000,477.000,1017.000,513.000,36.000,36.000,981.000,477.000,1017.000,513.000,36.000,36.000,981.000,477.000,1017.000,513.000,999.000,495.000,36.000,36.000,0,1.000000,173.260000,337.573034,50.181250
1780468555.400018,,,BOARD_2,2,0,2352.000,545.000,2512.000,668.000,160.000,123.000,2352.000,545.000,2512.000,668.000,160.000,123.000,2352.000,545.000,2512.000,668.000,2432.000,606.500,160.000,123.000,0,1.000000,38.980000,2.409233,11.670208
1780468555.400018,,,BOARD_6,3,1,981.000,477.000,1017.000,513.000,36.000,36.000,981.000,477.000,1017.000,513.000,36.000,36.000,981.000,477.000,1017.000,513.000,999.000,495.000,36.000,36.000,0,1.000000,173.260000,337.573034,50.181250
1780468555.658324,,,BOARD_2,2,0,2356.000,550.000,2516.000,670.000,160.000,120.000,2356.000,550.000,2516.000,670.000,160.000,120.000,2356.000,550.000,2516.000,670.000,2436.000,610.000,160.000,120.000,0,1.000000,38.980000,2.427462,11.654167
1780468555.658324,,,BOARD_2,2,1,2358.000,550.000,2518.000,670.000,160.000,120.000,2358.000,550.000,2518.000,670.000,160.000,120.000,2358.000,550.000,2518.000,670.000,2438.000,610.000,160.000,120.000,0,1.000000,38.980000,2.436577,11.654167
1780468555.863965,,,BOARD_6,3,0,980.000,477.000,1016.000,513.000,36.000,36.000,980.000,477.000,1016.000,513.000,36.000,36.000,980.000,477.000,1016.000,513.000,998.000,495.000,36.000,36.000,0,1.000000,173.260000,337.568477,50.181250
1780468555.863965,,,BOARD_2,2,1,2361.000,550.000,2521.000,670.000,160.000,120.000,2361.000,550.000,2521.000,670.000,160.000,120.000,2361.000,550.000,2521.000,670.000,2441.000,610.000,160.000,120.000,0,1.000000,38.980000,2.450249,11.654167
1780468555.863965,,,BOARD_6,3,2,980.000,477.000,1016.000,513.000,36.000,36.000,980.000,477.000,1016.000,513.000,36.000,36.000,980.000,477.000,1016.000,513.000,998.000,495.000,36.000,36.000,0,1.000000,173.260000,337.568477,50.181250
1780468556.458388,,,BOARD_6,3,0,981.000,476.000,1017.000,512.000,36.000,36.000,981.000,476.000,1017.000,512.000,36.000,36.000,981.000,476.000,1017.000,512.000,999.000,494.000,36.000,36.000,0,1.000000,173.260000,337.573034,50.185833
1780468556.458388,,,BOARD_2,2,1,2342.000,549.000,2502.000,665.000,160.000,116.000,2342.000,549.000,2502.000,665.000,160.000,116.000,2342.000,549.000,2502.000,665.000,2422.000,607.000,160.000,116.000,0,1.000000,38.980000,2.363660,11.667917
1780468556.458388,,,BOARD_6,3,2,981.000,476.000,1017.000,512.000,36.000,36.000,981.000,476.000,1017.000,512.000,36.000,36.000,981.000,476.000,1017.000,512.000,999.000,494.000,36.000,36.000,0,1.000000,173.260000,337.573034,50.185833
1780468556.458388,,,BOARD_2,2,3,2341.000,548.000,2501.000,664.000,160.000,116.000,2341.000,548.000,2501.000,664.000,160.000,116.000,2341.000,548.000,2501.000,664.000,2421.000,606.000,160.000,116.000,0,1.000000,38.980000,2.359103,11.672500
1780468556.984896,,,BOARD_6,3,0,982.000,476.000,1018.000,512.000,36.000,36.000,982.000,476.000,1018.000,512.000,36.000,36.000,982.000,476.000,1018.000,512.000,1000.000,494.000,36.000,36.000,0,1.000000,173.260000,337.577592,50.185833
1780468556.984896,,,BOARD_6,3,1,982.000,476.000,1018.000,512.000,36.000,36.000,982.000,476.000,1018.000,512.000,36.000,36.000,982.000,476.000,1018.000,512.000,1000.000,494.000,36.000,36.000,0,1.000000,173.260000,337.577592,50.185833
1780468556.984896,,,BOARD_2,2,2,2335.000,527.000,2495.000,668.000,160.000,141.000,2335.000,527.000,2495.000,668.000,160.000,141.000,2335.000,527.000,2495.000,668.000,2415.000,597.500,160.000,141.000,0,1.000000,38.980000,2.331759,11.711458
1780468557.281775,,,BOARD_2,2,0,2333.000,525.000,2493.000,666.000,160.000,141.000,2333.000,525.000,2493.000,666.000,160.000,141.000,2333.000,525.000,2493.000,666.000,2413.000,595.500,160.000,141.000,0,1.000000,38.980000,2.322645,11.720625
1780468557.565885,,,BOARD_6,3,0,981.000,477.000,1017.000,513.000,36.000,36.000,981.000,477.000,1017.000,513.000,36.000,36.000,981.000,477.000,1017.000,513.000,999.000,495.000,36.000,36.000,0,1.000000,173.260000,337.573034,50.181250
1780468557.565885,,,BOARD_2,2,1,2328.000,550.000,2488.000,662.000,160.000,112.000,2328.000,550.000,2488.000,662.000,160.000,112.000,2328.000,550.000,2488.000,662.000,2408.000,606.000,160.000,112.000,0,1.000000,38.980000,2.299858,11.672500
1780468557.565885,,,BOARD_6,3,2,981.000,477.000,1017.000,513.000,36.000,36.000,981.000,477.000,1017.000,513.000,36.000,36.000,981.000,477.000,1017.000,513.000,999.000,495.000,36.000,36.000,0,1.000000,173.260000,337.573034,50.181250
1780468557.565885,,,BOARD_2,2,3,2326.000,551.000,2486.000,663.000,160.000,112.000,2326.000,551.000,2486.000,663.000,160.000,112.000,2326.000,551.000,2486.000,663.000,2406.000,607.000,160.000,112.000,0,1.000000,38.980000,2.290744,11.667917
1780468558.095356,,,BOARD_6,3,0,981.000,477.000,1017.000,513.000,36.000,36.000,981.000,477.000,1017.000,513.000,36.000,36.000,981.000,477.000,1017.000,513.000,999.000,495.000,36.000,36.000,0,1.000000,173.260000,337.573034,50.181250
1780468558.095356,,,BOARD_2,2,1,2330.000,551.000,2490.000,674.000,160.000,123.000,2330.000,551.000,2490.000,674.000,160.000,123.000,2330.000,551.000,2490.000,674.000,2410.000,612.500,160.000,123.000,0,1.000000,38.980000,2.308973,11.642708
1780468558.095356,,,BOARD_2,2,2,2329.000,552.000,2489.000,675.000,160.000,123.000,2329.000,552.000,2489.000,675.000,160.000,123.000,2329.000,552.000,2489.000,675.000,2409.000,613.500,160.000,123.000,0,1.000000,38.980000,2.304416,11.638125
1780468558.095356,,,BOARD_6,3,3,981.000,477.000,1017.000,513.000,36.000,36.000,981.000,477.000,1017.000,513.000,36.000,36.000,981.000,477.000,1017.000,513.000,999.000,495.000,36.000,36.000,0,1.000000,173.260000,337.573034,50.181250
1780468558.340513,,,BOARD_2,2,0,2329.000,554.000,2489.000,677.000,160.000,123.000,2329.000,554.000,2489.000,677.000,160.000,123.000,2329.000,554.000,2489.000,677.000,2409.000,615.500,160.000,123.000,0,1.000000,38.980000,2.304416,11.628958
1780468558.340513,,,BOARD_6,3,1,981.000,477.000,1017.000,513.000,36.000,36.000,981.000,477.000,1017.000,513.000,36.000,36.000,981.000,477.000,1017.000,513.000,999.000,495.000,36.000,36.000,0,1.000000,173.260000,337.573034,50.181250
1780468558.629194,,,BOARD_6,3,0,982.000,476.000,1018.000,512.000,36.000,36.000,982.000,476.000,1018.000,512.000,36.000,36.000,982.000,476.000,1018.000,512.000,1000.000,494.000,36.000,36.000,0,1.000000,173.260000,337.577592,50.185833
1780468558.629194,,,BOARD_6,3,1,982.000,476.000,1018.000,512.000,36.000,36.000,982.000,476.000,1018.000,512.000,36.000,36.000,982.000,476.000,1018.000,512.000,1000.000,494.000,36.000,36.000,0,1.000000,173.260000,337.577592,50.185833
1780468558.629194,,,BOARD_2,2,2,2331.000,544.000,2491.000,674.000,160.000,130.000,2331.000,544.000,2491.000,674.000,160.000,130.000,2331.000,544.000,2491.000,674.000,2411.000,609.000,160.000,130.000,0,1.000000,38.980000,2.313530,11.658750
1780468558.899683,,,BOARD_2,2,0,2331.000,544.000,2491.000,674.000,160.000,130.000,2331.000,544.000,2491.000,674.000,160.000,130.000,2331.000,544.000,2491.000,674.000,2411.000,609.000,160.000,130.000,0,1.000000,38.980000,2.313530,11.658750
1780468558.899683,,,BOARD_2,2,1,2331.000,544.000,2491.000,674.000,160.000,130.000,2331.000,544.000,2491.000,674.000,160.000,130.000,2331.000,544.000,2491.000,674.000,2411.000,609.000,160.000,130.000,0,1.000000,38.980000,2.313530,11.658750
1780468559.140010,,,BOARD_6,3,0,981.000,478.000,1017.000,514.000,36.000,36.000,981.000,478.000,1017.000,514.000,36.000,36.000,981.000,478.000,1017.000,514.000,999.000,496.000,36.000,36.000,0,1.000000,173.260000,337.573034,50.176667
1780468559.140010,,,BOARD_2,2,1,2337.000,556.000,2497.000,686.000,160.000,130.000,2337.000,556.000,2497.000,686.000,160.000,130.000,2337.000,556.000,2497.000,686.000,2417.000,621.000,160.000,130.000,0,1.000000,38.980000,2.340874,11.603750
1780468559.140010,,,BOARD_6,3,2,981.000,478.000,1017.000,514.000,36.000,36.000,981.000,478.000,1017.000,514.000,36.000,36.000,981.000,478.000,1017.000,514.000,999.000,496.000,36.000,36.000,0,1.000000,173.260000,337.573034,50.176667
1780468559.366688,,,BOARD_2,2,0,2338.000,558.000,2498.000,688.000,160.000,130.000,2338.000,558.000,2498.000,688.000,160.000,130.000,2338.000,558.000,2498.000,688.000,2418.000,623.000,160.000,130.000,0,1.000000,38.980000,2.345431,11.594583
1780468559.590140,,,BOARD_6,3,0,982.000,477.000,1018.000,513.000,36.000,36.000,982.000,477.000,1018.000,513.000,36.000,36.000,982.000,477.000,1018.000,513.000,1000.000,495.000,36.000,36.000,0,1.000000,173.260000,337.577592,50.181250
1780468559.590140,,,BOARD_6,3,1,982.000,477.000,1018.000,513.000,36.000,36.000,982.000,477.000,1018.000,513.000,36.000,36.000,982.000,477.000,1018.000,513.000,1000.000,495.000,36.000,36.000,0,1.000000,173.260000,337.577592,50.181250
1780468559.825849,,,BOARD_2,2,0,2340.000,551.000,2500.000,685.000,160.000,134.000,2340.000,551.000,2500.000,685.000,160.000,134.000,2340.000,551.000,2500.000,685.000,2420.000,618.000,160.000,134.000,0,1.000000,38.980000,2.354546,11.617500
1780468559.825849,,,BOARD_2,2,1,2341.000,551.000,2501.000,685.000,160.000,134.000,2341.000,551.000,2501.000,685.000,160.000,134.000,2341.000,551.000,2501.000,685.000,2421.000,618.000,160.000,134.000,0,1.000000,38.980000,2.359103,11.617500
1780468560.049210,,,BOARD_2,2,0,2342.000,552.000,2502.000,686.000,160.000,134.000,2342.000,552.000,2502.000,686.000,160.000,134.000,2342.000,552.000,2502.000,686.000,2422.000,619.000,160.000,134.000,0,1.000000,38.980000,2.363660,11.612917
1780468560.049210,,,BOARD_6,3,1,980.000,477.000,1016.000,513.000,36.000,36.000,980.000,477.000,1016.000,513.000,36.000,36.000,980.000,477.000,1016.000,513.000,998.000,495.000,36.000,36.000,0,1.000000,173.260000,337.568477,50.181250
1780468560.294967,,,BOARD_6,3,0,980.000,477.000,1016.000,513.000,36.000,36.000,980.000,477.000,1016.000,513.000,36.000,36.000,980.000,477.000,1016.000,513.000,998.000,495.000,36.000,36.000,0,1.000000,173.260000,337.568477,50.181250
1780468560.294967,,,BOARD_2,2,1,2367.000,562.000,2527.000,682.000,160.000,120.000,2367.000,562.000,2527.000,682.000,160.000,120.000,2367.000,562.000,2527.000,682.000,2447.000,622.000,160.000,120.000,0,1.000000,38.980000,2.477593,11.599167
1780468560.294967,,,BOARD_2,2,2,2372.000,563.000,2532.000,683.000,160.000,120.000,2372.000,563.000,2532.000,683.000,160.000,120.000,2372.000,563.000,2532.000,683.000,2452.000,623.000,160.000,120.000,0,1.000000,38.980000,2.500379,11.594583
1780468560.989128,,,BOARD_2,2,0,2352.000,565.000,2512.000,688.000,160.000,123.000,2352.000,565.000,2512.000,688.000,160.000,123.000,2352.000,565.000,2512.000,688.000,2432.000,626.500,160.000,123.000,0,1.000000,38.980000,2.409233,11.578542
1780468560.989128,,,BOARD_2,2,1,2352.000,566.000,2512.000,689.000,160.000,123.000,2352.000,566.000,2512.000,689.000,160.000,123.000,2352.000,566.000,2512.000,689.000,2432.000,627.500,160.000,123.000,0,1.000000,38.980000,2.409233,11.573958
1780468561.659138,,,BOARD_2,2,0,2360.000,566.000,2520.000,686.000,160.000,120.000,2360.000,566.000,2520.000,686.000,160.000,120.000,2360.000,566.000,2520.000,686.000,2440.000,626.000,160.000,120.000,0,1.000000,38.980000,2.445692,11.580833
1780468561.882060,,,BOARD_2,2,0,2361.000,566.000,2521.000,686.000,160.000,120.000,2361.000,566.000,2521.000,686.000,160.000,120.000,2361.000,566.000,2521.000,686.000,2441.000,626.000,160.000,120.000,0,1.000000,38.980000,2.450249,11.580833
1780468562.433411,,,BOARD_2,2,0,2369.000,567.000,2529.000,690.000,160.000,123.000,2369.000,567.000,2529.000,690.000,160.000,123.000,2369.000,567.000,2529.000,690.000,2449.000,628.500,160.000,123.000,0,1.000000,38.980000,2.486707,11.569375
1780468562.433411,,,BOARD_2,2,1,2371.000,568.000,2531.000,691.000,160.000,123.000,2371.000,568.000,2531.000,691.000,160.000,123.000,2371.000,568.000,2531.000,691.000,2451.000,629.500,160.000,123.000,0,1.000000,38.980000,2.495822,11.564792
1780468563.059113,,,BOARD_2,2,0,2367.000,559.000,2527.000,682.000,160.000,123.000,2367.000,559.000,2527.000,682.000,160.000,123.000,2367.000,559.000,2527.000,682.000,2447.000,620.500,160.000,123.000,0,1.000000,38.980000,2.477593,11.606042
1780468563.059113,,,BOARD_6,3,1,981.000,477.000,1017.000,513.000,36.000,36.000,981.000,477.000,1017.000,513.000,36.000,36.000,981.000,477.000,1017.000,513.000,999.000,495.000,36.000,36.000,0,1.000000,173.260000,337.573034,50.181250
1780468563.340141,,,BOARD_2,2,0,2368.000,558.000,2528.000,681.000,160.000,123.000,2368.000,558.000,2528.000,681.000,160.000,123.000,2368.000,558.000,2528.000,681.000,2448.000,619.500,160.000,123.000,0,1.000000,38.980000,2.482150,11.610625
1780468563.606104,,,BOARD_6,3,0,982.000,477.000,1018.000,513.000,36.000,36.000,982.000,477.000,1018.000,513.000,36.000,36.000,982.000,477.000,1018.000,513.000,1000.000,495.000,36.000,36.000,0,1.000000,173.260000,337.577592,50.181250
1780468563.606104,,,BOARD_6,3,1,982.000,477.000,1018.000,513.000,36.000,36.000,982.000,477.000,1018.000,513.000,36.000,36.000,982.000,477.000,1018.000,513.000,1000.000,495.000,36.000,36.000,0,1.000000,173.260000,337.577592,50.181250
1780468563.875561,,,BOARD_2,2,0,2354.000,562.000,2514.000,682.000,160.000,120.000,2354.000,562.000,2514.000,682.000,160.000,120.000,2354.000,562.000,2514.000,682.000,2434.000,622.000,160.000,120.000,0,1.000000,38.980000,2.418348,11.599167
1780468563.875561,,,BOARD_2,2,1,2352.000,562.000,2512.000,682.000,160.000,120.000,2352.000,562.000,2512.000,682.000,160.000,120.000,2352.000,562.000,2512.000,682.000,2432.000,622.000,160.000,120.000,0,1.000000,38.980000,2.409233,11.599167
1780468564.470297,,,BOARD_6,3,0,981.000,477.000,1017.000,513.000,36.000,36.000,981.000,477.000,1017.000,513.000,36.000,36.000,981.000,477.000,1017.000,513.000,999.000,495.000,36.000,36.000,0,1.000000,173.260000,337.573034,50.181250
1780468564.470297,,,BOARD_2,2,1,2341.000,560.000,2501.000,680.000,160.000,120.000,2341.000,560.000,2501.000,680.000,160.000,120.000,2341.000,560.000,2501.000,680.000,2421.000,620.000,160.000,120.000,0,1.000000,38.980000,2.359103,11.608333
1780468564.708044,,,BOARD_6,3,0,981.000,477.000,1017.000,513.000,36.000,36.000,981.000,477.000,1017.000,513.000,36.000,36.000,981.000,477.000,1017.000,513.000,999.000,495.000,36.000,36.000,0,1.000000,173.260000,337.573034,50.181250
1780468564.708044,,,BOARD_2,2,1,2338.000,560.000,2498.000,680.000,160.000,120.000,2338.000,560.000,2498.000,680.000,160.000,120.000,2338.000,560.000,2498.000,680.000,2418.000,620.000,160.000,120.000,0,1.000000,38.980000,2.345431,11.608333
1780468564.708044,,,BOARD_2,2,2,2334.000,559.000,2494.000,679.000,160.000,120.000,2334.000,559.000,2494.000,679.000,160.000,120.000,2334.000,559.000,2494.000,679.000,2414.000,619.000,160.000,120.000,0,1.000000,38.980000,2.327202,11.612917
1780468565.141395,,,BOARD_2,2,0,2331.000,562.000,2491.000,682.000,160.000,120.000,2331.000,562.000,2491.000,682.000,160.000,120.000,2331.000,562.000,2491.000,682.000,2411.000,622.000,160.000,120.000,0,1.000000,38.980000,2.313530,11.599167
1780468565.141395,,,BOARD_6,3,1,982.000,477.000,1018.000,513.000,36.000,36.000,982.000,477.000,1018.000,513.000,36.000,36.000,982.000,477.000,1018.000,513.000,1000.000,495.000,36.000,36.000,0,1.000000,173.260000,337.577592,50.181250
1780468565.141395,,,BOARD_2,2,2,2328.000,562.000,2488.000,682.000,160.000,120.000,2328.000,562.000,2488.000,682.000,160.000,120.000,2328.000,562.000,2488.000,682.000,2408.000,622.000,160.000,120.000,0,1.000000,38.980000,2.299858,11.599167
1780468565.141395,,,BOARD_6,3,3,982.000,477.000,1018.000,513.000,36.000,36.000,982.000,477.000,1018.000,513.000,36.000,36.000,982.000,477.000,1018.000,513.000,1000.000,495.000,36.000,36.000,0,1.000000,173.260000,337.577592,50.181250
1780468565.380182,,,BOARD_2,2,0,2324.000,562.000,2484.000,682.000,160.000,120.000,2324.000,562.000,2484.000,682.000,160.000,120.000,2324.000,562.000,2484.000,682.000,2404.000,622.000,160.000,120.000,0,1.000000,38.980000,2.281629,11.599167
1780468565.698766,,,BOARD_6,3,0,981.000,477.000,1017.000,513.000,36.000,36.000,981.000,477.000,1017.000,513.000,36.000,36.000,981.000,477.000,1017.000,513.000,999.000,495.000,36.000,36.000,0,1.000000,173.260000,337.573034,50.181250
1780468565.698766,,,BOARD_2,2,1,2332.000,565.000,2492.000,688.000,160.000,123.000,2332.000,565.000,2492.000,688.000,160.000,123.000,2332.000,565.000,2492.000,688.000,2412.000,626.500,160.000,123.000,0,1.000000,38.980000,2.318087,11.578542
1780468565.698766,,,BOARD_6,3,2,981.000,477.000,1017.000,513.000,36.000,36.000,981.000,477.000,1017.000,513.000,36.000,36.000,981.000,477.000,1017.000,513.000,999.000,495.000,36.000,36.000,0,1.000000,173.260000,337.573034,50.181250
1780468565.983663,,,BOARD_2,2,0,2331.000,566.000,2491.000,689.000,160.000,123.000,2331.000,566.000,2491.000,689.000,160.000,123.000,2331.000,566.000,2491.000,689.000,2411.000,627.500,160.000,123.000,0,1.000000,38.980000,2.313530,11.573958
1780468565.983663,,,BOARD_2,2,1,2329.000,567.000,2489.000,690.000,160.000,123.000,2329.000,567.000,2489.000,690.000,160.000,123.000,2329.000,567.000,2489.000,690.000,2409.000,628.500,160.000,123.000,0,1.000000,38.980000,2.304416,11.569375
1780468566.359306,,,BOARD_2,2,0,2320.000,565.000,2480.000,688.000,160.000,123.000,2320.000,565.000,2480.000,688.000,160.000,123.000,2320.000,565.000,2480.000,688.000,2400.000,626.500,160.000,123.000,0,1.000000,38.980000,2.263400,11.578542
1780468566.359306,,,BOARD_3,0,1,3502.000,1584.000,3539.000,1624.000,37.000,40.000,3502.000,1584.000,3539.000,1624.000,37.000,40.000,3502.000,1584.000,3539.000,1624.000,3520.500,1604.000,37.000,40.000,0,1.000000,168.570000,39.280945,16.598333
1780468566.359306,,,BOARD_2,2,2,2317.000,565.000,2477.000,688.000,160.000,123.000,2317.000,565.000,2477.000,688.000,160.000,123.000,2317.000,565.000,2477.000,688.000,2397.000,626.500,160.000,123.000,0,1.000000,38.980000,2.249728,11.578542
1780468566.606032,,,BOARD_2,2,0,2314.000,566.000,2474.000,689.000,160.000,123.000,2314.000,566.000,2474.000,689.000,160.000,123.000,2314.000,566.000,2474.000,689.000,2394.000,627.500,160.000,123.000,0,1.000000,38.980000,2.236056,11.573958
1780468567.111187,,,BOARD_2,2,0,2326.000,562.000,2486.000,689.000,160.000,127.000,2326.000,562.000,2486.000,689.000,160.000,127.000,2326.000,562.000,2486.000,689.000,2406.000,625.500,160.000,127.000,0,1.000000,38.980000,2.290744,11.583125
1780468567.111187,,,BOARD_2,2,1,2326.000,562.000,2486.000,689.000,160.000,127.000,2326.000,562.000,2486.000,689.000,160.000,127.000,2326.000,562.000,2486.000,689.000,2406.000,625.500,160.000,127.000,0,1.000000,38.980000,2.290744,11.583125
1780468567.337915,,,BOARD_2,2,0,2326.000,562.000,2486.000,689.000,160.000,127.000,2326.000,562.000,2486.000,689.000,160.000,127.000,2326.000,562.000,2486.000,689.000,2406.000,625.500,160.000,127.000,0,1.000000,38.980000,2.290744,11.583125
1780468567.635922,,,BOARD_2,2,0,2325.000,572.000,2485.000,702.000,160.000,130.000,2325.000,572.000,2485.000,702.000,160.000,130.000,2325.000,572.000,2485.000,702.000,2405.000,637.000,160.000,130.000,0,1.000000,38.980000,2.286186,11.530417
1780468567.635922,,,BOARD_2,2,1,2325.000,574.000,2485.000,704.000,160.000,130.000,2325.000,574.000,2485.000,704.000,160.000,130.000,2325.000,574.000,2485.000,704.000,2405.000,639.000,160.000,130.000,0,1.000000,38.980000,2.286186,11.521250
1780468568.328571,,,BOARD_2,2,0,2318.000,575.000,2478.000,698.000,160.000,123.000,2318.000,575.000,2478.000,698.000,160.000,123.000,2318.000,575.000,2478.000,698.000,2398.000,636.500,160.000,123.000,0,1.000000,38.980000,2.254285,11.532708
1780468568.328571,,,BOARD_2,2,1,2317.000,576.000,2477.000,699.000,160.000,123.000,2317.000,576.000,2477.000,699.000,160.000,123.000,2317.000,576.000,2477.000,699.000,2397.000,637.500,160.000,123.000,0,1.000000,38.980000,2.249728,11.528125
1780468568.563690,,,BOARD_2,2,0,2315.000,577.000,2475.000,700.000,160.000,123.000,2315.000,577.000,2475.000,700.000,160.000,123.000,2315.000,577.000,2475.000,700.000,2395.000,638.500,160.000,123.000,0,1.000000,38.980000,2.240614,11.523542
1780468568.921649,,,BOARD_2,2,0,2312.000,571.000,2472.000,694.000,160.000,123.000,2312.000,571.000,2472.000,694.000,160.000,123.000,2312.000,571.000,2472.000,694.000,2392.000,632.500,160.000,123.000,0,1.000000,38.980000,2.226942,11.551042
1780468568.921649,,,BOARD_2,2,1,2310.000,571.000,2470.000,694.000,160.000,123.000,2310.000,571.000,2470.000,694.000,160.000,123.000,2310.000,571.000,2470.000,694.000,2390.000,632.500,160.000,123.000,0,1.000000,38.980000,2.217827,11.551042
1780468569.185301,,,BOARD_2,2,0,2309.000,570.000,2469.000,693.000,160.000,123.000,2309.000,570.000,2469.000,693.000,160.000,123.000,2309.000,570.000,2469.000,693.000,2389.000,631.500,160.000,123.000,0,1.000000,38.980000,2.213270,11.555625
1780468569.185301,,,BOARD_6,3,1,983.000,478.000,1019.000,514.000,36.000,36.000,983.000,478.000,1019.000,514.000,36.000,36.000,983.000,478.000,1019.000,514.000,1001.000,496.000,36.000,36.000,0,1.000000,173.260000,337.582149,50.176667
1780468569.473763,,,BOARD_2,2,0,2314.000,580.000,2474.000,700.000,160.000,120.000,2314.000,580.000,2474.000,700.000,160.000,120.000,2314.000,580.000,2474.000,700.000,2394.000,640.000,160.000,120.000,0,1.000000,38.980000,2.236056,11.516667
1780468569.473763,,,BOARD_2,2,1,2314.000,581.000,2474.000,701.000,160.000,120.000,2314.000,581.000,2474.000,701.000,160.000,120.000,2314.000,581.000,2474.000,701.000,2394.000,641.000,160.000,120.000,0,1.000000,38.980000,2.236056,11.512083
1780468569.733469,,,BOARD_6,3,0,981.000,475.000,1017.000,511.000,36.000,36.000,981.000,475.000,1017.000,511.000,36.000,36.000,981.000,475.000,1017.000,511.000,999.000,493.000,36.000,36.000,0,1.000000,173.260000,337.573034,50.190417
1780468569.733469,,,BOARD_2,2,1,2313.000,582.000,2473.000,702.000,160.000,120.000,2313.000,582.000,2473.000,702.000,160.000,120.000,2313.000,582.000,2473.000,702.000,2393.000,642.000,160.000,120.000,0,1.000000,38.980000,2.231499,11.507500
1780468570.030619,,,BOARD_2,2,0,2311.000,576.000,2471.000,703.000,160.000,127.000,2311.000,576.000,2471.000,703.000,160.000,127.000,2311.000,576.000,2471.000,703.000,2391.000,639.500,160.000,127.000,0,1.000000,38.980000,2.222384,11.518958
1780468570.030619,,,BOARD_2,2,1,2310.000,576.000,2470.000,703.000,160.000,127.000,2310.000,576.000,2470.000,703.000,160.000,127.000,2310.000,576.000,2470.000,703.000,2390.000,639.500,160.000,127.000,0,1.000000,38.980000,2.217827,11.518958
1780468570.030619,,,BOARD_6,3,2,981.000,476.000,1017.000,512.000,36.000,36.000,981.000,476.000,1017.000,512.000,36.000,36.000,981.000,476.000,1017.000,512.000,999.000,494.000,36.000,36.000,0,1.000000,173.260000,337.573034,50.185833
1780468570.259031,,,BOARD_2,2,0,2310.000,577.000,2470.000,704.000,160.000,127.000,2310.000,577.000,2470.000,704.000,160.000,127.000,2310.000,577.000,2470.000,704.000,2390.000,640.500,160.000,127.000,0,1.000000,38.980000,2.217827,11.514375
1780468570.259031,,,BOARD_6,3,1,981.000,476.000,1017.000,512.000,36.000,36.000,981.000,476.000,1017.000,512.000,36.000,36.000,981.000,476.000,1017.000,512.000,999.000,494.000,36.000,36.000,0,1.000000,173.260000,337.573034,50.185833
1780468570.545545,,,BOARD_2,2,0,2318.000,564.000,2478.000,709.000,160.000,145.000,2318.000,564.000,2478.000,709.000,160.000,145.000,2318.000,564.000,2478.000,709.000,2398.000,636.500,160.000,145.000,0,1.000000,38.980000,2.254285,11.532708
1780468570.545545,,,BOARD_2,2,1,2319.000,564.000,2479.000,709.000,160.000,145.000,2319.000,564.000,2479.000,709.000,160.000,145.000,2319.000,564.000,2479.000,709.000,2399.000,636.500,160.000,145.000,0,1.000000,38.980000,2.258843,11.532708
1780468570.796284,,,BOARD_6,3,0,981.000,477.000,1017.000,513.000,36.000,36.000,981.000,477.000,1017.000,513.000,36.000,36.000,981.000,477.000,1017.000,513.000,999.000,495.000,36.000,36.000,0,1.000000,173.260000,337.573034,50.181250
1780468570.796284,,,BOARD_6,3,1,981.000,477.000,1017.000,513.000,36.000,36.000,981.000,477.000,1017.000,513.000,36.000,36.000,981.000,477.000,1017.000,513.000,999.000,495.000,36.000,36.000,0,1.000000,173.260000,337.573034,50.181250
1780468571.040238,,,BOARD_2,2,0,2323.000,587.000,2483.000,703.000,160.000,116.000,2323.000,587.000,2483.000,703.000,160.000,116.000,2323.000,587.000,2483.000,703.000,2403.000,645.000,160.000,116.000,0,1.000000,38.980000,2.277072,11.493750
1780468571.040238,,,BOARD_2,2,1,2324.000,588.000,2484.000,704.000,160.000,116.000,2324.000,588.000,2484.000,704.000,160.000,116.000,2324.000,588.000,2484.000,704.000,2404.000,646.000,160.000,116.000,0,1.000000,38.980000,2.281629,11.489167
1780468571.316623,,,BOARD_2,2,0,2326.000,590.000,2486.000,706.000,160.000,116.000,2326.000,590.000,2486.000,706.000,160.000,116.000,2326.000,590.000,2486.000,706.000,2406.000,648.000,160.000,116.000,0,1.000000,38.980000,2.290744,11.480000
1780468571.316623,,,BOARD_6,3,1,982.000,479.000,1018.000,515.000,36.000,36.000,982.000,479.000,1018.000,515.000,36.000,36.000,982.000,479.000,1018.000,515.000,1000.000,497.000,36.000,36.000,0,1.000000,173.260000,337.577592,50.172083
1780468571.706710,,,BOARD_2,2,0,2326.000,583.000,2486.000,699.000,160.000,116.000,2326.000,583.000,2486.000,699.000,160.000,116.000,2326.000,583.000,2486.000,699.000,2406.000,641.000,160.000,116.000,0,1.000000,38.980000,2.290744,11.512083
1780468571.706710,,,BOARD_2,2,1,2327.000,583.000,2487.000,699.000,160.000,116.000,2327.000,583.000,2487.000,699.000,160.000,116.000,2327.000,583.000,2487.000,699.000,2407.000,641.000,160.000,116.000,0,1.000000,38.980000,2.295301,11.512083
1780468571.984530,,,BOARD_6,3,0,982.000,479.000,1018.000,515.000,36.000,36.000,982.000,479.000,1018.000,515.000,36.000,36.000,982.000,479.000,1018.000,515.000,1000.000,497.000,36.000,36.000,0,1.000000,173.260000,337.577592,50.172083
1780468571.984530,,,BOARD_2,2,1,2328.000,583.000,2488.000,699.000,160.000,116.000,2328.000,583.000,2488.000,699.000,160.000,116.000,2328.000,583.000,2488.000,699.000,2408.000,641.000,160.000,116.000,0,1.000000,38.980000,2.299858,11.512083
1780468572.425654,,,BOARD_6,3,0,981.000,478.000,1017.000,514.000,36.000,36.000,981.000,478.000,1017.000,514.000,36.000,36.000,981.000,478.000,1017.000,514.000,999.000,496.000,36.000,36.000,0,1.000000,173.260000,337.573034,50.176667
1780468572.425654,,,BOARD_2,2,1,2325.000,576.000,2485.000,696.000,160.000,120.000,2325.000,576.000,2485.000,696.000,160.000,120.000,2325.000,576.000,2485.000,696.000,2405.000,636.000,160.000,120.000,0,1.000000,38.980000,2.286186,11.535000
1780468572.425654,,,BOARD_6,3,2,981.000,478.000,1017.000,514.000,36.000,36.000,981.000,478.000,1017.000,514.000,36.000,36.000,981.000,478.000,1017.000,514.000,999.000,496.000,36.000,36.000,0,1.000000,173.260000,337.573034,50.176667
1780468572.670574,,,BOARD_2,2,0,2325.000,575.000,2485.000,695.000,160.000,120.000,2325.000,575.000,2485.000,695.000,160.000,120.000,2325.000,575.000,2485.000,695.000,2405.000,635.000,160.000,120.000,0,1.000000,38.980000,2.286186,11.539583
1780468572.670574,,,BOARD_2,2,1,2326.000,574.000,2486.000,694.000,160.000,120.000,2326.000,574.000,2486.000,694.000,160.000,120.000,2326.000,574.000,2486.000,694.000,2406.000,634.000,160.000,120.000,0,1.000000,38.980000,2.290744,11.544167
1780468573.028243,,,BOARD_2,2,0,2331.000,574.000,2491.000,701.000,160.000,127.000,2331.000,574.000,2491.000,701.000,160.000,127.000,2331.000,574.000,2491.000,701.000,2411.000,637.500,160.000,127.000,0,1.000000,38.980000,2.313530,11.528125
1780468573.028243,,,BOARD_6,3,1,981.000,475.000,1017.000,511.000,36.000,36.000,981.000,475.000,1017.000,511.000,36.000,36.000,981.000,475.000,1017.000,511.000,999.000,493.000,36.000,36.000,0,1.000000,173.260000,337.573034,50.190417
1780468573.028243,,,BOARD_2,2,2,2332.000,574.000,2492.000,701.000,160.000,127.000,2332.000,574.000,2492.000,701.000,160.000,127.000,2332.000,574.000,2492.000,701.000,2412.000,637.500,160.000,127.000,0,1.000000,38.980000,2.318087,11.528125
1780468573.028243,,,BOARD_6,3,3,981.000,474.000,1017.000,510.000,36.000,36.000,981.000,474.000,1017.000,510.000,36.000,36.000,981.000,474.000,1017.000,510.000,999.000,492.000,36.000,36.000,0,1.000000,173.260000,337.573034,50.195000
1780468573.253253,,,BOARD_2,2,0,2334.000,574.000,2494.000,701.000,160.000,127.000,2334.000,574.000,2494.000,701.000,160.000,127.000,2334.000,574.000,2494.000,701.000,2414.000,637.500,160.000,127.000,0,1.000000,38.980000,2.327202,11.528125
1780468573.553960,,,BOARD_2,2,0,2338.000,576.000,2498.000,688.000,160.000,112.000,2338.000,576.000,2498.000,688.000,160.000,112.000,2338.000,576.000,2498.000,688.000,2418.000,632.000,160.000,112.000,0,1.000000,38.980000,2.345431,11.553333
1780468573.553960,,,BOARD_6,3,1,980.000,477.000,1016.000,513.000,36.000,36.000,980.000,477.000,1016.000,513.000,36.000,36.000,980.000,477.000,1016.000,513.000,998.000,495.000,36.000,36.000,0,1.000000,173.260000,337.568477,50.181250
1780468573.553960,,,BOARD_2,2,2,2340.000,575.000,2500.000,687.000,160.000,112.000,2340.000,575.000,2500.000,687.000,160.000,112.000,2340.000,575.000,2500.000,687.000,2420.000,631.000,160.000,112.000,0,1.000000,38.980000,2.354546,11.557917
1780468573.553960,,,BOARD_6,3,3,980.000,477.000,1016.000,513.000,36.000,36.000,980.000,477.000,1016.000,513.000,36.000,36.000,980.000,477.000,1016.000,513.000,998.000,495.000,36.000,36.000,0,1.000000,173.260000,337.568477,50.181250
1780468573.802981,,,BOARD_2,2,0,2342.000,574.000,2502.000,686.000,160.000,112.000,2342.000,574.000,2502.000,686.000,160.000,112.000,2342.000,574.000,2502.000,686.000,2422.000,630.000,160.000,112.000,0,1.000000,38.980000,2.363660,11.562500
1780468574.080808,,,BOARD_2,2,0,2346.000,564.000,2506.000,691.000,160.000,127.000,2346.000,564.000,2506.000,691.000,160.000,127.000,2346.000,564.000,2506.000,691.000,2426.000,627.500,160.000,127.000,0,1.000000,38.980000,2.381890,11.573958
1780468574.080808,,,BOARD_2,2,1,2348.000,563.000,2508.000,690.000,160.000,127.000,2348.000,563.000,2508.000,690.000,160.000,127.000,2348.000,563.000,2508.000,690.000,2428.000,626.500,160.000,127.000,0,1.000000,38.980000,2.391004,11.578542
1780468574.080808,,,BOARD_6,3,2,981.000,477.000,1017.000,513.000,36.000,36.000,981.000,477.000,1017.000,513.000,36.000,36.000,981.000,477.000,1017.000,513.000,999.000,495.000,36.000,36.000,0,1.000000,173.260000,337.573034,50.181250
1780468574.359027,,,BOARD_2,2,0,2351.000,561.000,2511.000,688.000,160.000,127.000,2351.000,561.000,2511.000,688.000,160.000,127.000,2351.000,561.000,2511.000,688.000,2431.000,624.500,160.000,127.000,0,1.000000,38.980000,2.404676,11.587708
1780468574.359027,,,BOARD_6,3,1,981.000,477.000,1017.000,513.000,36.000,36.000,981.000,477.000,1017.000,513.000,36.000,36.000,981.000,477.000,1017.000,513.000,999.000,495.000,36.000,36.000,0,1.000000,173.260000,337.573034,50.181250
1780468574.664091,,,BOARD_2,2,0,2347.000,556.000,2507.000,686.000,160.000,130.000,2347.000,556.000,2507.000,686.000,160.000,130.000,2347.000,556.000,2507.000,686.000,2427.000,621.000,160.000,130.000,0,1.000000,38.980000,2.386447,11.603750
1780468574.664091,,,BOARD_2,2,1,2348.000,554.000,2508.000,684.000,160.000,130.000,2348.000,554.000,2508.000,684.000,160.000,130.000,2348.000,554.000,2508.000,684.000,2428.000,619.000,160.000,130.000,0,1.000000,38.980000,2.391004,11.612917
1780468574.929438,,,BOARD_2,2,0,2349.000,552.000,2509.000,682.000,160.000,130.000,2349.000,552.000,2509.000,682.000,160.000,130.000,2349.000,552.000,2509.000,682.000,2429.000,617.000,160.000,130.000,0,1.000000,38.980000,2.395561,11.622083
1780468574.929438,,,BOARD_6,3,1,982.000,476.000,1018.000,512.000,36.000,36.000,982.000,476.000,1018.000,512.000,36.000,36.000,982.000,476.000,1018.000,512.000,1000.000,494.000,36.000,36.000,0,1.000000,173.260000,337.577592,50.185833
1780468574.929438,,,BOARD_6,3,2,982.000,476.000,1018.000,512.000,36.000,36.000,982.000,476.000,1018.000,512.000,36.000,36.000,982.000,476.000,1018.000,512.000,1000.000,494.000,36.000,36.000,0,1.000000,173.260000,337.577592,50.185833
1780468575.261248,,,BOARD_2,2,0,2352.000,553.000,2512.000,687.000,160.000,134.000,2352.000,553.000,2512.000,687.000,160.000,134.000,2352.000,553.000,2512.000,687.000,2432.000,620.000,160.000,134.000,0,1.000000,38.980000,2.409233,11.608333
1780468575.261248,,,BOARD_2,2,1,2353.000,552.000,2513.000,686.000,160.000,134.000,2353.000,552.000,2513.000,686.000,160.000,134.000,2353.000,552.000,2513.000,686.000,2433.000,619.000,160.000,134.000,0,1.000000,38.980000,2.413791,11.612917
1780468575.522459,,,BOARD_2,2,0,2355.000,551.000,2515.000,685.000,160.000,134.000,2355.000,551.000,2515.000,685.000,160.000,134.000,2355.000,551.000,2515.000,685.000,2435.000,618.000,160.000,134.000,0,1.000000,38.980000,2.422905,11.617500
1780468575.855465,,,BOARD_2,2,0,2366.000,552.000,2526.000,672.000,160.000,120.000,2366.000,552.000,2526.000,672.000,160.000,120.000,2366.000,552.000,2526.000,672.000,2446.000,612.000,160.000,120.000,0,1.000000,38.980000,2.473035,11.645000
1780468576.077547,,,BOARD_6,3,0,982.000,476.000,1018.000,512.000,36.000,36.000,982.000,476.000,1018.000,512.000,36.000,36.000,982.000,476.000,1018.000,512.000,1000.000,494.000,36.000,36.000,0,1.000000,173.260000,337.577592,50.185833
1780468576.077547,,,BOARD_2,2,1,2369.000,550.000,2529.000,670.000,160.000,120.000,2369.000,550.000,2529.000,670.000,160.000,120.000,2369.000,550.000,2529.000,670.000,2449.000,610.000,160.000,120.000,0,1.000000,38.980000,2.486707,11.654167
1780468576.300605,,,BOARD_2,2,0,2372.000,548.000,2532.000,668.000,160.000,120.000,2372.000,548.000,2532.000,668.000,160.000,120.000,2372.000,548.000,2532.000,668.000,2452.000,608.000,160.000,120.000,0,1.000000,38.980000,2.500379,11.663333
1780468576.635196,,,BOARD_6,3,0,982.000,477.000,1018.000,513.000,36.000,36.000,982.000,477.000,1018.000,513.000,36.000,36.000,982.000,477.000,1018.000,513.000,1000.000,495.000,36.000,36.000,0,1.000000,173.260000,337.577592,50.181250
1780468576.994068,,,BOARD_2,2,0,2230.000,480.000,2694.000,840.000,464.000,360.000,2230.000,480.000,2694.000,840.000,464.000,360.000,2230.000,480.000,2694.000,840.000,2462.000,660.000,464.000,360.000,0,1.000000,13.440000,2.545952,11.425000
1780468577.303960,,,BOARD_2,2,0,2234.000,488.000,2698.000,848.000,464.000,360.000,2234.000,488.000,2698.000,848.000,464.000,360.000,2234.000,488.000,2698.000,848.000,2466.000,668.000,464.000,360.000,0,1.000000,13.440000,2.564181,11.388333
1780468577.303960,,,BOARD_6,3,1,982.000,477.000,1018.000,513.000,36.000,36.000,982.000,477.000,1018.000,513.000,36.000,36.000,982.000,477.000,1018.000,513.000,1000.000,495.000,36.000,36.000,0,1.000000,173.260000,337.577592,50.181250
1780468577.574795,,,BOARD_6,3,0,982.000,477.000,1018.000,513.000,36.000,36.000,982.000,477.000,1018.000,513.000,36.000,36.000,982.000,477.000,1018.000,513.000,1000.000,495.000,36.000,36.000,0,1.000000,173.260000,337.577592,50.181250
1780468577.960566,,,BOARD_6,3,0,981.000,476.000,1017.000,512.000,36.000,36.000,981.000,476.000,1017.000,512.000,36.000,36.000,981.000,476.000,1017.000,512.000,999.000,494.000,36.000,36.000,0,1.000000,173.260000,337.573034,50.185833
1780468577.960566,,,BOARD_2,2,1,2266.000,448.000,2730.000,808.000,464.000,360.000,2266.000,448.000,2730.000,808.000,464.000,360.000,2266.000,448.000,2730.000,808.000,2498.000,628.000,464.000,360.000,0,1.000000,13.440000,2.710015,11.571667
1780468577.960566,,,BOARD_6,3,2,981.000,476.000,1017.000,512.000,36.000,36.000,981.000,476.000,1017.000,512.000,36.000,36.000,981.000,476.000,1017.000,512.000,999.000,494.000,36.000,36.000,0,1.000000,173.260000,337.573034,50.185833
1780468578.510297,,,BOARD_6,3,0,983.000,477.000,1019.000,513.000,36.000,36.000,983.000,477.000,1019.000,513.000,36.000,36.000,983.000,477.000,1019.000,513.000,1001.000,495.000,36.000,36.000,0,1.000000,173.260000,337.582149,50.181250
1780468578.510297,,,BOARD_6,3,1,983.000,477.000,1019.000,513.000,36.000,36.000,983.000,477.000,1019.000,513.000,36.000,36.000,983.000,477.000,1019.000,513.000,1001.000,495.000,36.000,36.000,0,1.000000,173.260000,337.582149,50.181250
1780468578.984808,,,BOARD_2,2,0,2259.000,473.000,2723.000,833.000,464.000,360.000,2259.000,473.000,2723.000,833.000,464.000,360.000,2259.000,473.000,2723.000,833.000,2491.000,653.000,464.000,360.000,0,1.000000,13.440000,2.678114,11.457083
1780468578.984808,,,BOARD_6,3,1,982.000,477.000,1018.000,513.000,36.000,36.000,982.000,477.000,1018.000,513.000,36.000,36.000,982.000,477.000,1018.000,513.000,1000.000,495.000,36.000,36.000,0,1.000000,173.260000,337.577592,50.181250
1780468578.984808,,,BOARD_6,3,2,982.000,477.000,1018.000,513.000,36.000,36.000,982.000,477.000,1018.000,513.000,36.000,36.000,982.000,477.000,1018.000,513.000,1000.000,495.000,36.000,36.000,0,1.000000,173.260000,337.577592,50.181250
1780468579.614436,,,BOARD_6,3,0,980.000,476.000,1016.000,512.000,36.000,36.000,980.000,476.000,1016.000,512.000,36.000,36.000,980.000,476.000,1016.000,512.000,998.000,494.000,36.000,36.000,0,1.000000,173.260000,337.568477,50.185833
1780468579.614436,,,BOARD_6,3,1,980.000,476.000,1016.000,512.000,36.000,36.000,980.000,476.000,1016.000,512.000,36.000,36.000,980.000,476.000,1016.000,512.000,998.000,494.000,36.000,36.000,0,1.000000,173.260000,337.568477,50.185833
1780468580.208379,,,BOARD_6,3,0,981.000,477.000,1017.000,513.000,36.000,36.000,981.000,477.000,1017.000,513.000,36.000,36.000,981.000,477.000,1017.000,513.000,999.000,495.000,36.000,36.000,0,1.000000,173.260000,337.573034,50.181250
1780468580.208379,,,BOARD_6,3,1,981.000,477.000,1017.000,513.000,36.000,36.000,981.000,477.000,1017.000,513.000,36.000,36.000,981.000,477.000,1017.000,513.000,999.000,495.000,36.000,36.000,0,1.000000,173.260000,337.573034,50.181250
1780468581.323504,,,BOARD_6,3,0,981.000,477.000,1017.000,513.000,36.000,36.000,981.000,477.000,1017.000,513.000,36.000,36.000,981.000,477.000,1017.000,513.000,999.000,495.000,36.000,36.000,0,1.000000,173.260000,337.573034,50.181250
1780468581.825560,,,BOARD_6,3,0,982.000,477.000,1018.000,513.000,36.000,36.000,982.000,477.000,1018.000,513.000,36.000,36.000,982.000,477.000,1018.000,513.000,1000.000,495.000,36.000,36.000,0,1.000000,173.260000,337.577592,50.181250
1780468581.825560,,,BOARD_6,3,1,982.000,477.000,1018.000,513.000,36.000,36.000,982.000,477.000,1018.000,513.000,36.000,36.000,982.000,477.000,1018.000,513.000,1000.000,495.000,36.000,36.000,0,1.000000,173.260000,337.577592,50.181250
1780468582.367106,,,BOARD_6,3,0,981.000,477.000,1017.000,513.000,36.000,36.000,981.000,477.000,1017.000,513.000,36.000,36.000,981.000,477.000,1017.000,513.000,999.000,495.000,36.000,36.000,0,1.000000,173.260000,337.573034,50.181250
1780468582.623378,,,BOARD_6,3,0,981.000,477.000,1017.000,513.000,36.000,36.000,981.000,477.000,1017.000,513.000,36.000,36.000,981.000,477.000,1017.000,513.000,999.000,495.000,36.000,36.000,0,1.000000,173.260000,337.573034,50.181250
1780468585.425931,,,BOARD_6,3,0,982.000,476.000,1018.000,512.000,36.000,36.000,982.000,476.000,1018.000,512.000,36.000,36.000,982.000,476.000,1018.000,512.000,1000.000,494.000,36.000,36.000,0,1.000000,173.260000,337.577592,50.185833
1780468586.080733,,,BOARD_6,3,0,981.000,477.000,1017.000,513.000,36.000,36.000,981.000,477.000,1017.000,513.000,36.000,36.000,981.000,477.000,1017.000,513.000,999.000,495.000,36.000,36.000,0,1.000000,173.260000,337.573034,50.181250
1780468586.080733,,,BOARD_6,3,1,981.000,477.000,1017.000,513.000,36.000,36.000,981.000,477.000,1017.000,513.000,36.000,36.000,981.000,477.000,1017.000,513.000,999.000,495.000,36.000,36.000,0,1.000000,173.260000,337.573034,50.181250
1780468586.642021,,,BOARD_6,3,0,982.000,478.000,1018.000,514.000,36.000,36.000,982.000,478.000,1018.000,514.000,36.000,36.000,982.000,478.000,1018.000,514.000,1000.000,496.000,36.000,36.000,0,1.000000,173.260000,337.577592,50.176667
1780468586.642021,,,BOARD_6,3,1,982.000,478.000,1018.000,514.000,36.000,36.000,982.000,478.000,1018.000,514.000,36.000,36.000,982.000,478.000,1018.000,514.000,1000.000,496.000,36.000,36.000,0,1.000000,173.260000,337.577592,50.176667
1780468587.127457,,,BOARD_6,3,0,980.000,478.000,1016.000,514.000,36.000,36.000,980.000,478.000,1016.000,514.000,36.000,36.000,980.000,478.000,1016.000,514.000,998.000,496.000,36.000,36.000,0,1.000000,173.260000,337.568477,50.176667
1780468587.127457,,,BOARD_6,3,1,980.000,478.000,1016.000,514.000,36.000,36.000,980.000,478.000,1016.000,514.000,36.000,36.000,980.000,478.000,1016.000,514.000,998.000,496.000,36.000,36.000,0,1.000000,173.260000,337.568477,50.176667
1780468589.727562,,,BOARD_6,3,0,982.000,477.000,1018.000,513.000,36.000,36.000,982.000,477.000,1018.000,513.000,36.000,36.000,982.000,477.000,1018.000,513.000,1000.000,495.000,36.000,36.000,0,1.000000,173.260000,337.577592,50.181250
1780468590.345942,,,BOARD_6,3,0,981.000,477.000,1017.000,513.000,36.000,36.000,981.000,477.000,1017.000,513.000,36.000,36.000,981.000,477.000,1017.000,513.000,999.000,495.000,36.000,36.000,0,1.000000,173.260000,337.573034,50.181250
1780468591.200565,,,BOARD_6,3,0,980.000,477.000,1016.000,513.000,36.000,36.000,980.000,477.000,1016.000,513.000,36.000,36.000,980.000,477.000,1016.000,513.000,998.000,495.000,36.000,36.000,0,1.000000,173.260000,337.568477,50.181250
1780468591.508871,,,BOARD_6,3,0,980.000,477.000,1016.000,513.000,36.000,36.000,980.000,477.000,1016.000,513.000,36.000,36.000,980.000,477.000,1016.000,513.000,998.000,495.000,36.000,36.000,0,1.000000,173.260000,337.568477,50.181250
1780468592.120898,,,BOARD_6,3,0,980.000,477.000,1016.000,513.000,36.000,36.000,980.000,477.000,1016.000,513.000,36.000,36.000,980.000,477.000,1016.000,513.000,998.000,495.000,36.000,36.000,0,1.000000,173.260000,337.568477,50.181250
1780468592.120898,,,BOARD_6,3,1,980.000,477.000,1016.000,513.000,36.000,36.000,980.000,477.000,1016.000,513.000,36.000,36.000,980.000,477.000,1016.000,513.000,998.000,495.000,36.000,36.000,0,1.000000,173.260000,337.568477,50.181250
1780468593.099687,,,BOARD_6,3,0,981.000,477.000,1017.000,513.000,36.000,36.000,981.000,477.000,1017.000,513.000,36.000,36.000,981.000,477.000,1017.000,513.000,999.000,495.000,36.000,36.000,0,1.000000,173.260000,337.573034,50.181250
1780468593.401616,,,BOARD_6,3,0,981.000,477.000,1017.000,513.000,36.000,36.000,981.000,477.000,1017.000,513.000,36.000,36.000,981.000,477.000,1017.000,513.000,999.000,495.000,36.000,36.000,0,1.000000,173.260000,337.573034,50.181250
1780468593.824793,,,BOARD_6,3,0,982.000,477.000,1018.000,513.000,36.000,36.000,982.000,477.000,1018.000,513.000,36.000,36.000,982.000,477.000,1018.000,513.000,1000.000,495.000,36.000,36.000,0,1.000000,173.260000,337.577592,50.181250
1780468594.090289,,,BOARD_6,3,0,982.000,477.000,1018.000,513.000,36.000,36.000,982.000,477.000,1018.000,513.000,36.000,36.000,982.000,477.000,1018.000,513.000,1000.000,495.000,36.000,36.000,0,1.000000,173.260000,337.577592,50.181250
1780468596.338456,,,BOARD_2,2,0,2299.000,560.000,2459.000,680.000,160.000,120.000,2299.000,560.000,2459.000,680.000,160.000,120.000,2299.000,560.000,2459.000,680.000,2379.000,620.000,160.000,120.000,0,1.000000,38.980000,2.167697,11.608333
1780468596.338456,,,BOARD_2,2,1,2299.000,561.000,2459.000,681.000,160.000,120.000,2299.000,561.000,2459.000,681.000,160.000,120.000,2299.000,561.000,2459.000,681.000,2379.000,621.000,160.000,120.000,0,1.000000,38.980000,2.167697,11.603750
1780468596.608695,,,BOARD_2,2,0,2298.000,562.000,2458.000,682.000,160.000,120.000,2298.000,562.000,2458.000,682.000,160.000,120.000,2298.000,562.000,2458.000,682.000,2378.000,622.000,160.000,120.000,0,1.000000,38.980000,2.163140,11.599167
1780468598.289737,,,BOARD_2,2,0,2311.000,562.000,2471.000,682.000,160.000,120.000,2311.000,562.000,2471.000,682.000,160.000,120.000,2311.000,562.000,2471.000,682.000,2391.000,622.000,160.000,120.000,0,1.000000,38.980000,2.222384,11.599167
1780468598.858325,,,BOARD_2,2,0,2315.000,562.000,2475.000,682.000,160.000,120.000,2315.000,562.000,2475.000,682.000,160.000,120.000,2315.000,562.000,2475.000,682.000,2395.000,622.000,160.000,120.000,0,1.000000,38.980000,2.240614,11.599167
1780468598.858325,,,BOARD_2,2,1,2316.000,560.000,2476.000,680.000,160.000,120.000,2316.000,560.000,2476.000,680.000,160.000,120.000,2316.000,560.000,2476.000,680.000,2396.000,620.000,160.000,120.000,0,1.000000,38.980000,2.245171,11.608333
1780468599.361567,,,BOARD_2,2,0,2316.000,552.000,2476.000,672.000,160.000,120.000,2316.000,552.000,2476.000,672.000,160.000,120.000,2316.000,552.000,2476.000,672.000,2396.000,612.000,160.000,120.000,0,1.000000,38.980000,2.245171,11.645000
1780468599.361567,,,BOARD_2,2,1,2317.000,549.000,2477.000,669.000,160.000,120.000,2317.000,549.000,2477.000,669.000,160.000,120.000,2317.000,549.000,2477.000,669.000,2397.000,609.000,160.000,120.000,0,1.000000,38.980000,2.249728,11.658750
1780468599.920898,,,BOARD_2,2,0,2326.000,551.000,2486.000,674.000,160.000,123.000,2326.000,551.000,2486.000,674.000,160.000,123.000,2326.000,551.000,2486.000,674.000,2406.000,612.500,160.000,123.000,0,1.000000,38.980000,2.290744,11.642708
1780468599.920898,,,BOARD_2,2,1,2328.000,550.000,2488.000,673.000,160.000,123.000,2328.000,550.000,2488.000,673.000,160.000,123.000,2328.000,550.000,2488.000,673.000,2408.000,611.500,160.000,123.000,0,1.000000,38.980000,2.299858,11.647292
1780468600.433619,,,BOARD_2,2,0,2327.000,540.000,2487.000,667.000,160.000,127.000,2327.000,540.000,2487.000,667.000,160.000,127.000,2327.000,540.000,2487.000,667.000,2407.000,603.500,160.000,127.000,0,1.000000,38.980000,2.295301,11.683958
1780468600.692046,,,BOARD_2,2,0,2328.000,538.000,2488.000,665.000,160.000,127.000,2328.000,538.000,2488.000,665.000,160.000,127.000,2328.000,538.000,2488.000,665.000,2408.000,601.500,160.000,127.000,0,1.000000,38.980000,2.299858,11.693125
1780468600.893262,,,BOARD_2,2,0,2329.000,536.000,2489.000,663.000,160.000,127.000,2329.000,536.000,2489.000,663.000,160.000,127.000,2329.000,536.000,2489.000,663.000,2409.000,599.500,160.000,127.000,0,1.000000,38.980000,2.304416,11.702292
1780468601.295347,,,BOARD_2,2,0,2333.000,546.000,2493.000,666.000,160.000,120.000,2333.000,546.000,2493.000,666.000,160.000,120.000,2333.000,546.000,2493.000,666.000,2413.000,606.000,160.000,120.000,0,1.000000,38.980000,2.322645,11.672500
1780468601.508360,,,BOARD_2,2,0,2335.000,545.000,2495.000,665.000,160.000,120.000,2335.000,545.000,2495.000,665.000,160.000,120.000,2335.000,545.000,2495.000,665.000,2415.000,605.000,160.000,120.000,0,1.000000,38.980000,2.331759,11.677083
1780468601.508360,,,BOARD_2,2,1,2336.000,545.000,2496.000,665.000,160.000,120.000,2336.000,545.000,2496.000,665.000,160.000,120.000,2336.000,545.000,2496.000,665.000,2416.000,605.000,160.000,120.000,0,1.000000,38.980000,2.336317,11.677083
1780468601.944999,,,BOARD_2,2,0,2334.000,543.000,2494.000,666.000,160.000,123.000,2334.000,543.000,2494.000,666.000,160.000,123.000,2334.000,543.000,2494.000,666.000,2414.000,604.500,160.000,123.000,0,1.000000,38.980000,2.327202,11.679375
1780468602.209162,,,BOARD_2,2,0,2229.000,442.000,2693.000,802.000,464.000,360.000,2229.000,442.000,2693.000,802.000,464.000,360.000,2229.000,442.000,2693.000,802.000,2461.000,622.000,464.000,360.000,0,1.000000,13.440000,2.541395,11.599167
1780468602.503735,,,BOARD_2,2,0,2255.000,451.000,2719.000,811.000,464.000,360.000,2255.000,451.000,2719.000,811.000,464.000,360.000,2255.000,451.000,2719.000,811.000,2487.000,631.000,464.000,360.000,0,1.000000,13.440000,2.659884,11.557917
1780468602.810106,,,BOARD_2,2,0,2198.000,473.000,2662.000,833.000,464.000,360.000,2198.000,473.000,2662.000,833.000,464.000,360.000,2198.000,473.000,2662.000,833.000,2430.000,653.000,464.000,360.000,0,1.000000,13.440000,2.400119,11.457083
1780468602.810106,,,BOARD_2,2,1,2201.000,486.000,2665.000,846.000,464.000,360.000,2201.000,486.000,2665.000,846.000,464.000,360.000,2201.000,486.000,2665.000,846.000,2433.000,666.000,464.000,360.000,0,1.000000,13.440000,2.413791,11.397500
1780468603.053620,,,BOARD_2,2,0,2205.000,499.000,2669.000,859.000,464.000,360.000,2205.000,499.000,2669.000,859.000,464.000,360.000,2205.000,499.000,2669.000,859.000,2437.000,679.000,464.000,360.000,0,1.000000,13.440000,2.432020,11.337917
1780468604.816492,,,BOARD_2,2,0,2190.000,470.000,2654.000,830.000,464.000,360.000,2190.000,470.000,2654.000,830.000,464.000,360.000,2190.000,470.000,2654.000,830.000,2422.000,650.000,464.000,360.000,0,1.000000,13.440000,2.363660,11.470833
1780468604.816492,,,BOARD_2,2,1,2201.000,497.000,2665.000,857.000,464.000,360.000,2201.000,497.000,2665.000,857.000,464.000,360.000,2201.000,497.000,2665.000,857.000,2433.000,677.000,464.000,360.000,0,1.000000,13.440000,2.413791,11.347083
1780468605.391323,,,BOARD_2,2,0,2331.000,533.000,2491.000,667.000,160.000,134.000,2331.000,533.000,2491.000,667.000,160.000,134.000,2331.000,533.000,2491.000,667.000,2411.000,600.000,160.000,134.000,0,1.000000,38.980000,2.313530,11.700000
1780468605.925431,,,BOARD_2,2,0,2338.000,544.000,2498.000,664.000,160.000,120.000,2338.000,544.000,2498.000,664.000,160.000,120.000,2338.000,544.000,2498.000,664.000,2418.000,604.000,160.000,120.000,0,1.000000,38.980000,2.345431,11.681667
1780468606.467061,,,BOARD_2,2,0,2322.000,545.000,2482.000,668.000,160.000,123.000,2322.000,545.000,2482.000,668.000,160.000,123.000,2322.000,545.000,2482.000,668.000,2402.000,606.500,160.000,123.000,0,1.000000,38.980000,2.272515,11.670208
1780468615.683528,,,BOARD_2,2,0,2253.000,466.000,2717.000,826.000,464.000,360.000,2253.000,466.000,2717.000,826.000,464.000,360.000,2253.000,466.000,2717.000,826.000,2485.000,646.000,464.000,360.000,0,1.000000,13.440000,2.650770,11.489167
1780468615.683528,,,BOARD_2,2,1,2280.000,491.000,2744.000,851.000,464.000,360.000,2280.000,491.000,2744.000,851.000,464.000,360.000,2280.000,491.000,2744.000,851.000,2512.000,671.000,464.000,360.000,0,1.000000,13.440000,2.773817,11.374583
1780468616.081322,,,BOARD_2,2,0,2306.000,516.000,2770.000,876.000,464.000,360.000,2306.000,516.000,2770.000,876.000,464.000,360.000,2306.000,516.000,2770.000,876.000,2538.000,696.000,464.000,360.000,0,1.000000,13.440000,2.892306,11.260000
1780468619.269592,,,BOARD_2,2,0,2327.000,559.000,2487.000,682.000,160.000,123.000,2327.000,559.000,2487.000,682.000,160.000,123.000,2327.000,559.000,2487.000,682.000,2407.000,620.500,160.000,123.000,0,1.000000,38.980000,2.295301,11.606042
1780468625.788113,,,BOARD_2,4,0,1067.000,1491.000,1103.000,1527.000,36.000,36.000,1067.000,1491.000,1103.000,1527.000,36.000,36.000,1067.000,1491.000,1103.000,1527.000,1085.000,1509.000,36.000,36.000,0,1.000000,173.260000,338.564961,7.533750
1780468626.399928,,,BOARD_2,4,0,1050.000,1491.000,1086.000,1527.000,36.000,36.000,1050.000,1491.000,1086.000,1527.000,36.000,36.000,1050.000,1491.000,1086.000,1527.000,1068.000,1509.000,36.000,36.000,0,1.000000,173.260000,338.487487,7.533750
1780468627.423107,,,BOARD_2,4,0,1049.000,1491.000,1085.000,1527.000,36.000,36.000,1049.000,1491.000,1085.000,1527.000,36.000,36.000,1049.000,1491.000,1085.000,1527.000,1067.000,1509.000,36.000,36.000,0,1.000000,173.260000,338.482930,7.533750
1780468627.423107,,,BOARD_2,4,1,1048.000,1491.000,1084.000,1527.000,36.000,36.000,1048.000,1491.000,1084.000,1527.000,36.000,36.000,1048.000,1491.000,1084.000,1527.000,1066.000,1509.000,36.000,36.000,0,1.000000,173.260000,338.478373,7.533750
1780468628.065596,,,BOARD_2,4,0,1049.000,1503.000,1085.000,1539.000,36.000,36.000,1049.000,1503.000,1085.000,1539.000,36.000,36.000,1049.000,1503.000,1085.000,1539.000,1067.000,1521.000,36.000,36.000,0,1.000000,173.260000,338.482930,7.478750
1780468628.065596,,,BOARD_2,4,1,1048.000,1505.000,1084.000,1541.000,36.000,36.000,1048.000,1505.000,1084.000,1541.000,36.000,36.000,1048.000,1505.000,1084.000,1541.000,1066.000,1523.000,36.000,36.000,0,1.000000,173.260000,338.478373,7.469583
1780468628.675855,,,BOARD_2,4,0,974.000,1487.000,1010.000,1523.000,36.000,36.000,974.000,1487.000,1010.000,1523.000,36.000,36.000,974.000,1487.000,1010.000,1523.000,992.000,1505.000,36.000,36.000,0,1.000000,173.260000,338.141133,7.552083
1780468632.511894,,,BOARD_2,2,0,2215.000,663.000,2679.000,1023.000,464.000,360.000,2215.000,663.000,2679.000,1023.000,464.000,360.000,2215.000,663.000,2679.000,1023.000,2447.000,843.000,464.000,360.000,0,1.000000,13.440000,2.477593,10.586250
1780468632.511894,,,BOARD_2,4,1,1101.000,1513.000,1137.000,1549.000,36.000,36.000,1101.000,1513.000,1137.000,1549.000,36.000,36.000,1101.000,1513.000,1137.000,1549.000,1119.000,1531.000,36.000,36.000,0,1.000000,173.260000,338.719909,7.432917
1780468632.511894,,,BOARD_2,2,2,2227.000,689.000,2691.000,1049.000,464.000,360.000,2227.000,689.000,2691.000,1049.000,464.000,360.000,2227.000,689.000,2691.000,1049.000,2459.000,869.000,464.000,360.000,0,1.000000,13.440000,2.532280,10.467083
1780468632.983248,,,BOARD_2,4,0,1137.000,1507.000,1173.000,1543.000,36.000,36.000,1137.000,1507.000,1173.000,1543.000,36.000,36.000,1137.000,1507.000,1173.000,1543.000,1155.000,1525.000,36.000,36.000,0,1.000000,173.260000,338.883972,7.460417
1780468632.983248,,,BOARD_2,2,1,2348.000,728.000,2508.000,848.000,160.000,120.000,2348.000,728.000,2508.000,848.000,160.000,120.000,2348.000,728.000,2508.000,848.000,2428.000,788.000,160.000,120.000,0,1.000000,38.980000,2.391004,10.838333
1780468633.251691,,,BOARD_2,2,0,2348.000,725.000,2508.000,845.000,160.000,120.000,2348.000,725.000,2508.000,845.000,160.000,120.000,2348.000,725.000,2508.000,845.000,2428.000,785.000,160.000,120.000,0,1.000000,38.980000,2.391004,10.852083
1780468633.251691,,,BOARD_2,2,1,2348.000,721.000,2508.000,841.000,160.000,120.000,2348.000,721.000,2508.000,841.000,160.000,120.000,2348.000,721.000,2508.000,841.000,2428.000,781.000,160.000,120.000,0,1.000000,38.980000,2.391004,10.870417
1780468633.819759,,,BOARD_2,2,0,2339.000,720.000,2499.000,840.000,160.000,120.000,2339.000,720.000,2499.000,840.000,160.000,120.000,2339.000,720.000,2499.000,840.000,2419.000,780.000,160.000,120.000,0,1.000000,38.980000,2.349989,10.875000
1780468633.819759,,,BOARD_2,2,1,2337.000,717.000,2497.000,837.000,160.000,120.000,2337.000,717.000,2497.000,837.000,160.000,120.000,2337.000,717.000,2497.000,837.000,2417.000,777.000,160.000,120.000,0,1.000000,38.980000,2.340874,10.888750
1780468634.038480,,,BOARD_2,2,0,2336.000,714.000,2496.000,834.000,160.000,120.000,2336.000,714.000,2496.000,834.000,160.000,120.000,2336.000,714.000,2496.000,834.000,2416.000,774.000,160.000,120.000,0,1.000000,38.980000,2.336317,10.902500
1780468634.324800,,,BOARD_2,2,0,2340.000,715.000,2500.000,831.000,160.000,116.000,2340.000,715.000,2500.000,831.000,160.000,116.000,2340.000,715.000,2500.000,831.000,2420.000,773.000,160.000,116.000,0,1.000000,38.980000,2.354546,10.907083
1780468634.324800,,,BOARD_2,2,1,2339.000,712.000,2499.000,828.000,160.000,116.000,2339.000,712.000,2499.000,828.000,160.000,116.000,2339.000,712.000,2499.000,828.000,2419.000,770.000,160.000,116.000,0,1.000000,38.980000,2.349989,10.920833
1780468634.557642,,,BOARD_2,2,0,2339.000,710.000,2499.000,826.000,160.000,116.000,2339.000,710.000,2499.000,826.000,160.000,116.000,2339.000,710.000,2499.000,826.000,2419.000,768.000,160.000,116.000,0,1.000000,38.980000,2.349989,10.930000
1780468634.870574,,,BOARD_2,2,0,2364.000,716.000,2524.000,836.000,160.000,120.000,2364.000,716.000,2524.000,836.000,160.000,120.000,2364.000,716.000,2524.000,836.000,2444.000,776.000,160.000,120.000,0,1.000000,38.980000,2.463921,10.893333
1780468634.870574,,,BOARD_2,2,1,2368.000,715.000,2528.000,835.000,160.000,120.000,2368.000,715.000,2528.000,835.000,160.000,120.000,2368.000,715.000,2528.000,835.000,2448.000,775.000,160.000,120.000,0,1.000000,38.980000,2.482150,10.897917
1780468635.532354,,,BOARD_2,2,0,2373.000,710.000,2533.000,840.000,160.000,130.000,2373.000,710.000,2533.000,840.000,160.000,130.000,2373.000,710.000,2533.000,840.000,2453.000,775.000,160.000,130.000,0,1.000000,38.980000,2.504936,10.897917
1780468635.532354,,,BOARD_2,4,1,1171.000,1531.000,1207.000,1567.000,36.000,36.000,1171.000,1531.000,1207.000,1567.000,36.000,36.000,1171.000,1531.000,1207.000,1567.000,1189.000,1549.000,36.000,36.000,0,1.000000,173.260000,339.038920,7.350417
1780468635.532354,,,BOARD_2,2,2,2260.000,644.000,2724.000,1004.000,464.000,360.000,2260.000,644.000,2724.000,1004.000,464.000,360.000,2260.000,644.000,2724.000,1004.000,2492.000,824.000,464.000,360.000,0,1.000000,13.440000,2.682671,10.673333
1780468635.776803,,,BOARD_2,2,0,2283.000,671.000,2747.000,1031.000,464.000,360.000,2283.000,671.000,2747.000,1031.000,464.000,360.000,2283.000,671.000,2747.000,1031.000,2515.000,851.000,464.000,360.000,0,1.000000,13.440000,2.787489,10.549583
1780468636.340319,,,BOARD_2,4,0,1175.000,1563.000,1211.000,1599.000,36.000,36.000,1175.000,1563.000,1211.000,1599.000,36.000,36.000,1175.000,1563.000,1211.000,1599.000,1193.000,1581.000,36.000,36.000,0,1.000000,173.260000,339.057149,7.203750
1780468637.594268,,,BOARD_2,2,0,2376.000,697.000,2536.000,820.000,160.000,123.000,2376.000,697.000,2536.000,820.000,160.000,123.000,2376.000,697.000,2536.000,820.000,2456.000,758.500,160.000,123.000,0,1.000000,38.980000,2.518608,10.973542
1780468637.888938,,,BOARD_2,2,0,2262.000,596.000,2726.000,956.000,464.000,360.000,2262.000,596.000,2726.000,956.000,464.000,360.000,2262.000,596.000,2726.000,956.000,2494.000,776.000,464.000,360.000,0,1.000000,13.440000,2.691785,10.893333
1780468638.757820,,,BOARD_2,2,0,2272.000,627.000,2736.000,987.000,464.000,360.000,2272.000,627.000,2736.000,987.000,464.000,360.000,2272.000,627.000,2736.000,987.000,2504.000,807.000,464.000,360.000,0,1.000000,13.440000,2.737358,10.751250
1780468638.979531,,,BOARD_2,2,0,2284.000,638.000,2748.000,998.000,464.000,360.000,2284.000,638.000,2748.000,998.000,464.000,360.000,2284.000,638.000,2748.000,998.000,2516.000,818.000,464.000,360.000,0,1.000000,13.440000,2.792046,10.700833
1780468639.547262,,,BOARD_2,2,0,2403.000,696.000,2563.000,816.000,160.000,120.000,2403.000,696.000,2563.000,816.000,160.000,120.000,2403.000,696.000,2563.000,816.000,2483.000,756.000,160.000,120.000,0,1.000000,38.980000,2.641655,10.985000
1780468640.267065,,,BOARD_2,2,0,2397.000,719.000,2557.000,835.000,160.000,116.000,2397.000,719.000,2557.000,835.000,160.000,116.000,2397.000,719.000,2557.000,835.000,2477.000,777.000,160.000,116.000,0,1.000000,38.980000,2.614311,10.888750
1780468640.828069,,,BOARD_2,2,0,2374.000,731.000,2534.000,847.000,160.000,116.000,2374.000,731.000,2534.000,847.000,160.000,116.000,2374.000,731.000,2534.000,847.000,2454.000,789.000,160.000,116.000,0,1.000000,38.980000,2.509494,10.833750
1780468641.449002,,,BOARD_2,2,0,2362.000,728.000,2522.000,855.000,160.000,127.000,2362.000,728.000,2522.000,855.000,160.000,127.000,2362.000,728.000,2522.000,855.000,2442.000,791.500,160.000,127.000,0,1.000000,38.980000,2.454806,10.822292
1780468641.449002,,,BOARD_3,4,1,1882.000,126.000,2013.000,217.000,131.000,91.000,1882.000,126.000,2013.000,217.000,131.000,91.000,1882.000,126.000,2013.000,217.000,1947.500,171.500,131.000,91.000,0,1.000000,47.610000,322.878426,23.163958
1780468641.449002,,,BOARD_2,2,2,2358.000,730.000,2518.000,857.000,160.000,127.000,2358.000,730.000,2518.000,857.000,160.000,127.000,2358.000,730.000,2518.000,857.000,2438.000,793.500,160.000,127.000,0,1.000000,38.980000,2.436577,10.813125
1780468641.784390,,,BOARD_3,4,0,1883.000,142.000,2014.000,233.000,131.000,91.000,1883.000,142.000,2014.000,233.000,131.000,91.000,1883.000,142.000,2014.000,233.000,1948.500,187.500,131.000,91.000,0,1.000000,47.610000,322.882983,23.090625
1780468641.784390,,,BOARD_2,2,1,2362.000,745.000,2522.000,861.000,160.000,116.000,2362.000,745.000,2522.000,861.000,160.000,116.000,2362.000,745.000,2522.000,861.000,2442.000,803.000,160.000,116.000,0,1.000000,38.980000,2.454806,10.769583
1780468642.061486,,,BOARD_2,2,0,2360.000,748.000,2520.000,864.000,160.000,116.000,2360.000,748.000,2520.000,864.000,160.000,116.000,2360.000,748.000,2520.000,864.000,2440.000,806.000,160.000,116.000,0,1.000000,38.980000,2.445692,10.755833
1780468642.468260,,,BOARD_2,2,0,2359.000,747.000,2519.000,863.000,160.000,116.000,2359.000,747.000,2519.000,863.000,160.000,116.000,2359.000,747.000,2519.000,863.000,2439.000,805.000,160.000,116.000,0,1.000000,38.980000,2.441134,10.760417
1780468642.468260,,,BOARD_2,2,1,2358.000,749.000,2518.000,865.000,160.000,116.000,2358.000,749.000,2518.000,865.000,160.000,116.000,2358.000,749.000,2518.000,865.000,2438.000,807.000,160.000,116.000,0,1.000000,38.980000,2.436577,10.751250
1780468643.057916,,,BOARD_2,2,0,2358.000,750.000,2518.000,862.000,160.000,112.000,2358.000,750.000,2518.000,862.000,160.000,112.000,2358.000,750.000,2518.000,862.000,2438.000,806.000,160.000,112.000,0,1.000000,38.980000,2.436577,10.755833
1780468643.337204,,,BOARD_2,2,0,2357.000,751.000,2517.000,863.000,160.000,112.000,2357.000,751.000,2517.000,863.000,160.000,112.000,2357.000,751.000,2517.000,863.000,2437.000,807.000,160.000,112.000,0,1.000000,38.980000,2.432020,10.751250
1780468643.337204,,,BOARD_2,2,1,2356.000,752.000,2516.000,864.000,160.000,112.000,2356.000,752.000,2516.000,864.000,160.000,112.000,2356.000,752.000,2516.000,864.000,2436.000,808.000,160.000,112.000,0,1.000000,38.980000,2.427462,10.746667
1780468643.958771,,,BOARD_2,2,0,2222.000,674.000,2686.000,1034.000,464.000,360.000,2222.000,674.000,2686.000,1034.000,464.000,360.000,2222.000,674.000,2686.000,1034.000,2454.000,854.000,464.000,360.000,0,1.000000,13.440000,2.509494,10.535833
1780468643.958771,,,BOARD_2,2,1,2225.000,683.000,2689.000,1043.000,464.000,360.000,2225.000,683.000,2689.000,1043.000,464.000,360.000,2225.000,683.000,2689.000,1043.000,2457.000,863.000,464.000,360.000,0,1.000000,13.440000,2.523166,10.494583
1780468644.213609,,,BOARD_2,4,0,1136.000,1507.000,1172.000,1543.000,36.000,36.000,1136.000,1507.000,1172.000,1543.000,36.000,36.000,1136.000,1507.000,1172.000,1543.000,1154.000,1525.000,36.000,36.000,0,1.000000,173.260000,338.879415,7.460417
1780468646.648921,,,BOARD_6,1,0,2942.000,1679.000,2979.000,1715.000,37.000,36.000,2942.000,1679.000,2979.000,1715.000,37.000,36.000,2942.000,1679.000,2979.000,1715.000,2960.500,1697.000,37.000,36.000,0,1.000000,168.570000,26.512162,44.672083
1780468646.648921,,,BOARD_6,1,1,2945.000,1678.000,2984.000,1729.000,39.000,51.000,2945.000,1678.000,2984.000,1729.000,39.000,51.000,2945.000,1678.000,2984.000,1729.000,2964.500,1703.500,39.000,51.000,0,1.000000,159.930000,26.530391,44.642292
1780468646.913416,,,BOARD_6,1,0,2946.000,1680.000,2985.000,1731.000,39.000,51.000,2946.000,1680.000,2985.000,1731.000,39.000,51.000,2946.000,1680.000,2985.000,1731.000,2965.500,1705.500,39.000,51.000,0,1.000000,159.930000,26.534948,44.633125
1780468647.237981,,,BOARD_6,1,0,2947.000,1682.000,2986.000,1733.000,39.000,51.000,2947.000,1682.000,2986.000,1733.000,39.000,51.000,2947.000,1682.000,2986.000,1733.000,2966.500,1707.500,39.000,51.000,0,1.000000,159.930000,26.539506,44.623958
1780468650.215744,,,BOARD_6,2,0,918.000,1038.000,955.000,1074.000,37.000,36.000,918.000,1038.000,955.000,1074.000,37.000,36.000,918.000,1038.000,955.000,1074.000,936.500,1056.000,37.000,36.000,0,1.000000,168.570000,357.288204,47.610000
1780468650.425014,,,BOARD_6,2,0,917.000,1037.000,954.000,1073.000,37.000,36.000,917.000,1037.000,954.000,1073.000,37.000,36.000,917.000,1037.000,954.000,1073.000,935.500,1055.000,37.000,36.000,0,1.000000,168.570000,357.283646,47.614583
1780468650.425014,,,BOARD_2,1,1,671.000,343.000,907.000,819.000,236.000,476.000,671.000,343.000,907.000,819.000,236.000,476.000,671.000,343.000,907.000,819.000,789.000,581.000,236.000,476.000,0,1.000000,26.430000,10.405003,11.787083
1780468650.934631,,,BOARD_6,4,0,358.000,1258.000,514.000,1324.000,156.000,66.000,358.000,1258.000,514.000,1324.000,156.000,66.000,358.000,1258.000,514.000,1324.000,436.000,1291.000,156.000,66.000,0,1.000000,39.980000,315.007279,46.532917
1780468651.570456,,,BOARD_6,4,0,229.000,1229.000,265.000,1265.000,36.000,36.000,229.000,1229.000,265.000,1265.000,36.000,36.000,229.000,1229.000,265.000,1265.000,247.000,1247.000,36.000,36.000,0,1.000000,173.260000,314.145951,46.734583
1780468652.072855,,,BOARD_6,4,0,0.000,1182.000,48.000,1237.000,48.000,55.000,0.000,1182.000,48.000,1237.000,48.000,55.000,0.000,1182.000,48.000,1237.000,24.000,1209.500,48.000,55.000,0,1.000000,129.940000,313.129675,46.906458
1780468652.490259,,,BOARD_2,4,0,1181.000,1551.000,1217.000,1587.000,36.000,36.000,1181.000,1551.000,1217.000,1587.000,36.000,36.000,1181.000,1551.000,1217.000,1587.000,1199.000,1569.000,36.000,36.000,0,1.000000,173.260000,339.084493,7.258750
1780468660.305892,,,BOARD_6,0,0,3486.000,1759.000,3541.000,1803.000,55.000,44.000,3486.000,1759.000,3541.000,1803.000,55.000,44.000,3486.000,1759.000,3541.000,1803.000,3513.500,1781.000,55.000,44.000,0,1.000000,113.400000,49.032344,44.287083
1780468660.305892,,,BOARD_5,0,1,2880.000,577.000,2920.000,628.000,40.000,51.000,2880.000,577.000,2920.000,628.000,40.000,51.000,2880.000,577.000,2920.000,628.000,2900.000,602.500,40.000,51.000,0,1.000000,155.930000,42.006446,40.188542
1780468660.538170,,,BOARD_5,0,0,2882.000,579.000,2922.000,630.000,40.000,51.000,2882.000,579.000,2922.000,630.000,40.000,51.000,2882.000,579.000,2922.000,630.000,2902.000,604.500,40.000,51.000,0,1.000000,155.930000,42.015560,40.179375
1780468660.538170,,,BOARD_5,0,1,2884.000,581.000,2924.000,632.000,40.000,51.000,2884.000,581.000,2924.000,632.000,40.000,51.000,2884.000,581.000,2924.000,632.000,2904.000,606.500,40.000,51.000,0,1.000000,155.930000,42.024675,40.170208
1780468671.953430,,,BOARD_2,0,0,3187.000,290.000,3226.000,341.000,39.000,51.000,3187.000,290.000,3226.000,341.000,39.000,51.000,3187.000,290.000,3226.000,341.000,3206.500,315.500,39.000,51.000,0,1.000000,159.930000,40.171556,13.003958
1780468671.953430,,,BOARD_2,0,1,3189.000,298.000,3228.000,349.000,39.000,51.000,3189.000,298.000,3228.000,349.000,39.000,51.000,3189.000,298.000,3228.000,349.000,3208.500,323.500,39.000,51.000,0,1.000000,159.930000,40.180670,12.967292
1780468672.447073,,,BOARD_2,0,0,3184.000,283.000,3224.000,319.000,40.000,36.000,3184.000,283.000,3224.000,319.000,40.000,36.000,3184.000,283.000,3224.000,319.000,3204.000,301.000,40.000,36.000,0,1.000000,155.930000,40.160162,13.070417
1780468672.447073,,,BOARD_2,0,1,3184.000,283.000,3224.000,319.000,40.000,36.000,3184.000,283.000,3224.000,319.000,40.000,36.000,3184.000,283.000,3224.000,319.000,3204.000,301.000,40.000,36.000,0,1.000000,155.930000,40.160162,13.070417
1780468672.695747,,,BOARD_2,0,0,3185.000,282.000,3225.000,318.000,40.000,36.000,3185.000,282.000,3225.000,318.000,40.000,36.000,3185.000,282.000,3225.000,318.000,3205.000,300.000,40.000,36.000,0,1.000000,155.930000,40.164720,13.075000
1780468692.662008,,,BOARD_2,4,0,1177.000,1585.000,1213.000,1621.000,36.000,36.000,1177.000,1585.000,1213.000,1621.000,36.000,36.000,1177.000,1585.000,1213.000,1621.000,1195.000,1603.000,36.000,36.000,0,1.000000,173.260000,339.066264,7.102917
1780468693.408376,,,BOARD_2,4,0,1175.000,1559.000,1211.000,1595.000,36.000,36.000,1175.000,1559.000,1211.000,1595.000,36.000,36.000,1175.000,1559.000,1211.000,1595.000,1193.000,1577.000,36.000,36.000,0,1.000000,173.260000,339.057149,7.222083
1780468699.063941,,,BOARD_5,0,0,3337.000,264.000,3401.000,383.000,64.000,119.000,3337.000,264.000,3401.000,383.000,64.000,119.000,3337.000,264.000,3401.000,383.000,3369.000,323.500,64.000,119.000,0,1.000000,97.460000,44.143816,41.467292
1780468699.063941,,,BOARD_5,0,1,3344.000,266.000,3408.000,385.000,64.000,119.000,3344.000,266.000,3408.000,385.000,64.000,119.000,3344.000,266.000,3408.000,385.000,3376.000,325.500,64.000,119.000,0,1.000000,97.460000,44.175717,41.458125
1780468699.417140,,,BOARD_5,0,0,3350.000,268.000,3414.000,387.000,64.000,119.000,3350.000,268.000,3414.000,387.000,64.000,119.000,3350.000,268.000,3414.000,387.000,3382.000,327.500,64.000,119.000,0,1.000000,97.460000,44.203060,41.448958
1780468717.310072,,,BOARD_2,4,0,941.000,1429.000,977.000,1465.000,36.000,36.000,941.000,1429.000,977.000,1465.000,36.000,36.000,941.000,1429.000,977.000,1465.000,959.000,1447.000,36.000,36.000,0,1.000000,173.260000,337.990743,7.817917
1780468727.403894,,,BOARD_2,4,0,723.000,1699.000,759.000,1735.000,36.000,36.000,723.000,1699.000,759.000,1735.000,36.000,36.000,723.000,1699.000,759.000,1735.000,741.000,1717.000,36.000,36.000,0,1.000000,173.260000,336.997253,6.580417
1780468727.867705,,,BOARD_2,4,0,719.000,1723.000,755.000,1759.000,36.000,36.000,719.000,1723.000,755.000,1759.000,36.000,36.000,719.000,1723.000,755.000,1759.000,737.000,1741.000,36.000,36.000,0,1.000000,173.260000,336.979024,6.470417
1780468727.867705,,,BOARD_2,4,1,718.000,1730.000,754.000,1766.000,36.000,36.000,718.000,1730.000,754.000,1766.000,36.000,36.000,718.000,1730.000,754.000,1766.000,736.000,1748.000,36.000,36.000,0,1.000000,173.260000,336.974467,6.438333
1780468728.543810,,,BOARD_2,4,0,721.000,1699.000,757.000,1735.000,36.000,36.000,721.000,1699.000,757.000,1735.000,36.000,36.000,721.000,1699.000,757.000,1735.000,739.000,1717.000,36.000,36.000,0,1.000000,173.260000,336.988139,6.580417
1780468729.111133,,,BOARD_2,4,0,723.000,1777.000,759.000,1813.000,36.000,36.000,723.000,1777.000,759.000,1813.000,36.000,36.000,723.000,1777.000,759.000,1813.000,741.000,1795.000,36.000,36.000,0,1.000000,173.260000,336.997253,6.222917
1780468737.714092,,,BOARD_2,1,0,1527.000,1014.000,1591.000,1134.000,64.000,120.000,1527.000,1014.000,1591.000,1134.000,64.000,120.000,1527.000,1014.000,1591.000,1134.000,1559.000,1074.000,64.000,120.000,0,1.000000,97.460000,13.914118,9.527500
1780468737.714092,,,BOARD_2,1,1,1529.000,1015.000,1593.000,1135.000,64.000,120.000,1529.000,1015.000,1593.000,1135.000,64.000,120.000,1529.000,1015.000,1593.000,1135.000,1561.000,1075.000,64.000,120.000,0,1.000000,97.460000,13.923232,9.522917
1780468738.223804,,,BOARD_2,1,0,1521.000,1013.000,1585.000,1133.000,64.000,120.000,1521.000,1013.000,1585.000,1133.000,64.000,120.000,1521.000,1013.000,1585.000,1133.000,1553.000,1073.000,64.000,120.000,0,1.000000,97.460000,13.886774,9.532083
1780468739.452149,,,BOARD_5,0,0,1069.000,1742.000,1131.000,1797.000,62.000,55.000,1069.000,1742.000,1131.000,1797.000,62.000,55.000,1069.000,1742.000,1131.000,1797.000,1100.000,1769.500,62.000,55.000,0,1.000000,100.600000,33.803321,34.839792
1780468739.452149,,,BOARD_5,0,1,1069.000,1742.000,1131.000,1797.000,62.000,55.000,1069.000,1742.000,1131.000,1797.000,62.000,55.000,1069.000,1742.000,1131.000,1797.000,1100.000,1769.500,62.000,55.000,0,1.000000,100.600000,33.803321,34.839792
1780468739.681172,,,BOARD_5,0,0,1070.000,1742.000,1132.000,1797.000,62.000,55.000,1070.000,1742.000,1132.000,1797.000,62.000,55.000,1070.000,1742.000,1132.000,1797.000,1101.000,1769.500,62.000,55.000,0,1.000000,100.600000,33.807878,34.839792
1780468739.897899,,,BOARD_5,0,0,1069.000,1742.000,1131.000,1797.000,62.000,55.000,1069.000,1742.000,1131.000,1797.000,62.000,55.000,1069.000,1742.000,1131.000,1797.000,1100.000,1769.500,62.000,55.000,0,1.000000,100.600000,33.803321,34.839792
1780468739.897899,,,BOARD_5,0,1,1069.000,1742.000,1131.000,1797.000,62.000,55.000,1069.000,1742.000,1131.000,1797.000,62.000,55.000,1069.000,1742.000,1131.000,1797.000,1100.000,1769.500,62.000,55.000,0,1.000000,100.600000,33.803321,34.839792
1780468741.459800,,,BOARD_2,0,0,573.000,1220.000,612.000,1271.000,39.000,51.000,573.000,1220.000,612.000,1271.000,39.000,51.000,573.000,1220.000,612.000,1271.000,592.500,1245.500,39.000,51.000,0,1.000000,159.930000,28.258795,8.741458
1780468741.459800,,,BOARD_2,0,1,575.000,1222.000,614.000,1273.000,39.000,51.000,575.000,1222.000,614.000,1273.000,39.000,51.000,575.000,1222.000,614.000,1273.000,594.500,1247.500,39.000,51.000,0,1.000000,159.930000,28.267910,8.732292
1780468741.860907,,,BOARD_2,0,0,440.000,1236.000,476.000,1272.000,36.000,36.000,440.000,1236.000,476.000,1272.000,36.000,36.000,440.000,1236.000,476.000,1272.000,458.000,1254.000,36.000,36.000,0,1.000000,173.260000,27.645840,8.702500
1780468753.025743,,,BOARD_3,3,0,324.000,1744.000,572.000,1924.000,248.000,180.000,324.000,1744.000,572.000,1924.000,248.000,180.000,324.000,1744.000,572.000,1924.000,448.000,1834.000,248.000,180.000,0,1.000000,25.150000,333.208967,15.544167
1780468753.025743,,,BOARD_3,3,1,326.000,1745.000,574.000,1925.000,248.000,180.000,326.000,1745.000,574.000,1925.000,248.000,180.000,326.000,1745.000,574.000,1925.000,450.000,1835.000,248.000,180.000,0,1.000000,25.150000,333.218081,15.539583
1780468753.914536,,,BOARD_2,0,0,2519.000,1832.000,2558.000,1883.000,39.000,51.000,2519.000,1832.000,2558.000,1883.000,39.000,51.000,2519.000,1832.000,2558.000,1883.000,2538.500,1857.500,39.000,51.000,0,1.000000,159.930000,37.127285,5.936458
1780468754.186758,,,BOARD_2,0,0,2516.000,1828.000,2552.000,1864.000,36.000,36.000,2516.000,1828.000,2552.000,1864.000,36.000,36.000,2516.000,1828.000,2552.000,1864.000,2534.000,1846.000,36.000,36.000,0,1.000000,173.260000,37.106777,5.989167
1780468754.186758,,,BOARD_2,0,1,2514.000,1823.000,2550.000,1859.000,36.000,36.000,2514.000,1823.000,2550.000,1859.000,36.000,36.000,2514.000,1823.000,2550.000,1859.000,2532.000,1841.000,36.000,36.000,0,1.000000,173.260000,37.097662,6.012083
1780468754.441726,,,BOARD_2,0,0,2512.000,1818.000,2548.000,1854.000,36.000,36.000,2512.000,1818.000,2548.000,1854.000,36.000,36.000,2512.000,1818.000,2548.000,1854.000,2530.000,1836.000,36.000,36.000,0,1.000000,173.260000,37.088548,6.035000
1780468771.346820,,,BOARD_3,0,0,3208.000,194.000,3247.000,245.000,39.000,51.000,3208.000,194.000,3247.000,245.000,39.000,51.000,3208.000,194.000,3247.000,245.000,3227.500,219.500,39.000,51.000,0,1.000000,159.930000,37.945659,22.943958
1780468771.346820,,,BOARD_3,0,1,3210.000,224.000,3249.000,275.000,39.000,51.000,3210.000,224.000,3249.000,275.000,39.000,51.000,3210.000,224.000,3249.000,275.000,3229.500,249.500,39.000,51.000,0,1.000000,159.930000,37.954773,22.806458
1780468771.672028,,,BOARD_3,0,0,3206.000,147.000,3242.000,183.000,36.000,36.000,3206.000,147.000,3242.000,183.000,36.000,36.000,3206.000,147.000,3242.000,183.000,3224.000,165.000,36.000,36.000,0,1.000000,173.260000,37.929708,23.193750
1780468777.164848,,,BOARD_3,4,0,2174.000,441.000,2213.000,492.000,39.000,51.000,2174.000,441.000,2213.000,492.000,39.000,51.000,2174.000,441.000,2213.000,492.000,2193.500,466.500,39.000,51.000,0,1.000000,159.930000,323.999519,21.811875
1780468777.508615,,,BOARD_3,4,0,2164.000,444.000,2200.000,480.000,36.000,36.000,2164.000,444.000,2200.000,480.000,36.000,36.000,2164.000,444.000,2200.000,480.000,2182.000,462.000,36.000,36.000,0,1.000000,173.260000,323.947110,21.832500
1780468777.508615,,,BOARD_3,4,1,2146.000,432.000,2182.000,468.000,36.000,36.000,2146.000,432.000,2182.000,468.000,36.000,36.000,2146.000,432.000,2182.000,468.000,2164.000,450.000,36.000,36.000,0,1.000000,173.260000,323.865079,21.887500
1780468777.921406,,,BOARD_3,4,0,2165.000,445.000,2201.000,481.000,36.000,36.000,2165.000,445.000,2201.000,481.000,36.000,36.000,2165.000,445.000,2201.000,481.000,2183.000,463.000,36.000,36.000,0,1.000000,173.260000,323.951668,21.827917
1780468792.634855,,,BOARD_3,2,0,743.000,158.000,991.000,338.000,248.000,180.000,743.000,158.000,991.000,338.000,248.000,180.000,743.000,158.000,991.000,338.000,867.000,248.000,248.000,180.000,0,1.000000,25.150000,356.171472,22.813333
1780468813.991935,,,BOARD_2,2,0,1674.000,286.000,1922.000,466.000,248.000,180.000,1674.000,286.000,1922.000,466.000,248.000,180.000,1674.000,286.000,1922.000,466.000,1798.000,376.000,248.000,180.000,0,1.000000,25.150000,359.519910,12.726667
1780468813.991935,,,BOARD_2,2,1,1761.000,327.000,2009.000,507.000,248.000,180.000,1761.000,327.000,2009.000,507.000,248.000,180.000,1761.000,327.000,2009.000,507.000,1885.000,417.000,248.000,180.000,0,1.000000,25.150000,359.916395,12.538750
1780468821.012259,,,BOARD_6,3,0,1184.000,599.000,1316.000,690.000,132.000,91.000,1184.000,599.000,1316.000,690.000,132.000,91.000,1184.000,599.000,1316.000,690.000,1250.000,644.500,132.000,91.000,0,1.000000,47.250000,338.716915,49.496042
1780468821.012259,,,BOARD_6,3,1,1185.000,601.000,1317.000,692.000,132.000,91.000,1185.000,601.000,1317.000,692.000,132.000,91.000,1185.000,601.000,1317.000,692.000,1251.000,646.500,132.000,91.000,0,1.000000,47.250000,338.721472,49.486875
1780468845.670500,,,BOARD_3,0,0,2486.000,1496.000,2541.000,1544.000,55.000,48.000,2486.000,1496.000,2541.000,1544.000,55.000,48.000,2486.000,1496.000,2541.000,1544.000,2513.500,1520.000,55.000,48.000,0,1.000000,113.400000,34.691753,16.983333
1780468845.670500,,,BOARD_3,0,1,2503.000,1493.000,2543.000,1544.000,40.000,51.000,2503.000,1493.000,2543.000,1544.000,40.000,51.000,2503.000,1493.000,2543.000,1544.000,2523.000,1518.500,40.000,51.000,0,1.000000,155.930000,34.735047,16.990208
1780468845.670500,,,BOARD_3,0,2,2508.000,1492.000,2548.000,1543.000,40.000,51.000,2508.000,1492.000,2548.000,1543.000,40.000,51.000,2508.000,1492.000,2548.000,1543.000,2528.000,1517.500,40.000,51.000,0,1.000000,155.930000,34.757833,16.994792
1780468845.987229,,,BOARD_3,0,0,2513.000,1491.000,2553.000,1542.000,40.000,51.000,2513.000,1491.000,2553.000,1542.000,40.000,51.000,2513.000,1491.000,2553.000,1542.000,2533.000,1516.500,40.000,51.000,0,1.000000,155.930000,34.780620,16.999375
1780468846.532213,,,BOARD_2,1,0,2286.000,1832.000,2326.000,1883.000,40.000,51.000,2286.000,1832.000,2326.000,1883.000,40.000,51.000,2286.000,1832.000,2326.000,1883.000,2306.000,1857.500,40.000,51.000,0,1.000000,155.930000,17.318415,5.936458
1780468846.532213,,,BOARD_2,1,1,2288.000,1839.000,2328.000,1890.000,40.000,51.000,2288.000,1839.000,2328.000,1890.000,40.000,51.000,2288.000,1839.000,2328.000,1890.000,2308.000,1864.500,40.000,51.000,0,1.000000,155.930000,17.327529,5.904375
1780468846.914753,,,BOARD_2,1,0,2282.000,1826.000,2322.000,1863.000,40.000,37.000,2282.000,1826.000,2322.000,1863.000,40.000,37.000,2282.000,1826.000,2322.000,1863.000,2302.000,1844.500,40.000,37.000,0,1.000000,155.930000,17.300185,5.996042
1780468846.914753,,,BOARD_2,1,1,2282.000,1826.000,2322.000,1863.000,40.000,37.000,2282.000,1826.000,2322.000,1863.000,40.000,37.000,2282.000,1826.000,2322.000,1863.000,2302.000,1844.500,40.000,37.000,0,1.000000,155.930000,17.300185,5.996042
1780468847.155769,,,BOARD_2,1,0,2282.000,1825.000,2322.000,1862.000,40.000,37.000,2282.000,1825.000,2322.000,1862.000,40.000,37.000,2282.000,1825.000,2322.000,1862.000,2302.000,1843.500,40.000,37.000,0,1.000000,155.930000,17.300185,6.000625
1780468864.742023,,,BOARD_3,2,0,224.000,556.000,263.000,607.000,39.000,51.000,224.000,556.000,263.000,607.000,39.000,51.000,224.000,556.000,263.000,607.000,243.500,581.500,39.000,51.000,0,1.000000,159.930000,353.330001,21.284792
1780468864.742023,,,BOARD_3,2,1,251.000,558.000,290.000,609.000,39.000,51.000,251.000,558.000,290.000,609.000,39.000,51.000,251.000,558.000,290.000,609.000,270.500,583.500,39.000,51.000,0,1.000000,159.930000,353.453047,21.275625
1780468885.820175,,,BOARD_3,4,0,3482.000,1029.000,3518.000,1065.000,36.000,36.000,3482.000,1029.000,3518.000,1065.000,36.000,36.000,3482.000,1029.000,3518.000,1065.000,3500.000,1047.000,36.000,36.000,0,1.000000,173.260000,329.953621,19.151250
1780468921.775084,,,BOARD_2,0,0,1506.000,1427.000,1543.000,1463.000,37.000,36.000,1506.000,1427.000,1543.000,1463.000,37.000,36.000,1506.000,1427.000,1543.000,1463.000,1524.500,1445.000,37.000,36.000,0,1.000000,168.570000,32.506191,7.827083
1780468940.143225,,,BOARD_2,4,0,1073.000,1493.000,1109.000,1529.000,36.000,36.000,1073.000,1493.000,1109.000,1529.000,36.000,36.000,1073.000,1493.000,1109.000,1529.000,1091.000,1511.000,36.000,36.000,0,1.000000,173.260000,338.592305,7.524583
1780468942.657395,,,BOARD_2,4,0,1173.000,1577.000,1209.000,1613.000,36.000,36.000,1173.000,1577.000,1209.000,1613.000,36.000,36.000,1173.000,1577.000,1209.000,1613.000,1191.000,1595.000,36.000,36.000,0,1.000000,173.260000,339.048034,7.139583
1780468956.345477,,,BOARD_3,3,0,1701.000,916.000,1949.000,1096.000,248.000,180.000,1701.000,916.000,1949.000,1096.000,248.000,180.000,1701.000,916.000,1949.000,1096.000,1825.000,1006.000,248.000,180.000,0,1.000000,25.150000,339.484357,19.339167
1780468956.345477,,,BOARD_3,3,1,1704.000,918.000,1952.000,1098.000,248.000,180.000,1704.000,918.000,1952.000,1098.000,248.000,180.000,1704.000,918.000,1952.000,1098.000,1828.000,1008.000,248.000,180.000,0,1.000000,25.150000,339.498029,19.330000
1780468970.134518,,,BOARD_6,3,0,987.000,475.000,1026.000,526.000,39.000,51.000,987.000,475.000,1026.000,526.000,39.000,51.000,987.000,475.000,1026.000,526.000,1006.500,500.500,39.000,51.000,0,1.000000,159.930000,337.607214,50.156042
1780468970.663545,,,BOARD_6,3,0,981.000,476.000,1017.000,512.000,36.000,36.000,981.000,476.000,1017.000,512.000,36.000,36.000,981.000,476.000,1017.000,512.000,999.000,494.000,36.000,36.000,0,1.000000,173.260000,337.573034,50.185833
1780468971.144197,,,BOARD_6,3,0,981.000,477.000,1017.000,513.000,36.000,36.000,981.000,477.000,1017.000,513.000,36.000,36.000,981.000,477.000,1017.000,513.000,999.000,495.000,36.000,36.000,0,1.000000,173.260000,337.573034,50.181250
1780468971.144197,,,BOARD_6,3,1,980.000,477.000,1016.000,513.000,36.000,36.000,980.000,477.000,1016.000,513.000,36.000,36.000,980.000,477.000,1016.000,513.000,998.000,495.000,36.000,36.000,0,1.000000,173.260000,337.568477,50.181250
1780468971.657804,,,BOARD_6,3,0,980.000,478.000,1016.000,514.000,36.000,36.000,980.000,478.000,1016.000,514.000,36.000,36.000,980.000,478.000,1016.000,514.000,998.000,496.000,36.000,36.000,0,1.000000,173.260000,337.568477,50.176667
1780468971.657804,,,BOARD_6,3,1,980.000,478.000,1016.000,514.000,36.000,36.000,980.000,478.000,1016.000,514.000,36.000,36.000,980.000,478.000,1016.000,514.000,998.000,496.000,36.000,36.000,0,1.000000,173.260000,337.568477,50.176667
1780468972.270617,,,BOARD_6,3,0,982.000,477.000,1018.000,513.000,36.000,36.000,982.000,477.000,1018.000,513.000,36.000,36.000,982.000,477.000,1018.000,513.000,1000.000,495.000,36.000,36.000,0,1.000000,173.260000,337.577592,50.181250
1780468972.270617,,,BOARD_6,3,1,982.000,477.000,1018.000,513.000,36.000,36.000,982.000,477.000,1018.000,513.000,36.000,36.000,982.000,477.000,1018.000,513.000,1000.000,495.000,36.000,36.000,0,1.000000,173.260000,337.577592,50.181250
1780468972.802137,,,BOARD_6,3,0,981.000,476.000,1017.000,512.000,36.000,36.000,981.000,476.000,1017.000,512.000,36.000,36.000,981.000,476.000,1017.000,512.000,999.000,494.000,36.000,36.000,0,1.000000,173.260000,337.573034,50.185833
1780468972.802137,,,BOARD_6,3,1,981.000,476.000,1017.000,512.000,36.000,36.000,981.000,476.000,1017.000,512.000,36.000,36.000,981.000,476.000,1017.000,512.000,999.000,494.000,36.000,36.000,0,1.000000,173.260000,337.573034,50.185833
1780468973.444221,,,BOARD_6,3,0,981.000,478.000,1017.000,514.000,36.000,36.000,981.000,478.000,1017.000,514.000,36.000,36.000,981.000,478.000,1017.000,514.000,999.000,496.000,36.000,36.000,0,1.000000,173.260000,337.573034,50.176667
1780468973.444221,,,BOARD_6,3,1,981.000,478.000,1017.000,514.000,36.000,36.000,981.000,478.000,1017.000,514.000,36.000,36.000,981.000,478.000,1017.000,514.000,999.000,496.000,36.000,36.000,0,1.000000,173.260000,337.573034,50.176667
1780468974.569412,,,BOARD_6,3,0,981.000,478.000,1017.000,514.000,36.000,36.000,981.000,478.000,1017.000,514.000,36.000,36.000,981.000,478.000,1017.000,514.000,999.000,496.000,36.000,36.000,0,1.000000,173.260000,337.573034,50.176667
1780468975.145968,,,BOARD_6,3,0,980.000,477.000,1016.000,513.000,36.000,36.000,980.000,477.000,1016.000,513.000,36.000,36.000,980.000,477.000,1016.000,513.000,998.000,495.000,36.000,36.000,0,1.000000,173.260000,337.568477,50.181250
1780468975.747834,,,BOARD_6,3,0,981.000,476.000,1017.000,512.000,36.000,36.000,981.000,476.000,1017.000,512.000,36.000,36.000,981.000,476.000,1017.000,512.000,999.000,494.000,36.000,36.000,0,1.000000,173.260000,337.573034,50.185833
1780468975.747834,,,BOARD_6,3,1,981.000,476.000,1017.000,512.000,36.000,36.000,981.000,476.000,1017.000,512.000,36.000,36.000,981.000,476.000,1017.000,512.000,999.000,494.000,36.000,36.000,0,1.000000,173.260000,337.573034,50.185833
1780468976.371450,,,BOARD_6,3,0,981.000,478.000,1017.000,514.000,36.000,36.000,981.000,478.000,1017.000,514.000,36.000,36.000,981.000,478.000,1017.000,514.000,999.000,496.000,36.000,36.000,0,1.000000,173.260000,337.573034,50.176667
1780468976.371450,,,BOARD_6,3,1,981.000,478.000,1017.000,514.000,36.000,36.000,981.000,478.000,1017.000,514.000,36.000,36.000,981.000,478.000,1017.000,514.000,999.000,496.000,36.000,36.000,0,1.000000,173.260000,337.573034,50.176667
1780468976.960723,,,BOARD_6,3,0,982.000,476.000,1018.000,512.000,36.000,36.000,982.000,476.000,1018.000,512.000,36.000,36.000,982.000,476.000,1018.000,512.000,1000.000,494.000,36.000,36.000,0,1.000000,173.260000,337.577592,50.185833
1780468976.960723,,,BOARD_6,3,1,982.000,476.000,1018.000,512.000,36.000,36.000,982.000,476.000,1018.000,512.000,36.000,36.000,982.000,476.000,1018.000,512.000,1000.000,494.000,36.000,36.000,0,1.000000,173.260000,337.577592,50.185833
1780468977.595128,,,BOARD_6,3,0,981.000,477.000,1017.000,513.000,36.000,36.000,981.000,477.000,1017.000,513.000,36.000,36.000,981.000,477.000,1017.000,513.000,999.000,495.000,36.000,36.000,0,1.000000,173.260000,337.573034,50.181250
1780468977.595128,,,BOARD_6,3,1,981.000,477.000,1017.000,513.000,36.000,36.000,981.000,477.000,1017.000,513.000,36.000,36.000,981.000,477.000,1017.000,513.000,999.000,495.000,36.000,36.000,0,1.000000,173.260000,337.573034,50.181250
1780468978.180910,,,BOARD_6,3,0,982.000,476.000,1018.000,512.000,36.000,36.000,982.000,476.000,1018.000,512.000,36.000,36.000,982.000,476.000,1018.000,512.000,1000.000,494.000,36.000,36.000,0,1.000000,173.260000,337.577592,50.185833
1780468978.180910,,,BOARD_6,3,1,982.000,476.000,1018.000,512.000,36.000,36.000,982.000,476.000,1018.000,512.000,36.000,36.000,982.000,476.000,1018.000,512.000,1000.000,494.000,36.000,36.000,0,1.000000,173.260000,337.577592,50.185833
1780468978.909881,,,BOARD_6,3,0,980.000,478.000,1016.000,514.000,36.000,36.000,980.000,478.000,1016.000,514.000,36.000,36.000,980.000,478.000,1016.000,514.000,998.000,496.000,36.000,36.000,0,1.000000,173.260000,337.568477,50.176667
1780468979.234999,,,BOARD_6,3,0,980.000,478.000,1016.000,514.000,36.000,36.000,980.000,478.000,1016.000,514.000,36.000,36.000,980.000,478.000,1016.000,514.000,998.000,496.000,36.000,36.000,0,1.000000,173.260000,337.568477,50.176667
1780468979.718689,,,BOARD_6,3,0,982.000,476.000,1018.000,512.000,36.000,36.000,982.000,476.000,1018.000,512.000,36.000,36.000,982.000,476.000,1018.000,512.000,1000.000,494.000,36.000,36.000,0,1.000000,173.260000,337.577592,50.185833
1780468979.718689,,,BOARD_6,3,1,982.000,476.000,1018.000,512.000,36.000,36.000,982.000,476.000,1018.000,512.000,36.000,36.000,982.000,476.000,1018.000,512.000,1000.000,494.000,36.000,36.000,0,1.000000,173.260000,337.577592,50.185833
1780468980.305782,,,BOARD_6,3,0,981.000,477.000,1017.000,513.000,36.000,36.000,981.000,477.000,1017.000,513.000,36.000,36.000,981.000,477.000,1017.000,513.000,999.000,495.000,36.000,36.000,0,1.000000,173.260000,337.573034,50.181250
1780468980.522129,,,BOARD_6,3,0,981.000,477.000,1017.000,513.000,36.000,36.000,981.000,477.000,1017.000,513.000,36.000,36.000,981.000,477.000,1017.000,513.000,999.000,495.000,36.000,36.000,0,1.000000,173.260000,337.573034,50.181250
1780468980.862322,,,BOARD_6,3,0,981.000,476.000,1017.000,512.000,36.000,36.000,981.000,476.000,1017.000,512.000,36.000,36.000,981.000,476.000,1017.000,512.000,999.000,494.000,36.000,36.000,0,1.000000,173.260000,337.573034,50.185833
1780468980.862322,,,BOARD_6,3,1,981.000,476.000,1017.000,512.000,36.000,36.000,981.000,476.000,1017.000,512.000,36.000,36.000,981.000,476.000,1017.000,512.000,999.000,494.000,36.000,36.000,0,1.000000,173.260000,337.573034,50.185833
1780468981.398811,,,BOARD_6,3,0,982.000,477.000,1018.000,513.000,36.000,36.000,982.000,477.000,1018.000,513.000,36.000,36.000,982.000,477.000,1018.000,513.000,1000.000,495.000,36.000,36.000,0,1.000000,173.260000,337.577592,50.181250
1780468981.398811,,,BOARD_6,3,1,982.000,477.000,1018.000,513.000,36.000,36.000,982.000,477.000,1018.000,513.000,36.000,36.000,982.000,477.000,1018.000,513.000,1000.000,495.000,36.000,36.000,0,1.000000,173.260000,337.577592,50.181250
1780468982.908457,,,BOARD_6,3,0,981.000,478.000,1017.000,514.000,36.000,36.000,981.000,478.000,1017.000,514.000,36.000,36.000,981.000,478.000,1017.000,514.000,999.000,496.000,36.000,36.000,0,1.000000,173.260000,337.573034,50.176667
1780468983.455920,,,BOARD_6,3,0,981.000,477.000,1017.000,513.000,36.000,36.000,981.000,477.000,1017.000,513.000,36.000,36.000,981.000,477.000,1017.000,513.000,999.000,495.000,36.000,36.000,0,1.000000,173.260000,337.573034,50.181250
1780468983.973487,,,BOARD_6,3,0,982.000,477.000,1018.000,513.000,36.000,36.000,982.000,477.000,1018.000,513.000,36.000,36.000,982.000,477.000,1018.000,513.000,1000.000,495.000,36.000,36.000,0,1.000000,173.260000,337.577592,50.181250
1780468983.973487,,,BOARD_6,3,1,982.000,477.000,1018.000,513.000,36.000,36.000,982.000,477.000,1018.000,513.000,36.000,36.000,982.000,477.000,1018.000,513.000,1000.000,495.000,36.000,36.000,0,1.000000,173.260000,337.577592,50.181250
1780468984.585907,,,BOARD_6,3,0,981.000,478.000,1017.000,514.000,36.000,36.000,981.000,478.000,1017.000,514.000,36.000,36.000,981.000,478.000,1017.000,514.000,999.000,496.000,36.000,36.000,0,1.000000,173.260000,337.573034,50.176667
1780468984.585907,,,BOARD_6,3,1,981.000,478.000,1017.000,514.000,36.000,36.000,981.000,478.000,1017.000,514.000,36.000,36.000,981.000,478.000,1017.000,514.000,999.000,496.000,36.000,36.000,0,1.000000,173.260000,337.573034,50.176667
1780468985.101737,,,BOARD_6,3,0,983.000,476.000,1019.000,512.000,36.000,36.000,983.000,476.000,1019.000,512.000,36.000,36.000,983.000,476.000,1019.000,512.000,1001.000,494.000,36.000,36.000,0,1.000000,173.260000,337.582149,50.185833
1780468985.101737,,,BOARD_6,3,1,983.000,476.000,1019.000,512.000,36.000,36.000,983.000,476.000,1019.000,512.000,36.000,36.000,983.000,476.000,1019.000,512.000,1001.000,494.000,36.000,36.000,0,1.000000,173.260000,337.582149,50.185833
1780468985.730804,,,BOARD_6,3,0,983.000,478.000,1019.000,514.000,36.000,36.000,983.000,478.000,1019.000,514.000,36.000,36.000,983.000,478.000,1019.000,514.000,1001.000,496.000,36.000,36.000,0,1.000000,173.260000,337.582149,50.176667
1780468985.730804,,,BOARD_6,3,1,983.000,478.000,1019.000,514.000,36.000,36.000,983.000,478.000,1019.000,514.000,36.000,36.000,983.000,478.000,1019.000,514.000,1001.000,496.000,36.000,36.000,0,1.000000,173.260000,337.582149,50.176667
1780468986.250640,,,BOARD_6,3,0,982.000,478.000,1018.000,514.000,36.000,36.000,982.000,478.000,1018.000,514.000,36.000,36.000,982.000,478.000,1018.000,514.000,1000.000,496.000,36.000,36.000,0,1.000000,173.260000,337.577592,50.176667
1780468986.250640,,,BOARD_6,3,1,982.000,478.000,1018.000,514.000,36.000,36.000,982.000,478.000,1018.000,514.000,36.000,36.000,982.000,478.000,1018.000,514.000,1000.000,496.000,36.000,36.000,0,1.000000,173.260000,337.577592,50.176667
1780468986.802333,,,BOARD_6,3,0,983.000,476.000,1019.000,512.000,36.000,36.000,983.000,476.000,1019.000,512.000,36.000,36.000,983.000,476.000,1019.000,512.000,1001.000,494.000,36.000,36.000,0,1.000000,173.260000,337.582149,50.185833
1780468986.802333,,,BOARD_6,3,1,983.000,476.000,1019.000,512.000,36.000,36.000,983.000,476.000,1019.000,512.000,36.000,36.000,983.000,476.000,1019.000,512.000,1001.000,494.000,36.000,36.000,0,1.000000,173.260000,337.582149,50.185833
1780468987.398562,,,BOARD_6,3,0,982.000,476.000,1018.000,512.000,36.000,36.000,982.000,476.000,1018.000,512.000,36.000,36.000,982.000,476.000,1018.000,512.000,1000.000,494.000,36.000,36.000,0,1.000000,173.260000,337.577592,50.185833
1780468987.398562,,,BOARD_6,3,1,982.000,476.000,1018.000,512.000,36.000,36.000,982.000,476.000,1018.000,512.000,36.000,36.000,982.000,476.000,1018.000,512.000,1000.000,494.000,36.000,36.000,0,1.000000,173.260000,337.577592,50.185833
1780468988.020291,,,BOARD_6,3,0,980.000,477.000,1016.000,513.000,36.000,36.000,980.000,477.000,1016.000,513.000,36.000,36.000,980.000,477.000,1016.000,513.000,998.000,495.000,36.000,36.000,0,1.000000,173.260000,337.568477,50.181250
1780468988.020291,,,BOARD_6,3,1,980.000,477.000,1016.000,513.000,36.000,36.000,980.000,477.000,1016.000,513.000,36.000,36.000,980.000,477.000,1016.000,513.000,998.000,495.000,36.000,36.000,0,1.000000,173.260000,337.568477,50.181250
1780468989.206293,,,BOARD_6,3,0,982.000,477.000,1018.000,513.000,36.000,36.000,982.000,477.000,1018.000,513.000,36.000,36.000,982.000,477.000,1018.000,513.000,1000.000,495.000,36.000,36.000,0,1.000000,173.260000,337.577592,50.181250
1780468989.850309,,,BOARD_6,3,0,980.000,477.000,1016.000,513.000,36.000,36.000,980.000,477.000,1016.000,513.000,36.000,36.000,980.000,477.000,1016.000,513.000,998.000,495.000,36.000,36.000,0,1.000000,173.260000,337.568477,50.181250
1780468990.435205,,,BOARD_6,3,0,982.000,476.000,1018.000,512.000,36.000,36.000,982.000,476.000,1018.000,512.000,36.000,36.000,982.000,476.000,1018.000,512.000,1000.000,494.000,36.000,36.000,0,1.000000,173.260000,337.577592,50.185833
1780468990.679574,,,BOARD_6,3,0,982.000,476.000,1018.000,512.000,36.000,36.000,982.000,476.000,1018.000,512.000,36.000,36.000,982.000,476.000,1018.000,512.000,1000.000,494.000,36.000,36.000,0,1.000000,173.260000,337.577592,50.185833
1780468991.195573,,,BOARD_6,3,0,980.000,477.000,1016.000,513.000,36.000,36.000,980.000,477.000,1016.000,513.000,36.000,36.000,980.000,477.000,1016.000,513.000,998.000,495.000,36.000,36.000,0,1.000000,173.260000,337.568477,50.181250
1780468991.476341,,,BOARD_6,3,0,980.000,477.000,1016.000,513.000,36.000,36.000,980.000,477.000,1016.000,513.000,36.000,36.000,980.000,477.000,1016.000,513.000,998.000,495.000,36.000,36.000,0,1.000000,173.260000,337.568477,50.181250
1780468991.974046,,,BOARD_6,3,0,980.000,477.000,1016.000,513.000,36.000,36.000,980.000,477.000,1016.000,513.000,36.000,36.000,980.000,477.000,1016.000,513.000,998.000,495.000,36.000,36.000,0,1.000000,173.260000,337.568477,50.181250
1780468991.974046,,,BOARD_6,3,1,980.000,477.000,1016.000,513.000,36.000,36.000,980.000,477.000,1016.000,513.000,36.000,36.000,980.000,477.000,1016.000,513.000,998.000,495.000,36.000,36.000,0,1.000000,173.260000,337.568477,50.181250
1780468992.507952,,,BOARD_6,3,0,982.000,477.000,1018.000,513.000,36.000,36.000,982.000,477.000,1018.000,513.000,36.000,36.000,982.000,477.000,1018.000,513.000,1000.000,495.000,36.000,36.000,0,1.000000,173.260000,337.577592,50.181250
1780468992.507952,,,BOARD_6,3,1,982.000,477.000,1018.000,513.000,36.000,36.000,982.000,477.000,1018.000,513.000,36.000,36.000,982.000,477.000,1018.000,513.000,1000.000,495.000,36.000,36.000,0,1.000000,173.260000,337.577592,50.181250
1780468993.072583,,,BOARD_6,3,0,982.000,476.000,1018.000,512.000,36.000,36.000,982.000,476.000,1018.000,512.000,36.000,36.000,982.000,476.000,1018.000,512.000,1000.000,494.000,36.000,36.000,0,1.000000,173.260000,337.577592,50.185833
1780468993.072583,,,BOARD_6,3,1,982.000,476.000,1018.000,512.000,36.000,36.000,982.000,476.000,1018.000,512.000,36.000,36.000,982.000,476.000,1018.000,512.000,1000.000,494.000,36.000,36.000,0,1.000000,173.260000,337.577592,50.185833
1780468993.627321,,,BOARD_6,3,0,982.000,477.000,1018.000,513.000,36.000,36.000,982.000,477.000,1018.000,513.000,36.000,36.000,982.000,477.000,1018.000,513.000,1000.000,495.000,36.000,36.000,0,1.000000,173.260000,337.577592,50.181250
1780468993.627321,,,BOARD_6,3,1,982.000,477.000,1018.000,513.000,36.000,36.000,982.000,477.000,1018.000,513.000,36.000,36.000,982.000,477.000,1018.000,513.000,1000.000,495.000,36.000,36.000,0,1.000000,173.260000,337.577592,50.181250
1780468994.590641,,,BOARD_6,3,0,981.000,477.000,1017.000,513.000,36.000,36.000,981.000,477.000,1017.000,513.000,36.000,36.000,981.000,477.000,1017.000,513.000,999.000,495.000,36.000,36.000,0,1.000000,173.260000,337.573034,50.181250
1780468995.098508,,,BOARD_6,3,0,981.000,477.000,1017.000,513.000,36.000,36.000,981.000,477.000,1017.000,513.000,36.000,36.000,981.000,477.000,1017.000,513.000,999.000,495.000,36.000,36.000,0,1.000000,173.260000,337.573034,50.181250
1780468995.712964,,,BOARD_6,3,0,981.000,475.000,1017.000,511.000,36.000,36.000,981.000,475.000,1017.000,511.000,36.000,36.000,981.000,475.000,1017.000,511.000,999.000,493.000,36.000,36.000,0,1.000000,173.260000,337.573034,50.190417
1780468995.712964,,,BOARD_6,3,1,981.000,475.000,1017.000,511.000,36.000,36.000,981.000,475.000,1017.000,511.000,36.000,36.000,981.000,475.000,1017.000,511.000,999.000,493.000,36.000,36.000,0,1.000000,173.260000,337.573034,50.190417
1780468997.074687,,,BOARD_2,4,0,727.000,1272.000,1191.000,1632.000,464.000,360.000,727.000,1272.000,1191.000,1632.000,464.000,360.000,727.000,1272.000,1191.000,1632.000,959.000,1452.000,464.000,360.000,0,1.000000,13.440000,337.990743,7.795000
1780468997.356922,,,BOARD_6,3,0,982.000,477.000,1018.000,513.000,36.000,36.000,982.000,477.000,1018.000,513.000,36.000,36.000,982.000,477.000,1018.000,513.000,1000.000,495.000,36.000,36.000,0,1.000000,173.260000,337.577592,50.181250
1780468997.863403,,,BOARD_6,3,0,982.000,477.000,1018.000,513.000,36.000,36.000,982.000,477.000,1018.000,513.000,36.000,36.000,982.000,477.000,1018.000,513.000,1000.000,495.000,36.000,36.000,0,1.000000,173.260000,337.577592,50.181250
1780468997.863403,,,BOARD_6,3,1,982.000,477.000,1018.000,513.000,36.000,36.000,982.000,477.000,1018.000,513.000,36.000,36.000,982.000,477.000,1018.000,513.000,1000.000,495.000,36.000,36.000,0,1.000000,173.260000,337.577592,50.181250
1780468998.336711,,,BOARD_6,3,0,982.000,477.000,1018.000,513.000,36.000,36.000,982.000,477.000,1018.000,513.000,36.000,36.000,982.000,477.000,1018.000,513.000,1000.000,495.000,36.000,36.000,0,1.000000,173.260000,337.577592,50.181250
1780468998.336711,,,BOARD_6,3,1,982.000,477.000,1018.000,513.000,36.000,36.000,982.000,477.000,1018.000,513.000,36.000,36.000,982.000,477.000,1018.000,513.000,1000.000,495.000,36.000,36.000,0,1.000000,173.260000,337.577592,50.181250
1780469000.193459,,,BOARD_6,3,0,981.000,476.000,1017.000,512.000,36.000,36.000,981.000,476.000,1017.000,512.000,36.000,36.000,981.000,476.000,1017.000,512.000,999.000,494.000,36.000,36.000,0,1.000000,173.260000,337.573034,50.185833
1780469000.698377,,,BOARD_6,3,0,983.000,476.000,1019.000,512.000,36.000,36.000,983.000,476.000,1019.000,512.000,36.000,36.000,983.000,476.000,1019.000,512.000,1001.000,494.000,36.000,36.000,0,1.000000,173.260000,337.582149,50.185833
1780469001.349019,,,BOARD_6,3,0,980.000,477.000,1016.000,513.000,36.000,36.000,980.000,477.000,1016.000,513.000,36.000,36.000,980.000,477.000,1016.000,513.000,998.000,495.000,36.000,36.000,0,1.000000,173.260000,337.568477,50.181250
1780469001.349019,,,BOARD_6,3,1,980.000,477.000,1016.000,513.000,36.000,36.000,980.000,477.000,1016.000,513.000,36.000,36.000,980.000,477.000,1016.000,513.000,998.000,495.000,36.000,36.000,0,1.000000,173.260000,337.568477,50.181250
1780469002.012910,,,BOARD_6,3,0,981.000,476.000,1017.000,512.000,36.000,36.000,981.000,476.000,1017.000,512.000,36.000,36.000,981.000,476.000,1017.000,512.000,999.000,494.000,36.000,36.000,0,1.000000,173.260000,337.573034,50.185833
1780469002.328334,,,BOARD_6,3,0,981.000,476.000,1017.000,512.000,36.000,36.000,981.000,476.000,1017.000,512.000,36.000,36.000,981.000,476.000,1017.000,512.000,999.000,494.000,36.000,36.000,0,1.000000,173.260000,337.573034,50.185833
1780469002.906498,,,BOARD_6,3,0,980.000,477.000,1016.000,513.000,36.000,36.000,980.000,477.000,1016.000,513.000,36.000,36.000,980.000,477.000,1016.000,513.000,998.000,495.000,36.000,36.000,0,1.000000,173.260000,337.568477,50.181250
1780469002.906498,,,BOARD_6,3,1,980.000,477.000,1016.000,513.000,36.000,36.000,980.000,477.000,1016.000,513.000,36.000,36.000,980.000,477.000,1016.000,513.000,998.000,495.000,36.000,36.000,0,1.000000,173.260000,337.568477,50.181250
1780469003.486444,,,BOARD_6,3,0,982.000,477.000,1018.000,513.000,36.000,36.000,982.000,477.000,1018.000,513.000,36.000,36.000,982.000,477.000,1018.000,513.000,1000.000,495.000,36.000,36.000,0,1.000000,173.260000,337.577592,50.181250
1780469003.486444,,,BOARD_6,3,1,982.000,477.000,1018.000,513.000,36.000,36.000,982.000,477.000,1018.000,513.000,36.000,36.000,982.000,477.000,1018.000,513.000,1000.000,495.000,36.000,36.000,0,1.000000,173.260000,337.577592,50.181250
1780469004.011954,,,BOARD_6,3,0,981.000,477.000,1017.000,513.000,36.000,36.000,981.000,477.000,1017.000,513.000,36.000,36.000,981.000,477.000,1017.000,513.000,999.000,495.000,36.000,36.000,0,1.000000,173.260000,337.573034,50.181250
1780469004.011954,,,BOARD_6,3,1,981.000,477.000,1017.000,513.000,36.000,36.000,981.000,477.000,1017.000,513.000,36.000,36.000,981.000,477.000,1017.000,513.000,999.000,495.000,36.000,36.000,0,1.000000,173.260000,337.573034,50.181250
1780469004.753520,,,BOARD_6,3,0,980.000,477.000,1016.000,513.000,36.000,36.000,980.000,477.000,1016.000,513.000,36.000,36.000,980.000,477.000,1016.000,513.000,998.000,495.000,36.000,36.000,0,1.000000,173.260000,337.568477,50.181250
1780469004.753520,,,BOARD_6,3,1,980.000,477.000,1016.000,513.000,36.000,36.000,980.000,477.000,1016.000,513.000,36.000,36.000,980.000,477.000,1016.000,513.000,998.000,495.000,36.000,36.000,0,1.000000,173.260000,337.568477,50.181250
1780469005.215081,,,BOARD_6,3,0,980.000,477.000,1016.000,513.000,36.000,36.000,980.000,477.000,1016.000,513.000,36.000,36.000,980.000,477.000,1016.000,513.000,998.000,495.000,36.000,36.000,0,1.000000,173.260000,337.568477,50.181250
1780469005.215081,,,BOARD_6,3,1,980.000,477.000,1016.000,513.000,36.000,36.000,980.000,477.000,1016.000,513.000,36.000,36.000,980.000,477.000,1016.000,513.000,998.000,495.000,36.000,36.000,0,1.000000,173.260000,337.568477,50.181250
1780469005.500389,,,BOARD_6,3,0,980.000,477.000,1016.000,513.000,36.000,36.000,980.000,477.000,1016.000,513.000,36.000,36.000,980.000,477.000,1016.000,513.000,998.000,495.000,36.000,36.000,0,1.000000,173.260000,337.568477,50.181250
1780469014.091073,,,BOARD_2,4,0,809.000,1397.000,848.000,1448.000,39.000,51.000,809.000,1397.000,848.000,1448.000,39.000,51.000,809.000,1397.000,848.000,1448.000,828.500,1422.500,39.000,51.000,0,1.000000,159.930000,337.396016,7.930208
1780469035.255702,,,BOARD_3,4,0,1748.000,174.000,1996.000,354.000,248.000,180.000,1748.000,174.000,1996.000,354.000,248.000,180.000,1748.000,174.000,1996.000,354.000,1872.000,264.000,248.000,180.000,0,1.000000,25.150000,322.534350,22.740000
1780469035.761154,,,BOARD_3,4,0,1754.000,191.000,2002.000,371.000,248.000,180.000,1754.000,191.000,2002.000,371.000,248.000,180.000,1754.000,191.000,2002.000,371.000,1878.000,281.000,248.000,180.000,0,1.000000,25.150000,322.561694,22.662083
1780469035.761154,,,BOARD_3,4,1,2379.000,1419.000,2442.000,1538.000,63.000,119.000,2379.000,1419.000,2442.000,1538.000,63.000,119.000,2379.000,1419.000,2442.000,1538.000,2410.500,1478.500,63.000,119.000,0,1.000000,99.000000,324.988452,17.173542
1780469035.761154,,,BOARD_3,4,2,2380.000,1420.000,2443.000,1539.000,63.000,119.000,2380.000,1420.000,2443.000,1539.000,63.000,119.000,2380.000,1420.000,2443.000,1539.000,2411.500,1479.500,63.000,119.000,0,1.000000,99.000000,324.993009,17.168958
1780469055.814987,,,BOARD_2,4,0,661.000,1461.000,909.000,1641.000,248.000,180.000,661.000,1461.000,909.000,1641.000,248.000,180.000,661.000,1461.000,909.000,1641.000,785.000,1551.000,248.000,180.000,0,1.000000,25.150000,337.197774,7.341250
1780469056.400998,,,BOARD_2,4,0,731.000,1533.000,767.000,1569.000,36.000,36.000,731.000,1533.000,767.000,1569.000,36.000,36.000,731.000,1533.000,767.000,1569.000,749.000,1551.000,36.000,36.000,0,1.000000,173.260000,337.033711,7.341250
1780469056.400998,,,BOARD_2,4,1,718.000,1542.000,754.000,1578.000,36.000,36.000,718.000,1542.000,754.000,1578.000,36.000,36.000,718.000,1542.000,754.000,1578.000,736.000,1560.000,36.000,36.000,0,1.000000,173.260000,336.974467,7.300000
1780469057.023740,,,BOARD_2,4,0,769.000,1525.000,805.000,1561.000,36.000,36.000,769.000,1525.000,805.000,1561.000,36.000,36.000,769.000,1525.000,805.000,1561.000,787.000,1543.000,36.000,36.000,0,1.000000,173.260000,337.206889,7.377917
1780469057.619023,,,BOARD_2,4,0,767.000,1499.000,803.000,1535.000,36.000,36.000,767.000,1499.000,803.000,1535.000,36.000,36.000,767.000,1499.000,803.000,1535.000,785.000,1517.000,36.000,36.000,0,1.000000,173.260000,337.197774,7.497083
1780469060.654048,,,BOARD_2,4,0,791.000,1497.000,827.000,1533.000,36.000,36.000,791.000,1497.000,827.000,1533.000,36.000,36.000,791.000,1497.000,827.000,1533.000,809.000,1515.000,36.000,36.000,0,1.000000,173.260000,337.307149,7.506250
1780469064.223602,,,BOARD_2,4,0,934.000,1409.000,970.000,1445.000,36.000,36.000,934.000,1409.000,970.000,1445.000,36.000,36.000,934.000,1409.000,970.000,1445.000,952.000,1427.000,36.000,36.000,0,1.000000,173.260000,337.958842,7.909583
1780469064.759818,,,BOARD_2,4,0,949.000,1415.000,985.000,1451.000,36.000,36.000,949.000,1415.000,985.000,1451.000,36.000,36.000,949.000,1415.000,985.000,1451.000,967.000,1433.000,36.000,36.000,0,1.000000,173.260000,338.027201,7.882083
1780469067.101724,,,BOARD_2,4,0,949.000,1415.000,985.000,1451.000,36.000,36.000,949.000,1415.000,985.000,1451.000,36.000,36.000,949.000,1415.000,985.000,1451.000,967.000,1433.000,36.000,36.000,0,1.000000,173.260000,338.027201,7.882083
1780469071.177137,,,BOARD_2,0,0,3235.000,1666.000,3279.000,1714.000,44.000,48.000,3235.000,1666.000,3279.000,1714.000,44.000,48.000,3235.000,1666.000,3279.000,1714.000,3257.000,1690.000,44.000,48.000,0,1.000000,141.760000,40.401699,6.704167
1780469071.177137,,,BOARD_2,0,1,208.000,1919.000,248.000,1970.000,40.000,51.000,208.000,1919.000,248.000,1970.000,40.000,51.000,208.000,1919.000,248.000,1970.000,228.000,1944.500,40.000,51.000,0,1.000000,155.930000,26.597662,5.537708
1780469071.445525,,,BOARD_2,0,0,244.000,1943.000,284.000,1994.000,40.000,51.000,244.000,1943.000,284.000,1994.000,40.000,51.000,244.000,1943.000,284.000,1994.000,264.000,1968.500,40.000,51.000,0,1.000000,155.930000,26.761725,5.427708
1780469074.760009,,,BOARD_3,0,0,1612.000,926.000,1652.000,966.000,40.000,40.000,1612.000,926.000,1652.000,966.000,40.000,40.000,1612.000,926.000,1652.000,966.000,1632.000,946.000,40.000,40.000,0,1.000000,155.930000,30.674500,19.614167
1780469114.939698,,,BOARD_5,2,0,1765.000,863.000,1829.000,982.000,64.000,119.000,1765.000,863.000,1829.000,982.000,64.000,119.000,1765.000,863.000,1829.000,982.000,1797.000,922.500,64.000,119.000,0,1.000000,97.460000,0.209753,38.721875
1780469114.939698,,,BOARD_5,2,1,1767.000,864.000,1831.000,983.000,64.000,119.000,1767.000,864.000,1831.000,983.000,64.000,119.000,1767.000,864.000,1831.000,983.000,1799.000,923.500,64.000,119.000,0,1.000000,97.460000,0.218868,38.717292
1780469130.766420,,,BOARD_2,2,0,1489.000,40.000,1553.000,160.000,64.000,120.000,1489.000,40.000,1553.000,160.000,64.000,120.000,1489.000,40.000,1553.000,160.000,1521.000,100.000,64.000,120.000,0,1.000000,97.460000,358.257541,13.991667
1780469130.766420,,,BOARD_2,2,1,1491.000,64.000,1555.000,184.000,64.000,120.000,1491.000,64.000,1555.000,184.000,64.000,120.000,1491.000,64.000,1555.000,184.000,1523.000,124.000,64.000,120.000,0,1.000000,97.460000,358.266655,13.881667
1780469137.600288,,,BOARD_2,0,0,1882.000,1267.000,1921.000,1318.000,39.000,51.000,1882.000,1267.000,1921.000,1318.000,39.000,51.000,1882.000,1267.000,1921.000,1318.000,1901.500,1292.500,39.000,51.000,0,1.000000,159.930000,34.224290,8.526042
1780469137.600288,,,BOARD_2,0,1,1884.000,1269.000,1923.000,1320.000,39.000,51.000,1884.000,1269.000,1923.000,1320.000,39.000,51.000,1884.000,1269.000,1923.000,1320.000,1903.500,1294.500,39.000,51.000,0,1.000000,159.930000,34.233405,8.516875
1780469137.966490,,,BOARD_2,0,0,1880.000,1272.000,1916.000,1308.000,36.000,36.000,1880.000,1272.000,1916.000,1308.000,36.000,36.000,1880.000,1272.000,1916.000,1308.000,1898.000,1290.000,36.000,36.000,0,1.000000,173.260000,34.208340,8.537500
1780469137.966490,,,BOARD_2,0,1,1880.000,1272.000,1916.000,1308.000,36.000,36.000,1880.000,1272.000,1916.000,1308.000,36.000,36.000,1880.000,1272.000,1916.000,1308.000,1898.000,1290.000,36.000,36.000,0,1.000000,173.260000,34.208340,8.537500
1780469138.229073,,,BOARD_2,0,0,1880.000,1272.000,1916.000,1308.000,36.000,36.000,1880.000,1272.000,1916.000,1308.000,36.000,36.000,1880.000,1272.000,1916.000,1308.000,1898.000,1290.000,36.000,36.000,0,1.000000,173.260000,34.208340,8.537500
1780469138.500885,,,BOARD_2,0,0,1886.000,1271.000,1925.000,1322.000,39.000,51.000,1886.000,1271.000,1925.000,1322.000,39.000,51.000,1886.000,1271.000,1925.000,1322.000,1905.500,1296.500,39.000,51.000,0,1.000000,159.930000,34.242519,8.507708
1780469138.500885,,,BOARD_2,0,1,1887.000,1272.000,1926.000,1323.000,39.000,51.000,1887.000,1272.000,1926.000,1323.000,39.000,51.000,1887.000,1272.000,1926.000,1323.000,1906.500,1297.500,39.000,51.000,0,1.000000,159.930000,34.247077,8.503125
1780469138.707905,,,BOARD_2,0,0,1889.000,1274.000,1928.000,1325.000,39.000,51.000,1889.000,1274.000,1928.000,1325.000,39.000,51.000,1889.000,1274.000,1928.000,1325.000,1908.500,1299.500,39.000,51.000,0,1.000000,159.930000,34.256191,8.493958
1780469189.968353,,,BOARD_2,4,0,1153.000,1519.000,1189.000,1555.000,36.000,36.000,1153.000,1519.000,1189.000,1555.000,36.000,36.000,1153.000,1519.000,1189.000,1555.000,1171.000,1537.000,36.000,36.000,0,1.000000,173.260000,338.956889,7.405417
1780469191.402125,,,BOARD_2,4,0,1141.000,1509.000,1177.000,1545.000,36.000,36.000,1141.000,1509.000,1177.000,1545.000,36.000,36.000,1141.000,1509.000,1177.000,1545.000,1159.000,1527.000,36.000,36.000,0,1.000000,173.260000,338.902201,7.451250
1780469192.021785,,,BOARD_2,4,0,1141.000,1509.000,1177.000,1545.000,36.000,36.000,1141.000,1509.000,1177.000,1545.000,36.000,36.000,1141.000,1509.000,1177.000,1545.000,1159.000,1527.000,36.000,36.000,0,1.000000,173.260000,338.902201,7.451250
1780469193.898688,,,BOARD_2,4,0,1091.000,1497.000,1127.000,1533.000,36.000,36.000,1091.000,1497.000,1127.000,1533.000,36.000,36.000,1091.000,1497.000,1127.000,1533.000,1109.000,1515.000,36.000,36.000,0,1.000000,173.260000,338.674336,7.506250
1780469200.384691,,,BOARD_2,4,0,721.000,1545.000,757.000,1581.000,36.000,36.000,721.000,1545.000,757.000,1581.000,36.000,36.000,721.000,1545.000,757.000,1581.000,739.000,1563.000,36.000,36.000,0,1.000000,173.260000,336.988139,7.286250
1780469201.841480,,,BOARD_2,4,0,721.000,1571.000,757.000,1607.000,36.000,36.000,721.000,1571.000,757.000,1607.000,36.000,36.000,721.000,1571.000,757.000,1607.000,739.000,1589.000,36.000,36.000,0,1.000000,173.260000,336.988139,7.167083
1780469202.467546,,,BOARD_2,4,0,733.000,1582.000,769.000,1618.000,36.000,36.000,733.000,1582.000,769.000,1618.000,36.000,36.000,733.000,1582.000,769.000,1618.000,751.000,1600.000,36.000,36.000,0,1.000000,173.260000,337.042826,7.116667
