timestamp,seq,mode,event,track_id,meas_idx,meas_az,meas_el,pred_az,map_az,pred_el,cost,dynamic_thresh,uncertainty,p_az,p_el,hit_streak,time_since_update,reason,master_id,is_master,laser_track_id,distance,distance_source,track_laser_dist,track_laser_ts,track_laser_age
1780296834.596765,,,NEW_TRACK,1,0,337.717305,5.196250,,,,,,,1.000000,1.000000,1,0,,,,,,,,,
1780296835.421859,,no_packet,TRACK_DELETE,1,,,,337.717305,,5.196250,,,,8.884721,8.884721,1,12,,,,,,,,,
1780296836.230370,,,NEW_TRACK,2,0,337.699076,5.223750,,,,,,,1.000000,1.000000,1,0,,,,,,,,,
1780296836.491422,,,MATCH_ACCEPT,2,0,337.753764,5.242083,337.699076,,5.223750,0.057679,6.918436,1.945624,1.892727,1.892727,1,4,,,,,,,,,
1780296836.996565,,,MATCH_ACCEPT,2,0,337.762878,5.150417,337.720899,,5.240991,0.099830,9.057620,3.371747,6.563901,4.804774,2,8,,,,,,,,,
1780296836.996565,,,TargetAcquire,2,,,,,,,,,,,,,,initial_acquire,,,,,,,,
1780296836.996565,,,UI_STATUS_SEND,2,,,,337.742403,157.742403,5.172643,,,,,,3,0,,2,1,-1,26.430000,mono,,,
1780296837.549782,,,MATCH_ACCEPT,2,0,338.173034,3.289583,337.765768,,5.133844,1.888694,9.777329,3.851553,9.994255,4.840202,3,9,,,,,,,,,
1780296837.549782,,,UI_STATUS_SEND,2,,,,338.016338,158.016338,3.739652,,,,,,4,0,,2,1,-1,26.430000,mono,,,
1780296838.382637,,no_packet,TRACK_DELETE,2,,,,338.218766,,2.602645,,,,13.602396,6.468184,4,12,,,,,,,,,
1780296840.889192,,,NEW_TRACK,3,0,337.699076,5.228333,,,,,,,1.000000,1.000000,1,0,,,,,,,,,
1780296840.889192,,,TargetLost,2,,,,,,,,,,,,,,not_in_valid_tracks,,,,,,,,
1780296841.712590,,no_packet,TRACK_DELETE,3,,,,337.699076,,5.228333,,,,8.855303,8.855303,1,12,,,,,,,,,
1780296842.774991,,,NEW_TRACK,4,0,337.740092,5.214583,,,,,,,1.000000,1.000000,1,0,,,,,,,,,
1780296842.774991,,,TargetLost,2,,,,,,,,,,,,,,not_in_valid_tracks,,,,,,,,
1780296843.600364,,no_packet,TRACK_DELETE,4,,,,337.740092,,5.214583,,,,8.887073,8.887073,1,12,,,,,,,,,
1780296845.348998,,,NEW_TRACK,5,0,337.689961,5.232917,,,,,,,1.000000,1.000000,1,0,,,,,,,,,
1780296845.348998,,,TargetLost,2,,,,,,,,,,,,,,not_in_valid_tracks,,,,,,,,
1780296845.678725,,,MATCH_ACCEPT,5,0,337.717305,5.232917,337.689961,,5.232917,0.027344,7.260090,2.173393,2.361819,2.361819,1,5,,,,,,,,,
1780296845.678725,,,TargetLost,2,,,,,,,,,,,,,,not_in_valid_tracks,,,,,,,,
1780296846.023964,,,MATCH_ACCEPT,5,0,337.699076,5.187083,337.701213,,5.232917,0.045883,8.235097,2.823398,4.856647,3.114929,2,5,,,,,,,,,
1780296846.023964,,,TargetLost,2,,,,,,,,,,,,,,not_in_valid_tracks,,,,,,,,
1780296846.023964,,,TargetSwitch,5,,,,,,,,,,,,,,master_lost,,,,,,,,
1780296846.023964,,,UI_STATUS_SEND,5,,,,337.700279,157.700279,5.202394,,,,,,3,0,,5,1,-1,26.430000,mono,,,
1780296846.378904,,,MATCH_ACCEPT,5,1,337.694519,5.223750,337.703730,,5.187553,0.037351,8.600980,3.067320,6.379679,3.028773,3,6,,,,,,,,,
1780296846.378904,,,NEW_TRACK,6,0,338.163920,4.866250,,,,,,,1.000000,1.000000,1,0,,,,,,,,,
1780296846.378904,,,UI_STATUS_SEND,5,,,,337.699077,157.699077,5.211431,,,,,,4,0,,5,1,-1,26.430000,mono,,,
1780296847.215208,,no_packet,TRACK_DELETE,5,,,,337.703464,,5.198818,,,,13.290990,6.718469,4,12,,,,,,,,,
1780296847.215208,,no_packet,TRACK_DELETE,6,,,,338.163920,,4.866250,,,,9.082073,9.082073,1,12,,,,,,,,,
1780296847.787647,,,NEW_TRACK,7,0,337.776550,5.205417,,,,,,,1.000000,1.000000,1,0,,,,,,,,,
1780296847.787647,,,TargetLost,5,,,,,,,,,,,,,,not_in_valid_tracks,,,,,,,,
1780296848.614630,,no_packet,TRACK_DELETE,7,,,,337.776550,,5.205417,,,,8.914809,8.914809,1,12,,,,,,,,,
1780296851.972284,,,NEW_TRACK,8,0,336.988139,7.410000,,,,,,,1.000000,1.000000,1,0,,,,,,,,,
1780296851.972284,,,TargetLost,5,,,,,,,,,,,,,,not_in_valid_tracks,,,,,,,,
1780296852.795441,,no_packet,TRACK_DELETE,8,,,,336.988139,,7.410000,,,,8.851495,8.851495,1,12,,,,,,,,,
1780296853.233578,,,NEW_TRACK,9,0,41.547858,10.501458,,,,,,,1.000000,1.000000,1,0,,,,,,,,,
1780296853.233578,,,TargetLost,5,,,,,,,,,,,,,,not_in_valid_tracks,,,,,,,,
1780296853.424411,,,MATCH_REJECT,9,0,337.699076,5.205417,41.547858,,10.501458,64.068050,6.613314,1.742209,1.517647,1.517647,1,3,,,,,,,,,
1780296853.424411,,,NEW_TRACK,10,0,337.699076,5.205417,,,,,,,1.000000,1.000000,1,0,,,,,,,,,
1780296853.424411,,,TargetLost,5,,,,,,,,,,,,,,not_in_valid_tracks,,,,,,,,
1780296853.471596,,,MATCH_ACCEPT,9,0,35.427415,7.870625,41.547858,,10.501458,6.661914,6.825906,1.883937,1.774610,1.774610,0,4,,,,,,,,,
1780296853.471596,,,TargetLost,5,,,,,,,,,,,,,,not_in_valid_tracks,,,,,,,,
1780296853.667193,,,MATCH_ACCEPT,10,0,337.689961,5.177917,337.699076,,5.205417,0.028971,6.846815,1.897877,1.800968,1.800968,0,4,,,,,,,,,
1780296853.667193,,,TargetLost,5,,,,,,,,,,,,,,not_in_valid_tracks,,,,,,,,
1780296853.951839,,,MATCH_ACCEPT,9,0,33.148769,6.449792,39.299443,,8.177435,6.388704,7.264268,3.242379,6.017103,4.495918,0,8,,,,,,,,,
1780296853.951839,,,TargetLost,5,,,,,,,,,,,,,,not_in_valid_tracks,,,,,,,,
1780296854.044176,,,MATCH_ACCEPT,10,0,337.712748,5.210000,337.695969,,5.182974,0.031811,8.255838,2.837226,4.677045,3.372804,0,7,,,,,,,,,
1780296854.044176,,,TargetLost,5,,,,,,,,,,,,,,not_in_valid_tracks,,,,,,,,
1780296854.377416,,,MATCH_ACCEPT,9,0,30.537441,4.978542,31.659519,,4.963260,1.122182,6.260641,2.573294,4.505288,2.116556,0,7,,,,,,,,,
1780296854.377416,,,TargetLost,5,,,,,,,,,,,,,,not_in_valid_tracks,,,,,,,,
1780296854.859748,,no_packet,TRACK_DELETE,10,,,,337.708235,,5.205810,,,,14.728789,8.450537,0,12,,,,,,,,,
1780296855.203211,,no_packet,TRACK_DELETE,9,,,,24.317202,,1.756531,,,,7.514315,4.304208,1,12,,,,,,,,,
1780296856.843273,,,NEW_TRACK,11,0,337.689961,5.232917,,,,,,,1.000000,1.000000,1,0,,,,,,,,,
1780296856.843273,,,TargetLost,5,,,,,,,,,,,,,,not_in_valid_tracks,,,,,,,,
1780296857.284463,,,MATCH_ACCEPT,11,0,337.744649,5.177917,337.689961,,5.232917,0.077561,7.888892,2.592594,3.360773,3.360773,1,7,,,,,,,,,
1780296857.284463,,,TargetLost,5,,,,,,,,,,,,,,not_in_valid_tracks,,,,,,,,
1780296858.126215,,no_packet,TRACK_DELETE,11,,,,337.731364,,5.151633,,,,14.858909,9.614290,2,12,,,,,,,,,
1780296858.304501,,,NEW_TRACK,12,0,337.708191,5.205417,,,,,,,1.000000,1.000000,1,0,,,,,,,,,
1780296858.304501,,,TargetLost,5,,,,,,,,,,,,,,not_in_valid_tracks,,,,,,,,
1780296859.140934,,no_packet,TRACK_DELETE,12,,,,337.708191,,5.205417,,,,9.087195,9.087195,1,12,,,,,,,,,
1780296861.134866,,,NEW_TRACK,13,0,337.699076,5.168750,,,,,,,1.000000,1.000000,1,0,,,,,,,,,
1780296861.134866,,,TargetLost,5,,,,,,,,,,,,,,not_in_valid_tracks,,,,,,,,
1780296861.509563,,,MATCH_ACCEPT,13,0,337.699076,5.196250,337.699076,,5.168750,0.027500,7.512076,2.341384,2.741040,2.741040,1,6,,,,,,,,,
1780296861.509563,,,TargetLost,5,,,,,,,,,,,,,,not_in_valid_tracks,,,,,,,,
1780296862.344426,,no_packet,TRACK_DELETE,13,,,,337.699076,,5.207138,,,,14.156554,9.784579,2,12,,,,,,,,,
1780296866.077893,,,NEW_TRACK,14,0,337.863139,5.310833,,,,,,,1.000000,1.000000,1,0,,,,,,,,,
1780296866.077893,,,NEW_TRACK,15,1,338.300639,4.284167,,,,,,,1.000000,1.000000,1,0,,,,,,,,,
1780296866.077893,,,TargetLost,5,,,,,,,,,,,,,,not_in_valid_tracks,,,,,,,,
1780296866.907360,,no_packet,TRACK_DELETE,14,,,,337.863139,,5.310833,,,,8.966372,8.966372,1,12,,,,,,,,,
1780296866.907360,,no_packet,TRACK_DELETE,15,,,,338.300639,,4.284167,,,,8.966372,8.966372,1,12,,,,,,,,,
1780296867.625823,,,NEW_TRACK,16,0,338.291524,5.342917,,,,,,,1.000000,1.000000,1,0,,,,,,,,,
1780296867.625823,,,TargetLost,5,,,,,,,,,,,,,,not_in_valid_tracks,,,,,,,,
1780296868.467443,,no_packet,TRACK_DELETE,16,,,,338.291524,,5.342917,,,,9.178242,9.178242,1,12,,,,,,,,,
1780296869.379409,,,NEW_TRACK,17,0,337.835795,5.260417,,,,,,,1.000000,1.000000,1,0,,,,,,,,,
1780296869.379409,,,TargetLost,5,,,,,,,,,,,,,,not_in_valid_tracks,,,,,,,,
1780296870.214707,,no_packet,TRACK_DELETE,17,,,,337.835795,,5.260417,,,,9.068292,9.068292,1,12,,,,,,,,,
1780296872.875337,,,NEW_TRACK,18,0,337.854024,5.196250,,,,,,,1.000000,1.000000,1,0,,,,,,,,,
1780296872.875337,,,TargetLost,5,,,,,,,,,,,,,,not_in_valid_tracks,,,,,,,,
1780296873.713039,,no_packet,TRACK_DELETE,18,,,,337.854024,,5.196250,,,,9.111278,9.111278,1,12,,,,,,,,,
1780296875.289057,,,NEW_TRACK,19,0,338.264180,3.326250,,,,,,,1.000000,1.000000,1,0,,,,,,,,,
1780296875.289057,,,TargetLost,5,,,,,,,,,,,,,,not_in_valid_tracks,,,,,,,,
1780296876.130002,,no_packet,TRACK_DELETE,19,,,,338.264180,,3.326250,,,,9.171502,9.171502,1,12,,,,,,,,,
1780296876.593264,,,NEW_TRACK,20,0,337.835795,5.324583,,,,,,,1.000000,1.000000,1,0,,,,,,,,,
1780296876.593264,,,TargetLost,5,,,,,,,,,,,,,,not_in_valid_tracks,,,,,,,,
1780296876.709307,,,MATCH_ACCEPT,20,0,338.323425,4.279583,337.835795,,5.324583,1.153173,6.357529,1.571686,1.235098,1.235098,1,2,,,,,,,,,
1780296876.709307,,,TargetLost,5,,,,,,,,,,,,,,not_in_valid_tracks,,,,,,,,
1780296877.533729,,,MATCH_ACCEPT,20,0,337.854024,5.260417,337.979085,,4.502996,0.767676,10.746552,4.497701,10.656128,9.573188,2,12,,,,,,,,,
1780296877.533729,,,TargetLost,5,,,,,,,,,,,,,,not_in_valid_tracks,,,,,,,,
1780296877.533729,,,TargetSwitch,20,,,,,,,,,,,,,,master_lost,,,,,,,,
1780296877.533729,,,UI_STATUS_SEND,20,,,,337.900258,157.900258,5.154139,,,,,,3,0,,20,1,-1,26.430000,mono,,,
1780296878.252099,,,MATCH_ACCEPT,20,0,337.844909,5.251250,337.900301,,5.315075,0.084509,10.653061,4.435374,13.538604,6.133940,3,11,,,,,,,,,
1780296878.252099,,,UI_STATUS_SEND,20,,,,337.862404,157.862404,5.264207,,,,,,4,0,,20,1,-1,26.430000,mono,,,
1780296879.087558,,no_packet,TRACK_DELETE,20,,,,337.841327,,5.418169,,,,13.220942,6.091265,4,12,,,,,,,,,
1780296881.655208,,,NEW_TRACK,21,0,337.854024,5.251250,,,,,,,1.000000,1.000000,1,0,,,,,,,,,
1780296881.655208,,,TargetLost,20,,,,,,,,,,,,,,not_in_valid_tracks,,,,,,,,
1780296882.486457,,no_packet,TRACK_DELETE,21,,,,337.854024,,5.251250,,,,8.998842,8.998842,1,12,,,,,,,,,
1780296884.234139,,,NEW_TRACK,22,0,337.872253,5.251250,,,,,,,1.000000,1.000000,1,0,,,,,,,,,
1780296884.234139,,,TargetLost,20,,,,,,,,,,,,,,not_in_valid_tracks,,,,,,,,
1780296884.664742,,,MATCH_ACCEPT,22,0,337.844909,5.269583,337.872253,,5.251250,0.032921,7.831734,2.554489,3.262708,3.262708,1,7,,,,,,,,,
1780296884.664742,,,TargetLost,20,,,,,,,,,,,,,,not_in_valid_tracks,,,,,,,,
1780296885.296616,,,MATCH_ACCEPT,22,0,337.835795,5.278750,337.854648,,5.274521,0.019322,10.122392,4.081595,10.245129,6.414289,2,9,,,,,,,,,
1780296885.296616,,,TargetLost,20,,,,,,,,,,,,,,not_in_valid_tracks,,,,,,,,
1780296885.296616,,,TargetSwitch,22,,,,,,,,,,,,,,master_lost,,,,,,,,
1780296885.296616,,,UI_STATUS_SEND,22,,,,337.842938,157.842938,5.277922,,,,,,3,0,,22,1,-1,26.430000,mono,,,
1780296886.131358,,no_packet,TRACK_DELETE,22,,,,337.823178,,5.295158,,,,14.894306,7.028123,3,12,,,,,,,,,
1780296888.778627,,,NEW_TRACK,23,0,337.867696,5.255833,,,,,,,1.000000,1.000000,1,0,,,,,,,,,
1780296888.778627,,,TargetLost,22,,,,,,,,,,,,,,not_in_valid_tracks,,,,,,,,
1780296889.614570,,no_packet,TRACK_DELETE,23,,,,337.867696,,5.255833,,,,9.074859,9.074859,1,12,,,,,,,,,
1780296896.350244,,,NEW_TRACK,24,0,337.124857,7.455833,,,,,,,1.000000,1.000000,1,0,,,,,,,,,
1780296896.350244,,,TargetLost,22,,,,,,,,,,,,,,not_in_valid_tracks,,,,,,,,
1780296896.588316,,,MATCH_REJECT,24,0,339.690271,14.321667,337.124857,,7.455833,7.329462,6.826047,1.884031,1.774787,1.774787,1,4,,,,,,,,,
1780296896.588316,,,NEW_TRACK,25,0,339.690271,14.321667,,,,,,,1.000000,1.000000,1,0,,,,,,,,,
1780296896.588316,,,TargetLost,22,,,,,,,,,,,,,,not_in_valid_tracks,,,,,,,,
1780296897.141225,,no_packet,TRACK_DELETE,24,,,,337.124857,,7.455833,,,,8.310217,8.310217,0,12,,,,,,,,,
1780296897.421959,,no_packet,TRACK_DELETE,25,,,,339.690271,,14.321667,,,,9.037756,9.037756,1,12,,,,,,,,,
1780296897.663089,,,NEW_TRACK,26,0,337.863139,5.242083,,,,,,,1.000000,1.000000,1,0,,,,,,,,,
1780296897.663089,,,TargetLost,22,,,,,,,,,,,,,,not_in_valid_tracks,,,,,,,,
1780296898.171360,,,MATCH_ACCEPT,26,1,337.854024,5.232917,337.863139,,5.242083,0.012927,8.286793,2.857862,4.083688,4.083688,1,8,,,,,,,,,
1780296898.171360,,,NEW_TRACK,27,0,338.300639,3.802917,,,,,,,1.000000,1.000000,1,0,,,,,,,,,
1780296898.171360,,,TargetLost,22,,,,,,,,,,,,,,not_in_valid_tracks,,,,,,,,
1780296898.415024,,,MATCH_ACCEPT,26,0,337.813008,5.242083,337.858376,,5.233317,0.046207,8.036122,2.690748,4.791363,2.448763,2,4,,,,,,,,,
1780296898.415024,,,TargetLost,22,,,,,,,,,,,,,,not_in_valid_tracks,,,,,,,,
1780296898.415024,,,TargetSwitch,26,,,,,,,,,,,,,,master_lost,,,,,,,,
1780296898.415024,,,UI_STATUS_SEND,26,,,,337.838689,157.838689,5.238668,,,,,,3,0,,26,1,-1,26.430000,mono,,,
1780296898.946087,,,MATCH_REJECT,27,0,354.784884,8.743750,338.300639,,3.802917,17.208782,10.006510,4.004340,8.017368,8.017368,0,12,,,,,,,,,
1780296898.946087,,,NEW_TRACK,28,0,354.784884,8.743750,,,,,,,1.000000,1.000000,1,0,,,,,,,,,
1780296898.946087,,,TRACK_DELETE,27,,,,338.300639,,3.802917,,,,8.017368,8.017368,0,12,,,,,,,,,
1780296898.946087,,,TargetLost,26,,,,,,,,,,,,,,not_in_valid_tracks,,,,,,,,
1780296899.226088,,no_packet,TRACK_DELETE,26,,,,337.816605,,5.237093,,,,13.303857,7.137864,2,12,,,,,,,,,
1780296899.784365,,no_packet,TRACK_DELETE,28,,,,354.784884,,8.743750,,,,9.119581,9.119581,1,12,,,,,,,,,
1780296899.854556,,,NEW_TRACK,29,0,337.831237,5.232917,,,,,,,1.000000,1.000000,1,0,,,,,,,,,
1780296899.854556,,,TargetLost,26,,,,,,,,,,,,,,not_in_valid_tracks,,,,,,,,
1780296899.898131,,,MATCH_REJECT,29,0,355.618869,8.276250,337.831237,,5.232917,18.046099,6.193272,1.462181,1.068987,1.068987,1,1,,,,,,,,,
1780296899.898131,,,NEW_TRACK,30,0,355.618869,8.276250,,,,,,,1.000000,1.000000,1,0,,,,,,,,,
1780296899.898131,,,TargetLost,26,,,,,,,,,,,,,,not_in_valid_tracks,,,,,,,,
1780296900.182044,,,MATCH_ACCEPT,30,0,355.960666,8.166250,355.618869,,8.276250,0.359061,7.052469,2.034980,2.070571,2.070571,1,5,,,,,,,,,
1780296900.182044,,,TargetLost,26,,,,,,,,,,,,,,not_in_valid_tracks,,,,,,,,
1780296900.562294,,,MATCH_ACCEPT,30,0,356.790093,7.996667,355.749649,,8.179857,1.056448,8.358969,2.905979,5.008201,3.436516,2,6,,,,,,,,,
1780296900.562294,,,TRACK_DELETE,29,,,,337.831237,,5.232917,,,,6.962362,6.962362,0,12,,,,,,,,,
1780296900.562294,,,TargetLost,26,,,,,,,,,,,,,,not_in_valid_tracks,,,,,,,,
1780296900.562294,,,TargetSwitch,30,,,,,,,,,,,,,,master_lost,,,,,,,,
1780296900.562294,,,UI_STATUS_SEND,30,,,,356.212489,176.212489,8.053925,,,,,,3,0,,30,1,-1,13.440000,mono,,,
1780296901.012435,,,MATCH_ACCEPT,30,0,356.885796,7.790417,356.522956,,7.936223,0.391040,9.145636,3.430424,7.857024,3.910784,3,7,,,,,,,,,
1780296901.012435,,,UI_STATUS_SEND,30,,,,356.725043,176.725043,7.832041,,,,,,4,0,,30,1,-1,13.440000,mono,,,
1780296901.449340,,,MATCH_ACCEPT,30,0,356.402723,7.730833,357.107004,,7.669559,0.706942,8.972259,3.314839,7.729161,3.258998,4,7,,,,,,,,,
1780296901.449340,,,UI_STATUS_SEND,30,,,,356.717603,176.717603,7.710976,,,,,,5,0,,30,1,-1,26.430000,mono,,,
1780296901.671926,,,MATCH_REJECT,30,0,337.826680,5.242083,356.846783,,7.636711,19.170252,7.940259,2.626839,5.046550,1.853735,5,4,,,,,,,,,
1780296901.671926,,,NEW_TRACK,31,0,337.826680,5.242083,,,,,,,1.000000,1.000000,1,0,,,,,,,,,
1780296901.671926,,,TargetLost,30,,,,,,,,,,,,,,not_in_valid_tracks,,,,,,,,
1780296902.001079,,,MATCH_ACCEPT,30,0,356.398166,7.744583,357.037810,,7.526889,0.675674,9.198004,3.465336,8.308957,3.699595,4,9,,,,,,,,,
1780296902.001079,,,UI_STATUS_SEND,30,,,,356.672758,176.672758,7.679942,,,,,,5,0,,30,1,-1,26.430000,mono,,,
1780296902.389540,,,MATCH_ACCEPT,30,0,356.366265,7.744583,356.803665,,7.601228,0.460293,8.506663,3.004442,6.391932,2.634742,5,6,,,,,,,,,
1780296902.389540,,,UI_STATUS_SEND,30,,,,356.582509,176.582509,7.691217,,,,,,6,0,,30,1,-1,26.430000,mono,,,
1780296902.460650,,no_packet,TRACK_DELETE,31,,,,337.826680,,5.242083,,,,8.247540,8.247540,0,12,,,,,,,,,
1780296902.700946,,,MATCH_REJECT,30,0,337.835795,5.232917,356.642260,,7.652729,18.961504,8.021501,2.681001,5.110567,2.077197,6,5,,,,,,,,,
1780296902.700946,,,NEW_TRACK,32,0,337.835795,5.232917,,,,,,,1.000000,1.000000,1,0,,,,,,,,,
1780296902.700946,,,TargetLost,30,,,,,,,,,,,,,,not_in_valid_tracks,,,,,,,,
1780296902.851756,,,MATCH_ACCEPT,30,0,357.177462,7.698750,356.671197,,7.634089,0.510378,8.575512,3.050342,6.411463,2.893121,5,8,,,,,,,,,
1780296902.851756,,,UI_STATUS_SEND,30,,,,356.927558,176.927558,7.676075,,,,,,6,0,,30,1,-1,26.430000,mono,,,
1780296902.965954,,,MATCH_ACCEPT,32,0,341.743672,9.630625,337.835795,,5.232917,5.883141,6.974451,1.982967,1.966079,1.966079,0,5,,,,,,,,,
1780296902.965954,,,TargetLost,30,,,,,,,,,,,,,,not_in_valid_tracks,,,,,,,,
1780296903.670739,,no_packet,TRACK_DELETE,30,,,,357.222497,,7.604838,,,,10.489006,5.679069,5,12,,,,,,,,,
1780296903.676492,,,MATCH_ACCEPT,32,0,337.831237,5.269583,339.698898,,10.114797,5.192712,8.818557,4.278572,10.393505,7.912669,1,11,,,,,,,,,
1780296903.676492,,,TargetLost,30,,,,,,,,,,,,,,not_in_valid_tracks,,,,,,,,
1780296903.715004,,,MATCH_REJECT,32,0,359.465223,7.895833,338.135231,,5.518905,21.462021,6.368440,1.578960,1.912966,0.580150,2,1,,,,,,,,,
1780296903.715004,,,NEW_TRACK,33,0,359.465223,7.895833,,,,,,,1.000000,1.000000,1,0,,,,,,,,,
1780296903.715004,,,TargetLost,30,,,,,,,,,,,,,,not_in_valid_tracks,,,,,,,,
1780296903.837455,,,MATCH_ACCEPT,33,0,2.327202,8.079167,359.465223,,7.895833,2.867845,6.372199,1.581466,1.250517,1.250517,1,2,,,,,,,,,
1780296903.837455,,,TargetLost,30,,,,,,,,,,,,,,not_in_valid_tracks,,,,,,,,
1780296904.217859,,,MATCH_ACCEPT,33,0,7.465550,8.083750,0.121679,,8.007958,7.344262,7.859642,2.573095,3.639190,2.981626,2,6,,,,,,,,,
1780296904.217859,,,TargetLost,30,,,,,,,,,,,,,,not_in_valid_tracks,,,,,,,,
1780296904.217859,,,TargetSwitch,33,,,,,,,,,,,,,,master_lost,,,,,,,,
1780296904.217859,,,UI_STATUS_SEND,33,,,,2.824200,182.824200,8.057689,,,,,,3,0,,33,1,-1,13.440000,mono,,,
1780296904.429280,,no_packet,TRACK_DELETE,32,,,,338.009153,,4.614592,,,,7.742060,4.063271,0,12,,,,,,,,,
1780296904.699072,,,MATCH_ACCEPT,33,0,11.079482,8.088333,4.865849,,8.133400,6.213797,9.264944,3.509963,7.857546,4.462293,3,7,,,,,,,,,
1780296904.699072,,,UI_STATUS_SEND,33,,,,8.326685,188.326685,8.100021,,,,,,4,0,,33,1,-1,26.430000,mono,,,
1780296905.053081,,,MATCH_ACCEPT,33,0,13.353571,8.102083,11.032456,,8.142638,2.321469,8.706422,3.137614,6.981001,2.863623,4,6,,,,,,,,,
1780296905.053081,,,UI_STATUS_SEND,33,,,,12.257133,192.257133,8.116400,,,,,,5,0,,33,1,-1,13.440000,mono,,,
1780296905.248014,,,MATCH_REJECT,33,0,337.143086,7.455833,13.941177,,8.134956,36.804356,7.777574,2.518383,4.676461,1.665790,5,3,,,,,,,,,
1780296905.248014,,,NEW_TRACK,34,0,337.143086,7.455833,,,,,,,1.000000,1.000000,1,0,,,,,,,,,
1780296905.248014,,,TargetLost,33,,,,,,,,,,,,,,not_in_valid_tracks,,,,,,,,
1780296905.564082,,,MATCH_ACCEPT,33,1,16.115290,8.212083,16.671711,,8.165043,0.558406,9.005018,3.336679,7.779900,3.353524,4,8,,,,,,,,,
1780296905.565096,,,MATCH_REJECT,34,0,15.331435,8.560417,337.143086,,7.455833,38.204320,7.195977,2.130652,2.269838,2.269838,1,5,,,,,,,,,
1780296905.565096,,,NEW_TRACK,35,0,15.331435,8.560417,,,,,,,1.000000,1.000000,1,0,,,,,,,,,
1780296905.564082,,,UI_STATUS_SEND,33,,,,16.363163,196.363163,8.197132,,,,,,5,0,,33,1,-1,13.440000,mono,,,
1780296905.966946,,,MATCH_ACCEPT,33,0,18.238988,8.221250,19.756682,,8.246892,1.517911,8.528462,3.018975,6.448904,2.665305,5,6,,,,,,,,,
1780296905.966946,,,UI_STATUS_SEND,33,,,,18.985949,198.985949,8.230727,,,,,,6,0,,33,1,-1,13.440000,mono,,,
1780296906.036057,,no_packet,TRACK_DELETE,34,,,,337.143086,,7.455833,,,,8.239726,8.239726,0,12,,,,,,,,,
1780296906.269048,,,MATCH_REJECT,35,0,337.890482,5.223750,15.331435,,8.560417,37.589338,8.586694,3.690596,6.810248,6.810248,0,11,,,,,,,,,
1780296906.269048,,,NEW_TRACK,36,0,337.890482,5.223750,,,,,,,1.000000,1.000000,1,0,,,,,,,,,
1780296906.269048,,,TargetLost,33,,,,,,,,,,,,,,not_in_valid_tracks,,,,,,,,
1780296906.339389,,no_packet,TRACK_DELETE,35,,,,15.331435,,8.560417,,,,8.004795,8.004795,0,12,,,,,,,,,
1780296906.753372,,no_packet,TRACK_DELETE,33,,,,25.204859,,8.316601,,,,9.998576,5.207415,5,12,,,,,,,,,
1780296907.096654,,no_packet,TRACK_DELETE,36,,,,337.890482,,5.223750,,,,8.928560,8.928560,1,12,,,,,,,,,
1780296907.139688,,,NEW_TRACK,37,0,337.872253,5.223750,,,,,,,1.000000,1.000000,1,0,,,,,,,,,
1780296907.139688,,,TargetLost,33,,,,,,,,,,,,,,not_in_valid_tracks,,,,,,,,
1780296907.427792,,,MATCH_REJECT,37,0,18.945368,5.636250,337.872253,,5.223750,41.075186,7.070669,2.047113,2.095335,2.095335,1,5,,,,,,,,,
1780296907.427792,,,NEW_TRACK,38,0,18.945368,5.636250,,,,,,,1.000000,1.000000,1,0,,,,,,,,,
1780296907.427792,,,TargetLost,33,,,,,,,,,,,,,,not_in_valid_tracks,,,,,,,,
1780296907.806258,,,MATCH_ACCEPT,38,0,18.817764,5.622500,18.945368,,5.636250,0.128343,7.531401,2.354267,2.771287,2.771287,1,6,,,,,,,,,
1780296907.806258,,,TargetLost,33,,,,,,,,,,,,,,not_in_valid_tracks,,,,,,,,
1780296907.876763,,no_packet,TRACK_DELETE,37,,,,337.872253,,5.223750,,,,7.400861,7.400861,0,12,,,,,,,,,
1780296908.641760,,no_packet,TRACK_DELETE,38,,,,18.859419,,5.616971,,,,14.195183,9.768391,2,12,,,,,,,,,
1780296908.828466,,,NEW_TRACK,39,0,18.489639,5.379583,,,,,,,1.000000,1.000000,1,0,,,,,,,,,
1780296908.828466,,,TargetLost,33,,,,,,,,,,,,,,not_in_valid_tracks,,,,,,,,
1780296909.202701,,,MATCH_ACCEPT,39,0,18.284560,5.430000,18.489639,,5.379583,0.211184,7.509481,2.339654,2.736990,2.736990,1,6,,,,,,,,,
1780296909.202701,,,TargetLost,33,,,,,,,,,,,,,,not_in_valid_tracks,,,,,,,,
1780296909.784335,,,MATCH_ACCEPT,39,0,18.002008,6.442917,18.375346,,5.438315,1.071731,9.754971,3.836647,8.881542,5.838319,2,9,,,,,,,,,
1780296909.784335,,,TargetLost,33,,,,,,,,,,,,,,not_in_valid_tracks,,,,,,,,
1780296909.784335,,,TargetSwitch,39,,,,,,,,,,,,,,master_lost,,,,,,,,
1780296909.784335,,,UI_STATUS_SEND,39,,,,18.156213,198.156213,6.230820,,,,,,3,0,,39,1,-1,13.440000,mono,,,
1780296910.206219,,,MATCH_REJECT,39,0,337.854024,5.251250,18.028386,,6.610659,40.197355,9.110887,3.407258,8.171727,3.437682,3,6,,,,,,,,,
1780296910.206219,,,NEW_TRACK,40,0,337.854024,5.251250,,,,,,,1.000000,1.000000,1,0,,,,,,,,,
1780296910.206219,,,TargetLost,39,,,,,,,,,,,,,,not_in_valid_tracks,,,,,,,,
1780296910.304973,,,MATCH_ACCEPT,39,0,17.610081,6.782083,17.998464,,6.699571,0.397051,9.583823,3.722549,9.622260,4.235110,2,8,,,,,,,,,
1780296910.304973,,,UI_STATUS_SEND,39,,,,17.763014,197.763014,6.759846,,,,,,3,0,,39,1,-1,13.440000,mono,,,
1780296910.463494,,,MATCH_ACCEPT,40,0,337.835795,5.324583,337.854024,,5.251250,0.075565,6.943556,1.962370,1.925449,1.925449,0,5,,,,,,,,,
1780296910.463494,,,TargetLost,39,,,,,,,,,,,,,,not_in_valid_tracks,,,,,,,,
1780296910.746307,,,MATCH_ACCEPT,39,0,12.651748,6.832500,17.551379,,7.181049,4.912013,8.935199,3.290133,7.679361,3.145613,2,8,,,,,,,,,
1780296910.746307,,,UI_STATUS_SEND,39,,,,14.850176,194.850176,6.948174,,,,,,3,0,,39,1,-1,13.440000,mono,,,
1780296910.849205,,,MATCH_ACCEPT,40,0,337.858581,5.228333,337.847441,,5.313322,0.085716,8.361095,2.907397,4.942885,3.510071,0,7,,,,,,,,,
1780296910.849205,,,TargetLost,39,,,,,,,,,,,,,,not_in_valid_tracks,,,,,,,,
1780296911.141462,,,MATCH_ACCEPT,39,0,10.970107,6.809583,13.941459,,7.245789,3.003200,8.506930,3.004620,6.361174,2.666566,2,7,,,,,,,,,
1780296911.141462,,,UI_STATUS_SEND,39,,,,12.442686,192.442686,6.970747,,,,,,3,0,,39,1,-1,13.440000,mono,,,
1780296911.632429,,no_packet,TRACK_DELETE,40,,,,337.852498,,5.234725,,,,14.175685,7.973929,0,12,,,,,,,,,
1780296911.976645,,no_packet,TRACK_DELETE,39,,,,9.685642,,7.393167,,,,10.757100,5.838310,3,12,,,,,,,,,
1780296912.320270,,,NEW_TRACK,41,0,10.165744,7.277083,,,,,,,1.000000,1.000000,1,0,,,,,,,,,
1780296912.320270,,,TargetLost,39,,,,,,,,,,,,,,not_in_valid_tracks,,,,,,,,
1780296912.416984,,,MATCH_REJECT,41,0,37.578457,13.113958,10.165744,,7.277083,28.027236,6.278063,1.545109,1.193680,1.193680,1,2,,,,,,,,,
1780296912.416984,,,NEW_TRACK,42,0,37.578457,13.113958,,,,,,,1.000000,1.000000,1,0,,,,,,,,,
1780296912.416984,,,TargetLost,39,,,,,,,,,,,,,,not_in_valid_tracks,,,,,,,,
1780296912.449869,,,MATCH_ACCEPT,41,0,8.331435,6.704167,10.165744,,7.277083,1.921697,6.396588,1.624125,1.318892,1.318892,0,3,,,,,,,,,
1780296912.449869,,,TargetLost,39,,,,,,,,,,,,,,not_in_valid_tracks,,,,,,,,
1780296912.636133,,,MATCH_REJECT,41,0,337.835795,5.232917,9.779744,,6.962396,31.990733,6.794643,1.863095,2.000491,1.470633,1,3,,,,,,,,,
1780296912.636133,,,NEW_TRACK,43,0,337.835795,5.232917,,,,,,,1.000000,1.000000,1,0,,,,,,,,,
1780296912.636133,,,TargetLost,39,,,,,,,,,,,,,,not_in_valid_tracks,,,,,,,,
1780296912.791215,,,MATCH_REJECT,42,0,26.887051,10.570208,37.578457,,13.113958,10.989851,5.952329,2.367753,2.803126,2.803126,0,7,,,,,,,,,
1780296912.791215,,,NEW_TRACK,44,0,26.887051,10.570208,,,,,,,1.000000,1.000000,1,0,,,,,,,,,
1780296912.791215,,,TargetLost,39,,,,,,,,,,,,,,not_in_valid_tracks,,,,,,,,
1780296912.887816,,,MATCH_ACCEPT,41,0,8.516004,7.212917,9.698076,,6.895816,1.223866,8.295515,2.863676,4.489214,3.711429,0,8,,,,,,,,,
1780296912.887816,,,MATCH_REJECT,44,1,7.786837,7.359583,26.887051,,10.570208,19.368176,4.718152,1.544968,1.193463,1.193463,1,2,,,,,,,,,
1780296912.887816,,,NEW_TRACK,45,1,7.786837,7.359583,,,,,,,1.000000,1.000000,1,0,,,,,,,,,
1780296912.887816,,,TargetLost,39,,,,,,,,,,,,,,not_in_valid_tracks,,,,,,,,
1780296913.096378,,no_packet,TRACK_DELETE,42,,,,37.578457,,13.113958,,,,6.554163,6.554163,0,12,,,,,,,,,
1780296913.107563,,,MATCH_ACCEPT,44,0,24.042698,9.878125,26.887051,,10.570208,2.927340,5.637601,2.157934,2.328339,2.328339,0,6,,,,,,,,,
1780296913.107563,,,TargetLost,39,,,,,,,,,,,,,,not_in_valid_tracks,,,,,,,,
1780296913.221809,,,MATCH_ACCEPT,45,0,7.210342,6.800417,7.786837,,7.359583,0.803128,7.315677,2.210451,2.443047,2.443047,0,6,,,,,,,,,
1780296913.221809,,,TargetLost,39,,,,,,,,,,,,,,not_in_valid_tracks,,,,,,,,
1780296913.291348,,no_packet,TRACK_DELETE,43,,,,337.835795,,5.232917,,,,6.188258,6.188258,0,12,,,,,,,,,
1780296913.568312,,,MATCH_REJECT,45,0,337.844909,5.242083,7.544671,,6.849819,29.743245,8.270255,2.846837,4.949787,3.154692,1,5,,,,,,,,,
1780296913.568312,,,NEW_TRACK,46,0,337.844909,5.242083,,,,,,,1.000000,1.000000,1,0,,,,,,,,,
1780296913.568312,,,TargetLost,39,,,,,,,,,,,,,,not_in_valid_tracks,,,,,,,,
1780296913.638760,,no_packet,TRACK_DELETE,41,,,,8.473503,,7.161849,,,,13.700446,7.970404,0,12,,,,,,,,,
1780296913.660444,,,MATCH_ACCEPT,45,0,7.112358,7.254167,7.523360,,6.804958,0.608860,8.833817,3.222545,6.254870,4.129925,0,7,,,,,,,,,
1780296913.660444,,,TargetLost,39,,,,,,,,,,,,,,not_in_valid_tracks,,,,,,,,
1780296913.868101,,no_packet,TRACK_DELETE,44,,,,23.759375,,9.393236,,,,9.513553,6.603602,0,12,,,,,,,,,
1780296914.356464,,no_packet,TRACK_DELETE,46,,,,337.844909,,5.242083,,,,8.288601,8.288601,0,12,,,,,,,,,
1780296914.413795,,,MATCH_ACCEPT,45,0,12.669977,6.928750,6.969169,,7.071741,5.702601,10.771037,4.514025,13.440588,6.935830,1,11,,,,,,,,,
1780296914.413795,,,TargetLost,39,,,,,,,,,,,,,,not_in_valid_tracks,,,,,,,,
1780296914.827337,,,MATCH_ACCEPT,45,0,14.456435,6.759167,11.831951,,6.882079,2.627361,8.974583,3.316389,7.961710,3.036724,2,6,,,,,,,,,
1780296914.827337,,,TargetLost,39,,,,,,,,,,,,,,not_in_valid_tracks,,,,,,,,
1780296914.827337,,,TargetSwitch,45,,,,,,,,,,,,,,master_lost,,,,,,,,
1780296914.827337,,,UI_STATUS_SEND,45,,,,13.302244,193.302244,6.800924,,,,,,3,0,,45,1,-1,13.440000,mono,,,
1780296915.364419,,,MATCH_ACCEPT,45,0,14.916722,6.837083,15.080492,,6.669653,0.234208,8.957198,3.304799,7.616684,3.305011,3,8,,,,,,,,,
1780296915.364419,,,UI_STATUS_SEND,45,,,,14.990536,194.990536,6.783337,,,,,,4,0,,45,1,-1,13.440000,mono,,,
1780296915.556391,,,MATCH_REJECT,45,0,337.826680,5.251250,15.615348,,6.754637,37.818561,7.739776,2.493184,4.554556,1.661410,4,3,,,,,,,,,
1780296915.556391,,,NEW_TRACK,47,0,337.826680,5.251250,,,,,,,1.000000,1.000000,1,0,,,,,,,,,
1780296915.556391,,,TargetLost,45,,,,,,,,,,,,,,not_in_valid_tracks,,,,,,,,
1780296915.777099,,,MATCH_ACCEPT,45,0,15.618545,6.232083,16.333683,,6.721642,0.866655,8.490805,2.993870,6.273419,2.689840,3,7,,,,,,,,,
1780296915.777099,,,UI_STATUS_SEND,45,,,,15.975445,195.975445,6.411969,,,,,,4,0,,45,1,-1,13.440000,mono,,,
1780296916.342286,,no_packet,TRACK_DELETE,47,,,,337.826680,,5.251250,,,,8.232032,8.232032,0,12,,,,,,,,,
1780296916.618088,,no_packet,TRACK_DELETE,45,,,,18.521822,,6.063764,,,,10.415761,5.662383,4,12,,,,,,,,,
1780296917.189578,,,NEW_TRACK,48,0,338.264180,5.067917,,,,,,,1.000000,1.000000,1,0,,,,,,,,,
1780296917.189578,,,TargetLost,45,,,,,,,,,,,,,,not_in_valid_tracks,,,,,,,,
1780296917.549013,,,MATCH_ACCEPT,48,0,337.129415,7.455833,338.264180,,5.067917,2.643830,7.436248,2.290832,2.623956,2.623956,1,6,,,,,,,,,
1780296917.549013,,,TargetLost,45,,,,,,,,,,,,,,not_in_valid_tracks,,,,,,,,
1780296918.288950,,,MATCH_ACCEPT,48,0,337.844909,5.251250,337.574400,,8.144685,2.906052,10.730451,4.486968,11.902097,8.230781,2,11,,,,,,,,,
1780296918.288950,,,TargetLost,45,,,,,,,,,,,,,,not_in_valid_tracks,,,,,,,,
1780296918.288950,,,TargetSwitch,48,,,,,,,,,,,,,,master_lost,,,,,,,,
1780296918.288950,,,UI_STATUS_SEND,48,,,,337.751769,157.751769,5.712892,,,,,,3,0,,48,1,-1,26.430000,mono,,,
1780296918.568216,,,MATCH_REJECT,48,0,15.249404,5.365833,337.661640,,5.655745,37.588883,8.572617,3.048411,6.775837,2.516973,3,4,,,,,,,,,
1780296918.568216,,,NEW_TRACK,49,0,15.249404,5.365833,,,,,,,1.000000,1.000000,1,0,,,,,,,,,
1780296918.568216,,,TargetLost,48,,,,,,,,,,,,,,not_in_valid_tracks,,,,,,,,
1780296918.964309,,,MATCH_ACCEPT,49,0,15.481826,8.189167,15.249404,,5.365833,2.832884,7.621128,2.414085,2.913904,2.913904,1,6,,,,,,,,,
1780296918.964309,,,TargetLost,48,,,,,,,,,,,,,,not_in_valid_tracks,,,,,,,,
1780296919.104274,,no_packet,TRACK_DELETE,48,,,,337.488633,,5.546051,,,,14.875152,6.852916,1,12,,,,,,,,,
1780296919.404744,,,MATCH_REJECT,49,0,337.876810,5.260417,15.369651,,8.356113,37.620426,8.937093,3.291395,6.700919,4.132362,2,7,,,,,,,,,
1780296919.404744,,,NEW_TRACK,50,0,337.876810,5.260417,,,,,,,1.000000,1.000000,1,0,,,,,,,,,
1780296919.404744,,,TargetLost,48,,,,,,,,,,,,,,not_in_valid_tracks,,,,,,,,
1780296919.447423,,,MATCH_ACCEPT,49,0,15.258519,9.710833,15.374142,,8.467788,1.248412,9.196350,3.464234,7.382452,4.618462,1,8,,,,,,,,,
1780296919.447423,,,TargetLost,48,,,,,,,,,,,,,,not_in_valid_tracks,,,,,,,,
1780296920.182862,,,MATCH_ACCEPT,49,0,15.117243,8.835417,15.341335,,12.104215,3.276470,10.608251,4.405501,13.004800,6.403638,2,11,,,,,,,,,
1780296920.182862,,,TRACK_DELETE,50,,,,337.876810,,5.260417,,,,8.090440,8.090440,0,12,,,,,,,,,
1780296920.182862,,,TargetLost,48,,,,,,,,,,,,,,not_in_valid_tracks,,,,,,,,
1780296920.182862,,,TargetSwitch,49,,,,,,,,,,,,,,master_lost,,,,,,,,
1780296920.182862,,,UI_STATUS_SEND,49,,,,15.189982,195.189982,9.476568,,,,,,3,0,,49,1,-1,26.430000,mono,,,
1780296920.436946,,,MATCH_REJECT,49,0,337.817566,5.315417,15.173387,,9.860356,37.631288,8.352251,2.901501,6.225320,2.193388,3,4,,,,,,,,,
1780296920.436946,,,NEW_TRACK,51,0,337.817566,5.315417,,,,,,,1.000000,1.000000,1,0,,,,,,,,,
1780296920.436946,,,TargetLost,49,,,,,,,,,,,,,,not_in_valid_tracks,,,,,,,,
1780296920.588074,,,MATCH_ACCEPT,49,0,15.048883,7.396250,15.163517,,10.088632,2.694821,8.922243,3.281496,7.761875,3.006338,2,7,,,,,,,,,
1780296920.588074,,,UI_STATUS_SEND,49,,,,15.100016,195.100016,8.317020,,,,,,3,0,,49,1,-1,26.430000,mono,,,
1780296921.131123,,,MATCH_ACCEPT,49,0,14.994196,5.246667,15.042307,,8.336564,3.090271,8.985996,3.323998,7.642421,3.406539,3,8,,,,,,,,,
1780296921.131123,,,UI_STATUS_SEND,49,,,,15.015840,195.015840,6.218276,,,,,,4,0,,49,1,-1,26.430000,mono,,,
1780296921.202832,,no_packet,TRACK_DELETE,51,,,,337.817566,,5.315417,,,,7.902586,7.902586,0,12,,,,,,,,,
1780296921.316756,,,MATCH_REJECT,49,0,337.835795,5.214583,14.992984,,5.887081,37.163275,7.739143,2.492762,4.544314,1.669548,4,3,,,,,,,,,
1780296921.316756,,,NEW_TRACK,52,0,337.835795,5.214583,,,,,,,1.000000,1.000000,1,0,,,,,,,,,
1780296921.316756,,,TargetLost,49,,,,,,,,,,,,,,not_in_valid_tracks,,,,,,,,
1780296921.480408,,,MATCH_ACCEPT,49,0,6.955132,6.894375,14.972835,,5.595104,8.122294,8.297305,2.864870,5.795110,2.412371,3,6,,,,,,,,,
1780296921.480408,,,UI_STATUS_SEND,49,,,,11.115380,191.115380,6.383639,,,,,,4,0,,49,1,-1,159.930000,mono,,,
1780296921.751767,,,MATCH_ACCEPT,49,0,8.338271,8.338125,10.402406,,6.087879,3.053565,6.201603,2.533936,4.580348,1.840481,4,4,,,,,,,,,
1780296921.751767,,,UI_STATUS_SEND,49,,,,8.981785,188.981785,7.843374,,,,,,5,0,,49,1,-1,159.930000,mono,,,
1780296921.968552,,,MATCH_ACCEPT,49,0,8.324599,8.310625,8.200907,,7.968869,0.363451,5.048650,1.765300,2.218282,0.898003,5,4,,,,,,,,,
1780296921.968552,,,UI_STATUS_SEND,49,,,,8.264820,188.264820,8.185497,,,,,,6,0,,49,1,-1,159.930000,mono,,,
1780296922.036792,,no_packet,TRACK_DELETE,52,,,,337.835795,,5.214583,,,,7.136522,7.136522,0,12,,,,,,,,,
1780296922.473585,,,MATCH_REJECT,49,0,337.863139,5.260417,6.471307,,8.598328,28.802239,5.821828,2.280752,3.321580,1.880251,6,8,,,,,,,,,
1780296922.473585,,,NEW_TRACK,53,0,337.863139,5.260417,,,,,,,1.000000,1.000000,1,0,,,,,,,,,
1780296922.473585,,,TargetLost,49,,,,,,,,,,,,,,not_in_valid_tracks,,,,,,,,
1780296922.754014,,no_packet,TRACK_DELETE,49,,,,5.475426,,8.827560,,,,5.579294,3.575242,5,12,,,,,,,,,
1780296923.311126,,no_packet,TRACK_DELETE,53,,,,337.863139,,5.260417,,,,9.108231,9.108231,1,12,,,,,,,,,
1780296926.820225,,,NEW_TRACK,54,0,337.826680,5.269583,,,,,,,1.000000,1.000000,1,0,,,,,,,,,
1780296926.820225,,,TargetLost,49,,,,,,,,,,,,,,not_in_valid_tracks,,,,,,,,
1780296927.647476,,no_packet,TRACK_DELETE,54,,,,337.826680,,5.269583,,,,8.919947,8.919947,1,12,,,,,,,,,
1780296927.879076,,,NEW_TRACK,55,0,337.817566,5.260417,,,,,,,1.000000,1.000000,1,0,,,,,,,,,
1780296927.879076,,,TargetLost,49,,,,,,,,,,,,,,not_in_valid_tracks,,,,,,,,
1780296928.360243,,,MATCH_ACCEPT,55,0,337.835795,5.269583,337.817566,,5.260417,0.020404,8.107966,2.738644,3.750086,3.750086,1,7,,,,,,,,,
1780296928.360243,,,TargetLost,49,,,,,,,,,,,,,,not_in_valid_tracks,,,,,,,,
1780296929.196860,,no_packet,TRACK_DELETE,55,,,,337.832175,,5.274246,,,,14.928346,9.260769,2,12,,,,,,,,,
1780296929.468330,,,NEW_TRACK,56,0,337.872253,5.223750,,,,,,,1.000000,1.000000,1,0,,,,,,,,,
1780296929.468330,,,TargetLost,49,,,,,,,,,,,,,,not_in_valid_tracks,,,,,,,,
1780296930.303983,,no_packet,TRACK_DELETE,56,,,,337.872253,,5.223750,,,,9.074412,9.074412,1,12,,,,,,,,,
1780296933.194565,,,NEW_TRACK,57,0,337.831237,5.269583,,,,,,,1.000000,1.000000,1,0,,,,,,,,,
1780296933.194565,,,TargetLost,49,,,,,,,,,,,,,,not_in_valid_tracks,,,,,,,,
1780296933.905973,,,MATCH_ACCEPT,57,0,337.826680,5.251250,337.831237,,5.269583,0.018891,9.572770,3.715180,6.901280,6.901280,1,11,,,,,,,,,
1780296933.905973,,,TargetLost,49,,,,,,,,,,,,,,not_in_valid_tracks,,,,,,,,
1780296934.291505,,,MATCH_ACCEPT,57,0,337.835795,5.200833,337.827809,,5.248154,0.047990,8.991066,3.327378,7.596483,3.474958,2,6,,,,,,,,,
1780296934.291505,,,TargetLost,49,,,,,,,,,,,,,,not_in_valid_tracks,,,,,,,,
1780296934.291505,,,TargetSwitch,57,,,,,,,,,,,,,,master_lost,,,,,,,,
1780296934.291505,,,UI_STATUS_SEND,57,,,,337.832190,157.832190,5.215511,,,,,,3,0,,57,1,-1,26.430000,mono,,,
1780296935.014647,,,MATCH_ACCEPT,57,0,338.255066,4.852500,337.833082,,5.179120,0.533621,10.201978,4.134652,11.593120,5.502228,3,11,,,,,,,,,
1780296935.014647,,,UI_STATUS_SEND,57,,,,338.107255,158.107255,4.924738,,,,,,4,0,,57,1,-1,26.430000,mono,,,
1780296935.857986,,no_packet,TRACK_DELETE,57,,,,338.262026,,4.706876,,,,12.810178,6.195990,4,12,,,,,,,,,
1780296938.007360,,,NEW_TRACK,58,0,337.863139,5.251250,,,,,,,1.000000,1.000000,1,0,,,,,,,,,
1780296938.007360,,,TargetLost,57,,,,,,,,,,,,,,not_in_valid_tracks,,,,,,,,
1780296938.848784,,no_packet,TRACK_DELETE,58,,,,337.863139,,5.251250,,,,9.176133,9.176133,1,12,,,,,,,,,
1780296939.185431,,,NEW_TRACK,59,0,337.835795,5.214583,,,,,,,1.000000,1.000000,1,0,,,,,,,,,
1780296939.185431,,,TargetLost,57,,,,,,,,,,,,,,not_in_valid_tracks,,,,,,,,
1780296939.575886,,,MATCH_ACCEPT,59,0,337.434753,7.290833,337.835795,,5.214583,2.114627,7.591822,2.394548,2.866931,2.866931,1,6,,,,,,,,,
1780296939.575886,,,TargetLost,57,,,,,,,,,,,,,,not_in_valid_tracks,,,,,,,,
1780296940.414425,,no_packet,TRACK_DELETE,59,,,,337.558983,,8.164272,,,,14.343999,9.747434,2,12,,,,,,,,,
1780296940.658313,,,NEW_TRACK,60,0,337.826680,5.232917,,,,,,,1.000000,1.000000,1,0,,,,,,,,,
1780296940.658313,,,TargetLost,57,,,,,,,,,,,,,,not_in_valid_tracks,,,,,,,,
1780296941.495921,,no_packet,TRACK_DELETE,60,,,,337.826680,,5.232917,,,,9.109568,9.109568,1,12,,,,,,,,,
1780296944.975773,,,NEW_TRACK,61,0,337.840352,5.232917,,,,,,,1.000000,1.000000,1,0,,,,,,,,,
1780296944.975773,,,TargetLost,57,,,,,,,,,,,,,,not_in_valid_tracks,,,,,,,,
1780296945.344168,,,MATCH_ACCEPT,61,0,337.890482,5.315417,337.840352,,5.232917,0.096536,7.480617,2.320411,2.692154,2.692154,1,6,,,,,,,,,
1780296945.344168,,,TargetLost,57,,,,,,,,,,,,,,not_in_valid_tracks,,,,,,,,
1780296946.187568,,no_packet,TRACK_DELETE,61,,,,337.873612,,5.347958,,,,14.305671,9.968960,2,12,,,,,,,,,
1780296947.384023,,,NEW_TRACK,62,0,337.746928,12.857292,,,,,,,1.000000,1.000000,1,0,,,,,,,,,
1780296947.384023,,,TargetLost,57,,,,,,,,,,,,,,not_in_valid_tracks,,,,,,,,
1780296947.738988,,,MATCH_ACCEPT,62,0,341.406433,11.051458,337.746928,,12.857292,4.080810,5.815861,2.276774,2.591851,2.591851,1,6,,,,,,,,,
1780296947.738988,,,TargetLost,57,,,,,,,,,,,,,,not_in_valid_tracks,,,,,,,,
1780296948.195054,,,MATCH_ACCEPT,62,0,343.703308,9.259375,341.102382,,10.373157,2.829369,6.542947,2.761498,4.794314,2.831559,2,7,,,,,,,,,
1780296948.195054,,,TargetLost,57,,,,,,,,,,,,,,not_in_valid_tracks,,,,,,,,
1780296948.195054,,,TargetSwitch,62,,,,,,,,,,,,,,master_lost,,,,,,,,
1780296948.195054,,,UI_STATUS_SEND,62,,,,342.917701,162.917701,9.431816,,,,,,3,0,,62,1,-1,159.930000,mono,,,
1780296949.028394,,no_packet,TRACK_DELETE,62,,,,347.125252,,6.540486,,,,8.852253,4.970136,3,12,,,,,,,,,
1780296951.769987,,,NEW_TRACK,63,0,9.602920,3.399583,,,,,,,1.000000,1.000000,1,0,,,,,,,,,
1780296951.769987,,,TargetLost,62,,,,,,,,,,,,,,not_in_valid_tracks,,,,,,,,
1780296952.300922,,,MATCH_ACCEPT,63,0,9.589248,3.899167,9.602920,,3.399583,0.499770,8.416661,2.944441,4.334866,4.334866,1,8,,,,,,,,,
1780296952.300922,,,TargetLost,62,,,,,,,,,,,,,,not_in_valid_tracks,,,,,,,,
1780296952.626338,,,MATCH_ACCEPT,63,0,9.575576,3.894583,9.594941,,3.922896,0.034301,8.491726,2.994484,5.916281,3.050652,2,5,,,,,,,,,
1780296952.626338,,,TargetLost,62,,,,,,,,,,,,,,not_in_valid_tracks,,,,,,,,
1780296952.626338,,,TargetSwitch,63,,,,,,,,,,,,,,master_lost,,,,,,,,
1780296952.626338,,,UI_STATUS_SEND,63,,,,9.585524,189.585524,3.904173,,,,,,3,0,,63,1,-1,25.150000,mono,,,
1780296952.711414,,,MATCH_REJECT,63,0,337.835795,5.251250,9.584055,,3.943088,31.775200,7.389310,2.259540,3.731964,1.373557,3,2,,,,,,,,,
1780296952.711414,,,NEW_TRACK,64,0,337.835795,5.251250,,,,,,,1.000000,1.000000,1,0,,,,,,,,,
1780296952.711414,,,TargetLost,63,,,,,,,,,,,,,,not_in_valid_tracks,,,,,,,,
1780296952.845355,,,MATCH_ACCEPT,63,0,9.639378,4.077917,9.581742,,4.004354,0.093453,7.953691,2.635794,4.960302,1.987107,2,4,,,,,,,,,
1780296952.845355,,,UI_STATUS_SEND,63,,,,9.607245,189.607245,4.045535,,,,,,3,0,,63,1,-1,25.150000,mono,,,
1780296953.406228,,,MATCH_ACCEPT,63,0,9.593805,4.884583,9.611039,,4.328149,0.556701,9.120571,3.413714,7.918008,3.735435,3,9,,,,,,,,,
1780296953.406228,,,UI_STATUS_SEND,63,,,,9.601408,189.601408,4.720476,,,,,,4,0,,63,1,-1,25.150000,mono,,,
1780296953.477363,,no_packet,TRACK_DELETE,64,,,,337.835795,,5.251250,,,,7.850620,7.850620,0,12,,,,,,,,,
1780296954.009047,,,MATCH_ACCEPT,63,0,9.712295,6.186250,9.601139,,5.243296,0.949482,9.417514,3.611676,8.913579,4.130625,4,9,,,,,,,,,
1780296954.009047,,,UI_STATUS_SEND,63,,,,9.666480,189.666480,5.927453,,,,,,5,0,,63,1,-1,25.150000,mono,,,
1780296954.371157,,,MATCH_ACCEPT,63,0,9.698623,6.681250,9.681723,,6.447232,0.234628,8.453538,2.969025,6.277566,2.537545,5,6,,,,,,,,,
1780296954.371157,,,UI_STATUS_SEND,63,,,,9.690192,189.690192,6.592067,,,,,,6,0,,63,1,-1,25.150000,mono,,,
1780296954.490356,,,MATCH_REJECT,63,0,337.835795,5.269583,9.695858,,6.777918,31.895747,7.379544,2.253030,3.768716,1.307426,6,2,,,,,,,,,
1780296954.490356,,,NEW_TRACK,65,0,337.835795,5.269583,,,,,,,1.000000,1.000000,1,0,,,,,,,,,
1780296954.490356,,,TargetLost,63,,,,,,,,,,,,,,not_in_valid_tracks,,,,,,,,
1780296955.152956,,,MATCH_ACCEPT,63,0,9.735081,6.699583,9.727353,,7.811016,1.111459,9.785944,3.857296,9.749729,5.129005,5,12,,,,,,,,,
1780296955.152956,,,UI_STATUS_SEND,63,,,,9.732063,189.732063,6.959108,,,,,,6,0,,63,1,-1,25.150000,mono,,,
1780296955.289145,,no_packet,TRACK_DELETE,65,,,,337.835795,,5.269583,,,,8.405209,8.405209,0,12,,,,,,,,,
1780296955.609633,,,MATCH_ACCEPT,63,0,9.748753,6.708750,9.755090,,7.365812,0.657092,8.823553,3.215702,7.235963,3.104775,6,7,,,,,,,,,
1780296955.609633,,,UI_STATUS_SEND,63,,,,9.751690,189.751690,6.928720,,,,,,7,0,,63,1,-1,25.150000,mono,,,
1780296955.863155,,,MATCH_ACCEPT,63,0,9.716852,6.717917,9.763937,,7.062790,0.348072,7.899957,2.599972,4.882640,1.877213,7,4,,,,,,,,,
1780296955.863155,,,UI_STATUS_SEND,63,,,,9.743286,189.743286,6.874576,,,,,,8,0,,63,1,-1,25.150000,mono,,,
1780296956.328553,,,MATCH_ACCEPT,63,0,9.725967,6.745417,9.759496,,7.042048,0.298520,8.327328,2.884885,5.689826,2.632738,8,7,,,,,,,,,
1780296956.328553,,,UI_STATUS_SEND,63,,,,9.743518,189.743518,6.855896,,,,,,9,0,,63,1,-1,25.150000,mono,,,
1780296956.623021,,,MATCH_ACCEPT,63,0,9.716852,6.763750,9.750551,,6.911675,0.151715,7.921574,2.614382,4.801061,2.033935,9,5,,,,,,,,,
1780296956.623021,,,UI_STATUS_SEND,63,,,,9.735911,189.735911,6.828017,,,,,,10,0,,63,1,-1,25.150000,mono,,,
1780296957.180316,,,MATCH_ACCEPT,63,0,9.671279,6.786667,9.743544,,6.890696,0.126666,8.715159,3.143439,6.623063,3.258147,10,8,,,,,,,,,
1780296957.180316,,,UI_STATUS_SEND,63,,,,9.706365,189.706365,6.820385,,,,,,11,0,,63,1,-1,25.150000,mono,,,
1780296957.587466,,,MATCH_ACCEPT,63,0,9.748753,6.814167,9.701538,,6.840901,0.054258,8.420178,2.946785,6.039523,2.644019,11,6,,,,,,,,,
1780296957.587466,,,UI_STATUS_SEND,63,,,,9.724741,189.724741,6.824097,,,,,,12,0,,63,1,-1,25.150000,mono,,,
1780296957.953782,,,MATCH_ACCEPT,63,0,10.268284,6.800417,9.726123,,6.837180,0.543406,8.181868,2.787912,5.448417,2.324036,12,6,,,,,,,,,
1780296957.953782,,,UI_STATUS_SEND,63,,,,9.978629,189.978629,6.815196,,,,,,13,0,,63,1,-1,25.150000,mono,,,
1780296958.299762,,,MATCH_ACCEPT,63,0,10.436904,6.850833,10.038706,,6.820841,0.399326,8.012685,2.675124,5.020702,2.135585,13,5,,,,,,,,,
1780296958.299762,,,UI_STATUS_SEND,63,,,,10.216089,190.216089,6.838161,,,,,,14,0,,63,1,-1,25.150000,mono,,,
1780296958.752450,,,MATCH_ACCEPT,63,0,10.496149,6.850833,10.350231,,6.852817,0.145931,8.351086,2.900724,5.746141,2.668060,14,7,,,,,,,,,
1780296958.752450,,,UI_STATUS_SEND,63,,,,10.420126,190.420126,6.851566,,,,,,15,0,,63,1,-1,25.150000,mono,,,
1780296959.023717,,,MATCH_ACCEPT,63,0,10.518935,6.864583,10.513514,,6.860044,0.007070,7.826050,2.550700,4.614736,1.891334,15,4,,,,,,,,,
1780296959.023717,,,UI_STATUS_SEND,63,,,,10.515817,190.515817,6.862530,,,,,,16,0,,63,1,-1,25.150000,mono,,,
1780296959.432762,,,MATCH_ACCEPT,63,0,10.546279,6.855417,10.657296,,6.876257,0.112956,8.105723,2.737149,5.163262,2.328720,16,6,,,,,,,,,
1780296959.432762,,,UI_STATUS_SEND,63,,,,10.607073,190.607073,6.863785,,,,,,17,0,,63,1,-1,25.150000,mono,,,
1780296959.848468,,,MATCH_ACCEPT,63,0,10.473363,6.786667,10.736191,,6.872943,0.276627,8.243348,2.828899,5.504887,2.497780,17,6,,,,,,,,,
1780296959.848468,,,UI_STATUS_SEND,63,,,,10.613107,190.613107,6.819868,,,,,,18,0,,63,1,-1,25.150000,mono,,,
1780296960.361185,,,MATCH_ACCEPT,63,0,10.537165,6.846250,10.728643,,6.806617,0.195537,8.651724,3.101149,6.526827,3.090298,18,8,,,,,,,,,
1780296960.361185,,,UI_STATUS_SEND,63,,,,10.630830,190.630830,6.832940,,,,,,19,0,,63,1,-1,25.150000,mono,,,
1780296961.080740,,,MATCH_ACCEPT,63,0,10.541722,6.814167,10.746180,,6.830471,0.205107,9.580478,3.720319,9.169747,4.671024,19,11,,,,,,,,,
1780296961.080740,,,UI_STATUS_SEND,63,,,,10.624594,190.624594,6.818254,,,,,,20,0,,63,1,-1,25.150000,mono,,,
1780296961.518546,,,MATCH_ACCEPT,63,0,10.569066,6.855417,10.661890,,6.812575,0.102234,8.714399,3.142933,6.925822,2.952206,20,7,,,,,,,,,
1780296961.518546,,,UI_STATUS_SEND,63,,,,10.613097,190.613097,6.840589,,,,,,21,0,,63,1,-1,25.150000,mono,,,
1780296961.816864,,,MATCH_ACCEPT,63,0,10.546279,6.864583,10.629426,,6.843637,0.085745,8.026322,2.684215,5.139928,2.065081,21,5,,,,,,,,,
1780296961.816864,,,UI_STATUS_SEND,63,,,,10.591905,190.591905,6.855561,,,,,,22,0,,63,1,-1,25.150000,mono,,,
1780296961.984428,,,MATCH_REJECT,63,0,337.872253,5.196250,10.596955,,6.859068,32.766920,7.388625,2.259083,3.707075,1.396382,22,3,,,,,,,,,
1780296961.984428,,,NEW_TRACK,66,0,337.872253,5.196250,,,,,,,1.000000,1.000000,1,0,,,,,,,,,
1780296961.984428,,,TargetLost,63,,,,,,,,,,,,,,not_in_valid_tracks,,,,,,,,
1780296962.108761,,,MATCH_REJECT,63,0,23.226943,7.219792,10.600702,,6.861669,12.631319,7.796242,2.530828,4.516760,1.888332,21,5,,,,,,,,,
1780296962.108761,,,NEW_TRACK,67,0,23.226943,7.219792,,,,,,,1.000000,1.000000,1,0,,,,,,,,,
1780296962.108761,,,TargetLost,63,,,,,,,,,,,,,,not_in_valid_tracks,,,,,,,,
1780296962.233930,,,MATCH_ACCEPT,63,0,10.505264,6.864583,10.604474,,6.864289,0.099211,8.241130,2.827420,5.486777,2.507527,20,7,,,,,,,,,
1780296962.233930,,,UI_STATUS_SEND,63,,,,10.558095,190.558095,6.864470,,,,,,21,0,,63,1,-1,25.150000,mono,,,
1780296962.743016,,,MATCH_ACCEPT,63,0,10.541722,6.869167,10.557074,,6.875210,0.016498,8.691686,3.127791,6.587798,3.195278,21,8,,,,,,,,,
1780296962.743016,,,TRACK_DELETE,66,,,,337.872253,,5.196250,,,,7.744231,7.744231,0,12,,,,,,,,,
1780296962.743016,,,UI_STATUS_SEND,63,,,,10.549196,190.549196,6.871151,,,,,,22,0,,63,1,-1,25.150000,mono,,,
1780296962.882768,,no_packet,TRACK_DELETE,67,,,,23.226943,,7.219792,,,,7.994463,7.994463,0,12,,,,,,,,,
1780296963.126967,,,MATCH_REJECT,63,0,337.143086,7.455833,10.546353,,6.877873,33.408267,8.352951,2.901968,5.865119,2.556297,22,6,,,,,,,,,
1780296963.126967,,,NEW_TRACK,68,0,337.143086,7.455833,,,,,,,1.000000,1.000000,1,0,,,,,,,,,
1780296963.126967,,,TargetLost,63,,,,,,,,,,,,,,not_in_valid_tracks,,,,,,,,
1780296963.366070,,,MATCH_ACCEPT,68,0,339.120609,7.542917,337.143086,,7.455833,1.979439,6.829926,1.886617,1.779662,1.779662,1,4,,,,,,,,,
1780296963.366070,,,TargetLost,63,,,,,,,,,,,,,,not_in_valid_tracks,,,,,,,,
1780296963.393142,,,MATCH_ACCEPT,63,0,10.537165,6.878333,10.544383,,6.882533,0.008351,9.406344,3.604229,8.651883,4.338585,20,11,,,,,,,,,
1780296963.393142,,,UI_STATUS_SEND,63,,,,10.540192,190.540192,6.879445,,,,,,21,0,,63,1,-1,25.150000,mono,,,
1780296963.626891,,,MATCH_ACCEPT,63,0,10.487034,6.887500,10.537833,,6.882954,0.051001,8.005490,2.670326,5.165669,1.964974,21,4,,,,,,,,,
1780296963.626891,,,UI_STATUS_SEND,63,,,,10.514846,190.514846,6.885486,,,,,,22,0,,63,1,-1,25.150000,mono,,,
1780296964.090193,,,MATCH_ACCEPT,63,0,10.514378,6.892083,10.503127,,6.893476,0.011337,8.389834,2.926556,5.883587,2.681142,22,7,,,,,,,,,
1780296964.090193,,,TRACK_DELETE,68,,,,338.018539,,7.548456,,,,10.422472,8.215314,0,12,,,,,,,,,
1780296964.090193,,,UI_STATUS_SEND,63,,,,10.508583,190.508583,6.892596,,,,,,23,0,,63,1,-1,25.150000,mono,,,
1780296964.347980,,,MATCH_ACCEPT,63,0,10.459691,6.832500,10.503035,,6.896831,0.077571,7.817495,2.544997,4.602253,1.874756,23,4,,,,,,,,,
1780296964.347980,,,UI_STATUS_SEND,63,,,,10.484653,190.484653,6.861743,,,,,,24,0,,63,1,-1,25.150000,mono,,,
1780296964.527943,,,MATCH_REJECT,63,0,337.945170,5.012917,10.478441,,6.858696,32.585589,7.354661,2.236441,3.608976,1.392691,24,3,,,,,,,,,
1780296964.527943,,,NEW_TRACK,69,0,337.945170,5.012917,,,,,,,1.000000,1.000000,1,0,,,,,,,,,
1780296964.527943,,,TargetLost,63,,,,,,,,,,,,,,not_in_valid_tracks,,,,,,,,
1780296964.724679,,,MATCH_ACCEPT,63,0,10.464248,6.901250,10.471649,,6.855365,0.046478,8.026030,2.684020,4.978552,2.225413,23,6,,,,,,,,,
1780296964.724679,,,UI_STATUS_SEND,63,,,,10.468368,190.468368,6.882322,,,,,,24,0,,63,1,-1,25.150000,mono,,,
1780296965.221612,,,MATCH_ACCEPT,63,0,10.446019,6.832500,10.450039,,6.886627,0.054277,8.567544,3.045029,6.258214,3.013990,24,8,,,,,,,,,
1780296965.221612,,,UI_STATUS_SEND,63,,,,10.448028,190.448028,6.850980,,,,,,25,0,,63,1,-1,25.150000,mono,,,
1780296965.293850,,no_packet,TRACK_DELETE,69,,,,337.945170,,5.012917,,,,7.851928,7.851928,0,12,,,,,,,,,
1780296965.591421,,,MATCH_ACCEPT,63,0,10.518935,6.896667,10.433873,,6.842563,0.100811,8.265712,2.843808,5.636826,2.450418,25,6,,,,,,,,,
1780296965.591421,,,UI_STATUS_SEND,63,,,,10.474210,190.474210,6.875600,,,,,,26,0,,63,1,-1,25.150000,mono,,,
1780296965.997081,,,MATCH_ACCEPT,63,0,10.482477,6.814167,10.469929,,6.878338,0.065387,8.279134,2.852756,5.643860,2.494358,26,6,,,,,,,,,
1780296965.997081,,,UI_STATUS_SEND,63,,,,10.475883,190.475883,6.838882,,,,,,27,0,,63,1,-1,25.150000,mono,,,
1780296966.379761,,,MATCH_ACCEPT,63,0,10.482477,6.864583,10.473422,,6.827650,0.038027,8.209709,2.806472,5.469576,2.406712,27,6,,,,,,,,,
1780296966.379761,,,UI_STATUS_SEND,63,,,,10.477648,190.477648,6.850044,,,,,,28,0,,63,1,-1,25.150000,mono,,,
1780296966.606877,,,MATCH_REJECT,63,0,337.835795,5.251250,10.476850,,6.847995,32.680086,7.656778,2.437852,4.245848,1.697274,28,4,,,,,,,,,
1780296966.606877,,,NEW_TRACK,70,0,337.835795,5.251250,,,,,,,1.000000,1.000000,1,0,,,,,,,,,
1780296966.606877,,,TargetLost,63,,,,,,,,,,,,,,not_in_valid_tracks,,,,,,,,
1780296966.981642,,,MATCH_ACCEPT,70,0,337.817566,5.242083,337.835795,,5.251250,0.020404,7.512016,2.341344,2.740945,2.740945,1,6,,,,,,,,,
1780296966.981642,,,TargetLost,63,,,,,,,,,,,,,,not_in_valid_tracks,,,,,,,,
1780296967.120982,,no_packet,TRACK_DELETE,63,,,,10.475042,,6.843357,,,,9.095259,4.826947,26,12,,,,,,,,,
1780296967.164726,,,MATCH_REJECT,70,0,10.487034,6.850833,337.828786,,5.243887,32.697759,7.452084,2.301390,3.372055,1.924339,2,3,,,,,,,,,
1780296967.164726,,,NEW_TRACK,71,0,10.487034,6.850833,,,,,,,1.000000,1.000000,1,0,,,,,,,,,
1780296967.164726,,,TargetLost,63,,,,,,,,,,,,,,not_in_valid_tracks,,,,,,,,
1780296967.512295,,,MATCH_ACCEPT,71,0,10.464248,6.832500,10.487034,,6.850833,0.029246,7.345300,2.230200,2.486896,2.486896,1,5,,,,,,,,,
1780296967.512295,,,TargetLost,63,,,,,,,,,,,,,,not_in_valid_tracks,,,,,,,,
1780296967.741317,,,MATCH_ACCEPT,70,1,337.854024,5.232917,337.824215,,5.239084,0.030441,10.884273,4.589515,12.507854,8.555795,0,12,,,,,,,,,
1780296967.741317,,,MATCH_REJECT,71,0,338.291524,4.279583,10.478390,,6.835826,32.288213,7.637869,2.425246,3.668757,2.213061,2,4,,,,,,,,,
1780296967.741820,,,NEW_TRACK,72,0,338.291524,4.279583,,,,,,,1.000000,1.000000,1,0,,,,,,,,,
1780296967.741317,,,TargetLost,63,,,,,,,,,,,,,,not_in_valid_tracks,,,,,,,,
1780296968.079792,,,MATCH_ACCEPT,70,0,337.867696,5.269583,337.847182,,5.229393,0.045123,8.833635,3.222423,7.525274,2.858738,1,5,,,,,,,,,
1780296968.079792,,,TargetLost,63,,,,,,,,,,,,,,not_in_valid_tracks,,,,,,,,
1780296968.138603,,,MATCH_ACCEPT,71,0,10.400446,6.736250,10.474645,,6.829325,0.119031,9.990165,3.993444,9.468852,6.478740,0,10,,,,,,,,,
1780296968.138603,,,TargetLost,63,,,,,,,,,,,,,,not_in_valid_tracks,,,,,,,,
1780296968.357390,,,MATCH_ACCEPT,70,0,337.854024,5.251250,337.863262,,5.258315,0.011630,8.101578,2.734385,5.446620,2.030243,1,5,,,,,,,,,
1780296968.357390,,,TargetLost,63,,,,,,,,,,,,,,not_in_valid_tracks,,,,,,,,
1780296968.497627,,no_packet,TRACK_DELETE,72,,,,338.291524,,4.279583,,,,7.695082,7.695082,0,12,,,,,,,,,
1780296968.694968,,,MATCH_ACCEPT,71,0,10.446019,6.795833,10.400796,,6.701259,0.104830,9.789849,3.859900,10.327372,4.571453,0,9,,,,,,,,,
1780296968.694968,,,TargetLost,63,,,,,,,,,,,,,,not_in_valid_tracks,,,,,,,,
1780296969.093203,,,MATCH_ACCEPT,71,0,10.446019,6.777500,10.416289,,6.758232,0.035427,8.756538,3.171025,7.232090,2.823310,1,6,,,,,,,,,
1780296969.093203,,,TargetLost,63,,,,,,,,,,,,,,not_in_valid_tracks,,,,,,,,
1780296969.163939,,no_packet,TRACK_DELETE,70,,,,337.870643,,5.259860,,,,10.000760,5.291884,0,12,,,,,,,,,
1780296969.655863,,,MATCH_ACCEPT,71,0,10.436904,6.768333,10.420356,,6.757655,0.019695,9.041216,3.360810,7.762095,3.532952,2,9,,,,,,,,,
1780296969.655863,,,TargetLost,63,,,,,,,,,,,,,,not_in_valid_tracks,,,,,,,,
1780296969.655863,,,TargetSwitch,71,,,,,,,,,,,,,,master_lost,,,,,,,,
1780296969.655863,,,UI_STATUS_SEND,71,,,,10.429523,190.429523,6.765059,,,,,,3,0,,71,1,-1,25.150000,mono,,,
1780296970.096857,,,MATCH_REJECT,71,0,337.872253,5.315417,10.422780,,6.757622,32.582461,8.625757,3.083838,6.615930,2.894125,3,7,,,,,,,,,
1780296970.096857,,,NEW_TRACK,73,0,337.872253,5.315417,,,,,,,1.000000,1.000000,1,0,,,,,,,,,
1780296970.096857,,,TargetLost,71,,,,,,,,,,,,,,not_in_valid_tracks,,,,,,,,
1780296970.404756,,,MATCH_ACCEPT,71,0,10.459691,6.763750,10.418072,,6.752429,0.043131,9.838392,3.892261,10.025133,5.124563,2,12,,,,,,,,,
1780296970.404756,,,UI_STATUS_SEND,71,,,,10.443708,190.443708,6.761105,,,,,,3,0,,71,1,-1,25.150000,mono,,,
1780296970.796170,,,MATCH_ACCEPT,71,0,10.414118,6.626250,10.443784,,6.757141,0.134211,8.601301,3.067534,6.666273,2.743492,3,6,,,,,,,,,
1780296970.796170,,,UI_STATUS_SEND,71,,,,10.428473,190.428473,6.673746,,,,,,4,0,,71,1,-1,25.150000,mono,,,
1780296970.866667,,no_packet,TRACK_DELETE,73,,,,337.872253,,5.315417,,,,7.932049,7.932049,0,12,,,,,,,,,
1780296971.160736,,,MATCH_ACCEPT,71,0,10.327529,5.457500,10.425046,,6.644273,1.190773,8.223811,2.815874,5.579664,2.349481,4,6,,,,,,,,,
1780296971.160736,,,UI_STATUS_SEND,71,,,,10.379051,190.379051,5.931514,,,,,,5,0,,71,1,-1,25.150000,mono,,,
1780296971.712922,,,MATCH_ACCEPT,71,0,10.336644,3.193333,10.357130,,5.533514,2.340270,8.799960,3.199974,6.893890,3.345942,5,8,,,,,,,,,
1780296971.712922,,,UI_STATUS_SEND,71,,,,10.346385,190.346385,3.938281,,,,,,6,0,,71,1,-1,25.150000,mono,,,
1780296972.561065,,no_packet,TRACK_DELETE,71,,,,10.306604,,2.139690,,,,11.093841,5.878672,6,12,,,,,,,,,
1780296973.511730,,,NEW_TRACK,74,0,338.327982,4.297917,,,,,,,1.000000,1.000000,1,0,,,,,,,,,
1780296973.511730,,,TargetLost,71,,,,,,,,,,,,,,not_in_valid_tracks,,,,,,,,
1780296973.634672,,,MATCH_ACCEPT,74,0,337.844909,5.205417,338.327982,,4.297917,1.028064,6.373345,1.582230,1.251726,1.251726,1,2,,,,,,,,,
1780296973.634672,,,TargetLost,71,,,,,,,,,,,,,,not_in_valid_tracks,,,,,,,,
1780296974.468700,,no_packet,TRACK_DELETE,74,,,,338.180771,,5.035103,,,,10.947689,9.787310,2,12,,,,,,,,,
1780296975.617390,,,NEW_TRACK,75,0,337.881368,5.237500,,,,,,,1.000000,1.000000,1,0,,,,,,,,,
1780296975.617390,,,TargetLost,71,,,,,,,,,,,,,,not_in_valid_tracks,,,,,,,,
1780296976.458724,,no_packet,TRACK_DELETE,75,,,,337.881368,,5.237500,,,,9.172844,9.172844,1,12,,,,,,,,,
1780296978.084212,,,NEW_TRACK,76,0,337.124857,7.455833,,,,,,,1.000000,1.000000,1,0,,,,,,,,,
1780296978.084212,,,TargetLost,71,,,,,,,,,,,,,,not_in_valid_tracks,,,,,,,,
1780296978.501705,,,MATCH_REJECT,76,0,10.405003,3.307917,337.124857,,7.455833,33.537640,7.763286,2.508857,3.147182,3.147182,1,7,,,,,,,,,
1780296978.501705,,,NEW_TRACK,77,0,10.405003,3.307917,,,,,,,1.000000,1.000000,1,0,,,,,,,,,
1780296978.501705,,,TargetLost,71,,,,,,,,,,,,,,not_in_valid_tracks,,,,,,,,
1780296978.850032,,no_packet,TRACK_DELETE,76,,,,337.124857,,7.455833,,,,7.866361,7.866361,0,12,,,,,,,,,
1780296979.080474,,,MATCH_ACCEPT,77,0,10.354873,4.930417,10.405003,,3.307917,1.623274,8.721263,3.147509,4.953406,4.953406,1,9,,,,,,,,,
1780296979.080474,,,TargetLost,71,,,,,,,,,,,,,,not_in_valid_tracks,,,,,,,,
1780296979.429672,,,MATCH_ACCEPT,77,0,10.441461,6.053333,10.373132,,5.081520,0.974212,8.673083,3.115388,6.481668,3.223978,2,5,,,,,,,,,
1780296979.429672,,,TargetLost,71,,,,,,,,,,,,,,not_in_valid_tracks,,,,,,,,
1780296979.429672,,,TargetSwitch,77,,,,,,,,,,,,,,master_lost,,,,,,,,
1780296979.429672,,,UI_STATUS_SEND,77,,,,10.407918,190.407918,5.736094,,,,,,3,0,,77,1,-1,25.150000,mono,,,
1780296979.888441,,,MATCH_ACCEPT,77,0,10.487034,7.171667,10.411225,,6.788653,0.390444,9.028017,3.352011,7.807416,3.428563,3,7,,,,,,,,,
1780296979.888441,,,UI_STATUS_SEND,77,,,,10.453329,190.453329,7.051760,,,,,,4,0,,77,1,-1,25.150000,mono,,,
1780296979.910840,,,MATCH_REJECT,77,0,337.831237,5.269583,10.454242,,7.108848,32.674811,7.292781,2.195187,3.647392,1.171455,4,1,,,,,,,,,
1780296979.910840,,,NEW_TRACK,78,0,337.831237,5.269583,,,,,,,1.000000,1.000000,1,0,,,,,,,,,
1780296979.910840,,,TargetLost,77,,,,,,,,,,,,,,not_in_valid_tracks,,,,,,,,
1780296980.386540,,,MATCH_ACCEPT,77,0,10.464248,8.532917,10.473621,,8.321244,0.211880,9.053138,3.368759,7.909277,3.439258,3,8,,,,,,,,,
1780296980.386540,,,UI_STATUS_SEND,77,,,,10.468385,190.468385,8.466792,,,,,,4,0,,77,1,-1,25.150000,mono,,,
1780296980.728927,,,MATCH_ACCEPT,78,0,337.835795,5.301667,337.831237,,5.269583,0.032405,10.277559,4.185039,8.757277,8.757277,0,12,,,,,,,,,
1780296980.728927,,,TargetLost,77,,,,,,,,,,,,,,not_in_valid_tracks,,,,,,,,
1780296980.898655,,,MATCH_ACCEPT,77,0,10.541722,9.610000,10.487396,,9.837606,0.233999,8.950904,3.300603,7.555662,3.338315,3,8,,,,,,,,,
1780296980.898655,,,UI_STATUS_SEND,77,,,,10.517128,190.517128,9.682566,,,,,,4,0,,77,1,-1,25.150000,mono,,,
1780296980.969292,,,MATCH_ACCEPT,78,0,337.844909,5.242083,337.834559,,5.303590,0.062372,8.378977,2.919318,6.071938,2.450478,0,4,,,,,,,,,
1780296980.969292,,,TargetLost,77,,,,,,,,,,,,,,not_in_valid_tracks,,,,,,,,
1780296981.263105,,,MATCH_ACCEPT,77,0,10.550836,10.407500,10.537643,,10.610390,0.203318,8.334145,2.889430,5.898187,2.450619,3,6,,,,,,,,,
1780296981.263105,,,UI_STATUS_SEND,77,,,,10.544049,190.544049,10.486495,,,,,,4,0,,77,1,-1,25.150000,mono,,,
1780296981.625303,,,MATCH_ACCEPT,77,0,10.537165,10.444167,10.565944,,11.369315,0.925596,8.139412,2.759608,5.324364,2.291071,4,6,,,,,,,,,
1780296981.625303,,,UI_STATUS_SEND,77,,,,10.552705,190.552705,10.819285,,,,,,5,0,,77,1,-1,25.150000,mono,,,
1780296981.695236,,no_packet,TRACK_DELETE,78,,,,337.845019,,5.258650,,,,10.850053,5.244071,0,12,,,,,,,,,
1780296982.022818,,,MATCH_ACCEPT,77,0,10.427790,10.357083,10.573195,,11.588851,1.240320,8.202319,2.801546,5.409476,2.439185,5,6,,,,,,,,,
1780296982.022818,,,UI_STATUS_SEND,77,,,,10.505733,190.505733,10.838040,,,,,,6,0,,77,1,-1,25.150000,mono,,,
1780296982.442062,,,MATCH_ACCEPT,77,0,10.496149,10.384583,10.507681,,11.356484,0.971969,8.307520,2.871680,5.665573,2.580975,6,6,,,,,,,,,
1780296982.442062,,,UI_STATUS_SEND,77,,,,10.502198,190.502198,10.751086,,,,,,7,0,,77,1,-1,25.150000,mono,,,
1780296982.838582,,,MATCH_ACCEPT,77,0,10.929092,10.366250,10.502525,,11.021607,0.781954,8.259760,2.839840,5.587692,2.476999,7,6,,,,,,,,,
1780296982.838582,,,UI_STATUS_SEND,77,,,,10.703875,190.703875,10.619746,,,,,,8,0,,77,1,-1,25.150000,mono,,,
1780296983.497779,,,MATCH_REJECT,77,0,35.764655,11.028542,10.795747,,10.832163,24.969680,9.226335,3.484223,8.076451,4.063361,8,10,,,,,,,,,
1780296983.497779,,,NEW_TRACK,79,0,35.764655,11.028542,,,,,,,1.000000,1.000000,1,0,,,,,,,,,
1780296983.497779,,,TargetLost,77,,,,,,,,,,,,,,not_in_valid_tracks,,,,,,,,
1780296983.637657,,no_packet,TRACK_DELETE,77,,,,10.815242,,10.877237,,,,9.747274,5.182791,7,12,,,,,,,,,
1780296983.687034,,,MATCH_REJECT,79,0,337.835795,5.242083,35.764655,,11.028542,58.217144,5.008723,1.738682,1.511508,1.511508,1,3,,,,,,,,,
1780296983.687034,,,NEW_TRACK,80,0,337.835795,5.242083,,,,,,,1.000000,1.000000,1,0,,,,,,,,,
1780296983.687034,,,TargetLost,77,,,,,,,,,,,,,,not_in_valid_tracks,,,,,,,,
1780296983.797389,,,MATCH_REJECT,79,0,11.553441,10.338750,35.764655,,11.028542,24.221038,5.522744,2.081363,2.166036,2.166036,0,5,,,,,,,,,
1780296983.797389,,,NEW_TRACK,81,0,11.553441,10.338750,,,,,,,1.000000,1.000000,1,0,,,,,,,,,
1780296983.797389,,,TargetLost,77,,,,,,,,,,,,,,not_in_valid_tracks,,,,,,,,
1780296983.889782,,,MATCH_ACCEPT,80,0,337.659997,8.709375,337.835795,,5.242083,3.471745,6.696903,1.797935,1.616285,1.616285,0,4,,,,,,,,,
1780296983.889782,,,TargetLost,77,,,,,,,,,,,,,,not_in_valid_tracks,,,,,,,,
1780296984.019669,,,MATCH_ACCEPT,81,0,12.109430,10.288333,11.553441,,10.338750,0.558271,6.768151,1.845434,1.702813,1.702813,0,4,,,,,,,,,
1780296984.019669,,,TargetLost,77,,,,,,,,,,,,,,not_in_valid_tracks,,,,,,,,
1780296984.100011,,,MATCH_REJECT,80,0,346.027527,12.967292,337.789917,,7.481245,9.897217,7.175762,2.117175,2.636211,1.846218,0,4,,,,,,,,,
1780296984.100011,,,NEW_TRACK,82,0,346.027527,12.967292,,,,,,,1.000000,1.000000,1,0,,,,,,,,,
1780296984.100011,,,TargetLost,77,,,,,,,,,,,,,,not_in_valid_tracks,,,,,,,,
1780296984.171619,,no_packet,TRACK_DELETE,79,,,,35.764655,,11.028542,,,,6.429895,6.429895,0,12,,,,,,,,,
1780296984.569305,,,MATCH_ACCEPT,81,0,12.382868,10.242500,11.760524,,10.293015,0.624390,9.284379,3.522919,6.997371,5.413589,0,9,,,,,,,,,
1780296984.569305,,,TargetLost,77,,,,,,,,,,,,,,not_in_valid_tracks,,,,,,,,
1780296984.640478,,no_packet,TRACK_DELETE,80,,,,337.764835,,8.705437,,,,10.548992,8.659062,0,12,,,,,,,,,
1780296984.896640,,,MATCH_ACCEPT,81,0,13.307998,10.228750,12.262100,,10.226578,1.045900,8.680869,3.120579,6.776288,2.961728,1,5,,,,,,,,,
1780296984.896640,,,TRACK_DELETE,82,,,,346.027527,,12.967292,,,,8.370338,8.370338,0,12,,,,,,,,,
1780296984.896640,,,TargetLost,77,,,,,,,,,,,,,,not_in_valid_tracks,,,,,,,,
1780296985.134811,,,MATCH_ACCEPT,81,0,14.082738,10.141667,13.050645,,10.208542,1.034256,8.005773,2.670515,5.181555,1.950098,2,4,,,,,,,,,
1780296985.134811,,,TargetLost,77,,,,,,,,,,,,,,not_in_valid_tracks,,,,,,,,
1780296985.134811,,,TargetSwitch,81,,,,,,,,,,,,,,master_lost,,,,,,,,
1780296985.134811,,,UI_STATUS_SEND,81,,,,13.518459,193.518459,10.171415,,,,,,3,0,,81,1,-1,25.150000,mono,,,
1780296985.498964,,,MATCH_ACCEPT,81,0,14.429092,10.215000,14.034067,,10.127851,0.404524,8.177767,2.785178,5.484365,2.272852,3,6,,,,,,,,,
1780296985.498964,,,UI_STATUS_SEND,81,,,,14.218692,194.218692,10.179496,,,,,,4,0,,81,1,-1,25.150000,mono,,,
1780296985.833804,,,MATCH_ACCEPT,81,0,14.629613,10.233333,14.739702,,10.156267,0.134383,8.056737,2.704492,5.157446,2.156829,4,5,,,,,,,,,
1780296985.833804,,,UI_STATUS_SEND,81,,,,14.689929,194.689929,10.200957,,,,,,5,0,,81,1,-1,25.150000,mono,,,
1780296986.239865,,,MATCH_ACCEPT,81,0,14.638727,10.187500,15.306994,,10.190290,0.668273,8.233670,2.822446,5.511182,2.455021,5,6,,,,,,,,,
1780296986.239865,,,UI_STATUS_SEND,81,,,,14.993850,194.993850,10.188585,,,,,,6,0,,81,1,-1,25.150000,mono,,,
1780296986.588876,,,MATCH_ACCEPT,81,0,14.875706,10.279167,15.447115,,10.178864,0.580145,8.061298,2.707532,5.127242,2.203486,6,5,,,,,,,,,
1780296986.588876,,,UI_STATUS_SEND,81,,,,15.189605,195.189605,10.237551,,,,,,7,0,,81,1,-1,25.150000,mono,,,
1780296986.697791,,,MATCH_REJECT,81,0,338.264180,3.839583,15.311510,,10.240409,37.596213,7.224340,2.149560,3.389493,1.231115,7,2,,,,,,,,,
1780296986.697791,,,NEW_TRACK,83,0,338.264180,3.839583,,,,,,,1.000000,1.000000,1,0,,,,,,,,,
1780296986.697791,,,TargetLost,81,,,,,,,,,,,,,,not_in_valid_tracks,,,,,,,,
1780296986.980076,,,MATCH_ACCEPT,81,0,15.085342,10.297500,15.627463,,10.247815,0.544393,8.144425,2.762950,5.283710,2.350183,6,6,,,,,,,,,
1780296986.980076,,,UI_STATUS_SEND,81,,,,15.379111,195.379111,10.277659,,,,,,7,0,,81,1,-1,25.150000,mono,,,
1780296987.441659,,,MATCH_ACCEPT,81,0,15.126357,10.292917,15.816492,,10.302296,0.690199,8.420542,2.947028,5.933426,2.751550,7,7,,,,,,,,,
1780296987.441659,,,UI_STATUS_SEND,81,,,,15.480391,195.480391,10.296314,,,,,,8,0,,81,1,-1,51.980000,mono,,,
1780296987.510988,,no_packet,TRACK_DELETE,83,,,,338.264180,,3.839583,,,,8.658955,8.658955,0,12,,,,,,,,,
1780296987.835097,,,MATCH_ACCEPT,81,0,15.486383,10.370833,15.763720,,10.315246,0.282852,8.226120,2.843813,5.614641,2.472633,8,6,,,,,,,,,
1780296987.835097,,,UI_STATUS_SEND,81,,,,15.630935,195.630935,10.349602,,,,,,9,0,,81,1,-1,25.150000,mono,,,
1780296988.179178,,,MATCH_ACCEPT,81,0,15.655003,10.343333,15.847918,,10.376613,0.195765,8.013736,2.675824,5.023247,2.136789,9,5,,,,,,,,,
1780296988.179178,,,UI_STATUS_SEND,81,,,,15.761957,195.761957,10.357390,,,,,,10,0,,81,1,-1,25.150000,mono,,,
1780296988.562047,,,MATCH_ACCEPT,81,0,16.015029,10.430417,15.980801,,10.380700,0.060360,8.092378,2.728252,5.152244,2.291116,10,6,,,,,,,,,
1780296988.562047,,,UI_STATUS_SEND,81,,,,15.996267,195.996267,10.410258,,,,,,11,0,,81,1,-1,25.150000,mono,,,
1780296988.926682,,,MATCH_ACCEPT,81,0,16.192764,10.439583,16.208582,,10.442272,0.016046,8.071846,2.714564,5.102887,2.265972,11,6,,,,,,,,,
1780296988.926682,,,UI_STATUS_SEND,81,,,,16.201472,196.201472,10.440681,,,,,,12,0,,81,1,-1,47.250000,mono,,,
1780296989.203264,,,MATCH_REJECT,81,0,337.872253,5.223750,16.361153,,10.464563,38.844066,7.747405,2.498270,4.408735,1.832620,12,4,,,,,,,,,
1780296989.203264,,,NEW_TRACK,84,0,337.872253,5.223750,,,,,,,1.000000,1.000000,1,0,,,,,,,,,
1780296989.203264,,,TargetLost,81,,,,,,,,,,,,,,not_in_valid_tracks,,,,,,,,
1780296989.321944,,,MATCH_ACCEPT,81,0,16.575576,10.467083,16.429671,,10.474811,0.146110,8.169495,2.779663,5.323956,2.402572,11,6,,,,,,,,,
1780296989.321944,,,UI_STATUS_SEND,81,,,,16.496786,196.496786,10.470128,,,,,,12,0,,81,1,-1,25.150000,mono,,,
1780296989.679613,,,MATCH_ACCEPT,81,0,16.999404,10.499167,16.720094,,10.499470,0.279311,8.092365,2.728243,5.162296,2.281015,12,6,,,,,,,,,
1780296989.679613,,,UI_STATUS_SEND,81,,,,16.846438,196.846438,10.499290,,,,,,13,0,,81,1,-1,25.150000,mono,,,
1780296989.961233,,no_packet,TRACK_DELETE,84,,,,337.872253,,5.223750,,,,7.746809,7.746809,0,12,,,,,,,,,
1780296990.030195,,,MATCH_ACCEPT,81,0,17.409560,10.531250,17.096236,,10.527993,0.313341,8.015047,2.676698,4.992467,2.172244,13,5,,,,,,,,,
1780296990.030195,,,UI_STATUS_SEND,81,,,,17.235375,197.235375,10.529887,,,,,,14,0,,81,1,-1,25.150000,mono,,,
1780296990.395925,,,MATCH_ACCEPT,81,0,17.737685,10.549583,17.532109,,10.560484,0.205865,8.064404,2.709603,5.082728,2.259219,14,6,,,,,,,,,
1780296990.395925,,,UI_STATUS_SEND,81,,,,17.624310,197.624310,10.554040,,,,,,15,0,,81,1,-1,25.150000,mono,,,
1780296990.873213,,,MATCH_ACCEPT,81,0,18.138727,10.563333,18.042553,,10.591140,0.100113,8.471416,2.980944,6.040201,2.845828,15,7,,,,,,,,,
1780296990.873213,,,UI_STATUS_SEND,81,,,,18.089819,198.089819,10.573189,,,,,,16,0,,81,1,-1,25.150000,mono,,,
1780296991.114620,,,MATCH_REJECT,81,0,337.849467,5.232917,18.309262,,10.588068,40.812654,7.783867,2.522578,4.540688,1.822710,16,4,,,,,,,,,
1780296991.114620,,,NEW_TRACK,85,0,337.849467,5.232917,,,,,,,1.000000,1.000000,1,0,,,,,,,,,
1780296991.114620,,,TargetLost,81,,,,,,,,,,,,,,not_in_valid_tracks,,,,,,,,
1780296991.372610,,,MATCH_ACCEPT,81,0,19.127659,10.549583,18.543779,,10.603969,0.586408,8.705200,3.136800,6.700459,3.139054,15,8,,,,,,,,,
1780296991.372610,,,UI_STATUS_SEND,81,,,,18.845874,198.845874,10.567658,,,,,,16,0,,81,1,-1,51.980000,mono,,,
1780296991.930948,,no_packet,TRACK_DELETE,85,,,,337.849467,,5.232917,,,,8.737067,8.737067,0,12,,,,,,,,,
1780296992.042044,,,MATCH_ACCEPT,81,0,20.905003,10.687083,19.589298,,10.588077,1.319425,9.368866,3.605644,8.689801,4.310870,16,10,,,,,,,,,
1780296992.042044,,,UI_STATUS_SEND,81,,,,20.361710,200.361710,10.661173,,,,,,17,0,,81,1,-1,25.150000,mono,,,
1780296992.384382,,,MATCH_REJECT,81,0,337.434753,7.199167,20.908057,,10.691667,43.613366,8.308665,2.872443,5.884819,2.366111,17,5,,,,,,,,,
1780296992.384382,,,NEW_TRACK,86,0,337.434753,7.199167,,,,,,,1.000000,1.000000,1,0,,,,,,,,,
1780296992.384382,,,TargetLost,81,,,,,,,,,,,,,,not_in_valid_tracks,,,,,,,,
1780296992.478692,,,MATCH_ACCEPT,81,0,22.367894,10.783333,21.058568,,10.700068,1.311971,8.654211,3.102808,6.742351,2.885064,16,7,,,,,,,,,
1780296992.478692,,,UI_STATUS_SEND,81,,,,21.738039,201.738039,10.754081,,,,,,17,0,,81,1,-1,25.150000,mono,,,
1780296992.693439,,,MATCH_ACCEPT,86,0,338.282409,3.527917,337.434753,,7.199167,3.767837,7.204195,2.136130,2.281526,2.281526,0,6,,,,,,,,,
1780296992.693439,,,TargetLost,81,,,,,,,,,,,,,,not_in_valid_tracks,,,,,,,,
1780296992.993402,,,MATCH_ACCEPT,81,0,22.778050,10.852083,22.780410,,10.823156,0.029024,8.804815,3.203210,7.003057,3.257497,16,9,,,,,,,,,
1780296992.993402,,,UI_STATUS_SEND,81,,,,22.779163,202.779163,10.842706,,,,,,17,0,,81,1,-1,25.150000,mono,,,
1780296993.425477,,,MATCH_ACCEPT,81,0,22.623102,10.549583,23.653832,,10.907925,1.091243,8.552455,3.034970,6.365658,2.845383,17,7,,,,,,,,,
1780296993.425477,,,TRACK_DELETE,86,,,,337.896268,,2.762874,,,,11.438566,8.354574,0,12,,,,,,,,,
1780296993.425477,,,UI_STATUS_SEND,81,,,,23.133742,203.133742,10.676608,,,,,,18,0,,81,1,-1,25.150000,mono,,,
1780296993.681499,,,MATCH_REJECT,81,0,337.872253,5.223750,23.563495,,10.662858,46.013840,7.854084,2.569389,4.718847,1.882914,18,4,,,,,,,,,
1780296993.681499,,,NEW_TRACK,87,0,337.872253,5.223750,,,,,,,1.000000,1.000000,1,0,,,,,,,,,
1780296993.681499,,,TargetLost,81,,,,,,,,,,,,,,not_in_valid_tracks,,,,,,,,
1780296993.848073,,,MATCH_ACCEPT,81,0,22.545628,10.416667,23.843103,,10.653913,1.318987,8.458681,2.972454,6.100340,2.735142,17,7,,,,,,,,,
1780296993.848073,,,UI_STATUS_SEND,81,,,,23.202227,203.202227,10.502923,,,,,,18,0,,81,1,-1,25.150000,mono,,,
1780296994.366608,,,MATCH_ACCEPT,81,0,22.490941,10.421250,23.847135,,10.404763,1.356295,8.791408,3.194272,6.925684,3.277689,18,8,,,,,,,,,
1780296994.366608,,,UI_STATUS_SEND,81,,,,23.134263,203.134263,10.415928,,,,,,19,0,,81,1,-1,25.150000,mono,,,
1780296994.435533,,no_packet,TRACK_DELETE,87,,,,337.872253,,5.223750,,,,7.686411,7.686411,0,12,,,,,,,,,
1780296995.106320,,,MATCH_ACCEPT,81,0,22.463597,9.907917,23.699062,,10.283123,1.291183,9.762185,3.841457,9.771455,4.985335,19,11,,,,,,,,,
1780296995.106320,,,UI_STATUS_SEND,81,,,,22.945554,202.945554,9.997452,,,,,,20,0,,81,1,-1,25.150000,mono,,,
1780296995.503327,,,MATCH_ACCEPT,81,0,22.495498,9.115000,23.062781,,9.837446,0.918552,8.605614,3.070410,6.691751,2.735663,20,6,,,,,,,,,
1780296995.503327,,,UI_STATUS_SEND,81,,,,22.769458,202.769458,9.377629,,,,,,21,0,,81,1,-1,25.150000,mono,,,
1780296995.870521,,,MATCH_ACCEPT,81,0,22.568415,8.523750,22.810217,,9.088778,0.614594,8.223270,2.815513,5.594728,2.332388,21,6,,,,,,,,,
1780296995.870521,,,UI_STATUS_SEND,81,,,,22.696004,202.696004,8.750421,,,,,,22,0,,81,1,-1,25.150000,mono,,,
1780296996.126470,,,MATCH_REJECT,81,0,337.844909,5.232917,22.705337,,8.472596,44.977255,7.729568,2.486379,4.414544,1.767537,22,4,,,,,,,,,
1780296996.126470,,,NEW_TRACK,88,0,337.844909,5.232917,,,,,,,1.000000,1.000000,1,0,,,,,,,,,
1780296996.126470,,,TargetLost,81,,,,,,,,,,,,,,not_in_valid_tracks,,,,,,,,
1780296996.233866,,,MATCH_ACCEPT,81,0,22.586644,8.170833,22.709253,,8.356020,0.222097,8.106420,2.737614,5.223119,2.271409,21,6,,,,,,,,,
1780296996.233866,,,UI_STATUS_SEND,81,,,,22.653435,202.653435,8.246306,,,,,,22,0,,81,1,-1,25.150000,mono,,,
1780296996.476362,,,MATCH_ACCEPT,88,0,337.826680,5.278750,337.844909,,5.232917,0.049325,7.394060,2.262707,2.559921,2.559921,0,6,,,,,,,,,
1780296996.476362,,,TargetLost,81,,,,,,,,,,,,,,not_in_valid_tracks,,,,,,,,
1780296996.736901,,,MATCH_ACCEPT,81,0,22.682347,7.918750,22.652607,,7.649437,0.270950,8.605413,3.070276,6.355677,3.070915,21,8,,,,,,,,,
1780296996.736901,,,UI_STATUS_SEND,81,,,,22.667602,202.667602,7.827931,,,,,,22,0,,81,1,-1,25.150000,mono,,,
1780296996.748236,,,MATCH_ACCEPT,88,0,338.259623,4.898333,337.837551,,5.272456,0.564015,7.906431,2.604287,4.207327,2.574986,0,5,,,,,,,,,
1780296996.748236,,,TargetLost,81,,,,,,,,,,,,,,not_in_valid_tracks,,,,,,,,
1780296997.014504,,,MATCH_ACCEPT,81,0,22.732477,7.382500,22.670009,,7.542908,0.172142,7.973870,2.649247,4.956917,2.061592,21,5,,,,,,,,,
1780296997.014504,,,UI_STATUS_SEND,81,,,,22.697639,202.697639,7.451659,,,,,,22,0,,81,1,-1,25.150000,mono,,,
1780296997.576596,,no_packet,TRACK_DELETE,88,,,,338.178666,,4.801524,,,,14.333727,8.280187,0,12,,,,,,,,,
1780296997.734303,,,MATCH_ACCEPT,81,0,22.741592,7.121250,22.717811,,6.651952,0.469900,9.422685,3.615123,8.560240,4.508877,22,11,,,,,,,,,
1780296997.734303,,,UI_STATUS_SEND,81,,,,22.731556,202.731556,7.000474,,,,,,23,0,,81,1,-1,25.150000,mono,,,
1780296998.070050,,,MATCH_ACCEPT,81,0,22.636774,7.199167,22.743982,,6.723184,0.487907,8.338953,2.892635,5.953080,2.414259,23,5,,,,,,,,,
1780296998.070050,,,UI_STATUS_SEND,81,,,,22.691682,202.691682,7.012149,,,,,,24,0,,81,1,-1,25.150000,mono,,,
1780296998.183288,,,MATCH_REJECT,81,0,337.817566,5.260417,22.691976,,6.946996,44.906094,7.329677,2.219784,3.654856,1.272587,24,2,,,,,,,,,
1780296998.183288,,,NEW_TRACK,89,0,337.817566,5.260417,,,,,,,1.000000,1.000000,1,0,,,,,,,,,
1780296998.183288,,,TargetLost,81,,,,,,,,,,,,,,not_in_valid_tracks,,,,,,,,
1780296998.712090,,,MATCH_ACCEPT,81,0,22.053441,7.203750,22.693348,,6.642741,0.851006,9.186092,3.457395,8.007969,3.945609,23,10,,,,,,,,,
1780296998.712090,,,UI_STATUS_SEND,81,,,,22.333945,202.333945,7.044607,,,,,,24,0,,81,1,-1,25.150000,mono,,,
1780296998.989351,,no_packet,TRACK_DELETE,89,,,,337.817566,,5.260417,,,,8.549528,8.549528,0,12,,,,,,,,,
1780296999.456190,,,MATCH_ACCEPT,81,0,21.684300,7.212917,22.164113,,6.864406,0.593027,9.826211,3.884141,10.046721,5.039828,24,11,,,,,,,,,
1780296999.456190,,,UI_STATUS_SEND,81,,,,21.868315,201.868315,7.130439,,,,,,25,0,,81,1,-1,25.150000,mono,,,
1780296999.584306,,,MATCH_REJECT,81,0,338.255066,3.821250,21.816236,,7.125554,43.686314,7.732342,2.488228,4.615705,1.575574,25,2,,,,,,,,,
1780296999.584306,,,NEW_TRACK,90,0,338.255066,3.821250,,,,,,,1.000000,1.000000,1,0,,,,,,,,,
1780296999.584306,,,NEW_TRACK,91,1,337.881368,5.251250,,,,,,,1.000000,1.000000,1,0,,,,,,,,,
1780296999.584306,,,TargetLost,81,,,,,,,,,,,,,,not_in_valid_tracks,,,,,,,,
1780296999.797035,,,MATCH_ACCEPT,81,0,20.084691,7.208333,21.729763,,7.117444,1.647581,8.404524,2.936349,6.188986,2.433161,24,5,,,,,,,,,
1780296999.797035,,,UI_STATUS_SEND,81,,,,20.911261,200.911261,7.172791,,,,,,25,0,,81,1,-1,25.150000,mono,,,
1780297000.035502,,,MATCH_ACCEPT,81,0,19.355524,7.194583,20.692819,,7.174797,1.337441,7.724468,2.482978,4.461738,1.703444,25,4,,,,,,,,,
1780297000.035502,,,UI_STATUS_SEND,81,,,,20.135798,200.135798,7.185117,,,,,,26,0,,81,1,-1,25.150000,mono,,,
1780297000.385269,,no_packet,TRACK_DELETE,90,,,,338.255066,,3.821250,,,,8.453698,8.453698,0,12,,,,,,,,,
1780297000.385269,,no_packet,TRACK_DELETE,91,,,,337.881368,,5.251250,,,,8.453698,8.453698,0,12,,,,,,,,,
1780297000.391004,,,MATCH_ACCEPT,81,0,18.854222,7.125833,19.680484,,7.191426,0.828862,7.876851,2.584567,4.638581,2.041405,26,6,,,,,,,,,
1780297000.391004,,,UI_STATUS_SEND,81,,,,19.328493,199.328493,7.154272,,,,,,27,0,,81,1,-1,25.150000,mono,,,
1780297000.747210,,,MATCH_ACCEPT,81,0,18.507868,7.171667,18.784834,,7.148098,0.277967,7.981616,2.654411,4.840611,2.205285,27,6,,,,,,,,,
1780297000.747210,,,UI_STATUS_SEND,81,,,,18.663949,198.663949,7.161893,,,,,,28,0,,81,1,-1,25.150000,mono,,,
1780297001.119775,,,MATCH_ACCEPT,81,0,18.047581,7.171667,18.062995,,7.160300,0.019152,8.092508,2.728338,5.111515,2.332315,28,6,,,,,,,,,
1780297001.119775,,,UI_STATUS_SEND,81,,,,18.056061,198.056061,7.167107,,,,,,29,0,,81,1,-1,25.150000,mono,,,
1780297001.554476,,,MATCH_ACCEPT,81,0,17.564508,7.167083,17.352698,,7.168039,0.211812,8.371307,2.914205,5.792499,2.700089,29,7,,,,,,,,,
1780297001.554476,,,UI_STATUS_SEND,81,,,,17.454580,197.454580,7.167434,,,,,,30,0,,81,1,-1,25.150000,mono,,,
1780297001.831990,,,MATCH_REJECT,81,0,337.872253,5.315417,17.025592,,7.167876,39.197137,7.874050,2.582700,4.728847,1.941492,30,4,,,,,,,,,
1780297001.831990,,,NEW_TRACK,92,0,337.872253,5.315417,,,,,,,1.000000,1.000000,1,0,,,,,,,,,
1780297001.831990,,,TargetLost,81,,,,,,,,,,,,,,not_in_valid_tracks,,,,,,,,
1780297001.891520,,,MATCH_ACCEPT,81,0,17.127008,7.153333,16.933569,,7.167970,0.193992,8.087281,2.724854,5.200334,2.224497,29,5,,,,,,,,,
1780297001.891520,,,TargetKeep,81,,,,,,,,,,,,,,lock_timer_expired,,,,,,,,
1780297001.891520,,,UI_STATUS_SEND,81,,,,17.021423,197.021423,7.159373,,,,,,30,0,,81,1,-1,25.150000,mono,,,
1780297002.379068,,,MATCH_ACCEPT,81,0,16.803441,7.153333,16.298154,,7.156243,0.505295,8.523702,3.015801,6.203464,2.891593,30,7,,,,,,,,,
1780297002.379068,,,UI_STATUS_SEND,81,,,,16.549853,196.549853,7.154354,,,,,,31,0,,81,1,-1,25.150000,mono,,,
1780297002.619123,,,MATCH_ACCEPT,81,0,16.233779,7.125833,16.235434,,7.152408,0.026626,7.795931,2.530620,4.581957,1.822083,31,4,,,,,,,,,
1780297002.619123,,,TRACK_DELETE,92,,,,337.872253,,5.315417,,,,8.219095,8.219095,0,12,,,,,,,,,
1780297002.619123,,,UI_STATUS_SEND,81,,,,16.234734,196.234734,7.138101,,,,,,32,0,,81,1,-1,25.150000,mono,,,
1780297002.985787,,,MATCH_ACCEPT,81,0,15.659560,7.157917,15.754308,,7.130374,0.098670,7.954850,2.636567,4.834713,2.116772,32,6,,,,,,,,,
1780297002.985787,,,UI_STATUS_SEND,81,,,,15.712983,195.712983,7.146220,,,,,,33,0,,81,1,-1,25.150000,mono,,,
1780297003.391177,,,MATCH_ACCEPT,81,0,15.076227,7.171667,15.170052,,7.143629,0.097925,8.162800,2.775200,5.286218,2.415518,33,6,,,,,,,,,
1780297003.391177,,,UI_STATUS_SEND,81,,,,15.127059,195.127059,7.160654,,,,,,34,0,,81,1,-1,25.150000,mono,,,
1780297003.634722,,,MATCH_REJECT,81,0,338.264180,4.939583,14.793479,,7.162952,36.596899,7.691735,2.461156,4.296511,1.760780,34,4,,,,,,,,,
1780297003.634722,,,NEW_TRACK,93,0,338.264180,4.939583,,,,,,,1.000000,1.000000,1,0,,,,,,,,,
1780297003.634722,,,TargetLost,81,,,,,,,,,,,,,,not_in_valid_tracks,,,,,,,,
1780297003.863539,,,MATCH_ACCEPT,81,0,14.606826,7.176250,14.480071,,7.165110,0.127244,8.519739,3.013159,6.156900,2.922230,33,8,,,,,,,,,
1780297003.863539,,,UI_STATUS_SEND,81,,,,14.542973,194.542973,7.172369,,,,,,34,0,,81,1,-1,25.150000,mono,,,
1780297004.363205,,,MATCH_ACCEPT,81,0,14.278701,7.185417,13.880116,,7.180269,0.398618,8.727425,3.151617,6.760993,3.171695,34,8,,,,,,,,,
1780297004.363205,,,TRACK_DELETE,93,,,,338.264180,,4.939583,,,,7.263705,7.263705,0,12,,,,,,,,,
1780297004.363205,,,UI_STATUS_SEND,81,,,,14.087236,194.087236,7.183718,,,,,,35,0,,81,1,-1,25.150000,mono,,,
1780297005.101890,,,MATCH_ACCEPT,81,0,14.028050,7.171667,13.209502,,7.197592,0.818959,9.727133,3.818089,9.630749,4.947054,35,11,,,,,,,,,
1780297005.101890,,,UI_STATUS_SEND,81,,,,13.705904,193.705904,7.177890,,,,,,36,0,,81,1,-1,47.250000,mono,,,
1780297005.455340,,,MATCH_ACCEPT,81,0,13.540420,7.116667,13.394994,,7.179047,0.158240,8.437215,2.958144,6.253523,2.497091,36,5,,,,,,,,,
1780297005.455340,,,UI_STATUS_SEND,81,,,,13.467728,193.467728,7.140676,,,,,,37,0,,81,1,-1,25.150000,mono,,,
1780297005.631846,,,MATCH_REJECT,81,0,41.914720,4.600417,13.320600,,7.135504,28.706277,7.546223,2.364149,4.098761,1.490437,37,3,,,,,,,,,
1780297005.631846,,,NEW_TRACK,94,0,41.914720,4.600417,,,,,,,1.000000,1.000000,1,0,,,,,,,,,
1780297005.631846,,,TargetLost,81,,,,,,,,,,,,,,not_in_valid_tracks,,,,,,,,
1780297005.800015,,,MATCH_ACCEPT,81,0,12.706435,7.194583,13.180422,,7.130577,0.478288,8.101775,2.734517,5.284434,2.193148,36,6,,,,,,,,,
1780297005.800015,,,UI_STATUS_SEND,81,,,,12.963268,192.963268,7.167954,,,,,,37,0,,81,1,-1,47.250000,mono,,,
1780297006.168072,,,MATCH_ACCEPT,81,0,12.451227,7.208333,12.603902,,7.169415,0.157557,8.076638,2.717759,5.131155,2.255058,37,6,,,,,,,,,
1780297006.168072,,,UI_STATUS_SEND,81,,,,12.535069,192.535069,7.192404,,,,,,38,0,,81,1,-1,25.150000,mono,,,
1780297006.381199,,no_packet,TRACK_DELETE,94,,,,41.914720,,4.600417,,,,7.605948,7.605948,0,12,,,,,,,,,
1780297006.612554,,,MATCH_ACCEPT,81,0,12.305394,7.217500,12.080217,,7.203606,0.225605,8.367143,2.911429,5.771057,2.705361,38,7,,,,,,,,,
1780297006.612400,,,UI_STATUS_SEND,81,,,,12.188320,192.188320,7.212413,,,,,,39,0,,81,1,-1,25.150000,mono,,,
1780297007.135624,,,MATCH_ACCEPT,81,0,12.264378,7.226667,11.692053,,7.229800,0.572334,8.774466,3.182977,6.846329,3.285014,39,8,,,,,,,,,
1780297007.135624,,,UI_STATUS_SEND,81,,,,11.991246,191.991246,7.227677,,,,,,40,0,,81,1,-1,25.150000,mono,,,
1780297007.364029,,,MATCH_REJECT,81,0,345.708516,10.881875,11.820805,,7.234846,26.365744,7.836539,2.557693,4.700450,1.841343,40,4,,,,,,,,,
1780297007.364029,,,NEW_TRACK,95,0,345.708516,10.881875,,,,,,,1.000000,1.000000,1,0,,,,,,,,,
1780297007.364029,,,TargetLost,81,,,,,,,,,,,,,,not_in_valid_tracks,,,,,,,,
1780297007.487748,,,MATCH_ACCEPT,81,0,12.264378,7.139583,11.728483,,7.238730,0.544989,8.264343,2.842895,5.672357,2.409695,39,6,,,,,,,,,
1780297007.487748,,,UI_STATUS_SEND,81,,,,11.983449,191.983449,7.178583,,,,,,40,0,,81,1,-1,25.150000,mono,,,
1780297007.546223,,,MATCH_REJECT,95,0,336.108240,6.953958,345.708516,,10.881875,10.372745,4.985883,1.723455,1.485149,1.485149,0,3,,,,,,,,,
1780297007.546223,,,NEW_TRACK,96,0,336.108240,6.953958,,,,,,,1.000000,1.000000,1,0,,,,,,,,,
1780297007.546223,,,TargetLost,81,,,,,,,,,,,,,,not_in_valid_tracks,,,,,,,,
1780297007.880665,,,MATCH_ACCEPT,81,0,12.268935,7.180833,11.758060,,7.169966,0.510991,8.234245,2.822830,5.541557,2.426812,39,6,,,,,,,,,
1780297007.880665,,,UI_STATUS_SEND,81,,,,11.998151,191.998151,7.176577,,,,,,40,0,,81,1,-1,25.150000,mono,,,
1780297008.159765,,no_packet,TRACK_DELETE,95,,,,345.708516,,10.881875,,,,8.390902,8.390902,0,12,,,,,,,,,
1780297008.222611,,,MATCH_REJECT,96,0,344.701013,4.291042,336.108240,,6.953958,8.995937,7.778552,3.558568,6.331703,6.331703,0,10,,,,,,,,,
1780297008.222611,,,NEW_TRACK,97,0,344.701013,4.291042,,,,,,,1.000000,1.000000,1,0,,,,,,,,,
1780297008.222611,,,TargetLost,81,,,,,,,,,,,,,,not_in_valid_tracks,,,,,,,,
1780297008.341755,,,MATCH_ACCEPT,81,0,12.196019,7.093750,11.810215,,7.169270,0.393126,8.480452,2.986968,6.103534,2.818443,39,7,,,,,,,,,
1780297008.341755,,,TRACK_DELETE,96,,,,336.108240,,6.953958,,,,8.357971,8.357971,0,12,,,,,,,,,
1780297008.341755,,,UI_STATUS_SEND,81,,,,12.000830,192.000830,7.120685,,,,,,40,0,,81,1,-1,25.150000,mono,,,
1780297008.570121,,,MATCH_REJECT,81,0,359.178114,3.901458,11.937556,,7.107145,13.155980,7.749791,2.499861,4.472982,1.776322,40,4,,,,,,,,,
1780297008.570121,,,NEW_TRACK,98,0,359.178114,3.901458,,,,,,,1.000000,1.000000,1,0,,,,,,,,,
1780297008.570121,,,TargetLost,81,,,,,,,,,,,,,,not_in_valid_tracks,,,,,,,,
1780297008.859403,,,MATCH_ACCEPT,81,0,12.082086,7.066250,11.857405,,7.089994,0.225932,8.799050,3.199367,6.939447,3.296501,39,9,,,,,,,,,
1780297008.859403,,,UI_STATUS_SEND,81,,,,11.975618,191.975618,7.073885,,,,,,40,0,,81,1,-1,25.150000,mono,,,
1780297008.930186,,no_packet,TRACK_DELETE,97,,,,344.701013,,4.291042,,,,6.939561,6.939561,0,12,,,,,,,,,
1780297009.350172,,no_packet,TRACK_DELETE,98,,,,359.178114,,3.901458,,,,8.120211,8.120211,0,12,,,,,,,,,
1780297009.472391,,,MATCH_ACCEPT,81,0,12.018284,7.098333,11.853829,,7.029145,0.178417,9.233514,3.489010,8.198567,3.974621,40,9,,,,,,,,,
1780297009.472391,,,UI_STATUS_SEND,81,,,,11.947146,191.947146,7.078809,,,,,,41,0,,81,1,-1,25.150000,mono,,,
1780297009.882932,,,MATCH_REJECT,81,0,337.844909,5.251250,11.890224,,7.065760,34.093634,8.551078,3.034052,6.468866,2.736605,41,6,,,,,,,,,
1780297009.882932,,,NEW_TRACK,99,0,337.844909,5.251250,,,,,,,1.000000,1.000000,1,0,,,,,,,,,
1780297009.882932,,,TargetLost,81,,,,,,,,,,,,,,not_in_valid_tracks,,,,,,,,
1780297010.140540,,,MATCH_ACCEPT,81,0,11.945368,6.983750,11.854506,,7.057573,0.117071,9.536889,3.691259,9.190241,4.435154,40,10,,,,,,,,,
1780297010.140540,,,UI_STATUS_SEND,81,,,,11.908588,191.908588,7.002982,,,,,,41,0,,81,1,-1,25.150000,mono,,,
1780297010.600823,,,MATCH_ACCEPT,81,0,11.990941,6.942500,11.860028,,6.968542,0.133478,8.777529,3.185019,7.107630,3.036718,41,7,,,,,,,,,
1780297010.600823,,,UI_STATUS_SEND,81,,,,11.929687,191.929687,6.951347,,,,,,42,0,,81,1,-1,25.150000,mono,,,
1780297010.672435,,no_packet,TRACK_DELETE,99,,,,337.844909,,5.251250,,,,8.261789,8.261789,0,12,,,,,,,,,
1780297010.937798,,,MATCH_ACCEPT,81,0,12.059300,6.915000,11.908728,,6.921334,0.150705,8.154268,2.769512,5.451741,2.218457,42,5,,,,,,,,,
1780297010.937798,,,UI_STATUS_SEND,81,,,,11.978878,191.978878,6.917617,,,,,,43,0,,81,1,-1,25.150000,mono,,,
1780297011.129351,,,MATCH_REJECT,81,0,342.946797,11.014792,11.975721,,6.899922,29.319116,7.494635,2.329757,3.937182,1.490583,43,3,,,,,,,,,
1780297011.129351,,,NEW_TRACK,100,0,342.946797,11.014792,,,,,,,1.000000,1.000000,1,0,,,,,,,,,
1780297011.129351,,,TargetLost,81,,,,,,,,,,,,,,not_in_valid_tracks,,,,,,,,
1780297011.414982,,,MATCH_ACCEPT,81,0,12.086644,6.974583,11.971012,,6.873535,0.153563,8.489416,2.992944,6.109009,2.848704,42,8,,,,,,,,,
1780297011.414982,,,UI_STATUS_SEND,81,,,,12.028168,192.028168,6.938791,,,,,,43,0,,81,1,-1,25.150000,mono,,,
1780297011.903918,,no_packet,TRACK_DELETE,100,,,,342.946797,,11.014792,,,,8.027543,8.027543,0,12,,,,,,,,,
1780297012.023026,,,MATCH_ACCEPT,81,0,12.095758,6.960833,12.041336,,6.917511,0.069561,9.117960,3.411973,7.779672,3.861890,43,9,,,,,,,,,
1780297012.023026,,,UI_STATUS_SEND,81,,,,12.071514,192.071514,6.948354,,,,,,44,0,,81,1,-1,25.150000,mono,,,
1780297012.409239,,,MATCH_ACCEPT,81,0,12.036514,6.878333,12.087500,,6.944832,0.083795,8.448268,2.965512,6.178054,2.616206,44,6,,,,,,,,,
1780297012.409239,,,UI_STATUS_SEND,81,,,,12.062154,192.062154,6.903198,,,,,,45,0,,81,1,-1,25.150000,mono,,,
1780297012.962951,,,MATCH_ACCEPT,81,0,12.100316,6.933333,12.075873,,6.878286,0.060230,8.855894,3.237263,7.133072,3.346799,45,8,,,,,,,,,
1780297012.962951,,,UI_STATUS_SEND,81,,,,12.088901,192.088901,6.915813,,,,,,46,0,,81,1,-1,25.150000,mono,,,
1780297013.411594,,,MATCH_REJECT,81,0,337.890482,5.324583,12.103832,,6.910000,34.250063,8.595991,3.063994,6.509108,2.878953,46,7,,,,,,,,,
1780297013.411594,,,NEW_TRACK,101,0,337.890482,5.324583,,,,,,,1.000000,1.000000,1,0,,,,,,,,,
1780297013.411594,,,TargetLost,81,,,,,,,,,,,,,,not_in_valid_tracks,,,,,,,,
1780297013.569242,,,MATCH_ACCEPT,81,0,12.104873,6.924167,12.109079,,6.907957,0.016746,9.203973,3.469315,8.127131,3.909015,45,10,,,,,,,,,
1780297013.569242,,,UI_STATUS_SEND,81,,,,12.106701,192.106701,6.919538,,,,,,46,0,,81,1,-1,25.150000,mono,,,
1780297014.017258,,,MATCH_ACCEPT,81,0,12.100316,6.915000,12.120943,,6.917907,0.020831,8.680961,3.120641,6.782358,2.956042,46,7,,,,,,,,,
1780297014.017258,,,UI_STATUS_SEND,81,,,,12.110208,192.110208,6.916005,,,,,,47,0,,81,1,-1,25.150000,mono,,,
1780297014.157614,,no_packet,TRACK_DELETE,101,,,,337.890482,,5.324583,,,,7.566070,7.566070,0,12,,,,,,,,,
1780297014.354861,,,MATCH_ACCEPT,81,0,12.022842,6.841667,12.118616,,6.914229,0.120158,8.148307,2.765538,5.411391,2.236810,47,5,,,,,,,,,
1780297014.354861,,,UI_STATUS_SEND,81,,,,12.074172,192.074172,6.871509,,,,,,48,0,,81,1,-1,25.150000,mono,,,
1780297014.609272,,,MATCH_ACCEPT,81,0,12.072972,6.910417,12.072944,,6.860269,0.050148,7.706963,2.471308,4.358632,1.748733,48,4,,,,,,,,,
1780297014.609272,,,UI_STATUS_SEND,81,,,,12.072955,192.072955,6.886753,,,,,,49,0,,81,1,-1,25.150000,mono,,,
1780297014.785085,,,MATCH_REJECT,81,0,337.854024,5.223750,12.072108,,6.883417,34.258309,7.291933,2.194622,3.471850,1.344516,49,3,,,,,,,,,
1780297014.785085,,,NEW_TRACK,102,0,337.854024,5.223750,,,,,,,1.000000,1.000000,1,0,,,,,,,,,
1780297014.785085,,,TargetLost,81,,,,,,,,,,,,,,not_in_valid_tracks,,,,,,,,
1780297015.085544,,,MATCH_ACCEPT,81,0,12.045628,6.905833,12.070659,,6.877716,0.037645,8.345558,2.897039,5.662349,2.730486,48,8,,,,,,,,,
1780297015.085544,,,UI_STATUS_SEND,81,,,,12.058761,192.058761,6.895600,,,,,,49,0,,81,1,-1,25.150000,mono,,,
1780297015.573126,,no_packet,TRACK_DELETE,102,,,,337.854024,,5.223750,,,,8.252234,8.252234,0,12,,,,,,,,,
1780297015.630968,,,MATCH_ACCEPT,81,0,11.977269,6.832500,12.051562,,6.894159,0.096547,8.852718,3.235146,7.037420,3.428748,49,8,,,,,,,,,
1780297015.630968,,,UI_STATUS_SEND,81,,,,12.012214,192.012214,6.851802,,,,,,50,0,,81,1,-1,25.150000,mono,,,
1780297015.993757,,,MATCH_ACCEPT,81,0,12.022842,6.915000,11.997747,,6.837558,0.081406,8.315828,2.877219,5.813475,2.464912,50,6,,,,,,,,,
1780297015.993757,,,UI_STATUS_SEND,81,,,,12.009840,192.009840,6.884955,,,,,,51,0,,81,1,-1,25.150000,mono,,,
1780297016.168507,,,MATCH_REJECT,81,0,337.854024,5.242083,12.004285,,6.885291,34.189772,7.512477,2.341652,3.992833,1.490499,51,3,,,,,,,,,
1780297016.168507,,,NEW_TRACK,103,0,337.854024,5.242083,,,,,,,1.000000,1.000000,1,0,,,,,,,,,
1780297016.168507,,,TargetLost,81,,,,,,,,,,,,,,not_in_valid_tracks,,,,,,,,
1780297016.249342,,,MATCH_ACCEPT,81,0,11.963597,6.841667,12.001716,,6.885446,0.058049,7.796483,2.530989,4.568535,1.837370,50,5,,,,,,,,,
1780297016.249342,,,UI_STATUS_SEND,81,,,,11.985619,191.985619,6.861787,,,,,,51,0,,81,1,-1,25.150000,mono,,,
1780297016.394418,,,MATCH_ACCEPT,103,0,337.872253,5.260417,337.854024,,5.242083,0.025854,6.822663,1.881776,1.770540,1.770540,0,5,,,,,,,,,
1780297016.394418,,,TargetLost,81,,,,,,,,,,,,,,not_in_valid_tracks,,,,,,,,
1780297016.614294,,,MATCH_ACCEPT,81,0,12.009170,6.919583,11.969989,,6.854620,0.075864,8.004573,2.669715,4.906902,2.220476,50,7,,,,,,,,,
1780297016.614294,,,UI_STATUS_SEND,81,,,,11.987221,191.987221,6.892751,,,,,,51,0,,81,1,-1,25.150000,mono,,,
1780297016.737158,,,MATCH_ACCEPT,103,0,337.835795,5.251250,337.859867,,5.256225,0.024581,8.019406,2.679604,4.169633,3.010645,0,6,,,,,,,,,
1780297016.737158,,,TargetLost,81,,,,,,,,,,,,,,not_in_valid_tracks,,,,,,,,
1780297017.067355,,,MATCH_ACCEPT,103,0,337.876810,5.242083,337.847780,,5.255589,0.032018,8.470760,2.980507,5.897024,2.986396,1,5,,,,,,,,,
1780297017.067355,,,TargetLost,81,,,,,,,,,,,,,,not_in_valid_tracks,,,,,,,,
1780297017.099954,,,MATCH_ACCEPT,81,0,12.027399,6.924167,11.972431,,6.900900,0.059690,8.566013,3.044009,6.207796,3.058194,49,8,,,,,,,,,
1780297017.099954,,,UI_STATUS_SEND,81,,,,11.999822,191.999822,6.916299,,,,,,50,0,,81,1,-1,25.150000,mono,,,
1780297017.437169,,,MATCH_ACCEPT,81,0,12.022842,6.869167,11.996163,,6.926757,0.063470,8.169144,2.779430,5.401002,2.324227,50,5,,,,,,,,,
1780297017.437169,,,UI_STATUS_SEND,81,,,,12.008530,192.008530,6.892319,,,,,,51,0,,81,1,-1,25.150000,mono,,,
1780297017.682931,,,MATCH_ACCEPT,81,0,12.022842,6.919583,12.008038,,6.891996,0.031308,7.715169,2.476779,4.377397,1.757039,51,4,,,,,,,,,
1780297017.682931,,,UI_STATUS_SEND,81,,,,12.014136,192.014136,6.906598,,,,,,52,0,,81,1,-1,25.150000,mono,,,
1780297017.825050,,no_packet,TRACK_DELETE,103,,,,337.867598,,5.244459,,,,12.605550,6.392872,0,12,,,,,,,,,
1780297018.086329,,,MATCH_ACCEPT,81,0,12.022842,6.924167,12.015106,,6.911719,0.014656,8.073555,2.715703,5.078959,2.296084,52,6,,,,,,,,,
1780297018.086329,,,UI_STATUS_SEND,81,,,,12.018574,192.018574,6.919126,,,,,,53,0,,81,1,-1,25.150000,mono,,,
1780297018.371481,,,MATCH_REJECT,81,0,337.840352,5.242083,12.019976,,6.924751,34.221018,7.821071,2.547381,4.552679,1.936470,53,5,,,,,,,,,
1780297018.371481,,,NEW_TRACK,104,0,337.840352,5.242083,,,,,,,1.000000,1.000000,1,0,,,,,,,,,
1780297018.371481,,,TargetLost,81,,,,,,,,,,,,,,not_in_valid_tracks,,,,,,,,
1780297018.511215,,,MATCH_ACCEPT,81,0,12.031956,6.919583,12.020663,,6.927507,0.013796,8.317674,2.878449,5.665956,2.619513,52,7,,,,,,,,,
1780297018.511215,,,UI_STATUS_SEND,81,,,,12.026033,192.026033,6.922544,,,,,,53,0,,81,1,-1,25.150000,mono,,,
1780297018.886561,,,MATCH_ACCEPT,81,0,12.031956,6.915000,12.029297,,6.928261,0.013525,8.205619,2.803746,5.458254,2.402739,53,6,,,,,,,,,
1780297018.886561,,,TargetKeep,81,,,,,,,,,,,,,,lock_timer_expired,,,,,,,,
1780297018.886561,,,UI_STATUS_SEND,81,,,,12.030537,192.030537,6.920226,,,,,,54,0,,81,1,-1,25.150000,mono,,,
1780297019.161766,,no_packet,TRACK_DELETE,104,,,,337.840352,,5.242083,,,,8.267240,8.267240,0,12,,,,,,,,,
1780297019.275436,,,MATCH_ACCEPT,81,0,12.013727,6.919583,12.034255,,6.923320,0.020865,8.205168,2.803445,5.449889,2.409415,54,6,,,,,,,,,
1780297019.275436,,,UI_STATUS_SEND,81,,,,12.024693,192.024693,6.921053,,,,,,55,0,,81,1,-1,25.150000,mono,,,
1780297019.779271,,,MATCH_ACCEPT,81,0,12.022842,6.924167,12.026155,,6.924018,0.003317,8.636551,3.091034,6.478919,3.075571,55,8,,,,,,,,,
1780297019.779271,,,UI_STATUS_SEND,81,,,,12.024469,192.024469,6.924116,,,,,,56,0,,81,1,-1,25.150000,mono,,,
1780297019.946112,,,MATCH_REJECT,81,0,337.844909,5.205417,12.024763,,6.925112,34.223088,7.593694,2.395796,4.166043,1.573797,56,3,,,,,,,,,
1780297019.946112,,,NEW_TRACK,105,0,337.844909,5.205417,,,,,,,1.000000,1.000000,1,0,,,,,,,,,
1780297019.946112,,,TargetLost,81,,,,,,,,,,,,,,not_in_valid_tracks,,,,,,,,
1780297020.223099,,,MATCH_ACCEPT,105,0,337.854024,5.255833,337.844909,,5.205417,0.051234,6.985251,1.990167,1.980383,1.980383,1,4,,,,,,,,,
1780297020.223099,,,TargetLost,81,,,,,,,,,,,,,,not_in_valid_tracks,,,,,,,,
1780297020.368347,,,MATCH_ACCEPT,81,0,12.009170,6.915000,12.025507,,6.927633,0.020652,9.124166,3.416111,7.835250,3.834564,54,10,,,,,,,,,
1780297020.368347,,,UI_STATUS_SEND,81,,,,12.016419,192.016419,6.918657,,,,,,55,0,,81,1,-1,25.150000,mono,,,
1780297020.437784,,,MATCH_ACCEPT,105,0,338.264180,4.325417,337.847781,,5.242312,1.007018,7.388837,2.259225,3.092363,2.011734,1,4,,,,,,,,,
1780297020.437784,,,TargetLost,81,,,,,,,,,,,,,,not_in_valid_tracks,,,,,,,,
1780297020.572177,,,MATCH_ACCEPT,81,0,11.931696,6.915000,12.015577,,6.918358,0.083949,7.824048,2.549365,4.728782,1.770480,54,3,,,,,,,,,
1780297020.572177,,,UI_STATUS_SEND,81,,,,11.979448,191.979448,6.916574,,,,,,55,0,,81,1,-1,25.150000,mono,,,
1780297020.824755,,,MATCH_ACCEPT,81,0,11.995498,6.919583,11.972286,,6.915796,0.023519,7.574065,2.382710,4.067948,1.609358,55,4,,,,,,,,,
1780297020.824755,,,UI_STATUS_SEND,81,,,,11.981437,191.981437,6.917718,,,,,,56,0,,81,1,-1,25.150000,mono,,,
1780297021.243300,,no_packet,TRACK_DELETE,105,,,,338.143621,,4.109807,,,,13.377639,8.395957,0,12,,,,,,,,,
1780297021.249037,,,MATCH_ACCEPT,81,0,11.963597,6.910417,11.972156,,6.917207,0.010926,8.098162,2.732108,5.067754,2.396660,56,7,,,,,,,,,
1780297021.249037,,,UI_STATUS_SEND,81,,,,11.968324,191.968324,6.913097,,,,,,57,0,,81,1,-1,25.150000,mono,,,
1780297021.860458,,,MATCH_ACCEPT,81,0,11.981826,6.915000,11.953260,,6.909986,0.029002,9.041342,3.360895,7.465753,3.829860,57,9,,,,,,,,,
1780297021.860458,,,UI_STATUS_SEND,81,,,,11.968809,191.968809,6.913547,,,,,,58,0,,81,1,-1,25.150000,mono,,,
1780297022.216331,,,MATCH_REJECT,81,0,337.835795,5.260417,11.963790,,6.912816,34.167975,8.342877,2.895251,5.897532,2.484947,58,6,,,,,,,,,
1780297022.216331,,,NEW_TRACK,106,0,337.835795,5.260417,,,,,,,1.000000,1.000000,1,0,,,,,,,,,
1780297022.216331,,,TargetLost,81,,,,,,,,,,,,,,not_in_valid_tracks,,,,,,,,
1780297022.314302,,,MATCH_ACCEPT,81,0,11.918024,6.910417,11.962409,,6.912615,0.044439,8.710256,3.140170,6.817712,3.042958,57,8,,,,,,,,,
1780297022.314302,,,UI_STATUS_SEND,81,,,,11.939252,191.939252,6.911163,,,,,,58,0,,81,1,-1,25.150000,mono,,,
1780297022.824684,,,MATCH_ACCEPT,81,0,11.954482,6.915000,11.924336,,6.909495,0.030644,8.806148,3.204099,7.036455,3.229794,58,8,,,,,,,,,
1780297022.824684,,,UI_STATUS_SEND,81,,,,11.940302,191.940302,6.913205,,,,,,59,0,,81,1,-1,25.150000,mono,,,
1780297022.965801,,no_packet,TRACK_DELETE,106,,,,337.835795,,5.260417,,,,7.620267,7.620267,0,12,,,,,,,,,
1780297023.341112,,,MATCH_ACCEPT,81,0,11.918024,6.924167,11.930609,,6.913168,0.016714,8.862037,3.241358,7.181396,3.325007,59,8,,,,,,,,,
1780297023.341112,,,UI_STATUS_SEND,81,,,,11.923880,191.923880,6.920650,,,,,,60,0,,81,1,-1,25.150000,mono,,,
1780297023.588084,,,MATCH_ACCEPT,81,0,11.986383,7.089167,11.918162,,6.922214,0.180354,7.908400,2.605600,4.882006,1.907144,60,4,,,,,,,,,
1780297023.588084,,,UI_STATUS_SEND,81,,,,11.948081,191.948081,7.013982,,,,,,61,0,,81,1,-1,25.150000,mono,,,
1780297023.944523,,,MATCH_ACCEPT,81,0,11.986383,7.327500,11.946987,,7.045865,0.284377,7.974984,2.649990,4.896543,2.125902,61,6,,,,,,,,,
1780297023.944523,,,UI_STATUS_SEND,81,,,,11.964293,191.964293,7.208192,,,,,,62,0,,81,1,-1,25.150000,mono,,,
1780297024.201687,,,MATCH_REJECT,81,0,337.835795,5.324583,11.966618,,7.270366,34.186242,7.665475,2.443650,4.219857,1.751569,62,4,,,,,,,,,
1780297024.201687,,,NEW_TRACK,107,0,337.835795,5.324583,,,,,,,1.000000,1.000000,1,0,,,,,,,,,
1780297024.201687,,,TargetLost,81,,,,,,,,,,,,,,not_in_valid_tracks,,,,,,,,
1780297024.609483,,,MATCH_ACCEPT,81,0,11.995498,7.405417,11.970304,,7.368956,0.044318,9.206702,3.471134,7.896458,4.152316,61,10,,,,,,,,,
1780297024.609483,,,UI_STATUS_SEND,81,,,,11.984367,191.984367,7.395448,,,,,,62,0,,81,1,-1,25.150000,mono,,,
1780297025.032983,,no_packet,TRACK_DELETE,107,,,,337.835795,,5.324583,,,,8.996460,8.996460,0,12,,,,,,,,,
1780297025.128725,,,MATCH_ACCEPT,81,0,11.931696,8.024167,11.993954,,7.532618,0.495476,8.973208,3.315472,7.555374,3.436982,62,8,,,,,,,,,
1780297025.128725,,,UI_STATUS_SEND,81,,,,11.959882,191.959882,7.870542,,,,,,63,0,,81,1,-1,25.150000,mono,,,
1780297025.611278,,,MATCH_ACCEPT,81,0,12.009170,8.161667,11.958237,,8.132233,0.058825,8.738530,3.159020,6.927930,3.051476,63,7,,,,,,,,,
1780297025.611278,,,UI_STATUS_SEND,81,,,,11.985014,191.985014,8.151699,,,,,,64,0,,81,1,-1,25.150000,mono,,,
1780297026.060379,,,MATCH_ACCEPT,81,0,11.986383,8.097500,11.991220,,8.402692,0.305230,8.556903,3.037935,6.404943,2.824108,64,7,,,,,,,,,
1780297026.060379,,,UI_STATUS_SEND,81,,,,11.988772,191.988772,8.206209,,,,,,65,0,,81,1,-1,25.150000,mono,,,
1780297026.536937,,,MATCH_ACCEPT,81,0,12.050185,8.184583,11.994602,,8.392196,0.214924,8.597265,3.064843,6.461518,2.931746,65,7,,,,,,,,,
1780297026.536937,,,UI_STATUS_SEND,81,,,,12.022856,192.022856,8.256763,,,,,,66,0,,81,1,-1,25.150000,mono,,,
1780297026.889840,,,MATCH_ACCEPT,81,0,12.000055,8.193750,12.033724,,8.352923,0.162694,8.193826,2.795884,5.479477,2.337490,66,6,,,,,,,,,
1780297026.889840,,,UI_STATUS_SEND,81,,,,12.017995,192.017995,8.257521,,,,,,67,0,,81,1,-1,25.150000,mono,,,
1780297027.277603,,,MATCH_ACCEPT,81,0,12.054743,8.198333,12.025879,,8.330631,0.135410,8.175973,2.783982,5.379536,2.371019,67,6,,,,,,,,,
1780297027.277603,,,UI_STATUS_SEND,81,,,,12.039231,192.039231,8.250886,,,,,,68,0,,81,1,-1,25.150000,mono,,,
1780297027.855155,,,MATCH_ACCEPT,81,0,12.095758,8.207500,12.056275,,8.317572,0.116939,8.908367,3.272245,7.157239,3.550348,68,9,,,,,,,,,
1780297027.855155,,,UI_STATUS_SEND,81,,,,12.077353,192.077353,8.241138,,,,,,69,0,,81,1,-1,25.150000,mono,,,
1780297028.290460,,,MATCH_ACCEPT,81,0,12.113988,8.230417,12.096325,,8.262973,0.037039,8.588392,3.058928,6.481421,2.875618,69,7,,,,,,,,,
1780297028.290460,,,UI_STATUS_SEND,81,,,,12.105317,192.105317,8.241879,,,,,,70,0,,81,1,-1,25.150000,mono,,,
1780297028.759598,,,MATCH_ACCEPT,81,0,12.123102,8.257917,12.128551,,8.256904,0.005543,8.605085,3.070056,6.497192,2.928055,70,7,,,,,,,,,
1780297028.759598,,,UI_STATUS_SEND,81,,,,12.125774,192.125774,8.257564,,,,,,71,0,,81,1,-1,25.150000,mono,,,
1780297029.138962,,,MATCH_ACCEPT,81,0,12.182347,8.267083,12.143861,,8.269934,0.038591,8.291541,2.861027,5.720952,2.464524,71,6,,,,,,,,,
1780297029.138962,,,UI_STATUS_SEND,81,,,,12.162254,192.162254,8.268190,,,,,,72,0,,81,1,-1,25.150000,mono,,,
1780297029.515353,,,MATCH_ACCEPT,81,0,12.173232,8.271667,12.184847,,8.279878,0.014224,8.180015,2.786677,5.408805,2.356763,72,6,,,,,,,,,
1780297029.515353,,,UI_STATUS_SEND,81,,,,12.179459,192.179459,8.274940,,,,,,73,0,,81,1,-1,25.150000,mono,,,
1780297030.060518,,,MATCH_ACCEPT,81,0,12.209691,8.322083,12.210174,,8.289426,0.032661,8.765141,3.176760,6.801038,3.290769,73,8,,,,,,,,,
1780297030.060518,,,UI_STATUS_SEND,81,,,,12.209922,192.209922,8.311569,,,,,,74,0,,81,1,-1,26.430000,mono,,,
1780297030.462400,,,MATCH_REJECT,81,0,337.844909,5.251250,12.232496,,8.329998,34.525133,8.410411,2.940274,6.025304,2.619907,74,6,,,,,,,,,
1780297030.462400,,,NEW_TRACK,108,0,337.844909,5.251250,,,,,,,1.000000,1.000000,1,0,,,,,,,,,
1780297030.462400,,,TargetLost,81,,,,,,,,,,,,,,not_in_valid_tracks,,,,,,,,
1780297030.661305,,,MATCH_ACCEPT,81,0,12.196019,8.817083,12.243669,,8.339119,0.480334,9.160671,3.440447,7.989038,3.847640,73,9,,,,,,,,,
1780297030.661305,,,UI_STATUS_SEND,81,,,,12.216934,192.216934,8.679043,,,,,,74,0,,81,1,-1,25.150000,mono,,,
1780297031.187501,,,MATCH_ACCEPT,81,0,12.264378,9.105833,12.237491,,8.849432,0.257808,8.947415,3.298277,7.498793,3.379837,74,8,,,,,,,,,
1780297031.187501,,,UI_STATUS_SEND,81,,,,12.252156,192.252156,9.024773,,,,,,75,0,,81,1,-1,25.150000,mono,,,
1780297031.259172,,no_packet,TRACK_DELETE,108,,,,337.844909,,5.251250,,,,8.381319,8.381319,0,12,,,,,,,,,
1780297031.526811,,,MATCH_ACCEPT,81,0,12.264378,8.047083,12.268540,,9.183479,1.136404,8.210520,2.807013,5.602288,2.277036,75,5,,,,,,,,,
1780297031.526811,,,UI_STATUS_SEND,81,,,,12.266573,192.266573,8.509540,,,,,,76,0,,81,1,-1,25.150000,mono,,,
1780297031.957716,,,MATCH_ACCEPT,81,0,12.173232,6.250417,12.286829,,8.455961,2.208468,8.324984,2.883323,5.740672,2.572877,76,7,,,,,,,,,
1780297031.957716,,,UI_STATUS_SEND,81,,,,12.232443,192.232443,7.083754,,,,,,77,0,,81,1,-1,25.150000,mono,,,
1780297032.303069,,,MATCH_ACCEPT,81,0,12.196019,5.384167,12.236174,,6.620928,1.237413,8.064229,2.709486,5.134231,2.207084,77,5,,,,,,,,,
1780297032.303069,,,UI_STATUS_SEND,81,,,,12.218064,192.218064,5.896807,,,,,,78,0,,81,1,-1,25.150000,mono,,,
1780297032.748566,,,MATCH_ACCEPT,81,0,12.173232,5.223750,12.217312,,5.000775,0.227291,8.353171,2.902114,5.757079,2.665187,78,7,,,,,,,,,
1780297032.748566,,,UI_STATUS_SEND,81,,,,12.196177,192.196177,5.141341,,,,,,79,0,,81,1,-1,26.430000,mono,,,
1780297033.133441,,,MATCH_ACCEPT,81,0,12.259821,5.246667,12.189933,,4.415721,0.833880,8.235128,2.823419,5.527184,2.444510,79,6,,,,,,,,,
1780297033.133441,,,UI_STATUS_SEND,81,,,,12.222732,192.222732,4.922646,,,,,,80,0,,81,1,-1,25.150000,mono,,,
1780297033.284459,,,MATCH_REJECT,81,0,337.826680,5.214583,12.223691,,4.706802,34.400759,7.426446,2.284298,3.786750,1.431265,80,3,,,,,,,,,
1780297033.284459,,,NEW_TRACK,109,0,337.826680,5.214583,,,,,,,1.000000,1.000000,1,0,,,,,,,,,
1780297033.284459,,,TargetLost,81,,,,,,,,,,,,,,not_in_valid_tracks,,,,,,,,
1780297033.533474,,,MATCH_ACCEPT,81,0,12.319066,5.122917,12.225273,,4.350894,0.777699,8.275605,2.850404,5.603867,2.520933,79,7,,,,,,,,,
1780297033.533474,,,UI_STATUS_SEND,81,,,,12.269613,192.269613,4.827507,,,,,,80,0,,81,1,-1,25.150000,mono,,,
1780297033.740978,,,MATCH_ACCEPT,109,0,337.854024,5.251250,337.826680,,5.214583,0.045740,7.973812,2.649208,3.509152,3.509152,0,7,,,,,,,,,
1780297033.740978,,,TargetLost,81,,,,,,,,,,,,,,not_in_valid_tracks,,,,,,,,
1780297033.990762,,,MATCH_ACCEPT,81,0,12.332738,5.095417,12.286532,,4.370805,0.726083,8.488160,2.992107,6.120899,2.831803,79,7,,,,,,,,,
1780297033.990762,,,UI_STATUS_SEND,81,,,,12.309394,192.309394,4.837764,,,,,,80,0,,81,1,-1,25.150000,mono,,,
1780297034.346886,,,MATCH_ACCEPT,81,0,12.291722,5.095417,12.328178,,4.631659,0.465188,8.198576,2.799050,5.467935,2.366748,80,6,,,,,,,,,
1780297034.346886,,,UI_STATUS_SEND,81,,,,12.311167,192.311167,4.910999,,,,,,81,0,,81,1,-1,47.250000,mono,,,
1780297034.486495,,no_packet,TRACK_DELETE,109,,,,337.846617,,5.266027,,,,12.840748,8.045623,0,12,,,,,,,,,
1780297034.519060,,,MATCH_REJECT,81,0,338.296081,4.320833,12.318236,,4.854651,34.026342,7.472096,2.314731,3.881865,1.476113,81,3,,,,,,,,,
1780297034.519060,,,NEW_TRACK,110,0,338.296081,4.320833,,,,,,,1.000000,1.000000,1,0,,,,,,,,,
1780297034.519060,,,NEW_TRACK,111,1,337.858581,5.274167,,,,,,,1.000000,1.000000,1,0,,,,,,,,,
1780297034.519060,,,TargetLost,81,,,,,,,,,,,,,,not_in_valid_tracks,,,,,,,,
1780297034.787203,,,MATCH_ACCEPT,81,0,12.309951,5.035833,12.329245,,4.766894,0.269631,8.401581,2.934387,5.907182,2.703448,80,7,,,,,,,,,
1780297034.787203,,,UI_STATUS_SEND,81,,,,12.319870,192.319870,4.937328,,,,,,81,0,,81,1,-1,47.250000,mono,,,
1780297034.990284,,,MATCH_ACCEPT,111,0,337.854024,5.232917,337.858581,,5.274167,0.041501,8.053150,2.702100,3.650672,3.650672,0,7,,,,,,,,,
1780297034.990284,,,TargetLost,81,,,,,,,,,,,,,,not_in_valid_tracks,,,,,,,,
1780297035.310943,,,MATCH_ACCEPT,111,0,337.872253,5.315417,337.856164,,5.232620,0.084346,8.377802,2.918535,5.510862,3.006982,1,5,,,,,,,,,
1780297035.310943,,,TRACK_DELETE,110,,,,338.296081,,4.320833,,,,8.295536,8.295536,0,12,,,,,,,,,
1780297035.310943,,,TargetLost,81,,,,,,,,,,,,,,not_in_valid_tracks,,,,,,,,
1780297035.381801,,,MATCH_ACCEPT,81,0,12.323623,4.935000,12.340418,,4.835019,0.101382,9.063296,3.375531,7.634324,3.759885,79,9,,,,,,,,,
1780297035.381801,,,UI_STATUS_SEND,81,,,,12.331183,192.331183,4.905649,,,,,,80,0,,81,1,-1,25.150000,mono,,,
1780297035.978890,,,MATCH_ACCEPT,81,0,12.373753,4.884583,12.348173,,4.838530,0.052680,9.223697,3.482465,8.240678,3.886883,80,9,,,,,,,,,
1780297035.978890,,,UI_STATUS_SEND,81,,,,12.362720,192.362720,4.871379,,,,,,81,0,,81,1,-1,25.150000,mono,,,
1780297036.119228,,no_packet,TRACK_DELETE,111,,,,337.868612,,5.309947,,,,13.603021,7.116801,0,12,,,,,,,,,
1780297036.347432,,,MATCH_ACCEPT,81,0,12.387425,4.792917,12.376583,,4.839746,0.048068,8.400032,2.933354,6.092220,2.512348,81,6,,,,,,,,,
1780297036.347432,,,UI_STATUS_SEND,81,,,,12.381935,192.381935,4.810873,,,,,,82,0,,81,1,-1,25.150000,mono,,,
1780297036.791653,,,MATCH_ACCEPT,81,0,12.401097,4.641667,12.400165,,4.761817,0.120154,8.437761,2.958508,6.051127,2.701639,82,7,,,,,,,,,
1780297036.791653,,,UI_STATUS_SEND,81,,,,12.400624,192.400624,4.685693,,,,,,83,0,,81,1,-1,25.150000,mono,,,
1780297037.105471,,,MATCH_REJECT,81,0,337.854024,5.214583,12.413598,,4.629833,34.564520,8.009067,2.672711,5.030367,2.113019,83,5,,,,,,,,,
1780297037.105471,,,NEW_TRACK,112,0,337.854024,5.214583,,,,,,,1.000000,1.000000,1,0,,,,,,,,,
1780297037.105471,,,TargetLost,81,,,,,,,,,,,,,,not_in_valid_tracks,,,,,,,,
1780297037.283415,,,MATCH_ACCEPT,81,0,12.332738,4.595833,12.420955,,4.598159,0.088248,8.662017,3.108012,6.571666,3.088071,82,8,,,,,,,,,
1780297037.283415,,,UI_STATUS_SEND,81,,,,12.375739,192.375739,4.596615,,,,,,83,0,,81,1,-1,47.250000,mono,,,
1780297037.524120,,,MATCH_ACCEPT,112,0,337.872253,5.260417,337.854024,,5.214583,0.049325,7.772492,2.514995,3.162599,3.162599,0,7,,,,,,,,,
1780297037.524120,,,TargetLost,81,,,,,,,,,,,,,,not_in_valid_tracks,,,,,,,,
1780297037.701309,,,MATCH_ACCEPT,81,0,12.346409,4.462917,12.380399,,4.521664,0.067872,8.470555,2.980370,6.138551,2.744052,82,7,,,,,,,,,
1780297037.701309,,,UI_STATUS_SEND,81,,,,12.363557,192.363557,4.484231,,,,,,83,0,,81,1,-1,25.150000,mono,,,
1780297038.227521,,,MATCH_ACCEPT,81,0,12.410211,4.462917,12.363445,,4.372392,0.101891,8.810609,3.207072,6.984939,3.300375,83,8,,,,,,,,,
1780297038.227521,,,TargetKeep,81,,,,,,,,,,,,,,lock_timer_expired,,,,,,,,
1780297038.227521,,,UI_STATUS_SEND,81,,,,12.388127,192.388127,4.433830,,,,,,84,0,,81,1,-1,25.150000,mono,,,
1780297038.298855,,no_packet,TRACK_DELETE,112,,,,337.866784,,5.278491,,,,13.266507,8.691585,0,12,,,,,,,,,
1780297038.645273,,,MATCH_ACCEPT,81,0,12.419326,5.558333,12.394933,,4.367353,1.191231,8.484745,2.989830,6.227570,2.711515,84,6,,,,,,,,,
1780297038.645273,,,UI_STATUS_SEND,81,,,,12.407108,192.407108,5.122933,,,,,,85,0,,81,1,-1,25.150000,mono,,,
1780297039.331578,,,MATCH_ACCEPT,81,0,12.442113,7.639167,12.423882,,5.471493,2.167751,9.397960,3.598640,8.636262,4.313947,85,10,,,,,,,,,
1780297039.331578,,,UI_STATUS_SEND,81,,,,12.434459,192.434459,7.062800,,,,,,86,0,,81,1,-1,25.150000,mono,,,
1780297039.703805,,,MATCH_ACCEPT,81,0,12.455784,9.596250,12.446040,,7.727355,1.868920,8.445827,2.963885,6.221413,2.563199,86,6,,,,,,,,,
1780297039.703805,,,UI_STATUS_SEND,81,,,,12.450901,192.450901,8.888455,,,,,,87,0,,81,1,-1,25.150000,mono,,,
1780297040.165987,,,MATCH_ACCEPT,81,0,12.474014,12.259167,12.466706,,10.162527,2.096653,8.497187,2.998125,6.217375,2.771377,87,7,,,,,,,,,
1780297040.165987,,,UI_STATUS_SEND,81,,,,12.470350,192.470350,11.503262,,,,,,88,0,,81,1,-1,25.150000,mono,,,
1780297040.264294,,,MATCH_REJECT,81,0,337.826680,5.269583,12.473947,,11.889711,35.274058,7.339815,2.226543,3.657380,1.300115,88,2,,,,,,,,,
1780297040.264294,,,NEW_TRACK,113,0,337.826680,5.269583,,,,,,,1.000000,1.000000,1,0,,,,,,,,,
1780297040.264294,,,TargetLost,81,,,,,,,,,,,,,,not_in_valid_tracks,,,,,,,,
1780297040.667305,,,MATCH_ACCEPT,81,0,12.464899,13.079583,12.488690,,13.473957,0.395091,8.704042,3.136028,6.694828,3.139845,87,8,,,,,,,,,
1780297040.667305,,,UI_STATUS_SEND,81,,,,12.476386,192.476386,13.210626,,,,,,88,0,,81,1,-1,25.150000,mono,,,
1780297040.984982,,,MATCH_ACCEPT,81,0,12.423883,13.148333,12.485424,,14.386852,1.240047,8.099311,2.732874,5.277092,2.191507,88,5,,,,,,,,,
1780297040.984982,,,UI_STATUS_SEND,81,,,,12.457251,192.457251,13.663832,,,,,,89,0,,81,1,-1,47.250000,mono,,,
1780297041.055052,,no_packet,TRACK_DELETE,113,,,,337.826680,,5.269583,,,,8.271718,8.271718,0,12,,,,,,,,,
1780297041.340003,,,MATCH_ACCEPT,81,0,12.460342,13.166667,12.460603,,14.747612,1.580945,8.044090,2.696060,5.070379,2.198361,89,6,,,,,,,,,
1780297041.340003,,,UI_STATUS_SEND,81,,,,12.460486,192.460486,13.823491,,,,,,90,0,,81,1,-1,25.150000,mono,,,
1780297041.737198,,,MATCH_ACCEPT,81,0,12.337295,13.148333,12.464204,,14.699321,1.556171,8.174033,2.782689,5.334361,2.408994,90,6,,,,,,,,,
1780297041.737198,,,UI_STATUS_SEND,81,,,,12.405765,192.405765,13.758536,,,,,,91,0,,81,1,-1,47.250000,mono,,,
1780297042.260804,,,MATCH_ACCEPT,81,0,12.296279,13.148333,12.389062,,14.453596,1.308556,8.709471,3.139648,6.646771,3.210616,91,8,,,,,,,,,
1780297042.260804,,,UI_STATUS_SEND,81,,,,12.341243,192.341243,13.575617,,,,,,92,0,,81,1,-1,47.250000,mono,,,
1780297042.642192,,,MATCH_ACCEPT,81,0,12.346409,12.946667,12.316641,,13.789411,0.843270,8.335804,2.890536,5.834859,2.520338,92,6,,,,,,,,,
1780297042.642192,,,UI_STATUS_SEND,81,,,,12.331014,192.331014,13.269185,,,,,,93,0,,81,1,-1,25.150000,mono,,,
1780297043.163222,,,MATCH_ACCEPT,81,0,12.332738,12.946667,12.302459,,13.322863,0.377413,8.720949,3.147299,6.745615,3.159877,93,8,,,,,,,,,
1780297043.163222,,,UI_STATUS_SEND,81,,,,12.318175,192.318175,13.071139,,,,,,94,0,,81,1,-1,25.150000,mono,,,
1780297043.818069,,,MATCH_ACCEPT,81,0,12.264378,12.635000,12.289121,,12.996373,0.362219,9.362175,3.574783,8.547444,4.231630,94,10,,,,,,,,,
1780297043.818069,,,UI_STATUS_SEND,81,,,,12.274829,192.274829,12.732451,,,,,,95,0,,81,1,-1,47.250000,mono,,,
1780297044.170708,,,MATCH_ACCEPT,81,0,12.305394,12.566250,12.256007,,12.617312,0.071038,8.385594,2.923729,6.058705,2.489488,95,6,,,,,,,,,
1780297044.170708,,,UI_STATUS_SEND,81,,,,12.280317,192.280317,12.585940,,,,,,96,0,,81,1,-1,25.150000,mono,,,
1780297044.569072,,,MATCH_ACCEPT,81,0,12.319066,11.640417,12.265250,,12.445264,0.806644,8.265706,2.843804,5.643413,2.443808,96,6,,,,,,,,,
1780297044.569072,,,UI_STATUS_SEND,81,,,,12.290785,192.290785,11.954315,,,,,,97,0,,81,1,-1,25.150000,mono,,,
1780297044.656957,,,MATCH_REJECT,81,0,337.872253,5.187083,12.288972,,11.883862,35.062193,7.244241,2.162827,3.448169,1.229652,97,2,,,,,,,,,
1780297044.656957,,,NEW_TRACK,114,0,337.872253,5.187083,,,,,,,1.000000,1.000000,1,0,,,,,,,,,
1780297044.656957,,,TargetLost,81,,,,,,,,,,,,,,not_in_valid_tracks,,,,,,,,
1780297044.920089,,,MATCH_ACCEPT,81,0,12.264378,11.580833,12.283542,,11.672923,0.094063,8.105587,2.737058,5.212613,2.278874,96,6,,,,,,,,,
1780297044.920089,,,UI_STATUS_SEND,81,,,,12.274827,192.274827,11.618291,,,,,,97,0,,81,1,-1,47.250000,mono,,,
1780297045.475133,,no_packet,TRACK_DELETE,114,,,,337.872253,,5.187083,,,,8.768079,8.768079,0,12,,,,,,,,,
1780297045.754668,,no_packet,TRACK_DELETE,81,,,,12.252557,,10.906864,,,,10.120972,5.590649,97,12,,,,,,,,,
1780297046.071733,,,NEW_TRACK,115,0,13.020889,11.631250,,,,,,,1.000000,1.000000,1,0,,,,,,,,,
1780297046.071733,,,TargetLost,81,,,,,,,,,,,,,,not_in_valid_tracks,,,,,,,,
1780297046.296310,,,MATCH_REJECT,115,0,337.133972,7.455833,13.020889,,11.631250,36.129003,6.774634,1.849756,1.710798,1.710798,1,4,,,,,,,,,
1780297046.296310,,,NEW_TRACK,116,0,337.133972,7.455833,,,,,,,1.000000,1.000000,1,0,,,,,,,,,
1780297046.296310,,,TargetLost,81,,,,,,,,,,,,,,not_in_valid_tracks,,,,,,,,
1780297046.525714,,,MATCH_ACCEPT,115,0,13.781956,11.667917,13.020889,,11.631250,0.761950,7.991353,2.660902,3.540200,3.540200,0,8,,,,,,,,,
1780297046.525714,,,TargetLost,81,,,,,,,,,,,,,,not_in_valid_tracks,,,,,,,,
1780297046.643785,,,MATCH_ACCEPT,116,0,337.854024,5.260417,337.133972,,7.455833,2.310482,7.379959,2.253306,2.538695,2.538695,0,6,,,,,,,,,
1780297046.643785,,,TargetLost,81,,,,,,,,,,,,,,not_in_valid_tracks,,,,,,,,
1780297046.969393,,,MATCH_ACCEPT,115,0,15.386123,11.667917,13.462675,,11.672087,1.923452,9.072049,3.381366,7.232057,4.201580,0,7,,,,,,,,,
1780297046.969393,,,TargetLost,81,,,,,,,,,,,,,,not_in_valid_tracks,,,,,,,,
1780297047.315920,,,MATCH_ACCEPT,115,0,15.896540,11.562500,14.991940,,11.679856,0.912180,8.660431,3.106954,6.802152,2.851011,1,5,,,,,,,,,
1780297047.315920,,,TargetLost,81,,,,,,,,,,,,,,not_in_valid_tracks,,,,,,,,
1780297047.456349,,no_packet,TRACK_DELETE,116,,,,337.583842,,4.516463,,,,13.471206,9.550160,0,12,,,,,,,,,
1780297047.615336,,,MATCH_ACCEPT,115,0,15.992243,11.553333,16.014496,,11.589832,0.042748,8.201180,2.800787,5.639863,2.204544,2,5,,,,,,,,,
1780297047.615336,,,TargetLost,81,,,,,,,,,,,,,,not_in_valid_tracks,,,,,,,,
1780297047.615336,,,TargetSwitch,115,,,,,,,,,,,,,,master_lost,,,,,,,,
1780297047.615336,,,UI_STATUS_SEND,115,,,,16.003940,196.003940,11.568472,,,,,,3,0,,115,1,-1,25.150000,mono,,,
1780297047.967110,,,MATCH_ACCEPT,115,0,16.179092,11.535000,16.648558,,11.544439,0.469561,8.135217,2.756811,5.391339,2.208669,3,5,,,,,,,,,
1780297047.967110,,,UI_STATUS_SEND,115,,,,16.431139,196.431139,11.538911,,,,,,4,0,,115,1,-1,51.980000,mono,,,
1780297048.148400,,,MATCH_REJECT,115,0,337.826680,5.223750,16.734480,,11.525557,39.414841,7.455926,2.330351,3.946246,1.484289,4,3,,,,,,,,,
1780297048.148400,,,NEW_TRACK,117,0,337.826680,5.223750,,,,,,,1.000000,1.000000,1,0,,,,,,,,,
1780297048.148400,,,TargetLost,115,,,,,,,,,,,,,,not_in_valid_tracks,,,,,,,,
1780297048.429677,,,MATCH_ACCEPT,115,0,16.625706,11.622083,17.205121,,11.504839,0.591158,8.441304,2.987269,6.134994,2.788782,3,7,,,,,,,,,
1780297048.429677,,,UI_STATUS_SEND,115,,,,16.914874,196.914874,11.580582,,,,,,4,0,,115,1,-1,25.150000,mono,,,
1780297048.664873,,,MATCH_ACCEPT,115,0,16.890029,11.599167,17.261270,,11.579344,0.371769,7.750282,2.500188,4.479329,1.771613,4,4,,,,,,,,,
1780297048.664873,,,UI_STATUS_SEND,115,,,,17.106283,197.106283,11.589877,,,,,,5,0,,115,1,-1,25.150000,mono,,,
1780297048.947115,,no_packet,TRACK_DELETE,117,,,,337.826680,,5.223750,,,,8.412568,8.412568,0,12,,,,,,,,,
1780297049.168161,,,MATCH_ACCEPT,115,0,17.250055,11.585417,17.793744,,11.592074,0.543730,8.423734,2.949156,5.881126,2.816397,5,8,,,,,,,,,
1780297049.168161,,,UI_STATUS_SEND,115,,,,17.530166,197.530166,11.587792,,,,,,6,0,,115,1,-1,25.150000,mono,,,
1780297049.810538,,,MATCH_ACCEPT,115,0,17.724014,11.585417,18.291668,,11.588142,0.567661,9.241244,3.494162,8.090192,4.118978,6,10,,,,,,,,,
1780297049.810538,,,UI_STATUS_SEND,115,,,,17.971419,197.971419,11.586166,,,,,,7,0,,115,1,-1,47.250000,mono,,,
1780297050.171982,,,MATCH_ACCEPT,115,0,20.221409,11.603750,18.325179,,11.585779,1.896316,8.393807,2.929205,6.049144,2.531095,7,6,,,,,,,,,
1780297050.171982,,,UI_STATUS_SEND,115,,,,19.257811,199.257811,11.596891,,,,,,8,0,,115,1,-1,25.150000,mono,,,
1780297050.507541,,,MATCH_REJECT,115,0,337.835795,5.260417,19.789894,,11.599733,42.430335,8.051959,2.701306,5.153880,2.143174,8,5,,,,,,,,,
1780297050.507541,,,NEW_TRACK,118,0,337.835795,5.260417,,,,,,,1.000000,1.000000,1,0,,,,,,,,,
1780297050.507541,,,TargetLost,115,,,,,,,,,,,,,,not_in_valid_tracks,,,,,,,,
1780297050.582348,,,MATCH_ACCEPT,115,0,21.734430,11.672500,19.908513,,11.600366,1.827342,8.339555,2.893037,5.806781,2.562881,7,7,,,,,,,,,
1780297050.582348,,,UI_STATUS_SEND,115,,,,20.787910,200.787910,11.645179,,,,,,8,0,,115,1,-1,25.150000,mono,,,
1780297051.038295,,,MATCH_ACCEPT,115,0,22.217503,11.658750,21.779330,,11.667299,0.438257,8.499931,2.999954,6.152882,2.846841,8,7,,,,,,,,,
1780297051.038295,,,UI_STATUS_SEND,115,,,,21.996701,201.996701,11.661779,,,,,,9,0,,115,1,-1,25.150000,mono,,,
1780297051.246785,,no_packet,TRACK_DELETE,118,,,,337.835795,,5.260417,,,,7.483862,7.483862,0,12,,,,,,,,,
1780297051.311618,,,MATCH_REJECT,115,0,338.282409,4.288750,22.631644,,11.673674,44.959890,7.894199,2.596132,4.788119,1.951785,9,4,,,,,,,,,
1780297051.311618,,,NEW_TRACK,119,0,338.282409,4.288750,,,,,,,1.000000,1.000000,1,0,,,,,,,,,
1780297051.311618,,,TargetLost,115,,,,,,,,,,,,,,not_in_valid_tracks,,,,,,,,
1780297051.448260,,,MATCH_ACCEPT,119,0,337.849467,5.242083,338.282409,,4.288750,1.047036,6.407070,1.604713,1.287552,1.287552,1,2,,,,,,,,,
1780297051.448260,,,TargetLost,115,,,,,,,,,,,,,,not_in_valid_tracks,,,,,,,,
1780297051.525166,,,MATCH_ACCEPT,115,0,22.427139,11.429583,23.127726,,11.682967,0.745001,8.690010,3.126673,6.656179,3.119907,7,8,,,,,,,,,
1780297051.525166,,,UI_STATUS_SEND,115,,,,22.766408,202.766408,11.514136,,,,,,8,0,,115,1,-1,25.150000,mono,,,
1780297051.845890,,,MATCH_ACCEPT,119,0,337.890482,5.320000,338.176951,,4.902899,0.506001,8.040639,2.693759,3.995953,3.260386,1,7,,,,,,,,,
1780297051.845890,,,TargetLost,115,,,,,,,,,,,,,,not_in_valid_tracks,,,,,,,,
1780297051.991801,,,MATCH_ACCEPT,115,0,22.472711,10.985000,23.737067,,11.465887,1.352718,8.672098,3.114732,6.656605,3.044950,7,8,,,,,,,,,
1780297051.991801,,,UI_STATUS_SEND,115,,,,23.084973,203.084973,11.148081,,,,,,8,0,,115,1,-1,25.150000,mono,,,
1780297052.279663,,,MATCH_ACCEPT,115,0,22.304092,11.007917,23.558456,,11.038952,1.254748,8.015651,2.677101,5.087782,2.079087,8,5,,,,,,,,,
1780297052.279663,,,UI_STATUS_SEND,115,,,,22.995565,202.995565,11.021233,,,,,,9,0,,115,1,-1,25.150000,mono,,,
1780297052.558922,,no_packet,TRACK_DELETE,119,,,,337.900550,,5.814423,,,,12.538556,7.434451,0,12,,,,,,,,,
1780297052.642552,,,MATCH_ACCEPT,115,0,22.190159,11.021667,23.452134,,10.877755,1.270154,8.063704,2.709136,5.098102,2.241316,9,6,,,,,,,,,
1780297052.642552,,,UI_STATUS_SEND,115,,,,22.885196,202.885196,10.962552,,,,,,10,0,,115,1,-1,25.150000,mono,,,
1780297053.018226,,,MATCH_REJECT,115,0,337.876810,5.242083,23.206243,,10.844353,45.674314,8.141786,2.761191,5.255105,2.369070,10,6,,,,,,,,,
1780297053.018226,,,NEW_TRACK,120,0,337.876810,5.242083,,,,,,,1.000000,1.000000,1,0,,,,,,,,,
1780297053.018226,,,TargetLost,115,,,,,,,,,,,,,,not_in_valid_tracks,,,,,,,,
1780297053.136064,,,MATCH_ACCEPT,115,0,21.948623,10.902500,23.306946,,10.807278,1.361657,8.595029,3.063352,6.323871,3.060257,9,8,,,,,,,,,
1780297053.136064,,,UI_STATUS_SEND,115,,,,22.623795,202.623795,10.870315,,,,,,10,0,,115,1,-1,47.250000,mono,,,
1780297053.431607,,,MATCH_ACCEPT,115,0,21.738987,10.677917,22.734517,,10.794225,1.002300,8.031696,2.687798,5.094501,2.129756,10,5,,,,,,,,,
1780297053.431607,,,UI_STATUS_SEND,115,,,,22.287452,202.287452,10.727136,,,,,,11,0,,115,1,-1,47.250000,mono,,,
1780297053.781132,,no_packet,TRACK_DELETE,120,,,,337.876810,,5.242083,,,,7.835994,7.835994,0,12,,,,,,,,,
1780297053.823962,,,MATCH_ACCEPT,115,0,21.419977,10.270000,22.310898,,10.601862,0.950722,8.167895,2.778596,5.348177,2.372421,11,6,,,,,,,,,
1780297053.823962,,,UI_STATUS_SEND,115,,,,21.900074,201.900074,10.401777,,,,,,12,0,,115,1,-1,25.150000,mono,,,
1780297054.330484,,,MATCH_ACCEPT,115,0,20.973363,9.752083,21.782149,,10.144918,0.899141,8.657821,3.105214,6.526494,3.115859,12,8,,,,,,,,,
1780297054.330484,,,UI_STATUS_SEND,115,,,,21.369004,201.369004,9.883284,,,,,,13,0,,115,1,-1,25.150000,mono,,,
1780297054.341385,,,MATCH_REJECT,115,0,337.844909,5.242083,21.363378,,9.875248,43.764407,7.147078,2.098052,3.290860,1.110964,13,1,,,,,,,,,
1780297054.341385,,,NEW_TRACK,121,0,337.844909,5.242083,,,,,,,1.000000,1.000000,1,0,,,,,,,,,
1780297054.341385,,,TargetLost,115,,,,,,,,,,,,,,not_in_valid_tracks,,,,,,,,
1780297054.791592,,,MATCH_ACCEPT,115,0,20.636123,9.293750,21.131003,,9.543343,0.554259,8.659877,3.106585,6.611991,3.038877,12,8,,,,,,,,,
1780297054.791592,,,UI_STATUS_SEND,115,,,,20.876599,200.876599,9.378505,,,,,,13,0,,115,1,-1,25.150000,mono,,,
1780297055.029524,,,MATCH_ACCEPT,115,0,20.440159,9.078333,20.712944,,9.168841,0.287407,7.834861,2.556574,4.692259,1.843811,13,4,,,,,,,,,
1780297055.029524,,,UI_STATUS_SEND,115,,,,20.595968,200.595968,9.119850,,,,,,14,0,,115,1,-1,47.250000,mono,,,
1780297055.099661,,no_packet,TRACK_DELETE,121,,,,337.844909,,5.242083,,,,7.727707,7.727707,0,12,,,,,,,,,
1780297055.395823,,,MATCH_ACCEPT,115,0,20.399144,8.885833,20.314480,,8.780559,0.135095,7.989901,2.659934,4.915553,2.159695,14,6,,,,,,,,,
1780297055.395823,,,UI_STATUS_SEND,115,,,,20.351753,200.351753,8.841641,,,,,,15,0,,115,1,-1,25.150000,mono,,,
1780297055.736905,,,MATCH_ACCEPT,115,0,20.330784,8.835417,20.098691,,8.545506,0.371370,7.964250,2.642834,4.850786,2.133783,15,5,,,,,,,,,
1780297055.736905,,,UI_STATUS_SEND,115,,,,20.200110,200.200110,8.712865,,,,,,16,0,,115,1,-1,47.250000,mono,,,
1780297055.866323,,,MATCH_REJECT,115,0,337.881368,5.269583,20.113607,,8.621383,42.365040,7.248513,2.165675,3.412528,1.277621,16,2,,,,,,,,,
1780297055.866323,,,NEW_TRACK,122,0,337.881368,5.269583,,,,,,,1.000000,1.000000,1,0,,,,,,,,,
1780297055.866323,,,TargetLost,115,,,,,,,,,,,,,,not_in_valid_tracks,,,,,,,,
1780297056.113974,,,MATCH_ACCEPT,115,0,20.335342,8.803333,19.948076,,8.446324,0.526716,8.098054,2.732036,5.143172,2.320849,15,6,,,,,,,,,
1780297056.113974,,,UI_STATUS_SEND,115,,,,20.122898,200.122898,8.659688,,,,,,16,0,,115,1,-1,51.980000,mono,,,
1780297056.242121,,,MATCH_ACCEPT,122,0,337.840352,5.242083,337.881368,,5.269583,0.049381,7.518727,2.345818,2.751431,2.751431,0,6,,,,,,,,,
1780297056.242121,,,TargetLost,115,,,,,,,,,,,,,,not_in_valid_tracks,,,,,,,,
1780297056.501856,,,MATCH_ACCEPT,122,0,337.849467,5.260417,337.864172,,5.245526,0.020928,7.865512,2.577008,4.180113,2.460857,1,4,,,,,,,,,
1780297056.501856,,,TargetLost,115,,,,,,,,,,,,,,not_in_valid_tracks,,,,,,,,
1780297056.647284,,,MATCH_ACCEPT,115,0,20.307998,8.725417,19.833329,,8.388943,0.581829,8.703210,3.161873,6.714854,3.282589,14,9,,,,,,,,,
1780297056.647284,,,UI_STATUS_SEND,115,,,,20.081815,200.081815,8.618540,,,,,,15,0,,115,1,-1,47.250000,mono,,,
1780297057.123921,,,MATCH_ACCEPT,115,0,20.230524,8.555833,19.903714,,8.470956,0.337652,8.673350,3.115567,6.672195,3.034562,15,7,,,,,,,,,
1780297057.123921,,,UI_STATUS_SEND,115,,,,20.072458,200.072458,8.526984,,,,,,16,0,,115,1,-1,51.980000,mono,,,
1780297057.261673,,no_packet,TRACK_DELETE,122,,,,337.839007,,5.245333,,,,12.729725,7.158952,0,12,,,,,,,,,
1780297057.443522,,,MATCH_ACCEPT,115,0,20.030003,8.170833,19.989224,,8.443671,0.275868,8.064083,2.735789,5.301428,2.183111,16,5,,,,,,,,,
1780297057.443522,,,UI_STATUS_SEND,115,,,,20.008165,200.008165,8.283172,,,,,,17,0,,115,1,-1,25.150000,mono,,,
1780297057.870921,,,MATCH_ACCEPT,115,0,19.779352,7.817917,19.902341,,8.109907,0.316836,8.281853,2.854568,5.614441,2.534120,17,7,,,,,,,,,
1780297057.870921,,,UI_STATUS_SEND,115,,,,19.844141,199.844141,7.929285,,,,,,18,0,,115,1,-1,47.250000,mono,,,
1780297058.037466,,,MATCH_REJECT,115,0,337.840352,5.214583,19.796278,,7.834668,42.037657,7.482663,2.321776,3.897352,1.493289,18,3,,,,,,,,,
1780297058.037466,,,NEW_TRACK,123,0,337.840352,5.214583,,,,,,,1.000000,1.000000,1,0,,,,,,,,,
1780297058.037466,,,TargetLost,115,,,,,,,,,,,,,,not_in_valid_tracks,,,,,,,,
1780297058.313328,,,MATCH_REJECT,123,0,340.499532,13.003958,337.840352,,5.214583,8.230772,6.980901,1.987267,1.974615,1.974615,1,4,,,,,,,,,
1780297058.313328,,,NEW_TRACK,124,0,340.499532,13.003958,,,,,,,1.000000,1.000000,1,0,,,,,,,,,
1780297058.313328,,,TargetLost,115,,,,,,,,,,,,,,not_in_valid_tracks,,,,,,,,
1780297058.541531,,,MATCH_ACCEPT,115,0,19.528701,7.400833,19.651416,,7.548297,0.191845,9.343379,3.562252,8.352073,4.337569,16,11,,,,,,,,,
1780297058.541531,,,UI_STATUS_SEND,115,,,,19.581226,199.581226,7.439886,,,,,,17,0,,115,1,-1,47.250000,mono,,,
1780297058.822284,,no_packet,TRACK_DELETE,123,,,,337.840352,,5.214583,,,,8.179654,8.179654,0,12,,,,,,,,,
1780297058.839298,,,MATCH_ACCEPT,115,0,19.246149,6.832500,19.482056,,7.244175,0.474477,8.205557,2.803705,5.607857,2.252904,17,5,,,,,,,,,
1780297058.839298,,,UI_STATUS_SEND,115,,,,19.370490,199.370490,7.001091,,,,,,18,0,,115,1,-1,47.250000,mono,,,
1780297059.051187,,no_packet,TRACK_DELETE,124,,,,340.499532,,13.003958,,,,7.422384,7.422384,0,12,,,,,,,,,
1780297059.545534,,,MATCH_ACCEPT,115,0,19.068415,6.566667,19.083245,,6.387150,0.180128,9.419245,3.612830,8.616563,4.435976,18,11,,,,,,,,,
1780297059.545534,,,UI_STATUS_SEND,115,,,,19.074649,199.074649,6.519906,,,,,,19,0,,115,1,-1,47.250000,mono,,,
1780297059.898174,,,MATCH_ACCEPT,115,0,18.899795,6.277917,18.929278,,6.251658,0.039481,8.414655,2.943103,6.124485,2.537371,19,6,,,,,,,,,
1780297059.898174,,,UI_STATUS_SEND,115,,,,18.914686,198.914686,6.267909,,,,,,20,0,,115,1,-1,47.250000,mono,,,
1780297060.330688,,,MATCH_ACCEPT,115,0,18.717503,6.080833,18.732286,,5.944943,0.136692,8.426950,2.951300,6.029369,2.680804,20,7,,,,,,,,,
1780297060.330688,,,UI_STATUS_SEND,115,,,,18.725028,198.725028,6.030795,,,,,,21,0,,115,1,-1,47.250000,mono,,,
1780297060.653589,,,MATCH_ACCEPT,115,0,18.357477,5.998333,18.587276,,5.814615,0.294211,8.047845,2.698563,5.120042,2.162201,21,5,,,,,,,,,
1780297060.653589,,,UI_STATUS_SEND,115,,,,18.483795,198.483795,5.921264,,,,,,22,0,,115,1,-1,25.150000,mono,,,
1780297060.915968,,,MATCH_ACCEPT,115,0,17.733128,5.966250,18.352976,,5.771820,0.649626,7.708767,2.472511,4.338773,1.774538,22,4,,,,,,,,,
1780297060.915968,,,UI_STATUS_SEND,115,,,,18.098992,198.098992,5.875212,,,,,,23,0,,115,1,-1,25.150000,mono,,,
1780297061.237227,,,MATCH_REJECT,115,0,337.863139,5.242083,17.880115,,5.724539,40.019884,7.783274,2.522182,4.433120,1.928285,23,5,,,,,,,,,
1780297061.237227,,,NEW_TRACK,125,0,337.863139,5.242083,,,,,,,1.000000,1.000000,1,0,,,,,,,,,
1780297061.237227,,,TargetLost,115,,,,,,,,,,,,,,not_in_valid_tracks,,,,,,,,
1780297061.693871,,,MATCH_ACCEPT,125,0,337.817566,5.205417,337.863139,,5.242083,0.058492,7.971944,2.647963,3.505853,3.505853,1,7,,,,,,,,,
1780297061.693871,,,TRACK_DELETE,115,,,,17.568998,,5.510369,,,,8.876941,4.891362,21,12,,,,,,,,,
1780297061.693871,,,TargetLost,115,,,,,,,,,,,,,,not_in_valid_tracks,,,,,,,,
1780297061.833477,,,MATCH_REJECT,125,0,16.990290,5.970833,337.843618,,5.211852,39.154028,7.392277,2.261518,3.384933,1.729531,2,2,,,,,,,,,
1780297061.833477,,,NEW_TRACK,126,0,16.990290,5.970833,,,,,,,1.000000,1.000000,1,0,,,,,,,,,
1780297061.833477,,,TargetLost,115,,,,,,,,,,,,,,not_in_valid_tracks,,,,,,,,
1780297062.300392,,,MATCH_ACCEPT,126,0,16.056045,5.980000,16.990290,,5.970833,0.934290,8.028548,2.685699,3.606489,3.606489,1,7,,,,,,,,,
1780297062.300392,,,TargetLost,115,,,,,,,,,,,,,,not_in_valid_tracks,,,,,,,,
1780297062.511780,,no_packet,TRACK_DELETE,125,,,,337.828345,,5.188200,,,,14.391304,9.132200,0,12,,,,,,,,,
1780297062.544523,,,MATCH_ACCEPT,126,0,14.406305,5.847083,16.534227,,5.979366,2.132030,7.014065,2.642177,4.555561,2.425537,2,4,,,,,,,,,
1780297062.544523,,,TargetLost,115,,,,,,,,,,,,,,not_in_valid_tracks,,,,,,,,
1780297062.544523,,,TargetSwitch,126,,,,,,,,,,,,,,master_lost,,,,,,,,
1780297062.544523,,,UI_STATUS_SEND,126,,,,15.311001,195.311001,5.881180,,,,,,3,0,,126,1,-1,25.150000,mono,,,
1780297062.888278,,,MATCH_ACCEPT,126,0,13.549534,5.824167,14.654382,,5.839854,1.104959,7.821032,2.547355,4.503908,1.985109,3,5,,,,,,,,,
1780297062.888278,,,UI_STATUS_SEND,126,,,,14.191654,194.191654,5.831076,,,,,,4,0,,126,1,-1,25.150000,mono,,,
1780297063.252094,,,MATCH_REJECT,126,0,337.835795,5.232917,13.328085,,5.783377,35.496558,8.250408,2.833605,5.546551,2.482768,4,6,,,,,,,,,
1780297063.252094,,,NEW_TRACK,127,0,337.835795,5.232917,,,,,,,1.000000,1.000000,1,0,,,,,,,,,
1780297063.252094,,,TargetLost,126,,,,,,,,,,,,,,not_in_valid_tracks,,,,,,,,
1780297063.360049,,,MATCH_ACCEPT,127,0,337.858581,5.187083,337.835795,,5.232917,0.051185,6.340026,1.560017,1.216827,1.216827,1,2,,,,,,,,,
1780297063.360049,,,TargetLost,126,,,,,,,,,,,,,,not_in_valid_tracks,,,,,,,,
1780297063.582785,,,MATCH_ACCEPT,126,0,13.153050,5.805833,12.543139,,5.740021,0.613451,9.752945,3.835297,9.661757,5.047744,2,12,,,,,,,,,
1780297063.582785,,,UI_STATUS_SEND,126,,,,12.913482,192.913482,5.790277,,,,,,3,0,,126,1,-1,25.150000,mono,,,
1780297063.706718,,,MATCH_ACCEPT,126,0,12.701878,5.805833,12.652214,,5.779372,0.056274,7.746247,2.497498,4.640343,1.597153,3,2,,,,,,,,,
1780297063.706718,,,UI_STATUS_SEND,126,,,,12.673376,192.673376,5.792748,,,,,,4,0,,126,1,-1,97.460000,mono,,,
1780297063.800338,,,MATCH_ACCEPT,127,0,337.890482,5.310833,337.840969,,5.204957,0.116882,8.216877,2.811252,4.276213,3.626923,0,8,,,,,,,,,
1780297063.800338,,,TargetLost,126,,,,,,,,,,,,,,not_in_valid_tracks,,,,,,,,
1780297064.162643,,,MATCH_ACCEPT,126,0,12.414769,5.801250,11.719075,,5.758110,0.697030,7.359444,2.872429,5.705455,2.545394,3,8,,,,,,,,,
1780297064.162643,,,UI_STATUS_SEND,126,,,,12.156471,192.156471,5.790524,,,,,,4,0,,126,1,-1,97.460000,mono,,,
1780297064.437556,,,MATCH_ACCEPT,127,0,337.835795,5.260417,337.880266,,5.336151,0.087826,10.271713,4.181142,11.124975,6.356974,0,10,,,,,,,,,
1780297064.437556,,,TargetLost,126,,,,,,,,,,,,,,not_in_valid_tracks,,,,,,,,
1780297064.492275,,,MATCH_ACCEPT,126,0,12.168675,5.782917,11.567807,,5.775427,0.600914,6.536995,2.324130,3.787956,1.613624,3,5,,,,,,,,,
1780297064.492275,,,UI_STATUS_SEND,126,,,,11.885816,191.885816,5.780348,,,,,,4,0,,126,1,-1,97.460000,mono,,,
1780297064.829933,,,MATCH_ACCEPT,126,0,11.977269,5.787500,11.364180,,5.766613,0.613445,6.379467,2.219111,3.389161,1.535294,4,5,,,,,,,,,
1780297064.829933,,,UI_STATUS_SEND,126,,,,11.671626,191.671626,5.780100,,,,,,5,0,,126,1,-1,97.460000,mono,,,
1780297065.041838,,,MATCH_ACCEPT,127,0,337.876810,5.310833,337.855247,,5.294307,0.027168,9.893678,3.929119,10.808078,4.629896,0,9,,,,,,,,,
1780297065.041838,,,TargetLost,126,,,,,,,,,,,,,,not_in_valid_tracks,,,,,,,,
1780297065.164951,,,MATCH_ACCEPT,126,0,11.731175,5.805833,11.236678,,5.771315,0.495701,6.329815,2.186010,3.272956,1.505685,4,5,,,,,,,,,
1780297065.164951,,,UI_STATUS_SEND,126,,,,11.480341,191.480341,5.793450,,,,,,5,0,,126,1,-1,97.460000,mono,,,
1780297065.591033,,,MATCH_ACCEPT,126,0,11.439508,5.801250,11.012074,,5.792259,0.427528,6.649029,2.398819,3.856586,1.897748,5,7,,,,,,,,,
1780297065.591033,,,UI_STATUS_SEND,126,,,,11.240204,191.240204,5.798486,,,,,,6,0,,126,1,-1,25.150000,mono,,,
1780297065.801594,,no_packet,TRACK_DELETE,127,,,,337.880236,,5.338220,,,,11.445095,5.322793,0,12,,,,,,,,,
1780297066.181356,,,MATCH_ACCEPT,126,0,11.270889,5.819583,10.698290,,5.800472,0.572918,8.283411,2.855607,5.346749,2.807744,6,9,,,,,,,,,
1780297066.181356,,,UI_STATUS_SEND,126,,,,10.962290,190.962290,5.812751,,,,,,7,0,,126,1,-1,25.150000,mono,,,
1780297066.602118,,,MATCH_ACCEPT,126,0,11.193415,5.915833,10.658870,,5.818939,0.543255,8.350721,2.900481,5.755704,2.657083,7,6,,,,,,,,,
1780297066.602118,,,UI_STATUS_SEND,126,,,,10.915138,190.915138,5.879954,,,,,,8,0,,126,1,-1,97.460000,mono,,,
1780297066.715609,,,MATCH_REJECT,126,0,338.286967,4.311667,10.853766,,5.887801,32.604918,6.386263,2.223642,3.624993,1.319591,8,2,,,,,,,,,
1780297066.715609,,,NEW_TRACK,128,0,338.286967,4.311667,,,,,,,1.000000,1.000000,1,0,,,,,,,,,
1780297066.715609,,,TargetLost,126,,,,,,,,,,,,,,not_in_valid_tracks,,,,,,,,
1780297066.945009,,,MATCH_ACCEPT,128,0,337.831237,5.219167,338.286967,,4.311667,1.015502,6.792470,1.861647,1.732865,1.732865,1,4,,,,,,,,,
1780297066.945009,,,TargetLost,126,,,,,,,,,,,,,,not_in_valid_tracks,,,,,,,,
1780297067.089591,,,MATCH_ACCEPT,126,0,11.188857,5.920417,10.651529,,5.913659,0.537371,7.692999,3.094799,6.520462,3.057320,6,9,,,,,,,,,
1780297067.089591,,,UI_STATUS_SEND,126,,,,11.005798,191.005798,5.918957,,,,,,7,0,,126,1,-1,47.250000,mono,,,
1780297067.213235,,,MATCH_ACCEPT,128,0,337.854024,5.232917,338.152107,,4.962210,0.402661,7.573211,2.382140,3.334478,2.340115,1,5,,,,,,,,,
1780297067.213235,,,TargetLost,126,,,,,,,,,,,,,,not_in_valid_tracks,,,,,,,,
1780297067.438418,,,MATCH_ACCEPT,126,0,11.202529,5.925000,10.899224,,5.944639,0.303941,7.603899,2.402599,4.039642,1.732841,6,6,,,,,,,,,
1780297067.438418,,,UI_STATUS_SEND,126,,,,11.018299,191.018299,5.934312,,,,,,7,0,,126,1,-1,47.250000,mono,,,
1780297067.955398,,,MATCH_ACCEPT,126,0,11.216201,5.925000,10.905118,,5.967084,0.313917,8.481983,2.987989,5.905778,3.022300,7,8,,,,,,,,,
1780297067.955398,,,TRACK_DELETE,128,,,,337.841653,,5.792666,,,,12.531335,7.778778,0,12,,,,,,,,,
1780297067.955398,,,UI_STATUS_SEND,126,,,,11.056255,191.056255,5.939342,,,,,,8,0,,126,1,-1,47.250000,mono,,,
1780297068.275993,,,MATCH_ACCEPT,126,0,11.225316,5.925000,11.020905,,5.951438,0.206114,8.073140,2.715427,5.143539,2.230003,8,5,,,,,,,,,
1780297068.275993,,,UI_STATUS_SEND,126,,,,11.113185,191.113185,5.935892,,,,,,9,0,,126,1,-1,47.250000,mono,,,
1780297068.739082,,,MATCH_ACCEPT,126,0,11.193415,5.934167,11.092516,,5.946716,0.101676,8.435277,2.956852,5.976504,2.766468,9,7,,,,,,,,,
1780297068.739082,,,UI_STATUS_SEND,126,,,,11.141837,191.141837,5.938696,,,,,,10,0,,126,1,-1,97.460000,mono,,,
1780297069.021510,,,MATCH_ACCEPT,126,0,11.193415,5.970833,11.138911,,5.943260,0.061082,6.946639,2.597226,4.791387,1.954196,10,4,,,,,,,,,
1780297069.021510,,,UI_STATUS_SEND,126,,,,11.170912,191.170912,5.962528,,,,,,11,0,,126,1,-1,97.460000,mono,,,
1780297069.027758,,,MATCH_REJECT,126,0,338.282409,4.288750,11.170987,,5.962741,32.931152,5.511519,1.640480,2.045640,0.645533,11,1,,,,,,,,,
1780297069.027758,,,NEW_TRACK,129,0,338.282409,4.288750,,,,,,,1.000000,1.000000,1,0,,,,,,,,,
1780297069.027758,,,TargetLost,126,,,,,,,,,,,,,,not_in_valid_tracks,,,,,,,,
1780297069.373202,,,MATCH_ACCEPT,129,0,337.863139,5.228333,338.282409,,4.288750,1.028885,7.335118,2.223412,2.471780,2.471780,1,5,,,,,,,,,
1780297069.373202,,,TargetLost,126,,,,,,,,,,,,,,not_in_valid_tracks,,,,,,,,
1780297069.474418,,,MATCH_ACCEPT,126,0,11.216201,5.943333,11.176359,,5.977941,0.052774,6.894568,2.562512,4.450988,2.115479,9,8,,,,,,,,,
1780297069.474418,,,UI_STATUS_SEND,126,,,,11.199035,191.199035,5.953189,,,,,,10,0,,126,1,-1,47.250000,mono,,,
1780297069.876665,,,MATCH_ACCEPT,126,0,11.225316,5.984583,11.210619,,5.957271,0.031015,7.633072,2.422048,4.003023,1.863295,10,6,,,,,,,,,
1780297069.876665,,,UI_STATUS_SEND,126,,,,11.216357,191.216357,5.972126,,,,,,11,0,,126,1,-1,47.250000,mono,,,
1780297069.904767,,,MATCH_ACCEPT,129,0,337.854024,5.232917,338.071798,,5.309127,0.230724,9.412019,3.608013,7.787444,5.230311,0,9,,,,,,,,,
1780297069.904767,,,TargetLost,126,,,,,,,,,,,,,,not_in_valid_tracks,,,,,,,,
1780297070.439889,,,MATCH_ACCEPT,126,0,11.229873,5.989167,11.235077,,5.986305,0.005939,8.700100,3.133400,6.447780,3.370416,10,9,,,,,,,,,
1780297070.439889,,,UI_STATUS_SEND,126,,,,11.232435,191.232435,5.988260,,,,,,11,0,,126,1,-1,47.250000,mono,,,
1780297070.719650,,no_packet,TRACK_DELETE,129,,,,337.708597,,5.877803,,,,14.820697,7.411585,0,12,,,,,,,,,
1780297070.855527,,,MATCH_ACCEPT,126,0,11.193415,6.012083,11.245469,,5.999440,0.053568,8.453631,2.969087,6.108192,2.707288,11,6,,,,,,,,,
1780297070.855527,,,UI_STATUS_SEND,126,,,,11.219740,191.219740,6.007456,,,,,,12,0,,126,1,-1,97.460000,mono,,,
1780297071.185966,,,MATCH_ACCEPT,126,0,10.874404,5.993750,11.224307,,6.018657,0.350788,7.110343,2.706362,5.180220,2.144176,12,5,,,,,,,,,
1780297071.185966,,,UI_STATUS_SEND,126,,,,11.012298,191.012298,6.000775,,,,,,13,0,,126,1,-1,97.460000,mono,,,
1780297071.521452,,,MATCH_ACCEPT,126,0,10.546279,5.989167,10.968654,,6.006774,0.422742,6.461340,2.273693,3.635017,1.534664,13,5,,,,,,,,,
1780297071.521452,,,UI_STATUS_SEND,126,,,,10.749454,190.749454,5.995406,,,,,,14,0,,126,1,-1,47.250000,mono,,,
1780297071.894542,,,MATCH_ACCEPT,126,0,10.254613,6.035000,10.640824,,5.997830,0.387996,7.410327,2.273552,3.521393,1.647644,14,6,,,,,,,,,
1780297071.894542,,,UI_STATUS_SEND,126,,,,10.501642,190.501642,6.016908,,,,,,15,0,,126,1,-1,47.250000,mono,,,
1780297072.445637,,,MATCH_ACCEPT,126,0,10.058649,6.048750,10.281751,,6.031179,0.223793,8.500902,3.000601,5.883826,3.119782,15,8,,,,,,,,,
1780297072.445637,,,UI_STATUS_SEND,126,,,,10.173566,190.173566,6.042886,,,,,,16,0,,126,1,-1,97.460000,mono,,,
1780297072.883997,,,MATCH_REJECT,126,0,337.872253,5.251250,9.964304,,6.058858,32.102211,7.537943,2.991428,6.130080,2.818564,16,7,,,,,,,,,
1780297072.883997,,,NEW_TRACK,130,0,337.872253,5.251250,,,,,,,1.000000,1.000000,1,0,,,,,,,,,
1780297072.883997,,,TargetLost,126,,,,,,,,,,,,,,not_in_valid_tracks,,,,,,,,
1780297072.923037,,,MATCH_ACCEPT,126,0,9.899144,6.030417,9.945668,,6.060280,0.055284,7.692752,3.094635,6.513612,3.063152,15,8,,,,,,,,,
1780297072.923037,,,UI_STATUS_SEND,126,,,,9.915005,189.915005,6.036858,,,,,,16,0,,126,1,-1,97.460000,mono,,,
1780297073.223202,,,MATCH_ACCEPT,126,0,9.584691,6.062500,9.765529,,6.041884,0.182010,6.477590,2.284527,3.711135,1.507927,16,5,,,,,,,,,
1780297073.223202,,,UI_STATUS_SEND,126,,,,9.670744,189.670744,6.055111,,,,,,17,0,,126,1,-1,97.460000,mono,,,
1780297073.641436,,no_packet,TRACK_DELETE,130,,,,337.872253,,5.251250,,,,7.769394,7.769394,0,12,,,,,,,,,
1780297073.748686,,,MATCH_ACCEPT,126,0,9.429743,6.080833,9.373055,,6.070718,0.057583,7.020159,2.646240,4.618550,2.384034,17,8,,,,,,,,,
1780297073.748686,,,UI_STATUS_SEND,126,,,,9.405832,189.405832,6.078193,,,,,,18,0,,126,1,-1,97.460000,mono,,,
1780297074.115917,,,MATCH_ACCEPT,126,0,9.721409,6.085417,9.206974,,6.091805,0.514475,6.612558,2.374505,3.867530,1.770746,18,6,,,,,,,,,
1780297074.115917,,,UI_STATUS_SEND,126,,,,9.481901,189.481901,6.087476,,,,,,19,0,,126,1,-1,25.150000,mono,,,
1780297074.450435,,,MATCH_ACCEPT,126,0,10.099665,6.131250,9.371791,,6.098436,0.728613,7.334783,2.223189,3.413106,1.529462,19,5,,,,,,,,,
1780297074.450435,,,UI_STATUS_SEND,126,,,,9.628883,189.628883,6.114668,,,,,,20,0,,126,1,-1,97.460000,mono,,,
1780297074.966070,,,MATCH_ACCEPT,126,0,10.436904,6.126667,9.565386,,6.140331,0.871625,7.410318,2.906345,5.564572,2.882271,20,8,,,,,,,,,
1780297074.965924,,,UI_STATUS_SEND,126,,,,10.108223,190.108223,6.129757,,,,,,21,0,,126,1,-1,97.460000,mono,,,
1780297075.474283,,,MATCH_ACCEPT,126,0,10.532607,6.117500,10.248765,,6.150151,0.285714,7.167075,2.744183,5.095501,2.435041,21,8,,,,,,,,,
1780297075.474283,,,UI_STATUS_SEND,126,,,,10.419628,190.419628,6.125892,,,,,,22,0,,126,1,-1,97.460000,mono,,,
1780297075.876646,,,MATCH_ACCEPT,126,0,10.578180,6.108333,10.580608,,6.133021,0.024806,6.726721,2.450614,4.134634,1.870875,22,6,,,,,,,,,
1780297075.876646,,,UI_STATUS_SEND,126,,,,10.579270,190.579270,6.115998,,,,,,23,0,,126,1,-1,97.460000,mono,,,
1780297076.257018,,,MATCH_ACCEPT,126,0,10.555394,6.106042,10.731071,,6.116343,0.175979,6.566264,2.343642,3.758677,1.733983,23,6,,,,,,,,,
1780297076.257018,,,UI_STATUS_SEND,126,,,,10.638434,190.638434,6.109410,,,,,,24,0,,126,1,-1,97.460000,mono,,,
1780297076.644947,,,MATCH_ACCEPT,126,0,10.587295,6.094583,10.765623,,6.107066,0.178765,6.553985,2.335456,3.707552,1.746804,24,6,,,,,,,,,
1780297076.644947,,,UI_STATUS_SEND,126,,,,10.672197,190.672197,6.098644,,,,,,25,0,,126,1,-1,97.460000,mono,,,
1780297077.015876,,,MATCH_ACCEPT,126,0,10.696670,6.090000,10.766619,,6.093236,0.070024,6.506191,2.303594,3.613275,1.693271,25,6,,,,,,,,,
1780297077.015876,,,UI_STATUS_SEND,126,,,,10.730422,190.730422,6.091075,,,,,,26,0,,126,1,-1,47.250000,mono,,,
1780297077.530594,,,MATCH_REJECT,126,0,342.390808,11.807708,10.846741,,6.082446,29.026174,7.960569,2.640380,4.609097,2.362507,26,8,,,,,,,,,
1780297077.530594,,,NEW_TRACK,131,0,342.390808,11.807708,,,,,,,1.000000,1.000000,1,0,,,,,,,,,
1780297077.530594,,,TargetLost,126,,,,,,,,,,,,,,not_in_valid_tracks,,,,,,,,
1780297077.541823,,,MATCH_ACCEPT,126,0,11.138727,6.076250,10.849279,,6.082258,0.289511,8.025888,2.683925,4.739257,2.464199,25,9,,,,,,,,,
1780297077.541823,,,UI_STATUS_SEND,126,,,,10.974107,190.974107,6.078581,,,,,,26,0,,126,1,-1,25.150000,mono,,,
1780297077.868010,,,MATCH_ACCEPT,131,0,344.487162,13.347708,342.390808,,11.807708,2.601211,5.743675,2.228650,2.483440,2.483440,0,6,,,,,,,,,
1780297077.868010,,,TargetLost,126,,,,,,,,,,,,,,not_in_valid_tracks,,,,,,,,
1780297078.038573,,,MATCH_ACCEPT,126,0,11.899795,6.067083,11.133446,,6.068530,0.766350,8.594172,3.062781,6.257644,3.122984,25,8,,,,,,,,,
1780297078.038573,,,UI_STATUS_SEND,126,,,,11.516854,191.516854,6.067566,,,,,,26,0,,126,1,-1,25.150000,mono,,,
1780297078.459676,,,MATCH_ACCEPT,126,0,14.000706,6.071667,11.766587,,6.058684,2.234157,8.480723,2.987149,6.148293,2.774766,26,7,,,,,,,,,
1780297078.459676,,,UI_STATUS_SEND,126,,,,12.874483,192.874483,6.066990,,,,,,27,0,,126,1,-1,25.150000,mono,,,
1780297078.599574,,no_packet,TRACK_DELETE,131,,,,344.731418,,14.418378,,,,8.971749,6.026410,0,12,,,,,,,,,
1780297078.668886,,,MATCH_REJECT,126,0,40.005215,6.724792,13.157147,,6.064106,26.856195,7.669027,2.446018,4.324320,1.658685,27,3,,,,,,,,,
1780297078.668886,,,NEW_TRACK,132,0,40.005215,6.724792,,,,,,,1.000000,1.000000,1,0,,,,,,,,,
1780297078.668886,,,TargetLost,126,,,,,,,,,,,,,,not_in_valid_tracks,,,,,,,,
1780297078.956069,,,MATCH_ACCEPT,126,0,15.755264,6.126667,13.545158,,6.060148,2.211106,8.710087,3.140058,6.727148,3.132814,26,8,,,,,,,,,
1780297078.956069,,,UI_STATUS_SEND,126,,,,14.690842,194.690842,6.104531,,,,,,27,0,,126,1,-1,25.150000,mono,,,
1780297079.016393,,,MATCH_REJECT,126,0,335.422367,13.737292,14.818554,,6.106030,40.128489,7.279488,2.186325,3.566592,1.213426,27,1,,,,,,,,,
1780297079.016393,,,NEW_TRACK,133,0,335.422367,13.737292,,,,,,,1.000000,1.000000,1,0,,,,,,,,,
1780297079.016393,,,TargetLost,126,,,,,,,,,,,,,,not_in_valid_tracks,,,,,,,,
1780297079.165355,,,MATCH_REJECT,133,0,352.008972,14.321667,335.422367,,13.737292,16.596896,4.886527,1.657218,1.373186,1.373186,1,3,,,,,,,,,
1780297079.165355,,,NEW_TRACK,134,0,352.008972,14.321667,,,,,,,1.000000,1.000000,1,0,,,,,,,,,
1780297079.165355,,,TargetLost,126,,,,,,,,,,,,,,not_in_valid_tracks,,,,,,,,
1780297079.297935,,,MATCH_REJECT,133,0,337.826680,5.232917,335.422367,,13.737292,8.837710,5.445419,2.029813,2.060070,2.060070,0,5,,,,,,,,,
1780297079.297935,,,NEW_TRACK,135,0,337.826680,5.232917,,,,,,,1.000000,1.000000,1,0,,,,,,,,,
1780297079.297935,,,TargetLost,126,,,,,,,,,,,,,,not_in_valid_tracks,,,,,,,,
1780297079.367652,,no_packet,TRACK_DELETE,132,,,,40.005215,,6.724792,,,,6.803298,6.803298,0,12,,,,,,,,,
1780297079.515535,,,MATCH_ACCEPT,126,0,16.990290,6.145000,15.875276,,6.118439,1.115330,9.055064,3.370043,7.652141,3.705047,24,10,,,,,,,,,
1780297079.515535,,,UI_STATUS_SEND,126,,,,16.489012,196.489012,6.137121,,,,,,25,0,,126,1,-1,25.150000,mono,,,
1780297079.690477,,,MATCH_ACCEPT,135,0,338.318868,4.279583,337.826680,,5.232917,1.072890,7.637395,2.424930,2.940143,2.940143,0,7,,,,,,,,,
1780297079.690477,,,TRACK_DELETE,133,,,,335.422367,,13.737292,,,,6.451201,6.451201,0,12,,,,,,,,,
1780297079.690477,,,TargetLost,126,,,,,,,,,,,,,,not_in_valid_tracks,,,,,,,,
1780297079.744333,,,MATCH_ACCEPT,126,0,17.582738,6.140417,17.065167,,6.146423,0.517606,7.914421,2.609614,4.907703,1.902383,24,4,,,,,,,,,
1780297079.744333,,,UI_STATUS_SEND,126,,,,17.292820,197.292820,6.143125,,,,,,25,0,,126,1,-1,97.460000,mono,,,
1780297079.884381,,no_packet,TRACK_DELETE,134,,,,352.008972,,14.321667,,,,7.113830,7.113830,0,12,,,,,,,,,
1780297079.932082,,,MATCH_REJECT,135,0,343.488773,13.077292,338.037730,,4.398554,10.248627,7.822902,2.548601,4.127265,2.368102,0,4,,,,,,,,,
1780297079.932082,,,NEW_TRACK,136,0,343.488773,13.077292,,,,,,,1.000000,1.000000,1,0,,,,,,,,,
1780297079.932082,,,TargetLost,126,,,,,,,,,,,,,,not_in_valid_tracks,,,,,,,,
1780297080.153012,,,MATCH_ACCEPT,126,0,18.302790,6.117500,18.384897,,6.158509,0.091779,7.243636,2.795224,5.378857,2.434420,24,7,,,,,,,,,
1780297080.153012,,,TargetKeep,126,,,,,,,,,,,,,,lock_timer_expired,,,,,,,,
1780297080.153012,,,UI_STATUS_SEND,126,,,,18.334413,198.334413,6.128042,,,,,,25,0,,126,1,-1,97.460000,mono,,,
1780297080.291872,,,MATCH_REJECT,136,0,349.221846,11.111042,343.488773,,13.077292,6.060880,5.840971,2.293514,2.630103,2.630103,0,6,,,,,,,,,
1780297080.291872,,,NEW_TRACK,137,0,349.221846,11.111042,,,,,,,1.000000,1.000000,1,0,,,,,,,,,
1780297080.291872,,,TargetLost,126,,,,,,,,,,,,,,not_in_valid_tracks,,,,,,,,
1780297080.431072,,no_packet,TRACK_DELETE,135,,,,338.148406,,3.961011,,,,12.388329,8.300370,0,12,,,,,,,,,
1780297080.489090,,,MATCH_ACCEPT,126,0,18.475967,6.112917,19.220491,,6.131009,0.744744,6.541924,2.327416,3.781262,1.635604,24,5,,,,,,,,,
1780297080.489090,,,UI_STATUS_SEND,126,,,,18.826781,198.826781,6.119067,,,,,,25,0,,126,1,-1,97.460000,mono,,,
1780297080.598297,,,MATCH_REJECT,137,0,354.454481,8.622292,349.221846,,11.111042,5.794337,5.553114,2.101609,2.208381,2.208381,0,5,,,,,,,,,
1780297080.598297,,,NEW_TRACK,138,0,354.454481,8.622292,,,,,,,1.000000,1.000000,1,0,,,,,,,,,
1780297080.598297,,,TargetLost,126,,,,,,,,,,,,,,not_in_valid_tracks,,,,,,,,
1780297080.668444,,no_packet,TRACK_DELETE,136,,,,343.488773,,13.077292,,,,7.398297,7.398297,0,12,,,,,,,,,
1780297080.960725,,,MATCH_ACCEPT,126,0,18.603571,6.094583,19.926309,,6.117302,1.322933,6.914163,2.575575,4.415853,2.217735,24,8,,,,,,,,,
1780297080.960725,,,UI_STATUS_SEND,126,,,,19.176031,199.176031,6.100837,,,,,,25,0,,126,1,-1,97.460000,mono,,,
1780297081.032377,,,MATCH_REJECT,138,0,0.679741,6.312292,354.454481,,8.622292,6.640028,6.251558,2.567238,3.295356,3.295356,0,7,,,,,,,,,
1780297081.032377,,,NEW_TRACK,139,0,0.679741,6.312292,,,,,,,1.000000,1.000000,1,0,,,,,,,,,
1780297081.032377,,,TRACK_DELETE,137,,,,349.221846,,11.111042,,,,7.447952,7.447952,0,12,,,,,,,,,
1780297081.032377,,,TargetLost,126,,,,,,,,,,,,,,not_in_valid_tracks,,,,,,,,
1780297081.380468,,no_packet,TRACK_DELETE,138,,,,354.454481,,8.622292,,,,8.143560,8.143560,0,12,,,,,,,,,
1780297081.462862,,,MATCH_ACCEPT,126,0,18.744847,6.048750,20.050877,,6.090752,1.306705,7.103479,2.701786,4.879939,2.419709,24,8,,,,,,,,,
1780297081.462862,,,UI_STATUS_SEND,126,,,,19.278277,199.278277,6.059596,,,,,,25,0,,126,1,-1,47.250000,mono,,,
1780297081.816737,,no_packet,TRACK_DELETE,139,,,,0.679741,,6.312292,,,,8.174089,8.174089,0,12,,,,,,,,,
1780297081.907477,,,MATCH_ACCEPT,126,0,18.813206,6.016667,19.790044,,6.037387,0.977058,7.858577,2.572385,4.502891,2.114271,25,7,,,,,,,,,
1780297081.907477,,,UI_STATUS_SEND,126,,,,19.380983,199.380983,6.025472,,,,,,26,0,,126,1,-1,25.150000,mono,,,
1780297082.307762,,,MATCH_ACCEPT,126,0,18.867894,5.984583,19.717174,,6.000838,0.849436,8.144131,2.762754,5.207290,2.425519,26,6,,,,,,,,,
1780297082.307762,,,UI_STATUS_SEND,126,,,,19.331180,199.331180,5.990952,,,,,,27,0,,126,1,-1,97.460000,mono,,,
1780297082.928772,,,MATCH_ACCEPT,126,0,18.603571,5.975417,19.677561,,5.946996,1.074366,8.117121,3.377547,7.594724,3.813100,27,9,,,,,,,,,
1780297082.928772,,,UI_STATUS_SEND,126,,,,18.933612,198.933612,5.970275,,,,,,28,0,,126,1,-1,25.150000,mono,,,
1780297083.330371,,,MATCH_ACCEPT,126,0,17.436904,6.002917,18.959544,,5.949638,1.523572,7.792250,2.528167,4.483694,1.907932,28,6,,,,,,,,,
1780297083.330371,,,UI_STATUS_SEND,126,,,,18.323505,198.323505,5.978929,,,,,,29,0,,126,1,-1,97.460000,mono,,,
1780297083.696757,,,MATCH_ACCEPT,126,0,16.671279,5.998333,18.184220,,5.970155,1.513204,7.005089,2.636192,4.787702,2.161809,29,6,,,,,,,,,
1780297083.696757,,,UI_STATUS_SEND,126,,,,17.296207,197.296207,5.990433,,,,,,30,0,,126,1,-1,25.150000,mono,,,
1780297084.168605,,,MATCH_ACCEPT,126,0,15.869196,6.035000,16.822631,,5.987970,0.954595,7.875368,2.583578,4.512275,2.162602,30,7,,,,,,,,,
1780297084.168605,,,UI_STATUS_SEND,126,,,,16.422887,196.422887,6.015273,,,,,,31,0,,126,1,-1,47.250000,mono,,,
1780297084.555060,,,MATCH_ACCEPT,126,0,15.673232,6.044167,15.920436,,6.023513,0.248064,8.084344,2.722896,5.050743,2.363421,31,6,,,,,,,,,
1780297084.555060,,,UI_STATUS_SEND,126,,,,15.809951,195.809951,6.035947,,,,,,32,0,,126,1,-1,47.250000,mono,,,
1780297084.937560,,,MATCH_ACCEPT,126,0,15.463597,6.035000,15.282190,,6.048491,0.181908,8.141271,2.760848,5.253422,2.368857,32,6,,,,,,,,,
1780297084.937560,,,UI_STATUS_SEND,126,,,,15.365035,195.365035,6.040362,,,,,,33,0,,126,1,-1,97.460000,mono,,,
1780297085.532300,,,MATCH_ACCEPT,126,0,15.076227,6.039583,14.579175,,6.055476,0.497306,7.999279,3.298986,7.272307,3.611003,33,9,,,,,,,,,
1780297085.532300,,,UI_STATUS_SEND,126,,,,14.918853,194.918853,6.042589,,,,,,34,0,,126,1,-1,97.460000,mono,,,
1780297086.026742,,,MATCH_ACCEPT,126,0,14.424534,6.035000,14.377054,,6.049778,0.049727,7.177881,2.751387,5.181277,2.388856,34,8,,,,,,,,,
1780297086.026742,,,UI_STATUS_SEND,126,,,,14.405825,194.405825,6.038852,,,,,,35,0,,126,1,-1,97.460000,mono,,,
1780297086.432981,,,MATCH_ACCEPT,126,0,12.970758,6.025833,13.968795,,6.040709,0.998147,6.736075,2.456850,4.146988,1.889125,35,6,,,,,,,,,
1780297086.432981,,,UI_STATUS_SEND,126,,,,13.418143,193.418143,6.030421,,,,,,36,0,,126,1,-1,97.460000,mono,,,
1780297086.866635,,,MATCH_ACCEPT,126,0,12.574274,6.021250,12.772896,,6.027943,0.198735,6.769664,2.479243,4.149122,1.997523,36,7,,,,,,,,,
1780297086.866635,,,UI_STATUS_SEND,126,,,,12.663284,192.663284,6.023235,,,,,,37,0,,126,1,-1,97.460000,mono,,,
1780297087.489606,,,MATCH_ACCEPT,126,0,12.401097,6.012083,11.684144,,6.016794,0.716969,7.474208,2.948939,5.687143,3.009098,37,9,,,,,,,,,
1780297087.489606,,,UI_STATUS_SEND,126,,,,12.134367,192.134367,6.013114,,,,,,38,0,,126,1,-1,97.460000,mono,,,
1780297087.735713,,,MATCH_ACCEPT,126,0,12.300836,6.002917,11.829081,,6.009738,0.471805,6.274895,2.149396,3.303248,1.316657,38,4,,,,,,,,,
1780297087.735713,,,UI_STATUS_SEND,126,,,,12.062624,192.062624,6.005578,,,,,,39,0,,126,1,-1,47.250000,mono,,,
1780297088.145456,,,MATCH_ACCEPT,126,0,12.255264,5.993750,11.626311,,5.998291,0.628969,7.458807,2.305872,3.613144,1.703899,39,6,,,,,,,,,
1780297088.145456,,,UI_STATUS_SEND,126,,,,11.856714,191.856714,5.995922,,,,,,40,0,,126,1,-1,97.460000,mono,,,
1780297088.631013,,,MATCH_ACCEPT,126,0,12.268935,5.993750,11.427584,,5.986107,0.841386,7.317785,2.844657,5.362370,2.729701,40,7,,,,,,,,,
1780297088.631013,,,UI_STATUS_SEND,126,,,,11.944283,191.944283,5.991948,,,,,,41,0,,126,1,-1,47.250000,mono,,,
1780297088.913839,,,MATCH_ACCEPT,126,0,12.255264,5.968542,11.801134,,5.987741,0.454535,7.320639,2.213759,3.461615,1.439115,41,5,,,,,,,,,
1780297088.913839,,,UI_STATUS_SEND,126,,,,11.963004,191.963004,5.978536,,,,,,42,0,,126,1,-1,47.250000,mono,,,
1780297089.404255,,,MATCH_ACCEPT,126,0,12.273493,5.984583,11.773579,,5.966925,0.500226,8.204869,2.803246,5.232838,2.625348,42,8,,,,,,,,,
1780297089.404255,,,UI_STATUS_SEND,126,,,,12.001394,192.001394,5.977995,,,,,,43,0,,126,1,-1,47.250000,mono,,,
1780297089.979798,,,MATCH_ACCEPT,126,0,12.246149,5.576667,11.873715,,5.970212,0.541835,8.928936,3.285957,7.169563,3.627952,43,9,,,,,,,,,
1780297089.979798,,,UI_STATUS_SEND,126,,,,12.072692,192.072692,5.695137,,,,,,44,0,,126,1,-1,25.150000,mono,,,
1780297090.154871,,,MATCH_REJECT,126,0,348.991703,14.120000,12.057322,,5.651880,24.570955,7.695226,2.463484,4.406522,1.662233,44,3,,,,,,,,,
1780297090.154871,,,NEW_TRACK,140,0,348.991703,14.120000,,,,,,,1.000000,1.000000,1,0,,,,,,,,,
1780297090.154871,,,TargetLost,126,,,,,,,,,,,,,,not_in_valid_tracks,,,,,,,,
1780297090.315327,,,MATCH_ACCEPT,126,0,12.296279,4.435417,12.043236,,5.612234,1.203716,8.250393,2.833596,5.644791,2.384473,43,6,,,,,,,,,
1780297090.315327,,,UI_STATUS_SEND,126,,,,12.163320,192.163320,4.901287,,,,,,44,0,,126,1,-1,25.150000,mono,,,
1780297090.611589,,,MATCH_ACCEPT,140,0,350.999190,11.505208,348.991703,,14.120000,3.296534,8.008281,2.672188,3.570293,3.570293,0,8,,,,,,,,,
1780297090.611589,,,TargetLost,126,,,,,,,,,,,,,,not_in_valid_tracks,,,,,,,,
1780297090.707937,,,MATCH_ACCEPT,126,0,12.268935,3.775417,12.160500,,4.559456,0.791503,8.251292,2.834195,5.562638,2.470023,43,7,,,,,,,,,
1780297090.707937,,,UI_STATUS_SEND,126,,,,12.211563,192.211563,4.079212,,,,,,44,0,,126,1,-1,25.150000,mono,,,
1780297091.030042,,,MATCH_REJECT,126,0,354.021538,9.254792,12.220533,,3.657714,19.040239,7.994737,2.663158,4.962729,2.129681,44,5,,,,,,,,,
1780297091.030042,,,MATCH_ACCEPT,140,1,353.584038,9.511458,350.137658,,11.264233,3.866491,7.343058,3.294905,6.889407,3.966993,0,7,,,,,,,,,
1780297091.030042,,,NEW_TRACK,141,0,354.021538,9.254792,,,,,,,1.000000,1.000000,1,0,,,,,,,,,
1780297091.030042,,,TargetLost,126,,,,,,,,,,,,,,not_in_valid_tracks,,,,,,,,
1780297091.100417,,,MATCH_ACCEPT,126,0,12.268935,4.004583,12.222493,,3.565624,0.441410,8.248686,2.832457,5.534895,2.487918,43,6,,,,,,,,,
1780297091.100417,,,UI_STATUS_SEND,126,,,,12.244305,192.244305,3.835249,,,,,,44,0,,126,1,-1,25.150000,mono,,,
1780297091.456323,,,MATCH_ACCEPT,126,0,12.218805,4.912083,12.259682,,3.459776,1.452882,8.134990,2.756660,5.271882,2.327291,44,6,,,,,,,,,
1780297091.456323,,,UI_STATUS_SEND,126,,,,12.240978,192.240978,4.328702,,,,,,45,0,,126,1,-1,25.150000,mono,,,
1780297091.719771,,,MATCH_ACCEPT,126,0,12.232477,6.016667,12.248889,,4.262773,1.753970,7.748385,2.498923,4.425782,1.818836,45,4,,,,,,,,,
1780297091.719771,,,UI_STATUS_SEND,126,,,,12.242085,192.242085,5.206200,,,,,,46,0,,126,1,-1,97.460000,mono,,,
1780297091.790673,,no_packet,TRACK_DELETE,140,,,,355.645847,,6.445431,,,,7.899218,4.319247,0,12,,,,,,,,,
1780297091.790673,,no_packet,TRACK_DELETE,141,,,,354.021538,,9.254792,,,,7.768979,7.768979,0,12,,,,,,,,,
1780297092.115656,,,MATCH_ACCEPT,126,0,12.278050,6.282500,12.252024,,5.468997,0.813920,7.118766,2.711977,5.055903,2.298917,46,6,,,,,,,,,
1780297092.115656,,,UI_STATUS_SEND,126,,,,12.267642,192.267642,6.064360,,,,,,47,0,,126,1,-1,47.250000,mono,,,
1780297092.475847,,,MATCH_ACCEPT,126,0,12.291722,6.158750,12.280764,,6.507294,0.348716,7.551348,2.367566,3.886627,1.718740,47,6,,,,,,,,,
1780297092.475847,,,UI_STATUS_SEND,126,,,,12.284966,192.284966,6.324724,,,,,,48,0,,126,1,-1,97.460000,mono,,,
1780297092.837993,,,MATCH_ACCEPT,126,0,12.360081,5.265000,12.299310,,6.704586,1.440868,6.933232,2.588288,4.568023,2.131211,48,6,,,,,,,,,
1780297092.837993,,,UI_STATUS_SEND,126,,,,12.334285,192.334285,5.672795,,,,,,49,0,,126,1,-1,25.150000,mono,,,
1780297093.374693,,,MATCH_ACCEPT,126,0,12.268935,3.995417,12.369586,,5.703800,1.711346,8.147016,2.764677,5.094608,2.548831,49,8,,,,,,,,,
1780297093.374693,,,UI_STATUS_SEND,126,,,,12.324386,192.324386,4.644683,,,,,,50,0,,126,1,-1,25.150000,mono,,,
1780297093.750221,,,MATCH_ACCEPT,126,0,12.309951,3.087917,12.336356,,4.286201,1.198575,8.166025,2.777350,5.297195,2.416479,50,6,,,,,,,,,
1780297093.750221,,,UI_STATUS_SEND,126,,,,12.324243,192.324243,3.558469,,,,,,51,0,,126,1,-1,25.150000,mono,,,
1780297094.221342,,,MATCH_ACCEPT,126,0,12.246149,3.140625,12.335172,,2.796954,0.355014,8.490433,2.993622,6.121062,2.840711,51,7,,,,,,,,,
1780297094.221342,,,UI_STATUS_SEND,126,,,,12.291124,192.291124,3.018672,,,,,,52,0,,126,1,-1,47.250000,mono,,,
1780297095.051707,,no_packet,TRACK_DELETE,126,,,,12.285199,,1.839489,,,,10.453553,5.569387,52,12,,,,,,,,,
1780297098.188742,,,NEW_TRACK,142,0,337.849467,5.265000,,,,,,,1.000000,1.000000,1,0,,,,,,,,,
1780297098.188742,,,TargetLost,126,,,,,,,,,,,,,,not_in_valid_tracks,,,,,,,,
1780297098.776821,,,MATCH_ACCEPT,142,0,337.872253,5.315417,337.849467,,5.265000,0.055327,8.777005,3.184670,5.071061,5.071061,1,9,,,,,,,,,
1780297098.776821,,,TargetLost,126,,,,,,,,,,,,,,not_in_valid_tracks,,,,,,,,
1780297099.548575,,,MATCH_REJECT,142,0,42.381842,6.926458,337.869495,,5.340628,64.531835,11.036834,4.691223,14.094015,7.913557,2,12,,,,,,,,,
1780297099.548575,,,NEW_TRACK,143,0,42.381842,6.926458,,,,,,,1.000000,1.000000,1,0,,,,,,,,,
1780297099.548575,,,TRACK_DELETE,142,,,,337.869495,,5.340628,,,,14.094015,7.913557,1,12,,,,,,,,,
1780297099.548575,,,TargetLost,126,,,,,,,,,,,,,,not_in_valid_tracks,,,,,,,,
1780297100.381939,,no_packet,TRACK_DELETE,143,,,,42.381842,,6.926458,,,,9.030117,9.030117,1,12,,,,,,,,,
1780297100.636922,,,NEW_TRACK,144,0,13.576878,3.097083,,,,,,,1.000000,1.000000,1,0,,,,,,,,,
1780297100.636922,,,TargetLost,126,,,,,,,,,,,,,,not_in_valid_tracks,,,,,,,,
1780297101.476851,,no_packet,TRACK_DELETE,144,,,,13.576878,,3.097083,,,,9.150153,9.150153,1,12,,,,,,,,,
1780297101.535074,,,NEW_TRACK,145,0,13.572321,5.411667,,,,,,,1.000000,1.000000,1,0,,,,,,,,,
1780297101.535074,,,TargetLost,126,,,,,,,,,,,,,,not_in_valid_tracks,,,,,,,,
1780297101.919668,,,MATCH_ACCEPT,145,0,13.476618,5.773750,13.572321,,5.411667,0.374518,7.561848,2.374565,2.819280,2.819280,1,6,,,,,,,,,
1780297101.919668,,,TargetLost,126,,,,,,,,,,,,,,not_in_valid_tracks,,,,,,,,
1780297102.301024,,,MATCH_ACCEPT,145,0,13.476618,5.778333,13.526394,,5.771309,0.050269,7.623834,3.048689,5.764411,3.530095,2,6,,,,,,,,,
1780297102.301024,,,TargetLost,126,,,,,,,,,,,,,,not_in_valid_tracks,,,,,,,,
1780297102.301024,,,TargetSwitch,145,,,,,,,,,,,,,,master_lost,,,,,,,,
1780297102.301024,,,UI_STATUS_SEND,145,,,,13.494979,193.494979,5.776980,,,,,,3,0,,145,1,-1,97.460000,mono,,,
1780297102.940578,,,MATCH_ACCEPT,145,0,13.490290,5.771458,13.445080,,5.994013,0.227100,8.361810,3.540673,8.350446,4.185922,3,10,,,,,,,,,
1780297102.940578,,,UI_STATUS_SEND,145,,,,13.477292,193.477292,5.808740,,,,,,4,0,,145,1,-1,47.250000,mono,,,
1780297103.556235,,,MATCH_ACCEPT,145,0,13.467503,5.725625,13.445252,,5.907753,0.183482,8.798308,3.198872,6.963305,3.269476,4,9,,,,,,,,,
1780297103.556235,,,UI_STATUS_SEND,145,,,,13.456978,193.456978,5.784519,,,,,,5,0,,145,1,-1,155.930000,mono,,,
1780297104.008358,,,MATCH_ACCEPT,145,0,13.462946,5.716458,13.437196,,5.807069,0.094199,7.082805,3.094737,6.644430,2.932965,5,7,,,,,,,,,
1780297104.008358,,,UI_STATUS_SEND,145,,,,13.456663,193.456663,5.730462,,,,,,6,0,,145,1,-1,155.930000,mono,,,
1780297104.268102,,,MATCH_ACCEPT,145,0,13.467503,5.973125,13.448651,,5.726322,0.247522,5.303259,1.908373,2.608242,1.033646,6,4,,,,,,,,,
1780297104.268102,,,UI_STATUS_SEND,145,,,,13.458997,193.458997,5.888834,,,,,,7,0,,145,1,-1,155.930000,mono,,,
1780297104.649249,,,MATCH_ACCEPT,145,0,13.472060,6.390208,13.450242,,5.949048,0.441700,5.444083,2.002255,2.664695,1.344332,7,6,,,,,,,,,
1780297104.649249,,,UI_STATUS_SEND,145,,,,13.462331,193.462331,6.264431,,,,,,8,0,,145,1,-1,155.930000,mono,,,
1780297104.999215,,,MATCH_ACCEPT,145,0,13.481175,6.807292,13.457928,,6.443259,0.364774,5.386727,1.964018,2.587990,1.269377,8,5,,,,,,,,,
1780297104.999215,,,UI_STATUS_SEND,145,,,,13.470640,193.470640,6.699195,,,,,,9,0,,145,1,-1,155.930000,mono,,,
1780297105.153176,,,MATCH_REJECT,145,0,337.858581,5.287917,13.470458,,6.822713,35.644935,4.783484,1.561856,1.723302,0.716093,9,3,,,,,,,,,
1780297105.153176,,,NEW_TRACK,146,0,337.858581,5.287917,,,,,,,1.000000,1.000000,1,0,,,,,,,,,
1780297105.153176,,,TargetLost,145,,,,,,,,,,,,,,not_in_valid_tracks,,,,,,,,
1780297105.384729,,,MATCH_ACCEPT,145,0,13.490290,7.063958,13.470184,,7.008481,0.059009,5.555561,2.076574,2.855714,1.456446,8,7,,,,,,,,,
1780297105.384729,,,UI_STATUS_SEND,145,,,,13.481667,193.481667,7.049031,,,,,,9,0,,145,1,-1,155.930000,mono,,,
1780297105.872059,,,MATCH_ACCEPT,145,0,13.476618,7.233542,13.485972,,7.461017,0.227667,5.905744,2.310030,3.496377,1.839860,9,7,,,,,,,,,
1780297105.872059,,,UI_STATUS_SEND,145,,,,13.480174,193.480174,7.284870,,,,,,10,0,,145,1,-1,155.930000,mono,,,
1780297105.943379,,,MATCH_ACCEPT,146,0,337.831237,5.232917,337.858581,,5.287917,0.061422,10.112031,4.074687,8.301538,8.301538,0,12,,,,,,,,,
1780297105.943379,,,TargetLost,145,,,,,,,,,,,,,,not_in_valid_tracks,,,,,,,,
1780297106.411709,,,MATCH_ACCEPT,145,0,13.476618,7.586458,13.482269,,7.640444,0.054281,6.141648,2.467298,3.994061,2.093500,9,8,,,,,,,,,
1780297106.411709,,,UI_STATUS_SEND,145,,,,13.478592,193.478592,7.597465,,,,,,10,0,,145,1,-1,155.930000,mono,,,
1780297106.759433,,no_packet,TRACK_DELETE,146,,,,337.829490,,5.201596,,,,15.511326,7.684374,0,12,,,,,,,,,
1780297106.856658,,,MATCH_ACCEPT,145,0,13.485732,7.946250,13.479009,,7.871747,0.074805,5.825705,2.256670,3.416346,1.676215,10,7,,,,,,,,,
1780297106.856658,,,UI_STATUS_SEND,145,,,,13.483139,193.483139,7.928195,,,,,,11,0,,145,1,-1,97.460000,mono,,,
1780297107.212754,,,MATCH_ACCEPT,145,0,13.572321,7.905000,13.484649,,8.168019,0.277246,6.100423,2.033082,2.797096,1.336327,11,6,,,,,,,,,
1780297107.212754,,,UI_STATUS_SEND,145,,,,13.524417,193.524417,8.006690,,,,,,12,0,,145,1,-1,25.150000,mono,,,
1780297107.448269,,,MATCH_REJECT,145,0,337.803894,5.278750,13.533176,,8.125003,35.842471,6.868408,1.912272,2.524835,1.131949,12,4,,,,,,,,,
1780297107.448269,,,NEW_TRACK,147,0,337.803894,5.278750,,,,,,,1.000000,1.000000,1,0,,,,,,,,,
1780297107.448269,,,TargetLost,145,,,,,,,,,,,,,,not_in_valid_tracks,,,,,,,,
1780297107.608986,,,MATCH_ACCEPT,145,0,13.576878,7.799583,13.539153,,8.205741,0.407906,7.436414,2.290942,3.475348,1.773069,11,7,,,,,,,,,
1780297107.608986,,,UI_STATUS_SEND,145,,,,13.552634,193.552634,7.989842,,,,,,12,0,,145,1,-1,25.150000,mono,,,
1780297107.881920,,,MATCH_ACCEPT,147,0,337.452982,7.208333,337.803894,,5.278750,1.961232,7.854698,2.569799,3.301933,3.301933,0,7,,,,,,,,,
1780297107.881920,,,TargetLost,145,,,,,,,,,,,,,,not_in_valid_tracks,,,,,,,,
1780297107.974422,,,MATCH_ACCEPT,145,0,13.540420,7.740000,13.570265,,8.092168,0.353431,7.868147,2.578765,4.445934,2.204093,11,6,,,,,,,,,
1780297107.974422,,,UI_STATUS_SEND,145,,,,13.557859,193.557859,7.886090,,,,,,12,0,,145,1,-1,97.460000,mono,,,
1780297108.418463,,,MATCH_ACCEPT,145,0,13.622451,7.570417,13.574989,,7.921306,0.354085,7.384928,2.889419,5.622320,2.726421,12,7,,,,,,,,,
1780297108.418463,,,UI_STATUS_SEND,145,,,,13.604666,193.604666,7.653236,,,,,,13,0,,145,1,-1,25.150000,mono,,,
1780297108.627985,,no_packet,TRACK_DELETE,147,,,,337.556426,,7.950792,,,,12.773714,8.196073,0,12,,,,,,,,,
1780297108.929304,,,MATCH_ACCEPT,145,0,13.640680,7.350417,13.635406,,7.568370,0.218017,8.131834,2.754556,5.127947,2.459630,13,8,,,,,,,,,
1780297108.929304,,,UI_STATUS_SEND,145,,,,13.637783,193.637783,7.435086,,,,,,14,0,,145,1,-1,25.150000,mono,,,
1780297109.293691,,,MATCH_ACCEPT,145,0,13.681696,7.208333,13.660339,,7.328997,0.122540,8.112596,2.741731,5.175833,2.341255,14,6,,,,,,,,,
1780297109.293691,,,UI_STATUS_SEND,145,,,,13.670013,193.670013,7.256630,,,,,,15,0,,145,1,-1,25.150000,mono,,,
1780297109.718485,,,MATCH_ACCEPT,145,0,13.718154,7.020417,13.699221,,7.104773,0.086455,8.319860,2.879906,5.674470,2.619390,15,7,,,,,,,,,
1780297109.718485,,,UI_STATUS_SEND,145,,,,13.708231,193.708231,7.051935,,,,,,16,0,,145,1,-1,25.150000,mono,,,
1780297110.439138,,,MATCH_ACCEPT,145,0,13.713597,6.786667,13.762297,,6.759986,0.055530,9.547799,3.698533,8.966550,4.712593,16,11,,,,,,,,,
1780297110.439138,,,UI_STATUS_SEND,145,,,,13.733600,193.733600,6.780023,,,,,,17,0,,145,1,-1,97.460000,mono,,,
1780297111.209965,,,MATCH_ACCEPT,145,0,13.859430,6.784375,13.777287,,6.480154,0.315116,9.084748,4.022632,10.784688,5.396879,17,12,,,,,,,,,
1780297111.209965,,,UI_STATUS_SEND,145,,,,13.839876,193.839876,6.743304,,,,,,18,0,,145,1,-1,97.460000,mono,,,
1780297111.652242,,,MATCH_ACCEPT,145,0,13.886774,7.164792,13.881275,,6.658396,0.506425,7.081250,2.686967,5.049477,2.170313,18,7,,,,,,,,,
1780297111.652242,,,UI_STATUS_SEND,145,,,,13.884573,193.884573,7.023206,,,,,,19,0,,145,1,-1,97.460000,mono,,,
1780297112.205554,,,MATCH_ACCEPT,145,0,13.850316,7.503958,13.937594,,7.104432,0.408948,7.250011,2.799474,5.206197,2.630858,19,8,,,,,,,,,
1780297112.205554,,,UI_STATUS_SEND,145,,,,13.884607,193.884607,7.407065,,,,,,20,0,,145,1,-1,155.930000,mono,,,
1780297112.635729,,,MATCH_ACCEPT,145,0,13.845758,8.104375,13.909119,,7.594643,0.513655,6.258258,2.545039,4.420818,2.056403,20,7,,,,,,,,,
1780297112.635729,,,UI_STATUS_SEND,145,,,,13.866455,193.866455,7.998963,,,,,,21,0,,145,1,-1,155.930000,mono,,,
1780297113.000248,,,MATCH_ACCEPT,145,0,13.877659,8.521458,13.875633,,8.298410,0.223057,5.589371,2.099114,3.014467,1.391813,21,6,,,,,,,,,
1780297113.000248,,,UI_STATUS_SEND,145,,,,13.876817,193.876817,8.459432,,,,,,22,0,,145,1,-1,155.930000,mono,,,
1780297113.405297,,,MATCH_ACCEPT,145,0,13.873102,8.826250,13.887409,,8.861737,0.038262,5.619151,2.118967,2.994292,1.495729,22,6,,,,,,,,,
1780297113.405297,,,UI_STATUS_SEND,145,,,,13.879073,193.879073,8.835614,,,,,,23,0,,145,1,-1,47.250000,mono,,,
1780297113.744160,,,MATCH_ACCEPT,145,0,13.841201,8.881250,13.885473,,9.162349,0.284564,6.958813,1.972542,2.642522,1.248400,23,5,,,,,,,,,
1780297113.744160,,,UI_STATUS_SEND,145,,,,13.872317,193.872317,9.037505,,,,,,24,0,,145,1,-1,47.250000,mono,,,
1780297114.171395,,,MATCH_ACCEPT,145,0,13.868545,8.826250,13.875414,,9.389775,0.563567,7.855385,2.570256,4.340493,2.265725,24,7,,,,,,,,,
1780297114.171395,,,UI_STATUS_SEND,145,,,,13.872598,193.872598,9.056254,,,,,,25,0,,145,1,-1,97.460000,mono,,,
1780297114.648670,,,MATCH_ACCEPT,145,0,13.850316,8.748333,13.874994,,9.297322,0.549543,7.475216,2.949611,5.833594,2.866609,25,7,,,,,,,,,
1780297114.648670,,,UI_STATUS_SEND,145,,,,13.859351,193.859351,8.873012,,,,,,26,0,,145,1,-1,97.460000,mono,,,
1780297115.061454,,,MATCH_ACCEPT,145,0,13.895889,8.603958,13.856772,,8.925266,0.323680,6.803803,2.502002,4.343987,1.916026,26,6,,,,,,,,,
1780297115.061454,,,UI_STATUS_SEND,145,,,,13.878802,193.878802,8.702076,,,,,,27,0,,145,1,-1,97.460000,mono,,,
1780297115.463443,,,MATCH_REJECT,145,0,348.160339,12.953542,13.882741,,8.666952,26.077132,6.628731,2.385287,3.897544,1.792050,27,6,,,,,,,,,
1780297115.463443,,,NEW_TRACK,148,0,348.160339,12.953542,,,,,,,1.000000,1.000000,1,0,,,,,,,,,
1780297115.463443,,,TargetLost,145,,,,,,,,,,,,,,not_in_valid_tracks,,,,,,,,
1780297115.595042,,,MATCH_ACCEPT,145,0,13.909560,8.464167,13.884031,,8.655453,0.192982,7.095380,2.696386,4.846649,2.423851,26,8,,,,,,,,,
1780297115.595042,,,UI_STATUS_SEND,145,,,,13.899091,193.899091,8.513498,,,,,,27,0,,145,1,-1,97.460000,mono,,,
1780297115.960344,,,MATCH_ACCEPT,145,0,13.886774,8.322083,13.906684,,8.432895,0.112586,6.589845,2.359364,3.838846,1.727750,27,6,,,,,,,,,
1780297115.960344,,,UI_STATUS_SEND,145,,,,13.896080,193.896080,8.358401,,,,,,28,0,,145,1,-1,97.460000,mono,,,
1780297116.238638,,no_packet,TRACK_DELETE,148,,,,348.160339,,12.953542,,,,8.020084,8.020084,0,12,,,,,,,,,
1780297116.302017,,,MATCH_ACCEPT,145,0,13.932347,8.074583,13.900484,,8.258368,0.186526,6.378289,2.218326,3.392920,1.528050,28,5,,,,,,,,,
1780297116.302017,,,UI_STATUS_SEND,145,,,,13.916471,193.916471,8.139892,,,,,,29,0,,145,1,-1,97.460000,mono,,,
1780297116.668402,,,MATCH_ACCEPT,145,0,13.946019,7.891250,13.925793,,7.987479,0.098331,6.438152,2.258234,3.460533,1.639089,29,6,,,,,,,,,
1780297116.668402,,,UI_STATUS_SEND,145,,,,13.936041,193.936041,7.923915,,,,,,30,0,,145,1,-1,97.460000,mono,,,
1780297117.168658,,,MATCH_ACCEPT,145,0,14.014378,7.680417,13.952838,,7.683401,0.061612,6.942572,2.594514,4.444963,2.286543,30,8,,,,,,,,,
1780297117.168658,,,UI_STATUS_SEND,145,,,,13.987844,193.987844,7.681220,,,,,,31,0,,145,1,-1,25.150000,mono,,,
1780297117.557100,,,MATCH_ACCEPT,145,0,13.982477,7.506250,14.011398,,7.493645,0.031548,7.607717,2.405145,3.957067,1.827653,31,6,,,,,,,,,
1780297117.557100,,,UI_STATUS_SEND,145,,,,14.000186,194.000186,7.500441,,,,,,32,0,,145,1,-1,97.460000,mono,,,
1780297118.395083,,no_packet,TRACK_DELETE,145,,,,14.043708,,7.101472,,,,9.410617,5.397374,32,12,,,,,,,,,
1780297118.427405,,,NEW_TRACK,149,0,14.037165,7.073125,,,,,,,1.000000,1.000000,1,0,,,,,,,,,
1780297118.427142,,,TargetLost,145,,,,,,,,,,,,,,not_in_valid_tracks,,,,,,,,
1780297119.095501,,,MATCH_REJECT,149,0,337.452982,7.194583,14.037165,,7.073125,36.584384,8.336183,3.523589,6.207839,6.207839,1,10,,,,,,,,,
1780297119.095501,,,NEW_TRACK,150,0,337.452982,7.194583,,,,,,,1.000000,1.000000,1,0,,,,,,,,,
1780297119.095501,,,TargetLost,145,,,,,,,,,,,,,,not_in_valid_tracks,,,,,,,,
1780297119.235576,,no_packet,TRACK_DELETE,149,,,,14.037165,,7.073125,,,,8.576863,8.576863,0,12,,,,,,,,,
1780297119.450079,,,MATCH_REJECT,150,0,14.182998,6.573542,337.452982,,7.194583,36.735266,7.412645,2.275097,2.588032,2.588032,1,6,,,,,,,,,
1780297119.450079,,,NEW_TRACK,151,0,14.182998,6.573542,,,,,,,1.000000,1.000000,1,0,,,,,,,,,
1780297119.450079,,,TargetLost,145,,,,,,,,,,,,,,not_in_valid_tracks,,,,,,,,
1780297119.766842,,,MATCH_ACCEPT,150,0,337.867696,5.269583,337.452982,,7.194583,1.969165,9.333463,3.555642,6.321295,6.321295,0,11,,,,,,,,,
1780297119.766842,,,TargetLost,145,,,,,,,,,,,,,,not_in_valid_tracks,,,,,,,,
1780297120.252610,,no_packet,TRACK_DELETE,151,,,,14.182998,,6.573542,,,,8.495448,8.495448,0,12,,,,,,,,,
1780297120.597713,,no_packet,TRACK_DELETE,150,,,,337.863054,,4.159383,,,,15.752396,8.444207,1,12,,,,,,,,,
1780297120.864427,,,NEW_TRACK,152,0,337.124857,7.455833,,,,,,,1.000000,1.000000,1,0,,,,,,,,,
1780297120.864427,,,TargetLost,145,,,,,,,,,,,,,,not_in_valid_tracks,,,,,,,,
1780297121.172116,,,MATCH_REJECT,152,0,16.719131,6.041875,337.124857,,7.455833,39.619512,7.157490,2.104994,2.215499,2.215499,1,5,,,,,,,,,
1780297121.172116,,,NEW_TRACK,153,0,16.719131,6.041875,,,,,,,1.000000,1.000000,1,0,,,,,,,,,
1780297121.172116,,,TargetLost,145,,,,,,,,,,,,,,not_in_valid_tracks,,,,,,,,
1780297121.598738,,,MATCH_ACCEPT,153,0,17.295628,5.950208,16.719131,,6.041875,0.583740,6.211889,2.540792,3.227813,3.227813,1,7,,,,,,,,,
1780297121.598738,,,TRACK_DELETE,152,,,,337.124857,,7.455833,,,,7.340596,7.340596,0,12,,,,,,,,,
1780297121.598738,,,TargetLost,145,,,,,,,,,,,,,,not_in_valid_tracks,,,,,,,,
1780297121.972172,,,MATCH_ACCEPT,153,0,17.929092,5.899792,17.252251,,5.921897,0.677201,6.132604,2.461269,3.970658,2.087187,2,6,,,,,,,,,
1780297121.972172,,,TargetLost,145,,,,,,,,,,,,,,not_in_valid_tracks,,,,,,,,
1780297121.972172,,,TargetSwitch,153,,,,,,,,,,,,,,master_lost,,,,,,,,
1780297121.972172,,,UI_STATUS_SEND,153,,,,17.691731,197.691731,5.904309,,,,,,3,0,,153,1,-1,47.250000,mono,,,
1780297122.398836,,,MATCH_ACCEPT,153,0,18.521540,5.794375,18.124537,,5.846557,0.400417,7.732309,2.488206,4.151804,2.039365,3,7,,,,,,,,,
1780297122.398836,,,UI_STATUS_SEND,153,,,,18.282998,198.282998,5.817012,,,,,,4,0,,153,1,-1,97.460000,mono,,,
1780297122.849977,,,MATCH_ACCEPT,153,0,19.186904,5.606458,18.810629,,5.740088,0.399299,7.570175,3.012917,6.116450,2.961219,4,7,,,,,,,,,
1780297122.849977,,,UI_STATUS_SEND,153,,,,19.053253,199.053253,5.636052,,,,,,5,0,,153,1,-1,97.460000,mono,,,
1780297123.360509,,,MATCH_ACCEPT,153,0,19.551488,5.427708,19.749710,,5.497500,0.210150,7.280313,2.819676,5.436850,2.513720,5,8,,,,,,,,,
1780297123.360509,,,UI_STATUS_SEND,153,,,,19.627329,199.627329,5.445225,,,,,,6,0,,153,1,-1,47.250000,mono,,,
1780297124.207933,,no_packet,TRACK_DELETE,153,,,,20.707229,,5.173946,,,,8.333863,4.656267,6,12,,,,,,,,,
1780297124.480457,,,NEW_TRACK,154,0,20.289769,4.907500,,,,,,,1.000000,1.000000,1,0,,,,,,,,,
1780297124.480457,,,TargetLost,153,,,,,,,,,,,,,,not_in_valid_tracks,,,,,,,,
1780297125.272312,,,MATCH_ACCEPT,154,0,20.503961,4.430833,20.289769,,4.907500,0.522580,10.103966,4.069311,8.279645,8.279645,1,12,,,,,,,,,
1780297125.272312,,,TargetLost,153,,,,,,,,,,,,,,not_in_valid_tracks,,,,,,,,
1780297126.102404,,no_packet,TRACK_DELETE,154,,,,20.518692,,4.155418,,,,15.813856,7.909306,2,12,,,,,,,,,
1780297127.539028,,,NEW_TRACK,155,0,337.890482,5.223750,,,,,,,1.000000,1.000000,1,0,,,,,,,,,
1780297127.539028,,,TargetLost,153,,,,,,,,,,,,,,not_in_valid_tracks,,,,,,,,
1780297128.376043,,no_packet,TRACK_DELETE,155,,,,337.890482,,5.223750,,,,9.099154,9.099154,1,12,,,,,,,,,
1780297129.949994,,,NEW_TRACK,156,0,337.849467,5.265000,,,,,,,1.000000,1.000000,1,0,,,,,,,,,
1780297129.949994,,,TargetLost,153,,,,,,,,,,,,,,not_in_valid_tracks,,,,,,,,
1780297130.781701,,no_packet,TRACK_DELETE,156,,,,337.849467,,5.265000,,,,9.001610,9.001610,1,12,,,,,,,,,
1780297133.290071,,,NEW_TRACK,157,0,337.826680,5.232917,,,,,,,1.000000,1.000000,1,0,,,,,,,,,
1780297133.290071,,,TargetLost,153,,,,,,,,,,,,,,not_in_valid_tracks,,,,,,,,
1780297134.131895,,no_packet,TRACK_DELETE,157,,,,337.826680,,5.232917,,,,9.187304,9.187304,1,12,,,,,,,,,
1780297137.652916,,,NEW_TRACK,158,0,338.282409,4.343750,,,,,,,1.000000,1.000000,1,0,,,,,,,,,
1780297137.652916,,,NEW_TRACK,159,1,337.844909,5.223750,,,,,,,1.000000,1.000000,1,0,,,,,,,,,
1780297137.652916,,,NEW_TRACK,160,2,338.282409,3.463750,,,,,,,1.000000,1.000000,1,0,,,,,,,,,
1780297137.652916,,,TargetLost,153,,,,,,,,,,,,,,not_in_valid_tracks,,,,,,,,
1780297138.489538,,no_packet,TRACK_DELETE,158,,,,338.282409,,4.343750,,,,9.089806,9.089806,1,12,,,,,,,,,
1780297138.489538,,no_packet,TRACK_DELETE,159,,,,337.844909,,5.223750,,,,9.089806,9.089806,1,12,,,,,,,,,
1780297138.489538,,no_packet,TRACK_DELETE,160,,,,338.282409,,3.463750,,,,9.089806,9.089806,1,12,,,,,,,,,
1780297138.948980,,,NEW_TRACK,161,0,337.799336,5.223750,,,,,,,1.000000,1.000000,1,0,,,,,,,,,
1780297138.948980,,,TargetLost,153,,,,,,,,,,,,,,not_in_valid_tracks,,,,,,,,
1780297139.514467,,,MATCH_ACCEPT,161,0,337.899597,5.214583,337.799336,,5.223750,0.100679,8.641797,3.094531,4.788062,4.788062,1,9,,,,,,,,,
1780297139.514467,,,TargetLost,153,,,,,,,,,,,,,,not_in_valid_tracks,,,,,,,,
1780297140.356843,,no_packet,TRACK_DELETE,161,,,,337.889147,,5.209478,,,,15.602734,9.065091,2,12,,,,,,,,,
1780297144.094935,,,NEW_TRACK,162,0,337.826680,5.232917,,,,,,,1.000000,1.000000,1,0,,,,,,,,,
1780297144.094935,,,TargetLost,153,,,,,,,,,,,,,,not_in_valid_tracks,,,,,,,,
1780297144.933230,,no_packet,TRACK_DELETE,162,,,,337.826680,,5.232917,,,,9.118234,9.118234,1,12,,,,,,,,,
1780297146.232496,,,NEW_TRACK,163,0,337.799336,5.287917,,,,,,,1.000000,1.000000,1,0,,,,,,,,,
1780297146.232496,,,TargetLost,153,,,,,,,,,,,,,,not_in_valid_tracks,,,,,,,,
1780297146.340669,,,MATCH_ACCEPT,163,0,338.327982,4.288750,337.799336,,5.287917,1.130398,6.340491,1.560327,1.217311,1.217311,1,2,,,,,,,,,
1780297146.340669,,,TargetLost,153,,,,,,,,,,,,,,not_in_valid_tracks,,,,,,,,
1780297147.174739,,no_packet,TRACK_DELETE,163,,,,337.949844,,4.523764,,,,10.755705,9.735056,2,12,,,,,,,,,
1780297148.839061,,,NEW_TRACK,164,0,337.835795,5.274167,,,,,,,1.000000,1.000000,1,0,,,,,,,,,
1780297148.839061,,,TargetLost,153,,,,,,,,,,,,,,not_in_valid_tracks,,,,,,,,
1780297149.336790,,,MATCH_ACCEPT,164,0,337.844909,5.232917,337.835795,,5.274167,0.042245,8.227282,2.818188,3.971092,3.971092,1,8,,,,,,,,,
1780297149.336790,,,TargetLost,153,,,,,,,,,,,,,,not_in_valid_tracks,,,,,,,,
1780297150.171977,,no_packet,TRACK_DELETE,164,,,,337.843271,,5.211672,,,,15.101800,9.276800,2,12,,,,,,,,,
1780297152.133602,,,NEW_TRACK,165,0,337.849467,5.242083,,,,,,,1.000000,1.000000,1,0,,,,,,,,,
1780297152.133602,,,TargetLost,153,,,,,,,,,,,,,,not_in_valid_tracks,,,,,,,,
1780297152.861955,,,MATCH_ACCEPT,165,0,337.876810,5.320000,337.849467,,5.242083,0.082575,9.680783,3.787189,7.171399,7.171399,1,11,,,,,,,,,
1780297152.861955,,,TargetLost,153,,,,,,,,,,,,,,not_in_valid_tracks,,,,,,,,
1780297153.571949,,,MATCH_REJECT,165,0,359.453830,12.907708,337.875605,,5.356541,22.861319,10.681943,4.454629,13.213021,6.630697,2,11,,,,,,,,,
1780297153.571949,,,NEW_TRACK,166,0,359.453830,12.907708,,,,,,,1.000000,1.000000,1,0,,,,,,,,,
1780297153.571949,,,TargetLost,153,,,,,,,,,,,,,,not_in_valid_tracks,,,,,,,,
1780297153.643105,,no_packet,TRACK_DELETE,165,,,,337.876761,,5.361600,,,,14.686261,7.509187,1,12,,,,,,,,,
1780297153.691964,,,MATCH_ACCEPT,166,0,359.462944,11.903958,359.453830,,12.907708,1.003791,4.767199,1.577666,1.244515,1.244515,1,2,,,,,,,,,
1780297153.691964,,,TargetLost,153,,,,,,,,,,,,,,not_in_valid_tracks,,,,,,,,
1780297154.094792,,,MATCH_ACCEPT,166,1,1.568413,10.400625,359.458584,,11.921960,2.601122,7.642430,2.428287,3.346896,2.549680,2,6,,,,,,,,,
1780297154.094792,,,NEW_TRACK,167,0,1.969455,9.887292,,,,,,,1.000000,1.000000,1,0,,,,,,,,,
1780297154.094533,,,TargetLost,153,,,,,,,,,,,,,,not_in_valid_tracks,,,,,,,,
1780297154.094533,,,TargetSwitch,166,,,,,,,,,,,,,,master_lost,,,,,,,,
1780297154.094533,,,UI_STATUS_SEND,166,,,,0.194383,180.194383,10.978685,,,,,,3,0,,166,1,-1,159.930000,mono,,,
1780297154.306490,,,MATCH_REJECT,166,0,337.817566,5.278750,0.426000,,10.487791,23.200763,6.133765,2.488710,4.089024,2.104655,3,3,,,,,,,,,
1780297154.306490,,,NEW_TRACK,168,0,337.817566,5.278750,,,,,,,1.000000,1.000000,1,0,,,,,,,,,
1780297154.306490,,,TargetLost,166,,,,,,,,,,,,,,not_in_valid_tracks,,,,,,,,
1780297154.933816,,no_packet,TRACK_DELETE,166,,,,1.111513,,9.034898,,,,14.746456,9.138100,2,12,,,,,,,,,
1780297154.933816,,no_packet,TRACK_DELETE,167,,,,1.969455,,9.887292,,,,9.135661,9.135661,0,12,,,,,,,,,
1780297155.141912,,no_packet,TRACK_DELETE,168,,,,337.817566,,5.278750,,,,9.068482,9.068482,1,12,,,,,,,,,
1780297155.206556,,,NEW_TRACK,169,0,337.840352,5.232917,,,,,,,1.000000,1.000000,1,0,,,,,,,,,
1780297155.206556,,,TargetLost,166,,,,,,,,,,,,,,not_in_valid_tracks,,,,,,,,
1780297155.436744,,,MATCH_ACCEPT,169,0,337.826680,5.210000,337.840352,,5.232917,0.026685,6.795574,1.863716,1.736718,1.736718,1,4,,,,,,,,,
1780297155.436744,,,TargetLost,166,,,,,,,,,,,,,,not_in_valid_tracks,,,,,,,,
1780297156.267891,,no_packet,TRACK_DELETE,169,,,,337.834027,,5.207250,,,,12.488865,10.059914,2,12,,,,,,,,,
1780297156.273264,,,NEW_TRACK,170,0,337.908711,5.214583,,,,,,,1.000000,1.000000,1,0,,,,,,,,,
1780297156.273264,,,TargetLost,166,,,,,,,,,,,,,,not_in_valid_tracks,,,,,,,,
1780297156.760506,,,MATCH_ACCEPT,170,0,337.854024,5.196250,337.908711,,5.214583,0.057679,8.142238,2.761492,3.812918,3.812918,1,7,,,,,,,,,
1780297156.760506,,,TargetLost,166,,,,,,,,,,,,,,not_in_valid_tracks,,,,,,,,
1780297157.600363,,no_packet,TRACK_DELETE,170,,,,337.864410,,5.186781,,,,15.022231,9.263735,2,12,,,,,,,,,
1780297157.719195,,,NEW_TRACK,171,0,337.831237,5.232917,,,,,,,1.000000,1.000000,1,0,,,,,,,,,
1780297157.719195,,,TargetLost,166,,,,,,,,,,,,,,not_in_valid_tracks,,,,,,,,
1780297158.557556,,no_packet,TRACK_DELETE,171,,,,337.831237,,5.232917,,,,9.122600,9.122600,1,12,,,,,,,,,
1780297159.080308,,,NEW_TRACK,172,0,337.835795,5.242083,,,,,,,1.000000,1.000000,1,0,,,,,,,,,
1780297159.080308,,,TargetLost,166,,,,,,,,,,,,,,not_in_valid_tracks,,,,,,,,
1780297159.428217,,,MATCH_ACCEPT,172,0,337.835795,5.232917,337.835795,,5.242083,0.009167,7.346878,2.231252,2.489243,2.489243,1,5,,,,,,,,,
1780297159.428217,,,TargetLost,166,,,,,,,,,,,,,,not_in_valid_tracks,,,,,,,,
1780297160.223193,,,MATCH_ACCEPT,172,0,337.844909,5.205417,337.835795,,5.229945,0.026167,11.038743,4.692495,12.915052,9.104461,2,12,,,,,,,,,
1780297160.223193,,,TargetLost,166,,,,,,,,,,,,,,not_in_valid_tracks,,,,,,,,
1780297160.223193,,,TargetSwitch,172,,,,,,,,,,,,,,master_lost,,,,,,,,
1780297160.223193,,,UI_STATUS_SEND,172,,,,337.841937,157.841937,5.209010,,,,,,3,0,,172,1,-1,26.430000,mono,,,
1780297160.601934,,,MATCH_ACCEPT,172,0,337.835795,5.324583,337.843909,,5.198611,0.126233,9.013988,3.342659,8.061053,3.112316,3,6,,,,,,,,,
1780297160.601523,,,UI_STATUS_SEND,172,,,,337.839339,157.839339,5.282479,,,,,,4,0,,172,1,-1,26.430000,mono,,,
1780297161.180287,,,MATCH_ACCEPT,172,0,337.872253,5.278750,337.840429,,5.309402,0.044185,9.269059,3.512706,8.575488,3.763614,4,9,,,,,,,,,
1780297161.180287,,,UI_STATUS_SEND,172,,,,337.858837,157.858837,5.287742,,,,,,5,0,,172,1,-1,26.430000,mono,,,
1780297161.363322,,,MATCH_ACCEPT,172,0,337.936055,5.297083,337.861363,,5.292917,0.074808,7.813650,2.542433,4.763726,1.700241,5,3,,,,,,,,,
1780297161.363322,,,UI_STATUS_SEND,172,,,,337.893669,157.893669,5.295088,,,,,,6,0,,172,1,-1,26.430000,mono,,,
1780297162.202458,,no_packet,TRACK_DELETE,172,,,,337.923064,,5.320441,,,,9.489906,5.211237,6,12,,,,,,,,,
1780297164.258123,,,NEW_TRACK,173,0,338.045430,5.150417,,,,,,,1.000000,1.000000,1,0,,,,,,,,,
1780297164.258123,,,TargetLost,172,,,,,,,,,,,,,,not_in_valid_tracks,,,,,,,,
1780297165.097158,,no_packet,TRACK_DELETE,173,,,,338.045430,,5.150417,,,,9.137367,9.137367,1,12,,,,,,,,,
1780297165.415939,,,NEW_TRACK,174,0,337.844909,5.324583,,,,,,,1.000000,1.000000,1,0,,,,,,,,,
1780297165.415939,,,TargetLost,172,,,,,,,,,,,,,,not_in_valid_tracks,,,,,,,,
1780297165.875728,,,MATCH_ACCEPT,174,0,337.808451,5.269583,337.844909,,5.324583,0.065986,7.989161,2.659441,3.536313,3.536313,1,7,,,,,,,,,
1780297165.875728,,,TargetLost,172,,,,,,,,,,,,,,not_in_valid_tracks,,,,,,,,
1780297166.701869,,no_packet,TRACK_DELETE,174,,,,337.816791,,5.243168,,,,14.596194,9.244602,2,12,,,,,,,,,
1780297168.113118,,,NEW_TRACK,175,0,337.817566,5.205417,,,,,,,1.000000,1.000000,1,0,,,,,,,,,
1780297168.113118,,,TargetLost,172,,,,,,,,,,,,,,not_in_valid_tracks,,,,,,,,
1780297168.585882,,,MATCH_ACCEPT,175,0,337.799336,5.283333,337.817566,,5.205417,0.080021,8.060889,2.707259,3.664626,3.664626,1,7,,,,,,,,,
1780297168.585882,,,TargetLost,172,,,,,,,,,,,,,,not_in_valid_tracks,,,,,,,,
1780297169.423949,,no_packet,TRACK_DELETE,175,,,,337.803121,,5.322524,,,,14.919139,9.336588,2,12,,,,,,,,,
1780297170.805221,,,NEW_TRACK,176,0,337.835795,5.196250,,,,,,,1.000000,1.000000,1,0,,,,,,,,,
1780297170.805221,,,TargetLost,172,,,,,,,,,,,,,,not_in_valid_tracks,,,,,,,,
1780297171.636537,,no_packet,TRACK_DELETE,176,,,,337.835795,,5.196250,,,,8.997142,8.997142,1,12,,,,,,,,,
1780297172.405976,,,NEW_TRACK,177,0,337.835795,5.232917,,,,,,,1.000000,1.000000,1,0,,,,,,,,,
1780297172.405976,,,TargetLost,172,,,,,,,,,,,,,,not_in_valid_tracks,,,,,,,,
1780297173.012906,,,MATCH_ACCEPT,177,0,338.323425,3.807500,337.835795,,5.232917,1.506518,8.889352,3.259568,5.312391,5.312391,1,9,,,,,,,,,
1780297173.012906,,,TargetLost,172,,,,,,,,,,,,,,not_in_valid_tracks,,,,,,,,
1780297173.115380,,,MATCH_ACCEPT,177,0,337.817566,5.223750,338.088097,,3.992538,1.260584,7.502439,2.334959,3.781266,1.670770,2,2,,,,,,,,,
1780297173.115380,,,TargetLost,172,,,,,,,,,,,,,,not_in_valid_tracks,,,,,,,,
1780297173.115380,,,TargetSwitch,177,,,,,,,,,,,,,,master_lost,,,,,,,,
1780297173.115380,,,UI_STATUS_SEND,177,,,,337.986121,157.986121,4.628758,,,,,,3,0,,177,1,-1,26.430000,mono,,,
1780297173.949895,,no_packet,TRACK_DELETE,177,,,,338.117871,,4.153444,,,,12.585068,6.808785,3,12,,,,,,,,,
1780297174.910369,,,NEW_TRACK,178,0,337.876810,5.232917,,,,,,,1.000000,1.000000,1,0,,,,,,,,,
1780297174.910369,,,TargetLost,177,,,,,,,,,,,,,,not_in_valid_tracks,,,,,,,,
1780297175.744393,,no_packet,TRACK_DELETE,178,,,,337.876810,,5.232917,,,,9.043396,9.043396,1,12,,,,,,,,,
1780297183.633111,,,NEW_TRACK,179,0,358.474012,8.475625,,,,,,,1.000000,1.000000,1,0,,,,,,,,,
1780297183.633111,,,TargetLost,177,,,,,,,,,,,,,,not_in_valid_tracks,,,,,,,,
1780297183.764682,,,MATCH_REJECT,179,0,338.332540,4.834167,358.474012,,8.475625,20.468003,4.794918,1.596145,1.273840,1.273840,1,2,,,,,,,,,
1780297183.764682,,,NEW_TRACK,180,0,338.332540,4.834167,,,,,,,1.000000,1.000000,1,0,,,,,,,,,
1780297183.764682,,,TargetLost,177,,,,,,,,,,,,,,not_in_valid_tracks,,,,,,,,
1780297184.468119,,no_packet,TRACK_DELETE,179,,,,358.474012,,8.475625,,,,9.068980,9.068980,0,12,,,,,,,,,
1780297184.607181,,no_packet,TRACK_DELETE,180,,,,338.332540,,4.834167,,,,9.194106,9.194106,1,12,,,,,,,,,
1780297185.817934,,,NEW_TRACK,181,0,337.835795,5.232917,,,,,,,1.000000,1.000000,1,0,,,,,,,,,
1780297185.817934,,,TargetLost,177,,,,,,,,,,,,,,not_in_valid_tracks,,,,,,,,
1780297186.646704,,no_packet,TRACK_DELETE,181,,,,337.835795,,5.232917,,,,8.947886,8.947886,1,12,,,,,,,,,
1780297187.439228,,,NEW_TRACK,182,0,337.899597,5.324583,,,,,,,1.000000,1.000000,1,0,,,,,,,,,
1780297187.439228,,,TargetLost,177,,,,,,,,,,,,,,not_in_valid_tracks,,,,,,,,
1780297188.283439,,no_packet,TRACK_DELETE,182,,,,337.899597,,5.324583,,,,9.227999,9.227999,1,12,,,,,,,,,
1780297191.752322,,,NEW_TRACK,183,0,337.844909,5.232917,,,,,,,1.000000,1.000000,1,0,,,,,,,,,
1780297191.752322,,,TargetLost,177,,,,,,,,,,,,,,not_in_valid_tracks,,,,,,,,
1780297192.592511,,no_packet,TRACK_DELETE,183,,,,337.844909,,5.232917,,,,9.156261,9.156261,1,12,,,,,,,,,
1780297194.739867,,,NEW_TRACK,184,0,337.835795,5.214583,,,,,,,1.000000,1.000000,1,0,,,,,,,,,
1780297194.739867,,,TargetLost,177,,,,,,,,,,,,,,not_in_valid_tracks,,,,,,,,
1780297195.425138,,,MATCH_ACCEPT,184,0,337.863139,5.200833,337.835795,,5.214583,0.030606,9.390745,3.593830,6.457807,6.457807,1,10,,,,,,,,,
1780297195.425138,,,TargetLost,177,,,,,,,,,,,,,,not_in_valid_tracks,,,,,,,,
1780297195.704618,,,MATCH_ACCEPT,184,0,337.854024,5.324583,337.854175,,5.199939,0.124645,8.428146,2.952097,6.035387,2.679490,2,4,,,,,,,,,
1780297195.704618,,,TargetLost,177,,,,,,,,,,,,,,not_in_valid_tracks,,,,,,,,
1780297195.704618,,,TargetSwitch,184,,,,,,,,,,,,,,master_lost,,,,,,,,
1780297195.704618,,,UI_STATUS_SEND,184,,,,337.854101,157.854101,5.278672,,,,,,3,0,,184,1,-1,26.430000,mono,,,
1780297196.538831,,no_packet,TRACK_DELETE,184,,,,337.867427,,5.340376,,,,13.051470,6.539499,3,12,,,,,,,,,
1780297198.322095,,,NEW_TRACK,185,0,337.872253,5.223750,,,,,,,1.000000,1.000000,1,0,,,,,,,,,
1780297198.322095,,,TargetLost,184,,,,,,,,,,,,,,not_in_valid_tracks,,,,,,,,
1780297199.159969,,no_packet,TRACK_DELETE,185,,,,337.872253,,5.223750,,,,9.117035,9.117035,1,12,,,,,,,,,
1780297202.149096,,,NEW_TRACK,186,0,351.818087,13.077292,,,,,,,1.000000,1.000000,1,0,,,,,,,,,
1780297202.149096,,,TargetLost,184,,,,,,,,,,,,,,not_in_valid_tracks,,,,,,,,
1780297202.711254,,,MATCH_ACCEPT,186,0,351.818087,12.669375,351.818087,,13.077292,0.407917,7.674047,3.082165,4.749869,4.749869,1,9,,,,,,,,,
1780297202.711254,,,TargetLost,184,,,,,,,,,,,,,,not_in_valid_tracks,,,,,,,,
1780297203.056890,,,MATCH_REJECT,186,0,337.863139,5.205417,351.818087,,12.579052,15.783254,7.999332,2.666222,4.852662,2.256076,2,5,,,,,,,,,
1780297203.056890,,,NEW_TRACK,187,0,337.863139,5.205417,,,,,,,1.000000,1.000000,1,0,,,,,,,,,
1780297203.056890,,,TargetLost,184,,,,,,,,,,,,,,not_in_valid_tracks,,,,,,,,
1780297203.117387,,,MATCH_ACCEPT,186,0,351.745171,12.192708,351.818087,,12.552489,0.367095,8.304991,2.869994,5.558854,2.678011,1,6,,,,,,,,,
1780297203.117387,,,TargetLost,184,,,,,,,,,,,,,,not_in_valid_tracks,,,,,,,,
1780297203.880291,,no_packet,TRACK_DELETE,187,,,,337.863139,,5.205417,,,,8.866678,8.866678,0,12,,,,,,,,,
1780297203.950742,,no_packet,TRACK_DELETE,186,,,,351.754558,,11.728497,,,,13.071869,6.863050,2,12,,,,,,,,,
1780297204.824561,,,NEW_TRACK,188,0,349.506677,12.467708,,,,,,,1.000000,1.000000,1,0,,,,,,,,,
1780297204.824561,,,TargetLost,184,,,,,,,,,,,,,,not_in_valid_tracks,,,,,,,,
1780297205.126670,,,MATCH_ACCEPT,188,0,348.964359,12.692292,349.506677,,12.467708,0.586981,5.572972,2.088181,2.180250,2.180250,1,5,,,,,,,,,
1780297205.126670,,,TargetLost,184,,,,,,,,,,,,,,not_in_valid_tracks,,,,,,,,
1780297205.625056,,,MATCH_ACCEPT,188,0,348.262536,12.958125,349.038173,,12.776603,0.796594,6.857681,2.944654,5.291048,3.379940,2,8,,,,,,,,,
1780297205.625056,,,TargetLost,184,,,,,,,,,,,,,,not_in_valid_tracks,,,,,,,,
1780297205.625056,,,TargetSwitch,188,,,,,,,,,,,,,,master_lost,,,,,,,,
1780297205.625056,,,UI_STATUS_SEND,188,,,,348.486241,168.486241,12.933274,,,,,,3,0,,188,1,-1,155.930000,mono,,,
1780297206.405300,,,MATCH_ACCEPT,188,0,346.384932,13.478333,347.674993,,13.301664,1.302102,7.865538,3.616558,8.459131,4.620364,3,12,,,,,,,,,
1780297206.405300,,,UI_STATUS_SEND,188,,,,346.645839,166.645839,13.459965,,,,,,4,0,,188,1,-1,97.460000,mono,,,
1780297207.081932,,,MATCH_ACCEPT,188,0,344.826339,13.826667,345.397805,,13.877209,0.573697,7.507058,2.970838,5.844608,2.981273,4,10,,,,,,,,,
1780297207.081932,,,UI_STATUS_SEND,188,,,,345.035309,165.035309,13.837801,,,,,,5,0,,188,1,-1,25.150000,mono,,,
1780297207.917432,,no_packet,TRACK_DELETE,188,,,,343.273913,,14.322773,,,,8.245410,4.541605,5,12,,,,,,,,,
1780297207.923033,,,NEW_TRACK,189,0,342.497563,13.443958,,,,,,,1.000000,1.000000,1,0,,,,,,,,,
1780297207.923033,,,TargetLost,188,,,,,,,,,,,,,,not_in_valid_tracks,,,,,,,,
1780297208.170360,,,MATCH_ACCEPT,189,0,341.513188,13.166667,342.497563,,13.443958,1.022685,6.862351,1.908234,1.820678,1.820678,1,4,,,,,,,,,
1780297208.170360,,,TargetLost,188,,,,,,,,,,,,,,not_in_valid_tracks,,,,,,,,
1780297208.622984,,,MATCH_ACCEPT,189,0,340.533370,12.946667,342.135371,,13.200570,1.621997,8.695850,3.130567,5.657148,4.143301,2,7,,,,,,,,,
1780297208.622984,,,TargetLost,188,,,,,,,,,,,,,,not_in_valid_tracks,,,,,,,,
1780297208.622984,,,TargetSwitch,189,,,,,,,,,,,,,,master_lost,,,,,,,,
1780297208.622984,,,UI_STATUS_SEND,189,,,,341.374252,161.374252,13.016197,,,,,,3,0,,189,1,-1,25.150000,mono,,,
1780297209.016964,,,MATCH_ACCEPT,189,0,339.713057,12.529583,340.894940,,12.838730,1.221645,8.911791,3.274527,7.278316,3.444214,3,6,,,,,,,,,
1780297209.016964,,,UI_STATUS_SEND,189,,,,340.259080,160.259080,12.626062,,,,,,4,0,,189,1,-1,25.150000,mono,,,
1780297209.561233,,,MATCH_ACCEPT,189,0,339.043135,11.952083,339.277864,,12.257148,0.384918,9.364779,3.576520,8.878362,3.913130,4,8,,,,,,,,,
1780297209.561233,,,UI_STATUS_SEND,189,,,,339.140109,159.140109,12.039135,,,,,,5,0,,189,1,-1,25.150000,mono,,,
1780297209.812035,,,MATCH_ACCEPT,189,0,338.869958,11.810000,338.662904,,11.820652,0.207328,8.106126,2.737418,5.482962,2.010493,5,4,,,,,,,,,
1780297209.812035,,,UI_STATUS_SEND,189,,,,338.759663,158.759663,11.814658,,,,,,6,0,,189,1,-1,97.460000,mono,,,
1780297210.003408,,,MATCH_ACCEPT,189,0,337.124857,7.455833,338.408396,,11.646916,4.383224,6.547074,2.330849,3.992726,1.440132,6,3,,,,,,,,,
1780297210.003408,,,UI_STATUS_SEND,189,,,,337.712279,157.712279,9.002518,,,,,,7,0,,189,1,-1,47.250000,mono,,,
1780297210.696018,,,MATCH_ACCEPT,189,0,337.867696,5.269583,336.102212,,6.647968,2.239838,8.574005,3.049336,6.018171,3.280282,7,10,,,,,,,,,
1780297210.696018,,,UI_STATUS_SEND,189,,,,336.968273,156.968273,5.714312,,,,,,8,0,,189,1,-1,26.430000,mono,,,
1780297210.719102,,,MATCH_ACCEPT,189,0,339.945479,11.942917,336.928807,,5.616343,7.008984,7.136618,2.091079,3.218531,1.154079,8,1,,,,,,,,,
1780297210.719102,,,UI_STATUS_SEND,189,,,,337.954230,157.954230,8.304048,,,,,,9,0,,189,1,-1,97.460000,mono,,,
1780297211.294661,,,MATCH_ACCEPT,189,0,337.858581,5.232917,337.385934,,7.232242,2.054433,7.409813,2.906009,5.630506,2.814380,9,9,,,,,,,,,
1780297211.294661,,,UI_STATUS_SEND,189,,,,337.681635,157.681635,5.693461,,,,,,10,0,,189,1,-1,26.430000,mono,,,
1780297211.397636,,,MATCH_REJECT,189,0,342.032719,11.975000,337.601419,,5.359735,7.962295,6.785885,1.857257,2.552578,0.896825,10,2,,,,,,,,,
1780297211.397636,,,NEW_TRACK,190,0,342.032719,11.975000,,,,,,,1.000000,1.000000,1,0,,,,,,,,,
1780297211.397636,,,TargetLost,189,,,,,,,,,,,,,,not_in_valid_tracks,,,,,,,,
1780297211.649526,,,MATCH_ACCEPT,189,0,337.849467,5.251250,337.405201,,4.543399,0.835718,7.580304,2.386869,3.957648,1.739497,9,6,,,,,,,,,
1780297211.649526,,,UI_STATUS_SEND,189,,,,337.577449,157.577449,4.916296,,,,,,10,0,,189,1,-1,26.430000,mono,,,
1780297211.769298,,,MATCH_ACCEPT,190,0,343.322432,11.830625,342.032719,,11.975000,1.297769,5.938293,2.331729,2.718480,2.718480,0,6,,,,,,,,,
1780297211.769298,,,TargetLost,189,,,,,,,,,,,,,,not_in_valid_tracks,,,,,,,,
1780297212.187002,,,MATCH_ACCEPT,190,0,344.753422,11.906250,343.184470,,11.782353,1.573836,6.984039,2.622160,4.396155,2.479565,1,6,,,,,,,,,
1780297212.187002,,,TargetLost,189,,,,,,,,,,,,,,not_in_valid_tracks,,,,,,,,
1780297212.463444,,no_packet,TRACK_DELETE,189,,,,337.047835,,2.577709,,,,9.077525,5.222018,8,12,,,,,,,,,
1780297212.580230,,,MATCH_ACCEPT,190,0,346.457849,12.034583,344.899527,,11.859603,1.568116,7.082792,2.687995,4.937349,2.287966,2,6,,,,,,,,,
1780297212.580230,,,TargetLost,189,,,,,,,,,,,,,,not_in_valid_tracks,,,,,,,,
1780297212.580230,,,TargetSwitch,190,,,,,,,,,,,,,,master_lost,,,,,,,,
1780297212.580230,,,UI_STATUS_SEND,190,,,,345.825772,165.825772,11.987498,,,,,,3,0,,190,1,-1,25.150000,mono,,,
1780297212.759006,,,MATCH_REJECT,190,0,337.867696,5.232917,346.359834,,12.006766,10.862848,7.032018,2.021345,2.973130,1.112707,3,3,,,,,,,,,
1780297212.759006,,,NEW_TRACK,191,0,337.867696,5.232917,,,,,,,1.000000,1.000000,1,0,,,,,,,,,
1780297212.759006,,,TargetLost,190,,,,,,,,,,,,,,not_in_valid_tracks,,,,,,,,
1780297213.065120,,,MATCH_ACCEPT,190,0,348.690922,12.213333,347.274298,,12.039759,1.427218,8.192664,2.795109,5.338761,2.473874,2,8,,,,,,,,,
1780297213.065120,,,UI_STATUS_SEND,190,,,,347.926915,167.926915,12.146142,,,,,,3,0,,190,1,-1,25.150000,mono,,,
1780297213.552635,,no_packet,TRACK_DELETE,191,,,,337.867696,,5.232917,,,,8.346508,8.346508,0,12,,,,,,,,,
1780297213.755270,,,MATCH_ACCEPT,190,0,352.820692,12.813750,350.348354,,12.292453,2.526698,9.470124,3.646749,8.833735,4.465047,3,10,,,,,,,,,
1780297213.755270,,,UI_STATUS_SEND,190,,,,351.796270,171.796270,12.678616,,,,,,4,0,,190,1,-1,25.150000,mono,,,
1780297213.839998,,,MATCH_ACCEPT,190,0,351.470870,12.428750,352.174507,,12.723292,0.762798,7.561076,2.374051,4.198176,1.437941,4,2,,,,,,,,,
1780297213.839998,,,UI_STATUS_SEND,190,,,,351.891779,171.891779,12.582135,,,,,,5,0,,190,1,-1,97.460000,mono,,,
1780297214.180018,,,MATCH_ACCEPT,190,0,355.208712,12.919167,353.346572,,12.721777,1.872573,6.753881,2.468721,4.329915,1.764666,5,5,,,,,,,,,
1780297214.180018,,,UI_STATUS_SEND,190,,,,354.393813,174.393813,12.855390,,,,,,6,0,,190,1,-1,25.150000,mono,,,
1780297214.478807,,,MATCH_REJECT,190,0,337.863139,5.269583,355.890341,,13.016271,19.621192,7.238501,2.159001,3.260310,1.400974,6,5,,,,,,,,,
1780297214.478807,,,NEW_TRACK,192,0,337.863139,5.269583,,,,,,,1.000000,1.000000,1,0,,,,,,,,,
1780297214.478807,,,TargetLost,190,,,,,,,,,,,,,,not_in_valid_tracks,,,,,,,,
1780297214.828538,,,MATCH_ACCEPT,190,0,358.540093,13.093333,357.642015,,13.204581,0.904942,8.509858,3.006572,5.852577,3.186900,5,11,,,,,,,,,
1780297214.828538,,,UI_STATUS_SEND,190,,,,358.076308,178.076308,13.129933,,,,,,6,0,,190,1,-1,25.150000,mono,,,
1780297214.969950,,,MATCH_ACCEPT,192,0,337.872253,5.260417,337.863139,,5.269583,0.012927,8.220093,2.813395,3.957596,3.957596,0,9,,,,,,,,,
1780297214.969950,,,TargetLost,190,,,,,,,,,,,,,,not_in_valid_tracks,,,,,,,,
1780297215.384686,,,MATCH_ACCEPT,190,0,0.914442,13.240000,1.033433,,13.392057,0.193081,9.003414,3.335610,7.389477,3.736815,5,10,,,,,,,,,
1780297215.384686,,,UI_STATUS_SEND,190,,,,0.968967,180.968967,13.284834,,,,,,6,0,,190,1,-1,25.150000,mono,,,
1780297215.728258,,no_packet,TRACK_DELETE,192,,,,337.870220,,5.256413,,,,13.517491,8.284678,0,12,,,,,,,,,
1780297216.216095,,no_packet,TRACK_DELETE,190,,,,5.353615,,13.601296,,,,11.319678,5.987644,6,12,,,,,,,,,
1780297216.382574,,,NEW_TRACK,193,0,3.776421,13.460000,,,,,,,1.000000,1.000000,1,0,,,,,,,,,
1780297216.382574,,,TargetLost,190,,,,,,,,,,,,,,not_in_valid_tracks,,,,,,,,
1780297216.650280,,,MATCH_REJECT,193,0,337.826680,5.269583,3.776421,,13.460000,27.211614,6.945746,1.963830,1.928315,1.928315,1,4,,,,,,,,,
1780297216.650280,,,NEW_TRACK,194,0,337.826680,5.269583,,,,,,,1.000000,1.000000,1,0,,,,,,,,,
1780297216.650280,,,TargetLost,190,,,,,,,,,,,,,,not_in_valid_tracks,,,,,,,,
1780297216.666007,,,MATCH_ACCEPT,193,0,4.022515,13.240000,3.776421,,13.460000,0.330094,7.050269,2.033512,2.067586,2.067586,0,5,,,,,,,,,
1780297216.666007,,,TargetLost,190,,,,,,,,,,,,,,not_in_valid_tracks,,,,,,,,
1780297216.765798,,,MATCH_ACCEPT,194,0,337.813008,5.246667,337.826680,,5.269583,0.026685,6.405289,1.603526,1.285648,1.285648,0,3,,,,,,,,,
1780297216.765798,,,TargetLost,190,,,,,,,,,,,,,,not_in_valid_tracks,,,,,,,,
1780297217.146380,,,MATCH_ACCEPT,193,0,3.922254,13.093333,3.879141,,13.249595,0.162100,8.989477,3.326318,6.467815,4.596575,0,8,,,,,,,,,
1780297217.146380,,,TargetLost,190,,,,,,,,,,,,,,not_in_valid_tracks,,,,,,,,
1780297217.410259,,,MATCH_ACCEPT,193,0,3.735405,13.038333,3.930436,,13.047776,0.195259,8.318139,2.878760,5.800485,2.486772,1,4,,,,,,,,,
1780297217.410259,,,TargetLost,190,,,,,,,,,,,,,,not_in_valid_tracks,,,,,,,,
1780297217.549273,,no_packet,TRACK_DELETE,194,,,,337.822668,,5.251790,,,,10.017089,8.948978,0,12,,,,,,,,,
1780297217.835504,,,MATCH_ACCEPT,193,0,3.667046,12.965000,3.845249,,12.901878,0.189053,7.760778,3.139985,6.894014,2.965493,2,7,,,,,,,,,
1780297217.835504,,,TargetLost,190,,,,,,,,,,,,,,not_in_valid_tracks,,,,,,,,
1780297217.835504,,,TargetSwitch,193,,,,,,,,,,,,,,master_lost,,,,,,,,
1780297217.835504,,,UI_STATUS_SEND,193,,,,3.725547,183.725547,12.951037,,,,,,3,0,,193,1,-1,97.460000,mono,,,
1780297217.993685,,,MATCH_REJECT,193,0,337.844909,5.324583,3.713710,,12.906500,26.957008,6.113186,2.041591,3.085007,1.083086,3,3,,,,,,,,,
1780297217.993685,,,NEW_TRACK,195,0,337.844909,5.324583,,,,,,,1.000000,1.000000,1,0,,,,,,,,,
1780297217.993685,,,TargetLost,193,,,,,,,,,,,,,,not_in_valid_tracks,,,,,,,,
1780297218.294717,,,MATCH_ACCEPT,193,0,3.639702,12.703750,3.691182,,12.821744,0.128735,7.185522,2.756481,5.250387,2.347802,2,8,,,,,,,,,
1780297218.294717,,,UI_STATUS_SEND,193,,,,3.659825,183.659825,12.734905,,,,,,3,0,,193,1,-1,97.460000,mono,,,
1780297218.494118,,,MATCH_ACCEPT,193,0,3.648817,12.424167,3.640198,,12.661861,0.237850,6.089393,2.025729,2.973460,1.130117,3,3,,,,,,,,,
1780297218.494118,,,UI_STATUS_SEND,193,,,,3.644238,183.644238,12.525673,,,,,,4,0,,193,1,-1,97.460000,mono,,,
1780297218.603667,,,MATCH_REJECT,193,0,13.392308,10.121042,3.633804,,12.469452,10.037103,5.526713,1.650609,1.994742,0.729768,4,2,,,,,,,,,
1780297218.603667,,,NEW_TRACK,196,0,13.392308,10.121042,,,,,,,1.000000,1.000000,1,0,,,,,,,,,
1780297218.603667,,,TargetLost,193,,,,,,,,,,,,,,not_in_valid_tracks,,,,,,,,
1780297218.745187,,no_packet,TRACK_DELETE,195,,,,337.844909,,5.324583,,,,7.637702,7.637702,0,12,,,,,,,,,
1780297218.783689,,,MATCH_ACCEPT,193,0,3.698947,12.167500,3.616657,,12.377063,0.225141,6.105491,2.036460,2.865194,1.281977,3,5,,,,,,,,,
1780297218.783689,,,UI_STATUS_SEND,193,,,,3.654475,183.654475,12.250595,,,,,,4,0,,193,1,-1,97.460000,mono,,,
1780297218.849167,,,MATCH_REJECT,193,0,337.799336,5.223750,3.650293,,12.207813,26.777773,5.387278,1.557652,1.782251,0.644029,4,1,,,,,,,,,
1780297218.849167,,,NEW_TRACK,197,0,337.799336,5.223750,,,,,,,1.000000,1.000000,1,0,,,,,,,,,
1780297218.849167,,,TargetLost,193,,,,,,,,,,,,,,not_in_valid_tracks,,,,,,,,
1780297218.948507,,,MATCH_ACCEPT,196,0,13.050511,10.872708,13.392308,,10.121042,0.825729,5.768164,2.244976,2.519958,2.519958,0,6,,,,,,,,,
1780297218.948507,,,TargetLost,193,,,,,,,,,,,,,,not_in_valid_tracks,,,,,,,,
1780297219.110289,,,MATCH_ACCEPT,193,0,3.749077,11.915417,3.633616,,12.037200,0.167817,6.269139,2.145559,3.102732,1.500693,2,6,,,,,,,,,
1780297219.110289,,,UI_STATUS_SEND,193,,,,3.688969,183.688969,11.959198,,,,,,3,0,,193,1,-1,97.460000,mono,,,
1780297219.416591,,,MATCH_ACCEPT,196,0,12.275771,11.867292,13.079424,,11.161493,1.069583,6.643387,2.828458,4.985962,3.014214,0,8,,,,,,,,,
1780297219.416591,,,TargetLost,193,,,,,,,,,,,,,,not_in_valid_tracks,,,,,,,,
1780297219.486842,,,MATCH_ACCEPT,193,0,3.808322,11.819167,3.682488,,11.681531,0.186487,6.482831,2.288021,3.513701,1.721337,2,6,,,,,,,,,
1780297219.486842,,,UI_STATUS_SEND,193,,,,3.746725,183.746725,11.773945,,,,,,3,0,,193,1,-1,97.460000,mono,,,
1780297219.556600,,no_packet,TRACK_DELETE,197,,,,337.799336,,5.223750,,,,6.968808,6.968808,0,12,,,,,,,,,
1780297219.877923,,,MATCH_ACCEPT,196,0,11.532933,12.884792,12.080726,,12.558981,0.637362,6.302130,2.600953,4.565765,2.199194,0,7,,,,,,,,,
1780297219.877923,,,TargetLost,193,,,,,,,,,,,,,,not_in_valid_tracks,,,,,,,,
1780297220.002419,,,MATCH_ACCEPT,193,0,3.876681,11.777917,3.765725,,11.444543,0.351353,7.056357,2.670372,4.704559,2.426326,2,8,,,,,,,,,
1780297220.002419,,,UI_STATUS_SEND,193,,,,3.830378,183.830378,11.692007,,,,,,3,0,,193,1,-1,97.460000,mono,,,
1780297220.384783,,,MATCH_ACCEPT,193,0,3.935926,11.631250,3.863908,,11.539921,0.116308,6.671786,2.413991,4.010601,1.816751,3,6,,,,,,,,,
1780297220.384783,,,UI_STATUS_SEND,193,,,,3.903046,183.903046,11.602320,,,,,,4,0,,193,1,-1,97.460000,mono,,,
1780297220.665520,,no_packet,TRACK_DELETE,196,,,,10.685819,,14.420027,,,,6.879224,3.854933,0,12,,,,,,,,,
1780297220.744428,,,MATCH_ACCEPT,193,0,4.004285,11.438750,3.945447,,11.481399,0.072670,6.500717,2.299944,3.633356,1.656388,4,6,,,,,,,,,
1780297220.744428,,,UI_STATUS_SEND,193,,,,3.975976,183.975976,11.453127,,,,,,5,0,,193,1,-1,97.460000,mono,,,
1780297221.129909,,,MATCH_ACCEPT,193,0,4.031629,11.223333,4.030571,,11.312570,0.089243,6.537723,2.324616,3.667122,1.736716,5,6,,,,,,,,,
1780297221.129909,,,UI_STATUS_SEND,193,,,,4.031122,184.031122,11.252478,,,,,,6,0,,193,1,-1,97.460000,mono,,,
1780297221.493376,,,MATCH_ACCEPT,193,0,4.008843,11.200417,4.082759,,11.097458,0.126744,6.488777,2.291984,3.573483,1.679709,6,6,,,,,,,,,
1780297221.493376,,,UI_STATUS_SEND,193,,,,4.044714,184.044714,11.166030,,,,,,7,0,,193,1,-1,97.460000,mono,,,
1780297221.906728,,,MATCH_ACCEPT,193,0,4.058973,11.012500,4.090929,,11.018634,0.032539,6.628842,2.385362,3.840350,1.849600,7,6,,,,,,,,,
1780297221.906728,,,UI_STATUS_SEND,193,,,,4.073907,184.073907,11.014419,,,,,,8,0,,193,1,-1,97.460000,mono,,,
1780297222.026154,,,MATCH_REJECT,193,0,337.844909,5.251250,4.085635,,10.971317,26.856933,5.711188,1.773592,2.287638,0.857991,8,2,,,,,,,,,
1780297222.026154,,,NEW_TRACK,198,0,337.844909,5.251250,,,,,,,1.000000,1.000000,1,0,,,,,,,,,
1780297222.026154,,,TargetLost,193,,,,,,,,,,,,,,not_in_valid_tracks,,,,,,,,
1780297222.297779,,,MATCH_ACCEPT,193,0,4.068088,10.581667,4.112296,,10.873331,0.294995,6.595535,2.363157,3.798324,1.786186,7,6,,,,,,,,,
1780297222.297648,,,UI_STATUS_SEND,193,,,,4.088869,184.088869,10.675132,,,,,,8,0,,193,1,-1,97.460000,mono,,,
1780297222.670972,,,MATCH_ACCEPT,193,0,4.063530,10.320417,4.118622,,10.465693,0.155372,6.520235,2.312957,3.654338,1.695431,8,6,,,,,,,,,
1780297222.670972,,,UI_STATUS_SEND,193,,,,4.089958,184.089958,10.368636,,,,,,9,0,,193,1,-1,97.460000,mono,,,
1780297222.813248,,no_packet,TRACK_DELETE,198,,,,337.844909,,5.251250,,,,8.211982,8.211982,0,12,,,,,,,,,
1780297223.170527,,,MATCH_ACCEPT,193,0,3.995171,10.320417,4.118576,,10.039999,0.306370,6.949267,2.598978,4.483803,2.270884,9,8,,,,,,,,,
1780297223.170527,,,UI_STATUS_SEND,193,,,,4.048117,184.048117,10.244546,,,,,,10,0,,193,1,-1,97.460000,mono,,,
1780297223.519452,,,MATCH_ACCEPT,193,0,3.863009,10.320417,4.049401,,10.083307,0.301601,6.502460,2.301107,3.662105,1.632987,10,5,,,,,,,,,
1780297223.519452,,,UI_STATUS_SEND,193,,,,3.952324,183.952324,10.239731,,,,,,11,0,,193,1,-1,97.460000,mono,,,
1780297223.935894,,,MATCH_ACCEPT,193,0,3.598686,10.338750,3.922307,,10.113934,0.394047,6.623631,2.381888,3.844350,1.829038,11,6,,,,,,,,,
1780297223.935894,,,UI_STATUS_SEND,193,,,,3.749840,183.749840,10.267862,,,,,,12,0,,193,1,-1,97.460000,mono,,,
1780297224.296613,,,MATCH_ACCEPT,193,0,3.425509,10.334167,3.675153,,10.215048,0.276607,6.482970,2.288113,3.581279,1.654182,12,6,,,,,,,,,
1780297224.296613,,,UI_STATUS_SEND,193,,,,3.546524,183.546524,10.293976,,,,,,13,0,,193,1,-1,97.460000,mono,,,
1780297224.785106,,,MATCH_ACCEPT,193,0,3.079155,10.325000,3.396707,,10.260511,0.324034,6.869353,2.545702,4.318006,2.162594,13,7,,,,,,,,,
1780297224.785106,,,UI_STATUS_SEND,193,,,,3.218336,183.218336,10.306923,,,,,,14,0,,193,1,-1,97.460000,mono,,,
1780297225.032984,,,MATCH_ACCEPT,193,0,2.933322,10.311250,3.108153,,10.301267,0.175116,6.162231,2.074287,3.036879,1.265788,14,4,,,,,,,,,
1780297225.032984,,,UI_STATUS_SEND,193,,,,3.025273,183.025273,10.307261,,,,,,15,0,,193,1,-1,97.460000,mono,,,
1780297225.519434,,,MATCH_ACCEPT,193,0,2.655327,10.292917,2.777499,,10.299125,0.122329,6.749669,2.465913,4.039876,2.040850,15,7,,,,,,,,,
1780297225.519434,,,UI_STATUS_SEND,193,,,,2.710884,182.710884,10.294730,,,,,,16,0,,193,1,-1,97.460000,mono,,,
1780297225.879519,,,MATCH_ACCEPT,193,0,2.327202,10.265417,2.508697,,10.287131,0.182789,6.512286,2.307657,3.644977,1.680306,16,6,,,,,,,,,
1780297225.879519,,,UI_STATUS_SEND,193,,,,2.414383,182.414383,10.272667,,,,,,17,0,,193,1,-1,97.460000,mono,,,
1780297226.118488,,,MATCH_ACCEPT,193,0,2.049207,10.233333,2.262827,,10.264242,0.215844,6.044766,1.995977,2.802167,1.181758,17,4,,,,,,,,,
1780297226.118488,,,UI_STATUS_SEND,193,,,,2.165832,182.165832,10.246196,,,,,,18,0,,193,1,-1,97.460000,mono,,,
1780297226.494471,,,MATCH_ACCEPT,193,0,1.771213,10.201250,1.898234,,10.225830,0.129378,6.361249,2.206966,3.275726,1.594971,18,6,,,,,,,,,
1780297226.494471,,,UI_STATUS_SEND,193,,,,1.835617,181.835617,10.209745,,,,,,19,0,,193,1,-1,97.460000,mono,,,
1780297226.896009,,,MATCH_ACCEPT,193,0,1.484103,10.169167,1.529186,,10.181160,0.046651,6.562230,2.340953,3.677927,1.802134,19,6,,,,,,,,,
1780297226.896009,,,UI_STATUS_SEND,193,,,,1.505657,181.505657,10.172987,,,,,,20,0,,193,1,-1,97.460000,mono,,,
1780297227.255304,,,MATCH_ACCEPT,193,0,1.005588,10.105000,1.224593,,10.144376,0.222517,6.483342,2.288362,3.569403,1.667196,20,6,,,,,,,,,
1780297227.255304,,,UI_STATUS_SEND,193,,,,1.111932,181.111932,10.118217,,,,,,21,0,,193,1,-1,25.150000,mono,,,
1780297227.356998,,,MATCH_REJECT,193,0,337.863139,5.223750,1.023270,,10.107444,23.669435,6.577291,1.718194,2.150315,0.801875,21,2,,,,,,,,,
1780297227.356998,,,NEW_TRACK,199,0,337.863139,5.223750,,,,,,,1.000000,1.000000,1,0,,,,,,,,,
1780297227.356998,,,TargetLost,193,,,,,,,,,,,,,,not_in_valid_tracks,,,,,,,,
1780297227.705454,,,MATCH_ACCEPT,193,0,0.390353,10.068333,0.719470,,10.070530,0.329124,7.723810,2.482540,4.123088,2.039917,20,7,,,,,,,,,
1780297227.705454,,,UI_STATUS_SEND,193,,,,0.588653,180.588653,10.069286,,,,,,21,0,,193,1,-1,97.460000,mono,,,
1780297227.966211,,,MATCH_ACCEPT,193,0,359.802462,9.999583,0.334380,,10.041337,0.533554,6.644695,2.395930,3.983898,1.756582,21,4,,,,,,,,,
1780297227.966211,,,UI_STATUS_SEND,193,,,,0.046191,180.046191,10.013116,,,,,,22,0,,193,1,-1,25.150000,mono,,,
1780297228.175159,,no_packet,TRACK_DELETE,199,,,,337.863139,,5.223750,,,,8.754339,8.754339,0,12,,,,,,,,,
1780297228.407644,,,MATCH_ACCEPT,193,0,358.973035,9.944583,359.518215,,9.953615,0.545254,7.711278,2.474185,4.146331,1.975263,22,7,,,,,,,,,
1780297228.407644,,,UI_STATUS_SEND,193,,,,359.300783,179.300783,9.948572,,,,,,23,0,,193,1,-1,97.460000,mono,,,
1780297228.766017,,,MATCH_ACCEPT,193,0,357.974989,9.875833,358.812792,,9.898503,0.838110,6.983612,2.621875,4.684799,2.189429,23,6,,,,,,,,,
1780297228.766017,,,UI_STATUS_SEND,193,,,,358.325469,178.325469,9.882132,,,,,,24,0,,193,1,-1,97.460000,mono,,,
1780297229.078013,,,MATCH_ACCEPT,193,0,357.355197,9.802500,357.788946,,9.833767,0.434875,6.398019,2.231479,3.480127,1.499373,24,5,,,,,,,,,
1780297229.078013,,,UI_STATUS_SEND,193,,,,357.568562,177.568562,9.813747,,,,,,25,0,,193,1,-1,25.150000,mono,,,
1780297229.433870,,,MATCH_ACCEPT,193,0,356.954155,9.797917,356.896271,,9.751305,0.074318,7.367842,2.245228,3.432406,1.608644,25,6,,,,,,,,,
1780297229.433870,,,UI_STATUS_SEND,193,,,,356.916791,176.916791,9.774950,,,,,,26,0,,193,1,-1,97.460000,mono,,,
1780297229.887855,,,MATCH_ACCEPT,193,0,356.794650,9.772708,356.066533,,9.706429,0.731127,7.200413,2.766409,5.062761,2.590257,26,7,,,,,,,,,
1780297229.887855,,,UI_STATUS_SEND,193,,,,356.503709,176.503709,9.756444,,,,,,27,0,,193,1,-1,97.460000,mono,,,
1780297230.227137,,,MATCH_ACCEPT,193,0,356.785535,9.761250,355.980603,,9.721378,0.805919,6.533268,2.321646,3.759111,1.630927,27,5,,,,,,,,,
1780297230.227137,,,UI_STATUS_SEND,193,,,,356.405079,176.405079,9.747671,,,,,,28,0,,193,1,-1,97.460000,mono,,,
1780297230.462862,,,MATCH_ACCEPT,193,0,356.812879,9.758958,356.118860,,9.729559,0.694642,6.048926,1.998751,2.823846,1.171159,28,4,,,,,,,,,
1780297230.462862,,,UI_STATUS_SEND,193,,,,356.435308,176.435308,9.746659,,,,,,29,0,,193,1,-1,97.460000,mono,,,
1780297230.827729,,,MATCH_ACCEPT,193,0,356.849337,9.742917,356.084212,,9.725174,0.765331,6.327741,2.184627,3.222476,1.550120,29,6,,,,,,,,,
1780297230.827729,,,UI_STATUS_SEND,193,,,,356.458255,176.458255,9.736670,,,,,,30,0,,193,1,-1,97.460000,mono,,,
1780297231.216110,,,MATCH_REJECT,193,0,337.854024,5.287917,356.203423,,9.718496,18.876718,6.511893,2.307395,3.579132,1.744941,30,6,,,,,,,,,
1780297231.216110,,,NEW_TRACK,200,0,337.854024,5.287917,,,,,,,1.000000,1.000000,1,0,,,,,,,,,
1780297231.216110,,,TargetLost,193,,,,,,,,,,,,,,not_in_valid_tracks,,,,,,,,
1780297231.328427,,,MATCH_ACCEPT,193,0,356.945041,9.642083,356.129728,,9.713241,0.818412,6.933236,2.588291,4.397222,2.302027,29,8,,,,,,,,,
1780297231.328427,,,UI_STATUS_SEND,193,,,,356.591340,176.591340,9.661145,,,,,,30,0,,193,1,-1,25.150000,mono,,,
1780297231.635853,,,MATCH_ACCEPT,193,0,356.876681,9.710833,356.501719,,9.631020,0.383363,7.341225,2.227483,3.447975,1.513706,30,5,,,,,,,,,
1780297231.635853,,,UI_STATUS_SEND,193,,,,356.635031,176.635031,9.670294,,,,,,31,0,,193,1,-1,97.460000,mono,,,
1780297231.981573,,no_packet,TRACK_DELETE,200,,,,337.854024,,5.287917,,,,7.880979,7.880979,0,12,,,,,,,,,
1780297232.098618,,,MATCH_ACCEPT,193,0,356.904025,9.706250,356.549058,,9.643472,0.360476,7.200735,2.766623,5.108374,2.545832,31,7,,,,,,,,,
1780297232.098618,,,UI_STATUS_SEND,193,,,,356.762950,176.762950,9.690643,,,,,,32,0,,193,1,-1,97.460000,mono,,,
1780297232.143685,,,MATCH_REJECT,193,0,337.899597,5.324583,356.761788,,9.690037,19.360770,5.634289,1.722326,2.224323,0.742083,32,1,,,,,,,,,
1780297232.143685,,,NEW_TRACK,201,0,337.899597,5.324583,,,,,,,1.000000,1.000000,1,0,,,,,,,,,
1780297232.143685,,,TargetLost,193,,,,,,,,,,,,,,not_in_valid_tracks,,,,,,,,
1780297232.626133,,,MATCH_ACCEPT,193,0,356.853895,9.697083,356.749343,,9.683552,0.105424,7.208353,2.771702,5.155389,2.526944,31,8,,,,,,,,,
1780297232.626133,,,UI_STATUS_SEND,193,,,,356.812572,176.812572,9.693700,,,,,,32,0,,193,1,-1,97.460000,mono,,,
1780297232.811826,,,MATCH_ACCEPT,201,0,337.826680,5.232917,337.899597,,5.324583,0.117131,9.286160,3.524106,6.209663,6.209663,0,10,,,,,,,,,
1780297232.811826,,,TargetLost,193,,,,,,,,,,,,,,not_in_valid_tracks,,,,,,,,
1780297233.148078,,,MATCH_ACCEPT,193,0,356.826551,9.687917,356.823313,,9.691649,0.004941,7.166357,2.743705,5.063091,2.464823,31,8,,,,,,,,,
1780297233.148078,,,TargetKeep,193,,,,,,,,,,,,,,lock_timer_expired,,,,,,,,
1780297233.148078,,,UI_STATUS_SEND,193,,,,356.825257,176.825257,9.688867,,,,,,32,0,,193,1,-1,97.460000,mono,,,
1780297233.338629,,,MATCH_ACCEPT,201,0,337.881368,5.223750,337.840866,,5.206221,0.044132,9.686272,3.790848,9.622809,4.747722,0,8,,,,,,,,,
1780297233.338629,,,TargetLost,193,,,,,,,,,,,,,,not_in_valid_tracks,,,,,,,,
1780297233.422974,,,MATCH_ACCEPT,193,0,356.803765,9.678750,356.831302,,9.687077,0.028769,6.324645,2.182564,3.356636,1.406948,31,5,,,,,,,,,
1780297233.422974,,,UI_STATUS_SEND,193,,,,356.817559,176.817559,9.681868,,,,,,32,0,,193,1,-1,97.460000,mono,,,
1780297233.823822,,,MATCH_ACCEPT,201,0,337.863139,5.219167,337.854812,,5.183996,0.036143,9.247527,3.498352,8.626645,3.611819,0,8,,,,,,,,,
1780297233.823822,,,TargetLost,193,,,,,,,,,,,,,,not_in_valid_tracks,,,,,,,,
1780297234.022405,,,MATCH_ACCEPT,193,0,356.817436,9.665000,356.824573,,9.674901,0.012204,7.249190,2.798927,5.085290,2.748701,31,9,,,,,,,,,
1780297234.022405,,,UI_STATUS_SEND,193,,,,356.820280,176.820280,9.667322,,,,,,32,0,,193,1,-1,97.460000,mono,,,
1780297234.087488,,,MATCH_ACCEPT,201,0,337.854024,5.260417,337.854773,,5.195015,0.065406,8.112071,2.741381,5.486132,2.029038,0,4,,,,,,,,,
1780297234.087488,,,TargetLost,193,,,,,,,,,,,,,,not_in_valid_tracks,,,,,,,,
1780297234.293414,,,MATCH_ACCEPT,193,0,356.776421,9.669583,356.822571,,9.662217,0.046735,6.308695,2.171930,3.334294,1.382986,31,4,,,,,,,,,
1780297234.293414,,,UI_STATUS_SEND,193,,,,356.799616,176.799616,9.666795,,,,,,32,0,,193,1,-1,97.460000,mono,,,
1780297234.783360,,,MATCH_ACCEPT,193,0,356.803765,9.655833,356.795029,,9.659845,0.009612,6.815041,2.509494,4.204683,2.092877,32,7,,,,,,,,,
1780297234.783360,,,UI_STATUS_SEND,193,,,,356.799879,176.799879,9.656984,,,,,,33,0,,193,1,-1,97.460000,mono,,,
1780297234.924621,,no_packet,TRACK_DELETE,201,,,,337.838768,,5.217523,,,,10.151087,5.429700,0,12,,,,,,,,,
1780297235.095864,,,MATCH_ACCEPT,193,0,356.794650,9.628333,356.798127,,9.651668,0.023592,6.357785,2.204657,3.377362,1.483149,33,5,,,,,,,,,
1780297235.095864,,,UI_STATUS_SEND,193,,,,356.796387,176.796387,9.636785,,,,,,34,0,,193,1,-1,47.250000,mono,,,
1780297235.646358,,,MATCH_ACCEPT,193,0,356.794650,9.655833,356.792559,,9.619265,0.036628,7.997765,2.665177,4.678550,2.424617,34,8,,,,,,,,,
1780297235.646358,,,UI_STATUS_SEND,193,,,,356.793454,176.793454,9.641503,,,,,,35,0,,193,1,-1,97.460000,mono,,,
1780297236.077360,,,MATCH_ACCEPT,193,0,356.799207,9.651250,356.790749,,9.636921,0.016639,7.346332,2.863688,5.541801,2.658909,35,7,,,,,,,,,
1780297236.077360,,,UI_STATUS_SEND,193,,,,356.796009,176.796009,9.647803,,,,,,36,0,,193,1,-1,97.460000,mono,,,
1780297236.442994,,,MATCH_ACCEPT,193,0,356.799207,9.646667,356.795068,,9.647408,0.004206,6.636722,2.390614,3.977585,1.737453,36,6,,,,,,,,,
1780297236.442994,,,UI_STATUS_SEND,193,,,,356.797309,176.797309,9.646909,,,,,,37,0,,193,1,-1,97.460000,mono,,,
1780297236.879458,,,MATCH_ACCEPT,193,0,356.812879,9.655833,356.796902,,9.646227,0.018643,6.744008,2.462139,4.081263,1.980864,37,7,,,,,,,,,
1780297236.879458,,,UI_STATUS_SEND,193,,,,356.805654,176.805654,9.652967,,,,,,38,0,,193,1,-1,97.460000,mono,,,
1780297237.338303,,,MATCH_ACCEPT,193,0,356.790093,9.642083,356.808298,,9.655337,0.022519,6.866131,2.543554,4.333423,2.136245,38,7,,,,,,,,,
1780297237.338303,,,UI_STATUS_SEND,193,,,,356.798056,176.798056,9.645831,,,,,,39,0,,193,1,-1,97.460000,mono,,,
1780297237.627222,,,MATCH_ACCEPT,193,0,356.785535,9.637500,356.797435,,9.644604,0.013858,6.318246,2.178297,3.307741,1.437239,39,5,,,,,,,,,
1780297237.627222,,,UI_STATUS_SEND,193,,,,356.791540,176.791540,9.640125,,,,,,40,0,,193,1,-1,97.460000,mono,,,
1780297238.042572,,,MATCH_ACCEPT,193,0,356.790093,9.642083,356.788725,,9.636472,0.005776,6.577710,2.351273,3.728301,1.800185,40,6,,,,,,,,,
1780297238.042572,,,UI_STATUS_SEND,193,,,,356.789443,176.789443,9.640295,,,,,,41,0,,193,1,-1,97.460000,mono,,,
1780297238.591043,,,MATCH_ACCEPT,193,0,356.803765,9.632917,356.786043,,9.637654,0.018344,7.147134,2.730889,4.920366,2.537390,41,8,,,,,,,,,
1780297238.591043,,,UI_STATUS_SEND,193,,,,356.796562,176.796562,9.634097,,,,,,42,0,,193,1,-1,97.460000,mono,,,
1780297238.981140,,,MATCH_ACCEPT,193,0,356.767306,9.623750,356.797255,,9.630909,0.030792,6.684769,2.422646,4.048565,1.820649,42,6,,,,,,,,,
1780297238.981140,,,UI_STATUS_SEND,193,,,,356.780909,176.780909,9.626015,,,,,,43,0,,193,1,-1,97.460000,mono,,,
1780297239.159705,,,MATCH_REJECT,193,0,337.844909,5.232917,356.779036,,9.623714,19.436570,5.896944,1.897429,2.592676,1.007562,43,3,,,,,,,,,
1780297239.159705,,,NEW_TRACK,202,0,337.844909,5.232917,,,,,,,1.000000,1.000000,1,0,,,,,,,,,
1780297239.159705,,,TargetLost,193,,,,,,,,,,,,,,not_in_valid_tracks,,,,,,,,
1780297239.434904,,,MATCH_ACCEPT,193,0,356.790093,9.610000,356.776148,,9.620168,0.017259,6.800224,2.499616,4.217853,2.030228,42,7,,,,,,,,,
1780297239.434904,,,UI_STATUS_SEND,193,,,,356.783900,176.783900,9.612982,,,,,,43,0,,193,1,-1,97.460000,mono,,,
1780297239.624088,,,MATCH_ACCEPT,202,0,337.835795,5.260417,337.844909,,5.232917,0.028971,8.015655,2.677103,3.583441,3.583441,0,7,,,,,,,,,
1780297239.624088,,,TargetLost,193,,,,,,,,,,,,,,not_in_valid_tracks,,,,,,,,
1780297239.812369,,,MATCH_ACCEPT,193,0,356.790093,9.591667,356.782158,,9.605465,0.015917,6.574215,2.348943,3.776154,1.741381,42,6,,,,,,,,,
1780297239.812369,,,UI_STATUS_SEND,193,,,,356.786351,176.786351,9.596165,,,,,,43,0,,193,1,-1,97.460000,mono,,,
1780297240.321973,,,MATCH_ACCEPT,193,0,356.776421,9.587083,356.785640,,9.581304,0.010880,6.989618,2.625879,4.574661,2.320577,43,8,,,,,,,,,
1780297240.321973,,,UI_STATUS_SEND,193,,,,356.780331,176.780331,9.585544,,,,,,44,0,,193,1,-1,97.460000,mono,,,
1780297240.391046,,no_packet,TRACK_DELETE,202,,,,337.838096,,5.272198,,,,13.322541,8.317454,0,12,,,,,,,,,
1780297240.755925,,,MATCH_REJECT,193,0,337.817566,5.223750,356.777986,,9.574643,19.453222,6.825601,2.516534,4.292673,2.040270,44,7,,,,,,,,,
1780297240.755925,,,NEW_TRACK,203,0,337.817566,5.223750,,,,,,,1.000000,1.000000,1,0,,,,,,,,,
1780297240.755925,,,TargetLost,193,,,,,,,,,,,,,,not_in_valid_tracks,,,,,,,,
1780297240.945844,,,MATCH_ACCEPT,193,0,356.771864,9.573333,356.776960,,9.569873,0.006161,7.536546,2.990498,5.854926,3.088150,43,10,,,,,,,,,
1780297240.945844,,,UI_STATUS_SEND,193,,,,356.773725,176.773725,9.572592,,,,,,44,0,,193,1,-1,97.460000,mono,,,
1780297241.391018,,,MATCH_ACCEPT,193,0,356.780978,9.573333,356.770283,,9.562496,0.015226,6.959108,2.605538,4.646414,2.142416,44,7,,,,,,,,,
1780297241.391018,,,UI_STATUS_SEND,193,,,,356.776483,176.776483,9.570275,,,,,,45,0,,193,1,-1,97.460000,mono,,,
1780297241.531662,,no_packet,TRACK_DELETE,203,,,,337.817566,,5.223750,,,,8.027686,8.027686,0,12,,,,,,,,,
1780297241.853680,,,MATCH_ACCEPT,193,0,356.762749,9.568750,356.775006,,9.563208,0.013451,6.907782,2.571321,4.470368,2.141326,45,7,,,,,,,,,
1780297241.853680,,,UI_STATUS_SEND,193,,,,356.768017,176.768017,9.567186,,,,,,46,0,,193,1,-1,97.460000,mono,,,
1780297242.201530,,,MATCH_ACCEPT,193,0,356.794650,9.555000,356.765081,,9.563223,0.030691,6.487441,2.291094,3.634746,1.614366,46,5,,,,,,,,,
1780297242.201530,,,UI_STATUS_SEND,193,,,,356.780426,176.780426,9.557820,,,,,,47,0,,193,1,-1,97.460000,mono,,,
1780297242.751817,,,MATCH_REJECT,193,0,337.872253,5.315417,356.782334,,9.548513,19.378088,7.100610,2.699873,4.812060,2.477257,47,8,,,,,,,,,
1780297242.751817,,,NEW_TRACK,204,0,337.872253,5.315417,,,,,,,1.000000,1.000000,1,0,,,,,,,,,
1780297242.751817,,,TargetLost,193,,,,,,,,,,,,,,not_in_valid_tracks,,,,,,,,
1780297242.849039,,,MATCH_ACCEPT,193,0,356.799207,9.550417,356.782670,,9.546877,0.016912,7.483184,2.954923,5.661161,3.070407,46,10,,,,,,,,,
1780297242.848542,,,UI_STATUS_SEND,193,,,,356.793037,176.793037,9.549655,,,,,,47,0,,193,1,-1,97.460000,mono,,,
1780297243.281638,,,MATCH_ACCEPT,193,0,356.799207,9.541250,356.797807,,9.543409,0.002573,6.901573,2.567182,4.518622,2.071801,47,7,,,,,,,,,
1780297243.281638,,,UI_STATUS_SEND,193,,,,356.798609,176.798609,9.541874,,,,,,48,0,,193,1,-1,97.460000,mono,,,
1780297243.493194,,no_packet,TRACK_DELETE,204,,,,337.872253,,5.315417,,,,7.492235,7.492235,0,12,,,,,,,,,
1780297243.896900,,,MATCH_ACCEPT,193,0,356.776421,9.527500,356.805746,,9.532115,0.029686,7.448514,2.931809,5.648199,2.947305,48,9,,,,,,,,,
1780297243.896900,,,UI_STATUS_SEND,193,,,,356.787378,176.787378,9.528526,,,,,,49,0,,193,1,-1,97.460000,mono,,,
1780297244.206308,,,MATCH_REJECT,193,0,337.835795,5.242083,356.786860,,9.522600,19.428476,6.472170,2.280914,3.660133,1.542434,49,5,,,,,,,,,
1780297244.206308,,,NEW_TRACK,205,0,337.835795,5.242083,,,,,,,1.000000,1.000000,1,0,,,,,,,,,
1780297244.206308,,,TargetLost,193,,,,,,,,,,,,,,not_in_valid_tracks,,,,,,,,
1780297244.223327,,,MATCH_ACCEPT,193,0,356.803765,9.518333,356.786831,,9.522274,0.017386,6.552170,2.334247,3.804045,1.644662,48,6,,,,,,,,,
1780297244.223327,,,UI_STATUS_SEND,193,,,,356.795811,176.795811,9.519668,,,,,,49,0,,193,1,-1,97.460000,mono,,,
1780297244.551828,,,MATCH_ACCEPT,205,0,337.854024,5.269583,337.835795,,5.242083,0.032993,7.379070,2.252713,2.537359,2.537359,0,6,,,,,,,,,
1780297244.551594,,,TargetLost,193,,,,,,,,,,,,,,not_in_valid_tracks,,,,,,,,
1780297244.707730,,,MATCH_ACCEPT,193,0,356.803765,9.504583,356.798199,,9.509189,0.007224,6.907873,2.571382,4.398934,2.213070,48,8,,,,,,,,,
1780297244.707730,,,UI_STATUS_SEND,193,,,,356.801351,176.801351,9.505853,,,,,,49,0,,193,1,-1,97.460000,mono,,,
1780297245.270683,,,MATCH_ACCEPT,193,0,356.803765,9.500000,356.805485,,9.491824,0.008355,7.295395,2.829730,5.284907,2.722465,49,8,,,,,,,,,
1780297245.270683,,,UI_STATUS_SEND,193,,,,356.804435,176.804435,9.498068,,,,,,50,0,,193,1,-1,97.460000,mono,,,
1780297245.340944,,no_packet,TRACK_DELETE,205,,,,337.847021,,5.278381,,,,13.000019,9.189841,0,12,,,,,,,,,
1780297245.618293,,,MATCH_REJECT,193,0,337.872253,5.255833,356.806713,,9.491470,19.402432,6.567207,2.344271,3.839782,1.655826,50,5,,,,,,,,,
1780297245.618293,,,NEW_TRACK,206,0,337.872253,5.255833,,,,,,,1.000000,1.000000,1,0,,,,,,,,,
1780297245.618293,,,TargetLost,193,,,,,,,,,,,,,,not_in_valid_tracks,,,,,,,,
1780297245.629121,,,MATCH_ACCEPT,193,0,356.803765,9.486250,356.806784,,9.491264,0.005853,6.630482,2.386455,3.953464,1.741701,49,6,,,,,,,,,
1780297245.629121,,,UI_STATUS_SEND,193,,,,356.805154,176.805154,9.487884,,,,,,50,0,,193,1,-1,97.460000,mono,,,
1780297246.034576,,,MATCH_ACCEPT,193,0,356.780978,9.477083,356.807316,,9.478869,0.026398,6.616923,2.377415,3.855142,1.796960,50,6,,,,,,,,,
1780297246.034576,,,UI_STATUS_SEND,193,,,,356.793261,176.793261,9.477653,,,,,,51,0,,193,1,-1,97.460000,mono,,,
1780297246.383904,,no_packet,TRACK_DELETE,206,,,,337.872253,,5.255833,,,,7.934989,7.934989,0,12,,,,,,,,,
1780297246.459175,,,MATCH_ACCEPT,193,0,356.780978,9.481667,356.790890,,9.467689,0.017135,6.713951,2.442100,4.020407,1.943447,51,7,,,,,,,,,
1780297246.459175,,,UI_STATUS_SEND,193,,,,356.785497,176.785497,9.477440,,,,,,52,0,,193,1,-1,97.460000,mono,,,
1780297247.029245,,,MATCH_ACCEPT,193,0,356.790093,9.477083,356.779945,,9.469510,0.012662,7.274739,2.815959,5.209645,2.719980,52,9,,,,,,,,,
1780297247.029245,,,UI_STATUS_SEND,193,,,,356.786107,176.786107,9.475293,,,,,,53,0,,193,1,-1,97.460000,mono,,,
1780297247.166604,,,MATCH_REJECT,193,0,337.826680,5.232917,356.785399,,9.474120,19.427322,5.894229,1.895619,2.633896,0.959477,53,2,,,,,,,,,
1780297247.166604,,,NEW_TRACK,207,0,337.826680,5.232917,,,,,,,1.000000,1.000000,1,0,,,,,,,,,
1780297247.166604,,,TargetLost,193,,,,,,,,,,,,,,not_in_valid_tracks,,,,,,,,
1780297247.576452,,,MATCH_ACCEPT,193,0,356.863009,9.445000,356.783286,,9.470623,0.083740,7.285991,2.823461,5.333590,2.638342,52,8,,,,,,,,,
1780297247.576452,,,UI_STATUS_SEND,193,,,,356.832145,176.832145,9.451201,,,,,,53,0,,193,1,-1,25.150000,mono,,,
1780297247.997992,,no_packet,TRACK_DELETE,207,,,,337.826680,,5.232917,,,,8.999126,8.999126,0,12,,,,,,,,,
1780297248.009231,,,MATCH_ACCEPT,193,0,356.995171,9.330417,356.845365,,9.439671,0.185414,7.818866,2.545911,4.436711,2.044952,53,7,,,,,,,,,
1780297248.009231,,,UI_STATUS_SEND,193,,,,356.907559,176.907559,9.377738,,,,,,54,0,,193,1,-1,25.150000,mono,,,
1780297248.352540,,,MATCH_REJECT,193,0,337.835795,5.255833,356.933688,,9.348489,19.531497,7.889604,2.593070,4.639356,2.084654,54,5,,,,,,,,,
1780297248.352540,,,NEW_TRACK,208,0,337.835795,5.255833,,,,,,,1.000000,1.000000,1,0,,,,,,,,,
1780297248.352540,,,TargetLost,193,,,,,,,,,,,,,,not_in_valid_tracks,,,,,,,,
1780297248.427611,,,MATCH_ACCEPT,193,0,357.259494,9.243333,356.939402,,9.342094,0.334981,8.183617,2.789078,5.274672,2.504284,53,7,,,,,,,,,
1780297248.427611,,,UI_STATUS_SEND,193,,,,357.085903,177.085903,9.281278,,,,,,54,0,,193,1,-1,25.150000,mono,,,
1780297248.815715,,,MATCH_ACCEPT,208,0,337.835795,5.214583,337.835795,,5.255833,0.041250,8.051568,2.701045,3.647823,3.647823,0,8,,,,,,,,,
1780297248.815715,,,TargetLost,193,,,,,,,,,,,,,,not_in_valid_tracks,,,,,,,,
1780297248.887019,,,MATCH_ACCEPT,193,0,357.678765,9.023333,357.168734,,9.216725,0.545465,8.462727,2.975151,6.016614,2.834909,53,7,,,,,,,,,
1780297248.887019,,,UI_STATUS_SEND,193,,,,357.418897,177.418897,9.092050,,,,,,54,0,,193,1,-1,25.150000,mono,,,
1780297249.276882,,,MATCH_ACCEPT,193,0,357.984103,8.899583,357.556924,,8.993645,0.437412,8.293848,2.862565,5.686153,2.508128,54,6,,,,,,,,,
1780297249.276882,,,UI_STATUS_SEND,193,,,,357.760424,177.760424,8.935689,,,,,,55,0,,193,1,-1,97.460000,mono,,,
1780297249.436375,,,MATCH_ACCEPT,208,0,337.854024,5.214583,337.835795,,5.202553,0.021841,10.125246,4.083498,10.395846,6.279106,0,10,,,,,,,,,
1780297249.436375,,,TargetLost,193,,,,,,,,,,,,,,not_in_valid_tracks,,,,,,,,
1780297249.657471,,,MATCH_ACCEPT,193,0,358.508192,8.610833,357.948221,,8.819857,0.597711,7.279846,2.819364,5.505845,2.442967,54,7,,,,,,,,,
1780297249.657471,,,UI_STATUS_SEND,193,,,,358.295609,178.295609,8.664425,,,,,,55,0,,193,1,-1,25.150000,mono,,,
1780297250.049403,,,MATCH_ACCEPT,193,0,358.886447,8.377083,358.582104,,8.490597,0.324823,7.671101,2.447400,4.137260,1.852509,55,6,,,,,,,,,
1780297250.049403,,,UI_STATUS_SEND,193,,,,358.703324,178.703324,8.429020,,,,,,56,0,,193,1,-1,97.460000,mono,,,
1780297250.189817,,no_packet,TRACK_DELETE,208,,,,337.854846,,5.189794,,,,13.523761,6.333067,0,12,,,,,,,,,
1780297250.444453,,,MATCH_ACCEPT,193,0,359.419650,8.111250,359.027983,,8.229199,0.409041,7.100819,2.700012,4.943353,2.346714,56,6,,,,,,,,,
1780297250.444453,,,UI_STATUS_SEND,193,,,,359.260900,179.260900,8.142404,,,,,,57,0,,193,1,-1,25.150000,mono,,,
1780297250.820218,,,MATCH_ACCEPT,193,0,359.902723,7.845417,359.634511,,7.921054,0.278673,7.598085,2.398724,3.972982,1.780893,57,6,,,,,,,,,
1780297250.820218,,,TargetKeep,193,,,,,,,,,,,,,,lock_timer_expired,,,,,,,,
1780297250.820218,,,UI_STATUS_SEND,193,,,,359.738747,179.738747,7.880765,,,,,,58,0,,193,1,-1,25.150000,mono,,,
1780297251.212479,,,MATCH_ACCEPT,193,0,0.290093,7.611667,0.159894,,7.634051,0.132109,7.999349,2.666233,4.834058,2.274740,58,6,,,,,,,,,
1780297251.212479,,,UI_STATUS_SEND,193,,,,0.216677,180.216677,7.620781,,,,,,59,0,,193,1,-1,97.460000,mono,,,
1780297251.671323,,,MATCH_ACCEPT,193,0,0.795952,7.336667,0.728659,,7.326405,0.068071,7.455322,2.936348,5.849742,2.772397,59,7,,,,,,,,,
1780297251.671323,,,UI_STATUS_SEND,193,,,,0.771358,180.771358,7.334276,,,,,,60,0,,193,1,-1,25.150000,mono,,,
1780297251.903130,,,MATCH_REJECT,193,1,338.277852,4.343750,1.036985,,7.187190,22.936069,7.180817,2.120545,3.234785,1.261924,60,4,,,,,,,,,
1780297251.903130,,,NEW_TRACK,209,0,338.277852,3.463750,,,,,,,1.000000,1.000000,1,0,,,,,,,,,
1780297251.903130,,,NEW_TRACK,210,1,338.277852,4.343750,,,,,,,1.000000,1.000000,1,0,,,,,,,,,
1780297251.903130,,,NEW_TRACK,211,2,337.129415,7.455833,,,,,,,1.000000,1.000000,1,0,,,,,,,,,
1780297251.903130,,,TargetLost,193,,,,,,,,,,,,,,not_in_valid_tracks,,,,,,,,
1780297252.123200,,,MATCH_ACCEPT,193,0,1.215223,7.068542,1.289162,,7.047552,0.076861,7.935128,2.623419,4.702768,2.179556,59,8,,,,,,,,,
1780297252.123200,,,UI_STATUS_SEND,193,,,,1.257415,181.257415,7.059777,,,,,,60,0,,193,1,-1,155.930000,mono,,,
1780297252.675343,,no_packet,TRACK_DELETE,209,,,,338.277852,,3.463750,,,,7.999233,7.999233,0,12,,,,,,,,,
1780297252.675343,,no_packet,TRACK_DELETE,210,,,,338.277852,,4.343750,,,,7.999233,7.999233,0,12,,,,,,,,,
1780297252.675343,,no_packet,TRACK_DELETE,211,,,,337.129415,,7.455833,,,,7.999233,7.999233,0,12,,,,,,,,,
1780297252.729251,,,MATCH_REJECT,193,0,36.400397,3.429375,1.937992,,6.682169,34.615575,7.390201,3.299667,7.172705,3.715100,60,9,,,,,,,,,
1780297252.729251,,,NEW_TRACK,212,0,36.400397,3.429375,,,,,,,1.000000,1.000000,1,0,,,,,,,,,
1780297252.729251,,,TargetLost,193,,,,,,,,,,,,,,not_in_valid_tracks,,,,,,,,
1780297252.756508,,,MATCH_ACCEPT,193,0,1.771213,6.905833,1.968600,,6.665187,0.311243,7.513716,3.382011,7.494335,3.943663,59,10,,,,,,,,,
1780297252.756508,,,UI_STATUS_SEND,193,,,,1.815129,181.815129,6.877033,,,,,,60,0,,193,1,-1,25.150000,mono,,,
1780297253.068453,,,MATCH_ACCEPT,193,0,2.035535,6.731667,2.133088,,6.738683,0.097804,7.082256,2.054837,2.976290,1.246067,60,5,,,,,,,,,
1780297253.068453,,,UI_STATUS_SEND,193,,,,2.101618,182.101618,6.735570,,,,,,61,0,,193,1,-1,97.460000,mono,,,
1780297253.224411,,,MATCH_REJECT,193,0,337.858581,5.287917,2.256768,,6.665885,24.437069,6.012422,1.974415,2.750771,1.147542,61,3,,,,,,,,,
1780297253.224919,,,NEW_TRACK,213,0,337.858581,5.287917,,,,,,,1.000000,1.000000,1,0,,,,,,,,,
1780297253.224411,,,TargetLost,193,,,,,,,,,,,,,,not_in_valid_tracks,,,,,,,,
1780297253.436697,,no_packet,TRACK_DELETE,212,,,,36.400397,,3.429375,,,,6.976294,6.976294,0,12,,,,,,,,,
1780297253.822012,,,MATCH_ACCEPT,193,0,2.249728,6.562083,2.851271,,6.398865,0.623293,8.267462,3.477775,7.584966,4.509950,60,12,,,,,,,,,
1780297253.822012,,,UI_STATUS_SEND,193,,,,2.434749,182.434749,6.536397,,,,,,61,0,,193,1,-1,25.150000,mono,,,
1780297254.036743,,,MATCH_ACCEPT,213,0,337.854024,5.242083,337.858581,,5.287917,0.046059,10.238029,4.158686,8.647335,8.647335,0,12,,,,,,,,,
1780297254.036743,,,TargetLost,193,,,,,,,,,,,,,,not_in_valid_tracks,,,,,,,,
1780297254.664781,,no_packet,TRACK_DELETE,193,,,,3.027195,,6.257984,,,,8.807495,4.710468,60,12,,,,,,,,,
1780297254.702874,,,MATCH_REJECT,213,0,2.286186,6.617083,337.854101,,5.222176,24.471873,10.428619,4.285746,12.488462,5.879159,1,10,,,,,,,,,
1780297254.702874,,,NEW_TRACK,214,0,2.286186,6.617083,,,,,,,1.000000,1.000000,1,0,,,,,,,,,
1780297254.702874,,,TargetLost,193,,,,,,,,,,,,,,not_in_valid_tracks,,,,,,,,
1780297254.840691,,no_packet,TRACK_DELETE,213,,,,337.853722,,5.216606,,,,15.236275,7.459587,0,12,,,,,,,,,
1780297255.075314,,,MATCH_ACCEPT,214,0,2.254285,6.722500,2.286186,,6.617083,0.110138,7.500882,2.333921,2.723594,2.723594,1,6,,,,,,,,,
1780297255.075314,,,TargetLost,193,,,,,,,,,,,,,,not_in_valid_tracks,,,,,,,,
1780297255.424109,,,MATCH_ACCEPT,214,0,2.190483,6.866875,2.271683,,6.717422,0.170087,8.351802,2.901201,5.222694,3.194275,2,5,,,,,,,,,
1780297255.424109,,,TargetLost,193,,,,,,,,,,,,,,not_in_valid_tracks,,,,,,,,
1780297255.424109,,,TargetSwitch,214,,,,,,,,,,,,,,master_lost,,,,,,,,
1780297255.424109,,,UI_STATUS_SEND,214,,,,2.234719,182.234719,6.817783,,,,,,3,0,,214,1,-1,97.460000,mono,,,
1780297255.754216,,,MATCH_ACCEPT,214,0,2.154025,7.091458,2.215750,,6.893250,0.207597,7.525113,2.982875,6.121636,2.775909,3,5,,,,,,,,,
1780297255.754216,,,UI_STATUS_SEND,214,,,,2.175937,182.175937,7.045316,,,,,,4,0,,214,1,-1,155.930000,mono,,,
1780297256.328650,,,MATCH_ACCEPT,214,0,2.154025,7.471875,2.121037,,7.275249,0.199374,7.138513,3.131875,6.673215,3.135426,4,9,,,,,,,,,
1780297256.328650,,,UI_STATUS_SEND,214,,,,2.146002,182.146002,7.443163,,,,,,5,0,,214,1,-1,155.930000,mono,,,
1780297256.865418,,,MATCH_ACCEPT,214,0,2.158582,7.976042,2.104993,,7.743545,0.238593,6.308859,2.578773,4.462032,2.188036,5,8,,,,,,,,,
1780297256.865418,,,UI_STATUS_SEND,214,,,,2.141187,182.141187,7.930285,,,,,,6,0,,214,1,-1,155.930000,mono,,,
1780297257.201243,,,MATCH_ACCEPT,214,0,2.154025,8.778125,2.124885,,8.180708,0.598127,5.479754,2.026036,2.835723,1.269099,6,5,,,,,,,,,
1780297257.201243,,,UI_STATUS_SEND,214,,,,2.141477,182.141477,8.600699,,,,,,7,0,,214,1,-1,155.930000,mono,,,
1780297257.726680,,,MATCH_ACCEPT,214,0,2.149468,9.401458,2.123116,,9.231670,0.171822,6.000661,2.373308,3.652627,1.979962,7,8,,,,,,,,,
1780297257.726680,,,UI_STATUS_SEND,214,,,,2.139719,182.139719,9.365280,,,,,,8,0,,214,1,-1,155.930000,mono,,,
1780297258.008351,,,MATCH_REJECT,214,0,337.867696,5.210000,2.133715,,9.741802,24.685561,5.250438,1.873159,2.442607,1.066117,8,4,,,,,,,,,
1780297258.008351,,,NEW_TRACK,215,0,337.867696,5.210000,,,,,,,1.000000,1.000000,1,0,,,,,,,,,
1780297258.008351,,,TargetLost,214,,,,,,,,,,,,,,not_in_valid_tracks,,,,,,,,
1780297258.096267,,,MATCH_ACCEPT,214,0,2.176811,9.777292,2.131841,,9.859324,0.093550,5.565572,2.083248,2.941112,1.398809,7,6,,,,,,,,,
1780297258.096267,,,UI_STATUS_SEND,214,,,,2.157848,182.157848,9.800021,,,,,,8,0,,214,1,-1,155.930000,mono,,,
1780297258.336835,,,MATCH_ACCEPT,214,0,2.131239,10.139375,2.157920,,10.106647,0.042226,5.066048,1.750232,2.129741,0.933572,8,4,,,,,,,,,
1780297258.336835,,,UI_STATUS_SEND,214,,,,2.144626,182.144626,10.127436,,,,,,9,0,,214,1,-1,155.930000,mono,,,
1780297258.734788,,,MATCH_ACCEPT,214,0,2.149468,10.492292,2.140120,,10.644045,0.152041,5.460734,2.013356,2.663885,1.389717,9,6,,,,,,,,,
1780297258.734788,,,TRACK_DELETE,215,,,,337.867696,,5.210000,,,,7.271056,7.271056,0,12,,,,,,,,,
1780297258.734788,,,UI_STATUS_SEND,214,,,,2.145299,182.145299,10.534538,,,,,,10,0,,214,1,-1,155.930000,mono,,,
1780297259.079634,,,MATCH_ACCEPT,214,0,2.108452,10.680208,2.143000,,10.939518,0.261601,5.379375,1.959117,2.583796,1.254342,10,5,,,,,,,,,
1780297259.079634,,,UI_STATUS_SEND,214,,,,2.124121,182.124121,10.757855,,,,,,11,0,,214,1,-1,155.930000,mono,,,
1780297259.580842,,,MATCH_ACCEPT,214,0,2.140353,10.698542,2.112325,,11.244261,0.546439,5.915149,2.316299,3.490071,1.875170,11,8,,,,,,,,,
1780297259.580842,,,UI_STATUS_SEND,214,,,,2.129686,182.129686,10.819878,,,,,,12,0,,214,1,-1,47.250000,mono,,,
1780297260.252777,,,MATCH_ACCEPT,214,0,2.099337,10.703125,2.123559,,11.184453,0.481937,8.194771,2.796514,4.994911,2.825579,12,10,,,,,,,,,
1780297260.252777,,,UI_STATUS_SEND,214,,,,2.112800,182.112800,10.874515,,,,,,13,0,,214,1,-1,47.250000,mono,,,
1780297260.707750,,,MATCH_ACCEPT,214,0,2.131239,10.687083,2.104903,,10.989863,0.303923,8.451277,2.967518,5.935537,2.870625,13,7,,,,,,,,,
1780297260.707750,,,UI_STATUS_SEND,214,,,,2.117731,182.117731,10.793801,,,,,,14,0,,214,1,-1,97.460000,mono,,,
1780297261.149258,,,MATCH_ACCEPT,214,0,2.122124,10.712292,2.114026,,10.830672,0.118657,7.512439,2.974426,6.091377,2.755834,14,7,,,,,,,,,
1780297261.149258,,,UI_STATUS_SEND,214,,,,2.119240,182.119240,10.740004,,,,,,15,0,,214,1,-1,97.460000,mono,,,
1780297261.386832,,,MATCH_ACCEPT,214,0,2.277072,10.735208,2.118075,,10.741303,0.159114,6.244492,2.129128,3.264882,1.268304,15,4,,,,,,,,,
1780297261.386832,,,UI_STATUS_SEND,214,,,,2.196322,182.196322,10.737640,,,,,,16,0,,214,1,-1,47.250000,mono,,,
1780297261.731284,,,MATCH_ACCEPT,214,0,2.504936,10.776458,2.213991,,10.738278,0.293440,7.225798,2.150532,3.170713,1.454074,16,5,,,,,,,,,
1780297261.731284,,,UI_STATUS_SEND,214,,,,2.311914,182.311914,10.756682,,,,,,17,0,,214,1,-1,155.930000,mono,,,
1780297262.188622,,,MATCH_ACCEPT,214,0,2.833061,10.813125,2.371097,,10.766681,0.464293,6.517879,2.718119,4.855761,2.532411,17,7,,,,,,,,,
1780297262.188622,,,UI_STATUS_SEND,214,,,,2.691540,182.691540,10.805010,,,,,,18,0,,214,1,-1,47.250000,mono,,,
1780297262.450247,,,MATCH_ACCEPT,214,0,3.138400,10.836042,2.788807,,10.820251,0.349949,6.826700,1.884466,2.511785,1.039428,18,4,,,,,,,,,
1780297262.450247,,,UI_STATUS_SEND,214,,,,2.889027,182.889027,10.826559,,,,,,19,0,,214,1,-1,155.930000,mono,,,
1780297262.764727,,,MATCH_REJECT,214,0,337.844909,5.223750,3.031755,,10.847033,25.806947,5.772431,2.221154,3.341242,1.592282,19,5,,,,,,,,,
1780297262.764727,,,NEW_TRACK,216,0,337.844909,5.223750,,,,,,,1.000000,1.000000,1,0,,,,,,,,,
1780297262.764727,,,TargetLost,214,,,,,,,,,,,,,,not_in_valid_tracks,,,,,,,,
1780297262.926225,,,MATCH_ACCEPT,214,0,3.580457,10.854375,3.105052,,10.857548,0.475416,6.370698,2.619999,4.488993,2.375399,18,8,,,,,,,,,
1780297262.926225,,,UI_STATUS_SEND,214,,,,3.426765,183.426765,10.854959,,,,,,19,0,,214,1,-1,155.930000,mono,,,
1780297262.996382,,,MATCH_ACCEPT,216,0,337.858581,5.237500,337.844909,,5.223750,0.019390,6.801854,1.867903,1.744530,1.744530,0,4,,,,,,,,,
1780297262.996382,,,TargetLost,214,,,,,,,,,,,,,,not_in_valid_tracks,,,,,,,,
1780297263.193457,,,MATCH_ACCEPT,214,0,3.990614,10.891042,3.614657,,10.871694,0.376454,5.271455,1.887170,2.505204,1.056208,18,4,,,,,,,,,
1780297263.193457,,,UI_STATUS_SEND,214,,,,3.817217,183.817217,10.884527,,,,,,19,0,,214,1,-1,155.930000,mono,,,
1780297263.658456,,,MATCH_ACCEPT,214,0,4.428114,10.888750,4.223272,,10.920315,0.207259,5.750763,2.206709,3.181525,1.688038,19,7,,,,,,,,,
1780297263.658456,,,UI_STATUS_SEND,214,,,,4.345635,184.345635,10.896359,,,,,,20,0,,214,1,-1,25.150000,mono,,,
1780297263.798717,,no_packet,TRACK_DELETE,216,,,,337.851160,,5.238947,,,,11.894727,9.526041,0,12,,,,,,,,,
1780297263.981886,,,MATCH_ACCEPT,214,0,4.619520,10.918542,4.662111,,10.912905,0.042963,6.930555,1.953703,2.603278,1.213679,20,5,,,,,,,,,
1780297263.981886,,,UI_STATUS_SEND,214,,,,4.649587,184.649587,10.915369,,,,,,21,0,,214,1,-1,97.460000,mono,,,
1780297264.417463,,,MATCH_ACCEPT,214,0,4.692436,10.923125,5.071060,,10.938831,0.378949,6.904653,2.569235,4.330792,2.270177,21,7,,,,,,,,,
1780297264.417463,,,UI_STATUS_SEND,214,,,,4.858109,184.858109,10.927375,,,,,,22,0,,214,1,-1,47.250000,mono,,,
1780297265.007624,,,MATCH_ACCEPT,214,0,4.701551,10.923125,5.330139,,10.952673,0.629282,8.332023,2.888015,5.500208,2.840423,22,9,,,,,,,,,
1780297265.007624,,,UI_STATUS_SEND,214,,,,5.035901,185.035901,10.933611,,,,,,23,0,,214,1,-1,47.250000,mono,,,
1780297265.349410,,,MATCH_ACCEPT,214,0,4.551160,10.824583,5.235779,,10.942330,0.694670,8.074747,2.716498,5.126474,2.252889,23,5,,,,,,,,,
1780297265.349410,,,UI_STATUS_SEND,214,,,,4.927276,184.927276,10.872804,,,,,,24,0,,214,1,-1,25.150000,mono,,,
1780297265.766128,,,MATCH_REJECT,214,0,42.766933,6.289375,5.080086,,10.857102,37.962647,8.229936,2.819957,5.488939,2.463220,24,6,,,,,,,,,
1780297265.766128,,,NEW_TRACK,217,0,42.766933,6.289375,,,,,,,1.000000,1.000000,1,0,,,,,,,,,
1780297265.766128,,,TargetLost,214,,,,,,,,,,,,,,not_in_valid_tracks,,,,,,,,
1780297265.884093,,,MATCH_ACCEPT,214,0,4.154676,10.904792,5.123344,,10.852657,0.970070,8.670454,3.113636,6.551564,3.143166,23,8,,,,,,,,,
1780297265.884093,,,UI_STATUS_SEND,214,,,,4.627601,184.627601,10.887481,,,,,,24,0,,214,1,-1,47.250000,mono,,,
1780297266.003883,,,MATCH_REJECT,214,0,337.863139,5.242083,4.631802,,10.886554,27.357291,7.442787,2.295191,3.867694,1.400209,24,2,,,,,,,,,
1780297266.003883,,,NEW_TRACK,218,0,337.863139,5.242083,,,,,,,1.000000,1.000000,1,0,,,,,,,,,
1780297266.003883,,,TargetLost,214,,,,,,,,,,,,,,not_in_valid_tracks,,,,,,,,
1780297266.132356,,,MATCH_ACCEPT,214,0,3.735405,10.886458,4.636308,,10.885559,0.900903,7.849955,2.566637,4.711717,1.875908,23,4,,,,,,,,,
1780297266.132356,,,UI_STATUS_SEND,214,,,,4.249070,184.249070,10.886050,,,,,,24,0,,214,1,-1,47.250000,mono,,,
1780297266.274289,,,MATCH_ACCEPT,217,0,40.941738,6.147292,42.766933,,6.289375,1.830717,6.735572,2.863248,4.099095,4.099095,0,8,,,,,,,,,
1780297266.274289,,,TargetLost,214,,,,,,,,,,,,,,not_in_valid_tracks,,,,,,,,
1780297266.455787,,,MATCH_ACCEPT,214,0,3.316134,10.872708,4.175859,,10.883689,0.859795,7.807344,2.538230,4.526874,1.915735,23,5,,,,,,,,,
1780297266.455787,,,UI_STATUS_SEND,214,,,,3.814728,183.814728,10.877641,,,,,,24,0,,214,1,-1,47.250000,mono,,,
1780297266.548482,,,MATCH_ACCEPT,217,0,39.376308,6.030417,41.131993,,6.117939,1.757865,5.648057,2.164904,3.212592,1.474219,0,5,,,,,,,,,
1780297266.548482,,,TargetLost,214,,,,,,,,,,,,,,not_in_valid_tracks,,,,,,,,
1780297266.757688,,no_packet,TRACK_DELETE,218,,,,337.863139,,5.242083,,,,7.662522,7.662522,0,12,,,,,,,,,
1780297266.880657,,,MATCH_ACCEPT,214,0,2.887749,10.854375,3.611697,,10.872126,0.724165,8.187135,2.791423,5.297101,2.494942,23,7,,,,,,,,,
1780297266.880657,,,UI_STATUS_SEND,214,,,,3.279594,183.279594,10.861211,,,,,,24,0,,214,1,-1,155.930000,mono,,,
1780297267.059010,,,MATCH_ACCEPT,217,0,37.902024,5.931875,38.601375,,5.919827,0.699455,7.045874,2.663383,4.622066,2.471542,0,8,,,,,,,,,
1780297267.059010,,,TargetLost,214,,,,,,,,,,,,,,not_in_valid_tracks,,,,,,,,
1780297267.268439,,,MATCH_ACCEPT,214,0,2.536837,10.831458,3.003593,,10.852260,0.467219,6.639287,2.799058,5.388025,2.446699,23,6,,,,,,,,,
1780297267.268439,,,UI_STATUS_SEND,214,,,,2.669723,182.669723,10.835197,,,,,,24,0,,214,1,-1,47.250000,mono,,,
1780297267.714037,,,MATCH_ACCEPT,214,0,2.122124,10.803958,2.248029,,10.817929,0.126677,7.449702,2.299802,3.575812,1.713275,24,7,,,,,,,,,
1780297267.714037,,,UI_STATUS_SEND,214,,,,2.202209,182.202209,10.810622,,,,,,25,0,,214,1,-1,47.250000,mono,,,
1780297267.831256,,,MATCH_ACCEPT,217,0,34.903327,5.349792,35.683621,,5.735150,0.870264,7.778292,3.585061,8.326318,4.526345,0,12,,,,,,,,,
1780297267.831256,,,TargetLost,214,,,,,,,,,,,,,,not_in_valid_tracks,,,,,,,,
1780297268.243831,,,MATCH_ACCEPT,214,0,1.734754,10.751250,1.681728,,10.786104,0.063456,8.467682,2.978454,5.805604,3.065587,24,8,,,,,,,,,
1780297268.243831,,,UI_STATUS_SEND,214,,,,1.707264,181.707264,10.763017,,,,,,25,0,,214,1,-1,25.150000,mono,,,
1780297268.603100,,,MATCH_ACCEPT,214,0,1.238009,10.744375,1.361037,,10.738856,0.123151,8.206088,2.804059,5.448836,2.413910,25,6,,,,,,,,,
1780297268.603100,,,TRACK_DELETE,217,,,,32.204497,,4.969540,,,,6.401535,3.530353,0,12,,,,,,,,,
1780297268.603100,,,UI_STATUS_SEND,214,,,,1.303736,181.303736,10.742207,,,,,,26,0,,214,1,-1,47.250000,mono,,,
1780297269.159522,,,MATCH_ACCEPT,214,0,0.654676,10.767292,0.745234,,10.706427,0.109111,8.807003,3.204669,6.947090,3.322810,26,8,,,,,,,,,
1780297269.159522,,,UI_STATUS_SEND,214,,,,0.697563,180.697563,10.747825,,,,,,27,0,,214,1,-1,47.250000,mono,,,
1780297269.366666,,,MATCH_ACCEPT,214,0,0.540744,11.005625,0.483040,,10.741883,0.269980,7.748600,2.499067,4.526138,1.719197,27,3,,,,,,,,,
1780297269.366666,,,UI_STATUS_SEND,214,,,,0.507277,180.507277,10.880051,,,,,,28,0,,214,1,-1,155.930000,mono,,,
1780297269.718689,,,MATCH_ACCEPT,214,0,0.527072,11.317292,0.148485,,10.913768,0.553317,6.315052,2.582901,4.663486,2.007892,28,6,,,,,,,,,
1780297269.718689,,,TargetKeep,214,,,,,,,,,,,,,,lock_timer_expired,,,,,,,,
1780297269.718689,,,UI_STATUS_SEND,214,,,,0.407817,180.407817,11.232252,,,,,,29,0,,214,1,-1,155.930000,mono,,,
1780297269.974260,,,MATCH_ACCEPT,214,0,0.572645,11.665625,0.193104,,11.331591,0.505599,5.214216,1.849011,2.417356,1.001484,29,4,,,,,,,,,
1780297269.974260,,,UI_STATUS_SEND,214,,,,0.394224,180.394224,11.549155,,,,,,30,0,,214,1,-1,47.250000,mono,,,
1780297270.355362,,,MATCH_ACCEPT,214,0,0.586317,12.013958,0.135682,,11.790128,0.503161,7.006803,2.004535,2.657179,1.360982,30,6,,,,,,,,,
1780297270.355362,,,UI_STATUS_SEND,214,,,,0.270115,180.270115,11.894329,,,,,,31,0,,214,1,-1,155.930000,mono,,,
1780297270.737040,,,MATCH_REJECT,214,0,337.867696,5.269583,0.056717,,12.180822,23.240437,6.165238,2.483025,4.037005,2.128409,31,6,,,,,,,,,
1780297270.737040,,,NEW_TRACK,219,0,337.867696,5.269583,,,,,,,1.000000,1.000000,1,0,,,,,,,,,
1780297270.737040,,,TargetLost,214,,,,,,,,,,,,,,not_in_valid_tracks,,,,,,,,
1780297270.781320,,,MATCH_ACCEPT,214,0,0.563530,12.394375,0.031960,,12.214060,0.561320,6.342462,2.601175,4.391099,2.375012,30,7,,,,,,,,,
1780297270.781320,,,UI_STATUS_SEND,214,,,,0.389107,180.389107,12.361167,,,,,,31,0,,214,1,-1,155.930000,mono,,,
1780297271.182357,,,MATCH_ACCEPT,214,0,0.558973,12.788542,0.280581,,12.719625,0.286795,5.725839,2.190093,3.265510,1.530996,31,6,,,,,,,,,
1780297271.182357,,,UI_STATUS_SEND,214,,,,0.448619,180.448619,12.770667,,,,,,32,0,,214,1,-1,155.930000,mono,,,
1780297271.536719,,no_packet,TRACK_DELETE,219,,,,337.867696,,5.269583,,,,8.469370,8.469370,0,12,,,,,,,,,
1780297271.618253,,,MATCH_ACCEPT,214,0,0.581759,13.003958,0.391519,,13.183948,0.261892,5.759465,2.212510,3.255753,1.639447,32,7,,,,,,,,,
1780297271.618253,,,UI_STATUS_SEND,214,,,,0.506212,180.506212,13.048314,,,,,,33,0,,214,1,-1,155.930000,mono,,,
1780297272.037388,,,MATCH_ACCEPT,214,0,0.536186,13.077292,0.491311,,13.386300,0.312250,5.682779,2.161386,3.122448,1.549142,33,6,,,,,,,,,
1780297272.037388,,,UI_STATUS_SEND,214,,,,0.517915,180.517915,13.156739,,,,,,34,0,,214,1,-1,155.930000,mono,,,
1780297272.519039,,,MATCH_ACCEPT,214,0,0.504285,13.077292,0.511684,,13.425561,0.348348,5.883189,2.294992,3.474162,1.792829,34,7,,,,,,,,,
1780297272.519039,,,UI_STATUS_SEND,214,,,,0.507109,180.507109,13.157464,,,,,,35,0,,214,1,-1,155.930000,mono,,,
1780297272.823653,,,MATCH_ACCEPT,214,0,0.367567,13.150625,0.502016,,13.243325,0.163309,5.326174,1.923649,2.547747,1.152679,35,5,,,,,,,,,
1780297272.823653,,,UI_STATUS_SEND,214,,,,0.429014,180.429014,13.180054,,,,,,36,0,,214,1,-1,97.460000,mono,,,
1780297273.172530,,,MATCH_ACCEPT,214,0,0.189832,13.260625,0.401821,,13.254888,0.212067,5.979141,1.952227,2.552038,1.259153,36,6,,,,,,,,,
1780297273.172530,,,UI_STATUS_SEND,214,,,,0.310456,180.310456,13.258326,,,,,,37,0,,214,1,-1,47.250000,mono,,,
1780297273.403934,,,MATCH_REJECT,214,0,337.835795,5.242083,0.274209,,13.308826,23.844387,6.819869,1.879913,2.423971,1.110101,37,4,,,,,,,,,
1780297273.403934,,,NEW_TRACK,220,0,337.835795,5.242083,,,,,,,1.000000,1.000000,1,0,,,,,,,,,
1780297273.403934,,,TargetLost,214,,,,,,,,,,,,,,not_in_valid_tracks,,,,,,,,
1780297273.576891,,,MATCH_ACCEPT,214,0,359.934624,13.443958,0.247118,,13.346572,0.327317,7.429014,2.286009,3.433787,1.792051,36,7,,,,,,,,,
1780297273.576891,,,UI_STATUS_SEND,214,,,,0.136310,180.136310,13.398597,,,,,,37,0,,214,1,-1,155.930000,mono,,,
1780297274.119388,,,MATCH_ACCEPT,214,0,359.743218,13.680000,0.000997,,13.546296,0.290391,6.975563,3.023242,5.937144,3.202849,37,8,,,,,,,,,
1780297274.119388,,,UI_STATUS_SEND,214,,,,359.811621,179.811621,13.660828,,,,,,38,0,,214,1,-1,25.150000,mono,,,
1780297274.191017,,no_packet,TRACK_DELETE,220,,,,337.835795,,5.242083,,,,8.242065,8.242065,0,12,,,,,,,,,
1780297274.281814,,,MATCH_REJECT,214,0,337.863139,5.205417,359.748284,,13.721898,23.483825,6.598851,1.732567,2.191857,0.809931,38,3,,,,,,,,,
1780297274.281814,,,NEW_TRACK,221,0,337.863139,5.205417,,,,,,,1.000000,1.000000,1,0,,,,,,,,,
1780297274.281814,,,TargetLost,214,,,,,,,,,,,,,,not_in_valid_tracks,,,,,,,,
1780297274.637437,,,MATCH_ACCEPT,214,0,359.556369,13.826667,359.609611,,13.855609,0.060600,7.776871,2.517914,4.225433,2.114458,37,9,,,,,,,,,
1780297274.637437,,,UI_STATUS_SEND,214,,,,359.588135,179.588135,13.838965,,,,,,38,0,,214,1,-1,25.150000,mono,,,
1780297274.847862,,,MATCH_REJECT,214,0,338.282409,4.343750,359.502636,,13.914682,23.278762,7.427011,2.284674,3.663009,1.556726,38,3,,,,,,,,,
1780297274.847862,,,MATCH_ACCEPT,221,1,337.844909,5.223750,337.863139,,5.205417,0.025854,8.650580,3.100387,4.806199,4.806199,0,9,,,,,,,,,
1780297274.847862,,,NEW_TRACK,222,0,338.282409,4.343750,,,,,,,1.000000,1.000000,1,0,,,,,,,,,
1780297274.847862,,,TargetLost,214,,,,,,,,,,,,,,not_in_valid_tracks,,,,,,,,
1780297275.135840,,,MATCH_ACCEPT,221,0,337.822123,5.260417,337.852316,,5.224312,0.047066,8.365195,2.910130,5.668551,2.800305,1,5,,,,,,,,,
1780297275.135840,,,TargetLost,214,,,,,,,,,,,,,,not_in_valid_tracks,,,,,,,,
1780297275.190624,,,MATCH_ACCEPT,214,0,359.355848,14.046667,359.363368,,14.038016,0.011463,8.707465,3.138310,6.462275,3.386716,36,9,,,,,,,,,
1780297275.190624,,,UI_STATUS_SEND,214,,,,359.359545,179.359545,14.043936,,,,,,37,0,,214,1,-1,25.150000,mono,,,
1780297275.609909,,no_packet,TRACK_DELETE,222,,,,338.282409,,4.343750,,,,7.822288,7.822288,0,12,,,,,,,,,
1780297275.956969,,no_packet,TRACK_DELETE,221,,,,337.817274,,5.284356,,,,13.544670,7.034619,1,12,,,,,,,,,
1780297276.026512,,no_packet,TRACK_DELETE,214,,,,359.017666,,14.349043,,,,10.937489,5.884952,37,12,,,,,,,,,
1780297276.625480,,,NEW_TRACK,223,0,337.854024,5.260417,,,,,,,1.000000,1.000000,1,0,,,,,,,,,
1780297276.625480,,,TargetLost,214,,,,,,,,,,,,,,not_in_valid_tracks,,,,,,,,
1780297276.980402,,,MATCH_ACCEPT,223,0,337.849467,5.232917,337.854024,,5.260417,0.027875,7.414119,2.276079,2.590269,2.590269,1,6,,,,,,,,,
1780297276.980402,,,TargetLost,214,,,,,,,,,,,,,,not_in_valid_tracks,,,,,,,,
1780297277.812493,,no_packet,TRACK_DELETE,223,,,,337.851104,,5.222911,,,,13.945422,9.849568,2,12,,,,,,,,,
1780297280.471284,,,NEW_TRACK,224,0,337.817566,5.278750,,,,,,,1.000000,1.000000,1,0,,,,,,,,,
1780297280.471284,,,TargetLost,214,,,,,,,,,,,,,,not_in_valid_tracks,,,,,,,,
1780297280.720670,,,MATCH_ACCEPT,224,0,337.822123,5.255833,337.817566,,5.278750,0.023365,6.870465,1.913643,1.831015,1.831015,1,4,,,,,,,,,
1780297280.720670,,,TargetLost,214,,,,,,,,,,,,,,not_in_valid_tracks,,,,,,,,
1780297281.549994,,,MATCH_ACCEPT,224,0,337.826680,5.214583,337.819795,,5.252052,0.038096,11.134784,4.756522,12.648059,9.976447,2,12,,,,,,,,,
1780297281.549994,,,TargetLost,214,,,,,,,,,,,,,,not_in_valid_tracks,,,,,,,,
1780297281.549994,,,TargetSwitch,224,,,,,,,,,,,,,,master_lost,,,,,,,,
1780297281.549994,,,UI_STATUS_SEND,224,,,,337.824403,157.824403,5.219657,,,,,,3,0,,224,1,-1,26.430000,mono,,,
1780297282.213113,,,MATCH_ACCEPT,224,0,337.817566,5.269583,337.828059,,5.187871,0.082383,10.311791,4.207861,12.363517,5.342574,3,10,,,,,,,,,
1780297282.213113,,,UI_STATUS_SEND,224,,,,337.821089,157.821089,5.251093,,,,,,4,0,,224,1,-1,26.430000,mono,,,
1780297282.843604,,,MATCH_ACCEPT,224,0,337.826680,5.269583,337.821686,,5.252185,0.018101,9.665588,3.777058,9.970741,4.295429,4,10,,,,,,,,,
1780297282.843090,,,UI_STATUS_SEND,224,,,,337.824756,157.824756,5.264943,,,,,,5,0,,224,1,-1,26.430000,mono,,,
1780297283.677822,,no_packet,TRACK_DELETE,224,,,,337.827066,,5.274683,,,,11.598894,5.875955,5,12,,,,,,,,,
1780297284.121565,,,NEW_TRACK,225,0,337.844909,5.210000,,,,,,,1.000000,1.000000,1,0,,,,,,,,,
1780297284.121565,,,TargetLost,224,,,,,,,,,,,,,,not_in_valid_tracks,,,,,,,,
1780297284.596437,,,MATCH_ACCEPT,225,0,337.858581,5.251250,337.844909,,5.210000,0.043457,8.073371,2.715580,3.687189,3.687189,1,7,,,,,,,,,
1780297284.596437,,,TargetLost,224,,,,,,,,,,,,,,not_in_valid_tracks,,,,,,,,
1780297285.435157,,no_packet,TRACK_DELETE,225,,,,337.855785,,5.272110,,,,14.945754,9.331548,2,12,,,,,,,,,
1780297287.056954,,,NEW_TRACK,226,0,337.844909,5.205417,,,,,,,1.000000,1.000000,1,0,,,,,,,,,
1780297287.056954,,,TargetLost,224,,,,,,,,,,,,,,not_in_valid_tracks,,,,,,,,
1780297287.305551,,,MATCH_ACCEPT,226,0,337.872253,5.260417,337.844909,,5.205417,0.061422,6.867400,1.911600,1.827107,1.827107,1,4,,,,,,,,,
1780297287.305551,,,TargetLost,224,,,,,,,,,,,,,,not_in_valid_tracks,,,,,,,,
1780297288.136423,,no_packet,TRACK_DELETE,226,,,,337.858271,,5.269459,,,,12.677208,10.010120,2,12,,,,,,,,,
1780297290.829812,,,NEW_TRACK,227,0,38.284837,13.517292,,,,,,,1.000000,1.000000,1,0,,,,,,,,,
1780297290.829812,,,TargetLost,224,,,,,,,,,,,,,,not_in_valid_tracks,,,,,,,,
1780297291.174605,,,MATCH_ACCEPT,227,0,32.560879,12.211042,38.284837,,13.517292,5.871115,6.351813,2.221209,2.466884,2.466884,1,5,,,,,,,,,
1780297291.174605,,,TargetLost,224,,,,,,,,,,,,,,not_in_valid_tracks,,,,,,,,
1780297291.561809,,,MATCH_REJECT,227,0,26.558926,10.909375,34.452660,,11.986650,7.966904,6.472467,2.714511,4.652346,2.716226,2,6,,,,,,,,,
1780297291.561809,,,NEW_TRACK,228,0,26.558926,10.909375,,,,,,,1.000000,1.000000,1,0,,,,,,,,,
1780297291.561809,,,TargetLost,224,,,,,,,,,,,,,,not_in_valid_tracks,,,,,,,,
1780297291.820551,,,MATCH_ACCEPT,227,1,28.696295,11.367708,33.530731,,11.618414,4.840932,7.992833,3.728089,8.439194,5.459451,1,10,,,,,,,,,
1780297291.820551,,,MATCH_ACCEPT,228,0,26.761725,11.001042,26.558926,,10.909375,0.222554,5.309201,1.939001,1.879862,1.879862,1,4,,,,,,,,,
1780297291.820551,,,TargetLost,224,,,,,,,,,,,,,,not_in_valid_tracks,,,,,,,,
1780297292.664461,,no_packet,TRACK_DELETE,227,,,,23.433493,,9.974708,,,,8.552631,4.588759,2,12,,,,,,,,,
1780297292.664461,,no_packet,TRACK_DELETE,228,,,,26.770377,,11.066960,,,,10.856776,8.067527,2,12,,,,,,,,,
1780297294.938138,,,NEW_TRACK,229,0,337.835795,5.214583,,,,,,,1.000000,1.000000,1,0,,,,,,,,,
1780297294.938138,,,TargetLost,224,,,,,,,,,,,,,,not_in_valid_tracks,,,,,,,,
1780297295.781783,,no_packet,TRACK_DELETE,229,,,,337.835795,,5.214583,,,,9.212240,9.212240,1,12,,,,,,,,,
1780297297.165183,,,NEW_TRACK,230,0,338.031758,5.022083,,,,,,,1.000000,1.000000,1,0,,,,,,,,,
1780297297.165183,,,TargetLost,224,,,,,,,,,,,,,,not_in_valid_tracks,,,,,,,,
1780297297.988123,,,MATCH_ACCEPT,230,0,337.844909,5.232917,338.031758,,5.022083,0.281715,10.307298,4.204865,8.840446,8.840446,1,12,,,,,,,,,
1780297297.988123,,,TargetLost,224,,,,,,,,,,,,,,not_in_valid_tracks,,,,,,,,
1780297298.778848,,,MATCH_ACCEPT,230,0,337.844909,5.228333,337.832989,,5.347427,0.119689,11.070672,4.713781,14.957315,7.262418,2,12,,,,,,,,,
1780297298.778848,,,TargetLost,224,,,,,,,,,,,,,,not_in_valid_tracks,,,,,,,,
1780297298.778848,,,TargetSwitch,230,,,,,,,,,,,,,,master_lost,,,,,,,,
1780297298.778848,,,UI_STATUS_SEND,230,,,,337.841396,157.841396,5.249420,,,,,,3,0,,230,1,-1,26.430000,mono,,,
1780297299.614090,,no_packet,TRACK_DELETE,230,,,,337.751780,,5.339820,,,,13.603145,6.253167,3,12,,,,,,,,,
1780297299.969787,,,NEW_TRACK,231,0,337.854024,5.232917,,,,,,,1.000000,1.000000,1,0,,,,,,,,,
1780297299.969787,,,TargetLost,230,,,,,,,,,,,,,,not_in_valid_tracks,,,,,,,,
1780297300.804940,,no_packet,TRACK_DELETE,231,,,,337.854024,,5.232917,,,,9.067242,9.067242,1,12,,,,,,,,,
1780297303.426048,,,NEW_TRACK,232,0,337.863139,5.251250,,,,,,,1.000000,1.000000,1,0,,,,,,,,,
1780297303.426048,,,TargetLost,230,,,,,,,,,,,,,,not_in_valid_tracks,,,,,,,,
1780297303.711453,,,MATCH_ACCEPT,232,0,338.291524,4.939583,337.863139,,5.251250,0.529764,7.058766,2.039178,2.079123,2.079123,1,5,,,,,,,,,
1780297303.711453,,,TargetLost,230,,,,,,,,,,,,,,not_in_valid_tracks,,,,,,,,
1780297304.081167,,,MATCH_ACCEPT,232,0,337.826680,5.232917,338.026022,,4.980208,0.321868,8.303117,2.868744,4.889845,3.339850,2,6,,,,,,,,,
1780297304.081167,,,TargetLost,230,,,,,,,,,,,,,,not_in_valid_tracks,,,,,,,,
1780297304.081167,,,TargetSwitch,232,,,,,,,,,,,,,,master_lost,,,,,,,,
1780297304.081167,,,UI_STATUS_SEND,232,,,,337.938521,157.938521,5.152372,,,,,,3,0,,232,1,-1,26.430000,mono,,,
1780297304.917091,,no_packet,TRACK_DELETE,232,,,,337.974503,,5.140575,,,,15.008672,8.441901,3,12,,,,,,,,,
1780297310.282875,,,NEW_TRACK,233,0,337.863139,5.232917,,,,,,,1.000000,1.000000,1,0,,,,,,,,,
1780297310.282875,,,TargetLost,232,,,,,,,,,,,,,,not_in_valid_tracks,,,,,,,,
1780297311.103036,,,MATCH_ACCEPT,233,0,337.844909,5.232917,337.863139,,5.232917,0.018229,10.288461,4.192307,8.787719,8.787719,1,12,,,,,,,,,
1780297311.103036,,,TargetLost,232,,,,,,,,,,,,,,not_in_valid_tracks,,,,,,,,
1780297311.694168,,,MATCH_REJECT,233,0,6.437879,13.661667,337.845976,,5.232917,29.808401,10.047111,4.031407,11.144453,5.107792,2,9,,,,,,,,,
1780297311.694168,,,NEW_TRACK,234,0,6.437879,13.661667,,,,,,,1.000000,1.000000,1,0,,,,,,,,,
1780297311.694168,,,TargetLost,232,,,,,,,,,,,,,,not_in_valid_tracks,,,,,,,,
1780297311.903807,,no_packet,TRACK_DELETE,233,,,,337.843668,,5.232917,,,,15.163648,7.393722,1,12,,,,,,,,,
1780297311.989689,,,MATCH_ACCEPT,234,0,7.064508,13.020000,6.437879,,13.661667,0.896884,6.153829,2.068686,2.139731,2.139731,1,5,,,,,,,,,
1780297311.989689,,,TargetLost,232,,,,,,,,,,,,,,not_in_valid_tracks,,,,,,,,
1780297312.038856,,,MATCH_ACCEPT,234,0,6.524468,12.946667,6.698332,,13.168963,0.282213,6.286147,1.524098,1.564676,0.758198,2,1,,,,,,,,,
1780297312.038856,,,TargetLost,232,,,,,,,,,,,,,,not_in_valid_tracks,,,,,,,,
1780297312.038856,,,TargetSwitch,234,,,,,,,,,,,,,,master_lost,,,,,,,,
1780297312.038856,,,UI_STATUS_SEND,234,,,,6.663520,186.663520,13.096336,,,,,,3,0,,234,1,-1,25.150000,mono,,,
1780297312.368491,,,MATCH_ACCEPT,234,0,6.506239,12.456250,6.760893,,12.840445,0.460928,7.628640,2.419093,3.708703,2.143309,3,5,,,,,,,,,
1780297312.368491,,,UI_STATUS_SEND,234,,,,6.666058,186.666058,12.618240,,,,,,4,0,,234,1,-1,97.460000,mono,,,
1780297312.581815,,,MATCH_REJECT,234,0,337.826680,5.232917,6.702410,,12.377349,29.746440,6.767910,2.478074,4.179286,1.961562,4,4,,,,,,,,,
1780297312.581815,,,NEW_TRACK,235,0,337.826680,5.232917,,,,,,,1.000000,1.000000,1,0,,,,,,,,,
1780297312.581815,,,TargetLost,234,,,,,,,,,,,,,,not_in_valid_tracks,,,,,,,,
1780297312.705165,,,MATCH_ACCEPT,234,0,7.009821,11.741250,6.723430,,12.238059,0.573445,7.388060,2.891507,5.563260,2.797550,3,6,,,,,,,,,
1780297312.705165,,,UI_STATUS_SEND,234,,,,6.901797,186.901797,11.856219,,,,,,4,0,,234,1,-1,47.250000,mono,,,
1780297312.803187,,,MATCH_ACCEPT,234,0,6.519910,12.181250,6.936477,,11.700488,0.636129,6.846740,1.897827,2.669155,0.932591,4,2,,,,,,,,,
1780297312.803187,,,UI_STATUS_SEND,234,,,,6.811815,186.811815,11.880182,,,,,,5,0,,234,1,-1,47.250000,mono,,,
1780297312.989861,,,MATCH_ACCEPT,234,0,7.009821,11.700000,6.854767,,11.623680,0.172819,6.995259,1.996840,2.875822,1.111546,5,3,,,,,,,,,
1780297312.989861,,,UI_STATUS_SEND,234,,,,6.903629,186.903629,11.655405,,,,,,6,0,,234,1,-1,47.250000,mono,,,
1780297313.182743,,,MATCH_ACCEPT,235,0,337.890482,5.205417,337.826680,,5.232917,0.069476,8.891482,3.260988,5.317022,5.317022,0,10,,,,,,,,,
1780297313.182743,,,TargetLost,234,,,,,,,,,,,,,,not_in_valid_tracks,,,,,,,,
1780297313.208957,,,MATCH_ACCEPT,234,0,6.533582,12.245417,6.964250,,11.362735,0.982141,7.202711,2.135141,3.206963,1.351863,5,4,,,,,,,,,
1780297313.208957,,,UI_STATUS_SEND,234,,,,6.818206,186.818206,11.772178,,,,,,6,0,,234,1,-1,97.460000,mono,,,
1780297313.443556,,,MATCH_ACCEPT,234,0,7.137425,11.924583,6.852336,,11.567787,0.456705,6.387650,2.224567,3.455202,1.493495,6,4,,,,,,,,,
1780297313.443556,,,UI_STATUS_SEND,234,,,,6.996675,186.996675,11.795919,,,,,,7,0,,234,1,-1,25.150000,mono,,,
1780297313.565018,,,MATCH_ACCEPT,234,0,6.538140,12.749583,7.029380,,11.720294,1.140506,6.615905,1.743936,2.217542,0.823772,7,2,,,,,,,,,
1780297313.565018,,,UI_STATUS_SEND,234,,,,6.900731,186.900731,12.075618,,,,,,8,0,,234,1,-1,97.460000,mono,,,
1780297313.726118,,,MATCH_ACCEPT,235,0,337.826680,5.214583,337.875646,,5.197431,0.051883,9.817201,3.878134,9.841073,5.198853,0,10,,,,,,,,,
1780297313.726118,,,TargetLost,234,,,,,,,,,,,,,,not_in_valid_tracks,,,,,,,,
1780297314.028215,,,MATCH_ACCEPT,234,0,6.542697,13.331667,6.973520,,11.975783,1.422684,6.865410,2.543074,4.249187,2.218036,7,8,,,,,,,,,
1780297314.028215,,,UI_STATUS_SEND,234,,,,6.733229,186.733229,12.958479,,,,,,8,0,,234,1,-1,97.460000,mono,,,
1780297314.109316,,,MATCH_ACCEPT,235,0,337.844909,5.232917,337.849603,,5.205543,0.027773,8.899824,3.266549,7.599725,3.070620,0,7,,,,,,,,,
1780297314.109316,,,TargetLost,234,,,,,,,,,,,,,,not_in_valid_tracks,,,,,,,,
1780297314.250282,,,MATCH_ACCEPT,235,0,337.854024,5.223750,337.848191,,5.224203,0.005851,7.622389,2.414926,4.352677,1.479191,1,2,,,,,,,,,
1780297314.250282,,,TargetLost,234,,,,,,,,,,,,,,not_in_valid_tracks,,,,,,,,
1780297314.358247,,,MATCH_ACCEPT,234,0,7.210342,13.166667,6.720391,,13.217707,0.492602,6.503442,2.301762,3.636018,1.662088,6,6,,,,,,,,,
1780297314.358247,,,UI_STATUS_SEND,234,,,,6.974694,186.974694,13.183833,,,,,,7,0,,234,1,-1,25.150000,mono,,,
1780297314.502392,,,MATCH_ACCEPT,234,0,6.488009,14.285000,6.998743,,13.292012,1.116635,6.733455,1.822303,2.385287,0.935502,7,3,,,,,,,,,
1780297314.502392,,,UI_STATUS_SEND,234,,,,6.857665,186.857665,13.663886,,,,,,8,0,,234,1,-1,97.460000,mono,,,
1780297314.987890,,no_packet,TRACK_DELETE,235,,,,337.857999,,5.226530,,,,8.711732,4.646813,0,12,,,,,,,,,
1780297315.143101,,,MATCH_REJECT,234,0,337.881368,5.251250,6.889963,,14.400005,30.417073,7.602006,3.034138,5.858455,3.347535,8,10,,,,,,,,,
1780297315.143101,,,NEW_TRACK,236,0,337.881368,5.251250,,,,,,,1.000000,1.000000,1,0,,,,,,,,,
1780297315.143101,,,TargetLost,234,,,,,,,,,,,,,,not_in_valid_tracks,,,,,,,,
1780297315.285364,,no_packet,TRACK_DELETE,234,,,,6.897135,,14.563452,,,,7.341680,4.432409,7,12,,,,,,,,,
1780297315.985998,,no_packet,TRACK_DELETE,236,,,,337.881368,,5.251250,,,,9.201406,9.201406,1,12,,,,,,,,,
1780297317.626434,,,NEW_TRACK,237,0,7.009821,14.248333,,,,,,,1.000000,1.000000,1,0,,,,,,,,,
1780297317.626434,,,TargetLost,234,,,,,,,,,,,,,,not_in_valid_tracks,,,,,,,,
1780297317.893894,,,MATCH_REJECT,237,0,337.867696,5.251250,7.009821,,14.248333,30.499360,6.944911,1.963274,1.927223,1.927223,1,4,,,,,,,,,
1780297317.893894,,,NEW_TRACK,238,0,337.867696,5.251250,,,,,,,1.000000,1.000000,1,0,,,,,,,,,
1780297317.893894,,,TargetLost,234,,,,,,,,,,,,,,not_in_valid_tracks,,,,,,,,
1780297317.989097,,,MATCH_ACCEPT,237,0,7.009821,13.478333,7.009821,,14.248333,0.770000,7.452751,2.301834,2.649220,2.649220,0,6,,,,,,,,,
1780297317.989097,,,TargetLost,234,,,,,,,,,,,,,,not_in_valid_tracks,,,,,,,,
1780297318.247453,,,MATCH_ACCEPT,237,0,6.374077,13.918333,7.009821,,13.585197,0.717739,7.831327,2.554218,4.084717,2.439312,1,4,,,,,,,,,
1780297318.247453,,,TargetLost,234,,,,,,,,,,,,,,not_in_valid_tracks,,,,,,,,
1780297318.356433,,,MATCH_ACCEPT,237,0,7.064508,13.240000,6.723640,,13.744502,0.608863,6.325114,2.182876,3.349210,1.415738,2,2,,,,,,,,,
1780297318.356433,,,TargetLost,234,,,,,,,,,,,,,,not_in_valid_tracks,,,,,,,,
1780297318.356433,,,TargetSwitch,237,,,,,,,,,,,,,,master_lost,,,,,,,,
1780297318.356433,,,UI_STATUS_SEND,237,,,,6.893565,186.893565,13.428194,,,,,,3,0,,237,1,-1,25.150000,mono,,,
1780297318.632527,,no_packet,TRACK_DELETE,238,,,,337.867696,,5.251250,,,,7.460943,7.460943,0,12,,,,,,,,,
1780297318.890568,,,MATCH_ACCEPT,237,0,6.488009,13.680000,6.830973,,12.977877,0.781409,8.508656,3.005771,5.993699,3.040960,3,8,,,,,,,,,
1780297318.890568,,,UI_STATUS_SEND,237,,,,6.663081,186.663081,13.441686,,,,,,4,0,,237,1,-1,25.150000,mono,,,
1780297319.008754,,,MATCH_ACCEPT,237,0,7.082738,13.295000,6.631165,,13.402529,0.464198,7.465179,2.310119,3.887618,1.449032,4,2,,,,,,,,,
1780297319.008754,,,UI_STATUS_SEND,237,,,,6.804336,186.804336,13.350790,,,,,,5,0,,237,1,-1,47.250000,mono,,,
1780297319.085339,,,MATCH_REJECT,237,0,337.844909,5.251250,6.795186,,13.321184,30.053991,6.936736,1.957824,2.840738,0.992337,5,2,,,,,,,,,
1780297319.085339,,,NEW_TRACK,239,0,337.844909,5.251250,,,,,,,1.000000,1.000000,1,0,,,,,,,,,
1780297319.085339,,,TargetLost,237,,,,,,,,,,,,,,not_in_valid_tracks,,,,,,,,
1780297319.238826,,,MATCH_ACCEPT,237,0,6.478895,13.735000,6.776849,,13.261847,0.559151,7.479455,2.319637,3.840273,1.540441,4,5,,,,,,,,,
1780297319.238826,,,UI_STATUS_SEND,237,,,,6.663450,186.663450,13.496742,,,,,,5,0,,237,1,-1,97.460000,mono,,,
1780297319.420636,,,MATCH_ACCEPT,237,0,7.137425,13.240000,6.624891,,13.470000,0.561775,6.302662,2.167908,3.378294,1.321533,5,3,,,,,,,,,
1780297319.420636,,,UI_STATUS_SEND,237,,,,6.881500,186.881500,13.329532,,,,,,6,0,,237,1,-1,25.150000,mono,,,
1780297319.534482,,,MATCH_ACCEPT,237,0,6.551811,13.753333,6.881097,,13.295829,0.563684,6.564995,1.709997,2.147740,0.776349,6,2,,,,,,,,,
1780297319.534482,,,UI_STATUS_SEND,237,,,,6.796882,186.796882,13.447691,,,,,,7,0,,237,1,-1,25.150000,mono,,,
1780297319.816076,,no_packet,TRACK_DELETE,239,,,,337.844909,,5.251250,,,,7.334813,7.334813,0,12,,,,,,,,,
1780297319.879607,,,MATCH_ACCEPT,237,0,7.155654,13.295000,6.771245,,13.405071,0.399858,7.287629,2.191752,3.249078,1.554701,7,5,,,,,,,,,
1780297319.879607,,,UI_STATUS_SEND,237,,,,6.902729,186.902729,13.350173,,,,,,8,0,,237,1,-1,47.250000,mono,,,
1780297320.069574,,,MATCH_ACCEPT,237,0,6.570041,13.753333,6.909912,,13.315024,0.554642,7.181072,2.120714,3.125560,1.371870,8,3,,,,,,,,,
1780297320.069574,,,UI_STATUS_SEND,237,,,,6.796608,186.796608,13.519941,,,,,,9,0,,237,1,-1,25.150000,mono,,,
1780297320.102326,,,MATCH_REJECT,237,0,337.890482,5.315417,6.794755,,13.521084,30.046464,6.635163,1.756775,2.251368,0.834891,9,1,,,,,,,,,
1780297320.102326,,,NEW_TRACK,240,0,337.890482,5.315417,,,,,,,1.000000,1.000000,1,0,,,,,,,,,
1780297320.102326,,,TargetLost,237,,,,,,,,,,,,,,not_in_valid_tracks,,,,,,,,
1780297320.382502,,,MATCH_ACCEPT,237,0,7.155654,13.331667,6.778906,,13.530858,0.426165,7.549619,2.366413,3.822110,1.777799,8,5,,,,,,,,,
1780297320.382502,,,UI_STATUS_SEND,237,,,,6.921872,186.921872,13.424843,,,,,,9,0,,237,1,-1,47.250000,mono,,,
1780297320.489606,,,MATCH_ACCEPT,237,0,6.469780,13.753333,6.928101,,13.417019,0.568476,7.026187,2.017458,2.924150,1.145986,9,2,,,,,,,,,
1780297320.489606,,,UI_STATUS_SEND,237,,,,6.782016,186.782016,13.559317,,,,,,10,0,,237,1,-1,25.150000,mono,,,
1780297320.602730,,,MATCH_REJECT,237,0,20.294326,4.875417,6.775450,,13.567346,16.072014,6.784616,1.856411,2.498141,0.948121,10,2,,,,,,,,,
1780297320.602730,,,NEW_TRACK,241,0,20.294326,4.875417,,,,,,,1.000000,1.000000,1,0,,,,,,,,,
1780297320.602730,,,TargetLost,237,,,,,,,,,,,,,,not_in_valid_tracks,,,,,,,,
1780297320.880571,,,MATCH_ACCEPT,241,0,20.841201,5.182500,20.294326,,4.875417,0.627194,6.989181,1.992787,1.985600,1.985600,1,4,,,,,,,,,
1780297320.880571,,,TRACK_DELETE,240,,,,337.890482,,5.315417,,,,8.067717,8.067717,0,12,,,,,,,,,
1780297320.880571,,,TargetLost,237,,,,,,,,,,,,,,not_in_valid_tracks,,,,,,,,
1780297321.014409,,,MATCH_ACCEPT,237,0,6.205457,13.753333,6.751554,,13.596564,0.568153,8.201567,2.801045,5.196876,2.648976,8,8,,,,,,,,,
1780297321.014409,,,UI_STATUS_SEND,237,,,,6.503626,186.503626,13.695170,,,,,,9,0,,237,1,-1,25.150000,mono,,,
1780297321.375660,,,MATCH_ACCEPT,237,0,5.877332,13.680000,6.415512,,13.754330,0.543289,8.130810,2.753873,5.224032,2.359785,9,6,,,,,,,,,
1780297321.375660,,,UI_STATUS_SEND,237,,,,6.170483,186.170483,13.709610,,,,,,10,0,,237,1,-1,25.150000,mono,,,
1780297321.445075,,,MATCH_ACCEPT,241,0,21.529352,5.443750,20.533458,,5.187094,1.028435,9.465885,3.643923,7.679269,5.598908,0,9,,,,,,,,,
1780297321.445075,,,TargetLost,237,,,,,,,,,,,,,,not_in_valid_tracks,,,,,,,,
1780297321.878025,,,MATCH_ACCEPT,237,0,5.403374,13.680000,5.960547,,13.771723,0.564672,8.599041,3.066027,6.373392,3.027132,9,8,,,,,,,,,
1780297321.878025,,,UI_STATUS_SEND,237,,,,5.679237,185.679237,13.711226,,,,,,10,0,,237,1,-1,25.150000,mono,,,
1780297322.226312,,no_packet,TRACK_DELETE,241,,,,21.684897,,5.762511,,,,14.350812,7.156568,0,12,,,,,,,,,
1780297322.248197,,,MATCH_REJECT,237,0,337.840352,5.232917,5.453869,,13.737504,28.893500,8.264085,2.842724,5.635909,2.445168,10,6,,,,,,,,,
1780297322.248197,,,NEW_TRACK,242,0,337.840352,5.232917,,,,,,,1.000000,1.000000,1,0,,,,,,,,,
1780297322.248197,,,TargetLost,237,,,,,,,,,,,,,,not_in_valid_tracks,,,,,,,,
1780297322.383175,,,MATCH_REJECT,237,0,23.721409,6.060208,5.371692,,13.747085,19.894728,8.760837,3.173891,6.862365,3.211220,9,8,,,,,,,,,
1780297322.383175,,,NEW_TRACK,243,0,23.721409,6.060208,,,,,,,1.000000,1.000000,1,0,,,,,,,,,
1780297322.383175,,,TargetLost,237,,,,,,,,,,,,,,not_in_valid_tracks,,,,,,,,
1780297322.457071,,,MATCH_ACCEPT,237,0,4.783582,13.606667,5.326703,,13.752331,0.562315,9.066565,3.377710,7.664188,3.744739,8,10,,,,,,,,,
1780297322.457071,,,UI_STATUS_SEND,237,,,,5.027542,185.027542,13.649551,,,,,,9,0,,237,1,-1,25.150000,mono,,,
1780297322.568475,,,MATCH_ACCEPT,237,0,4.236707,13.606667,4.938150,,13.647965,0.702658,7.530339,2.353559,4.092860,1.446383,9,2,,,,,,,,,
1780297322.568475,,,UI_STATUS_SEND,237,,,,4.660576,184.660576,13.628112,,,,,,10,0,,237,1,-1,25.150000,mono,,,
1780297322.990072,,no_packet,TRACK_DELETE,242,,,,337.840352,,5.232917,,,,7.515142,7.515142,0,12,,,,,,,,,
1780297323.017277,,,MATCH_ACCEPT,237,0,3.908582,13.533333,4.217764,,13.613833,0.319489,8.121622,2.747748,5.168490,2.381628,10,7,,,,,,,,,
1780297323.017277,,,UI_STATUS_SEND,237,,,,4.077815,184.077815,13.565224,,,,,,11,0,,237,1,-1,25.150000,mono,,,
1780297323.087340,,no_packet,TRACK_DELETE,243,,,,23.721409,,6.060208,,,,6.942964,6.942964,0,12,,,,,,,,,
1780297323.446924,,,MATCH_ACCEPT,237,0,3.585015,13.533333,3.611104,,13.531532,0.026151,8.361463,2.907642,5.745207,2.709175,11,7,,,,,,,,,
1780297323.446924,,,UI_STATUS_SEND,237,,,,3.598608,183.598608,13.532674,,,,,,12,0,,237,1,-1,25.150000,mono,,,
1780297323.990841,,,MATCH_ACCEPT,237,0,3.443739,13.533333,3.002981,,13.490591,0.442825,8.859169,3.239446,7.071129,3.422881,12,8,,,,,,,,,
1780297323.990841,,,UI_STATUS_SEND,237,,,,3.236944,183.236944,13.519937,,,,,,13,0,,237,1,-1,25.150000,mono,,,
1780297324.001874,,,MATCH_REJECT,237,0,26.980475,6.562083,3.226613,,13.519364,24.751762,7.203631,2.135754,3.417759,1.143686,13,1,,,,,,,,,
1780297324.001874,,,NEW_TRACK,244,0,26.980475,6.562083,,,,,,,1.000000,1.000000,1,0,,,,,,,,,
1780297324.001874,,,TargetLost,237,,,,,,,,,,,,,,not_in_valid_tracks,,,,,,,,
1780297324.264880,,,MATCH_ACCEPT,244,0,27.983079,6.740833,26.980475,,6.562083,1.018414,6.926290,1.950860,1.902927,1.902927,1,4,,,,,,,,,
1780297324.264880,,,TargetLost,237,,,,,,,,,,,,,,not_in_valid_tracks,,,,,,,,
1780297324.499038,,,MATCH_ACCEPT,237,0,3.416395,13.460000,2.761041,,13.493559,0.656212,8.892543,3.261696,7.264925,3.373733,11,9,,,,,,,,,
1780297324.499038,,,UI_STATUS_SEND,237,,,,3.113325,183.113325,13.470623,,,,,,12,0,,237,1,-1,25.150000,mono,,,
1780297324.605656,,,MATCH_REJECT,237,0,337.790222,5.287917,3.038103,,13.463029,26.538425,7.476956,2.317971,3.977810,1.395179,12,2,,,,,,,,,
1780297324.605656,,,NEW_TRACK,245,0,337.790222,5.287917,,,,,,,1.000000,1.000000,1,0,,,,,,,,,
1780297324.605656,,,TargetLost,237,,,,,,,,,,,,,,not_in_valid_tracks,,,,,,,,
1780297324.681452,,,MATCH_ACCEPT,244,0,28.962897,6.873750,27.353033,,6.718350,1.617347,8.550496,3.033664,5.362931,3.840187,0,8,,,,,,,,,
1780297324.681452,,,TargetLost,237,,,,,,,,,,,,,,not_in_valid_tracks,,,,,,,,
1780297324.943739,,,MATCH_ACCEPT,244,0,32.232754,11.908542,28.417879,,6.903728,6.292966,8.224711,2.816474,5.461048,2.471477,1,4,,,,,,,,,
1780297324.943739,,,TargetLost,237,,,,,,,,,,,,,,not_in_valid_tracks,,,,,,,,
1780297325.030743,,,MATCH_ACCEPT,237,0,3.507541,13.460000,2.738192,,13.432755,0.769830,9.001693,3.334462,7.559732,3.558906,9,10,,,,,,,,,
1780297325.030743,,,UI_STATUS_SEND,237,,,,3.159350,183.159350,13.451688,,,,,,10,0,,237,1,-1,25.150000,mono,,,
1780297325.313496,,no_packet,TRACK_DELETE,245,,,,337.790222,,5.287917,,,,6.994321,6.994321,0,12,,,,,,,,,
1780297325.335407,,,MATCH_REJECT,237,0,337.133972,7.455833,3.027969,,13.434872,26.575327,8.158894,2.772596,5.464170,2.223120,10,5,,,,,,,,,
1780297325.335407,,,NEW_TRACK,246,0,337.133972,7.455833,,,,,,,1.000000,1.000000,1,0,,,,,,,,,
1780297325.335407,,,TargetLost,237,,,,,,,,,,,,,,not_in_valid_tracks,,,,,,,,
1780297325.491166,,,MATCH_ACCEPT,237,0,3.808322,13.515000,2.960800,,13.426275,0.852153,8.747031,3.164687,6.901210,3.114037,9,8,,,,,,,,,
1780297325.491166,,,UI_STATUS_SEND,237,,,,3.405545,183.405545,13.485356,,,,,,10,0,,237,1,-1,97.460000,mono,,,
1780297325.630068,,no_packet,TRACK_DELETE,244,,,,32.292956,,12.708907,,,,10.800789,5.405787,0,12,,,,,,,,,
1780297325.974095,,,MATCH_REJECT,237,0,31.792975,7.343542,3.339659,,13.483724,29.108299,7.794145,3.162230,6.864443,3.135256,10,7,,,,,,,,,
1780297325.974095,,,NEW_TRACK,247,0,31.792975,7.343542,,,,,,,1.000000,1.000000,1,0,,,,,,,,,
1780297325.974095,,,TargetLost,237,,,,,,,,,,,,,,not_in_valid_tracks,,,,,,,,
1780297326.028695,,,MATCH_ACCEPT,237,0,4.719780,13.533333,3.332210,,13.483539,1.388464,8.013141,3.308227,7.438083,3.506285,9,8,,,,,,,,,
1780297326.028695,,,UI_STATUS_SEND,237,,,,4.287194,184.287194,13.523688,,,,,,10,0,,237,1,-1,25.150000,mono,,,
1780297326.098614,,no_packet,TRACK_DELETE,246,,,,337.133972,,7.455833,,,,7.853079,7.853079,0,12,,,,,,,,,
1780297326.104139,,,MATCH_REJECT,237,0,337.854024,5.242083,4.324908,,13.526085,27.736842,6.829565,1.886377,2.673797,0.884620,10,2,,,,,,,,,
1780297326.104139,,,NEW_TRACK,248,0,337.854024,5.242083,,,,,,,1.000000,1.000000,1,0,,,,,,,,,
1780297326.104139,,,TargetLost,237,,,,,,,,,,,,,,not_in_valid_tracks,,,,,,,,
1780297326.250084,,,MATCH_ACCEPT,248,0,337.826680,5.434583,337.854024,,5.242083,0.194432,6.477628,1.651752,1.364142,1.364142,1,3,,,,,,,,,
1780297326.250084,,,TargetLost,237,,,,,,,,,,,,,,not_in_valid_tracks,,,,,,,,
1780297326.363725,,,MATCH_ACCEPT,247,0,32.809251,7.506250,31.792975,,7.343542,1.029219,6.103302,2.441735,2.981034,2.981034,0,8,,,,,,,,,
1780297326.363725,,,TargetLost,237,,,,,,,,,,,,,,not_in_valid_tracks,,,,,,,,
1780297326.401563,,,MATCH_ACCEPT,237,0,5.417046,13.588333,4.473591,,13.535532,0.944932,7.802152,2.534768,4.460333,1.964716,7,8,,,,,,,,,
1780297326.401563,,,UI_STATUS_SEND,237,,,,4.866494,184.866494,13.564943,,,,,,8,0,,237,1,-1,97.460000,mono,,,
1780297326.759974,,,MATCH_ACCEPT,248,0,337.826680,5.269583,337.846423,,5.381301,0.113449,8.810410,3.206940,5.613410,4.671053,0,9,,,,,,,,,
1780297326.759974,,,TargetLost,237,,,,,,,,,,,,,,not_in_valid_tracks,,,,,,,,
1780297326.985482,,,MATCH_ACCEPT,237,0,6.041395,13.588333,5.324124,,13.599899,0.717364,7.942979,3.261453,6.982370,3.654705,7,10,,,,,,,,,
1780297326.985482,,,UI_STATUS_SEND,237,,,,5.807936,185.807936,13.590500,,,,,,8,0,,237,1,-1,97.460000,mono,,,
1780297327.055648,,no_packet,TRACK_DELETE,247,,,,32.954913,,7.614642,,,,8.518574,5.454609,0,12,,,,,,,,,
1780297327.086761,,,MATCH_REJECT,237,0,34.791673,7.886667,5.922048,,13.595712,29.428701,5.928505,1.918470,2.741118,0.939411,8,2,,,,,,,,,
1780297327.086761,,,NEW_TRACK,249,0,34.791673,7.886667,,,,,,,1.000000,1.000000,1,0,,,,,,,,,
1780297327.086761,,,TargetLost,237,,,,,,,,,,,,,,not_in_valid_tracks,,,,,,,,
1780297327.350924,,,MATCH_ACCEPT,237,0,6.916396,13.240000,6.219682,,13.609306,0.788541,6.789811,2.492674,4.338902,1.874523,7,6,,,,,,,,,
1780297327.350924,,,UI_STATUS_SEND,237,,,,6.611860,186.611860,13.354498,,,,,,8,0,,237,1,-1,25.250000,mono,,,
1780297327.451717,,,MATCH_ACCEPT,237,0,6.410535,13.625000,6.755416,,13.333744,0.451412,6.664436,1.776291,2.326278,0.828930,8,2,,,,,,,,,
1780297327.451717,,,TRACK_DELETE,248,,,,337.825524,,5.287886,,,,12.775740,6.869412,0,12,,,,,,,,,
1780297327.451717,,,UI_STATUS_SEND,237,,,,6.661869,186.661869,13.434701,,,,,,9,0,,237,1,-1,97.460000,mono,,,
1780297327.528322,,,MATCH_REJECT,237,0,337.808451,5.265000,6.765317,,13.427168,30.085230,5.547535,1.664490,2.023186,0.747341,9,2,,,,,,,,,
1780297327.528322,,,NEW_TRACK,250,0,337.808451,5.265000,,,,,,,1.000000,1.000000,1,0,,,,,,,,,
1780297327.528322,,,TargetLost,237,,,,,,,,,,,,,,not_in_valid_tracks,,,,,,,,
1780297327.576498,,,MATCH_ACCEPT,249,0,35.794277,8.033333,34.791673,,7.886667,1.013275,7.263279,2.808319,3.943328,3.943328,0,9,,,,,,,,,
1780297327.576498,,,TargetLost,237,,,,,,,,,,,,,,not_in_valid_tracks,,,,,,,,
1780297327.899059,,,MATCH_ACCEPT,237,0,7.647842,13.166667,7.265962,,13.390712,0.442751,6.820906,2.513404,4.170023,2.147177,7,8,,,,,,,,,
1780297327.899059,,,UI_STATUS_SEND,237,,,,7.477181,187.477181,13.229794,,,,,,8,0,,237,1,-1,25.150000,mono,,,
1780297328.077185,,,MATCH_ACCEPT,237,0,6.911837,13.606667,7.748493,,13.182526,0.938024,6.907554,1.938369,2.684331,1.072944,8,3,,,,,,,,,
1780297328.077185,,,UI_STATUS_SEND,237,,,,7.497119,187.497119,13.355202,,,,,,9,0,,237,1,-1,25.150000,mono,,,
1780297328.175498,,,MATCH_ACCEPT,237,0,8.085342,13.166667,7.626094,,13.347650,0.493622,6.695106,1.796738,2.326737,0.901529,9,2,,,,,,,,,
1780297328.175498,,,UI_STATUS_SEND,237,,,,7.750681,187.750681,13.281432,,,,,,10,0,,237,1,-1,25.150000,mono,,,
1780297328.208909,,,MATCH_ACCEPT,250,0,337.840352,5.242083,337.808451,,5.265000,0.039279,9.418775,3.612517,6.525139,6.525139,0,12,,,,,,,,,
1780297328.208909,,,TargetLost,237,,,,,,,,,,,,,,not_in_valid_tracks,,,,,,,,
1780297328.242391,,,MATCH_ACCEPT,249,0,37.671881,8.257917,35.809769,,8.114240,1.867647,9.794679,3.863119,9.452604,5.471088,0,12,,,,,,,,,
1780297328.242391,,,TargetLost,237,,,,,,,,,,,,,,not_in_valid_tracks,,,,,,,,
1780297328.428453,,,MATCH_ACCEPT,237,0,7.381239,13.606667,8.109272,,13.243573,0.813554,7.108153,2.072102,2.944161,1.349447,8,5,,,,,,,,,
1780297328.428453,,,UI_STATUS_SEND,237,,,,7.876141,187.876141,13.411837,,,,,,9,0,,237,1,-1,25.150000,mono,,,
1780297328.534341,,,MATCH_ACCEPT,237,0,8.176488,13.185000,8.004911,,13.415706,0.287513,6.824332,1.882888,2.515294,1.029974,9,2,,,,,,,,,
1780297328.534341,,,UI_STATUS_SEND,237,,,,8.054147,188.054147,13.324048,,,,,,10,0,,237,1,-1,97.460000,mono,,,
1780297328.634093,,,MATCH_ACCEPT,237,0,7.745822,13.606667,8.179719,,13.317503,0.521423,5.706563,1.770509,2.244916,0.889786,10,2,,,,,,,,,
1780297328.634093,,,UI_STATUS_SEND,237,,,,8.006219,188.006219,13.466047,,,,,,11,0,,237,1,-1,25.150000,mono,,,
1780297328.870523,,,MATCH_ACCEPT,249,0,38.715501,8.450417,38.007179,,8.398540,0.710220,10.046642,4.031095,11.100136,5.149590,0,11,,,,,,,,,
1780297328.870523,,,TRACK_DELETE,250,,,,337.837115,,5.232474,,,,12.458274,6.480365,0,12,,,,,,,,,
1780297328.870523,,,TargetLost,237,,,,,,,,,,,,,,not_in_valid_tracks,,,,,,,,
1780297328.923616,,,MATCH_ACCEPT,237,0,8.249404,13.185000,8.326606,,13.495718,0.320165,6.940082,1.960055,2.615326,1.226489,10,5,,,,,,,,,
1780297328.923616,,,UI_STATUS_SEND,237,,,,8.303831,188.303831,13.359076,,,,,,11,0,,237,1,-1,97.460000,mono,,,
1780297329.084584,,,MATCH_ACCEPT,237,0,7.777723,13.625000,8.478460,,13.349861,0.752818,5.983111,1.954874,2.642258,1.179274,11,3,,,,,,,,,
1780297329.084435,,,UI_STATUS_SEND,237,,,,8.170465,188.170465,13.510360,,,,,,12,0,,237,1,-1,97.460000,mono,,,
1780297329.237420,,,MATCH_ACCEPT,249,0,39.718105,8.615417,39.204306,,8.551523,0.517756,8.709719,3.139812,7.064684,2.793738,0,7,,,,,,,,,
1780297329.237420,,,TargetLost,237,,,,,,,,,,,,,,not_in_valid_tracks,,,,,,,,
1780297329.421026,,,MATCH_ACCEPT,237,0,8.304092,13.093333,8.443127,,13.552254,0.479520,6.289418,2.159079,3.136946,1.524674,11,6,,,,,,,,,
1780297329.421026,,,UI_STATUS_SEND,237,,,,8.376092,188.376092,13.256645,,,,,,12,0,,237,1,-1,25.150000,mono,,,
1780297329.654079,,,MATCH_ACCEPT,237,0,8.440810,13.148333,8.551090,,13.209336,0.126028,6.960176,1.973451,2.708159,1.186349,12,4,,,,,,,,,
1780297329.654079,,,UI_STATUS_SEND,237,,,,8.517751,188.517751,13.183009,,,,,,13,0,,237,1,-1,97.460000,mono,,,
1780297329.654079,,,MATCH_ACCEPT,249,0,40.670579,8.720833,40.618450,,8.770462,0.071975,7.945419,3.263079,7.314255,3.333431,0,8,,,,,,,,,
1780297329.654079,,,TargetLost,237,,,,,,,,,,,,,,not_in_valid_tracks,,,,,,,,
1780297329.769814,,,MATCH_ACCEPT,237,0,7.996473,13.606667,8.673417,,13.132858,0.826286,6.139762,2.059308,2.945955,1.294794,12,3,,,,,,,,,
1780297329.769814,,,UI_STATUS_SEND,237,,,,8.357634,188.357634,13.419920,,,,,,13,0,,237,1,-1,25.150000,mono,,,
1780297329.820848,,,MATCH_ACCEPT,249,0,41.764329,8.917917,41.026587,,8.782342,0.750096,7.069232,2.046155,3.080989,1.105761,0,3,,,,,,,,,
1780297329.820848,,,TargetLost,237,,,,,,,,,,,,,,not_in_valid_tracks,,,,,,,,
1780297329.847576,,,MATCH_REJECT,237,0,337.835795,5.196250,8.392421,,13.426740,31.645669,6.428322,1.618881,1.905660,0.715117,12,2,,,,,,,,,
1780297329.847576,,,NEW_TRACK,251,0,337.835795,5.196250,,,,,,,1.000000,1.000000,1,0,,,,,,,,,
1780297329.847576,,,TargetLost,237,,,,,,,,,,,,,,not_in_valid_tracks,,,,,,,,
1780297330.104324,,,MATCH_ACCEPT,237,0,8.577529,13.148333,8.507280,,13.449258,0.309015,7.269975,2.179983,3.223186,1.529142,11,6,,,,,,,,,
1780297330.104324,,,UI_STATUS_SEND,237,,,,8.531182,188.531182,13.300419,,,,,,12,0,,237,1,-1,97.460000,mono,,,
1780297330.153208,,,MATCH_ACCEPT,237,0,8.361056,13.606667,8.554042,,13.296902,0.364963,5.764733,1.809289,2.362496,0.911029,12,1,,,,,,,,,
1780297330.153208,,,UI_STATUS_SEND,237,,,,8.474498,188.474498,13.457854,,,,,,13,0,,237,1,-1,25.150000,mono,,,
1780297330.384787,,,MATCH_ACCEPT,237,0,8.809951,13.093333,8.567206,,13.481100,0.457480,6.737414,1.824943,2.326447,1.003969,13,4,,,,,,,,,
1780297330.384787,,,UI_STATUS_SEND,237,,,,8.633053,188.633053,13.329411,,,,,,14,0,,237,1,-1,25.150000,mono,,,
1780297330.523743,,no_packet,TRACK_DELETE,249,,,,42.963058,,9.095187,,,,7.053663,4.001102,0,12,,,,,,,,,
1780297330.540025,,,MATCH_ACCEPT,237,0,9.113009,13.606667,8.704143,,13.318296,0.500329,6.785234,1.856823,2.398828,1.048964,14,3,,,,,,,,,
1780297330.540025,,,TRACK_DELETE,251,,,,337.835795,,5.196250,,,,6.693899,6.693899,0,12,,,,,,,,,
1780297330.540025,,,UI_STATUS_SEND,237,,,,8.817546,188.817546,13.434128,,,,,,15,0,,237,1,-1,25.150000,mono,,,
1780297330.556877,,,MATCH_REJECT,237,0,337.817566,5.242083,8.826930,,13.435101,32.073450,6.389503,1.593002,1.835560,0.702095,15,1,,,,,,,,,
1780297330.556877,,,NEW_TRACK,252,0,337.817566,5.242083,,,,,,,1.000000,1.000000,1,0,,,,,,,,,
1780297330.556877,,,TargetLost,237,,,,,,,,,,,,,,not_in_valid_tracks,,,,,,,,
1780297330.600544,,,MATCH_REJECT,237,0,43.714850,9.073750,8.851247,,13.437622,35.135654,6.534522,1.689681,2.031136,0.823888,14,2,,,,,,,,,
1780297330.600544,,,NEW_TRACK,253,0,43.714850,9.073750,,,,,,,1.000000,1.000000,1,0,,,,,,,,,
1780297330.600544,,,TargetLost,237,,,,,,,,,,,,,,not_in_valid_tracks,,,,,,,,
1780297330.770632,,,MATCH_ACCEPT,237,0,9.183649,13.148333,8.945962,,13.447440,0.382047,7.104420,2.069614,2.904662,1.378639,13,5,,,,,,,,,
1780297330.770632,,,TargetKeep,237,,,,,,,,,,,,,,lock_timer_expired,,,,,,,,
1780297330.770632,,,UI_STATUS_SEND,237,,,,9.021377,189.021377,13.307236,,,,,,14,0,,237,1,-1,97.460000,mono,,,
1780297330.836764,,,MATCH_ACCEPT,237,0,9.960666,13.680000,9.062514,,13.300964,0.974856,5.725762,1.783308,2.278117,0.902071,14,1,,,,,,,,,
1780297330.836764,,,UI_STATUS_SEND,237,,,,9.424822,189.424822,13.496974,,,,,,15,0,,237,1,-1,25.150000,mono,,,
1780297331.163139,,,MATCH_ACCEPT,237,0,9.379613,13.148333,9.731224,,13.537822,0.524720,7.050467,2.033645,2.801842,1.333870,15,5,,,,,,,,,
1780297331.163139,,,UI_STATUS_SEND,237,,,,9.622388,189.622388,13.358450,,,,,,16,0,,237,1,-1,97.460000,mono,,,
1780297331.302976,,no_packet,TRACK_DELETE,252,,,,337.817566,,5.242083,,,,7.586179,7.586179,0,12,,,,,,,,,
1780297331.308658,,,MATCH_ACCEPT,237,0,10.215874,13.735000,9.744777,,13.346373,0.610707,5.995700,1.963267,2.676137,1.178278,16,3,,,,,,,,,
1780297331.308658,,,TRACK_DELETE,253,,,,43.714850,,9.073750,,,,6.943300,6.943300,0,12,,,,,,,,,
1780297331.308658,,,UI_STATUS_SEND,237,,,,9.953319,189.953319,13.572994,,,,,,17,0,,237,1,-1,155.930000,mono,,,
1780297331.583491,,,MATCH_REJECT,237,0,337.858581,5.242083,10.234493,,13.618619,33.441980,5.407401,1.977800,2.698684,1.213011,17,4,,,,,,,,,
1780297331.583491,,,NEW_TRACK,254,0,337.858581,5.242083,,,,,,,1.000000,1.000000,1,0,,,,,,,,,
1780297331.583491,,,TargetLost,237,,,,,,,,,,,,,,not_in_valid_tracks,,,,,,,,
1780297331.670156,,,MATCH_ACCEPT,237,0,9.643935,13.148333,10.322773,,13.632944,0.834067,5.736034,2.196889,3.245899,1.580422,16,6,,,,,,,,,
1780297331.669780,,,UI_STATUS_SEND,237,,,,9.914004,189.914004,13.271087,,,,,,17,0,,237,1,-1,97.460000,mono,,,
1780297332.200648,,,MATCH_ACCEPT,237,0,9.880915,13.148333,10.270721,,13.151570,0.389820,6.748965,2.465443,3.958890,2.119519,17,8,,,,,,,,,
1780297332.200648,,,UI_STATUS_SEND,237,,,,10.060136,190.060136,13.149254,,,,,,18,0,,237,1,-1,97.460000,mono,,,
1780297332.343750,,no_packet,TRACK_DELETE,254,,,,337.858581,,5.242083,,,,7.818417,7.818417,0,12,,,,,,,,,
1780297332.630688,,,MATCH_ACCEPT,237,0,9.944717,13.148333,10.273702,,13.051409,0.342966,6.791845,2.494030,4.190753,2.029431,18,7,,,,,,,,,
1780297332.630688,,,UI_STATUS_SEND,237,,,,10.091336,190.091336,13.119904,,,,,,19,0,,237,1,-1,97.460000,mono,,,
1780297332.987848,,,MATCH_ACCEPT,237,0,10.300185,13.148333,10.217887,,13.062373,0.119005,6.527684,2.317923,3.693158,1.679609,19,6,,,,,,,,,
1780297332.987848,,,UI_STATUS_SEND,237,,,,10.260923,190.260923,13.119623,,,,,,20,0,,237,1,-1,97.460000,mono,,,
1780297333.448087,,,MATCH_ACCEPT,237,0,10.482477,13.093333,10.439403,,13.071797,0.048158,6.812864,2.508043,4.206355,2.083924,20,7,,,,,,,,,
1780297333.448087,,,UI_STATUS_SEND,237,,,,10.463320,190.463320,13.087134,,,,,,21,0,,237,1,-1,25.150000,mono,,,
1780297333.783248,,,MATCH_ACCEPT,237,0,10.851618,13.093333,10.599547,,13.057459,0.254611,7.388761,2.259174,3.525516,1.578352,21,5,,,,,,,,,
1780297333.783248,,,UI_STATUS_SEND,237,,,,10.690456,190.690456,13.075487,,,,,,22,0,,237,1,-1,25.150000,mono,,,
1780297334.132263,,,MATCH_REJECT,237,0,337.867696,5.269583,10.857374,,13.051063,33.894989,7.767611,2.511741,4.285802,2.023040,22,6,,,,,,,,,
1780297334.132263,,,NEW_TRACK,255,0,337.867696,5.269583,,,,,,,1.000000,1.000000,1,0,,,,,,,,,
1780297334.132263,,,TargetLost,237,,,,,,,,,,,,,,not_in_valid_tracks,,,,,,,,
1780297334.201401,,,MATCH_ACCEPT,237,0,11.038467,13.111667,10.890440,,13.046224,0.161847,8.015806,2.677204,4.807425,2.359998,21,7,,,,,,,,,
1780297334.201401,,,UI_STATUS_SEND,237,,,,10.954798,190.954798,13.085598,,,,,,22,0,,237,1,-1,97.460000,mono,,,
1780297334.778841,,,MATCH_ACCEPT,237,0,11.102269,13.111667,11.258657,,13.066522,0.162774,7.922467,3.247778,6.995491,3.552572,22,9,,,,,,,,,
1780297334.778841,,,UI_STATUS_SEND,237,,,,11.153106,191.153106,13.103014,,,,,,23,0,,237,1,-1,97.460000,mono,,,
1780297334.919246,,no_packet,TRACK_DELETE,255,,,,337.867696,,5.269583,,,,8.203697,8.203697,0,12,,,,,,,,,
1780297335.175154,,,MATCH_ACCEPT,237,0,11.102269,13.111667,11.333074,,13.102227,0.230998,6.821671,2.513914,4.413082,1.906682,23,6,,,,,,,,,
1780297335.174956,,,UI_STATUS_SEND,237,,,,11.202193,191.202193,13.108774,,,,,,24,0,,237,1,-1,97.460000,mono,,,
1780297335.559105,,,MATCH_ACCEPT,237,0,11.033909,13.111667,11.340492,,13.110425,0.306585,6.591493,2.360462,3.823059,1.748722,24,6,,,,,,,,,
1780297335.558703,,,UI_STATUS_SEND,237,,,,11.177529,191.177529,13.111263,,,,,,25,0,,237,1,-1,97.460000,mono,,,
1780297335.814629,,,MATCH_ACCEPT,237,0,11.002008,13.148333,11.238125,,13.112580,0.238808,6.116213,2.043608,2.929512,1.246823,25,4,,,,,,,,,
1780297335.814629,,,UI_STATUS_SEND,237,,,,11.128309,191.128309,13.133918,,,,,,26,0,,237,1,-1,97.460000,mono,,,
1780297336.306993,,,MATCH_ACCEPT,237,0,10.979222,13.148333,11.201714,,13.147631,0.222493,6.815921,2.510081,4.139118,2.161388,26,8,,,,,,,,,
1780297336.306993,,,UI_STATUS_SEND,237,,,,11.079062,191.079062,13.148136,,,,,,27,0,,237,1,-1,97.460000,mono,,,
1780297336.565643,,,MATCH_ACCEPT,237,0,11.006566,13.148333,11.092529,,13.155469,0.086259,6.190426,2.093084,3.072986,1.308014,27,4,,,,,,,,,
1780297336.565643,,,UI_STATUS_SEND,237,,,,11.051524,191.051524,13.151129,,,,,,28,0,,237,1,-1,97.460000,mono,,,
1780297337.000659,,,MATCH_ACCEPT,237,0,11.006566,13.148333,11.059730,,13.161480,0.054766,6.633481,2.388454,3.813692,1.891021,28,7,,,,,,,,,
1780297337.000659,,,UI_STATUS_SEND,237,,,,11.031503,191.031503,13.152385,,,,,,29,0,,237,1,-1,97.460000,mono,,,
1780297337.066488,,,MATCH_REJECT,237,0,337.817566,5.278750,11.031256,,13.153344,34.134418,5.545212,1.662941,2.043190,0.722183,29,1,,,,,,,,,
1780297337.066488,,,NEW_TRACK,256,0,337.817566,5.278750,,,,,,,1.000000,1.000000,1,0,,,,,,,,,
1780297337.066488,,,TargetLost,237,,,,,,,,,,,,,,not_in_valid_tracks,,,,,,,,
1780297337.685361,,,MATCH_ACCEPT,237,0,11.015680,13.148333,11.028934,,13.162367,0.019303,7.704670,3.102580,6.205717,3.420286,28,10,,,,,,,,,
1780297337.685361,,,UI_STATUS_SEND,237,,,,11.020344,191.020344,13.151106,,,,,,29,0,,237,1,-1,47.250000,mono,,,
1780297337.896749,,no_packet,TRACK_DELETE,256,,,,337.817566,,5.278750,,,,8.969842,8.969842,0,12,,,,,,,,,
1780297338.262945,,,MATCH_ACCEPT,237,0,11.020238,13.148333,11.014572,,13.153738,0.007830,8.396659,2.931106,5.778299,2.813082,29,9,,,,,,,,,
1780297338.262945,,,UI_STATUS_SEND,237,,,,11.017294,191.017294,13.150263,,,,,,30,0,,237,1,-1,47.250000,mono,,,
1780297338.778813,,,MATCH_REJECT,237,0,338.282409,4.297917,11.013115,,13.151035,33.906884,8.723577,3.149052,6.713157,3.203369,30,8,,,,,,,,,
1780297338.778813,,,NEW_TRACK,257,0,338.282409,4.297917,,,,,,,1.000000,1.000000,1,0,,,,,,,,,
1780297338.778813,,,TargetLost,237,,,,,,,,,,,,,,not_in_valid_tracks,,,,,,,,
1780297338.901787,,,MATCH_ACCEPT,237,0,11.020238,13.771667,11.012119,,13.151219,0.620501,9.204357,3.469571,7.994155,4.043771,29,10,,,,,,,,,
1780297338.901787,,,UI_STATUS_SEND,237,,,,11.016675,191.016675,13.598744,,,,,,30,0,,237,1,-1,97.460000,mono,,,
1780297339.596232,,no_packet,TRACK_DELETE,257,,,,338.282409,,4.297917,,,,8.765633,8.765633,0,12,,,,,,,,,
1780297339.736317,,no_packet,TRACK_DELETE,237,,,,11.012365,,13.904456,,,,11.212459,5.829449,30,12,,,,,,,,,
1780297339.861354,,,NEW_TRACK,258,0,337.840352,5.324583,,,,,,,1.000000,1.000000,1,0,,,,,,,,,
1780297339.861354,,,TargetLost,237,,,,,,,,,,,,,,not_in_valid_tracks,,,,,,,,
1780297340.631041,,,MATCH_ACCEPT,258,0,337.803894,5.283333,337.840352,,5.324583,0.055052,9.964741,3.976494,7.906252,7.906252,1,12,,,,,,,,,
1780297340.631041,,,TargetLost,237,,,,,,,,,,,,,,not_in_valid_tracks,,,,,,,,
1780297341.469086,,no_packet,TRACK_DELETE,258,,,,337.801699,,5.259199,,,,16.000585,8.123189,2,12,,,,,,,,,
1780297341.787629,,,NEW_TRACK,259,0,337.835795,5.237500,,,,,,,1.000000,1.000000,1,0,,,,,,,,,
1780297341.787629,,,TargetLost,237,,,,,,,,,,,,,,not_in_valid_tracks,,,,,,,,
1780297342.428399,,,MATCH_ACCEPT,259,0,337.835795,5.265000,337.835795,,5.237500,0.027500,9.117886,3.411924,5.820612,5.820612,1,10,,,,,,,,,
1780297342.428399,,,TargetLost,237,,,,,,,,,,,,,,not_in_valid_tracks,,,,,,,,
1780297342.813474,,,MATCH_ACCEPT,259,0,337.817566,5.223750,337.835795,,5.269129,0.048904,8.934964,3.289976,7.308410,3.515532,2,6,,,,,,,,,
1780297342.813474,,,TargetLost,237,,,,,,,,,,,,,,not_in_valid_tracks,,,,,,,,
1780297342.813474,,,TargetSwitch,259,,,,,,,,,,,,,,master_lost,,,,,,,,
1780297342.813474,,,UI_STATUS_SEND,259,,,,337.825969,157.825969,5.237713,,,,,,3,0,,259,1,-1,26.430000,mono,,,
1780297343.211561,,,MATCH_ACCEPT,259,0,337.854024,5.223750,337.822302,,5.234647,0.033542,8.768346,3.178898,7.139869,2.965521,3,6,,,,,,,,,
1780297343.211561,,,NEW_TRACK,260,1,338.291524,3.463750,,,,,,,1.000000,1.000000,1,0,,,,,,,,,
1780297343.211561,,,UI_STATUS_SEND,259,,,,337.839217,157.839217,5.227510,,,,,,4,0,,259,1,-1,26.430000,mono,,,
1780297343.725751,,,MATCH_ACCEPT,259,0,337.792159,12.339375,337.841346,,5.219963,7.119582,9.012863,3.341908,7.752475,3.415877,4,8,,,,,,,,,
1780297343.725751,,,UI_STATUS_SEND,259,,,,337.814113,157.814113,10.104895,,,,,,5,0,,259,1,-1,159.930000,mono,,,
1780297344.003616,,no_packet,TRACK_DELETE,260,,,,338.291524,,3.463750,,,,8.296298,8.296298,0,12,,,,,,,,,
1780297344.130111,,,MATCH_ACCEPT,259,0,337.863139,5.237500,337.808241,,11.834044,6.596773,6.922152,3.014301,6.406673,2.679338,5,6,,,,,,,,,
1780297344.130111,,,NEW_TRACK,261,1,338.300639,4.284167,,,,,,,1.000000,1.000000,1,0,,,,,,,,,
1780297344.130111,,,UI_STATUS_SEND,259,,,,337.849709,157.849709,6.307419,,,,,,6,0,,259,1,-1,26.430000,mono,,,
1780297344.638452,,,MATCH_ACCEPT,259,0,337.854024,5.287917,337.856313,,5.997585,0.709672,7.652848,2.435232,3.960809,1.969544,6,8,,,,,,,,,
1780297344.638452,,,UI_STATUS_SEND,259,,,,337.855425,157.855425,5.601859,,,,,,7,0,,259,1,-1,26.430000,mono,,,
1780297344.747648,,,MATCH_ACCEPT,259,0,337.872253,5.265000,337.856770,,5.492047,0.227574,7.063508,2.042339,2.973454,1.197694,7,2,,,,,,,,,
1780297344.747648,,,UI_STATUS_SEND,259,,,,337.861761,157.861761,5.393527,,,,,,8,0,,259,1,-1,26.430000,mono,,,
1780297344.889811,,no_packet,TRACK_DELETE,261,,,,338.300639,,4.284167,,,,7.746534,7.746534,0,12,,,,,,,,,
1780297345.222894,,,MATCH_ACCEPT,259,0,337.858581,5.260417,337.869433,,4.868448,0.392119,8.016860,2.677907,4.767445,2.403739,8,7,,,,,,,,,
1780297345.222894,,,UI_STATUS_SEND,259,,,,337.864737,157.864737,5.106001,,,,,,9,0,,259,1,-1,26.430000,mono,,,
1780297346.059118,,no_packet,TRACK_DELETE,259,,,,337.875255,,4.373696,,,,10.025395,5.599949,9,12,,,,,,,,,
1780297346.734871,,,NEW_TRACK,262,0,337.133972,7.455833,,,,,,,1.000000,1.000000,1,0,,,,,,,,,
1780297346.734871,,,TargetLost,259,,,,,,,,,,,,,,not_in_valid_tracks,,,,,,,,
1780297347.316030,,,MATCH_ACCEPT,262,0,337.872253,5.315417,337.133972,,7.455833,2.264165,8.734801,3.156534,4.981854,4.981854,1,9,,,,,,,,,
1780297347.316030,,,TargetLost,259,,,,,,,,,,,,,,not_in_valid_tracks,,,,,,,,
1780297348.148473,,no_packet,TRACK_DELETE,262,,,,337.802759,,4.128097,,,,15.414918,8.813188,2,12,,,,,,,,,
1780297349.242197,,,NEW_TRACK,263,0,9.972060,13.093333,,,,,,,1.000000,1.000000,1,0,,,,,,,,,
1780297349.242197,,,TargetLost,259,,,,,,,,,,,,,,not_in_valid_tracks,,,,,,,,
1780297349.493031,,,MATCH_ACCEPT,263,0,10.008519,10.994167,9.972060,,13.093333,2.099483,6.876428,1.917619,1.838630,1.838630,1,4,,,,,,,,,
1780297349.493031,,,TargetLost,259,,,,,,,,,,,,,,not_in_valid_tracks,,,,,,,,
1780297349.850854,,,MATCH_ACCEPT,263,0,9.972060,8.491667,9.984502,,11.389727,2.898087,8.138330,2.758887,4.454816,3.156638,2,6,,,,,,,,,
1780297349.850854,,,TargetLost,259,,,,,,,,,,,,,,not_in_valid_tracks,,,,,,,,
1780297349.850854,,,TargetSwitch,263,,,,,,,,,,,,,,master_lost,,,,,,,,
1780297349.850854,,,UI_STATUS_SEND,263,,,,9.979324,189.979324,9.451210,,,,,,3,0,,263,1,-1,25.150000,mono,,,
1780297350.380566,,,MATCH_ACCEPT,263,0,9.976618,6.158750,9.981958,,7.145281,0.986545,9.548919,3.699279,8.930451,4.754217,3,8,,,,,,,,,
1780297350.380566,,,UI_STATUS_SEND,263,,,,9.978816,189.978816,6.402778,,,,,,4,0,,263,1,-1,25.150000,mono,,,
1780297350.813167,,,MATCH_REJECT,263,0,337.844909,5.265000,9.979751,,4.189217,32.152843,9.035885,3.357257,7.968826,3.302348,4,7,,,,,,,,,
1780297350.813167,,,NEW_TRACK,264,0,337.844909,5.265000,,,,,,,1.000000,1.000000,1,0,,,,,,,,,
1780297350.813167,,,TargetLost,263,,,,,,,,,,,,,,not_in_valid_tracks,,,,,,,,
1780297351.164216,,no_packet,TRACK_DELETE,263,,,,9.980509,,2.392949,,,,13.251306,6.290460,3,12,,,,,,,,,
1780297351.657741,,no_packet,TRACK_DELETE,264,,,,337.844909,,5.265000,,,,9.233579,9.233579,1,12,,,,,,,,,
1780297351.835542,,,NEW_TRACK,265,0,337.817566,5.269583,,,,,,,1.000000,1.000000,1,0,,,,,,,,,
1780297351.835542,,,TargetLost,263,,,,,,,,,,,,,,not_in_valid_tracks,,,,,,,,
1780297352.680285,,no_packet,TRACK_DELETE,265,,,,337.817566,,5.269583,,,,9.237887,9.237887,1,12,,,,,,,,,
1780297354.643104,,,NEW_TRACK,266,0,337.858581,5.205417,,,,,,,1.000000,1.000000,1,0,,,,,,,,,
1780297354.642980,,,TargetLost,263,,,,,,,,,,,,,,not_in_valid_tracks,,,,,,,,
1780297355.131348,,,MATCH_ACCEPT,266,0,337.854024,5.287917,337.858581,,5.205417,0.082626,8.147675,2.765117,3.822935,3.822935,1,7,,,,,,,,,
1780297355.131348,,,TargetLost,263,,,,,,,,,,,,,,not_in_valid_tracks,,,,,,,,
1780297355.239607,,,MATCH_ACCEPT,266,0,337.835795,5.246667,337.856598,,5.272563,0.033218,7.313577,2.209051,3.270028,1.609880,2,2,,,,,,,,,
1780297355.239607,,,TargetLost,263,,,,,,,,,,,,,,not_in_valid_tracks,,,,,,,,
1780297355.239607,,,TargetSwitch,266,,,,,,,,,,,,,,master_lost,,,,,,,,
1780297355.239607,,,UI_STATUS_SEND,266,,,,337.849452,157.849452,5.259422,,,,,,3,0,,266,1,-1,26.430000,mono,,,
1780297356.074095,,no_packet,TRACK_DELETE,266,,,,337.839904,,5.310560,,,,12.894537,7.379686,3,12,,,,,,,,,
1780297356.728774,,,NEW_TRACK,267,0,337.854024,5.260417,,,,,,,1.000000,1.000000,1,0,,,,,,,,,
1780297356.728774,,,TargetLost,266,,,,,,,,,,,,,,not_in_valid_tracks,,,,,,,,
1780297357.213207,,,MATCH_ACCEPT,267,0,337.835795,5.324583,337.854024,,5.260417,0.066706,8.125665,2.750443,3.782468,3.782468,1,7,,,,,,,,,
1780297357.213207,,,TargetLost,266,,,,,,,,,,,,,,not_in_valid_tracks,,,,,,,,
1780297358.052923,,no_packet,TRACK_DELETE,267,,,,337.839322,,5.357555,,,,15.010864,9.287581,2,12,,,,,,,,,
1780297359.045190,,,NEW_TRACK,268,0,337.867696,5.251250,,,,,,,1.000000,1.000000,1,0,,,,,,,,,
1780297359.045190,,,TargetLost,266,,,,,,,,,,,,,,not_in_valid_tracks,,,,,,,,
1780297359.875281,,no_packet,TRACK_DELETE,268,,,,337.867696,,5.251250,,,,8.979418,8.979418,1,12,,,,,,,,,
1780297361.522251,,,NEW_TRACK,269,0,337.854024,5.232917,,,,,,,1.000000,1.000000,1,0,,,,,,,,,
1780297361.522251,,,TargetLost,266,,,,,,,,,,,,,,not_in_valid_tracks,,,,,,,,
1780297361.684189,,,MATCH_REJECT,269,0,6.349012,11.601458,337.854024,,5.232917,29.197991,6.522510,1.681673,1.414012,1.414012,1,3,,,,,,,,,
1780297361.684189,,,NEW_TRACK,270,0,6.349012,11.601458,,,,,,,1.000000,1.000000,1,0,,,,,,,,,
1780297361.684189,,,TargetLost,266,,,,,,,,,,,,,,not_in_valid_tracks,,,,,,,,
1780297362.230129,,,MATCH_ACCEPT,269,0,337.835795,5.214583,337.854024,,5.232917,0.025854,9.568671,3.712447,6.891132,6.891132,0,11,,,,,,,,,
1780297362.230129,,,TargetLost,266,,,,,,,,,,,,,,not_in_valid_tracks,,,,,,,,
1780297362.511716,,no_packet,TRACK_DELETE,270,,,,6.349012,,11.601458,,,,8.921491,8.921491,0,12,,,,,,,,,
1780297362.916985,,,MATCH_REJECT,269,0,8.536512,12.233958,337.837036,,5.206358,31.493570,10.551917,4.367945,12.703491,6.375450,1,10,,,,,,,,,
1780297362.916985,,,NEW_TRACK,271,0,8.536512,12.233958,,,,,,,1.000000,1.000000,1,0,,,,,,,,,
1780297362.916831,,,TargetLost,266,,,,,,,,,,,,,,not_in_valid_tracks,,,,,,,,
1780297363.054960,,no_packet,TRACK_DELETE,269,,,,337.835542,,5.204022,,,,15.614984,8.124775,0,12,,,,,,,,,
1780297363.194593,,,MATCH_ACCEPT,271,0,13.401422,10.629792,8.536512,,12.233958,5.122568,5.389526,1.992551,1.985129,1.985129,1,4,,,,,,,,,
1780297363.194593,,,TargetLost,266,,,,,,,,,,,,,,not_in_valid_tracks,,,,,,,,
1780297363.366566,,,MATCH_REJECT,271,0,338.250508,5.067917,11.504882,,10.646848,33.719102,4.963723,1.708682,1.929487,0.990109,2,3,,,,,,,,,
1780297363.366566,,,NEW_TRACK,272,0,338.250508,5.067917,,,,,,,1.000000,1.000000,1,0,,,,,,,,,
1780297363.366566,,,TargetLost,266,,,,,,,,,,,,,,not_in_valid_tracks,,,,,,,,
1780297363.854687,,,MATCH_ACCEPT,272,0,344.031433,9.085208,338.250508,,5.067917,7.039724,8.146949,2.764632,3.821596,3.821596,1,7,,,,,,,,,
1780297363.854687,,,TargetLost,266,,,,,,,,,,,,,,not_in_valid_tracks,,,,,,,,
1780297363.994013,,no_packet,TRACK_DELETE,271,,,,13.656226,,9.496581,,,,10.036815,7.242369,0,12,,,,,,,,,
1780297364.497103,,,MATCH_ACCEPT,272,0,338.284688,12.449375,342.352275,,10.399946,4.554714,8.626491,4.150527,10.820651,6.406226,2,10,,,,,,,,,
1780297364.497103,,,NEW_TRACK,273,1,337.840352,5.324583,,,,,,,1.000000,1.000000,1,0,,,,,,,,,
1780297364.497103,,,TargetLost,266,,,,,,,,,,,,,,not_in_valid_tracks,,,,,,,,
1780297364.497103,,,TargetSwitch,272,,,,,,,,,,,,,,master_lost,,,,,,,,
1780297364.497103,,,UI_STATUS_SEND,272,,,,338.939141,158.939141,12.295865,,,,,,3,0,,272,1,-1,159.930000,mono,,,
1780297364.556474,,,MATCH_REJECT,272,0,14.069066,3.871667,338.940192,,12.633430,36.205059,4.809483,1.605855,1.983735,0.595035,3,1,,,,,,,,,
1780297364.556474,,,NEW_TRACK,274,0,14.069066,3.871667,,,,,,,1.000000,1.000000,1,0,,,,,,,,,
1780297364.556474,,,TargetLost,272,,,,,,,,,,,,,,not_in_valid_tracks,,,,,,,,
1780297364.974293,,,MATCH_ACCEPT,274,0,14.100967,5.196250,14.069066,,3.871667,1.324967,7.734071,2.489380,3.098507,3.098507,1,6,,,,,,,,,
1780297364.974293,,,TargetLost,272,,,,,,,,,,,,,,not_in_valid_tracks,,,,,,,,
1780297365.154576,,,MATCH_ACCEPT,273,0,337.826680,5.260417,337.840352,,5.324583,0.065607,9.223564,3.482376,6.063470,6.063470,0,10,,,,,,,,,
1780297365.154576,,,TargetLost,272,,,,,,,,,,,,,,not_in_valid_tracks,,,,,,,,
1780297365.237326,,,MATCH_ACCEPT,274,0,14.164769,6.507083,14.083575,,5.080028,1.429364,7.988821,2.659214,4.508196,2.563223,1,5,,,,,,,,,
1780297365.237326,,,TRACK_DELETE,272,,,,338.952242,,16.504486,,,,7.081975,3.723007,0,12,,,,,,,,,
1780297365.237326,,,TargetLost,272,,,,,,,,,,,,,,not_in_valid_tracks,,,,,,,,
1780297365.502003,,,MATCH_ACCEPT,273,0,337.835795,5.214583,337.830862,,5.252669,0.038404,8.773338,3.182225,6.886491,3.240067,0,6,,,,,,,,,
1780297365.502003,,,TargetLost,272,,,,,,,,,,,,,,not_in_valid_tracks,,,,,,,,
1780297365.831294,,,MATCH_ACCEPT,274,0,14.137425,7.057083,14.150777,,7.407924,0.351094,9.726276,3.817517,9.594378,4.979061,1,9,,,,,,,,,
1780297365.831294,,,TargetLost,272,,,,,,,,,,,,,,not_in_valid_tracks,,,,,,,,
1780297366.317940,,no_packet,TRACK_DELETE,273,,,,337.828976,,5.155333,,,,13.282870,6.618327,0,12,,,,,,,,,
1780297366.371711,,,MATCH_ACCEPT,274,0,14.205784,8.024167,14.169229,,8.311011,0.289164,9.451001,3.634001,9.233775,3.972186,2,8,,,,,,,,,
1780297366.371711,,,TargetLost,272,,,,,,,,,,,,,,not_in_valid_tracks,,,,,,,,
1780297366.371711,,,TargetSwitch,274,,,,,,,,,,,,,,master_lost,,,,,,,,
1780297366.371711,,,UI_STATUS_SEND,274,,,,14.191029,194.191029,8.105146,,,,,,3,0,,274,1,-1,25.150000,mono,,,
1780297366.648798,,,MATCH_REJECT,274,0,337.835795,5.242083,14.208770,,8.656509,36.532885,8.180268,2.786846,5.675571,2.090938,3,4,,,,,,,,,
1780297366.648798,,,NEW_TRACK,275,0,337.835795,5.242083,,,,,,,1.000000,1.000000,1,0,,,,,,,,,
1780297366.648798,,,TargetLost,274,,,,,,,,,,,,,,not_in_valid_tracks,,,,,,,,
1780297366.763323,,,MATCH_ACCEPT,274,0,14.160211,8.230417,14.216103,,8.884399,0.656366,8.593030,3.062020,6.710129,2.665835,2,6,,,,,,,,,
1780297366.763323,,,UI_STATUS_SEND,274,,,,14.187165,194.187165,8.472083,,,,,,3,0,,274,1,-1,25.150000,mono,,,
1780297367.134995,,,MATCH_ACCEPT,274,0,14.169326,8.202917,14.203954,,9.079710,0.877477,8.250573,2.833715,5.677874,2.352067,3,6,,,,,,,,,
1780297367.134995,,,UI_STATUS_SEND,274,,,,14.187471,194.187471,8.552889,,,,,,4,0,,274,1,-1,25.150000,mono,,,
1780297367.416233,,no_packet,TRACK_DELETE,275,,,,337.835795,,5.242083,,,,7.904065,7.904065,0,12,,,,,,,,,
1780297367.475622,,,MATCH_REJECT,274,0,337.835795,5.242083,14.199180,,8.950578,36.552000,8.015751,2.677167,5.036962,2.130262,4,5,,,,,,,,,
1780297367.475622,,,NEW_TRACK,276,0,337.835795,5.242083,,,,,,,1.000000,1.000000,1,0,,,,,,,,,
1780297367.475622,,,TargetLost,274,,,,,,,,,,,,,,not_in_valid_tracks,,,,,,,,
1780297367.760586,,,MATCH_ACCEPT,274,0,14.151097,8.193750,14.208976,,9.283278,1.091065,9.088051,3.392034,7.655262,3.850632,3,10,,,,,,,,,
1780297367.760586,,,UI_STATUS_SEND,274,,,,14.177112,194.177112,8.508242,,,,,,4,0,,274,1,-1,25.150000,mono,,,
1780297368.015237,,,MATCH_ACCEPT,274,0,14.155654,8.455000,14.180647,,8.640907,0.187579,7.980984,2.653989,5.050066,1.993593,4,4,,,,,,,,,
1780297368.015237,,,UI_STATUS_SEND,274,,,,14.169478,194.169478,8.536685,,,,,,5,0,,274,1,-1,25.150000,mono,,,
1780297368.226849,,no_packet,TRACK_DELETE,276,,,,337.835795,,5.242083,,,,7.637739,7.637739,0,12,,,,,,,,,
1780297368.253918,,,MATCH_REJECT,274,0,337.840352,5.232917,14.171022,,8.638802,36.489967,7.594362,2.396241,4.114031,1.627941,5,4,,,,,,,,,
1780297368.253918,,,NEW_TRACK,277,0,337.840352,5.232917,,,,,,,1.000000,1.000000,1,0,,,,,,,,,
1780297368.253918,,,TargetLost,274,,,,,,,,,,,,,,not_in_valid_tracks,,,,,,,,
1780297368.613859,,,MATCH_ACCEPT,274,0,14.246800,8.840000,14.173352,,8.792799,0.087307,8.908284,3.272190,7.134824,3.572401,4,10,,,,,,,,,
1780297368.613859,,,UI_STATUS_SEND,274,,,,14.212504,194.212504,8.825637,,,,,,5,0,,274,1,-1,25.150000,mono,,,
1780297369.039221,,no_packet,TRACK_DELETE,277,,,,337.840352,,5.232917,,,,8.198908,8.198908,0,12,,,,,,,,,
1780297369.091848,,,MATCH_ACCEPT,274,0,14.242243,8.826250,14.228058,,9.043644,0.217856,8.744084,3.162723,6.870354,3.132460,5,7,,,,,,,,,
1780297369.091848,,,UI_STATUS_SEND,274,,,,14.235486,194.235486,8.898600,,,,,,6,0,,274,1,-1,25.150000,mono,,,
1780297369.332788,,,MATCH_ACCEPT,274,0,14.173883,8.748333,14.244514,,8.978166,0.240441,7.861653,2.574435,4.767862,1.859854,6,4,,,,,,,,,
1780297369.332788,,,UI_STATUS_SEND,274,,,,14.213949,194.213949,8.853265,,,,,,7,0,,274,1,-1,26.430000,mono,,,
1780297369.629900,,,MATCH_REJECT,274,0,43.625983,11.633542,14.218929,,8.917761,29.532191,7.749298,2.499532,4.413357,1.834303,7,5,,,,,,,,,
1780297369.629900,,,NEW_TRACK,278,0,43.625983,11.633542,,,,,,,1.000000,1.000000,1,0,,,,,,,,,
1780297369.629900,,,TargetLost,274,,,,,,,,,,,,,,not_in_valid_tracks,,,,,,,,
1780297369.709564,,,MATCH_ACCEPT,274,0,14.032607,8.711667,14.220264,,8.935054,0.291748,8.047174,2.698116,5.042030,2.237799,6,7,,,,,,,,,
1780297369.709564,,,UI_STATUS_SEND,274,,,,14.136473,194.136473,8.803513,,,,,,7,0,,274,1,-1,25.150000,mono,,,
1780297369.899057,,,MATCH_ACCEPT,278,0,40.654629,13.957292,43.625983,,11.633542,3.772103,5.395448,1.996499,1.993004,1.993004,0,5,,,,,,,,,
1780297369.899057,,,TargetLost,274,,,,,,,,,,,,,,not_in_valid_tracks,,,,,,,,
1780297370.096402,,,MATCH_ACCEPT,274,0,13.918675,8.601667,14.120333,,8.840543,0.312615,8.159318,2.772879,5.284425,2.404431,6,6,,,,,,,,,
1780297370.096402,,,UI_STATUS_SEND,274,,,,14.027945,194.027945,8.695756,,,,,,7,0,,274,1,-1,26.430000,mono,,,
1780297370.489484,,,MATCH_ACCEPT,274,0,13.704482,8.523750,13.985437,,8.679211,0.321097,8.232101,2.821401,5.480617,2.479687,7,6,,,,,,,,,
1780297370.489484,,,UI_STATUS_SEND,274,,,,13.854173,193.854173,8.583843,,,,,,8,0,,274,1,-1,25.150000,mono,,,
1780297370.697531,,no_packet,TRACK_DELETE,278,,,,40.535209,,15.548205,,,,10.122523,7.395698,0,12,,,,,,,,,
1780297370.897190,,,MATCH_ACCEPT,274,0,13.535862,8.386250,13.771911,,8.530508,0.276640,8.292425,2.861616,5.656051,2.532797,8,6,,,,,,,,,
1780297370.897190,,,UI_STATUS_SEND,274,,,,13.659775,193.659775,8.441290,,,,,,9,0,,274,1,-1,25.150000,mono,,,
1780297371.364577,,,MATCH_ACCEPT,274,0,13.339899,8.221250,13.528679,,8.342082,0.224139,8.517678,3.011785,6.221837,2.849015,9,7,,,,,,,,,
1780297371.364577,,,UI_STATUS_SEND,274,,,,13.434502,193.434502,8.264047,,,,,,10,0,,274,1,-1,26.430000,mono,,,
1780297371.511079,,,MATCH_REJECT,274,0,337.844909,5.232917,13.384031,,8.222916,35.664678,7.504039,2.336026,3.975641,1.481377,10,3,,,,,,,,,
1780297371.511079,,,NEW_TRACK,279,0,337.844909,5.232917,,,,,,,1.000000,1.000000,1,0,,,,,,,,,
1780297371.511079,,,TargetLost,274,,,,,,,,,,,,,,not_in_valid_tracks,,,,,,,,
1780297371.774844,,,MATCH_ACCEPT,274,0,13.130264,8.120417,13.293161,,8.148863,0.165362,8.391686,2.927791,5.940145,2.631813,9,7,,,,,,,,,
1780297371.774844,,,UI_STATUS_SEND,274,,,,13.213782,193.213782,8.131014,,,,,,10,0,,274,1,-1,25.150000,mono,,,
1780297372.143434,,,MATCH_ACCEPT,274,0,12.861383,8.005833,13.067086,,8.021749,0.206317,8.190595,2.793730,5.446637,2.358290,10,6,,,,,,,,,
1780297372.143434,,,UI_STATUS_SEND,274,,,,12.971299,192.971299,8.012176,,,,,,11,0,,274,1,-1,25.150000,mono,,,
1780297372.284321,,no_packet,TRACK_DELETE,279,,,,337.844909,,5.232917,,,,7.979033,7.979033,0,12,,,,,,,,,
1780297372.509602,,,MATCH_ACCEPT,274,0,12.715550,7.859167,12.801658,,7.900468,0.095501,8.121108,2.747405,5.245610,2.302626,11,6,,,,,,,,,
1780297372.509602,,,UI_STATUS_SEND,274,,,,12.762366,192.762366,7.875863,,,,,,12,0,,274,1,-1,25.150000,mono,,,
1780297372.854948,,,MATCH_ACCEPT,274,0,12.578831,7.817917,12.592963,,7.762693,0.057003,8.012943,2.675296,4.989447,2.167760,12,5,,,,,,,,,
1780297372.854948,,,UI_STATUS_SEND,274,,,,12.586690,192.586690,7.794785,,,,,,13,0,,274,1,-1,25.150000,mono,,,
1780297373.004390,,,MATCH_REJECT,274,0,337.826680,5.278750,12.512718,,7.750362,34.773986,7.349758,2.233172,3.604445,1.382611,13,3,,,,,,,,,
1780297373.004390,,,NEW_TRACK,280,0,337.826680,5.278750,,,,,,,1.000000,1.000000,1,0,,,,,,,,,
1780297373.004390,,,TargetLost,274,,,,,,,,,,,,,,not_in_valid_tracks,,,,,,,,
1780297373.211248,,,MATCH_ACCEPT,274,0,12.478571,7.698750,12.410327,,7.688872,0.068955,8.042591,2.695061,5.028078,2.235275,12,6,,,,,,,,,
1780297373.211248,,,UI_STATUS_SEND,274,,,,12.440752,192.440752,7.694686,,,,,,13,0,,274,1,-1,25.150000,mono,,,
1780297373.277793,,,MATCH_ACCEPT,280,0,337.844909,5.205417,337.826680,,5.278750,0.075565,6.969921,1.979947,1.960095,1.960095,0,4,,,,,,,,,
1780297373.277793,,,TargetLost,274,,,,,,,,,,,,,,not_in_valid_tracks,,,,,,,,
1780297373.787663,,,MATCH_ACCEPT,274,0,12.510472,7.707917,12.167944,,7.526483,0.387613,8.871615,3.247743,7.036882,3.510956,12,9,,,,,,,,,
1780297373.787663,,,UI_STATUS_SEND,274,,,,12.349350,192.349350,7.652039,,,,,,13,0,,274,1,-1,25.150000,mono,,,
1780297374.062032,,,MATCH_ACCEPT,280,0,337.863139,5.246667,337.835930,,5.192021,0.061045,10.872475,4.581650,11.902306,9.089209,0,12,,,,,,,,,
1780297374.061634,,,TargetLost,274,,,,,,,,,,,,,,not_in_valid_tracks,,,,,,,,
1780297374.274252,,,MATCH_ACCEPT,274,0,12.533258,7.717083,12.178889,,7.562469,0.386630,8.778087,3.185391,6.964548,3.182168,12,8,,,,,,,,,
1780297374.273998,,,UI_STATUS_SEND,274,,,,12.365655,192.365655,7.666166,,,,,,13,0,,274,1,-1,25.150000,mono,,,
1780297374.628223,,,MATCH_ACCEPT,274,0,12.464899,7.744583,12.284868,,7.631917,0.212379,8.262419,2.841613,5.681704,2.393059,13,6,,,,,,,,,
1780297374.628223,,,UI_STATUS_SEND,274,,,,12.370596,192.370596,7.700078,,,,,,14,0,,274,1,-1,25.150000,mono,,,
1780297374.770568,,no_packet,TRACK_DELETE,280,,,,337.869559,,5.229082,,,,13.247710,5.966075,0,12,,,,,,,,,
1780297374.824668,,,MATCH_REJECT,274,0,337.831237,5.269583,12.337040,,7.692981,34.590798,7.556888,2.371258,4.072468,1.550398,14,3,,,,,,,,,
1780297374.824668,,,NEW_TRACK,281,0,337.831237,5.269583,,,,,,,1.000000,1.000000,1,0,,,,,,,,,
1780297374.824668,,,TargetLost,274,,,,,,,,,,,,,,not_in_valid_tracks,,,,,,,,
1780297375.087767,,,MATCH_ACCEPT,274,0,12.464899,7.740000,12.292099,,7.683475,0.181810,8.479921,2.986614,6.113074,2.806791,13,7,,,,,,,,,
1780297375.087767,,,UI_STATUS_SEND,274,,,,12.377542,192.377542,7.719786,,,,,,14,0,,274,1,-1,25.150000,mono,,,
1780297375.260248,,,MATCH_ACCEPT,281,0,337.863139,5.269583,337.831237,,5.269583,0.031901,7.859296,2.572864,3.309814,3.309814,0,7,,,,,,,,,
1780297375.260248,,,TargetLost,274,,,,,,,,,,,,,,not_in_valid_tracks,,,,,,,,
1780297375.453657,,,MATCH_ACCEPT,274,0,12.355524,7.758333,12.336538,,7.718656,0.043986,8.227471,2.818314,5.527626,2.415268,13,6,,,,,,,,,
1780297375.452650,,,UI_STATUS_SEND,274,,,,12.345449,192.345449,7.742748,,,,,,14,0,,274,1,-1,26.430000,mono,,,
1780297375.910069,,,MATCH_ACCEPT,274,0,12.209691,7.639167,12.296859,,7.751392,0.142102,8.467779,2.978520,6.074127,2.797451,14,7,,,,,,,,,
1780297375.910069,,,UI_STATUS_SEND,274,,,,12.253897,192.253897,7.679386,,,,,,15,0,,274,1,-1,25.150000,mono,,,
1780297376.049609,,no_packet,TRACK_DELETE,281,,,,337.854385,,5.269583,,,,13.664060,8.821872,0,12,,,,,,,,,
1780297376.152032,,,MATCH_REJECT,274,0,337.835795,5.324583,12.221049,,7.668330,34.465038,7.787546,2.525031,4.554933,1.820849,15,4,,,,,,,,,
1780297376.152032,,,NEW_TRACK,282,0,337.835795,5.324583,,,,,,,1.000000,1.000000,1,0,,,,,,,,,
1780297376.152032,,,TargetLost,274,,,,,,,,,,,,,,not_in_valid_tracks,,,,,,,,
1780297376.275367,,,MATCH_ACCEPT,282,0,338.209493,4.912083,337.835795,,5.324583,0.556603,6.374260,1.582840,1.252692,1.252692,1,2,,,,,,,,,
1780297376.275367,,,TargetLost,274,,,,,,,,,,,,,,not_in_valid_tracks,,,,,,,,
1780297376.314027,,,MATCH_ACCEPT,274,0,12.164118,7.666667,12.199057,,7.660929,0.035407,8.368951,2.912634,5.865697,2.617738,13,7,,,,,,,,,
1780297376.314027,,,UI_STATUS_SEND,274,,,,12.182141,192.182141,7.664522,,,,,,14,0,,274,1,-1,26.430000,mono,,,
1780297376.606531,,,MATCH_ACCEPT,282,0,337.890482,5.210000,337.918710,,5.080662,0.132382,7.595948,2.397299,3.181026,2.566016,1,6,,,,,,,,,
1780297376.606531,,,TargetLost,274,,,,,,,,,,,,,,not_in_valid_tracks,,,,,,,,
1780297376.654737,,,MATCH_ACCEPT,274,0,12.086644,7.570417,12.131955,,7.650041,0.091615,8.109430,2.739620,5.248272,2.257245,13,6,,,,,,,,,
1780297376.654737,,,UI_STATUS_SEND,274,,,,12.111273,192.111273,7.602988,,,,,,14,0,,274,1,-1,25.150000,mono,,,
1780297376.919008,,,MATCH_ACCEPT,274,0,11.954482,7.501667,12.068556,,7.580370,0.138589,7.738047,2.492031,4.406842,1.803379,14,4,,,,,,,,,
1780297376.919008,,,UI_STATUS_SEND,274,,,,12.021384,192.021384,7.538202,,,,,,15,0,,274,1,-1,51.980000,mono,,,
1780297377.015859,,,MATCH_ACCEPT,282,0,337.858581,5.260417,337.928960,,5.139087,0.140264,8.826439,3.217626,6.533167,3.819950,0,7,,,,,,,,,
1780297377.015859,,,TargetLost,274,,,,,,,,,,,,,,not_in_valid_tracks,,,,,,,,
1780297377.291047,,,MATCH_ACCEPT,274,0,11.840550,7.432917,11.948593,,7.491052,0.122691,7.957349,2.664633,4.885585,2.214683,14,6,,,,,,,,,
1780297377.291047,,,UI_STATUS_SEND,274,,,,11.900597,191.900597,7.456651,,,,,,15,0,,274,1,-1,25.150000,mono,,,
1780297377.677520,,,MATCH_ACCEPT,274,0,11.685602,7.313750,11.811362,,7.394758,0.149592,8.132667,2.755111,5.215086,2.375553,15,6,,,,,,,,,
1780297377.677520,,,UI_STATUS_SEND,274,,,,11.754158,191.754158,7.345891,,,,,,16,0,,274,1,-1,25.150000,mono,,,
1780297377.819175,,no_packet,TRACK_DELETE,282,,,,337.900769,,5.266026,,,,14.088284,7.132152,0,12,,,,,,,,,
1780297378.382140,,,MATCH_ACCEPT,274,0,11.580784,7.336667,11.562332,,7.200817,0.137097,9.428865,3.619243,8.606371,4.492552,16,11,,,,,,,,,
1780297378.382140,,,UI_STATUS_SEND,274,,,,11.573021,191.573021,7.301611,,,,,,17,0,,274,1,-1,25.150000,mono,,,
1780297378.978607,,,MATCH_REJECT,274,0,337.826680,5.232917,11.414773,,7.227127,33.647241,9.302366,3.534910,8.534093,3.961499,17,9,,,,,,,,,
1780297378.978607,,,NEW_TRACK,283,0,337.826680,5.232917,,,,,,,1.000000,1.000000,1,0,,,,,,,,,
1780297378.978607,,,TargetLost,274,,,,,,,,,,,,,,not_in_valid_tracks,,,,,,,,
1780297379.180852,,,MATCH_ACCEPT,274,0,11.503310,7.226667,11.361115,,7.201871,0.144341,10.125940,4.083960,11.079524,5.599208,16,12,,,,,,,,,
1780297379.180852,,,UI_STATUS_SEND,274,,,,11.452027,191.452027,7.221257,,,,,,17,0,,274,1,-1,25.150000,mono,,,
1780297379.740233,,,MATCH_ACCEPT,274,0,11.380264,7.135000,11.333716,,7.159525,0.052613,9.256793,3.504528,8.520936,3.760783,17,9,,,,,,,,,
1780297379.740233,,,TRACK_DELETE,283,,,,337.826680,,5.232917,,,,7.777242,7.777242,0,12,,,,,,,,,
1780297379.740233,,,UI_STATUS_SEND,274,,,,11.360568,191.360568,7.142199,,,,,,18,0,,274,1,-1,25.150000,mono,,,
1780297379.773504,,,MATCH_REJECT,274,0,337.863139,5.315417,11.354062,,7.138072,33.540484,7.360157,2.240105,3.802784,1.215286,18,1,,,,,,,,,
1780297379.773504,,,NEW_TRACK,284,0,337.863139,5.315417,,,,,,,1.000000,1.000000,1,0,,,,,,,,,
1780297379.773504,,,TargetLost,274,,,,,,,,,,,,,,not_in_valid_tracks,,,,,,,,
1780297380.071154,,,MATCH_ACCEPT,274,0,11.207086,7.116667,11.295863,,7.101153,0.090122,8.288032,2.858688,5.817211,2.354887,17,6,,,,,,,,,
1780297380.071154,,,UI_STATUS_SEND,274,,,,11.253067,191.253067,7.110479,,,,,,18,0,,274,1,-1,47.250000,mono,,,
1780297380.400856,,,MATCH_ACCEPT,274,0,11.129613,6.979167,11.179662,,7.072268,0.105701,8.000297,2.666865,5.007923,2.104243,18,5,,,,,,,,,
1780297380.400856,,,UI_STATUS_SEND,274,,,,11.157398,191.157398,7.018840,,,,,,19,0,,274,1,-1,25.150000,mono,,,
1780297380.540062,,no_packet,TRACK_DELETE,284,,,,337.863139,,5.315417,,,,7.883091,7.883091,0,12,,,,,,,,,
1780297380.821812,,,MATCH_ACCEPT,274,0,10.956435,6.933333,11.057248,,6.948608,0.101964,8.245486,2.830324,5.485710,2.525024,19,6,,,,,,,,,
1780297380.821812,,,UI_STATUS_SEND,274,,,,11.010125,191.010125,6.939172,,,,,,20,0,,274,1,-1,25.150000,mono,,,
1780297381.032630,,,MATCH_REJECT,274,0,337.854024,5.324583,10.952925,,6.902123,33.136474,7.602266,2.401511,4.132646,1.634607,20,3,,,,,,,,,
1780297381.032630,,,NEW_TRACK,285,0,337.854024,5.324583,,,,,,,1.000000,1.000000,1,0,,,,,,,,,
1780297381.032630,,,TargetLost,274,,,,,,,,,,,,,,not_in_valid_tracks,,,,,,,,
1780297381.197189,,,MATCH_ACCEPT,274,0,10.929092,6.763750,10.908277,,6.873203,0.111414,8.187414,2.791609,5.393453,2.399629,19,6,,,,,,,,,
1780297381.197189,,,UI_STATUS_SEND,274,,,,10.917919,190.917919,6.806914,,,,,,20,0,,274,1,-1,25.150000,mono,,,
1780297381.509720,,,MATCH_ACCEPT,285,0,337.863139,5.315417,337.854024,,5.324583,0.012927,8.119895,2.746597,3.771897,3.771897,0,8,,,,,,,,,
1780297381.509720,,,TargetLost,274,,,,,,,,,,,,,,not_in_valid_tracks,,,,,,,,
1780297381.658973,,,MATCH_ACCEPT,274,0,11.129613,6.676667,10.795749,,6.697971,0.334542,8.490215,2.993476,6.118123,2.842778,19,8,,,,,,,,,
1780297381.658973,,,UI_STATUS_SEND,274,,,,10.960901,190.960901,6.684223,,,,,,20,0,,274,1,-1,47.250000,mono,,,
1780297382.024044,,,MATCH_ACCEPT,274,0,11.954482,6.534583,10.905662,,6.593694,1.050485,8.228459,2.818973,5.541886,2.404721,20,6,,,,,,,,,
1780297382.024044,,,UI_STATUS_SEND,274,,,,11.398581,191.398581,6.557864,,,,,,21,0,,274,1,-1,51.980000,mono,,,
1780297382.233703,,no_packet,TRACK_DELETE,285,,,,337.860807,,5.311766,,,,12.651383,7.773470,0,12,,,,,,,,,
1780297382.400869,,,MATCH_ACCEPT,274,0,13.759170,6.378750,11.470016,,6.452172,2.290331,8.144888,2.789659,5.405415,2.376780,21,6,,,,,,,,,
1780297382.400869,,,UI_STATUS_SEND,274,,,,12.544358,192.544358,6.407482,,,,,,22,0,,274,1,-1,25.150000,mono,,,
1780297382.937000,,,MATCH_ACCEPT,274,0,15.504613,6.300833,13.049744,,6.234874,2.455754,8.744826,3.163217,6.744324,3.261618,22,8,,,,,,,,,
1780297382.937000,,,UI_STATUS_SEND,274,,,,14.323872,194.323872,6.279469,,,,,,23,0,,274,1,-1,25.150000,mono,,,
1780297383.223209,,,MATCH_ACCEPT,274,0,17.710342,6.204583,14.842885,,6.198581,2.867463,8.028948,2.685966,5.116753,2.097658,23,5,,,,,,,,,
1780297383.223209,,,UI_STATUS_SEND,274,,,,16.133673,196.133673,6.202021,,,,,,24,0,,274,1,-1,25.150000,mono,,,
1780297383.743734,,,MATCH_ACCEPT,274,0,19.815810,6.163333,17.535948,,6.056506,2.282363,8.616095,3.077397,6.420562,3.049807,24,8,,,,,,,,,
1780297383.743734,,,UI_STATUS_SEND,274,,,,18.691224,198.691224,6.127144,,,,,,25,0,,274,1,-1,25.150000,mono,,,
1780297384.160886,,,MATCH_ACCEPT,274,0,21.319717,6.131250,20.143022,,6.036612,1.180495,8.429341,2.952894,6.042549,2.677035,25,6,,,,,,,,,
1780297384.160886,,,UI_STATUS_SEND,274,,,,20.721440,200.721440,6.096371,,,,,,26,0,,274,1,-1,47.250000,mono,,,
1780297384.598034,,,MATCH_ACCEPT,274,0,22.112685,6.145000,22.414384,,6.024805,0.324759,8.446765,2.964510,6.069119,2.719201,26,7,,,,,,,,,
1780297384.598034,,,TargetKeep,274,,,,,,,,,,,,,,lock_timer_expired,,,,,,,,
1780297384.598034,,,UI_STATUS_SEND,274,,,,22.265749,202.265749,6.101138,,,,,,27,0,,274,1,-1,47.250000,mono,,,
1780297385.040031,,,MATCH_ACCEPT,274,0,22.212946,6.190833,23.933506,,6.058234,1.725662,8.465586,2.977057,6.108570,2.754302,27,7,,,,,,,,,
1780297385.040031,,,UI_STATUS_SEND,274,,,,23.083071,203.083071,6.142838,,,,,,28,0,,274,1,-1,51.980000,mono,,,
1780297385.422073,,,MATCH_ACCEPT,274,0,21.862034,6.067083,24.306834,,6.134166,2.445720,8.217389,2.837993,5.608655,2.445549,28,6,,,,,,,,,
1780297385.422073,,,UI_STATUS_SEND,274,,,,23.136947,203.136947,6.092880,,,,,,29,0,,274,1,-1,47.250000,mono,,,
1780297385.466176,,,MATCH_REJECT,274,0,337.844909,5.214583,23.243191,,6.090242,45.406726,7.084565,2.056377,3.157836,1.070849,29,1,,,,,,,,,
1780297385.466176,,,NEW_TRACK,286,0,337.844909,5.214583,,,,,,,1.000000,1.000000,1,0,,,,,,,,,
1780297385.466176,,,TargetLost,274,,,,,,,,,,,,,,not_in_valid_tracks,,,,,,,,
1780297385.691033,,,MATCH_ACCEPT,274,0,21.502008,5.801250,23.784872,,6.076790,2.299432,7.804118,2.536078,4.553144,1.878550,28,5,,,,,,,,,
1780297385.691033,,,UI_STATUS_SEND,274,,,,22.822725,202.822725,5.926366,,,,,,29,0,,274,1,-1,51.980000,mono,,,
1780297385.886243,,,MATCH_ACCEPT,286,0,337.826680,5.232917,337.844909,,5.214583,0.025854,7.780125,2.520083,3.175410,3.175410,0,7,,,,,,,,,
1780297385.886243,,,TargetLost,274,,,,,,,,,,,,,,not_in_valid_tracks,,,,,,,,
1780297386.165208,,,MATCH_ACCEPT,274,0,20.777399,5.530833,23.646937,,5.831626,2.885260,8.327475,2.911383,5.737757,2.738395,28,7,,,,,,,,,
1780297386.165208,,,UI_STATUS_SEND,274,,,,22.257501,202.257501,5.638564,,,,,,29,0,,274,1,-1,47.250000,mono,,,
1780297386.422882,,,MATCH_ACCEPT,286,0,337.817566,5.205417,337.834155,,5.236100,0.034881,9.550175,3.700117,8.468168,5.222696,0,8,,,,,,,,,
1780297386.422882,,,TargetLost,274,,,,,,,,,,,,,,not_in_valid_tracks,,,,,,,,
1780297386.908340,,,MATCH_ACCEPT,274,0,19.765680,5.333750,22.814933,,5.356275,3.049336,9.644205,3.762804,9.268828,4.889863,28,11,,,,,,,,,
1780297386.908340,,,UI_STATUS_SEND,274,,,,20.993726,200.993726,5.339205,,,,,,29,0,,274,1,-1,47.250000,mono,,,
1780297387.251629,,no_packet,TRACK_DELETE,286,,,,337.809733,,5.205349,,,,14.792587,7.229973,0,12,,,,,,,,,
1780297387.361401,,,MATCH_ACCEPT,274,0,18.380264,5.090833,20.806795,,5.160971,2.427545,8.788270,3.192180,7.148667,3.041346,29,7,,,,,,,,,
1780297387.361401,,,UI_STATUS_SEND,274,,,,19.512154,199.512154,5.114637,,,,,,30,0,,274,1,-1,47.250000,mono,,,
1780297387.625701,,,MATCH_ACCEPT,274,0,17.455133,5.026667,19.188585,,5.000652,1.733647,7.917375,2.611583,4.927984,1.892383,30,4,,,,,,,,,
1780297387.625701,,,UI_STATUS_SEND,274,,,,18.424367,198.424367,5.014902,,,,,,31,0,,274,1,-1,51.980000,mono,,,
1780297388.010879,,,MATCH_REJECT,274,0,337.835795,5.242083,17.760866,,4.853676,39.926960,8.002444,2.694696,5.050020,2.211367,31,6,,,,,,,,,
1780297388.011412,,,NEW_TRACK,287,0,337.835795,5.242083,,,,,,,1.000000,1.000000,1,0,,,,,,,,,
1780297388.010879,,,TargetLost,274,,,,,,,,,,,,,,not_in_valid_tracks,,,,,,,,
1780297388.080409,,,MATCH_ACCEPT,274,0,17.250055,5.769167,17.641095,,4.824573,1.022335,8.247888,2.858325,5.604272,2.565751,30,7,,,,,,,,,
1780297388.080409,,,UI_STATUS_SEND,274,,,,17.454051,197.454051,5.416589,,,,,,31,0,,274,1,-1,47.250000,mono,,,
1780297388.410384,,,MATCH_ACCEPT,274,0,17.259170,6.846250,16.843775,,5.455934,1.451045,7.988665,2.659110,4.943061,2.127805,31,5,,,,,,,,,
1780297388.410384,,,UI_STATUS_SEND,274,,,,17.027221,197.027221,6.257581,,,,,,32,0,,274,1,-1,47.250000,mono,,,
1780297388.751609,,,MATCH_ACCEPT,287,0,337.863139,5.251250,337.835795,,5.242083,0.028839,9.762175,3.841450,7.378370,7.378370,0,11,,,,,,,,,
1780297388.751609,,,TargetLost,274,,,,,,,,,,,,,,not_in_valid_tracks,,,,,,,,
1780297388.922389,,,MATCH_ACCEPT,274,0,17.272842,7.703333,16.145464,,6.698474,1.510206,8.569809,3.046539,6.262074,3.019329,31,8,,,,,,,,,
1780297388.922389,,,UI_STATUS_SEND,274,,,,16.709697,196.709697,7.360655,,,,,,32,0,,274,1,-1,47.250000,mono,,,
1780297389.283662,,,MATCH_ACCEPT,274,0,17.359430,8.322083,16.226573,,7.881785,1.215413,8.227119,2.818080,5.537897,2.403675,32,6,,,,,,,,,
1780297389.283662,,,UI_STATUS_SEND,274,,,,16.758784,196.758784,8.148625,,,,,,33,0,,274,1,-1,25.150000,mono,,,
1780297389.352649,,,MATCH_ACCEPT,287,0,337.826680,5.205417,337.860412,,5.254663,0.059691,10.119865,4.079910,11.218492,5.427173,0,10,,,,,,,,,
1780297389.352649,,,TargetLost,274,,,,,,,,,,,,,,not_in_valid_tracks,,,,,,,,
1780297389.729597,,,MATCH_ACCEPT,274,0,17.382217,8.537500,16.323935,,8.897359,1.117792,8.415224,2.943483,5.949571,2.714519,32,7,,,,,,,,,
1780297389.729597,,,UI_STATUS_SEND,274,,,,16.840045,196.840045,8.668965,,,,,,33,0,,274,1,-1,25.150000,mono,,,
1780297389.788393,,,MATCH_ACCEPT,287,0,337.872253,5.278750,337.838573,,5.205250,0.080849,9.044357,3.362905,8.085805,3.223322,0,7,,,,,,,,,
1780297389.788393,,,TargetLost,274,,,,,,,,,,,,,,not_in_valid_tracks,,,,,,,,
1780297389.976630,,,MATCH_ACCEPT,274,0,17.436904,8.583333,16.686367,,9.033134,0.875001,7.785271,2.523514,4.541058,1.827066,32,4,,,,,,,,,
1780297389.976630,,,UI_STATUS_SEND,274,,,,17.002206,197.002206,8.790679,,,,,,33,0,,274,1,-1,25.150000,mono,,,
1780297390.234234,,,MATCH_ACCEPT,287,0,337.831237,5.237500,337.863189,,5.262684,0.040684,8.715961,3.143974,6.953862,2.930712,0,7,,,,,,,,,
1780297390.234234,,,TargetLost,274,,,,,,,,,,,,,,not_in_valid_tracks,,,,,,,,
1780297390.562032,,,MATCH_ACCEPT,287,0,337.831237,5.210000,337.846852,,5.247302,0.040438,8.148555,2.765703,5.431270,2.217843,1,5,,,,,,,,,
1780297390.562032,,,TargetLost,274,,,,,,,,,,,,,,not_in_valid_tracks,,,,,,,,
1780297390.567587,,,MATCH_ACCEPT,274,0,17.281956,8.569583,16.765206,,9.527621,1.088516,8.828192,3.218795,6.874822,3.485817,31,10,,,,,,,,,
1780297390.567587,,,UI_STATUS_SEND,274,,,,17.035881,197.035881,8.866105,,,,,,32,0,,274,1,-1,25.150000,mono,,,
1780297390.932959,,,MATCH_ACCEPT,274,0,16.958389,8.464167,16.956548,,9.112782,0.648617,8.329588,2.886392,5.812556,2.518703,32,6,,,,,,,,,
1780297390.932959,,,UI_STATUS_SEND,274,,,,16.957435,196.957435,8.712491,,,,,,33,0,,274,1,-1,47.250000,mono,,,
1780297391.043850,,,MATCH_ACCEPT,287,0,337.835795,5.232917,337.837967,,5.217262,0.015805,8.570535,3.047024,6.284402,2.999951,0,9,,,,,,,,,
1780297391.043850,,,TargetLost,274,,,,,,,,,,,,,,not_in_valid_tracks,,,,,,,,
1780297391.327364,,,MATCH_ACCEPT,274,0,16.379613,8.166250,16.872036,,8.837765,0.832714,8.275978,2.850652,5.642912,2.483304,32,6,,,,,,,,,
1780297391.327364,,,UI_STATUS_SEND,274,,,,16.638393,196.638393,8.425591,,,,,,33,0,,274,1,-1,47.250000,mono,,,
1780297391.678173,,,MATCH_ACCEPT,274,0,15.951227,7.937083,16.505311,,8.402739,0.723771,8.091322,2.727548,5.203966,2.235552,33,5,,,,,,,,,
1780297391.678173,,,UI_STATUS_SEND,274,,,,16.253570,196.253570,8.128652,,,,,,34,0,,274,1,-1,51.980000,mono,,,
1780297391.889802,,no_packet,TRACK_DELETE,287,,,,337.833401,,5.220992,,,,10.920950,5.980062,0,12,,,,,,,,,
1780297392.067141,,,MATCH_ACCEPT,274,0,15.345107,7.625417,16.037186,,8.003565,0.788650,8.122383,2.774656,5.333854,2.364859,34,6,,,,,,,,,
1780297392.067141,,,UI_STATUS_SEND,274,,,,15.714677,195.714677,7.773847,,,,,,35,0,,274,1,-1,51.980000,mono,,,
1780297392.416602,,,MATCH_ACCEPT,274,0,14.652399,7.290833,15.441744,,7.588322,0.843544,7.970735,2.673557,4.997971,2.149934,35,5,,,,,,,,,
1780297392.416602,,,UI_STATUS_SEND,274,,,,15.086652,195.086652,7.414427,,,,,,36,0,,274,1,-1,47.250000,mono,,,
1780297392.950618,,,MATCH_ACCEPT,274,0,14.160211,7.098333,14.536522,,7.044959,0.380077,8.628516,3.085677,6.427614,3.093791,36,8,,,,,,,,,
1780297392.950618,,,UI_STATUS_SEND,274,,,,14.345731,194.345731,7.080423,,,,,,37,0,,274,1,-1,97.460000,mono,,,
1780297393.405134,,,MATCH_REJECT,274,0,337.831237,5.232917,13.818895,,6.779918,36.020892,7.605903,3.036735,6.354999,2.866762,37,7,,,,,,,,,
1780297393.405134,,,NEW_TRACK,288,0,337.831237,5.232917,,,,,,,1.000000,1.000000,1,0,,,,,,,,,
1780297393.405134,,,TargetLost,274,,,,,,,,,,,,,,not_in_valid_tracks,,,,,,,,
1780297393.472489,,,MATCH_ACCEPT,274,0,13.754613,6.869167,13.741484,,6.735764,0.134047,7.853734,3.201956,6.989366,3.263158,36,8,,,,,,,,,
1780297393.471918,,,UI_STATUS_SEND,274,,,,13.750342,193.750342,6.841796,,,,,,37,0,,274,1,-1,47.250000,mono,,,
1780297393.854421,,,MATCH_ACCEPT,274,0,13.061904,6.346667,13.309186,,6.622905,0.370751,7.702027,2.468018,4.267160,1.823953,37,6,,,,,,,,,
1780297393.854421,,,UI_STATUS_SEND,274,,,,13.208855,193.208855,6.474122,,,,,,38,0,,274,1,-1,25.150000,mono,,,
1780297394.112473,,,MATCH_ACCEPT,288,0,337.835795,5.232917,337.831237,,5.232917,0.004557,9.553337,3.702225,6.853233,6.853233,0,11,,,,,,,,,
1780297394.112473,,,TargetLost,274,,,,,,,,,,,,,,not_in_valid_tracks,,,,,,,,
1780297394.212029,,,MATCH_ACCEPT,274,0,12.701878,6.112917,12.771055,,6.218678,0.126376,7.903732,2.602488,4.648337,2.124606,37,6,,,,,,,,,
1780297394.212029,,,UI_STATUS_SEND,274,,,,12.741550,192.741550,6.157736,,,,,,38,0,,274,1,-1,25.150000,mono,,,
1780297394.479706,,,MATCH_ACCEPT,288,0,337.854024,5.232917,337.834611,,5.232917,0.019413,8.908889,3.272592,7.354876,3.354985,0,6,,,,,,,,,
1780297394.479706,,,TargetLost,274,,,,,,,,,,,,,,not_in_valid_tracks,,,,,,,,
1780297394.548552,,,MATCH_ACCEPT,274,0,12.373753,5.938750,12.322423,,5.897941,0.065575,7.907735,2.605157,4.692524,2.094319,37,5,,,,,,,,,
1780297394.548552,,,UI_STATUS_SEND,274,,,,12.344435,192.344435,5.921313,,,,,,38,0,,274,1,-1,47.250000,mono,,,
1780297394.641279,,,MATCH_ACCEPT,288,0,337.835795,5.242083,337.847082,,5.232917,0.014541,7.777356,2.518238,4.666949,1.674571,0,3,,,,,,,,,
1780297394.641279,,,TargetLost,274,,,,,,,,,,,,,,not_in_valid_tracks,,,,,,,,
1780297395.008823,,,MATCH_ACCEPT,274,0,12.095758,5.581250,11.778566,,5.576297,0.317231,8.403246,2.935497,5.817624,2.799520,37,8,,,,,,,,,
1780297395.008823,,,UI_STATUS_SEND,274,,,,11.931480,191.931480,5.579476,,,,,,38,0,,274,1,-1,25.150000,mono,,,
1780297395.266048,,,MATCH_ACCEPT,274,0,11.740290,5.347500,11.642988,,5.387398,0.105164,7.817553,2.545035,4.595423,1.881781,38,4,,,,,,,,,
1780297395.266048,,,UI_STATUS_SEND,274,,,,11.684217,191.684217,5.365600,,,,,,39,0,,274,1,-1,47.250000,mono,,,
1780297395.406090,,no_packet,TRACK_DELETE,288,,,,337.848459,,5.241432,,,,9.892224,5.107411,0,12,,,,,,,,,
1780297396.101960,,no_packet,TRACK_DELETE,274,,,,10.771290,,4.724281,,,,9.705808,5.366223,39,12,,,,,,,,,
1780297396.261316,,,NEW_TRACK,289,0,11.270889,4.962500,,,,,,,1.000000,1.000000,1,0,,,,,,,,,
1780297396.261316,,,TargetLost,274,,,,,,,,,,,,,,not_in_valid_tracks,,,,,,,,
1780297396.713916,,,MATCH_ACCEPT,289,0,11.152399,4.797500,11.270889,,4.962500,0.203137,7.001338,2.633692,3.468167,3.468167,1,7,,,,,,,,,
1780297396.713916,,,TargetLost,274,,,,,,,,,,,,,,not_in_valid_tracks,,,,,,,,
1780297397.416889,,,MATCH_ACCEPT,289,0,11.093154,4.779167,11.152581,,4.701174,0.098053,8.989566,3.959177,9.835558,5.839525,2,11,,,,,,,,,
1780297397.416889,,,TargetLost,274,,,,,,,,,,,,,,not_in_valid_tracks,,,,,,,,
1780297397.416889,,,TargetSwitch,289,,,,,,,,,,,,,,master_lost,,,,,,,,
1780297397.416889,,,UI_STATUS_SEND,289,,,,11.108317,191.108317,4.769335,,,,,,3,0,,289,1,-1,97.460000,mono,,,
1780297397.450516,,,MATCH_REJECT,289,0,337.831237,5.434583,11.104223,,4.765485,33.279712,5.878107,1.884871,2.713338,0.839401,3,1,,,,,,,,,
1780297397.450516,,,NEW_TRACK,290,0,337.831237,5.434583,,,,,,,1.000000,1.000000,1,0,,,,,,,,,
1780297397.450516,,,TargetLost,289,,,,,,,,,,,,,,not_in_valid_tracks,,,,,,,,
1780297397.683609,,,MATCH_ACCEPT,289,0,11.175185,5.553750,11.075841,,4.738799,0.820984,6.695987,2.430125,4.282173,1.623334,2,5,,,,,,,,,
1780297397.683609,,,UI_STATUS_SEND,289,,,,11.131440,191.131440,5.275345,,,,,,3,0,,289,1,-1,97.460000,mono,,,
1780297397.911299,,,MATCH_ACCEPT,290,0,337.881368,5.200833,337.831237,,5.434583,0.239065,8.027029,2.684686,3.603769,3.603769,0,8,,,,,,,,,
1780297397.911299,,,TargetLost,289,,,,,,,,,,,,,,not_in_valid_tracks,,,,,,,,
1780297398.105795,,,MATCH_ACCEPT,289,0,11.229873,6.722500,11.099408,,5.462156,1.267079,6.816620,2.510547,4.314844,1.988001,2,7,,,,,,,,,
1780297398.105795,,,UI_STATUS_SEND,289,,,,11.172668,191.172668,6.347414,,,,,,3,0,,289,1,-1,47.250000,mono,,,
1780297398.590902,,,MATCH_ACCEPT,289,0,11.252659,7.483333,11.164427,,7.013575,0.477973,7.970063,2.646709,4.696741,2.308327,3,7,,,,,,,,,
1780297398.590902,,,UI_STATUS_SEND,289,,,,11.202283,191.202283,7.293710,,,,,,4,0,,289,1,-1,97.460000,mono,,,
1780297398.732748,,no_packet,TRACK_DELETE,290,,,,337.870039,,5.089495,,,,14.658409,9.301992,0,12,,,,,,,,,
1780297399.056816,,,MATCH_ACCEPT,289,0,11.234430,8.225833,11.208076,,8.063892,0.164071,7.490960,2.960107,5.910096,2.852136,4,7,,,,,,,,,
1780297399.056816,,,UI_STATUS_SEND,289,,,,11.224861,191.224861,8.188911,,,,,,5,0,,289,1,-1,97.460000,mono,,,
1780297399.288422,,,MATCH_ACCEPT,289,0,11.188857,8.798750,11.230501,,8.597565,0.205449,6.235312,2.123008,3.244876,1.262286,5,4,,,,,,,,,
1780297399.288422,,,UI_STATUS_SEND,289,,,,11.210071,191.210071,8.718230,,,,,,6,0,,289,1,-1,97.460000,mono,,,
1780297399.315421,,,MATCH_REJECT,289,0,33.435879,7.572708,11.210323,,8.769029,22.257729,5.352493,1.534462,1.770990,0.583583,6,1,,,,,,,,,
1780297399.315421,,,NEW_TRACK,291,0,33.435879,7.572708,,,,,,,1.000000,1.000000,1,0,,,,,,,,,
1780297399.315421,,,TargetLost,289,,,,,,,,,,,,,,not_in_valid_tracks,,,,,,,,
1780297399.873888,,,MATCH_ACCEPT,289,0,11.156956,8.947708,11.215542,,9.819773,0.874030,7.193159,2.761573,4.944487,2.681798,5,10,,,,,,,,,
1780297399.873888,,,UI_STATUS_SEND,289,,,,11.180699,191.180699,9.156146,,,,,,6,0,,289,1,-1,97.460000,mono,,,
1780297399.990772,,,MATCH_ACCEPT,289,0,11.106826,8.947708,11.178729,,9.302650,0.362151,5.828611,1.851874,2.507830,0.921606,6,2,,,,,,,,,
1780297399.990772,,,UI_STATUS_SEND,289,,,,11.148047,191.148047,9.117202,,,,,,7,0,,289,1,-1,97.460000,mono,,,
1780297400.060458,,no_packet,TRACK_DELETE,291,,,,33.435879,,7.572708,,,,7.501377,7.501377,0,12,,,,,,,,,
1780297400.542354,,,MATCH_ACCEPT,289,0,11.093154,8.933958,11.125555,,9.703759,0.770483,6.893517,2.561812,4.271431,2.291447,7,8,,,,,,,,,
1780297400.542354,,,UI_STATUS_SEND,289,,,,11.107442,191.107442,9.140872,,,,,,8,0,,289,1,-1,97.460000,mono,,,
1780297401.190289,,,MATCH_ACCEPT,289,0,11.125055,8.933958,11.071582,,9.459977,0.528730,7.621994,3.047463,6.059574,3.227453,8,10,,,,,,,,,
1780297401.190289,,,UI_STATUS_SEND,289,,,,11.105947,191.105947,9.042828,,,,,,9,0,,289,1,-1,47.250000,mono,,,
1780297401.343828,,,MATCH_REJECT,289,0,337.876810,5.269583,11.101246,,9.062189,33.440200,6.977178,1.984786,2.878497,1.060877,9,3,,,,,,,,,
1780297401.343828,,,NEW_TRACK,292,0,337.876810,5.269583,,,,,,,1.000000,1.000000,1,0,,,,,,,,,
1780297401.343828,,,TargetLost,289,,,,,,,,,,,,,,not_in_valid_tracks,,,,,,,,
1780297401.729115,,,MATCH_ACCEPT,289,0,11.138727,8.933958,11.089447,,9.110773,0.183554,8.274718,2.849812,5.468780,2.652648,8,9,,,,,,,,,
1780297401.729115,,,UI_STATUS_SEND,289,,,,11.112445,191.112445,8.999501,,,,,,9,0,,289,1,-1,97.460000,mono,,,
1780297402.148360,,no_packet,TRACK_DELETE,292,,,,337.876810,,5.269583,,,,8.529267,8.529267,0,12,,,,,,,,,
1780297402.347464,,,MATCH_ACCEPT,289,0,11.152399,8.950000,11.103637,,9.014747,0.081055,8.149527,3.399151,7.671087,3.883141,9,9,,,,,,,,,
1780297402.347464,,,UI_STATUS_SEND,289,,,,11.137518,191.137518,8.961541,,,,,,10,0,,289,1,-1,97.460000,mono,,,
1780297402.424765,,,MATCH_REJECT,289,0,337.835795,5.269583,11.138146,,8.960009,33.506206,5.896130,1.896886,2.701080,0.897098,10,2,,,,,,,,,
1780297402.424765,,,NEW_TRACK,293,0,337.835795,5.269583,,,,,,,1.000000,1.000000,1,0,,,,,,,,,
1780297402.424765,,,TargetLost,289,,,,,,,,,,,,,,not_in_valid_tracks,,,,,,,,
1780297402.763746,,,MATCH_ACCEPT,289,0,11.375706,8.956875,11.140901,,8.953287,0.234833,6.935483,2.589788,4.661764,2.045240,9,7,,,,,,,,,
1780297402.763746,,,UI_STATUS_SEND,289,,,,11.277198,191.277198,8.955828,,,,,,10,0,,289,1,-1,47.250000,mono,,,
1780297402.775229,,,MATCH_ACCEPT,293,0,337.826680,5.205417,337.835795,,5.269583,0.064811,7.392741,2.261827,2.557931,2.557931,0,6,,,,,,,,,
1780297402.775229,,,TargetLost,289,,,,,,,,,,,,,,not_in_valid_tracks,,,,,,,,
1780297403.196177,,,MATCH_ACCEPT,293,0,337.808451,5.260417,337.831559,,5.205836,0.059271,8.735183,3.156789,6.064804,3.900512,1,6,,,,,,,,,
1780297403.196177,,,TargetLost,289,,,,,,,,,,,,,,not_in_valid_tracks,,,,,,,,
1780297403.234539,,,MATCH_ACCEPT,289,0,11.712946,8.945417,11.326184,,8.947619,0.386768,7.910767,2.607178,4.559528,2.237848,8,8,,,,,,,,,
1780297403.234539,,,UI_STATUS_SEND,289,,,,11.489323,191.489323,8.946322,,,,,,9,0,,289,1,-1,25.150000,mono,,,
1780297403.616798,,,MATCH_ACCEPT,289,0,12.597060,8.927083,11.575742,,8.939173,1.021390,8.100766,2.733844,5.083072,2.390831,9,6,,,,,,,,,
1780297403.616798,,,UI_STATUS_SEND,289,,,,12.033820,192.033820,8.931862,,,,,,10,0,,289,1,-1,25.150000,mono,,,
1780297403.622678,,,MATCH_ACCEPT,293,0,337.826680,5.232917,337.813065,,5.241660,0.016181,9.076911,3.384607,7.808540,3.647025,0,8,,,,,,,,,
1780297403.622678,,,TargetLost,289,,,,,,,,,,,,,,not_in_valid_tracks,,,,,,,,
1780297403.995578,,,MATCH_ACCEPT,289,0,13.385472,8.924792,12.246202,,8.922189,1.139273,8.192468,2.794978,5.355194,2.456711,9,7,,,,,,,,,
1780297403.995578,,,UI_STATUS_SEND,289,,,,12.771916,192.771916,8.923780,,,,,,10,0,,289,1,-1,47.250000,mono,,,
1780297404.084969,,,MATCH_ACCEPT,293,0,337.849467,5.320000,337.815941,,5.229281,0.096716,9.032203,3.354802,7.876964,3.377732,0,8,,,,,,,,,
1780297404.084969,,,TargetLost,289,,,,,,,,,,,,,,not_in_valid_tracks,,,,,,,,
1780297404.361317,,,MATCH_ACCEPT,289,0,14.110081,8.892708,13.114619,,8.914973,0.995711,8.152830,2.768553,5.305208,2.359679,9,6,,,,,,,,,
1780297404.361317,,,UI_STATUS_SEND,289,,,,13.571654,193.571654,8.901578,,,,,,10,0,,289,1,-1,47.250000,mono,,,
1780297404.463106,,,MATCH_ACCEPT,293,0,338.273295,3.527917,337.835982,,5.307616,1.832640,8.511615,3.007743,6.419383,2.627135,0,6,,,,,,,,,
1780297404.463106,,,TargetLost,289,,,,,,,,,,,,,,not_in_valid_tracks,,,,,,,,
1780297404.732980,,,MATCH_ACCEPT,289,0,14.752659,8.881250,14.041757,,8.887955,0.710934,8.158772,2.772515,5.320780,2.366057,9,6,,,,,,,,,
1780297404.732980,,,UI_STATUS_SEND,289,,,,14.368663,194.368663,8.883917,,,,,,10,0,,289,1,-1,97.460000,mono,,,
1780297404.744253,,,MATCH_ACCEPT,293,0,337.895040,5.205417,338.102048,,3.914576,1.307334,7.972429,2.648286,5.010689,2.002728,0,5,,,,,,,,,
1780297404.744253,,,TargetLost,289,,,,,,,,,,,,,,not_in_valid_tracks,,,,,,,,
1780297405.257369,,,MATCH_ACCEPT,289,0,15.089899,8.849167,15.154433,,8.862710,0.065940,7.811289,3.173659,6.767723,3.304391,9,9,,,,,,,,,
1780297405.257369,,,UI_STATUS_SEND,289,,,,15.111348,195.111348,8.851918,,,,,,10,0,,289,1,-1,97.460000,mono,,,
1780297405.533952,,no_packet,TRACK_DELETE,293,,,,338.084131,,4.400067,,,,9.471743,5.186426,0,12,,,,,,,,,
1780297405.582257,,,MATCH_ACCEPT,289,0,15.199274,8.846875,15.588567,,8.835703,0.389453,6.584413,2.355742,3.926822,1.622699,10,5,,,,,,,,,
1780297405.582257,,,UI_STATUS_SEND,289,,,,15.379046,195.379046,8.843057,,,,,,11,0,,289,1,-1,47.250000,mono,,,
1780297406.118654,,,MATCH_ACCEPT,289,0,15.244847,8.853750,16.083976,,8.820225,0.839798,8.043552,2.695701,4.814743,2.452062,11,8,,,,,,,,,
1780297406.118654,,,UI_STATUS_SEND,289,,,,15.718835,195.718835,8.840702,,,,,,12,0,,289,1,-1,97.460000,mono,,,
1780297406.431451,,,MATCH_REJECT,289,0,337.808451,5.223750,16.043411,,8.833588,38.404988,6.951462,2.600442,4.673395,2.088902,12,5,,,,,,,,,
1780297406.431451,,,NEW_TRACK,294,0,337.808451,5.223750,,,,,,,1.000000,1.000000,1,0,,,,,,,,,
1780297406.431451,,,TargetLost,289,,,,,,,,,,,,,,not_in_valid_tracks,,,,,,,,
1780297406.497927,,,MATCH_ACCEPT,289,0,15.176488,8.872083,16.112391,,8.832076,0.936758,7.190803,2.760002,5.202105,2.415506,11,6,,,,,,,,,
1780297406.497927,,,UI_STATUS_SEND,289,,,,15.544377,195.544377,8.861739,,,,,,12,0,,289,1,-1,97.460000,mono,,,
1780297406.937556,,,MATCH_ACCEPT,289,0,15.026097,8.858333,15.819684,,8.863677,0.793605,6.874937,2.549424,4.452057,2.047508,12,7,,,,,,,,,
1780297406.937556,,,UI_STATUS_SEND,289,,,,15.367959,195.367959,8.859891,,,,,,13,0,,289,1,-1,97.460000,mono,,,
1780297407.216624,,no_packet,TRACK_DELETE,294,,,,337.808451,,5.223750,,,,8.184010,8.184010,0,12,,,,,,,,,
1780297407.549311,,,MATCH_REJECT,289,0,337.822123,5.219167,15.546835,,8.860370,37.900030,7.441733,2.927288,5.631090,2.937928,13,9,,,,,,,,,
1780297407.549311,,,NEW_TRACK,295,0,337.822123,5.219167,,,,,,,1.000000,1.000000,1,0,,,,,,,,,
1780297407.549311,,,TargetLost,289,,,,,,,,,,,,,,not_in_valid_tracks,,,,,,,,
1780297407.612042,,,MATCH_ACCEPT,289,0,14.775446,8.771250,15.565177,,8.860419,0.794749,7.688737,3.091958,6.216100,3.344105,12,10,,,,,,,,,
1780297407.612042,,,UI_STATUS_SEND,289,,,,15.053038,195.053038,8.789191,,,,,,13,0,,289,1,-1,97.460000,mono,,,
1780297407.891188,,,MATCH_ACCEPT,289,0,14.324274,8.555833,15.032692,,8.771691,0.740575,6.393752,2.228635,3.544992,1.421821,13,4,,,,,,,,,
1780297407.891188,,,UI_STATUS_SEND,289,,,,14.669481,194.669481,8.636138,,,,,,14,0,,289,1,-1,97.460000,mono,,,
1780297408.294960,,,MATCH_ACCEPT,289,0,14.078180,8.367917,14.531162,,8.556856,0.490806,6.524240,2.315627,3.655899,1.706229,14,6,,,,,,,,,
1780297408.294960,,,UI_STATUS_SEND,289,,,,14.295431,194.295431,8.430363,,,,,,15,0,,289,1,-1,25.150000,mono,,,
1780297408.364836,,no_packet,TRACK_DELETE,295,,,,337.822123,,5.219167,,,,8.716410,8.716410,0,12,,,,,,,,,
1780297408.734005,,,MATCH_ACCEPT,289,0,13.599665,8.161667,14.064989,,8.287911,0.482145,7.668389,2.445593,4.013786,1.967137,15,7,,,,,,,,,
1780297408.734005,,,UI_STATUS_SEND,289,,,,13.883018,193.883018,8.217553,,,,,,16,0,,289,1,-1,97.460000,mono,,,
1780297408.820921,,,MATCH_REJECT,289,0,337.831237,5.251250,13.825234,,8.183385,36.113227,6.066020,2.010147,2.900270,1.140420,16,2,,,,,,,,,
1780297408.820921,,,NEW_TRACK,296,0,337.831237,5.251250,,,,,,,1.000000,1.000000,1,0,,,,,,,,,
1780297408.820921,,,TargetLost,289,,,,,,,,,,,,,,not_in_valid_tracks,,,,,,,,
1780297408.991303,,,MATCH_ACCEPT,289,0,13.271540,7.900417,13.711959,,8.116406,0.490531,6.631345,2.387030,3.933334,1.764579,15,5,,,,,,,,,
1780297408.991303,,,UI_STATUS_SEND,289,,,,13.474740,193.474740,7.970205,,,,,,16,0,,289,1,-1,25.150000,mono,,,
1780297409.340541,,,MATCH_ACCEPT,289,0,12.824925,7.703333,13.179874,,7.783957,0.363991,7.378325,2.252217,3.500346,1.572133,16,5,,,,,,,,,
1780297409.340541,,,UI_STATUS_SEND,289,,,,13.052449,193.052449,7.743521,,,,,,17,0,,289,1,-1,97.460000,mono,,,
1780297409.617744,,no_packet,TRACK_DELETE,296,,,,337.831237,,5.251250,,,,8.417699,8.417699,0,12,,,,,,,,,
1780297409.665602,,,MATCH_REJECT,289,0,337.844909,5.242083,12.744942,,7.556269,34.976674,6.722830,2.448020,4.089503,1.903298,17,5,,,,,,,,,
1780297409.665602,,,NEW_TRACK,297,0,337.844909,5.242083,,,,,,,1.000000,1.000000,1,0,,,,,,,,,
1780297409.665602,,,TargetLost,289,,,,,,,,,,,,,,not_in_valid_tracks,,,,,,,,
1780297409.833254,,,MATCH_ACCEPT,289,0,12.524144,7.437500,12.586730,,7.459928,0.066483,7.355704,2.869936,5.437421,2.799114,16,8,,,,,,,,,
1780297409.832846,,,UI_STATUS_SEND,289,,,,12.548088,192.548088,7.442688,,,,,,17,0,,289,1,-1,25.150000,mono,,,
1780297410.166557,,,MATCH_ACCEPT,297,0,337.917826,5.297083,337.844909,,5.242083,0.091334,8.252990,2.835327,4.019540,4.019540,0,8,,,,,,,,,
1780297410.166557,,,TargetLost,289,,,,,,,,,,,,,,not_in_valid_tracks,,,,,,,,
1780297410.435978,,,MATCH_ACCEPT,297,0,337.817566,5.214583,337.883705,,5.295920,0.104834,8.154127,2.769418,5.055490,2.614184,1,4,,,,,,,,,
1780297410.435978,,,TargetLost,289,,,,,,,,,,,,,,not_in_valid_tracks,,,,,,,,
1780297410.489770,,,MATCH_ACCEPT,289,0,12.072972,7.194583,11.907935,,7.053845,0.216897,8.678215,3.118810,6.400971,3.326004,15,10,,,,,,,,,
1780297410.489770,,,UI_STATUS_SEND,289,,,,11.991438,191.991438,7.149600,,,,,,16,0,,289,1,-1,97.460000,mono,,,
1780297410.802944,,,MATCH_ACCEPT,297,0,337.826680,5.232917,337.855836,,5.240693,0.030175,8.551565,3.034377,6.356944,2.850497,1,6,,,,,,,,,
1780297410.802944,,,TargetLost,289,,,,,,,,,,,,,,not_in_valid_tracks,,,,,,,,
1780297411.014426,,,MATCH_ACCEPT,289,0,11.571670,6.864583,11.510962,,6.883385,0.063553,7.910340,3.239693,7.124536,3.371075,15,8,,,,,,,,,
1780297411.014426,,,UI_STATUS_SEND,289,,,,11.552178,191.552178,6.868342,,,,,,16,0,,289,1,-1,25.150000,mono,,,
1780297411.411215,,,MATCH_ACCEPT,289,0,10.897191,6.445208,11.199610,,6.661980,0.372085,7.755551,2.503701,4.387814,1.880705,16,6,,,,,,,,,
1780297411.411215,,,UI_STATUS_SEND,289,,,,11.074870,191.074870,6.543577,,,,,,17,0,,289,1,-1,155.930000,mono,,,
1780297411.621611,,no_packet,TRACK_DELETE,297,,,,337.833966,,5.221551,,,,12.432749,6.299631,0,12,,,,,,,,,
1780297411.659170,,,MATCH_ACCEPT,289,0,10.555394,6.293958,10.832705,,6.386660,0.292395,5.980099,2.359599,3.925079,1.642630,17,4,,,,,,,,,
1780297411.659170,,,UI_STATUS_SEND,289,,,,10.653374,190.653374,6.316770,,,,,,18,0,,289,1,-1,155.930000,mono,,,
1780297412.137300,,,MATCH_ACCEPT,289,0,10.341201,6.202292,10.124491,,5.981798,0.309161,5.899409,2.305806,3.530923,1.785819,18,7,,,,,,,,,
1780297412.137300,,,UI_STATUS_SEND,289,,,,10.259315,190.259315,6.151380,,,,,,19,0,,289,1,-1,155.930000,mono,,,
1780297412.411642,,,MATCH_ACCEPT,289,0,10.186253,6.326042,9.985785,,6.007960,0.375983,5.218012,1.851542,2.384864,1.043342,19,4,,,,,,,,,
1780297412.411642,,,TargetKeep,289,,,,,,,,,,,,,,lock_timer_expired,,,,,,,,
1780297412.411642,,,UI_STATUS_SEND,289,,,,10.091338,190.091338,6.218073,,,,,,20,0,,289,1,-1,155.930000,mono,,,
1780297412.791353,,,MATCH_ACCEPT,289,0,10.163467,6.637708,9.747283,,6.109220,0.672688,5.436865,1.997443,2.657963,1.331816,20,6,,,,,,,,,
1780297412.791353,,,UI_STATUS_SEND,289,,,,9.977622,189.977622,6.486023,,,,,,21,0,,289,1,-1,97.460000,mono,,,
1780297413.557422,,,MATCH_ACCEPT,289,0,10.076878,6.880625,9.438244,,6.581665,0.705146,7.537044,2.990830,5.585922,3.359139,21,11,,,,,,,,,
1780297413.557422,,,UI_STATUS_SEND,289,,,,9.836600,189.836600,6.820689,,,,,,22,0,,289,1,-1,155.930000,mono,,,
1780297413.965344,,,MATCH_ACCEPT,289,0,10.113336,6.976875,9.673378,,6.959544,0.440299,6.188335,2.498423,4.320688,1.921432,22,6,,,,,,,,,
1780297413.965344,,,UI_STATUS_SEND,289,,,,9.967401,189.967401,6.973094,,,,,,23,0,,289,1,-1,155.930000,mono,,,
1780297414.456007,,,MATCH_ACCEPT,289,0,10.117894,7.031875,9.877209,,7.146323,0.266510,5.970059,2.352906,3.684443,1.851725,23,8,,,,,,,,,
1780297414.456007,,,UI_STATUS_SEND,289,,,,10.029344,190.029344,7.057571,,,,,,24,0,,289,1,-1,155.930000,mono,,,
1780297415.290833,,no_packet,TRACK_DELETE,289,,,,9.973524,,7.279215,,,,6.437266,3.940827,24,12,,,,,,,,,
1780297415.706209,,,NEW_TRACK,298,0,10.122451,7.233542,,,,,,,1.000000,1.000000,1,0,,,,,,,,,
1780297415.706209,,,TargetLost,289,,,,,,,,,,,,,,not_in_valid_tracks,,,,,,,,
1780297415.971390,,,MATCH_ACCEPT,298,0,10.067764,7.338958,10.122451,,7.233542,0.118758,5.375801,1.956734,1.914403,1.914403,1,4,,,,,,,,,
1780297415.971390,,,TargetLost,289,,,,,,,,,,,,,,not_in_valid_tracks,,,,,,,,
1780297416.342381,,,MATCH_ACCEPT,298,0,10.076878,7.343542,10.083031,,7.359402,0.017012,6.089301,2.432401,3.650391,2.266182,2,6,,,,,,,,,
1780297416.342381,,,TargetLost,289,,,,,,,,,,,,,,not_in_valid_tracks,,,,,,,,
1780297416.342381,,,TargetSwitch,298,,,,,,,,,,,,,,master_lost,,,,,,,,
1780297416.342381,,,UI_STATUS_SEND,298,,,,10.079155,190.079155,7.346576,,,,,,3,0,,298,1,-1,155.930000,mono,,,
1780297416.709040,,,MATCH_ACCEPT,298,0,10.076878,7.329792,10.063769,,7.382023,0.053851,6.014199,2.382333,3.826588,1.848921,3,6,,,,,,,,,
1780297416.709040,,,UI_STATUS_SEND,298,,,,10.072170,190.072170,7.341533,,,,,,4,0,,298,1,-1,155.930000,mono,,,
1780297416.882121,,,MATCH_REJECT,298,0,337.822123,5.237500,10.066492,,7.349136,32.313439,5.046804,1.737403,2.173057,0.845511,4,3,,,,,,,,,
1780297416.882121,,,NEW_TRACK,299,0,337.822123,5.237500,,,,,,,1.000000,1.000000,1,0,,,,,,,,,
1780297416.882121,,,TargetLost,298,,,,,,,,,,,,,,not_in_valid_tracks,,,,,,,,
1780297417.231655,,,MATCH_ACCEPT,299,0,337.835795,5.310833,337.822123,,5.237500,0.074597,7.354770,2.236513,2.500996,2.500996,1,5,,,,,,,,,
1780297417.231655,,,TargetLost,298,,,,,,,,,,,,,,not_in_valid_tracks,,,,,,,,
1780297417.392357,,,MATCH_ACCEPT,298,0,10.054092,7.338958,10.049755,,7.371550,0.032878,7.099976,3.106184,6.249849,3.398530,2,11,,,,,,,,,
1780297417.392357,,,UI_STATUS_SEND,298,,,,10.052984,190.052984,7.343399,,,,,,3,0,,298,1,-1,155.930000,mono,,,
1780297417.651015,,,MATCH_ACCEPT,299,0,337.881368,5.251250,337.828412,,5.310146,0.079203,8.733127,3.155418,6.046348,3.910314,1,7,,,,,,,,,
1780297417.651015,,,TargetLost,298,,,,,,,,,,,,,,not_in_valid_tracks,,,,,,,,
1780297417.828424,,,MATCH_ACCEPT,298,0,10.081435,7.355000,10.039821,,7.350803,0.041826,5.967472,2.351181,3.785987,1.742066,2,7,,,,,,,,,
1780297417.828424,,,UI_STATUS_SEND,298,,,,10.066387,190.066387,7.354012,,,,,,3,0,,298,1,-1,97.460000,mono,,,
1780297418.154134,,,MATCH_ACCEPT,299,0,337.817566,5.232917,337.872095,,5.274565,0.068616,9.430735,3.620490,8.869706,4.238242,1,8,,,,,,,,,
1780297418.154134,,,TargetLost,298,,,,,,,,,,,,,,not_in_valid_tracks,,,,,,,,
1780297418.214138,,,MATCH_ACCEPT,298,0,10.090550,7.355000,10.062919,,7.361829,0.028463,6.228969,2.118780,3.038779,1.450448,2,6,,,,,,,,,
1780297418.214138,,,UI_STATUS_SEND,298,,,,10.076022,190.076022,7.357509,,,,,,3,0,,298,1,-1,97.460000,mono,,,
1780297418.686218,,,MATCH_ACCEPT,299,0,338.291524,4.939583,337.844589,,5.235183,0.535845,9.345650,3.563767,8.881927,3.818506,1,8,,,,,,,,,
1780297418.686218,,,TargetLost,298,,,,,,,,,,,,,,not_in_valid_tracks,,,,,,,,
1780297418.853661,,,MATCH_ACCEPT,298,0,10.190810,7.240417,10.077256,,7.367470,0.170403,7.422807,2.914671,5.430151,3.065158,2,10,,,,,,,,,
1780297418.853661,,,UI_STATUS_SEND,298,,,,10.147331,190.147331,7.267805,,,,,,3,0,,298,1,-1,25.150000,mono,,,
1780297419.180084,,,MATCH_ACCEPT,298,0,10.341201,7.185417,10.165147,,7.243164,0.185283,7.473370,2.315580,3.753018,1.608894,3,5,,,,,,,,,
1780297419.180084,,,UI_STATUS_SEND,298,,,,10.231201,190.231201,7.213868,,,,,,4,0,,298,1,-1,25.150000,mono,,,
1780297419.460056,,no_packet,TRACK_DELETE,299,,,,338.253588,,4.872177,,,,11.144204,5.416884,0,12,,,,,,,,,
1780297419.720761,,,MATCH_ACCEPT,298,0,10.386774,7.089167,10.287831,,7.157447,0.120217,8.470667,2.980445,5.892323,2.990728,4,8,,,,,,,,,
1780297419.720761,,,UI_STATUS_SEND,298,,,,10.335845,190.335845,7.112598,,,,,,5,0,,298,1,-1,25.150000,mono,,,
1780297419.995948,,,MATCH_REJECT,298,0,338.291524,4.939583,10.374041,,7.072806,32.153359,7.879627,2.586418,4.726904,1.962653,5,4,,,,,,,,,
1780297419.995948,,,NEW_TRACK,300,0,338.291524,4.939583,,,,,,,1.000000,1.000000,1,0,,,,,,,,,
1780297419.995948,,,TargetLost,298,,,,,,,,,,,,,,not_in_valid_tracks,,,,,,,,
1780297420.106952,,,MATCH_ACCEPT,300,0,337.890482,5.315417,338.291524,,4.939583,0.549623,6.346509,1.564339,1.223578,1.223578,1,2,,,,,,,,,
1780297420.106952,,,TargetLost,298,,,,,,,,,,,,,,not_in_valid_tracks,,,,,,,,
1780297420.222797,,,MATCH_ACCEPT,298,0,10.564508,6.940208,10.405527,,7.040004,0.187708,8.708000,3.138667,6.680439,3.170791,3,8,,,,,,,,,
1780297420.222797,,,UI_STATUS_SEND,298,,,,10.487664,190.487664,6.973152,,,,,,4,0,,298,1,-1,97.460000,mono,,,
1780297420.483980,,,MATCH_ACCEPT,298,0,10.801488,6.699583,10.538196,,6.920608,0.343765,6.949691,2.599260,4.835181,1.920974,4,4,,,,,,,,,
1780297420.483980,,,UI_STATUS_SEND,298,,,,10.693363,190.693363,6.766957,,,,,,5,0,,298,1,-1,97.460000,mono,,,
1780297420.904651,,no_packet,TRACK_DELETE,300,,,,338.177986,,5.225002,,,,10.094899,9.087085,0,12,,,,,,,,,
1780297421.086290,,,MATCH_ACCEPT,298,0,10.924534,6.552917,10.873021,,6.562571,0.052410,7.371872,2.880714,5.491090,2.807426,5,9,,,,,,,,,
1780297421.086290,,,UI_STATUS_SEND,298,,,,10.904946,190.904946,6.555145,,,,,,6,0,,298,1,-1,97.460000,mono,,,
1780297421.318895,,,MATCH_REJECT,298,0,337.854024,5.237500,10.979606,,6.474621,33.148675,6.216407,2.110405,3.178984,1.274823,6,4,,,,,,,,,
1780297421.318895,,,NEW_TRACK,301,0,337.854024,5.237500,,,,,,,1.000000,1.000000,1,0,,,,,,,,,
1780297421.318895,,,TargetLost,298,,,,,,,,,,,,,,not_in_valid_tracks,,,,,,,,
1780297421.471134,,,MATCH_ACCEPT,298,0,11.084040,6.387917,11.028472,,6.421919,0.065145,6.738393,2.458395,4.153528,1.890179,5,7,,,,,,,,,
1780297421.471134,,,UI_STATUS_SEND,298,,,,11.059152,191.059152,6.398398,,,,,,6,0,,298,1,-1,97.460000,mono,,,
1780297421.858868,,,MATCH_ACCEPT,301,0,337.872253,5.251250,337.854024,,5.237500,0.022833,8.506733,3.004488,4.513475,4.513475,0,9,,,,,,,,,
1780297421.858868,,,TargetLost,298,,,,,,,,,,,,,,not_in_valid_tracks,,,,,,,,
1780297422.080073,,,MATCH_ACCEPT,298,0,11.298232,6.156458,11.268348,,6.173932,0.034618,7.447725,2.931284,5.595901,2.996523,5,10,,,,,,,,,
1780297422.080073,,,UI_STATUS_SEND,298,,,,11.287001,191.287001,6.160292,,,,,,6,0,,298,1,-1,97.460000,mono,,,
1780297422.473848,,,MATCH_ACCEPT,298,0,11.507868,6.073958,11.427705,,6.010166,0.102448,6.780730,2.486620,4.263592,1.919687,6,6,,,,,,,,,
1780297422.473848,,,UI_STATUS_SEND,298,,,,11.472482,191.472482,6.054504,,,,,,7,0,,298,1,-1,97.460000,mono,,,
1780297422.611780,,no_packet,TRACK_DELETE,301,,,,337.869102,,5.257647,,,,13.619252,7.938325,0,12,,,,,,,,,
1780297422.659585,,,MATCH_REJECT,298,0,338.323425,4.284167,11.545178,,5.991874,33.265615,5.952162,1.934241,2.693018,1.048271,7,3,,,,,,,,,
1780297422.659585,,,NEW_TRACK,302,0,338.323425,4.284167,,,,,,,1.000000,1.000000,1,0,,,,,,,,,
1780297422.659585,,,TargetLost,298,,,,,,,,,,,,,,not_in_valid_tracks,,,,,,,,
1780297423.288421,,no_packet,TRACK_DELETE,298,,,,11.791300,,5.779834,,,,7.714817,4.412372,6,12,,,,,,,,,
1780297423.498256,,no_packet,TRACK_DELETE,302,,,,338.323425,,4.284167,,,,9.126030,9.126030,1,12,,,,,,,,,
1780297423.577816,,,NEW_TRACK,303,0,337.863139,5.251250,,,,,,,1.000000,1.000000,1,0,,,,,,,,,
1780297423.577816,,,TargetLost,298,,,,,,,,,,,,,,not_in_valid_tracks,,,,,,,,
1780297424.077795,,,MATCH_REJECT,303,0,11.726618,7.481042,337.863139,,5.251250,33.936812,8.239904,2.826603,3.994842,3.994842,1,8,,,,,,,,,
1780297424.077795,,,NEW_TRACK,304,0,11.726618,7.481042,,,,,,,1.000000,1.000000,1,0,,,,,,,,,
1780297424.077795,,,TargetLost,298,,,,,,,,,,,,,,not_in_valid_tracks,,,,,,,,
1780297424.356485,,no_packet,TRACK_DELETE,303,,,,337.863139,,5.251250,,,,8.067863,8.067863,0,12,,,,,,,,,
1780297424.597165,,,MATCH_ACCEPT,304,0,11.726618,7.907292,11.726618,,7.481042,0.426250,6.791266,2.900378,4.206095,4.206095,1,8,,,,,,,,,
1780297424.597165,,,TargetLost,298,,,,,,,,,,,,,,not_in_valid_tracks,,,,,,,,
1780297425.118766,,,MATCH_ACCEPT,304,0,11.722060,8.255625,11.726618,,8.118408,0.137293,6.881008,2.960205,5.724104,3.038709,2,8,,,,,,,,,
1780297425.118766,,,TargetLost,298,,,,,,,,,,,,,,not_in_valid_tracks,,,,,,,,
1780297425.118766,,,TargetSwitch,304,,,,,,,,,,,,,,master_lost,,,,,,,,
1780297425.118766,,,UI_STATUS_SEND,304,,,,11.723302,191.723302,8.235046,,,,,,3,0,,304,1,-1,155.930000,mono,,,
1780297425.199045,,,MATCH_REJECT,304,0,337.840352,5.274167,11.723035,,8.286211,34.016299,4.860158,1.612972,1.938534,0.663145,3,2,,,,,,,,,
1780297425.199045,,,NEW_TRACK,305,0,337.840352,5.274167,,,,,,,1.000000,1.000000,1,0,,,,,,,,,
1780297425.199045,,,TargetLost,304,,,,,,,,,,,,,,not_in_valid_tracks,,,,,,,,
1780297425.500714,,,MATCH_ACCEPT,304,0,11.717503,8.686458,11.722031,,8.478473,0.208035,5.956477,2.343852,3.773203,1.720437,2,7,,,,,,,,,
1780297425.500714,,,UI_STATUS_SEND,304,,,,11.719144,191.719144,8.637044,,,,,,3,0,,304,1,-1,155.930000,mono,,,
1780297425.962752,,,MATCH_ACCEPT,304,0,11.717503,8.878958,11.716407,,9.013609,0.134655,5.975643,2.356629,3.705435,1.848264,3,7,,,,,,,,,
1780297425.962752,,,TRACK_DELETE,305,,,,337.840352,,5.274167,,,,7.835757,7.835757,0,12,,,,,,,,,
1780297425.962752,,,UI_STATUS_SEND,304,,,,11.717101,191.717101,8.909235,,,,,,4,0,,304,1,-1,155.930000,mono,,,
1780297426.043843,,,MATCH_REJECT,304,0,337.817566,5.251250,11.716669,,8.966161,34.102049,4.702621,1.507947,1.668945,0.604960,4,2,,,,,,,,,
1780297426.043843,,,NEW_TRACK,306,0,337.817566,5.251250,,,,,,,1.000000,1.000000,1,0,,,,,,,,,
1780297426.043843,,,TargetLost,304,,,,,,,,,,,,,,not_in_valid_tracks,,,,,,,,
1780297426.224112,,,MATCH_ACCEPT,304,0,11.712946,8.915625,11.715708,,9.092710,0.177107,5.265948,1.883499,2.459971,1.087596,3,5,,,,,,,,,
1780297426.224112,,,UI_STATUS_SEND,304,,,,11.714232,191.714232,8.974096,,,,,,4,0,,304,1,-1,155.930000,mono,,,
1780297426.553852,,,MATCH_ACCEPT,304,0,11.735732,8.874375,11.712053,,9.162198,0.288796,5.292777,1.901385,2.437457,1.177808,4,5,,,,,,,,,
1780297426.553852,,,UI_STATUS_SEND,304,,,,11.724649,191.724649,8.964408,,,,,,5,0,,304,1,-1,155.930000,mono,,,
1780297426.805230,,,MATCH_ACCEPT,306,0,337.817566,5.269583,337.817566,,5.251250,0.018333,9.923287,3.948858,7.796740,7.796740,0,12,,,,,,,,,
1780297426.805230,,,TargetLost,304,,,,,,,,,,,,,,not_in_valid_tracks,,,,,,,,
1780297426.984269,,,MATCH_ACCEPT,304,0,11.712946,8.858333,11.726731,,9.110404,0.252447,5.679022,2.158882,3.048498,1.612272,4,7,,,,,,,,,
1780297426.984269,,,UI_STATUS_SEND,304,,,,11.718639,191.718639,8.921237,,,,,,5,0,,304,1,-1,47.250000,mono,,,
1780297427.258747,,,MATCH_ACCEPT,306,0,337.831237,5.223750,337.817566,,5.274016,0.052092,9.366897,3.577932,8.808884,3.992710,0,7,,,,,,,,,
1780297427.258747,,,TargetLost,304,,,,,,,,,,,,,,not_in_valid_tracks,,,,,,,,
1780297427.475082,,,MATCH_ACCEPT,304,0,11.717503,8.830833,11.717523,,8.987395,0.156562,7.530932,2.353955,3.624566,1.916535,4,8,,,,,,,,,
1780297427.475082,,,UI_STATUS_SEND,304,,,,11.717516,191.717516,8.901148,,,,,,5,0,,304,1,-1,47.250000,mono,,,
1780297427.660720,,,MATCH_ACCEPT,306,0,337.835795,5.324583,337.828247,,5.230492,0.094393,8.816570,3.211046,7.343974,2.966845,0,7,,,,,,,,,
1780297427.660720,,,TargetLost,304,,,,,,,,,,,,,,not_in_valid_tracks,,,,,,,,
1780297427.874793,,,MATCH_ACCEPT,304,0,11.799534,8.791875,11.716604,,8.919951,0.152580,8.021239,2.680826,4.800071,2.386755,4,6,,,,,,,,,
1780297427.874793,,,UI_STATUS_SEND,304,,,,11.752629,191.752629,8.842547,,,,,,5,0,,304,1,-1,97.460000,mono,,,
1780297428.380124,,,MATCH_ACCEPT,304,0,11.858779,8.681875,11.765476,,8.829095,0.174297,7.652466,3.067777,6.325384,3.085874,5,8,,,,,,,,,
1780297428.380124,,,UI_STATUS_SEND,304,,,,11.826353,191.826353,8.713443,,,,,,6,0,,304,1,-1,97.460000,mono,,,
1780297428.434385,,,MATCH_ACCEPT,306,0,337.835795,5.214583,337.839787,,5.321684,0.107175,10.043666,4.029110,10.815716,5.418015,0,12,,,,,,,,,
1780297428.434385,,,TargetLost,304,,,,,,,,,,,,,,not_in_valid_tracks,,,,,,,,
1780297428.605056,,,MATCH_ACCEPT,304,0,11.940810,8.546667,11.841566,,8.684961,0.170219,6.244449,2.129099,3.271100,1.261963,5,4,,,,,,,,,
1780297428.605056,,,UI_STATUS_SEND,304,,,,11.890455,191.890455,8.602024,,,,,,6,0,,304,1,-1,97.460000,mono,,,
1780297428.807055,,,MATCH_ACCEPT,306,0,337.835795,5.278750,337.840270,,5.228457,0.050492,8.599961,3.066641,6.711924,2.692360,0,6,,,,,,,,,
1780297428.807055,,,TargetLost,304,,,,,,,,,,,,,,not_in_valid_tracks,,,,,,,,
1780297429.070668,,,MATCH_ACCEPT,304,0,12.018284,8.420625,11.938513,,8.505362,0.116378,6.710479,2.439786,3.966765,1.985790,5,7,,,,,,,,,
1780297429.070668,,,UI_STATUS_SEND,304,,,,11.981647,191.981647,8.445863,,,,,,6,0,,304,1,-1,97.460000,mono,,,
1780297429.281701,,,MATCH_ACCEPT,306,0,337.854024,5.232917,337.841100,,5.260247,0.030232,8.602849,3.068566,6.510057,2.906040,0,7,,,,,,,,,
1780297429.281701,,,TargetLost,304,,,,,,,,,,,,,,not_in_valid_tracks,,,,,,,,
1780297429.444000,,,MATCH_ACCEPT,304,0,12.095758,8.292292,12.032766,,8.345541,0.082484,6.560023,2.339482,3.719420,1.753755,5,6,,,,,,,,,
1780297429.444000,,,UI_STATUS_SEND,304,,,,12.065818,192.065818,8.309569,,,,,,6,0,,304,1,-1,97.460000,mono,,,
1780297429.860548,,,MATCH_ACCEPT,304,0,12.205133,8.104375,12.133664,,8.182534,0.105908,6.650244,2.399629,3.896240,1.861981,6,6,,,,,,,,,
1780297429.860548,,,UI_STATUS_SEND,304,,,,12.171991,192.171991,8.128719,,,,,,7,0,,304,1,-1,97.460000,mono,,,
1780297430.069988,,no_packet,TRACK_DELETE,306,,,,337.856309,,5.230011,,,,10.045176,5.341622,0,12,,,,,,,,,
1780297430.122172,,,MATCH_ACCEPT,304,0,12.259821,7.943958,12.222534,,8.034634,0.098042,6.152326,2.067684,3.002307,1.273011,7,4,,,,,,,,,
1780297430.122172,,,UI_STATUS_SEND,304,,,,12.240104,192.240104,7.980065,,,,,,8,0,,304,1,-1,97.460000,mono,,,
1780297430.501697,,,MATCH_ACCEPT,304,0,12.391982,7.806458,12.318773,,7.821984,0.074838,6.399637,2.232558,3.375676,1.608640,8,6,,,,,,,,,
1780297430.501697,,,UI_STATUS_SEND,304,,,,12.355412,192.355412,7.811794,,,,,,9,0,,304,1,-1,97.460000,mono,,,
1780297430.669512,,,MATCH_REJECT,304,0,337.926941,5.297083,12.395145,,7.740139,34.554676,5.800287,1.832991,2.391156,0.968701,9,3,,,,,,,,,
1780297430.669512,,,NEW_TRACK,307,0,337.926941,5.297083,,,,,,,1.000000,1.000000,1,0,,,,,,,,,
1780297430.669512,,,TargetLost,304,,,,,,,,,,,,,,not_in_valid_tracks,,,,,,,,
1780297431.297229,,no_packet,TRACK_DELETE,304,,,,12.543767,,7.472109,,,,7.102082,4.168264,8,12,,,,,,,,,
1780297431.510936,,no_packet,TRACK_DELETE,307,,,,337.926941,,5.297083,,,,9.178463,9.178463,1,12,,,,,,,,,
1780297432.311233,,,NEW_TRACK,308,0,337.835795,5.214583,,,,,,,1.000000,1.000000,1,0,,,,,,,,,
1780297432.311233,,,TargetLost,304,,,,,,,,,,,,,,not_in_valid_tracks,,,,,,,,
1780297433.154484,,no_packet,TRACK_DELETE,308,,,,337.835795,,5.214583,,,,9.207432,9.207432,1,12,,,,,,,,,
1780297433.486348,,,NEW_TRACK,309,0,12.736058,8.095208,,,,,,,1.000000,1.000000,1,0,,,,,,,,,
1780297433.486348,,,TargetLost,304,,,,,,,,,,,,,,not_in_valid_tracks,,,,,,,,
1780297434.317965,,no_packet,TRACK_DELETE,309,,,,12.736058,,8.095208,,,,9.002415,9.002415,1,12,,,,,,,,,
1780297434.328888,,,NEW_TRACK,310,0,337.835795,5.246667,,,,,,,1.000000,1.000000,1,0,,,,,,,,,
1780297434.328888,,,TargetLost,304,,,,,,,,,,,,,,not_in_valid_tracks,,,,,,,,
1780297435.163487,,no_packet,TRACK_DELETE,310,,,,337.835795,,5.246667,,,,9.054188,9.054188,1,12,,,,,,,,,
1780297435.305047,,,NEW_TRACK,311,0,337.885925,5.210000,,,,,,,1.000000,1.000000,1,0,,,,,,,,,
1780297435.305047,,,TargetLost,304,,,,,,,,,,,,,,not_in_valid_tracks,,,,,,,,
1780297435.828702,,,MATCH_ACCEPT,311,0,337.854024,5.242083,337.885925,,5.210000,0.045244,8.375768,2.917179,4.254967,4.254967,1,8,,,,,,,,,
1780297435.828702,,,TargetLost,304,,,,,,,,,,,,,,not_in_valid_tracks,,,,,,,,
1780297435.850836,,,MATCH_REJECT,311,0,13.289769,8.136458,337.872628,,5.234148,35.535859,6.998179,1.998786,2.732851,1.262296,2,1,,,,,,,,,
1780297435.850836,,,NEW_TRACK,312,0,13.289769,8.136458,,,,,,,1.000000,1.000000,1,0,,,,,,,,,
1780297435.850836,,,TargetLost,304,,,,,,,,,,,,,,not_in_valid_tracks,,,,,,,,
1780297435.957859,,,MATCH_ACCEPT,311,0,337.826680,5.232917,337.870813,,5.237444,0.044365,7.509287,2.339525,3.686420,1.786957,1,3,,,,,,,,,
1780297435.957859,,,TargetLost,304,,,,,,,,,,,,,,not_in_valid_tracks,,,,,,,,
1780297436.083177,,,MATCH_ACCEPT,311,0,338.273295,4.389583,337.849828,,5.238493,0.948669,7.191187,2.127458,3.237004,1.289074,2,2,,,,,,,,,
1780297436.083177,,,TargetLost,304,,,,,,,,,,,,,,not_in_valid_tracks,,,,,,,,
1780297436.083177,,,TargetSwitch,311,,,,,,,,,,,,,,master_lost,,,,,,,,
1780297436.083177,,,UI_STATUS_SEND,311,,,,337.994317,157.994317,4.854738,,,,,,3,0,,311,1,-1,26.430000,mono,,,
1780297436.486568,,,MATCH_ACCEPT,311,0,337.881368,5.223750,338.046566,,4.655292,0.591976,8.250312,2.833541,5.462584,2.566372,3,6,,,,,,,,,
1780297436.486568,,,UI_STATUS_SEND,311,,,,337.969520,157.969520,5.008627,,,,,,4,0,,311,1,-1,26.430000,mono,,,
1780297436.626403,,no_packet,TRACK_DELETE,312,,,,13.289769,,8.136458,,,,8.061329,8.061329,0,12,,,,,,,,,
1780297436.763656,,,MATCH_REJECT,311,0,343.885258,11.738958,337.985348,,4.985422,8.967674,8.003307,2.668871,5.038320,2.084554,4,4,,,,,,,,,
1780297436.763656,,,NEW_TRACK,313,0,343.885258,11.738958,,,,,,,1.000000,1.000000,1,0,,,,,,,,,
1780297436.763656,,,TargetLost,311,,,,,,,,,,,,,,not_in_valid_tracks,,,,,,,,
1780297436.801898,,,MATCH_REJECT,313,0,29.639655,4.634792,343.885258,,11.738958,46.302635,5.208793,1.459195,1.064625,1.064625,1,1,,,,,,,,,
1780297436.801898,,,NEW_TRACK,314,0,29.639655,4.634792,,,,,,,1.000000,1.000000,1,0,,,,,,,,,
1780297436.801898,,,TargetLost,311,,,,,,,,,,,,,,not_in_valid_tracks,,,,,,,,
1780297437.001875,,,MATCH_REJECT,314,0,21.798232,7.371042,29.639655,,4.634792,8.305117,5.045048,1.762898,1.553905,1.553905,1,3,,,,,,,,,
1780297437.001875,,,NEW_TRACK,315,0,21.798232,7.371042,,,,,,,1.000000,1.000000,1,0,,,,,,,,,
1780297437.001875,,,TargetLost,311,,,,,,,,,,,,,,not_in_valid_tracks,,,,,,,,
1780297437.280730,,no_packet,TRACK_DELETE,311,,,,338.014886,,4.942120,,,,11.531081,6.063137,1,12,,,,,,,,,
1780297437.528436,,,MATCH_ACCEPT,315,0,17.275120,8.571875,21.798232,,7.371042,4.679802,7.439559,2.925840,4.280269,4.280269,1,8,,,,,,,,,
1780297437.528436,,,TRACK_DELETE,313,,,,343.885258,,11.738958,,,,7.868949,7.868949,0,12,,,,,,,,,
1780297437.527913,,,TargetLost,311,,,,,,,,,,,,,,not_in_valid_tracks,,,,,,,,
1780297437.596639,,no_packet,TRACK_DELETE,314,,,,29.639655,,4.634792,,,,8.345287,8.345287,0,12,,,,,,,,,
1780297437.795864,,,MATCH_ACCEPT,315,0,13.627008,8.232708,18.379049,,8.726587,4.777637,6.000931,2.400154,3.958533,1.802205,2,4,,,,,,,,,
1780297437.795864,,,NEW_TRACK,316,1,12.439834,9.722292,,,,,,,1.000000,1.000000,1,0,,,,,,,,,
1780297437.795864,,,TargetLost,311,,,,,,,,,,,,,,not_in_valid_tracks,,,,,,,,
1780297437.795864,,,TargetSwitch,315,,,,,,,,,,,,,,master_lost,,,,,,,,
1780297437.795864,,,UI_STATUS_SEND,315,,,,15.261191,195.261191,8.343086,,,,,,3,0,,315,1,-1,97.460000,mono,,,
1780297437.893556,,,MATCH_REJECT,316,0,337.867696,5.223750,12.439834,,9.722292,34.863586,4.719058,1.545572,1.194397,1.194397,1,2,,,,,,,,,
1780297437.893556,,,NEW_TRACK,317,0,337.867696,5.223750,,,,,,,1.000000,1.000000,1,0,,,,,,,,,
1780297437.892947,,,TargetLost,315,,,,,,,,,,,,,,not_in_valid_tracks,,,,,,,,
1780297438.060231,,,MATCH_ACCEPT,315,0,13.640680,8.218958,13.436435,,8.551941,0.390632,6.053697,2.001931,2.793707,1.214020,2,5,,,,,,,,,
1780297438.060231,,,UI_STATUS_SEND,315,,,,13.529020,193.529020,8.355355,,,,,,3,0,,315,1,-1,97.460000,mono,,,
1780297438.140879,,,MATCH_REJECT,316,0,6.939181,11.596875,12.439834,,9.722292,5.811303,5.806478,2.270519,2.577628,2.577628,0,7,,,,,,,,,
1780297438.140879,,,NEW_TRACK,318,0,6.939181,11.596875,,,,,,,1.000000,1.000000,1,0,,,,,,,,,
1780297438.140879,,,TargetLost,315,,,,,,,,,,,,,,not_in_valid_tracks,,,,,,,,
1780297438.493437,,no_packet,TRACK_DELETE,316,,,,12.439834,,9.722292,,,,6.833473,6.833473,0,12,,,,,,,,,
1780297438.531949,,,MATCH_ACCEPT,315,0,13.617894,8.168542,10.319096,,8.604895,3.327532,6.996198,2.630265,4.540321,2.377974,2,8,,,,,,,,,
1780297438.531949,,,UI_STATUS_SEND,315,,,,12.212694,192.212694,8.282677,,,,,,3,0,,315,1,-1,155.930000,mono,,,
1780297438.564473,,,MATCH_REJECT,318,0,358.613009,13.150625,6.939181,,11.596875,8.469904,6.234846,2.529431,3.199009,3.199009,0,7,,,,,,,,,
1780297438.564473,,,NEW_TRACK,319,0,358.613009,13.150625,,,,,,,1.000000,1.000000,1,0,,,,,,,,,
1780297438.564473,,,TRACK_DELETE,317,,,,337.867696,,5.223750,,,,6.416958,6.416958,0,12,,,,,,,,,
1780297438.564473,,,TargetLost,315,,,,,,,,,,,,,,not_in_valid_tracks,,,,,,,,
1780297438.686831,,,MATCH_REJECT,319,0,338.273295,3.848750,358.613009,,13.150625,22.365797,5.422785,1.581323,1.250292,1.250292,1,2,,,,,,,,,
1780297438.686831,,,NEW_TRACK,320,0,338.273295,3.848750,,,,,,,1.000000,1.000000,1,0,,,,,,,,,
1780297438.686831,,,TargetLost,315,,,,,,,,,,,,,,not_in_valid_tracks,,,,,,,,
1780297438.796320,,,MATCH_ACCEPT,315,0,13.672581,8.173125,10.859631,,8.329603,2.817299,5.741908,2.200805,3.391659,1.451885,1,5,,,,,,,,,
1780297438.796320,,,TargetLost,315,,,,,,,,,,,,,,not_in_valid_tracks,,,,,,,,
1780297438.866179,,no_packet,TRACK_DELETE,318,,,,6.939181,,11.596875,,,,7.194745,7.194745,0,12,,,,,,,,,
1780297439.353996,,no_packet,TRACK_DELETE,319,,,,358.613009,,13.150625,,,,8.294989,8.294989,0,12,,,,,,,,,
1780297439.493981,,no_packet,TRACK_DELETE,320,,,,338.273295,,3.848750,,,,8.597205,8.597205,0,12,,,,,,,,,
1780297439.595009,,,MATCH_REJECT,315,0,337.434753,7.190000,9.665090,,8.259488,32.248077,7.215692,3.183328,6.338320,3.795258,2,12,,,,,,,,,
1780297439.595009,,,NEW_TRACK,321,0,337.434753,7.190000,,,,,,,1.000000,1.000000,1,0,,,,,,,,,
1780297439.595009,,,TRACK_DELETE,315,,,,9.665090,,8.259488,,,,6.338320,3.795258,1,12,,,,,,,,,
1780297439.595009,,,TargetLost,315,,,,,,,,,,,,,,not_in_valid_tracks,,,,,,,,
1780297439.852945,,,MATCH_REJECT,321,0,13.620172,8.159375,337.434753,,7.190000,36.198401,6.905179,1.936786,1.875570,1.875570,1,4,,,,,,,,,
1780297439.852945,,,NEW_TRACK,322,0,13.620172,8.159375,,,,,,,1.000000,1.000000,1,0,,,,,,,,,
1780297439.852945,,,TargetLost,315,,,,,,,,,,,,,,not_in_valid_tracks,,,,,,,,
1780297440.177560,,,MATCH_ACCEPT,322,0,13.613336,8.145625,13.620172,,8.159375,0.015356,5.636029,2.156886,2.326078,2.326078,1,5,,,,,,,,,
1780297440.177560,,,TargetLost,315,,,,,,,,,,,,,,not_in_valid_tracks,,,,,,,,
1780297440.387813,,no_packet,TRACK_DELETE,321,,,,337.434753,,7.190000,,,,8.321352,8.321352,0,12,,,,,,,,,
1780297441.015239,,no_packet,TRACK_DELETE,322,,,,13.612182,,8.134512,,,,10.762270,7.473351,2,12,,,,,,,,,
1780297441.175520,,,NEW_TRACK,323,0,338.291524,4.939583,,,,,,,1.000000,1.000000,1,0,,,,,,,,,
1780297441.175520,,,TargetLost,315,,,,,,,,,,,,,,not_in_valid_tracks,,,,,,,,
1780297441.761239,,,MATCH_ACCEPT,323,0,337.963399,4.957917,338.291524,,4.939583,0.328637,8.761849,3.174566,5.038935,5.038935,1,9,,,,,,,,,
1780297441.761239,,,TargetLost,315,,,,,,,,,,,,,,not_in_valid_tracks,,,,,,,,
1780297441.902291,,,MATCH_ACCEPT,323,0,337.872253,5.274167,338.119272,,4.956042,0.402768,7.633422,2.422282,4.038252,1.829196,2,2,,,,,,,,,
1780297441.902291,,,TargetLost,315,,,,,,,,,,,,,,not_in_valid_tracks,,,,,,,,
1780297441.902291,,,TargetSwitch,323,,,,,,,,,,,,,,master_lost,,,,,,,,
1780297441.902291,,,UI_STATUS_SEND,323,,,,338.022314,158.022314,5.127611,,,,,,3,0,,323,1,-1,26.430000,mono,,,
1780297442.617413,,,MATCH_ACCEPT,323,0,337.885925,5.210000,337.811434,,5.295844,0.113658,10.056553,4.037702,10.720802,5.582235,3,11,,,,,,,,,
1780297442.617413,,,UI_STATUS_SEND,323,,,,337.858491,157.858491,5.228773,,,,,,4,0,,323,1,-1,26.430000,mono,,,
1780297443.097278,,,MATCH_ACCEPT,323,0,337.840352,5.251250,337.734256,,5.312652,0.122583,9.163758,3.442505,8.387892,3.462950,4,7,,,,,,,,,
1780297443.097278,,,UI_STATUS_SEND,323,,,,337.795052,157.795052,5.270341,,,,,,5,0,,323,1,-1,26.430000,mono,,,
1780297443.933431,,no_packet,TRACK_DELETE,323,,,,337.612578,,5.386353,,,,11.521696,5.758376,5,12,,,,,,,,,
1780297444.141616,,,NEW_TRACK,324,0,338.273295,3.848750,,,,,,,1.000000,1.000000,1,0,,,,,,,,,
1780297444.141616,,,TargetLost,323,,,,,,,,,,,,,,not_in_valid_tracks,,,,,,,,
1780297444.441162,,,MATCH_ACCEPT,324,0,337.844909,5.324583,338.273295,,3.848750,1.536749,7.121069,2.080713,2.164683,2.164683,1,5,,,,,,,,,
1780297444.441162,,,TargetLost,323,,,,,,,,,,,,,,not_in_valid_tracks,,,,,,,,
1780297445.180674,,,MATCH_ACCEPT,324,0,337.867696,5.223750,338.046545,,5.612373,0.427803,10.641532,4.427688,11.284700,8.319723,2,11,,,,,,,,,
1780297445.180674,,,TargetLost,323,,,,,,,,,,,,,,not_in_valid_tracks,,,,,,,,
1780297445.180674,,,TargetSwitch,324,,,,,,,,,,,,,,master_lost,,,,,,,,
1780297445.180674,,,UI_STATUS_SEND,324,,,,337.931444,157.931444,5.285196,,,,,,3,0,,324,1,-1,26.430000,mono,,,
1780297445.620508,,,MATCH_ACCEPT,324,0,337.872253,5.223750,337.815905,,5.681776,0.461479,9.288635,3.525757,8.828846,3.602114,3,7,,,,,,,,,
1780297445.620508,,,UI_STATUS_SEND,324,,,,337.848898,157.848898,5.362321,,,,,,4,0,,324,1,-1,26.430000,mono,,,
1780297446.453912,,no_packet,TRACK_DELETE,324,,,,337.650381,,5.877757,,,,12.440870,5.996094,4,12,,,,,,,,,
1780297448.135532,,,NEW_TRACK,325,0,337.813008,5.260417,,,,,,,1.000000,1.000000,1,0,,,,,,,,,
1780297448.135532,,,TargetLost,324,,,,,,,,,,,,,,not_in_valid_tracks,,,,,,,,
1780297448.809001,,,MATCH_ACCEPT,325,0,337.831237,5.260417,337.813008,,5.260417,0.018229,9.317683,3.545122,6.283944,6.283944,1,10,,,,,,,,,
1780297448.809001,,,TargetLost,324,,,,,,,,,,,,,,not_in_valid_tracks,,,,,,,,
1780297449.123647,,,MATCH_ACCEPT,325,0,337.124857,7.455833,337.825497,,5.260417,2.304506,8.603259,3.068839,6.466046,2.951729,2,5,,,,,,,,,
1780297449.123647,,,TargetLost,324,,,,,,,,,,,,,,not_in_valid_tracks,,,,,,,,
1780297449.123647,,,TargetSwitch,325,,,,,,,,,,,,,,master_lost,,,,,,,,
1780297449.123647,,,UI_STATUS_SEND,325,,,,337.469225,157.469225,6.695939,,,,,,3,0,,325,1,-1,47.250000,mono,,,
1780297449.962142,,no_packet,TRACK_DELETE,325,,,,337.191975,,8.000404,,,,13.393064,6.720538,3,12,,,,,,,,,
1780297450.032474,,,NEW_TRACK,326,0,338.268737,3.844167,,,,,,,1.000000,1.000000,1,0,,,,,,,,,
1780297450.032474,,,TargetLost,325,,,,,,,,,,,,,,not_in_valid_tracks,,,,,,,,
1780297450.577787,,,MATCH_ACCEPT,326,0,337.817566,5.251250,338.268737,,3.844167,1.477647,8.501075,3.000716,4.502150,4.502150,1,8,,,,,,,,,
1780297450.577787,,,TargetLost,325,,,,,,,,,,,,,,not_in_valid_tracks,,,,,,,,
1780297451.329049,,,MATCH_ACCEPT,326,0,337.863139,5.287917,337.895999,,5.905139,0.618096,10.887341,4.591561,13.377347,7.705084,2,11,,,,,,,,,
1780297451.329049,,,TargetLost,325,,,,,,,,,,,,,,not_in_valid_tracks,,,,,,,,
1780297451.329049,,,TargetSwitch,326,,,,,,,,,,,,,,master_lost,,,,,,,,
1780297451.329049,,,UI_STATUS_SEND,326,,,,337.873602,157.873602,5.391979,,,,,,3,0,,326,1,-1,26.430000,mono,,,
1780297452.171886,,no_packet,TRACK_DELETE,326,,,,337.652596,,6.153546,,,,14.567457,6.646011,3,12,,,,,,,,,
1780297455.851385,,,NEW_TRACK,327,0,337.876810,5.260417,,,,,,,1.000000,1.000000,1,0,,,,,,,,,
1780297455.851385,,,TargetLost,326,,,,,,,,,,,,,,not_in_valid_tracks,,,,,,,,
1780297456.684030,,no_packet,TRACK_DELETE,327,,,,337.876810,,5.260417,,,,9.019631,9.019631,1,12,,,,,,,,,
1780297457.635892,,,NEW_TRACK,328,0,12.973037,7.719375,,,,,,,1.000000,1.000000,1,0,,,,,,,,,
1780297457.635892,,,TargetLost,326,,,,,,,,,,,,,,not_in_valid_tracks,,,,,,,,
1780297458.479990,,no_packet,TRACK_DELETE,328,,,,12.973037,,7.719375,,,,9.222963,9.222963,1,12,,,,,,,,,
1780297459.007314,,,NEW_TRACK,329,0,12.991266,7.728542,,,,,,,1.000000,1.000000,1,0,,,,,,,,,
1780297459.007314,,,TargetLost,326,,,,,,,,,,,,,,not_in_valid_tracks,,,,,,,,
1780297459.549186,,,MATCH_REJECT,329,0,337.863139,5.210000,12.991266,,7.728542,35.218296,6.881612,2.987274,4.461904,4.461904,1,8,,,,,,,,,
1780297459.549186,,,NEW_TRACK,330,0,337.863139,5.210000,,,,,,,1.000000,1.000000,1,0,,,,,,,,,
1780297459.549186,,,TargetLost,326,,,,,,,,,,,,,,not_in_valid_tracks,,,,,,,,
1780297459.827111,,no_packet,TRACK_DELETE,329,,,,12.991266,,7.728542,,,,8.789847,8.789847,0,12,,,,,,,,,
1780297460.384397,,no_packet,TRACK_DELETE,330,,,,337.863139,,5.210000,,,,9.066851,9.066851,1,12,,,,,,,,,
1780297460.847711,,,NEW_TRACK,331,0,337.835795,5.324583,,,,,,,1.000000,1.000000,1,0,,,,,,,,,
1780297460.847711,,,TargetLost,326,,,,,,,,,,,,,,not_in_valid_tracks,,,,,,,,
1780297461.681129,,no_packet,TRACK_DELETE,331,,,,337.835795,,5.324583,,,,9.035739,9.035739,1,12,,,,,,,,,
1780297462.168747,,,NEW_TRACK,332,0,337.867696,5.315417,,,,,,,1.000000,1.000000,1,0,,,,,,,,,
1780297462.168747,,,TargetLost,326,,,,,,,,,,,,,,not_in_valid_tracks,,,,,,,,
1780297463.007001,,no_packet,TRACK_DELETE,332,,,,337.867696,,5.315417,,,,9.121240,9.121240,1,12,,,,,,,,,
1780297464.233112,,,NEW_TRACK,333,0,337.854024,5.251250,,,,,,,1.000000,1.000000,1,0,,,,,,,,,
1780297464.233112,,,TargetLost,326,,,,,,,,,,,,,,not_in_valid_tracks,,,,,,,,
1780297464.892580,,,MATCH_ACCEPT,333,0,337.844909,5.232917,337.854024,,5.251250,0.020474,9.230851,3.487234,6.080400,6.080400,1,10,,,,,,,,,
1780297464.892580,,,TargetLost,326,,,,,,,,,,,,,,not_in_valid_tracks,,,,,,,,
1780297465.564502,,,MATCH_ACCEPT,333,0,337.854024,5.242083,337.845977,,5.225138,0.018759,10.468661,4.312441,12.245678,6.351466,2,10,,,,,,,,,
1780297465.564502,,,TargetLost,326,,,,,,,,,,,,,,not_in_valid_tracks,,,,,,,,
1780297465.564502,,,TargetSwitch,333,,,,,,,,,,,,,,master_lost,,,,,,,,
1780297465.564502,,,UI_STATUS_SEND,333,,,,337.851305,157.851305,5.238738,,,,,,3,0,,333,1,-1,26.430000,mono,,,
1780297465.914489,,,MATCH_ACCEPT,333,0,337.881368,5.269583,337.850899,,5.236940,0.044654,8.764725,3.176484,7.322655,2.767393,3,6,,,,,,,,,
1780297465.914489,,,UI_STATUS_SEND,333,,,,337.867337,157.867337,5.257803,,,,,,4,0,,333,1,-1,26.430000,mono,,,
1780297466.404661,,,MATCH_ACCEPT,333,0,337.835795,5.214583,337.872374,,5.264213,0.061654,8.813607,3.209071,7.189944,3.108195,4,8,,,,,,,,,
1780297466.404661,,,UI_STATUS_SEND,333,,,,337.852805,157.852805,5.231186,,,,,,5,0,,333,1,-1,26.430000,mono,,,
1780297467.130988,,,MATCH_ACCEPT,333,0,337.858581,5.214583,337.850896,,5.219617,0.009187,9.720009,3.813340,9.629672,4.911886,5,11,,,,,,,,,
1780297467.130988,,,UI_STATUS_SEND,333,,,,337.855557,157.855557,5.215798,,,,,,6,0,,333,1,-1,26.430000,mono,,,
1780297467.297482,,,MATCH_REJECT,333,0,14.745823,9.992708,337.855598,,5.212640,37.198626,7.845482,2.563654,4.836837,1.735487,6,3,,,,,,,,,
1780297467.297482,,,NEW_TRACK,334,0,14.745823,9.992708,,,,,,,1.000000,1.000000,1,0,,,,,,,,,
1780297467.297482,,,TargetLost,333,,,,,,,,,,,,,,not_in_valid_tracks,,,,,,,,
1780297467.431490,,,MATCH_ACCEPT,334,0,11.706110,8.801042,14.745823,,9.992708,3.264954,4.801070,1.600247,1.280395,1.280395,1,2,,,,,,,,,
1780297467.431490,,,TargetLost,333,,,,,,,,,,,,,,not_in_valid_tracks,,,,,,,,
1780297467.637937,,,MATCH_ACCEPT,333,0,337.876810,5.219167,337.855682,,5.206182,0.024799,9.017002,3.344668,7.751782,3.435023,4,8,,,,,,,,,
1780297467.637937,,,UI_STATUS_SEND,333,,,,337.867379,157.867379,5.215107,,,,,,5,0,,333,1,-1,26.430000,mono,,,
1780297467.763040,,,MATCH_ACCEPT,334,0,10.352594,6.330625,13.179467,,8.847519,3.784966,5.631005,2.153537,2.704152,1.933569,1,5,,,,,,,,,
1780297467.763040,,,TargetLost,333,,,,,,,,,,,,,,not_in_valid_tracks,,,,,,,,
1780297468.009635,,,MATCH_ACCEPT,333,0,337.867696,5.255833,337.870176,,5.210799,0.045103,8.362036,2.908024,5.968140,2.488463,4,6,,,,,,,,,
1780297468.009635,,,UI_STATUS_SEND,333,,,,337.868965,157.868965,5.238463,,,,,,5,0,,333,1,-1,26.430000,mono,,,
1780297468.571504,,no_packet,TRACK_DELETE,334,,,,8.566352,,3.129345,,,,9.861101,6.000108,1,12,,,,,,,,,
1780297468.850588,,no_packet,TRACK_DELETE,333,,,,337.874634,,5.249079,,,,10.367734,5.617135,5,12,,,,,,,,,
1780297468.855772,,,NEW_TRACK,335,0,10.717178,8.590208,,,,,,,1.000000,1.000000,1,0,,,,,,,,,
1780297468.855772,,,TargetLost,333,,,,,,,,,,,,,,not_in_valid_tracks,,,,,,,,
1780297469.018675,,,MATCH_REJECT,335,0,337.831237,5.251250,10.717178,,8.590208,33.055010,5.545331,1.683554,1.417177,1.417177,1,3,,,,,,,,,
1780297469.018675,,,NEW_TRACK,336,0,337.831237,5.251250,,,,,,,1.000000,1.000000,1,0,,,,,,,,,
1780297469.018675,,,TargetLost,333,,,,,,,,,,,,,,not_in_valid_tracks,,,,,,,,
1780297469.460552,,,MATCH_ACCEPT,336,0,337.808451,5.223750,337.831237,,5.251250,0.035714,7.892776,2.595184,3.367490,3.367490,1,7,,,,,,,,,
1780297469.460552,,,TargetLost,333,,,,,,,,,,,,,,not_in_valid_tracks,,,,,,,,
1780297469.601006,,no_packet,TRACK_DELETE,335,,,,10.717178,,8.590208,,,,7.546808,7.546808,0,12,,,,,,,,,
1780297469.606806,,,MATCH_REJECT,336,0,14.417698,7.733125,337.821645,,5.228665,36.681650,7.427343,2.284896,3.420736,1.800012,2,3,,,,,,,,,
1780297469.606806,,,NEW_TRACK,337,0,14.417698,7.733125,,,,,,,1.000000,1.000000,1,0,,,,,,,,,
1780297469.606806,,,TargetLost,333,,,,,,,,,,,,,,not_in_valid_tracks,,,,,,,,
1780297469.988776,,,MATCH_ACCEPT,337,0,14.440485,7.737708,14.417698,,7.733125,0.023243,5.949375,2.365783,2.798465,2.798465,1,6,,,,,,,,,
1780297469.988776,,,TargetLost,333,,,,,,,,,,,,,,not_in_valid_tracks,,,,,,,,
1780297470.198557,,no_packet,TRACK_DELETE,336,,,,337.815112,,5.213286,,,,12.636886,8.057448,0,12,,,,,,,,,
1780297470.337816,,,MATCH_REJECT,337,0,337.908711,5.306250,14.437299,,7.738917,36.609501,5.935996,2.356864,3.623130,1.931677,2,5,,,,,,,,,
1780297470.337816,,,NEW_TRACK,338,0,337.908711,5.306250,,,,,,,1.000000,1.000000,1,0,,,,,,,,,
1780297470.337816,,,TargetLost,333,,,,,,,,,,,,,,not_in_valid_tracks,,,,,,,,
1780297470.823363,,no_packet,TRACK_DELETE,337,,,,14.446362,,7.741595,,,,10.639498,7.022122,1,12,,,,,,,,,
1780297471.027121,,,MATCH_REJECT,338,0,14.415420,7.774375,337.908711,,5.306250,36.590045,9.416745,3.611163,6.520250,6.520250,1,10,,,,,,,,,
1780297471.027121,,,NEW_TRACK,339,0,14.415420,7.774375,,,,,,,1.000000,1.000000,1,0,,,,,,,,,
1780297471.027121,,,TargetLost,333,,,,,,,,,,,,,,not_in_valid_tracks,,,,,,,,
1780297471.163487,,no_packet,TRACK_DELETE,338,,,,337.908711,,5.306250,,,,8.892511,8.892511,0,12,,,,,,,,,
1780297471.282164,,,MATCH_REJECT,339,0,337.817566,5.232917,14.415420,,7.774375,36.685991,5.334371,1.929114,1.860740,1.860740,1,4,,,,,,,,,
1780297471.282164,,,NEW_TRACK,340,0,337.817566,5.232917,,,,,,,1.000000,1.000000,1,0,,,,,,,,,
1780297471.282164,,,TargetLost,333,,,,,,,,,,,,,,not_in_valid_tracks,,,,,,,,
1780297471.843863,,no_packet,TRACK_DELETE,339,,,,14.415420,,7.774375,,,,8.750689,8.750689,0,12,,,,,,,,,
1780297471.892625,,,MATCH_ACCEPT,340,0,337.881368,5.329167,337.817566,,5.232917,0.115476,8.909696,3.273131,5.356692,5.356692,1,9,,,,,,,,,
1780297471.892625,,,TargetLost,333,,,,,,,,,,,,,,not_in_valid_tracks,,,,,,,,
1780297472.733100,,no_packet,TRACK_DELETE,340,,,,337.877393,,5.384314,,,,15.639641,8.725785,2,12,,,,,,,,,
1780297474.316379,,,NEW_TRACK,341,0,337.808451,5.260417,,,,,,,1.000000,1.000000,1,0,,,,,,,,,
1780297474.316379,,,TargetLost,333,,,,,,,,,,,,,,not_in_valid_tracks,,,,,,,,
1780297475.153977,,no_packet,TRACK_DELETE,341,,,,337.808451,,5.260417,,,,9.111122,9.111122,1,12,,,,,,,,,
1780297475.185805,,,NEW_TRACK,342,0,337.817566,5.324583,,,,,,,1.000000,1.000000,1,0,,,,,,,,,
1780297475.185805,,,TargetLost,333,,,,,,,,,,,,,,not_in_valid_tracks,,,,,,,,
1780297476.018775,,no_packet,TRACK_DELETE,342,,,,337.817566,,5.324583,,,,9.024771,9.024771,1,12,,,,,,,,,
1780297476.844045,,,NEW_TRACK,343,0,338.259623,4.994583,,,,,,,1.000000,1.000000,1,0,,,,,,,,,
1780297476.844045,,,TargetLost,333,,,,,,,,,,,,,,not_in_valid_tracks,,,,,,,,
1780297477.679353,,no_packet,TRACK_DELETE,343,,,,338.259623,,4.994583,,,,9.063945,9.063945,1,12,,,,,,,,,
1780297479.994233,,,NEW_TRACK,344,0,337.822123,5.269583,,,,,,,1.000000,1.000000,1,0,,,,,,,,,
1780297479.994233,,,TargetLost,333,,,,,,,,,,,,,,not_in_valid_tracks,,,,,,,,
1780297480.490278,,,MATCH_ACCEPT,344,0,337.854024,5.287917,337.822123,,5.269583,0.036794,8.217712,2.811808,3.953132,3.953132,1,8,,,,,,,,,
1780297480.490278,,,TargetLost,333,,,,,,,,,,,,,,not_in_valid_tracks,,,,,,,,
1780297480.658506,,,MATCH_ACCEPT,344,0,337.835795,5.214583,337.837251,,5.285666,0.071097,7.633976,2.422650,3.909581,1.959654,2,3,,,,,,,,,
1780297480.658506,,,TargetLost,333,,,,,,,,,,,,,,not_in_valid_tracks,,,,,,,,
1780297480.658506,,,TargetSwitch,344,,,,,,,,,,,,,,master_lost,,,,,,,,
1780297480.658506,,,UI_STATUS_SEND,344,,,,337.836690,157.836690,5.246117,,,,,,3,0,,344,1,-1,26.430000,mono,,,
1780297481.372044,,,MATCH_ACCEPT,344,0,337.863139,5.223750,337.847945,,5.220836,0.015470,10.214134,4.142756,11.121531,6.040896,3,11,,,,,,,,,
1780297481.372044,,,UI_STATUS_SEND,344,,,,337.857672,157.857672,5.223151,,,,,,4,0,,344,1,-1,26.430000,mono,,,
1780297481.959943,,,MATCH_REJECT,344,0,12.927464,12.967292,337.871456,,5.203574,35.905418,9.696665,3.797776,10.065452,4.357654,4,9,,,,,,,,,
1780297481.959943,,,NEW_TRACK,345,0,12.927464,12.967292,,,,,,,1.000000,1.000000,1,0,,,,,,,,,
1780297481.959943,,,TargetLost,344,,,,,,,,,,,,,,not_in_valid_tracks,,,,,,,,
1780297481.992677,,,MATCH_ACCEPT,344,0,337.822123,5.251250,337.872223,,5.202484,0.069915,9.847713,3.898475,10.552073,4.646037,3,10,,,,,,,,,
1780297481.992677,,,UI_STATUS_SEND,344,,,,337.840759,157.840759,5.238977,,,,,,4,0,,344,1,-1,26.430000,mono,,,
1780297482.756749,,no_packet,TRACK_DELETE,345,,,,12.927464,,12.967292,,,,8.438464,8.438464,0,12,,,,,,,,,
1780297482.826525,,no_packet,TRACK_DELETE,344,,,,337.843448,,5.235612,,,,12.215628,5.998060,4,12,,,,,,,,,
1780297483.288693,,,NEW_TRACK,346,0,337.863139,5.232917,,,,,,,1.000000,1.000000,1,0,,,,,,,,,
1780297483.288693,,,TargetLost,344,,,,,,,,,,,,,,not_in_valid_tracks,,,,,,,,
1780297484.133320,,no_packet,TRACK_DELETE,346,,,,337.863139,,5.232917,,,,9.233179,9.233179,1,12,,,,,,,,,
1780297486.282584,,,NEW_TRACK,347,0,337.854024,5.324583,,,,,,,1.000000,1.000000,1,0,,,,,,,,,
1780297486.282584,,,TargetLost,344,,,,,,,,,,,,,,not_in_valid_tracks,,,,,,,,
1780297486.416906,,,MATCH_ACCEPT,347,0,337.835795,5.278750,337.854024,,5.324583,0.049325,6.401177,1.600784,1.281255,1.281255,1,2,,,,,,,,,
1780297486.416906,,,TargetLost,344,,,,,,,,,,,,,,not_in_valid_tracks,,,,,,,,
1780297486.708739,,,MATCH_ACCEPT,347,0,337.863139,5.255833,337.849965,,5.297555,0.043752,7.383028,2.255352,2.851075,2.235537,2,5,,,,,,,,,
1780297486.708739,,,TargetLost,344,,,,,,,,,,,,,,not_in_valid_tracks,,,,,,,,
1780297486.708739,,,TargetSwitch,347,,,,,,,,,,,,,,master_lost,,,,,,,,
1780297486.708739,,,UI_STATUS_SEND,347,,,,337.854092,157.854092,5.272997,,,,,,3,0,,347,1,-1,26.430000,mono,,,
1780297487.549901,,no_packet,TRACK_DELETE,347,,,,337.856425,,5.220548,,,,14.422122,9.645694,3,12,,,,,,,,,
1780297487.887897,,,NEW_TRACK,348,0,337.849467,5.260417,,,,,,,1.000000,1.000000,1,0,,,,,,,,,
1780297487.887897,,,TargetLost,347,,,,,,,,,,,,,,not_in_valid_tracks,,,,,,,,
1780297488.243619,,,MATCH_ACCEPT,348,0,337.817566,5.232917,337.849467,,5.260417,0.042118,7.418099,2.278733,2.596312,2.596312,1,6,,,,,,,,,
1780297488.243619,,,TargetLost,347,,,,,,,,,,,,,,not_in_valid_tracks,,,,,,,,
1780297488.555352,,,MATCH_ACCEPT,348,0,337.854024,5.242083,337.835941,,5.235616,0.019205,8.122697,2.748465,4.673204,2.880855,2,5,,,,,,,,,
1780297488.555352,,,TargetLost,347,,,,,,,,,,,,,,not_in_valid_tracks,,,,,,,,
1780297488.555352,,,TargetSwitch,348,,,,,,,,,,,,,,master_lost,,,,,,,,
1780297488.555352,,,UI_STATUS_SEND,348,,,,337.843677,157.843677,5.239809,,,,,,3,0,,348,1,-1,26.430000,mono,,,
1780297489.390988,,no_packet,TRACK_DELETE,348,,,,337.840452,,5.224171,,,,14.579572,8.176743,3,12,,,,,,,,,
1780297491.219286,,,NEW_TRACK,349,0,337.831237,5.287917,,,,,,,1.000000,1.000000,1,0,,,,,,,,,
1780297491.219286,,,TargetLost,348,,,,,,,,,,,,,,not_in_valid_tracks,,,,,,,,
1780297491.784318,,,MATCH_ACCEPT,349,0,337.835795,5.232917,337.831237,,5.287917,0.055188,8.641417,3.094278,4.787279,4.787279,1,9,,,,,,,,,
1780297491.784318,,,TargetLost,348,,,,,,,,,,,,,,not_in_valid_tracks,,,,,,,,
1780297492.363490,,,MATCH_REJECT,349,2,357.298231,11.716042,337.834663,,5.216057,20.520240,9.934740,3.956493,10.128628,5.525209,2,9,,,,,,,,,
1780297492.363490,,,NEW_TRACK,350,0,358.282606,11.056042,,,,,,,1.000000,1.000000,1,0,,,,,,,,,
1780297492.363490,,,NEW_TRACK,351,1,357.772189,11.386042,,,,,,,1.000000,1.000000,1,0,,,,,,,,,
1780297492.363490,,,NEW_TRACK,352,2,357.298231,11.716042,,,,,,,1.000000,1.000000,1,0,,,,,,,,,
1780297492.363490,,,TargetLost,348,,,,,,,,,,,,,,not_in_valid_tracks,,,,,,,,
1780297492.533314,,,MATCH_ACCEPT,351,0,357.799533,11.399792,357.772189,,11.386042,0.030606,4.946736,1.697358,1.440511,1.440511,1,3,,,,,,,,,
1780297492.533314,,,TRACK_DELETE,349,,,,337.835088,,5.207145,,,,13.551777,7.735734,0,12,,,,,,,,,
1780297492.533314,,,TargetLost,348,,,,,,,,,,,,,,not_in_valid_tracks,,,,,,,,
1780297493.166458,,no_packet,TRACK_DELETE,350,,,,358.282606,,11.056042,,,,8.524962,8.524962,0,12,,,,,,,,,
1780297493.166458,,no_packet,TRACK_DELETE,352,,,,357.298231,,11.716042,,,,8.524962,8.524962,0,12,,,,,,,,,
1780297493.379230,,no_packet,TRACK_DELETE,351,,,,357.794735,,11.406384,,,,10.656570,8.758380,2,12,,,,,,,,,
1780297494.200957,,,NEW_TRACK,353,0,337.854024,5.278750,,,,,,,1.000000,1.000000,1,0,,,,,,,,,
1780297494.200957,,,TargetLost,348,,,,,,,,,,,,,,not_in_valid_tracks,,,,,,,,
1780297494.303365,,,MATCH_ACCEPT,353,0,337.844909,5.315417,337.854024,,5.278750,0.037783,6.328698,1.552465,1.205074,1.205074,1,2,,,,,,,,,
1780297494.303365,,,TargetLost,348,,,,,,,,,,,,,,not_in_valid_tracks,,,,,,,,
1780297494.668364,,,MATCH_ACCEPT,353,0,337.844909,5.324583,337.852091,,5.299698,0.025900,7.709451,2.472968,3.341784,2.773785,2,6,,,,,,,,,
1780297494.668364,,,TargetLost,348,,,,,,,,,,,,,,not_in_valid_tracks,,,,,,,,
1780297494.668364,,,TargetSwitch,353,,,,,,,,,,,,,,master_lost,,,,,,,,
1780297494.668364,,,UI_STATUS_SEND,353,,,,337.849589,157.849589,5.315617,,,,,,3,0,,353,1,-1,26.430000,mono,,,
1780297495.505066,,no_packet,TRACK_DELETE,353,,,,337.845550,,5.348137,,,,14.825268,9.472552,3,12,,,,,,,,,
1780297495.638466,,,NEW_TRACK,354,0,337.867696,5.228333,,,,,,,1.000000,1.000000,1,0,,,,,,,,,
1780297495.638466,,,TargetLost,353,,,,,,,,,,,,,,not_in_valid_tracks,,,,,,,,
1780297496.465922,,no_packet,TRACK_DELETE,354,,,,337.867696,,5.228333,,,,8.925026,8.925026,1,12,,,,,,,,,
1780297497.692120,,,NEW_TRACK,355,0,337.863139,5.214583,,,,,,,1.000000,1.000000,1,0,,,,,,,,,
1780297497.692120,,,TargetLost,353,,,,,,,,,,,,,,not_in_valid_tracks,,,,,,,,
1780297498.028535,,,MATCH_REJECT,355,0,352.328504,10.022500,337.863139,,5.214583,15.243453,7.291295,2.194197,2.407250,2.407250,1,5,,,,,,,,,
1780297498.028535,,,NEW_TRACK,356,0,352.328504,10.022500,,,,,,,1.000000,1.000000,1,0,,,,,,,,,
1780297498.028535,,,TargetLost,353,,,,,,,,,,,,,,not_in_valid_tracks,,,,,,,,
1780297498.516130,,no_packet,TRACK_DELETE,355,,,,337.863139,,5.214583,,,,8.866230,8.866230,0,12,,,,,,,,,
1780297498.726787,,,MATCH_ACCEPT,356,0,353.896212,9.408333,352.328504,,10.022500,1.683719,8.522805,3.648003,6.653964,6.653964,1,10,,,,,,,,,
1780297498.726787,,,TargetLost,353,,,,,,,,,,,,,,not_in_valid_tracks,,,,,,,,
1780297499.563766,,no_packet,TRACK_DELETE,356,,,,354.365724,,8.955361,,,,11.963875,6.258216,2,12,,,,,,,,,
1780297502.271975,,,NEW_TRACK,357,0,336.869649,4.481250,,,,,,,1.000000,1.000000,1,0,,,,,,,,,
1780297502.271975,,,NEW_TRACK,358,1,336.869649,3.601250,,,,,,,1.000000,1.000000,1,0,,,,,,,,,
1780297502.271975,,,NEW_TRACK,359,2,336.869649,6.167917,,,,,,,1.000000,1.000000,1,0,,,,,,,,,
1780297502.271975,,,NEW_TRACK,360,3,336.869649,5.214583,,,,,,,1.000000,1.000000,1,0,,,,,,,,,
1780297502.271975,,,TargetLost,353,,,,,,,,,,,,,,not_in_valid_tracks,,,,,,,,
1780297503.114761,,no_packet,TRACK_DELETE,357,,,,336.869649,,4.481250,,,,9.201276,9.201276,1,12,,,,,,,,,
1780297503.114761,,no_packet,TRACK_DELETE,358,,,,336.869649,,3.601250,,,,9.201276,9.201276,1,12,,,,,,,,,
1780297503.114761,,no_packet,TRACK_DELETE,359,,,,336.869649,,6.167917,,,,9.201276,9.201276,1,12,,,,,,,,,
1780297503.114761,,no_packet,TRACK_DELETE,360,,,,336.869649,,5.214583,,,,9.201276,9.201276,1,12,,,,,,,,,
1780297503.372371,,,NEW_TRACK,361,0,14.198948,6.807292,,,,,,,1.000000,1.000000,1,0,,,,,,,,,
1780297503.372371,,,TargetLost,353,,,,,,,,,,,,,,not_in_valid_tracks,,,,,,,,
1780297504.055342,,,MATCH_REJECT,361,0,337.858581,5.287917,14.198948,,6.807292,36.372116,7.777013,3.584209,6.423276,6.423276,1,10,,,,,,,,,
1780297504.055342,,,NEW_TRACK,362,0,337.858581,5.287917,,,,,,,1.000000,1.000000,1,0,,,,,,,,,
1780297504.055342,,,TargetLost,353,,,,,,,,,,,,,,not_in_valid_tracks,,,,,,,,
1780297504.192267,,no_packet,TRACK_DELETE,361,,,,14.198948,,6.807292,,,,8.784025,8.784025,0,12,,,,,,,,,
1780297504.886312,,no_packet,TRACK_DELETE,362,,,,337.858581,,5.287917,,,,8.992149,8.992149,1,12,,,,,,,,,
1780297505.392463,,,NEW_TRACK,363,0,337.863139,5.260417,,,,,,,1.000000,1.000000,1,0,,,,,,,,,
1780297505.392463,,,TargetLost,353,,,,,,,,,,,,,,not_in_valid_tracks,,,,,,,,
1780297505.663871,,,MATCH_ACCEPT,363,0,337.881368,5.315417,337.863139,,5.260417,0.057942,6.961246,1.974164,1.948662,1.948662,1,4,,,,,,,,,
1780297505.663871,,,TargetLost,353,,,,,,,,,,,,,,not_in_valid_tracks,,,,,,,,
1780297506.273525,,,MATCH_REJECT,363,0,13.408258,6.623958,337.871256,,5.317603,35.561006,9.725271,3.816848,8.369282,6.199043,2,9,,,,,,,,,
1780297506.273525,,,NEW_TRACK,364,0,13.408258,6.623958,,,,,,,1.000000,1.000000,1,0,,,,,,,,,
1780297506.273525,,,TargetLost,353,,,,,,,,,,,,,,not_in_valid_tracks,,,,,,,,
1780297506.471569,,,MATCH_ACCEPT,363,0,337.899597,5.260417,337.872485,,5.326264,0.071210,11.018952,4.679301,12.386627,9.509232,1,12,,,,,,,,,
1780297506.471569,,,TargetLost,353,,,,,,,,,,,,,,not_in_valid_tracks,,,,,,,,
1780297506.968376,,,MATCH_ACCEPT,363,0,338.259623,4.939583,337.901499,,5.264744,0.483717,9.557370,3.704914,9.732390,3.993994,2,8,,,,,,,,,
1780297506.968376,,,TargetLost,353,,,,,,,,,,,,,,not_in_valid_tracks,,,,,,,,
1780297506.968376,,,TargetSwitch,363,,,,,,,,,,,,,,master_lost,,,,,,,,
1780297506.968376,,,UI_STATUS_SEND,363,,,,338.119577,158.119577,5.031019,,,,,,3,0,,363,1,-1,26.430000,mono,,,
1780297507.039230,,no_packet,TRACK_DELETE,364,,,,13.408258,,6.623958,,,,7.849183,7.849183,0,12,,,,,,,,,
1780297507.128313,,,MATCH_REJECT,363,0,13.353571,6.917292,338.147736,,4.997833,35.258122,7.850766,2.567177,4.931219,1.659181,3,3,,,,,,,,,
1780297507.128313,,,NEW_TRACK,365,0,13.353571,6.917292,,,,,,,1.000000,1.000000,1,0,,,,,,,,,
1780297507.128313,,,TargetLost,363,,,,,,,,,,,,,,not_in_valid_tracks,,,,,,,,
1780297507.229670,,,MATCH_ACCEPT,363,0,338.008972,5.012917,338.165581,,4.976801,0.160720,8.209282,2.806188,5.777425,2.097267,2,5,,,,,,,,,
1780297507.229670,,,UI_STATUS_SEND,363,,,,338.090353,158.090353,4.997497,,,,,,3,0,,363,1,-1,26.430000,mono,,,
1780297507.443823,,,MATCH_ACCEPT,365,0,13.298883,7.100625,13.353571,,6.917292,0.191316,5.673219,2.155012,2.322039,2.322039,0,6,,,,,,,,,
1780297507.443823,,,TargetLost,363,,,,,,,,,,,,,,not_in_valid_tracks,,,,,,,,
1780297507.871845,,,MATCH_ACCEPT,363,0,337.854024,5.287917,338.170445,,4.876058,0.519375,9.237401,3.491601,8.153139,4.038137,2,11,,,,,,,,,
1780297507.871845,,,UI_STATUS_SEND,363,,,,337.991329,157.991329,5.173014,,,,,,3,0,,363,1,-1,26.430000,mono,,,
1780297507.931484,,,MATCH_ACCEPT,365,0,13.276097,7.343542,13.305485,,7.169209,0.176792,6.818692,2.918661,5.230944,3.287640,0,8,,,,,,,,,
1780297507.931484,,,TargetLost,363,,,,,,,,,,,,,,not_in_valid_tracks,,,,,,,,
1780297508.188159,,,MATCH_ACCEPT,365,0,13.153050,7.490208,13.267995,,7.426332,0.131502,6.136572,2.057181,2.995092,1.236903,1,4,,,,,,,,,
1780297508.188159,,,TargetLost,363,,,,,,,,,,,,,,not_in_valid_tracks,,,,,,,,
1780297508.569877,,,MATCH_ACCEPT,365,0,13.116592,7.641458,13.167062,,7.643026,0.050495,6.011800,2.380734,3.862593,1.805299,2,6,,,,,,,,,
1780297508.569877,,,TargetLost,363,,,,,,,,,,,,,,not_in_valid_tracks,,,,,,,,
1780297508.569877,,,TargetSwitch,365,,,,,,,,,,,,,,master_lost,,,,,,,,
1780297508.569877,,,UI_STATUS_SEND,365,,,,13.134610,193.134610,7.641817,,,,,,3,0,,365,1,-1,97.460000,mono,,,
1780297508.640491,,no_packet,TRACK_DELETE,363,,,,337.997088,,5.223362,,,,10.703404,5.550152,0,12,,,,,,,,,
1780297509.101874,,,MATCH_ACCEPT,365,0,13.048232,7.742292,13.053451,,7.890138,0.147938,6.843524,2.528483,4.239043,2.154181,3,8,,,,,,,,,
1780297509.101874,,,UI_STATUS_SEND,365,,,,13.050544,193.050544,7.783851,,,,,,4,0,,365,1,-1,97.460000,mono,,,
1780297509.283832,,,MATCH_REJECT,365,0,337.885925,5.237500,13.022350,,7.849136,35.233350,5.965841,1.943361,2.708984,1.067667,4,3,,,,,,,,,
1780297509.284394,,,NEW_TRACK,366,0,337.885925,5.237500,,,,,,,1.000000,1.000000,1,0,,,,,,,,,
1780297509.283832,,,TargetLost,365,,,,,,,,,,,,,,not_in_valid_tracks,,,,,,,,
1780297509.472283,,,MATCH_ACCEPT,365,0,12.979873,7.824792,12.993149,,7.916750,0.092912,6.599739,2.365959,3.843646,1.754117,3,6,,,,,,,,,
1780297509.472283,,,UI_STATUS_SEND,365,,,,12.986075,192.986075,7.854624,,,,,,4,0,,365,1,-1,97.460000,mono,,,
1780297509.766281,,,MATCH_ACCEPT,366,0,337.863139,5.242083,337.885925,,5.237500,0.023243,8.145330,2.763553,3.818614,3.818614,0,8,,,,,,,,,
1780297509.766281,,,TargetLost,365,,,,,,,,,,,,,,not_in_valid_tracks,,,,,,,,
1780297509.842746,,,MATCH_ACCEPT,365,0,12.902399,7.902708,12.926609,,7.964615,0.066473,6.547624,2.331216,3.701835,1.732732,3,7,,,,,,,,,
1780297509.842746,,,UI_STATUS_SEND,365,,,,12.913935,192.913935,7.922959,,,,,,4,0,,365,1,-1,97.460000,mono,,,
1780297510.071132,,,MATCH_ACCEPT,366,0,337.826680,5.452917,337.873744,,5.242085,0.216021,8.358619,2.905746,5.474962,2.968398,0,6,,,,,,,,,
1780297510.071132,,,TargetLost,365,,,,,,,,,,,,,,not_in_valid_tracks,,,,,,,,
1780297510.166454,,,MATCH_ACCEPT,365,0,12.856826,7.907292,12.858802,,8.005808,0.098537,6.374361,2.215707,3.356914,1.552444,3,6,,,,,,,,,
1780297510.166454,,,UI_STATUS_SEND,365,,,,12.857816,192.857816,7.941943,,,,,,4,0,,365,1,-1,47.250000,mono,,,
1780297510.370307,,,MATCH_ACCEPT,366,0,337.872253,5.260417,337.841007,,5.432737,0.175131,8.309542,2.873028,5.757738,2.496551,0,5,,,,,,,,,
1780297510.370307,,,TargetLost,365,,,,,,,,,,,,,,not_in_valid_tracks,,,,,,,,
1780297510.918297,,,MATCH_ACCEPT,366,0,337.854024,5.269583,337.844077,,5.356262,0.087247,9.235360,3.490240,8.312849,3.868925,1,8,,,,,,,,,
1780297510.918297,,,TargetLost,365,,,,,,,,,,,,,,not_in_valid_tracks,,,,,,,,
1780297510.989880,,no_packet,TRACK_DELETE,365,,,,12.716922,,8.097792,,,,7.557909,4.576795,2,12,,,,,,,,,
1780297511.006582,,,MATCH_REJECT,366,0,12.774795,7.966875,337.848214,,5.294180,35.028693,7.549067,2.366045,4.177382,1.420787,2,2,,,,,,,,,
1780297511.006582,,,NEW_TRACK,367,0,12.774795,7.966875,,,,,,,1.000000,1.000000,1,0,,,,,,,,,
1780297511.006582,,,TargetLost,365,,,,,,,,,,,,,,not_in_valid_tracks,,,,,,,,
1780297511.683286,,,MATCH_ACCEPT,367,0,12.742894,8.067708,12.774795,,7.966875,0.105759,7.779029,3.558886,6.332834,6.332834,1,10,,,,,,,,,
1780297511.683286,,,TRACK_DELETE,366,,,,337.836400,,5.291579,,,,11.332880,5.553576,0,12,,,,,,,,,
1780297511.683286,,,TargetLost,365,,,,,,,,,,,,,,not_in_valid_tracks,,,,,,,,
1780297511.911139,,,MATCH_REJECT,367,0,338.040873,5.150417,12.744652,,8.084461,34.827588,5.487276,2.031051,2.948718,1.176450,2,4,,,,,,,,,
1780297511.911139,,,NEW_TRACK,368,0,338.040873,5.150417,,,,,,,1.000000,1.000000,1,0,,,,,,,,,
1780297511.911139,,,TargetLost,365,,,,,,,,,,,,,,not_in_valid_tracks,,,,,,,,
1780297512.170779,,,MATCH_ACCEPT,367,0,12.692764,8.200625,12.737459,,8.112520,0.098794,6.624828,2.789419,5.249916,2.530941,1,8,,,,,,,,,
1780297512.170779,,,TargetLost,365,,,,,,,,,,,,,,not_in_valid_tracks,,,,,,,,
1780297512.286772,,,MATCH_ACCEPT,368,0,337.124857,7.455833,338.040873,,5.150417,2.480732,7.517244,2.344829,2.749112,2.749112,0,6,,,,,,,,,
1780297512.286772,,,TargetLost,365,,,,,,,,,,,,,,not_in_valid_tracks,,,,,,,,
1780297512.529789,,,MATCH_ACCEPT,367,0,12.642633,8.283125,12.685084,,8.254050,0.051453,6.376611,2.217207,3.391438,1.524570,1,6,,,,,,,,,
1780297512.529789,,,TargetLost,365,,,,,,,,,,,,,,not_in_valid_tracks,,,,,,,,
1780297513.090594,,no_packet,TRACK_DELETE,368,,,,337.439521,,8.309309,,,,13.491616,9.275115,0,12,,,,,,,,,
1780297513.340698,,,MATCH_REJECT,367,0,337.844909,5.251250,12.601859,,8.445523,34.903422,7.664365,3.482444,7.651069,4.476344,2,12,,,,,,,,,
1780297513.340698,,,NEW_TRACK,369,0,337.844909,5.251250,,,,,,,1.000000,1.000000,1,0,,,,,,,,,
1780297513.340698,,,TRACK_DELETE,367,,,,12.601859,,8.445523,,,,7.651069,4.476344,1,12,,,,,,,,,
1780297513.340698,,,TargetLost,365,,,,,,,,,,,,,,not_in_valid_tracks,,,,,,,,
1780297513.570890,,,MATCH_REJECT,369,0,12.428441,8.741458,337.844909,,5.251250,34.759203,6.795630,1.863753,1.736788,1.736788,1,4,,,,,,,,,
1780297513.570890,,,NEW_TRACK,370,0,12.428441,8.741458,,,,,,,1.000000,1.000000,1,0,,,,,,,,,
1780297513.570890,,,TargetLost,365,,,,,,,,,,,,,,not_in_valid_tracks,,,,,,,,
1780297513.966559,,,MATCH_ACCEPT,370,0,12.337295,8.970625,12.428441,,8.741458,0.246627,6.669766,2.412644,2.910425,2.910425,1,6,,,,,,,,,
1780297513.966559,,,TargetLost,365,,,,,,,,,,,,,,not_in_valid_tracks,,,,,,,,
1780297514.106475,,no_packet,TRACK_DELETE,369,,,,337.844909,,5.251250,,,,7.880691,7.880691,0,12,,,,,,,,,
1780297514.319671,,,MATCH_ACCEPT,370,0,12.214248,9.282292,12.364957,,9.008552,0.312485,6.404821,2.642747,4.517715,2.466397,2,6,,,,,,,,,
1780297514.319671,,,TargetLost,365,,,,,,,,,,,,,,not_in_valid_tracks,,,,,,,,
1780297514.319671,,,TargetSwitch,370,,,,,,,,,,,,,,master_lost,,,,,,,,
1780297514.319671,,,UI_STATUS_SEND,370,,,,12.262760,192.262760,9.233413,,,,,,3,0,,370,1,-1,155.930000,mono,,,
1780297514.569000,,,MATCH_REJECT,370,0,337.817566,5.232917,12.217549,,9.374098,34.648351,5.461521,2.013880,2.856700,1.199015,3,4,,,,,,,,,
1780297514.569000,,,NEW_TRACK,371,0,337.817566,5.232917,,,,,,,1.000000,1.000000,1,0,,,,,,,,,
1780297514.569000,,,TargetLost,370,,,,,,,,,,,,,,not_in_valid_tracks,,,,,,,,
1780297514.723645,,,MATCH_ACCEPT,370,0,12.059300,9.575625,12.189507,,9.461357,0.173237,6.145536,2.469890,4.122880,1.977478,2,7,,,,,,,,,
1780297514.723645,,,UI_STATUS_SEND,370,,,,12.103853,192.103853,9.551253,,,,,,3,0,,370,1,-1,155.930000,mono,,,
1780297515.201828,,,MATCH_ACCEPT,370,0,11.931696,9.914792,11.976409,,9.873548,0.060830,6.161986,2.480857,4.116573,2.038079,3,7,,,,,,,,,
1780297515.201828,,,UI_STATUS_SEND,370,,,,11.947011,191.947011,9.906202,,,,,,4,0,,370,1,-1,155.930000,mono,,,
1780297515.342092,,no_packet,TRACK_DELETE,371,,,,337.817566,,5.232917,,,,8.021845,8.021845,0,12,,,,,,,,,
1780297515.426104,,,MATCH_REJECT,370,1,338.273295,4.288750,11.881421,,10.065416,34.100968,5.168877,1.818785,2.343535,0.964443,4,4,,,,,,,,,
1780297515.426104,,,NEW_TRACK,372,0,337.835795,5.242083,,,,,,,1.000000,1.000000,1,0,,,,,,,,,
1780297515.426104,,,NEW_TRACK,373,1,338.273295,4.288750,,,,,,,1.000000,1.000000,1,0,,,,,,,,,
1780297515.426104,,,TargetLost,370,,,,,,,,,,,,,,not_in_valid_tracks,,,,,,,,
1780297515.658511,,,MATCH_ACCEPT,370,0,11.808649,10.208125,11.813454,,10.230403,0.022790,5.982512,2.361208,3.728616,1.846686,3,8,,,,,,,,,
1780297515.658511,,,UI_STATUS_SEND,370,,,,11.810403,191.810403,10.213137,,,,,,4,0,,370,1,-1,155.930000,mono,,,
1780297515.998732,,,MATCH_ACCEPT,370,0,11.617243,10.590833,11.710050,,10.448656,0.169787,5.466883,2.017455,2.790659,1.279467,4,5,,,,,,,,,
1780297515.998732,,,UI_STATUS_SEND,370,,,,11.657571,191.657571,10.548849,,,,,,5,0,,370,1,-1,97.460000,mono,,,
1780297516.207451,,no_packet,TRACK_DELETE,372,,,,337.835795,,5.242083,,,,8.143013,8.143013,0,12,,,,,,,,,
1780297516.207451,,no_packet,TRACK_DELETE,373,,,,338.273295,,4.288750,,,,8.143013,8.143013,0,12,,,,,,,,,
1780297516.439356,,,MATCH_ACCEPT,370,0,11.457738,10.792500,11.507741,,10.903325,0.121584,6.338473,2.191782,3.164592,1.639316,5,7,,,,,,,,,
1780297516.439356,,,UI_STATUS_SEND,370,,,,11.483522,191.483522,10.830116,,,,,,6,0,,370,1,-1,97.460000,mono,,,
1780297516.625943,,,MATCH_REJECT,370,0,337.826680,5.324583,11.416238,,10.965739,34.059963,5.834940,1.856093,2.423708,1.021374,6,3,,,,,,,,,
1780297516.625943,,,NEW_TRACK,374,0,337.826680,5.324583,,,,,,,1.000000,1.000000,1,0,,,,,,,,,
1780297516.625943,,,TargetLost,370,,,,,,,,,,,,,,not_in_valid_tracks,,,,,,,,
1780297516.694436,,,MATCH_ACCEPT,370,0,11.316461,10.943750,11.391539,,11.015524,0.103866,6.056645,2.003897,2.776497,1.239105,5,4,,,,,,,,,
1780297516.694436,,,UI_STATUS_SEND,370,,,,11.357621,191.357621,10.972796,,,,,,6,0,,370,1,-1,97.460000,mono,,,
1780297516.742566,,,MATCH_ACCEPT,374,0,337.808451,5.278750,337.826680,,5.324583,0.049325,6.358839,1.572559,1.236471,1.236471,0,2,,,,,,,,,
1780297516.742566,,,TargetLost,370,,,,,,,,,,,,,,not_in_valid_tracks,,,,,,,,
1780297516.865435,,,MATCH_ACCEPT,374,0,338.286967,3.802917,337.823318,,5.301970,1.569118,6.432590,1.621726,1.528298,1.101699,1,2,,,,,,,,,
1780297516.865435,,,TargetLost,370,,,,,,,,,,,,,,not_in_valid_tracks,,,,,,,,
1780297517.095239,,,MATCH_ACCEPT,370,0,11.166071,10.957500,11.201581,,11.245671,0.290351,6.492582,2.294521,3.508526,1.756302,4,7,,,,,,,,,
1780297517.095239,,,UI_STATUS_SEND,370,,,,11.183467,191.183467,11.050908,,,,,,5,0,,370,1,-1,97.460000,mono,,,
1780297517.288780,,,MATCH_ACCEPT,374,0,337.808451,5.219167,337.969924,,4.225051,1.007145,8.387757,2.925171,4.954923,3.601704,1,7,,,,,,,,,
1780297517.288780,,,TargetLost,370,,,,,,,,,,,,,,not_in_valid_tracks,,,,,,,,
1780297517.732846,,,MATCH_ACCEPT,370,0,11.061253,10.982708,10.925767,,11.357779,0.398791,7.508856,2.972037,5.693075,3.139930,4,10,,,,,,,,,
1780297517.732846,,,UI_STATUS_SEND,370,,,,11.010881,191.010881,11.062043,,,,,,5,0,,370,1,-1,47.250000,mono,,,
1780297518.081810,,no_packet,TRACK_DELETE,374,,,,337.930843,,4.848287,,,,14.283803,7.887212,1,12,,,,,,,,,
1780297518.281885,,,MATCH_ACCEPT,370,0,10.938206,11.028542,10.823777,,11.178196,0.188389,8.275569,2.850379,5.462889,2.661773,5,8,,,,,,,,,
1780297518.281885,,,UI_STATUS_SEND,370,,,,10.877147,190.877147,11.083897,,,,,,6,0,,370,1,-1,155.930000,mono,,,
1780297518.850578,,,MATCH_ACCEPT,370,0,10.919977,11.150000,10.705195,,11.154913,0.214839,7.343741,3.268694,7.153567,3.530793,6,9,,,,,,,,,
1780297518.850578,,,UI_STATUS_SEND,370,,,,10.870439,190.870439,11.150648,,,,,,7,0,,370,1,-1,47.250000,mono,,,
1780297519.195052,,,MATCH_ACCEPT,370,0,10.837946,11.356250,10.803817,,11.192443,0.167324,7.138473,2.092315,3.067726,1.310058,7,5,,,,,,,,,
1780297519.195052,,,UI_STATUS_SEND,370,,,,10.815054,190.815054,11.267149,,,,,,8,0,,370,1,-1,97.460000,mono,,,
1780297519.462953,,,MATCH_REJECT,370,0,337.106628,7.446667,10.765554,,11.320947,33.881165,6.376921,2.217414,3.381583,1.535340,8,4,,,,,,,,,
1780297519.462953,,,NEW_TRACK,375,0,337.106628,7.446667,,,,,,,1.000000,1.000000,1,0,,,,,,,,,
1780297519.462953,,,TargetLost,370,,,,,,,,,,,,,,not_in_valid_tracks,,,,,,,,
1780297519.662509,,,MATCH_ACCEPT,370,0,10.787816,11.528125,10.728682,,11.361021,0.177258,7.088071,2.691514,4.771082,2.473167,7,7,,,,,,,,,
1780297519.662509,,,UI_STATUS_SEND,370,,,,10.763340,190.763340,11.485671,,,,,,8,0,,370,1,-1,155.930000,mono,,,
1780297519.892651,,,MATCH_REJECT,370,0,32.469733,7.655208,10.726805,,11.559333,22.090656,5.550411,2.073141,3.050235,1.247677,8,4,,,,,,,,,
1780297519.892651,,,NEW_TRACK,376,0,32.469733,7.655208,,,,,,,1.000000,1.000000,1,0,,,,,,,,,
1780297519.892651,,,TargetLost,370,,,,,,,,,,,,,,not_in_valid_tracks,,,,,,,,
1780297519.992158,,,MATCH_ACCEPT,370,0,10.733128,11.722917,10.711008,,11.591182,0.133579,5.890330,2.299753,3.659954,1.628911,7,6,,,,,,,,,
1780297519.992158,,,UI_STATUS_SEND,370,,,,10.724956,190.724956,11.690295,,,,,,8,0,,370,1,-1,97.460000,mono,,,
1780297520.202756,,no_packet,TRACK_DELETE,375,,,,337.106628,,7.446667,,,,7.433876,7.433876,0,12,,,,,,,,,
1780297520.491248,,,MATCH_ACCEPT,370,0,10.696670,11.867292,10.651014,,11.898187,0.055127,6.617396,2.377731,3.715440,1.938164,8,8,,,,,,,,,
1780297520.491248,,,UI_STATUS_SEND,370,,,,10.674957,190.674957,11.876651,,,,,,9,0,,370,1,-1,47.250000,mono,,,
1780297520.629192,,no_packet,TRACK_DELETE,376,,,,32.469733,,7.655208,,,,7.403439,7.403439,0,12,,,,,,,,,
1780297520.852919,,,MATCH_ACCEPT,370,0,10.623753,12.153750,10.628418,,12.019276,0.134555,7.467744,2.311829,3.623817,1.720737,9,6,,,,,,,,,
1780297520.852919,,,UI_STATUS_SEND,370,,,,10.626706,190.626706,12.089754,,,,,,10,0,,370,1,-1,97.460000,mono,,,
1780297521.111781,,,MATCH_ACCEPT,370,0,10.509821,12.451667,10.593038,,12.210499,0.255121,6.536287,2.323658,3.733646,1.665740,10,4,,,,,,,,,
1780297521.111781,,,UI_STATUS_SEND,370,,,,10.549295,190.549295,12.370672,,,,,,11,0,,370,1,-1,97.460000,mono,,,
1780297521.268630,,,MATCH_REJECT,370,0,337.844909,5.269583,10.523443,,12.469352,33.462266,5.819829,1.846019,2.452465,0.955321,11,3,,,,,,,,,
1780297521.268630,,,NEW_TRACK,377,0,337.844909,5.269583,,,,,,,1.000000,1.000000,1,0,,,,,,,,,
1780297521.268630,,,TargetLost,370,,,,,,,,,,,,,,not_in_valid_tracks,,,,,,,,
1780297521.625847,,,MATCH_ACCEPT,370,0,10.423232,12.832083,10.464565,,12.694093,0.144048,7.067070,2.677513,4.741300,2.427776,10,9,,,,,,,,,
1780297521.625847,,,UI_STATUS_SEND,370,,,,10.440403,190.440403,12.796539,,,,,,11,0,,370,1,-1,97.460000,mono,,,
1780297522.041456,,no_packet,TRACK_DELETE,377,,,,337.844909,,5.269583,,,,7.987404,7.987404,0,12,,,,,,,,,
1780297522.126083,,,MATCH_REJECT,370,0,338.255066,4.866250,10.348681,,13.160496,33.148072,7.116975,2.710783,4.918832,2.429513,11,8,,,,,,,,,
1780297522.126083,,,NEW_TRACK,378,0,338.255066,4.866250,,,,,,,1.000000,1.000000,1,0,,,,,,,,,
1780297522.126083,,,TargetLost,370,,,,,,,,,,,,,,not_in_valid_tracks,,,,,,,,
1780297522.275719,,,MATCH_ACCEPT,370,0,10.354873,13.093333,10.321244,,13.269367,0.179217,7.716443,3.110429,6.298896,3.375871,10,11,,,,,,,,,
1780297522.275719,,,UI_STATUS_SEND,370,,,,10.343154,190.343154,13.128485,,,,,,11,0,,370,1,-1,25.150000,mono,,,
1780297522.492587,,,MATCH_ACCEPT,378,0,337.826680,5.232917,338.255066,,4.866250,0.563878,7.508902,2.339268,2.736087,2.736087,0,7,,,,,,,,,
1780297522.492587,,,TargetLost,370,,,,,,,,,,,,,,not_in_valid_tracks,,,,,,,,
1780297522.638575,,,MATCH_ACCEPT,370,0,10.122451,13.368333,10.282333,,13.346974,0.161302,7.707272,2.471514,4.232406,1.875978,10,7,,,,,,,,,
1780297522.638575,,,UI_STATUS_SEND,370,,,,10.217778,190.217778,13.358627,,,,,,11,0,,370,1,-1,97.460000,mono,,,
1780297522.934275,,,MATCH_ACCEPT,370,0,9.899144,13.075000,10.154007,,13.540030,0.530291,6.778397,2.485065,4.276491,1.899056,11,5,,,,,,,,,
1780297522.934275,,,UI_STATUS_SEND,370,,,,10.011455,190.011455,13.217886,,,,,,12,0,,370,1,-1,97.460000,mono,,,
1780297523.212007,,no_packet,TRACK_DELETE,378,,,,337.992282,,5.336448,,,,11.785460,8.098109,0,12,,,,,,,,,
1780297523.222949,,,MATCH_REJECT,370,0,337.813008,5.255833,9.917970,,13.301663,33.097794,6.315880,2.176720,3.302137,1.435975,12,5,,,,,,,,,
1780297523.222949,,,NEW_TRACK,379,0,337.813008,5.255833,,,,,,,1.000000,1.000000,1,0,,,,,,,,,
1780297523.222949,,,TargetLost,370,,,,,,,,,,,,,,not_in_valid_tracks,,,,,,,,
1780297523.326065,,,MATCH_ACCEPT,370,0,9.853571,12.561667,9.884577,,13.331588,0.770546,6.693674,2.428583,4.001808,1.896206,11,7,,,,,,,,,
1780297523.326065,,,UI_STATUS_SEND,370,,,,9.867744,189.867744,12.798480,,,,,,12,0,,370,1,-1,25.150000,mono,,,
1780297523.744800,,,MATCH_ACCEPT,370,0,9.680394,11.791667,9.726561,,12.689511,0.899030,7.690981,2.460654,4.089331,1.965486,12,6,,,,,,,,,
1780297523.744800,,,UI_STATUS_SEND,370,,,,9.708301,189.708301,12.189310,,,,,,13,0,,370,1,-1,97.460000,mono,,,
1780297523.766682,,,MATCH_ACCEPT,379,0,337.885925,5.246667,337.813008,,5.255833,0.073491,8.526774,3.017850,4.553708,4.553708,0,9,,,,,,,,,
1780297523.766682,,,TargetLost,370,,,,,,,,,,,,,,not_in_valid_tracks,,,,,,,,
1780297524.233294,,,MATCH_ACCEPT,370,0,9.634821,10.838333,9.536369,,11.805631,0.972295,7.531105,2.986870,5.926654,2.994737,12,8,,,,,,,,,
1780297524.233294,,,UI_STATUS_SEND,370,,,,9.599137,189.599137,11.050677,,,,,,13,0,,370,1,-1,97.460000,mono,,,
1780297524.583214,,no_packet,TRACK_DELETE,379,,,,337.876016,,5.241842,,,,14.981266,8.798668,0,12,,,,,,,,,
1780297524.653032,,,MATCH_ACCEPT,370,0,9.630264,10.274583,9.470805,,10.432074,0.224121,6.860538,2.539825,4.471822,1.978890,13,6,,,,,,,,,
1780297524.653032,,,UI_STATUS_SEND,370,,,,9.561745,189.561745,10.321605,,,,,,14,0,,370,1,-1,97.460000,mono,,,
1780297524.804921,,,MATCH_REJECT,370,0,337.899597,5.260417,9.525565,,10.081508,31.991324,5.881090,1.886860,2.585753,0.974487,14,3,,,,,,,,,
1780297524.804921,,,NEW_TRACK,380,0,337.899597,5.260417,,,,,,,1.000000,1.000000,1,0,,,,,,,,,
1780297524.804921,,,TargetLost,370,,,,,,,,,,,,,,not_in_valid_tracks,,,,,,,,
1780297524.981808,,,MATCH_ACCEPT,380,0,337.817566,5.255833,337.899597,,5.260417,0.082159,6.567930,1.711953,1.465392,1.465392,1,3,,,,,,,,,
1780297524.981808,,,TargetLost,370,,,,,,,,,,,,,,not_in_valid_tracks,,,,,,,,
1780297525.236510,,,MATCH_ACCEPT,370,0,9.589248,9.926250,9.422762,,9.399276,0.552647,7.364231,2.875621,5.452438,2.816758,12,10,,,,,,,,,
1780297525.236510,,,UI_STATUS_SEND,370,,,,9.525662,189.525662,9.804941,,,,,,13,0,,370,1,-1,97.460000,mono,,,
1780297525.691191,,,MATCH_ACCEPT,380,0,337.826680,5.324583,337.870461,,5.256269,0.081140,10.176845,4.117897,9.231929,7.725144,1,11,,,,,,,,,
1780297525.691191,,,TargetLost,370,,,,,,,,,,,,,,not_in_valid_tracks,,,,,,,,
1780297525.832149,,,MATCH_ACCEPT,370,0,9.625706,9.912500,9.428303,,9.084634,0.851076,7.485295,2.956330,5.801394,2.938491,12,9,,,,,,,,,
1780297525.832149,,,UI_STATUS_SEND,370,,,,9.553181,189.553181,9.728061,,,,,,13,0,,370,1,-1,97.460000,mono,,,
1780297526.102321,,,MATCH_ACCEPT,370,0,9.853571,9.903333,9.533179,,9.559537,0.469943,6.340416,2.193078,3.429274,1.380316,13,4,,,,,,,,,
1780297526.102321,,,UI_STATUS_SEND,370,,,,9.694788,189.694788,9.773044,,,,,,14,0,,370,1,-1,25.150000,mono,,,
1780297526.475166,,,MATCH_ACCEPT,380,0,337.844909,5.324583,337.808624,,5.359229,0.050169,11.014505,4.676337,14.784791,7.083333,0,12,,,,,,,,,
1780297526.475166,,,TargetLost,370,,,,,,,,,,,,,,not_in_valid_tracks,,,,,,,,
1780297526.810940,,,MATCH_ACCEPT,370,0,10.669326,9.907917,9.728170,,9.482632,1.032784,8.619374,3.079583,6.072394,3.411435,13,11,,,,,,,,,
1780297526.810940,,,UI_STATUS_SEND,370,,,,10.191966,190.191966,9.774319,,,,,,14,0,,370,1,-1,25.150000,mono,,,
1780297527.297452,,no_packet,TRACK_DELETE,380,,,,337.810635,,5.361114,,,,13.333727,6.082199,0,12,,,,,,,,,
1780297527.455158,,,MATCH_ACCEPT,370,0,11.653701,9.907917,10.438041,,9.677703,1.237267,9.317819,3.545212,8.341951,4.226580,14,10,,,,,,,,,
1780297527.455158,,,UI_STATUS_SEND,370,,,,11.133011,191.133011,9.845781,,,,,,15,0,,370,1,-1,25.150000,mono,,,
1780297527.607559,,,MATCH_REJECT,370,0,337.808451,5.260417,11.259349,,9.843312,33.763376,7.722010,2.481340,4.519512,1.637537,15,3,,,,,,,,,
1780297527.607559,,,NEW_TRACK,381,0,337.808451,5.260417,,,,,,,1.000000,1.000000,1,0,,,,,,,,,
1780297527.607559,,,TargetLost,370,,,,,,,,,,,,,,not_in_valid_tracks,,,,,,,,
1780297527.909806,,,MATCH_ACCEPT,370,0,15.190159,9.871250,11.509908,,9.838416,3.680398,8.756003,3.170669,6.990409,3.062731,14,8,,,,,,,,,
1780297527.909806,,,UI_STATUS_SEND,370,,,,13.452934,193.452934,9.860158,,,,,,15,0,,370,1,-1,97.460000,mono,,,
1780297528.034113,,,MATCH_ACCEPT,381,0,337.817566,5.223750,337.808451,,5.260417,0.037783,7.811803,2.541202,3.228854,3.228854,0,7,,,,,,,,,
1780297528.034113,,,TargetLost,370,,,,,,,,,,,,,,not_in_valid_tracks,,,,,,,,
1780297528.270057,,,MATCH_ACCEPT,370,0,17.149795,9.921667,14.197454,,9.860853,2.952967,7.317670,2.844580,5.691714,2.399920,14,6,,,,,,,,,
1780297528.270057,,,UI_STATUS_SEND,370,,,,16.051983,196.051983,9.905868,,,,,,15,0,,370,1,-1,97.460000,mono,,,
1780297528.420082,,,MATCH_ACCEPT,381,0,337.835795,5.274167,337.813227,,5.222408,0.056465,8.706163,3.137442,6.194806,3.648737,0,7,,,,,,,,,
1780297528.420082,,,TargetLost,370,,,,,,,,,,,,,,not_in_valid_tracks,,,,,,,,
1780297528.604700,,,MATCH_ACCEPT,370,0,18.348362,9.871250,17.154621,,9.920065,1.194740,6.559016,2.338811,3.813321,1.656715,14,6,,,,,,,,,
1780297528.604700,,,UI_STATUS_SEND,370,,,,17.788391,197.788391,9.887703,,,,,,15,0,,370,1,-1,97.460000,mono,,,
1780297528.831411,,,MATCH_ACCEPT,370,0,19.551488,9.788750,18.642342,,9.889811,0.914745,6.041377,1.993718,2.798800,1.176113,15,4,,,,,,,,,
1780297528.831411,,,UI_STATUS_SEND,370,,,,19.054872,199.054872,9.830924,,,,,,16,0,,370,1,-1,97.460000,mono,,,
1780297529.183248,,no_packet,TRACK_DELETE,381,,,,337.837095,,5.265954,,,,13.373000,6.928820,0,12,,,,,,,,,
1780297529.259277,,,MATCH_ACCEPT,370,0,20.540420,9.775000,20.809354,,9.807175,0.270852,6.599051,2.365500,3.700054,1.895539,16,7,,,,,,,,,
1780297529.259277,,,UI_STATUS_SEND,370,,,,20.668595,200.668595,9.784899,,,,,,17,0,,370,1,-1,25.150000,mono,,,
1780297529.319775,,,MATCH_REJECT,370,0,337.831237,5.260417,20.909522,,9.780112,43.314735,6.476209,1.650806,2.006727,0.718433,17,1,,,,,,,,,
1780297529.319775,,,NEW_TRACK,382,0,337.831237,5.260417,,,,,,,1.000000,1.000000,1,0,,,,,,,,,
1780297529.319775,,,TargetLost,370,,,,,,,,,,,,,,not_in_valid_tracks,,,,,,,,
1780297529.598125,,,MATCH_ACCEPT,370,0,21.141982,9.761250,22.018035,,9.758086,0.876058,7.387842,2.258562,3.492252,1.608849,16,5,,,,,,,,,
1780297529.598125,,,UI_STATUS_SEND,370,,,,21.704001,201.704001,9.759691,,,,,,17,0,,370,1,-1,97.460000,mono,,,
1780297530.129612,,,MATCH_ACCEPT,370,0,21.547581,9.733750,23.680199,,9.718550,2.132672,7.532036,2.987491,5.890974,3.034128,17,8,,,,,,,,,
1780297530.129612,,,TRACK_DELETE,382,,,,337.831237,,5.260417,,,,8.602685,8.602685,0,12,,,,,,,,,
1780297530.129612,,,UI_STATUS_SEND,370,,,,22.323520,202.323520,9.730447,,,,,,18,0,,370,1,-1,97.460000,mono,,,
1780297530.372737,,,MATCH_ACCEPT,370,0,21.798232,9.779583,22.983188,,9.714247,1.186755,6.283036,2.154824,3.333604,1.309664,18,4,,,,,,,,,
1780297530.372737,,,UI_STATUS_SEND,370,,,,22.393863,202.393863,9.754010,,,,,,19,0,,370,1,-1,97.460000,mono,,,
1780297530.701039,,,MATCH_ACCEPT,370,0,22.135472,10.008750,23.138804,,9.744922,1.037440,6.247950,2.131433,3.146303,1.396704,19,5,,,,,,,,,
1780297530.701039,,,UI_STATUS_SEND,370,,,,22.654306,202.654306,9.909498,,,,,,20,0,,370,1,-1,97.460000,mono,,,
1780297531.058247,,,MATCH_ACCEPT,370,0,22.249404,10.150833,23.327031,,9.961885,1.094067,6.375501,2.216468,3.323459,1.589269,20,6,,,,,,,,,
1780297531.058247,,,UI_STATUS_SEND,370,,,,22.791907,202.791907,10.085380,,,,,,21,0,,370,1,-1,25.150000,mono,,,
1780297531.417859,,,MATCH_ACCEPT,370,0,22.048883,10.270000,23.314416,,10.183956,1.268454,7.380404,2.253602,3.435763,1.642961,21,6,,,,,,,,,
1780297531.417859,,,UI_STATUS_SEND,370,,,,22.865502,202.865502,10.228058,,,,,,22,0,,370,1,-1,25.150000,mono,,,
1780297531.779933,,,MATCH_ACCEPT,370,0,21.392633,10.412083,23.259961,,10.343790,1.868576,7.824268,2.549512,4.371670,2.128342,22,6,,,,,,,,,
1780297531.779933,,,UI_STATUS_SEND,370,,,,22.491406,202.491406,10.383172,,,,,,23,0,,370,1,-1,97.460000,mono,,,
1780297532.165798,,,MATCH_ACCEPT,370,0,20.576878,10.503750,22.681860,,10.521314,2.105055,7.141170,2.726913,5.062079,2.373976,23,6,,,,,,,,,
1780297532.165798,,,UI_STATUS_SEND,370,,,,21.418056,201.418056,10.508350,,,,,,24,0,,370,1,-1,25.150000,mono,,,
1780297532.623771,,,MATCH_ACCEPT,370,0,19.774795,10.567917,21.215191,,10.666723,1.443781,7.890341,2.593561,4.579346,2.147210,24,7,,,,,,,,,
1780297532.623771,,,UI_STATUS_SEND,370,,,,20.606098,200.606098,10.609533,,,,,,25,0,,370,1,-1,97.460000,mono,,,
1780297533.221204,,,MATCH_ACCEPT,370,0,19.205133,10.595417,20.069760,,10.783000,0.884741,7.945396,3.263064,7.028603,3.618982,25,9,,,,,,,,,
1780297533.221204,,,TargetKeep,370,,,,,,,,,,,,,,lock_timer_expired,,,,,,,,
1780297533.221204,,,UI_STATUS_SEND,370,,,,19.485303,199.485303,10.630834,,,,,,26,0,,370,1,-1,25.150000,mono,,,
1780297533.477352,,,MATCH_ACCEPT,370,0,18.548883,10.636667,19.153454,,10.672003,0.605603,7.312851,2.208567,3.514851,1.362918,26,4,,,,,,,,,
1780297533.477352,,,UI_STATUS_SEND,370,,,,18.935839,198.935839,10.655540,,,,,,27,0,,370,1,-1,97.460000,mono,,,
1780297533.955475,,,MATCH_ACCEPT,370,0,18.134170,10.627500,18.241520,,10.724758,0.144856,7.172465,2.747776,5.073810,2.476466,27,7,,,,,,,,,
1780297533.955475,,,UI_STATUS_SEND,370,,,,18.177009,198.177009,10.652184,,,,,,28,0,,370,1,-1,97.460000,mono,,,
1780297534.371243,,,MATCH_ACCEPT,370,0,17.810602,10.778750,17.553881,,10.684032,0.273637,6.759866,2.472711,4.197272,1.917026,28,6,,,,,,,,,
1780297534.371243,,,UI_STATUS_SEND,370,,,,17.696288,197.696288,10.749836,,,,,,29,0,,370,1,-1,47.250000,mono,,,
1780297534.718753,,,MATCH_ACCEPT,370,0,17.600967,11.021667,17.212280,,10.798733,0.448081,7.384449,2.256299,3.526792,1.564095,29,5,,,,,,,,,
1780297534.718753,,,UI_STATUS_SEND,370,,,,17.352491,197.352491,10.910257,,,,,,30,0,,370,1,-1,97.460000,mono,,,
1780297535.177664,,,MATCH_REJECT,370,0,337.854024,5.223750,16.762881,,11.026624,39.339198,7.169831,2.746021,5.040218,2.500413,30,7,,,,,,,,,
1780297535.177664,,,NEW_TRACK,383,0,337.854024,5.223750,,,,,,,1.000000,1.000000,1,0,,,,,,,,,
1780297535.177664,,,TargetLost,370,,,,,,,,,,,,,,not_in_valid_tracks,,,,,,,,
1780297535.526505,,no_packet,TRACK_DELETE,370,,,,16.314687,,11.115080,,,,8.496182,4.878678,29,12,,,,,,,,,
1780297535.627845,,,MATCH_REJECT,383,0,17.477920,11.315000,337.854024,,5.223750,40.089356,7.937247,2.624831,3.444869,3.444869,1,7,,,,,,,,,
1780297535.627845,,,NEW_TRACK,384,0,17.477920,11.315000,,,,,,,1.000000,1.000000,1,0,,,,,,,,,
1780297535.627845,,,TargetLost,370,,,,,,,,,,,,,,not_in_valid_tracks,,,,,,,,
1780297535.676603,,,MATCH_ACCEPT,383,0,337.899597,5.214583,337.854024,,5.223750,0.046486,8.234748,2.823165,3.985131,3.985131,0,8,,,,,,,,,
1780297535.676603,,,TargetLost,370,,,,,,,,,,,,,,not_in_valid_tracks,,,,,,,,
1780297535.995773,,,MATCH_ACCEPT,384,0,17.345758,11.901667,17.477920,,11.315000,0.601369,6.533587,2.321858,2.695513,2.695513,0,6,,,,,,,,,
1780297535.995773,,,TargetLost,370,,,,,,,,,,,,,,not_in_valid_tracks,,,,,,,,
1780297536.454961,,,MATCH_ACCEPT,384,0,17.432347,13.038333,17.380577,,12.055746,0.983950,8.528536,3.019024,5.732274,3.382230,1,7,,,,,,,,,
1780297536.454961,,,TRACK_DELETE,383,,,,337.890155,,5.210342,,,,13.848484,8.412480,0,12,,,,,,,,,
1780297536.454961,,,TargetLost,370,,,,,,,,,,,,,,not_in_valid_tracks,,,,,,,,
1780297536.911712,,,MATCH_ACCEPT,384,0,17.755915,13.533333,17.379609,,13.418290,0.393498,9.100858,3.400572,7.868622,3.695266,2,7,,,,,,,,,
1780297536.911712,,,TargetLost,370,,,,,,,,,,,,,,not_in_valid_tracks,,,,,,,,
1780297536.911712,,,TargetSwitch,384,,,,,,,,,,,,,,master_lost,,,,,,,,
1780297536.911712,,,UI_STATUS_SEND,384,,,,17.589332,197.589332,13.499145,,,,,,3,0,,384,1,-1,51.980000,mono,,,
1780297537.336788,,,MATCH_REJECT,384,0,27.440761,9.296042,17.640916,,14.176096,10.947689,8.781682,3.214188,7.295603,3.035401,3,7,,,,,,,,,
1780297537.336788,,,NEW_TRACK,385,0,27.440761,9.296042,,,,,,,1.000000,1.000000,1,0,,,,,,,,,
1780297537.336788,,,TargetLost,384,,,,,,,,,,,,,,not_in_valid_tracks,,,,,,,,
1780297537.685420,,no_packet,TRACK_DELETE,384,,,,17.683223,,14.731306,,,,12.029719,5.783676,2,12,,,,,,,,,
1780297538.171460,,no_packet,TRACK_DELETE,385,,,,27.440761,,9.296042,,,,9.057282,9.057282,1,12,,,,,,,,,
1780297542.966325,,,NEW_TRACK,386,0,337.826680,5.434583,,,,,,,1.000000,1.000000,1,0,,,,,,,,,
1780297542.966325,,,TargetLost,384,,,,,,,,,,,,,,not_in_valid_tracks,,,,,,,,
1780297543.803895,,no_packet,TRACK_DELETE,386,,,,337.826680,,5.434583,,,,9.106938,9.106938,1,12,,,,,,,,,
1780297544.211699,,,NEW_TRACK,387,0,337.844909,5.324583,,,,,,,1.000000,1.000000,1,0,,,,,,,,,
1780297544.211699,,,TargetLost,384,,,,,,,,,,,,,,not_in_valid_tracks,,,,,,,,
1780297545.051719,,no_packet,TRACK_DELETE,387,,,,337.844909,,5.324583,,,,9.154302,9.154302,1,12,,,,,,,,,
1780297545.186649,,,NEW_TRACK,388,0,337.854024,5.242083,,,,,,,1.000000,1.000000,1,0,,,,,,,,,
1780297545.186649,,,TargetLost,384,,,,,,,,,,,,,,not_in_valid_tracks,,,,,,,,
1780297545.741655,,,MATCH_ACCEPT,388,0,337.443868,7.199167,337.854024,,5.242083,1.999601,8.556057,3.037372,4.612813,4.612813,1,8,,,,,,,,,
1780297545.741655,,,TargetLost,384,,,,,,,,,,,,,,not_in_valid_tracks,,,,,,,,
1780297546.342324,,,MATCH_ACCEPT,388,0,337.826680,5.251250,337.545280,,7.833527,2.597565,10.020495,4.013663,10.390856,5.718639,2,9,,,,,,,,,
1780297546.342324,,,TargetLost,384,,,,,,,,,,,,,,not_in_valid_tracks,,,,,,,,
1780297546.342324,,,TargetSwitch,388,,,,,,,,,,,,,,master_lost,,,,,,,,
1780297546.342324,,,UI_STATUS_SEND,388,,,,337.720991,157.720991,5.805395,,,,,,3,0,,388,1,-1,26.430000,mono,,,
1780297546.849261,,,MATCH_ACCEPT,388,0,337.799336,5.260417,337.683609,,5.770284,0.522836,9.410880,3.607254,9.177543,3.834735,3,8,,,,,,,,,
1780297546.849261,,,UI_STATUS_SEND,388,,,,337.752453,157.752453,5.408023,,,,,,4,0,,388,1,-1,26.430000,mono,,,
1780297547.680291,,no_packet,TRACK_DELETE,388,,,,337.731071,,5.091612,,,,12.124228,5.948624,4,12,,,,,,,,,
1780297548.008939,,,NEW_TRACK,389,0,359.077853,6.044167,,,,,,,1.000000,1.000000,1,0,,,,,,,,,
1780297548.008939,,,TargetLost,388,,,,,,,,,,,,,,not_in_valid_tracks,,,,,,,,
1780297548.083467,,,MATCH_REJECT,389,0,337.835795,5.242083,359.077853,,6.044167,21.257196,6.280345,1.520230,1.155549,1.155549,1,2,,,,,,,,,
1780297548.083467,,,NEW_TRACK,390,0,337.835795,5.242083,,,,,,,1.000000,1.000000,1,0,,,,,,,,,
1780297548.083467,,,TargetLost,388,,,,,,,,,,,,,,not_in_valid_tracks,,,,,,,,
1780297548.287328,,,MATCH_ACCEPT,389,0,359.809298,10.927708,359.077853,,6.044167,4.938015,7.034608,2.023072,2.046410,2.046410,0,5,,,,,,,,,
1780297548.287328,,,TargetLost,388,,,,,,,,,,,,,,not_in_valid_tracks,,,,,,,,
1780297548.405611,,,MATCH_ACCEPT,389,0,357.193413,11.606042,359.288576,,9.278452,3.131674,5.287892,1.924795,2.299600,1.405236,1,2,,,,,,,,,
1780297548.405611,,,TargetLost,388,,,,,,,,,,,,,,not_in_valid_tracks,,,,,,,,
1780297548.754060,,,MATCH_ACCEPT,389,0,359.207736,11.633542,357.712466,,13.314806,2.249996,5.849951,2.299501,3.430483,1.857221,2,5,,,,,,,,,
1780297548.754060,,,TargetLost,388,,,,,,,,,,,,,,not_in_valid_tracks,,,,,,,,
1780297548.754060,,,TargetSwitch,389,,,,,,,,,,,,,,master_lost,,,,,,,,
1780297548.754060,,,UI_STATUS_SEND,389,,,,358.644205,178.644205,12.000589,,,,,,3,0,,389,1,-1,159.930000,mono,,,
1780297548.895735,,no_packet,TRACK_DELETE,390,,,,337.835795,,5.242083,,,,8.667568,8.667568,0,12,,,,,,,,,
1780297549.068762,,,MATCH_REJECT,389,0,337.854024,5.242083,358.595860,,13.450794,22.307099,5.608772,2.138715,3.131216,1.442885,3,5,,,,,,,,,
1780297549.068762,,,NEW_TRACK,391,0,337.854024,5.242083,,,,,,,1.000000,1.000000,1,0,,,,,,,,,
1780297549.068762,,,TargetLost,389,,,,,,,,,,,,,,not_in_valid_tracks,,,,,,,,
1780297549.377276,,,MATCH_ACCEPT,389,0,358.442111,12.206458,358.548464,,14.872489,2.668151,7.005206,3.069670,6.096184,3.326693,2,10,,,,,,,,,
1780297549.377276,,,UI_STATUS_SEND,389,,,,358.469117,178.469117,12.566077,,,,,,3,0,,389,1,-1,159.930000,mono,,,
1780297549.708019,,,MATCH_ACCEPT,389,0,356.796929,13.191875,358.394934,,13.301511,1.601762,5.559325,2.105750,3.124375,1.309808,3,5,,,,,,,,,
1780297549.708019,,,UI_STATUS_SEND,389,,,,357.434636,177.434636,13.222976,,,,,,4,0,,389,1,-1,159.930000,mono,,,
1780297549.845791,,no_packet,TRACK_DELETE,391,,,,337.854024,,5.242083,,,,8.056395,8.056395,0,12,,,,,,,,,
1780297550.045228,,,MATCH_REJECT,389,0,337.849467,5.232917,357.080888,,13.943773,21.112238,5.327189,1.950992,2.607271,1.199101,4,5,,,,,,,,,
1780297550.045228,,,NEW_TRACK,392,0,337.849467,5.232917,,,,,,,1.000000,1.000000,1,0,,,,,,,,,
1780297550.045228,,,TargetLost,389,,,,,,,,,,,,,,not_in_valid_tracks,,,,,,,,
1780297550.533689,,no_packet,TRACK_DELETE,389,,,,356.568472,,14.987872,,,,6.266537,3.783956,3,12,,,,,,,,,
1780297550.881857,,no_packet,TRACK_DELETE,392,,,,337.849467,,5.232917,,,,9.091152,9.091152,1,12,,,,,,,,,
1780297551.069077,,,NEW_TRACK,393,0,337.844909,5.242083,,,,,,,1.000000,1.000000,1,0,,,,,,,,,
1780297551.069077,,,NEW_TRACK,394,1,338.282409,4.288750,,,,,,,1.000000,1.000000,1,0,,,,,,,,,
1780297551.069077,,,TargetLost,389,,,,,,,,,,,,,,not_in_valid_tracks,,,,,,,,
1780297551.907441,,no_packet,TRACK_DELETE,393,,,,337.844909,,5.242083,,,,9.119900,9.119900,1,12,,,,,,,,,
1780297551.907441,,no_packet,TRACK_DELETE,394,,,,338.282409,,4.288750,,,,9.119900,9.119900,1,12,,,,,,,,,
1780297552.295565,,,NEW_TRACK,395,0,337.844909,5.232917,,,,,,,1.000000,1.000000,1,0,,,,,,,,,
1780297552.295565,,,TargetLost,389,,,,,,,,,,,,,,not_in_valid_tracks,,,,,,,,
1780297552.680122,,,MATCH_ACCEPT,395,0,337.872253,5.260417,337.844909,,5.232917,0.038781,7.562755,2.375170,2.820716,2.820716,1,6,,,,,,,,,
1780297552.680122,,,TargetLost,389,,,,,,,,,,,,,,not_in_valid_tracks,,,,,,,,
1780297553.512995,,no_packet,TRACK_DELETE,395,,,,337.863520,,5.271650,,,,14.180715,9.687127,2,12,,,,,,,,,
1780297554.551165,,,NEW_TRACK,396,0,337.826680,5.425417,,,,,,,1.000000,1.000000,1,0,,,,,,,,,
1780297554.551165,,,TargetLost,389,,,,,,,,,,,,,,not_in_valid_tracks,,,,,,,,
1780297554.986837,,,MATCH_ACCEPT,396,0,337.826680,5.269583,337.826680,,5.425417,0.155833,7.859193,2.572795,3.309638,3.309638,1,7,,,,,,,,,
1780297554.986837,,,TargetLost,389,,,,,,,,,,,,,,not_in_valid_tracks,,,,,,,,
1780297555.822480,,no_packet,TRACK_DELETE,396,,,,337.826680,,5.196953,,,,14.689186,9.554278,2,12,,,,,,,,,
1780297556.645893,,,NEW_TRACK,397,0,337.826680,5.324583,,,,,,,1.000000,1.000000,1,0,,,,,,,,,
1780297556.645893,,,NEW_TRACK,398,1,338.273295,4.297917,,,,,,,1.000000,1.000000,1,0,,,,,,,,,
1780297556.645893,,,TargetLost,389,,,,,,,,,,,,,,not_in_valid_tracks,,,,,,,,
1780297557.311759,,,MATCH_ACCEPT,397,0,337.867696,5.242083,337.826680,,5.324583,0.092133,9.270527,3.513685,6.172991,6.172991,1,10,,,,,,,,,
1780297557.311759,,,TargetLost,389,,,,,,,,,,,,,,not_in_valid_tracks,,,,,,,,
1780297557.448559,,no_packet,TRACK_DELETE,398,,,,338.273295,,4.297917,,,,8.476868,8.476868,0,12,,,,,,,,,
1780297558.148553,,no_packet,TRACK_DELETE,397,,,,337.867038,,5.194216,,,,15.745412,8.456949,2,12,,,,,,,,,
1780297561.246338,,,NEW_TRACK,399,0,337.867696,5.232917,,,,,,,1.000000,1.000000,1,0,,,,,,,,,
1780297561.246338,,,TargetLost,389,,,,,,,,,,,,,,not_in_valid_tracks,,,,,,,,
1780297562.000601,,,MATCH_ACCEPT,399,0,337.835795,5.214583,337.867696,,5.232917,0.036794,9.844416,3.896277,7.590488,7.590488,1,11,,,,,,,,,
1780297562.000601,,,TargetLost,389,,,,,,,,,,,,,,not_in_valid_tracks,,,,,,,,
1780297562.835163,,no_packet,TRACK_DELETE,399,,,,337.834279,,5.203877,,,,15.807152,8.029333,2,12,,,,,,,,,
1780297563.487190,,,NEW_TRACK,400,0,337.844909,5.232917,,,,,,,1.000000,1.000000,1,0,,,,,,,,,
1780297563.487113,,,TargetLost,389,,,,,,,,,,,,,,not_in_valid_tracks,,,,,,,,
1780297563.963264,,,MATCH_ACCEPT,400,0,337.835795,5.260417,337.844909,,5.232917,0.028971,8.079874,2.719916,3.698972,3.698972,1,7,,,,,,,,,
1780297563.963264,,,TargetLost,389,,,,,,,,,,,,,,not_in_valid_tracks,,,,,,,,
1780297564.491792,,,MATCH_ACCEPT,400,0,337.885925,5.251250,337.839080,,5.266175,0.049165,9.549510,3.699674,8.656746,5.030838,2,8,,,,,,,,,
1780297564.491792,,,TargetLost,389,,,,,,,,,,,,,,not_in_valid_tracks,,,,,,,,
1780297564.491792,,,TargetSwitch,400,,,,,,,,,,,,,,master_lost,,,,,,,,
1780297564.491792,,,UI_STATUS_SEND,400,,,,337.866284,157.866284,5.254787,,,,,,3,0,,400,1,-1,26.430000,mono,,,
1780297565.075358,,,MATCH_ACCEPT,400,0,337.844909,5.260417,337.878613,,5.263135,0.033813,9.782799,3.855199,10.270439,4.592123,3,9,,,,,,,,,
1780297565.075358,,,UI_STATUS_SEND,400,,,,337.857660,157.857660,5.261107,,,,,,4,0,,400,1,-1,26.430000,mono,,,
1780297565.905948,,no_packet,TRACK_DELETE,400,,,,337.862777,,5.271537,,,,12.677098,6.083119,4,12,,,,,,,,,
1780297566.029883,,,NEW_TRACK,401,0,337.844909,5.287917,,,,,,,1.000000,1.000000,1,0,,,,,,,,,
1780297566.029883,,,TargetLost,400,,,,,,,,,,,,,,not_in_valid_tracks,,,,,,,,
1780297566.862908,,no_packet,TRACK_DELETE,401,,,,337.844909,,5.287917,,,,9.027157,9.027157,1,12,,,,,,,,,
1780297567.167615,,,NEW_TRACK,402,0,337.844909,5.251250,,,,,,,1.000000,1.000000,1,0,,,,,,,,,
1780297567.167615,,,TargetLost,400,,,,,,,,,,,,,,not_in_valid_tracks,,,,,,,,
1780297568.001889,,no_packet,TRACK_DELETE,402,,,,337.844909,,5.251250,,,,9.048792,9.048792,1,12,,,,,,,,,
1780297569.131320,,,NEW_TRACK,403,0,337.826680,5.269583,,,,,,,1.000000,1.000000,1,0,,,,,,,,,
1780297569.131320,,,TargetLost,400,,,,,,,,,,,,,,not_in_valid_tracks,,,,,,,,
1780297569.968943,,no_packet,TRACK_DELETE,403,,,,337.826680,,5.269583,,,,9.110271,9.110271,1,12,,,,,,,,,
1780297573.474714,,,NEW_TRACK,404,0,337.863139,5.269583,,,,,,,1.000000,1.000000,1,0,,,,,,,,,
1780297573.474465,,,TargetLost,400,,,,,,,,,,,,,,not_in_valid_tracks,,,,,,,,
1780297574.312538,,no_packet,TRACK_DELETE,404,,,,337.863139,,5.269583,,,,9.117395,9.117395,1,12,,,,,,,,,
1780297577.572182,,,NEW_TRACK,405,0,337.835795,5.232917,,,,,,,1.000000,1.000000,1,0,,,,,,,,,
1780297577.572182,,,TargetLost,400,,,,,,,,,,,,,,not_in_valid_tracks,,,,,,,,
1780297578.083116,,,MATCH_REJECT,405,0,24.614639,10.361667,337.835795,,5.232917,47.059157,8.303226,2.868817,4.115057,4.115057,1,8,,,,,,,,,
1780297578.083116,,,NEW_TRACK,406,0,24.614639,10.361667,,,,,,,1.000000,1.000000,1,0,,,,,,,,,
1780297578.083116,,,TargetLost,400,,,,,,,,,,,,,,not_in_valid_tracks,,,,,,,,
1780297578.361416,,no_packet,TRACK_DELETE,405,,,,337.835795,,5.232917,,,,8.254377,8.254377,0,12,,,,,,,,,
1780297578.489707,,,MATCH_ACCEPT,406,0,21.333389,9.353333,24.614639,,10.361667,3.432687,6.726147,2.450232,3.001817,3.001817,1,6,,,,,,,,,
1780297578.489707,,,TargetLost,400,,,,,,,,,,,,,,not_in_valid_tracks,,,,,,,,
1780297578.885786,,,MATCH_ACCEPT,406,0,17.974665,9.110417,22.198943,,9.131335,4.224330,8.145995,2.790396,5.028140,2.758173,2,6,,,,,,,,,
1780297578.885786,,,TargetLost,400,,,,,,,,,,,,,,not_in_valid_tracks,,,,,,,,
1780297578.885786,,,TargetSwitch,406,,,,,,,,,,,,,,master_lost,,,,,,,,
1780297578.885786,,,UI_STATUS_SEND,406,,,,20.292330,200.292330,9.117874,,,,,,3,0,,406,1,-1,97.460000,mono,,,
1780297579.268895,,,MATCH_ACCEPT,406,0,14.793675,8.592500,18.615986,,8.682546,3.823372,7.667111,3.077541,6.480820,2.990439,3,6,,,,,,,,,
1780297579.268895,,,UI_STATUS_SEND,406,,,,16.101117,196.101117,8.612289,,,,,,4,0,,406,1,-1,47.250000,mono,,,
1780297579.799672,,,MATCH_ACCEPT,406,0,11.280003,7.712500,12.574203,,7.969119,1.319396,8.460265,2.973510,6.070456,2.771304,4,8,,,,,,,,,
1780297579.799672,,,UI_STATUS_SEND,406,,,,11.936533,191.936533,7.805021,,,,,,5,0,,406,1,-1,97.460000,mono,,,
1780297580.156002,,,MATCH_ACCEPT,406,0,10.070041,6.740833,9.395069,,7.317151,0.887541,7.295412,2.829742,5.616165,2.391273,5,6,,,,,,,,,
1780297580.156002,,,UI_STATUS_SEND,406,,,,9.816946,189.816946,6.890959,,,,,,6,0,,406,1,-1,25.150000,mono,,,
1780297580.167690,,,MATCH_ACCEPT,406,0,8.212946,5.393333,9.737080,,6.870446,2.122463,6.544589,1.696393,2.191287,0.686461,6,1,,,,,,,,,
1780297580.167690,,,UI_STATUS_SEND,406,,,,9.341428,189.341428,6.419580,,,,,,7,0,,406,1,-1,47.250000,mono,,,
1780297580.304289,,,MATCH_REJECT,406,0,337.854024,5.287917,8.370153,,6.126374,30.527646,6.528762,1.685841,2.099413,0.742647,7,2,,,,,,,,,
1780297580.304289,,,NEW_TRACK,407,0,337.854024,5.287917,,,,,,,1.000000,1.000000,1,0,,,,,,,,,
1780297580.304289,,,TargetLost,406,,,,,,,,,,,,,,not_in_valid_tracks,,,,,,,,
1780297581.008048,,no_packet,TRACK_DELETE,406,,,,3.366142,,4.615776,,,,7.114676,4.229724,6,12,,,,,,,,,
1780297581.146961,,no_packet,TRACK_DELETE,407,,,,337.854024,,5.287917,,,,9.196781,9.196781,1,12,,,,,,,,,
1780297581.372268,,,NEW_TRACK,408,0,337.808451,5.269583,,,,,,,1.000000,1.000000,1,0,,,,,,,,,
1780297581.372268,,,TargetLost,406,,,,,,,,,,,,,,not_in_valid_tracks,,,,,,,,
1780297582.214662,,no_packet,TRACK_DELETE,408,,,,337.808451,,5.269583,,,,9.193743,9.193743,1,12,,,,,,,,,
1780297582.610373,,,NEW_TRACK,409,0,337.863139,5.210000,,,,,,,1.000000,1.000000,1,0,,,,,,,,,
1780297582.610373,,,TargetLost,406,,,,,,,,,,,,,,not_in_valid_tracks,,,,,,,,
1780297583.446421,,no_packet,TRACK_DELETE,409,,,,337.863139,,5.210000,,,,9.080580,9.080580,1,12,,,,,,,,,
1780297583.781654,,,NEW_TRACK,410,0,337.826680,5.232917,,,,,,,1.000000,1.000000,1,0,,,,,,,,,
1780297583.781654,,,TargetLost,406,,,,,,,,,,,,,,not_in_valid_tracks,,,,,,,,
1780297584.344592,,,MATCH_ACCEPT,410,0,337.835795,5.214583,337.826680,,5.232917,0.020474,8.627295,3.084864,4.758191,4.758191,1,9,,,,,,,,,
1780297584.344592,,,TargetLost,406,,,,,,,,,,,,,,not_in_valid_tracks,,,,,,,,
1780297585.090803,,,MATCH_ACCEPT,410,0,337.844909,5.251250,337.834343,,5.206072,0.046397,10.890007,4.593338,13.434761,7.663992,2,11,,,,,,,,,
1780297585.090803,,,TargetLost,406,,,,,,,,,,,,,,not_in_valid_tracks,,,,,,,,
1780297585.090803,,,TargetSwitch,410,,,,,,,,,,,,,,master_lost,,,,,,,,
1780297585.090803,,,UI_STATUS_SEND,410,,,,337.841555,157.841555,5.243599,,,,,,3,0,,410,1,-1,26.430000,mono,,,
1780297585.924883,,no_packet,TRACK_DELETE,410,,,,337.850413,,5.256516,,,,14.465135,6.612563,3,12,,,,,,,,,
1780297588.558253,,,NEW_TRACK,411,0,337.817566,5.223750,,,,,,,1.000000,1.000000,1,0,,,,,,,,,
1780297588.558253,,,TargetLost,410,,,,,,,,,,,,,,not_in_valid_tracks,,,,,,,,
1780297589.002087,,,MATCH_ACCEPT,411,0,337.872253,5.315417,337.817566,,5.223750,0.106740,7.902190,2.601460,3.383797,3.383797,1,7,,,,,,,,,
1780297589.002087,,,TargetLost,410,,,,,,,,,,,,,,not_in_valid_tracks,,,,,,,,
1780297589.543672,,,MATCH_ACCEPT,411,0,338.273295,4.284167,337.851147,,5.333383,1.130957,9.597137,3.731425,8.683066,5.240464,2,8,,,,,,,,,
1780297589.543672,,,TargetLost,410,,,,,,,,,,,,,,not_in_valid_tracks,,,,,,,,
1780297589.543672,,,TargetSwitch,411,,,,,,,,,,,,,,master_lost,,,,,,,,
1780297589.543672,,,UI_STATUS_SEND,411,,,,338.096612,158.096612,4.525150,,,,,,3,0,,411,1,-1,26.430000,mono,,,
1780297590.380413,,no_packet,TRACK_DELETE,411,,,,338.316252,,3.871598,,,,14.819831,7.209072,3,12,,,,,,,,,
1780297593.466584,,,NEW_TRACK,412,0,337.822123,5.219167,,,,,,,1.000000,1.000000,1,0,,,,,,,,,
1780297593.466584,,,TargetLost,411,,,,,,,,,,,,,,not_in_valid_tracks,,,,,,,,
1780297594.087456,,,MATCH_REJECT,412,0,15.395238,4.142083,337.822123,,5.219167,37.588549,8.972792,3.315195,5.495259,5.495259,1,9,,,,,,,,,
1780297594.087456,,,NEW_TRACK,413,0,15.395238,4.142083,,,,,,,1.000000,1.000000,1,0,,,,,,,,,
1780297594.087456,,,TargetLost,411,,,,,,,,,,,,,,not_in_valid_tracks,,,,,,,,
1780297594.298572,,no_packet,TRACK_DELETE,412,,,,337.822123,,5.219167,,,,9.003835,9.003835,0,12,,,,,,,,,
1780297594.664208,,,MATCH_REJECT,413,0,337.854024,5.205417,15.395238,,4.142083,37.556270,8.708543,3.139029,4.926751,4.926751,1,9,,,,,,,,,
1780297594.664208,,,NEW_TRACK,414,0,337.854024,5.205417,,,,,,,1.000000,1.000000,1,0,,,,,,,,,
1780297594.664208,,,TargetLost,411,,,,,,,,,,,,,,not_in_valid_tracks,,,,,,,,
1780297594.831687,,,MATCH_REJECT,413,0,31.341803,7.501667,15.395238,,4.142083,16.296618,9.802417,3.868278,7.481787,7.481787,0,12,,,,,,,,,
1780297594.831687,,,NEW_TRACK,415,0,31.341803,7.501667,,,,,,,1.000000,1.000000,1,0,,,,,,,,,
1780297594.831687,,,TRACK_DELETE,413,,,,15.395238,,4.142083,,,,7.481787,7.481787,0,12,,,,,,,,,
1780297594.831687,,,TargetLost,411,,,,,,,,,,,,,,not_in_valid_tracks,,,,,,,,
1780297595.459020,,no_packet,TRACK_DELETE,414,,,,337.854024,,5.205417,,,,8.384283,8.384283,0,12,,,,,,,,,
1780297595.666375,,no_packet,TRACK_DELETE,415,,,,31.341803,,7.501667,,,,9.054269,9.054269,1,12,,,,,,,,,
1780297596.196080,,,NEW_TRACK,416,0,337.854024,5.219167,,,,,,,1.000000,1.000000,1,0,,,,,,,,,
1780297596.196080,,,TargetLost,411,,,,,,,,,,,,,,not_in_valid_tracks,,,,,,,,
1780297596.640458,,,MATCH_ACCEPT,416,0,337.854024,5.223750,337.854024,,5.219167,0.004583,7.905688,2.603792,3.389866,3.389866,1,7,,,,,,,,,
1780297596.640458,,,TargetLost,411,,,,,,,,,,,,,,not_in_valid_tracks,,,,,,,,
1780297597.407481,,,MATCH_ACCEPT,416,0,337.826680,5.251250,337.854024,,5.225629,0.037471,10.956322,4.637548,13.147379,8.359470,2,11,,,,,,,,,
1780297597.407481,,,NEW_TRACK,417,1,337.243347,4.884583,,,,,,,1.000000,1.000000,1,0,,,,,,,,,
1780297597.407481,,,TargetLost,411,,,,,,,,,,,,,,not_in_valid_tracks,,,,,,,,
1780297597.407481,,,TargetSwitch,416,,,,,,,,,,,,,,master_lost,,,,,,,,
1780297597.407481,,,UI_STATUS_SEND,416,,,,337.835491,157.835491,5.247215,,,,,,3,0,,416,1,-1,26.430000,mono,,,
1780297598.239196,,no_packet,TRACK_DELETE,416,,,,337.822829,,5.267117,,,,14.784173,6.718602,3,12,,,,,,,,,
1780297598.239196,,no_packet,TRACK_DELETE,417,,,,337.243347,,4.884583,,,,9.003499,9.003499,1,12,,,,,,,,,
1780297598.244636,,,NEW_TRACK,418,0,337.858581,5.205417,,,,,,,1.000000,1.000000,1,0,,,,,,,,,
1780297598.244636,,,TargetLost,416,,,,,,,,,,,,,,not_in_valid_tracks,,,,,,,,
1780297599.080236,,no_packet,TRACK_DELETE,418,,,,337.858581,,5.205417,,,,9.073656,9.073656,1,12,,,,,,,,,
1780297599.291821,,,NEW_TRACK,419,0,337.854024,5.287917,,,,,,,1.000000,1.000000,1,0,,,,,,,,,
1780297599.291821,,,TargetLost,416,,,,,,,,,,,,,,not_in_valid_tracks,,,,,,,,
1780297599.403617,,,MATCH_ACCEPT,419,0,337.844909,5.260417,337.854024,,5.287917,0.028971,6.348198,1.565465,1.225341,1.225341,1,2,,,,,,,,,
1780297599.403617,,,TargetLost,416,,,,,,,,,,,,,,not_in_valid_tracks,,,,,,,,
1780297600.239846,,no_packet,TRACK_DELETE,419,,,,337.851381,,5.266538,,,,10.843666,9.787163,2,12,,,,,,,,,
1780297601.243064,,,NEW_TRACK,420,0,337.443868,7.199167,,,,,,,1.000000,1.000000,1,0,,,,,,,,,
1780297601.243064,,,TargetLost,416,,,,,,,,,,,,,,not_in_valid_tracks,,,,,,,,
1780297601.426544,,,MATCH_ACCEPT,420,0,337.124857,7.455833,337.443868,,7.199167,0.409445,6.589066,1.726044,1.489613,1.489613,1,3,,,,,,,,,
1780297601.426544,,,TargetLost,416,,,,,,,,,,,,,,not_in_valid_tracks,,,,,,,,
1780297601.701401,,,MATCH_ACCEPT,420,0,337.835795,5.324583,337.361326,,7.367573,2.097362,7.429353,2.286235,3.011332,2.215540,2,4,,,,,,,,,
1780297601.701401,,,TargetLost,416,,,,,,,,,,,,,,not_in_valid_tracks,,,,,,,,
1780297601.701401,,,TargetSwitch,420,,,,,,,,,,,,,,master_lost,,,,,,,,
1780297601.701401,,,UI_STATUS_SEND,420,,,,337.515600,157.515600,6.169511,,,,,,3,0,,420,1,-1,26.430000,mono,,,
1780297602.040889,,,MATCH_ACCEPT,420,0,337.803894,5.274167,337.565643,,5.555084,0.368345,8.329480,2.886320,5.338205,2.992640,3,5,,,,,,,,,
1780297602.040889,,,UI_STATUS_SEND,420,,,,337.675395,157.675395,5.370527,,,,,,4,0,,420,1,-1,26.430000,mono,,,
1780297602.387141,,,MATCH_ACCEPT,420,0,337.858581,5.200833,337.769855,,4.659979,0.548083,8.499119,2.999413,6.234870,2.761607,4,5,,,,,,,,,
1780297602.387141,,,UI_STATUS_SEND,420,,,,337.814165,157.814165,5.005398,,,,,,5,0,,420,1,-1,26.430000,mono,,,
1780297603.061125,,,MATCH_ACCEPT,420,0,337.835795,5.324583,338.025502,,3.874925,1.462018,9.757178,3.838119,10.027980,4.703176,5,10,,,,,,,,,
1780297603.061125,,,UI_STATUS_SEND,420,,,,337.908634,157.908634,4.963076,,,,,,6,0,,420,1,-1,26.430000,mono,,,
1780297603.892636,,no_packet,TRACK_DELETE,420,,,,338.102962,,4.316838,,,,12.183066,5.863742,6,12,,,,,,,,,
1780297604.714011,,,NEW_TRACK,421,0,337.835795,5.251250,,,,,,,1.000000,1.000000,1,0,,,,,,,,,
1780297604.714011,,,TargetLost,420,,,,,,,,,,,,,,not_in_valid_tracks,,,,,,,,
1780297605.551988,,no_packet,TRACK_DELETE,421,,,,337.835795,,5.251250,,,,9.116581,9.116581,1,12,,,,,,,,,
1780297611.973471,,,NEW_TRACK,422,0,337.858581,5.287917,,,,,,,1.000000,1.000000,1,0,,,,,,,,,
1780297611.973471,,,TargetLost,420,,,,,,,,,,,,,,not_in_valid_tracks,,,,,,,,
1780297612.809022,,no_packet,TRACK_DELETE,422,,,,337.858581,,5.287917,,,,9.070157,9.070157,1,12,,,,,,,,,
1780297613.057313,,,NEW_TRACK,423,0,337.817566,5.269583,,,,,,,1.000000,1.000000,1,0,,,,,,,,,
1780297613.057313,,,TargetLost,420,,,,,,,,,,,,,,not_in_valid_tracks,,,,,,,,
1780297613.886704,,no_packet,TRACK_DELETE,423,,,,337.817566,,5.269583,,,,8.960801,8.960801,1,12,,,,,,,,,
1780297614.123364,,,NEW_TRACK,424,0,338.227722,4.912083,,,,,,,1.000000,1.000000,1,0,,,,,,,,,
1780297614.123364,,,TargetLost,420,,,,,,,,,,,,,,not_in_valid_tracks,,,,,,,,
1780297614.804177,,,MATCH_ACCEPT,424,0,337.854024,5.265000,338.227722,,4.912083,0.514004,9.364236,3.576157,6.394450,6.394450,1,10,,,,,,,,,
1780297614.804177,,,TargetLost,420,,,,,,,,,,,,,,not_in_valid_tracks,,,,,,,,
1780297615.644333,,no_packet,TRACK_DELETE,424,,,,337.854753,,5.471811,,,,15.812538,8.392648,2,12,,,,,,,,,
1780297616.272640,,,NEW_TRACK,425,0,337.826680,5.251250,,,,,,,1.000000,1.000000,1,0,,,,,,,,,
1780297616.272640,,,TargetLost,420,,,,,,,,,,,,,,not_in_valid_tracks,,,,,,,,
1780297617.108344,,no_packet,TRACK_DELETE,425,,,,337.826680,,5.251250,,,,9.076347,9.076347,1,12,,,,,,,,,
1780297617.889958,,,NEW_TRACK,426,0,337.854024,5.242083,,,,,,,1.000000,1.000000,1,0,,,,,,,,,
1780297617.889958,,,TargetLost,420,,,,,,,,,,,,,,not_in_valid_tracks,,,,,,,,
1780297618.719237,,no_packet,TRACK_DELETE,426,,,,337.854024,,5.242083,,,,8.961583,8.961583,1,12,,,,,,,,,
1780297618.896755,,,NEW_TRACK,427,0,337.890482,5.320000,,,,,,,1.000000,1.000000,1,0,,,,,,,,,
1780297618.896755,,,TargetLost,420,,,,,,,,,,,,,,not_in_valid_tracks,,,,,,,,
1780297619.646041,,,MATCH_ACCEPT,427,0,334.914571,8.283125,337.890482,,5.320000,4.199543,9.812482,3.874988,7.507765,7.507765,1,11,,,,,,,,,
1780297619.646041,,,TargetLost,420,,,,,,,,,,,,,,not_in_valid_tracks,,,,,,,,
1780297619.790952,,,MATCH_ACCEPT,427,0,337.826680,5.324583,336.008903,,8.161715,3.369515,6.948338,2.598359,4.796899,1.954570,2,3,,,,,,,,,
1780297619.790952,,,TargetLost,420,,,,,,,,,,,,,,not_in_valid_tracks,,,,,,,,
1780297619.790952,,,TargetSwitch,427,,,,,,,,,,,,,,master_lost,,,,,,,,
1780297619.790952,,,UI_STATUS_SEND,427,,,,337.076684,157.076684,6.179023,,,,,,3,0,,427,1,-1,26.430000,mono,,,
1780297619.910725,,,MATCH_ACCEPT,427,0,337.854024,5.260417,336.991905,,6.242936,1.307131,6.815489,1.876992,2.627242,0.895859,3,2,,,,,,,,,
1780297619.910725,,,UI_STATUS_SEND,427,,,,337.247051,157.247051,5.884893,,,,,,4,0,,427,1,-1,26.430000,mono,,,
1780297620.019448,,,MATCH_ACCEPT,427,0,334.841654,11.184375,337.197537,,5.895232,5.790097,6.711644,1.807763,2.403462,0.864545,4,2,,,,,,,,,
1780297620.019448,,,UI_STATUS_SEND,427,,,,336.543200,156.543200,7.779293,,,,,,5,0,,427,1,-1,47.250000,mono,,,
1780297620.127375,,,MATCH_ACCEPT,427,0,337.835795,5.232917,336.425042,,8.048844,3.149551,6.643508,1.762338,2.254346,0.851491,5,2,,,,,,,,,
1780297620.127375,,,UI_STATUS_SEND,427,,,,336.799006,156.799006,7.055577,,,,,,6,0,,427,1,-1,26.430000,mono,,,
1780297620.531065,,,MATCH_ACCEPT,427,0,337.840352,5.228333,336.503415,,7.545278,2.675001,7.685810,2.457207,4.001653,2.036212,6,6,,,,,,,,,
1780297620.531065,,,UI_STATUS_SEND,427,,,,337.025278,157.025278,6.234311,,,,,,7,0,,427,1,-1,26.430000,mono,,,
1780297621.369705,,no_packet,TRACK_DELETE,427,,,,336.797930,,6.009961,,,,10.161122,5.891610,7,12,,,,,,,,,
1780297621.487423,,,NEW_TRACK,428,0,337.872253,5.315417,,,,,,,1.000000,1.000000,1,0,,,,,,,,,
1780297621.487423,,,TargetLost,427,,,,,,,,,,,,,,not_in_valid_tracks,,,,,,,,
1780297621.995233,,,MATCH_ACCEPT,428,0,337.808451,5.278750,337.872253,,5.315417,0.073588,8.284464,2.856309,4.079251,4.079251,1,8,,,,,,,,,
1780297621.995233,,,TargetLost,427,,,,,,,,,,,,,,not_in_valid_tracks,,,,,,,,
1780297622.372098,,,MATCH_ACCEPT,428,0,337.826680,5.324583,337.834488,,5.275681,0.049522,8.748842,3.165894,6.514874,3.508013,2,6,,,,,,,,,
1780297622.372098,,,TargetLost,427,,,,,,,,,,,,,,not_in_valid_tracks,,,,,,,,
1780297622.372098,,,TargetSwitch,428,,,,,,,,,,,,,,master_lost,,,,,,,,
1780297622.372098,,,UI_STATUS_SEND,428,,,,337.830503,157.830503,5.309514,,,,,,3,0,,428,1,-1,26.430000,mono,,,
1780297622.501192,,,MATCH_ACCEPT,428,0,338.332540,4.838750,337.825665,,5.310072,0.692146,7.621466,2.414310,4.249744,1.579151,3,2,,,,,,,,,
1780297622.501192,,,UI_STATUS_SEND,428,,,,338.030821,158.030821,5.073162,,,,,,4,0,,428,1,-1,26.430000,mono,,,
1780297622.736906,,,MATCH_ACCEPT,428,0,337.863139,5.228333,338.069111,,5.009421,0.300578,7.616718,2.411146,4.187305,1.626318,4,4,,,,,,,,,
1780297622.736906,,,UI_STATUS_SEND,428,,,,337.986478,157.986478,5.121068,,,,,,5,0,,428,1,-1,26.430000,mono,,,
1780297623.102577,,,MATCH_ACCEPT,428,0,337.854024,5.260417,338.018853,,5.068234,0.253185,8.065571,2.710381,5.101483,2.244681,5,6,,,,,,,,,
1780297623.102577,,,UI_STATUS_SEND,428,,,,337.944777,157.944777,5.181543,,,,,,6,0,,428,1,-1,26.430000,mono,,,
1780297623.489557,,,MATCH_ACCEPT,428,0,337.844909,5.223750,337.956035,,5.170615,0.123176,8.249793,2.833195,5.549152,2.477842,6,6,,,,,,,,,
1780297623.489557,,,NEW_TRACK,429,1,338.282409,4.343750,,,,,,,1.000000,1.000000,1,0,,,,,,,,,
1780297623.489557,,,NEW_TRACK,430,2,338.282409,3.463750,,,,,,,1.000000,1.000000,1,0,,,,,,,,,
1780297623.489557,,,UI_STATUS_SEND,428,,,,337.903772,157.903772,5.203201,,,,,,7,0,,428,1,-1,26.430000,mono,,,
1780297623.639262,,,MATCH_ACCEPT,428,0,337.863139,5.223750,337.902314,,5.203646,0.044033,7.449750,2.299833,3.837004,1.452229,7,3,,,,,,,,,
1780297623.639262,,,UI_STATUS_SEND,428,,,,337.887412,157.887412,5.213330,,,,,,8,0,,428,1,-1,26.430000,mono,,,
1780297623.755636,,,MATCH_ACCEPT,428,0,337.826680,5.232917,337.885004,,5.214754,0.061086,6.999623,1.999749,2.937770,1.061226,8,2,,,,,,,,,
1780297623.755636,,,UI_STATUS_SEND,428,,,,337.866355,157.866355,5.222101,,,,,,9,0,,428,1,-1,26.430000,mono,,,
1780297624.247620,,no_packet,TRACK_DELETE,429,,,,338.282409,,4.343750,,,,7.788777,7.788777,0,12,,,,,,,,,
1780297624.247620,,no_packet,TRACK_DELETE,430,,,,338.282409,,3.463750,,,,7.788777,7.788777,0,12,,,,,,,,,
1780297624.429380,,,MATCH_REJECT,428,0,348.349125,14.193333,337.842944,,5.235371,13.806699,8.762866,3.175244,6.500688,3.581488,9,10,,,,,,,,,
1780297624.429380,,,NEW_TRACK,431,0,348.349125,14.193333,,,,,,,1.000000,1.000000,1,0,,,,,,,,,
1780297624.429380,,,TargetLost,428,,,,,,,,,,,,,,not_in_valid_tracks,,,,,,,,
1780297624.569755,,no_packet,TRACK_DELETE,428,,,,337.838066,,5.238136,,,,8.021108,4.680773,8,12,,,,,,,,,
1780297625.113506,,,MATCH_ACCEPT,431,0,355.830783,13.187292,348.349125,,14.193333,7.548995,9.383402,3.588934,6.440225,6.440225,1,10,,,,,,,,,
1780297625.113506,,,TargetLost,428,,,,,,,,,,,,,,not_in_valid_tracks,,,,,,,,
1780297625.291946,,,MATCH_REJECT,431,0,337.890482,5.269583,352.929012,,13.216761,17.009263,7.958986,2.639324,4.875712,2.090318,2,3,,,,,,,,,
1780297625.291946,,,NEW_TRACK,432,0,337.890482,5.269583,,,,,,,1.000000,1.000000,1,0,,,,,,,,,
1780297625.291946,,,TargetLost,428,,,,,,,,,,,,,,not_in_valid_tracks,,,,,,,,
1780297625.446548,,,MATCH_ACCEPT,431,0,353.506564,11.656458,353.607397,,13.072109,1.419237,8.720511,3.147008,6.787661,3.115996,1,6,,,,,,,,,
1780297625.446548,,,TargetLost,428,,,,,,,,,,,,,,not_in_valid_tracks,,,,,,,,
1780297625.511158,,,MATCH_ACCEPT,432,0,337.881368,5.223750,337.890482,,5.269583,0.046731,6.755394,1.836929,1.687155,1.687155,0,4,,,,,,,,,
1780297625.511158,,,TargetLost,428,,,,,,,,,,,,,,not_in_valid_tracks,,,,,,,,
1780297626.055125,,,MATCH_ACCEPT,432,0,337.835795,5.232917,337.887139,,5.228517,0.051532,9.204367,3.469578,6.789362,5.248612,1,8,,,,,,,,,
1780297626.055125,,,TargetLost,428,,,,,,,,,,,,,,not_in_valid_tracks,,,,,,,,
1780297626.071532,,,MATCH_ACCEPT,431,0,352.581434,10.318125,356.266590,,10.922998,3.734468,8.145299,3.829733,10.002770,4.664081,0,10,,,,,,,,,
1780297626.071532,,,TargetLost,428,,,,,,,,,,,,,,not_in_valid_tracks,,,,,,,,
1780297626.300191,,,MATCH_ACCEPT,432,0,337.876810,5.324583,337.852369,,5.225152,0.102391,8.305587,2.870391,5.758721,2.480425,1,5,,,,,,,,,
1780297626.300191,,,TargetLost,428,,,,,,,,,,,,,,not_in_valid_tracks,,,,,,,,
1780297626.653882,,,MATCH_ACCEPT,432,0,337.835795,5.324583,337.856488,,5.300156,0.032014,8.398350,2.932233,6.082656,2.515336,2,6,,,,,,,,,
1780297626.653882,,,TargetLost,428,,,,,,,,,,,,,,not_in_valid_tracks,,,,,,,,
1780297626.653882,,,TargetSwitch,432,,,,,,,,,,,,,,master_lost,,,,,,,,
1780297626.653882,,,UI_STATUS_SEND,432,,,,337.846282,157.846282,5.315224,,,,,,3,0,,432,1,-1,26.430000,mono,,,
1780297626.792849,,no_packet,TRACK_DELETE,431,,,,354.772278,,8.642357,,,,6.266503,3.432955,0,12,,,,,,,,,
1780297627.017951,,,MATCH_ACCEPT,432,0,337.817566,5.315417,337.835376,,5.335209,0.026626,8.342625,2.895084,5.916377,2.465132,3,6,,,,,,,,,
1780297627.017951,,,UI_STATUS_SEND,432,,,,337.826715,157.826715,5.323095,,,,,,4,0,,432,1,-1,26.430000,mono,,,
1780297627.857808,,no_packet,TRACK_DELETE,432,,,,337.796066,,5.359365,,,,11.077564,5.875981,4,12,,,,,,,,,
1780297629.395076,,,NEW_TRACK,433,0,335.197123,6.837083,,,,,,,1.000000,1.000000,1,0,,,,,,,,,
1780297629.395076,,,TargetLost,432,,,,,,,,,,,,,,not_in_valid_tracks,,,,,,,,
1780297630.010042,,,MATCH_ACCEPT,433,0,337.826680,5.214583,335.197123,,6.837083,3.089835,8.938046,3.292031,5.418733,5.418733,1,9,,,,,,,,,
1780297630.010042,,,TargetLost,432,,,,,,,,,,,,,,not_in_valid_tracks,,,,,,,,
1780297630.295223,,,MATCH_ACCEPT,433,0,342.552592,7.414583,336.844543,,5.138065,6.145271,8.403417,2.935611,5.846516,2.771296,2,5,,,,,,,,,
1780297630.295223,,,TargetLost,432,,,,,,,,,,,,,,not_in_valid_tracks,,,,,,,,
1780297630.295223,,,TargetSwitch,433,,,,,,,,,,,,,,master_lost,,,,,,,,
1780297630.295223,,,UI_STATUS_SEND,433,,,,339.603370,159.603370,6.593811,,,,,,3,0,,433,1,-1,25.150000,mono,,,
1780297630.636579,,,MATCH_ACCEPT,433,0,346.335144,8.775833,341.068997,,6.630698,5.686291,8.410377,2.940251,6.103570,2.541506,3,5,,,,,,,,,
1780297630.636579,,,UI_STATUS_SEND,433,,,,343.670860,163.670860,7.959126,,,,,,4,0,,433,1,-1,47.250000,mono,,,
1780297631.206924,,,MATCH_ACCEPT,433,0,343.882979,10.393750,347.405454,,8.828000,3.854789,9.233441,3.488961,8.315983,3.856865,4,9,,,,,,,,,
1780297631.206924,,,UI_STATUS_SEND,433,,,,345.394410,165.394410,9.942316,,,,,,5,0,,433,1,-1,25.150000,mono,,,
1780297631.309424,,,MATCH_REJECT,433,0,337.826680,5.232917,345.920426,,10.199148,9.495903,7.573172,2.382115,4.228733,1.445738,5,2,,,,,,,,,
1780297631.309424,,,NEW_TRACK,434,0,337.826680,5.232917,,,,,,,1.000000,1.000000,1,0,,,,,,,,,
1780297631.309424,,,TargetLost,433,,,,,,,,,,,,,,not_in_valid_tracks,,,,,,,,
1780297631.524641,,,MATCH_ACCEPT,433,0,352.984754,13.313333,347.024888,,10.738411,6.492321,8.321626,2.881084,5.925933,2.374711,4,6,,,,,,,,,
1780297631.524641,,,UI_STATUS_SEND,433,,,,349.925509,169.925509,12.291464,,,,,,5,0,,433,1,-1,26.430000,mono,,,
1780297631.997393,,,MATCH_ACCEPT,434,0,337.817566,5.242083,337.826680,,5.232917,0.012927,9.445396,3.630264,6.589409,6.589409,0,11,,,,,,,,,
1780297631.997393,,,TargetLost,433,,,,,,,,,,,,,,not_in_valid_tracks,,,,,,,,
1780297632.350948,,no_packet,TRACK_DELETE,433,,,,355.790795,,15.498465,,,,10.380579,5.570426,4,12,,,,,,,,,
1780297632.672516,,,MATCH_ACCEPT,434,0,337.831237,5.210000,337.818371,,5.246078,0.038303,10.499607,4.333072,12.455329,6.320179,1,10,,,,,,,,,
1780297632.672443,,,TargetLost,433,,,,,,,,,,,,,,not_in_valid_tracks,,,,,,,,
1780297633.500471,,no_packet,TRACK_DELETE,434,,,,337.827887,,5.203311,,,,13.859817,6.403023,2,12,,,,,,,,,
1780297633.590371,,,NEW_TRACK,435,0,338.282409,4.288750,,,,,,,1.000000,1.000000,1,0,,,,,,,,,
1780297633.590371,,,TargetLost,433,,,,,,,,,,,,,,not_in_valid_tracks,,,,,,,,
1780297634.069687,,,MATCH_ACCEPT,435,0,337.881368,5.315417,338.282409,,4.288750,1.102215,8.098185,2.732123,3.732249,3.732249,1,7,,,,,,,,,
1780297634.069687,,,TargetLost,433,,,,,,,,,,,,,,not_in_valid_tracks,,,,,,,,
1780297634.902568,,no_packet,TRACK_DELETE,435,,,,337.962514,,5.832691,,,,14.837133,9.214230,2,12,,,,,,,,,
1780297635.117603,,,NEW_TRACK,436,0,338.300639,4.279583,,,,,,,1.000000,1.000000,1,0,,,,,,,,,
1780297635.117603,,,TargetLost,433,,,,,,,,,,,,,,not_in_valid_tracks,,,,,,,,
1780297635.956048,,no_packet,TRACK_DELETE,436,,,,338.300639,,4.279583,,,,9.124116,9.124116,1,12,,,,,,,,,
1780297637.111377,,,NEW_TRACK,437,0,337.840352,5.242083,,,,,,,1.000000,1.000000,1,0,,,,,,,,,
1780297637.111377,,,TargetLost,433,,,,,,,,,,,,,,not_in_valid_tracks,,,,,,,,
1780297637.711990,,,MATCH_ACCEPT,437,0,337.863139,5.269583,337.840352,,5.242083,0.035714,8.851436,3.234291,5.230319,5.230319,1,9,,,,,,,,,
1780297637.711990,,,TargetLost,433,,,,,,,,,,,,,,not_in_valid_tracks,,,,,,,,
1780297638.545995,,no_packet,TRACK_DELETE,437,,,,337.861437,,5.285090,,,,15.479819,8.696593,2,12,,,,,,,,,
1780297641.212606,,,NEW_TRACK,438,0,337.835795,5.232917,,,,,,,1.000000,1.000000,1,0,,,,,,,,,
1780297641.212606,,,TargetLost,433,,,,,,,,,,,,,,not_in_valid_tracks,,,,,,,,
1780297641.579702,,,MATCH_ACCEPT,438,0,337.854024,5.269583,337.835795,,5.232917,0.040948,7.473987,2.315992,2.681909,2.681909,1,6,,,,,,,,,
1780297641.579702,,,TargetLost,433,,,,,,,,,,,,,,not_in_valid_tracks,,,,,,,,
1780297642.416339,,no_packet,TRACK_DELETE,438,,,,337.847804,,5.283748,,,,14.139218,9.858355,2,12,,,,,,,,,
1780297644.268434,,,NEW_TRACK,439,0,337.854024,5.269583,,,,,,,1.000000,1.000000,1,0,,,,,,,,,
1780297644.268434,,,TargetLost,433,,,,,,,,,,,,,,not_in_valid_tracks,,,,,,,,
1780297645.019336,,,MATCH_ACCEPT,439,0,337.872253,5.315417,337.854024,,5.269583,0.049325,9.825828,3.883885,7.542283,7.542283,1,11,,,,,,,,,
1780297645.019336,,,TargetLost,433,,,,,,,,,,,,,,not_in_valid_tracks,,,,,,,,
1780297645.858159,,no_packet,TRACK_DELETE,439,,,,337.873140,,5.342392,,,,15.895252,8.086666,2,12,,,,,,,,,
1780297646.683740,,,NEW_TRACK,440,0,337.835795,5.324583,,,,,,,1.000000,1.000000,1,0,,,,,,,,,
1780297646.683740,,,TargetLost,433,,,,,,,,,,,,,,not_in_valid_tracks,,,,,,,,
1780297647.510362,,no_packet,TRACK_DELETE,440,,,,337.835795,,5.324583,,,,8.919422,8.919422,1,12,,,,,,,,,
1780297649.559067,,,NEW_TRACK,441,0,338.268737,3.848750,,,,,,,1.000000,1.000000,1,0,,,,,,,,,
1780297649.559067,,,TargetLost,433,,,,,,,,,,,,,,not_in_valid_tracks,,,,,,,,
1780297649.922627,,,MATCH_ACCEPT,441,0,337.885925,5.310833,338.268737,,3.848750,1.511368,7.455554,2.303703,2.653524,2.653524,1,6,,,,,,,,,
1780297649.922343,,,TargetLost,433,,,,,,,,,,,,,,not_in_valid_tracks,,,,,,,,
1780297650.735332,,no_packet,TRACK_DELETE,441,,,,338.022227,,5.837046,,,,13.585036,9.480160,2,12,,,,,,,,,
1780297652.115791,,,NEW_TRACK,442,0,337.881368,5.205417,,,,,,,1.000000,1.000000,1,0,,,,,,,,,
1780297652.115791,,,TargetLost,433,,,,,,,,,,,,,,not_in_valid_tracks,,,,,,,,
1780297652.647059,,,MATCH_ACCEPT,442,0,337.826680,5.278750,337.881368,,5.205417,0.091480,8.419940,2.946627,4.341304,4.341304,1,8,,,,,,,,,
1780297652.647059,,,TargetLost,433,,,,,,,,,,,,,,not_in_valid_tracks,,,,,,,,
1780297653.415645,,,MATCH_ACCEPT,442,0,338.309753,4.284167,337.836439,,5.313500,1.132940,11.006263,4.670842,13.746367,8.070401,2,12,,,,,,,,,
1780297653.415645,,,TargetLost,433,,,,,,,,,,,,,,not_in_valid_tracks,,,,,,,,
1780297653.415645,,,TargetSwitch,442,,,,,,,,,,,,,,master_lost,,,,,,,,
1780297653.415645,,,UI_STATUS_SEND,442,,,,338.161815,158.161815,4.451129,,,,,,3,0,,442,1,-1,26.430000,mono,,,
1780297653.500779,,,MATCH_REJECT,442,0,31.608405,11.101875,338.180905,,4.393355,53.847023,7.862946,2.575297,5.004450,1.627707,3,2,,,,,,,,,
1780297653.500779,,,NEW_TRACK,443,0,31.608405,11.101875,,,,,,,1.000000,1.000000,1,0,,,,,,,,,
1780297653.500779,,,TargetLost,442,,,,,,,,,,,,,,not_in_valid_tracks,,,,,,,,
1780297653.667763,,,MATCH_ACCEPT,442,0,337.863139,5.232917,338.218349,,4.280034,1.016937,8.486747,2.991164,6.581085,2.365980,2,5,,,,,,,,,
1780297653.667763,,,UI_STATUS_SEND,442,,,,338.036161,158.036161,4.853920,,,,,,3,0,,442,1,-1,26.430000,mono,,,
1780297654.288018,,no_packet,TRACK_DELETE,443,,,,31.608405,,11.101875,,,,8.255381,8.255381,0,12,,,,,,,,,
1780297654.489275,,no_packet,TRACK_DELETE,442,,,,338.112097,,4.715311,,,,11.093661,5.626206,3,12,,,,,,,,,
1780297654.597707,,,NEW_TRACK,444,0,337.844909,5.242083,,,,,,,1.000000,1.000000,1,0,,,,,,,,,
1780297654.597707,,,TargetLost,442,,,,,,,,,,,,,,not_in_valid_tracks,,,,,,,,
1780297654.628890,,,MATCH_REJECT,444,0,27.855475,13.223958,337.844909,,5.242083,50.643529,6.183748,1.455832,1.059724,1.059724,1,1,,,,,,,,,
1780297654.628890,,,NEW_TRACK,445,0,27.855475,13.223958,,,,,,,1.000000,1.000000,1,0,,,,,,,,,
1780297654.628890,,,TargetLost,442,,,,,,,,,,,,,,not_in_valid_tracks,,,,,,,,
1780297654.926775,,,MATCH_ACCEPT,444,0,337.835795,5.214583,337.844909,,5.242083,0.028971,7.298409,2.198939,2.417667,2.417667,0,6,,,,,,,,,
1780297654.926699,,,TargetLost,442,,,,,,,,,,,,,,not_in_valid_tracks,,,,,,,,
1780297655.407315,,no_packet,TRACK_DELETE,445,,,,27.855475,,13.223958,,,,8.091328,8.091328,0,12,,,,,,,,,
1780297655.755707,,no_packet,TRACK_DELETE,444,,,,337.839358,,5.205611,,,,13.706854,9.920622,1,12,,,,,,,,,
1780297656.047245,,,NEW_TRACK,446,0,338.264180,3.848750,,,,,,,1.000000,1.000000,1,0,,,,,,,,,
1780297656.047245,,,TargetLost,442,,,,,,,,,,,,,,not_in_valid_tracks,,,,,,,,
1780297656.886012,,no_packet,TRACK_DELETE,446,,,,338.264180,,3.848750,,,,9.129361,9.129361,1,12,,,,,,,,,
1780297656.934190,,,NEW_TRACK,447,0,337.822123,5.237500,,,,,,,1.000000,1.000000,1,0,,,,,,,,,
1780297656.934190,,,TargetLost,442,,,,,,,,,,,,,,not_in_valid_tracks,,,,,,,,
1780297657.770123,,no_packet,TRACK_DELETE,447,,,,337.822123,,5.237500,,,,9.077854,9.077854,1,12,,,,,,,,,
1780297660.385855,,,NEW_TRACK,448,0,337.831237,5.237500,,,,,,,1.000000,1.000000,1,0,,,,,,,,,
1780297660.385855,,,TargetLost,442,,,,,,,,,,,,,,not_in_valid_tracks,,,,,,,,
1780297661.206462,,no_packet,TRACK_DELETE,448,,,,337.831237,,5.237500,,,,8.808995,8.808995,1,12,,,,,,,,,
1780297663.637480,,,NEW_TRACK,449,0,337.863139,5.278750,,,,,,,1.000000,1.000000,1,0,,,,,,,,,
1780297663.637480,,,TargetLost,442,,,,,,,,,,,,,,not_in_valid_tracks,,,,,,,,
1780297663.872024,,,MATCH_REJECT,449,0,346.758972,3.825833,337.863139,,5.278750,9.013702,6.812273,1.874848,1.757528,1.757528,1,4,,,,,,,,,
1780297663.872024,,,NEW_TRACK,450,0,346.758972,3.825833,,,,,,,1.000000,1.000000,1,0,,,,,,,,,
1780297663.872024,,,TargetLost,442,,,,,,,,,,,,,,not_in_valid_tracks,,,,,,,,
1780297663.974470,,,MATCH_ACCEPT,449,0,337.881368,5.205417,337.863139,,5.278750,0.075565,7.329507,2.219672,2.463471,2.463471,0,6,,,,,,,,,
1780297663.974470,,,TargetLost,442,,,,,,,,,,,,,,not_in_valid_tracks,,,,,,,,
1780297664.299052,,,MATCH_ACCEPT,449,0,340.160014,5.333750,337.870680,,5.213089,2.292511,8.156683,2.771122,4.707716,2.971400,1,5,,,,,,,,,
1780297664.299052,,,TargetLost,442,,,,,,,,,,,,,,not_in_valid_tracks,,,,,,,,
1780297664.645499,,no_packet,TRACK_DELETE,450,,,,346.758972,,3.825833,,,,8.027613,8.027613,0,12,,,,,,,,,
1780297665.137717,,no_packet,TRACK_DELETE,449,,,,339.879797,,5.330503,,,,14.759894,8.288755,2,12,,,,,,,,,
